flexeme	lexeme	lila_lemma	wikibase_entry
a0010_1	a0010	86835	L3
a0015_2	a0015	86840	L4
a0015_3	a0015	86840	L5
a0018_5	a0018	86843	L6
a0021_6	a0021	86847	L7
a0021_7	a0021	86847	L8
a0022_8	a0022	86848	L9
a0027_9	a0027	86853	L10
a0030_10	a0030	86856	L11
a0030_11	a0030	86856	L12
a0034_12	a0034	86860	L13
a0035_13	a0035	86861	L14
a0038_14	a0038	86865	L15
a0038_15	a0038	86864	L16
a0040_17	a0040	86867	L17
a0040_18	a0040	86867	L18
a0042_19	a0042	86872	L19
a0043_20	a0043	86873	L20
a0044_23	a0044	86874	L21
a0046_24	a0046	86876	L22
a0047_25	a0047	86877	L23
a0048_26	a0048	86878	L24
a0050_27	a0050	86880	L25
a0050_sc_28	a0050_sc	86881	L26
a0053_30	a0053	86884	L28
a0061_31	a0061	86893	L29
a0063_32	a0063	86895	L30
a0063_33	a0063	86895	L31
a0066_34	a0066	86898	L32
a0066_35	a0066	86898	L33
a0066_36	a0066	86898	L34
a0067_37	a0067	86899	L35
a0068_38	a0068	86900	L36
a0069_39	a0069	86901	L37
a0072_40	a0072	86904	L38
a0073_41	a0073	86905	L39
a0075_42	a0075	86907	L40
a0077_43	a0077	86909	L41
a0077_44	a0077	86909	L42
a0083_45	a0083	86916	L43
a0085_46	a0085	86918	L44
a0086_47	a0086	86919	L45
a0086_48	a0086	86919	L46
a0086_49	a0086	86919	L47
a0086_50	a0086	86919	L48
a0089_51	a0089	86922	L49
a0090_52	a0090	86923	L50
a0091_53	a0091	86924	L51
a0097_54	a0097	86930	L52
a0101_55	a0101	86934	L53
a0101_56	a0101	86934	L54
a0104_57	a0104	86937	L55
a0105_58	a0105	86939	L56
a0105_59	a0105	86938	L57
a0110_60	a0110	86944	L58
a0111_61	a0111	86946	L59
a0111_62	a0111	86945	L60
a0113_63	a0113	86948	L61
a0114_64	a0114	86949	L62
a0116_65	a0116	86951	L63
a0116_66	a0116	86951	L64
a0116_67	a0116	86951	L65
a0122_68	a0122	86958	L66
a0127_71	a0127	86963	L68
a0127_72	a0127	86963	L69
a0130_73	a0130	86968	L70
a0133_74	a0133	86971	L71
a0136_75	a0136	86974	L72
a0139_76	a0139	86977	L73
a0140_77	a0140	86978	L74
a0141_78	a0141	86979	L75
a0143_79	a0143	86981	L76
a0144_80	a0144	86982	L77
a0145_81	a0145	86983	L78
a0147_82	a0147	86985	L79
a0147_83	a0147	86985	L80
a0149_84	a0149	86987	L81
a0149_85	a0149	86987	L82
a0150_86	a0150	86988	L83
a0155_87	a0155	86994	L84
a0155_88	a0155	86994	L85
a0155_89	a0155	86994	L86
a0155_90	a0155	86994	L87
a0155_91	a0155	86994	L88
a0155_92	a0155	86994	L89
a0155_93	a0155	86994	L90
a0155_94	a0155	86994	L91
a0162_95	a0162	87001	L92
a0164_96	a0164	87003	L93
a0165_97	a0165	87004	L94
a0169_98	a0169	87008	L95
a0172_99	a0172	87011	L96
a0178_100	a0178	87018	L97
a0178_101	a0178	87018	L98
a0179_102	a0179	87019	L99
a0179_103	a0179	87019	L100
a0181_104	a0181	87021	L101
a0181_105	a0181	87021	L102
a0181_106	a0181	87021	L103
a0181_107	a0181	87021	L104
a0187_112	a0187	87027	L105
a0187_113	a0187	87027	L106
a0188_114	a0188	87028	L107
a0188_115	a0188	87028	L108
a0191_116	a0191	87031	L109
a0191_117	a0191	87031	L110
a0191_118	a0191	87031	L111
a0191_119	a0191	87031	L112
a0192_120	a0192	87032	L113
a0192_121	a0192	87032	L114
a0193_122	a0193	87033	L115
a0195_123	a0195	87035	L116
a0195_124	a0195	87035	L117
a0196_125	a0196	87036	L118
a0196_126	a0196	87036	L119
a0199_127	a0199	87039	L120
a0200_128	a0200	87040	L121
a0202_131	a0202	87042	L122
a0202_132	a0202	87042	L123
a0202_133	a0202	87042	L124
a0202_134	a0202	87042	L125
a0209_135	a0209	87050	L126
a0212_136	a0212	87053	L127
a0236_138	a0236	87079	L129
a0237_139	a0237	87080	L130
a0238_140	a0238	87081	L131
a0238_141	a0238	87081	L132
a0238_142	a0238	87081	L133
a0217_137	a0217	87058	L136
a0240_144	a0240	87084	L138
a0240_145	a0240	87084	L139
a0240_146	a0240	87084	L140
a0240_147	a0240	87084	L141
a0243_148	a0243	87087	L142
a0243_149	a0243	87087	L143
a0245_150	a0245	87089	L144
a0247_151	a0247	87091	L145
a0257_152	a0257	87101	L146
a0258_153	a0258	87102	L147
a0266_154	a0266	87110	L148
a0268_155	a0268	87112	L149
a0268_156	a0268	87112	L150
a0268_157	a0268	87112	L151
a0052_29	a0052	86883	L152
a0125_69	a0125	86961	L153
a0238_143	a0238	87081	L154
a0269_158	a0269	87113	L155
a0272_159	a0272	87116	L156
a0272_160	a0272	87116	L157
a0274_161	a0274	87118	L158
a0274_162	a0274	87118	L159
a0275_163	a0275	87119	L160
a0278_164	a0278	87122	L161
a0281_165	a0281	87125	L162
a0283_166	a0283	87127	L163
a0283_167	a0283	87127	L164
a0284_168	a0284	87128	L165
a0284_169	a0284	87128	L166
a0288_170	a0288	87132	L167
a0288_171	a0288	87132	L168
a0291_172	a0291	87136	L169
a0291_173	a0291	87136	L170
a0294_174	a0294	87139	L171
a0294_175	a0294	87139	L172
a0298_176	a0298	87143	L173
a0298_177	a0298	87143	L174
a0298_178	a0298	87143	L175
a0298_179	a0298	87143	L176
a0300_180	a0300	87145	L177
a0300_181	a0300	87145	L178
a0301_182	a0301	87146	L179
a0301_183	a0301	87146	L180
a0303_184	a0303	87148	L181
a0303_185	a0303	87148	L182
a0311_186	a0311	87156	L183
a0311_187	a0311	87156	L184
a0313_188	a0313	87158	L185
a0313_189	a0313	87158	L186
a0314_190	a0314	87159	L187
a0314_191	a0314	87159	L188
a0317_192	a0317	87162	L189
a0317_193	a0317	87162	L190
a0320_194	a0320	87165	L191
a0320_195	a0320	87165	L192
a0321_196	a0321	87166	L193
a0321_197	a0321	87166	L194
a0328_200	a0328	87174	L195
a0329_201	a0329	87175	L196
a0329_202	a0329	87175	L197
a0331_203	a0331	87177	L198
a0333_204	a0333	87179	L199
a0333_sc_205	a0333_sc	87180	L200
a0333_sc_206	a0333_sc	87180	L201
a0342_207	a0342	87190	L202
a0352_208	a0352	87200	L203
a0354_209	a0354	87202	L204
a0358_210	a0358	87208	L205
a0358_sc_211	a0358_sc	87209	L206
a0400_212	a0400	87254	L207
a0406_213	a0406	87263	L208
a0406_214	a0406	87263	L209
a0407_217	a0407	87264	L210
a0407_218	a0407	87264	L211
a0445_221	a0445	87306	L212
a0463_222	a0463	87326	L213
a0464_223	a0464	87327	L214
a0471_224	a0471	87336	L215
a0471_225	a0471	87336	L216
a0483_226	a0483	87348	L217
a0485_227	a0485	87350	L218
a0486_228	a0486	87351	L219
a0487_229	a0487	87352	L220
a0491_230	a0491	87356	L221
a0492_231	a0492	87357	L222
a0498_232	a0498	87363	L223
a0500_233	a0500	87365	L224
a0501_234	a0501	87366	L225
a0502_235	a0502	87367	L226
a0505_236	a0505	87370	L227
a0506_237	a0506	87372	L228
a0508_238	a0508	87374	L229
a0509_239	a0509	87375	L230
a0511_240	a0511	87377	L231
a0512_241	a0512	87378	L232
a0513_242	a0513	87379	L233
a0516_243	a0516	87382	L234
a0516_244	a0516	87382	L235
a0517_245	a0517	87383	L236
a0518_246	a0518	87384	L237
a0519_247	a0519	87385	L238
a0519_248	a0519	87385	L239
a0521_249	a0521	87387	L240
a0522_250	a0522	87388	L241
a0525_251	a0525	87391	L242
a0526_252	a0526	87392	L243
a0527_253	a0527	87393	L244
a0530_254	a0530	87396	L245
a0535_255	a0535	87401	L246
a0536_256	a0536	87402	L247
a0537_257	a0537	87404	L248
a0537_sc_258	a0537_sc	87403	L249
a0541_259	a0541	87409	L250
a0542_260	a0542	87410	L251
a0545_261	a0545	87413	L252
a0546_262	a0546	87414	L253
a0553_263	a0553	87421	L254
a0556_266	a0556	87424	L255
a0557_267	a0557	87425	L256
a0559_268	a0559	87427	L257
a0560_269	a0560	87428	L258
a0560_270	a0560	87428	L259
a0560_271	a0560	87428	L260
a0560_272	a0560	87428	L261
a0561_273	a0561	87429	L262
a0564_274	a0564	87432	L263
a0565_275	a0565	87433	L264
a0567_276	a0567	87435	L265
a0567_277	a0567	87435	L266
a0573_278	a0573	87441	L267
a0574_279	a0574	87442	L268
a0577_280	a0577	87445	L270
a0585_281	a0585	87453	L271
a0586_282	a0586	87454	L272
a0586_283	a0586	87454	L273
a0588_284	a0588	87456	L274
a0589_285	a0589	87457	L275
a0592_286	a0592	87460	L276
a0593_287	a0593	87461	L277
a0594_288	a0594	87462	L278
a0595_289	a0595	87463	L279
a0596_290	a0596	87464	L280
a0597_291	a0597	87465	L281
a0598_292	a0598	87466	L282
a0599_293	a0599	87467	L283
a0600_294	a0600	87468	L284
a0603_295	a0603	87471	L285
a0607_296	a0607	87476	L286
a0614_297	a0614	87484	L287
a0615_298	a0615	87485	L288
a0617_299	a0617	87487	L289
a0617_300	a0617	87487	L290
a0618_301	a0618	87488	L291
a0623_302	a0623	87493	L292
a0628_303	a0628	87498	L293
a0630_304	a0630	87501	L294
a0630_305	a0630	87501	L295
a0630_306	a0630	87501	L296
a0639_307	a0639	87510	L297
a0639_308	a0639	87510	L298
a0641_311	a0641	87512	L301
a0643_312	a0643	87514	L302
a0645_313	a0645	87516	L303
a0646_314	a0646	87517	L304
a0647_315	a0647	87518	L305
a0648_316	a0648	87519	L306
a0653_317	a0653	87525	L307
a0662_318	a0662	87535	L308
a0662_319	a0662	87535	L309
a0668_320	a0668	87542	L310
a0668_321	a0668	87542	L311
a0669_322	a0669	87543	L312
a0676_324	a0676	87551	L313
a0676_325	a0676	87551	L314
a0679_326	a0679	87554	L315
a0680_327	a0680	87556	L316
a0682_328	a0682	87558	L317
a0682_329	a0682	87558	L318
a0683_330	a0683	87559	L319
a0684_331	a0684	87560	L320
a0684_332	a0684	87560	L321
a0690_333	a0690	87566	L322
a0692_336	a0692	87568	L323
a0692_337	a0692	87568	L324
a0693_340	a0693	87569	L325
a0693_341	a0693	87569	L326
a0694_342	a0694	87570	L327
a0695_343	a0695	87571	L328
a0697_344	a0697	87574	L329
a0698_345	a0698	87575	L330
a0699_346	a0699	87576	L331
a0700_347	a0700	87577	L332
a0700_348	a0700	87577	L333
a0701_349	a0701	87578	L334
a0701_350	a0701	87578	L335
a0703_351	a0703	87580	L336
a0703_352	a0703	87580	L337
a0704_353	a0704	87581	L338
a0707_354	a0707	87584	L339
a0707_355	a0707	87584	L340
a0708_356	a0708	87585	L341
a0708_357	a0708	87585	L342
a0709_360	a0709	87586	L343
a0709_361	a0709	87586	L344
a0710_362	a0710	87587	L345
a0710_363	a0710	87587	L346
a0710_364	a0710	87587	L347
a0716_365	a0716	87594	L348
a0716_366	a0716	87594	L349
a0717_367	a0717	87595	L350
a0717_368	a0717	87595	L351
a0718_369	a0718	87596	L352
a0718_370	a0718	87596	L353
a0719_371	a0719	87597	L354
a0719_372	a0719	87597	L355
a0721_373	a0721	87599	L356
a0721_374	a0721	87599	L357
a0722_375	a0722	87600	L358
a0722_376	a0722	87600	L359
a0723_377	a0723	87601	L360
a0723_378	a0723	87601	L361
a0724_379	a0724	87602	L363
a0727_380	a0727	87605	L364
a0727_381	a0727	87605	L365
a0727_382	a0727	87605	L366
a0727_383	a0727	87605	L367
a0729_384	a0729	87607	L368
a0730_385	a0730	87608	L369
a0732_386	a0732	87610	L370
a0733_387	a0733	87611	L371
a0740_388	a0740	87620	L372
a0740_389	a0740	87620	L373
a0748_390	a0748	87628	L374
a0751_391	a0751	87632	L375
a0752_393	a0752	87633	L376
a0753_394	a0753	87634	L377
a0754_395	a0754	87635	L378
a0757_396	a0757	87638	L379
a0757_397	a0757	87638	L380
a0758_398	a0758	87639	L381
a0758_399	a0758	87639	L382
a0759_400	a0759	87640	L383
a0760_401	a0760	87641	L384
a0760_402	a0760	87641	L385
a0761_403	a0761	87642	L386
a0764_405	a0764	87645	L387
a0766_406	a0766	87647	L388
a0766_407	a0766	87647	L389
a0768_408	a0768	87649	L390
a0770_409	a0770	87652	L391
a0772_410	a0772	87654	L392
a0772_411	a0772	87654	L393
a0774_412	a0774	87657	L394
a0777_413	a0777	87661	L395
a0780_414	a0780	87664	L396
a0781_415	a0781	87665	L397
a0792_416	a0792	87676	L398
a0792_417	a0792	87676	L399
a0793_418	a0793	87677	L400
a0793_419	a0793	87677	L401
a0796_420	a0796	87682	L402
a0796_421	a0796	87682	L403
a0799_423	a0799	87685	L404
a0800_424	a0800	87686	L405
a0807_425	a0807	87693	L406
a0807_426	a0807	87693	L407
a0809_427	a0809	87695	L408
a0809_428	a0809	87695	L409
a0810_429	a0810	87697	L410
a0811_430	a0811	87698	L411
a0820_431	a0820	87710	L412
a0822_432	a0822	87712	L413
a0829_433	a0829	87719	L414
a0829_434	a0829	87719	L415
a0831_435	a0831	87721	L416
a0832_436	a0832	87722	L417
a0832_437	a0832	87722	L418
a0833_438	a0833	87723	L419
a0835_439	a0835	87725	L420
a0836_440	a0836	87726	L421
a0841_441	a0841	87732	L422
a0852_442	a0852	87744	L423
a0860_443	a0860	87752	L424
a0860_444	a0860	87752	L425
a0862_445	a0862	87755	L426
a0880_446	a0880	87780	L427
a0880_sc_447	a0880_sc	87781	L428
a0890_448	a0890	87792	L429
a0890_449	a0890	87792	L430
a0900_450	a0900	87804	L431
a0940_451	a0940	87847	L432
a0951_452	a0951	87859	L433
a0951_453	a0951	87859	L434
a0961_454	a0961	87869	L435
a0985_455	a0985	87899	L436
a0994_456	a0994	87908	L437
a1003_457	a1003	87917	L438
a1014_458	a1014	87928	L439
a1025_459	a1025	87940	L440
a1025_460	a1025	87940	L441
a1028_462	a1028	87943	L442
a1034_463	a1034	87951	L443
a1042_464	a1042	87960	L444
a1054_465	a1054	87974	L445
a1064_466	a1064	87985	L446
a1064_467	a1064	87985	L447
a1076_468	a1076	87998	L448
a1076_469	a1076	87998	L449
a1079_470	a1079	88001	L450
a1079_471	a1079	88001	L451
a1079_472	a1079	88001	L452
a1079_473	a1079	88001	L453
a1079_474	a1079	88001	L454
a1079_475	a1079	88001	L455
a1080_479	a1080	88002	L456
a1080_480	a1080	88002	L457
a1081_481	a1081	88003	L458
a1081_482	a1081	88003	L459
a1084_483	a1084	88006	L460
a1084_484	a1084	88006	L461
a1085_485	a1085	88007	L462
a1085_486	a1085	88007	L463
a1087_487	a1087	88009	L464
a1087_488	a1087	88009	L465
a1093_489	a1093	88015	L466
a1093_490	a1093	88015	L467
a1098_491	a1098	88020	L468
a1098_492	a1098	88020	L469
a1099_493	a1099	88021	L470
a1099_494	a1099	88021	L471
a1101_495	a1101	88023	L472
a1101_496	a1101	88023	L473
a1104_497	a1104	88026	L474
a1104_498	a1104	88026	L475
a1105_501	a1105	88027	L476
a1105_502	a1105	88027	L477
a1108_503	a1108	88030	L478
a1108_504	a1108	88030	L479
a1111_505	a1111	88033	L480
a1111_506	a1111	88033	L481
a1112_509	a1112	88034	L482
a1113_510	a1113	88035	L483
a1113_511	a1113	88035	L484
a1114_512	a1114	88036	L485
a1114_513	a1114	88036	L486
a1114_514	a1114	88036	L487
a1114_515	a1114	88036	L488
a1115_516	a1115	88037	L489
a1115_517	a1115	88037	L490
a1116_518	a1116	88038	L491
a1116_519	a1116	88038	L492
a1116_520	a1116	88038	L493
a1116_521	a1116	88038	L494
a1117_522	a1117	88039	L495
a1117_523	a1117	88039	L496
a1118_524	a1118	88040	L497
a1118_525	a1118	88040	L498
a1119_526	a1119	88041	L499
a1119_527	a1119	88041	L500
a1120_528	a1120	88042	L501
a1120_529	a1120	88042	L502
a1122_530	a1122	88044	L503
a1122_531	a1122	88044	L504
a1122_532	a1122	88044	L505
a1139_533	a1139	88063	L506
a1139_534	a1139	88063	L507
a1140_535	a1140	88064	L508
a1140_536	a1140	88064	L509
a1141_537	a1141	88065	L510
a1141_538	a1141	88065	L511
a1142_539	a1142	88066	L512
a1142_540	a1142	88066	L513
a1144_541	a1144	88068	L514
a1144_542	a1144	88068	L515
a1149_543	a1149	88073	L516
a1149_544	a1149	88073	L517
a1150_545	a1150	88074	L518
a1150_546	a1150	88074	L519
a1152_547	a1152	88076	L520
a1152_548	a1152	88076	L521
a1154_549	a1154	88078	L522
a1154_550	a1154	88078	L523
a1156_551	a1156	88080	L524
a1156_552	a1156	88080	L525
a1157_553	a1157	88081	L526
a1157_554	a1157	88081	L527
a1158_555	a1158	88083	L528
a1158_557	a1158	88083	L529
a1164_559	a1164	88091	L530
a1164_560	a1164	88091	L531
a1169_561	a1169	88096	L532
a1176_562	a1176	88103	L533
a1183_563	a1183	88110	L534
a1183_564	a1183	88110	L535
a1183_565	a1183	88110	L536
a1183_566	a1183	88110	L537
a1188_567	a1188	88116	L538
a1188_568	a1188	88116	L539
a1204_569	a1204	88134	L540
a1204_570	a1204	88134	L541
a1204_571	a1204	88134	L542
a1204_572	a1204	88134	L543
a1204_573	a1204	88134	L544
a1204_574	a1204	88134	L545
a1208_575	a1208	88140	L546
a1216_576	a1216	88152	L547
a1236_577	a1236	88177	L548
a1250_578	a1250	88191	L549
a1267_579	a1267	88211	L550
a1282_580	a1282	88232	L551
a1282_581	a1282	88232	L552
a1285_582	a1285	88236	L553
a1290_583	a1290	88242	L554
a1299_584	a1299	88251	L555
a1333_585	a1333	88293	L556
a1333_586	a1333	88293	L557
a1337_587	a1337	88297	L558
a1337_sc_588	a1337_sc	88298	L559
a1359_589	a1359	88326	L560
a1362_590	a1362	88329	L561
a1378_591	a1378	88348	L562
a1378_592	a1378	88348	L563
a1379_593	a1379	88349	L564
a1384_594	a1384	88354	L565
a1384_595	a1384	88354	L566
a1385_596	a1385	88355	L567
a1385_597	a1385	88355	L568
a1386_598	a1386	88356	L569
a1386_599	a1386	88356	L570
a1387_600	a1387	88357	L571
a1387_601	a1387	88357	L572
a1388_602	a1388	88358	L573
a1388_603	a1388	88358	L574
a1390_604	a1390	88360	L575
a1390_605	a1390	88360	L576
a1392_606	a1392	88362	L577
a1392_607	a1392	88362	L578
a1393_608	a1393	88363	L579
a1393_609	a1393	88363	L580
a1393_610	a1393	88363	L581
a1393_611	a1393	88363	L582
a1398_612	a1398	88368	L583
a1398_613	a1398	88368	L584
a1403_614	a1403	88373	L585
a1403_615	a1403	88373	L586
a1404_616	a1404	88374	L587
a1404_617	a1404	88374	L588
a1408_618	a1408	88378	L589
a1414_619	a1414	88384	L590
a1414_620	a1414	88384	L591
a1415_621	a1415	88385	L592
a1415_622	a1415	88385	L593
a1415_623	a1415	88385	L594
a1415_624	a1415	88385	L595
a1416_625	a1416	88386	L596
a1416_626	a1416	88386	L597
a1417_627	a1417	88388	L598
a1417_628	a1417	88388	L599
a1417_629	a1417	88387	L600
a1417_630	a1417	88388	L601
a1417_631	a1417	88388	L602
a1417_632	a1417	88387	L603
a1418_633	a1418	88389	L604
a1418_634	a1418	88389	L605
a1424_635	a1424	88395	L606
a1424_636	a1424	88395	L607
a1425_637	a1425	88396	L608
a1425_638	a1425	88396	L609
a1426_639	a1426	88397	L610
a1426_640	a1426	88397	L611
a1428_641	a1428	88399	L612
a1428_642	a1428	88399	L613
a1434_643	a1434	88405	L614
a1434_644	a1434	88405	L615
a1436_645	a1436	88407	L616
a1436_646	a1436	88407	L617
a1436_647	a1436	88407	L618
a1436_648	a1436	88407	L619
a1437_649	a1437	88408	L620
a1437_650	a1437	88408	L621
a1439_651	a1439	88410	L622
a1439_652	a1439	88410	L623
a1440_653	a1440	88411	L624
a1440_654	a1440	88411	L625
a1441_655	a1441	88412	L626
a1441_656	a1441	88412	L627
a1442_657	a1442	88413	L628
a1442_658	a1442	88413	L629
a1457_659	a1457	88429	L630
a1457_660	a1457	88429	L631
a1457_661	a1457	88429	L632
a1461_662	a1461	88433	L633
a1474_663	a1474	88447	L634
a1476_664	a1476	88449	L635
a1476_665	a1476	88449	L636
a1486_666	a1486	88461	L637
a1493_667	a1493	88468	L638
a1495_668	a1495	88470	L639
a1499_669	a1499	88474	L640
a1499_670	a1499	88474	L641
a1508_671	a1508	88484	L642
a1527_672	a1527	88503	L643
a1533_673	a1533	88509	L644
a1533_676	a1533	88509	L645
a1533_677	a1533	88509	L646
a1537_679	a1537	88513	L647
a1537_680	a1537	88513	L648
a1537_681	a1537	88513	L649
a1537_682	a1537	88513	L650
a1552_683	a1552	88533	L651
a1570_684	a1570	88555	L652
a1570_685	a1570	88555	L653
a1571_686	a1571	88556	L654
a1576_687	a1576	88563	L655
a1578_688	a1578	88566	L656
a1579_689	a1579	88567	L657
a1585_690	a1585	88574	L658
a1586_691	a1586	88575	L659
a1590_692	a1590	88579	L660
a1600_693	a1600	88591	L661
a1612_694	a1612	88603	L662
a1622_695	a1622	88613	L663
a1626_696	a1626	88618	L664
a1626_697	a1626	88618	L665
a1650_698	a1650	88642	L666
a1650_699	a1650	88642	L667
a1653_701	a1653	88645	L668
a1679_702	a1679	88674	L669
a1679_703	a1679	88674	L670
a1679_704	a1679	88674	L671
a1682_705	a1682	88678	L672
a1684_706	a1684	88680	L673
a1688_707	a1688	88685	L674
a1692_708	a1692	88691	L675
a1694_709	a1694	88693	L676
a1694_710	a1694	88693	L677
a1705_711	a1705	88705	L678
a1709_712	a1709	88709	L679
a1712_713	a1712	88713	L680
a1723_714	a1723	88724	L681
a1724_716	a1724	88725	L682
a1752_717	a1752	88756	L683
a1762_718	a1762	88768	L684
a1762_719	a1762	88768	L685
a1766_720	a1766	88773	L686
a1772_721	a1772	88779	L687
a1774_722	a1774	88781	L688
a1777_723	a1777	88784	L689
a1781_724	a1781	88788	L690
a1781_725	a1781	88788	L691
a1781_726	a1781	88788	L692
a1781_727	a1781	88788	L693
a1786_729	a1786	88793	L694
a1792_730	a1792	88799	L695
a1812_731	a1812	88822	L696
a1812_732	a1812	88822	L697
a1874_733	a1874	88891	L698
a1875_734	a1875	88892	L699
a1878_736	a1878	88896	L700
a1895_737	a1895	88914	L701
a1896_738	a1896	88915	L702
a1899_739	a1899	88918	L703
a1919_740	a1919	88943	L704
a1925_741	a1925	88951	L705
a1925_742	a1925	88951	L706
a1925_743	a1925	88951	L707
a1944_744	a1944	88974	L708
a1944_745	a1944	88974	L709
a1951_746	a1951	88982	L710
a1957_747	a1957	88988	L711
a1957_sc_748	a1957_sc	88989	L712
a1971_749	a1971	89009	L713
a1971_750	a1971	89009	L714
a1983_751	a1983	89023	L715
a1983_752	a1983	89023	L716
a2002_753	a2002	89044	L717
a2009_754	a2009	89053	L718
a2015_755	a2015	89060	L719
a2026_756	a2026	89073	L720
a2041_757	a2041	89089	L721
a2059_758	a2059	89109	L722
a2059_759	a2059	89109	L723
a2062_760	a2062	89112	L724
a2062_761	a2062	89112	L725
a2065_762	a2065	89117	L726
a2071_763	a2071	89123	L727
a2071_764	a2071	89123	L728
a2090_765	a2090	89144	L729
a2112_766	a2112	89168	L730
a2117_767	a2117	89173	L731
a2118_769	a2118	89174	L732
a2124_770	a2124	89180	L733
a2128_771	a2128	89184	L734
a2134_772	a2134	89191	L735
a2135_773	a2135	89192	L736
a2141_774	a2141	89198	L737
a2150_775	a2150	89207	L738
a2157_776	a2157	89214	L739
a2157_777	a2157	89214	L740
a2164_778	a2164	89221	L741
a2165_779	a2165	89222	L742
a2176_780	a2176	89233	L743
a2176_781	a2176	89233	L744
a2177_782	a2177	89234	L745
a2180_783	a2180	89237	L746
a2183_784	a2183	89241	L747
a2183_785	a2183	89241	L748
a2184_786	a2184	89242	L749
a2185_787	a2185	89243	L750
a2225_788	a2225	89287	L751
a2252_789	a2252	89321	L752
a2261_790	a2261	89331	L753
a2270_791	a2270	89342	L754
a2278_792	a2278	89351	L755
a2285_793	a2285	89358	L756
a2285_794	a2285	89358	L757
a2299_795	a2299	89372	L758
a2302_796	a2302	89375	L759
a2302_797	a2302	89375	L760
a2303_798	a2303	89376	L761
a2303_799	a2303	89376	L762
a2317_800	a2317	89391	L763
a2322_801	a2322	89397	L764
a2327_802	a2327	89402	L765
a2364_803	a2364	89449	L766
a2365_804	a2365	89450	L767
a2365_805	a2365	89451	L768
a2384_806	a2384	89473	L769
a2395_808	a2395	89485	L770
a2404_809	a2404	89494	L771
a2412_810	a2412	89504	L772
a2417_811	a2417	89509	L773
a2418_812	a2418	89510	L774
a2418_813	a2418	89510	L775
a2428_814	a2428	89523	L776
a2439_815	a2439	89534	L777
a2442_816	a2442	89538	L778
a2442_817	a2442	89538	L779
a2453_818	a2453	89552	L780
a2460_819	a2460	89559	L781
a2468_820	a2468	89567	L782
a2468_821	a2468	89567	L783
a2469_822	a2469	89568	L784
a2469_823	a2469	89568	L785
a2473_824	a2473	89572	L786
a2473_825	a2473	89572	L787
a2474_826	a2474	89573	L788
a2474_827	a2474	89573	L789
a2476_828	a2476	89575	L790
a2480_829	a2480	89579	L791
a2480_830	a2480	89579	L792
a2481_831	a2481	89580	L793
a2481_832	a2481	89580	L794
a2482_833	a2482	89581	L795
a2482_834	a2482	89581	L796
a2485_835	a2485	89584	L797
a2488_836	a2488	89587	L798
a2488_837	a2488	89587	L799
a2491_838	a2491	89590	L800
a2491_839	a2491	89590	L801
a2494_840	a2494	89593	L802
a2494_841	a2494	89593	L803
a2498_842	a2498	89597	L804
a2498_844	a2498	89597	L805
a2500_846	a2500	89599	L806
a2500_847	a2500	89599	L807
a2501_848	a2501	89600	L808
a2501_849	a2501	89600	L809
a2504_850	a2504	89603	L810
a2504_851	a2504	89603	L811
a2504_852	a2504	89603	L812
a2504_853	a2504	89603	L813
a2508_854	a2508	89607	L814
a2508_855	a2508	89607	L815
a2508_856	a2508	89607	L816
a2508_857	a2508	89607	L817
a2508_858	a2508	89607	L818
a2508_859	a2508	89607	L819
a2510_860	a2510	89610	L820
a2510_861	a2510	89610	L821
a2512_862	a2512	89612	L822
a2512_863	a2512	89612	L823
a2513_864	a2513	89613	L824
a2513_865	a2513	89613	L825
a2516_870	a2516	89616	L826
a2516_871	a2516	89616	L827
a2517_872	a2517	89617	L828
a2517_873	a2517	89617	L829
a2520_874	a2520	89620	L830
a2520_875	a2520	89620	L831
a2522_876	a2522	89622	L832
a2522_877	a2522	89622	L833
a2523_878	a2523	89623	L834
a2523_879	a2523	89623	L835
a2523_880	a2523	89623	L836
a2523_881	a2523	89623	L837
a2526_882	a2526	89626	L838
a2526_883	a2526	89626	L839
a2527_884	a2527	89627	L840
a2527_885	a2527	89627	L841
a2527_886	a2527	89627	L842
a2527_887	a2527	89627	L843
a2528_888	a2528	89628	L844
a2528_889	a2528	89628	L845
a2535_890	a2535	89635	L846
a2535_891	a2535	89635	L847
a2538_892	a2538	89638	L848
a2538_893	a2538	89638	L849
a2539_894	a2539	89639	L850
a2539_895	a2539	89639	L851
a2540_896	a2540	89640	L852
a2540_897	a2540	89640	L853
a2542_898	a2542	89642	L854
a2542_899	a2542	89642	L855
a2543_900	a2543	89643	L856
a2543_901	a2543	89643	L857
a2545_902	a2545	89645	L858
a2545_903	a2545	89645	L859
a2546_904	a2546	89646	L860
a2546_905	a2546	89646	L861
a2547_906	a2547	89647	L862
a2547_907	a2547	89647	L863
a2548_908	a2548	89648	L864
a2548_909	a2548	89648	L865
a2553_910	a2553	89654	L866
a2575_911	a2575	89681	L867
a2622_912	a2622	89734	L868
a2658_913	a2658	89779	L869
a2662_914	a2662	89783	L870
a2669_915	a2669	89790	L871
a2683_916	a2683	89806	L872
a2688_917	a2688	89811	L873
a2688_920	a2688	89812	L874
a2688_921	a2688	89812	L875
a2688_922	a2688	89811	L876
a2688_925	a2688	89812	L877
a2688_926	a2688	89812	L878
a2724_927	a2724	89853	L879
a2727_928	a2727	89857	L880
a2763_929	a2763	89896	L881
a2767_930	a2767	89900	L882
a2773_931	a2773	89906	L883
a2777_932	a2777	89911	L884
a2777_933	a2777	89911	L885
a2778_934	a2778	89912	L886
a2778_sc_935	a2778_sc	89913	L887
a2806_936	a2806	89944	L888
a2809_937	a2809	89947	L889
a2809_938	a2809	89947	L890
a2816_939	a2816	89955	L891
a2834_940	a2834	89974	L892
a2888_941	a2888	90036	L893
a2895_942	a2895	90045	L894
a2901_943	a2901	90052	L895
a2912_944	a2912	90066	L896
a2912_945	a2912	90066	L897
a2918_946	a2918	90073	L898
a2918_947	a2918	90073	L899
a2919_948	a2919	90074	L900
a2919_949	a2919	90074	L901
a2920_950	a2920	90075	L902
a2921_951	a2921	90076	L903
a2921_952	a2921	90076	L904
a2924_953	a2924	90079	L905
a2924_954	a2924	90079	L906
a2928_955	a2928	90083	L907
a2928_956	a2928	90083	L908
a2929_957	a2929	90084	L909
a2929_958	a2929	90084	L910
a2956_959	a2956	90114	L911
a2967_960	a2967	90127	L912
a2971_961	a2971	90131	L913
a2971_962	a2971	90131	L914
a2978_963	a2978	90138	L915
a2978_964	a2978	90138	L916
a2980_965	a2980	90140	L917
a3003_966	a3003	90164	L918
a3003_967	a3003	90164	L919
a3016_968	a3016	90180	L920
a3016_969	a3016	90180	L921
a3021_970	a3021	90185	L922
a3021_971	a3021	90185	L923
a3021_972	a3021	90185	L924
a3021_973	a3021	90185	L925
a3027_974	a3027	90191	L926
a3028_975	a3028	90192	L927
a3028_976	a3028	90192	L928
a3034_979	a3034	90198	L929
a3034_980	a3034	90198	L930
a3068_981	a3068	90236	L931
a3068_982	a3068	90236	L932
a3070_983	a3070	90238	L933
a3070_984	a3070	90238	L934
a3075_985	a3075	90243	L935
a3075_986	a3075	90243	L936
a3075_987	a3075	90243	L937
a3075_988	a3075	90243	L938
a3083_991	a3083	90251	L939
a3084_992	a3084	90252	L940
a3091_994	a3091	90262	L941
a3091_995	a3091	90262	L942
a3096_996	a3096	90267	L943
a3096_997	a3096	90267	L944
a3101_998	a3101	90273	L945
a3101_999	a3101	90273	L946
a3107_1000	a3107	90279	L947
a3107_1001	a3107	90279	L948
a3110_1002	a3110	90284	L949
a3110_1003	a3110	90284	L950
a3116_1004	a3116	90292	L951
a3116_1005	a3116	90292	L952
a3123_1006	a3123	90300	L953
a3123_1007	a3123	90300	L954
a3124_1008	a3124	90301	L955
a3124_1009	a3124	90301	L956
a3134_1010	a3134	90312	L957
a3134_1011	a3134	90312	L958
a3135_1012	a3135	90313	L959
a3135_1013	a3135	90313	L960
a3137_1014	a3137	90315	L961
a3137_1015	a3137	90315	L962
a3140_1016	a3140	90320	L963
a3140_1017	a3140	90320	L964
a3141_1018	a3141	90321	L965
a3141_1019	a3141	90321	L966
a3145_1020	a3145	90325	L967
a3145_1021	a3145	90325	L968
a3145_1022	a3145	90325	L969
a3145_1023	a3145	90325	L970
a3147_1024	a3147	90327	L971
a3147_1025	a3147	90327	L972
a3154_1026	a3154	90335	L973
a3154_1027	a3154	90335	L974
a3155_1028	a3155	90336	L975
a3155_1029	a3155	90336	L976
a3156_1030	a3156	90337	L977
a3156_1031	a3156	90337	L978
a3157_1034	a3157	90338	L979
a3157_1035	a3157	90338	L980
a3159_1036	a3159	90340	L981
a3159_1037	a3159	90340	L982
a3160_1038	a3160	90342	L983
a3160_1039	a3160	90342	L984
a3162_1040	a3162	90344	L985
a3162_1041	a3162	90344	L986
a3168_1042	a3168	90350	L987
a3168_1043	a3168	90350	L988
a3169_1044	a3169	90351	L989
a3169_1045	a3169	90351	L990
a3170_1046	a3170	90352	L991
a3170_1047	a3170	90352	L992
a3171_1048	a3171	90353	L993
a3171_1049	a3171	90353	L994
a3171_1050	a3171	90353	L995
a3171_1051	a3171	90353	L996
a3175_1052	a3175	90357	L997
a3175_1053	a3175	90357	L998
a3175_1054	a3175	90357	L999
a3175_1055	a3175	90357	L1000
a3177_1058	a3177	90359	L1001
a3177_1059	a3177	90359	L1002
a3183_1060	a3183	90365	L1003
a3183_1061	a3183	90365	L1004
a3184_1062	a3184	90366	L1005
a3184_1063	a3184	90366	L1006
a3186_1064	a3186	90368	L1007
a3186_1065	a3186	90368	L1008
a3187_1066	a3187	90369	L1009
a3187_1067	a3187	90369	L1010
a3188_1068	a3188	90370	L1011
a3188_1069	a3188	90370	L1012
a3190_1070	a3190	90372	L1013
a3190_1071	a3190	90372	L1014
a3191_1072	a3191	90373	L1015
a3191_1073	a3191	90373	L1016
a3192_1074	a3192	90374	L1017
a3192_1075	a3192	90374	L1018
a3192_1076	a3192	90374	L1019
a3192_1077	a3192	90374	L1020
a3193_1078	a3193	90375	L1021
a3193_1079	a3193	90375	L1022
a3194_1080	a3194	90376	L1023
a3194_1081	a3194	90376	L1024
a3196_1084	a3196	90378	L1025
a3196_1085	a3196	90378	L1026
a3201_1086	a3201	90383	L1027
a3201_1087	a3201	90383	L1028
a3203_1088	a3203	90385	L1029
a3203_1089	a3203	90385	L1030
a3204_1090	a3204	90386	L1031
a3204_1091	a3204	90386	L1032
a3209_1092	a3209	90391	L1033
a3209_1093	a3209	90391	L1034
a3210_1094	a3210	90392	L1035
a3210_1095	a3210	90392	L1036
a3212_1096	a3212	90394	L1037
a3212_1097	a3212	90394	L1038
a3213_1098	a3213	90395	L1039
a3213_1099	a3213	90395	L1040
a3229_1100	a3229	90412	L1041
a3229_1101	a3229	90412	L1042
a3237_1102	a3237	90421	L1043
a3237_1103	a3237	90421	L1044
a3238_1104	a3238	90422	L1045
a3238_1105	a3238	90422	L1046
a3239_1106	a3239	90423	L1047
a3239_1107	a3239	90423	L1048
a3247_1108	a3247	90432	L1049
a3247_1109	a3247	90432	L1050
a3249_1110	a3249	90434	L1051
a3249_1111	a3249	90434	L1052
a3253_1112	a3253	90439	L1053
a3253_1113	a3253	90438	L1054
a3253_1114	a3253	90439	L1055
a3253_1115	a3253	90438	L1056
a3255_1116	a3255	90441	L1057
a3259_1117	a3259	90445	L1058
a3259_1118	a3259	90445	L1059
a3276_1119	a3276	90465	L1060
a3276_1120	a3276	90465	L1061
a3280_1121	a3280	90469	L1062
a3280_1122	a3280	90469	L1063
a3329_1123	a3329	90522	L1064
a3329_1124	a3329	90522	L1065
a3334_1125	a3334	90527	L1066
a3337_1126	a3337	90530	L1067
a3337_1127	a3337	90530	L1068
a3338_1128	a3338	90531	L1069
a3338_1129	a3338	90531	L1070
a3338_1130	a3338	90531	L1071
a3338_1131	a3338	90531	L1072
a3338_1132	a3338	90531	L1073
a3338_1133	a3338	90531	L1074
a3339_1134	a3339	90532	L1075
a3339_1135	a3339	90532	L1076
a3344_1138	a3344	90537	L1077
a3344_1139	a3344	90537	L1078
a3345_1140	a3345	90538	L1079
a3345_1141	a3345	90538	L1080
a3346_1142	a3346	90539	L1081
a3346_1143	a3346	90539	L1082
a3351_1144	a3351	90544	L1083
a3351_1145	a3351	90544	L1084
a3352_1146	a3352	90545	L1085
a3352_1147	a3352	90545	L1086
a3355_1148	a3355	90548	L1087
a3358_1149	a3358	90551	L1088
a3358_1150	a3358	90551	L1089
a3361_1151	a3361	90554	L1090
a3361_1152	a3361	90554	L1091
a3362_1153	a3362	90555	L1092
a3362_1154	a3362	90555	L1093
a3362_1155	a3362	90555	L1094
a3362_1156	a3362	90555	L1095
a3363_1157	a3363	90556	L1096
a3363_1158	a3363	90556	L1097
a3365_1159	a3365	90558	L1098
a3365_1160	a3365	90558	L1099
a3366_1161	a3366	90559	L1100
a3366_1162	a3366	90559	L1101
a3368_1163	a3368	90561	L1102
a3368_1164	a3368	90561	L1103
a3369_1165	a3369	90562	L1104
a3369_1166	a3369	90562	L1105
a3370_1167	a3370	90563	L1106
a3370_1168	a3370	90563	L1107
a3372_1169	a3372	90565	L1108
a3372_1170	a3372	90565	L1109
a3373_1171	a3373	90566	L1110
a3373_1172	a3373	90566	L1111
a3376_1173	a3376	90569	L1112
a3376_1174	a3376	90569	L1113
a3378_1175	a3378	90571	L1114
a3378_1176	a3378	90571	L1115
a3378_1177	a3378	90571	L1116
a3378_1178	a3378	90571	L1117
a3379_1179	a3379	90572	L1118
a3379_1180	a3379	90572	L1119
a3380_1181	a3380	90573	L1120
a3380_1182	a3380	90573	L1121
a3381_1183	a3381	90574	L1122
a3381_1184	a3381	90574	L1123
a3385_1185	a3385	90578	L1124
a3385_1186	a3385	90578	L1125
a3386_1187	a3386	90579	L1126
a3386_1188	a3386	90580	L1127
a3386_1189	a3386	90579	L1128
a3386_1190	a3386	90580	L1129
a3388_1191	a3388	90582	L1130
a3388_1192	a3388	90582	L1131
a3389_1193	a3389	90583	L1132
a3389_1194	a3389	90583	L1133
a3400_1195	a3400	90596	L1134
a3406_1196	a3406	90602	L1135
a3412_1197	a3412	90610	L1136
a3413_1198	a3413	90611	L1137
a3416_1199	a3416	90614	L1138
a3423_1200	a3423	90622	L1139
a3432_1201	a3432	90632	L1140
a3437_1202	a3437	90638	L1141
a3440_1203	a3440	90641	L1142
a3440_1204	a3440	90641	L1143
a3443_1206	a3443	90644	L1144
a3448_1207	a3448	90650	L1145
a3448_1208	a3448	90650	L1146
a3450_1209	a3450	90652	L1147
a3451_1210	a3451	90653	L1148
a3455_1213	a3455	90657	L1149
a3456_1214	a3456	90658	L1150
a3456_1215	a3456	90658	L1151
a3457_1216	a3457	90659	L1152
a3463_1217	a3463	90665	L1153
a3463_1218	a3463	90665	L1154
a3465_1219	a3465	90667	L1155
a3465_1220	a3465	90667	L1156
a3468_1221	a3468	90670	L1157
a3468_1222	a3468	90670	L1158
a3469_1223	a3469	90671	L1159
a3469_1224	a3469	90671	L1160
a3469_1225	a3469	90671	L1161
a3470_1231	a3470	90672	L1162
a3470_1232	a3470	90672	L1163
a3470_1233	a3470	90672	L1164
a3471_1234	a3471	90673	L1165
a3472_1236	a3472	90674	L1166
a3478_1237	a3478	90680	L1167
a3490_1238	a3490	90694	L1168
a3491_1239	a3491	90695	L1169
a3497_1240	a3497	90704	L1170
a3497_1241	a3497	90703	L1171
a3525_1242	a3525	90736	L1172
a3527_1243	a3527	90738	L1173
a3527_1244	a3527	90738	L1174
a3540_1245	a3540	90753	L1175
a3540_1246	a3540	90753	L1176
a3566_1247	a3566	90781	L1177
a3574_1248	a3574	90790	L1178
a3577_1249	a3577	90793	L1179
a3577_sc_1250	a3577_sc	90794	L1180
a3580_1251	a3580	90797	L1181
a3588_1252	a3588	90805	L1182
a3588_1253	a3588	90805	L1183
a3588_1254	a3588	90805	L1184
a3588_1255	a3588	90805	L1185
a3588_1256	a3588	90805	L1186
a3593_1257	a3593	90811	L1187
a3593_1258	a3593	90811	L1188
a3624_1259	a3624	90851	L1189
a3627_1260	a3627	90854	L1190
a3630_1261	a3630	90857	L1191
a3642_1262	a3642	90872	L1192
a3657_1263	a3657	90887	L1193
a3715_1264	a3715	90915	L1194
a3715_1265	a3715	90915	L1195
a3715_1266	a3715	90915	L1196
a3716_1267	a3716	90916	L1197
a3716_1268	a3716	90916	L1198
a6471_1269	a6471	90971	L1199
a6471_1270	a6471	90971	L1200
a7005_1271	a7005	90975	L1201
a7061_1272	a7061	90977	L1202
a7118_1273	a7118	90980	L1203
a7990_1274	a7990	90993	L1204
a8068_1275	a8068	90996	L1205
a8068_1276	a8068	90996	L1206
a8138_1277	a8138	91003	L1207
a8662_1278	a8662	91016	L1208
a9041_1279	a9041	91077	L1209
a9053_1280	a9053	91081	L1210
a9091_1281	a9091	91082	L1211
a9091_1282	a9091	91082	L1212
a9270_1283	a9270	91118	L1213
a9271_1284	a9271	91119	L1214
a9311_1285	a9311	91120	L1215
a9311_1286	a9311	91120	L1216
a9959_1287	a9959	91142	L1217
a9959_1288	a9959	91142	L1218
a9961_1289	a9961	91144	L1219
a9962_1290	a9962	91145	L1220
a9967_1291	a9967	91150	L1221
a9967_1292	a9967	91150	L1222
b0022_1293	b0022	91209	L1223
b0029_1294	b0029	91220	L1224
b0037_1295	b0037	91230	L1225
b0037_1296	b0037	91230	L1226
b0046_1297	b0046	91239	L1227
b0046_1298	b0046	91239	L1228
b0046_1299	b0046	91239	L1229
b0057_1300	b0057	91250	L1230
b0058_1301	b0058	91251	L1231
b0058_1302	b0058	91251	L1232
b0058_1303	b0058	91251	L1233
b0058_1304	b0058	91251	L1234
b0061_1305	b0061	91254	L1235
b0074_1306	b0074	91269	L1236
b0074_1307	b0074	91269	L1237
b0086_1308	b0086	91284	L1238
b0094_1309	b0094	91292	L1239
b0112_1310	b0112	91313	L1240
b0112_1311	b0112	91313	L1241
b0119_1313	b0119	91323	L1242
b0126_1314	b0126	91333	L1243
b0128_1315	b0128	91335	L1244
b0132_1316	b0132	91339	L1245
b0146_1317	b0146	91353	L1246
b0168_1318	b0168	91381	L1247
b0179_1319	b0179	91392	L1248
b0191_1320	b0191	91404	L1249
b0191_1321	b0191	91404	L1250
b0191_1322	b0191	91404	L1251
b0193_1323	b0193	91407	L1252
b0203_1324	b0203	91418	L1253
b0209_1325	b0209	91424	L1254
b0231_1326	b0231	91446	L1255
b0234_1327	b0234	91450	L1256
b0241_1328	b0241	91458	L1257
b0276_1329	b0276	91495	L1258
b0278_1330	b0278	91497	L1259
b0290_1331	b0290	91511	L1260
b0311_1332	b0311	91532	L1261
b0367_1333	b0367	91596	L1262
b0402_1334	b0402	91634	L1263
b0402_1335	b0402	91634	L1264
b0402_1336	b0402	91634	L1265
b0402_1337	b0402	91634	L1266
b0402_1338	b0402	91634	L1267
b0436_1339	b0436	91673	L1268
b0436_1340	b0436	91673	L1269
b0436_1341	b0436	91673	L1270
b0440_1342	b0440	91677	L1271
b0449_1343	b0449	91686	L1272
b0449_1344	b0449	91686	L1273
b0462_1345	b0462	91701	L1274
b0462_1346	b0462	91701	L1275
b0473_1347	b0473	91714	L1276
b0477_1348	b0477	91718	L1277
b0477_1349	b0477	91718	L1278
b0477_1350	b0477	91718	L1279
b0477_1351	b0477	91718	L1280
b0479_1352	b0479	91720	L1281
b0479_1353	b0479	91720	L1282
b0513_1354	b0513	91755	L1283
b0514_1355	b0514	91756	L1284
b0515_1356	b0515	91757	L1285
b0515_1357	b0515	91757	L1286
b0519_1358	b0519	91761	L1287
b0539_1359	b0539	91785	L1288
b0539_1360	b0539	91784	L1289
b0539_1361	b0539	91784	L1290
b0550_1362	b0550	91796	L1291
b0550_1363	b0550	91796	L1292
b0550_1364	b0550	91796	L1293
b0575_1365	b0575	91825	L1294
b0598_1366	b0598	91850	L1295
b0629_1367	b0629	91882	L1296
b0653_1368	b0653	91907	L1297
b0653_1369	b0653	91907	L1298
b0662_1370	b0662	91917	L1299
b0669_1371	b0669	91925	L1300
b0672_1372	b0672	91928	L1301
b0696_1373	b0696	91951	L1302
b0696_1374	b0696	91951	L1303
b0726_1375	b0726	91983	L1304
b0730_1376	b0730	91987	L1305
b0731_1377	b0731	91988	L1306
b0731_1378	b0731	91988	L1307
b0733_1379	b0733	91990	L1308
b0765_1380	b0765	92026	L1309
b0775_1381	b0775	92038	L1310
b0793_1382	b0793	92060	L1311
b9075_1383	b9075	92081	L1312
b9256_1384	b9256	92087	L1313
b9257_1385	b9257	92088	L1314
b9258_1387	b9258	92089	L1315
b9270_1388	b9270	92091	L1316
b9515_1389	b9515	92098	L1317
c0005_1390	c0005	92120	L1318
c0012_1391	c0012	92127	L1319
c0017_1392	c0017	92132	L1320
c0029_1393	c0029	92144	L1321
c0035_1394	c0035	92151	L1322
c0036_1395	c0036	92152	L1323
c0048_1396	c0048	92164	L1324
c0051_1397	c0051	92167	L1325
c0055_1398	c0055	92172	L1326
c0061_1399	c0061	92179	L1327
c0078_1400	c0078	92201	L1328
c0078_1401	c0078	92201	L1329
c0079_1402	c0079	92202	L1330
c0081_1403	c0081	92205	L1331
c0081_1404	c0081	92205	L1332
c0083_1405	c0083	92207	L1333
c0104_1406	c0104	92228	L1334
c0108_1407	c0108	92234	L1335
c0108_1408	c0108	92234	L1336
c0122_1409	c0122	92248	L1337
c0122_1410	c0122	92248	L1338
c0142_1411	c0142	92268	L1339
c0142_1412	c0142	92268	L1340
c0151_1413	c0151	92278	L1341
c0155_1414	c0155	92283	L1342
c0193_1415	c0193	92327	L1343
c0193_1416	c0193	92327	L1344
c0200_1418	c0200	92334	L1345
c0203_1419	c0203	92337	L1346
c0209_1420	c0209	92343	L1347
c0214_1421	c0214	92350	L1348
c0214_1422	c0214	92350	L1349
c0214_1423	c0214	92350	L1350
c0214_1424	c0214	92350	L1351
c0215_1425	c0215	92351	L1352
c0215_1426	c0215	92351	L1353
c0218_1427	c0218	92354	L1354
c0218_1428	c0218	92354	L1355
c0222_1429	c0222	92358	L1356
c0227_1430	c0227	92363	L1357
c0227_1431	c0227	92363	L1358
c0230_1433	c0230	92366	L1359
c0237_1434	c0237	92375	L1360
c0240_1435	c0240	92378	L1361
c0240_1436	c0240	92378	L1362
c0250_1437	c0250	92390	L1363
c0271_1438	c0271	92413	L1364
c0271_1439	c0271	92413	L1365
c0272_1440	c0272	92414	L1366
c0272_1441	c0272	92414	L1367
c0283_1442	c0283	92426	L1368
c0289_1443	c0289	92432	L1369
c0289_sc_1444	c0289_sc	92433	L1370
c0296_1445	c0296	92443	L1371
c0298_1446	c0298	92445	L1372
c0299_1447	c0299	92447	L1373
c0299_1449	c0299	92448	L1374
c0310_1450	c0310	92460	L1375
c0310_1451	c0310	92460	L1376
c0311_1452	c0311	92461	L1377
c0324_1455	c0324	92474	L1378
c0335_1456	c0335	92491	L1379
c0344_1457	c0344	92500	L1380
c0344_1458	c0344	92500	L1381
c0372_1459	c0372	92531	L1382
c0376_1460	c0376	92535	L1383
c0376_sc_1461	c0376_sc	92536	L1384
c0381_1462	c0381	92541	L1385
c0382_1463	c0382	92542	L1386
c0386_1464	c0386	92548	L1387
c0386_1465	c0386	92547	L1388
c0388_1466	c0388	92550	L1389
c0392_1467	c0392	92554	L1390
c0395_1468	c0395	92559	L1391
c0400_1469	c0400	92564	L1392
c0400_sc_1470	c0400_sc	92565	L1393
c0400_sc_1471	c0400_sc	92565	L1394
c0405_1472	c0405	92570	L1395
c0428_1473	c0428	92600	L1396
c0428_1474	c0428	92600	L1397
c0428_1475	c0428	92600	L1398
c0432_1476	c0432	92607	L1399
c0462_1477	c0462	92641	L1400
c0464_1478	c0464	92643	L1401
c0466_1479	c0466	92645	L1402
c0470_1480	c0470	92649	L1403
c0481_1481	c0481	92662	L1404
c0484_1482	c0484	92666	L1405
c0484_1483	c0484	92666	L1406
c0485_1484	c0485	92667	L1407
c0485_1485	c0485	92667	L1408
c0485_1487	c0485	92667	L1409
c0492_1488	c0492	92676	L1410
c0492_1489	c0492	92676	L1411
c0500_1490	c0500	92686	L1412
c0500_1491	c0500	92686	L1413
c0505_1492	c0505	92691	L1414
c0545_1493	c0545	92739	L1415
c0552_1494	c0552	92749	L1416
c0573_1495	c0573	92772	L1417
c0580_1496	c0580	92779	L1418
c0582_1497	c0582	92784	L1419
c0589_1498	c0589	92792	L1420
c0601_1499	c0601	92810	L1421
c0604_1500	c0604	92813	L1422
c0612_1501	c0612	92822	L1423
c0627_1502	c0627	92838	L1424
c0637_1503	c0637	92848	L1425
c0646_1504	c0646	92857	L1426
c0660_1505	c0660	92872	L1427
c0675_1506	c0675	92891	L1428
c0680_1507	c0680	92896	L1429
c0680_1508	c0680	92896	L1430
c0698_1509	c0698	92916	L1431
c0698_1511	c0698	92915	L1432
c0698_1512	c0698	92917	L1433
c0705_1513	c0705	92924	L1434
c0705_1514	c0705	92924	L1435
c0747_1515	c0747	92973	L1436
c0757_1516	c0757	92984	L1437
c0757_1517	c0757	92984	L1438
c0758_1518	c0758	92985	L1439
c0758_1519	c0758	92985	L1440
c0770_1520	c0770	93002	L1441
c0776_1521	c0776	93008	L1442
c0796_1522	c0796	93033	L1443
c0836_1525	c0836	93077	L1444
c0864_1526	c0864	93107	L1445
c0864_1527	c0864	93107	L1446
c0877_1528	c0877	93122	L1447
c0898_1529	c0898	93144	L1448
c0905_1530	c0905	93153	L1449
c0910_1531	c0910	93159	L1450
c0917_1532	c0917	93166	L1451
c0921_1533	c0921	93171	L1452
c0921_1534	c0921	93171	L1453
c0943_1535	c0943	93194	L1454
c0948_1536	c0948	93199	L1455
c0949_1537	c0949	93200	L1456
c0954_1538	c0954	93206	L1457
c0966_1539	c0966	93221	L1458
c0980_1540	c0980	93236	L1459
c0987_1541	c0987	93245	L1460
c0993_1542	c0993	93251	L1461
c1007_1543	c1007	93265	L1462
c1009_1544	c1009	93267	L1463
c1012_1545	c1012	93271	L1464
c1017_1546	c1017	93279	L1465
c1019_1547	c1019	93281	L1466
c1031_1548	c1031	93298	L1467
c1048_1549	c1048	93318	L1468
c1049_1550	c1049	93319	L1469
c1059_1551	c1059	93331	L1470
c1078_1552	c1078	93353	L1471
c1101_1553	c1101	93376	L1472
c1102_1554	c1102	93377	L1473
c1102_1555	c1102	93377	L1474
c1107_1556	c1107	93382	L1475
c1107_1557	c1107	93382	L1476
c1107_1558	c1107	93382	L1477
c1108_1559	c1108	93384	L1478
c1108_1560	c1108	93384	L1479
c1108_1561	c1108	93384	L1480
c1119_1562	c1119	93395	L1481
c1119_1563	c1119	93395	L1482
c1133_1565	c1133	93415	L1483
c1133_1566	c1133	93415	L1484
c1135_1567	c1135	93419	L1485
c1163_1568	c1163	93450	L1486
c1169_1569	c1169	93458	L1487
c1235_1570	c1235	93533	L1488
c1244_1571	c1244	93546	L1489
c1244_1572	c1244	93546	L1490
c1245_1573	c1245	93547	L1491
c1246_1574	c1246	93548	L1492
c1248_1575	c1248	93551	L1493
c1250_1576	c1250	93554	L1494
c1269_1577	c1269	93574	L1495
c1270_1578	c1270	93575	L1496
c1271_1579	c1271	93576	L1497
c1271_sc_1580	c1271_sc	93576	L1498
c1274_1581	c1274	93580	L1499
c1303_1582	c1303	93611	L1500
c1320_1583	c1320	93633	L1501
c1390_1584	c1390	93708	L1502
c1390_1585	c1390	93708	L1503
c1395_1586	c1395	93714	L1504
c1411_1587	c1411	93733	L1505
c1411_1588	c1411	93733	L1506
c1430_1589	c1430	93756	L1507
c1511_1590	c1511	93851	L1508
c1512_1591	c1512	93852	L1509
c1535_1592	c1535	93878	L1510
c1574_1593	c1574	93923	L1511
c1579_1594	c1579	93930	L1512
c1599_1595	c1599	93951	L1513
c1604_1596	c1604	93957	L1514
c1604_1597	c1604	93958	L1515
c1613_1598	c1613	93968	L1516
c1625_1599	c1625	93980	L1517
c1645_1600	c1645	94004	L1518
c1651_1601	c1651	94012	L1519
c1677_1602	c1677	94044	L1520
c1682_1603	c1682	94049	L1521
c1686_1604	c1686	94054	L1522
c1693_1605	c1693	94063	L1523
c1697_1606	c1697	94068	L1524
c1698_1607	c1698	94069	L1525
c1698_1608	c1698	94069	L1526
c1699_1609	c1699	94070	L1527
c1700_1610	c1700	94071	L1528
c1701_1611	c1701	94072	L1529
c1702_1612	c1702	94073	L1530
c1703_1613	c1703	94074	L1531
c1704_1614	c1704	94075	L1532
c1704_1615	c1704	94075	L1533
c1705_1616	c1705	94076	L1534
c1705_1617	c1705	94076	L1535
c1707_1618	c1707	94078	L1536
c1708_1621	c1708	94079	L1537
c1712_1622	c1712	94083	L1538
c1714_1623	c1714	94085	L1539
c1719_1624	c1719	94090	L1540
c1724_1625	c1724	94095	L1541
c1725_1626	c1725	94096	L1542
c1725_1627	c1725	94096	L1543
c1727_1628	c1727	94098	L1544
c1729_1629	c1729	94100	L1545
c1730_1630	c1730	94101	L1546
c1732_1631	c1732	94103	L1547
c1734_1632	c1734	94105	L1548
c1734_1633	c1734	94105	L1549
c1735_1634	c1735	94106	L1550
c1736_1635	c1736	94107	L1551
c1737_1636	c1737	94108	L1552
c1741_1637	c1741	94112	L1553
c1741_1640	c1741	94112	L1554
c1742_1643	c1742	94113	L1555
c1743_1644	c1743	94114	L1556
c1744_1645	c1744	94115	L1557
c1745_1646	c1745	94116	L1558
c1746_1648	c1746	94117	L1559
c1747_1649	c1747	94118	L1560
c1748_1650	c1748	94119	L1561
c1749_1651	c1749	94120	L1562
c1750_1652	c1750	94121	L1563
c1753_1653	c1753	94124	L1564
c1754_1654	c1754	94125	L1565
c1756_1655	c1756	94127	L1566
c1758_1656	c1758	94129	L1567
c1762_1657	c1762	94133	L1568
c1763_1658	c1763	94134	L1569
c1764_1659	c1764	94135	L1570
c1765_1660	c1765	94136	L1571
c1768_1661	c1768	94139	L1572
c1769_1662	c1769	94140	L1573
c1771_1663	c1771	94142	L1574
c1772_1664	c1772	94143	L1575
c1773_1665	c1773	94144	L1576
c1774_1666	c1774	94145	L1577
c1777_1667	c1777	94148	L1578
c1778_1668	c1778	94149	L1579
c1781_1669	c1781	94152	L1580
c1782_1670	c1782	94153	L1581
c1785_1671	c1785	94156	L1582
c1786_1672	c1786	94157	L1583
c1787_1673	c1787	94158	L1584
c1792_1674	c1792	94163	L1585
c1794_1675	c1794	94166	L1586
c1794_1676	c1794	94165	L1587
c1795_1677	c1795	94167	L1588
c1797_1678	c1797	94169	L1589
c1798_1679	c1798	94170	L1590
c1798_1681	c1798	94171	L1591
c1802_1682	c1802	94175	L1592
c1803_1683	c1803	94176	L1593
c1804_1684	c1804	94177	L1594
c1805_1685	c1805	94178	L1595
c1808_1686	c1808	94181	L1596
c1809_1687	c1809	94183	L1597
c1810_1688	c1810	94184	L1598
c1811_1689	c1811	94185	L1599
c1812_1690	c1812	94186	L1600
c1813_1691	c1813	94187	L1601
c1814_1692	c1814	94188	L1602
c1815_1693	c1815	94189	L1603
c1815_1694	c1815	94189	L1604
c1815_1695	c1815	94189	L1605
c1815_1696	c1815	94189	L1606
c1819_1697	c1819	94193	L1607
c1820_1698	c1820	94194	L1608
c1821_1699	c1821	94195	L1609
c1822_1700	c1822	94196	L1610
c1823_1701	c1823	94197	L1611
c1826_1702	c1826	94200	L1612
c1828_1703	c1828	94202	L1613
c1831_1704	c1831	94205	L1614
c1832_1705	c1832	94207	L1615
c1833_1706	c1833	94208	L1616
c1834_1707	c1834	94209	L1617
c1835_1708	c1835	94210	L1618
c1838_1709	c1838	94213	L1619
c1839_1710	c1839	94214	L1620
c1840_1711	c1840	94215	L1621
c1842_1712	c1842	94217	L1622
c1844_1713	c1844	94219	L1623
c1845_1716	c1845	94220	L1624
c1845_1717	c1845	94220	L1625
c1846_1718	c1846	94221	L1626
c1847_1719	c1847	94222	L1627
c1848_1720	c1848	94223	L1628
c1849_1721	c1849	94224	L1629
c1850_1722	c1850	94225	L1630
c1850_1723	c1850	94225	L1631
c1851_1724	c1851	94226	L1632
c1853_1725	c1853	94228	L1633
c1854_1726	c1854	94229	L1634
c1855_1727	c1855	94230	L1635
c1856_1728	c1856	94231	L1636
c1859_1729	c1859	94234	L1637
c1861_1730	c1861	94236	L1638
c1861_1731	c1861	94237	L1639
c1861_1732	c1861	94236	L1640
c1862_1733	c1862	94238	L1641
c1863_1734	c1863	94239	L1642
c1865_1735	c1865	94241	L1643
c1866_1736	c1866	94242	L1644
c1867_1737	c1867	94244	L1645
c1867_1738	c1867	94243	L1646
c1867_1739	c1867	94243	L1647
c1869_1740	c1869	94246	L1648
c1870_1741	c1870	94247	L1649
c1875_1742	c1875	94252	L1650
c1877_1743	c1877	94254	L1651
c1877_1744	c1877	94254	L1652
c1878_1745	c1878	94255	L1653
c1879_1746	c1879	94256	L1654
c1880_1747	c1880	94257	L1655
c1881_1748	c1881	94258	L1656
c1883_1749	c1883	94260	L1657
c1888_1750	c1888	94265	L1658
c1890_1751	c1890	94267	L1659
c1891_1752	c1891	94268	L1660
c1892_1753	c1892	94269	L1661
c1893_1754	c1893	94270	L1662
c1894_1755	c1894	94271	L1663
c1896_1756	c1896	94273	L1664
c1897_1757	c1897	94274	L1665
c1898_1758	c1898	94275	L1666
c1899_1759	c1899	94276	L1667
c1900_1760	c1900	94277	L1668
c1901_1761	c1901	94278	L1669
c1903_1762	c1903	94281	L1670
c1904_1763	c1904	94282	L1671
c1905_1764	c1905	94283	L1672
c1907_1765	c1907	94285	L1673
c1908_1766	c1908	94286	L1674
c1909_1767	c1909	94287	L1675
c1910_1768	c1910	94288	L1676
c1911_1769	c1911	94289	L1677
c1912_1770	c1912	94290	L1678
c1914_1771	c1914	94292	L1679
c1916_1772	c1916	94294	L1680
c1917_1773	c1917	94296	L1681
c1918_1774	c1918	94297	L1682
c1920_1775	c1920	94299	L1683
c1921_1776	c1921	94300	L1684
c1925_1777	c1925	94304	L1685
c1927_1778	c1927	94306	L1686
c1928_1779	c1928	94307	L1687
c1928_1780	c1928	94307	L1688
c1929_1781	c1929	94308	L1689
c1930_1782	c1930	94309	L1690
c1931_1783	c1931	94310	L1691
c1933_1784	c1933	94312	L1692
c1934_1785	c1934	94313	L1693
c1935_1786	c1935	94314	L1694
c1936_1787	c1936	94315	L1695
c1938_1788	c1938	94317	L1696
c1986_1789	c1986	94372	L1697
c1991_1790	c1991	94378	L1698
c2018_1791	c2018	94410	L1699
c2019_1792	c2019	94411	L1700
c2027_1793	c2027	94419	L1701
c2030_1794	c2030	94422	L1702
c2030_sc_1795	c2030_sc	94423	L1703
c2031_1796	c2031	94424	L1704
c2033_1797	c2033	94426	L1705
c2037_1798	c2037	94430	L1706
c2037_1799	c2037	94430	L1707
c2038_1800	c2038	94431	L1708
c2044_1801	c2044	94437	L1709
c2054_1802	c2054	94451	L1710
c2054_1803	c2054	94451	L1711
c2058_1804	c2058	94459	L1712
c2058_1805	c2058	94457	L1713
c2058_1806	c2058	94459	L1714
c2060_1807	c2060	94461	L1715
c2060_1808	c2060	94461	L1716
c2072_1809	c2072	94473	L1717
c2089_1810	c2089	94490	L1718
c2092_1811	c2092	94493	L1719
c2097_1812	c2097	94498	L1720
c2115_1813	c2115	94516	L1721
c2117_1814	c2117	94519	L1722
c2121_1815	c2121	94523	L1723
c2121_1816	c2121	94523	L1724
c2137_1817	c2137	94542	L1725
c2139_1818	c2139	94544	L1726
c2140_1819	c2140	94545	L1727
c2143_1820	c2143	94548	L1728
c2145_1821	c2145	94552	L1729
c2145_1822	c2145	94551	L1730
c2160_1823	c2160	94568	L1731
c2162_1824	c2162	94570	L1732
c2176_1825	c2176	94585	L1733
c2177_1826	c2177	94586	L1734
c2185_1827	c2185	94595	L1735
c2189_1828	c2189	94599	L1736
c2191_1829	c2191	94601	L1737
c2192_1830	c2192	94602	L1738
c2193_1831	c2193	94603	L1739
c2196_1832	c2196	94606	L1740
c2198_1833	c2198	94608	L1741
c2199_1834	c2199	94609	L1742
c2201_1835	c2201	94611	L1743
c2202_1836	c2202	94612	L1744
c2206_1837	c2206	94617	L1745
c2209_1838	c2209	94620	L1746
c2210_1839	c2210	94621	L1747
c2212_1840	c2212	94623	L1748
c2217_1841	c2217	94628	L1749
c2217_1842	c2217	94628	L1750
c2219_1844	c2219	94630	L1751
c2219_1845	c2219	94630	L1752
c2219_1846	c2219	94630	L1753
c2222_1847	c2222	94633	L1754
c2224_1848	c2224	94635	L1755
c2224_1849	c2224	94635	L1756
c2228_1850	c2228	94639	L1757
c2229_1851	c2229	94640	L1758
c2232_1852	c2232	94643	L1759
c2234_1853	c2234	94645	L1760
c2235_1854	c2235	94646	L1761
c2235_1855	c2235	94646	L1762
c2238_1856	c2238	94649	L1763
c2238_1857	c2238	94649	L1764
c2238_1858	c2238	94649	L1765
c2238_1859	c2238	94649	L1766
c2238_1860	c2238	94649	L1767
c2238_1861	c2238	94649	L1768
c2240_1862	c2240	94651	L1769
c2240_1863	c2240	94651	L1770
c2241_1864	c2241	94652	L1771
c2241_1865	c2241	94652	L1772
c2262_1866	c2262	94676	L1773
c2268_1867	c2268	94682	L1774
c2268_1868	c2268	94682	L1775
c2280_1869	c2280	94694	L1776
c2281_1872	c2281	94695	L1777
c2281_1873	c2281	94695	L1778
c2281_1874	c2281	94695	L1779
c2285_1875	c2285	94699	L1780
c2286_1876	c2286	94700	L1781
c2287_1877	c2287	94701	L1782
c2287_1878	c2287	94701	L1783
c2290_1879	c2290	94704	L1784
c2293_1880	c2293	94707	L1785
c2294_1881	c2294	94708	L1786
c2304_1882	c2304	94718	L1787
c2320_1883	c2320	94736	L1788
c2322_1884	c2322	94738	L1789
c2322_1885	c2322	94738	L1790
c2323_1887	c2323	94739	L1791
c2326_1888	c2326	94742	L1792
c2327_1889	c2327	94743	L1793
c2330_1890	c2330	94746	L1794
c2330_1891	c2330	94746	L1795
c2333_1892	c2333	94749	L1796
c2333_1893	c2333	94749	L1797
c2334_1894	c2334	94750	L1798
c2341_1895	c2341	94758	L1799
c2343_1896	c2343	94760	L1800
c2343_1897	c2343	94760	L1801
c2344_1898	c2344	94761	L1802
c2346_1899	c2346	94763	L1803
c2349_1900	c2349	94766	L1804
c2349_1901	c2349	94766	L1805
c2350_1902	c2350	94767	L1806
c2350_1903	c2350	94767	L1807
c2350_1905	c2350	94768	L1808
c2350_1906	c2350	94767	L1809
c2353_1907	c2353	94772	L1810
c2361_1908	c2361	94782	L1811
c2361_1909	c2361	94782	L1812
c2365_1910	c2365	94786	L1813
c2365_1911	c2365	94786	L1814
c2366_1912	c2366	94787	L1815
c2366_1913	c2366	94787	L1816
c2367_1914	c2367	94788	L1817
c2367_1915	c2367	94788	L1818
c2368_1916	c2368	94789	L1819
c2368_1917	c2368	94789	L1820
c2369_1918	c2369	94790	L1821
c2369_1919	c2369	94790	L1822
c2370_1920	c2370	94791	L1823
c2371_1921	c2371	94792	L1824
c2371_1922	c2371	94792	L1825
c2373_1923	c2373	94795	L1826
c2373_1924	c2373	94795	L1827
c2376_1925	c2376	94799	L1828
c2377_1926	c2377	94800	L1829
c2381_1927	c2381	94807	L1830
c2386_1928	c2386	94813	L1831
c2386_1929	c2386	94813	L1832
c2390_1930	c2390	94817	L1833
c2390_1931	c2390	94817	L1834
c2391_1932	c2391	94818	L1835
c2403_1933	c2403	94831	L1836
c2403_1934	c2403	94831	L1837
c2411_1935	c2411	94840	L1838
c2411_1936	c2411	94840	L1839
c2411_1937	c2411	94840	L1840
c2411_1938	c2411	94840	L1841
c2413_1939	c2413	94842	L1842
c2413_1940	c2413	94842	L1843
c2418_1945	c2418	94847	L1844
c2418_1946	c2418	94847	L1845
c2421_1947	c2421	94850	L1846
c2421_1948	c2421	94850	L1847
c2425_1949	c2425	94854	L1848
c2425_1950	c2425	94854	L1849
c2426_1951	c2426	94855	L1850
c2426_1952	c2426	94855	L1851
c2426_1953	c2426	94855	L1852
c2426_1954	c2426	94855	L1853
c2429_1955	c2429	94859	L1854
c2430_1956	c2430	94860	L1855
c2430_1957	c2430	94860	L1856
c2431_1958	c2431	94861	L1857
c2431_1959	c2431	94861	L1858
c2431_1960	c2431	94861	L1859
c2431_1961	c2431	94861	L1860
c2432_1964	c2432	94862	L1861
c2432_1965	c2432	94862	L1862
c2434_1966	c2434	94865	L1863
c2434_1967	c2434	94865	L1864
c2435_1968	c2435	94866	L1865
c2435_1969	c2435	94866	L1866
c2436_1970	c2436	94867	L1867
c2436_1971	c2436	94867	L1868
c2441_1972	c2441	94872	L1869
c2441_1973	c2441	94872	L1870
c2442_1974	c2442	94873	L1871
c2442_1975	c2442	94873	L1872
c2446_1976	c2446	94877	L1873
c2446_1977	c2446	94877	L1874
c2447_1978	c2447	94878	L1875
c2447_1979	c2447	94878	L1876
c2448_1980	c2448	94879	L1877
c2448_1981	c2448	94879	L1878
c2451_1982	c2451	94882	L1879
c2451_1983	c2451	94882	L1880
c2453_1984	c2453	94884	L1881
c2453_1985	c2453	94884	L1882
c2455_1986	c2455	94886	L1883
c2455_1987	c2455	94886	L1884
c2457_1988	c2457	94890	L1885
c2457_1989	c2457	94890	L1886
c2458_1990	c2458	94891	L1887
c2458_1991	c2458	94891	L1888
c2458_1992	c2458	94891	L1889
c2465_1993	c2465	94898	L1890
c2465_1994	c2465	94898	L1891
c2467_1995	c2467	94900	L1892
c2467_1996	c2467	94900	L1893
c2479_1997	c2479	94915	L1894
c2480_1998	c2480	94916	L1895
c2507_1999	c2507	94947	L1896
c2511_2000	c2511	94952	L1897
c2527_2001	c2527	94973	L1898
c2556_2002	c2556	95008	L1899
c2560_2003	c2560	95012	L1900
c2560_2004	c2560	95012	L1901
c2563_2005	c2563	95015	L1902
c2565_2006	c2565	95017	L1903
c2566_2007	c2566	95018	L1904
c2566_2008	c2566	95018	L1905
c2566_2009	c2566	95018	L1906
c2569_2010	c2569	95021	L1907
c2569_2011	c2569	95021	L1908
c2584_2013	c2584	95037	L1909
c2584_2014	c2584	95037	L1910
c2584_2015	c2584	95037	L1911
c2584_2016	c2584	95037	L1912
c2592_2017	c2592	95046	L1913
c2595_2018	c2595	95052	L1914
c2598_2019	c2598	95055	L1915
c2600_2020	c2600	95057	L1916
c2601_2021	c2601	95058	L1917
c2603_2022	c2603	95060	L1918
c2604_2023	c2604	95061	L1919
c2605_2024	c2605	95062	L1920
c2607_2025	c2607	95065	L1921
c2608_2026	c2608	95066	L1922
c2609_2027	c2609	95067	L1923
c2614_2028	c2614	95072	L1924
c2614_sc_2029	c2614_sc	95073	L1925
c2615_2030	c2615	95074	L1926
c2618_2031	c2618	95077	L1927
c2619_2032	c2619	95078	L1928
c2622_2033	c2622	95081	L1929
c2627_2034	c2627	95086	L1930
c2628_2035	c2628	95087	L1931
c2628_2036	c2628	95087	L1932
c2628_2037	c2628	95087	L1933
c2629_2039	c2629	95088	L1934
c2637_2041	c2637	95097	L1935
c2637_2042	c2637	95097	L1936
c2645_2043	c2645	95106	L1937
c2655_2044	c2655	95118	L1938
c2656_2045	c2656	95120	L1939
c2658_2046	c2658	95122	L1940
c2660_2047	c2660	95124	L1941
c2662_2048	c2662	95126	L1942
c2662_2049	c2662	95126	L1943
c2663_2050	c2663	95128	L1944
c2663_2051	c2663	95128	L1945
c2664_2052	c2664	95129	L1946
c2664_2053	c2664	95129	L1947
c2665_2054	c2665	95130	L1948
c2668_2055	c2668	95133	L1949
c2671_2056	c2671	95136	L1950
c2677_2057	c2677	95143	L1951
c2678_2058	c2678	95144	L1952
c2679_2059	c2679	95145	L1953
c2682_2060	c2682	95148	L1954
c2686_2062	c2686	95152	L1955
c2689_2063	c2689	95156	L1956
c2694_2064	c2694	95163	L1957
c2694_2065	c2694	95163	L1958
c2695_2066	c2695	95164	L1959
c2695_2067	c2695	95164	L1960
c2695_2068	c2695	95164	L1961
c2695_2069	c2695	95164	L1962
c2704_2070	c2704	95173	L1963
c2710_2071	c2710	95181	L1964
c2710_2072	c2710	95181	L1965
c2711_2073	c2711	95182	L1966
c2712_2074	c2712	95183	L1967
c2712_2075	c2712	95183	L1968
c2713_2076	c2713	95184	L1969
c2713_2077	c2713	95184	L1970
c2714_2078	c2714	95185	L1971
c2719_2079	c2719	95192	L1972
c2719_2080	c2719	95192	L1973
c2722_2081	c2722	95195	L1974
c2723_2082	c2723	95196	L1975
c2724_2083	c2724	95198	L1976
c2725_2084	c2725	95199	L1977
c2725_2085	c2725	95199	L1978
c2731_2086	c2731	95205	L1979
c2733_2087	c2733	95207	L1980
c2734_2089	c2734	95208	L1981
c2735_2090	c2735	95209	L1982
c2736_2091	c2736	95210	L1983
c2737_2092	c2737	95211	L1984
c2739_2093	c2739	95213	L1985
c2745_2094	c2745	95220	L1986
c2746_2095	c2746	95221	L1987
c2746_2096	c2746	95221	L1988
c2746_2097	c2746	95221	L1989
c2746_2098	c2746	95221	L1990
c2753_2099	c2753	95229	L1991
c2756_2100	c2756	95232	L1992
c2757_2101	c2757	95233	L1993
c2757_2102	c2757	95233	L1994
c2758_2103	c2758	95234	L1995
c2765_2104	c2765	95242	L1996
c2765_2105	c2765	95242	L1997
c2765_2106	c2765	95242	L1998
c2765_2107	c2765	95242	L1999
c2776_2108	c2776	95253	L2000
c2778_2109	c2778	95255	L2001
c2785_2110	c2785	95262	L2002
c2785_2111	c2785	95262	L2003
c2786_2112	c2786	95263	L2004
c2786_2113	c2786	95263	L2005
c2789_2114	c2789	95266	L2006
c2789_2115	c2789	95266	L2007
c2790_2116	c2790	95267	L2008
c2791_2117	c2791	95268	L2009
c2791_2118	c2791	95268	L2010
c2797_2119	c2797	95276	L2011
c2802_2120	c2802	95281	L2012
c2802_2121	c2802	95281	L2013
c2803_2122	c2803	95282	L2014
c2803_2123	c2803	95282	L2015
c2805_2124	c2805	95284	L2016
c2806_2125	c2806	95285	L2017
c2806_2126	c2806	95285	L2018
c2806_2127	c2806	95285	L2019
c2806_2128	c2806	95285	L2020
c2810_2129	c2810	95289	L2021
c2810_2130	c2810	95289	L2022
c2811_2133	c2811	95290	L2023
c2811_2134	c2811	95290	L2024
c2813_2135	c2813	95294	L2025
c2813_2136	c2813	95294	L2026
c2816_2137	c2816	95297	L2027
c2819_2138	c2819	95300	L2028
c2819_2139	c2819	95300	L2029
c2820_2140	c2820	95301	L2030
c2820_2141	c2820	95301	L2031
c2820_2142	c2820	95301	L2032
c2820_2143	c2820	95301	L2033
c2824_2148	c2824	95305	L2034
c2824_2149	c2824	95305	L2035
c2826_2150	c2826	95307	L2036
c2826_2153	c2826	95307	L2037
c2827_2156	c2827	95309	L2038
c2827_2157	c2827	95309	L2039
c2827_2158	c2827	95309	L2040
c2827_2159	c2827	95309	L2041
c2827_2160	c2827	95309	L2042
c2827_2161	c2827	95309	L2043
c2832_2162	c2832	95314	L2044
c2832_2163	c2832	95314	L2045
c2832_2164	c2832	95314	L2046
c2836_2165	c2836	95318	L2047
c2836_2167	c2836	95318	L2048
c2839_2169	c2839	95321	L2049
c2839_2170	c2839	95321	L2050
c2840_2171	c2840	95322	L2051
c2840_2172	c2840	95322	L2052
c2841_2173	c2841	95323	L2053
c2841_2174	c2841	95323	L2054
c2842_2175	c2842	95324	L2055
c2847_2176	c2847	95331	L2056
c2847_2177	c2847	95331	L2057
c2848_2178	c2848	95332	L2058
c2848_2179	c2848	95332	L2059
c2851_2180	c2851	95335	L2060
c2851_2181	c2851	95335	L2061
c2853_2182	c2853	95337	L2062
c2854_2183	c2854	95339	L2063
c2854_2184	c2854	95339	L2064
c2856_2185	c2856	95341	L2065
c2856_2186	c2856	95341	L2066
c2865_2187	c2865	95351	L2067
c2865_2188	c2865	95351	L2068
c2868_2189	c2868	95354	L2069
c2868_2190	c2868	95354	L2070
c2868_2191	c2868	95354	L2071
c2868_2192	c2868	95354	L2072
c2868_2193	c2868	95354	L2073
c2868_2194	c2868	95354	L2074
c2869_2195	c2869	95355	L2075
c2869_2196	c2869	95355	L2076
c2871_2197	c2871	95357	L2077
c2871_2198	c2871	95357	L2078
c2872_2199	c2872	95358	L2079
c2872_2200	c2872	95358	L2080
c2880_2201	c2880	95366	L2081
c2881_2202	c2881	95367	L2082
c2881_2203	c2881	95367	L2083
c2885_2206	c2885	95371	L2084
c2885_2207	c2885	95371	L2085
c2894_2208	c2894	95380	L2086
c2894_2209	c2894	95380	L2087
c2895_2210	c2895	95381	L2088
c2895_2211	c2895	95381	L2089
c2895_2212	c2895	95381	L2090
c2895_2213	c2895	95381	L2091
c2899_2214	c2899	95385	L2092
c2899_2215	c2899	95385	L2093
c2902_2216	c2902	95388	L2094
c2902_2217	c2902	95388	L2095
c2904_2218	c2904	95390	L2096
c2904_2219	c2904	95390	L2097
c2909_2220	c2909	95395	L2098
c2909_2221	c2909	95395	L2099
c2912_2222	c2912	95398	L2100
c2912_2223	c2912	95398	L2101
c2918_2224	c2918	95404	L2102
c2922_2225	c2922	95408	L2103
c2922_2226	c2922	95408	L2104
c2925_2227	c2925	95411	L2105
c2925_2228	c2925	95411	L2106
c2925_2229	c2925	95411	L2107
c2927_2230	c2927	95413	L2108
c2931_2231	c2931	95417	L2109
c2931_2232	c2931	95417	L2110
c2932_2233	c2932	95418	L2111
c2932_2234	c2932	95418	L2112
c2933_2235	c2933	95419	L2113
c2933_2236	c2933	95419	L2114
c2943_2237	c2943	95429	L2115
c2944_2238	c2944	95430	L2116
c2946_2239	c2946	95432	L2117
c2946_2240	c2946	95432	L2118
c2946_2241	c2946	95432	L2119
c2947_2242	c2947	95433	L2120
c2947_2243	c2947	95433	L2121
c2949_2244	c2949	95435	L2122
c2949_sc_2245	c2949_sc	95436	L2123
c2951_2246	c2951	95438	L2124
c2952_2247	c2952	95439	L2125
c2954_2248	c2954	95441	L2126
c2954_2249	c2954	95441	L2127
c2955_2250	c2955	95442	L2128
c2956_2251	c2956	95443	L2129
c2960_2252	c2960	95447	L2130
c2961_2253	c2961	95448	L2131
c2963_2254	c2963	95450	L2132
c2966_2255	c2966	95453	L2133
c2968_2256	c2968	95456	L2134
c2969_2257	c2969	95457	L2135
c2972_2258	c2972	95460	L2136
c2977_2259	c2977	95465	L2137
c2983_2260	c2983	95471	L2138
c2986_2261	c2986	95475	L2139
c2987_2262	c2987	95476	L2140
c2992_2263	c2992	95483	L2141
c2996_2264	c2996	95487	L2142
c3010_2265	c3010	95501	L2143
c3011_2266	c3011	95502	L2144
c3013_2267	c3013	95504	L2145
c3013_2268	c3013	95504	L2146
c3013_2269	c3013	95505	L2147
c3013_2270	c3013	95505	L2148
c3020_2271	c3020	95512	L2149
c3023_2272	c3023	95515	L2150
c3030_2273	c3030	95522	L2151
c3032_2274	c3032	95524	L2152
c3033_2275	c3033	95525	L2153
c3034_2276	c3034	95526	L2154
c3042_2277	c3042	95535	L2155
c3046_2278	c3046	95539	L2156
c3047_2279	c3047	95540	L2157
c3051_2280	c3051	95545	L2158
c3051_2281	c3051	95545	L2159
c3059_2282	c3059	95553	L2160
c3060_2283	c3060	95554	L2161
c3066_2284	c3066	95561	L2162
c3070_2285	c3070	95565	L2163
c3072_2286	c3072	95567	L2164
c3073_2287	c3073	95568	L2165
c3074_2288	c3074	95569	L2166
c3074_2289	c3074	95569	L2167
c3074_2290	c3074	95569	L2168
c3077_2291	c3077	95572	L2169
c3078_2292	c3078	95573	L2170
c3080_2293	c3080	95575	L2171
c3081_2294	c3081	95576	L2172
c3082_2295	c3082	95577	L2173
c3084_2296	c3084	95579	L2174
c3085_2297	c3085	95580	L2175
c3087_2298	c3087	95582	L2176
c3088_2299	c3088	95583	L2177
c3099_2300	c3099	95595	L2178
c3101_2301	c3101	95597	L2179
c3103_2302	c3103	95599	L2180
c3105_2303	c3105	95601	L2181
c3112_2304	c3112	95608	L2182
c3113_2305	c3113	95609	L2183
c3118_2307	c3118	95615	L2184
c3119_2308	c3119	95616	L2185
c3120_2309	c3120	95617	L2186
c3124_2310	c3124	95621	L2187
c3124_2311	c3124	95621	L2188
c3125_2312	c3125	95622	L2189
c3130_2314	c3130	95627	L2190
c3132_2315	c3132	95629	L2191
c3136_2316	c3136	95633	L2192
c3137_2317	c3137	95634	L2193
c3141_2318	c3141	95638	L2194
c3141_2319	c3141	95638	L2195
c3143_2320	c3143	95640	L2196
c3146_2321	c3146	95643	L2197
c3147_2322	c3147	95644	L2198
c3154_2323	c3154	95651	L2199
c3162_2324	c3162	95661	L2200
c3162_2325	c3162	95661	L2201
c3165_2326	c3165	95665	L2202
c3174_2327	c3174	95677	L2203
c3175_2328	c3175	95678	L2204
c3176_2329	c3176	95679	L2205
c3178_2330	c3178	95681	L2206
c3178_sc_2331	c3178_sc	95682	L2207
c3179_2332	c3179	95683	L2208
c3182_2333	c3182	95686	L2209
c3183_2334	c3183	95688	L2210
c3183_2335	c3183	95688	L2211
c3183_sc_2336	c3183_sc	95687	L2212
c3186_2337	c3186	95691	L2213
c3193_2338	c3193	95698	L2214
c3196_2339	c3196	95701	L2215
c3198_2340	c3198	95703	L2216
c3201_2341	c3201	95706	L2217
c3201_2342	c3201	95706	L2218
c3204_2343	c3204	95709	L2219
c3207_2344	c3207	95712	L2220
c3213_2345	c3213	95718	L2221
c3213_2346	c3213	95718	L2222
c3220_2347	c3220	95726	L2223
c3220_2348	c3220	95726	L2224
c3221_2349	c3221	95727	L2225
c3222_2350	c3222	95728	L2226
c3222_2351	c3222	95728	L2227
c3223_2353	c3223	95729	L2228
c3223_2354	c3223	95729	L2229
c3226_2355	c3226	95732	L2230
c3227_2356	c3227	95733	L2231
c3227_sc_2358	c3227_sc	95734	L2232
c3234_2359	c3234	95742	L2233
c3235_2361	c3235	95743	L2234
c3237_2362	c3237	95745	L2235
c3241_2363	c3241	95749	L2236
c3242_2364	c3242	95750	L2237
c3242_2365	c3242	95750	L2238
c3244_2366	c3244	95752	L2239
c3246_2367	c3246	95754	L2240
c3247_2368	c3247	95755	L2241
c3256_2369	c3256	95765	L2242
c3258_2370	c3258	95767	L2243
c3260_2371	c3260	95769	L2244
c3263_2372	c3263	95772	L2245
c3264_2373	c3264	95773	L2246
c3267_2374	c3267	95776	L2247
c3268_2375	c3268	95777	L2248
c3273_2376	c3273	95783	L2249
c3278_2377	c3278	95788	L2250
c3281_2378	c3281	95791	L2251
c3282_2379	c3282	95792	L2252
c3283_2380	c3283	95793	L2253
c3284_2381	c3284	95794	L2254
c3286_2382	c3286	95796	L2255
c3289_2383	c3289	95799	L2256
c3291_2384	c3291	95801	L2257
c3293_2385	c3293	95803	L2258
c3296_2386	c3296	95806	L2259
c3301_2387	c3301	95811	L2260
c3303_2388	c3303	95813	L2261
c3305_2389	c3305	95815	L2262
c3306_2390	c3306	95816	L2263
c3307_2391	c3307	95817	L2264
c3312_2392	c3312	95822	L2265
c3313_2393	c3313	95823	L2266
c3316_2394	c3316	95826	L2267
c3316_2395	c3316	95826	L2268
c3317_2396	c3317	95827	L2269
c3318_2397	c3318	95828	L2270
c3318_2398	c3318	95828	L2271
c3319_2399	c3319	95829	L2272
c3320_2400	c3320	95830	L2273
c3323_2401	c3323	95833	L2274
c3323_2402	c3323	95833	L2275
c3326_2404	c3326	95836	L2276
c3327_2405	c3327	95837	L2277
c3328_2406	c3328	95838	L2278
c3329_2407	c3329	95839	L2279
c3337_2408	c3337	95847	L2280
c3338_2409	c3338	95848	L2281
c3339_2410	c3339	95849	L2282
c3339_2411	c3339	95849	L2283
c3340_2412	c3340	95850	L2284
c3341_2413	c3341	95851	L2285
c3343_2414	c3343	95853	L2286
c3345_2415	c3345	95855	L2287
c3346_2416	c3346	95856	L2288
c3348_2417	c3348	95858	L2289
c3351_2418	c3351	95861	L2290
c3355_2419	c3355	95866	L2291
c3359_2420	c3359	95870	L2292
c3360_2421	c3360	95871	L2293
c3366_2422	c3366	95877	L2294
c3370_2423	c3370	95883	L2295
c3371_2424	c3371	95884	L2296
c3374_2425	c3374	95887	L2297
c3376_2426	c3376	95889	L2298
c3377_2427	c3377	95890	L2299
c3379_2428	c3379	95892	L2300
c3383_2429	c3383	95896	L2301
c3385_2430	c3385	95898	L2302
c3386_2431	c3386	95899	L2303
c3393_2432	c3393	95906	L2304
c3400_2433	c3400	95913	L2305
c3402_2434	c3402	95915	L2306
c3403_2435	c3403	95916	L2307
c3404_2436	c3404	95917	L2308
c3404_2437	c3404	95917	L2309
c3411_2438	c3411	95925	L2310
c3411_2439	c3411	95925	L2311
c3418_2440	c3418	95932	L2312
c3418_2441	c3418	95932	L2313
c3419_2444	c3419	95933	L2314
c3420_2445	c3420	95934	L2315
c3420_2446	c3420	95934	L2316
c3428_2449	c3428	95943	L2317
c3435_2450	c3435	95951	L2318
c3440_2451	c3440	95956	L2319
c3440_2452	c3440	95956	L2320
c3442_2453	c3442	95958	L2321
c3444_2454	c3444	95960	L2322
c3446_2455	c3446	95962	L2323
c3448_2456	c3448	95964	L2324
c3449_2457	c3449	95965	L2325
c3451_2458	c3451	95967	L2326
c3452_2459	c3452	95968	L2327
c3454_2460	c3454	95970	L2328
c3455_2462	c3455	95971	L2329
c3456_2463	c3456	95972	L2330
c3456_2464	c3456	95972	L2331
c3460_2466	c3460	95976	L2332
c3460_2467	c3460	95976	L2333
c3461_2468	c3461	95977	L2334
c3461_2469	c3461	95977	L2335
c3463_2470	c3463	95979	L2336
c3464_2471	c3464	95980	L2337
c3467_2472	c3467	95985	L2338
c3468_2473	c3468	95986	L2339
c3469_2474	c3469	95987	L2340
c3470_2475	c3470	95988	L2341
c3470_2476	c3470	95988	L2342
c3471_2477	c3471	95989	L2343
c3472_2478	c3472	95990	L2344
c3473_2479	c3473	95991	L2345
c3475_2480	c3475	95993	L2346
c3476_2481	c3476	95994	L2347
c3476_2482	c3476	95994	L2348
c3479_2483	c3479	95997	L2349
c3480_2484	c3480	95998	L2350
c3481_2485	c3481	95999	L2351
c3481_2486	c3481	95999	L2352
c3484_2488	c3484	96002	L2353
c3489_2489	c3489	96008	L2354
c3489_2490	c3489	96008	L2355
c3496_2491	c3496	96016	L2356
c3499_2492	c3499	96019	L2357
c3500_2493	c3500	96020	L2358
c3506_2494	c3506	96026	L2359
c3510_2495	c3510	96030	L2360
c3512_2496	c3512	96033	L2361
c3514_2497	c3514	96035	L2362
c3514_2498	c3514	96035	L2363
c3515_2500	c3515	96036	L2364
c3516_2501	c3516	96037	L2365
c3516_2502	c3516	96037	L2366
c3517_2503	c3517	96038	L2367
c3526_2504	c3526	96048	L2368
c3528_2505	c3528	96050	L2369
c3532_2506	c3532	96054	L2370
c3532_2507	c3532	96054	L2371
c3536_2508	c3536	96058	L2372
c3540_2509	c3540	96062	L2373
c3541_2510	c3541	96063	L2374
c3543_2511	c3543	96065	L2375
c3543_2512	c3543	96065	L2376
c3549_2513	c3549	96071	L2377
c3555_2514	c3555	96078	L2378
c3568_2515	c3568	96095	L2379
c3569_2516	c3569	96097	L2380
c3570_2517	c3570	96098	L2381
c3571_2518	c3571	96099	L2382
c3573_2519	c3573	96101	L2383
c3575_2520	c3575	96104	L2384
c3575_2521	c3575	96104	L2385
c3581_2522	c3581	96110	L2386
c3583_2523	c3583	96112	L2387
c3583_2524	c3583	96112	L2388
c3588_2526	c3588	96117	L2389
c3590_2527	c3590	96120	L2390
c3593_2528	c3593	96123	L2391
c3595_2529	c3595	96125	L2392
c3595_2530	c3595	96125	L2393
c3596_2531	c3596	96126	L2394
c3597_2532	c3597	96127	L2395
c3599_2533	c3599	96129	L2396
c3601_2534	c3601	96131	L2397
c3602_2535	c3602	96132	L2398
c3603_2536	c3603	96133	L2399
c3604_2537	c3604	96134	L2400
c3604_2538	c3604	96134	L2401
c3605_2539	c3605	96135	L2402
c3610_2540	c3610	96140	L2403
c3611_2541	c3611	96141	L2404
c3615_2542	c3615	96145	L2405
c3616_2543	c3616	96146	L2406
c3620_2544	c3620	96151	L2407
c3622_2545	c3622	96153	L2408
c3625_2546	c3625	96156	L2409
c3626_2547	c3626	96157	L2410
c3628_2548	c3628	96159	L2411
c3628_2549	c3628	96159	L2412
c3629_2550	c3629	96160	L2413
c3632_2551	c3632	96163	L2414
c3633_2552	c3633	96164	L2415
c3635_2553	c3635	96167	L2416
c3635_2554	c3635	96167	L2417
c3637_2555	c3637	96169	L2418
c3641_2556	c3641	96173	L2419
c3641_2557	c3641	96173	L2420
c3642_2558	c3642	96174	L2421
c3643_2559	c3643	96175	L2422
c3644_2560	c3644	96176	L2423
c3652_2562	c3652	96186	L2424
c3652_2563	c3652	96186	L2425
c3652_2564	c3652	96186	L2426
c3652_2565	c3652	96185	L2427
c3652_2566	c3652	96185	L2428
c3656_2567	c3656	96192	L2429
c3658_2568	c3658	96194	L2430
c3662_2569	c3662	96198	L2431
c3664_2570	c3664	96200	L2432
c3666_2571	c3666	96202	L2433
c3670_2572	c3670	96206	L2434
c3671_2573	c3671	96207	L2435
c3673_2574	c3673	96209	L2436
c3683_2575	c3683	96219	L2437
c3686_2576	c3686	96222	L2438
c3687_2577	c3687	96223	L2439
c3688_2578	c3688	96224	L2440
c3690_2579	c3690	96226	L2441
c3690_2580	c3690	96226	L2442
c3692_2582	c3692	96228	L2443
c3701_2583	c3701	96239	L2444
c3705_2584	c3705	96243	L2445
c3712_2585	c3712	96251	L2446
c3713_2586	c3713	96252	L2447
c3715_2587	c3715	96254	L2448
c3716_2588	c3716	96255	L2449
c3720_2589	c3720	96259	L2450
c3721_2590	c3721	96260	L2451
c3722_2591	c3722	96261	L2452
c3725_2592	c3725	96266	L2453
c3726_2593	c3726	96267	L2454
c3726_2594	c3726	96267	L2455
c3728_2595	c3728	96269	L2456
c3729_2596	c3729	96270	L2457
c3731_2597	c3731	96272	L2458
c3734_2598	c3734	96275	L2459
c3735_2599	c3735	96276	L2460
c3736_2600	c3736	96277	L2461
c3740_2601	c3740	96281	L2462
c3740_sc_2602	c3740_sc	96282	L2463
c3740_sc_2603	c3740_sc	96282	L2464
c3746_2604	c3746	96288	L2465
c3748_2605	c3748	96290	L2466
c3750_2606	c3750	96292	L2467
c3751_2607	c3751	96293	L2468
c3752_2608	c3752	96294	L2469
c3752_2609	c3752	96294	L2470
c3757_2610	c3757	96299	L2471
c3765_2611	c3765	96307	L2472
c3765_2612	c3765	96307	L2473
c3770_2613	c3770	96312	L2474
c3774_2615	c3774	96316	L2475
c3775_2617	c3775	96317	L2476
c3787_2618	c3787	96330	L2477
c3792_2619	c3792	96336	L2478
c3794_2620	c3794	96338	L2479
c3795_2621	c3795	96339	L2480
c3799_2622	c3799	96343	L2481
c3802_2623	c3802	96348	L2482
c3804_2624	c3804	96350	L2483
c3805_2625	c3805	96351	L2484
c3811_2626	c3811	96357	L2485
c3811_2627	c3811	96357	L2486
c3813_2628	c3813	96359	L2487
c3813_sc_2629	c3813_sc	96360	L2488
c3813_sc_2630	c3813_sc	96360	L2489
c3817_2631	c3817	96364	L2490
c3818_2632	c3818	96365	L2491
c3820_2633	c3820	96367	L2492
c3821_2634	c3821	96368	L2493
c3823_2635	c3823	96370	L2494
c3829_2636	c3829	96376	L2495
c3831_2637	c3831	96378	L2496
c3832_2638	c3832	96379	L2497
c3833_2639	c3833	96380	L2498
c3836_2640	c3836	96386	L2499
c3836_2641	c3836	96384	L2500
c3836_2642	c3836	96385	L2501
c3840_2643	c3840	96391	L2502
c3842_2644	c3842	96393	L2503
c3843_2645	c3843	96394	L2504
c3844_2646	c3844	96395	L2505
c3844_2647	c3844	96395	L2506
c3847_2648	c3847	96398	L2507
c3849_2649	c3849	96400	L2508
c3853_2650	c3853	96404	L2509
c3854_2651	c3854	96405	L2510
c3855_2652	c3855	96406	L2511
c3858_2653	c3858	96409	L2512
c3859_2654	c3859	96410	L2513
c3860_2655	c3860	96411	L2514
c3864_2656	c3864	96415	L2515
c3867_2657	c3867	96418	L2516
c3867_2658	c3867	96418	L2517
c3868_2659	c3868	96420	L2518
c3869_2660	c3869	96421	L2519
c3870_2663	c3870	96422	L2520
c3872_2664	c3872	96424	L2521
c3878_2665	c3878	96431	L2522
c3879_2666	c3879	96432	L2523
c3880_2667	c3880	96433	L2524
c3881_2668	c3881	96434	L2525
c3883_2669	c3883	96436	L2526
c3883_2670	c3883	96436	L2527
c3889_2671	c3889	96443	L2528
c3892_2672	c3892	96446	L2529
c3892_2673	c3892	96446	L2530
c3894_2674	c3894	96448	L2531
c3895_2675	c3895	96449	L2532
c3895_2676	c3895	96449	L2533
c3899_2677	c3899	96453	L2534
c3901_2678	c3901	96456	L2535
c3905_2679	c3905	96460	L2536
c3905_2680	c3905	96460	L2537
c3909_2681	c3909	96464	L2538
c3911_2682	c3911	96466	L2539
c3913_2683	c3913	96468	L2540
c3914_2684	c3914	96469	L2541
c3915_2685	c3915	96470	L2542
c3921_2686	c3921	96476	L2543
c3924_2687	c3924	96479	L2544
c3926_2688	c3926	96482	L2545
c3931_2689	c3931	96487	L2546
c3932_2690	c3932	96488	L2547
c3933_2691	c3933	96489	L2548
c3934_2692	c3934	96490	L2549
c3937_2693	c3937	96493	L2550
c3938_2694	c3938	96494	L2551
c3939_2695	c3939	96495	L2552
c3939_2696	c3939	96495	L2553
c3941_2697	c3941	96497	L2554
c3941_2698	c3941	96497	L2555
c3951_2700	c3951	96508	L2556
c3951_2701	c3951	96508	L2557
c3952_2702	c3952	96509	L2558
c3955_2703	c3955	96512	L2559
c3955_2704	c3955	96512	L2560
c3955_2705	c3955	96512	L2561
c3956_2706	c3956	96513	L2562
c3962_2707	c3962	96520	L2563
c3978_2708	c3978	96537	L2564
c3986_2709	c3986	96545	L2565
c3990_2710	c3990	96549	L2566
c3991_2711	c3991	96550	L2567
c3991_2712	c3991	96550	L2568
c3991_2713	c3991	96550	L2569
c3997_2714	c3997	96557	L2570
c4015_2715	c4015	96578	L2571
c4039_2716	c4039	96607	L2572
c4044_2717	c4044	96612	L2573
c4078_2718	c4078	96654	L2574
c4082_2719	c4082	96658	L2575
c4086_2720	c4086	96662	L2576
c4093_2721	c4093	96669	L2577
c4093_2722	c4093	96669	L2578
c4097_2723	c4097	96673	L2579
c4100_2724	c4100	96676	L2580
c4101_2725	c4101	96677	L2581
c4101_2726	c4101	96677	L2582
c4104_2727	c4104	96680	L2583
c4107_2728	c4107	96683	L2584
c4109_2729	c4109	96685	L2585
c4109_2730	c4109	96685	L2586
c4111_2731	c4111	96687	L2587
c4111_2732	c4111	96687	L2588
c4112_2733	c4112	96688	L2589
c4112_2734	c4112	96688	L2590
c4112_2735	c4112	96688	L2591
c4112_2736	c4112	96688	L2592
c4116_2737	c4116	96692	L2593
c4116_2738	c4116	96692	L2594
c4117_2739	c4117	96693	L2595
c4117_2740	c4117	96693	L2596
c4120_2741	c4120	96696	L2597
c4120_2742	c4120	96696	L2598
c4122_2743	c4122	96698	L2599
c4122_2744	c4122	96698	L2600
c4124_2745	c4124	96700	L2601
c4124_2746	c4124	96700	L2602
c4125_2747	c4125	96701	L2603
c4125_2748	c4125	96701	L2604
c4125_2749	c4125	96701	L2605
c4125_2750	c4125	96701	L2606
c4128_2751	c4128	96704	L2607
c4128_2752	c4128	96704	L2608
c4130_2753	c4130	96706	L2609
c4130_2754	c4130	96706	L2610
c4130_2755	c4130	96706	L2611
c4131_2756	c4131	96707	L2612
c4131_2757	c4131	96707	L2613
c4141_2758	c4141	96717	L2614
c4141_2759	c4141	96717	L2615
c4162_2760	c4162	96738	L2616
c4162_2761	c4162	96738	L2617
c4162_2762	c4162	96738	L2618
c4190_2763	c4190	96769	L2619
c4220_2764	c4220	96802	L2620
c4226_2765	c4226	96809	L2621
c4238_2766	c4238	96822	L2622
c4247_2768	c4247	96832	L2623
c4249_2769	c4249	96834	L2624
c4254_2770	c4254	96839	L2625
c4268_2771	c4268	96858	L2626
c4268_2772	c4268	96858	L2627
c4279_2773	c4279	96869	L2628
c4279_2774	c4279	96869	L2629
c4287_2775	c4287	96878	L2630
c4290_2776	c4290	96881	L2631
c4290_2777	c4290	96881	L2632
c4297_2778	c4297	96888	L2633
c4301_2779	c4301	96892	L2634
c4304_2780	c4304	96895	L2635
c4307_2781	c4307	96898	L2636
c4322_2782	c4322	96916	L2637
c4324_2783	c4324	96918	L2638
c4331_2784	c4331	96925	L2639
c4344_2785	c4344	96939	L2640
c4347_2786	c4347	96943	L2641
c4354_2787	c4354	96951	L2642
c4359_2788	c4359	96957	L2643
c4367_2789	c4367	96965	L2644
c4367_2790	c4367	96965	L2645
c4369_2791	c4369	96967	L2646
c4370_2792	c4370	96968	L2647
c4373_2793	c4373	96971	L2648
c4390_2794	c4390	96990	L2649
c4390_2795	c4390	96990	L2650
c4390_2796	c4390	96990	L2651
c4390_2797	c4390	96990	L2652
c4396_2798	c4396	96997	L2653
c4397_2799	c4397	96998	L2654
c4412_2800	c4412	97016	L2655
c4414_2801	c4414	97018	L2656
c4418_2802	c4418	97022	L2657
c4430_2803	c4430	97037	L2658
c4433_2804	c4433	97040	L2659
c4439_2805	c4439	97046	L2660
c4442_2806	c4442	97049	L2661
c4445_2807	c4445	97052	L2662
c4449_2808	c4449	97056	L2663
c4453_2809	c4453	97060	L2664
c4465_2810	c4465	97074	L2665
c4491_2811	c4491	97105	L2666
c4494_2812	c4494	97109	L2667
c4496_2813	c4496	97111	L2668
c4496_2814	c4496	97111	L2669
c4504_2815	c4504	97121	L2670
c4521_2816	c4521	97139	L2671
c4524_2817	c4524	97142	L2672
c4524_2818	c4524	97142	L2673
c4559_2819	c4559	97179	L2674
c4561_2820	c4561	97182	L2675
c4565_2821	c4565	97186	L2676
c4566_2822	c4566	97187	L2677
c4568_2823	c4568	97189	L2678
c4594_2824	c4594	97219	L2679
c4594_2825	c4594	97219	L2680
c4604_2826	c4604	97229	L2681
c4622_2827	c4622	97249	L2682
c4622_2828	c4622	97248	L2683
c4622_2829	c4622	97248	L2684
c4626_2830	c4626	97253	L2685
c4639_2831	c4639	97269	L2686
c4656_2832	c4656	97287	L2687
c4656_2833	c4656	97287	L2688
c4657_2834	c4657	97288	L2689
c4659_2835	c4659	97290	L2690
c4673_2836	c4673	97304	L2691
c4699_2837	c4699	97334	L2692
c4704_2838	c4704	97339	L2693
c4706_2839	c4706	97341	L2694
c4706_2840	c4706	97341	L2695
c4706_2841	c4706	97341	L2696
c4706_2842	c4706	97341	L2697
c4706_2843	c4706	97341	L2698
c4706_2844	c4706	97341	L2699
c4712_2849	c4712	97348	L2700
c4720_2852	c4720	97356	L2701
c4721_2853	c4721	97357	L2702
c4726_2854	c4726	97362	L2703
c4733_2855	c4733	97369	L2704
c4736_2856	c4736	97372	L2705
c4743_2857	c4743	97380	L2706
c4747_2858	c4747	97384	L2707
c4755_2859	c4755	97393	L2708
c4755_2860	c4755	97393	L2709
c4769_2861	c4769	97408	L2710
c4798_2862	c4798	97441	L2711
c4812_2863	c4812	97455	L2712
c4812_2864	c4812	97455	L2713
c4816_2865	c4816	97459	L2714
c4816_2866	c4816	97459	L2715
c4820_2867	c4820	97463	L2716
c4820_2868	c4820	97463	L2717
c4835_2869	c4835	97480	L2718
c4857_2870	c4857	97506	L2719
c4858_2871	c4858	97507	L2720
c4859_2872	c4859	97508	L2721
c4860_2873	c4860	97509	L2722
c4864_2874	c4864	97513	L2723
c6143_2875	c6143	97526	L2724
c6524_2876	c6524	97533	L2725
c6524_2877	c6524	97533	L2726
c6528_2878	c6528	97537	L2727
c6529_2879	c6529	97538	L2728
c6643_2880	c6643	97546	L2729
c6657_2881	c6657	97551	L2730
c7058_2882	c7058	97555	L2731
c7058_2883	c7058	97555	L2732
c7146_2884	c7146	97558	L2733
c7146_2885	c7146	97558	L2734
c7146_2886	c7146	97559	L2735
c7250_2887	c7250	97566	L2736
c7604_2888	c7604	97587	L2737
c7677_2889	c7677	97589	L2738
c7886_2890	c7886	97596	L2739
c7886_2891	c7886	97596	L2740
c7886_2892	c7886	97596	L2741
c7886_2893	c7886	97596	L2742
c7887_2894	c7887	97597	L2743
c7887_2895	c7887	97597	L2744
c7890_2896	c7890	97600	L2745
c7890_2897	c7890	97600	L2746
c8040_2898	c8040	97606	L2747
c8796_2899	c8796	97619	L2748
c9704_2900	c9704	97646	L2749
c9704_2901	c9704	97646	L2750
c9704_2902	c9704	97646	L2751
d0035_2903	d0035	97894	L2752
d0038_2904	d0038	97897	L2753
d0038_2905	d0038	97897	L2754
d0051_2906	d0051	97910	L2755
d0066_2907	d0066	97926	L2756
d0073_2908	d0073	97934	L2757
d0075_2909	d0075	97936	L2758
d0076_2910	d0076	97937	L2759
d0080_2911	d0080	97941	L2760
d0084_2912	d0084	97945	L2761
d0085_2913	d0085	97946	L2762
d0086_2914	d0086	97947	L2763
d0087_2915	d0087	97948	L2764
d0088_2916	d0088	97949	L2765
d0089_2917	d0089	97950	L2766
d0090_2918	d0090	97951	L2767
d0090_2919	d0090	97951	L2768
d0093_2921	d0093	97954	L2769
d0095_2922	d0095	97957	L2770
d0096_2923	d0096	97958	L2771
d0100_2924	d0100	97962	L2772
d0101_2925	d0101	97963	L2773
d0102_2926	d0102	97964	L2774
d0106_2927	d0106	97969	L2775
d0110_2928	d0110	97973	L2776
d0111_2929	d0111	97974	L2777
d0112_2930	d0112	97975	L2778
d0114_2931	d0114	97977	L2779
d0115_2932	d0115	97978	L2780
d0118_2933	d0118	97981	L2781
d0120_2934	d0120	97983	L2782
d0124_2935	d0124	97987	L2783
d0128_2936	d0128	97992	L2784
d0130_2937	d0130	97994	L2785
d0132_2938	d0132	97996	L2786
d0135_2939	d0135	97999	L2787
d0141_2940	d0141	98006	L2788
d0142_2941	d0142	98007	L2789
d0143_2942	d0143	98008	L2790
d0154_2943	d0154	98022	L2791
d0171_2944	d0171	98040	L2792
d0177_2945	d0177	98047	L2793
d0178_2947	d0178	98048	L2794
d0178_2948	d0178	98048	L2795
d0182_2949	d0182	98053	L2796
d0188_2951	d0188	98059	L2797
d0189_2952	d0189	98060	L2798
d0199_2953	d0199	98071	L2799
d0199_2954	d0199	98071	L2800
d0201_2956	d0201	98073	L2801
d0202_2957	d0202	98074	L2802
d0204_2958	d0204	98077	L2803
d0206_2959	d0206	98079	L2804
d0211_2960	d0211	98085	L2805
d0212_2961	d0212	98086	L2806
d0216_2962	d0216	98090	L2807
d0220_2963	d0220	98094	L2808
d0224_2964	d0224	98101	L2809
d0228_2965	d0228	98105	L2810
d0229_2966	d0229	98106	L2811
d0232_2967	d0232	98109	L2812
d0235_2968	d0235	98112	L2813
d0236_2969	d0236	98113	L2814
d0238_2970	d0238	98116	L2815
d0238_2971	d0238	98116	L2816
d0238_2972	d0238	98115	L2817
d0238_2973	d0238	98116	L2818
d0243_2974	d0243	98124	L2819
d0245_2975	d0245	98126	L2820
d0247_2976	d0247	98128	L2821
d0252_2977	d0252	98133	L2822
d0254_2978	d0254	98135	L2823
d0259_2979	d0259	98140	L2824
d0260_2980	d0260	98141	L2825
d0261_2981	d0261	98142	L2826
d0264_2982	d0264	98145	L2827
d0265_2983	d0265	98146	L2828
d0265_2984	d0265	98146	L2829
d0267_2985	d0267	98148	L2830
d0274_2986	d0274	98156	L2831
d0279_2987	d0279	98161	L2832
d0283_2989	d0283	98165	L2833
d0293_2990	d0293	98177	L2834
d0293_2991	d0293	98177	L2835
d0295_2992	d0295	98179	L2836
d0296_2993	d0296	98180	L2837
d0303_2995	d0303	98187	L2838
d0311_2996	d0311	98197	L2839
d0313_2997	d0313	98200	L2840
d0314_2998	d0314	98201	L2841
d0318_2999	d0318	98205	L2842
d0319_3000	d0319	98206	L2843
d0320_3001	d0320	98207	L2844
d0322_3002	d0322	98209	L2845
d0323_3003	d0323	98210	L2846
d0330_3004	d0330	98219	L2847
d0330_3005	d0330	98219	L2848
d0333_3006	d0333	98222	L2849
d0333_3007	d0333	98222	L2850
d0334_3008	d0334	98223	L2851
d0334_3009	d0334	98223	L2852
d0334_3010	d0334	98223	L2853
d0341_3011	d0341	98230	L2854
d0342_3012	d0342	98231	L2855
d0347_3013	d0347	98236	L2856
d0356_3014	d0356	98245	L2857
d0358_3015	d0358	98247	L2858
d0362_3016	d0362	98252	L2859
d0363_3020	d0363	98253	L2860
d0365_3021	d0365	98255	L2861
d0365_3022	d0365	98255	L2862
d0366_3023	d0366	98256	L2863
d0366_3024	d0366	98256	L2864
d0367_3025	d0367	98257	L2865
d0368_3026	d0368	98258	L2866
d0368_3027	d0368	98258	L2867
d0369_3029	d0369	98259	L2868
d0370_3030	d0370	98260	L2869
d0371_3031	d0371	98261	L2870
d0372_3032	d0372	98262	L2871
d0372_3033	d0372	98262	L2872
d0372_3034	d0372	98262	L2873
d0377_3035	d0377	98267	L2874
d0378_3036	d0378	98268	L2875
d0380_3037	d0380	98270	L2876
d0380_3038	d0380	98270	L2877
d0380_3039	d0380	98270	L2878
d0381_3040	d0381	98271	L2879
d0382_3041	d0382	98272	L2880
d0383_3042	d0383	98273	L2881
d0386_3043	d0386	98276	L2882
d0387_3044	d0387	98277	L2883
d0390_3045	d0390	98280	L2884
d0390_3046	d0390	98281	L2885
d0391_3047	d0391	98282	L2886
d0392_3048	d0392	98283	L2887
d0396_3049	d0396	98287	L2888
d0403_3050	d0403	98294	L2889
d0404_3051	d0404	98295	L2890
d0408_3052	d0408	98299	L2891
d0408_3053	d0408	98299	L2892
d0409_3054	d0409	98300	L2893
d0413_3055	d0413	98304	L2894
d0413_3056	d0413	98304	L2895
d0414_3057	d0414	98305	L2896
d0415_3058	d0415	98306	L2897
d0416_3059	d0416	98307	L2898
d0418_3060	d0418	98309	L2899
d0419_3061	d0419	98310	L2900
d0420_3062	d0420	98311	L2901
d0422_3063	d0422	98314	L2902
d0425_3064	d0425	98318	L2903
d0426_3065	d0426	98319	L2904
d0427_3066	d0427	98320	L2905
d0430_3067	d0430	98323	L2906
d0431_3068	d0431	98324	L2907
d0432_3069	d0432	98325	L2908
d0434_3070	d0434	98327	L2909
d0436_3071	d0436	98329	L2910
d0438_3072	d0438	98331	L2911
d0439_3073	d0439	98332	L2912
d0440_3074	d0440	98333	L2913
d0441_3075	d0441	98334	L2914
d0442_3076	d0442	98336	L2915
d0442_3077	d0442	98335	L2916
d0443_3078	d0443	98337	L2917
d0444_3079	d0444	98338	L2918
d0444_3080	d0444	98338	L2919
d0445_3081	d0445	98339	L2920
d0445_3082	d0445	98339	L2921
d0447_3083	d0447	98341	L2922
d0449_3085	d0449	98343	L2923
d0450_3086	d0450	98344	L2924
d0451_3087	d0451	98345	L2925
d0453_3088	d0453	98347	L2926
d0454_3089	d0454	98348	L2927
d0456_3090	d0456	98350	L2928
d0457_3091	d0457	98351	L2929
d0460_3092	d0460	98354	L2930
d0461_3093	d0461	98355	L2931
d0462_3094	d0462	98356	L2932
d0462_3095	d0462	98356	L2933
d0462_3096	d0462	98356	L2934
d0464_3097	d0464	98358	L2935
d0468_3098	d0468	98362	L2936
d0470_3099	d0470	98364	L2937
d0475_3100	d0475	98370	L2938
d0476_3101	d0476	98371	L2939
d0478_3102	d0478	98373	L2940
d0481_3103	d0481	98376	L2941
d0484_3104	d0484	98380	L2942
d0484_3105	d0484	98380	L2943
d0486_3106	d0486	98382	L2944
d0491_3107	d0491	98387	L2945
d0497_3108	d0497	98394	L2946
d0499_3109	d0499	98396	L2947
d0500_3110	d0500	98397	L2948
d0502_3111	d0502	98399	L2949
d0503_3112	d0503	98400	L2950
d0504_3114	d0504	98401	L2951
d0505_3115	d0505	98402	L2952
d0508_3116	d0508	98405	L2953
d0508_3117	d0508	98405	L2954
d0509_3118	d0509	98406	L2955
d0510_3119	d0510	98407	L2956
d0511_3120	d0511	98408	L2957
d0512_3121	d0512	98410	L2958
d0514_3122	d0514	98412	L2959
d0518_3123	d0518	98418	L2960
d0523_3124	d0523	98425	L2961
d0526_3125	d0526	98428	L2962
d0526_3126	d0526	98428	L2963
d0526_3127	d0526	98428	L2964
d0526_3128	d0526	98428	L2965
d0526_3129	d0526	98428	L2966
d0526_3130	d0526	98428	L2967
d0529_3131	d0529	98431	L2968
d0536_3132	d0536	98438	L2969
d0536_3133	d0536	98438	L2970
d0543_3134	d0543	98446	L2971
d0544_3135	d0544	98447	L2972
d0546_3136	d0546	98449	L2973
d0547_3137	d0547	98450	L2974
d0553_3139	d0553	98459	L2975
d0556_3140	d0556	98463	L2976
d0558_3141	d0558	98465	L2977
d0563_3142	d0563	98470	L2978
d0563_3143	d0563	98470	L2979
d0564_3144	d0564	98471	L2980
d0566_3145	d0566	98473	L2981
d0567_3146	d0567	98474	L2982
d0569_3147	d0569	98476	L2983
d0569_3148	d0569	98476	L2984
d0570_3150	d0570	98477	L2985
d0570_3151	d0570	98477	L2986
d0571_3152	d0571	98478	L2987
d0573_3153	d0573	98480	L2988
d0574_3154	d0574	98481	L2989
d0577_3155	d0577	98484	L2990
d0577_3156	d0577	98484	L2991
d0582_3157	d0582	98489	L2992
d0582_3158	d0582	98489	L2993
d0582_3159	d0582	98489	L2994
d0584_3160	d0584	98491	L2995
d0585_3161	d0585	98492	L2996
d0585_3162	d0585	98492	L2997
d0589_3163	d0589	98496	L2998
d0596_3164	d0596	98506	L2999
d0597_3165	d0597	98508	L3000
d0598_3166	d0598	98509	L3001
d0600_3167	d0600	98511	L3002
d0601_3168	d0601	98512	L3003
d0604_3169	d0604	98515	L3004
d0605_3170	d0605	98516	L3005
d0606_3171	d0606	98517	L3006
d0609_3172	d0609	98520	L3007
d0611_3173	d0611	98522	L3008
d0615_3174	d0615	98526	L3009
d0620_3175	d0620	98531	L3010
d0621_3176	d0621	98532	L3011
d0622_3177	d0622	98533	L3012
d0623_3178	d0623	98535	L3013
d0624_3179	d0624	98536	L3014
d0626_3180	d0626	98538	L3015
d0628_3181	d0628	98540	L3016
d0630_3182	d0630	98542	L3017
d0632_3183	d0632	98544	L3018
d0633_3184	d0633	98545	L3019
d0636_3185	d0636	98548	L3020
d0639_3186	d0639	98551	L3021
d0640_3187	d0640	98552	L3022
d0641_3188	d0641	98553	L3023
d0644_3189	d0644	98557	L3024
d0644_3190	d0644	98557	L3025
d0644_3191	d0644	98557	L3026
d0644_3192	d0644	98557	L3027
d0653_3193	d0653	98568	L3028
d0655_3194	d0655	98570	L3029
d0656_3195	d0656	98571	L3030
d0657_3196	d0657	98572	L3031
d0658_3197	d0658	98573	L3032
d0660_3198	d0660	98575	L3033
d0661_3200	d0661	98576	L3034
d0662_3201	d0662	98577	L3035
d0662_3202	d0662	98577	L3036
d0663_3203	d0663	98578	L3037
d0665_3204	d0665	98580	L3038
d0666_3205	d0666	98581	L3039
d0667_3206	d0667	98582	L3040
d0671_3207	d0671	98586	L3041
d0672_3208	d0672	98587	L3042
d0673_3209	d0673	98588	L3043
d0677_3210	d0677	98593	L3044
d0678_3211	d0678	98594	L3045
d0679_3212	d0679	98595	L3046
d0680_3213	d0680	98596	L3047
d0681_3214	d0681	98597	L3048
d0690_3215	d0690	98606	L3049
d0694_3216	d0694	98610	L3050
d0699_3217	d0699	98615	L3051
d0701_3218	d0701	98617	L3052
d0704_3219	d0704	98620	L3053
d0708_3220	d0708	98624	L3054
d0710_3221	d0710	98626	L3055
d0711_3222	d0711	98627	L3056
d0727_3223	d0727	98644	L3057
d0731_3224	d0731	98648	L3058
d0731_3225	d0731	98648	L3059
d0734_3226	d0734	98651	L3060
d0736_3227	d0736	98653	L3061
d0741_3229	d0741	98658	L3062
d0741_3230	d0741	98658	L3063
d0741_3231	d0741	98658	L3064
d0743_3233	d0743	98660	L3065
d0744_3234	d0744	98661	L3066
d0745_3235	d0745	98662	L3067
d0746_3236	d0746	98663	L3068
d0747_3237	d0747	98664	L3069
d0748_3238	d0748	98665	L3070
d0751_3239	d0751	98668	L3071
d0755_3240	d0755	98672	L3072
d0758_3241	d0758	98675	L3073
d0759_3242	d0759	98676	L3074
d0760_3243	d0760	98677	L3075
d0762_3244	d0762	98679	L3076
d0765_3245	d0765	98682	L3077
d0765_3246	d0765	98682	L3078
d0767_3247	d0767	98684	L3079
d0769_3248	d0769	98686	L3080
d0771_3249	d0771	98689	L3081
d0772_3250	d0772	98690	L3082
d0773_3252	d0773	98691	L3083
d0774_3253	d0774	98692	L3084
d0775_3254	d0775	98693	L3085
d0778_3255	d0778	98696	L3086
d0780_3256	d0780	98698	L3087
d0782_3257	d0782	98700	L3088
d0785_3260	d0785	98703	L3089
d0789_3261	d0789	98708	L3090
d0790_3262	d0790	98709	L3091
d0792_3263	d0792	98711	L3092
d0793_3264	d0793	98712	L3093
d0796_3265	d0796	98715	L3094
d0797_3266	d0797	98716	L3095
d0798_3267	d0798	98717	L3096
d0799_3268	d0799	98718	L3097
d0800_3269	d0800	98719	L3098
d0802_3270	d0802	98721	L3099
d0807_3271	d0807	98726	L3100
d0810_3272	d0810	98729	L3101
d0811_3273	d0811	98730	L3102
d0811_3274	d0811	98730	L3103
d0812_3275	d0812	98731	L3104
d0812_3276	d0812	98731	L3105
d0815_3277	d0815	98734	L3106
d0816_3278	d0816	98735	L3107
d0817_3279	d0817	98736	L3108
d0818_3280	d0818	98737	L3109
d0820_3283	d0820	98739	L3110
d0824_3284	d0824	98744	L3111
d0828_3285	d0828	98749	L3112
d0829_3286	d0829	98750	L3113
d0829_3287	d0829	98750	L3114
d0836_3288	d0836	98758	L3115
d0837_3289	d0837	98759	L3116
d0840_3290	d0840	98763	L3117
d0842_3291	d0842	98765	L3118
d0846_3292	d0846	98769	L3119
d0855_3293	d0855	98780	L3120
d0856_3294	d0856	98781	L3121
d0856_3295	d0856	98781	L3122
d0861_3296	d0861	98786	L3123
d0861_3297	d0861	98786	L3124
d0862_3298	d0862	98787	L3125
d0863_3299	d0863	98788	L3126
d0864_3300	d0864	98789	L3127
d0865_3301	d0865	98790	L3128
d0869_3303	d0869	98794	L3129
d0871_3304	d0871	98796	L3130
d0874_3305	d0874	98799	L3131
d0875_3306	d0875	98800	L3132
d0878_3307	d0878	98803	L3133
d0880_3308	d0880	98805	L3134
d0882_3309	d0882	98808	L3135
d0884_3310	d0884	98810	L3136
d0888_3311	d0888	98814	L3137
d0890_3312	d0890	98816	L3138
d0891_3313	d0891	98817	L3139
d0891_3315	d0891	98818	L3140
d0891_3316	d0891	98818	L3141
d0892_3317	d0892	98819	L3142
d0893_3318	d0893	98820	L3143
d0893_3319	d0893	98820	L3144
d0893_3320	d0893	98820	L3145
d0897_3321	d0897	98824	L3146
d0898_3322	d0898	98825	L3147
d0900_3323	d0900	98827	L3148
d0902_3324	d0902	98830	L3149
d0902_sc_3325	d0902_sc	98831	L3150
d0902_sc_3326	d0902_sc	98831	L3151
d0903_3327	d0903	98832	L3152
d0912_3328	d0912	98843	L3153
d0912_3329	d0912	98843	L3154
d0913_3330	d0913	98844	L3155
d0918_3331	d0918	98850	L3156
d0919_3332	d0919	98851	L3157
d0920_3333	d0920	98852	L3158
d0921_3334	d0921	98853	L3159
d0923_3335	d0923	98855	L3160
d0924_3336	d0924	98856	L3161
d0924_3337	d0924	98856	L3162
d0925_3338	d0925	98857	L3163
d0925_3339	d0925	98857	L3164
d0926_3340	d0926	98858	L3165
d0929_3342	d0929	98861	L3166
d0930_3343	d0930	98862	L3167
d0930_3344	d0930	98862	L3168
d0930_3345	d0930	98862	L3169
d0930_3346	d0930	98862	L3170
d0933_3349	d0933	98865	L3171
d0934_3350	d0934	98866	L3172
d0934_3351	d0934	98866	L3173
d0936_3353	d0936	98868	L3174
d0936_3354	d0936	98868	L3175
d0936_3355	d0936	98868	L3176
d0937_3356	d0937	98869	L3177
d0942_3357	d0942	98874	L3178
d0943_3358	d0943	98875	L3179
d0945_3359	d0945	98877	L3180
d0945_3360	d0945	98877	L3181
d0945_3361	d0945	98877	L3182
d0948_3363	d0948	98880	L3183
d0950_3364	d0950	98882	L3184
d0951_3365	d0951	98883	L3185
d0952_3366	d0952	98884	L3186
d0957_3367	d0957	98889	L3187
d0962_3368	d0962	98894	L3188
d0963_3369	d0963	98895	L3189
d0968_3370	d0968	98900	L3190
d0973_3371	d0973	98905	L3191
d0973_3372	d0973	98905	L3192
d0976_3373	d0976	98908	L3193
d0977_3374	d0977	98909	L3194
d0977_3375	d0977	98909	L3195
d0977_3376	d0977	98909	L3196
d0978_3378	d0978	98910	L3197
d0978_3379	d0978	98910	L3198
d0980_3383	d0980	98912	L3199
d0981_3384	d0981	98913	L3200
d0983_3385	d0983	98915	L3201
d0988_3386	d0988	98921	L3202
d0989_3387	d0989	98922	L3203
d0992_3388	d0992	98925	L3204
d0996_3389	d0996	98929	L3205
d0999_3390	d0999	98932	L3206
d1002_3391	d1002	98935	L3207
d1003_3392	d1003	98936	L3208
d1007_3393	d1007	98940	L3209
d1008_3394	d1008	98941	L3210
d1011_3395	d1011	98944	L3211
d1011_3396	d1011	98944	L3212
d1012_3397	d1012	98945	L3213
d1012_3398	d1012	98945	L3214
d1015_3400	d1015	98948	L3215
d1017_3401	d1017	98950	L3216
d1018_3402	d1018	98951	L3217
d1020_3403	d1020	98953	L3218
d1020_3404	d1020	98953	L3219
d1021_3406	d1021	98954	L3220
d1022_3407	d1022	98955	L3221
d1023_3408	d1023	98956	L3222
d1025_3409	d1025	98958	L3223
d1025_3410	d1025	98958	L3224
d1026_3411	d1026	98959	L3225
d1030_3412	d1030	98963	L3226
d1032_3413	d1032	98965	L3227
d1035_3414	d1035	98968	L3228
d1036_3415	d1036	98969	L3229
d1038_3416	d1038	98971	L3230
d1043_3417	d1043	98976	L3231
d1044_3418	d1044	98977	L3232
d1047_3419	d1047	98980	L3233
d1050_3420	d1050	98983	L3234
d1050_sc_3421	d1050_sc	98984	L3235
d1050_sc_3422	d1050_sc	98984	L3236
d1051_3423	d1051	98985	L3237
d1052_3424	d1052	98986	L3238
d1053_3425	d1053	98987	L3239
d1053_3426	d1053	98987	L3240
d1055_3427	d1055	98989	L3241
d1056_3428	d1056	98990	L3242
d1057_3429	d1057	98991	L3243
d1061_3430	d1061	98996	L3244
d1062_3432	d1062	98997	L3245
d1063_3433	d1063	98998	L3246
d1065_3434	d1065	99000	L3247
d1068_3435	d1068	99003	L3248
d1071_3436	d1071	99006	L3249
d1072_3437	d1072	99007	L3250
d1073_3438	d1073	99008	L3251
d1077_3439	d1077	99012	L3252
d1079_3440	d1079	99014	L3253
d1080_3441	d1080	99016	L3254
d1080_3442	d1080	99015	L3255
d1083_3444	d1083	99019	L3256
d1088_3445	d1088	99024	L3257
d1089_3446	d1089	99025	L3258
d1091_3447	d1091	99027	L3259
d1097_3448	d1097	99033	L3260
d1098_3449	d1098	99034	L3261
d1099_3450	d1099	99035	L3262
d1100_3451	d1100	99036	L3263
d1101_3452	d1101	99037	L3264
d1101_3453	d1101	99037	L3265
d1102_3454	d1102	99038	L3266
d1104_3455	d1104	99040	L3267
d1105_3456	d1105	99041	L3268
d1106_3457	d1106	99042	L3269
d1107_3458	d1107	99043	L3270
d1108_3460	d1108	99044	L3271
d1111_3461	d1111	99047	L3272
d1115_3462	d1115	99051	L3273
d1115_3463	d1115	99051	L3274
d1116_3464	d1116	99052	L3275
d1119_3465	d1119	99055	L3276
d1120_3466	d1120	99056	L3277
d1120_3467	d1120	99056	L3278
d1122_3468	d1122	99058	L3279
d1126_3469	d1126	99062	L3280
d1127_3470	d1127	99063	L3281
d1128_3471	d1128	99064	L3282
d1129_3472	d1129	99065	L3283
d1130_3473	d1130	99066	L3284
d1133_3474	d1133	99069	L3285
d1134_3475	d1134	99070	L3286
d1135_3476	d1135	99071	L3287
d1136_3477	d1136	99072	L3288
d1137_3479	d1137	99073	L3289
d1138_3480	d1138	99074	L3290
d1139_3481	d1139	99075	L3291
d1140_3482	d1140	99076	L3292
d1141_3483	d1141	99077	L3293
d1143_3484	d1143	99079	L3294
d1144_3485	d1144	99080	L3295
d1144_3486	d1144	99080	L3296
d1145_3487	d1145	99081	L3297
d1147_3488	d1147	99083	L3298
d1147_3489	d1147	99083	L3299
d1153_3490	d1153	99089	L3300
d1153_3491	d1153	99089	L3301
d1154_3492	d1154	99090	L3302
d1155_3493	d1155	99091	L3303
d1160_3494	d1160	99096	L3304
d1160_sc_3495	d1160_sc	99097	L3305
d1161_3496	d1161	99098	L3306
d1162_3497	d1162	99099	L3307
d1164_3498	d1164	99101	L3308
d1165_3499	d1165	99102	L3309
d1168_3500	d1168	99105	L3310
d1170_3501	d1170	99107	L3311
d1172_3502	d1172	99110	L3312
d1174_3503	d1174	99112	L3313
d1175_3504	d1175	99113	L3314
d1176_3505	d1176	99114	L3315
d1177_3506	d1177	99115	L3316
d1183_3507	d1183	99122	L3317
d1189_3508	d1189	99128	L3318
d1190_3509	d1190	99129	L3319
d1191_3511	d1191	99130	L3320
d1197_3512	d1197	99136	L3321
d1325_3513	d1325	99275	L3322
d1328_3514	d1328	99279	L3323
d1349_3515	d1349	99301	L3324
d1349_3516	d1349	99301	L3325
d1350_3517	d1350	99302	L3326
d1350_3518	d1350	99302	L3327
d1358_3520	d1358	99313	L3328
d1363_3521	d1363	99318	L3329
d1365_3522	d1365	99320	L3330
d1368_3523	d1368	99323	L3331
d1371_3524	d1371	99326	L3332
d1372_3525	d1372	99327	L3333
d1374_3527	d1374	99329	L3334
d1383_3528	d1383	99339	L3335
d1384_3529	d1384	99340	L3336
d1386_3530	d1386	99342	L3337
d1388_3534	d1388	99344	L3338
d1392_3535	d1392	99348	L3339
d1393_3536	d1393	99349	L3340
d1394_3537	d1394	99350	L3341
d1397_3538	d1397	99353	L3342
d1399_3539	d1399	99355	L3343
d1400_3540	d1400	99356	L3344
d1402_3541	d1402	99358	L3345
d1403_3542	d1403	99359	L3346
d1404_3543	d1404	99360	L3347
d1405_3544	d1405	99361	L3348
d1408_3545	d1408	99364	L3349
d1408_3546	d1408	99364	L3350
d1408_3547	d1408	99364	L3351
d1409_3548	d1409	99365	L3352
d1411_3549	d1411	99367	L3353
d1412_3550	d1412	99368	L3354
d1413_3551	d1413	99369	L3355
d1414_3552	d1414	99370	L3356
d1418_3553	d1418	99374	L3357
d1423_3554	d1423	99383	L3358
d1436_3555	d1436	99398	L3359
d1442_3556	d1442	99405	L3360
d1443_3557	d1443	99406	L3361
d1445_3558	d1445	99408	L3362
d1451_3559	d1451	99414	L3363
d1463_3560	d1463	99426	L3364
d1464_3561	d1464	99427	L3365
d1471_3562	d1471	99433	L3366
d1554_3563	d1554	99435	L3367
d1556_3564	d1556	99437	L3368
d1558_3565	d1558	99439	L3369
d1559_3566	d1559	99440	L3370
d1560_3567	d1560	99441	L3371
d1561_3568	d1561	99442	L3372
d1564_3569	d1564	99445	L3373
d1566_3570	d1566	99447	L3374
d1566_3571	d1566	99447	L3375
d1572_3572	d1572	99453	L3376
d1575_3573	d1575	99457	L3377
d1579_3574	d1579	99461	L3378
d1581_3575	d1581	99463	L3379
d1582_3576	d1582	99464	L3380
d1585_3577	d1585	99467	L3381
d1587_3578	d1587	99469	L3382
d1587_sc_3579	d1587_sc	99470	L3383
d1588_3580	d1588	99471	L3384
d1593_3582	d1593	99476	L3385
d1596_3583	d1596	99481	L3386
d1601_3584	d1601	99485	L3387
d1602_3585	d1602	99486	L3388
d1606_3586	d1606	99493	L3389
d1606_3587	d1606	99493	L3390
d1607_3588	d1607	99495	L3391
d1607_3589	d1607	99495	L3392
d1610_3590	d1610	99498	L3393
d1610_3591	d1610	99498	L3394
d1613_3592	d1613	99503	L3395
d1615_3593	d1615	99505	L3396
d1615_3594	d1615	99505	L3397
d1615_3595	d1615	99505	L3398
d1620_3596	d1620	99509	L3399
d1621_3598	d1621	99510	L3400
d1621_3599	d1621	99510	L3401
d1623_3602	d1623	99512	L3402
d1623_3603	d1623	99512	L3403
d1624_3604	d1624	99513	L3404
d1626_3605	d1626	99515	L3405
d1644_3606	d1644	99533	L3406
d1661_3607	d1661	99554	L3407
d1663_3608	d1663	99558	L3408
d1663_3609	d1663	99558	L3409
d1676_3610	d1676	99571	L3410
d1680_3611	d1680	99575	L3411
d1680_3612	d1680	99575	L3412
d1681_3613	d1681	99576	L3413
d1682_3616	d1682	99577	L3414
d1684_3617	d1684	99579	L3415
d1684_3618	d1684	99579	L3416
d1684_3619	d1684	99579	L3417
d1684_3620	d1684	99579	L3418
d1685_3621	d1685	99580	L3419
d1685_3622	d1685	99580	L3420
d1690_3623	d1690	99584	L3421
d1692_3624	d1692	99586	L3422
d1693_3625	d1693	99587	L3423
d1694_3626	d1694	99588	L3424
d1695_3627	d1695	99589	L3425
d1700_3628	d1700	99594	L3426
d1703_3629	d1703	99597	L3427
d1704_3630	d1704	99598	L3428
d1708_3631	d1708	99602	L3429
d1712_3632	d1712	99606	L3430
d1713_3633	d1713	99607	L3431
d1714_3634	d1714	99608	L3432
d1721_3635	d1721	99616	L3433
d1722_3636	d1722	99617	L3434
d1724_3637	d1724	99619	L3435
d1724_3638	d1724	99619	L3436
d1731_3640	d1731	99625	L3437
d1732_3641	d1732	99626	L3438
d1733_3642	d1733	99627	L3439
d1735_3643	d1735	99629	L3440
d1735_3644	d1735	99629	L3441
d1741_3645	d1741	99635	L3442
d1741_3646	d1741	99635	L3443
d1744_3647	d1744	99638	L3444
d1747_3648	d1747	99641	L3445
d1749_3649	d1749	99643	L3446
d1750_3650	d1750	99644	L3447
d1750_3651	d1750	99644	L3448
d1751_3652	d1751	99645	L3449
d1757_3653	d1757	99651	L3450
d1764_3654	d1764	99659	L3451
d1766_3655	d1766	99661	L3452
d1768_3656	d1768	99663	L3453
d1769_3657	d1769	99664	L3454
d1771_3658	d1771	99666	L3455
d1771_3659	d1771	99666	L3456
d1772_3660	d1772	99667	L3457
d1777_3662	d1777	99672	L3458
d1782_3663	d1782	99677	L3459
d1791_3664	d1791	99686	L3460
d1792_3665	d1792	99687	L3461
d1794_3666	d1794	99689	L3462
d1795_3667	d1795	99690	L3463
d1795_3668	d1795	99690	L3464
d1796_3669	d1796	99691	L3465
d1800_3670	d1800	99695	L3466
d1800_3671	d1800	99695	L3467
d1805_3673	d1805	99700	L3468
d1806_3674	d1806	99702	L3469
d1807_3675	d1807	99703	L3470
d1807_3676	d1807	99703	L3471
d1807_3677	d1807	99703	L3472
d1808_3678	d1808	99704	L3473
d1810_3679	d1810	99706	L3474
d1812_3680	d1812	99708	L3475
d1815_3681	d1815	99711	L3476
d1817_3682	d1817	99713	L3477
d1818_3683	d1818	99714	L3478
d1821_3684	d1821	99717	L3479
d1831_3685	d1831	99728	L3480
d1832_3686	d1832	99729	L3481
d1833_3687	d1833	99730	L3482
d1834_3688	d1834	99731	L3483
d1835_3691	d1835	99732	L3484
d1835_3692	d1835	99732	L3485
d1836_3694	d1836	99733	L3486
d1839_3695	d1839	99737	L3487
d1839_3696	d1839	99737	L3488
d1839_3697	d1839	99737	L3489
d1839_3698	d1839	99737	L3490
d1839_3699	d1839	99737	L3491
d1841_3700	d1841	99739	L3492
d1842_3701	d1842	99740	L3493
d1843_3702	d1843	99741	L3494
d1844_3703	d1844	99742	L3495
d1845_3704	d1845	99743	L3496
d1846_3705	d1846	99744	L3497
d1846_3706	d1846	99744	L3498
d1850_3707	d1850	99748	L3499
d1855_3710	d1855	99753	L3500
d1858_3711	d1858	99756	L3501
d1865_3712	d1865	99764	L3502
d1866_3713	d1866	99765	L3503
d1868_3714	d1868	99767	L3504
d1868_3715	d1868	99767	L3505
d1870_3716	d1870	99769	L3506
d1870_3717	d1870	99769	L3507
d1872_3718	d1872	99772	L3508
d1872_3719	d1872	99772	L3509
d1873_3720	d1873	99773	L3510
d1876_3721	d1876	99776	L3511
d1879_3722	d1879	99780	L3512
d1881_3723	d1881	99782	L3513
d1883_3724	d1883	99783	L3514
d1884_3725	d1884	99784	L3515
d1885_3726	d1885	99785	L3516
d1886_3727	d1886	99786	L3517
d1887_3728	d1887	99787	L3518
d1893_3729	d1893	99793	L3519
d1895_3730	d1895	99795	L3520
d1898_3731	d1898	99798	L3521
d1899_3732	d1899	99799	L3522
d1902_3733	d1902	99802	L3523
d1903_3734	d1903	99803	L3524
d1903_3735	d1903	99803	L3525
d1910_3736	d1910	99810	L3526
d1910_3737	d1910	99810	L3527
d1915_3739	d1915	99815	L3528
d1915_3740	d1915	99815	L3529
d1920_3742	d1920	99820	L3530
d1922_3743	d1922	99822	L3531
d1926_3744	d1926	99826	L3532
d1926_3745	d1926	99826	L3533
d1931_3746	d1931	99832	L3534
d1937_3747	d1937	99838	L3535
d1938_3748	d1938	99839	L3536
d1939_3749	d1939	99840	L3537
d1945_3751	d1945	99847	L3538
d1946_3752	d1946	99848	L3539
d1946_3753	d1946	99848	L3540
d1951_3754	d1951	99853	L3541
d1953_3755	d1953	99856	L3542
d1954_3756	d1954	99857	L3543
d1955_3757	d1955	99858	L3544
d1957_3758	d1957	99861	L3545
d1957_3759	d1957	99861	L3546
d1961_3760	d1961	99865	L3547
d1963_3761	d1963	99867	L3548
d1964_3762	d1964	99868	L3549
d1965_3763	d1965	99869	L3550
d1971_3764	d1971	99875	L3551
d1973_3765	d1973	99877	L3552
d1981_3766	d1981	99885	L3553
d1982_3767	d1982	99886	L3554
d1983_3768	d1983	99887	L3555
d1985_3769	d1985	99889	L3556
d1988_3770	d1988	99892	L3557
d1988_3771	d1988	99892	L3558
d1992_3772	d1992	99895	L3559
d1997_3773	d1997	99900	L3560
d2000_3774	d2000	99903	L3561
d2005_3775	d2005	99907	L3562
d2007_3776	d2007	99909	L3563
d2008_3777	d2008	99910	L3564
d2009_3778	d2009	99911	L3565
d2010_3779	d2010	99912	L3566
d2011_3782	d2011	99913	L3567
d2012_3783	d2012	99914	L3568
d2022_3784	d2022	99924	L3569
d2022_3785	d2022	99924	L3570
d2024_3787	d2024	99927	L3571
d2024_3788	d2024	99927	L3572
d2029_3789	d2029	99932	L3573
d2029_3790	d2029	99932	L3574
d2039_3791	d2039	99942	L3575
d2046_3792	d2046	99950	L3576
d2048_3793	d2048	99952	L3577
d2053_3794	d2053	99958	L3578
d2063_3795	d2063	99968	L3579
d2063_3796	d2063	99968	L3580
d2066_3798	d2066	99970	L3581
d2067_3799	d2067	99971	L3582
d2079_3800	d2079	99983	L3583
d2088_3801	d2088	99992	L3584
d2102_3802	d2102	100007	L3585
d2113_3803	d2113	100021	L3586
d2122_3804	d2122	100029	L3587
d2124_3805	d2124	100031	L3588
d2124_3806	d2124	100031	L3589
d2151_3807	d2151	100058	L3590
d2153_3808	d2153	100059	L3591
d2156_3809	d2156	100062	L3592
d2161_3810	d2161	100067	L3593
d2161_3811	d2161	100067	L3594
d2161_3812	d2161	100067	L3595
d2178_3813	d2178	100086	L3596
d2179_3814	d2179	100087	L3597
d2184_3815	d2184	100094	L3598
d2184_3816	d2184	100094	L3599
d2184_sc_3817	d2184_sc	100093	L3600
d2188_3818	d2188	100098	L3601
d2200_3819	d2200	100111	L3602
d2205_3820	d2205	100117	L3603
d2224_3821	d2224	100139	L3604
d2228_3822	d2228	100143	L3605
d2238_3823	d2238	100154	L3606
d2262_3824	d2262	100176	L3607
d2264_3825	d2264	100178	L3608
d2279_3826	d2279	100196	L3609
d2279_3827	d2279	100196	L3610
d2285_3828	d2285	100202	L3611
d2286_3829	d2286	100203	L3612
d2298_3830	d2298	100215	L3613
d2298_3831	d2298	100215	L3614
d2302_3832	d2302	100221	L3615
d2314_3833	d2314	100233	L3616
d2319_3834	d2319	100238	L3617
d2376_3835	d2376	100291	L3618
d2378_3836	d2378	100293	L3619
d2389_3837	d2389	100305	L3620
d2389_sc_3838	d2389_sc	100306	L3621
d2400_3839	d2400	100318	L3622
d2427_3840	d2427	100345	L3623
d2428_3841	d2428	100346	L3624
d2431_3842	d2431	100349	L3625
d7012_3843	d7012	100350	L3626
d7013_3844	d7013	100351	L3627
d7315_3845	d7315	100355	L3628
d8008_3846	d8008	100361	L3629
d8009_3847	d8009	100362	L3630
d8515_3848	d8515	100371	L3631
d9262_3849	d9262	100378	L3632
d9295_3850	d9295	100379	L3633
d9322_3851	d9322	100380	L3634
d9462_3852	d9462	100381	L3635
d9508_3853	d9508	100382	L3636
d9510_3854	d9510	100384	L3637
d9646_3856	d9646	100442	L3638
d9761_3857	d9761	100444	L3639
d9772_3858	d9772	100446	L3640
d9875_3860	d9875	100448	L3641
d9892_3861	d9892	100453	L3642
d9892_3862	d9892	100453	L3643
d9892_3863	d9892	100452	L3644
d9892_3864	d9892	100452	L3645
e0006_3866	e0006	100485	L3646
e0006_3867	e0006	100485	L3647
e0006_3868	e0006	100485	L3648
e0008_3869	e0008	100487	L3649
e0009_3870	e0009	100488	L3650
e0016_3871	e0016	100495	L3651
e0023_3872	e0023	100502	L3652
e0023_3873	e0023	100502	L3653
e0075_3874	e0075	100557	L3654
e0075_3875	e0075	100557	L3655
e0076_3877	e0076	100558	L3656
e0081_3878	e0081	100563	L3657
e0081_3879	e0081	100563	L3658
e0081_3880	e0081	100563	L3659
e0084_3881	e0084	100566	L3660
e0085_3882	e0085	100567	L3661
e0086_3883	e0086	100568	L3662
e0090_3884	e0090	100572	L3663
e0094_3885	e0094	100576	L3664
e0094_3886	e0094	100576	L3665
e0095_3888	e0095	100577	L3666
e0097_3890	e0097	100579	L3667
e0098_3891	e0098	100580	L3668
e0099_3892	e0099	100581	L3669
e0100_3893	e0100	100582	L3670
e0100_3894	e0100	100582	L3671
e0101_3895	e0101	100584	L3672
e0101_3896	e0101	100584	L3673
e0101_sc_3897	e0101_sc	100583	L3674
e0105_3898	e0105	100588	L3675
e0106_3899	e0106	100589	L3676
e0106_3900	e0106	100589	L3677
e0109_3901	e0109	100592	L3678
e0111_3902	e0111	100596	L3679
e0112_3903	e0112	100597	L3680
e0118_3904	e0118	100603	L3681
e0121_3905	e0121	100606	L3682
e0123_3906	e0123	100608	L3683
e0123_3907	e0123	100608	L3684
e0123_3908	e0123	100608	L3685
e0124_3909	e0124	100609	L3686
e0124_3910	e0124	100609	L3687
e0124_3911	e0124	100609	L3688
e0125_3912	e0125	100610	L3689
e0125_3913	e0125	100610	L3690
e0125_3914	e0125	100610	L3691
e0125_3915	e0125	100610	L3692
e0125_3916	e0125	100610	L3693
e0125_3917	e0125	100610	L3694
e0127_3918	e0127	100612	L3695
e0127_3919	e0127	100612	L3696
e0127_3920	e0127	100612	L3697
e0130_3922	e0130	100617	L3698
e0130_3923	e0130	100616	L3699
e0130_sc_3925	e0130_sc	100618	L3700
e0132_3926	e0132	100620	L3701
e0132_3927	e0132	100620	L3702
e0132_3928	e0132	100620	L3703
e0139_3929	e0139	100627	L3704
e0139_3930	e0139	100627	L3705
e0139_3931	e0139	100627	L3706
e0140_3932	e0140	100628	L3707
e0140_3933	e0140	100628	L3708
e0140_3934	e0140	100628	L3709
e0142_3935	e0142	100630	L3710
e0142_3936	e0142	100630	L3711
e0142_3937	e0142	100630	L3712
e0145_3939	e0145	100634	L3713
e0145_3940	e0145	100634	L3714
e0145_3941	e0145	100634	L3715
e0147_3942	e0147	100636	L3716
e0148_3943	e0148	100637	L3717
e0148_3944	e0148	100637	L3718
e0148_3945	e0148	100637	L3719
e0152_3946	e0152	100641	L3720
e0154_3947	e0154	100643	L3721
e0156_3948	e0156	100645	L3722
e0156_3949	e0156	100645	L3723
e0156_3950	e0156	100645	L3724
e0157_3951	e0157	100646	L3725
e0157_3952	e0157	100646	L3726
e0157_3953	e0157	100646	L3727
e0158_3954	e0158	100647	L3728
e0158_3955	e0158	100647	L3729
e0158_3956	e0158	100647	L3730
e0159_3957	e0159	100648	L3731
e0159_3958	e0159	100648	L3732
e0159_3959	e0159	100648	L3733
e0159_sc_3960	e0159_sc	100649	L3734
e0159_sc_3961	e0159_sc	100649	L3735
e0159_sc_3962	e0159_sc	100649	L3736
e0160_3963	e0160	100650	L3737
e0160_3964	e0160	100650	L3738
e0160_3965	e0160	100650	L3739
e0160_sc_3966	e0160_sc	100651	L3740
e0160_sc_3967	e0160_sc	100651	L3741
e0160_sc_3968	e0160_sc	100651	L3742
e0165_3969	e0165	100656	L3743
e0165_3970	e0165	100656	L3744
e0165_3971	e0165	100656	L3745
e0166_3972	e0166	100657	L3746
e0167_3973	e0167	100658	L3747
e0167_3974	e0167	100658	L3748
e0167_3975	e0167	100658	L3749
e0168_3976	e0168	100659	L3750
e0175_3977	e0175	100667	L3751
e0175_3978	e0175	100667	L3752
e0175_3979	e0175	100667	L3753
e0176_3980	e0176	100668	L3754
e0176_3981	e0176	100668	L3755
e0176_3982	e0176	100668	L3756
e0176_3983	e0176	100668	L3757
e0176_3984	e0176	100668	L3758
e0176_3985	e0176	100668	L3759
e0177_3989	e0177	100669	L3760
e0177_3990	e0177	100669	L3761
e0177_3991	e0177	100669	L3762
e0178_3992	e0178	100670	L3763
e0180_3993	e0180	100672	L3764
e0182_3994	e0182	100674	L3765
e0182_3995	e0182	100674	L3766
e0182_3996	e0182	100674	L3767
e0185_3997	e0185	100678	L3768
e0186_3998	e0186	100680	L3769
e0186_3999	e0186	100679	L3770
e0188_4000	e0188	100682	L3771
e0188_4001	e0188	100682	L3772
e0191_4002	e0191	100685	L3773
e0192_4003	e0192	100686	L3774
e0193_4004	e0193	100687	L3775
e0193_4005	e0193	100687	L3776
e0193_4006	e0193	100687	L3777
e0195_4008	e0195	100689	L3778
e0200_4009	e0200	100694	L3779
e0200_4010	e0200	100694	L3780
e0200_4011	e0200	100694	L3781
e0200_4012	e0200	100694	L3782
e0201_4013	e0201	100695	L3783
e0201_4014	e0201	100695	L3784
e0201_4015	e0201	100695	L3785
e0202_4016	e0202	100696	L3786
e0204_4017	e0204	100698	L3787
e0207_4018	e0207	100701	L3788
e0209_4019	e0209	100703	L3789
e0210_4020	e0210	100704	L3790
e0216_4021	e0216	100710	L3791
e0216_4022	e0216	100710	L3792
e0221_4023	e0221	100715	L3793
e0225_4025	e0225	100719	L3794
e0231_4026	e0231	100726	L3795
e0232_4027	e0232	100727	L3796
e0237_4028	e0237	100733	L3797
e0237_4029	e0237	100733	L3798
e0242_4030	e0242	100738	L3799
e0242_4031	e0242	100738	L3800
e0242_4032	e0242	100738	L3801
e0244_4033	e0244	100740	L3802
e0246_4034	e0246	100742	L3803
e0249_4035	e0249	100745	L3804
e0249_4036	e0249	100745	L3805
e0249_4037	e0249	100745	L3806
e0254_4038	e0254	100750	L3807
e0256_4039	e0256	100752	L3808
e0258_4040	e0258	100754	L3809
e0259_4041	e0259	100755	L3810
e0260_4042	e0260	100756	L3811
e0266_4043	e0266	100762	L3812
e0267_4044	e0267	100763	L3813
e0268_4045	e0268	100764	L3814
e0269_4046	e0269	100765	L3815
e0276_4048	e0276	100772	L3816
e0292_4049	e0292	100789	L3817
e0299_4050	e0299	100796	L3818
e0316_4051	e0316	100819	L3819
e0318_4052	e0318	100821	L3820
e0319_4053	e0319	100822	L3821
e0319_4054	e0319	100822	L3822
e0320_4055	e0320	100823	L3823
e0320_4056	e0320	100823	L3824
e0321_4057	e0321	100824	L3825
e0321_4058	e0321	100824	L3826
e0324_4059	e0324	100827	L3827
e0325_4060	e0325	100828	L3828
e0326_4061	e0326	100829	L3829
e0327_4062	e0327	100830	L3830
e0330_4063	e0330	100833	L3831
e0331_4064	e0331	100834	L3832
e0333_4065	e0333	100836	L3833
e0334_4066	e0334	100837	L3834
e0338_4067	e0338	100841	L3835
e0345_4068	e0345	100848	L3836
e0345_4069	e0345	100848	L3837
e0350_4070	e0350	100854	L3838
e0355_4071	e0355	100860	L3839
e0357_4072	e0357	100862	L3840
e0358_4073	e0358	100863	L3841
e0360_4074	e0360	100865	L3842
e0360_4075	e0360	100865	L3843
e0363_4076	e0363	100869	L3844
e0363_sc_4077	e0363_sc	100870	L3845
e0364_4078	e0364	100871	L3846
e0366_4079	e0366	100873	L3847
e0368_4080	e0368	100875	L3848
e0369_4081	e0369	100877	L3849
e0371_4082	e0371	100880	L3850
e0372_4083	e0372	100881	L3851
e0373_4084	e0373	100882	L3852
e0376_4085	e0376	100886	L3853
e0376_4086	e0376	100886	L3854
e0376_4087	e0376	100886	L3855
e0378_4088	e0378	100888	L3856
e0380_4089	e0380	100890	L3857
e0383_4090	e0383	100893	L3858
e0387_4091	e0387	100897	L3859
e0388_4092	e0388	100898	L3860
e0389_4093	e0389	100899	L3861
e0391_4094	e0391	100901	L3862
e0392_4095	e0392	100902	L3863
e0394_4096	e0394	100904	L3864
e0398_4097	e0398	100908	L3865
e0398_4098	e0398	100908	L3866
e0399_4100	e0399	100909	L3867
e0400_4101	e0400	100910	L3868
e0401_4102	e0401	100911	L3869
e0404_4103	e0404	100914	L3870
e0406_4104	e0406	100916	L3871
e0408_4105	e0408	100918	L3872
e0409_4106	e0409	100919	L3873
e0433_4107	e0433	100948	L3874
e0434_4108	e0434	100949	L3875
e0442_4109	e0442	100958	L3876
e0443_4110	e0443	100959	L3877
e0445_4111	e0445	100961	L3878
e0447_4112	e0447	100963	L3879
e0448_4113	e0448	100964	L3880
e0449_4114	e0449	100966	L3881
e0450_4115	e0450	100967	L3882
e0453_4116	e0453	100970	L3883
e0454_4117	e0454	100971	L3884
e0457_4118	e0457	100974	L3885
e0457_4119	e0457	100974	L3886
e0459_4120	e0459	100976	L3887
e0461_4121	e0461	100978	L3888
e0463_4122	e0463	100980	L3889
e0465_4123	e0465	100982	L3890
e0469_4124	e0469	100986	L3891
e0475_4125	e0475	100994	L3892
e0476_4126	e0476	100995	L3893
e0477_4127	e0477	100996	L3894
e0479_4128	e0479	100998	L3895
e0479_4129	e0479	100998	L3896
e0480_4130	e0480	100999	L3897
e0481_4131	e0481	101000	L3898
e0483_4132	e0483	101002	L3899
e0484_4133	e0484	101003	L3900
e0485_4134	e0485	101004	L3901
e0485_4135	e0485	101004	L3902
e0486_4136	e0486	101005	L3903
e0489_4137	e0489	101008	L3904
e0490_4138	e0490	101009	L3905
e0490_4139	e0490	101009	L3906
e0494_4140	e0494	101013	L3907
e0494_4141	e0494	101013	L3908
e0506_4142	e0506	101025	L3909
e0521_4143	e0521	101041	L3910
e0525_4144	e0525	101045	L3911
e0528_4145	e0528	101048	L3912
e0529_4146	e0529	101049	L3913
e0531_4147	e0531	101051	L3914
e0531_4148	e0531	101051	L3915
e0535_4149	e0535	101055	L3916
e0536_4150	e0536	101056	L3917
e0537_4151	e0537	101057	L3918
e0537_4152	e0537	101057	L3919
e0538_4153	e0538	101058	L3920
e0541_4154	e0541	101061	L3921
e0553_4155	e0553	101073	L3922
e0554_4156	e0554	101074	L3923
e0557_4157	e0557	101078	L3924
e0558_4158	e0558	101079	L3925
e0560_4159	e0560	101081	L3926
e0587_4160	e0587	101110	L3927
e0587_4161	e0587	101110	L3928
e0587_4162	e0587	101110	L3929
e0587_4163	e0587	101110	L3930
e0587_4164	e0587	101110	L3931
e0587_4165	e0587	101110	L3932
e0595_4168	e0595	101120	L3933
e0595_sc_4169	e0595_sc	101121	L3934
e0596_4170	e0596	101122	L3935
e0609_4172	e0609	101135	L3936
e0613_4173	e0613	101139	L3937
e0617_4174	e0617	101143	L3938
e0619_4175	e0619	101145	L3939
e0640_4176	e0640	101168	L3940
e0641_4177	e0641	101169	L3941
e0641_4178	e0641	101169	L3942
e0643_4179	e0643	101171	L3943
e0644_4180	e0644	101172	L3944
e0646_4181	e0646	101174	L3945
e0647_4182	e0647	101175	L3946
e0651_4183	e0651	101179	L3947
e0651_4184	e0651	101179	L3948
e0653_4185	e0653	101181	L3949
e0653_4186	e0653	101181	L3950
e0655_4187	e0655	101183	L3951
e0660_4190	e0660	101188	L3952
e0661_4191	e0661	101189	L3953
e0661_4192	e0661	101189	L3954
e0661_4193	e0661	101189	L3955
e0661_4194	e0661	101189	L3956
e0663_4195	e0663	101191	L3957
e0664_4196	e0664	101192	L3958
e0666_4197	e0666	101194	L3959
e0668_4198	e0668	101196	L3960
e0681_4199	e0681	101203	L3961
e0717_4200	e0717	101241	L3962
e0790_4201	e0790	101323	L3963
e0809_4202	e0809	101343	L3964
e0809_4203	e0809	101343	L3965
e0809_4204	e0809	101343	L3966
e0809_4205	e0809	101343	L3967
e0817_4206	e0817	101350	L3968
e0817_4207	e0817	101350	L3969
e0829_4208	e0829	101364	L3970
e0838_4209	e0838	101374	L3971
e0841_4210	e0841	101376	L3972
e0846_4211	e0846	101382	L3973
e0846_4212	e0846	101382	L3974
e0847_4213	e0847	101383	L3975
e0851_4214	e0851	101388	L3976
e0851_4215	e0851	101388	L3977
e0854_4216	e0854	101391	L3978
e0859_4217	e0859	101397	L3979
e0861_4218	e0861	101399	L3980
e0884_4219	e0884	101424	L3981
e0884_4220	e0884	101424	L3982
e0892_4221	e0892	101432	L3983
e0899_4223	e0899	101440	L3984
e0902_4224	e0902	101442	L3985
e0907_4225	e0907	101447	L3986
e0908_4226	e0908	101448	L3987
e0908_4227	e0908	101448	L3988
e0925_4228	e0925	101465	L3989
e0929_4229	e0929	101469	L3990
e0929_sc_4230	e0929_sc	101470	L3991
e0932_4231	e0932	101474	L3992
e0933_4232	e0933	101475	L3993
e0934_4233	e0934	101476	L3994
e0936_4234	e0936	101478	L3995
e0936_4235	e0936	101478	L3996
e0943_4237	e0943	101485	L3997
e0944_4238	e0944	101486	L3998
e0946_4239	e0946	101488	L3999
e0948_4240	e0948	101490	L4000
e0949_4241	e0949	101491	L4001
e0950_4242	e0950	101492	L4002
e0950_4243	e0950	101492	L4003
e0971_4244	e0971	101515	L4004
e0971_4245	e0971	101515	L4005
e0978_4247	e0978	101521	L4006
e0982_4248	e0982	101526	L4007
e0982_4249	e0982	101526	L4008
e0983_4250	e0983	101527	L4009
e0993_4251	e0993	101536	L4010
e0993_4252	e0993	101536	L4011
e0993_4253	e0993	101536	L4012
e0993_4254	e0993	101536	L4013
e1019_4255	e1019	101564	L4014
e1020_4256	e1020	101565	L4015
e1023_4257	e1023	101568	L4016
e1024_4258	e1024	101570	L4017
e1025_4259	e1025	101571	L4018
e1027_4260	e1027	101573	L4019
e1028_4261	e1028	101574	L4020
e1029_4262	e1029	101575	L4021
e1035_4263	e1035	101581	L4022
e1036_4264	e1036	101582	L4023
e1039_4265	e1039	101585	L4024
e1039_4266	e1039	101585	L4025
e1041_4267	e1041	101587	L4026
e1053_4268	e1053	101599	L4027
e1054_4269	e1054	101600	L4028
e1054_4270	e1054	101600	L4029
e1055_4271	e1055	101601	L4030
e1056_4272	e1056	101602	L4031
e1056_4273	e1056	101602	L4032
e1057_4276	e1057	101603	L4033
e1058_4277	e1058	101604	L4034
e1059_4278	e1059	101605	L4035
e1060_4279	e1060	101606	L4036
e1063_4280	e1063	101609	L4037
e1067_4281	e1067	101613	L4038
e1069_4282	e1069	101615	L4039
e1072_4283	e1072	101618	L4040
e1072_4284	e1072	101618	L4041
e1073_4285	e1073	101619	L4042
e1084_4286	e1084	101630	L4043
e1088_4287	e1088	101634	L4044
e1089_4288	e1089	101635	L4045
e1091_4289	e1091	101637	L4046
e1092_4290	e1092	101638	L4047
e1093_4291	e1093	101639	L4048
e1094_4292	e1094	101640	L4049
e1095_4293	e1095	101641	L4050
e1097_4294	e1097	101643	L4051
e1098_4295	e1098	101644	L4052
e1099_4296	e1099	101645	L4053
e1102_4297	e1102	101648	L4054
e1110_4298	e1110	101656	L4055
e1111_4299	e1111	101657	L4056
e1117_4300	e1117	101664	L4057
e1117_4301	e1117	101664	L4058
e1119_4302	e1119	101666	L4059
e1120_4303	e1120	101667	L4060
e1123_4304	e1123	101670	L4061
e1123_4305	e1123	101670	L4062
e1124_4306	e1124	101671	L4063
e1163_4307	e1163	101713	L4064
e1163_4308	e1163	101713	L4065
e1168_4310	e1168	101717	L4066
e1169_4311	e1169	101718	L4067
e1172_4312	e1172	101721	L4068
e1174_4313	e1174	101722	L4069
e1175_4314	e1175	101723	L4070
e1176_4315	e1176	101724	L4071
e1181_4316	e1181	101729	L4072
e1186_4317	e1186	101735	L4073
e1188_4318	e1188	101737	L4074
e1191_4319	e1191	101740	L4075
e1194_4320	e1194	101743	L4076
e1197_4321	e1197	101746	L4077
e1200_4322	e1200	101749	L4078
e1201_4323	e1201	101750	L4079
e1203_4324	e1203	101752	L4080
e1207_4325	e1207	101756	L4081
e1210_4326	e1210	101759	L4082
e1210_4327	e1210	101759	L4083
e1211_4328	e1211	101760	L4084
e1217_4329	e1217	101767	L4085
e1218_4330	e1218	101768	L4086
e1219_4331	e1219	101769	L4087
e1219_4332	e1219	101769	L4088
e1221_4333	e1221	101771	L4089
e1223_4334	e1223	101773	L4090
e1223_4335	e1223	101773	L4091
e1229_4336	e1229	101779	L4092
e1231_4337	e1231	101781	L4093
e1232_4338	e1232	101782	L4094
e1234_4339	e1234	101784	L4095
e1237_4340	e1237	101787	L4096
e1239_4341	e1239	101788	L4097
e1239_4342	e1239	101788	L4098
e1240_4343	e1240	101789	L4099
e1240_sc_4344	e1240_sc	101790	L4100
e1242_4345	e1242	101792	L4101
e1243_4346	e1243	101793	L4102
e1247_4347	e1247	101797	L4103
e1247_4348	e1247	101797	L4104
e1250_4350	e1250	101800	L4105
e1250_4351	e1250	101800	L4106
e1254_4352	e1254	101803	L4107
e1256_4353	e1256	101805	L4108
e1256_4354	e1256	101805	L4109
e1259_4355	e1259	101808	L4110
e1261_4356	e1261	101810	L4111
e1263_4357	e1263	101812	L4112
e1264_4358	e1264	101813	L4113
e1266_4359	e1266	101816	L4114
e1269_4360	e1269	101819	L4115
e1270_4361	e1270	101821	L4116
e1270_4362	e1270	101821	L4117
e1273_4364	e1273	101824	L4118
e1274_4365	e1274	101825	L4119
e1275_4366	e1275	101826	L4120
e1275_4367	e1275	101826	L4121
e1275_4368	e1275	101826	L4122
e1278_4369	e1278	101829	L4123
e1279_4370	e1279	101830	L4124
e1279_4371	e1279	101830	L4125
e1280_4372	e1280	101831	L4126
e1281_4373	e1281	101832	L4127
e1281_4374	e1281	101832	L4128
e1282_4376	e1282	101833	L4129
e1284_4377	e1284	101835	L4130
e1286_4378	e1286	101837	L4131
e1287_4379	e1287	101838	L4132
e1288_4380	e1288	101840	L4133
e1288_4381	e1288	101840	L4134
e1288_4382	e1288	101839	L4135
e1295_4383	e1295	101847	L4136
e1299_4384	e1299	101852	L4137
e1300_4385	e1300	101853	L4138
e1301_4386	e1301	101854	L4139
e1307_4387	e1307	101860	L4140
e1308_4388	e1308	101861	L4141
e1309_4389	e1309	101862	L4142
e1309_4390	e1309	101862	L4143
e1309_4391	e1309	101863	L4144
e1309_4392	e1309	101863	L4145
e1311_4393	e1311	101865	L4146
e1311_4394	e1311	101865	L4147
e1322_4395	e1322	101877	L4148
e1326_4396	e1326	101881	L4149
e1327_4397	e1327	101882	L4150
e1328_4398	e1328	101883	L4151
e1329_4399	e1329	101884	L4152
e1333_4400	e1333	101888	L4153
e1333_4401	e1333	101888	L4154
e1346_4402	e1346	101891	L4155
e1348_4403	e1348	101893	L4156
e1349_4404	e1349	101894	L4157
e1350_4405	e1350	101895	L4158
e1352_4406	e1352	101897	L4159
e1354_4407	e1354	101899	L4160
e1355_4408	e1355	101900	L4161
e1360_4409	e1360	101905	L4162
e1361_4410	e1361	101906	L4163
e1362_4411	e1362	101907	L4164
e1365_4412	e1365	101910	L4165
e1366_4413	e1366	101911	L4166
e1366_4414	e1366	101911	L4167
e1366_4415	e1366	101911	L4168
e1368_4416	e1368	101913	L4169
e1369_4417	e1369	101914	L4170
e1370_4418	e1370	101915	L4171
e1371_4419	e1371	101916	L4172
e1375_4420	e1375	101920	L4173
e1384_4421	e1384	101930	L4174
e1384_4422	e1384	101930	L4175
e1385_4423	e1385	101931	L4176
e1387_4424	e1387	101933	L4177
e1389_4425	e1389	101935	L4178
e1391_4426	e1391	101937	L4179
e1392_4427	e1392	101938	L4180
e1396_4429	e1396	101942	L4181
e1406_4430	e1406	101952	L4182
e1410_4431	e1410	101956	L4183
e1411_4432	e1411	101957	L4184
e1411_4433	e1411	101957	L4185
e1416_4434	e1416	101962	L4186
e1416_4435	e1416	101962	L4187
e1427_4437	e1427	101974	L4188
e1427_4438	e1427	101974	L4189
e1432_4439	e1432	101979	L4190
e1432_4440	e1432	101979	L4191
e1432_4441	e1432	101979	L4192
e1433_4442	e1433	101980	L4193
e1433_4445	e1433	101980	L4194
e1434_4448	e1434	101982	L4195
e1434_4449	e1434	101981	L4196
e1443_4450	e1443	101992	L4197
e1447_4451	e1447	101996	L4198
e1448_4452	e1448	101997	L4199
e1450_4453	e1450	101999	L4200
e1452_4454	e1452	102001	L4201
e1453_4455	e1453	102002	L4202
e1455_4456	e1455	102004	L4203
e1457_4457	e1457	102006	L4204
e1457_4458	e1457	102006	L4205
e1458_4459	e1458	102007	L4206
e1458_4460	e1458	102007	L4207
e1460_4462	e1460	102009	L4208
e1462_4463	e1462	102011	L4209
e1465_4464	e1465	102014	L4210
e1466_4465	e1466	102015	L4211
e1466_4466	e1466	102015	L4212
e1466_4467	e1466	102015	L4213
e1468_4468	e1468	102017	L4214
e1468_4469	e1468	102017	L4215
e1473_4470	e1473	102022	L4216
e1473_4471	e1473	102022	L4217
e1475_4472	e1475	102024	L4218
e1476_4473	e1476	102025	L4219
e1476_sc_4474	e1476_sc	102026	L4220
e1483_4475	e1483	102034	L4221
e1484_4476	e1484	102035	L4222
e1486_4477	e1486	102037	L4223
e1487_4478	e1487	102038	L4224
e1487_4479	e1487	102038	L4225
e1497_4480	e1497	102048	L4226
e1498_4481	e1498	102049	L4227
e1498_4482	e1498	102049	L4228
e1502_4483	e1502	102053	L4229
e1506_4484	e1506	102057	L4230
e1506_4485	e1506	102057	L4231
e1506_4486	e1506	102057	L4232
e1506_4487	e1506	102057	L4233
e1512_4490	e1512	102063	L4234
e1514_4491	e1514	102065	L4235
e1516_4492	e1516	102067	L4236
e1517_4493	e1517	102068	L4237
e1517_4494	e1517	102068	L4238
e1521_4495	e1521	102073	L4239
e1526_4496	e1526	102078	L4240
e1526_4497	e1526	102078	L4241
e1526_4498	e1526	102078	L4242
e1526_4499	e1526	102078	L4243
e1531_4500	e1531	102083	L4244
e1533_4501	e1533	102085	L4245
e1535_4502	e1535	102087	L4246
e1547_4503	e1547	102099	L4247
e1547_4504	e1547	102099	L4248
e1549_4505	e1549	102101	L4249
e1551_4507	e1551	102103	L4250
e1553_4508	e1553	102106	L4251
e1556_4509	e1556	102109	L4252
e1560_4510	e1560	102115	L4253
e1561_4511	e1561	102116	L4254
e1566_4512	e1566	102122	L4255
e1566_sc_4513	e1566_sc	102123	L4256
e1569_4514	e1569	102125	L4257
e1570_4515	e1570	102126	L4258
e1571_4516	e1571	102128	L4259
e1572_4517	e1572	102129	L4260
e1572_4518	e1572	102129	L4261
e1573_4519	e1573	102130	L4262
e1577_4520	e1577	102135	L4263
e1579_4521	e1579	102137	L4264
e1581_4522	e1581	102139	L4265
e1582_4523	e1582	102140	L4266
e1582_sc_4524	e1582_sc	102141	L4267
e1584_4525	e1584	102143	L4268
e1588_4526	e1588	102147	L4269
e1588_4527	e1588	102147	L4270
e1591_4528	e1591	102150	L4271
e1592_4529	e1592	102151	L4272
e1593_4531	e1593	102152	L4273
e1594_4532	e1594	102153	L4274
e1595_4533	e1595	102154	L4275
e1596_4534	e1596	102155	L4276
e1597_4535	e1597	102156	L4277
e1598_4536	e1598	102157	L4278
e1600_4537	e1600	102160	L4279
e1601_4538	e1601	102161	L4280
e1604_4539	e1604	102165	L4281
e1609_4540	e1609	102170	L4282
e1612_4541	e1612	102173	L4283
e1620_4543	e1620	102181	L4284
e1621_4544	e1621	102182	L4285
e1622_4545	e1622	102183	L4286
e1623_4546	e1623	102184	L4287
e1624_4547	e1624	102185	L4288
e1630_4548	e1630	102191	L4289
e1631_4549	e1631	102192	L4290
e1633_4550	e1633	102194	L4291
e1641_4551	e1641	102202	L4292
e1641_4552	e1641	102202	L4293
e1641_4553	e1641	102202	L4294
e1642_4554	e1642	102203	L4295
e1642_4555	e1642	102203	L4296
e1647_4556	e1647	102208	L4297
e1649_4557	e1649	102210	L4298
e1649_4558	e1649	102210	L4299
e1652_4559	e1652	102213	L4300
e1653_4560	e1653	102214	L4301
e1653_4561	e1653	102214	L4302
e1654_4564	e1654	102215	L4303
e1654_4565	e1654	102215	L4304
e1656_4566	e1656	102217	L4305
e1657_4567	e1657	102218	L4306
e1664_4568	e1664	102225	L4307
e1668_4569	e1668	102229	L4308
e1675_4570	e1675	102236	L4309
e1676_4571	e1676	102237	L4310
e1677_4572	e1677	102238	L4311
e1678_4573	e1678	102239	L4312
e1679_4574	e1679	102240	L4313
e1680_4575	e1680	102241	L4314
e1688_4576	e1688	102249	L4315
e1691_4577	e1691	102252	L4316
e1694_4578	e1694	102255	L4317
e1698_4579	e1698	102259	L4318
e1700_4581	e1700	102261	L4319
e1700_4582	e1700	102261	L4320
e1701_4584	e1701	102262	L4321
e1702_4585	e1702	102263	L4322
e1703_4586	e1703	102264	L4323
e1703_4587	e1703	102264	L4324
e1708_4588	e1708	102269	L4325
e1709_4589	e1709	102270	L4326
e1712_4590	e1712	102273	L4327
e1712_4591	e1712	102273	L4328
e1713_4592	e1713	102274	L4329
e1713_4593	e1713	102274	L4330
e1713_4594	e1713	102274	L4331
e1713_4595	e1713	102274	L4332
e1714_4596	e1714	102275	L4333
e1714_4597	e1714	102275	L4334
e1717_4598	e1717	102278	L4335
e1717_4599	e1717	102278	L4336
e1718_4600	e1718	102279	L4337
e1719_4601	e1719	102280	L4338
e1719_4602	e1719	102280	L4339
e1724_4603	e1724	102285	L4340
e1724_4604	e1724	102285	L4341
e1725_4605	e1725	102286	L4342
e1726_4606	e1726	102287	L4343
e1726_4607	e1726	102287	L4344
e1729_4608	e1729	102290	L4345
e1729_4609	e1729	102290	L4346
e1729_4610	e1729	102290	L4347
e1729_4611	e1729	102290	L4348
e1729_4612	e1729	102290	L4349
e1729_4613	e1729	102290	L4350
e1736_4614	e1736	102298	L4351
e1736_4615	e1736	102298	L4352
e1745_4616	e1745	102309	L4353
e1745_4617	e1745	102309	L4354
e1746_4618	e1746	102310	L4355
e1746_4619	e1746	102310	L4356
e1747_4620	e1747	102311	L4357
e1747_4621	e1747	102311	L4358
e1748_4622	e1748	102312	L4359
e1748_4623	e1748	102312	L4360
e1749_4624	e1749	102313	L4361
e1749_4625	e1749	102313	L4362
e1750_4626	e1750	102314	L4363
e1750_4627	e1750	102314	L4364
e1752_4628	e1752	102316	L4365
e1752_4629	e1752	102316	L4366
e1753_4630	e1753	102317	L4367
e1753_4631	e1753	102317	L4368
e1754_4632	e1754	102318	L4369
e1755_4633	e1755	102319	L4370
e1755_4634	e1755	102319	L4371
e1755_4635	e1755	102319	L4372
e1755_4636	e1755	102319	L4373
e1755_4637	e1755	102319	L4374
e1755_4638	e1755	102319	L4375
e1755_4639	e1755	102319	L4376
e1756_4640	e1756	102320	L4377
e1757_4641	e1757	102321	L4378
e1759_4642	e1759	102322	L4379
e1759_4643	e1759	102322	L4380
e1762_4644	e1762	102325	L4381
e1762_4645	e1762	102325	L4382
e1763_4646	e1763	102326	L4383
e1763_4647	e1763	102326	L4384
e1764_4650	e1764	102327	L4385
e1766_4651	e1766	102330	L4386
e1766_4652	e1766	102330	L4387
e1771_4653	e1771	102335	L4388
e1771_4654	e1771	102335	L4389
e1772_4655	e1772	102336	L4390
e1772_4656	e1772	102336	L4391
e1772_4657	e1772	102336	L4392
e1772_4658	e1772	102336	L4393
e1774_4659	e1774	102338	L4394
e1774_4660	e1774	102338	L4395
e1775_4661	e1775	102339	L4396
e1775_4662	e1775	102339	L4397
e1778_4663	e1778	102343	L4398
e1778_4664	e1778	102343	L4399
e1780_4665	e1780	102345	L4400
e1781_4666	e1781	102346	L4401
e1781_4667	e1781	102346	L4402
e1782_4668	e1782	102347	L4403
e1784_4669	e1784	102349	L4404
e1784_4670	e1784	102349	L4405
e1785_4671	e1785	102350	L4406
e1785_4672	e1785	102350	L4407
e1787_4673	e1787	102352	L4408
e1787_4674	e1787	102352	L4409
e1791_4675	e1791	102356	L4410
e1791_4676	e1791	102356	L4411
e1794_4677	e1794	102359	L4412
e1794_4678	e1794	102359	L4413
e1795_4679	e1795	102361	L4414
e1795_4680	e1795	102361	L4415
e1795_4681	e1795	102360	L4416
e1795_4682	e1795	102360	L4417
e1799_4683	e1799	102365	L4418
e1799_4684	e1799	102365	L4419
e1801_4685	e1801	102367	L4420
e1801_4686	e1801	102367	L4421
e1801_4687	e1801	102367	L4422
e1801_4688	e1801	102367	L4423
e1804_4689	e1804	102370	L4424
e1804_4690	e1804	102370	L4425
e1804_4691	e1804	102370	L4426
e1805_4692	e1805	102371	L4427
e1806_4693	e1806	102373	L4428
e1806_4694	e1806	102372	L4429
e1806_4695	e1806	102373	L4430
e1806_4696	e1806	102372	L4431
e1812_4697	e1812	102380	L4432
e1812_4698	e1812	102380	L4433
e1814_4699	e1814	102382	L4434
e1819_4700	e1819	102387	L4435
e1819_4701	e1819	102387	L4436
e1820_4702	e1820	102388	L4437
e1821_4703	e1821	102389	L4438
e1821_4704	e1821	102389	L4439
e1822_4705	e1822	102390	L4440
e1822_4706	e1822	102390	L4441
e1825_4707	e1825	102393	L4442
e1827_4708	e1827	102396	L4443
e1834_4709	e1834	102403	L4444
e1834_4710	e1834	102403	L4445
e1840_4711	e1840	102409	L4446
e1843_4712	e1843	102412	L4447
e1845_4713	e1845	102416	L4448
e1846_4714	e1846	102418	L4449
e1846_4715	e1846	102417	L4450
e1852_4716	e1852	102424	L4451
e1855_4717	e1855	102427	L4452
e1857_4718	e1857	102429	L4453
e1859_4719	e1859	102431	L4454
e1861_4720	e1861	102433	L4455
e1862_4721	e1862	102434	L4456
e1864_4722	e1864	102437	L4457
e1865_4724	e1865	102438	L4458
e1866_4725	e1866	102439	L4459
e1866_sc_4726	e1866_sc	102440	L4460
e1867_4727	e1867	102441	L4461
e1867_4728	e1867	102441	L4462
e1868_4730	e1868	102442	L4463
e1873_4731	e1873	102448	L4464
e1875_4732	e1875	102450	L4465
e1879_4733	e1879	102454	L4466
e1885_4734	e1885	102460	L4467
e1888_4735	e1888	102463	L4468
e1890_4736	e1890	102465	L4469
e1892_4737	e1892	102467	L4470
e1894_4738	e1894	102469	L4471
e1894_sc_4739	e1894_sc	102470	L4472
e1896_4740	e1896	102472	L4473
e1897_4741	e1897	102473	L4474
e1898_4742	e1898	102474	L4475
e1899_4743	e1899	102475	L4476
e1899_4744	e1899	102475	L4477
e1901_4745	e1901	102477	L4478
e1903_4746	e1903	102479	L4479
e1909_4747	e1909	102485	L4480
e1910_4748	e1910	102487	L4481
e1910_4749	e1910	102487	L4482
e1910_4750	e1910	102487	L4483
e1910_4751	e1910	102487	L4484
e1911_4754	e1911	102488	L4485
e1913_4755	e1913	102490	L4486
e1914_4756	e1914	102492	L4487
e1914_4757	e1914	102492	L4488
e1916_4758	e1916	102494	L4489
e1917_4759	e1917	102495	L4490
e1918_4760	e1918	102496	L4491
e1919_4761	e1919	102497	L4492
e1932_4762	e1932	102515	L4493
e1937_4763	e1937	102520	L4494
e1939_4764	e1939	102522	L4495
e1940_4765	e1940	102523	L4496
e1943_4766	e1943	102526	L4497
e1944_4767	e1944	102527	L4498
e1950_4768	e1950	102533	L4499
e1951_4769	e1951	102534	L4500
e8172_4770	e8172	102566	L4501
e8275_4771	e8275	102568	L4502
e8275_4772	e8275	102568	L4503
e8302_4773	e8302	102570	L4504
e8302_4774	e8302	102570	L4505
e8392_4775	e8392	102573	L4506
e8545_4776	e8545	102579	L4507
e8830_4777	e8830	102585	L4508
e9124_4778	e9124	102593	L4509
e9124_4779	e9124	102593	L4510
e9124_4780	e9124	102593	L4511
e9178_4781	e9178	102596	L4512
e9178_4782	e9178	102596	L4513
e9178_4783	e9178	102596	L4514
e9236_4784	e9236	102605	L4515
e9236_4785	e9236	102605	L4516
e9236_4786	e9236	102605	L4517
e9236_4787	e9236	102605	L4518
e9237_4788	e9237	102606	L4519
e9238_4789	e9238	102607	L4520
e9409_4790	e9409	102612	L4521
e9585_4791	e9585	102617	L4522
e9808_4792	e9808	102624	L4523
f0021_4793	f0021	102726	L4524
f0026_4794	f0026	102731	L4525
f0032_4795	f0032	102738	L4526
f0037_4796	f0037	102744	L4527
f0037_4797	f0037	102744	L4528
f0040_4799	f0040	102747	L4529
f0041_4800	f0041	102748	L4530
f0048_4801	f0048	102758	L4531
f0057_4803	f0057	102767	L4532
f0058_4804	f0058	102768	L4533
f0086_4805	f0086	102798	L4534
f0086_4806	f0086	102798	L4535
f0116_4807	f0116	102834	L4536
f0127_4808	f0127	102847	L4537
f0127_4809	f0127	102847	L4538
f0144_4811	f0144	102865	L4539
f0149_4812	f0149	102870	L4540
f0154_4813	f0154	102876	L4541
f0161_4814	f0161	102883	L4542
f0164_4815	f0164	102886	L4543
f0180_4816	f0180	102903	L4544
f0186_4817	f0186	102910	L4545
f0192_4818	f0192	102916	L4546
f0193_4819	f0193	102917	L4547
f0193_4820	f0193	102917	L4548
f0193_4821	f0193	102917	L4549
f0203_4822	f0203	102929	L4550
f0231_4823	f0231	102962	L4551
f0234_4824	f0234	102966	L4552
f0240_4825	f0240	102972	L4553
f0240_4826	f0240	102972	L4554
f0246_4827	f0246	102978	L4555
f0246_4828	f0246	102978	L4556
f0251_4830	f0251	102985	L4557
f0251_4831	f0251	102986	L4558
f0260_4832	f0260	102996	L4559
f0264_4833	f0264	103002	L4560
f0264_4834	f0264	103002	L4561
f0266_4835	f0266	103004	L4562
f0270_4836	f0270	103008	L4563
f0271_4837	f0271	103009	L4564
f0274_4838	f0274	103012	L4565
f0279_4839	f0279	103017	L4566
f0303_4840	f0303	103043	L4567
f0305_4841	f0305	103045	L4568
f0311_4842	f0311	103051	L4569
f0318_4843	f0318	103059	L4570
f0323_4844	f0323	103064	L4571
f0326_4845	f0326	103067	L4572
f0337_4846	f0337	103078	L4573
f0337_4847	f0337	103078	L4574
f0339_4848	f0339	103080	L4575
f0339_4849	f0339	103080	L4576
f0348_4850	f0348	103089	L4577
f0353_4851	f0353	103094	L4578
f0358_4852	f0358	103099	L4579
f0370_4853	f0370	103114	L4580
f0372_4854	f0372	103116	L4581
f0373_4855	f0373	103117	L4582
f0377_4856	f0377	103121	L4583
f0378_4857	f0378	103122	L4584
f0382_4858	f0382	103126	L4585
f0384_4861	f0384	103128	L4586
f0406_4862	f0406	103155	L4587
f0406_4863	f0406	103155	L4588
f0413_4864	f0413	103164	L4589
f0414_4865	f0414	103166	L4590
f0414_4866	f0414	103165	L4591
f0414_4867	f0414	103166	L4592
f0414_4868	f0414	103165	L4593
f0433_4869	f0433	103186	L4594
f0439_4870	f0439	103193	L4595
f0442_4871	f0442	103196	L4596
f0442_4872	f0442	103196	L4597
f0448_4874	f0448	103203	L4598
f0450_4875	f0450	103205	L4599
f0463_4876	f0463	103221	L4600
f0463_4877	f0463	103221	L4601
f0498_4878	f0498	103265	L4602
f0502_4879	f0502	103269	L4603
f0502_4880	f0502	103269	L4604
f0506_4881	f0506	103274	L4605
f0512_4882	f0512	103280	L4606
f0512_4883	f0512	103280	L4607
f0512_4884	f0512	103280	L4608
f0516_4885	f0516	103284	L4609
f0524_4886	f0524	103292	L4610
f0546_4887	f0546	103317	L4611
f0548_4889	f0548	103319	L4612
f0548_4890	f0548	103319	L4613
f0549_4891	f0549	103320	L4614
f0549_4892	f0549	103320	L4615
f0556_4893	f0556	103327	L4616
f0557_4894	f0557	103328	L4617
f0563_4895	f0563	103335	L4618
f0569_4896	f0569	103341	L4619
f0572_4897	f0572	103344	L4620
f0584_4898	f0584	103357	L4621
f0585_4899	f0585	103359	L4622
f0590_4900	f0590	103364	L4623
f0596_4901	f0596	103370	L4624
f0596_sc_4902	f0596_sc	103371	L4625
f0596_sc_4903	f0596_sc	103371	L4626
f0601_4904	f0601	103376	L4627
f0608_4905	f0608	103383	L4628
f0613_4906	f0613	103388	L4629
f0613_4907	f0613	103388	L4630
f0613_4908	f0613	103388	L4631
f0638_4909	f0638	103420	L4632
f0639_4910	f0639	103421	L4633
f0644_4911	f0644	103426	L4634
f0651_4912	f0651	103433	L4635
f0655_4913	f0655	103438	L4636
f0655_sc_4914	f0655_sc	103439	L4637
f0660_4915	f0660	103444	L4638
f0660_4916	f0660	103444	L4639
f0662_4917	f0662	103446	L4640
f0673_4918	f0673	103457	L4641
f0678_4919	f0678	103463	L4642
f0679_4920	f0679	103464	L4643
f0685_4921	f0685	103470	L4644
f0685_4922	f0685	103471	L4645
f0716_4923	f0716	103504	L4646
f0719_4924	f0719	103507	L4647
f0721_4925	f0721	103509	L4648
f0723_4926	f0723	103512	L4649
f0723_4927	f0723	103512	L4650
f0723_4928	f0723	103512	L4651
f0730_4930	f0730	103519	L4652
f0730_4931	f0730	103519	L4653
f0730_4932	f0730	103519	L4654
f0730_sc_4933	f0730_sc	103520	L4655
f0730_sc_4934	f0730_sc	103520	L4656
f0743_4937	f0743	103533	L4657
f0751_4938	f0751	103542	L4658
f0751_4939	f0751	103542	L4659
f0751_4940	f0751	103542	L4660
f0752_4941	f0752	103543	L4661
f0756_4942	f0756	103549	L4662
f0758_4943	f0758	103552	L4663
f0758_4944	f0758	103552	L4664
f0758_4945	f0758	103551	L4665
f0759_4946	f0759	103553	L4666
f0762_4947	f0762	103556	L4667
f0765_4948	f0765	103559	L4668
f0766_4949	f0766	103560	L4669
f0766_4950	f0766	103560	L4670
f0766_4951	f0766	103560	L4671
f0781_4952	f0781	103578	L4672
f0782_4953	f0782	103579	L4673
f0793_4954	f0793	103590	L4674
f0802_4955	f0802	103600	L4675
f0820_4956	f0820	103618	L4676
f0828_4957	f0828	103626	L4677
f0844_4958	f0844	103642	L4678
f0851_4959	f0851	103649	L4679
f0857_4960	f0857	103655	L4680
f0859_4961	f0859	103657	L4681
f0876_4962	f0876	103677	L4682
f0879_4963	f0879	103680	L4683
f0884_4964	f0884	103685	L4684
f0887_4965	f0887	103688	L4685
f0898_4966	f0898	103699	L4686
f0906_4967	f0906	103707	L4687
f0913_4968	f0913	103717	L4688
f0913_4969	f0913	103716	L4689
f0913_4970	f0913	103717	L4690
f0915_4971	f0915	103719	L4691
f0915_sc_4972	f0915_sc	103720	L4692
f0917_4973	f0917	103722	L4693
f0923_4974	f0923	103728	L4694
f0931_4975	f0931	103736	L4695
f0931_4976	f0931	103736	L4696
f0933_4977	f0933	103738	L4697
f0935_4978	f0935	103740	L4698
f0944_4979	f0944	103749	L4699
f0952_4980	f0952	103758	L4700
f0959_4982	f0959	103765	L4701
f0959_4983	f0959	103765	L4702
f0962_4984	f0962	103768	L4703
f0965_4985	f0965	103772	L4704
f0965_4986	f0965	103772	L4705
f0965_4987	f0965	103772	L4706
f0965_4988	f0965	103771	L4707
f0967_4989	f0967	103774	L4708
f0976_4990	f0976	103784	L4709
f0977_4991	f0977	103785	L4710
f0988_4992	f0988	103798	L4711
f0988_4993	f0988	103798	L4712
f0988_4994	f0988	103798	L4713
f0992_4995	f0992	103802	L4714
f0993_4996	f0993	103803	L4715
f0994_4997	f0994	103804	L4716
f0994_4998	f0994	103804	L4717
f0994_sc_4999	f0994_sc	103805	L4718
f0994_sc_5000	f0994_sc	103805	L4719
f0995_5001	f0995	103806	L4720
f1002_5002	f1002	103813	L4721
f1006_5003	f1006	103817	L4722
f1010_5004	f1010	103821	L4723
f1010_5005	f1010	103821	L4724
f1010_5006	f1010	103821	L4725
f1010_5007	f1010	103821	L4726
f1012_5008	f1012	103823	L4727
f1015_5009	f1015	103826	L4728
f1018_5010	f1018	103830	L4729
f1024_5011	f1024	103836	L4730
f1024_sc_5012	f1024_sc	103837	L4731
f1034_5013	f1034	103849	L4732
f1039_5014	f1039	103856	L4733
f1056_5015	f1056	103876	L4734
f1057_5016	f1057	103877	L4735
f1059_5017	f1059	103881	L4736
f1060_5018	f1060	103882	L4737
f1060_5019	f1060	103882	L4738
f1071_5020	f1071	103895	L4739
f1079_5021	f1079	103903	L4740
f1080_5022	f1080	103905	L4741
f1086_5023	f1086	103911	L4742
f1096_5024	f1096	103923	L4743
f1096_5025	f1096	103923	L4744
f1096_5026	f1096	103923	L4745
f1096_5027	f1096	103921	L4746
f1096_5028	f1096	103921	L4747
f1096_5029	f1096	103922	L4748
f1096_5030	f1096	103922	L4749
f1096_5031	f1096	103922	L4750
f1100_5032	f1100	103927	L4751
f1103_5033	f1103	103930	L4752
f1106_5034	f1106	103933	L4753
f1106_5035	f1106	103933	L4754
f1109_5036	f1109	103937	L4755
f1109_5037	f1109	103936	L4756
f1109_sc_5038	f1109_sc	103938	L4757
f1118_5039	f1118	103949	L4758
f1118_5040	f1118	103949	L4759
f1118_5041	f1118	103949	L4760
f1118_5042	f1118	103949	L4761
f1118_5043	f1118	103949	L4762
f1125_5044	f1125	103957	L4763
f1125_5045	f1125	103957	L4764
f1127_5046	f1127	103959	L4765
f1135_5047	f1135	103969	L4766
f1146_5048	f1146	103981	L4767
f1150_5049	f1150	103985	L4768
f1154_5050	f1154	103989	L4769
f1155_5051	f1155	103990	L4770
f1173_5052	f1173	104009	L4771
f1176_5053	f1176	104012	L4772
f1177_5054	f1177	104013	L4773
f1184_5055	f1184	104023	L4774
f1187_5056	f1187	104027	L4775
f1188_5057	f1188	104028	L4776
f1203_5058	f1203	104045	L4777
f1221_5059	f1221	104063	L4778
f1222_5060	f1222	104064	L4779
f1228_5061	f1228	104072	L4780
f1230_5062	f1230	104075	L4781
f1245_5063	f1245	104091	L4782
f1255_5064	f1255	104102	L4783
f1260_5065	f1260	104108	L4784
f1262_5066	f1262	104110	L4785
f1265_5067	f1265	104113	L4786
f1270_5068	f1270	104118	L4787
f1271_5069	f1271	104119	L4788
f1302_5070	f1302	104125	L4789
f9010_5071	f9010	104154	L4790
f9045_5072	f9045	104156	L4791
f9225_5073	f9225	104185	L4792
f9225_5074	f9225	104185	L4793
f9227_5075	f9227	104187	L4794
f9227_5076	f9227	104187	L4795
f9227_5077	f9227	104187	L4796
f9228_5078	f9228	104188	L4797
f9228_5079	f9228	104188	L4798
f9228_5080	f9228	104188	L4799
f9229_5085	f9229	104189	L4800
f9316_5086	f9316	104195	L4801
f9317_5087	f9317	104196	L4802
f9540_5088	f9540	104204	L4803
f9644_5089	f9644	104212	L4804
f9706_5090	f9706	104215	L4805
f9795_5091	f9795	104224	L4806
f9910_5092	f9910	104229	L4807
f9911_5093	f9911	104230	L4808
f9911_5094	f9911	104230	L4809
f9937_5095	f9937	104233	L4810
f9993_5096	f9993	104237	L4811
g0016_5097	g0016	104260	L4812
g0034_5098	g0034	104283	L4813
g0062_5099	g0062	104319	L4814
g0076_5100	g0076	104335	L4815
g0077_5101	g0077	104336	L4816
g0081_5102	g0081	104340	L4817
g0081_5103	g0081	104340	L4818
g0081_5104	g0081	104340	L4819
g0090_5105	g0090	104350	L4820
g0090_5106	g0090	104350	L4821
g0093_5107	g0093	104353	L4822
g0102_5108	g0102	104365	L4823
g0120_5109	g0120	104389	L4824
g0128_5110	g0128	104398	L4825
g0140_5111	g0140	104415	L4826
g0144_5112	g0144	104419	L4827
g0149_5113	g0149	104425	L4828
g0150_5114	g0150	104426	L4829
g0153_5115	g0153	104429	L4830
g0156_5116	g0156	104432	L4831
g0168_5117	g0168	104445	L4832
g0174_5118	g0174	104453	L4833
g0190_5119	g0190	104474	L4834
g0202_5120	g0202	104489	L4835
g0234_5121	g0234	104532	L4836
g0237_5122	g0237	104535	L4837
g0238_5123	g0238	104536	L4838
g0268_5124	g0268	104571	L4839
g0271_5125	g0271	104574	L4840
g0271_5126	g0271	104574	L4841
g0272_5127	g0272	104575	L4842
g0274_5128	g0274	104577	L4843
g0288_5129	g0288	104594	L4844
g0288_5130	g0288	104594	L4845
g0308_5131	g0308	104604	L4846
g0316_5132	g0316	104612	L4847
g0318_5133	g0318	104614	L4848
g0321_5134	g0321	104617	L4849
g0322_5135	g0322	104618	L4850
g0351_5136	g0351	104651	L4851
g0352_5137	g0352	104652	L4852
g0352_5138	g0352	104652	L4853
g0357_5139	g0357	104657	L4854
g0376_5140	g0376	104679	L4855
g0380_5141	g0380	104684	L4856
g0385_5142	g0385	104688	L4857
g0390_5143	g0390	104693	L4858
g0391_5144	g0391	104694	L4859
g0397_5145	g0397	104700	L4860
g0406_5146	g0406	104709	L4861
g0409_5147	g0409	104712	L4862
g0420_5148	g0420	104722	L4863
g0420_5149	g0420	104722	L4864
g0421_5150	g0421	104723	L4865
g0422_5151	g0422	104724	L4866
g0435_5152	g0435	104737	L4867
g0438_5153	g0438	104740	L4868
g0438_5154	g0438	104740	L4869
g0438_5155	g0438	104740	L4870
g0438_5156	g0438	104740	L4871
g0439_5157	g0439	104741	L4872
g0439_5158	g0439	104741	L4873
g0439_5159	g0439	104741	L4874
g0449_5160	g0449	104752	L4875
g0450_5161	g0450	104753	L4876
g0450_5162	g0450	104753	L4877
g0476_5163	g0476	104781	L4878
g0482_5164	g0482	104786	L4879
g0485_5165	g0485	104789	L4880
g0498_5166	g0498	104799	L4881
g0501_5167	g0501	104803	L4882
g0501_5168	g0501	104803	L4883
g0503_5169	g0503	104805	L4884
g0522_5170	g0522	104825	L4885
g0529_5171	g0529	104833	L4886
g0534_5172	g0534	104838	L4887
g0537_5173	g0537	104841	L4888
g0560_5174	g0560	104866	L4889
g0566_5175	g0566	104872	L4890
g0571_5176	g0571	104878	L4891
g0578_5177	g0578	104885	L4892
g0589_5178	g0589	104896	L4893
g0592_5179	g0592	104898	L4894
g0601_5180	g0601	104908	L4895
g0601_5181	g0601	104908	L4896
g0607_5182	g0607	104915	L4897
g0615_5183	g0615	104924	L4898
g0615_5184	g0615	104924	L4899
g0630_5185	g0630	104940	L4900
g0630_5186	g0630	104940	L4901
g0630_5187	g0630	104940	L4902
g0630_5188	g0630	104940	L4903
g0631_5189	g0631	104941	L4904
g0643_5190	g0643	104953	L4905
g0666_5191	g0666	104976	L4906
g0690_5192	g0690	105003	L4907
g0695_5193	g0695	105008	L4908
g0695_5194	g0695	105008	L4909
h0004_5195	h0004	105044	L4910
h0015_5196	h0015	105055	L4911
h0017_5197	h0017	105057	L4912
h0018_5198	h0018	105058	L4913
h0029_5199	h0029	105072	L4914
h0044_5200	h0044	105089	L4915
h0053_5201	h0053	105099	L4916
h0066_5202	h0066	105114	L4917
h0074_5203	h0074	105123	L4918
h0097_5204	h0097	105148	L4919
h0118_5205	h0118	105173	L4920
h0118_5206	h0118	105173	L4921
h0127_5207	h0127	105183	L4922
h0127_5208	h0127	105183	L4923
h0147_5209	h0147	105207	L4924
h0147_5210	h0147	105207	L4925
h0147_5211	h0147	105207	L4926
h0158_5213	h0158	105219	L4927
h0158_sc_5214	h0158_sc	105220	L4928
h0163_5215	h0163	105225	L4929
h0203_5216	h0203	105270	L4930
h0203_5217	h0203	105270	L4931
h0203_5218	h0203	105270	L4932
h0274_5219	h0274	105352	L4933
h0274_sc_5220	h0274_sc	105353	L4934
h0276_5221	h0276	105355	L4935
h0283_5222	h0283	105362	L4936
h0290_5223	h0290	105369	L4937
h0295_5224	h0295	105375	L4938
h0351_5225	h0351	105441	L4939
h0358_5226	h0358	105450	L4940
h0365_5227	h0365	105459	L4941
h0380_5228	h0380	105476	L4942
h0381_5229	h0381	105477	L4943
h0381_5230	h0381	105477	L4944
h0385_5231	h0385	105481	L4945
h0397_5232	h0397	105492	L4946
h0397_5233	h0397	105492	L4947
h0402_5234	h0402	105497	L4948
h0404_5235	h0404	105499	L4949
h0410_5236	h0410	105505	L4950
h0449_5237	h0449	105546	L4951
h0449_5238	h0449	105546	L4952
h0451_5239	h0451	105548	L4953
h0451_5240	h0451	105548	L4954
h0460_5241	h0460	105558	L4955
h0475_5242	h0475	105577	L4956
h0485_5243	h0485	105589	L4957
h0485_5244	h0485	105589	L4958
h0537_5245	h0537	105644	L4959
h0544_5246	h0544	105653	L4960
h0548_5247	h0548	105658	L4961
h0565_5248	h0565	105674	L4962
h0569_5249	h0569	105679	L4963
h0569_5250	h0569	105678	L4964
h0580_5251	h0580	105692	L4965
h0586_5252	h0586	105698	L4966
h0586_sc_5253	h0586_sc	105699	L4967
h0596_5254	h0596	105711	L4968
h0599_5255	h0599	105714	L4969
h0614_5256	h0614	105728	L4970
h0614_5257	h0614	105727	L4971
h0614_5258	h0614	105727	L4972
h0626_5259	h0626	105744	L4973
h0638_5260	h0638	105756	L4974
h0648_5261	h0648	105764	L4975
h0653_5262	h0653	105769	L4976
h0654_5263	h0654	105770	L4977
h0657_5264	h0657	105773	L4978
h0659_5265	h0659	105775	L4979
h0660_5266	h0660	105776	L4980
h0723_5267	h0723	105842	L4981
h0723_5268	h0723	105842	L4982
h0724_5269	h0724	105843	L4983
h0726_5270	h0726	105845	L4984
h0727_5271	h0727	105846	L4985
h0952_5272	h0952	105965	L4986
h0952_5273	h0952	105965	L4987
h9162_5274	h9162	105973	L4988
i0002_5275	i0002	106000	L4989
i0003_5276	i0003	106001	L4990
i0012_5277	i0012	106010	L4991
i0013_5278	i0013	106011	L4992
i0021_5279	i0021	106021	L4993
i0057_5280	i0057	106061	L4994
i0057_5281	i0057	106062	L4995
i0097_5282	i0097	106106	L4996
i0113_5283	i0113	106122	L4997
i0113_5284	i0113	106122	L4998
i0117_5285	i0117	106126	L4999
i0117_5286	i0117	106126	L5000
i0117_5287	i0117	106126	L5001
i0121_5288	i0121	106130	L5002
i0123_5289	i0123	106132	L5003
i0125_5290	i0125	106134	L5004
i0125_5291	i0125	106134	L5005
i0141_5292	i0141	106153	L5006
i0141_5293	i0141	106153	L5007
i0153_5294	i0153	106165	L5008
i0155_5295	i0155	106168	L5009
i0160_5296	i0160	106173	L5010
i0162_5297	i0162	106175	L5011
i0162_5298	i0162	106175	L5012
i0176_5299	i0176	106190	L5013
i0176_5300	i0176	106190	L5014
i0177_5301	i0177	106191	L5015
i0177_5302	i0177	106191	L5016
i0182_5303	i0182	106197	L5017
i0182_5304	i0182	106197	L5018
i0186_5305	i0186	106201	L5019
i0186_5306	i0186	106201	L5020
i0192_5307	i0192	106207	L5021
i0192_5308	i0192	106207	L5022
i0192_5309	i0192	106207	L5023
i0193_5310	i0193	106208	L5024
i0193_5311	i0193	106208	L5025
i0195_5312	i0195	106210	L5026
i0195_5313	i0195	106210	L5027
i0201_5314	i0201	106216	L5028
i0201_5315	i0201	106216	L5029
i0207_5316	i0207	106224	L5030
i0207_5317	i0207	106224	L5031
i0211_5318	i0211	106228	L5032
i0211_5319	i0211	106228	L5033
i0213_5320	i0213	106230	L5034
i0213_5321	i0213	106230	L5035
i0215_5322	i0215	106232	L5036
i0215_5323	i0215	106232	L5037
i0226_5324	i0226	106243	L5038
i0226_5325	i0226	106243	L5039
i0229_5326	i0229	106246	L5040
i0229_5327	i0229	106246	L5041
i0232_5328	i0232	106249	L5042
i0232_5329	i0232	106249	L5043
i0235_5330	i0235	106252	L5044
i0235_5331	i0235	106252	L5045
i0238_5332	i0238	106255	L5046
i0238_5333	i0238	106255	L5047
i0242_5334	i0242	106259	L5048
i0242_5335	i0242	106259	L5049
i0245_5336	i0245	106262	L5050
i0245_5337	i0245	106262	L5051
i0245_5339	i0245	106263	L5052
i0245_5340	i0245	106262	L5053
i0245_5341	i0245	106262	L5054
i0245_5343	i0245	106263	L5055
i0247_5344	i0247	106265	L5056
i0247_5345	i0247	106265	L5057
i0256_5346	i0256	106274	L5058
i0256_5347	i0256	106274	L5059
i0258_5348	i0258	106276	L5060
i0258_5349	i0258	106276	L5061
i0258_sc_5350	i0258_sc	106277	L5062
i0258_sc_5351	i0258_sc	106277	L5063
i0259_5352	i0259	106278	L5064
i0259_5353	i0259	106278	L5065
i0261_5354	i0261	106280	L5066
i0261_5355	i0261	106280	L5067
i0262_5356	i0262	106281	L5068
i0262_5357	i0262	106281	L5069
i0264_5358	i0264	106283	L5070
i0264_5359	i0264	106283	L5071
i0268_5360	i0268	106287	L5072
i0268_5361	i0268	106287	L5073
i0281_5362	i0281	106303	L5074
i0281_5363	i0281	106303	L5075
i0293_5364	i0293	106317	L5076
i0298_5365	i0298	106322	L5077
i0298_5366	i0298	106322	L5078
i0300_5367	i0300	106324	L5079
i0300_5368	i0300	106324	L5080
i0306_5369	i0306	106333	L5081
i0306_5370	i0306	106333	L5082
i0307_5371	i0307	106334	L5083
i0307_5372	i0307	106334	L5084
i0309_5373	i0309	106336	L5085
i0309_5374	i0309	106336	L5086
i0315_5375	i0315	106342	L5087
i0320_5376	i0320	106347	L5088
i0324_5377	i0324	106351	L5089
i0324_5378	i0324	106351	L5090
i0325_5379	i0325	106352	L5091
i0326_5380	i0326	106353	L5092
i0326_5381	i0326	106353	L5093
i0336_5382	i0336	106365	L5094
i0336_5383	i0336	106366	L5095
i0336_5384	i0336	106364	L5096
i0339_5385	i0339	106369	L5097
i0339_5386	i0339	106369	L5098
i0340_5387	i0340	106370	L5099
i0340_5388	i0340	106370	L5100
i0342_5389	i0342	106372	L5101
i0342_5390	i0342	106372	L5102
i0347_5391	i0347	106377	L5103
i0347_5392	i0347	106377	L5104
i0349_5393	i0349	106379	L5105
i0349_5394	i0349	106379	L5106
i0357_5395	i0357	106387	L5107
i0357_5396	i0357	106387	L5108
i0368_5397	i0368	106399	L5109
i0368_5398	i0368	106399	L5110
i0370_5399	i0370	106401	L5111
i0370_5400	i0370	106401	L5112
i0376_5401	i0376	106407	L5113
i0376_5402	i0376	106407	L5114
i0377_5403	i0377	106408	L5115
i0377_5404	i0377	106408	L5116
i0378_5405	i0378	106409	L5117
i0378_5406	i0378	106409	L5118
i0380_5407	i0380	106411	L5119
i0380_5408	i0380	106411	L5120
i0388_5411	i0388	106419	L5121
i0388_5412	i0388	106419	L5122
i0403_5413	i0403	106435	L5123
i0403_5414	i0403	106435	L5124
i0404_5415	i0404	106436	L5125
i0405_5416	i0405	106437	L5126
i0405_5417	i0405	106437	L5127
i0406_5418	i0406	106438	L5128
i0406_5419	i0406	106438	L5129
i0410_5420	i0410	106442	L5130
i0410_5421	i0410	106442	L5131
i0411_5422	i0411	106443	L5132
i0411_5423	i0411	106443	L5133
i0411_5424	i0411	106443	L5134
i0411_5425	i0411	106443	L5135
i0412_5426	i0412	106444	L5136
i0412_5427	i0412	106444	L5137
i0417_5428	i0417	106450	L5138
i0417_5429	i0417	106450	L5139
i0417_5430	i0417	106450	L5140
i0417_5431	i0417	106450	L5141
i0421_5432	i0421	106454	L5142
i0421_5433	i0421	106454	L5143
i0428_5434	i0428	106461	L5144
i0428_5435	i0428	106461	L5145
i0430_5436	i0430	106463	L5146
i0430_5437	i0430	106463	L5147
i0436_5438	i0436	106469	L5148
i0436_5439	i0436	106469	L5149
i0439_5440	i0439	106472	L5150
i0439_5441	i0439	106472	L5151
i0448_5442	i0448	106482	L5152
i0448_5443	i0448	106482	L5153
i0459_5444	i0459	106493	L5154
i0459_5445	i0459	106493	L5155
i0461_5446	i0461	106495	L5156
i0461_5447	i0461	106495	L5157
i0461_5448	i0461	106495	L5158
i0461_5449	i0461	106495	L5159
i0461_5450	i0461	106495	L5160
i0461_5451	i0461	106495	L5161
i0463_5452	i0463	106497	L5162
i0463_5453	i0463	106497	L5163
i0464_5454	i0464	106498	L5164
i0464_5455	i0464	106498	L5165
i0465_5458	i0465	106499	L5166
i0465_5459	i0465	106499	L5167
i0469_5460	i0469	106504	L5168
i0469_5461	i0469	106504	L5169
i0475_5462	i0475	106510	L5170
i0475_5463	i0475	106510	L5171
i0484_5464	i0484	106519	L5172
i0484_5465	i0484	106519	L5173
i0495_5466	i0495	106531	L5174
i0495_5467	i0495	106531	L5175
i0499_5468	i0499	106535	L5176
i0499_5469	i0499	106535	L5177
i0503_5470	i0503	106539	L5178
i0503_5471	i0503	106539	L5179
i0503_5472	i0503	106539	L5180
i0514_5473	i0514	106552	L5181
i0514_5474	i0514	106552	L5182
i0514_5475	i0514	106552	L5183
i0514_5476	i0514	106552	L5184
i0514_5477	i0514	106552	L5185
i0514_5478	i0514	106552	L5186
i0514_5479	i0514	106552	L5187
i0514_5480	i0514	106552	L5188
i0514_5481	i0514	106552	L5189
i0514_5482	i0514	106552	L5190
i0522_5483	i0522	106561	L5191
i0522_5484	i0522	106561	L5192
i0527_5485	i0527	106567	L5193
i0527_5486	i0527	106567	L5194
i0532_5487	i0532	106572	L5195
i0532_5488	i0532	106572	L5196
i0532_5489	i0532	106572	L5197
i0532_5490	i0532	106572	L5198
i0533_5491	i0533	106573	L5199
i0533_5492	i0533	106573	L5200
i0539_5493	i0539	106579	L5201
i0539_5494	i0539	106579	L5202
i0547_5495	i0547	106588	L5203
i0547_5496	i0547	106588	L5204
i0549_5497	i0549	106590	L5205
i0549_5498	i0549	106590	L5206
i0551_5499	i0551	106592	L5207
i0551_5500	i0551	106592	L5208
i0552_5501	i0552	106593	L5209
i0552_5502	i0552	106593	L5210
i0558_5503	i0558	106599	L5211
i0558_5504	i0558	106599	L5212
i0560_5505	i0560	106601	L5213
i0560_5506	i0560	106601	L5214
i0564_5507	i0564	106605	L5215
i0564_5508	i0564	106605	L5216
i0566_5509	i0566	106607	L5217
i0566_5510	i0566	106607	L5218
i0572_5511	i0572	106614	L5219
i0572_5512	i0572	106614	L5220
i0573_5513	i0573	106615	L5221
i0573_5514	i0573	106615	L5222
i0574_5515	i0574	106616	L5223
i0574_5516	i0574	106616	L5224
i0574_5517	i0574	106616	L5225
i0574_5518	i0574	106616	L5226
i0574_5519	i0574	106616	L5227
i0574_5520	i0574	106616	L5228
i0574_5521	i0574	106616	L5229
i0574_5522	i0574	106616	L5230
i0577_5523	i0577	106619	L5231
i0577_5524	i0577	106619	L5232
i0577_5525	i0577	106619	L5233
i0578_5526	i0578	106620	L5234
i0578_5527	i0578	106620	L5235
i0580_5528	i0580	106622	L5236
i0580_5529	i0580	106622	L5237
i0580_5530	i0580	106622	L5238
i0580_5531	i0580	106622	L5239
i0591_5532	i0591	106633	L5240
i0591_5533	i0591	106633	L5241
i0593_5538	i0593	106635	L5242
i0593_5539	i0593	106635	L5243
i0593_5540	i0593	106636	L5244
i0593_5541	i0593	106636	L5245
i0593_5542	i0593	106635	L5246
i0593_5543	i0593	106635	L5247
i0593_5544	i0593	106636	L5248
i0593_5545	i0593	106636	L5249
i0599_5546	i0599	106642	L5250
i0599_5547	i0599	106642	L5251
i0614_5548	i0614	106657	L5252
i0614_5549	i0614	106657	L5253
i0626_5550	i0626	106669	L5254
i0626_5551	i0626	106669	L5255
i0629_5552	i0629	106672	L5256
i0629_5553	i0629	106672	L5257
i0632_5554	i0632	106675	L5258
i0632_5555	i0632	106675	L5259
i0638_5556	i0638	106681	L5260
i0638_5557	i0638	106681	L5261
i0639_5558	i0639	106682	L5262
i0639_5559	i0639	106682	L5263
i0652_5560	i0652	106696	L5264
i0652_5561	i0652	106696	L5265
i0677_5562	i0677	106723	L5266
i0677_5563	i0677	106723	L5267
i0679_5564	i0679	106725	L5268
i0679_5565	i0679	106725	L5269
i0691_5566	i0691	106737	L5270
i0691_5567	i0691	106737	L5271
i0697_5568	i0697	106743	L5272
i0697_5569	i0697	106743	L5273
i0698_5570	i0698	106744	L5274
i0698_5571	i0698	106744	L5275
i0706_5572	i0706	106752	L5276
i0715_5573	i0715	106761	L5277
i0715_5574	i0715	106761	L5278
i0718_5575	i0718	106764	L5279
i0718_5576	i0718	106764	L5280
i0726_5577	i0726	106772	L5281
i0731_5578	i0731	106777	L5282
i0734_5579	i0734	106780	L5283
i0739_5580	i0739	106785	L5284
i0739_sc_5581	i0739_sc	106786	L5285
i0740_5582	i0740	106787	L5286
i0740_5583	i0740	106787	L5287
i0741_5584	i0741	106788	L5288
i0743_5585	i0743	106790	L5289
i0745_5586	i0745	106792	L5290
i0746_5587	i0746	106793	L5291
i0748_5588	i0748	106795	L5292
i0749_5589	i0749	106796	L5293
i0753_5590	i0753	106800	L5294
i0756_5591	i0756	106803	L5295
i0766_5592	i0766	106814	L5296
i0766_5593	i0766	106814	L5297
i0775_5594	i0775	106825	L5298
i0778_5595	i0778	106828	L5299
i0779_5596	i0779	106829	L5300
i0779_sc_5597	i0779_sc	106830	L5301
i0780_5598	i0780	106831	L5302
i0783_5599	i0783	106834	L5303
i0789_5600	i0789	106840	L5304
i0798_5601	i0798	106849	L5305
i0798_5602	i0798	106849	L5306
i0798_5603	i0798	106849	L5307
i0798_5604	i0798	106849	L5308
i0801_5605	i0801	106852	L5309
i0805_5606	i0805	106856	L5310
i0816_5607	i0816	106867	L5311
i0817_5608	i0817	106868	L5312
i0818_5609	i0818	106869	L5313
i0820_5610	i0820	106871	L5314
i0821_5611	i0821	106872	L5315
i0822_5612	i0822	106873	L5316
i0823_5613	i0823	106874	L5317
i0824_5614	i0824	106875	L5318
i0824_sc_5615	i0824_sc	106876	L5319
i0828_5616	i0828	106880	L5320
i0831_5617	i0831	106883	L5321
i0836_5618	i0836	106888	L5322
i0844_5619	i0844	106896	L5323
i0845_5620	i0845	106897	L5324
i0848_5621	i0848	106900	L5325
i0853_5622	i0853	106905	L5326
i0858_5623	i0858	106911	L5327
i0859_5624	i0859	106912	L5328
i0859_5625	i0859	106912	L5329
i0859_5626	i0859	106912	L5330
i0871_5627	i0871	106925	L5331
i0874_5628	i0874	106928	L5332
i0875_5629	i0875	106929	L5333
i0877_5630	i0877	106931	L5334
i0882_5631	i0882	106937	L5335
i0882_5632	i0882	106937	L5336
i0882_5633	i0882	106937	L5337
i0885_5634	i0885	106940	L5338
i0889_5635	i0889	106946	L5339
i0889_5636	i0889	106946	L5340
i0895_5637	i0895	106952	L5341
i0897_5638	i0897	106954	L5342
i0898_5639	i0898	106955	L5343
i0898_5640	i0898	106955	L5344
i0901_5641	i0901	106959	L5345
i0903_5642	i0903	106961	L5346
i0904_5643	i0904	106962	L5347
i0906_5644	i0906	106964	L5348
i0906_5645	i0906	106964	L5349
i0907_5646	i0907	106965	L5350
i0908_5647	i0908	106966	L5351
i0908_5648	i0908	106966	L5352
i0923_5649	i0923	106982	L5353
i0929_5650	i0929	106989	L5354
i0930_5651	i0930	106990	L5355
i0931_5652	i0931	106991	L5356
i0935_5653	i0935	106995	L5357
i0944_5654	i0944	107004	L5358
i0945_5655	i0945	107005	L5359
i0955_5656	i0955	107015	L5360
i0957_5657	i0957	107017	L5361
i0960_5658	i0960	107020	L5362
i0960_5659	i0960	107020	L5363
i0960_5660	i0960	107020	L5364
i0960_5661	i0960	107020	L5365
i0965_5663	i0965	107025	L5366
i0974_5664	i0974	107034	L5367
i0984_5665	i0984	107044	L5368
i1008_5666	i1008	107069	L5369
i1079_5667	i1079	107142	L5370
i1080_5668	i1080	107144	L5371
i1080_5669	i1080	107144	L5372
i1080_5670	i1080	107144	L5373
i1088_5671	i1088	107153	L5374
i1098_5672	i1098	107163	L5375
i1099_5673	i1099	107164	L5376
i1101_5674	i1101	107166	L5377
i1101_5675	i1101	107166	L5378
i1102_5676	i1102	107167	L5379
i1109_5677	i1109	107174	L5380
i1116_5678	i1116	107182	L5381
i1117_5679	i1117	107184	L5382
i1117_5680	i1117	107184	L5383
i1117_5681	i1117	107184	L5384
i1118_5682	i1118	107185	L5385
i1119_5683	i1119	107186	L5386
i1120_5684	i1120	107187	L5387
i1126_5685	i1126	107193	L5388
i1130_5686	i1130	107197	L5389
i1131_5687	i1131	107198	L5390
i1131_5688	i1131	107198	L5391
i1131_5689	i1131	107198	L5392
i1134_5690	i1134	107201	L5393
i1134_5691	i1134	107201	L5394
i1137_5692	i1137	107204	L5395
i1137_5693	i1137	107204	L5396
i1141_5694	i1141	107208	L5397
i1143_5695	i1143	107210	L5398
i1143_5696	i1143	107210	L5399
i1148_5697	i1148	107215	L5400
i1156_5698	i1156	107223	L5401
i1161_5700	i1161	107228	L5402
i1162_5701	i1162	107230	L5403
i1166_5702	i1166	107234	L5404
i1166_5703	i1166	107234	L5405
i1169_5704	i1169	107237	L5406
i1176_5705	i1176	107246	L5407
i1176_5706	i1176	107246	L5408
i1179_5707	i1179	107249	L5409
i1185_5708	i1185	107256	L5410
i1190_5709	i1190	107262	L5411
i1197_5710	i1197	107269	L5412
i1228_5711	i1228	107302	L5413
i1252_5712	i1252	107327	L5414
i1253_5713	i1253	107328	L5415
i1264_5715	i1264	107340	L5416
i1270_5716	i1270	107347	L5417
i1272_5717	i1272	107349	L5418
i1272_5718	i1272	107349	L5419
i1280_5720	i1280	107359	L5420
i1286_5721	i1286	107365	L5421
i1290_5722	i1290	107370	L5422
i1290_5723	i1290	107370	L5423
i1295_5724	i1295	107375	L5424
i1325_5725	i1325	107406	L5425
i1336_5726	i1336	107417	L5426
i1342_5727	i1342	107425	L5427
i1342_5728	i1342	107425	L5428
i1343_5729	i1343	107426	L5429
i1346_5730	i1346	107429	L5430
i1351_5731	i1351	107434	L5431
i1352_5732	i1352	107435	L5432
i1352_5733	i1352	107435	L5433
i1361_5734	i1361	107446	L5434
i1362_5735	i1362	107447	L5435
i1366_5737	i1366	107451	L5436
i1366_5738	i1366	107451	L5437
i1366_5739	i1366	107451	L5438
i1367_5740	i1367	107452	L5439
i1368_5741	i1368	107453	L5440
i1369_5742	i1369	107454	L5441
i1372_5743	i1372	107457	L5442
i1383_5744	i1383	107470	L5443
i1408_5745	i1408	107495	L5444
i1421_5746	i1421	107508	L5445
i1423_5749	i1423	107510	L5446
i1428_5750	i1428	107515	L5447
i1431_5751	i1431	107519	L5448
i1433_5752	i1433	107521	L5449
i1439_5753	i1439	107528	L5450
i1503_5754	i1503	107592	L5451
i1503_5755	i1503	107592	L5452
i1509_5756	i1509	107600	L5453
i1517_5757	i1517	107610	L5454
i1522_5758	i1522	107616	L5455
i1527_5759	i1527	107623	L5456
i1534_5760	i1534	107632	L5457
i1534_5761	i1534	107632	L5458
i1538_5762	i1538	107636	L5459
i1541_5763	i1541	107639	L5460
i1541_5764	i1541	107639	L5461
i1541_5765	i1541	107639	L5462
i1541_5766	i1541	107639	L5463
i1541_5767	i1541	107639	L5464
i1541_5768	i1541	107639	L5465
i1541_5769	i1541	107639	L5466
i1541_5770	i1541	107639	L5467
i1544_5772	i1544	107643	L5468
i1548_5773	i1548	107649	L5469
i1548_5774	i1548	107649	L5470
i1552_5776	i1552	107653	L5471
i1553_5777	i1553	107654	L5472
i1553_sc_5779	i1553_sc	107655	L5473
i1557_5780	i1557	107660	L5474
i1559_5781	i1559	107662	L5475
i1562_5782	i1562	107665	L5476
i1563_5783	i1563	107666	L5477
i1567_5784	i1567	107670	L5478
i1567_5785	i1567	107670	L5479
i1572_5786	i1572	107675	L5480
i1574_5787	i1574	107677	L5481
i1575_5788	i1575	107678	L5482
i1584_5789	i1584	107690	L5483
i1586_5790	i1586	107693	L5484
i1587_5791	i1587	107694	L5485
i1595_5792	i1595	107702	L5486
i1595_5793	i1595	107702	L5487
i1596_5794	i1596	107703	L5488
i1598_5795	i1598	107705	L5489
i1602_5796	i1602	107709	L5490
i1607_5797	i1607	107714	L5491
i1613_5798	i1613	107720	L5492
i1614_5799	i1614	107721	L5493
i1615_5800	i1615	107722	L5494
i1617_5801	i1617	107724	L5495
i1620_5802	i1620	107727	L5496
i1628_5803	i1628	107735	L5497
i1629_5804	i1629	107736	L5498
i1640_5805	i1640	107748	L5499
i1642_5806	i1642	107750	L5500
i1644_5807	i1644	107753	L5501
i1648_5808	i1648	107757	L5502
i1648_5809	i1648	107757	L5503
i1649_5810	i1649	107758	L5504
i1649_5811	i1649	107758	L5505
i1650_5813	i1650	107759	L5506
i1651_5814	i1651	107760	L5507
i1652_5815	i1652	107761	L5508
i1653_5816	i1653	107762	L5509
i1662_5817	i1662	107771	L5510
i1667_5818	i1667	107776	L5511
i1668_5819	i1668	107777	L5512
i1670_5820	i1670	107779	L5513
i1671_5821	i1671	107780	L5514
i1672_5822	i1672	107781	L5515
i1676_5823	i1676	107785	L5516
i1676_5824	i1676	107785	L5517
i1678_5825	i1678	107787	L5518
i1679_5826	i1679	107788	L5519
i1680_5827	i1680	107789	L5520
i1681_5828	i1681	107790	L5521
i1683_5829	i1683	107792	L5522
i1692_5830	i1692	107802	L5523
i1695_5831	i1695	107805	L5524
i1696_5832	i1696	107806	L5525
i1699_5833	i1699	107809	L5526
i1699_5834	i1699	107809	L5527
i1702_5835	i1702	107812	L5528
i1708_5836	i1708	107818	L5529
i1708_5837	i1708	107818	L5530
i1709_5838	i1709	107819	L5531
i1711_5839	i1711	107821	L5532
i1712_5840	i1712	107822	L5533
i1712_5841	i1712	107822	L5534
i1714_5842	i1714	107824	L5535
i1719_5843	i1719	107830	L5536
i1721_5844	i1721	107832	L5537
i1727_5845	i1727	107838	L5538
i1728_5846	i1728	107839	L5539
i1729_5847	i1729	107840	L5540
i1730_5848	i1730	107841	L5541
i1732_5849	i1732	107843	L5542
i1734_5850	i1734	107845	L5543
i1735_5851	i1735	107846	L5544
i1736_5852	i1736	107847	L5545
i1739_5853	i1739	107850	L5546
i1746_5854	i1746	107858	L5547
i1747_5855	i1747	107859	L5548
i1747_sc_5856	i1747_sc	107860	L5549
i1748_5857	i1748	107861	L5550
i1757_5858	i1757	107871	L5551
i1759_5859	i1759	107873	L5552
i1759_5860	i1759	107873	L5553
i1759_5861	i1759	107873	L5554
i1763_5863	i1763	107877	L5555
i1764_5864	i1764	107878	L5556
i1766_5865	i1766	107880	L5557
i1781_5866	i1781	107895	L5558
i1788_5867	i1788	107902	L5559
i1790_5868	i1790	107904	L5560
i1797_5869	i1797	107911	L5561
i1800_5870	i1800	107915	L5562
i1803_5871	i1803	107918	L5563
i1808_5872	i1808	107924	L5564
i1812_5873	i1812	107928	L5565
i1813_5874	i1813	107929	L5566
i1815_5875	i1815	107931	L5567
i1816_5876	i1816	107932	L5568
i1818_5877	i1818	107934	L5569
i1819_5878	i1819	107935	L5570
i1820_5879	i1820	107936	L5571
i1821_5881	i1821	107937	L5572
i1826_5882	i1826	107942	L5573
i1830_5883	i1830	107946	L5574
i1830_5884	i1830	107946	L5575
i1833_5885	i1833	107949	L5576
i1835_5886	i1835	107951	L5577
i1839_5887	i1839	107956	L5578
i1842_5888	i1842	107959	L5579
i1851_5889	i1851	107969	L5580
i1854_5890	i1854	107973	L5581
i1854_5891	i1854	107973	L5582
i1856_5892	i1856	107975	L5583
i1859_5893	i1859	107978	L5584
i1872_5894	i1872	107991	L5585
i1875_5895	i1875	107994	L5586
i1876_5896	i1876	107995	L5587
i1877_5897	i1877	107996	L5588
i1882_5898	i1882	108001	L5589
i1885_5899	i1885	108004	L5590
i1886_5900	i1886	108005	L5591
i1908_5901	i1908	108027	L5592
i1909_5902	i1909	108028	L5593
i1914_5903	i1914	108033	L5594
i1919_5904	i1919	108039	L5595
i1926_5905	i1926	108048	L5596
i1926_5906	i1926	108048	L5597
i1927_5907	i1927	108049	L5598
i1928_5908	i1928	108050	L5599
i1928_5909	i1928	108050	L5600
i1933_5911	i1933	108055	L5601
i1933_5912	i1933	108055	L5602
i1933_5913	i1933	108055	L5603
i1933_5914	i1933	108055	L5604
i1935_5915	i1935	108057	L5605
i1941_5916	i1941	108063	L5606
i1941_5917	i1941	108063	L5607
i1944_5918	i1944	108066	L5608
i1945_5919	i1945	108067	L5609
i1955_5920	i1955	108077	L5610
i1956_5921	i1956	108078	L5611
i1959_5922	i1959	108081	L5612
i1965_5923	i1965	108087	L5613
i1965_5924	i1965	108087	L5614
i1970_5926	i1970	108092	L5615
i1973_5927	i1973	108095	L5616
i1973_5928	i1973	108095	L5617
i1974_5929	i1974	108096	L5618
i1974_5930	i1974	108096	L5619
i1977_5931	i1977	108100	L5620
i1986_5932	i1986	108109	L5621
i1987_5933	i1987	108110	L5622
i1987_5934	i1987	108110	L5623
i1998_5935	i1998	108121	L5624
i2001_5936	i2001	108124	L5625
i2002_5937	i2002	108125	L5626
i2003_5938	i2003	108126	L5627
i2007_5939	i2007	108130	L5628
i2008_5940	i2008	108131	L5629
i2008_5941	i2008	108131	L5630
i2009_5942	i2009	108132	L5631
i2011_5943	i2011	108134	L5632
i2016_5944	i2016	108141	L5633
i2016_5945	i2016	108142	L5634
i2016_5946	i2016	108142	L5635
i2020_5947	i2020	108147	L5636
i2022_5948	i2022	108149	L5637
i2022_5949	i2022	108149	L5638
i2026_5950	i2026	108155	L5639
i2026_5951	i2026	108155	L5640
i2030_5953	i2030	108158	L5641
i2030_5954	i2030	108158	L5642
i2030_5955	i2030	108158	L5643
i2031_5956	i2031	108159	L5644
i2031_5957	i2031	108159	L5645
i2039_5959	i2039	108167	L5646
i2042_5960	i2042	108171	L5647
i2042_5961	i2042	108170	L5648
i2042_5962	i2042	108170	L5649
i2043_5963	i2043	108172	L5650
i2054_5964	i2054	108184	L5651
i2058_5965	i2058	108188	L5652
i2069_5966	i2069	108200	L5653
i2075_5967	i2075	108206	L5654
i2076_5968	i2076	108207	L5655
i2084_5969	i2084	108215	L5656
i2090_5970	i2090	108221	L5657
i2090_5971	i2090	108221	L5658
i2093_5973	i2093	108224	L5659
i2095_5974	i2095	108226	L5660
i2100_5975	i2100	108231	L5661
i2101_5976	i2101	108232	L5662
i2103_5977	i2103	108234	L5663
i2104_5978	i2104	108235	L5664
i2105_5979	i2105	108236	L5665
i2106_5980	i2106	108237	L5666
i2107_5981	i2107	108238	L5667
i2115_5982	i2115	108246	L5668
i2116_5983	i2116	108247	L5669
i2117_5984	i2117	108248	L5670
i2122_5985	i2122	108253	L5671
i2124_5986	i2124	108255	L5672
i2126_5987	i2126	108257	L5673
i2128_5988	i2128	108259	L5674
i2129_5989	i2129	108260	L5675
i2130_5990	i2130	108261	L5676
i2136_5991	i2136	108268	L5677
i2140_5994	i2140	108272	L5678
i2143_5995	i2143	108275	L5679
i2144_5996	i2144	108276	L5680
i2145_5997	i2145	108278	L5681
i2145_5998	i2145	108277	L5682
i2146_5999	i2146	108279	L5683
i2151_6000	i2151	108284	L5684
i2163_6001	i2163	108296	L5685
i2166_6002	i2166	108299	L5686
i2166_6003	i2166	108299	L5687
i2167_6004	i2167	108300	L5688
i2168_6005	i2168	108301	L5689
i2169_6006	i2169	108302	L5690
i2169_6007	i2169	108302	L5691
i2174_6008	i2174	108307	L5692
i2181_6009	i2181	108315	L5693
i2190_6010	i2190	108324	L5694
i2191_6011	i2191	108325	L5695
i2193_6012	i2193	108327	L5696
i2193_6013	i2193	108327	L5697
i2195_6014	i2195	108329	L5698
i2200_6015	i2200	108335	L5699
i2206_6016	i2206	108341	L5700
i2207_6017	i2207	108342	L5701
i2211_6018	i2211	108347	L5702
i2212_6019	i2212	108348	L5703
i2215_6020	i2215	108351	L5704
i2216_6021	i2216	108352	L5705
i2220_6022	i2220	108356	L5706
i2231_6023	i2231	108367	L5707
i2231_6024	i2231	108367	L5708
i2231_6025	i2231	108367	L5709
i2231_6026	i2231	108367	L5710
i2233_6027	i2233	108369	L5711
i2245_6028	i2245	108382	L5712
i2245_6029	i2245	108382	L5713
i2245_6030	i2245	108382	L5714
i2246_6031	i2246	108383	L5715
i2247_6032	i2247	108384	L5716
i2252_6033	i2252	108389	L5717
i2252_6034	i2252	108389	L5718
i2253_6035	i2253	108390	L5719
i2253_sc_6036	i2253_sc	108391	L5720
i2256_6037	i2256	108395	L5721
i2257_6038	i2257	108396	L5722
i2264_6039	i2264	108405	L5723
i2266_6040	i2266	108407	L5724
i2267_6041	i2267	108408	L5725
i2268_6042	i2268	108409	L5726
i2272_6043	i2272	108413	L5727
i2272_6044	i2272	108413	L5728
i2273_6045	i2273	108414	L5729
i2273_6046	i2273	108414	L5730
i2274_6047	i2274	108415	L5731
i2278_6048	i2278	108419	L5732
i2283_6049	i2283	108424	L5733
i2284_6050	i2284	108425	L5734
i2286_6051	i2286	108427	L5735
i2287_6052	i2287	108428	L5736
i2287_6053	i2287	108428	L5737
i2290_6054	i2290	108431	L5738
i2292_6055	i2292	108433	L5739
i2294_6056	i2294	108435	L5740
i2295_6057	i2295	108436	L5741
i2300_6058	i2300	108441	L5742
i2307_6059	i2307	108448	L5743
i2307_6060	i2307	108448	L5744
i2317_6061	i2317	108458	L5745
i2318_6064	i2318	108459	L5746
i2319_6065	i2319	108460	L5747
i2329_6066	i2329	108471	L5748
i2331_6067	i2331	108473	L5749
i2332_6068	i2332	108474	L5750
i2333_6069	i2333	108475	L5751
i2335_6070	i2335	108478	L5752
i2336_6071	i2336	108479	L5753
i2337_6072	i2337	108480	L5754
i2338_6073	i2338	108481	L5755
i2339_6074	i2339	108482	L5756
i2340_6075	i2340	108483	L5757
i2341_6076	i2341	108484	L5758
i2342_6077	i2342	108485	L5759
i2344_6078	i2344	108487	L5760
i2344_6079	i2344	108487	L5761
i2346_6080	i2346	108489	L5762
i2348_6081	i2348	108491	L5763
i2349_6082	i2349	108492	L5764
i2353_6083	i2353	108496	L5765
i2353_6084	i2353	108496	L5766
i2357_6085	i2357	108500	L5767
i2357_6086	i2357	108500	L5768
i2357_6087	i2357	108500	L5769
i2357_6088	i2357	108500	L5770
i2360_6089	i2360	108503	L5771
i2362_6090	i2362	108505	L5772
i2363_6091	i2363	108506	L5773
i2364_6092	i2364	108507	L5774
i2366_6093	i2366	108509	L5775
i2367_6094	i2367	108510	L5776
i2368_6095	i2368	108511	L5777
i2370_6096	i2370	108513	L5778
i2373_6097	i2373	108516	L5779
i2375_6098	i2375	108518	L5780
i2376_6099	i2376	108519	L5781
i2377_6100	i2377	108520	L5782
i2380_6101	i2380	108523	L5783
i2382_6102	i2382	108525	L5784
i2383_6103	i2383	108526	L5785
i2386_6104	i2386	108530	L5786
i2388_6105	i2388	108532	L5787
i2388_6106	i2388	108532	L5788
i2391_6107	i2391	108535	L5789
i2393_6108	i2393	108538	L5790
i2395_6109	i2395	108540	L5791
i2397_6110	i2397	108542	L5792
i2398_6111	i2398	108543	L5793
i2401_6112	i2401	108546	L5794
i2402_6113	i2402	108547	L5795
i2404_6114	i2404	108549	L5796
i2410_6115	i2410	108555	L5797
i2410_6116	i2410	108555	L5798
i2411_6117	i2411	108556	L5799
i2412_6118	i2412	108557	L5800
i2413_6119	i2413	108558	L5801
i2414_6120	i2414	108559	L5802
i2417_6121	i2417	108562	L5803
i2419_6123	i2419	108564	L5804
i2422_6124	i2422	108571	L5805
i2426_6125	i2426	108575	L5806
i2427_6126	i2427	108576	L5807
i2431_6127	i2431	108580	L5808
i2433_6128	i2433	108582	L5809
i2440_6129	i2440	108590	L5810
i2441_6130	i2441	108591	L5811
i2452_6131	i2452	108603	L5812
i2452_6132	i2452	108603	L5813
i2453_6133	i2453	108604	L5814
i2455_6134	i2455	108606	L5815
i2456_6135	i2456	108607	L5816
i2457_6136	i2457	108608	L5817
i2458_6137	i2458	108609	L5818
i2459_6138	i2459	108610	L5819
i2465_6139	i2465	108616	L5820
i2476_6140	i2476	108627	L5821
i2477_6141	i2477	108628	L5822
i2480_6142	i2480	108631	L5823
i2480_6143	i2480	108631	L5824
i2484_6144	i2484	108635	L5825
i2485_6145	i2485	108636	L5826
i2486_6146	i2486	108637	L5827
i2487_6147	i2487	108638	L5828
i2489_6148	i2489	108640	L5829
i2490_6149	i2490	108641	L5830
i2491_6150	i2491	108642	L5831
i2493_6151	i2493	108644	L5832
i2494_6152	i2494	108645	L5833
i2496_6153	i2496	108647	L5834
i2498_6154	i2498	108649	L5835
i2499_6155	i2499	108650	L5836
i2502_6156	i2502	108653	L5837
i2506_6157	i2506	108657	L5838
i2506_6158	i2506	108657	L5839
i2507_6159	i2507	108658	L5840
i2508_6160	i2508	108659	L5841
i2509_6161	i2509	108660	L5842
i2510_6162	i2510	108661	L5843
i2511_6163	i2511	108662	L5844
i2512_6164	i2512	108663	L5845
i2514_6165	i2514	108665	L5846
i2518_6166	i2518	108669	L5847
i2523_6167	i2523	108675	L5848
i2524_6168	i2524	108676	L5849
i2525_6169	i2525	108677	L5850
i2526_6170	i2526	108678	L5851
i2527_6171	i2527	108679	L5852
i2529_6173	i2529	108681	L5853
i2534_6174	i2534	108686	L5854
i2536_6175	i2536	108688	L5855
i2536_6176	i2536	108688	L5856
i2536_6177	i2536	108688	L5857
i2538_6178	i2538	108690	L5858
i2539_6179	i2539	108691	L5859
i2540_6180	i2540	108692	L5860
i2541_6181	i2541	108693	L5861
i2544_6182	i2544	108696	L5862
i2545_6183	i2545	108697	L5863
i2546_6184	i2546	108698	L5864
i2552_6185	i2552	108707	L5865
i2557_6186	i2557	108712	L5866
i2560_6187	i2560	108715	L5867
i2560_6188	i2560	108715	L5868
i2562_6189	i2562	108717	L5869
i2565_6190	i2565	108720	L5870
i2566_6191	i2566	108721	L5871
i2567_6192	i2567	108722	L5872
i2568_6193	i2568	108723	L5873
i2568_6194	i2568	108723	L5874
i2569_6195	i2569	108724	L5875
i2577_6196	i2577	108733	L5876
i2585_6197	i2585	108741	L5877
i2589_6198	i2589	108745	L5878
i2591_6199	i2591	108747	L5879
i2594_6200	i2594	108750	L5880
i2596_6201	i2596	108752	L5881
i2596_6202	i2596	108752	L5882
i2597_6203	i2597	108753	L5883
i2606_6204	i2606	108760	L5884
i2609_6205	i2609	108762	L5885
i2610_6206	i2610	108763	L5886
i2612_6207	i2612	108765	L5887
i2614_6208	i2614	108766	L5888
i2615_6209	i2615	108767	L5889
i2620_6210	i2620	108775	L5890
i2620_6211	i2620	108773	L5891
i2620_6212	i2620	108773	L5892
i2620_6213	i2620	108774	L5893
i2622_6214	i2622	108777	L5894
i2622_6215	i2622	108777	L5895
i2624_6216	i2624	108779	L5896
i2627_6217	i2627	108782	L5897
i2630_6218	i2630	108786	L5898
i2630_6219	i2630	108785	L5899
i2631_6220	i2631	108787	L5900
i2637_6221	i2637	108793	L5901
i2638_6222	i2638	108794	L5902
i2644_6223	i2644	108801	L5903
i2649_6224	i2649	108806	L5904
i2659_6225	i2659	108817	L5905
i2662_6226	i2662	108820	L5906
i2665_6227	i2665	108823	L5907
i2665_6228	i2665	108823	L5908
i2666_6229	i2666	108824	L5909
i2671_6230	i2671	108829	L5910
i2672_6231	i2672	108830	L5911
i2672_6232	i2672	108830	L5912
i2674_6233	i2674	108832	L5913
i2674_6234	i2674	108832	L5914
i2678_6235	i2678	108836	L5915
i2683_6236	i2683	108841	L5916
i2683_6237	i2683	108841	L5917
i2687_6238	i2687	108845	L5918
i2688_6239	i2688	108846	L5919
i2689_6240	i2689	108847	L5920
i2689_6241	i2689	108847	L5921
i2693_6242	i2693	108851	L5922
i2696_6243	i2696	108854	L5923
i2698_6244	i2698	108856	L5924
i2701_6245	i2701	108859	L5925
i2702_6246	i2702	108860	L5926
i2713_6247	i2713	108871	L5927
i2718_6248	i2718	108877	L5928
i2719_6249	i2719	108878	L5929
i2723_6250	i2723	108882	L5930
i2724_6251	i2724	108883	L5931
i2724_6252	i2724	108883	L5932
i2725_6253	i2725	108884	L5933
i2728_6254	i2728	108888	L5934
i2729_6255	i2729	108889	L5935
i2729_6256	i2729	108889	L5936
i2733_6257	i2733	108893	L5937
i2734_6258	i2734	108894	L5938
i2735_6259	i2735	108895	L5939
i2735_6260	i2735	108895	L5940
i2741_6261	i2741	108900	L5941
i2743_6262	i2743	108902	L5942
i2746_6263	i2746	108905	L5943
i2746_6264	i2746	108905	L5944
i2747_6265	i2747	108907	L5945
i2748_6266	i2748	108908	L5946
i2754_6267	i2754	108914	L5947
i2754_6268	i2754	108914	L5948
i2763_6270	i2763	108924	L5949
i2770_6271	i2770	108933	L5950
i2788_6272	i2788	108953	L5951
i2788_sc_6273	i2788_sc	108955	L5952
i2797_6274	i2797	108965	L5953
i2797_6275	i2797	108965	L5954
i2802_6276	i2802	108970	L5955
i2802_6277	i2802	108970	L5956
i2803_6278	i2803	108971	L5957
i2803_6279	i2803	108971	L5958
i2808_6280	i2808	108976	L5959
i2808_6281	i2808	108976	L5960
i2841_6282	i2841	109009	L5961
i2841_6283	i2841	109009	L5962
i2847_6284	i2847	109015	L5963
i2847_6285	i2847	109015	L5964
i2858_6286	i2858	109026	L5965
i2858_6287	i2858	109026	L5966
i2858_6288	i2858	109026	L5967
i2858_6289	i2858	109026	L5968
i2868_6290	i2868	109037	L5969
i2868_6291	i2868	109036	L5970
i2868_6292	i2868	109037	L5971
i2868_6293	i2868	109036	L5972
i2873_6294	i2873	109043	L5973
i2873_6295	i2873	109043	L5974
i2887_6296	i2887	109057	L5975
i2887_6297	i2887	109057	L5976
i2889_6298	i2889	109060	L5977
i2889_6299	i2889	109060	L5978
i2891_6300	i2891	109062	L5979
i2891_6301	i2891	109062	L5980
i2893_6302	i2893	109064	L5981
i2893_6303	i2893	109064	L5982
i2894_6304	i2894	109065	L5983
i2894_6305	i2894	109065	L5984
i2895_6306	i2895	109066	L5985
i2895_6307	i2895	109066	L5986
i2896_6308	i2896	109067	L5987
i2897_6309	i2897	109068	L5988
i2897_6310	i2897	109068	L5989
i2898_6311	i2898	109069	L5990
i2898_6312	i2898	109069	L5991
i2900_6313	i2900	109071	L5992
i2900_6314	i2900	109071	L5993
i2901_6315	i2901	109072	L5994
i2901_6316	i2901	109072	L5995
i2905_6317	i2905	109076	L5996
i2905_6318	i2905	109076	L5997
i2905_6319	i2905	109076	L5998
i2905_6320	i2905	109076	L5999
i2906_6323	i2906	109077	L6000
i2906_6324	i2906	109077	L6001
i2907_6325	i2907	109078	L6002
i2907_6326	i2907	109078	L6003
i2909_6327	i2909	109080	L6004
i2909_6328	i2909	109080	L6005
i2966_6329	i2966	109137	L6006
i2971_6330	i2971	109143	L6007
i2973_6331	i2973	109145	L6008
i2974_6332	i2974	109146	L6009
i2980_6333	i2980	109152	L6010
i2980_6334	i2980	109152	L6011
i2980_6335	i2980	109152	L6012
i2983_6340	i2983	109154	L6013
i2988_6341	i2988	109159	L6014
i2988_6342	i2988	109159	L6015
i2999_6343	i2999	109171	L6016
i2999_6344	i2999	109171	L6017
i3013_6345	i3013	109187	L6018
i3015_6346	i3015	109190	L6019
i3016_6347	i3016	109191	L6020
i3016_6348	i3016	109191	L6021
i3016_6349	i3016	109191	L6022
i3023_6350	i3023	109198	L6023
i3026_6351	i3026	109203	L6024
i3044_6352	i3044	109224	L6025
i3057_6353	i3057	109236	L6026
i3060_6354	i3060	109240	L6027
i3060_6355	i3060	109240	L6028
i3067_6356	i3067	109249	L6029
i3067_6357	i3067	109249	L6030
i3086_6358	i3086	109267	L6031
i3096_6359	i3096	109280	L6032
i3097_6360	i3097	109281	L6033
i3097_sc_6361	i3097_sc	109282	L6034
i3104_6362	i3104	109290	L6035
i3107_6363	i3107	109292	L6036
i3110_6364	i3110	109294	L6037
i3110_6365	i3110	109294	L6038
i3116_6367	i3116	109301	L6039
i3117_6368	i3117	109302	L6040
i3118_6369	i3118	109303	L6041
i3119_6370	i3119	109304	L6042
i3121_6371	i3121	109307	L6043
i3121_6372	i3121	109306	L6044
i3139_6373	i3139	109326	L6045
i3178_6374	i3178	109366	L6046
i6081_6375	i6081	109425	L6047
i7042_6376	i7042	109427	L6048
i7889_6377	i7889	109443	L6049
i7889_6378	i7889	109443	L6050
i8955_6379	i8955	109457	L6051
i9021_6380	i9021	109459	L6052
i9340_6381	i9340	109467	L6053
i9462_6382	i9462	109470	L6054
i9462_6383	i9462	109470	L6055
i9546_6384	i9546	109471	L6056
i9546_6385	i9546	109471	L6057
i9920_6386	i9920	109579	L6058
i9921_6388	i9921	109580	L6059
i9922_6389	i9922	109581	L6060
i9922_6390	i9922	109581	L6061
i9923_6391	i9923	109582	L6062
i9924_6393	i9924	109583	L6063
i9925_6396	i9925	109585	L6064
i9925_6397	i9925	109584	L6065
i9926_6398	i9926	109586	L6066
i9927_6399	i9927	109587	L6067
i9929_6400	i9929	109589	L6068
i9929_6401	i9929	109589	L6069
i9930_6402	i9930	109590	L6070
i9930_6403	i9930	109590	L6071
l0007_6404	l0007	109601	L6072
l0009_6405	l0009	109603	L6073
l0010_6406	l0010	109604	L6074
l0021_6407	l0021	109615	L6075
l0024_6408	l0024	109619	L6076
l0025_6409	l0025	109620	L6077
l0030_6411	l0030	109625	L6078
l0044_6412	l0044	109641	L6079
l0054_6413	l0054	109652	L6080
l0061_6414	l0061	109661	L6081
l0062_6416	l0062	109662	L6082
l0068_6417	l0068	109668	L6083
l0074_6418	l0074	109675	L6084
l0074_6419	l0074	109675	L6085
l0074_6420	l0074	109675	L6086
l0074_6421	l0074	109675	L6087
l0080_6424	l0080	109684	L6088
l0080_sc_6425	l0080_sc	109685	L6089
l0090_6426	l0090	109695	L6090
l0091_6427	l0091	109696	L6091
l0100_6428	l0100	109705	L6092
l0103_6429	l0103	109710	L6093
l0111_6430	l0111	109718	L6094
l0115_6431	l0115	109722	L6095
l0122_6432	l0122	109729	L6096
l0124_6433	l0124	109731	L6097
l0128_6434	l0128	109737	L6098
l0146_6435	l0146	109762	L6099
l0151_6436	l0151	109767	L6100
l0151_6437	l0151	109767	L6101
l0154_6438	l0154	109771	L6102
l0156_6439	l0156	109773	L6103
l0157_6440	l0157	109774	L6104
l0157_6441	l0157	109774	L6105
l0157_6442	l0157	109774	L6106
l0166_6443	l0166	109785	L6107
l0182_6444	l0182	109803	L6108
l0191_6445	l0191	109815	L6109
l0196_6446	l0196	109820	L6110
l0203_6447	l0203	109828	L6111
l0205_6448	l0205	109830	L6112
l0206_6449	l0206	109831	L6113
l0228_6450	l0228	109863	L6114
l0233_6451	l0233	109868	L6115
l0260_6452	l0260	109901	L6116
l0262_6453	l0262	109903	L6117
l0265_6454	l0265	109906	L6118
l0269_6455	l0269	109910	L6119
l0280_6456	l0280	109922	L6120
l0284_6457	l0284	109929	L6121
l0289_6458	l0289	109935	L6122
l0294_6459	l0294	109941	L6123
l0294_6460	l0294	109941	L6124
l0313_6461	l0313	109960	L6125
l0320_6462	l0320	109968	L6126
l0320_6463	l0320	109968	L6127
l0323_6464	l0323	109971	L6128
l0331_6465	l0331	109979	L6129
l0333_6466	l0333	109981	L6130
l0342_6467	l0342	109990	L6131
l0352_6468	l0352	110005	L6132
l0356_6469	l0356	110012	L6133
l0361_6470	l0361	110020	L6134
l0365_6471	l0365	110024	L6135
l0366_6472	l0366	110025	L6136
l0373_6473	l0373	110032	L6137
l0383_6474	l0383	110043	L6138
l0388_6475	l0388	110049	L6139
l0402_6476	l0402	110067	L6140
l0411_6477	l0411	110078	L6141
l0415_6478	l0415	110083	L6142
l0416_6479	l0416	110085	L6143
l0416_6480	l0416	110084	L6144
l0416_6481	l0416	110084	L6145
l0446_6483	l0446	110117	L6146
l0461_6484	l0461	110133	L6147
l0463_6485	l0463	110135	L6148
l0470_6486	l0470	110142	L6149
l0493_6487	l0493	110174	L6150
l0495_6488	l0495	110176	L6151
l0496_6489	l0496	110177	L6152
l0502_6490	l0502	110184	L6153
l0513_6491	l0513	110196	L6154
l0516_6492	l0516	110199	L6155
l0516_6493	l0516	110199	L6156
l0521_6494	l0521	110205	L6157
l0525_6495	l0525	110209	L6158
l0529_6496	l0529	110213	L6159
l0529_sc_6497	l0529_sc	110214	L6160
l0541_6498	l0541	110229	L6161
l0550_6499	l0550	110238	L6162
l0593_6500	l0593	110292	L6163
l0637_6501	l0637	110339	L6164
l0638_6502	l0638	110340	L6165
l0638_6503	l0638	110340	L6166
l0646_6504	l0646	110349	L6167
l0684_6505	l0684	110392	L6168
l0684_6506	l0684	110392	L6169
l0691_6507	l0691	110403	L6170
l0691_6508	l0691	110403	L6171
l0693_6509	l0693	110405	L6172
l0697_6510	l0697	110409	L6173
l0711_6511	l0711	110426	L6174
l0711_6512	l0711	110426	L6175
l0715_6513	l0715	110433	L6176
l0722_6514	l0722	110441	L6177
l0727_6515	l0727	110446	L6178
l0731_6516	l0731	110451	L6179
l0748_6517	l0748	110474	L6180
l0753_6518	l0753	110481	L6181
l0756_6519	l0756	110484	L6182
l0756_6520	l0756	110484	L6183
l0756_6521	l0756	110484	L6184
l0756_6522	l0756	110484	L6185
l0788_6523	l0788	110517	L6186
l0792_6524	l0792	110521	L6187
l0792_6525	l0792	110521	L6188
l0792_6526	l0792	110522	L6189
l0799_6527	l0799	110532	L6190
l0818_6528	l0818	110558	L6191
l0818_6529	l0818	110558	L6192
l0820_6531	l0820	110560	L6193
l0820_6532	l0820	110560	L6194
l0821_6533	l0821	110561	L6195
l0821_6534	l0821	110561	L6196
l0835_6535	l0835	110575	L6197
l0835_6536	l0835	110575	L6198
l0841_6537	l0841	110582	L6199
l0845_6538	l0845	110586	L6200
l0845_6539	l0845	110586	L6201
l0849_6540	l0849	110590	L6202
l0849_6541	l0849	110590	L6203
l0855_6543	l0855	110597	L6204
l0863_6544	l0863	110605	L6205
l0867_6545	l0867	110609	L6206
l0867_6546	l0867	110609	L6207
l0878_6547	l0878	110620	L6208
l0880_6548	l0880	110622	L6209
l0881_6549	l0881	110623	L6210
l0881_sc_6550	l0881_sc	110624	L6211
l0881_sc_6551	l0881_sc	110624	L6212
l0887_6552	l0887	110631	L6213
l0888_6553	l0888	110632	L6214
l0894_6554	l0894	110638	L6215
l0894_6555	l0894	110638	L6216
l0916_6557	l0916	110661	L6217
l0917_6558	l0917	110663	L6218
l0927_6559	l0927	110675	L6219
l0937_6560	l0937	110685	L6220
l0940_6561	l0940	110688	L6221
l0940_sc_6562	l0940_sc	110689	L6222
l0942_6563	l0942	110691	L6223
l0964_6564	l0964	110719	L6224
l0965_6565	l0965	110720	L6225
l0974_6566	l0974	110730	L6226
l0976_6567	l0976	110732	L6227
l0995_6568	l0995	110756	L6228
l1007_6569	l1007	110767	L6229
l1017_6570	l1017	110780	L6230
l1019_6571	l1019	110782	L6231
l1021_6572	l1021	110784	L6232
l1028_6573	l1028	110791	L6233
l1041_6574	l1041	110804	L6234
l1042_6575	l1042	110806	L6235
l1051_6576	l1051	110817	L6236
l1065_6577	l1065	110832	L6237
l1075_6578	l1075	110846	L6238
l1085_6579	l1085	110858	L6239
l1094_6580	l1094	110867	L6240
l1106_6581	l1106	110880	L6241
l1111_6582	l1111	110887	L6242
l1122_6583	l1122	110899	L6243
l1125_6584	l1125	110903	L6244
l1126_6585	l1126	110905	L6245
l1131_6586	l1131	110910	L6246
l1147_6587	l1147	110927	L6247
l1153_6588	l1153	110934	L6248
l1157_6589	l1157	110939	L6249
l1161_6590	l1161	110944	L6250
l1161_6591	l1161	110943	L6251
l1178_6592	l1178	110962	L6252
l1183_6593	l1183	110967	L6253
l1185_6594	l1185	110969	L6254
l1198_6595	l1198	110990	L6255
l1199_6596	l1199	110991	L6256
l1203_6597	l1203	110996	L6257
l1203_6598	l1203	110996	L6258
l1205_6599	l1205	110998	L6259
l1219_6600	l1219	111013	L6260
l1232_6601	l1232	111029	L6261
l1240_6602	l1240	111037	L6262
l1243_6603	l1243	111041	L6263
l1244_6604	l1244	111042	L6264
l1247_6605	l1247	111045	L6265
l1252_6606	l1252	111050	L6266
l1255_6607	l1255	111054	L6267
l1255_6608	l1255	111054	L6268
l1280_6610	l1280	111083	L6269
l1280_6611	l1280	111083	L6270
l1280_6613	l1280	111082	L6271
l1280_6614	l1280	111082	L6272
l1297_6616	l1297	111101	L6273
l1298_6617	l1298	111102	L6274
l8007_6618	l8007	111103	L6275
l8252_6619	l8252	111106	L6276
l9893_6620	l9893	111134	L6277
l9894_6621	l9894	111135	L6278
l9894_6622	l9894	111135	L6279
l9915_6623	l9915	111158	L6280
l9916_6624	l9916	111159	L6281
l9917_6625	l9917	111160	L6282
l9917_6626	l9917	111160	L6283
l9918_6627	l9918	111161	L6284
l9918_6628	l9918	111161	L6285
l9921_6629	l9921	136218	L6286
m0012_6630	m0012	111178	L6287
m0017_6631	m0017	111184	L6288
m0018_6632	m0018	111185	L6289
m0018_sc_6633	m0018_sc	111186	L6290
m0018_sc_6634	m0018_sc	111186	L6291
m0030_6635	m0030	111199	L6292
m0035_6636	m0035	111205	L6293
m0038_6637	m0038	111208	L6294
m0039_6638	m0039	111209	L6295
m0042_6639	m0042	111212	L6296
m0053_6640	m0053	111223	L6297
m0058_6641	m0058	111228	L6298
m0060_6642	m0060	111230	L6299
m0061_6643	m0061	111231	L6300
m0062_6644	m0062	111232	L6301
m0064_6645	m0064	111234	L6302
m0064_sc_6646	m0064_sc	111235	L6303
m0065_6647	m0065	111236	L6304
m0077_6648	m0077	111250	L6305
m0077_6649	m0077	111250	L6306
m0080_6650	m0080	66000	L6307
m0083_6651	m0083	111256	L6308
m0105_6652	m0105	111285	L6309
m0105_6653	m0105	111285	L6310
m0122_6654	m0122	111306	L6311
m0122_6655	m0122	111306	L6312
m0150_6657	m0150	111339	L6313
m0158_6658	m0158	111349	L6314
m0168_6659	m0168	111359	L6315
m0168_6660	m0168	111359	L6316
m0170_6661	m0170	111361	L6317
m0187_6662	m0187	111386	L6318
m0206_6663	m0206	111408	L6319
m0213_6664	m0213	111415	L6320
m0230_6665	m0230	111436	L6321
m0252_6666	m0252	111460	L6322
m0252_6667	m0252	111460	L6323
m0252_6668	m0252	111460	L6324
m0260_6670	m0260	111470	L6325
m0261_6671	m0261	111472	L6326
m0269_6672	m0269	111481	L6327
m0273_6673	m0273	111485	L6328
m0279_6674	m0279	111491	L6329
m0283_6675	m0283	111495	L6330
m0291_6676	m0291	111503	L6331
m0291_6677	m0291	111503	L6332
m0305_6679	m0305	111518	L6333
m0309_6680	m0309	111522	L6334
m0313_6681	m0313	111527	L6335
m0314_6682	m0314	111528	L6336
m0317_6683	m0317	111531	L6337
m0319_6684	m0319	111533	L6338
m0330_6685	m0330	111547	L6339
m0333_6686	m0333	111550	L6340
m0334_6687	m0334	111551	L6341
m0358_6688	m0358	111581	L6342
m0371_6689	m0371	111595	L6343
m0371_sc_6690	m0371_sc	111596	L6344
m0387_6691	m0387	111615	L6345
m0396_6692	m0396	111628	L6346
m0404_6693	m0404	111638	L6347
m0419_6694	m0419	111655	L6348
m0428_6695	m0428	111665	L6349
m0434_6696	m0434	111673	L6350
m0441_6697	m0441	111680	L6351
m0450_6698	m0450	111690	L6352
m0456_6699	m0456	111700	L6353
m0466_6700	m0466	111712	L6354
m0490_6701	m0490	111737	L6355
m0491_6702	m0491	111738	L6356
m0493_6703	m0493	111740	L6357
m0493_sc_6704	m0493_sc	111741	L6358
m0525_6705	m0525	111779	L6359
m0547_6706	m0547	111807	L6360
m0555_6707	m0555	111819	L6361
m0572_6708	m0572	111839	L6362
m0578_6709	m0578	111846	L6363
m0588_6710	m0588	111857	L6364
m0588_6711	m0588	111856	L6365
m0588_6712	m0588	111856	L6366
m0588_6713	m0588	111857	L6367
m0588_6714	m0588	111857	L6368
m0588_6715	m0588	111856	L6369
m0627_6717	m0627	111908	L6370
m0651_6718	m0651	111938	L6371
m0687_6719	m0687	111985	L6372
m0706_6721	m0706	112007	L6373
m0721_6722	m0721	112024	L6374
m0743_6723	m0743	112053	L6375
m0754_6724	m0754	112066	L6376
m0760_6725	m0760	112073	L6377
m0760_6726	m0760	112073	L6378
m0768_6727	m0768	112081	L6379
m0784_6728	m0784	112099	L6380
m0787_6731	m0787	112103	L6381
m0791_6732	m0791	112107	L6382
m0792_6733	m0792	112109	L6383
m0797_6734	m0797	112115	L6384
m0802_6735	m0802	112120	L6385
m0803_6736	m0803	112121	L6386
m0812_6737	m0812	112133	L6387
m0817_6738	m0817	112138	L6388
m0825_6739	m0825	112147	L6389
m0826_6740	m0826	112148	L6390
m0827_6741	m0827	112149	L6391
m0893_6742	m0893	112233	L6392
m0894_6744	m0894	112235	L6393
m0897_6745	m0897	112238	L6394
m0917_6746	m0917	112260	L6395
m0954_6747	m0954	112295	L6396
m0957_6748	m0957	112298	L6397
m0963_6749	m0963	112306	L6398
m0966_6750	m0966	112309	L6399
m0973_6751	m0973	112316	L6400
m0990_6752	m0990	112333	L6401
m1024_6753	m1024	112370	L6402
m1032_6754	m1032	112379	L6403
m1033_6755	m1033	112380	L6404
m1033_6756	m1033	112380	L6405
m1042_6757	m1042	112392	L6406
m1046_6758	m1046	112397	L6407
m1048_6759	m1048	112400	L6408
m1051_6760	m1051	112403	L6409
m1054_6761	m1054	112405	L6410
m1056_6762	m1056	112407	L6411
m1057_6763	m1057	112408	L6412
m1058_6764	m1058	112409	L6413
m1058_6765	m1058	112409	L6414
m1071_6766	m1071	112423	L6415
m1087_6767	m1087	112437	L6416
m1092_6768	m1092	112443	L6417
m1097_11221	m1097	112447	L6418
m1097_6769	m1097	112447	L6419
m1105_6773	m1105	112457	L6420
m1105_6774	m1105	112457	L6421
m1105_6775	m1105	112457	L6422
m1113_6776	m1113	112466	L6423
m1119_6777	m1119	112473	L6424
m1122_6778	m1122	112477	L6425
m1127_6779	m1127	112482	L6426
m1127_6780	m1127	112482	L6427
m1129_6781	m1129	112484	L6428
m1135_6782	m1135	112490	L6429
m1136_6783	m1136	112491	L6430
m1143_6784	m1143	112499	L6431
m1143_6785	m1143	112498	L6432
m1158_6786	m1158	112515	L6433
m1167_6787	m1167	112525	L6434
m1177_6788	m1177	112537	L6435
m1188_6789	m1188	112551	L6436
m1196_6790	m1196	112558	L6437
m1198_6791	m1198	112560	L6438
m1212_6792	m1212	112577	L6439
m1215_6793	m1215	112581	L6440
m1223_6794	m1223	112591	L6441
m1223_6795	m1223	112591	L6442
m1227_6796	m1227	112595	L6443
m1227_sc_6797	m1227_sc	112596	L6444
m1232_6798	m1232	112601	L6445
m1236_6799	m1236	112605	L6446
m1236_6800	m1236	112605	L6447
m1245_6801	m1245	112617	L6448
m1245_6802	m1245	112616	L6449
m1289_6803	m1289	112662	L6450
m1292_6804	m1292	112665	L6451
m1299_6805	m1299	112673	L6452
m1354_6806	m1354	112737	L6453
m1354_6807	m1354	112737	L6454
m1384_6808	m1384	112768	L6455
m1385_6809	m1385	112769	L6456
m1389_6810	m1389	112773	L6457
m1395_6811	m1395	112779	L6458
m1400_6814	m1400	112784	L6459
m1407_6815	m1407	112792	L6460
m1411_6816	m1411	112797	L6461
m1416_6817	m1416	112803	L6462
m1423_6818	m1423	112810	L6463
m1423_6819	m1423	112810	L6464
m1433_6820	m1433	112821	L6465
m1439_6821	m1439	112827	L6466
m1451_6822	m1451	112840	L6467
m1453_6823	m1453	112842	L6468
m1456_6824	m1456	112848	L6469
m1459_6826	m1459	112851	L6470
m1459_sc_6827	m1459_sc	112852	L6471
m1475_6828	m1475	112868	L6472
m1476_6829	m1476	112869	L6473
m1477_6830	m1477	112870	L6474
m1477_6831	m1477	112870	L6475
m1485_6832	m1485	112879	L6476
m1485_6833	m1485	112879	L6477
m1587_6834	m1587	112881	L6478
m1593_6835	m1593	112888	L6479
m1593_6836	m1593	112888	L6480
m1600_6837	m1600	112896	L6481
m1608_6838	m1608	112904	L6482
m1671_6839	m1671	112975	L6483
m1683_6840	m1683	112986	L6484
m1693_6841	m1693	112996	L6485
m1693_6842	m1693	112996	L6486
m1693_6843	m1693	112996	L6487
m1707_6845	m1707	113012	L6488
m1713_6846	m1713	113019	L6489
m1723_6847	m1723	113032	L6490
m1723_6848	m1723	113032	L6491
m1724_6849	m1724	113033	L6492
m1732_6850	m1732	113042	L6493
m1739_6851	m1739	113049	L6494
m1743_6852	m1743	113053	L6495
m1743_6853	m1743	113053	L6496
m1743_6854	m1743	113053	L6497
m1743_6855	m1743	113053	L6498
m1747_6856	m1747	113057	L6499
m1778_6857	m1778	113089	L6500
m1781_6858	m1781	113093	L6501
m1782_6859	m1782	113094	L6502
m1813_6860	m1813	113116	L6503
m1823_6861	m1823	113123	L6504
m1827_6862	m1827	113130	L6505
m1834_6863	m1834	113135	L6506
m1836_6864	m1836	113138	L6507
m1853_6865	m1853	113157	L6508
m1857_6866	m1857	113161	L6509
m1862_6867	m1862	113165	L6510
m1864_6868	m1864	113167	L6511
m1866_6869	m1866	113170	L6512
m1866_6870	m1866	113170	L6513
m1866_6871	m1866	113170	L6514
m1866_6872	m1866	113170	L6515
m1873_6873	m1873	113177	L6516
m1876_6874	m1876	113181	L6517
m9603_6875	m9603	113281	L6518
m9604_6876	m9604	113282	L6519
m9604_6877	m9604	113282	L6520
m9604_6878	m9604	113282	L6521
m9605_6880	m9605	113283	L6522
m9606_6881	m9606	113284	L6523
m9606_6883	m9606	113284	L6524
m9607_6884	m9607	113286	L6525
m9607_6885	m9607	113285	L6526
m9608_6886	m9608	113287	L6527
m9609_6887	m9609	113288	L6528
n0009_6888	n0009	113346	L6529
n0012_6889	n0012	113351	L6530
n0013_6890	n0013	113352	L6531
n0039_6892	n0039	113381	L6532
n0039_6893	n0039	113381	L6533
n0044_6894	n0044	113388	L6534
n0044_6895	n0044	113388	L6535
n0044_6896	n0044	113387	L6536
n0044_6897	n0044	113387	L6537
n0044_6898	n0044	113387	L6538
n0044_6899	n0044	113387	L6539
n0064_6900	n0064	113414	L6540
n0069_6901	n0069	113419	L6541
n0081_6902	n0081	113433	L6542
n0081_6903	n0081	113433	L6543
n0087_6905	n0087	113441	L6544
n0102_6906	n0102	113459	L6545
n0108_6907	n0108	113466	L6546
n0108_6908	n0108	113466	L6547
n0112_6909	n0112	113470	L6548
n0117_6910	n0117	113476	L6549
n0117_6911	n0117	113476	L6550
n0148_6913	n0148	113511	L6551
n0151_6914	n0151	113514	L6552
n0151_6915	n0151	113514	L6553
n0151_6916	n0151	113514	L6554
n0160_6917	n0160	113523	L6555
n0160_6918	n0160	113523	L6556
n0180_6919	n0180	113548	L6557
n0184_6920	n0184	113552	L6558
n0184_6921	n0184	113552	L6559
n0184_6922	n0184	113552	L6560
n0185_6923	n0185	113553	L6561
n0193_6924	n0193	113563	L6562
n0198_6925	n0198	113568	L6563
n0211_6926	n0211	113581	L6564
n0226_6927	n0226	113598	L6565
n0233_6928	n0233	113607	L6566
n0249_6931	n0249	113625	L6567
n0249_6932	n0249	113625	L6568
n0269_6933	n0269	113647	L6569
n0269_6934	n0269	113646	L6570
n0275_6935	n0275	113653	L6571
n0276_6936	n0276	113655	L6572
n0281_6937	n0281	113660	L6573
n0286_6938	n0286	113665	L6574
n0293_6939	n0293	113676	L6575
n0294_6940	n0294	113677	L6576
n0294_sc_6941	n0294_sc	113678	L6577
n0295_6942	n0295	113679	L6578
n0298_6943	n0298	113682	L6579
n0301_6944	n0301	113686	L6580
n0313_6945	n0313	113699	L6581
n0313_6946	n0313	113699	L6582
n0322_6947	n0322	113708	L6583
n0322_6948	n0322	113708	L6584
n0322_6949	n0322	113708	L6585
n0325_6952	n0325	113711	L6586
n0329_6953	n0329	113715	L6587
n0335_6954	n0335	113721	L6588
n0335_sc_6955	n0335_sc	113722	L6589
n0442_6957	n0442	113748	L6590
n0443_6958	n0443	113749	L6591
n0444_6959	n0444	113750	L6592
n0447_6960	n0447	113753	L6593
n0448_6961	n0448	113754	L6594
n0448_6962	n0448	113755	L6595
n0453_6963	n0453	113760	L6596
n0478_6964	n0478	113784	L6597
n0489_6965	n0489	113794	L6598
n0504_6966	n0504	113809	L6599
n0505_6967	n0505	113810	L6600
n0529_6968	n0529	113835	L6601
n0533_6969	n0533	113839	L6602
n0534_6970	n0534	113840	L6603
n0534_6971	n0534	113840	L6604
n0543_6973	n0543	113851	L6605
n0548_6974	n0548	113856	L6606
n0552_6975	n0552	113861	L6607
n0567_6976	n0567	113878	L6608
n0579_6977	n0579	113892	L6609
n0586_6978	n0586	113899	L6610
n0602_6979	n0602	113918	L6611
n0606_6980	n0606	113923	L6612
n0606_6981	n0606	113923	L6613
n0616_6982	n0616	113933	L6614
n0627_6983	n0627	113944	L6615
n0641_6984	n0641	113959	L6616
n0641_6985	n0641	113959	L6617
n0647_6986	n0647	113964	L6618
n0658_6987	n0658	113977	L6619
n0676_6988	n0676	113996	L6620
n0684_6989	n0684	114004	L6621
n0689_6990	n0689	114008	L6622
n0689_6991	n0689	114008	L6623
n0689_6992	n0689	114008	L6624
n0699_6994	n0699	114016	L6625
n0701_6995	n0701	114018	L6626
n0701_6996	n0701	114018	L6627
n0701_6997	n0701	114018	L6628
n0701_6998	n0701	114018	L6629
n0710_6999	n0710	114026	L6630
n0712_7000	n0712	114029	L6631
n0717_7001	n0717	114034	L6632
n0720_7002	n0720	114038	L6633
n0720_7003	n0720	114038	L6634
n0750_7004	n0750	114058	L6635
n0756_7005	n0756	114063	L6636
n9320_7006	n9320	114098	L6637
n9322_7007	n9322	114100	L6638
n9701_7008	n9701	114117	L6639
n9823_7009	n9823	114165	L6640
n9823_7010	n9823	114165	L6641
n9911_7011	n9911	114167	L6642
o0003_7012	o0003	114174	L6643
o0004_7013	o0004	114175	L6644
o0005_7014	o0005	114176	L6645
o0008_7015	o0008	114180	L6646
o0008_7016	o0008	114180	L6647
o0010_7017	o0010	114182	L6648
o0011_7018	o0011	114183	L6649
o0011_sc_7019	o0011_sc	114184	L6650
o0012_7020	o0012	114185	L6651
o0013_7021	o0013	114186	L6652
o0014_7022	o0014	114187	L6653
o0017_7023	o0017	114190	L6654
o0019_7024	o0019	114192	L6655
o0022_7025	o0022	114195	L6656
o0023_7026	o0023	114196	L6657
o0025_7027	o0025	114198	L6658
o0026_7028	o0026	114199	L6659
o0026_7029	o0026	114199	L6660
o0027_7030	o0027	114200	L6661
o0028_7031	o0028	114201	L6662
o0030_7032	o0030	114203	L6663
o0031_7033	o0031	114204	L6664
o0032_7034	o0032	114205	L6665
o0034_7035	o0034	114207	L6666
o0035_7036	o0035	114208	L6667
o0038_7037	o0038	114211	L6668
o0040_7038	o0040	114215	L6669
o0041_7045	o0041	114216	L6670
o0042_7046	o0042	114217	L6671
o0045_7047	o0045	114220	L6672
o0047_7048	o0047	114222	L6673
o0048_7049	o0048	114223	L6674
o0049_7050	o0049	114224	L6675
o0050_7051	o0050	114225	L6676
o0051_7052	o0051	114226	L6677
o0052_7053	o0052	114227	L6678
o0052_7054	o0052	114227	L6679
o0058_7055	o0058	114233	L6680
o0061_7056	o0061	114237	L6681
o0068_7057	o0068	114245	L6682
o0068_7058	o0068	114245	L6683
o0069_7059	o0069	114246	L6684
o0070_7060	o0070	114247	L6685
o0072_7061	o0072	114249	L6686
o0080_7062	o0080	114257	L6687
o0087_7063	o0087	114265	L6688
o0090_7064	o0090	114268	L6689
o0091_7065	o0091	114269	L6690
o0094_7066	o0094	114272	L6691
o0095_7067	o0095	114273	L6692
o0095_7068	o0095	114273	L6693
o0095_7069	o0095	114273	L6694
o0095_7070	o0095	114273	L6695
o0096_7071	o0096	114274	L6696
o0097_7072	o0097	114275	L6697
o0098_7073	o0098	114276	L6698
o0098_7074	o0098	114276	L6699
o0099_7075	o0099	114277	L6700
o0102_7077	o0102	114280	L6701
o0104_7078	o0104	114282	L6702
o0107_7079	o0107	114285	L6703
o0107_7080	o0107	114285	L6704
o0112_7081	o0112	114290	L6705
o0112_7082	o0112	114290	L6706
o0114_7083	o0114	114293	L6707
o0120_7084	o0120	114299	L6708
o0121_7085	o0121	114300	L6709
o0123_7086	o0123	114302	L6710
o0125_7087	o0125	114304	L6711
o0126_7088	o0126	114305	L6712
o0130_7089	o0130	114309	L6713
o0130_7090	o0130	114309	L6714
o0132_7091	o0132	114311	L6715
o0132_7092	o0132	114311	L6716
o0133_7093	o0133	114312	L6717
o0133_7094	o0133	114312	L6718
o0134_7095	o0134	114313	L6719
o0135_7096	o0135	114314	L6720
o0135_7097	o0135	114314	L6721
o0137_7098	o0137	114316	L6722
o0138_7099	o0138	114317	L6723
o0139_7100	o0139	114318	L6724
o0140_7101	o0140	114319	L6725
o0140_7102	o0140	114319	L6726
o0142_7103	o0142	114321	L6727
o0143_7104	o0143	114322	L6728
o0146_7106	o0146	114325	L6729
o0151_7107	o0151	114330	L6730
o0152_7108	o0152	114331	L6731
o0154_7109	o0154	114333	L6732
o0156_7110	o0156	114335	L6733
o0156_7111	o0156	114335	L6734
o0156_7112	o0156	114335	L6735
o0156_7113	o0156	114335	L6736
o0156_7114	o0156	114335	L6737
o0156_7115	o0156	114335	L6738
o0156_7116	o0156	114335	L6739
o0159_7118	o0159	114338	L6740
o0162_7119	o0162	114341	L6741
o0163_7120	o0163	114342	L6742
o0165_7121	o0165	114344	L6743
o0167_7122	o0167	114347	L6744
o0167_7123	o0167	114347	L6745
o0167_7125	o0167	114347	L6746
o0171_7126	o0171	114351	L6747
o0172_7127	o0172	114352	L6748
o0174_7128	o0174	114354	L6749
o0174_sc_7129	o0174_sc	114355	L6750
o0177_7130	o0177	114358	L6751
o0179_7131	o0179	114360	L6752
o0180_7132	o0180	114361	L6753
o0181_7133	o0181	114362	L6754
o0182_7134	o0182	114363	L6755
o0187_7135	o0187	114369	L6756
o0187_7136	o0187	114369	L6757
o0187_7137	o0187	114369	L6758
o0187_7138	o0187	114369	L6759
o0189_7139	o0189	114371	L6760
o0190_7140	o0190	114372	L6761
o0191_7141	o0191	114373	L6762
o0192_7142	o0192	114374	L6763
o0192_7143	o0192	114374	L6764
o0194_7144	o0194	114376	L6765
o0197_7145	o0197	114379	L6766
o0197_7146	o0197	114379	L6767
o0202_7147	o0202	114384	L6768
o0202_7148	o0202	114384	L6769
o0205_7149	o0205	114388	L6770
o0205_7150	o0205	114388	L6771
o0209_7151	o0209	114393	L6772
o0209_7152	o0209	114393	L6773
o0218_7153	o0218	114403	L6774
o0218_7154	o0218	114403	L6775
o0221_7157	o0221	114406	L6776
o0222_7158	o0222	114407	L6777
o0222_7159	o0222	114407	L6778
o0228_7160	o0228	114413	L6779
o0228_7161	o0228	114413	L6780
o0229_7162	o0229	114414	L6781
o0229_7163	o0229	114414	L6782
o0234_7164	o0234	114421	L6783
o0236_7165	o0236	114423	L6784
o0236_7166	o0236	114423	L6785
o0241_7169	o0241	114429	L6786
o0241_7170	o0241	114429	L6787
o0243_7171	o0243	114432	L6788
o0246_7172	o0246	114435	L6789
o0246_7173	o0246	114435	L6790
o0247_7174	o0247	114436	L6791
o0248_7175	o0248	114437	L6792
o0248_7176	o0248	114437	L6793
o0249_7177	o0249	114438	L6794
o0250_7178	o0250	114439	L6795
o0252_7179	o0252	114441	L6796
o0255_7180	o0255	114444	L6797
o0255_7181	o0255	114444	L6798
o0257_7182	o0257	114447	L6799
o0257_7183	o0257	114447	L6800
o0258_7184	o0258	114448	L6801
o0258_7185	o0258	114448	L6802
o0259_7186	o0259	114449	L6803
o0259_7187	o0259	114449	L6804
o0262_7188	o0262	114452	L6805
o0264_7189	o0264	114456	L6806
o0264_7190	o0264	114456	L6807
o0267_7191	o0267	114459	L6808
o0268_7192	o0268	114460	L6809
o0268_7193	o0268	114460	L6810
o0269_7194	o0269	114461	L6811
o0269_7195	o0269	114461	L6812
o0269_sc_7196	o0269_sc	114462	L6813
o0269_sc_7197	o0269_sc	114462	L6814
o0269_sc_7198	o0269_sc	114462	L6815
o0269_sc_7199	o0269_sc	114462	L6816
o0271_7200	o0271	114464	L6817
o0271_7201	o0271	114464	L6818
o0271_7202	o0271	114464	L6819
o0273_7203	o0273	114466	L6820
o0276_7204	o0276	114469	L6821
o0277_7205	o0277	114470	L6822
o0277_7206	o0277	114470	L6823
o0280_7207	o0280	114473	L6824
o0280_7208	o0280	114473	L6825
o0280_7209	o0280	114473	L6826
o0282_7210	o0282	114476	L6827
o0282_7211	o0282	114476	L6828
o0285_7212	o0285	114479	L6829
o0285_7213	o0285	114479	L6830
o0287_7214	o0287	114481	L6831
o0287_7215	o0287	114481	L6832
o0289_7216	o0289	114483	L6833
o0290_7217	o0290	114484	L6834
o0291_7218	o0291	114485	L6835
o0291_sc_7219	o0291_sc	114485	L6836
o0292_7221	o0292	114486	L6837
o0293_7222	o0293	114487	L6838
o0293_7223	o0293	114487	L6839
o0295_7226	o0295	114489	L6840
o0295_7227	o0295	114489	L6841
o0295_7228	o0295	114489	L6842
o0297_7229	o0297	114491	L6843
o0297_7230	o0297	114491	L6844
o0298_7231	o0298	114492	L6845
o0298_7232	o0298	114492	L6846
o0299_7233	o0299	114493	L6847
o0300_7234	o0300	114494	L6848
o0302_7235	o0302	114496	L6849
o0302_7236	o0302	114496	L6850
o0302_7237	o0302	114496	L6851
o0302_7238	o0302	114496	L6852
o0304_7239	o0304	114498	L6853
o0304_7240	o0304	114498	L6854
o0305_7241	o0305	114499	L6855
o0307_7242	o0307	114501	L6856
o0307_7243	o0307	114501	L6857
o0307_sc_7244	o0307_sc	114502	L6858
o0307_sc_7245	o0307_sc	114502	L6859
o0309_7246	o0309	114504	L6860
o0309_7247	o0309	114504	L6861
o0309_7248	o0309	114504	L6862
o0309_7249	o0309	114504	L6863
o0310_7250	o0310	114505	L6864
o0310_7251	o0310	114505	L6865
o0311_7252	o0311	114506	L6866
o0312_7253	o0312	114507	L6867
o0312_7254	o0312	114507	L6868
o0313_7255	o0313	114508	L6869
o0313_7256	o0313	114508	L6870
o0315_7257	o0315	114510	L6871
o0318_7258	o0318	114513	L6872
o0318_7259	o0318	114513	L6873
o0320_7260	o0320	114515	L6874
o0320_7261	o0320	114515	L6875
o0320_7262	o0320	114515	L6876
o0320_7263	o0320	114515	L6877
o0322_7264	o0322	114517	L6878
o0322_7265	o0322	114517	L6879
o0323_7266	o0323	114518	L6880
o0323_7267	o0323	114519	L6881
o0323_7268	o0323	114518	L6882
o0323_7269	o0323	114519	L6883
o0324_7270	o0324	114520	L6884
o0324_7271	o0324	114520	L6885
o0324_7272	o0324	114520	L6886
o0324_7273	o0324	114520	L6887
o0329_7274	o0329	114525	L6888
o0329_7275	o0329	114525	L6889
o0330_7276	o0330	114526	L6890
o0330_7277	o0330	114526	L6891
o0331_7278	o0331	114527	L6892
o0331_7279	o0331	114527	L6893
o0336_7280	o0336	114532	L6894
o0337_7281	o0337	114533	L6895
o0338_7282	o0338	114534	L6896
o0341_7283	o0341	114537	L6897
o0342_7284	o0342	114538	L6898
o0344_7285	o0344	114540	L6899
o0347_7286	o0347	114543	L6900
o0350_7287	o0350	114547	L6901
o0351_7288	o0351	114548	L6902
o0352_7289	o0352	114549	L6903
o0352_7290	o0352	114549	L6904
o0352_7291	o0352	114549	L6905
o0353_7292	o0353	114550	L6906
o0355_7293	o0355	114552	L6907
o0356_7294	o0356	114553	L6908
o0359_7295	o0359	114556	L6909
o0364_7296	o0364	114561	L6910
o0364_7297	o0364	114561	L6911
o0365_7298	o0365	114562	L6912
o0368_7299	o0368	114565	L6913
o0368_7300	o0368	114565	L6914
o0376_7301	o0376	114574	L6915
o0379_7302	o0379	114577	L6916
o0379_7303	o0379	114577	L6917
o0379_7304	o0379	114577	L6918
o0379_7305	o0379	114577	L6919
o0380_7306	o0380	114578	L6920
o0386_7307	o0386	114585	L6921
o0387_7308	o0387	114586	L6922
o0390_7309	o0390	114591	L6923
o0391_7310	o0391	114592	L6924
o0392_7312	o0392	114593	L6925
o0392_7313	o0392	114593	L6926
o0396_7315	o0396	114597	L6927
o0398_7316	o0398	114600	L6928
o0399_7317	o0399	114601	L6929
o0399_7318	o0399	114601	L6930
o0401_7319	o0401	114603	L6931
o0401_7320	o0401	114603	L6932
o0401_7321	o0401	114603	L6933
o0401_7322	o0401	114603	L6934
o0403_7323	o0403	114605	L6935
o0404_7324	o0404	114606	L6936
o0404_7325	o0404	114606	L6937
o0405_7326	o0405	114607	L6938
o0406_7327	o0406	114608	L6939
o0407_7328	o0407	114609	L6940
o0407_7329	o0407	114609	L6941
o0411_7331	o0411	114613	L6942
o0412_7332	o0412	114614	L6943
o0412_7333	o0412	114614	L6944
o0417_7334	o0417	114620	L6945
o0419_7336	o0419	114622	L6946
o0419_7337	o0419	114622	L6947
o0420_7338	o0420	114623	L6948
o0420_7339	o0420	114623	L6949
o0426_7342	o0426	114629	L6950
o0426_7343	o0426	114629	L6951
o0427_7344	o0427	114630	L6952
o0427_7345	o0427	114630	L6953
o0437_7346	o0437	114645	L6954
o0437_7347	o0437	114645	L6955
o0437_7348	o0437	114645	L6956
o0441_7349	o0441	114649	L6957
o0444_7350	o0444	114652	L6958
o0450_7351	o0450	114658	L6959
o0468_7352	o0468	114677	L6960
o0468_7353	o0468	114677	L6961
o0488_7355	o0488	114697	L6962
o0500_7356	o0500	114714	L6963
o0506_7357	o0506	114721	L6964
o0508_7358	o0508	114723	L6965
o0508_7359	o0508	114723	L6966
o0508_7360	o0508	114723	L6967
o0526_7361	o0526	114742	L6968
o0562_7362	o0562	114784	L6969
o0570_7363	o0570	114792	L6970
o0573_7364	o0573	114795	L6971
o0573_7365	o0573	114795	L6972
o0581_7369	o0581	114806	L6973
o0586_7370	o0586	114812	L6974
o0588_7371	o0588	114814	L6975
o0588_7372	o0588	114814	L6976
o0589_7373	o0589	114815	L6977
o0590_7374	o0590	114816	L6978
o0590_7375	o0590	114816	L6979
o0590_7376	o0590	114816	L6980
o0591_7378	o0591	114817	L6981
o0591_7379	o0591	114817	L6982
o0592_7380	o0592	114818	L6983
o0592_7381	o0592	114818	L6984
o0595_7382	o0595	114821	L6985
o0596_7383	o0596	114822	L6986
o0597_7384	o0597	114823	L6987
o0597_7385	o0597	114823	L6988
o0599_7386	o0599	114825	L6989
o0602_7387	o0602	114828	L6990
o0602_7388	o0602	114828	L6991
o0602_7389	o0602	114828	L6992
o0602_7390	o0602	114828	L6993
o0603_7391	o0603	114829	L6994
o0603_7392	o0603	114829	L6995
o0637_7393	o0637	114868	L6996
o0637_7394	o0637	114867	L6997
o0637_7395	o0637	114867	L6998
o0643_7396	o0643	114874	L6999
o0645_7397	o0645	114876	L7000
o0648_7398	o0648	114879	L7001
o0648_7399	o0648	114879	L7002
o0648_7400	o0648	114879	L7003
o0650_7401	o0650	114881	L7004
o0650_7402	o0650	114881	L7005
o0657_7403	o0657	114888	L7006
o0670_7404	o0670	114902	L7007
o0696_7405	o0696	114928	L7008
o0699_7406	o0699	114931	L7009
o0699_7407	o0699	114931	L7010
o0699_7408	o0699	114931	L7011
o0700_7409	o0700	114932	L7012
o0744_7410	o0744	114974	L7013
o0747_7411	o0747	114978	L7014
o0769_7412	o0769	115002	L7015
o0769_7413	o0769	115002	L7016
o0777_7414	o0777	115010	L7017
o0790_7415	o0790	115025	L7018
o0792_7416	o0792	115027	L7019
o0793_7417	o0793	115029	L7020
o0798_7418	o0798	115034	L7021
o0821_7419	o0821	115059	L7022
o0831_7420	o0831	115071	L7023
o0837_7421	o0837	115080	L7024
o0837_7422	o0837	115080	L7025
o0843_7423	o0843	115088	L7026
o0853_7424	o0853	115099	L7027
o0854_7425	o0854	115100	L7028
o0855_7426	o0855	115101	L7029
o0856_7427	o0856	115102	L7030
o0856_7428	o0856	115102	L7031
o0857_7429	o0857	115103	L7032
o0858_7430	o0858	115104	L7033
o0858_7431	o0858	115104	L7034
o0859_7432	o0859	115105	L7035
o0859_7433	o0859	115105	L7036
o0859_7434	o0859	115105	L7037
o0860_7435	o0860	115106	L7038
o0861_7436	o0861	115107	L7039
o0861_7438	o0861	115107	L7040
o0862_7440	o0862	115108	L7041
o0863_7441	o0863	115109	L7042
o0871_7442	o0871	115118	L7043
o0874_7443	o0874	115121	L7044
o0875_7444	o0875	115122	L7045
o0876_7445	o0876	115123	L7046
o0877_7446	o0877	115124	L7047
o0877_7447	o0877	115124	L7048
o0884_7456	o0884	115131	L7049
o0884_7457	o0884	115131	L7050
o0889_7458	o0889	115137	L7051
o0889_7459	o0889	115137	L7052
o0894_7460	o0894	115142	L7053
o0894_7461	o0894	115142	L7054
o0895_7462	o0895	115143	L7055
o0896_7463	o0896	115144	L7056
o0896_7464	o0896	115145	L7057
o0909_7465	o0909	115160	L7058
o0913_7466	o0913	115164	L7059
o0915_7467	o0915	115167	L7060
o0944_7468	o0944	115195	L7061
o0951_7469	o0951	115202	L7062
o0977_7470	o0977	115233	L7063
o0978_7471	o0978	115235	L7064
o0978_7472	o0978	115235	L7065
o1006_7473	o1006	115264	L7066
o1006_7474	o1006	115264	L7067
o1025_7475	o1025	115284	L7068
o1027_7476	o1027	115286	L7069
o1070_7477	o1070	115338	L7070
o1070_7478	o1070	115338	L7071
o1075_7479	o1075	115344	L7072
o1079_7480	o1079	115348	L7073
o1079_7481	o1079	115348	L7074
o1095_7482	o1095	115363	L7075
o1095_7483	o1095	115363	L7076
o1108_7484	o1108	115377	L7077
o1145_7485	o1145	115418	L7078
o1156_7486	o1156	115433	L7079
o1167_7487	o1167	115445	L7080
o1201_7488	o1201	115485	L7081
o9036_7489	o9036	115490	L7082
o9036_7490	o9036	115490	L7083
o9249_7491	o9249	115493	L7084
o9251_7492	o9251	115494	L7085
o9287_7493	o9287	115495	L7086
o9287_7494	o9287	115495	L7087
o9344_7495	o9344	115496	L7088
o9350_7496	o9350	115501	L7089
o9648_7497	o9648	115505	L7090
o9648_7498	o9648	115505	L7091
o9742_7499	o9742	115545	L7092
p0009_7500	p0009	115574	L7093
p0019_7501	p0019	115587	L7094
p0021_7502	p0021	115590	L7095
p0022_7503	p0022	115591	L7096
p0023_7504	p0023	115592	L7097
p0023_7505	p0023	115592	L7098
p0028_7506	p0028	115597	L7099
p0035_7507	p0035	115606	L7100
p0041_7508	p0041	115612	L7101
p0041_7509	p0041	115612	L7102
p0052_7510	p0052	115624	L7103
p0052_7511	p0052	115624	L7104
p0072_7512	p0072	115648	L7105
p0084_7513	p0084	115663	L7106
p0108_7514	p0108	115693	L7107
p0114_7515	p0114	115699	L7108
p0114_sc_7516	p0114_sc	115700	L7109
p0118_7517	p0118	115704	L7110
p0123_7518	p0123	115709	L7111
p0133_7519	p0133	115720	L7112
p0141_7520	p0141	115728	L7113
p0147_7521	p0147	115735	L7114
p0148_7522	p0148	115737	L7115
p0158_7523	p0158	115748	L7116
p0160_7524	p0160	115750	L7117
p0161_7525	p0161	115752	L7118
p0188_7526	p0188	115786	L7119
p0213_7527	p0213	115812	L7120
p0214_7528	p0214	115813	L7121
p0215_7529	p0215	115814	L7122
p0215_7530	p0215	115814	L7123
p0217_7531	p0217	115818	L7124
p0223_7532	p0223	115825	L7125
p0223_7533	p0223	115825	L7126
p0223_7534	p0223	115825	L7127
p0223_7535	p0223	115825	L7128
p0223_7536	p0223	115825	L7129
p0276_7538	p0276	115892	L7130
p0276_7539	p0276	115892	L7131
p0279_7540	p0279	115895	L7132
p0351_7541	p0351	115984	L7133
p0361_7542	p0361	115995	L7134
p0367_7543	p0367	116001	L7135
p0367_7544	p0367	116001	L7136
p0390_7547	p0390	116030	L7137
p0391_7548	p0391	116031	L7138
p0410_7549	p0410	116051	L7139
p0411_7550	p0411	116052	L7140
p0413_7551	p0413	116054	L7141
p0419_7552	p0419	116061	L7142
p0442_7553	p0442	116085	L7143
p0459_7554	p0459	116104	L7144
p0468_7555	p0468	116114	L7145
p0468_7556	p0468	116114	L7146
p0472_7557	p0472	116118	L7147
p0477_7558	p0477	116123	L7148
p0477_7559	p0477	116123	L7149
p0481_7560	p0481	116127	L7150
p0496_7561	p0496	116142	L7151
p0497_7562	p0497	116144	L7152
p0513_7563	p0513	116164	L7153
p0517_7564	p0517	116168	L7154
p0523_7565	p0523	116174	L7155
p0529_7566	p0529	116181	L7156
p0540_7567	p0540	116193	L7157
p0543_7568	p0543	116196	L7158
p0544_7569	p0544	116197	L7159
p0549_7570	p0549	116202	L7160
p0566_7571	p0566	116223	L7161
p0586_7572	p0586	116246	L7162
p0586_7573	p0586	116246	L7163
p0589_7574	p0589	116252	L7164
p0592_7575	p0592	116255	L7165
p0600_7576	p0600	116265	L7166
p0606_7577	p0606	116274	L7167
p0607_7578	p0607	116275	L7168
p0607_sc_7579	p0607_sc	116276	L7169
p0610_7580	p0610	116279	L7170
p0614_7581	p0614	116283	L7171
p0616_7582	p0616	116285	L7172
p0616_7583	p0616	116285	L7173
p0616_7584	p0616	116285	L7174
p0616_7585	p0616	116285	L7175
p0619_7586	p0619	116288	L7176
p0632_7587	p0632	116303	L7177
p0635_7588	p0635	116307	L7178
p0639_7589	p0639	116311	L7179
p0644_7590	p0644	116316	L7180
p0659_7591	p0659	116332	L7181
p0668_7592	p0668	116341	L7182
p0670_7593	p0670	116343	L7183
p0670_7594	p0670	116343	L7184
p0670_7595	p0670	116343	L7185
p0688_7596	p0688	116364	L7186
p0692_7597	p0692	116368	L7187
p0724_7598	p0724	116404	L7188
p0725_7599	p0725	116405	L7189
p0727_7600	p0727	116407	L7190
p0727_7601	p0727	116407	L7191
p0736_7602	p0736	116417	L7192
p0736_7603	p0736	116417	L7193
p0736_7604	p0736	116417	L7194
p0736_7605	p0736	116417	L7195
p0736_7606	p0736	116417	L7196
p0736_7607	p0736	116417	L7197
p0738_7609	p0738	116419	L7198
p0757_7610	p0757	116443	L7199
p0757_7611	p0757	116443	L7200
p0757_7612	p0757	116443	L7201
p0757_7613	p0757	116443	L7202
p0757_7614	p0757	116443	L7203
p0762_7615	p0762	116448	L7204
p0769_7616	p0769	116455	L7205
p0785_7617	p0785	116472	L7206
p0787_7618	p0787	116474	L7207
p0796_7619	p0796	116485	L7208
p0805_7620	p0805	116497	L7209
p0809_7621	p0809	116501	L7210
p0814_7622	p0814	116506	L7211
p0819_7623	p0819	116512	L7212
p0821_7624	p0821	116514	L7213
p0871_7625	p0871	116575	L7214
p0873_7626	p0873	116577	L7215
p0876_7627	p0876	116580	L7216
p0879_7628	p0879	116583	L7217
p0880_7629	p0880	116584	L7218
p0881_7630	p0881	116585	L7219
p0882_7631	p0882	116586	L7220
p0885_7632	p0885	116589	L7221
p0889_7633	p0889	116593	L7222
p0891_7634	p0891	116595	L7223
p0898_7635	p0898	116602	L7224
p0900_7636	p0900	116604	L7225
p0904_7637	p0904	116608	L7226
p0905_7638	p0905	116609	L7227
p0913_7639	p0913	116617	L7228
p0913_7640	p0913	116617	L7229
p0914_7641	p0914	116618	L7230
p0915_7642	p0915	116619	L7231
p0921_7643	p0921	116625	L7232
p0922_7644	p0922	116626	L7233
p0927_7645	p0927	116631	L7234
p0928_7646	p0928	116632	L7235
p0928_7647	p0928	116632	L7236
p0928_7648	p0928	116632	L7237
p0929_7649	p0929	116633	L7238
p0929_7650	p0929	116633	L7239
p0930_7651	p0930	116634	L7240
p0932_7652	p0932	116636	L7241
p0933_7653	p0933	116637	L7242
p0934_7654	p0934	116638	L7243
p0939_7655	p0939	116643	L7244
p0941_7656	p0941	116645	L7245
p0942_7657	p0942	116646	L7246
p0948_7658	p0948	116652	L7247
p0949_7659	p0949	116653	L7248
p0949_7660	p0949	116653	L7249
p0949_7661	p0949	116654	L7250
p0949_7662	p0949	116654	L7251
p0951_7663	p0951	116656	L7252
p0955_7664	p0955	116660	L7253
p0957_7665	p0957	116662	L7254
p0958_7666	p0958	116663	L7255
p0962_7667	p0962	116667	L7256
p0966_7668	p0966	116671	L7257
p0967_7669	p0967	116672	L7258
p0968_7670	p0968	116673	L7259
p0968_7671	p0968	116673	L7260
p0972_7672	p0972	116677	L7261
p0976_7673	p0976	116682	L7262
p0976_7674	p0976	116682	L7263
p0976_7675	p0976	116682	L7264
p0978_7677	p0978	116684	L7265
p0980_7678	p0980	116686	L7266
p0980_7679	p0980	116686	L7267
p0983_7680	p0983	116689	L7268
p0983_7681	p0983	116689	L7269
p0984_7682	p0984	116690	L7270
p0985_7683	p0985	116691	L7271
p0986_7684	p0986	116692	L7272
p0988_7685	p0988	116694	L7273
p0990_7686	p0990	116696	L7274
p0992_7687	p0992	116698	L7275
p0992_7688	p0992	116698	L7276
p0994_7689	p0994	116700	L7277
p0995_7690	p0995	116701	L7278
p0998_7692	p0998	116704	L7279
p1003_7693	p1003	116709	L7280
p1008_7694	p1008	116714	L7281
p1011_7695	p1011	116717	L7282
p1012_7696	p1012	116718	L7283
p1013_7697	p1013	116719	L7284
p1016_7700	p1016	116722	L7285
p1020_7701	p1020	116726	L7286
p1022_7702	p1022	116728	L7287
p1028_7703	p1028	116734	L7288
p1032_7704	p1032	116738	L7289
p1033_7706	p1033	116739	L7290
p1035_7707	p1035	116741	L7291
p1036_7708	p1036	116742	L7292
p1037_7709	p1037	116743	L7293
p1039_7710	p1039	116745	L7294
p1039_7711	p1039	116745	L7295
p1040_7712	p1040	116746	L7296
p1041_7713	p1041	116747	L7297
p1043_7714	p1043	116749	L7298
p1050_7715	p1050	116757	L7299
p1052_7716	p1052	116759	L7300
p1053_7717	p1053	116760	L7301
p1054_7718	p1054	116761	L7302
p1062_7719	p1062	116769	L7303
p1065_7720	p1065	116774	L7304
p1078_7721	p1078	116788	L7305
p1079_7722	p1079	116789	L7306
p1079_7723	p1079	116789	L7307
p1081_7724	p1081	116791	L7308
p1082_7727	p1082	116792	L7309
p1083_7728	p1083	116793	L7310
p1086_7729	p1086	116796	L7311
p1092_7732	p1092	116802	L7312
p1093_7733	p1093	116803	L7313
p1106_7734	p1106	116816	L7314
p1107_7736	p1107	116817	L7315
p1108_7737	p1108	116818	L7316
p1111_7738	p1111	116821	L7317
p1118_7739	p1118	116829	L7318
p1119_7740	p1119	116830	L7319
p1127_7741	p1127	116838	L7320
p1128_7742	p1128	116839	L7321
p1129_7743	p1129	116840	L7322
p1130_7744	p1130	116841	L7323
p1132_7745	p1132	116843	L7324
p1138_7746	p1138	116849	L7325
p1139_7747	p1139	116850	L7326
p1143_7748	p1143	116854	L7327
p1144_7749	p1144	116855	L7328
p1146_7750	p1146	116857	L7329
p1147_7751	p1147	116858	L7330
p1149_7752	p1149	116860	L7331
p1149_7753	p1149	116860	L7332
p1149_7754	p1149	116860	L7333
p1152_7755	p1152	116863	L7334
p1153_7756	p1153	116864	L7335
p1154_7757	p1154	116865	L7336
p1156_7758	p1156	116867	L7337
p1157_7759	p1157	116868	L7338
p1161_7760	p1161	116872	L7339
p1163_7761	p1163	116874	L7340
p1165_7762	p1165	116876	L7341
p1166_7763	p1166	116877	L7342
p1169_7764	p1169	116880	L7343
p1170_7765	p1170	116881	L7344
p1171_7766	p1171	116882	L7345
p1174_7767	p1174	116886	L7346
p1176_7768	p1176	116888	L7347
p1177_7769	p1177	116889	L7348
p1179_7770	p1179	116891	L7349
p1180_7771	p1180	116892	L7350
p1182_7772	p1182	116894	L7351
p1183_7773	p1183	116895	L7352
p1190_7774	p1190	116902	L7353
p1191_7775	p1191	116903	L7354
p1192_7776	p1192	116904	L7355
p1196_7777	p1196	116908	L7356
p1196_sc_7778	p1196_sc	116909	L7357
p1200_7779	p1200	116913	L7358
p1210_7780	p1210	116924	L7359
p1213_7781	p1213	116928	L7360
p1228_7782	p1228	116943	L7361
p1228_7783	p1228	116943	L7362
p1230_7784	p1230	116945	L7363
p1237_7785	p1237	116952	L7364
p1253_7786	p1253	116968	L7365
p1293_7787	p1293	117010	L7366
p1295_7788	p1295	117012	L7367
p1300_7789	p1300	117017	L7368
p1303_7790	p1303	117020	L7369
p1303_7791	p1303	117020	L7370
p1303_7792	p1303	117020	L7371
p1308_7795	p1308	117025	L7372
p1310_7796	p1310	117027	L7373
p1311_7797	p1311	117028	L7374
p1312_7798	p1312	117029	L7375
p1315_7799	p1315	117032	L7376
p1319_7800	p1319	117036	L7377
p1319_7801	p1319	117036	L7378
p1324_7802	p1324	117041	L7379
p1325_7803	p1325	117042	L7380
p1325_7804	p1325	117042	L7381
p1327_7805	p1327	117044	L7382
p1330_7806	p1330	117047	L7383
p1331_7807	p1331	117048	L7384
p1332_7808	p1332	117049	L7385
p1337_7809	p1337	117054	L7386
p1338_7810	p1338	117055	L7387
p1339_7811	p1339	117056	L7388
p1341_7812	p1341	117059	L7389
p1341_7813	p1341	117058	L7390
p1341_7814	p1341	117059	L7391
p1343_7815	p1343	117061	L7392
p1344_7816	p1344	117062	L7393
p1352_7817	p1352	117070	L7394
p1352_7818	p1352	117070	L7395
p1352_7819	p1352	117070	L7396
p1354_7821	p1354	117072	L7397
p1355_7822	p1355	117073	L7398
p1356_7823	p1356	117074	L7399
p1357_7824	p1357	117075	L7400
p1362_7825	p1362	117080	L7401
p1367_7827	p1367	117085	L7402
p1374_7828	p1374	117092	L7403
p1375_7829	p1375	117093	L7404
p1376_7830	p1376	117094	L7405
p1378_7831	p1378	117096	L7406
p1379_7833	p1379	117097	L7407
p1379_7834	p1379	117097	L7408
p1382_7836	p1382	117101	L7409
p1384_7837	p1384	117103	L7410
p1384_7838	p1384	117103	L7411
p1388_7839	p1388	117107	L7412
p1391_7840	p1391	117110	L7413
p1394_7841	p1394	117113	L7414
p1395_7842	p1395	117114	L7415
p1396_7843	p1396	117115	L7416
p1406_7844	p1406	117125	L7417
p1411_7845	p1411	117130	L7418
p1413_7846	p1413	117132	L7419
p1417_7847	p1417	117136	L7420
p1420_7848	p1420	117139	L7421
p1422_7849	p1422	117141	L7422
p1427_7851	p1427	117146	L7423
p1427_7852	p1427	117146	L7424
p1436_7853	p1436	117155	L7425
p1437_7854	p1437	117156	L7426
p1438_7855	p1438	117157	L7427
p1439_7856	p1439	117158	L7428
p1446_7857	p1446	117167	L7429
p1447_7858	p1447	117168	L7430
p1450_7859	p1450	117171	L7431
p1454_7860	p1454	117176	L7432
p1455_7861	p1455	117177	L7433
p1460_7862	p1460	117183	L7434
p1463_7863	p1463	117186	L7435
p1472_7864	p1472	117195	L7436
p1477_7865	p1477	117200	L7437
p1483_7866	p1483	117207	L7438
p1487_7867	p1487	117212	L7439
p1493_7868	p1493	117218	L7440
p1496_7869	p1496	117221	L7441
p1496_7870	p1496	117221	L7442
p1500_7871	p1500	117225	L7443
p1500_7872	p1500	117225	L7444
p1502_7873	p1502	117227	L7445
p1504_7874	p1504	117229	L7446
p1505_7875	p1505	117230	L7447
p1506_7876	p1506	117231	L7448
p1508_7877	p1508	117233	L7449
p1508_7878	p1508	117233	L7450
p1512_7879	p1512	117238	L7451
p1516_7881	p1516	117242	L7452
p1516_7882	p1516	117242	L7453
p1520_7884	p1520	117246	L7454
p1521_7885	p1521	117247	L7455
p1524_7886	p1524	117250	L7456
p1525_7887	p1525	117251	L7457
p1529_7889	p1529	117255	L7458
p1530_7890	p1530	117256	L7459
p1533_7891	p1533	117259	L7460
p1535_7892	p1535	117261	L7461
p1536_7893	p1536	117262	L7462
p1537_7894	p1537	117263	L7463
p1539_7895	p1539	117265	L7464
p1543_7896	p1543	117269	L7465
p1545_7897	p1545	117271	L7466
p1549_7898	p1549	117275	L7467
p1550_7899	p1550	117276	L7468
p1552_7900	p1552	117278	L7469
p1554_7901	p1554	117280	L7470
p1559_7902	p1559	117286	L7471
p1562_7903	p1562	117289	L7472
p1563_7904	p1563	117290	L7473
p1567_7905	p1567	117294	L7474
p1567_7906	p1567	117294	L7475
p1571_7907	p1571	117299	L7476
p1571_sc_7908	p1571_sc	117298	L7477
p1575_7909	p1575	117303	L7478
p1576_7910	p1576	117304	L7479
p1577_7911	p1577	117305	L7480
p1578_7912	p1578	117306	L7481
p1581_7913	p1581	117309	L7482
p1586_7914	p1586	117314	L7483
p1587_7915	p1587	117315	L7484
p1591_7916	p1591	117319	L7485
p1595_7917	p1595	117323	L7486
p1596_7918	p1596	117324	L7487
p1605_7919	p1605	117333	L7488
p1605_7920	p1605	117333	L7489
p1605_7921	p1605	117333	L7490
p1607_7922	p1607	117335	L7491
p1609_7923	p1609	117337	L7492
p1612_7924	p1612	117340	L7493
p1613_7925	p1613	117341	L7494
p1613_7926	p1613	117341	L7495
p1618_7928	p1618	117346	L7496
p1621_7929	p1621	117349	L7497
p1623_7930	p1623	117351	L7498
p1624_7931	p1624	117352	L7499
p1625_7932	p1625	117353	L7500
p1626_7933	p1626	117354	L7501
p1627_7934	p1627	117355	L7502
p1628_7935	p1628	117356	L7503
p1630_7936	p1630	117358	L7504
p1631_7937	p1631	117359	L7505
p1632_7938	p1632	117360	L7506
p1634_7939	p1634	117362	L7507
p1642_7940	p1642	117371	L7508
p1644_7941	p1644	117373	L7509
p1646_7942	p1646	117375	L7510
p1648_7943	p1648	117377	L7511
p1649_7944	p1649	117378	L7512
p1650_7945	p1650	117379	L7513
p1651_7946	p1651	117380	L7514
p1653_7947	p1653	117382	L7515
p1653_7948	p1653	117382	L7516
p1654_7949	p1654	117383	L7517
p1654_7950	p1654	117383	L7518
p1657_7951	p1657	117386	L7519
p1658_7952	p1658	117387	L7520
p1660_7953	p1660	117389	L7521
p1661_7954	p1661	117390	L7522
p1662_7955	p1662	117391	L7523
p1664_7956	p1664	117393	L7524
p1665_7957	p1665	117394	L7525
p1671_7958	p1671	117400	L7526
p1671_sc_7959	p1671_sc	117401	L7527
p1674_7960	p1674	117404	L7528
p1675_7961	p1675	117405	L7529
p1676_7962	p1676	117406	L7530
p1677_7963	p1677	117407	L7531
p1678_7964	p1678	117408	L7532
p1680_7965	p1680	117410	L7533
p1680_7966	p1680	117410	L7534
p1681_7967	p1681	117411	L7535
p1683_7968	p1683	117413	L7536
p1685_7971	p1685	117415	L7537
p1687_7972	p1687	117417	L7538
p1691_7973	p1691	117421	L7539
p1691_7974	p1691	117421	L7540
p1691_7975	p1691	117421	L7541
p1695_7976	p1695	117425	L7542
p1697_7977	p1697	117427	L7543
p1700_7978	p1700	117431	L7544
p1703_7979	p1703	117434	L7545
p1705_7980	p1705	117436	L7546
p1709_7981	p1709	117440	L7547
p1712_7982	p1712	117443	L7548
p1713_7983	p1713	117444	L7549
p1714_7984	p1714	117445	L7550
p1715_7985	p1715	117446	L7551
p1719_7986	p1719	117450	L7552
p1720_7987	p1720	117451	L7553
p1724_7988	p1724	117455	L7554
p1726_7989	p1726	117457	L7555
p1726_7990	p1726	117457	L7556
p1730_7991	p1730	117461	L7557
p1737_7992	p1737	117468	L7558
p1738_7993	p1738	117469	L7559
p1743_7994	p1743	117476	L7560
p1745_7995	p1745	117478	L7561
p1746_7996	p1746	117479	L7562
p1748_7997	p1748	117481	L7563
p1750_7998	p1750	117484	L7564
p1753_7999	p1753	117487	L7565
p1753_8000	p1753	117487	L7566
p1754_8001	p1754	117488	L7567
p1755_8002	p1755	117489	L7568
p1757_8004	p1757	117491	L7569
p1758_8005	p1758	117492	L7570
p1760_8006	p1760	117494	L7571
p1760_8007	p1760	117494	L7572
p1761_8008	p1761	117495	L7573
p1764_8009	p1764	117498	L7574
p1764_8010	p1764	117498	L7575
p1770_8012	p1770	117504	L7576
p1799_8013	p1799	117537	L7577
p1799_8014	p1799	117537	L7578
p1808_8015	p1808	117548	L7579
p1809_8016	p1809	117549	L7580
p1809_8017	p1809	117549	L7581
p1814_8019	p1814	117554	L7582
p1851_8020	p1851	117597	L7583
p1915_8021	p1915	117665	L7584
p1928_8022	p1928	117678	L7585
p1928_8023	p1928	117678	L7586
p1967_8024	p1967	117720	L7587
p1967_8025	p1967	117720	L7588
p1977_8026	p1977	117730	L7589
p1979_8027	p1979	117732	L7590
p1979_sc_8028	p1979_sc	117732	L7591
p2013_8029	p2013	117766	L7592
p2025_8030	p2025	117780	L7593
p2043_8032	p2043	117803	L7594
p2043_8033	p2043	117803	L7595
p2046_8034	p2046	117806	L7596
p2046_8035	p2046	117806	L7597
p2049_8036	p2049	117809	L7598
p2049_sc_8037	p2049_sc	117810	L7599
p2052_8038	p2052	117814	L7600
p2053_8039	p2053	117816	L7601
p2068_8040	p2068	117835	L7602
p2070_8041	p2070	117838	L7603
p2081_8042	p2081	117852	L7604
p2084_8043	p2084	117857	L7605
p2087_8044	p2087	117860	L7606
p2088_8045	p2088	117861	L7607
p2089_8046	p2089	117862	L7608
p2092_8047	p2092	117865	L7609
p2094_8048	p2094	117868	L7610
p2094_8049	p2094	117868	L7611
p2111_8050	p2111	117886	L7612
p2113_8051	p2113	117888	L7613
p2113_8052	p2113	117888	L7614
p2115_8053	p2115	117891	L7615
p2126_8054	p2126	117903	L7616
p2128_8055	p2128	117905	L7617
p2128_8056	p2128	117906	L7618
p2130_8057	p2130	117908	L7619
p2132_8058	p2132	117910	L7620
p2137_8059	p2137	117918	L7621
p2157_8060	p2157	117944	L7622
p2159_8061	p2159	117946	L7623
p2168_8062	p2168	117955	L7624
p2172_8063	p2172	117960	L7625
p2218_8064	p2218	118010	L7626
p2221_8065	p2221	118013	L7627
p2226_8066	p2226	118019	L7628
p2227_8067	p2227	118020	L7629
p2238_8068	p2238	118032	L7630
p2241_8069	p2241	118035	L7631
p2251_8070	p2251	118047	L7632
p2255_8071	p2255	118053	L7633
p2263_8072	p2263	118061	L7634
p2272_8073	p2272	118073	L7635
p2278_8074	p2278	118082	L7636
p2279_8075	p2279	118083	L7637
p2300_8076	p2300	118110	L7638
p2300_8077	p2300	118109	L7639
p2300_8078	p2300	118110	L7640
p2303_8079	p2303	118113	L7641
p2306_8080	p2306	118116	L7642
p2320_8081	p2320	118131	L7643
p2320_8082	p2320	118131	L7644
p2333_8083	p2333	118144	L7645
p2348_8084	p2348	118160	L7646
p2348_8085	p2348	118160	L7647
p2348_8086	p2348	118160	L7648
p2352_8087	p2352	118164	L7649
p2361_8088	p2361	118174	L7650
p2363_8089	p2363	118176	L7651
p2374_8090	p2374	118191	L7652
p2377_8091	p2377	118194	L7653
p2381_8092	p2381	118199	L7654
p2384_8093	p2384	118202	L7655
p2384_8094	p2384	118202	L7656
p2384_8095	p2384	118202	L7657
p2429_8096	p2429	118257	L7658
p2441_8097	p2441	118271	L7659
p2455_8098	p2455	118285	L7660
p2455_8099	p2455	118285	L7661
p2463_8100	p2463	118293	L7662
p2466_8101	p2466	118297	L7663
p2469_8102	p2469	118300	L7664
p2473_8103	p2473	118305	L7665
p2474_8104	p2474	118306	L7666
p2476_8105	p2476	118308	L7667
p2479_8106	p2479	118312	L7668
p2539_8107	p2539	118387	L7669
p2555_8108	p2555	118406	L7670
p2562_8109	p2562	118414	L7671
p2584_8113	p2584	118439	L7672
p2600_8114	p2600	118456	L7673
p2602_8115	p2602	118459	L7674
p2615_8116	p2615	118473	L7675
p2635_8117	p2635	118497	L7676
p2635_8118	p2635	118497	L7677
p2635_8119	p2635	118497	L7678
p2635_8120	p2635	118497	L7679
p2638_8121	p2638	118500	L7680
p2638_8122	p2638	118500	L7681
p2638_8123	p2638	118500	L7682
p2642_8124	p2642	118504	L7683
p2653_8125	p2653	118518	L7684
p2671_8126	p2671	118540	L7685
p2681_8127	p2681	118550	L7686
p2681_8128	p2681	118550	L7687
p2695_8129	p2695	118567	L7688
p2695_8130	p2695	118567	L7689
p2696_8131	p2696	118568	L7690
p2697_8132	p2697	118569	L7691
p2710_8134	p2710	118583	L7692
p2714_8135	p2714	118587	L7693
p2717_8136	p2717	118592	L7694
p2731_8138	p2731	118607	L7695
p2733_8139	p2733	118609	L7696
p2741_8140	p2741	118617	L7697
p2744_8141	p2744	118621	L7698
p2751_8142	p2751	118629	L7699
p2753_8143	p2753	118634	L7700
p2765_8144	p2765	118648	L7701
p2774_8145	p2774	118658	L7702
p2775_8146	p2775	118659	L7703
p2776_8147	p2776	118660	L7704
p2778_8148	p2778	118666	L7705
p2779_8149	p2779	118667	L7706
p2782_8150	p2782	118670	L7707
p2782_8151	p2782	118670	L7708
p2790_8153	p2790	118681	L7709
p2792_8154	p2792	118683	L7710
p2794_8155	p2794	118685	L7711
p2795_8156	p2795	118686	L7712
p2795_8157	p2795	118686	L7713
p2796_8158	p2796	118687	L7714
p2798_8159	p2798	118689	L7715
p2805_8160	p2805	118696	L7716
p2810_8161	p2810	118701	L7717
p2810_8162	p2810	118701	L7718
p2815_8163	p2815	118706	L7719
p2817_8164	p2817	118708	L7720
p2819_8165	p2819	118710	L7721
p2820_8166	p2820	118711	L7722
p2825_8167	p2825	118717	L7723
p2829_8168	p2829	118721	L7724
p2832_8169	p2832	118724	L7725
p2832_8170	p2832	118724	L7726
p2838_8171	p2838	118730	L7727
p2841_8172	p2841	118733	L7728
p2842_8173	p2842	118734	L7729
p2842_8174	p2842	118734	L7730
p2843_8175	p2843	118735	L7731
p2847_8176	p2847	118739	L7732
p2850_8177	p2850	118743	L7733
p2857_8178	p2857	118751	L7734
p2860_8179	p2860	118755	L7735
p2861_8180	p2861	118757	L7736
p2861_8181	p2861	118756	L7737
p2868_8183	p2868	118764	L7738
p2871_8184	p2871	118767	L7739
p2872_8185	p2872	118768	L7740
p2873_8186	p2873	118769	L7741
p2874_8187	p2874	118770	L7742
p2877_8188	p2877	118773	L7743
p2880_8189	p2880	118778	L7744
p2881_8190	p2881	118779	L7745
p2883_8191	p2883	118781	L7746
p2884_8192	p2884	118782	L7747
p2886_8193	p2886	118784	L7748
p2889_8194	p2889	118789	L7749
p2890_8195	p2890	118790	L7750
p2892_8196	p2892	118792	L7751
p2893_8197	p2893	118793	L7752
p2893_8198	p2893	118793	L7753
p2898_8201	p2898	118799	L7754
p2899_8202	p2899	118800	L7755
p2903_8203	p2903	118804	L7756
p2903_8204	p2903	118804	L7757
p2910_8205	p2910	118812	L7758
p2912_8206	p2912	118814	L7759
p2916_8207	p2916	118818	L7760
p2928_8208	p2928	118832	L7761
p2929_8209	p2929	118833	L7762
p2936_8210	p2936	118840	L7763
p2940_8211	p2940	118844	L7764
p2942_8212	p2942	118846	L7765
p2947_8213	p2947	118853	L7766
p2948_8214	p2948	118854	L7767
p2951_8215	p2951	118858	L7768
p2952_8216	p2952	118859	L7769
p2954_8217	p2954	118861	L7770
p2957_8218	p2957	118865	L7771
p2959_8219	p2959	118867	L7772
p2960_8220	p2960	118868	L7773
p2960_8221	p2960	118868	L7774
p2961_8222	p2961	118869	L7775
p2962_8223	p2962	118870	L7776
p2967_8226	p2967	118875	L7777
p2977_8227	p2977	118886	L7778
p2983_8229	p2983	118892	L7779
p2985_8230	p2985	118894	L7780
p2987_8231	p2987	118896	L7781
p2989_8232	p2989	118898	L7782
p2990_8233	p2990	118899	L7783
p2990_8234	p2990	118899	L7784
p2994_8235	p2994	118903	L7785
p2995_8236	p2995	118904	L7786
p2996_8237	p2996	118905	L7787
p3000_8238	p3000	118909	L7788
p3001_8239	p3001	118910	L7789
p3002_8240	p3002	118911	L7790
p3003_8241	p3003	118912	L7791
p3005_8242	p3005	118914	L7792
p3006_8243	p3006	118915	L7793
p3008_8244	p3008	118917	L7794
p3009_8245	p3009	118918	L7795
p3011_8246	p3011	118920	L7796
p3012_8247	p3012	118921	L7797
p3013_8248	p3013	118922	L7798
p3014_8249	p3014	118924	L7799
p3014_8250	p3014	118923	L7800
p3016_8251	p3016	118926	L7801
p3017_8252	p3017	118927	L7802
p3019_8253	p3019	118929	L7803
p3020_8254	p3020	118930	L7804
p3022_8255	p3022	118932	L7805
p3023_8256	p3023	118933	L7806
p3024_8257	p3024	118934	L7807
p3025_8258	p3025	118935	L7808
p3029_8259	p3029	118939	L7809
p3031_8260	p3031	118941	L7810
p3036_8261	p3036	118946	L7811
p3037_8262	p3037	118947	L7812
p3037_8263	p3037	118947	L7813
p3039_8264	p3039	118949	L7814
p3041_8265	p3041	118951	L7815
p3042_8266	p3042	118952	L7816
p3043_8267	p3043	118953	L7817
p3044_8268	p3044	118954	L7818
p3045_8269	p3045	118955	L7819
p3046_8270	p3046	118956	L7820
p3046_8271	p3046	118956	L7821
p3048_8272	p3048	118958	L7822
p3049_8273	p3049	118959	L7823
p3052_8274	p3052	118962	L7824
p3053_8275	p3053	118963	L7825
p3055_8276	p3055	118965	L7826
p3056_8277	p3056	118966	L7827
p3062_8278	p3062	118972	L7828
p3068_8279	p3068	118978	L7829
p3069_8280	p3069	118979	L7830
p3070_8281	p3070	118980	L7831
p3073_8282	p3073	118983	L7832
p3077_8283	p3077	118987	L7833
p3078_8284	p3078	118988	L7834
p3080_8285	p3080	118990	L7835
p3082_8286	p3082	118992	L7836
p3084_8287	p3084	118994	L7837
p3086_8288	p3086	118996	L7838
p3088_8289	p3088	118998	L7839
p3089_8290	p3089	118999	L7840
p3094_8291	p3094	119004	L7841
p3095_8292	p3095	119005	L7842
p3096_8293	p3096	119006	L7843
p3097_8294	p3097	119007	L7844
p3102_8295	p3102	119012	L7845
p3105_8296	p3105	119015	L7846
p3106_8297	p3106	119016	L7847
p3108_8298	p3108	119018	L7848
p3109_8299	p3109	119019	L7849
p3110_8300	p3110	119020	L7850
p3113_8301	p3113	119023	L7851
p3114_8302	p3114	119024	L7852
p3116_8303	p3116	119027	L7853
p3117_8304	p3117	119028	L7854
p3118_8305	p3118	119030	L7855
p3124_8306	p3124	119036	L7856
p3126_8307	p3126	119038	L7857
p3127_8308	p3127	119039	L7858
p3130_8309	p3130	119042	L7859
p3131_8310	p3131	119043	L7860
p3131_8311	p3131	119043	L7861
p3133_8312	p3133	119045	L7862
p3133_8313	p3133	119045	L7863
p3140_8314	p3140	119052	L7864
p3140_8315	p3140	119052	L7865
p3141_8316	p3141	119053	L7866
p3141_8317	p3141	119053	L7867
p3143_8318	p3143	119055	L7868
p3144_8319	p3144	119056	L7869
p3145_8321	p3145	119057	L7870
p3147_8322	p3147	119059	L7871
p3147_8323	p3147	119059	L7872
p3147_8324	p3147	119059	L7873
p3147_8325	p3147	119059	L7874
p3149_8326	p3149	119061	L7875
p3150_8327	p3150	119062	L7876
p3151_8328	p3151	119063	L7877
p3153_8329	p3153	119065	L7878
p3156_8330	p3156	119068	L7879
p3160_8331	p3160	119072	L7880
p3161_8332	p3161	119073	L7881
p3164_8333	p3164	119076	L7882
p3166_8334	p3166	119078	L7883
p3172_8335	p3172	119084	L7884
p3174_8336	p3174	119086	L7885
p3175_8337	p3175	119087	L7886
p3176_8338	p3176	119088	L7887
p3178_8339	p3178	119090	L7888
p3180_8340	p3180	119093	L7889
p3180_8341	p3180	119092	L7890
p3182_8342	p3182	119095	L7891
p3183_8343	p3183	119096	L7892
p3184_8344	p3184	119097	L7893
p3185_8345	p3185	119098	L7894
p3186_8346	p3186	119099	L7895
p3191_8347	p3191	119104	L7896
p3193_8348	p3193	119106	L7897
p3195_8349	p3195	119108	L7898
p3195_8350	p3195	119108	L7899
p3196_8351	p3196	119109	L7900
p3198_8352	p3198	119111	L7901
p3202_8353	p3202	119115	L7902
p3204_8354	p3204	119117	L7903
p3205_8355	p3205	119118	L7904
p3206_8358	p3206	119119	L7905
p3211_8359	p3211	119124	L7906
p3215_8360	p3215	119128	L7907
p3219_8361	p3219	119132	L7908
p3222_8362	p3222	119135	L7909
p3225_8363	p3225	119138	L7910
p3226_8364	p3226	119139	L7911
p3231_8365	p3231	119144	L7912
p3234_8366	p3234	119148	L7913
p3236_8367	p3236	119150	L7914
p3241_8368	p3241	119156	L7915
p3242_8369	p3242	119157	L7916
p3247_8370	p3247	119162	L7917
p3247_8371	p3247	119162	L7918
p3249_8372	p3249	119164	L7919
p3249_8373	p3249	119164	L7920
p3252_8374	p3252	119167	L7921
p3255_8375	p3255	119170	L7922
p3256_8376	p3256	119171	L7923
p3258_8377	p3258	119173	L7924
p3259_8378	p3259	119174	L7925
p3259_8379	p3259	119174	L7926
p3262_8380	p3262	119177	L7927
p3262_8381	p3262	119177	L7928
p3266_8382	p3266	119181	L7929
p3267_8383	p3267	119182	L7930
p3267_8384	p3267	119182	L7931
p3267_8385	p3267	119182	L7932
p3270_8386	p3270	119185	L7933
p3276_8387	p3276	119191	L7934
p3277_8388	p3277	119192	L7935
p3280_8389	p3280	119198	L7936
p3282_8390	p3282	119200	L7937
p3283_8391	p3283	119201	L7938
p3287_8392	p3287	119205	L7939
p3292_8393	p3292	119210	L7940
p3293_8394	p3293	119211	L7941
p3296_8395	p3296	119214	L7942
p3300_8396	p3300	119218	L7943
p3302_8397	p3302	119220	L7944
p3303_8398	p3303	119221	L7945
p3304_8399	p3304	119222	L7946
p3306_8400	p3306	119224	L7947
p3307_8401	p3307	119225	L7948
p3308_8402	p3308	119226	L7949
p3309_8403	p3309	119227	L7950
p3310_8404	p3310	119228	L7951
p3314_8405	p3314	119232	L7952
p3320_8406	p3320	119239	L7953
p3323_8407	p3323	119242	L7954
p3325_8408	p3325	119244	L7955
p3327_8409	p3327	119246	L7956
p3327_8410	p3327	119246	L7957
p3327_8411	p3327	119246	L7958
p3329_8412	p3329	119249	L7959
p3330_8413	p3330	119250	L7960
p3332_8414	p3332	119252	L7961
p3335_8415	p3335	119255	L7962
p3336_8416	p3336	119256	L7963
p3338_8417	p3338	119258	L7964
p3343_8418	p3343	119263	L7965
p3345_8419	p3345	119265	L7966
p3345_8420	p3345	119265	L7967
p3347_8421	p3347	119267	L7968
p3347_8422	p3347	119267	L7969
p3354_8423	p3354	119274	L7970
p3355_8424	p3355	119275	L7971
p3356_8425	p3356	119276	L7972
p3357_8426	p3357	119277	L7973
p3358_8427	p3358	119278	L7974
p3360_8428	p3360	119280	L7975
p3361_8429	p3361	119281	L7976
p3362_8430	p3362	119282	L7977
p3362_8431	p3362	119282	L7978
p3365_8432	p3365	119285	L7979
p3367_8433	p3367	119288	L7980
p3368_8434	p3368	119289	L7981
p3369_8435	p3369	119290	L7982
p3370_8436	p3370	119291	L7983
p3372_8437	p3372	119293	L7984
p3373_8440	p3373	119294	L7985
p3375_8441	p3375	119296	L7986
p3376_8443	p3376	119297	L7987
p3377_8444	p3377	119298	L7988
p3378_8445	p3378	119299	L7989
p3380_8446	p3380	119301	L7990
p3381_8447	p3381	119302	L7991
p3382_8448	p3382	119303	L7992
p3383_8449	p3383	119304	L7993
p3385_8450	p3385	119306	L7994
p3386_8451	p3386	119307	L7995
p3387_8452	p3387	119308	L7996
p3388_8453	p3388	119309	L7997
p3390_8454	p3390	119311	L7998
p3392_8455	p3392	119314	L7999
p3393_8456	p3393	119315	L8000
p3394_8457	p3394	119316	L8001
p3395_8458	p3395	119317	L8002
p3396_8459	p3396	119318	L8003
p3398_8460	p3398	119320	L8004
p3400_8461	p3400	119322	L8005
p3401_8462	p3401	119323	L8006
p3402_8463	p3402	119324	L8007
p3408_8464	p3408	119332	L8008
p3410_8465	p3410	119334	L8009
p3411_8466	p3411	119335	L8010
p3412_8467	p3412	119336	L8011
p3413_8468	p3413	119337	L8012
p3415_8469	p3415	119339	L8013
p3418_8470	p3418	119342	L8014
p3419_8471	p3419	119343	L8015
p3419_sc_8472	p3419_sc	119344	L8016
p3421_8473	p3421	119346	L8017
p3427_8474	p3427	119355	L8018
p3428_8475	p3428	119356	L8019
p3429_8477	p3429	119357	L8020
p3431_8478	p3431	119359	L8021
p3435_8479	p3435	119364	L8022
p3436_8480	p3436	119366	L8023
p3436_8481	p3436	119366	L8024
p3438_8482	p3438	119368	L8025
p3441_8483	p3441	119371	L8026
p3443_8484	p3443	119373	L8027
p3444_8485	p3444	119374	L8028
p3445_8486	p3445	119375	L8029
p3449_8487	p3449	119379	L8030
p3452_8488	p3452	119382	L8031
p3453_8489	p3453	119383	L8032
p3454_8490	p3454	119384	L8033
p3456_8491	p3456	119386	L8034
p3461_8492	p3461	119392	L8035
p3465_8493	p3465	119396	L8036
p3496_8494	p3496	119430	L8037
p3497_8495	p3497	119431	L8038
p3497_8496	p3497	119432	L8039
p3497_8497	p3497	119432	L8040
p3497_8498	p3497	119432	L8041
p3499_8500	p3499	119434	L8042
p3499_8501	p3499	119434	L8043
p3502_8502	p3502	119437	L8044
p3506_8503	p3506	119441	L8045
p3513_8504	p3513	119448	L8046
p3569_8505	p3569	119506	L8047
p3575_8506	p3575	119512	L8048
p3590_8507	p3590	119530	L8049
p3618_8509	p3618	119559	L8050
p3620_8510	p3620	119561	L8051
p3623_8511	p3623	119564	L8052
p3623_8512	p3623	119564	L8053
p3634_8514	p3634	119577	L8054
p3639_8515	p3639	119582	L8055
p3641_8516	p3641	119584	L8056
p3652_8517	p3652	119595	L8057
p3654_8518	p3654	119597	L8058
p3656_8519	p3656	119599	L8059
p3657_8520	p3657	119600	L8060
p3659_8521	p3659	119602	L8061
p3662_8522	p3662	119605	L8062
p3665_8523	p3665	119610	L8063
p3666_8524	p3666	119612	L8064
p3673_8525	p3673	119620	L8065
p3678_8526	p3678	119625	L8066
p3679_8527	p3679	119626	L8067
p3681_8528	p3681	119628	L8068
p3683_8529	p3683	119630	L8069
p3687_8530	p3687	119634	L8070
p3691_8531	p3691	119638	L8071
p3692_8532	p3692	119639	L8072
p3699_8533	p3699	119646	L8073
p3700_8534	p3700	119647	L8074
p3704_8536	p3704	119651	L8075
p3705_8537	p3705	119652	L8076
p3708_8538	p3708	119655	L8077
p3708_8539	p3708	119655	L8078
p3709_8540	p3709	119656	L8079
p3712_8543	p3712	119659	L8080
p3721_8544	p3721	119668	L8081
p3729_8545	p3729	119676	L8082
p3731_8546	p3731	119678	L8083
p3732_8547	p3732	119679	L8084
p3732_8548	p3732	119679	L8085
p3734_8549	p3734	119681	L8086
p3738_8550	p3738	119685	L8087
p3747_8551	p3747	119696	L8088
p3752_8552	p3752	119701	L8089
p3756_8553	p3756	119705	L8090
p3763_8555	p3763	119712	L8091
p3764_8556	p3764	119714	L8092
p3767_8557	p3767	119717	L8093
p3771_8558	p3771	119721	L8094
p3772_8559	p3772	119722	L8095
p3773_8560	p3773	119723	L8096
p3774_8561	p3774	119724	L8097
p3777_8562	p3777	119727	L8098
p3779_8563	p3779	119729	L8099
p3780_8564	p3780	119730	L8100
p3783_8565	p3783	119735	L8101
p3787_8566	p3787	119740	L8102
p3790_8567	p3790	119743	L8103
p3794_8568	p3794	119747	L8104
p3795_8569	p3795	119748	L8105
p3796_8570	p3796	119749	L8106
p3797_8571	p3797	119751	L8107
p3797_8572	p3797	119751	L8108
p3800_8573	p3800	119754	L8109
p3804_8574	p3804	119759	L8110
p3810_8575	p3810	119765	L8111
p3810_8576	p3810	119765	L8112
p3815_8577	p3815	119770	L8113
p3816_8578	p3816	119771	L8114
p3819_8579	p3819	119774	L8115
p3822_8580	p3822	119777	L8116
p3827_8581	p3827	119782	L8117
p3828_8582	p3828	119783	L8118
p3834_8583	p3834	119789	L8119
p3835_8584	p3835	119790	L8120
p3836_8585	p3836	119791	L8121
p3836_8586	p3836	119791	L8122
p3837_8587	p3837	119792	L8123
p3840_8588	p3840	119795	L8124
p3843_8589	p3843	119798	L8125
p3850_8590	p3850	119805	L8126
p3852_8591	p3852	119807	L8127
p3856_8592	p3856	119811	L8128
p3857_8593	p3857	119812	L8129
p3858_8594	p3858	119813	L8130
p3867_8595	p3867	119823	L8131
p3870_8596	p3870	119826	L8132
p3873_8597	p3873	119830	L8133
p3874_8598	p3874	119831	L8134
p3877_8599	p3877	119834	L8135
p3878_8600	p3878	119835	L8136
p3879_8601	p3879	119836	L8137
p3882_8602	p3882	119839	L8138
p3888_8603	p3888	119845	L8139
p3890_8604	p3890	119847	L8140
p3890_8605	p3890	119847	L8141
p3891_8606	p3891	119848	L8142
p3895_8607	p3895	119852	L8143
p3898_8609	p3898	119856	L8144
p3901_8610	p3901	119859	L8145
p3905_8611	p3905	119863	L8146
p3913_8612	p3913	119873	L8147
p3914_8613	p3914	119874	L8148
p3915_8614	p3915	119875	L8149
p3918_8615	p3918	119878	L8150
p3924_8616	p3924	119884	L8151
p3926_8617	p3926	119888	L8152
p3931_8618	p3931	119893	L8153
p3931_8619	p3931	119893	L8154
p3937_8621	p3937	119900	L8155
p3937_8622	p3937	119900	L8156
p3943_8623	p3943	119906	L8157
p3945_8624	p3945	119908	L8158
p3949_8625	p3949	119912	L8159
p3951_8626	p3951	119914	L8160
p3951_8627	p3951	119914	L8161
p3953_8629	p3953	119916	L8162
p3959_8630	p3959	119924	L8163
p3962_8631	p3962	119927	L8164
p3969_8632	p3969	119934	L8165
p3973_8633	p3973	119938	L8166
p3983_8634	p3983	119948	L8167
p3984_8635	p3984	119949	L8168
p3985_8636	p3985	119950	L8169
p3989_8637	p3989	119954	L8170
p3991_8638	p3991	119956	L8171
p3993_8639	p3993	119958	L8172
p4000_8640	p4000	119965	L8173
p4006_8641	p4006	119971	L8174
p4008_8642	p4008	119973	L8175
p4015_8643	p4015	119980	L8176
p4023_8644	p4023	119988	L8177
p4039_8645	p4039	120005	L8178
p4042_8646	p4042	120008	L8179
p4043_8647	p4043	120009	L8180
p4044_8648	p4044	120010	L8181
p4050_8649	p4050	120017	L8182
p4052_8650	p4052	120020	L8183
p4056_8651	p4056	120024	L8184
p4057_8652	p4057	120025	L8185
p4061_8653	p4061	120029	L8186
p4066_8654	p4066	120035	L8187
p4067_8655	p4067	120036	L8188
p4078_8656	p4078	120048	L8189
p4080_8657	p4080	120051	L8190
p4083_8658	p4083	120054	L8191
p4084_8659	p4084	120055	L8192
p4084_8660	p4084	120055	L8193
p4084_8661	p4084	120055	L8194
p4085_8662	p4085	120056	L8195
p4095_8663	p4095	120066	L8196
p4096_8664	p4096	120067	L8197
p4098_8665	p4098	120069	L8198
p4099_8666	p4099	120070	L8199
p4100_8667	p4100	120071	L8200
p4103_8668	p4103	120074	L8201
p4106_8669	p4106	120077	L8202
p4106_8670	p4106	120077	L8203
p4107_8671	p4107	120078	L8204
p4107_8672	p4107	120078	L8205
p4107_8673	p4107	120078	L8206
p4107_8674	p4107	120078	L8207
p4108_8675	p4108	120079	L8208
p4121_8676	p4121	120092	L8209
p4123_8677	p4123	120094	L8210
p4126_8678	p4126	120097	L8211
p4129_8679	p4129	120100	L8212
p4132_8680	p4132	120103	L8213
p4135_8681	p4135	120106	L8214
p4139_8682	p4139	120111	L8215
p4142_8683	p4142	120114	L8216
p4146_8684	p4146	120118	L8217
p4149_8685	p4149	120121	L8218
p4150_8686	p4150	120122	L8219
p4152_8687	p4152	120124	L8220
p4152_8688	p4152	120124	L8221
p4160_8689	p4160	120132	L8222
p4162_8690	p4162	120134	L8223
p4164_8691	p4164	120136	L8224
p4164_8692	p4164	120136	L8225
p4166_8693	p4166	120138	L8226
p4167_8694	p4167	120139	L8227
p4168_8695	p4168	120140	L8228
p4169_8696	p4169	120141	L8229
p4171_8697	p4171	120143	L8230
p4175_8698	p4175	120148	L8231
p4183_8699	p4183	120156	L8232
p4186_8700	p4186	120159	L8233
p4190_8701	p4190	120163	L8234
p4196_8702	p4196	120169	L8235
p4200_8703	p4200	120173	L8236
p4201_8704	p4201	120174	L8237
p4203_8705	p4203	120176	L8238
p4208_8706	p4208	120181	L8239
p4209_8707	p4209	120182	L8240
p4210_8708	p4210	120183	L8241
p4214_8709	p4214	120187	L8242
p4221_8710	p4221	120195	L8243
p4223_8711	p4223	120197	L8244
p4232_8712	p4232	120206	L8245
p4233_8713	p4233	120207	L8246
p4234_8714	p4234	120208	L8247
p4235_8715	p4235	120209	L8248
p4238_8716	p4238	120212	L8249
p4238_8717	p4238	120212	L8250
p4244_8719	p4244	120218	L8251
p4244_8720	p4244	120218	L8252
p4259_8721	p4259	120234	L8253
p4267_8722	p4267	120242	L8254
p4270_8723	p4270	120245	L8255
p4325_8724	p4325	120301	L8256
p4330_8725	p4330	120306	L8257
p4365_8726	p4365	120344	L8258
p4369_8727	p4369	120348	L8259
p4369_8728	p4369	120348	L8260
p4376_8729	p4376	120357	L8261
p4376_8730	p4376	120357	L8262
p4379_8731	p4379	120360	L8263
p4380_8732	p4380	120361	L8264
p4391_8733	p4391	120372	L8265
p4393_8734	p4393	120374	L8266
p4397_8735	p4397	120378	L8267
p4405_8736	p4405	120386	L8268
p4406_8737	p4406	120387	L8269
p4418_8738	p4418	120402	L8270
p4418_8739	p4418	120401	L8271
p4418_8740	p4418	120401	L8272
p4432_8741	p4432	120417	L8273
p4437_8742	p4437	120423	L8274
p4437_8743	p4437	120423	L8275
p4458_8744	p4458	120445	L8276
p4461_8745	p4461	120448	L8277
p4461_sc_8746	p4461_sc	120449	L8278
p4477_8747	p4477	120465	L8279
p4479_8748	p4479	120468	L8280
p4486_8749	p4486	120475	L8281
p4494_8750	p4494	120483	L8282
p4500_8751	p4500	120489	L8283
p4502_8752	p4502	120491	L8284
p4514_8753	p4514	120504	L8285
p4528_8754	p4528	120518	L8286
p4531_8757	p4531	120522	L8287
p4531_8758	p4531	120522	L8288
p4531_8759	p4531	120522	L8289
p4531_8760	p4531	120522	L8290
p4534_8761	p4534	120525	L8291
p4543_8762	p4543	120536	L8292
p4552_8763	p4552	120545	L8293
p4553_8764	p4553	120546	L8294
p4553_8765	p4553	120546	L8295
p4556_8767	p4556	120549	L8296
p4563_8768	p4563	120556	L8297
p4566_8769	p4566	120559	L8298
p4566_8770	p4566	120559	L8299
p4572_8771	p4572	120566	L8300
p4590_8772	p4590	120585	L8301
p4591_8773	p4591	120586	L8302
p4604_8774	p4604	120600	L8303
p4605_8775	p4605	120601	L8304
p4613_8776	p4613	120610	L8305
p4618_8777	p4618	120615	L8306
p4619_8778	p4619	120616	L8307
p4621_8779	p4621	120618	L8308
p4621_sc_8780	p4621_sc	120619	L8309
p4666_8781	p4666	120667	L8310
p4673_8782	p4673	120674	L8311
p4673_8783	p4673	120674	L8312
p4688_8784	p4688	120689	L8313
p4694_8785	p4694	120695	L8314
p4697_8786	p4697	120698	L8315
p4698_8787	p4698	120699	L8316
p5000_8788	p5000	120701	L8317
p6376_8789	p6376	120725	L8318
p6421_8790	p6421	120727	L8319
p6434_8791	p6434	120729	L8320
p6435_8792	p6435	120730	L8321
p6691_8793	p6691	120733	L8322
p7113_8794	p7113	120741	L8323
p7113_8795	p7113	120741	L8324
p7113_8796	p7113	120741	L8325
p7113_8797	p7113	120741	L8326
p7113_8798	p7113	120741	L8327
p7113_8799	p7113	120741	L8328
p7113_8800	p7113	120741	L8329
p7113_8801	p7113	120741	L8330
p7113_8802	p7113	120741	L8331
p7128_8803	p7128	120742	L8332
p8357_8804	p8357	120761	L8333
p8413_8805	p8413	120762	L8334
p9933_8806	p9933	120925	L8335
p9941_8807	p9941	120927	L8336
p9942_8808	p9942	120928	L8337
p9947_8809	p9947	120934	L8338
p9947_8810	p9947	120934	L8339
p9948_8811	p9948	120935	L8340
p9948_8812	p9948	120935	L8341
q0067_8813	q0067	121018	L8342
q0078_8814	q0078	121028	L8343
q0087_8815	q0087	121037	L8344
q0087_8816	q0087	121037	L8345
q0090_8818	q0090	121041	L8346
q0090_8819	q0090	121041	L8347
q0095_8820	q0095	121046	L8348
q0096_8821	q0096	121047	L8349
q0096_8822	q0096	121047	L8350
q0096_8823	q0096	121047	L8351
q0099_8825	q0099	121050	L8352
q0099_8826	q0099	121050	L8353
q0099_8827	q0099	121050	L8354
q0155_8828	q0155	121119	L8355
q0155_8829	q0155	121119	L8356
q0155_8830	q0155	121119	L8357
q0156_8831	q0156	121120	L8358
q0164_8832	q0164	121128	L8359
q0178_8833	q0178	121142	L8360
q0183_8836	q0183	121148	L8361
q0183_8837	q0183	121148	L8362
q0189_8838	q0189	121155	L8363
q0191_8839	q0191	121157	L8364
q0206_8840	q0206	121174	L8365
q0206_8841	q0206	121174	L8366
q0209_8843	q0209	121178	L8367
q0219_8844	q0219	121190	L8368
q0281_8845	q0281	121257	L8369
q0281_8846	q0281	121257	L8370
q0282_8847	q0282	121258	L8371
q0293_8848	q0293	121271	L8372
q0294_8849	q0294	121272	L8373
q0294_8850	q0294	121272	L8374
q9103_8851	q9103	121311	L8375
r0085_8852	r0085	121448	L8376
r0230_8853	r0230	121597	L8377
r0230_8854	r0230	121597	L8378
r0247_8855	r0247	121614	L8379
r0247_8856	r0247	121614	L8380
r0279_8857	r0279	121646	L8381
r0284_8858	r0284	121652	L8382
r0352_8859	r0352	121723	L8383
r0374_8860	r0374	121745	L8384
r0388_8861	r0388	121760	L8385
r0446_8862	r0446	121818	L8386
r0960_8863	r0960	122336	L8387
r0961_8864	r0961	122338	L8388
r0961_8865	r0961	122339	L8389
r0961_8866	r0961	122337	L8390
r0962_8867	r0962	122340	L8391
r0962_8868	r0962	122340	L8392
r0963_8869	r0963	122342	L8393
r0964_8870	r0964	122343	L8394
r0965_8871	r0965	122345	L8395
r0966_8872	r0966	122346	L8396
r0966_8873	r0966	122346	L8397
r0967_8874	r0967	122347	L8398
r0967_sc_8875	r0967_sc	122348	L8399
r0969_8876	r0969	122349	L8400
r0970_8877	r0970	122350	L8401
r0971_8878	r0971	122351	L8402
r0972_8879	r0972	122352	L8403
r0973_8880	r0973	122353	L8404
r0974_8881	r0974	122354	L8405
r0975_8882	r0975	122355	L8406
r0976_8883	r0976	122356	L8407
r0977_8884	r0977	122357	L8408
r0978_8885	r0978	122358	L8409
r0979_8886	r0979	122359	L8410
r0980_8887	r0980	122360	L8411
r0980_8888	r0980	122360	L8412
r0981_8889	r0981	122361	L8413
r0981_8890	r0981	122361	L8414
r0982_8891	r0982	122362	L8415
r0983_8892	r0983	122363	L8416
r0984_8893	r0984	122364	L8417
r0985_8894	r0985	122365	L8418
r0986_8895	r0986	122366	L8419
r0987_8896	r0987	122367	L8420
r0987_8897	r0987	122367	L8421
r0988_8898	r0988	122368	L8422
r0989_8899	r0989	122369	L8423
r0990_8900	r0990	122370	L8424
r0990_8901	r0990	122370	L8425
r0990_8902	r0990	122370	L8426
r0991_8903	r0991	122371	L8427
r0991_sc_8904	r0991_sc	122372	L8428
r0992_8905	r0992	122373	L8429
r0993_8906	r0993	122374	L8430
r0994_8907	r0994	122375	L8431
r0994_8908	r0994	122375	L8432
r0995_8909	r0995	122377	L8433
r0996_8910	r0996	122378	L8434
r0997_8911	r0997	122379	L8435
r0999_8912	r0999	122380	L8436
r1000_8914	r1000	122381	L8437
r1001_8915	r1001	122382	L8438
r1002_8916	r1002	122383	L8439
r1003_8917	r1003	122384	L8440
r1004_8918	r1004	122385	L8441
r1004_8919	r1004	122385	L8442
r1005_8920	r1005	122386	L8443
r1006_8922	r1006	122387	L8444
r1006_8923	r1006	122387	L8445
r1007_8925	r1007	122388	L8446
r1008_8926	r1008	122389	L8447
r1009_8927	r1009	122390	L8448
r1010_8928	r1010	122391	L8449
r1011_8929	r1011	122392	L8450
r1012_8930	r1012	122393	L8451
r1013_8931	r1013	122394	L8452
r1014_8932	r1014	122395	L8453
r1015_8933	r1015	122396	L8454
r1016_8934	r1016	122397	L8455
r1016_8935	r1016	122397	L8456
r1017_8937	r1017	122398	L8457
r1018_8938	r1018	122399	L8458
r1019_8939	r1019	122400	L8459
r1020_8940	r1020	122401	L8460
r1021_8941	r1021	122402	L8461
r1021_8942	r1021	122402	L8462
r1022_8943	r1022	122403	L8463
r1023_8944	r1023	122404	L8464
r1024_8945	r1024	122405	L8465
r1025_8946	r1025	122406	L8466
r1026_8947	r1026	122407	L8467
r1026_8948	r1026	122407	L8468
r1027_8949	r1027	122408	L8469
r1028_8950	r1028	122409	L8470
r1029_8951	r1029	122410	L8471
r1030_8952	r1030	122411	L8472
r1031_8953	r1031	122412	L8473
r1031_8954	r1031	122412	L8474
r1032_8955	r1032	122413	L8475
r1033_8956	r1033	122414	L8476
r1034_8957	r1034	122415	L8477
r1035_8958	r1035	122416	L8478
r1035_8959	r1035	122416	L8479
r1036_8960	r1036	122417	L8480
r1037_8961	r1037	122418	L8481
r1038_8962	r1038	122419	L8482
r1040_8963	r1040	122420	L8483
r1041_8964	r1041	122421	L8484
r1042_8965	r1042	122422	L8485
r1043_8966	r1043	122423	L8486
r1044_8967	r1044	122425	L8487
r1045_8968	r1045	122426	L8488
r1045_8969	r1045	122427	L8489
r1046_8970	r1046	122428	L8490
r1047_8971	r1047	122430	L8491
r1048_8972	r1048	122431	L8492
r1049_8973	r1049	122432	L8493
r1050_8974	r1050	122433	L8494
r1051_8975	r1051	122434	L8495
r1052_8976	r1052	122435	L8496
r1053_8977	r1053	122436	L8497
r1054_8978	r1054	122437	L8498
r1055_8979	r1055	122438	L8499
r1056_8980	r1056	122439	L8500
r1057_8981	r1057	122440	L8501
r1058_8982	r1058	122441	L8502
r1059_8983	r1059	122442	L8503
r1060_8984	r1060	122443	L8504
r1061_8986	r1061	122444	L8505
r1062_8987	r1062	122445	L8506
r1063_8988	r1063	122446	L8507
r1064_8989	r1064	122447	L8508
r1067_8990	r1067	122450	L8509
r1068_8991	r1068	122451	L8510
r1069_8992	r1069	122452	L8511
r1070_8993	r1070	122453	L8512
r1071_8994	r1071	122454	L8513
r1071_8995	r1071	122454	L8514
r1071_8996	r1071	122454	L8515
r1072_8997	r1072	122455	L8516
r1073_8998	r1073	122456	L8517
r1074_8999	r1074	122457	L8518
r1074_9000	r1074	122457	L8519
r1075_9001	r1075	122458	L8520
r1076_9003	r1076	122459	L8521
r1077_9004	r1077	122460	L8522
r1078_9005	r1078	122461	L8523
r1079_9006	r1079	122462	L8524
r1080_9007	r1080	122463	L8525
r1081_9010	r1081	122464	L8526
r1082_9011	r1082	122465	L8527
r1082_9012	r1082	122465	L8528
r1083_9013	r1083	122466	L8529
r1084_9014	r1084	122467	L8530
r1085_9015	r1085	122468	L8531
r1086_9016	r1086	122469	L8532
r1086_9017	r1086	122469	L8533
r1087_9018	r1087	122470	L8534
r1087_9019	r1087	122470	L8535
r1088_9020	r1088	122471	L8536
r1088_9021	r1088	122471	L8537
r1089_9022	r1089	122472	L8538
r1090_9023	r1090	122473	L8539
r1091_9024	r1091	122474	L8540
r1092_9025	r1092	122475	L8541
r1092_9026	r1092	122475	L8542
r1093_9027	r1093	122476	L8543
r1094_9028	r1094	122477	L8544
r1095_9029	r1095	122478	L8545
r1096_9030	r1096	122479	L8546
r1097_9031	r1097	122480	L8547
r1098_9032	r1098	122481	L8548
r1098_9033	r1098	122481	L8549
r1099_9034	r1099	122482	L8550
r1100_9035	r1100	122483	L8551
r1101_9036	r1101	122484	L8552
r1102_9037	r1102	122485	L8553
r1103_9038	r1103	122486	L8554
r1104_9039	r1104	122487	L8555
r1105_9040	r1105	122488	L8556
r1106_9041	r1106	122489	L8557
r1107_9042	r1107	122490	L8558
r1109_9044	r1109	122492	L8559
r1109_9045	r1109	122492	L8560
r1109_9046	r1109	122492	L8561
r1110_9047	r1110	122493	L8562
r1111_9048	r1111	122494	L8563
r1113_9053	r1113	122496	L8564
r1113_sc_9054	r1113_sc	122497	L8565
r1115_9055	r1115	122499	L8566
r1116_9056	r1116	122500	L8567
r1117_9057	r1117	122501	L8568
r1117_9058	r1117	122501	L8569
r1118_9059	r1118	122502	L8570
r1119_9060	r1119	122503	L8571
r1120_9061	r1120	122504	L8572
r1121_9062	r1121	122505	L8573
r1122_9063	r1122	122506	L8574
r1123_9064	r1123	122507	L8575
r1124_9065	r1124	122508	L8576
r1125_9066	r1125	122509	L8577
r1126_9067	r1126	122510	L8578
r1126_sc_9068	r1126_sc	122511	L8579
r1127_9069	r1127	122512	L8580
r1128_9070	r1128	122513	L8581
r1129_9071	r1129	122514	L8582
r1129_9072	r1129	122514	L8583
r1130_9073	r1130	122515	L8584
r1131_9074	r1131	122516	L8585
r1132_9075	r1132	122517	L8586
r1133_9076	r1133	122518	L8587
r1134_9077	r1134	122520	L8588
r1135_9078	r1135	122521	L8589
r1135_9079	r1135	122521	L8590
r1136_9080	r1136	122522	L8591
r1137_9081	r1137	122523	L8592
r1138_9082	r1138	122524	L8593
r1138_9083	r1138	122524	L8594
r1139_9084	r1139	122525	L8595
r1140_9085	r1140	122526	L8596
r1141_9086	r1141	122527	L8597
r1143_9087	r1143	122529	L8598
r1144_9088	r1144	122530	L8599
r1145_9089	r1145	122531	L8600
r1146_9090	r1146	122532	L8601
r1147_9091	r1147	122533	L8602
r1148_9092	r1148	122534	L8603
r1149_9093	r1149	122535	L8604
r1150_9094	r1150	122536	L8605
r1151_9095	r1151	122537	L8606
r1152_9096	r1152	122538	L8607
r1153_9097	r1153	122539	L8608
r1153_9098	r1153	122539	L8609
r1154_9099	r1154	122540	L8610
r1155_9100	r1155	122541	L8611
r1156_9101	r1156	122542	L8612
r1156_9102	r1156	122542	L8613
r1157_9103	r1157	122544	L8614
r1158_9104	r1158	122545	L8615
r1159_9105	r1159	122547	L8616
r1160_9106	r1160	122548	L8617
r1161_9107	r1161	122549	L8618
r1162_9108	r1162	122550	L8619
r1163_9109	r1163	122551	L8620
r1164_9110	r1164	122552	L8621
r1165_9111	r1165	122553	L8622
r1166_9112	r1166	122554	L8623
r1167_9113	r1167	122555	L8624
r1168_9114	r1168	122556	L8625
r1169_9115	r1169	122557	L8626
r1170_9116	r1170	122558	L8627
r1171_9117	r1171	122559	L8628
r1172_9118	r1172	122560	L8629
r1173_9119	r1173	122561	L8630
r1175_9120	r1175	122563	L8631
r1176_9121	r1176	122564	L8632
r1177_9122	r1177	122565	L8633
r1178_9123	r1178	122566	L8634
r1179_9124	r1179	122567	L8635
r1180_9125	r1180	122568	L8636
r1181_9126	r1181	122569	L8637
r1181_9127	r1181	122569	L8638
r1183_9128	r1183	122572	L8639
r1184_9129	r1184	122573	L8640
r1185_9130	r1185	122574	L8641
r1185_sc_9131	r1185_sc	122575	L8642
r1186_9132	r1186	122577	L8643
r1187_9133	r1187	122578	L8644
r1188_9134	r1188	122579	L8645
r1189_9135	r1189	122580	L8646
r1192_9136	r1192	122583	L8647
r1193_9137	r1193	122584	L8648
r1194_9138	r1194	122585	L8649
r1195_9139	r1195	122586	L8650
r1196_9140	r1196	122587	L8651
r1197_9141	r1197	122588	L8652
r1198_9142	r1198	122589	L8653
r1199_9143	r1199	122590	L8654
r1200_9144	r1200	122592	L8655
r1201_9145	r1201	122593	L8656
r1202_9146	r1202	122594	L8657
r1203_9147	r1203	122595	L8658
r1204_9148	r1204	122596	L8659
r1205_9149	r1205	122597	L8660
r1206_9150	r1206	122598	L8661
r1207_9151	r1207	122599	L8662
r1208_9152	r1208	122601	L8663
r1210_9153	r1210	122602	L8664
r1211_9154	r1211	122603	L8665
r1212_9155	r1212	122604	L8666
r1212_9156	r1212	122604	L8667
r1213_9157	r1213	122605	L8668
r1214_9158	r1214	122606	L8669
r1215_9159	r1215	122607	L8670
r1216_9160	r1216	122608	L8671
r1217_9161	r1217	122609	L8672
r1217_9162	r1217	122609	L8673
r1218_9164	r1218	122610	L8674
r1219_9165	r1219	122611	L8675
r1230_9166	r1230	122612	L8676
r1231_9167	r1231	122613	L8677
r1232_9168	r1232	122615	L8678
r1233_9169	r1233	122616	L8679
r1235_9170	r1235	122618	L8680
r1236_9171	r1236	122619	L8681
r1237_9172	r1237	122620	L8682
r1238_9173	r1238	122621	L8683
r1239_9174	r1239	122622	L8684
r1240_9175	r1240	122623	L8685
r1241_9176	r1241	122624	L8686
r1241_sc_9177	r1241_sc	122625	L8687
r1242_9178	r1242	122626	L8688
r1243_9179	r1243	122627	L8689
r1244_9180	r1244	122628	L8690
r1245_9181	r1245	122629	L8691
r1246_9182	r1246	122630	L8692
r1247_9183	r1247	122631	L8693
r1248_9184	r1248	122632	L8694
r1249_9185	r1249	122633	L8695
r1250_9186	r1250	122634	L8696
r1251_9187	r1251	122635	L8697
r1252_9188	r1252	122636	L8698
r1253_9189	r1253	122637	L8699
r1254_9190	r1254	122638	L8700
r1254_9191	r1254	122638	L8701
r1255_9192	r1255	122639	L8702
r1256_9193	r1256	122640	L8703
r1257_9194	r1257	122642	L8704
r1258_9195	r1258	122643	L8705
r1258_9196	r1258	122643	L8706
r1259_9197	r1259	122644	L8707
r1260_9198	r1260	122645	L8708
r1261_9199	r1261	122646	L8709
r1261_9200	r1261	122646	L8710
r1262_9202	r1262	122647	L8711
r1263_9203	r1263	122648	L8712
r1264_9204	r1264	122649	L8713
r1265_9205	r1265	122650	L8714
r1266_9206	r1266	122651	L8715
r1267_9207	r1267	122652	L8716
r1268_9208	r1268	122653	L8717
r1269_9209	r1269	122654	L8718
r1270_9210	r1270	122655	L8719
r1271_9212	r1271	122656	L8720
r1272_9213	r1272	122657	L8721
r1273_9214	r1273	122658	L8722
r1274_9215	r1274	122659	L8723
r1274_9216	r1274	122659	L8724
r1274_9217	r1274	122659	L8725
r1275_9218	r1275	122660	L8726
r1276_9220	r1276	122661	L8727
r1276_9221	r1276	122661	L8728
r1277_9222	r1277	122662	L8729
r1278_9223	r1278	122663	L8730
r1279_9224	r1279	122664	L8731
r1280_9225	r1280	122665	L8732
r1281_9226	r1281	122666	L8733
r1281_9227	r1281	122666	L8734
r1282_9230	r1282	122667	L8735
r1282_9231	r1282	122667	L8736
r1283_9232	r1283	122668	L8737
r1284_9233	r1284	122669	L8738
r1285_9234	r1285	122670	L8739
r1286_9235	r1286	122671	L8740
r1287_9236	r1287	122672	L8741
r1288_9237	r1288	122673	L8742
r1289_9238	r1289	122674	L8743
r1290_9242	r1290	122675	L8744
r1291_9243	r1291	122676	L8745
r1292_9244	r1292	122677	L8746
r1293_9245	r1293	122678	L8747
r1294_9246	r1294	122679	L8748
r1295_9247	r1295	122680	L8749
r1295_9248	r1295	122680	L8750
r1296_9249	r1296	122681	L8751
r1296_9250	r1296	122681	L8752
r1297_9251	r1297	122682	L8753
r1298_9252	r1298	122683	L8754
r1299_9253	r1299	122684	L8755
r1300_9255	r1300	122685	L8756
r1301_9256	r1301	122686	L8757
r1302_9257	r1302	122687	L8758
r1303_9258	r1303	122688	L8759
r1304_9259	r1304	122689	L8760
r1304_9260	r1304	122689	L8761
r1305_9261	r1305	122690	L8762
r1306_9262	r1306	122691	L8763
r1307_9263	r1307	122692	L8764
r1308_9264	r1308	122693	L8765
r1309_9265	r1309	122694	L8766
r1310_9267	r1310	122695	L8767
r1311_9268	r1311	122696	L8768
r1312_9269	r1312	122697	L8769
r1313_9270	r1313	122698	L8770
r1314_9273	r1314	122699	L8771
r1315_9274	r1315	122700	L8772
r1315_9275	r1315	122700	L8773
r1316_9277	r1316	122701	L8774
r1317_9278	r1317	122702	L8775
r1318_9279	r1318	122703	L8776
r1319_9280	r1319	122704	L8777
r1320_9281	r1320	122705	L8778
r1321_9282	r1321	122706	L8779
r1321_9283	r1321	122706	L8780
r1321_9284	r1321	122706	L8781
r1323_9285	r1323	122708	L8782
r1324_9286	r1324	122709	L8783
r1324_9287	r1324	122709	L8784
r1325_9288	r1325	122710	L8785
r1326_9289	r1326	122711	L8786
r1327_9290	r1327	122712	L8787
r1327_9291	r1327	122712	L8788
r1327_9292	r1327	122712	L8789
r1327_9293	r1327	122712	L8790
r1328_9294	r1328	122713	L8791
r1328_9295	r1328	122713	L8792
r1329_9296	r1329	122714	L8793
r1330_9297	r1330	122715	L8794
r1331_9298	r1331	122716	L8795
r1332_9299	r1332	122717	L8796
r1333_9300	r1333	122718	L8797
r1334_9301	r1334	122719	L8798
r1335_9302	r1335	122720	L8799
r1336_9303	r1336	122721	L8800
r1337_9304	r1337	122722	L8801
r1338_9305	r1338	122723	L8802
r1339_9306	r1339	122724	L8803
r1339_9307	r1339	122724	L8804
r1340_9308	r1340	122725	L8805
r1341_9309	r1341	122726	L8806
r1341_9310	r1341	122726	L8807
r1342_9312	r1342	122727	L8808
r1343_9313	r1343	122728	L8809
r1344_9314	r1344	122730	L8810
r1344_9315	r1344	122729	L8811
r1344_9316	r1344	122729	L8812
r1345_9317	r1345	122731	L8813
r1346_9318	r1346	122732	L8814
r1347_9319	r1347	122733	L8815
r1348_9320	r1348	122734	L8816
r1348_9321	r1348	122734	L8817
r1349_9323	r1349	122735	L8818
r1350_9324	r1350	122736	L8819
r1351_9325	r1351	122737	L8820
r1352_9326	r1352	122738	L8821
r1352_sc_9327	r1352_sc	122739	L8822
r1353_9328	r1353	122740	L8823
r1354_9329	r1354	122741	L8824
r1355_9330	r1355	122742	L8825
r1356_9331	r1356	122743	L8826
r1357_9332	r1357	122744	L8827
r1358_9333	r1358	122745	L8828
r1359_9334	r1359	122746	L8829
r1360_9335	r1360	122747	L8830
r1361_9336	r1361	122748	L8831
r1362_9337	r1362	122749	L8832
r1363_9338	r1363	122750	L8833
r1364_9339	r1364	122751	L8834
r1365_9340	r1365	122752	L8835
r1366_9341	r1366	122753	L8836
r1366_9342	r1366	122753	L8837
r1367_9343	r1367	122754	L8838
r1368_9344	r1368	122755	L8839
r1369_9345	r1369	122756	L8840
r1370_9346	r1370	122757	L8841
r1371_9347	r1371	122758	L8842
r1372_9348	r1372	122759	L8843
r1373_9349	r1373	122760	L8844
r1374_9350	r1374	122761	L8845
r1375_9351	r1375	122762	L8846
r1376_9352	r1376	122763	L8847
r1377_9353	r1377	122764	L8848
r1378_9354	r1378	122765	L8849
r1379_9355	r1379	122766	L8850
r1380_9356	r1380	122767	L8851
r1381_9357	r1381	122768	L8852
r1382_9358	r1382	122769	L8853
r1383_9359	r1383	122770	L8854
r1384_9360	r1384	122771	L8855
r1384_9361	r1384	122771	L8856
r1385_9362	r1385	122772	L8857
r1386_9363	r1386	122773	L8858
r1387_9364	r1387	122774	L8859
r1387_9365	r1387	122774	L8860
r1388_9366	r1388	122775	L8861
r1388_9367	r1388	122775	L8862
r1389_9368	r1389	122776	L8863
r1390_9369	r1390	122777	L8864
r1391_9370	r1391	122778	L8865
r1392_9371	r1392	122779	L8866
r1393_9372	r1393	122780	L8867
r1394_9373	r1394	122781	L8868
r1395_9374	r1395	122782	L8869
r1396_9375	r1396	122783	L8870
r1397_9376	r1397	122784	L8871
r1398_9377	r1398	122785	L8872
r1398_9378	r1398	122785	L8873
r1399_9379	r1399	122786	L8874
r1400_9380	r1400	122787	L8875
r1401_9381	r1401	122788	L8876
r1402_9384	r1402	122789	L8877
r1403_9385	r1403	122790	L8878
r1405_9386	r1405	122791	L8879
r1415_9387	r1415	122792	L8880
r1416_9388	r1416	122793	L8881
r1416_9389	r1416	122793	L8882
r1416_9390	r1416	122793	L8883
r1417_9392	r1417	122794	L8884
r1418_9393	r1418	122795	L8885
r1419_9394	r1419	122796	L8886
r1420_9395	r1420	122797	L8887
r1421_9396	r1421	122798	L8888
r1422_9399	r1422	122799	L8889
r1426_9400	r1426	122800	L8890
r1427_9401	r1427	122801	L8891
r1428_9404	r1428	122802	L8892
r1429_9405	r1429	122803	L8893
r1430_9406	r1430	122804	L8894
r1431_9407	r1431	122805	L8895
r1432_9408	r1432	122806	L8896
r1432_9409	r1432	122806	L8897
r1433_9410	r1433	122807	L8898
r1434_9411	r1434	122809	L8899
r1434_9412	r1434	122809	L8900
r1435_9413	r1435	122810	L8901
r1435_9414	r1435	122810	L8902
r1436_9415	r1436	122811	L8903
r1437_9416	r1437	122812	L8904
r1438_9417	r1438	122813	L8905
r1439_9418	r1439	122814	L8906
r1440_9419	r1440	122815	L8907
r1441_9420	r1441	122816	L8908
r1442_9421	r1442	122817	L8909
r1442_sc_9422	r1442_sc	122818	L8910
r1443_9423	r1443	122819	L8911
r1444_9424	r1444	122820	L8912
r1445_9425	r1445	122821	L8913
r1445_9426	r1445	122821	L8914
r1446_9427	r1446	122822	L8915
r1447_9428	r1447	122823	L8916
r1447_9429	r1447	122823	L8917
r1447_9430	r1447	122823	L8918
r1448_9431	r1448	122824	L8919
r1449_9432	r1449	122825	L8920
r1450_9433	r1450	122826	L8921
r1451_9434	r1451	122828	L8922
r1452_9435	r1452	122829	L8923
r1453_9436	r1453	122830	L8924
r1454_9437	r1454	122831	L8925
r1455_9438	r1455	122833	L8926
r1456_9439	r1456	122834	L8927
r1457_9440	r1457	122835	L8928
r1457_sc_9441	r1457_sc	122836	L8929
r1458_9442	r1458	122837	L8930
r1459_9443	r1459	122838	L8931
r1461_9444	r1461	122841	L8932
r1462_9445	r1462	122842	L8933
r1463_9446	r1463	122843	L8934
r1464_9447	r1464	122844	L8935
r1465_9448	r1465	122845	L8936
r1466_9449	r1466	122847	L8937
r1467_9450	r1467	122848	L8938
r1467_9451	r1467	122848	L8939
r1468_9452	r1468	122849	L8940
r1469_9453	r1469	122850	L8941
r1469_9454	r1469	122850	L8942
r1470_9456	r1470	122851	L8943
r1471_9457	r1471	122852	L8944
r1472_9458	r1472	122853	L8945
r1473_9459	r1473	122854	L8946
r1473_9460	r1473	122854	L8947
r1474_9461	r1474	122855	L8948
r1475_9462	r1475	122856	L8949
r1476_9463	r1476	122857	L8950
r1477_9464	r1477	122858	L8951
r1477_9465	r1477	122858	L8952
r1478_9466	r1478	122859	L8953
r1479_9467	r1479	122860	L8954
r1479_sc_9468	r1479_sc	122861	L8955
r1480_9469	r1480	122862	L8956
r1481_9470	r1481	122863	L8957
r1482_9471	r1482	122865	L8958
r1482_9472	r1482	122865	L8959
r1484_9473	r1484	122867	L8960
r1485_9474	r1485	122868	L8961
r1486_9475	r1486	122869	L8962
r1487_9476	r1487	122870	L8963
r1488_9477	r1488	122871	L8964
r1488_9478	r1488	122871	L8965
r1489_9479	r1489	122872	L8966
r1490_9480	r1490	122873	L8967
r1491_9481	r1491	122875	L8968
r1492_9482	r1492	122876	L8969
r1493_9483	r1493	122878	L8970
r1494_9484	r1494	122879	L8971
r1495_9485	r1495	122880	L8972
r1496_9486	r1496	122881	L8973
r1497_9487	r1497	122882	L8974
r1498_9488	r1498	122883	L8975
r1499_9489	r1499	122884	L8976
r1500_9490	r1500	122886	L8977
r1501_9491	r1501	122888	L8978
r1502_9492	r1502	122889	L8979
r1503_9493	r1503	122890	L8980
r1504_9494	r1504	122891	L8981
r1505_9495	r1505	122892	L8982
r1506_9496	r1506	122893	L8983
r7053_9497	r7053	122959	L8984
r8002_9498	r8002	122964	L8985
r8003_9499	r8003	122965	L8986
r8004_9500	r8004	122966	L8987
r8005_9501	r8005	122967	L8988
r8005_9502	r8005	122967	L8989
r8006_9503	r8006	122968	L8990
r8007_9504	r8007	122969	L8991
r8008_9505	r8008	122970	L8992
r8009_9508	r8009	122971	L8993
r8010_9509	r8010	122972	L8994
r8061_9510	r8061	122973	L8995
r8138_9511	r8138	122974	L8996
r8212_9512	r8212	122975	L8997
r9144_9513	r9144	122986	L8998
r9375_9515	r9375	122990	L8999
r9611_9517	r9611	122992	L9000
r9990_9518	r9990	123006	L9001
r9990_9519	r9990	123006	L9002
s0009_9520	s0009	123028	L9003
s0009_9521	s0009	123028	L9004
s0018_9522	s0018	123037	L9005
s0023_9523	s0023	123044	L9006
s0031_9524	s0031	123054	L9007
s0064_9525	s0064	123094	L9008
s0064_9526	s0064	123094	L9009
s0071_9528	s0071	123101	L9010
s0083_9529	s0083	123113	L9011
s0083_9530	s0083	123113	L9012
s0083_9531	s0083	123113	L9013
s0095_9532	s0095	123125	L9014
s0095_9533	s0095	123125	L9015
s0117_9534	s0117	123149	L9016
s0118_9535	s0118	123150	L9017
s0124_9536	s0124	123157	L9018
s0169_9537	s0169	123210	L9019
s0169_9538	s0169	123210	L9020
s0173_9539	s0173	123214	L9021
s0179_9540	s0179	123220	L9022
s0182_9541	s0182	123223	L9023
s0182_9542	s0182	123223	L9024
s0182_9543	s0182	123223	L9025
s0182_9544	s0182	123223	L9026
s0183_9545	s0183	123224	L9027
s0200_9546	s0200	123242	L9028
s0212_9547	s0212	123254	L9029
s0213_9548	s0213	123255	L9030
s0225_9549	s0225	123267	L9031
s0229_9550	s0229	123271	L9032
s0232_9551	s0232	123275	L9033
s0245_9552	s0245	123288	L9034
s0257_9553	s0257	123301	L9035
s0267_9554	s0267	123312	L9036
s0267_9555	s0267	123312	L9037
s0267_9556	s0267	123312	L9038
s0267_9557	s0267	123312	L9039
s0268_9559	s0268	123313	L9040
s0273_9560	s0273	123318	L9041
s0303_9561	s0303	123350	L9042
s0312_9562	s0312	123359	L9043
s0327_9563	s0327	123374	L9044
s0328_9564	s0328	123375	L9045
s0339_9565	s0339	123386	L9046
s0339_9566	s0339	123386	L9047
s0345_9567	s0345	123392	L9048
s0352_9568	s0352	123399	L9049
s0368_9569	s0368	123416	L9050
s0368_9570	s0368	123416	L9051
s0368_9571	s0368	123416	L9052
s0376_9572	s0376	123424	L9053
s0381_9573	s0381	123429	L9054
s0387_9574	s0387	123436	L9055
s0391_9575	s0391	123441	L9056
s0391_9576	s0391	123441	L9057
s0391_9577	s0391	123441	L9058
s0391_9578	s0391	123441	L9059
s0403_9579	s0403	123453	L9060
s0403_9580	s0403	123454	L9061
s0409_9581	s0409	123460	L9062
s0412_9582	s0412	123463	L9063
s0424_9583	s0424	123476	L9064
s0432_9584	s0432	123485	L9065
s0433_9585	s0433	123486	L9066
s0438_9587	s0438	123491	L9067
s0444_9588	s0444	123498	L9068
s0454_9589	s0454	123509	L9069
s0464_9590	s0464	123520	L9070
s0469_9591	s0469	123526	L9071
s0469_9592	s0469	123526	L9072
s0486_9593	s0486	123543	L9073
s0501_9594	s0501	123560	L9074
s0505_9595	s0505	123564	L9075
s0508_9596	s0508	123567	L9076
s0508_9597	s0508	123567	L9077
s0529_9598	s0529	123589	L9078
s0531_9599	s0531	123592	L9079
s0537_9600	s0537	123599	L9080
s0550_9601	s0550	123615	L9081
s0550_9602	s0550	123615	L9082
s0553_9603	s0553	123618	L9083
s0573_9604	s0573	123638	L9084
s0575_9605	s0575	123640	L9085
s0575_9606	s0575	123640	L9086
s0578_9607	s0578	123643	L9087
s0582_9608	s0582	123648	L9088
s0582_9609	s0582	123647	L9089
s0582_9610	s0582	123647	L9090
s0586_9611	s0586	123652	L9091
s0586_9612	s0586	123652	L9092
s0594_9613	s0594	123660	L9093
s0647_9614	s0647	123724	L9094
s0651_9616	s0651	123728	L9095
s0654_9617	s0654	123732	L9096
s0654_9618	s0654	123732	L9097
s0665_9620	s0665	123743	L9098
s0665_9621	s0665	123743	L9099
s0672_9622	s0672	123751	L9100
s0680_9623	s0680	123759	L9101
s0687_9624	s0687	123766	L9102
s0707_9625	s0707	123786	L9103
s0708_9626	s0708	123787	L9104
s0741_9627	s0741	123823	L9105
s0746_9628	s0746	123828	L9106
s0753_9629	s0753	123835	L9107
s0758_9630	s0758	123840	L9108
s0758_9631	s0758	123840	L9109
s0765_9632	s0765	123847	L9110
s0766_9633	s0766	123848	L9111
s0773_9634	s0773	123855	L9112
s0801_9635	s0801	123887	L9113
s0805_9636	s0805	123891	L9114
s0816_9637	s0816	123902	L9115
s0831_9638	s0831	123918	L9116
s0849_9639	s0849	123938	L9117
s0849_9640	s0849	123938	L9118
s0856_9641	s0856	123945	L9119
s0858_9642	s0858	123947	L9120
s0862_9643	s0862	123951	L9121
s0864_9644	s0864	123953	L9122
s0864_9645	s0864	123953	L9123
s0864_9646	s0864	123953	L9124
s0864_9647	s0864	123953	L9125
s0875_9649	s0875	123965	L9126
s0880_9650	s0880	123970	L9127
s0881_9651	s0881	123971	L9128
s0887_9652	s0887	123977	L9129
s0912_9653	s0912	124004	L9130
s0920_9654	s0920	124012	L9131
s0920_9655	s0920	124012	L9132
s0922_9656	s0922	124014	L9133
s0923_9657	s0923	124015	L9134
s0942_9658	s0942	124035	L9135
s0948_9659	s0948	124043	L9136
s0952_9660	s0952	124047	L9137
s0958_9661	s0958	124054	L9138
s0961_9662	s0961	124057	L9139
s0972_9663	s0972	124069	L9140
s0972_9664	s0972	124069	L9141
s0998_9665	s0998	124099	L9142
s1024_9666	s1024	124125	L9143
s1060_9667	s1060	124163	L9144
s1095_9668	s1095	124200	L9145
s1151_9669	s1151	124258	L9146
s1163_9670	s1163	124270	L9147
s1176_9671	s1176	124283	L9148
s1176_9672	s1176	124283	L9149
s1176_9673	s1176	124283	L9150
s1176_9674	s1176	124283	L9151
s1186_9678	s1186	124293	L9152
s1207_9680	s1207	124315	L9153
s1207_sc_9681	s1207_sc	124316	L9154
s1223_9682	s1223	124333	L9155
s1223_9683	s1223	124333	L9156
s1241_9684	s1241	124351	L9157
s1243_9685	s1243	124353	L9158
s1259_9686	s1259	124370	L9159
s1259_9687	s1259	124369	L9160
s1261_9688	s1261	124372	L9161
s1261_9689	s1261	124372	L9162
s1261_9690	s1261	124372	L9163
s1261_9691	s1261	124372	L9164
s1268_9695	s1268	124379	L9165
s1332_9697	s1332	124444	L9166
s1345_9698	s1345	124458	L9167
s1348_9699	s1348	124462	L9168
s1348_9700	s1348	124461	L9169
s1348_9701	s1348	124461	L9170
s1357_9703	s1357	124471	L9171
s1359_9704	s1359	124474	L9172
s1374_9705	s1374	124490	L9173
s1379_9706	s1379	124498	L9174
s1381_9707	s1381	124501	L9175
s1384_9708	s1384	124504	L9176
s1384_9709	s1384	124504	L9177
s1385_9710	s1385	124505	L9178
s1386_9711	s1386	124506	L9179
s1395_9712	s1395	124515	L9180
s1409_9713	s1409	124530	L9181
s1419_9714	s1419	124541	L9182
s1419_9715	s1419	124541	L9183
s1428_9716	s1428	124551	L9184
s1430_9717	s1430	124554	L9185
s1430_9718	s1430	124554	L9186
s1492_9719	s1492	124621	L9187
s1501_9720	s1501	124631	L9188
s1504_9721	s1504	124634	L9189
s1511_9722	s1511	124641	L9190
s1551_9723	s1551	124683	L9191
s1551_9724	s1551	124683	L9192
s1565_9725	s1565	124700	L9193
s1569_9726	s1569	124704	L9194
s1574_9727	s1574	124709	L9195
s1575_9728	s1575	124710	L9196
s1575_9729	s1575	124710	L9197
s1579_9730	s1579	124714	L9198
s1598_9731	s1598	124734	L9199
s1604_9732	s1604	124741	L9200
s1623_9733	s1623	124762	L9201
s1624_9734	s1624	124763	L9202
s1627_9735	s1627	124766	L9203
s1638_9736	s1638	124777	L9204
s1638_sc_9737	s1638_sc	124778	L9205
s1657_9738	s1657	124797	L9206
s1663_9739	s1663	124803	L9207
s1695_9740	s1695	124837	L9208
s1703_9741	s1703	124845	L9209
s1705_9742	s1705	124847	L9210
s1722_9743	s1722	124866	L9211
s1722_9744	s1722	124866	L9212
s1729_9746	s1729	124875	L9213
s1729_9747	s1729	124875	L9214
s1731_9748	s1731	124877	L9215
s1741_9749	s1741	124887	L9216
s1748_9750	s1748	124894	L9217
s1749_9751	s1749	124895	L9218
s1756_9752	s1756	124907	L9219
s1762_9755	s1762	124914	L9220
s1791_9756	s1791	124944	L9221
s1804_9757	s1804	124957	L9222
s1804_9758	s1804	124957	L9223
s1835_9759	s1835	124989	L9224
s1838_9760	s1838	124992	L9225
s1852_9761	s1852	125010	L9226
s1890_9762	s1890	125051	L9227
s1897_9763	s1897	125058	L9228
s1900_9764	s1900	125061	L9229
s1914_9765	s1914	125075	L9230
s1922_9766	s1922	125083	L9231
s1922_9767	s1922	125083	L9232
s1927_9768	s1927	125088	L9233
s1927_9769	s1927	125088	L9234
s1932_9770	s1932	125093	L9235
s1937_9771	s1937	125098	L9236
s1946_9772	s1946	125108	L9237
s1961_9773	s1961	125124	L9238
s1973_9774	s1973	125136	L9239
s1975_9775	s1975	125139	L9240
s1975_9776	s1975	125138	L9241
s1975_9777	s1975	125138	L9242
s1975_9778	s1975	125138	L9243
s1991_9779	s1991	125159	L9244
s1991_9780	s1991	125159	L9245
s1996_9781	s1996	125164	L9246
s1999_9782	s1999	125169	L9247
s1999_9783	s1999	125169	L9248
s1999_9784	s1999	125168	L9249
s2001_9785	s2001	125171	L9250
s2001_9786	s2001	125171	L9251
s2008_9787	s2008	125178	L9252
s2008_sc_9788	s2008_sc	125179	L9253
s2011_9789	s2011	125182	L9254
s2027_9790	s2027	125200	L9255
s2027_9791	s2027	125201	L9256
s2036_9792	s2036	125212	L9257
s2036_9793	s2036	125212	L9258
s2046_9794	s2046	125222	L9259
s2061_9795	s2061	125237	L9260
s2064_9796	s2064	125240	L9261
s2064_9797	s2064	125240	L9262
s2087_9798	s2087	125268	L9263
s2104_9799	s2104	125285	L9264
s2104_9800	s2104	125285	L9265
s2118_9801	s2118	125299	L9266
s2132_9802	s2132	125314	L9267
s2146_9803	s2146	125333	L9268
s2146_9804	s2146	125332	L9269
s2147_9805	s2147	125334	L9270
s2156_9806	s2156	125343	L9271
s2181_9807	s2181	125369	L9272
s2183_9808	s2183	125371	L9273
s2187_9809	s2187	125376	L9274
s2215_9810	s2215	125407	L9275
s2219_9811	s2219	125411	L9276
s2223_9812	s2223	125415	L9277
s2229_9813	s2229	125421	L9278
s2230_9814	s2230	125422	L9279
s2231_9815	s2231	125423	L9280
s2233_9816	s2233	125425	L9281
s2252_9817	s2252	125446	L9282
s2254_9818	s2254	125449	L9283
s2260_9819	s2260	125455	L9284
s2260_9820	s2260	125455	L9285
s2270_9822	s2270	125465	L9286
s2270_9823	s2270	125465	L9287
s2276_9824	s2276	125471	L9288
s2286_9825	s2286	125481	L9289
s2292_9826	s2292	125487	L9290
s2298_9827	s2298	125493	L9291
s2300_9828	s2300	125495	L9292
s2306_9829	s2306	125502	L9293
s2313_9830	s2313	125511	L9294
s2314_9831	s2314	125512	L9295
s2314_sc_9832	s2314_sc	125513	L9296
s2339_9833	s2339	125539	L9297
s2339_9834	s2339	125539	L9298
s2342_9835	s2342	125542	L9299
s2346_9836	s2346	125548	L9300
s2362_9837	s2362	125566	L9301
s2403_9838	s2403	125612	L9302
s2405_9839	s2405	125614	L9303
s2424_9840	s2424	125634	L9304
s2439_9841	s2439	125650	L9305
s2439_9842	s2439	125650	L9306
s2447_9843	s2447	125658	L9307
s2452_9844	s2452	125664	L9308
s2454_9845	s2454	125666	L9309
s2457_9846	s2457	125669	L9310
s2460_9847	s2460	125672	L9311
s2468_9848	s2468	125683	L9312
s2478_9849	s2478	125693	L9313
s2479_9850	s2479	125694	L9314
s2479_sc_9851	s2479_sc	125695	L9315
s2486_9852	s2486	125702	L9316
s2488_9853	s2488	125705	L9317
s2497_9854	s2497	125714	L9318
s2502_9855	s2502	125719	L9319
s2508_9856	s2508	125726	L9320
s2512_9857	s2512	125730	L9321
s2536_9858	s2536	125755	L9322
s2556_9859	s2556	125779	L9323
s2564_9860	s2564	125787	L9324
s2583_9861	s2583	125809	L9325
s2585_9862	s2585	125811	L9326
s2586_9863	s2586	125812	L9327
s2589_9864	s2589	125815	L9328
s2599_9865	s2599	125826	L9329
s2599_9866	s2599	125825	L9330
s2607_9867	s2607	125834	L9331
s2612_9868	s2612	125839	L9332
s2614_9869	s2614	125841	L9333
s2616_9870	s2616	125843	L9334
s2646_9871	s2646	125874	L9335
s2656_9872	s2656	125886	L9336
s2666_9874	s2666	125897	L9337
s2667_9875	s2667	125898	L9338
s2668_9876	s2668	125899	L9339
s2669_9877	s2669	125900	L9340
s2679_9878	s2679	125910	L9341
s2695_9879	s2695	125928	L9342
s2707_9880	s2707	125943	L9343
s2721_9881	s2721	125958	L9344
s2729_9882	s2729	125966	L9345
s2737_9884	s2737	125975	L9346
s2746_9885	s2746	125984	L9347
s2751_9886	s2751	125989	L9348
s2754_9887	s2754	125992	L9349
s2755_9888	s2755	125993	L9350
s2758_9889	s2758	125996	L9351
s2758_9890	s2758	125996	L9352
s2759_9891	s2759	125997	L9353
s2761_9892	s2761	125999	L9354
s2761_9893	s2761	125999	L9355
s2763_9894	s2763	126001	L9356
s2764_9895	s2764	126002	L9357
s2765_9896	s2765	126003	L9358
s2767_9897	s2767	126005	L9359
s2770_9898	s2770	126008	L9360
s2771_9899	s2771	126009	L9361
s2774_9900	s2774	126012	L9362
s2781_9901	s2781	126019	L9363
s2783_9902	s2783	126021	L9364
s2783_9903	s2783	126021	L9365
s2783_9904	s2783	126021	L9366
s2783_9905	s2783	126021	L9367
s2783_9906	s2783	126021	L9368
s2783_9907	s2783	126021	L9369
s2791_9908	s2791	126029	L9370
s2799_9909	s2799	126037	L9371
s2801_9910	s2801	126039	L9372
s2805_9911	s2805	126043	L9373
s2807_9912	s2807	126045	L9374
s2808_9913	s2808	126046	L9375
s2815_9914	s2815	126054	L9376
s2820_9915	s2820	126059	L9377
s2824_9916	s2824	126063	L9378
s2825_9917	s2825	126064	L9379
s2828_9918	s2828	126068	L9380
s2829_9919	s2829	126069	L9381
s2834_9920	s2834	126074	L9382
s2835_9921	s2835	126075	L9383
s2836_9922	s2836	126076	L9384
s2843_9923	s2843	126084	L9385
s2844_9924	s2844	126085	L9386
s2847_9927	s2847	126088	L9387
s2851_9928	s2851	126093	L9388
s2852_9929	s2852	126094	L9389
s2853_9930	s2853	126095	L9390
s2854_9931	s2854	126096	L9391
s2860_9932	s2860	126102	L9392
s2863_9933	s2863	126105	L9393
s2866_9934	s2866	126108	L9394
s2870_9935	s2870	126112	L9395
s2872_9936	s2872	126114	L9396
s2872_9937	s2872	126114	L9397
s2877_9938	s2877	126119	L9398
s2877_9939	s2877	126119	L9399
s2881_9940	s2881	126123	L9400
s2882_9941	s2882	126124	L9401
s2885_9942	s2885	126127	L9402
s2888_9943	s2888	126130	L9403
s2889_9944	s2889	126131	L9404
s2890_9945	s2890	126132	L9405
s2890_9946	s2890	126132	L9406
s2891_9948	s2891	126133	L9407
s2892_9949	s2892	126134	L9408
s2894_9950	s2894	126136	L9409
s2896_9951	s2896	126138	L9410
s2897_9952	s2897	126139	L9411
s2898_9953	s2898	126140	L9412
s2901_9954	s2901	126143	L9413
s2903_9955	s2903	126145	L9414
s2904_9956	s2904	126146	L9415
s2909_9957	s2909	126151	L9416
s2914_9958	s2914	126156	L9417
s2920_9959	s2920	126162	L9418
s2921_9960	s2921	126163	L9419
s2922_9961	s2922	126164	L9420
s2923_9962	s2923	126165	L9421
s2925_9963	s2925	126167	L9422
s2926_9964	s2926	126168	L9423
s2928_9965	s2928	126170	L9424
s2930_9966	s2930	126172	L9425
s2931_9967	s2931	126173	L9426
s2934_9968	s2934	126176	L9427
s2937_9969	s2937	126179	L9428
s2941_9970	s2941	126183	L9429
s2947_9971	s2947	126190	L9430
s2949_9972	s2949	126193	L9431
s2952_9973	s2952	126196	L9432
s2954_9974	s2954	126198	L9433
s2955_9975	s2955	126199	L9434
s2957_9976	s2957	126201	L9435
s2963_9977	s2963	126208	L9436
s2963_9978	s2963	126208	L9437
s2965_9979	s2965	126210	L9438
s2968_9980	s2968	126213	L9439
s2968_9981	s2968	126213	L9440
s2970_9982	s2970	126215	L9441
s2970_9983	s2970	126215	L9442
s2976_9984	s2976	126221	L9443
s2976_9985	s2976	126221	L9444
s2979_9986	s2979	126224	L9445
s2979_9987	s2979	126224	L9446
s2981_9988	s2981	126226	L9447
s2981_9989	s2981	126226	L9448
s2981_9990	s2981	126226	L9449
s2981_9991	s2981	126226	L9450
s2984_9992	s2984	126229	L9451
s2984_9993	s2984	126229	L9452
s2985_9996	s2985	126230	L9453
s2989_9997	s2989	126234	L9454
s2992_10000	s2992	126237	L9455
s2992_10001	s2992	126237	L9456
s2993_10002	s2993	126238	L9457
s2994_10003	s2994	126239	L9458
s2995_10004	s2995	126240	L9459
s2996_10005	s2996	126241	L9460
s2996_10006	s2996	126241	L9461
s2997_10007	s2997	126242	L9462
s2998_10008	s2998	126243	L9463
s3005_10009	s3005	126250	L9464
s3008_10010	s3008	126253	L9465
s3014_10011	s3014	126259	L9466
s3015_10012	s3015	126261	L9467
s3015_10013	s3015	126260	L9468
s3017_10014	s3017	126263	L9469
s3019_10015	s3019	126265	L9470
s3022_10016	s3022	126268	L9471
s3023_10017	s3023	126269	L9472
s3028_10022	s3028	126274	L9473
s3028_10023	s3028	126274	L9474
s3030_10024	s3030	126276	L9475
s3030_10025	s3030	126276	L9476
s3031_10026	s3031	126277	L9477
s3031_10027	s3031	126277	L9478
s3041_10028	s3041	126287	L9479
s3041_10029	s3041	126287	L9480
s3042_10030	s3042	126288	L9481
s3046_10031	s3046	126292	L9482
s3046_10032	s3046	126292	L9483
s3051_10033	s3051	126297	L9484
s3052_10034	s3052	126298	L9485
s3053_10035	s3053	126299	L9486
s3053_10036	s3053	126299	L9487
s3055_10037	s3055	126301	L9488
s3055_10038	s3055	126301	L9489
s3055_10040	s3055	126301	L9490
s3055_10041	s3055	126301	L9491
s3059_10043	s3059	126305	L9492
s3061_10044	s3061	126307	L9493
s3061_10045	s3061	126307	L9494
s3061_10046	s3061	126307	L9495
s3064_10047	s3064	126310	L9496
s3064_10048	s3064	126310	L9497
s3065_10049	s3065	126311	L9498
s3065_10050	s3065	126311	L9499
s3065_10051	s3065	126311	L9500
s3065_10052	s3065	126311	L9501
s3065_10053	s3065	126311	L9502
s3065_10054	s3065	126311	L9503
s3065_10055	s3065	126311	L9504
s3067_10056	s3067	126313	L9505
s3069_10057	s3069	126315	L9506
s3069_10058	s3069	126315	L9507
s3074_10059	s3074	126320	L9508
s3078_10060	s3078	126324	L9509
s3081_10061	s3081	126327	L9510
s3083_10062	s3083	126329	L9511
s3087_10063	s3087	126333	L9512
s3092_10064	s3092	126338	L9513
s3094_10065	s3094	126340	L9514
s3095_10066	s3095	126341	L9515
s3097_10067	s3097	126343	L9516
s3097_10068	s3097	126343	L9517
s3097_10069	s3097	126343	L9518
s3097_10070	s3097	126343	L9519
s3102_10071	s3102	126348	L9520
s3102_10072	s3102	126348	L9521
s3109_10073	s3109	126355	L9522
s3110_10074	s3110	126356	L9523
s3110_10075	s3110	126356	L9524
s3110_10076	s3110	126356	L9525
s3113_10077	s3113	126359	L9526
s3114_10078	s3114	126360	L9527
s3115_10079	s3115	126361	L9528
s3117_10080	s3117	126363	L9529
s3121_10081	s3121	126367	L9530
s3123_10082	s3123	126369	L9531
s3123_10083	s3123	126369	L9532
s3127_10084	s3127	126373	L9533
s3127_10085	s3127	126373	L9534
s3127_10086	s3127	126373	L9535
s3128_10087	s3128	126374	L9536
s3128_10088	s3128	126374	L9537
s3128_10089	s3128	126374	L9538
s3128_10090	s3128	126374	L9539
s3128_10091	s3128	126374	L9540
s3128_10092	s3128	126374	L9541
s3132_10093	s3132	126378	L9542
s3133_10094	s3133	126379	L9543
s3138_10095	s3138	126384	L9544
s3139_10096	s3139	126385	L9545
s3140_10097	s3140	126386	L9546
s3142_10098	s3142	126388	L9547
s3148_10099	s3148	126394	L9548
s3150_10100	s3150	126396	L9549
s3150_10101	s3150	126396	L9550
s3150_10102	s3150	126396	L9551
s3154_10103	s3154	126400	L9552
s3156_10104	s3156	126402	L9553
s3157_10105	s3157	126403	L9554
s3158_10106	s3158	126404	L9555
s3158_10107	s3158	126404	L9556
s3158_10108	s3158	126404	L9557
s3160_10109	s3160	126406	L9558
s3160_10110	s3160	126406	L9559
s3160_10111	s3160	126406	L9560
s3161_10112	s3161	126407	L9561
s3162_10113	s3162	126408	L9562
s3162_10114	s3162	126408	L9563
s3162_10115	s3162	126408	L9564
s3163_10116	s3163	126409	L9565
s3164_10118	s3164	126410	L9566
s3169_10119	s3169	126415	L9567
s3173_10120	s3173	126419	L9568
s3173_10121	s3173	126419	L9569
s3174_10122	s3174	126420	L9570
s3178_10123	s3178	126425	L9571
s3180_10124	s3180	126427	L9572
s3182_10125	s3182	126429	L9573
s3182_10126	s3182	126429	L9574
s3183_10127	s3183	126430	L9575
s3184_10128	s3184	126431	L9576
s3184_10129	s3184	126431	L9577
s3185_10130	s3185	126432	L9578
s3186_10131	s3186	126433	L9579
s3187_10132	s3187	126434	L9580
s3188_10133	s3188	126435	L9581
s3190_10134	s3190	126437	L9582
s3191_10135	s3191	126438	L9583
s3192_10136	s3192	126439	L9584
s3194_10137	s3194	126441	L9585
s3195_10138	s3195	126442	L9586
s3196_10139	s3196	126443	L9587
s3198_10140	s3198	126445	L9588
s3198_10141	s3198	126445	L9589
s3199_10142	s3199	126446	L9590
s3203_10143	s3203	126450	L9591
s3205_10144	s3205	126452	L9592
s3206_10145	s3206	126453	L9593
s3207_10146	s3207	126454	L9594
s3208_10147	s3208	126455	L9595
s3211_10148	s3211	126458	L9596
s3211_10149	s3211	126458	L9597
s3214_10150	s3214	126461	L9598
s3215_10151	s3215	126462	L9599
s3216_10152	s3216	126463	L9600
s3217_10153	s3217	126464	L9601
s3219_10154	s3219	126466	L9602
s3219_10155	s3219	126466	L9603
s3226_10156	s3226	126473	L9604
s3228_10157	s3228	126475	L9605
s3233_10158	s3233	126480	L9606
s3235_10159	s3235	126482	L9607
s3236_10160	s3236	126483	L9608
s3237_10161	s3237	126484	L9609
s3237_10162	s3237	126484	L9610
s3238_10163	s3238	126485	L9611
s3248_10164	s3248	126495	L9612
s3249_10165	s3249	126496	L9613
s3251_10166	s3251	126498	L9614
s3256_10167	s3256	126503	L9615
s3256_10168	s3256	126503	L9616
s3257_10169	s3257	126504	L9617
s3259_10170	s3259	126506	L9618
s3260_10171	s3260	126507	L9619
s3261_10172	s3261	126508	L9620
s3266_10173	s3266	126513	L9621
s3266_10174	s3266	126513	L9622
s3266_10175	s3266	126513	L9623
s3270_10176	s3270	126517	L9624
s3270_10177	s3270	126517	L9625
s3270_10178	s3270	126517	L9626
s3276_10179	s3276	126523	L9627
s3276_10180	s3276	126523	L9628
s3276_10181	s3276	126523	L9629
s3277_10182	s3277	126524	L9630
s3277_10183	s3277	126524	L9631
s3283_10184	s3283	126530	L9632
s3283_10185	s3283	126530	L9633
s3283_10186	s3283	126530	L9634
s3285_10187	s3285	126532	L9635
s3285_10188	s3285	126533	L9636
s3289_10189	s3289	126537	L9637
s3289_10190	s3289	126537	L9638
s3289_10191	s3289	126537	L9639
s3290_10192	s3290	126538	L9640
s3290_10193	s3290	126538	L9641
s3290_10194	s3290	126538	L9642
s3291_10195	s3291	126539	L9643
s3293_10196	s3293	126541	L9644
s3294_10197	s3294	126542	L9645
s3294_10198	s3294	126542	L9646
s3294_10199	s3294	126542	L9647
s3297_10200	s3297	126545	L9648
s3297_10201	s3297	126545	L9649
s3297_10202	s3297	126545	L9650
s3300_10203	s3300	126548	L9651
s3300_10204	s3300	126548	L9652
s3300_10205	s3300	126548	L9653
s3302_10206	s3302	126550	L9654
s3306_10208	s3306	126554	L9655
s3308_10209	s3308	126556	L9656
s3310_10210	s3310	126558	L9657
s3310_10211	s3310	126558	L9658
s3324_10212	s3324	126573	L9659
s3330_10213	s3330	126580	L9660
s3338_10214	s3338	126588	L9661
s3341_10215	s3341	126591	L9662
s3341_10216	s3341	126591	L9663
s3345_10217	s3345	126595	L9664
s3345_10218	s3345	126595	L9665
s3346_10220	s3346	126596	L9666
s3346_10221	s3346	126596	L9667
s3347_10222	s3347	126597	L9668
s3351_10223	s3351	126601	L9669
s3352_10224	s3352	126602	L9670
s3354_10225	s3354	126604	L9671
s3356_10226	s3356	126606	L9672
s3356_10227	s3356	126606	L9673
s3362_10228	s3362	126612	L9674
s3363_10229	s3363	126613	L9675
s3366_10230	s3366	126616	L9676
s3369_10231	s3369	126619	L9677
s3370_10232	s3370	126620	L9678
s3370_10233	s3370	126620	L9679
s3381_10234	s3381	126632	L9680
s3384_10235	s3384	126635	L9681
s3385_10236	s3385	126636	L9682
s3385_10237	s3385	126636	L9683
s3386_10238	s3386	126637	L9684
s3387_10239	s3387	126638	L9685
s3387_10240	s3387	126638	L9686
s3389_10241	s3389	126640	L9687
s3390_10242	s3390	126641	L9688
s3390_10243	s3390	126641	L9689
s3393_10244	s3393	126644	L9690
s3393_10245	s3393	126644	L9691
s3394_10246	s3394	126645	L9692
s3394_10247	s3394	126645	L9693
s3395_10248	s3395	126646	L9694
s3395_10249	s3395	126646	L9695
s3396_10250	s3396	126647	L9696
s3397_10251	s3397	126648	L9697
s3397_10252	s3397	126648	L9698
s3402_10253	s3402	126653	L9699
s3402_10254	s3402	126653	L9700
s3405_10255	s3405	126656	L9701
s3405_10256	s3405	126656	L9702
s3405_10257	s3405	126656	L9703
s3406_10258	s3406	126657	L9704
s3407_10259	s3407	126658	L9705
s3412_10260	s3412	126663	L9706
s3412_10261	s3412	126663	L9707
s3414_10262	s3414	126665	L9708
s3425_10263	s3425	126676	L9709
s3427_10264	s3427	126679	L9710
s3436_10265	s3436	126689	L9711
s3436_sc_10266	s3436_sc	126689	L9712
s3447_10267	s3447	126701	L9713
s3452_10268	s3452	126707	L9714
s3452_10269	s3452	126707	L9715
s3454_10270	s3454	126709	L9716
s3454_10271	s3454	126709	L9717
s3459_10272	s3459	126714	L9718
s3465_10273	s3465	126721	L9719
s3466_10274	s3466	126722	L9720
s3467_10275	s3467	126723	L9721
s3468_10276	s3468	126724	L9722
s3469_10277	s3469	126725	L9723
s3472_10278	s3472	126728	L9724
s3473_10279	s3473	126729	L9725
s3474_10280	s3474	126730	L9726
s3475_10281	s3475	126731	L9727
s3478_10282	s3478	126734	L9728
s3479_10283	s3479	126735	L9729
s3480_10284	s3480	126736	L9730
s3480_10285	s3480	126736	L9731
s3481_10286	s3481	126737	L9732
s3483_10287	s3483	126739	L9733
s3485_10288	s3485	126742	L9734
s3486_10289	s3486	126743	L9735
s3486_10290	s3486	126743	L9736
s3487_10291	s3487	126744	L9737
s3487_10292	s3487	126744	L9738
s3491_10293	s3491	126748	L9739
s3491_10294	s3491	126748	L9740
s3494_10295	s3494	126751	L9741
s3497_10296	s3497	126754	L9742
s3501_10297	s3501	126758	L9743
s3503_10298	s3503	126760	L9744
s3504_10299	s3504	126761	L9745
s3505_10300	s3505	126762	L9746
s3508_10301	s3508	126765	L9747
s3508_10302	s3508	126765	L9748
s3510_10303	s3510	126767	L9749
s3512_10304	s3512	126769	L9750
s3513_10305	s3513	126770	L9751
s3513_10306	s3513	126770	L9752
s3514_10307	s3514	126771	L9753
s3515_10308	s3515	126772	L9754
s3516_10309	s3516	126773	L9755
s3517_10310	s3517	126774	L9756
s3518_10311	s3518	126775	L9757
s3520_10312	s3520	126777	L9758
s3521_10313	s3521	126778	L9759
s3523_10314	s3523	126780	L9760
s3524_10315	s3524	126781	L9761
s3525_10316	s3525	126782	L9762
s3526_10317	s3526	126783	L9763
s3527_10318	s3527	126784	L9764
s3528_10319	s3528	126785	L9765
s3529_10320	s3529	126786	L9766
s3530_10321	s3530	126787	L9767
s3531_10322	s3531	126788	L9768
s3532_10323	s3532	126789	L9769
s3534_10324	s3534	126791	L9770
s3535_10325	s3535	126792	L9771
s3537_10326	s3537	126794	L9772
s3539_10327	s3539	126796	L9773
s3540_10328	s3540	126797	L9774
s3542_10329	s3542	126799	L9775
s3543_10330	s3543	126800	L9776
s3544_10331	s3544	126801	L9777
s3545_10332	s3545	126802	L9778
s3546_10333	s3546	126803	L9779
s3547_10335	s3547	126804	L9780
s3547_10336	s3547	126804	L9781
s3551_10337	s3551	126809	L9782
s3552_10338	s3552	126810	L9783
s3553_10339	s3553	126811	L9784
s3555_10340	s3555	126813	L9785
s3557_10341	s3557	126815	L9786
s3559_10342	s3559	126817	L9787
s3561_10343	s3561	126819	L9788
s3562_10344	s3562	126820	L9789
s3563_10345	s3563	126821	L9790
s3564_10346	s3564	126822	L9791
s3565_10347	s3565	126823	L9792
s3567_10348	s3567	126825	L9793
s3568_10349	s3568	126826	L9794
s3569_10350	s3569	126827	L9795
s3571_10351	s3571	126830	L9796
s3571_10352	s3571	126829	L9797
s3571_10353	s3571	126829	L9798
s3573_10354	s3573	126832	L9799
s3575_10355	s3575	126834	L9800
s3576_10356	s3576	126835	L9801
s3577_10358	s3577	126836	L9802
s3579_10359	s3579	126838	L9803
s3579_10360	s3579	126838	L9804
s3580_10361	s3580	126839	L9805
s3580_10362	s3580	126839	L9806
s3581_10363	s3581	126840	L9807
s3582_10364	s3582	126841	L9808
s3583_10365	s3583	126842	L9809
s3583_10366	s3583	126842	L9810
s3584_10367	s3584	126843	L9811
s3585_10368	s3585	126844	L9812
s3586_10369	s3586	126845	L9813
s3587_10370	s3587	126846	L9814
s3588_10371	s3588	126847	L9815
s3589_10372	s3589	126848	L9816
s3590_10373	s3590	126849	L9817
s3594_10374	s3594	126853	L9818
s3598_10375	s3598	126857	L9819
s3599_10376	s3599	126858	L9820
s3600_10377	s3600	126859	L9821
s3601_10378	s3601	126860	L9822
s3602_10379	s3602	126861	L9823
s3603_10380	s3603	126862	L9824
s3604_10381	s3604	126863	L9825
s3605_10382	s3605	126864	L9826
s3606_10383	s3606	126865	L9827
s3607_10384	s3607	126866	L9828
s3609_10385	s3609	126868	L9829
s3610_10386	s3610	126869	L9830
s3611_10387	s3611	126870	L9831
s3613_10388	s3613	126872	L9832
s3614_10389	s3614	126873	L9833
s3615_10390	s3615	126874	L9834
s3615_10391	s3615	126874	L9835
s3616_10392	s3616	126875	L9836
s3619_10393	s3619	126878	L9837
s3620_10394	s3620	126879	L9838
s3624_10395	s3624	126884	L9839
s3626_10396	s3626	126887	L9840
s3627_10397	s3627	126888	L9841
s3629_10398	s3629	126890	L9842
s3630_10399	s3630	126891	L9843
s3631_10400	s3631	126892	L9844
s3632_10401	s3632	126893	L9845
s3633_10402	s3633	126894	L9846
s3634_10403	s3634	126895	L9847
s3636_10404	s3636	126897	L9848
s3638_10405	s3638	126899	L9849
s3640_10406	s3640	126901	L9850
s3642_10407	s3642	126903	L9851
s3643_10408	s3643	126904	L9852
s3646_10409	s3646	126907	L9853
s3647_10410	s3647	126908	L9854
s3650_10411	s3650	126911	L9855
s3652_10412	s3652	126913	L9856
s3653_10413	s3653	126914	L9857
s3654_10414	s3654	126915	L9858
s3656_10415	s3656	126917	L9859
s3660_10416	s3660	126921	L9860
s3661_10417	s3661	126922	L9861
s3662_10418	s3662	126923	L9862
s3664_10419	s3664	126925	L9863
s3671_10420	s3671	126932	L9864
s3673_10421	s3673	126934	L9865
s3674_10422	s3674	126935	L9866
s3675_10423	s3675	126936	L9867
s3676_10424	s3676	126937	L9868
s3677_10425	s3677	126938	L9869
s3677_10426	s3677	126938	L9870
s3678_10427	s3678	126939	L9871
s3680_10428	s3680	126941	L9872
s3680_10429	s3680	126941	L9873
s3682_10430	s3682	126943	L9874
s3683_10431	s3683	126944	L9875
s3685_10432	s3685	126946	L9876
s3686_10433	s3686	126947	L9877
s3687_10434	s3687	126948	L9878
s3688_10435	s3688	126949	L9879
s3689_10436	s3689	126950	L9880
s3689_10437	s3689	126950	L9881
s3690_10438	s3690	126951	L9882
s3691_10439	s3691	126952	L9883
s3692_10440	s3692	126953	L9884
s3693_10441	s3693	126954	L9885
s3694_10442	s3694	126955	L9886
s3696_10443	s3696	126957	L9887
s3699_10444	s3699	126960	L9888
s3700_10445	s3700	126961	L9889
s3701_10446	s3701	126962	L9890
s3702_10447	s3702	126963	L9891
s3704_10448	s3704	126965	L9892
s3704_sc_10449	s3704_sc	126965	L9893
s3705_10450	s3705	126966	L9894
s3706_10451	s3706	126967	L9895
s3708_10452	s3708	126969	L9896
s3711_10453	s3711	126972	L9897
s3712_10454	s3712	126973	L9898
s3713_10455	s3713	126974	L9899
s3716_10456	s3716	126977	L9900
s3719_10457	s3719	126980	L9901
s3721_10458	s3721	126982	L9902
s3722_10459	s3722	126983	L9903
s3722_sc_10460	s3722_sc	126984	L9904
s3723_10461	s3723	126985	L9905
s3724_10462	s3724	126986	L9906
s3725_10463	s3725	126987	L9907
s3727_10464	s3727	126989	L9908
s3728_10465	s3728	126990	L9909
s3729_10466	s3729	126991	L9910
s3731_10467	s3731	126993	L9911
s3732_10468	s3732	126994	L9912
s3732_10469	s3732	126994	L9913
s3733_10470	s3733	126995	L9914
s3734_10471	s3734	126996	L9915
s3735_10472	s3735	126997	L9916
s3736_10473	s3736	126998	L9917
s3740_10474	s3740	127002	L9918
s3742_10475	s3742	127004	L9919
s3744_10476	s3744	127006	L9920
s3748_10477	s3748	127011	L9921
s3748_10478	s3748	127011	L9922
s3749_10479	s3749	127012	L9923
s3751_10480	s3751	127014	L9924
s3754_10481	s3754	127018	L9925
s3754_10482	s3754	127018	L9926
s3756_10483	s3756	127020	L9927
s3756_10484	s3756	127020	L9928
s3757_10485	s3757	127021	L9929
s3757_10487	s3757	127021	L9930
s3758_10489	s3758	127022	L9931
s3758_10490	s3758	127022	L9932
s3760_10491	s3760	127024	L9933
s3760_10492	s3760	127024	L9934
s3761_10493	s3761	127025	L9935
s3764_10494	s3764	127028	L9936
s3764_10495	s3764	127028	L9937
s3766_10496	s3766	127030	L9938
s3766_10497	s3766	127030	L9939
s3773_10498	s3773	127037	L9940
s3773_10499	s3773	127037	L9941
s3775_10500	s3775	127039	L9942
s3775_10501	s3775	127039	L9943
s3775_10502	s3775	127039	L9944
s3775_10503	s3775	127039	L9945
s3777_10504	s3777	127041	L9946
s3777_10505	s3777	127041	L9947
s3778_10506	s3778	127042	L9948
s3778_10507	s3778	127042	L9949
s3780_10510	s3780	127044	L9950
s3780_10511	s3780	127044	L9951
s3789_10512	s3789	127053	L9952
s3789_10513	s3789	127053	L9953
s3794_10516	s3794	127058	L9954
s3794_10517	s3794	127058	L9955
s3799_10518	s3799	127063	L9956
s3802_10519	s3802	127067	L9957
s3803_10520	s3803	127068	L9958
s3808_10521	s3808	127073	L9959
s3810_10522	s3810	127075	L9960
s3811_10523	s3811	127076	L9961
s3819_10524	s3819	127084	L9962
s3819_10525	s3819	127084	L9963
s3823_10526	s3823	127090	L9964
s3827_10527	s3827	127094	L9965
s3831_10528	s3831	127098	L9966
s3836_10529	s3836	127103	L9967
s3836_10530	s3836	127103	L9968
s3836_10531	s3836	127103	L9969
s3841_10532	s3841	127108	L9970
s3844_10533	s3844	127111	L9971
s3844_10534	s3844	127111	L9972
s3844_10535	s3844	127111	L9973
s3848_10536	s3848	127115	L9974
s3853_10537	s3853	127121	L9975
s3857_10538	s3857	127125	L9976
s3862_10539	s3862	127130	L9977
s3862_10540	s3862	127130	L9978
s3866_10541	s3866	127135	L9979
s3871_10542	s3871	127140	L9980
s3877_10543	s3877	127146	L9981
s3878_10544	s3878	127147	L9982
s3879_10545	s3879	127148	L9983
s3884_10546	s3884	127153	L9984
s3906_10547	s3906	127177	L9985
s3920_10548	s3920	127191	L9986
s3953_10549	s3953	127229	L9987
s3954_10550	s3954	127230	L9988
s4021_10551	s4021	127302	L9989
s4021_10552	s4021	127302	L9990
s4028_10553	s4028	127311	L9991
s4031_10554	s4031	127314	L9992
s4038_10555	s4038	127321	L9993
s4040_10556	s4040	126741	L9994
s6133_10557	s6133	127324	L9995
s6230_10558	s6230	127328	L9996
s6234_10559	s6234	127332	L9997
s6237_10560	s6237	127335	L9998
s6346_10561	s6346	127338	L9999
s6346_10562	s6346	127338	L10000
s7731_10563	s7731	127367	L10001
s7998_10564	s7998	127372	L10002
s8575_10565	s8575	127381	L10003
s9575_10566	s9575	127405	L10004
s9912_10567	s9912	127412	L10005
s9994_10568	s9994	127506	L10006
s9994_10569	s9994	127506	L10007
t0003_10570	t0003	127515	L10008
t0007_10571	t0007	127520	L10009
t0007_sc_10572	t0007_sc	127521	L10010
t0017_10573	t0017	127532	L10011
t0023_10574	t0023	127538	L10012
t0033_10575	t0033	127552	L10013
t0035_10576	t0035	127555	L10014
t0043_10577	t0043	127564	L10015
t0045_10578	t0045	127566	L10016
t0056_10579	t0056	127577	L10017
t0056_10580	t0056	127577	L10018
t0068_10581	t0068	127590	L10019
t0069_10582	t0069	127591	L10020
t0090_10583	t0090	127613	L10021
t0096_10584	t0096	127620	L10022
t0096_10585	t0096	127620	L10023
t0117_10587	t0117	127643	L10024
t0117_sc_10588	t0117_sc	127644	L10025
t0129_10589	t0129	127656	L10026
t0156_10590	t0156	127684	L10027
t0174_10591	t0174	127704	L10028
t0200_10592	t0200	127731	L10029
t0228_10593	t0228	127759	L10030
t0231_10594	t0231	127762	L10031
t0241_10595	t0241	127773	L10032
t0263_10596	t0263	127795	L10033
t0263_10597	t0263	127795	L10034
t0273_10598	t0273	127805	L10035
t0273_10599	t0273	127805	L10036
t0273_10600	t0273	127805	L10037
t0278_10602	t0278	127811	L10038
t0279_10603	t0279	127812	L10039
t0284_10604	t0284	127817	L10040
t0289_10605	t0289	127822	L10041
t0291_10608	t0291	127825	L10042
t0291_10609	t0291	127825	L10043
t0315_10610	t0315	127850	L10044
t0319_10611	t0319	127855	L10045
t0336_10612	t0336	127873	L10046
t0343_10613	t0343	127881	L10047
t0343_10614	t0343	127880	L10048
t0348_10616	t0348	127887	L10049
t0349_10617	t0349	127888	L10050
t0360_10618	t0360	127899	L10051
t0371_10619	t0371	127911	L10052
t0371_10620	t0371	127911	L10053
t0378_10621	t0378	127920	L10054
t0388_10622	t0388	127931	L10055
t0395_10623	t0395	127939	L10056
t0410_10624	t0410	127954	L10057
t0418_10625	t0418	127962	L10058
t0418_10626	t0418	127962	L10059
t0418_10627	t0418	127962	L10060
t0418_10628	t0418	127962	L10061
t0441_10629	t0441	127986	L10062
t0441_10630	t0441	127985	L10063
t0441_10631	t0441	127985	L10064
t0445_10632	t0445	127991	L10065
t0450_10633	t0450	127997	L10066
t0487_10634	t0487	128040	L10067
t0503_10635	t0503	128056	L10068
t0504_10636	t0504	128057	L10069
t0513_10637	t0513	128067	L10070
t0585_10638	t0585	128144	L10071
t0592_10639	t0592	128151	L10072
t0605_10640	t0605	128165	L10073
t0605_10641	t0605	128165	L10074
t0646_10642	t0646	128210	L10075
t0675_10643	t0675	128242	L10076
t0675_10644	t0675	128242	L10077
t0675_10646	t0675	128241	L10078
t0695_10648	t0695	128263	L10079
t0696_10649	t0696	128264	L10080
t0696_sc_10650	t0696_sc	128265	L10081
t0710_10651	t0710	128280	L10082
t0710_10652	t0710	128280	L10083
t0712_10653	t0712	128282	L10084
t0712_10654	t0712	128282	L10085
t0716_10655	t0716	128287	L10086
t0716_10656	t0716	128287	L10087
t0716_10657	t0716	128287	L10088
t0716_10658	t0716	128287	L10089
t0716_10659	t0716	128287	L10090
t0717_10660	t0717	128288	L10091
t0718_10661	t0718	128289	L10092
t0726_10662	t0726	128297	L10093
t0726_10663	t0726	128297	L10094
t0743_10664	t0743	128318	L10095
t0747_10665	t0747	128322	L10096
t0751_10666	t0751	128326	L10097
t0752_10667	t0752	128327	L10098
t0753_10668	t0753	128328	L10099
t0777_10669	t0777	128354	L10100
t0780_10670	t0780	128357	L10101
t0780_10671	t0780	128357	L10102
t0785_10673	t0785	128362	L10103
t0795_10674	t0795	128372	L10104
t0796_10675	t0796	128373	L10105
t0797_10676	t0797	128374	L10106
t0803_10677	t0803	128380	L10107
t0804_10678	t0804	128381	L10108
t0804_10679	t0804	128381	L10109
t0811_10680	t0811	128388	L10110
t0835_10681	t0835	128421	L10111
t0849_10682	t0849	128437	L10112
t0854_10683	t0854	128442	L10113
t0855_10684	t0855	128443	L10114
t0855_sc_10685	t0855_sc	128444	L10115
t0858_10686	t0858	128447	L10116
t0860_10687	t0860	128449	L10117
t0862_10688	t0862	128451	L10118
t0863_10689	t0863	128452	L10119
t0863_10690	t0863	128452	L10120
t0865_10691	t0865	128454	L10121
t0872_10692	t0872	128462	L10122
t0884_10693	t0884	128476	L10123
t0919_10694	t0919	128512	L10124
t0926_10695	t0926	128519	L10125
t0926_10696	t0926	128519	L10126
t0926_10697	t0926	128519	L10127
t0927_10700	t0927	128520	L10128
t0927_10701	t0927	128520	L10129
t0927_10702	t0927	128520	L10130
t0927_10703	t0927	128520	L10131
t0933_10704	t0933	128526	L10132
t0956_10705	t0956	128552	L10133
t0957_10706	t0957	128553	L10134
t0957_10707	t0957	128553	L10135
t0957_10708	t0957	128553	L10136
t0957_10709	t0957	128553	L10137
t0967_10710	t0967	128563	L10138
t0970_10711	t0970	128568	L10139
t0973_10714	t0973	128571	L10140
t0978_10715	t0978	128576	L10141
t0979_10716	t0979	128577	L10142
t0980_10717	t0980	128578	L10143
t0980_10718	t0980	128578	L10144
t0980_10719	t0980	128578	L10145
t0982_10720	t0982	128580	L10146
t0983_10721	t0983	128581	L10147
t0985_10722	t0985	128583	L10148
t0985_10723	t0985	128583	L10149
t0985_10724	t0985	128583	L10150
t0988_10726	t0988	128586	L10151
t0993_10728	t0993	128591	L10152
t0993_10731	t0993	128591	L10153
t0993_10734	t0993	128591	L10154
t0994_10737	t0994	128592	L10155
t0994_10738	t0994	128592	L10156
t0994_10739	t0994	128592	L10157
t0994_10740	t0994	128592	L10158
t0995_10741	t0995	128593	L10159
t0995_10742	t0995	128593	L10160
t0995_10743	t0995	128593	L10161
t0997_10747	t0997	128595	L10162
t1001_10748	t1001	128599	L10163
t1002_10749	t1002	128600	L10164
t1005_10750	t1005	128603	L10165
t1007_10751	t1007	128605	L10166
t1009_10752	t1009	128607	L10167
t1013_10753	t1013	128611	L10168
t1014_10754	t1014	128612	L10169
t1017_10755	t1017	128615	L10170
t1019_10756	t1019	128617	L10171
t1021_10757	t1021	128619	L10172
t1023_10758	t1023	128621	L10173
t1024_10759	t1024	128622	L10174
t1026_10760	t1026	128624	L10175
t1027_10761	t1027	128625	L10176
t1027_10762	t1027	128625	L10177
t1028_10763	t1028	128626	L10178
t1028_10764	t1028	128626	L10179
t1032_10765	t1032	128630	L10180
t1032_10766	t1032	128630	L10181
t1032_10767	t1032	128630	L10182
t1033_10768	t1033	128631	L10183
t1033_10769	t1033	128631	L10184
t1033_10770	t1033	128631	L10185
t1033_10771	t1033	128631	L10186
t1033_10772	t1033	128631	L10187
t1033_10773	t1033	128631	L10188
t1033_10774	t1033	128631	L10189
t1033_10775	t1033	128631	L10190
t1033_10776	t1033	128631	L10191
t1033_10777	t1033	128631	L10192
t1037_10778	t1037	128635	L10193
t1040_10779	t1040	128638	L10194
t1041_10780	t1041	128639	L10195
t1042_10781	t1042	128640	L10196
t1047_10782	t1047	128645	L10197
t1049_10783	t1049	128647	L10198
t1049_10784	t1049	128647	L10199
t1049_10785	t1049	128647	L10200
t1050_10786	t1050	128648	L10201
t1050_10787	t1050	128648	L10202
t1050_10788	t1050	128648	L10203
t1055_10789	t1055	128653	L10204
t1055_10790	t1055	128653	L10205
t1055_10791	t1055	128653	L10206
t1057_10792	t1057	128655	L10207
t1057_10793	t1057	128655	L10208
t1057_10794	t1057	128655	L10209
t1058_10795	t1058	128656	L10210
t1061_10796	t1061	128659	L10211
t1061_10797	t1061	128659	L10212
t1061_10798	t1061	128659	L10213
t1063_10799	t1063	128661	L10214
t1067_10801	t1067	128665	L10215
t1068_10802	t1068	128666	L10216
t1068_10803	t1068	128666	L10217
t1068_10804	t1068	128666	L10218
t1069_10805	t1069	128667	L10219
t1070_10806	t1070	128668	L10220
t1070_10807	t1070	128668	L10221
t1070_10808	t1070	128668	L10222
t1072_10809	t1072	128670	L10223
t1073_10810	t1073	128671	L10224
t1074_10811	t1074	128672	L10225
t1078_10812	t1078	128676	L10226
t1080_10813	t1080	128678	L10227
t1080_10814	t1080	128678	L10228
t1080_10815	t1080	128678	L10229
t1081_10816	t1081	128679	L10230
t1082_10817	t1082	128680	L10231
t1082_10818	t1082	128680	L10232
t1082_10819	t1082	128680	L10233
t1084_10820	t1084	128682	L10234
t1087_10821	t1087	128685	L10235
t1093_10822	t1093	128692	L10236
t1095_10823	t1095	128694	L10237
t1096_10824	t1096	128695	L10238
t1099_10825	t1099	128698	L10239
t1099_10826	t1099	128698	L10240
t1099_10827	t1099	128698	L10241
t1101_10829	t1101	128700	L10242
t1102_10830	t1102	128701	L10243
t1104_10831	t1104	128703	L10244
t1108_10832	t1108	128707	L10245
t1109_10833	t1109	128708	L10246
t1109_10834	t1109	128708	L10247
t1109_10835	t1109	128708	L10248
t1109_10836	t1109	128708	L10249
t1109_10837	t1109	128708	L10250
t1110_10838	t1110	128709	L10251
t1112_10839	t1112	128711	L10252
t1112_10840	t1112	128711	L10253
t1112_10841	t1112	128711	L10254
t1113_10842	t1113	128712	L10255
t1113_10843	t1113	128712	L10256
t1113_10844	t1113	128712	L10257
t1116_10845	t1116	128715	L10258
t1116_10846	t1116	128715	L10259
t1116_10847	t1116	128715	L10260
t1116_10848	t1116	128715	L10261
t1117_10849	t1117	128716	L10262
t1118_10850	t1118	128717	L10263
t1118_10851	t1118	128717	L10264
t1118_10852	t1118	128717	L10265
t1119_10853	t1119	128718	L10266
t1121_10854	t1121	128720	L10267
t1143_10855	t1143	128749	L10268
t1144_10856	t1144	128750	L10269
t1148_10857	t1148	128754	L10270
t1153_10858	t1153	128759	L10271
t1156_10859	t1156	128762	L10272
t1176_10860	t1176	128787	L10273
t1184_10861	t1184	128795	L10274
t1223_10862	t1223	128840	L10275
t1268_10863	t1268	128890	L10276
t1312_10864	t1312	128941	L10277
t1337_10865	t1337	128969	L10278
t1337_10866	t1337	128969	L10279
t1349_10867	t1349	128981	L10280
t1349_10868	t1349	128981	L10281
t1351_10869	t1351	128983	L10282
t1354_10870	t1354	128986	L10283
t1354_10871	t1354	128986	L10284
t1361_10872	t1361	128993	L10285
t1361_10873	t1361	128993	L10286
t1379_10875	t1379	129011	L10287
t1380_10876	t1380	129012	L10288
t1380_10877	t1380	129012	L10289
t1390_10878	t1390	129025	L10290
t1406_10879	t1406	129043	L10291
t1409_10880	t1409	129046	L10292
t1420_10881	t1420	129057	L10293
t1452_10882	t1452	129090	L10294
t1453_10883	t1453	129091	L10295
t1459_10884	t1459	129098	L10296
t1463_10885	t1463	129106	L10297
t1463_10886	t1463	129106	L10298
t1464_10887	t1464	129107	L10299
t1468_10888	t1468	129113	L10300
t1470_10889	t1470	129115	L10301
t1473_10890	t1473	129119	L10302
t1497_10892	t1497	129149	L10303
t1498_10893	t1498	129150	L10304
t1688_10894	t1688	129161	L10305
t1690_10895	t1690	129163	L10306
t1694_10896	t1694	129167	L10307
t1696_10897	t1696	129169	L10308
t1705_10898	t1705	129180	L10309
t1705_10899	t1705	129180	L10310
t1710_10900	t1710	129185	L10311
t1711_10901	t1711	129186	L10312
t1712_10902	t1712	129188	L10313
t1712_10903	t1712	129188	L10314
t1712_10904	t1712	129188	L10315
t1712_10905	t1712	129187	L10316
t1712_10906	t1712	129187	L10317
t1712_10907	t1712	129187	L10318
t1712_10908	t1712	129189	L10319
t1712_10909	t1712	129189	L10320
t1712_10910	t1712	129189	L10321
t1720_10911	t1720	129197	L10322
t1723_10912	t1723	129200	L10323
t1724_10913	t1724	129201	L10324
t1725_10914	t1725	129202	L10325
t1725_sc_10915	t1725_sc	129203	L10326
t1732_10916	t1732	129210	L10327
t1738_10917	t1738	129217	L10328
t1743_10918	t1743	129224	L10329
t1743_10919	t1743	129224	L10330
t1747_10921	t1747	129228	L10331
t1761_10922	t1761	129241	L10332
t1770_10923	t1770	129250	L10333
t1775_10924	t1775	129255	L10334
t1783_10925	t1783	129264	L10335
t1783_10926	t1783	129264	L10336
t1792_10927	t1792	129273	L10337
t1792_10928	t1792	129273	L10338
t1810_10929	t1810	129290	L10339
t1820_10930	t1820	129298	L10340
t1829_10931	t1829	129307	L10341
t1843_10932	t1843	129322	L10342
t1860_10933	t1860	129339	L10343
t1860_10934	t1860	129339	L10344
t8313_10935	t8313	129360	L10345
t9036_10936	t9036	129376	L10346
t9309_10937	t9309	129381	L10347
t9312_10938	t9312	129385	L10348
t9313_10939	t9313	129386	L10349
t9314_10940	t9314	129387	L10350
t9314_sc_10941	t9314_sc	129388	L10351
t9726_10942	t9726	129400	L10352
t9726_10943	t9726	129400	L10353
t9873_10944	t9873	129406	L10354
t9978_10945	t9978	129431	L10355
u0010_10946	u0010	129465	L10356
u0010_10947	u0010	129465	L10357
u0010_10948	u0010	129465	L10358
u0013_10949	u0013	129468	L10359
u0013_10950	u0013	129468	L10360
u0013_10951	u0013	129468	L10361
u0014_10952	u0014	129469	L10362
u0017_10953	u0017	129472	L10363
u0021_10954	u0021	129476	L10364
u0024_10955	u0024	129481	L10365
u0029_10956	u0029	129486	L10366
u0035_10957	u0035	129492	L10367
u0035_10958	u0035	129492	L10368
u0037_10959	u0037	129495	L10369
u0038_10960	u0038	129497	L10370
u0047_10961	u0047	129506	L10371
u0048_10962	u0048	129507	L10372
u0050_10963	u0050	129509	L10373
u0056_10964	u0056	129515	L10374
u0062_10965	u0062	129521	L10375
u0064_10966	u0064	129523	L10376
u0073_10967	u0073	129535	L10377
u0083_10968	u0083	129545	L10378
u0086_10969	u0086	129549	L10379
u0096_10970	u0096	129559	L10380
u0102_10971	u0102	129565	L10381
u0112_10972	u0112	129576	L10382
u0117_10973	u0117	129581	L10383
u0119_10974	u0119	129583	L10384
u0122_10975	u0122	129587	L10385
u0144_10976	u0144	129614	L10386
u0148_10977	u0148	129619	L10387
u0150_10978	u0150	129621	L10388
u0160_10979	u0160	129633	L10389
u0174_10980	u0174	129648	L10390
u0192_10981	u0192	129667	L10391
u0193_10982	u0193	129668	L10392
u0198_10983	u0198	129673	L10393
u0203_10984	u0203	129678	L10394
u0210_10985	u0210	129685	L10395
u0217_10986	u0217	129693	L10396
u0233_10987	u0233	129712	L10397
u0238_10988	u0238	129718	L10398
u0244_10989	u0244	129724	L10399
u0246_10990	u0246	129726	L10400
u0248_10993	u0248	129728	L10401
u0271_10994	u0271	129754	L10402
u0274_10995	u0274	129757	L10403
u0274_10996	u0274	129757	L10404
u0280_10998	u0280	129766	L10405
u0284_10999	u0284	129770	L10406
u0284_11002	u0284	129770	L10407
u0293_11005	u0293	129781	L10408
u0300_11006	u0300	129790	L10409
u0302_11007	u0302	129792	L10410
u0309_11008	u0309	129799	L10411
u0312_11009	u0312	129802	L10412
u0313_11010	u0313	129803	L10413
u0324_11011	u0324	129816	L10414
u0334_11012	u0334	129826	L10415
u0360_11013	u0360	129853	L10416
u0361_11014	u0361	129854	L10417
u0365_11015	u0365	129859	L10418
u0368_11016	u0368	129862	L10419
u0369_11017	u0369	129863	L10420
u0372_11018	u0372	129867	L10421
u0372_11019	u0372	129867	L10422
u0383_11020	u0383	129878	L10423
u0385_11021	u0385	129881	L10424
u0392_11022	u0392	129889	L10425
u0406_11023	u0406	129904	L10426
u0410_11024	u0410	129909	L10427
u0412_11025	u0412	129911	L10428
u0417_11026	u0417	129918	L10429
u0417_11027	u0417	129918	L10430
u0422_11029	u0422	129923	L10431
u0422_11030	u0422	129923	L10432
u0433_11031	u0433	129936	L10433
u0438_11032	u0438	129942	L10434
u0438_11033	u0438	129942	L10435
u0454_11034	u0454	129961	L10436
u0454_11035	u0454	129961	L10437
u0459_11036	u0459	129966	L10438
u0459_11037	u0459	129966	L10439
u0465_11038	u0465	129974	L10440
u0473_11039	u0473	129982	L10441
u0473_11040	u0473	129982	L10442
u0475_11041	u0475	129984	L10443
u0476_11042	u0476	129986	L10444
u0482_11043	u0482	129993	L10445
u0489_11044	u0489	130002	L10446
u0510_11045	u0510	130027	L10447
u0512_11046	u0512	130029	L10448
u0512_11047	u0512	130029	L10449
u0526_11048	u0526	130047	L10450
u0530_11049	u0530	130051	L10451
u0537_11050	u0537	130063	L10452
u0539_11051	u0539	130065	L10453
u0539_11052	u0539	130065	L10454
u0539_11053	u0539	130065	L10455
u0539_11054	u0539	130065	L10456
u0539_11055	u0539	130065	L10457
u0539_11056	u0539	130065	L10458
u0545_11057	u0545	130073	L10459
u0545_11058	u0545	130073	L10460
u0557_11059	u0557	130087	L10461
u0602_11060	u0602	130136	L10462
u0612_11061	u0612	130146	L10463
u0613_11062	u0613	130147	L10464
u0626_11063	u0626	130163	L10465
u0631_11064	u0631	130168	L10466
u0635_11065	u0635	130173	L10467
u0636_11066	u0636	130174	L10468
u0636_sc_11067	u0636_sc	130175	L10469
u0644_11068	u0644	130183	L10470
u0644_11069	u0644	130183	L10471
u0652_11071	u0652	130191	L10472
u0653_11072	u0653	130192	L10473
u0653_11073	u0653	130192	L10474
u0655_11074	u0655	130195	L10475
u0655_11075	u0655	130195	L10476
u0658_11076	u0658	130198	L10477
u0661_11077	u0661	130201	L10478
u0685_11078	u0685	130229	L10479
u0688_11079	u0688	130232	L10480
u0688_11080	u0688	130232	L10481
u0691_11081	u0691	130235	L10482
u0698_11082	u0698	130243	L10483
u0707_11083	u0707	130252	L10484
u0707_11084	u0707	130252	L10485
u0725_11085	u0725	130270	L10486
u0730_11086	u0730	130276	L10487
u0744_11087	u0744	130292	L10488
u0751_11088	u0751	130301	L10489
u0757_11089	u0757	130307	L10490
u0757_sc_11090	u0757_sc	130308	L10491
u0772_11091	u0772	130326	L10492
u0782_11092	u0782	130338	L10493
u0782_11093	u0782	130338	L10494
u0782_11094	u0782	130338	L10495
u0784_11095	u0784	130340	L10496
u0784_11096	u0784	130340	L10497
u0787_11097	u0787	130343	L10498
u0807_11098	u0807	130363	L10499
u0823_11099	u0823	130380	L10500
u0826_11100	u0826	130383	L10501
u0827_11101	u0827	130384	L10502
u0827_11102	u0827	130384	L10503
u0831_11103	u0831	130389	L10504
u0862_11104	u0862	130423	L10505
u0865_11105	u0865	130426	L10506
u0872_11106	u0872	130433	L10507
u0888_11107	u0888	130449	L10508
u0894_11108	u0894	130456	L10509
u0904_11109	u0904	130467	L10510
u0909_11110	u0909	130472	L10511
u0913_11111	u0913	130476	L10512
u0913_11112	u0913	130476	L10513
u0913_11113	u0913	130476	L10514
u0913_11114	u0913	130476	L10515
u0919_11118	u0919	130482	L10516
u0921_11119	u0921	130485	L10517
u0942_11120	u0942	130506	L10518
u0961_11121	u0961	130526	L10519
u0977_11122	u0977	130542	L10520
u0979_11123	u0979	130544	L10521
u0982_11124	u0982	130548	L10522
u0982_11125	u0982	130548	L10523
u0984_11126	u0984	130551	L10524
u0984_11127	u0984	130551	L10525
u0985_11128	u0985	130552	L10526
u0985_11129	u0985	130552	L10527
u0985_sc_11130	u0985_sc	130553	L10528
u0985_sc_11131	u0985_sc	130553	L10529
u0991_11132	u0991	130559	L10530
u0991_11133	u0991	130559	L10531
u0995_11134	u0995	130564	L10532
u0995_11135	u0995	130564	L10533
u0997_11136	u0997	130566	L10534
u0997_11137	u0997	130566	L10535
u1006_11138	u1006	130575	L10536
u1006_11139	u1006	130575	L10537
u1013_11140	u1013	130582	L10538
u1017_11141	u1017	130586	L10539
u1019_11142	u1019	130588	L10540
u1068_11143	u1068	130640	L10541
u1073_11144	u1073	130645	L10542
u1073_11145	u1073	130645	L10543
u1079_11146	u1079	130651	L10544
u1086_11147	u1086	130658	L10545
u1091_11148	u1091	130663	L10546
u1091_11149	u1091	130663	L10547
u1111_11150	u1111	130685	L10548
u1111_11151	u1111	130685	L10549
u1131_11152	u1131	130705	L10550
u1148_11153	u1148	130725	L10551
u1149_11154	u1149	130726	L10552
u1151_11155	u1151	130728	L10553
u1152_11156	u1152	130729	L10554
u1152_11157	u1152	130729	L10555
u1165_11158	u1165	130743	L10556
u1167_11160	u1167	130745	L10557
u1167_11161	u1167	130745	L10558
u1168_11162	u1168	130746	L10559
u1188_11163	u1188	130766	L10560
u1202_11164	u1202	130780	L10561
u1211_11165	u1211	130789	L10562
u1214_11166	u1214	130793	L10563
u1214_11167	u1214	130793	L10564
u1222_11168	u1222	130801	L10565
u1227_11169	u1227	130805	L10566
u1252_11170	u1252	130831	L10567
u1252_11171	u1252	130831	L10568
u1257_11172	u1257	130837	L10569
u1266_11173	u1266	130847	L10570
u1276_11174	u1276	130859	L10571
u1276_11175	u1276	130859	L10572
u1285_11176	u1285	130868	L10573
u1297_11177	u1297	130882	L10574
u1299_11178	u1299	130884	L10575
u1299_11179	u1299	130884	L10576
u1302_11181	u1302	130888	L10577
u1302_11182	u1302	130888	L10578
u1305_11183	u1305	130891	L10579
u1310_11184	u1310	130897	L10580
u1317_11185	u1317	130904	L10581
u1333_11186	u1333	130924	L10582
u1333_11187	u1333	130924	L10583
u1333_11188	u1333	130923	L10584
u1333_11189	u1333	130923	L10585
u1333_11190	u1333	130923	L10586
u1353_11191	u1353	130944	L10587
u1363_11192	u1363	130954	L10588
u1363_11193	u1363	130954	L10589
u1370_11195	u1370	130961	L10590
u1370_11196	u1370	130961	L10591
u1377_11198	u1377	130968	L10592
u1380_11199	u1380	130971	L10593
u1393_11200	u1393	130983	L10594
u7247_11201	u7247	131021	L10595
u9015_11202	u9015	131033	L10596
u9158_11203	u9158	131039	L10597
u9161_11204	u9161	131042	L10598
u9162_11205	u9162	131043	L10599
u9332_11206	u9332	131052	L10600
u9332_11207	u9332	131052	L10601
u9332_11208	u9332	131052	L10602
u9366_11209	u9366	131060	L10603
u9490_11210	u9490	131068	L10604
u9545_11211	u9545	131072	L10605
u9573_11212	u9573	131073	L10606
u9574_11213	u9574	131074	L10607
u9635_11214	u9635	131087	L10608
u9720_11215	u9720	131089	L10609
z0009_11216	z0009	131194	L10610
z0026_11217	z0026	131215	L10611
z0027_11218	z0027	131216	L10612
z0028_11219	z0028	131217	L10613
z0028_11220	z0028	131217	L10614
