token_id	wikibase_qid
005.SCG*LB3.CP13++9.N.17.1-1.3-5W7	Q359
005.SCG*LB3.CP-8++7.N.-1.1-1.5-7W3	Q360
005.SCG*LB4.CP-1++1.N.19.1-1.3-4W1	Q361
005.SCG*LB3.CP-7++7.N.-1.1-1.3-3W1	Q362
005.SCG*LB3.CP-2++6.N.19.49-1.50-5W4	Q363
005.SCG*LB2.CP-8++3.N.17.1-2.6-3W32	Q364
005.SCG*LB2.CP-3++0.N.17.22-7.25-7W9	Q365
005.SCG*LB2.CP-2++8.N.15.8-1.11-1W5	Q366
005.SCG*LB1.CP-7++2.N.-9.11-1.12-3W4	Q367
005.SCG*LB4.CP-9++1.N.-6.5-4.8-4W13	Q368
005.SCG*LB2.CP-6++2.N.11.1-2.3-3W10	Q369
005.SCG*LB2.CP-7++3.N.19.5-5.8-4W5	Q370
005.SCG*LB2.CP-5++2.N.-2.17-1.19-3W3	Q371
005.SCG*LB3.CP-9++7.N.-5.1-1.5-2W18	Q372
005.SCG*LB4.CP-3++4.N.-3.17-1.21-1W28	Q373
005.SCG*LB3.CP-8++5.N.-7.1-2.3-4W8	Q374
005.SCG*LB3.CP-9++7.N.-4.1-1.4-4W10	Q375
005.SCG*LB2.CP-9++5.N.-1.1-1.3-1W6	Q376
005.SCG*LB3.CP-9++7.N.-3.12-1.15-4W7	Q377
005.SCG*LB2.CP10++0.N.-2.1-1.8-6W44	Q378
005.SCG*LB2.CP-5++5.N.-9.4-1.5-7W10	Q379
005.SCG*LB1.CP-8++2.N.--.1-1.3-2W2	Q380
005.SCG*LB4.CP-5++0.N.-8.9-2.11-1W4	Q381
005.SCG*LB2.CP--++2.N.-3.1-1.4-3W10	Q382
005.SCG*LB4.CP-5++3.N.13.6-1.8-2W12	Q383
005.SCG*LB1.CP--++3.N.-4.21-3.23-7W5	Q384
005.SCG*LB3.CP11++5.N.-3.4-2.5-5W9	Q385
005.SCG*LB1.CP--++3.N.-5.26-6.30-6W23	Q386
005.SCG*LB2.CP--++3.N.-5.1-2.6-4W8	Q387
005.SCG*LB3.CP14++0.N.-3.1-2.4-2W15	Q388
005.SCG*LB1.CP--++3.N.-2.10-1.12-1W9	Q389
005.SCG*LB4.CP-5++5.N.11.36-2.39-3W13	Q390
005.SCG*LB4.CP-9++1.N.-8.5-3.6-4W1	Q391
005.SCG*LB2.CP10++0.N.-2.8-7.15-5W9	Q392
005.SCG*LB2.CP-3++5.N.-6.39-4.46-2W34	Q393
005.SCG*LB2.CP10++0.N.-2.8-7.15-5W28	Q394
005.SCG*LB3.CP-4++1.N.11.11-7.14-3W5	Q395
005.SCG*LB3.CP-3++9.N.-7.1-2.2-7W8	Q396
005.SCG*LB2.CP-2++5.N.14.1-2.11-3W48	Q397
005.SCG*LB2.CP-5++5.N.-7.6-4.8-6W14	Q398
005.SCG*LB3.CP-5++0.N.-8.1-1.5-6W26	Q399
005.SCG*LB4.CP-5++1.N.-5.1-2.5-3W21	Q400
005.SCG*LB1.CP--++3.N.-4.25-1.28-5W1	Q401
005.SCG*LB2.CP10++0.N.-2.16-1.23-4W20	Q402
005.SCG*LB4.CP-2++2.N.-6.22-7.23-6W3	Q403
005.SCG*LB3.CP-8++4.N.-9.15-3.17-3W12	Q404
005.SCG*LB3.CP--++3.N.10.1-2.3-1W4	Q405
005.SCG*LB3.CP-9++5.N.18.1-1.3-3W11	Q406
005.SCG*LB4.CP-5++5.N.13.60-7.63-8W18	Q407
005.SCG*LB1.CP-3++3.N.-4.1-2.4-3W15	Q408
005.SCG*LB4.CP-5++5.N.14.8-6.12-6W16	Q409
005.SCG*LB3.CP15++4.N.17.24-5.27-5W11	Q410
005.SCG*LB3.CP-8++4.N.10.11-1.13-3W12	Q411
005.SCG*LB1.CP--++3.N.-5.15-5.20-1W11	Q412
005.SCG*LB3.CP-5++0.N.-4.4-1.6-3W16	Q413
005.SCG*LB2.CP10++0.N.-2.16-1.23-4W26	Q414
005.SCG*LB1.CP-6++5.N.-3.12-7.16-3W18	Q415
005.SCG*LB2.CP-4++9.N.-4.10-2.11-5W9	Q416
005.SCG*LB4.CP-6++5.N.-7.4-1.8-5W33	Q417
005.SCG*LB1.CP-2++1.N.-4.13-3.18-1W9	Q418
005.SCG*LB2.CP-7++5.N.10.24-3.27-1W14	Q419
005.SCG*LB1.CP-2++1.N.-4.19-5.22-3W12	Q420
005.SCG*LB4.CP-6++3.N.-7.4-1.5-5W10	Q421
005.SCG*LB2.CP-7++5.N.-8.20-2.24-5W26	Q422
005.SCG*LB4.CP-4++0.N.-8.3-5.6-3W6	Q423
005.SCG*LB2.CP10++0.N.-2.1-1.8-6W30	Q424
005.SCG*LB2.CP-7++7.N.-2.34-5.39-2W21	Q425
005.SCG*LB2.CP10++0.N.-2.8-7.15-5W32	Q426
005.SCG*LB4.CP-6++5.N.-5.1-1.3-5W16	Q427
005.SCG*LB1.CP-2++1.N.-4.9-2.11-5W12	Q428
005.SCG*LB2.CP-7++5.N.10.16-2.18-5W14	Q429
005.SCG*LB4.CP-4++0.N.-7.2-7.4-5W8	Q430
005.SCG*LB2.CP-7++5.N.-2.7-2.11-7W22	Q431
005.SCG*LB2.CP-4++9.N.-4.11-6.14-1W16	Q432
005.SCG*LB4.CP-8++1.N.10.34-3.36-6W13	Q433
005.SCG*LB1.CP-2++1.N.-4.5-4.9-1W23	Q434
005.SCG*LB3.CP-8++4.N.-7.2-1.5-2W19	Q435
005.SCG*LB2.CP-7++5.N.11.5-10.9-5W4	Q436
005.SCG*LB2.CP-7++5.N.-2.1-1.4-2W16	Q437
005.SCG*LB2.CP-5++9.N.-4.7-2.8-4W4	Q438
005.SCG*LB1.CP-2++6.N.-5.1-2.7-1W37	Q439
005.SCG*LB2.CP-7++7.N.-3.10-3.17-2W38	Q440
005.SCG*LB1.CP-2++1.N.-4.1-2.5-3W27	Q441
005.SCG*LB4.CP-1++0.N.-7.9-2.10-7W10	Q442
005.SCG*LB1.CP-6++5.N.-3.5-1.9-8W10	Q443
005.SCG*LB1.CP-6++5.N.-3.16-4.18-3W9	Q444
005.SCG*LB2.CP-7++5.N.10.21-3.24-2W4	Q445
005.SCG*LB2.CP-2++1.N.-8.8-2.10-5W18	Q446
005.SCG*LB2.CP-7++5.N.-2.23-2.25-5W12	Q447
005.SCG*LB2.CP-7++5.N.-8.29-1.35-4W12	Q448
005.SCG*LB2.CP10++0.N.-4.17-1.19-6W19	Q449
005.SCG*LB4.CP-1++0.N.-7.5-2.6-6W9	Q450
005.SCG*LB1.CP-2++6.N.11.3-1.10-4W11	Q451
005.SCG*LB2.CP10++0.N.-4.4-2.7-1W16	Q452
005.SCG*LB1.CP-2++6.N.11.28-1.31-1W21	Q453
005.SCG*LB2.CP-7++5.N.-8.29-1.35-4W41	Q454
005.SCG*LB2.CP-7++5.N.-2.19-1.20-7W4	Q455
005.SCG*LB2.CP-7++5.N.-2.16-1.18-2W4	Q456
005.SCG*LB2.CP-7++5.N.-6.14-2.17-5W3	Q457
005.SCG*LB1.CP-6++5.N.-9.18-4.23-3W11	Q458
005.SCG*LB1.CP-4++2.N.12.1-2.3-7W10	Q459
005.SCG*LB4.CP-1++0.N.-7.7-1.9-1W13	Q460
005.SCG*LB4.CP-8++1.N.10.40-4.42-3W9	Q461
005.SCG*LB4.CP-6++2.N.-6.19-1.20-6W8	Q462
005.SCG*LB4.CP-4++4.N.-5.10-2.14-1W22	Q463
005.SCG*LB4.CP-4++4.N.-5.7-1.8-2W7	Q464
005.SCG*LB2.CP-3++0.N.12.5-6.10-4W12	Q465
005.SCG*LB2.CP-8++9.N.-6.2-5.8-5W31	Q466
005.SCG*LB4.CP-4++5.N.-2.8-6.11-2W12	Q467
005.SCG*LB2.CP-8++9.N.-6.8-6.12-4W18	Q468
005.SCG*LB4.CP-4++4.N.-6.3-4.7-3W17	Q469
005.SCG*LB3.CP13++5.N.22.30-5.37-5W42	Q470
005.SCG*LB4.CP-1++1.N.18.32-1.37-5W39	Q471
005.SCG*LB4.CP-4++5.N.-8.1-1.4-4W15	Q472
005.SCG*LB4.CP--++2.N.-5.14-7.19-6W24	Q473
005.SCG*LB4.CP--++2.N.-5.11-5.12-8W11	Q474
005.SCG*LB4.CP-1++1.N.18.32-1.37-5W36	Q475
005.SCG*LB2.CP--++2.N.-3.1-1.4-3W20	Q476
005.SCG*LB4.CP-1++1.N.18.65-1.69-5W4	Q477
005.SCG*LB4.CP--++2.N.-5.11-5.12-8W6	Q478
005.SCG*LB1.CP-4++4.N.-8.7-3.9-2W11	Q479
005.SCG*LB2.CP-9++8.N.11.12-4.17-2W14	Q480
005.SCG*LB1.CP-4++4.N.-2.21-3.24-4W11	Q481
005.SCG*LB3.CP-8++0.N.-1.13-7.16-5W5	Q482
005.SCG*LB1.CP-9++3.N.12.27-2.30-5W6	Q483
005.SCG*LB3.CP-6++6.N.-6.7-5.11-2W8	Q484
005.SCG*LB3.CP15++3.N.-2.27-1.30-1W22	Q485
005.SCG*LB3.CP-8++0.N.17.12-1.13-2W4	Q486
005.SCG*LB3.CP-8++0.N.17.7-5.11-4W19	Q487
005.SCG*LB1.CP--++1.N.-2.23-2.25-1W5	Q488
005.SCG*LB1.CP--++1.N.-2.16-1.20-1W5	Q489
005.SCG*LB3.CP-2++4.N.-7.17-1.19-2W8	Q490
005.SCG*LB2.CP-1++1.N.-1.1-1.7-4W24	Q491
005.SCG*LB3.CP15++4.N.-9.15-3.18-3W16	Q492
005.SCG*LB4.CP-1++7.N.19.4-3.7-2W18	Q493
005.SCG*LB3.CP12++0.N.24.10-1.12-4W10	Q494
005.SCG*LB2.CP-1++9.N.-7.1-1.3-2W12	Q495
005.SCG*LB4.CP-9++1.N.-5.8-3.12-5W32	Q496
005.SCG*LB4.CP-6++6.N.-9.7-3.9-4W12	Q497
005.SCG*LB4.CP-6++6.N.-9.5-1.7-2W15	Q498
005.SCG*LB4.CP-8++2.N.11.4-6.13-2W61	Q499
005.SCG*LB1.CP-9++5.N.-7.3-3.4-5W9	Q500
005.SCG*LB1.CP-6++7.N.11.7-5.8-3W6	Q501
005.SCG*LB3.CP-9++5.N.11.9-1.9-4W1	Q502
005.SCG*LB3.CP14++1.N.-9.9-4.15-1W36	Q503
005.SCG*LB4.CP-2++3.N.11.13-7.16-3W11	Q504
005.SCG*LB2.CP10++0.N.-4.17-1.19-6W8	Q505
005.SCG*LB1.CP-9++0.N.-2.5-4.14-2W30	Q506
005.SCG*LB2.CP-1++0.N.-1.23-1.24-6W9	Q507
005.SCG*LB2.CP-7++4.N.-6.14-6.18-1W10	Q508
005.SCG*LB1.CP-7++7.N.-5.7-6.9-3W9	Q509
005.SCG*LB3.CP13++6.N.14.4-2.7-1W4	Q510
005.SCG*LB2.CP-9++6.N.10.8-4.11-4W18	Q511
005.SCG*LB4.CP-5++2.N.-6.14-3.18-2W10	Q512
005.SCG*LB4.CP-5++2.N.16.12-5.16-4W16	Q513
005.SCG*LB1.CP-7++7.N.-5.9-4.11-6W7	Q514
005.SCG*LB2.CP-2++5.N.24.17-1.19-1W10	Q515
005.SCG*LB1.CP-8++9.N.10.4-5.6-4W3	Q516
005.SCG*LB3.CP13++2.N.12.5-5.7-6W1	Q517
005.SCG*LB3.CP12++0.N.11.13-1.15-3W14	Q518
005.SCG*LB3.CP12++7.N.-7.17-4.20-5W7	Q519
005.SCG*LB4.CP-1++3.N.-5.17-5.20-2W17	Q520
005.SCG*LB1.CP-2++7.N.-9.11-1.14-6W14	Q521
005.SCG*LB4.CP-1++3.N.-5.17-5.20-2W10	Q522
005.SCG*LB4.CP-1++2.N.-2.16-2.17-4W7	Q523
005.SCG*LB2.CP-6++1.N.-5.3-4.4-6W9	Q524
005.SCG*LB3.CP-8++7.N.-1.1-1.5-7W3	Q360
005.SCG*LB3.CP-8++7.N.-1.1-1.5-7W3	Q360
005.SCG*LB3.CP-8++7.N.-1.1-1.5-7W3	Q360
005.SCG*LB4.CP-1++1.N.19.1-1.3-4W1	Q361
005.SCG*LB3.CP13++9.N.17.1-1.3-5W7	Q359
005.SCG*LB3.CP-7++7.N.-1.1-1.3-3W1	Q362
005.SCG*LB3.CP-2++6.N.19.49-1.50-5W4	Q363
005.SCG*LB2.CP-8++3.N.17.1-2.6-3W32	Q364
005.SCG*LB2.CP-3++0.N.17.22-7.25-7W9	Q365
005.SCG*LB2.CP-2++8.N.15.8-1.11-1W5	Q366
005.SCG*LB1.CP-7++2.N.-9.11-1.12-3W4	Q367
005.SCG*LB4.CP-9++1.N.-6.5-4.8-4W13	Q368
005.SCG*LB2.CP-6++2.N.11.1-2.3-3W10	Q369
005.SCG*LB2.CP-7++3.N.19.5-5.8-4W5	Q370
005.SCG*LB2.CP-5++2.N.-2.17-1.19-3W3	Q371
005.SCG*LB3.CP-9++7.N.-5.1-1.5-2W18	Q372
005.SCG*LB4.CP-3++4.N.-3.17-1.21-1W28	Q373
005.SCG*LB3.CP-8++5.N.-7.1-2.3-4W8	Q374
005.SCG*LB3.CP-9++7.N.-4.1-1.4-4W10	Q375
005.SCG*LB2.CP-9++5.N.-1.1-1.3-1W6	Q376
005.SCG*LB3.CP-9++7.N.-3.12-1.15-4W7	Q377
005.SCG*LB2.CP10++0.N.-2.1-1.8-6W44	Q378
005.SCG*LB2.CP-5++5.N.-9.4-1.5-7W10	Q379
005.SCG*LB1.CP-8++2.N.--.1-1.3-2W2	Q380
005.SCG*LB4.CP-5++0.N.-8.9-2.11-1W4	Q381
005.SCG*LB2.CP--++2.N.-3.1-1.4-3W10	Q382
005.SCG*LB4.CP-5++3.N.13.6-1.8-2W12	Q383
005.SCG*LB1.CP--++3.N.-4.21-3.23-7W5	Q384
005.SCG*LB3.CP11++5.N.-3.4-2.5-5W9	Q385
005.SCG*LB1.CP--++3.N.-5.26-6.30-6W23	Q386
005.SCG*LB2.CP--++3.N.-5.1-2.6-4W8	Q387
005.SCG*LB3.CP14++0.N.-3.1-2.4-2W15	Q388
005.SCG*LB1.CP--++3.N.-2.10-1.12-1W9	Q389
005.SCG*LB4.CP-5++5.N.11.36-2.39-3W13	Q390
005.SCG*LB4.CP-9++1.N.-8.5-3.6-4W1	Q391
005.SCG*LB2.CP10++0.N.-2.8-7.15-5W9	Q392
005.SCG*LB2.CP-3++5.N.-6.39-4.46-2W34	Q393
005.SCG*LB2.CP10++0.N.-2.8-7.15-5W28	Q394
005.SCG*LB3.CP-4++1.N.11.11-7.14-3W5	Q395
005.SCG*LB3.CP-3++9.N.-7.1-2.2-7W8	Q396
005.SCG*LB2.CP-2++5.N.14.1-2.11-3W48	Q397
005.SCG*LB2.CP-5++5.N.-7.6-4.8-6W14	Q398
005.SCG*LB3.CP-5++0.N.-8.1-1.5-6W26	Q399
005.SCG*LB4.CP-5++1.N.-5.1-2.5-3W21	Q400
005.SCG*LB1.CP--++3.N.-4.25-1.28-5W1	Q401
005.SCG*LB2.CP10++0.N.-2.16-1.23-4W20	Q402
005.SCG*LB4.CP-2++2.N.-6.22-7.23-6W3	Q403
005.SCG*LB3.CP-8++4.N.-9.15-3.17-3W12	Q404
005.SCG*LB3.CP--++3.N.10.1-2.3-1W4	Q405
005.SCG*LB3.CP-9++5.N.18.1-1.3-3W11	Q406
005.SCG*LB4.CP-5++5.N.13.60-7.63-8W18	Q407
005.SCG*LB1.CP-3++3.N.-4.1-2.4-3W15	Q408
005.SCG*LB4.CP-5++5.N.14.8-6.12-6W16	Q409
005.SCG*LB3.CP15++4.N.17.24-5.27-5W11	Q410
005.SCG*LB3.CP-8++4.N.10.11-1.13-3W12	Q411
005.SCG*LB1.CP--++3.N.-5.15-5.20-1W11	Q412
005.SCG*LB3.CP-5++0.N.-4.4-1.6-3W16	Q413
005.SCG*LB2.CP10++0.N.-2.16-1.23-4W26	Q414
005.SCG*LB1.CP-6++5.N.-3.12-7.16-3W18	Q415
005.SCG*LB2.CP-4++9.N.-4.10-2.11-5W9	Q416
005.SCG*LB4.CP-6++5.N.-7.4-1.8-5W33	Q417
005.SCG*LB1.CP-2++1.N.-4.13-3.18-1W9	Q418
005.SCG*LB2.CP-7++5.N.10.24-3.27-1W14	Q419
005.SCG*LB1.CP-2++1.N.-4.19-5.22-3W12	Q420
005.SCG*LB4.CP-6++3.N.-7.4-1.5-5W10	Q421
005.SCG*LB2.CP-7++5.N.-8.20-2.24-5W26	Q422
005.SCG*LB4.CP-4++0.N.-8.3-5.6-3W6	Q423
005.SCG*LB2.CP10++0.N.-2.1-1.8-6W30	Q424
005.SCG*LB2.CP-7++7.N.-2.34-5.39-2W21	Q425
005.SCG*LB2.CP10++0.N.-2.8-7.15-5W32	Q426
005.SCG*LB4.CP-6++5.N.-5.1-1.3-5W16	Q427
005.SCG*LB1.CP-2++1.N.-4.9-2.11-5W12	Q428
005.SCG*LB2.CP-7++5.N.10.16-2.18-5W14	Q429
005.SCG*LB4.CP-4++0.N.-7.2-7.4-5W8	Q430
005.SCG*LB2.CP-7++5.N.-2.7-2.11-7W22	Q431
005.SCG*LB2.CP-4++9.N.-4.11-6.14-1W16	Q432
005.SCG*LB4.CP-8++1.N.10.34-3.36-6W13	Q433
005.SCG*LB1.CP-2++1.N.-4.5-4.9-1W23	Q434
005.SCG*LB3.CP-8++4.N.-7.2-1.5-2W19	Q435
005.SCG*LB2.CP-7++5.N.11.5-10.9-5W4	Q436
005.SCG*LB2.CP-7++5.N.-2.1-1.4-2W16	Q437
005.SCG*LB2.CP-5++9.N.-4.7-2.8-4W4	Q438
005.SCG*LB1.CP-2++6.N.-5.1-2.7-1W37	Q439
005.SCG*LB2.CP-7++7.N.-3.10-3.17-2W38	Q440
005.SCG*LB1.CP-2++1.N.-4.1-2.5-3W27	Q441
005.SCG*LB4.CP-1++0.N.-7.9-2.10-7W10	Q442
005.SCG*LB1.CP-6++5.N.-3.5-1.9-8W10	Q443
005.SCG*LB1.CP-6++5.N.-3.16-4.18-3W9	Q444
005.SCG*LB2.CP-7++5.N.10.21-3.24-2W4	Q445
005.SCG*LB2.CP-2++1.N.-8.8-2.10-5W18	Q446
005.SCG*LB2.CP-7++5.N.-2.23-2.25-5W12	Q447
005.SCG*LB2.CP-7++5.N.-8.29-1.35-4W12	Q448
005.SCG*LB2.CP10++0.N.-4.17-1.19-6W19	Q449
005.SCG*LB4.CP-1++0.N.-7.5-2.6-6W9	Q450
005.SCG*LB1.CP-2++6.N.11.3-1.10-4W11	Q451
005.SCG*LB2.CP10++0.N.-4.4-2.7-1W16	Q452
005.SCG*LB1.CP-2++6.N.11.28-1.31-1W21	Q453
005.SCG*LB2.CP-7++5.N.-8.29-1.35-4W41	Q454
005.SCG*LB2.CP-7++5.N.-2.19-1.20-7W4	Q455
005.SCG*LB2.CP-7++5.N.-2.16-1.18-2W4	Q456
005.SCG*LB2.CP-7++5.N.-6.14-2.17-5W3	Q457
005.SCG*LB1.CP-6++5.N.-9.18-4.23-3W11	Q458
005.SCG*LB1.CP-4++2.N.12.1-2.3-7W10	Q459
005.SCG*LB4.CP-1++0.N.-7.7-1.9-1W13	Q460
005.SCG*LB4.CP-8++1.N.10.40-4.42-3W9	Q461
005.SCG*LB4.CP-6++2.N.-6.19-1.20-6W8	Q462
005.SCG*LB4.CP-4++4.N.-5.10-2.14-1W22	Q463
005.SCG*LB4.CP-4++4.N.-5.7-1.8-2W7	Q464
005.SCG*LB2.CP-3++0.N.12.5-6.10-4W12	Q465
005.SCG*LB2.CP-8++9.N.-6.2-5.8-5W31	Q466
005.SCG*LB4.CP-4++5.N.-2.8-6.11-2W12	Q467
005.SCG*LB2.CP-8++9.N.-6.8-6.12-4W18	Q468
005.SCG*LB4.CP-4++4.N.-6.3-4.7-3W17	Q469
005.SCG*LB3.CP13++5.N.22.30-5.37-5W42	Q470
005.SCG*LB4.CP-1++1.N.18.32-1.37-5W39	Q471
005.SCG*LB4.CP-4++5.N.-8.1-1.4-4W15	Q472
005.SCG*LB4.CP--++2.N.-5.14-7.19-6W24	Q473
005.SCG*LB4.CP--++2.N.-5.11-5.12-8W11	Q474
005.SCG*LB4.CP-1++1.N.18.32-1.37-5W36	Q475
005.SCG*LB2.CP--++2.N.-3.1-1.4-3W20	Q476
005.SCG*LB4.CP-1++1.N.18.65-1.69-5W4	Q477
005.SCG*LB4.CP--++2.N.-5.11-5.12-8W6	Q478
005.SCG*LB1.CP-4++4.N.-8.7-3.9-2W11	Q479
005.SCG*LB2.CP-9++8.N.11.12-4.17-2W14	Q480
005.SCG*LB1.CP-4++4.N.-2.21-3.24-4W11	Q481
005.SCG*LB3.CP-8++0.N.-1.13-7.16-5W5	Q482
005.SCG*LB1.CP-9++3.N.12.27-2.30-5W6	Q483
005.SCG*LB3.CP-6++6.N.-6.7-5.11-2W8	Q484
005.SCG*LB3.CP15++3.N.-2.27-1.30-1W22	Q485
005.SCG*LB3.CP-8++0.N.17.12-1.13-2W4	Q486
005.SCG*LB3.CP-8++0.N.17.7-5.11-4W19	Q487
005.SCG*LB1.CP--++1.N.-2.23-2.25-1W5	Q488
005.SCG*LB1.CP--++1.N.-2.16-1.20-1W5	Q489
005.SCG*LB3.CP-2++4.N.-7.17-1.19-2W8	Q490
005.SCG*LB2.CP-1++1.N.-1.1-1.7-4W24	Q491
005.SCG*LB3.CP15++4.N.-9.15-3.18-3W16	Q492
005.SCG*LB4.CP-1++7.N.19.4-3.7-2W18	Q493
005.SCG*LB3.CP12++0.N.24.10-1.12-4W10	Q494
005.SCG*LB2.CP-1++9.N.-7.1-1.3-2W12	Q495
005.SCG*LB4.CP-9++1.N.-5.8-3.12-5W32	Q496
005.SCG*LB4.CP-6++6.N.-9.7-3.9-4W12	Q497
005.SCG*LB4.CP-6++6.N.-9.5-1.7-2W15	Q498
005.SCG*LB4.CP-8++2.N.11.4-6.13-2W61	Q499
005.SCG*LB1.CP-9++5.N.-7.3-3.4-5W9	Q500
005.SCG*LB1.CP-6++7.N.11.7-5.8-3W6	Q501
005.SCG*LB3.CP-9++5.N.11.9-1.9-4W1	Q502
005.SCG*LB3.CP14++1.N.-9.9-4.15-1W36	Q503
005.SCG*LB4.CP-2++3.N.11.13-7.16-3W11	Q504
005.SCG*LB2.CP10++0.N.-4.17-1.19-6W8	Q505
005.SCG*LB1.CP-9++0.N.-2.5-4.14-2W30	Q506
005.SCG*LB2.CP-1++0.N.-1.23-1.24-6W9	Q507
005.SCG*LB2.CP-7++4.N.-6.14-6.18-1W10	Q508
005.SCG*LB1.CP-7++7.N.-5.7-6.9-3W9	Q509
005.SCG*LB3.CP13++6.N.14.4-2.7-1W4	Q510
005.SCG*LB2.CP-9++6.N.10.8-4.11-4W18	Q511
005.SCG*LB4.CP-5++2.N.-6.14-3.18-2W10	Q512
005.SCG*LB4.CP-5++2.N.16.12-5.16-4W16	Q513
005.SCG*LB1.CP-7++7.N.-5.9-4.11-6W7	Q514
005.SCG*LB2.CP-2++5.N.24.17-1.19-1W10	Q515
005.SCG*LB1.CP-8++9.N.10.4-5.6-4W3	Q516
005.SCG*LB3.CP13++2.N.12.5-5.7-6W1	Q517
005.SCG*LB3.CP12++0.N.11.13-1.15-3W14	Q518
005.SCG*LB3.CP12++7.N.-7.17-4.20-5W7	Q519
005.SCG*LB4.CP-1++3.N.-5.17-5.20-2W17	Q520
005.SCG*LB1.CP-2++7.N.-9.11-1.14-6W14	Q521
005.SCG*LB4.CP-1++3.N.-5.17-5.20-2W10	Q522
005.SCG*LB4.CP-1++2.N.-2.16-2.17-4W7	Q523
005.SCG*LB2.CP-6++1.N.-5.3-4.4-6W9	Q524
005.SCG*LB4.CP-1++2.N.-3.10-2.13-1W9	Q525
005.SCG*LB1.CP--++5.N.-5.2-6.7-1W19	Q526
005.SCG*LB1.CP--++6.N.-7.11-1.13-5W13	Q527
005.SCG*LB3.CP15++4.N.14.39-5.41-5W3	Q528
005.SCG*LB4.CP-5++4.N.-3.48-2.49-1W4	Q529
005.SCG*LB3.CP-6++1.N.-3.1-2.1-5W4	Q530
005.SCG*LB1.CP-2++6.N.11.3-1.10-4W9	Q531
005.SCG*LB1.CP-4++2.N.-9.26-1.32-6W38	Q532
005.SCG*LB1.CP-2++6.N.-3.3-5.9-4W13	Q533
005.SCG*LB2.CP-2++1.N.-8.8-2.10-5W16	Q534
005.SCG*LB1.CP-4++2.N.-9.41-4.43-8W3	Q535
005.SCG*LB1.CP-2++6.N.-5.1-2.7-1W39	Q536
005.SCG*LB3.CP12++1.N.-3.5-2.6-1W6	Q537
005.SCG*LB3.CP-7++9.N.-3.6-1.8-3W16	Q538
005.SCG*LB2.CP-8++0.N.13.49-1.51-5W7	Q539
005.SCG*LB1.CP--++1.N.-4.13-1.14-4W10	Q540
005.SCG*LB2.CP-6++9.N.-8.6-1.10-3W1	Q541
005.SCG*LB2.CP-3++3.N.-8.7-5.10-7W22	Q542
005.SCG*LB3.CP-8++4.N.14.34-3.36-1W6	Q543
005.SCG*LB3.CP-2++4.N.-2.13-2.17-5W5	Q544
005.SCG*LB3.CP10++6.N.-4.4-1.6-1W1	Q545
005.SCG*LB1.CP-8++3.N.-5.1-2.6-5W36	Q546
005.SCG*LB2.CP--++3.N.-1.4-1.6-5W12	Q547
005.SCG*LB3.CP16++0.N.-2.4-6.7-1W20	Q548
005.SCG*LB4.CP-5++9.N.-1.10-3.12-1W7	Q549
005.SCG*LB3.CP13++6.N.13.14-1.18-2W6	Q550
005.SCG*LB2.CP--++3.N.-6.6-1.10-3W17	Q551
005.SCG*LB4.CP-5++4.N.-8.3-1.11-7W23	Q552
005.SCG*LB3.CP-2++5.N.-9.3-5.6-4W4	Q553
005.SCG*LB4.CP-1++8.N.-5.7-6.8-5W10	Q554
005.SCG*LB2.CP-1++8.N.-4.15-2.18-2W11	Q555
005.SCG*LB1.CP-3++8.N.-4.5-4.8-4W8	Q556
005.SCG*LB2.CP-6++7.N.-2.2-3.4-1W6	Q557
005.SCG*LB4.CP-5++5.N.12.18-1.18-8W3	Q558
005.SCG*LB1.CP-1++3.N.19.17-7.19-6W13	Q559
005.SCG*LB3.CP13++0.N.-4.18-1.20-1W7	Q560
005.SCG*LB2.CP-5++8.N.-8.22-2.24-3W5	Q561
005.SCG*LB2.CP-5++7.N.10.5-4.6-6W1	Q562
005.SCG*LB3.CP12++7.N.-7.21-4.23-6W14	Q563
005.SCG*LB4.CP-5++5.N.12.19-1.19-7W3	Q564
005.SCG*LB4.CP-5++5.N.19.36-1.38-1W11	Q565
005.SCG*LB3.CP10++4.N.-8.12-1.15-3W7	Q566
005.SCG*LB4.CP-5++3.N.20.1-1.8-5W21	Q567
005.SCG*LB1.CP--++3.N.-8.1-1.4-5W18	Q568
005.SCG*LB4.CP-5++3.N.14.1-2.5-6W5	Q569
005.SCG*LB3.CP13++1.N.-4.9-4.13-2W22	Q570
005.SCG*LB4.CP-5++5.N.19.36-1.38-1W14	Q571
005.SCG*LB4.CP-5++5.N.19.27-6.30-3W10	Q572
005.SCG*LB4.CP-5++3.N.13.6-1.8-2W10	Q573
005.SCG*LB3.CP13++5.N.22.23-1.26-5W3	Q574
005.SCG*LB2.CP-8++9.N.-3.11-3.16-4W21	Q575
005.SCG*LB3.CP13++0.N.-2.10-1.14-3W21	Q576
005.SCG*LB3.CP13++2.N.30.6-5.7-4W7	Q577
005.SCG*LB3.CP13++5.N.22.29-1.30-4W3	Q578
005.SCG*LB2.CP-3++0.N.15.36-1.39-2W21	Q579
005.SCG*LB3.CP13++1.N.-4.6-3.9-3W12	Q580
005.SCG*LB3.CP13++5.N.22.16-4.19-2W9	Q581
005.SCG*LB2.CP-8++9.N.-3.11-3.16-4W43	Q582
005.SCG*LB3.CP13++5.N.22.30-5.37-5W18	Q583
005.SCG*LB3.CP13++5.N.22.12-4.14-2W12	Q584
005.SCG*LB3.CP13++0.N.-4.4-6.11-7W34	Q585
005.SCG*LB4.CP-8++9.N.-4.1-1.4-7W23	Q586
005.SCG*LB4.CP-5++5.N.19.32-2.35-5W23	Q587
005.SCG*LB3.CP13++1.N.-5.9-1.10-4W7	Q588
005.SCG*LB3.CP14++2.N.-6.3-5.5-1W7	Q589
005.SCG*LB3.CP-5++4.N.-8.10-2.11-1W6	Q590
005.SCG*LB3.CP13++4.N.-6.9-5.12-5W6	Q591
005.SCG*LB2.CP-7++3.N.13.6-2.9-1W20	Q592
005.SCG*LB1.CP-9++6.N.-7.25-4.26-4W5	Q593
005.SCG*LB3.CP14++3.N.-1.4-1.7-5W9	Q594
005.SCG*LB2.CP-8++0.N.-5.4-1.6-3W7	Q595
005.SCG*LB2.CP-7++2.N.-3.10-3.11-5W4	Q596
005.SCG*LB2.CP-8++2.N.10.6-1.7-4W6	Q597
005.SCG*LB3.CP12++2.N.-6.30-4.34-4W17	Q598
005.SCG*LB3.CP-6++5.N.-9.9-2.13-5W16	Q599
005.SCG*LB3.CP-6++5.N.-9.9-2.13-5W10	Q600
005.SCG*LB3.CP14++6.N.-5.6-1.8-2W3	Q601
005.SCG*LB1.CP-6++7.N.11.6-2.7-4W7	Q602
005.SCG*LB4.CP--++1.N.11.24-1.24-5W2	Q603
005.SCG*LB1.CP-6++5.N.11.6-4.7-4W3	Q604
005.SCG*LB4.CP--++7.N.10.6-1.8-2W18	Q605
005.SCG*LB4.CP--++8.N.-9.67-1.72-1W21	Q606
005.SCG*LB1.CP-7++1.N.10.5-1.5-7W7	Q607
005.SCG*LB4.CP--++8.N.-8.46-3.47-3W5	Q608
005.SCG*LB4.CP--++8.N.-8.14-1.14-5W2	Q609
005.SCG*LB3.CP-7++1.N.-7.2-3.6-7W22	Q610
005.SCG*LB1.CP-2++8.N.-3.7-6.8-3W6	Q611
005.SCG*LB1.CP-2++8.N.-3.4-3.7-5W13	Q612
005.SCG*LB4.CP-7++2.N.14.4-5.8-3W9	Q613
005.SCG*LB4.CP-7++2.N.10.4-3.7-2W16	Q614
005.SCG*LB3.CP14++1.N.-9.9-4.15-1W24	Q615
005.SCG*LB2.CP-7++0.N.-7.1-1.8-1W24	Q616
005.SCG*LB4.CP-3++4.N.17.12-5.14-4W6	Q617
005.SCG*LB3.CP10++8.N.-5.1-2.5-1W16	Q618
005.SCG*LB2.CP-8++3.N.-6.7-1.13-2W31	Q619
005.SCG*LB4.CP-7++9.N.10.6-1.7-1W7	Q620
005.SCG*LB3.CP13++4.N.-2.18-1.23-1W32	Q621
005.SCG*LB4.CP-7++2.N.15.4-5.8-1W10	Q622
005.SCG*LB4.CP-5++9.N.-3.7-6.9-7W17	Q623
005.SCG*LB3.CP-9++8.N.-5.4-4.7-2W15	Q624
005.SCG*LB4.CP-9++1.N.-6.1-1.5-3W18	Q625
005.SCG*LB2.CP-3++0.N.-1.7-3.11-4W16	Q626
005.SCG*LB3.CP12++5.N.-4.1-2.6-2W21	Q627
005.SCG*LB3.CP13++6.N.13.22-2.25-8W27	Q628
005.SCG*LB4.CP-8++3.N.11.8-4.11-3W11	Q629
005.SCG*LB3.CP16++0.N.-1.26-6.29-6W12	Q630
005.SCG*LB3.CP12++9.N.-5.10-4.12-4W14	Q631
005.SCG*LB3.CP-2++7.N.-9.3-1.6-7W22	Q632
005.SCG*LB3.CP13++6.N.11.2-2.6-2W27	Q633
005.SCG*LB3.CP13++6.N.11.2-2.6-2W16	Q634
005.SCG*LB3.CP13++6.N.-2.4-1.8-5W15	Q635
005.SCG*LB3.CP-2++7.N.-9.7-6.9-2W7	Q636
005.SCG*LB3.CP13++6.N.-2.4-1.8-5W6	Q637
005.SCG*LB3.CP13++6.N.11.13-7.17-5W21	Q638
005.SCG*LB4.CP-7++2.N.14.14-1.18-2W12	Q639
005.SCG*LB3.CP-2++6.N.14.12-2.13-5W11	Q640
005.SCG*LB3.CP12++8.N.-6.18-1.20-2W6	Q641
005.SCG*LB4.CP-2++2.N.-6.10-5.13-5W17	Q642
005.SCG*LB2.CP-6++3.N.-5.3-2.6-6W19	Q643
005.SCG*LB3.CP12++7.N.-6.4-5.8-1W12	Q644
005.SCG*LB3.CP13++6.N.15.1-1.4-2W8	Q645
005.SCG*LB3.CP12++8.N.-6.5-4.8-5W19	Q646
005.SCG*LB3.CP16++0.N.-1.8-3.12-5W14	Q647
005.SCG*LB3.CP13++6.N.-9.24-4.26-4W7	Q648
005.SCG*LB3.CP13++6.N.12.9-3.11-4W8	Q649
005.SCG*LB3.CP13++6.N.-3.4-7.6-6W12	Q650
005.SCG*LB3.CP13++6.N.-5.2-5.6-4W23	Q651
005.SCG*LB3.CP13++2.N.24.4-3.4-8W5	Q652
005.SCG*LB3.CP13++2.N.15.10-2.16-3W14	Q653
005.SCG*LB2.CP-5++9.N.13.8-2.13-1W16	Q654
005.SCG*LB2.CP-6++0.N.19.7-3.9-5W14	Q655
005.SCG*LB2.CP-9++8.N.14.11-1.12-1W6	Q656
005.SCG*LB2.CP-6++0.N.23.6-3.8-5W16	Q657
005.SCG*LB2.CP-5++0.N.-3.7-6.10-1W14	Q658
005.SCG*LB2.CP-7++6.N.15.9-3.12-2W6	Q659
005.SCG*LB3.CP-8++4.N.-6.5-3.7-1W6	Q660
005.SCG*LB2.CP-7++4.N.17.7-1.10-1W14	Q661
005.SCG*LB3.CP-4++1.N.-4.10-2.16-2W9	Q662
005.SCG*LB2.CP-8++2.N.-3.2-6.5-2W11	Q663
005.SCG*LB4.CP-5++5.N.14.6-1.8-5W17	Q664
005.SCG*LB1.CP-7++0.N.-5.5-2.10-1W21	Q665
005.SCG*LB2.CP-7++3.N.-9.8-4.12-4W24	Q666
005.SCG*LB3.CP-4++1.N.-3.16-2.20-1W20	Q667
005.SCG*LB2.CP10++0.N.-4.11-1.14-8W21	Q668
005.SCG*LB3.CP10++5.N.-8.13-2.17-5W17	Q669
005.SCG*LB2.CP-7++5.N.-8.29-1.35-4W32	Q670
005.SCG*LB3.CP-4++1.N.-3.20-2.22-2W11	Q671
005.SCG*LB3.CP-4++7.N.-2.1-1.4-4W21	Q672
005.SCG*LB2.CP-6++0.N.16.9-3.13-6W29	Q673
005.SCG*LB2.CP-7++7.N.-3.10-3.17-2W35	Q674
005.SCG*LB2.CP-7++5.N.10.13-1.16-1W20	Q675
005.SCG*LB2.CP-9++6.N.10.15-6.17-3W6	Q676
005.SCG*LB3.CP-8++4.N.-6.7-2.8-5W7	Q677
005.SCG*LB2.CP-6++0.N.24.2-1.5-2W21	Q678
005.SCG*LB2.CP-7++6.N.18.7-3.9-2W3	Q679
005.SCG*LB2.CP-9++6.N.10.21-1.23-5W8	Q680
005.SCG*LB3.CP12++1.N.-1.1-1.9-3W34	Q681
005.SCG*LB2.CP-7++4.N.17.4-2.6-5W6	Q682
005.SCG*LB3.CP-8++4.N.-6.3-6.5-2W4	Q683
005.SCG*LB1.CP-5++3.N.-3.6-3.9-1W7	Q684
005.SCG*LB3.CP-9++3.N.-6.14-4.15-6W1	Q685
005.SCG*LB2.CP-6++9.N.-2.5-2.7-4W12	Q686
005.SCG*LB3.CP-4++6.N.-6.2-3.7-4W18	Q687
005.SCG*LB3.CP-4++0.N.-6.3-3.6-2W16	Q688
005.SCG*LB1.CP-3++9.N.-8.4-6.5-4W1	Q689
005.SCG*LB4.CP-1++9.N.-3.21-5.26-1W11	Q690
005.SCG*LB2.CP-8++0.N.11.5-1.7-1W5	Q691
005.SCG*LB4.CP-5++5.N.14.13-1.16-6W6	Q692
005.SCG*LB4.CP--++4.N.13.5-8.10-4W28	Q693
005.SCG*LB4.CP-2++3.N.-8.26-1.30-4W12	Q694
005.SCG*LB4.CP-5++4.N.-2.24-1.25-1W8	Q695
005.SCG*LB2.CP-6++0.N.20.6-3.8-3W11	Q696
005.SCG*LB3.CP-7++7.N.-5.11-1.17-1W9	Q697
005.SCG*LB4.CP-5++4.N.-8.15-2.18-1W9	Q698
005.SCG*LB4.CP-8++2.N.-2.7-3.9-6W22	Q699
005.SCG*LB3.CP15++4.N.14.7-3.12-2W3	Q700
005.SCG*LB3.CP13++5.N.-6.10-1.13-7W9	Q701
005.SCG*LB3.CP15++4.N.14.1-1.7-2W11	Q702
005.SCG*LB4.CP-5++4.N.-8.12-1.15-1W12	Q703
005.SCG*LB3.CP-9++7.N.-3.3-2.9-2W19	Q704
005.SCG*LB3.CP--++8.N.10.49-1.54-3W34	Q705
005.SCG*LB3.CP12++4.N.-1.9-3.11-2W11	Q706
005.SCG*LB3.CP-8++2.N.-5.4-4.8-1W5	Q707
005.SCG*LB2.CP-4++5.N.-4.4-7.10-2W3	Q708
005.SCG*LB2.CP-4++5.N.-4.1-2.3-2W14	Q709
005.SCG*LB3.CP-2++3.N.11.11-1.13-2W8	Q710
005.SCG*LB3.CP11++2.N.-7.12-3.14-4W5	Q711
005.SCG*LB3.CP12++2.N.-6.30-4.34-4W22	Q712
005.SCG*LB3.CP-8++2.N.-5.2-5.4-3W4	Q713
005.SCG*LB3.CP12++2.N.-1.6-7.9-1W5	Q714
005.SCG*LB3.CP-7++2.N.-4.5-1.8-5W21	Q715
005.SCG*LB1.CP-2++0.N.40.1-1.3-2W8	Q716
005.SCG*LB2.CP-7++4.N.-6.12-4.14-5W10	Q717
005.SCG*LB3.CP-4++9.N.-8.16-4.19-8W18	Q718
005.SCG*LB3.CP-4++2.N.-2.22-3.24-5W3	Q719
005.SCG*LB3.CP-4++9.N.10.1-2.6-3W35	Q720
005.SCG*LB3.CP-4++9.N.10.15-3.18-3W3	Q721
005.SCG*LB3.CP13++2.N.12.1-1.5-2W4	Q722
005.SCG*LB4.CP-9++7.N.-3.23-2.27-5W32	Q723
005.SCG*LB3.CP12++5.N.-8.2-2.3-3W8	Q724
005.SCG*LB2.CP-9++8.N.10.21-7.25-4W9	Q725
005.SCG*LB3.CP-2++3.N.11.22-2.25-3W18	Q726
005.SCG*LB3.CP13++9.N.-3.3-1.4-3W8	Q727
005.SCG*LB3.CP10++3.N.-9.15-1.16-1W4	Q728
005.SCG*LB1.CP--++2.N.-1.9-1.12-1W12	Q729
005.SCG*LB4.CP--++8.N.-9.28-2.31-6W7	Q730
005.SCG*LB3.CP-3++9.N.-1.1-1.7-1W27	Q731
005.SCG*LB4.CP-1++1.N.10.9-1.12-6W17	Q732
005.SCG*LB3.CP-2++3.N.11.13-3.17-5W19	Q733
005.SCG*LB3.CP-2++3.N.-7.5-2.6-5W3	Q734
005.SCG*LB4.CP-5++5.N.27.31-1.34-5W5	Q735
005.SCG*LB3.CP-4++9.N.10.6-4.11-2W3	Q736
005.SCG*LB3.CP-4++7.N.-6.4-3.9-5W39	Q737
005.SCG*LB4.CP-3++0.N.-9.16-5.18-5W10	Q738
005.SCG*LB3.CP11++2.N.-4.4-6.7-2W17	Q739
005.SCG*LB4.CP-7++2.N.-7.10-5.13-1W16	Q740
005.SCG*LB4.CP-5++5.N.27.22-1.27-1W19	Q741
005.SCG*LB3.CP-9++7.N.-3.15-5.17-3W8	Q742
005.SCG*LB4.CP-1++1.N.10.9-1.12-6W9	Q743
005.SCG*LB3.CP-2++7.N.-9.3-1.6-7W16	Q744
005.SCG*LB4.CP--++8.N.-7.14-6.17-5W6	Q745
005.SCG*LB3.CP-3++0.N.-4.1-2.2-6W9	Q746
005.SCG*LB2.CP-3++2.N.-3.2-8.6-4W18	Q747
005.SCG*LB4.CP-5++5.N.10.34-1.37-1W17	Q748
005.SCG*LB3.CP-4++0.N.-5.3-1.4-4W11	Q749
005.SCG*LB3.CP11++9.N.-4.9-2.11-6W20	Q750
005.SCG*LB2.CP--++2.N.-4.1-1.3-1W11	Q751
005.SCG*LB4.CP-6++2.N.-4.6-7.9-3W15	Q752
005.SCG*LB3.CP14++1.N.-9.1-1.5-7W8	Q753
005.SCG*LB3.CP11++9.N.-4.5-4.9-1W28	Q754
005.SCG*LB1.CP-9++3.N.11.7-1.9-1W13	Q755
005.SCG*LB4.CP-5++5.N.22.11-5.13-6W8	Q756
005.SCG*LB4.CP-3++4.N.-2.18-1.25-2W31	Q757
005.SCG*LB2.CP-7++4.N.-6.12-4.14-5W10	Q758
005.SCG*LB3.CP-3++0.N.-4.1-2.2-6W9	Q759
005.SCG*LB3.CP-2++3.N.-7.5-2.6-5W3	Q760
005.SCG*LB3.CP-7++2.N.-4.5-1.8-5W21	Q761
005.SCG*LB3.CP-4++9.N.10.15-3.18-3W3	Q762
005.SCG*LB3.CP11++2.N.-4.4-6.7-2W17	Q763
005.SCG*LB4.CP-5++4.N.-8.12-1.15-1W12	Q764
005.SCG*LB2.CP-4++5.N.-4.4-7.10-2W3	Q765
005.SCG*LB3.CP-8++2.N.-5.2-5.4-3W4	Q766
005.SCG*LB4.CP-5++5.N.27.22-1.27-1W19	Q767
005.SCG*LB3.CP-2++7.N.-9.3-1.6-7W16	Q768
005.SCG*LB4.CP-3++0.N.-9.16-5.18-5W10	Q769
005.SCG*LB3.CP-2++3.N.11.13-3.17-5W19	Q770
005.SCG*LB1.CP--++2.N.-1.9-1.12-1W12	Q771
005.SCG*LB4.CP--++8.N.-9.28-2.31-6W7	Q772
005.SCG*LB3.CP13++9.N.-3.3-1.4-3W8	Q773
005.SCG*LB3.CP-9++7.N.-3.3-2.9-2W19	Q774
005.SCG*LB3.CP12++5.N.-8.2-2.3-3W8	Q775
005.SCG*LB4.CP--++8.N.-7.14-6.17-5W6	Q776
005.SCG*LB3.CP-4++2.N.-2.22-3.24-5W3	Q777
005.SCG*LB3.CP-4++9.N.10.6-4.11-2W3	Q778
005.SCG*LB3.CP-3++9.N.-1.1-1.7-1W27	Q779
005.SCG*LB3.CP-2++3.N.11.22-2.25-3W18	Q780
005.SCG*LB3.CP11++2.N.-7.12-3.14-4W5	Q781
005.SCG*LB3.CP-2++3.N.11.11-1.13-2W8	Q782
005.SCG*LB3.CP-4++9.N.10.1-2.6-3W35	Q783
005.SCG*LB4.CP-9++7.N.-3.23-2.27-5W32	Q784
005.SCG*LB3.CP-4++9.N.-8.16-4.19-8W18	Q785
005.SCG*LB3.CP12++2.N.-1.6-7.9-1W5	Q786
005.SCG*LB3.CP-9++7.N.-3.15-5.17-3W8	Q787
005.SCG*LB4.CP-7++2.N.-7.10-5.13-1W16	Q788
005.SCG*LB3.CP--++8.N.10.49-1.54-3W34	Q789
005.SCG*LB3.CP13++2.N.12.1-1.5-2W4	Q790
005.SCG*LB4.CP-1++1.N.10.9-1.12-6W9	Q791
005.SCG*LB4.CP-1++1.N.10.9-1.12-6W17	Q792
005.SCG*LB3.CP12++2.N.-6.30-4.34-4W22	Q793
005.SCG*LB3.CP-8++2.N.-5.4-4.8-1W5	Q794
005.SCG*LB3.CP10++3.N.-9.15-1.16-1W4	Q795
005.SCG*LB3.CP-4++7.N.-6.4-3.9-5W39	Q796
005.SCG*LB1.CP-2++0.N.40.1-1.3-2W8	Q797
005.SCG*LB2.CP-4++5.N.-4.1-2.3-2W14	Q798
005.SCG*LB4.CP-5++5.N.27.31-1.34-5W5	Q799
005.SCG*LB2.CP-9++8.N.10.21-7.25-4W9	Q800
005.SCG*LB3.CP12++4.N.-1.9-3.11-2W11	Q801
005.SCG*LB4.CP-2++4.N.11.25-2.27-4W12	Q802
005.SCG*LB3.CP-4++7.N.-2.1-1.4-4W6	Q803
005.SCG*LB4.CP-5++8.N.-3.3-2.5-2W13	Q804
005.SCG*LB4.CP-1++9.N.-1.5-2.8-1W8	Q805
005.SCG*LB3.CP13++2.N.26.13-2.15-7W12	Q806
005.SCG*LB3.CP10++8.N.-7.14-6.15-6W7	Q807
005.SCG*LB3.CP13++3.N.-1.6-3.7-8W13	Q808
005.SCG*LB4.CP--++8.N.-6.9-3.13-2W12	Q809
005.SCG*LB4.CP-1++8.N.-4.7-7.10-1W20	Q810
005.SCG*LB4.CP--++8.N.-6.34-9.37-2W9	Q811
005.SCG*LB4.CP--++4.N.-5.3-4.4-6W12	Q812
005.SCG*LB3.CP13++2.N.19.17-1.19-3W17	Q813
005.SCG*LB2.CP-9++5.N.-4.22-1.28-6W13	Q814
005.SCG*LB3.CP-4++3.N.10.9-2.14-1W7	Q815
005.SCG*LB1.CP-5++4.N.-6.14-2.17-1W15	Q816
005.SCG*LB3.CP16++0.N.-2.7-2.8-5W9	Q817
005.SCG*LB3.CP11++9.N.-1.1-1.9-1W10	Q818
005.SCG*LB4.CP-2++4.N.11.25-2.27-4W8	Q819
005.SCG*LB2.CP-8++5.N.13.7-1.8-6W4	Q820
005.SCG*LB1.CP-2++9.N.-6.5-3.6-8W3	Q821
005.SCG*LB4.CP-3++0.N.-9.18-6.23-4W24	Q822
005.SCG*LB1.CP-5++5.N.-3.1-1.3-3W4	Q823
005.SCG*LB4.CP-3++4.N.14.5-2.7-3W13	Q824
005.SCG*LB2.CP-3++2.N.10.1-1.3-2W7	Q825
005.SCG*LB3.CP13++2.N.19.7-4.10-5W23	Q826
005.SCG*LB4.CP--++5.N.-5.18-1.21-5W14	Q827
005.SCG*LB2.CP-9++6.N.-1.1-1.3-6W9	Q828
005.SCG*LB4.CP--++4.N.12.5-3.10-2W28	Q829
005.SCG*LB2.CP-7++0.N.-2.7-1.10-6W5	Q830
005.SCG*LB4.CP-1++0.N.-4.25-1.28-2W10	Q831
005.SCG*LB4.CP-8++1.N.12.12-6.16-4W3	Q832
005.SCG*LB2.CP-9++8.N.-2.15-7.19-3W24	Q833
005.SCG*LB4.CP-7++9.N.-1.13-1.16-3W12	Q834
005.SCG*LB2.CP-2++8.N.-8.17-1.22-7W23	Q835
005.SCG*LB2.CP-9++5.N.-4.15-1.19-4W31	Q836
005.SCG*LB4.CP-1++6.N.12.9-6.12-5W15	Q837
005.SCG*LB3.CP13++2.N.19.1-2.3-2W7	Q838
005.SCG*LB4.CP-7++7.N.-3.1-2.3-1W10	Q839
005.SCG*LB2.CP-7++3.N.32.6-3.9-1W2	Q840
005.SCG*LB2.CP-2++5.N.-1.1-1.3-5W4	Q841
005.SCG*LB1.CP-9++2.N.10.8-1.14-4W36	Q842
005.SCG*LB1.CP-5++4.N.-4.6-6.9-7W12	Q843
005.SCG*LB4.CP--++4.N.11.26-2.30-2W24	Q844
005.SCG*LB3.CP13++5.N.17.8-6.14-3W40	Q845
005.SCG*LB4.CP-2++1.N.-7.6-4.8-1W1	Q846
005.SCG*LB4.CP--++8.N.-7.25-1.29-6W7	Q847
005.SCG*LB1.CP-5++4.N.-4.19-4.23-4W5	Q848
005.SCG*LB2.CP-6++0.N.20.6-3.8-3W3	Q849
005.SCG*LB2.CP-3++1.N.-2.15-1.18-5W22	Q850
005.SCG*LB3.CP11++9.N.-8.1-1.2-3W8	Q851
005.SCG*LB3.CP13++4.N.-7.1-1.4-5W9	Q852
005.SCG*LB1.CP-2++6.N.-7.7-1.12-2W23	Q853
005.SCG*LB2.CP-7++3.N.27.12-1.14-3W15	Q854
005.SCG*LB1.CP--++6.N.-5.1-1.6-5W16	Q855
005.SCG*LB1.CP-5++9.N.-3.25-3.32-3W47	Q856
005.SCG*LB2.CP-9++5.N.--.1-1.2-5W2	Q857
005.SCG*LB1.CP-8++9.N.12.17-2.22-1W33	Q858
005.SCG*LB4.CP-1++6.N.12.1-2.4-2W8	Q859
005.SCG*LB2.CP-5++8.N.-4.12-1.17-4W22	Q860
005.SCG*LB4.CP-2++4.N.-4.5-3.6-7W5	Q861
005.SCG*LB4.CP-2++3.N.-3.23-5.26-2W15	Q862
005.SCG*LB2.CP-9++6.N.-3.12-3.15-4W17	Q863
005.SCG*LB3.CP13++6.N.12.4-6.9-2W5	Q864
005.SCG*LB4.CP--++8.N.-8.5-5.8-4W10	Q865
005.SCG*LB2.CP-7++8.N.-7.6-1.11-4W6	Q866
005.SCG*LB3.CP-8++0.N.-2.16-6.23-2W10	Q867
005.SCG*LB2.CP-3++8.N.11.2-4.5-2W21	Q868
005.SCG*LB4.CP-2++2.N.-5.19-6.21-4W2	Q869
005.SCG*LB4.CP-8++1.N.-7.1-1.2-1W4	Q870
005.SCG*LB3.CP--++8.N.-9.3-5.6-3W4	Q871
005.SCG*LB2.CP-7++7.N.-2.34-5.39-2W14	Q872
005.SCG*LB2.CP-9++6.N.-4.11-2.15-1W17	Q873
005.SCG*LB4.CP-9++0.N.-9.1-1.5-5W17	Q874
005.SCG*LB2.CP-8++3.N.25.39-1.41-2W14	Q875
005.SCG*LB4.CP-2++4.N.-4.3-5.5-2W14	Q876
005.SCG*LB1.CP-5++9.N.-3.25-3.32-3W19	Q877
005.SCG*LB4.CP-2++4.N.-4.12-6.15-1W15	Q878
005.SCG*LB4.CP-2++9.N.-7.26-1.29-2W4	Q879
005.SCG*LB2.CP-6++0.N.-4.11-1.15-7W4	Q880
005.SCG*LB4.CP-1++1.N.-8.3-4.7-5W8	Q881
005.SCG*LB2.CP-3++3.N.-7.4-6.8-8W10	Q882
005.SCG*LB3.CP--++4.N.-5.10-1.13-1W11	Q883
005.SCG*LB1.CP-1++4.N.-3.1-1.6-2W29	Q884
005.SCG*LB3.CP15++4.N.19.3-6.10-1W7	Q885
005.SCG*LB4.CP-3++0.N.-7.1-2.3-5W16	Q886
005.SCG*LB4.CP-7++7.N.-3.4-4.7-5W19	Q887
005.SCG*LB4.CP--++8.N.-5.66-5.70-2W12	Q888
005.SCG*LB1.CP-1++2.N.-4.1-2.3-5W13	Q889
005.SCG*LB4.CP-8++3.N.-5.7-3.10-1W12	Q890
005.SCG*LB3.CP11++3.N.-1.18-1.20-6W12	Q891
005.SCG*LB1.CP-2++9.N.-6.2-5.5-2W14	Q892
005.SCG*LB2.CP-4++1.N.-4.3-5.5-6W7	Q893
005.SCG*LB3.CP-2++5.N.-9.31-2.35-4W23	Q894
005.SCG*LB3.CP13++9.N.12.1-1.3-5W20	Q895
005.SCG*LB3.CP-9++7.N.13.17-1.21-6W24	Q896
005.SCG*LB2.CP-2++8.N.-4.4-5.8-7W20	Q897
005.SCG*LB4.CP-2++4.N.-4.2-4.3-4W8	Q898
005.SCG*LB2.CP-9++5.N.-1.11-2.15-3W29	Q899
005.SCG*LB1.CP-9++3.N.11.1-1.4-1W18	Q900
005.SCG*LB3.CP-9++7.N.13.9-1.13-3W23	Q901
005.SCG*LB4.CP--++8.N.-6.30-9.34-8W5	Q902
005.SCG*LB4.CP-1++0.N.-4.2-4.4-4W18	Q903
005.SCG*LB1.CP-2++8.N.-9.8-3.10-6W16	Q904
005.SCG*LB4.CP-3++4.N.24.6-1.8-3W15	Q905
005.SCG*LB4.CP-1++3.N.-8.8-4.9-5W4	Q906
005.SCG*LB4.CP--++8.N.-4.10-1.13-3W28	Q907
005.SCG*LB4.CP-3++5.N.-4.15-3.17-4W20	Q908
005.SCG*LB3.CP-6++3.N.-1.1-1.7-1W39	Q909
005.SCG*LB3.CP-8++0.N.-2.1-1.6-6W34	Q910
005.SCG*LB2.CP-9++6.N.-8.4-1.6-5W13	Q911
005.SCG*LB4.CP-3++4.N.19.3-2.3-5W1	Q912
005.SCG*LB2.CP-3++5.N.-6.1-1.4-3W13	Q913
005.SCG*LB2.CP-5++8.N.-4.12-1.17-4W30	Q914
005.SCG*LB3.CP14++5.N.-4.5-2.7-5W19	Q915
005.SCG*LB2.CP-6++0.N.20.4-2.6-2W11	Q916
005.SCG*LB4.CP--++8.N.11.7-2.9-4W16	Q917
005.SCG*LB3.CP14++4.N.-2.12-7.17-2W20	Q918
005.SCG*LB3.CP--++8.N.10.1-1.4-4W5	Q919
005.SCG*LB2.CP-9++2.N.-5.3-3.5-5W3	Q920
005.SCG*LB2.CP-2++8.N.11.10-5.13-1W4	Q921
005.SCG*LB2.CP-7++8.N.-7.11-5.14-5W2	Q922
005.SCG*LB4.CP-1++6.N.11.6-1.7-4W3	Q923
005.SCG*LB4.CP-2++6.N.-2.5-5.9-1W5	Q924
005.SCG*LB4.CP-1++8.N.-4.6-7.7-6W6	Q925
005.SCG*LB3.CP-4++0.N.-4.22-7.26-3W18	Q926
005.SCG*LB4.CP--++7.N.14.5-6.6-3W5	Q927
005.SCG*LB4.CP-2++3.N.12.5-8.8-5W10	Q928
005.SCG*LB2.CP-5++5.N.12.2-5.4-3W8	Q929
005.SCG*LB2.CP-4++7.N.-4.35-3.39-1W12	Q930
005.SCG*LB2.CP-9++6.N.-5.12-2.13-4W5	Q931
005.SCG*LB3.CP14++0.N.-5.22-1.24-3W17	Q932
005.SCG*LB2.CP-8++4.N.-4.27-4.30-3W5	Q933
005.SCG*LB4.CP-1++1.N.--.1-1.3-4W2	Q934
005.SCG*LB2.CP-2++8.N.11.6-1.10-4W33	Q935
005.SCG*LB4.CP-1++3.N.-5.26-3.27-4W11	Q936
005.SCG*LB4.CP-2++4.N.-4.3-5.5-2W6	Q937
005.SCG*LB3.CP15++4.N.-4.22-5.24-3W12	Q938
005.SCG*LB1.CP-9++3.N.-8.1-2.5-4W6	Q939
005.SCG*LB4.CP--++8.N.11.1-1.5-4W28	Q940
005.SCG*LB2.CP-9++6.N.-6.16-4.17-5W5	Q941
005.SCG*LB4.CP-3++5.N.-4.26-2.27-5W5	Q942
005.SCG*LB1.CP-1++2.N.-8.5-1.7-1W4	Q943
005.SCG*LB3.CP-8++5.N.19.21-6.26-1W27	Q944
005.SCG*LB2.CP-1++8.N.-3.1-1.5-7W16	Q945
005.SCG*LB3.CP12++7.N.-8.1-1.7-5W28	Q946
005.SCG*LB1.CP-1++3.N.10.4-1.6-4W4	Q947
005.SCG*LB3.CP-7++6.N.-7.30-1.34-1W14	Q948
005.SCG*LB2.CP-3++8.N.11.7-1.8-5W13	Q949
005.SCG*LB3.CP--++5.N.-5.18-4.19-6W5	Q950
005.SCG*LB2.CP-9++2.N.-6.25-2.28-1W6	Q951
005.SCG*LB3.CP15++0.N.-6.4-3.9-1W28	Q952
005.SCG*LB4.CP-1++1.N.-8.1-1.3-3W12	Q953
005.SCG*LB4.CP-7++0.N.--.2-1.3-3W9	Q954
005.SCG*LB2.CP-7++2.N.-4.2-2.4-4W16	Q955
005.SCG*LB1.CP-5++5.N.-2.18-4.20-3W9	Q956
005.SCG*LB2.CP-2++8.N.-8.17-1.22-7W39	Q957
005.SCG*LB4.CP--++5.N.12.3-1.5-3W10	Q958
005.SCG*LB3.CP15++8.N.-7.15-5.17-5W3	Q959
005.SCG*LB1.CP-5++4.N.-4.15-5.19-3W3	Q960
005.SCG*LB3.CP-7++9.N.-3.6-1.8-3W5	Q961
005.SCG*LB1.CP-5++4.N.-6.19-6.22-2W14	Q962
005.SCG*LB4.CP-3++8.N.-8.8-4.10-4W3	Q963
005.SCG*LB3.CP-4++1.N.11.7-3.11-6W20	Q964
005.SCG*LB3.CP-8++4.N.12.1-1.6-2W5	Q965
005.SCG*LB4.CP--++9.N.-2.5-3.9-1W9	Q966
005.SCG*LB2.CP-9++6.N.-5.8-1.12-1W6	Q967
005.SCG*LB2.CP-7++9.N.11.14-2.16-5W14	Q968
005.SCG*LB1.CP-7++6.N.-2.5-5.10-4W14	Q969
005.SCG*LB2.CP-9++6.N.-8.11-3.14-3W6	Q970
005.SCG*LB3.CP10++3.N.-2.1-1.5-1W7	Q971
005.SCG*LB4.CP-2++7.N.-2.6-3.10-4W21	Q972
005.SCG*LB3.CP13++3.N.-1.15-4.17-4W11	Q973
005.SCG*LB4.CP--++7.N.-5.4-2.8-1W13	Q974
005.SCG*LB4.CP--++4.N.-9.4-3.7-3W10	Q975
005.SCG*LB4.CP-3++4.N.22.1-2.4-6W22	Q976
005.SCG*LB1.CP-5++4.N.-4.12-5.15-4W8	Q977
005.SCG*LB4.CP--++8.N.-6.34-9.37-2W20	Q978
005.SCG*LB1.CP-4++2.N.18.1-1.3-1W10	Q979
005.SCG*LB4.CP-3++0.N.-1.6-3.9-2W10	Q980
005.SCG*LB4.CP-1++1.N.14.13-5.18-5W26	Q981
005.SCG*LB3.CP13++4.N.-3.4-1.8-2W21	Q982
005.SCG*LB4.CP-1++7.N.16.8-6.11-7W1	Q983
005.SCG*LB4.CP-7++5.N.-4.15-1.18-2W18	Q984
005.SCG*LB3.CP-8++0.N.13.1-1.5-6W18	Q985
005.SCG*LB2.CP-6++8.N.-6.13-1.19-5W3	Q986
005.SCG*LB4.CP-5++5.N.10.42-7.47-5W14	Q987
005.SCG*LB2.CP-8++8.N.11.1-2.5-1W18	Q988
005.SCG*LB2.CP-9++6.N.-8.7-1.9-1W10	Q989
005.SCG*LB3.CP13++5.N.20.4-1.11-5W14	Q990
005.SCG*LB4.CP--++8.N.11.1-1.5-4W34	Q991
005.SCG*LB3.CP-8++0.N.-2.16-6.23-2W17	Q992
005.SCG*LB2.CP-2++8.N.-4.1-2.4-4W16	Q993
005.SCG*LB4.CP-3++5.N.-4.10-3.12-5W22	Q994
005.SCG*LB1.CP-2++0.N.16.17-3.20-3W4	Q995
005.SCG*LB3.CP-4++1.N.-3.28-1.31-2W13	Q996
005.SCG*LB4.CP-2++1.N.-8.9-4.9-6W1	Q997
005.SCG*LB4.CP-1++7.N.21.10-4.11-6W1	Q998
005.SCG*LB3.CP-6++4.N.-5.14-6.17-5W12	Q999
005.SCG*LB4.CP-2++4.N.-4.8-4.9-3W7	Q1000
005.SCG*LB2.CP-9++6.N.-9.10-7.14-1W6	Q1001
005.SCG*LB4.CP-2++3.N.-3.19-1.21-6W5	Q1002
005.SCG*LB3.CP15++0.N.-2.1-1.3-1W13	Q1003
005.SCG*LB2.CP-9++6.N.-4.6-4.8-1W9	Q1004
005.SCG*LB2.CP-9++6.N.--.1-1.2-5W5	Q1005
005.SCG*LB1.CP-4++3.N.13.32-5.34-4W6	Q1006
005.SCG*LB3.CP-7++3.N.-4.3-4.6-5W21	Q1007
005.SCG*LB2.CP-9++6.N.-2.3-5.8-7W8	Q1008
005.SCG*LB3.CP15++8.N.-7.11-5.14-2W16	Q1009
005.SCG*LB4.CP-2++3.N.-3.19-1.21-6W23	Q1010
005.SCG*LB1.CP-6++9.N.-7.7-1.13-1W3	Q1011
005.SCG*LB4.CP-1++2.N.-2.6-3.10-3W26	Q1012
005.SCG*LB1.CP-4++3.N.-3.4-1.6-1W7	Q1013
005.SCG*LB2.CP-8++3.N.25.14-3.18-3W14	Q1014
005.SCG*LB2.CP-9++6.N.-6.14-1.16-3W3	Q1015
005.SCG*LB2.CP-7++3.N.36.22-4.24-1W9	Q1016
005.SCG*LB3.CP-9++8.N.-1.1-1.2-5W4	Q1017
005.SCG*LB3.CP--++5.N.-5.16-1.18-3W9	Q1018
005.SCG*LB1.CP-2++1.N.-4.1-2.5-3W15	Q1019
005.SCG*LB3.CP--++8.N.-9.1-1.3-4W16	Q1020
005.SCG*LB4.CP-1++1.N.16.19-6.23-1W27	Q1021
005.SCG*LB4.CP-1++0.N.-4.4-5.9-1W6	Q1022
005.SCG*LB1.CP-2++0.N.12.4-5.5-3W1	Q1023
005.SCG*LB1.CP-1++3.N.10.10-5.12-6W1	Q1024
005.SCG*LB4.CP-2++4.N.-4.12-6.15-1W5	Q1025
005.SCG*LB4.CP-7++0.N.-1.1-1.4-1W13	Q1026
005.SCG*LB4.CP-8++4.N.-2.11-1.15-6W19	Q1027
005.SCG*LB4.CP--++8.N.10.21-5.25-2W12	Q1028
005.SCG*LB4.CP-3++0.N.-1.2-5.6-2W21	Q1029
005.SCG*LB2.CP-3++2.N.--.1-1.3-1W9	Q1030
005.SCG*LB2.CP-3++3.N.-1.1-1.2-5W9	Q1031
005.SCG*LB3.CP-4++7.N.-8.1-1.9-5W26	Q1032
005.SCG*LB2.CP-2++8.N.-4.4-5.8-7W9	Q1033
005.SCG*LB4.CP-2++6.N.-5.12-3.16-1W20	Q1034
005.SCG*LB4.CP-9++1.N.-1.1-1.3-7W4	Q1035
005.SCG*LB4.CP-7++7.N.-3.14-1.16-3W8	Q1036
005.SCG*LB2.CP-9++6.N.-7.4-5.7-1W15	Q1037
005.SCG*LB1.CP-2++0.N.12.17-5.21-3W21	Q1038
005.SCG*LB2.CP-9++8.N.12.1-1.4-3W11	Q1039
005.SCG*LB4.CP-1++1.N.-8.29-5.31-2W7	Q1040
005.SCG*LB1.CP-1++2.N.-1.4-3.7-2W20	Q1041
005.SCG*LB2.CP-1++5.N.-2.23-1.26-7W16	Q1042
005.SCG*LB3.CP-7++6.N.-4.10-1.13-6W27	Q1043
005.SCG*LB1.CP-1++3.N.26.6-4.9-3W4	Q1044
005.SCG*LB4.CP--++7.N.12.1-2.4-3W15	Q1045
005.SCG*LB4.CP-3++0.N.-9.5-5.6-4W7	Q1046
005.SCG*LB2.CP-9++2.N.-6.17-4.19-1W7	Q1047
005.SCG*LB4.CP-1++9.N.-3.5-3.6-1W4	Q1048
005.SCG*LB1.CP-2++0.N.43.1-1.4-5W18	Q1049
005.SCG*LB3.CP-8++9.N.-5.9-1.12-6W20	Q1050
005.SCG*LB2.CP-9++6.N.10.8-4.11-4W14	Q1051
005.SCG*LB3.CP-9++5.N.-7.4-4.5-7W4	Q1052
005.SCG*LB4.CP--++8.N.10.15-3.17-3W6	Q1053
005.SCG*LB3.CP-2++7.N.-7.1-2.4-2W18	Q1054
005.SCG*LB2.CP-9++4.N.-5.7-5.11-2W6	Q1055
005.SCG*LB2.CP-8++2.N.17.11-3.16-1W30	Q1056
005.SCG*LB1.CP-1++4.N.-4.1-1.5-2W11	Q1057
005.SCG*LB4.CP-5++0.N.-8.3-7.6-4W4	Q1058
005.SCG*LB4.CP-2++3.N.-7.5-1.5-4W3	Q1059
005.SCG*LB4.CP-8++1.N.-8.1-1.2-2W6	Q1060
005.SCG*LB1.CP-1++4.N.-3.1-1.6-2W24	Q1061
005.SCG*LB3.CP-7++6.N.-7.17-3.18-3W6	Q1062
005.SCG*LB3.CP10++8.N.-7.4-1.6-5W8	Q1063
005.SCG*LB4.CP-1++6.N.11.3-2.5-7W23	Q1064
005.SCG*LB3.CP15++8.N.-3.3-2.6-6W17	Q1065
005.SCG*LB3.CP-9++0.N.-9.5-1.11-2W43	Q1066
005.SCG*LB3.CP15++4.N.-7.3-6.8-6W8	Q1067
005.SCG*LB3.CP-8++6.N.-9.12-1.14-3W11	Q1068
005.SCG*LB4.CP-1++0.N.-4.1-2.2-3W3	Q1069
005.SCG*LB4.CP--++8.N.11.5-5.7-1W3	Q1070
005.SCG*LB4.CP-3++5.N.-4.20-5.22-7W16	Q1071
005.SCG*LB4.CP-8++4.N.17.5-7.7-3W6	Q1072
005.SCG*LB2.CP-9++1.N.-8.18-3.27-1W39	Q1073
005.SCG*LB4.CP-5++4.N.-7.11-3.14-2W21	Q1074
005.SCG*LB4.CP-3++2.N.-2.20-5.22-3W3	Q1075
005.SCG*LB3.CP-5++6.N.-5.9-6.12-9W13	Q1076
005.SCG*LB4.CP--++7.N.24.1-1.6-2W23	Q1077
005.SCG*LB3.CP-2++1.N.-5.10-8.13-1W8	Q1078
005.SCG*LB3.CP15++4.N.16.10-1.13-1W17	Q1079
005.SCG*LB2.CP-9++6.N.-3.20-6.23-7W5	Q1080
005.SCG*LB3.CP-4++1.N.-5.7-2.10-5W14	Q1081
005.SCG*LB3.CP13++5.N.18.1-1.8-6W33	Q1082
005.SCG*LB2.CP-3++6.N.-6.10-2.14-1W14	Q1083
005.SCG*LB3.CP-2++3.N.11.13-3.17-5W3	Q1084
005.SCG*LB4.CP-8++1.N.-7.26-1.28-7W3	Q1085
005.SCG*LB1.CP-2++0.N.-6.9-3.10-3W7	Q1086
005.SCG*LB1.CP-2++6.N.-6.5-6.7-5W16	Q1087
005.SCG*LB4.CP-1++1.N.-8.14-1.18-5W5	Q1088
005.SCG*LB2.CP-9++6.N.-9.3-5.6-4W22	Q1089
005.SCG*LB3.CP-8++1.N.-6.29-7.33-1W8	Q1090
005.SCG*LB2.CP-7++8.N.-8.9-2.13-2W17	Q1091
005.SCG*LB1.CP-9++3.N.12.16-1.18-4W9	Q1092
005.SCG*LB2.CP-7++3.N.39.7-4.16-6W8	Q1093
005.SCG*LB4.CP-2++9.N.-7.15-1.18-1W21	Q1094
005.SCG*LB2.CP-9++5.N.-3.10-7.17-1W37	Q1095
005.SCG*LB4.CP-7++7.N.-3.10-2.12-3W13	Q1096
005.SCG*LB2.CP-6++0.N.21.7-2.8-5W10	Q1097
005.SCG*LB4.CP--++5.N.-6.8-1.10-6W20	Q1098
005.SCG*LB2.CP-2++5.N.20.3-4.6-1W10	Q1099
005.SCG*LB3.CP13++5.N.22.3-1.7-1W10	Q1100
005.SCG*LB4.CP-5++2.N.-9.9-3.12-1W7	Q1101
005.SCG*LB1.CP-1++3.N.10.1-1.3-5W12	Q1102
005.SCG*LB3.CP-9++1.N.-5.9-1.12-2W17	Q1103
005.SCG*LB3.CP-4++6.N.-9.4-3.10-3W25	Q1104
005.SCG*LB4.CP-3++5.N.-4.14-5.15-2W3	Q1105
005.SCG*LB4.CP-7++7.N.-3.4-4.7-5W7	Q1106
005.SCG*LB2.CP-8++4.N.-3.3-2.6-3W23	Q1107
005.SCG*LB4.CP-3++2.N.11.1-1.6-1W24	Q1108
005.SCG*LB1.CP-1++5.N.-3.6-3.7-3W9	Q1109
005.SCG*LB4.CP-1++6.N.12.9-6.12-5W19	Q1110
005.SCG*LB4.CP--++5.N.-1.7-6.11-5W19	Q1111
005.SCG*LB2.CP-7++2.N.-4.2-2.4-4W13	Q1112
005.SCG*LB3.CP-2++4.N.-7.1-1.2-4W7	Q1113
005.SCG*LB3.CP-4++1.N.-6.1-2.6-3W30	Q1114
005.SCG*LB4.CP--++9.N.-2.1-1.5-2W31	Q1115
005.SCG*LB4.CP-2++6.N.-1.1-1.5-6W8	Q1116
005.SCG*LB2.CP-9++1.N.-8.18-3.27-1W22	Q1117
005.SCG*LB4.CP-7++2.N.15.4-5.8-1W23	Q1118
005.SCG*LB3.CP15++0.N.-1.1-1.8-1W44	Q1119
005.SCG*LB3.CP-7++6.N.-4.6-3.9-7W22	Q1120
005.SCG*LB1.CP-4++0.N.-4.5-8.7-2W10	Q1121
005.SCG*LB3.CP10++8.N.-5.17-5.20-3W10	Q1122
005.SCG*LB1.CP-1++4.N.-3.1-1.6-2W9	Q1123
005.SCG*LB4.CP-7++1.N.-2.3-5.6-1W4	Q1124
005.SCG*LB4.CP-2++8.N.-5.1-1.6-3W38	Q1125
005.SCG*LB1.CP-6++7.N.-9.1-1.6-3W17	Q1126
005.SCG*LB3.CP13++5.N.16.1-1.5-3W25	Q1127
005.SCG*LB3.CP-9++5.N.-9.8-5.9-4W4	Q1128
005.SCG*LB2.CP-3++5.N.-7.6-2.10-4W30	Q1129
005.SCG*LB4.CP-5++5.N.-3.1-1.5-5W28	Q1130
005.SCG*LB1.CP-8++6.N.-6.6-1.13-4W36	Q1131
005.SCG*LB2.CP-3++2.N.-9.1-2.7-2W25	Q1132
005.SCG*LB3.CP-9++7.N.-2.4-1.7-4W13	Q1133
005.SCG*LB4.CP-2++3.N.-8.11-2.14-4W8	Q1134
005.SCG*LB1.CP-8++1.N.-2.9-2.12-9W16	Q1135
005.SCG*LB1.CP-9++3.N.-7.6-1.9-5W14	Q1136
005.SCG*LB4.CP-2++3.N.-8.9-5.11-1W6	Q1137
005.SCG*LB1.CP-8++6.N.-6.3-1.5-2W15	Q1138
005.SCG*LB3.CP12++7.N.-4.15-1.20-4W22	Q1139
005.SCG*LB3.CP14++0.N.-8.9-2.10-7W5	Q1140
005.SCG*LB1.CP-2++0.N.26.4-1.7-1W18	Q1141
005.SCG*LB1.CP-7++2.N.-4.12-2.14-5W14	Q1142
005.SCG*LB3.CP-1++8.N.-5.9-1.14-1W12	Q1143
005.SCG*LB1.CP-2++0.N.21.3-2.5-6W18	Q1144
005.SCG*LB3.CP10++5.N.-3.3-3.5-2W5	Q1145
005.SCG*LB3.CP-1++8.N.-4.1-2.7-4W24	Q1146
005.SCG*LB1.CP-2++6.N.-3.13-2.15-5W14	Q1147
005.SCG*LB3.CP-1++8.N.-4.7-5.9-1W6	Q1148
005.SCG*LB3.CP13++5.N.-8.7-5.9-3W11	Q1149
005.SCG*LB3.CP15++6.N.-5.3-1.5-5W3	Q1150
005.SCG*LB3.CP13++5.N.-8.1-1.4-2W9	Q1151
005.SCG*LB3.CP-1++8.N.-2.10-4.15-8W29	Q1152
005.SCG*LB3.CP-5++3.N.-4.13-2.15-5W18	Q1153
005.SCG*LB2.CP-4++3.N.-9.1-2.5-3W10	Q1154
005.SCG*LB3.CP10++5.N.-3.1-2.3-2W4	Q1155
005.SCG*LB2.CP-8++3.N.30.1-2.3-1W7	Q1156
005.SCG*LB3.CP15++8.N.-3.1-2.3-1W7	Q1157
005.SCG*LB3.CP13++2.N.14.2-6.5-2W16	Q1158
005.SCG*LB2.CP-3++5.N.-7.12-2.14-1W14	Q1159
005.SCG*LB1.CP-2++0.N.26.9-1.12-3W11	Q1160
005.SCG*LB4.CP-4++0.N.-3.3-2.4-4W10	Q1161
005.SCG*LB1.CP-4++2.N.-9.41-4.43-8W13	Q1162
005.SCG*LB3.CP-1++8.N.-4.11-3.15-5W25	Q1163
005.SCG*LB4.CP-5++2.N.-2.10-3.15-3W23	Q1164
005.SCG*LB2.CP-7++4.N.-5.10-6.13-5W8	Q1165
005.SCG*LB2.CP-7++3.N.39.36-2.37-3W7	Q1166
005.SCG*LB4.CP-7++7.N.-4.9-4.12-5W16	Q1167
005.SCG*LB2.CP-5++2.N.-7.18-1.19-3W11	Q1168
005.SCG*LB3.CP-6++0.N.-3.1-2.3-7W18	Q1169
005.SCG*LB3.CP14++4.N.-2.9-4.12-6W14	Q1170
005.SCG*LB2.CP-4++4.N.-4.1-2.2-6W7	Q1171
005.SCG*LB2.CP-4++3.N.-7.4-5.10-3W8	Q1172
005.SCG*LB3.CP10++4.N.-5.1-1.4-4W17	Q1173
005.SCG*LB1.CP-2++6.N.-7.3-6.5-3W13	Q1174
005.SCG*LB2.CP-8++7.N.-5.4-6.9-6W33	Q1175
005.SCG*LB3.CP15++6.N.-5.3-1.5-5W17	Q1176
005.SCG*LB2.CP-7++4.N.13.1-2.4-3W7	Q1177
005.SCG*LB2.CP-3++5.N.-7.12-2.14-1W7	Q1178
005.SCG*LB1.CP-2++4.N.-5.12-3.13-4W6	Q1179
005.SCG*LB3.CP-2++2.N.-4.11-1.15-3W13	Q1180
005.SCG*LB3.CP13++2.N.10.6-1.10-4W9	Q1181
005.SCG*LB2.CP-7++3.N.27.16-2.19-2W9	Q1182
005.SCG*LB3.CP-1++8.N.-5.3-3.8-7W17	Q1183
005.SCG*LB3.CP-4++3.N.-3.41-1.46-4W19	Q1184
005.SCG*LB1.CP-2++2.N.-6.30-2.32-1W4	Q1185
005.SCG*LB3.CP13++2.N.16.5-1.7-3W14	Q1186
005.SCG*LB3.CP13++2.N.10.1-1.3-5W14	Q1187
005.SCG*LB1.CP-2++0.N.27.7-4.9-5W6	Q1188
005.SCG*LB3.CP13++5.N.11.3-1.7-3W15	Q1189
005.SCG*LB3.CP13++2.N.25.5-5.7-4W6	Q1190
005.SCG*LB3.CP-1++9.N.-1.1-1.3-1W5	Q1191
005.SCG*LB2.CP-8++7.N.-5.1-2.4-5W9	Q1192
005.SCG*LB2.CP-4++4.N.-5.1-2.7-8W19	Q1193
005.SCG*LB2.CP-7++4.N.-3.1-1.9-5W36	Q1194
005.SCG*LB1.CP-9++3.N.-7.16-5.18-6W12	Q1195
005.SCG*LB3.CP13++5.N.-9.1-1.5-1W5	Q1196
005.SCG*LB3.CP-4++4.N.-5.26-1.30-1W15	Q1197
005.SCG*LB3.CP13++2.N.10.3-6.5-6W14	Q1198
005.SCG*LB2.CP-2++0.N.-2.5-5.6-5W4	Q1199
005.SCG*LB1.CP-2++2.N.-6.34-2.35-6W5	Q1200
005.SCG*LB4.CP-7++7.N.-2.1-1.2-5W7	Q1201
005.SCG*LB4.CP-5++9.N.-4.1-1.4-2W11	Q1202
005.SCG*LB1.CP--++5.N.-6.1-1.5-1W21	Q1203
005.SCG*LB4.CP-9++5.N.-8.4-3.9-1W4	Q1204
005.SCG*LB3.CP--++3.N.-4.1-2.4-5W24	Q1205
005.SCG*LB3.CP-1++8.N.-4.11-3.15-5W35	Q1206
005.SCG*LB3.CP13++4.N.-4.8-2.13-4W14	Q1207
005.SCG*LB4.CP-2++1.N.-6.1-1.5-1W22	Q1208
005.SCG*LB4.CP-4++0.N.-3.1-2.3-1W3	Q1209
005.SCG*LB3.CP13++2.N.14.5-3.9-3W10	Q1210
005.SCG*LB3.CP13++2.N.11.5-1.11-4W11	Q1211
005.SCG*LB2.CP-7++5.N.15.30-1.32-1W4	Q1212
005.SCG*LB3.CP-8++1.N.-1.12-4.19-3W38	Q1213
005.SCG*LB1.CP-4++2.N.-9.53-3.54-5W6	Q1214
005.SCG*LB2.CP-4++4.N.-5.1-2.7-8W7	Q1215
005.SCG*LB1.CP-2++0.N.20.1-1.5-6W19	Q1216
005.SCG*LB1.CP-2++0.N.27.10-7.13-5W23	Q1217
005.SCG*LB2.CP-8++7.N.-5.4-6.9-6W10	Q1218
005.SCG*LB3.CP13++5.N.10.6-1.14-4W26	Q1219
005.SCG*LB3.CP-8++4.N.-5.1-2.4-2W13	Q1220
005.SCG*LB3.CP-4++2.N.-2.22-3.24-5W13	Q1221
005.SCG*LB3.CP13++6.N.13.1-1.4-6W23	Q1222
005.SCG*LB2.CP-8++3.N.28.13-2.15-1W11	Q1223
005.SCG*LB3.CP-1++8.N.-4.1-2.7-4W37	Q1224
005.SCG*LB1.CP-2++4.N.-5.4-3.7-1W5	Q1225
005.SCG*LB2.CP-4++3.N.-9.1-2.5-3W16	Q1226
005.SCG*LB2.CP-8++3.N.28.10-1.13-1W8	Q1227
005.SCG*LB4.CP-5++9.N.-4.1-1.4-2W8	Q1228
005.SCG*LB2.CP-8++3.N.26.11-5.13-7W19	Q1229
005.SCG*LB2.CP-6++0.N.-1.25-3.26-5W7	Q1230
005.SCG*LB1.CP-2++0.N.27.1-1.5-5W19	Q1231
005.SCG*LB3.CP15++1.N.-5.1-2.6-1W21	Q1232
005.SCG*LB3.CP-1++8.N.-5.3-3.8-7W33	Q1233
005.SCG*LB3.CP15++8.N.-3.3-2.6-6W7	Q1234
005.SCG*LB2.CP-4++4.N.-4.5-3.8-6W7	Q1235
005.SCG*LB3.CP12++8.N.-2.8-5.9-7W3	Q1236
005.SCG*LB4.CP-5++7.N.-2.8-3.10-2W12	Q1237
005.SCG*LB4.CP-8++1.N.12.43-3.44-4W9	Q1238
005.SCG*LB2.CP-6++8.N.-7.1-1.3-5W16	Q1239
005.SCG*LB1.CP--++3.N.-5.23-1.26-5W9	Q1240
005.SCG*LB3.CP-4++3.N.10.9-2.14-1W8	Q1241
005.SCG*LB3.CP-4++1.N.-9.13-3.15-3W13	Q1242
005.SCG*LB2.CP-3++0.N.11.9-1.13-2W7	Q1243
005.SCG*LB1.CP-6++2.N.-4.1-2.2-7W9	Q1244
005.SCG*LB1.CP-6++6.N.-4.4-3.9-4W31	Q1245
005.SCG*LB3.CP-4++3.N.10.1-1.9-1W34	Q1246
005.SCG*LB2.CP-2++6.N.-3.3-1.6-3W9	Q1247
005.SCG*LB1.CP--++3.N.-5.26-6.30-6W30	Q1248
005.SCG*LB3.CP-5++5.N.-3.6-5.10-1W9	Q1249
005.SCG*LB3.CP-5++5.N.-3.1-2.2-6W5	Q1250
005.SCG*LB2.CP-4++2.N.-1.6-6.11-3W7	Q1251
005.SCG*LB4.CP-6++4.N.-4.9-1.13-4W17	Q1252
005.SCG*LB2.CP-5++2.N.-1.1-1.6-1W34	Q1253
005.SCG*LB1.CP-6++9.N.-5.2-6.8-2W33	Q1254
005.SCG*LB3.CP-4++9.N.-3.24-2.27-4W18	Q1255
005.SCG*LB3.CP13++6.N.16.1-1.4-4W17	Q1256
005.SCG*LB4.CP-6++4.N.-4.9-1.13-4W28	Q1257
005.SCG*LB3.CP-4++9.N.-3.34-7.37-2W6	Q1258
005.SCG*LB1.CP-3++1.N.-4.8-1.10-6W13	Q1259
005.SCG*LB3.CP-9++4.N.10.66-1.67-6W7	Q1260
005.SCG*LB2.CP-7++4.N.-3.11-5.12-4W6	Q1261
005.SCG*LB1.CP-3++0.N.-2.8-1.14-1W31	Q1262
005.SCG*LB4.CP-5++0.N.-3.20-3.21-3W7	Q1263
005.SCG*LB4.CP-5++0.N.-3.7-6.10-6W27	Q1264
005.SCG*LB1.CP--++4.N.-3.23-1.25-1W15	Q1265
005.SCG*LB2.CP-7++4.N.-7.10-2.11-2W2	Q1266
005.SCG*LB2.CP-7++4.N.-3.1-1.9-5W31	Q1267
005.SCG*LB2.CP-7++4.N.-3.1-1.9-5W16	Q1268
005.SCG*LB2.CP-7++4.N.11.2-5.6-2W3	Q1269
005.SCG*LB1.CP-1++3.N.19.10-1.11-6W8	Q1270
005.SCG*LB2.CP-7++4.N.11.2-5.6-2W15	Q1271
005.SCG*LB2.CP-7++4.N.11.2-5.6-2W21	Q1272
005.SCG*LB2.CP-7++4.N.-3.11-5.12-4W1	Q1273
005.SCG*LB2.CP-7++8.N.10.20-3.22-6W9	Q1274
005.SCG*LB2.CP-7++4.N.16.13-7.16-1W14	Q1275
005.SCG*LB2.CP-7++4.N.14.1-1.6-2W10	Q1276
005.SCG*LB2.CP-7++4.N.-3.9-6.11-4W4	Q1277
005.SCG*LB2.CP-7++4.N.14.1-1.6-2W34	Q1278
005.SCG*LB4.CP--++9.N.-3.1-1.5-2W30	Q1279
005.SCG*LB1.CP-9++2.N.-2.6-1.8-3W7	Q1280
005.SCG*LB4.CP-2++9.N.-5.18-2.19-6W5	Q1281
005.SCG*LB2.CP-4++4.N.-9.10-3.12-6W15	Q1282
005.SCG*LB2.CP-4++6.N.-3.1-2.2-4W5	Q1283
005.SCG*LB4.CP-3++3.N.-2.9-3.13-4W17	Q1284
005.SCG*LB1.CP-2++4.N.-5.4-3.7-1W3	Q1285
005.SCG*LB1.CP-7++3.N.-5.1-2.8-2W5	Q1286
005.SCG*LB2.CP-9++5.N.-2.17-2.19-3W12	Q1287
005.SCG*LB1.CP-1++9.N.-1.4-1.6-3W15	Q1288
005.SCG*LB4.CP--++8.N.-4.27-7.29-2W3	Q1289
005.SCG*LB4.CP-2++5.N.-4.18-1.20-4W4	Q1290
005.SCG*LB1.CP-5++4.N.-3.7-5.8-5W4	Q1291
005.SCG*LB4.CP-3++5.N.11.5-5.8-2W8	Q1292
005.SCG*LB4.CP-2++5.N.-2.2-2.6-3W30	Q1293
005.SCG*LB1.CP-7++3.N.-5.9-3.11-2W10	Q1294
005.SCG*LB1.CP-2++0.N.12.17-5.21-3W3	Q1295
005.SCG*LB4.CP-4++1.N.-3.4-6.10-4W23	Q1296
005.SCG*LB1.CP-2++0.N.13.16-3.18-5W12	Q1297
005.SCG*LB1.CP-5++4.N.-3.5-6.6-5W7	Q1298
005.SCG*LB4.CP-3++8.N.-4.1-2.5-1W23	Q1299
005.SCG*LB2.CP-1++5.N.-3.3-8.7-4W8	Q1300
005.SCG*LB4.CP-8++1.N.12.38-4.43-2W20	Q1301
005.SCG*LB4.CP-7++3.N.-2.41-3.42-7W3	Q1302
005.SCG*LB4.CP-3++8.N.-4.5-2.8-3W7	Q1303
005.SCG*LB2.CP-9++5.N.-3.10-7.17-1W18	Q1304
005.SCG*LB2.CP-1++5.N.-3.3-8.7-4W24	Q1305
005.SCG*LB3.CP15++2.N.-3.10-5.13-4W10	Q1306
005.SCG*LB1.CP-3++8.N.-3.3-1.7-1W9	Q1307
005.SCG*LB1.CP-2++6.N.-3.3-5.9-4W17	Q1308
005.SCG*LB1.CP-2++4.N.-5.1-2.4-2W2	Q1309
005.SCG*LB1.CP-2++0.N.12.13-2.17-4W3	Q1310
005.SCG*LB4.CP-2++9.N.-7.8-2.9-4W10	Q1311
005.SCG*LB4.CP-2++5.N.-3.6-6.8-2W11	Q1312
005.SCG*LB4.CP--++1.N.11.19-1.22-3W24	Q1313
005.SCG*LB1.CP-2++6.N.-3.9-5.13-1W18	Q1314
005.SCG*LB1.CP-2++4.N.-5.15-3.18-3W9	Q1315
005.SCG*LB4.CP--++8.N.-2.11-6.15-5W9	Q1316
005.SCG*LB4.CP-3++5.N.11.14-6.16-4W5	Q1317
005.SCG*LB4.CP-5++9.N.-1.10-3.12-1W6	Q1318
005.SCG*LB4.CP-9++1.N.10.12-1.12-3W3	Q1319
005.SCG*LB4.CP-3++4.N.26.17-2.17-4W1	Q1320
005.SCG*LB2.CP-3++8.N.-5.1-2.3-5W16	Q1321
005.SCG*LB3.CP15++2.N.-3.7-2.10-4W9	Q1322
005.SCG*LB1.CP-1++4.N.-2.20-4.21-6W4	Q1323
005.SCG*LB4.CP--++3.N.-1.8-1.14-3W17	Q1324
005.SCG*LB1.CP-2++4.N.-5.8-2.12-2W5	Q1325
005.SCG*LB4.CP-2++9.N.-7.7-1.8-1W7	Q1326
005.SCG*LB1.CP-2++6.N.11.25-3.27-3W14	Q1327
005.SCG*LB1.CP-2++4.N.-5.12-3.13-4W4	Q1328
005.SCG*LB2.CP-9++5.N.-3.17-2.19-1W8	Q1329
005.SCG*LB4.CP-1++4.N.-9.1-1.4-5W18	Q1330
005.SCG*LB4.CP--++1.N.11.35-6.36-6W3	Q1331
005.SCG*LB4.CP-4++1.N.-3.4-6.10-4W37	Q1332
005.SCG*LB1.CP-2++4.N.-5.8-2.12-2W19	Q1333
005.SCG*LB2.CP-4++5.N.-6.3-3.5-5W3	Q1334
005.SCG*LB4.CP-2++5.N.-3.1-1.4-6W14	Q1335
005.SCG*LB2.CP-9++5.N.-2.13-5.17-1W22	Q1336
005.SCG*LB2.CP-8++4.N.-5.3-3.7-1W20	Q1337
005.SCG*LB4.CP--++2.N.-4.9-1.10-6W7	Q1338
005.SCG*LB2.CP-9++3.N.-5.4-3.6-5W5	Q1339
005.SCG*LB1.CP-1++4.N.-3.15-1.17-2W3	Q1340
005.SCG*LB1.CP-2++0.N.13.16-3.18-5W7	Q1341
005.SCG*LB2.CP-3++2.N.-5.14-1.14-5W3	Q1342
005.SCG*LB1.CP-3++8.N.-3.7-2.9-3W7	Q1343
005.SCG*LB1.CP-2++6.N.11.15-2.17-7W6	Q1344
005.SCG*LB1.CP-5++4.N.-3.8-6.10-3W9	Q1345
005.SCG*LB4.CP-3++5.N.11.8-3.11-3W17	Q1346
005.SCG*LB1.CP-5++4.N.-4.19-4.23-4W22	Q1347
005.SCG*LB1.CP-1++9.N.-1.8-4.9-5W8	Q1348
005.SCG*LB4.CP-3++8.N.-9.11-4.19-1W29	Q1349
005.SCG*LB1.CP-4++2.N.-8.4-1.5-6W8	Q1350
005.SCG*LB4.CP-7++3.N.-2.31-4.32-1W4	Q1351
005.SCG*LB4.CP-4++1.N.-3.4-6.10-4W12	Q1352
005.SCG*LB2.CP-8++3.N.-4.6-4.10-4W21	Q1353
005.SCG*LB4.CP-2++9.N.-5.21-3.24-7W23	Q1354
005.SCG*LB3.CP-8++0.N.-3.1-1.10-2W54	Q1355
005.SCG*LB4.CP--++9.N.-1.1-1.6-3W20	Q1356
005.SCG*LB2.CP-7++3.N.24.1-2.3-5W6	Q1357
005.SCG*LB2.CP-9++8.N.12.9-5.12-2W11	Q1358
005.SCG*LB2.CP-7++5.N.-1.1-1.4-3W9	Q1359
005.SCG*LB4.CP--++4.N.-9.1-1.4-2W1	Q1360
005.SCG*LB4.CP-5++0.N.-8.9-2.11-1W12	Q1361
005.SCG*LB3.CP10++6.N.-7.2-3.4-6W6	Q1362
005.SCG*LB4.CP-3++4.N.12.2-2.5-1W17	Q1363
005.SCG*LB3.CP10++4.N.-5.15-5.22-2W33	Q1364
005.SCG*LB1.CP-9++9.N.-3.3-2.5-3W9	Q1365
005.SCG*LB4.CP-1++2.N.-1.1-1.6-4W13	Q1366
005.SCG*LB4.CP-3++4.N.12.5-2.9-4W22	Q1367
005.SCG*LB4.CP-5++5.N.-9.11-1.14-6W19	Q1368
005.SCG*LB3.CP11++5.N.-3.7-3.8-4W6	Q1369
005.SCG*LB3.CP11++6.N.-2.5-1.6-6W7	Q1370
005.SCG*LB3.CP11++6.N.-1.1-1.5-5W13	Q1371
005.SCG*LB4.CP-7++2.N.-6.1-1.8-6W34	Q1372
005.SCG*LB3.CP11++6.N.-2.3-1.4-5W9	Q1373
005.SCG*LB3.CP11++5.N.-5.6-6.8-3W14	Q1374
005.SCG*LB4.CP-9++5.N.-8.9-2.11-1W10	Q1375
005.SCG*LB4.CP-9++6.N.-4.1-1.6-2W26	Q1376
005.SCG*LB3.CP11++6.N.-1.1-1.5-5W18	Q1377
005.SCG*LB3.CP12++0.N.20.1-2.4-1W12	Q1378
005.SCG*LB4.CP-8++6.N.-5.1-1.4-1W8	Q1379
005.SCG*LB3.CP12++1.N.-1.9-4.11-1W11	Q1380
005.SCG*LB3.CP11++6.N.-2.19-1.20-3W8	Q1381
005.SCG*LB4.CP-5++5.N.29.1-1.4-5W26	Q1382
005.SCG*LB4.CP-9++4.N.-1.9-1.12-1W12	Q1383
005.SCG*LB3.CP13++0.N.-1.1-1.4-3W9	Q1384
005.SCG*LB4.CP-7++9.N.-8.5-7.8-6W20	Q1385
005.SCG*LB3.CP11++6.N.-2.15-1.18-1W21	Q1386
005.SCG*LB3.CP11++5.N.-3.10-3.11-7W12	Q1387
005.SCG*LB4.CP-8++1.N.15.8-7.12-2W11	Q1388
005.SCG*LB3.CP12++8.N.-2.1-2.2-4W8	Q1389
005.SCG*LB3.CP11++5.N.-4.6-1.8-2W11	Q1390
005.SCG*LB3.CP11++6.N.-2.19-1.20-3W4	Q1391
005.SCG*LB4.CP-8++1.N.15.1-1.4-5W16	Q1392
005.SCG*LB3.CP11++6.N.-2.1-1.2-5W8	Q1393
005.SCG*LB3.CP12++0.N.19.1-1.7-5W17	Q1394
005.SCG*LB3.CP11++6.N.-2.12-1.14-1W3	Q1395
005.SCG*LB3.CP12++0.N.20.1-2.4-1W5	Q1396
005.SCG*LB4.CP-3++4.N.-2.25-3.28-6W26	Q1397
005.SCG*LB2.CP-4++4.N.-1.20-3.23-7W10	Q1398
005.SCG*LB3.CP11++6.N.-2.22-3.23-6W10	Q1399
005.SCG*LB3.CP11++9.N.-6.3-1.4-3W10	Q1400
005.SCG*LB4.CP-7++3.N.-6.1-1.5-3W22	Q1401
005.SCG*LB3.CP14++4.N.11.16-1.23-2W13	Q1402
005.SCG*LB3.CP10++4.N.-1.10-1.13-4W1	Q1403
005.SCG*LB4.CP-5++6.N.-2.23-1.26-6W27	Q1404
005.SCG*LB3.CP13++5.N.-9.5-2.9-3W26	Q1405
005.SCG*LB3.CP11++9.N.-3.1-1.5-2W1	Q1406
005.SCG*LB4.CP-5++3.N.19.1-2.4-2W14	Q1407
005.SCG*LB3.CP15++3.N.-4.10-6.13-5W20	Q1408
005.SCG*LB3.CP14++8.N.-3.1-2.6-2W9	Q1409
005.SCG*LB3.CP11++2.N.-1.16-3.18-6W12	Q1410
005.SCG*LB3.CP10++3.N.-6.8-6.12-4W20	Q1411
005.SCG*LB1.CP-8++1.N.-2.5-2.9-1W17	Q1412
005.SCG*LB4.CP-9++1.N.-5.1-2.4-2W17	Q1413
005.SCG*LB3.CP11++9.N.-6.4-4.9-2W4	Q1414
005.SCG*LB2.CP-2++1.N.-6.1-2.5-6W2	Q1415
005.SCG*LB3.CP15++4.N.-8.1-1.6-5W32	Q1416
005.SCG*LB3.CP15++4.N.10.1-1.5-7W10	Q1417
005.SCG*LB1.CP--++6.N.-7.38-1.39-2W8	Q1418
005.SCG*LB3.CP10++3.N.-8.1-1.6-4W14	Q1419
005.SCG*LB4.CP-3++8.N.-9.11-4.19-1W47	Q1420
005.SCG*LB3.CP11++2.N.-1.13-2.16-2W10	Q1421
005.SCG*LB1.CP--++6.N.-4.1-1.7-1W43	Q1422
005.SCG*LB3.CP10++6.N.-5.3-2.6-2W14	Q1423
005.SCG*LB3.CP14++5.N.-2.9-1.11-1W7	Q1424
005.SCG*LB4.CP-7++8.N.-2.28-2.29-5W9	Q1425
005.SCG*LB3.CP14++7.N.-1.1-1.8-2W41	Q1426
005.SCG*LB4.CP-5++4.N.-8.15-2.18-1W15	Q1427
005.SCG*LB3.CP-7++0.N.-3.5-2.11-2W14	Q1428
005.SCG*LB4.CP-5++4.N.-8.18-2.22-5W4	Q1429
005.SCG*LB1.CP--++6.N.-1.1-1.5-1W13	Q1430
005.SCG*LB3.CP-8++5.N.11.23-3.25-9W3	Q1431
005.SCG*LB4.CP-7++3.N.-1.16-4.22-6W10	Q1432
005.SCG*LB2.CP-2++1.N.-5.20-1.22-1W4	Q1433
005.SCG*LB1.CP--++6.N.-7.16-1.21-1W14	Q1434
005.SCG*LB4.CP-7++3.N.-6.1-1.5-3W10	Q1435
005.SCG*LB3.CP13++5.N.-3.9-1.10-5W1	Q1436
005.SCG*LB3.CP10++3.N.-6.8-6.12-4W7	Q1437
005.SCG*LB3.CP14++7.N.-3.13-5.17-4W19	Q1438
005.SCG*LB1.CP--++6.N.-7.16-1.21-1W4	Q1439
005.SCG*LB2.CP-9++6.N.10.8-4.11-4W5	Q1440
005.SCG*LB4.CP-6++2.N.-6.12-2.16-3W6	Q1441
005.SCG*LB4.CP-5++5.N.19.21-5.25-1W4	Q1442
005.SCG*LB2.CP-9++5.N.-2.7-1.11-2W15	Q1443
005.SCG*LB3.CP-9++5.N.17.11-3.12-4W4	Q1444
005.SCG*LB4.CP-5++2.N.-6.24-3.28-2W11	Q1445
005.SCG*LB4.CP-8++6.N.-4.1-1.6-6W8	Q1446
005.SCG*LB3.CP-2++0.N.-4.4-1.9-3W12	Q1447
005.SCG*LB3.CP15++8.N.-7.18-7.20-1W8	Q1448
005.SCG*LB4.CP-8++7.N.-1.8-4.9-5W8	Q1449
005.SCG*LB3.CP-9++5.N.-2.6-1.12-5W47	Q1450
005.SCG*LB4.CP-8++6.N.-3.1-1.3-4W17	Q1451
005.SCG*LB3.CP-7++2.N.-3.1-2.4-1W12	Q1452
005.SCG*LB3.CP-9++5.N.-9.1-1.3-4W11	Q1453
005.SCG*LB2.CP-4++7.N.-4.22-1.27-3W12	Q1454
005.SCG*LB4.CP--++2.N.-1.4-5.6-4W9	Q1455
005.SCG*LB4.CP-6++6.N.-8.1-1.4-3W9	Q1456
005.SCG*LB4.CP--++4.N.10.1-1.6-5W5	Q1457
005.SCG*LB1.CP-3++5.N.-2.12-3.14-3W8	Q1458
005.SCG*LB3.CP-4++3.N.-1.1-1.11-1W25	Q1459
005.SCG*LB2.CP-1++3.N.-2.4-5.6-3W13	Q1460
005.SCG*LB3.CP--++2.N.-2.3-6.7-6W3	Q1461
005.SCG*LB4.CP-8++2.N.-7.13-2.15-2W6	Q1462
005.SCG*LB3.CP10++6.N.-4.6-2.11-3W6	Q1463
005.SCG*LB3.CP15++3.N.-3.15-6.19-1W23	Q1464
005.SCG*LB4.CP-8++2.N.-7.10-1.13-1W9	Q1465
005.SCG*LB3.CP14++4.N.-2.7-8.9-3W9	Q1466
005.SCG*LB3.CP14++3.N.-1.13-1.20-3W48	Q1467
005.SCG*LB3.CP14++9.N.-1.7-1.10-3W9	Q1468
005.SCG*LB3.CP-4++2.N.-4.18-3.20-3W5	Q1469
005.SCG*LB4.CP--++4.N.-9.11-3.13-7W8	Q1470
005.SCG*LB4.CP--++4.N.-3.1-1.8-4W30	Q1471
005.SCG*LB3.CP-8++1.N.-1.12-4.19-3W18	Q1472
005.SCG*LB3.CP-2++6.N.15.5-1.9-4W29	Q1473
005.SCG*LB4.CP-5++8.N.-3.7-1.9-3W8	Q1474
005.SCG*LB3.CP14++9.N.-1.7-1.10-3W22	Q1475
005.SCG*LB4.CP-5++4.N.-3.1-1.2-4W9	Q1476
005.SCG*LB3.CP--++2.N.-2.3-6.7-6W5	Q1477
005.SCG*LB4.CP-7++2.N.-1.10-1.15-1W8	Q1478
005.SCG*LB3.CP10++5.N.12.1-1.8-5W47	Q1479
005.SCG*LB3.CP-7++3.N.-2.1-1.4-2W11	Q1480
005.SCG*LB3.CP-8++0.N.-9.7-1.8-6W11	Q1481
005.SCG*LB3.CP14++5.N.-2.4-2.5-4W9	Q1482
005.SCG*LB4.CP-9++5.N.-5.15-2.17-6W21	Q1483
005.SCG*LB3.CP15++3.N.-2.15-3.19-3W26	Q1484
005.SCG*LB3.CP-9++2.N.10.14-2.18-6W36	Q1485
005.SCG*LB3.CP-6++2.N.13.1-1.6-5W16	Q1486
005.SCG*LB4.CP--++1.N.10.6-4.8-2W9	Q1487
005.SCG*LB2.CP--++2.N.-2.14-1.17-3W25	Q1488
005.SCG*LB3.CP-1++4.N.-5.10-1.12-1W11	Q1489
005.SCG*LB3.CP--++8.N.11.3-2.8-4W20	Q1490
005.SCG*LB3.CP10++3.N.-4.4-4.8-5W11	Q1491
005.SCG*LB3.CP-2++0.N.-4.17-3.26-2W27	Q1492
005.SCG*LB2.CP-8++3.N.25.58-1.60-6W5	Q1493
005.SCG*LB3.CP-1++4.N.-5.13-1.15-4W10	Q1494
005.SCG*LB3.CP12++5.N.-5.6-1.11-3W12	Q1495
005.SCG*LB4.CP-1++4.N.-6.25-3.29-1W25	Q1496
005.SCG*LB2.CP-4++4.N.12.1-2.7-3W41	Q1497
005.SCG*LB3.CP-2++0.N.-4.17-3.26-2W33	Q1498
005.SCG*LB2.CP-9++6.N.10.12-1.15-5W12	Q1499
005.SCG*LB3.CP--++5.N.11.5-1.12-1W44	Q1500
005.SCG*LB2.CP-4++4.N.-1.29-6.36-4W19	Q1501
005.SCG*LB3.CP13++6.N.-7.2-4.5-3W3	Q1502
005.SCG*LB1.CP10++2.N.-6.9-3.14-1W19	Q1503
005.SCG*LB3.CP-3++9.N.-4.5-4.7-3W11	Q1504
005.SCG*LB2.CP-3++3.N.-2.9-4.11-6W4	Q1505
005.SCG*LB4.CP-3++0.N.-9.6-5.9-5W18	Q1506
005.SCG*LB3.CP-3++9.N.-3.9-3.11-7W10	Q1507
005.SCG*LB2.CP-5++2.N.-2.1-1.2-6W12	Q1508
005.SCG*LB2.CP-4++1.N.14.1-1.5-2W22	Q1509
005.SCG*LB3.CP13++5.N.22.3-1.7-1W27	Q1510
005.SCG*LB4.CP-7++2.N.14.18-3.21-1W11	Q1511
005.SCG*LB3.CP--++5.N.-2.6-6.7-5W7	Q1512
005.SCG*LB1.CP-8++1.N.-3.4-6.9-6W30	Q1513
005.SCG*LB3.CP-3++9.N.-3.3-2.5-3W13	Q1514
005.SCG*LB2.CP-8++3.N.35.4-2.7-1W19	Q1515
005.SCG*LB3.CP--++5.N.-9.3-5.5-1W6	Q1516
005.SCG*LB3.CP-1++0.N.-9.1-1.6-2W16	Q1517
005.SCG*LB3.CP-3++9.N.-4.11-3.15-2W18	Q1518
005.SCG*LB2.CP-4++4.N.13.1-2.7-1W36	Q1519
005.SCG*LB3.CP14++9.N.-7.3-4.8-5W23	Q1520
005.SCG*LB3.CP-9++2.N.10.14-2.18-6W15	Q1521
005.SCG*LB2.CP--++2.N.-2.18-3.20-3W6	Q1522
005.SCG*LB3.CP-9++2.N.10.3-1.5-6W8	Q1523
005.SCG*LB3.CP16++3.N.-1.1-1.5-4W15	Q1524
005.SCG*LB3.CP-9++2.N.-8.4-1.6-5W18	Q1525
005.SCG*LB3.CP-9++2.N.11.8-3.13-2W7	Q1526
005.SCG*LB3.CP10++6.N.-8.10-1.13-2W6	Q1527
005.SCG*LB3.CP-8++5.N.20.16-1.20-5W11	Q1528
005.SCG*LB3.CP13++5.N.12.11-2.13-4W16	Q1529
005.SCG*LB3.CP-9++2.N.--.1-1.3-4W9	Q1530
005.SCG*LB3.CP10++3.N.-4.1-1.4-3W13	Q1531
005.SCG*LB4.CP-7++4.N.-5.5-3.8-3W21	Q1532
005.SCG*LB3.CP11++7.N.-4.1-2.4-1W12	Q1533
005.SCG*LB4.CP--++6.N.-7.1-2.2-2W3	Q1534
005.SCG*LB3.CP14++7.N.-2.13-2.15-3W17	Q1535
005.SCG*LB3.CP-8++1.N.-1.12-4.19-3W25	Q1536
005.SCG*LB3.CP14++1.N.-9.9-4.15-1W10	Q1537
005.SCG*LB3.CP-9++2.N.10.10-1.14-1W6	Q1538
005.SCG*LB3.CP16++2.N.-8.6-1.8-6W1	Q1539
005.SCG*LB3.CP14++1.N.-2.12-2.14-3W10	Q1540
005.SCG*LB4.CP-7++5.N.-4.22-3.26-1W20	Q1541
005.SCG*LB1.CP--++4.N.-3.12-3.17-4W9	Q1542
005.SCG*LB3.CP-9++0.N.-3.1-2.3-2W5	Q1543
005.SCG*LB3.CP10++1.N.-1.4-1.5-2W1	Q1544
005.SCG*LB2.CP--++2.N.-2.1-1.3-4W12	Q1545
005.SCG*LB4.CP-3++3.N.-5.4-2.5-1W3	Q1546
005.SCG*LB3.CP10++1.N.-1.11-5.13-1W7	Q1547
005.SCG*LB3.CP--++8.N.10.43-3.46-1W16	Q1548
005.SCG*LB2.CP-9++6.N.10.1-1.2-5W9	Q1549
005.SCG*LB1.CP-6++1.N.-1.1-1.3-5W19	Q1550
005.SCG*LB1.CP-1++6.N.-2.1-1.4-6W7	Q1551
005.SCG*LB1.CP-4++2.N.-3.5-4.9-5W12	Q1552
005.SCG*LB1.CP-1++6.N.-5.6-5.8-6W12	Q1553
005.SCG*LB1.CP-1++6.N.-3.10-6.11-7W8	Q1554
005.SCG*LB1.CP-3++9.N.-2.1-1.5-1W17	Q1555
005.SCG*LB3.CP10++0.N.-2.1-1.5-6W15	Q1556
005.SCG*LB2.CP-4++2.N.-1.6-6.11-3W21	Q1557
005.SCG*LB1.CP--++4.N.-5.1-1.5-5W10	Q1558
005.SCG*LB1.CP-3++9.N.-4.8-5.10-5W9	Q1559
005.SCG*LB4.CP-9++3.N.-4.4-3.7-5W5	Q1560
005.SCG*LB1.CP-4++2.N.10.5-2.7-4W14	Q1561
005.SCG*LB3.CP--++1.N.-5.9-4.12-1W17	Q1562
005.SCG*LB1.CP-7++3.N.-3.5-3.10-2W18	Q1563
005.SCG*LB3.CP-8++5.N.10.2-3.6-1W24	Q1564
005.SCG*LB3.CP-9++5.N.-8.1-1.3-5W11	Q1565
005.SCG*LB4.CP-7++0.N.-6.3-2.6-4W7	Q1566
005.SCG*LB4.CP-7++0.N.-6.1-2.3-1W4	Q1567
005.SCG*LB3.CP-4++8.N.-8.13-2.14-3W8	Q1568
005.SCG*LB4.CP--++2.N.-4.21-1.27-2W10	Q1569
005.SCG*LB4.CP-1++5.N.-1.1-1.4-1W13	Q1570
005.SCG*LB3.CP13++2.N.19.12-4.16-3W16	Q1571
005.SCG*LB2.CP--++2.N.-6.4-5.5-5W9	Q1572
005.SCG*LB3.CP-7++9.N.-5.1-1.8-3W14	Q1573
005.SCG*LB4.CP--++1.N.12.16-4.18-2W15	Q1574
005.SCG*LB4.CP-1++6.N.-2.2-3.4-3W10	Q1575
005.SCG*LB3.CP-8++0.N.16.16-2.19-4W6	Q1576
005.SCG*LB4.CP-8++1.N.12.43-3.44-4W9	Q1577
005.SCG*LB4.CP-5++7.N.-2.8-3.10-2W12	Q1578
005.SCG*LB4.CP-2++1.N.-7.1-1.5-4W24	Q1579
005.SCG*LB4.CP-7++0.N.10.1-1.7-4W18	Q1580
005.SCG*LB4.CP-1++7.N.21.1-2.2-7W1	Q1581
005.SCG*LB4.CP-2++1.N.-7.1-1.5-4W15	Q1582
005.SCG*LB1.CP-2++0.N.36.3-3.4-7W15	Q1583
005.SCG*LB3.CP11++2.N.11.2-2.5-5W14	Q1584
005.SCG*LB3.CP15++4.N.-9.15-3.18-3W13	Q1585
005.SCG*LB4.CP--++7.N.21.20-2.20-6W1	Q1586
005.SCG*LB4.CP--++2.N.-5.34-2.34-7W2	Q1587
005.SCG*LB4.CP-2++9.N.-5.8-2.10-8W6	Q1588
005.SCG*LB3.CP12++0.N.22.5-5.6-5W4	Q1589
005.SCG*LB4.CP-1++7.N.19.4-3.7-2W15	Q1590
005.SCG*LB4.CP--++7.N.21.16-5.17-7W2	Q1591
005.SCG*LB1.CP-2++0.N.36.3-3.4-7W9	Q1592
005.SCG*LB2.CP-8++0.N.11.5-1.7-1W3	Q1593
005.SCG*LB3.CP-6++2.N.-4.13-6.14-7W5	Q1594
005.SCG*LB4.CP-1++1.N.18.56-3.57-1W5	Q1595
005.SCG*LB1.CP-6++5.N.-3.12-7.16-3W3	Q1596
005.SCG*LB4.CP-4++4.N.-3.16-1.16-7W7	Q1597
005.SCG*LB3.CP-3++8.N.-1.3-3.5-4W14	Q1598
005.SCG*LB2.CP-8++0.N.15.7-3.11-2W5	Q1599
005.SCG*LB2.CP-7++3.N.38.10-2.13-6W20	Q1600
005.SCG*LB3.CP14++7.N.-7.1-2.2-4W2	Q1601
005.SCG*LB3.CP-6++8.N.-4.4-2.8-1W8	Q1602
005.SCG*LB4.CP-6++6.N.11.9-2.12-5W27	Q1603
005.SCG*LB2.CP-3++2.N.-6.24-1.28-1W20	Q1604
005.SCG*LB4.CP--++1.N.-6.29-3.32-5W22	Q1605
005.SCG*LB4.CP-1++1.N.18.57-2.62-6W20	Q1606
005.SCG*LB2.CP-3++2.N.-6.4-5.12-2W49	Q1607
005.SCG*LB2.CP-6++0.N.21.1-1.4-3W8	Q1608
005.SCG*LB3.CP-2++5.N.10.9-1.13-2W27	Q1609
005.SCG*LB2.CP-7++6.N.16.6-4.9-3W9	Q1610
005.SCG*LB2.CP-8++3.N.30.8-4.10-1W6	Q1611
005.SCG*LB3.CP15++3.N.-3.13-4.15-5W9	Q1612
005.SCG*LB2.CP-7++5.N.15.41-1.47-3W9	Q1613
005.SCG*LB1.CP-5++5.N.-4.1-2.2-5W8	Q1614
005.SCG*LB4.CP--++1.N.14.14-1.15-2W7	Q1615
005.SCG*LB2.CP-3++2.N.-6.1-2.4-4W20	Q1616
005.SCG*LB3.CP-2++8.N.-6.5-3.6-4W7	Q1617
005.SCG*LB2.CP-8++3.N.25.39-1.41-2W8	Q1618
005.SCG*LB3.CP-3++8.N.-4.4-3.5-2W7	Q1619
005.SCG*LB2.CP-6++0.N.10.8-1.10-2W15	Q1620
005.SCG*LB2.CP-3++2.N.-6.24-1.28-1W27	Q1621
005.SCG*LB2.CP-6++0.N.21.1-1.4-3W17	Q1622
005.SCG*LB2.CP-5++2.N.-4.2-6.6-5W19	Q1623
005.SCG*LB2.CP-5++7.N.10.7-6.11-5W24	Q1624
005.SCG*LB3.CP-4++8.N.-9.16-5.23-5W38	Q1625
005.SCG*LB3.CP-2++5.N.12.9-1.13-3W20	Q1626
005.SCG*LB2.CP-2++0.N.-6.3-4.6-1W6	Q1627
005.SCG*LB4.CP-6++6.N.11.1-1.9-1W49	Q1628
005.SCG*LB3.CP15++4.N.25.18-3.21-5W17	Q1629
005.SCG*LB3.CP15++4.N.-4.13-4.16-5W9	Q1630
005.SCG*LB2.CP-7++6.N.16.3-3.6-3W10	Q1631
005.SCG*LB3.CP-4++8.N.-9.12-4.15-4W12	Q1632
005.SCG*LB1.CP-6++6.N.-8.1-1.3-4W15	Q1633
005.SCG*LB2.CP-3++2.N.-6.31-3.36-2W8	Q1634
005.SCG*LB1.CP-6++6.N.-7.8-4.15-1W12	Q1635
005.SCG*LB3.CP-4++6.N.-2.7-6.9-6W6	Q1636
005.SCG*LB3.CP12++3.N.-3.10-4.14-4W16	Q1637
005.SCG*LB1.CP-7++1.N.-4.11-2.11-6W1	Q1638
005.SCG*LB4.CP-1++9.N.-3.21-5.26-1W16	Q1639
005.SCG*LB4.CP-7++3.N.-9.8-4.11-6W6	Q1640
005.SCG*LB2.CP-6++0.N.-1.28-5.31-2W7	Q1641
005.SCG*LB3.CP-2++6.N.14.12-2.13-5W3	Q1642
005.SCG*LB3.CP-6++8.N.-4.8-2.11-6W25	Q1643
005.SCG*LB3.CP15++5.N.-4.12-3.13-7W3	Q1644
005.SCG*LB4.CP-1++1.N.18.63-1.64-2W9	Q1645
005.SCG*LB2.CP-3++2.N.-8.3-5.7-3W24	Q1646
005.SCG*LB4.CP-1++4.N.12.17-3.19-2W7	Q1647
005.SCG*LB4.CP-4++0.N.14.1-2.3-1W9	Q1648
005.SCG*LB2.CP-1++9.N.-6.12-5.17-2W21	Q1649
005.SCG*LB2.CP-5++8.N.-6.10-3.12-1W7	Q1650
005.SCG*LB3.CP-2++5.N.10.13-3.15-1W5	Q1651
005.SCG*LB1.CP-2++2.N.-2.17-5.20-9W9	Q1652
005.SCG*LB3.CP15++6.N.-4.1-2.5-2W12	Q1653
005.SCG*LB4.CP-4++0.N.14.3-2.5-5W15	Q1654
005.SCG*LB3.CP-3++1.N.-1.1-1.6-1W34	Q1655
005.SCG*LB3.CP-5++2.N.-5.8-8.10-4W6	Q1656
005.SCG*LB3.CP10++4.N.-5.8-2.15-4W14	Q1657
005.SCG*LB4.CP-4++1.N.-5.6-3.9-3W22	Q1658
005.SCG*LB1.CP10++0.N.-7.3-2.6-2W6	Q1659
005.SCG*LB2.CP-5++8.N.-6.5-1.7-4W4	Q1660
005.SCG*LB4.CP-4++0.N.14.5-6.6-2W2	Q1661
005.SCG*LB3.CP-8++7.N.-1.1-1.5-7W3	Q360
005.SCG*LB4.CP-1++1.N.19.1-1.3-4W1	Q361
005.SCG*LB3.CP13++9.N.17.1-1.3-5W7	Q359
005.SCG*LB3.CP-7++7.N.-1.1-1.3-3W1	Q362
005.SCG*LB3.CP-2++6.N.19.49-1.50-5W4	Q363
005.SCG*LB2.CP-8++3.N.17.1-2.6-3W32	Q364
005.SCG*LB2.CP-3++0.N.17.22-7.25-7W9	Q365
005.SCG*LB2.CP-2++8.N.15.8-1.11-1W5	Q366
005.SCG*LB1.CP-7++2.N.-9.11-1.12-3W4	Q367
005.SCG*LB4.CP-9++1.N.-6.5-4.8-4W13	Q368
005.SCG*LB2.CP-6++2.N.11.1-2.3-3W10	Q369
005.SCG*LB2.CP-7++3.N.19.5-5.8-4W5	Q370
005.SCG*LB2.CP-5++2.N.-2.17-1.19-3W3	Q371
005.SCG*LB3.CP-9++7.N.-5.1-1.5-2W18	Q372
005.SCG*LB4.CP-3++4.N.-3.17-1.21-1W28	Q373
005.SCG*LB3.CP-8++5.N.-7.1-2.3-4W8	Q374
005.SCG*LB3.CP-9++7.N.-4.1-1.4-4W10	Q375
005.SCG*LB2.CP-9++5.N.-1.1-1.3-1W6	Q376
005.SCG*LB3.CP-9++7.N.-3.12-1.15-4W7	Q377
005.SCG*LB2.CP10++0.N.-2.1-1.8-6W44	Q378
005.SCG*LB2.CP-5++5.N.-9.4-1.5-7W10	Q379
005.SCG*LB1.CP-8++2.N.--.1-1.3-2W2	Q380
005.SCG*LB4.CP-5++0.N.-8.9-2.11-1W4	Q381
005.SCG*LB2.CP--++2.N.-3.1-1.4-3W10	Q382
005.SCG*LB4.CP-5++3.N.13.6-1.8-2W12	Q383
005.SCG*LB1.CP--++3.N.-4.21-3.23-7W5	Q384
005.SCG*LB3.CP11++5.N.-3.4-2.5-5W9	Q385
005.SCG*LB1.CP--++3.N.-5.26-6.30-6W23	Q386
005.SCG*LB2.CP--++3.N.-5.1-2.6-4W8	Q387
005.SCG*LB3.CP14++0.N.-3.1-2.4-2W15	Q388
005.SCG*LB1.CP--++3.N.-2.10-1.12-1W9	Q389
005.SCG*LB4.CP-5++5.N.11.36-2.39-3W13	Q390
005.SCG*LB4.CP-9++1.N.-8.5-3.6-4W1	Q391
005.SCG*LB2.CP10++0.N.-2.8-7.15-5W9	Q392
005.SCG*LB2.CP-3++5.N.-6.39-4.46-2W34	Q393
005.SCG*LB2.CP10++0.N.-2.8-7.15-5W28	Q394
005.SCG*LB3.CP-4++1.N.11.11-7.14-3W5	Q395
005.SCG*LB3.CP-3++9.N.-7.1-2.2-7W8	Q396
005.SCG*LB2.CP-2++5.N.14.1-2.11-3W48	Q397
005.SCG*LB2.CP-5++5.N.-7.6-4.8-6W14	Q398
005.SCG*LB3.CP-5++0.N.-8.1-1.5-6W26	Q399
005.SCG*LB4.CP-5++1.N.-5.1-2.5-3W21	Q400
005.SCG*LB1.CP--++3.N.-4.25-1.28-5W1	Q401
005.SCG*LB2.CP10++0.N.-2.16-1.23-4W20	Q402
005.SCG*LB4.CP-2++2.N.-6.22-7.23-6W3	Q403
005.SCG*LB3.CP-8++4.N.-9.15-3.17-3W12	Q404
005.SCG*LB3.CP--++3.N.10.1-2.3-1W4	Q405
005.SCG*LB3.CP-9++5.N.18.1-1.3-3W11	Q406
005.SCG*LB4.CP-5++5.N.13.60-7.63-8W18	Q407
005.SCG*LB1.CP-3++3.N.-4.1-2.4-3W15	Q408
005.SCG*LB4.CP-5++5.N.14.8-6.12-6W16	Q409
005.SCG*LB3.CP15++4.N.17.24-5.27-5W11	Q410
005.SCG*LB3.CP-8++4.N.10.11-1.13-3W12	Q411
005.SCG*LB1.CP--++3.N.-5.15-5.20-1W11	Q412
005.SCG*LB3.CP-5++0.N.-4.4-1.6-3W16	Q413
005.SCG*LB2.CP10++0.N.-2.16-1.23-4W26	Q414
005.SCG*LB1.CP-6++5.N.-3.12-7.16-3W18	Q415
005.SCG*LB2.CP-4++9.N.-4.10-2.11-5W9	Q416
005.SCG*LB4.CP-6++5.N.-7.4-1.8-5W33	Q417
005.SCG*LB1.CP-2++1.N.-4.13-3.18-1W9	Q418
005.SCG*LB2.CP-7++5.N.10.24-3.27-1W14	Q419
005.SCG*LB1.CP-2++1.N.-4.19-5.22-3W12	Q420
005.SCG*LB4.CP-6++3.N.-7.4-1.5-5W10	Q421
005.SCG*LB2.CP-7++5.N.-8.20-2.24-5W26	Q422
005.SCG*LB4.CP-4++0.N.-8.3-5.6-3W6	Q423
005.SCG*LB2.CP10++0.N.-2.1-1.8-6W30	Q424
005.SCG*LB2.CP-7++7.N.-2.34-5.39-2W21	Q425
005.SCG*LB2.CP10++0.N.-2.8-7.15-5W32	Q426
005.SCG*LB4.CP-6++5.N.-5.1-1.3-5W16	Q427
005.SCG*LB1.CP-2++1.N.-4.9-2.11-5W12	Q428
005.SCG*LB2.CP-7++5.N.10.16-2.18-5W14	Q429
005.SCG*LB4.CP-4++0.N.-7.2-7.4-5W8	Q430
005.SCG*LB2.CP-7++5.N.-2.7-2.11-7W22	Q431
005.SCG*LB2.CP-4++9.N.-4.11-6.14-1W16	Q432
005.SCG*LB4.CP-8++1.N.10.34-3.36-6W13	Q433
005.SCG*LB1.CP-2++1.N.-4.5-4.9-1W23	Q434
005.SCG*LB3.CP-8++4.N.-7.2-1.5-2W19	Q435
005.SCG*LB2.CP-7++5.N.11.5-10.9-5W4	Q436
005.SCG*LB2.CP-7++5.N.-2.1-1.4-2W16	Q437
005.SCG*LB2.CP-5++9.N.-4.7-2.8-4W4	Q438
005.SCG*LB1.CP-2++6.N.-5.1-2.7-1W37	Q439
005.SCG*LB2.CP-7++7.N.-3.10-3.17-2W38	Q440
005.SCG*LB1.CP-2++1.N.-4.1-2.5-3W27	Q441
005.SCG*LB4.CP-1++0.N.-7.9-2.10-7W10	Q442
005.SCG*LB1.CP-6++5.N.-3.5-1.9-8W10	Q443
005.SCG*LB1.CP-6++5.N.-3.16-4.18-3W9	Q444
005.SCG*LB2.CP-7++5.N.10.21-3.24-2W4	Q445
005.SCG*LB2.CP-2++1.N.-8.8-2.10-5W18	Q446
005.SCG*LB2.CP-7++5.N.-2.23-2.25-5W12	Q447
005.SCG*LB2.CP-7++5.N.-8.29-1.35-4W12	Q448
005.SCG*LB2.CP10++0.N.-4.17-1.19-6W19	Q449
005.SCG*LB4.CP-1++0.N.-7.5-2.6-6W9	Q450
005.SCG*LB1.CP-2++6.N.11.3-1.10-4W11	Q451
005.SCG*LB2.CP10++0.N.-4.4-2.7-1W16	Q452
005.SCG*LB1.CP-2++6.N.11.28-1.31-1W21	Q453
005.SCG*LB2.CP-7++5.N.-8.29-1.35-4W41	Q454
005.SCG*LB2.CP-7++5.N.-2.19-1.20-7W4	Q455
005.SCG*LB2.CP-7++5.N.-2.16-1.18-2W4	Q456
005.SCG*LB2.CP-7++5.N.-6.14-2.17-5W3	Q457
005.SCG*LB1.CP-6++5.N.-9.18-4.23-3W11	Q458
005.SCG*LB1.CP-4++2.N.12.1-2.3-7W10	Q459
005.SCG*LB4.CP-1++0.N.-7.7-1.9-1W13	Q460
005.SCG*LB4.CP-8++1.N.10.40-4.42-3W9	Q461
005.SCG*LB4.CP-6++2.N.-6.19-1.20-6W8	Q462
005.SCG*LB4.CP-4++4.N.-5.10-2.14-1W22	Q463
005.SCG*LB4.CP-4++4.N.-5.7-1.8-2W7	Q464
005.SCG*LB2.CP-3++0.N.12.5-6.10-4W12	Q465
005.SCG*LB2.CP-8++9.N.-6.2-5.8-5W31	Q466
005.SCG*LB4.CP-4++5.N.-2.8-6.11-2W12	Q467
005.SCG*LB2.CP-8++9.N.-6.8-6.12-4W18	Q468
005.SCG*LB4.CP-4++4.N.-6.3-4.7-3W17	Q469
005.SCG*LB3.CP13++5.N.22.30-5.37-5W42	Q470
005.SCG*LB4.CP-1++1.N.18.32-1.37-5W39	Q471
005.SCG*LB4.CP-4++5.N.-8.1-1.4-4W15	Q472
005.SCG*LB4.CP--++2.N.-5.14-7.19-6W24	Q473
005.SCG*LB4.CP--++2.N.-5.11-5.12-8W11	Q474
005.SCG*LB4.CP-1++1.N.18.32-1.37-5W36	Q475
005.SCG*LB2.CP--++2.N.-3.1-1.4-3W20	Q476
005.SCG*LB4.CP-1++1.N.18.65-1.69-5W4	Q477
005.SCG*LB4.CP--++2.N.-5.11-5.12-8W6	Q478
005.SCG*LB1.CP-4++4.N.-8.7-3.9-2W11	Q479
005.SCG*LB2.CP-9++8.N.11.12-4.17-2W14	Q480
005.SCG*LB1.CP-4++4.N.-2.21-3.24-4W11	Q481
005.SCG*LB3.CP-8++0.N.-1.13-7.16-5W5	Q482
005.SCG*LB1.CP-9++3.N.12.27-2.30-5W6	Q483
005.SCG*LB3.CP-6++6.N.-6.7-5.11-2W8	Q484
005.SCG*LB3.CP15++3.N.-2.27-1.30-1W22	Q485
005.SCG*LB3.CP-8++0.N.17.12-1.13-2W4	Q486
005.SCG*LB3.CP-8++0.N.17.7-5.11-4W19	Q487
005.SCG*LB1.CP--++1.N.-2.23-2.25-1W5	Q488
005.SCG*LB1.CP--++1.N.-2.16-1.20-1W5	Q489
005.SCG*LB3.CP-2++4.N.-7.17-1.19-2W8	Q490
005.SCG*LB2.CP-1++1.N.-1.1-1.7-4W24	Q491
005.SCG*LB3.CP15++4.N.-9.15-3.18-3W16	Q492
005.SCG*LB4.CP-1++7.N.19.4-3.7-2W18	Q493
005.SCG*LB3.CP12++0.N.24.10-1.12-4W10	Q494
005.SCG*LB2.CP-1++9.N.-7.1-1.3-2W12	Q495
005.SCG*LB4.CP-9++1.N.-5.8-3.12-5W32	Q496
005.SCG*LB4.CP-6++6.N.-9.7-3.9-4W12	Q497
005.SCG*LB4.CP-6++6.N.-9.5-1.7-2W15	Q498
005.SCG*LB4.CP-8++2.N.11.4-6.13-2W61	Q499
005.SCG*LB1.CP-9++5.N.-7.3-3.4-5W9	Q500
005.SCG*LB1.CP-6++7.N.11.7-5.8-3W6	Q501
005.SCG*LB3.CP-9++5.N.11.9-1.9-4W1	Q502
005.SCG*LB3.CP14++1.N.-9.9-4.15-1W36	Q503
005.SCG*LB4.CP-2++3.N.11.13-7.16-3W11	Q504
005.SCG*LB2.CP10++0.N.-4.17-1.19-6W8	Q505
005.SCG*LB1.CP-9++0.N.-2.5-4.14-2W30	Q506
005.SCG*LB2.CP-1++0.N.-1.23-1.24-6W9	Q507
005.SCG*LB2.CP-7++4.N.-6.14-6.18-1W10	Q508
005.SCG*LB1.CP-7++7.N.-5.7-6.9-3W9	Q509
005.SCG*LB3.CP13++6.N.14.4-2.7-1W4	Q510
005.SCG*LB2.CP-9++6.N.10.8-4.11-4W18	Q511
005.SCG*LB4.CP-5++2.N.-6.14-3.18-2W10	Q512
005.SCG*LB4.CP-5++2.N.16.12-5.16-4W16	Q513
005.SCG*LB1.CP-7++7.N.-5.9-4.11-6W7	Q514
005.SCG*LB2.CP-2++5.N.24.17-1.19-1W10	Q515
005.SCG*LB1.CP-8++9.N.10.4-5.6-4W3	Q516
005.SCG*LB3.CP13++2.N.12.5-5.7-6W1	Q517
005.SCG*LB3.CP12++0.N.11.13-1.15-3W14	Q518
005.SCG*LB3.CP12++7.N.-7.17-4.20-5W7	Q519
005.SCG*LB4.CP-1++3.N.-5.17-5.20-2W17	Q520
005.SCG*LB1.CP-2++7.N.-9.11-1.14-6W14	Q521
005.SCG*LB4.CP-1++3.N.-5.17-5.20-2W10	Q522
005.SCG*LB4.CP-1++2.N.-2.16-2.17-4W7	Q523
005.SCG*LB2.CP-6++1.N.-5.3-4.4-6W9	Q524
005.SCG*LB4.CP-1++2.N.-3.10-2.13-1W9	Q525
005.SCG*LB1.CP--++5.N.-5.2-6.7-1W19	Q526
005.SCG*LB1.CP--++6.N.-7.11-1.13-5W13	Q527
005.SCG*LB3.CP15++4.N.14.39-5.41-5W3	Q528
005.SCG*LB4.CP-5++4.N.-3.48-2.49-1W4	Q529
005.SCG*LB3.CP-6++1.N.-3.1-2.1-5W4	Q530
005.SCG*LB1.CP-2++6.N.11.3-1.10-4W9	Q531
005.SCG*LB1.CP-4++2.N.-9.26-1.32-6W38	Q532
005.SCG*LB1.CP-2++6.N.-3.3-5.9-4W13	Q533
005.SCG*LB2.CP-2++1.N.-8.8-2.10-5W16	Q534
005.SCG*LB1.CP-4++2.N.-9.41-4.43-8W3	Q535
005.SCG*LB1.CP-2++6.N.-5.1-2.7-1W39	Q536
005.SCG*LB3.CP12++1.N.-3.5-2.6-1W6	Q537
005.SCG*LB3.CP-7++9.N.-3.6-1.8-3W16	Q538
005.SCG*LB2.CP-8++0.N.13.49-1.51-5W7	Q539
005.SCG*LB1.CP--++1.N.-4.13-1.14-4W10	Q540
005.SCG*LB2.CP-6++9.N.-8.6-1.10-3W1	Q541
005.SCG*LB2.CP-3++3.N.-8.7-5.10-7W22	Q542
005.SCG*LB3.CP-8++4.N.14.34-3.36-1W6	Q543
005.SCG*LB3.CP-2++4.N.-2.13-2.17-5W5	Q544
005.SCG*LB3.CP10++6.N.-4.4-1.6-1W1	Q545
005.SCG*LB1.CP-8++3.N.-5.1-2.6-5W36	Q546
005.SCG*LB2.CP--++3.N.-1.4-1.6-5W12	Q547
005.SCG*LB3.CP16++0.N.-2.4-6.7-1W20	Q548
005.SCG*LB4.CP-5++9.N.-1.10-3.12-1W7	Q549
005.SCG*LB3.CP13++6.N.13.14-1.18-2W6	Q550
005.SCG*LB2.CP--++3.N.-6.6-1.10-3W17	Q551
005.SCG*LB4.CP-5++4.N.-8.3-1.11-7W23	Q552
005.SCG*LB3.CP-2++5.N.-9.3-5.6-4W4	Q553
005.SCG*LB4.CP-1++8.N.-5.7-6.8-5W10	Q554
005.SCG*LB2.CP-1++8.N.-4.15-2.18-2W11	Q555
005.SCG*LB1.CP-3++8.N.-4.5-4.8-4W8	Q556
005.SCG*LB2.CP-6++7.N.-2.2-3.4-1W6	Q557
005.SCG*LB4.CP-5++5.N.12.18-1.18-8W3	Q558
005.SCG*LB1.CP-1++3.N.19.17-7.19-6W13	Q559
005.SCG*LB3.CP13++0.N.-4.18-1.20-1W7	Q560
005.SCG*LB2.CP-5++8.N.-8.22-2.24-3W5	Q561
005.SCG*LB2.CP-5++7.N.10.5-4.6-6W1	Q562
005.SCG*LB3.CP12++7.N.-7.21-4.23-6W14	Q563
005.SCG*LB4.CP-5++5.N.12.19-1.19-7W3	Q564
005.SCG*LB4.CP-5++5.N.19.36-1.38-1W11	Q565
005.SCG*LB3.CP10++4.N.-8.12-1.15-3W7	Q566
005.SCG*LB4.CP-5++3.N.20.1-1.8-5W21	Q567
005.SCG*LB1.CP--++3.N.-8.1-1.4-5W18	Q568
005.SCG*LB4.CP-5++3.N.14.1-2.5-6W5	Q569
005.SCG*LB3.CP13++1.N.-4.9-4.13-2W22	Q570
005.SCG*LB4.CP-5++5.N.19.36-1.38-1W14	Q571
005.SCG*LB4.CP-5++5.N.19.27-6.30-3W10	Q572
005.SCG*LB4.CP-5++3.N.13.6-1.8-2W10	Q573
005.SCG*LB3.CP13++5.N.22.23-1.26-5W3	Q574
005.SCG*LB2.CP-8++9.N.-3.11-3.16-4W21	Q575
005.SCG*LB3.CP13++0.N.-2.10-1.14-3W21	Q576
005.SCG*LB3.CP13++2.N.30.6-5.7-4W7	Q577
005.SCG*LB3.CP13++5.N.22.29-1.30-4W3	Q578
005.SCG*LB2.CP-3++0.N.15.36-1.39-2W21	Q579
005.SCG*LB3.CP13++1.N.-4.6-3.9-3W12	Q580
005.SCG*LB3.CP13++5.N.22.16-4.19-2W9	Q581
005.SCG*LB2.CP-8++9.N.-3.11-3.16-4W43	Q582
005.SCG*LB3.CP13++5.N.22.30-5.37-5W18	Q583
005.SCG*LB3.CP13++5.N.22.12-4.14-2W12	Q584
005.SCG*LB3.CP13++0.N.-4.4-6.11-7W34	Q585
005.SCG*LB4.CP-8++9.N.-4.1-1.4-7W23	Q586
005.SCG*LB4.CP-5++5.N.19.32-2.35-5W23	Q587
005.SCG*LB3.CP13++1.N.-5.9-1.10-4W7	Q588
005.SCG*LB3.CP14++2.N.-6.3-5.5-1W7	Q589
005.SCG*LB3.CP-5++4.N.-8.10-2.11-1W6	Q590
005.SCG*LB3.CP13++4.N.-6.9-5.12-5W6	Q591
005.SCG*LB2.CP-7++3.N.13.6-2.9-1W20	Q592
005.SCG*LB1.CP-9++6.N.-7.25-4.26-4W5	Q593
005.SCG*LB3.CP14++3.N.-1.4-1.7-5W9	Q594
005.SCG*LB2.CP-8++0.N.-5.4-1.6-3W7	Q595
005.SCG*LB2.CP-7++2.N.-3.10-3.11-5W4	Q596
005.SCG*LB2.CP-8++2.N.10.6-1.7-4W6	Q597
005.SCG*LB3.CP12++2.N.-6.30-4.34-4W17	Q598
005.SCG*LB3.CP-6++5.N.-9.9-2.13-5W16	Q599
005.SCG*LB3.CP-6++5.N.-9.9-2.13-5W10	Q600
005.SCG*LB3.CP14++6.N.-5.6-1.8-2W3	Q601
005.SCG*LB1.CP-6++7.N.11.6-2.7-4W7	Q602
005.SCG*LB4.CP--++1.N.11.24-1.24-5W2	Q603
005.SCG*LB1.CP-6++5.N.11.6-4.7-4W3	Q604
005.SCG*LB4.CP--++7.N.10.6-1.8-2W18	Q605
005.SCG*LB4.CP--++8.N.-9.67-1.72-1W21	Q606
005.SCG*LB1.CP-7++1.N.10.5-1.5-7W7	Q607
005.SCG*LB4.CP--++8.N.-8.46-3.47-3W5	Q608
005.SCG*LB4.CP--++8.N.-8.14-1.14-5W2	Q609
005.SCG*LB3.CP-7++1.N.-7.2-3.6-7W22	Q610
005.SCG*LB1.CP-2++8.N.-3.7-6.8-3W6	Q611
005.SCG*LB1.CP-2++8.N.-3.4-3.7-5W13	Q612
005.SCG*LB4.CP-7++2.N.14.4-5.8-3W9	Q613
005.SCG*LB4.CP-7++2.N.10.4-3.7-2W16	Q614
005.SCG*LB3.CP14++1.N.-9.9-4.15-1W24	Q615
005.SCG*LB2.CP-7++0.N.-7.1-1.8-1W24	Q616
005.SCG*LB4.CP-3++4.N.17.12-5.14-4W6	Q617
005.SCG*LB3.CP10++8.N.-5.1-2.5-1W16	Q618
005.SCG*LB2.CP-8++3.N.-6.7-1.13-2W31	Q619
005.SCG*LB4.CP-7++9.N.10.6-1.7-1W7	Q620
005.SCG*LB3.CP13++4.N.-2.18-1.23-1W32	Q621
005.SCG*LB4.CP-7++2.N.15.4-5.8-1W10	Q622
005.SCG*LB4.CP-5++9.N.-3.7-6.9-7W17	Q623
005.SCG*LB3.CP-9++8.N.-5.4-4.7-2W15	Q624
005.SCG*LB4.CP-9++1.N.-6.1-1.5-3W18	Q625
005.SCG*LB2.CP-3++0.N.-1.7-3.11-4W16	Q626
005.SCG*LB3.CP12++5.N.-4.1-2.6-2W21	Q627
005.SCG*LB3.CP13++6.N.13.22-2.25-8W27	Q628
005.SCG*LB4.CP-8++3.N.11.8-4.11-3W11	Q629
005.SCG*LB3.CP16++0.N.-1.26-6.29-6W12	Q630
005.SCG*LB3.CP12++9.N.-5.10-4.12-4W14	Q631
005.SCG*LB3.CP-2++7.N.-9.3-1.6-7W22	Q632
005.SCG*LB3.CP13++6.N.11.2-2.6-2W27	Q633
005.SCG*LB3.CP13++6.N.11.2-2.6-2W16	Q634
005.SCG*LB3.CP13++6.N.-2.4-1.8-5W15	Q635
005.SCG*LB3.CP-2++7.N.-9.7-6.9-2W7	Q636
005.SCG*LB3.CP13++6.N.-2.4-1.8-5W6	Q637
005.SCG*LB3.CP13++6.N.11.13-7.17-5W21	Q638
005.SCG*LB4.CP-7++2.N.14.14-1.18-2W12	Q639
005.SCG*LB3.CP-2++6.N.14.12-2.13-5W11	Q640
005.SCG*LB3.CP12++8.N.-6.18-1.20-2W6	Q641
005.SCG*LB4.CP-2++2.N.-6.10-5.13-5W17	Q642
005.SCG*LB2.CP-6++3.N.-5.3-2.6-6W19	Q643
005.SCG*LB3.CP12++7.N.-6.4-5.8-1W12	Q644
005.SCG*LB3.CP13++6.N.15.1-1.4-2W8	Q645
005.SCG*LB3.CP12++8.N.-6.5-4.8-5W19	Q646
005.SCG*LB3.CP16++0.N.-1.8-3.12-5W14	Q647
005.SCG*LB3.CP13++6.N.-9.24-4.26-4W7	Q648
005.SCG*LB3.CP13++6.N.12.9-3.11-4W8	Q649
005.SCG*LB3.CP13++6.N.-3.4-7.6-6W12	Q650
005.SCG*LB3.CP13++6.N.-5.2-5.6-4W23	Q651
005.SCG*LB3.CP13++2.N.24.4-3.4-8W5	Q652
005.SCG*LB3.CP13++2.N.15.10-2.16-3W14	Q653
005.SCG*LB2.CP-5++9.N.13.8-2.13-1W16	Q654
005.SCG*LB2.CP-6++0.N.19.7-3.9-5W14	Q655
005.SCG*LB2.CP-9++8.N.14.11-1.12-1W6	Q656
005.SCG*LB2.CP-6++0.N.23.6-3.8-5W16	Q657
005.SCG*LB2.CP-5++0.N.-3.7-6.10-1W14	Q658
005.SCG*LB2.CP-7++6.N.15.9-3.12-2W6	Q659
005.SCG*LB3.CP-8++4.N.-6.5-3.7-1W6	Q660
005.SCG*LB2.CP-7++4.N.17.7-1.10-1W14	Q661
005.SCG*LB3.CP-4++1.N.-4.10-2.16-2W9	Q662
005.SCG*LB2.CP-8++2.N.-3.2-6.5-2W11	Q663
005.SCG*LB4.CP-5++5.N.14.6-1.8-5W17	Q664
005.SCG*LB1.CP-7++0.N.-5.5-2.10-1W21	Q665
005.SCG*LB2.CP-7++3.N.-9.8-4.12-4W24	Q666
005.SCG*LB3.CP-4++1.N.-3.16-2.20-1W20	Q667
005.SCG*LB2.CP10++0.N.-4.11-1.14-8W21	Q668
005.SCG*LB3.CP10++5.N.-8.13-2.17-5W17	Q669
005.SCG*LB2.CP-7++5.N.-8.29-1.35-4W32	Q670
005.SCG*LB3.CP-4++1.N.-3.20-2.22-2W11	Q671
005.SCG*LB3.CP-4++7.N.-2.1-1.4-4W21	Q672
005.SCG*LB2.CP-6++0.N.16.9-3.13-6W29	Q673
005.SCG*LB2.CP-7++7.N.-3.10-3.17-2W35	Q674
005.SCG*LB2.CP-7++5.N.10.13-1.16-1W20	Q675
005.SCG*LB2.CP-9++6.N.10.15-6.17-3W6	Q676
005.SCG*LB3.CP-8++4.N.-6.7-2.8-5W7	Q677
005.SCG*LB2.CP-6++0.N.24.2-1.5-2W21	Q678
005.SCG*LB2.CP-7++6.N.18.7-3.9-2W3	Q679
005.SCG*LB2.CP-9++6.N.10.21-1.23-5W8	Q680
005.SCG*LB3.CP12++1.N.-1.1-1.9-3W34	Q681
005.SCG*LB2.CP-7++4.N.17.4-2.6-5W6	Q682
005.SCG*LB3.CP-8++4.N.-6.3-6.5-2W4	Q683
005.SCG*LB1.CP-5++3.N.-3.6-3.9-1W7	Q684
005.SCG*LB3.CP-9++3.N.-6.14-4.15-6W1	Q685
005.SCG*LB2.CP-6++9.N.-2.5-2.7-4W12	Q686
005.SCG*LB3.CP-4++6.N.-6.2-3.7-4W18	Q687
005.SCG*LB3.CP-4++0.N.-6.3-3.6-2W16	Q688
005.SCG*LB1.CP-3++9.N.-8.4-6.5-4W1	Q689
005.SCG*LB4.CP-1++9.N.-3.21-5.26-1W11	Q690
005.SCG*LB2.CP-8++0.N.11.5-1.7-1W5	Q691
005.SCG*LB4.CP-5++5.N.14.13-1.16-6W6	Q692
005.SCG*LB4.CP--++4.N.13.5-8.10-4W28	Q693
005.SCG*LB4.CP-2++3.N.-8.26-1.30-4W12	Q694
005.SCG*LB4.CP-5++4.N.-2.24-1.25-1W8	Q695
005.SCG*LB2.CP-6++0.N.20.6-3.8-3W11	Q696
005.SCG*LB3.CP-7++7.N.-5.11-1.17-1W9	Q697
005.SCG*LB4.CP-5++4.N.-8.15-2.18-1W9	Q698
005.SCG*LB4.CP-8++2.N.-2.7-3.9-6W22	Q699
005.SCG*LB3.CP15++4.N.14.7-3.12-2W3	Q700
005.SCG*LB3.CP13++5.N.-6.10-1.13-7W9	Q701
005.SCG*LB3.CP15++4.N.14.1-1.7-2W11	Q702
005.SCG*LB4.CP-5++4.N.-8.12-1.15-1W12	Q764
005.SCG*LB3.CP-9++7.N.-3.3-2.9-2W19	Q774
005.SCG*LB3.CP--++8.N.10.49-1.54-3W34	Q789
005.SCG*LB3.CP12++4.N.-1.9-3.11-2W11	Q801
005.SCG*LB3.CP-8++2.N.-5.4-4.8-1W5	Q794
005.SCG*LB2.CP-4++5.N.-4.4-7.10-2W3	Q765
005.SCG*LB2.CP-4++5.N.-4.1-2.3-2W14	Q798
005.SCG*LB3.CP-2++3.N.11.11-1.13-2W8	Q782
005.SCG*LB3.CP11++2.N.-7.12-3.14-4W5	Q781
005.SCG*LB3.CP12++2.N.-6.30-4.34-4W22	Q793
005.SCG*LB3.CP-8++2.N.-5.2-5.4-3W4	Q766
005.SCG*LB3.CP12++2.N.-1.6-7.9-1W5	Q786
005.SCG*LB3.CP-7++2.N.-4.5-1.8-5W21	Q761
005.SCG*LB1.CP-2++0.N.40.1-1.3-2W8	Q797
005.SCG*LB2.CP-7++4.N.-6.12-4.14-5W10	Q758
005.SCG*LB3.CP-4++9.N.-8.16-4.19-8W18	Q785
005.SCG*LB3.CP-4++2.N.-2.22-3.24-5W3	Q777
005.SCG*LB3.CP-4++9.N.10.1-2.6-3W35	Q783
005.SCG*LB3.CP-4++9.N.10.15-3.18-3W3	Q762
005.SCG*LB3.CP13++2.N.12.1-1.5-2W4	Q790
005.SCG*LB4.CP-9++7.N.-3.23-2.27-5W32	Q784
005.SCG*LB3.CP12++5.N.-8.2-2.3-3W8	Q775
005.SCG*LB2.CP-9++8.N.10.21-7.25-4W9	Q800
005.SCG*LB3.CP-2++3.N.11.22-2.25-3W18	Q780
005.SCG*LB3.CP13++9.N.-3.3-1.4-3W8	Q773
005.SCG*LB3.CP10++3.N.-9.15-1.16-1W4	Q795
005.SCG*LB1.CP--++2.N.-1.9-1.12-1W12	Q771
005.SCG*LB4.CP--++8.N.-9.28-2.31-6W7	Q772
005.SCG*LB3.CP-3++9.N.-1.1-1.7-1W27	Q779
005.SCG*LB4.CP-1++1.N.10.9-1.12-6W17	Q792
005.SCG*LB3.CP-2++3.N.11.13-3.17-5W19	Q770
005.SCG*LB3.CP-2++3.N.-7.5-2.6-5W3	Q760
005.SCG*LB4.CP-5++5.N.27.31-1.34-5W5	Q799
005.SCG*LB3.CP-4++9.N.10.6-4.11-2W3	Q778
005.SCG*LB3.CP-4++7.N.-6.4-3.9-5W39	Q796
005.SCG*LB4.CP-3++0.N.-9.16-5.18-5W10	Q769
005.SCG*LB3.CP11++2.N.-4.4-6.7-2W17	Q763
005.SCG*LB4.CP-7++2.N.-7.10-5.13-1W16	Q788
005.SCG*LB4.CP-5++5.N.27.22-1.27-1W19	Q767
005.SCG*LB3.CP-9++7.N.-3.15-5.17-3W8	Q787
005.SCG*LB4.CP-1++1.N.10.9-1.12-6W9	Q791
005.SCG*LB3.CP-2++7.N.-9.3-1.6-7W16	Q768
005.SCG*LB4.CP--++8.N.-7.14-6.17-5W6	Q776
005.SCG*LB3.CP-3++0.N.-4.1-2.2-6W9	Q759
005.SCG*LB2.CP-3++2.N.-3.2-8.6-4W18	Q747
005.SCG*LB4.CP-5++5.N.10.34-1.37-1W17	Q748
005.SCG*LB3.CP-4++0.N.-5.3-1.4-4W11	Q749
005.SCG*LB3.CP11++9.N.-4.9-2.11-6W20	Q750
005.SCG*LB2.CP--++2.N.-4.1-1.3-1W11	Q751
005.SCG*LB4.CP-6++2.N.-4.6-7.9-3W15	Q752
005.SCG*LB3.CP14++1.N.-9.1-1.5-7W8	Q753
005.SCG*LB3.CP11++9.N.-4.5-4.9-1W28	Q754
005.SCG*LB1.CP-9++3.N.11.7-1.9-1W13	Q755
005.SCG*LB4.CP-5++5.N.22.11-5.13-6W8	Q756
005.SCG*LB4.CP-3++4.N.-2.18-1.25-2W31	Q757
005.SCG*LB2.CP-7++4.N.-6.12-4.14-5W10	Q758
005.SCG*LB3.CP-3++0.N.-4.1-2.2-6W9	Q759
005.SCG*LB3.CP-2++3.N.-7.5-2.6-5W3	Q760
005.SCG*LB3.CP-7++2.N.-4.5-1.8-5W21	Q761
005.SCG*LB3.CP-4++9.N.10.15-3.18-3W3	Q762
005.SCG*LB3.CP11++2.N.-4.4-6.7-2W17	Q763
005.SCG*LB4.CP-5++4.N.-8.12-1.15-1W12	Q764
005.SCG*LB2.CP-4++5.N.-4.4-7.10-2W3	Q765
005.SCG*LB3.CP-8++2.N.-5.2-5.4-3W4	Q766
005.SCG*LB4.CP-5++5.N.27.22-1.27-1W19	Q767
005.SCG*LB3.CP-2++7.N.-9.3-1.6-7W16	Q768
005.SCG*LB4.CP-3++0.N.-9.16-5.18-5W10	Q769
005.SCG*LB3.CP-2++3.N.11.13-3.17-5W19	Q770
005.SCG*LB1.CP--++2.N.-1.9-1.12-1W12	Q771
005.SCG*LB4.CP--++8.N.-9.28-2.31-6W7	Q772
005.SCG*LB3.CP13++9.N.-3.3-1.4-3W8	Q773
005.SCG*LB3.CP-9++7.N.-3.3-2.9-2W19	Q774
005.SCG*LB3.CP12++5.N.-8.2-2.3-3W8	Q775
005.SCG*LB4.CP--++8.N.-7.14-6.17-5W6	Q776
005.SCG*LB3.CP-4++2.N.-2.22-3.24-5W3	Q777
005.SCG*LB3.CP-4++9.N.10.6-4.11-2W3	Q778
005.SCG*LB3.CP-3++9.N.-1.1-1.7-1W27	Q779
005.SCG*LB3.CP-2++3.N.11.22-2.25-3W18	Q780
005.SCG*LB3.CP11++2.N.-7.12-3.14-4W5	Q781
005.SCG*LB3.CP-2++3.N.11.11-1.13-2W8	Q782
005.SCG*LB3.CP-4++9.N.10.1-2.6-3W35	Q783
005.SCG*LB4.CP-9++7.N.-3.23-2.27-5W32	Q784
005.SCG*LB3.CP-4++9.N.-8.16-4.19-8W18	Q785
005.SCG*LB3.CP12++2.N.-1.6-7.9-1W5	Q786
005.SCG*LB3.CP-9++7.N.-3.15-5.17-3W8	Q787
005.SCG*LB4.CP-7++2.N.-7.10-5.13-1W16	Q788
005.SCG*LB3.CP--++8.N.10.49-1.54-3W34	Q789
005.SCG*LB3.CP13++2.N.12.1-1.5-2W4	Q790
005.SCG*LB4.CP-1++1.N.10.9-1.12-6W9	Q791
005.SCG*LB4.CP-1++1.N.10.9-1.12-6W17	Q792
005.SCG*LB3.CP12++2.N.-6.30-4.34-4W22	Q793
005.SCG*LB3.CP-8++2.N.-5.4-4.8-1W5	Q794
005.SCG*LB3.CP10++3.N.-9.15-1.16-1W4	Q795
005.SCG*LB3.CP-4++7.N.-6.4-3.9-5W39	Q796
005.SCG*LB1.CP-2++0.N.40.1-1.3-2W8	Q797
005.SCG*LB2.CP-4++5.N.-4.1-2.3-2W14	Q798
005.SCG*LB4.CP-5++5.N.27.31-1.34-5W5	Q799
005.SCG*LB2.CP-9++8.N.10.21-7.25-4W9	Q800
005.SCG*LB3.CP12++4.N.-1.9-3.11-2W11	Q801
005.SCG*LB4.CP-2++4.N.11.25-2.27-4W12	Q802
005.SCG*LB3.CP-4++7.N.-2.1-1.4-4W6	Q803
005.SCG*LB4.CP-5++8.N.-3.3-2.5-2W13	Q804
005.SCG*LB4.CP-1++9.N.-1.5-2.8-1W8	Q805
005.SCG*LB3.CP13++2.N.26.13-2.15-7W12	Q806
005.SCG*LB3.CP10++8.N.-7.14-6.15-6W7	Q807
005.SCG*LB3.CP13++3.N.-1.6-3.7-8W13	Q808
005.SCG*LB4.CP--++8.N.-6.9-3.13-2W12	Q809
005.SCG*LB4.CP-1++8.N.-4.7-7.10-1W20	Q810
005.SCG*LB4.CP--++8.N.-6.34-9.37-2W9	Q811
005.SCG*LB4.CP--++4.N.-5.3-4.4-6W12	Q812
005.SCG*LB3.CP13++2.N.19.17-1.19-3W17	Q813
005.SCG*LB2.CP-9++5.N.-4.22-1.28-6W13	Q814
005.SCG*LB3.CP-4++3.N.10.9-2.14-1W7	Q815
005.SCG*LB1.CP-5++4.N.-6.14-2.17-1W15	Q816
005.SCG*LB3.CP16++0.N.-2.7-2.8-5W9	Q817
005.SCG*LB3.CP11++9.N.-1.1-1.9-1W10	Q818
005.SCG*LB4.CP-2++4.N.11.25-2.27-4W8	Q819
005.SCG*LB2.CP-8++5.N.13.7-1.8-6W4	Q820
005.SCG*LB1.CP-2++9.N.-6.5-3.6-8W3	Q821
005.SCG*LB4.CP-3++0.N.-9.18-6.23-4W24	Q822
005.SCG*LB1.CP-5++5.N.-3.1-1.3-3W4	Q823
005.SCG*LB4.CP-3++4.N.14.5-2.7-3W13	Q824
005.SCG*LB2.CP-3++2.N.10.1-1.3-2W7	Q825
005.SCG*LB3.CP13++2.N.19.7-4.10-5W23	Q826
005.SCG*LB4.CP--++5.N.-5.18-1.21-5W14	Q827
005.SCG*LB2.CP-9++6.N.-1.1-1.3-6W9	Q828
005.SCG*LB4.CP--++4.N.12.5-3.10-2W28	Q829
005.SCG*LB2.CP-7++0.N.-2.7-1.10-6W5	Q830
005.SCG*LB4.CP-1++0.N.-4.25-1.28-2W10	Q831
005.SCG*LB4.CP-8++1.N.12.12-6.16-4W3	Q832
005.SCG*LB2.CP-9++8.N.-2.15-7.19-3W24	Q833
005.SCG*LB4.CP-7++9.N.-1.13-1.16-3W12	Q834
005.SCG*LB2.CP-2++8.N.-8.17-1.22-7W23	Q835
005.SCG*LB2.CP-9++5.N.-4.15-1.19-4W31	Q836
005.SCG*LB4.CP-1++6.N.12.9-6.12-5W15	Q837
005.SCG*LB3.CP13++2.N.19.1-2.3-2W7	Q838
005.SCG*LB4.CP-7++7.N.-3.1-2.3-1W10	Q839
005.SCG*LB2.CP-7++3.N.32.6-3.9-1W2	Q840
005.SCG*LB2.CP-2++5.N.-1.1-1.3-5W4	Q841
005.SCG*LB1.CP-9++2.N.10.8-1.14-4W36	Q842
005.SCG*LB1.CP-5++4.N.-4.6-6.9-7W12	Q843
005.SCG*LB4.CP--++4.N.11.26-2.30-2W24	Q844
005.SCG*LB3.CP13++5.N.17.8-6.14-3W40	Q845
005.SCG*LB4.CP-2++1.N.-7.6-4.8-1W1	Q846
005.SCG*LB4.CP--++8.N.-7.25-1.29-6W7	Q847
005.SCG*LB1.CP-5++4.N.-4.19-4.23-4W5	Q848
005.SCG*LB2.CP-6++0.N.20.6-3.8-3W3	Q849
005.SCG*LB2.CP-3++1.N.-2.15-1.18-5W22	Q850
005.SCG*LB3.CP11++9.N.-8.1-1.2-3W8	Q851
005.SCG*LB3.CP13++4.N.-7.1-1.4-5W9	Q852
005.SCG*LB1.CP-2++6.N.-7.7-1.12-2W23	Q853
005.SCG*LB2.CP-7++3.N.27.12-1.14-3W15	Q854
005.SCG*LB1.CP--++6.N.-5.1-1.6-5W16	Q855
005.SCG*LB1.CP-5++9.N.-3.25-3.32-3W47	Q856
005.SCG*LB2.CP-9++5.N.--.1-1.2-5W2	Q857
005.SCG*LB1.CP-8++9.N.12.17-2.22-1W33	Q858
005.SCG*LB4.CP-1++6.N.12.1-2.4-2W8	Q859
005.SCG*LB2.CP-5++8.N.-4.12-1.17-4W22	Q860
005.SCG*LB4.CP-2++4.N.-4.5-3.6-7W5	Q861
005.SCG*LB4.CP-2++3.N.-3.23-5.26-2W15	Q862
005.SCG*LB2.CP-9++6.N.-3.12-3.15-4W17	Q863
005.SCG*LB3.CP13++6.N.12.4-6.9-2W5	Q864
005.SCG*LB4.CP--++8.N.-8.5-5.8-4W10	Q865
005.SCG*LB2.CP-7++8.N.-7.6-1.11-4W6	Q866
005.SCG*LB3.CP-8++0.N.-2.16-6.23-2W10	Q867
005.SCG*LB2.CP-3++8.N.11.2-4.5-2W21	Q868
005.SCG*LB4.CP-2++2.N.-5.19-6.21-4W2	Q869
005.SCG*LB4.CP-8++1.N.-7.1-1.2-1W4	Q870
005.SCG*LB3.CP--++8.N.-9.3-5.6-3W4	Q871
005.SCG*LB2.CP-7++7.N.-2.34-5.39-2W14	Q872
005.SCG*LB2.CP-9++6.N.-4.11-2.15-1W17	Q873
005.SCG*LB4.CP-9++0.N.-9.1-1.5-5W17	Q874
005.SCG*LB2.CP-8++3.N.25.39-1.41-2W14	Q875
005.SCG*LB4.CP-2++4.N.-4.3-5.5-2W14	Q876
005.SCG*LB1.CP-5++9.N.-3.25-3.32-3W19	Q877
005.SCG*LB4.CP-2++4.N.-4.12-6.15-1W15	Q878
005.SCG*LB4.CP-2++9.N.-7.26-1.29-2W4	Q879
005.SCG*LB2.CP-6++0.N.-4.11-1.15-7W4	Q880
005.SCG*LB4.CP-1++1.N.-8.3-4.7-5W8	Q881
005.SCG*LB2.CP-3++3.N.-7.4-6.8-8W10	Q882
005.SCG*LB3.CP--++4.N.-5.10-1.13-1W11	Q883
005.SCG*LB1.CP-1++4.N.-3.1-1.6-2W29	Q884
005.SCG*LB3.CP15++4.N.19.3-6.10-1W7	Q885
005.SCG*LB4.CP-3++0.N.-7.1-2.3-5W16	Q886
005.SCG*LB4.CP-7++7.N.-3.4-4.7-5W19	Q887
005.SCG*LB4.CP--++8.N.-5.66-5.70-2W12	Q888
005.SCG*LB1.CP-1++2.N.-4.1-2.3-5W13	Q889
005.SCG*LB4.CP-8++3.N.-5.7-3.10-1W12	Q890
005.SCG*LB3.CP11++3.N.-1.18-1.20-6W12	Q891
005.SCG*LB1.CP-2++9.N.-6.2-5.5-2W14	Q892
005.SCG*LB2.CP-4++1.N.-4.3-5.5-6W7	Q893
005.SCG*LB3.CP-2++5.N.-9.31-2.35-4W23	Q894
005.SCG*LB3.CP13++9.N.12.1-1.3-5W20	Q895
005.SCG*LB3.CP-9++7.N.13.17-1.21-6W24	Q896
005.SCG*LB2.CP-2++8.N.-4.4-5.8-7W20	Q897
005.SCG*LB4.CP-2++4.N.-4.2-4.3-4W8	Q898
005.SCG*LB2.CP-9++5.N.-1.11-2.15-3W29	Q899
005.SCG*LB1.CP-9++3.N.11.1-1.4-1W18	Q900
005.SCG*LB3.CP-9++7.N.13.9-1.13-3W23	Q901
005.SCG*LB4.CP--++8.N.-6.30-9.34-8W5	Q902
005.SCG*LB4.CP-1++0.N.-4.2-4.4-4W18	Q903
005.SCG*LB1.CP-2++8.N.-9.8-3.10-6W16	Q904
005.SCG*LB4.CP-3++4.N.24.6-1.8-3W15	Q905
005.SCG*LB4.CP-1++3.N.-8.8-4.9-5W4	Q906
005.SCG*LB4.CP--++8.N.-4.10-1.13-3W28	Q907
005.SCG*LB4.CP-3++5.N.-4.15-3.17-4W20	Q908
005.SCG*LB3.CP-6++3.N.-1.1-1.7-1W39	Q909
005.SCG*LB3.CP-8++0.N.-2.1-1.6-6W34	Q910
005.SCG*LB2.CP-9++6.N.-8.4-1.6-5W13	Q911
005.SCG*LB4.CP-3++4.N.19.3-2.3-5W1	Q912
005.SCG*LB2.CP-3++5.N.-6.1-1.4-3W13	Q913
005.SCG*LB2.CP-5++8.N.-4.12-1.17-4W30	Q914
005.SCG*LB3.CP14++5.N.-4.5-2.7-5W19	Q915
005.SCG*LB2.CP-6++0.N.20.4-2.6-2W11	Q916
005.SCG*LB4.CP--++8.N.11.7-2.9-4W16	Q917
005.SCG*LB3.CP14++4.N.-2.12-7.17-2W20	Q918
005.SCG*LB3.CP--++8.N.10.1-1.4-4W5	Q919
005.SCG*LB2.CP-9++2.N.-5.3-3.5-5W3	Q920
005.SCG*LB2.CP-2++8.N.11.10-5.13-1W4	Q921
005.SCG*LB2.CP-7++8.N.-7.11-5.14-5W2	Q922
005.SCG*LB4.CP-1++6.N.11.6-1.7-4W3	Q923
005.SCG*LB4.CP-2++6.N.-2.5-5.9-1W5	Q924
005.SCG*LB4.CP-1++8.N.-4.6-7.7-6W6	Q925
005.SCG*LB3.CP-4++0.N.-4.22-7.26-3W18	Q926
005.SCG*LB4.CP--++7.N.14.5-6.6-3W5	Q927
005.SCG*LB4.CP-2++3.N.12.5-8.8-5W10	Q928
005.SCG*LB2.CP-5++5.N.12.2-5.4-3W8	Q929
005.SCG*LB2.CP-4++7.N.-4.35-3.39-1W12	Q930
005.SCG*LB2.CP-9++6.N.-5.12-2.13-4W5	Q931
005.SCG*LB3.CP14++0.N.-5.22-1.24-3W17	Q932
005.SCG*LB2.CP-8++4.N.-4.27-4.30-3W5	Q933
005.SCG*LB4.CP-1++1.N.--.1-1.3-4W2	Q934
005.SCG*LB2.CP-2++8.N.11.6-1.10-4W33	Q935
005.SCG*LB4.CP-1++3.N.-5.26-3.27-4W11	Q936
005.SCG*LB4.CP-2++4.N.-4.3-5.5-2W6	Q937
005.SCG*LB3.CP15++4.N.-4.22-5.24-3W12	Q938
005.SCG*LB1.CP-9++3.N.-8.1-2.5-4W6	Q939
005.SCG*LB4.CP--++8.N.11.1-1.5-4W28	Q940
005.SCG*LB2.CP-9++6.N.-6.16-4.17-5W5	Q941
005.SCG*LB4.CP-3++5.N.-4.26-2.27-5W5	Q942
005.SCG*LB1.CP-1++2.N.-8.5-1.7-1W4	Q943
005.SCG*LB3.CP-8++5.N.19.21-6.26-1W27	Q944
005.SCG*LB2.CP-1++8.N.-3.1-1.5-7W16	Q945
005.SCG*LB3.CP12++7.N.-8.1-1.7-5W28	Q946
005.SCG*LB1.CP-1++3.N.10.4-1.6-4W4	Q947
005.SCG*LB3.CP-7++6.N.-7.30-1.34-1W14	Q948
005.SCG*LB2.CP-3++8.N.11.7-1.8-5W13	Q949
005.SCG*LB3.CP--++5.N.-5.18-4.19-6W5	Q950
005.SCG*LB2.CP-9++2.N.-6.25-2.28-1W6	Q951
005.SCG*LB3.CP15++0.N.-6.4-3.9-1W28	Q952
005.SCG*LB4.CP-1++1.N.-8.1-1.3-3W12	Q953
005.SCG*LB4.CP-7++0.N.--.2-1.3-3W9	Q954
005.SCG*LB2.CP-7++2.N.-4.2-2.4-4W16	Q955
005.SCG*LB1.CP-5++5.N.-2.18-4.20-3W9	Q956
005.SCG*LB2.CP-2++8.N.-8.17-1.22-7W39	Q957
005.SCG*LB4.CP--++5.N.12.3-1.5-3W10	Q958
005.SCG*LB3.CP15++8.N.-7.15-5.17-5W3	Q959
005.SCG*LB1.CP-5++4.N.-4.15-5.19-3W3	Q960
005.SCG*LB3.CP-7++9.N.-3.6-1.8-3W5	Q961
005.SCG*LB1.CP-5++4.N.-6.19-6.22-2W14	Q962
005.SCG*LB4.CP-3++8.N.-8.8-4.10-4W3	Q963
005.SCG*LB3.CP-4++1.N.11.7-3.11-6W20	Q964
005.SCG*LB3.CP-8++4.N.12.1-1.6-2W5	Q965
005.SCG*LB4.CP--++9.N.-2.5-3.9-1W9	Q966
005.SCG*LB2.CP-9++6.N.-5.8-1.12-1W6	Q967
005.SCG*LB2.CP-7++9.N.11.14-2.16-5W14	Q968
005.SCG*LB1.CP-7++6.N.-2.5-5.10-4W14	Q969
005.SCG*LB2.CP-9++6.N.-8.11-3.14-3W6	Q970
005.SCG*LB3.CP10++3.N.-2.1-1.5-1W7	Q971
005.SCG*LB4.CP-2++7.N.-2.6-3.10-4W21	Q972
005.SCG*LB3.CP13++3.N.-1.15-4.17-4W11	Q973
005.SCG*LB4.CP--++7.N.-5.4-2.8-1W13	Q974
005.SCG*LB4.CP--++4.N.-9.4-3.7-3W10	Q975
005.SCG*LB4.CP-3++4.N.22.1-2.4-6W22	Q976
005.SCG*LB1.CP-5++4.N.-4.12-5.15-4W8	Q977
005.SCG*LB4.CP--++8.N.-6.34-9.37-2W20	Q978
005.SCG*LB1.CP-4++2.N.18.1-1.3-1W10	Q979
005.SCG*LB4.CP-3++0.N.-1.6-3.9-2W10	Q980
005.SCG*LB4.CP-1++1.N.14.13-5.18-5W26	Q981
005.SCG*LB3.CP13++4.N.-3.4-1.8-2W21	Q982
005.SCG*LB4.CP-1++7.N.16.8-6.11-7W1	Q983
005.SCG*LB4.CP-7++5.N.-4.15-1.18-2W18	Q984
005.SCG*LB3.CP-8++0.N.13.1-1.5-6W18	Q985
005.SCG*LB2.CP-6++8.N.-6.13-1.19-5W3	Q986
005.SCG*LB4.CP-5++5.N.10.42-7.47-5W14	Q987
005.SCG*LB2.CP-8++8.N.11.1-2.5-1W18	Q988
005.SCG*LB2.CP-9++6.N.-8.7-1.9-1W10	Q989
005.SCG*LB3.CP13++5.N.20.4-1.11-5W14	Q990
005.SCG*LB4.CP--++8.N.11.1-1.5-4W34	Q991
005.SCG*LB3.CP-8++0.N.-2.16-6.23-2W17	Q992
005.SCG*LB2.CP-2++8.N.-4.1-2.4-4W16	Q993
005.SCG*LB4.CP-3++5.N.-4.10-3.12-5W22	Q994
005.SCG*LB1.CP-2++0.N.16.17-3.20-3W4	Q995
005.SCG*LB3.CP-4++1.N.-3.28-1.31-2W13	Q996
005.SCG*LB4.CP-2++1.N.-8.9-4.9-6W1	Q997
005.SCG*LB4.CP-1++7.N.21.10-4.11-6W1	Q998
005.SCG*LB3.CP-6++4.N.-5.14-6.17-5W12	Q999
005.SCG*LB4.CP-2++4.N.-4.8-4.9-3W7	Q1000
005.SCG*LB2.CP-9++6.N.-9.10-7.14-1W6	Q1001
005.SCG*LB4.CP-2++3.N.-3.19-1.21-6W5	Q1002
005.SCG*LB3.CP15++0.N.-2.1-1.3-1W13	Q1003
005.SCG*LB2.CP-9++6.N.-4.6-4.8-1W9	Q1004
005.SCG*LB2.CP-9++6.N.--.1-1.2-5W5	Q1005
005.SCG*LB1.CP-4++3.N.13.32-5.34-4W6	Q1006
005.SCG*LB3.CP-7++3.N.-4.3-4.6-5W21	Q1007
005.SCG*LB2.CP-9++6.N.-2.3-5.8-7W8	Q1008
005.SCG*LB3.CP15++8.N.-7.11-5.14-2W16	Q1009
005.SCG*LB4.CP-2++3.N.-3.19-1.21-6W23	Q1010
005.SCG*LB1.CP-6++9.N.-7.7-1.13-1W3	Q1011
005.SCG*LB4.CP-1++2.N.-2.6-3.10-3W26	Q1012
005.SCG*LB1.CP-4++3.N.-3.4-1.6-1W7	Q1013
005.SCG*LB2.CP-8++3.N.25.14-3.18-3W14	Q1014
005.SCG*LB2.CP-9++6.N.-6.14-1.16-3W3	Q1015
005.SCG*LB2.CP-7++3.N.36.22-4.24-1W9	Q1016
005.SCG*LB3.CP-9++8.N.-1.1-1.2-5W4	Q1017
005.SCG*LB3.CP--++5.N.-5.16-1.18-3W9	Q1018
005.SCG*LB1.CP-2++1.N.-4.1-2.5-3W15	Q1019
005.SCG*LB3.CP--++8.N.-9.1-1.3-4W16	Q1020
005.SCG*LB4.CP-1++1.N.16.19-6.23-1W27	Q1021
005.SCG*LB4.CP-1++0.N.-4.4-5.9-1W6	Q1022
005.SCG*LB1.CP-2++0.N.12.4-5.5-3W1	Q1023
005.SCG*LB1.CP-1++3.N.10.10-5.12-6W1	Q1024
005.SCG*LB4.CP-2++4.N.-4.12-6.15-1W5	Q1025
005.SCG*LB4.CP-7++0.N.-1.1-1.4-1W13	Q1026
005.SCG*LB4.CP-8++4.N.-2.11-1.15-6W19	Q1027
005.SCG*LB4.CP--++8.N.10.21-5.25-2W12	Q1028
005.SCG*LB4.CP-3++0.N.-1.2-5.6-2W21	Q1029
005.SCG*LB2.CP-3++2.N.--.1-1.3-1W9	Q1030
005.SCG*LB2.CP-3++3.N.-1.1-1.2-5W9	Q1031
005.SCG*LB3.CP-4++7.N.-8.1-1.9-5W26	Q1032
005.SCG*LB2.CP-2++8.N.-4.4-5.8-7W9	Q1033
005.SCG*LB4.CP-2++6.N.-5.12-3.16-1W20	Q1034
005.SCG*LB4.CP-9++1.N.-1.1-1.3-7W4	Q1035
005.SCG*LB4.CP-7++7.N.-3.14-1.16-3W8	Q1036
005.SCG*LB2.CP-9++6.N.-7.4-5.7-1W15	Q1037
005.SCG*LB1.CP-2++0.N.12.17-5.21-3W21	Q1038
005.SCG*LB2.CP-9++8.N.12.1-1.4-3W11	Q1039
005.SCG*LB4.CP-1++1.N.-8.29-5.31-2W7	Q1040
005.SCG*LB1.CP-1++2.N.-1.4-3.7-2W20	Q1041
005.SCG*LB2.CP-1++5.N.-2.23-1.26-7W16	Q1042
005.SCG*LB3.CP-7++6.N.-4.10-1.13-6W27	Q1043
005.SCG*LB1.CP-1++3.N.26.6-4.9-3W4	Q1044
005.SCG*LB4.CP--++7.N.12.1-2.4-3W15	Q1045
005.SCG*LB4.CP-3++0.N.-9.5-5.6-4W7	Q1046
005.SCG*LB2.CP-9++2.N.-6.17-4.19-1W7	Q1047
005.SCG*LB4.CP-1++9.N.-3.5-3.6-1W4	Q1048
005.SCG*LB1.CP-2++0.N.43.1-1.4-5W18	Q1049
005.SCG*LB3.CP-8++9.N.-5.9-1.12-6W20	Q1050
005.SCG*LB2.CP-9++6.N.10.8-4.11-4W14	Q1051
005.SCG*LB3.CP-9++5.N.-7.4-4.5-7W4	Q1052
005.SCG*LB4.CP--++8.N.10.15-3.17-3W6	Q1053
005.SCG*LB3.CP-2++7.N.-7.1-2.4-2W18	Q1054
005.SCG*LB2.CP-9++4.N.-5.7-5.11-2W6	Q1055
005.SCG*LB2.CP-8++2.N.17.11-3.16-1W30	Q1056
005.SCG*LB1.CP-1++4.N.-4.1-1.5-2W11	Q1057
005.SCG*LB4.CP-5++0.N.-8.3-7.6-4W4	Q1058
005.SCG*LB4.CP-2++3.N.-7.5-1.5-4W3	Q1059
005.SCG*LB4.CP-8++1.N.-8.1-1.2-2W6	Q1060
005.SCG*LB1.CP-1++4.N.-3.1-1.6-2W24	Q1061
005.SCG*LB3.CP-7++6.N.-7.17-3.18-3W6	Q1062
005.SCG*LB3.CP10++8.N.-7.4-1.6-5W8	Q1063
005.SCG*LB4.CP-1++6.N.11.3-2.5-7W23	Q1064
005.SCG*LB3.CP15++8.N.-3.3-2.6-6W17	Q1065
005.SCG*LB3.CP-9++0.N.-9.5-1.11-2W43	Q1066
005.SCG*LB3.CP15++4.N.-7.3-6.8-6W8	Q1067
005.SCG*LB3.CP-8++6.N.-9.12-1.14-3W11	Q1068
005.SCG*LB4.CP-1++0.N.-4.1-2.2-3W3	Q1069
005.SCG*LB4.CP--++8.N.11.5-5.7-1W3	Q1070
005.SCG*LB4.CP-3++5.N.-4.20-5.22-7W16	Q1071
005.SCG*LB4.CP-8++4.N.17.5-7.7-3W6	Q1072
005.SCG*LB2.CP-9++1.N.-8.18-3.27-1W39	Q1073
005.SCG*LB4.CP-5++4.N.-7.11-3.14-2W21	Q1074
005.SCG*LB4.CP-3++2.N.-2.20-5.22-3W3	Q1075
005.SCG*LB3.CP-5++6.N.-5.9-6.12-9W13	Q1076
005.SCG*LB4.CP--++7.N.24.1-1.6-2W23	Q1077
005.SCG*LB3.CP-2++1.N.-5.10-8.13-1W8	Q1078
005.SCG*LB3.CP15++4.N.16.10-1.13-1W17	Q1079
005.SCG*LB2.CP-9++6.N.-3.20-6.23-7W5	Q1080
005.SCG*LB3.CP-4++1.N.-5.7-2.10-5W14	Q1081
005.SCG*LB3.CP13++5.N.18.1-1.8-6W33	Q1082
005.SCG*LB2.CP-3++6.N.-6.10-2.14-1W14	Q1083
005.SCG*LB3.CP-2++3.N.11.13-3.17-5W3	Q1084
005.SCG*LB4.CP-8++1.N.-7.26-1.28-7W3	Q1085
005.SCG*LB1.CP-2++0.N.-6.9-3.10-3W7	Q1086
005.SCG*LB1.CP-2++6.N.-6.5-6.7-5W16	Q1087
005.SCG*LB4.CP-1++1.N.-8.14-1.18-5W5	Q1088
005.SCG*LB2.CP-9++6.N.-9.3-5.6-4W22	Q1089
005.SCG*LB3.CP-8++1.N.-6.29-7.33-1W8	Q1090
005.SCG*LB2.CP-7++8.N.-8.9-2.13-2W17	Q1091
005.SCG*LB1.CP-9++3.N.12.16-1.18-4W9	Q1092
005.SCG*LB2.CP-7++3.N.39.7-4.16-6W8	Q1093
005.SCG*LB4.CP-2++9.N.-7.15-1.18-1W21	Q1094
005.SCG*LB2.CP-9++5.N.-3.10-7.17-1W37	Q1095
005.SCG*LB4.CP-7++7.N.-3.10-2.12-3W13	Q1096
005.SCG*LB2.CP-6++0.N.21.7-2.8-5W10	Q1097
005.SCG*LB4.CP--++5.N.-6.8-1.10-6W20	Q1098
005.SCG*LB2.CP-2++5.N.20.3-4.6-1W10	Q1099
005.SCG*LB3.CP13++5.N.22.3-1.7-1W10	Q1100
005.SCG*LB4.CP-5++2.N.-9.9-3.12-1W7	Q1101
005.SCG*LB1.CP-1++3.N.10.1-1.3-5W12	Q1102
005.SCG*LB3.CP-9++1.N.-5.9-1.12-2W17	Q1103
005.SCG*LB3.CP-4++6.N.-9.4-3.10-3W25	Q1104
005.SCG*LB4.CP-3++5.N.-4.14-5.15-2W3	Q1105
005.SCG*LB4.CP-7++7.N.-3.4-4.7-5W7	Q1106
005.SCG*LB2.CP-8++4.N.-3.3-2.6-3W23	Q1107
005.SCG*LB4.CP-3++2.N.11.1-1.6-1W24	Q1108
005.SCG*LB1.CP-1++5.N.-3.6-3.7-3W9	Q1109
005.SCG*LB4.CP-1++6.N.12.9-6.12-5W19	Q1110
005.SCG*LB4.CP--++5.N.-1.7-6.11-5W19	Q1111
005.SCG*LB2.CP-7++2.N.-4.2-2.4-4W13	Q1112
005.SCG*LB3.CP-2++4.N.-7.1-1.2-4W7	Q1113
005.SCG*LB3.CP-4++1.N.-6.1-2.6-3W30	Q1114
005.SCG*LB4.CP--++9.N.-2.1-1.5-2W31	Q1115
005.SCG*LB4.CP-2++6.N.-1.1-1.5-6W8	Q1116
005.SCG*LB2.CP-9++1.N.-8.18-3.27-1W22	Q1117
005.SCG*LB4.CP-7++2.N.15.4-5.8-1W23	Q1118
005.SCG*LB3.CP15++0.N.-1.1-1.8-1W44	Q1119
005.SCG*LB3.CP-7++6.N.-4.6-3.9-7W22	Q1120
005.SCG*LB1.CP-4++0.N.-4.5-8.7-2W10	Q1121
005.SCG*LB3.CP10++8.N.-5.17-5.20-3W10	Q1122
005.SCG*LB1.CP-1++4.N.-3.1-1.6-2W9	Q1123
005.SCG*LB4.CP-7++1.N.-2.3-5.6-1W4	Q1124
005.SCG*LB4.CP-2++8.N.-5.1-1.6-3W38	Q1125
005.SCG*LB1.CP-6++7.N.-9.1-1.6-3W17	Q1126
005.SCG*LB3.CP13++5.N.16.1-1.5-3W25	Q1127
005.SCG*LB3.CP-9++5.N.-9.8-5.9-4W4	Q1128
005.SCG*LB2.CP-3++5.N.-7.6-2.10-4W30	Q1129
005.SCG*LB4.CP-5++5.N.-3.1-1.5-5W28	Q1130
005.SCG*LB1.CP-8++6.N.-6.6-1.13-4W36	Q1131
005.SCG*LB2.CP-3++2.N.-9.1-2.7-2W25	Q1132
005.SCG*LB3.CP-9++7.N.-2.4-1.7-4W13	Q1133
005.SCG*LB4.CP-2++3.N.-8.11-2.14-4W8	Q1134
005.SCG*LB1.CP-8++1.N.-2.9-2.12-9W16	Q1135
005.SCG*LB1.CP-9++3.N.-7.6-1.9-5W14	Q1136
005.SCG*LB4.CP-2++3.N.-8.9-5.11-1W6	Q1137
005.SCG*LB1.CP-8++6.N.-6.3-1.5-2W15	Q1138
005.SCG*LB3.CP12++7.N.-4.15-1.20-4W22	Q1139
005.SCG*LB3.CP14++0.N.-8.9-2.10-7W5	Q1140
005.SCG*LB1.CP-2++0.N.26.4-1.7-1W18	Q1141
005.SCG*LB1.CP-7++2.N.-4.12-2.14-5W14	Q1142
005.SCG*LB3.CP-1++8.N.-5.9-1.14-1W12	Q1143
005.SCG*LB1.CP-2++0.N.21.3-2.5-6W18	Q1144
005.SCG*LB3.CP10++5.N.-3.3-3.5-2W5	Q1145
005.SCG*LB3.CP-1++8.N.-4.1-2.7-4W24	Q1146
005.SCG*LB1.CP-2++6.N.-3.13-2.15-5W14	Q1147
005.SCG*LB3.CP-1++8.N.-4.7-5.9-1W6	Q1148
005.SCG*LB3.CP13++5.N.-8.7-5.9-3W11	Q1149
005.SCG*LB3.CP15++6.N.-5.3-1.5-5W3	Q1150
005.SCG*LB3.CP13++5.N.-8.1-1.4-2W9	Q1151
005.SCG*LB3.CP-1++8.N.-2.10-4.15-8W29	Q1152
005.SCG*LB3.CP-5++3.N.-4.13-2.15-5W18	Q1153
005.SCG*LB2.CP-4++3.N.-9.1-2.5-3W10	Q1154
005.SCG*LB3.CP10++5.N.-3.1-2.3-2W4	Q1155
005.SCG*LB2.CP-8++3.N.30.1-2.3-1W7	Q1156
005.SCG*LB3.CP15++8.N.-3.1-2.3-1W7	Q1157
005.SCG*LB3.CP13++2.N.14.2-6.5-2W16	Q1158
005.SCG*LB2.CP-3++5.N.-7.12-2.14-1W14	Q1159
005.SCG*LB1.CP-2++0.N.26.9-1.12-3W11	Q1160
005.SCG*LB4.CP-4++0.N.-3.3-2.4-4W10	Q1161
005.SCG*LB1.CP-4++2.N.-9.41-4.43-8W13	Q1162
005.SCG*LB3.CP-1++8.N.-4.11-3.15-5W25	Q1163
005.SCG*LB4.CP-5++2.N.-2.10-3.15-3W23	Q1164
005.SCG*LB2.CP-7++4.N.-5.10-6.13-5W8	Q1165
005.SCG*LB2.CP-7++3.N.39.36-2.37-3W7	Q1166
005.SCG*LB4.CP-7++7.N.-4.9-4.12-5W16	Q1167
005.SCG*LB2.CP-5++2.N.-7.18-1.19-3W11	Q1168
005.SCG*LB3.CP-6++0.N.-3.1-2.3-7W18	Q1169
005.SCG*LB3.CP14++4.N.-2.9-4.12-6W14	Q1170
005.SCG*LB2.CP-4++4.N.-4.1-2.2-6W7	Q1171
005.SCG*LB2.CP-4++3.N.-7.4-5.10-3W8	Q1172
005.SCG*LB3.CP10++4.N.-5.1-1.4-4W17	Q1173
005.SCG*LB1.CP-2++6.N.-7.3-6.5-3W13	Q1174
005.SCG*LB2.CP-8++7.N.-5.4-6.9-6W33	Q1175
005.SCG*LB3.CP15++6.N.-5.3-1.5-5W17	Q1176
005.SCG*LB2.CP-7++4.N.13.1-2.4-3W7	Q1177
005.SCG*LB2.CP-3++5.N.-7.12-2.14-1W7	Q1178
005.SCG*LB1.CP-2++4.N.-5.12-3.13-4W6	Q1179
005.SCG*LB3.CP-2++2.N.-4.11-1.15-3W13	Q1180
005.SCG*LB3.CP13++2.N.10.6-1.10-4W9	Q1181
005.SCG*LB2.CP-7++3.N.27.16-2.19-2W9	Q1182
005.SCG*LB3.CP-1++8.N.-5.3-3.8-7W17	Q1183
005.SCG*LB3.CP-4++3.N.-3.41-1.46-4W19	Q1184
005.SCG*LB1.CP-2++2.N.-6.30-2.32-1W4	Q1185
005.SCG*LB3.CP13++2.N.16.5-1.7-3W14	Q1186
005.SCG*LB3.CP13++2.N.10.1-1.3-5W14	Q1187
005.SCG*LB1.CP-2++0.N.27.7-4.9-5W6	Q1188
005.SCG*LB3.CP13++5.N.11.3-1.7-3W15	Q1189
005.SCG*LB3.CP13++2.N.25.5-5.7-4W6	Q1190
005.SCG*LB3.CP-1++9.N.-1.1-1.3-1W5	Q1191
005.SCG*LB2.CP-8++7.N.-5.1-2.4-5W9	Q1192
005.SCG*LB2.CP-4++4.N.-5.1-2.7-8W19	Q1193
005.SCG*LB2.CP-7++4.N.-3.1-1.9-5W36	Q1194
005.SCG*LB1.CP-9++3.N.-7.16-5.18-6W12	Q1195
005.SCG*LB3.CP13++5.N.-9.1-1.5-1W5	Q1196
005.SCG*LB3.CP-4++4.N.-5.26-1.30-1W15	Q1197
005.SCG*LB3.CP13++2.N.10.3-6.5-6W14	Q1198
005.SCG*LB2.CP-2++0.N.-2.5-5.6-5W4	Q1199
005.SCG*LB1.CP-2++2.N.-6.34-2.35-6W5	Q1200
005.SCG*LB4.CP-7++7.N.-2.1-1.2-5W7	Q1201
005.SCG*LB4.CP-5++9.N.-4.1-1.4-2W11	Q1202
005.SCG*LB1.CP--++5.N.-6.1-1.5-1W21	Q1203
005.SCG*LB4.CP-9++5.N.-8.4-3.9-1W4	Q1204
005.SCG*LB3.CP--++3.N.-4.1-2.4-5W24	Q1205
005.SCG*LB3.CP-1++8.N.-4.11-3.15-5W35	Q1206
005.SCG*LB3.CP13++4.N.-4.8-2.13-4W14	Q1207
005.SCG*LB4.CP-2++1.N.-6.1-1.5-1W22	Q1208
005.SCG*LB4.CP-4++0.N.-3.1-2.3-1W3	Q1209
005.SCG*LB3.CP13++2.N.14.5-3.9-3W10	Q1210
005.SCG*LB3.CP13++2.N.11.5-1.11-4W11	Q1211
005.SCG*LB2.CP-7++5.N.15.30-1.32-1W4	Q1212
005.SCG*LB3.CP-8++1.N.-1.12-4.19-3W38	Q1213
005.SCG*LB1.CP-4++2.N.-9.53-3.54-5W6	Q1214
005.SCG*LB2.CP-4++4.N.-5.1-2.7-8W7	Q1215
005.SCG*LB1.CP-2++0.N.20.1-1.5-6W19	Q1216
005.SCG*LB1.CP-2++0.N.27.10-7.13-5W23	Q1217
005.SCG*LB2.CP-8++7.N.-5.4-6.9-6W10	Q1218
005.SCG*LB3.CP13++5.N.10.6-1.14-4W26	Q1219
005.SCG*LB3.CP-8++4.N.-5.1-2.4-2W13	Q1220
005.SCG*LB3.CP-4++2.N.-2.22-3.24-5W13	Q1221
005.SCG*LB3.CP13++6.N.13.1-1.4-6W23	Q1222
005.SCG*LB2.CP-8++3.N.28.13-2.15-1W11	Q1223
005.SCG*LB3.CP-1++8.N.-4.1-2.7-4W37	Q1224
005.SCG*LB1.CP-2++4.N.-5.4-3.7-1W5	Q1225
005.SCG*LB2.CP-4++3.N.-9.1-2.5-3W16	Q1226
005.SCG*LB2.CP-8++3.N.28.10-1.13-1W8	Q1227
005.SCG*LB4.CP-5++9.N.-4.1-1.4-2W8	Q1228
005.SCG*LB2.CP-8++3.N.26.11-5.13-7W19	Q1229
005.SCG*LB2.CP-6++0.N.-1.25-3.26-5W7	Q1230
005.SCG*LB1.CP-2++0.N.27.1-1.5-5W19	Q1231
005.SCG*LB3.CP15++1.N.-5.1-2.6-1W21	Q1232
005.SCG*LB3.CP-1++8.N.-5.3-3.8-7W33	Q1233
005.SCG*LB3.CP15++8.N.-3.3-2.6-6W7	Q1234
005.SCG*LB2.CP-4++4.N.-4.5-3.8-6W7	Q1235
005.SCG*LB3.CP12++8.N.-2.8-5.9-7W3	Q1236
005.SCG*LB4.CP-5++7.N.-2.8-3.10-2W12	Q1578
005.SCG*LB4.CP-8++1.N.12.43-3.44-4W9	Q1577
005.SCG*LB2.CP-6++8.N.-7.1-1.3-5W16	Q1239
005.SCG*LB1.CP--++3.N.-5.23-1.26-5W9	Q1240
005.SCG*LB3.CP-4++3.N.10.9-2.14-1W8	Q1241
005.SCG*LB3.CP-4++1.N.-9.13-3.15-3W13	Q1242
005.SCG*LB2.CP-3++0.N.11.9-1.13-2W7	Q1243
005.SCG*LB1.CP-6++2.N.-4.1-2.2-7W9	Q1244
005.SCG*LB1.CP-6++6.N.-4.4-3.9-4W31	Q1245
005.SCG*LB3.CP-4++3.N.10.1-1.9-1W34	Q1246
005.SCG*LB2.CP-2++6.N.-3.3-1.6-3W9	Q1247
005.SCG*LB1.CP--++3.N.-5.26-6.30-6W30	Q1248
005.SCG*LB3.CP-5++5.N.-3.6-5.10-1W9	Q1249
005.SCG*LB3.CP-5++5.N.-3.1-2.2-6W5	Q1250
005.SCG*LB2.CP-4++2.N.-1.6-6.11-3W7	Q1251
005.SCG*LB4.CP-6++4.N.-4.9-1.13-4W17	Q1252
005.SCG*LB2.CP-5++2.N.-1.1-1.6-1W34	Q1253
005.SCG*LB1.CP-6++9.N.-5.2-6.8-2W33	Q1254
005.SCG*LB3.CP-4++9.N.-3.24-2.27-4W18	Q1255
005.SCG*LB3.CP13++6.N.16.1-1.4-4W17	Q1256
005.SCG*LB4.CP-6++4.N.-4.9-1.13-4W28	Q1257
005.SCG*LB3.CP-4++9.N.-3.34-7.37-2W6	Q1258
005.SCG*LB1.CP-3++1.N.-4.8-1.10-6W13	Q1259
005.SCG*LB3.CP-9++4.N.10.66-1.67-6W7	Q1260
005.SCG*LB2.CP-7++4.N.-3.11-5.12-4W6	Q1261
005.SCG*LB1.CP-3++0.N.-2.8-1.14-1W31	Q1262
005.SCG*LB4.CP-5++0.N.-3.20-3.21-3W7	Q1263
005.SCG*LB4.CP-5++0.N.-3.7-6.10-6W27	Q1264
005.SCG*LB1.CP--++4.N.-3.23-1.25-1W15	Q1265
005.SCG*LB2.CP-7++4.N.-7.10-2.11-2W2	Q1266
005.SCG*LB2.CP-7++4.N.-3.1-1.9-5W31	Q1267
005.SCG*LB2.CP-7++4.N.-3.1-1.9-5W16	Q1268
005.SCG*LB2.CP-7++4.N.11.2-5.6-2W3	Q1269
005.SCG*LB1.CP-1++3.N.19.10-1.11-6W8	Q1270
005.SCG*LB2.CP-7++4.N.11.2-5.6-2W15	Q1271
005.SCG*LB2.CP-7++4.N.11.2-5.6-2W21	Q1272
005.SCG*LB2.CP-7++4.N.-3.11-5.12-4W1	Q1273
005.SCG*LB2.CP-7++8.N.10.20-3.22-6W9	Q1274
005.SCG*LB2.CP-7++4.N.16.13-7.16-1W14	Q1275
005.SCG*LB2.CP-7++4.N.14.1-1.6-2W10	Q1276
005.SCG*LB2.CP-7++4.N.-3.9-6.11-4W4	Q1277
005.SCG*LB2.CP-7++4.N.14.1-1.6-2W34	Q1278
005.SCG*LB4.CP--++9.N.-3.1-1.5-2W30	Q1279
005.SCG*LB1.CP-9++2.N.-2.6-1.8-3W7	Q1280
005.SCG*LB4.CP-2++9.N.-5.18-2.19-6W5	Q1281
005.SCG*LB2.CP-4++4.N.-9.10-3.12-6W15	Q1282
005.SCG*LB2.CP-4++6.N.-3.1-2.2-4W5	Q1283
005.SCG*LB4.CP-3++3.N.-2.9-3.13-4W17	Q1284
005.SCG*LB1.CP-2++4.N.-5.4-3.7-1W3	Q1285
005.SCG*LB1.CP-7++3.N.-5.1-2.8-2W5	Q1286
005.SCG*LB2.CP-9++5.N.-2.17-2.19-3W12	Q1287
005.SCG*LB1.CP-1++9.N.-1.4-1.6-3W15	Q1288
005.SCG*LB4.CP--++8.N.-4.27-7.29-2W3	Q1289
005.SCG*LB4.CP-2++5.N.-4.18-1.20-4W4	Q1290
005.SCG*LB1.CP-5++4.N.-3.7-5.8-5W4	Q1291
005.SCG*LB4.CP-3++5.N.11.5-5.8-2W8	Q1292
005.SCG*LB4.CP-2++5.N.-2.2-2.6-3W30	Q1293
005.SCG*LB1.CP-7++3.N.-5.9-3.11-2W10	Q1294
005.SCG*LB1.CP-2++0.N.12.17-5.21-3W3	Q1295
005.SCG*LB4.CP-4++1.N.-3.4-6.10-4W23	Q1296
005.SCG*LB1.CP-2++0.N.13.16-3.18-5W12	Q1297
005.SCG*LB1.CP-5++4.N.-3.5-6.6-5W7	Q1298
005.SCG*LB4.CP-3++8.N.-4.1-2.5-1W23	Q1299
005.SCG*LB2.CP-1++5.N.-3.3-8.7-4W8	Q1300
005.SCG*LB4.CP-8++1.N.12.38-4.43-2W20	Q1301
005.SCG*LB4.CP-7++3.N.-2.41-3.42-7W3	Q1302
005.SCG*LB4.CP-3++8.N.-4.5-2.8-3W7	Q1303
005.SCG*LB2.CP-9++5.N.-3.10-7.17-1W18	Q1304
005.SCG*LB2.CP-1++5.N.-3.3-8.7-4W24	Q1305
005.SCG*LB3.CP15++2.N.-3.10-5.13-4W10	Q1306
005.SCG*LB1.CP-3++8.N.-3.3-1.7-1W9	Q1307
005.SCG*LB1.CP-2++6.N.-3.3-5.9-4W17	Q1308
005.SCG*LB1.CP-2++4.N.-5.1-2.4-2W2	Q1309
005.SCG*LB1.CP-2++0.N.12.13-2.17-4W3	Q1310
005.SCG*LB4.CP-2++9.N.-7.8-2.9-4W10	Q1311
005.SCG*LB4.CP-2++5.N.-3.6-6.8-2W11	Q1312
005.SCG*LB4.CP--++1.N.11.19-1.22-3W24	Q1313
005.SCG*LB1.CP-2++6.N.-3.9-5.13-1W18	Q1314
005.SCG*LB1.CP-2++4.N.-5.15-3.18-3W9	Q1315
005.SCG*LB4.CP--++8.N.-2.11-6.15-5W9	Q1316
005.SCG*LB4.CP-3++5.N.11.14-6.16-4W5	Q1317
005.SCG*LB4.CP-5++9.N.-1.10-3.12-1W6	Q1318
005.SCG*LB4.CP-9++1.N.10.12-1.12-3W3	Q1319
005.SCG*LB4.CP-3++4.N.26.17-2.17-4W1	Q1320
005.SCG*LB2.CP-3++8.N.-5.1-2.3-5W16	Q1321
005.SCG*LB3.CP15++2.N.-3.7-2.10-4W9	Q1322
005.SCG*LB1.CP-1++4.N.-2.20-4.21-6W4	Q1323
005.SCG*LB4.CP--++3.N.-1.8-1.14-3W17	Q1324
005.SCG*LB1.CP-2++4.N.-5.8-2.12-2W5	Q1325
005.SCG*LB4.CP-2++9.N.-7.7-1.8-1W7	Q1326
005.SCG*LB1.CP-2++6.N.11.25-3.27-3W14	Q1327
005.SCG*LB1.CP-2++4.N.-5.12-3.13-4W4	Q1328
005.SCG*LB2.CP-9++5.N.-3.17-2.19-1W8	Q1329
005.SCG*LB4.CP-1++4.N.-9.1-1.4-5W18	Q1330
005.SCG*LB4.CP--++1.N.11.35-6.36-6W3	Q1331
005.SCG*LB4.CP-4++1.N.-3.4-6.10-4W37	Q1332
005.SCG*LB1.CP-2++4.N.-5.8-2.12-2W19	Q1333
005.SCG*LB2.CP-4++5.N.-6.3-3.5-5W3	Q1334
005.SCG*LB4.CP-2++5.N.-3.1-1.4-6W14	Q1335
005.SCG*LB2.CP-9++5.N.-2.13-5.17-1W22	Q1336
005.SCG*LB2.CP-8++4.N.-5.3-3.7-1W20	Q1337
005.SCG*LB4.CP--++2.N.-4.9-1.10-6W7	Q1338
005.SCG*LB2.CP-9++3.N.-5.4-3.6-5W5	Q1339
005.SCG*LB1.CP-1++4.N.-3.15-1.17-2W3	Q1340
005.SCG*LB1.CP-2++0.N.13.16-3.18-5W7	Q1341
005.SCG*LB2.CP-3++2.N.-5.14-1.14-5W3	Q1342
005.SCG*LB1.CP-3++8.N.-3.7-2.9-3W7	Q1343
005.SCG*LB1.CP-2++6.N.11.15-2.17-7W6	Q1344
005.SCG*LB1.CP-5++4.N.-3.8-6.10-3W9	Q1345
005.SCG*LB4.CP-3++5.N.11.8-3.11-3W17	Q1346
005.SCG*LB1.CP-5++4.N.-4.19-4.23-4W22	Q1347
005.SCG*LB1.CP-1++9.N.-1.8-4.9-5W8	Q1348
005.SCG*LB4.CP-3++8.N.-9.11-4.19-1W29	Q1349
005.SCG*LB1.CP-4++2.N.-8.4-1.5-6W8	Q1350
005.SCG*LB4.CP-7++3.N.-2.31-4.32-1W4	Q1351
005.SCG*LB4.CP-4++1.N.-3.4-6.10-4W12	Q1352
005.SCG*LB2.CP-8++3.N.-4.6-4.10-4W21	Q1353
005.SCG*LB4.CP-2++9.N.-5.21-3.24-7W23	Q1354
005.SCG*LB3.CP-8++0.N.-3.1-1.10-2W54	Q1355
005.SCG*LB4.CP--++9.N.-1.1-1.6-3W20	Q1356
005.SCG*LB2.CP-7++3.N.24.1-2.3-5W6	Q1357
005.SCG*LB2.CP-9++8.N.12.9-5.12-2W11	Q1358
005.SCG*LB2.CP-7++5.N.-1.1-1.4-3W9	Q1359
005.SCG*LB4.CP--++4.N.-9.1-1.4-2W1	Q1360
005.SCG*LB4.CP-5++0.N.-8.9-2.11-1W12	Q1361
005.SCG*LB3.CP10++6.N.-7.2-3.4-6W6	Q1362
005.SCG*LB4.CP-3++4.N.12.2-2.5-1W17	Q1363
005.SCG*LB3.CP10++4.N.-5.15-5.22-2W33	Q1364
005.SCG*LB1.CP-9++9.N.-3.3-2.5-3W9	Q1365
005.SCG*LB4.CP-1++2.N.-1.1-1.6-4W13	Q1366
005.SCG*LB4.CP-3++4.N.12.5-2.9-4W22	Q1367
005.SCG*LB4.CP-5++5.N.-9.11-1.14-6W19	Q1368
005.SCG*LB3.CP11++5.N.-3.7-3.8-4W6	Q1369
005.SCG*LB3.CP11++6.N.-2.5-1.6-6W7	Q1370
005.SCG*LB3.CP11++6.N.-1.1-1.5-5W13	Q1371
005.SCG*LB4.CP-7++2.N.-6.1-1.8-6W34	Q1372
005.SCG*LB3.CP11++6.N.-2.3-1.4-5W9	Q1373
005.SCG*LB3.CP11++5.N.-5.6-6.8-3W14	Q1374
005.SCG*LB4.CP-9++5.N.-8.9-2.11-1W10	Q1375
005.SCG*LB4.CP-9++6.N.-4.1-1.6-2W26	Q1376
005.SCG*LB3.CP11++6.N.-1.1-1.5-5W18	Q1377
005.SCG*LB3.CP12++0.N.20.1-2.4-1W12	Q1378
005.SCG*LB4.CP-8++6.N.-5.1-1.4-1W8	Q1379
005.SCG*LB3.CP12++1.N.-1.9-4.11-1W11	Q1380
005.SCG*LB3.CP11++6.N.-2.19-1.20-3W8	Q1381
005.SCG*LB4.CP-5++5.N.29.1-1.4-5W26	Q1382
005.SCG*LB4.CP-9++4.N.-1.9-1.12-1W12	Q1383
005.SCG*LB3.CP13++0.N.-1.1-1.4-3W9	Q1384
005.SCG*LB4.CP-7++9.N.-8.5-7.8-6W20	Q1385
005.SCG*LB3.CP11++6.N.-2.15-1.18-1W21	Q1386
005.SCG*LB3.CP11++5.N.-3.10-3.11-7W12	Q1387
005.SCG*LB4.CP-8++1.N.15.8-7.12-2W11	Q1388
005.SCG*LB3.CP12++8.N.-2.1-2.2-4W8	Q1389
005.SCG*LB3.CP11++5.N.-4.6-1.8-2W11	Q1390
005.SCG*LB3.CP11++6.N.-2.19-1.20-3W4	Q1391
005.SCG*LB4.CP-8++1.N.15.1-1.4-5W16	Q1392
005.SCG*LB3.CP11++6.N.-2.1-1.2-5W8	Q1393
005.SCG*LB3.CP12++0.N.19.1-1.7-5W17	Q1394
005.SCG*LB3.CP11++6.N.-2.12-1.14-1W3	Q1395
005.SCG*LB3.CP12++0.N.20.1-2.4-1W5	Q1396
005.SCG*LB4.CP-3++4.N.-2.25-3.28-6W26	Q1397
005.SCG*LB2.CP-4++4.N.-1.20-3.23-7W10	Q1398
005.SCG*LB3.CP11++6.N.-2.22-3.23-6W10	Q1399
005.SCG*LB3.CP11++9.N.-6.3-1.4-3W10	Q1400
005.SCG*LB4.CP-7++3.N.-6.1-1.5-3W22	Q1401
005.SCG*LB3.CP14++4.N.11.16-1.23-2W13	Q1402
005.SCG*LB3.CP10++4.N.-1.10-1.13-4W1	Q1403
005.SCG*LB4.CP-5++6.N.-2.23-1.26-6W27	Q1404
005.SCG*LB3.CP13++5.N.-9.5-2.9-3W26	Q1405
005.SCG*LB3.CP11++9.N.-3.1-1.5-2W1	Q1406
005.SCG*LB4.CP-5++3.N.19.1-2.4-2W14	Q1407
005.SCG*LB3.CP15++3.N.-4.10-6.13-5W20	Q1408
005.SCG*LB3.CP14++8.N.-3.1-2.6-2W9	Q1409
005.SCG*LB3.CP11++2.N.-1.16-3.18-6W12	Q1410
005.SCG*LB3.CP10++3.N.-6.8-6.12-4W20	Q1411
005.SCG*LB1.CP-8++1.N.-2.5-2.9-1W17	Q1412
005.SCG*LB4.CP-9++1.N.-5.1-2.4-2W17	Q1413
005.SCG*LB3.CP11++9.N.-6.4-4.9-2W4	Q1414
005.SCG*LB2.CP-2++1.N.-6.1-2.5-6W2	Q1415
005.SCG*LB3.CP15++4.N.-8.1-1.6-5W32	Q1416
005.SCG*LB3.CP15++4.N.10.1-1.5-7W10	Q1417
005.SCG*LB1.CP--++6.N.-7.38-1.39-2W8	Q1418
005.SCG*LB3.CP10++3.N.-8.1-1.6-4W14	Q1419
005.SCG*LB4.CP-3++8.N.-9.11-4.19-1W47	Q1420
005.SCG*LB3.CP11++2.N.-1.13-2.16-2W10	Q1421
005.SCG*LB1.CP--++6.N.-4.1-1.7-1W43	Q1422
005.SCG*LB3.CP10++6.N.-5.3-2.6-2W14	Q1423
005.SCG*LB3.CP14++5.N.-2.9-1.11-1W7	Q1424
005.SCG*LB4.CP-7++8.N.-2.28-2.29-5W9	Q1425
005.SCG*LB3.CP14++7.N.-1.1-1.8-2W41	Q1426
005.SCG*LB4.CP-5++4.N.-8.15-2.18-1W15	Q1427
005.SCG*LB3.CP-7++0.N.-3.5-2.11-2W14	Q1428
005.SCG*LB4.CP-5++4.N.-8.18-2.22-5W4	Q1429
005.SCG*LB1.CP--++6.N.-1.1-1.5-1W13	Q1430
005.SCG*LB3.CP-8++5.N.11.23-3.25-9W3	Q1431
005.SCG*LB4.CP-7++3.N.-1.16-4.22-6W10	Q1432
005.SCG*LB2.CP-2++1.N.-5.20-1.22-1W4	Q1433
005.SCG*LB1.CP--++6.N.-7.16-1.21-1W14	Q1434
005.SCG*LB4.CP-7++3.N.-6.1-1.5-3W10	Q1435
005.SCG*LB3.CP13++5.N.-3.9-1.10-5W1	Q1436
005.SCG*LB3.CP10++3.N.-6.8-6.12-4W7	Q1437
005.SCG*LB3.CP14++7.N.-3.13-5.17-4W19	Q1438
005.SCG*LB1.CP--++6.N.-7.16-1.21-1W4	Q1439
005.SCG*LB2.CP-9++6.N.10.8-4.11-4W5	Q1440
005.SCG*LB4.CP-6++2.N.-6.12-2.16-3W6	Q1441
005.SCG*LB4.CP-5++5.N.19.21-5.25-1W4	Q1442
005.SCG*LB2.CP-9++5.N.-2.7-1.11-2W15	Q1443
005.SCG*LB3.CP-9++5.N.17.11-3.12-4W4	Q1444
005.SCG*LB4.CP-5++2.N.-6.24-3.28-2W11	Q1445
005.SCG*LB4.CP-8++6.N.-4.1-1.6-6W8	Q1446
005.SCG*LB3.CP-2++0.N.-4.4-1.9-3W12	Q1447
005.SCG*LB3.CP15++8.N.-7.18-7.20-1W8	Q1448
005.SCG*LB4.CP-8++7.N.-1.8-4.9-5W8	Q1449
005.SCG*LB3.CP-9++5.N.-2.6-1.12-5W47	Q1450
005.SCG*LB4.CP-8++6.N.-3.1-1.3-4W17	Q1451
005.SCG*LB3.CP-7++2.N.-3.1-2.4-1W12	Q1452
005.SCG*LB3.CP-9++5.N.-9.1-1.3-4W11	Q1453
005.SCG*LB2.CP-4++7.N.-4.22-1.27-3W12	Q1454
005.SCG*LB4.CP--++2.N.-1.4-5.6-4W9	Q1455
005.SCG*LB4.CP-6++6.N.-8.1-1.4-3W9	Q1456
005.SCG*LB4.CP--++4.N.10.1-1.6-5W5	Q1457
005.SCG*LB1.CP-3++5.N.-2.12-3.14-3W8	Q1458
005.SCG*LB3.CP-4++3.N.-1.1-1.11-1W25	Q1459
005.SCG*LB2.CP-1++3.N.-2.4-5.6-3W13	Q1460
005.SCG*LB3.CP--++2.N.-2.3-6.7-6W3	Q1461
005.SCG*LB4.CP-8++2.N.-7.13-2.15-2W6	Q1462
005.SCG*LB3.CP10++6.N.-4.6-2.11-3W6	Q1463
005.SCG*LB3.CP15++3.N.-3.15-6.19-1W23	Q1464
005.SCG*LB4.CP-8++2.N.-7.10-1.13-1W9	Q1465
005.SCG*LB3.CP14++4.N.-2.7-8.9-3W9	Q1466
005.SCG*LB3.CP14++3.N.-1.13-1.20-3W48	Q1467
005.SCG*LB3.CP14++9.N.-1.7-1.10-3W9	Q1468
005.SCG*LB3.CP-4++2.N.-4.18-3.20-3W5	Q1469
005.SCG*LB4.CP--++4.N.-9.11-3.13-7W8	Q1470
005.SCG*LB4.CP--++4.N.-3.1-1.8-4W30	Q1471
005.SCG*LB3.CP-8++1.N.-1.12-4.19-3W18	Q1472
005.SCG*LB3.CP-2++6.N.15.5-1.9-4W29	Q1473
005.SCG*LB4.CP-5++8.N.-3.7-1.9-3W8	Q1474
005.SCG*LB3.CP14++9.N.-1.7-1.10-3W22	Q1475
005.SCG*LB4.CP-5++4.N.-3.1-1.2-4W9	Q1476
005.SCG*LB3.CP--++2.N.-2.3-6.7-6W5	Q1477
005.SCG*LB4.CP-7++2.N.-1.10-1.15-1W8	Q1478
005.SCG*LB3.CP10++5.N.12.1-1.8-5W47	Q1479
005.SCG*LB3.CP-7++3.N.-2.1-1.4-2W11	Q1480
005.SCG*LB3.CP-8++0.N.-9.7-1.8-6W11	Q1481
005.SCG*LB3.CP14++5.N.-2.4-2.5-4W9	Q1482
005.SCG*LB4.CP-9++5.N.-5.15-2.17-6W21	Q1483
005.SCG*LB3.CP15++3.N.-2.15-3.19-3W26	Q1484
005.SCG*LB3.CP-9++2.N.10.14-2.18-6W36	Q1485
005.SCG*LB3.CP-6++2.N.13.1-1.6-5W16	Q1486
005.SCG*LB4.CP--++1.N.10.6-4.8-2W9	Q1487
005.SCG*LB2.CP--++2.N.-2.14-1.17-3W25	Q1488
005.SCG*LB3.CP-1++4.N.-5.10-1.12-1W11	Q1489
005.SCG*LB3.CP--++8.N.11.3-2.8-4W20	Q1490
005.SCG*LB3.CP10++3.N.-4.4-4.8-5W11	Q1491
005.SCG*LB3.CP-2++0.N.-4.17-3.26-2W27	Q1492
005.SCG*LB2.CP-8++3.N.25.58-1.60-6W5	Q1493
005.SCG*LB3.CP-1++4.N.-5.13-1.15-4W10	Q1494
005.SCG*LB3.CP12++5.N.-5.6-1.11-3W12	Q1495
005.SCG*LB4.CP-1++4.N.-6.25-3.29-1W25	Q1496
005.SCG*LB2.CP-4++4.N.12.1-2.7-3W41	Q1497
005.SCG*LB3.CP-2++0.N.-4.17-3.26-2W33	Q1498
005.SCG*LB2.CP-9++6.N.10.12-1.15-5W12	Q1499
005.SCG*LB3.CP--++5.N.11.5-1.12-1W44	Q1500
005.SCG*LB2.CP-4++4.N.-1.29-6.36-4W19	Q1501
005.SCG*LB3.CP13++6.N.-7.2-4.5-3W3	Q1502
005.SCG*LB1.CP10++2.N.-6.9-3.14-1W19	Q1503
005.SCG*LB3.CP-3++9.N.-4.5-4.7-3W11	Q1504
005.SCG*LB2.CP-3++3.N.-2.9-4.11-6W4	Q1505
005.SCG*LB4.CP-3++0.N.-9.6-5.9-5W18	Q1506
005.SCG*LB3.CP-3++9.N.-3.9-3.11-7W10	Q1507
005.SCG*LB2.CP-5++2.N.-2.1-1.2-6W12	Q1508
005.SCG*LB2.CP-4++1.N.14.1-1.5-2W22	Q1509
005.SCG*LB3.CP13++5.N.22.3-1.7-1W27	Q1510
005.SCG*LB4.CP-7++2.N.14.18-3.21-1W11	Q1511
005.SCG*LB3.CP--++5.N.-2.6-6.7-5W7	Q1512
005.SCG*LB1.CP-8++1.N.-3.4-6.9-6W30	Q1513
005.SCG*LB3.CP-3++9.N.-3.3-2.5-3W13	Q1514
005.SCG*LB2.CP-8++3.N.35.4-2.7-1W19	Q1515
005.SCG*LB3.CP--++5.N.-9.3-5.5-1W6	Q1516
005.SCG*LB3.CP-1++0.N.-9.1-1.6-2W16	Q1517
005.SCG*LB3.CP-3++9.N.-4.11-3.15-2W18	Q1518
005.SCG*LB2.CP-4++4.N.13.1-2.7-1W36	Q1519
005.SCG*LB3.CP14++9.N.-7.3-4.8-5W23	Q1520
005.SCG*LB3.CP-9++2.N.10.14-2.18-6W15	Q1521
005.SCG*LB2.CP--++2.N.-2.18-3.20-3W6	Q1522
005.SCG*LB3.CP-9++2.N.10.3-1.5-6W8	Q1523
005.SCG*LB3.CP16++3.N.-1.1-1.5-4W15	Q1524
005.SCG*LB3.CP-9++2.N.-8.4-1.6-5W18	Q1525
005.SCG*LB3.CP-9++2.N.11.8-3.13-2W7	Q1526
005.SCG*LB3.CP10++6.N.-8.10-1.13-2W6	Q1527
005.SCG*LB3.CP-8++5.N.20.16-1.20-5W11	Q1528
005.SCG*LB3.CP13++5.N.12.11-2.13-4W16	Q1529
005.SCG*LB3.CP-9++2.N.--.1-1.3-4W9	Q1530
005.SCG*LB3.CP10++3.N.-4.1-1.4-3W13	Q1531
005.SCG*LB4.CP-7++4.N.-5.5-3.8-3W21	Q1532
005.SCG*LB3.CP11++7.N.-4.1-2.4-1W12	Q1533
005.SCG*LB4.CP--++6.N.-7.1-2.2-2W3	Q1534
005.SCG*LB3.CP14++7.N.-2.13-2.15-3W17	Q1535
005.SCG*LB3.CP-8++1.N.-1.12-4.19-3W25	Q1536
005.SCG*LB3.CP14++1.N.-9.9-4.15-1W10	Q1537
005.SCG*LB3.CP-9++2.N.10.10-1.14-1W6	Q1538
005.SCG*LB3.CP16++2.N.-8.6-1.8-6W1	Q1539
005.SCG*LB3.CP14++1.N.-2.12-2.14-3W10	Q1540
005.SCG*LB4.CP-7++5.N.-4.22-3.26-1W20	Q1541
005.SCG*LB1.CP--++4.N.-3.12-3.17-4W9	Q1542
005.SCG*LB3.CP-9++0.N.-3.1-2.3-2W5	Q1543
005.SCG*LB3.CP10++1.N.-1.4-1.5-2W1	Q1544
005.SCG*LB2.CP--++2.N.-2.1-1.3-4W12	Q1545
005.SCG*LB4.CP-3++3.N.-5.4-2.5-1W3	Q1546
005.SCG*LB3.CP10++1.N.-1.11-5.13-1W7	Q1547
005.SCG*LB3.CP--++8.N.10.43-3.46-1W16	Q1548
005.SCG*LB2.CP-9++6.N.10.1-1.2-5W9	Q1549
005.SCG*LB1.CP-6++1.N.-1.1-1.3-5W19	Q1550
005.SCG*LB1.CP-1++6.N.-2.1-1.4-6W7	Q1551
005.SCG*LB1.CP-4++2.N.-3.5-4.9-5W12	Q1552
005.SCG*LB1.CP-1++6.N.-5.6-5.8-6W12	Q1553
005.SCG*LB1.CP-1++6.N.-3.10-6.11-7W8	Q1554
005.SCG*LB1.CP-3++9.N.-2.1-1.5-1W17	Q1555
005.SCG*LB3.CP10++0.N.-2.1-1.5-6W15	Q1556
005.SCG*LB2.CP-4++2.N.-1.6-6.11-3W21	Q1557
005.SCG*LB1.CP--++4.N.-5.1-1.5-5W10	Q1558
005.SCG*LB1.CP-3++9.N.-4.8-5.10-5W9	Q1559
005.SCG*LB4.CP-9++3.N.-4.4-3.7-5W5	Q1560
005.SCG*LB1.CP-4++2.N.10.5-2.7-4W14	Q1561
005.SCG*LB3.CP--++1.N.-5.9-4.12-1W17	Q1562
005.SCG*LB1.CP-7++3.N.-3.5-3.10-2W18	Q1563
005.SCG*LB3.CP-8++5.N.10.2-3.6-1W24	Q1564
005.SCG*LB3.CP-9++5.N.-8.1-1.3-5W11	Q1565
005.SCG*LB4.CP-7++0.N.-6.3-2.6-4W7	Q1566
005.SCG*LB4.CP-7++0.N.-6.1-2.3-1W4	Q1567
005.SCG*LB3.CP-4++8.N.-8.13-2.14-3W8	Q1568
005.SCG*LB4.CP--++2.N.-4.21-1.27-2W10	Q1569
005.SCG*LB4.CP-1++5.N.-1.1-1.4-1W13	Q1570
005.SCG*LB3.CP13++2.N.19.12-4.16-3W16	Q1571
005.SCG*LB2.CP--++2.N.-6.4-5.5-5W9	Q1572
005.SCG*LB3.CP-7++9.N.-5.1-1.8-3W14	Q1573
005.SCG*LB4.CP--++1.N.12.16-4.18-2W15	Q1574
005.SCG*LB4.CP-1++6.N.-2.2-3.4-3W10	Q1575
005.SCG*LB3.CP-8++0.N.16.16-2.19-4W6	Q1576
005.SCG*LB4.CP-8++1.N.12.43-3.44-4W9	Q1577
005.SCG*LB4.CP-5++7.N.-2.8-3.10-2W12	Q1578
005.SCG*LB4.CP-2++1.N.-7.1-1.5-4W24	Q1579
005.SCG*LB4.CP-7++0.N.10.1-1.7-4W18	Q1580
005.SCG*LB4.CP-1++7.N.21.1-2.2-7W1	Q1581
005.SCG*LB4.CP-2++1.N.-7.1-1.5-4W15	Q1582
005.SCG*LB1.CP-2++0.N.36.3-3.4-7W15	Q1583
005.SCG*LB3.CP11++2.N.11.2-2.5-5W14	Q1584
005.SCG*LB3.CP15++4.N.-9.15-3.18-3W13	Q1585
005.SCG*LB4.CP--++7.N.21.20-2.20-6W1	Q1586
005.SCG*LB4.CP--++2.N.-5.34-2.34-7W2	Q1587
005.SCG*LB4.CP-2++9.N.-5.8-2.10-8W6	Q1588
005.SCG*LB3.CP12++0.N.22.5-5.6-5W4	Q1589
005.SCG*LB4.CP-1++7.N.19.4-3.7-2W15	Q1590
005.SCG*LB4.CP--++7.N.21.16-5.17-7W2	Q1591
005.SCG*LB1.CP-2++0.N.36.3-3.4-7W9	Q1592
005.SCG*LB2.CP-8++0.N.11.5-1.7-1W3	Q1593
005.SCG*LB3.CP-6++2.N.-4.13-6.14-7W5	Q1594
005.SCG*LB4.CP-1++1.N.18.56-3.57-1W5	Q1595
005.SCG*LB1.CP-6++5.N.-3.12-7.16-3W3	Q1596
005.SCG*LB4.CP-4++4.N.-3.16-1.16-7W7	Q1597
005.SCG*LB3.CP-3++8.N.-1.3-3.5-4W14	Q1598
005.SCG*LB2.CP-8++0.N.15.7-3.11-2W5	Q1599
005.SCG*LB2.CP-7++3.N.38.10-2.13-6W20	Q1600
005.SCG*LB3.CP14++7.N.-7.1-2.2-4W2	Q1601
005.SCG*LB3.CP-6++8.N.-4.4-2.8-1W8	Q1602
005.SCG*LB4.CP-6++6.N.11.9-2.12-5W27	Q1603
005.SCG*LB2.CP-3++2.N.-6.24-1.28-1W20	Q1604
005.SCG*LB4.CP--++1.N.-6.29-3.32-5W22	Q1605
005.SCG*LB4.CP-1++1.N.18.57-2.62-6W20	Q1606
005.SCG*LB2.CP-3++2.N.-6.4-5.12-2W49	Q1607
005.SCG*LB2.CP-6++0.N.21.1-1.4-3W8	Q1608
005.SCG*LB3.CP-2++5.N.10.9-1.13-2W27	Q1609
005.SCG*LB2.CP-7++6.N.16.6-4.9-3W9	Q1610
005.SCG*LB2.CP-8++3.N.30.8-4.10-1W6	Q1611
005.SCG*LB3.CP15++3.N.-3.13-4.15-5W9	Q1612
005.SCG*LB2.CP-7++5.N.15.41-1.47-3W9	Q1613
005.SCG*LB1.CP-5++5.N.-4.1-2.2-5W8	Q1614
005.SCG*LB4.CP--++1.N.14.14-1.15-2W7	Q1615
005.SCG*LB2.CP-3++2.N.-6.1-2.4-4W20	Q1616
005.SCG*LB3.CP-2++8.N.-6.5-3.6-4W7	Q1617
005.SCG*LB2.CP-8++3.N.25.39-1.41-2W8	Q1618
005.SCG*LB3.CP-3++8.N.-4.4-3.5-2W7	Q1619
005.SCG*LB2.CP-6++0.N.10.8-1.10-2W15	Q1620
005.SCG*LB2.CP-3++2.N.-6.24-1.28-1W27	Q1621
005.SCG*LB2.CP-6++0.N.21.1-1.4-3W17	Q1622
005.SCG*LB2.CP-5++2.N.-4.2-6.6-5W19	Q1623
005.SCG*LB2.CP-5++7.N.10.7-6.11-5W24	Q1624
005.SCG*LB3.CP-4++8.N.-9.16-5.23-5W38	Q1625
005.SCG*LB3.CP-2++5.N.12.9-1.13-3W20	Q1626
005.SCG*LB2.CP-2++0.N.-6.3-4.6-1W6	Q1627
005.SCG*LB4.CP-6++6.N.11.1-1.9-1W49	Q1628
005.SCG*LB3.CP15++4.N.25.18-3.21-5W17	Q1629
005.SCG*LB3.CP15++4.N.-4.13-4.16-5W9	Q1630
005.SCG*LB2.CP-7++6.N.16.3-3.6-3W10	Q1631
005.SCG*LB3.CP-4++8.N.-9.12-4.15-4W12	Q1632
005.SCG*LB1.CP-6++6.N.-8.1-1.3-4W15	Q1633
005.SCG*LB2.CP-3++2.N.-6.31-3.36-2W8	Q1634
005.SCG*LB1.CP-6++6.N.-7.8-4.15-1W12	Q1635
005.SCG*LB3.CP-4++6.N.-2.7-6.9-6W6	Q1636
005.SCG*LB3.CP12++3.N.-3.10-4.14-4W16	Q1637
005.SCG*LB1.CP-7++1.N.-4.11-2.11-6W1	Q1638
005.SCG*LB4.CP-1++9.N.-3.21-5.26-1W16	Q1639
005.SCG*LB4.CP-7++3.N.-9.8-4.11-6W6	Q1640
005.SCG*LB2.CP-6++0.N.-1.28-5.31-2W7	Q1641
005.SCG*LB3.CP-2++6.N.14.12-2.13-5W3	Q1642
005.SCG*LB3.CP-6++8.N.-4.8-2.11-6W25	Q1643
005.SCG*LB3.CP15++5.N.-4.12-3.13-7W3	Q1644
005.SCG*LB4.CP-1++1.N.18.63-1.64-2W9	Q1645
005.SCG*LB2.CP-3++2.N.-8.3-5.7-3W24	Q1646
005.SCG*LB4.CP-1++4.N.12.17-3.19-2W7	Q1647
005.SCG*LB4.CP-4++0.N.14.1-2.3-1W9	Q1648
005.SCG*LB2.CP-1++9.N.-6.12-5.17-2W21	Q1649
005.SCG*LB2.CP-5++8.N.-6.10-3.12-1W7	Q1650
005.SCG*LB3.CP-2++5.N.10.13-3.15-1W5	Q1651
005.SCG*LB1.CP-2++2.N.-2.17-5.20-9W9	Q1652
005.SCG*LB3.CP15++6.N.-4.1-2.5-2W12	Q1653
005.SCG*LB4.CP-4++0.N.14.3-2.5-5W15	Q1654
005.SCG*LB3.CP-3++1.N.-1.1-1.6-1W34	Q1655
005.SCG*LB3.CP-5++2.N.-5.8-8.10-4W6	Q1656
005.SCG*LB3.CP10++4.N.-5.8-2.15-4W14	Q1657
005.SCG*LB4.CP-4++1.N.-5.6-3.9-3W22	Q1658
005.SCG*LB1.CP10++0.N.-7.3-2.6-2W6	Q1659
005.SCG*LB2.CP-5++8.N.-6.5-1.7-4W4	Q1660
005.SCG*LB4.CP-4++0.N.14.5-6.6-2W2	Q1661
005.SCG*LB4.CP-4++1.N.-6.19-5.22-4W7	Q1662
005.SCG*LB2.CP-5++8.N.-6.10-3.12-1W11	Q1663
005.SCG*LB2.CP-7++3.N.13.6-2.9-1W15	Q1664
005.SCG*LB4.CP-4++0.N.14.1-2.3-1W3	Q1665
005.SCG*LB2.CP-5++8.N.-6.5-1.7-4W10	Q1666
005.SCG*LB4.CP-8++1.N.13.10-1.14-4W27	Q1667
005.SCG*LB4.CP-8++1.N.-7.15-5.18-5W12	Q1668
005.SCG*LB2.CP-3++2.N.-6.30-2.31-2W7	Q1669
005.SCG*LB2.CP-8++0.N.-5.1-2.3-2W12	Q1670
005.SCG*LB2.CP-8++0.N.-5.1-2.3-2W2	Q1671
005.SCG*LB2.CP-3++2.N.-8.15-2.18-5W10	Q1672
005.SCG*LB1.CP-2++6.N.-3.16-1.17-7W5	Q1673
005.SCG*LB4.CP-4++1.N.-6.3-2.9-2W7	Q1674
005.SCG*LB4.CP-4++1.N.-6.9-3.13-5W11	Q1675
005.SCG*LB4.CP-4++9.N.14.1-1.4-4W9	Q1676
005.SCG*LB2.CP-1++2.N.-5.1-2.3-5W5	Q1677
005.SCG*LB2.CP-8++9.N.-7.3-3.5-3W7	Q1678
005.SCG*LB2.CP-5++8.N.-6.12-2.16-3W23	Q1679
005.SCG*LB3.CP-5++4.N.-2.1-1.4-1W4	Q1680
005.SCG*LB3.CP-5++2.N.-7.8-1.9-2W4	Q1681
005.SCG*LB1.CP-7++3.N.-5.1-2.8-2W21	Q1682
005.SCG*LB4.CP-3++5.N.13.4-6.8-5W9	Q1683
005.SCG*LB2.CP-1++2.N.-5.6-6.10-4W17	Q1684
005.SCG*LB3.CP15++5.N.-8.10-3.11-7W4	Q1685
005.SCG*LB3.CP-9++5.N.18.5-4.6-3W8	Q1686
005.SCG*LB4.CP-3++7.N.-2.4-3.5-3W4	Q1687
005.SCG*LB3.CP-1++3.N.-4.1-2.3-2W8	Q1688
005.SCG*LB3.CP-4++4.N.-4.1-2.8-2W22	Q1689
005.SCG*LB3.CP-4++8.N.-4.8-4.12-4W20	Q1690
005.SCG*LB4.CP-4++9.N.14.7-5.9-7W15	Q1691
005.SCG*LB3.CP15++5.N.-8.8-1.10-2W13	Q1692
005.SCG*LB3.CP-5++2.N.-6.1-2.4-7W10	Q1693
005.SCG*LB2.CP-8++4.N.-4.14-7.18-2W16	Q1694
005.SCG*LB1.CP-4++2.N.-9.5-1.7-5W13	Q1695
005.SCG*LB3.CP10++6.N.-9.5-4.8-4W15	Q1696
005.SCG*LB3.CP13++1.N.-6.5-1.7-1W11	Q1697
005.SCG*LB3.CP-3++0.N.-7.1-2.7-1W14	Q1698
005.SCG*LB3.CP12++6.N.-1.7-4.10-1W10	Q1699
005.SCG*LB3.CP-9++5.N.19.1-1.4-2W1	Q1700
005.SCG*LB3.CP11++9.N.-8.6-2.7-6W11	Q1701
005.SCG*LB4.CP-5++1.N.-1.1-1.2-3W7	Q1702
005.SCG*LB3.CP10++4.N.-2.1-1.2-2W5	Q1703
005.SCG*LB2.CP-8++3.N.21.2-3.3-7W5	Q1704
005.SCG*LB3.CP13++6.N.-6.7-4.11-1W13	Q1705
005.SCG*LB2.CP-4++1.N.14.6-1.12-4W22	Q1706
005.SCG*LB1.CP--++7.N.-6.9-2.11-3W17	Q1707
005.SCG*LB2.CP-8++8.N.-1.1-1.2-3W8	Q1708
005.SCG*LB3.CP15++9.N.-2.1-1.6-1W20	Q1709
005.SCG*LB4.CP-7++1.N.-8.4-3.6-8W7	Q1710
005.SCG*LB3.CP-9++7.N.12.25-4.29-5W5	Q1711
005.SCG*LB3.CP-9++7.N.12.25-4.29-5W29	Q1712
005.SCG*LB2.CP--++3.N.-7.3-5.6-1W16	Q1713
005.SCG*LB4.CP-8++3.N.23.10-1.18-6W56	Q1714
005.SCG*LB2.CP--++1.N.-3.5-4.8-3W23	Q1715
005.SCG*LB4.CP-2++2.N.-3.17-7.20-1W5	Q1716
005.SCG*LB3.CP-8++9.N.-2.6-2.8-5W11	Q1717
005.SCG*LB4.CP-7++4.N.-3.6-1.7-5W11	Q1718
005.SCG*LB3.CP13++6.N.10.5-3.6-5W6	Q1719
005.SCG*LB3.CP15++4.N.12.7-3.12-4W5	Q1720
005.SCG*LB3.CP13++2.N.23.9-1.12-2W25	Q1721
005.SCG*LB1.CP-5++9.N.-3.1-2.6-1W21	Q1722
005.SCG*LB1.CP--++3.N.-4.23-8.24-6W7	Q1723
005.SCG*LB1.CP-5++9.N.-2.6-4.12-7W35	Q1724
005.SCG*LB1.CP-5++9.N.-2.6-4.12-7W11	Q1725
005.SCG*LB3.CP14++1.N.-5.1-1.6-4W11	Q1726
005.SCG*LB1.CP-4++3.N.16.5-1.14-4W6	Q1727
005.SCG*LB3.CP12++0.N.-2.1-1.4-3W8	Q1728
005.SCG*LB2.CP-9++8.N.13.8-1.15-5W4	Q1729
005.SCG*LB3.CP13++9.N.15.15-6.18-2W15	Q1730
005.SCG*LB3.CP-4++0.N.-4.4-5.8-3W11	Q1731
005.SCG*LB3.CP14++6.N.-8.31-1.34-4W20	Q1732
005.SCG*LB1.CP-8++9.N.13.4-2.5-3W8	Q1733
005.SCG*LB1.CP-2++6.N.12.3-1.6-6W9	Q1734
005.SCG*LB4.CP-9++5.N.-9.1-1.4-5W4	Q1735
005.SCG*LB3.CP-6++2.N.-7.1-2.5-3W20	Q1736
005.SCG*LB4.CP-5++4.N.-3.20-4.28-2W36	Q1737
005.SCG*LB3.CP13++2.N.23.6-3.8-6W5	Q1738
005.SCG*LB4.CP-5++2.N.-6.67-6.70-5W3	Q1739
005.SCG*LB3.CP14++1.N.-4.9-1.13-1W14	Q1740
005.SCG*LB1.CP-8++9.N.13.2-6.4-1W8	Q1741
005.SCG*LB2.CP--++3.N.-2.1-1.8-5W35	Q1742
005.SCG*LB3.CP15++4.N.17.1-1.7-4W9	Q1743
005.SCG*LB3.CP12++0.N.-9.6-2.8-4W11	Q1744
005.SCG*LB4.CP-9++2.N.-4.10-1.12-3W11	Q1745
005.SCG*LB3.CP12++0.N.-1.5-1.10-3W18	Q1746
005.SCG*LB3.CP10++8.N.-2.1-1.9-2W29	Q1747
005.SCG*LB1.CP-6++7.N.-2.7-1.8-1W9	Q1748
005.SCG*LB3.CP-4++8.N.-3.14-1.18-3W28	Q1749
005.SCG*LB3.CP14++1.N.-4.15-3.17-3W6	Q1750
005.SCG*LB2.CP-9++8.N.13.1-1.5-4W23	Q1751
005.SCG*LB4.CP-9++0.N.-2.1-1.7-3W4	Q1752
005.SCG*LB3.CP12++0.N.-1.1-1.4-6W13	Q1753
005.SCG*LB3.CP-8++6.N.14.11-2.15-4W4	Q1754
005.SCG*LB4.CP-5++5.N.22.7-1.11-4W22	Q1755
005.SCG*LB1.CP-6++7.N.-2.4-3.6-6W15	Q1756
005.SCG*LB3.CP14++1.N.-7.1-1.4-1W9	Q1757
005.SCG*LB3.CP13++9.N.15.15-6.18-2W7	Q1758
005.SCG*LB3.CP-9++2.N.-5.21-7.24-3W5	Q1759
005.SCG*LB3.CP-6++2.N.-7.10-5.14-5W13	Q1760
005.SCG*LB3.CP-6++2.N.-7.1-2.5-3W26	Q1761
005.SCG*LB2.CP-8++5.N.12.4-2.7-3W6	Q1762
005.SCG*LB4.CP-4++1.N.-4.7-1.9-2W5	Q1763
005.SCG*LB1.CP-2++0.N.42.1-1.8-4W35	Q1764
005.SCG*LB3.CP12++0.N.-9.6-2.8-4W14	Q1765
005.SCG*LB3.CP-8++8.N.-1.1-1.6-5W4	Q1766
005.SCG*LB1.CP--++9.N.-4.5-1.8-3W13	Q1767
005.SCG*LB4.CP-2++9.N.-9.4-1.6-6W12	Q1768
005.SCG*LB2.CP-2++2.N.-8.8-6.9-4W6	Q1769
005.SCG*LB2.CP-9++2.N.-3.20-3.21-5W9	Q1770
005.SCG*LB4.CP--++6.N.-1.11-4.13-7W11	Q1771
005.SCG*LB2.CP--++3.N.-4.12-6.13-5W7	Q1772
005.SCG*LB2.CP--++3.N.-2.1-1.8-5W44	Q1773
005.SCG*LB4.CP--++4.N.-3.1-1.8-4W32	Q1774
005.SCG*LB4.CP--++7.N.15.9-3.13-1W3	Q1775
005.SCG*LB4.CP-8++8.N.-1.1-1.3-4W4	Q1776
005.SCG*LB3.CP-3++8.N.-3.9-1.13-1W13	Q1777
005.SCG*LB1.CP--++5.N.-4.3-3.7-9W20	Q1778
005.SCG*LB4.CP-5++5.N.12.6-1.10-3W28	Q1779
005.SCG*LB4.CP-5++2.N.-2.16-1.21-7W11	Q1780
005.SCG*LB3.CP11++8.N.-4.3-3.5-3W7	Q1781
005.SCG*LB3.CP15++3.N.-5.1-2.3-1W7	Q1782
005.SCG*LB4.CP-1++8.N.-3.9-3.12-4W6	Q1783
005.SCG*LB3.CP12++0.N.-5.11-3.14-6W9	Q1784
005.SCG*LB4.CP-1++8.N.-2.7-1.8-5W4	Q1785
005.SCG*LB1.CP-2++6.N.11.3-1.10-4W13	Q1786
005.SCG*LB3.CP-2++5.N.13.11-5.13-1W10	Q1787
005.SCG*LB3.CP-4++6.N.-1.1-1.4-1W7	Q1788
005.SCG*LB3.CP-8++1.N.-2.5-2.9-7W11	Q1789
005.SCG*LB3.CP-4++8.N.-8.1-2.3-5W16	Q1790
005.SCG*LB3.CP-4++0.N.-4.14-4.16-4W14	Q1791
005.SCG*LB2.CP-2++3.N.11.7-1.8-2W6	Q1792
005.SCG*LB3.CP-4++7.N.-4.1-1.4-1W3	Q1793
005.SCG*LB3.CP13++2.N.-2.6-4.10-1W12	Q1794
005.SCG*LB4.CP-5++4.N.-8.3-1.11-7W7	Q1795
005.SCG*LB3.CP15++3.N.-4.1-2.6-1W16	Q1796
005.SCG*LB4.CP-4++5.N.-4.4-5.9-4W20	Q1797
005.SCG*LB4.CP-3++5.N.-2.1-1.3-3W9	Q1798
005.SCG*LB4.CP-5++5.N.11.5-1.8-1W11	Q1799
005.SCG*LB1.CP--++6.N.-7.11-1.13-5W5	Q1800
005.SCG*LB3.CP15++8.N.-6.15-3.17-1W11	Q1801
005.SCG*LB3.CP13++2.N.-7.1-1.4-4W5	Q1802
005.SCG*LB4.CP-8++7.N.-3.1-1.4-4W7	Q1803
005.SCG*LB4.CP-1++4.N.-1.1-1.6-1W22	Q1804
005.SCG*LB3.CP-7++0.N.-5.1-1.3-1W5	Q1805
005.SCG*LB4.CP-1++7.N.11.16-3.19-1W5	Q1806
005.SCG*LB4.CP-5++5.N.11.8-2.10-2W8	Q1807
005.SCG*LB3.CP14++3.N.-1.8-1.12-3W17	Q1808
005.SCG*LB4.CP-5++5.N.-9.6-4.9-5W15	Q1809
005.SCG*LB1.CP-5++5.N.10.1-1.2-3W7	Q1810
005.SCG*LB4.CP-8++3.N.16.26-1.29-1W22	Q1811
005.SCG*LB4.CP-1++9.N.-3.18-1.19-4W1	Q1812
005.SCG*LB4.CP-1++9.N.-3.15-1.17-5W18	Q1813
005.SCG*LB3.CP12++1.N.-1.1-1.9-3W60	Q1814
005.SCG*LB3.CP13++0.N.-4.2-4.4-5W10	Q1815
005.SCG*LB3.CP13++5.N.17.1-1.5-4W21	Q1816
005.SCG*LB3.CP15++3.N.-5.3-2.5-6W13	Q1817
005.SCG*LB3.CP10++3.N.-2.25-1.30-2W13	Q1818
005.SCG*LB4.CP-3++5.N.-3.14-3.16-4W15	Q1819
005.SCG*LB4.CP-6++5.N.-2.1-1.4-2W7	Q1820
005.SCG*LB3.CP-9++9.N.-7.6-1.11-6W10	Q1821
005.SCG*LB3.CP15++3.N.-2.7-1.9-7W12	Q1822
005.SCG*LB3.CP15++3.N.-2.7-1.9-7W18	Q1823
005.SCG*LB1.CP-3++0.N.-3.31-1.33-1W11	Q1824
005.SCG*LB1.CP-3++0.N.-3.33-2.34-1W1	Q1825
005.SCG*LB2.CP-3++3.N.-7.1-2.2-1W3	Q1826
005.SCG*LB3.CP13++1.N.-1.5-1.8-2W21	Q1827
005.SCG*LB2.CP-2++1.N.11.1-1.3-5W13	Q1828
005.SCG*LB2.CP-8++3.N.29.14-2.16-7W13	Q1829
005.SCG*LB4.CP-9++0.N.-5.5-2.8-1W15	Q1830
005.SCG*LB4.CP-1++6.N.-8.7-6.9-1W7	Q1831
005.SCG*LB3.CP15++8.N.-1.30-1.32-4W12	Q1832
005.SCG*LB3.CP13++5.N.10.6-1.14-4W58	Q1833
005.SCG*LB3.CP15++8.N.-2.6-1.8-3W5	Q1834
005.SCG*LB4.CP-8++9.N.-4.22-5.26-1W15	Q1835
005.SCG*LB4.CP-8++9.N.-4.26-2.31-2W1	Q1836
005.SCG*LB4.CP-9++0.N.-6.11-3.12-6W8	Q1837
005.SCG*LB3.CP14++5.N.-6.1-1.4-3W18	Q1838
005.SCG*LB1.CP-9++3.N.-7.22-3.23-1W4	Q1839
005.SCG*LB4.CP-8++1.N.12.19-2.21-2W14	Q1840
005.SCG*LB3.CP16++2.N.-7.3-5.6-6W25	Q1841
005.SCG*LB2.CP-2++3.N.-9.1-2.5-1W16	Q1842
005.SCG*LB4.CP-5++5.N.-5.17-7.19-4W5	Q1843
005.SCG*LB1.CP-6++8.N.-8.1-1.5-3W31	Q1844
005.SCG*LB2.CP-7++6.N.20.19-4.20-8W5	Q1845
005.SCG*LB3.CP14++5.N.-4.1-2.3-1W3	Q1846
005.SCG*LB3.CP-7++1.N.-4.11-4.15-6W7	Q1847
005.SCG*LB2.CP-3++8.N.13.10-1.12-3W6	Q1848
005.SCG*LB2.CP-6++0.N.10.8-1.10-2W6	Q1849
005.SCG*LB3.CP-7++7.N.-3.5-1.7-5W9	Q1850
005.SCG*LB2.CP-7++6.N.-5.7-4.11-1W4	Q1851
005.SCG*LB3.CP-9++2.N.11.1-1.4-4W14	Q1852
005.SCG*LB4.CP-7++0.N.10.13-1.14-5W9	Q1853
005.SCG*LB2.CP-4++6.N.-4.9-2.11-7W14	Q1854
005.SCG*LB2.CP-2++3.N.-7.7-6.9-4W7	Q1855
005.SCG*LB3.CP-4++3.N.-3.54-1.57-3W6	Q1856
005.SCG*LB2.CP-2++3.N.--.1-1.2-2W4	Q1857
005.SCG*LB3.CP14++8.N.-4.11-1.12-1W3	Q1858
005.SCG*LB2.CP-1++6.N.-4.8-1.10-6W8	Q1859
005.SCG*LB2.CP-2++0.N.-4.9-1.13-5W18	Q1860
005.SCG*LB3.CP14++0.N.-7.3-2.9-3W41	Q1861
005.SCG*LB2.CP-3++0.N.14.23-1.29-1W15	Q1862
005.SCG*LB2.CP-1++6.N.-5.1-2.3-5W2	Q1863
005.SCG*LB2.CP-5++7.N.15.1-2.5-6W20	Q1864
005.SCG*LB2.CP-3++0.N.14.30-1.34-5W23	Q1865
005.SCG*LB2.CP-7++9.N.-9.4-5.7-2W15	Q1866
005.SCG*LB3.CP-7++0.N.-5.7-1.15-2W21	Q1867
005.SCG*LB1.CP-4++6.N.-5.14-6.19-1W34	Q1868
005.SCG*LB2.CP-7++7.N.-1.1-1.8-5W40	Q1869
005.SCG*LB3.CP12++5.N.-3.1-2.6-1W8	Q1870
005.SCG*LB4.CP--++4.N.11.22-5.24-1W9	Q1871
005.SCG*LB2.CP-2++1.N.-5.12-3.15-1W9	Q1872
005.SCG*LB2.CP-7++8.N.12.7-2.14-2W53	Q1873
005.SCG*LB2.CP-9++2.N.-6.1-2.4-8W25	Q1874
005.SCG*LB2.CP-4++1.N.10.13-1.15-6W21	Q1875
005.SCG*LB2.CP-3++9.N.-6.1-2.3-5W5	Q1876
005.SCG*LB2.CP-4++0.N.-6.4-2.6-2W9	Q1877
005.SCG*LB3.CP--++2.N.-6.1-2.2-4W4	Q1878
005.SCG*LB3.CP13++8.N.-3.6-2.9-3W5	Q1879
005.SCG*LB1.CP-1++6.N.-7.4-6.5-2W3	Q1880
005.SCG*LB2.CP-7++8.N.12.5-4.7-1W12	Q1881
005.SCG*LB3.CP14++4.N.-4.1-2.3-3W13	Q1882
005.SCG*LB3.CP16++2.N.-5.8-6.10-8W17	Q1883
005.SCG*LB2.CP-6++0.N.14.1-2.3-1W12	Q1884
005.SCG*LB3.CP11++0.N.-5.15-5.18-2W14	Q1885
005.SCG*LB3.CP10++7.N.-3.17-1.18-1W4	Q1886
005.SCG*LB1.CP-9++3.N.10.19-1.19-4W4	Q1887
005.SCG*LB4.CP-7++7.N.-4.9-4.12-5W23	Q1888
005.SCG*LB3.CP10++2.N.-4.1-2.3-1W11	Q1889
005.SCG*LB4.CP-7++9.N.12.4-1.5-7W14	Q1890
005.SCG*LB3.CP-4++5.N.-9.19-2.25-1W29	Q1891
005.SCG*LB3.CP-4++5.N.-2.4-4.6-6W13	Q1892
005.SCG*LB2.CP-4++7.N.-3.18-2.21-4W23	Q1893
005.SCG*LB2.CP-4++1.N.10.8-2.10-2W8	Q1894
005.SCG*LB3.CP15++5.N.-6.1-2.4-3W20	Q1895
005.SCG*LB3.CP13++0.N.-1.4-4.8-6W30	Q1896
005.SCG*LB3.CP10++9.N.-5.1-1.7-4W16	Q1897
005.SCG*LB4.CP--++8.N.-6.29-3.30-8W13	Q1898
005.SCG*LB2.CP-7++3.N.17.1-2.5-1W6	Q1899
005.SCG*LB4.CP-6++2.N.-5.17-6.21-2W22	Q1900
005.SCG*LB2.CP-6++0.N.-8.10-2.13-7W24	Q1901
005.SCG*LB2.CP-7++8.N.-2.10-6.14-8W28	Q1902
005.SCG*LB2.CP-7++8.N.-9.33-1.37-7W13	Q1903
005.SCG*LB4.CP-1++3.N.-9.6-2.10-3W33	Q1904
005.SCG*LB2.CP-7++7.N.-5.29-1.32-3W11	Q1905
005.SCG*LB2.CP-3++5.N.-3.4-2.6-1W7	Q1906
005.SCG*LB3.CP-7++1.N.11.9-1.13-5W13	Q1907
005.SCG*LB2.CP-3++5.N.-7.6-2.10-4W13	Q1908
005.SCG*LB4.CP-2++2.N.-4.7-6.10-5W15	Q1909
005.SCG*LB1.CP-2++3.N.-3.7-4.8-6W8	Q1910
005.SCG*LB2.CP--++5.N.-1.1-1.6-5W9	Q1911
005.SCG*LB4.CP-1++3.N.-9.6-2.10-3W9	Q1912
005.SCG*LB2.CP-2++2.N.-4.2-3.4-3W12	Q1913
005.SCG*LB2.CP-8++5.N.11.1-1.5-2W15	Q1914
005.SCG*LB3.CP-1++5.N.-5.3-1.3-6W4	Q1915
005.SCG*LB3.CP-9++9.N.-1.1-1.3-1W11	Q1916
005.SCG*LB1.CP-6++6.N.-8.18-4.21-2W7	Q1917
005.SCG*LB4.CP--++8.N.-6.22-5.28-3W9	Q1918
005.SCG*LB2.CP-3++9.N.-6.1-2.3-5W14	Q1919
005.SCG*LB4.CP-2++2.N.-5.6-3.7-6W3	Q1920
005.SCG*LB2.CP-8++9.N.-2.15-4.17-5W14	Q1921
005.SCG*LB3.CP--++2.N.-6.17-1.17-6W4	Q1922
005.SCG*LB3.CP16++0.N.-3.1-1.4-1W18	Q1923
005.SCG*LB3.CP-4++2.N.-4.1-1.11-4W62	Q1924
005.SCG*LB2.CP-1++1.N.-3.2-2.3-3W11	Q1925
005.SCG*LB1.CP-1++6.N.-6.1-2.3-5W6	Q1926
005.SCG*LB2.CP-3++0.N.16.1-1.5-3W11	Q1927
005.SCG*LB3.CP14++5.N.-4.3-2.5-1W5	Q1928
005.SCG*LB4.CP-1++1.N.-3.7-6.8-7W8	Q1929
005.SCG*LB2.CP-2++6.N.-5.1-2.4-7W12	Q1930
005.SCG*LB3.CP11++1.N.-1.12-7.15-2W10	Q1931
005.SCG*LB3.CP-9++4.N.-9.39-1.42-5W12	Q1932
005.SCG*LB3.CP-9++4.N.-9.34-1.38-4W8	Q1933
005.SCG*LB3.CP15++5.N.-5.6-7.8-3W10	Q1934
005.SCG*LB3.CP-4++3.N.-3.23-1.24-5W5	Q1935
005.SCG*LB2.CP-4++6.N.-5.1-2.3-6W5	Q1936
005.SCG*LB1.CP-8++5.N.-2.9-8.14-4W9	Q1937
005.SCG*LB3.CP-4++2.N.-2.11-1.14-3W15	Q1938
005.SCG*LB2.CP-2++1.N.-9.1-2.4-1W4	Q1939
005.SCG*LB3.CP-4++5.N.-6.10-2.14-6W19	Q1940
005.SCG*LB4.CP--++8.N.-6.22-5.28-3W34	Q1941
005.SCG*LB2.CP-7++7.N.-5.24-5.25-1W5	Q1942
005.SCG*LB2.CP-6++2.N.10.1-1.4-6W18	Q1943
005.SCG*LB2.CP-5++0.N.-4.4-1.4-7W4	Q1944
005.SCG*LB3.CP--++2.N.-2.1-1.3-5W8	Q1945
005.SCG*LB2.CP-3++2.N.-8.1-2.3-4W18	Q1946
005.SCG*LB3.CP-2++2.N.-5.16-6.19-6W3	Q1947
005.SCG*LB3.CP-4++3.N.-6.8-3.14-5W32	Q1948
005.SCG*LB3.CP-4++2.N.-8.5-3.7-4W9	Q1949
005.SCG*LB3.CP-9++7.N.-8.4-1.9-5W26	Q1950
005.SCG*LB3.CP-8++9.N.-5.7-2.8-8W7	Q1951
005.SCG*LB2.CP-4++2.N.-6.10-5.13-2W11	Q1952
005.SCG*LB3.CP11++1.N.-1.12-7.15-2W8	Q1953
005.SCG*LB2.CP-7++8.N.-3.3-5.5-7W8	Q1954
005.SCG*LB2.CP-4++5.N.-4.10-3.14-2W9	Q1955
005.SCG*LB2.CP--++7.N.-5.4-7.6-2W4	Q1956
005.SCG*LB3.CP--++2.N.-6.4-5.7-1W16	Q1957
005.SCG*LB3.CP-8++5.N.15.1-2.4-2W19	Q1958
005.SCG*LB2.CP-4++0.N.-6.1-2.4-1W4	Q1959
005.SCG*LB3.CP-4++6.N.-4.1-2.4-5W22	Q1960
005.SCG*LB3.CP13++2.N.29.3-2.7-1W11	Q1961
005.SCG*LB2.CP-2++0.N.-6.10-6.11-5W5	Q1962
005.SCG*LB4.CP-8++3.N.11.3-1.7-3W25	Q1963
005.SCG*LB2.CP-3++8.N.13.3-1.7-2W3	Q1964
005.SCG*LB2.CP--++9.N.-4.1-2.3-1W6	Q1965
005.SCG*LB4.CP-5++5.N.-5.17-7.19-4W9	Q1966
005.SCG*LB3.CP11++0.N.-5.15-5.18-2W10	Q1967
005.SCG*LB3.CP-4++4.N.-4.1-2.8-2W8	Q1968
005.SCG*LB2.CP-4++2.N.-7.1-2.4-1W2	Q1969
005.SCG*LB4.CP-5++2.N.-6.24-3.28-2W9	Q1970
005.SCG*LB2.CP-4++6.N.-4.12-1.13-7W7	Q1971
005.SCG*LB1.CP--++8.N.-1.7-3.9-5W12	Q1972
005.SCG*LB2.CP-7++3.N.27.1-2.7-1W28	Q1973
005.SCG*LB3.CP-4++3.N.-6.17-3.22-2W21	Q1974
005.SCG*LB1.CP-7++2.N.-9.6-2.10-7W7	Q1975
005.SCG*LB1.CP-9++1.N.10.7-4.9-2W12	Q1976
005.SCG*LB2.CP-7++3.N.26.1-2.5-6W27	Q1977
005.SCG*LB2.CP-7++3.N.34.10-3.12-4W5	Q1978
005.SCG*LB4.CP-2++2.N.-5.3-5.5-4W17	Q1979
005.SCG*LB1.CP-5++0.N.-4.4-5.9-6W25	Q1980
005.SCG*LB3.CP-4++2.N.-7.34-5.37-2W10	Q1981
005.SCG*LB3.CP-1++0.N.-7.16-5.21-4W20	Q1982
005.SCG*LB3.CP-4++3.N.-8.1-2.6-2W2	Q1983
005.SCG*LB3.CP-9++0.N.-3.3-3.4-5W3	Q1984
005.SCG*LB3.CP-6++6.N.-6.5-1.7-4W12	Q1985
005.SCG*LB3.CP-8++2.N.-2.9-2.9-6W1	Q1986
005.SCG*LB3.CP-7++5.N.-5.4-4.8-1W4	Q1987
005.SCG*LB2.CP-7++8.N.-9.2-7.4-3W8	Q1988
005.SCG*LB2.CP-8++3.N.-6.14-1.20-5W31	Q1989
005.SCG*LB2.CP-7++3.N.30.15-5.17-4W5	Q1990
005.SCG*LB3.CP-4++4.N.-3.13-2.17-4W6	Q1991
005.SCG*LB2.CP-3++8.N.-9.1-1.5-6W22	Q1992
005.SCG*LB2.CP-7++6.N.20.1-2.5-2W19	Q1993
005.SCG*LB1.CP-5++0.N.-3.1-2.4-5W3	Q1994
005.SCG*LB2.CP-2++3.N.-7.1-2.2-7W12	Q1995
005.SCG*LB3.CP-8++7.N.-5.1-2.6-6W11	Q1996
005.SCG*LB3.CP--++2.N.-7.11-1.13-2W15	Q1997
005.SCG*LB3.CP-7++7.N.-3.5-1.7-5W17	Q1998
005.SCG*LB3.CP-4++3.N.-3.31-1.33-5W13	Q1999
005.SCG*LB2.CP-2++3.N.-1.1-1.3-5W7	Q2000
005.SCG*LB3.CP13++6.N.-5.2-5.6-4W18	Q2001
005.SCG*LB2.CP-4++9.N.-5.1-2.3-3W2	Q2002
005.SCG*LB2.CP-7++6.N.13.1-1.6-1W24	Q2003
005.SCG*LB2.CP-7++3.N.14.10-1.14-3W24	Q2004
005.SCG*LB3.CP10++7.N.-5.4-3.7-4W9	Q2005
005.SCG*LB2.CP-2++0.N.-4.9-1.13-5W7	Q2006
005.SCG*LB2.CP-7++6.N.-3.1-2.5-3W2	Q2007
005.SCG*LB2.CP-2++6.N.-1.1-1.11-4W48	Q2008
005.SCG*LB2.CP-7++4.N.11.2-5.6-2W12	Q2009
005.SCG*LB2.CP-4++6.N.-5.15-3.19-1W20	Q2010
005.SCG*LB3.CP14++0.N.-7.3-2.9-3W35	Q2011
005.SCG*LB2.CP-1++1.N.-5.1-2.2-6W8	Q2012
005.SCG*LB3.CP--++3.N.-7.1-2.3-1W4	Q2013
005.SCG*LB2.CP-7++6.N.-9.3-2.10-1W24	Q2014
005.SCG*LB2.CP-7++6.N.20.11-5.16-5W13	Q2015
005.SCG*LB2.CP-7++8.N.-8.37-5.39-3W3	Q2016
005.SCG*LB4.CP--++7.N.19.1-1.7-5W13	Q2017
005.SCG*LB3.CP16++2.N.-6.4-1.5-3W5	Q2018
005.SCG*LB2.CP--++1.N.-6.1-1.3-6W14	Q2019
005.SCG*LB3.CP-4++2.N.-7.28-5.31-5W12	Q2020
005.SCG*LB2.CP-5++6.N.-7.5-1.5-7W5	Q2021
005.SCG*LB3.CP-6++7.N.-5.1-2.8-1W11	Q2022
005.SCG*LB2.CP-2++4.N.-3.8-3.12-4W14	Q2023
005.SCG*LB2.CP-3++2.N.-3.1-1.2-7W6	Q2024
005.SCG*LB2.CP-3++5.N.-7.12-2.14-1W3	Q2025
005.SCG*LB2.CP-3++0.N.15.1-1.12-5W7	Q2026
005.SCG*LB2.CP-7++6.N.15.14-3.15-1W5	Q2027
005.SCG*LB1.CP-2++3.N.-3.9-1.13-7W19	Q2028
005.SCG*LB3.CP13++8.N.-2.17-1.21-1W13	Q2029
005.SCG*LB2.CP-3++5.N.-7.6-2.10-4W3	Q2030
005.SCG*LB3.CP-9++5.N.19.9-5.10-5W7	Q2031
005.SCG*LB2.CP-3++1.N.-4.1-2.6-6W7	Q2032
005.SCG*LB2.CP-9++2.N.-6.1-2.4-8W5	Q2033
005.SCG*LB1.CP-7++2.N.-8.6-3.8-5W8	Q2034
005.SCG*LB3.CP-9++4.N.-9.39-1.42-5W27	Q2035
005.SCG*LB2.CP-7++8.N.-8.4-1.7-5W7	Q2036
005.SCG*LB2.CP-2++3.N.-4.9-3.10-1W4	Q2037
005.SCG*LB2.CP-4++8.N.-3.7-3.7-7W5	Q2038
005.SCG*LB2.CP-9++6.N.-8.1-1.3-5W12	Q2039
005.SCG*LB3.CP--++1.N.-3.7-1.10-5W24	Q2040
005.SCG*LB4.CP--++8.N.-7.48-1.52-7W29	Q2041
005.SCG*LB3.CP-7++3.N.-3.5-2.6-5W5	Q2042
005.SCG*LB2.CP-4++1.N.-7.6-5.7-2W1	Q2043
005.SCG*LB1.CP-5++6.N.-8.1-1.5-4W13	Q2044
005.SCG*LB1.CP-3++7.N.-5.12-4.13-2W4	Q2045
005.SCG*LB2.CP-3++2.N.-6.4-5.12-2W15	Q2046
005.SCG*LB3.CP-4++3.N.-7.1-2.7-5W6	Q2047
005.SCG*LB2.CP-7++4.N.-6.1-1.8-4W44	Q2048
005.SCG*LB2.CP-5++6.N.-6.9-3.12-3W15	Q2049
005.SCG*LB3.CP-1++7.N.-7.6-1.7-4W3	Q2050
005.SCG*LB3.CP-4++5.N.-6.17-2.22-4W24	Q2051
005.SCG*LB2.CP-2++3.N.-9.5-2.8-1W18	Q2052
005.SCG*LB3.CP--++3.N.-2.8-5.9-4W4	Q2053
005.SCG*LB3.CP-1++0.N.-2.1-1.5-1W12	Q2054
005.SCG*LB2.CP-5++6.N.-5.23-4.26-3W1	Q2055
005.SCG*LB3.CP13++6.N.-5.2-5.6-4W5	Q2056
005.SCG*LB2.CP-6++0.N.-8.6-1.8-1W9	Q2057
005.SCG*LB3.CP11++4.N.-4.1-2.2-7W11	Q2058
005.SCG*LB3.CP15++6.N.-3.4-2.9-4W8	Q2059
005.SCG*LB2.CP-7++6.N.20.1-2.5-2W24	Q2060
005.SCG*LB1.CP-1++6.N.-5.1-2.2-3W2	Q2061
005.SCG*LB3.CP-4++3.N.10.9-2.14-1W12	Q2062
005.SCG*LB3.CP-4++5.N.-6.14-7.17-1W17	Q2063
005.SCG*LB2.CP-2++0.N.-4.1-2.8-6W22	Q2064
005.SCG*LB3.CP-4++2.N.-8.1-2.5-2W3	Q2065
005.SCG*LB2.CP-2++3.N.-4.13-4.14-5W5	Q2066
005.SCG*LB2.CP-4++1.N.10.10-3.12-8W14	Q2067
005.SCG*LB3.CP10++2.N.-5.12-6.18-1W17	Q2068
005.SCG*LB2.CP-4++8.N.-2.6-2.7-5W8	Q2069
005.SCG*LB3.CP-4++2.N.-6.6-1.8-5W6	Q2070
005.SCG*LB2.CP-3++0.N.16.12-1.18-5W24	Q2071
005.SCG*LB3.CP-6++6.N.-5.10-3.12-1W8	Q2072
005.SCG*LB2.CP-7++6.N.20.5-3.8-4W10	Q2073
005.SCG*LB4.CP-1++3.N.-9.6-2.10-3W24	Q2074
005.SCG*LB3.CP--++2.N.-6.7-2.7-7W4	Q2075
005.SCG*LB2.CP-4++8.N.-3.3-6.5-8W6	Q2076
005.SCG*LB2.CP-2++7.N.-1.1-1.3-4W13	Q2077
005.SCG*LB3.CP-4++3.N.-3.49-1.53-6W16	Q2078
005.SCG*LB3.CP--++3.N.-6.1-2.2-3W3	Q2079
005.SCG*LB2.CP-4++9.N.-8.6-1.6-6W5	Q2080
005.SCG*LB2.CP-3++0.N.16.19-1.20-4W3	Q2081
005.SCG*LB1.CP-3++7.N.-5.7-1.7-8W1	Q2082
005.SCG*LB2.CP-2++2.N.-6.16-1.20-7W29	Q2083
005.SCG*LB3.CP-9++2.N.12.17-5.19-7W7	Q2084
005.SCG*LB4.CP-5++5.N.-5.26-5.27-4W7	Q2085
005.SCG*LB1.CP-7++2.N.-8.4-5.6-2W9	Q2086
005.SCG*LB3.CP-8++6.N.11.22-4.24-3W9	Q2087
005.SCG*LB3.CP-6++6.N.--.1-1.2-5W7	Q2088
005.SCG*LB1.CP-1++7.N.-3.1-2.1-6W4	Q2089
005.SCG*LB3.CP-7++0.N.-5.7-1.15-2W32	Q2090
005.SCG*LB3.CP13++8.N.-1.6-1.8-5W16	Q2091
005.SCG*LB4.CP-5++5.N.14.1-1.5-1W13	Q2092
005.SCG*LB4.CP-1++9.N.11.3-5.4-4W4	Q2093
005.SCG*LB2.CP-4++1.N.-7.3-6.6-4W12	Q2094
005.SCG*LB2.CP-2++8.N.-5.5-4.7-1W3	Q2095
005.SCG*LB3.CP-4++2.N.-8.7-5.10-4W9	Q2096
005.SCG*LB3.CP-2++3.N.-2.14-4.15-4W1	Q2097
005.SCG*LB2.CP-6++2.N.-1.13-1.18-6W16	Q2098
005.SCG*LB1.CP-3++7.N.-5.12-4.13-2W6	Q2099
005.SCG*LB1.CP-2++8.N.-7.6-1.9-3W12	Q2100
005.SCG*LB2.CP-6++2.N.-3.1-1.4-3W19	Q2101
005.SCG*LB2.CP-2++8.N.-8.17-1.22-7W34	Q2102
005.SCG*LB3.CP-7++3.N.-2.13-6.17-1W6	Q2103
005.SCG*LB4.CP-6++4.N.-1.3-5.8-2W9	Q2104
005.SCG*LB2.CP-5++9.N.14.7-5.12-4W7	Q2105
005.SCG*LB3.CP-4++5.N.-6.1-1.2-3W9	Q2106
005.SCG*LB2.CP-7++6.N.16.16-4.20-2W12	Q2107
005.SCG*LB1.CP-5++0.N.-3.5-1.7-5W18	Q2108
005.SCG*LB2.CP--++8.N.-6.4-7.5-3W3	Q2109
005.SCG*LB4.CP-7++8.N.-3.1-1.5-4W10	Q2110
005.SCG*LB2.CP-3++1.N.-2.21-1.23-3W17	Q2111
005.SCG*LB2.CP-7++8.N.-2.15-1.17-1W5	Q2112
005.SCG*LB2.CP-8++4.N.-4.14-7.18-2W21	Q2113
005.SCG*LB3.CP-8++0.N.19.1-1.3-4W17	Q2114
005.SCG*LB2.CP-3++0.N.15.1-1.12-5W20	Q2115
005.SCG*LB3.CP-6++5.N.-5.3-2.6-2W15	Q2116
005.SCG*LB2.CP-3++9.N.-9.9-1.18-2W37	Q2117
005.SCG*LB3.CP-1++8.N.-4.1-2.7-4W22	Q2118
005.SCG*LB3.CP-7++5.N.-5.13-3.14-6W10	Q2119
005.SCG*LB2.CP-7++6.N.12.3-4.7-2W22	Q2120
005.SCG*LB3.CP-6++6.N.-3.13-2.17-6W29	Q2121
005.SCG*LB1.CP-2++9.N.-2.4-4.6-6W13	Q2122
005.SCG*LB4.CP-7++1.N.-3.2-4.4-2W4	Q2123
005.SCG*LB4.CP-7++0.N.-2.3-7.8-2W9	Q2124
005.SCG*LB2.CP-4++1.N.-7.7-3.9-2W14	Q2125
005.SCG*LB2.CP-9++2.N.-6.1-2.4-8W15	Q2126
005.SCG*LB3.CP-4++2.N.-7.16-1.18-6W7	Q2127
005.SCG*LB3.CP13++8.N.-5.19-1.23-4W27	Q2128
005.SCG*LB2.CP-7++6.N.-7.7-6.9-1W7	Q2129
005.SCG*LB2.CP-1++6.N.-3.3-2.6-1W12	Q2130
005.SCG*LB2.CP-7++6.N.20.5-3.8-4W5	Q2131
005.SCG*LB1.CP-7++2.N.-9.6-2.10-7W27	Q2132
005.SCG*LB2.CP-4++7.N.-4.46-4.48-4W5	Q2133
005.SCG*LB2.CP-8++0.N.10.8-1.13-1W19	Q2134
005.SCG*LB3.CP10++9.N.-7.19-7.23-1W21	Q2135
005.SCG*LB2.CP-2++3.N.-4.3-4.3-9W4	Q2136
005.SCG*LB3.CP-1++8.N.-5.1-2.3-2W13	Q2137
005.SCG*LB3.CP-7++1.N.-4.4-5.11-3W14	Q2138
005.SCG*LB2.CP-4++0.N.-3.3-4.6-5W3	Q2139
005.SCG*LB2.CP-6++0.N.14.3-2.7-7W3	Q2140
005.SCG*LB2.CP-2++8.N.-5.5-4.7-1W9	Q2141
005.SCG*LB3.CP-9++4.N.-1.2-3.6-5W7	Q2142
005.SCG*LB3.CP-4++3.N.-9.1-2.5-4W14	Q2143
005.SCG*LB2.CP-4++2.N.-5.1-2.6-1W4	Q2144
005.SCG*LB3.CP13++5.N.22.3-1.7-1W7	Q2145
005.SCG*LB2.CP-8++2.N.-3.2-6.5-2W4	Q2146
005.SCG*LB2.CP-1++0.N.-1.6-2.16-4W17	Q2147
005.SCG*LB2.CP-2++0.N.-2.1-1.3-6W4	Q2148
005.SCG*LB2.CP--++7.N.-5.2-3.4-6W5	Q2149
005.SCG*LB2.CP-8++9.N.15.6-3.8-6W5	Q2150
005.SCG*LB2.CP-3++1.N.-2.27-4.29-4W4	Q2151
005.SCG*LB2.CP-8++6.N.-3.36-1.37-5W9	Q2152
005.SCG*LB2.CP-2++3.N.10.5-2.10-3W5	Q2153
005.SCG*LB3.CP14++8.N.-3.10-3.13-1W21	Q2154
005.SCG*LB2.CP-7++4.N.11.1-2.2-4W2	Q2155
005.SCG*LB3.CP-8++7.N.-5.1-2.6-6W19	Q2156
005.SCG*LB2.CP-3++5.N.-7.1-1.4-4W22	Q2157
005.SCG*LB2.CP-8++5.N.11.1-1.5-2W11	Q2158
005.SCG*LB2.CP-9++8.N.11.24-3.27-8W9	Q2159
005.SCG*LB3.CP14++8.N.-2.9-5.11-1W10	Q2160
005.SCG*LB2.CP-7++6.N.19.10-4.15-4W4	Q2161
005.SCG*LB3.CP-6++7.N.-5.10-4.12-1W5	Q2162
005.SCG*LB2.CP-2++3.N.-3.15-1.16-3W4	Q2163
005.SCG*LB3.CP-4++3.N.10.1-1.9-1W37	Q2164
005.SCG*LB3.CP-4++8.N.-7.3-5.4-7W8	Q2165
005.SCG*LB3.CP--++8.N.11.15-5.20-3W8	Q2166
005.SCG*LB3.CP--++7.N.-4.2-5.4-6W12	Q2167
005.SCG*LB4.CP-6++2.N.-5.6-4.10-6W29	Q2168
005.SCG*LB2.CP-7++6.N.-1.1-1.5-2W9	Q2169
005.SCG*LB2.CP-7++8.N.12.2-7.3-4W6	Q2170
005.SCG*LB2.CP-7++6.N.-3.8-6.9-4W4	Q2171
005.SCG*LB3.CP-4++5.N.-6.22-5.26-1W13	Q2172
005.SCG*LB2.CP-7++8.N.-7.6-1.11-4W24	Q2173
005.SCG*LB3.CP-9++7.N.-4.5-1.8-3W4	Q2174
005.SCG*LB2.CP-1++1.N.-5.2-7.4-1W4	Q2175
005.SCG*LB2.CP-7++8.N.-3.1-1.3-4W7	Q2176
005.SCG*LB2.CP-6++0.N.19.6-1.7-2W3	Q2177
005.SCG*LB2.CP-1++6.N.-8.14-3.15-6W11	Q2178
005.SCG*LB3.CP14++8.N.-3.13-2.14-4W9	Q2179
005.SCG*LB3.CP-9++7.N.11.1-1.5-4W28	Q2180
005.SCG*LB2.CP-8++9.N.-8.36-1.42-1W31	Q2181
005.SCG*LB3.CP16++2.N.-2.4-1.7-4W5	Q2182
005.SCG*LB3.CP-4++2.N.-5.11-2.15-3W4	Q2183
005.SCG*LB2.CP-4++6.N.-5.22-3.24-1W6	Q2184
005.SCG*LB2.CP-5++6.N.-7.8-6.10-1W6	Q2185
005.SCG*LB3.CP--++8.N.-5.2-3.3-1W3	Q2186
005.SCG*LB1.CP-2++9.N.-2.10-5.12-4W8	Q2187
005.SCG*LB3.CP-9++7.N.-9.8-4.12-4W17	Q2188
005.SCG*LB2.CP-2++3.N.-2.8-3.9-4W4	Q2189
005.SCG*LB3.CP-4++3.N.10.1-1.9-1W15	Q2190
005.SCG*LB2.CP-8++0.N.13.5-2.6-5W5	Q2191
005.SCG*LB2.CP-2++4.N.-3.14-4.15-5W3	Q2192
005.SCG*LB2.CP-3++0.N.16.6-1.11-1W27	Q2193
005.SCG*LB2.CP-8++5.N.-7.5-1.8-1W17	Q2194
005.SCG*LB3.CP--++3.N.10.7-5.9-1W10	Q2195
005.SCG*LB3.CP13++9.N.17.18-3.23-4W28	Q2196
005.SCG*LB2.CP-4++6.N.-4.6-1.9-1W7	Q2197
005.SCG*LB2.CP--++6.N.-4.5-6.6-8W6	Q2198
005.SCG*LB4.CP-7++4.N.-1.1-1.5-3W14	Q2199
005.SCG*LB3.CP-4++3.N.-1.1-1.11-1W52	Q2200
005.SCG*LB2.CP-7++6.N.-5.5-3.7-3W9	Q2201
005.SCG*LB3.CP11++3.N.-2.1-2.4-5W18	Q2202
005.SCG*LB1.CP-6++6.N.-8.21-3.22-6W7	Q2203
005.SCG*LB3.CP-6++6.N.-1.1-1.3-6W15	Q2204
005.SCG*LB2.CP-3++8.N.15.11-5.13-7W17	Q2205
005.SCG*LB2.CP-7++7.N.--.1-1.3-5W8	Q2206
005.SCG*LB3.CP-1++0.N.15.3-2.4-3W4	Q2207
005.SCG*LB2.CP-9++6.N.-8.11-3.14-3W16	Q2208
005.SCG*LB2.CP-3++0.N.14.9-7.10-5W3	Q2209
005.SCG*LB2.CP-2++3.N.-9.5-2.8-1W9	Q2210
005.SCG*LB3.CP-4++6.N.-8.4-1.5-3W8	Q2211
005.SCG*LB3.CP15++4.N.18.2-6.5-6W9	Q2212
005.SCG*LB2.CP-3++5.N.-7.10-5.12-1W10	Q2213
005.SCG*LB3.CP10++3.N.-7.1-1.4-1W13	Q2214
005.SCG*LB1.CP-9++9.N.-3.3-2.5-3W17	Q2215
005.SCG*LB2.CP-8++0.N.-2.12-4.15-2W14	Q2216
005.SCG*LB2.CP-5++5.N.-7.6-4.8-6W13	Q2217
005.SCG*LB2.CP-7++6.N.17.1-2.3-6W3	Q2218
005.SCG*LB2.CP--++8.N.-6.5-4.6-3W5	Q2219
005.SCG*LB3.CP-1++0.N.15.4-4.9-3W17	Q2220
005.SCG*LB3.CP14++1.N.-3.2-4.5-2W16	Q2221
005.SCG*LB3.CP11++6.N.-5.11-1.12-3W9	Q2222
005.SCG*LB2.CP-7++8.N.-5.5-1.7-3W5	Q2223
005.SCG*LB3.CP-1++7.N.-7.6-1.7-4W7	Q2224
005.SCG*LB2.CP-2++3.N.-4.1-2.3-3W5	Q2225
005.SCG*LB3.CP-6++6.N.-6.5-1.7-4W15	Q2226
005.SCG*LB3.CP-4++3.N.-6.1-2.8-2W43	Q2227
005.SCG*LB1.CP-5++4.N.-2.14-2.15-5W10	Q2228
005.SCG*LB2.CP--++6.N.-4.7-1.8-2W7	Q2229
005.SCG*LB2.CP-6++0.N.-5.29-2.36-2W48	Q2230
005.SCG*LB3.CP14++8.N.-1.1-1.5-6W15	Q2231
005.SCG*LB2.CP-3++2.N.-3.16-2.16-7W6	Q2232
005.SCG*LB3.CP-6++7.N.-5.8-2.10-3W5	Q2233
005.SCG*LB2.CP-2++0.N.-3.3-5.10-6W15	Q2234
005.SCG*LB3.CP-7++0.N.-5.7-1.15-2W49	Q2235
005.SCG*LB2.CP-4++8.N.-4.16-6.18-5W8	Q2236
005.SCG*LB2.CP-7++6.N.-9.32-1.35-2W20	Q2237
005.SCG*LB2.CP-3++8.N.13.3-1.7-2W16	Q2238
005.SCG*LB3.CP10++2.N.-5.1-2.4-3W4	Q2239
005.SCG*LB4.CP-7++6.N.-1.17-6.21-6W7	Q2240
005.SCG*LB4.CP-9++6.N.-3.10-7.12-2W11	Q2241
005.SCG*LB2.CP-6++0.N.-5.29-2.36-2W46	Q2242
005.SCG*LB3.CP--++4.N.-3.6-1.8-2W3	Q2243
005.SCG*LB3.CP15++5.N.-5.1-2.6-6W10	Q2244
005.SCG*LB2.CP-4++5.N.-7.4-4.7-2W6	Q2245
005.SCG*LB4.CP-5++1.N.-3.10-1.11-4W6	Q2246
005.SCG*LB2.CP-2++0.N.-4.9-1.13-5W31	Q2247
005.SCG*LB2.CP-7++5.N.10.7-2.11-5W8	Q2248
005.SCG*LB4.CP-5++5.N.20.4-1.7-6W3	Q2249
005.SCG*LB1.CP-3++2.N.-2.1-1.5-2W14	Q2250
005.SCG*LB2.CP-2++7.N.-3.1-2.2-4W2	Q2251
005.SCG*LB2.CP-7++8.N.-2.19-6.20-5W7	Q2252
005.SCG*LB3.CP-6++7.N.-5.12-2.14-7W14	Q2253
005.SCG*LB2.CP-7++6.N.17.8-4.12-6W10	Q2254
005.SCG*LB2.CP-8++9.N.15.9-1.12-2W8	Q2255
005.SCG*LB3.CP-8++4.N.-7.2-1.5-2W10	Q2256
005.SCG*LB2.CP-2++6.N.-1.1-1.11-4W22	Q2257
005.SCG*LB1.CP-9++3.N.12.4-3.6-6W4	Q2258
005.SCG*LB4.CP-2++2.N.-6.18-2.20-4W12	Q2259
005.SCG*LB2.CP-4++8.N.-3.3-6.5-8W17	Q2260
005.SCG*LB3.CP-1++4.N.-5.4-1.6-6W9	Q2261
005.SCG*LB3.CP15++4.N.25.7-6.10-6W16	Q2262
005.SCG*LB3.CP-8++8.N.-2.13-5.15-3W11	Q2263
005.SCG*LB3.CP--++4.N.-3.8-3.9-5W4	Q2264
005.SCG*LB4.CP-1++3.N.-9.12-3.14-7W24	Q2265
005.SCG*LB3.CP13++9.N.14.1-1.3-2W10	Q2266
005.SCG*LB2.CP-7++8.N.-7.1-1.5-4W7	Q2267
005.SCG*LB2.CP-9++8.N.-4.3-4.7-6W27	Q2268
005.SCG*LB1.CP-4++3.N.12.1-2.4-5W12	Q2269
005.SCG*LB3.CP-4++3.N.-2.1-1.5-5W11	Q2270
005.SCG*LB3.CP-2++1.N.-3.4-7.5-6W3	Q2271
005.SCG*LB2.CP-1++9.N.-6.12-5.17-2W15	Q2272
005.SCG*LB3.CP-4++3.N.-2.26-6.29-5W23	Q2273
005.SCG*LB2.CP-4++8.N.-6.9-3.11-6W6	Q2274
005.SCG*LB3.CP-2++4.N.-4.1-1.4-1W14	Q2275
005.SCG*LB2.CP-2++0.N.-6.3-4.6-1W3	Q2276
005.SCG*LB2.CP-7++7.N.-2.42-6.46-1W22	Q2277
005.SCG*LB3.CP--++5.N.-2.8-1.12-3W16	Q2278
005.SCG*LB2.CP-7++4.N.-6.1-1.8-4W19	Q2279
005.SCG*LB2.CP-2++3.N.-7.6-5.7-5W1	Q2280
005.SCG*LB3.CP--++3.N.-8.10-1.10-5W3	Q2281
005.SCG*LB3.CP-5++3.N.-6.11-4.15-2W11	Q2282
005.SCG*LB3.CP11++3.N.-2.8-1.13-4W21	Q2283
005.SCG*LB3.CP-9++4.N.-5.5-1.6-5W5	Q2284
005.SCG*LB3.CP-4++4.N.-3.1-2.7-7W5	Q2285
005.SCG*LB3.CP--++2.N.-2.25-5.28-4W7	Q2286
005.SCG*LB2.CP-7++8.N.-7.1-1.5-4W25	Q2287
005.SCG*LB2.CP-3++0.N.17.14-2.20-7W10	Q2288
005.SCG*LB2.CP-3++2.N.-4.1-2.2-4W5	Q2289
005.SCG*LB2.CP-7++6.N.18.5-4.7-2W10	Q2290
005.SCG*LB3.CP-7++6.N.10.4-3.5-3W4	Q2291
005.SCG*LB3.CP-8++9.N.-5.9-1.12-6W9	Q2292
005.SCG*LB3.CP-4++2.N.-4.14-1.18-2W23	Q2293
005.SCG*LB2.CP-3++0.N.15.1-1.12-5W77	Q2294
005.SCG*LB2.CP-2++3.N.-7.5-1.6-4W12	Q2295
005.SCG*LB3.CP--++2.N.-5.1-2.4-6W4	Q2296
005.SCG*LB4.CP-5++5.N.-5.24-4.26-4W4	Q2297
005.SCG*LB2.CP-7++9.N.12.4-5.8-1W16	Q2298
005.SCG*LB3.CP-9++2.N.-3.20-2.23-6W9	Q2299
005.SCG*LB2.CP-2++4.N.-3.2-1.5-5W6	Q2300
005.SCG*LB3.CP13++9.N.17.12-3.18-2W42	Q2301
005.SCG*LB2.CP-3++6.N.-4.3-1.5-6W8	Q2302
005.SCG*LB4.CP-5++5.N.-5.22-2.24-3W12	Q2303
005.SCG*LB3.CP13++8.N.-6.1-1.3-5W7	Q2304
005.SCG*LB4.CP-1++3.N.-9.6-2.10-3W11	Q2305
005.SCG*LB3.CP-4++3.N.-3.37-2.40-4W22	Q2306
005.SCG*LB2.CP-4++3.N.-7.13-4.15-6W16	Q2307
005.SCG*LB2.CP-1++6.N.-7.8-7.12-2W4	Q2308
005.SCG*LB3.CP14++8.N.-2.5-3.8-4W13	Q2309
005.SCG*LB3.CP11++0.N.-5.20-2.21-6W12	Q2310
005.SCG*LB2.CP-3++0.N.-3.10-2.15-3W32	Q2311
005.SCG*LB2.CP-4++0.N.-3.14-6.16-8W3	Q2312
005.SCG*LB3.CP--++2.N.-2.3-6.7-6W22	Q2313
005.SCG*LB2.CP-3++8.N.14.7-1.10-3W14	Q2314
005.SCG*LB2.CP-2++2.N.-4.1-2.2-2W3	Q2315
005.SCG*LB1.CP-2++0.N.24.9-2.12-2W11	Q2316
005.SCG*LB3.CP14++3.N.-5.12-3.14-5W6	Q2317
005.SCG*LB2.CP-4++3.N.-9.1-2.5-3W4	Q2318
005.SCG*LB2.CP-3++5.N.-2.12-3.14-1W7	Q2319
005.SCG*LB3.CP-8++8.N.-2.6-3.8-3W14	Q2320
005.SCG*LB3.CP--++3.N.-6.2-4.3-3W1	Q2321
005.SCG*LB3.CP16++0.N.-2.9-1.12-1W20	Q2322
005.SCG*LB2.CP-8++5.N.11.10-1.14-3W21	Q2323
005.SCG*LB2.CP-7++8.N.-9.4-4.6-4W4	Q2324
005.SCG*LB4.CP--++8.N.-6.20-1.22-4W16	Q2325
005.SCG*LB2.CP-3++6.N.-3.4-1.6-4W8	Q2326
005.SCG*LB4.CP-9++6.N.-3.2-6.5-3W19	Q2327
005.SCG*LB3.CP-6++3.N.-3.9-2.11-5W16	Q2328
005.SCG*LB2.CP-4++1.N.13.4-1.6-6W6	Q2329
005.SCG*LB1.CP-4++3.N.13.5-2.9-4W3	Q2330
005.SCG*LB3.CP15++4.N.-1.11-6.17-8W10	Q2331
005.SCG*LB2.CP-8++6.N.-3.38-1.39-4W4	Q2332
005.SCG*LB2.CP-9++6.N.-8.4-1.6-5W5	Q2333
005.SCG*LB1.CP-7++2.N.-8.4-5.6-2W4	Q2334
005.SCG*LB2.CP--++7.N.-2.1-1.3-1W6	Q2335
005.SCG*LB3.CP13++9.N.-1.9-2.11-4W6	Q2336
005.SCG*LB2.CP-7++6.N.-8.1-1.5-3W8	Q2337
005.SCG*LB1.CP-1++6.N.-5.4-2.5-2W6	Q2338
005.SCG*LB3.CP14++2.N.-5.9-4.12-5W12	Q2339
005.SCG*LB3.CP12++5.N.-3.1-2.6-1W18	Q2340
005.SCG*LB3.CP-8++6.N.-5.5-2.6-5W5	Q2341
005.SCG*LB3.CP-7++0.N.-5.18-2.18-6W1	Q2342
005.SCG*LB3.CP-1++0.N.-5.6-4.8-6W9	Q2343
005.SCG*LB2.CP-9++6.N.-8.14-4.17-2W13	Q2344
005.SCG*LB3.CP11++2.N.-1.9-4.11-1W5	Q2345
005.SCG*LB2.CP-8++4.N.-4.27-4.30-3W20	Q2346
005.SCG*LB4.CP-7++7.N.-5.1-2.3-2W2	Q2347
005.SCG*LB3.CP-7++6.N.-6.13-1.16-1W18	Q2348
005.SCG*LB1.CP10++0.N.-4.11-1.14-3W9	Q2349
005.SCG*LB2.CP-8++9.N.15.6-3.8-6W3	Q2350
005.SCG*LB3.CP-8++7.N.-3.1-2.3-6W2	Q2351
005.SCG*LB2.CP-4++1.N.-6.1-2.2-2W3	Q2352
005.SCG*LB1.CP-1++3.N.-9.7-3.8-5W3	Q2353
005.SCG*LB2.CP--++7.N.-5.1-2.2-2W6	Q2354
005.SCG*LB3.CP-4++3.N.-3.25-1.29-5W23	Q2355
005.SCG*LB3.CP-5++5.N.-4.1-2.3-5W6	Q2356
005.SCG*LB3.CP--++3.N.-2.1-1.3-5W7	Q2357
005.SCG*LB4.CP--++7.N.19.1-1.7-5W26	Q2358
005.SCG*LB2.CP-6++0.N.-5.29-2.36-2W10	Q2359
005.SCG*LB2.CP-7++3.N.-9.8-4.12-4W30	Q2360
005.SCG*LB4.CP-5++5.N.-5.24-4.26-4W13	Q2361
005.SCG*LB3.CP-2++3.N.-2.1-1.3-2W6	Q2362
005.SCG*LB3.CP-6++7.N.-6.7-2.8-3W9	Q2363
005.SCG*LB3.CP-1++8.N.-4.1-2.7-4W3	Q2364
005.SCG*LB2.CP-3++8.N.15.11-5.13-7W5	Q2365
005.SCG*LB2.CP-3++0.N.15.23-1.29-3W30	Q2366
005.SCG*LB2.CP-8++6.N.-5.9-1.10-7W1	Q2367
005.SCG*LB1.CP-8++0.N.-4.4-1.7-4W17	Q2368
005.SCG*LB3.CP-1++6.N.-1.1-1.4-2W5	Q2369
005.SCG*LB2.CP-4++8.N.-2.1-1.3-4W4	Q2370
005.SCG*LB2.CP-1++6.N.-4.13-3.16-1W15	Q2371
005.SCG*LB3.CP--++3.N.-9.16-5.17-5W7	Q2372
005.SCG*LB2.CP-7++8.N.-8.21-1.22-4W4	Q2373
005.SCG*LB4.CP-5++5.N.-5.31-1.34-1W9	Q2374
005.SCG*LB3.CP-4++2.N.-7.40-1.41-3W4	Q2375
005.SCG*LB3.CP15++0.N.-3.17-7.19-3W6	Q2376
005.SCG*LB2.CP-4++3.N.-6.10-2.13-2W20	Q2377
005.SCG*LB2.CP-7++3.N.16.1-2.6-3W24	Q2378
005.SCG*LB2.CP-4++0.N.-6.1-2.4-1W9	Q2379
005.SCG*LB3.CP-4++3.N.-3.3-1.7-1W17	Q2380
005.SCG*LB2.CP-4++6.N.-4.1-2.5-7W32	Q2381
005.SCG*LB2.CP-7++8.N.-8.19-5.20-5W6	Q2382
005.SCG*LB2.CP-7++6.N.19.19-4.22-4W23	Q2383
005.SCG*LB2.CP-7++8.N.-8.16-7.18-3W10	Q2384
005.SCG*LB2.CP-2++2.N.-6.32-6.34-5W4	Q2385
005.SCG*LB1.CP-4++9.N.-3.1-2.3-5W13	Q2386
005.SCG*LB3.CP-7++1.N.12.3-5.14-1W11	Q2387
005.SCG*LB3.CP-4++2.N.-5.7-1.11-1W21	Q2388
005.SCG*LB2.CP-4++6.N.-4.9-2.11-7W19	Q2389
005.SCG*LB2.CP-5++6.N.13.3-3.6-5W3	Q2390
005.SCG*LB2.CP-7++5.N.15.1-1.6-3W23	Q2391
005.SCG*LB3.CP--++1.N.-7.9-1.11-5W9	Q2392
005.SCG*LB4.CP-8++2.N.-6.1-2.2-5W5	Q2393
005.SCG*LB2.CP-2++0.N.-3.1-2.3-4W4	Q2394
005.SCG*LB2.CP-4++7.N.-3.8-5.11-6W15	Q2395
005.SCG*LB2.CP--++7.N.-5.2-3.4-6W20	Q2396
005.SCG*LB3.CP-6++7.N.-5.15-1.17-2W12	Q2397
005.SCG*LB2.CP-4++1.N.10.8-2.10-2W13	Q2398
005.SCG*LB3.CP--++7.N.-4.2-5.4-6W10	Q2399
005.SCG*LB3.CP10++2.N.-4.5-2.7-6W11	Q2400
005.SCG*LB3.CP-9++1.N.-1.1-1.4-2W20	Q2401
005.SCG*LB4.CP-2++3.N.-4.10-5.11-7W5	Q2402
005.SCG*LB4.CP-4++6.N.-1.1-1.7-5W10	Q2403
005.SCG*LB2.CP-3++8.N.-9.7-1.9-4W7	Q2404
005.SCG*LB2.CP-7++6.N.-2.8-1.12-7W21	Q2405
005.SCG*LB3.CP-7++3.N.-5.8-4.10-4W12	Q2406
005.SCG*LB2.CP--++6.N.-4.4-1.5-5W1	Q2407
005.SCG*LB3.CP-8++4.N.-1.9-2.11-1W7	Q2408
005.SCG*LB3.CP11++2.N.-2.1-2.3-6W10	Q2409
005.SCG*LB3.CP14++0.N.-7.3-2.9-3W21	Q2410
005.SCG*LB3.CP11++0.N.-5.4-5.6-5W10	Q2411
005.SCG*LB1.CP-9++2.N.-2.6-1.8-3W8	Q2412
005.SCG*LB2.CP-2++3.N.-9.1-2.5-1W21	Q2413
005.SCG*LB2.CP-7++8.N.-8.40-1.44-7W13	Q2414
005.SCG*LB4.CP-2++2.N.-6.1-1.7-4W31	Q2415
005.SCG*LB2.CP-4++2.N.-7.4-2.7-2W4	Q2416
005.SCG*LB2.CP-2++1.N.-5.17-5.19-7W12	Q2417
005.SCG*LB2.CP-8++9.N.-8.36-1.42-1W25	Q2418
005.SCG*LB2.CP-5++3.N.-5.1-2.2-6W5	Q2419
005.SCG*LB3.CP-7++1.N.-2.13-1.17-2W6	Q2420
005.SCG*LB3.CP-6++6.N.-8.5-1.8-1W20	Q2421
005.SCG*LB3.CP11++0.N.-5.4-5.6-5W15	Q2422
005.SCG*LB2.CP--++9.N.-4.5-1.5-6W3	Q2423
005.SCG*LB3.CP--++2.N.-1.1-1.3-1W10	Q2424
005.SCG*LB3.CP-8++8.N.-2.3-1.4-2W5	Q2425
005.SCG*LB2.CP-5++1.N.-3.1-2.3-4W12	Q2426
005.SCG*LB2.CP-4++5.N.-2.1-1.5-1W19	Q2427
005.SCG*LB3.CP-9++4.N.-9.39-1.42-5W5	Q2428
005.SCG*LB3.CP10++2.N.-4.9-8.12-2W12	Q2429
005.SCG*LB2.CP-2++0.N.-4.9-1.13-5W11	Q2430
005.SCG*LB3.CP13++5.N.24.1-1.6-3W8	Q2431
005.SCG*LB2.CP-3++0.N.16.6-1.11-1W33	Q2432
005.SCG*LB3.CP-4++3.N.-7.1-2.7-5W33	Q2433
005.SCG*LB3.CP14++8.N.-4.12-2.13-4W10	Q2434
005.SCG*LB3.CP15++5.N.-5.1-2.6-6W39	Q2435
005.SCG*LB3.CP-8++5.N.20.12-1.15-3W19	Q2436
005.SCG*LB3.CP-1++7.N.-9.4-1.5-3W4	Q2437
005.SCG*LB1.CP-6++8.N.-5.12-6.14-1W10	Q2438
005.SCG*LB2.CP-7++2.N.-6.7-1.10-4W11	Q2439
005.SCG*LB3.CP14++9.N.-2.9-4.12-5W15	Q2440
005.SCG*LB2.CP-5++3.N.-5.2-7.3-7W3	Q2441
005.SCG*LB2.CP-2++5.N.-2.1-1.3-2W7	Q2442
005.SCG*LB2.CP-6++0.N.-6.1-2.4-5W5	Q2443
005.SCG*LB3.CP-4++2.N.-3.10-1.15-1W7	Q2444
005.SCG*LB2.CP--++8.N.-6.6-4.7-5W5	Q2445
005.SCG*LB3.CP12++7.N.-7.17-4.20-5W16	Q2446
005.SCG*LB1.CP-7++3.N.-4.1-2.4-1W4	Q2447
005.SCG*LB2.CP-4++3.N.-6.13-3.15-5W8	Q2448
005.SCG*LB1.CP-2++9.N.-2.4-4.6-6W10	Q2449
005.SCG*LB2.CP-7++7.N.-5.25-2.27-1W6	Q2450
005.SCG*LB2.CP-7++6.N.17.8-4.12-6W14	Q2451
005.SCG*LB2.CP-4++2.N.-5.9-1.10-2W6	Q2452
005.SCG*LB2.CP-2++0.N.-4.1-2.8-6W42	Q2453
005.SCG*LB2.CP-8++3.N.-8.4-1.6-2W10	Q2454
005.SCG*LB2.CP-8++0.N.-2.12-4.15-2W5	Q2455
005.SCG*LB3.CP-7++0.N.-5.4-1.6-7W13	Q2456
005.SCG*LB3.CP-9++5.N.17.16-2.19-2W3	Q2457
005.SCG*LB2.CP-4++6.N.-5.4-1.5-2W3	Q2458
005.SCG*LB1.CP-2++8.N.-7.1-2.2-4W2	Q2459
005.SCG*LB4.CP-7++7.N.-5.8-6.9-4W6	Q2460
005.SCG*LB1.CP-9++7.N.-3.20-2.21-8W17	Q2461
005.SCG*LB1.CP-6++5.N.-9.23-4.26-2W8	Q2462
005.SCG*LB2.CP-2++5.N.25.1-1.3-2W4	Q2463
005.SCG*LB3.CP16++3.N.-1.5-5.8-2W6	Q2464
005.SCG*LB2.CP-5++5.N.-7.6-4.8-6W5	Q2465
005.SCG*LB2.CP-7++8.N.10.16-1.20-2W16	Q2466
005.SCG*LB3.CP-4++3.N.-3.18-5.22-1W7	Q2467
005.SCG*LB2.CP-7++6.N.-2.6-2.7-10W6	Q2468
005.SCG*LB2.CP-4++7.N.-3.12-1.12-9W9	Q2469
005.SCG*LB2.CP-4++2.N.-5.1-2.6-1W8	Q2470
005.SCG*LB4.CP-2++2.N.-4.11-5.12-6W4	Q2471
005.SCG*LB2.CP-3++5.N.-4.22-2.24-1W3	Q2472
005.SCG*LB2.CP-7++6.N.-8.1-1.5-3W6	Q2473
005.SCG*LB3.CP15++1.N.-3.6-1.8-2W9	Q2474
005.SCG*LB3.CP-4++3.N.10.15-3.19-2W16	Q2475
005.SCG*LB3.CP-7++5.N.-5.8-2.9-5W9	Q2476
005.SCG*LB3.CP-6++7.N.-5.1-2.8-1W4	Q2477
005.SCG*LB2.CP-2++2.N.-6.16-1.20-7W13	Q2478
005.SCG*LB2.CP-2++3.N.-4.10-2.13-3W4	Q2479
005.SCG*LB3.CP--++2.N.-3.13-1.13-6W4	Q2480
005.SCG*LB3.CP-8++7.N.-3.1-2.3-6W9	Q2481
005.SCG*LB3.CP-9++2.N.12.36-1.38-5W5	Q2482
005.SCG*LB3.CP12++2.N.-3.7-7.9-6W4	Q2483
005.SCG*LB3.CP--++2.N.-8.8-3.9-1W5	Q2484
005.SCG*LB3.CP10++0.N.-2.11-4.13-6W9	Q2485
005.SCG*LB3.CP-9++0.N.-2.1-1.2-5W5	Q2486
005.SCG*LB3.CP-9++7.N.-8.4-1.9-5W3	Q2487
005.SCG*LB3.CP15++5.N.-5.1-2.6-6W30	Q2488
005.SCG*LB4.CP-7++0.N.-2.2-6.3-6W7	Q2489
005.SCG*LB3.CP-6++4.N.-4.9-1.12-2W7	Q2490
005.SCG*LB3.CP12++2.N.-5.3-7.4-8W6	Q2491
005.SCG*LB4.CP-8++2.N.-6.8-3.9-7W6	Q2492
005.SCG*LB2.CP-4++6.N.-4.6-1.9-1W20	Q2493
005.SCG*LB2.CP-7++4.N.-8.4-5.8-3W10	Q2494
005.SCG*LB2.CP-2++3.N.-6.7-4.9-5W7	Q2495
005.SCG*LB1.CP-5++0.N.-3.1-2.4-5W12	Q2496
005.SCG*LB2.CP--++7.N.-5.2-3.4-6W15	Q2497
005.SCG*LB2.CP-6++0.N.-8.3-2.5-8W8	Q2498
005.SCG*LB2.CP--++6.N.-4.10-1.11-4W4	Q2499
005.SCG*LB2.CP-4++8.N.-3.2-2.3-5W13	Q2500
005.SCG*LB4.CP-7++7.N.-4.5-5.9-3W24	Q2501
005.SCG*LB3.CP-8++6.N.-5.1-2.3-3W12	Q2502
005.SCG*LB3.CP-7++3.N.-5.6-3.8-3W14	Q2503
005.SCG*LB2.CP10++0.N.-5.1-2.5-6W16	Q2504
005.SCG*LB3.CP-9++9.N.-9.14-1.19-1W16	Q2505
005.SCG*LB3.CP-6++5.N.-4.17-2.18-6W11	Q2506
005.SCG*LB3.CP-4++2.N.-7.19-1.22-3W15	Q2507
005.SCG*LB3.CP14++8.N.-5.7-2.8-3W8	Q2508
005.SCG*LB1.CP-7++2.N.-8.6-3.8-5W15	Q2509
005.SCG*LB3.CP-6++7.N.-5.12-2.14-7W9	Q2510
005.SCG*LB3.CP-1++0.N.-7.11-2.13-3W3	Q2511
005.SCG*LB2.CP-5++6.N.-5.17-1.19-4W17	Q2512
005.SCG*LB1.CP-1++7.N.-4.3-6.4-5W3	Q2513
005.SCG*LB2.CP-8++3.N.23.2-4.6-2W21	Q2514
005.SCG*LB2.CP-7++8.N.-6.1-1.3-5W12	Q2515
005.SCG*LB1.CP-2++3.N.-3.9-1.13-7W25	Q2516
005.SCG*LB3.CP-4++2.N.-7.41-4.43-4W12	Q2517
005.SCG*LB3.CP--++8.N.-5.1-2.2-2W3	Q2518
005.SCG*LB3.CP--++3.N.--.1-1.2-1W4	Q2519
005.SCG*LB3.CP-8++9.N.-5.1-2.5-1W17	Q2520
005.SCG*LB3.CP-4++3.N.-2.33-1.36-4W5	Q2521
005.SCG*LB2.CP--++7.N.-5.6-3.8-3W4	Q2522
005.SCG*LB2.CP-3++1.N.-2.25-1.27-3W7	Q2523
005.SCG*LB2.CP-2++3.N.-6.17-5.19-6W9	Q2524
005.SCG*LB4.CP-7++2.N.-3.18-1.21-3W21	Q2525
005.SCG*LB3.CP-4++2.N.-4.27-1.30-1W14	Q2526
005.SCG*LB1.CP-6++5.N.-9.2-6.5-2W9	Q2527
005.SCG*LB2.CP-4++7.N.-3.17-2.18-1W5	Q2528
005.SCG*LB4.CP-2++2.N.-5.1-1.3-4W10	Q2529
005.SCG*LB4.CP-6++5.N.-3.9-5.12-1W15	Q2530
005.SCG*LB3.CP10++9.N.-5.7-5.10-1W6	Q2531
005.SCG*LB2.CP-7++7.N.-3.17-3.19-2W5	Q2532
005.SCG*LB3.CP-7++1.N.-2.4-2.7-3W11	Q2533
005.SCG*LB2.CP-2++0.N.-3.3-5.10-6W31	Q2534
005.SCG*LB3.CP-2++3.N.-9.3-5.6-3W12	Q2535
005.SCG*LB3.CP-4++2.N.-4.14-1.18-2W18	Q2536
005.SCG*LB3.CP-5++2.N.-3.1-2.2-6W9	Q2537
005.SCG*LB3.CP-7++3.N.-3.6-6.9-4W1	Q2538
005.SCG*LB2.CP--++8.N.-6.5-4.6-3W10	Q2539
005.SCG*LB4.CP-2++2.N.-5.14-2.16-7W12	Q2540
005.SCG*LB3.CP14++5.N.-4.1-2.3-1W9	Q2541
005.SCG*LB2.CP-4++2.N.-6.6-1.10-4W7	Q2542
005.SCG*LB3.CP-1++9.N.-4.3-2.3-6W3	Q2543
005.SCG*LB3.CP-7++0.N.-5.4-1.6-7W18	Q2544
005.SCG*LB3.CP--++3.N.-7.15-3.16-2W6	Q2545
005.SCG*LB2.CP-2++3.N.-7.11-1.12-7W12	Q2546
005.SCG*LB1.CP-7++2.N.-8.3-6.4-4W7	Q2547
005.SCG*LB3.CP-7++2.N.-2.1-1.5-3W25	Q2548
005.SCG*LB2.CP-2++1.N.-9.5-4.10-2W28	Q2549
005.SCG*LB2.CP-7++6.N.20.16-6.19-3W4	Q2550
005.SCG*LB2.CP-7++7.N.-1.8-6.11-1W5	Q2551
005.SCG*LB3.CP-9++5.N.17.16-2.19-2W16	Q2552
005.SCG*LB3.CP11++2.N.-2.3-7.5-3W7	Q2553
005.SCG*LB3.CP-8++7.N.-3.1-2.3-6W6	Q2554
005.SCG*LB1.CP-9++7.N.-3.15-2.18-6W13	Q2555
005.SCG*LB3.CP13++9.N.17.18-3.23-4W34	Q2556
005.SCG*LB2.CP-2++2.N.-6.6-1.7-1W4	Q2557
005.SCG*LB2.CP-5++1.N.-3.1-2.3-4W14	Q2558
005.SCG*LB4.CP-7++6.N.-1.14-2.17-5W20	Q2559
005.SCG*LB2.CP-6++0.N.16.9-3.13-6W13	Q2560
005.SCG*LB3.CP-9++4.N.-5.3-7.4-7W9	Q2561
005.SCG*LB4.CP-6++3.N.12.20-1.23-1W13	Q2562
005.SCG*LB4.CP-3++6.N.10.11-1.14-1W12	Q2563
005.SCG*LB2.CP-4++7.N.-3.18-2.21-4W20	Q2564
005.SCG*LB2.CP-3++1.N.-4.1-2.6-6W39	Q2565
005.SCG*LB2.CP-8++3.N.24.1-1.4-4W9	Q2566
005.SCG*LB1.CP-7++2.N.-6.8-8.10-1W1	Q2567
005.SCG*LB2.CP-4++3.N.-5.1-2.3-3W11	Q2568
005.SCG*LB3.CP-7++6.N.-7.18-4.20-1W5	Q2569
005.SCG*LB2.CP-2++3.N.12.1-1.3-5W11	Q2570
005.SCG*LB2.CP-8++6.N.-5.1-2.2-4W4	Q2571
005.SCG*LB3.CP-7++3.N.-4.12-2.14-3W11	Q2572
005.SCG*LB2.CP-4++8.N.-3.15-5.17-1W8	Q2573
005.SCG*LB1.CP-3++7.N.-5.5-6.6-7W5	Q2574
005.SCG*LB1.CP-9++1.N.-9.18-1.20-5W7	Q2575
005.SCG*LB3.CP13++5.N.24.11-6.14-1W13	Q2576
005.SCG*LB2.CP-2++0.N.-6.6-2.7-3W6	Q2577
005.SCG*LB2.CP-7++4.N.14.6-3.7-1W6	Q2578
005.SCG*LB2.CP-8++0.N.13.24-4.31-1W45	Q2579
005.SCG*LB3.CP-6++7.N.-5.10-4.12-1W6	Q2580
005.SCG*LB4.CP-2++2.N.-6.7-5.10-4W13	Q2581
005.SCG*LB2.CP-7++7.N.-3.19-3.21-2W11	Q2582
005.SCG*LB3.CP-8++8.N.-2.16-1.18-5W6	Q2583
005.SCG*LB4.CP-8++3.N.11.13-1.16-6W23	Q2584
005.SCG*LB3.CP-6++7.N.-5.1-2.8-1W23	Q2585
005.SCG*LB3.CP14++9.N.-2.1-2.7-4W37	Q2586
005.SCG*LB3.CP-4++2.N.-3.1-1.8-3W32	Q2587
005.SCG*LB2.CP-2++3.N.-9.9-4.11-1W3	Q2588
005.SCG*LB2.CP-7++6.N.-6.1-2.5-5W3	Q2589
005.SCG*LB2.CP--++7.N.-5.2-3.4-6W9	Q2590
005.SCG*LB2.CP-8++2.N.17.20-2.24-6W31	Q2591
005.SCG*LB2.CP-2++3.N.-8.8-1.10-5W14	Q2592
005.SCG*LB3.CP10++5.N.10.11-5.16-1W18	Q2593
005.SCG*LB3.CP-3++8.N.-1.19-1.25-2W10	Q2594
005.SCG*LB4.CP-6++3.N.-3.6-1.9-1W8	Q2595
005.SCG*LB3.CP-4++2.N.-7.32-1.34-4W13	Q2596
005.SCG*LB2.CP-7++6.N.19.9-3.10-3W6	Q2597
005.SCG*LB4.CP-3++6.N.-6.5-3.7-6W4	Q2598
005.SCG*LB3.CP--++2.N.-6.2-5.4-4W10	Q2599
005.SCG*LB2.CP-4++8.N.-3.2-2.3-5W7	Q2600
005.SCG*LB2.CP-2++3.N.-6.1-2.5-4W2	Q2601
005.SCG*LB2.CP-4++1.N.12.23-4.25-3W13	Q2602
005.SCG*LB1.CP-9++3.N.-5.4-3.7-5W6	Q2603
005.SCG*LB2.CP-5++9.N.12.2-5.3-6W3	Q2604
005.SCG*LB2.CP-2++4.N.-2.1-1.2-3W4	Q2605
005.SCG*LB3.CP-8++4.N.-4.9-5.12-6W21	Q2606
005.SCG*LB2.CP-4++1.N.-7.3-6.6-4W17	Q2607
005.SCG*LB3.CP14++9.N.-2.1-2.7-4W14	Q2608
005.SCG*LB2.CP-4++8.N.--.1-1.3-1W8	Q2609
005.SCG*LB3.CP-4++3.N.-5.1-2.6-5W3	Q2610
005.SCG*LB2.CP-3++5.N.-7.15-1.17-1W4	Q2611
005.SCG*LB3.CP-7++6.N.10.1-2.4-2W10	Q2612
005.SCG*LB2.CP-3++0.N.17.6-2.8-1W5	Q2613
005.SCG*LB3.CP13++6.N.-3.4-7.6-6W6	Q2614
005.SCG*LB2.CP-4++7.N.-4.1-2.4-2W15	Q2615
005.SCG*LB4.CP-4++5.N.-7.33-6.38-4W27	Q2616
005.SCG*LB2.CP-2++0.N.-3.1-2.3-4W14	Q2617
005.SCG*LB2.CP-8++7.N.-5.17-4.20-2W4	Q2618
005.SCG*LB3.CP-8++4.N.-2.1-2.2-7W3	Q2619
005.SCG*LB3.CP--++3.N.-7.11-2.15-2W9	Q2620
005.SCG*LB2.CP-4++7.N.-4.22-1.27-3W28	Q2621
005.SCG*LB3.CP13++5.N.23.19-1.24-5W11	Q2622
005.SCG*LB2.CP-1++6.N.-6.1-2.2-4W5	Q2623
005.SCG*LB2.CP-8++7.N.-3.7-2.8-2W11	Q2624
005.SCG*LB2.CP-8++9.N.15.6-3.8-6W10	Q2625
005.SCG*LB3.CP13++0.N.-2.3-4.5-2W9	Q2626
005.SCG*LB2.CP-4++1.N.13.10-1.13-1W17	Q2627
005.SCG*LB3.CP14++4.N.-5.1-2.4-4W17	Q2628
005.SCG*LB2.CP--++7.N.-3.3-5.5-4W5	Q2629
005.SCG*LB3.CP--++2.N.--.1-1.2-1W4	Q2630
005.SCG*LB3.CP13++8.N.-1.4-1.5-5W7	Q2631
005.SCG*LB2.CP-7++9.N.-9.7-3.9-1W10	Q2632
005.SCG*LB3.CP13++5.N.24.11-6.14-1W6	Q2633
005.SCG*LB3.CP-7++1.N.-4.4-5.11-3W41	Q2634
005.SCG*LB3.CP11++2.N.-1.8-2.9-3W6	Q2635
005.SCG*LB1.CP-5++0.N.-4.4-5.9-6W10	Q2636
005.SCG*LB2.CP-7++6.N.18.11-2.14-5W14	Q2637
005.SCG*LB3.CP-9++2.N.-2.38-5.43-2W15	Q2638
005.SCG*LB2.CP-7++8.N.--.1-1.4-5W8	Q2639
005.SCG*LB3.CP-8++4.N.10.1-1.7-8W36	Q2640
005.SCG*LB2.CP-7++8.N.-8.1-1.3-7W9	Q2641
005.SCG*LB4.CP-6++3.N.-3.3-1.5-1W11	Q2642
005.SCG*LB4.CP-2++2.N.-5.3-5.5-4W12	Q2643
005.SCG*LB1.CP-1++5.N.-6.10-2.10-7W6	Q2644
005.SCG*LB2.CP-7++7.N.-5.11-5.13-2W8	Q2645
005.SCG*LB3.CP11++2.N.-6.1-2.2-6W10	Q2646
005.SCG*LB2.CP-9++9.N.-4.7-3.8-3W1	Q2647
005.SCG*LB2.CP-5++2.N.-7.1-2.4-2W4	Q2648
005.SCG*LB2.CP-4++1.N.10.13-1.15-6W10	Q2649
005.SCG*LB3.CP12++5.N.-4.1-2.6-2W29	Q2650
005.SCG*LB3.CP-1++0.N.-7.27-1.27-8W4	Q2651
005.SCG*LB3.CP-1++7.N.-7.7-5.10-5W1	Q2652
005.SCG*LB3.CP12++2.N.-2.5-1.7-3W14	Q2653
005.SCG*LB4.CP-4++3.N.-5.1-2.3-5W6	Q2654
005.SCG*LB3.CP-8++7.N.-5.10-1.13-2W9	Q2655
005.SCG*LB1.CP-5++5.N.-4.5-5.7-1W9	Q2656
005.SCG*LB3.CP-7++5.N.-5.1-2.4-3W13	Q2657
005.SCG*LB2.CP-3++6.N.-5.5-1.7-7W22	Q2658
005.SCG*LB3.CP--++7.N.-5.3-6.5-1W4	Q2659
005.SCG*LB3.CP-9++4.N.14.3-1.7-6W30	Q2660
005.SCG*LB2.CP-4++9.N.-5.1-2.3-3W13	Q2661
005.SCG*LB3.CP-4++3.N.-6.1-2.8-2W3	Q2662
005.SCG*LB3.CP16++2.N.-2.4-1.7-4W18	Q2663
005.SCG*LB3.CP-6++6.N.-4.1-2.8-6W4	Q2664
005.SCG*LB3.CP11++2.N.-6.1-2.2-6W2	Q2665
005.SCG*LB4.CP-5++5.N.-5.16-1.17-6W11	Q2666
005.SCG*LB3.CP-8++8.N.-3.3-5.4-4W4	Q2667
005.SCG*LB2.CP-7++7.N.-3.7-8.10-2W13	Q2668
005.SCG*LB2.CP-7++6.N.10.4-3.10-4W8	Q2669
005.SCG*LB3.CP--++3.N.-9.15-5.16-4W5	Q2670
005.SCG*LB3.CP-4++2.N.-7.45-2.47-2W5	Q2671
005.SCG*LB3.CP10++5.N.10.7-1.11-4W4	Q2672
005.SCG*LB2.CP-7++8.N.-7.14-6.16-6W10	Q2673
005.SCG*LB3.CP14++1.N.-1.1-1.6-2W20	Q2674
005.SCG*LB3.CP-4++2.N.-2.14-4.16-6W17	Q2675
005.SCG*LB3.CP14++8.N.-1.5-7.8-3W11	Q2676
005.SCG*LB2.CP-2++0.N.-7.1-1.6-6W25	Q2677
005.SCG*LB3.CP14++8.N.-1.8-4.9-3W5	Q2678
005.SCG*LB3.CP-1++5.N.-5.1-2.2-6W3	Q2679
005.SCG*LB2.CP-1++6.N.-6.2-5.4-1W1	Q2680
005.SCG*LB4.CP-1++3.N.-9.12-3.14-7W17	Q2681
005.SCG*LB3.CP-8++9.N.-5.1-2.5-1W15	Q2682
005.SCG*LB3.CP-9++9.N.-2.4-3.7-5W21	Q2683
005.SCG*LB2.CP-3++6.N.-4.3-1.5-6W13	Q2684
005.SCG*LB4.CP-2++2.N.-6.13-6.18-1W32	Q2685
005.SCG*LB1.CP-1++6.N.-5.5-3.6-4W1	Q2686
005.SCG*LB3.CP-7++4.N.-3.1-2.4-5W10	Q2687
005.SCG*LB3.CP-8++9.N.-5.5-2.7-1W12	Q2688
005.SCG*LB4.CP-1++3.N.-9.10-4.12-2W8	Q2689
005.SCG*LB1.CP-6++5.N.-9.5-3.11-1W6	Q2690
005.SCG*LB4.CP-8++3.N.-3.1-2.4-2W21	Q2691
005.SCG*LB3.CP-5++2.N.-4.6-6.8-1W5	Q2692
005.SCG*LB2.CP-2++4.N.-3.1-2.1-6W3	Q2693
005.SCG*LB3.CP13++9.N.17.18-3.23-4W20	Q2694
005.SCG*LB3.CP13++8.N.-7.6-1.10-3W11	Q2695
005.SCG*LB3.CP-1++8.N.-5.3-3.8-7W12	Q2696
005.SCG*LB2.CP-7++6.N.-3.11-1.13-1W12	Q2697
005.SCG*LB3.CP--++2.N.-4.22-6.26-4W28	Q2698
005.SCG*LB4.CP-3++5.N.-8.6-1.8-9W17	Q2699
005.SCG*LB4.CP-7++7.N.-5.5-3.8-1W7	Q2700
005.SCG*LB3.CP-1++0.N.14.8-1.9-2W5	Q2701
005.SCG*LB3.CP-8++5.N.-4.10-4.12-7W9	Q2702
005.SCG*LB1.CP-7++3.N.-4.1-2.4-1W21	Q2703
005.SCG*LB2.CP-3++0.N.17.14-2.20-7W23	Q2704
005.SCG*LB2.CP-1++6.N.-6.19-4.21-2W11	Q2705
005.SCG*LB2.CP-4++6.N.-5.4-1.5-2W10	Q2706
005.SCG*LB3.CP--++2.N.-4.32-2.33-1W4	Q2707
005.SCG*LB2.CP-4++6.N.-2.9-1.17-4W40	Q2708
005.SCG*LB3.CP--++3.N.-1.1-1.3-1W10	Q2709
005.SCG*LB2.CP-7++8.N.-4.11-1.16-2W39	Q2710
005.SCG*LB2.CP-7++3.N.25.16-2.19-5W12	Q2711
005.SCG*LB3.CP-5++3.N.-6.18-4.21-3W13	Q2712
005.SCG*LB3.CP-9++4.N.16.1-1.4-6W23	Q2713
005.SCG*LB2.CP-4++7.N.-3.8-5.11-6W9	Q2714
005.SCG*LB3.CP10++3.N.-8.10-4.13-1W13	Q2715
005.SCG*LB3.CP-8++4.N.11.5-1.7-1W13	Q2716
005.SCG*LB4.CP-7++6.N.-1.14-2.17-5W8	Q2717
005.SCG*LB2.CP-6++2.N.-8.1-2.5-1W21	Q2718
005.SCG*LB3.CP-5++3.N.-6.11-4.15-2W19	Q2719
005.SCG*LB2.CP-4++5.N.-4.4-7.10-2W19	Q2720
005.SCG*LB3.CP-6++7.N.-1.5-4.7-5W8	Q2721
005.SCG*LB2.CP-2++4.N.--.1-1.2-2W3	Q2722
005.SCG*LB4.CP-7++0.N.10.7-5.8-8W5	Q2723
005.SCG*LB2.CP-2++6.N.-5.8-3.9-4W4	Q2724
005.SCG*LB4.CP-2++7.N.-1.1-1.7-2W9	Q2725
005.SCG*LB3.CP--++3.N.-7.3-2.7-4W7	Q2726
005.SCG*LB2.CP-7++6.N.-4.12-1.17-3W19	Q2727
005.SCG*LB3.CP-4++2.N.-5.11-2.15-3W20	Q2728
005.SCG*LB2.CP-3++0.N.14.1-1.3-4W9	Q2729
005.SCG*LB4.CP-8++0.N.-7.4-3.5-7W10	Q2730
005.SCG*LB3.CP-1++0.N.-7.13-4.14-4W9	Q2731
005.SCG*LB2.CP-6++0.N.-1.14-2.22-5W19	Q2732
005.SCG*LB3.CP-6++6.N.-7.7-8.11-3W22	Q2733
005.SCG*LB2.CP--++7.N.-5.1-2.2-2W3	Q2734
005.SCG*LB1.CP-3++1.N.-2.6-1.8-2W14	Q2735
005.SCG*LB4.CP-7++0.N.-2.13-4.15-3W12	Q2736
005.SCG*LB2.CP-7++8.N.-6.3-6.5-1W1	Q2737
005.SCG*LB4.CP-7++0.N.-2.9-3.10-6W11	Q2738
005.SCG*LB3.CP11++4.N.-4.1-2.2-7W8	Q2739
005.SCG*LB2.CP-7++5.N.-8.29-1.35-4W29	Q2740
005.SCG*LB3.CP11++3.N.-2.1-2.4-5W21	Q2741
005.SCG*LB2.CP-1++6.N.-6.19-4.21-2W5	Q2742
005.SCG*LB2.CP-2++8.N.-5.7-2.7-7W1	Q2743
005.SCG*LB4.CP-2++2.N.-5.17-1.18-7W8	Q2744
005.SCG*LB2.CP-7++3.N.39.4-1.7-3W13	Q2745
005.SCG*LB1.CP-7++2.N.-6.1-2.5-2W26	Q2746
005.SCG*LB3.CP11++1.N.-1.10-1.12-6W17	Q2747
005.SCG*LB3.CP13++5.N.23.7-1.9-5W16	Q2748
005.SCG*LB3.CP14++6.N.-6.6-5.7-8W12	Q2749
005.SCG*LB3.CP-9++3.N.-5.4-4.6-5W4	Q2750
005.SCG*LB3.CP10++3.N.-8.6-5.10-3W19	Q2751
005.SCG*LB1.CP-7++8.N.-5.4-2.9-1W32	Q2752
005.SCG*LB2.CP-3++5.N.-6.9-6.17-3W33	Q2753
005.SCG*LB2.CP-3++6.N.-4.6-1.7-5W8	Q2754
005.SCG*LB4.CP-5++5.N.-5.24-4.26-4W8	Q2755
005.SCG*LB3.CP-7++0.N.-3.5-2.11-2W40	Q2756
005.SCG*LB2.CP-2++3.N.10.12-7.14-6W14	Q2757
005.SCG*LB4.CP-1++3.N.-7.6-1.9-2W22	Q2758
005.SCG*LB2.CP-1++6.N.-8.1-2.5-3W5	Q2759
005.SCG*LB1.CP-1++6.N.-5.2-4.4-1W11	Q2760
005.SCG*LB2.CP-7++8.N.-8.24-4.26-5W6	Q2761
005.SCG*LB2.CP-1++6.N.-4.12-2.13-2W4	Q2762
005.SCG*LB2.CP-7++7.N.-5.29-1.32-3W18	Q2763
005.SCG*LB3.CP-6++7.N.-4.1-2.3-3W6	Q2764
005.SCG*LB2.CP-5++8.N.10.1-2.4-4W15	Q2765
005.SCG*LB2.CP-4++7.N.-3.12-1.12-9W6	Q2766
005.SCG*LB2.CP-7++6.N.-3.9-5.10-4W4	Q2767
005.SCG*LB2.CP-4++8.N.-3.6-1.7-2W8	Q2768
005.SCG*LB2.CP-7++7.N.-5.1-1.5-2W22	Q2769
005.SCG*LB2.CP-7++6.N.20.24-5.26-2W5	Q2770
005.SCG*LB4.CP-5++5.N.14.8-6.12-6W23	Q2771
005.SCG*LB3.CP-4++4.N.-3.17-5.24-5W19	Q2772
005.SCG*LB4.CP-2++2.N.-6.10-5.13-5W3	Q2773
005.SCG*LB3.CP-4++3.N.-5.6-6.9-2W8	Q2774
005.SCG*LB3.CP-2++3.N.-2.8-5.14-3W5	Q2775
005.SCG*LB2.CP-7++6.N.19.19-4.22-4W17	Q2776
005.SCG*LB3.CP-7++2.N.-2.7-6.12-3W33	Q2777
005.SCG*LB2.CP-7++6.N.-2.3-5.6-1W6	Q2778
005.SCG*LB2.CP-4++2.N.-6.17-3.23-1W19	Q2779
005.SCG*LB2.CP-7++8.N.-1.1-1.5-7W25	Q2780
005.SCG*LB2.CP-3++6.N.-2.13-2.15-4W13	Q2781
005.SCG*LB2.CP-7++6.N.--.1-1.3-1W3	Q2782
005.SCG*LB3.CP14++2.N.-1.7-5.10-3W16	Q2783
005.SCG*LB3.CP--++8.N.11.3-2.8-4W15	Q2784
005.SCG*LB3.CP14++8.N.-3.1-2.6-2W7	Q2785
005.SCG*LB2.CP-6++0.N.10.3-6.6-4W6	Q2786
005.SCG*LB3.CP14++8.N.-6.2-5.5-1W13	Q2787
005.SCG*LB2.CP-9++6.N.-8.7-1.9-1W3	Q2788
005.SCG*LB4.CP-2++2.N.-5.14-2.16-7W7	Q2789
005.SCG*LB2.CP-8++9.N.-8.1-1.11-1W47	Q2790
005.SCG*LB2.CP-3++5.N.-8.21-1.23-2W40	Q2791
005.SCG*LB4.CP-2++0.N.-6.2-1.4-3W12	Q2792
005.SCG*LB3.CP-6++5.N.10.8-4.9-6W6	Q2793
005.SCG*LB2.CP-4++5.N.-7.1-2.3-3W3	Q2794
005.SCG*LB3.CP-4++3.N.-9.8-5.10-3W9	Q2795
005.SCG*LB2.CP-7++7.N.-1.1-1.8-5W44	Q2796
005.SCG*LB4.CP-5++5.N.-5.27-5.30-6W4	Q2797
005.SCG*LB3.CP-8++7.N.-5.10-1.13-2W3	Q2798
005.SCG*LB3.CP-9++0.N.-2.1-1.2-5W11	Q2799
005.SCG*LB3.CP-4++3.N.-9.1-2.5-4W4	Q2800
005.SCG*LB1.CP-4++3.N.13.5-2.9-4W8	Q2801
005.SCG*LB2.CP-4++7.N.-4.6-2.8-5W8	Q2802
005.SCG*LB3.CP--++2.N.-6.4-5.7-1W1	Q2803
005.SCG*LB2.CP-3++5.N.-4.18-4.21-2W8	Q2804
005.SCG*LB3.CP-6++6.N.-4.12-5.15-4W21	Q2805
005.SCG*LB2.CP-7++4.N.-5.8-1.10-5W12	Q2806
005.SCG*LB4.CP-5++1.N.13.1-1.5-1W17	Q2807
005.SCG*LB3.CP-4++3.N.-3.18-5.22-1W23	Q2808
005.SCG*LB4.CP-2++2.N.-5.5-5.6-2W7	Q2809
005.SCG*LB4.CP-7++3.N.-2.36-3.38-2W11	Q2810
005.SCG*LB2.CP-2++3.N.-3.11-3.14-6W14	Q2811
005.SCG*LB4.CP-7++7.N.-3.7-6.10-1W6	Q2812
005.SCG*LB1.CP-2++0.N.24.9-2.12-2W21	Q2813
005.SCG*LB3.CP-4++6.N.-8.5-4.6-7W1	Q2814
005.SCG*LB2.CP-8++0.N.10.18-5.20-2W10	Q2815
005.SCG*LB4.CP-2++2.N.-5.6-3.7-6W12	Q2816
005.SCG*LB2.CP-7++8.N.-5.1-2.3-1W5	Q2817
005.SCG*LB4.CP--++8.N.-6.22-5.28-3W36	Q2818
005.SCG*LB3.CP-7++3.N.-3.3-2.5-1W3	Q2819
005.SCG*LB3.CP--++5.N.10.3-2.8-5W26	Q2820
005.SCG*LB2.CP-7++4.N.-2.52-1.56-2W19	Q2821
005.SCG*LB3.CP-4++3.N.-2.23-3.24-6W9	Q2822
005.SCG*LB2.CP-2++3.N.-7.6-5.7-5W11	Q2823
005.SCG*LB3.CP-8++1.N.-3.1-1.3-7W19	Q2824
005.SCG*LB3.CP11++3.N.-2.8-1.13-4W18	Q2825
005.SCG*LB2.CP-7++3.N.24.1-2.3-5W16	Q2826
005.SCG*LB3.CP10++5.N.10.11-5.16-1W29	Q2827
005.SCG*LB1.CP-1++5.N.-4.3-8.4-6W8	Q2828
005.SCG*LB2.CP-1++6.N.-5.7-4.9-3W5	Q2829
005.SCG*LB2.CP-2++3.N.-7.1-2.2-7W4	Q2830
005.SCG*LB3.CP-8++4.N.-7.1-2.1-6W2	Q2831
005.SCG*LB2.CP-7++7.N.-5.1-1.5-2W13	Q2832
005.SCG*LB3.CP-7++3.N.-5.10-5.12-5W13	Q2833
005.SCG*LB2.CP-7++9.N.-9.2-6.4-4W3	Q2834
005.SCG*LB2.CP-4++7.N.-3.13-1.14-6W11	Q2835
005.SCG*LB3.CP13++8.N.-4.8-1.10-1W8	Q2836
005.SCG*LB2.CP-3++0.N.16.12-1.18-5W16	Q2837
005.SCG*LB3.CP-2++3.N.-2.4-2.8-4W7	Q2838
005.SCG*LB1.CP-6++5.N.-9.1-2.2-5W6	Q2839
005.SCG*LB2.CP-1++0.N.-1.16-5.21-4W17	Q2840
005.SCG*LB3.CP-6++6.N.-6.7-5.11-2W15	Q2841
005.SCG*LB2.CP-8++5.N.11.10-1.14-3W13	Q2842
005.SCG*LB2.CP-5++0.N.-4.5-5.6-3W6	Q2843
005.SCG*LB3.CP-1++0.N.15.4-4.9-3W12	Q2844
005.SCG*LB3.CP--++2.N.-3.9-2.11-4W15	Q2845
005.SCG*LB1.CP-4++7.N.-8.2-1.3-7W1	Q2846
005.SCG*LB1.CP-2++2.N.11.3-1.3-7W1	Q2847
005.SCG*LB2.CP-2++1.N.11.6-3.8-5W3	Q2848
005.SCG*LB4.CP--++7.N.11.6-4.7-2W9	Q2849
005.SCG*LB1.CP-4++3.N.15.2-4.3-2W1	Q2850
005.SCG*LB4.CP--++8.N.-7.18-1.24-2W4	Q2851
005.SCG*LB4.CP-2++8.N.-6.1-1.4-3W15	Q2852
005.SCG*LB4.CP--++2.N.-5.14-4.14-6W1	Q2853
005.SCG*LB2.CP-6++1.N.-3.9-5.15-1W7	Q2854
005.SCG*LB4.CP-7++3.N.-2.32-2.32-5W2	Q2855
005.SCG*LB3.CP10++6.N.-8.3-3.5-6W11	Q2856
005.SCG*LB3.CP10++6.N.-8.1-2.3-2W5	Q2857
005.SCG*LB2.CP--++2.N.-4.8-2.13-4W12	Q2858
005.SCG*LB3.CP14++2.N.-3.4-3.7-2W17	Q2859
005.SCG*LB4.CP-9++0.N.-5.8-2.11-2W17	Q2860
005.SCG*LB4.CP-9++0.N.-4.3-3.9-2W14	Q2861
005.SCG*LB3.CP11++2.N.13.4-5.13-1W55	Q2862
005.SCG*LB4.CP-9++0.N.-4.3-3.9-2W3	Q2863
005.SCG*LB4.CP-9++0.N.-4.9-3.11-2W10	Q2864
005.SCG*LB2.CP-8++3.N.-7.4-2.9-7W41	Q2865
005.SCG*LB4.CP-9++0.N.-4.11-3.13-3W14	Q2866
005.SCG*LB4.CP-9++0.N.-4.3-3.9-2W37	Q2867
005.SCG*LB4.CP-7++4.N.-3.12-1.14-6W9	Q2868
005.SCG*LB1.CP-1++7.N.-5.1-2.3-2W11	Q2869
005.SCG*LB2.CP-5++6.N.-5.3-4.8-5W28	Q2870
005.SCG*LB2.CP-2++5.N.-4.1-1.5-1W23	Q2871
005.SCG*LB1.CP-1++3.N.19.25-4.27-4W9	Q2872
005.SCG*LB3.CP10++3.N.-4.13-3.15-6W9	Q2873
005.SCG*LB2.CP-5++6.N.-5.13-6.15-4W13	Q2874
005.SCG*LB1.CP-1++3.N.19.6-1.9-1W7	Q2875
005.SCG*LB2.CP-5++6.N.-5.3-4.8-5W33	Q2876
005.SCG*LB3.CP--++4.N.-4.28-6.32-3W17	Q2877
005.SCG*LB1.CP-2++0.N.24.1-1.5-4W28	Q2878
005.SCG*LB4.CP-6++6.N.-2.1-1.7-6W26	Q2879
005.SCG*LB1.CP-1++3.N.19.25-4.27-4W7	Q2880
005.SCG*LB2.CP-5++6.N.-2.5-1.6-2W8	Q2881
005.SCG*LB2.CP-3++7.N.-2.13-1.19-6W37	Q2882
005.SCG*LB2.CP-5++6.N.-5.3-4.8-5W6	Q2883
005.SCG*LB3.CP-8++2.N.-6.12-5.16-2W23	Q2884
005.SCG*LB4.CP-1++1.N.-2.5-2.7-5W13	Q2885
005.SCG*LB4.CP-9++0.N.-2.1-1.7-3W22	Q2886
005.SCG*LB3.CP-8++2.N.-6.12-5.16-2W19	Q2887
005.SCG*LB3.CP-8++2.N.-7.11-5.13-2W11	Q2888
005.SCG*LB1.CP-1++3.N.19.14-1.17-6W12	Q2889
005.SCG*LB1.CP-1++3.N.19.6-1.9-1W8	Q2890
005.SCG*LB1.CP-1++3.N.26.1-1.4-7W28	Q2891
005.SCG*LB3.CP-4++0.N.-6.6-3.8-3W13	Q2892
005.SCG*LB3.CP-4++2.N.-2.9-2.10-5W13	Q2893
005.SCG*LB1.CP--++4.N.-7.2-1.4-1W3	Q2894
005.SCG*LB4.CP-3++6.N.-7.8-2.10-6W13	Q2895
005.SCG*LB4.CP-9++1.N.10.18-6.19-7W4	Q2896
005.SCG*LB4.CP-2++2.N.-3.17-7.20-1W7	Q2897
005.SCG*LB4.CP-2++9.N.-2.8-2.11-1W6	Q2898
005.SCG*LB4.CP-2++9.N.-8.3-1.6-3W10	Q2899
005.SCG*LB4.CP-2++9.N.-1.7-3.11-1W18	Q2900
005.SCG*LB3.CP11++5.N.-6.2-2.6-5W22	Q2901
005.SCG*LB3.CP13++2.N.30.2-1.5-6W9	Q2902
005.SCG*LB1.CP-8++8.N.-2.3-5.5-3W13	Q2903
005.SCG*LB3.CP12++2.N.-9.1-1.10-1W57	Q2904
005.SCG*LB1.CP-7++4.N.-4.1-2.8-4W14	Q2905
005.SCG*LB4.CP-4++8.N.-3.11-5.15-6W28	Q2906
005.SCG*LB1.CP--++4.N.-7.2-1.4-1W7	Q2907
005.SCG*LB3.CP-9++5.N.16.16-3.18-4W11	Q2908
005.SCG*LB4.CP-5++5.N.10.16-1.17-1W5	Q2909
005.SCG*LB3.CP-9++5.N.15.15-1.19-6W26	Q2910
005.SCG*LB3.CP10++1.N.-3.6-3.9-6W14	Q2911
005.SCG*LB3.CP14++8.N.-7.2-1.5-7W27	Q2912
005.SCG*LB3.CP10++1.N.-3.4-6.6-2W12	Q2913
005.SCG*LB3.CP10++3.N.-2.5-2.9-5W4	Q2914
005.SCG*LB4.CP-9++1.N.10.26-3.28-4W3	Q2915
005.SCG*LB2.CP-2++2.N.-7.4-1.4-6W1	Q2916
005.SCG*LB3.CP-5++3.N.-7.16-6.17-1W1	Q2917
005.SCG*LB4.CP-1++9.N.-7.9-6.10-6W3	Q2918
005.SCG*LB1.CP-7++5.N.-4.11-2.13-4W12	Q2919
005.SCG*LB1.CP-9++1.N.-9.9-2.14-2W16	Q2920
005.SCG*LB4.CP-2++3.N.11.13-7.16-3W17	Q2921
005.SCG*LB3.CP11++6.N.-5.8-6.10-5W10	Q2922
005.SCG*LB1.CP-9++1.N.-3.3-3.8-7W15	Q2923
005.SCG*LB3.CP-2++6.N.12.1-2.3-5W16	Q2924
005.SCG*LB3.CP-9++0.N.-6.1-2.3-3W14	Q2925
005.SCG*LB3.CP-2++6.N.12.15-3.18-2W11	Q2926
005.SCG*LB3.CP11++1.N.-1.16-1.19-4W22	Q2927
005.SCG*LB4.CP-1++9.N.10.1-1.5-4W14	Q2928
005.SCG*LB4.CP-2++0.N.-2.4-6.6-1W6	Q2929
005.SCG*LB4.CP-1++9.N.-9.6-4.11-4W12	Q2930
005.SCG*LB3.CP15++8.N.-3.1-2.3-1W10	Q2931
005.SCG*LB4.CP-2++3.N.11.18-2.20-3W7	Q2932
005.SCG*LB3.CP-4++8.N.-8.3-6.4-5W6	Q2933
005.SCG*LB4.CP-2++6.N.-6.7-5.9-2W5	Q2934
005.SCG*LB4.CP-2++4.N.13.5-3.7-1W10	Q2935
005.SCG*LB3.CP-6++2.N.-4.3-4.6-3W21	Q2936
005.SCG*LB1.CP-9++1.N.-2.1-1.2-6W10	Q2937
005.SCG*LB4.CP-2++3.N.11.5-1.6-6W12	Q2938
005.SCG*LB4.CP-1++9.N.-8.7-2.8-7W5	Q2939
005.SCG*LB4.CP-1++9.N.-7.5-4.9-5W13	Q2940
005.SCG*LB3.CP11++8.N.-4.21-4.23-3W8	Q2941
005.SCG*LB4.CP-2++3.N.-5.5-5.7-6W15	Q2942
005.SCG*LB1.CP-9++1.N.-4.17-5.19-5W13	Q2943
005.SCG*LB4.CP-2++3.N.11.1-1.3-3W12	Q2944
005.SCG*LB1.CP-9++1.N.-4.1-2.7-2W18	Q2945
005.SCG*LB3.CP13++5.N.17.5-5.8-5W6	Q2946
005.SCG*LB3.CP11++2.N.-3.12-5.17-1W23	Q2947
005.SCG*LB3.CP-9++5.N.-5.5-3.9-5W9	Q2948
005.SCG*LB1.CP-9++1.N.-6.2-5.8-1W13	Q2949
005.SCG*LB4.CP-2++6.N.-6.16-1.18-6W22	Q2950
005.SCG*LB1.CP-9++1.N.-5.6-6.12-2W24	Q2951
005.SCG*LB1.CP-9++1.N.-5.6-6.12-2W34	Q2952
005.SCG*LB3.CP-9++5.N.-5.1-2.5-2W10	Q2953
005.SCG*LB1.CP-7++5.N.-4.1-2.5-6W10	Q2954
005.SCG*LB3.CP-6++4.N.-2.12-4.18-2W33	Q2955
005.SCG*LB1.CP-9++6.N.-5.4-1.7-2W8	Q2956
005.SCG*LB4.CP-2++0.N.-2.11-2.13-6W15	Q2957
005.SCG*LB4.CP-1++9.N.-4.1-1.3-2W4	Q2958
005.SCG*LB4.CP-2++6.N.-6.21-6.23-6W9	Q2959
005.SCG*LB4.CP-9++2.N.-8.6-3.7-6W10	Q2960
005.SCG*LB3.CP-9++0.N.-6.3-4.5-1W9	Q2961
005.SCG*LB4.CP-2++3.N.-7.10-4.14-3W28	Q2962
005.SCG*LB4.CP-2++1.N.-2.38-1.42-5W14	Q2963
005.SCG*LB1.CP-9++1.N.-8.1-1.2-8W12	Q2964
005.SCG*LB4.CP-1++9.N.-7.5-4.9-5W19	Q2965
005.SCG*LB4.CP-1++9.N.-8.9-1.12-1W13	Q2966
005.SCG*LB1.CP-1++3.N.10.14-6.16-8W15	Q2967
005.SCG*LB1.CP10++2.N.-3.4-2.7-4W9	Q2968
005.SCG*LB1.CP-9++1.N.-3.3-3.8-7W37	Q2969
005.SCG*LB3.CP-2++6.N.-1.1-1.11-4W22	Q2970
005.SCG*LB4.CP-1++9.N.-4.1-1.3-2W10	Q2971
005.SCG*LB1.CP-7++5.N.-4.1-2.5-6W21	Q2972
005.SCG*LB1.CP--++5.N.-5.10-1.15-1W24	Q2973
005.SCG*LB1.CP-9++1.N.-6.2-5.8-1W8	Q2974
005.SCG*LB4.CP-1++9.N.-9.1-1.3-5W8	Q2975
005.SCG*LB3.CP-2++6.N.12.10-2.13-1W1	Q2976
005.SCG*LB1.CP-9++1.N.-4.1-2.7-2W23	Q2977
005.SCG*LB4.CP-2++6.N.-6.7-5.9-2W12	Q2978
005.SCG*LB1.CP-9++1.N.-7.2-3.6-3W8	Q2979
005.SCG*LB1.CP-9++1.N.-6.2-5.8-1W10	Q2980
005.SCG*LB3.CP-9++5.N.-5.1-2.5-2W6	Q2981
005.SCG*LB4.CP-1++9.N.-8.1-1.5-4W10	Q2982
005.SCG*LB2.CP-4++1.N.-5.16-7.17-6W5	Q2983
005.SCG*LB4.CP-2++1.N.-2.38-1.42-5W12	Q2984
005.SCG*LB1.CP-9++1.N.-4.11-6.13-6W5	Q2985
005.SCG*LB1.CP-9++1.N.-2.1-1.2-6W12	Q2986
005.SCG*LB4.CP-1++9.N.-3.21-5.26-1W6	Q2987
005.SCG*LB1.CP-9++1.N.-9.6-5.9-1W9	Q2988
005.SCG*LB1.CP-9++1.N.-9.9-2.14-2W36	Q2989
005.SCG*LB4.CP-1++9.N.-7.5-4.9-5W6	Q2990
005.SCG*LB4.CP-2++3.N.11.10-3.13-6W7	Q2991
005.SCG*LB1.CP-9++1.N.-2.4-5.5-8W9	Q2992
005.SCG*LB3.CP-2++5.N.-7.2-5.7-4W8	Q2993
005.SCG*LB3.CP15++1.N.-4.9-1.10-4W14	Q2994
005.SCG*LB3.CP-9++5.N.-5.5-3.9-5W27	Q2995
005.SCG*LB4.CP-2++1.N.-1.8-1.12-5W12	Q2996
005.SCG*LB4.CP-2++1.N.-3.9-1.9-6W3	Q2997
005.SCG*LB4.CP-2++3.N.11.13-7.16-3W7	Q2998
005.SCG*LB3.CP11++8.N.-4.19-5.21-3W9	Q2999
005.SCG*LB1.CP-9++1.N.-4.11-6.13-6W9	Q3000
005.SCG*LB1.CP-9++1.N.-7.2-3.6-3W22	Q3001
005.SCG*LB1.CP-9++1.N.-6.13-4.14-3W7	Q3002
005.SCG*LB4.CP-1++9.N.-7.9-6.10-6W5	Q3003
005.SCG*LB3.CP-9++7.N.13.1-1.2-5W7	Q3004
005.SCG*LB4.CP-1++9.N.12.1-1.5-3W17	Q3005
005.SCG*LB3.CP-9++0.N.-6.12-4.13-5W9	Q3006
005.SCG*LB4.CP-1++9.N.-8.9-1.12-1W15	Q3007
005.SCG*LB4.CP-1++9.N.-3.21-5.26-1W30	Q3008
005.SCG*LB3.CP-2++6.N.12.13-2.15-2W15	Q3009
005.SCG*LB3.CP11++6.N.-1.1-1.5-5W32	Q3010
005.SCG*LB4.CP-1++9.N.-7.5-4.9-5W33	Q3011
005.SCG*LB1.CP-9++1.N.-3.13-2.13-9W4	Q3012
005.SCG*LB3.CP13++6.N.17.6-1.8-1W15	Q3013
005.SCG*LB4.CP-1++9.N.-4.5-3.8-5W4	Q3014
005.SCG*LB1.CP-9++6.N.-7.3-1.5-3W9	Q3015
005.SCG*LB2.CP-8++0.N.16.1-1.3-3W9	Q3016
005.SCG*LB4.CP-1++9.N.-7.11-1.11-5W1	Q3017
005.SCG*LB1.CP-7++5.N.-3.12-5.15-2W15	Q3018
005.SCG*LB4.CP-1++9.N.-3.18-1.19-4W10	Q3019
005.SCG*LB1.CP10++2.N.-3.1-2.4-1W21	Q3020
005.SCG*LB1.CP-7++5.N.-4.11-2.13-4W17	Q3021
005.SCG*LB4.CP-1++9.N.10.1-1.5-4W3	Q3022
005.SCG*LB1.CP-9++1.N.-6.2-5.8-1W17	Q3023
005.SCG*LB2.CP--++1.N.-4.2-3.3-6W12	Q3024
005.SCG*LB1.CP10++2.N.-3.4-2.7-4W26	Q3025
005.SCG*LB1.CP-9++1.N.-4.1-2.7-2W30	Q3026
005.SCG*LB4.CP-2++1.N.-1.8-1.12-5W25	Q3027
005.SCG*LB3.CP11++6.N.-5.12-4.13-4W11	Q3028
005.SCG*LB3.CP11++8.N.-3.3-1.5-5W6	Q3029
005.SCG*LB4.CP-1++9.N.-8.5-5.7-1W3	Q3030
005.SCG*LB3.CP-2++6.N.11.7-1.10-6W10	Q3031
005.SCG*LB4.CP-1++9.N.-7.5-4.9-5W31	Q3032
005.SCG*LB3.CP-2++6.N.12.9-1.10-1W1	Q3033
005.SCG*LB1.CP-7++5.N.-4.1-2.5-6W30	Q3034
005.SCG*LB3.CP-9++0.N.-6.5-2.6-6W6	Q3035
005.SCG*LB4.CP-2++6.N.-2.23-5.25-4W10	Q3036
005.SCG*LB3.CP-2++6.N.16.1-2.7-1W39	Q3037
005.SCG*LB1.CP-7++5.N.-3.1-2.3-2W11	Q3038
005.SCG*LB4.CP-1++9.N.-9.6-4.11-4W14	Q3039
005.SCG*LB3.CP15++1.N.-4.10-5.13-3W22	Q3040
005.SCG*LB4.CP-1++9.N.-8.7-2.8-7W3	Q3041
005.SCG*LB4.CP-1++9.N.-7.9-6.10-6W8	Q3042
005.SCG*LB1.CP-7++5.N.-3.3-3.6-2W5	Q3043
005.SCG*LB4.CP-8++3.N.19.4-1.7-1W21	Q3044
005.SCG*LB4.CP-5++4.N.-5.14-6.16-3W6	Q3045
005.SCG*LB4.CP-2++3.N.11.10-3.13-6W21	Q3046
005.SCG*LB4.CP-1++9.N.-7.1-1.5-3W29	Q3047
005.SCG*LB1.CP-7++5.N.-4.6-1.8-2W12	Q3048
005.SCG*LB1.CP-9++1.N.-4.1-2.7-2W28	Q3049
005.SCG*LB4.CP-5++4.N.-5.14-6.16-3W8	Q3050
005.SCG*LB4.CP-2++1.N.-3.9-1.9-6W5	Q3051
005.SCG*LB4.CP-2++6.N.-2.23-5.25-4W13	Q3052
005.SCG*LB1.CP-9++6.N.-3.1-2.6-1W18	Q3053
005.SCG*LB1.CP-9++1.N.11.4-1.4-7W7	Q3054
005.SCG*LB4.CP-1++9.N.-8.1-1.5-4W8	Q3055
005.SCG*LB3.CP10++9.N.-7.5-2.9-2W12	Q3056
005.SCG*LB4.CP-2++3.N.11.3-4.4-8W11	Q3057
005.SCG*LB4.CP-2++3.N.11.6-7.8-8W8	Q3058
005.SCG*LB4.CP-1++9.N.10.1-1.5-4W18	Q3059
005.SCG*LB3.CP-9++0.N.-6.3-4.5-1W10	Q3060
005.SCG*LB4.CP-2++1.N.-3.1-2.5-6W6	Q3061
005.SCG*LB1.CP-9++6.N.-2.2-8.3-5W4	Q3062
005.SCG*LB1.CP-9++1.N.-4.13-7.17-4W3	Q3063
005.SCG*LB1.CP-7++5.N.-4.1-2.5-6W2	Q3064
005.SCG*LB3.CP-2++6.N.-1.1-1.11-4W51	Q3065
005.SCG*LB3.CP11++8.N.-4.23-4.27-4W10	Q3066
005.SCG*LB4.CP-2++1.N.-3.1-2.5-6W21	Q3067
005.SCG*LB1.CP-7++5.N.-3.6-3.7-6W10	Q3068
005.SCG*LB4.CP-1++9.N.-9.1-1.3-5W6	Q3069
005.SCG*LB1.CP-9++6.N.-7.17-1.17-9W10	Q3070
005.SCG*LB1.CP-9++1.N.12.40-5.44-3W13	Q3071
005.SCG*LB4.CP-9++5.N.-9.1-1.4-5W16	Q3072
005.SCG*LB4.CP-8++1.N.-5.11-2.12-5W7	Q3073
005.SCG*LB3.CP-6++2.N.-4.6-4.8-2W12	Q3074
005.SCG*LB2.CP-4++9.N.-3.1-2.4-1W14	Q3075
005.SCG*LB3.CP14++4.N.-3.1-2.6-4W34	Q3076
005.SCG*LB3.CP15++6.N.-4.1-2.5-2W5	Q3077
005.SCG*LB3.CP-3++0.N.-7.1-2.7-1W9	Q3078
005.SCG*LB3.CP14++5.N.-2.4-2.5-4W4	Q3079
005.SCG*LB3.CP15++6.N.-5.3-1.5-5W8	Q3080
005.SCG*LB4.CP-3++6.N.-5.3-4.5-2W12	Q3081
005.SCG*LB3.CP10++4.N.-8.8-4.11-1W13	Q3082
005.SCG*LB3.CP-4++8.N.-8.6-1.7-6W13	Q3083
005.SCG*LB3.CP-9++2.N.12.15-5.17-4W5	Q3084
005.SCG*LB3.CP-9++2.N.12.13-2.14-1W6	Q3085
005.SCG*LB3.CP14++3.N.-2.3-3.8-3W26	Q3086
005.SCG*LB4.CP-5++9.N.-3.2-3.3-6W6	Q3087
005.SCG*LB3.CP13++5.N.-5.11-4.14-2W3	Q3088
005.SCG*LB3.CP-6++2.N.-2.6-1.7-7W13	Q3089
005.SCG*LB2.CP-5++5.N.-3.11-2.15-1W15	Q3090
005.SCG*LB3.CP-6++2.N.-4.1-2.3-3W12	Q3091
005.SCG*LB4.CP-7++0.N.-9.3-3.8-1W20	Q3092
005.SCG*LB3.CP-9++2.N.12.42-5.45-6W12	Q3093
005.SCG*LB3.CP15++8.N.-3.6-7.10-2W22	Q3094
005.SCG*LB4.CP-5++4.N.-8.12-1.15-1W15	Q3095
005.SCG*LB3.CP15++6.N.-5.5-6.8-1W13	Q3096
005.SCG*LB4.CP-7++2.N.-8.13-2.18-2W6	Q3097
005.SCG*LB3.CP-9++5.N.14.13-7.17-5W8	Q3098
005.SCG*LB3.CP13++0.N.-2.18-1.20-4W2	Q3099
005.SCG*LB3.CP13++0.N.-2.10-1.14-3W2	Q3100
005.SCG*LB3.CP13++0.N.-2.29-1.32-4W2	Q3101
005.SCG*LB3.CP-7++9.N.-5.1-1.8-3W44	Q3102
005.SCG*LB2.CP-9++0.N.-3.9-4.12-7W9	Q3103
005.SCG*LB1.CP-9++7.N.-3.9-3.11-6W19	Q3104
005.SCG*LB3.CP10++4.N.-7.5-1.6-1W1	Q3105
005.SCG*LB2.CP-9++0.N.-4.17-6.19-2W11	Q3106
005.SCG*LB2.CP-9++0.N.-1.6-2.10-4W9	Q3107
005.SCG*LB3.CP-7++1.N.-3.9-4.14-2W30	Q3108
005.SCG*LB2.CP-7++0.N.-2.15-8.16-4W5	Q3109
005.SCG*LB2.CP-9++0.N.13.1-1.7-6W35	Q3110
005.SCG*LB3.CP-8++7.N.-1.6-1.6-6W6	Q3111
005.SCG*LB2.CP-7++0.N.-2.18-4.22-6W12	Q3112
005.SCG*LB2.CP-9++0.N.-6.1-2.6-3W11	Q3113
005.SCG*LB1.CP-4++2.N.-9.33-1.36-4W27	Q3114
005.SCG*LB2.CP-4++4.N.-4.9-5.15-2W35	Q3115
005.SCG*LB2.CP-7++0.N.-3.1-1.3-1W12	Q3116
005.SCG*LB3.CP-2++3.N.-9.21-4.28-3W42	Q3117
005.SCG*LB4.CP-3++5.N.11.16-5.20-1W15	Q3118
005.SCG*LB2.CP-6++4.N.-1.3-3.6-2W17	Q3119
005.SCG*LB3.CP-8++1.N.-2.5-2.9-7W35	Q3120
005.SCG*LB1.CP-4++2.N.-9.26-1.32-6W26	Q3121
005.SCG*LB3.CP-2++3.N.-3.8-9.11-2W13	Q3122
005.SCG*LB3.CP-2++3.N.-3.8-9.11-2W19	Q3123
005.SCG*LB2.CP-7++0.N.-2.16-5.18-3W9	Q3124
005.SCG*LB2.CP-5++7.N.14.9-6.10-4W6	Q3125
005.SCG*LB4.CP-4++4.N.-4.7-4.9-2W11	Q3126
005.SCG*LB3.CP-8++7.N.-2.14-5.17-5W11	Q3127
005.SCG*LB3.CP10++8.N.-2.9-3.11-3W11	Q3128
005.SCG*LB3.CP12++0.N.11.1-2.6-2W8	Q3129
005.SCG*LB2.CP-9++0.N.-3.9-4.12-7W27	Q3130
005.SCG*LB3.CP-8++7.N.-5.13-3.16-1W7	Q3131
005.SCG*LB4.CP-3++7.N.10.19-1.26-1W27	Q3132
005.SCG*LB2.CP-5++8.N.11.3-1.10-3W21	Q3133
005.SCG*LB2.CP-9++0.N.-8.16-6.18-4W9	Q3134
005.SCG*LB3.CP10++4.N.12.6-2.8-1W3	Q3135
005.SCG*LB2.CP-8++3.N.33.6-4.7-4W1	Q3136
005.SCG*LB1.CP-1++3.N.31.4-4.5-1W6	Q3137
005.SCG*LB3.CP-8++7.N.-6.1-1.6-1W26	Q3138
005.SCG*LB4.CP-1++1.N.-3.1-1.6-4W2	Q3139
005.SCG*LB2.CP-5++7.N.-8.17-1.18-5W11	Q3140
005.SCG*LB4.CP-4++1.N.-3.4-6.10-4W35	Q3141
005.SCG*LB2.CP-9++0.N.-9.3-1.4-3W8	Q3142
005.SCG*LB4.CP-5++5.N.19.38-2.40-1W7	Q3143
005.SCG*LB3.CP12++0.N.12.1-2.3-6W15	Q3144
005.SCG*LB2.CP-5++8.N.-7.9-6.18-3W25	Q3145
005.SCG*LB4.CP-7++7.N.-5.9-5.10-5W6	Q3146
005.SCG*LB3.CP-9++4.N.-3.6-3.8-4W9	Q3147
005.SCG*LB3.CP-9++4.N.-3.4-2.5-5W4	Q3148
005.SCG*LB1.CP-2++0.N.16.1-1.3-3W11	Q3149
005.SCG*LB2.CP-2++8.N.-9.5-3.6-5W4	Q3150
005.SCG*LB3.CP-9++4.N.-3.8-5.9-5W7	Q3151
005.SCG*LB1.CP-1++3.N.-7.18-2.19-5W8	Q3152
005.SCG*LB1.CP-5++7.N.12.4-8.7-3W12	Q3153
005.SCG*LB2.CP-8++3.N.31.5-2.6-3W3	Q3154
005.SCG*LB3.CP13++2.N.30.2-1.5-6W12	Q3155
005.SCG*LB4.CP-7++2.N.11.1-1.4-1W15	Q3156
005.SCG*LB4.CP-5++9.N.-4.13-4.14-5W5	Q3157
005.SCG*LB3.CP15++4.N.-2.5-4.9-2W21	Q3158
005.SCG*LB1.CP-5++7.N.12.4-1.4-7W4	Q3159
005.SCG*LB1.CP-5++0.N.11.5-5.6-5W4	Q3160
005.SCG*LB3.CP15++4.N.-3.1-1.5-1W14	Q3161
005.SCG*LB3.CP-8++0.N.-7.6-1.9-2W19	Q3162
005.SCG*LB4.CP-5++0.N.-8.9-2.11-1W7	Q3163
005.SCG*LB1.CP-5++7.N.12.4-8.7-3W16	Q3164
005.SCG*LB1.CP-2++6.N.10.18-1.23-3W7	Q3165
005.SCG*LB3.CP10++7.N.11.19-1.21-4W15	Q3166
005.SCG*LB1.CP-9++3.N.-7.20-5.21-5W1	Q3167
005.SCG*LB3.CP-9++5.N.-7.4-4.5-7W13	Q3168
005.SCG*LB4.CP-7++4.N.-7.29-5.31-7W6	Q3169
005.SCG*LB3.CP15++2.N.-2.8-4.11-2W8	Q3170
005.SCG*LB2.CP-5++5.N.-1.1-1.2-6W4	Q3171
005.SCG*LB2.CP-9++2.N.11.2-6.4-4W11	Q3172
005.SCG*LB1.CP-9++1.N.12.47-1.48-6W9	Q3173
005.SCG*LB3.CP-9++2.N.-1.1-1.2-6W4	Q3174
005.SCG*LB4.CP-7++2.N.-1.1-1.3-6W4	Q3175
005.SCG*LB4.CP-5++6.N.-2.27-1.31-5W3	Q3176
005.SCG*LB3.CP11++3.N.-1.1-1.5-1W4	Q3177
005.SCG*LB2.CP-9++0.N.-9.9-1.10-8W5	Q3178
005.SCG*LB2.CP-4++0.N.-1.1-1.4-1W5	Q3179
005.SCG*LB3.CP-7++2.N.-4.17-3.18-1W6	Q3180
005.SCG*LB4.CP--++8.N.-3.24-2.24-7W6	Q3181
005.SCG*LB4.CP--++9.N.-6.28-6.30-4W6	Q3182
005.SCG*LB3.CP-3++8.N.-5.4-1.6-1W13	Q3183
005.SCG*LB2.CP-5++0.N.-1.1-1.2-3W4	Q3184
005.SCG*LB3.CP12++2.N.-2.7-4.8-3W4	Q3185
005.SCG*LB4.CP-7++1.N.-8.21-1.23-4W4	Q3186
005.SCG*LB3.CP--++4.N.-1.1-1.3-1W4	Q3187
005.SCG*LB4.CP-3++4.N.-3.22-1.27-1W11	Q3188
005.SCG*LB2.CP-8++2.N.-2.7-1.9-8W4	Q3189
005.SCG*LB3.CP15++4.N.15.12-5.17-5W19	Q3190
005.SCG*LB4.CP-1++8.N.-7.17-1.18-3W2	Q3191
005.SCG*LB2.CP-8++3.N.27.11-5.14-3W5	Q3192
005.SCG*LB4.CP-2++3.N.-4.4-5.10-4W19	Q3193
005.SCG*LB3.CP-4++5.N.-6.1-1.2-3W3	Q3194
005.SCG*LB3.CP10++6.N.-5.6-3.8-4W12	Q3195
005.SCG*LB3.CP-6++4.N.-7.1-2.5-4W7	Q3196
005.SCG*LB3.CP-6++2.N.-1.1-1.3-5W4	Q3197
005.SCG*LB2.CP-9++0.N.-3.13-1.13-5W4	Q3198
005.SCG*LB2.CP-8++2.N.12.14-2.15-5W3	Q3199
005.SCG*LB1.CP-4++2.N.17.4-2.6-6W13	Q3200
005.SCG*LB2.CP-4++8.N.-1.1-1.3-1W4	Q3201
005.SCG*LB3.CP12++9.N.-6.4-4.9-4W27	Q3202
005.SCG*LB4.CP-1++7.N.23.4-6.6-6W5	Q3203
005.SCG*LB2.CP--++1.N.-4.11-2.12-2W7	Q3204
005.SCG*LB1.CP-3++7.N.-3.7-1.8-7W13	Q3205
005.SCG*LB3.CP--++7.N.-8.6-1.7-2W11	Q3206
005.SCG*LB4.CP-9++2.N.-6.3-1.4-2W8	Q3207
005.SCG*LB3.CP11++8.N.-1.1-1.3-1W4	Q3208
005.SCG*LB2.CP-4++4.N.-7.15-3.22-6W6	Q3209
005.SCG*LB1.CP-8++4.N.-1.1-1.3-2W3	Q3210
005.SCG*LB1.CP--++1.N.-2.20-2.21-3W3	Q3211
005.SCG*LB3.CP-2++3.N.-6.16-4.17-4W3	Q3212
005.SCG*LB4.CP-3++0.N.-3.15-4.17-6W10	Q3213
005.SCG*LB2.CP-6++6.N.-2.3-4.8-4W4	Q3214
005.SCG*LB2.CP-3++5.N.-8.21-1.23-2W4	Q3215
005.SCG*LB4.CP-8++4.N.15.1-1.2-4W4	Q3216
005.SCG*LB4.CP--++7.N.-7.11-8.12-7W3	Q3217
005.SCG*LB4.CP-6++6.N.-2.1-1.7-6W16	Q3218
005.SCG*LB1.CP-1++7.N.-1.1-1.2-2W1	Q3219
005.SCG*LB1.CP-9++9.N.-1.1-1.2-3W4	Q3220
005.SCG*LB4.CP-2++9.N.-5.5-2.8-1W9	Q3221
005.SCG*LB4.CP-9++2.N.-1.1-1.6-4W4	Q3222
005.SCG*LB3.CP-3++5.N.-1.1-1.3-1W4	Q3223
005.SCG*LB4.CP-3++1.N.-6.1-1.6-1W36	Q3224
005.SCG*LB3.CP16++2.N.-5.3-6.7-3W26	Q3225
005.SCG*LB3.CP-9++4.N.-2.34-1.38-1W5	Q3226
005.SCG*LB3.CP10++4.N.-2.7-6.10-2W6	Q3227
005.SCG*LB2.CP-9++6.N.-3.9-3.12-2W19	Q3228
005.SCG*LB2.CP-6++0.N.-2.1-1.3-1W12	Q3229
005.SCG*LB2.CP-7++5.N.14.1-1.2-5W10	Q3230
005.SCG*LB3.CP10++4.N.-3.2-5.4-5W1	Q3231
005.SCG*LB4.CP--++9.N.-1.1-1.6-3W6	Q3232
005.SCG*LB3.CP-7++6.N.-7.30-1.34-1W17	Q3233
005.SCG*LB3.CP15++4.N.15.17-6.19-3W4	Q3234
005.SCG*LB3.CP15++4.N.14.1-1.7-2W34	Q3235
005.SCG*LB4.CP-3++5.N.-3.1-1.2-4W7	Q3236
005.SCG*LB2.CP-9++0.N.-6.6-4.7-3W4	Q3237
005.SCG*LB2.CP-9++5.N.-2.7-1.11-2W7	Q3238
005.SCG*LB2.CP-6++0.N.-2.20-2.25-4W28	Q3239
005.SCG*LB4.CP-7++1.N.11.1-1.2-6W9	Q3240
005.SCG*LB3.CP-1++7.N.-1.1-1.3-2W4	Q3241
005.SCG*LB4.CP-1++8.N.-7.15-1.16-3W4	Q3242
005.SCG*LB2.CP-8++2.N.15.1-1.3-7W19	Q3243
005.SCG*LB2.CP-7++2.N.-4.19-1.22-2W16	Q3244
005.SCG*LB3.CP15++4.N.16.4-2.8-1W27	Q3245
005.SCG*LB4.CP-3++4.N.-1.1-1.4-1W4	Q3246
005.SCG*LB3.CP-5++8.N.-7.1-1.3-7W6	Q3247
005.SCG*LB4.CP-1++1.N.-6.10-1.15-1W14	Q3248
005.SCG*LB2.CP-3++7.N.-6.1-1.3-1W4	Q3249
005.SCG*LB1.CP-6++0.N.-1.1-1.2-4W4	Q3250
005.SCG*LB2.CP-2++1.N.-4.9-1.9-6W6	Q3251
005.SCG*LB3.CP15++8.N.-4.2-5.4-3W13	Q3252
005.SCG*LB3.CP10++4.N.-4.6-1.10-5W4	Q3253
005.SCG*LB3.CP-4++9.N.-9.5-7.8-5W13	Q3254
005.SCG*LB2.CP-5++3.N.-1.1-1.3-5W5	Q3255
005.SCG*LB3.CP-6++4.N.-9.4-4.8-1W25	Q3256
005.SCG*LB4.CP-6++2.N.-7.1-1.4-1W9	Q3257
005.SCG*LB1.CP--++8.N.-2.5-1.8-1W19	Q3258
005.SCG*LB2.CP-2++3.N.-9.1-2.5-1W4	Q3259
005.SCG*LB4.CP--++8.N.-4.22-1.23-1W6	Q3260
005.SCG*LB4.CP-9++5.N.-2.12-3.14-4W13	Q3261
005.SCG*LB3.CP-2++6.N.18.5-5.8-1W20	Q3262
005.SCG*LB3.CP-8++5.N.11.3-1.9-8W5	Q3263
005.SCG*LB4.CP-1++3.N.-5.13-4.17-4W4	Q3264
005.SCG*LB3.CP-9++5.N.-6.3-4.5-4W7	Q3265
005.SCG*LB3.CP12++9.N.-1.1-1.4-6W4	Q3266
005.SCG*LB3.CP-6++3.N.-1.1-1.7-1W5	Q3267
005.SCG*LB2.CP-9++7.N.-1.1-1.3-2W4	Q3268
005.SCG*LB3.CP-8++5.N.-1.1-1.3-4W5	Q3269
005.SCG*LB1.CP--++5.N.-5.20-1.23-1W4	Q3270
005.SCG*LB1.CP-5++5.N.-1.1-1.2-5W5	Q3271
005.SCG*LB2.CP-2++0.N.-1.1-1.3-2W5	Q3272
005.SCG*LB4.CP-3++0.N.-2.5-3.8-4W8	Q3273
005.SCG*LB1.CP-7++0.N.-2.1-1.4-1W21	Q3274
005.SCG*LB3.CP10++4.N.-2.1-1.2-2W4	Q3275
005.SCG*LB2.CP-5++8.N.-9.21-6.23-5W3	Q3276
005.SCG*LB3.CP11++9.N.-5.4-4.8-4W4	Q3277
005.SCG*LB2.CP-4++3.N.-1.5-1.5-5W5	Q3278
005.SCG*LB1.CP--++6.N.-6.4-1.5-5W13	Q3279
005.SCG*LB4.CP-3++1.N.-5.7-4.10-2W10	Q3280
005.SCG*LB4.CP-2++3.N.-4.1-1.4-4W4	Q3281
005.SCG*LB1.CP-3++9.N.-1.1-1.2-7W5	Q3282
005.SCG*LB3.CP-6++7.N.-1.1-1.3-1W4	Q3283
005.SCG*LB3.CP11++9.N.-5.8-5.11-2W3	Q3284
005.SCG*LB3.CP13++6.N.11.6-3.7-1W6	Q3285
005.SCG*LB4.CP-6++6.N.-2.1-1.7-6W8	Q3286
005.SCG*LB2.CP-5++6.N.-9.4-2.6-1W12	Q3287
005.SCG*LB2.CP-3++5.N.-6.26-3.26-8W6	Q3288
005.SCG*LB4.CP-9++1.N.10.16-1.17-2W4	Q3289
005.SCG*LB3.CP-2++9.N.-1.1-1.3-3W4	Q3290
005.SCG*LB3.CP-9++5.N.-9.4-1.6-3W14	Q3291
005.SCG*LB1.CP-9++6.N.-1.1-1.2-6W4	Q3292
005.SCG*LB2.CP-5++8.N.-9.15-1.21-5W11	Q3293
005.SCG*LB2.CP-6++0.N.-5.10-5.11-5W1	Q3294
005.SCG*LB3.CP-4++3.N.-4.1-1.3-2W8	Q3295
005.SCG*LB4.CP-3++3.N.-4.7-5.8-3W5	Q3296
005.SCG*LB1.CP-5++1.N.-8.1-1.7-4W5	Q3297
005.SCG*LB3.CP-2++5.N.-5.1-1.3-3W3	Q3298
005.SCG*LB2.CP-8++9.N.-3.1-1.5-3W22	Q3299
005.SCG*LB4.CP-9++0.N.-8.1-1.8-4W3	Q3300
005.SCG*LB2.CP-9++0.N.-2.1-1.3-5W15	Q3301
005.SCG*LB4.CP--++9.N.-2.5-3.9-1W15	Q3302
005.SCG*LB4.CP-5++2.N.-1.1-1.5-2W17	Q3303
005.SCG*LB3.CP12++2.N.-1.1-1.3-4W4	Q3304
005.SCG*LB3.CP-5++8.N.-7.1-1.3-7W18	Q3305
005.SCG*LB4.CP-2++3.N.-4.13-1.14-1W7	Q3306
005.SCG*LB4.CP-7++7.N.-7.1-1.3-6W3	Q3307
005.SCG*LB2.CP-8++8.N.-9.1-2.10-4W21	Q3308
005.SCG*LB3.CP-6++1.N.-1.1-1.3-3W4	Q3309
005.SCG*LB1.CP-7++4.N.-1.1-1.3-3W5	Q3310
005.SCG*LB3.CP-3++4.N.-1.1-1.3-1W1	Q3311
005.SCG*LB2.CP-8++5.N.-6.1-2.3-4W4	Q3312
005.SCG*LB4.CP-9++1.N.-6.22-1.27-3W32	Q3313
005.SCG*LB3.CP-7++8.N.-3.11-4.12-5W3	Q3314
005.SCG*LB4.CP-9++6.N.-1.1-1.3-4W4	Q3315
005.SCG*LB1.CP--++3.N.-3.1-1.4-1W15	Q3316
005.SCG*LB1.CP-4++9.N.-5.1-1.4-8W7	Q3317
005.SCG*LB3.CP13++9.N.-8.1-1.6-1W5	Q3318
005.SCG*LB1.CP-4++8.N.-1.1-1.2-8W4	Q3319
005.SCG*LB3.CP-3++8.N.-5.1-2.2-4W5	Q3320
005.SCG*LB3.CP15++4.N.14.17-3.19-4W9	Q3321
005.SCG*LB4.CP-3++7.N.-9.1-2.4-3W16	Q3322
005.SCG*LB3.CP10++9.N.-4.6-1.10-5W13	Q3323
005.SCG*LB3.CP-2++3.N.-9.1-1.3-4W4	Q3324
005.SCG*LB3.CP11++3.N.-3.8-3.10-1W5	Q3325
005.SCG*LB4.CP--++4.N.11.1-1.5-2W7	Q3326
005.SCG*LB3.CP-9++9.N.10.6-5.9-2W4	Q3327
005.SCG*LB3.CP-7++5.N.10.1-2.4-1W8	Q3328
005.SCG*LB3.CP-4++8.N.-4.12-5.15-1W6	Q3329
005.SCG*LB1.CP-4++6.N.-1.1-1.4-3W10	Q3330
005.SCG*LB4.CP--++1.N.-5.10-5.13-5W8	Q3331
005.SCG*LB4.CP-2++3.N.-4.18-1.19-4W11	Q3332
005.SCG*LB3.CP--++1.N.-5.1-1.3-1W7	Q3333
005.SCG*LB1.CP--++5.N.-5.1-1.2-5W1	Q3334
005.SCG*LB4.CP-1++1.N.16.10-7.14-3W24	Q3335
005.SCG*LB2.CP-8++9.N.-2.1-1.7-4W14	Q3336
005.SCG*LB3.CP-5++1.N.-2.1-1.2-7W13	Q3337
005.SCG*LB3.CP-5++7.N.-5.8-1.12-6W10	Q3338
005.SCG*LB4.CP-1++7.N.-2.10-3.12-5W5	Q3339
005.SCG*LB2.CP-9++8.N.-3.1-1.10-5W36	Q3340
005.SCG*LB1.CP-7++3.N.-1.1-1.2-7W4	Q3341
005.SCG*LB3.CP-6++4.N.-5.14-6.17-5W21	Q3342
005.SCG*LB3.CP14++6.N.-8.14-1.18-2W17	Q3343
005.SCG*LB3.CP-3++2.N.-1.1-1.4-2W24	Q3344
005.SCG*LB4.CP-9++5.N.-4.10-5.12-7W20	Q3345
005.SCG*LB4.CP-3++4.N.-4.1-2.3-1W10	Q3346
005.SCG*LB3.CP10++4.N.-5.8-2.15-4W8	Q3347
005.SCG*LB2.CP-9++5.N.-1.11-2.15-3W20	Q3348
005.SCG*LB4.CP-1++7.N.11.4-1.6-2W11	Q3349
005.SCG*LB2.CP-8++8.N.10.8-5.11-5W3	Q3350
005.SCG*LB1.CP--++9.N.-1.1-1.4-3W5	Q3351
005.SCG*LB4.CP-1++4.N.-3.14-5.16-7W3	Q3352
005.SCG*LB3.CP-7++0.N.-6.17-3.18-7W9	Q3353
005.SCG*LB3.CP-5++0.N.-9.1-1.5-2W5	Q3354
005.SCG*LB3.CP-9++4.N.14.1-1.2-4W10	Q3355
005.SCG*LB2.CP-7++3.N.-8.1-1.3-4W8	Q3356
005.SCG*LB2.CP--++7.N.-1.1-1.3-2W4	Q3357
005.SCG*LB4.CP-2++9.N.-1.6-2.7-2W9	Q3358
005.SCG*LB4.CP-5++0.N.-4.1-1.2-4W4	Q3359
005.SCG*LB4.CP--++7.N.15.3-1.5-4W7	Q3360
005.SCG*LB3.CP10++9.N.-8.14-6.18-2W22	Q3361
005.SCG*LB2.CP-8++9.N.-8.23-1.25-5W18	Q3362
005.SCG*LB4.CP-6++3.N.-5.1-1.7-2W4	Q3363
005.SCG*LB3.CP-5++1.N.-6.6-6.8-2W3	Q3364
005.SCG*LB1.CP--++7.N.-2.6-3.11-1W15	Q3365
005.SCG*LB4.CP-5++5.N.22.7-1.11-4W26	Q3366
005.SCG*LB4.CP-2++9.N.-4.14-1.16-5W13	Q3367
005.SCG*LB4.CP-4++4.N.-5.1-1.4-3W4	Q3368
005.SCG*LB3.CP-6++8.N.-1.1-1.2-8W4	Q3369
005.SCG*LB3.CP-9++2.N.13.1-1.5-1W5	Q3370
005.SCG*LB1.CP-1++5.N.-1.1-1.2-3W4	Q3371
005.SCG*LB4.CP--++3.N.-1.22-6.23-6W1	Q3372
005.SCG*LB4.CP-1++8.N.-8.1-1.8-6W9	Q3373
005.SCG*LB3.CP-9++3.N.-1.1-1.2-7W8	Q3374
005.SCG*LB2.CP-9++0.N.-3.14-1.15-6W5	Q3375
005.SCG*LB4.CP-4++3.N.-4.1-1.3-2W3	Q3376
005.SCG*LB1.CP-9++1.N.12.45-1.46-9W11	Q3377
005.SCG*LB3.CP11++4.N.-1.1-1.2-5W4	Q3378
005.SCG*LB3.CP-1++9.N.-3.1-2.2-4W4	Q3379
005.SCG*LB4.CP-8++4.N.-3.1-1.2-3W6	Q3380
005.SCG*LB3.CP-8++4.N.10.14-1.18-5W6	Q3381
005.SCG*LB4.CP-5++9.N.-1.1-1.3-5W4	Q3382
005.SCG*LB3.CP-7++9.N.-3.4-3.5-6W3	Q3383
005.SCG*LB3.CP16++1.N.-1.10-6.14-1W23	Q3384
005.SCG*LB4.CP-7++5.N.-1.4-5.5-4W5	Q3385
005.SCG*LB3.CP-9++7.N.-3.26-4.27-4W4	Q3386
005.SCG*LB2.CP-1++8.N.-4.1-1.4-1W1	Q3387
005.SCG*LB3.CP13++6.N.16.5-3.6-4W8	Q3388
005.SCG*LB2.CP-7++4.N.-5.15-5.18-4W3	Q3389
005.SCG*LB3.CP-4++8.N.16.1-1.3-1W4	Q3390
005.SCG*LB3.CP12++3.N.-4.1-2.4-1W2	Q3391
005.SCG*LB3.CP-8++4.N.-1.1-1.4-2W10	Q3392
005.SCG*LB3.CP-8++9.N.-5.9-1.12-6W4	Q3393
005.SCG*LB3.CP--++7.N.-1.1-1.2-6W4	Q3394
005.SCG*LB2.CP-2++2.N.-1.1-1.3-2W4	Q3395
005.SCG*LB3.CP10++4.N.10.12-3.14-2W5	Q3396
005.SCG*LB1.CP--++3.N.-6.1-1.3-1W4	Q3397
005.SCG*LB2.CP-1++9.N.-1.1-1.2-5W1	Q3398
005.SCG*LB4.CP-1++0.N.-1.1-1.7-1W7	Q3399
005.SCG*LB4.CP-2++4.N.-8.1-1.2-1W5	Q3400
005.SCG*LB1.CP-5++6.N.-1.1-1.2-5W4	Q3401
005.SCG*LB2.CP-8++0.N.13.34-1.35-1W6	Q3402
005.SCG*LB4.CP-5++5.N.16.31-1.32-6W6	Q3403
005.SCG*LB3.CP-7++4.N.-1.1-1.3-3W4	Q3404
005.SCG*LB3.CP16++0.N.-4.1-1.3-6W2	Q3405
005.SCG*LB3.CP-3++0.N.-1.1-1.2-5W4	Q3406
005.SCG*LB4.CP-1++7.N.14.7-4.8-3W8	Q3407
005.SCG*LB4.CP-9++5.N.-4.6-5.8-1W12	Q3408
005.SCG*LB3.CP-3++3.N.-1.1-1.3-2W4	Q3409
005.SCG*LB4.CP-6++2.N.-8.1-1.4-1W13	Q3410
005.SCG*LB2.CP-8++2.N.18.3-6.5-3W5	Q3411
005.SCG*LB3.CP--++1.N.-5.30-5.33-3W3	Q3412
005.SCG*LB3.CP-2++1.N.-1.1-1.3-6W4	Q3413
005.SCG*LB4.CP-2++9.N.-3.1-1.5-4W15	Q3414
005.SCG*LB2.CP-2++4.N.-1.1-1.3-1W4	Q3415
005.SCG*LB1.CP-7++8.N.-1.1-1.6-8W4	Q3416
005.SCG*LB3.CP-9++5.N.17.1-1.4-7W19	Q3417
005.SCG*LB4.CP-1++4.N.11.7-5.9-3W10	Q3418
005.SCG*LB1.CP-6++6.N.-9.1-1.2-6W5	Q3419
005.SCG*LB3.CP15++6.N.-1.1-1.4-3W4	Q3420
005.SCG*LB3.CP10++4.N.-5.15-5.22-2W6	Q3421
005.SCG*LB4.CP-7++1.N.-1.1-1.4-4W4	Q3422
005.SCG*LB4.CP-6++2.N.-3.1-1.5-5W25	Q3423
005.SCG*LB3.CP-7++1.N.-5.1-2.4-2W19	Q3424
005.SCG*LB3.CP-4++5.N.-8.1-1.2-4W8	Q3425
005.SCG*LB1.CP-3++7.N.-3.9-7.12-1W2	Q3426
005.SCG*LB3.CP-7++1.N.-1.1-1.4-3W4	Q3427
005.SCG*LB3.CP16++1.N.-1.14-2.18-7W28	Q3428
005.SCG*LB4.CP--++4.N.11.39-5.40-4W1	Q3429
005.SCG*LB3.CP10++6.N.-2.1-1.3-1W4	Q3430
005.SCG*LB2.CP-2++8.N.-4.9-1.12-3W20	Q3431
005.SCG*LB4.CP-3++1.N.-3.11-1.11-3W2	Q3432
005.SCG*LB3.CP-9++4.N.10.49-1.51-2W8	Q3433
005.SCG*LB1.CP-5++9.N.-1.1-1.7-1W4	Q3434
005.SCG*LB4.CP-3++7.N.-8.1-2.5-3W14	Q3435
005.SCG*LB3.CP-6++3.N.-2.5-2.9-5W31	Q3436
005.SCG*LB2.CP-7++9.N.13.1-1.2-4W2	Q3437
005.SCG*LB4.CP-2++2.N.-6.7-5.10-4W9	Q3438
005.SCG*LB4.CP-9++5.N.-7.1-1.3-4W3	Q3439
005.SCG*LB3.CP-6++4.N.-2.1-1.4-7W23	Q3440
005.SCG*LB3.CP-2++0.N.-5.24-1.28-4W3	Q3441
005.SCG*LB1.CP10++1.N.-1.1-1.2-3W4	Q3442
005.SCG*LB3.CP11++2.N.-8.6-3.8-4W5	Q3443
005.SCG*LB3.CP16++0.N.-4.4-1.5-2W3	Q3444
005.SCG*LB2.CP-6++7.N.-2.6-1.7-6W14	Q3445
005.SCG*LB4.CP-6++6.N.-4.1-1.3-6W4	Q3446
005.SCG*LB3.CP-2++6.N.22.23-4.24-4W2	Q3447
005.SCG*LB3.CP--++4.N.-4.4-6.6-1W8	Q3448
005.SCG*LB4.CP-2++9.N.14.3-7.6-5W7	Q3449
005.SCG*LB3.CP15++4.N.-2.4-2.5-3W7	Q3450
005.SCG*LB4.CP-5++6.N.-2.12-5.15-1W15	Q3451
005.SCG*LB2.CP-8++8.N.12.6-1.8-3W6	Q3452
005.SCG*LB1.CP-8++1.N.-1.6-3.8-2W5	Q3453
005.SCG*LB3.CP-5++6.N.-1.1-1.4-4W4	Q3454
005.SCG*LB4.CP-5++5.N.-4.10-2.14-1W19	Q3455
005.SCG*LB4.CP-6++6.N.-5.1-1.7-6W26	Q3456
005.SCG*LB3.CP-2++7.N.-1.1-1.4-7W4	Q3457
005.SCG*LB3.CP-4++7.N.-3.1-1.10-4W34	Q3458
005.SCG*LB2.CP-1++6.N.-1.1-1.3-3W4	Q3459
005.SCG*LB2.CP-7++8.N.-7.14-6.16-6W3	Q3460
005.SCG*LB2.CP-1++8.N.-1.1-1.7-6W4	Q3461
005.SCG*LB2.CP-5++8.N.-9.9-1.9-6W3	Q3462
005.SCG*LB3.CP14++6.N.-8.6-4.7-6W6	Q3463
005.SCG*LB4.CP-1++7.N.11.1-2.2-7W4	Q3464
005.SCG*LB4.CP-3++4.N.22.25-1.30-3W25	Q3465
005.SCG*LB4.CP--++8.N.-7.1-1.4-2W4	Q3466
005.SCG*LB2.CP-7++9.N.12.1-1.2-1W3	Q3467
005.SCG*LB4.CP-5++0.N.-3.24-2.28-1W31	Q3468
005.SCG*LB4.CP-1++4.N.11.18-1.18-7W3	Q3469
005.SCG*LB3.CP-8++1.N.-6.3-5.6-2W15	Q3470
005.SCG*LB4.CP-8++3.N.13.14-3.19-3W11	Q3471
005.SCG*LB3.CP-2++7.N.11.13-5.14-6W10	Q3472
005.SCG*LB3.CP-9++3.N.-6.11-1.13-2W9	Q3473
005.SCG*LB3.CP-9++3.N.-4.1-1.6-5W39	Q3474
005.SCG*LB3.CP12++3.N.-1.1-1.6-5W26	Q3475
005.SCG*LB4.CP--++4.N.11.21-1.22-4W2	Q3476
005.SCG*LB2.CP-4++1.N.-5.19-4.20-4W6	Q3477
005.SCG*LB3.CP--++3.N.-3.4-5.5-4W6	Q3478
005.SCG*LB2.CP-5++5.N.13.21-4.26-3W22	Q3479
005.SCG*LB3.CP--++7.N.-3.3-7.6-1W19	Q3480
005.SCG*LB2.CP-5++5.N.13.43-3.45-3W7	Q3481
005.SCG*LB3.CP-2++4.N.-6.18-5.20-2W5	Q3482
005.SCG*LB3.CP13++1.N.-3.1-2.3-4W15	Q3483
005.SCG*LB3.CP-2++4.N.-7.5-1.6-6W3	Q3484
005.SCG*LB1.CP-7++2.N.-4.5-1.6-5W5	Q3485
005.SCG*LB1.CP-4++4.N.-2.15-4.20-2W33	Q3486
005.SCG*LB2.CP-8++3.N.13.1-2.3-7W4	Q3487
005.SCG*LB1.CP-6++1.N.-8.2-6.4-3W3	Q3488
005.SCG*LB3.CP10++8.N.-7.11-2.14-5W8	Q3489
005.SCG*LB2.CP-4++7.N.-2.1-1.3-3W12	Q3490
005.SCG*LB3.CP--++3.N.-4.6-1.6-5W4	Q3491
005.SCG*LB1.CP-1++3.N.28.10-3.11-2W2	Q3492
005.SCG*LB2.CP-4++7.N.-2.3-4.6-5W19	Q3493
005.SCG*LB4.CP-9++2.N.-4.1-2.2-3W4	Q3494
005.SCG*LB3.CP10++9.N.-8.14-6.18-2W3	Q3495
005.SCG*LB3.CP-2++0.N.-5.28-5.31-2W15	Q3496
005.SCG*LB2.CP-8++3.N.13.1-2.3-7W10	Q3497
005.SCG*LB3.CP-2++4.N.-6.1-1.5-3W17	Q3498
005.SCG*LB2.CP-7++9.N.-6.2-4.3-3W4	Q3499
005.SCG*LB3.CP-2++6.N.13.3-6.5-3W5	Q3500
005.SCG*LB3.CP10++7.N.-4.4-3.5-2W7	Q3501
005.SCG*LB1.CP-8++9.N.13.1-2.2-5W8	Q3502
005.SCG*LB2.CP-4++1.N.-8.7-7.8-5W6	Q3503
005.SCG*LB1.CP-4++4.N.-2.30-1.33-2W12	Q3504
005.SCG*LB1.CP-3++7.N.-2.9-5.11-3W8	Q3505
005.SCG*LB3.CP10++8.N.-6.10-3.13-5W7	Q3506
005.SCG*LB3.CP-2++4.N.-7.8-4.12-4W3	Q3507
005.SCG*LB2.CP-8++2.N.18.3-6.5-3W11	Q3508
005.SCG*LB1.CP-3++9.N.-7.1-2.3-4W7	Q3509
005.SCG*LB1.CP-3++7.N.-4.3-3.4-5W3	Q3510
005.SCG*LB2.CP-5++5.N.13.26-4.30-2W23	Q3511
005.SCG*LB2.CP-8++2.N.-4.17-3.18-2W3	Q3512
005.SCG*LB3.CP--++3.N.-8.1-2.4-1W7	Q3513
005.SCG*LB3.CP11++0.N.-3.1-1.3-1W5	Q3514
005.SCG*LB1.CP-4++4.N.-2.11-5.15-3W11	Q3515
005.SCG*LB3.CP-1++9.N.-3.9-3.10-5W3	Q3516
005.SCG*LB2.CP-8++3.N.15.8-5.12-4W24	Q3517
005.SCG*LB3.CP-2++6.N.13.5-4.8-4W7	Q3518
005.SCG*LB2.CP-7++9.N.-6.3-4.5-1W11	Q3519
005.SCG*LB3.CP10++9.N.-8.10-6.13-5W7	Q3520
005.SCG*LB3.CP10++9.N.-8.14-6.18-2W4	Q3521
005.SCG*LB3.CP-3++0.N.-2.1-1.2-2W3	Q3522
005.SCG*LB3.CP-1++6.N.-2.4-2.5-3W9	Q3523
005.SCG*LB3.CP-2++4.N.-7.8-4.12-4W8	Q3524
005.SCG*LB3.CP-2++4.N.-6.1-1.5-3W23	Q3525
005.SCG*LB3.CP10++8.N.-6.19-3.23-3W14	Q3526
005.SCG*LB3.CP11++0.N.-3.5-3.10-1W16	Q3527
005.SCG*LB1.CP-9++1.N.-4.1-2.7-2W21	Q3528
005.SCG*LB3.CP-3++9.N.-7.13-2.16-3W5	Q3529
005.SCG*LB2.CP-5++5.N.13.11-1.14-6W21	Q3530
005.SCG*LB2.CP-2++3.N.-5.12-2.14-5W9	Q3531
005.SCG*LB4.CP-9++5.N.-4.3-3.6-4W4	Q3532
005.SCG*LB2.CP-8++2.N.-4.4-1.6-1W6	Q3533
005.SCG*LB2.CP-4++3.N.-9.5-4.9-1W27	Q3534
005.SCG*LB3.CP-6++3.N.-3.18-1.20-1W8	Q3535
005.SCG*LB1.CP-9++7.N.-3.18-7.20-1W4	Q3536
005.SCG*LB2.CP-4++7.N.-4.35-3.39-1W4	Q3537
005.SCG*LB1.CP-7++2.N.-3.19-6.21-2W6	Q3538
005.SCG*LB3.CP--++7.N.-5.2-2.3-5W3	Q3539
005.SCG*LB3.CP-2++4.N.-7.14-2.16-1W3	Q3540
005.SCG*LB2.CP-4++1.N.-5.16-7.17-6W8	Q3541
005.SCG*LB3.CP--++3.N.11.2-3.3-2W5	Q3542
005.SCG*LB3.CP-1++9.N.-3.1-2.2-4W7	Q3543
005.SCG*LB3.CP10++8.N.-7.9-2.11-1W7	Q3544
005.SCG*LB3.CP-2++4.N.--.1-1.2-4W2	Q3545
005.SCG*LB3.CP-2++4.N.-7.5-1.6-6W8	Q3546
005.SCG*LB1.CP-7++7.N.-5.1-2.7-5W36	Q3547
005.SCG*LB1.CP-8++0.N.-4.4-1.7-4W19	Q3548
005.SCG*LB3.CP10++8.N.-7.7-1.9-1W6	Q3549
005.SCG*LB3.CP-8++5.N.14.17-6.22-1W4	Q3550
005.SCG*LB2.CP-4++3.N.-9.5-4.9-1W23	Q3551
005.SCG*LB2.CP-8++3.N.12.15-1.18-1W15	Q3552
005.SCG*LB3.CP-2++6.N.13.8-5.9-6W7	Q3553
005.SCG*LB1.CP-9++1.N.-4.1-2.7-2W6	Q3554
005.SCG*LB4.CP-9++5.N.-3.1-1.3-1W12	Q3555
005.SCG*LB4.CP-9++5.N.-7.11-2.16-1W13	Q3556
005.SCG*LB1.CP-4++4.N.-2.9-5.11-4W12	Q3557
005.SCG*LB3.CP-2++6.N.13.1-2.3-1W11	Q3558
005.SCG*LB3.CP-2++6.N.13.5-4.8-4W13	Q3559
005.SCG*LB3.CP--++7.N.-3.3-7.6-1W8	Q3560
005.SCG*LB1.CP-7++2.N.-9.15-5.18-5W10	Q3561
005.SCG*LB1.CP-3++7.N.-4.1-2.3-2W5	Q3562
005.SCG*LB3.CP12++0.N.23.5-1.9-2W24	Q3563
005.SCG*LB2.CP-3++0.N.17.14-2.20-7W32	Q3564
005.SCG*LB1.CP-4++4.N.-2.28-4.29-5W6	Q3565
005.SCG*LB3.CP-2++2.N.-7.10-3.14-2W18	Q3566
005.SCG*LB3.CP-2++0.N.-5.32-3.33-1W3	Q3567
005.SCG*LB4.CP-5++5.N.28.8-5.11-2W5	Q3568
005.SCG*LB3.CP-7++6.N.-7.10-1.17-2W17	Q3569
005.SCG*LB1.CP-7++2.N.-7.3-1.4-3W5	Q3570
005.SCG*LB2.CP-9++6.N.10.21-1.23-5W5	Q3571
005.SCG*LB4.CP-3++8.N.-8.12-3.19-7W44	Q3572
005.SCG*LB2.CP-4++8.N.-5.6-1.9-5W19	Q3573
005.SCG*LB3.CP-6++7.N.-4.8-5.10-7W1	Q3574
005.SCG*LB3.CP-6++7.N.-4.14-2.17-5W7	Q3575
005.SCG*LB3.CP-8++9.N.-5.9-1.12-6W26	Q3576
005.SCG*LB3.CP-7++0.N.-5.7-1.15-2W36	Q3577
005.SCG*LB3.CP-7++0.N.-5.7-1.15-2W29	Q3578
005.SCG*LB2.CP-8++3.N.27.6-2.11-4W33	Q3579
005.SCG*LB3.CP-6++7.N.-4.1-2.3-3W2	Q3580
005.SCG*LB3.CP-6++7.N.-4.3-4.6-5W3	Q3581
005.SCG*LB4.CP-5++6.N.-1.1-1.5-1W22	Q3582
005.SCG*LB4.CP-5++6.N.-4.5-3.7-6W18	Q3583
005.SCG*LB1.CP--++5.N.-5.2-6.7-1W14	Q3584
005.SCG*LB3.CP-1++2.N.-5.20-1.22-2W7	Q3585
005.SCG*LB3.CP10++3.N.-9.5-1.7-5W18	Q3586
005.SCG*LB2.CP-3++6.N.-7.15-4.17-1W9	Q3587
005.SCG*LB3.CP10++3.N.-9.11-1.14-5W9	Q3588
005.SCG*LB3.CP12++3.N.-7.22-6.26-2W7	Q3589
005.SCG*LB2.CP-9++2.N.-9.4-2.13-3W14	Q3590
005.SCG*LB3.CP10++8.N.-5.14-1.17-4W18	Q3591
005.SCG*LB4.CP-7++3.N.-5.10-1.13-1W18	Q3592
005.SCG*LB3.CP-2++6.N.14.5-6.12-1W9	Q3593
005.SCG*LB4.CP-8++1.N.12.12-6.16-4W31	Q3594
005.SCG*LB4.CP-6++2.N.-4.6-7.9-3W22	Q3595
005.SCG*LB1.CP-7++9.N.-7.1-1.6-4W7	Q3596
005.SCG*LB3.CP11++6.N.-2.7-1.11-1W26	Q3597
005.SCG*LB4.CP-2++9.N.-5.21-3.24-7W20	Q3598
005.SCG*LB4.CP-6++5.N.-5.13-2.14-7W3	Q3599
005.SCG*LB1.CP-7++9.N.-7.17-1.21-4W34	Q3600
005.SCG*LB1.CP-3++1.N.-3.3-3.6-1W12	Q3601
005.SCG*LB3.CP10++8.N.-4.7-6.13-3W14	Q3602
005.SCG*LB2.CP-9++2.N.-6.19-2.21-3W4	Q3603
005.SCG*LB3.CP--++4.N.-5.5-3.9-7W10	Q3604
005.SCG*LB1.CP-5++9.N.-3.12-4.16-5W10	Q3605
005.SCG*LB1.CP-9++5.N.-3.3-6.7-8W7	Q3606
005.SCG*LB1.CP-8++2.N.11.16-4.18-7W3	Q3607
005.SCG*LB2.CP-8++2.N.-4.14-3.17-2W16	Q3608
005.SCG*LB1.CP-9++0.N.-2.3-2.5-3W6	Q3609
005.SCG*LB3.CP10++8.N.-5.1-2.5-1W19	Q3610
005.SCG*LB1.CP-7++9.N.-7.10-4.16-7W5	Q3611
005.SCG*LB2.CP-4++8.N.-4.7-2.10-2W15	Q3612
005.SCG*LB2.CP-7++4.N.-2.1-1.4-2W12	Q3613
005.SCG*LB4.CP-8++3.N.19.20-2.21-6W6	Q3614
005.SCG*LB4.CP-1++1.N.11.24-5.29-5W35	Q3615
005.SCG*LB1.CP-8++2.N.11.5-1.13-1W4	Q3616
005.SCG*LB2.CP-7++4.N.-2.13-1.21-2W44	Q3617
005.SCG*LB4.CP-1++1.N.15.2-3.6-2W3	Q3618
005.SCG*LB1.CP-8++9.N.12.1-2.3-5W13	Q3619
005.SCG*LB2.CP-7++9.N.-6.5-2.7-4W5	Q3620
005.SCG*LB2.CP10++0.N.-3.8-1.10-5W18	Q3621
005.SCG*LB1.CP-2++6.N.-5.1-2.7-1W31	Q3622
005.SCG*LB3.CP-1++0.N.15.9-4.13-3W20	Q3623
005.SCG*LB3.CP-2++6.N.22.7-5.12-2W13	Q3624
005.SCG*LB4.CP-3++4.N.24.4-5.5-6W8	Q3625
005.SCG*LB2.CP-7++4.N.-2.13-1.21-2W51	Q3626
005.SCG*LB1.CP-7++9.N.-7.8-4.10-3W7	Q3627
005.SCG*LB2.CP-7++9.N.-6.7-5.10-3W15	Q3628
005.SCG*LB2.CP-7++4.N.-2.13-1.21-2W7	Q3629
005.SCG*LB3.CP11++8.N.-4.3-3.5-3W4	Q3630
005.SCG*LB4.CP-9++2.N.-4.12-4.14-7W8	Q3631
005.SCG*LB1.CP-5++9.N.-3.16-6.25-2W21	Q3632
005.SCG*LB1.CP-6++1.N.-5.4-1.6-6W13	Q3633
005.SCG*LB4.CP-9++2.N.-8.2-3.3-5W3	Q3634
005.SCG*LB1.CP-5++9.N.-3.12-4.16-5W20	Q3635
005.SCG*LB1.CP-7++9.N.-7.6-5.8-3W5	Q3636
005.SCG*LB1.CP--++3.N.-6.3-2.6-6W12	Q3637
005.SCG*LB2.CP-5++5.N.13.40-1.42-2W9	Q3638
005.SCG*LB3.CP-4++1.N.-1.21-5.25-1W4	Q3639
005.SCG*LB2.CP-7++4.N.-9.2-3.4-7W9	Q3640
005.SCG*LB2.CP-4++7.N.-5.5-3.7-5W2	Q3641
005.SCG*LB3.CP15++4.N.-4.5-2.9-1W28	Q3642
005.SCG*LB2.CP-4++8.N.-6.12-5.14-7W3	Q3643
005.SCG*LB2.CP-7++4.N.-2.21-3.25-4W10	Q3644
005.SCG*LB4.CP-6++5.N.-4.5-1.7-2W13	Q3645
005.SCG*LB1.CP-7++9.N.-7.8-4.10-3W9	Q3646
005.SCG*LB2.CP-9++6.N.-2.1-1.3-4W8	Q3647
005.SCG*LB3.CP-1++0.N.12.11-5.12-6W8	Q3648
005.SCG*LB1.CP-5++4.N.-4.12-5.15-4W14	Q3649
005.SCG*LB3.CP-7++3.N.-3.6-6.9-4W12	Q3650
005.SCG*LB4.CP-9++2.N.-4.6-1.9-6W14	Q3651
005.SCG*LB1.CP-8++2.N.11.13-2.16-3W4	Q3652
005.SCG*LB2.CP-5++5.N.13.30-3.35-6W40	Q3653
005.SCG*LB4.CP-1++1.N.-9.8-1.11-1W26	Q3654
005.SCG*LB3.CP-1++0.N.12.13-1.14-4W10	Q3655
005.SCG*LB2.CP-8++2.N.-4.14-3.17-2W7	Q3656
005.SCG*LB3.CP--++4.N.-5.3-4.5-2W7	Q3657
005.SCG*LB3.CP-2++6.N.22.13-3.16-2W11	Q3658
005.SCG*LB1.CP-5++9.N.-4.6-3.12-5W5	Q3659
005.SCG*LB4.CP-6++5.N.-5.10-4.13-1W7	Q3660
005.SCG*LB3.CP-7++3.N.-3.6-6.9-4W6	Q3661
005.SCG*LB1.CP-7++9.N.-7.17-1.21-4W33	Q3662
005.SCG*LB2.CP-4++8.N.-6.15-1.20-1W7	Q3663
005.SCG*LB3.CP-1++0.N.16.1-1.5-5W10	Q3664
005.SCG*LB2.CP-4++8.N.-4.1-2.3-5W8	Q3665
005.SCG*LB2.CP-7++4.N.-2.13-1.21-2W29	Q3666
005.SCG*LB3.CP10++8.N.-5.1-2.5-1W23	Q3667
005.SCG*LB4.CP-9++2.N.-8.4-1.5-4W8	Q3668
005.SCG*LB1.CP-6++3.N.-2.6-3.9-5W9	Q3669
005.SCG*LB4.CP-1++9.N.-3.15-1.17-5W14	Q3670
005.SCG*LB3.CP10++8.N.-5.14-1.17-4W4	Q3671
005.SCG*LB1.CP-7++9.N.-7.6-5.8-3W3	Q3672
005.SCG*LB1.CP-4++4.N.-2.11-5.15-3W13	Q3673
005.SCG*LB2.CP-7++4.N.-2.26-1.28-2W14	Q3674
005.SCG*LB2.CP-2++4.N.-2.2-4.3-4W3	Q3675
005.SCG*LB1.CP-5++8.N.-3.3-4.6-6W15	Q3676
005.SCG*LB2.CP-7++2.N.-4.34-1.39-1W5	Q3677
005.SCG*LB3.CP-9++9.N.-5.6-1.10-2W27	Q3678
005.SCG*LB2.CP-8++2.N.12.10-4.14-1W3	Q3679
005.SCG*LB1.CP-8++9.N.12.13-1.17-1W16	Q3680
005.SCG*LB3.CP11++8.N.-4.17-2.19-4W14	Q3681
005.SCG*LB2.CP-7++4.N.10.1-2.6-1W24	Q3682
005.SCG*LB3.CP10++8.N.-4.7-6.13-3W25	Q3683
005.SCG*LB1.CP-4++4.N.-2.9-5.11-4W14	Q3684
005.SCG*LB2.CP-7++4.N.-2.1-1.4-2W19	Q3685
005.SCG*LB1.CP-6++5.N.-6.14-1.15-5W11	Q3686
005.SCG*LB2.CP-7++4.N.10.6-2.10-1W1	Q3687
005.SCG*LB3.CP-9++9.N.-3.16-1.18-1W10	Q3688
005.SCG*LB3.CP--++3.N.-8.5-2.7-3W11	Q3689
005.SCG*LB1.CP-7++9.N.-7.8-4.10-3W5	Q3690
005.SCG*LB3.CP10++8.N.-5.5-2.10-2W6	Q3691
005.SCG*LB4.CP-3++4.N.24.4-5.5-6W3	Q3692
005.SCG*LB1.CP-4++4.N.-2.11-5.15-3W21	Q3693
005.SCG*LB3.CP-2++6.N.22.5-3.7-4W15	Q3694
005.SCG*LB1.CP-7++9.N.-7.10-4.16-7W4	Q3695
005.SCG*LB1.CP-1++4.N.-2.5-6.7-2W4	Q3696
005.SCG*LB2.CP-4++8.N.-4.1-2.3-5W2	Q3697
005.SCG*LB3.CP-5++0.N.-5.4-5.6-4W10	Q3698
005.SCG*LB3.CP10++8.N.-2.18-4.21-1W16	Q3699
005.SCG*LB2.CP-4++8.N.-4.13-2.15-4W14	Q3700
005.SCG*LB1.CP-9++3.N.10.14-1.16-6W11	Q3701
005.SCG*LB4.CP-3++8.N.-5.1-2.3-1W14	Q3702
005.SCG*LB1.CP-9++1.N.12.40-5.44-3W15	Q3703
005.SCG*LB3.CP-6++2.N.11.7-1.9-2W7	Q3704
005.SCG*LB3.CP-9++5.N.11.4-1.6-3W1	Q3705
005.SCG*LB2.CP-8++0.N.13.52-5.57-3W31	Q3706
005.SCG*LB3.CP-2++5.N.13.1-2.4-2W19	Q3707
005.SCG*LB3.CP-2++7.N.10.3-2.5-2W12	Q3708
005.SCG*LB1.CP-2++8.N.-8.1-2.7-1W39	Q3709
005.SCG*LB4.CP-5++5.N.-3.1-1.5-5W23	Q3710
005.SCG*LB1.CP-1++4.N.-2.9-5.12-1W6	Q3711
005.SCG*LB3.CP-9++5.N.11.6-4.8-3W8	Q3712
005.SCG*LB3.CP-6++4.N.-8.3-3.9-8W14	Q3713
005.SCG*LB3.CP-6++4.N.11.11-3.13-4W11	Q3714
005.SCG*LB3.CP-6++4.N.-8.3-3.9-8W38	Q3715
005.SCG*LB3.CP-9++5.N.11.1-2.3-3W12	Q3716
005.SCG*LB3.CP-5++8.N.-2.10-5.13-4W20	Q3717
005.SCG*LB3.CP-5++8.N.-2.1-2.7-6W39	Q3718
005.SCG*LB1.CP-1++4.N.-3.7-1.12-4W16	Q3719
005.SCG*LB3.CP10++5.N.-9.1-2.3-1W3	Q3720
005.SCG*LB1.CP-1++5.N.-5.5-1.7-7W22	Q3721
005.SCG*LB2.CP-8++9.N.-8.33-1.35-3W16	Q3722
005.SCG*LB3.CP10++5.N.-8.1-1.7-1W8	Q3723
005.SCG*LB4.CP-4++6.N.-5.6-2.7-1W7	Q3724
005.SCG*LB3.CP10++5.N.10.7-1.11-4W16	Q3725
005.SCG*LB3.CP-2++6.N.19.35-4.42-3W4	Q3726
005.SCG*LB2.CP-7++2.N.-5.3-5.5-2W4	Q3727
005.SCG*LB4.CP-6++7.N.-3.5-9.9-7W25	Q3728
005.SCG*LB2.CP-7++4.N.-6.1-1.8-4W38	Q3729
005.SCG*LB1.CP-9++3.N.12.16-1.18-4W15	Q3730
005.SCG*LB1.CP-3++0.N.-3.27-6.30-6W9	Q3731
005.SCG*LB4.CP--++2.N.-5.20-1.23-5W5	Q3732
005.SCG*LB4.CP-3++4.N.10.2-5.3-6W8	Q3733
005.SCG*LB2.CP-7++4.N.11.2-5.6-2W8	Q3734
005.SCG*LB4.CP-2++3.N.-3.26-3.28-3W6	Q3735
005.SCG*LB4.CP-3++4.N.10.5-6.7-3W6	Q3736
005.SCG*LB3.CP-9++5.N.16.8-2.11-1W13	Q3737
005.SCG*LB4.CP--++7.N.13.10-3.14-7W35	Q3738
005.SCG*LB4.CP-5++5.N.19.13-1.17-1W30	Q3739
005.SCG*LB3.CP-9++5.N.20.33-1.38-5W20	Q3740
005.SCG*LB4.CP-3++4.N.25.22-1.24-1W14	Q3741
005.SCG*LB1.CP-7++4.N.-4.1-2.8-4W21	Q3742
005.SCG*LB4.CP--++4.N.12.5-3.10-2W15	Q3743
005.SCG*LB3.CP13++0.N.-4.20-2.22-3W10	Q3744
005.SCG*LB3.CP-5++0.N.-2.10-1.11-5W3	Q3745
005.SCG*LB4.CP--++8.N.-4.10-1.13-3W15	Q3746
005.SCG*LB3.CP-2++5.N.11.8-5.10-2W6	Q3747
005.SCG*LB4.CP-2++7.N.-2.6-3.10-4W9	Q3748
005.SCG*LB1.CP-4++3.N.13.18-4.24-4W12	Q3749
005.SCG*LB4.CP-7++5.N.-3.3-1.4-3W3	Q3750
005.SCG*LB3.CP-8++0.N.12.9-3.11-2W12	Q3751
005.SCG*LB3.CP-7++1.N.-8.6-6.11-7W15	Q3752
005.SCG*LB4.CP-9++1.N.-7.2-6.4-7W4	Q3753
005.SCG*LB4.CP-8++1.N.12.12-6.16-4W12	Q3754
005.SCG*LB3.CP-8++0.N.-5.8-1.11-4W7	Q3755
005.SCG*LB2.CP-8++8.N.-7.4-1.4-3W1	Q3756
005.SCG*LB3.CP-8++9.N.-8.1-2.3-3W1	Q3757
005.SCG*LB1.CP-6++7.N.10.15-2.18-3W16	Q3758
005.SCG*LB4.CP-8++7.N.-2.1-1.7-1W12	Q3759
005.SCG*LB2.CP-9++1.N.-9.1-2.2-4W2	Q3760
005.SCG*LB1.CP-5++7.N.-2.7-4.10-6W5	Q3761
005.SCG*LB2.CP-8++4.N.-4.27-4.30-3W16	Q3762
005.SCG*LB3.CP-9++4.N.-5.1-2.2-4W1	Q3763
005.SCG*LB2.CP-8++8.N.-6.1-2.2-1W3	Q3764
005.SCG*LB2.CP-8++3.N.-5.1-1.2-4W4	Q3765
005.SCG*LB4.CP-2++5.N.-3.6-6.8-2W2	Q3766
005.SCG*LB3.CP-9++0.N.-4.4-3.8-2W8	Q3767
005.SCG*LB3.CP-7++1.N.10.6-7.8-2W5	Q3768
005.SCG*LB1.CP-1++3.N.-6.1-1.1-4W4	Q3769
005.SCG*LB3.CP-7++5.N.15.6-3.8-5W4	Q3770
005.SCG*LB1.CP--++6.N.-7.35-1.37-6W19	Q3771
005.SCG*LB4.CP--++8.N.-8.19-2.20-3W10	Q3772
005.SCG*LB3.CP13++8.N.-8.6-1.8-5W10	Q3773
005.SCG*LB2.CP-2++6.N.-5.1-2.4-7W14	Q3774
005.SCG*LB3.CP11++5.N.-5.5-1.6-5W7	Q3775
005.SCG*LB2.CP-2++7.N.--.1-1.2-4W8	Q3776
005.SCG*LB4.CP-6++2.N.-4.26-8.30-1W26	Q3777
005.SCG*LB4.CP--++1.N.-6.1-1.6-3W10	Q3778
005.SCG*LB4.CP-3++0.N.-9.6-5.9-5W9	Q3779
005.SCG*LB4.CP-1++7.N.16.6-9.7-7W2	Q3780
005.SCG*LB1.CP--++3.N.-5.15-5.20-1W31	Q3781
005.SCG*LB4.CP-8++7.N.-1.8-4.9-5W2	Q3782
005.SCG*LB4.CP-6++2.N.-4.11-3.12-6W8	Q3783
005.SCG*LB4.CP-9++7.N.-8.3-2.7-3W22	Q3784
005.SCG*LB4.CP--++1.N.-9.3-1.5-4W16	Q3785
005.SCG*LB4.CP-2++8.N.-6.5-4.7-4W2	Q3786
005.SCG*LB4.CP--++1.N.10.2-6.6-3W28	Q3787
005.SCG*LB4.CP-2++7.N.-4.4-5.10-6W36	Q3788
005.SCG*LB4.CP--++4.N.11.35-1.36-8W2	Q3789
005.SCG*LB4.CP-8++3.N.23.10-1.18-6W14	Q3790
005.SCG*LB4.CP--++1.N.-3.1-1.7-1W39	Q3791
005.SCG*LB4.CP--++1.N.-3.7-2.11-1W24	Q3792
005.SCG*LB4.CP-2++9.N.-9.7-4.8-4W7	Q3793
005.SCG*LB4.CP-2++8.N.-6.7-5.9-1W11	Q3794
005.SCG*LB4.CP--++1.N.-3.11-2.13-6W12	Q3795
005.SCG*LB4.CP-9++1.N.11.1-1.5-4W22	Q3796
005.SCG*LB4.CP--++1.N.15.1-1.4-3W10	Q3797
005.SCG*LB3.CP-8++0.N.18.6-5.9-3W6	Q3798
005.SCG*LB4.CP-2++1.N.-4.12-5.16-2W24	Q3799
005.SCG*LB4.CP-3++0.N.-1.9-3.12-3W6	Q3800
005.SCG*LB4.CP-3++4.N.-8.1-2.4-2W4	Q3801
005.SCG*LB4.CP-2++8.N.-6.1-1.4-3W17	Q3802
005.SCG*LB4.CP-3++4.N.-8.6-3.7-1W8	Q3803
005.SCG*LB2.CP--++7.N.-5.6-3.8-3W10	Q3804
005.SCG*LB1.CP-7++0.N.-6.13-5.15-6W7	Q3805
005.SCG*LB4.CP-1++3.N.-3.17-7.19-3W11	Q3806
005.SCG*LB1.CP-9++4.N.-2.1-1.8-7W48	Q3807
005.SCG*LB3.CP-6++4.N.12.7-1.10-3W9	Q3808
005.SCG*LB2.CP--++3.N.-3.14-2.17-5W21	Q3809
005.SCG*LB4.CP-6++0.N.-3.4-1.8-4W14	Q3810
005.SCG*LB1.CP-4++2.N.19.3-1.8-7W26	Q3811
005.SCG*LB4.CP-1++2.N.-4.11-5.13-2W7	Q3812
005.SCG*LB2.CP--++3.N.-3.1-1.3-1W13	Q3813
005.SCG*LB2.CP-8++7.N.-7.2-3.9-7W14	Q3814
005.SCG*LB4.CP--++4.N.-2.17-1.18-2W10	Q3815
005.SCG*LB4.CP-6++0.N.-3.4-1.8-4W28	Q3816
005.SCG*LB4.CP-3++1.N.-3.11-4.17-4W37	Q3817
005.SCG*LB4.CP--++8.N.-3.10-5.12-5W4	Q3818
005.SCG*LB3.CP-4++7.N.-4.5-1.11-5W44	Q3819
005.SCG*LB4.CP-5++4.N.-2.20-4.22-5W11	Q3820
005.SCG*LB2.CP-7++8.N.-1.1-1.5-7W7	Q3821
005.SCG*LB3.CP-9++5.N.-2.1-1.4-2W10	Q3822
005.SCG*LB1.CP-8++0.N.-4.7-5.10-5W17	Q3823
005.SCG*LB1.CP--++6.N.--.1-1.3-2W2	Q3824
005.SCG*LB1.CP-8++0.N.-4.7-5.10-5W7	Q3825
005.SCG*LB3.CP-4++0.N.-3.4-5.7-5W3	Q3826
005.SCG*LB3.CP-9++3.N.-6.4-1.9-4W31	Q3827
005.SCG*LB1.CP--++6.N.-3.10-6.14-3W4	Q3828
005.SCG*LB1.CP--++2.N.-4.8-1.9-5W11	Q3829
005.SCG*LB3.CP-4++0.N.-6.8-4.10-3W13	Q3830
005.SCG*LB3.CP-4++0.N.-2.7-1.8-1W7	Q3831
005.SCG*LB3.CP-2++9.N.-3.4-5.7-4W11	Q3832
005.SCG*LB3.CP-7++3.N.-4.12-2.14-3W4	Q3833
005.SCG*LB3.CP-2++5.N.12.7-1.8-4W5	Q3834
005.SCG*LB3.CP-4++8.N.14.10-1.12-1W6	Q3835
005.SCG*LB3.CP-9++5.N.-4.1-2.3-2W11	Q3836
005.SCG*LB3.CP14++3.N.-3.3-6.6-4W14	Q3837
005.SCG*LB3.CP-9++5.N.-1.4-4.8-3W27	Q3838
005.SCG*LB3.CP-2++9.N.-3.3-2.4-4W11	Q3839
005.SCG*LB3.CP-4++1.N.-2.22-1.27-1W32	Q3840
005.SCG*LB1.CP-9++1.N.12.39-4.40-4W9	Q3841
005.SCG*LB1.CP-8++2.N.-7.3-6.8-1W23	Q3842
005.SCG*LB3.CP-4++8.N.-6.4-5.6-2W10	Q3843
005.SCG*LB3.CP-2++0.N.-2.1-1.4-4W5	Q3844
005.SCG*LB3.CP-2++8.N.-4.6-2.8-4W5	Q3845
005.SCG*LB3.CP-7++3.N.-4.9-5.12-1W12	Q3846
005.SCG*LB2.CP-8++3.N.-7.15-1.18-5W15	Q3847
005.SCG*LB4.CP-3++2.N.-5.5-1.7-7W18	Q3848
005.SCG*LB4.CP-3++4.N.-2.66-3.67-7W3	Q3849
005.SCG*LB4.CP--++8.N.-5.44-1.46-2W9	Q3850
005.SCG*LB4.CP-3++7.N.10.5-1.9-7W34	Q3851
005.SCG*LB2.CP-7++0.N.-8.1-1.4-7W13	Q3852
005.SCG*LB4.CP--++5.N.-4.1-1.4-5W20	Q3853
005.SCG*LB1.CP-1++0.N.-1.1-1.6-7W18	Q3854
005.SCG*LB1.CP-1++2.N.-6.12-1.13-2W5	Q3855
005.SCG*LB4.CP-3++4.N.31.5-1.7-1W7	Q3856
005.SCG*LB4.CP-1++7.N.-5.1-2.5-3W20	Q3857
005.SCG*LB4.CP-1++0.N.-6.13-5.16-5W25	Q3858
005.SCG*LB4.CP-3++7.N.-1.5-5.8-5W20	Q3859
005.SCG*LB4.CP-3++2.N.-2.5-4.9-3W4	Q3860
005.SCG*LB4.CP--++6.N.10.11-1.14-1W13	Q3861
005.SCG*LB2.CP-7++9.N.15.6-6.9-2W8	Q3862
005.SCG*LB1.CP-1++7.N.-5.6-1.8-6W18	Q3863
005.SCG*LB4.CP-3++2.N.-7.10-7.11-5W6	Q3864
005.SCG*LB2.CP--++3.N.-4.4-2.10-4W26	Q3865
005.SCG*LB1.CP--++3.N.-5.36-1.43-1W15	Q3866
005.SCG*LB1.CP--++4.N.-5.11-1.15-3W23	Q3867
005.SCG*LB3.CP-4++4.N.-4.8-3.14-6W6	Q3868
005.SCG*LB1.CP--++3.N.-7.1-1.5-3W11	Q3869
005.SCG*LB4.CP--++7.N.24.12-1.14-4W12	Q3870
005.SCG*LB4.CP--++5.N.-5.7-3.10-5W5	Q3871
005.SCG*LB4.CP-1++8.N.-1.1-1.9-3W6	Q3872
005.SCG*LB1.CP-4++2.N.19.3-1.8-7W19	Q3873
005.SCG*LB4.CP--++7.N.-3.6-3.8-2W9	Q3874
005.SCG*LB4.CP--++7.N.-2.6-4.7-2W4	Q3875
005.SCG*LB4.CP--++7.N.-4.7-2.8-2W1	Q3876
005.SCG*LB1.CP-8++6.N.-5.1-1.3-2W6	Q3878
005.SCG*LB2.CP-4++6.N.-1.5-1.10-3W16	Q3879
005.SCG*LB3.CP-8++0.N.17.1-1.2-4W1	Q3880
005.SCG*LB4.CP-5++0.N.-2.1-1.3-5W6	Q3881
005.SCG*LB3.CP-4++4.N.-3.25-1.27-3W15	Q3882
005.SCG*LB2.CP-6++4.N.-4.3-4.11-2W22	Q3883
005.SCG*LB2.CP-2++8.N.17.3-1.8-8W42	Q3884
005.SCG*LB1.CP-8++6.N.-1.1-1.3-2W10	Q3885
005.SCG*LB4.CP-5++3.N.15.8-3.12-4W31	Q3886
005.SCG*LB2.CP-6++2.N.-1.1-1.7-3W23	Q3887
005.SCG*LB2.CP-6++4.N.-3.5-4.7-7W4	Q3888
005.SCG*LB4.CP-6++3.N.12.17-1.17-5W5	Q3889
005.SCG*LB2.CP-4++2.N.-2.1-1.3-3W10	Q3890
005.SCG*LB3.CP--++1.N.-6.30-1.33-2W7	Q3891
005.SCG*LB1.CP-8++7.N.-1.1-1.4-1W7	Q3892
005.SCG*LB2.CP-9++0.N.-8.4-2.7-5W15	Q3893
005.SCG*LB3.CP-6++4.N.-7.1-2.5-4W10	Q3894
005.SCG*LB2.CP-3++2.N.-7.14-2.17-1W6	Q3895
005.SCG*LB2.CP-4++4.N.-7.15-3.22-6W16	Q3896
005.SCG*LB4.CP-1++4.N.-5.15-1.18-1W11	Q3897
005.SCG*LB4.CP-5++8.N.-3.12-2.15-2W13	Q3898
005.SCG*LB1.CP-1++7.N.-7.10-5.11-7W6	Q3899
005.SCG*LB3.CP13++0.N.-2.23-2.24-1W5	Q3900
005.SCG*LB1.CP-8++6.N.--.1-1.2-3W6	Q3901
005.SCG*LB4.CP-2++1.N.-1.8-1.12-5W23	Q3902
005.SCG*LB3.CP-3++4.N.-5.3-4.5-2W7	Q3903
005.SCG*LB1.CP-5++6.N.-8.1-1.5-4W14	Q3904
005.SCG*LB4.CP-2++1.N.-1.1-1.5-6W22	Q3905
005.SCG*LB4.CP-2++1.N.-6.1-1.5-1W20	Q3906
005.SCG*LB3.CP-2++0.N.-1.4-5.6-3W7	Q3907
005.SCG*LB4.CP-3++5.N.12.7-3.9-4W15	Q3908
005.SCG*LB3.CP-1++9.N.-1.3-2.7-1W24	Q3909
005.SCG*LB1.CP-2++9.N.-6.7-1.8-3W5	Q3910
005.SCG*LB3.CP-1++9.N.-3.9-3.10-5W8	Q3911
005.SCG*LB2.CP-6++8.N.10.1-1.12-3W35	Q3912
005.SCG*LB3.CP-2++5.N.-8.3-2.5-1W8	Q3913
005.SCG*LB2.CP-4++6.N.-4.6-1.9-1W1	Q3914
005.SCG*LB2.CP-7++7.N.-2.18-1.21-5W7	Q3915
005.SCG*LB4.CP-9++7.N.-3.28-1.31-2W21	Q3916
005.SCG*LB3.CP-1++9.N.-2.6-2.7-3W10	Q3917
005.SCG*LB1.CP-6++8.N.-5.9-1.12-5W24	Q3918
005.SCG*LB3.CP-2++5.N.-8.9-1.14-1W7	Q3919
005.SCG*LB3.CP-2++5.N.-8.14-2.16-2W9	Q3920
005.SCG*LB3.CP-9++7.N.-3.19-7.26-3W19	Q3921
005.SCG*LB4.CP-7++7.N.-5.1-2.3-2W8	Q3922
005.SCG*LB3.CP-2++4.N.-6.12-2.13-3W3	Q3923
005.SCG*LB4.CP-2++1.N.-6.5-2.9-4W31	Q3924
005.SCG*LB3.CP-2++0.N.-1.1-1.3-2W9	Q3925
005.SCG*LB4.CP-3++7.N.-3.7-3.9-2W13	Q3926
005.SCG*LB4.CP-7++7.N.-5.3-3.5-2W4	Q3927
005.SCG*LB1.CP-8++0.N.-5.1-2.3-1W6	Q3928
005.SCG*LB2.CP-8++0.N.13.58-1.61-5W12	Q3929
005.SCG*LB3.CP-2++1.N.-5.1-2.3-6W14	Q3930
005.SCG*LB4.CP-5++4.N.-3.28-3.31-3W19	Q3931
005.SCG*LB3.CP-2++1.N.--.1-1.3-2W5	Q3932
005.SCG*LB3.CP-5++8.N.-3.4-3.5-5W7	Q3933
005.SCG*LB3.CP-2++1.N.-3.6-1.7-5W8	Q3934
005.SCG*LB3.CP-2++1.N.-5.19-3.21-3W5	Q3935
005.SCG*LB2.CP-8++9.N.-8.23-1.25-5W11	Q3936
005.SCG*LB3.CP-1++9.N.--.1-1.2-2W4	Q3937
005.SCG*LB3.CP-1++9.N.-5.4-2.6-4W11	Q3938
005.SCG*LB3.CP-2++5.N.-8.5-2.7-1W3	Q3939
005.SCG*LB3.CP-5++3.N.-6.11-4.15-2W13	Q3940
005.SCG*LB1.CP-8++5.N.-2.9-8.14-4W13	Q3941
005.SCG*LB1.CP-4++2.N.-6.3-1.6-2W12	Q3942
005.SCG*LB3.CP-1++9.N.-3.6-2.9-2W9	Q3943
005.SCG*LB3.CP15++1.N.-5.1-2.6-1W10	Q3944
005.SCG*LB4.CP-5++1.N.11.2-3.4-4W14	Q3945
005.SCG*LB3.CP-3++4.N.-5.1-2.3-3W10	Q3946
005.SCG*LB2.CP-8++9.N.-2.14-3.15-3W5	Q3947
005.SCG*LB3.CP-2++0.N.-8.1-1.8-3W17	Q3948
005.SCG*LB3.CP-2++1.N.-5.5-3.7-7W5	Q3949
005.SCG*LB3.CP-5++1.N.-6.1-1.3-2W7	Q3950
005.SCG*LB2.CP-7++8.N.-6.10-1.12-1W3	Q3951
005.SCG*LB2.CP-6++0.N.13.2-5.4-4W10	Q3952
005.SCG*LB1.CP-6++8.N.-5.9-1.12-5W5	Q3953
005.SCG*LB4.CP-2++1.N.-1.5-7.7-4W12	Q3954
005.SCG*LB4.CP-1++6.N.-5.1-2.5-1W6	Q3955
005.SCG*LB1.CP-1++1.N.-1.2-1.4-2W8	Q3956
005.SCG*LB3.CP-8++5.N.-8.4-1.8-6W29	Q3957
005.SCG*LB4.CP-5++5.N.11.42-4.45-4W19	Q3958
005.SCG*LB4.CP-7++2.N.14.14-1.18-2W15	Q3959
005.SCG*LB4.CP-4++0.N.14.3-2.5-5W14	Q3960
005.SCG*LB2.CP-8++8.N.-9.1-2.10-4W65	Q3961
005.SCG*LB4.CP-4++8.N.-1.1-1.4-5W12	Q3962
005.SCG*LB4.CP-4++2.N.-1.7-3.9-6W15	Q3963
005.SCG*LB4.CP-3++3.N.-6.18-6.21-3W20	Q3964
005.SCG*LB4.CP-7++0.N.-8.1-1.3-4W1	Q3965
005.SCG*LB4.CP-5++5.N.-5.12-2.15-4W14	Q3966
005.SCG*LB4.CP-4++1.N.12.22-1.27-1W6	Q3967
005.SCG*LB1.CP--++2.N.-2.1-1.6-3W1	Q3968
005.SCG*LB4.CP-5++5.N.-6.27-4.31-1W3	Q3969
005.SCG*LB3.CP13++5.N.12.5-1.7-2W15	Q3970
005.SCG*LB4.CP-8++3.N.-2.4-5.7-2W5	Q3971
005.SCG*LB3.CP12++0.N.24.13-4.14-2W3	Q3972
005.SCG*LB4.CP-3++7.N.-4.7-4.9-6W16	Q3973
005.SCG*LB4.CP-4++3.N.-5.4-1.9-3W11	Q3974
005.SCG*LB4.CP-3++7.N.-9.1-2.4-3W5	Q3975
005.SCG*LB4.CP--++8.N.-7.25-1.29-6W14	Q3976
005.SCG*LB4.CP-4++4.N.-2.1-1.2-3W8	Q3977
005.SCG*LB4.CP-5++3.N.10.1-2.6-4W26	Q3978
005.SCG*LB3.CP13++5.N.17.8-6.14-3W6	Q3979
005.SCG*LB2.CP-4++4.N.-7.7-3.13-2W37	Q3980
005.SCG*LB4.CP-1++3.N.-5.13-4.17-4W24	Q3981
005.SCG*LB4.CP-3++2.N.-2.20-5.22-3W9	Q3982
005.SCG*LB4.CP-5++3.N.-4.5-6.8-3W18	Q3983
005.SCG*LB3.CP13++2.N.25.7-5.9-3W11	Q3984
005.SCG*LB4.CP-4++3.N.-2.9-1.12-7W5	Q3985
005.SCG*LB4.CP-5++3.N.10.1-2.6-4W10	Q3986
005.SCG*LB3.CP13++5.N.-7.1-1.4-1W7	Q3987
005.SCG*LB4.CP-3++8.N.10.1-2.4-5W21	Q3988
005.SCG*LB4.CP-4++9.N.11.5-1.9-4W20	Q3989
005.SCG*LB4.CP-5++5.N.-6.20-4.24-5W24	Q3990
005.SCG*LB4.CP-2++9.N.-8.11-1.17-5W14	Q3991
005.SCG*LB4.CP-5++5.N.-6.1-1.5-2W24	Q3992
005.SCG*LB4.CP-4++4.N.-6.3-4.7-3W6	Q3993
005.SCG*LB3.CP-5++3.N.-6.8-4.11-3W19	Q3994
005.SCG*LB4.CP-4++9.N.14.4-5.6-4W6	Q3995
005.SCG*LB4.CP-5++3.N.-4.5-6.8-3W11	Q3996
005.SCG*LB4.CP-4++0.N.-2.3-5.6-1W4	Q3997
005.SCG*LB4.CP-2++7.N.-3.2-4.6-3W32	Q3998
005.SCG*LB4.CP-5++5.N.22.7-1.11-4W16	Q3999
005.SCG*LB4.CP-2++4.N.-3.17-2.20-3W5	Q4000
005.SCG*LB4.CP-4++5.N.-7.18-4.24-1W25	Q4001
005.SCG*LB2.CP-4++4.N.-7.7-3.13-2W29	Q4002
005.SCG*LB4.CP-4++4.N.-2.5-2.6-5W5	Q4003
005.SCG*LB3.CP14++5.N.-3.1-2.6-2W27	Q4004
005.SCG*LB4.CP-2++8.N.-4.1-1.4-3W10	Q4005
005.SCG*LB4.CP-3++0.N.-2.5-3.8-4W28	Q4006
005.SCG*LB4.CP-3++1.N.-1.1-1.7-2W23	Q4007
005.SCG*LB3.CP13++2.N.20.5-5.10-3W12	Q4008
005.SCG*LB3.CP13++2.N.20.14-3.16-1W11	Q4009
005.SCG*LB4.CP-5++3.N.12.3-2.6-3W17	Q4010
005.SCG*LB4.CP-5++3.N.-9.1-2.4-5W8	Q4011
005.SCG*LB4.CP-5++3.N.-8.1-2.3-3W15	Q4012
005.SCG*LB4.CP-3++7.N.-7.4-3.7-6W23	Q4013
005.SCG*LB4.CP-2++9.N.14.8-2.9-5W10	Q4014
005.SCG*LB4.CP-4++5.N.-7.18-4.24-1W43	Q4015
005.SCG*LB4.CP-4++9.N.-3.4-2.8-6W20	Q4016
005.SCG*LB4.CP-4++9.N.10.3-8.6-4W20	Q4017
005.SCG*LB4.CP-5++0.N.-1.4-2.6-2W11	Q4018
005.SCG*LB1.CP--++2.N.-3.2-6.6-1W20	Q4019
005.SCG*LB4.CP-3++0.N.-6.8-6.9-2W5	Q4020
005.SCG*LB4.CP-5++5.N.-5.34-2.37-2W10	Q4021
005.SCG*LB4.CP-3++0.N.-6.5-8.8-5W26	Q4022
005.SCG*LB3.CP-9++5.N.13.4-6.7-4W10	Q4023
005.SCG*LB4.CP-5++5.N.13.29-2.32-5W9	Q4024
005.SCG*LB3.CP13++5.N.22.12-4.14-2W13	Q4025
005.SCG*LB4.CP-4++3.N.--.1-1.4-1W16	Q4026
005.SCG*LB4.CP-4++9.N.-4.9-2.11-5W15	Q4027
005.SCG*LB3.CP13++5.N.-5.9-2.11-3W14	Q4028
005.SCG*LB4.CP-2++9.N.-1.4-1.6-1W12	Q4029
005.SCG*LB4.CP-5++5.N.13.51-6.55-4W9	Q4030
005.SCG*LB3.CP12++3.N.-3.6-5.8-2W6	Q4031
005.SCG*LB3.CP13++1.N.-7.7-4.8-2W6	Q4032
005.SCG*LB4.CP-3++2.N.-2.9-4.17-5W9	Q4033
005.SCG*LB4.CP-3++0.N.-4.6-6.10-3W13	Q4034
005.SCG*LB2.CP--++1.N.-5.4-2.5-4W12	Q4035
005.SCG*LB4.CP-3++8.N.10.11-5.14-5W4	Q4036
005.SCG*LB4.CP-3++0.N.-4.4-1.6-5W9	Q4037
005.SCG*LB4.CP-3++7.N.-8.1-2.5-3W3	Q4038
005.SCG*LB4.CP-3++3.N.-7.7-1.13-3W28	Q4039
005.SCG*LB4.CP-1++8.N.-5.5-5.7-3W10	Q4040
005.SCG*LB4.CP-3++1.N.-6.1-1.6-1W27	Q4041
005.SCG*LB4.CP-3++8.N.10.7-3.11-4W25	Q4042
005.SCG*LB4.CP--++8.N.-7.4-3.7-4W18	Q4043
005.SCG*LB4.CP--++5.N.-8.1-1.6-3W27	Q4044
005.SCG*LB4.CP-4++3.N.-2.22-6.24-5W6	Q4045
005.SCG*LB3.CP13++2.N.13.12-1.14-4W6	Q4046
005.SCG*LB4.CP-5++0.N.-3.1-1.4-3W4	Q4047
005.SCG*LB4.CP-4++3.N.-2.6-5.8-7W7	Q4048
005.SCG*LB4.CP-4++6.N.-3.7-5.10-2W18	Q4049
005.SCG*LB4.CP-5++4.N.-2.18-1.20-3W8	Q4050
005.SCG*LB4.CP-4++3.N.-1.1-1.5-2W6	Q4051
005.SCG*LB4.CP-5++3.N.-6.3-1.4-5W11	Q4052
005.SCG*LB4.CP-5++3.N.-5.4-5.6-2W5	Q4053
005.SCG*LB3.CP13++2.N.11.11-5.14-1W11	Q4054
005.SCG*LB3.CP13++2.N.23.9-1.12-2W7	Q4055
005.SCG*LB4.CP-4++4.N.-5.1-1.4-3W20	Q4056
005.SCG*LB4.CP-3++2.N.-2.5-4.9-3W19	Q4057
005.SCG*LB4.CP-3++8.N.-9.11-4.19-1W5	Q4058
005.SCG*LB4.CP-4++1.N.-7.1-1.11-1W38	Q4059
005.SCG*LB4.CP-5++5.N.-6.44-2.46-2W8	Q4060
005.SCG*LB4.CP--++8.N.10.9-1.12-3W7	Q4061
005.SCG*LB4.CP-3++7.N.-8.1-2.5-3W18	Q4062
005.SCG*LB4.CP-4++6.N.-3.7-5.10-2W7	Q4063
005.SCG*LB4.CP-8++3.N.-3.6-5.8-2W5	Q4064
005.SCG*LB4.CP-3++3.N.-6.4-1.8-4W28	Q4065
005.SCG*LB4.CP-3++2.N.-2.1-1.3-6W15	Q4066
005.SCG*LB4.CP-3++7.N.-1.23-3.29-2W20	Q4067
005.SCG*LB4.CP-3++7.N.-7.4-3.7-6W4	Q4068
005.SCG*LB4.CP-2++7.N.-1.1-1.7-2W33	Q4069
005.SCG*LB4.CP-5++3.N.12.6-4.8-3W11	Q4070
005.SCG*LB3.CP12++3.N.-3.10-4.14-4W6	Q4071
005.SCG*LB4.CP-3++7.N.-9.5-1.8-2W24	Q4072
005.SCG*LB3.CP-8++0.N.16.20-1.22-5W11	Q4073
005.SCG*LB4.CP-4++4.N.-2.7-1.10-2W5	Q4074
005.SCG*LB4.CP-3++0.N.10.1-1.3-2W8	Q4075
005.SCG*LB4.CP-7++4.N.-1.12-7.14-7W6	Q4076
005.SCG*LB4.CP-2++4.N.-3.15-1.17-1W12	Q4077
005.SCG*LB4.CP-5++5.N.-7.1-1.3-5W8	Q4078
005.SCG*LB4.CP-6++2.N.-2.1-1.6-4W5	Q4079
005.SCG*LB4.CP-3++7.N.-4.7-4.9-6W7	Q4080
005.SCG*LB1.CP-1++2.N.-3.1-1.6-5W9	Q4081
005.SCG*LB3.CP13++2.N.-3.1-1.3-3W15	Q4082
005.SCG*LB3.CP13++5.N.22.23-1.26-5W4	Q4083
005.SCG*LB3.CP13++5.N.--.1-1.4-1W11	Q4084
005.SCG*LB3.CP13++5.N.-4.1-1.4-2W10	Q4085
005.SCG*LB3.CP13++5.N.14.1-1.4-1W19	Q4086
005.SCG*LB2.CP-8++3.N.24.1-1.4-4W21	Q4087
005.SCG*LB3.CP13++1.N.-6.5-1.7-1W6	Q4088
005.SCG*LB4.CP-4++3.N.-5.16-4.19-1W12	Q4089
005.SCG*LB4.CP-3++7.N.-1.23-3.29-2W30	Q4090
005.SCG*LB1.CP-1++2.N.-8.1-1.4-4W11	Q4091
005.SCG*LB3.CP-9++4.N.16.1-1.4-6W10	Q4092
005.SCG*LB4.CP-5++5.N.-5.31-1.34-1W4	Q4093
005.SCG*LB4.CP-4++5.N.-3.14-7.19-2W33	Q4094
005.SCG*LB4.CP-4++3.N.-2.15-1.18-2W12	Q4095
005.SCG*LB3.CP13++5.N.13.1-1.7-3W6	Q4096
005.SCG*LB4.CP-3++2.N.-2.17-6.20-4W1	Q4097
005.SCG*LB2.CP--++4.N.-3.4-1.8-6W4	Q4098
005.SCG*LB4.CP-4++9.N.-3.1-1.4-1W15	Q4099
005.SCG*LB4.CP-4++4.N.--.1-1.3-5W3	Q4100
005.SCG*LB4.CP-3++7.N.11.7-4.11-1W5	Q4101
005.SCG*LB4.CP-3++6.N.-6.1-2.4-1W14	Q4102
005.SCG*LB4.CP-4++3.N.-3.15-2.16-2W9	Q4103
005.SCG*LB4.CP-4++3.N.-4.10-5.15-1W5	Q4104
005.SCG*LB4.CP-5++3.N.22.1-2.6-1W20	Q4105
005.SCG*LB4.CP-2++9.N.-4.1-1.7-2W10	Q4106
005.SCG*LB4.CP-5++5.N.22.7-1.11-4W32	Q4107
005.SCG*LB1.CP--++1.N.-7.6-6.13-1W44	Q4108
005.SCG*LB4.CP--++8.N.-7.43-3.44-5W5	Q4109
005.SCG*LB4.CP-5++3.N.-6.7-5.9-5W14	Q4110
005.SCG*LB4.CP-5++4.N.-3.34-4.38-3W24	Q4111
005.SCG*LB4.CP-4++4.N.-5.1-1.4-3W8	Q4112
005.SCG*LB4.CP-3++7.N.-1.23-3.29-2W7	Q4113
005.SCG*LB4.CP--++8.N.-8.41-3.43-2W6	Q4114
005.SCG*LB4.CP-5++5.N.13.17-1.19-2W8	Q4115
005.SCG*LB3.CP13++5.N.-6.3-3.5-2W6	Q4116
005.SCG*LB4.CP-4++3.N.-3.5-2.6-6W10	Q4117
005.SCG*LB3.CP13++2.N.-3.3-4.6-3W12	Q4118
005.SCG*LB3.CP13++2.N.23.14-1.16-3W16	Q4119
005.SCG*LB4.CP--++8.N.13.1-1.4-1W11	Q4120
005.SCG*LB4.CP-5++5.N.13.19-3.23-2W29	Q4121
005.SCG*LB4.CP-8++1.N.15.4-6.6-3W8	Q4122
005.SCG*LB3.CP13++5.N.22.8-1.11-1W7	Q4123
005.SCG*LB3.CP13++5.N.15.14-4.19-6W5	Q4124
005.SCG*LB4.CP-4++5.N.-7.24-2.31-1W15	Q4125
005.SCG*LB3.CP13++2.N.24.9-2.10-3W9	Q4126
005.SCG*LB3.CP12++3.N.-3.8-3.10-3W12	Q4127
005.SCG*LB3.CP13++5.N.-5.1-1.3-3W13	Q4128
005.SCG*LB4.CP-4++3.N.--.1-1.4-1W4	Q4129
005.SCG*LB4.CP-5++4.N.-3.17-3.20-3W17	Q4130
005.SCG*LB3.CP13++8.N.-1.6-1.8-5W10	Q4131
005.SCG*LB2.CP-6++8.N.-6.3-2.9-5W39	Q4132
005.SCG*LB1.CP-3++4.N.-1.14-1.20-5W7	Q4133
005.SCG*LB1.CP-4++3.N.-2.1-1.4-4W8	Q4134
005.SCG*LB1.CP-7++0.N.-2.11-3.14-6W9	Q4135
005.SCG*LB4.CP-4++5.N.-7.4-3.9-1W9	Q4136
005.SCG*LB1.CP-2++8.N.-9.11-1.14-1W18	Q4137
005.SCG*LB4.CP-3++8.N.-2.3-2.6-3W7	Q4138
005.SCG*LB1.CP-3++3.N.-3.1-2.3-4W10	Q4139
005.SCG*LB3.CP10++5.N.-1.2-6.4-2W10	Q4140
005.SCG*LB1.CP-2++6.N.12.8-7.12-4W10	Q4141
005.SCG*LB3.CP-9++7.N.11.1-1.5-4W11	Q4142
005.SCG*LB3.CP11++0.N.-5.21-7.25-4W26	Q4143
005.SCG*LB3.CP10++1.N.-2.8-2.8-7W6	Q4144
005.SCG*LB3.CP10++1.N.-3.10-1.12-6W6	Q4145
005.SCG*LB3.CP-2++2.N.-6.10-2.14-3W9	Q4146
005.SCG*LB4.CP-5++8.N.-5.1-1.2-5W9	Q4147
005.SCG*LB1.CP-6++9.N.-3.3-2.6-2W20	Q4148
005.SCG*LB3.CP15++0.N.-9.5-7.8-3W10	Q4149
005.SCG*LB3.CP-9++2.N.-3.1-1.2-1W5	Q4150
005.SCG*LB2.CP-5++6.N.-5.8-6.13-5W20	Q4151
005.SCG*LB3.CP16++3.N.-1.22-1.24-4W14	Q4152
005.SCG*LB1.CP-7++6.N.-4.1-2.5-1W12	Q4153
005.SCG*LB3.CP14++7.N.-3.9-2.11-7W8	Q4154
005.SCG*LB1.CP-3++3.N.-2.1-1.5-2W14	Q4155
005.SCG*LB2.CP-3++5.N.-7.17-2.23-3W25	Q4156
005.SCG*LB3.CP14++4.N.-4.8-2.10-3W2	Q4157
005.SCG*LB2.CP-1++9.N.-5.8-3.12-4W8	Q4158
005.SCG*LB3.CP-9++2.N.-4.1-1.2-5W3	Q4159
005.SCG*LB2.CP-2++8.N.15.34-1.36-3W7	Q4160
005.SCG*LB4.CP-4++5.N.-4.4-5.9-4W28	Q4161
005.SCG*LB1.CP-7++0.N.-8.3-5.6-6W4	Q4162
005.SCG*LB1.CP-7++2.N.-3.13-1.17-1W5	Q4163
005.SCG*LB1.CP-3++4.N.-2.1-1.4-4W7	Q4164
005.SCG*LB2.CP-4++6.N.-5.1-2.3-6W6	Q4165
005.SCG*LB2.CP-8++4.N.-5.3-3.7-1W4	Q4166
005.SCG*LB2.CP-3++5.N.-6.39-4.46-2W23	Q4167
005.SCG*LB3.CP-8++0.N.-4.10-3.12-2W12	Q4168
005.SCG*LB4.CP-4++1.N.11.7-1.8-6W4	Q4169
005.SCG*LB3.CP12++2.N.11.5-6.7-4W1	Q4170
005.SCG*LB3.CP-5++6.N.-4.1-2.2-5W3	Q4171
005.SCG*LB3.CP10++2.N.-7.1-2.2-3W7	Q4172
005.SCG*LB1.CP-3++8.N.-3.3-1.7-1W6	Q4173
005.SCG*LB1.CP-2++9.N.-5.5-3.9-6W23	Q4174
005.SCG*LB4.CP-9++7.N.-5.10-3.13-4W9	Q4175
005.SCG*LB2.CP-9++2.N.11.1-1.2-1W3	Q4176
005.SCG*LB3.CP15++4.N.18.1-1.2-5W1	Q4177
005.SCG*LB2.CP-1++3.N.-5.14-5.16-3W14	Q4178
005.SCG*LB1.CP-4++3.N.16.1-1.4-6W4	Q4179
005.SCG*LB1.CP-2++0.N.20.6-1.8-4W5	Q4180
005.SCG*LB2.CP-2++1.N.11.1-1.3-5W7	Q4181
005.SCG*LB1.CP-4++9.N.-7.1-1.2-3W4	Q4182
005.SCG*LB2.CP-3++0.N.-5.13-2.14-1W5	Q4183
005.SCG*LB4.CP-5++5.N.10.42-7.47-5W28	Q4184
005.SCG*LB4.CP--++7.N.25.10-3.11-5W10	Q4185
005.SCG*LB1.CP-3++7.N.-2.5-5.7-7W7	Q4186
005.SCG*LB4.CP-7++0.N.-3.3-1.5-4W11	Q4187
005.SCG*LB2.CP-6++8.N.-6.13-1.19-5W17	Q4188
005.SCG*LB3.CP-4++9.N.-9.1-1.5-2W14	Q4189
005.SCG*LB3.CP-9++7.N.10.11-3.13-5W9	Q4190
005.SCG*LB1.CP-5++7.N.-8.2-9.4-1W4	Q4191
005.SCG*LB1.CP--++4.N.-3.7-4.10-4W13	Q4192
005.SCG*LB1.CP-2++0.N.23.10-4.16-4W40	Q4193
005.SCG*LB2.CP-3++0.N.11.24-2.26-3W4	Q4194
005.SCG*LB2.CP-9++1.N.-4.4-3.6-1W1	Q4195
005.SCG*LB3.CP-5++2.N.-1.1-1.3-6W18	Q4196
005.SCG*LB4.CP--++1.N.-3.1-1.7-1W26	Q4197
005.SCG*LB3.CP-3++1.N.-2.1-2.3-1W10	Q4198
005.SCG*LB2.CP-2++3.N.10.1-2.5-1W13	Q4199
005.SCG*LB2.CP-3++0.N.11.20-3.21-6W5	Q4200
005.SCG*LB3.CP14++9.N.-5.2-2.5-5W16	Q4201
005.SCG*LB2.CP-3++7.N.-2.42-1.44-7W6	Q4202
005.SCG*LB3.CP14++7.N.-2.3-4.6-1W12	Q4203
005.SCG*LB3.CP13++6.N.12.4-6.9-2W22	Q4204
005.SCG*LB2.CP-3++7.N.-2.45-1.51-1W6	Q4205
005.SCG*LB1.CP-7++0.N.-7.1-1.4-5W13	Q4206
005.SCG*LB3.CP--++5.N.-2.8-1.12-3W19	Q4207
005.SCG*LB4.CP-1++0.N.-4.28-3.31-5W22	Q4208
005.SCG*LB3.CP-7++5.N.15.4-3.5-1W1	Q4209
005.SCG*LB1.CP-1++4.N.-2.3-3.5-5W9	Q4210
005.SCG*LB3.CP-2++0.N.-6.13-5.15-4W7	Q4211
005.SCG*LB4.CP-6++7.N.-4.7-2.9-2W9	Q4212
005.SCG*LB4.CP-7++0.N.-3.8-7.10-2W11	Q4213
005.SCG*LB3.CP-2++6.N.16.8-4.11-1W15	Q4214
005.SCG*LB2.CP-2++1.N.-6.1-2.5-6W18	Q4215
005.SCG*LB3.CP-9++2.N.-8.26-4.29-3W4	Q4216
005.SCG*LB1.CP-2++0.N.33.1-2.4-6W22	Q4217
005.SCG*LB3.CP15++1.N.-2.6-6.9-5W14	Q4218
005.SCG*LB1.CP-2++0.N.33.5-1.8-5W4	Q4219
005.SCG*LB3.CP10++6.N.-5.3-2.6-2W9	Q4220
005.SCG*LB4.CP-2++3.N.10.1-1.3-6W12	Q4221
005.SCG*LB4.CP-1++3.N.-3.14-6.17-6W5	Q4222
005.SCG*LB4.CP-3++4.N.11.1-2.3-5W10	Q4223
005.SCG*LB4.CP-1++6.N.-6.3-4.4-6W7	Q4224
005.SCG*LB2.CP-4++3.N.-8.4-5.5-6W9	Q4225
005.SCG*LB3.CP-8++4.N.13.1-1.3-5W10	Q4226
005.SCG*LB2.CP-6++0.N.17.1-2.8-3W12	Q4227
005.SCG*LB2.CP-7++2.N.-4.24-7.26-1W9	Q4228
005.SCG*LB2.CP-6++4.N.-1.8-4.9-4W4	Q4229
005.SCG*LB4.CP--++2.N.-4.5-1.6-6W15	Q4230
005.SCG*LB1.CP-3++5.N.-2.12-3.14-3W11	Q4231
005.SCG*LB1.CP-9++1.N.13.1-1.7-1W8	Q4232
005.SCG*LB4.CP--++9.N.-6.18-4.21-3W13	Q4233
005.SCG*LB1.CP-2++8.N.-9.11-1.14-1W8	Q4234
005.SCG*LB4.CP-1++4.N.-9.9-1.12-2W18	Q4235
005.SCG*LB2.CP-7++6.N.18.11-2.14-5W6	Q4236
005.SCG*LB1.CP-9++7.N.-3.1-2.3-5W5	Q4237
005.SCG*LB4.CP-1++7.N.21.5-1.6-7W14	Q4238
005.SCG*LB3.CP-7++6.N.-1.18-2.19-4W5	Q4239
005.SCG*LB4.CP-1++3.N.-3.19-4.21-1W10	Q4240
005.SCG*LB2.CP--++7.N.-1.1-1.3-2W16	Q4241
005.SCG*LB2.CP-2++1.N.-4.1-2.7-6W14	Q4242
005.SCG*LB2.CP-8++3.N.10.4-3.6-6W3	Q4243
005.SCG*LB2.CP-6++2.N.-6.1-2.3-7W2	Q4244
005.SCG*LB2.CP-7++7.N.-5.29-1.32-3W8	Q4245
005.SCG*LB1.CP-3++3.N.-2.1-1.5-2W29	Q4246
005.SCG*LB4.CP-3++4.N.26.28-4.29-3W5	Q4247
005.SCG*LB4.CP-7++1.N.11.16-4.21-3W30	Q4248
005.SCG*LB2.CP--++3.N.-3.4-3.7-4W11	Q4249
005.SCG*LB2.CP-8++9.N.-8.23-1.25-5W4	Q4250
005.SCG*LB3.CP-9++7.N.16.1-1.3-5W12	Q4251
005.SCG*LB2.CP-2++1.N.-8.11-1.13-1W13	Q4252
005.SCG*LB4.CP--++4.N.15.1-2.5-1W9	Q4253
005.SCG*LB3.CP-8++4.N.11.1-1.4-4W21	Q4254
005.SCG*LB4.CP-8++1.N.-1.1-1.9-6W24	Q4255
005.SCG*LB1.CP-3++5.N.-2.14-4.17-3W9	Q4256
005.SCG*LB4.CP-2++3.N.-7.5-5.7-2W9	Q4257
005.SCG*LB2.CP-6++0.N.-3.14-6.18-3W22	Q4258
005.SCG*LB3.CP-4++3.N.-6.14-6.17-2W11	Q4259
005.SCG*LB2.CP-6++3.N.-6.1-1.3-5W12	Q4260
005.SCG*LB4.CP-4++2.N.-2.8-2.10-5W13	Q4261
005.SCG*LB4.CP-1++7.N.23.1-1.4-5W14	Q4262
005.SCG*LB4.CP-1++7.N.15.5-3.6-3W7	Q4263
005.SCG*LB3.CP-3++4.N.-5.5-3.7-4W13	Q4264
005.SCG*LB2.CP-7++6.N.19.1-1.9-2W7	Q4265
005.SCG*LB4.CP-2++6.N.-5.22-2.23-4W6	Q4266
005.SCG*LB2.CP-6++4.N.-1.7-1.8-3W9	Q4267
005.SCG*LB4.CP-2++2.N.--.1-1.3-3W3	Q4268
005.SCG*LB2.CP-8++9.N.-2.21-1.23-6W18	Q4269
005.SCG*LB4.CP-2++1.N.-7.1-1.5-4W33	Q4270
005.SCG*LB4.CP-5++5.N.14.13-1.16-6W26	Q4271
005.SCG*LB2.CP-7++8.N.-2.19-6.20-5W5	Q4272
005.SCG*LB2.CP-7++7.N.-3.19-3.21-2W6	Q4273
005.SCG*LB3.CP-4++3.N.-5.1-2.6-5W21	Q4274
005.SCG*LB1.CP-9++3.N.10.1-1.4-2W15	Q4275
005.SCG*LB4.CP-4++6.N.-1.1-1.7-5W38	Q4276
005.SCG*LB2.CP-5++8.N.-9.23-6.25-2W12	Q4277
005.SCG*LB2.CP-6++3.N.-6.4-1.10-1W3	Q4278
005.SCG*LB2.CP-5++7.N.15.1-2.5-6W22	Q4279
005.SCG*LB4.CP-4++3.N.-4.10-5.15-1W20	Q4280
005.SCG*LB2.CP-8++9.N.15.9-1.12-2W15	Q4281
005.SCG*LB1.CP-4++2.N.-9.36-5.39-2W7	Q4282
005.SCG*LB4.CP-1++7.N.10.5-5.6-6W7	Q4283
005.SCG*LB4.CP-2++0.N.-5.1-1.3-2W14	Q4284
005.SCG*LB3.CP-2++4.N.-5.3-1.5-5W4	Q4285
005.SCG*LB3.CP-7++6.N.-1.16-4.18-1W5	Q4286
005.SCG*LB4.CP-3++4.N.11.8-1.9-7W15	Q4287
005.SCG*LB4.CP-4++6.N.-5.1-1.4-2W10	Q4288
005.SCG*LB4.CP-1++1.N.19.18-3.21-3W17	Q4289
005.SCG*LB3.CP-9++5.N.14.22-3.24-1W14	Q4290
005.SCG*LB4.CP-6++4.N.-1.3-5.8-2W12	Q4291
005.SCG*LB1.CP-6++7.N.-9.21-4.24-1W10	Q4292
005.SCG*LB2.CP-9++9.N.-4.1-2.7-2W18	Q4293
005.SCG*LB4.CP-2++0.N.-4.4-5.7-4W20	Q4294
005.SCG*LB4.CP-3++4.N.12.9-5.10-7W11	Q4295
005.SCG*LB4.CP-8++3.N.-7.15-1.16-6W7	Q4296
005.SCG*LB4.CP-3++4.N.17.16-3.17-5W3	Q4297
005.SCG*LB2.CP-1++0.N.-2.1-1.6-5W10	Q4298
005.SCG*LB4.CP--++5.N.-1.12-1.13-4W12	Q4299
005.SCG*LB3.CP-4++3.N.-6.17-3.22-2W10	Q4300
005.SCG*LB2.CP-7++2.N.-6.1-1.6-6W40	Q4301
005.SCG*LB1.CP-4++3.N.-3.14-1.14-6W5	Q4302
005.SCG*LB4.CP-2++1.N.--.1-1.4-5W3	Q4303
005.SCG*LB3.CP14++9.N.-6.4-4.10-3W38	Q4304
005.SCG*LB2.CP-5++8.N.-9.10-1.14-4W11	Q4305
005.SCG*LB4.CP-3++4.N.14.14-1.15-5W1	Q4306
005.SCG*LB3.CP-6++7.N.-2.1-2.8-3W8	Q4307
005.SCG*LB3.CP-9++7.N.10.5-2.7-4W14	Q4308
005.SCG*LB1.CP-2++6.N.12.12-5.14-1W4	Q4309
005.SCG*LB2.CP--++3.N.-3.4-3.7-4W21	Q4310
005.SCG*LB3.CP10++9.N.-2.8-2.12-1W12	Q4311
005.SCG*LB4.CP-3++9.N.-1.14-4.18-8W11	Q4312
005.SCG*LB4.CP-1++9.N.11.1-1.2-5W10	Q4313
005.SCG*LB2.CP-5++8.N.-3.1-1.3-3W2	Q4314
005.SCG*LB3.CP-7++6.N.-1.21-6.24-4W3	Q4315
005.SCG*LB3.CP-6++7.N.-7.7-1.10-6W11	Q4316
005.SCG*LB4.CP-1++3.N.-2.8-5.12-5W31	Q4317
005.SCG*LB2.CP-6++3.N.-1.6-1.9-3W20	Q4318
005.SCG*LB3.CP-4++2.N.-7.23-1.26-2W11	Q4319
005.SCG*LB4.CP-1++6.N.-7.3-1.4-2W8	Q4320
005.SCG*LB3.CP-7++0.N.-7.1-1.8-3W13	Q4321
005.SCG*LB4.CP-2++0.N.--.1-1.3-1W3	Q4322
005.SCG*LB1.CP-6++2.N.-3.2-5.4-1W4	Q4323
005.SCG*LB4.CP-4++3.N.-3.7-1.10-4W17	Q4324
005.SCG*LB2.CP-7++8.N.-8.4-1.7-5W5	Q4325
005.SCG*LB3.CP--++8.N.11.3-2.8-4W38	Q4326
005.SCG*LB4.CP-2++0.N.-3.4-2.5-3W12	Q4327
005.SCG*LB3.CP-2++9.N.-3.4-5.7-4W4	Q4328
005.SCG*LB4.CP-4++6.N.-4.8-2.9-4W9	Q4329
005.SCG*LB3.CP-6++7.N.-4.17-6.19-3W5	Q4330
005.SCG*LB3.CP-7++0.N.-7.1-1.8-3W38	Q4331
005.SCG*LB1.CP-3++6.N.-2.5-5.8-4W8	Q4332
005.SCG*LB3.CP11++3.N.-7.1-1.4-1W19	Q4333
005.SCG*LB3.CP14++9.N.-6.10-4.11-6W1	Q4334
005.SCG*LB2.CP-6++0.N.-3.14-6.18-3W27	Q4335
005.SCG*LB1.CP-4++3.N.-1.1-1.7-1W15	Q4336
005.SCG*LB3.CP13++6.N.-9.11-5.14-3W15	Q4337
005.SCG*LB1.CP-3++1.N.-2.16-6.20-1W19	Q4338
005.SCG*LB2.CP-2++1.N.-8.8-2.10-5W10	Q4339
005.SCG*LB4.CP-3++4.N.18.1-2.3-3W11	Q4340
005.SCG*LB2.CP-8++5.N.10.7-1.9-5W9	Q4341
005.SCG*LB2.CP-8++9.N.-8.1-1.11-1W54	Q4342
005.SCG*LB2.CP-6++2.N.-9.3-4.5-1W4	Q4343
005.SCG*LB2.CP-1++3.N.-3.14-1.18-7W21	Q4344
005.SCG*LB4.CP--++8.N.-2.19-4.26-1W21	Q4345
005.SCG*LB1.CP--++3.N.-4.25-1.28-5W22	Q4346
005.SCG*LB1.CP-3++1.N.-2.1-1.3-7W10	Q4347
005.SCG*LB1.CP-3++1.N.-2.14-3.16-5W15	Q4348
005.SCG*LB4.CP-2++0.N.-1.1-1.4-1W15	Q4349
005.SCG*LB2.CP-5++7.N.15.9-5.10-5W5	Q4350
005.SCG*LB4.CP-2++0.N.-6.4-4.7-1W15	Q4351
005.SCG*LB4.CP--++4.N.15.8-2.9-1W6	Q4352
005.SCG*LB2.CP-8++9.N.-8.15-1.16-3W4	Q4353
005.SCG*LB3.CP10++6.N.10.1-1.3-1W12	Q4354
005.SCG*LB4.CP-2++0.N.-3.8-4.9-5W8	Q4355
005.SCG*LB4.CP-3++4.N.26.7-1.8-1W4	Q4356
005.SCG*LB3.CP-4++4.N.-4.1-2.8-2W41	Q4387
005.SCG*LB4.CP-6++0.N.-1.1-1.5-4W15	Q4388
005.SCG*LB4.CP-9++1.N.10.20-1.22-3W1	Q4389
005.SCG*LB1.CP-1++7.N.-6.1-1.6-2W11	Q4390
005.SCG*LB4.CP-3++8.N.-9.11-4.19-1W3	Q4391
005.SCG*LB3.CP10++4.N.-5.8-2.15-4W6	Q4392
005.SCG*LB4.CP--++5.N.-3.1-5.2-7W1	Q4393
005.SCG*LB4.CP-5++5.N.10.42-7.47-5W22	Q4394
005.SCG*LB4.CP-2++3.N.-7.7-3.10-3W8	Q4395
005.SCG*LB4.CP--++1.N.-8.6-1.8-2W14	Q4396
005.SCG*LB4.CP-2++3.N.-3.19-1.21-6W1	Q4397
005.SCG*LB3.CP11++8.N.-6.5-4.5-5W1	Q4398
005.SCG*LB3.CP14++6.N.-8.7-7.9-3W5	Q4399
005.SCG*LB4.CP-7++9.N.-8.3-2.5-6W24	Q4400
005.SCG*LB4.CP--++6.N.-7.8-1.9-4W3	Q4401
005.SCG*LB3.CP-4++0.N.-4.11-1.13-1W11	Q4402
005.SCG*LB4.CP-1++7.N.10.10-7.11-2W2	Q4403
005.SCG*LB1.CP-1++0.N.-2.8-2.9-7W9	Q4404
005.SCG*LB2.CP-9++2.N.-9.4-2.13-3W42	Q4405
005.SCG*LB4.CP-6++2.N.-1.3-7.4-3W4	Q4406
005.SCG*LB4.CP--++1.N.14.3-3.7-4W6	Q4407
005.SCG*LB4.CP--++8.N.-6.9-3.13-2W18	Q4408
005.SCG*LB4.CP-2++1.N.-4.7-3.9-5W14	Q4409
005.SCG*LB4.CP--++1.N.-1.1-1.4-4W18	Q4410
005.SCG*LB3.CP-9++5.N.17.10-7.11-2W1	Q4411
005.SCG*LB4.CP-2++9.N.-8.11-1.17-5W32	Q4412
005.SCG*LB1.CP10++0.N.-4.4-5.7-3W19	Q4413
005.SCG*LB4.CP--++1.N.11.9-3.11-3W19	Q4414
005.SCG*LB3.CP-9++5.N.12.5-7.7-3W6	Q4415
005.SCG*LB4.CP-3++3.N.-5.10-1.11-4W7	Q4416
005.SCG*LB1.CP--++6.N.-5.1-1.6-5W24	Q4417
005.SCG*LB4.CP-1++7.N.18.3-3.6-2W3	Q4418
005.SCG*LB3.CP-9++5.N.13.1-1.4-1W12	Q4419
005.SCG*LB4.CP-3++6.N.-7.8-2.10-6W10	Q4420
005.SCG*LB4.CP-2++3.N.-3.1-1.5-1W20	Q4421
005.SCG*LB4.CP-1++7.N.11.6-7.7-5W1	Q4422
005.SCG*LB4.CP-2++1.N.-4.12-5.16-2W18	Q4423
005.SCG*LB4.CP-1++6.N.-3.6-4.7-5W5	Q4424
005.SCG*LB4.CP--++1.N.11.1-1.5-1W12	Q4425
005.SCG*LB3.CP10++5.N.-2.12-2.15-4W19	Q4426
005.SCG*LB4.CP-7++9.N.-8.10-3.12-3W10	Q4427
005.SCG*LB4.CP--++8.N.-9.9-4.15-3W25	Q4428
005.SCG*LB4.CP-1++6.N.-3.2-6.4-1W8	Q4429
005.SCG*LB4.CP-1++7.N.10.4-8.5-4W2	Q4430
005.SCG*LB4.CP-2++3.N.-3.23-5.26-2W7	Q4431
005.SCG*LB3.CP10++4.N.-4.13-3.15-2W9	Q4432
005.SCG*LB4.CP--++9.N.-6.1-1.8-3W9	Q4433
005.SCG*LB3.CP14++8.N.-7.6-1.7-6W8	Q4434
005.SCG*LB1.CP-4++2.N.18.4-1.5-1W1	Q4435
005.SCG*LB1.CP-1++1.N.-1.2-1.4-2W12	Q4436
005.SCG*LB3.CP15++4.N.-4.17-1.20-1W8	Q4437
005.SCG*LB4.CP-1++7.N.10.4-8.5-4W1	Q4438
005.SCG*LB4.CP-1++7.N.10.1-5.2-3W1	Q4439
005.SCG*LB4.CP-7++9.N.-8.3-2.5-6W17	Q4440
005.SCG*LB2.CP-8++9.N.-2.18-6.20-7W4	Q4441
005.SCG*LB4.CP-5++5.N.10.16-1.17-1W8	Q4442
005.SCG*LB4.CP-4++1.N.-4.1-1.5-3W1	Q4443
005.SCG*LB3.CP14++3.N.-3.12-3.14-5W13	Q4444
005.SCG*LB3.CP14++4.N.-5.14-4.15-7W8	Q4445
005.SCG*LB3.CP16++1.N.-1.14-2.18-7W12	Q4446
005.SCG*LB4.CP-9++2.N.-3.7-1.8-1W10	Q4447
005.SCG*LB3.CP16++1.N.-1.7-1.10-5W19	Q4448
005.SCG*LB3.CP14++4.N.-5.4-5.9-1W7	Q4449
005.SCG*LB3.CP14++3.N.-4.8-2.9-5W9	Q4450
005.SCG*LB3.CP15++8.N.-1.6-2.12-1W11	Q4451
005.SCG*LB3.CP14++3.N.-3.3-6.6-4W7	Q4452
005.SCG*LB4.CP-8++1.N.-3.1-1.5-3W11	Q4453
005.SCG*LB3.CP14++5.N.-2.5-5.7-3W5	Q4454
005.SCG*LB4.CP-2++2.N.-7.1-1.5-2W20	Q4455
005.SCG*LB4.CP-7++2.N.-3.9-1.13-2W17	Q4456
005.SCG*LB3.CP-6++2.N.-6.1-2.7-1W41	Q4457
005.SCG*LB4.CP-2++2.N.-6.1-1.7-4W28	Q4458
005.SCG*LB4.CP-8++9.N.-3.1-1.6-2W10	Q4459
005.SCG*LB4.CP-5++2.N.-3.10-1.13-1W3	Q4460
005.SCG*LB3.CP15++7.N.-2.1-1.2-4W9	Q4461
005.SCG*LB4.CP-7++1.N.-3.4-3.6-7W10	Q4462
005.SCG*LB4.CP-9++2.N.-3.8-2.9-6W9	Q4463
005.SCG*LB3.CP14++5.N.-1.6-4.9-3W6	Q4464
005.SCG*LB3.CP15++8.N.-6.1-1.5-3W9	Q4465
005.SCG*LB1.CP-9++5.N.-5.3-8.6-3W6	Q4466
005.SCG*LB3.CP14++8.N.-7.6-1.7-6W3	Q4467
005.SCG*LB4.CP-9++3.N.-5.1-2.4-7W22	Q4468
005.SCG*LB4.CP-8++9.N.-3.7-1.11-6W34	Q4469
005.SCG*LB3.CP14++3.N.-2.11-2.13-1W9	Q4470
005.SCG*LB3.CP16++2.N.-2.4-1.7-4W21	Q4471
005.SCG*LB3.CP14++3.N.-5.12-3.14-5W12	Q4472
005.SCG*LB4.CP-7++2.N.-4.1-1.5-2W20	Q4473
005.SCG*LB3.CP15++4.N.15.3-6.6-5W19	Q4474
005.SCG*LB3.CP13++5.N.13.7-4.10-1W8	Q4475
005.SCG*LB4.CP-2++3.N.-8.1-1.4-5W6	Q4476
005.SCG*LB4.CP-8++0.N.-4.7-3.9-7W9	Q4477
005.SCG*LB3.CP-9++3.N.-5.18-1.20-5W14	Q4478
005.SCG*LB4.CP-5++5.N.13.60-7.63-8W2	Q4479
005.SCG*LB4.CP-8++8.N.-1.3-5.7-1W22	Q4480
005.SCG*LB4.CP-5++2.N.-6.52-1.58-3W33	Q4481
005.SCG*LB4.CP-8++3.N.16.9-3.11-4W7	Q4482
005.SCG*LB4.CP-1++6.N.-7.5-5.7-6W10	Q4483
005.SCG*LB4.CP-5++3.N.27.6-1.7-3W8	Q4484
005.SCG*LB3.CP13++5.N.11.13-3.15-5W8	Q4485
005.SCG*LB3.CP-6++2.N.-5.8-4.10-3W9	Q4486
005.SCG*LB4.CP-5++4.N.-3.1-1.2-4W6	Q4487
005.SCG*LB4.CP-8++3.N.23.7-2.9-7W17	Q4488
005.SCG*LB4.CP-5++5.N.13.29-2.32-5W25	Q4489
005.SCG*LB3.CP16++3.N.-2.5-4.9-6W27	Q4490
005.SCG*LB4.CP-9++5.N.-4.13-1.14-1W8	Q4491
005.SCG*LB3.CP-9++4.N.15.1-1.8-2W17	Q4492
005.SCG*LB1.CP-2++0.N.29.5-2.6-5W7	Q4493
005.SCG*LB3.CP14++6.N.-6.4-1.4-5W1	Q4494
005.SCG*LB3.CP13++1.N.-5.1-2.7-2W36	Q4495
005.SCG*LB3.CP-6++2.N.12.5-3.9-5W18	Q4496
005.SCG*LB2.CP-6++1.N.-3.9-5.15-1W33	Q4497
005.SCG*LB3.CP-6++3.N.-7.13-2.15-2W12	Q4498
005.SCG*LB3.CP13++3.N.-3.12-1.15-3W4	Q4499
005.SCG*LB4.CP-5++2.N.14.4-6.7-5W15	Q4500
005.SCG*LB3.CP-8++5.N.11.11-4.14-5W5	Q4501
005.SCG*LB3.CP15++5.N.10.7-5.12-4W14	Q4502
005.SCG*LB4.CP-5++5.N.13.37-2.40-3W28	Q4503
005.SCG*LB1.CP-1++3.N.19.25-4.27-4W13	Q4504
005.SCG*LB2.CP-4++4.N.-7.3-3.7-2W6	Q4505
005.SCG*LB2.CP-9++2.N.10.8-1.11-7W14	Q4506
005.SCG*LB4.CP-5++3.N.23.1-2.2-4W8	Q4507
005.SCG*LB2.CP-8++0.N.-6.5-1.10-2W27	Q4508
005.SCG*LB3.CP-8++5.N.18.12-3.17-5W6	Q4509
005.SCG*LB3.CP-1++2.N.-5.11-7.19-7W56	Q4510
005.SCG*LB3.CP-4++8.N.-2.6-3.9-7W13	Q4511
005.SCG*LB1.CP-1++3.N.19.25-4.27-4W10	Q4512
005.SCG*LB3.CP12++5.N.-5.4-3.5-5W4	Q4513
005.SCG*LB4.CP-2++3.N.-8.5-1.7-2W16	Q4514
005.SCG*LB4.CP-2++3.N.-8.21-1.22-5W13	Q4515
005.SCG*LB3.CP-2++2.N.-6.14-4.20-2W35	Q4516
005.SCG*LB2.CP-4++4.N.16.1-1.4-6W23	Q4517
005.SCG*LB3.CP-1++2.N.-6.7-4.11-2W15	Q4518
005.SCG*LB3.CP-8++3.N.-2.14-1.18-2W28	Q4519
005.SCG*LB4.CP-8++3.N.-4.4-2.9-2W33	Q4520
005.SCG*LB3.CP-5++3.N.-5.5-1.8-5W14	Q4521
005.SCG*LB3.CP-5++3.N.-5.18-5.20-4W4	Q4522
005.SCG*LB3.CP-5++3.N.-5.9-1.13-4W12	Q4523
005.SCG*LB2.CP-4++9.N.-6.10-3.12-4W7	Q4524
005.SCG*LB3.CP13++8.N.-2.10-1.11-4W10	Q4525
005.SCG*LB2.CP-5++8.N.-9.15-1.21-5W45	Q4526
005.SCG*LB4.CP-1++0.N.-4.20-1.24-8W39	Q4527
005.SCG*LB4.CP-7++1.N.-5.10-8.12-7W15	Q4528
005.SCG*LB4.CP-1++6.N.-7.1-2.2-7W4	Q4529
005.SCG*LB3.CP-7++3.N.-2.1-1.4-2W14	Q4530
005.SCG*LB2.CP-2++5.N.-4.1-1.5-1W18	Q4531
005.SCG*LB1.CP-1++3.N.19.14-1.17-6W21	Q4532
005.SCG*LB3.CP-8++2.N.-6.9-5.12-4W3	Q4533
005.SCG*LB4.CP-7++1.N.-5.7-2.10-7W8	Q4534
005.SCG*LB4.CP-1++7.N.-3.5-5.8-1W1	Q4535
005.SCG*LB4.CP-2++1.N.-9.6-7.9-4W2	Q4536
005.SCG*LB4.CP-7++3.N.-5.13-2.18-1W24	Q4537
005.SCG*LB4.CP-5++9.N.-3.7-6.9-7W9	Q4538
005.SCG*LB2.CP-7++3.N.32.6-3.9-1W15	Q4539
005.SCG*LB3.CP15++1.N.-3.3-4.5-5W9	Q4540
005.SCG*LB3.CP12++3.N.-6.4-1.7-5W1	Q4541
005.SCG*LB2.CP--++2.N.-4.3-2.8-1W18	Q4542
005.SCG*LB4.CP-5++9.N.-4.6-1.9-5W11	Q4543
005.SCG*LB4.CP-7++6.N.-7.7-1.7-5W5	Q4544
005.SCG*LB4.CP-5++9.N.-5.2-7.4-6W14	Q4545
005.SCG*LB4.CP-5++9.N.-6.9-4.11-5W9	Q4546
005.SCG*LB4.CP-7++1.N.11.12-6.15-1W18	Q4547
005.SCG*LB4.CP-5++9.N.-3.10-1.11-2W2	Q4548
005.SCG*LB4.CP-7++4.N.-2.25-5.26-4W6	Q4549
005.SCG*LB4.CP-7++1.N.11.11-2.12-5W11	Q4550
005.SCG*LB4.CP-7++4.N.-2.24-1.25-4W5	Q4551
005.SCG*LB4.CP-5++9.N.-4.11-6.13-3W4	Q4552
005.SCG*LB4.CP-1++8.N.-6.6-1.8-9W15	Q4553
005.SCG*LB4.CP-7++7.N.-5.8-2.8-5W4	Q4554
005.SCG*LB4.CP-7++1.N.11.11-2.12-5W2	Q4555
005.SCG*LB4.CP-1++5.N.-1.5-3.7-4W6	Q4556
005.SCG*LB4.CP-5++0.N.10.19-3.21-7W5	Q4557
005.SCG*LB3.CP-5++4.N.11.13-3.17-5W13	Q4558
005.SCG*LB4.CP-5++4.N.-3.34-4.38-3W11	Q4559
005.SCG*LB4.CP-5++4.N.-9.18-4.21-1W21	Q4560
005.SCG*LB3.CP-3++4.N.-2.8-1.9-1W7	Q4561
005.SCG*LB4.CP-8++3.N.20.4-1.8-1W14	Q4562
005.SCG*LB4.CP-8++3.N.16.13-7.14-6W5	Q4563
005.SCG*LB4.CP-2++9.N.10.2-4.7-7W36	Q4564
005.SCG*LB1.CP-9++1.N.-3.3-3.8-7W24	Q4565
005.SCG*LB3.CP13++2.N.27.10-6.13-2W10	Q4566
005.SCG*LB4.CP-8++3.N.16.19-1.21-4W2	Q4567
005.SCG*LB4.CP-8++3.N.15.1-1.2-5W9	Q4568
005.SCG*LB3.CP-2++7.N.11.4-4.7-2W12	Q4569
005.SCG*LB4.CP-2++9.N.10.14-7.19-2W13	Q4570
005.SCG*LB4.CP-8++3.N.15.5-7.10-4W32	Q4571
005.SCG*LB3.CP-5++1.N.-6.16-1.19-2W7	Q4572
005.SCG*LB4.CP-8++3.N.16.19-1.21-4W14	Q4573
005.SCG*LB3.CP-5++1.N.-6.8-8.11-4W14	Q4574
005.SCG*LB3.CP-5++1.N.-6.14-5.15-7W6	Q4575
005.SCG*LB4.CP-2++9.N.-1.7-3.11-1W16	Q4576
005.SCG*LB4.CP-8++3.N.19.14-3.16-4W13	Q4577
005.SCG*LB4.CP-8++3.N.16.22-5.25-3W16	Q4578
005.SCG*LB3.CP-9++0.N.-7.12-1.14-5W5	Q4579
005.SCG*LB4.CP-2++1.N.-8.11-1.15-1W6	Q4580
005.SCG*LB3.CP12++0.N.22.11-5.14-7W22	Q4581
005.SCG*LB4.CP--++7.N.-7.2-3.4-3W13	Q4582
005.SCG*LB3.CP-7++7.N.-7.2-1.3-6W1	Q4583
005.SCG*LB4.CP-3++4.N.21.1-2.4-2W20	Q4584
005.SCG*LB3.CP13++5.N.11.28-4.29-2W5	Q4585
005.SCG*LB3.CP-9++5.N.15.9-4.14-2W31	Q4586
005.SCG*LB3.CP-9++0.N.-7.7-3.11-5W9	Q4587
005.SCG*LB3.CP-6++3.N.-5.10-6.12-4W8	Q4588
005.SCG*LB1.CP-1++2.N.-7.7-4.11-5W7	Q4589
005.SCG*LB3.CP12++8.N.-2.13-3.14-1W3	Q4590
005.SCG*LB4.CP-7++0.N.-6.11-7.12-4W8	Q4591
005.SCG*LB3.CP13++3.N.-3.7-1.9-1W15	Q4592
005.SCG*LB1.CP-8++6.N.-3.3-4.5-6W3	Q4593
005.SCG*LB3.CP15++4.N.-9.15-3.18-3W10	Q4594
005.SCG*LB3.CP15++6.N.-3.13-5.16-6W19	Q4595
005.SCG*LB3.CP15++5.N.-3.10-5.12-1W3	Q4596
005.SCG*LB1.CP-7++0.N.-8.3-5.6-6W20	Q4597
005.SCG*LB1.CP-5++5.N.-5.1-1.2-7W13	Q4598
005.SCG*LB4.CP-3++5.N.-9.2-6.5-3W16	Q4599
005.SCG*LB3.CP-9++8.N.-3.7-3.9-5W11	Q4600
005.SCG*LB2.CP-3++5.N.-5.4-4.6-6W5	Q4601
005.SCG*LB1.CP-2++1.N.-3.4-5.6-1W10	Q4602
005.SCG*LB1.CP-8++4.N.-4.8-7.10-4W7	Q4603
005.SCG*LB3.CP15++6.N.-1.1-1.4-3W19	Q4604
005.SCG*LB2.CP-1++7.N.-3.1-2.7-6W5	Q4605
005.SCG*LB4.CP-7++1.N.-1.1-1.4-4W14	Q4606
005.SCG*LB3.CP15++6.N.-6.8-1.10-7W6	Q4607
005.SCG*LB3.CP16++0.N.-1.8-3.12-5W26	Q4608
005.SCG*LB4.CP-5++5.N.19.4-2.6-1W8	Q4609
005.SCG*LB3.CP10++9.N.-8.13-6.14-5W5	Q4610
005.SCG*LB1.CP-6++5.N.-3.10-1.12-6W13	Q4611
005.SCG*LB3.CP-9++0.N.-6.14-1.15-3W5	Q4612
005.SCG*LB4.CP-1++7.N.19.4-3.7-2W11	Q4613
005.SCG*LB3.CP12++8.N.-2.12-1.12-6W3	Q4614
005.SCG*LB3.CP-7++5.N.15.2-2.3-8W11	Q4615
005.SCG*LB3.CP13++2.N.30.2-1.5-6W20	Q4616
005.SCG*LB3.CP-7++5.N.13.6-1.7-3W10	Q4617
005.SCG*LB1.CP--++3.N.-4.18-4.21-2W8	Q4618
005.SCG*LB2.CP-7++4.N.17.1-1.3-2W12	Q4619
005.SCG*LB3.CP10++3.N.-2.5-2.9-5W11	Q4620
005.SCG*LB1.CP-8++4.N.-4.4-3.8-6W9	Q4621
005.SCG*LB4.CP-1++6.N.-8.4-1.4-6W1	Q4622
005.SCG*LB1.CP-5++4.N.-4.6-6.9-7W22	Q4623
005.SCG*LB3.CP-9++0.N.-5.1-2.3-4W8	Q4624
005.SCG*LB2.CP-2++8.N.16.31-1.33-2W16	Q4625
005.SCG*LB3.CP-9++4.N.10.68-1.71-1W1	Q4626
005.SCG*LB1.CP-5++5.N.-4.9-1.10-4W7	Q4627
005.SCG*LB1.CP-8++4.N.-4.2-4.4-2W11	Q4628
005.SCG*LB4.CP-1++6.N.-8.1-2.2-2W4	Q4629
005.SCG*LB3.CP10++3.N.-2.5-2.9-5W23	Q4630
005.SCG*LB4.CP-1++1.N.-3.21-1.23-4W13	Q4631
005.SCG*LB1.CP-6++5.N.-3.10-1.12-6W5	Q4632
005.SCG*LB1.CP-8++1.N.-3.4-6.9-6W24	Q4633
005.SCG*LB3.CP-9++0.N.-6.5-2.6-6W12	Q4634
005.SCG*LB3.CP-9++0.N.-5.8-3.12-2W3	Q4635
005.SCG*LB3.CP-9++8.N.-5.1-1.4-3W11	Q4636
005.SCG*LB3.CP15++5.N.-3.6-1.7-4W11	Q4637
005.SCG*LB2.CP10++1.N.-3.5-1.8-5W6	Q4638
005.SCG*LB1.CP-8++4.N.-4.2-4.4-2W5	Q4639
005.SCG*LB3.CP-9++0.N.-4.10-1.13-2W13	Q4640
005.SCG*LB1.CP-7++0.N.-8.7-1.9-2W9	Q4641
005.SCG*LB3.CP-6++2.N.-6.1-2.7-1W23	Q4642
005.SCG*LB4.CP-7++5.N.-1.11-5.13-1W4	Q4643
005.SCG*LB2.CP-7++5.N.15.22-6.24-2W11	Q4644
005.SCG*LB2.CP--++1.N.-3.5-4.8-3W19	Q4645
005.SCG*LB4.CP-6++6.N.-3.5-1.12-3W38	Q4646
005.SCG*LB2.CP-7++3.N.17.5-2.10-2W29	Q4647
005.SCG*LB2.CP-7++3.N.19.8-5.14-5W24	Q4648
005.SCG*LB3.CP12++8.N.-2.15-3.15-5W3	Q4649
005.SCG*LB3.CP-7++0.N.-5.4-1.6-7W22	Q4650
005.SCG*LB3.CP-2++2.N.-2.1-1.2-7W11	Q4651
005.SCG*LB1.CP-4++3.N.13.5-2.9-4W25	Q4652
005.SCG*LB3.CP-1++3.N.-4.5-2.7-4W13	Q4653
005.SCG*LB2.CP-3++5.N.-4.7-6.9-2W12	Q4654
005.SCG*LB3.CP-2++7.N.-8.1-2.5-5W34	Q4655
005.SCG*LB4.CP-7++7.N.-3.4-4.7-5W4	Q4656
005.SCG*LB3.CP-2++2.N.-2.3-1.4-5W12	Q4657
005.SCG*LB2.CP-3++0.N.14.25-4.27-6W12	Q4658
005.SCG*LB3.CP-8++5.N.19.12-2.15-4W14	Q4659
005.SCG*LB2.CP-2++4.N.-3.2-1.5-5W18	Q4660
005.SCG*LB4.CP-6++2.N.-7.4-2.5-4W10	Q4661
005.SCG*LB3.CP-9++7.N.15.7-2.9-3W8	Q4662
005.SCG*LB2.CP-4++6.N.-6.6-1.11-4W24	Q4663
005.SCG*LB3.CP-9++7.N.17.12-3.16-3W9	Q4664
005.SCG*LB2.CP-6++8.N.11.9-1.11-7W7	Q4665
005.SCG*LB3.CP-2++7.N.-8.1-2.5-5W28	Q4666
005.SCG*LB4.CP-7++7.N.-3.4-4.7-5W9	Q4667
005.SCG*LB2.CP-7++3.N.19.8-5.14-5W16	Q4668
005.SCG*LB2.CP-7++3.N.17.5-2.10-2W9	Q4669
005.SCG*LB2.CP-3++0.N.14.11-1.14-2W27	Q4670
005.SCG*LB1.CP-5++3.N.-2.10-3.13-3W17	Q4671
005.SCG*LB3.CP-1++0.N.-6.1-1.6-8W23	Q4672
005.SCG*LB2.CP-7++3.N.19.8-5.14-5W30	Q4673
005.SCG*LB2.CP-7++3.N.17.5-2.10-2W20	Q4674
005.SCG*LB3.CP-1++3.N.-4.5-2.7-4W17	Q4675
005.SCG*LB2.CP-7++3.N.19.8-5.14-5W12	Q4676
005.SCG*LB2.CP-8++2.N.17.25-1.25-7W4	Q4677
005.SCG*LB2.CP-2++1.N.-9.4-2.5-3W11	Q4678
005.SCG*LB2.CP-7++5.N.15.24-3.25-4W10	Q4679
005.SCG*LB2.CP--++6.N.-7.4-2.6-2W10	Q4680
005.SCG*LB3.CP15++2.N.-4.7-3.9-4W6	Q4681
005.SCG*LB2.CP-7++3.N.19.14-6.19-6W34	Q4682
005.SCG*LB3.CP-9++7.N.17.6-1.8-5W9	Q4683
005.SCG*LB3.CP-2++7.N.-8.1-2.5-5W23	Q4684
005.SCG*LB3.CP-5++5.N.-1.1-1.5-3W13	Q4685
005.SCG*LB2.CP-1++9.N.-5.8-3.12-4W22	Q4686
005.SCG*LB3.CP-6++8.N.-4.4-2.8-1W16	Q4687
005.SCG*LB3.CP-9++5.N.-4.3-3.4-7W11	Q4688
005.SCG*LB1.CP-4++5.N.-2.1-1.4-2W20	Q4689
005.SCG*LB3.CP-7++7.N.-3.3-4.4-6W10	Q4690
005.SCG*LB2.CP-3++0.N.14.25-4.27-6W19	Q4691
005.SCG*LB3.CP-9++9.N.-8.4-1.7-6W18	Q4692
005.SCG*LB3.CP14++7.N.-4.4-2.7-2W24	Q4693
005.SCG*LB4.CP-1++8.N.-7.1-1.4-4W6	Q4694
005.SCG*LB1.CP-1++3.N.-7.5-5.5-7W3	Q4695
005.SCG*LB3.CP13++2.N.13.7-1.11-4W9	Q4696
005.SCG*LB3.CP-4++0.N.-2.7-1.8-1W4	Q4697
005.SCG*LB3.CP13++6.N.13.30-6.32-2W3	Q4698
005.SCG*LB1.CP--++5.N.-6.1-1.5-1W13	Q4699
005.SCG*LB4.CP-1++3.N.11.24-2.27-4W17	Q4700
005.SCG*LB4.CP-5++5.N.11.42-4.45-4W15	Q4701
005.SCG*LB3.CP10++7.N.11.14-8.18-2W26	Q4702
005.SCG*LB1.CP-6++9.N.-6.6-2.9-3W12	Q4703
005.SCG*LB1.CP--++3.N.-4.18-4.21-2W14	Q4704
005.SCG*LB3.CP15++4.N.16.13-2.19-3W20	Q4705
005.SCG*LB2.CP-4++5.N.-2.1-1.5-1W14	Q4706
005.SCG*LB1.CP--++3.N.-1.2-4.8-2W9	Q4707
005.SCG*LB4.CP--++1.N.14.10-4.13-4W15	Q4708
005.SCG*LB1.CP--++4.N.-4.5-1.8-4W9	Q4709
005.SCG*LB4.CP-1++3.N.11.27-5.32-5W22	Q4710
005.SCG*LB1.CP--++3.N.-4.14-2.16-2W5	Q4711
005.SCG*LB2.CP-8++8.N.12.13-6.14-4W7	Q4712
005.SCG*LB4.CP--++1.N.-6.17-3.19-5W8	Q4713
005.SCG*LB3.CP-5++5.N.-4.5-6.8-3W13	Q4714
005.SCG*LB1.CP-3++9.N.-2.5-2.10-5W37	Q4715
005.SCG*LB1.CP-6++9.N.-6.6-2.9-3W21	Q4716
005.SCG*LB2.CP-9++8.N.19.19-1.20-3W7	Q4717
005.SCG*LB3.CP14++7.N.-5.6-4.11-3W27	Q4718
005.SCG*LB2.CP-4++9.N.10.5-5.8-3W18	Q4719
005.SCG*LB4.CP--++1.N.-2.1-1.6-6W10	Q4720
005.SCG*LB1.CP--++3.N.-5.36-1.43-1W20	Q4721
005.SCG*LB4.CP--++1.N.11.28-1.33-5W21	Q4722
005.SCG*LB3.CP10++1.N.-1.20-5.23-2W15	Q4723
005.SCG*LB4.CP-1++3.N.11.37-2.39-7W20	Q4724
005.SCG*LB4.CP--++1.N.-6.14-2.17-2W14	Q4725
005.SCG*LB3.CP13++6.N.13.30-6.32-2W10	Q4726
005.SCG*LB1.CP--++3.N.-5.33-2.35-1W14	Q4727
005.SCG*LB1.CP--++3.N.-5.6-4.8-2W12	Q4728
005.SCG*LB2.CP-9++2.N.10.3-6.5-3W4	Q4729
005.SCG*LB4.CP-5++5.N.11.39-4.42-3W17	Q4730
005.SCG*LB1.CP--++3.N.-5.31-1.33-1W13	Q4731
005.SCG*LB4.CP-5++6.N.-2.5-3.8-2W11	Q4732
005.SCG*LB3.CP13++6.N.13.30-6.32-2W11	Q4733
005.SCG*LB1.CP--++3.N.-5.2-5.6-3W23	Q4734
005.SCG*LB1.CP-3++0.N.-4.7-7.10-7W5	Q4735
005.SCG*LB3.CP-5++8.N.-7.6-7.7-6W8	Q4736
005.SCG*LB3.CP10++9.N.-7.19-7.23-1W4	Q4737
005.SCG*LB3.CP-3++8.N.-5.4-1.6-1W9	Q4738
005.SCG*LB3.CP-3++8.N.-5.2-5.3-7W2	Q4739
005.SCG*LB3.CP-6++2.N.-7.15-1.17-4W14	Q4740
005.SCG*LB3.CP14++7.N.-2.6-2.7-3W9	Q4741
005.SCG*LB3.CP-2++4.N.--.1-1.2-4W7	Q4742
005.SCG*LB3.CP-1++0.N.-7.13-4.14-4W5	Q4743
005.SCG*LB3.CP-1++0.N.13.19-1.22-6W13	Q4744
005.SCG*LB3.CP-2++5.N.-5.6-1.8-5W18	Q4745
005.SCG*LB3.CP-2++4.N.-6.1-1.5-3W9	Q4746
005.SCG*LB2.CP-5++7.N.-8.8-7.11-5W14	Q4747
005.SCG*LB1.CP-1++5.N.-3.11-3.12-7W3	Q4748
005.SCG*LB1.CP-2++8.N.-2.24-1.25-3W4	Q4749
005.SCG*LB4.CP-5++1.N.-6.3-3.5-5W21	Q4750
005.SCG*LB1.CP-7++2.N.-4.7-1.10-5W17	Q4751
005.SCG*LB3.CP10++9.N.-7.16-1.19-6W11	Q4752
005.SCG*LB4.CP-3++3.N.-3.6-5.8-6W6	Q4753
005.SCG*LB1.CP-1++8.N.-7.3-4.5-2W14	Q4754
005.SCG*LB3.CP14++5.N.-3.9-2.12-1W10	Q4755
005.SCG*LB2.CP-8++3.N.25.3-3.9-2W15	Q4756
005.SCG*LB3.CP-8++1.N.-2.1-1.5-1W21	Q4757
005.SCG*LB1.CP-2++0.N.29.6-6.8-5W5	Q4758
005.SCG*LB3.CP-6++8.N.-3.5-2.7-5W13	Q4759
005.SCG*LB3.CP-5++4.N.13.5-3.8-1W12	Q4760
005.SCG*LB3.CP-3++0.N.-7.1-2.7-1W22	Q4761
005.SCG*LB3.CP-4++8.N.-5.3-3.6-1W7	Q4762
005.SCG*LB3.CP11++0.N.-5.4-5.6-5W8	Q4763
005.SCG*LB1.CP-9++3.N.-3.4-3.5-6W9	Q4764
005.SCG*LB4.CP-3++6.N.-6.5-3.7-6W20	Q4765
005.SCG*LB2.CP-5++9.N.-3.5-4.7-1W10	Q4766
005.SCG*LB2.CP-7++4.N.-5.15-5.18-4W12	Q4767
005.SCG*LB2.CP-4++8.N.-6.1-2.6-2W3	Q4768
005.SCG*LB3.CP-2++6.N.-8.9-4.11-2W5	Q4769
005.SCG*LB4.CP-3++3.N.-3.10-4.14-6W11	Q4770
005.SCG*LB2.CP-5++9.N.-3.1-1.5-3W28	Q4771
005.SCG*LB1.CP-1++5.N.-2.4-2.5-4W5	Q4772
005.SCG*LB3.CP13++3.N.-3.15-4.20-1W23	Q4773
005.SCG*LB3.CP-3++8.N.-5.1-2.2-4W8	Q4774
005.SCG*LB3.CP-3++3.N.-4.5-2.9-4W4	Q4775
005.SCG*LB2.CP-5++5.N.13.16-4.21-3W9	Q4776
005.SCG*LB2.CP-4++7.N.-2.3-4.6-5W9	Q4777
005.SCG*LB3.CP-8++1.N.-3.1-1.3-7W7	Q4778
005.SCG*LB3.CP15++9.N.-1.7-5.11-5W11	Q4779
005.SCG*LB2.CP-8++9.N.-3.11-3.16-4W26	Q4780
005.SCG*LB4.CP-3++5.N.11.8-3.11-3W7	Q4781
005.SCG*LB2.CP-3++6.N.-2.7-3.10-5W9	Q4782
005.SCG*LB3.CP-2++5.N.-1.1-1.5-3W8	Q4783
005.SCG*LB2.CP-2++3.N.-6.7-4.9-5W5	Q4784
005.SCG*LB4.CP-2++3.N.12.5-8.8-5W23	Q4785
005.SCG*LB4.CP-1++4.N.11.25-1.30-2W8	Q4786
005.SCG*LB4.CP-5++0.N.-9.7-6.10-3W10	Q4787
005.SCG*LB3.CP-1++6.N.-3.4-1.6-2W7	Q4788
005.SCG*LB3.CP-8++1.N.-2.1-1.5-1W7	Q4789
005.SCG*LB4.CP-3++3.N.-2.7-3.9-2W4	Q4790
005.SCG*LB3.CP-2++0.N.-7.6-6.9-6W19	Q4791
005.SCG*LB3.CP-2++5.N.-6.1-2.5-1W4	Q4792
005.SCG*LB2.CP-7++4.N.-5.15-5.18-4W8	Q4793
005.SCG*LB3.CP12++7.N.-8.8-1.11-1W25	Q4794
005.SCG*LB2.CP-4++8.N.-6.1-2.6-2W16	Q4795
005.SCG*LB4.CP-3++3.N.-3.1-2.3-2W6	Q4796
005.SCG*LB3.CP-2++5.N.-6.5-2.11-2W4	Q4797
005.SCG*LB3.CP-9++4.N.11.8-2.8-6W3	Q4798
005.SCG*LB3.CP-8++6.N.-9.12-1.14-3W17	Q4799
005.SCG*LB3.CP-9++4.N.-9.51-3.52-6W7	Q4800
005.SCG*LB3.CP-9++2.N.-4.13-2.14-5W5	Q4801
005.SCG*LB3.CP15++8.N.-6.5-4.12-1W30	Q4802
005.SCG*LB4.CP-7++0.N.-6.13-4.15-3W1	Q4803
005.SCG*LB3.CP12++2.N.-8.18-5.22-2W30	Q4804
005.SCG*LB2.CP-8++0.N.16.1-1.3-3W19	Q4805
005.SCG*LB3.CP-8++5.N.18.12-3.17-5W27	Q4806
005.SCG*LB2.CP-7++5.N.-4.4-3.7-7W9	Q4807
005.SCG*LB2.CP-9++8.N.-6.10-1.11-4W5	Q4808
005.SCG*LB3.CP-8++6.N.-8.1-1.6-6W14	Q4809
005.SCG*LB3.CP-2++4.N.-2.13-2.17-5W29	Q4810
005.SCG*LB2.CP-9++5.N.-4.1-1.6-8W17	Q4811
005.SCG*LB4.CP-1++4.N.12.8-6.17-2W15	Q4812
005.SCG*LB2.CP-2++1.N.-8.1-2.4-3W6	Q4813
005.SCG*LB3.CP12++3.N.-2.10-2.14-2W7	Q4814
005.SCG*LB1.CP-1++3.N.25.10-6.14-1W12	Q4815
005.SCG*LB2.CP-4++2.N.-3.12-2.15-2W12	Q4816
005.SCG*LB3.CP-6++8.N.-5.11-5.19-1W44	Q4817
005.SCG*LB3.CP-1++0.N.-4.12-6.13-4W3	Q4818
005.SCG*LB3.CP14++8.N.-3.8-5.10-2W4	Q4819
005.SCG*LB3.CP10++4.N.-2.2-3.7-5W32	Q4820
005.SCG*LB3.CP-1++0.N.-5.12-1.13-5W13	Q4821
005.SCG*LB3.CP-8++4.N.-7.9-2.11-1W7	Q4822
005.SCG*LB3.CP-8++5.N.10.6-2.8-6W9	Q4823
005.SCG*LB2.CP-3++8.N.13.7-3.9-1W13	Q4824
005.SCG*LB2.CP-2++1.N.-9.20-1.22-2W11	Q4825
005.SCG*LB3.CP-2++4.N.-3.1-1.10-5W34	Q4826
005.SCG*LB1.CP-8++2.N.-4.1-2.3-1W7	Q4827
005.SCG*LB3.CP-1++1.N.-5.4-7.8-1W6	Q4828
005.SCG*LB2.CP-5++3.N.-3.3-4.7-3W20	Q4829
005.SCG*LB3.CP-1++0.N.-3.5-7.7-3W6	Q4830
005.SCG*LB2.CP-2++1.N.-5.15-2.17-4W9	Q4831
005.SCG*LB3.CP-1++8.N.-4.1-2.7-4W44	Q4832
005.SCG*LB3.CP-2++4.N.-2.18-1.20-1W10	Q4833
005.SCG*LB3.CP--++7.N.-6.3-5.8-7W14	Q4834
005.SCG*LB1.CP-8++3.N.-1.1-1.4-2W11	Q4835
005.SCG*LB2.CP-5++3.N.-3.7-4.8-5W6	Q4836
005.SCG*LB3.CP10++4.N.-2.13-1.15-1W13	Q4837
005.SCG*LB3.CP10++5.N.12.1-1.8-5W42	Q4838
005.SCG*LB3.CP-6++4.N.11.8-1.11-2W4	Q4839
005.SCG*LB2.CP-4++3.N.-4.2-10.4-3W4	Q4840
005.SCG*LB2.CP-4++2.N.-7.11-7.12-6W5	Q4841
005.SCG*LB1.CP-2++5.N.-3.7-6.10-3W12	Q4842
005.SCG*LB2.CP-9++0.N.12.1-2.3-3W8	Q4843
005.SCG*LB1.CP-8++2.N.-9.15-5.25-7W8	Q4844
005.SCG*LB1.CP-5++0.N.-2.5-1.7-2W14	Q4845
005.SCG*LB3.CP14++8.N.-3.10-3.13-1W4	Q4846
005.SCG*LB1.CP-1++3.N.26.10-3.12-7W17	Q4847
005.SCG*LB4.CP-5++2.N.11.1-1.5-6W12	Q4848
005.SCG*LB2.CP-4++0.N.-7.5-4.8-1W11	Q4849
005.SCG*LB4.CP-5++4.N.-5.5-4.7-3W10	Q4850
005.SCG*LB1.CP-5++7.N.-5.5-4.7-6W8	Q4851
005.SCG*LB4.CP-2++3.N.11.23-1.26-7W18	Q4852
005.SCG*LB1.CP-3++4.N.-2.34-4.35-4W7	Q4853
005.SCG*LB2.CP-8++8.N.-5.3-5.6-3W13	Q4854
005.SCG*LB2.CP-8++3.N.30.3-2.4-5W9	Q4855
005.SCG*LB3.CP-6++4.N.-9.18-4.20-5W15	Q4856
005.SCG*LB2.CP-7++4.N.-7.2-4.7-4W27	Q4857
005.SCG*LB4.CP-2++3.N.11.16-4.18-1W7	Q4858
005.SCG*LB3.CP-8++8.N.-6.12-2.13-5W9	Q4859
005.SCG*LB3.CP--++1.N.-4.7-7.9-5W9	Q4860
005.SCG*LB1.CP-8++2.N.-9.2-1.15-4W53	Q4861
005.SCG*LB4.CP-1++3.N.11.1-1.5-3W32	Q4862
005.SCG*LB2.CP-6++3.N.-1.6-1.9-3W14	Q4863
005.SCG*LB3.CP-4++1.N.-9.1-2.6-1W13	Q4864
005.SCG*LB3.CP-2++1.N.-6.10-1.14-2W10	Q4865
005.SCG*LB2.CP-7++5.N.-4.8-6.10-3W7	Q4866
005.SCG*LB3.CP-1++0.N.-7.14-5.16-4W4	Q4867
005.SCG*LB4.CP-3++4.N.19.6-7.7-10W1	Q4868
005.SCG*LB1.CP-8++9.N.14.1-1.3-5W12	Q4869
005.SCG*LB2.CP-7++4.N.-5.14-1.15-4W8	Q4870
005.SCG*LB3.CP10++5.N.-2.21-1.24-4W20	Q4871
005.SCG*LB1.CP-8++2.N.11.1-1.4-7W7	Q4872
005.SCG*LB1.CP-5++1.N.-5.1-2.5-3W29	Q4873
005.SCG*LB3.CP-8++4.N.-2.6-3.8-1W11	Q4874
005.SCG*LB3.CP-1++5.N.-4.3-1.4-2W4	Q4875
005.SCG*LB3.CP10++4.N.-2.2-3.7-5W11	Q4876
005.SCG*LB3.CP10++4.N.-6.2-6.4-4W8	Q4877
005.SCG*LB3.CP-6++4.N.-9.18-4.20-5W5	Q4878
005.SCG*LB2.CP-4++2.N.-4.6-1.8-6W10	Q4879
005.SCG*LB1.CP-6++1.N.-7.1-2.2-4W7	Q4880
005.SCG*LB3.CP15++3.N.--.1-1.2-3W4	Q4881
005.SCG*LB2.CP-7++5.N.14.16-3.17-5W3	Q4882
005.SCG*LB1.CP-2++2.N.-6.30-2.32-1W11	Q4883
005.SCG*LB3.CP15++1.N.-8.1-1.3-4W15	Q4884
005.SCG*LB1.CP-2++9.N.-4.7-2.8-4W6	Q4885
005.SCG*LB2.CP-7++5.N.12.8-1.10-3W15	Q4886
005.SCG*LB2.CP-4++2.N.-6.17-3.23-1W26	Q4887
005.SCG*LB3.CP-8++9.N.-1.1-1.6-5W12	Q4888
005.SCG*LB1.CP-3++3.N.-2.8-7.11-1W10	Q4889
005.SCG*LB4.CP-9++7.N.-2.1-1.2-6W11	Q4890
005.SCG*LB2.CP-4++2.N.-5.10-3.14-1W29	Q4891
005.SCG*LB1.CP-2++2.N.-6.24-3.27-1W6	Q4892
005.SCG*LB1.CP-3++0.N.-2.18-3.20-6W13	Q4893
005.SCG*LB4.CP-9++7.N.-5.10-3.13-4W25	Q4894
005.SCG*LB3.CP-8++5.N.-3.1-2.3-2W12	Q4895
005.SCG*LB4.CP-5++2.N.11.9-4.12-1W13	Q4896
005.SCG*LB4.CP-3++4.N.19.5-3.6-6W5	Q4897
005.SCG*LB3.CP-6++4.N.-9.11-2.14-1W9	Q4898
005.SCG*LB3.CP-6++5.N.10.17-1.19-2W16	Q4899
005.SCG*LB2.CP-4++2.N.-1.1-1.6-5W38	Q4900
005.SCG*LB1.CP-4++9.N.-3.5-5.8-5W18	Q4901
005.SCG*LB2.CP-2++1.N.-4.14-3.17-4W6	Q4902
005.SCG*LB3.CP-1++8.N.-2.3-3.6-3W12	Q4903
005.SCG*LB3.CP15++3.N.-2.15-3.19-3W7	Q4904
005.SCG*LB3.CP-8++5.N.15.10-2.11-3W5	Q4905
005.SCG*LB3.CP-8++4.N.10.1-1.7-8W11	Q4906
005.SCG*LB1.CP-8++2.N.11.27-3.28-4W8	Q4907
005.SCG*LB3.CP-8++9.N.-1.7-1.10-6W14	Q4908
005.SCG*LB3.CP15++5.N.-5.1-2.6-6W20	Q4909
005.SCG*LB3.CP-6++7.N.-3.9-5.16-2W21	Q4910
005.SCG*LB2.CP-4++3.N.-6.4-3.5-6W7	Q4911
005.SCG*LB2.CP-8++8.N.--.1-1.3-2W7	Q4912
005.SCG*LB3.CP15++3.N.-1.1-1.3-3W15	Q4913
005.SCG*LB3.CP10++5.N.-2.21-1.24-4W13	Q4914
005.SCG*LB3.CP15++0.N.-4.1-2.4-4W16	Q4915
005.SCG*LB2.CP-2++1.N.-3.1-2.3-5W19	Q4916
005.SCG*LB1.CP-9++4.N.-3.7-1.9-2W8	Q4917
005.SCG*LB3.CP-8++8.N.-6.4-1.8-5W10	Q4918
005.SCG*LB3.CP15++3.N.-3.15-6.19-1W13	Q4919
005.SCG*LB3.CP-8++4.N.-6.1-2.3-5W3	Q4920
005.SCG*LB3.CP-1++0.N.-8.1-1.4-1W9	Q4921
005.SCG*LB3.CP-7++6.N.-6.9-4.12-5W17	Q4922
005.SCG*LB3.CP10++7.N.-3.19-6.23-3W3	Q4923
005.SCG*LB1.CP-5++1.N.-5.1-2.5-3W9	Q4924
005.SCG*LB2.CP-4++7.N.-4.6-2.8-5W12	Q4925
005.SCG*LB2.CP-7++5.N.14.9-3.11-5W8	Q4926
005.SCG*LB4.CP-1++1.N.14.18-6.23-4W28	Q4927
005.SCG*LB2.CP-2++1.N.-6.1-2.5-6W7	Q4928
005.SCG*LB3.CP-1++1.N.-5.1-2.2-6W3	Q4929
005.SCG*LB4.CP-2++4.N.-8.56-3.59-5W6	Q4930
005.SCG*LB3.CP15++2.N.--.1-1.2-3W4	Q4931
005.SCG*LB2.CP-2++0.N.-3.15-3.16-4W6	Q4932
005.SCG*LB2.CP-2++1.N.-6.6-1.8-3W14	Q4933
005.SCG*LB3.CP-6++4.N.11.11-3.13-4W9	Q4934
005.SCG*LB3.CP15++2.N.-1.1-1.4-3W21	Q4935
005.SCG*LB1.CP10++2.N.-3.1-2.4-1W5	Q4936
005.SCG*LB4.CP-5++1.N.-7.7-1.11-1W24	Q4937
005.SCG*LB2.CP-5++2.N.-5.9-3.12-2W7	Q4938
005.SCG*LB3.CP-8++4.N.-3.1-2.4-3W3	Q4939
005.SCG*LB2.CP-9++9.N.-4.8-4.10-6W3	Q4940
005.SCG*LB1.CP-6++1.N.-7.14-1.16-4W3	Q4941
005.SCG*LB2.CP-5++2.N.-5.14-3.15-3W4	Q4942
005.SCG*LB4.CP-7++2.N.-2.19-1.21-1W12	Q4943
005.SCG*LB1.CP-9++4.N.-3.7-1.9-2W15	Q4944
005.SCG*LB3.CP-1++3.N.-2.3-2.4-5W1	Q4945
005.SCG*LB3.CP-1++4.N.-5.7-1.9-1W11	Q4946
005.SCG*LB4.CP-7++2.N.-2.10-3.12-3W15	Q4947
005.SCG*LB2.CP-3++8.N.15.3-5.6-1W13	Q4948
005.SCG*LB2.CP-5++2.N.-5.12-3.14-2W12	Q4949
005.SCG*LB3.CP-8++8.N.-5.16-4.17-2W8	Q4950
005.SCG*LB3.CP10++7.N.-3.3-7.5-4W11	Q4951
005.SCG*LB3.CP-2++4.N.-2.1-1.6-2W7	Q4952
005.SCG*LB3.CP-2++4.N.-7.14-2.16-1W7	Q4953
005.SCG*LB2.CP-4++2.N.-4.3-6.5-4W5	Q4954
005.SCG*LB3.CP15++5.N.-5.19-1.20-3W11	Q4955
005.SCG*LB2.CP-4++0.N.-3.3-4.6-5W7	Q4956
005.SCG*LB3.CP-8++9.N.--.1-1.3-2W4	Q4957
005.SCG*LB2.CP-7++5.N.15.47-4.50-2W3	Q4958
005.SCG*LB4.CP-2++4.N.-8.6-1.8-6W19	Q4959
005.SCG*LB3.CP10++7.N.-3.1-2.2-7W11	Q4960
005.SCG*LB2.CP-5++2.N.-6.5-8.6-2W4	Q4961
005.SCG*LB4.CP-8++1.N.14.5-5.7-2W13	Q4962
005.SCG*LB1.CP-1++1.N.-6.5-5.6-6W7	Q4963
005.SCG*LB3.CP-8++4.N.-2.4-3.6-2W3	Q4964
005.SCG*LB3.CP10++5.N.-2.7-5.12-1W18	Q4965
005.SCG*LB4.CP-1++3.N.11.12-2.14-4W14	Q4966
005.SCG*LB1.CP-8++2.N.-9.2-1.15-4W19	Q4967
005.SCG*LB3.CP-1++0.N.18.1-1.3-6W15	Q4968
005.SCG*LB2.CP-2++1.N.-8.4-4.8-1W27	Q4969
005.SCG*LB2.CP-2++1.N.-6.1-2.5-6W16	Q4970
005.SCG*LB3.CP15++1.N.--.1-1.2-5W5	Q4971
005.SCG*LB2.CP-2++1.N.-5.1-2.4-2W3	Q4972
005.SCG*LB1.CP-6++5.N.-2.4-1.5-6W5	Q4973
005.SCG*LB2.CP-6++2.N.-7.17-2.18-5W5	Q4974
005.SCG*LB2.CP-4++3.N.-6.6-1.7-2W5	Q4975
005.SCG*LB1.CP-2++9.N.-2.12-5.17-4W22	Q4976
005.SCG*LB3.CP-8++5.N.-8.10-1.12-1W3	Q4977
005.SCG*LB3.CP-9++2.N.-3.2-2.5-1W8	Q4978
005.SCG*LB2.CP-5++2.N.-5.7-5.9-2W5	Q4979
005.SCG*LB3.CP-8++9.N.-6.3-1.4-3W6	Q4980
005.SCG*LB4.CP-5++2.N.11.6-1.9-3W13	Q4981
005.SCG*LB2.CP-7++4.N.-7.7-5.10-1W9	Q4982
005.SCG*LB2.CP-8++3.N.27.11-5.14-3W16	Q4983
005.SCG*LB3.CP15++5.N.-5.6-7.8-3W4	Q4984
005.SCG*LB1.CP-2++9.N.-2.10-5.12-4W7	Q4985
005.SCG*LB2.CP-7++5.N.-6.14-2.17-5W26	Q4986
005.SCG*LB1.CP-4++9.N.-4.8-1.9-1W8	Q4987
005.SCG*LB3.CP-1++5.N.-4.1-2.2-6W11	Q4988
005.SCG*LB3.CP-6++6.N.-3.6-1.11-3W25	Q4989
005.SCG*LB1.CP-7++2.N.-6.1-2.5-2W9	Q4990
005.SCG*LB2.CP-2++2.N.-2.16-2.20-3W13	Q4991
005.SCG*LB3.CP15++3.N.-3.4-5.8-2W14	Q4992
005.SCG*LB3.CP10++7.N.-3.16-1.16-6W6	Q4993
005.SCG*LB4.CP-1++4.N.12.19-3.24-1W26	Q4994
005.SCG*LB1.CP-2++3.N.-3.20-6.25-2W18	Q4995
005.SCG*LB1.CP-6++7.N.-5.3-5.6-4W9	Q4996
005.SCG*LB3.CP15++5.N.-5.20-4.21-6W6	Q4997
005.SCG*LB1.CP-6++5.N.-8.4-1.7-1W8	Q4998
005.SCG*LB2.CP-6++3.N.-2.5-2.6-5W3	Q4999
005.SCG*LB2.CP-4++2.N.-3.5-2.8-7W6	Q5000
005.SCG*LB3.CP-8++8.N.-6.13-6.17-3W6	Q5001
005.SCG*LB2.CP-2++1.N.-4.8-1.8-5W4	Q5002
005.SCG*LB3.CP15++4.N.16.19-4.22-2W15	Q5003
005.SCG*LB4.CP--++1.N.-4.9-3.12-6W10	Q5004
005.SCG*LB3.CP15++5.N.-6.6-6.9-1W10	Q5005
005.SCG*LB2.CP-4++2.N.11.10-4.12-3W7	Q5006
005.SCG*LB4.CP-9++7.N.-3.31-3.35-1W8	Q5007
005.SCG*LB2.CP-1++6.N.-3.7-3.8-1W3	Q5008
005.SCG*LB3.CP-8++8.N.-6.13-6.17-3W13	Q5009
005.SCG*LB3.CP-6++7.N.-3.9-5.16-2W51	Q5010
005.SCG*LB3.CP-2++6.N.12.13-2.15-2W10	Q5011
005.SCG*LB2.CP-1++6.N.11.3-2.4-7W5	Q5012
005.SCG*LB3.CP-8++4.N.-5.11-6.15-2W5	Q5013
005.SCG*LB4.CP--++2.N.-5.23-6.27-8W29	Q5014
005.SCG*LB2.CP-7++5.N.-4.4-3.7-7W15	Q5015
005.SCG*LB2.CP-1++6.N.-6.4-2.8-2W7	Q5016
005.SCG*LB2.CP-2++2.N.-6.30-1.32-5W17	Q5017
005.SCG*LB3.CP-9++4.N.-2.16-4.17-2W3	Q5018
005.SCG*LB4.CP-1++4.N.12.19-3.24-1W19	Q5019
005.SCG*LB1.CP-8++3.N.-3.2-1.3-3W5	Q5020
005.SCG*LB3.CP-2++1.N.-7.1-2.3-4W10	Q5021
005.SCG*LB1.CP-4++2.N.19.3-1.8-7W17	Q5022
005.SCG*LB2.CP-4++2.N.-3.1-2.3-8W7	Q5023
005.SCG*LB3.CP-8++5.N.19.21-6.26-1W8	Q5024
005.SCG*LB4.CP-8++2.N.-8.9-2.10-6W1	Q5025
005.SCG*LB3.CP-1++0.N.-1.1-1.2-8W9	Q5026
005.SCG*LB4.CP-9++7.N.-3.28-1.31-2W24	Q5027
005.SCG*LB3.CP15++3.N.-3.15-6.19-1W19	Q5028
005.SCG*LB3.CP-2++2.N.-5.4-2.6-6W8	Q5029
005.SCG*LB3.CP-6++6.N.-3.6-1.11-3W22	Q5030
005.SCG*LB3.CP15++2.N.-1.1-1.4-3W10	Q5031
005.SCG*LB3.CP15++5.N.-5.8-4.11-1W14	Q5032
005.SCG*LB3.CP-8++4.N.-2.3-1.4-2W7	Q5033
005.SCG*LB1.CP-5++0.N.-4.15-2.19-1W21	Q5034
005.SCG*LB3.CP15++3.N.-3.8-3.11-5W5	Q5035
005.SCG*LB3.CP15++4.N.14.25-2.33-2W45	Q5036
005.SCG*LB1.CP-5++0.N.-3.8-1.9-6W3	Q5037
005.SCG*LB3.CP-1++0.N.10.1-1.3-2W11	Q5038
005.SCG*LB3.CP-1++8.N.-2.10-4.15-8W11	Q5039
005.SCG*LB2.CP-2++1.N.-6.1-2.5-6W27	Q5040
005.SCG*LB3.CP-1++4.N.-2.10-3.13-6W22	Q5041
005.SCG*LB1.CP-5++7.N.-5.1-2.2-4W8	Q5042
005.SCG*LB2.CP-2++1.N.-5.4-3.9-3W25	Q5043
005.SCG*LB1.CP-2++3.N.-3.20-6.25-2W31	Q5044
005.SCG*LB3.CP-2++4.N.-1.13-2.16-8W11	Q5045
005.SCG*LB3.CP-8++9.N.-6.4-4.7-1W13	Q5046
005.SCG*LB3.CP-8++9.N.-1.7-1.10-6W6	Q5047
005.SCG*LB3.CP15++3.N.-3.1-2.3-3W4	Q5048
005.SCG*LB4.CP-9++7.N.-3.36-4.40-5W9	Q5049
005.SCG*LB2.CP-7++4.N.-5.10-6.13-5W20	Q5050
005.SCG*LB2.CP-9++8.N.-5.1-1.5-2W20	Q5051
005.SCG*LB3.CP-9++9.N.-7.6-1.11-6W35	Q5052
005.SCG*LB2.CP-6++2.N.11.3-4.7-1W16	Q5053
005.SCG*LB3.CP-9++4.N.-9.43-1.47-1W27	Q5054
005.SCG*LB2.CP-4++2.N.-1.1-1.6-5W10	Q5055
005.SCG*LB3.CP-2++1.N.-4.4-7.7-1W4	Q5056
005.SCG*LB3.CP-6++2.N.-5.8-4.10-3W13	Q5057
005.SCG*LB2.CP-2++1.N.-5.20-1.22-1W7	Q5058
005.SCG*LB2.CP-6++2.N.-7.11-1.12-4W7	Q5059
005.SCG*LB4.CP-8++2.N.-8.4-1.6-3W14	Q5060
005.SCG*LB2.CP-7++6.N.-5.1-2.3-3W6	Q5061
005.SCG*LB3.CP10++5.N.-9.3-2.4-4W5	Q5062
005.SCG*LB4.CP-2++3.N.11.28-6.31-6W23	Q5063
005.SCG*LB3.CP-8++5.N.20.1-1.4-4W8	Q5064
005.SCG*LB2.CP--++4.N.-3.4-1.8-6W31	Q5065
005.SCG*LB4.CP-5++5.N.-5.7-1.9-2W8	Q5066
005.SCG*LB4.CP-8++1.N.10.15-6.17-1W9	Q5067
005.SCG*LB3.CP11++2.N.10.9-2.10-5W12	Q5068
005.SCG*LB4.CP-8++1.N.-6.3-4.5-4W9	Q5069
005.SCG*LB3.CP-8++0.N.13.8-5.12-6W22	Q5070
005.SCG*LB4.CP-8++1.N.-7.34-1.35-6W10	Q5071
005.SCG*LB4.CP-8++1.N.-8.4-5.9-6W34	Q5072
005.SCG*LB1.CP-9++1.N.-3.3-3.8-7W11	Q5073
005.SCG*LB4.CP-8++1.N.-7.31-1.33-6W7	Q5074
005.SCG*LB1.CP-7++1.N.16.1-1.3-2W7	Q5075
005.SCG*LB4.CP-8++1.N.-8.16-4.18-5W9	Q5076
005.SCG*LB4.CP-6++9.N.-5.11-5.14-2W6	Q5077
005.SCG*LB4.CP-6++9.N.-4.1-1.3-6W15	Q5078
005.SCG*LB4.CP-6++9.N.-6.1-1.6-4W17	Q5079
005.SCG*LB4.CP-6++4.N.-3.1-1.4-7W9	Q5080
005.SCG*LB4.CP-6++2.N.-5.23-5.25-1W9	Q5081
005.SCG*LB4.CP-6++4.N.-5.3-1.7-3W29	Q5082
005.SCG*LB4.CP-6++9.N.-5.20-5.21-6W6	Q5083
005.SCG*LB4.CP-6++9.N.-5.7-1.11-4W17	Q5084
005.SCG*LB4.CP-6++2.N.-4.32-5.34-2W10	Q5085
005.SCG*LB2.CP-8++8.N.12.9-1.12-2W24	Q5086
005.SCG*LB3.CP10++3.N.-2.10-1.13-6W9	Q5087
005.SCG*LB3.CP15++4.N.17.14-2.17-1W19	Q5088
005.SCG*LB3.CP12++0.N.-9.6-2.8-4W5	Q5089
005.SCG*LB1.CP--++1.N.-2.1-1.5-1W10	Q5090
005.SCG*LB3.CP-9++4.N.-5.8-6.10-1W8	Q5091
005.SCG*LB1.CP-6++7.N.--.1-1.2-2W5	Q5092
005.SCG*LB4.CP-5++5.N.-9.16-5.20-5W12	Q5093
005.SCG*LB1.CP-6++7.N.-2.1-1.4-2W1	Q5094
005.SCG*LB3.CP10++9.N.10.9-1.14-7W38	Q5095
005.SCG*LB3.CP-7++2.N.-8.3-2.7-5W31	Q5096
005.SCG*LB4.CP-2++4.N.-8.8-7.10-7W18	Q5097
005.SCG*LB3.CP10++9.N.10.7-1.8-3W5	Q5098
005.SCG*LB2.CP-8++0.N.11.19-1.24-3W26	Q5099
005.SCG*LB1.CP-6++7.N.-6.1-2.2-6W9	Q5100
005.SCG*LB1.CP-8++5.N.-4.17-1.18-1W5	Q5101
005.SCG*LB2.CP-2++2.N.-6.1-2.3-3W13	Q5102
005.SCG*LB4.CP-1++4.N.13.8-2.10-1W6	Q5103
005.SCG*LB2.CP-9++8.N.19.14-4.16-5W16	Q5104
005.SCG*LB1.CP-1++3.N.17.6-1.6-6W1	Q5105
005.SCG*LB2.CP-7++5.N.-9.9-5.12-3W14	Q5106
005.SCG*LB3.CP--++2.N.-8.5-6.8-2W3	Q5107
005.SCG*LB1.CP--++5.N.-5.16-1.19-6W21	Q5108
005.SCG*LB3.CP10++8.N.-6.5-1.8-5W13	Q5109
005.SCG*LB1.CP-1++1.N.-1.9-1.11-8W3	Q5110
005.SCG*LB1.CP-6++7.N.-2.15-1.17-2W6	Q5111
005.SCG*LB3.CP13++9.N.-4.3-3.5-2W1	Q5112
005.SCG*LB2.CP-7++5.N.-8.29-1.35-4W14	Q5113
005.SCG*LB3.CP-9++5.N.16.8-2.11-1W12	Q5114
005.SCG*LB3.CP-9++4.N.-2.34-1.38-1W30	Q5115
005.SCG*LB3.CP13++8.N.-5.11-1.13-2W7	Q5116
005.SCG*LB3.CP10++9.N.10.23-4.25-2W5	Q5117
005.SCG*LB2.CP-7++3.N.-4.1-2.6-3W26	Q5118
005.SCG*LB4.CP-8++3.N.-9.13-4.14-3W2	Q5119
005.SCG*LB3.CP-9++4.N.12.6-3.7-6W6	Q5120
005.SCG*LB3.CP-5++1.N.-4.35-1.36-2W3	Q5121
005.SCG*LB1.CP-6++7.N.-3.6-3.12-1W47	Q5122
005.SCG*LB4.CP-7++3.N.10.1-1.3-5W11	Q5123
005.SCG*LB4.CP-7++2.N.-2.9-1.10-2W9	Q5124
005.SCG*LB2.CP-7++4.N.-2.21-3.25-4W3	Q5125
005.SCG*LB3.CP-7++1.N.-2.7-4.12-6W26	Q5126
005.SCG*LB2.CP-3++0.N.-4.4-1.9-4W33	Q5127
005.SCG*LB4.CP-5++2.N.16.10-2.12-4W2	Q5128
005.SCG*LB2.CP--++3.N.-3.10-4.11-5W11	Q5129
005.SCG*LB3.CP10++8.N.-5.10-3.13-4W3	Q5130
005.SCG*LB2.CP-1++9.N.-5.18-4.19-3W4	Q5131
005.SCG*LB4.CP-1++4.N.12.6-2.8-5W15	Q5132
005.SCG*LB4.CP-5++3.N.-9.5-1.5-5W5	Q5133
005.SCG*LB1.CP-6++7.N.-4.1-2.3-7W12	Q5134
005.SCG*LB3.CP13++5.N.24.1-1.6-3W26	Q5135
005.SCG*LB4.CP-9++5.N.-3.3-2.5-4W19	Q5136
005.SCG*LB3.CP-9++2.N.11.8-3.13-2W14	Q5137
005.SCG*LB3.CP-9++4.N.12.5-4.6-2W6	Q5138
005.SCG*LB3.CP-9++4.N.10.68-1.71-1W17	Q5139
005.SCG*LB3.CP13++5.N.-3.5-5.8-2W9	Q5140
005.SCG*LB3.CP-6++8.N.-3.1-2.3-1W14	Q5141
005.SCG*LB3.CP-5++8.N.-3.4-3.5-5W1	Q5142
005.SCG*LB3.CP-8++6.N.-8.21-5.25-7W9	Q5143
005.SCG*LB3.CP-1++8.N.-2.6-4.10-3W3	Q5144
005.SCG*LB1.CP-6++7.N.-6.5-3.10-3W35	Q5145
005.SCG*LB1.CP-6++7.N.-2.4-3.6-6W1	Q5146
005.SCG*LB4.CP-9++2.N.-4.6-1.9-6W4	Q5147
005.SCG*LB1.CP-6++7.N.-1.1-1.5-1W20	Q5148
005.SCG*LB2.CP-5++8.N.10.4-5.5-3W5	Q5149
005.SCG*LB4.CP-5++5.N.-6.10-4.13-4W6	Q5150
005.SCG*LB4.CP-9++1.N.-6.22-1.27-3W16	Q5151
005.SCG*LB3.CP-7++5.N.-7.8-2.11-1W17	Q5152
005.SCG*LB3.CP12++7.N.-4.9-1.14-5W3	Q5153
005.SCG*LB3.CP-8++6.N.-4.5-1.7-3W16	Q5154
005.SCG*LB4.CP-3++6.N.10.20-2.21-6W4	Q5155
005.SCG*LB3.CP-9++4.N.-6.3-3.4-4W6	Q5156
005.SCG*LB4.CP-7++6.N.-3.3-1.4-3W8	Q5157
005.SCG*LB3.CP-7++5.N.--.1-1.2-3W6	Q5158
005.SCG*LB2.CP--++3.N.-1.7-1.7-4W4	Q5159
005.SCG*LB1.CP-8++2.N.-2.5-5.6-4W7	Q5160
005.SCG*LB1.CP-1++3.N.17.12-2.12-6W5	Q5161
005.SCG*LB3.CP-7++2.N.-8.3-2.7-5W8	Q5162
005.SCG*LB2.CP--++3.N.-3.3-2.4-2W7	Q5163
005.SCG*LB1.CP-6++7.N.-3.1-2.3-3W1	Q5164
005.SCG*LB3.CP-9++2.N.-2.19-1.26-3W25	Q5165
005.SCG*LB3.CP-7++4.N.-2.7-6.10-2W11	Q5166
005.SCG*LB3.CP10++8.N.-8.6-2.10-3W31	Q5167
005.SCG*LB3.CP-8++6.N.-8.26-1.29-5W19	Q5168
005.SCG*LB2.CP-6++8.N.-3.8-7.10-3W3	Q5169
005.SCG*LB2.CP-9++2.N.10.5-4.7-5W3	Q5170
005.SCG*LB3.CP--++8.N.-8.31-1.32-2W2	Q5171
005.SCG*LB1.CP-8++5.N.-4.9-3.16-7W18	Q5172
005.SCG*LB3.CP14++1.N.-4.5-5.8-7W1	Q5173
005.SCG*LB1.CP-6++7.N.-2.12-6.14-6W16	Q5174
005.SCG*LB2.CP-3++0.N.-1.1-1.7-2W41	Q5175
005.SCG*LB3.CP-9++2.N.-6.12-5.16-5W9	Q5176
005.SCG*LB4.CP-1++3.N.-5.20-3.22-5W3	Q5177
005.SCG*LB4.CP-9++5.N.-4.3-3.6-4W11	Q5178
005.SCG*LB4.CP-2++1.N.-7.1-1.5-4W11	Q5179
005.SCG*LB1.CP-6++7.N.-7.7-5.9-5W3	Q5180
005.SCG*LB2.CP-5++9.N.-3.10-1.12-3W3	Q5181
005.SCG*LB2.CP-5++5.N.-7.8-7.11-6W17	Q5182
005.SCG*LB4.CP-7++1.N.-5.16-1.18-2W4	Q5183
005.SCG*LB3.CP13++4.N.-7.5-1.7-5W3	Q5184
005.SCG*LB3.CP13++9.N.-1.9-2.11-4W4	Q5185
005.SCG*LB3.CP-4++3.N.-2.17-2.21-2W7	Q5186
005.SCG*LB3.CP-1++2.N.-3.1-1.4-5W3	Q5187
005.SCG*LB1.CP-6++7.N.-4.7-4.9-1W6	Q5188
005.SCG*LB1.CP-6++7.N.-7.9-6.11-1W7	Q5189
005.SCG*LB4.CP-8++0.N.-6.1-2.4-4W1	Q5190
005.SCG*LB3.CP13++9.N.-3.3-1.4-3W1	Q5191
005.SCG*LB3.CP15++4.N.11.1-1.2-5W5	Q5192
005.SCG*LB3.CP-7++1.N.-2.4-2.7-3W1	Q5193
005.SCG*LB3.CP14++0.N.-4.4-1.5-4W3	Q5194
005.SCG*LB1.CP-2++0.N.25.3-4.5-2W5	Q5195
005.SCG*LB3.CP10++1.N.-1.5-3.9-6W18	Q5196
005.SCG*LB3.CP-9++3.N.-3.4-1.6-6W12	Q5197
005.SCG*LB3.CP-7++5.N.14.5-6.7-2W7	Q5198
005.SCG*LB4.CP-7++3.N.-2.33-1.36-2W1	Q5199
005.SCG*LB4.CP-7++0.N.-4.1-2.2-3W6	Q5200
005.SCG*LB3.CP-8++6.N.-4.7-4.10-2W8	Q5201
005.SCG*LB3.CP-1++2.N.-4.21-2.22-5W4	Q5202
005.SCG*LB3.CP-8++6.N.-8.10-4.11-7W10	Q5203
005.SCG*LB3.CP13++2.N.13.12-1.14-4W1	Q5204
005.SCG*LB3.CP-7++1.N.-2.13-1.17-2W1	Q5205
005.SCG*LB1.CP-8++5.N.-4.6-5.7-3W6	Q5206
005.SCG*LB3.CP-8++6.N.-8.16-6.19-8W4	Q5207
005.SCG*LB4.CP-5++5.N.13.19-3.23-2W1	Q5208
005.SCG*LB2.CP-8++9.N.15.12-3.19-5W1	Q5209
005.SCG*LB4.CP-4++1.N.-3.12-1.16-4W1	Q5210
005.SCG*LB2.CP-8++2.N.13.3-4.5-2W9	Q5211
005.SCG*LB3.CP15++4.N.10.6-1.13-2W24	Q5212
005.SCG*LB3.CP-7++7.N.-3.5-1.7-5W4	Q5213
005.SCG*LB3.CP13++8.N.-5.5-4.10-5W1	Q5214
005.SCG*LB4.CP-5++2.N.-2.22-1.24-3W10	Q5215
005.SCG*LB3.CP-8++6.N.-2.3-4.5-6W12	Q5216
005.SCG*LB1.CP-8++5.N.-5.10-2.13-2W3	Q5217
005.SCG*LB4.CP-4++7.N.-4.3-2.4-3W2	Q5218
005.SCG*LB3.CP10++8.N.-8.6-2.10-3W27	Q5219
005.SCG*LB1.CP-6++3.N.-4.6-1.7-5W7	Q5220
005.SCG*LB1.CP-6++4.N.-1.10-1.11-3W5	Q5221
005.SCG*LB3.CP-9++2.N.11.1-1.4-4W1	Q5222
005.SCG*LB1.CP-6++3.N.-4.19-1.20-3W8	Q5223
005.SCG*LB1.CP-2++9.N.-4.3-7.7-1W16	Q5224
005.SCG*LB3.CP-9++4.N.10.49-1.51-2W10	Q5225
005.SCG*LB3.CP12++2.N.-3.5-1.6-6W1	Q5226
005.SCG*LB3.CP-7++4.N.-6.10-2.12-4W4	Q5227
005.SCG*LB3.CP14++1.N.-7.1-1.4-1W5	Q5228
005.SCG*LB3.CP-7++5.N.-9.1-1.7-3W10	Q5229
005.SCG*LB3.CP13++9.N.-6.3-7.6-3W1	Q5230
005.SCG*LB3.CP-8++6.N.-2.7-1.10-2W22	Q5231
005.SCG*LB1.CP-6++7.N.-3.3-4.4-10W1	Q5232
005.SCG*LB3.CP-1++2.N.-4.1-1.6-2W35	Q5233
005.SCG*LB3.CP-4++9.N.-8.14-2.16-3W3	Q5234
005.SCG*LB2.CP-8++7.N.-5.4-6.9-6W19	Q5235
005.SCG*LB1.CP-6++3.N.-4.1-1.3-2W15	Q5236
005.SCG*LB3.CP11++3.N.-2.8-1.13-4W34	Q5237
005.SCG*LB3.CP13++9.N.-5.1-2.5-3W9	Q5238
005.SCG*LB3.CP-7++4.N.-6.8-1.10-1W13	Q5239
005.SCG*LB1.CP-6++7.N.-2.21-2.23-3W5	Q5240
005.SCG*LB2.CP-3++0.N.-1.7-3.11-4W24	Q5241
005.SCG*LB3.CP-7++2.N.-3.4-2.5-7W5	Q5242
005.SCG*LB2.CP-7++6.N.-8.8-6.13-5W5	Q5243
005.SCG*LB3.CP-7++2.N.-2.12-4.16-1W25	Q5244
005.SCG*LB2.CP-3++9.N.-2.1-1.2-4W4	Q5245
005.SCG*LB3.CP10++9.N.10.4-6.5-6W7	Q5246
005.SCG*LB1.CP-6++7.N.-8.1-1.3-3W8	Q5247
005.SCG*LB3.CP-9++2.N.-5.15-3.16-2W3	Q5248
005.SCG*LB3.CP11++0.N.-5.11-2.12-1W3	Q5249
005.SCG*LB3.CP12++2.N.-5.10-5.14-3W25	Q5250
005.SCG*LB3.CP-3++7.N.-5.1-1.3-1W7	Q5251
005.SCG*LB1.CP-5++7.N.-2.7-4.10-6W3	Q5252
005.SCG*LB3.CP10++7.N.-6.13-1.16-1W3	Q5253
005.SCG*LB4.CP-1++1.N.12.19-3.22-3W15	Q5254
005.SCG*LB1.CP--++8.N.-3.6-2.8-3W9	Q5255
005.SCG*LB2.CP-3++0.N.11.4-5.8-6W2	Q5256
005.SCG*LB1.CP-1++3.N.17.13-1.14-1W4	Q5257
005.SCG*LB3.CP-9++4.N.13.4-5.6-1W7	Q5258
005.SCG*LB2.CP-3++0.N.-2.5-7.7-4W3	Q5259
005.SCG*LB1.CP-6++7.N.-6.5-3.10-3W9	Q5260
005.SCG*LB1.CP-6++7.N.-6.5-3.10-3W5	Q5261
005.SCG*LB3.CP-8++5.N.-5.1-2.3-6W16	Q5262
005.SCG*LB2.CP-5++5.N.14.12-5.16-2W7	Q5263
005.SCG*LB1.CP-6++7.N.-6.3-1.3-6W1	Q5264
005.SCG*LB3.CP-7++6.N.-5.7-3.12-3W4	Q5265
005.SCG*LB3.CP-9++4.N.10.71-2.74-4W16	Q5266
005.SCG*LB3.CP-3++5.N.-3.7-4.8-5W9	Q5267
005.SCG*LB2.CP-9++0.N.-8.15-5.16-5W2	Q5268
005.SCG*LB3.CP-9++4.N.11.6-4.8-1W11	Q5269
005.SCG*LB3.CP-7++2.N.-7.7-4.12-7W10	Q5270
005.SCG*LB3.CP-9++5.N.14.1-1.4-5W1	Q5271
005.SCG*LB3.CP-9++4.N.-1.2-3.6-5W31	Q5272
005.SCG*LB3.CP14++6.N.-8.20-3.23-7W3	Q5273
005.SCG*LB1.CP-6++7.N.-6.12-7.15-2W13	Q5274
005.SCG*LB3.CP-4++2.N.10.7-5.10-6W7	Q5275
005.SCG*LB3.CP-9++4.N.-1.2-3.6-5W10	Q5276
005.SCG*LB3.CP-7++1.N.-2.7-4.12-6W10	Q5277
005.SCG*LB3.CP-7++4.N.-3.8-2.10-4W18	Q5278
005.SCG*LB2.CP-5++5.N.11.10-4.11-6W1	Q5279
005.SCG*LB4.CP-2++9.N.-2.8-2.11-1W21	Q5280
005.SCG*LB3.CP-9++3.N.-4.1-1.6-5W10	Q5281
005.SCG*LB4.CP-5++8.N.-3.15-3.19-2W3	Q5282
005.SCG*LB3.CP-7++3.N.-2.17-2.22-1W6	Q5283
005.SCG*LB4.CP-6++6.N.-8.4-4.10-1W6	Q5284
005.SCG*LB1.CP-6++7.N.-5.3-5.6-4W11	Q5285
005.SCG*LB1.CP-1++1.N.-1.6-1.8-6W3	Q5286
005.SCG*LB3.CP-9++4.N.10.62-5.65-5W22	Q5287
005.SCG*LB3.CP-7++4.N.-2.4-6.7-5W5	Q5288
005.SCG*LB2.CP-9++1.N.-4.1-2.3-1W6	Q5289
005.SCG*LB1.CP-8++5.N.-3.8-1.8-6W6	Q5290
005.SCG*LB1.CP-8++5.N.-4.9-3.16-7W33	Q5291
005.SCG*LB3.CP14++3.N.-1.1-1.3-1W8	Q5292
005.SCG*LB3.CP14++0.N.-5.3-2.7-4W6	Q5293
005.SCG*LB4.CP-9++3.N.-4.1-2.4-2W8	Q5294
005.SCG*LB3.CP-7++3.N.-2.17-2.22-1W34	Q5295
005.SCG*LB3.CP10++8.N.-7.4-1.6-5W18	Q5296
005.SCG*LB2.CP-9++8.N.19.1-1.5-2W15	Q5297
005.SCG*LB3.CP-9++4.N.13.6-2.7-5W10	Q5298
005.SCG*LB1.CP-6++7.N.-1.1-1.5-1W9	Q5299
005.SCG*LB3.CP-9++2.N.12.2-6.5-9W11	Q5300
005.SCG*LB2.CP-8++8.N.-3.6-1.8-4W18	Q5301
005.SCG*LB3.CP15++4.N.14.12-3.17-2W7	Q5302
005.SCG*LB3.CP14++2.N.-5.1-2.2-6W1	Q5303
005.SCG*LB3.CP-9++2.N.-2.1-1.5-4W8	Q5304
005.SCG*LB1.CP-8++5.N.-4.9-3.16-7W15	Q5305
005.SCG*LB3.CP-4++1.N.10.4-3.9-3W24	Q5306
005.SCG*LB1.CP-6++7.N.-8.3-4.6-5W17	Q5307
005.SCG*LB3.CP-9++4.N.10.55-2.59-1W26	Q5308
005.SCG*LB3.CP-7++2.N.-2.5-4.7-5W10	Q5309
005.SCG*LB3.CP10++4.N.11.1-2.3-4W7	Q5310
005.SCG*LB3.CP-9++4.N.10.66-1.67-6W15	Q5311
005.SCG*LB1.CP-6++7.N.-5.1-2.3-4W7	Q5312
005.SCG*LB1.CP-3++4.N.-1.6-3.7-1W4	Q5313
005.SCG*LB3.CP-9++3.N.-5.1-1.4-3W17	Q5314
005.SCG*LB3.CP-4++9.N.-3.1-1.2-2W1	Q5315
005.SCG*LB3.CP-9++4.N.-2.46-1.47-1W8	Q5316
005.SCG*LB1.CP-1++3.N.17.8-4.9-1W2	Q5317
005.SCG*LB1.CP-8++5.N.-3.5-1.6-5W8	Q5318
005.SCG*LB1.CP-6++1.N.-6.3-1.5-4W6	Q5319
005.SCG*LB3.CP12++2.N.-7.3-5.7-1W14	Q5320
005.SCG*LB3.CP-1++0.N.15.4-4.9-3W19	Q5321
005.SCG*LB3.CP-8++5.N.-4.1-2.4-6W12	Q5322
005.SCG*LB1.CP-6++7.N.-7.7-5.9-5W10	Q5323
005.SCG*LB1.CP-6++7.N.-3.6-3.12-1W24	Q5324
005.SCG*LB4.CP-7++2.N.-8.12-3.13-1W5	Q5325
005.SCG*LB2.CP-4++0.N.-2.3-7.5-6W12	Q5326
005.SCG*LB1.CP-6++3.N.-4.10-5.13-1W4	Q5327
005.SCG*LB3.CP-8++6.N.14.11-2.15-4W16	Q5328
005.SCG*LB1.CP-6++7.N.-2.9-7.12-5W14	Q5329
005.SCG*LB2.CP-8++6.N.-3.24-2.28-1W23	Q5330
005.SCG*LB3.CP-9++8.N.-6.22-1.23-1W3	Q5331
005.SCG*LB1.CP-6++7.N.-4.4-1.7-3W18	Q5332
005.SCG*LB1.CP-8++5.N.-2.3-2.5-3W11	Q5333
005.SCG*LB4.CP-9++1.N.-6.17-3.21-6W3	Q5334
005.SCG*LB1.CP-6++7.N.-5.9-2.11-2W7	Q5335
005.SCG*LB4.CP-5++4.N.-3.11-5.17-2W4	Q5336
005.SCG*LB3.CP-9++2.N.-2.5-5.9-2W1	Q5337
005.SCG*LB1.CP-8++5.N.-2.5-4.6-4W6	Q5338
005.SCG*LB1.CP-6++7.N.10.15-2.18-3W14	Q5339
005.SCG*LB4.CP-5++2.N.-1.14-7.20-3W11	Q5340
005.SCG*LB3.CP-8++6.N.-4.1-2.4-8W3	Q5341
005.SCG*LB3.CP-8++6.N.-4.1-2.4-8W14	Q5342
005.SCG*LB3.CP10++4.N.11.3-5.7-2W15	Q5343
005.SCG*LB2.CP-1++9.N.-5.23-4.27-4W7	Q5344
005.SCG*LB3.CP-8++6.N.-8.6-7.10-3W10	Q5345
005.SCG*LB3.CP-7++4.N.-4.7-1.10-3W8	Q5346
005.SCG*LB3.CP-7++2.N.-2.7-6.12-3W6	Q5347
005.SCG*LB3.CP-9++4.N.13.1-1.4-4W19	Q5348
005.SCG*LB1.CP-6++7.N.-3.15-6.17-4W9	Q5349
005.SCG*LB2.CP-3++0.N.12.1-1.5-5W21	Q5350
005.SCG*LB3.CP-5++3.N.-5.3-3.4-3W1	Q5351
005.SCG*LB2.CP-6++8.N.-6.3-2.9-5W7	Q5352
005.SCG*LB4.CP-7++2.N.-3.1-1.1-4W4	Q5353
005.SCG*LB3.CP-9++5.N.-9.4-1.6-3W3	Q5354
005.SCG*LB3.CP15++4.N.13.1-1.6-4W25	Q5355
005.SCG*LB1.CP-6++7.N.11.1-1.3-1W5	Q5356
005.SCG*LB2.CP-6++1.N.-3.15-2.17-5W15	Q5357
005.SCG*LB4.CP-5++1.N.12.2-5.5-3W1	Q5358
005.SCG*LB2.CP-5++6.N.-2.6-3.8-6W3	Q5359
005.SCG*LB1.CP-6++7.N.-6.12-7.15-2W10	Q5360
005.SCG*LB1.CP-6++7.N.-8.3-4.6-5W10	Q5361
005.SCG*LB3.CP-9++3.N.-2.1-1.5-2W10	Q5362
005.SCG*LB3.CP11++3.N.-5.6-4.9-1W3	Q5363
005.SCG*LB3.CP-4++6.N.-6.2-3.7-4W21	Q5364
005.SCG*LB4.CP-5++2.N.-1.5-3.10-3W28	Q5365
005.SCG*LB4.CP-5++4.N.-8.27-4.29-1W13	Q5366
005.SCG*LB4.CP-9++2.N.-2.6-5.10-1W28	Q5367
005.SCG*LB4.CP-9++1.N.-3.5-5.7-7W16	Q5368
005.SCG*LB3.CP-6++7.N.-3.4-4.7-6W7	Q5369
005.SCG*LB3.CP-6++7.N.-3.1-2.4-3W10	Q5370
005.SCG*LB4.CP-9++7.N.-2.3-1.5-4W7	Q5371
005.SCG*LB4.CP-9++7.N.-5.10-3.13-4W18	Q5372
005.SCG*LB2.CP-8++0.N.-8.28-1.30-2W10	Q5373
005.SCG*LB4.CP-9++7.N.-2.3-1.5-4W17	Q5374
005.SCG*LB4.CP-9++7.N.-3.1-1.3-2W9	Q5375
005.SCG*LB3.CP-6++5.N.-4.31-2.32-5W8	Q5376
005.SCG*LB3.CP-6++5.N.-9.6-3.9-1W11	Q5377
005.SCG*LB3.CP-6++5.N.-4.30-2.31-1W3	Q5378
005.SCG*LB1.CP--++6.N.-6.11-1.13-3W3	Q5379
005.SCG*LB3.CP-6++7.N.-3.8-1.9-4W10	Q5380
005.SCG*LB2.CP-7++3.N.30.9-1.13-7W14	Q5381
005.SCG*LB3.CP-7++3.N.-5.10-5.12-5W1	Q5382
005.SCG*LB3.CP-6++5.N.-4.30-2.31-1W5	Q5383
005.SCG*LB3.CP-6++7.N.-3.8-1.9-4W9	Q5384
005.SCG*LB3.CP12++3.N.-3.8-3.10-3W1	Q5385
005.SCG*LB3.CP-6++7.N.-3.16-3.17-3W9	Q5386
005.SCG*LB3.CP14++4.N.11.13-6.15-3W10	Q5387
005.SCG*LB3.CP-6++5.N.-9.9-2.13-5W14	Q5388
005.SCG*LB3.CP-6++5.N.-7.1-2.3-5W8	Q5389
005.SCG*LB3.CP-6++5.N.-4.31-2.32-5W6	Q5390
005.SCG*LB3.CP-6++7.N.-3.16-3.17-3W3	Q5391
005.SCG*LB1.CP-1++3.N.14.2-3.7-1W27	Q5392
005.SCG*LB4.CP-8++3.N.23.1-1.5-3W11	Q5393
005.SCG*LB3.CP-6++5.N.-9.6-3.9-1W16	Q5394
005.SCG*LB4.CP-9++7.N.-5.6-6.8-4W14	Q5395
005.SCG*LB3.CP-6++5.N.-7.18-3.20-1W9	Q5396
005.SCG*LB4.CP-9++7.N.-4.1-1.4-2W1	Q5397
005.SCG*LB3.CP15++4.N.25.14-4.18-2W18	Q5398
005.SCG*LB3.CP15++4.N.25.14-4.18-2W16	Q5399
005.SCG*LB3.CP-6++5.N.-5.18-3.20-2W12	Q5400
005.SCG*LB4.CP-8++3.N.19.17-2.18-6W1	Q5401
005.SCG*LB4.CP-7++9.N.-9.3-3.6-3W18	Q5402
005.SCG*LB4.CP-8++4.N.-8.2-5.4-9W2	Q5403
005.SCG*LB3.CP-7++6.N.-1.16-4.18-1W9	Q5404
005.SCG*LB3.CP-9++1.N.-4.3-7.7-3W26	Q5405
005.SCG*LB4.CP-6++6.N.-2.1-1.7-6W28	Q5406
005.SCG*LB2.CP--++3.N.-2.8-6.11-5W9	Q5407
005.SCG*LB4.CP-2++4.N.-2.20-1.22-1W15	Q5408
005.SCG*LB4.CP-2++1.N.-7.6-4.8-1W8	Q5409
005.SCG*LB4.CP-2++9.N.-8.3-1.6-3W26	Q5410
005.SCG*LB4.CP-1++7.N.21.10-4.11-6W8	Q5411
005.SCG*LB4.CP--++8.N.-8.26-1.29-1W7	Q5412
005.SCG*LB4.CP--++8.N.-8.40-1.41-2W1	Q5413
005.SCG*LB4.CP--++6.N.-9.3-6.4-7W11	Q5414
005.SCG*LB4.CP--++8.N.-5.72-3.74-1W1	Q5415
005.SCG*LB4.CP--++8.N.-8.40-1.41-2W9	Q5416
005.SCG*LB4.CP--++6.N.-9.3-6.4-7W7	Q5417
005.SCG*LB4.CP--++6.N.-9.1-2.2-5W2	Q5418
005.SCG*LB4.CP--++8.N.-8.1-1.5-4W11	Q5419
005.SCG*LB4.CP--++6.N.-9.2-6.3-3W3	Q5420
005.SCG*LB4.CP-2++4.N.-4.2-4.3-4W3	Q5421
005.SCG*LB4.CP--++8.N.-8.38-1.39-3W6	Q5422
005.SCG*LB4.CP--++8.N.-8.47-4.49-3W4	Q5423
005.SCG*LB4.CP--++5.N.-7.4-4.5-1W1	Q5424
005.SCG*LB4.CP-8++7.N.-3.7-1.9-1W13	Q5425
005.SCG*LB4.CP-2++1.N.-5.10-5.13-1W15	Q5426
005.SCG*LB3.CP-6++4.N.12.7-1.10-3W23	Q5427
005.SCG*LB4.CP-1++3.N.11.40-1.42-2W16	Q5428
005.SCG*LB4.CP-7++4.N.-7.29-5.31-7W4	Q5429
005.SCG*LB3.CP15++9.N.-2.17-22-6W25	Q5430
005.SCG*LB4.CP-1++1.N.18.13-1.16-3W10	Q5431
005.SCG*LB3.CP-7++1.N.-2.7-4.12-6W27	Q5432
005.SCG*LB3.CP-8++1.N.-6.3-5.6-2W14	Q5433
005.SCG*LB4.CP-7++3.N.-9.1-1.6-3W34	Q5434
005.SCG*LB2.CP-8++5.N.13.1-1.4-2W4	Q5435
005.SCG*LB4.CP-3++8.N.-9.11-4.19-1W7	Q5436
005.SCG*LB4.CP-3++4.N.-2.48-1.50-6W23	Q5437
005.SCG*LB4.CP-3++4.N.-2.43-2.47-3W18	Q5438
005.SCG*LB2.CP-9++8.N.10.36-2.38-7W17	Q5439
005.SCG*LB3.CP-6++7.N.-7.11-1.12-6W15	Q5440
005.SCG*LB2.CP-8++0.N.-8.1-1.5-1W10	Q5441
005.SCG*LB4.CP-8++2.N.-7.8-4.9-5W7	Q5442
005.SCG*LB4.CP-5++2.N.-2.16-1.21-7W22	Q5443
005.SCG*LB4.CP-8++1.N.-1.1-1.9-6W43	Q5444
005.SCG*LB2.CP-8++0.N.-8.8-1.11-5W14	Q5445
005.SCG*LB2.CP-2++6.N.-1.1-1.11-4W69	Q5446
005.SCG*LB2.CP-2++7.N.-2.7-1.10-5W9	Q5447
005.SCG*LB2.CP-2++6.N.-9.1-1.5-2W12	Q5448
005.SCG*LB2.CP-2++6.N.-6.13-9.15-2W9	Q5449
005.SCG*LB2.CP-2++6.N.-2.7-2.10-4W9	Q5450
005.SCG*LB2.CP-2++6.N.-4.4-6.6-2W9	Q5451
005.SCG*LB2.CP-2++6.N.--.1-1.2-5W5	Q5452
005.SCG*LB2.CP-2++6.N.-3.17-3.18-6W10	Q5453
005.SCG*LB4.CP-4++5.N.-7.33-6.38-4W32	Q5454
005.SCG*LB3.CP12++2.N.10.6-3.6-8W6	Q5455
005.SCG*LB4.CP-3++5.N.-2.4-1.9-6W39	Q5456
005.SCG*LB4.CP-5++4.N.-2.20-4.22-5W6	Q5457
005.SCG*LB4.CP--++2.N.-2.8-1.9-2W6	Q5458
005.SCG*LB4.CP--++6.N.-1.1-1.7-1W36	Q5459
005.SCG*LB2.CP-3++8.N.16.6-1.9-5W12	Q5460
005.SCG*LB3.CP-2++5.N.11.3-5.7-1W15	Q5461
005.SCG*LB3.CP15++4.N.-7.19-4.21-5W8	Q5462
005.SCG*LB4.CP-5++5.N.12.10-4.12-5W19	Q5463
005.SCG*LB3.CP13++6.N.15.4-3.9-5W12	Q5464
005.SCG*LB2.CP-3++4.N.-6.4-2.7-2W18	Q5465
005.SCG*LB3.CP15++5.N.-7.2-2.3-5W2	Q5466
005.SCG*LB4.CP-7++7.N.-3.4-4.7-5W16	Q5467
005.SCG*LB1.CP-6++6.N.-7.8-4.15-1W44	Q5468
005.SCG*LB1.CP-6++7.N.-9.17-6.21-3W12	Q5469
005.SCG*LB1.CP-6++6.N.-8.5-1.9-1W18	Q5470
005.SCG*LB1.CP-6++6.N.-8.15-6.18-3W7	Q5471
005.SCG*LB1.CP-6++6.N.-8.12-2.15-5W9	Q5472
005.SCG*LB1.CP-2++0.N.43.1-1.4-5W9	Q5473
005.SCG*LB1.CP-1++1.N.-2.12-1.16-3W27	Q5474
005.SCG*LB1.CP--++5.N.-3.4-1.7-1W17	Q5475
005.SCG*LB1.CP-4++3.N.11.4-3.5-5W5	Q5476
005.SCG*LB1.CP-2++6.N.11.10-5.12-5W14	Q5477
005.SCG*LB3.CP13++5.N.12.7-3.11-1W11	Q5478
005.SCG*LB1.CP-1++1.N.-2.20-5.22-1W7	Q5479
005.SCG*LB1.CP-1++0.N.-7.1-1.3-6W18	Q5480
005.SCG*LB3.CP-9++5.N.17.16-2.19-2W23	Q5481
005.SCG*LB3.CP13++8.N.-8.6-1.8-5W18	Q5482
005.SCG*LB3.CP13++8.N.-8.1-2.5-7W30	Q5483
005.SCG*LB1.CP-1++0.N.-3.1-2.2-8W1	Q5484
005.SCG*LB1.CP-1++0.N.-1.1-1.6-7W31	Q5485
005.SCG*LB1.CP-1++0.N.-3.1-2.2-8W10	Q5486
005.SCG*LB1.CP-1++1.N.-2.12-1.16-3W16	Q5487
005.SCG*LB2.CP--++3.N.-7.6-2.8-3W5	Q5488
005.SCG*LB1.CP-1++1.N.-3.1-1.3-6W14	Q5489
005.SCG*LB3.CP-7++6.N.11.3-3.5-1W9	Q5490
005.SCG*LB1.CP-1++0.N.-3.4-3.6-1W6	Q5491
005.SCG*LB3.CP13++2.N.27.13-3.13-6W4	Q5492
005.SCG*LB1.CP-1++0.N.-3.3-1.4-2W8	Q5493
005.SCG*LB1.CP-2++0.N.-5.5-5.7-6W14	Q5494
005.SCG*LB1.CP-1++1.N.-2.25-5.29-6W15	Q5495
005.SCG*LB1.CP-7++0.N.-5.5-2.10-1W22	Q5496
005.SCG*LB1.CP-1++1.N.-2.22-2.24-2W14	Q5497
005.SCG*LB1.CP-4++3.N.11.5-6.7-5W8	Q5498
005.SCG*LB1.CP-1++1.N.-3.1-1.3-6W17	Q5499
005.SCG*LB1.CP--++7.N.-2.2-6.3-7W9	Q5500
005.SCG*LB1.CP-9++6.N.-7.8-4.10-5W7	Q5501
005.SCG*LB1.CP-1++1.N.-2.25-5.29-6W26	Q5502
005.SCG*LB1.CP-2++6.N.11.13-1.15-1W3	Q5503
005.SCG*LB1.CP-1++0.N.-2.6-5.8-1W8	Q5504
005.SCG*LB1.CP--++5.N.-3.9-3.12-7W25	Q5505
005.SCG*LB1.CP-1++0.N.-3.4-3.6-1W12	Q5506
005.SCG*LB1.CP-4++3.N.-9.4-1.7-8W10	Q5507
005.SCG*LB1.CP-1++1.N.-3.3-7.6-6W4	Q5508
005.SCG*LB1.CP-1++1.N.-2.4-1.7-2W21	Q5509
005.SCG*LB1.CP-4++3.N.-9.8-5.10-1W5	Q5510
005.SCG*LB3.CP-4++1.N.-3.24-2.26-4W9	Q5511
005.SCG*LB1.CP-4++7.N.-2.13-1.13-5W5	Q5512
005.SCG*LB3.CP-5++5.N.-1.1-1.5-3W27	Q5513
005.SCG*LB3.CP14++1.N.-4.9-1.13-1W16	Q5514
005.SCG*LB2.CP-9++6.N.-8.9-2.11-2W13	Q5515
005.SCG*LB3.CP15++4.N.14.22-4.25-1W4	Q5516
005.SCG*LB1.CP-7++1.N.-2.2-2.3-6W3	Q5517
005.SCG*LB3.CP-5++6.N.-7.9-5.13-3W16	Q5518
005.SCG*LB1.CP-4++9.N.-6.5-5.6-4W4	Q5519
005.SCG*LB1.CP-7++1.N.-3.6-3.10-3W29	Q5520
005.SCG*LB3.CP-5++9.N.-7.26-6.30-3W11	Q5521
005.SCG*LB3.CP-4++9.N.-1.1-1.5-1W17	Q5522
005.SCG*LB3.CP-2++5.N.11.1-2.3-4W6	Q5523
005.SCG*LB3.CP-5++9.N.-6.21-5.24-4W16	Q5524
005.SCG*LB3.CP-2++5.N.-3.19-2.21-1W1	Q5525
005.SCG*LB3.CP12++3.N.-5.7-3.11-1W24	Q5526
005.SCG*LB4.CP--++1.N.10.6-4.8-2W6	Q5527
005.SCG*LB1.CP-7++1.N.15.7-1.9-2W2	Q5528
005.SCG*LB1.CP-1++4.N.-2.17-4.20-3W7	Q5529
005.SCG*LB1.CP-7++0.N.-8.14-4.17-2W8	Q5530
005.SCG*LB3.CP-4++6.N.-2.6-2.6-7W6	Q5531
005.SCG*LB1.CP--++3.N.-6.1-1.3-1W10	Q5532
005.SCG*LB1.CP-3++1.N.-4.2-4.7-3W6	Q5533
005.SCG*LB1.CP-5++0.N.-6.1-2.3-2W6	Q5534
005.SCG*LB1.CP-1++4.N.-2.13-1.15-3W5	Q5535
005.SCG*LB3.CP11++4.N.-3.1-2.4-2W22	Q5536
005.SCG*LB3.CP-5++6.N.-5.3-4.4-5W4	Q5537
005.SCG*LB2.CP-6++6.N.-5.5-4.6-5W7	Q5538
005.SCG*LB3.CP-4++6.N.-2.2-8.4-7W16	Q5539
005.SCG*LB1.CP-6++3.N.-4.19-1.20-3W10	Q5540
005.SCG*LB1.CP-7++1.N.16.1-1.3-2W13	Q5541
005.SCG*LB3.CP-4++7.N.-6.24-6.31-3W6	Q5542
005.SCG*LB3.CP-4++1.N.-3.5-1.9-1W17	Q5543
005.SCG*LB1.CP-7++0.N.-8.12-2.14-3W12	Q5544
005.SCG*LB3.CP-8++5.N.20.16-1.20-5W31	Q5545
005.SCG*LB1.CP-1++1.N.-6.2-3.5-4W17	Q5546
005.SCG*LB4.CP--++1.N.-6.26-1.29-2W15	Q5547
005.SCG*LB1.CP-5++7.N.10.1-2.3-2W10	Q5548
005.SCG*LB2.CP10++0.N.-2.16-1.23-4W45	Q5549
005.SCG*LB1.CP-7++1.N.13.6-2.8-4W14	Q5550
005.SCG*LB1.CP-7++0.N.-4.8-2.11-2W3	Q5551
005.SCG*LB3.CP-8++0.N.-6.1-1.3-1W11	Q5552
005.SCG*LB3.CP15++4.N.-1.1-1.6-5W11	Q5553
005.SCG*LB4.CP-1++1.N.17.7-5.12-4W6	Q5554
005.SCG*LB3.CP-2++9.N.-4.2-3.3-5W3	Q5555
005.SCG*LB2.CP-6++1.N.-5.3-4.4-6W6	Q5556
005.SCG*LB2.CP-4++6.N.-6.11-5.15-6W28	Q5557
005.SCG*LB3.CP-7++8.N.-5.1-2.3-3W13	Q5558
005.SCG*LB1.CP-1++1.N.-3.7-1.10-3W23	Q5559
005.SCG*LB1.CP-5++7.N.-9.5-4.9-7W5	Q5560
005.SCG*LB1.CP-7++1.N.12.11-6.13-3W5	Q5561
005.SCG*LB3.CP-4++9.N.-3.19-1.24-1W14	Q5562
005.SCG*LB3.CP10++1.N.-1.10-1.11-4W10	Q5563
005.SCG*LB1.CP--++3.N.-5.23-1.26-5W22	Q5564
005.SCG*LB3.CP12++4.N.-2.5-1.7-3W11	Q5565
005.SCG*LB1.CP-6++9.N.12.16-2.18-1W11	Q5566
005.SCG*LB1.CP-7++0.N.-2.4-2.5-6W6	Q5567
005.SCG*LB1.CP--++3.N.-5.14-2.15-4W1	Q5568
005.SCG*LB3.CP15++2.N.-2.4-2.5-6W11	Q5569
005.SCG*LB1.CP-5++9.N.-3.32-4.35-5W12	Q5570
005.SCG*LB1.CP-5++5.N.-2.20-4.25-4W32	Q5571
005.SCG*LB1.CP-6++9.N.-8.1-2.5-3W16	Q5572
005.SCG*LB1.CP-6++7.N.-7.1-2.3-5W18	Q5573
005.SCG*LB3.CP-5++6.N.-5.22-5.25-1W9	Q5574
005.SCG*LB1.CP-6++5.N.-2.8-4.10-4W3	Q5575
005.SCG*LB3.CP-5++6.N.-2.1-1.4-3W15	Q5576
005.SCG*LB1.CP-5++0.N.-2.7-3.8-2W5	Q5577
005.SCG*LB1.CP-6++5.N.-6.10-7.13-6W6	Q5578
005.SCG*LB1.CP-7++1.N.-2.1-1.2-1W7	Q5579
005.SCG*LB4.CP--++1.N.14.14-1.15-2W5	Q5580
005.SCG*LB1.CP-6++9.N.-2.1-1.3-1W1	Q5581
005.SCG*LB4.CP--++8.N.-9.9-4.15-3W29	Q5582
005.SCG*LB1.CP-7++1.N.14.10-5.13-1W8	Q5583
005.SCG*LB1.CP-6++7.N.-7.9-6.11-1W1	Q5584
005.SCG*LB1.CP-7++0.N.-5.2-5.5-1W12	Q5585
005.SCG*LB1.CP-6++8.N.-2.9-3.11-1W12	Q5586
005.SCG*LB3.CP-3++8.N.-6.5-3.6-7W8	Q5587
005.SCG*LB4.CP-1++9.N.-8.5-5.7-1W8	Q5588
005.SCG*LB3.CP-4++7.N.-8.10-1.12-2W14	Q5589
005.SCG*LB1.CP-5++7.N.-9.5-4.9-7W13	Q5590
005.SCG*LB3.CP-4++9.N.11.3-4.10-5W30	Q5591
005.SCG*LB1.CP-6++5.N.-4.7-2.10-3W10	Q5592
005.SCG*LB1.CP-5++7.N.-9.11-3.14-3W4	Q5593
005.SCG*LB1.CP-7++1.N.-7.1-2.3-2W2	Q5594
005.SCG*LB1.CP-5++0.N.-2.20-5.23-3W12	Q5595
005.SCG*LB1.CP-6++6.N.-6.6-2.8-4W3	Q5596
005.SCG*LB3.CP-5++6.N.-2.7-5.9-4W8	Q5597
005.SCG*LB3.CP15++4.N.14.12-3.17-2W20	Q5598
005.SCG*LB4.CP--++8.N.-2.9-4.11-5W8	Q5599
005.SCG*LB1.CP-5++9.N.-3.32-4.35-5W18	Q5600
005.SCG*LB1.CP-7++6.N.-3.1-2.3-4W11	Q5601
005.SCG*LB2.CP-4++8.N.-3.15-5.17-1W13	Q5602
005.SCG*LB1.CP-5++0.N.-2.8-3.11-3W9	Q5603
005.SCG*LB4.CP--++8.N.-9.78-5.80-1W9	Q5604
005.SCG*LB3.CP-4++6.N.-9.1-1.4-2W9	Q5605
005.SCG*LB1.CP-1++4.N.-3.19-3.21-5W10	Q5606
005.SCG*LB1.CP-7++7.N.-5.1-2.7-5W13	Q5607
005.SCG*LB3.CP-3++7.N.-5.1-1.3-1W9	Q5608
005.SCG*LB1.CP-7++1.N.-1.1-1.2-3W6	Q5609
005.SCG*LB3.CP-2++5.N.-4.20-1.22-4W5	Q5610
005.SCG*LB1.CP-6++4.N.-1.14-1.15-4W4	Q5611
005.SCG*LB1.CP-7++1.N.13.4-1.4-4W4	Q5612
005.SCG*LB3.CP-8++0.N.-2.1-1.6-6W28	Q5613
005.SCG*LB1.CP-4++9.N.--.1-1.2-2W3	Q5614
005.SCG*LB3.CP-2++9.N.-4.1-2.2-2W5	Q5615
005.SCG*LB2.CP-2++3.N.-5.12-2.14-5W7	Q5616
005.SCG*LB4.CP-5++4.N.-6.8-2.9-4W7	Q5617
005.SCG*LB2.CP-9++8.N.11.3-5.8-2W8	Q5618
005.SCG*LB3.CP-5++4.N.11.1-1.5-1W11	Q5619
005.SCG*LB1.CP-6++4.N.-1.6-1.7-3W10	Q5620
005.SCG*LB1.CP-5++0.N.-5.1-2.2-2W6	Q5621
005.SCG*LB1.CP-5++9.N.-2.12-8.16-3W15	Q5622
005.SCG*LB1.CP-6++9.N.12.16-2.18-1W5	Q5623
005.SCG*LB2.CP-9++8.N.12.7-4.9-4W13	Q5624
005.SCG*LB3.CP-8++0.N.-9.5-1.6-5W13	Q5625
005.SCG*LB3.CP-4++9.N.-3.19-1.24-1W29	Q5626
005.SCG*LB3.CP-4++7.N.-8.1-1.9-5W45	Q5627
005.SCG*LB1.CP-6++5.N.-4.7-2.10-3W18	Q5628
005.SCG*LB1.CP-7++1.N.11.4-2.8-3W20	Q5629
005.SCG*LB2.CP-5++0.N.-5.15-4.18-1W12	Q5630
005.SCG*LB4.CP--++8.N.-7.10-3.14-5W7	Q5631
005.SCG*LB1.CP-7++0.N.-9.6-3.10-3W11	Q5632
005.SCG*LB1.CP-6++8.N.--.1-1.2-2W3	Q5633
005.SCG*LB3.CP-4++6.N.-6.16-3.18-1W9	Q5634
005.SCG*LB1.CP-6++6.N.12.1-1.2-5W7	Q5635
005.SCG*LB1.CP-6++9.N.10.4-2.9-4W5	Q5636
005.SCG*LB3.CP-4++5.N.-1.1-1.6-3W10	Q5637
005.SCG*LB3.CP-4++3.N.-2.1-1.5-5W17	Q5638
005.SCG*LB2.CP-9++8.N.-9.20-4.22-1W10	Q5639
005.SCG*LB1.CP-5++7.N.-2.13-4.16-1W15	Q5640
005.SCG*LB2.CP-9++8.N.-2.12-5.15-6W6	Q5641
005.SCG*LB2.CP-9++8.N.10.33-5.36-1W19	Q5642
005.SCG*LB3.CP-4++6.N.-9.4-3.10-3W12	Q5643
005.SCG*LB1.CP-1++4.N.-2.5-6.7-2W7	Q5644
005.SCG*LB3.CP-4++8.N.-1.1-1.9-1W42	Q5645
005.SCG*LB1.CP-5++5.N.-3.3-4.5-4W9	Q5646
005.SCG*LB2.CP-5++0.N.-5.4-6.6-2W11	Q5647
005.SCG*LB2.CP-9++8.N.13.1-1.5-4W19	Q5648
005.SCG*LB1.CP-5++0.N.-6.5-5.8-1W16	Q5649
005.SCG*LB1.CP-7++1.N.11.12-4.17-6W28	Q5650
005.SCG*LB1.CP-7++0.N.-1.1-1.3-5W9	Q5651
005.SCG*LB3.CP-2++6.N.16.13-1.15-4W7	Q5652
005.SCG*LB4.CP--++8.N.-2.1-1.6-4W12	Q5653
005.SCG*LB3.CP-4++6.N.-7.7-1.9-1W3	Q5654
005.SCG*LB1.CP-6++8.N.-4.5-1.8-3W7	Q5655
005.SCG*LB3.CP-2++9.N.-5.3-2.4-6W1	Q5656
005.SCG*LB1.CP-5++6.N.-4.4-4.6-6W4	Q5657
005.SCG*LB1.CP-7++1.N.13.8-5.11-6W23	Q5658
005.SCG*LB1.CP--++5.N.-3.4-1.7-1W6	Q5659
005.SCG*LB1.CP-6++9.N.-5.1-2.2-5W9	Q5660
005.SCG*LB3.CP-5++6.N.-5.30-1.33-5W6	Q5661
005.SCG*LB1.CP-5++0.N.-3.8-1.9-6W1	Q5662
005.SCG*LB3.CP-5++6.N.-5.34-1.39-1W15	Q5663
005.SCG*LB1.CP-5++5.N.-7.7-6.8-6W5	Q5664
005.SCG*LB1.CP-7++1.N.--.1-1.1-4W3	Q5665
005.SCG*LB1.CP-6++5.N.-3.1-2.4-6W17	Q5666
005.SCG*LB1.CP-7++1.N.-3.2-6.3-6W10	Q5667
005.SCG*LB4.CP--++8.N.-9.75-3.78-4W15	Q5668
005.SCG*LB1.CP-4++8.N.-7.2-4.5-2W10	Q5669
005.SCG*LB1.CP-7++1.N.-6.1-2.5-2W3	Q5670
005.SCG*LB3.CP-3++9.N.-3.5-4.9-2W19	Q5671
005.SCG*LB1.CP-6++9.N.14.13-1.16-1W22	Q5672
005.SCG*LB2.CP10++0.N.-2.8-7.15-5W20	Q5673
005.SCG*LB1.CP-6++7.N.--.1-1.2-2W3	Q5674
005.SCG*LB1.CP-5++0.N.-7.7-1.11-6W4	Q5675
005.SCG*LB1.CP-6++6.N.10.3-2.5-4W3	Q5676
005.SCG*LB1.CP-6++8.N.-3.1-2.3-4W3	Q5677
005.SCG*LB2.CP-7++7.N.-2.18-1.21-5W26	Q5678
005.SCG*LB3.CP-5++6.N.-5.39-2.45-4W33	Q5679
005.SCG*LB1.CP10++2.N.-5.17-1.19-5W14	Q5680
005.SCG*LB3.CP-9++5.N.14.1-1.4-5W15	Q5681
005.SCG*LB1.CP-5++0.N.10.1-2.3-7W5	Q5682
005.SCG*LB1.CP-7++1.N.14.1-1.5-4W13	Q5683
005.SCG*LB3.CP-5++6.N.-5.25-2.27-2W9	Q5684
005.SCG*LB3.CP-5++0.N.-2.10-1.11-5W11	Q5685
005.SCG*LB3.CP-4++7.N.-6.12-3.19-5W49	Q5686
005.SCG*LB1.CP-7++1.N.-8.1-2.2-8W3	Q5687
005.SCG*LB1.CP-5++0.N.-2.19-4.20-4W3	Q5688
005.SCG*LB4.CP-1++7.N.-7.5-1.6-1W7	Q5689
005.SCG*LB1.CP-6++5.N.-4.1-2.3-5W6	Q5690
005.SCG*LB3.CP15++4.N.15.3-6.6-5W12	Q5691
005.SCG*LB1.CP-5++4.N.-2.14-2.15-5W3	Q5692
005.SCG*LB3.CP-4++9.N.-9.5-7.8-5W9	Q5693
005.SCG*LB2.CP-2++6.N.-3.14-1.17-2W9	Q5694
005.SCG*LB3.CP-4++9.N.-8.8-1.10-4W6	Q5695
005.SCG*LB4.CP-5++3.N.14.1-2.5-6W25	Q5696
005.SCG*LB1.CP-5++0.N.-2.11-4.13-4W4	Q5697
005.SCG*LB3.CP-4++8.N.-2.10-1.14-4W30	Q5698
005.SCG*LB1.CP-5++8.N.-2.1-1.2-2W4	Q5699
005.SCG*LB4.CP-1++7.N.19.12-4.12-6W2	Q5700
005.SCG*LB1.CP-6++9.N.-7.18-5.21-2W15	Q5701
005.SCG*LB3.CP-5++9.N.-7.20-2.21-6W3	Q5702
005.SCG*LB3.CP-1++6.N.-4.12-3.14-1W7	Q5703
005.SCG*LB1.CP-5++6.N.-2.1-1.4-4W11	Q5704
005.SCG*LB3.CP-5++9.N.-6.26-3.32-3W13	Q5705
005.SCG*LB1.CP-6++6.N.13.1-1.4-2W5	Q5706
005.SCG*LB1.CP-6++9.N.-5.10-4.12-1W9	Q5707
005.SCG*LB4.CP--++1.N.-3.1-1.7-1W11	Q5708
005.SCG*LB1.CP-4++9.N.-4.10-7.11-4W3	Q5709
005.SCG*LB1.CP-7++1.N.14.1-1.5-4W10	Q5710
005.SCG*LB2.CP-9++8.N.11.28-1.31-3W5	Q5711
005.SCG*LB1.CP-5++0.N.-5.10-7.13-5W4	Q5712
005.SCG*LB2.CP-6++6.N.-4.2-5.6-1W27	Q5713
005.SCG*LB2.CP-9++8.N.-7.5-5.7-3W3	Q5714
005.SCG*LB3.CP15++4.N.11.9-1.12-1W14	Q5715
005.SCG*LB3.CP-4++7.N.-6.11-1.12-2W9	Q5716
005.SCG*LB3.CP-4++4.N.-5.31-1.34-6W5	Q5717
005.SCG*LB1.CP-6++8.N.-3.1-2.3-4W13	Q5718
005.SCG*LB2.CP-9++9.N.-5.1-1.7-6W35	Q5719
005.SCG*LB1.CP-6++1.N.-5.7-1.8-4W10	Q5720
005.SCG*LB3.CP-6++0.N.-3.8-1.9-3W7	Q5721
005.SCG*LB2.CP-7++5.N.13.12-1.18-1W23	Q5722
005.SCG*LB1.CP-5++0.N.-2.8-3.11-3W8	Q5723
005.SCG*LB2.CP10++1.N.-2.11-1.14-4W21	Q5724
005.SCG*LB1.CP-6++8.N.-5.4-6.5-6W1	Q5725
005.SCG*LB3.CP-5++6.N.-2.1-1.4-3W8	Q5726
005.SCG*LB3.CP-4++8.N.14.6-1.7-3W8	Q5727
005.SCG*LB1.CP-1++4.N.-2.8-1.9-4W6	Q5728
005.SCG*LB4.CP--++1.N.12.1-1.5-1W20	Q5729
005.SCG*LB4.CP-5++5.N.-6.13-5.17-1W14	Q5730
005.SCG*LB1.CP--++9.N.-1.9-2.11-2W10	Q5731
005.SCG*LB3.CP-2++5.N.15.3-5.4-5W7	Q5732
005.SCG*LB1.CP-6++4.N.-1.8-1.9-4W4	Q5733
005.SCG*LB1.CP-1++1.N.-2.1-1.3-7W6	Q5734
005.SCG*LB1.CP-5++7.N.-3.6-3.9-1W3	Q5735
005.SCG*LB1.CP-6++9.N.11.9-2.12-3W13	Q5736
005.SCG*LB1.CP-6++6.N.-6.8-5.9-7W9	Q5737
005.SCG*LB2.CP10++1.N.-2.11-1.14-4W27	Q5738
005.SCG*LB3.CP-7++8.N.-5.9-3.11-1W6	Q5739
005.SCG*LB3.CP-4++2.N.-4.1-1.11-4W32	Q5740
005.SCG*LB1.CP-6++9.N.14.1-1.3-3W10	Q5741
005.SCG*LB3.CP-4++8.N.13.3-2.7-8W5	Q5742
005.SCG*LB1.CP-4++9.N.-4.1-2.4-3W7	Q5743
005.SCG*LB1.CP-7++1.N.15.1-1.5-7W32	Q5744
005.SCG*LB3.CP-5++6.N.-2.7-5.9-4W6	Q5745
005.SCG*LB3.CP-8++0.N.-2.12-2.16-5W24	Q5746
005.SCG*LB1.CP-7++9.N.-7.10-4.16-7W24	Q5747
005.SCG*LB1.CP-6++9.N.10.4-2.9-4W26	Q5748
005.SCG*LB1.CP-7++1.N.-3.4-1.6-2W4	Q5749
005.SCG*LB1.CP-6++5.N.-4.10-4.16-7W8	Q5750
005.SCG*LB1.CP-5++0.N.-2.13-5.14-5W5	Q5751
005.SCG*LB2.CP-9++8.N.-3.1-1.10-5W12	Q5752
005.SCG*LB2.CP-7++5.N.-7.11-5.13-2W10	Q5753
005.SCG*LB3.CP-4++6.N.-5.6-5.9-6W8	Q5754
005.SCG*LB2.CP-6++8.N.-7.5-3.7-3W12	Q5755
005.SCG*LB3.CP-4++7.N.-4.21-1.23-2W10	Q5756
005.SCG*LB1.CP-7++0.N.-5.5-2.10-1W7	Q5757
005.SCG*LB1.CP-5++5.N.-3.3-4.5-4W5	Q5758
005.SCG*LB1.CP-3++1.N.-3.3-3.6-1W5	Q5759
005.SCG*LB2.CP-5++9.N.-5.2-6.5-3W15	Q5760
005.SCG*LB3.CP-4++1.N.-1.17-5.21-4W8	Q5761
005.SCG*LB1.CP-7++0.N.-4.6-1.8-1W4	Q5762
005.SCG*LB2.CP10++0.N.-4.7-2.8-5W5	Q5763
005.SCG*LB3.CP12++3.N.-5.7-3.11-1W29	Q5764
005.SCG*LB3.CP12++3.N.-7.9-6.14-1W26	Q5765
005.SCG*LB3.CP-4++1.N.-1.11-4.17-4W24	Q5766
005.SCG*LB2.CP-9++8.N.-4.18-4.23-2W1	Q5767
005.SCG*LB1.CP-5++0.N.-2.7-3.8-2W1	Q5768
005.SCG*LB3.CP-1++6.N.-4.1-2.5-2W20	Q5769
005.SCG*LB1.CP-6++4.N.-1.10-1.11-3W4	Q5770
005.SCG*LB3.CP-5++6.N.-3.7-4.9-6W3	Q5771
005.SCG*LB3.CP-6++4.N.-5.1-2.6-4W15	Q5772
005.SCG*LB1.CP-1++0.N.-2.3-1.5-3W13	Q5773
005.SCG*LB1.CP-6++7.N.-5.3-5.6-4W19	Q5774
005.SCG*LB2.CP-2++4.N.-4.8-4.12-1W1	Q5775
005.SCG*LB1.CP-5++7.N.-6.1-2.3-6W4	Q5776
005.SCG*LB3.CP-7++5.N.-3.1-2.4-7W14	Q5777
005.SCG*LB2.CP-9++9.N.--.1-1.2-2W4	Q5778
005.SCG*LB1.CP-6++8.N.-3.13-5.15-1W1	Q5779
005.SCG*LB2.CP10++1.N.-3.1-1.4-3W15	Q5780
005.SCG*LB1.CP-4++9.N.-4.6-4.7-5W5	Q5781
005.SCG*LB1.CP10++2.N.-5.20-1.21-7W14	Q5782
005.SCG*LB3.CP-4++9.N.10.1-2.6-3W27	Q5783
005.SCG*LB1.CP-6++8.N.-2.1-1.4-1W7	Q5784
005.SCG*LB1.CP-1++1.N.-5.2-1.3-4W6	Q5785
005.SCG*LB3.CP11++1.N.-1.16-1.19-4W20	Q5786
005.SCG*LB1.CP-7++1.N.-2.1-1.2-1W3	Q5787
005.SCG*LB1.CP-6++7.N.-4.4-1.7-3W5	Q5788
005.SCG*LB1.CP-6++1.N.-3.3-6.6-5W11	Q5789
005.SCG*LB1.CP--++6.N.-7.11-1.13-5W16	Q5790
005.SCG*LB3.CP12++3.N.-8.12-5.14-4W11	Q5791
005.SCG*LB3.CP-3++9.N.-4.7-4.11-2W13	Q5792
005.SCG*LB1.CP-5++7.N.10.7-2.8-3W6	Q5793
005.SCG*LB3.CP-5++6.N.-7.1-1.3-7W11	Q5794
005.SCG*LB1.CP-1++0.N.-5.1-2.2-4W8	Q5795
005.SCG*LB1.CP-5++7.N.-9.11-3.14-3W13	Q5796
005.SCG*LB1.CP-5++6.N.-4.1-2.4-3W5	Q5797
005.SCG*LB1.CP-6++8.N.-6.7-7.13-4W37	Q5798
005.SCG*LB1.CP-6++5.N.-3.1-2.4-6W13	Q5799
005.SCG*LB1.CP-6++6.N.15.1-1.9-4W20	Q5800
005.SCG*LB1.CP-9++4.N.-3.1-2.6-7W16	Q5801
005.SCG*LB1.CP-3++5.N.-2.1-1.6-4W33	Q5802
005.SCG*LB2.CP10++1.N.--.1-1.3-1W6	Q5803
005.SCG*LB3.CP-7++8.N.-5.11-2.14-3W9	Q5804
005.SCG*LB1.CP-6++5.N.-4.1-2.3-5W14	Q5805
005.SCG*LB1.CP-6++9.N.-7.1-2.4-4W7	Q5806
005.SCG*LB1.CP-6++5.N.-6.7-1.9-3W13	Q5807
005.SCG*LB1.CP-6++8.N.-1.1-1.3-2W11	Q5808
005.SCG*LB1.CP-9++4.N.-2.1-1.8-7W28	Q5809
005.SCG*LB3.CP-4++6.N.-3.1-2.4-4W20	Q5810
005.SCG*LB3.CP-2++6.N.21.1-1.3-1W9	Q5811
005.SCG*LB1.CP-6++1.N.-8.2-6.4-3W5	Q5812
005.SCG*LB1.CP-6++6.N.-4.1-2.4-2W2	Q5813
005.SCG*LB1.CP-4++9.N.-4.1-2.4-3W2	Q5814
005.SCG*LB3.CP-1++6.N.-4.1-2.5-2W8	Q5815
005.SCG*LB3.CP-5++6.N.-7.9-5.13-3W5	Q5816
005.SCG*LB3.CP-4++9.N.-3.28-1.30-2W4	Q5817
005.SCG*LB3.CP-1++6.N.-4.5-3.7-5W4	Q5818
005.SCG*LB2.CP10++0.N.-5.1-2.5-6W24	Q5819
005.SCG*LB3.CP-2++9.N.-5.3-2.4-6W12	Q5820
005.SCG*LB4.CP--++7.N.15.9-3.13-1W17	Q5821
005.SCG*LB3.CP15++4.N.-7.1-1.3-5W5	Q5822
005.SCG*LB3.CP-4++9.N.--.1-1.3-6W12	Q5823
005.SCG*LB2.CP-9++8.N.-3.1-1.10-5W9	Q5824
005.SCG*LB1.CP-5++0.N.-5.9-3.10-6W5	Q5825
005.SCG*LB1.CP-7++0.N.--.1-1.1-4W4	Q5826
005.SCG*LB3.CP10++8.N.-2.14-1.14-4W3	Q5827
005.SCG*LB1.CP-9++4.N.-2.1-1.8-7W26	Q5828
005.SCG*LB3.CP-5++6.N.-6.5-3.9-3W17	Q5829
005.SCG*LB2.CP-9++8.N.-4.18-4.23-2W10	Q5830
005.SCG*LB1.CP-6++3.N.-6.3-3.6-7W6	Q5831
005.SCG*LB4.CP--++1.N.-6.1-1.6-3W23	Q5832
005.SCG*LB3.CP-3++9.N.-5.3-3.6-1W7	Q5833
005.SCG*LB1.CP-1++1.N.-6.2-3.5-4W14	Q5834
005.SCG*LB2.CP-9++9.N.-1.1-1.4-3W10	Q5835
005.SCG*LB1.CP-5++4.N.-2.10-5.14-1W6	Q5836
005.SCG*LB1.CP-5++0.N.-5.4-4.6-1W3	Q5837
005.SCG*LB1.CP-6++4.N.-1.12-1.12-5W4	Q5838
005.SCG*LB1.CP-6++8.N.-4.5-1.8-3W4	Q5839
005.SCG*LB3.CP-8++0.N.-2.24-1.32-1W40	Q5840
005.SCG*LB3.CP-5++9.N.-1.12-5.14-2W6	Q5841
005.SCG*LB3.CP-4++7.N.-4.21-1.23-2W16	Q5842
005.SCG*LB1.CP-6++5.N.-8.4-1.7-1W11	Q5843
005.SCG*LB4.CP-1++1.N.15.6-3.12-1W11	Q5844
005.SCG*LB3.CP10++8.N.-4.13-4.16-4W4	Q5845
005.SCG*LB3.CP-4++6.N.-3.1-2.4-4W5	Q5846
005.SCG*LB3.CP-9++2.N.-2.34-1.38-4W26	Q5847
005.SCG*LB4.CP-9++5.N.-2.3-4.4-4W5	Q5848
005.SCG*LB3.CP-4++1.N.-7.14-1.15-4W1	Q5849
005.SCG*LB1.CP-5++0.N.-8.3-3.3-7W3	Q5850
005.SCG*LB1.CP-5++8.N.-9.9-2.12-1W6	Q5851
005.SCG*LB2.CP-9++8.N.11.8-3.12-3W1	Q5852
005.SCG*LB3.CP11++3.N.-4.2-5.5-3W9	Q5853
005.SCG*LB1.CP-7++1.N.-8.1-2.2-8W10	Q5854
005.SCG*LB1.CP-7++1.N.13.1-1.3-6W19	Q5855
005.SCG*LB3.CP-8++4.N.10.14-1.18-5W25	Q5856
005.SCG*LB1.CP-3++6.N.-2.5-5.8-4W19	Q5857
005.SCG*LB1.CP-6++5.N.-9.11-2.12-6W9	Q5858
005.SCG*LB4.CP-5++5.N.-6.33-1.36-4W15	Q5859
005.SCG*LB4.CP-2++1.N.-2.14-3.16-4W7	Q5860
005.SCG*LB1.CP-7++0.N.-3.15-5.19-1W7	Q5861
005.SCG*LB1.CP-5++6.N.-5.5-3.8-4W6	Q5862
005.SCG*LB3.CP-4++1.N.-1.11-4.17-4W28	Q5863
005.SCG*LB3.CP-5++0.N.-4.11-3.13-6W3	Q5864
005.SCG*LB1.CP-6++5.N.-8.14-1.17-1W5	Q5865
005.SCG*LB3.CP-2++9.N.-4.4-3.6-4W16	Q5866
005.SCG*LB3.CP-4++6.N.-6.2-3.7-4W31	Q5867
005.SCG*LB3.CP-7++1.N.-8.6-6.11-7W27	Q5868
005.SCG*LB2.CP-9++8.N.-2.7-2.9-3W3	Q5869
005.SCG*LB2.CP-5++5.N.13.30-3.35-6W21	Q5870
005.SCG*LB3.CP-4++8.N.14.7-4.9-6W23	Q5871
005.SCG*LB3.CP-4++3.N.-9.1-2.5-4W5	Q5872
005.SCG*LB1.CP-7++1.N.-7.10-6.11-5W3	Q5873
005.SCG*LB1.CP-1++0.N.-2.1-1.2-5W12	Q5874
005.SCG*LB1.CP-7++1.N.11.8-4.12-3W4	Q5875
005.SCG*LB3.CP-6++2.N.-4.9-3.11-5W13	Q5876
005.SCG*LB3.CP-5++6.N.-5.13-1.22-4W7	Q5877
005.SCG*LB3.CP-6++4.N.-5.6-5.11-3W7	Q5878
005.SCG*LB3.CP-4++1.N.-1.21-5.25-1W21	Q5879
005.SCG*LB1.CP-7++9.N.-7.17-1.21-4W10	Q5880
005.SCG*LB1.CP10++2.N.-9.16-1.17-4W9	Q5881
005.SCG*LB1.CP-7++1.N.-6.1-2.5-2W24	Q5882
005.SCG*LB3.CP-5++9.N.-4.10-4.13-1W9	Q5883
005.SCG*LB3.CP-4++9.N.-3.28-1.30-2W11	Q5884
005.SCG*LB2.CP-9++8.N.12.6-2.7-3W5	Q5885
005.SCG*LB1.CP-7++0.N.-4.8-2.11-2W7	Q5886
005.SCG*LB3.CP15++4.N.11.5-1.8-5W2	Q5887
005.SCG*LB1.CP-5++0.N.-7.7-1.11-6W30	Q5888
005.SCG*LB1.CP-6++5.N.10.1-2.5-3W17	Q5889
005.SCG*LB3.CP-4++9.N.10.11-3.15-2W5	Q5890
005.SCG*LB1.CP-6++9.N.14.13-1.16-1W16	Q5891
005.SCG*LB1.CP-6++1.N.-5.4-1.6-6W5	Q5892
005.SCG*LB1.CP-5++0.N.-2.16-6.19-3W2	Q5893
005.SCG*LB3.CP11++8.N.-4.10-4.12-4W9	Q5894
005.SCG*LB1.CP-6++8.N.-6.5-4.7-6W7	Q5895
005.SCG*LB3.CP-4++6.N.-4.15-1.16-3W6	Q5896
005.SCG*LB2.CP10++1.N.-2.14-5.18-5W11	Q5897
005.SCG*LB3.CP15++4.N.10.1-1.5-7W20	Q5898
005.SCG*LB3.CP-5++9.N.-4.7-1.10-3W12	Q5899
005.SCG*LB1.CP-5++8.N.-9.9-2.12-1W8	Q5900
005.SCG*LB1.CP-7++6.N.-4.12-1.14-6W4	Q5901
005.SCG*LB3.CP-4++6.N.-8.1-1.3-7W17	Q5902
005.SCG*LB3.CP-2++5.N.12.1-2.2-5W3	Q5903
005.SCG*LB1.CP-6++8.N.-8.7-7.11-1W25	Q5904
005.SCG*LB3.CP-4++0.N.-1.1-1.4-2W22	Q5905
005.SCG*LB3.CP-5++9.N.-7.12-2.12-6W6	Q5906
005.SCG*LB4.CP-1++2.N.-3.3-1.7-5W4	Q5907
005.SCG*LB2.CP10++0.N.-5.10-4.13-1W8	Q5908
005.SCG*LB2.CP-7++7.N.-2.21-6.23-3W9	Q5909
005.SCG*LB1.CP--++3.N.-4.5-6.8-2W17	Q5910
005.SCG*LB1.CP-4++4.N.-7.9-5.12-7W13	Q5911
005.SCG*LB3.CP--++3.N.-7.3-2.7-4W23	Q5912
005.SCG*LB3.CP-4++1.N.-2.1-1.6-4W29	Q5913
005.SCG*LB2.CP-2++3.N.-5.12-2.14-5W13	Q5914
005.SCG*LB3.CP-4++9.N.-2.1-1.3-5W15	Q5915
005.SCG*LB3.CP-4++9.N.-8.1-1.6-2W1	Q5916
005.SCG*LB3.CP-5++6.N.-5.7-6.9-5W7	Q5917
005.SCG*LB1.CP-6++6.N.--.1-1.2-3W3	Q5918
005.SCG*LB3.CP12++4.N.-2.2-2.4-4W12	Q5919
005.SCG*LB1.CP-6++8.N.-3.1-2.3-4W7	Q5920
005.SCG*LB2.CP--++1.N.-2.1-1.2-7W11	Q5921
005.SCG*LB3.CP-2++5.N.12.3-1.4-2W4	Q5922
005.SCG*LB3.CP11++8.N.-4.7-2.10-3W14	Q5923
005.SCG*LB1.CP-6++3.N.-7.6-2.8-2W12	Q5924
005.SCG*LB3.CP-4++8.N.-1.9-2.14-6W35	Q5925
005.SCG*LB2.CP-7++6.N.-9.24-1.27-6W23	Q5926
005.SCG*LB3.CP11++8.N.-4.19-5.21-3W5	Q5927
005.SCG*LB3.CP-4++7.N.-6.12-3.19-5W38	Q5928
005.SCG*LB1.CP-6++7.N.10.1-1.5-4W7	Q5929
005.SCG*LB1.CP-6++9.N.-2.1-1.3-1W10	Q5930
005.SCG*LB3.CP-5++6.N.-2.9-5.13-7W9	Q5931
005.SCG*LB3.CP-4++9.N.12.4-4.8-4W14	Q5932
005.SCG*LB1.CP--++3.N.-5.26-6.30-6W8	Q5933
005.SCG*LB3.CP-2++9.N.-4.1-2.2-2W1	Q5934
005.SCG*LB2.CP-9++8.N.-7.1-1.5-4W10	Q5935
005.SCG*LB2.CP-8++3.N.25.3-3.9-2W25	Q5936
005.SCG*LB4.CP-1++7.N.-9.9-4.11-4W10	Q5937
005.SCG*LB1.CP-5++5.N.-4.1-2.2-5W4	Q5938
005.SCG*LB2.CP-5++0.N.-7.4-1.7-3W24	Q5939
005.SCG*LB2.CP-9++9.N.-4.19-2.23-1W4	Q5940
005.SCG*LB1.CP-5++0.N.-8.4-1.5-4W2	Q5941
005.SCG*LB3.CP-4++8.N.14.10-1.12-1W16	Q5942
005.SCG*LB3.CP-2++9.N.-5.5-5.7-4W12	Q5943
005.SCG*LB1.CP-6++7.N.10.1-1.5-4W18	Q5944
005.SCG*LB2.CP10++1.N.-2.18-6.20-2W10	Q5945
005.SCG*LB1.CP-7++1.N.13.12-1.15-6W6	Q5946
005.SCG*LB3.CP-7++5.N.12.8-6.10-4W8	Q5947
005.SCG*LB3.CP-2++5.N.-2.5-2.9-6W22	Q5948
005.SCG*LB1.CP-7++1.N.-8.9-3.10-3W5	Q5949
005.SCG*LB1.CP-5++9.N.-2.6-4.12-7W30	Q5950
005.SCG*LB1.CP-6++7.N.-7.3-6.7-4W14	Q5951
005.SCG*LB3.CP-5++0.N.-3.8-3.12-7W7	Q5952
005.SCG*LB2.CP10++0.N.-1.1-1.9-5W34	Q5953
005.SCG*LB3.CP11++2.N.-3.12-5.17-1W21	Q5954
005.SCG*LB2.CP10++0.N.-3.15-5.18-3W9	Q5955
005.SCG*LB4.CP-2++3.N.-5.3-3.5-4W16	Q5956
005.SCG*LB2.CP-5++5.N.13.40-1.42-2W7	Q5957
005.SCG*LB4.CP--++6.N.-3.2-4.3-6W7	Q5958
005.SCG*LB3.CP--++2.N.-2.8-1.9-7W14	Q5959
005.SCG*LB2.CP-8++3.N.27.1-2.6-1W33	Q5960
005.SCG*LB1.CP-6++7.N.-9.9-3.14-7W34	Q5961
005.SCG*LB3.CP-5++6.N.-5.7-6.9-5W9	Q5962
005.SCG*LB2.CP10++0.N.-4.20-1.23-1W14	Q5963
005.SCG*LB1.CP-6++8.N.-4.5-1.8-3W18	Q5964
005.SCG*LB4.CP--++1.N.-6.20-1.25-4W36	Q5965
005.SCG*LB2.CP-9++8.N.-2.1-1.3-1W6	Q5966
005.SCG*LB1.CP-7++6.N.-4.5-2.8-6W10	Q5967
005.SCG*LB1.CP-6++9.N.12.7-1.10-4W8	Q5968
005.SCG*LB3.CP-2++5.N.12.4-3.6-6W4	Q5969
005.SCG*LB1.CP-7++1.N.-5.12-2.12-4W1	Q5970
005.SCG*LB1.CP-7++1.N.-7.3-3.7-2W15	Q5971
005.SCG*LB1.CP-6++9.N.-8.8-1.9-2W12	Q5972
005.SCG*LB1.CP-6++9.N.-7.18-5.21-2W6	Q5973
005.SCG*LB1.CP-6++3.N.-8.2-4.8-3W32	Q5974
005.SCG*LB3.CP-4++3.N.-7.10-3.16-5W31	Q5975
005.SCG*LB1.CP-6++6.N.-5.1-2.4-5W8	Q5976
005.SCG*LB1.CP-6++5.N.-5.1-2.3-1W11	Q5977
005.SCG*LB1.CP-6++8.N.-2.1-1.4-1W14	Q5978
005.SCG*LB1.CP-7++9.N.-7.17-1.21-4W23	Q5979
005.SCG*LB3.CP10++8.N.-5.10-3.13-4W16	Q5980
005.SCG*LB1.CP-6++1.N.-3.1-2.3-5W5	Q5981
005.SCG*LB3.CP-5++9.N.-1.8-2.11-1W7	Q5982
005.SCG*LB3.CP-4++6.N.-4.10-1.11-8W14	Q5983
005.SCG*LB1.CP-7++1.N.12.4-2.8-2W3	Q5984
005.SCG*LB1.CP-7++0.N.-6.13-5.15-6W13	Q5985
005.SCG*LB3.CP-6++1.N.-6.2-3.3-4W7	Q5986
005.SCG*LB1.CP-7++1.N.15.1-1.5-7W10	Q5987
005.SCG*LB3.CP-4++6.N.-5.13-1.14-3W6	Q5988
005.SCG*LB1.CP-5++0.N.-1.8-4.9-5W3	Q5989
005.SCG*LB1.CP-5++4.N.-2.10-5.14-1W9	Q5990
005.SCG*LB1.CP-4++9.N.-1.1-1.3-5W6	Q5991
005.SCG*LB1.CP-6++9.N.14.16-2.17-5W4	Q5992
005.SCG*LB1.CP-7++6.N.-3.1-2.3-4W3	Q5993
005.SCG*LB1.CP--++8.N.-1.12-1.18-6W5	Q5994
005.SCG*LB3.CP-5++6.N.-3.1-2.4-4W9	Q5995
005.SCG*LB1.CP-5++6.N.-5.1-2.2-7W4	Q5996
005.SCG*LB4.CP--++1.N.11.19-1.22-3W15	Q5997
005.SCG*LB1.CP-6++6.N.-4.11-9.15-8W10	Q5998
005.SCG*LB4.CP-1++2.N.-3.1-1.2-7W13	Q5999
005.SCG*LB1.CP-5++0.N.-4.22-2.23-1W3	Q6000
005.SCG*LB3.CP10++8.N.-5.20-4.23-2W5	Q6001
005.SCG*LB1.CP-5++0.N.-8.1-2.3-2W6	Q6002
005.SCG*LB1.CP-7++0.N.-5.2-5.5-1W9	Q6003
005.SCG*LB1.CP-7++1.N.14.13-2.17-1W7	Q6004
005.SCG*LB1.CP-6++3.N.-6.3-3.6-7W4	Q6005
005.SCG*LB1.CP-1++4.N.-3.21-6.23-4W8	Q6006
005.SCG*LB1.CP--++4.N.-3.7-4.10-4W17	Q6007
005.SCG*LB2.CP-6++6.N.-4.6-2.8-2W3	Q6008
005.SCG*LB1.CP-5++0.N.10.4-1.7-6W9	Q6009
005.SCG*LB2.CP-9++8.N.10.3-2.9-1W32	Q6010
005.SCG*LB3.CP-5++6.N.-7.4-1.6-2W17	Q6011
005.SCG*LB1.CP-6++9.N.15.9-1.9-5W5	Q6012
005.SCG*LB4.CP--++8.N.-9.67-1.72-1W34	Q6013
005.SCG*LB1.CP-5++0.N.10.4-1.7-6W28	Q6014
005.SCG*LB3.CP-4++6.N.-2.2-8.4-7W8	Q6015
005.SCG*LB3.CP-4++7.N.-8.10-1.12-2W6	Q6016
005.SCG*LB1.CP-6++3.N.-8.2-4.8-3W8	Q6017
005.SCG*LB2.CP10++1.N.-2.18-6.20-2W7	Q6018
005.SCG*LB1.CP-7++1.N.-6.10-4.11-2W5	Q6019
005.SCG*LB1.CP-5++0.N.10.4-1.7-6W23	Q6020
005.SCG*LB1.CP-6++8.N.-8.7-7.11-1W22	Q6021
005.SCG*LB4.CP--++7.N.21.6-7.8-5W7	Q6022
005.SCG*LB3.CP15++4.N.-4.5-2.9-1W14	Q6023
005.SCG*LB4.CP--++1.N.-6.20-1.25-4W8	Q6024
005.SCG*LB1.CP-6++6.N.15.1-1.9-4W29	Q6025
005.SCG*LB1.CP-5++0.N.-7.1-2.5-4W8	Q6026
005.SCG*LB1.CP-7++0.N.-9.3-1.6-2W20	Q6027
005.SCG*LB3.CP-2++9.N.-5.1-2.2-3W1	Q6028
005.SCG*LB3.CP-5++5.N.-2.19-1.21-3W7	Q6029
005.SCG*LB1.CP-6++5.N.-4.10-4.16-7W5	Q6030
005.SCG*LB4.CP--++1.N.-6.26-1.29-2W6	Q6031
005.SCG*LB1.CP-7++1.N.-5.9-2.9-5W1	Q6032
005.SCG*LB1.CP-6++3.N.-5.2-5.4-4W13	Q6033
005.SCG*LB3.CP-5++6.N.-2.4-4.7-4W9	Q6034
005.SCG*LB4.CP-7++0.N.-8.4-6.6-3W17	Q6035
005.SCG*LB4.CP-2++3.N.-6.16-1.18-5W22	Q6036
005.SCG*LB2.CP-9++8.N.-7.7-4.10-2W9	Q6037
005.SCG*LB1.CP-7++9.N.-6.1-1.8-4W45	Q6038
005.SCG*LB2.CP-7++5.N.13.12-1.18-1W37	Q6039
005.SCG*LB4.CP--++1.N.-6.29-3.32-5W13	Q6040
005.SCG*LB1.CP-7++1.N.14.10-5.13-1W10	Q6041
005.SCG*LB1.CP-6++5.N.-4.17-1.18-1W7	Q6042
005.SCG*LB3.CP-4++6.N.-5.6-5.9-6W25	Q6043
005.SCG*LB1.CP-3++3.N.-7.1-1.7-4W11	Q6044
005.SCG*LB3.CP-4++7.N.-4.25-1.27-3W21	Q6045
005.SCG*LB2.CP-7++5.N.12.5-2.7-5W14	Q6046
005.SCG*LB1.CP-6++9.N.11.5-1.9-1W1	Q6047
005.SCG*LB3.CP-4++4.N.-3.17-5.24-5W46	Q6048
005.SCG*LB2.CP-4++6.N.-6.16-1.17-2W1	Q6049
005.SCG*LB1.CP-5++0.N.-2.16-6.19-3W4	Q6050
005.SCG*LB1.CP-6++5.N.-5.9-4.12-1W15	Q6051
005.SCG*LB1.CP-3++0.N.-3.7-6.12-5W7	Q6052
005.SCG*LB1.CP-6++9.N.-4.1-2.5-2W21	Q6053
005.SCG*LB2.CP-7++5.N.-7.21-5.23-5W15	Q6054
005.SCG*LB3.CP-4++9.N.-9.8-6.12-5W27	Q6055
005.SCG*LB1.CP-5++6.N.-2.1-1.4-4W20	Q6056
005.SCG*LB1.CP-7++7.N.-5.1-2.7-5W18	Q6057
005.SCG*LB1.CP-7++1.N.14.10-5.13-1W16	Q6058
005.SCG*LB1.CP--++3.N.-4.25-1.28-5W11	Q6059
005.SCG*LB3.CP-4++1.N.-1.3-1.8-2W12	Q6060
005.SCG*LB1.CP-6++9.N.-3.3-2.6-2W5	Q6061
005.SCG*LB1.CP-4++9.N.-1.1-1.3-5W18	Q6062
005.SCG*LB1.CP-7++1.N.13.12-1.15-6W22	Q6063
005.SCG*LB3.CP-4++9.N.11.3-4.10-5W15	Q6064
005.SCG*LB1.CP-6++9.N.12.7-1.10-4W28	Q6065
005.SCG*LB3.CP-2++5.N.11.10-3.12-2W5	Q6066
005.SCG*LB3.CP-4++8.N.14.4-5.5-8W11	Q6067
005.SCG*LB2.CP-5++9.N.-6.5-2.9-2W13	Q6068
005.SCG*LB1.CP-5++0.N.-8.1-2.3-2W2	Q6069
005.SCG*LB3.CP-4++6.N.-8.5-4.6-7W11	Q6070
005.SCG*LB3.CP-5++0.N.-8.1-1.5-6W17	Q6071
005.SCG*LB1.CP-6++3.N.-2.13-6.15-2W9	Q6072
005.SCG*LB1.CP-5++5.N.-6.9-4.11-1W9	Q6073
005.SCG*LB3.CP-5++6.N.-1.1-1.4-4W22	Q6074
005.SCG*LB3.CP12++4.N.-2.7-4.9-1W11	Q6075
005.SCG*LB1.CP--++3.N.-7.11-5.11-7W3	Q6076
005.SCG*LB1.CP-7++0.N.-4.6-1.8-1W11	Q6077
005.SCG*LB3.CP-6++0.N.-4.1-2.3-4W8	Q6078
005.SCG*LB1.CP-3++1.N.-3.6-2.9-5W12	Q6079
005.SCG*LB3.CP-8++5.N.20.7-1.11-6W7	Q6080
005.SCG*LB3.CP11++8.N.-4.3-3.5-3W13	Q6081
005.SCG*LB3.CP-4++1.N.-7.14-1.15-4W8	Q6082
005.SCG*LB2.CP-6++6.N.-5.5-4.6-5W3	Q6083
005.SCG*LB2.CP-9++8.N.11.3-5.8-2W24	Q6084
005.SCG*LB3.CP-5++6.N.-5.13-1.22-4W24	Q6085
005.SCG*LB1.CP-6++5.N.-8.9-2.11-3W9	Q6086
005.SCG*LB1.CP-6++9.N.11.5-1.9-1W11	Q6087
005.SCG*LB2.CP-8++2.N.13.12-3.14-1W12	Q6088
005.SCG*LB1.CP-5++0.N.-6.5-5.8-1W8	Q6089
005.SCG*LB3.CP-4++6.N.-2.4-8.6-1W10	Q6090
005.SCG*LB1.CP-6++6.N.15.1-1.9-4W17	Q6091
005.SCG*LB1.CP-4++9.N.-4.6-4.7-5W7	Q6092
005.SCG*LB3.CP-4++8.N.-1.1-1.9-1W17	Q6093
005.SCG*LB3.CP-7++6.N.-3.9-4.11-5W8	Q6094
005.SCG*LB3.CP-5++0.N.-2.10-1.11-5W6	Q6095
005.SCG*LB1.CP-5++0.N.-6.5-5.8-1W5	Q6096
005.SCG*LB3.CP-5++0.N.-3.4-4.8-2W22	Q6097
005.SCG*LB2.CP-8++3.N.29.17-1.20-5W8	Q6098
005.SCG*LB1.CP-9++1.N.-8.8-7.10-6W6	Q6099
005.SCG*LB3.CP-4++6.N.-5.3-3.6-4W19	Q6100
005.SCG*LB1.CP-7++6.N.-4.1-2.5-1W16	Q6101
005.SCG*LB3.CP-8++0.N.-4.13-2.15-1W16	Q6102
005.SCG*LB4.CP--++8.N.-9.78-5.80-1W2	Q6103
005.SCG*LB1.CP-9++4.N.-2.1-1.8-7W22	Q6104
005.SCG*LB2.CP-7++5.N.-8.7-6.8-6W10	Q6105
005.SCG*LB3.CP-5++0.N.-3.1-2.2-5W7	Q6106
005.SCG*LB3.CP-4++6.N.-6.7-5.9-6W9	Q6107
005.SCG*LB3.CP-4++1.N.-2.1-1.6-4W15	Q6108
005.SCG*LB3.CP-4++0.N.-4.11-1.13-1W6	Q6109
005.SCG*LB2.CP-6++0.N.-5.8-5.10-4W12	Q6110
005.SCG*LB2.CP-5++9.N.11.1-2.4-4W2	Q6111
005.SCG*LB1.CP-4++8.N.-2.1-1.3-1W12	Q6112
005.SCG*LB1.CP-6++6.N.-5.6-4.10-2W7	Q6113
005.SCG*LB1.CP-7++1.N.-5.1-2.3-1W2	Q6114
005.SCG*LB2.CP-9++8.N.-2.10-8.12-4W7	Q6115
005.SCG*LB1.CP-3++4.N.-2.18-1.26-5W56	Q6116
005.SCG*LB3.CP-2++5.N.11.13-3.14-2W6	Q6117
005.SCG*LB2.CP-6++6.N.-5.1-2.2-3W4	Q6118
005.SCG*LB2.CP-9++8.N.-4.18-4.23-2W16	Q6119
005.SCG*LB1.CP-6++7.N.-9.9-3.14-7W16	Q6120
005.SCG*LB1.CP-7++1.N.-4.2-1.3-4W10	Q6121
005.SCG*LB1.CP-6++9.N.-3.3-2.6-2W8	Q6122
005.SCG*LB3.CP-2++6.N.-1.1-1.11-4W45	Q6123
005.SCG*LB1.CP-6++5.N.-4.10-4.16-7W13	Q6124
005.SCG*LB3.CP-2++5.N.14.6-3.8-2W10	Q6125
005.SCG*LB2.CP-9++8.N.11.8-3.12-3W21	Q6126
005.SCG*LB1.CP-6++5.N.--.1-1.1-4W4	Q6127
005.SCG*LB3.CP-5++6.N.-2.4-4.7-4W15	Q6128
005.SCG*LB3.CP-2++5.N.-3.11-4.15-5W13	Q6129
005.SCG*LB3.CP-5++9.N.-7.5-1.6-5W4	Q6130
005.SCG*LB2.CP-9++8.N.-8.1-1.9-2W42	Q6131
005.SCG*LB3.CP-5++6.N.-4.8-3.10-4W6	Q6132
005.SCG*LB1.CP-7++1.N.12.1-1.4-1W13	Q6133
005.SCG*LB3.CP-5++9.N.-4.13-2.14-4W9	Q6134
005.SCG*LB3.CP-5++0.N.-2.6-4.9-4W12	Q6135
005.SCG*LB1.CP-1++1.N.-4.6-5.9-3W12	Q6136
005.SCG*LB1.CP-6++3.N.-6.9-2.10-3W7	Q6137
005.SCG*LB1.CP-7++0.N.-2.14-7.17-1W14	Q6138
005.SCG*LB1.CP-6++5.N.-4.10-4.16-7W25	Q6139
005.SCG*LB1.CP-6++8.N.-6.1-2.5-3W4	Q6140
005.SCG*LB3.CP-4++9.N.11.12-3.17-3W32	Q6141
005.SCG*LB2.CP-8++3.N.29.12-1.14-1W5	Q6142
005.SCG*LB1.CP-6++9.N.-4.7-5.11-6W1	Q6143
005.SCG*LB1.CP-5++8.N.-2.1-1.2-2W1	Q6144
005.SCG*LB1.CP-6++5.N.-9.13-1.18-3W35	Q6145
005.SCG*LB1.CP-5++0.N.-5.10-7.13-5W7	Q6146
005.SCG*LB2.CP-9++0.N.-8.4-2.7-5W10	Q6147
005.SCG*LB3.CP-7++6.N.-5.13-7.14-3W5	Q6148
005.SCG*LB2.CP-6++8.N.11.1-1.4-2W19	Q6149
005.SCG*LB3.CP-4++9.N.-3.1-1.2-2W5	Q6150
005.SCG*LB2.CP--++2.N.-2.18-3.20-3W10	Q6151
005.SCG*LB3.CP-8++0.N.-9.14-5.21-5W27	Q6152
005.SCG*LB3.CP-4++8.N.-1.9-2.14-6W16	Q6153
005.SCG*LB3.CP-5++0.N.-3.4-4.8-2W15	Q6154
005.SCG*LB3.CP-5++6.N.-1.1-1.4-4W17	Q6155
005.SCG*LB4.CP-1++1.N.15.6-3.12-1W13	Q6156
005.SCG*LB3.CP-5++5.N.-2.19-1.21-3W9	Q6157
005.SCG*LB2.CP-6++6.N.-3.2-3.5-1W1	Q6158
005.SCG*LB2.CP-6++2.N.-7.14-6.17-1W15	Q6159
005.SCG*LB2.CP10++0.N.-1.1-1.9-5W24	Q6160
005.SCG*LB1.CP-6++8.N.-3.4-1.6-1W8	Q6161
005.SCG*LB1.CP-6++8.N.-5.1-2.4-5W4	Q6162
005.SCG*LB2.CP-8++3.N.29.17-1.20-5W18	Q6163
005.SCG*LB1.CP-5++8.N.-8.5-1.7-3W14	Q6164
005.SCG*LB3.CP-5++0.N.-5.9-6.16-1W10	Q6165
005.SCG*LB1.CP-5++6.N.-2.1-1.4-4W16	Q6166
005.SCG*LB3.CP11++3.N.-5.1-2.4-4W18	Q6167
005.SCG*LB1.CP-6++9.N.14.9-1.10-5W11	Q6168
005.SCG*LB1.CP-7++1.N.-9.8-6.9-6W7	Q6169
005.SCG*LB1.CP-4++9.N.-4.8-1.9-1W6	Q6170
005.SCG*LB1.CP-7++0.N.-8.14-4.17-2W13	Q6171
005.SCG*LB1.CP-6++9.N.11.9-2.12-3W6	Q6172
005.SCG*LB1.CP-5++0.N.-4.10-1.11-5W12	Q6173
005.SCG*LB3.CP-5++9.N.-7.26-6.30-3W8	Q6174
005.SCG*LB1.CP-1++0.N.-6.1-2.2-5W10	Q6175
005.SCG*LB1.CP-5++0.N.-7.7-1.11-6W6	Q6176
005.SCG*LB3.CP11++8.N.-4.17-2.19-4W10	Q6177
005.SCG*LB1.CP-5++8.N.-2.4-2.5-1W1	Q6178
005.SCG*LB3.CP-9++2.N.-5.17-1.21-6W9	Q6179
005.SCG*LB1.CP-6++9.N.-8.1-2.5-3W9	Q6180
005.SCG*LB3.CP-4++6.N.-9.4-3.10-3W39	Q6181
005.SCG*LB1.CP-6++9.N.-9.9-4.10-5W8	Q6182
005.SCG*LB4.CP-1++1.N.-5.6-1.10-3W7	Q6183
005.SCG*LB2.CP-7++7.N.-2.21-6.23-3W7	Q6184
005.SCG*LB1.CP-4++8.N.--.1-1.2-4W9	Q6185
005.SCG*LB2.CP-7++5.N.-8.36-1.39-5W7	Q6186
005.SCG*LB3.CP10++1.N.-1.5-3.9-6W11	Q6187
005.SCG*LB3.CP-5++6.N.-4.2-6.4-5W4	Q6188
005.SCG*LB3.CP-4++6.N.-9.10-4.13-1W17	Q6189
005.SCG*LB3.CP-2++5.N.10.18-5.21-5W15	Q6190
005.SCG*LB1.CP-6++8.N.-4.5-1.8-3W13	Q6191
005.SCG*LB3.CP-5++5.N.-6.7-4.12-1W17	Q6192
005.SCG*LB3.CP-4++1.N.-4.19-5.21-1W6	Q6193
005.SCG*LB1.CP-7++0.N.-9.3-1.6-2W9	Q6194
005.SCG*LB4.CP-2++3.N.10.4-4.6-1W10	Q6195
005.SCG*LB1.CP-6++9.N.-7.1-2.4-4W2	Q6196
005.SCG*LB1.CP-6++3.N.-8.2-4.8-3W3	Q6197
005.SCG*LB2.CP--++4.N.-6.10-1.12-2W13	Q6198
005.SCG*LB3.CP-4++8.N.17.1-1.4-2W21	Q6199
005.SCG*LB3.CP-1++6.N.-4.1-2.5-2W16	Q6200
005.SCG*LB2.CP--++2.N.-2.21-1.22-1W8	Q6201
005.SCG*LB3.CP-4++9.N.12.1-2.4-3W14	Q6202
005.SCG*LB2.CP-9++9.N.-2.7-3.8-2W5	Q6203
005.SCG*LB1.CP-7++1.N.-7.10-2.10-5W3	Q6204
005.SCG*LB1.CP-7++1.N.-2.4-1.5-1W1	Q6205
005.SCG*LB1.CP-5++7.N.10.3-3.5-2W7	Q6206
005.SCG*LB3.CP-5++9.N.-6.33-1.37-2W14	Q6207
005.SCG*LB2.CP-9++8.N.-1.9-4.10-6W7	Q6208
005.SCG*LB4.CP-1++1.N.-5.11-1.14-5W24	Q6209
005.SCG*LB4.CP-3++4.N.-9.19-5.21-4W16	Q6210
005.SCG*LB3.CP-4++6.N.-2.9-7.11-9W7	Q6211
005.SCG*LB4.CP--++8.N.-2.11-6.15-5W5	Q6212
005.SCG*LB3.CP-4++6.N.-5.3-3.6-4W15	Q6213
005.SCG*LB1.CP-7++9.N.-8.1-1.5-3W28	Q6214
005.SCG*LB1.CP-7++0.N.-2.6-1.8-2W8	Q6215
005.SCG*LB1.CP-7++1.N.13.4-5.6-1W5	Q6216
005.SCG*LB3.CP-2++5.N.11.8-5.10-2W10	Q6217
005.SCG*LB2.CP-9++8.N.-9.6-6.11-2W16	Q6218
005.SCG*LB3.CP-4++9.N.11.12-3.17-3W12	Q6219
005.SCG*LB3.CP-4++9.N.-3.3-1.6-6W11	Q6220
005.SCG*LB1.CP-6++3.N.-5.5-7.8-2W9	Q6221
005.SCG*LB1.CP-5++7.N.-9.11-3.14-3W15	Q6222
005.SCG*LB2.CP-4++9.N.-6.12-5.15-5W1	Q6223
005.SCG*LB2.CP10++0.N.--.1-1.2-2W4	Q6224
005.SCG*LB2.CP-9++8.N.11.17-3.19-5W6	Q6225
005.SCG*LB1.CP-5++4.N.-2.14-2.15-5W5	Q6226
005.SCG*LB3.CP-5++6.N.-4.12-3.13-7W3	Q6227
005.SCG*LB1.CP-4++9.N.-2.5-6.7-6W6	Q6228
005.SCG*LB1.CP-4++9.N.-5.1-1.4-8W9	Q6229
005.SCG*LB3.CP-4++9.N.-9.8-6.12-5W9	Q6230
005.SCG*LB1.CP-4++8.N.-4.9-3.11-7W7	Q6231
005.SCG*LB1.CP-7++1.N.14.1-1.5-4W28	Q6232
005.SCG*LB3.CP-7++6.N.-3.5-2.9-3W7	Q6233
005.SCG*LB1.CP-7++1.N.14.13-2.17-1W4	Q6234
005.SCG*LB4.CP--++1.N.10.8-3.9-5W4	Q6235
005.SCG*LB1.CP--++7.N.-2.6-3.11-1W24	Q6236
005.SCG*LB3.CP-5++5.N.-6.7-4.12-1W31	Q6237
005.SCG*LB1.CP-6++6.N.-5.6-4.10-2W4	Q6238
005.SCG*LB2.CP-5++9.N.-4.10-1.10-5W4	Q6239
005.SCG*LB2.CP-9++8.N.-2.21-7.24-2W8	Q6240
005.SCG*LB2.CP-9++8.N.11.8-3.12-3W16	Q6241
005.SCG*LB2.CP-7++5.N.-8.10-2.11-4W3	Q6242
005.SCG*LB1.CP-1++0.N.-2.3-1.5-3W3	Q6243
005.SCG*LB2.CP--++3.N.--.1-1.3-5W2	Q6244
005.SCG*LB1.CP-6++8.N.-2.5-6.7-5W1	Q6245
005.SCG*LB1.CP-5++0.N.-7.1-2.5-4W18	Q6246
005.SCG*LB1.CP-4++9.N.-2.5-6.7-6W13	Q6247
005.SCG*LB1.CP-1++0.N.-5.2-5.3-5W5	Q6248
005.SCG*LB3.CP-7++5.N.12.8-6.10-4W3	Q6249
005.SCG*LB3.CP-5++0.N.-6.4-5.10-3W10	Q6250
005.SCG*LB1.CP-7++0.N.-3.15-5.19-1W14	Q6251
005.SCG*LB3.CP11++8.N.-4.15-6.17-1W8	Q6252
005.SCG*LB1.CP-6++9.N.15.4-4.7-5W16	Q6253
005.SCG*LB1.CP-6++3.N.-4.16-2.18-5W9	Q6254
005.SCG*LB1.CP-7++1.N.11.8-4.12-3W29	Q6255
005.SCG*LB3.CP-1++6.N.-4.7-6.9-4W4	Q6256
005.SCG*LB3.CP-4++9.N.-3.24-2.27-4W8	Q6257
005.SCG*LB3.CP-7++5.N.-3.5-1.6-2W9	Q6258
005.SCG*LB1.CP-5++0.N.-1.1-1.8-3W38	Q6259
005.SCG*LB1.CP-6++4.N.-1.16-1.17-4W4	Q6260
005.SCG*LB1.CP-5++0.N.-2.15-1.16-5W3	Q6261
005.SCG*LB1.CP-6++9.N.--.1-1.1-4W3	Q6262
005.SCG*LB1.CP-6++9.N.-3.1-2.3-1W5	Q6263
005.SCG*LB2.CP-9++8.N.12.4-4.6-1W11	Q6264
005.SCG*LB3.CP15++3.N.-2.24-6.26-9W11	Q6265
005.SCG*LB1.CP-5++8.N.-2.2-3.4-1W5	Q6266
005.SCG*LB3.CP15++2.N.-3.1-2.3-2W3	Q6267
005.SCG*LB1.CP-7++1.N.15.1-1.5-7W12	Q6268
005.SCG*LB1.CP-5++7.N.-9.5-4.9-7W24	Q6269
005.SCG*LB1.CP-6++5.N.-9.11-2.12-6W7	Q6270
005.SCG*LB4.CP-1++1.N.17.12-5.15-2W10	Q6271
005.SCG*LB3.CP-4++1.N.-1.21-5.25-1W7	Q6272
005.SCG*LB1.CP-6++5.N.-4.10-4.16-7W33	Q6273
005.SCG*LB1.CP-5++1.N.12.9-1.12-2W20	Q6274
005.SCG*LB1.CP-6++4.N.-1.13-1.13-4W4	Q6275
005.SCG*LB3.CP-4++6.N.-2.6-8.7-5W6	Q6276
005.SCG*LB1.CP-6++9.N.12.11-1.11-7W5	Q6277
005.SCG*LB4.CP-7++2.N.10.4-3.7-2W10	Q6278
005.SCG*LB1.CP-6++9.N.16.1-1.6-2W7	Q6279
005.SCG*LB1.CP-6++3.N.-2.9-6.11-2W11	Q6280
005.SCG*LB1.CP-6++7.N.-5.7-1.9-1W16	Q6281
005.SCG*LB3.CP-4++6.N.-4.1-2.4-5W18	Q6282
005.SCG*LB1.CP-6++6.N.10.5-5.7-4W8	Q6283
005.SCG*LB1.CP-7++1.N.-7.3-3.7-2W10	Q6284
005.SCG*LB3.CP11++8.N.-4.7-2.10-3W19	Q6285
005.SCG*LB1.CP-6++9.N.-4.7-5.11-6W17	Q6286
005.SCG*LB1.CP-7++1.N.14.1-1.5-4W17	Q6287
005.SCG*LB1.CP-6++8.N.-3.4-1.6-1W4	Q6288
005.SCG*LB2.CP-7++4.N.-5.15-5.18-4W16	Q6289
005.SCG*LB3.CP-7++1.N.-8.6-6.11-7W7	Q6290
005.SCG*LB4.CP-8++3.N.23.10-1.18-6W24	Q6291
005.SCG*LB3.CP-7++6.N.-5.14-4.17-4W16	Q6292
005.SCG*LB3.CP-5++5.N.-6.7-4.12-1W8	Q6293
005.SCG*LB1.CP-5++7.N.11.5-3.8-7W27	Q6294
005.SCG*LB4.CP--++8.N.-2.19-4.26-1W46	Q6295
005.SCG*LB1.CP-7++0.N.-5.1-2.2-4W4	Q6296
005.SCG*LB2.CP10++0.N.-2.1-1.8-6W24	Q6297
005.SCG*LB2.CP10++1.N.-2.11-1.14-4W8	Q6298
005.SCG*LB4.CP-5++5.N.13.6-1.9-1W11	Q6299
005.SCG*LB1.CP-7++1.N.11.4-2.8-3W11	Q6300
005.SCG*LB2.CP10++1.N.-2.14-5.18-5W18	Q6301
005.SCG*LB1.CP-5++0.N.-7.1-2.5-4W2	Q6302
005.SCG*LB3.CP-6++2.N.-4.11-6.13-5W4	Q6303
005.SCG*LB1.CP-5++0.N.-5.4-4.6-1W10	Q6304
005.SCG*LB1.CP-5++0.N.-5.1-2.2-2W3	Q6305
005.SCG*LB3.CP-4++6.N.-9.1-1.4-2W12	Q6306
005.SCG*LB1.CP-5++5.N.-3.1-1.3-3W11	Q6307
005.SCG*LB1.CP-7++0.N.-5.5-2.10-1W9	Q6308
005.SCG*LB1.CP-6++9.N.17.4-6.5-6W9	Q6309
005.SCG*LB1.CP-6++6.N.14.5-4.6-1W5	Q6310
005.SCG*LB3.CP-5++6.N.-2.9-5.13-7W27	Q6311
005.SCG*LB1.CP-6++9.N.-1.1-1.2-3W8	Q6312
005.SCG*LB2.CP-9++8.N.14.6-5.10-6W9	Q6313
005.SCG*LB1.CP-6++3.N.-2.2-2.6-2W17	Q6314
005.SCG*LB1.CP-7++1.N.-8.10-4.11-1W1	Q6315
005.SCG*LB2.CP-9++8.N.11.8-3.12-3W9	Q6316
005.SCG*LB2.CP-9++8.N.-9.22-2.27-2W8	Q6317
005.SCG*LB1.CP-6++6.N.11.1-1.4-6W12	Q6318
005.SCG*LB1.CP-5++0.N.-2.15-1.16-5W5	Q6319
005.SCG*LB1.CP-7++0.N.-5.1-2.2-4W2	Q6320
005.SCG*LB3.CP-5++6.N.-7.6-3.9-4W20	Q6321
005.SCG*LB1.CP-7++1.N.14.13-2.17-1W19	Q6322
005.SCG*LB3.CP11++8.N.-4.1-2.3-2W12	Q6323
005.SCG*LB1.CP10++2.N.-5.20-1.21-7W6	Q6324
005.SCG*LB3.CP-4++0.N.-1.4-3.10-3W22	Q6325
005.SCG*LB3.CP-4++8.N.-1.1-1.9-1W29	Q6326
005.SCG*LB1.CP-6++5.N.10.1-2.5-3W22	Q6327
005.SCG*LB1.CP-6++6.N.-3.4-4.6-2W12	Q6328
005.SCG*LB3.CP-5++6.N.-7.15-4.19-1W10	Q6329
005.SCG*LB3.CP-5++6.N.-3.6-2.7-3W3	Q6330
005.SCG*LB1.CP-1++1.N.-6.2-3.5-4W7	Q6331
005.SCG*LB1.CP-7++0.N.-4.11-3.13-4W5	Q6332
005.SCG*LB3.CP-4++9.N.-3.14-4.15-5W7	Q6333
005.SCG*LB1.CP-6++6.N.-6.6-2.8-4W14	Q6334
005.SCG*LB1.CP-6++9.N.15.9-6.13-4W8	Q6335
005.SCG*LB1.CP-5++0.N.-1.1-1.8-3W17	Q6336
005.SCG*LB1.CP-5++4.N.-7.8-1.15-2W36	Q6337
005.SCG*LB3.CP-4++1.N.-1.3-1.8-2W16	Q6338
005.SCG*LB3.CP-4++1.N.-3.12-7.16-1W5	Q6339
005.SCG*LB2.CP--++2.N.-5.3-2.5-7W10	Q6340
005.SCG*LB1.CP-5++0.N.-6.1-2.3-2W2	Q6341
005.SCG*LB1.CP-5++0.N.-1.1-1.8-3W28	Q6342
005.SCG*LB1.CP-7++0.N.-3.13-5.14-7W7	Q6343
005.SCG*LB3.CP15++4.N.10.6-1.13-2W14	Q6344
005.SCG*LB1.CP-6++5.N.-4.7-2.10-3W5	Q6345
005.SCG*LB1.CP-7++1.N.11.8-4.12-3W20	Q6346
005.SCG*LB2.CP10++0.N.-2.23-5.26-2W7	Q6347
005.SCG*LB3.CP15++4.N.-9.6-4.11-8W22	Q6348
005.SCG*LB1.CP-6++5.N.-9.33-2.34-5W5	Q6349
005.SCG*LB2.CP-9++8.N.-3.1-1.10-5W45	Q6350
005.SCG*LB1.CP-6++9.N.-4.7-5.11-6W19	Q6351
005.SCG*LB3.CP-5++0.N.-7.8-3.12-2W27	Q6352
005.SCG*LB4.CP-1++6.N.-5.8-2.11-2W7	Q6353
005.SCG*LB2.CP10++0.N.-2.8-7.15-5W46	Q6354
005.SCG*LB1.CP-4++8.N.-1.1-1.2-8W13	Q6355
005.SCG*LB2.CP-7++4.N.-6.1-1.8-4W21	Q6356
005.SCG*LB1.CP-6++5.N.-4.10-4.16-7W28	Q6357
005.SCG*LB3.CP-7++6.N.-3.1-1.5-1W14	Q6358
005.SCG*LB3.CP-5++6.N.-5.1-2.3-3W4	Q6359
005.SCG*LB3.CP-2++9.N.-4.3-6.4-2W1	Q6360
005.SCG*LB1.CP-6++5.N.-3.1-2.4-6W1	Q6361
005.SCG*LB1.CP-6++1.N.-6.1-2.2-5W8	Q6362
005.SCG*LB3.CP-4++9.N.-8.14-2.16-3W10	Q6363
005.SCG*LB1.CP--++4.N.-4.16-1.18-4W12	Q6364
005.SCG*LB2.CP-8++3.N.29.7-2.11-1W12	Q6365
005.SCG*LB4.CP-2++3.N.10.4-4.6-1W2	Q6366
005.SCG*LB3.CP-4++1.N.-9.15-4.16-5W8	Q6367
005.SCG*LB2.CP-9++9.N.-4.16-6.19-1W1	Q6368
005.SCG*LB1.CP-4++9.N.-2.3-1.4-1W8	Q6369
005.SCG*LB1.CP-3++1.N.-3.6-2.9-5W17	Q6370
005.SCG*LB1.CP-6++7.N.-3.12-2.15-5W6	Q6371
005.SCG*LB1.CP-6++5.N.-3.1-2.4-6W24	Q6372
005.SCG*LB4.CP--++8.N.-9.75-3.78-4W12	Q6373
005.SCG*LB1.CP-6++5.N.-2.1-1.3-2W7	Q6374
005.SCG*LB3.CP-4++7.N.-6.31-4.37-4W8	Q6375
005.SCG*LB1.CP-4++2.N.21.1-1.5-4W30	Q6376
005.SCG*LB2.CP-3++6.N.-2.4-4.7-2W5	Q6377
005.SCG*LB3.CP14++8.N.-3.10-3.13-1W20	Q6378
005.SCG*LB2.CP-3++8.N.13.1-1.2-2W7	Q6379
005.SCG*LB3.CP14++4.N.11.1-1.5-4W21	Q6380
005.SCG*LB3.CP11++0.N.-2.1-1.6-1W3	Q6381
005.SCG*LB4.CP-3++7.N.-1.23-3.29-2W2	Q6382
005.SCG*LB2.CP-4++4.N.-1.5-1.17-3W64	Q6383
005.SCG*LB1.CP--++6.N.-7.26-2.29-6W23	Q6384
005.SCG*LB4.CP-8++3.N.19.21-7.23-3W5	Q6385
005.SCG*LB3.CP14++8.N.-4.11-1.12-1W1	Q6386
005.SCG*LB4.CP-1++8.N.-8.1-1.8-6W24	Q6387
005.SCG*LB1.CP-6++6.N.15.1-1.9-4W7	Q6388
005.SCG*LB2.CP-3++1.N.-6.7-1.9-2W15	Q6389
005.SCG*LB2.CP-3++6.N.-4.1-1.2-7W5	Q6390
005.SCG*LB4.CP--++6.N.-1.25-1.31-4W5	Q6391
005.SCG*LB3.CP14++8.N.-5.3-5.4-5W3	Q6392
005.SCG*LB4.CP-8++8.N.-4.1-1.2-5W3	Q6393
005.SCG*LB4.CP-5++5.N.-9.23-6.25-5W4	Q6394
005.SCG*LB3.CP14++0.N.-5.19-2.21-4W14	Q6395
005.SCG*LB3.CP14++8.N.-3.13-2.14-4W6	Q6396
005.SCG*LB3.CP13++2.N.-5.1-2.2-5W6	Q6397
005.SCG*LB4.CP-3++7.N.-1.9-1.18-2W31	Q6398
005.SCG*LB2.CP-8++0.N.10.14-1.18-4W15	Q6399
005.SCG*LB2.CP-3++6.N.-8.5-4.8-6W3	Q6400
005.SCG*LB1.CP-1++9.N.-2.5-1.5-6W6	Q6401
005.SCG*LB2.CP-3++8.N.11.1-1.2-3W8	Q6402
005.SCG*LB3.CP13++8.N.-2.6-3.7-4W1	Q6403
005.SCG*LB3.CP14++8.N.-4.12-2.13-4W7	Q6404
005.SCG*LB3.CP14++8.N.-5.7-2.8-3W5	Q6405
005.SCG*LB4.CP-4++1.N.-7.1-1.11-1W51	Q6406
005.SCG*LB2.CP-3++6.N.-9.1-1.3-1W9	Q6407
005.SCG*LB3.CP14++6.N.-1.1-1.7-3W44	Q6408
005.SCG*LB1.CP-7++9.N.-9.5-4.6-3W3	Q6409
005.SCG*LB4.CP--++8.N.-3.31-1.33-6W2	Q6410
005.SCG*LB3.CP13++5.N.13.13-1.14-1W5	Q6411
005.SCG*LB1.CP-4++3.N.16.1-1.4-6W21	Q6412
005.SCG*LB2.CP-3++1.N.-6.12-6.13-3W3	Q6413
005.SCG*LB3.CP-1++0.N.14.20-5.22-1W7	Q6414
005.SCG*LB2.CP-6++9.N.-8.1-1.5-8W19	Q6415
005.SCG*LB1.CP--++2.N.-4.8-1.9-5W12	Q6416
005.SCG*LB2.CP-3++7.N.-1.1-1.3-5W13	Q6417
005.SCG*LB4.CP-5++5.N.18.4-1.6-2W3	Q6418
005.SCG*LB2.CP-3++5.N.-9.1-1.3-1W13	Q6419
005.SCG*LB3.CP13++4.N.-8.3-1.4-6W7	Q6420
005.SCG*LB3.CP14++8.N.-2.9-5.11-1W7	Q6421
005.SCG*LB2.CP-3++6.N.-7.1-1.5-2W16	Q6422
005.SCG*LB3.CP-8++9.N.-1.1-1.6-5W19	Q6423
005.SCG*LB4.CP-3++8.N.-9.11-4.19-1W32	Q6424
005.SCG*LB3.CP14++8.N.--.1-1.2-6W8	Q6425
005.SCG*LB1.CP-5++9.N.-3.25-3.32-3W29	Q6426
005.SCG*LB1.CP--++6.N.-3.1-1.10-5W51	Q6427
005.SCG*LB3.CP-8++0.N.12.1-1.4-5W17	Q6428
005.SCG*LB3.CP14++4.N.11.24-2.27-3W18	Q6429
005.SCG*LB3.CP12++7.N.-5.2-3.3-1W7	Q6430
005.SCG*LB2.CP-5++8.N.-8.4-5.6-3W14	Q6431
005.SCG*LB4.CP-1++1.N.-3.18-2.20-7W21	Q6432
005.SCG*LB1.CP-1++8.N.-1.6-6.8-6W10	Q6433
005.SCG*LB3.CP12++5.N.-6.3-3.5-2W11	Q6434
005.SCG*LB3.CP-4++6.N.-1.5-1.7-2W10	Q6435
005.SCG*LB3.CP-6++4.N.-6.1-2.4-2W18	Q6436
005.SCG*LB3.CP-9++1.N.-1.1-1.4-2W9	Q6437
005.SCG*LB4.CP-1++7.N.11.19-2.20-4W5	Q6438
005.SCG*LB3.CP-8++3.N.-1.1-1.5-2W7	Q6439
005.SCG*LB4.CP--++4.N.14.1-1.6-3W9	Q6440
005.SCG*LB3.CP13++4.N.-2.7-1.10-4W12	Q6441
005.SCG*LB1.CP-8++6.N.-1.1-1.3-2W1	Q6442
005.SCG*LB1.CP--++8.N.-1.12-1.18-6W27	Q6443
005.SCG*LB2.CP10++0.N.-3.5-1.6-3W10	Q6444
005.SCG*LB1.CP--++9.N.-5.1-1.8-2W33	Q6445
005.SCG*LB1.CP--++7.N.-6.12-1.15-6W4	Q6446
005.SCG*LB1.CP--++3.N.-4.18-4.21-2W22	Q6447
005.SCG*LB4.CP-5++5.N.-6.10-4.13-4W17	Q6448
005.SCG*LB4.CP-5++2.N.-4.9-3.11-2W3	Q6449
005.SCG*LB3.CP15++8.N.-6.5-4.12-1W6	Q6450
005.SCG*LB1.CP-4++9.N.-5.1-1.4-8W1	Q6451
005.SCG*LB3.CP14++6.N.-8.14-1.18-2W26	Q6452
005.SCG*LB3.CP-3++0.N.-7.1-2.7-1W37	Q6453
005.SCG*LB3.CP14++6.N.-7.8-1.11-1W13	Q6454
005.SCG*LB1.CP-1++3.N.34.1-1.2-3W5	Q6455
005.SCG*LB2.CP--++2.N.-2.8-5.11-4W7	Q6456
005.SCG*LB4.CP-8++1.N.-7.5-3.9-6W20	Q6457
005.SCG*LB3.CP-8++0.N.18.6-5.9-3W21	Q6458
005.SCG*LB1.CP-2++5.N.-5.5-1.7-4W4	Q6459
005.SCG*LB1.CP-2++5.N.-5.1-2.2-6W2	Q6460
005.SCG*LB4.CP--++8.N.-9.16-7.18-5W12	Q6461
005.SCG*LB3.CP--++7.N.-7.3-4.4-6W4	Q6462
005.SCG*LB4.CP-8++1.N.-7.10-1.12-5W15	Q6463
005.SCG*LB1.CP-1++4.N.-2.17-4.20-3W13	Q6464
005.SCG*LB2.CP-9++5.N.-3.1-1.3-5W15	Q6465
005.SCG*LB4.CP-8++1.N.-7.3-1.5-2W15	Q6466
005.SCG*LB1.CP-2++6.N.10.11-3.14-2W18	Q6467
005.SCG*LB3.CP10++5.N.-6.5-1.8-2W23	Q6468
005.SCG*LB3.CP10++4.N.-3.2-5.4-5W4	Q6469
005.SCG*LB3.CP10++4.N.-5.15-5.22-2W8	Q6470
005.SCG*LB3.CP12++0.N.22.11-5.14-7W9	Q6471
005.SCG*LB4.CP-5++4.N.-3.38-4.45-2W35	Q6472
005.SCG*LB3.CP11++9.N.-6.3-1.4-3W3	Q6473
005.SCG*LB4.CP-5++4.N.-3.20-4.28-2W1	Q6474
005.SCG*LB3.CP12++0.N.-3.1-1.5-2W14	Q6475
005.SCG*LB3.CP12++0.N.23.5-1.9-2W20	Q6476
005.SCG*LB3.CP11++9.N.-6.9-3.11-3W16	Q6477
005.SCG*LB3.CP12++0.N.-1.16-2.19-6W21	Q6478
005.SCG*LB3.CP15++4.N.17.17-2.20-2W18	Q6479
005.SCG*LB3.CP11++9.N.-6.4-4.9-2W21	Q6480
005.SCG*LB3.CP12++0.N.13.4-1.6-3W4	Q6481
005.SCG*LB1.CP-5++5.N.-2.6-6.10-4W24	Q6482
005.SCG*LB2.CP-2++1.N.10.1-2.9-1W67	Q6483
005.SCG*LB3.CP-5++6.N.-5.3-4.4-5W9	Q6484
005.SCG*LB2.CP-5++8.N.-4.12-1.17-4W39	Q6485
005.SCG*LB2.CP-5++0.N.-5.6-3.8-4W17	Q6486
005.SCG*LB2.CP-5++9.N.10.4-5.8-3W13	Q6487
005.SCG*LB3.CP--++8.N.11.20-4.22-2W7	Q6488
005.SCG*LB2.CP-2++1.N.10.1-2.9-1W54	Q6489
005.SCG*LB2.CP-2++1.N.10.1-2.9-1W74	Q6490
005.SCG*LB3.CP-5++4.N.-2.4-2.5-1W7	Q6491
005.SCG*LB4.CP-2++9.N.-3.8-5.11-3W5	Q6492
005.SCG*LB3.CP12++0.N.-5.7-1.7-5W3	Q6493
005.SCG*LB3.CP10++1.N.-4.1-1.7-3W10	Q6494
005.SCG*LB3.CP10++0.N.-6.8-5.11-3W15	Q6495
005.SCG*LB4.CP--++8.N.-9.75-3.78-4W3	Q6496
005.SCG*LB3.CP14++9.N.-6.4-4.10-3W32	Q6497
005.SCG*LB4.CP--++8.N.-5.64-5.66-4W3	Q6498
005.SCG*LB4.CP-6++6.N.-7.7-5.9-5W7	Q6499
005.SCG*LB4.CP-8++3.N.19.7-2.11-5W26	Q6500
005.SCG*LB3.CP10++7.N.11.1-1.5-1W14	Q6501
005.SCG*LB4.CP-2++3.N.-3.22-1.23-4W3	Q6502
005.SCG*LB2.CP-4++9.N.10.1-1.5-4W14	Q6503
005.SCG*LB4.CP-2++3.N.10.1-1.3-6W3	Q6504
005.SCG*LB4.CP-3++3.N.-6.8-5.12-2W3	Q6505
005.SCG*LB2.CP-8++4.N.-7.3-4.5-4W4	Q6506
005.SCG*LB4.CP-3++4.N.-4.3-2.5-3W8	Q6507
005.SCG*LB2.CP-7++6.N.-8.8-6.13-5W31	Q6508
005.SCG*LB4.CP-1++9.N.12.5-4.6-6W10	Q6509
005.SCG*LB2.CP-3++2.N.-3.2-8.6-4W13	Q6510
005.SCG*LB2.CP-3++2.N.-3.2-8.6-4W10	Q6511
005.SCG*LB2.CP-2++3.N.-5.4-4.6-2W12	Q6512
005.SCG*LB4.CP-6++2.N.-7.8-5.9-6W1	Q6513
005.SCG*LB2.CP-6++0.N.-6.4-6.8-1W23	Q6514
005.SCG*LB2.CP-6++0.N.-6.4-6.8-1W5	Q6515
005.SCG*LB2.CP-6++0.N.-6.4-6.8-1W12	Q6516
005.SCG*LB3.CP--++4.N.-5.5-3.9-7W21	Q6517
005.SCG*LB4.CP-2++9.N.-1.7-3.11-1W14	Q6518
005.SCG*LB4.CP-8++1.N.13.8-3.9-9W3	Q6519
005.SCG*LB4.CP-6++9.N.-6.6-5.10-4W17	Q6520
005.SCG*LB3.CP-5++1.N.-6.14-5.15-7W1	Q6521
005.SCG*LB4.CP-8++3.N.19.14-3.16-4W8	Q6522
005.SCG*LB4.CP-6++9.N.-6.22-1.27-3W30	Q6523
005.SCG*LB4.CP-6++9.N.-4.5-2.8-7W23	Q6524
005.SCG*LB3.CP-9++5.N.15.15-1.19-6W33	Q6525
005.SCG*LB4.CP-8++1.N.13.19-1.25-1W45	Q6526
005.SCG*LB4.CP-8++3.N.20.4-1.8-1W11	Q6527
005.SCG*LB3.CP-2++7.N.11.4-4.7-2W9	Q6528
005.SCG*LB4.CP-8++3.N.18.7-1.8-2W4	Q6529
005.SCG*LB4.CP-2++9.N.-2.8-2.11-1W8	Q6530
005.SCG*LB3.CP-9++4.N.-2.23-6.25-4W11	Q6531
005.SCG*LB4.CP-6++9.N.-6.17-3.21-6W23	Q6532
005.SCG*LB4.CP-6++9.N.-6.6-5.10-4W21	Q6533
005.SCG*LB3.CP--++4.N.-5.5-3.9-7W25	Q6534
005.SCG*LB3.CP-9++4.N.-2.18-1.23-5W16	Q6535
005.SCG*LB4.CP-3++6.N.-9.5-3.9-2W19	Q6536
005.SCG*LB4.CP-6++2.N.-7.6-6.8-4W15	Q6537
005.SCG*LB4.CP-8++3.N.14.8-6.9-7W8	Q6538
005.SCG*LB3.CP13++2.N.29.3-2.7-1W19	Q6539
005.SCG*LB4.CP-5++0.N.-3.6-5.7-5W5	Q6540
005.SCG*LB4.CP-8++3.N.18.1-1.4-3W9	Q6541
005.SCG*LB4.CP-6++9.N.-6.11-5.14-4W10	Q6542
005.SCG*LB4.CP-5++0.N.-3.4-4.6-4W15	Q6543
005.SCG*LB4.CP-8++3.N.16.12-5.13-6W5	Q6544
005.SCG*LB4.CP-5++0.N.-3.7-6.10-6W8	Q6545
005.SCG*LB4.CP-5++0.N.-3.4-4.6-4W5	Q6546
005.SCG*LB4.CP-8++3.N.15.1-1.2-5W7	Q6547
005.SCG*LB3.CP-1++2.N.-7.19-2.22-1W10	Q6548
005.SCG*LB3.CP--++5.N.10.9-1.10-2W9	Q6549
005.SCG*LB3.CP-7++6.N.-9.8-1.15-1W39	Q6550
005.SCG*LB3.CP12++2.N.-6.30-4.34-4W12	Q6551
005.SCG*LB3.CP12++2.N.-8.25-6.31-1W8	Q6552
005.SCG*LB3.CP12++3.N.-8.14-5.17-4W13	Q6553
005.SCG*LB3.CP12++3.N.-2.10-2.14-2W31	Q6554
005.SCG*LB3.CP12++2.N.-6.5-1.9-2W23	Q6555
005.SCG*LB3.CP12++2.N.-6.10-1.16-7W20	Q6556
005.SCG*LB3.CP12++2.N.-6.22-6.25-3W14	Q6557
005.SCG*LB4.CP-5++3.N.26.1-2.5-3W26	Q6558
005.SCG*LB1.CP-2++9.N.-3.1-1.4-1W13	Q6559
005.SCG*LB4.CP-1++5.N.-1.9-5.11-1W9	Q6560
005.SCG*LB1.CP-9++1.N.11.1-1.2-3W5	Q6561
005.SCG*LB4.CP-2++5.N.-2.21-1.23-1W10	Q6562
005.SCG*LB4.CP-3++4.N.14.27-3.32-1W17	Q6563
005.SCG*LB3.CP-6++3.N.-7.10-1.13-1W14	Q6564
005.SCG*LB4.CP-5++3.N.18.8-1.10-3W7	Q6565
005.SCG*LB3.CP10++6.N.-8.6-1.9-8W1	Q6566
005.SCG*LB3.CP14++5.N.-5.1-1.4-2W7	Q6567
005.SCG*LB4.CP-9++0.N.-8.1-1.8-4W34	Q6568
005.SCG*LB2.CP--++3.N.-7.1-1.3-4W12	Q6569
005.SCG*LB3.CP10++6.N.-8.6-1.9-8W18	Q6570
005.SCG*LB4.CP--++7.N.24.20-1.21-5W4	Q6571
005.SCG*LB3.CP12++5.N.-9.1-1.3-1W12	Q6572
005.SCG*LB1.CP-5++9.N.-4.6-3.12-5W34	Q6573
005.SCG*LB3.CP12++2.N.10.4-4.6-1W8	Q6574
005.SCG*LB2.CP-3++0.N.12.5-6.10-4W8	Q6575
005.SCG*LB2.CP-4++0.N.-7.1-1.5-3W15	Q6576
005.SCG*LB4.CP-6++9.N.-2.15-1.18-4W27	Q6577
005.SCG*LB4.CP-7++3.N.-2.33-1.36-2W8	Q6578
005.SCG*LB4.CP-5++1.N.12.2-5.5-3W18	Q6579
005.SCG*LB3.CP16++0.N.-6.5-4.6-3W6	Q6580
005.SCG*LB4.CP-7++2.N.-1.15-2.19-1W15	Q6581
005.SCG*LB3.CP13++5.N.-3.5-5.8-2W16	Q6582
005.SCG*LB4.CP-5++4.N.-8.22-6.24-2W11	Q6583
005.SCG*LB4.CP-5++9.N.-1.12-2.15-3W22	Q6584
005.SCG*LB3.CP13++5.N.-3.1-1.3-1W13	Q6585
005.SCG*LB4.CP-7++5.N.-4.20-4.21-5W4	Q6586
005.SCG*LB4.CP-5++1.N.-2.6-2.7-1W7	Q6587
005.SCG*LB3.CP11++2.N.13.1-1.4-4W14	Q6588
005.SCG*LB4.CP-7++4.N.-7.23-2.26-2W11	Q6589
005.SCG*LB4.CP-7++2.N.-9.1-1.5-2W19	Q6590
005.SCG*LB3.CP16++0.N.-5.5-1.9-5W28	Q6591
005.SCG*LB4.CP-7++2.N.-4.1-1.5-2W26	Q6592
005.SCG*LB4.CP-7++4.N.-2.18-2.20-1W8	Q6593
005.SCG*LB4.CP-7++2.N.10.7-3.11-1W22	Q6594
005.SCG*LB4.CP-7++2.N.-4.1-1.5-2W31	Q6595
005.SCG*LB4.CP-7++2.N.15.3-2.4-4W4	Q6596
005.SCG*LB4.CP-7++1.N.-5.1-2.4-2W13	Q6597
005.SCG*LB3.CP-7++6.N.-6.1-2.4-4W18	Q6598
005.SCG*LB4.CP-7++6.N.-1.14-2.17-5W21	Q6599
005.SCG*LB3.CP15++8.N.-3.10-3.12-1W11	Q6600
005.SCG*LB3.CP13++0.N.-2.29-1.32-4W21	Q6601
005.SCG*LB4.CP-7++5.N.-3.4-4.7-1W15	Q6602
005.SCG*LB3.CP16++0.N.-6.5-4.6-3W3	Q6603
005.SCG*LB4.CP-5++4.N.-8.18-2.22-5W31	Q6604
005.SCG*LB3.CP-1++2.N.-7.9-5.11-6W11	Q6605
005.SCG*LB3.CP10++6.N.-6.1-2.4-1W11	Q6606
005.SCG*LB4.CP-9++0.N.-6.1-2.4-2W5	Q6607
005.SCG*LB3.CP15++8.N.-5.1-1.5-6W34	Q6608
005.SCG*LB3.CP-1++2.N.-7.9-5.11-6W5	Q6609
005.SCG*LB4.CP-7++6.N.-7.15-1.18-3W15	Q6610
005.SCG*LB4.CP-7++2.N.10.12-1.14-2W6	Q6611
005.SCG*LB3.CP13++5.N.-2.5-1.11-3W23	Q6612
005.SCG*LB3.CP12++5.N.-4.6-3.11-2W15	Q6613
005.SCG*LB3.CP-6++2.N.12.4-1.5-2W2	Q6614
005.SCG*LB4.CP-3++1.N.-4.1-2.3-5W4	Q6615
005.SCG*LB3.CP15++1.N.-3.11-6.13-1W6	Q6616
005.SCG*LB4.CP-3++4.N.-2.68-1.73-5W13	Q6617
005.SCG*LB4.CP-3++0.N.-8.6-6.8-4W5	Q6618
005.SCG*LB2.CP-6++8.N.-3.14-1.18-2W26	Q6619
005.SCG*LB3.CP-4++3.N.-7.10-3.16-5W4	Q6620
005.SCG*LB3.CP10++9.N.-3.6-3.8-2W8	Q6621
005.SCG*LB2.CP--++6.N.-6.1-2.3-5W12	Q6622
005.SCG*LB2.CP-8++7.N.-3.11-1.14-2W26	Q6623
005.SCG*LB3.CP11++7.N.-2.3-1.5-1W1	Q6624
005.SCG*LB2.CP-6++2.N.-9.1-2.3-3W9	Q6625
005.SCG*LB4.CP-1++1.N.-8.14-1.18-5W22	Q6626
005.SCG*LB2.CP-3++2.N.-9.12-6.14-3W8	Q6627
005.SCG*LB4.CP-3++5.N.-8.6-1.8-9W11	Q6628
005.SCG*LB4.CP-8++3.N.12.1-2.8-2W12	Q6629
005.SCG*LB1.CP-9++3.N.-7.6-1.9-5W7	Q6630
005.SCG*LB4.CP-2++1.N.-5.1-1.5-2W28	Q6631
005.SCG*LB3.CP-6++4.N.-9.4-4.8-1W20	Q6632
005.SCG*LB3.CP-9++7.N.13.9-1.13-3W8	Q6633
005.SCG*LB2.CP--++6.N.-6.6-5.8-6W12	Q6634
005.SCG*LB4.CP-1++1.N.16.14-4.17-4W23	Q6635
005.SCG*LB4.CP-1++6.N.12.1-2.4-2W19	Q6636
005.SCG*LB2.CP-6++8.N.-4.1-1.5-2W11	Q6637
005.SCG*LB2.CP-3++2.N.-9.1-2.7-2W33	Q6638
005.SCG*LB2.CP-5++7.N.-6.13-1.17-6W12	Q6639
005.SCG*LB3.CP15++1.N.-3.18-3.21-2W19	Q6640
005.SCG*LB3.CP-7++0.N.-6.9-1.14-5W21	Q6641
005.SCG*LB3.CP-4++3.N.-7.8-1.10-2W10	Q6642
005.SCG*LB3.CP-3++7.N.-2.1-1.3-3W18	Q6643
005.SCG*LB2.CP-7++7.N.-3.7-8.10-2W7	Q6644
005.SCG*LB3.CP-5++2.N.-3.2-7.4-1W10	Q6645
005.SCG*LB2.CP-5++6.N.-2.8-7.10-4W5	Q6646
005.SCG*LB4.CP-5++5.N.-3.6-1.8-1W7	Q6647
005.SCG*LB1.CP-9++3.N.-7.6-1.9-5W19	Q6648
005.SCG*LB4.CP-5++5.N.-5.12-2.15-4W18	Q6649
005.SCG*LB4.CP-1++1.N.16.2-2.4-1W7	Q6650
005.SCG*LB2.CP-9++4.N.-3.6-5.10-4W13	Q6651
005.SCG*LB2.CP-4++6.N.-6.11-5.15-6W21	Q6652
005.SCG*LB3.CP13++2.N.21.2-5.6-2W10	Q6653
005.SCG*LB2.CP-5++8.N.10.10-4.17-1W17	Q6654
005.SCG*LB4.CP-2++1.N.-5.5-3.7-7W21	Q6655
005.SCG*LB2.CP-1++7.N.-3.1-2.7-6W34	Q6656
005.SCG*LB3.CP12++7.N.-7.17-4.20-5W27	Q6657
005.SCG*LB4.CP-3++4.N.22.25-1.30-3W7	Q6658
005.SCG*LB3.CP-8++0.N.-4.5-2.7-3W8	Q6659
005.SCG*LB4.CP-2++3.N.13.1-1.3-2W10	Q6660
005.SCG*LB2.CP-6++8.N.12.13-4.15-2W10	Q6661
005.SCG*LB4.CP-2++6.N.-5.12-3.16-1W25	Q6662
005.SCG*LB2.CP-9++4.N.-3.6-5.10-4W8	Q6663
005.SCG*LB4.CP-2++6.N.-5.4-6.8-1W23	Q6664
005.SCG*LB2.CP-4++6.N.-6.1-2.5-4W15	Q6665
005.SCG*LB4.CP-1++1.N.12.14-6.16-2W8	Q6666
005.SCG*LB4.CP-5++2.N.-6.14-3.18-2W29	Q6667
005.SCG*LB3.CP-9++7.N.-2.8-1.14-4W20	Q6668
005.SCG*LB2.CP-8++2.N.-9.5-4.7-4W14	Q6669
005.SCG*LB4.CP-1++6.N.12.7-1.9-5W12	Q6670
005.SCG*LB4.CP-8++4.N.10.2-6.4-2W10	Q6671
005.SCG*LB4.CP-8++3.N.12.1-2.8-2W23	Q6672
005.SCG*LB3.CP12++0.N.22.11-5.14-7W2	Q6673
005.SCG*LB4.CP-5++5.N.14.17-1.20-1W16	Q6674
005.SCG*LB3.CP-9++9.N.-3.1-2.4-4W3	Q6675
005.SCG*LB2.CP-5++3.N.-4.7-3.9-2W1	Q6676
005.SCG*LB1.CP-7++7.N.-3.3-2.5-3W4	Q6677
005.SCG*LB2.CP-5++3.N.-5.6-3.8-2W4	Q6678
005.SCG*LB2.CP-6++0.N.-1.9-3.14-1W24	Q6679
005.SCG*LB2.CP-2++3.N.10.5-2.10-3W27	Q6680
005.SCG*LB3.CP-5++1.N.-4.32-3.34-6W8	Q6681
005.SCG*LB4.CP-1++1.N.14.13-5.18-5W9	Q6682
005.SCG*LB2.CP-8++9.N.15.20-1.26-1W7	Q6683
005.SCG*LB2.CP-6++2.N.-6.4-1.5-2W1	Q6684
005.SCG*LB1.CP10++2.N.-6.5-1.9-2W7	Q6685
005.SCG*LB1.CP-4++4.N.-4.4-6.7-6W9	Q6686
005.SCG*LB3.CP-6++6.N.-5.7-3.10-2W14	Q6687
005.SCG*LB2.CP-7++3.N.-3.3-4.6-2W3	Q6688
005.SCG*LB1.CP-6++6.N.-3.1-2.4-3W4	Q6689
005.SCG*LB2.CP-6++0.N.-2.8-6.12-4W17	Q6690
005.SCG*LB4.CP-5++5.N.-9.1-1.6-3W9	Q6691
005.SCG*LB2.CP-7++6.N.-9.13-6.15-4W2	Q6692
005.SCG*LB2.CP-5++5.N.-5.9-1.14-4W25	Q6693
005.SCG*LB2.CP-7++4.N.-2.35-1.45-1W34	Q6694
005.SCG*LB2.CP-5++9.N.10.4-5.8-3W4	Q6695
005.SCG*LB1.CP-2++3.N.-4.1-2.4-7W4	Q6696
005.SCG*LB1.CP10++0.N.-4.11-1.14-3W21	Q6697
005.SCG*LB1.CP-7++9.N.-6.1-1.8-4W36	Q6698
005.SCG*LB2.CP-3++0.N.-7.6-3.8-3W3	Q6699
005.SCG*LB4.CP-1++1.N.13.23-4.26-3W1	Q6700
005.SCG*LB1.CP-7++9.N.-6.1-1.8-4W5	Q6701
005.SCG*LB4.CP-1++4.N.10.4-6.6-4W5	Q6702
005.SCG*LB1.CP-7++3.N.-5.1-2.8-2W31	Q6703
005.SCG*LB4.CP-4++1.N.12.27-2.29-6W1	Q6704
005.SCG*LB4.CP-1++1.N.14.9-2.13-4W17	Q6705
005.SCG*LB1.CP-7++6.N.-2.5-5.10-4W23	Q6706
005.SCG*LB4.CP-1++4.N.10.3-1.4-5W3	Q6707
005.SCG*LB1.CP-4++1.N.-2.5-3.8-3W4	Q6708
005.SCG*LB4.CP-4++1.N.12.15-5.17-4W4	Q6709
005.SCG*LB2.CP-2++4.N.-5.7-6.9-4W1	Q6710
005.SCG*LB1.CP-4++4.N.-2.15-4.20-2W22	Q6711
005.SCG*LB4.CP-7++4.N.-2.26-5.28-3W3	Q6712
005.SCG*LB1.CP-7++4.N.-3.1-2.3-2W2	Q6713
005.SCG*LB1.CP10++0.N.-2.4-4.8-7W3	Q6714
005.SCG*LB2.CP-6++0.N.-1.9-3.14-1W11	Q6715
005.SCG*LB1.CP10++2.N.-5.3-2.5-1W8	Q6716
005.SCG*LB2.CP-1++6.N.-7.1-2.3-1W2	Q6717
005.SCG*LB2.CP-7++7.N.-5.29-1.32-3W19	Q6718
005.SCG*LB2.CP--++9.N.-3.2-4.4-2W1	Q6719
005.SCG*LB1.CP-7++8.N.-2.2-5.4-5W8	Q6720
005.SCG*LB2.CP--++2.N.-4.8-2.13-4W26	Q6721
005.SCG*LB4.CP-1++1.N.14.27-5.31-1W6	Q6722
005.SCG*LB3.CP--++5.N.-6.9-2.13-3W6	Q6723
005.SCG*LB3.CP12++0.N.10.11-2.16-2W25	Q6724
005.SCG*LB2.CP-7++3.N.36.33-6.36-5W10	Q6725
005.SCG*LB2.CP-9++6.N.-9.3-5.6-4W6	Q6726
005.SCG*LB1.CP10++2.N.-2.3-2.6-6W16	Q6727
005.SCG*LB4.CP-1++1.N.14.23-5.25-1W8	Q6728
005.SCG*LB4.CP-6++4.N.-4.9-1.13-4W6	Q6729
005.SCG*LB3.CP-8++4.N.10.14-1.18-5W20	Q6730
005.SCG*LB2.CP-1++2.N.-3.3-3.5-4W1	Q6731
005.SCG*LB1.CP-6++1.N.-5.8-5.11-1W4	Q6732
005.SCG*LB2.CP-7++8.N.-8.33-1.35-10W11	Q6733
005.SCG*LB2.CP-5++3.N.-4.1-2.3-3W4	Q6734
005.SCG*LB3.CP-4++3.N.-2.29-6.32-6W10	Q6735
005.SCG*LB3.CP-4++3.N.-8.1-2.6-2W6	Q6736
005.SCG*LB1.CP-4++5.N.-3.1-2.2-6W2	Q6737
005.SCG*LB4.CP-9++1.N.-3.2-4.4-1W2	Q6738
005.SCG*LB1.CP-7++8.N.-3.1-2.4-3W5	Q6739
005.SCG*LB2.CP-7++6.N.19.10-4.15-4W1	Q6740
005.SCG*LB1.CP-4++5.N.-5.2-1.4-6W12	Q6741
005.SCG*LB4.CP-8++2.N.-7.1-2.4-1W6	Q6742
005.SCG*LB2.CP-5++4.N.-5.1-1.2-6W7	Q6743
005.SCG*LB2.CP-6++0.N.-2.3-2.6-4W4	Q6744
005.SCG*LB3.CP--++5.N.-6.9-2.13-3W16	Q6745
005.SCG*LB2.CP-5++5.N.-5.9-1.14-4W7	Q6746
005.SCG*LB2.CP-3++5.N.-6.9-6.17-3W4	Q6747
005.SCG*LB2.CP-5++4.N.-4.3-1.4-8W1	Q6748
005.SCG*LB2.CP-2++6.N.-6.1-2.3-4W3	Q6749
005.SCG*LB3.CP10++0.N.-6.1-2.4-1W3	Q6750
005.SCG*LB3.CP-5++7.N.-3.12-2.16-5W31	Q6751
005.SCG*LB1.CP-7++6.N.-6.1-2.3-3W6	Q6752
005.SCG*LB3.CP13++0.N.-4.18-1.20-1W15	Q6753
005.SCG*LB4.CP-3++3.N.-4.1-2.3-4W2	Q6754
005.SCG*LB2.CP-6++0.N.14.3-2.7-7W18	Q6755
005.SCG*LB3.CP-4++3.N.-2.33-1.36-4W6	Q6756
005.SCG*LB3.CP10++0.N.-2.1-1.5-6W20	Q6757
005.SCG*LB1.CP-4++6.N.-3.4-1.5-5W1	Q6758
005.SCG*LB2.CP-8++4.N.-4.23-3.25-7W5	Q6759
005.SCG*LB2.CP-8++3.N.13.4-1.6-2W3	Q6760
005.SCG*LB1.CP-9++2.N.-3.3-1.4-1W6	Q6761
005.SCG*LB2.CP-7++6.N.-2.3-5.6-1W4	Q6762
005.SCG*LB2.CP-6++2.N.-8.7-1.11-4W30	Q6763
005.SCG*LB4.CP-1++4.N.11.30-3.32-6W18	Q6764
005.SCG*LB4.CP-4++1.N.12.11-2.13-2W4	Q6765
005.SCG*LB2.CP-6++5.N.-7.8-1.8-5W4	Q6766
005.SCG*LB1.CP-6++1.N.-2.1-1.2-4W5	Q6767
005.SCG*LB4.CP-5++5.N.27.20-6.21-6W3	Q6768
005.SCG*LB2.CP-6++5.N.-8.5-1.7-5W4	Q6769
005.SCG*LB3.CP-2++8.N.-6.2-3.3-4W5	Q6770
005.SCG*LB3.CP15++8.N.-7.9-1.11-4W11	Q6771
005.SCG*LB3.CP12++4.N.-1.1-1.4-3W19	Q6772
005.SCG*LB3.CP13++1.N.-8.2-4.8-2W36	Q6773
005.SCG*LB4.CP-5++5.N.27.31-1.34-5W16	Q6774
005.SCG*LB3.CP--++1.N.-5.27-5.30-4W19	Q6775
005.SCG*LB4.CP-4++2.N.-1.1-1.3-2W10	Q6776
005.SCG*LB3.CP-2++0.N.-3.3-1.5-7W16	Q6777
005.SCG*LB2.CP-4++5.N.-5.7-5.8-6W4	Q6778
005.SCG*LB1.CP-7++2.N.-8.6-3.8-5W5	Q6779
005.SCG*LB1.CP-9++7.N.-3.22-1.22-5W4	Q6780
005.SCG*LB2.CP-7++3.N.14.16-6.19-2W11	Q6781
005.SCG*LB4.CP-5++5.N.-8.5-1.8-3W18	Q6782
005.SCG*LB4.CP-1++3.N.-9.6-2.10-3W6	Q6783
005.SCG*LB1.CP-8++8.N.-2.7-3.8-3W6	Q6784
005.SCG*LB2.CP--++9.N.-2.7-1.7-6W6	Q6785
005.SCG*LB2.CP-7++2.N.-4.27-7.33-2W26	Q6786
005.SCG*LB2.CP--++6.N.-4.10-1.11-4W3	Q6787
005.SCG*LB4.CP-5++3.N.-8.5-1.10-2W28	Q6788
005.SCG*LB4.CP-7++1.N.-4.1-2.2-7W4	Q6789
005.SCG*LB1.CP-8++9.N.-9.11-5.14-4W6	Q6790
005.SCG*LB1.CP-1++8.N.-3.6-3.7-4W4	Q6791
005.SCG*LB1.CP-8++8.N.-6.4-3.6-2W5	Q6792
005.SCG*LB4.CP-9++6.N.-2.1-1.6-2W23	Q6793
005.SCG*LB1.CP-9++3.N.11.1-1.4-1W9	Q6794
005.SCG*LB3.CP16++0.N.-1.1-1.4-7W16	Q6795
005.SCG*LB4.CP-3++3.N.-5.1-2.4-1W12	Q6796
005.SCG*LB4.CP-9++1.N.-4.3-4.4-6W6	Q6797
005.SCG*LB1.CP-8++8.N.-5.3-3.5-1W4	Q6798
005.SCG*LB4.CP-1++1.N.19.9-2.10-6W5	Q6799
005.SCG*LB2.CP-5++2.N.-8.10-2.11-5W3	Q6800
005.SCG*LB3.CP11++2.N.-7.3-6.6-5W18	Q6801
005.SCG*LB4.CP--++7.N.18.1-2.4-4W18	Q6802
005.SCG*LB4.CP-3++0.N.-9.14-5.16-4W13	Q6803
005.SCG*LB2.CP-2++1.N.-3.5-5.6-6W4	Q6804
005.SCG*LB4.CP-7++3.N.-9.1-1.6-3W17	Q6805
005.SCG*LB2.CP--++8.N.-2.1-1.2-5W4	Q6806
005.SCG*LB1.CP-9++2.N.-6.1-1.6-4W35	Q6807
005.SCG*LB3.CP14++8.N.-6.2-5.5-1W10	Q6808
005.SCG*LB4.CP-5++5.N.19.17-2.21-4W10	Q6809
005.SCG*LB4.CP-2++0.N.-6.4-4.7-1W10	Q6810
005.SCG*LB4.CP-1++1.N.18.47-6.49-5W12	Q6811
005.SCG*LB1.CP-3++0.N.-3.21-2.26-2W21	Q6812
005.SCG*LB4.CP-7++0.N.-3.8-7.10-2W5	Q6813
005.SCG*LB4.CP-7++0.N.-3.3-1.5-4W7	Q6814
005.SCG*LB2.CP-3++0.N.-8.3-1.7-5W25	Q6815
005.SCG*LB4.CP-1++1.N.19.16-6.18-2W6	Q6816
005.SCG*LB2.CP-7++2.N.-4.19-1.22-2W11	Q6817
005.SCG*LB4.CP-1++1.N.-5.22-1.26-6W5	Q6818
005.SCG*LB1.CP-9++1.N.-8.3-1.5-6W12	Q6819
005.SCG*LB2.CP-7++0.N.-5.3-2.5-1W8	Q6820
005.SCG*LB2.CP-5++2.N.-8.1-2.2-5W3	Q6821
005.SCG*LB1.CP-4++1.N.-5.3-4.6-7W25	Q6822
005.SCG*LB1.CP-7++6.N.-8.1-2.2-3W2	Q6823
005.SCG*LB4.CP-4++1.N.13.8-3.12-1W18	Q6824
005.SCG*LB2.CP-9++1.N.-8.5-3.7-3W8	Q6825
005.SCG*LB4.CP-8++5.N.-3.19-1.22-2W18	Q6826
005.SCG*LB4.CP-2++7.N.-3.7-1.11-1W33	Q6827
005.SCG*LB2.CP-5++2.N.-7.14-1.16-1W4	Q6828
005.SCG*LB3.CP14++7.N.-2.6-2.7-3W5	Q6829
005.SCG*LB3.CP-7++2.N.-7.7-4.12-7W26	Q6830
005.SCG*LB2.CP-9++3.N.-5.8-4.12-2W3	Q6831
005.SCG*LB2.CP-1++6.N.-5.1-2.3-5W9	Q6832
005.SCG*LB4.CP-2++9.N.-4.1-1.7-2W14	Q6833
005.SCG*LB2.CP-7++1.N.-2.4-2.6-1W4	Q6834
005.SCG*LB2.CP-5++2.N.-7.19-4.21-4W12	Q6835
005.SCG*LB1.CP-4++2.N.-5.5-7.7-4W3	Q6836
005.SCG*LB3.CP12++4.N.-6.1-2.4-1W12	Q6837
005.SCG*LB4.CP-1++1.N.19.8-1.9-1W7	Q6838
005.SCG*LB2.CP-7++6.N.-3.5-4.7-3W8	Q6839
005.SCG*LB3.CP-2++3.N.-5.11-3.18-1W47	Q6840
005.SCG*LB2.CP-2++5.N.-3.2-4.3-5W8	Q6841
005.SCG*LB4.CP--++7.N.-2.9-3.12-1W5	Q6842
005.SCG*LB2.CP-5++5.N.-3.1-2.5-1W5	Q6843
005.SCG*LB4.CP--++2.N.-4.16-1.20-4W6	Q6844
005.SCG*LB1.CP-8++9.N.-9.5-3.9-2W17	Q6845
005.SCG*LB1.CP-3++6.N.-2.14-3.21-2W37	Q6846
005.SCG*LB2.CP-3++0.N.17.8-2.10-7W8	Q6847
005.SCG*LB3.CP-2++0.N.-3.6-1.9-5W12	Q6848
005.SCG*LB1.CP-8++5.N.-2.3-2.5-3W8	Q6849
005.SCG*LB2.CP-5++2.N.-7.19-4.21-4W4	Q6850
005.SCG*LB2.CP-5++2.N.-8.4-3.8-2W3	Q6851
005.SCG*LB2.CP-5++2.N.-7.1-2.4-2W16	Q6852
005.SCG*LB2.CP-5++2.N.-8.8-3.10-1W4	Q6853
005.SCG*LB4.CP-8++3.N.17.8-1.10-2W9	Q6854
005.SCG*LB2.CP-6++0.N.17.1-2.8-3W2	Q6855
005.SCG*LB4.CP-7++4.N.-1.9-4.11-5W4	Q6856
005.SCG*LB2.CP-3++3.N.-3.9-5.10-6W5	Q6857
005.SCG*LB2.CP-7++5.N.-6.9-3.14-1W8	Q6858
005.SCG*LB2.CP--++1.N.-4.1-1.2-2W5	Q6859
005.SCG*LB4.CP-3++5.N.-8.3-5.4-6W6	Q6860
005.SCG*LB3.CP10++8.N.-5.23-3.25-2W3	Q6861
005.SCG*LB2.CP-3++3.N.-3.12-1.12-7W4	Q6862
005.SCG*LB2.CP--++6.N.--.1-1.2-3W3	Q6863
005.SCG*LB2.CP-5++2.N.-5.7-5.9-2W7	Q6864
005.SCG*LB2.CP--++6.N.-1.1-1.4-2W12	Q6865
005.SCG*LB4.CP-5++1.N.-3.10-1.11-4W9	Q6866
005.SCG*LB4.CP-4++2.N.--.1-1.2-5W6	Q6867
005.SCG*LB4.CP-3++3.N.-5.5-2.8-3W7	Q6868
005.SCG*LB4.CP--++8.N.-7.14-6.17-5W15	Q6869
005.SCG*LB4.CP-3++5.N.-7.8-1.9-5W6	Q6870
005.SCG*LB2.CP-6++0.N.-9.1-2.3-5W6	Q6871
005.SCG*LB1.CP-2++8.N.-2.13-5.17-2W8	Q6872
005.SCG*LB1.CP-8++8.N.-4.9-1.9-5W5	Q6873
005.SCG*LB4.CP-3++3.N.-5.11-5.15-3W19	Q6874
005.SCG*LB1.CP-9++3.N.10.4-3.5-6W10	Q6875
005.SCG*LB4.CP-3++4.N.27.9-1.10-7W6	Q6876
005.SCG*LB4.CP--++9.N.-6.21-4.24-2W6	Q6877
005.SCG*LB4.CP-7++3.N.-1.1-1.5-2W24	Q6878
005.SCG*LB1.CP-6++9.N.15.4-4.7-5W7	Q6879
005.SCG*LB4.CP-2++3.N.11.9-1.10-2W8	Q6880
005.SCG*LB2.CP-1++6.N.-5.9-4.11-1W4	Q6881
005.SCG*LB1.CP-3++7.N.-5.14-6.15-3W5	Q6882
005.SCG*LB4.CP-3++4.N.29.10-5.11-6W11	Q6883
005.SCG*LB1.CP-7++2.N.-4.5-1.6-5W4	Q6884
005.SCG*LB1.CP-7++1.N.11.12-4.17-6W25	Q6885
005.SCG*LB3.CP14++7.N.-3.6-3.9-1W6	Q6886
005.SCG*LB2.CP-5++2.N.-5.1-2.3-4W10	Q6887
005.SCG*LB4.CP-5++5.N.19.17-2.21-4W12	Q6888
005.SCG*LB4.CP-3++0.N.-2.5-3.8-4W22	Q6889
005.SCG*LB2.CP-8++3.N.11.7-2.9-4W3	Q6890
005.SCG*LB2.CP-1++5.N.-3.15-1.17-1W11	Q6891
005.SCG*LB2.CP-5++6.N.-6.33-1.37-2W6	Q6892
005.SCG*LB2.CP-2++8.N.-8.23-1.27-1W19	Q6893
005.SCG*LB1.CP-9++3.N.11.9-2.10-4W4	Q6894
005.SCG*LB2.CP--++6.N.-5.6-3.8-2W3	Q6895
005.SCG*LB2.CP-7++8.N.11.11-1.12-4W3	Q6896
005.SCG*LB1.CP-2++8.N.-2.11-1.13-4W6	Q6897
005.SCG*LB4.CP-1++6.N.12.7-1.9-5W5	Q6898
005.SCG*LB4.CP-5++4.N.-9.10-4.16-3W24	Q6899
005.SCG*LB4.CP--++7.N.18.1-2.4-4W11	Q6900
005.SCG*LB1.CP-5++6.N.-7.4-3.5-3W4	Q6901
005.SCG*LB2.CP-1++6.N.-5.7-4.9-3W4	Q6902
005.SCG*LB3.CP--++7.N.-8.9-4.10-4W4	Q6903
005.SCG*LB2.CP-8++8.N.11.7-2.9-3W7	Q6904
005.SCG*LB3.CP13++2.N.21.12-3.13-3W5	Q6905
005.SCG*LB2.CP-5++2.N.-5.6-2.7-4W12	Q6906
005.SCG*LB3.CP12++0.N.11.1-2.6-2W30	Q6907
005.SCG*LB4.CP--++7.N.-3.1-1.6-2W31	Q6908
005.SCG*LB4.CP-7++3.N.-5.5-3.8-4W18	Q6909
005.SCG*LB1.CP-6++7.N.-9.21-4.24-1W16	Q6910
005.SCG*LB3.CP15++4.N.24.4-2.8-7W6	Q6911
005.SCG*LB1.CP10++2.N.-4.5-7.6-4W4	Q6912
005.SCG*LB4.CP-4++9.N.-3.4-2.8-6W24	Q6913
005.SCG*LB4.CP-7++0.N.-3.12-3.14-1W6	Q6914
005.SCG*LB4.CP-1++4.N.-8.12-2.15-2W13	Q6915
005.SCG*LB4.CP--++2.N.-4.9-1.10-6W5	Q6916
005.SCG*LB2.CP-6++0.N.-8.6-1.8-1W12	Q6917
005.SCG*LB1.CP-2++9.N.-6.2-5.5-2W9	Q6918
005.SCG*LB2.CP-3++7.N.-2.45-1.51-1W13	Q6919
005.SCG*LB4.CP--++1.N.13.1-1.2-3W1	Q6920
005.SCG*LB3.CP10++0.N.-3.7-3.9-4W11	Q6921
005.SCG*LB3.CP11++3.N.-5.5-1.6-3W3	Q6922
005.SCG*LB1.CP--++5.N.-2.14-1.16-3W6	Q6923
005.SCG*LB3.CP-6++7.N.-7.12-7.14-1W10	Q6924
005.SCG*LB4.CP--++4.N.14.6-4.8-6W17	Q6926
005.SCG*LB4.CP-5++5.N.18.4-1.6-2W7	Q6927
005.SCG*LB4.CP-3++4.N.-2.15-4.17-2W11	Q6928
005.SCG*LB4.CP-2++3.N.-3.26-3.28-3W14	Q6929
005.SCG*LB3.CP-9++5.N.20.26-1.28-5W4	Q6930
005.SCG*LB1.CP-9++3.N.12.31-1.36-1W29	Q6931
005.SCG*LB3.CP-9++4.N.-8.1-1.5-4W26	Q6932
005.SCG*LB3.CP-9++8.N.-1.3-1.4-7W13	Q6933
005.SCG*LB3.CP-9++4.N.-9.11-1.17-5W27	Q6934
005.SCG*LB1.CP10++2.N.-8.1-2.4-2W11	Q6935
005.SCG*LB1.CP-5++9.N.-4.13-1.17-1W20	Q6936
005.SCG*LB1.CP-5++4.N.-4.12-5.15-4W6	Q6937
005.SCG*LB3.CP-9++5.N.20.10-2.12-3W16	Q6938
005.SCG*LB1.CP-5++9.N.-3.9-1.12-3W13	Q6939
005.SCG*LB1.CP-4++2.N.-9.47-1.49-4W4	Q6940
005.SCG*LB3.CP-4++2.N.-2.20-1.22-2W3	Q6941
005.SCG*LB3.CP-4++2.N.-9.6-6.9-6W11	Q6942
005.SCG*LB3.CP-4++2.N.11.1-1.5-7W9	Q6943
005.SCG*LB4.CP-7++3.N.-2.22-1.31-3W44	Q6944
005.SCG*LB2.CP-7++6.N.16.11-1.16-3W12	Q6945
005.SCG*LB2.CP-6++8.N.11.4-3.8-6W19	Q6946
005.SCG*LB2.CP-6++9.N.-5.9-2.14-4W8	Q6947
005.SCG*LB4.CP-9++7.N.-3.43-3.45-4W10	Q6948
005.SCG*LB3.CP-5++2.N.-4.1-2.6-5W20	Q6949
005.SCG*LB1.CP-4++2.N.-9.41-4.43-8W6	Q6950
005.SCG*LB2.CP-4++5.N.-3.7-6.11-3W22	Q6951
005.SCG*LB3.CP-4++2.N.-2.28-1.33-5W1	Q6952
005.SCG*LB1.CP-4++2.N.-9.26-1.32-6W12	Q6953
005.SCG*LB3.CP-8++4.N.14.4-6.10-1W14	Q6954
005.SCG*LB2.CP-8++3.N.-5.3-1.5-5W10	Q6955
005.SCG*LB3.CP-5++4.N.11.13-3.17-5W24	Q6956
005.SCG*LB2.CP-6++8.N.12.16-1.21-2W30	Q6957
005.SCG*LB1.CP-4++2.N.-4.6-1.7-5W4	Q6958
005.SCG*LB4.CP-2++3.N.-7.7-3.10-3W25	Q6959
005.SCG*LB2.CP-5++3.N.-2.5-1.6-1W3	Q6960
005.SCG*LB2.CP-6++9.N.-5.9-2.14-4W29	Q6961
005.SCG*LB4.CP-4++5.N.-3.6-1.8-1W12	Q6962
005.SCG*LB1.CP-4++3.N.-2.11-5.13-3W8	Q6963
005.SCG*LB3.CP-4++2.N.11.6-1.10-1W15	Q6964
005.SCG*LB2.CP-8++8.N.10.8-5.11-5W18	Q6965
005.SCG*LB2.CP-3++2.N.-3.6-5.13-5W30	Q6966
005.SCG*LB2.CP-8++0.N.-6.10-3.16-1W11	Q6967
005.SCG*LB1.CP-4++2.N.-9.26-1.32-6W44	Q6968
005.SCG*LB4.CP--++1.N.-4.4-3.7-6W24	Q6969
005.SCG*LB2.CP-8++9.N.-3.1-1.5-3W16	Q6970
005.SCG*LB3.CP-6++3.N.--.1-1.3-1W9	Q6971
005.SCG*LB3.CP-6++3.N.-3.11-6.14-6W6	Q6972
005.SCG*LB4.CP-8++3.N.17.13-1.15-4W16	Q6973
005.SCG*LB2.CP-3++0.N.11.14-1.16-6W6	Q6974
005.SCG*LB4.CP-4++8.N.-2.4-1.6-6W5	Q6975
005.SCG*LB4.CP-9++1.N.-6.29-4.32-1W17	Q6976
005.SCG*LB2.CP-6++9.N.-5.14-5.16-6W6	Q6977
005.SCG*LB3.CP-7++7.N.-5.11-1.17-1W35	Q6978
005.SCG*LB4.CP--++2.N.-4.21-1.27-2W41	Q6979
005.SCG*LB3.CP-4++2.N.-2.20-1.22-2W9	Q6980
005.SCG*LB4.CP-4++9.N.11.31-2.32-5W12	Q6981
005.SCG*LB1.CP-7++3.N.-5.1-2.8-2W14	Q6982
005.SCG*LB4.CP-4++0.N.14.1-2.3-1W7	Q6983
005.SCG*LB2.CP--++9.N.-3.4-3.6-3W5	Q6984
005.SCG*LB2.CP-9++2.N.-8.3-3.5-6W10	Q6985
005.SCG*LB2.CP-3++4.N.-2.18-4.21-1W13	Q6986
005.SCG*LB2.CP-6++8.N.-9.1-1.7-5W19	Q6987
005.SCG*LB2.CP-8++0.N.-6.10-3.16-1W19	Q6988
005.SCG*LB4.CP-8++1.N.10.12-5.13-5W7	Q6989
005.SCG*LB4.CP-4++5.N.-3.6-1.8-1W4	Q6990
005.SCG*LB2.CP-7++2.N.-5.10-4.14-6W8	Q6991
005.SCG*LB2.CP-6++0.N.17.8-4.10-7W5	Q6992
005.SCG*LB3.CP-9++7.N.-3.27-5.29-4W12	Q6993
005.SCG*LB3.CP-9++4.N.10.32-1.36-3W26	Q6994
005.SCG*LB1.CP-4++3.N.-2.5-1.7-1W15	Q6995
005.SCG*LB3.CP-8++6.N.-6.1-1.8-2W12	Q6996
005.SCG*LB3.CP-4++2.N.-2.3-1.7-1W17	Q6997
005.SCG*LB2.CP-8++9.N.-8.16-4.22-4W10	Q6998
005.SCG*LB2.CP-8++9.N.10.1-1.5-7W18	Q6999
005.SCG*LB2.CP-6++8.N.12.1-1.6-2W28	Q7000
005.SCG*LB3.CP-4++2.N.-2.25-1.27-7W9	Q7001
005.SCG*LB1.CP-4++3.N.13.35-1.37-4W17	Q7002
005.SCG*LB4.CP-4++0.N.14.3-2.5-5W19	Q7003
005.SCG*LB3.CP-5++3.N.-6.8-4.11-3W6	Q7004
005.SCG*LB1.CP-9++1.N.-6.2-5.8-1W35	Q7005
005.SCG*LB2.CP-6++8.N.11.9-1.11-7W6	Q7006
005.SCG*LB3.CP-6++2.N.-8.11-4.16-4W27	Q7007
005.SCG*LB3.CP-6++3.N.-5.6-3.9-3W6	Q7008
005.SCG*LB3.CP-4++2.N.-9.9-7.15-1W11	Q7009
005.SCG*LB2.CP-8++9.N.-4.12-3.13-5W5	Q7010
005.SCG*LB1.CP-1++3.N.19.22-1.25-3W12	Q7011
005.SCG*LB2.CP-9++3.N.-6.5-3.11-2W22	Q7012
005.SCG*LB3.CP-4++2.N.-9.9-7.15-1W5	Q7013
005.SCG*LB3.CP10++5.N.-6.1-1.4-2W6	Q7014
005.SCG*LB2.CP-6++0.N.17.1-2.8-3W18	Q7015
005.SCG*LB4.CP-1++1.N.-8.32-1.33-4W6	Q7016
005.SCG*LB2.CP-9++8.N.11.3-5.8-2W26	Q7017
005.SCG*LB2.CP-5++1.N.-2.3-6.6-9W23	Q7018
005.SCG*LB2.CP-5++0.N.-3.13-4.15-1W10	Q7019
005.SCG*LB1.CP-5++8.N.-2.5-8.7-2W7	Q7020
005.SCG*LB1.CP-5++8.N.-7.8-4.11-3W6	Q7021
005.SCG*LB2.CP-9++1.N.-7.6-2.8-5W5	Q7022
005.SCG*LB1.CP-2++2.N.-8.1-2.3-1W12	Q7023
005.SCG*LB1.CP-1++8.N.-2.2-4.3-8W11	Q7024
005.SCG*LB4.CP-3++0.N.-8.14-2.16-5W11	Q7025
005.SCG*LB2.CP-5++0.N.-6.2-8.5-5W5	Q7026
005.SCG*LB2.CP-6++5.N.-2.1-1.3-1W11	Q7027
005.SCG*LB1.CP-2++2.N.-8.7-6.8-5W5	Q7028
005.SCG*LB2.CP-3++0.N.10.1-1.7-3W40	Q7029
005.SCG*LB2.CP-5++7.N.-4.1-1.6-7W33	Q7030
005.SCG*LB2.CP-2++5.N.24.12-1.15-2W23	Q7031
005.SCG*LB4.CP-1++0.N.-8.9-8.12-5W5	Q7032
005.SCG*LB1.CP-2++0.N.-2.3-1.4-1W5	Q7033
005.SCG*LB2.CP-5++0.N.-7.8-5.9-7W5	Q7034
005.SCG*LB1.CP-1++8.N.-4.5-5.6-5W3	Q7035
005.SCG*LB4.CP-3++0.N.-3.4-3.8-4W27	Q7036
005.SCG*LB2.CP-5++0.N.-4.6-4.8-4W6	Q7037
005.SCG*LB2.CP-2++2.N.-2.4-5.8-5W11	Q7038
005.SCG*LB2.CP-5++8.N.-7.1-2.6-7W15	Q7039
005.SCG*LB1.CP-1++8.N.-4.1-2.2-2W5	Q7040
005.SCG*LB4.CP--++5.N.11.13-1.14-8W14	Q7041
005.SCG*LB1.CP-5++8.N.-6.4-6.7-3W11	Q7042
005.SCG*LB1.CP-9++7.N.-3.9-3.11-6W12	Q7043
005.SCG*LB3.CP-2++0.N.-5.3-4.10-4W20	Q7044
005.SCG*LB2.CP-6++0.N.-4.1-2.4-1W14	Q7045
005.SCG*LB2.CP-4++4.N.-5.8-6.11-3W14	Q7046
005.SCG*LB4.CP-5++2.N.-2.5-3.10-2W11	Q7047
005.SCG*LB1.CP-7++8.N.-5.4-2.9-1W12	Q7048
005.SCG*LB4.CP-3++5.N.12.3-5.6-3W6	Q7049
005.SCG*LB1.CP-5++8.N.-3.1-2.3-3W4	Q7050
005.SCG*LB2.CP-5++1.N.-5.1-2.6-1W22	Q7051
005.SCG*LB4.CP-1++3.N.-9.16-2.16-6W5	Q7052
005.SCG*LB2.CP-8++0.N.-5.6-4.8-4W10	Q7053
005.SCG*LB3.CP10++8.N.-5.1-2.5-1W8	Q7054
005.SCG*LB3.CP10++8.N.-5.1-2.5-1W25	Q7055
005.SCG*LB2.CP-5++5.N.-2.11-1.13-4W9	Q7056
005.SCG*LB3.CP-2++0.N.-5.1-1.3-3W10	Q7057
005.SCG*LB2.CP-5++4.N.-9.3-4.5-1W7	Q7058
005.SCG*LB2.CP-5++4.N.-9.5-2.7-12W7	Q7059
005.SCG*LB1.CP-5++9.N.-1.1-1.7-1W17	Q7060
005.SCG*LB2.CP-6++8.N.-3.10-4.12-6W9	Q7061
005.SCG*LB2.CP-9++5.N.-3.3-6.9-1W9	Q7062
005.SCG*LB1.CP-2++2.N.-8.6-1.7-5W14	Q7063
005.SCG*LB1.CP-2++0.N.39.1-1.2-6W6	Q7064
005.SCG*LB2.CP-5++0.N.-3.3-2.5-6W14	Q7065
005.SCG*LB4.CP-7++9.N.12.4-1.5-7W10	Q7066
005.SCG*LB1.CP-1++8.N.-6.10-6.13-4W5	Q7067
005.SCG*LB1.CP-2++7.N.-4.1-2.3-5W8	Q7068
005.SCG*LB1.CP-3++6.N.-1.1-1.5-1W17	Q7069
005.SCG*LB2.CP-8++2.N.-9.7-5.9-7W3	Q7070
005.SCG*LB4.CP--++4.N.11.21-1.22-4W10	Q7071
005.SCG*LB2.CP10++1.N.-2.14-5.18-5W22	Q7072
005.SCG*LB2.CP-7++0.N.-2.13-5.15-7W6	Q7073
005.SCG*LB1.CP-5++8.N.-7.1-2.3-1W2	Q7074
005.SCG*LB2.CP-5++4.N.--.1-1.3-1W5	Q7075
005.SCG*LB1.CP-5++8.N.-3.6-7.10-3W8	Q7076
005.SCG*LB2.CP-5++7.N.-5.9-1.11-6W19	Q7077
005.SCG*LB2.CP-9++5.N.-1.11-2.15-3W11	Q7078
005.SCG*LB4.CP-8++4.N.-1.3-1.7-3W6	Q7079
005.SCG*LB2.CP-3++0.N.-7.8-4.15-4W35	Q7080
005.SCG*LB2.CP-5++4.N.-7.1-1.6-4W13	Q7081
005.SCG*LB2.CP-4++2.N.-9.3-1.6-3W20	Q7082
005.SCG*LB1.CP-4++8.N.-7.5-3.7-1W7	Q7083
005.SCG*LB1.CP-1++8.N.-2.1-2.2-3W6	Q7084
005.SCG*LB1.CP-2++0.N.-2.1-1.2-5W9	Q7085
005.SCG*LB2.CP-5++0.N.-4.14-5.16-2W6	Q7086
005.SCG*LB2.CP-5++6.N.-7.15-7.16-6W5	Q7087
005.SCG*LB1.CP-5++8.N.--.1-1.2-3W5	Q7088
005.SCG*LB2.CP-5++7.N.-1.5-1.9-6W19	Q7089
005.SCG*LB2.CP-5++2.N.-1.1-1.6-1W19	Q7090
005.SCG*LB2.CP-9++5.N.-4.1-1.6-8W31	Q7091
005.SCG*LB1.CP-5++8.N.-2.2-3.4-1W6	Q7092
005.SCG*LB2.CP-5++0.N.-2.11-4.12-8W10	Q7093
005.SCG*LB3.CP-6++5.N.10.10-1.16-1W17	Q7094
005.SCG*LB2.CP-8++0.N.11.7-2.8-4W7	Q7095
005.SCG*LB3.CP-8++0.N.16.23-1.24-3W6	Q7096
005.SCG*LB2.CP-8++0.N.11.5-1.7-1W9	Q7097
005.SCG*LB1.CP-2++3.N.-3.25-3.25-7W5	Q7098
005.SCG*LB2.CP-5++5.N.-7.13-2.15-5W19	Q7099
005.SCG*LB2.CP-2++8.N.16.23-1.25-6W10	Q7100
005.SCG*LB3.CP10++8.N.-6.10-3.13-5W15	Q7101
005.SCG*LB3.CP-2++0.N.-5.3-4.10-4W36	Q7102
005.SCG*LB1.CP-6++7.N.10.10-3.15-1W28	Q7103
005.SCG*LB1.CP-2++4.N.-4.14-2.15-3W5	Q7104
005.SCG*LB2.CP-7++6.N.-9.27-7.31-8W8	Q7105
005.SCG*LB1.CP-1++8.N.-4.3-5.5-4W15	Q7106
005.SCG*LB2.CP-6++5.N.-5.1-2.5-6W15	Q7107
005.SCG*LB3.CP-9++7.N.-7.6-3.8-3W13	Q7108
005.SCG*LB2.CP-8++0.N.-3.9-5.12-2W4	Q7109
005.SCG*LB2.CP-4++3.N.-3.4-4.5-6W7	Q7110
005.SCG*LB3.CP11++8.N.-4.7-2.10-3W3	Q7111
005.SCG*LB2.CP-6++4.N.-1.3-3.6-2W15	Q7112
005.SCG*LB4.CP-1++0.N.-8.13-1.13-4W4	Q7113
005.SCG*LB2.CP-6++5.N.-2.3-2.4-5W1	Q7114
005.SCG*LB4.CP-8++4.N.-3.12-6.14-5W14	Q7115
005.SCG*LB3.CP-2++0.N.-3.6-1.9-5W8	Q7116
005.SCG*LB2.CP-5++0.N.-3.3-2.5-6W11	Q7117
005.SCG*LB2.CP-5++0.N.-3.6-1.7-5W6	Q7118
005.SCG*LB1.CP-1++8.N.-4.9-7.10-5W6	Q7119
005.SCG*LB3.CP-2++0.N.-4.4-1.9-3W7	Q7120
005.SCG*LB1.CP-3++9.N.-7.6-2.9-6W26	Q7121
005.SCG*LB3.CP-8++4.N.10.14-1.18-5W15	Q7122
005.SCG*LB1.CP-4++2.N.-8.6-1.7-1W9	Q7123
005.SCG*LB2.CP-6++4.N.-4.11-3.13-2W16	Q7124
005.SCG*LB2.CP-7++3.N.14.10-1.14-3W16	Q7125
005.SCG*LB2.CP-8++2.N.-9.15-5.17-4W17	Q7126
005.SCG*LB4.CP-8++1.N.-8.11-1.16-3W8	Q7127
005.SCG*LB4.CP-8++1.N.10.22-1.24-3W7	Q7128
005.SCG*LB1.CP-5++8.N.-6.4-6.7-3W18	Q7129
005.SCG*LB1.CP-5++8.N.-6.1-2.4-5W4	Q7130
005.SCG*LB4.CP-8++4.N.-1.3-1.7-3W22	Q7131
005.SCG*LB1.CP-1++8.N.-4.5-5.6-5W8	Q7132
005.SCG*LB2.CP-8++3.N.12.8-1.9-3W7	Q7133
005.SCG*LB1.CP-1++8.N.-4.7-1.8-6W5	Q7134
005.SCG*LB1.CP-9++8.N.-5.4-9.5-3W4	Q7135
005.SCG*LB2.CP-5++0.N.-5.18-6.20-3W6	Q7136
005.SCG*LB3.CP-5++1.N.-4.5-1.8-8W8	Q7137
005.SCG*LB2.CP-7++0.N.-4.15-2.17-3W4	Q7138
005.SCG*LB2.CP-4++5.N.-2.12-3.18-5W34	Q7139
005.SCG*LB2.CP-8++7.N.-5.4-6.9-6W22	Q7140
005.SCG*LB4.CP-8++4.N.-7.4-2.7-3W17	Q7141
005.SCG*LB2.CP-5++0.N.-5.12-1.15-3W9	Q7142
005.SCG*LB4.CP-4++0.N.-8.1-2.3-4W10	Q7143
005.SCG*LB2.CP-5++4.N.-9.1-1.3-3W4	Q7144
005.SCG*LB1.CP-1++8.N.-4.9-7.10-5W1	Q7145
005.SCG*LB1.CP-5++8.N.-1.1-1.3-5W14	Q7146
005.SCG*LB3.CP10++8.N.-5.5-2.10-2W29	Q7147
005.SCG*LB2.CP-9++6.N.10.21-1.23-5W1	Q7148
005.SCG*LB2.CP-3++0.N.-7.8-4.15-4W41	Q7149
005.SCG*LB4.CP-5++5.N.-6.27-4.31-1W25	Q7150
005.SCG*LB1.CP-3++9.N.-7.10-1.12-4W3	Q7151
005.SCG*LB1.CP-4++8.N.-7.2-4.5-2W22	Q7152
005.SCG*LB2.CP-5++7.N.-4.1-1.6-7W13	Q7153
005.SCG*LB2.CP-8++7.N.-2.3-3.6-2W12	Q7154
005.SCG*LB3.CP-2++0.N.-3.11-2.13-5W13	Q7155
005.SCG*LB4.CP--++7.N.16.10-3.12-5W12	Q7156
005.SCG*LB2.CP-9++8.N.-5.1-1.5-2W12	Q7157
005.SCG*LB2.CP-5++1.N.-5.9-1.12-2W7	Q7158
005.SCG*LB3.CP-5++5.N.-2.19-1.21-3W4	Q7159
005.SCG*LB1.CP-4++0.N.-2.6-1.6-6W6	Q7160
005.SCG*LB2.CP-7++8.N.12.7-2.14-2W50	Q7161
005.SCG*LB2.CP-2++6.N.-2.1-1.7-1W14	Q7162
005.SCG*LB3.CP--++8.N.10.49-1.54-3W28	Q7163
005.SCG*LB2.CP-4++9.N.-7.3-3.5-4W8	Q7164
005.SCG*LB3.CP-5++9.N.-7.5-1.6-5W10	Q7165
005.SCG*LB2.CP-8++8.N.-9.1-2.10-4W45	Q7166
005.SCG*LB1.CP-9++7.N.-4.1-2.3-2W6	Q7167
005.SCG*LB4.CP-2++6.N.-8.15-4.16-1W4	Q7168
005.SCG*LB2.CP-9++9.N.-2.5-2.7-2W5	Q7169
005.SCG*LB3.CP-4++1.N.-5.7-2.10-5W16	Q7170
005.SCG*LB2.CP-6++9.N.-4.4-3.7-3W14	Q7171
005.SCG*LB4.CP-1++3.N.11.33-1.37-1W31	Q7172
005.SCG*LB1.CP-6++6.N.-5.4-6.6-3W7	Q7173
005.SCG*LB3.CP-4++9.N.-6.1-2.4-2W13	Q7174
005.SCG*LB3.CP-4++9.N.11.3-4.10-5W53	Q7175
005.SCG*LB1.CP-5++4.N.-6.9-7.14-1W12	Q7176
005.SCG*LB3.CP-4++1.N.-9.19-1.22-2W11	Q7177
005.SCG*LB4.CP--++1.N.-6.10-6.14-1W21	Q7178
005.SCG*LB3.CP-5++5.N.-4.9-7.10-5W3	Q7179
005.SCG*LB3.CP-5++5.N.-3.10-2.11-2W6	Q7180
005.SCG*LB4.CP-1++3.N.-7.17-5.18-6W4	Q7181
005.SCG*LB1.CP-9++2.N.-1.3-2.7-6W28	Q7182
005.SCG*LB3.CP-5++5.N.-6.7-4.12-1W11	Q7183
005.SCG*LB2.CP-9++6.N.10.17-4.20-3W16	Q7184
005.SCG*LB1.CP-5++7.N.10.1-2.3-2W4	Q7185
005.SCG*LB3.CP10++2.N.-3.1-2.5-1W25	Q7186
005.SCG*LB2.CP-2++6.N.-3.10-4.13-3W7	Q7187
005.SCG*LB1.CP-9++2.N.-1.3-2.7-6W17	Q7188
005.SCG*LB3.CP-5++5.N.--.1-1.2-3W5	Q7189
005.SCG*LB3.CP14++0.N.-5.12-7.15-3W12	Q7190
005.SCG*LB1.CP-5++4.N.-6.1-1.5-2W9	Q7191
005.SCG*LB2.CP-9++8.N.10.3-2.9-1W12	Q7192
005.SCG*LB4.CP-4++2.N.-3.4-2.7-2W19	Q7193
005.SCG*LB3.CP-9++5.N.20.33-1.38-5W37	Q7194
005.SCG*LB1.CP--++8.N.-1.12-1.18-6W44	Q7195
005.SCG*LB2.CP-8++3.N.29.7-2.11-1W8	Q7196
005.SCG*LB3.CP-9++5.N.20.43-1.46-1W7	Q7197
005.SCG*LB1.CP-7++7.N.-3.3-2.5-3W9	Q7198
005.SCG*LB3.CP-5++5.N.-5.1-2.2-2W2	Q7199
005.SCG*LB3.CP-7++3.N.-3.9-5.12-2W18	Q7200
005.SCG*LB3.CP-4++9.N.-5.2-5.5-3W7	Q7201
005.SCG*LB4.CP--++1.N.-6.14-2.17-2W7	Q7202
005.SCG*LB2.CP-2++1.N.-9.22-3.26-2W19	Q7203
005.SCG*LB1.CP10++2.N.-5.17-1.19-5W20	Q7204
005.SCG*LB3.CP-5++6.N.-4.2-6.4-5W15	Q7205
005.SCG*LB3.CP-5++6.N.-4.5-1.8-2W14	Q7206
005.SCG*LB2.CP-4++6.N.-7.18-3.20-1W12	Q7207
005.SCG*LB1.CP--++3.N.-4.8-3.12-2W9	Q7208
005.SCG*LB3.CP-5++9.N.-7.30-4.31-4W7	Q7209
005.SCG*LB3.CP-6++3.N.-3.42-3.45-3W15	Q7210
005.SCG*LB3.CP-6++2.N.-9.4-3.7-3W18	Q7211
005.SCG*LB3.CP10++2.N.-3.10-1.13-3W21	Q7212
005.SCG*LB1.CP10++0.N.-5.8-3.11-2W12	Q7213
005.SCG*LB3.CP-5++6.N.-2.9-5.13-7W13	Q7214
005.SCG*LB1.CP--++8.N.-2.1-1.4-3W19	Q7215
005.SCG*LB4.CP-4++2.N.-3.7-3.12-5W20	Q7216
005.SCG*LB1.CP-6++9.N.11.5-1.9-1W22	Q7217
005.SCG*LB1.CP-7++0.N.-8.12-2.14-3W6	Q7218
005.SCG*LB2.CP-6++8.N.12.8-3.13-3W24	Q7219
005.SCG*LB3.CP-3++8.N.-5.6-2.10-2W29	Q7220
005.SCG*LB2.CP-4++6.N.-7.5-1.6-6W10	Q7221
005.SCG*LB3.CP-5++5.N.-6.1-1.5-5W15	Q7222
005.SCG*LB2.CP-1++5.N.-7.3-3.6-7W10	Q7223
005.SCG*LB2.CP-9++8.N.-9.2-3.5-5W11	Q7224
005.SCG*LB3.CP-5++6.N.-2.1-1.4-3W21	Q7225
005.SCG*LB2.CP-7++8.N.12.7-2.14-2W8	Q7226
005.SCG*LB4.CP-3++3.N.-3.6-5.8-6W15	Q7227
005.SCG*LB1.CP--++3.N.-7.8-1.9-4W4	Q7228
005.SCG*LB2.CP-8++3.N.25.14-3.18-3W19	Q7229
005.SCG*LB2.CP-4++9.N.-2.6-1.10-4W4	Q7230
005.SCG*LB2.CP-9++9.N.-2.1-1.5-1W26	Q7231
005.SCG*LB3.CP15++4.N.-1.6-6.8-4W9	Q7232
005.SCG*LB3.CP-4++2.N.10.7-5.10-6W17	Q7233
005.SCG*LB2.CP-4++1.N.13.13-2.16-3W11	Q7234
005.SCG*LB2.CP-4++9.N.-2.6-1.10-4W18	Q7235
005.SCG*LB3.CP-5++5.N.-2.27-5.29-1W9	Q7236
005.SCG*LB2.CP-9++2.N.-7.18-4.19-4W3	Q7237
005.SCG*LB3.CP-5++5.N.-5.1-2.2-2W5	Q7238
005.SCG*LB2.CP-9++2.N.10.8-1.11-7W15	Q7239
005.SCG*LB3.CP-5++9.N.-7.9-6.11-2W4	Q7240
005.SCG*LB1.CP-4++0.N.-2.3-1.5-4W14	Q7241
005.SCG*LB4.CP-8++4.N.13.3-8.6-5W20	Q7242
005.SCG*LB3.CP-5++9.N.-7.20-2.21-6W10	Q7243
005.SCG*LB3.CP-4++5.N.-2.8-1.10-3W5	Q7244
005.SCG*LB3.CP-5++8.N.-2.8-1.10-4W12	Q7245
005.SCG*LB2.CP-4++6.N.-7.8-5.13-2W6	Q7246
005.SCG*LB4.CP-1++7.N.-7.6-2.7-6W1	Q7247
005.SCG*LB2.CP-9++9.N.-5.1-1.7-6W22	Q7248
005.SCG*LB2.CP-8++8.N.-9.1-2.10-4W13	Q7249
005.SCG*LB3.CP-5++5.N.-2.21-4.27-4W27	Q7250
005.SCG*LB3.CP-5++5.N.-5.6-1.7-3W9	Q7251
005.SCG*LB1.CP--++8.N.-3.8-4.11-2W19	Q7252
005.SCG*LB2.CP-8++3.N.29.7-2.11-1W17	Q7253
005.SCG*LB3.CP-9++8.N.-4.12-1.14-8W13	Q7254
005.SCG*LB3.CP-5++5.N.-5.2-3.5-3W7	Q7255
005.SCG*LB2.CP-5++2.N.-4.2-6.6-5W11	Q7256
005.SCG*LB2.CP-5++9.N.-6.5-2.9-2W18	Q7257
005.SCG*LB3.CP16++2.N.-8.1-1.5-4W29	Q7258
005.SCG*LB3.CP13++5.N.22.30-5.37-5W31	Q7259
005.SCG*LB4.CP-3++2.N.10.3-6.4-6W8	Q7260
005.SCG*LB3.CP12++4.N.-4.7-1.9-5W6	Q7261
005.SCG*LB3.CP--++1.N.-2.1-1.7-3W42	Q7262
005.SCG*LB4.CP-2++8.N.-7.8-6.9-6W8	Q7263
005.SCG*LB4.CP-7++3.N.-1.9-5.14-1W27	Q7264
005.SCG*LB4.CP--++7.N.14.12-4.13-5W5	Q7265
005.SCG*LB4.CP-5++5.N.25.9-6.14-3W21	Q7266
005.SCG*LB3.CP13++0.N.-4.13-4.15-4W14	Q7267
005.SCG*LB3.CP13++3.N.-1.19-5.22-3W19	Q7268
005.SCG*LB3.CP14++4.N.-5.1-2.4-4W7	Q7269
005.SCG*LB1.CP-4++6.N.-4.3-3.4-3W7	Q7270
005.SCG*LB4.CP-5++2.N.-6.59-1.63-2W22	Q7271
005.SCG*LB2.CP--++9.N.-5.3-1.4-2W9	Q7272
005.SCG*LB3.CP14++4.N.10.1-1.6-1W3	Q7273
005.SCG*LB3.CP-4++2.N.-7.19-1.22-3W10	Q7274
005.SCG*LB1.CP-1++1.N.-2.4-1.7-2W11	Q7275
005.SCG*LB3.CP-9++5.N.15.9-4.14-2W25	Q7276
005.SCG*LB1.CP-1++3.N.31.5-2.5-6W5	Q7277
005.SCG*LB3.CP-7++6.N.-1.1-1.4-1W3	Q7278
005.SCG*LB3.CP15++9.N.-1.12-6.14-2W4	Q7279
005.SCG*LB4.CP-2++4.N.-6.13-4.15-8W3	Q7280
005.SCG*LB4.CP-2++4.N.-7.13-2.14-7W3	Q7281
005.SCG*LB4.CP-2++3.N.12.9-1.14-6W12	Q7282
005.SCG*LB2.CP-2++5.N.25.8-1.11-3W4	Q7283
005.SCG*LB4.CP-2++4.N.-6.1-1.5-1W6	Q7284
005.SCG*LB3.CP-4++2.N.-7.26-3.28-4W3	Q7285
005.SCG*LB1.CP-1++1.N.-2.25-5.29-6W21	Q7286
005.SCG*LB3.CP14++1.N.-6.25-4.27-5W12	Q7287
005.SCG*LB4.CP-5++2.N.18.1-1.4-4W18	Q7288
005.SCG*LB2.CP-8++4.N.-2.1-1.5-8W13	Q7289
005.SCG*LB2.CP-8++0.N.10.5-1.7-4W5	Q7290
005.SCG*LB2.CP-8++3.N.25.35-3.38-4W4	Q7291
005.SCG*LB3.CP14++4.N.11.1-1.5-4W4	Q7292
005.SCG*LB2.CP-9++8.N.15.1-1.3-1W4	Q7293
005.SCG*LB2.CP-3++5.N.-6.39-4.46-2W36	Q7294
005.SCG*LB1.CP-7++1.N.-6.1-2.5-2W18	Q7295
005.SCG*LB2.CP-3++6.N.-8.1-1.5-3W6	Q7296
005.SCG*LB3.CP10++6.N.-5.3-2.6-2W18	Q7297
005.SCG*LB3.CP10++7.N.11.14-8.18-2W4	Q7298
005.SCG*LB1.CP-8++1.N.-3.1-2.4-5W12	Q7299
005.SCG*LB4.CP-2++8.N.-1.1-1.4-3W18	Q7300
005.SCG*LB4.CP-1++1.N.18.13-1.16-3W5	Q7301
005.SCG*LB4.CP-4++3.N.-4.3-3.8-4W36	Q7302
005.SCG*LB4.CP-1++1.N.18.32-1.37-5W25	Q7303
005.SCG*LB4.CP--++5.N.-1.1-1.7-5W26	Q7304
005.SCG*LB4.CP-1++1.N.15.12-2.14-2W5	Q7305
005.SCG*LB3.CP-9++4.N.10.27-3.31-6W28	Q7306
005.SCG*LB4.CP-1++2.N.-5.1-1.7-7W14	Q7307
005.SCG*LB4.CP-1++4.N.-2.6-1.8-2W10	Q7308
005.SCG*LB2.CP-4++7.N.-4.41-1.46-3W19	Q7309
005.SCG*LB1.CP-1++1.N.-2.17-7.20-4W6	Q7310
005.SCG*LB4.CP-4++5.N.-4.9-5.12-5W11	Q7311
005.SCG*LB4.CP-1++1.N.18.6-5.7-6W9	Q7312
005.SCG*LB4.CP-1++1.N.18.9-1.9-8W8	Q7313
005.SCG*LB4.CP--++4.N.-1.1-1.5-2W19	Q7314
005.SCG*LB4.CP-1++1.N.-6.3-4.7-6W22	Q7315
005.SCG*LB2.CP-8++9.N.14.1-1.4-3W6	Q7316
005.SCG*LB4.CP-5++0.N.-7.2-1.3-4W5	Q7317
005.SCG*LB4.CP--++2.N.-5.6-5.7-7W7	Q7318
005.SCG*LB4.CP-4++7.N.-1.1-1.5-5W9	Q7319
005.SCG*LB1.CP-1++1.N.-1.14-4.16-4W9	Q7320
005.SCG*LB4.CP-1++3.N.12.1-1.4-2W22	Q7321
005.SCG*LB4.CP-6++2.N.-4.18-1.19-5W12	Q7322
005.SCG*LB2.CP-4++7.N.-4.41-1.46-3W32	Q7323
005.SCG*LB3.CP-4++7.N.-4.5-1.11-5W48	Q7324
005.SCG*LB3.CP-7++6.N.-4.6-3.9-7W14	Q7325
005.SCG*LB4.CP-5++0.N.-8.1-5.3-1W7	Q7326
005.SCG*LB4.CP-1++2.N.-4.1-1.4-5W6	Q7327
005.SCG*LB4.CP-1++1.N.18.1-1.3-4W16	Q7328
005.SCG*LB4.CP-5++5.N.-6.44-2.46-2W16	Q7329
005.SCG*LB4.CP-1++1.N.18.37-6.41-1W9	Q7330
005.SCG*LB2.CP-8++9.N.-8.11-2.12-4W3	Q7331
005.SCG*LB1.CP-8++9.N.13.6-6.11-1W30	Q7332
005.SCG*LB4.CP-4++3.N.-4.10-5.15-1W10	Q7333
005.SCG*LB1.CP-1++1.N.-1.18-3.20-1W8	Q7334
005.SCG*LB4.CP-1++3.N.-4.13-7.15-6W9	Q7335
005.SCG*LB4.CP-1++1.N.13.33-1.36-4W23	Q7336
005.SCG*LB4.CP-4++6.N.-2.2-2.8-2W7	Q7337
005.SCG*LB4.CP-1++1.N.13.19-1.21-4W4	Q7338
005.SCG*LB4.CP-4++5.N.-8.1-1.4-4W13	Q7339
005.SCG*LB3.CP-4++9.N.-8.1-1.6-2W38	Q7340
005.SCG*LB4.CP-1++1.N.18.43-3.47-5W4	Q7341
005.SCG*LB4.CP-1++2.N.-3.10-2.13-1W12	Q7342
005.SCG*LB3.CP-9++7.N.-2.15-1.18-6W7	Q7343
005.SCG*LB4.CP-4++3.N.-4.10-5.15-1W26	Q7344
005.SCG*LB4.CP--++5.N.-3.8-1.9-7W4	Q7345
005.SCG*LB4.CP--++4.N.11.1-1.5-2W19	Q7346
005.SCG*LB4.CP-1++1.N.13.27-1.32-7W42	Q7347
005.SCG*LB4.CP-1++3.N.-6.1-1.5-3W21	Q7348
005.SCG*LB4.CP-4++5.N.-4.4-5.9-4W12	Q7349
005.SCG*LB3.CP-4++8.N.-5.11-1.18-1W47	Q7350
005.SCG*LB4.CP-1++1.N.10.9-1.12-6W22	Q7351
005.SCG*LB4.CP-1++1.N.18.32-1.37-5W27	Q7352
005.SCG*LB4.CP-2++6.N.-6.16-1.18-6W16	Q7353
005.SCG*LB4.CP-1++4.N.-3.6-6.7-8W12	Q7354
005.SCG*LB3.CP14++7.N.-2.15-4.21-3W15	Q7355
005.SCG*LB4.CP-1++1.N.18.57-2.62-6W11	Q7356
005.SCG*LB4.CP-1++1.N.18.63-1.64-2W5	Q7357
005.SCG*LB1.CP-3++5.N.-2.7-1.12-2W9	Q7358
005.SCG*LB4.CP--++5.N.-1.13-5.17-3W6	Q7359
005.SCG*LB4.CP-1++1.N.14.13-5.18-5W8	Q7360
005.SCG*LB4.CP-1++1.N.-8.1-1.3-3W6	Q7361
005.SCG*LB4.CP-1++3.N.-4.13-7.15-6W14	Q7362
005.SCG*LB1.CP--++1.N.-2.5-2.7-4W8	Q7363
005.SCG*LB4.CP-4++3.N.-6.4-4.7-6W19	Q7364
005.SCG*LB4.CP-4++3.N.-6.1-2.4-3W10	Q7365
005.SCG*LB4.CP-5++4.N.10.1-1.5-2W11	Q7366
005.SCG*LB4.CP-1++1.N.-6.1-1.3-3W10	Q7367
005.SCG*LB4.CP--++4.N.11.5-3.8-4W12	Q7368
005.SCG*LB4.CP-2++4.N.13.5-3.7-1W16	Q7369
005.SCG*LB4.CP-1++9.N.-8.1-1.5-4W20	Q7370
005.SCG*LB4.CP-1++4.N.-6.4-5.8-7W24	Q7371
005.SCG*LB4.CP-1++1.N.18.28-3.30-4W13	Q7372
005.SCG*LB4.CP-2++6.N.-6.3-2.5-1W14	Q7373
005.SCG*LB4.CP-2++6.N.-7.7-1.8-3W9	Q7374
005.SCG*LB4.CP-5++3.N.12.3-2.6-3W8	Q7375
005.SCG*LB4.CP-1++1.N.11.6-5.8-4W5	Q7376
005.SCG*LB4.CP-1++1.N.14.1-1.3-1W4	Q7377
005.SCG*LB1.CP-3++0.N.-3.6-4.7-5W9	Q7378
005.SCG*LB4.CP-5++0.N.-7.2-1.3-4W11	Q7379
005.SCG*LB4.CP-1++1.N.19.21-4.22-8W10	Q7380
005.SCG*LB4.CP-5++0.N.-8.3-7.6-4W17	Q7381
005.SCG*LB4.CP-4++5.N.-6.7-2.12-7W21	Q7382
005.SCG*LB4.CP-1++1.N.11.24-5.29-5W11	Q7383
005.SCG*LB4.CP-1++1.N.19.9-2.10-6W1	Q7384
005.SCG*LB4.CP-4++3.N.-4.9-1.10-4W10	Q7385
005.SCG*LB4.CP-1++1.N.14.25-2.27-4W15	Q7386
005.SCG*LB2.CP-8++9.N.-8.1-1.11-1W64	Q7387
005.SCG*LB4.CP-5++0.N.-7.3-5.6-1W14	Q7388
005.SCG*LB4.CP-1++2.N.-3.10-2.13-1W15	Q7389
005.SCG*LB4.CP-1++4.N.-3.1-1.4-6W8	Q7390
005.SCG*LB2.CP-3++5.N.-3.1-1.4-1W22	Q7391
005.SCG*LB2.CP-6++9.N.-9.1-1.4-2W8	Q7392
005.SCG*LB2.CP-6++8.N.-1.1-1.4-2W5	Q7393
005.SCG*LB2.CP-8++0.N.-8.28-1.30-2W17	Q7394
005.SCG*LB3.CP13++4.N.-4.8-2.13-4W34	Q7395
005.SCG*LB3.CP15++2.N.-5.5-1.7-5W4	Q7396
005.SCG*LB3.CP-9++4.N.-2.25-5.28-6W1	Q7397
005.SCG*LB1.CP-1++9.N.-1.1-1.3-3W5	Q7398
005.SCG*LB2.CP-3++8.N.-8.1-1.6-3W9	Q7399
005.SCG*LB4.CP-6++9.N.-5.20-5.21-6W2	Q7400
005.SCG*LB1.CP-8++5.N.-5.1-2.3-3W8	Q7401
005.SCG*LB4.CP-5++5.N.14.1-1.5-1W24	Q7402
005.SCG*LB2.CP-8++0.N.11.1-1.4-1W22	Q7403
005.SCG*LB2.CP-3++2.N.-1.1-1.6-1W31	Q7404
005.SCG*LB2.CP-9++2.N.-2.16-1.21-6W4	Q7405
005.SCG*LB1.CP-3++7.N.-1.1-1.3-2W11	Q7406
005.SCG*LB1.CP-2++4.N.-2.18-5.19-7W4	Q7407
005.SCG*LB4.CP--++7.N.20.1-1.3-8W6	Q7408
005.SCG*LB2.CP-8++9.N.20.4-5.8-1W3	Q7409
005.SCG*LB1.CP-7++9.N.-3.1-1.4-8W6	Q7410
005.SCG*LB2.CP-3++7.N.-3.1-1.3-4W10	Q7411
005.SCG*LB4.CP-5++5.N.25.1-1.4-5W23	Q7412
005.SCG*LB3.CP14++0.N.-5.7-5.11-2W26	Q7413
005.SCG*LB2.CP-3++5.N.-1.1-1.2-6W9	Q7414
005.SCG*LB4.CP--++4.N.-9.11-3.13-7W2	Q7415
005.SCG*LB1.CP-3++9.N.-2.5-2.10-5W30	Q7416
005.SCG*LB2.CP-8++3.N.25.55-1.57-3W8	Q7417
005.SCG*LB2.CP-3++5.N.-7.23-4.25-7W14	Q7418
005.SCG*LB3.CP-1++0.N.-1.1-1.2-8W4	Q7419
005.SCG*LB2.CP-9++2.N.-3.5-6.9-4W20	Q7420
005.SCG*LB4.CP-4++9.N.14.1-1.4-4W22	Q7421
005.SCG*LB2.CP-7++4.N.-2.31-4.34-4W2	Q7422
005.SCG*LB1.CP-1++2.N.-6.1-1.4-4W17	Q7423
005.SCG*LB2.CP-9++8.N.19.17-1.18-6W9	Q7424
005.SCG*LB4.CP-5++5.N.18.1-1.3-6W19	Q7425
005.SCG*LB1.CP-2++6.N.11.22-1.25-2W15	Q7426
005.SCG*LB4.CP-5++5.N.-6.47-1.52-1W29	Q7427
005.SCG*LB4.CP-2++6.N.-6.9-3.12-5W9	Q7428
005.SCG*LB2.CP-7++4.N.-2.52-1.56-2W2	Q7429
005.SCG*LB1.CP-4++3.N.16.15-1.21-4W28	Q7430
005.SCG*LB3.CP-2++6.N.20.1-1.5-1W26	Q7431
005.SCG*LB4.CP-1++8.N.-7.13-3.13-5W3	Q7432
005.SCG*LB2.CP-8++0.N.-7.1-1.4-3W7	Q7433
005.SCG*LB4.CP-5++5.N.29.9-1.14-2W36	Q7434
005.SCG*LB2.CP-8++4.N.-4.18-3.21-2W4	Q7435
005.SCG*LB4.CP-2++3.N.-3.1-1.5-1W23	Q7436
005.SCG*LB1.CP-1++8.N.-1.1-1.2-7W4	Q7437
005.SCG*LB2.CP-3++7.N.-5.1-1.2-5W11	Q7438
005.SCG*LB4.CP--++7.N.20.26-1.27-1W5	Q7439
005.SCG*LB2.CP-8++9.N.18.1-1.2-6W11	Q7440
005.SCG*LB2.CP-8++4.N.-2.7-1.9-6W14	Q7441
005.SCG*LB2.CP-7++1.N.-1.1-1.7-6W4	Q7442
005.SCG*LB1.CP-8++0.N.-4.4-1.7-4W5	Q7443
005.SCG*LB3.CP-4++8.N.-9.16-5.23-5W30	Q7444
005.SCG*LB1.CP-2++5.N.-1.1-1.2-7W6	Q7445
005.SCG*LB2.CP-8++9.N.13.30-2.31-5W4	Q7446
005.SCG*LB2.CP-2++5.N.-4.1-1.5-1W4	Q7447
005.SCG*LB3.CP13++5.N.24.23-2.24-6W4	Q7448
005.SCG*LB3.CP-8++6.N.-9.14-4.17-4W2	Q7449
005.SCG*LB4.CP-2++3.N.-2.27-7.29-2W2	Q7450
005.SCG*LB2.CP-8++2.N.17.26-1.27-4W4	Q7451
005.SCG*LB2.CP-7++8.N.-8.32-1.32-7W7	Q7452
005.SCG*LB2.CP-3++7.N.-4.1-1.4-2W20	Q7453
005.SCG*LB2.CP-7++6.N.-1.1-1.5-2W4	Q7454
005.SCG*LB2.CP--++8.N.-1.1-1.3-1W5	Q7455
005.SCG*LB2.CP-8++2.N.20.3-3.5-1W5	Q7456
005.SCG*LB1.CP-6++5.N.12.1-1.3-3W12	Q7457
005.SCG*LB2.CP-7++0.N.-2.4-1.6-6W2	Q7458
005.SCG*LB4.CP-2++3.N.-1.1-1.4-3W9	Q7459
005.SCG*LB3.CP14++0.N.-5.3-2.7-4W14	Q7460
005.SCG*LB3.CP-4++2.N.-9.15-2.17-5W9	Q7461
005.SCG*LB1.CP-1++3.N.34.11-1.12-5W3	Q7462
005.SCG*LB2.CP-8++4.N.-3.3-2.6-3W13	Q7463
005.SCG*LB2.CP-2++6.N.-3.6-4.10-3W23	Q7464
005.SCG*LB2.CP-3++7.N.-3.11-6.14-7W15	Q7465
005.SCG*LB2.CP-8++0.N.17.1-1.3-2W6	Q7466
005.SCG*LB1.CP-2++5.N.-6.15-6.17-3W6	Q7467
005.SCG*LB2.CP-7++8.N.-8.26-6.28-1W5	Q7468
005.SCG*LB2.CP-3++5.N.-4.1-1.5-3W33	Q7469
005.SCG*LB2.CP-3++8.N.10.6-5.7-6W3	Q7470
005.SCG*LB1.CP-5++5.N.-5.4-3.6-2W13	Q7471
005.SCG*LB2.CP-3++6.N.-7.1-1.5-2W31	Q7472
005.SCG*LB3.CP-5++0.N.-8.1-1.5-6W3	Q7473
005.SCG*LB4.CP-2++3.N.-4.1-1.4-4W19	Q7474
005.SCG*LB4.CP-5++2.N.-9.1-1.6-2W21	Q7475
005.SCG*LB1.CP-8++5.N.-5.7-3.9-1W7	Q7476
005.SCG*LB2.CP-8++9.N.20.4-5.8-1W23	Q7477
005.SCG*LB3.CP-2++6.N.15.17-3.18-6W10	Q7478
005.SCG*LB3.CP-2++6.N.15.18-7.20-1W9	Q7479
005.SCG*LB3.CP-2++7.N.-2.4-1.7-2W18	Q7480
005.SCG*LB3.CP-2++7.N.-2.13-1.14-6W12	Q7481
005.SCG*LB3.CP-2++6.N.20.5-2.8-1W14	Q7482
005.SCG*LB3.CP-2++5.N.16.1-1.5-1W9	Q7483
005.SCG*LB4.CP-3++1.N.-1.1-1.7-2W14	Q7484
005.SCG*LB1.CP-2++7.N.-8.1-1.2-2W5	Q7485
005.SCG*LB3.CP-4++7.N.-6.24-6.31-3W19	Q7486
005.SCG*LB2.CP-7++9.N.15.1-1.2-1W6	Q7487
005.SCG*LB1.CP--++7.N.-6.7-1.9-1W5	Q7488
005.SCG*LB1.CP-6++1.N.-7.8-1.11-5W21	Q7489
005.SCG*LB1.CP-2++9.N.-4.1-1.2-9W5	Q7490
005.SCG*LB4.CP-4++1.N.11.9-1.13-5W7	Q7491
005.SCG*LB1.CP-1++3.N.35.9-3.12-5W11	Q7492
005.SCG*LB1.CP-1++3.N.35.4-7.9-2W10	Q7493
005.SCG*LB3.CP-2++6.N.-5.1-2.2-6W7	Q7494
005.SCG*LB1.CP--++8.N.-3.1-1.3-6W6	Q7495
005.SCG*LB1.CP--++2.N.-5.3-2.4-4W9	Q7496
005.SCG*LB2.CP-8++3.N.35.1-1.2-2W7	Q7497
005.SCG*LB3.CP-8++1.N.-5.7-5.9-1W3	Q7498
005.SCG*LB2.CP-8++2.N.-6.1-1.2-3W7	Q7499
005.SCG*LB2.CP-9++1.N.10.1-1.4-1W3	Q7500
005.SCG*LB1.CP-2++0.N.36.1-1.2-3W5	Q7501
005.SCG*LB3.CP-9++7.N.10.10-1.11-2W9	Q7502
005.SCG*LB3.CP12++8.N.-6.29-1.32-4W15	Q7503
005.SCG*LB1.CP-9++1.N.-9.9-2.14-2W25	Q7504
005.SCG*LB1.CP-9++1.N.-9.9-2.14-2W5	Q7505
005.SCG*LB3.CP-2++6.N.16.1-2.7-1W42	Q7506
005.SCG*LB3.CP10++3.N.-2.10-1.13-6W15	Q7507
005.SCG*LB3.CP--++3.N.11.3-3.5-3W17	Q7508
005.SCG*LB3.CP-8++6.N.12.6-1.9-5W5	Q7509
005.SCG*LB3.CP-7++4.N.-4.3-4.6-6W10	Q7510
005.SCG*LB1.CP-2++2.N.-8.3-2.5-5W16	Q7511
005.SCG*LB4.CP-4++0.N.-1.1-1.5-1W10	Q7512
005.SCG*LB3.CP-9++2.N.11.4-5.8-2W6	Q7513
005.SCG*LB4.CP-3++5.N.-9.10-2.14-1W18	Q7514
005.SCG*LB3.CP12++4.N.-2.2-2.4-4W17	Q7515
005.SCG*LB1.CP-2++2.N.-8.1-2.3-1W8	Q7516
005.SCG*LB3.CP-8++6.N.12.1-1.5-6W27	Q7517
005.SCG*LB3.CP-6++2.N.-8.18-2.20-1W5	Q7518
005.SCG*LB4.CP--++4.N.-9.7-4.11-2W15	Q7519
005.SCG*LB3.CP-7++7.N.-1.10-5.12-2W4	Q7520
005.SCG*LB2.CP-2++8.N.11.10-5.13-1W15	Q7521
005.SCG*LB4.CP-7++2.N.10.4-3.7-2W18	Q7522
005.SCG*LB4.CP-3++8.N.-9.10-5.11-3W4	Q7523
005.SCG*LB4.CP-3++5.N.-2.12-1.13-2W7	Q7524
005.SCG*LB3.CP12++7.N.-7.14-5.17-3W12	Q7525
005.SCG*LB4.CP--++6.N.-1.36-6.41-3W36	Q7526
005.SCG*LB4.CP--++7.N.16.12-6.13-8W3	Q7527
005.SCG*LB2.CP-2++8.N.16.42-3.44-1W9	Q7528
005.SCG*LB4.CP--++5.N.11.25-3.27-1W8	Q7529
005.SCG*LB3.CP-7++6.N.-7.22-1.23-6W14	Q7530
005.SCG*LB4.CP-3++4.N.29.2-5.5-8W15	Q7531
005.SCG*LB3.CP11++3.N.-4.2-5.5-3W5	Q7532
005.SCG*LB2.CP-4++3.N.10.6-1.9-2W11	Q7533
005.SCG*LB3.CP13++5.N.23.13-1.14-2W8	Q7534
005.SCG*LB3.CP-8++3.N.-1.7-5.8-8W9	Q7535
005.SCG*LB3.CP--++1.N.-5.33-4.36-1W11	Q7536
005.SCG*LB3.CP-6++7.N.-3.9-5.16-2W38	Q7537
005.SCG*LB3.CP--++1.N.-6.30-1.33-2W18	Q7538
005.SCG*LB2.CP-4++1.N.14.6-1.12-4W17	Q7539
005.SCG*LB2.CP-8++4.N.-6.5-3.11-3W25	Q7540
005.SCG*LB4.CP-3++4.N.29.8-2.10-4W11	Q7541
005.SCG*LB2.CP--++6.N.-2.4-4.5-5W8	Q7542
005.SCG*LB4.CP--++1.N.-8.8-3.12-4W11	Q7543
005.SCG*LB4.CP--++1.N.15.17-1.20-6W27	Q7544
005.SCG*LB4.CP-4++6.N.-5.1-1.4-2W22	Q7545
005.SCG*LB3.CP-9++4.N.-8.5-5.8-3W15	Q7546
005.SCG*LB4.CP-7++3.N.-8.4-4.8-2W13	Q7547
005.SCG*LB4.CP-7++2.N.13.1-1.7-7W29	Q7548
005.SCG*LB4.CP-7++4.N.-1.1-1.5-3W18	Q7549
005.SCG*LB3.CP-5++6.N.-5.13-1.22-4W22	Q7550
005.SCG*LB3.CP10++4.N.-7.1-2.3-7W5	Q7551
005.SCG*LB4.CP--++8.N.-3.15-1.17-5W20	Q7552
005.SCG*LB4.CP-5++2.N.11.1-1.5-6W30	Q7553
005.SCG*LB4.CP-5++2.N.-6.52-1.58-3W40	Q7554
005.SCG*LB4.CP-7++4.N.-5.8-4.10-2W6	Q7555
005.SCG*LB4.CP-4++9.N.14.10-1.11-1W6	Q7556
005.SCG*LB4.CP-4++6.N.-5.4-3.6-1W7	Q7557
005.SCG*LB4.CP-7++1.N.-5.10-8.12-7W8	Q7558
005.SCG*LB2.CP-9++1.N.-5.12-1.13-4W4	Q7559
005.SCG*LB4.CP-7++7.N.-2.6-3.8-3W16	Q7560
005.SCG*LB4.CP-7++3.N.-7.1-1.4-6W25	Q7561
005.SCG*LB3.CP15++6.N.-3.13-5.16-6W13	Q7562
005.SCG*LB4.CP-2++3.N.-8.7-3.9-4W13	Q7563
005.SCG*LB1.CP--++5.N.-5.20-1.23-1W15	Q7564
005.SCG*LB4.CP-2++2.N.-5.8-1.10-7W14	Q7565
005.SCG*LB4.CP-8++3.N.-6.34-1.39-1W24	Q7566
005.SCG*LB3.CP15++4.N.24.4-2.8-7W15	Q7567
005.SCG*LB3.CP-8++3.N.-2.14-1.18-2W17	Q7568
005.SCG*LB3.CP-2++1.N.-5.8-1.10-7W5	Q7569
005.SCG*LB4.CP-7++3.N.-4.6-1.8-4W12	Q7570
005.SCG*LB3.CP-3++0.N.-3.4-4.5-4W6	Q7571
005.SCG*LB3.CP15++0.N.-4.7-1.10-1W20	Q7572
005.SCG*LB3.CP15++6.N.-3.9-5.13-4W19	Q7573
005.SCG*LB4.CP-7++2.N.13.8-1.13-5W7	Q7574
005.SCG*LB4.CP-2++1.N.-3.1-2.5-6W22	Q7575
005.SCG*LB3.CP16++2.N.-7.12-2.15-4W21	Q7576
005.SCG*LB4.CP-7++3.N.-2.1-1.7-2W11	Q7577
005.SCG*LB4.CP-7++4.N.-5.1-1.5-2W14	Q7578
005.SCG*LB3.CP-6++8.N.-4.4-2.8-1W25	Q7579
005.SCG*LB1.CP-1++9.N.-4.3-2.4-6W9	Q7580
005.SCG*LB4.CP-7++8.N.-4.1-1.5-1W16	Q7581
005.SCG*LB3.CP16++2.N.-8.6-1.8-6W18	Q7582
005.SCG*LB4.CP-6++0.N.-3.1-1.3-6W8	Q7583
005.SCG*LB4.CP-7++0.N.-5.11-3.15-1W15	Q7584
005.SCG*LB4.CP-6++6.N.11.1-1.9-1W22	Q7585
005.SCG*LB4.CP-5++2.N.10.1-1.6-1W26	Q7586
005.SCG*LB3.CP16++2.N.-7.12-2.15-4W12	Q7587
005.SCG*LB4.CP-1++7.N.-9.1-2.4-2W3	Q7588
005.SCG*LB3.CP14++5.N.-3.1-2.6-2W34	Q7589
005.SCG*LB4.CP-2++3.N.-8.14-5.18-5W17	Q7590
005.SCG*LB3.CP-3++0.N.-3.1-2.4-3W13	Q7591
005.SCG*LB4.CP-7++0.N.-3.14-2.17-6W11	Q7592
005.SCG*LB3.CP-8++8.N.-5.1-2.3-4W16	Q7593
005.SCG*LB4.CP-5++2.N.-6.39-2.43-1W15	Q7594
005.SCG*LB4.CP-7++2.N.14.1-1.4-4W14	Q7595
005.SCG*LB4.CP-6++0.N.-1.6-5.9-4W7	Q7596
005.SCG*LB4.CP-7++3.N.-8.1-1.4-3W9	Q7597
005.SCG*LB3.CP-9++4.N.-8.1-1.5-4W16	Q7598
005.SCG*LB3.CP10++4.N.-7.1-2.3-7W10	Q7599
005.SCG*LB4.CP-7++2.N.13.16-2.19-2W14	Q7600
005.SCG*LB4.CP-7++0.N.-1.1-1.4-1W8	Q7601
005.SCG*LB4.CP-5++9.N.-2.5-7.7-4W6	Q7602
005.SCG*LB3.CP13++2.N.-3.3-4.6-3W3	Q7603
005.SCG*LB4.CP-7++4.N.-5.1-1.5-2W8	Q7604
005.SCG*LB4.CP-7++4.N.-7.6-5.12-1W13	Q7605
005.SCG*LB1.CP--++1.N.-2.16-1.20-1W28	Q7606
005.SCG*LB4.CP-6++9.N.-1.1-1.6-1W32	Q7607
005.SCG*LB3.CP-1++7.N.-5.1-2.8-5W19	Q7608
005.SCG*LB4.CP-6++9.N.-1.11-8.15-3W12	Q7609
005.SCG*LB4.CP-6++9.N.-1.1-1.6-1W15	Q7610
005.SCG*LB4.CP-6++9.N.--.1-1.2-3W7	Q7611
005.SCG*LB4.CP-6++9.N.-2.1-1.4-4W27	Q7612
005.SCG*LB4.CP-6++9.N.-2.5-1.8-4W25	Q7613
005.SCG*LB4.CP-6++9.N.-1.6-2.8-6W21	Q7614
005.SCG*LB4.CP-7++7.N.-6.10-5.11-4W4	Q7615
005.SCG*LB2.CP-8++9.N.22.11-3.12-3W8	Q7616
005.SCG*LB4.CP--++8.N.-4.39-6.44-5W18	Q7617
005.SCG*LB4.CP-8++4.N.-3.5-3.6-5W5	Q7618
005.SCG*LB2.CP-8++8.N.11.1-2.5-1W2	Q7619
005.SCG*LB2.CP-8++9.N.22.1-1.5-1W8	Q7620
005.SCG*LB4.CP-2++1.N.-6.13-5.14-4W7	Q7621
005.SCG*LB2.CP-8++8.N.11.1-2.5-1W15	Q7622
005.SCG*LB2.CP-8++8.N.11.1-2.5-1W10	Q7623
005.SCG*LB2.CP-8++8.N.11.5-2.7-1W13	Q7624
005.SCG*LB4.CP-6++9.N.-3.1-1.4-1W15	Q7625
005.SCG*LB4.CP-2++8.N.-2.4-4.8-4W23	Q7626
005.SCG*LB3.CP-4++4.N.-5.31-1.34-6W22	Q7627
005.SCG*LB2.CP-1++5.N.-9.1-1.1-5W4	Q7628
005.SCG*LB3.CP15++8.N.-1.32-5.35-2W15	Q7629
005.SCG*LB3.CP15++5.N.-7.4-2.6-4W18	Q7630
005.SCG*LB4.CP--++5.N.13.1-1.5-2W8	Q7631
005.SCG*LB1.CP-9++7.N.-5.1-1.2-1W6	Q7632
005.SCG*LB1.CP-7++5.N.-8.1-1.2-1W6	Q7633
005.SCG*LB1.CP-6++0.N.-6.1-1.2-6W3	Q7634
005.SCG*LB4.CP-3++8.N.-8.10-5.12-2W9	Q7635
005.SCG*LB4.CP-7++6.N.-7.21-1.22-2W5	Q7636
005.SCG*LB4.CP-2++2.N.-3.14-1.15-3W10	Q7637
005.SCG*LB3.CP15++4.N.-8.20-3.22-3W12	Q7638
005.SCG*LB3.CP-4++7.N.-6.38-1.44-6W4	Q7639
005.SCG*LB1.CP-1++4.N.-4.6-1.7-1W6	Q7640
005.SCG*LB1.CP--++9.N.-4.5-1.8-3W10	Q7641
005.SCG*LB4.CP-8++3.N.16.34-1.35-3W7	Q7642
005.SCG*LB4.CP--++8.N.-1.1-1.7-3W24	Q7643
005.SCG*LB1.CP-9++1.N.10.1-1.3-1W12	Q7644
005.SCG*LB3.CP15++8.N.-2.6-1.8-3W12	Q7645
005.SCG*LB1.CP--++9.N.-5.1-1.8-2W37	Q7646
005.SCG*LB2.CP-6++9.N.-7.1-1.4-6W11	Q7647
005.SCG*LB1.CP--++6.N.-2.4-1.9-2W16	Q7648
005.SCG*LB3.CP15++5.N.-8.5-3.7-7W17	Q7649
005.SCG*LB4.CP-9++1.N.-8.1-1.4-1W18	Q7650
005.SCG*LB1.CP-6++8.N.-7.1-1.2-1W6	Q7651
005.SCG*LB4.CP-7++1.N.-8.1-1.2-1W6	Q7652
005.SCG*LB1.CP--++6.N.-5.1-1.6-5W27	Q7653
005.SCG*LB4.CP--++4.N.10.1-1.6-5W25	Q7654
005.SCG*LB4.CP--++4.N.15.13-4.16-4W16	Q7655
005.SCG*LB4.CP--++4.N.-4.1-1.3-2W7	Q7656
005.SCG*LB3.CP15++4.N.-8.1-1.6-5W34	Q7657
005.SCG*LB2.CP-7++0.N.-1.1-1.7-3W8	Q7658
005.SCG*LB4.CP--++9.N.-1.1-1.6-3W24	Q7659
005.SCG*LB1.CP-7++8.N.-7.1-1.4-1W5	Q7660
005.SCG*LB1.CP-6++3.N.-1.3-3.4-4W4	Q7661
005.SCG*LB1.CP--++7.N.-2.4-1.6-2W11	Q7662
005.SCG*LB4.CP-5++5.N.10.42-7.47-5W25	Q7663
005.SCG*LB3.CP13++6.N.-7.6-4.8-5W14	Q7664
005.SCG*LB4.CP--++6.N.-2.1-1.3-1W4	Q7665
005.SCG*LB2.CP-5++9.N.-2.1-1.5-1W3	Q7666
005.SCG*LB4.CP-7++6.N.-8.7-3.10-2W12	Q7667
005.SCG*LB4.CP-2++5.N.-4.18-1.20-4W17	Q7668
005.SCG*LB3.CP15++3.N.-2.35-1.38-3W26	Q7669
005.SCG*LB4.CP-6++9.N.-5.15-1.19-5W3	Q7670
005.SCG*LB1.CP--++9.N.-3.1-1.4-2W14	Q7671
005.SCG*LB1.CP-4++3.N.13.3-2.5-1W7	Q7672
005.SCG*LB1.CP-3++9.N.-8.1-1.1-5W5	Q7673
005.SCG*LB1.CP-4++7.N.-8.1-1.1-5W5	Q7674
005.SCG*LB3.CP13++1.N.-8.1-1.2-3W6	Q7675
005.SCG*LB2.CP-2++4.N.-6.1-1.2-1W5	Q7676
005.SCG*LB3.CP15++4.N.-8.10-2.16-2W5	Q7677
005.SCG*LB3.CP11++1.N.-1.27-4.30-2W12	Q7678
005.SCG*LB3.CP15++4.N.21.1-1.8-3W12	Q7679
005.SCG*LB3.CP15++4.N.-8.7-1.10-1W3	Q7680
005.SCG*LB2.CP-7++5.N.-5.1-1.5-3W18	Q7681
005.SCG*LB2.CP-1++6.N.13.1-1.2-4W6	Q7682
005.SCG*LB4.CP--++5.N.-2.1-1.3-2W4	Q7683
005.SCG*LB4.CP--++7.N.25.1-1.8-5W9	Q7684
005.SCG*LB4.CP--++8.N.-1.22-4.26-3W4	Q7685
005.SCG*LB1.CP-2++6.N.-8.1-1.4-9W9	Q7686
005.SCG*LB4.CP--++8.N.-9.52-1.54-4W13	Q7687
005.SCG*LB4.CP-2++7.N.-2.1-1.2-5W11	Q7688
005.SCG*LB4.CP-3++4.N.31.9-5.13-3W3	Q7689
005.SCG*LB1.CP-4++2.N.21.1-1.5-4W10	Q7690
005.SCG*LB1.CP-4++4.N.-9.1-1.2-2W7	Q7691
005.SCG*LB1.CP-1++7.N.-5.6-1.8-6W6	Q7692
005.SCG*LB2.CP--++2.N.-2.18-3.20-3W11	Q7693
005.SCG*LB4.CP--++8.N.-5.44-1.46-2W14	Q7694
005.SCG*LB4.CP-1++7.N.23.12-5.16-2W25	Q7695
005.SCG*LB4.CP-7++7.N.-6.15-2.19-5W16	Q7696
005.SCG*LB4.CP-3++4.N.31.15-4.16-2W4	Q7697
005.SCG*LB4.CP-3++3.N.-1.1-1.3-4W8	Q7698
005.SCG*LB4.CP--++7.N.24.16-1.19-2W14	Q7699
005.SCG*LB4.CP--++7.N.24.22-1.23-4W9	Q7700
005.SCG*LB4.CP-7++2.N.12.1-1.6-5W18	Q7701
005.SCG*LB4.CP--++8.N.-5.46-3.48-6W10	Q7702
005.SCG*LB2.CP-6++0.N.14.1-2.3-1W7	Q7703
005.SCG*LB1.CP-4++3.N.13.18-4.24-4W1	Q7704
005.SCG*LB3.CP-4++8.N.-5.1-2.2-4W6	Q7705
005.SCG*LB4.CP-2++9.N.-5.8-2.10-8W9	Q7706
005.SCG*LB4.CP-7++2.N.13.16-2.19-2W9	Q7707
005.SCG*LB4.CP-7++2.N.11.9-1.17-6W17	Q7708
005.SCG*LB3.CP14++3.N.-5.8-4.12-2W1	Q7709
005.SCG*LB3.CP-4++7.N.-7.4-2.5-7W8	Q7710
005.SCG*LB1.CP-4++2.N.17.7-1.8-3W13	Q7711
005.SCG*LB4.CP-4++3.N.-3.10-5.15-1W13	Q7712
005.SCG*LB1.CP-4++2.N.19.1-1.2-4W8	Q7713
005.SCG*LB4.CP-6++0.N.-1.1-1.5-4W14	Q7714
005.SCG*LB4.CP--++4.N.16.6-2.9-3W1	Q7715
005.SCG*LB4.CP--++9.N.-6.1-1.8-3W53	Q7716
005.SCG*LB4.CP--++5.N.-5.1-1.5-3W22	Q7717
005.SCG*LB4.CP-6++1.N.-3.15-4.17-3W5	Q7718
005.SCG*LB2.CP-7++5.N.-6.1-1.7-2W1	Q7719
005.SCG*LB4.CP-3++8.N.-5.1-2.3-1W19	Q7720
005.SCG*LB4.CP-3++8.N.-6.5-6.7-6W10	Q7721
005.SCG*LB3.CP-4++7.N.-6.1-1.2-6W12	Q7722
005.SCG*LB2.CP-6++9.N.-8.1-1.5-8W20	Q7723
005.SCG*LB4.CP--++5.N.-1.1-1.7-5W41	Q7724
005.SCG*LB4.CP--++5.N.-4.1-1.4-5W18	Q7725
005.SCG*LB4.CP--++3.N.-3.3-2.4-5W7	Q7726
005.SCG*LB4.CP-6++2.N.-4.11-3.12-6W1	Q7727
005.SCG*LB4.CP-6++0.N.-2.8-1.13-2W26	Q7728
005.SCG*LB4.CP--++5.N.-5.7-3.10-5W23	Q7729
005.SCG*LB4.CP-2++8.N.-2.1-1.4-3W23	Q7730
005.SCG*LB4.CP--++7.N.24.1-1.6-2W9	Q7731
005.SCG*LB4.CP--++8.N.-6.15-3.17-1W1	Q7732
005.SCG*LB4.CP--++8.N.-2.27-1.30-1W3	Q7733
005.SCG*LB4.CP-3++2.N.-4.1-1.3-3W15	Q7734
005.SCG*LB1.CP--++3.N.-2.1-1.2-4W8	Q7735
005.SCG*LB4.CP-6++0.N.-1.15-1.17-3W14	Q7736
005.SCG*LB4.CP-7++2.N.13.13-6.16-1W12	Q7737
005.SCG*LB4.CP--++7.N.23.1-1.7-4W19	Q7738
005.SCG*LB4.CP--++8.N.-1.26-4.28-6W19	Q7739
005.SCG*LB4.CP--++4.N.-9.7-4.11-2W9	Q7740
005.SCG*LB2.CP-8++3.N.25.44-3.51-6W4	Q7741
005.SCG*LB4.CP--++8.N.13.1-1.4-1W19	Q7742
005.SCG*LB1.CP-7++2.N.10.1-1.2-4W8	Q7743
005.SCG*LB1.CP-9++5.N.-8.1-1.6-4W4	Q7744
005.SCG*LB1.CP-2++0.N.38.3-1.3-6W6	Q7745
005.SCG*LB2.CP-1++6.N.14.1-1.5-4W4	Q7746
005.SCG*LB4.CP--++9.N.-6.40-8.41-7W10	Q7747
005.SCG*LB1.CP-2++6.N.-1.1-1.3-6W4	Q7748
005.SCG*LB1.CP-2++3.N.-9.1-1.4-4W13	Q7749
005.SCG*LB2.CP-7++3.N.16.10-6.12-2W8	Q7750
005.SCG*LB4.CP-4++1.N.-8.1-1.9-2W23	Q7751
005.SCG*LB4.CP-3++5.N.-6.1-1.7-1W22	Q7752
005.SCG*LB3.CP10++0.N.-5.4-1.7-2W19	Q7753
005.SCG*LB4.CP-5++3.N.15.5-1.6-5W9	Q7754
005.SCG*LB1.CP-4++7.N.-2.4-2.5-4W9	Q7755
005.SCG*LB4.CP-7++9.N.12.13-3.14-2W5	Q7756
005.SCG*LB4.CP-6++2.N.-7.5-5.6-5W4	Q7757
005.SCG*LB4.CP-6++6.N.-4.10-1.14-5W21	Q7758
005.SCG*LB3.CP-9++2.N.-9.7-1.8-4W9	Q7759
005.SCG*LB4.CP-6++6.N.-4.10-1.14-5W30	Q7760
005.SCG*LB2.CP--++2.N.-2.14-1.17-3W15	Q7761
005.SCG*LB3.CP-5++4.N.-9.15-1.17-3W3	Q7762
005.SCG*LB4.CP-2++2.N.-3.5-2.6-4W9	Q7763
005.SCG*LB3.CP-4++8.N.-1.1-1.9-1W21	Q7764
005.SCG*LB1.CP-4++3.N.16.5-1.14-4W52	Q7765
005.SCG*LB2.CP-7++7.N.-4.8-7.10-4W14	Q7766
005.SCG*LB4.CP-5++2.N.19.1-1.5-1W20	Q7767
005.SCG*LB2.CP-4++0.N.-7.1-1.5-3W18	Q7768
005.SCG*LB1.CP-1++7.N.-6.1-1.6-2W8	Q7769
005.SCG*LB4.CP--++8.N.-5.46-3.48-6W16	Q7770
005.SCG*LB3.CP-3++8.N.-1.3-3.5-4W6	Q7771
005.SCG*LB4.CP-3++0.N.-8.4-2.5-4W5	Q7772
005.SCG*LB4.CP-3++8.N.-9.11-4.19-1W12	Q7780
005.SCG*LB3.CP13++2.N.12.5-5.7-6W11	Q7781
005.SCG*LB3.CP-9++1.N.-5.1-1.4-1W15	Q7782
005.SCG*LB3.CP13++1.N.-2.11-5.13-6W6	Q7783
005.SCG*LB4.CP--++7.N.20.10-6.13-6W5	Q7784
005.SCG*LB2.CP-3++0.N.14.30-1.34-5W24	Q7785
005.SCG*LB4.CP-7++6.N.-6.2-2.3-7W1	Q7786
005.SCG*LB3.CP13++5.N.-9.5-2.9-3W4	Q7787
005.SCG*LB3.CP13++1.N.-2.13-7.15-3W7	Q7788
005.SCG*LB2.CP-5++8.N.-9.1-2.5-4W20	Q7789
005.SCG*LB4.CP-1++6.N.-7.5-5.7-6W1	Q7790
005.SCG*LB4.CP-2++5.N.-4.3-1.10-2W12	Q7791
005.SCG*LB3.CP13++1.N.-2.3-5.9-2W23	Q7792
005.SCG*LB3.CP13++4.N.-2.1-1.5-7W7	Q7793
005.SCG*LB1.CP-1++8.N.-1.6-6.8-6W12	Q7794
005.SCG*LB2.CP-5++8.N.-9.1-2.5-4W14	Q7795
005.SCG*LB4.CP--++7.N.20.14-1.18-3W21	Q7796
005.SCG*LB1.CP-1++8.N.-1.9-1.10-4W6	Q7797
005.SCG*LB4.CP-6++9.N.-2.10-5.11-3W3	Q7798
005.SCG*LB4.CP--++6.N.-1.1-1.7-1W6	Q7799
005.SCG*LB3.CP15++4.N.23.11-1.12-4W5	Q7800
005.SCG*LB4.CP-7++3.N.-1.5-3.6-4W7	Q7801
005.SCG*LB4.CP-5++5.N.27.8-1.9-7W3	Q7802
005.SCG*LB4.CP--++2.N.-4.21-1.27-2W15	Q7803
005.SCG*LB3.CP-2++6.N.19.35-4.42-3W16	Q7804
005.SCG*LB4.CP-5++5.N.-4.10-2.14-1W2	Q7805
005.SCG*LB4.CP-5++9.N.-4.1-1.4-2W20	Q7806
005.SCG*LB3.CP12++6.N.-1.1-1.7-3W32	Q7807
005.SCG*LB3.CP-8++5.N.19.12-2.15-4W23	Q7808
005.SCG*LB3.CP15++4.N.17.1-1.7-4W37	Q7809
005.SCG*LB4.CP-9++7.N.-1.3-1.8-2W28	Q7810
005.SCG*LB3.CP12++7.N.-1.3-7.6-1W10	Q7811
005.SCG*LB4.CP-7++6.N.-4.8-5.9-6W3	Q7812
005.SCG*LB4.CP-4++6.N.-2.1-1.2-1W3	Q7813
005.SCG*LB4.CP-5++5.N.-6.20-4.24-5W18	Q7814
005.SCG*LB3.CP14++4.N.-9.10-4.11-2W5	Q7815
005.SCG*LB3.CP11++3.N.-4.9-1.13-1W19	Q7816
005.SCG*LB3.CP-2++3.N.-5.18-2.20-3W11	Q7817
005.SCG*LB4.CP-6++9.N.-3.1-1.4-1W1	Q7818
005.SCG*LB3.CP-3++9.N.-4.15-3.16-4W3	Q7819
005.SCG*LB4.CP-5++7.N.-1.1-1.5-7W25	Q7820
005.SCG*LB3.CP-9++7.N.-7.8-4.11-7W12	Q7821
005.SCG*LB3.CP11++3.N.--.1-1.5-1W21	Q7822
005.SCG*LB4.CP-5++7.N.-2.10-3.14-3W4	Q7823
005.SCG*LB4.CP-5++5.N.-6.1-1.5-2W22	Q7824
005.SCG*LB3.CP-9++1.N.-5.20-4.22-1W9	Q7825
005.SCG*LB4.CP--++2.N.-4.7-1.8-5W4	Q7826
005.SCG*LB3.CP-4++9.N.-8.10-5.14-1W27	Q7827
005.SCG*LB3.CP-6++1.N.-5.10-1.12-2W6	Q7828
005.SCG*LB3.CP-9++2.N.13.19-1.21-5W13	Q7829
005.SCG*LB2.CP-4++4.N.-7.7-3.13-2W19	Q7830
005.SCG*LB2.CP-5++9.N.-8.11-1.12-4W3	Q7831
005.SCG*LB4.CP-9++1.N.-2.6-3.9-4W20	Q7832
005.SCG*LB4.CP-7++2.N.-8.1-1.3-4W7	Q7833
005.SCG*LB1.CP-2++2.N.-6.8-2.10-1W11	Q7834
005.SCG*LB4.CP-9++5.N.-4.1-1.3-2W12	Q7835
005.SCG*LB4.CP-9++1.N.-6.11-7.13-4W11	Q7836
005.SCG*LB3.CP-2++5.N.-2.3-1.5-1W8	Q7837
005.SCG*LB4.CP-5++2.N.-2.24-4.29-2W18	Q7838
005.SCG*LB4.CP-7++9.N.10.15-1.16-3W10	Q7839
005.SCG*LB4.CP-8++6.N.-3.1-1.3-4W10	Q7840
005.SCG*LB4.CP-5++2.N.-2.16-1.21-7W31	Q7841
005.SCG*LB3.CP10++3.N.-5.1-1.5-4W28	Q7842
005.SCG*LB4.CP-8++6.N.-3.13-3.15-4W14	Q7843
005.SCG*LB3.CP13++6.N.-7.9-1.10-3W3	Q7844
005.SCG*LB3.CP13++0.N.-2.5-3.7-2W7	Q7845
005.SCG*LB4.CP-2++8.N.-7.4-6.8-5W5	Q7846
005.SCG*LB1.CP--++2.N.-1.12-2.14-2W15	Q7847
005.SCG*LB3.CP12++5.N.-4.6-3.11-2W11	Q7848
005.SCG*LB4.CP-9++0.N.-7.6-4.8-4W12	Q7849
005.SCG*LB3.CP15++6.N.-5.5-6.8-1W6	Q7850
005.SCG*LB2.CP-6++8.N.-6.10-1.12-4W17	Q7851
005.SCG*LB1.CP-5++1.N.11.1-1.3-4W15	Q7852
005.SCG*LB2.CP-5++9.N.-1.5-1.8-3W17	Q7853
005.SCG*LB1.CP-5++4.N.-4.6-6.9-7W8	Q7854
005.SCG*LB2.CP-5++9.N.11.1-2.4-4W6	Q7855
005.SCG*LB3.CP13++9.N.17.12-3.18-2W13	Q7856
005.SCG*LB3.CP12++5.N.-1.1-1.4-5W20	Q7857
005.SCG*LB3.CP-8++8.N.-5.12-3.16-3W5	Q7858
005.SCG*LB4.CP-5++5.N.13.64-1.65-1W5	Q7859
005.SCG*LB1.CP-4++3.N.16.15-1.21-4W18	Q7860
005.SCG*LB4.CP-4++1.N.13.12-2.18-1W22	Q7861
005.SCG*LB3.CP-2++5.N.-2.5-2.9-6W3	Q7862
005.SCG*LB2.CP-6++0.N.-6.14-1.15-5W7	Q7863
005.SCG*LB3.CP-6++1.N.-5.8-1.9-7W6	Q7864
005.SCG*LB4.CP-5++5.N.28.13-4.17-1W17	Q7865
005.SCG*LB4.CP-6++1.N.-3.8-2.13-5W15	Q7866
005.SCG*LB1.CP-2++2.N.-3.1-1.5-4W31	Q7867
005.SCG*LB2.CP-7++2.N.-4.34-1.39-1W26	Q7868
005.SCG*LB3.CP-9++2.N.12.6-1.10-6W10	Q7869
005.SCG*LB3.CP-2++7.N.-6.1-2.4-4W10	Q7870
005.SCG*LB3.CP-9++2.N.11.8-3.13-2W25	Q7871
005.SCG*LB2.CP-5++9.N.11.1-2.4-4W21	Q7872
005.SCG*LB4.CP-5++2.N.-2.29-3.32-6W10	Q7873
005.SCG*LB3.CP-9++2.N.12.23-3.25-5W8	Q7874
005.SCG*LB3.CP12++5.N.-5.4-3.5-5W9	Q7875
005.SCG*LB2.CP-5++7.N.10.2-5.5-3W5	Q7876
005.SCG*LB3.CP-2++7.N.-6.5-7.9-1W11	Q7877
005.SCG*LB2.CP-7++5.N.-8.7-6.8-6W3	Q7878
005.SCG*LB4.CP-6++1.N.-3.4-1.6-3W8	Q7879
005.SCG*LB2.CP-2++3.N.-9.1-2.5-1W8	Q7880
005.SCG*LB3.CP-8++7.N.-4.7-7.11-5W11	Q7881
005.SCG*LB3.CP-2++7.N.-6.1-2.4-4W19	Q7882
005.SCG*LB3.CP-9++2.N.13.5-2.9-5W29	Q7883
005.SCG*LB1.CP-9++0.N.-6.4-2.7-5W7	Q7884
005.SCG*LB1.CP-2++2.N.-3.5-5.7-5W12	Q7885
005.SCG*LB3.CP12++3.N.-8.12-5.14-4W14	Q7886
005.SCG*LB3.CP12++5.N.-5.6-1.11-3W7	Q7887
005.SCG*LB4.CP-4++1.N.12.27-2.29-6W12	Q7888
005.SCG*LB3.CP--++5.N.11.5-1.12-1W9	Q7889
005.SCG*LB1.CP-4++7.N.-2.6-1.6-6W6	Q7890
005.SCG*LB4.CP-2++1.N.-4.3-1.6-2W4	Q7891
005.SCG*LB4.CP-6++1.N.-3.6-4.8-1W7	Q7892
005.SCG*LB2.CP-5++9.N.-8.13-1.15-3W1	Q7893
005.SCG*LB4.CP-7++2.N.-5.9-6.11-5W17	Q7894
005.SCG*LB1.CP-9++0.N.-6.7-6.9-6W6	Q7895
005.SCG*LB3.CP-4++0.N.-6.1-2.3-2W15	Q7896
005.SCG*LB4.CP-3++5.N.-7.4-6.7-1W12	Q7897
005.SCG*LB4.CP-4++1.N.14.3-4.8-2W27	Q7898
005.SCG*LB3.CP-5++4.N.10.7-2.9-5W8	Q7899
005.SCG*LB2.CP-2++8.N.15.24-1.33-4W52	Q7900
005.SCG*LB2.CP-6++0.N.10.6-5.7-7W10	Q7901
005.SCG*LB3.CP-7++8.N.-3.7-4.11-3W6	Q7902
005.SCG*LB3.CP--++5.N.14.12-2.14-5W13	Q7903
005.SCG*LB2.CP-5++9.N.-8.1-1.9-1W19	Q7904
005.SCG*LB3.CP12++8.N.-6.20-3.25-5W20	Q7905
005.SCG*LB3.CP-3++7.N.-4.1-1.4-8W8	Q7906
005.SCG*LB3.CP-2++3.N.12.1-1.9-1W17	Q7907
005.SCG*LB4.CP-6++1.N.-3.1-1.3-5W8	Q7908
005.SCG*LB4.CP-7++4.N.-7.15-1.17-3W11	Q7909
005.SCG*LB1.CP-2++0.N.18.1-1.7-2W16	Q7910
005.SCG*LB1.CP-1++3.N.18.8-4.12-6W6	Q7911
005.SCG*LB4.CP-9++0.N.-8.8-5.11-4W19	Q7912
005.SCG*LB4.CP-7++9.N.11.13-1.17-5W12	Q7913
005.SCG*LB2.CP-7++4.N.-3.1-1.9-5W39	Q7914
005.SCG*LB3.CP-8++5.N.16.4-3.9-5W15	Q7915
005.SCG*LB2.CP-5++9.N.11.6-5.8-5W3	Q7916
005.SCG*LB3.CP12++0.N.10.4-4.8-2W22	Q7917
005.SCG*LB4.CP-8++7.N.-2.15-5.17-6W15	Q7918
005.SCG*LB4.CP-5++6.N.-1.5-2.7-4W14	Q7919
005.SCG*LB2.CP-7++2.N.-4.34-1.39-1W21	Q7920
005.SCG*LB1.CP-1++3.N.18.1-1.2-4W7	Q7921
005.SCG*LB4.CP-2++8.N.-6.1-1.4-3W26	Q7922
005.SCG*LB1.CP-1++3.N.18.16-1.17-3W4	Q7923
005.SCG*LB4.CP-7++2.N.-7.6-1.10-4W12	Q7924
005.SCG*LB4.CP-6++4.N.-2.12-3.15-3W23	Q7925
005.SCG*LB4.CP-7++2.N.-6.17-3.20-5W21	Q7926
005.SCG*LB3.CP11++7.N.-3.1-2.3-8W17	Q7927
005.SCG*LB3.CP-4++3.N.-3.15-1.18-4W17	Q7928
005.SCG*LB3.CP-6++3.N.-3.24-1.26-3W16	Q7929
005.SCG*LB2.CP-8++0.N.-5.9-7.11-3W6	Q7930
005.SCG*LB2.CP-5++9.N.-8.11-1.12-4W8	Q7931
005.SCG*LB2.CP-5++7.N.15.1-2.5-6W16	Q7932
005.SCG*LB3.CP-9++7.N.-3.38-3.40-5W15	Q7933
005.SCG*LB4.CP-1++5.N.-1.1-1.4-1W20	Q7934
005.SCG*LB3.CP-8++0.N.17.3-1.4-3W6	Q7935
005.SCG*LB4.CP--++6.N.12.1-2.1-4W3	Q7936
005.SCG*LB4.CP-2++3.N.-6.1-1.4-6W14	Q7937
005.SCG*LB2.CP-5++5.N.15.1-1.3-4W12	Q7938
005.SCG*LB3.CP--++8.N.10.19-1.28-1W33	Q7939
005.SCG*LB4.CP-1++7.N.23.8-5.9-4W4	Q7940
005.SCG*LB2.CP-9++5.N.-5.1-1.4-5W23	Q7941
005.SCG*LB4.CP-1++8.N.-6.1-2.5-3W15	Q7942
005.SCG*LB4.CP-1++8.N.-6.5-4.5-6W1	Q7943
005.SCG*LB3.CP-9++3.N.-4.1-1.6-5W14	Q7944
005.SCG*LB4.CP-6++3.N.-1.1-1.8-3W30	Q7945
005.SCG*LB2.CP-6++5.N.-7.1-1.3-5W5	Q7946
005.SCG*LB3.CP-3++9.N.-3.9-3.11-7W3	Q7947
005.SCG*LB4.CP-9++2.N.-2.4-1.6-4W14	Q7948
005.SCG*LB4.CP--++4.N.11.11-1.19-5W10	Q7949
005.SCG*LB3.CP-9++8.N.-6.4-1.9-5W14	Q7950
005.SCG*LB3.CP-9++3.N.-3.1-1.3-5W10	Q7951
005.SCG*LB4.CP-7++9.N.-5.3-5.7-4W13	Q7952
005.SCG*LB2.CP-3++2.N.-1.1-1.6-1W17	Q7953
005.SCG*LB2.CP-3++8.N.--.1-1.3-1W4	Q7954
005.SCG*LB4.CP-4++1.N.-9.1-1.6-3W20	Q7955
005.SCG*LB3.CP15++4.N.16.1-1.4-1W15	Q7956
005.SCG*LB3.CP-3++9.N.-5.6-2.10-2W21	Q7957
005.SCG*LB1.CP-1++2.N.-6.10-1.11-5W10	Q7958
005.SCG*LB2.CP-4++9.N.12.1-1.4-4W10	Q7959
005.SCG*LB3.CP-4++4.N.-5.1-1.4-5W10	Q7960
005.SCG*LB3.CP--++2.N.-3.4-1.6-1W14	Q7961
005.SCG*LB3.CP-2++2.N.-8.15-1.19-4W34	Q7962
005.SCG*LB3.CP13++5.N.-9.5-2.9-3W9	Q7963
005.SCG*LB4.CP-6++9.N.-6.27-4.30-3W18	Q7964
005.SCG*LB4.CP-7++6.N.-1.17-6.21-6W13	Q7965
005.SCG*LB4.CP-1++7.N.-1.3-3.4-2W4	Q7966
005.SCG*LB4.CP-7++3.N.-4.8-5.14-5W33	Q7967
005.SCG*LB4.CP-7++6.N.-7.8-3.10-6W21	Q7968
005.SCG*LB4.CP-7++5.N.-4.11-1.14-1W10	Q7969
005.SCG*LB4.CP-7++3.N.-4.8-5.14-5W8	Q7970
005.SCG*LB4.CP-7++5.N.-2.1-1.7-5W10	Q7971
005.SCG*LB4.CP-7++5.N.-4.8-1.10-3W14	Q7972
005.SCG*LB4.CP-5++9.N.-6.6-1.9-3W13	Q7973
005.SCG*LB4.CP-7++7.N.-2.3-1.3-5W3	Q7974
005.SCG*LB4.CP-6++4.N.-5.9-1.10-4W4	Q7975
005.SCG*LB4.CP-5++9.N.-6.6-1.9-3W20	Q7976
005.SCG*LB4.CP-7++6.N.-1.17-6.21-6W20	Q7977
005.SCG*LB4.CP-7++3.N.-4.8-5.14-5W40	Q7978
005.SCG*LB4.CP-6++9.N.-5.7-1.11-4W23	Q7979
005.SCG*LB4.CP-7++7.N.-2.3-1.3-5W5	Q7980
005.SCG*LB4.CP-5++3.N.-6.5-1.7-4W10	Q7981
005.SCG*LB1.CP--++9.N.-4.5-1.8-3W21	Q7982
005.SCG*LB4.CP-2++2.N.-4.1-1.2-7W7	Q7983
005.SCG*LB3.CP13++6.N.13.7-2.8-4W10	Q7984
005.SCG*LB4.CP-5++5.N.-7.4-1.9-4W25	Q7985
005.SCG*LB3.CP13++2.N.21.2-5.6-2W14	Q7986
005.SCG*LB3.CP14++3.N.-4.4-5.6-2W4	Q7987
005.SCG*LB3.CP-9++4.N.-3.5-6.6-2W2	Q7988
005.SCG*LB2.CP-3++0.N.17.1-1.2-4W5	Q7989
005.SCG*LB3.CP--++5.N.-9.1-1.3-4W12	Q7990
005.SCG*LB3.CP-6++3.N.-3.15-1.17-1W1	Q7991
005.SCG*LB2.CP-7++5.N.-2.27-2.28-6W3	Q7992
005.SCG*LB4.CP-8++3.N.-6.24-3.27-1W11	Q7993
005.SCG*LB4.CP-4++8.N.-3.8-4.11-4W10	Q7994
005.SCG*LB2.CP-3++7.N.-4.17-2.20-2W12	Q7995
005.SCG*LB1.CP-5++1.N.-4.4-2.11-5W39	Q7996
005.SCG*LB4.CP--++1.N.15.13-1.15-5W20	Q7997
005.SCG*LB1.CP-4++3.N.-2.9-1.10-1W6	Q7998
005.SCG*LB3.CP-4++8.N.15.9-3.13-4W22	Q7999
005.SCG*LB1.CP--++6.N.-2.12-1.15-5W27	Q8000
005.SCG*LB3.CP-2++6.N.15.16-1.17-2W2	Q8001
005.SCG*LB4.CP-7++7.N.-5.11-1.13-2W11	Q8002
005.SCG*LB3.CP15++3.N.-2.20-1.24-5W22	Q8003
005.SCG*LB2.CP-9++8.N.11.17-3.19-5W11	Q8004
005.SCG*LB1.CP-2++4.N.-4.1-2.4-1W6	Q8005
005.SCG*LB3.CP-7++2.N.-6.4-1.7-6W17	Q8006
005.SCG*LB4.CP-7++2.N.-6.17-3.20-5W14	Q8007
005.SCG*LB2.CP--++2.N.-3.1-1.4-3W14	Q8008
005.SCG*LB3.CP--++5.N.10.3-2.8-5W10	Q8009
005.SCG*LB2.CP-5++9.N.15.15-5.16-3W3	Q8010
005.SCG*LB3.CP-2++5.N.-5.11-4.14-1W4	Q8011
005.SCG*LB4.CP--++8.N.-4.29-3.31-2W15	Q8012
005.SCG*LB1.CP10++2.N.-2.3-2.6-6W23	Q8013
005.SCG*LB3.CP14++4.N.-2.3-6.5-8W4	Q8014
005.SCG*LB4.CP-7++9.N.-4.1-1.4-4W13	Q8015
005.SCG*LB4.CP-8++5.N.-3.3-1.6-7W16	Q8016
005.SCG*LB3.CP-7++6.N.-1.9-1.11-4W1	Q8017
005.SCG*LB3.CP13++1.N.-5.1-2.7-2W24	Q8018
005.SCG*LB4.CP-1++9.N.-2.13-2.16-1W8	Q8019
005.SCG*LB3.CP--++1.N.-6.15-1.19-2W15	Q8020
005.SCG*LB2.CP-7++3.N.-5.2-4.3-1W6	Q8021
005.SCG*LB2.CP-2++8.N.14.10-1.14-2W31	Q8022
005.SCG*LB3.CP-1++9.N.-4.6-6.8-5W8	Q8023
005.SCG*LB4.CP-5++6.N.-4.8-1.12-1W27	Q8024
005.SCG*LB4.CP-5++5.N.-8.5-1.8-3W15	Q8025
005.SCG*LB3.CP-3++0.N.-6.3-5.5-1W9	Q8026
005.SCG*LB4.CP-8++2.N.-8.13-1.15-3W13	Q8027
005.SCG*LB1.CP-8++2.N.-7.1-1.3-5W8	Q8028
005.SCG*LB3.CP14++3.N.-3.12-3.14-5W3	Q8029
005.SCG*LB1.CP-7++5.N.-4.1-2.5-6W12	Q8030
005.SCG*LB4.CP-7++2.N.13.13-6.16-1W6	Q8031
005.SCG*LB4.CP-3++4.N.26.21-4.22-3W2	Q8032
005.SCG*LB4.CP-2++9.N.-1.7-3.11-1W34	Q8033
005.SCG*LB3.CP15++1.N.-5.9-5.10-4W7	Q8034
005.SCG*LB3.CP-4++9.N.10.11-3.15-2W18	Q8035
005.SCG*LB4.CP-1++6.N.11.9-3.10-6W9	Q8036
005.SCG*LB3.CP15++2.N.-3.1-2.3-2W6	Q8037
005.SCG*LB4.CP-2++2.N.-2.6-7.9-3W10	Q8038
005.SCG*LB4.CP-9++2.N.-7.8-1.13-4W6	Q8039
005.SCG*LB3.CP-4++8.N.-3.9-1.11-7W8	Q8040
005.SCG*LB3.CP15++0.N.-1.1-1.8-1W30	Q8041
005.SCG*LB3.CP14++0.N.-4.17-4.24-2W18	Q8042
005.SCG*LB4.CP-8++3.N.-3.4-3.5-1W3	Q8043
005.SCG*LB4.CP-1++4.N.11.9-4.13-5W6	Q8044
005.SCG*LB1.CP-3++2.N.-3.1-2.5-3W13	Q8045
005.SCG*LB2.CP-8++7.N.-5.13-2.15-6W15	Q8046
005.SCG*LB3.CP-9++5.N.15.15-1.19-6W10	Q8047
005.SCG*LB3.CP14++1.N.-7.6-2.9-1W2	Q8048
005.SCG*LB2.CP-5++5.N.-3.7-3.8-4W5	Q8049
005.SCG*LB1.CP-6++7.N.-8.12-2.16-1W2	Q8050
005.SCG*LB2.CP-4++4.N.-4.24-1.27-3W8	Q8051
005.SCG*LB3.CP-8++0.N.-2.24-1.32-1W24	Q8052
005.SCG*LB4.CP-5++9.N.-3.2-3.3-6W10	Q8053
005.SCG*LB3.CP-6++4.N.11.1-2.3-2W4	Q8054
005.SCG*LB2.CP-6++2.N.-4.3-1.8-3W17	Q8055
005.SCG*LB4.CP-3++4.N.-2.18-1.25-2W4	Q8056
005.SCG*LB4.CP-7++3.N.-2.9-2.14-7W11	Q8057
005.SCG*LB3.CP-9++5.N.14.4-6.7-1W17	Q8058
005.SCG*LB4.CP-3++4.N.29.12-1.14-2W14	Q8059
005.SCG*LB3.CP-9++9.N.-4.1-2.6-2W3	Q8060
005.SCG*LB2.CP-3++8.N.-3.4-3.5-4W3	Q8061
005.SCG*LB3.CP10++5.N.-2.18-4.20-3W5	Q8062
005.SCG*LB3.CP-8++4.N.-5.1-2.4-2W4	Q8063
005.SCG*LB3.CP-6++3.N.-5.6-3.9-3W12	Q8064
005.SCG*LB4.CP-8++6.N.-3.4-1.6-2W9	Q8065
005.SCG*LB3.CP-2++5.N.10.16-3.18-4W11	Q8066
005.SCG*LB4.CP-3++0.N.-8.8-5.13-1W28	Q8067
005.SCG*LB4.CP--++7.N.20.23-1.25-4W4	Q8068
005.SCG*LB3.CP15++3.N.-2.33-3.34-6W1	Q8069
005.SCG*LB2.CP-3++7.N.-2.13-1.19-6W32	Q8070
005.SCG*LB3.CP14++0.N.-3.4-3.8-2W32	Q8071
005.SCG*LB1.CP-9++2.N.-1.1-1.3-1W1	Q8072
005.SCG*LB3.CP-4++8.N.11.14-1.16-1W4	Q8073
005.SCG*LB3.CP-9++7.N.13.21-7.22-4W4	Q8074
005.SCG*LB2.CP-8++9.N.24.6-1.10-2W14	Q8075
005.SCG*LB3.CP-2++2.N.-4.2-2.4-2W6	Q8076
005.SCG*LB3.CP-4++4.N.-2.1-1.2-4W11	Q8077
005.SCG*LB3.CP11++2.N.-3.6-3.9-4W9	Q8078
005.SCG*LB2.CP-6++0.N.-9.3-6.4-4W4	Q8079
005.SCG*LB4.CP-5++5.N.27.22-1.27-1W13	Q8080
005.SCG*LB3.CP-4++3.N.-2.26-6.29-5W4	Q8081
005.SCG*LB3.CP15++4.N.11.15-1.19-2W12	Q8082
005.SCG*LB2.CP-7++9.N.-6.7-5.10-3W1	Q8083
005.SCG*LB2.CP-5++7.N.-6.6-1.12-7W35	Q8084
005.SCG*LB4.CP-8++7.N.-1.1-1.8-3W8	Q8085
005.SCG*LB3.CP-4++8.N.13.10-3.16-1W42	Q8086
005.SCG*LB3.CP-7++3.N.-2.9-2.13-5W13	Q8087
005.SCG*LB2.CP-5++6.N.13.3-3.6-5W24	Q8088
005.SCG*LB4.CP-5++5.N.13.23-3.26-3W3	Q8089
005.SCG*LB1.CP-6++2.N.-2.3-4.4-6W10	Q8090
005.SCG*LB3.CP--++1.N.-2.11-1.12-3W2	Q8091
005.SCG*LB2.CP-9++6.N.10.4-7.5-4W3	Q8092
005.SCG*LB3.CP-5++2.N.-2.1-1.5-4W10	Q8093
005.SCG*LB3.CP15++1.N.-1.1-1.4-3W15	Q8094
005.SCG*LB4.CP-8++1.N.10.1-1.7-6W46	Q8095
005.SCG*LB3.CP14++3.N.-2.3-3.8-3W16	Q8096
005.SCG*LB3.CP15++8.N.-5.1-1.5-6W13	Q8097
005.SCG*LB4.CP-9++1.N.--.1-1.3-2W11	Q8098
005.SCG*LB4.CP-6++3.N.-9.14-5.19-6W32	Q8099
005.SCG*LB2.CP-4++4.N.-7.1-2.3-2W5	Q8100
005.SCG*LB3.CP11++4.N.-5.6-7.9-1W12	Q8101
005.SCG*LB3.CP-2++6.N.-2.5-5.7-6W5	Q8102
005.SCG*LB4.CP-5++5.N.27.1-1.7-4W21	Q8103
005.SCG*LB1.CP-3++7.N.-4.7-1.11-1W15	Q8104
005.SCG*LB3.CP14++2.N.-4.4-5.7-1W17	Q8105
005.SCG*LB2.CP-5++7.N.10.7-6.11-5W28	Q8106
005.SCG*LB3.CP--++5.N.-8.5-1.11-1W9	Q8107
005.SCG*LB2.CP-9++2.N.-5.18-1.21-4W14	Q8108
005.SCG*LB2.CP-7++9.N.-7.5-3.7-4W13	Q8109
005.SCG*LB3.CP-4++8.N.11.3-4.5-2W7	Q8110
005.SCG*LB3.CP12++7.N.-7.8-2.14-4W1	Q8111
005.SCG*LB2.CP-5++9.N.16.5-4.8-1W12	Q8112
005.SCG*LB2.CP-6++8.N.-9.1-1.7-5W39	Q8113
005.SCG*LB3.CP-5++0.N.-6.4-5.10-3W32	Q8114
005.SCG*LB4.CP-1++3.N.-2.8-5.12-5W18	Q8115
005.SCG*LB4.CP-5++2.N.-2.1-1.5-2W23	Q8116
005.SCG*LB3.CP-2++4.N.-4.7-4.13-2W16	Q8117
005.SCG*LB3.CP16++0.N.-2.12-2.14-1W2	Q8118
005.SCG*LB2.CP-3++0.N.13.1-1.7-1W14	Q8119
005.SCG*LB4.CP-1++4.N.14.5-1.9-2W7	Q8120
005.SCG*LB3.CP-2++6.N.15.1-2.4-5W22	Q8121
005.SCG*LB3.CP-4++8.N.11.16-2.17-2W4	Q8122
005.SCG*LB3.CP--++5.N.-9.12-1.15-1W4	Q8123
005.SCG*LB2.CP-9++6.N.-2.3-5.8-7W16	Q8124
005.SCG*LB3.CP13++0.N.-4.4-6.11-7W22	Q8125
005.SCG*LB2.CP-4++0.N.-3.6-6.9-4W6	Q8126
005.SCG*LB2.CP-2++0.N.-3.3-5.10-6W5	Q8127
005.SCG*LB3.CP--++5.N.10.3-2.8-5W23	Q8128
005.SCG*LB2.CP-3++5.N.-8.21-1.23-2W36	Q8129
005.SCG*LB3.CP15++9.N.-1.12-6.14-2W8	Q8130
005.SCG*LB4.CP-4++8.N.-3.11-5.15-6W6	Q8131
005.SCG*LB3.CP14++3.N.-4.1-2.2-8W3	Q8132
005.SCG*LB3.CP13++0.N.-4.2-4.4-5W12	Q8133
005.SCG*LB4.CP--++7.N.-5.1-2.4-1W8	Q8134
005.SCG*LB4.CP-5++4.N.-4.32-4.36-4W8	Q8135
005.SCG*LB3.CP11++2.N.-3.1-2.6-2W28	Q8136
005.SCG*LB3.CP15++1.N.-3.3-4.5-5W12	Q8137
005.SCG*LB4.CP-9++7.N.-3.23-2.27-5W21	Q8138
005.SCG*LB2.CP-7++5.N.-6.14-2.17-5W9	Q8139
005.SCG*LB3.CP14++3.N.-3.1-2.3-5W3	Q8140
005.SCG*LB1.CP-7++2.N.-4.1-2.2-7W3	Q8141
005.SCG*LB3.CP11++4.N.-1.7-4.11-1W21	Q8142
005.SCG*LB3.CP12++2.N.-4.5-6.6-5W8	Q8143
005.SCG*LB3.CP15++6.N.-9.1-1.4-4W21	Q8144
005.SCG*LB2.CP-4++1.N.11.1-1.5-2W24	Q8145
005.SCG*LB3.CP15++0.N.-4.7-1.10-1W12	Q8146
005.SCG*LB3.CP-9++5.N.-4.14-4.17-2W16	Q8147
005.SCG*LB4.CP-5++4.N.-8.29-2.34-3W10	Q8148
005.SCG*LB3.CP-8++0.N.-9.1-1.4-4W18	Q8149
005.SCG*LB4.CP-5++9.N.-4.1-1.4-2W14	Q8150
005.SCG*LB3.CP10++9.N.-8.25-1.32-1W12	Q8151
005.SCG*LB2.CP-4++0.N.-3.17-1.20-4W4	Q8152
005.SCG*LB3.CP-6++4.N.-7.7-4.9-5W3	Q8153
005.SCG*LB2.CP-6++2.N.13.1-2.4-3W2	Q8154
005.SCG*LB2.CP-9++1.N.-2.5-1.9-3W19	Q8155
005.SCG*LB2.CP-4++5.N.-6.5-6.9-6W24	Q8156
005.SCG*LB4.CP-5++2.N.-6.52-1.58-3W38	Q8157
005.SCG*LB1.CP-7++1.N.-5.12-5.14-4W3	Q8158
005.SCG*LB1.CP-3++2.N.-3.8-3.11-2W10	Q8159
005.SCG*LB2.CP-3++6.N.-4.1-1.2-7W9	Q8160
005.SCG*LB2.CP-8++2.N.-4.12-1.14-2W16	Q8161
005.SCG*LB4.CP--++1.N.-5.4-7.7-3W1	Q8162
005.SCG*LB4.CP-3++6.N.-7.7-1.8-1W5	Q8163
005.SCG*LB2.CP-8++8.N.-4.5-1.7-4W9	Q8164
005.SCG*LB4.CP-8++8.N.-5.4-4.6-2W7	Q8165
005.SCG*LB3.CP-2++2.N.-5.1-1.4-1W10	Q8166
005.SCG*LB2.CP-6++0.N.-9.6-2.8-2W10	Q8167
005.SCG*LB3.CP-9++5.N.-4.10-1.14-3W29	Q8168
005.SCG*LB3.CP-9++4.N.-3.8-5.9-5W3	Q8169
005.SCG*LB1.CP-6++0.N.-5.1-2.5-1W27	Q8170
005.SCG*LB4.CP-3++5.N.-1.7-2.8-7W9	Q8171
005.SCG*LB3.CP14++8.N.-4.3-5.5-1W10	Q8172
005.SCG*LB3.CP14++8.N.-6.8-1.9-6W9	Q8173
005.SCG*LB4.CP-2++9.N.-8.6-4.8-1W6	Q8174
005.SCG*LB4.CP-9++7.N.-3.28-1.31-2W15	Q8175
005.SCG*LB3.CP-2++4.N.-3.1-1.10-5W60	Q8176
005.SCG*LB4.CP-7++0.N.-6.3-2.6-4W15	Q8177
005.SCG*LB4.CP-7++2.N.-8.6-2.12-2W25	Q8178
005.SCG*LB3.CP-9++5.N.-3.2-8.4-9W12	Q8179
005.SCG*LB3.CP15++6.N.-7.12-4.13-4W7	Q8180
005.SCG*LB3.CP--++5.N.13.11-7.16-1W6	Q8181
005.SCG*LB2.CP-7++6.N.-7.5-2.7-5W12	Q8182
005.SCG*LB4.CP-3++6.N.10.16-1.20-1W17	Q8183
005.SCG*LB4.CP--++2.N.-1.7-1.9-1W8	Q8184
005.SCG*LB4.CP-3++6.N.10.16-1.20-1W11	Q8185
005.SCG*LB3.CP11++2.N.-3.12-5.17-1W15	Q8186
005.SCG*LB2.CP-3++3.N.-6.3-3.4-7W3	Q8187
005.SCG*LB3.CP15++3.N.-2.15-3.19-3W16	Q8188
005.SCG*LB3.CP-2++5.N.-2.5-2.9-6W29	Q8189
005.SCG*LB3.CP-4++1.N.-2.18-4.21-5W3	Q8190
005.SCG*LB3.CP-2++6.N.19.35-4.42-3W17	Q8191
005.SCG*LB4.CP-2++2.N.-3.7-1.13-2W25	Q8192
005.SCG*LB4.CP-5++2.N.10.6-2.8-3W11	Q8193
005.SCG*LB3.CP-2++6.N.16.1-2.7-1W20	Q8194
005.SCG*LB2.CP-4++6.N.-1.5-1.10-3W18	Q8195
005.SCG*LB2.CP-3++0.N.11.9-1.13-2W23	Q8196
005.SCG*LB3.CP--++4.N.-2.1-1.4-1W5	Q8197
005.SCG*LB2.CP-4++5.N.-3.11-4.13-3W12	Q8198
005.SCG*LB2.CP-7++3.N.15.4-3.7-1W19	Q8199
005.SCG*LB3.CP-2++8.N.-6.6-5.7-4W6	Q8200
005.SCG*LB3.CP-9++7.N.10.18-1.20-2W9	Q8201
005.SCG*LB4.CP-6++6.N.11.1-1.9-1W33	Q8202
005.SCG*LB3.CP-5++9.N.-6.24-5.26-2W6	Q8203
005.SCG*LB2.CP-7++6.N.11.1-2.5-5W14	Q8204
005.SCG*LB3.CP-2++6.N.10.5-4.8-3W17	Q8205
005.SCG*LB4.CP-7++2.N.12.7-1.12-1W33	Q8206
005.SCG*LB4.CP-9++2.N.-4.15-1.16-4W10	Q8207
005.SCG*LB3.CP-6++7.N.-2.10-4.13-3W6	Q8208
005.SCG*LB4.CP--++8.N.-1.13-4.16-7W9	Q8209
005.SCG*LB3.CP-7++3.N.-4.7-1.9-4W8	Q8210
005.SCG*LB2.CP-8++0.N.-9.10-1.13-7W7	Q8211
005.SCG*LB2.CP-1++6.N.11.13-5.15-5W18	Q8212
005.SCG*LB3.CP-1++3.N.-5.1-2.3-5W3	Q8213
005.SCG*LB2.CP-3++0.N.15.18-1.22-1W5	Q8214
005.SCG*LB4.CP-8++3.N.17.10-3.12-6W13	Q8215
005.SCG*LB2.CP-5++7.N.-3.5-7.8-4W12	Q8216
005.SCG*LB1.CP-8++5.N.-6.4-7.5-5W1	Q8217
005.SCG*LB1.CP-2++8.N.-7.2-5.3-4W3	Q8218
005.SCG*LB2.CP-6++0.N.-9.1-2.3-5W2	Q8219
005.SCG*LB3.CP10++4.N.-7.3-8.4-7W5	Q8220
005.SCG*LB2.CP-4++5.N.-3.16-1.18-5W14	Q8221
005.SCG*LB4.CP-5++2.N.-6.59-1.63-2W7	Q8222
005.SCG*LB3.CP-8++5.N.-7.6-5.7-5W5	Q8223
005.SCG*LB2.CP-8++0.N.13.10-5.14-6W3	Q8224
005.SCG*LB3.CP-7++2.N.-5.3-3.6-3W22	Q8225
005.SCG*LB3.CP-1++8.N.-5.9-1.14-1W21	Q8226
005.SCG*LB3.CP-7++5.N.-4.1-2.4-2W13	Q8227
005.SCG*LB2.CP-5++9.N.16.10-6.11-5W6	Q8228
005.SCG*LB3.CP15++1.N.-3.6-1.8-2W20	Q8229
005.SCG*LB2.CP-7++6.N.10.1-2.4-2W17	Q8230
005.SCG*LB2.CP-7++3.N.-6.6-1.7-5W6	Q8231
005.SCG*LB4.CP-7++9.N.11.8-1.9-2W5	Q8232
005.SCG*LB4.CP-2++1.N.-6.10-5.11-3W6	Q8233
005.SCG*LB3.CP-9++7.N.-9.5-1.8-3W21	Q8234
005.SCG*LB1.CP-4++4.N.-8.12-4.14-5W3	Q8235
005.SCG*LB1.CP-6++5.N.-8.7-2.9-1W12	Q8236
005.SCG*LB2.CP-5++5.N.12.10-5.13-2W15	Q8237
005.SCG*LB2.CP-6++0.N.-5.14-4.17-2W12	Q8238
005.SCG*LB3.CP-3++3.N.-4.5-2.9-4W23	Q8239
005.SCG*LB4.CP-4++9.N.-2.5-1.8-1W4	Q8240
005.SCG*LB3.CP14++7.N.-5.1-2.2-4W8	Q8241
005.SCG*LB4.CP-9++7.N.-7.6-2.8-2W11	Q8242
005.SCG*LB2.CP-8++9.N.11.6-4.11-3W23	Q8243
005.SCG*LB3.CP--++4.N.-4.21-3.24-2W18	Q8244
005.SCG*LB1.CP-4++4.N.-7.6-4.7-3W7	Q8245
005.SCG*LB1.CP-5++9.N.-4.17-2.19-6W3	Q8246
005.SCG*LB4.CP-1++9.N.-2.7-4.11-1W24	Q8247
005.SCG*LB1.CP-4++2.N.11.10-3.11-5W3	Q8248
005.SCG*LB4.CP-8++2.N.-9.4-1.5-4W11	Q8249
005.SCG*LB4.CP-9++1.N.-3.12-3.13-6W8	Q8250
005.SCG*LB3.CP-1++9.N.-1.3-2.7-1W15	Q8251
005.SCG*LB3.CP-6++3.N.-3.27-1.30-3W1	Q8252
005.SCG*LB4.CP--++3.N.-1.17-4.18-5W9	Q8253
005.SCG*LB3.CP-1++7.N.-9.6-6.9-6W22	Q8254
005.SCG*LB4.CP-1++4.N.11.4-2.7-4W5	Q8255
005.SCG*LB1.CP-6++7.N.10.5-5.8-4W16	Q8256
005.SCG*LB3.CP-1++7.N.-7.7-5.10-5W17	Q8257
005.SCG*LB3.CP-2++4.N.-4.7-4.13-2W4	Q8258
005.SCG*LB3.CP14++0.N.-3.11-2.16-3W19	Q8259
005.SCG*LB3.CP14++4.N.-9.14-1.19-5W12	Q8260
005.SCG*LB3.CP-4++2.N.11.10-2.13-2W6	Q8261
005.SCG*LB1.CP-3++1.N.-3.12-3.15-6W25	Q8262
005.SCG*LB4.CP-7++2.N.-6.17-3.20-5W8	Q8263
005.SCG*LB3.CP15++3.N.-4.1-2.6-1W20	Q8264
005.SCG*LB3.CP-7++1.N.-7.7-1.14-5W38	Q8265
005.SCG*LB3.CP-8++5.N.-7.1-2.3-4W15	Q8266
005.SCG*LB3.CP-9++5.N.-4.10-1.14-3W14	Q8267
005.SCG*LB4.CP-5++4.N.-8.29-2.34-3W23	Q8268
005.SCG*LB4.CP-9++7.N.-3.36-4.40-5W7	Q8269
005.SCG*LB3.CP10++9.N.-8.25-1.32-1W23	Q8270
005.SCG*LB3.CP-2++0.N.-4.4-1.9-3W27	Q8271
005.SCG*LB3.CP10++5.N.12.1-1.8-5W26	Q8272
005.SCG*LB1.CP-7++9.N.-7.6-5.8-3W7	Q8273
005.SCG*LB3.CP14++7.N.-6.22-2.24-1W8	Q8274
005.SCG*LB4.CP-7++2.N.-8.3-5.6-1W14	Q8275
005.SCG*LB3.CP-6++5.N.-4.4-3.6-2W9	Q8276
005.SCG*LB2.CP-9++8.N.-1.1-1.9-3W41	Q8277
005.SCG*LB4.CP-7++9.N.-3.1-1.3-2W7	Q8278
005.SCG*LB3.CP-6++7.N.-2.1-2.8-3W4	Q8279
005.SCG*LB4.CP--++8.N.-6.30-9.34-8W12	Q8280
005.SCG*LB3.CP-4++8.N.11.5-3.6-6W8	Q8281
005.SCG*LB3.CP15++3.N.-3.13-4.15-5W12	Q8282
005.SCG*LB3.CP-5++3.N.-5.13-5.15-1W11	Q8283
005.SCG*LB4.CP-4++3.N.-2.20-1.22-5W13	Q8284
005.SCG*LB3.CP14++3.N.-3.10-2.12-2W8	Q8285
005.SCG*LB4.CP-7++2.N.12.14-3.17-5W24	Q8286
005.SCG*LB4.CP-7++2.N.-6.9-1.13-6W14	Q8287
005.SCG*LB3.CP-2++2.N.-3.7-3.11-1W7	Q8288
005.SCG*LB3.CP-2++2.N.-4.19-2.24-1W19	Q8289
005.SCG*LB3.CP-9++9.N.-4.1-2.6-2W27	Q8290
005.SCG*LB3.CP11++3.N.-2.4-6.6-5W3	Q8291
005.SCG*LB3.CP-6++2.N.-1.1-1.3-5W10	Q8292
005.SCG*LB4.CP-4++9.N.11.13-1.17-2W23	Q8293
005.SCG*LB3.CP-4++2.N.-1.1-1.9-4W18	Q8294
005.SCG*LB4.CP-8++7.N.-1.1-1.8-3W18	Q8295
005.SCG*LB3.CP15++0.N.-2.14-3.19-3W15	Q8296
005.SCG*LB3.CP15++3.N.-3.11-6.13-3W7	Q8297
005.SCG*LB4.CP-3++4.N.-3.4-2.7-5W19	Q8298
005.SCG*LB3.CP15++8.N.-5.8-1.11-4W9	Q8299
005.SCG*LB2.CP-5++7.N.10.2-5.5-3W17	Q8300
005.SCG*LB3.CP-2++0.N.-6.15-5.25-2W56	Q8301
005.SCG*LB4.CP-1++2.N.-1.1-1.6-4W15	Q8302
005.SCG*LB3.CP-9++7.N.17.10-1.11-1W3	Q8303
005.SCG*LB3.CP-9++2.N.-8.14-1.17-2W7	Q8304
005.SCG*LB4.CP-9++1.N.-6.27-4.29-3W12	Q8305
005.SCG*LB1.CP-3++2.N.-3.8-3.11-2W14	Q8306
005.SCG*LB4.CP-5++4.N.-8.12-1.15-1W22	Q8307
005.SCG*LB1.CP-7++9.N.-7.17-1.21-4W14	Q8308
005.SCG*LB4.CP-7++9.N.12.8-2.11-2W11	Q8309
005.SCG*LB2.CP-2++2.N.-5.4-2.6-4W7	Q8310
005.SCG*LB3.CP12++2.N.-7.3-5.7-1W25	Q8311
005.SCG*LB3.CP-7++2.N.-4.13-4.17-2W6	Q8312
005.SCG*LB4.CP-1++1.N.11.8-5.11-1W14	Q8313
005.SCG*LB3.CP12++0.N.16.9-4.12-2W7	Q8314
005.SCG*LB2.CP-4++4.N.-7.7-3.13-2W7	Q8315
005.SCG*LB3.CP10++2.N.-7.4-3.6-2W13	Q8316
005.SCG*LB3.CP15++9.N.-1.21-1.24-5W20	Q8317
005.SCG*LB3.CP14++7.N.--.1-1.2-4W8	Q8318
005.SCG*LB3.CP-2++2.N.-7.10-3.14-2W11	Q8319
005.SCG*LB3.CP11++7.N.-3.1-2.3-8W5	Q8320
005.SCG*LB3.CP-8++0.N.-2.24-1.32-1W11	Q8321
005.SCG*LB3.CP-7++4.N.-5.10-1.12-4W16	Q8322
005.SCG*LB3.CP11++7.N.-4.1-2.4-1W14	Q8323
005.SCG*LB1.CP-4++4.N.-6.1-2.5-3W24	Q8324
005.SCG*LB1.CP-6++9.N.12.4-1.6-4W13	Q8325
005.SCG*LB3.CP-9++2.N.-8.1-1.3-5W1	Q8326
005.SCG*LB3.CP-8++0.N.11.10-2.14-3W21	Q8327
005.SCG*LB2.CP-5++9.N.16.1-2.3-6W2	Q8328
005.SCG*LB4.CP-5++0.N.-1.4-2.6-2W1	Q8329
005.SCG*LB2.CP-4++6.N.-2.6-2.8-6W9	Q8330
005.SCG*LB3.CP10++3.N.-4.9-1.13-2W13	Q8331
005.SCG*LB3.CP-9++5.N.16.11-2.14-3W14	Q8332
005.SCG*LB4.CP--++2.N.-5.1-1.4-3W9	Q8333
005.SCG*LB3.CP-6++5.N.-8.8-8.13-8W20	Q8334
005.SCG*LB4.CP-5++5.N.-9.6-4.9-5W5	Q8335
005.SCG*LB2.CP-8++3.N.12.30-3.34-1W29	Q8336
005.SCG*LB1.CP-7++5.N.-7.1-2.2-1W2	Q8337
005.SCG*LB3.CP--++4.N.-5.16-5.20-3W17	Q8338
005.SCG*LB4.CP-1++3.N.-3.7-3.9-6W17	Q8339
005.SCG*LB3.CP-6++3.N.-6.1-1.6-4W8	Q8340
005.SCG*LB3.CP-5++0.N.-2.1-1.3-3W11	Q8341
005.SCG*LB3.CP-4++4.N.-4.18-4.21-3W15	Q8342
005.SCG*LB2.CP-6++2.N.13.5-1.7-4W3	Q8343
005.SCG*LB4.CP-7++7.N.-6.11-5.15-1W5	Q8344
005.SCG*LB4.CP-1++7.N.14.11-1.14-1W12	Q8345
005.SCG*LB4.CP-8++4.N.-2.20-1.22-5W15	Q8346
005.SCG*LB2.CP-6++0.N.-3.6-1.10-5W12	Q8347
005.SCG*LB4.CP-9++2.N.-2.10-2.11-7W10	Q8348
005.SCG*LB4.CP-5++5.N.27.12-3.18-4W43	Q8349
005.SCG*LB4.CP-5++4.N.-3.38-4.45-2W6	Q8350
005.SCG*LB3.CP14++3.N.-4.8-2.9-5W3	Q8351
005.SCG*LB2.CP-4++5.N.-2.12-3.18-5W7	Q8352
005.SCG*LB2.CP-7++9.N.14.1-1.5-5W23	Q8353
005.SCG*LB4.CP-9++1.N.-8.1-1.4-1W7	Q8354
005.SCG*LB2.CP-2++8.N.-9.5-3.6-5W10	Q8355
005.SCG*LB3.CP-8++9.N.-2.6-2.8-5W6	Q8356
005.SCG*LB3.CP--++1.N.-5.9-4.12-1W13	Q8357
005.SCG*LB3.CP--++1.N.-3.7-1.10-5W8	Q8358
005.SCG*LB3.CP15++2.N.-3.7-2.10-4W5	Q8359
005.SCG*LB3.CP14++9.N.-7.3-4.8-5W38	Q8360
005.SCG*LB3.CP-5++8.N.-1.1-1.8-1W5	Q8361
005.SCG*LB4.CP-5++2.N.-6.48-2.51-2W12	Q8362
005.SCG*LB3.CP14++1.N.-2.8-3.10-1W1	Q8363
005.SCG*LB3.CP-9++4.N.-3.6-3.8-4W5	Q8364
005.SCG*LB1.CP-7++1.N.12.10-2.11-5W3	Q8365
005.SCG*LB2.CP-8++3.N.31.1-2.5-1W9	Q8366
005.SCG*LB3.CP-2++2.N.-4.8-1.10-7W7	Q8367
005.SCG*LB4.CP-5++1.N.-6.1-2.3-2W2	Q8368
005.SCG*LB3.CP-2++7.N.-2.7-3.9-5W6	Q8369
005.SCG*LB1.CP-6++9.N.12.13-3.14-2W7	Q8370
005.SCG*LB3.CP-2++7.N.-2.4-1.7-2W10	Q8371
005.SCG*LB3.CP-4++8.N.-3.12-1.13-5W11	Q8372
005.SCG*LB1.CP-7++1.N.14.9-6.10-4W3	Q8373
005.SCG*LB3.CP-6++2.N.11.9-3.11-2W11	Q8374
005.SCG*LB4.CP-3++8.N.-7.6-3.8-3W11	Q8375
005.SCG*LB2.CP-8++9.N.-9.15-5.17-1W9	Q8376
005.SCG*LB2.CP-6++2.N.-1.7-4.12-4W25	Q8377
005.SCG*LB3.CP-4++2.N.11.1-1.5-7W25	Q8378
005.SCG*LB4.CP-4++9.N.-3.1-1.4-1W4	Q8379
005.SCG*LB3.CP-1++0.N.14.1-1.2-3W5	Q8380
005.SCG*LB4.CP-7++2.N.12.1-1.6-5W13	Q8381
005.SCG*LB2.CP-4++7.N.-4.4-3.6-1W10	Q8382
005.SCG*LB3.CP-9++2.N.-8.20-5.26-3W27	Q8383
005.SCG*LB2.CP-3++0.N.14.1-1.3-4W15	Q8384
005.SCG*LB4.CP-8++1.N.-4.3-4.6-4W4	Q8385
005.SCG*LB4.CP-5++4.N.-9.22-1.24-5W7	Q8386
005.SCG*LB3.CP-4++6.N.-5.6-5.9-6W20	Q8387
005.SCG*LB3.CP--++5.N.14.2-4.5-6W12	Q8388
005.SCG*LB3.CP-4++8.N.-3.12-1.13-5W5	Q8389
005.SCG*LB4.CP-2++7.N.-1.12-6.15-2W8	Q8390
005.SCG*LB3.CP-6++5.N.-2.1-1.3-2W12	Q8391
005.SCG*LB2.CP-4++7.N.-4.8-6.11-3W17	Q8392
005.SCG*LB3.CP-2++3.N.-5.5-1.8-6W17	Q8393
005.SCG*LB4.CP-8++3.N.-6.7-1.10-2W19	Q8394
005.SCG*LB3.CP14++3.N.-1.13-1.20-3W11	Q8395
005.SCG*LB3.CP-2++7.N.10.5-3.11-3W33	Q8396
005.SCG*LB3.CP--++2.N.-3.4-1.6-1W11	Q8397
005.SCG*LB2.CP-3++0.N.11.16-7.20-2W13	Q8398
005.SCG*LB4.CP-3++5.N.11.1-2.5-4W13	Q8399
005.SCG*LB4.CP-7++2.N.-7.10-5.13-1W9	Q8400
005.SCG*LB3.CP-3++9.N.-6.1-2.2-5W3	Q8401
005.SCG*LB3.CP14++3.N.-5.8-4.12-2W20	Q8402
005.SCG*LB3.CP-6++7.N.-2.1-2.8-3W24	Q8403
005.SCG*LB4.CP-7++9.N.11.13-1.17-5W7	Q8404
005.SCG*LB4.CP-5++7.N.-1.13-1.16-2W6	Q8405
005.SCG*LB3.CP-2++6.N.21.3-2.8-4W14	Q8406
005.SCG*LB3.CP-9++9.N.-4.6-3.8-1W13	Q8407
005.SCG*LB2.CP-8++0.N.-8.11-6.13-6W8	Q8408
005.SCG*LB3.CP12++0.N.17.1-2.4-1W5	Q8409
005.SCG*LB1.CP-9++1.N.-4.1-2.7-2W25	Q8410
005.SCG*LB3.CP-7++2.N.-4.13-4.17-2W1	Q8411
005.SCG*LB3.CP13++2.N.14.9-4.13-5W3	Q8412
005.SCG*LB4.CP-4++8.N.-3.5-3.8-3W7	Q8413
005.SCG*LB3.CP-4++2.N.11.6-1.10-1W16	Q8414
005.SCG*LB2.CP-7++6.N.19.15-5.17-2W5	Q8415
005.SCG*LB3.CP-1++0.N.11.19-1.21-3W14	Q8416
005.SCG*LB3.CP--++4.N.-3.1-2.5-6W6	Q8417
005.SCG*LB2.CP-6++2.N.-2.7-4.9-2W9	Q8418
005.SCG*LB3.CP10++9.N.-3.8-3.11-6W21	Q8419
005.SCG*LB3.CP--++2.N.-6.4-5.7-1W10	Q8420
005.SCG*LB2.CP-8++9.N.11.1-1.6-3W30	Q8421
005.SCG*LB4.CP-6++3.N.12.14-2.16-1W3	Q8422
005.SCG*LB3.CP15++3.N.-5.6-6.10-2W23	Q8423
005.SCG*LB4.CP-6++3.N.-9.11-7.14-4W7	Q8424
005.SCG*LB1.CP-7++1.N.-7.10-6.11-5W5	Q8425
005.SCG*LB4.CP-2++1.N.-8.5-3.8-1W10	Q8426
005.SCG*LB4.CP--++8.N.-1.19-3.22-3W5	Q8427
005.SCG*LB4.CP-2++1.N.-8.11-1.15-1W22	Q8428
005.SCG*LB2.CP-5++8.N.-5.2-5.3-2W3	Q8429
005.SCG*LB3.CP-9++5.N.-2.6-1.12-5W31	Q8430
005.SCG*LB3.CP-2++6.N.13.5-4.8-4W4	Q8431
005.SCG*LB3.CP-7++3.N.-3.3-2.5-1W6	Q8432
005.SCG*LB3.CP15++0.N.-7.9-5.13-2W9	Q8433
005.SCG*LB4.CP-6++3.N.-7.12-5.22-2W63	Q8434
005.SCG*LB4.CP-8++6.N.-1.19-3.21-6W17	Q8435
005.SCG*LB2.CP-8++9.N.13.14-1.17-1W14	Q8436
005.SCG*LB3.CP-2++6.N.13.3-6.5-3W10	Q8437
005.SCG*LB1.CP-7++1.N.-6.11-3.12-1W3	Q8438
005.SCG*LB3.CP-8++4.N.12.1-1.6-2W16	Q8439
005.SCG*LB2.CP-3++1.N.-2.11-2.14-8W23	Q8440
005.SCG*LB3.CP13++4.N.-4.6-1.8-1W13	Q8441
005.SCG*LB2.CP--++3.N.-5.1-2.6-4W23	Q8442
005.SCG*LB2.CP-5++5.N.-7.22-1.24-3W9	Q8443
005.SCG*LB4.CP-5++5.N.29.5-1.6-3W7	Q8444
005.SCG*LB2.CP-5++4.N.10.6-1.10-6W6	Q8445
005.SCG*LB3.CP-9++2.N.-8.20-5.26-3W15	Q8446
005.SCG*LB3.CP--++5.N.12.1-1.8-2W15	Q8447
005.SCG*LB3.CP-4++2.N.-4.20-4.24-1W27	Q8448
005.SCG*LB3.CP--++4.N.-4.24-3.27-2W16	Q8449
005.SCG*LB3.CP10++9.N.-8.5-5.9-7W12	Q8450
005.SCG*LB3.CP-7++0.N.-6.14-6.17-2W10	Q8451
005.SCG*LB2.CP-8++0.N.-9.31-2.33-5W14	Q8452
005.SCG*LB2.CP-8++3.N.31.5-2.6-3W4	Q8453
005.SCG*LB3.CP-3++4.N.-3.1-2.3-4W9	Q8454
005.SCG*LB2.CP-2++8.N.15.15-1.23-2W32	Q8455
005.SCG*LB3.CP15++3.N.-6.1-1.4-1W18	Q8456
005.SCG*LB2.CP-7++4.N.-2.31-4.34-4W9	Q8457
005.SCG*LB3.CP-6++5.N.-8.6-1.8-7W9	Q8458
005.SCG*LB3.CP-7++5.N.-7.1-1.5-4W15	Q8459
005.SCG*LB2.CP-9++3.N.-4.1-2.5-2W21	Q8460
005.SCG*LB3.CP12++9.N.-5.8-3.10-3W7	Q8461
005.SCG*LB3.CP-2++6.N.19.32-1.35-3W2	Q8462
005.SCG*LB1.CP-5++5.N.-4.2-6.5-4W6	Q8463
005.SCG*LB3.CP13++6.N.-2.4-1.8-5W19	Q8464
005.SCG*LB3.CP-2++4.N.-7.5-1.6-6W14	Q8465
005.SCG*LB3.CP-6++5.N.-3.7-3.8-7W7	Q8466
005.SCG*LB3.CP12++3.N.-2.2-4.8-1W22	Q8467
005.SCG*LB4.CP-6++5.N.-3.12-2.14-1W6	Q8468
005.SCG*LB4.CP-4++1.N.14.8-3.14-2W12	Q8469
005.SCG*LB3.CP-6++5.N.-2.11-6.13-4W8	Q8470
005.SCG*LB4.CP-8++0.N.-2.5-1.8-1W23	Q8471
005.SCG*LB3.CP13++1.N.-3.1-2.3-4W10	Q8472
005.SCG*LB4.CP-8++2.N.-6.15-4.16-3W6	Q8473
005.SCG*LB3.CP13++5.N.24.24-7.31-6W6	Q8474
005.SCG*LB3.CP-2++2.N.-6.1-1.6-6W32	Q8475
005.SCG*LB3.CP-6++6.N.-2.2-4.4-2W3	Q8476
005.SCG*LB3.CP-7++2.N.-4.20-2.23-1W14	Q8477
005.SCG*LB3.CP-7++4.N.-5.24-2.26-7W11	Q8478
005.SCG*LB1.CP-9++1.N.-3.3-3.8-7W21	Q8479
005.SCG*LB3.CP-6++5.N.-6.7-5.9-2W5	Q8480
005.SCG*LB3.CP--++3.N.-4.1-2.4-5W14	Q8481
005.SCG*LB2.CP-8++2.N.-5.5-3.7-1W8	Q8482
005.SCG*LB2.CP-7++4.N.-8.4-5.8-3W21	Q8483
005.SCG*LB4.CP-8++6.N.-1.6-3.9-1W18	Q8484
005.SCG*LB4.CP-8++5.N.-3.26-4.30-1W25	Q8485
005.SCG*LB4.CP-7++0.N.-5.4-3.7-1W18	Q8486
005.SCG*LB1.CP-7++8.N.-1.1-1.6-8W12	Q8487
005.SCG*LB4.CP-7++6.N.-7.22-3.25-4W23	Q8488
005.SCG*LB3.CP-6++7.N.-3.9-5.16-2W26	Q8489
005.SCG*LB3.CP13++1.N.-2.11-5.13-6W8	Q8490
005.SCG*LB4.CP-7++0.N.10.1-1.7-4W37	Q8491
005.SCG*LB3.CP13++6.N.14.4-2.7-1W12	Q8492
005.SCG*LB2.CP-7++4.N.10.6-2.10-1W4	Q8493
005.SCG*LB3.CP-7++0.N.-5.7-1.15-2W24	Q8494
005.SCG*LB3.CP-6++5.N.--.1-1.2-2W3	Q8495
005.SCG*LB2.CP-9++3.N.-4.1-2.5-2W26	Q8496
005.SCG*LB2.CP-7++4.N.-8.4-5.8-3W15	Q8497
005.SCG*LB3.CP15++8.N.-3.1-2.3-1W14	Q8498
005.SCG*LB3.CP12++6.N.-4.3-6.6-1W5	Q8499
005.SCG*LB3.CP-6++5.N.-8.20-6.21-6W7	Q8500
005.SCG*LB4.CP-7++6.N.-3.7-2.9-3W6	Q8501
005.SCG*LB3.CP-7++2.N.-3.5-8.7-6W13	Q8502
005.SCG*LB2.CP-7++4.N.-9.2-3.4-7W8	Q8503
005.SCG*LB4.CP-8++2.N.-6.3-1.5-4W15	Q8504
005.SCG*LB2.CP-7++3.N.36.1-1.9-4W21	Q8505
005.SCG*LB3.CP12++9.N.-5.10-4.12-4W9	Q8506
005.SCG*LB2.CP-7++4.N.-2.13-1.21-2W4	Q8507
005.SCG*LB3.CP-2++2.N.-8.1-1.4-5W8	Q8508
005.SCG*LB4.CP-7++6.N.-3.4-4.7-1W14	Q8509
005.SCG*LB3.CP-1++9.N.-3.2-5.6-1W16	Q8510
005.SCG*LB4.CP-1++3.N.-8.1-1.5-2W24	Q8511
005.SCG*LB3.CP13++1.N.-3.4-1.5-3W8	Q8512
005.SCG*LB4.CP-6++1.N.-1.6-3.9-2W16	Q8513
005.SCG*LB2.CP-3++3.N.-5.1-2.4-3W20	Q8514
005.SCG*LB3.CP-7++0.N.-5.7-1.15-2W53	Q8515
005.SCG*LB3.CP-7++5.N.-8.4-2.8-6W14	Q8516
005.SCG*LB2.CP-7++3.N.33.7-1.8-5W12	Q8517
005.SCG*LB4.CP-5++8.N.-4.11-4.13-2W12	Q8518
005.SCG*LB4.CP-6++5.N.-3.14-2.16-3W8	Q8519
005.SCG*LB2.CP-2++5.N.19.1-1.3-2W9	Q8520
005.SCG*LB4.CP-8++3.N.-2.12-1.16-3W18	Q8521
005.SCG*LB2.CP-7++4.N.--.1-1.3-4W10	Q8522
005.SCG*LB3.CP-9++4.N.15.8-3.10-6W17	Q8523
005.SCG*LB4.CP-5++8.N.-5.4-4.7-1W11	Q8524
005.SCG*LB4.CP--++7.N.18.6-3.9-6W18	Q8525
005.SCG*LB2.CP-7++4.N.-2.35-1.45-1W8	Q8526
005.SCG*LB4.CP-6++5.N.-3.14-2.16-3W16	Q8527
005.SCG*LB2.CP-5++5.N.13.26-4.30-2W13	Q8528
005.SCG*LB2.CP-4++1.N.-5.16-7.17-6W7	Q8529
005.SCG*LB2.CP-3++3.N.-5.1-2.4-3W10	Q8530
005.SCG*LB3.CP13++1.N.-2.3-5.9-2W32	Q8531
005.SCG*LB4.CP-8++3.N.10.1-2.2-4W4	Q8532
005.SCG*LB2.CP-7++4.N.-2.21-3.25-4W7	Q8533
005.SCG*LB2.CP-9++3.N.-4.7-4.10-3W6	Q8534
005.SCG*LB3.CP15++8.N.-3.6-7.10-2W17	Q8535
005.SCG*LB3.CP13++5.N.23.19-1.24-5W38	Q8536
005.SCG*LB2.CP-7++3.N.30.9-1.13-7W24	Q8537
005.SCG*LB3.CP-6++5.N.-6.5-6.7-4W3	Q8538
005.SCG*LB2.CP-2++5.N.19.5-5.7-6W11	Q8539
005.SCG*LB4.CP-8++3.N.-2.12-1.16-3W26	Q8540
005.SCG*LB3.CP13++6.N.-2.4-1.8-5W10	Q8541
005.SCG*LB3.CP-6++5.N.-1.1-1.3-1W15	Q8542
005.SCG*LB4.CP-4++5.N.-4.13-1.17-1W21	Q8543
005.SCG*LB2.CP--++1.N.-4.3-7.5-3W13	Q8544
005.SCG*LB3.CP13++1.N.-4.3-1.4-5W5	Q8545
005.SCG*LB3.CP12++3.N.-2.2-4.8-1W7	Q8546
005.SCG*LB3.CP-7++5.N.10.9-3.13-4W12	Q8547
005.SCG*LB3.CP-3++0.N.-4.3-1.6-3W25	Q8548
005.SCG*LB3.CP-2++2.N.-6.14-4.20-2W31	Q8549
005.SCG*LB3.CP-7++3.N.-2.4-3.7-2W7	Q8550
005.SCG*LB3.CP13++1.N.-3.5-4.7-5W9	Q8551
005.SCG*LB3.CP-7++3.N.-2.22-2.24-5W7	Q8552
005.SCG*LB2.CP-5++5.N.13.21-4.26-3W10	Q8553
005.SCG*LB3.CP-7++3.N.-2.1-1.4-2W17	Q8554
005.SCG*LB4.CP-8++3.N.17.25-4.30-3W5	Q8555
005.SCG*LB3.CP-6++5.N.-4.33-1.34-3W6	Q8556
005.SCG*LB3.CP14++6.N.-4.2-6.4-3W7	Q8557
005.SCG*LB2.CP-9++9.N.-7.1-1.3-6W4	Q8558
005.SCG*LB4.CP-2++3.N.-2.1-1.5-1W3	Q8559
005.SCG*LB1.CP-2++9.N.-1.1-1.3-4W16	Q8560
005.SCG*LB4.CP-3++4.N.-3.1-1.4-1W5	Q8561
005.SCG*LB4.CP-5++2.N.-4.1-1.9-2W26	Q8562
005.SCG*LB1.CP-8++1.N.-7.1-1.6-2W3	Q8563
005.SCG*LB1.CP-5++6.N.-5.5-3.8-4W14	Q8564
005.SCG*LB3.CP-2++3.N.-9.6-4.10-6W8	Q8565
005.SCG*LB4.CP-6++3.N.-9.1-1.2-3W6	Q8566
005.SCG*LB1.CP-8++2.N.-9.2-1.15-4W21	Q8567
005.SCG*LB4.CP-4++1.N.-6.9-3.13-5W1	Q8568
005.SCG*LB4.CP-1++0.N.-1.1-1.7-1W4	Q8569
005.SCG*LB2.CP-8++4.N.-6.5-3.11-3W9	Q8570
005.SCG*LB1.CP-5++7.N.-2.4-3.7-3W19	Q8571
005.SCG*LB2.CP10++1.N.-2.9-3.10-5W11	Q8572
005.SCG*LB3.CP13++5.N.20.18-1.22-7W23	Q8573
005.SCG*LB2.CP--++4.N.-2.14-4.17-6W9	Q8574
005.SCG*LB2.CP-5++6.N.-8.1-1.3-1W4	Q8575
005.SCG*LB2.CP-3++7.N.-2.13-1.19-6W11	Q8576
005.SCG*LB3.CP15++4.N.25.1-1.3-2W10	Q8577
005.SCG*LB2.CP--++4.N.-1.10-3.12-2W5	Q8578
005.SCG*LB3.CP-9++2.N.-5.1-1.2-1W6	Q8579
005.SCG*LB3.CP-2++2.N.-7.20-5.22-2W5	Q8580
005.SCG*LB2.CP-3++7.N.-3.3-5.6-4W13	Q8581
005.SCG*LB2.CP-9++8.N.-8.1-1.9-2W1	Q8582
005.SCG*LB1.CP-7++0.N.-6.8-1.9-7W4	Q8583
005.SCG*LB2.CP-2++8.N.13.1-1.4-5W6	Q8584
005.SCG*LB3.CP15++0.N.-2.14-3.19-3W8	Q8585
005.SCG*LB2.CP--++2.N.-2.1-1.3-4W14	Q8586
005.SCG*LB2.CP-9++8.N.10.3-2.9-1W21	Q8587
005.SCG*LB4.CP-2++2.N.-6.7-5.10-4W3	Q8588
005.SCG*LB2.CP-6++8.N.-6.1-1.3-1W7	Q8589
005.SCG*LB1.CP-5++5.N.-4.10-5.13-1W5	Q8590
005.SCG*LB1.CP-5++3.N.-4.1-1.7-1W26	Q8591
005.SCG*LB3.CP13++2.N.12.8-3.9-1W1	Q8592
005.SCG*LB3.CP-9++5.N.-1.1-1.4-3W1	Q8593
005.SCG*LB3.CP10++4.N.-1.7-3.9-5W12	Q8594
005.SCG*LB3.CP12++4.N.-2.1-1.2-1W5	Q8595
005.SCG*LB3.CP10++9.N.-9.20-3.25-1W17	Q8596
005.SCG*LB3.CP10++0.N.-1.1-1.4-3W1	Q8597
005.SCG*LB3.CP13++8.N.-5.1-1.5-3W4	Q8598
005.SCG*LB3.CP15++4.N.24.1-1.4-1W6	Q8599
005.SCG*LB1.CP-5++7.N.-3.3-1.6-2W5	Q8600
005.SCG*LB3.CP-8++4.N.-9.1-2.3-3W6	Q8601
005.SCG*LB4.CP-6++3.N.10.1-1.6-5W13	Q8602
005.SCG*LB1.CP-5++8.N.-3.1-2.3-3W12	Q8603
005.SCG*LB3.CP--++2.N.-4.13-1.22-5W52	Q8604
005.SCG*LB3.CP--++2.N.-4.13-1.22-5W48	Q8605
005.SCG*LB1.CP10++2.N.-1.1-1.2-5W5	Q8606
005.SCG*LB1.CP-5++4.N.-7.1-1.7-8W28	Q8607
005.SCG*LB1.CP-5++4.N.-4.10-1.12-4W7	Q8608
005.SCG*LB3.CP-8++0.N.-4.18-4.22-1W10	Q8609
005.SCG*LB1.CP-5++5.N.-6.1-2.7-1W30	Q8610
005.SCG*LB2.CP-3++1.N.-5.3-4.6-4W14	Q8611
005.SCG*LB3.CP-9++0.N.-7.12-1.14-5W18	Q8612
005.SCG*LB4.CP-3++4.N.26.8-2.12-1W5	Q8613
005.SCG*LB2.CP-3++7.N.-2.45-1.51-1W14	Q8614
005.SCG*LB4.CP-5++9.N.-1.4-1.7-7W13	Q8615
005.SCG*LB4.CP-5++5.N.-5.16-1.17-6W1	Q8616
005.SCG*LB2.CP-7++3.N.36.1-1.9-4W13	Q8617
005.SCG*LB4.CP-2++6.N.-5.8-2.9-9W2	Q8618
005.SCG*LB1.CP-5++7.N.-2.1-1.4-2W10	Q8619
005.SCG*LB1.CP--++1.N.-3.11-2.12-5W9	Q8620
005.SCG*LB1.CP-3++0.N.-1.1-1.4-4W4	Q8621
005.SCG*LB4.CP-7++8.N.-7.1-1.3-1W6	Q8622
005.SCG*LB3.CP-4++1.N.-2.1-1.6-4W19	Q8623
005.SCG*LB2.CP-4++6.N.-3.2-5.5-1W7	Q8624
005.SCG*LB2.CP-3++7.N.-2.51-2.55-7W19	Q8625
005.SCG*LB2.CP-1++3.N.-2.1-1.4-4W25	Q8626
005.SCG*LB3.CP-9++7.N.12.1-1.3-4W3	Q8627
005.SCG*LB4.CP-3++7.N.10.1-2.4-2W4	Q8628
005.SCG*LB4.CP-1++3.N.-5.1-1.5-3W23	Q8629
005.SCG*LB3.CP-2++2.N.-6.1-1.6-6W1	Q8630
005.SCG*LB2.CP-7++3.N.25.14-2.16-1W7	Q8631
005.SCG*LB4.CP-5++2.N.16.1-1.6-2W1	Q8632
005.SCG*LB4.CP-2++3.N.14.2-4.5-2W19	Q8633
005.SCG*LB2.CP-6++3.N.-6.1-1.3-5W9	Q8634
005.SCG*LB3.CP-9++0.N.-7.12-1.14-5W14	Q8635
005.SCG*LB4.CP-6++1.N.-3.1-1.3-5W2	Q8636
005.SCG*LB3.CP-9++4.N.-9.20-1.21-2W7	Q8637
005.SCG*LB2.CP--++4.N.-4.1-1.3-1W13	Q8638
005.SCG*LB3.CP-8++0.N.-9.14-5.21-5W51	Q8639
005.SCG*LB2.CP-6++9.N.-5.5-1.6-3W5	Q8640
005.SCG*LB1.CP-5++8.N.-7.8-4.11-3W5	Q8641
005.SCG*LB3.CP-9++5.N.14.4-6.7-1W9	Q8642
005.SCG*LB2.CP--++4.N.-2.5-6.9-7W5	Q8643
005.SCG*LB4.CP-6++3.N.-7.1-1.2-5W3	Q8644
005.SCG*LB2.CP-6++0.N.12.4-2.7-5W2	Q8645
005.SCG*LB4.CP-8++9.N.-1.1-1.3-4W5	Q8646
005.SCG*LB4.CP-5++5.N.10.20-1.25-2W21	Q8647
005.SCG*LB3.CP-9++5.N.20.1-1.6-2W5	Q8648
005.SCG*LB3.CP-4++6.N.-7.5-5.6-7W4	Q8649
005.SCG*LB4.CP-5++2.N.10.1-1.6-1W1	Q8650
005.SCG*LB3.CP-9++4.N.13.1-1.4-4W26	Q8651
005.SCG*LB4.CP-6++6.N.-3.5-1.12-3W24	Q8652
005.SCG*LB2.CP-7++0.N.-4.1-1.4-4W12	Q8653
005.SCG*LB4.CP-6++6.N.-1.1-1.3-1W3	Q8654
005.SCG*LB4.CP-3++4.N.31.1-1.4-5W5	Q8655
005.SCG*LB3.CP-9++5.N.20.1-1.6-2W23	Q8656
005.SCG*LB3.CP--++5.N.-5.1-1.5-5W13	Q8657
005.SCG*LB3.CP12++4.N.-1.1-1.4-3W1	Q8658
005.SCG*LB4.CP-5++2.N.-2.16-1.21-7W6	Q8659
005.SCG*LB2.CP-2++5.N.20.3-4.6-1W7	Q8660
005.SCG*LB1.CP-2++6.N.10.5-2.8-6W14	Q8661
005.SCG*LB1.CP-5++7.N.-3.3-1.6-2W21	Q8662
005.SCG*LB2.CP-1++3.N.-5.5-3.9-3W27	Q8663
005.SCG*LB2.CP--++4.N.-2.3-2.5-5W3	Q8664
005.SCG*LB4.CP-5++2.N.-4.1-1.9-2W12	Q8665
005.SCG*LB2.CP-7++3.N.39.7-4.16-6W15	Q8666
005.SCG*LB1.CP-6++5.N.-6.10-7.13-6W21	Q8667
005.SCG*LB3.CP-2++2.N.-3.1-1.4-5W11	Q8668
005.SCG*LB4.CP--++3.N.-1.1-1.3-5W1	Q8669
005.SCG*LB2.CP-2++0.N.-5.6-5.13-2W33	Q8670
005.SCG*LB4.CP-2++6.N.-6.1-1.3-1W10	Q8671
005.SCG*LB3.CP14++1.N.-6.1-1.2-4W3	Q8672
005.SCG*LB3.CP-8++0.N.-9.14-5.21-5W40	Q8673
005.SCG*LB3.CP--++2.N.-4.13-1.22-5W59	Q8674
005.SCG*LB1.CP-9++2.N.-3.5-1.7-6W15	Q8675
005.SCG*LB3.CP-2++6.N.-6.4-1.5-4W4	Q8676
005.SCG*LB3.CP-1++0.N.11.12-5.15-4W13	Q8677
005.SCG*LB2.CP-7++4.N.16.3-5.5-5W12	Q8678
005.SCG*LB4.CP-5++7.N.-1.1-1.5-7W2	Q8679
005.SCG*LB3.CP-2++3.N.-9.1-1.3-4W7	Q8680
005.SCG*LB2.CP--++4.N.-6.6-7.9-5W14	Q8681
005.SCG*LB3.CP-4++1.N.-5.1-1.3-1W4	Q8682
005.SCG*LB4.CP-5++5.N.11.57-1.63-4W3	Q8683
005.SCG*LB3.CP12++2.N.-6.5-1.9-2W3	Q8684
005.SCG*LB3.CP13++6.N.-9.1-1.5-1W1	Q8685
005.SCG*LB1.CP-5++3.N.-3.1-1.5-3W3	Q8686
005.SCG*LB3.CP10++9.N.-5.1-1.7-4W7	Q8687
005.SCG*LB1.CP-5++5.N.-7.7-6.8-6W7	Q8688
005.SCG*LB3.CP-9++4.N.10.1-1.4-5W3	Q8689
005.SCG*LB3.CP-9++8.N.-6.1-1.3-1W6	Q8690
005.SCG*LB3.CP12++3.N.-1.1-1.6-5W5	Q8691
005.SCG*LB3.CP10++9.N.-7.1-1.5-1W27	Q8692
005.SCG*LB4.CP-2++0.N.-1.1-1.4-1W8	Q8693
005.SCG*LB3.CP-3++7.N.-7.11-2.13-1W6	Q8694
005.SCG*LB3.CP-7++6.N.-8.7-7.9-3W12	Q8695
005.SCG*LB4.CP-4++1.N.12.10-1.11-1W9	Q8696
005.SCG*LB3.CP-8++0.N.-4.15-2.18-3W13	Q8697
005.SCG*LB3.CP-7++0.N.-5.4-1.6-7W7	Q8698
005.SCG*LB3.CP-1++0.N.14.23-1.24-3W7	Q8699
005.SCG*LB4.CP-1++4.N.-8.6-2.12-1W8	Q8700
005.SCG*LB2.CP-7++5.N.-7.10-1.11-4W7	Q8701
005.SCG*LB4.CP-5++5.N.-3.1-1.5-5W1	Q8702
005.SCG*LB4.CP-7++2.N.13.1-1.7-7W1	Q8703
005.SCG*LB2.CP-7++3.N.21.1-2.3-6W13	Q8704
005.SCG*LB2.CP-6++2.N.-1.1-1.7-3W5	Q8705
005.SCG*LB3.CP-1++0.N.11.19-1.21-3W5	Q8706
005.SCG*LB4.CP-1++1.N.-8.1-1.3-3W3	Q8707
005.SCG*LB1.CP-5++7.N.-2.11-1.13-3W7	Q8708
005.SCG*LB4.CP-9++1.N.-6.1-1.5-3W1	Q8709
005.SCG*LB3.CP-9++3.N.-2.1-1.5-2W15	Q8710
005.SCG*LB1.CP-1++1.N.-5.7-1.9-3W10	Q8711
005.SCG*LB4.CP--++4.N.11.1-1.5-2W6	Q8712
005.SCG*LB3.CP12++2.N.-4.8-3.11-4W11	Q8713
005.SCG*LB2.CP-3++5.N.-6.33-1.36-6W23	Q8714
005.SCG*LB3.CP-9++7.N.-3.12-1.15-4W6	Q8715
005.SCG*LB1.CP-5++6.N.-3.1-2.3-5W5	Q8716
005.SCG*LB1.CP-4++4.N.10.3-4.6-1W16	Q8717
005.SCG*LB4.CP-8++1.N.-3.5-4.7-4W12	Q8718
005.SCG*LB4.CP-7++4.N.-6.1-1.7-5W30	Q8719
005.SCG*LB4.CP-5++4.N.-2.1-1.3-6W4	Q8720
005.SCG*LB4.CP-5++9.N.-5.1-1.2-6W1	Q8721
005.SCG*LB1.CP10++2.N.-8.1-2.4-2W4	Q8722
005.SCG*LB1.CP-8++5.N.-4.1-2.3-1W6	Q8723
005.SCG*LB3.CP13++4.N.-7.1-1.4-5W3	Q8724
005.SCG*LB3.CP--++2.N.-4.13-1.22-5W54	Q8725
005.SCG*LB3.CP-1++0.N.17.13-4.16-1W9	Q8726
005.SCG*LB3.CP-8++0.N.19.6-1.7-1W8	Q8727
005.SCG*LB4.CP-7++5.N.-1.1-1.4-4W1	Q8728
005.SCG*LB2.CP-7++4.N.-3.1-1.9-5W22	Q8729
005.SCG*LB3.CP-8++0.N.-4.18-4.22-1W4	Q8730
005.SCG*LB1.CP-8++7.N.-4.3-1.5-2W8	Q8731
005.SCG*LB1.CP-8++3.N.-3.5-4.8-1W4	Q8732
005.SCG*LB1.CP-7++0.N.-5.5-2.10-1W17	Q8733
005.SCG*LB1.CP-5++5.N.-6.1-2.7-1W25	Q8734
005.SCG*LB3.CP14++1.N.-6.13-4.16-3W9	Q8735
005.SCG*LB2.CP-6++9.N.-1.1-1.3-5W3	Q8736
005.SCG*LB4.CP-5++4.N.-3.17-3.20-3W4	Q8737
005.SCG*LB2.CP-3++7.N.-2.33-1.38-2W8	Q8738
005.SCG*LB4.CP-6++4.N.-2.1-1.3-5W1	Q8739
005.SCG*LB3.CP-9++4.N.10.13-5.16-1W9	Q8740
005.SCG*LB1.CP-5++6.N.-8.1-1.5-4W9	Q8741
005.SCG*LB4.CP-1++2.N.-2.1-1.5-3W11	Q8742
005.SCG*LB2.CP-7++5.N.13.12-1.18-1W28	Q8743
005.SCG*LB2.CP-6++0.N.-2.6-5.8-5W15	Q8744
005.SCG*LB4.CP-5++4.N.-1.1-1.5-1W9	Q8745
005.SCG*LB3.CP12++2.N.-8.1-1.5-1W2	Q8746
005.SCG*LB1.CP-5++0.N.-4.12-1.13-3W8	Q8747
005.SCG*LB2.CP-7++4.N.-5.1-1.4-5W4	Q8748
005.SCG*LB1.CP-5++3.N.-2.1-1.8-1W17	Q8749
005.SCG*LB1.CP-5++5.N.-6.1-2.7-1W4	Q8750
005.SCG*LB1.CP-7++0.N.-3.6-5.8-6W8	Q8751
005.SCG*LB1.CP-7++1.N.10.6-3.7-5W11	Q8752
005.SCG*LB4.CP-1++1.N.17.1-1.5-3W2	Q8753
005.SCG*LB1.CP-7++2.N.-1.1-1.3-4W12	Q8754
005.SCG*LB3.CP-1++0.N.17.13-4.16-1W21	Q8755
005.SCG*LB1.CP-2++6.N.11.3-1.10-4W34	Q8756
005.SCG*LB2.CP-9++8.N.13.1-1.5-4W9	Q8757
005.SCG*LB3.CP14++8.N.-7.2-1.5-7W1	Q8758
005.SCG*LB3.CP--++2.N.-4.13-1.22-5W61	Q8759
005.SCG*LB2.CP-3++9.N.-1.1-1.3-6W15	Q8760
005.SCG*LB3.CP-1++0.N.13.19-1.22-6W9	Q8761
005.SCG*LB4.CP-6++6.N.-1.1-1.3-1W10	Q8762
005.SCG*LB2.CP-3++5.N.-7.17-2.23-3W16	Q8763
005.SCG*LB1.CP-7++2.N.-6.1-2.5-2W4	Q8764
005.SCG*LB3.CP-2++3.N.-9.11-1.15-2W15	Q8765
005.SCG*LB2.CP-7++4.N.-7.2-4.7-4W20	Q8766
005.SCG*LB4.CP-6++5.N.-6.7-2.9-1W11	Q8767
005.SCG*LB2.CP-8++4.N.-4.1-1.5-1W14	Q8768
005.SCG*LB3.CP-9++4.N.-8.1-1.5-4W3	Q8769
005.SCG*LB2.CP-3++7.N.-2.8-4.12-2W9	Q8770
005.SCG*LB2.CP-8++3.N.20.1-1.5-6W4	Q8771
005.SCG*LB2.CP-2++8.N.-8.5-2.6-1W4	Q8772
005.SCG*LB3.CP-9++5.N.20.28-6.32-6W16	Q8773
005.SCG*LB1.CP-5++5.N.-6.9-4.11-1W10	Q8774
005.SCG*LB1.CP-7++0.N.-6.12-1.13-4W10	Q8775
005.SCG*LB3.CP-5++1.N.-4.17-6.20-1W17	Q8776
005.SCG*LB2.CP-2++5.N.24.4-4.8-3W22	Q8777
005.SCG*LB3.CP-5++1.N.-4.1-1.4-7W7	Q8778
005.SCG*LB4.CP-2++2.N.-6.1-1.7-4W40	Q8779
005.SCG*LB1.CP--++8.N.-1.1-1.7-2W1	Q8780
005.SCG*LB3.CP-9++4.N.13.8-6.11-2W17	Q8781
005.SCG*LB4.CP-4++1.N.-1.1-1.3-1W5	Q8782
005.SCG*LB3.CP-7++5.N.15.9-1.10-3W12	Q8783
005.SCG*LB3.CP--++2.N.-4.13-1.22-5W45	Q8784
005.SCG*LB3.CP-8++0.N.-4.15-2.18-3W5	Q8785
005.SCG*LB4.CP-2++2.N.-1.1-1.5-2W18	Q8786
005.SCG*LB3.CP-9++8.N.-4.1-1.4-5W3	Q8787
005.SCG*LB3.CP-9++4.N.-9.1-1.7-2W7	Q8788
005.SCG*LB4.CP-1++1.N.18.1-1.3-4W1	Q8789
005.SCG*LB2.CP--++4.N.-3.1-1.3-6W11	Q8790
005.SCG*LB4.CP-2++1.N.-1.1-1.5-6W1	Q8791
005.SCG*LB3.CP-8++4.N.-6.7-2.8-5W1	Q8792
005.SCG*LB1.CP-4++3.N.-8.1-2.2-2W4	Q8793
005.SCG*LB3.CP-6++2.N.-9.1-2.4-2W5	Q8794
005.SCG*LB1.CP-2++6.N.11.3-1.10-4W51	Q8795
005.SCG*LB3.CP-5++6.N.-7.1-1.3-7W5	Q8796
005.SCG*LB4.CP-1++9.N.-1.5-2.8-1W3	Q8797
005.SCG*LB2.CP-7++3.N.39.30-4.35-2W22	Q8798
005.SCG*LB1.CP--++9.N.-8.1-1.5-5W9	Q8799
005.SCG*LB4.CP-6++5.N.-5.13-2.14-7W11	Q8800
005.SCG*LB3.CP-9++8.N.-1.15-6.16-5W5	Q8801
005.SCG*LB3.CP-9++2.N.12.1-1.2-5W5	Q8802
005.SCG*LB3.CP-1++0.N.17.17-2.20-2W8	Q8803
005.SCG*LB3.CP-8++0.N.-7.1-1.2-5W9	Q8804
005.SCG*LB3.CP15++9.N.-2.1-1.6-1W5	Q8805
005.SCG*LB2.CP--++4.N.-6.3-1.6-6W10	Q8806
005.SCG*LB3.CP-9++7.N.-2.19-1.23-4W8	Q8807
005.SCG*LB3.CP-5++9.N.-6.1-1.4-5W5	Q8808
005.SCG*LB2.CP--++4.N.--.1-1.2-4W3	Q8809
005.SCG*LB4.CP-9++1.N.-9.11-1.15-2W8	Q8810
005.SCG*LB3.CP-9++7.N.-3.27-5.29-4W7	Q8811
005.SCG*LB2.CP-2++8.N.-8.14-1.16-3W7	Q8812
005.SCG*LB1.CP-5++8.N.-3.6-7.10-3W18	Q8813
005.SCG*LB2.CP-3++5.N.-6.36-7.39-3W5	Q8814
005.SCG*LB2.CP-5++6.N.-5.8-6.13-5W5	Q8815
005.SCG*LB3.CP12++3.N.-7.1-1.3-4W3	Q8816
005.SCG*LB4.CP-1++3.N.10.1-1.3-7W1	Q8817
005.SCG*LB3.CP-9++0.N.-8.11-1.13-3W1	Q8818
005.SCG*LB3.CP-9++8.N.-5.4-4.7-2W16	Q8819
005.SCG*LB1.CP-3++3.N.-2.8-7.11-1W1	Q8820
005.SCG*LB4.CP--++4.N.-2.1-1.4-1W3	Q8821
005.SCG*LB2.CP-2++8.N.12.11-1.16-6W18	Q8822
005.SCG*LB2.CP-2++5.N.24.4-4.8-3W17	Q8823
005.SCG*LB3.CP13++5.N.10.1-1.4-1W1	Q8824
005.SCG*LB2.CP-7++3.N.39.17-1.23-2W22	Q8825
005.SCG*LB2.CP--++4.N.-2.1-1.3-1W12	Q8826
005.SCG*LB4.CP-5++4.N.-1.6-7.9-1W5	Q8827
005.SCG*LB2.CP-3++0.N.-7.1-1.6-2W10	Q8828
005.SCG*LB3.CP-9++8.N.-2.1-1.6-5W14	Q8829
005.SCG*LB4.CP-6++4.N.-1.1-1.3-4W3	Q8830
005.SCG*LB3.CP-9++4.N.10.4-6.6-4W8	Q8831
005.SCG*LB4.CP-1++9.N.-7.15-6.18-2W8	Q8832
005.SCG*LB4.CP-2++2.N.-5.1-1.3-4W1	Q8833
005.SCG*LB4.CP-5++4.N.-3.11-5.17-2W8	Q8834
005.SCG*LB2.CP--++4.N.-1.14-2.18-4W5	Q8835
005.SCG*LB2.CP-3++5.N.-6.24-1.26-2W12	Q8836
005.SCG*LB3.CP-1++0.N.11.10-1.12-4W4	Q8837
005.SCG*LB4.CP-2++6.N.-7.18-1.22-1W6	Q8838
005.SCG*LB2.CP-7++7.N.-5.1-1.5-2W18	Q8839
005.SCG*LB2.CP-6++0.N.24.5-3.7-6W4	Q8840
005.SCG*LB3.CP--++1.N.-6.1-1.5-1W9	Q8841
005.SCG*LB4.CP-2++4.N.-3.15-1.17-1W2	Q8842
005.SCG*LB3.CP10++3.N.-8.1-1.6-4W1	Q8843
005.SCG*LB2.CP-2++8.N.12.1-1.5-2W5	Q8844
005.SCG*LB3.CP-6++0.N.-3.8-1.9-3W11	Q8845
005.SCG*LB1.CP-8++1.N.-1.6-3.8-2W4	Q8846
005.SCG*LB4.CP-4++0.N.11.1-2.3-4W8	Q8847
005.SCG*LB2.CP-7++9.N.-3.7-5.9-3W10	Q8848
005.SCG*LB3.CP-8++0.N.-9.10-2.14-4W10	Q8849
005.SCG*LB3.CP13++3.N.-1.1-1.3-4W16	Q8850
005.SCG*LB4.CP-1++1.N.-3.24-1.26-2W5	Q8851
005.SCG*LB2.CP-7++3.N.39.23-3.30-3W35	Q8852
005.SCG*LB2.CP-1++0.N.-1.6-2.16-4W61	Q8853
005.SCG*LB4.CP-2++4.N.14.1-2.2-6W6	Q8854
005.SCG*LB2.CP-3++0.N.14.1-1.3-4W4	Q8855
005.SCG*LB4.CP-8++1.N.-1.1-1.9-6W6	Q8856
005.SCG*LB4.CP-2++2.N.-1.1-1.5-2W3	Q8857
005.SCG*LB2.CP-3++7.N.-2.21-1.26-6W9	Q8858
005.SCG*LB2.CP-7++4.N.16.6-1.9-1W4	Q8859
005.SCG*LB4.CP--++7.N.-1.1-1.5-1W17	Q8860
005.SCG*LB2.CP-3++7.N.-2.51-2.55-7W11	Q8861
005.SCG*LB3.CP-9++4.N.13.8-6.11-2W12	Q8862
005.SCG*LB3.CP11++0.N.-2.1-1.6-1W21	Q8863
005.SCG*LB2.CP-3++7.N.-2.1-1.5-1W24	Q8864
005.SCG*LB3.CP-1++0.N.17.17-2.20-2W5	Q8865
005.SCG*LB3.CP13++5.N.-1.1-1.4-2W4	Q8866
005.SCG*LB3.CP10++9.N.-9.1-1.6-3W1	Q8867
005.SCG*LB2.CP-1++5.N.-6.1-2.5-6W17	Q8868
005.SCG*LB3.CP15++8.N.-6.1-1.5-3W1	Q8869
005.SCG*LB4.CP-7++8.N.-2.1-1.5-1W1	Q8870
005.SCG*LB4.CP--++9.N.-1.1-1.6-3W4	Q8871
005.SCG*LB3.CP-5++9.N.-7.1-1.2-3W3	Q8872
005.SCG*LB3.CP--++5.N.-5.1-1.5-5W9	Q8873
005.SCG*LB2.CP-9++5.N.-1.1-1.3-1W3	Q8874
005.SCG*LB3.CP-5++8.N.-9.1-1.3-3W4	Q8875
005.SCG*LB4.CP-7++2.N.-2.1-1.5-2W1	Q8876
005.SCG*LB3.CP-2++0.N.-5.3-4.10-4W10	Q8877
005.SCG*LB1.CP-5++7.N.-3.3-1.6-2W18	Q8878
005.SCG*LB3.CP-7++0.N.-5.1-1.3-1W8	Q8879
005.SCG*LB1.CP-9++3.N.10.6-1.10-2W29	Q8880
005.SCG*LB1.CP-9++3.N.10.14-1.16-6W8	Q8881
005.SCG*LB3.CP-8++9.N.-8.3-4.6-5W6	Q8882
005.SCG*LB3.CP-8++5.N.10.2-3.6-1W7	Q8883
005.SCG*LB3.CP-8++1.N.-6.29-7.33-1W3	Q8884
005.SCG*LB1.CP-9++3.N.10.4-3.5-6W7	Q8885
005.SCG*LB1.CP-1++5.N.-3.13-1.13-5W5	Q8886
005.SCG*LB3.CP-4++0.N.-4.19-2.21-2W16	Q8887
005.SCG*LB1.CP10++2.N.-5.1-2.3-1W6	Q8888
005.SCG*LB3.CP-2++6.N.-8.22-1.24-5W8	Q8889
005.SCG*LB2.CP-4++6.N.-5.15-3.19-1W5	Q8890
005.SCG*LB3.CP-4++4.N.-4.21-4.23-1W12	Q8891
005.SCG*LB3.CP-4++8.N.-4.8-4.12-4W4	Q8892
005.SCG*LB3.CP14++6.N.-5.1-2.5-6W10	Q8893
005.SCG*LB3.CP-5++9.N.-3.9-4.13-1W22	Q8894
005.SCG*LB3.CP-3++3.N.--.1-1.2-4W5	Q8895
005.SCG*LB3.CP-4++8.N.-7.1-2.2-5W4	Q8896
005.SCG*LB3.CP12++1.N.-3.2-4.5-1W5	Q8897
005.SCG*LB3.CP-6++0.N.-2.1-2.3-4W10	Q8898
005.SCG*LB1.CP-4++0.N.-4.1-2.5-7W11	Q8899
005.SCG*LB3.CP15++0.N.-8.5-1.8-1W16	Q8900
005.SCG*LB3.CP-2++8.N.-2.3-5.6-1W5	Q8901
005.SCG*LB4.CP-5++4.N.-3.31-4.34-3W20	Q8902
005.SCG*LB3.CP-3++0.N.-4.7-4.9-1W2	Q8903
005.SCG*LB2.CP-3++2.N.-3.17-1.17-9W9	Q8904
005.SCG*LB4.CP-6++0.N.-1.1-1.5-4W8	Q8905
005.SCG*LB3.CP-2++7.N.-8.12-7.13-5W5	Q8906
005.SCG*LB3.CP-3++4.N.-5.9-6.11-7W14	Q8907
005.SCG*LB1.CP-9++4.N.-2.1-1.8-7W8	Q8908
005.SCG*LB3.CP14++1.N.-4.17-4.21-3W16	Q8909
005.SCG*LB3.CP-3++1.N.--.1-1.2-3W4	Q8910
005.SCG*LB3.CP-3++7.N.--.1-1.2-5W5	Q8911
005.SCG*LB4.CP-5++0.N.10.13-2.17-5W19	Q8912
005.SCG*LB1.CP-6++5.N.-5.9-4.12-1W17	Q8913
005.SCG*LB1.CP-6++9.N.12.1-2.3-6W7	Q8914
005.SCG*LB3.CP-2++6.N.10.18-3.20-2W9	Q8915
005.SCG*LB4.CP-1++1.N.-6.17-1.21-6W22	Q8916
005.SCG*LB2.CP-9++5.N.-3.1-1.3-5W5	Q8917
005.SCG*LB4.CP-9++2.N.-4.3-5.5-6W12	Q8918
005.SCG*LB4.CP-9++1.N.-2.9-5.11-5W8	Q8919
005.SCG*LB3.CP-2++5.N.-4.1-1.3-5W10	Q8920
005.SCG*LB2.CP-7++6.N.16.6-4.9-3W5	Q8921
005.SCG*LB1.CP-7++5.N.-6.4-3.6-1W6	Q8922
005.SCG*LB2.CP-7++9.N.-4.1-1.5-4W7	Q8923
005.SCG*LB3.CP-2++6.N.11.13-4.15-5W15	Q8924
005.SCG*LB4.CP-1++4.N.12.43-2.46-6W27	Q8925
005.SCG*LB1.CP-7++0.N.-4.8-2.11-2W20	Q8926
005.SCG*LB3.CP-7++5.N.-3.20-2.22-2W11	Q8927
005.SCG*LB2.CP-4++4.N.-2.5-2.7-2W11	Q8928
005.SCG*LB3.CP13++9.N.15.6-2.10-4W3	Q8929
005.SCG*LB3.CP13++1.N.-7.1-2.2-4W3	Q8930
005.SCG*LB4.CP-5++4.N.-2.4-1.6-4W14	Q8931
005.SCG*LB3.CP-9++4.N.-9.27-4.31-2W9	Q8932
005.SCG*LB3.CP15++3.N.-3.8-3.11-5W23	Q8933
005.SCG*LB4.CP-4++1.N.-7.1-1.11-1W32	Q8934
005.SCG*LB3.CP-8++0.N.15.1-1.5-1W10	Q8935
005.SCG*LB4.CP-8++1.N.12.30-3.32-5W14	Q8936
005.SCG*LB3.CP-3++4.N.--.1-1.3-1W6	Q8937
005.SCG*LB3.CP-3++3.N.-2.3-3.4-4W8	Q8938
005.SCG*LB3.CP-4++0.N.-3.1-2.3-3W8	Q8939
005.SCG*LB4.CP-1++2.N.-4.5-1.6-5W13	Q8940
005.SCG*LB3.CP-4++0.N.-6.12-6.14-2W12	Q8941
005.SCG*LB3.CP-2++9.N.-6.3-1.4-3W9	Q8942
005.SCG*LB3.CP-7++5.N.11.6-4.8-5W14	Q8943
005.SCG*LB3.CP-4++8.N.13.10-3.16-1W20	Q8944
005.SCG*LB4.CP-5++4.N.-4.1-2.7-5W9	Q8945
005.SCG*LB3.CP-5++3.N.-4.18-4.22-6W23	Q8946
005.SCG*LB3.CP-2++7.N.-6.5-7.9-1W4	Q8947
005.SCG*LB3.CP-4++8.N.-5.11-1.18-1W20	Q8948
005.SCG*LB3.CP14++6.N.-5.1-2.5-6W26	Q8949
005.SCG*LB4.CP-5++4.N.-6.1-2.4-1W6	Q8950
005.SCG*LB4.CP-8++4.N.-4.9-2.11-1W6	Q8951
005.SCG*LB3.CP-3++7.N.-1.1-1.10-3W7	Q8952
005.SCG*LB3.CP-3++7.N.-8.13-1.15-3W10	Q8953
005.SCG*LB3.CP-9++0.N.-4.1-2.4-2W19	Q8954
005.SCG*LB3.CP-2++9.N.-3.7-5.9-3W13	Q8955
005.SCG*LB1.CP10++2.N.-7.1-2.9-2W18	Q8956
005.SCG*LB4.CP-7++8.N.-2.24-2.28-1W5	Q8957
005.SCG*LB4.CP-2++6.N.-2.9-2.10-1W6	Q8958
005.SCG*LB3.CP12++0.N.-9.20-2.22-2W12	Q8959
005.SCG*LB3.CP-3++7.N.-8.1-1.8-3W9	Q8960
005.SCG*LB3.CP-3++9.N.--.1-1.3-3W5	Q8961
005.SCG*LB3.CP-3++8.N.-1.1-1.3-2W12	Q8962
005.SCG*LB3.CP-2++9.N.-5.5-5.7-4W9	Q8963
005.SCG*LB3.CP-2++7.N.--.1-1.2-5W5	Q8964
005.SCG*LB2.CP-9++3.N.-5.7-1.8-3W5	Q8965
005.SCG*LB3.CP-3++2.N.--.1-1.2-3W4	Q8966
005.SCG*LB4.CP-7++2.N.-5.12-1.15-1W9	Q8967
005.SCG*LB1.CP--++4.N.-3.7-4.10-4W19	Q8968
005.SCG*LB3.CP-2++6.N.-6.7-1.9-4W11	Q8969
005.SCG*LB3.CP-4++4.N.--.1-1.4-2W6	Q8970
005.SCG*LB3.CP12++4.N.-4.1-2.2-2W5	Q8971
005.SCG*LB2.CP-7++9.N.-3.9-4.12-5W4	Q8972
005.SCG*LB3.CP11++8.N.-2.5-3.10-3W36	Q8973
005.SCG*LB3.CP-3++2.N.-4.7-3.8-4W9	Q8974
005.SCG*LB1.CP-9++1.N.-4.7-3.10-2W7	Q8975
005.SCG*LB3.CP-2++6.N.--.1-1.2-3W3	Q8976
005.SCG*LB4.CP-8++4.N.-5.6-4.11-1W8	Q8977
005.SCG*LB3.CP-4++8.N.-1.1-1.9-1W7	Q8978
005.SCG*LB1.CP-7++1.N.-4.7-3.8-3W8	Q8979
005.SCG*LB3.CP-3++5.N.-5.5-7.6-6W4	Q8980
005.SCG*LB2.CP-3++9.N.-6.13-6.15-3W4	Q8981
005.SCG*LB3.CP13++0.N.-3.1-1.5-1W9	Q8982
005.SCG*LB2.CP-3++9.N.-7.3-2.5-6W6	Q8983
005.SCG*LB4.CP-5++4.N.-3.3-1.8-2W10	Q8984
005.SCG*LB3.CP-2++9.N.-7.4-4.5-5W7	Q8985
005.SCG*LB3.CP-2++0.N.-2.4-5.6-1W11	Q8986
005.SCG*LB4.CP-9++2.N.-3.1-2.5-3W12	Q8987
005.SCG*LB2.CP-7++9.N.-3.4-4.6-3W5	Q8988
005.SCG*LB2.CP-7++9.N.-3.13-1.14-4W5	Q8989
005.SCG*LB3.CP13++6.N.-5.1-2.2-4W10	Q8990
005.SCG*LB4.CP-7++8.N.-2.9-2.11-1W11	Q8991
005.SCG*LB4.CP-5++5.N.19.6-2.9-5W6	Q8992
005.SCG*LB1.CP-3++9.N.-5.2-2.2-7W6	Q8993
005.SCG*LB3.CP-3++1.N.-2.7-6.9-2W5	Q8994
005.SCG*LB4.CP-4++0.N.11.1-2.3-4W14	Q8995
005.SCG*LB4.CP-9++2.N.-5.5-1.7-3W18	Q8996
005.SCG*LB3.CP-2++9.N.-1.1-1.3-3W16	Q8997
005.SCG*LB2.CP-7++6.N.16.3-3.6-3W6	Q8998
005.SCG*LB4.CP-9++2.N.-5.7-4.10-1W19	Q8999
005.SCG*LB1.CP10++2.N.-9.4-1.6-4W1	Q9000
005.SCG*LB3.CP-9++0.N.-6.3-4.5-1W5	Q9001
005.SCG*LB2.CP-4++2.N.-3.12-2.15-2W9	Q9002
005.SCG*LB1.CP-1++3.N.-7.6-1.9-6W6	Q9003
005.SCG*LB4.CP-9++1.N.-6.1-1.5-3W27	Q9004
005.SCG*LB3.CP-2++7.N.-1.1-1.4-7W10	Q9005
005.SCG*LB3.CP-2++0.N.-5.14-1.15-4W11	Q9006
005.SCG*LB4.CP-8++3.N.10.3-1.6-6W7	Q9007
005.SCG*LB4.CP-7++2.N.12.7-1.12-1W18	Q9008
005.SCG*LB1.CP-9++2.N.-6.7-1.8-2W9	Q9009
005.SCG*LB3.CP-3++0.N.--.1-1.2-3W5	Q9010
005.SCG*LB3.CP-4++0.N.-4.26-4.28-6W9	Q9011
005.SCG*LB4.CP-5++5.N.-9.1-1.6-3W29	Q9012
005.SCG*LB3.CP13++0.N.-6.1-1.3-2W13	Q9013
005.SCG*LB3.CP-2++8.N.--.1-1.2-2W4	Q9014
005.SCG*LB3.CP-7++5.N.11.15-4.17-7W9	Q9015
005.SCG*LB3.CP-7++1.N.-4.3-4.4-4W6	Q9016
005.SCG*LB3.CP-2++7.N.-3.4-1.6-1W6	Q9017
005.SCG*LB3.CP-3++6.N.--.1-1.2-3W4	Q9018
005.SCG*LB3.CP-4++0.N.-1.10-4.12-4W13	Q9019
005.SCG*LB3.CP-3++4.N.-1.1-1.3-1W8	Q9020
005.SCG*LB3.CP-9++4.N.-9.18-1.19-5W7	Q9021
005.SCG*LB3.CP13++5.N.-5.11-4.14-2W19	Q9022
005.SCG*LB3.CP13++2.N.26.5-1.10-3W11	Q9023
005.SCG*LB3.CP10++8.N.-7.1-2.3-5W15	Q9024
005.SCG*LB3.CP-3++7.N.-9.1-1.4-4W18	Q9025
005.SCG*LB2.CP-7++9.N.-3.1-2.2-7W8	Q9026
005.SCG*LB3.CP13++9.N.15.1-1.6-1W16	Q9027
005.SCG*LB2.CP-4++2.N.-3.5-2.8-7W15	Q9028
005.SCG*LB4.CP-8++8.N.-5.1-1.4-3W23	Q9029
005.SCG*LB4.CP-1++4.N.12.24-2.29-2W8	Q9030
005.SCG*LB3.CP13++9.N.15.18-3.19-2W7	Q9031
005.SCG*LB3.CP-3++8.N.--.1-1.3-4W5	Q9032
005.SCG*LB3.CP-7++5.N.-5.4-4.8-1W17	Q9033
005.SCG*LB3.CP-2++9.N.-4.4-3.6-4W11	Q9034
005.SCG*LB3.CP14++4.N.10.1-1.6-1W33	Q9035
005.SCG*LB3.CP11++9.N.-6.1-1.2-5W9	Q9036
005.SCG*LB2.CP-4++2.N.-1.11-4.14-5W21	Q9037
005.SCG*LB2.CP-5++7.N.12.9-2.11-2W6	Q9038
005.SCG*LB3.CP-4++0.N.-4.26-4.28-6W14	Q9039
005.SCG*LB3.CP-2++0.N.-8.1-1.8-3W36	Q9040
005.SCG*LB4.CP-5++4.N.-5.1-2.5-3W8	Q9041
005.SCG*LB3.CP-4++0.N.--.1-1.3-2W5	Q9042
005.SCG*LB3.CP11++5.N.-3.8-5.10-2W6	Q9043
005.SCG*LB3.CP-8++5.N.16.4-3.9-5W4	Q9044
005.SCG*LB3.CP-2++9.N.--.1-1.2-4W5	Q9045
005.SCG*LB3.CP-3++9.N.-5.1-2.2-2W5	Q9046
005.SCG*LB3.CP-3++1.N.-6.1-1.4-1W8	Q9047
005.SCG*LB4.CP-1++4.N.12.39-2.43-1W33	Q9048
005.SCG*LB3.CP13++0.N.-3.5-2.9-5W23	Q9049
005.SCG*LB3.CP-2++7.N.-9.3-1.6-7W6	Q9050
005.SCG*LB4.CP-7++2.N.-6.9-1.13-6W9	Q9051
005.SCG*LB3.CP-3++8.N.-4.5-3.6-3W8	Q9052
005.SCG*LB3.CP13++0.N.-6.9-1.10-3W6	Q9053
005.SCG*LB3.CP-9++2.N.-7.1-1.10-3W22	Q9054
005.SCG*LB4.CP-8++4.N.-3.7-1.10-4W13	Q9055
005.SCG*LB4.CP-1++1.N.18.57-2.62-6W25	Q9056
005.SCG*LB4.CP-7++1.N.-8.9-1.12-7W29	Q9057
005.SCG*LB4.CP--++6.N.14.15-1.19-2W4	Q9058
005.SCG*LB4.CP-2++3.N.-2.22-4.24-1W3	Q9059
005.SCG*LB1.CP-6++2.N.-5.5-3.8-4W21	Q9060
005.SCG*LB2.CP-5++8.N.11.1-1.2-5W3	Q9061
005.SCG*LB2.CP-9++8.N.14.12-2.16-3W4	Q9062
005.SCG*LB1.CP-7++0.N.-7.1-1.4-5W3	Q9063
005.SCG*LB1.CP--++3.N.-7.1-1.5-3W3	Q9064
005.SCG*LB3.CP-7++6.N.-2.1-1.4-4W6	Q9065
005.SCG*LB4.CP-1++3.N.-7.12-8.16-3W2	Q9066
005.SCG*LB1.CP-5++8.N.-9.1-1.2-2W6	Q9067
005.SCG*LB3.CP-6++4.N.-9.14-2.18-3W3	Q9068
005.SCG*LB1.CP-9++1.N.11.7-1.9-6W2	Q9069
005.SCG*LB4.CP-2++0.N.-6.11-2.12-1W6	Q9070
005.SCG*LB2.CP-7++4.N.-4.1-1.4-7W5	Q9071
005.SCG*LB2.CP-7++3.N.38.9-2.10-1W5	Q9072
005.SCG*LB1.CP-6++2.N.-5.12-3.13-2W7	Q9073
005.SCG*LB1.CP-6++9.N.13.1-1.2-2W3	Q9074
005.SCG*LB1.CP-7++1.N.10.1-1.3-2W3	Q9075
005.SCG*LB3.CP-7++1.N.11.1-1.5-7W27	Q9076
005.SCG*LB3.CP15++4.N.-6.1-1.5-1W11	Q9077
005.SCG*LB1.CP-2++0.N.36.8-2.9-4W7	Q9078
005.SCG*LB2.CP--++2.N.-3.11-1.13-2W9	Q9079
005.SCG*LB1.CP-2++0.N.36.7-1.8-1W9	Q9080
005.SCG*LB1.CP-1++2.N.-6.13-3.14-4W9	Q9081
005.SCG*LB2.CP--++3.N.-4.4-2.10-4W9	Q9082
005.SCG*LB3.CP-8++0.N.18.3-1.6-4W5	Q9083
005.SCG*LB3.CP12++7.N.-7.8-2.14-4W34	Q9084
005.SCG*LB1.CP-2++5.N.10.11-3.13-7W6	Q9085
005.SCG*LB4.CP-4++9.N.-8.2-5.5-5W10	Q9086
005.SCG*LB4.CP-4++9.N.-7.7-5.10-6W5	Q9087
005.SCG*LB2.CP-3++2.N.-7.24-5.28-3W17	Q9088
005.SCG*LB4.CP-3++5.N.13.1-2.4-5W6	Q9089
005.SCG*LB4.CP-4++1.N.-7.1-1.11-1W56	Q9090
005.SCG*LB3.CP13++4.N.-2.7-1.10-4W19	Q9091
005.SCG*LB4.CP-3++7.N.-2.3-1.4-2W8	Q9092
005.SCG*LB4.CP--++4.N.-2.19-3.19-7W2	Q9093
005.SCG*LB2.CP-9++8.N.-4.15-3.18-3W19	Q9094
005.SCG*LB4.CP-2++1.N.-3.1-2.5-6W14	Q9095
005.SCG*LB4.CP-5++0.N.-2.4-5.7-3W18	Q9096
005.SCG*LB2.CP-6++3.N.-3.1-2.4-5W6	Q9097
005.SCG*LB4.CP-2++2.N.-4.7-6.10-5W9	Q9098
005.SCG*LB4.CP-4++0.N.-8.8-6.10-5W9	Q9099
005.SCG*LB4.CP-2++4.N.-9.19-5.22-5W6	Q9100
005.SCG*LB3.CP-5++1.N.-4.38-2.39-5W10	Q9101
005.SCG*LB4.CP-3++8.N.-2.13-2.17-2W30	Q9102
005.SCG*LB3.CP-2++0.N.-3.1-2.2-5W8	Q9103
005.SCG*LB3.CP-1++8.N.-4.1-2.7-4W15	Q9104
005.SCG*LB4.CP-2++3.N.-5.16-6.20-5W19	Q9105
005.SCG*LB4.CP-2++4.N.-9.22-6.25-4W8	Q9106
005.SCG*LB3.CP14++0.N.-4.5-5.8-2W16	Q9107
005.SCG*LB4.CP-3++5.N.-8.32-1.36-3W30	Q9108
005.SCG*LB4.CP-7++2.N.10.1-1.4-2W15	Q9109
005.SCG*LB3.CP14++7.N.-3.1-1.6-2W10	Q9110
005.SCG*LB3.CP-3++0.N.-6.7-1.8-1W8	Q9111
005.SCG*LB4.CP-3++7.N.10.19-1.26-1W13	Q9112
005.SCG*LB4.CP-4++9.N.-8.5-6.7-3W7	Q9113
005.SCG*LB4.CP-4++1.N.11.4-5.6-5W17	Q9114
005.SCG*LB3.CP-4++4.N.-2.11-5.13-3W11	Q9115
005.SCG*LB3.CP15++1.N.-3.18-3.21-2W7	Q9116
005.SCG*LB4.CP-2++2.N.-2.6-7.9-3W18	Q9117
005.SCG*LB2.CP-4++2.N.-5.16-1.20-1W26	Q9118
005.SCG*LB2.CP-1++6.N.10.4-4.5-5W6	Q9119
005.SCG*LB3.CP-1++8.N.-2.6-4.10-3W15	Q9120
005.SCG*LB4.CP-5++5.N.14.13-1.16-6W12	Q9121
005.SCG*LB1.CP-2++4.N.-5.1-2.4-2W11	Q9122
005.SCG*LB3.CP13++9.N.15.19-3.21-5W13	Q9123
005.SCG*LB4.CP-3++7.N.10.26-2.30-1W25	Q9124
005.SCG*LB4.CP-3++7.N.--.1-1.3-4W13	Q9125
005.SCG*LB4.CP-9++7.N.-1.1-1.2-6W12	Q9126
005.SCG*LB3.CP-1++9.N.-4.6-1.6-5W5	Q9127
005.SCG*LB1.CP-6++5.N.-3.5-1.9-8W4	Q9128
005.SCG*LB4.CP-3++5.N.-9.2-6.5-3W14	Q9129
005.SCG*LB4.CP-3++7.N.-1.9-1.18-2W8	Q9130
005.SCG*LB3.CP15++8.N.-4.11-1.12-1W6	Q9131
005.SCG*LB4.CP-7++1.N.-7.1-2.3-4W10	Q9132
005.SCG*LB4.CP-2++1.N.-8.1-1.3-4W8	Q9133
005.SCG*LB2.CP-9++6.N.-6.7-3.10-5W20	Q9134
005.SCG*LB4.CP-4++5.N.-4.13-1.17-1W12	Q9135
005.SCG*LB4.CP-3++7.N.-2.4-3.5-3W6	Q9136
005.SCG*LB1.CP-5++0.N.-7.5-5.6-5W6	Q9137
005.SCG*LB2.CP-8++3.N.14.10-6.12-6W7	Q9138
005.SCG*LB3.CP-1++9.N.-1.1-1.3-1W13	Q9139
005.SCG*LB4.CP-4++5.N.-5.12-6.19-5W39	Q9140
005.SCG*LB4.CP-5++5.N.-5.2-3.6-6W6	Q9141
005.SCG*LB3.CP-2++6.N.11.3-5.5-2W12	Q9142
005.SCG*LB3.CP-1++8.N.-4.11-3.15-5W12	Q9143
005.SCG*LB4.CP-3++8.N.-1.1-1.6-3W24	Q9144
005.SCG*LB2.CP-3++2.N.-7.22-1.24-4W14	Q9145
005.SCG*LB4.CP-4++1.N.-2.11-2.14-1W8	Q9146
005.SCG*LB4.CP-3++7.N.-5.6-1.8-5W12	Q9147
005.SCG*LB4.CP-4++9.N.13.4-3.7-2W12	Q9148
005.SCG*LB2.CP-4++2.N.-1.11-4.14-5W16	Q9149
005.SCG*LB4.CP-4++0.N.10.1-2.4-6W20	Q9150
005.SCG*LB4.CP-3++9.N.-1.1-1.8-5W35	Q9151
005.SCG*LB4.CP-4++9.N.-7.2-3.4-6W16	Q9152
005.SCG*LB3.CP10++9.N.-8.5-5.9-7W21	Q9153
005.SCG*LB2.CP--++1.N.-3.5-4.8-3W16	Q9154
005.SCG*LB2.CP-3++8.N.-8.1-1.6-3W26	Q9155
005.SCG*LB4.CP-3++5.N.13.10-6.12-2W9	Q9156
005.SCG*LB3.CP-8++4.N.14.25-1.27-7W21	Q9157
005.SCG*LB2.CP-8++8.N.11.1-2.5-1W5	Q9158
005.SCG*LB4.CP-4++5.N.-6.1-1.7-1W14	Q9159
005.SCG*LB4.CP-3++4.N.-2.43-2.47-3W7	Q9160
005.SCG*LB3.CP-1++3.N.-3.1-2.3-7W10	Q9161
005.SCG*LB3.CP-1++8.N.-3.5-7.8-2W11	Q9162
005.SCG*LB4.CP-4++0.N.-9.5-3.7-3W9	Q9163
005.SCG*LB4.CP-4++0.N.10.1-2.4-6W6	Q9164
005.SCG*LB4.CP-3++7.N.-3.1-2.3-3W14	Q9165
005.SCG*LB4.CP-2++1.N.-8.5-3.8-1W8	Q9166
005.SCG*LB4.CP-3++5.N.-3.18-3.20-1W6	Q9167
005.SCG*LB2.CP-3++5.N.-6.33-1.36-6W29	Q9168
005.SCG*LB2.CP-3++9.N.-7.5-7.7-5W9	Q9169
005.SCG*LB1.CP-2++4.N.-5.4-3.7-1W13	Q9170
005.SCG*LB2.CP-9++5.N.-3.10-7.17-1W13	Q9171
005.SCG*LB4.CP-7++6.N.-8.10-3.14-2W12	Q9172
005.SCG*LB4.CP-4++5.N.-6.14-7.16-8W6	Q9173
005.SCG*LB4.CP-3++5.N.10.5-6.7-6W7	Q9174
005.SCG*LB3.CP-5++1.N.-4.41-6.43-7W9	Q9175
005.SCG*LB4.CP-3++5.N.10.1-2.4-1W16	Q9176
005.SCG*LB2.CP--++2.N.-5.1-1.3-1W11	Q9177
005.SCG*LB3.CP-7++3.N.-6.1-1.3-6W10	Q9178
005.SCG*LB1.CP-2++4.N.-5.8-2.12-2W16	Q9179
005.SCG*LB3.CP13++0.N.-3.9-6.14-6W38	Q9180
005.SCG*LB3.CP-9++7.N.-7.1-1.3-6W10	Q9181
005.SCG*LB3.CP-1++8.N.-2.6-4.10-3W11	Q9182
005.SCG*LB4.CP-3++5.N.14.3-7.7-1W9	Q9183
005.SCG*LB1.CP-3++7.N.-4.7-1.11-1W6	Q9184
005.SCG*LB3.CP14++5.N.-4.5-2.7-5W16	Q9185
005.SCG*LB2.CP-8++3.N.22.2-5.5-6W8	Q9186
005.SCG*LB4.CP-7++4.N.-1.12-7.14-7W10	Q9187
005.SCG*LB3.CP-9++7.N.11.6-3.9-4W3	Q9188
005.SCG*LB4.CP-4++0.N.10.6-2.7-4W5	Q9189
005.SCG*LB1.CP-3++2.N.-4.4-1.8-1W33	Q9190
005.SCG*LB4.CP-4++1.N.-2.1-1.11-1W67	Q9191
005.SCG*LB2.CP--++3.N.-2.1-1.8-5W28	Q9192
005.SCG*LB4.CP-2++1.N.-4.9-6.12-4W8	Q9193
005.SCG*LB3.CP12++1.N.-1.1-1.9-3W40	Q9194
005.SCG*LB4.CP-4++5.N.-3.8-2.12-2W22	Q9195
005.SCG*LB4.CP-9++3.N.-5.1-2.4-7W12	Q9196
005.SCG*LB4.CP-4++0.N.-9.3-4.5-2W8	Q9197
005.SCG*LB4.CP-4++9.N.-9.1-1.6-4W14	Q9198
005.SCG*LB3.CP10++2.N.-2.3-3.5-1W4	Q9199
005.SCG*LB3.CP-2++6.N.19.13-1.20-3W14	Q9200
005.SCG*LB4.CP-3++8.N.-2.17-3.19-6W14	Q9201
005.SCG*LB4.CP-4++9.N.10.3-8.6-4W5	Q9202
005.SCG*LB3.CP15++1.N.-6.5-3.9-5W26	Q9203
005.SCG*LB2.CP-8++8.N.11.14-3.15-4W9	Q9204
005.SCG*LB4.CP-4++1.N.-7.1-1.11-1W48	Q9205
005.SCG*LB3.CP-9++4.N.10.53-2.55-1W13	Q9206
005.SCG*LB4.CP-5++0.N.-2.4-5.7-3W7	Q9207
005.SCG*LB2.CP-4++0.N.-7.1-1.5-3W26	Q9208
005.SCG*LB3.CP-1++8.N.-3.3-2.5-6W6	Q9209
005.SCG*LB4.CP-3++5.N.10.1-2.4-1W6	Q9210
005.SCG*LB4.CP-1++1.N.14.9-2.13-4W15	Q9211
005.SCG*LB4.CP-8++1.N.-7.29-1.30-5W14	Q9212
005.SCG*LB3.CP-9++0.N.-8.5-2.6-6W4	Q9213
005.SCG*LB3.CP14++6.N.-2.1-2.3-2W7	Q9214
005.SCG*LB4.CP-4++1.N.-3.1-1.4-5W11	Q9215
005.SCG*LB3.CP-2++6.N.11.1-2.3-4W5	Q9216
005.SCG*LB2.CP-8++3.N.10.2-5.4-2W2	Q9217
005.SCG*LB4.CP-3++8.N.-2.13-2.17-2W9	Q9218
005.SCG*LB3.CP15++3.N.-2.27-1.30-1W5	Q9219
005.SCG*LB4.CP-3++5.N.-5.10-2.13-4W6	Q9220
005.SCG*LB4.CP-2++2.N.-5.14-2.16-7W19	Q9221
005.SCG*LB4.CP-3++0.N.-3.4-3.8-4W16	Q9222
005.SCG*LB3.CP-9++7.N.11.14-3.19-2W23	Q9223
005.SCG*LB2.CP-4++6.N.-1.5-1.10-3W30	Q9224
005.SCG*LB3.CP15++3.N.-3.4-5.8-2W8	Q9225
005.SCG*LB3.CP--++5.N.-6.5-2.6-5W11	Q9226
005.SCG*LB1.CP-6++5.N.-3.1-2.4-6W5	Q9227
005.SCG*LB4.CP-3++7.N.-5.2-4.5-7W9	Q9228
005.SCG*LB4.CP--++8.N.-9.72-2.75-2W11	Q9229
005.SCG*LB2.CP-4++4.N.-8.1-2.5-1W18	Q9230
005.SCG*LB4.CP-2++2.N.-3.7-1.13-2W8	Q9231
005.SCG*LB3.CP14++5.N.-3.6-3.9-1W7	Q9232
005.SCG*LB3.CP10++2.N.-2.1-1.3-2W7	Q9233
005.SCG*LB3.CP11++2.N.-3.12-5.17-1W1	Q9234
005.SCG*LB3.CP-7++5.N.-6.3-6.5-5W1	Q9235
005.SCG*LB4.CP-8++3.N.-4.10-6.15-3W29	Q9236
005.SCG*LB2.CP-2++6.N.-3.6-4.10-3W6	Q9237
005.SCG*LB1.CP--++7.N.-2.1-1.2-5W11	Q9238
005.SCG*LB3.CP-7++6.N.10.5-4.8-1W1	Q9239
005.SCG*LB2.CP-7++6.N.-5.5-3.7-3W1	Q9240
005.SCG*LB1.CP-2++5.N.-9.6-2.8-5W10	Q9241
005.SCG*LB2.CP-8++8.N.-8.11-2.12-2W1	Q9242
005.SCG*LB4.CP-5++4.N.-8.27-4.29-1W6	Q9243
005.SCG*LB4.CP--++8.N.-5.52-5.54-3W12	Q9244
005.SCG*LB2.CP-8++0.N.-9.7-1.9-6W1	Q9245
005.SCG*LB1.CP-1++3.N.-8.6-1.8-2W15	Q9246
005.SCG*LB2.CP-8++9.N.-2.7-5.9-7W20	Q9247
005.SCG*LB3.CP-2++7.N.-2.7-3.9-5W1	Q9248
005.SCG*LB4.CP-1++0.N.-6.1-2.5-5W22	Q9249
005.SCG*LB1.CP-3++5.N.-2.14-4.17-3W11	Q9250
005.SCG*LB2.CP-3++2.N.-6.28-2.30-1W1	Q9251
005.SCG*LB2.CP-3++2.N.-7.24-5.28-3W1	Q9252
005.SCG*LB4.CP-4++5.N.-7.24-2.31-1W28	Q9253
005.SCG*LB3.CP15++1.N.-6.1-2.3-3W7	Q9254
005.SCG*LB4.CP--++7.N.18.11-2.12-6W14	Q9255
005.SCG*LB2.CP-8++8.N.11.5-2.7-1W1	Q9256
005.SCG*LB3.CP13++0.N.-4.4-6.11-7W18	Q9257
005.SCG*LB2.CP-7++4.N.-2.29-1.31-3W1	Q9258
005.SCG*LB3.CP-8++6.N.-4.5-1.7-3W1	Q9259
005.SCG*LB2.CP-6++0.N.-3.6-1.10-5W1	Q9260
005.SCG*LB2.CP-5++2.N.-7.11-7.13-7W6	Q9261
005.SCG*LB2.CP-8++8.N.-9.10-5.11-5W1	Q9262
005.SCG*LB1.CP-7++8.N.-5.1-2.4-1W9	Q9263
005.SCG*LB3.CP-7++6.N.-3.5-2.9-3W19	Q9264
005.SCG*LB2.CP-8++0.N.11.8-5.11-3W1	Q9265
005.SCG*LB2.CP-6++8.N.-3.10-4.12-6W21	Q9266
005.SCG*LB2.CP-7++5.N.16.6-3.8-2W4	Q9267
005.SCG*LB2.CP-9++3.N.-6.5-3.11-2W5	Q9268
005.SCG*LB1.CP-5++8.N.-9.4-7.7-1W7	Q9269
005.SCG*LB3.CP-2++0.N.-4.9-4.11-1W12	Q9270
005.SCG*LB3.CP-6++2.N.-5.4-5.7-3W1	Q9271
005.SCG*LB3.CP-7++8.N.-4.3-8.5-4W1	Q9272
005.SCG*LB2.CP-8++8.N.-4.9-5.11-2W1	Q9273
005.SCG*LB3.CP-4++7.N.-6.38-1.44-6W28	Q9274
005.SCG*LB3.CP-7++6.N.-6.9-4.12-5W1	Q9275
005.SCG*LB4.CP-5++4.N.-8.24-3.27-3W20	Q9276
005.SCG*LB4.CP-5++5.N.20.8-1.13-5W23	Q9277
005.SCG*LB2.CP-7++0.N.-5.1-1.3-1W1	Q9278
005.SCG*LB2.CP-8++0.N.-6.26-4.29-3W3	Q9279
005.SCG*LB2.CP-4++0.N.-5.8-5.11-5W1	Q9280
005.SCG*LB3.CP-7++5.N.11.13-1.15-3W1	Q9281
005.SCG*LB3.CP12++9.N.-4.5-3.6-3W1	Q9282
005.SCG*LB1.CP-9++3.N.10.23-5.24-2W3	Q9283
005.SCG*LB3.CP13++2.N.11.1-2.4-5W5	Q9284
005.SCG*LB3.CP-8++6.N.14.7-1.9-1W4	Q9285
005.SCG*LB3.CP15++4.N.17.28-5.30-2W4	Q9286
005.SCG*LB4.CP-8++9.N.-4.5-1.8-1W13	Q9287
005.SCG*LB4.CP-3++5.N.-8.17-3.20-2W17	Q9288
005.SCG*LB3.CP-1++2.N.-1.1-1.3-4W15	Q9289
005.SCG*LB2.CP-8++9.N.15.12-3.19-5W48	Q9290
005.SCG*LB3.CP-1++2.N.-3.10-1.12-1W14	Q9291
005.SCG*LB3.CP-1++2.N.-4.1-1.6-2W29	Q9292
005.SCG*LB3.CP-1++2.N.--.1-1.2-2W5	Q9293
005.SCG*LB4.CP-8++1.N.12.12-6.16-4W27	Q9294
005.SCG*LB3.CP13++2.N.14.5-3.9-3W21	Q9295
005.SCG*LB1.CP-2++0.N.24.5-5.9-1W5	Q9296
005.SCG*LB1.CP-7++8.N.-4.15-5.16-5W4	Q9297
005.SCG*LB3.CP-2++6.N.20.5-2.8-1W21	Q9298
005.SCG*LB3.CP13++3.N.-1.24-3.28-1W31	Q9299
005.SCG*LB4.CP-1++4.N.11.19-1.20-7W13	Q9300
005.SCG*LB4.CP-8++1.N.10.1-1.7-6W12	Q9301
005.SCG*LB3.CP13++3.N.-3.3-6.6-8W8	Q9302
005.SCG*LB3.CP-7++1.N.-7.7-1.14-5W23	Q9303
005.SCG*LB4.CP-8++0.N.-5.9-4.11-2W10	Q9304
005.SCG*LB4.CP-6++9.N.-5.15-1.19-5W29	Q9305
005.SCG*LB3.CP13++5.N.18.8-7.10-4W6	Q9306
005.SCG*LB3.CP13++5.N.18.1-1.8-6W18	Q9307
005.SCG*LB4.CP-5++5.N.21.1-1.5-6W18	Q9308
005.SCG*LB1.CP--++6.N.-3.1-1.10-5W58	Q9309
005.SCG*LB3.CP13++2.N.26.5-1.10-3W6	Q9310
005.SCG*LB1.CP--++6.N.-3.10-6.14-3W18	Q9311
005.SCG*LB3.CP13++5.N.-6.3-3.5-2W9	Q9312
005.SCG*LB3.CP13++2.N.26.5-1.10-3W26	Q9313
005.SCG*LB4.CP-5++5.N.19.38-2.40-1W4	Q9314
005.SCG*LB3.CP13++2.N.23.12-3.13-5W9	Q9315
005.SCG*LB4.CP-8++1.N.-8.11-1.16-3W10	Q9316
005.SCG*LB3.CP11++9.N.-1.1-1.9-1W53	Q9317
005.SCG*LB4.CP-8++3.N.23.7-2.9-7W9	Q9318
005.SCG*LB4.CP-9++1.N.-9.15-3.21-6W39	Q9319
005.SCG*LB3.CP-4++7.N.-2.1-1.4-4W15	Q9320
005.SCG*LB3.CP-3++7.N.-7.11-2.13-1W13	Q9321
005.SCG*LB3.CP-6++0.N.-1.1-1.9-4W56	Q9322
005.SCG*LB4.CP-7++0.N.-6.7-4.9-2W1	Q9323
005.SCG*LB3.CP-6++3.N.-7.1-1.4-7W16	Q9324
005.SCG*LB4.CP-2++9.N.-9.4-1.6-6W10	Q9325
005.SCG*LB4.CP--++2.N.-2.1-1.4-1W17	Q9326
005.SCG*LB1.CP--++6.N.-5.1-1.6-5W30	Q9327
005.SCG*LB3.CP-3++1.N.-6.1-1.4-1W22	Q9328
005.SCG*LB4.CP-6++2.N.-7.11-5.13-4W11	Q9329
005.SCG*LB4.CP-1++4.N.10.11-2.14-5W26	Q9330
005.SCG*LB4.CP-6++4.N.-3.10-5.13-6W5	Q9331
005.SCG*LB4.CP-1++1.N.-4.13-4.16-2W19	Q9332
005.SCG*LB1.CP-6++8.N.-2.5-6.7-5W13	Q9333
005.SCG*LB2.CP-4++8.N.-5.10-1.11-2W3	Q9334
005.SCG*LB2.CP-8++9.N.20.4-5.8-1W18	Q9335
005.SCG*LB4.CP-6++8.N.-1.1-1.5-3W19	Q9336
005.SCG*LB2.CP-4++9.N.-7.2-4.3-2W2	Q9337
005.SCG*LB4.CP--++4.N.11.1-1.5-2W13	Q9338
005.SCG*LB2.CP-4++6.N.-7.8-5.13-2W8	Q9339
005.SCG*LB1.CP-9++2.N.-1.10-5.12-1W9	Q9340
005.SCG*LB2.CP-6++9.N.-9.25-4.26-7W7	Q9341
005.SCG*LB2.CP-3++5.N.-6.27-1.32-6W28	Q9342
005.SCG*LB1.CP-8++6.N.-6.18-1.22-5W6	Q9343
005.SCG*LB4.CP-4++2.N.-3.4-2.7-2W3	Q9344
005.SCG*LB2.CP-4++9.N.-6.12-5.15-5W13	Q9345
005.SCG*LB4.CP-1++4.N.-4.4-3.6-4W16	Q9346
005.SCG*LB2.CP-4++9.N.-7.1-2.2-3W7	Q9347
005.SCG*LB4.CP-5++5.N.19.6-2.9-5W13	Q9348
005.SCG*LB3.CP-3++7.N.-8.1-1.8-3W30	Q9349
005.SCG*LB2.CP-9++9.N.-3.1-2.6-2W19	Q9350
005.SCG*LB3.CP13++8.N.-6.1-1.3-5W13	Q9351
005.SCG*LB1.CP-6++1.N.-5.1-2.3-6W18	Q9352
005.SCG*LB2.CP-9++9.N.-3.1-2.6-2W29	Q9353
005.SCG*LB2.CP-8++8.N.-9.11-6.14-3W6	Q9354
005.SCG*LB1.CP-7++0.N.-5.2-5.5-1W10	Q9355
005.SCG*LB3.CP10++9.N.-7.1-1.5-1W16	Q9356
005.SCG*LB2.CP-4++6.N.-7.8-5.13-2W28	Q9357
005.SCG*LB3.CP-8++1.N.-4.8-1.9-5W10	Q9358
005.SCG*LB2.CP-2++6.N.-6.5-6.6-5W10	Q9359
005.SCG*LB4.CP-6++4.N.-3.7-5.10-4W18	Q9360
005.SCG*LB3.CP13++3.N.-2.16-5.17-5W8	Q9361
005.SCG*LB3.CP-8++8.N.-2.1-1.2-5W9	Q9362
005.SCG*LB3.CP-7++8.N.-4.5-5.8-4W4	Q9363
005.SCG*LB3.CP10++9.N.-5.13-1.16-6W12	Q9364
005.SCG*LB1.CP-8++5.N.-3.6-6.7-6W8	Q9365
005.SCG*LB4.CP--++7.N.18.6-3.9-6W16	Q9366
005.SCG*LB3.CP13++5.N.12.1-1.4-6W15	Q9367
005.SCG*LB4.CP-6++1.N.-3.14-1.15-3W4	Q9368
005.SCG*LB3.CP12++8.N.-3.3-2.6-7W14	Q9369
005.SCG*LB2.CP-6++3.N.-5.3-2.6-6W28	Q9370
005.SCG*LB2.CP-6++9.N.-9.22-5.24-4W14	Q9371
005.SCG*LB1.CP-5++9.N.-3.6-2.8-5W10	Q9372
005.SCG*LB3.CP-8++5.N.-9.19-1.23-3W25	Q9373
005.SCG*LB3.CP13++6.N.-4.4-5.6-1W9	Q9374
005.SCG*LB4.CP-8++7.N.-2.10-1.12-3W8	Q9375
005.SCG*LB2.CP-4++6.N.-7.13-3.18-2W7	Q9376
005.SCG*LB2.CP-4++6.N.-7.13-3.18-2W21	Q9377
005.SCG*LB4.CP-4++1.N.-5.1-1.2-3W6	Q9378
005.SCG*LB2.CP-6++5.N.-4.3-6.5-5W10	Q9379
005.SCG*LB2.CP-4++9.N.-7.3-3.5-4W6	Q9380
005.SCG*LB2.CP-2++6.N.-6.12-2.13-8W14	Q9381
005.SCG*LB1.CP-4++3.N.-4.3-3.6-3W15	Q9382
005.SCG*LB4.CP-5++3.N.-2.3-1.5-2W19	Q9383
005.SCG*LB1.CP--++7.N.-3.7-2.8-2W7	Q9384
005.SCG*LB3.CP-9++8.N.-1.11-6.15-5W11	Q9385
005.SCG*LB2.CP-5++6.N.10.1-2.2-2W7	Q9386
005.SCG*LB4.CP-4++1.N.-2.1-1.11-1W36	Q9387
005.SCG*LB2.CP--++8.N.-4.3-2.5-3W9	Q9388
005.SCG*LB3.CP-9++5.N.21.1-1.8-6W42	Q9389
005.SCG*LB4.CP-6++1.N.-3.15-4.17-3W9	Q9390
005.SCG*LB1.CP--++3.N.-5.12-1.14-1W8	Q9391
005.SCG*LB3.CP10++9.N.-6.4-5.9-4W19	Q9392
005.SCG*LB4.CP-4++1.N.-3.12-1.16-4W17	Q9393
005.SCG*LB3.CP-9++5.N.19.1-1.4-2W9	Q9394
005.SCG*LB1.CP-6++1.N.-5.4-1.6-6W18	Q9395
005.SCG*LB3.CP13++6.N.-4.1-2.3-3W6	Q9396
005.SCG*LB2.CP-4++9.N.-2.3-2.5-5W9	Q9397
005.SCG*LB3.CP-9++8.N.-1.5-1.7-4W13	Q9398
005.SCG*LB1.CP--++7.N.-3.1-2.3-2W13	Q9399
005.SCG*LB3.CP-9++2.N.-6.9-1.12-4W24	Q9400
005.SCG*LB2.CP-4++9.N.-7.2-4.3-2W4	Q9401
005.SCG*LB2.CP-9++8.N.19.17-1.18-6W11	Q9402
005.SCG*LB2.CP-6++9.N.-3.1-1.5-3W12	Q9403
005.SCG*LB3.CP-9++5.N.21.1-1.8-6W30	Q9404
005.SCG*LB3.CP-2++6.N.-8.11-3.14-1W17	Q9405
005.SCG*LB3.CP-9++8.N.-1.9-5.11-5W6	Q9406
005.SCG*LB2.CP-4++9.N.-2.1-1.3-1W6	Q9407
005.SCG*LB4.CP-6++2.N.-5.2-2.4-1W9	Q9408
005.SCG*LB2.CP-4++9.N.-2.3-2.5-5W14	Q9409
005.SCG*LB4.CP-3++3.N.-3.10-4.14-6W15	Q9410
005.SCG*LB4.CP-1++4.N.-4.6-5.12-1W40	Q9411
005.SCG*LB3.CP-8++0.N.-8.1-1.5-8W23	Q9412
005.SCG*LB3.CP11++3.N.-2.4-6.6-5W14	Q9413
005.SCG*LB3.CP10++2.N.-8.2-2.4-4W8	Q9414
005.SCG*LB3.CP-3++8.N.-6.7-1.8-1W6	Q9415
005.SCG*LB3.CP10++4.N.12.3-6.6-1W20	Q9416
005.SCG*LB2.CP-6++9.N.-9.22-5.24-4W6	Q9417
005.SCG*LB3.CP10++9.N.-6.4-5.9-4W32	Q9418
005.SCG*LB3.CP-3++5.N.-4.3-2.9-7W19	Q9419
005.SCG*LB4.CP-2++5.N.-4.11-1.15-3W12	Q9420
005.SCG*LB2.CP-8++9.N.20.1-1.4-4W7	Q9421
005.SCG*LB2.CP-6++5.N.-4.2-2.3-5W6	Q9422
005.SCG*LB4.CP-9++5.N.-4.6-5.8-1W11	Q9423
005.SCG*LB1.CP-5++4.N.-4.1-1.3-1W8	Q9424
005.SCG*LB4.CP-6++2.N.-5.25-2.27-1W11	Q9425
005.SCG*LB3.CP-8++2.N.-2.1-2.5-3W24	Q9426
005.SCG*LB3.CP-9++5.N.10.4-1.5-5W12	Q9427
005.SCG*LB2.CP-7++3.N.13.9-2.12-5W13	Q9428
005.SCG*LB2.CP-6++0.N.24.8-1.9-6W6	Q9429
005.SCG*LB2.CP-6++0.N.10.10-3.13-2W22	Q9430
005.SCG*LB2.CP-6++0.N.23.6-3.8-5W4	Q9431
005.SCG*LB2.CP-6++0.N.24.2-1.5-2W11	Q9432
005.SCG*LB2.CP-6++0.N.11.14-1.18-3W18	Q9433
005.SCG*LB3.CP15++6.N.-2.1-1.2-5W5	Q9434
005.SCG*LB2.CP-5++9.N.13.18-5.22-6W15	Q9435
005.SCG*LB2.CP-7++3.N.16.8-2.10-5W9	Q9436
005.SCG*LB3.CP-4++2.N.-4.27-1.30-1W18	Q9437
005.SCG*LB2.CP-7++6.N.-6.1-2.5-5W25	Q9438
005.SCG*LB3.CP-4++3.N.-3.25-1.29-5W24	Q9439
005.SCG*LB2.CP-7++0.N.-6.1-1.5-4W7	Q9440
005.SCG*LB2.CP-6++0.N.11.14-1.18-3W25	Q9441
005.SCG*LB2.CP-5++9.N.17.8-2.11-3W11	Q9442
005.SCG*LB2.CP-6++0.N.10.1-1.3-5W13	Q9443
005.SCG*LB1.CP-2++0.N.13.8-4.13-6W36	Q9444
005.SCG*LB2.CP-5++9.N.13.18-5.22-6W21	Q9445
005.SCG*LB2.CP-7++3.N.38.1-1.5-6W19	Q9446
005.SCG*LB2.CP-7++6.N.19.1-1.9-2W12	Q9447
005.SCG*LB2.CP-6++0.N.-7.6-4.8-9W9	Q9448
005.SCG*LB2.CP-5++9.N.13.18-5.22-6W7	Q9449
005.SCG*LB3.CP-4++3.N.-7.1-2.7-5W9	Q9450
005.SCG*LB2.CP-7++3.N.-7.1-1.8-1W17	Q9451
005.SCG*LB2.CP-5++9.N.-8.1-1.9-1W25	Q9452
005.SCG*LB3.CP-4++3.N.-3.34-1.37-1W16	Q9453
005.SCG*LB2.CP-5++9.N.13.13-2.16-1W4	Q9454
005.SCG*LB2.CP-7++3.N.-8.3-5.6-3W16	Q9455
005.SCG*LB3.CP-4++3.N.-3.37-2.40-4W23	Q9456
005.SCG*LB2.CP-5++9.N.-8.15-4.17-1W9	Q9457
005.SCG*LB2.CP-6++0.N.24.5-3.7-6W14	Q9458
005.SCG*LB3.CP-4++2.N.-4.31-5.34-1W6	Q9459
005.SCG*LB2.CP-6++8.N.-2.1-1.5-2W17	Q9460
005.SCG*LB3.CP-9++5.N.10.5-6.8-6W9	Q9461
005.SCG*LB3.CP-4++3.N.-3.31-1.33-5W14	Q9462
005.SCG*LB3.CP15++6.N.-2.3-1.6-1W6	Q9463
005.SCG*LB2.CP-5++9.N.13.16-2.18-4W3	Q9464
005.SCG*LB3.CP-5++4.N.-8.4-6.10-1W29	Q9465
005.SCG*LB2.CP-4++4.N.14.1-1.2-4W8	Q9466
005.SCG*LB3.CP15++4.N.-7.12-4.14-5W13	Q9467
005.SCG*LB4.CP-9++1.N.10.1-1.5-8W4	Q9468
005.SCG*LB2.CP-3++4.N.-6.4-2.7-2W5	Q9469
005.SCG*LB2.CP-5++7.N.-1.5-1.9-6W8	Q9470
005.SCG*LB2.CP10++0.N.-2.1-1.8-6W40	Q9471
005.SCG*LB3.CP-5++1.N.-4.5-1.8-8W23	Q9472
005.SCG*LB2.CP-9++8.N.10.21-7.25-4W5	Q9473
005.SCG*LB3.CP-2++2.N.-6.14-4.20-2W9	Q9474
005.SCG*LB1.CP-2++5.N.-6.13-4.14-3W6	Q9475
005.SCG*LB1.CP-9++3.N.12.27-2.30-5W4	Q9476
005.SCG*LB4.CP-5++0.N.-8.11-2.13-3W8	Q9477
005.SCG*LB1.CP-9++3.N.12.10-3.14-1W20	Q9478
005.SCG*LB2.CP-1++6.N.-3.1-2.3-1W6	Q9479
005.SCG*LB1.CP-1++4.N.-3.7-1.12-4W8	Q9480
005.SCG*LB1.CP-2++8.N.-2.7-1.10-6W7	Q9481
005.SCG*LB1.CP-9++3.N.12.7-1.10-2W7	Q9482
005.SCG*LB3.CP12++5.N.-6.5-3.8-2W8	Q9483
005.SCG*LB3.CP-8++2.N.-3.4-6.6-3W8	Q9484
005.SCG*LB1.CP-1++4.N.-3.7-1.12-4W30	Q9485
005.SCG*LB3.CP12++5.N.-7.5-1.8-1W9	Q9486
005.SCG*LB2.CP-9++8.N.11.28-1.31-3W17	Q9487
005.SCG*LB3.CP-4++8.N.-3.3-3.5-4W17	Q9488
005.SCG*LB1.CP-1++9.N.-3.3-6.4-6W3	Q9489
005.SCG*LB3.CP13++4.N.-7.19-1.21-1W7	Q9490
005.SCG*LB4.CP-2++2.N.-5.11-1.14-1W25	Q9491
005.SCG*LB3.CP14++8.N.-2.9-1.9-4W4	Q9492
005.SCG*LB1.CP-8++7.N.-6.1-1.4-1W5	Q9493
005.SCG*LB3.CP12++7.N.-2.6-2.8-3W9	Q9494
005.SCG*LB3.CP13++8.N.-2.4-3.6-2W10	Q9495
005.SCG*LB4.CP-8++9.N.-4.26-2.31-2W13	Q9496
005.SCG*LB1.CP--++7.N.--.1-1.2-4W6	Q9497
005.SCG*LB3.CP16++2.N.-3.3-1.4-5W1	Q9498
005.SCG*LB1.CP-9++1.N.-7.2-3.6-3W20	Q9499
005.SCG*LB3.CP12++7.N.-4.9-1.14-5W27	Q9500
005.SCG*LB3.CP-2++6.N.12.7-3.8-2W3	Q9501
005.SCG*LB4.CP-2++1.N.-8.1-1.3-4W17	Q9502
005.SCG*LB1.CP--++7.N.-3.8-3.10-1W10	Q9503
005.SCG*LB4.CP-9++7.N.-3.40-6.43-2W13	Q9504
005.SCG*LB3.CP15++1.N.-4.10-5.13-3W20	Q9505
005.SCG*LB4.CP-2++9.N.10.9-3.11-5W12	Q9506
005.SCG*LB4.CP-7++1.N.-8.13-5.14-7W5	Q9507
005.SCG*LB2.CP-5++6.N.-5.19-5.21-2W6	Q9508
005.SCG*LB4.CP-2++3.N.-9.11-1.12-2W8	Q9509
005.SCG*LB4.CP-2++3.N.-9.11-1.12-2W6	Q9510
005.SCG*LB3.CP-6++3.N.-4.14-3.17-5W11	Q9511
005.SCG*LB4.CP-7++1.N.-8.13-5.14-7W10	Q9512
005.SCG*LB4.CP-1++6.N.-8.6-2.7-1W2	Q9513
005.SCG*LB4.CP-7++0.N.-6.9-6.11-2W2	Q9514
005.SCG*LB4.CP-2++3.N.-9.9-3.10-5W5	Q9515
005.SCG*LB4.CP-2++9.N.-9.4-1.6-6W8	Q9516
005.SCG*LB4.CP-7++3.N.-4.6-1.8-4W5	Q9517
005.SCG*LB4.CP-1++0.N.15.5-1.8-5W11	Q9518
005.SCG*LB2.CP--++6.N.-4.1-2.3-7W5	Q9519
005.SCG*LB1.CP-9++3.N.-9.1-1.5-6W19	Q9520
005.SCG*LB3.CP-9++5.N.-3.9-7.13-1W21	Q9521
005.SCG*LB4.CP-5++8.N.-1.1-1.6-3W18	Q9522
005.SCG*LB4.CP-1++1.N.17.5-4.7-4W6	Q9523
005.SCG*LB4.CP-9++1.N.-4.8-4.9-2W4	Q9524
005.SCG*LB4.CP-6++0.N.-3.1-1.3-6W1	Q9525
005.SCG*LB3.CP-9++5.N.-2.4-3.5-4W7	Q9526
005.SCG*LB3.CP14++0.N.-5.11-3.12-6W3	Q9527
005.SCG*LB4.CP-2++7.N.-1.1-1.7-2W28	Q9528
005.SCG*LB4.CP-3++4.N.15.8-2.10-8W1	Q9529
005.SCG*LB2.CP-3++9.N.-4.7-7.12-4W31	Q9530
005.SCG*LB4.CP-7++4.N.-5.1-1.5-2W21	Q9531
005.SCG*LB2.CP-8++8.N.-2.1-1.6-2W19	Q9532
005.SCG*LB3.CP12++2.N.-4.23-2.25-4W13	Q9533
005.SCG*LB1.CP-2++8.N.-8.11-6.13-1W9	Q9534
005.SCG*LB4.CP-5++5.N.-5.34-2.37-2W4	Q9535
005.SCG*LB2.CP-8++9.N.-2.18-6.20-7W5	Q9536
005.SCG*LB3.CP-9++7.N.-3.9-3.11-7W2	Q9537
005.SCG*LB2.CP-7++7.N.-1.8-6.11-1W14	Q9538
005.SCG*LB4.CP-4++6.N.-3.7-5.10-2W11	Q9539
005.SCG*LB4.CP--++8.N.-7.43-3.44-5W9	Q9540
005.SCG*LB2.CP-6++0.N.-8.6-1.8-1W5	Q9541
005.SCG*LB1.CP-2++2.N.-7.4-4.6-6W4	Q9542
005.SCG*LB2.CP-7++3.N.19.27-2.28-4W6	Q9543
005.SCG*LB4.CP-1++9.N.-2.11-2.13-1W12	Q9544
005.SCG*LB2.CP-4++8.N.-4.13-2.15-4W12	Q9545
005.SCG*LB4.CP--++8.N.-2.7-1.9-3W11	Q9546
005.SCG*LB4.CP-4++6.N.-4.1-1.2-5W1	Q9547
005.SCG*LB3.CP12++5.N.-6.5-3.8-2W1	Q9548
005.SCG*LB3.CP13++2.N.17.13-1.14-3W8	Q9549
005.SCG*LB4.CP-3++4.N.-9.15-6.17-5W9	Q9550
005.SCG*LB4.CP-7++4.N.-5.5-3.8-3W11	Q9551
005.SCG*LB4.CP-3++7.N.10.5-1.9-7W19	Q9552
005.SCG*LB1.CP-4++5.N.-4.3-3.8-1W22	Q9553
005.SCG*LB3.CP13++2.N.11.11-5.14-1W9	Q9554
005.SCG*LB4.CP-1++9.N.12.1-1.5-3W19	Q9555
005.SCG*LB2.CP-6++2.N.-5.1-2.5-2W27	Q9556
005.SCG*LB2.CP-7++6.N.13.1-1.6-1W19	Q9557
005.SCG*LB3.CP15++4.N.-7.1-1.3-5W11	Q9558
005.SCG*LB1.CP-7++2.N.-7.11-5.12-4W4	Q9559
005.SCG*LB4.CP-2++1.N.-4.9-6.12-4W10	Q9560
005.SCG*LB1.CP-2++3.N.-8.1-1.2-3W8	Q9561
005.SCG*LB1.CP-9++2.N.10.8-1.14-4W17	Q9562
005.SCG*LB2.CP-7++8.N.-8.18-4.19-4W4	Q9563
005.SCG*LB4.CP-5++3.N.--.1-1.3-1W8	Q9564
005.SCG*LB2.CP-5++2.N.-5.3-5.6-1W11	Q9565
005.SCG*LB2.CP-7++3.N.36.29-2.33-5W9	Q9566
005.SCG*LB4.CP-5++3.N.-8.5-1.10-2W12	Q9567
005.SCG*LB4.CP-4++2.N.-3.12-6.14-3W1	Q9568
005.SCG*LB3.CP-9++5.N.-3.9-7.13-1W12	Q9569
005.SCG*LB2.CP--++7.N.-1.1-1.3-2W13	Q9570
005.SCG*LB1.CP-4++2.N.11.7-4.8-5W7	Q9571
005.SCG*LB1.CP-2++3.N.-5.4-8.6-5W8	Q9572
005.SCG*LB1.CP-6++2.N.-3.1-2.2-4W5	Q9573
005.SCG*LB1.CP-2++6.N.-3.3-5.9-4W42	Q9574
005.SCG*LB1.CP-4++2.N.-9.33-1.36-4W26	Q9575
005.SCG*LB2.CP-1++5.N.-2.7-1.8-6W7	Q9576
005.SCG*LB3.CP-9++7.N.12.4-1.9-4W1	Q9577
005.SCG*LB1.CP-8++9.N.-9.5-3.9-2W23	Q9578
005.SCG*LB4.CP-3++4.N.-2.59-4.63-7W33	Q9579
005.SCG*LB1.CP-6++2.N.-3.1-2.2-4W9	Q9580
005.SCG*LB1.CP-3++2.N.-6.1-2.4-1W12	Q9581
005.SCG*LB2.CP-8++3.N.10.4-3.6-6W13	Q9582
005.SCG*LB4.CP-1++4.N.-9.13-4.17-2W19	Q9583
005.SCG*LB1.CP-2++5.N.10.20-6.21-2W5	Q9584
005.SCG*LB4.CP-9++7.N.-1.3-1.8-2W21	Q9585
005.SCG*LB2.CP-8++3.N.10.11-7.13-2W4	Q9586
005.SCG*LB1.CP-3++0.N.-2.23-1.27-1W11	Q9587
005.SCG*LB2.CP-8++3.N.10.7-1.9-6W3	Q9588
005.SCG*LB4.CP-3++9.N.-3.4-2.8-1W16	Q9589
005.SCG*LB1.CP-1++7.N.-7.12-1.13-5W4	Q9590
005.SCG*LB1.CP-2++5.N.10.16-8.20-5W24	Q9591
005.SCG*LB4.CP-1++9.N.10.5-5.7-6W1	Q9592
005.SCG*LB4.CP-5++4.N.-8.29-2.34-3W1	Q9593
005.SCG*LB4.CP-5++3.N.13.1-2.5-6W3	Q9594
005.SCG*LB1.CP-8++2.N.-6.2-4.4-1W8	Q9595
005.SCG*LB3.CP14++4.N.-9.12-3.13-4W4	Q9596
005.SCG*LB2.CP-8++3.N.18.12-5.15-1W16	Q9597
005.SCG*LB1.CP-2++6.N.-3.1-2.3-4W15	Q9598
005.SCG*LB3.CP12++9.N.-4.6-4.8-3W9	Q9599
005.SCG*LB4.CP-1++3.N.-2.5-2.6-3W6	Q9600
005.SCG*LB3.CP13++2.N.-9.17-1.18-3W8	Q9601
005.SCG*LB1.CP-9++6.N.--.1-1.2-6W11	Q9602
005.SCG*LB4.CP-4++6.N.-4.8-2.9-4W1	Q9603
005.SCG*LB4.CP-5++3.N.18.11-1.12-3W3	Q9604
005.SCG*LB2.CP-1++5.N.-3.12-2.14-8W10	Q9605
005.SCG*LB4.CP-2++1.N.-7.1-1.5-4W27	Q9606
005.SCG*LB3.CP--++7.N.-5.2-2.3-5W9	Q9607
005.SCG*LB3.CP-2++6.N.14.1-2.2-3W4	Q9608
005.SCG*LB3.CP-7++7.N.-4.8-1.10-1W1	Q9609
005.SCG*LB4.CP-4++6.N.-5.6-2.7-1W1	Q9610
005.SCG*LB3.CP15++0.N.-5.6-5.9-4W14	Q9611
005.SCG*LB2.CP-7++5.N.-2.4-3.7-1W11	Q9612
005.SCG*LB3.CP-2++6.N.15.1-2.4-5W12	Q9613
005.SCG*LB3.CP--++3.N.-2.7-3.8-4W4	Q9614
005.SCG*LB4.CP-9++0.N.-8.11-5.13-4W3	Q9615
005.SCG*LB4.CP-4++1.N.-7.1-1.11-1W18	Q9616
005.SCG*LB4.CP-2++4.N.10.14-2.16-10W9	Q9617
005.SCG*LB4.CP-3++5.N.12.1-2.3-4W4	Q9618
005.SCG*LB4.CP-3++2.N.-2.9-4.17-5W35	Q9619
005.SCG*LB4.CP-3++4.N.-2.33-3.36-8W7	Q9620
005.SCG*LB4.CP-5++3.N.-6.7-5.9-5W8	Q9621
005.SCG*LB3.CP16++2.N.-7.10-6.12-1W12	Q9622
005.SCG*LB4.CP-5++9.N.-2.5-7.7-4W3	Q9623
005.SCG*LB2.CP-1++0.N.-1.16-5.21-4W7	Q9624
005.SCG*LB4.CP-5++5.N.-4.4-6.6-1W6	Q9625
005.SCG*LB3.CP15++8.N.-2.6-1.8-3W3	Q9626
005.SCG*LB1.CP-9++0.N.-1.1-1.5-2W10	Q9627
005.SCG*LB4.CP-5++0.N.-1.4-2.6-2W6	Q9628
005.SCG*LB4.CP-5++3.N.20.1-1.8-5W47	Q9629
005.SCG*LB3.CP15++8.N.-4.9-1.10-6W3	Q9630
005.SCG*LB4.CP--++7.N.-4.1-2.3-5W8	Q9631
005.SCG*LB4.CP-4++3.N.-5.16-4.19-1W4	Q9632
005.SCG*LB3.CP-8++0.N.17.20-3.21-5W5	Q9633
005.SCG*LB4.CP-5++3.N.28.1-1.5-1W25	Q9634
005.SCG*LB4.CP-3++4.N.-8.4-3.5-3W7	Q9635
005.SCG*LB2.CP-6++4.N.-3.1-2.2-5W4	Q9636
005.SCG*LB3.CP-7++7.N.-5.5-4.8-2W14	Q9637
005.SCG*LB4.CP-2++0.N.-6.4-4.7-1W12	Q9638
005.SCG*LB2.CP-4++3.N.-4.4-4.6-1W4	Q9639
005.SCG*LB4.CP--++4.N.15.1-2.5-1W12	Q9640
005.SCG*LB3.CP-2++6.N.-8.1-1.4-4W16	Q9641
005.SCG*LB2.CP-1++1.N.-1.1-1.7-4W5	Q9642
005.SCG*LB4.CP-4++6.N.-1.1-1.7-5W35	Q9643
005.SCG*LB1.CP-3++0.N.-3.27-6.30-6W8	Q9644
005.SCG*LB3.CP-9++5.N.10.1-1.3-4W13	Q9645
005.SCG*LB1.CP-2++9.N.-5.1-1.3-4W5	Q9646
005.SCG*LB2.CP-6++2.N.-5.1-2.5-2W10	Q9647
005.SCG*LB1.CP--++6.N.-2.4-1.9-2W10	Q9648
005.SCG*LB4.CP-2++6.N.-2.2-7.5-4W8	Q9649
005.SCG*LB2.CP-6++0.N.25.4-1.5-6W6	Q9650
005.SCG*LB4.CP-5++3.N.-2.1-1.2-5W5	Q9651
005.SCG*LB4.CP-2++3.N.11.23-1.26-7W28	Q9652
005.SCG*LB3.CP12++6.N.-1.1-1.7-3W14	Q9653
005.SCG*LB2.CP-1++5.N.-2.12-3.14-3W5	Q9654
005.SCG*LB3.CP12++3.N.-6.10-4.11-4W1	Q9655
005.SCG*LB4.CP--++7.N.20.6-1.10-5W32	Q9656
005.SCG*LB4.CP-3++4.N.-2.4-1.10-6W12	Q9657
005.SCG*LB1.CP-4++9.N.-4.1-2.4-3W19	Q9658
005.SCG*LB1.CP-9++4.N.-1.1-1.3-1W12	Q9659
005.SCG*LB3.CP-9++7.N.12.1-1.3-4W11	Q9660
005.SCG*LB4.CP-5++5.N.10.8-3.11-4W1	Q9661
005.SCG*LB4.CP-7++3.N.-1.16-4.22-6W1	Q9662
005.SCG*LB1.CP-9++3.N.10.6-1.10-2W31	Q9663
005.SCG*LB2.CP-7++9.N.-4.1-1.5-4W24	Q9664
005.SCG*LB4.CP-8++4.N.16.4-1.8-8W7	Q9665
005.SCG*LB1.CP-9++2.N.-7.5-3.7-6W5	Q9666
005.SCG*LB1.CP-4++3.N.-1.10-2.12-3W11	Q9667
005.SCG*LB2.CP-1++5.N.-3.1-2.3-7W3	Q9668
005.SCG*LB4.CP-5++5.N.19.9-6.12-3W6	Q9669
005.SCG*LB4.CP--++8.N.-2.15-6.19-3W22	Q9670
005.SCG*LB3.CP10++9.N.-8.22-5.24-3W2	Q9671
005.SCG*LB1.CP-4++2.N.11.5-3.7-3W9	Q9672
005.SCG*LB3.CP14++4.N.-9.14-1.19-5W3	Q9673
005.SCG*LB2.CP--++7.N.-3.5-5.6-2W3	Q9674
005.SCG*LB4.CP-5++3.N.12.6-4.8-3W5	Q9675
005.SCG*LB4.CP-9++0.N.-5.1-1.2-5W3	Q9676
005.SCG*LB3.CP12++0.N.-9.14-2.15-2W3	Q9677
005.SCG*LB2.CP-9++1.N.-2.18-1.20-3W1	Q9678
005.SCG*LB2.CP-4++8.N.-4.10-3.13-1W11	Q9679
005.SCG*LB4.CP-2++1.N.-4.18-1.20-4W13	Q9680
005.SCG*LB1.CP-9++0.N.-5.1-2.6-3W10	Q9681
005.SCG*LB2.CP-4++3.N.-4.2-10.4-3W9	Q9682
005.SCG*LB1.CP-2++2.N.-2.8-8.11-3W8	Q9683
005.SCG*LB1.CP-2++8.N.-2.11-1.13-4W19	Q9684
005.SCG*LB3.CP15++3.N.-3.15-6.19-1W1	Q9685
005.SCG*LB2.CP-6++8.N.-5.1-1.3-7W3	Q9686
005.SCG*LB3.CP11++9.N.-8.4-1.6-1W2	Q9687
005.SCG*LB4.CP-2++0.N.-4.4-5.7-4W13	Q9688
005.SCG*LB4.CP-4++2.N.-2.6-5.8-1W1	Q9689
005.SCG*LB4.CP-3++8.N.-9.1-2.4-7W9	Q9690
005.SCG*LB2.CP-7++8.N.-8.16-7.18-3W8	Q9691
005.SCG*LB1.CP-7++2.N.-4.1-2.2-7W7	Q9692
005.SCG*LB2.CP-7++3.N.36.1-1.9-4W50	Q9693
005.SCG*LB3.CP13++2.N.-6.7-1.8-1W6	Q9694
005.SCG*LB2.CP-8++5.N.12.4-2.7-3W15	Q9695
005.SCG*LB4.CP-1++6.N.-9.2-4.3-1W5	Q9696
005.SCG*LB4.CP-4++6.N.-3.1-1.2-1W1	Q9697
005.SCG*LB2.CP-4++4.N.11.13-3.14-2W4	Q9698
005.SCG*LB3.CP15++8.N.-3.10-3.12-1W3	Q9699
005.SCG*LB3.CP-7++3.N.-4.1-2.3-3W10	Q9700
005.SCG*LB2.CP-3++5.N.-8.1-1.4-4W13	Q9701
005.SCG*LB3.CP16++0.N.-1.19-3.24-1W5	Q9702
005.SCG*LB1.CP-9++2.N.-7.3-2.5-2W9	Q9703
005.SCG*LB2.CP-4++8.N.-4.4-1.7-1W16	Q9704
005.SCG*LB3.CP14++0.N.-7.3-2.9-3W1	Q9705
005.SCG*LB1.CP--++9.N.-7.1-1.5-5W27	Q9706
005.SCG*LB4.CP-5++4.N.--.1-1.2-1W2	Q9707
005.SCG*LB3.CP12++5.N.-2.1-1.7-1W22	Q9708
005.SCG*LB3.CP10++3.N.-8.16-1.19-3W1	Q9709
005.SCG*LB3.CP-6++4.N.-6.4-3.9-5W19	Q9710
005.SCG*LB1.CP-2++3.N.-7.6-1.8-1W7	Q9711
005.SCG*LB3.CP11++4.N.-3.4-3.5-3W3	Q9712
005.SCG*LB1.CP-7++3.N.-2.1-1.2-6W3	Q9713
005.SCG*LB4.CP-5++4.N.-3.34-4.38-3W14	Q9714
005.SCG*LB3.CP12++9.N.-5.8-3.10-3W14	Q9715
005.SCG*LB4.CP-5++3.N.15.8-3.12-4W30	Q9716
005.SCG*LB1.CP-2++9.N.-5.13-2.14-3W3	Q9717
005.SCG*LB3.CP-9++7.N.17.12-3.16-3W16	Q9718
005.SCG*LB2.CP--++7.N.-2.4-2.5-1W2	Q9719
005.SCG*LB2.CP-1++5.N.-2.1-1.4-1W15	Q9720
005.SCG*LB3.CP13++6.N.13.10-5.13-4W12	Q9721
005.SCG*LB1.CP-9++3.N.-7.6-1.9-5W22	Q9722
005.SCG*LB3.CP--++3.N.-2.3-6.5-4W11	Q9723
005.SCG*LB3.CP-1++7.N.-9.14-4.17-2W10	Q9724
005.SCG*LB3.CP11++4.N.-3.5-4.6-5W6	Q9725
005.SCG*LB2.CP-1++5.N.-3.12-2.14-8W5	Q9726
005.SCG*LB3.CP15++0.N.-2.19-4.23-3W4	Q9727
005.SCG*LB4.CP-5++5.N.-6.47-1.52-1W18	Q9728
005.SCG*LB2.CP-6++0.N.25.1-2.3-7W15	Q9729
005.SCG*LB4.CP-1++2.N.-4.8-3.11-4W1	Q9730
005.SCG*LB3.CP11++4.N.-5.9-2.10-5W3	Q9731
005.SCG*LB4.CP-9++1.N.-4.9-3.14-4W17	Q9732
005.SCG*LB1.CP-1++8.N.-4.3-5.5-4W11	Q9733
005.SCG*LB4.CP-8++1.N.-1.1-1.9-6W40	Q9734
005.SCG*LB3.CP11++4.N.-4.2-8.3-4W3	Q9735
005.SCG*LB3.CP-1++2.N.-5.22-3.23-6W3	Q9736
005.SCG*LB3.CP-9++2.N.10.14-2.18-6W21	Q9737
005.SCG*LB2.CP-5++5.N.11.3-7.7-3W10	Q9738
005.SCG*LB2.CP-5++5.N.11.3-7.7-3W3	Q9739
005.SCG*LB1.CP-9++3.N.12.14-2.15-4W5	Q9740
005.SCG*LB1.CP-3++9.N.-3.1-2.5-4W21	Q9741
005.SCG*LB4.CP-4++1.N.-6.29-2.30-4W3	Q9742
005.SCG*LB4.CP-1++0.N.-6.5-6.7-2W7	Q9743
005.SCG*LB4.CP-5++8.N.-6.5-3.9-5W18	Q9744
005.SCG*LB2.CP-6++2.N.-1.1-1.7-3W33	Q9745
005.SCG*LB4.CP-2++4.N.10.1-2.5-5W2	Q9746
005.SCG*LB1.CP-2++5.N.-9.1-1.6-1W28	Q9747
005.SCG*LB4.CP-4++6.N.-2.12-1.13-7W1	Q9748
005.SCG*LB4.CP-6++6.N.-2.1-1.7-6W39	Q9749
005.SCG*LB4.CP-3++8.N.-8.6-1.8-3W5	Q9750
005.SCG*LB4.CP-3++2.N.-2.9-4.17-5W21	Q9751
005.SCG*LB4.CP-3++1.N.-4.5-2.9-2W23	Q9752
005.SCG*LB2.CP--++7.N.-3.6-3.6-7W2	Q9753
005.SCG*LB1.CP-9++6.N.-1.1-1.2-6W10	Q9754
005.SCG*LB2.CP-7++7.N.--.1-1.3-5W13	Q9755
005.SCG*LB3.CP13++0.N.-5.1-1.5-2W16	Q9756
005.SCG*LB4.CP-5++5.N.11.45-5.52-2W3	Q9757
005.SCG*LB1.CP-2++5.N.-4.4-2.7-3W13	Q9758
005.SCG*LB1.CP-2++9.N.-2.1-1.4-3W8	Q9759
005.SCG*LB4.CP--++9.N.-4.6-1.11-1W21	Q9760
005.SCG*LB1.CP--++5.N.--.1-1.3-2W8	Q9761
005.SCG*LB3.CP-7++7.N.-1.22-1.23-4W1	Q9762
005.SCG*LB4.CP-3++3.N.-4.8-4.11-3W12	Q9763
005.SCG*LB4.CP-1++6.N.13.11-1.13-6W13	Q9764
005.SCG*LB1.CP-3++0.N.-3.21-2.26-2W30	Q9765
005.SCG*LB2.CP-8++3.N.25.19-1.26-2W30	Q9766
005.SCG*LB4.CP-2++4.N.10.6-1.10-4W5	Q9767
005.SCG*LB1.CP--++2.N.-4.1-1.6-4W13	Q9768
005.SCG*LB4.CP-3++6.N.-9.5-3.9-2W11	Q9769
005.SCG*LB2.CP-9++1.N.-3.10-4.14-2W7	Q9770
005.SCG*LB2.CP-7++6.N.18.5-4.7-2W12	Q9771
005.SCG*LB4.CP-3++4.N.-2.56-1.59-3W21	Q9772
005.SCG*LB4.CP-5++5.N.11.8-2.10-2W5	Q9773
005.SCG*LB4.CP-5++3.N.-9.1-2.4-5W12	Q9774
005.SCG*LB4.CP-5++3.N.-5.4-5.6-2W3	Q9775
005.SCG*LB4.CP-5++5.N.-6.27-4.31-1W1	Q9776
005.SCG*LB4.CP-5++3.N.-3.6-4.9-4W5	Q9777
005.SCG*LB3.CP-3++4.N.-5.7-5.9-5W4	Q9778
005.SCG*LB1.CP-1++7.N.-7.9-1.10-4W10	Q9779
005.SCG*LB4.CP-1++4.N.-8.17-6.18-3W7	Q9780
005.SCG*LB1.CP-3++3.N.-7.1-1.7-4W44	Q9781
005.SCG*LB4.CP-5++3.N.13.8-3.10-1W5	Q9782
005.SCG*LB3.CP13++6.N.12.4-6.9-2W26	Q9783
005.SCG*LB4.CP--++7.N.18.6-3.9-6W5	Q9784
005.SCG*LB2.CP-5++5.N.-7.16-1.17-1W6	Q9785
005.SCG*LB2.CP-8++3.N.10.4-3.6-6W6	Q9786
005.SCG*LB4.CP-3++4.N.-8.1-2.4-2W9	Q9787
005.SCG*LB3.CP-9++5.N.-2.1-1.4-2W6	Q9788
005.SCG*LB4.CP--++2.N.-5.23-6.27-8W3	Q9789
005.SCG*LB1.CP-1++9.N.-3.1-2.3-5W16	Q9790
005.SCG*LB2.CP-9++1.N.-2.12-1.17-3W11	Q9791
005.SCG*LB4.CP-4++1.N.-3.22-1.26-5W18	Q9792
005.SCG*LB3.CP15++0.N.-5.1-2.3-3W6	Q9793
005.SCG*LB1.CP-7++2.N.-8.6-3.8-5W12	Q9794
005.SCG*LB2.CP-4++3.N.-3.1-2.4-3W7	Q9795
005.SCG*LB3.CP12++2.N.-6.30-4.34-4W3	Q9796
005.SCG*LB1.CP-4++2.N.16.8-3.9-1W5	Q9797
005.SCG*LB2.CP-3++8.N.-8.6-4.9-1W3	Q9798
005.SCG*LB3.CP12++9.N.-8.1-2.3-1W3	Q9799
005.SCG*LB4.CP-5++3.N.22.1-2.6-1W2	Q9800
005.SCG*LB1.CP-4++2.N.11.1-2.5-2W4	Q9801
005.SCG*LB4.CP-9++0.N.-6.11-3.12-6W2	Q9802
005.SCG*LB2.CP-1++9.N.-6.1-2.4-3W12	Q9803
005.SCG*LB4.CP--++8.N.-7.4-3.7-4W5	Q9804
005.SCG*LB4.CP-2++8.N.-7.1-1.4-5W4	Q9805
005.SCG*LB1.CP-2++5.N.-9.6-2.8-5W11	Q9806
005.SCG*LB4.CP-2++4.N.16.1-2.3-6W12	Q9807
005.SCG*LB4.CP-2++7.N.-3.2-4.6-3W33	Q9808
005.SCG*LB1.CP--++4.N.-1.1-1.6-2W25	Q9809
005.SCG*LB2.CP-4++8.N.-4.1-2.3-5W13	Q9810
005.SCG*LB1.CP-1++7.N.-7.15-1.17-2W7	Q9811
005.SCG*LB3.CP12++2.N.-6.1-1.4-2W18	Q9812
005.SCG*LB2.CP-3++5.N.-8.1-1.4-4W25	Q9813
005.SCG*LB4.CP-1++6.N.-9.1-2.2-3W3	Q9814
005.SCG*LB3.CP12++9.N.-3.6-1.8-8W7	Q9815
005.SCG*LB1.CP-3++9.N.-3.1-2.5-4W11	Q9816
005.SCG*LB4.CP-3++4.N.11.1-2.3-5W5	Q9817
005.SCG*LB3.CP-2++7.N.-5.3-5.6-6W5	Q9818
005.SCG*LB4.CP-1++3.N.-2.5-2.6-3W10	Q9819
005.SCG*LB4.CP-2++0.N.-5.1-1.3-2W10	Q9820
005.SCG*LB1.CP-8++2.N.11.19-1.21-1W11	Q9821
005.SCG*LB1.CP-8++0.N.-6.1-2.4-1W11	Q9822
005.SCG*LB3.CP13++5.N.25.1-1.3-3W7	Q9823
005.SCG*LB2.CP-7++2.N.-4.12-4.16-2W10	Q9824
005.SCG*LB4.CP-3++4.N.-9.17-6.19-4W5	Q9825
005.SCG*LB2.CP-2++1.N.-3.3-6.5-4W5	Q9826
005.SCG*LB4.CP-5++3.N.-5.1-2.3-1W10	Q9827
005.SCG*LB4.CP-3++4.N.22.30-4.33-5W22	Q9828
005.SCG*LB2.CP-7++6.N.-8.8-6.13-5W23	Q9829
005.SCG*LB4.CP-1++1.N.19.5-3.7-4W10	Q9830
005.SCG*LB2.CP-8++9.N.13.6-3.9-4W9	Q9831
005.SCG*LB4.CP-8++6.N.-1.1-1.6-2W31	Q9832
005.SCG*LB4.CP-4++5.N.-4.17-2.18-5W1	Q9833
005.SCG*LB2.CP-1++5.N.-2.12-3.14-3W8	Q9834
005.SCG*LB1.CP-4++2.N.-9.1-2.4-6W9	Q9835
005.SCG*LB3.CP11++2.N.-5.11-2.13-2W1	Q9836
005.SCG*LB3.CP-9++7.N.-7.1-1.3-6W11	Q9837
005.SCG*LB4.CP-5++3.N.18.1-1.7-1W34	Q9838
005.SCG*LB4.CP-2++1.N.-5.15-6.17-3W3	Q9839
005.SCG*LB4.CP-3++4.N.30.3-3.5-3W14	Q9840
005.SCG*LB1.CP-4++9.N.-4.4-4.6-3W6	Q9841
005.SCG*LB3.CP11++7.N.-4.4-2.5-4W2	Q9842
005.SCG*LB4.CP-9++0.N.-8.8-5.11-4W4	Q9843
005.SCG*LB2.CP-4++4.N.-6.1-2.5-8W6	Q9844
005.SCG*LB4.CP-5++3.N.15.8-3.12-4W5	Q9845
005.SCG*LB1.CP-4++2.N.-9.33-1.36-4W23	Q9846
005.SCG*LB3.CP13++5.N.-4.1-1.4-2W7	Q9847
005.SCG*LB3.CP12++5.N.-4.11-3.13-1W1	Q9848
005.SCG*LB4.CP-3++1.N.-4.9-3.12-7W10	Q9849
005.SCG*LB1.CP--++1.N.-2.10-5.12-3W11	Q9850
005.SCG*LB2.CP-5++5.N.13.42-3.43-2W3	Q9851
005.SCG*LB4.CP-1++1.N.19.5-3.7-4W14	Q9852
005.SCG*LB1.CP-1++9.N.-3.5-1.8-2W15	Q9853
005.SCG*LB1.CP-5++3.N.-3.6-3.9-1W16	Q9854
005.SCG*LB2.CP-8++4.N.-7.8-7.15-7W35	Q9855
005.SCG*LB4.CP-5++3.N.-7.3-4.5-1W5	Q9856
005.SCG*LB3.CP-6++4.N.-6.1-2.4-2W13	Q9857
005.SCG*LB3.CP14++3.N.-5.12-3.14-5W14	Q9858
005.SCG*LB4.CP-9++6.N.-3.2-6.5-3W13	Q9859
005.SCG*LB3.CP-4++3.N.-3.9-1.14-2W3	Q9860
005.SCG*LB4.CP-7++6.N.-3.1-2.2-7W10	Q9861
005.SCG*LB4.CP-1++1.N.13.4-5.7-7W1	Q9862
005.SCG*LB1.CP-2++2.N.-6.10-2.11-3W3	Q9863
005.SCG*LB1.CP-2++8.N.-2.24-1.25-3W10	Q9864
005.SCG*LB4.CP-5++3.N.21.1-1.4-5W9	Q9865
005.SCG*LB3.CP-8++0.N.11.22-7.25-4W14	Q9866
005.SCG*LB4.CP-1++0.N.-6.8-4.10-7W15	Q9867
005.SCG*LB2.CP--++7.N.-5.6-3.8-3W9	Q9868
005.SCG*LB1.CP-2++5.N.-9.1-1.6-1W12	Q9869
005.SCG*LB4.CP-6++6.N.-7.4-4.7-4W9	Q9870
005.SCG*LB3.CP10++0.N.-4.1-2.8-1W29	Q9871
005.SCG*LB3.CP13++2.N.25.7-5.9-3W5	Q9872
005.SCG*LB4.CP-2++4.N.-8.27-2.31-8W7	Q9873
005.SCG*LB4.CP-3++4.N.-1.7-4.13-2W7	Q9874
005.SCG*LB1.CP-9++3.N.12.31-1.36-1W9	Q9875
005.SCG*LB1.CP-4++2.N.17.4-2.6-6W16	Q9876
005.SCG*LB2.CP-8++3.N.18.7-1.8-4W6	Q9877
005.SCG*LB3.CP-2++6.N.19.13-1.20-3W49	Q9878
005.SCG*LB3.CP12++3.N.-2.2-4.8-1W29	Q9879
005.SCG*LB4.CP-4++4.N.-4.7-4.9-2W4	Q9880
005.SCG*LB3.CP12++9.N.-4.1-2.3-5W14	Q9881
005.SCG*LB1.CP-1++7.N.-3.4-1.6-1W3	Q9882
005.SCG*LB1.CP-2++2.N.-6.5-6.8-1W4	Q9883
005.SCG*LB3.CP-9++5.N.20.6-3.10-1W14	Q9884
005.SCG*LB4.CP-1++4.N.-9.9-1.12-2W6	Q9885
005.SCG*LB4.CP-5++3.N.-3.1-2.3-4W2	Q9886
005.SCG*LB4.CP-9++1.N.-4.6-4.8-3W6	Q9887
005.SCG*LB2.CP-3++5.N.-7.17-2.23-3W40	Q9888
005.SCG*LB2.CP--++6.N.-4.4-1.5-5W7	Q9889
005.SCG*LB4.CP-9++1.N.-4.1-2.3-3W6	Q9890
005.SCG*LB2.CP-8++3.N.25.58-1.60-6W19	Q9891
005.SCG*LB2.CP--++4.N.-2.3-2.5-5W10	Q9892
005.SCG*LB4.CP-3++4.N.-2.74-1.77-6W1	Q9893
005.SCG*LB3.CP16++2.N.-2.4-1.7-4W11	Q9894
005.SCG*LB3.CP-5++0.N.-9.12-1.13-2W3	Q9895
005.SCG*LB3.CP-5++1.N.-4.23-3.27-2W2	Q9896
005.SCG*LB4.CP-1++7.N.16.3-2.3-5W4	Q9897
005.SCG*LB1.CP-2++8.N.-9.11-1.14-1W7	Q9898
005.SCG*LB2.CP-8++3.N.10.7-1.9-6W14	Q9899
005.SCG*LB4.CP--++9.N.-6.18-4.21-3W10	Q9900
005.SCG*LB4.CP-6++2.N.-7.9-7.11-4W5	Q9901
005.SCG*LB4.CP-4++5.N.-4.1-1.4-4W6	Q9902
005.SCG*LB4.CP-3++4.N.-2.29-1.33-2W10	Q9903
005.SCG*LB1.CP-4++2.N.-8.1-2.3-5W11	Q9904
005.SCG*LB3.CP12++9.N.-6.4-4.9-4W14	Q9905
005.SCG*LB1.CP-2++3.N.-6.10-1.11-4W3	Q9906
005.SCG*LB2.CP--++7.N.-2.3-2.4-1W3	Q9907
005.SCG*LB3.CP11++4.N.-3.1-2.4-2W15	Q9908
005.SCG*LB1.CP--++4.N.--.1-1.3-3W9	Q9909
005.SCG*LB4.CP-3++4.N.-2.64-1.66-2W4	Q9910
005.SCG*LB1.CP-2++2.N.-6.29-1.30-1W4	Q9911
005.SCG*LB1.CP-4++2.N.11.1-2.5-2W15	Q9912
005.SCG*LB3.CP13++0.N.-3.5-2.9-5W1	Q9913
005.SCG*LB4.CP-3++5.N.-3.16-5.18-2W7	Q9914
005.SCG*LB2.CP-4++5.N.-5.8-7.10-1W2	Q9915
005.SCG*LB2.CP-4++5.N.-2.9-3.12-2W16	Q9916
005.SCG*LB3.CP10++0.N.-3.9-5.12-2W19	Q9917
005.SCG*LB2.CP--++4.N.-2.5-6.9-7W10	Q9918
005.SCG*LB2.CP-1++5.N.-2.1-1.4-1W5	Q9919
005.SCG*LB2.CP-4++3.N.-4.2-10.4-3W5	Q9920
005.SCG*LB3.CP12++3.N.-8.1-1.10-4W44	Q9921
005.SCG*LB4.CP-3++4.N.-2.68-1.73-5W11	Q9922
005.SCG*LB4.CP-5++5.N.-5.12-2.15-4W3	Q9923
005.SCG*LB4.CP-1++1.N.18.57-2.62-6W18	Q9924
005.SCG*LB4.CP-2++8.N.-5.1-1.6-3W4	Q9925
005.SCG*LB1.CP-5++5.N.-2.13-4.16-3W19	Q9926
005.SCG*LB2.CP-4++3.N.-3.1-2.4-3W14	Q9927
005.SCG*LB4.CP-3++4.N.-9.11-1.13-3W10	Q9928
005.SCG*LB4.CP-5++5.N.10.3-2.5-4W5	Q9929
005.SCG*LB2.CP-7++6.N.-9.10-2.11-3W7	Q9930
005.SCG*LB2.CP-8++3.N.18.1-1.6-4W28	Q9931
005.SCG*LB4.CP--++4.N.-9.7-4.11-2W27	Q9932
005.SCG*LB2.CP-6++8.N.-3.7-2.8-6W10	Q9933
005.SCG*LB4.CP-2++4.N.10.17-1.18-5W5	Q9934
005.SCG*LB4.CP-1++9.N.-3.15-1.17-5W16	Q9935
005.SCG*LB4.CP-4++5.N.-4.9-5.12-5W1	Q9936
005.SCG*LB4.CP-5++3.N.-4.5-6.8-3W4	Q9937
005.SCG*LB2.CP-5++4.N.10.10-7.15-4W28	Q9938
005.SCG*LB3.CP14++3.N.-4.4-5.6-2W10	Q9939
005.SCG*LB1.CP-9++2.N.-6.10-3.11-2W4	Q9940
005.SCG*LB4.CP-1++1.N.19.18-3.21-3W10	Q9941
005.SCG*LB2.CP-4++0.N.-6.12-1.15-4W26	Q9942
005.SCG*LB4.CP-5++4.N.-2.18-1.20-3W3	Q9943
005.SCG*LB2.CP-3++0.N.17.8-2.10-7W19	Q9944
005.SCG*LB2.CP-3++8.N.15.13-8.16-1W3	Q9945
005.SCG*LB4.CP-3++7.N.10.19-1.26-1W14	Q9946
005.SCG*LB2.CP-5++8.N.-3.5-4.9-4W23	Q9947
005.SCG*LB4.CP-8++5.N.-3.19-1.22-2W12	Q9948
005.SCG*LB3.CP13++5.N.14.1-1.4-1W14	Q9949
005.SCG*LB1.CP-9++2.N.-2.2-7.5-5W4	Q9950
005.SCG*LB1.CP--++6.N.-7.16-1.21-1W12	Q9951
005.SCG*LB1.CP-2++2.N.-6.5-6.8-1W13	Q9952
005.SCG*LB1.CP-3++1.N.-2.16-6.20-1W12	Q9953
005.SCG*LB3.CP-7++3.N.-4.3-4.6-5W19	Q9954
005.SCG*LB2.CP-5++2.N.-8.4-3.8-2W11	Q9955
005.SCG*LB4.CP-9++0.N.-7.17-1.18-3W1	Q9956
005.SCG*LB1.CP-2++5.N.10.14-1.16-7W15	Q9957
005.SCG*LB4.CP--++8.N.-7.32-1.33-5W7	Q9958
005.SCG*LB3.CP11++9.N.-5.11-3.14-1W4	Q9959
005.SCG*LB4.CP-5++9.N.-1.1-1.3-5W15	Q9960
005.SCG*LB1.CP-4++2.N.12.4-7.5-7W10	Q9961
005.SCG*LB4.CP--++9.N.-4.6-1.11-1W32	Q9962
005.SCG*LB3.CP13++5.N.-7.1-1.4-1W8	Q9963
005.SCG*LB3.CP15++0.N.-1.1-1.8-1W41	Q9964
005.SCG*LB3.CP11++4.N.-2.7-3.8-4W1	Q9965
005.SCG*LB4.CP--++8.N.-3.20-1.22-3W20	Q9966
005.SCG*LB4.CP-9++0.N.-5.8-2.11-2W3	Q9967
005.SCG*LB4.CP-5++3.N.14.6-1.7-2W9	Q9968
005.SCG*LB4.CP-3++4.N.-9.1-2.3-7W18	Q9969
005.SCG*LB2.CP-3++5.N.-8.9-2.12-3W5	Q9970
005.SCG*LB3.CP12++9.N.-6.9-5.11-4W7	Q9971
005.SCG*LB2.CP-4++2.N.-8.1-2.4-1W18	Q9972
005.SCG*LB3.CP12++4.N.-6.7-3.8-6W4	Q9973
005.SCG*LB1.CP10++0.N.-6.5-5.10-7W36	Q9974
005.SCG*LB2.CP-8++3.N.19.5-4.10-1W4	Q9975
005.SCG*LB2.CP-6++9.N.-9.22-5.24-4W8	Q9976
005.SCG*LB1.CP--++1.N.-7.1-1.3-3W1	Q9977
005.SCG*LB2.CP-4++8.N.-4.10-3.13-1W20	Q9978
005.SCG*LB4.CP-5++3.N.11.1-2.4-1W11	Q9979
005.SCG*LB4.CP-2++2.N.-2.1-1.3-3W13	Q9980
005.SCG*LB3.CP13++0.N.-2.3-4.5-2W13	Q9981
005.SCG*LB4.CP-3++1.N.-6.7-7.9-6W17	Q9982
005.SCG*LB3.CP12++7.N.-4.15-1.20-4W17	Q9983
005.SCG*LB4.CP-6++0.N.-2.8-1.13-2W20	Q9984
005.SCG*LB4.CP-3++1.N.-6.1-1.6-1W32	Q9985
005.SCG*LB4.CP-5++5.N.12.13-1.17-2W14	Q9986
005.SCG*LB1.CP--++2.N.-3.6-2.10-6W26	Q9987
005.SCG*LB4.CP-5++5.N.12.1-1.5-5W25	Q9988
005.SCG*LB2.CP-7++4.N.-2.26-1.28-2W8	Q9989
005.SCG*LB3.CP14++9.N.-7.1-1.3-3W16	Q9990
005.SCG*LB4.CP--++1.N.15.1-1.4-3W20	Q9991
005.SCG*LB4.CP-6++6.N.-5.1-1.7-6W41	Q9992
005.SCG*LB4.CP-7++1.N.--.1-1.3-2W8	Q9993
005.SCG*LB3.CP-9++5.N.17.22-1.22-7W4	Q9994
005.SCG*LB4.CP-6++6.N.-5.1-1.7-6W21	Q9995
005.SCG*LB3.CP11++0.N.-2.8-4.9-6W9	Q9996
005.SCG*LB3.CP-2++6.N.10.1-2.5-3W6	Q9997
005.SCG*LB3.CP14++9.N.-6.17-5.18-4W10	Q9998
005.SCG*LB4.CP-7++2.N.-4.1-1.5-2W15	Q9999
005.SCG*LB4.CP-6++3.N.-6.4-2.8-6W24	Q10000
005.SCG*LB4.CP-3++1.N.-1.7-3.14-5W24	Q10001
005.SCG*LB3.CP-2++7.N.-2.1-1.3-7W16	Q10002
005.SCG*LB4.CP-6++6.N.-9.5-1.7-2W5	Q10003
005.SCG*LB3.CP16++1.N.-1.14-2.18-7W16	Q10004
005.SCG*LB4.CP-6++6.N.-8.4-4.10-1W26	Q10005
005.SCG*LB3.CP14++9.N.-6.17-5.18-4W1	Q10006
005.SCG*LB3.CP-2++6.N.19.51-1.54-8W27	Q10007
005.SCG*LB3.CP15++3.N.-2.35-1.38-3W20	Q10008
005.SCG*LB4.CP-3++1.N.-3.6-2.8-7W16	Q10009
005.SCG*LB4.CP-6++3.N.12.3-1.7-5W8	Q10010
005.SCG*LB4.CP-8++3.N.-3.10-3.13-4W19	Q10011
005.SCG*LB4.CP-6++4.N.-3.10-5.13-6W22	Q10012
005.SCG*LB4.CP-3++1.N.-4.5-2.9-2W5	Q10013
005.SCG*LB3.CP-2++6.N.14.4-1.5-5W12	Q10014
005.SCG*LB4.CP-5++3.N.16.4-2.5-3W8	Q10015
005.SCG*LB4.CP-3++5.N.-8.40-2.44-6W27	Q10016
005.SCG*LB3.CP-2++6.N.19.32-1.35-3W27	Q10017
005.SCG*LB4.CP-3++1.N.-1.1-1.7-2W39	Q10018
005.SCG*LB2.CP-8++9.N.18.3-1.6-3W15	Q10019
005.SCG*LB4.CP-3++1.N.-3.6-2.8-7W5	Q10020
005.SCG*LB4.CP-6++3.N.-7.12-5.22-2W57	Q10021
005.SCG*LB4.CP-6++9.N.-4.13-7.16-1W9	Q10022
005.SCG*LB4.CP-6++6.N.-7.1-1.4-3W21	Q10023
005.SCG*LB4.CP-9++0.N.-6.9-1.11-2W15	Q10024
005.SCG*LB4.CP-6++6.N.-8.10-2.13-2W22	Q10025
005.SCG*LB3.CP14++9.N.-7.1-1.3-3W11	Q10026
005.SCG*LB4.CP-8++3.N.-3.8-3.10-2W14	Q10027
005.SCG*LB4.CP-6++6.N.-4.10-1.14-5W3	Q10028
005.SCG*LB4.CP-7++6.N.-7.21-1.22-2W3	Q10029
005.SCG*LB4.CP-3++3.N.-6.4-1.8-4W20	Q10030
005.SCG*LB3.CP10++2.N.-6.5-3.9-2W28	Q10031
005.SCG*LB4.CP-3++1.N.-3.4-1.6-1W14	Q10032
005.SCG*LB3.CP-9++5.N.17.20-1.21-7W4	Q10033
005.SCG*LB4.CP-7++1.N.-8.18-8.20-5W10	Q10034
005.SCG*LB3.CP12++4.N.-3.11-4.15-5W31	Q10035
005.SCG*LB4.CP-7++2.N.-5.2-6.6-2W7	Q10036
005.SCG*LB3.CP12++4.N.-1.9-3.11-2W15	Q10037
005.SCG*LB3.CP-9++5.N.21.8-7.14-2W21	Q10038
005.SCG*LB3.CP14++9.N.-6.18-5.20-3W13	Q10039
005.SCG*LB4.CP-6++6.N.-6.4-2.6-3W17	Q10040
005.SCG*LB3.CP-2++6.N.19.35-4.42-3W27	Q10041
005.SCG*LB4.CP-8++3.N.-3.6-5.8-2W9	Q10042
005.SCG*LB3.CP16++0.N.-1.15-5.19-2W22	Q10043
005.SCG*LB3.CP16++1.N.-2.1-1.6-4W33	Q10044
005.SCG*LB4.CP-6++7.N.-4.1-1.4-2W14	Q10045
005.SCG*LB4.CP-6++2.N.-4.13-1.15-1W10	Q10046
005.SCG*LB4.CP-3++1.N.-2.5-3.6-4W6	Q10047
005.SCG*LB3.CP-2++4.N.-6.16-1.18-4W18	Q10048
005.SCG*LB3.CP16++1.N.-1.7-1.10-5W24	Q10049
005.SCG*LB3.CP14++9.N.-7.3-4.8-5W21	Q10050
005.SCG*LB2.CP-1++1.N.-2.7-1.8-1W4	Q10051
005.SCG*LB4.CP-6++2.N.-4.15-2.17-5W13	Q10052
005.SCG*LB4.CP-7++1.N.11.15-2.16-3W4	Q10053
005.SCG*LB4.CP-6++6.N.-9.2-4.4-5W12	Q10054
005.SCG*LB4.CP-1++3.N.11.24-2.27-4W12	Q10055
005.SCG*LB4.CP-8++3.N.18.4-4.6-5W6	Q10056
005.SCG*LB4.CP-6++6.N.-7.1-1.4-3W14	Q10057
005.SCG*LB3.CP11++0.N.-2.6-2.8-3W12	Q10058
005.SCG*LB4.CP-6++3.N.-7.10-4.12-4W13	Q10059
005.SCG*LB4.CP-7++1.N.11.16-4.21-3W18	Q10060
005.SCG*LB4.CP-1++3.N.11.27-5.32-5W18	Q10061
005.SCG*LB4.CP-6++3.N.-7.12-5.22-2W26	Q10062
005.SCG*LB3.CP16++1.N.-2.1-1.6-4W14	Q10063
005.SCG*LB4.CP-6++6.N.-8.4-4.10-1W11	Q10064
005.SCG*LB4.CP-6++4.N.-2.6-2.9-7W12	Q10065
005.SCG*LB4.CP-6++4.N.-5.9-1.10-4W9	Q10066
005.SCG*LB4.CP-3++1.N.-1.7-3.14-5W50	Q10067
005.SCG*LB4.CP-6++2.N.-4.15-2.17-5W4	Q10068
005.SCG*LB4.CP-3++1.N.-4.13-1.15-4W9	Q10069
005.SCG*LB4.CP-4++9.N.-2.1-1.4-6W15	Q10070
005.SCG*LB3.CP14++6.N.-8.28-6.30-6W11	Q10071
005.SCG*LB3.CP12++7.N.-4.1-2.2-7W12	Q10072
005.SCG*LB3.CP15++0.N.-3.16-1.19-3W13	Q10073
005.SCG*LB3.CP-8++2.N.-6.9-5.12-4W16	Q10074
005.SCG*LB3.CP16++2.N.-7.6-7.10-1W7	Q10075
005.SCG*LB3.CP16++2.N.-1.1-1.4-6W9	Q10076
005.SCG*LB3.CP14++3.N.-2.13-2.16-6W10	Q10077
005.SCG*LB4.CP-3++1.N.-5.3-6.7-3W8	Q10078
005.SCG*LB4.CP-8++3.N.-4.4-2.9-2W11	Q10079
005.SCG*LB4.CP-3++1.N.-3.4-1.6-1W7	Q10080
005.SCG*LB4.CP-7++1.N.-8.18-8.20-5W1	Q10081
005.SCG*LB4.CP-6++3.N.-9.24-3.25-4W4	Q10082
005.SCG*LB4.CP-6++6.N.11.1-1.9-1W17	Q10083
005.SCG*LB4.CP-7++2.N.-3.9-1.13-2W27	Q10084
005.SCG*LB4.CP-3++4.N.-2.56-1.59-3W31	Q10085
005.SCG*LB4.CP-6++3.N.-4.1-1.6-2W18	Q10086
005.SCG*LB4.CP-6++3.N.-7.1-1.2-5W9	Q10087
005.SCG*LB3.CP--++8.N.-7.1-2.1-5W4	Q10088
005.SCG*LB4.CP-1++1.N.-3.1-1.6-4W24	Q10089
005.SCG*LB3.CP16++1.N.-3.1-1.5-1W13	Q10090
005.SCG*LB3.CP15++9.N.-1.7-5.11-5W25	Q10091
005.SCG*LB3.CP15++9.N.--.1-1.3-6W9	Q10092
005.SCG*LB4.CP-3++1.N.-6.1-1.6-1W20	Q10093
005.SCG*LB3.CP15++9.N.-1.7-5.11-5W29	Q10094
005.SCG*LB3.CP14++5.N.-1.6-4.9-3W15	Q10095
005.SCG*LB4.CP-6++4.N.-4.3-6.5-2W5	Q10096
005.SCG*LB1.CP--++2.N.-4.1-1.6-4W23	Q10097
005.SCG*LB4.CP-3++3.N.-1.1-1.3-4W6	Q10098
005.SCG*LB3.CP15++4.N.-9.12-1.15-2W17	Q10099
005.SCG*LB4.CP--++4.N.11.11-1.19-5W45	Q10100
005.SCG*LB1.CP--++9.N.-4.1-1.4-7W23	Q10101
005.SCG*LB1.CP--++9.N.-3.1-1.4-2W4	Q10102
005.SCG*LB1.CP--++9.N.-2.5-1.8-1W21	Q10103
005.SCG*LB1.CP--++9.N.-5.1-1.8-2W40	Q10104
005.SCG*LB2.CP-4++4.N.-2.1-1.2-4W7	Q10105
005.SCG*LB4.CP-1++7.N.19.2-1.4-2W12	Q10106
005.SCG*LB1.CP--++9.N.-2.1-1.4-1W12	Q10107
005.SCG*LB3.CP13++3.N.-2.5-2.7-2W16	Q10108
005.SCG*LB3.CP13++5.N.-3.3-2.5-4W14	Q10109
005.SCG*LB3.CP12++7.N.-4.15-1.20-4W38	Q10110
005.SCG*LB3.CP15++3.N.-3.3-4.4-4W8	Q10111
005.SCG*LB1.CP--++6.N.-3.1-1.10-5W39	Q10113
005.SCG*LB2.CP-8++8.N.-6.6-2.6-5W4	Q10114
005.SCG*LB4.CP-8++3.N.-3.4-3.5-1W4	Q10115
005.SCG*LB2.CP-8++9.N.17.6-2.8-2W9	Q10116
005.SCG*LB2.CP-8++9.N.17.1-1.2-6W4	Q10117
005.SCG*LB2.CP-8++8.N.-6.2-2.3-3W6	Q10118
005.SCG*LB3.CP15++4.N.-8.20-3.22-3W8	Q10119
005.SCG*LB3.CP-4++3.N.-3.49-1.53-6W18	Q10120
005.SCG*LB3.CP-5++2.N.-4.8-2.12-1W16	Q10121
005.SCG*LB3.CP-4++4.N.-3.13-2.17-4W7	Q10122
005.SCG*LB4.CP-4++6.N.-4.3-1.5-6W21	Q10123
005.SCG*LB3.CP-5++3.N.-4.5-1.9-2W23	Q10124
005.SCG*LB4.CP-5++4.N.-6.1-2.4-1W16	Q10125
005.SCG*LB3.CP-5++2.N.-4.1-2.6-5W7	Q10126
005.SCG*LB3.CP-4++3.N.-6.8-3.14-5W7	Q10127
005.SCG*LB3.CP-4++3.N.-8.6-3.11-5W6	Q10128
005.SCG*LB3.CP-4++3.N.-3.25-1.29-5W10	Q10129
005.SCG*LB4.CP-3++0.N.-9.18-6.23-4W12	Q10130
005.SCG*LB3.CP12++3.N.-5.7-3.11-1W14	Q10131
005.SCG*LB3.CP-4++3.N.-8.6-3.11-5W17	Q10132
005.SCG*LB3.CP-4++3.N.-6.1-2.8-2W9	Q10133
005.SCG*LB4.CP--++8.N.-4.16-3.18-5W21	Q10134
005.SCG*LB3.CP-9++3.N.-6.11-1.13-2W15	Q10135
005.SCG*LB3.CP15++8.N.-5.21-1.25-1W25	Q10136
005.SCG*LB1.CP-9++0.N.-5.1-2.6-3W26	Q10137
005.SCG*LB4.CP-7++6.N.-8.7-3.10-2W15	Q10138
005.SCG*LB4.CP-2++5.N.-4.3-1.10-2W16	Q10139
005.SCG*LB4.CP-9++0.N.-9.8-3.11-3W9	Q10140
005.SCG*LB2.CP-8++9.N.-7.12-4.17-5W34	Q10141
005.SCG*LB2.CP-7++9.N.10.1-2.4-2W3	Q10142
005.SCG*LB3.CP--++8.N.-5.3-2.4-1W5	Q10143
005.SCG*LB2.CP-5++5.N.-7.27-1.28-2W3	Q10144
005.SCG*LB4.CP-8++5.N.-3.26-4.30-1W7	Q10145
005.SCG*LB2.CP-5++5.N.-7.1-2.3-1W5	Q10146
005.SCG*LB2.CP-7++9.N.12.2-2.4-4W18	Q10147
005.SCG*LB2.CP-5++5.N.-8.6-7.10-4W25	Q10148
005.SCG*LB2.CP-7++9.N.11.1-2.3-5W3	Q10149
005.SCG*LB4.CP-8++1.N.-9.2-5.6-2W24	Q10150
005.SCG*LB2.CP-8++0.N.14.1-1.4-4W14	Q10151
005.SCG*LB4.CP-8++0.N.-2.5-1.8-1W6	Q10152
005.SCG*LB4.CP-8++1.N.-5.18-3.20-5W10	Q10153
005.SCG*LB2.CP-9++9.N.-4.11-1.13-3W7	Q10154
005.SCG*LB2.CP-5++5.N.-7.1-2.3-1W10	Q10155
005.SCG*LB4.CP-2++2.N.-6.7-5.10-4W19	Q10156
005.SCG*LB2.CP-5++5.N.-8.3-6.4-5W6	Q10157
005.SCG*LB4.CP-8++1.N.-5.13-1.14-6W6	Q10158
005.SCG*LB2.CP-5++5.N.-4.2-4.4-7W3	Q10159
005.SCG*LB4.CP-8++4.N.-1.3-1.7-3W10	Q10160
005.SCG*LB3.CP-6++2.N.-8.5-4.11-3W28	Q10161
005.SCG*LB2.CP-8++2.N.-9.13-4.15-4W6	Q10162
005.SCG*LB2.CP-8++9.N.13.17-2.19-1W13	Q10163
005.SCG*LB4.CP-3++5.N.-9.10-2.14-1W28	Q10164
005.SCG*LB2.CP-8++3.N.34.3-4.7-6W16	Q10165
005.SCG*LB2.CP-3++0.N.11.32-1.35-7W13	Q10166
005.SCG*LB2.CP-5++7.N.12.1-2.5-5W14	Q10167
005.SCG*LB2.CP-4++1.N.-9.6-1.7-2W5	Q10168
005.SCG*LB4.CP-8++1.N.-5.18-3.20-5W13	Q10169
005.SCG*LB2.CP-3++3.N.-3.1-2.4-1W22	Q10170
005.SCG*LB3.CP-1++9.N.-3.2-5.6-1W9	Q10171
005.SCG*LB3.CP--++8.N.11.15-5.20-3W3	Q10172
005.SCG*LB3.CP--++4.N.-4.28-6.32-3W23	Q10173
005.SCG*LB3.CP13++1.N.-7.1-2.2-4W9	Q10174
005.SCG*LB3.CP15++4.N.14.1-1.7-2W7	Q10175
005.SCG*LB3.CP10++9.N.-4.6-1.10-5W16	Q10176
005.SCG*LB2.CP-5++5.N.-8.6-7.10-4W5	Q10177
005.SCG*LB2.CP-9++1.N.-2.1-1.3-4W7	Q10178
005.SCG*LB3.CP14++6.N.-6.2-4.3-3W7	Q10179
005.SCG*LB2.CP-8++0.N.-6.34-3.37-4W17	Q10180
005.SCG*LB3.CP10++9.N.-4.6-1.10-5W21	Q10181
005.SCG*LB3.CP-8++6.N.13.1-1.6-4W27	Q10182
005.SCG*LB2.CP-8++2.N.-3.5-3.7-1W7	Q10183
005.SCG*LB3.CP-9++4.N.10.55-2.59-1W4	Q10184
005.SCG*LB2.CP-5++4.N.10.10-7.15-4W14	Q10185
005.SCG*LB2.CP-8++9.N.11.11-4.15-7W15	Q10186
005.SCG*LB2.CP-8++2.N.-9.15-5.17-4W6	Q10187
005.SCG*LB2.CP-7++9.N.--.1-1.2-4W5	Q10188
005.SCG*LB2.CP-7++9.N.10.10-3.11-4W6	Q10189
005.SCG*LB2.CP-4++9.N.-3.4-2.6-3W4	Q10190
005.SCG*LB2.CP-5++5.N.-6.10-1.11-4W11	Q10191
005.SCG*LB2.CP-8++0.N.--.1-1.3-4W4	Q10192
005.SCG*LB2.CP-5++5.N.-9.9-4.12-2W16	Q10193
005.SCG*LB4.CP-4++1.N.-5.3-1.6-2W16	Q10194
005.SCG*LB2.CP-7++9.N.--.1-1.2-4W9	Q10195
005.SCG*LB4.CP-5++2.N.-7.6-5.9-6W21	Q10196
005.SCG*LB4.CP-8++1.N.-7.31-1.33-6W11	Q10197
005.SCG*LB2.CP-7++9.N.-1.1-1.3-2W12	Q10198
005.SCG*LB4.CP-1++0.N.-4.14-3.18-8W39	Q10199
005.SCG*LB2.CP-8++9.N.13.19-2.26-1W41	Q10200
005.SCG*LB2.CP-8++0.N.--.1-1.3-4W5	Q10201
005.SCG*LB2.CP-5++5.N.10.6-9.9-1W8	Q10202
005.SCG*LB1.CP-6++9.N.-7.4-5.6-6W8	Q10203
005.SCG*LB3.CP14++4.N.-3.6-5.10-6W16	Q10204
005.SCG*LB3.CP-5++9.N.-2.5-5.9-5W6	Q10205
005.SCG*LB4.CP-3++5.N.-4.20-5.22-7W9	Q10206
005.SCG*LB2.CP-5++5.N.-7.13-2.15-5W7	Q10207
005.SCG*LB2.CP-9++0.N.-7.1-2.3-1W8	Q10208
005.SCG*LB2.CP-5++5.N.-8.6-7.10-4W12	Q10209
005.SCG*LB1.CP-2++0.N.19.7-1.7-7W7	Q10210
005.SCG*LB3.CP-1++9.N.-3.2-5.6-1W5	Q10211
005.SCG*LB2.CP-5++5.N.13.16-4.21-3W12	Q10212
005.SCG*LB3.CP-6++2.N.-8.1-2.5-3W21	Q10213
005.SCG*LB3.CP12++2.N.-8.15-3.18-4W10	Q10214
005.SCG*LB2.CP-8++3.N.34.1-2.3-3W6	Q10215
005.SCG*LB2.CP-8++0.N.-3.13-6.16-6W21	Q10216
005.SCG*LB2.CP-5++5.N.10.13-1.16-3W5	Q10217
005.SCG*LB2.CP-5++5.N.-7.8-7.11-6W9	Q10218
005.SCG*LB2.CP-2++5.N.-4.1-1.5-1W28	Q10219
005.SCG*LB2.CP-6++2.N.-5.8-6.13-2W18	Q10220
005.SCG*LB2.CP-7++9.N.10.22-1.23-1W6	Q10221
005.SCG*LB3.CP--++8.N.11.15-5.20-3W24	Q10222
005.SCG*LB4.CP-8++1.N.-5.11-2.12-5W3	Q10223
005.SCG*LB2.CP-6++6.N.-6.2-3.5-3W4	Q10224
005.SCG*LB4.CP-8++3.N.-4.25-4.29-7W13	Q10225
005.SCG*LB2.CP-5++5.N.-9.3-1.3-7W4	Q10226
005.SCG*LB2.CP-5++5.N.-8.13-1.13-8W8	Q10227
005.SCG*LB4.CP-8++0.N.-2.5-1.8-1W18	Q10228
005.SCG*LB2.CP-8++2.N.14.1-2.5-1W2	Q10229
005.SCG*LB2.CP-8++2.N.-9.12-3.13-3W6	Q10230
005.SCG*LB2.CP-6++6.N.-6.1-2.2-2W2	Q10231
005.SCG*LB2.CP-9++0.N.-8.4-2.7-5W19	Q10232
005.SCG*LB2.CP-5++5.N.-9.1-2.2-6W3	Q10233
005.SCG*LB4.CP-8++1.N.-9.2-5.6-2W22	Q10234
005.SCG*LB2.CP-8++2.N.-9.12-3.13-3W9	Q10235
005.SCG*LB2.CP-8++3.N.31.6-4.9-5W14	Q10236
005.SCG*LB4.CP-4++3.N.-2.20-1.22-5W6	Q10237
005.SCG*LB4.CP-8++0.N.-2.8-2.10-6W6	Q10238
005.SCG*LB3.CP-6++2.N.-8.16-5.18-1W5	Q10239
005.SCG*LB2.CP-8++0.N.14.1-1.4-4W12	Q10240
005.SCG*LB4.CP-3++5.N.-4.24-4.26-1W12	Q10241
005.SCG*LB3.CP10++0.N.-2.11-4.13-6W6	Q10242
005.SCG*LB2.CP-8++0.N.-6.34-3.37-4W14	Q10243
005.SCG*LB2.CP-5++5.N.-5.1-2.2-7W4	Q10244
005.SCG*LB4.CP-3++5.N.-4.17-5.20-4W13	Q10245
005.SCG*LB4.CP-6++6.N.10.9-3.11-2W5	Q10246
005.SCG*LB3.CP10++9.N.-4.10-6.13-2W5	Q10247
005.SCG*LB3.CP12++5.N.-5.1-2.2-3W4	Q10248
005.SCG*LB4.CP-8++1.N.10.15-6.17-1W5	Q10249
005.SCG*LB2.CP-2++5.N.-5.1-2.3-1W4	Q10250
005.SCG*LB4.CP-8++0.N.-2.1-1.4-5W9	Q10251
005.SCG*LB2.CP-5++5.N.-9.1-2.2-6W5	Q10252
005.SCG*LB2.CP-8++9.N.11.16-1.19-1W3	Q10253
005.SCG*LB3.CP10++9.N.-4.6-1.10-5W28	Q10254
005.SCG*LB3.CP-2++4.N.-9.1-1.5-5W24	Q10255
005.SCG*LB2.CP-5++5.N.-4.7-7.9-4W5	Q10256
005.SCG*LB2.CP-7++9.N.-1.1-1.3-2W10	Q10257
005.SCG*LB2.CP-5++5.N.-7.1-2.3-1W3	Q10258
005.SCG*LB2.CP-7++9.N.-3.1-2.2-7W3	Q10259
005.SCG*LB3.CP-5++9.N.-2.1-2.5-4W20	Q10260
005.SCG*LB2.CP-5++5.N.-7.4-1.5-4W8	Q10261
005.SCG*LB3.CP--++4.N.-4.12-2.15-1W17	Q10262
005.SCG*LB2.CP-5++5.N.10.3-2.6-8W6	Q10263
005.SCG*LB2.CP-8++9.N.-7.12-4.17-5W32	Q10264
005.SCG*LB2.CP-8++0.N.-5.4-1.6-3W5	Q10265
005.SCG*LB4.CP-8++1.N.-5.4-5.7-7W12	Q10266
005.SCG*LB3.CP10++0.N.-2.5-7.11-3W36	Q10267
005.SCG*LB3.CP--++1.N.-5.26-5.27-4W4	Q10268
005.SCG*LB4.CP-4++5.N.-4.9-5.12-5W19	Q10269
005.SCG*LB3.CP-8++5.N.11.26-1.27-1W8	Q10270
005.SCG*LB4.CP-8++3.N.-6.1-2.4-4W14	Q10271
005.SCG*LB4.CP-9++0.N.-2.1-1.7-3W17	Q10272
005.SCG*LB3.CP15++4.N.21.9-6.10-8W4	Q10273
005.SCG*LB4.CP-6++6.N.-6.4-2.6-3W2	Q10274
005.SCG*LB1.CP--++6.N.-6.5-6.10-5W8	Q10275
005.SCG*LB4.CP--++1.N.-9.6-1.10-4W30	Q10276
005.SCG*LB3.CP15++4.N.21.1-1.8-3W34	Q10277
005.SCG*LB3.CP-4++0.N.-5.4-5.5-5W6	Q10278
005.SCG*LB3.CP11++8.N.-4.17-2.19-4W3	Q10279
005.SCG*LB3.CP14++0.N.-8.9-2.10-7W8	Q10280
005.SCG*LB3.CP-4++0.N.-4.22-7.26-3W21	Q10281
005.SCG*LB4.CP--++8.N.-8.8-5.12-4W23	Q10282
005.SCG*LB1.CP--++5.N.-3.4-1.7-1W10	Q10283
005.SCG*LB3.CP-9++2.N.11.4-5.8-2W22	Q10284
005.SCG*LB4.CP-1++0.N.-1.1-1.7-1W17	Q10285
005.SCG*LB4.CP--++6.N.-5.9-6.11-7W14	Q10286
005.SCG*LB3.CP-4++7.N.-5.1-1.4-2W4	Q10287
005.SCG*LB3.CP-4++8.N.15.1-1.9-2W36	Q10288
005.SCG*LB4.CP-7++9.N.-5.1-1.3-4W11	Q10289
005.SCG*LB3.CP-4++0.N.-6.8-4.10-3W11	Q10290
005.SCG*LB3.CP-4++0.N.-4.1-2.3-3W2	Q10291
005.SCG*LB4.CP-7++8.N.-4.1-1.5-1W8	Q10292
005.SCG*LB4.CP-3++4.N.14.18-6.21-3W14	Q10293
005.SCG*LB3.CP12++6.N.-6.4-5.7-1W7	Q10294
005.SCG*LB4.CP--++1.N.15.5-6.9-2W10	Q10295
005.SCG*LB4.CP-5++5.N.11.63-5.68-3W19	Q10296
005.SCG*LB4.CP-5++6.N.-2.23-1.26-6W3	Q10297
005.SCG*LB3.CP11++8.N.-3.3-1.5-5W14	Q10298
005.SCG*LB3.CP12++0.N.-1.23-1.28-3W22	Q10299
005.SCG*LB3.CP11++8.N.-3.8-3.9-4W3	Q10300
005.SCG*LB4.CP--++1.N.15.10-1.12-4W12	Q10301
005.SCG*LB2.CP-6++5.N.-9.1-1.4-6W8	Q10302
005.SCG*LB3.CP-4++0.N.-6.3-3.6-2W8	Q10303
005.SCG*LB3.CP12++0.N.-2.1-1.4-3W10	Q10304
005.SCG*LB4.CP--++4.N.-2.4-2.6-3W15	Q10305
005.SCG*LB3.CP-4++0.N.-4.8-4.10-4W4	Q10306
005.SCG*LB3.CP-4++0.N.-2.7-1.8-1W8	Q10307
005.SCG*LB2.CP-7++8.N.-1.1-1.5-7W8	Q10308
005.SCG*LB3.CP-4++0.N.-4.4-5.8-3W3	Q10309
005.SCG*LB3.CP15++4.N.-9.1-1.6-3W24	Q10310
005.SCG*LB4.CP-5++2.N.-2.24-4.29-2W15	Q10311
005.SCG*LB4.CP--++6.N.-1.17-3.20-7W15	Q10312
005.SCG*LB4.CP-7++9.N.-4.12-2.13-4W6	Q10313
005.SCG*LB2.CP--++3.N.-4.14-4.15-6W7	Q10314
005.SCG*LB4.CP-5++3.N.-1.1-1.4-5W25	Q10315
005.SCG*LB4.CP--++8.N.-9.1-1.3-3W4	Q10316
005.SCG*LB1.CP--++4.N.-1.1-1.6-2W28	Q10317
005.SCG*LB1.CP--++5.N.-1.1-1.5-3W9	Q10318
005.SCG*LB4.CP--++1.N.-8.6-1.8-2W15	Q10319
005.SCG*LB4.CP-1++6.N.13.6-1.10-6W29	Q10320
005.SCG*LB4.CP--++1.N.11.1-1.5-1W22	Q10321
005.SCG*LB2.CP-7++9.N.15.3-5.6-5W3	Q10322
005.SCG*LB3.CP-3++8.N.-3.14-1.17-1W10	Q10323
005.SCG*LB1.CP--++7.N.-2.4-1.6-2W16	Q10324
005.SCG*LB4.CP-3++4.N.14.24-3.27-2W17	Q10325
005.SCG*LB1.CP--++9.N.-3.4-3.6-2W9	Q10326
005.SCG*LB4.CP-8++3.N.13.13-1.14-2W9	Q10327
005.SCG*LB1.CP--++6.N.-7.24-1.26-1W16	Q10328
005.SCG*LB3.CP-9++7.N.15.3-1.5-1W4	Q10329
005.SCG*LB4.CP-3++8.N.10.7-3.11-4W1	Q10330
005.SCG*LB3.CP-3++8.N.-3.5-1.7-1W9	Q10331
005.SCG*LB4.CP--++1.N.11.9-3.11-3W13	Q10332
005.SCG*LB3.CP15++4.N.-9.6-4.11-8W43	Q10333
005.SCG*LB4.CP--++8.N.-3.15-1.17-5W18	Q10334
005.SCG*LB3.CP-4++0.N.-4.22-7.26-3W12	Q10335
005.SCG*LB1.CP--++8.N.-3.4-1.4-5W2	Q10336
005.SCG*LB4.CP-2++9.N.-2.17-2.17-6W5	Q10337
005.SCG*LB3.CP11++8.N.-3.6-1.8-2W3	Q10338
005.SCG*LB3.CP12++0.N.-1.13-1.16-1W9	Q10339
005.SCG*LB4.CP-3++0.N.-2.1-1.5-2W18	Q10340
005.SCG*LB3.CP15++4.N.20.1-1.3-6W21	Q10341
005.SCG*LB4.CP-2++0.N.-5.6-1.6-5W1	Q10342
005.SCG*LB3.CP15++4.N.25.4-1.7-5W20	Q10343
005.SCG*LB1.CP--++4.N.-2.3-3.5-4W16	Q10344
005.SCG*LB4.CP--++6.N.-1.14-1.17-2W7	Q10345
005.SCG*LB3.CP12++0.N.-3.5-3.11-1W10	Q10346
005.SCG*LB1.CP--++6.N.-1.1-1.5-1W16	Q10347
005.SCG*LB3.CP15++4.N.18.6-1.8-5W8	Q10348
005.SCG*LB3.CP-8++0.N.15.10-1.13-3W13	Q10349
005.SCG*LB4.CP--++1.N.12.1-1.5-1W24	Q10350
005.SCG*LB4.CP--++6.N.-1.17-3.20-7W13	Q10351
005.SCG*LB1.CP--++5.N.-3.1-1.3-5W7	Q10352
005.SCG*LB4.CP--++8.N.-3.18-5.19-5W2	Q10353
005.SCG*LB3.CP12++0.N.-1.16-2.19-6W9	Q10354
005.SCG*LB4.CP-2++0.N.-6.8-6.11-1W16	Q10355
005.SCG*LB1.CP-4++2.N.21.1-1.5-4W29	Q10356
005.SCG*LB1.CP--++6.N.-7.38-1.39-2W10	Q10357
005.SCG*LB1.CP--++5.N.-1.5-4.8-2W10	Q10358
005.SCG*LB4.CP-8++2.N.11.1-1.4-5W11	Q10359
005.SCG*LB4.CP-5++7.N.-2.1-1.5-3W9	Q10360
005.SCG*LB3.CP-8++0.N.15.5-2.7-8W8	Q10361
005.SCG*LB3.CP--++4.N.-5.5-3.9-7W27	Q10362
005.SCG*LB1.CP--++4.N.--.1-1.3-3W11	Q10363
005.SCG*LB3.CP-4++0.N.-4.14-4.16-4W13	Q10364
005.SCG*LB4.CP-3++0.N.-1.17-6.19-5W14	Q10365
005.SCG*LB3.CP12++4.N.-2.18-1.22-1W16	Q10366
005.SCG*LB2.CP-5++8.N.11.3-1.10-3W5	Q10367
005.SCG*LB4.CP-8++1.N.15.8-7.12-2W18	Q10368
005.SCG*LB3.CP11++8.N.-3.8-3.9-4W8	Q10369
005.SCG*LB4.CP--++1.N.13.9-7.12-1W13	Q10370
005.SCG*LB4.CP-8++3.N.13.14-3.19-3W9	Q10371
005.SCG*LB3.CP-4++7.N.-6.24-6.31-3W8	Q10372
005.SCG*LB2.CP-4++6.N.-1.5-1.10-3W11	Q10373
005.SCG*LB3.CP-7++1.N.-5.4-3.7-7W9	Q10374
005.SCG*LB4.CP-5++1.N.-4.8-3.12-2W21	Q10375
005.SCG*LB2.CP-3++0.N.-5.1-2.4-6W7	Q10376
005.SCG*LB3.CP-7++1.N.-9.2-1.2-5W4	Q10377
005.SCG*LB4.CP-8++9.N.-2.3-1.6-2W12	Q10378
005.SCG*LB2.CP-1++9.N.-7.3-3.4-4W3	Q10379
005.SCG*LB3.CP-6++2.N.-9.4-3.7-3W16	Q10380
005.SCG*LB4.CP-9++7.N.-8.3-2.7-3W5	Q10381
005.SCG*LB4.CP-3++8.N.-1.19-5.25-7W54	Q10382
005.SCG*LB3.CP-5++5.N.-5.6-1.7-3W6	Q10383
005.SCG*LB2.CP-1++8.N.-4.11-3.14-7W34	Q10384
005.SCG*LB3.CP-6++1.N.-1.1-1.3-3W10	Q10385
005.SCG*LB2.CP-8++3.N.18.1-1.6-4W35	Q10386
005.SCG*LB3.CP-5++6.N.-6.5-3.9-3W5	Q10387
005.SCG*LB2.CP-3++8.N.15.13-8.16-1W10	Q10388
005.SCG*LB3.CP-5++4.N.-5.1-2.5-4W15	Q10389
005.SCG*LB3.CP-8++8.N.-1.1-1.6-5W19	Q10390
005.SCG*LB2.CP-2++1.N.11.10-1.14-7W11	Q10391
005.SCG*LB2.CP-4++5.N.-9.1-1.8-2W8	Q10392
005.SCG*LB3.CP11++2.N.11.2-2.5-5W17	Q10393
005.SCG*LB2.CP-3++0.N.-5.6-3.7-6W10	Q10394
005.SCG*LB3.CP-4++9.N.-6.6-1.10-3W15	Q10395
005.SCG*LB3.CP-2++3.N.12.1-1.9-1W46	Q10396
005.SCG*LB4.CP-2++3.N.-2.25-1.27-6W10	Q10397
005.SCG*LB2.CP-5++2.N.-6.6-3.7-6W4	Q10398
005.SCG*LB3.CP-7++1.N.-3.1-2.4-1W5	Q10399
005.SCG*LB2.CP-2++8.N.16.34-1.38-1W19	Q10400
005.SCG*LB4.CP-3++4.N.26.27-1.28-3W9	Q10401
005.SCG*LB3.CP-5++3.N.-1.1-1.3-4W9	Q10402
005.SCG*LB3.CP-6++1.N.-3.2-1.5-4W16	Q10403
005.SCG*LB2.CP-2++8.N.16.13-1.15-2W10	Q10404
005.SCG*LB2.CP-1++9.N.-6.18-6.20-5W6	Q10405
005.SCG*LB3.CP-2++1.N.-4.8-2.11-5W17	Q10406
005.SCG*LB2.CP-1++6.N.13.4-1.5-6W5	Q10407
005.SCG*LB2.CP-2++0.N.-7.1-1.6-6W24	Q10408
005.SCG*LB2.CP-3++0.N.-7.1-1.6-2W8	Q10409
005.SCG*LB4.CP--++6.N.15.1-1.4-4W22	Q10410
005.SCG*LB3.CP15++0.N.-2.14-3.19-3W29	Q10411
005.SCG*LB4.CP-1++6.N.-7.1-2.2-7W11	Q10412
005.SCG*LB2.CP-4++1.N.12.23-4.25-3W10	Q10413
005.SCG*LB3.CP-5++3.N.-3.6-2.11-2W27	Q10414
005.SCG*LB2.CP-3++0.N.-1.12-1.14-1W6	Q10415
005.SCG*LB4.CP--++8.N.10.9-1.12-3W20	Q10416
005.SCG*LB1.CP-7++9.N.-9.6-4.9-6W4	Q10417
005.SCG*LB3.CP-9++7.N.-2.8-1.14-4W4	Q10418
005.SCG*LB2.CP-1++8.N.-4.4-2.6-4W4	Q10419
005.SCG*LB2.CP-4++1.N.12.22-1.23-3W10	Q10420
005.SCG*LB3.CP-5++6.N.-4.8-3.10-4W4	Q10421
005.SCG*LB3.CP-5++9.N.-7.26-6.30-3W7	Q10422
005.SCG*LB2.CP-8++4.N.-6.11-4.15-2W25	Q10423
005.SCG*LB2.CP-4++7.N.-3.21-5.22-3W4	Q10424
005.SCG*LB3.CP-5++6.N.-5.39-2.45-4W23	Q10425
005.SCG*LB2.CP-3++0.N.-4.1-2.3-8W4	Q10426
005.SCG*LB2.CP-3++2.N.-4.6-2.7-2W5	Q10427
005.SCG*LB3.CP-4++1.N.-1.11-4.17-4W10	Q10428
005.SCG*LB3.CP-5++5.N.-5.2-3.5-3W15	Q10429
005.SCG*LB4.CP-5++4.N.-4.1-2.7-5W14	Q10430
005.SCG*LB2.CP-3++9.N.-8.1-1.5-8W21	Q10431
005.SCG*LB2.CP-2++2.N.-5.18-3.20-3W7	Q10432
005.SCG*LB2.CP-1++8.N.-4.11-3.14-7W33	Q10433
005.SCG*LB2.CP-8++3.N.11.7-2.9-4W10	Q10434
005.SCG*LB2.CP-8++7.N.-2.14-3.15-5W9	Q10435
005.SCG*LB2.CP-2++2.N.-2.1-1.4-4W5	Q10436
005.SCG*LB4.CP-2++3.N.-2.20-1.22-3W7	Q10437
005.SCG*LB2.CP-4++1.N.12.23-4.25-3W2	Q10438
005.SCG*LB3.CP-6++0.N.-1.1-1.9-4W7	Q10439
005.SCG*LB4.CP--++7.N.14.12-4.13-5W9	Q10440
005.SCG*LB1.CP-1++7.N.-5.6-1.8-6W20	Q10441
005.SCG*LB2.CP--++4.N.-2.5-6.9-7W24	Q10442
005.SCG*LB4.CP-3++0.N.-2.1-1.5-2W26	Q10443
005.SCG*LB3.CP-4++9.N.-5.5-4.7-2W7	Q10444
005.SCG*LB2.CP-1++9.N.-6.18-6.20-5W8	Q10445
005.SCG*LB4.CP--++7.N.17.9-2.11-6W19	Q10446
005.SCG*LB3.CP-8++8.N.-2.16-1.18-5W4	Q10447
005.SCG*LB3.CP-5++6.N.-3.6-2.7-3W7	Q10448
005.SCG*LB3.CP-5++7.N.-3.6-3.10-3W8	Q10449
005.SCG*LB2.CP-4++7.N.-3.15-1.17-1W5	Q10450
005.SCG*LB4.CP--++8.N.10.19-5.21-4W9	Q10451
005.SCG*LB2.CP-1++8.N.-4.18-3.20-1W11	Q10452
005.SCG*LB3.CP-5++5.N.-2.15-6.18-6W6	Q10453
005.SCG*LB2.CP-2++3.N.11.8-5.9-8W4	Q10454
005.SCG*LB2.CP-4++3.N.10.1-1.5-4W24	Q10455
005.SCG*LB3.CP-5++3.N.-3.4-7.6-1W9	Q10456
005.SCG*LB2.CP-4++2.N.12.1-1.4-3W12	Q10457
005.SCG*LB2.CP-5++3.N.-4.7-3.9-2W5	Q10458
005.SCG*LB1.CP-8++5.N.-5.7-3.9-1W10	Q10459
005.SCG*LB3.CP-8++0.N.18.12-2.14-6W19	Q10460
005.SCG*LB3.CP10++2.N.-4.16-6.18-1W6	Q10461
005.SCG*LB2.CP-2++8.N.-8.7-1.10-4W12	Q10462
005.SCG*LB3.CP-7++1.N.-4.4-5.11-3W40	Q10463
005.SCG*LB3.CP-5++4.N.-2.8-2.10-2W6	Q10464
005.SCG*LB4.CP-2++4.N.-5.4-4.6-4W11	Q10465
005.SCG*LB3.CP-5++7.N.-1.1-1.6-5W8	Q10466
005.SCG*LB1.CP-7++9.N.-9.1-1.4-1W13	Q10467
005.SCG*LB2.CP-3++3.N.-7.19-2.20-3W5	Q10468
005.SCG*LB3.CP-5++2.N.-1.1-1.3-6W12	Q10469
005.SCG*LB4.CP--++8.N.10.19-5.21-4W13	Q10470
005.SCG*LB4.CP-1++4.N.12.48-1.53-3W11	Q10471
005.SCG*LB2.CP-2++8.N.16.10-5.15-2W12	Q10472
005.SCG*LB2.CP-4++4.N.-9.1-2.5-6W19	Q10473
005.SCG*LB2.CP-1++8.N.-4.9-1.11-2W14	Q10474
005.SCG*LB3.CP-5++1.N.-2.3-1.5-3W15	Q10475
005.SCG*LB3.CP-9++9.N.-8.8-1.10-3W11	Q10476
005.SCG*LB3.CP-8++8.N.-2.6-3.8-3W4	Q10477
005.SCG*LB3.CP-5++0.N.-5.8-3.9-5W7	Q10478
005.SCG*LB2.CP-2++2.N.-5.20-4.24-2W10	Q10479
005.SCG*LB2.CP-5++4.N.10.10-7.15-4W31	Q10480
005.SCG*LB1.CP-3++0.N.-2.14-2.16-6W11	Q10481
005.SCG*LB3.CP-2++1.N.-7.5-1.8-7W7	Q10482
005.SCG*LB3.CP-5++7.N.-2.1-1.4-2W16	Q10483
005.SCG*LB4.CP-9++7.N.-3.36-4.40-5W20	Q10484
005.SCG*LB4.CP--++5.N.-8.1-1.6-3W29	Q10485
005.SCG*LB2.CP-4++1.N.12.2-1.4-3W13	Q10486
005.SCG*LB2.CP-4++5.N.-4.4-7.10-2W5	Q10487
005.SCG*LB4.CP-1++4.N.-8.12-2.15-2W6	Q10488
005.SCG*LB3.CP-6++2.N.10.7-5.9-5W3	Q10489
005.SCG*LB3.CP-8++8.N.-5.12-3.16-3W4	Q10490
005.SCG*LB3.CP-5++2.N.-6.4-8.6-3W9	Q10491
005.SCG*LB2.CP-3++7.N.-3.3-5.6-4W12	Q10492
005.SCG*LB3.CP-5++8.N.-1.1-1.8-1W16	Q10493
005.SCG*LB2.CP-1++8.N.-2.4-2.5-4W6	Q10494
005.SCG*LB2.CP-2++1.N.-8.13-2.14-6W6	Q10495
005.SCG*LB3.CP-1++9.N.-1.1-1.3-1W10	Q10496
005.SCG*LB3.CP-5++5.N.-3.6-5.10-1W8	Q10497
005.SCG*LB3.CP-5++2.N.-6.6-4.8-4W5	Q10498
005.SCG*LB2.CP-4++5.N.-2.20-5.23-5W9	Q10499
005.SCG*LB2.CP-2++0.N.-5.15-4.17-3W6	Q10500
005.SCG*LB2.CP-1++8.N.-4.9-1.11-2W5	Q10501
005.SCG*LB3.CP-1++9.N.-4.1-2.3-1W3	Q10502
005.SCG*LB4.CP--++7.N.24.9-2.11-2W11	Q10503
005.SCG*LB2.CP-4++4.N.-3.1-2.4-4W9	Q10504
005.SCG*LB3.CP-5++3.N.-3.6-2.11-2W12	Q10505
005.SCG*LB3.CP-5++5.N.-4.9-7.10-5W6	Q10506
005.SCG*LB4.CP-1++4.N.10.4-6.6-4W4	Q10507
005.SCG*LB3.CP-8++8.N.-6.17-4.19-2W9	Q10508
005.SCG*LB4.CP--++8.N.10.19-5.21-4W4	Q10509
005.SCG*LB2.CP-5++3.N.-2.6-2.9-3W5	Q10510
005.SCG*LB3.CP-6++2.N.-9.4-3.7-3W7	Q10511
005.SCG*LB2.CP-3++4.N.-6.1-1.4-1W14	Q10512
005.SCG*LB4.CP--++7.N.-2.9-3.12-1W13	Q10513
005.SCG*LB4.CP-8++3.N.16.16-6.17-7W4	Q10514
005.SCG*LB2.CP-2++3.N.-3.3-3.9-2W7	Q10515
005.SCG*LB4.CP-1++8.N.-1.1-1.9-3W53	Q10516
005.SCG*LB3.CP-5++4.N.10.1-1.7-1W5	Q10517
005.SCG*LB2.CP-3++0.N.-5.1-2.4-6W22	Q10518
005.SCG*LB4.CP--++8.N.10.5-2.8-1W6	Q10519
005.SCG*LB2.CP-2++1.N.11.1-1.3-5W12	Q10520
005.SCG*LB4.CP--++7.N.17.4-7.6-7W9	Q10521
005.SCG*LB2.CP-8++3.N.12.1-2.3-3W4	Q10522
005.SCG*LB2.CP-2++1.N.-7.17-4.21-4W10	Q10523
005.SCG*LB4.CP-5++5.N.-9.1-1.6-3W5	Q10524
005.SCG*LB3.CP-5++3.N.-4.11-3.13-1W11	Q10525
005.SCG*LB2.CP-3++9.N.-4.7-7.12-4W16	Q10526
005.SCG*LB4.CP--++6.N.15.4-5.8-4W23	Q10527
005.SCG*LB3.CP-5++7.N.-1.1-1.6-5W23	Q10528
005.SCG*LB4.CP--++8.N.10.21-5.25-2W5	Q10529
005.SCG*LB3.CP-5++4.N.11.7-1.10-3W17	Q10530
005.SCG*LB3.CP-8++8.N.-2.11-6.13-4W4	Q10531
005.SCG*LB3.CP-5++6.N.-1.1-1.4-4W7	Q10532
005.SCG*LB3.CP-6++4.N.10.12-3.13-7W9	Q10533
005.SCG*LB2.CP-5++3.N.-5.4-1.6-2W5	Q10534
005.SCG*LB2.CP-5++2.N.-6.4-7.5-7W4	Q10535
005.SCG*LB3.CP-5++3.N.-4.18-4.22-6W18	Q10536
005.SCG*LB2.CP-8++8.N.-6.3-4.6-1W5	Q10537
005.SCG*LB3.CP-5++4.N.14.1-1.7-4W4	Q10538
005.SCG*LB3.CP10++0.N.-3.12-3.14-2W8	Q10539
005.SCG*LB3.CP-5++1.N.-3.1-1.11-5W32	Q10540
005.SCG*LB3.CP-2++0.N.-2.19-1.21-2W9	Q10541
005.SCG*LB4.CP-2++0.N.-2.16-1.16-5W5	Q10542
005.SCG*LB3.CP-5++5.N.-4.5-6.8-3W12	Q10543
005.SCG*LB4.CP-5++6.N.-2.27-1.31-5W15	Q10544
005.SCG*LB3.CP-6++6.N.-8.2-2.2-6W1	Q10545
005.SCG*LB3.CP-5++5.N.-2.1-1.4-5W15	Q10546
005.SCG*LB2.CP-2++0.N.--.1-1.2-1W5	Q10547
005.SCG*LB4.CP-1++7.N.-6.4-5.5-3W6	Q10548
005.SCG*LB3.CP-4++9.N.-6.10-4.12-3W9	Q10549
005.SCG*LB3.CP-5++5.N.-5.2-3.5-3W4	Q10550
005.SCG*LB2.CP-2++2.N.-5.15-1.18-2W20	Q10551
005.SCG*LB2.CP-4++1.N.12.11-1.16-7W8	Q10552
005.SCG*LB4.CP-3++4.N.26.1-2.6-4W21	Q10553
005.SCG*LB4.CP--++6.N.-1.21-1.24-1W16	Q10554
005.SCG*LB2.CP-2++1.N.-7.17-4.21-4W26	Q10555
005.SCG*LB3.CP-5++3.N.-4.5-1.9-2W7	Q10556
005.SCG*LB3.CP-5++6.N.-4.5-1.8-2W12	Q10557
005.SCG*LB3.CP-5++7.N.-4.4-7.7-2W4	Q10558
005.SCG*LB2.CP-9++8.N.-5.5-3.6-5W1	Q10559
005.SCG*LB3.CP-5++4.N.-3.1-2.2-6W6	Q10560
005.SCG*LB3.CP-5++3.N.-2.10-6.14-3W22	Q10561
005.SCG*LB3.CP-5++5.N.-6.5-6.7-3W8	Q10562
005.SCG*LB4.CP-1++6.N.-2.2-3.4-3W6	Q10563
005.SCG*LB3.CP-5++5.N.-3.3-1.6-4W17	Q10564
005.SCG*LB4.CP--++6.N.11.5-4.6-3W6	Q10565
005.SCG*LB2.CP-4++5.N.-2.9-3.12-2W6	Q10566
005.SCG*LB4.CP--++7.N.23.1-1.7-4W40	Q10567
005.SCG*LB3.CP-5++4.N.-9.3-1.8-4W9	Q10568
005.SCG*LB4.CP-8++2.N.-7.6-2.8-3W12	Q10569
005.SCG*LB3.CP-5++4.N.-9.9-1.11-5W6	Q10570
005.SCG*LB4.CP-3++3.N.--.1-1.5-1W22	Q10571
005.SCG*LB3.CP-5++4.N.-7.2-5.6-1W7	Q10572
005.SCG*LB4.CP-1++4.N.10.3-1.4-5W11	Q10573
005.SCG*LB3.CP-5++4.N.-3.1-2.2-6W9	Q10574
005.SCG*LB3.CP-6++4.N.10.4-4.7-3W14	Q10575
005.SCG*LB2.CP-2++8.N.-3.9-1.10-4W5	Q10576
005.SCG*LB3.CP-5++7.N.-3.6-3.10-3W25	Q10577
005.SCG*LB3.CP-5++3.N.--.1-1.3-7W3	Q10578
005.SCG*LB1.CP-7++9.N.-9.1-1.4-1W11	Q10579
005.SCG*LB2.CP-2++2.N.-5.20-4.24-2W5	Q10580
005.SCG*LB3.CP-5++3.N.-2.10-6.14-3W12	Q10581
005.SCG*LB2.CP-8++7.N.-2.1-1.3-2W16	Q10582
005.SCG*LB4.CP--++6.N.11.3-5.5-1W8	Q10583
005.SCG*LB2.CP-3++0.N.--.1-1.2-4W4	Q10584
005.SCG*LB2.CP-3++7.N.-4.1-1.4-2W15	Q10585
005.SCG*LB2.CP-4++3.N.-1.1-1.4-5W11	Q10586
005.SCG*LB3.CP10++3.N.-6.1-1.6-2W4	Q10587
005.SCG*LB2.CP-3++0.N.-6.13-1.14-2W4	Q10588
005.SCG*LB3.CP-5++3.N.-4.16-1.18-3W14	Q10589
005.SCG*LB2.CP-4++5.N.-2.12-3.18-5W9	Q10590
005.SCG*LB4.CP-2++1.N.-9.3-6.5-2W5	Q10591
005.SCG*LB2.CP-2++1.N.10.21-6.23-6W10	Q10592
005.SCG*LB3.CP-5++9.N.-7.32-1.32-5W4	Q10593
005.SCG*LB2.CP-2++8.N.16.28-5.30-5W10	Q10594
005.SCG*LB2.CP-2++1.N.-9.22-3.26-2W3	Q10595
005.SCG*LB3.CP-5++4.N.-5.1-2.5-4W4	Q10596
005.SCG*LB2.CP-4++3.N.-2.5-3.7-4W11	Q10597
005.SCG*LB1.CP-8++9.N.-5.7-1.10-2W13	Q10598
005.SCG*LB2.CP-2++8.N.-8.1-1.5-1W7	Q10599
005.SCG*LB2.CP-3++7.N.-4.7-6.9-8W5	Q10600
005.SCG*LB2.CP-3++7.N.-2.33-1.38-2W13	Q10601
005.SCG*LB3.CP-2++5.N.-4.9-4.13-2W7	Q10602
005.SCG*LB3.CP-5++2.N.-3.7-2.9-5W7	Q10603
005.SCG*LB2.CP-9++8.N.-6.1-2.3-5W12	Q10604
005.SCG*LB2.CP-2++1.N.-3.1-2.3-5W7	Q10605
005.SCG*LB2.CP-8++7.N.-3.21-2.24-1W20	Q10606
005.SCG*LB2.CP-5++3.N.--.1-1.2-5W5	Q10607
005.SCG*LB2.CP-8++3.N.20.1-1.5-6W13	Q10608
005.SCG*LB3.CP-5++9.N.-6.33-1.37-2W18	Q10609
005.SCG*LB3.CP-5++3.N.-4.13-2.15-5W13	Q10610
005.SCG*LB2.CP-4++4.N.11.8-1.10-5W3	Q10611
005.SCG*LB3.CP-5++6.N.-4.13-8.16-2W4	Q10612
005.SCG*LB3.CP10++0.N.-2.14-1.16-5W8	Q10613
005.SCG*LB2.CP-2++0.N.-5.1-2.2-2W1	Q10614
005.SCG*LB2.CP-4++5.N.-2.9-3.12-2W15	Q10615
005.SCG*LB2.CP-8++7.N.-7.2-3.9-7W39	Q10616
005.SCG*LB3.CP-5++3.N.-6.15-3.18-3W6	Q10617
005.SCG*LB2.CP-2++1.N.-1.1-1.3-7W19	Q10618
005.SCG*LB2.CP-5++2.N.--.1-1.3-2W5	Q10619
005.SCG*LB2.CP-2++4.N.-5.5-1.6-4W6	Q10620
005.SCG*LB3.CP10++2.N.-4.9-8.12-2W7	Q10621
005.SCG*LB3.CP-5++4.N.-5.1-2.5-4W12	Q10622
005.SCG*LB2.CP-5++3.N.-1.1-1.3-5W10	Q10623
005.SCG*LB3.CP-6++4.N.11.1-2.3-2W3	Q10624
005.SCG*LB2.CP-4++3.N.-4.10-4.12-2W6	Q10625
005.SCG*LB2.CP-2++1.N.-6.10-1.12-4W9	Q10626
005.SCG*LB1.CP-7++0.N.-3.8-7.11-3W13	Q10627
005.SCG*LB2.CP-4++3.N.-6.19-7.23-7W26	Q10628
005.SCG*LB2.CP-8++9.N.18.3-1.6-3W11	Q10629
005.SCG*LB4.CP-2++4.N.-3.17-2.20-3W7	Q10630
005.SCG*LB2.CP-8++3.N.25.30-1.35-2W18	Q10631
005.SCG*LB3.CP-5++5.N.-3.10-2.11-2W4	Q10632
005.SCG*LB3.CP-5++3.N.-4.18-4.22-6W7	Q10633
005.SCG*LB3.CP-5++6.N.-3.4-5.6-1W7	Q10634
005.SCG*LB3.CP-6++1.N.-5.14-1.16-5W18	Q10635
005.SCG*LB4.CP-3++4.N.26.23-5.24-4W4	Q10636
005.SCG*LB3.CP-6++1.N.-5.1-2.7-5W4	Q10637
005.SCG*LB2.CP-2++0.N.-3.15-3.16-4W7	Q10638
005.SCG*LB4.CP-4++1.N.10.1-1.3-4W5	Q10639
005.SCG*LB2.CP-3++8.N.-3.1-2.4-2W7	Q10640
005.SCG*LB2.CP-3++0.N.-3.7-1.8-6W4	Q10641
005.SCG*LB3.CP-7++0.N.-6.17-3.18-7W8	Q10642
005.SCG*LB4.CP--++7.N.13.1-2.2-2W2	Q10643
005.SCG*LB3.CP-5++6.N.-2.9-5.13-7W4	Q10644
005.SCG*LB2.CP-1++8.N.-4.11-3.14-7W16	Q10645
005.SCG*LB4.CP-1++6.N.-2.5-1.6-7W12	Q10646
005.SCG*LB4.CP-1++3.N.-5.20-3.22-5W13	Q10647
005.SCG*LB3.CP-9++8.N.-1.5-1.7-4W9	Q10648
005.SCG*LB4.CP-9++7.N.-4.4-3.5-1W1	Q10649
005.SCG*LB3.CP-4++9.N.-5.1-2.2-4W2	Q10650
005.SCG*LB3.CP-9++9.N.-9.24-1.31-2W6	Q10651
005.SCG*LB3.CP-5++2.N.-5.6-4.8-7W3	Q10652
005.SCG*LB4.CP--++7.N.-5.14-3.17-1W10	Q10653
005.SCG*LB2.CP-2++1.N.-7.7-1.11-1W13	Q10654
005.SCG*LB2.CP-1++6.N.13.2-5.3-6W3	Q10655
005.SCG*LB3.CP-5++1.N.-4.32-3.34-6W11	Q10656
005.SCG*LB4.CP--++7.N.-5.8-2.12-1W14	Q10657
005.SCG*LB4.CP--++8.N.10.9-1.12-3W6	Q10658
005.SCG*LB2.CP-3++3.N.-6.13-2.14-7W9	Q10659
005.SCG*LB3.CP-5++5.N.-6.1-1.5-5W10	Q10660
005.SCG*LB2.CP-3++9.N.-2.4-3.7-5W7	Q10661
005.SCG*LB2.CP-4++4.N.-9.12-7.15-5W11	Q10662
005.SCG*LB3.CP-5++0.N.-5.9-6.16-1W12	Q10663
005.SCG*LB2.CP-4++2.N.-9.1-2.2-5W8	Q10664
005.SCG*LB3.CP-5++2.N.-6.10-5.14-1W8	Q10665
005.SCG*LB3.CP-4++9.N.-6.6-1.10-3W7	Q10666
005.SCG*LB3.CP10++3.N.-6.6-3.8-5W8	Q10667
005.SCG*LB2.CP-4++3.N.-5.14-6.17-8W13	Q10668
005.SCG*LB2.CP-2++0.N.-6.10-6.11-5W6	Q10669
005.SCG*LB3.CP-5++4.N.-9.15-1.17-3W5	Q10670
005.SCG*LB4.CP-5++5.N.-9.1-1.6-3W18	Q10671
005.SCG*LB2.CP-4++5.N.-3.16-1.18-5W8	Q10672
005.SCG*LB3.CP10++2.N.-7.16-1.17-6W4	Q10673
005.SCG*LB3.CP-5++2.N.-4.12-2.14-5W12	Q10674
005.SCG*LB2.CP-5++3.N.-3.11-2.12-4W5	Q10675
005.SCG*LB3.CP-5++6.N.-3.10-1.12-3W11	Q10676
005.SCG*LB3.CP-6++5.N.-9.6-3.9-1W6	Q10677
005.SCG*LB3.CP10++3.N.-6.14-1.16-2W6	Q10678
005.SCG*LB3.CP-2++3.N.12.9-2.12-5W12	Q10679
005.SCG*LB2.CP-3++0.N.-8.1-1.2-6W10	Q10680
005.SCG*LB2.CP-4++4.N.11.5-3.7-5W5	Q10681
005.SCG*LB3.CP-5++5.N.-3.3-1.6-4W12	Q10682
005.SCG*LB4.CP--++8.N.10.1-1.5-1W6	Q10683
005.SCG*LB3.CP-5++4.N.-3.3-9.5-6W8	Q10684
005.SCG*LB2.CP-8++4.N.-5.9-4.11-2W10	Q10685
005.SCG*LB3.CP-8++8.N.-2.1-1.2-5W3	Q10686
005.SCG*LB2.CP-2++4.N.-5.7-6.9-4W5	Q10687
005.SCG*LB2.CP-2++1.N.--.1-1.1-5W5	Q10688
005.SCG*LB4.CP--++7.N.-6.3-1.4-4W3	Q10689
005.SCG*LB3.CP-7++5.N.14.1-2.3-6W2	Q10690
005.SCG*LB4.CP-4++9.N.12.14-2.15-4W10	Q10691
005.SCG*LB3.CP-5++4.N.-5.1-2.5-4W22	Q10692
005.SCG*LB2.CP-5++3.N.-5.8-3.10-3W8	Q10693
005.SCG*LB2.CP-2++1.N.-7.27-1.29-2W7	Q10694
005.SCG*LB2.CP-5++4.N.10.6-1.10-6W19	Q10695
005.SCG*LB2.CP-2++1.N.11.3-6.4-5W3	Q10696
005.SCG*LB3.CP-5++4.N.11.7-1.10-3W5	Q10697
005.SCG*LB3.CP-9++7.N.10.1-1.5-1W12	Q10698
005.SCG*LB4.CP-6++3.N.-5.21-1.23-2W7	Q10699
005.SCG*LB4.CP--++7.N.15.1-2.2-6W3	Q10700
005.SCG*LB4.CP-3++3.N.-7.7-1.13-3W23	Q10701
005.SCG*LB3.CP-8++8.N.--.1-1.4-4W4	Q10702
005.SCG*LB2.CP-2++1.N.11.10-1.14-7W20	Q10703
005.SCG*LB2.CP-4++3.N.-3.11-8.14-1W10	Q10704
005.SCG*LB2.CP-1++8.N.-2.1-1.3-3W11	Q10705
005.SCG*LB2.CP-8++3.N.18.9-1.12-4W8	Q10706
005.SCG*LB4.CP-1++6.N.-6.1-2.2-2W4	Q10707
005.SCG*LB4.CP-4++8.N.-2.1-1.1-5W1	Q10708
005.SCG*LB4.CP--++7.N.18.6-3.9-6W9	Q10709
005.SCG*LB2.CP-2++1.N.-5.24-4.26-1W8	Q10710
005.SCG*LB2.CP-8++7.N.-8.1-1.3-2W11	Q10711
005.SCG*LB3.CP-7++5.N.14.4-1.5-5W7	Q10712
005.SCG*LB2.CP-8++3.N.35.4-2.7-1W13	Q10713
005.SCG*LB2.CP-5++3.N.-5.6-3.8-2W8	Q10714
005.SCG*LB4.CP-4++2.N.-3.4-2.7-2W6	Q10715
005.SCG*LB2.CP-1++8.N.-4.4-2.6-4W8	Q10716
005.SCG*LB2.CP-3++1.N.-6.1-2.6-7W9	Q10717
005.SCG*LB2.CP-3++1.N.-1.1-1.3-4W11	Q10718
005.SCG*LB3.CP-5++4.N.-2.5-2.8-1W7	Q10719
005.SCG*LB3.CP-5++6.N.--.1-1.3-5W4	Q10720
005.SCG*LB4.CP-1++3.N.-5.22-6.26-2W6	Q10721
005.SCG*LB3.CP-9++0.N.-6.1-2.3-3W13	Q10722
005.SCG*LB4.CP--++6.N.15.4-5.8-4W19	Q10723
005.SCG*LB2.CP-2++1.N.10.21-6.23-6W17	Q10724
005.SCG*LB2.CP-8++7.N.-3.20-7.21-1W4	Q10725
005.SCG*LB3.CP-5++5.N.-4.5-6.8-3W7	Q10726
005.SCG*LB4.CP--++7.N.-8.9-2.9-6W5	Q10727
005.SCG*LB3.CP-5++4.N.11.13-3.17-5W8	Q10728
005.SCG*LB3.CP-5++2.N.-5.8-8.10-4W8	Q10729
005.SCG*LB4.CP-9++5.N.-8.1-1.4-2W15	Q10730
005.SCG*LB1.CP-6++6.N.14.4-1.5-3W6	Q10731
005.SCG*LB3.CP-7++1.N.-3.14-3.16-2W16	Q10732
005.SCG*LB2.CP-4++7.N.-3.8-5.11-6W5	Q10733
005.SCG*LB4.CP-1++7.N.-6.7-3.8-2W2	Q10734
005.SCG*LB3.CP-5++4.N.-8.1-1.4-5W19	Q10735
005.SCG*LB4.CP-3++8.N.-9.5-1.8-4W12	Q10736
005.SCG*LB3.CP-5++2.N.--.1-1.3-5W3	Q10737
005.SCG*LB2.CP-8++3.N.-7.4-2.9-7W32	Q10738
005.SCG*LB2.CP-3++7.N.-2.40-5.41-4W6	Q10739
005.SCG*LB3.CP-7++5.N.-5.1-2.4-3W8	Q10740
005.SCG*LB3.CP14++5.N.-3.6-3.9-1W5	Q10741
005.SCG*LB3.CP-5++3.N.-5.21-1.24-2W21	Q10742
005.SCG*LB4.CP--++8.N.10.13-1.15-2W8	Q10743
005.SCG*LB2.CP-4++1.N.12.11-1.16-7W11	Q10744
005.SCG*LB2.CP-4++3.N.-7.13-4.15-6W13	Q10745
005.SCG*LB3.CP-5++9.N.-7.7-1.8-4W7	Q10746
005.SCG*LB2.CP-4++5.N.-4.10-3.14-2W14	Q10747
005.SCG*LB2.CP-8++8.N.13.1-2.5-5W32	Q10748
005.SCG*LB3.CP-5++3.N.-5.16-1.18-4W4	Q10749
005.SCG*LB3.CP-5++4.N.-7.6-2.8-2W5	Q10750
005.SCG*LB3.CP-5++5.N.--.1-1.2-3W3	Q10751
005.SCG*LB2.CP-8++3.N.10.13-3.14-4W3	Q10752
005.SCG*LB4.CP-3++4.N.26.24-5.26-7W16	Q10753
005.SCG*LB3.CP-5++5.N.-2.27-5.29-1W6	Q10754
005.SCG*LB2.CP-1++8.N.-4.1-1.4-1W23	Q10755
005.SCG*LB2.CP-3++7.N.-6.4-2.5-1W3	Q10756
005.SCG*LB3.CP15++4.N.-6.1-1.5-1W27	Q10757
005.SCG*LB3.CP-2++1.N.-2.1-1.2-5W7	Q10758
005.SCG*LB3.CP-5++4.N.10.7-2.9-5W6	Q10759
005.SCG*LB1.CP-4++7.N.-7.3-1.6-3W7	Q10760
005.SCG*LB2.CP-8++3.N.18.12-5.15-1W4	Q10761
005.SCG*LB2.CP-8++3.N.35.9-3.12-1W15	Q10762
005.SCG*LB3.CP-6++1.N.-2.10-6.12-2W7	Q10763
005.SCG*LB4.CP-5++5.N.10.17-2.18-2W4	Q10764
005.SCG*LB2.CP-4++1.N.12.2-1.4-3W19	Q10765
005.SCG*LB3.CP-5++2.N.-4.8-2.12-1W6	Q10766
005.SCG*LB3.CP12++7.N.-6.4-5.8-1W18	Q10767
005.SCG*LB3.CP-2++0.N.-6.4-4.6-5W3	Q10768
005.SCG*LB2.CP-4++0.N.-6.12-1.15-4W21	Q10769
005.SCG*LB2.CP-2++8.N.12.11-1.16-6W24	Q10770
005.SCG*LB2.CP-3++0.N.-3.10-2.15-3W5	Q10771
005.SCG*LB3.CP-4++9.N.-8.1-1.6-2W37	Q10772
005.SCG*LB3.CP-5++9.N.-7.26-6.30-3W17	Q10773
005.SCG*LB2.CP-4++7.N.-2.12-1.13-1W4	Q10774
005.SCG*LB2.CP-4++2.N.10.2-1.2-7W3	Q10775
005.SCG*LB3.CP-6++5.N.-6.1-2.3-4W14	Q10776
005.SCG*LB4.CP-2++0.N.-3.5-4.8-3W14	Q10777
005.SCG*LB2.CP-4++4.N.-4.9-5.15-2W14	Q10778
005.SCG*LB2.CP-3++2.N.-3.17-1.17-9W6	Q10779
005.SCG*LB3.CP-5++4.N.12.4-1.6-3W6	Q10780
005.SCG*LB3.CP-6++5.N.-7.15-5.18-2W10	Q10781
005.SCG*LB2.CP-9++5.N.-5.1-1.4-5W16	Q10782
005.SCG*LB2.CP-4++4.N.-2.5-2.7-2W5	Q10783
005.SCG*LB4.CP-6++1.N.-1.6-3.9-2W19	Q10784
005.SCG*LB3.CP13++6.N.13.8-5.10-4W10	Q10785
005.SCG*LB3.CP13++2.N.12.8-3.9-1W5	Q10786
005.SCG*LB4.CP-8++3.N.14.8-1.8-5W1	Q10787
005.SCG*LB3.CP14++6.N.-8.14-1.18-2W8	Q10788
005.SCG*LB3.CP14++6.N.-7.11-2.12-2W3	Q10789
005.SCG*LB4.CP-1++1.N.-3.1-1.6-4W33	Q10790
005.SCG*LB3.CP13++6.N.-7.5-4.6-3W1	Q10791
005.SCG*LB4.CP-3++4.N.11.10-1.12-1W15	Q10792
005.SCG*LB4.CP-7++1.N.11.7-5.9-4W11	Q10793
005.SCG*LB4.CP-7++1.N.11.2-7.4-1W2	Q10794
005.SCG*LB4.CP-7++1.N.11.4-2.7-4W21	Q10795
005.SCG*LB4.CP-3++4.N.14.21-4.24-2W20	Q10796
005.SCG*LB4.CP-6++9.N.-5.15-1.19-5W19	Q10797
005.SCG*LB4.CP-3++4.N.13.10-1.10-8W8	Q10798
005.SCG*LB4.CP--++4.N.-8.2-1.4-4W19	Q10799
005.SCG*LB4.CP-7++1.N.11.12-6.15-1W7	Q10800
005.SCG*LB4.CP-3++4.N.13.8-5.9-6W7	Q10801
005.SCG*LB4.CP-8++9.N.-5.8-2.12-1W25	Q10802
005.SCG*LB1.CP--++6.N.-3.10-6.14-3W23	Q10803
005.SCG*LB3.CP12++4.N.-1.11-3.13-6W15	Q10804
005.SCG*LB4.CP-7++9.N.11.8-1.9-2W7	Q10805
005.SCG*LB3.CP-7++5.N.-6.1-2.3-5W7	Q10806
005.SCG*LB3.CP-7++6.N.-9.1-2.5-1W10	Q10807
005.SCG*LB3.CP-7++5.N.-6.1-2.3-5W13	Q10808
005.SCG*LB3.CP-7++5.N.11.10-3.11-6W4	Q10809
005.SCG*LB3.CP16++1.N.-1.10-6.14-1W18	Q10810
005.SCG*LB3.CP-9++2.N.-4.15-1.15-6W7	Q10811
005.SCG*LB4.CP-7++3.N.-2.17-4.21-7W9	Q10812
005.SCG*LB4.CP-7++2.N.-1.10-1.15-1W23	Q10813
005.SCG*LB3.CP14++6.N.-1.1-1.7-3W21	Q10814
005.SCG*LB4.CP-7++3.N.-2.1-1.7-2W19	Q10815
005.SCG*LB4.CP-7++2.N.-2.9-1.10-2W6	Q10816
005.SCG*LB3.CP-7++5.N.-6.6-1.8-5W6	Q10817
005.SCG*LB3.CP-4++6.N.-6.2-3.7-4W26	Q10818
005.SCG*LB3.CP-6++4.N.10.12-3.13-7W5	Q10819
005.SCG*LB4.CP-7++2.N.-3.2-1.5-2W9	Q10820
005.SCG*LB3.CP10++1.N.-4.1-1.7-3W33	Q10821
005.SCG*LB3.CP-9++0.N.-6.9-3.12-3W14	Q10822
005.SCG*LB4.CP-7++2.N.-2.1-1.5-2W20	Q10823
005.SCG*LB3.CP-9++2.N.-4.15-1.15-6W1	Q10824
005.SCG*LB3.CP15++4.N.-8.18-3.19-4W2	Q10825
005.SCG*LB4.CP-7++2.N.14.14-1.18-2W6	Q10826
005.SCG*LB2.CP-7++5.N.15.24-3.25-4W7	Q10827
005.SCG*LB4.CP-7++3.N.-2.22-1.31-3W32	Q10828
005.SCG*LB3.CP10++4.N.12.8-5.11-5W16	Q10829
005.SCG*LB3.CP-6++4.N.10.1-2.4-3W7	Q10830
005.SCG*LB3.CP-3++8.N.-1.12-1.16-2W9	Q10831
005.SCG*LB2.CP-3++1.N.-6.9-3.10-2W6	Q10832
005.SCG*LB4.CP-3++4.N.-6.3-3.5-5W20	Q10833
005.SCG*LB4.CP-3++4.N.-6.3-3.5-5W6	Q10834
005.SCG*LB3.CP11++2.N.-6.2-7.5-3W7	Q10835
005.SCG*LB3.CP14++9.N.-6.4-4.10-3W11	Q10836
005.SCG*LB3.CP14++9.N.-6.4-4.10-3W9	Q10837
005.SCG*LB1.CP-9++8.N.-2.1-1.4-2W20	Q10838
005.SCG*LB4.CP-3++4.N.-6.3-3.5-5W9	Q10839
005.SCG*LB1.CP-6++7.N.-2.12-6.14-6W9	Q10840
005.SCG*LB1.CP-8++5.N.-5.10-2.13-2W16	Q10841
005.SCG*LB2.CP-3++1.N.-6.10-3.12-5W12	Q10842
005.SCG*LB1.CP-8++8.N.-2.3-5.5-3W11	Q10843
005.SCG*LB3.CP--++2.N.-2.3-6.7-6W28	Q10844
005.SCG*LB3.CP-9++2.N.-7.11-1.15-1W32	Q10845
005.SCG*LB3.CP13++5.N.-8.4-3.7-4W12	Q10846
005.SCG*LB3.CP-8++0.N.16.6-5.8-3W9	Q10847
005.SCG*LB3.CP14++0.N.-8.1-1.4-7W26	Q10848
005.SCG*LB3.CP11++2.N.-3.9-5.12-4W12	Q10849
005.SCG*LB3.CP-8++0.N.12.1-1.4-5W14	Q10850
005.SCG*LB3.CP-9++2.N.-4.5-7.11-1W27	Q10851
005.SCG*LB3.CP-9++2.N.-3.20-2.23-6W24	Q10852
005.SCG*LB3.CP-9++5.N.16.16-3.18-4W5	Q10853
005.SCG*LB1.CP-5++6.N.-8.5-5.6-6W8	Q10854
005.SCG*LB3.CP-9++0.N.-6.7-1.9-2W12	Q10855
005.SCG*LB2.CP-8++4.N.-6.2-5.5-2W10	Q10856
005.SCG*LB2.CP--++3.N.-4.14-4.15-6W11	Q10857
005.SCG*LB2.CP-4++6.N.-3.5-2.9-3W5	Q10858
005.SCG*LB3.CP-6++3.N.-7.15-3.16-7W12	Q10859
005.SCG*LB4.CP-8++3.N.16.32-2.33-3W6	Q10860
005.SCG*LB3.CP-6++3.N.-2.5-2.9-5W8	Q10861
005.SCG*LB4.CP-3++4.N.12.2-2.5-1W25	Q10862
005.SCG*LB4.CP-9++0.N.-1.1-1.6-4W15	Q10863
005.SCG*LB4.CP-8++9.N.-5.1-1.5-3W27	Q10864
005.SCG*LB4.CP-8++9.N.-4.22-5.26-1W3	Q10865
005.SCG*LB4.CP-9++4.N.-1.9-1.12-1W4	Q10866
005.SCG*LB4.CP-9++0.N.-9.8-3.11-3W15	Q10867
005.SCG*LB4.CP-8++9.N.--.1-1.2-3W6	Q10868
005.SCG*LB3.CP15++8.N.-5.21-1.25-1W32	Q10869
005.SCG*LB4.CP-9++4.N.-1.1-1.8-1W18	Q10870
005.SCG*LB4.CP-9++0.N.-4.9-3.11-2W7	Q10871
005.SCG*LB4.CP-9++0.N.-9.1-1.5-5W8	Q10872
005.SCG*LB4.CP-9++0.N.-1.1-1.6-4W30	Q10873
005.SCG*LB4.CP-8++9.N.-1.1-1.3-4W14	Q10874
005.SCG*LB4.CP-3++7.N.-6.7-1.8-2W10	Q10875
005.SCG*LB4.CP-5++5.N.13.37-2.40-3W7	Q10876
005.SCG*LB4.CP-9++3.N.-3.1-2.6-7W28	Q10877
005.SCG*LB4.CP-7++3.N.-5.1-1.5-2W18	Q10878
005.SCG*LB4.CP-9++3.N.-2.7-3.8-7W4	Q10879
005.SCG*LB3.CP12++6.N.-6.3-4.4-4W6	Q10880
005.SCG*LB4.CP-9++0.N.-5.1-1.2-5W5	Q10881
005.SCG*LB4.CP-9++3.N.-4.4-3.7-5W13	Q10882
005.SCG*LB4.CP-8++9.N.-2.1-1.2-4W7	Q10883
005.SCG*LB4.CP-9++0.N.-9.12-1.16-3W18	Q10884
005.SCG*LB4.CP-9++3.N.-2.3-2.7-2W8	Q10885
005.SCG*LB3.CP15++6.N.-8.1-1.4-4W17	Q10886
005.SCG*LB4.CP-2++3.N.-7.7-3.10-3W11	Q10887
005.SCG*LB3.CP13++4.N.-7.21-2.23-1W14	Q10888
005.SCG*LB3.CP-2++5.N.-9.15-1.19-4W16	Q10889
005.SCG*LB3.CP-7++2.N.-8.1-2.3-1W9	Q10890
005.SCG*LB3.CP14++3.N.-5.8-4.12-2W18	Q10891
005.SCG*LB3.CP-7++1.N.-7.14-6.16-3W6	Q10892
005.SCG*LB2.CP-2++8.N.-8.29-3.33-5W7	Q10893
005.SCG*LB2.CP-2++8.N.-8.23-1.27-1W22	Q10894
005.SCG*LB3.CP12++5.N.10.6-4.9-5W6	Q10895
005.SCG*LB3.CP12++0.N.15.5-1.7-5W17	Q10896
005.SCG*LB3.CP12++0.N.16.4-1.9-3W26	Q10897
005.SCG*LB3.CP--++8.N.10.8-4.13-3W35	Q10898
005.SCG*LB4.CP-4++4.N.-5.1-1.4-3W21	Q10899
005.SCG*LB4.CP-5++9.N.-2.1-1.5-6W7	Q10900
005.SCG*LB4.CP-5++5.N.13.19-3.23-2W21	Q10901
005.SCG*LB3.CP-1++4.N.-5.13-1.15-4W17	Q10902
005.SCG*LB4.CP-8++3.N.-3.16-2.17-5W6	Q10903
005.SCG*LB3.CP14++0.N.-4.12-1.17-3W33	Q10904
005.SCG*LB3.CP12++7.N.-1.3-7.6-1W11	Q10905
005.SCG*LB4.CP-9++0.N.-5.5-2.8-1W4	Q10906
005.SCG*LB2.CP-2++8.N.14.1-1.2-5W8	Q10907
005.SCG*LB2.CP-2++8.N.17.3-1.8-8W21	Q10908
005.SCG*LB4.CP-5++3.N.11.1-2.4-1W8	Q10909
005.SCG*LB4.CP-8++1.N.12.33-1.38-3W7	Q10910
005.SCG*LB3.CP13++3.N.-3.22-3.24-1W5	Q10911
005.SCG*LB2.CP--++4.N.-4.1-1.3-1W7	Q10912
005.SCG*LB3.CP--++5.N.-5.10-2.12-7W22	Q10913
005.SCG*LB3.CP-2++6.N.19.11-2.12-7W11	Q10914
005.SCG*LB2.CP-2++8.N.-8.17-1.22-7W26	Q10915
005.SCG*LB3.CP14++4.N.-5.11-1.12-5W9	Q10916
005.SCG*LB4.CP-4++4.N.-6.3-4.7-3W24	Q10917
005.SCG*LB4.CP-5++3.N.10.1-2.6-4W27	Q10918
005.SCG*LB3.CP14++1.N.-6.1-1.2-4W7	Q10919
005.SCG*LB1.CP-9++3.N.-6.4-1.5-3W9	Q10920
005.SCG*LB3.CP14++5.N.-4.1-2.3-1W10	Q10921
005.SCG*LB2.CP-2++3.N.-6.13-2.16-7W9	Q10922
005.SCG*LB4.CP-3++4.N.17.1-1.7-1W6	Q10923
005.SCG*LB4.CP-5++4.N.-8.3-1.11-7W21	Q10924
005.SCG*LB3.CP11++5.N.-5.1-2.2-8W3	Q10925
005.SCG*LB3.CP11++0.N.-4.1-1.6-5W28	Q10926
005.SCG*LB4.CP--++4.N.11.11-1.19-5W19	Q10927
005.SCG*LB3.CP-1++2.N.-7.11-7.14-2W16	Q10928
005.SCG*LB3.CP12++0.N.19.1-1.7-5W30	Q10929
005.SCG*LB2.CP-2++8.N.12.9-1.10-2W6	Q10930
005.SCG*LB3.CP12++2.N.-4.20-3.23-1W8	Q10931
005.SCG*LB4.CP-8++7.N.-1.1-1.8-3W4	Q10932
005.SCG*LB3.CP12++0.N.14.5-4.8-5W19	Q10933
005.SCG*LB1.CP-7++1.N.-5.12-5.14-4W12	Q10934
005.SCG*LB3.CP13++4.N.-7.23-2.27-1W15	Q10935
005.SCG*LB4.CP-2++6.N.-5.8-2.9-9W3	Q10936
005.SCG*LB3.CP13++5.N.24.1-1.6-3W18	Q10937
005.SCG*LB3.CP13++5.N.-2.5-1.11-3W24	Q10938
005.SCG*LB3.CP-2++3.N.-9.18-4.21-3W3	Q10939
005.SCG*LB2.CP-2++8.N.-4.1-2.4-4W26	Q10940
005.SCG*LB4.CP-9++5.N.-8.9-2.11-1W5	Q10941
005.SCG*LB3.CP12++0.N.18.3-2.4-1W4	Q10942
005.SCG*LB3.CP-8++2.N.-5.2-5.4-3W8	Q10943
005.SCG*LB3.CP14++5.N.-4.1-2.3-1W4	Q10944
005.SCG*LB3.CP12++4.N.-8.1-1.4-2W16	Q10945
005.SCG*LB4.CP-9++2.N.-3.1-2.5-3W26	Q10946
005.SCG*LB2.CP-9++0.N.-3.8-4.9-3W6	Q10947
005.SCG*LB3.CP11++5.N.-4.3-2.4-2W4	Q10948
005.SCG*LB3.CP12++2.N.-4.8-3.11-4W26	Q10949
005.SCG*LB3.CP12++2.N.-4.7-1.8-2W7	Q10950
005.SCG*LB3.CP12++0.N.14.1-2.2-5W6	Q10951
005.SCG*LB2.CP-6++0.N.25.4-1.5-6W12	Q10952
005.SCG*LB4.CP-9++0.N.-6.1-2.4-2W15	Q10953
005.SCG*LB3.CP16++1.N.-1.1-1.3-7W19	Q10954
005.SCG*LB4.CP-7++6.N.-4.1-2.4-6W4	Q10955
005.SCG*LB2.CP-2++8.N.-8.28-1.29-2W6	Q10956
005.SCG*LB4.CP-9++1.N.-5.1-2.4-2W16	Q10957
005.SCG*LB4.CP-5++5.N.13.19-3.23-2W26	Q10958
005.SCG*LB3.CP13++2.N.24.5-1.7-2W9	Q10959
005.SCG*LB3.CP14++0.N.-4.12-1.17-3W9	Q10960
005.SCG*LB3.CP--++5.N.-5.5-6.8-1W17	Q10961
005.SCG*LB3.CP13++5.N.-6.3-3.5-2W3	Q10962
005.SCG*LB2.CP-4++4.N.15.1-1.6-1W34	Q10963
005.SCG*LB2.CP-2++8.N.14.7-5.9-3W1	Q10964
005.SCG*LB3.CP14++0.N.-3.1-2.4-2W4	Q10965
005.SCG*LB3.CP-1++0.N.16.6-1.9-1W17	Q10966
005.SCG*LB3.CP-1++3.N.-3.5-2.6-6W11	Q10967
005.SCG*LB2.CP-2++8.N.10.5-3.7-3W8	Q10968
005.SCG*LB2.CP-2++8.N.-8.17-1.22-7W7	Q10969
005.SCG*LB3.CP-9++5.N.10.5-6.8-6W17	Q10970
005.SCG*LB3.CP12++5.N.-3.1-2.6-1W30	Q10971
005.SCG*LB3.CP12++4.N.-2.18-1.22-1W22	Q10972
005.SCG*LB3.CP14++5.N.-1.4-4.6-3W3	Q10973
005.SCG*LB3.CP13++9.N.15.19-3.21-5W6	Q10974
005.SCG*LB4.CP-5++3.N.-8.5-1.10-2W35	Q10975
005.SCG*LB3.CP11++9.N.10.6-6.8-3W5	Q10976
005.SCG*LB3.CP--++5.N.-5.16-1.18-3W19	Q10977
005.SCG*LB3.CP16++0.N.-1.13-1.15-4W16	Q10978
005.SCG*LB3.CP14++0.N.-3.4-3.8-2W22	Q10979
005.SCG*LB3.CP16++0.N.-1.19-3.24-1W19	Q10980
005.SCG*LB3.CP12++3.N.--.1-1.2-2W3	Q10981
005.SCG*LB3.CP16++0.N.-1.15-5.19-2W4	Q10982
005.SCG*LB1.CP-9++4.N.-2.1-1.8-7W47	Q10983
005.SCG*LB3.CP-5++2.N.-4.1-2.6-5W4	Q10984
005.SCG*LB3.CP12++4.N.--.1-1.2-4W3	Q10985
005.SCG*LB3.CP12++0.N.12.5-7.6-6W6	Q10986
005.SCG*LB4.CP-8++4.N.17.3-5.5-6W4	Q10987
005.SCG*LB1.CP-1++2.N.-7.1-1.3-2W3	Q10988
005.SCG*LB3.CP--++1.N.-5.7-1.9-3W17	Q10989
005.SCG*LB2.CP-2++8.N.15.11-2.14-3W9	Q10990
005.SCG*LB3.CP12++9.N.-7.6-2.8-3W10	Q10991
005.SCG*LB4.CP--++7.N.21.2-5.3-2W7	Q10992
005.SCG*LB3.CP12++5.N.-7.1-2.3-4W11	Q10993
005.SCG*LB3.CP13++5.N.23.7-1.9-5W10	Q10994
005.SCG*LB1.CP-4++2.N.17.4-2.6-6W20	Q10995
005.SCG*LB4.CP-8++3.N.-2.8-5.11-3W12	Q10996
005.SCG*LB2.CP-2++3.N.-8.10-6.12-4W9	Q10997
005.SCG*LB4.CP-8++5.N.-3.8-3.9-4W5	Q10998
005.SCG*LB3.CP11++9.N.-9.3-7.4-6W9	Q10999
005.SCG*LB3.CP13++4.N.-7.21-2.23-1W9	Q11000
005.SCG*LB3.CP--++5.N.11.1-1.3-4W13	Q11001
005.SCG*LB3.CP13++5.N.22.30-5.37-5W14	Q11002
005.SCG*LB4.CP-9++0.N.-7.1-2.4-5W5	Q11003
005.SCG*LB3.CP16++0.N.-2.9-1.12-1W17	Q11004
005.SCG*LB4.CP-7++2.N.-3.15-3.17-5W16	Q11005
005.SCG*LB3.CP--++7.N.-6.10-5.12-4W14	Q11006
005.SCG*LB3.CP12++0.N.-7.7-5.9-2W1	Q11007
005.SCG*LB3.CP14++4.N.-5.14-4.15-7W1	Q11008
005.SCG*LB4.CP-8++1.N.13.10-1.14-4W33	Q11009
005.SCG*LB3.CP10++9.N.-8.10-1.10-5W5	Q11010
005.SCG*LB4.CP-3++4.N.-2.66-3.67-7W14	Q11011
005.SCG*LB2.CP-2++8.N.11.1-1.2-5W6	Q11012
005.SCG*LB2.CP-2++8.N.-2.3-3.5-1W9	Q11013
005.SCG*LB3.CP12++0.N.-6.1-2.6-3W5	Q11014
005.SCG*LB3.CP-6++7.N.-4.17-6.19-3W4	Q11015
005.SCG*LB3.CP-6++2.N.-4.14-8.17-2W14	Q11016
005.SCG*LB2.CP-3++0.N.16.12-1.18-5W22	Q11017
005.SCG*LB2.CP-2++8.N.16.15-3.19-2W19	Q11018
005.SCG*LB3.CP14++0.N.-4.8-3.10-4W10	Q11019
005.SCG*LB4.CP-5++9.N.-6.6-1.9-3W22	Q11020
005.SCG*LB3.CP-8++5.N.20.21-1.22-2W5	Q11021
005.SCG*LB1.CP--++9.N.-2.5-1.8-1W13	Q11022
005.SCG*LB4.CP-7++9.N.12.6-1.8-1W1	Q11023
005.SCG*LB4.CP-1++7.N.-2.10-3.12-5W17	Q11024
005.SCG*LB3.CP14++5.N.-3.6-3.9-1W14	Q11025
005.SCG*LB3.CP14++0.N.-5.15-4.19-1W4	Q11026
005.SCG*LB3.CP12++0.N.17.5-3.6-4W5	Q11027
005.SCG*LB3.CP12++0.N.16.4-1.9-3W18	Q11028
005.SCG*LB3.CP--++5.N.-9.8-6.11-6W11	Q11029
005.SCG*LB2.CP-2++3.N.-6.13-2.16-7W25	Q11030
005.SCG*LB3.CP--++4.N.-4.34-5.35-6W8	Q11031
005.SCG*LB2.CP-2++8.N.-5.7-2.7-7W6	Q11032
005.SCG*LB3.CP12++2.N.-9.1-1.10-1W14	Q11033
005.SCG*LB3.CP--++5.N.-7.11-1.13-1W6	Q11034
005.SCG*LB4.CP-7++2.N.-5.2-6.6-2W4	Q11035
005.SCG*LB2.CP-6++8.N.11.9-1.11-7W16	Q11036
005.SCG*LB1.CP-3++0.N.-2.16-7.18-2W4	Q11037
005.SCG*LB3.CP12++5.N.-2.1-1.7-1W14	Q11038
005.SCG*LB4.CP-9++0.N.-7.13-5.16-6W22	Q11039
005.SCG*LB3.CP14++8.N.-6.1-2.2-4W7	Q11040
005.SCG*LB2.CP-2++8.N.-8.17-1.22-7W43	Q11041
005.SCG*LB3.CP14++4.N.-6.5-4.7-1W10	Q11042
005.SCG*LB3.CP14++4.N.11.16-1.23-2W22	Q11043
005.SCG*LB4.CP-8++3.N.-3.13-5.15-2W5	Q11044
005.SCG*LB3.CP13++2.N.23.1-2.4-3W13	Q11045
005.SCG*LB4.CP-7++2.N.14.12-2.13-6W14	Q11046
005.SCG*LB4.CP-1++9.N.-1.5-2.8-1W9	Q11047
005.SCG*LB3.CP14++3.N.--.1-1.3-4W4	Q11048
005.SCG*LB3.CP12++8.N.-3.3-2.6-7W12	Q11049
005.SCG*LB3.CP12++2.N.-4.23-2.25-4W6	Q11050
005.SCG*LB3.CP13++2.N.28.5-2.7-5W14	Q11051
005.SCG*LB4.CP-8++1.N.-7.5-3.9-6W24	Q11052
005.SCG*LB3.CP--++5.N.-6.1-1.5-1W21	Q11053
005.SCG*LB3.CP-1++3.N.-4.7-5.10-3W20	Q11054
005.SCG*LB4.CP-5++9.N.-6.4-1.5-4W13	Q11055
005.SCG*LB3.CP13++5.N.24.14-2.20-3W20	Q11056
005.SCG*LB3.CP11++9.N.-8.2-4.3-5W7	Q11057
005.SCG*LB4.CP-9++1.N.-6.22-1.27-3W29	Q11058
005.SCG*LB3.CP-7++1.N.-6.13-3.15-3W3	Q11059
005.SCG*LB4.CP-5++3.N.-4.5-6.8-3W12	Q11060
005.SCG*LB4.CP-4++4.N.-6.1-1.3-3W6	Q11061
005.SCG*LB4.CP-8++7.N.-2.18-1.21-2W3	Q11062
005.SCG*LB2.CP-3++0.N.17.22-7.25-7W20	Q11063
005.SCG*LB3.CP--++5.N.-5.13-1.15-6W13	Q11064
005.SCG*LB3.CP11++9.N.-2.2-3.7-3W24	Q11065
005.SCG*LB3.CP10++0.N.-3.7-3.9-4W8	Q11066
005.SCG*LB2.CP-2++8.N.15.15-1.23-2W23	Q11067
005.SCG*LB4.CP-5++5.N.21.6-1.9-4W15	Q11068
005.SCG*LB3.CP13++8.N.-7.1-2.2-5W9	Q11069
005.SCG*LB4.CP-8++1.N.12.25-2.30-2W34	Q11070
005.SCG*LB4.CP-9++1.N.-3.5-5.7-7W9	Q11071
005.SCG*LB3.CP12++0.N.11.10-3.12-6W10	Q11072
005.SCG*LB2.CP-9++0.N.-1.10-5.12-3W8	Q11073
005.SCG*LB3.CP11++5.N.-5.6-6.8-3W8	Q11074
005.SCG*LB2.CP-2++8.N.-8.35-1.36-4W8	Q11075
005.SCG*LB3.CP13++2.N.20.5-5.10-3W20	Q11076
005.SCG*LB3.CP15++4.N.16.13-2.19-3W37	Q11077
005.SCG*LB3.CP11++0.N.-4.1-1.6-5W32	Q11078
005.SCG*LB2.CP-2++8.N.-4.1-2.4-4W2	Q11079
005.SCG*LB3.CP12++0.N.21.9-6.10-5W4	Q11080
005.SCG*LB3.CP12++0.N.12.11-4.15-6W10	Q11081
005.SCG*LB2.CP-7++5.N.15.24-3.25-4W8	Q11082
005.SCG*LB3.CP11++0.N.-4.1-1.6-5W21	Q11083
005.SCG*LB3.CP11++0.N.-3.3-2.5-2W14	Q11084
005.SCG*LB4.CP-5++3.N.23.2-5.6-1W10	Q11085
005.SCG*LB3.CP13++5.N.24.14-2.20-3W30	Q11086
005.SCG*LB3.CP14++0.N.-5.12-7.15-3W15	Q11087
005.SCG*LB2.CP-2++8.N.-8.1-1.5-1W11	Q11088
005.SCG*LB3.CP13++6.N.12.4-6.9-2W20	Q11089
005.SCG*LB3.CP14++4.N.-4.15-2.19-5W24	Q11090
005.SCG*LB3.CP12++0.N.-8.15-1.17-1W9	Q11091
005.SCG*LB3.CP-2++6.N.19.35-4.42-3W14	Q11092
005.SCG*LB2.CP-2++3.N.-8.1-2.3-1W3	Q11093
005.SCG*LB3.CP12++2.N.-4.20-3.23-1W17	Q11094
005.SCG*LB3.CP15++4.N.-7.3-6.8-6W17	Q11095
005.SCG*LB3.CP13++8.N.-4.8-1.10-1W11	Q11096
005.SCG*LB3.CP14++0.N.-4.5-5.8-2W9	Q11097
005.SCG*LB4.CP-8++1.N.-1.1-1.9-6W32	Q11098
005.SCG*LB2.CP-2++8.N.14.10-1.14-2W24	Q11099
005.SCG*LB2.CP-4++5.N.-8.7-1.8-2W2	Q11100
005.SCG*LB2.CP-2++8.N.-8.17-1.22-7W18	Q11101
005.SCG*LB3.CP15++8.N.-5.17-3.20-2W21	Q11102
005.SCG*LB3.CP-1++0.N.-8.11-1.16-4W35	Q11103
005.SCG*LB3.CP12++0.N.-6.1-2.6-3W34	Q11104
005.SCG*LB2.CP-2++1.N.-7.7-1.11-1W22	Q11105
005.SCG*LB4.CP-5++8.N.-3.5-3.6-6W7	Q11106
005.SCG*LB3.CP-8++6.N.-9.14-4.17-4W9	Q11107
005.SCG*LB4.CP--++2.N.-1.1-1.4-4W18	Q11108
005.SCG*LB3.CP13++5.N.24.6-4.9-2W6	Q11109
005.SCG*LB4.CP-5++2.N.-6.24-3.28-2W21	Q11110
005.SCG*LB3.CP12++8.N.-6.13-5.16-3W14	Q11111
005.SCG*LB3.CP14++5.N.-4.5-2.7-5W4	Q11112
005.SCG*LB4.CP-7++9.N.12.1-2.3-6W12	Q11113
005.SCG*LB4.CP-5++3.N.21.1-1.4-5W25	Q11114
005.SCG*LB3.CP16++0.N.-1.26-6.29-6W21	Q11115
005.SCG*LB2.CP-4++5.N.-8.1-2.3-1W8	Q11116
005.SCG*LB2.CP-2++8.N.-8.31-2.33-5W3	Q11117
005.SCG*LB3.CP-1++0.N.15.13-4.17-3W14	Q11118
005.SCG*LB1.CP-4++3.N.-3.14-1.14-6W6	Q11119
005.SCG*LB3.CP-1++0.N.11.6-1.8-2W9	Q11120
005.SCG*LB4.CP-5++2.N.-6.29-5.33-6W18	Q11121
005.SCG*LB4.CP-7++6.N.-3.13-4.14-6W3	Q11122
005.SCG*LB3.CP14++9.N.-7.3-4.8-5W37	Q11123
005.SCG*LB4.CP-5++3.N.-8.3-4.4-6W6	Q11124
005.SCG*LB1.CP--++5.N.-1.1-1.5-3W6	Q11125
005.SCG*LB3.CP--++5.N.-6.5-2.6-5W5	Q11126
005.SCG*LB3.CP12++5.N.--.1-1.2-4W4	Q11127
005.SCG*LB3.CP12++0.N.22.1-1.2-8W13	Q11128
005.SCG*LB3.CP12++7.N.-1.6-2.7-5W3	Q11129
005.SCG*LB1.CP-9++3.N.-9.1-1.5-6W33	Q11130
005.SCG*LB4.CP-5++3.N.23.2-5.6-1W7	Q11131
005.SCG*LB4.CP-1++1.N.11.36-1.37-6W11	Q11132
005.SCG*LB1.CP--++5.N.-5.7-2.9-4W7	Q11133
005.SCG*LB3.CP16++0.N.-1.19-3.24-1W12	Q11134
005.SCG*LB4.CP-5++5.N.12.6-1.10-3W7	Q11135
005.SCG*LB4.CP-7++4.N.-1.5-4.6-5W4	Q11136
005.SCG*LB3.CP-2++3.N.-5.11-3.18-1W17	Q11137
005.SCG*LB4.CP-9++7.N.-6.1-1.5-3W23	Q11138
005.SCG*LB4.CP-5++9.N.-4.10-1.11-5W4	Q11139
005.SCG*LB3.CP12++0.N.-7.1-2.3-2W10	Q11140
005.SCG*LB3.CP12++8.N.-7.9-1.11-1W12	Q11141
005.SCG*LB3.CP-8++6.N.14.11-2.15-4W5	Q11142
005.SCG*LB3.CP-9++9.N.10.10-1.16-4W2	Q11143
005.SCG*LB3.CP-9++3.N.-6.4-1.9-4W7	Q11144
005.SCG*LB3.CP12++8.N.-6.16-4.17-1W3	Q11145
005.SCG*LB3.CP-7++2.N.-8.1-2.3-1W5	Q11146
005.SCG*LB3.CP--++7.N.-2.1-1.3-7W19	Q11147
005.SCG*LB3.CP12++1.N.-1.1-1.9-3W20	Q11148
005.SCG*LB2.CP-2++8.N.15.1-1.4-9W26	Q11149
005.SCG*LB3.CP13++5.N.-6.5-3.9-5W18	Q11150
005.SCG*LB3.CP13++5.N.23.7-1.9-5W17	Q11151
005.SCG*LB3.CP14++0.N.-4.4-1.5-4W4	Q11152
005.SCG*LB4.CP--++8.N.-4.33-6.36-1W10	Q11153
005.SCG*LB3.CP13++4.N.-7.23-2.27-1W23	Q11154
005.SCG*LB3.CP14++3.N.-2.16-7.21-1W9	Q11155
005.SCG*LB3.CP-1++0.N.17.6-3.10-7W4	Q11156
005.SCG*LB3.CP-7++7.N.-3.7-6.10-2W17	Q11157
005.SCG*LB3.CP14++5.N.-3.9-2.12-1W4	Q11158
005.SCG*LB4.CP-7++3.N.-4.16-4.18-1W6	Q11159
005.SCG*LB2.CP-2++8.N.-7.1-1.4-5W24	Q11160
005.SCG*LB3.CP13++9.N.15.6-2.10-4W12	Q11161
005.SCG*LB2.CP-2++8.N.15.24-1.33-4W41	Q11162
005.SCG*LB4.CP-9++1.N.-5.1-2.4-2W7	Q11163
005.SCG*LB4.CP-5++4.N.-8.18-2.22-5W23	Q11164
005.SCG*LB3.CP--++5.N.-7.13-2.16-2W6	Q11165
005.SCG*LB4.CP-8++4.N.17.5-7.7-3W12	Q11166
005.SCG*LB3.CP14++1.N.-2.8-3.10-1W4	Q11167
005.SCG*LB4.CP-1++7.N.-2.12-6.13-7W10	Q11168
005.SCG*LB2.CP-2++8.N.-9.10-4.12-1W5	Q11169
005.SCG*LB4.CP-9++3.N.-2.1-1.3-1W9	Q11170
005.SCG*LB3.CP-5++1.N.-2.1-1.2-7W11	Q11171
005.SCG*LB1.CP--++9.N.-1.1-1.4-3W12	Q11172
005.SCG*LB3.CP13++9.N.15.1-1.6-1W21	Q11173
005.SCG*LB3.CP-7++1.N.-6.10-5.13-2W4	Q11174
005.SCG*LB3.CP-8++5.N.13.9-3.12-2W2	Q11175
005.SCG*LB3.CP12++0.N.-8.7-5.10-4W15	Q11176
005.SCG*LB4.CP-5++5.N.21.6-1.9-4W24	Q11177
005.SCG*LB4.CP-9++7.N.-3.1-1.3-2W2	Q11178
005.SCG*LB3.CP12++7.N.-7.8-2.14-4W38	Q11179
005.SCG*LB3.CP13++9.N.15.6-2.10-4W5	Q11180
005.SCG*LB3.CP14++4.N.-5.12-6.14-3W11	Q11181
005.SCG*LB3.CP14++4.N.10.14-1.16-5W11	Q11182
005.SCG*LB3.CP12++0.N.-8.2-1.2-4W4	Q11183
005.SCG*LB2.CP-2++8.N.11.4-2.5-6W12	Q11184
005.SCG*LB1.CP--++2.N.-2.6-4.10-2W14	Q11185
005.SCG*LB3.CP11++9.N.10.3-1.6-5W4	Q11186
005.SCG*LB3.CP16++0.N.-1.19-3.24-1W24	Q11187
005.SCG*LB3.CP12++0.N.-9.22-3.25-1W11	Q11188
005.SCG*LB3.CP13++5.N.-5.3-4.9-1W13	Q11189
005.SCG*LB4.CP-8++9.N.-2.14-1.16-5W6	Q11190
005.SCG*LB4.CP-3++5.N.12.7-3.9-4W11	Q11191
005.SCG*LB4.CP-8++3.N.-6.34-1.39-1W7	Q11192
005.SCG*LB4.CP-6++9.N.--.1-1.2-3W6	Q11193
005.SCG*LB3.CP12++0.N.11.6-3.9-3W16	Q11194
005.SCG*LB4.CP-3++7.N.-3.7-3.9-2W9	Q11195
005.SCG*LB2.CP-7++3.N.-3.1-2.2-2W3	Q11196
005.SCG*LB2.CP-7++9.N.11.3-6.8-4W7	Q11197
005.SCG*LB2.CP-7++9.N.11.11-3.14-1W9	Q11198
005.SCG*LB3.CP-5++9.N.-2.1-2.5-4W22	Q11199
005.SCG*LB1.CP-2++8.N.-7.6-1.9-3W18	Q11200
005.SCG*LB3.CP13++6.N.13.10-5.13-4W1	Q11201
005.SCG*LB3.CP15++4.N.14.1-1.7-2W21	Q11202
005.SCG*LB3.CP12++0.N.-4.13-1.15-1W9	Q11203
005.SCG*LB2.CP-7++9.N.11.16-6.21-4W19	Q11204
005.SCG*LB2.CP-7++9.N.11.3-6.8-4W6	Q11205
005.SCG*LB3.CP13++5.N.11.13-3.15-5W18	Q11206
005.SCG*LB2.CP-7++9.N.11.3-6.8-4W27	Q11207
005.SCG*LB3.CP-6++2.N.-8.1-2.5-3W23	Q11208
005.SCG*LB2.CP-7++9.N.11.3-6.8-4W28	Q11209
005.SCG*LB2.CP-7++9.N.11.1-2.3-5W12	Q11210
005.SCG*LB4.CP-9++4.N.-1.14-2.15-5W1	Q11211
005.SCG*LB4.CP-5++9.N.-4.11-6.13-3W7	Q11212
005.SCG*LB4.CP-7++6.N.-4.1-2.4-6W24	Q11213
005.SCG*LB4.CP-4++3.N.-3.15-2.16-2W4	Q11214
005.SCG*LB1.CP-8++6.N.-5.3-3.8-1W29	Q11215
005.SCG*LB4.CP-5++3.N.-1.7-4.11-6W27	Q11216
005.SCG*LB3.CP-9++5.N.11.1-2.3-3W7	Q11217
005.SCG*LB3.CP-2++6.N.19.49-1.50-5W6	Q11218
005.SCG*LB2.CP-4++6.N.-7.1-2.4-5W3	Q11219
005.SCG*LB4.CP-3++4.N.12.2-2.5-1W1	Q11220
005.SCG*LB4.CP-5++5.N.27.12-3.18-4W17	Q11221
005.SCG*LB4.CP-4++5.N.-4.13-1.17-1W25	Q11222
005.SCG*LB3.CP15++0.N.-8.5-1.8-1W1	Q11223
005.SCG*LB4.CP-4++5.N.--.1-1.2-2W3	Q11224
005.SCG*LB4.CP-3++0.N.-4.4-1.6-5W3	Q11225
005.SCG*LB4.CP-6++3.N.-5.23-3.25-2W3	Q11226
005.SCG*LB4.CP-5++3.N.-2.5-3.6-4W3	Q11227
005.SCG*LB3.CP10++8.N.-4.1-2.3-3W7	Q11228
005.SCG*LB2.CP-5++9.N.14.1-1.3-1W10	Q11229
005.SCG*LB3.CP-6++3.N.-3.30-4.35-1W17	Q11230
005.SCG*LB2.CP-8++3.N.16.11-4.12-5W7	Q11231
005.SCG*LB1.CP-5++8.N.-5.2-5.6-7W5	Q11232
005.SCG*LB3.CP-6++3.N.-3.30-4.35-1W15	Q11233
005.SCG*LB3.CP12++0.N.21.7-1.8-5W3	Q11234
005.SCG*LB3.CP-4++8.N.-5.11-1.18-1W34	Q11235
005.SCG*LB3.CP10++8.N.-4.3-4.6-4W4	Q11236
005.SCG*LB1.CP-6++1.N.-3.1-2.3-5W3	Q11237
005.SCG*LB1.CP-6++1.N.-8.2-6.4-3W9	Q11238
005.SCG*LB3.CP11++2.N.11.2-2.5-5W12	Q11239
005.SCG*LB3.CP15++0.N.-9.5-7.8-3W5	Q11240
005.SCG*LB1.CP-6++7.N.-8.12-2.16-1W4	Q11241
005.SCG*LB4.CP-4++9.N.11.13-1.17-2W28	Q11242
005.SCG*LB2.CP-6++3.N.-6.1-1.3-5W1	Q11243
005.SCG*LB1.CP-5++8.N.-5.2-5.6-7W16	Q11244
005.SCG*LB3.CP10++7.N.-8.13-1.14-7W13	Q11245
005.SCG*LB4.CP-6++2.N.-6.7-2.8-7W3	Q11246
005.SCG*LB2.CP-8++3.N.16.5-1.6-3W9	Q11247
005.SCG*LB3.CP10++6.N.-7.5-1.7-1W11	Q11248
005.SCG*LB4.CP-6++2.N.-6.7-2.8-7W13	Q11249
005.SCG*LB3.CP15++4.N.21.1-1.8-3W32	Q11250
005.SCG*LB2.CP-8++8.N.-9.1-2.10-4W55	Q11251
005.SCG*LB1.CP--++9.N.-6.1-1.7-2W36	Q11252
005.SCG*LB4.CP-1++1.N.-9.2-1.4-1W9	Q11253
005.SCG*LB1.CP--++8.N.-1.1-1.7-2W30	Q11254
005.SCG*LB2.CP-6++9.N.-8.10-4.11-3W6	Q11255
005.SCG*LB2.CP-6++8.N.12.16-1.21-2W24	Q11256
005.SCG*LB2.CP-6++1.N.-6.1-1.3-3W10	Q11257
005.SCG*LB3.CP10++7.N.11.19-1.21-4W16	Q11258
005.SCG*LB2.CP-4++4.N.-4.15-3.23-6W8	Q11259
005.SCG*LB4.CP--++8.N.-5.74-2.76-4W22	Q11260
005.SCG*LB2.CP-6++1.N.-3.22-1.24-2W9	Q11261
005.SCG*LB4.CP-2++5.N.-4.3-1.10-2W42	Q11262
005.SCG*LB3.CP15++3.N.-3.8-3.11-5W9	Q11263
005.SCG*LB4.CP--++2.N.-4.10-7.15-1W32	Q11264
005.SCG*LB3.CP-9++5.N.12.3-1.4-7W6	Q11265
005.SCG*LB3.CP16++0.N.-1.5-1.8-2W6	Q11266
005.SCG*LB3.CP16++0.N.-1.13-1.15-4W8	Q11267
005.SCG*LB3.CP15++8.N.-1.1-1.6-1W36	Q11268
005.SCG*LB3.CP-9++5.N.12.5-7.7-3W2	Q11269
005.SCG*LB4.CP-8++3.N.16.29-5.32-1W3	Q11270
005.SCG*LB4.CP-2++3.N.-8.9-5.11-1W11	Q11271
005.SCG*LB4.CP-5++4.N.-3.38-4.45-2W37	Q11272
005.SCG*LB4.CP-5++5.N.14.6-1.8-5W13	Q11273
005.SCG*LB3.CP14++6.N.-1.1-1.7-3W15	Q11274
005.SCG*LB3.CP12++5.N.-4.1-2.6-2W10	Q11275
005.SCG*LB3.CP13++6.N.11.2-2.6-2W19	Q11276
005.SCG*LB3.CP13++6.N.13.22-2.25-8W19	Q11277
005.SCG*LB1.CP--++2.N.-1.20-1.21-5W4	Q11278
005.SCG*LB4.CP-1++3.N.11.5-4.7-1W5	Q11279
005.SCG*LB4.CP-5++0.N.-8.6-5.8-5W14	Q11280
005.SCG*LB1.CP-2++8.N.-9.15-7.21-8W11	Q11281
005.SCG*LB1.CP-6++6.N.12.7-3.9-1W14	Q11282
005.SCG*LB4.CP-8++1.N.12.33-1.38-3W22	Q11283
005.SCG*LB2.CP-7++5.N.15.32-2.40-1W34	Q11284
005.SCG*LB3.CP-1++0.N.14.10-4.13-5W23	Q11285
005.SCG*LB4.CP-5++4.N.-3.8-3.11-4W5	Q11286
005.SCG*LB1.CP-2++0.N.43.1-1.4-5W12	Q11287
005.SCG*LB3.CP-7++3.N.-4.1-2.3-3W7	Q11288
005.SCG*LB4.CP-2++9.N.-1.11-2.13-2W11	Q11289
005.SCG*LB4.CP-5++6.N.-2.5-3.8-2W15	Q11290
005.SCG*LB4.CP-2++0.N.-4.9-4.10-4W4	Q11291
005.SCG*LB4.CP-8++3.N.16.4-4.7-1W14	Q11292
005.SCG*LB3.CP-8++6.N.-7.1-1.3-1W10	Q11293
005.SCG*LB4.CP-4++1.N.-9.1-1.6-3W35	Q11294
005.SCG*LB3.CP-8++6.N.-6.12-1.14-1W12	Q11295
005.SCG*LB3.CP-8++9.N.-1.10-7.12-4W10	Q11296
005.SCG*LB4.CP--++1.N.14.18-1.21-2W16	Q11297
005.SCG*LB1.CP-2++7.N.-9.1-1.8-2W25	Q11298
005.SCG*LB4.CP--++1.N.14.10-4.13-4W20	Q11299
005.SCG*LB4.CP-1++9.N.-1.5-2.8-1W15	Q11300
005.SCG*LB3.CP-8++6.N.-8.1-1.6-6W7	Q11301
005.SCG*LB2.CP-9++2.N.-2.5-5.7-3W8	Q11302
005.SCG*LB2.CP-9++2.N.-2.5-5.7-3W3	Q11303
005.SCG*LB4.CP-7++5.N.-4.22-3.26-1W15	Q11304
005.SCG*LB4.CP-9++4.N.-1.1-1.8-1W26	Q11305
005.SCG*LB4.CP-9++4.N.-1.12-2.14-1W7	Q11306
005.SCG*LB3.CP-8++3.N.-2.8-1.12-2W24	Q11307
005.SCG*LB2.CP-9++2.N.-2.5-5.7-3W12	Q11308
005.SCG*LB2.CP-5++0.N.-5.8-5.11-7W21	Q11309
005.SCG*LB4.CP-6++0.N.-1.10-1.14-2W9	Q11310
005.SCG*LB2.CP-3++9.N.-6.7-2.10-2W12	Q11311
005.SCG*LB3.CP-1++0.N.14.3-1.6-3W4	Q11312
005.SCG*LB3.CP-9++1.N.-3.2-3.5-4W25	Q11313
005.SCG*LB2.CP-2++5.N.-5.1-2.3-1W2	Q11314
005.SCG*LB3.CP-8++6.N.-2.10-3.11-3W3	Q11315
005.SCG*LB3.CP-1++0.N.-7.14-5.16-4W14	Q11316
005.SCG*LB3.CP-9++4.N.-4.7-3.10-2W22	Q11317
005.SCG*LB2.CP-2++5.N.-6.3-6.4-4W5	Q11318
005.SCG*LB4.CP-7++6.N.-3.9-4.12-2W11	Q11319
005.SCG*LB2.CP-4++6.N.-7.1-2.4-5W20	Q11320
005.SCG*LB3.CP-1++4.N.-5.4-1.6-6W10	Q11321
005.SCG*LB3.CP-1++0.N.13.7-7.10-2W10	Q11322
005.SCG*LB3.CP-8++6.N.-4.1-2.4-8W17	Q11323
005.SCG*LB4.CP-2++6.N.-7.12-5.17-6W4	Q11324
005.SCG*LB1.CP--++2.N.-4.10-1.10-7W6	Q11325
005.SCG*LB3.CP10++7.N.-9.10-2.12-6W11	Q11326
005.SCG*LB3.CP-1++0.N.-7.3-4.9-3W22	Q11327
005.SCG*LB3.CP11++0.N.-5.12-2.15-4W20	Q11328
005.SCG*LB3.CP-4++8.N.-9.7-4.12-3W27	Q11329
005.SCG*LB3.CP-7++2.N.-4.1-2.4-6W24	Q11330
005.SCG*LB3.CP-7++1.N.-3.19-5.20-6W9	Q11331
005.SCG*LB3.CP-7++2.N.-7.7-4.12-7W22	Q11332
005.SCG*LB3.CP12++9.N.-5.3-5.4-3W4	Q11333
005.SCG*LB3.CP-3++9.N.-2.3-2.5-4W14	Q11334
005.SCG*LB3.CP-9++9.N.-9.19-2.20-3W5	Q11335
005.SCG*LB1.CP-2++9.N.-2.1-1.4-3W6	Q11336
005.SCG*LB4.CP-5++4.N.-7.8-3.11-2W19	Q11337
005.SCG*LB3.CP-8++6.N.-5.7-1.9-2W11	Q11338
005.SCG*LB2.CP-4++2.N.-7.4-2.7-2W25	Q11339
005.SCG*LB3.CP-9++4.N.15.8-3.10-6W11	Q11340
005.SCG*LB3.CP-7++1.N.-3.24-6.26-7W13	Q11341
005.SCG*LB3.CP-1++0.N.-7.16-5.21-4W12	Q11342
005.SCG*LB3.CP-7++5.N.-8.12-2.13-4W11	Q11343
005.SCG*LB4.CP--++8.N.-9.60-2.66-1W16	Q11344
005.SCG*LB3.CP13++5.N.11.28-4.29-2W4	Q11345
005.SCG*LB4.CP--++7.N.15.9-3.13-1W6	Q11346
005.SCG*LB1.CP-6++9.N.-7.16-4.18-4W2	Q11347
005.SCG*LB3.CP-1++4.N.-4.3-6.6-4W18	Q11348
005.SCG*LB2.CP-5++5.N.13.45-4.46-3W6	Q11349
005.SCG*LB3.CP--++5.N.-5.5-6.8-1W10	Q11350
005.SCG*LB3.CP-8++5.N.-3.3-3.8-6W26	Q11351
005.SCG*LB4.CP-5++5.N.-8.5-1.8-3W23	Q11352
005.SCG*LB3.CP-1++0.N.15.4-4.9-3W14	Q11353
005.SCG*LB1.CP-3++9.N.-6.2-5.3-7W7	Q11354
005.SCG*LB3.CP13++5.N.11.11-2.13-2W14	Q11355
005.SCG*LB3.CP-1++0.N.-8.11-1.16-4W22	Q11356
005.SCG*LB2.CP-1++5.N.-3.1-2.3-7W17	Q11357
005.SCG*LB3.CP10++9.N.-7.9-3.13-4W19	Q11358
005.SCG*LB2.CP-7++9.N.-4.12-1.15-7W19	Q11359
005.SCG*LB3.CP-1++0.N.-8.11-1.16-4W30	Q11360
005.SCG*LB3.CP14++7.N.-7.14-2.16-3W14	Q11361
005.SCG*LB3.CP-1++0.N.-7.11-2.13-3W6	Q11362
005.SCG*LB4.CP-5++0.N.10.18-1.19-2W6	Q11363
005.SCG*LB3.CP10++7.N.-9.1-2.5-4W4	Q11364
005.SCG*LB3.CP13++6.N.-4.3-4.4-4W8	Q11365
005.SCG*LB1.CP-2++8.N.-3.4-3.7-5W26	Q11366
005.SCG*LB3.CP-9++5.N.10.10-1.10-7W8	Q11367
005.SCG*LB1.CP-9++9.N.-2.4-6.6-8W6	Q11368
005.SCG*LB1.CP-1++5.N.-7.4-3.5-4W11	Q11369
005.SCG*LB3.CP-9++9.N.-9.20-4.23-4W17	Q11370
005.SCG*LB3.CP10++7.N.-9.16-1.17-3W9	Q11371
005.SCG*LB2.CP-4++5.N.-5.4-3.5-1W3	Q11372
005.SCG*LB3.CP15++4.N.14.42-1.45-2W19	Q11373
005.SCG*LB1.CP-5++4.N.-6.8-1.9-6W8	Q11374
005.SCG*LB3.CP--++3.N.-6.5-1.6-3W8	Q11375
005.SCG*LB4.CP--++1.N.-4.9-3.12-6W11	Q11376
005.SCG*LB4.CP-5++5.N.11.26-4.30-1W15	Q11377
005.SCG*LB3.CP10++9.N.-4.6-1.10-5W32	Q11378
005.SCG*LB1.CP-6++6.N.-8.1-1.3-4W7	Q11379
005.SCG*LB3.CP-6++2.N.11.11-3.13-2W10	Q11380
005.SCG*LB4.CP-8++1.N.-5.1-1.4-4W10	Q11381
005.SCG*LB3.CP13++9.N.17.25-6.28-2W13	Q11382
005.SCG*LB3.CP-6++2.N.-6.1-2.7-1W13	Q11383
005.SCG*LB4.CP-8++9.N.-2.3-1.6-2W23	Q11384
005.SCG*LB3.CP-9++1.N.-3.2-3.5-4W10	Q11385
005.SCG*LB3.CP-1++0.N.-7.16-5.21-4W24	Q11386
005.SCG*LB2.CP-7++9.N.10.7-6.10-2W10	Q11387
005.SCG*LB4.CP--++7.N.10.1-2.4-2W13	Q11388
005.SCG*LB3.CP--++2.N.-2.3-6.7-6W13	Q11389
005.SCG*LB1.CP-2++9.N.-5.5-3.9-6W15	Q11390
005.SCG*LB2.CP-2++5.N.10.1-2.8-4W17	Q11391
005.SCG*LB3.CP14++0.N.-4.8-3.10-4W12	Q11392
005.SCG*LB3.CP-5++5.N.-2.6-5.8-4W5	Q11393
005.SCG*LB3.CP-6++3.N.-3.11-6.14-6W22	Q11394
005.SCG*LB3.CP10++9.N.-5.10-2.12-5W5	Q11395
005.SCG*LB4.CP-5++5.N.11.26-4.30-1W26	Q11396
005.SCG*LB1.CP-2++6.N.12.8-7.12-4W5	Q11397
005.SCG*LB3.CP-7++2.N.-2.7-6.12-3W20	Q11398
005.SCG*LB4.CP-1++4.N.-9.1-1.4-5W26	Q11399
005.SCG*LB3.CP-9++4.N.-6.4-5.5-4W1	Q11400
005.SCG*LB3.CP-7++1.N.-3.27-1.28-5W10	Q11401
005.SCG*LB3.CP-7++2.N.-2.12-4.16-1W9	Q11402
005.SCG*LB4.CP--++7.N.10.4-3.5-7W5	Q11403
005.SCG*LB1.CP-2++0.N.35.1-1.8-4W27	Q11404
005.SCG*LB2.CP-8++3.N.25.19-1.26-2W13	Q11405
005.SCG*LB1.CP-3++9.N.-4.7-2.8-4W4	Q11406
005.SCG*LB3.CP-1++0.N.15.4-4.9-3W32	Q11407
005.SCG*LB1.CP-6++7.N.-5.1-2.3-4W13	Q11408
005.SCG*LB3.CP-7++1.N.12.3-5.14-1W74	Q11409
005.SCG*LB3.CP-6++2.N.-5.7-4.8-3W5	Q11410
005.SCG*LB2.CP-4++2.N.-1.11-4.14-5W8	Q11411
005.SCG*LB2.CP-2++5.N.-5.1-2.3-1W11	Q11412
005.SCG*LB2.CP-4++0.N.-3.14-6.16-8W13	Q11413
005.SCG*LB2.CP-2++5.N.10.1-2.8-4W26	Q11414
005.SCG*LB3.CP-2++0.N.-6.1-1.2-4W10	Q11415
005.SCG*LB3.CP16++0.N.-4.5-3.6-2W2	Q11416
005.SCG*LB3.CP-7++5.N.-6.3-6.5-5W7	Q11417
005.SCG*LB3.CP-6++2.N.-6.24-7.26-4W14	Q11418
005.SCG*LB3.CP-7++4.N.-3.4-6.8-1W15	Q11419
005.SCG*LB3.CP-7++5.N.-8.12-2.13-4W7	Q11420
005.SCG*LB3.CP-9++4.N.-4.10-3.11-3W7	Q11421
005.SCG*LB3.CP-7++3.N.-2.13-6.17-1W21	Q11422
005.SCG*LB3.CP--++2.N.-2.3-6.7-6W8	Q11423
005.SCG*LB1.CP-5++4.N.-6.9-7.14-1W28	Q11424
005.SCG*LB4.CP--++1.N.-6.17-3.19-5W15	Q11425
005.SCG*LB2.CP-4++2.N.-4.6-1.8-6W14	Q11426
005.SCG*LB2.CP-4++2.N.-8.8-5.12-4W27	Q11427
005.SCG*LB3.CP10++7.N.-9.5-5.7-4W4	Q11428
005.SCG*LB3.CP-7++4.N.-2.4-6.7-5W22	Q11429
005.SCG*LB3.CP--++2.N.-7.1-2.4-6W19	Q11430
005.SCG*LB2.CP-7++9.N.10.7-6.10-2W9	Q11431
005.SCG*LB3.CP-7++1.N.-3.17-3.19-4W15	Q11432
005.SCG*LB3.CP-9++4.N.13.6-2.7-5W8	Q11433
005.SCG*LB3.CP13++4.N.-7.10-4.13-7W22	Q11434
005.SCG*LB3.CP13++8.N.-8.8-6.13-2W32	Q11435
005.SCG*LB3.CP-1++4.N.-4.6-5.7-3W4	Q11436
005.SCG*LB3.CP-8++5.N.-6.2-5.3-4W4	Q11437
005.SCG*LB3.CP-9++4.N.-6.3-3.4-4W8	Q11438
005.SCG*LB3.CP-7++1.N.-7.7-1.14-5W29	Q11439
005.SCG*LB3.CP--++2.N.-7.4-7.6-5W7	Q11440
005.SCG*LB3.CP-8++1.N.-5.4-1.7-4W6	Q11441
005.SCG*LB3.CP-7++1.N.-3.27-1.28-5W13	Q11442
005.SCG*LB3.CP-9++4.N.-2.25-5.28-6W23	Q11443
005.SCG*LB3.CP-9++7.N.-2.8-1.14-4W10	Q11444
005.SCG*LB3.CP--++1.N.-5.27-5.30-4W9	Q11445
005.SCG*LB1.CP-2++0.N.20.1-1.5-6W14	Q11446
005.SCG*LB3.CP-9++4.N.10.53-2.55-1W7	Q11447
005.SCG*LB3.CP-7++4.N.-3.8-2.10-4W9	Q11448
005.SCG*LB3.CP-7++1.N.12.3-5.14-1W62	Q11449
005.SCG*LB2.CP-5++5.N.11.10-4.11-6W9	Q11450
005.SCG*LB3.CP13++8.N.-2.13-1.16-3W24	Q11451
005.SCG*LB2.CP-7++5.N.-7.1-1.3-7W5	Q11452
005.SCG*LB3.CP-7++5.N.-8.9-1.12-1W5	Q11453
005.SCG*LB2.CP-6++0.N.25.5-7.8-8W17	Q11454
005.SCG*LB1.CP-6++5.N.-3.10-1.12-6W19	Q11455
005.SCG*LB1.CP-2++5.N.-7.1-1.3-4W7	Q11456
005.SCG*LB3.CP--++3.N.11.1-1.2-2W5	Q11457
005.SCG*LB2.CP-6++1.N.-2.1-1.9-2W11	Q11458
005.SCG*LB2.CP-6++0.N.25.4-1.5-6W14	Q11459
005.SCG*LB1.CP-5++9.N.-3.16-6.25-2W64	Q11460
005.SCG*LB3.CP-4++6.N.-6.14-3.16-2W12	Q11461
005.SCG*LB2.CP-4++8.N.-6.25-3.27-3W8	Q11462
005.SCG*LB2.CP-8++2.N.11.7-1.8-4W3	Q11463
005.SCG*LB2.CP-6++1.N.-3.27-1.30-4W21	Q11464
005.SCG*LB3.CP-1++6.N.-2.4-2.5-3W4	Q11465
005.SCG*LB2.CP-7++6.N.17.13-1.14-5W6	Q11466
005.SCG*LB3.CP10++9.N.10.7-1.8-3W9	Q11467
005.SCG*LB3.CP10++9.N.10.9-1.14-7W24	Q11468
005.SCG*LB3.CP10++9.N.10.9-1.14-7W12	Q11469
005.SCG*LB3.CP-1++0.N.15.4-4.9-3W25	Q11470
005.SCG*LB4.CP-9++2.N.-4.16-5.18-8W7	Q11471
005.SCG*LB4.CP-9++2.N.-4.6-1.9-6W27	Q11472
005.SCG*LB4.CP-9++2.N.-4.3-5.5-6W5	Q11473
005.SCG*LB4.CP-9++1.N.-7.4-8.6-4W11	Q11474
005.SCG*LB3.CP10++7.N.11.6-1.11-3W38	Q11475
005.SCG*LB3.CP13++6.N.17.1-1.5-6W34	Q11476
005.SCG*LB4.CP-3++8.N.-2.1-1.3-1W9	Q11477
005.SCG*LB3.CP-6++3.N.-4.11-4.14-2W7	Q11478
005.SCG*LB1.CP-9++1.N.10.4-7.7-3W4	Q11479
005.SCG*LB4.CP-1++9.N.-3.1-1.5-2W13	Q11480
005.SCG*LB3.CP-2++6.N.-4.3-2.4-3W9	Q11481
005.SCG*LB3.CP13++8.N.-6.10-1.14-4W28	Q11482
005.SCG*LB3.CP-3++3.N.-4.5-2.9-4W6	Q11483
005.SCG*LB1.CP-9++0.N.-3.6-1.7-3W11	Q11484
005.SCG*LB3.CP-2++6.N.11.7-1.10-6W12	Q11485
005.SCG*LB3.CP-6++3.N.-4.11-4.14-2W22	Q11486
005.SCG*LB2.CP--++2.N.-4.14-2.15-6W1	Q11487
005.SCG*LB3.CP-2++5.N.-7.2-5.7-4W11	Q11488
005.SCG*LB4.CP-2++2.N.-3.1-1.5-1W11	Q11489
005.SCG*LB1.CP10++2.N.-3.7-5.10-6W3	Q11490
005.SCG*LB3.CP10++6.N.-8.1-2.3-2W9	Q11491
005.SCG*LB2.CP-8++2.N.-5.7-2.10-6W3	Q11492
005.SCG*LB1.CP--++5.N.-2.21-1.27-2W38	Q11493
005.SCG*LB3.CP14++4.N.10.1-1.6-1W17	Q11494
005.SCG*LB3.CP13++8.N.-6.10-1.14-4W19	Q11495
005.SCG*LB1.CP-9++0.N.-6.10-1.12-2W9	Q11496
005.SCG*LB3.CP14++4.N.-9.7-4.10-3W22	Q11497
005.SCG*LB3.CP-2++6.N.12.1-2.3-5W19	Q11498
005.SCG*LB3.CP-2++6.N.19.49-1.50-5W11	Q11499
005.SCG*LB4.CP--++4.N.15.7-1.8-1W4	Q11500
005.SCG*LB4.CP-5++5.N.24.1-1.7-2W32	Q11501
005.SCG*LB3.CP15++6.N.-4.7-5.9-4W13	Q11502
005.SCG*LB3.CP15++7.N.-5.2-2.3-2W5	Q11503
005.SCG*LB3.CP15++4.N.16.13-2.19-3W34	Q11504
005.SCG*LB1.CP-7++1.N.10.5-1.5-7W1	Q11505
005.SCG*LB4.CP-2++1.N.-8.4-5.5-2W2	Q11506
005.SCG*LB4.CP-8++2.N.-2.6-4.7-2W3	Q11507
005.SCG*LB3.CP-7++1.N.-6.4-3.5-6W7	Q11508
005.SCG*LB4.CP-8++2.N.-2.7-3.9-6W4	Q11509
005.SCG*LB4.CP-7++9.N.-1.13-1.16-3W4	Q11510
005.SCG*LB3.CP15++6.N.-8.1-1.4-4W24	Q11511
005.SCG*LB4.CP-9++1.N.-4.4-7.6-3W7	Q11512
005.SCG*LB4.CP-9++1.N.-3.1-2.2-3W8	Q11513
005.SCG*LB4.CP-9++1.N.11.1-1.5-4W27	Q11514
005.SCG*LB3.CP-8++2.N.-3.14-4.15-2W6	Q11515
005.SCG*LB3.CP-5++0.N.-4.6-4.9-1W9	Q11516
005.SCG*LB2.CP-3++2.N.-1.1-1.6-1W16	Q11517
005.SCG*LB4.CP--++1.N.-9.6-1.10-4W21	Q11518
005.SCG*LB4.CP-5++5.N.19.1-1.4-1W9	Q11519
005.SCG*LB4.CP--++6.N.-7.5-6.7-2W8	Q11520
005.SCG*LB4.CP-6++5.N.-1.4-1.6-1W15	Q11521
005.SCG*LB2.CP-7++6.N.15.1-2.2-1W3	Q11522
005.SCG*LB1.CP-1++2.N.-4.6-1.8-3W5	Q11523
005.SCG*LB3.CP14++4.N.10.14-1.16-5W20	Q11524
005.SCG*LB1.CP-1++0.N.-1.1-1.6-7W8	Q11525
005.SCG*LB2.CP-8++5.N.14.9-3.12-4W14	Q11526
005.SCG*LB1.CP-1++2.N.-6.10-1.11-5W9	Q11527
005.SCG*LB1.CP--++4.N.-5.11-1.15-3W15	Q11528
005.SCG*LB3.CP-5++9.N.-1.11-2.12-4W2	Q11529
005.SCG*LB3.CP--++1.N.-6.1-1.5-1W15	Q11530
005.SCG*LB1.CP-2++0.N.36.1-1.2-3W4	Q11531
005.SCG*LB3.CP10++5.N.11.1-1.3-2W3	Q11532
005.SCG*LB3.CP-7++9.N.-3.6-1.8-3W11	Q11533
005.SCG*LB1.CP-2++0.N.29.8-6.10-4W4	Q11534
005.SCG*LB1.CP--++4.N.-5.6-1.8-5W13	Q11535
005.SCG*LB4.CP-5++4.N.-2.13-4.17-6W16	Q11536
005.SCG*LB1.CP--++4.N.-5.11-1.15-3W6	Q11537
005.SCG*LB4.CP-5++4.N.-5.11-6.14-5W11	Q11538
005.SCG*LB1.CP-1++0.N.-2.13-5.14-5W9	Q11539
005.SCG*LB4.CP--++8.N.-6.9-3.13-2W23	Q11540
005.SCG*LB1.CP--++9.N.-8.1-1.5-5W23	Q11541
005.SCG*LB1.CP--++8.N.-2.1-1.4-3W21	Q11542
005.SCG*LB3.CP-3++9.N.-5.6-2.10-2W9	Q11543
005.SCG*LB2.CP-3++5.N.-2.4-2.6-3W9	Q11544
005.SCG*LB3.CP-4++7.N.-3.1-1.10-4W44	Q11545
005.SCG*LB3.CP-7++7.N.-6.3-3.4-2W7	Q11546
005.SCG*LB3.CP-4++9.N.-3.3-1.6-6W29	Q11547
005.SCG*LB1.CP-1++3.N.-1.1-1.5-3W9	Q11548
005.SCG*LB1.CP--++1.N.-7.1-1.3-3W12	Q11549
005.SCG*LB1.CP-2++0.N.11.16-2.17-4W3	Q11550
005.SCG*LB3.CP-7++7.N.-5.1-2.3-5W5	Q11551
005.SCG*LB1.CP-1++2.N.--.1-1.3-3W7	Q11552
005.SCG*LB1.CP-1++2.N.-8.1-1.4-4W5	Q11553
005.SCG*LB1.CP-1++2.N.-3.8-4.9-5W6	Q11554
005.SCG*LB1.CP-1++2.N.-4.1-2.3-5W4	Q11555
005.SCG*LB3.CP-4++9.N.-8.16-4.19-8W8	Q11556
005.SCG*LB1.CP-2++3.N.-5.7-1.8-1W4	Q11557
005.SCG*LB4.CP-6++3.N.-5.15-2.18-1W4	Q11558
005.SCG*LB4.CP-5++5.N.10.13-1.15-4W20	Q11559
005.SCG*LB1.CP-1++0.N.--.1-1.3-4W7	Q11560
005.SCG*LB4.CP-8++3.N.20.8-2.10-4W15	Q11561
005.SCG*LB2.CP-3++8.N.-2.1-1.2-3W8	Q11562
005.SCG*LB3.CP-5++0.N.-4.4-1.6-3W8	Q11563
005.SCG*LB3.CP-4++1.N.-9.6-2.9-3W19	Q11564
005.SCG*LB2.CP-7++9.N.-4.6-1.9-6W4	Q11565
005.SCG*LB4.CP-7++9.N.-2.1-1.3-1W7	Q11566
005.SCG*LB2.CP-7++3.N.-6.6-1.7-5W8	Q11567
005.SCG*LB4.CP-5++3.N.19.4-3.7-2W4	Q11568
005.SCG*LB4.CP-5++7.N.-1.13-1.16-2W20	Q11569
005.SCG*LB4.CP-2++7.N.-4.4-5.10-6W41	Q11570
005.SCG*LB4.CP-8++3.N.18.1-1.4-3W17	Q11571
005.SCG*LB3.CP-4++6.N.-7.14-6.18-4W13	Q11572
005.SCG*LB3.CP-4++1.N.-9.17-1.17-6W4	Q11573
005.SCG*LB4.CP-1++1.N.11.36-1.37-6W6	Q11574
005.SCG*LB4.CP-6++2.N.-1.9-1.12-1W8	Q11575
005.SCG*LB4.CP-5++3.N.18.1-1.7-1W10	Q11576
005.SCG*LB3.CP-4++0.N.-1.4-3.10-3W31	Q11577
005.SCG*LB4.CP--++8.N.-6.20-1.22-4W17	Q11578
005.SCG*LB1.CP-3++2.N.-4.8-2.11-3W9	Q11579
005.SCG*LB4.CP--++8.N.12.6-4.8-4W13	Q11580
005.SCG*LB3.CP-8++2.N.-7.10-1.11-4W2	Q11581
005.SCG*LB2.CP-3++5.N.-2.12-3.14-1W8	Q11582
005.SCG*LB1.CP--++5.N.-1.5-4.8-2W3	Q11583
005.SCG*LB2.CP-9++4.N.-5.2-5.3-5W3	Q11584
005.SCG*LB2.CP-9++0.N.-2.14-5.17-5W14	Q11585
005.SCG*LB3.CP-4++5.N.-5.9-6.11-1W3	Q11586
005.SCG*LB2.CP-3++5.N.-2.9-4.12-2W6	Q11587
005.SCG*LB4.CP-8++8.N.-3.4-7.7-5W10	Q11588
005.SCG*LB1.CP-2++2.N.-6.32-2.34-1W12	Q11589
005.SCG*LB1.CP-1++0.N.-1.1-1.6-7W39	Q11590
005.SCG*LB4.CP-7++1.N.-9.1-1.3-2W13	Q11591
005.SCG*LB4.CP-7++1.N.-7.7-5.9-4W10	Q11592
005.SCG*LB3.CP-9++5.N.14.1-1.4-5W8	Q11593
005.SCG*LB3.CP-9++5.N.-6.3-4.5-4W14	Q11594
005.SCG*LB4.CP-7++1.N.11.7-5.9-4W1	Q11595
005.SCG*LB4.CP-2++1.N.-8.11-1.15-1W12	Q11596
005.SCG*LB2.CP-1++3.N.-3.7-4.9-3W7	Q11597
005.SCG*LB2.CP-5++4.N.-6.5-5.7-6W16	Q11598
005.SCG*LB3.CP-2++7.N.-9.9-3.9-6W4	Q11599
005.SCG*LB4.CP-1++9.N.12.1-1.5-3W8	Q11600
005.SCG*LB2.CP-6++8.N.-3.5-2.7-1W15	Q11601
005.SCG*LB2.CP-1++3.N.-3.3-1.5-6W1	Q11602
005.SCG*LB2.CP-1++3.N.-3.9-4.11-2W3	Q11603
005.SCG*LB4.CP-7++4.N.-6.8-1.9-1W3	Q11604
005.SCG*LB2.CP-1++3.N.-3.5-7.7-3W3	Q11605
005.SCG*LB2.CP-7++5.N.-8.29-1.35-4W9	Q11606
005.SCG*LB2.CP-7++3.N.30.1-2.3-4W11	Q11607
005.SCG*LB2.CP-9++8.N.13.1-1.5-4W26	Q11608
005.SCG*LB2.CP-7++7.N.-2.34-5.39-2W17	Q11609
005.SCG*LB3.CP13++2.N.-9.14-1.16-3W9	Q11610
005.SCG*LB4.CP-5++2.N.13.1-1.6-6W23	Q11611
005.SCG*LB1.CP-8++6.N.-6.14-1.17-5W4	Q11612
005.SCG*LB2.CP-6++0.N.15.4-5.6-2W1	Q11613
005.SCG*LB3.CP-9++8.N.-1.3-1.4-7W4	Q11614
005.SCG*LB1.CP-3++3.N.-4.4-4.6-1W5	Q11615
005.SCG*LB2.CP-2++5.N.19.3-3.4-4W5	Q11616
005.SCG*LB1.CP-2++3.N.-7.1-2.2-6W9	Q11617
005.SCG*LB2.CP-7++3.N.29.6-5.10-7W23	Q11618
005.SCG*LB1.CP-4++2.N.11.19-5.21-6W5	Q11619
005.SCG*LB2.CP-8++6.N.-3.39-5.41-5W15	Q11620
005.SCG*LB4.CP-1++4.N.12.39-2.43-1W18	Q11621
005.SCG*LB1.CP-4++2.N.11.12-3.16-6W29	Q11622
005.SCG*LB1.CP-4++2.N.-9.22-6.24-1W6	Q11623
005.SCG*LB2.CP-8++0.N.-8.19-5.21-4W5	Q11624
005.SCG*LB1.CP-2++2.N.-4.14-1.17-4W16	Q11625
005.SCG*LB3.CP-1++7.N.-6.5-3.7-5W18	Q11626
005.SCG*LB4.CP-3++2.N.-6.1-2.3-2W13	Q11627
005.SCG*LB2.CP-6++2.N.10.12-4.13-6W6	Q11628
005.SCG*LB2.CP-7++6.N.-5.5-3.7-3W6	Q11629
005.SCG*LB3.CP10++9.N.-9.14-5.16-1W5	Q11630
005.SCG*LB2.CP-7++3.N.29.2-4.4-3W9	Q11631
005.SCG*LB4.CP-1++0.N.12.1-2.2-3W3	Q11632
005.SCG*LB1.CP-9++3.N.-7.1-2.5-6W16	Q11633
005.SCG*LB2.CP-8++0.N.-8.21-5.23-7W15	Q11634
005.SCG*LB1.CP-1++3.N.-7.9-7.11-4W11	Q11635
005.SCG*LB1.CP-5++1.N.-4.4-2.11-5W35	Q11636
005.SCG*LB2.CP-7++8.N.12.14-3.17-1W17	Q11637
005.SCG*LB1.CP-2++2.N.-2.14-6.17-4W18	Q11638
005.SCG*LB3.CP13++5.N.19.1-1.5-3W17	Q11639
005.SCG*LB2.CP-3++1.N.-2.23-4.24-6W9	Q11640
005.SCG*LB2.CP-8++0.N.13.6-6.10-4W16	Q11641
005.SCG*LB2.CP-7++5.N.-2.21-1.23-1W12	Q11642
005.SCG*LB2.CP-1++1.N.-2.3-5.6-6W25	Q11643
005.SCG*LB2.CP-3++1.N.-2.41-3.46-2W6	Q11644
005.SCG*LB3.CP-9++8.N.-1.11-6.15-5W26	Q11645
005.SCG*LB3.CP-5++9.N.-7.36-1.39-5W11	Q11646
005.SCG*LB2.CP-4++4.N.-3.4-5.6-8W13	Q11647
005.SCG*LB3.CP-4++5.N.-9.13-1.19-1W18	Q11648
005.SCG*LB1.CP-2++2.N.-4.14-1.17-4W21	Q11649
005.SCG*LB2.CP-1++8.N.-4.4-2.6-4W6	Q11650
005.SCG*LB2.CP-8++2.N.-6.5-1.5-6W6	Q11651
005.SCG*LB2.CP-8++0.N.13.10-5.14-6W14	Q11652
005.SCG*LB2.CP-5++5.N.-8.6-7.10-4W22	Q11653
005.SCG*LB2.CP-2++8.N.15.24-1.33-4W20	Q11654
005.SCG*LB2.CP-3++0.N.-7.1-1.6-2W18	Q11655
005.SCG*LB1.CP-8++2.N.-8.1-1.7-1W21	Q11656
005.SCG*LB2.CP-6++2.N.-9.6-5.8-6W12	Q11657
005.SCG*LB3.CP-5++6.N.-5.39-2.45-4W8	Q11658
005.SCG*LB2.CP-6++0.N.15.3-2.4-4W5	Q11659
005.SCG*LB1.CP-1++3.N.18.14-1.15-7W13	Q11660
005.SCG*LB3.CP13++5.N.19.5-4.7-1W3	Q11661
005.SCG*LB2.CP-3++0.N.-1.1-1.7-2W7	Q11662
005.SCG*LB3.CP-7++6.N.-1.25-1.26-7W13	Q11663
005.SCG*LB2.CP-9++6.N.-7.4-5.7-1W5	Q11664
005.SCG*LB3.CP-2++5.N.-9.31-2.35-4W18	Q11665
005.SCG*LB2.CP-3++0.N.16.1-1.5-3W15	Q11666
005.SCG*LB4.CP-1++4.N.12.8-6.17-2W30	Q11667
005.SCG*LB2.CP-7++3.N.25.8-1.14-1W15	Q11668
005.SCG*LB1.CP-1++3.N.-7.6-1.9-6W28	Q11669
005.SCG*LB2.CP-1++2.N.-2.12-7.14-2W10	Q11670
005.SCG*LB3.CP-9++8.N.-1.5-1.7-4W10	Q11671
005.SCG*LB2.CP-8++0.N.-8.13-7.16-1W13	Q11672
005.SCG*LB2.CP-6++2.N.-9.9-1.10-5W8	Q11673
005.SCG*LB2.CP-8++0.N.-8.5-2.7-8W16	Q11674
005.SCG*LB2.CP-2++8.N.16.4-1.6-6W4	Q11675
005.SCG*LB3.CP-2++6.N.-8.17-1.20-1W21	Q11676
005.SCG*LB2.CP-9++2.N.-5.18-1.21-4W7	Q11677
005.SCG*LB3.CP-9++8.N.-4.1-1.4-5W11	Q11678
005.SCG*LB4.CP-9++5.N.-6.1-1.2-5W5	Q11679
005.SCG*LB2.CP-8++0.N.-8.5-2.7-8W5	Q11680
005.SCG*LB3.CP-3++1.N.-5.8-1.10-1W12	Q11681
005.SCG*LB1.CP-9++3.N.12.1-1.4-2W19	Q11682
005.SCG*LB1.CP-5++1.N.-9.1-1.3-4W12	Q11683
005.SCG*LB3.CP-4++1.N.11.7-3.11-6W7	Q11684
005.SCG*LB3.CP-1++7.N.-6.7-6.10-3W18	Q11685
005.SCG*LB3.CP10++9.N.-5.1-1.7-4W37	Q11686
005.SCG*LB1.CP-8++6.N.-6.6-1.13-4W12	Q11687
005.SCG*LB1.CP-8++6.N.-6.6-1.13-4W24	Q11688
005.SCG*LB1.CP-2++3.N.-7.3-1.4-5W4	Q11689
005.SCG*LB4.CP-1++0.N.12.2-4.3-6W3	Q11690
005.SCG*LB2.CP-6++9.N.-6.10-3.13-7W24	Q11691
005.SCG*LB3.CP-9++7.N.13.5-4.8-3W21	Q11692
005.SCG*LB2.CP-5++6.N.-1.1-1.6-1W16	Q11693
005.SCG*LB2.CP-5++7.N.12.1-2.5-5W18	Q11694
005.SCG*LB1.CP-8++8.N.-5.3-3.5-1W13	Q11695
005.SCG*LB1.CP-2++3.N.-7.1-2.2-6W3	Q11696
005.SCG*LB2.CP-8++6.N.-3.48-5.52-4W21	Q11697
005.SCG*LB4.CP-1++4.N.12.1-1.3-8W19	Q11698
005.SCG*LB3.CP10++9.N.-5.1-1.7-4W30	Q11699
005.SCG*LB1.CP-2++2.N.-3.1-1.5-4W11	Q11700
005.SCG*LB2.CP-8++0.N.-9.21-1.25-2W24	Q11701
005.SCG*LB2.CP-6++0.N.15.1-2.3-1W7	Q11702
005.SCG*LB1.CP10++0.N.-6.5-5.10-7W17	Q11703
005.SCG*LB3.CP-9++7.N.12.25-4.29-5W22	Q11704
005.SCG*LB1.CP-2++7.N.-7.6-5.10-4W6	Q11705
005.SCG*LB3.CP--++8.N.-8.3-1.6-1W20	Q11706
005.SCG*LB2.CP-7++3.N.29.6-5.10-7W16	Q11707
005.SCG*LB4.CP-1++4.N.12.36-1.39-1W7	Q11708
005.SCG*LB2.CP-3++0.N.15.1-1.12-5W17	Q11709
005.SCG*LB3.CP16++1.N.-2.6-5.7-3W7	Q11710
005.SCG*LB2.CP-2++4.N.-7.1-1.4-2W14	Q11711
005.SCG*LB1.CP10++0.N.-4.1-1.2-2W4	Q11712
005.SCG*LB1.CP-2++2.N.-2.11-4.14-5W11	Q11713
005.SCG*LB1.CP-4++7.N.-2.1-1.4-1W17	Q11714
005.SCG*LB2.CP-9++6.N.-7.1-2.2-5W5	Q11715
005.SCG*LB2.CP-2++5.N.18.2-6.6-3W22	Q11716
005.SCG*LB2.CP-2++5.N.14.1-2.11-3W24	Q11717
005.SCG*LB1.CP-2++2.N.-3.1-1.5-4W25	Q11718
005.SCG*LB1.CP-8++6.N.-6.3-1.5-2W5	Q11719
005.SCG*LB3.CP13++2.N.22.3-1.4-2W5	Q11720
005.SCG*LB2.CP-8++3.N.17.6-4.9-4W8	Q11721
005.SCG*LB2.CP-6++9.N.-6.10-3.13-7W13	Q11722
005.SCG*LB2.CP-4++4.N.-3.1-2.4-4W22	Q11723
005.SCG*LB1.CP-4++2.N.16.6-1.8-2W15	Q11724
005.SCG*LB2.CP-1++5.N.-3.7-5.12-1W21	Q11725
005.SCG*LB4.CP-1++4.N.12.33-5.35-7W10	Q11726
005.SCG*LB3.CP-3++1.N.-5.6-3.7-5W10	Q11727
005.SCG*LB2.CP-5++1.N.-2.1-1.3-5W7	Q11728
005.SCG*LB2.CP-1++2.N.-2.9-7.12-6W13	Q11729
005.SCG*LB3.CP-1++0.N.15.1-1.3-1W10	Q11730
005.SCG*LB3.CP-7++0.N.-5.7-1.15-2W5	Q11731
005.SCG*LB3.CP-9++8.N.-2.1-1.6-5W35	Q11732
005.SCG*LB2.CP-8++6.N.-3.45-1.48-4W31	Q11733
005.SCG*LB4.CP-1++4.N.12.4-1.6-1W7	Q11734
005.SCG*LB2.CP-7++6.N.20.16-6.19-3W14	Q11735
005.SCG*LB2.CP-3++8.N.13.3-1.7-2W21	Q11736
005.SCG*LB3.CP15++9.N.-1.11-6.12-5W7	Q11737
005.SCG*LB2.CP-5++1.N.-1.1-1.4-6W22	Q11738
005.SCG*LB3.CP-9++0.N.-7.1-2.5-6W10	Q11739
005.SCG*LB3.CP-9++5.N.20.26-1.28-5W18	Q11740
005.SCG*LB3.CP12++8.N.-7.11-2.12-3W7	Q11741
005.SCG*LB2.CP-2++5.N.17.2-5.4-1W13	Q11742
005.SCG*LB3.CP-4++5.N.-3.4-2.8-5W10	Q11743
005.SCG*LB2.CP-7++9.N.10.16-1.18-4W11	Q11744
005.SCG*LB2.CP-7++5.N.-6.7-3.9-2W10	Q11745
005.SCG*LB2.CP-8++0.N.-8.13-7.16-1W5	Q11746
005.SCG*LB2.CP-7++6.N.20.5-3.8-4W16	Q11747
005.SCG*LB1.CP-8++2.N.-8.13-3.15-2W7	Q11748
005.SCG*LB2.CP-2++8.N.-4.9-1.12-3W5	Q11749
005.SCG*LB2.CP-7++3.N.25.8-1.14-1W4	Q11750
005.SCG*LB2.CP-5++5.N.10.9-2.12-5W19	Q11751
005.SCG*LB3.CP13++2.N.22.1-2.2-5W6	Q11752
005.SCG*LB3.CP-6++1.N.-5.1-2.7-5W43	Q11753
005.SCG*LB2.CP-2++8.N.-4.1-2.4-4W10	Q11754
005.SCG*LB4.CP-1++4.N.12.24-2.29-2W27	Q11755
005.SCG*LB2.CP-2++5.N.18.2-6.6-3W8	Q11756
005.SCG*LB2.CP-5++5.N.-8.10-5.12-6W14	Q11757
005.SCG*LB2.CP-7++5.N.-2.21-1.23-1W7	Q11758
005.SCG*LB3.CP13++5.N.-5.9-2.11-3W4	Q11759
005.SCG*LB3.CP13++2.N.-7.8-1.11-3W1	Q11760
005.SCG*LB3.CP13++5.N.-5.1-1.3-3W6	Q11761
005.SCG*LB3.CP13++8.N.-2.21-2.22-6W9	Q11762
005.SCG*LB3.CP13++2.N.-4.1-1.3-5W20	Q11763
005.SCG*LB4.CP-5++5.N.-2.9-7.13-5W13	Q11764
005.SCG*LB4.CP-4++5.N.-8.1-1.4-4W7	Q11765
005.SCG*LB1.CP-8++9.N.12.7-1.9-1W9	Q11766
005.SCG*LB3.CP-7++1.N.-7.7-1.14-5W11	Q11767
005.SCG*LB4.CP-6++1.N.-1.1-1.6-2W30	Q11768
005.SCG*LB1.CP-9++0.N.-5.6-4.9-4W21	Q11769
005.SCG*LB4.CP-5++5.N.-3.1-1.5-5W15	Q11770
005.SCG*LB1.CP-6++7.N.-2.12-6.14-6W5	Q11771
005.SCG*LB3.CP10++6.N.-8.6-1.9-8W22	Q11772
005.SCG*LB2.CP-4++4.N.-7.15-3.22-6W37	Q11773
005.SCG*LB4.CP--++4.N.11.11-1.19-5W9	Q11774
005.SCG*LB1.CP--++6.N.-7.32-1.34-6W12	Q11775
005.SCG*LB3.CP-4++5.N.-7.4-1.9-1W5	Q11776
005.SCG*LB4.CP-2++8.N.-1.1-1.4-3W6	Q11777
005.SCG*LB2.CP-9++2.N.-2.16-1.21-6W13	Q11778
005.SCG*LB2.CP-9++2.N.-2.16-1.21-6W18	Q11779
005.SCG*LB4.CP--++8.N.-9.84-4.85-6W10	Q11780
005.SCG*LB4.CP-3++1.N.-2.1-1.3-2W14	Q11781
005.SCG*LB2.CP-9++2.N.-1.1-1.6-1W25	Q11782
005.SCG*LB2.CP-9++2.N.-2.1-1.5-4W13	Q11783
005.SCG*LB3.CP11++2.N.-3.9-5.12-4W8	Q11784
005.SCG*LB4.CP-3++8.N.-5.7-4.9-7W10	Q11785
005.SCG*LB4.CP-8++1.N.13.33-2.36-5W15	Q11786
005.SCG*LB3.CP10++3.N.-7.4-2.6-6W12	Q11787
005.SCG*LB4.CP-1++7.N.-1.5-6.6-3W1	Q11788
005.SCG*LB4.CP-4++1.N.12.4-5.7-2W16	Q11789
005.SCG*LB4.CP-8++9.N.-5.1-1.5-3W25	Q11790
005.SCG*LB3.CP-5++2.N.-7.8-1.9-2W9	Q11791
005.SCG*LB4.CP-9++0.N.-8.11-5.13-4W11	Q11792
005.SCG*LB1.CP-2++0.N.43.4-6.6-1W7	Q11793
005.SCG*LB3.CP-7++5.N.15.6-3.8-5W10	Q11794
005.SCG*LB3.CP-7++5.N.-6.6-1.8-5W12	Q11795
005.SCG*LB3.CP-9++0.N.-7.15-1.16-3W5	Q11796
005.SCG*LB3.CP10++9.N.-9.1-1.6-3W29	Q11797
005.SCG*LB2.CP-9++0.N.-1.6-2.10-4W29	Q11798
005.SCG*LB3.CP16++0.N.-4.5-3.6-2W7	Q11799
005.SCG*LB3.CP-8++0.N.-4.1-1.3-3W12	Q11800
005.SCG*LB1.CP-4++4.N.-8.7-3.9-2W4	Q11801
005.SCG*LB4.CP-7++4.N.-4.1-1.3-1W11	Q11802
005.SCG*LB4.CP-7++6.N.-5.1-2.2-5W8	Q11803
005.SCG*LB4.CP-5++1.N.-5.1-2.5-3W8	Q11804
005.SCG*LB4.CP-5++2.N.-6.52-1.58-3W15	Q11805
005.SCG*LB4.CP-7++6.N.-1.12-8.14-1W8	Q11806
005.SCG*LB3.CP-6++8.N.-5.6-5.10-7W29	Q11807
005.SCG*LB3.CP-6++8.N.-5.11-5.19-1W8	Q11808
005.SCG*LB4.CP-7++2.N.10.12-1.14-2W16	Q11809
005.SCG*LB4.CP-7++6.N.-8.1-1.3-6W17	Q11810
005.SCG*LB4.CP-5++8.N.-4.7-1.11-3W22	Q11811
005.SCG*LB4.CP-5++1.N.-8.4-5.7-4W15	Q11812
005.SCG*LB3.CP16++2.N.-4.1-2.3-5W6	Q11813
005.SCG*LB3.CP12++7.N.-4.1-2.2-7W5	Q11814
005.SCG*LB4.CP-5++1.N.-4.12-3.14-1W10	Q11815
005.SCG*LB3.CP15++4.N.-1.1-1.6-5W41	Q11816
005.SCG*LB4.CP-7++6.N.-8.10-3.14-2W17	Q11817
005.SCG*LB4.CP-5++1.N.-7.1-1.6-1W11	Q11818
005.SCG*LB1.CP-4++4.N.-8.14-6.16-7W14	Q11819
005.SCG*LB4.CP-7++4.N.-4.3-2.6-1W8	Q11820
005.SCG*LB4.CP-5++2.N.-9.6-3.9-2W11	Q11821
005.SCG*LB4.CP--++7.N.-5.8-2.12-1W22	Q11822
005.SCG*LB4.CP-7++4.N.-3.1-1.4-2W18	Q11823
005.SCG*LB3.CP-2++4.N.-2.6-3.10-1W14	Q11824
005.SCG*LB4.CP-7++3.N.-1.6-5.9-4W12	Q11825
005.SCG*LB4.CP-5++1.N.-8.4-5.7-4W12	Q11826
005.SCG*LB4.CP-5++1.N.13.1-1.5-1W10	Q11827
005.SCG*LB4.CP-5++1.N.-7.13-2.15-3W10	Q11828
005.SCG*LB4.CP-1++3.N.11.7-2.12-1W23	Q11829
005.SCG*LB4.CP-2++3.N.-7.26-2.29-3W19	Q11830
005.SCG*LB4.CP-7++9.N.-1.4-3.8-1W11	Q11831
005.SCG*LB3.CP-9++5.N.-6.1-2.3-3W3	Q11832
005.SCG*LB4.CP-5++5.N.29.6-4.8-6W3	Q11833
005.SCG*LB4.CP-5++2.N.10.1-1.6-1W32	Q11834
005.SCG*LB4.CP-7++3.N.-1.16-4.22-6W16	Q11835
005.SCG*LB4.CP-5++1.N.-6.5-6.7-3W12	Q11836
005.SCG*LB3.CP11++9.N.10.3-1.6-5W29	Q11837
005.SCG*LB4.CP-8++2.N.-8.7-1.9-1W16	Q11838
005.SCG*LB1.CP-4++4.N.-8.1-2.2-4W6	Q11839
005.SCG*LB4.CP-7++6.N.-7.22-3.25-4W20	Q11840
005.SCG*LB4.CP-5++1.N.10.5-1.8-1W20	Q11841
005.SCG*LB3.CP15++1.N.-4.7-3.8-6W11	Q11842
005.SCG*LB3.CP-6++8.N.-5.1-2.6-4W14	Q11843
005.SCG*LB4.CP-9++1.N.-4.6-4.8-3W9	Q11844
005.SCG*LB4.CP-5++2.N.15.8-1.10-8W23	Q11845
005.SCG*LB3.CP-2++4.N.-2.1-1.6-2W30	Q11846
005.SCG*LB3.CP-7++1.N.-3.16-3.17-2W4	Q11847
005.SCG*LB2.CP--++3.N.-5.6-5.13-1W47	Q11848
005.SCG*LB3.CP-7++2.N.-5.8-1.8-4W3	Q11849
005.SCG*LB4.CP-4++3.N.-3.1-1.3-7W4	Q11850
005.SCG*LB4.CP-4++5.N.-5.1-1.4-1W11	Q11851
005.SCG*LB4.CP-5++5.N.12.6-1.10-3W3	Q11852
005.SCG*LB2.CP--++3.N.-4.10-5.11-5W5	Q11853
005.SCG*LB2.CP-8++3.N.22.6-6.9-3W2	Q11854
005.SCG*LB3.CP13++5.N.10.14-5.16-5W14	Q11855
005.SCG*LB4.CP-4++5.N.-7.31-2.33-5W7	Q11856
005.SCG*LB2.CP-1++3.N.-5.1-1.5-2W9	Q11857
005.SCG*LB3.CP13++2.N.26.13-2.15-7W1	Q11858
005.SCG*LB3.CP-7++6.N.-9.8-1.15-1W19	Q11859
005.SCG*LB4.CP-2++9.N.-2.11-2.17-1W9	Q11860
005.SCG*LB1.CP-7++0.N.-5.12-2.16-2W3	Q11861
005.SCG*LB3.CP13++8.N.-1.8-6.11-2W3	Q11862
005.SCG*LB3.CP13++2.N.26.10-4.13-1W14	Q11863
005.SCG*LB3.CP-7++7.N.-1.9-1.10-4W9	Q11864
005.SCG*LB4.CP-5++2.N.-9.1-1.6-2W9	Q11865
005.SCG*LB2.CP-4++4.N.13.1-2.7-1W11	Q11866
005.SCG*LB4.CP-2++8.N.-6.1-1.4-3W8	Q11867
005.SCG*LB4.CP-3++0.N.-9.6-5.9-5W14	Q11868
005.SCG*LB4.CP-3++0.N.-1.9-3.12-3W13	Q11869
005.SCG*LB4.CP-3++4.N.-7.8-6.10-5W12	Q11870
005.SCG*LB3.CP-7++8.N.-1.1-1.7-1W23	Q11871
005.SCG*LB4.CP-3++0.N.-1.17-6.19-5W13	Q11872
005.SCG*LB4.CP-3++0.N.-9.18-6.23-4W5	Q11873
005.SCG*LB4.CP-3++0.N.-9.3-2.5-4W4	Q11874
005.SCG*LB4.CP--++1.N.-3.11-2.13-6W10	Q11875
005.SCG*LB4.CP--++5.N.-7.1-4.4-1W1	Q11876
005.SCG*LB4.CP-7++6.N.-5.3-1.6-5W9	Q11877
005.SCG*LB4.CP-3++0.N.-1.14-1.15-7W1	Q11878
005.SCG*LB4.CP--++4.N.11.37-4.39-4W1	Q11879
005.SCG*LB4.CP-2++8.N.-6.5-4.7-4W9	Q11880
005.SCG*LB4.CP--++1.N.-3.7-2.11-1W15	Q11881
005.SCG*LB4.CP-3++6.N.-8.4-1.6-2W1	Q11882
005.SCG*LB2.CP-4++4.N.13.1-2.7-1W6	Q11883
005.SCG*LB4.CP-3++4.N.-8.6-3.7-1W2	Q11884
005.SCG*LB4.CP-8++3.N.23.10-1.18-6W9	Q11885
005.SCG*LB4.CP--++4.N.11.35-1.36-8W7	Q11886
005.SCG*LB4.CP--++1.N.-9.6-1.10-4W16	Q11887
005.SCG*LB4.CP--++4.N.11.39-5.40-4W8	Q11888
005.SCG*LB4.CP-2++8.N.-6.7-5.9-1W6	Q11889
005.SCG*LB4.CP-3++0.N.-9.9-6.11-3W6	Q11890
005.SCG*LB4.CP-3++4.N.-7.1-2.4-4W10	Q11891
005.SCG*LB4.CP-3++4.N.-8.4-3.5-3W1	Q11892
005.SCG*LB4.CP-3++4.N.-7.10-6.11-6W9	Q11893
005.SCG*LB3.CP-8++2.N.-1.3-4.7-2W13	Q11894
005.SCG*LB4.CP--++1.N.14.3-3.7-4W16	Q11895
005.SCG*LB4.CP-3++0.N.-9.14-5.16-4W10	Q11896
005.SCG*LB4.CP--++1.N.15.1-1.4-3W23	Q11897
005.SCG*LB3.CP-2++2.N.-3.4-6.6-1W6	Q11898
005.SCG*LB3.CP-8++0.N.18.14-7.17-5W10	Q11899
005.SCG*LB4.CP-9++1.N.-8.5-3.6-4W12	Q11900
005.SCG*LB4.CP-8++9.N.-5.6-6.8-1W7	Q11901
005.SCG*LB3.CP-9++8.N.-1.11-6.15-5W16	Q11902
005.SCG*LB4.CP-2++3.N.-7.7-3.10-3W18	Q11903
005.SCG*LB4.CP-3++4.N.-7.5-1.8-5W10	Q11904
005.SCG*LB3.CP15++4.N.-4.20-2.22-4W16	Q11905
005.SCG*LB3.CP-4++5.N.-6.17-2.22-4W10	Q11906
005.SCG*LB4.CP-2++9.N.-5.13-1.15-5W10	Q11907
005.SCG*LB3.CP--++1.N.-6.13-1.14-2W4	Q11908
005.SCG*LB3.CP15++4.N.16.13-2.19-3W38	Q11909
005.SCG*LB4.CP-1++3.N.-7.12-8.16-3W8	Q11910
005.SCG*LB3.CP-5++3.N.-7.18-1.20-3W15	Q11911
005.SCG*LB3.CP--++1.N.-6.1-1.5-1W18	Q11912
005.SCG*LB3.CP-5++7.N.-5.6-1.7-5W13	Q11913
005.SCG*LB2.CP-8++0.N.11.4-2.4-4W3	Q11914
005.SCG*LB3.CP-4++4.N.-4.1-2.8-2W13	Q11915
005.SCG*LB3.CP13++5.N.17.1-1.5-4W31	Q11916
005.SCG*LB4.CP-2++3.N.-9.11-1.12-2W1	Q11917
005.SCG*LB4.CP-3++4.N.14.24-3.27-2W6	Q11918
005.SCG*LB3.CP13++4.N.-7.19-1.21-1W12	Q11919
005.SCG*LB3.CP12++3.N.-4.7-7.10-4W4	Q11920
005.SCG*LB3.CP12++3.N.-4.6-2.7-6W9	Q11921
005.SCG*LB3.CP16++3.N.-1.1-1.5-4W23	Q11922
005.SCG*LB3.CP13++2.N.13.7-1.11-4W29	Q11923
005.SCG*LB4.CP-2++3.N.-9.11-1.12-2W7	Q11924
005.SCG*LB4.CP-7++5.N.-1.9-3.11-4W9	Q11934
005.SCG*LB4.CP-7++5.N.-1.1-1.4-4W21	Q11935
005.SCG*LB4.CP-7++5.N.-1.13-2.16-2W3	Q11936
005.SCG*LB4.CP-8++3.N.-2.3-2.4-4W9	Q11937
005.SCG*LB4.CP-9++5.N.-5.11-4.15-1W4	Q11938
005.SCG*LB2.CP-6++8.N.10.1-1.12-3W26	Q11939
005.SCG*LB4.CP-7++5.N.-2.17-2.20-4W16	Q11940
005.SCG*LB4.CP-7++5.N.-1.5-5.7-3W8	Q11941
005.SCG*LB2.CP-4++4.N.-1.29-6.36-4W31	Q11942
005.SCG*LB4.CP-8++8.N.-2.3-3.8-1W19	Q11943
005.SCG*LB2.CP--++4.N.-5.1-1.2-4W11	Q11944
005.SCG*LB3.CP13++5.N.15.8-3.12-1W16	Q11945
005.SCG*LB3.CP10++0.N.-3.4-4.7-2W8	Q11946
005.SCG*LB4.CP-8++3.N.-2.1-1.3-1W13	Q11947
005.SCG*LB3.CP12++1.N.-2.7-1.10-2W24	Q11948
005.SCG*LB3.CP-2++6.N.19.35-4.42-3W52	Q11949
005.SCG*LB3.CP11++2.N.-8.6-3.8-4W16	Q11950
005.SCG*LB3.CP13++2.N.15.5-1.9-4W13	Q11951
005.SCG*LB3.CP13++5.N.20.4-1.11-5W29	Q11952
005.SCG*LB4.CP-7++5.N.-4.1-1.3-4W5	Q11953
005.SCG*LB4.CP-7++5.N.-1.11-5.13-1W7	Q11954
005.SCG*LB2.CP-8++9.N.-8.16-4.22-4W18	Q11955
005.SCG*LB4.CP-7++5.N.-3.1-1.2-6W4	Q11956
005.SCG*LB3.CP10++0.N.-3.14-3.15-3W7	Q11957
005.SCG*LB4.CP-7++5.N.-1.7-4.9-2W7	Q11958
005.SCG*LB4.CP-8++8.N.-1.7-2.10-5W17	Q11959
005.SCG*LB3.CP13++5.N.15.8-3.12-1W22	Q11960
005.SCG*LB4.CP-7++5.N.-4.19-1.20-3W1	Q11961
005.SCG*LB3.CP11++2.N.-9.8-6.11-2W9	Q11962
005.SCG*LB2.CP-6++8.N.11.4-3.8-6W13	Q11963
005.SCG*LB3.CP13++5.N.15.14-4.19-6W18	Q11964
005.SCG*LB4.CP-5++2.N.-3.1-1.9-6W30	Q11965
005.SCG*LB3.CP11++2.N.-8.4-2.6-2W12	Q11966
005.SCG*LB2.CP-5++5.N.13.36-1.39-6W18	Q11967
005.SCG*LB3.CP13++2.N.19.12-4.16-3W27	Q11968
005.SCG*LB3.CP13++5.N.15.6-1.8-2W16	Q11969
005.SCG*LB4.CP-7++5.N.-2.10-1.17-1W39	Q11970
005.SCG*LB4.CP-8++3.N.-2.12-1.16-3W8	Q11971
005.SCG*LB2.CP-7++3.N.19.8-5.14-5W14	Q11972
005.SCG*LB2.CP-7++3.N.19.8-5.14-5W18	Q11973
005.SCG*LB3.CP-3++9.N.-6.4-3.6-5W16	Q11974
005.SCG*LB3.CP-2++5.N.12.4-3.6-6W1	Q11975
005.SCG*LB2.CP-5++5.N.13.40-1.42-2W11	Q11976
005.SCG*LB3.CP-5++0.N.-7.12-3.13-4W8	Q11977
005.SCG*LB3.CP11++8.N.-4.21-4.23-3W13	Q11978
005.SCG*LB3.CP-6++3.N.-2.5-2.9-5W22	Q11979
005.SCG*LB1.CP10++0.N.-2.9-1.10-5W5	Q11980
005.SCG*LB3.CP-5++7.N.-4.1-2.3-3W8	Q11981
005.SCG*LB1.CP-7++6.N.-2.5-5.10-4W13	Q11982
005.SCG*LB3.CP-2++5.N.-7.1-2.2-4W3	Q11983
005.SCG*LB2.CP-7++0.N.-4.12-3.15-1W12	Q11984
005.SCG*LB3.CP-5++0.N.-2.1-1.3-3W10	Q11985
005.SCG*LB3.CP-6++3.N.-5.1-1.6-2W15	Q11986
005.SCG*LB3.CP11++8.N.-4.19-5.21-3W11	Q11987
005.SCG*LB4.CP-2++3.N.10.7-5.10-1W16	Q11988
005.SCG*LB3.CP-2++5.N.12.1-2.2-5W8	Q11989
005.SCG*LB1.CP--++5.N.-5.10-1.15-1W26	Q11990
005.SCG*LB1.CP-4++2.N.-6.3-1.6-2W18	Q11991
005.SCG*LB3.CP-9++5.N.-2.4-3.5-4W8	Q11992
005.SCG*LB4.CP-9++5.N.-7.11-2.16-1W29	Q11993
005.SCG*LB1.CP-2++0.N.34.11-6.13-3W12	Q11994
005.SCG*LB1.CP-1++1.N.-5.4-1.6-6W7	Q11995
005.SCG*LB3.CP-9++5.N.-1.4-4.8-3W25	Q11996
005.SCG*LB3.CP15++3.N.-4.1-2.6-1W8	Q11997
005.SCG*LB3.CP-6++4.N.-4.14-7.18-6W27	Q11998
005.SCG*LB1.CP-7++6.N.-3.1-2.3-4W13	Q11999
005.SCG*LB1.CP-3++7.N.-3.5-1.6-4W12	Q12000
005.SCG*LB4.CP-9++5.N.-5.1-1.5-1W27	Q12001
005.SCG*LB3.CP-9++5.N.10.1-1.3-4W8	Q12002
005.SCG*LB1.CP-7++6.N.-3.6-6.8-2W4	Q12003
005.SCG*LB1.CP-7++5.N.-6.4-3.6-1W11	Q12004
005.SCG*LB3.CP-6++2.N.-3.5-4.8-4W19	Q12005
005.SCG*LB3.CP-2++6.N.22.7-5.12-2W19	Q12006
005.SCG*LB3.CP-5++0.N.-7.8-3.12-2W22	Q12007
005.SCG*LB3.CP-9++5.N.-2.6-1.12-5W6	Q12008
005.SCG*LB3.CP-6++2.N.-3.3-4.5-3W4	Q12009
005.SCG*LB4.CP-9++5.N.-5.1-1.5-1W11	Q12010
005.SCG*LB1.CP-1++1.N.-5.4-1.6-6W1	Q12011
005.SCG*LB3.CP-6++2.N.-3.3-4.5-3W9	Q12012
005.SCG*LB3.CP-2++6.N.11.7-1.10-6W8	Q12013
005.SCG*LB3.CP15++3.N.-3.13-4.15-5W7	Q12014
005.SCG*LB3.CP-6++4.N.-4.14-7.18-6W23	Q12015
005.SCG*LB1.CP-3++7.N.-3.4-3.4-6W4	Q12016
005.SCG*LB3.CP-2++9.N.-7.3-3.4-3W3	Q12017
005.SCG*LB3.CP-2++6.N.22.13-3.16-2W4	Q12018
005.SCG*LB3.CP12++4.N.-1.15-4.18-4W16	Q12019
005.SCG*LB1.CP10++1.N.-4.2-5.5-7W8	Q12020
005.SCG*LB3.CP-5++0.N.-9.5-3.8-5W14	Q12021
005.SCG*LB4.CP-7++0.N.-3.10-3.12-2W6	Q12022
005.SCG*LB2.CP-5++5.N.13.36-1.39-6W1	Q12023
005.SCG*LB1.CP-3++7.N.-3.7-1.8-7W1	Q12024
005.SCG*LB1.CP10++0.N.-3.1-2.4-2W4	Q12025
005.SCG*LB3.CP-3++0.N.-2.5-1.6-7W10	Q12026
005.SCG*LB3.CP-2++5.N.14.3-4.6-2W8	Q12027
005.SCG*LB3.CP-2++1.N.-3.6-1.7-5W1	Q12028
005.SCG*LB3.CP-2++6.N.-1.1-1.11-4W20	Q12029
005.SCG*LB1.CP-4++2.N.17.1-2.4-1W8	Q12030
005.SCG*LB3.CP-5++1.N.-1.1-1.8-5W27	Q12031
005.SCG*LB4.CP-1++9.N.-3.1-1.5-2W11	Q12032
005.SCG*LB4.CP-2++3.N.10.7-5.10-1W11	Q12033
005.SCG*LB3.CP-6++2.N.-7.5-4.7-8W4	Q12034
005.SCG*LB3.CP-4++8.N.-8.3-6.4-5W4	Q12035
005.SCG*LB3.CP-5++0.N.-4.9-2.11-2W11	Q12036
005.SCG*LB1.CP10++1.N.-4.2-5.5-7W19	Q12037
005.SCG*LB3.CP-6++2.N.-4.3-4.6-3W15	Q12038
005.SCG*LB3.CP11++8.N.-4.23-4.27-4W12	Q12039
005.SCG*LB3.CP-2++6.N.-4.1-2.3-1W6	Q12040
005.SCG*LB3.CP-4++8.N.-8.1-2.3-5W5	Q12041
005.SCG*LB3.CP-4++8.N.-3.1-2.3-2W7	Q12042
005.SCG*LB1.CP-3++7.N.-3.12-7.14-2W3	Q12043
005.SCG*LB4.CP-9++5.N.-3.3-2.5-4W12	Q12044
005.SCG*LB4.CP-9++5.N.-3.7-7.11-4W8	Q12045
005.SCG*LB1.CP-7++6.N.-3.3-5.6-5W11	Q12046
005.SCG*LB2.CP-5++5.N.13.30-3.35-6W27	Q12047
005.SCG*LB1.CP--++5.N.-2.3-1.13-2W44	Q12048
005.SCG*LB3.CP-3++9.N.-6.7-1.11-2W23	Q12049
005.SCG*LB1.CP-9++1.N.-9.9-2.14-2W11	Q12050
005.SCG*LB3.CP-2++6.N.12.4-1.5-3W5	Q12051
005.SCG*LB3.CP14++5.N.-2.4-2.5-4W8	Q12052
005.SCG*LB3.CP-2++5.N.11.10-3.12-2W1	Q12053
005.SCG*LB1.CP10++0.N.-5.4-3.6-3W13	Q12054
005.SCG*LB2.CP-5++5.N.13.6-6.10-5W13	Q12055
005.SCG*LB4.CP-7++2.N.11.4-2.8-5W27	Q12056
005.SCG*LB3.CP12++4.N.-1.5-6.9-2W15	Q12057
005.SCG*LB1.CP-7++5.N.-3.1-2.3-2W14	Q12058
005.SCG*LB3.CP-6++2.N.-3.5-4.8-4W13	Q12059
005.SCG*LB3.CP-5++0.N.-4.11-3.13-6W10	Q12060
005.SCG*LB3.CP13++2.N.13.3-1.6-8W6	Q12061
005.SCG*LB3.CP-4++0.N.-5.4-5.5-5W3	Q12062
005.SCG*LB3.CP-4++8.N.-5.11-1.18-1W41	Q12063
005.SCG*LB4.CP-5++5.N.14.8-6.12-6W15	Q12064
005.SCG*LB1.CP-1++1.N.-5.2-1.3-4W10	Q12065
005.SCG*LB2.CP-5++5.N.13.6-6.10-5W23	Q12066
005.SCG*LB1.CP10++0.N.-5.1-2.4-2W15	Q12067
005.SCG*LB3.CP-5++0.N.-7.7-1.8-2W3	Q12068
005.SCG*LB4.CP-1++9.N.-3.21-5.26-1W8	Q12069
005.SCG*LB4.CP-5++5.N.11.63-5.68-3W26	Q12070
005.SCG*LB2.CP-5++5.N.13.3-3.6-2W5	Q12071
005.SCG*LB3.CP-2++9.N.-5.1-2.2-3W4	Q12072
005.SCG*LB3.CP15++1.N.-4.9-1.10-4W3	Q12073
005.SCG*LB4.CP-9++5.N.-7.5-3.11-1W11	Q12074
005.SCG*LB3.CP-5++0.N.-2.3-4.6-3W21	Q12075
005.SCG*LB3.CP-4++8.N.-3.5-5.7-1W10	Q12076
005.SCG*LB3.CP-3++9.N.-2.6-1.7-6W13	Q12077
005.SCG*LB3.CP-9++5.N.-9.1-1.3-4W14	Q12078
005.SCG*LB1.CP-7++6.N.-3.1-2.3-4W5	Q12079
005.SCG*LB3.CP-2++6.N.12.1-2.3-5W13	Q12080
005.SCG*LB1.CP-7++6.N.-3.6-6.8-2W10	Q12081
005.SCG*LB3.CP-2++5.N.-7.2-5.7-4W5	Q12082
005.SCG*LB1.CP-2++4.N.-2.5-3.11-3W17	Q12083
005.SCG*LB4.CP-8++8.N.-4.5-4.10-2W27	Q12084
005.SCG*LB4.CP-2++4.N.-8.61-1.68-1W32	Q12085
005.SCG*LB1.CP-4++3.N.-3.9-2.10-2W8	Q12086
005.SCG*LB1.CP-2++4.N.-2.11-4.15-1W9	Q12087
005.SCG*LB1.CP-2++4.N.-5.15-3.18-3W11	Q12088
005.SCG*LB3.CP15++0.N.-4.10-2.14-3W28	Q12089
005.SCG*LB4.CP-7++8.N.-5.1-1.4-1W12	Q12090
005.SCG*LB1.CP-3++0.N.-2.18-3.20-6W7	Q12091
005.SCG*LB3.CP-8++0.N.14.5-3.8-2W9	Q12092
005.SCG*LB4.CP-3++7.N.-1.9-1.18-2W26	Q12093
005.SCG*LB4.CP-6++0.N.-3.10-1.11-4W8	Q12094
005.SCG*LB4.CP--++5.N.11.24-1.25-2W9	Q12095
005.SCG*LB1.CP-2++4.N.-2.1-1.3-3W14	Q12096
005.SCG*LB4.CP-2++9.N.-5.18-2.19-6W9	Q12097
005.SCG*LB3.CP-5++8.N.-5.1-1.3-1W9	Q12098
005.SCG*LB4.CP-2++4.N.-6.10-1.13-3W10	Q12099
005.SCG*LB1.CP-2++4.N.-1.1-1.5-2W22	Q12100
005.SCG*LB3.CP15++0.N.-8.1-1.2-5W11	Q12101
005.SCG*LB3.CP14++4.N.11.24-2.27-3W13	Q12102
005.SCG*LB1.CP-2++4.N.-5.15-3.18-3W18	Q12103
005.SCG*LB3.CP-8++0.N.-7.6-1.9-2W8	Q12104
005.SCG*LB1.CP-2++4.N.-4.4-2.6-4W16	Q12105
005.SCG*LB2.CP-5++5.N.15.3-5.5-4W14	Q12106
005.SCG*LB4.CP--++8.N.-5.49-1.50-4W10	Q12107
005.SCG*LB1.CP-2++4.N.-5.8-2.12-2W9	Q12108
005.SCG*LB3.CP15++0.N.-4.10-2.14-3W10	Q12109
005.SCG*LB1.CP-5++9.N.-3.9-1.12-3W17	Q12110
005.SCG*LB3.CP-8++0.N.-5.8-1.11-4W14	Q12111
005.SCG*LB3.CP15++0.N.-7.9-5.13-2W22	Q12112
005.SCG*LB1.CP-2++4.N.-4.4-2.6-4W3	Q12113
005.SCG*LB1.CP--++1.N.-7.6-6.13-1W24	Q12114
005.SCG*LB1.CP-2++4.N.-4.6-5.7-4W4	Q12115
005.SCG*LB3.CP-8++0.N.10.7-4.11-1W13	Q12116
005.SCG*LB1.CP-3++0.N.-2.1-1.7-4W22	Q12117
005.SCG*LB3.CP-8++0.N.-7.3-5.5-1W6	Q12118
005.SCG*LB1.CP-3++6.N.-2.14-3.21-2W32	Q12119
005.SCG*LB4.CP--++5.N.-5.14-1.17-4W17	Q12120
005.SCG*LB4.CP-8++3.N.19.7-2.11-5W27	Q12121
005.SCG*LB4.CP--++5.N.11.15-1.16-1W8	Q12122
005.SCG*LB1.CP-2++4.N.--.1-1.3-2W6	Q12123
005.SCG*LB1.CP-2++5.N.-2.1-1.3-4W17	Q12124
005.SCG*LB3.CP-3++8.N.-5.6-2.10-2W1	Q12125
005.SCG*LB1.CP-6++5.N.-3.5-1.9-8W7	Q12126
005.SCG*LB4.CP-6++0.N.-2.3-4.6-6W7	Q12127
005.SCG*LB1.CP-6++7.N.-9.17-6.21-3W21	Q12128
005.SCG*LB1.CP-2++4.N.-1.1-1.5-2W16	Q12129
005.SCG*LB3.CP-8++0.N.-5.11-5.15-5W15	Q12130
005.SCG*LB4.CP-3++4.N.-4.12-6.16-2W11	Q12131
005.SCG*LB4.CP-4++0.N.-8.3-5.6-3W9	Q12132
005.SCG*LB1.CP-3++0.N.-2.14-2.16-6W8	Q12133
005.SCG*LB1.CP-6++5.N.-3.12-7.16-3W12	Q12134
005.SCG*LB1.CP-2++4.N.-3.6-5.8-5W6	Q12135
005.SCG*LB4.CP-1++8.N.-4.1-1.5-1W7	Q12136
005.SCG*LB2.CP-5++5.N.-7.18-1.20-5W17	Q12137
005.SCG*LB4.CP-9++2.N.-3.7-1.8-1W1	Q12138
005.SCG*LB1.CP-9++9.N.-5.5-2.8-1W8	Q12139
005.SCG*LB4.CP-6++2.N.-4.26-8.30-1W20	Q12140
005.SCG*LB3.CP-2++2.N.-4.11-1.15-3W27	Q12141
005.SCG*LB2.CP-5++5.N.14.1-2.3-1W5	Q12142
005.SCG*LB2.CP-8++6.N.-7.3-7.6-4W11	Q12143
005.SCG*LB2.CP-5++7.N.-9.10-4.11-3W8	Q12144
005.SCG*LB4.CP-3++1.N.-3.6-2.8-7W7	Q12145
005.SCG*LB2.CP-7++3.N.33.1-2.5-5W21	Q12146
005.SCG*LB2.CP-5++5.N.-7.8-7.11-6W10	Q12147
005.SCG*LB4.CP-6++3.N.-3.3-1.5-1W8	Q12148
005.SCG*LB4.CP-4++3.N.-2.18-3.19-7W4	Q12149
005.SCG*LB3.CP-6++2.N.-4.11-6.13-5W14	Q12150
005.SCG*LB4.CP-1++4.N.-4.6-5.12-1W16	Q12151
005.SCG*LB3.CP-6++2.N.-6.1-2.7-1W4	Q12152
005.SCG*LB2.CP-5++5.N.-3.11-2.15-1W24	Q12153
005.SCG*LB3.CP-6++2.N.10.10-1.13-2W9	Q12154
005.SCG*LB4.CP-1++4.N.-4.6-5.12-1W6	Q12155
005.SCG*LB3.CP-8++5.N.11.26-1.27-1W3	Q12156
005.SCG*LB4.CP-6++2.N.-4.24-1.26-7W14	Q12157
005.SCG*LB4.CP-3++0.N.-9.9-6.11-3W15	Q12158
005.SCG*LB2.CP-3++0.N.-3.10-2.15-3W23	Q12159
005.SCG*LB3.CP-6++2.N.-6.20-7.24-6W4	Q12160
005.SCG*LB4.CP-1++0.N.-4.14-3.18-8W30	Q12161
005.SCG*LB1.CP-9++9.N.-2.1-1.2-3W3	Q12162
005.SCG*LB3.CP-6++2.N.10.10-1.13-2W5	Q12163
005.SCG*LB2.CP-3++3.N.-7.11-7.13-5W13	Q12164
005.SCG*LB2.CP-8++0.N.-2.5-5.8-2W13	Q12165
005.SCG*LB3.CP-6++2.N.-6.12-1.17-2W6	Q12166
005.SCG*LB2.CP-8++3.N.-2.1-1.2-6W6	Q12167
005.SCG*LB1.CP-1++5.N.-4.7-5.9-2W4	Q12168
005.SCG*LB3.CP-6++5.N.10.17-1.19-2W9	Q12169
005.SCG*LB2.CP-8++3.N.-2.8-2.9-3W4	Q12170
005.SCG*LB2.CP-8++6.N.-7.1-2.3-6W17	Q12171
005.SCG*LB1.CP-9++9.N.-5.3-1.5-1W5	Q12172
005.SCG*LB1.CP-1++5.N.-2.1-1.2-7W7	Q12173
005.SCG*LB1.CP-9++9.N.-5.8-2.10-1W8	Q12174
005.SCG*LB2.CP-5++5.N.-3.21-1.21-6W6	Q12175
005.SCG*LB3.CP15++8.N.-1.6-2.12-1W29	Q12176
005.SCG*LB3.CP-7++2.N.-6.2-4.3-7W11	Q12177
005.SCG*LB1.CP-3++9.N.-3.1-2.5-4W28	Q12178
005.SCG*LB1.CP-3++9.N.-3.7-1.9-2W17	Q12179
005.SCG*LB3.CP14++4.N.11.16-1.23-2W40	Q12180
005.SCG*LB4.CP-9++7.N.-3.43-3.45-4W15	Q12181
005.SCG*LB3.CP-6++2.N.-9.9-3.11-1W13	Q12182
005.SCG*LB3.CP15++8.N.-1.17-2.19-2W5	Q12183
005.SCG*LB3.CP-1++0.N.17.13-4.16-1W14	Q12184
005.SCG*LB3.CP15++8.N.-1.19-3.22-3W4	Q12185
005.SCG*LB1.CP-6++7.N.-1.1-1.5-1W22	Q12186
005.SCG*LB3.CP-6++2.N.10.4-2.7-4W23	Q12187
005.SCG*LB3.CP13++9.N.17.18-3.23-4W29	Q12188
005.SCG*LB4.CP-8++3.N.-9.10-5.13-3W22	Q12189
005.SCG*LB4.CP-7++1.N.-6.4-5.7-4W9	Q12190
005.SCG*LB3.CP-7++6.N.-9.1-2.5-1W19	Q12191
005.SCG*LB3.CP-7++6.N.-9.8-1.15-1W32	Q12192
005.SCG*LB4.CP-5++2.N.-6.29-5.33-6W9	Q12193
005.SCG*LB3.CP13++2.N.13.14-5.15-4W4	Q12194
005.SCG*LB4.CP-5++2.N.18.1-1.4-4W13	Q12195
005.SCG*LB4.CP-5++2.N.10.8-4.12-5W27	Q12196
005.SCG*LB4.CP-5++2.N.10.1-1.6-1W15	Q12197
005.SCG*LB4.CP-8++9.N.-3.1-1.6-2W15	Q12198
005.SCG*LB4.CP-5++2.N.17.4-5.6-5W8	Q12199
005.SCG*LB4.CP-6++6.N.10.11-3.15-4W14	Q12200
005.SCG*LB2.CP-7++9.N.10.6-1.7-5W11	Q12201
005.SCG*LB1.CP-9++1.N.12.24-1.28-6W20	Q12202
005.SCG*LB1.CP-9++1.N.12.24-1.28-6W17	Q12203
005.SCG*LB2.CP-5++7.N.-9.10-4.11-3W4	Q12204
005.SCG*LB4.CP-8++2.N.-3.6-2.8-1W3	Q12205
005.SCG*LB3.CP12++2.N.-9.13-6.18-1W13	Q12206
005.SCG*LB4.CP-6++9.N.-4.4-1.5-1W6	Q12207
005.SCG*LB2.CP-8++0.N.-2.1-1.5-4W15	Q12208
005.SCG*LB1.CP--++2.N.-3.2-6.6-1W24	Q12209
005.SCG*LB4.CP-8++2.N.-3.3-1.6-1W22	Q12210
005.SCG*LB1.CP-2++0.N.16.5-3.7-4W5	Q12211
005.SCG*LB1.CP-2++0.N.37.1-1.4-5W4	Q12212
005.SCG*LB4.CP-8++1.N.-4.1-1.3-3W15	Q12213
005.SCG*LB4.CP-8++2.N.-3.1-2.2-5W10	Q12214
005.SCG*LB2.CP--++3.N.-7.3-5.6-1W12	Q12215
005.SCG*LB2.CP-7++9.N.10.4-3.5-6W8	Q12216
005.SCG*LB2.CP-8++0.N.-8.28-1.30-2W7	Q12217
005.SCG*LB2.CP-9++1.N.-2.12-1.17-3W9	Q12218
005.SCG*LB4.CP-8++2.N.-3.10-2.11-1W3	Q12219
005.SCG*LB2.CP--++3.N.--.1-1.3-5W7	Q12220
005.SCG*LB3.CP-3++1.N.-5.8-1.10-1W14	Q12221
005.SCG*LB3.CP10++4.N.13.1-1.2-2W6	Q12222
005.SCG*LB1.CP-2++6.N.-7.15-3.16-5W8	Q12223
005.SCG*LB1.CP--++9.N.-1.1-1.4-3W19	Q12224
005.SCG*LB3.CP10++7.N.-6.16-2.18-2W19	Q12225
005.SCG*LB3.CP-9++5.N.17.14-1.16-1W12	Q12226
005.SCG*LB2.CP-2++1.N.11.10-1.14-7W4	Q12227
005.SCG*LB2.CP-8++0.N.11.1-1.4-1W11	Q12228
005.SCG*LB4.CP-8++2.N.-3.9-1.10-1W3	Q12229
005.SCG*LB1.CP-2++0.N.16.3-4.5-2W6	Q12230
005.SCG*LB2.CP-8++0.N.13.20-2.22-3W17	Q12231
005.SCG*LB2.CP-8++0.N.13.20-2.22-3W15	Q12232
005.SCG*LB2.CP-7++9.N.10.6-1.7-5W9	Q12233
005.SCG*LB4.CP-6++6.N.10.1-1.4-1W21	Q12234
005.SCG*LB2.CP--++6.N.-6.6-5.8-6W9	Q12235
005.SCG*LB4.CP-7++9.N.11.4-5.7-4W3	Q12236
005.SCG*LB4.CP-8++3.N.-8.1-1.10-3W46	Q12237
005.SCG*LB1.CP-5++6.N.-4.4-4.6-6W5	Q12238
005.SCG*LB1.CP--++6.N.-7.21-2.23-4W16	Q12239
005.SCG*LB1.CP-2++8.N.-2.11-1.13-4W14	Q12240
005.SCG*LB4.CP-8++1.N.12.33-1.38-3W4	Q12241
005.SCG*LB4.CP-2++9.N.-3.1-1.5-4W10	Q12242
005.SCG*LB3.CP-6++2.N.-6.17-3.20-6W3	Q12243
005.SCG*LB2.CP-4++4.N.16.7-4.11-5W28	Q12244
005.SCG*LB4.CP-5++2.N.-6.34-1.39-1W37	Q12245
005.SCG*LB1.CP-6++5.N.-3.27-6.28-3W6	Q12246
005.SCG*LB1.CP-4++2.N.-4.4-3.5-8W6	Q12247
005.SCG*LB1.CP-8++9.N.-2.4-3.7-1W11	Q12248
005.SCG*LB1.CP-6++5.N.-5.9-4.12-1W9	Q12249
005.SCG*LB3.CP-3++9.N.-4.7-4.11-2W24	Q12250
005.SCG*LB1.CP--++8.N.-2.1-1.4-3W18	Q12251
005.SCG*LB1.CP-2++8.N.-1.5-1.6-4W8	Q12252
005.SCG*LB1.CP-4++2.N.-3.5-4.9-5W5	Q12253
005.SCG*LB1.CP-6++5.N.-3.12-7.16-3W23	Q12254
005.SCG*LB4.CP-3++4.N.-1.1-1.4-1W10	Q12255
005.SCG*LB2.CP-6++0.N.21.4-4.6-1W4	Q12256
005.SCG*LB4.CP-7++0.N.-6.7-4.9-2W4	Q12257
005.SCG*LB4.CP-8++8.N.-1.1-1.3-4W9	Q12258
005.SCG*LB1.CP10++0.N.-6.1-2.3-5W3	Q12259
005.SCG*LB1.CP-5++9.N.-5.1-2.4-5W23	Q12260
005.SCG*LB1.CP-4++2.N.-3.1-2.3-1W11	Q12261
005.SCG*LB2.CP-4++5.N.-8.1-2.3-1W9	Q12262
005.SCG*LB2.CP-8++3.N.-4.1-2.3-1W10	Q12263
005.SCG*LB1.CP-4++4.N.-6.1-2.5-3W4	Q12264
005.SCG*LB1.CP-7++2.N.-4.12-2.14-5W17	Q12265
005.SCG*LB4.CP-8++8.N.-2.8-2.9-3W8	Q12266
005.SCG*LB1.CP-6++5.N.-1.1-1.2-5W10	Q12267
005.SCG*LB3.CP-6++2.N.-6.10-1.11-6W8	Q12268
005.SCG*LB2.CP-2++5.N.13.3-3.7-5W20	Q12269
005.SCG*LB1.CP-2++8.N.-2.13-5.17-2W28	Q12270
005.SCG*LB1.CP-9++0.N.-2.31-2.32-3W7	Q12271
005.SCG*LB1.CP-2++6.N.13.1-1.6-4W42	Q12272
005.SCG*LB1.CP-2++8.N.-2.17-3.21-2W8	Q12273
005.SCG*LB4.CP-4++3.N.-3.1-1.3-7W19	Q12274
005.SCG*LB4.CP-8++3.N.12.8-3.10-5W12	Q12275
005.SCG*LB4.CP-8++1.N.13.15-1.18-1W19	Q12276
005.SCG*LB3.CP15++8.N.-7.9-1.11-4W6	Q12277
005.SCG*LB2.CP-7++6.N.-9.27-7.31-8W31	Q12278
005.SCG*LB2.CP--++7.N.-4.6-2.7-2W7	Q12279
005.SCG*LB1.CP-5++6.N.-4.4-4.6-6W13	Q12280
005.SCG*LB1.CP-7++1.N.-4.8-4.11-1W14	Q12281
005.SCG*LB2.CP-8++3.N.-4.6-4.10-4W26	Q12282
005.SCG*LB2.CP-4++6.N.-7.13-3.18-2W11	Q12283
005.SCG*LB2.CP-4++5.N.-8.7-1.8-2W8	Q12284
005.SCG*LB2.CP-1++9.N.-6.12-5.17-2W12	Q12285
005.SCG*LB1.CP-2++8.N.-8.11-6.13-1W4	Q12286
005.SCG*LB1.CP-6++9.N.-9.3-1.3-6W6	Q12287
005.SCG*LB1.CP-6++6.N.-1.1-1.3-2W7	Q12288
005.SCG*LB3.CP-9++4.N.10.18-4.20-1W11	Q12289
005.SCG*LB4.CP-8++1.N.13.7-1.8-2W6	Q12290
005.SCG*LB1.CP-9++3.N.-3.6-1.6-6W4	Q12291
005.SCG*LB1.CP10++1.N.-5.2-3.4-3W5	Q12292
005.SCG*LB3.CP11++2.N.-8.13-1.15-2W3	Q12293
005.SCG*LB3.CP--++7.N.-6.14-4.16-4W16	Q12294
005.SCG*LB4.CP-9++7.N.-4.15-5.20-2W29	Q12295
005.SCG*LB1.CP-7++2.N.-4.15-5.16-7W10	Q12296
005.SCG*LB3.CP--++3.N.-2.3-6.5-4W6	Q12297
005.SCG*LB3.CP-9++9.N.-5.6-1.10-2W6	Q12298
005.SCG*LB2.CP-7++7.N.-2.27-1.28-4W4	Q12299
005.SCG*LB2.CP-4++3.N.-5.3-4.7-4W9	Q12300
005.SCG*LB4.CP-4++5.N.-7.33-6.38-4W6	Q12301
005.SCG*LB2.CP-3++9.N.-3.1-2.5-4W24	Q12302
005.SCG*LB2.CP-4++2.N.-2.1-1.3-3W15	Q12303
005.SCG*LB4.CP-4++3.N.-5.1-2.3-5W13	Q12304
005.SCG*LB3.CP--++3.N.-7.3-2.7-4W17	Q12305
005.SCG*LB3.CP11++1.N.-1.1-1.4-2W6	Q12306
005.SCG*LB2.CP-6++2.N.-1.20-4.22-5W8	Q12307
005.SCG*LB3.CP-6++6.N.-6.7-5.11-2W23	Q12308
005.SCG*LB3.CP10++2.N.-5.21-2.23-2W13	Q12309
005.SCG*LB1.CP-3++1.N.-2.26-5.30-3W16	Q12310
005.SCG*LB4.CP-8++2.N.-9.1-2.3-5W9	Q12311
005.SCG*LB3.CP10++5.N.-8.10-6.13-1W4	Q12312
005.SCG*LB2.CP-2++6.N.-1.1-1.11-4W40	Q12313
005.SCG*LB2.CP-9++0.N.11.7-5.11-5W15	Q12314
005.SCG*LB2.CP-4++8.N.-5.13-2.14-6W8	Q12315
005.SCG*LB2.CP-3++9.N.-5.12-5.15-1W11	Q12316
005.SCG*LB2.CP-7++9.N.16.10-2.12-4W19	Q12317
005.SCG*LB1.CP-2++0.N.12.21-4.24-3W17	Q12318
005.SCG*LB3.CP-7++3.N.-3.9-5.12-2W8	Q12319
005.SCG*LB3.CP10++2.N.-5.12-6.18-1W28	Q12320
005.SCG*LB2.CP-9++2.N.-6.28-2.30-4W14	Q12321
005.SCG*LB3.CP-7++3.N.-2.9-2.13-5W6	Q12322
005.SCG*LB3.CP--++2.N.-8.9-2.11-1W7	Q12323
005.SCG*LB1.CP-7++0.N.-6.1-2.3-3W15	Q12324
005.SCG*LB2.CP-2++6.N.-9.1-1.5-2W18	Q12325
005.SCG*LB1.CP-8++2.N.11.1-1.4-7W9	Q12326
005.SCG*LB2.CP-3++5.N.-6.27-1.32-6W8	Q12327
005.SCG*LB3.CP10++2.N.-6.12-7.14-6W12	Q12328
005.SCG*LB2.CP-4++2.N.-2.5-4.8-3W19	Q12329
005.SCG*LB2.CP-3++2.N.-9.12-6.14-3W12	Q12330
005.SCG*LB3.CP--++2.N.-6.8-1.12-8W32	Q12331
005.SCG*LB3.CP--++2.N.-8.1-2.3-3W8	Q12332
005.SCG*LB2.CP-2++2.N.-8.1-1.7-6W24	Q12333
005.SCG*LB2.CP-4++4.N.-7.15-3.22-6W12	Q12334
005.SCG*LB3.CP-8++5.N.-5.4-1.4-6W3	Q12335
005.SCG*LB2.CP-2++6.N.-1.1-1.11-4W9	Q12336
005.SCG*LB2.CP-4++8.N.-4.10-3.13-1W17	Q12337
005.SCG*LB2.CP-9++5.N.-3.1-1.3-5W12	Q12338
005.SCG*LB3.CP-2++4.N.-4.7-4.13-2W8	Q12339
005.SCG*LB4.CP-8++5.N.-3.9-5.11-2W9	Q12340
005.SCG*LB2.CP-3++3.N.-3.4-2.8-1W12	Q12341
005.SCG*LB2.CP-4++8.N.-6.9-3.11-6W8	Q12342
005.SCG*LB2.CP-7++4.N.17.1-1.3-2W14	Q12343
005.SCG*LB2.CP-9++5.N.-3.1-1.3-5W3	Q12344
005.SCG*LB3.CP-5++1.N.-4.15-7.17-5W6	Q12345
005.SCG*LB4.CP-6++2.N.-6.12-2.16-3W19	Q12346
005.SCG*LB2.CP-2++0.N.-5.6-5.13-2W11	Q12347
005.SCG*LB2.CP-2++7.N.-1.1-1.3-4W16	Q12348
005.SCG*LB3.CP10++2.N.-3.1-2.5-1W10	Q12349
005.SCG*LB3.CP--++2.N.-5.5-1.8-5W9	Q12350
005.SCG*LB2.CP-4++8.N.-6.15-1.20-1W26	Q12351
005.SCG*LB4.CP-8++3.N.-4.2-3.4-1W14	Q12352
005.SCG*LB1.CP-5++0.N.-4.4-5.9-6W14	Q12353
005.SCG*LB3.CP10++5.N.-8.18-1.20-3W7	Q12354
005.SCG*LB1.CP-8++2.N.11.5-1.13-1W37	Q12355
005.SCG*LB3.CP10++2.N.-5.12-6.18-1W33	Q12356
005.SCG*LB2.CP-2++3.N.-6.10-2.11-6W6	Q12357
005.SCG*LB2.CP-4++4.N.-7.15-3.22-6W17	Q12358
005.SCG*LB3.CP10++5.N.-7.6-1.8-1W6	Q12359
005.SCG*LB2.CP-7++7.N.-2.18-1.21-5W12	Q12360
005.SCG*LB2.CP-3++9.N.-5.7-2.8-5W1	Q12361
005.SCG*LB4.CP-4++5.N.-7.33-6.38-4W9	Q12362
005.SCG*LB3.CP-4++4.N.-5.7-3.9-4W7	Q12363
005.SCG*LB3.CP-4++2.N.11.1-1.5-7W22	Q12364
005.SCG*LB2.CP-6++2.N.-3.5-1.7-1W9	Q12365
005.SCG*LB3.CP-9++9.N.-6.11-3.15-4W6	Q12366
005.SCG*LB2.CP-2++2.N.-6.16-1.20-7W6	Q12367
005.SCG*LB2.CP-2++6.N.--.1-1.2-5W7	Q12368
005.SCG*LB1.CP-8++2.N.-5.8-1.9-3W10	Q12369
005.SCG*LB3.CP-4++9.N.-6.6-1.10-3W19	Q12370
005.SCG*LB2.CP-9++6.N.-9.6-5.8-1W4	Q12371
005.SCG*LB1.CP-4++4.N.-7.5-4.6-3W6	Q12372
005.SCG*LB2.CP-9++0.N.10.6-3.10-2W16	Q12373
005.SCG*LB3.CP--++3.N.-7.3-2.7-4W31	Q12374
005.SCG*LB3.CP12++9.N.-4.5-3.6-3W6	Q12375
005.SCG*LB3.CP14++7.N.-5.4-2.6-3W8	Q12376
005.SCG*LB1.CP-7++1.N.-5.10-1.12-1W8	Q12377
005.SCG*LB2.CP-4++4.N.-7.15-3.22-6W20	Q12378
005.SCG*LB2.CP-3++5.N.-3.14-4.16-7W5	Q12379
005.SCG*LB2.CP-2++1.N.-9.10-3.13-3W6	Q12380
005.SCG*LB2.CP-2++6.N.-6.13-9.15-2W7	Q12381
005.SCG*LB3.CP12++9.N.-4.1-2.3-5W4	Q12382
005.SCG*LB3.CP12++0.N.11.13-1.15-3W7	Q12383
005.SCG*LB2.CP-3++2.N.-8.15-2.18-5W21	Q12384
005.SCG*LB2.CP-6++2.N.-1.13-1.18-6W1	Q12385
005.SCG*LB4.CP-8++4.N.-4.2-4.3-3W5	Q12386
005.SCG*LB1.CP-5++0.N.-3.1-2.4-5W21	Q12387
005.SCG*LB3.CP--++2.N.-8.5-6.8-2W13	Q12388
005.SCG*LB4.CP-7++4.N.-4.8-4.13-3W8	Q12389
005.SCG*LB3.CP12++9.N.-6.4-4.9-4W5	Q12390
005.SCG*LB4.CP-8++4.N.13.1-1.3-7W11	Q12391
005.SCG*LB2.CP-3++9.N.-5.9-1.12-4W12	Q12392
005.SCG*LB3.CP-8++2.N.-3.4-6.6-3W6	Q12393
005.SCG*LB3.CP-2++3.N.10.7-1.10-5W13	Q12394
005.SCG*LB2.CP-4++3.N.-6.15-6.19-6W13	Q12395
005.SCG*LB3.CP-6++6.N.-6.7-5.11-2W10	Q12396
005.SCG*LB2.CP-2++2.N.-2.20-4.21-4W6	Q12397
005.SCG*LB2.CP-8++3.N.-6.7-1.13-2W36	Q12398
005.SCG*LB3.CP-1++0.N.-8.11-1.16-4W7	Q12399
005.SCG*LB2.CP-3++5.N.-6.27-1.32-6W14	Q12400
005.SCG*LB2.CP-9++6.N.10.8-4.11-4W17	Q12401
005.SCG*LB2.CP-5++6.N.-6.14-1.16-5W11	Q12402
005.SCG*LB2.CP-3++9.N.-5.7-2.8-5W8	Q12403
005.SCG*LB2.CP-7++7.N.-2.23-4.26-6W9	Q12404
005.SCG*LB3.CP10++2.N.-5.4-4.8-5W10	Q12405
005.SCG*LB3.CP10++7.N.-3.19-6.23-3W17	Q12406
005.SCG*LB2.CP-4++3.N.-5.3-4.7-4W12	Q12407
005.SCG*LB1.CP-3++2.N.-6.7-1.10-1W5	Q12408
005.SCG*LB3.CP10++2.N.-3.7-6.9-6W9	Q12409
005.SCG*LB4.CP-3++0.N.-3.4-3.8-4W5	Q12410
005.SCG*LB3.CP-8++6.N.10.1-1.5-3W30	Q12411
005.SCG*LB2.CP-7++7.N.-2.46-2.49-1W11	Q12412
005.SCG*LB3.CP--++3.N.-7.7-5.9-4W6	Q12413
005.SCG*LB1.CP-8++9.N.-5.1-2.4-1W8	Q12414
005.SCG*LB3.CP-4++5.N.-9.6-1.10-1W21	Q12415
005.SCG*LB1.CP-9++3.N.-5.1-2.4-2W12	Q12416
005.SCG*LB2.CP-2++2.N.-6.37-1.40-1W7	Q12417
005.SCG*LB2.CP-2++1.N.-9.5-4.10-2W16	Q12418
005.SCG*LB2.CP-7++8.N.-9.33-1.37-7W8	Q12419
005.SCG*LB2.CP-6++7.N.-5.3-4.4-4W6	Q12420
005.SCG*LB2.CP-3++9.N.-5.2-5.5-1W9	Q12421
005.SCG*LB2.CP-7++8.N.-9.33-1.37-7W17	Q12422
005.SCG*LB2.CP-4++0.N.-2.1-1.3-6W5	Q12423
005.SCG*LB3.CP-9++9.N.-3.16-1.18-1W8	Q12424
005.SCG*LB2.CP-4++8.N.-6.1-2.6-2W29	Q12425
005.SCG*LB2.CP-5++6.N.-6.18-5.20-2W3	Q12426
005.SCG*LB1.CP-8++2.N.-8.7-2.11-6W23	Q12427
005.SCG*LB3.CP10++2.N.-5.4-4.8-5W26	Q12428
005.SCG*LB3.CP-2++3.N.-9.11-1.15-2W29	Q12429
005.SCG*LB3.CP10++2.N.-8.4-5.8-3W11	Q12430
005.SCG*LB3.CP10++5.N.-8.1-1.7-1W17	Q12431
005.SCG*LB1.CP-4++3.N.-4.1-1.3-2W14	Q12432
005.SCG*LB3.CP12++9.N.-4.1-2.3-5W9	Q12433
005.SCG*LB3.CP-7++3.N.-3.5-2.6-5W11	Q12434
005.SCG*LB3.CP10++2.N.-8.4-5.8-3W25	Q12435
005.SCG*LB3.CP12++2.N.-8.25-6.31-1W34	Q12436
005.SCG*LB3.CP-9++9.N.-3.4-5.7-1W9	Q12437
005.SCG*LB2.CP-2++1.N.-9.5-4.10-2W4	Q12438
005.SCG*LB2.CP-4++2.N.-8.6-3.8-4W18	Q12439
005.SCG*LB2.CP-6++6.N.-2.3-4.8-4W24	Q12440
005.SCG*LB3.CP10++5.N.-2.1-1.3-3W10	Q12441
005.SCG*LB2.CP-5++9.N.-8.1-1.9-1W21	Q12442
005.SCG*LB3.CP--++2.N.-6.14-3.16-6W9	Q12443
005.SCG*LB3.CP-2++5.N.13.13-2.15-1W10	Q12444
005.SCG*LB2.CP-8++0.N.10.14-1.18-4W27	Q12445
005.SCG*LB1.CP-8++9.N.-5.7-1.10-2W5	Q12446
005.SCG*LB3.CP10++3.N.-4.9-1.13-2W7	Q12447
005.SCG*LB4.CP-8++3.N.-7.12-3.14-6W10	Q12448
005.SCG*LB3.CP-9++9.N.-3.12-3.15-1W8	Q12449
005.SCG*LB2.CP-5++7.N.-6.17-7.21-2W8	Q12450
005.SCG*LB2.CP-1++6.N.-3.3-2.6-1W15	Q12451
005.SCG*LB2.CP-9++8.N.-9.11-3.15-6W15	Q12452
005.SCG*LB3.CP10++3.N.-8.1-1.6-4W17	Q12453
005.SCG*LB2.CP-9++2.N.-5.11-1.17-4W40	Q12454
005.SCG*LB2.CP-7++7.N.-2.18-1.21-5W25	Q12455
005.SCG*LB3.CP--++3.N.-2.1-1.3-5W17	Q12456
005.SCG*LB2.CP-6++2.N.-4.3-1.8-3W10	Q12457
005.SCG*LB2.CP-2++7.N.-2.7-1.10-5W20	Q12458
005.SCG*LB3.CP-2++3.N.11.7-1.10-8W8	Q12459
005.SCG*LB1.CP-8++2.N.11.5-1.13-1W9	Q12460
005.SCG*LB1.CP-8++2.N.-2.1-1.3-7W9	Q12461
005.SCG*LB2.CP-2++6.N.-3.6-4.10-3W19	Q12462
005.SCG*LB2.CP-2++3.N.-2.1-1.3-1W8	Q12463
005.SCG*LB1.CP-1++7.N.-7.4-1.6-3W8	Q12464
005.SCG*LB3.CP--++3.N.-7.11-2.15-2W23	Q12465
005.SCG*LB4.CP-8++4.N.13.3-8.6-5W4	Q12466
005.SCG*LB2.CP-2++2.N.-1.1-1.3-2W9	Q12467
005.SCG*LB2.CP-2++2.N.-2.11-1.13-3W13	Q12468
005.SCG*LB4.CP-1++4.N.-8.6-2.12-1W13	Q12469
005.SCG*LB3.CP10++5.N.-7.1-2.3-1W10	Q12470
005.SCG*LB2.CP-7++3.N.-3.3-4.6-2W12	Q12471
005.SCG*LB1.CP-4++4.N.-7.1-2.4-2W4	Q12472
005.SCG*LB3.CP--++2.N.-5.9-7.11-2W10	Q12473
005.SCG*LB3.CP-1++0.N.16.1-1.5-5W34	Q12474
005.SCG*LB1.CP-8++2.N.-5.1-2.7-7W46	Q12475
005.SCG*LB3.CP-8++5.N.-5.1-2.3-6W6	Q12476
005.SCG*LB1.CP-8++2.N.-5.1-2.7-7W20	Q12477
005.SCG*LB3.CP-2++5.N.13.7-5.10-3W19	Q12478
005.SCG*LB2.CP-4++7.N.-5.8-1.9-5W5	Q12479
005.SCG*LB4.CP-8++2.N.-5.16-5.18-1W8	Q12480
005.SCG*LB2.CP-2++6.N.-2.7-2.10-4W7	Q12481
005.SCG*LB2.CP-1++5.N.-6.1-2.5-6W33	Q12482
005.SCG*LB3.CP-2++3.N.10.7-1.10-5W4	Q12483
005.SCG*LB4.CP-4++5.N.-7.33-6.38-4W30	Q12484
005.SCG*LB4.CP-3++1.N.-5.1-2.3-5W15	Q12485
005.SCG*LB3.CP-2++3.N.11.19-1.22-1W17	Q12486
005.SCG*LB3.CP10++2.N.-6.1-2.5-2W27	Q12487
005.SCG*LB2.CP-3++0.N.11.24-2.26-3W10	Q12488
005.SCG*LB3.CP-9++9.N.-3.9-1.12-2W6	Q12489
005.SCG*LB1.CP--++1.N.-5.1-1.2-4W6	Q12490
005.SCG*LB4.CP-6++2.N.-6.22-1.24-6W8	Q12491
005.SCG*LB3.CP-2++3.N.10.1-1.6-7W31	Q12492
005.SCG*LB2.CP-2++7.N.--.1-1.2-4W5	Q12493
005.SCG*LB3.CP10++2.N.-5.4-4.8-5W31	Q12494
005.SCG*LB1.CP-8++2.N.-7.1-1.3-5W17	Q12495
005.SCG*LB4.CP-9++5.N.-7.5-3.11-1W31	Q12496
005.SCG*LB1.CP-8++2.N.11.1-1.4-7W27	Q12497
005.SCG*LB3.CP--++3.N.-7.1-2.3-1W8	Q12498
005.SCG*LB1.CP-8++2.N.-7.3-6.8-1W30	Q12499
005.SCG*LB2.CP-3++5.N.-3.17-1.19-2W5	Q12500
005.SCG*LB1.CP-8++8.N.-3.1-2.5-1W11	Q12501
005.SCG*LB3.CP15++8.N.-2.3-4.5-6W11	Q12502
005.SCG*LB1.CP--++1.N.-7.6-6.13-1W15	Q12503
005.SCG*LB1.CP--++1.N.-1.1-1.2-5W9	Q12504
005.SCG*LB4.CP-5++4.N.-2.11-4.13-3W11	Q12505
005.SCG*LB3.CP16++1.N.-2.1-1.6-4W9	Q12506
005.SCG*LB4.CP-9++4.N.--.1-1.2-5W8	Q12507
005.SCG*LB4.CP-3++0.N.-4.4-1.6-5W11	Q12508
005.SCG*LB2.CP--++3.N.-4.1-1.4-1W13	Q12509
005.SCG*LB1.CP-1++3.N.32.6-1.10-1W21	Q12510
005.SCG*LB1.CP-1++5.N.-6.11-1.12-6W9	Q12511
005.SCG*LB1.CP-1++3.N.33.1-1.5-2W23	Q12512
005.SCG*LB1.CP-3++8.N.-4.9-4.12-7W3	Q12513
005.SCG*LB1.CP-1++3.N.32.6-1.10-1W6	Q12514
005.SCG*LB2.CP-5++8.N.-8.22-2.24-3W10	Q12515
005.SCG*LB3.CP-4++1.N.10.1-2.4-2W6	Q12516
005.SCG*LB1.CP-1++3.N.10.18-2.20-1W4	Q12517
005.SCG*LB4.CP-2++3.N.-7.26-2.29-3W11	Q12518
005.SCG*LB2.CP-3++4.N.-2.21-2.22-5W3	Q12519
005.SCG*LB3.CP-8++9.N.-8.6-6.10-3W23	Q12520
005.SCG*LB1.CP-3++6.N.-2.1-1.5-4W11	Q12521
005.SCG*LB3.CP-6++2.N.13.7-1.9-4W19	Q12522
005.SCG*LB4.CP-7++4.N.-3.10-1.11-7W12	Q12523
005.SCG*LB2.CP-1++5.N.-6.9-3.13-1W22	Q12524
005.SCG*LB2.CP-3++4.N.-3.14-1.17-2W12	Q12525
005.SCG*LB3.CP13++8.N.-2.17-1.21-1W6	Q12526
005.SCG*LB2.CP-1++6.N.-2.5-1.10-2W30	Q12527
005.SCG*LB1.CP-1++3.N.-3.11-1.12-1W3	Q12528
005.SCG*LB1.CP-3++1.N.-4.2-4.7-3W11	Q12529
005.SCG*LB4.CP-5++1.N.14.1-2.4-3W19	Q12530
005.SCG*LB3.CP-1++0.N.17.6-3.10-7W13	Q12531
005.SCG*LB3.CP-2++3.N.-3.22-3.24-4W12	Q12532
005.SCG*LB3.CP-4++1.N.11.1-1.7-2W35	Q12533
005.SCG*LB4.CP-7++3.N.-4.6-1.8-4W18	Q12534
005.SCG*LB1.CP-1++6.N.-7.10-4.12-5W3	Q12535
005.SCG*LB3.CP-2++6.N.10.10-3.13-4W13	Q12536
005.SCG*LB4.CP-1++1.N.-4.5-2.6-5W11	Q12537
005.SCG*LB2.CP-7++0.N.-2.4-1.6-6W6	Q12538
005.SCG*LB3.CP-4++9.N.10.1-2.6-3W10	Q12539
005.SCG*LB1.CP-1++3.N.10.20-2.21-5W2	Q12540
005.SCG*LB2.CP-6++5.N.-4.6-6.10-5W10	Q12541
005.SCG*LB3.CP-9++7.N.12.4-1.9-4W17	Q12542
005.SCG*LB3.CP-4++2.N.-7.13-1.15-1W9	Q12543
005.SCG*LB3.CP-4++1.N.-9.22-3.25-1W9	Q12544
005.SCG*LB3.CP16++2.N.-2.1-1.3-4W7	Q12545
005.SCG*LB4.CP-5++2.N.-2.10-3.15-3W38	Q12546
005.SCG*LB4.CP-7++9.N.-6.2-2.5-4W9	Q12547
005.SCG*LB3.CP-9++5.N.11.4-1.6-3W9	Q12548
005.SCG*LB2.CP-5++5.N.-3.8-5.9-4W4	Q12549
005.SCG*LB4.CP-3++7.N.-3.1-2.3-3W6	Q12550
005.SCG*LB4.CP-8++1.N.10.11-1.12-4W2	Q12551
005.SCG*LB3.CP10++3.N.-7.1-1.4-1W1	Q12552
005.SCG*LB4.CP-1++7.N.23.4-6.6-6W16	Q12553
005.SCG*LB3.CP10++5.N.-4.1-1.11-1W45	Q12554
005.SCG*LB3.CP-9++8.N.-6.24-3.25-4W5	Q12555
005.SCG*LB4.CP-3++8.N.-3.6-5.8-4W6	Q12556
005.SCG*LB4.CP-2++6.N.-7.1-1.6-4W18	Q12557
005.SCG*LB2.CP-8++3.N.25.41-3.44-2W3	Q12558
005.SCG*LB4.CP-8++6.N.-6.9-4.12-3W5	Q12559
005.SCG*LB4.CP--++7.N.-6.5-6.7-3W4	Q12560
005.SCG*LB3.CP-9++2.N.-2.1-1.5-4W1	Q12561
005.SCG*LB2.CP-4++1.N.13.7-1.9-5W7	Q12562
005.SCG*LB4.CP-2++3.N.-2.7-3.10-2W4	Q12563
005.SCG*LB4.CP-2++9.N.-5.4-4.5-1W1	Q12564
005.SCG*LB1.CP-3++4.N.-2.30-1.34-3W20	Q12565
005.SCG*LB4.CP-8++2.N.-5.3-6.9-2W16	Q12566
005.SCG*LB1.CP-6++7.N.-9.1-1.6-3W39	Q12567
005.SCG*LB1.CP-4++1.N.-3.1-2.3-3W8	Q12568
005.SCG*LB4.CP-3++9.N.-2.1-1.2-5W8	Q12569
005.SCG*LB3.CP-4++1.N.11.1-1.7-2W3	Q12570
005.SCG*LB3.CP-6++3.N.-3.47-6.48-1W5	Q12571
005.SCG*LB4.CP-5++1.N.-7.1-1.6-1W3	Q12572
005.SCG*LB4.CP-3++4.N.-2.53-2.55-9W3	Q12573
005.SCG*LB3.CP-1++0.N.11.17-4.18-8W3	Q12574
005.SCG*LB4.CP-7++9.N.-6.5-5.8-1W14	Q12575
005.SCG*LB4.CP-3++4.N.13.1-2.4-4W19	Q12576
005.SCG*LB2.CP-7++9.N.12.2-2.4-4W1	Q12577
005.SCG*LB3.CP13++2.N.19.12-4.16-3W4	Q12578
005.SCG*LB4.CP-1++7.N.11.13-5.14-3W3	Q12579
005.SCG*LB1.CP-3++4.N.-2.34-4.35-4W4	Q12580
005.SCG*LB1.CP-5++7.N.12.3-2.3-5W1	Q12581
005.SCG*LB2.CP-8++0.N.-2.12-4.15-2W19	Q12582
005.SCG*LB3.CP15++4.N.-8.19-5.20-2W4	Q12583
005.SCG*LB4.CP-6++9.N.-4.1-1.3-6W10	Q12584
005.SCG*LB4.CP-7++5.N.-2.10-1.17-1W7	Q12585
005.SCG*LB3.CP-4++2.N.-8.7-5.10-4W18	Q12586
005.SCG*LB3.CP11++2.N.11.8-2.8-5W4	Q12587
005.SCG*LB4.CP-3++6.N.-8.3-2.3-6W1	Q12588
005.SCG*LB3.CP-7++4.N.-3.4-6.8-1W21	Q12589
005.SCG*LB4.CP-3++7.N.11.5-3.7-3W4	Q12590
005.SCG*LB4.CP-2++3.N.-2.20-1.22-3W5	Q12591
005.SCG*LB3.CP-2++3.N.11.19-1.22-1W21	Q12592
005.SCG*LB3.CP-6++4.N.13.1-1.3-4W10	Q12593
005.SCG*LB3.CP14++4.N.-2.12-7.17-2W23	Q12594
005.SCG*LB3.CP-7++6.N.-9.1-2.5-1W30	Q12595
005.SCG*LB4.CP-1++3.N.-8.5-3.5-5W3	Q12596
005.SCG*LB4.CP-2++9.N.-4.9-1.11-2W4	Q12597
005.SCG*LB4.CP-1++2.N.-5.1-1.7-7W40	Q12598
005.SCG*LB3.CP-5++8.N.-5.1-1.3-1W12	Q12599
005.SCG*LB1.CP-7++1.N.16.3-3.5-1W4	Q12600
005.SCG*LB2.CP-8++4.N.-4.36-1.39-3W16	Q12601
005.SCG*LB2.CP--++1.N.-7.6-3.11-4W8	Q12602
005.SCG*LB3.CP10++9.N.-1.5-1.7-4W7	Q12603
005.SCG*LB4.CP-2++9.N.-3.1-1.5-4W4	Q12604
005.SCG*LB4.CP-2++2.N.-3.13-3.13-7W5	Q12605
005.SCG*LB4.CP-3++5.N.-4.4-5.7-3W3	Q12606
005.SCG*LB3.CP14++6.N.-6.4-6.6-4W5	Q12607
005.SCG*LB3.CP-8++0.N.16.24-4.25-3W1	Q12608
005.SCG*LB2.CP-1++5.N.-5.1-2.4-3W12	Q12609
005.SCG*LB3.CP-8++0.N.12.6-1.9-2W4	Q12610
005.SCG*LB4.CP-3++3.N.-6.8-5.12-2W24	Q12611
005.SCG*LB4.CP-2++4.N.-4.5-3.6-7W3	Q12612
005.SCG*LB1.CP-6++6.N.15.1-1.9-4W12	Q12613
005.SCG*LB4.CP-3++5.N.-8.17-3.20-2W10	Q12614
005.SCG*LB4.CP-2++9.N.-3.5-5.8-4W16	Q12615
005.SCG*LB2.CP--++3.N.-3.12-1.13-1W5	Q12616
005.SCG*LB4.CP-1++1.N.18.71-1.73-7W19	Q12617
005.SCG*LB3.CP-4++6.N.-1.4-2.4-8W1	Q12618
005.SCG*LB1.CP-3++3.N.-3.3-5.5-5W13	Q12619
005.SCG*LB4.CP--++7.N.-5.14-3.17-1W5	Q12620
005.SCG*LB3.CP11++2.N.-3.12-5.17-1W27	Q12621
005.SCG*LB4.CP-4++7.N.-3.1-1.2-6W10	Q12622
005.SCG*LB4.CP-3++5.N.10.4-2.5-5W3	Q12623
005.SCG*LB4.CP-3++2.N.-7.1-2.3-4W9	Q12624
005.SCG*LB4.CP-2++9.N.10.19-3.21-5W15	Q12625
005.SCG*LB1.CP-3++4.N.-1.8-1.13-3W20	Q12626
005.SCG*LB4.CP-6++6.N.-4.10-1.14-5W11	Q12627
005.SCG*LB4.CP-1++7.N.-4.8-6.9-3W6	Q12628
005.SCG*LB2.CP-4++3.N.-9.5-4.9-1W28	Q12629
005.SCG*LB4.CP-3++7.N.-9.5-1.8-2W5	Q12630
005.SCG*LB2.CP-5++4.N.-6.1-1.3-7W13	Q12631
005.SCG*LB4.CP-2++9.N.12.11-4.12-5W6	Q12632
005.SCG*LB2.CP-7++3.N.33.1-2.5-5W27	Q12633
005.SCG*LB3.CP15++4.N.-7.9-1.9-4W2	Q12634
005.SCG*LB3.CP10++9.N.-1.7-5.9-1W4	Q12635
005.SCG*LB4.CP-6++3.N.-8.10-3.13-6W19	Q12636
005.SCG*LB2.CP-4++7.N.-4.32-6.35-2W7	Q12637
005.SCG*LB3.CP-8++4.N.-5.4-3.7-5W26	Q12638
005.SCG*LB4.CP-7++9.N.-3.3-3.5-4W1	Q12639
005.SCG*LB2.CP-6++3.N.-1.6-1.9-3W4	Q12640
005.SCG*LB2.CP-9++5.N.-4.29-1.29-5W5	Q12641
005.SCG*LB4.CP-7++4.N.-4.3-2.6-1W19	Q12642
005.SCG*LB3.CP-7++6.N.-1.4-2.5-3W8	Q12643
005.SCG*LB4.CP-1++0.N.-9.4-2.6-6W14	Q12644
005.SCG*LB4.CP-2++3.N.-2.25-1.27-6W6	Q12645
005.SCG*LB3.CP-7++1.N.11.6-1.8-4W7	Q12646
005.SCG*LB3.CP-5++7.N.-6.1-1.4-5W8	Q12647
005.SCG*LB3.CP-8++3.N.-2.4-1.4-6W3	Q12648
005.SCG*LB1.CP-1++3.N.-7.1-1.3-6W9	Q12649
005.SCG*LB3.CP-2++0.N.-5.14-1.15-4W4	Q12650
005.SCG*LB4.CP--++1.N.13.6-4.9-6W13	Q12651
005.SCG*LB4.CP--++4.N.13.16-4.16-8W1	Q12652
005.SCG*LB4.CP-3++0.N.-8.8-5.13-1W33	Q12653
005.SCG*LB4.CP-9++5.N.-9.4-6.8-2W5	Q12654
005.SCG*LB2.CP-9++8.N.-9.22-2.27-2W29	Q12655
005.SCG*LB2.CP-5++7.N.-2.6-1.8-2W17	Q12656
005.SCG*LB1.CP-9++8.N.-2.6-5.10-9W6	Q12657
005.SCG*LB4.CP-8++1.N.-8.4-5.9-6W22	Q12658
005.SCG*LB4.CP-3++8.N.-1.6-4.9-8W5	Q12659
005.SCG*LB4.CP-1++7.N.12.5-5.6-5W1	Q12660
005.SCG*LB1.CP-1++1.N.-2.7-3.8-4W6	Q12661
005.SCG*LB3.CP-1++1.N.-6.1-1.6-6W33	Q12662
005.SCG*LB1.CP-3++0.N.-1.1-1.4-4W20	Q12663
005.SCG*LB1.CP-8++2.N.-9.15-5.25-7W3	Q12664
005.SCG*LB3.CP15++8.N.-5.21-1.25-1W5	Q12665
005.SCG*LB4.CP-8++3.N.-3.10-3.13-4W15	Q12666
005.SCG*LB4.CP-2++4.N.12.1-1.6-2W5	Q12667
005.SCG*LB4.CP-7++4.N.-7.26-3.28-5W16	Q12668
005.SCG*LB4.CP-3++9.N.-1.1-1.8-5W3	Q12669
005.SCG*LB4.CP-2++9.N.-9.4-1.6-6W1	Q12670
005.SCG*LB3.CP--++8.N.13.11-2.12-2W6	Q12671
005.SCG*LB2.CP-6++8.N.-3.5-2.7-1W3	Q12672
005.SCG*LB4.CP-2++3.N.-2.14-6.16-7W19	Q12673
005.SCG*LB3.CP-5++2.N.-7.2-5.4-4W14	Q12674
005.SCG*LB4.CP-1++1.N.18.6-5.7-6W6	Q12675
005.SCG*LB4.CP--++7.N.13.3-5.6-4W16	Q12676
005.SCG*LB3.CP-9++2.N.-9.7-1.8-4W7	Q12677
005.SCG*LB4.CP-3++4.N.29.2-5.5-8W1	Q12678
005.SCG*LB4.CP-3++4.N.16.1-2.2-1W2	Q12679
005.SCG*LB4.CP-3++7.N.-7.2-3.4-2W3	Q12680
005.SCG*LB3.CP-4++5.N.-6.17-2.22-4W14	Q12681
005.SCG*LB4.CP--++6.N.-1.1-1.7-1W17	Q12682
005.SCG*LB1.CP-9++0.N.-5.6-4.9-4W12	Q12683
005.SCG*LB4.CP-2++9.N.11.5-4.6-2W4	Q12684
005.SCG*LB4.CP-2++1.N.-3.12-2.12-6W2	Q12685
005.SCG*LB3.CP-6++6.N.-8.2-7.4-2W6	Q12686
005.SCG*LB4.CP-1++7.N.10.1-2.1-4W3	Q12687
005.SCG*LB1.CP-4++7.N.-4.6-3.8-1W12	Q12688
005.SCG*LB3.CP15++4.N.-7.15-1.19-3W27	Q12689
005.SCG*LB1.CP-2++7.N.-8.2-3.2-6W1	Q12690
005.SCG*LB1.CP-2++2.N.10.4-1.5-1W2	Q12691
005.SCG*LB4.CP--++8.N.-3.34-6.35-3W1	Q12692
005.SCG*LB1.CP-3++2.N.-6.4-2.5-4W4	Q12693
005.SCG*LB3.CP16++0.N.-6.1-1.5-3W33	Q12694
005.SCG*LB4.CP-2++7.N.-2.4-8.6-2W9	Q12695
005.SCG*LB4.CP-7++4.N.-3.1-1.4-2W4	Q12696
005.SCG*LB3.CP-1++3.N.-3.6-7.7-4W5	Q12697
005.SCG*LB1.CP-2++9.N.-6.1-1.2-4W5	Q12698
005.SCG*LB4.CP-6++4.N.-1.3-5.8-2W1	Q12699
005.SCG*LB4.CP-3++4.N.16.4-6.5-7W3	Q12700
005.SCG*LB2.CP-2++8.N.13.5-1.6-2W1	Q12701
005.SCG*LB1.CP-3++2.N.-7.19-2.20-5W11	Q12702
005.SCG*LB1.CP-2++0.N.23.1-1.4-2W10	Q12703
005.SCG*LB1.CP-3++7.N.-5.13-3.14-5W3	Q12704
005.SCG*LB4.CP--++7.N.15.9-3.13-1W25	Q12705
005.SCG*LB4.CP-3++3.N.-5.10-1.11-4W1	Q12706
005.SCG*LB3.CP15++4.N.24.9-1.9-4W1	Q12707
005.SCG*LB4.CP-2++9.N.-3.11-4.14-7W9	Q12708
005.SCG*LB3.CP-4++8.N.-9.7-4.12-3W31	Q12709
005.SCG*LB1.CP-9++1.N.-9.9-2.14-2W35	Q12710
005.SCG*LB3.CP14++9.N.-7.3-4.8-5W10	Q12711
005.SCG*LB3.CP-2++6.N.17.1-1.3-2W6	Q12712
005.SCG*LB4.CP-3++8.N.-2.8-2.10-2W6	Q12713
005.SCG*LB4.CP--++7.N.17.8-5.9-1W1	Q12714
005.SCG*LB4.CP-3++4.N.10.1-1.2-1W3	Q12715
005.SCG*LB4.CP-9++1.N.-9.21-7.24-6W19	Q12716
005.SCG*LB2.CP-8++0.N.-2.12-4.15-2W10	Q12717
005.SCG*LB1.CP-2++1.N.-4.5-4.9-1W3	Q12718
005.SCG*LB3.CP12++0.N.-8.10-5.14-4W12	Q12719
005.SCG*LB4.CP-1++7.N.-6.6-5.7-2W5	Q12720
005.SCG*LB4.CP-8++3.N.-4.10-6.15-3W21	Q12721
005.SCG*LB4.CP-3++4.N.12.16-3.17-8W5	Q12722
005.SCG*LB3.CP12++3.N.-9.1-1.2-7W4	Q12723
005.SCG*LB4.CP--++9.N.-2.1-1.5-2W24	Q12724
005.SCG*LB4.CP-8++4.N.-3.7-1.10-4W18	Q12725
005.SCG*LB2.CP-7++8.N.-8.40-1.44-7W27	Q12726
005.SCG*LB3.CP-3++1.N.-2.1-2.3-1W3	Q12727
005.SCG*LB4.CP-2++0.N.-3.10-1.10-4W1	Q12728
005.SCG*LB2.CP-6++8.N.-2.5-3.10-3W15	Q12729
005.SCG*LB2.CP-7++3.N.30.9-1.13-7W3	Q12730
005.SCG*LB3.CP15++8.N.-5.15-5.17-2W5	Q12731
005.SCG*LB4.CP-3++4.N.17.18-7.20-8W4	Q12732
005.SCG*LB4.CP-3++0.N.-6.5-8.8-5W12	Q12733
005.SCG*LB2.CP-8++9.N.18.10-4.13-6W2	Q12734
005.SCG*LB2.CP-4++2.N.12.1-1.4-3W9	Q12735
005.SCG*LB3.CP-6++5.N.-9.1-1.2-1W4	Q12736
005.SCG*LB4.CP-3++2.N.-9.1-1.4-2W4	Q12737
005.SCG*LB4.CP-4++5.N.-6.1-1.7-1W4	Q12738
005.SCG*LB3.CP15++7.N.-3.3-5.6-1W1	Q12739
005.SCG*LB4.CP-5++0.N.-3.13-3.15-3W3	Q12740
005.SCG*LB3.CP16++1.N.-3.1-1.5-1W9	Q12741
005.SCG*LB4.CP--++8.N.-5.59-7.64-4W8	Q12742
005.SCG*LB4.CP-3++2.N.-2.17-6.20-4W10	Q12743
005.SCG*LB4.CP-3++4.N.-9.17-6.19-4W15	Q12744
005.SCG*LB4.CP-7++6.N.-7.18-4.19-5W5	Q12745
005.SCG*LB1.CP-9++3.N.-8.6-1.9-2W21	Q12746
005.SCG*LB4.CP-1++7.N.21.5-1.6-7W20	Q12747
005.SCG*LB4.CP--++4.N.-3.8-5.12-4W27	Q12748
005.SCG*LB3.CP14++7.N.-9.1-1.4-2W8	Q12749
005.SCG*LB4.CP--++8.N.-9.34-3.38-2W6	Q12750
005.SCG*LB4.CP-2++1.N.-4.27-1.28-3W6	Q12751
005.SCG*LB2.CP-5++8.N.-4.28-2.29-6W9	Q12752
005.SCG*LB3.CP13++0.N.-6.3-3.5-7W17	Q12753
005.SCG*LB2.CP-3++7.N.-4.11-6.13-8W7	Q12754
005.SCG*LB4.CP-2++6.N.-8.11-4.14-4W13	Q12755
005.SCG*LB4.CP-3++7.N.-4.7-4.9-6W4	Q12756
005.SCG*LB4.CP-2++1.N.-1.8-1.12-5W33	Q12757
005.SCG*LB4.CP-5++0.N.-3.28-2.29-6W4	Q12758
005.SCG*LB4.CP-7++4.N.-2.3-6.7-6W4	Q12759
005.SCG*LB4.CP-3++4.N.-7.5-1.8-5W9	Q12760
005.SCG*LB3.CP12++7.N.-6.1-1.3-5W13	Q12761
005.SCG*LB4.CP-2++9.N.-2.8-2.11-1W3	Q12762
005.SCG*LB4.CP-8++4.N.-2.11-1.15-6W24	Q12763
005.SCG*LB3.CP-7++5.N.-3.5-1.6-2W4	Q12764
005.SCG*LB3.CP-2++3.N.-8.7-1.8-3W5	Q12765
005.SCG*LB2.CP-7++8.N.-9.25-1.27-5W6	Q12766
005.SCG*LB2.CP--++2.N.-2.12-1.12-4W1	Q12767
005.SCG*LB4.CP--++7.N.-9.7-1.7-6W1	Q12768
005.SCG*LB2.CP-7++1.N.-3.14-6.17-7W15	Q12769
005.SCG*LB3.CP-6++3.N.-3.27-1.30-3W21	Q12770
005.SCG*LB1.CP--++4.N.-7.1-1.1-6W6	Q12771
005.SCG*LB4.CP--++5.N.12.5-4.8-2W12	Q12772
005.SCG*LB4.CP-8++6.N.-5.18-3.21-2W4	Q12773
005.SCG*LB4.CP-1++1.N.18.7-7.8-7W9	Q12774
005.SCG*LB4.CP-7++6.N.-1.1-1.8-2W13	Q12775
005.SCG*LB4.CP--++4.N.13.10-5.13-3W20	Q12776
005.SCG*LB4.CP-1++7.N.-3.4-5.5-4W1	Q12777
005.SCG*LB4.CP-2++9.N.10.2-4.7-7W1	Q12778
005.SCG*LB3.CP12++8.N.-5.1-1.1-6W6	Q12779
005.SCG*LB4.CP-2++3.N.11.23-1.26-7W29	Q12780
005.SCG*LB4.CP--++8.N.-3.18-1.18-4W2	Q12781
005.SCG*LB2.CP-3++7.N.-3.3-5.6-4W4	Q12782
005.SCG*LB2.CP-6++1.N.-6.3-4.4-6W1	Q12783
005.SCG*LB1.CP-6++2.N.-5.5-3.8-4W19	Q12784
005.SCG*LB3.CP-8++0.N.11.20-4.22-6W7	Q12785
005.SCG*LB1.CP--++2.N.-1.14-3.17-4W5	Q12786
005.SCG*LB4.CP--++2.N.-5.11-1.11-4W1	Q12787
005.SCG*LB2.CP-8++4.N.-2.1-1.5-8W4	Q12788
005.SCG*LB1.CP-7++5.N.-8.2-2.3-1W1	Q12789
005.SCG*LB3.CP-4++1.N.-9.18-1.18-7W5	Q12790
005.SCG*LB3.CP-5++6.N.-5.13-1.22-4W12	Q12791
005.SCG*LB3.CP-9++2.N.-8.8-1.13-1W6	Q12792
005.SCG*LB2.CP-8++3.N.25.30-1.35-2W14	Q12793
005.SCG*LB4.CP-1++5.N.-1.11-2.12-1W1	Q12794
005.SCG*LB4.CP-3++2.N.-9.1-1.4-2W9	Q12795
005.SCG*LB2.CP-4++7.N.-5.15-3.16-7W6	Q12796
005.SCG*LB3.CP-9++7.N.16.9-4.10-2W7	Q12797
005.SCG*LB3.CP11++5.N.-6.1-1.2-1W4	Q12798
005.SCG*LB1.CP-7++9.N.-5.1-1.2-2W6	Q12799
005.SCG*LB3.CP-7++6.N.-2.4-5.7-4W17	Q12800
005.SCG*LB2.CP-7++3.N.19.22-1.27-1W16	Q12801
005.SCG*LB3.CP-7++2.N.-2.5-4.7-5W7	Q12802
005.SCG*LB2.CP-8++0.N.10.8-1.13-1W3	Q12803
005.SCG*LB2.CP-8++9.N.22.5-2.7-5W11	Q12804
005.SCG*LB1.CP-7++4.N.-4.1-2.8-4W11	Q12805
005.SCG*LB3.CP14++8.N.-6.5-2.7-5W9	Q12806
005.SCG*LB4.CP-1++0.N.13.7-1.10-5W3	Q12807
005.SCG*LB4.CP-7++9.N.-4.4-5.8-3W2	Q12808
005.SCG*LB2.CP-5++9.N.-1.5-1.8-3W1	Q12809
005.SCG*LB4.CP-3++0.N.-2.8-5.10-2W4	Q12810
005.SCG*LB1.CP-8++9.N.-2.4-3.7-1W19	Q12811
005.SCG*LB1.CP-6++0.N.-6.1-1.2-6W8	Q12812
005.SCG*LB1.CP-9++2.N.11.9-4.11-1W1	Q12813
005.SCG*LB4.CP-3++4.N.14.21-4.24-2W22	Q12814
005.SCG*LB3.CP-8++4.N.14.18-1.19-5W2	Q12815
005.SCG*LB2.CP-1++1.N.-4.4-1.4-8W4	Q12816
005.SCG*LB3.CP14++6.N.-1.10-2.12-2W16	Q12817
005.SCG*LB1.CP-4++3.N.13.18-4.24-4W14	Q12818
005.SCG*LB4.CP--++2.N.-4.1-1.4-9W19	Q12819
005.SCG*LB4.CP-1++4.N.-2.1-1.5-5W4	Q12820
005.SCG*LB3.CP--++8.N.10.40-3.43-2W6	Q12821
005.SCG*LB4.CP-8++3.N.20.8-2.10-4W2	Q12822
005.SCG*LB2.CP-2++8.N.11.6-1.10-4W7	Q12823
005.SCG*LB2.CP-7++6.N.19.1-1.9-2W3	Q12824
005.SCG*LB2.CP-2++0.N.-4.13-6.16-1W6	Q12825
005.SCG*LB2.CP-7++3.N.36.1-1.9-4W38	Q12826
005.SCG*LB3.CP13++0.N.-2.33-1.33-5W3	Q12827
005.SCG*LB4.CP-1++3.N.-7.16-4.16-7W1	Q12828
005.SCG*LB2.CP-6++9.N.-9.15-1.22-4W33	Q12829
005.SCG*LB2.CP-6++0.N.11.11-4.13-7W13	Q12830
005.SCG*LB2.CP-7++4.N.-7.10-2.11-2W3	Q12831
005.SCG*LB4.CP-7++3.N.-9.6-4.7-1W3	Q12832
005.SCG*LB2.CP-1++2.N.-5.3-6.6-5W6	Q12833
005.SCG*LB4.CP-7++4.N.-3.14-7.15-4W3	Q12834
005.SCG*LB3.CP-8++7.N.-5.7-1.9-9W16	Q12835
005.SCG*LB2.CP-9++2.N.-9.23-1.26-4W4	Q12836
005.SCG*LB2.CP-6++0.N.-7.3-1.4-3W1	Q12837
005.SCG*LB2.CP-8++2.N.17.5-4.9-2W17	Q12838
005.SCG*LB2.CP-6++4.N.-1.1-1.3-2W7	Q12839
005.SCG*LB1.CP-2++0.N.29.1-1.5-1W4	Q12840
005.SCG*LB1.CP-6++6.N.-2.1-1.3-8W5	Q12841
005.SCG*LB2.CP-8++5.N.13.1-1.4-2W11	Q12842
005.SCG*LB1.CP-9++3.N.-7.14-4.16-4W17	Q12843
005.SCG*LB2.CP-7++5.N.15.47-4.50-2W19	Q12844
005.SCG*LB2.CP-4++9.N.12.1-1.4-4W12	Q12845
005.SCG*LB4.CP-4++7.N.-1.1-1.5-5W26	Q12846
005.SCG*LB3.CP-8++5.N.13.1-1.5-1W7	Q12847
005.SCG*LB4.CP-1++6.N.10.4-2.4-6W1	Q12848
005.SCG*LB2.CP-7++5.N.14.1-1.2-5W5	Q12849
005.SCG*LB4.CP-4++1.N.-7.1-1.11-1W52	Q12850
005.SCG*LB2.CP-7++3.N.33.7-1.8-5W4	Q12851
005.SCG*LB3.CP-6++3.N.-2.5-2.9-5W30	Q12852
005.SCG*LB1.CP-9++1.N.12.34-1.35-1W1	Q12853
005.SCG*LB2.CP--++2.N.-2.7-2.7-6W5	Q12854
005.SCG*LB4.CP-6++4.N.-2.10-1.12-2W11	Q12855
005.SCG*LB2.CP-3++2.N.-6.21-7.23-6W1	Q12856
005.SCG*LB4.CP-8++5.N.-4.8-2.9-1W4	Q12857
005.SCG*LB1.CP-8++7.N.-5.1-1.5-4W7	Q12858
005.SCG*LB4.CP-1++7.N.11.3-1.3-7W1	Q12859
005.SCG*LB3.CP-6++2.N.12.1-1.1-6W6	Q12860
005.SCG*LB4.CP-2++9.N.10.8-1.9-2W10	Q12861
005.SCG*LB2.CP--++2.N.-3.10-5.10-8W4	Q12862
005.SCG*LB3.CP-8++0.N.16.5-2.6-4W6	Q12863
005.SCG*LB3.CP--++5.N.-7.1-1.5-7W10	Q12864
005.SCG*LB4.CP-4++1.N.-5.1-1.2-3W3	Q12865
005.SCG*LB2.CP-3++7.N.-3.6-5.10-4W7	Q12866
005.SCG*LB3.CP12++8.N.-7.14-1.16-6W3	Q12867
005.SCG*LB3.CP12++0.N.15.1-1.4-6W9	Q12868
005.SCG*LB3.CP-8++6.N.14.1-1.4-7W3	Q12869
005.SCG*LB4.CP-3++4.N.-3.14-3.16-5W5	Q12870
005.SCG*LB2.CP-6++2.N.-2.4-3.7-3W10	Q12871
005.SCG*LB4.CP--++1.N.12.5-2.6-3W8	Q12872
005.SCG*LB1.CP-9++3.N.10.17-1.18-1W1	Q12873
005.SCG*LB4.CP-2++4.N.12.18-6.20-3W5	Q12874
005.SCG*LB4.CP-4++3.N.-3.10-5.15-1W15	Q12875
005.SCG*LB4.CP-1++1.N.17.31-4.33-5W17	Q12876
005.SCG*LB4.CP-2++4.N.-5.7-1.8-4W13	Q12877
005.SCG*LB2.CP-5++5.N.14.12-5.16-2W4	Q12878
005.SCG*LB4.CP-3++9.N.-2.2-6.6-1W8	Q12879
005.SCG*LB2.CP-8++9.N.14.4-4.8-5W33	Q12880
005.SCG*LB3.CP13++6.N.14.1-1.4-1W19	Q12881
005.SCG*LB3.CP12++2.N.-4.3-1.5-5W1	Q12882
005.SCG*LB2.CP-4++2.N.-1.1-1.6-5W18	Q12883
005.SCG*LB1.CP-9++1.N.10.3-2.3-5W1	Q12884
005.SCG*LB1.CP-2++9.N.-2.7-1.10-4W23	Q12885
005.SCG*LB4.CP--++4.N.-5.1-1.2-1W1	Q12886
005.SCG*LB3.CP15++1.N.-7.4-2.5-5W9	Q12887
005.SCG*LB4.CP-5++0.N.-3.24-2.28-1W26	Q12888
005.SCG*LB4.CP-2++3.N.14.1-1.2-3W7	Q12889
005.SCG*LB3.CP-8++1.N.-1.23-4.24-1W2	Q12890
005.SCG*LB4.CP-2++2.N.-5.19-1.19-5W7	Q12891
005.SCG*LB4.CP-3++4.N.15.1-2.4-4W3	Q12892
005.SCG*LB4.CP-3++4.N.17.1-1.7-1W3	Q12893
005.SCG*LB3.CP15++0.N.-7.1-2.3-6W13	Q12894
005.SCG*LB3.CP-4++7.N.-6.31-4.37-4W26	Q12895
005.SCG*LB3.CP-8++4.N.10.1-1.7-8W8	Q12896
005.SCG*LB3.CP-8++8.N.-5.5-3.7-6W2	Q12897
005.SCG*LB1.CP-5++9.N.-3.25-3.32-3W34	Q12898
005.SCG*LB4.CP-9++7.N.-7.1-1.6-1W28	Q12899
005.SCG*LB4.CP--++5.N.-3.1-1.1-4W1	Q12900
005.SCG*LB4.CP-3++4.N.13.1-2.4-4W7	Q12901
005.SCG*LB4.CP--++8.N.-5.64-5.66-4W8	Q12902
005.SCG*LB4.CP--++4.N.15.19-1.23-2W15	Q12903
005.SCG*LB3.CP-2++5.N.-4.1-1.3-5W4	Q12904
005.SCG*LB4.CP-1++9.N.12.5-4.6-6W9	Q12905
005.SCG*LB3.CP-6++7.N.-7.1-1.3-2W4	Q12906
005.SCG*LB4.CP-2++3.N.14.2-4.5-2W16	Q12907
005.SCG*LB2.CP-6++0.N.-7.3-1.4-3W5	Q12908
005.SCG*LB3.CP11++4.N.-1.13-3.13-6W3	Q12909
005.SCG*LB1.CP-5++7.N.-5.4-2.5-3W4	Q12910
005.SCG*LB4.CP-1++1.N.16.26-1.26-8W2	Q12911
005.SCG*LB3.CP-7++5.N.-8.1-1.4-1W4	Q12912
005.SCG*LB3.CP15++0.N.-9.1-1.5-6W24	Q12913
005.SCG*LB4.CP--++4.N.11.5-3.8-4W4	Q12914
005.SCG*LB2.CP-6++9.N.-5.17-1.21-1W4	Q12915
005.SCG*LB3.CP-2++0.N.-5.15-5.19-7W6	Q12916
005.SCG*LB4.CP-2++6.N.-6.5-2.7-4W15	Q12917
005.SCG*LB3.CP-8++0.N.-5.8-1.11-4W3	Q12918
005.SCG*LB2.CP-7++8.N.-2.1-1.7-8W1	Q12919
005.SCG*LB4.CP-7++4.N.-7.17-4.23-1W30	Q12920
005.SCG*LB3.CP-5++2.N.-7.1-1.1-6W6	Q12921
005.SCG*LB4.CP-4++9.N.11.21-1.23-6W12	Q12922
005.SCG*LB2.CP-4++3.N.10.6-1.9-2W3	Q12923
005.SCG*LB2.CP-8++9.N.-3.1-1.5-3W4	Q12924
005.SCG*LB4.CP-3++4.N.30.1-2.2-1W2	Q12925
005.SCG*LB4.CP-7++8.N.-5.11-4.12-8W7	Q12926
005.SCG*LB1.CP--++1.N.-4.10-1.12-5W16	Q12927
005.SCG*LB4.CP--++6.N.-7.3-3.3-6W1	Q12928
005.SCG*LB3.CP-8++3.N.-2.8-1.12-2W2	Q12929
005.SCG*LB2.CP-8++7.N.-7.2-3.9-7W42	Q12930
005.SCG*LB4.CP-3++7.N.11.1-1.3-3W9	Q12931
005.SCG*LB4.CP-3++4.N.-2.15-4.17-2W7	Q12932
005.SCG*LB2.CP-1++2.N.-2.5-3.9-6W31	Q12933
005.SCG*LB4.CP-7++6.N.-8.1-1.3-6W4	Q12934
005.SCG*LB2.CP-2++8.N.17.3-1.8-8W26	Q12935
005.SCG*LB4.CP-2++2.N.-7.1-1.5-2W9	Q12936
005.SCG*LB4.CP-2++3.N.12.17-1.19-3W18	Q12937
005.SCG*LB3.CP-9++8.N.-6.19-1.19-5W3	Q12938
005.SCG*LB1.CP-4++4.N.-7.13-1.15-7W22	Q12939
005.SCG*LB1.CP-3++9.N.-8.2-1.2-5W1	Q12940
005.SCG*LB3.CP--++8.N.-4.1-2.3-2W4	Q12941
005.SCG*LB4.CP-1++3.N.-7.19-1.19-5W1	Q12942
005.SCG*LB4.CP-5++0.N.-7.3-5.6-1W17	Q12943
005.SCG*LB4.CP-2++0.N.-6.7-2.7-5W1	Q12944
005.SCG*LB2.CP-6++2.N.12.1-2.2-4W5	Q12945
005.SCG*LB3.CP-9++2.N.-7.7-1.10-3W6	Q12946
005.SCG*LB4.CP-2++2.N.-6.20-5.21-4W4	Q12947
005.SCG*LB2.CP-4++4.N.12.1-2.7-3W14	Q12948
005.SCG*LB1.CP-8++5.N.-2.1-1.3-1W13	Q12949
005.SCG*LB4.CP-2++5.N.-2.10-1.14-3W4	Q12950
005.SCG*LB3.CP15++4.N.19.13-5.14-2W5	Q12951
005.SCG*LB2.CP-6++0.N.22.1-2.3-2W9	Q12952
005.SCG*LB4.CP--++8.N.-2.11-6.15-5W2	Q12953
005.SCG*LB1.CP-7++0.N.-3.15-5.19-1W18	Q12954
005.SCG*LB4.CP--++8.N.-9.60-2.66-1W27	Q12955
005.SCG*LB4.CP-5++2.N.10.13-1.13-6W4	Q12956
005.SCG*LB4.CP-8++9.N.-3.20-5.22-6W6	Q12957
005.SCG*LB2.CP-8++3.N.-2.2-7.6-4W13	Q12958
005.SCG*LB2.CP-8++3.N.31.10-1.14-7W19	Q12959
005.SCG*LB3.CP13++5.N.16.5-4.6-4W4	Q12960
005.SCG*LB1.CP-1++2.N.-2.1-1.3-6W4	Q12961
005.SCG*LB4.CP-1++3.N.-3.14-6.17-6W8	Q12962
005.SCG*LB3.CP-7++4.N.-7.1-1.2-1W4	Q12963
005.SCG*LB2.CP-7++3.N.11.6-3.8-4W12	Q12964
005.SCG*LB4.CP-8++1.N.10.9-1.10-8W1	Q12965
005.SCG*LB4.CP--++3.N.-1.15-1.15-4W1	Q12966
005.SCG*LB1.CP-9++7.N.-3.12-1.12-6W6	Q12967
005.SCG*LB4.CP--++8.N.-3.8-1.10-4W18	Q12968
005.SCG*LB4.CP-9++1.N.-6.8-5.11-1W18	Q12969
005.SCG*LB2.CP--++6.N.-2.1-1.4-3W18	Q12970
005.SCG*LB3.CP-4++0.N.-4.16-5.19-1W14	Q12971
005.SCG*LB3.CP-5++5.N.-6.7-4.12-1W4	Q12972
005.SCG*LB2.CP-4++3.N.-9.9-2.11-5W4	Q12973
005.SCG*LB4.CP-3++7.N.-1.9-1.18-2W45	Q12974
005.SCG*LB2.CP-6++5.N.-8.1-1.4-3W5	Q12975
005.SCG*LB4.CP-2++9.N.-7.18-2.21-5W17	Q12976
005.SCG*LB4.CP--++8.N.-4.1-1.3-2W4	Q12977
005.SCG*LB4.CP--++7.N.-5.12-2.13-1W1	Q12978
005.SCG*LB3.CP-2++3.N.-3.4-5.8-8W23	Q12979
005.SCG*LB4.CP-8++9.N.-5.8-2.12-1W4	Q12980
005.SCG*LB4.CP--++8.N.11.1-1.5-4W4	Q12981
005.SCG*LB4.CP-1++0.N.-4.20-1.24-8W4	Q12982
005.SCG*LB4.CP-3++4.N.-6.3-3.5-5W3	Q12983
005.SCG*LB2.CP-3++3.N.-8.7-5.10-7W4	Q12984
005.SCG*LB4.CP-5++3.N.18.1-1.7-1W15	Q12985
005.SCG*LB4.CP--++7.N.13.6-5.10-2W17	Q12986
005.SCG*LB4.CP--++3.N.-1.4-1.5-1W1	Q12987
005.SCG*LB2.CP-2++5.N.--.1-1.2-3W3	Q12988
005.SCG*LB2.CP-2++1.N.10.9-2.14-2W45	Q12989
005.SCG*LB4.CP--++8.N.-9.55-6.57-1W5	Q12990
005.SCG*LB4.CP-3++7.N.11.4-3.5-2W7	Q12991
005.SCG*LB3.CP14++8.N.-7.1-1.1-6W6	Q12992
005.SCG*LB3.CP12++2.N.-2.5-1.7-3W16	Q12993
005.SCG*LB4.CP-1++3.N.-7.17-5.18-6W8	Q12994
005.SCG*LB2.CP-3++8.N.10.1-1.2-3W4	Q12995
005.SCG*LB2.CP--++5.N.--.1-1.1-2W2	Q12996
005.SCG*LB4.CP-4++3.N.-2.6-5.8-7W3	Q12997
005.SCG*LB2.CP-2++3.N.12.1-1.3-5W9	Q12998
005.SCG*LB3.CP12++4.N.-7.1-1.1-6W4	Q12999
005.SCG*LB2.CP-7++3.N.-4.1-2.6-3W14	Q13000
005.SCG*LB2.CP-6++9.N.-9.4-3.12-5W29	Q13001
005.SCG*LB4.CP-3++7.N.10.19-1.26-1W5	Q13002
005.SCG*LB1.CP-6++7.N.-9.9-3.14-7W35	Q13003
005.SCG*LB4.CP--++5.N.11.30-1.31-3W6	Q13004
005.SCG*LB3.CP11++8.N.-6.1-1.2-1W4	Q13005
005.SCG*LB4.CP--++4.N.-8.1-1.1-5W3	Q13006
005.SCG*LB3.CP12++6.N.-1.10-2.11-5W4	Q13007
005.SCG*LB4.CP-4++0.N.12.5-6.6-7W6	Q13008
005.SCG*LB4.CP--++1.N.11.25-5.26-3W4	Q13009
005.SCG*LB4.CP-3++2.N.-7.8-5.10-6W3	Q13010
005.SCG*LB1.CP-1++8.N.-6.1-2.5-1W17	Q13011
005.SCG*LB3.CP-5++9.N.-6.5-1.9-2W16	Q13012
005.SCG*LB2.CP-7++8.N.-3.3-5.5-7W3	Q13013
005.SCG*LB4.CP-4++7.N.-1.1-1.5-5W10	Q13014
005.SCG*LB1.CP-3++9.N.-4.5-4.7-1W6	Q13015
005.SCG*LB3.CP-5++1.N.-6.11-5.14-4W25	Q13016
005.SCG*LB3.CP-6++6.N.-8.5-1.8-1W6	Q13017
005.SCG*LB4.CP--++6.N.14.2-3.8-2W23	Q13018
005.SCG*LB3.CP--++8.N.13.1-1.7-3W43	Q13019
005.SCG*LB4.CP-2++4.N.-4.1-2.2-3W4	Q13020
005.SCG*LB4.CP--++8.N.-5.29-1.30-2W9	Q13021
005.SCG*LB4.CP-1++7.N.-9.12-1.14-2W11	Q13022
005.SCG*LB4.CP-1++3.N.-5.13-4.17-4W14	Q13023
005.SCG*LB4.CP-1++2.N.-2.1-1.5-3W17	Q13024
005.SCG*LB4.CP-1++6.N.-2.1-1.2-2W1	Q13025
005.SCG*LB1.CP-2++2.N.10.6-5.6-8W2	Q13026
005.SCG*LB2.CP-6++2.N.-9.13-1.15-3W1	Q13027
005.SCG*LB1.CP-9++3.N.10.19-5.22-5W12	Q13028
005.SCG*LB2.CP-2++6.N.-7.1-1.1-6W6	Q13029
005.SCG*LB1.CP-2++6.N.10.14-3.17-3W5	Q13030
005.SCG*LB4.CP-9++1.N.-8.9-7.11-3W12	Q13031
005.SCG*LB2.CP-9++2.N.-8.7-4.11-2W14	Q13032
005.SCG*LB2.CP-7++6.N.-8.1-1.5-3W3	Q13033
005.SCG*LB1.CP-9++5.N.-7.1-1.2-1W5	Q13034
005.SCG*LB3.CP12++3.N.-6.8-1.10-3W17	Q13035
005.SCG*LB1.CP-4++3.N.-6.6-2.8-4W5	Q13036
005.SCG*LB4.CP-2++3.N.-4.22-4.23-2W8	Q13037
005.SCG*LB3.CP-9++3.N.-6.10-1.10-8W3	Q13038
005.SCG*LB2.CP-8++2.N.10.13-1.18-5W8	Q13039
005.SCG*LB2.CP-8++5.N.11.6-1.9-3W9	Q13040
005.SCG*LB2.CP--++2.N.-4.13-5.14-1W4	Q13041
005.SCG*LB3.CP12++0.N.24.5-1.7-3W18	Q13042
005.SCG*LB4.CP--++6.N.10.7-4.8-2W1	Q13043
005.SCG*LB2.CP-6++7.N.-4.2-5.5-2W12	Q13044
005.SCG*LB3.CP15++8.N.-5.6-1.7-8W15	Q13045
005.SCG*LB4.CP-2++0.N.-3.11-3.15-1W14	Q13046
005.SCG*LB2.CP-6++0.N.-5.17-3.19-2W13	Q13047
005.SCG*LB2.CP-7++2.N.-6.1-1.6-6W7	Q13048
005.SCG*LB3.CP-3++8.N.-1.5-5.9-2W27	Q13049
005.SCG*LB4.CP-4++7.N.-3.5-6.8-3W9	Q13050
005.SCG*LB2.CP-6++9.N.-5.1-1.4-4W17	Q13051
005.SCG*LB1.CP-3++1.N.-2.8-3.11-3W7	Q13052
005.SCG*LB2.CP-5++8.N.11.3-1.10-3W38	Q13053
005.SCG*LB4.CP-1++7.N.15.6-4.7-1W1	Q13054
005.SCG*LB3.CP13++0.N.-2.20-5.21-4W4	Q13055
005.SCG*LB1.CP-5++5.N.-2.6-6.10-4W1	Q13056
005.SCG*LB2.CP-7++1.N.-1.1-1.7-6W44	Q13057
005.SCG*LB4.CP-6++2.N.-1.12-2.14-5W6	Q13058
005.SCG*LB4.CP--++1.N.11.16-5.17-3W5	Q13059
005.SCG*LB4.CP--++8.N.-3.22-4.24-1W3	Q13060
005.SCG*LB4.CP-3++5.N.-5.16-2.17-5W3	Q13061
005.SCG*LB3.CP14++6.N.-7.8-1.11-1W4	Q13062
005.SCG*LB1.CP-3++0.N.-2.23-1.27-1W16	Q13063
005.SCG*LB4.CP-6++2.N.-5.28-1.30-2W4	Q13064
005.SCG*LB1.CP-2++6.N.11.28-1.31-1W7	Q13065
005.SCG*LB3.CP-9++7.N.16.11-6.12-4W3	Q13066
005.SCG*LB4.CP-8++2.N.-4.2-2.3-6W10	Q13067
005.SCG*LB4.CP-4++1.N.10.12-1.16-1W10	Q13068
005.SCG*LB2.CP-8++5.N.11.10-1.14-3W16	Q13069
005.SCG*LB4.CP--++8.N.-2.19-4.26-1W43	Q13070
005.SCG*LB4.CP-4++7.N.-2.4-4.6-2W4	Q13071
005.SCG*LB3.CP14++6.N.-8.7-7.9-3W7	Q13072
005.SCG*LB1.CP-9++1.N.12.1-1.7-6W20	Q13073
005.SCG*LB3.CP-2++4.N.-2.10-2.13-1W4	Q13074
005.SCG*LB4.CP-1++7.N.-1.6-4.7-4W1	Q13075
005.SCG*LB1.CP-1++3.N.21.1-1.5-6W29	Q13076
005.SCG*LB1.CP-8++9.N.12.9-2.11-3W11	Q13077
005.SCG*LB4.CP-7++4.N.-2.45-2.48-2W6	Q13078
005.SCG*LB3.CP-8++1.N.-5.7-5.9-1W8	Q13079
005.SCG*LB1.CP-6++9.N.10.9-5.11-2W9	Q13080
005.SCG*LB4.CP-1++7.N.10.4-3.4-7W4	Q13081
005.SCG*LB4.CP-3++2.N.11.1-1.6-1W32	Q13082
005.SCG*LB4.CP-2++4.N.-3.5-4.7-2W3	Q13083
005.SCG*LB2.CP-9++5.N.-2.13-5.17-1W9	Q13084
005.SCG*LB3.CP-9++2.N.-9.10-1.12-5W11	Q13085
005.SCG*LB3.CP-8++4.N.-2.11-4.13-1W14	Q13086
005.SCG*LB4.CP-5++5.N.-4.6-2.10-1W18	Q13087
005.SCG*LB1.CP-3++8.N.-4.1-2.3-1W10	Q13088
005.SCG*LB4.CP--++6.N.-1.1-1.7-1W40	Q13089
005.SCG*LB1.CP-7++0.N.-7.1-1.4-5W5	Q13090
005.SCG*LB3.CP12++0.N.-5.1-2.4-5W2	Q13091
005.SCG*LB2.CP-7++8.N.11.4-6.9-3W3	Q13092
005.SCG*LB4.CP-6++2.N.-4.13-1.15-1W4	Q13093
005.SCG*LB4.CP-2++4.N.-4.3-5.5-2W4	Q13094
005.SCG*LB4.CP-3++8.N.-9.1-2.4-7W17	Q13095
005.SCG*LB4.CP-3++4.N.-1.1-1.4-1W18	Q13096
005.SCG*LB2.CP-5++8.N.-4.21-7.24-1W6	Q13097
005.SCG*LB4.CP--++8.N.-5.5-6.6-7W4	Q13098
005.SCG*LB4.CP-1++3.N.-5.1-1.5-3W6	Q13099
005.SCG*LB4.CP--++2.N.-5.6-1.6-4W5	Q13100
005.SCG*LB3.CP-4++2.N.-7.19-1.22-3W3	Q13101
005.SCG*LB4.CP-7++4.N.-6.1-1.7-5W23	Q13102
005.SCG*LB4.CP-3++4.N.-3.13-2.13-4W2	Q13103
005.SCG*LB4.CP--++7.N.14.1-2.3-6W16	Q13104
005.SCG*LB4.CP-1++8.N.-4.10-2.11-3W3	Q13105
005.SCG*LB1.CP-2++5.N.10.7-1.8-1W6	Q13106
005.SCG*LB2.CP-1++3.N.-5.1-1.5-2W15	Q13107
005.SCG*LB4.CP-2++9.N.-8.3-1.6-3W17	Q13108
005.SCG*LB3.CP10++5.N.11.1-1.3-2W14	Q13109
005.SCG*LB3.CP12++0.N.12.7-1.10-2W18	Q13110
005.SCG*LB1.CP-3++3.N.-1.1-1.4-8W18	Q13111
005.SCG*LB2.CP-7++8.N.-8.24-4.26-5W3	Q13112
005.SCG*LB4.CP-8++3.N.23.10-1.18-6W5	Q13113
005.SCG*LB2.CP-8++3.N.16.15-3.20-1W3	Q13114
005.SCG*LB3.CP-8++0.N.-5.11-5.15-5W3	Q13115
005.SCG*LB4.CP-1++7.N.-1.4-3.4-7W5	Q13116
005.SCG*LB2.CP-2++5.N.10.1-2.8-4W34	Q13117
005.SCG*LB4.CP-3++5.N.-4.1-2.2-5W7	Q13118
005.SCG*LB3.CP12++0.N.12.4-1.5-1W4	Q13119
005.SCG*LB3.CP-2++1.N.-4.1-2.2-7W10	Q13120
005.SCG*LB2.CP-9++2.N.-3.10-1.17-3W3	Q13121
005.SCG*LB4.CP--++6.N.12.5-1.6-5W8	Q13122
005.SCG*LB1.CP-3++7.N.-2.1-1.2-5W6	Q13123
005.SCG*LB4.CP-3++4.N.-7.5-1.8-5W25	Q13124
005.SCG*LB3.CP15++0.N.-8.3-1.3-5W1	Q13125
005.SCG*LB2.CP-8++9.N.-2.1-1.7-4W9	Q13126
005.SCG*LB4.CP-2++6.N.-8.5-1.7-6W4	Q13127
005.SCG*LB4.CP-1++1.N.19.3-5.5-2W12	Q13128
005.SCG*LB2.CP-9++5.N.-5.1-1.4-5W9	Q13129
005.SCG*LB1.CP-9++5.N.-8.1-1.6-4W24	Q13130
005.SCG*LB3.CP12++7.N.-5.5-4.6-2W5	Q13131
005.SCG*LB1.CP-8++3.N.-5.7-1.7-6W4	Q13132
005.SCG*LB3.CP14++3.N.-6.1-1.2-1W4	Q13133
005.SCG*LB4.CP--++7.N.-4.9-4.10-4W7	Q13134
005.SCG*LB3.CP14++4.N.-2.2-6.3-5W6	Q13135
005.SCG*LB3.CP--++8.N.-8.20-4.23-1W14	Q13136
005.SCG*LB3.CP-7++9.N.-5.8-4.9-6W5	Q13137
005.SCG*LB3.CP-3++9.N.-5.3-3.6-1W5	Q13138
005.SCG*LB4.CP-3++4.N.22.43-3.47-2W8	Q13139
005.SCG*LB2.CP-4++1.N.-6.3-4.4-5W9	Q13140
005.SCG*LB3.CP14++8.N.-3.6-3.7-2W2	Q13141
005.SCG*LB3.CP12++2.N.-5.9-4.10-4W7	Q13142
005.SCG*LB4.CP-3++7.N.-6.4-2.6-7W18	Q13143
005.SCG*LB4.CP-7++8.N.-2.13-1.16-7W25	Q13144
005.SCG*LB4.CP-8++3.N.16.12-1.12-4W1	Q13145
005.SCG*LB3.CP15++0.N.-8.5-1.8-1W18	Q13146
005.SCG*LB3.CP--++3.N.-9.1-2.3-7W11	Q13147
005.SCG*LB2.CP-1++1.N.-1.1-1.7-4W25	Q13148
005.SCG*LB3.CP14++2.N.-6.1-1.2-1W4	Q13149
005.SCG*LB4.CP--++5.N.12.8-3.9-7W7	Q13150
005.SCG*LB4.CP-1++7.N.10.4-1.4-2W2	Q13151
005.SCG*LB4.CP-4++9.N.-6.4-5.7-8W25	Q13152
005.SCG*LB3.CP14++9.N.-1.1-1.3-2W2	Q13153
005.SCG*LB4.CP--++1.N.11.33-6.34-6W2	Q13154
005.SCG*LB3.CP--++7.N.-3.3-7.6-1W14	Q13155
005.SCG*LB1.CP-4++2.N.-7.27-3.28-5W12	Q13156
005.SCG*LB1.CP-4++2.N.19.3-1.8-7W8	Q13157
005.SCG*LB3.CP10++5.N.12.9-1.11-6W17	Q13158
005.SCG*LB4.CP--++2.N.-4.21-1.27-2W28	Q13159
005.SCG*LB3.CP15++1.N.-6.5-3.9-5W15	Q13160
005.SCG*LB3.CP11++2.N.11.1-1.2-1W4	Q13161
005.SCG*LB4.CP--++8.N.-9.52-1.54-4W14	Q13162
005.SCG*LB4.CP--++8.N.-8.39-4.39-7W1	Q13163
005.SCG*LB2.CP-5++4.N.-5.3-1.8-2W10	Q13164
005.SCG*LB3.CP--++5.N.-3.1-2.2-6W7	Q13165
005.SCG*LB3.CP-9++9.N.-3.1-2.4-4W18	Q13166
005.SCG*LB2.CP-1++2.N.-3.14-2.15-2W1	Q13167
005.SCG*LB3.CP16++2.N.-6.2-2.2-6W2	Q13168
005.SCG*LB3.CP--++1.N.-6.5-2.11-5W15	Q13169
005.SCG*LB1.CP--++5.N.-7.1-1.1-5W3	Q13170
005.SCG*LB3.CP11++7.N.-7.1-1.2-1W4	Q13171
005.SCG*LB3.CP12++0.N.-1.13-1.16-1W16	Q13172
005.SCG*LB4.CP-3++4.N.25.26-2.28-6W17	Q13173
005.SCG*LB4.CP--++4.N.16.9-4.13-2W4	Q13174
005.SCG*LB2.CP-1++3.N.-4.1-1.3-6W8	Q13175
005.SCG*LB4.CP-3++5.N.-4.20-5.22-7W4	Q13176
005.SCG*LB3.CP-9++7.N.17.6-1.8-5W14	Q13177
005.SCG*LB1.CP-6++6.N.10.5-5.7-4W5	Q13178
005.SCG*LB4.CP--++8.N.-6.7-2.9-2W12	Q13179
005.SCG*LB4.CP-8++3.N.-2.8-5.11-3W18	Q13180
005.SCG*LB1.CP-9++9.N.-6.1-1.2-3W4	Q13181
005.SCG*LB3.CP13++3.N.-2.15-2.16-4W4	Q13182
005.SCG*LB3.CP12++8.N.-8.7-1.7-5W2	Q13183
005.SCG*LB4.CP-3++4.N.11.10-1.12-1W3	Q13184
005.SCG*LB4.CP-2++4.N.-2.34-7.36-7W4	Q13185
005.SCG*LB4.CP-1++4.N.-9.1-1.4-5W4	Q13186
005.SCG*LB4.CP-1++1.N.13.33-1.36-4W21	Q13187
005.SCG*LB1.CP-2++7.N.-9.11-1.14-6W3	Q13188
005.SCG*LB4.CP-3++5.N.-2.9-7.11-7W3	Q13189
005.SCG*LB4.CP-1++3.N.-5.30-5.34-3W8	Q13190
005.SCG*LB3.CP12++8.N.-6.20-3.25-5W11	Q13191
005.SCG*LB1.CP-6++3.N.-4.16-2.18-5W17	Q13192
005.SCG*LB2.CP-2++2.N.-3.6-2.8-4W19	Q13193
005.SCG*LB3.CP-1++2.N.-5.1-1.1-4W4	Q13194
005.SCG*LB1.CP-9++6.N.-6.1-1.2-1W5	Q13195
005.SCG*LB4.CP-1++7.N.-3.2-4.2-7W1	Q13196
005.SCG*LB4.CP-5++5.N.16.27-1.30-6W24	Q13197
005.SCG*LB4.CP-5++5.N.10.20-1.25-2W3	Q13198
005.SCG*LB2.CP-7++8.N.-9.25-1.27-5W15	Q13199
005.SCG*LB4.CP-1++9.N.11.3-1.3-4W1	Q13200
005.SCG*LB2.CP-8++3.N.18.9-1.12-4W9	Q13201
005.SCG*LB3.CP-2++5.N.-6.5-2.11-2W31	Q13202
005.SCG*LB2.CP-2++8.N.-4.9-1.12-3W18	Q13203
005.SCG*LB4.CP-2++4.N.-9.7-5.8-5W4	Q13204
005.SCG*LB4.CP-5++7.N.-3.1-1.5-3W15	Q13205
005.SCG*LB2.CP-9++2.N.-3.20-1.20-2W1	Q13206
005.SCG*LB3.CP15++4.N.-5.7-2.7-5W4	Q13207
005.SCG*LB4.CP-1++1.N.18.21-5.24-4W8	Q13208
005.SCG*LB2.CP-9++2.N.11.2-2.2-5W1	Q13209
005.SCG*LB4.CP--++5.N.-8.1-1.6-3W10	Q13210
005.SCG*LB3.CP-8++0.N.-7.6-1.9-2W2	Q13211
005.SCG*LB2.CP-1++2.N.-4.1-2.6-4W31	Q13212
005.SCG*LB2.CP-2++5.N.17.4-2.5-7W7	Q13213
005.SCG*LB3.CP12++3.N.-9.2-8.3-7W3	Q13214
005.SCG*LB4.CP-3++5.N.-4.8-4.10-2W3	Q13215
005.SCG*LB4.CP--++8.N.-5.13-2.13-6W1	Q13216
005.SCG*LB4.CP-5++3.N.18.10-4.10-9W4	Q13217
005.SCG*LB4.CP--++2.N.-5.4-4.5-3W6	Q13218
005.SCG*LB3.CP-6++2.N.13.1-1.6-5W9	Q13219
005.SCG*LB3.CP-9++5.N.14.19-3.19-6W4	Q13220
005.SCG*LB2.CP-7++8.N.12.7-2.14-2W4	Q13221
005.SCG*LB4.CP-2++6.N.-7.22-2.23-4W6	Q13222
005.SCG*LB2.CP-6++0.N.-8.10-2.13-7W3	Q13223
005.SCG*LB1.CP-3++0.N.-4.1-1.7-6W7	Q13224
005.SCG*LB1.CP-2++2.N.-3.1-1.5-4W5	Q13225
005.SCG*LB1.CP-1++7.N.-3.4-1.6-1W12	Q13226
005.SCG*LB2.CP-8++3.N.23.6-3.10-1W20	Q13227
005.SCG*LB4.CP-1++7.N.12.3-1.3-4W1	Q13228
005.SCG*LB4.CP-6++2.N.-1.14-6.16-3W11	Q13229
005.SCG*LB2.CP-4++3.N.10.1-1.5-4W17	Q13230
005.SCG*LB4.CP-1++8.N.-7.7-1.12-1W16	Q13231
005.SCG*LB2.CP-8++3.N.14.1-1.5-2W3	Q13232
005.SCG*LB3.CP-8++8.N.-4.1-2.5-4W17	Q13233
005.SCG*LB4.CP-2++4.N.-5.4-1.4-3W1	Q13234
005.SCG*LB1.CP-2++0.N.22.3-3.9-6W38	Q13235
005.SCG*LB4.CP-7++6.N.-7.11-1.14-4W25	Q13236
005.SCG*LB1.CP-9++3.N.10.6-1.10-2W9	Q13237
005.SCG*LB4.CP-9++1.N.-8.4-2.5-2W1	Q13238
005.SCG*LB4.CP--++6.N.-5.1-2.2-1W2	Q13239
005.SCG*LB2.CP-7++7.N.-4.1-1.7-1W34	Q13240
005.SCG*LB4.CP-2++4.N.-4.8-4.9-3W2	Q13241
005.SCG*LB3.CP-4++4.N.-4.8-3.14-6W25	Q13242
005.SCG*LB4.CP-3++3.N.--.1-1.5-1W4	Q13243
005.SCG*LB1.CP-2++6.N.-1.1-1.3-6W8	Q13244
005.SCG*LB1.CP-1++7.N.-6.1-1.6-2W13	Q13245
005.SCG*LB3.CP-8++0.N.18.3-1.6-4W1	Q13246
005.SCG*LB4.CP--++4.N.14.21-5.22-1W4	Q13247
005.SCG*LB4.CP--++1.N.12.15-2.16-3W5	Q13248
005.SCG*LB4.CP-3++4.N.-5.9-4.11-2W3	Q13249
005.SCG*LB4.CP-1++7.N.11.6-3.6-6W4	Q13250
005.SCG*LB2.CP-7++8.N.-5.1-2.3-1W2	Q13251
005.SCG*LB3.CP15++9.N.-1.15-1.18-5W29	Q13252
005.SCG*LB3.CP-6++2.N.11.4-1.6-7W20	Q13253
005.SCG*LB2.CP-8++9.N.-7.5-4.8-5W17	Q13254
005.SCG*LB4.CP--++8.N.-5.1-1.5-5W8	Q13255
005.SCG*LB3.CP13++2.N.19.11-1.12-3W10	Q13256
005.SCG*LB4.CP-7++1.N.-8.2-2.3-1W1	Q13257
005.SCG*LB3.CP10++1.N.-1.1-1.3-5W15	Q13258
005.SCG*LB4.CP-4++1.N.10.3-5.11-6W29	Q13259
005.SCG*LB3.CP-2++0.N.-5.22-4.23-6W6	Q13260
005.SCG*LB4.CP-3++5.N.-4.10-3.12-5W1	Q13261
005.SCG*LB2.CP-5++8.N.-4.18-3.21-6W21	Q13262
005.SCG*LB1.CP-2++8.N.-9.14-2.15-6W10	Q13263
005.SCG*LB4.CP--++3.N.-2.3-1.3-4W1	Q13264
005.SCG*LB4.CP-2++3.N.10.6-2.7-4W4	Q13265
005.SCG*LB4.CP-1++2.N.-3.10-2.13-1W19	Q13266
005.SCG*LB1.CP-6++8.N.-5.1-2.4-5W24	Q13267
005.SCG*LB4.CP-3++4.N.-8.5-4.6-2W3	Q13268
005.SCG*LB4.CP-4++8.N.-2.4-1.6-6W15	Q13269
005.SCG*LB2.CP-3++9.N.-6.12-6.13-5W4	Q13270
005.SCG*LB4.CP-6++3.N.-5.1-1.7-2W12	Q13271
005.SCG*LB1.CP-3++3.N.-6.3-5.8-4W32	Q13272
005.SCG*LB3.CP-7++5.N.15.1-1.2-1W4	Q13273
005.SCG*LB4.CP--++7.N.21.8-6.10-3W6	Q13274
005.SCG*LB1.CP-3++4.N.-2.26-6.29-2W13	Q13275
005.SCG*LB3.CP--++3.N.11.1-1.2-2W7	Q13276
005.SCG*LB4.CP-3++6.N.-1.1-1.4-2W12	Q13277
005.SCG*LB3.CP-5++0.N.-7.8-3.12-2W13	Q13278
005.SCG*LB4.CP-8++2.N.10.1-1.2-1W4	Q13279
005.SCG*LB3.CP-8++0.N.16.3-1.5-1W11	Q13280
005.SCG*LB3.CP-4++9.N.-8.16-4.19-8W12	Q13281
005.SCG*LB4.CP-2++3.N.-3.14-6.18-6W21	Q13282
005.SCG*LB4.CP-2++3.N.11.6-7.8-8W18	Q13283
005.SCG*LB4.CP-8++6.N.-3.15-5.20-4W7	Q13284
005.SCG*LB2.CP-8++4.N.-7.8-7.15-7W45	Q13285
005.SCG*LB4.CP--++4.N.14.13-1.15-1W14	Q13286
005.SCG*LB3.CP-4++2.N.-4.18-3.20-3W9	Q13287
005.SCG*LB2.CP-7++3.N.30.9-1.13-7W33	Q13288
005.SCG*LB2.CP-7++8.N.11.9-4.10-8W14	Q13289
005.SCG*LB4.CP-1++3.N.-9.16-7.17-4W6	Q13290
005.SCG*LB1.CP-3++1.N.-1.1-1.3-6W12	Q13291
005.SCG*LB1.CP-2++2.N.-7.2-2.4-3W3	Q13292
005.SCG*LB4.CP--++6.N.12.2-1.3-2W1	Q13293
005.SCG*LB3.CP-8++6.N.-8.1-1.6-6W24	Q13294
005.SCG*LB4.CP--++8.N.-7.48-1.52-7W10	Q13295
005.SCG*LB3.CP-6++5.N.-2.3-3.5-3W8	Q13296
005.SCG*LB3.CP12++0.N.22.1-1.2-8W5	Q13297
005.SCG*LB3.CP15++4.N.24.12-6.15-7W25	Q13298
005.SCG*LB2.CP--++4.N.-4.1-1.3-1W6	Q13299
005.SCG*LB2.CP-2++4.N.-5.6-5.7-5W9	Q13300
005.SCG*LB4.CP-3++4.N.14.10-2.13-6W6	Q13301
005.SCG*LB2.CP-9++0.N.-3.9-4.12-7W6	Q13302
005.SCG*LB1.CP--++1.N.-7.3-4.6-5W16	Q13303
005.SCG*LB2.CP-8++0.N.-4.8-7.12-2W13	Q13304
005.SCG*LB4.CP-4++1.N.-2.1-1.11-1W24	Q13305
005.SCG*LB4.CP-5++4.N.-9.27-2.27-6W6	Q13306
005.SCG*LB4.CP-9++0.N.-8.1-1.8-4W20	Q13307
005.SCG*LB4.CP-1++7.N.-2.5-3.6-1W1	Q13308
005.SCG*LB3.CP10++3.N.-7.4-2.6-6W16	Q13309
005.SCG*LB4.CP-2++5.N.-2.2-2.6-3W12	Q13310
005.SCG*LB2.CP-7++3.N.36.1-1.9-4W3	Q13311
005.SCG*LB1.CP-3++4.N.-2.24-7.4-4W11	Q13312
005.SCG*LB4.CP-9++1.N.-9.7-1.10-6W12	Q13313
005.SCG*LB4.CP-9++1.N.10.26-3.28-4W17	Q13314
005.SCG*LB4.CP-3++4.N.25.13-1.16-1W4	Q13315
005.SCG*LB2.CP-6++8.N.-5.1-1.3-7W4	Q13316
005.SCG*LB4.CP-1++1.N.-6.1-1.3-3W1	Q13317
005.SCG*LB2.CP-9++8.N.14.12-2.16-3W7	Q13318
005.SCG*LB4.CP--++8.N.-9.80-2.81-6W9	Q13319
005.SCG*LB4.CP-3++0.N.-5.1-2.3-2W2	Q13320
005.SCG*LB4.CP-1++6.N.-7.4-3.5-4W1	Q13321
005.SCG*LB4.CP-1++2.N.-4.5-1.6-5W6	Q13322
005.SCG*LB2.CP-6++0.N.10.8-1.10-2W3	Q13323
005.SCG*LB2.CP-3++0.N.-3.7-1.8-6W1	Q13324
005.SCG*LB4.CP--++4.N.13.5-8.10-4W6	Q13325
005.SCG*LB2.CP-8++5.N.11.1-1.5-2W22	Q13326
005.SCG*LB3.CP-9++2.N.-7.1-1.10-3W28	Q13327
005.SCG*LB4.CP--++5.N.10.3-2.4-3W12	Q13328
005.SCG*LB3.CP16++2.N.-7.3-5.6-6W1	Q13329
005.SCG*LB4.CP-3++4.N.29.10-5.11-6W3	Q13330
005.SCG*LB2.CP-5++5.N.-5.6-5.8-5W5	Q13331
005.SCG*LB2.CP-6++0.N.11.1-2.8-3W27	Q13332
005.SCG*LB4.CP-7++9.N.-8.3-2.5-6W4	Q13333
005.SCG*LB1.CP-2++8.N.-9.26-3.27-5W6	Q13334
005.SCG*LB3.CP13++6.N.-7.6-4.8-5W20	Q13335
005.SCG*LB4.CP-7++4.N.-2.18-2.20-1W10	Q13336
005.SCG*LB3.CP--++5.N.-2.1-1.3-6W8	Q13337
005.SCG*LB3.CP-7++1.N.10.1-1.6-6W18	Q13338
005.SCG*LB4.CP-1++7.N.-5.1-2.5-3W27	Q13339
005.SCG*LB3.CP-8++5.N.14.11-2.15-5W21	Q13340
005.SCG*LB2.CP-5++4.N.-3.5-8.7-5W5	Q13341
005.SCG*LB2.CP-8++2.N.11.4-1.6-6W1	Q13342
005.SCG*LB3.CP-2++0.N.-5.15-5.19-7W35	Q13343
005.SCG*LB3.CP11++2.N.12.7-1.8-2W5	Q13344
005.SCG*LB3.CP-1++2.N.-5.22-3.23-6W7	Q13345
005.SCG*LB1.CP-3++9.N.-4.10-6.11-6W5	Q13346
005.SCG*LB1.CP-3++3.N.-3.5-6.7-3W5	Q13347
005.SCG*LB3.CP10++5.N.-5.1-1.8-4W3	Q13348
005.SCG*LB2.CP-3++6.N.-7.11-4.15-3W21	Q13349
005.SCG*LB4.CP-1++2.N.-2.13-2.14-3W8	Q13350
005.SCG*LB1.CP-3++6.N.-2.9-1.14-2W16	Q13351
005.SCG*LB4.CP--++3.N.-2.10-1.10-4W4	Q13352
005.SCG*LB3.CP-7++3.N.-6.1-1.3-6W4	Q13353
005.SCG*LB3.CP--++8.N.10.8-4.13-3W20	Q13354
005.SCG*LB3.CP-2++4.N.-8.10-5.14-3W4	Q13355
005.SCG*LB2.CP-8++2.N.-7.1-1.3-7W9	Q13356
005.SCG*LB3.CP-8++4.N.14.21-3.24-5W15	Q13357
005.SCG*LB2.CP-7++3.N.19.19-7.21-8W3	Q13358
005.SCG*LB1.CP-5++0.N.11.2-3.3-1W1	Q13359
005.SCG*LB3.CP12++5.N.-8.1-1.2-1W4	Q13360
005.SCG*LB2.CP-8++0.N.10.21-1.23-3W8	Q13361
005.SCG*LB2.CP-6++1.N.-3.22-1.24-2W14	Q13362
005.SCG*LB4.CP--++6.N.13.1-2.2-6W2	Q13363
005.SCG*LB4.CP-2++4.N.-1.1-1.3-6W10	Q13364
005.SCG*LB3.CP13++2.N.-2.6-4.10-1W1	Q13365
005.SCG*LB2.CP-5++6.N.-5.19-5.21-2W4	Q13366
005.SCG*LB1.CP-1++7.N.-7.4-1.6-3W10	Q13367
005.SCG*LB3.CP-8++0.N.-7.3-1.3-4W3	Q13368
005.SCG*LB4.CP-7++0.N.-4.3-6.4-3W4	Q13369
005.SCG*LB4.CP-8++3.N.19.19-1.20-1W5	Q13370
005.SCG*LB1.CP-2++8.N.-7.9-4.13-1W17	Q13371
005.SCG*LB3.CP11++9.N.-6.11-4.14-6W22	Q13372
005.SCG*LB2.CP-8++0.N.-6.10-3.16-1W27	Q13373
005.SCG*LB3.CP11++2.N.10.1-1.5-2W5	Q13374
005.SCG*LB4.CP-3++7.N.10.5-1.9-7W5	Q13375
005.SCG*LB4.CP-4++5.N.-4.4-5.9-4W7	Q13376
005.SCG*LB3.CP-9++0.N.-7.5-7.7-2W5	Q13377
005.SCG*LB2.CP-6++0.N.-1.4-1.9-2W1	Q13378
005.SCG*LB2.CP-8++9.N.24.19-1.22-1W16	Q13379
005.SCG*LB1.CP-2++9.N.-2.17-5.19-4W8	Q13380
005.SCG*LB4.CP-1++6.N.-5.1-2.5-1W28	Q13381
005.SCG*LB4.CP-1++9.N.-3.6-2.9-2W5	Q13382
005.SCG*LB3.CP12++7.N.-5.3-2.3-6W5	Q13383
005.SCG*LB4.CP-4++9.N.12.7-4.10-3W13	Q13384
005.SCG*LB1.CP-7++1.N.13.1-1.3-6W14	Q13385
005.SCG*LB4.CP-7++0.N.-8.1-1.3-4W8	Q13386
005.SCG*LB4.CP-1++2.N.-4.11-5.13-2W12	Q13387
005.SCG*LB3.CP-9++2.N.--.1-1.3-4W2	Q13388
005.SCG*LB4.CP--++8.N.-9.60-2.66-1W4	Q13389
005.SCG*LB4.CP-8++3.N.12.11-5.14-6W5	Q13390
005.SCG*LB1.CP-4++1.N.-3.1-2.3-3W5	Q13391
005.SCG*LB3.CP14++6.N.-2.7-5.10-2W18	Q13392
005.SCG*LB4.CP-2++9.N.-7.15-1.18-1W17	Q13393
005.SCG*LB3.CP-8++4.N.-9.17-4.20-7W9	Q13394
005.SCG*LB1.CP-7++0.N.-5.10-2.12-1W11	Q13395
005.SCG*LB4.CP--++4.N.13.1-2.5-7W15	Q13396
005.SCG*LB4.CP-8++3.N.-8.1-1.10-3W4	Q13397
005.SCG*LB2.CP-8++2.N.17.20-2.24-6W12	Q13398
005.SCG*LB2.CP-7++4.N.14.1-1.6-2W1	Q13399
005.SCG*LB4.CP-3++4.N.22.22-5.24-6W18	Q13400
005.SCG*LB4.CP-1++3.N.-4.13-7.15-6W12	Q13401
005.SCG*LB4.CP--++7.N.13.10-3.14-7W20	Q13402
005.SCG*LB2.CP-8++2.N.-6.7-1.9-4W3	Q13403
005.SCG*LB3.CP10++2.N.-3.10-1.13-3W10	Q13404
005.SCG*LB4.CP-7++8.N.-5.8-2.10-1W9	Q13405
005.SCG*LB1.CP-9++1.N.13.1-1.7-1W33	Q13406
005.SCG*LB3.CP-8++1.N.-6.29-7.33-1W15	Q13407
005.SCG*LB3.CP-3++8.N.-3.14-1.17-1W21	Q13408
005.SCG*LB1.CP-7++4.N.-2.1-1.2-4W9	Q13409
005.SCG*LB2.CP-1++0.N.--.1-1.2-1W5	Q13410
005.SCG*LB4.CP--++2.N.-5.32-1.32-5W3	Q13411
005.SCG*LB2.CP-7++3.N.-8.1-1.3-4W13	Q13412
005.SCG*LB3.CP12++1.N.-5.1-1.1-6W4	Q13413
005.SCG*LB4.CP-2++1.N.-1.12-6.13-4W3	Q13414
005.SCG*LB3.CP-1++0.N.13.25-1.28-6W22	Q13415
005.SCG*LB4.CP-2++4.N.12.21-1.25-8W28	Q13416
005.SCG*LB3.CP13++6.N.13.29-6.30-5W10	Q13417
005.SCG*LB4.CP-3++2.N.-2.9-4.17-5W8	Q13418
005.SCG*LB4.CP-3++4.N.24.3-4.4-4W1	Q13419
005.SCG*LB4.CP-3++6.N.-9.2-2.4-1W14	Q13420
005.SCG*LB4.CP-3++4.N.-4.12-6.16-2W14	Q13421
005.SCG*LB4.CP-5++4.N.-9.25-1.26-1W7	Q13422
005.SCG*LB4.CP-3++7.N.-3.3-4.7-2W7	Q13423
005.SCG*LB1.CP-1++3.N.22.13-1.14-7W4	Q13424
005.SCG*LB3.CP-9++3.N.-6.14-4.15-6W9	Q13425
005.SCG*LB4.CP-1++6.N.13.1-1.5-7W34	Q13426
005.SCG*LB2.CP-7++4.N.-1.3-2.6-1W1	Q13427
005.SCG*LB4.CP-9++7.N.-1.10-5.13-5W5	Q13428
005.SCG*LB4.CP-1++7.N.12.7-5.7-7W3	Q13429
005.SCG*LB3.CP-9++0.N.-6.9-3.12-3W10	Q13430
005.SCG*LB3.CP16++2.N.-8.9-1.13-1W19	Q13431
005.SCG*LB4.CP-5++4.N.-7.14-3.15-3W5	Q13432
005.SCG*LB1.CP-6++7.N.-9.17-6.21-3W23	Q13433
005.SCG*LB3.CP-4++7.N.-4.18-1.20-1W7	Q13434
005.SCG*LB2.CP-6++1.N.-6.1-1.3-3W15	Q13435
005.SCG*LB4.CP--++9.N.-3.5-3.8-5W3	Q13436
005.SCG*LB3.CP--++1.N.-2.1-1.7-3W14	Q13437
005.SCG*LB4.CP--++2.N.-3.2-5.3-3W1	Q13438
005.SCG*LB1.CP-3++4.N.-1.21-1.24-5W10	Q13439
005.SCG*LB3.CP-8++9.N.-2.1-1.6-1W9	Q13440
005.SCG*LB3.CP10++7.N.11.1-1.5-1W16	Q13441
005.SCG*LB4.CP--++9.N.-3.13-4.16-6W13	Q13442
005.SCG*LB2.CP-7++8.N.-9.33-1.37-7W23	Q13443
005.SCG*LB2.CP--++2.N.-2.14-1.17-3W5	Q13444
005.SCG*LB2.CP-1++1.N.-5.1-2.2-6W2	Q13445
005.SCG*LB3.CP12++7.N.-8.1-1.7-5W11	Q13446
005.SCG*LB3.CP-8++0.N.13.6-1.8-4W5	Q13447
005.SCG*LB2.CP-8++9.N.23.1-1.4-4W16	Q13448
005.SCG*LB1.CP-3++1.N.-2.22-4.26-4W5	Q13449
005.SCG*LB4.CP-3++5.N.-7.10-1.12-5W20	Q13450
005.SCG*LB2.CP-8++2.N.-6.3-1.4-5W1	Q13451
005.SCG*LB3.CP15++4.N.11.5-1.8-5W17	Q13452
005.SCG*LB4.CP-2++3.N.-6.18-6.20-1W6	Q13453
005.SCG*LB3.CP-5++9.N.-1.1-1.8-1W16	Q13454
005.SCG*LB4.CP-4++3.N.-4.10-5.15-1W25	Q13455
005.SCG*LB2.CP-1++7.N.-3.8-1.8-6W4	Q13456
005.SCG*LB4.CP-3++4.N.14.1-2.3-2W3	Q13457
005.SCG*LB4.CP--++8.N.-9.75-3.78-4W10	Q13458
005.SCG*LB1.CP--++8.N.-3.1-1.3-6W10	Q13459
005.SCG*LB4.CP-1++1.N.18.73-8.78-7W30	Q13460
005.SCG*LB4.CP-1++3.N.-3.12-4.14-5W7	Q13461
005.SCG*LB2.CP-7++9.N.-4.1-1.5-4W3	Q13462
005.SCG*LB2.CP-2++5.N.24.12-1.15-2W20	Q13463
005.SCG*LB4.CP--++6.N.-1.36-6.41-3W18	Q13464
005.SCG*LB4.CP-7++9.N.-8.9-1.10-2W6	Q13465
005.SCG*LB4.CP--++5.N.11.13-1.14-8W9	Q13466
005.SCG*LB4.CP--++8.N.-9.38-3.40-2W3	Q13467
005.SCG*LB4.CP-1++1.N.14.31-2.32-7W7	Q13468
005.SCG*LB2.CP-7++8.N.-8.7-6.9-1W10	Q13469
005.SCG*LB4.CP-5++3.N.20.1-1.8-5W25	Q13470
005.SCG*LB1.CP-3++3.N.-6.3-5.8-4W4	Q13471
005.SCG*LB4.CP-8++3.N.-9.1-1.3-4W15	Q13472
005.SCG*LB3.CP-2++5.N.16.1-1.5-1W15	Q13473
005.SCG*LB1.CP-7++9.N.-4.1-1.3-7W1	Q13474
005.SCG*LB4.CP-5++2.N.13.7-1.10-4W25	Q13475
005.SCG*LB1.CP-7++2.N.-2.6-1.6-5W3	Q13476
005.SCG*LB4.CP-5++3.N.25.1-1.6-2W4	Q13477
005.SCG*LB4.CP-3++2.N.-5.5-1.7-7W20	Q13478
005.SCG*LB2.CP-7++8.N.10.20-3.22-6W2	Q13479
005.SCG*LB2.CP-1++5.N.-2.14-4.21-6W37	Q13480
005.SCG*LB2.CP-6++9.N.-9.4-3.12-5W45	Q13481
005.SCG*LB2.CP-7++8.N.12.3-5.5-3W11	Q13482
005.SCG*LB4.CP-2++4.N.-2.19-4.19-7W1	Q13483
005.SCG*LB3.CP13++2.N.15.1-1.4-2W4	Q13484
005.SCG*LB1.CP-3++3.N.-4.6-2.8-4W16	Q13485
005.SCG*LB4.CP-7++7.N.-8.1-1.4-1W7	Q13486
005.SCG*LB4.CP--++6.N.-3.1-1.2-3W1	Q13487
005.SCG*LB4.CP-2++5.N.-4.11-1.15-3W3	Q13488
005.SCG*LB4.CP-3++0.N.-6.3-4.5-7W5	Q13489
005.SCG*LB2.CP-7++3.N.-6.15-1.17-6W17	Q13490
005.SCG*LB2.CP-7++6.N.-2.6-2.7-10W13	Q13491
005.SCG*LB1.CP-1++4.N.-1.1-1.3-3W11	Q13492
005.SCG*LB4.CP-3++7.N.-7.4-3.7-6W14	Q13493
005.SCG*LB3.CP-8++1.N.-6.18-4.20-8W17	Q13494
005.SCG*LB4.CP-2++6.N.-5.1-1.4-5W5	Q13495
005.SCG*LB4.CP-1++3.N.-5.9-4.10-8W10	Q13496
005.SCG*LB4.CP-1++9.N.-5.11-8.14-5W22	Q13497
005.SCG*LB1.CP-6++2.N.-2.4-7.6-5W5	Q13498
005.SCG*LB2.CP-7++0.N.-8.1-1.4-7W4	Q13499
005.SCG*LB3.CP-9++5.N.17.5-1.7-2W17	Q13500
005.SCG*LB1.CP-9++1.N.-9.33-1.34-7W13	Q13501
005.SCG*LB2.CP--++3.N.-6.1-1.5-9W9	Q13502
005.SCG*LB2.CP-7++8.N.11.1-1.1-2W2	Q13503
005.SCG*LB4.CP-1++7.N.16.7-8.8-5W4	Q13504
005.SCG*LB2.CP-8++3.N.18.12-5.15-1W10	Q13505
005.SCG*LB2.CP-1++3.N.-3.3-1.5-6W14	Q13506
005.SCG*LB4.CP-7++0.N.10.9-1.11-3W18	Q13507
005.SCG*LB1.CP-8++8.N.-5.1-2.3-2W9	Q13508
005.SCG*LB2.CP-9++8.N.13.35-3.38-6W4	Q13509
005.SCG*LB1.CP-9++1.N.12.14-1.16-2W1	Q13510
005.SCG*LB2.CP-7++4.N.-6.1-1.8-4W1	Q13511
005.SCG*LB4.CP-3++4.N.25.26-2.28-6W4	Q13512
005.SCG*LB3.CP-8++5.N.17.1-1.3-6W4	Q13513
005.SCG*LB4.CP-3++8.N.-8.4-3.5-8W12	Q13514
005.SCG*LB3.CP-9++7.N.16.4-1.7-6W3	Q13515
005.SCG*LB4.CP-2++1.N.-2.45-2.45-6W6	Q13516
005.SCG*LB2.CP-6++7.N.-6.1-1.1-6W4	Q13517
005.SCG*LB3.CP15++6.N.-8.4-5.5-6W10	Q13518
005.SCG*LB4.CP-2++5.N.-2.24-1.27-5W15	Q13519
005.SCG*LB4.CP-1++7.N.-6.5-4.5-7W5	Q13520
005.SCG*LB3.CP-5++3.N.-7.11-1.13-6W20	Q13521
005.SCG*LB4.CP-3++4.N.25.29-1.30-4W10	Q13522
005.SCG*LB4.CP--++7.N.21.16-1.16-4W1	Q13523
005.SCG*LB3.CP11++6.N.-3.12-3.15-2W8	Q13524
005.SCG*LB3.CP-9++5.N.21.21-4.25-3W5	Q13525
005.SCG*LB3.CP--++1.N.-6.33-3.34-4W5	Q13526
005.SCG*LB4.CP-3++4.N.13.10-1.10-8W3	Q13527
005.SCG*LB4.CP-1++2.N.-5.1-1.7-7W21	Q13528
005.SCG*LB2.CP-9++1.N.10.1-1.4-1W13	Q13529
005.SCG*LB1.CP-6++6.N.15.1-1.9-4W8	Q13530
005.SCG*LB2.CP-6++0.N.10.3-6.6-4W4	Q13531
005.SCG*LB4.CP-2++9.N.-1.4-1.6-1W1	Q13532
005.SCG*LB2.CP-6++8.N.-2.1-1.5-2W24	Q13533
005.SCG*LB2.CP-4++2.N.-2.5-4.8-3W6	Q13534
005.SCG*LB4.CP--++8.N.-2.9-4.11-5W4	Q13535
005.SCG*LB2.CP-7++3.N.-7.1-1.8-1W13	Q13536
005.SCG*LB4.CP-3++4.N.-4.6-4.7-1W1	Q13537
005.SCG*LB4.CP-2++6.N.-5.16-2.18-2W13	Q13538
005.SCG*LB1.CP-9++3.N.10.14-1.16-6W19	Q13539
005.SCG*LB4.CP-1++1.N.11.36-1.37-6W4	Q13540
005.SCG*LB1.CP-9++3.N.-5.8-4.9-2W5	Q13541
005.SCG*LB4.CP-2++3.N.-9.4-3.4-6W2	Q13542
005.SCG*LB4.CP-1++9.N.--.1-1.2-5W8	Q13543
005.SCG*LB4.CP-6++2.N.-8.4-2.6-1W4	Q13544
005.SCG*LB4.CP-1++8.N.-5.11-1.12-3W6	Q13545
005.SCG*LB2.CP-7++7.N.-2.13-6.17-5W12	Q13546
005.SCG*LB4.CP-7++4.N.-2.24-1.25-4W9	Q13547
005.SCG*LB4.CP-8++7.N.-1.1-1.8-3W47	Q13548
005.SCG*LB4.CP-3++8.N.-5.1-2.3-1W2	Q13549
005.SCG*LB4.CP-2++4.N.-6.8-3.9-8W12	Q13550
005.SCG*LB3.CP-3++8.N.-5.10-3.10-7W5	Q13551
005.SCG*LB4.CP-1++2.N.--.1-1.2-2W4	Q13552
005.SCG*LB1.CP10++0.N.-4.4-5.7-3W1	Q13553
005.SCG*LB4.CP--++1.N.11.9-3.11-3W17	Q13554
005.SCG*LB4.CP-2++6.N.-4.9-1.11-5W21	Q13555
005.SCG*LB3.CP10++0.N.-5.4-1.7-2W13	Q13556
005.SCG*LB1.CP-3++0.N.-2.8-1.14-1W36	Q13557
005.SCG*LB2.CP-7++0.N.-4.10-3.12-2W2	Q13558
005.SCG*LB1.CP-8++2.N.11.1-1.4-7W14	Q13559
005.SCG*LB4.CP--++9.N.-6.14-1.18-3W24	Q13560
005.SCG*LB1.CP-1++6.N.-3.9-1.10-5W13	Q13561
005.SCG*LB2.CP--++2.N.-4.19-7.20-3W5	Q13562
005.SCG*LB1.CP-5++9.N.-3.16-6.25-2W25	Q13563
005.SCG*LB2.CP-7++6.N.11.6-1.13-2W24	Q13564
005.SCG*LB1.CP-5++9.N.-2.6-4.12-7W45	Q13565
005.SCG*LB3.CP15++4.N.-5.3-4.5-5W3	Q13566
005.SCG*LB4.CP-5++2.N.-6.34-1.39-1W4	Q13567
005.SCG*LB2.CP-7++2.N.-4.10-5.12-3W1	Q13568
005.SCG*LB3.CP12++0.N.19.1-1.7-5W3	Q13569
005.SCG*LB3.CP10++0.N.-4.8-2.12-3W3	Q13570
005.SCG*LB4.CP-1++6.N.-5.11-3.12-1W8	Q13571
005.SCG*LB4.CP-9++7.N.-8.1-1.2-2W5	Q13572
005.SCG*LB1.CP-9++8.N.-4.7-7.8-6W7	Q13573
005.SCG*LB3.CP-8++8.N.-7.1-1.2-1W4	Q13574
005.SCG*LB2.CP-9++1.N.11.1-1.3-2W9	Q13575
005.SCG*LB4.CP--++5.N.-9.1-1.4-3W7	Q13576
005.SCG*LB3.CP-9++5.N.10.11-1.11-6W6	Q13577
005.SCG*LB4.CP-2++9.N.-7.1-1.3-3W13	Q13578
005.SCG*LB4.CP-7++0.N.-6.6-5.7-3W1	Q13579
005.SCG*LB4.CP-3++5.N.-2.4-1.9-6W13	Q13580
005.SCG*LB1.CP-6++1.N.-6.5-5.7-5W3	Q13581
005.SCG*LB4.CP-2++3.N.-7.20-1.24-4W22	Q13582
005.SCG*LB2.CP-8++5.N.14.1-1.5-1W22	Q13583
005.SCG*LB3.CP10++9.N.-8.22-5.24-3W3	Q13584
005.SCG*LB4.CP--++8.N.-4.19-1.21-5W9	Q13585
005.SCG*LB3.CP15++4.N.16.4-2.8-1W1	Q13586
005.SCG*LB1.CP-5++9.N.-3.1-2.6-1W32	Q13587
005.SCG*LB2.CP-7++3.N.-9.1-1.4-5W16	Q13588
005.SCG*LB4.CP-6++6.N.-2.8-1.11-5W1	Q13589
005.SCG*LB1.CP-2++0.N.25.1-1.3-3W4	Q13590
005.SCG*LB4.CP-1++7.N.18.6-3.7-1W3	Q13591
005.SCG*LB4.CP-2++1.N.-8.8-2.9-3W4	Q13592
005.SCG*LB4.CP-3++1.N.-3.11-4.17-4W27	Q13593
005.SCG*LB4.CP-5++0.N.-2.4-1.4-4W1	Q13594
005.SCG*LB4.CP--++7.N.19.1-1.7-5W43	Q13595
005.SCG*LB3.CP-5++9.N.-7.8-5.9-5W6	Q13596
005.SCG*LB4.CP--++7.N.21.13-1.14-1W1	Q13597
005.SCG*LB4.CP--++8.N.-3.31-1.33-6W8	Q13598
005.SCG*LB4.CP-2++3.N.-7.20-1.24-4W3	Q13599
005.SCG*LB4.CP--++3.N.-2.6-3.7-5W5	Q13600
005.SCG*LB4.CP--++8.N.-9.9-4.15-3W17	Q13601
005.SCG*LB4.CP-1++3.N.-5.1-1.5-3W29	Q13602
005.SCG*LB2.CP--++4.N.-6.13-1.15-9W18	Q13603
005.SCG*LB4.CP-4++0.N.-8.11-1.11-7W5	Q13604
005.SCG*LB4.CP-1++0.N.13.7-1.10-5W21	Q13605
005.SCG*LB2.CP-5++1.N.-5.6-2.8-6W5	Q13606
005.SCG*LB4.CP--++8.N.-3.31-1.33-6W11	Q13607
005.SCG*LB3.CP-9++5.N.15.15-1.19-6W22	Q13608
005.SCG*LB4.CP-3++4.N.14.27-3.32-1W13	Q13609
005.SCG*LB4.CP-5++5.N.10.42-7.47-5W7	Q13610
005.SCG*LB2.CP-9++0.N.10.1-1.4-5W3	Q13611
005.SCG*LB4.CP-3++4.N.16.12-2.15-5W3	Q13612
005.SCG*LB3.CP-3++1.N.-6.1-1.4-1W16	Q13613
005.SCG*LB4.CP-3++6.N.10.25-1.30-4W30	Q13614
005.SCG*LB4.CP--++7.N.-6.8-2.9-2W6	Q13615
005.SCG*LB4.CP-1++6.N.13.1-1.5-7W12	Q13616
005.SCG*LB2.CP-4++4.N.-7.3-3.7-2W16	Q13617
005.SCG*LB3.CP-9++7.N.11.14-3.19-2W9	Q13618
005.SCG*LB2.CP-4++4.N.-3.1-2.4-4W12	Q13619
005.SCG*LB4.CP-5++4.N.-4.37-1.37-7W5	Q13620
005.SCG*LB3.CP13++2.N.-9.8-2.13-6W1	Q13621
005.SCG*LB3.CP-4++0.N.-6.6-3.8-3W4	Q13622
005.SCG*LB2.CP-7++4.N.12.1-1.5-1W12	Q13623
005.SCG*LB2.CP-8++9.N.-6.1-1.2-4W8	Q13624
005.SCG*LB4.CP--++7.N.-2.4-1.4-5W7	Q13625
005.SCG*LB4.CP-3++1.N.-1.7-3.14-5W7	Q13626
005.SCG*LB2.CP-7++5.N.10.7-2.11-5W3	Q13627
005.SCG*LB3.CP15++0.N.-2.23-4.27-8W4	Q13628
005.SCG*LB4.CP--++7.N.21.17-8.18-3W4	Q13629
005.SCG*LB2.CP-8++2.N.-6.4-6.4-7W2	Q13630
005.SCG*LB3.CP-4++9.N.-8.10-5.14-1W15	Q13631
005.SCG*LB1.CP-3++3.N.-7.1-1.7-4W20	Q13632
005.SCG*LB4.CP-3++4.N.11.3-6.6-2W13	Q13633
005.SCG*LB4.CP-7++0.N.10.13-1.14-5W4	Q13634
005.SCG*LB1.CP-5++6.N.-8.1-1.5-4W30	Q13635
005.SCG*LB3.CP-8++5.N.-9.23-4.25-1W4	Q13636
005.SCG*LB4.CP-8++1.N.10.12-5.13-5W4	Q13637
005.SCG*LB3.CP-9++5.N.17.8-5.10-6W18	Q13638
005.SCG*LB4.CP-1++1.N.18.65-1.69-5W23	Q13639
005.SCG*LB3.CP-2++6.N.19.35-4.42-3W43	Q13640
005.SCG*LB3.CP--++8.N.-8.12-1.16-1W6	Q13641
005.SCG*LB3.CP-9++8.N.-6.23-2.24-2W3	Q13642
005.SCG*LB4.CP-1++6.N.-2.5-1.6-7W1	Q13643
005.SCG*LB1.CP-5++4.N.-5.1-1.3-5W9	Q13644
005.SCG*LB3.CP-2++2.N.10.1-1.3-4W7	Q13645
005.SCG*LB4.CP-1++1.N.18.71-1.73-7W9	Q13646
005.SCG*LB4.CP-9++1.N.11.1-1.5-4W14	Q13647
005.SCG*LB4.CP-5++5.N.10.13-1.15-4W22	Q13648
005.SCG*LB2.CP-4++2.N.-8.8-5.12-4W4	Q13649
005.SCG*LB2.CP--++1.N.-6.1-1.3-6W10	Q13650
005.SCG*LB4.CP-2++3.N.-9.9-3.10-5W6	Q13651
005.SCG*LB3.CP-1++0.N.-7.16-5.21-4W3	Q13652
005.SCG*LB4.CP-3++8.N.10.5-5.7-2W1	Q13653
005.SCG*LB1.CP-5++9.N.-2.1-1.6-3W40	Q13654
005.SCG*LB1.CP-5++8.N.-9.4-2.4-6W5	Q13655
005.SCG*LB4.CP-3++4.N.20.1-2.1-3W2	Q13656
005.SCG*LB2.CP-1++1.N.-2.7-1.8-1W8	Q13657
005.SCG*LB3.CP-7++3.N.-7.1-1.5-2W23	Q13658
005.SCG*LB2.CP-5++0.N.-9.1-1.2-5W5	Q13659
005.SCG*LB4.CP-1++1.N.19.21-4.22-8W1	Q13660
005.SCG*LB2.CP-4++1.N.12.11-1.16-7W1	Q13661
005.SCG*LB1.CP-3++6.N.-2.14-3.21-2W22	Q13662
005.SCG*LB4.CP-2++3.N.-5.3-3.5-4W4	Q13663
005.SCG*LB4.CP-3++4.N.-2.4-1.10-6W1	Q13664
005.SCG*LB3.CP-9++5.N.11.8-4.8-8W5	Q13665
005.SCG*LB4.CP-3++4.N.25.19-1.21-5W3	Q13666
005.SCG*LB4.CP-9++3.N.-4.1-2.4-2W21	Q13667
005.SCG*LB1.CP-4++3.N.-1.7-2.10-1W6	Q13668
005.SCG*LB1.CP-4++0.N.-4.1-2.5-7W21	Q13669
005.SCG*LB4.CP-3++9.N.-1.1-1.8-5W15	Q13670
005.SCG*LB1.CP-6++9.N.15.4-4.7-5W11	Q13671
005.SCG*LB1.CP-7++9.N.-5.2-3.4-7W4	Q13672
005.SCG*LB3.CP15++4.N.17.8-1.14-1W42	Q13673
005.SCG*LB4.CP--++4.N.-2.18-3.19-2W3	Q13674
005.SCG*LB2.CP-1++2.N.-4.1-2.6-4W3	Q13675
005.SCG*LB3.CP12++0.N.-3.1-1.5-2W16	Q13676
005.SCG*LB2.CP-5++2.N.-5.3-5.6-1W3	Q13677
005.SCG*LB3.CP12++9.N.10.1-1.3-2W6	Q13678
005.SCG*LB4.CP-3++8.N.-9.8-5.9-6W4	Q13679
005.SCG*LB4.CP-2++9.N.-7.8-2.9-4W3	Q13680
005.SCG*LB4.CP--++8.N.-9.4-8.9-3W4	Q13681
005.SCG*LB3.CP-9++5.N.-9.7-6.8-4W4	Q13682
005.SCG*LB3.CP-9++2.N.10.22-5.26-2W14	Q13683
005.SCG*LB3.CP-5++9.N.-7.40-1.40-7W4	Q13684
005.SCG*LB1.CP-6++0.N.-4.1-2.3-2W5	Q13685
005.SCG*LB4.CP-2++9.N.-6.8-1.11-3W6	Q13686
005.SCG*LB4.CP--++2.N.-3.5-3.6-3W2	Q13687
005.SCG*LB1.CP-3++0.N.-3.1-1.4-3W1	Q13688
005.SCG*LB3.CP14++2.N.-3.1-2.4-2W18	Q13689
005.SCG*LB3.CP-4++1.N.-7.1-2.7-3W19	Q13690
005.SCG*LB3.CP15++0.N.-2.12-3.12-6W2	Q13691
005.SCG*LB1.CP-4++1.N.-3.1-2.3-3W15	Q13692
005.SCG*LB4.CP-1++7.N.10.9-6.10-6W6	Q13693
005.SCG*LB1.CP-3++9.N.-2.1-1.5-1W11	Q13694
005.SCG*LB4.CP--++6.N.11.3-5.5-1W1	Q13695
005.SCG*LB3.CP14++6.N.-2.3-3.6-1W17	Q13696
005.SCG*LB3.CP-7++9.N.-2.1-2.3-3W10	Q13697
005.SCG*LB3.CP15++5.N.-7.1-1.2-1W4	Q13698
005.SCG*LB3.CP10++5.N.12.1-1.8-5W13	Q13699
005.SCG*LB4.CP-3++9.N.-2.15-4.19-2W18	Q13700
005.SCG*LB2.CP--++2.N.-6.3-3.4-4W3	Q13701
005.SCG*LB3.CP10++9.N.-1.3-4.4-8W1	Q13702
005.SCG*LB3.CP13++6.N.12.1-1.4-5W22	Q13703
005.SCG*LB4.CP-7++1.N.-8.13-1.13-4W6	Q13704
005.SCG*LB4.CP-6++4.N.-2.6-2.9-7W21	Q13705
005.SCG*LB3.CP14++9.N.-6.1-1.1-6W4	Q13706
005.SCG*LB3.CP-1++1.N.-6.8-4.11-3W4	Q13707
005.SCG*LB4.CP-6++9.N.-2.11-4.12-5W5	Q13708
005.SCG*LB3.CP-8++0.N.17.13-3.15-2W9	Q13709
005.SCG*LB3.CP-8++0.N.11.14-4.15-6W10	Q13710
005.SCG*LB2.CP--++4.N.-1.18-5.19-3W5	Q13711
005.SCG*LB3.CP12++0.N.-5.15-1.15-5W3	Q13712
005.SCG*LB3.CP--++3.N.11.3-3.5-3W11	Q13713
005.SCG*LB3.CP-4++2.N.-3.1-1.8-3W17	Q13714
005.SCG*LB4.CP--++7.N.-2.4-6.6-3W2	Q13715
005.SCG*LB4.CP--++4.N.-2.21-4.22-2W5	Q13716
005.SCG*LB1.CP-9++7.N.-5.3-5.4-1W1	Q13717
005.SCG*LB2.CP-8++6.N.-8.1-1.4-2W12	Q13718
005.SCG*LB2.CP-9++2.N.-9.1-1.4-1W5	Q13719
005.SCG*LB3.CP-4++8.N.13.3-2.7-8W33	Q13720
005.SCG*LB4.CP-3++4.N.-7.8-6.10-5W10	Q13721
005.SCG*LB3.CP-7++5.N.-7.1-1.5-4W3	Q13722
005.SCG*LB4.CP--++1.N.12.18-3.19-3W3	Q13723
005.SCG*LB2.CP-3++6.N.-7.17-2.19-7W13	Q13724
005.SCG*LB4.CP--++8.N.-7.39-1.41-1W16	Q13725
005.SCG*LB4.CP-3++4.N.30.5-4.7-7W21	Q13726
005.SCG*LB3.CP16++3.N.-4.1-1.3-1W6	Q13727
005.SCG*LB2.CP-5++7.N.-6.3-2.5-6W1	Q13728
005.SCG*LB3.CP-5++0.N.-9.12-1.13-2W5	Q13729
005.SCG*LB2.CP-6++0.N.18.8-2.10-5W11	Q13730
005.SCG*LB4.CP-2++9.N.-7.1-1.3-3W4	Q13731
005.SCG*LB4.CP-6++3.N.-5.11-1.15-1W18	Q13732
005.SCG*LB4.CP-3++4.N.17.7-2.10-1W6	Q13733
005.SCG*LB2.CP-7++6.N.13.6-2.10-2W7	Q13734
005.SCG*LB1.CP-7++9.N.-7.1-1.6-4W1	Q13735
005.SCG*LB1.CP-3++0.N.-1.1-1.4-4W9	Q13736
005.SCG*LB3.CP--++2.N.-2.3-6.7-6W4	Q13737
005.SCG*LB2.CP-1++0.N.-1.6-2.16-4W33	Q13738
005.SCG*LB3.CP11++9.N.-6.3-1.4-3W4	Q13739
005.SCG*LB3.CP15++9.N.-2.6-2.7-3W1	Q13740
005.SCG*LB1.CP-7++9.N.-2.2-6.4-6W4	Q13741
005.SCG*LB4.CP--++8.N.10.1-1.5-1W3	Q13742
005.SCG*LB4.CP-8++4.N.-8.1-1.2-4W10	Q13743
005.SCG*LB4.CP--++8.N.-2.1-1.6-4W9	Q13744
005.SCG*LB2.CP-7++8.N.-9.8-1.10-7W5	Q13745
005.SCG*LB2.CP-4++5.N.10.1-1.1-6W4	Q13746
005.SCG*LB4.CP-1++4.N.-9.18-5.20-7W1	Q13747
005.SCG*LB3.CP-7++5.N.-3.8-2.11-2W4	Q13748
005.SCG*LB4.CP-1++7.N.20.1-2.1-4W3	Q13749
005.SCG*LB4.CP-9++0.N.-8.1-1.8-4W45	Q13750
005.SCG*LB1.CP-9++1.N.-9.30-1.32-7W8	Q13751
005.SCG*LB3.CP-8++6.N.12.9-6.12-1W5	Q13752
005.SCG*LB4.CP-3++0.N.-1.9-3.12-3W1	Q13753
005.SCG*LB4.CP-1++6.N.-5.7-4.8-1W4	Q13754
005.SCG*LB4.CP-9++7.N.-5.5-1.6-5W7	Q13755
005.SCG*LB1.CP-7++2.N.10.3-1.3-4W1	Q13756
005.SCG*LB4.CP--++2.N.-4.16-1.20-4W8	Q13757
005.SCG*LB2.CP-8++0.N.10.14-1.18-4W20	Q13758
005.SCG*LB4.CP-5++5.N.26.8-2.13-3W5	Q13759
005.SCG*LB3.CP-5++5.N.-6.1-1.5-5W4	Q13760
005.SCG*LB2.CP-6++9.N.11.1-1.4-4W22	Q13761
005.SCG*LB4.CP-1++3.N.-5.17-5.20-2W1	Q13762
005.SCG*LB3.CP14++6.N.-6.7-9.8-2W6	Q13763
005.SCG*LB3.CP10++4.N.-4.1-1.5-4W4	Q13764
005.SCG*LB3.CP-7++0.N.-4.3-5.6-1W11	Q13765
005.SCG*LB3.CP13++5.N.13.14-2.15-1W4	Q13766
005.SCG*LB2.CP-1++1.N.-2.1-2.3-4W14	Q13767
005.SCG*LB3.CP12++6.N.-6.4-5.7-1W5	Q13768
005.SCG*LB2.CP-3++6.N.-6.14-2.17-2W9	Q13769
005.SCG*LB4.CP--++7.N.16.10-3.12-5W5	Q13770
005.SCG*LB4.CP--++7.N.21.6-3.6-6W1	Q13771
005.SCG*LB1.CP-2++9.N.-6.2-5.5-2W6	Q13772
005.SCG*LB4.CP-4++1.N.-2.1-1.11-1W46	Q13773
005.SCG*LB3.CP-5++2.N.-7.9-3.10-1W5	Q13774
005.SCG*LB2.CP-2++2.N.-2.16-2.20-3W1	Q13775
005.SCG*LB4.CP-1++7.N.13.7-3.8-1W1	Q13776
005.SCG*LB1.CP-3++2.N.-7.6-4.10-1W3	Q13777
005.SCG*LB1.CP-4++2.N.-9.10-4.13-5W16	Q13778
005.SCG*LB4.CP-1++7.N.-3.8-2.8-7W7	Q13779
005.SCG*LB4.CP-1++4.N.-2.8-3.10-4W13	Q13780
005.SCG*LB4.CP-9++1.N.10.1-1.5-8W10	Q13781
005.SCG*LB3.CP13++6.N.14.7-2.9-3W15	Q13782
005.SCG*LB1.CP-6++0.N.-4.5-1.6-3W9	Q13783
005.SCG*LB4.CP-8++3.N.-6.34-1.39-1W35	Q13784
005.SCG*LB4.CP-8++0.N.-3.15-3.17-7W11	Q13785
005.SCG*LB3.CP14++6.N.-7.4-1.5-6W8	Q13786
005.SCG*LB3.CP-9++5.N.-5.1-2.5-2W21	Q13787
005.SCG*LB4.CP-3++8.N.-6.2-3.5-5W5	Q13788
005.SCG*LB2.CP-9++7.N.-6.3-7.7-2W22	Q13789
005.SCG*LB4.CP--++4.N.15.5-2.5-5W1	Q13790
005.SCG*LB4.CP-5++0.N.-3.1-1.4-3W23	Q13791
005.SCG*LB2.CP-9++0.N.11.12-1.15-5W4	Q13792
005.SCG*LB1.CP-4++3.N.-2.5-1.7-1W1	Q13793
005.SCG*LB1.CP-2++9.N.-5.14-4.16-5W4	Q13794
005.SCG*LB1.CP-9++8.N.-6.1-1.2-1W5	Q13795
005.SCG*LB4.CP--++5.N.11.17-1.17-4W1	Q13796
005.SCG*LB1.CP-3++0.N.-2.8-1.14-1W14	Q13797
005.SCG*LB3.CP-8++0.N.-3.10-3.11-4W4	Q13798
005.SCG*LB3.CP14++4.N.11.13-2.13-5W2	Q13799
005.SCG*LB1.CP-6++0.N.-4.5-1.6-3W4	Q13800
005.SCG*LB3.CP--++5.N.-2.3-7.6-5W5	Q13801
005.SCG*LB4.CP-5++0.N.10.1-1.8-3W3	Q13802
005.SCG*LB3.CP-1++2.N.-7.6-4.8-2W8	Q13803
005.SCG*LB3.CP11++2.N.10.5-3.9-1W6	Q13804
005.SCG*LB2.CP-2++8.N.12.11-1.16-6W11	Q13805
005.SCG*LB1.CP-5++9.N.-2.1-1.6-3W14	Q13806
005.SCG*LB4.CP--++8.N.12.10-5.12-1W11	Q13807
005.SCG*LB1.CP-1++4.N.-4.7-2.8-1W1	Q13808
005.SCG*LB4.CP-7++0.N.10.9-1.11-3W3	Q13809
005.SCG*LB3.CP-8++9.N.-1.7-1.10-6W3	Q13810
005.SCG*LB1.CP-6++9.N.15.1-1.4-3W8	Q13811
005.SCG*LB2.CP-6++0.N.10.1-1.3-5W5	Q13812
005.SCG*LB4.CP-4++9.N.11.24-1.27-10W18	Q13813
005.SCG*LB4.CP-4++1.N.-8.1-1.9-2W6	Q13814
005.SCG*LB1.CP-4++2.N.-2.2-3.3-5W5	Q13815
005.SCG*LB4.CP-1++3.N.-5.20-3.22-5W16	Q13816
005.SCG*LB1.CP-4++4.N.-7.13-1.15-7W17	Q13817
005.SCG*LB1.CP-3++7.N.-2.5-5.7-7W5	Q13818
005.SCG*LB2.CP-3++8.N.-6.1-2.4-3W18	Q13819
005.SCG*LB2.CP-9++8.N.-2.15-7.19-3W4	Q13820
005.SCG*LB4.CP-8++9.N.-5.6-1.6-5W5	Q13821
005.SCG*LB3.CP-9++7.N.10.11-3.13-5W4	Q13822
005.SCG*LB4.CP-9++7.N.-3.3-3.8-2W25	Q13823
005.SCG*LB4.CP-1++7.N.11.9-4.9-7W1	Q13824
005.SCG*LB4.CP-2++4.N.-2.6-1.10-4W5	Q13825
005.SCG*LB2.CP-8++3.N.23.2-4.6-2W23	Q13826
005.SCG*LB3.CP--++1.N.-6.5-2.11-5W7	Q13827
005.SCG*LB1.CP-2++0.N.13.23-1.24-2W8	Q13828
005.SCG*LB1.CP-2++9.N.-5.1-1.3-4W6	Q13829
005.SCG*LB3.CP12++8.N.-1.1-1.5-5W5	Q13830
005.SCG*LB4.CP-8++3.N.16.29-2.29-4W4	Q13831
005.SCG*LB2.CP-7++3.N.23.2-2.4-4W10	Q13832
005.SCG*LB3.CP12++0.N.-3.5-3.11-1W27	Q13833
005.SCG*LB2.CP-7++1.N.-1.1-1.7-6W35	Q13834
005.SCG*LB3.CP15++7.N.-6.1-1.3-6W9	Q13835
005.SCG*LB4.CP-9++5.N.-3.5-5.7-6W3	Q13836
005.SCG*LB3.CP--++2.N.-2.3-6.7-6W12	Q13837
005.SCG*LB4.CP-1++1.N.13.33-1.36-4W7	Q13838
005.SCG*LB4.CP-8++3.N.-3.13-5.15-2W10	Q13839
005.SCG*LB4.CP-2++5.N.-1.5-1.8-5W16	Q13840
005.SCG*LB4.CP-8++2.N.11.18-2.19-6W9	Q13841
005.SCG*LB4.CP-3++6.N.-5.9-4.10-5W9	Q13842
005.SCG*LB4.CP-7++2.N.14.10-1.12-1W6	Q13843
005.SCG*LB3.CP-2++0.N.-4.35-2.37-6W7	Q13844
005.SCG*LB2.CP-8++3.N.20.1-1.5-6W15	Q13845
005.SCG*LB3.CP--++8.N.10.19-1.28-1W3	Q13846
005.SCG*LB2.CP-7++3.N.14.1-1.9-1W3	Q13847
005.SCG*LB2.CP-6++0.N.16.5-1.8-1W3	Q13848
005.SCG*LB4.CP-1++1.N.16.25-3.25-8W6	Q13849
005.SCG*LB3.CP--++1.N.-6.25-1.29-4W25	Q13850
005.SCG*LB3.CP-9++5.N.21.8-7.14-2W19	Q13851
005.SCG*LB4.CP-5++3.N.15.1-1.4-1W4	Q13852
005.SCG*LB3.CP15++6.N.-8.1-1.4-4W4	Q13853
005.SCG*LB4.CP-3++8.N.-8.8-4.10-4W10	Q13854
005.SCG*LB1.CP-6++0.N.-5.5-2.11-4W3	Q13855
005.SCG*LB3.CP-8++8.N.-4.1-2.5-4W28	Q13856
005.SCG*LB4.CP-2++4.N.13.1-2.5-2W5	Q13857
005.SCG*LB4.CP-3++4.N.29.14-3.16-4W5	Q13858
005.SCG*LB1.CP-6++7.N.11.3-2.4-4W1	Q13859
005.SCG*LB4.CP-1++1.N.15.17-1.18-5W5	Q13860
005.SCG*LB3.CP-8++6.N.12.1-1.5-6W8	Q13861
005.SCG*LB4.CP--++8.N.-7.34-1.38-4W1	Q13862
005.SCG*LB1.CP-2++8.N.-9.15-7.21-8W27	Q13863
005.SCG*LB2.CP-7++8.N.-4.11-1.16-2W20	Q13864
005.SCG*LB4.CP-1++1.N.17.7-5.12-4W20	Q13865
005.SCG*LB2.CP-2++8.N.-6.1-1.1-6W6	Q13866
005.SCG*LB1.CP-9++2.N.-1.9-2.10-4W4	Q13867
005.SCG*LB2.CP-6++2.N.10.1-1.4-6W3	Q13868
005.SCG*LB4.CP-7++0.N.-9.3-3.8-1W3	Q13869
005.SCG*LB4.CP-1++1.N.13.38-1.40-5W15	Q13870
005.SCG*LB2.CP-1++6.N.13.1-1.2-4W8	Q13871
005.SCG*LB4.CP-6++9.N.-1.6-2.8-6W4	Q13872
005.SCG*LB4.CP-5++5.N.-7.4-1.9-4W36	Q13873
005.SCG*LB4.CP--++4.N.-6.1-1.4-5W6	Q13874
005.SCG*LB4.CP-1++1.N.12.3-2.5-3W16	Q13875
005.SCG*LB3.CP-9++3.N.-5.7-1.9-5W3	Q13876
005.SCG*LB1.CP-4++9.N.-6.1-1.3-1W15	Q13877
005.SCG*LB3.CP--++7.N.10.6-1.9-4W10	Q13878
005.SCG*LB2.CP-7++2.N.-4.8-1.10-4W15	Q13879
005.SCG*LB2.CP-6++0.N.16.9-3.13-6W1	Q13880
005.SCG*LB2.CP-8++9.N.-6.1-1.2-4W3	Q13881
005.SCG*LB2.CP-1++5.N.10.4-1.6-1W5	Q13882
005.SCG*LB4.CP-1++4.N.10.6-5.8-7W19	Q13883
005.SCG*LB4.CP-7++4.N.-7.32-1.33-6W6	Q13884
005.SCG*LB3.CP-4++3.N.-2.21-3.23-2W14	Q13885
005.SCG*LB3.CP13++6.N.12.15-3.16-4W4	Q13886
005.SCG*LB3.CP-6++0.N.-4.1-2.3-4W12	Q13887
005.SCG*LB2.CP-4++7.N.-4.27-4.32-5W5	Q13888
005.SCG*LB4.CP-2++9.N.-7.15-1.18-1W8	Q13889
005.SCG*LB1.CP-4++8.N.-7.7-2.9-1W6	Q13890
005.SCG*LB4.CP-1++1.N.19.11-1.16-5W7	Q13891
005.SCG*LB4.CP-4++0.N.13.1-2.3-4W8	Q13892
005.SCG*LB4.CP-8++9.N.-2.12-2.13-1W3	Q13893
005.SCG*LB3.CP14++6.N.-8.9-4.10-7W4	Q13894
005.SCG*LB1.CP-6++9.N.-3.1-2.3-1W10	Q13895
005.SCG*LB2.CP-5++6.N.-5.17-1.19-4W12	Q13896
005.SCG*LB4.CP-5++2.N.-7.6-5.9-6W2	Q13897
005.SCG*LB4.CP-8++3.N.16.26-1.29-1W5	Q13898
005.SCG*LB4.CP-7++2.N.12.1-1.6-5W8	Q13899
005.SCG*LB2.CP-7++8.N.-8.46-1.49-2W3	Q13900
005.SCG*LB2.CP-7++5.N.14.3-1.5-5W3	Q13901
005.SCG*LB2.CP-1++5.N.-2.9-1.12-2W8	Q13902
005.SCG*LB3.CP10++7.N.11.6-1.11-3W13	Q13903
005.SCG*LB2.CP-8++0.N.12.1-1.4-3W18	Q13904
005.SCG*LB4.CP-8++1.N.-9.1-1.2-4W3	Q13905
005.SCG*LB3.CP16++2.N.-7.10-2.10-5W5	Q13906
005.SCG*LB2.CP-3++6.N.-7.11-4.15-3W4	Q13907
005.SCG*LB4.CP-1++1.N.13.38-1.40-5W20	Q13908
005.SCG*LB4.CP-1++1.N.18.73-8.78-7W28	Q13909
005.SCG*LB4.CP-8++1.N.10.37-1.39-2W3	Q13910
005.SCG*LB4.CP-9++1.N.-3.8-1.8-5W6	Q13911
005.SCG*LB1.CP-9++1.N.-6.1-2.2-4W9	Q13912
005.SCG*LB4.CP-3++4.N.22.39-3.43-2W10	Q13913
005.SCG*LB3.CP-4++3.N.-4.9-2.12-7W13	Q13914
005.SCG*LB3.CP12++2.N.10.4-4.6-1W1	Q13915
005.SCG*LB4.CP-2++9.N.12.8-7.10-2W6	Q13916
005.SCG*LB3.CP15++4.N.-6.6-1.6-4W2	Q13917
005.SCG*LB4.CP--++8.N.-9.18-6.20-8W5	Q13918
005.SCG*LB3.CP13++0.N.-5.1-1.5-2W27	Q13919
005.SCG*LB1.CP-8++3.N.-2.4-6.6-3W4	Q13920
005.SCG*LB4.CP--++4.N.14.23-3.25-3W14	Q13921
005.SCG*LB2.CP-8++6.N.-6.6-5.9-8W4	Q13922
005.SCG*LB4.CP--++5.N.12.11-2.11-6W1	Q13923
005.SCG*LB3.CP-2++0.N.-5.24-1.28-4W16	Q13924
005.SCG*LB4.CP-2++9.N.-8.8-2.9-4W12	Q13925
005.SCG*LB4.CP-2++4.N.-9.11-1.15-1W15	Q13926
005.SCG*LB3.CP-5++1.N.-6.8-3.8-7W6	Q13927
005.SCG*LB2.CP-2++8.N.-8.17-1.22-7W1	Q13928
005.SCG*LB1.CP-3++3.N.-7.1-1.7-4W3	Q13929
005.SCG*LB4.CP-3++5.N.-4.26-2.27-5W3	Q13930
005.SCG*LB3.CP-2++2.N.-8.27-1.28-4W7	Q13931
005.SCG*LB1.CP-4++0.N.-5.1-1.3-1W11	Q13932
005.SCG*LB3.CP-9++0.N.-8.4-2.5-1W1	Q13933
005.SCG*LB4.CP-7++7.N.-6.10-1.10-4W1	Q13934
005.SCG*LB2.CP-1++2.N.--.1-1.3-2W3	Q13935
005.SCG*LB3.CP-4++1.N.-7.1-2.7-3W27	Q13936
005.SCG*LB4.CP-2++6.N.-1.1-1.5-6W5	Q13937
005.SCG*LB3.CP-9++3.N.-5.4-4.6-5W5	Q13938
005.SCG*LB4.CP--++4.N.-2.22-3.23-3W2	Q13939
005.SCG*LB4.CP-8++3.N.23.10-1.18-6W41	Q13940
005.SCG*LB3.CP14++4.N.-9.14-1.19-5W4	Q13941
005.SCG*LB3.CP12++6.N.-1.7-4.10-1W15	Q13942
005.SCG*LB3.CP-2++2.N.-8.30-1.32-3W3	Q13943
005.SCG*LB4.CP-8++3.N.14.5-5.7-7W18	Q13944
005.SCG*LB2.CP-8++4.N.-7.7-1.8-6W4	Q13945
005.SCG*LB4.CP--++8.N.-5.39-1.40-7W9	Q13946
005.SCG*LB1.CP-8++2.N.-9.15-5.25-7W24	Q13947
005.SCG*LB4.CP-5++0.N.-9.10-4.13-3W3	Q13948
005.SCG*LB2.CP-6++2.N.-5.7-3.8-5W4	Q13949
005.SCG*LB4.CP-1++3.N.11.33-1.37-1W14	Q13950
005.SCG*LB4.CP-5++5.N.13.32-6.37-1W6	Q13951
005.SCG*LB4.CP-8++3.N.23.7-2.9-7W6	Q13952
005.SCG*LB3.CP-9++8.N.-6.4-1.9-5W17	Q13953
005.SCG*LB4.CP-1++1.N.17.1-1.5-3W23	Q13954
005.SCG*LB3.CP-9++5.N.21.25-4.27-4W4	Q13955
005.SCG*LB4.CP-1++3.N.-3.12-4.14-5W11	Q13956
005.SCG*LB4.CP-8++3.N.12.8-3.10-5W4	Q13957
005.SCG*LB2.CP-7++4.N.-2.13-1.21-2W11	Q13958
005.SCG*LB2.CP-2++8.N.-8.28-1.29-2W3	Q13959
005.SCG*LB4.CP-2++3.N.12.9-1.14-6W36	Q13960
005.SCG*LB2.CP-6++5.N.10.1-1.3-2W13	Q13961
005.SCG*LB3.CP14++8.N.-7.8-1.8-4W4	Q13962
005.SCG*LB2.CP-8++4.N.-7.8-7.15-7W48	Q13963
005.SCG*LB4.CP-2++5.N.-4.3-1.10-2W7	Q13964
005.SCG*LB4.CP-6++8.N.-2.1-1.4-1W9	Q13965
005.SCG*LB4.CP-1++8.N.-3.3-3.4-3W1	Q13966
005.SCG*LB4.CP-1++0.N.10.2-4.6-3W17	Q13967
005.SCG*LB4.CP-3++7.N.--.1-1.3-4W4	Q13968
005.SCG*LB4.CP-5++3.N.20.1-1.8-5W5	Q13969
005.SCG*LB3.CP10++9.N.-7.16-1.19-6W28	Q13970
005.SCG*LB3.CP-8++0.N.11.20-4.22-6W4	Q13971
005.SCG*LB2.CP-5++6.N.-7.11-1.13-6W5	Q13972
005.SCG*LB3.CP-6++4.N.-9.11-2.14-1W23	Q13973
005.SCG*LB2.CP-1++1.N.-5.4-2.5-1W1	Q13974
005.SCG*LB3.CP-8++4.N.10.14-1.18-5W11	Q13975
005.SCG*LB3.CP-4++7.N.-4.28-1.30-1W16	Q13976
005.SCG*LB1.CP--++4.N.-4.11-1.15-8W34	Q13977
005.SCG*LB4.CP--++5.N.-1.7-6.11-5W6	Q13978
005.SCG*LB1.CP-9++6.N.-7.10-6.11-7W8	Q13979
005.SCG*LB4.CP-7++7.N.-4.1-2.3-4W2	Q13980
005.SCG*LB3.CP-5++1.N.-2.1-1.2-7W8	Q13981
005.SCG*LB2.CP-6++0.N.-2.12-5.16-5W25	Q13982
005.SCG*LB4.CP-3++4.N.-2.59-4.63-7W34	Q13983
005.SCG*LB4.CP-3++0.N.-2.5-3.8-4W15	Q13984
005.SCG*LB1.CP-2++6.N.-3.9-5.13-1W22	Q13985
005.SCG*LB4.CP--++1.N.11.5-2.7-2W5	Q13986
005.SCG*LB4.CP-5++4.N.-8.34-4.35-3W5	Q13987
005.SCG*LB3.CP-8++0.N.17.7-5.11-4W6	Q13988
005.SCG*LB3.CP10++4.N.13.2-3.2-6W1	Q13989
005.SCG*LB3.CP-8++5.N.18.5-1.6-3W4	Q13990
005.SCG*LB4.CP-5++5.N.27.19-1.19-5W7	Q13991
005.SCG*LB3.CP11++6.N.-6.2-6.5-2W5	Q13992
005.SCG*LB4.CP-8++2.N.11.14-1.16-4W14	Q13993
005.SCG*LB2.CP-7++3.N.17.10-3.12-4W10	Q13994
005.SCG*LB3.CP-2++6.N.-3.1-2.4-4W19	Q13995
005.SCG*LB4.CP-2++9.N.11.6-3.9-1W11	Q13996
005.SCG*LB4.CP-3++4.N.22.1-2.4-6W2	Q13997
005.SCG*LB3.CP-4++2.N.-4.14-1.18-2W28	Q13998
005.SCG*LB4.CP-2++4.N.15.7-3.9-6W20	Q13999
005.SCG*LB3.CP-4++7.N.-6.38-1.44-6W12	Q14000
005.SCG*LB2.CP-1++9.N.-7.1-1.3-2W14	Q14001
005.SCG*LB2.CP-9++2.N.11.5-1.7-4W9	Q14002
005.SCG*LB4.CP--++4.N.15.19-1.23-2W12	Q14003
005.SCG*LB2.CP-6++1.N.-3.15-2.17-5W7	Q14004
005.SCG*LB4.CP-4++1.N.-9.1-1.6-3W22	Q14005
005.SCG*LB4.CP-6++7.N.-4.9-3.12-3W17	Q14006
005.SCG*LB2.CP-6++0.N.10.6-5.7-7W3	Q14007
005.SCG*LB1.CP-4++4.N.-9.2-3.3-3W1	Q14008
005.SCG*LB2.CP-8++3.N.-2.6-5.8-1W10	Q14009
005.SCG*LB3.CP13++5.N.11.26-1.28-3W18	Q14010
005.SCG*LB2.CP-2++8.N.11.3-1.4-1W4	Q14011
005.SCG*LB4.CP-2++1.N.-3.6-5.8-8W16	Q14012
005.SCG*LB4.CP-6++6.N.-8.4-4.10-1W1	Q14013
005.SCG*LB2.CP-2++4.N.-5.1-2.4-6W28	Q14014
005.SCG*LB2.CP-8++8.N.-3.8-5.14-2W27	Q14015
005.SCG*LB3.CP-7++4.N.-5.21-6.24-1W11	Q14016
005.SCG*LB3.CP-4++8.N.13.10-3.16-1W33	Q14017
005.SCG*LB4.CP--++8.N.-5.71-3.72-2W1	Q14018
005.SCG*LB3.CP15++4.N.23.8-1.10-5W9	Q14019
005.SCG*LB2.CP-3++2.N.-8.15-2.18-5W4	Q14020
005.SCG*LB4.CP--++9.N.-2.1-1.5-2W6	Q14021
005.SCG*LB4.CP-3++4.N.-2.51-1.53-1W3	Q14022
005.SCG*LB3.CP-1++8.N.-2.10-4.15-8W20	Q14023
005.SCG*LB2.CP-5++5.N.14.11-4.12-4W8	Q14024
005.SCG*LB1.CP-9++2.N.-2.1-1.2-6W8	Q14025
005.SCG*LB4.CP-2++9.N.-2.3-2.8-1W21	Q14026
005.SCG*LB1.CP-4++4.N.10.3-4.6-1W10	Q14027
005.SCG*LB1.CP-1++3.N.34.12-6.13-1W3	Q14028
005.SCG*LB2.CP-8++2.N.17.9-3.11-2W4	Q14029
005.SCG*LB4.CP-2++3.N.-5.8-1.11-1W4	Q14030
005.SCG*LB3.CP10++9.N.-8.14-6.18-2W21	Q14031
005.SCG*LB3.CP-2++1.N.-3.1-2.3-2W12	Q14032
005.SCG*LB2.CP-6++8.N.-6.10-1.12-4W5	Q14033
005.SCG*LB2.CP-4++2.N.12.4-4.5-5W3	Q14034
005.SCG*LB4.CP--++4.N.-2.6-4.6-7W5	Q14035
005.SCG*LB4.CP-3++4.N.13.8-5.9-6W3	Q14036
005.SCG*LB4.CP-4++9.N.13.1-1.4-2W5	Q14037
005.SCG*LB4.CP--++6.N.-8.8-4.9-1W5	Q14038
005.SCG*LB3.CP15++4.N.23.1-1.4-1W10	Q14039
005.SCG*LB1.CP--++7.N.-3.3-3.4-4W10	Q14040
005.SCG*LB4.CP-3++4.N.15.8-2.10-8W3	Q14041
005.SCG*LB3.CP-8++4.N.14.21-3.24-5W1	Q14042
005.SCG*LB3.CP-4++0.N.-2.1-1.2-5W10	Q14043
005.SCG*LB4.CP-5++4.N.-2.23-1.23-6W4	Q14044
005.SCG*LB1.CP-5++9.N.-2.1-1.6-3W33	Q14045
005.SCG*LB2.CP-1++5.N.-2.14-4.21-6W15	Q14046
005.SCG*LB3.CP15++4.N.-9.1-1.6-3W15	Q14047
005.SCG*LB4.CP-3++4.N.-2.53-2.55-9W13	Q14048
005.SCG*LB2.CP-8++3.N.23.6-3.10-1W7	Q14049
005.SCG*LB4.CP--++8.N.-4.13-4.16-2W19	Q14050
005.SCG*LB4.CP--++8.N.-3.37-3.37-6W4	Q14051
005.SCG*LB4.CP-3++1.N.-1.1-1.7-2W34	Q14052
005.SCG*LB1.CP-2++8.N.-1.5-1.6-4W2	Q14053
005.SCG*LB4.CP--++5.N.-9.4-4.6-6W8	Q14054
005.SCG*LB3.CP-8++0.N.12.9-3.11-2W4	Q14055
005.SCG*LB4.CP-2++7.N.-1.7-3.8-3W7	Q14056
005.SCG*LB4.CP--++6.N.-7.7-3.7-8W6	Q14057
005.SCG*LB3.CP--++8.N.13.7-4.9-1W4	Q14058
005.SCG*LB3.CP14++0.N.-9.1-1.2-6W7	Q14059
005.SCG*LB2.CP-8++3.N.19.5-4.10-1W30	Q14060
005.SCG*LB2.CP-5++8.N.11.1-1.2-5W5	Q14061
005.SCG*LB2.CP-6++8.N.-2.5-3.10-3W41	Q14062
005.SCG*LB4.CP-3++2.N.-7.3-5.4-6W4	Q14063
005.SCG*LB4.CP-8++3.N.13.14-3.19-3W30	Q14064
005.SCG*LB3.CP13++0.N.-2.14-4.15-5W5	Q14065
005.SCG*LB4.CP--++7.N.19.1-1.7-5W5	Q14066
005.SCG*LB4.CP-2++5.N.-2.18-7.19-4W3	Q14067
005.SCG*LB4.CP-1++7.N.11.12-4.13-4W2	Q14068
005.SCG*LB2.CP-7++2.N.-4.4-5.5-3W1	Q14069
005.SCG*LB2.CP-8++4.N.-7.3-4.5-4W3	Q14070
005.SCG*LB3.CP-9++5.N.17.5-1.7-2W12	Q14071
005.SCG*LB4.CP-1++1.N.16.14-4.17-4W22	Q14072
005.SCG*LB2.CP-7++6.N.-9.3-2.10-1W29	Q14073
005.SCG*LB4.CP--++2.N.-5.32-6.34-1W10	Q14074
005.SCG*LB1.CP-7++0.N.-3.6-1.6-4W4	Q14075
005.SCG*LB4.CP-3++5.N.-8.40-2.44-6W22	Q14076
005.SCG*LB2.CP-6++0.N.10.3-6.6-4W16	Q14077
005.SCG*LB4.CP-3++7.N.10.13-1.17-2W5	Q14078
005.SCG*LB1.CP-4++9.N.-7.2-4.3-5W6	Q14079
005.SCG*LB4.CP-5++2.N.12.6-2.8-5W14	Q14080
005.SCG*LB1.CP-6++8.N.-7.2-2.2-5W1	Q14081
005.SCG*LB4.CP-2++3.N.-7.14-4.19-3W30	Q14082
005.SCG*LB2.CP--++2.N.-3.14-5.16-1W2	Q14083
005.SCG*LB4.CP-2++2.N.-2.10-1.10-6W3	Q14084
005.SCG*LB3.CP15++4.N.-9.12-1.15-2W3	Q14085
005.SCG*LB3.CP13++9.N.-7.1-1.2-1W4	Q14086
005.SCG*LB1.CP-4++3.N.-3.7-4.9-1W11	Q14087
005.SCG*LB3.CP--++8.N.11.15-5.20-3W4	Q14088
005.SCG*LB4.CP-1++1.N.18.24-5.26-4W14	Q14089
005.SCG*LB4.CP-9++0.N.-3.1-1.6-6W4	Q14090
005.SCG*LB1.CP--++5.N.-5.7-2.9-4W4	Q14091
005.SCG*LB3.CP-5++5.N.-2.21-4.27-4W23	Q14092
005.SCG*LB4.CP--++8.N.-9.15-4.16-6W1	Q14093
005.SCG*LB2.CP-8++3.N.33.4-2.6-3W13	Q14094
005.SCG*LB4.CP--++4.N.13.20-4.22-4W7	Q14095
005.SCG*LB4.CP-8++6.N.-4.19-3.21-1W8	Q14096
005.SCG*LB3.CP-6++4.N.-9.14-2.18-3W28	Q14097
005.SCG*LB4.CP-1++7.N.23.4-6.6-6W10	Q14098
005.SCG*LB4.CP--++1.N.-1.1-1.4-4W6	Q14099
005.SCG*LB4.CP-7++0.N.-4.2-4.3-5W2	Q14100
005.SCG*LB2.CP-7++9.N.15.2-2.3-4W1	Q14101
005.SCG*LB4.CP-6++1.N.-4.8-3.9-6W7	Q14102
005.SCG*LB2.CP-7++8.N.-7.1-1.5-4W23	Q14103
005.SCG*LB3.CP-9++9.N.-9.1-1.7-3W4	Q14104
005.SCG*LB4.CP-3++4.N.-9.15-6.17-5W14	Q14105
005.SCG*LB4.CP-5++2.N.-7.1-1.4-3W6	Q14106
005.SCG*LB3.CP-9++5.N.10.9-1.9-7W5	Q14107
005.SCG*LB3.CP-8++0.N.17.13-3.15-2W7	Q14108
005.SCG*LB3.CP-2++1.N.-7.1-2.3-4W14	Q14109
005.SCG*LB3.CP-9++5.N.14.20-5.22-2W5	Q14110
005.SCG*LB2.CP--++7.N.-6.1-1.1-6W6	Q14111
005.SCG*LB4.CP-7++1.N.11.1-1.2-6W7	Q14112
005.SCG*LB2.CP-7++1.N.-1.1-1.7-6W26	Q14113
005.SCG*LB2.CP-6++4.N.-4.1-2.1-4W2	Q14114
005.SCG*LB3.CP--++8.N.11.20-4.22-2W4	Q14115
005.SCG*LB4.CP-3++8.N.-8.12-3.19-7W24	Q14116
005.SCG*LB4.CP-1++1.N.11.30-1.34-5W37	Q14117
005.SCG*LB2.CP-7++0.N.-2.18-4.22-6W7	Q14118
005.SCG*LB2.CP-2++7.N.-2.2-4.4-3W12	Q14119
005.SCG*LB4.CP--++8.N.-7.30-1.30-5W1	Q14120
005.SCG*LB2.CP-2++3.N.11.2-3.2-6W1	Q14121
005.SCG*LB4.CP-9++6.N.-2.6-3.7-2W4	Q14122
005.SCG*LB2.CP-2++8.N.11.1-1.2-5W3	Q14123
005.SCG*LB2.CP-9++9.N.-1.1-1.4-3W2	Q14124
005.SCG*LB3.CP16++2.N.-6.1-1.2-1W4	Q14125
005.SCG*LB1.CP-7++2.N.-9.15-5.18-5W14	Q14126
005.SCG*LB4.CP-5++2.N.-8.6-1.13-1W10	Q14127
005.SCG*LB3.CP12++4.N.-1.15-4.18-4W11	Q14128
005.SCG*LB3.CP-1++0.N.-6.1-1.6-8W26	Q14129
005.SCG*LB1.CP-2++5.N.10.1-1.3-5W7	Q14130
005.SCG*LB1.CP-9++3.N.11.7-1.9-1W7	Q14131
005.SCG*LB4.CP-9++0.N.-9.1-1.5-5W12	Q14132
005.SCG*LB2.CP-8++3.N.16.7-7.11-3W6	Q14133
005.SCG*LB4.CP-8++3.N.13.5-1.12-6W24	Q14134
005.SCG*LB2.CP-4++1.N.14.6-1.12-4W10	Q14135
005.SCG*LB4.CP-3++8.N.-1.10-1.14-7W17	Q14136
005.SCG*LB4.CP--++8.N.-5.8-3.11-4W8	Q14137
005.SCG*LB2.CP-8++0.N.13.15-1.20-1W32	Q14138
005.SCG*LB4.CP-6++2.N.-2.1-1.6-4W31	Q14139
005.SCG*LB4.CP-1++7.N.13.2-4.3-2W1	Q14140
005.SCG*LB1.CP-6++7.N.-8.1-1.3-3W4	Q14141
005.SCG*LB2.CP-8++0.N.-6.30-1.34-2W4	Q14142
005.SCG*LB3.CP-9++5.N.17.13-1.13-7W4	Q14143
005.SCG*LB2.CP-7++8.N.10.12-2.15-9W28	Q14144
005.SCG*LB1.CP-9++1.N.12.24-1.28-6W4	Q14145
005.SCG*LB1.CP-2++9.N.-2.12-5.17-4W28	Q14146
005.SCG*LB2.CP-8++9.N.-5.1-1.3-1W11	Q14147
005.SCG*LB2.CP-6++7.N.-3.1-2.4-6W20	Q14148
005.SCG*LB2.CP-4++1.N.12.23-4.25-3W4	Q14149
005.SCG*LB4.CP-5++9.N.-4.13-4.14-5W2	Q14150
005.SCG*LB3.CP-8++5.N.18.12-3.17-5W3	Q14151
005.SCG*LB3.CP16++3.N.-1.11-1.13-4W14	Q14152
005.SCG*LB4.CP--++8.N.12.8-5.9-2W1	Q14153
005.SCG*LB4.CP-5++2.N.11.9-4.12-1W8	Q14154
005.SCG*LB2.CP-8++2.N.17.16-2.18-3W4	Q14155
005.SCG*LB4.CP--++2.N.-4.1-1.4-9W16	Q14156
005.SCG*LB4.CP-1++7.N.21.2-8.4-6W5	Q14157
005.SCG*LB3.CP14++4.N.-8.1-1.3-1W6	Q14158
005.SCG*LB3.CP15++8.N.-5.17-3.20-2W2	Q14159
005.SCG*LB2.CP-8++2.N.17.20-2.24-6W4	Q14160
005.SCG*LB3.CP14++2.N.-7.1-1.3-4W7	Q14161
005.SCG*LB4.CP-6++0.N.-2.3-4.6-6W20	Q14162
005.SCG*LB1.CP-3++2.N.-2.5-3.6-7W4	Q14163
005.SCG*LB4.CP--++7.N.11.4-6.5-4W1	Q14164
005.SCG*LB2.CP-7++6.N.15.2-2.7-3W32	Q14165
005.SCG*LB4.CP-2++3.N.-3.7-1.9-2W15	Q14166
005.SCG*LB4.CP--++8.N.-1.8-1.13-3W23	Q14167
005.SCG*LB3.CP10++4.N.-6.6-5.11-1W5	Q14168
005.SCG*LB3.CP-5++3.N.-7.3-5.4-2W4	Q14169
005.SCG*LB2.CP-1++3.N.-5.14-5.16-3W9	Q14170
005.SCG*LB3.CP14++8.N.-1.5-7.8-3W4	Q14171
005.SCG*LB3.CP-4++8.N.-3.19-7.23-6W6	Q14172
005.SCG*LB2.CP-6++0.N.11.14-1.18-3W5	Q14173
005.SCG*LB4.CP-4++1.N.10.3-5.11-6W9	Q14174
005.SCG*LB3.CP-2++0.N.-7.10-1.14-3W12	Q14175
005.SCG*LB3.CP12++2.N.-1.4-1.4-2W1	Q14176
005.SCG*LB4.CP-3++4.N.27.1-2.3-3W13	Q14177
005.SCG*LB4.CP-6++9.N.-1.8-7.11-7W4	Q14178
005.SCG*LB4.CP--++8.N.-2.30-2.33-10W19	Q14179
005.SCG*LB2.CP-7++2.N.-6.1-1.6-6W28	Q14180
005.SCG*LB3.CP-7++5.N.-3.22-3.24-2W4	Q14181
005.SCG*LB3.CP15++4.N.17.22-1.24-4W1	Q14182
005.SCG*LB4.CP-1++0.N.-6.13-5.16-5W12	Q14183
005.SCG*LB4.CP--++8.N.-8.35-1.36-2W8	Q14184
005.SCG*LB3.CP-6++3.N.-3.24-1.26-3W18	Q14185
005.SCG*LB2.CP-1++5.N.-9.2-1.2-4W1	Q14186
005.SCG*LB2.CP-7++3.N.22.1-1.4-3W4	Q14187
005.SCG*LB3.CP-2++6.N.16.1-2.7-1W13	Q14188
005.SCG*LB1.CP-3++2.N.-3.5-4.8-2W4	Q14189
005.SCG*LB4.CP--++7.N.15.13-2.16-4W14	Q14190
005.SCG*LB4.CP-1++3.N.-5.5-4.7-2W1	Q14191
005.SCG*LB3.CP11++6.N.-3.3-1.5-7W3	Q14192
005.SCG*LB1.CP-9++6.N.-7.5-4.7-4W5	Q14193
005.SCG*LB3.CP-2++0.N.-7.1-1.6-5W5	Q14194
005.SCG*LB4.CP-7++0.N.-8.4-1.4-5W5	Q14195
005.SCG*LB3.CP-7++5.N.-4.1-2.4-2W18	Q14196
005.SCG*LB3.CP-9++0.N.-9.5-1.11-2W6	Q14197
005.SCG*LB2.CP-2++4.N.-4.14-2.15-4W10	Q14198
005.SCG*LB1.CP-8++2.N.-9.2-1.15-4W82	Q14199
005.SCG*LB2.CP-8++3.N.25.35-3.38-4W6	Q14200
005.SCG*LB3.CP-4++6.N.-6.10-1.12-3W5	Q14201
005.SCG*LB4.CP-1++8.N.-5.4-3.5-4W7	Q14202
005.SCG*LB2.CP-3++5.N.-3.22-5.25-4W4	Q14203
005.SCG*LB2.CP-6++2.N.-9.5-2.6-4W1	Q14204
005.SCG*LB3.CP15++0.N.-2.19-4.23-3W6	Q14205
005.SCG*LB4.CP-1++2.N.-1.1-1.6-4W8	Q14206
005.SCG*LB4.CP-2++4.N.-8.73-8.76-5W18	Q14207
005.SCG*LB3.CP10++5.N.-8.1-1.7-1W31	Q14208
005.SCG*LB4.CP-3++4.N.14.3-3.5-1W8	Q14209
005.SCG*LB3.CP-9++3.N.-5.18-1.20-5W3	Q14210
005.SCG*LB4.CP--++5.N.-5.7-3.10-5W12	Q14211
005.SCG*LB1.CP-3++2.N.-7.15-6.19-1W11	Q14212
005.SCG*LB4.CP-2++4.N.-2.3-3.3-6W1	Q14213
005.SCG*LB4.CP--++9.N.-6.18-4.21-3W17	Q14214
005.SCG*LB3.CP-8++4.N.-9.10-5.14-3W4	Q14215
005.SCG*LB3.CP-7++5.N.16.1-1.4-1W8	Q14216
005.SCG*LB3.CP--++5.N.13.16-2.18-3W8	Q14217
005.SCG*LB4.CP-1++3.N.-8.8-4.9-5W8	Q14218
005.SCG*LB2.CP-6++0.N.21.1-1.4-3W3	Q14219
005.SCG*LB2.CP-1++2.N.-3.11-1.14-1W10	Q14220
005.SCG*LB2.CP-4++5.N.10.2-1.4-1W15	Q14221
005.SCG*LB1.CP-5++9.N.-2.16-4.18-5W8	Q14222
005.SCG*LB2.CP-7++8.N.-9.19-1.21-6W4	Q14223
005.SCG*LB1.CP-7++0.N.-9.6-3.10-3W5	Q14224
005.SCG*LB3.CP-2++6.N.18.5-5.8-1W19	Q14225
005.SCG*LB3.CP-5++9.N.-7.33-1.33-6W4	Q14226
005.SCG*LB4.CP--++8.N.-8.45-1.46-2W8	Q14227
005.SCG*LB4.CP-9++1.N.-9.15-3.21-6W14	Q14228
005.SCG*LB4.CP-3++4.N.-5.11-3.13-4W3	Q14229
005.SCG*LB3.CP14++1.N.-6.32-1.38-1W37	Q14230
005.SCG*LB4.CP-4++8.N.-2.15-2.19-2W19	Q14231
005.SCG*LB4.CP-3++7.N.-3.3-4.7-2W22	Q14232
005.SCG*LB4.CP-3++0.N.-8.4-2.5-4W10	Q14233
005.SCG*LB3.CP-9++4.N.-9.34-1.38-4W27	Q14234
005.SCG*LB1.CP-8++8.N.-3.5-2.8-4W5	Q14235
005.SCG*LB3.CP-4++0.N.-6.10-4.12-5W3	Q14236
005.SCG*LB4.CP--++5.N.11.6-3.6-6W1	Q14237
005.SCG*LB1.CP-9++2.N.10.8-1.14-4W29	Q14238
005.SCG*LB1.CP-9++1.N.-9.15-1.17-1W12	Q14239
005.SCG*LB1.CP10++0.N.-3.7-2.8-3W4	Q14240
005.SCG*LB3.CP15++3.N.-6.4-2.4-5W4	Q14241
005.SCG*LB3.CP15++9.N.-1.24-6.29-1W17	Q14242
005.SCG*LB4.CP-2++0.N.-5.3-3.4-5W1	Q14243
005.SCG*LB4.CP-2++7.N.-2.3-1.3-4W1	Q14244
005.SCG*LB2.CP-5++8.N.-4.18-3.21-6W5	Q14245
005.SCG*LB4.CP--++7.N.-3.6-3.8-2W6	Q14246
005.SCG*LB1.CP-6++1.N.-9.1-1.1-6W4	Q14247
005.SCG*LB3.CP-9++0.N.-6.7-1.9-2W10	Q14248
005.SCG*LB4.CP-6++3.N.10.1-1.6-5W7	Q14249
005.SCG*LB3.CP-8++3.N.-2.14-1.18-2W2	Q14250
005.SCG*LB2.CP-6++0.N.-4.8-5.10-6W3	Q14251
005.SCG*LB3.CP-4++6.N.-2.1-1.2-7W4	Q14252
005.SCG*LB4.CP-3++8.N.-1.19-5.25-7W11	Q14253
005.SCG*LB4.CP-9++7.N.-3.16-1.23-1W3	Q14254
005.SCG*LB4.CP-3++1.N.-6.7-7.9-6W7	Q14255
005.SCG*LB4.CP-1++8.N.-7.17-1.18-3W10	Q14256
005.SCG*LB4.CP-1++1.N.18.28-3.30-4W8	Q14257
005.SCG*LB3.CP-8++7.N.-1.1-1.5-7W25	Q14258
005.SCG*LB2.CP-7++3.N.39.17-1.23-2W5	Q14259
005.SCG*LB1.CP-9++3.N.11.10-5.13-3W3	Q14260
005.SCG*LB4.CP-4++7.N.-4.3-2.4-3W8	Q14261
005.SCG*LB4.CP-3++4.N.-2.66-3.67-7W12	Q14262
005.SCG*LB4.CP-3++3.N.-6.12-3.18-5W35	Q14263
005.SCG*LB1.CP-3++0.N.-2.21-1.22-1W4	Q14264
005.SCG*LB1.CP-6++0.N.-5.1-2.5-1W19	Q14265
005.SCG*LB2.CP-7++1.N.-3.1-1.4-2W3	Q14266
005.SCG*LB3.CP-2++5.N.-3.3-2.5-2W10	Q14267
005.SCG*LB2.CP-4++2.N.-4.6-1.8-6W4	Q14268
005.SCG*LB3.CP13++5.N.11.16-1.23-6W6	Q14269
005.SCG*LB3.CP--++3.N.-5.9-1.10-2W3	Q14270
005.SCG*LB4.CP-9++5.N.-2.1-1.3-3W5	Q14271
005.SCG*LB4.CP-2++1.N.-4.9-6.12-4W15	Q14272
005.SCG*LB4.CP--++6.N.-9.7-1.8-2W3	Q14273
005.SCG*LB3.CP15++5.N.-8.8-1.10-2W11	Q14274
005.SCG*LB2.CP-8++5.N.10.2-4.6-7W6	Q14275
005.SCG*LB4.CP-9++0.N.-9.1-1.5-5W27	Q14276
005.SCG*LB2.CP-6++9.N.-8.6-1.10-3W5	Q14277
005.SCG*LB4.CP-2++7.N.-1.1-1.7-2W11	Q14278
005.SCG*LB1.CP-1++0.N.-2.5-4.6-4W6	Q14279
005.SCG*LB2.CP-7++3.N.-9.5-1.8-3W3	Q14280
005.SCG*LB3.CP12++8.N.-7.22-5.23-2W2	Q14281
005.SCG*LB3.CP14++3.N.-1.4-1.7-5W16	Q14282
005.SCG*LB4.CP-8++4.N.-2.1-1.4-8W22	Q14283
005.SCG*LB2.CP-3++0.N.-4.4-1.9-4W5	Q14284
005.SCG*LB4.CP-4++9.N.11.28-1.31-1W7	Q14285
005.SCG*LB4.CP-1++7.N.-5.8-4.9-2W1	Q14286
005.SCG*LB1.CP-2++6.N.-4.4-3.6-4W3	Q14287
005.SCG*LB3.CP14++8.N.-4.7-5.8-3W4	Q14288
005.SCG*LB4.CP-4++8.N.-2.7-1.10-4W11	Q14289
005.SCG*LB3.CP-3++9.N.-7.16-4.18-3W14	Q14290
005.SCG*LB2.CP-1++1.N.-7.1-1.2-2W8	Q14291
005.SCG*LB4.CP-4++8.N.-2.15-2.19-2W16	Q14292
005.SCG*LB4.CP-2++1.N.-4.7-3.9-5W3	Q14293
005.SCG*LB4.CP-8++4.N.16.1-1.3-6W17	Q14294
005.SCG*LB2.CP-4++5.N.-2.18-6.20-4W4	Q14295
005.SCG*LB2.CP-7++6.N.12.1-1.3-3W13	Q14296
005.SCG*LB1.CP-5++5.N.-8.1-2.2-7W11	Q14297
005.SCG*LB2.CP-5++1.N.-5.1-2.6-1W18	Q14298
005.SCG*LB4.CP-4++9.N.13.7-7.11-1W1	Q14299
005.SCG*LB1.CP-2++5.N.-3.7-6.10-3W24	Q14300
005.SCG*LB2.CP-1++1.N.--.1-1.2-3W4	Q14301
005.SCG*LB2.CP-7++3.N.39.1-1.3-4W3	Q14302
005.SCG*LB4.CP-7++9.N.-6.2-2.5-4W1	Q14303
005.SCG*LB1.CP-4++0.N.-5.3-7.4-6W5	Q14304
005.SCG*LB3.CP-8++6.N.-8.21-5.25-7W3	Q14305
005.SCG*LB3.CP--++8.N.12.5-2.7-5W1	Q14306
005.SCG*LB3.CP14++9.N.-6.17-1.17-4W4	Q14307
005.SCG*LB4.CP-1++6.N.-4.4-2.4-6W1	Q14308
005.SCG*LB4.CP-1++7.N.23.12-5.16-2W11	Q14309
005.SCG*LB4.CP-3++4.N.-9.13-4.14-3W4	Q14310
005.SCG*LB3.CP13++2.N.27.9-3.10-5W4	Q14311
005.SCG*LB1.CP-1++3.N.32.1-1.4-1W4	Q14312
005.SCG*LB1.CP-2++0.N.18.7-3.9-4W3	Q14313
005.SCG*LB3.CP-4++2.N.-7.5-2.7-1W6	Q14314
005.SCG*LB1.CP--++2.N.-1.4-1.8-4W20	Q14315
005.SCG*LB3.CP12++2.N.11.3-2.3-5W1	Q14316
005.SCG*LB4.CP-6++3.N.-4.1-1.6-2W3	Q14317
005.SCG*LB4.CP-2++3.N.-5.16-6.20-5W9	Q14318
005.SCG*LB1.CP-3++2.N.-3.11-3.13-7W15	Q14319
005.SCG*LB2.CP-8++3.N.18.1-1.6-4W4	Q14320
005.SCG*LB2.CP-7++8.N.-9.8-1.10-7W11	Q14321
005.SCG*LB1.CP-3++4.N.--.1-1.2-5W4	Q14322
005.SCG*LB3.CP11++3.N.-7.6-8.10-4W4	Q14323
005.SCG*LB2.CP-7++5.N.15.41-1.47-3W22	Q14324
005.SCG*LB3.CP11++9.N.-6.1-1.2-5W10	Q14325
005.SCG*LB3.CP12++5.N.-3.6-2.7-6W12	Q14326
005.SCG*LB3.CP-2++0.N.-5.20-1.22-3W6	Q14327
005.SCG*LB3.CP15++0.N.-1.1-1.8-1W14	Q14328
005.SCG*LB4.CP-2++5.N.-4.15-4.17-1W14	Q14329
005.SCG*LB2.CP-7++3.N.-9.1-1.4-5W19	Q14330
005.SCG*LB3.CP15++3.N.-6.1-1.4-1W4	Q14331
005.SCG*LB4.CP-7++6.N.-6.4-1.4-5W3	Q14332
005.SCG*LB1.CP-9++1.N.-9.25-3.28-6W9	Q14333
005.SCG*LB4.CP--++2.N.-4.5-1.6-6W3	Q14334
005.SCG*LB4.CP--++8.N.-3.1-1.5-5W15	Q14335
005.SCG*LB3.CP12++0.N.10.18-1.20-5W1	Q14336
005.SCG*LB3.CP-8++3.N.-1.7-3.7-4W1	Q14337
005.SCG*LB1.CP-5++5.N.-7.4-4.6-3W13	Q14338
005.SCG*LB3.CP13++6.N.13.26-1.29-5W7	Q14339
005.SCG*LB2.CP-8++6.N.-6.1-2.4-4W3	Q14340
005.SCG*LB1.CP-1++3.N.27.4-4.7-3W2	Q14341
005.SCG*LB3.CP-8++5.N.18.7-1.8-8W9	Q14342
005.SCG*LB1.CP-2++1.N.-4.18-2.19-4W3	Q14343
005.SCG*LB2.CP-7++3.N.18.5-1.7-6W3	Q14344
005.SCG*LB2.CP-5++9.N.-2.1-1.5-1W12	Q14345
005.SCG*LB3.CP-6++2.N.10.7-5.9-5W15	Q14346
005.SCG*LB1.CP-7++0.N.-3.6-5.8-6W15	Q14347
005.SCG*LB4.CP-2++2.N.-1.1-1.5-2W15	Q14348
005.SCG*LB4.CP-6++7.N.-2.4-4.7-4W1	Q14349
005.SCG*LB1.CP-2++0.N.36.5-1.5-5W1	Q14350
005.SCG*LB2.CP-2++6.N.-9.5-3.6-1W4	Q14351
005.SCG*LB2.CP-9++9.N.-7.10-1.12-5W8	Q14352
005.SCG*LB4.CP-1++2.N.-2.16-2.17-4W10	Q14353
005.SCG*LB4.CP-7++3.N.-8.1-1.4-3W23	Q14354
005.SCG*LB2.CP--++2.N.-5.10-3.11-3W4	Q14355
005.SCG*LB2.CP-8++3.N.25.44-3.51-6W10	Q14356
005.SCG*LB3.CP13++1.N.-4.1-2.2-6W9	Q14357
005.SCG*LB4.CP-3++8.N.-8.10-5.12-2W11	Q14358
005.SCG*LB2.CP-2++4.N.-7.1-1.4-2W8	Q14359
005.SCG*LB3.CP-4++5.N.-7.4-1.9-1W8	Q14360
005.SCG*LB4.CP-9++1.N.-6.14-1.17-2W17	Q14361
005.SCG*LB4.CP-3++1.N.-1.7-3.14-5W47	Q14362
005.SCG*LB3.CP-5++7.N.-5.8-1.12-6W33	Q14363
005.SCG*LB3.CP-3++8.N.-3.7-2.8-2W6	Q14364
005.SCG*LB1.CP10++2.N.-2.3-2.6-6W10	Q14365
005.SCG*LB4.CP-3++8.N.-1.15-1.19-4W4	Q14366
005.SCG*LB2.CP-6++2.N.-6.5-3.7-1W6	Q14367
005.SCG*LB2.CP-7++5.N.12.5-2.7-5W3	Q14368
005.SCG*LB3.CP--++8.N.12.1-1.2-7W1	Q14369
005.SCG*LB3.CP-9++5.N.16.3-1.4-1W3	Q14370
005.SCG*LB4.CP--++7.N.-2.6-4.7-2W6	Q14371
005.SCG*LB4.CP-9++1.N.10.32-1.33-5W13	Q14372
005.SCG*LB4.CP-2++4.N.-2.31-1.34-6W9	Q14373
005.SCG*LB1.CP-4++2.N.10.8-1.10-1W3	Q14374
005.SCG*LB2.CP-6++0.N.-9.8-3.10-1W6	Q14375
005.SCG*LB2.CP10++1.N.-1.1-1.7-3W44	Q14376
005.SCG*LB2.CP-9++1.N.11.4-1.6-1W7	Q14377
005.SCG*LB4.CP-2++6.N.-2.2-7.5-4W20	Q14378
005.SCG*LB4.CP-8++1.N.14.1-1.3-2W12	Q14379
005.SCG*LB4.CP-3++5.N.-8.40-2.44-6W34	Q14380
005.SCG*LB4.CP--++7.N.16.10-3.12-5W17	Q14381
005.SCG*LB2.CP-9++8.N.-4.1-1.3-3W1	Q14382
005.SCG*LB1.CP-4++0.N.-3.1-2.6-2W19	Q14383
005.SCG*LB4.CP-4++9.N.11.13-1.17-2W11	Q14384
005.SCG*LB3.CP16++3.N.-1.25-1.25-5W3	Q14385
005.SCG*LB1.CP-7++9.N.-2.4-7.5-8W4	Q14386
005.SCG*LB2.CP--++3.N.-5.6-5.13-1W13	Q14387
005.SCG*LB1.CP-9++3.N.-6.7-3.7-6W4	Q14388
005.SCG*LB1.CP-1++0.N.--.1-1.3-4W3	Q14389
005.SCG*LB4.CP-7++7.N.-5.8-6.9-4W7	Q14390
005.SCG*LB4.CP-4++1.N.-2.1-1.11-1W30	Q14391
005.SCG*LB1.CP-1++0.N.-2.1-1.2-5W7	Q14392
005.SCG*LB2.CP-8++3.N.34.10-4.12-4W8	Q14393
005.SCG*LB3.CP-1++0.N.14.14-1.16-6W3	Q14394
005.SCG*LB4.CP--++2.N.-2.18-3.21-3W1	Q14395
005.SCG*LB4.CP--++9.N.-6.14-1.18-3W12	Q14396
005.SCG*LB1.CP-8++2.N.-8.1-1.7-1W7	Q14397
005.SCG*LB1.CP-4++4.N.-2.15-4.20-2W12	Q14398
005.SCG*LB2.CP--++3.N.-2.1-1.8-5W48	Q14399
005.SCG*LB3.CP-7++5.N.15.6-3.8-5W8	Q14400
005.SCG*LB1.CP-2++6.N.10.18-1.23-3W10	Q14401
005.SCG*LB2.CP--++3.N.-7.1-1.3-4W14	Q14402
005.SCG*LB4.CP-1++4.N.-6.29-2.31-5W5	Q14403
005.SCG*LB1.CP--++1.N.-7.6-6.13-1W10	Q14404
005.SCG*LB4.CP-1++1.N.16.23-2.25-2W11	Q14405
005.SCG*LB3.CP16++2.N.-6.5-4.5-7W4	Q14406
005.SCG*LB4.CP-8++1.N.-1.1-1.9-6W13	Q14407
005.SCG*LB2.CP-1++1.N.-1.1-1.7-4W17	Q14408
005.SCG*LB3.CP-1++2.N.-4.1-1.6-2W7	Q14409
005.SCG*LB4.CP-3++4.N.12.11-1.12-4W1	Q14410
005.SCG*LB1.CP-7++7.N.-5.9-4.11-6W16	Q14411
005.SCG*LB2.CP-4++9.N.11.3-5.5-7W4	Q14412
005.SCG*LB2.CP-8++3.N.-6.1-1.6-4W13	Q14413
005.SCG*LB4.CP-1++1.N.10.13-1.13-6W6	Q14414
005.SCG*LB3.CP-2++0.N.-7.6-6.9-6W16	Q14415
005.SCG*LB3.CP-9++5.N.16.15-3.16-2W1	Q14416
005.SCG*LB4.CP-1++3.N.-5.27-5.30-4W11	Q14417
005.SCG*LB4.CP--++5.N.-5.14-1.17-4W12	Q14418
005.SCG*LB1.CP--++2.N.-3.2-6.6-1W11	Q14419
005.SCG*LB4.CP--++8.N.10.5-2.8-1W1	Q14420
005.SCG*LB3.CP10++3.N.-7.7-1.9-4W3	Q14421
005.SCG*LB3.CP13++0.N.-6.9-1.10-3W10	Q14422
005.SCG*LB4.CP-1++1.N.18.71-1.73-7W15	Q14423
005.SCG*LB4.CP-1++7.N.20.5-6.10-1W26	Q14424
005.SCG*LB4.CP-4++2.N.-2.10-6.12-3W1	Q14425
005.SCG*LB4.CP-1++7.N.-4.3-5.4-2W3	Q14426
005.SCG*LB4.CP--++8.N.12.1-1.6-3W8	Q14427
005.SCG*LB3.CP15++4.N.-6.9-1.10-3W7	Q14428
005.SCG*LB4.CP-2++9.N.-6.1-1.3-4W11	Q14429
005.SCG*LB1.CP-5++9.N.-2.6-4.12-7W28	Q14430
005.SCG*LB4.CP-3++4.N.16.15-6.17-2W11	Q14431
005.SCG*LB4.CP-5++4.N.-4.39-6.40-3W4	Q14432
005.SCG*LB3.CP-9++5.N.17.1-1.4-7W12	Q14433
005.SCG*LB4.CP-5++5.N.13.23-3.26-3W17	Q14434
005.SCG*LB4.CP--++8.N.-7.42-2.43-2W3	Q14435
005.SCG*LB4.CP-8++1.N.-5.1-1.4-4W6	Q14436
005.SCG*LB1.CP-2++7.N.-9.1-1.8-2W8	Q14437
005.SCG*LB1.CP-6++8.N.-6.7-7.13-4W28	Q14438
005.SCG*LB2.CP-6++2.N.-7.7-1.10-5W14	Q14439
005.SCG*LB2.CP-9++1.N.-2.5-1.9-3W15	Q14440
005.SCG*LB3.CP-6++3.N.-3.35-2.37-4W15	Q14441
005.SCG*LB3.CP-2++3.N.-5.11-3.18-1W38	Q14442
005.SCG*LB4.CP-3++7.N.-3.7-3.9-2W3	Q14443
005.SCG*LB4.CP-1++0.N.10.2-4.6-3W30	Q14444
005.SCG*LB4.CP-5++2.N.-7.1-1.4-3W19	Q14445
005.SCG*LB4.CP--++8.N.-6.37-3.40-6W4	Q14446
005.SCG*LB4.CP-1++7.N.11.14-4.15-6W1	Q14447
005.SCG*LB4.CP-6++6.N.11.1-1.9-1W3	Q14448
005.SCG*LB1.CP--++9.N.-1.7-1.9-1W1	Q14449
005.SCG*LB3.CP-4++2.N.-7.9-1.12-2W3	Q14450
005.SCG*LB4.CP-9++7.N.-5.9-1.10-2W5	Q14451
005.SCG*LB4.CP-5++0.N.-8.11-2.13-3W16	Q14452
005.SCG*LB2.CP-6++3.N.-1.4-2.4-6W1	Q14453
005.SCG*LB1.CP-2++8.N.-9.7-1.8-2W10	Q14454
005.SCG*LB4.CP-5++0.N.-7.1-2.1-5W4	Q14455
005.SCG*LB4.CP-8++4.N.-5.6-4.11-1W29	Q14456
005.SCG*LB4.CP-7++7.N.-5.5-3.8-1W19	Q14457
005.SCG*LB4.CP-1++6.N.10.6-3.8-1W6	Q14458
005.SCG*LB4.CP--++1.N.10.8-3.9-5W8	Q14459
005.SCG*LB3.CP-6++3.N.-3.45-4.46-4W3	Q14460
005.SCG*LB2.CP-8++4.N.-7.8-7.15-7W17	Q14461
005.SCG*LB3.CP--++8.N.13.13-3.15-4W11	Q14462
005.SCG*LB4.CP-1++1.N.16.8-1.10-6W14	Q14463
005.SCG*LB3.CP14++7.N.-4.10-6.12-3W10	Q14464
005.SCG*LB4.CP-1++1.N.17.23-1.27-3W10	Q14465
005.SCG*LB4.CP-8++3.N.16.3-5.4-3W1	Q14466
005.SCG*LB4.CP-2++3.N.-7.10-4.14-3W18	Q14467
005.SCG*LB1.CP-3++4.N.-2.14-5.17-2W4	Q14468
005.SCG*LB4.CP-8++6.N.-6.12-4.15-3W3	Q14469
005.SCG*LB4.CP--++8.N.-6.22-5.28-3W27	Q14470
005.SCG*LB4.CP-2++1.N.-4.12-5.16-2W3	Q14471
005.SCG*LB2.CP-6++1.N.-3.9-5.15-1W22	Q14472
005.SCG*LB4.CP-1++7.N.14.8-4.9-2W1	Q14473
005.SCG*LB4.CP-4++5.N.-3.8-2.12-2W26	Q14474
005.SCG*LB3.CP-9++7.N.-3.9-3.11-7W13	Q14475
005.SCG*LB4.CP-2++8.N.-4.4-4.5-3W8	Q14476
005.SCG*LB3.CP-9++5.N.12.5-1.5-6W6	Q14477
005.SCG*LB3.CP-7++5.N.-4.9-3.11-2W11	Q14478
005.SCG*LB4.CP-2++1.N.-2.34-6.35-4W3	Q14479
005.SCG*LB4.CP-6++5.N.-4.1-1.4-6W4	Q14480
005.SCG*LB1.CP-6++9.N.15.9-6.13-4W5	Q14481
005.SCG*LB3.CP12++2.N.-1.1-1.3-4W9	Q14482
005.SCG*LB1.CP-9++5.N.-1.1-1.3-1W5	Q14483
005.SCG*LB1.CP-4++3.N.-2.13-4.15-3W7	Q14484
005.SCG*LB1.CP-6++5.N.11.6-2.6-3W2	Q14485
005.SCG*LB3.CP-8++6.N.10.1-1.5-3W10	Q14486
005.SCG*LB3.CP12++0.N.-8.1-2.1-4W3	Q14487
005.SCG*LB1.CP-9++1.N.-2.3-1.4-4W11	Q14488
005.SCG*LB2.CP-9++5.N.-4.30-4.36-2W3	Q14489
005.SCG*LB4.CP-2++5.N.-1.5-1.8-5W30	Q14490
005.SCG*LB4.CP-2++0.N.-2.8-7.11-1W3	Q14491
005.SCG*LB4.CP-1++7.N.10.3-3.3-4W2	Q14492
005.SCG*LB4.CP-2++1.N.-6.18-1.19-4W11	Q14493
005.SCG*LB3.CP10++8.N.-7.11-2.14-5W4	Q14494
005.SCG*LB4.CP--++9.N.-3.9-1.9-7W3	Q14495
005.SCG*LB4.CP-8++3.N.15.3-1.5-1W1	Q14496
005.SCG*LB3.CP-9++7.N.11.1-1.5-4W15	Q14497
005.SCG*LB3.CP-2++9.N.-3.4-5.7-4W19	Q14498
005.SCG*LB2.CP-5++8.N.-3.3-4.5-3W3	Q14499
005.SCG*LB4.CP-7++1.N.11.10-4.11-1W1	Q14500
005.SCG*LB4.CP-1++1.N.11.43-1.47-2W3	Q14501
005.SCG*LB4.CP-2++6.N.-1.8-4.9-6W11	Q14502
005.SCG*LB3.CP13++5.N.11.24-1.25-7W6	Q14503
005.SCG*LB3.CP-8++0.N.18.11-1.12-1W9	Q14504
005.SCG*LB3.CP-4++7.N.-6.12-3.19-5W9	Q14505
005.SCG*LB2.CP-5++8.N.-4.1-1.6-1W3	Q14506
005.SCG*LB2.CP-7++0.N.-6.1-1.5-4W4	Q14507
005.SCG*LB2.CP-5++6.N.-7.6-7.7-5W3	Q14508
005.SCG*LB3.CP15++4.N.18.9-1.14-2W3	Q14509
005.SCG*LB4.CP-6++1.N.-2.1-1.6-5W14	Q14510
005.SCG*LB3.CP-2++6.N.16.1-2.7-1W31	Q14511
005.SCG*LB3.CP13++0.N.-1.13-5.17-1W7	Q14512
005.SCG*LB4.CP-3++5.N.-5.13-5.15-1W6	Q14513
005.SCG*LB3.CP12++2.N.-5.6-1.9-3W1	Q14514
005.SCG*LB4.CP-1++7.N.-7.1-2.3-2W2	Q14515
005.SCG*LB1.CP--++4.N.-4.9-1.10-3W9	Q14516
005.SCG*LB4.CP-9++1.N.-6.22-1.27-3W38	Q14517
005.SCG*LB4.CP-6++9.N.-5.20-1.20-4W3	Q14518
005.SCG*LB3.CP-7++3.N.-4.3-4.6-5W8	Q14519
005.SCG*LB4.CP-3++3.N.-6.8-5.12-2W14	Q14520
005.SCG*LB2.CP--++1.N.-5.1-1.4-1W3	Q14521
005.SCG*LB4.CP--++7.N.-5.8-2.12-1W27	Q14522
005.SCG*LB3.CP-8++4.N.-9.1-2.3-3W14	Q14523
005.SCG*LB3.CP-5++1.N.-1.1-1.8-5W31	Q14524
005.SCG*LB1.CP-6++7.N.10.10-3.15-1W11	Q14525
005.SCG*LB3.CP-9++0.N.-9.1-1.4-9W6	Q14526
005.SCG*LB1.CP-9++7.N.-5.2-2.3-4W1	Q14527
005.SCG*LB3.CP-2++0.N.-1.1-1.3-2W6	Q14528
005.SCG*LB1.CP-2++0.N.31.1-1.3-6W4	Q14529
005.SCG*LB1.CP-2++6.N.-7.7-1.12-2W20	Q14530
005.SCG*LB4.CP--++6.N.11.3-1.3-4W1	Q14531
005.SCG*LB4.CP-1++7.N.15.3-6.4-4W8	Q14532
005.SCG*LB3.CP15++0.N.-2.3-2.4-5W1	Q14533
005.SCG*LB3.CP-7++5.N.-2.4-4.7-1W13	Q14534
005.SCG*LB2.CP-2++8.N.15.34-1.36-3W13	Q14535
005.SCG*LB2.CP-7++8.N.10.1-1.1-2W2	Q14536
005.SCG*LB2.CP-8++5.N.-7.5-1.8-1W22	Q14537
005.SCG*LB2.CP-7++9.N.13.8-4.10-4W3	Q14538
005.SCG*LB3.CP-8++1.N.-1.1-1.6-3W16	Q14539
005.SCG*LB4.CP-1++9.N.10.5-5.7-6W9	Q14540
005.SCG*LB3.CP11++9.N.-9.5-5.6-4W9	Q14541
005.SCG*LB2.CP-6++9.N.-9.15-1.22-4W43	Q14542
005.SCG*LB2.CP-3++7.N.-6.5-2.5-7W6	Q14543
005.SCG*LB3.CP-5++3.N.-6.15-3.18-3W17	Q14544
005.SCG*LB2.CP-8++5.N.10.11-1.15-3W27	Q14545
005.SCG*LB3.CP-9++7.N.16.4-1.7-6W25	Q14546
005.SCG*LB2.CP-1++1.N.-2.1-2.3-4W6	Q14547
005.SCG*LB4.CP-1++0.N.11.1-2.3-9W2	Q14548
005.SCG*LB4.CP-9++2.N.-6.6-1.7-3W6	Q14549
005.SCG*LB4.CP--++6.N.-9.1-2.2-5W8	Q14550
005.SCG*LB4.CP-5++1.N.-3.1-1.6-3W16	Q14551
005.SCG*LB3.CP12++0.N.22.6-6.7-2W5	Q14552
005.SCG*LB4.CP--++7.N.18.13-1.15-1W6	Q14553
005.SCG*LB3.CP-9++2.N.-2.43-3.47-2W1	Q14554
005.SCG*LB1.CP-1++3.N.22.2-2.3-5W4	Q14555
005.SCG*LB1.CP-3++0.N.-1.1-1.4-4W12	Q14556
005.SCG*LB2.CP-7++4.N.12.5-2.7-4W5	Q14557
005.SCG*LB3.CP10++7.N.-6.6-5.10-3W10	Q14558
005.SCG*LB4.CP-7++9.N.-2.3-2.4-6W12	Q14559
005.SCG*LB3.CP15++4.N.22.1-1.4-2W20	Q14560
005.SCG*LB2.CP-7++3.N.36.15-4.17-6W16	Q14561
005.SCG*LB4.CP-1++1.N.18.21-5.24-4W21	Q14562
005.SCG*LB4.CP-2++3.N.11.20-4.22-9W11	Q14563
005.SCG*LB2.CP-6++0.N.-1.14-2.22-5W48	Q14564
005.SCG*LB2.CP-7++3.N.26.12-3.15-5W16	Q14565
005.SCG*LB1.CP-7++8.N.-1.1-1.6-8W9	Q14566
005.SCG*LB4.CP-3++9.N.-2.23-2.27-4W19	Q14567
005.SCG*LB4.CP-7++9.N.12.12-4.13-2W4	Q14568
005.SCG*LB3.CP--++8.N.10.19-1.28-1W6	Q14569
005.SCG*LB4.CP--++7.N.-4.3-6.7-1W7	Q14570
005.SCG*LB3.CP12++1.N.-6.1-1.4-1W7	Q14571
005.SCG*LB4.CP-3++5.N.-9.14-2.16-7W9	Q14572
005.SCG*LB3.CP-7++6.N.11.1-1.2-1W4	Q14573
005.SCG*LB4.CP-1++7.N.16.1-2.2-5W8	Q14574
005.SCG*LB1.CP-2++9.N.-5.3-5.5-2W4	Q14575
005.SCG*LB3.CP-4++0.N.-1.4-3.10-3W41	Q14576
005.SCG*LB4.CP-1++7.N.14.4-1.5-7W16	Q14577
005.SCG*LB4.CP-4++7.N.-1.1-1.5-5W15	Q14578
005.SCG*LB4.CP-1++1.N.11.34-6.35-4W6	Q14579
005.SCG*LB2.CP-1++1.N.-4.1-2.2-1W5	Q14580
005.SCG*LB4.CP--++7.N.15.7-3.9-2W1	Q14581
005.SCG*LB3.CP-8++0.N.18.22-5.23-6W8	Q14582
005.SCG*LB1.CP-2++0.N.27.10-7.13-5W18	Q14583
005.SCG*LB4.CP-1++4.N.11.1-1.4-1W5	Q14584
005.SCG*LB2.CP-8++0.N.-6.37-5.40-2W7	Q14585
005.SCG*LB3.CP-2++1.N.-7.11-3.12-4W4	Q14586
005.SCG*LB1.CP-9++7.N.-3.3-6.9-2W19	Q14587
005.SCG*LB4.CP-2++3.N.-4.4-5.10-4W1	Q14588
005.SCG*LB2.CP-2++8.N.16.1-1.3-5W13	Q14589
005.SCG*LB1.CP-1++1.N.-1.20-2.23-1W25	Q14590
005.SCG*LB2.CP-5++4.N.-3.4-6.5-7W4	Q14591
005.SCG*LB1.CP-1++4.N.-3.13-1.14-6W4	Q14592
005.SCG*LB4.CP-2++0.N.-4.7-5.8-3W4	Q14593
005.SCG*LB2.CP-8++5.N.10.2-4.6-7W29	Q14594
005.SCG*LB2.CP-7++8.N.-8.13-3.16-6W9	Q14595
005.SCG*LB3.CP-9++5.N.20.38-6.42-7W3	Q14596
005.SCG*LB1.CP-7++8.N.-7.1-1.4-1W20	Q14597
005.SCG*LB4.CP-3++4.N.31.7-2.9-4W3	Q14598
005.SCG*LB4.CP-1++3.N.11.14-5.15-4W3	Q14599
005.SCG*LB4.CP-2++4.N.-3.10-1.14-4W4	Q14600
005.SCG*LB4.CP--++1.N.11.7-3.8-5W4	Q14601
005.SCG*LB1.CP-5++6.N.-8.7-1.7-7W7	Q14602
005.SCG*LB2.CP--++6.N.-8.1-1.1-6W4	Q14603
005.SCG*LB1.CP-4++2.N.19.14-6.15-3W5	Q14604
005.SCG*LB2.CP-4++7.N.-5.10-1.12-2W7	Q14605
005.SCG*LB4.CP-3++4.N.29.14-3.16-4W10	Q14606
005.SCG*LB4.CP-3++4.N.22.34-1.39-2W24	Q14607
005.SCG*LB1.CP-3++0.N.-4.1-1.7-6W42	Q14608
005.SCG*LB4.CP--++6.N.-4.1-2.2-1W2	Q14609
005.SCG*LB2.CP-5++4.N.-3.3-2.4-5W9	Q14610
005.SCG*LB4.CP-3++3.N.-6.12-3.18-5W11	Q14611
005.SCG*LB2.CP-8++8.N.11.11-1.12-6W4	Q14612
005.SCG*LB3.CP--++8.N.11.15-5.20-3W22	Q14613
005.SCG*LB4.CP-7++7.N.-7.6-1.7-6W3	Q14614
005.SCG*LB3.CP-8++4.N.14.34-3.36-1W11	Q14615
005.SCG*LB4.CP-3++0.N.-3.15-4.17-6W16	Q14616
005.SCG*LB3.CP14++0.N.-9.3-1.5-5W1	Q14617
005.SCG*LB1.CP-7++1.N.-4.2-1.3-4W6	Q14618
005.SCG*LB4.CP-5++0.N.-3.11-1.13-2W4	Q14619
005.SCG*LB4.CP-2++5.N.-2.15-1.18-6W11	Q14620
005.SCG*LB3.CP-4++0.N.-6.1-2.3-2W4	Q14621
005.SCG*LB4.CP-3++0.N.-1.2-5.6-2W1	Q14622
005.SCG*LB4.CP-3++4.N.14.32-2.33-6W3	Q14623
005.SCG*LB3.CP-9++7.N.10.1-1.5-1W4	Q14624
005.SCG*LB4.CP-2++3.N.11.28-6.31-6W1	Q14625
005.SCG*LB4.CP-3++7.N.10.13-1.17-2W29	Q14626
005.SCG*LB2.CP-2++8.N.16.42-3.44-1W4	Q14627
005.SCG*LB4.CP--++6.N.-8.3-7.4-4W1	Q14628
005.SCG*LB1.CP-7++2.N.-2.9-5.12-2W10	Q14629
005.SCG*LB3.CP--++7.N.-2.1-1.3-7W5	Q14630
005.SCG*LB4.CP--++9.N.-6.24-3.26-8W13	Q14631
005.SCG*LB4.CP-3++4.N.10.2-2.2-4W3	Q14632
005.SCG*LB2.CP--++1.N.-7.2-4.6-2W8	Q14633
005.SCG*LB2.CP-1++3.N.--.1-1.2-4W6	Q14634
005.SCG*LB3.CP--++5.N.-9.5-2.8-5W23	Q14635
005.SCG*LB4.CP--++7.N.21.19-4.20-1W5	Q14636
005.SCG*LB3.CP-8++0.N.-2.24-1.32-1W28	Q14637
005.SCG*LB1.CP-1++2.N.--.1-1.3-3W3	Q14638
005.SCG*LB1.CP-5++9.N.-3.1-2.6-1W5	Q14639
005.SCG*LB2.CP-5++9.N.-8.1-1.9-1W28	Q14640
005.SCG*LB4.CP--++8.N.-9.67-1.72-1W25	Q14641
005.SCG*LB2.CP-5++1.N.-5.6-2.8-6W15	Q14642
005.SCG*LB4.CP--++2.N.-2.12-2.12-5W1	Q14643
005.SCG*LB4.CP--++4.N.-2.20-4.21-3W2	Q14644
005.SCG*LB1.CP-4++9.N.-4.1-2.4-3W15	Q14645
005.SCG*LB2.CP-7++8.N.10.12-2.15-9W1	Q14646
005.SCG*LB4.CP-3++8.N.-6.1-2.2-2W7	Q14647
005.SCG*LB4.CP--++8.N.-6.20-1.22-4W4	Q14648
005.SCG*LB3.CP11++6.N.-6.6-1.8-5W11	Q14649
005.SCG*LB4.CP-7++2.N.-5.2-6.6-2W28	Q14650
005.SCG*LB3.CP10++4.N.12.1-1.3-5W10	Q14651
005.SCG*LB4.CP-2++9.N.13.2-6.3-3W5	Q14652
005.SCG*LB4.CP-2++3.N.11.10-3.13-6W14	Q14653
005.SCG*LB2.CP-8++3.N.21.2-3.3-7W10	Q14654
005.SCG*LB4.CP-8++2.N.11.4-6.13-2W18	Q14655
005.SCG*LB1.CP-6++4.N.--.1-1.2-1W2	Q14656
005.SCG*LB4.CP-1++8.N.-6.6-1.8-9W6	Q14657
005.SCG*LB3.CP-1++9.N.-2.1-2.3-2W2	Q14658
005.SCG*LB4.CP-1++3.N.-7.19-6.23-1W7	Q14659
005.SCG*LB3.CP-4++8.N.17.6-3.8-7W5	Q14660
005.SCG*LB1.CP-7++1.N.10.1-1.3-2W5	Q14661
005.SCG*LB4.CP-4++9.N.-8.5-6.7-3W10	Q14662
005.SCG*LB1.CP-6++6.N.-4.1-2.4-2W20	Q14663
005.SCG*LB4.CP--++7.N.-5.4-2.8-1W17	Q14664
005.SCG*LB4.CP-1++1.N.13.37-6.37-7W2	Q14665
005.SCG*LB3.CP-8++7.N.-4.17-4.20-6W22	Q14666
005.SCG*LB4.CP--++7.N.14.10-1.10-4W1	Q14667
005.SCG*LB4.CP-3++4.N.31.5-1.7-1W6	Q14668
005.SCG*LB2.CP-8++5.N.14.7-3.9-2W6	Q14669
005.SCG*LB4.CP-1++0.N.-9.1-1.4-1W4	Q14670
005.SCG*LB4.CP-2++8.N.-7.4-6.8-5W7	Q14671
005.SCG*LB1.CP-2++9.N.-5.11-1.11-6W6	Q14672
005.SCG*LB2.CP-7++5.N.14.3-1.5-5W16	Q14673
005.SCG*LB4.CP--++4.N.-2.13-5.14-2W6	Q14674
005.SCG*LB1.CP-3++4.N.--.1-1.2-5W9	Q14675
005.SCG*LB4.CP-7++1.N.10.1-1.8-3W9	Q14676
005.SCG*LB3.CP11++1.N.-1.12-7.15-2W15	Q14677
005.SCG*LB1.CP-1++0.N.-4.9-8.12-2W4	Q14678
005.SCG*LB3.CP-4++3.N.-3.37-2.40-4W3	Q14679
005.SCG*LB3.CP13++1.N.-8.2-4.8-2W1	Q14680
005.SCG*LB3.CP-2++3.N.-8.3-1.6-6W1	Q14681
005.SCG*LB2.CP-7++0.N.-8.1-1.4-7W26	Q14682
005.SCG*LB2.CP-2++5.N.25.8-1.11-3W14	Q14683
005.SCG*LB3.CP13++1.N.-8.2-4.8-2W28	Q14684
005.SCG*LB2.CP-9++2.N.12.1-1.5-1W6	Q14685
005.SCG*LB3.CP-2++7.N.-4.2-4.3-5W5	Q14686
005.SCG*LB2.CP-3++9.N.-2.2-5.4-2W10	Q14687
005.SCG*LB1.CP--++7.N.-6.7-1.9-1W14	Q14688
005.SCG*LB4.CP-1++7.N.-7.8-1.9-2W7	Q14689
005.SCG*LB3.CP-7++4.N.-2.1-1.2-6W10	Q14690
005.SCG*LB4.CP-2++4.N.12.17-1.18-5W3	Q14691
005.SCG*LB1.CP-2++6.N.10.11-3.14-2W6	Q14692
005.SCG*LB2.CP-7++4.N.15.1-1.3-5W1	Q14693
005.SCG*LB4.CP-1++3.N.-7.11-4.12-2W4	Q14694
005.SCG*LB2.CP-4++6.N.-6.1-2.5-4W25	Q14695
005.SCG*LB3.CP12++0.N.-3.12-1.14-1W6	Q14696
005.SCG*LB4.CP-1++8.N.-7.1-1.4-4W8	Q14697
005.SCG*LB4.CP-7++9.N.-8.2-4.3-1W1	Q14698
005.SCG*LB4.CP-4++8.N.-2.10-5.12-1W9	Q14699
005.SCG*LB2.CP-3++4.N.-6.1-1.4-1W11	Q14700
005.SCG*LB4.CP-3++3.N.-6.4-1.8-4W5	Q14701
005.SCG*LB4.CP-8++3.N.-4.4-2.9-2W26	Q14702
005.SCG*LB1.CP-2++9.N.-5.13-2.14-3W4	Q14703
005.SCG*LB4.CP-1++8.N.-8.17-3.19-5W13	Q14704
005.SCG*LB2.CP-7++9.N.14.6-1.9-1W10	Q14705
005.SCG*LB4.CP-3++4.N.-2.56-1.59-3W11	Q14706
005.SCG*LB4.CP-3++5.N.-9.5-4.10-1W16	Q14707
005.SCG*LB3.CP--++8.N.13.1-1.7-3W1	Q14708
005.SCG*LB4.CP-2++5.N.-2.24-1.27-5W23	Q14709
005.SCG*LB3.CP-8++6.N.14.16-1.16-4W4	Q14710
005.SCG*LB4.CP--++8.N.-4.13-4.16-2W10	Q14711
005.SCG*LB4.CP-3++5.N.14.7-2.8-4W4	Q14712
005.SCG*LB2.CP-7++8.N.-7.14-6.16-6W6	Q14713
005.SCG*LB2.CP-7++2.N.-4.2-2.4-4W4	Q14714
005.SCG*LB1.CP-3++0.N.-3.21-2.26-2W8	Q14715
005.SCG*LB3.CP-2++4.N.-6.5-4.6-8W9	Q14716
005.SCG*LB3.CP16++2.N.-6.6-1.7-1W6	Q14717
005.SCG*LB2.CP-7++3.N.33.1-2.5-5W6	Q14718
005.SCG*LB1.CP-9++1.N.-9.33-1.34-7W4	Q14719
005.SCG*LB2.CP-9++8.N.-4.24-1.27-5W9	Q14720
005.SCG*LB4.CP--++9.N.-5.1-1.7-2W10	Q14721
005.SCG*LB4.CP-8++3.N.19.12-1.13-1W9	Q14722
005.SCG*LB3.CP14++6.N.-7.12-3.14-4W16	Q14723
005.SCG*LB1.CP-2++6.N.13.1-1.6-4W14	Q14724
005.SCG*LB1.CP--++5.N.-5.10-1.15-1W6	Q14725
005.SCG*LB1.CP-7++6.N.-4.1-2.5-1W4	Q14726
005.SCG*LB4.CP--++8.N.-6.9-3.13-2W14	Q14727
005.SCG*LB3.CP-8++6.N.12.12-2.14-4W4	Q14728
005.SCG*LB3.CP12++6.N.-2.7-5.12-4W33	Q14729
005.SCG*LB1.CP-4++2.N.18.3-2.3-5W4	Q14730
005.SCG*LB2.CP-5++4.N.-8.1-1.5-6W25	Q14731
005.SCG*LB4.CP-1++1.N.16.19-6.23-1W19	Q14732
005.SCG*LB4.CP-3++8.N.-3.1-2.3-6W7	Q14733
005.SCG*LB1.CP-3++9.N.-4.4-1.5-3W9	Q14734
005.SCG*LB1.CP-5++9.N.-6.1-1.1-7W5	Q14735
005.SCG*LB3.CP-8++5.N.20.21-1.22-2W6	Q14736
005.SCG*LB2.CP-8++7.N.-7.2-3.9-7W18	Q14737
005.SCG*LB2.CP-8++8.N.13.12-1.13-4W3	Q14738
005.SCG*LB4.CP--++8.N.-3.27-4.28-2W8	Q14739
005.SCG*LB4.CP-4++3.N.-3.7-1.10-4W24	Q14740
005.SCG*LB2.CP--++2.N.-2.18-3.20-3W13	Q14741
005.SCG*LB4.CP-1++3.N.-5.22-6.26-2W16	Q14742
005.SCG*LB1.CP10++0.N.-5.6-4.8-2W3	Q14743
005.SCG*LB3.CP-9++9.N.-2.1-1.4-2W18	Q14744
005.SCG*LB4.CP-4++9.N.11.24-1.27-10W7	Q14745
005.SCG*LB3.CP12++0.N.16.1-1.3-6W9	Q14746
005.SCG*LB4.CP-3++4.N.28.5-6.10-7W29	Q14747
005.SCG*LB3.CP14++4.N.11.23-3.24-1W2	Q14748
005.SCG*LB4.CP-3++0.N.-3.4-3.8-4W10	Q14749
005.SCG*LB4.CP-1++8.N.-8.11-1.12-1W4	Q14750
005.SCG*LB3.CP-9++2.N.-3.5-2.8-6W12	Q14751
005.SCG*LB3.CP15++7.N.-5.1-1.2-1W4	Q14752
005.SCG*LB4.CP--++4.N.14.13-1.15-1W11	Q14753
005.SCG*LB3.CP13++6.N.12.9-3.11-4W14	Q14754
005.SCG*LB4.CP-8++4.N.-2.17-1.19-7W8	Q14755
005.SCG*LB4.CP-1++2.N.-5.1-1.7-7W15	Q14756
005.SCG*LB4.CP-6++3.N.10.1-1.6-5W38	Q14757
005.SCG*LB3.CP-8++0.N.10.7-4.11-1W3	Q14758
005.SCG*LB4.CP--++2.N.-5.14-7.19-6W3	Q14759
005.SCG*LB3.CP13++9.N.-9.1-1.2-1W4	Q14760
005.SCG*LB3.CP14++4.N.11.8-4.9-3W6	Q14761
005.SCG*LB2.CP-3++7.N.-2.13-1.19-6W30	Q14762
005.SCG*LB2.CP-7++3.N.27.1-2.7-1W38	Q14763
005.SCG*LB3.CP13++2.N.16.1-1.4-4W4	Q14764
005.SCG*LB4.CP-3++7.N.-2.7-4.8-4W3	Q14765
005.SCG*LB2.CP-6++2.N.-7.14-6.17-1W1	Q14766
005.SCG*LB2.CP-2++1.N.11.10-1.14-7W9	Q14767
005.SCG*LB1.CP-2++8.N.-9.22-1.26-2W7	Q14768
005.SCG*LB3.CP-4++2.N.-7.16-1.18-6W15	Q14769
005.SCG*LB2.CP-8++9.N.-3.11-3.16-4W4	Q14770
005.SCG*LB4.CP-7++2.N.-6.14-1.17-2W21	Q14771
005.SCG*LB4.CP-4++6.N.-3.7-5.10-2W16	Q14772
005.SCG*LB2.CP-8++2.N.18.8-2.8-6W5	Q14773
005.SCG*LB2.CP-1++1.N.-2.3-5.6-6W5	Q14774
005.SCG*LB2.CP-7++8.N.-9.2-7.4-3W4	Q14775
005.SCG*LB3.CP-8++0.N.-2.7-1.10-3W16	Q14776
005.SCG*LB3.CP-2++0.N.-6.2-5.4-3W4	Q14777
005.SCG*LB3.CP-4++7.N.-4.12-6.15-1W15	Q14778
005.SCG*LB1.CP-7++5.N.-3.8-1.12-4W13	Q14779
005.SCG*LB4.CP--++5.N.-8.1-1.6-3W3	Q14780
005.SCG*LB3.CP14++0.N.-8.1-1.4-7W4	Q14781
005.SCG*LB1.CP-8++4.N.-4.4-3.8-6W30	Q14782
005.SCG*LB2.CP-1++1.N.-1.1-1.7-4W33	Q14783
005.SCG*LB2.CP-7++8.N.-6.1-1.3-5W8	Q14784
005.SCG*LB3.CP15++4.N.-9.6-4.11-8W35	Q14785
005.SCG*LB3.CP--++1.N.-6.20-1.24-4W24	Q14786
005.SCG*LB3.CP15++4.N.-8.16-3.18-2W9	Q14787
005.SCG*LB4.CP-5++1.N.10.2-3.4-1W11	Q14788
005.SCG*LB4.CP-1++7.N.-6.4-1.4-4W1	Q14789
005.SCG*LB3.CP-5++8.N.-3.1-2.4-2W19	Q14790
005.SCG*LB4.CP-3++3.N.-7.7-1.13-3W8	Q14791
005.SCG*LB1.CP-2++2.N.10.1-1.3-6W19	Q14792
005.SCG*LB4.CP--++8.N.-7.39-1.41-1W7	Q14793
005.SCG*LB4.CP-6++9.N.-5.7-1.11-4W5	Q14794
005.SCG*LB4.CP-3++8.N.-4.5-2.8-3W19	Q14795
005.SCG*LB3.CP-5++0.N.-6.4-5.10-3W7	Q14796
005.SCG*LB4.CP-1++4.N.11.15-5.17-8W1	Q14797
005.SCG*LB2.CP-7++3.N.-6.8-1.10-7W18	Q14798
005.SCG*LB4.CP--++3.N.-1.22-1.22-5W3	Q14799
005.SCG*LB3.CP-2++6.N.15.9-5.12-5W4	Q14800
005.SCG*LB3.CP11++5.N.-3.1-2.4-1W4	Q14801
005.SCG*LB2.CP-5++5.N.10.6-9.9-1W1	Q14802
005.SCG*LB3.CP10++4.N.-7.8-4.10-6W7	Q14803
005.SCG*LB1.CP-7++9.N.-2.1-2.2-5W2	Q14804
005.SCG*LB3.CP-8++1.N.-2.5-2.9-7W2	Q14805
005.SCG*LB1.CP--++3.N.-7.7-2.7-5W1	Q14806
005.SCG*LB4.CP-1++7.N.19.11-1.12-3W1	Q14807
005.SCG*LB4.CP--++6.N.-5.2-6.4-1W3	Q14808
005.SCG*LB2.CP-7++0.N.-1.1-1.7-3W20	Q14809
005.SCG*LB4.CP-9++1.N.-3.10-2.10-6W3	Q14810
005.SCG*LB3.CP10++0.N.-4.12-4.14-6W14	Q14811
005.SCG*LB4.CP--++7.N.-6.3-1.4-4W6	Q14812
005.SCG*LB3.CP-1++0.N.15.9-4.13-3W1	Q14813
005.SCG*LB4.CP-2++9.N.-7.4-4.5-4W5	Q14814
005.SCG*LB1.CP-5++8.N.-9.8-1.9-1W3	Q14815
005.SCG*LB4.CP-1++8.N.-5.8-6.9-2W5	Q14816
005.SCG*LB3.CP13++9.N.-4.1-2.3-2W10	Q14817
005.SCG*LB1.CP-3++9.N.-4.4-1.5-3W6	Q14818
005.SCG*LB3.CP14++4.N.-7.1-1.2-1W4	Q14819
005.SCG*LB1.CP-6++1.N.-6.3-1.5-4W9	Q14820
005.SCG*LB3.CP-9++5.N.14.17-6.18-4W8	Q14821
005.SCG*LB3.CP-9++7.N.15.14-1.15-1W7	Q14822
005.SCG*LB3.CP-9++7.N.15.10-1.12-4W6	Q14823
005.SCG*LB2.CP-7++3.N.25.8-1.14-1W25	Q14824
005.SCG*LB3.CP15++2.N.-4.17-5.19-6W4	Q14825
005.SCG*LB3.CP-9++4.N.-2.39-1.40-4W4	Q14826
005.SCG*LB1.CP-5++9.N.-3.9-1.12-3W8	Q14827
005.SCG*LB2.CP-7++9.N.16.5-1.6-1W6	Q14828
005.SCG*LB3.CP14++8.N.-2.5-3.8-4W22	Q14829
005.SCG*LB1.CP-4++0.N.-2.1-1.2-5W9	Q14830
005.SCG*LB3.CP14++5.N.-2.1-2.4-1W15	Q14831
005.SCG*LB4.CP-1++7.N.10.8-3.9-5W9	Q14832
005.SCG*LB2.CP-2++2.N.-8.8-1.8-5W3	Q14833
005.SCG*LB4.CP--++1.N.13.6-4.9-6W22	Q14834
005.SCG*LB2.CP-7++3.N.39.23-3.30-3W14	Q14835
005.SCG*LB2.CP-7++6.N.-6.1-2.5-5W22	Q14836
005.SCG*LB2.CP-8++9.N.-6.14-7.20-7W30	Q14837
005.SCG*LB4.CP-8++5.N.-3.15-5.18-5W1	Q14838
005.SCG*LB3.CP10++0.N.-7.1-1.1-5W5	Q14839
005.SCG*LB1.CP--++6.N.-7.21-2.23-4W2	Q14840
005.SCG*LB1.CP-9++5.N.-8.1-1.6-4W11	Q14841
005.SCG*LB2.CP-9++0.N.11.7-5.11-5W4	Q14842
005.SCG*LB1.CP-2++6.N.-6.5-6.7-5W11	Q14843
005.SCG*LB3.CP-9++2.N.-1.1-1.2-6W9	Q14844
005.SCG*LB2.CP-3++0.N.-3.1-1.6-6W3	Q14845
005.SCG*LB2.CP-8++2.N.11.7-1.8-4W6	Q14846
005.SCG*LB4.CP-2++5.N.-4.11-1.15-3W21	Q14847
005.SCG*LB4.CP-2++4.N.12.6-3.9-5W5	Q14848
005.SCG*LB3.CP--++2.N.-8.9-2.11-1W11	Q14849
005.SCG*LB4.CP-6++2.N.-1.9-1.12-1W6	Q14850
005.SCG*LB4.CP-2++3.N.-4.1-1.4-4W11	Q14851
005.SCG*LB4.CP-2++8.N.-6.4-4.5-3W1	Q14852
005.SCG*LB3.CP-1++7.N.10.1-1.2-1W4	Q14853
005.SCG*LB2.CP-8++2.N.17.11-3.16-1W26	Q14854
005.SCG*LB1.CP-7++1.N.11.18-1.20-2W3	Q14855
005.SCG*LB4.CP-2++3.N.-8.1-1.4-5W4	Q14856
005.SCG*LB4.CP-8++6.N.-3.7-5.8-4W6	Q14857
005.SCG*LB3.CP-4++2.N.-7.16-1.18-6W17	Q14858
005.SCG*LB4.CP-1++4.N.11.22-3.24-6W18	Q14859
005.SCG*LB4.CP-2++6.N.-2.10-2.13-3W20	Q14860
005.SCG*LB2.CP-8++3.N.-6.22-2.24-2W7	Q14861
005.SCG*LB2.CP-7++0.N.-8.1-1.4-7W11	Q14862
005.SCG*LB4.CP-5++2.N.-6.48-2.51-2W20	Q14863
005.SCG*LB4.CP-8++4.N.-2.6-1.9-1W9	Q14864
005.SCG*LB3.CP-6++5.N.10.10-1.16-1W15	Q14865
005.SCG*LB3.CP14++7.N.-8.1-1.2-1W4	Q14866
005.SCG*LB3.CP13++4.N.-3.8-3.11-5W15	Q14867
005.SCG*LB3.CP15++0.N.-9.1-1.5-6W7	Q14868
005.SCG*LB4.CP-1++6.N.-5.16-7.17-5W8	Q14869
005.SCG*LB2.CP-2++4.N.-6.2-2.2-5W2	Q14870
005.SCG*LB1.CP-9++1.N.-9.21-1.22-3W8	Q14871
005.SCG*LB4.CP--++7.N.-4.3-6.7-1W24	Q14872
005.SCG*LB3.CP-2++5.N.15.1-1.2-1W4	Q14873
005.SCG*LB4.CP--++7.N.-2.7-3.9-2W10	Q14874
005.SCG*LB3.CP-8++2.N.-1.3-4.7-2W20	Q14875
005.SCG*LB4.CP-5++2.N.-6.1-1.5-6W13	Q14876
005.SCG*LB2.CP-9++2.N.12.6-1.11-5W31	Q14877
005.SCG*LB2.CP-4++9.N.10.5-5.8-3W1	Q14878
005.SCG*LB3.CP-6++3.N.-7.10-1.13-1W16	Q14879
005.SCG*LB2.CP-6++0.N.-5.20-5.23-3W4	Q14880
005.SCG*LB4.CP-9++7.N.-2.5-5.7-1W4	Q14881
005.SCG*LB3.CP14++5.N.-5.4-3.4-6W1	Q14882
005.SCG*LB4.CP-7++0.N.-9.3-3.8-1W23	Q14883
005.SCG*LB4.CP-1++7.N.21.9-4.10-3W1	Q14884
005.SCG*LB3.CP13++2.N.26.13-2.15-7W21	Q14885
005.SCG*LB4.CP--++9.N.-6.9-1.13-5W4	Q14886
005.SCG*LB4.CP-3++4.N.-2.10-7.15-3W34	Q14887
005.SCG*LB4.CP-2++9.N.12.3-2.3-6W5	Q14888
005.SCG*LB3.CP12++2.N.12.1-1.5-3W6	Q14889
005.SCG*LB4.CP--++6.N.-9.5-1.6-6W3	Q14890
005.SCG*LB4.CP-1++1.N.17.31-4.33-5W9	Q14891
005.SCG*LB4.CP-2++4.N.-3.10-1.14-4W14	Q14892
005.SCG*LB4.CP--++8.N.-8.18-4.19-1W1	Q14893
005.SCG*LB1.CP-3++3.N.-6.8-5.11-1W3	Q14894
005.SCG*LB4.CP-8++3.N.16.18-1.18-5W3	Q14895
005.SCG*LB4.CP-6++9.N.-6.10-5.11-4W3	Q14896
005.SCG*LB3.CP14++6.N.-8.14-1.18-2W4	Q14897
005.SCG*LB4.CP--++8.N.11.7-2.9-4W7	Q14898
005.SCG*LB3.CP-5++3.N.-7.1-1.2-3W9	Q14899
005.SCG*LB4.CP-8++4.N.-3.7-1.10-4W24	Q14900
005.SCG*LB4.CP-2++3.N.-3.1-1.5-1W8	Q14901
005.SCG*LB1.CP-2++2.N.-7.6-7.7-6W8	Q14902
005.SCG*LB4.CP-3++4.N.14.1-2.3-2W12	Q14903
005.SCG*LB4.CP-1++0.N.10.10-7.14-4W27	Q14904
005.SCG*LB3.CP12++9.N.11.1-1.3-3W6	Q14905
005.SCG*LB4.CP-5++0.N.-6.1-2.5-3W13	Q14906
005.SCG*LB1.CP--++3.N.-8.1-1.4-5W7	Q14907
005.SCG*LB4.CP-7++0.N.-6.12-5.13-3W6	Q14908
005.SCG*LB4.CP-3++5.N.-8.32-1.36-3W8	Q14909
005.SCG*LB1.CP-3++7.N.-6.3-3.3-6W4	Q14910
005.SCG*LB1.CP-4++7.N.-4.8-2.11-1W12	Q14911
005.SCG*LB2.CP-8++3.N.35.9-3.12-1W3	Q14912
005.SCG*LB1.CP-9++4.N.-2.11-7.13-5W3	Q14913
005.SCG*LB3.CP-8++0.N.-3.1-1.10-2W24	Q14914
005.SCG*LB1.CP-2++0.N.18.1-1.7-2W5	Q14915
005.SCG*LB4.CP-8++1.N.-8.11-1.16-3W3	Q14916
005.SCG*LB4.CP-4++5.N.-6.7-2.12-7W12	Q14917
005.SCG*LB4.CP-7++6.N.-6.1-1.2-1W6	Q14918
005.SCG*LB4.CP--++4.N.-7.1-2.2-1W2	Q14919
005.SCG*LB4.CP-1++8.N.-4.5-2.6-6W1	Q14920
005.SCG*LB1.CP-9++3.N.10.1-1.4-2W16	Q14921
005.SCG*LB2.CP-7++6.N.-9.3-2.10-1W44	Q14922
005.SCG*LB1.CP-2++8.N.-8.7-2.9-2W3	Q14923
005.SCG*LB3.CP10++4.N.12.6-2.8-1W2	Q14924
005.SCG*LB4.CP--++5.N.-3.8-1.9-7W9	Q14925
005.SCG*LB3.CP-6++0.N.-5.1-1.2-4W4	Q14926
005.SCG*LB4.CP-7++0.N.-7.1-1.5-3W9	Q14927
005.SCG*LB2.CP-4++7.N.-2.6-6.9-4W9	Q14928
005.SCG*LB4.CP-9++6.N.-4.1-1.6-2W32	Q14929
005.SCG*LB2.CP-4++1.N.-5.12-4.13-6W4	Q14930
005.SCG*LB3.CP-5++9.N.-5.5-1.5-3W3	Q14931
005.SCG*LB3.CP-5++4.N.-9.11-6.14-6W8	Q14932
005.SCG*LB3.CP15++6.N.-9.1-1.4-4W9	Q14933
005.SCG*LB4.CP-2++0.N.-6.2-1.4-3W5	Q14934
005.SCG*LB4.CP-1++7.N.10.7-1.8-2W2	Q14935
005.SCG*LB2.CP-4++0.N.-6.4-2.6-2W14	Q14936
005.SCG*LB1.CP-9++1.N.11.7-1.9-6W12	Q14937
005.SCG*LB2.CP-5++7.N.-2.1-1.5-8W25	Q14938
005.SCG*LB4.CP-8++3.N.21.7-2.12-2W29	Q14939
005.SCG*LB3.CP-8++8.N.-3.6-4.9-2W17	Q14940
005.SCG*LB4.CP-3++4.N.29.8-2.10-4W7	Q14941
005.SCG*LB3.CP12++0.N.24.12-5.13-3W5	Q14942
005.SCG*LB4.CP--++8.N.-4.39-6.44-5W3	Q14943
005.SCG*LB4.CP-4++5.N.-8.1-1.4-4W24	Q14944
005.SCG*LB3.CP-9++2.N.-3.8-7.11-4W5	Q14945
005.SCG*LB2.CP-7++3.N.19.1-2.5-4W16	Q14946
005.SCG*LB2.CP--++1.N.-4.1-1.2-2W3	Q14947
005.SCG*LB2.CP-2++8.N.16.31-1.33-2W6	Q14948
005.SCG*LB1.CP-7++1.N.10.3-3.3-5W3	Q14949
005.SCG*LB2.CP-2++5.N.-1.1-1.3-5W15	Q14950
005.SCG*LB3.CP14++1.N.-9.15-2.17-1W14	Q14951
005.SCG*LB3.CP-8++6.N.-6.1-1.8-2W36	Q14952
005.SCG*LB3.CP-7++7.N.-7.1-1.1-6W6	Q14953
005.SCG*LB4.CP-3++5.N.-4.23-1.24-3W3	Q14954
005.SCG*LB3.CP-6++4.N.-9.14-2.18-3W11	Q14955
005.SCG*LB4.CP-7++0.N.10.1-1.7-4W11	Q14956
005.SCG*LB4.CP-1++5.N.-1.4-2.5-2W1	Q14957
005.SCG*LB3.CP-5++6.N.-5.9-6.12-9W19	Q14958
005.SCG*LB3.CP-5++1.N.-6.6-1.6-5W2	Q14959
005.SCG*LB4.CP--++7.N.-7.7-3.11-7W34	Q14960
005.SCG*LB3.CP-1++2.N.-4.1-1.6-2W4	Q14961
005.SCG*LB4.CP-7++5.N.-4.15-1.18-2W15	Q14962
005.SCG*LB4.CP-1++7.N.-1.9-6.12-1W12	Q14963
005.SCG*LB4.CP-1++1.N.17.38-1.39-6W7	Q14964
005.SCG*LB3.CP-2++7.N.-3.2-4.3-5W7	Q14965
005.SCG*LB4.CP-7++4.N.-7.23-2.26-2W4	Q14966
005.SCG*LB3.CP11++4.N.-6.1-1.2-1W4	Q14967
005.SCG*LB1.CP-3++4.N.-2.24-7.4-4W4	Q14968
005.SCG*LB2.CP-8++9.N.-8.1-1.11-1W10	Q14969
005.SCG*LB3.CP-4++4.N.-5.21-1.23-5W17	Q14970
005.SCG*LB1.CP-9++3.N.-4.5-5.7-1W3	Q14971
005.SCG*LB3.CP-6++5.N.10.17-1.19-2W4	Q14972
005.SCG*LB4.CP-2++4.N.-2.10-5.14-1W21	Q14973
005.SCG*LB1.CP-5++5.N.10.2-4.4-3W1	Q14974
005.SCG*LB4.CP-2++4.N.14.6-5.9-1W6	Q14975
005.SCG*LB3.CP-5++2.N.-7.4-5.7-8W6	Q14976
005.SCG*LB1.CP-1++3.N.27.1-1.4-3W16	Q14977
005.SCG*LB4.CP-3++5.N.-4.17-5.20-4W4	Q14978
005.SCG*LB1.CP-4++1.N.-6.1-1.2-1W4	Q14979
005.SCG*LB2.CP-3++5.N.-4.13-5.15-1W5	Q14980
005.SCG*LB4.CP--++2.N.-5.13-1.13-2W1	Q14981
005.SCG*LB4.CP-7++4.N.-7.33-7.35-2W6	Q14982
005.SCG*LB4.CP-5++3.N.18.1-1.7-1W4	Q14983
005.SCG*LB3.CP-4++7.N.-2.10-1.11-1W4	Q14984
005.SCG*LB4.CP-8++2.N.11.14-1.16-4W7	Q14985
005.SCG*LB4.CP-1++9.N.-3.6-2.9-2W25	Q14986
005.SCG*LB4.CP-1++1.N.18.1-1.3-4W14	Q14987
005.SCG*LB4.CP-3++5.N.14.8-5.11-1W5	Q14988
005.SCG*LB4.CP--++4.N.12.5-3.10-2W1	Q14989
005.SCG*LB4.CP-1++1.N.17.5-4.7-4W5	Q14990
005.SCG*LB2.CP-7++9.N.-9.1-2.2-5W9	Q14991
005.SCG*LB4.CP-2++3.N.-6.7-3.11-2W17	Q14992
005.SCG*LB4.CP-3++2.N.-9.4-3.6-6W5	Q14993
005.SCG*LB2.CP-1++3.N.-3.14-1.18-7W14	Q14994
005.SCG*LB4.CP-2++3.N.-7.20-1.24-4W31	Q14995
005.SCG*LB3.CP10++4.N.-8.1-1.4-1W3	Q14996
005.SCG*LB4.CP-1++3.N.-5.11-1.13-3W1	Q14997
005.SCG*LB4.CP-2++9.N.12.5-3.6-1W1	Q14998
005.SCG*LB3.CP-4++7.N.-6.20-1.24-5W15	Q14999
005.SCG*LB4.CP-4++6.N.-4.6-1.8-1W14	Q15000
005.SCG*LB4.CP-8++2.N.-2.5-5.6-3W3	Q15001
005.SCG*LB3.CP-9++5.N.21.14-3.16-2W4	Q15002
005.SCG*LB4.CP-3++5.N.-5.6-5.10-1W12	Q15003
005.SCG*LB4.CP-3++7.N.-9.5-1.8-2W15	Q15004
005.SCG*LB3.CP14++6.N.-8.7-7.9-3W3	Q15005
005.SCG*LB3.CP-6++3.N.-4.14-3.17-5W20	Q15006
005.SCG*LB1.CP-2++9.N.-4.1-1.2-9W14	Q15007
005.SCG*LB2.CP-6++9.N.-4.4-3.7-3W21	Q15008
005.SCG*LB2.CP-7++6.N.19.1-1.9-2W17	Q15009
005.SCG*LB1.CP-3++2.N.-6.5-5.6-5W5	Q15010
005.SCG*LB4.CP-3++5.N.12.7-3.9-4W5	Q15011
005.SCG*LB4.CP-4++1.N.-3.16-5.21-1W30	Q15012
005.SCG*LB4.CP--++8.N.-7.14-6.17-5W3	Q15013
005.SCG*LB1.CP-3++7.N.-6.1-1.1-6W6	Q15014
005.SCG*LB2.CP-6++1.N.-3.27-1.30-4W10	Q15015
005.SCG*LB3.CP10++3.N.-9.1-1.4-4W9	Q15016
005.SCG*LB3.CP13++0.N.-4.12-6.13-3W1	Q15017
005.SCG*LB4.CP-3++0.N.-9.6-5.9-5W3	Q15018
005.SCG*LB3.CP13++2.N.-8.6-3.8-3W12	Q15019
005.SCG*LB2.CP-3++6.N.-7.8-3.11-3W3	Q15020
005.SCG*LB3.CP10++5.N.-2.24-5.28-4W23	Q15021
005.SCG*LB4.CP-9++1.N.10.12-4.14-2W11	Q15022
005.SCG*LB4.CP--++4.N.15.9-2.9-6W1	Q15023
005.SCG*LB4.CP-1++1.N.-9.17-5.18-4W6	Q15024
005.SCG*LB2.CP-7++3.N.18.1-1.4-2W3	Q15025
005.SCG*LB4.CP-3++4.N.10.7-4.9-1W2	Q15026
005.SCG*LB4.CP-1++1.N.18.53-1.56-2W9	Q15027
005.SCG*LB2.CP-6++0.N.-6.8-2.9-7W7	Q15028
005.SCG*LB3.CP10++9.N.-2.8-2.12-1W25	Q15029
005.SCG*LB4.CP-2++8.N.-5.1-1.6-3W25	Q15030
005.SCG*LB1.CP-8++7.N.-6.5-3.7-2W4	Q15031
005.SCG*LB4.CP-3++4.N.-2.56-1.59-3W15	Q15032
005.SCG*LB4.CP-8++3.N.16.22-1.22-4W4	Q15033
005.SCG*LB3.CP-8++5.N.20.16-1.20-5W4	Q15034
005.SCG*LB2.CP-8++3.N.25.26-3.28-1W11	Q15035
005.SCG*LB1.CP-4++0.N.-3.1-2.6-2W8	Q15036
005.SCG*LB3.CP--++8.N.11.11-1.15-4W11	Q15037
005.SCG*LB3.CP12++7.N.-4.3-1.4-2W3	Q15038
005.SCG*LB4.CP-1++4.N.-6.4-5.8-7W31	Q15039
005.SCG*LB2.CP-4++3.N.-1.1-1.4-5W7	Q15040
005.SCG*LB2.CP-1++5.N.-2.35-3.37-5W6	Q15041
005.SCG*LB3.CP-5++3.N.-5.16-1.18-4W15	Q15042
005.SCG*LB2.CP-4++1.N.13.4-1.6-6W14	Q15043
005.SCG*LB4.CP-4++1.N.-2.1-1.11-1W6	Q15044
005.SCG*LB1.CP-1++8.N.-5.6-3.8-5W11	Q15045
005.SCG*LB4.CP-2++4.N.-5.12-1.12-8W3	Q15046
005.SCG*LB3.CP-4++1.N.-1.3-1.8-2W1	Q15047
005.SCG*LB4.CP--++4.N.-2.12-3.12-6W1	Q15048
005.SCG*LB4.CP-1++4.N.11.30-3.32-6W9	Q15049
005.SCG*LB3.CP10++1.N.-1.23-3.26-2W5	Q15050
005.SCG*LB1.CP10++2.N.-4.8-6.10-4W14	Q15051
005.SCG*LB1.CP-2++5.N.10.1-1.3-5W4	Q15052
005.SCG*LB4.CP-2++5.N.-1.5-1.8-5W1	Q15053
005.SCG*LB3.CP15++0.N.-2.4-6.5-6W8	Q15054
005.SCG*LB3.CP-8++9.N.-3.3-2.4-2W1	Q15055
005.SCG*LB1.CP-7++4.N.-7.1-1.6-2W15	Q15056
005.SCG*LB4.CP-2++1.N.-8.4-1.4-4W2	Q15057
005.SCG*LB1.CP-3++3.N.-5.2-3.5-5W4	Q15058
005.SCG*LB4.CP-1++9.N.12.5-4.6-6W5	Q15059
005.SCG*LB3.CP-5++9.N.-7.14-1.18-1W4	Q15060
005.SCG*LB1.CP-2++2.N.10.5-2.5-4W2	Q15061
005.SCG*LB3.CP-7++9.N.-3.6-1.8-3W13	Q15062
005.SCG*LB4.CP-1++8.N.-1.1-1.9-3W23	Q15063
005.SCG*LB4.CP-1++9.N.-8.1-1.5-4W29	Q15064
005.SCG*LB4.CP-3++2.N.11.1-1.6-1W9	Q15065
005.SCG*LB1.CP-3++4.N.-1.14-1.20-5W28	Q15066
005.SCG*LB3.CP-8++0.N.15.8-1.9-6W10	Q15067
005.SCG*LB3.CP-8++0.N.-6.5-6.8-4W2	Q15068
005.SCG*LB4.CP-1++2.N.-2.15-2.16-1W8	Q15069
005.SCG*LB4.CP-7++9.N.-1.12-3.12-6W3	Q15070
005.SCG*LB3.CP15++0.N.-1.8-2.9-1W4	Q15071
005.SCG*LB3.CP-8++6.N.14.10-1.11-1W7	Q15072
005.SCG*LB2.CP-6++1.N.-1.1-1.7-1W13	Q15073
005.SCG*LB2.CP-7++7.N.-3.21-3.23-3W4	Q15074
005.SCG*LB3.CP14++1.N.-6.28-1.31-1W5	Q15075
005.SCG*LB3.CP12++6.N.-6.1-1.3-3W7	Q15076
005.SCG*LB4.CP-1++7.N.18.7-6.9-8W18	Q15077
005.SCG*LB1.CP-2++6.N.-8.11-1.12-9W10	Q15078
005.SCG*LB3.CP14++1.N.-6.16-4.18-2W12	Q15079
005.SCG*LB4.CP-2++3.N.-3.23-5.26-2W5	Q15080
005.SCG*LB2.CP-2++8.N.12.17-1.20-3W4	Q15081
005.SCG*LB4.CP-7++4.N.-4.13-4.15-4W11	Q15082
005.SCG*LB4.CP-5++6.N.-1.8-1.9-1W4	Q15083
005.SCG*LB3.CP--++1.N.-6.5-2.11-5W33	Q15084
005.SCG*LB2.CP-5++7.N.15.5-7.9-4W1	Q15085
005.SCG*LB3.CP-9++2.N.12.27-4.30-1W17	Q15086
005.SCG*LB1.CP-3++9.N.-4.1-2.3-5W11	Q15087
005.SCG*LB4.CP-3++4.N.-2.74-1.77-6W3	Q15088
005.SCG*LB4.CP-3++0.N.-3.15-4.17-6W20	Q15089
005.SCG*LB4.CP--++8.N.10.21-5.25-2W1	Q15090
005.SCG*LB1.CP-9++1.N.-8.6-2.8-6W9	Q15091
005.SCG*LB3.CP12++8.N.-2.8-1.8-4W4	Q15092
005.SCG*LB3.CP14++6.N.-6.1-1.2-3W5	Q15093
005.SCG*LB2.CP-7++5.N.15.41-1.47-3W37	Q15094
005.SCG*LB3.CP-1++1.N.-4.1-2.2-3W3	Q15095
005.SCG*LB3.CP-6++1.N.-5.1-2.7-5W16	Q15096
005.SCG*LB4.CP-3++4.N.13.6-7.8-4W5	Q15097
005.SCG*LB3.CP15++9.N.-2.6-2.7-3W9	Q15098
005.SCG*LB3.CP-9++5.N.17.5-1.7-2W1	Q15099
005.SCG*LB4.CP-5++5.N.19.1-1.4-1W5	Q15100
005.SCG*LB2.CP-2++2.N.-7.2-5.3-6W1	Q15101
005.SCG*LB3.CP13++8.N.-3.1-1.4-1W11	Q15102
005.SCG*LB4.CP-8++8.N.-4.1-1.2-5W9	Q15103
005.SCG*LB3.CP-8++7.N.--.1-1.4-3W17	Q15104
005.SCG*LB2.CP--++6.N.-3.1-2.4-2W19	Q15105
005.SCG*LB4.CP-1++3.N.-8.6-4.8-3W3	Q15106
005.SCG*LB3.CP-9++5.N.19.6-6.7-2W1	Q15107
005.SCG*LB2.CP-3++5.N.-7.10-5.12-1W4	Q15108
005.SCG*LB2.CP-3++8.N.-3.1-2.4-2W11	Q15109
005.SCG*LB4.CP--++1.N.10.2-6.6-3W10	Q15110
005.SCG*LB3.CP11++7.N.-7.5-5.7-1W4	Q15111
005.SCG*LB4.CP-1++7.N.19.14-2.16-4W8	Q15112
005.SCG*LB3.CP12++0.N.-4.8-7.12-5W31	Q15113
005.SCG*LB3.CP-4++7.N.-4.12-6.15-1W7	Q15114
005.SCG*LB4.CP-1++6.N.11.3-2.5-7W12	Q15115
005.SCG*LB3.CP12++2.N.12.1-1.5-3W21	Q15116
005.SCG*LB2.CP-8++2.N.19.5-1.6-6W4	Q15117
005.SCG*LB2.CP-8++3.N.-8.6-3.10-3W8	Q15118
005.SCG*LB2.CP-8++9.N.13.1-1.6-2W29	Q15119
005.SCG*LB2.CP10++0.N.-5.10-4.13-1W3	Q15120
005.SCG*LB4.CP-8++1.N.-8.16-4.18-5W6	Q15121
005.SCG*LB1.CP-6++7.N.-9.9-3.14-7W13	Q15122
005.SCG*LB1.CP-2++2.N.11.7-1.9-3W3	Q15123
005.SCG*LB1.CP--++8.N.-2.5-1.8-1W18	Q15124
005.SCG*LB1.CP-5++4.N.-3.1-1.3-6W4	Q15125
005.SCG*LB4.CP-2++1.N.-3.1-2.5-6W27	Q15126
005.SCG*LB4.CP-3++4.N.-2.10-7.15-3W9	Q15127
005.SCG*LB2.CP--++1.N.-4.5-4.11-1W27	Q15128
005.SCG*LB3.CP-3++8.N.-5.11-1.11-5W1	Q15129
005.SCG*LB4.CP-1++7.N.-9.4-3.4-6W1	Q15130
005.SCG*LB4.CP-1++3.N.10.23-4.25-2W3	Q15131
005.SCG*LB2.CP-3++8.N.-9.1-1.5-6W4	Q15132
005.SCG*LB4.CP--++8.N.-2.30-2.33-10W27	Q15133
005.SCG*LB3.CP13++6.N.13.1-1.4-6W3	Q15134
005.SCG*LB1.CP-3++3.N.-7.1-1.7-4W43	Q15135
005.SCG*LB3.CP-6++7.N.-4.1-2.3-3W8	Q15136
005.SCG*LB4.CP-2++9.N.-6.3-5.7-2W22	Q15137
005.SCG*LB3.CP15++5.N.-9.1-1.4-7W9	Q15138
005.SCG*LB2.CP-7++0.N.-6.1-1.5-4W15	Q15139
005.SCG*LB4.CP-3++5.N.-4.4-5.7-3W13	Q15140
005.SCG*LB3.CP11++0.N.-2.1-1.6-1W4	Q15141
005.SCG*LB4.CP-8++6.N.-2.5-3.6-3W2	Q15142
005.SCG*LB1.CP-3++3.N.-4.8-5.10-6W6	Q15143
005.SCG*LB3.CP-5++4.N.13.1-1.3-6W10	Q15144
005.SCG*LB2.CP-8++3.N.31.46-1.50-2W23	Q15145
005.SCG*LB3.CP-2++1.N.-7.9-1.11-2W3	Q15146
005.SCG*LB3.CP11++4.N.-2.1-2.5-8W5	Q15147
005.SCG*LB4.CP-3++5.N.-4.2-6.4-4W1	Q15148
005.SCG*LB4.CP--++2.N.-5.28-1.28-4W4	Q15149
005.SCG*LB4.CP-9++7.N.-6.10-1.11-1W5	Q15150
005.SCG*LB2.CP-8++7.N.-1.1-1.3-4W5	Q15151
005.SCG*LB4.CP-2++0.N.-5.5-3.5-7W5	Q15152
005.SCG*LB2.CP-9++2.N.12.6-1.11-5W7	Q15153
005.SCG*LB4.CP--++6.N.-6.5-1.5-4W1	Q15154
005.SCG*LB2.CP-6++0.N.-2.1-1.3-1W9	Q15155
005.SCG*LB3.CP15++1.N.-7.1-1.2-2W5	Q15156
005.SCG*LB3.CP--++7.N.10.1-1.2-1W6	Q15157
005.SCG*LB4.CP-5++0.N.-3.1-1.4-3W7	Q15158
005.SCG*LB1.CP--++6.N.-1.1-1.5-1W28	Q15159
005.SCG*LB3.CP--++1.N.-6.15-1.19-2W25	Q15160
005.SCG*LB2.CP-5++8.N.-4.28-2.29-6W5	Q15161
005.SCG*LB1.CP-1++2.N.-1.4-3.7-2W1	Q15162
005.SCG*LB3.CP-3++7.N.-1.1-1.10-3W12	Q15163
005.SCG*LB3.CP-8++2.N.-3.21-4.23-2W10	Q15164
005.SCG*LB4.CP--++8.N.-9.1-1.3-3W16	Q15165
005.SCG*LB1.CP-9++6.N.-7.17-1.17-9W3	Q15166
005.SCG*LB2.CP-6++0.N.-2.25-5.29-1W11	Q15167
005.SCG*LB4.CP-2++9.N.-7.26-1.29-2W20	Q15168
005.SCG*LB2.CP-7++3.N.-4.1-2.6-3W22	Q15169
005.SCG*LB3.CP-1++2.N.-5.31-4.32-6W6	Q15170
005.SCG*LB1.CP-6++7.N.10.5-5.8-4W13	Q15171
005.SCG*LB4.CP-1++3.N.-3.19-4.21-1W8	Q15172
005.SCG*LB1.CP-9++3.N.-7.19-1.20-4W8	Q15173
005.SCG*LB3.CP13++5.N.10.4-2.5-4W3	Q15174
005.SCG*LB4.CP-4++1.N.-3.22-1.26-5W21	Q15175
005.SCG*LB1.CP-7++5.N.-6.1-2.4-2W21	Q15176
005.SCG*LB4.CP--++7.N.-7.6-6.7-2W4	Q15177
005.SCG*LB1.CP-5++0.N.-4.13-4.15-1W7	Q15178
005.SCG*LB1.CP-6++7.N.-4.4-1.7-3W11	Q15179
005.SCG*LB1.CP-1++6.N.-7.12-6.13-1W3	Q15180
005.SCG*LB4.CP--++8.N.-7.25-1.29-6W19	Q15181
005.SCG*LB3.CP-5++3.N.-7.6-2.6-5W4	Q15182
005.SCG*LB4.CP-2++1.N.-2.18-4.22-3W23	Q15183
005.SCG*LB4.CP--++1.N.10.2-6.6-3W3	Q15184
005.SCG*LB4.CP-1++9.N.12.1-1.5-3W25	Q15185
005.SCG*LB4.CP-1++1.N.17.34-1.34-6W6	Q15186
005.SCG*LB3.CP-4++9.N.10.1-2.6-3W14	Q15187
005.SCG*LB4.CP-6++5.N.-7.4-1.8-5W29	Q15188
005.SCG*LB4.CP--++5.N.-4.1-1.4-5W11	Q15189
005.SCG*LB2.CP-1++5.N.-2.22-1.22-8W3	Q15190
005.SCG*LB3.CP-1++0.N.13.5-4.7-6W13	Q15191
005.SCG*LB4.CP-3++2.N.11.1-1.6-1W4	Q15192
005.SCG*LB4.CP-1++1.N.--.1-1.3-4W13	Q15193
005.SCG*LB3.CP-8++6.N.-8.1-1.6-6W15	Q15194
005.SCG*LB1.CP-9++2.N.-1.1-1.3-1W4	Q15195
005.SCG*LB4.CP--++7.N.-5.8-2.12-1W5	Q15196
005.SCG*LB2.CP-9++2.N.-3.5-6.9-4W16	Q15197
005.SCG*LB2.CP-5++1.N.-5.1-2.6-1W1	Q15198
005.SCG*LB4.CP-1++7.N.16.3-6.4-3W1	Q15199
005.SCG*LB2.CP-8++0.N.-6.34-3.37-4W4	Q15200
005.SCG*LB3.CP15++4.N.21.8-4.9-5W3	Q15201
005.SCG*LB4.CP-8++1.N.-7.26-1.28-7W12	Q15202
005.SCG*LB4.CP--++5.N.11.10-4.12-2W12	Q15203
005.SCG*LB2.CP--++2.N.-3.6-1.6-5W3	Q15204
005.SCG*LB4.CP-2++3.N.-4.11-8.12-7W7	Q15205
005.SCG*LB2.CP-7++2.N.-4.26-2.27-6W5	Q15206
005.SCG*LB4.CP-2++4.N.-9.11-1.15-1W33	Q15207
005.SCG*LB4.CP--++9.N.-3.1-1.5-2W4	Q15208
005.SCG*LB4.CP-7++4.N.-4.16-1.18-5W14	Q15209
005.SCG*LB2.CP-4++7.N.-2.3-4.6-5W16	Q15210
005.SCG*LB3.CP11++4.N.-2.6-1.7-2W8	Q15211
005.SCG*LB3.CP-5++8.N.-6.1-1.3-1W8	Q15212
005.SCG*LB1.CP-3++3.N.-2.7-3.8-6W10	Q15213
005.SCG*LB3.CP16++0.N.-1.1-1.4-7W3	Q15214
005.SCG*LB3.CP14++4.N.10.6-2.10-1W15	Q15215
005.SCG*LB3.CP-9++5.N.16.21-1.23-4W4	Q15216
005.SCG*LB3.CP16++3.N.-1.13-5.14-5W3	Q15217
005.SCG*LB2.CP-6++0.N.-5.11-6.14-3W5	Q15218
005.SCG*LB3.CP-7++9.N.-5.1-1.8-3W20	Q15219
005.SCG*LB1.CP-5++0.N.-1.1-1.8-3W4	Q15220
005.SCG*LB4.CP-1++8.N.-8.1-1.8-6W25	Q15221
005.SCG*LB1.CP-2++5.N.10.9-3.10-8W1	Q15222
005.SCG*LB4.CP--++5.N.11.22-1.22-4W1	Q15223
005.SCG*LB4.CP-2++5.N.-2.6-4.9-6W3	Q15224
005.SCG*LB1.CP-9++1.N.10.4-7.7-3W11	Q15225
005.SCG*LB3.CP-6++8.N.-3.5-2.7-5W7	Q15226
005.SCG*LB2.CP-7++9.N.13.2-5.5-6W2	Q15227
005.SCG*LB3.CP12++2.N.-2.1-1.4-1W9	Q15228
005.SCG*LB1.CP-2++0.N.36.2-4.3-2W1	Q15229
005.SCG*LB1.CP-9++1.N.10.10-1.12-1W3	Q15230
005.SCG*LB1.CP-3++5.N.--.1-1.2-5W4	Q15231
005.SCG*LB4.CP-5++4.N.-8.37-2.40-2W7	Q15232
005.SCG*LB2.CP-1++2.N.-2.5-3.9-6W17	Q15233
005.SCG*LB4.CP-7++1.N.11.16-4.21-3W5	Q15234
005.SCG*LB4.CP-3++8.N.-9.11-4.19-1W4	Q15235
005.SCG*LB4.CP-4++8.N.-3.1-1.5-2W14	Q15236
005.SCG*LB4.CP-3++5.N.10.7-7.8-5W7	Q15237
005.SCG*LB3.CP-9++2.N.-9.4-1.6-3W12	Q15238
005.SCG*LB1.CP-4++3.N.10.9-5.10-1W3	Q15239
005.SCG*LB3.CP12++8.N.-5.2-6.3-3W3	Q15240
005.SCG*LB2.CP-7++0.N.-4.17-4.21-2W10	Q15241
005.SCG*LB3.CP14++8.N.-1.1-1.5-6W20	Q15242
005.SCG*LB3.CP-7++2.N.-3.1-2.4-1W17	Q15243
005.SCG*LB4.CP-3++4.N.23.3-1.4-6W1	Q15244
005.SCG*LB2.CP-7++5.N.13.1-1.7-2W3	Q15245
005.SCG*LB3.CP-9++2.N.-7.11-1.15-1W14	Q15246
005.SCG*LB4.CP--++7.N.20.18-4.19-6W5	Q15247
005.SCG*LB4.CP-8++3.N.-6.17-2.21-3W15	Q15248
005.SCG*LB4.CP-4++1.N.11.9-1.13-5W4	Q15249
005.SCG*LB4.CP-4++6.N.-2.12-1.13-7W11	Q15250
005.SCG*LB3.CP--++2.N.-3.1-2.3-6W11	Q15251
005.SCG*LB3.CP-2++6.N.19.51-1.54-8W6	Q15252
005.SCG*LB3.CP10++7.N.11.21-5.23-4W13	Q15253
005.SCG*LB2.CP-9++2.N.-3.21-6.22-4W5	Q15254
005.SCG*LB3.CP-8++6.N.-8.6-7.10-3W2	Q15255
005.SCG*LB4.CP-7++6.N.-3.12-3.13-3W5	Q15256
005.SCG*LB4.CP-1++2.N.-3.7-6.10-1W5	Q15257
005.SCG*LB3.CP-9++2.N.-3.20-2.23-6W18	Q15258
005.SCG*LB4.CP-7++4.N.-1.11-6.12-6W4	Q15259
005.SCG*LB2.CP-5++8.N.-4.12-1.17-4W18	Q15260
005.SCG*LB3.CP11++3.N.-1.15-5.17-5W10	Q15261
005.SCG*LB4.CP-7++2.N.10.7-3.11-1W4	Q15262
005.SCG*LB2.CP-1++0.N.-1.16-5.21-4W22	Q15263
005.SCG*LB4.CP-2++1.N.-4.24-5.26-5W4	Q15264
005.SCG*LB4.CP-8++1.N.10.1-1.7-6W38	Q15265
005.SCG*LB2.CP-5++7.N.10.7-6.11-5W14	Q15266
005.SCG*LB2.CP-9++2.N.-5.11-1.17-4W23	Q15267
005.SCG*LB4.CP--++5.N.12.1-2.2-6W9	Q15268
005.SCG*LB3.CP12++6.N.-5.1-1.2-1W4	Q15269
005.SCG*LB4.CP-9++2.N.-6.4-3.5-2W3	Q15270
005.SCG*LB4.CP--++7.N.17.1-2.4-6W14	Q15271
005.SCG*LB3.CP15++4.N.16.19-4.22-2W3	Q15272
005.SCG*LB2.CP-4++1.N.12.17-1.18-6W12	Q15273
005.SCG*LB2.CP-6++2.N.-3.1-1.4-3W5	Q15274
005.SCG*LB2.CP-2++8.N.11.10-5.13-1W7	Q15275
005.SCG*LB4.CP-3++4.N.12.1-2.2-1W2	Q15276
005.SCG*LB2.CP-2++8.N.12.14-5.16-6W9	Q15277
005.SCG*LB2.CP-8++0.N.16.12-1.17-3W3	Q15278
005.SCG*LB3.CP--++2.N.-5.5-1.8-5W15	Q15279
005.SCG*LB4.CP-7++8.N.-3.6-6.8-3W8	Q15280
005.SCG*LB3.CP-2++2.N.-7.1-1.7-6W5	Q15281
005.SCG*LB4.CP-1++6.N.-3.1-2.2-5W1	Q15282
005.SCG*LB2.CP-1++3.N.-1.1-1.3-5W4	Q15283
005.SCG*LB1.CP-6++9.N.13.1-1.2-2W7	Q15284
005.SCG*LB3.CP15++5.N.-3.12-2.14-4W4	Q15285
005.SCG*LB4.CP-1++3.N.-4.21-1.22-1W6	Q15286
005.SCG*LB4.CP-1++8.N.-5.3-5.4-2W1	Q15287
005.SCG*LB3.CP-9++2.N.-2.43-3.47-2W25	Q15288
005.SCG*LB2.CP-2++1.N.-7.22-5.26-6W26	Q15289
005.SCG*LB3.CP-7++7.N.-1.4-4.6-5W9	Q15290
005.SCG*LB1.CP-3++8.N.-4.3-2.5-3W5	Q15291
005.SCG*LB4.CP-3++1.N.-6.1-1.6-1W6	Q15292
005.SCG*LB2.CP-8++2.N.-1.1-1.3-2W5	Q15293
005.SCG*LB3.CP15++4.N.21.1-1.8-3W25	Q15294
005.SCG*LB3.CP-9++2.N.10.22-5.26-2W25	Q15295
005.SCG*LB4.CP-3++8.N.-1.19-5.25-7W30	Q15296
005.SCG*LB4.CP-1++3.N.-1.11-2.11-5W4	Q15297
005.SCG*LB2.CP-3++6.N.-7.1-1.5-2W18	Q15298
005.SCG*LB3.CP15++4.N.17.14-2.17-1W13	Q15299
005.SCG*LB2.CP-9++6.N.-3.7-1.9-2W11	Q15300
005.SCG*LB4.CP--++6.N.14.10-1.14-2W9	Q15301
005.SCG*LB4.CP--++4.N.16.13-3.19-3W23	Q15302
005.SCG*LB1.CP-1++6.N.-6.4-6.6-3W12	Q15303
005.SCG*LB3.CP--++5.N.-2.8-1.12-3W25	Q15304
005.SCG*LB4.CP-1++2.N.-4.8-3.11-4W15	Q15305
005.SCG*LB2.CP-7++2.N.-4.27-7.33-2W33	Q15306
005.SCG*LB4.CP-2++4.N.-8.27-2.31-8W28	Q15307
005.SCG*LB1.CP-2++0.N.-8.4-1.7-2W21	Q15308
005.SCG*LB2.CP-4++7.N.-2.3-4.6-5W11	Q15309
005.SCG*LB3.CP13++2.N.12.5-3.5-4W1	Q15310
005.SCG*LB1.CP-9++7.N.-3.15-2.18-6W25	Q15311
005.SCG*LB3.CP-8++5.N.15.6-2.10-1W24	Q15312
005.SCG*LB3.CP--++8.N.13.1-1.7-3W28	Q15313
005.SCG*LB4.CP--++9.N.-4.1-1.5-6W9	Q15314
005.SCG*LB4.CP-8++4.N.-1.3-1.7-3W15	Q15315
005.SCG*LB1.CP-9++6.N.-7.1-1.2-3W1	Q15316
005.SCG*LB4.CP-3++4.N.25.10-1.10-5W1	Q15317
005.SCG*LB3.CP-4++7.N.-6.4-3.9-5W16	Q15318
005.SCG*LB4.CP--++7.N.12.1-2.4-3W2	Q15319
005.SCG*LB3.CP-8++3.N.-3.1-1.2-5W6	Q15320
005.SCG*LB3.CP-9++2.N.13.5-2.9-5W1	Q15321
005.SCG*LB2.CP-8++3.N.22.6-6.9-3W8	Q15322
005.SCG*LB2.CP-9++0.N.13.1-1.7-6W13	Q15323
005.SCG*LB3.CP-6++5.N.-9.3-1.3-8W3	Q15324
005.SCG*LB3.CP-4++4.N.-3.17-5.24-5W23	Q15325
005.SCG*LB4.CP-3++9.N.-1.14-4.18-8W33	Q15326
005.SCG*LB4.CP-5++6.N.-1.1-1.5-1W6	Q15327
005.SCG*LB4.CP-7++6.N.-7.1-1.3-6W4	Q15328
005.SCG*LB4.CP-3++4.N.26.12-2.17-1W26	Q15329
005.SCG*LB2.CP-4++1.N.12.21-1.21-6W6	Q15330
005.SCG*LB3.CP--++2.N.-2.1-1.3-5W11	Q15331
005.SCG*LB4.CP-5++5.N.11.54-7.56-7W3	Q15332
005.SCG*LB4.CP-5++9.N.-1.8-1.10-2W16	Q15333
005.SCG*LB3.CP14++1.N.-1.1-1.6-2W6	Q15334
005.SCG*LB4.CP-1++7.N.23.1-1.4-5W4	Q15335
005.SCG*LB4.CP-1++3.N.-7.17-5.18-6W6	Q15336
005.SCG*LB3.CP-4++7.N.-7.4-2.5-7W10	Q15337
005.SCG*LB2.CP-5++9.N.-7.1-1.6-5W13	Q15338
005.SCG*LB4.CP-1++7.N.17.2-5.3-4W1	Q15339
005.SCG*LB1.CP-5++4.N.-8.1-1.4-5W5	Q15340
005.SCG*LB1.CP-3++4.N.-1.1-1.6-2W14	Q15341
005.SCG*LB2.CP-3++2.N.-9.1-2.7-2W10	Q15342
005.SCG*LB3.CP-8++0.N.14.5-3.8-2W5	Q15343
005.SCG*LB3.CP15++4.N.16.10-1.13-1W4	Q15344
005.SCG*LB4.CP-1++1.N.11.38-1.40-4W6	Q15345
005.SCG*LB4.CP-3++5.N.14.1-2.3-6W10	Q15346
005.SCG*LB3.CP15++2.N.-7.1-1.3-10W9	Q15347
005.SCG*LB3.CP14++9.N.-8.1-1.5-4W9	Q15348
005.SCG*LB4.CP-8++3.N.15.5-2.5-6W5	Q15349
005.SCG*LB4.CP-6++9.N.-5.1-1.5-1W5	Q15350
005.SCG*LB1.CP-5++8.N.-9.2-3.4-1W1	Q15351
005.SCG*LB3.CP-8++4.N.14.25-1.27-7W3	Q15352
005.SCG*LB3.CP-9++0.N.-7.16-4.17-9W9	Q15353
005.SCG*LB2.CP-1++5.N.-2.33-1.35-2W3	Q15354
005.SCG*LB3.CP-4++3.N.10.19-3.22-1W9	Q15355
005.SCG*LB1.CP-4++0.N.-3.1-2.6-2W23	Q15356
005.SCG*LB3.CP12++0.N.-4.5-2.8-6W7	Q15357
005.SCG*LB4.CP-1++9.N.-9.13-3.13-7W4	Q15358
005.SCG*LB2.CP-1++2.N.-3.8-1.10-9W7	Q15359
005.SCG*LB3.CP-8++0.N.11.3-3.8-1W14	Q15360
005.SCG*LB2.CP-5++9.N.-2.5-2.6-4W4	Q15361
005.SCG*LB1.CP-3++2.N.-2.11-1.12-7W11	Q15362
005.SCG*LB4.CP-3++4.N.-2.10-7.15-3W2	Q15363
005.SCG*LB2.CP-2++5.N.-1.7-5.8-5W5	Q15364
005.SCG*LB4.CP-2++3.N.-7.10-4.14-3W3	Q15365
005.SCG*LB1.CP-2++8.N.-2.7-1.10-6W17	Q15366
005.SCG*LB3.CP12++8.N.-6.4-2.4-6W3	Q15367
005.SCG*LB2.CP-7++3.N.38.1-1.5-6W8	Q15368
005.SCG*LB1.CP-2++1.N.-4.11-6.13-2W3	Q15369
005.SCG*LB4.CP-1++6.N.13.6-1.10-6W35	Q15370
005.SCG*LB4.CP-9++1.N.-9.1-1.4-3W1	Q15371
005.SCG*LB1.CP-2++0.N.23.1-1.4-2W4	Q15372
005.SCG*LB2.CP-6++9.N.-8.1-1.5-8W5	Q15373
005.SCG*LB4.CP-1++2.N.-3.1-1.2-7W7	Q15374
005.SCG*LB3.CP14++4.N.-8.3-2.6-6W13	Q15375
005.SCG*LB2.CP-8++3.N.31.10-1.14-7W4	Q15376
005.SCG*LB4.CP-2++1.N.-2.42-6.43-3W3	Q15377
005.SCG*LB3.CP-5++6.N.-5.5-1.7-5W15	Q15378
005.SCG*LB3.CP10++7.N.-6.18-3.22-2W25	Q15379
005.SCG*LB4.CP-9++0.N.-7.1-2.4-5W8	Q15380
005.SCG*LB3.CP14++3.N.-1.8-1.12-3W28	Q15381
005.SCG*LB3.CP-8++1.N.-6.11-5.15-6W9	Q15382
005.SCG*LB4.CP-1++1.N.18.73-8.78-7W7	Q15383
005.SCG*LB4.CP-3++4.N.14.15-6.16-5W1	Q15384
005.SCG*LB4.CP-3++4.N.27.9-1.10-7W11	Q15385
005.SCG*LB4.CP-1++3.N.-7.12-8.16-3W18	Q15386
005.SCG*LB4.CP-2++2.N.-3.15-7.17-6W16	Q15387
005.SCG*LB2.CP-6++0.N.24.2-1.5-2W6	Q15388
005.SCG*LB4.CP-7++7.N.-7.4-1.5-5W1	Q15389
005.SCG*LB4.CP-4++1.N.-3.22-1.26-5W14	Q15390
005.SCG*LB2.CP-8++5.N.14.13-1.16-5W8	Q15391
005.SCG*LB1.CP-7++4.N.-3.1-2.3-2W12	Q15392
005.SCG*LB1.CP-6++5.N.12.1-1.3-3W4	Q15393
005.SCG*LB1.CP-2++6.N.-8.1-1.4-9W16	Q15394
005.SCG*LB4.CP--++7.N.20.4-1.5-9W4	Q15395
005.SCG*LB3.CP--++8.N.13.13-3.15-4W6	Q15396
005.SCG*LB3.CP-9++8.N.-6.4-1.9-5W30	Q15397
005.SCG*LB4.CP-1++8.N.-7.20-3.21-1W6	Q15398
005.SCG*LB4.CP-5++0.N.-8.1-2.1-4W3	Q15399
005.SCG*LB3.CP10++5.N.-4.1-1.11-1W4	Q15400
005.SCG*LB1.CP-6++6.N.14.3-2.3-5W1	Q15401
005.SCG*LB3.CP-8++1.N.-5.9-7.10-3W4	Q15402
005.SCG*LB1.CP-9++1.N.12.9-1.12-2W1	Q15403
005.SCG*LB4.CP--++8.N.-4.10-1.13-3W1	Q15404
005.SCG*LB1.CP-5++0.N.-2.3-1.4-5W5	Q15405
005.SCG*LB4.CP-4++2.N.-3.7-3.12-5W30	Q15406
005.SCG*LB2.CP-4++4.N.-1.17-4.20-2W1	Q15407
005.SCG*LB2.CP-7++8.N.10.16-1.20-2W23	Q15408
005.SCG*LB2.CP-8++3.N.25.1-2.3-2W3	Q15409
005.SCG*LB2.CP-2++5.N.24.1-1.2-7W7	Q15410
005.SCG*LB1.CP--++4.N.-5.9-1.10-4W9	Q15411
005.SCG*LB3.CP-9++5.N.15.15-1.19-6W4	Q15412
005.SCG*LB2.CP-7++8.N.-4.11-1.16-2W37	Q15413
005.SCG*LB3.CP-9++3.N.-6.13-3.14-3W8	Q15414
005.SCG*LB2.CP-4++7.N.-2.9-5.11-6W7	Q15415
005.SCG*LB4.CP--++7.N.13.10-3.14-7W12	Q15416
005.SCG*LB4.CP-3++7.N.-4.5-2.7-3W19	Q15417
005.SCG*LB4.CP-6++2.N.-4.26-8.30-1W3	Q15418
005.SCG*LB4.CP-3++4.N.26.8-2.12-1W1	Q15419
005.SCG*LB3.CP--++8.N.-8.23-2.25-3W11	Q15420
005.SCG*LB3.CP-8++0.N.-9.22-1.24-10W22	Q15421
005.SCG*LB4.CP--++9.N.-6.1-1.8-3W56	Q15422
005.SCG*LB1.CP-2++3.N.-8.2-4.4-5W9	Q15423
005.SCG*LB1.CP-3++8.N.-7.2-7.3-4W3	Q15424
005.SCG*LB1.CP-2++7.N.-9.1-1.8-2W43	Q15425
005.SCG*LB1.CP-9++2.N.-5.3-5.5-5W9	Q15426
005.SCG*LB4.CP-5++0.N.-6.5-4.7-3W4	Q15427
005.SCG*LB2.CP-7++9.N.16.10-2.12-4W9	Q15428
005.SCG*LB4.CP-9++1.N.10.1-1.5-8W7	Q15429
005.SCG*LB3.CP-9++5.N.-7.1-1.1-6W4	Q15430
005.SCG*LB4.CP-7++2.N.-8.13-2.18-2W16	Q15431
005.SCG*LB1.CP-7++8.N.-2.4-6.6-3W1	Q15432
005.SCG*LB2.CP-6++1.N.-3.27-1.30-4W6	Q15433
005.SCG*LB2.CP-7++3.N.39.4-1.7-3W18	Q15434
005.SCG*LB4.CP-3++0.N.-8.1-2.4-1W2	Q15435
005.SCG*LB2.CP-9++0.N.13.9-1.12-1W4	Q15436
005.SCG*LB4.CP-3++4.N.23.4-7.8-6W21	Q15437
005.SCG*LB3.CP-8++6.N.13.1-1.6-4W5	Q15438
005.SCG*LB1.CP-4++9.N.-2.3-1.4-1W4	Q15439
005.SCG*LB2.CP-8++3.N.21.9-1.13-3W17	Q15440
005.SCG*LB4.CP--++5.N.-6.3-3.6-2W7	Q15441
005.SCG*LB1.CP-2++5.N.10.3-6.6-1W5	Q15442
005.SCG*LB1.CP-3++4.N.-1.1-1.6-2W4	Q15443
005.SCG*LB1.CP-3++2.N.-7.11-1.15-5W25	Q15444
005.SCG*LB2.CP-4++1.N.12.19-1.19-4W2	Q15445
005.SCG*LB4.CP--++8.N.-5.57-2.59-6W5	Q15446
005.SCG*LB4.CP-2++8.N.-3.1-1.4-2W10	Q15447
005.SCG*LB1.CP-4++0.N.-3.1-2.6-2W4	Q15448
005.SCG*LB3.CP11++8.N.-7.1-1.4-1W7	Q15449
005.SCG*LB4.CP-3++4.N.-2.25-3.28-6W18	Q15450
005.SCG*LB4.CP-3++4.N.-2.29-1.33-2W17	Q15451
005.SCG*LB4.CP-5++5.N.16.14-4.15-3W5	Q15452
005.SCG*LB4.CP-2++3.N.-7.10-4.14-3W15	Q15453
005.SCG*LB3.CP15++4.N.-7.11-6.12-3W4	Q15454
005.SCG*LB2.CP-6++8.N.-6.20-1.24-2W7	Q15455
005.SCG*LB4.CP--++4.N.11.11-1.19-5W15	Q15456
005.SCG*LB3.CP16++1.N.-2.13-4.14-4W5	Q15457
005.SCG*LB4.CP-3++8.N.-9.10-5.11-3W7	Q15458
005.SCG*LB3.CP-5++7.N.-1.1-1.6-5W17	Q15459
005.SCG*LB2.CP-7++0.N.-8.5-1.6-1W8	Q15460
005.SCG*LB4.CP-1++7.N.-7.10-7.11-6W9	Q15461
005.SCG*LB2.CP-4++4.N.-1.29-6.36-4W6	Q15462
005.SCG*LB4.CP-7++8.N.-2.22-2.24-1W11	Q15463
005.SCG*LB4.CP-1++0.N.10.2-4.6-3W10	Q15464
005.SCG*LB4.CP-7++9.N.-7.1-2.4-2W8	Q15465
005.SCG*LB2.CP-5++5.N.16.1-1.8-3W11	Q15466
005.SCG*LB1.CP-6++6.N.11.4-7.5-4W4	Q15467
005.SCG*LB2.CP-7++2.N.-3.11-6.13-1W8	Q15468
005.SCG*LB3.CP-5++8.N.-1.1-1.8-1W29	Q15469
005.SCG*LB4.CP-2++3.N.-5.1-1.3-2W14	Q15470
005.SCG*LB1.CP-9++3.N.-4.8-1.8-5W3	Q15471
005.SCG*LB4.CP-7++6.N.-5.9-2.9-5W1	Q15472
005.SCG*LB3.CP15++5.N.10.12-5.17-3W5	Q15473
005.SCG*LB3.CP--++8.N.12.8-1.10-1W5	Q15474
005.SCG*LB3.CP12++0.N.-2.4-4.6-3W13	Q15475
005.SCG*LB3.CP-9++5.N.17.8-5.10-6W13	Q15476
005.SCG*LB3.CP12++0.N.11.10-3.12-6W6	Q15477
005.SCG*LB1.CP-1++3.N.17.8-1.8-3W3	Q15478
005.SCG*LB4.CP-6++6.N.-7.1-1.4-3W4	Q15479
005.SCG*LB2.CP-3++0.N.-7.1-1.6-2W32	Q15480
005.SCG*LB4.CP-1++9.N.-3.9-3.14-6W19	Q15481
005.SCG*LB4.CP-3++8.N.-6.2-3.5-5W20	Q15482
005.SCG*LB2.CP-5++0.N.-5.15-4.18-1W8	Q15483
005.SCG*LB4.CP-2++3.N.-5.15-7.16-5W9	Q15484
005.SCG*LB2.CP-5++8.N.-3.9-5.12-2W5	Q15485
005.SCG*LB3.CP-8++1.N.-7.1-1.3-7W16	Q15486
005.SCG*LB1.CP-1++7.N.-7.6-4.8-2W5	Q15487
005.SCG*LB4.CP-6++9.N.-1.6-2.8-6W15	Q15488
005.SCG*LB4.CP-1++7.N.11.15-7.16-2W5	Q15489
005.SCG*LB1.CP-3++1.N.-2.1-1.3-7W11	Q15490
005.SCG*LB1.CP-4++2.N.-7.17-2.22-4W33	Q15491
005.SCG*LB4.CP-5++0.N.-5.1-1.3-4W4	Q15492
005.SCG*LB2.CP-7++5.N.12.8-1.10-3W9	Q15493
005.SCG*LB1.CP-2++0.N.37.4-6.6-3W7	Q15494
005.SCG*LB4.CP-2++9.N.-9.7-1.7-3W2	Q15495
005.SCG*LB4.CP-2++4.N.-2.15-1.19-3W4	Q15496
005.SCG*LB1.CP--++1.N.-3.1-1.7-1W30	Q15497
005.SCG*LB3.CP-8++5.N.11.11-4.14-5W23	Q15498
005.SCG*LB1.CP-1++3.N.-3.8-3.8-6W3	Q15499
005.SCG*LB2.CP-4++2.N.10.1-1.1-6W4	Q15500
005.SCG*LB4.CP-3++2.N.-6.8-3.9-7W10	Q15501
005.SCG*LB2.CP-7++8.N.-8.4-1.7-5W15	Q15502
005.SCG*LB4.CP-1++6.N.-8.5-1.6-1W3	Q15503
005.SCG*LB3.CP-9++7.N.15.5-2.7-1W12	Q15504
005.SCG*LB2.CP-8++3.N.23.2-4.6-2W1	Q15505
005.SCG*LB4.CP-3++0.N.-9.18-6.23-4W1	Q15506
005.SCG*LB4.CP--++8.N.-2.19-4.26-1W25	Q15507
005.SCG*LB1.CP-3++3.N.--.1-1.3-1W5	Q15508
005.SCG*LB2.CP-7++8.N.-6.5-2.9-8W11	Q15509
005.SCG*LB4.CP--++8.N.-8.49-4.50-2W5	Q15510
005.SCG*LB2.CP-8++2.N.12.6-1.10-3W4	Q15511
005.SCG*LB4.CP-6++2.N.-1.9-1.12-1W18	Q15512
005.SCG*LB4.CP-5++2.N.-6.8-3.10-1W13	Q15513
005.SCG*LB4.CP-5++1.N.-4.1-1.5-1W4	Q15514
005.SCG*LB1.CP-9++1.N.12.18-1.21-1W3	Q15515
005.SCG*LB1.CP--++2.N.-3.2-6.6-1W17	Q15516
005.SCG*LB2.CP-5++8.N.-4.12-1.17-4W37	Q15517
005.SCG*LB4.CP--++8.N.-8.22-5.23-3W4	Q15518
005.SCG*LB4.CP-1++7.N.11.11-6.12-3W6	Q15519
005.SCG*LB4.CP-2++8.N.-6.1-1.4-3W6	Q15520
005.SCG*LB1.CP-9++1.N.-8.6-2.8-6W17	Q15521
005.SCG*LB2.CP-8++4.N.-6.2-5.5-2W3	Q15522
005.SCG*LB4.CP-1++1.N.18.65-1.69-5W28	Q15523
005.SCG*LB2.CP-3++6.N.-7.5-3.8-2W4	Q15524
005.SCG*LB4.CP--++5.N.-7.1-2.1-3W2	Q15525
005.SCG*LB2.CP-2++1.N.10.1-2.9-1W16	Q15526
005.SCG*LB4.CP-1++4.N.11.32-7.37-2W6	Q15527
005.SCG*LB4.CP--++8.N.-8.12-5.13-6W5	Q15528
005.SCG*LB2.CP-7++8.N.-9.33-1.37-7W3	Q15529
005.SCG*LB4.CP-5++2.N.14.4-6.7-5W19	Q15530
005.SCG*LB3.CP-5++4.N.13.4-1.5-2W3	Q15531
005.SCG*LB2.CP-8++3.N.25.30-1.35-2W21	Q15532
005.SCG*LB2.CP-3++8.N.14.11-1.13-6W8	Q15533
005.SCG*LB4.CP-4++8.N.--.1-1.2-3W4	Q15534
005.SCG*LB3.CP-5++4.N.13.8-2.10-4W2	Q15535
005.SCG*LB3.CP13++9.N.10.1-1.3-3W7	Q15536
005.SCG*LB1.CP-5++8.N.-6.7-4.8-5W8	Q15537
005.SCG*LB4.CP--++7.N.18.11-2.12-6W1	Q15538
005.SCG*LB2.CP-7++3.N.32.12-2.12-5W4	Q15539
005.SCG*LB2.CP-9++8.N.10.31-3.33-4W6	Q15540
005.SCG*LB1.CP-9++1.N.-4.10-3.11-5W3	Q15541
005.SCG*LB3.CP12++4.N.-6.1-2.4-1W2	Q15542
005.SCG*LB3.CP-6++7.N.-4.3-4.6-5W11	Q15543
005.SCG*LB4.CP-2++3.N.-7.20-1.24-4W15	Q15544
005.SCG*LB3.CP-4++6.N.-7.2-1.3-5W1	Q15545
005.SCG*LB4.CP-6++9.N.-6.17-3.21-6W15	Q15546
005.SCG*LB3.CP13++0.N.-4.1-1.2-3W3	Q15547
005.SCG*LB4.CP-8++8.N.-4.5-4.10-2W5	Q15548
005.SCG*LB2.CP-2++8.N.17.3-1.8-8W9	Q15549
005.SCG*LB3.CP-1++2.N.-5.23-7.27-6W1	Q15550
005.SCG*LB3.CP10++2.N.-9.1-1.2-2W6	Q15551
005.SCG*LB3.CP12++0.N.10.18-1.20-5W19	Q15552
005.SCG*LB4.CP-8++3.N.18.1-1.4-3W4	Q15553
005.SCG*LB2.CP--++1.N.-5.5-5.7-5W3	Q15554
005.SCG*LB4.CP-4++2.N.-2.5-4.6-4W8	Q15555
005.SCG*LB4.CP-3++4.N.-6.5-6.7-6W9	Q15556
005.SCG*LB4.CP-7++6.N.-8.14-3.15-2W4	Q15557
005.SCG*LB3.CP-5++9.N.-6.26-3.32-3W23	Q15558
005.SCG*LB3.CP-6++3.N.-6.7-1.9-1W4	Q15559
005.SCG*LB3.CP16++1.N.-1.19-1.19-7W5	Q15560
005.SCG*LB4.CP-4++5.N.-4.4-5.9-4W18	Q15561
005.SCG*LB4.CP--++6.N.-1.32-1.36-5W9	Q15562
005.SCG*LB2.CP-8++2.N.12.1-1.2-4W4	Q15563
005.SCG*LB3.CP13++0.N.-3.9-6.14-6W11	Q15564
005.SCG*LB3.CP-9++7.N.10.7-5.9-5W1	Q15565
005.SCG*LB3.CP-6++5.N.-8.6-1.8-7W6	Q15566
005.SCG*LB1.CP-2++9.N.-5.11-7.13-1W5	Q15567
005.SCG*LB4.CP-1++3.N.-6.1-1.5-3W13	Q15568
005.SCG*LB4.CP-9++1.N.-6.8-5.11-1W5	Q15569
005.SCG*LB4.CP--++3.N.-3.3-2.4-5W11	Q15570
005.SCG*LB4.CP-5++5.N.12.17-3.17-6W4	Q15571
005.SCG*LB2.CP-7++8.N.-2.15-1.17-1W3	Q15572
005.SCG*LB3.CP12++0.N.23.9-3.10-3W4	Q15573
005.SCG*LB3.CP-2++0.N.-6.8-1.10-3W5	Q15574
005.SCG*LB3.CP12++7.N.-6.3-6.4-4W4	Q15575
005.SCG*LB4.CP-4++1.N.-7.1-1.11-1W22	Q15576
005.SCG*LB4.CP-9++4.N.-1.1-1.8-1W29	Q15577
005.SCG*LB4.CP-1++8.N.-8.17-3.19-5W2	Q15578
005.SCG*LB2.CP-7++4.N.16.9-2.12-4W27	Q15579
005.SCG*LB2.CP--++2.N.-4.15-7.16-5W6	Q15580
005.SCG*LB3.CP-4++8.N.17.6-3.8-7W20	Q15581
005.SCG*LB3.CP12++8.N.-3.10-4.12-3W13	Q15582
005.SCG*LB2.CP-4++1.N.12.1-1.1-6W6	Q15583
005.SCG*LB4.CP-2++3.N.12.4-6.5-7W3	Q15584
005.SCG*LB2.CP-5++9.N.10.16-2.17-6W8	Q15585
005.SCG*LB1.CP-9++3.N.12.26-1.27-1W7	Q15586
005.SCG*LB4.CP-2++4.N.11.1-2.5-4W3	Q15587
005.SCG*LB4.CP-1++1.N.13.38-1.40-5W7	Q15588
005.SCG*LB2.CP-9++8.N.19.21-1.23-5W4	Q15589
005.SCG*LB3.CP-4++3.N.10.1-1.9-1W3	Q15590
005.SCG*LB4.CP-8++1.N.12.12-6.16-4W16	Q15591
005.SCG*LB1.CP-9++1.N.-9.9-2.14-2W12	Q15592
005.SCG*LB2.CP-5++8.N.-1.7-1.10-3W14	Q15593
005.SCG*LB2.CP-8++3.N.16.1-1.4-5W3	Q15594
005.SCG*LB4.CP-3++0.N.-9.18-6.23-4W19	Q15595
005.SCG*LB4.CP-2++9.N.-5.8-2.10-8W12	Q15596
005.SCG*LB2.CP-8++3.N.35.2-3.7-1W1	Q15597
005.SCG*LB3.CP13++1.N.-1.5-1.8-2W7	Q15598
005.SCG*LB1.CP-2++7.N.-9.1-1.8-2W27	Q15599
005.SCG*LB2.CP-6++0.N.12.11-5.12-6W9	Q15600
005.SCG*LB4.CP-1++7.N.18.1-2.1-6W5	Q15601
005.SCG*LB2.CP-5++5.N.13.11-1.14-6W17	Q15602
005.SCG*LB4.CP-5++0.N.10.19-3.21-7W14	Q15603
005.SCG*LB1.CP--++5.N.-5.16-1.19-6W1	Q15604
005.SCG*LB3.CP-4++8.N.-4.12-5.15-1W17	Q15605
005.SCG*LB4.CP-7++1.N.-6.4-5.7-4W1	Q15606
005.SCG*LB2.CP-7++2.N.-5.10-4.14-6W17	Q15607
005.SCG*LB1.CP-9++3.N.-7.14-4.16-4W11	Q15608
005.SCG*LB1.CP-8++2.N.-6.4-2.5-8W16	Q15609
005.SCG*LB3.CP13++0.N.-6.3-3.5-7W6	Q15610
005.SCG*LB4.CP--++4.N.11.34-1.34-6W5	Q15611
005.SCG*LB1.CP-5++4.N.-8.1-1.4-5W24	Q15612
005.SCG*LB4.CP-3++3.N.--.1-1.5-1W16	Q15613
005.SCG*LB4.CP-2++9.N.-4.16-6.17-5W3	Q15614
005.SCG*LB2.CP-7++3.N.-6.1-1.5-3W3	Q15615
005.SCG*LB2.CP-5++4.N.-6.4-1.5-4W4	Q15616
005.SCG*LB4.CP-2++4.N.-3.10-1.14-4W20	Q15617
005.SCG*LB2.CP-9++8.N.12.1-1.4-3W5	Q15618
005.SCG*LB3.CP-2++7.N.-8.1-2.5-5W6	Q15619
005.SCG*LB2.CP-3++4.N.-2.1-1.3-1W6	Q15620
005.SCG*LB4.CP-1++6.N.-6.5-1.5-4W1	Q15621
005.SCG*LB3.CP13++3.N.-3.9-2.10-1W3	Q15622
005.SCG*LB1.CP-2++9.N.-3.1-1.4-1W17	Q15623
005.SCG*LB3.CP-4++4.N.-2.8-6.11-4W14	Q15624
005.SCG*LB1.CP-2++5.N.10.11-3.13-7W12	Q15625
005.SCG*LB3.CP-8++0.N.17.12-1.13-2W1	Q15626
005.SCG*LB4.CP-7++1.N.-5.4-3.7-1W1	Q15627
005.SCG*LB3.CP14++0.N.-2.4-3.6-5W14	Q15628
005.SCG*LB1.CP-2++0.N.12.11-3.13-1W12	Q15629
005.SCG*LB4.CP--++5.N.-8.6-4.8-2W10	Q15630
005.SCG*LB4.CP-2++4.N.-3.17-2.20-3W13	Q15631
005.SCG*LB3.CP10++5.N.-8.1-1.7-1W4	Q15632
005.SCG*LB4.CP-6++2.N.-1.1-1.3-6W14	Q15633
005.SCG*LB4.CP-7++0.N.-9.8-2.14-1W3	Q15634
005.SCG*LB4.CP-2++1.N.-1.1-1.5-6W30	Q15635
005.SCG*LB3.CP16++2.N.-8.9-1.13-1W29	Q15636
005.SCG*LB1.CP-5++8.N.-8.1-1.2-5W7	Q15637
005.SCG*LB4.CP-2++4.N.12.21-1.25-8W10	Q15638
005.SCG*LB1.CP-6++6.N.-5.6-4.10-2W22	Q15639
005.SCG*LB4.CP-2++1.N.-9.1-1.3-2W8	Q15640
005.SCG*LB3.CP15++2.N.-6.1-1.2-3W5	Q15641
005.SCG*LB3.CP-8++0.N.19.3-5.5-6W4	Q15642
005.SCG*LB4.CP-3++2.N.-6.3-3.5-5W14	Q15643
005.SCG*LB3.CP-4++6.N.-6.2-3.7-4W1	Q15644
005.SCG*LB2.CP-1++5.N.-5.1-2.4-3W4	Q15645
005.SCG*LB2.CP-1++2.N.-2.9-7.12-6W8	Q15646
005.SCG*LB3.CP11++9.N.-6.4-4.9-2W22	Q15647
005.SCG*LB4.CP-4++9.N.11.31-2.32-5W5	Q15648
005.SCG*LB4.CP-7++1.N.-8.17-5.18-4W6	Q15649
005.SCG*LB4.CP--++4.N.13.17-1.19-2W16	Q15650
005.SCG*LB2.CP-7++8.N.-9.27-6.32-2W28	Q15651
005.SCG*LB3.CP10++3.N.-2.17-1.21-5W5	Q15652
005.SCG*LB3.CP-5++8.N.-4.5-1.7-3W14	Q15653
005.SCG*LB2.CP-1++8.N.-4.9-1.11-2W15	Q15654
005.SCG*LB4.CP-7++2.N.11.9-1.17-6W39	Q15655
005.SCG*LB4.CP-8++6.N.-5.11-2.11-6W4	Q15656
005.SCG*LB4.CP-3++7.N.-6.7-1.8-2W4	Q15657
005.SCG*LB3.CP--++4.N.-6.1-1.3-4W5	Q15658
005.SCG*LB3.CP-4++7.N.-4.5-1.11-5W1	Q15659
005.SCG*LB4.CP-1++7.N.10.1-5.2-3W4	Q15660
005.SCG*LB1.CP-5++9.N.-3.25-3.32-3W3	Q15661
005.SCG*LB4.CP-5++1.N.-3.1-1.6-3W4	Q15662
005.SCG*LB2.CP--++3.N.-4.12-1.12-5W3	Q15663
005.SCG*LB3.CP-6++7.N.-6.7-2.8-3W3	Q15664
005.SCG*LB3.CP-4++7.N.-4.12-1.12-5W5	Q15665
005.SCG*LB4.CP-5++5.N.13.26-4.27-3W4	Q15666
005.SCG*LB4.CP-3++4.N.-6.5-6.7-6W5	Q15667
005.SCG*LB3.CP-8++0.N.-6.3-2.4-3W3	Q15668
005.SCG*LB3.CP12++0.N.-1.20-1.22-2W9	Q15669
005.SCG*LB4.CP-9++4.N.-1.9-1.12-1W16	Q15670
005.SCG*LB3.CP-6++5.N.10.10-1.16-1W6	Q15671
005.SCG*LB4.CP-6++2.N.-1.6-3.8-5W1	Q15672
005.SCG*LB3.CP-4++8.N.-3.14-1.18-3W20	Q15673
005.SCG*LB1.CP-2++8.N.-7.9-4.13-1W13	Q15674
005.SCG*LB4.CP-8++3.N.19.16-5.17-1W4	Q15675
005.SCG*LB3.CP-8++6.N.-6.1-1.8-2W4	Q15676
005.SCG*LB2.CP-8++4.N.-7.1-1.3-3W9	Q15677
005.SCG*LB4.CP--++7.N.25.10-3.11-5W6	Q15678
005.SCG*LB4.CP-3++4.N.-5.13-5.16-2W5	Q15679
005.SCG*LB4.CP-4++1.N.-3.22-1.26-5W7	Q15680
005.SCG*LB4.CP-1++7.N.15.2-4.3-5W3	Q15681
005.SCG*LB4.CP-6++2.N.-2.6-5.9-4W16	Q15682
005.SCG*LB2.CP-1++0.N.-1.1-1.6-1W26	Q15683
005.SCG*LB1.CP-9++6.N.-7.5-4.7-4W13	Q15684
005.SCG*LB3.CP15++9.N.-2.13-4.17-5W29	Q15685
005.SCG*LB3.CP-9++5.N.16.19-1.20-4W10	Q15686
005.SCG*LB2.CP-5++7.N.15.10-6.12-1W1	Q15687
005.SCG*LB4.CP--++1.N.11.26-4.27-7W4	Q15688
005.SCG*LB2.CP-9++0.N.10.5-1.6-2W7	Q15689
005.SCG*LB4.CP--++2.N.-2.8-1.9-2W8	Q15690
005.SCG*LB3.CP-4++2.N.-4.18-3.20-3W11	Q15691
005.SCG*LB2.CP--++2.N.-2.14-1.17-3W30	Q15692
005.SCG*LB3.CP-8++1.N.-5.4-1.7-4W21	Q15693
005.SCG*LB3.CP15++8.N.-7.17-6.18-6W5	Q15694
005.SCG*LB4.CP-8++4.N.-2.11-1.15-6W3	Q15695
005.SCG*LB3.CP-9++5.N.19.4-3.4-6W1	Q15696
005.SCG*LB3.CP-6++7.N.-2.1-2.8-3W40	Q15697
005.SCG*LB4.CP--++1.N.11.22-4.23-8W1	Q15698
005.SCG*LB4.CP-2++4.N.11.35-4.38-7W14	Q15699
005.SCG*LB2.CP-7++8.N.-7.11-5.14-5W18	Q15700
005.SCG*LB4.CP-3++4.N.26.1-2.6-4W36	Q15701
005.SCG*LB4.CP-8++1.N.-7.34-1.35-6W6	Q15702
005.SCG*LB1.CP-8++8.N.-2.1-1.3-4W4	Q15703
005.SCG*LB4.CP-2++1.N.-5.15-6.17-3W12	Q15704
005.SCG*LB4.CP-3++0.N.-7.1-2.3-5W3	Q15705
005.SCG*LB1.CP-6++5.N.11.3-1.3-4W1	Q15706
005.SCG*LB4.CP--++8.N.-7.10-3.14-5W4	Q15707
005.SCG*LB1.CP-3++6.N.-2.1-1.5-4W14	Q15708
005.SCG*LB2.CP-8++5.N.14.16-6.19-7W9	Q15709
005.SCG*LB4.CP-3++5.N.-4.27-6.30-2W4	Q15710
005.SCG*LB4.CP--++6.N.-1.25-1.31-4W18	Q15711
005.SCG*LB2.CP-9++8.N.13.5-5.7-7W11	Q15712
005.SCG*LB4.CP-8++3.N.-8.1-1.10-3W54	Q15713
005.SCG*LB2.CP-2++2.N.-2.13-4.16-1W1	Q15714
005.SCG*LB2.CP-9++9.N.-4.13-4.16-5W10	Q15715
005.SCG*LB3.CP12++8.N.-2.10-1.10-4W4	Q15716
005.SCG*LB4.CP-2++3.N.-4.4-5.10-4W12	Q15717
005.SCG*LB3.CP12++7.N.-7.14-5.17-3W22	Q15718
005.SCG*LB1.CP-2++0.N.16.1-1.3-3W4	Q15719
005.SCG*LB4.CP-3++4.N.12.12-5.14-2W8	Q15720
005.SCG*LB4.CP-3++4.N.-8.1-2.4-2W18	Q15721
005.SCG*LB3.CP11++6.N.-6.1-1.2-1W4	Q15722
005.SCG*LB3.CP10++5.N.-2.15-5.18-3W4	Q15723
005.SCG*LB2.CP-2++1.N.11.5-1.6-2W9	Q15724
005.SCG*LB3.CP-4++3.N.-9.6-3.8-4W14	Q15725
005.SCG*LB4.CP-7++9.N.-9.2-4.3-2W1	Q15726
005.SCG*LB2.CP-6++0.N.11.1-2.8-3W2	Q15727
005.SCG*LB2.CP-7++8.N.12.5-4.7-1W10	Q15728
005.SCG*LB4.CP-1++7.N.-2.2-6.3-2W1	Q15729
005.SCG*LB2.CP-6++0.N.14.3-2.7-7W27	Q15730
005.SCG*LB4.CP--++7.N.-7.1-2.2-2W7	Q15731
005.SCG*LB4.CP-3++4.N.28.1-2.5-5W11	Q15732
005.SCG*LB3.CP10++4.N.-8.6-4.8-3W9	Q15733
005.SCG*LB3.CP-4++2.N.-7.1-2.2-1W4	Q15734
005.SCG*LB2.CP-1++1.N.-3.3-4.4-3W1	Q15735
005.SCG*LB4.CP-6++3.N.-8.6-5.10-2W11	Q15736
005.SCG*LB4.CP-1++1.N.16.14-4.17-4W9	Q15737
005.SCG*LB4.CP--++4.N.13.13-4.14-5W6	Q15738
005.SCG*LB4.CP-3++4.N.25.24-2.26-1W4	Q15739
005.SCG*LB2.CP-8++2.N.15.1-1.3-7W4	Q15740
005.SCG*LB4.CP-7++9.N.10.7-2.9-4W9	Q15741
005.SCG*LB4.CP--++7.N.-6.1-2.2-7W6	Q15742
005.SCG*LB4.CP--++8.N.-2.34-1.38-2W7	Q15743
005.SCG*LB4.CP-9++0.N.-9.1-1.5-5W23	Q15744
005.SCG*LB2.CP-2++0.N.-7.1-1.6-6W6	Q15745
005.SCG*LB1.CP-1++3.N.19.22-1.25-3W4	Q15746
005.SCG*LB1.CP-1++3.N.35.14-1.14-4W3	Q15747
005.SCG*LB1.CP-4++3.N.-2.15-4.17-7W4	Q15748
005.SCG*LB4.CP--++1.N.12.11-6.12-2W3	Q15749
005.SCG*LB3.CP-7++6.N.-6.9-4.12-5W5	Q15750
005.SCG*LB2.CP-8++3.N.35.8-1.9-2W8	Q15751
005.SCG*LB3.CP-7++5.N.-3.17-3.20-1W4	Q15752
005.SCG*LB2.CP-8++4.N.-7.5-5.6-3W1	Q15753
005.SCG*LB4.CP-8++4.N.-2.9-2.10-3W5	Q15754
005.SCG*LB4.CP-5++2.N.-2.1-1.5-2W4	Q15755
005.SCG*LB4.CP-3++0.N.-6.1-2.3-3W3	Q15756
005.SCG*LB2.CP-3++2.N.-9.10-5.11-6W6	Q15757
005.SCG*LB2.CP-6++9.N.-9.15-1.22-4W7	Q15758
005.SCG*LB4.CP--++2.N.-2.5-3.6-2W1	Q15759
005.SCG*LB3.CP11++2.N.11.5-6.6-1W4	Q15760
005.SCG*LB2.CP-6++2.N.-5.1-2.5-2W4	Q15761
005.SCG*LB3.CP15++4.N.-9.1-1.6-3W26	Q15762
005.SCG*LB4.CP--++4.N.-3.8-5.12-4W9	Q15763
005.SCG*LB3.CP-4++7.N.-4.21-1.23-2W5	Q15764
005.SCG*LB2.CP-9++1.N.11.7-1.9-4W5	Q15765
005.SCG*LB3.CP-7++1.N.-9.1-1.1-5W3	Q15766
005.SCG*LB2.CP-3++7.N.-2.56-1.60-1W15	Q15767
005.SCG*LB1.CP-9++1.N.-9.22-4.25-2W16	Q15768
005.SCG*LB4.CP-1++4.N.15.1-1.2-2W6	Q15769
005.SCG*LB4.CP-1++6.N.-8.7-2.7-5W4	Q15770
005.SCG*LB1.CP-6++0.N.-2.1-1.3-3W13	Q15771
005.SCG*LB4.CP-3++5.N.11.1-2.5-4W29	Q15772
005.SCG*LB3.CP-9++5.N.-7.3-7.4-3W6	Q15773
005.SCG*LB4.CP-3++2.N.-8.1-2.2-5W4	Q15774
005.SCG*LB3.CP-9++2.N.12.2-6.5-9W1	Q15775
005.SCG*LB4.CP-9++0.N.-1.1-1.6-4W34	Q15776
005.SCG*LB4.CP-7++6.N.-5.3-1.6-5W15	Q15777
005.SCG*LB1.CP-9++1.N.12.40-5.44-3W1	Q15778
005.SCG*LB4.CP-8++3.N.-6.10-3.13-2W5	Q15779
005.SCG*LB3.CP-6++2.N.13.7-1.9-4W7	Q15780
005.SCG*LB4.CP-1++7.N.10.7-1.8-2W8	Q15781
005.SCG*LB3.CP-9++5.N.16.4-2.8-1W3	Q15782
005.SCG*LB4.CP-5++0.N.-3.7-6.10-6W17	Q15783
005.SCG*LB4.CP-1++6.N.-7.7-7.11-7W6	Q15784
005.SCG*LB4.CP--++7.N.-8.3-3.6-2W6	Q15785
005.SCG*LB4.CP-8++1.N.10.24-6.29-1W18	Q15786
005.SCG*LB4.CP--++4.N.13.5-8.10-4W22	Q15787
005.SCG*LB3.CP-6++1.N.-6.1-1.2-2W5	Q15788
005.SCG*LB3.CP12++0.N.22.3-1.3-6W4	Q15789
005.SCG*LB3.CP14++6.N.-8.3-1.4-2W5	Q15790
005.SCG*LB1.CP-2++1.N.-4.22-4.23-6W9	Q15791
005.SCG*LB3.CP-3++1.N.-2.3-2.5-1W8	Q15792
005.SCG*LB4.CP-3++4.N.-2.78-1.80-2W17	Q15793
005.SCG*LB2.CP-6++2.N.-2.7-4.9-2W5	Q15794
005.SCG*LB3.CP13++2.N.30.2-1.5-6W5	Q15795
005.SCG*LB4.CP-4++5.N.-4.4-5.9-4W30	Q15796
005.SCG*LB4.CP-7++4.N.-3.14-7.15-4W6	Q15797
005.SCG*LB2.CP-8++0.N.10.5-1.7-4W7	Q15798
005.SCG*LB1.CP-4++8.N.-5.6-2.7-1W7	Q15799
005.SCG*LB2.CP-6++1.N.-3.18-1.21-7W10	Q15800
005.SCG*LB3.CP-2++4.N.-9.1-1.5-5W15	Q15801
005.SCG*LB2.CP-7++4.N.16.9-2.12-4W6	Q15802
005.SCG*LB3.CP-8++9.N.-4.1-2.5-5W5	Q15803
005.SCG*LB2.CP-8++2.N.-3.2-6.5-2W17	Q15804
005.SCG*LB4.CP-2++4.N.-8.73-8.76-5W4	Q15805
005.SCG*LB3.CP12++7.N.-5.1-1.2-2W5	Q15806
005.SCG*LB3.CP11++9.N.-8.6-2.7-6W14	Q15807
005.SCG*LB3.CP-2++7.N.11.1-1.4-3W17	Q15808
005.SCG*LB1.CP10++2.N.-4.1-2.4-7W12	Q15809
005.SCG*LB3.CP-4++8.N.-9.1-1.7-3W4	Q15810
005.SCG*LB4.CP--++1.N.12.9-6.10-6W5	Q15811
005.SCG*LB4.CP--++4.N.-2.1-1.4-1W17	Q15812
005.SCG*LB1.CP-7++7.N.-3.6-4.9-3W20	Q15813
005.SCG*LB4.CP-1++7.N.23.12-5.16-2W8	Q15814
005.SCG*LB2.CP-8++2.N.-3.8-2.10-4W14	Q15815
005.SCG*LB3.CP-6++6.N.-8.1-1.2-1W4	Q15816
005.SCG*LB4.CP-1++6.N.-9.3-2.3-6W1	Q15817
005.SCG*LB1.CP-9++6.N.-7.18-1.22-2W22	Q15818
005.SCG*LB3.CP-2++6.N.22.16-3.18-4W16	Q15819
005.SCG*LB4.CP-2++5.N.-1.10-7.13-5W17	Q15820
005.SCG*LB1.CP-2++6.N.13.6-5.8-3W4	Q15821
005.SCG*LB4.CP-2++9.N.13.1-2.2-5W4	Q15822
005.SCG*LB4.CP-5++0.N.10.1-1.8-3W31	Q15823
005.SCG*LB4.CP-1++1.N.19.3-5.5-2W6	Q15824
005.SCG*LB4.CP-3++6.N.-6.9-7.10-4W3	Q15825
005.SCG*LB3.CP12++0.N.24.17-6.18-1W3	Q15826
005.SCG*LB1.CP-6++7.N.-9.1-1.6-3W4	Q15827
005.SCG*LB2.CP-9++6.N.-8.14-4.17-2W16	Q15828
005.SCG*LB2.CP-6++1.N.-2.1-1.9-2W33	Q15829
005.SCG*LB3.CP--++8.N.-8.18-4.20-3W7	Q15830
005.SCG*LB4.CP-2++2.N.-2.3-4.6-1W14	Q15831
005.SCG*LB1.CP-3++1.N.-2.26-5.30-3W3	Q15832
005.SCG*LB1.CP-3++0.N.-4.7-7.10-7W26	Q15833
005.SCG*LB2.CP-3++9.N.-8.1-1.5-8W17	Q15834
005.SCG*LB2.CP-2++8.N.-8.7-1.10-4W18	Q15835
005.SCG*LB3.CP10++4.N.-1.1-1.7-2W4	Q15836
005.SCG*LB3.CP13++9.N.-1.5-1.7-4W18	Q15837
005.SCG*LB1.CP--++7.N.-6.1-1.2-1W4	Q15838
005.SCG*LB2.CP-5++7.N.-1.1-1.4-3W10	Q15839
005.SCG*LB4.CP-6++9.N.-4.5-2.8-7W1	Q15840
005.SCG*LB2.CP-7++2.N.-4.12-4.16-2W7	Q15841
005.SCG*LB3.CP11++8.N.-6.3-1.5-3W18	Q15842
005.SCG*LB4.CP-2++9.N.-8.3-1.6-3W1	Q15843
005.SCG*LB3.CP-4++5.N.-5.11-2.13-3W1	Q15844
005.SCG*LB1.CP-3++0.N.-4.1-1.7-6W26	Q15845
005.SCG*LB4.CP-2++8.N.-2.4-4.8-4W27	Q15846
005.SCG*LB4.CP-3++4.N.-2.33-3.36-8W18	Q15847
005.SCG*LB3.CP15++9.N.-1.24-6.29-1W7	Q15848
005.SCG*LB3.CP15++4.N.17.17-2.20-2W1	Q15849
005.SCG*LB4.CP--++6.N.10.3-4.4-2W1	Q15850
005.SCG*LB4.CP--++8.N.-4.3-3.5-8W11	Q15851
005.SCG*LB2.CP-6++0.N.10.10-3.13-2W6	Q15852
005.SCG*LB4.CP-3++4.N.28.5-6.10-7W5	Q15853
005.SCG*LB4.CP-5++2.N.-6.39-2.43-1W10	Q15854
005.SCG*LB4.CP--++7.N.13.3-1.3-4W1	Q15855
005.SCG*LB3.CP15++4.N.23.5-1.7-4W10	Q15856
005.SCG*LB4.CP-5++5.N.11.52-3.53-2W4	Q15857
005.SCG*LB3.CP-8++8.N.-5.1-2.3-4W4	Q15858
005.SCG*LB2.CP-8++4.N.-7.8-7.15-7W30	Q15859
005.SCG*LB4.CP-3++5.N.-4.12-6.14-4W4	Q15860
005.SCG*LB3.CP15++4.N.-2.5-4.9-2W27	Q15861
005.SCG*LB3.CP-7++9.N.-5.1-1.8-3W1	Q15862
005.SCG*LB4.CP-6++9.N.-1.1-1.6-1W6	Q15863
005.SCG*LB3.CP-6++4.N.-4.14-7.18-6W24	Q15864
005.SCG*LB3.CP-9++9.N.-3.18-2.23-4W33	Q15865
005.SCG*LB4.CP-7++1.N.-8.16-1.16-4W1	Q15866
005.SCG*LB4.CP-8++3.N.21.1-1.5-1W5	Q15867
005.SCG*LB3.CP15++4.N.11.27-5.29-3W5	Q15868
005.SCG*LB3.CP-7++6.N.-6.17-5.19-4W6	Q15869
005.SCG*LB3.CP-4++7.N.-8.1-1.9-5W56	Q15870
005.SCG*LB2.CP-5++4.N.-9.5-2.7-12W14	Q15871
005.SCG*LB3.CP16++3.N.-1.17-1.19-3W12	Q15872
005.SCG*LB3.CP13++2.N.27.1-1.9-2W8	Q15873
005.SCG*LB4.CP-2++1.N.-4.6-3.7-2W4	Q15874
005.SCG*LB3.CP-8++1.N.-6.24-3.25-1W2	Q15875
005.SCG*LB3.CP14++9.N.-3.11-2.11-7W7	Q15876
005.SCG*LB4.CP-1++8.N.-8.1-1.8-6W46	Q15877
005.SCG*LB1.CP-1++3.N.10.14-6.16-8W4	Q15878
005.SCG*LB3.CP-4++7.N.-3.1-1.10-4W9	Q15879
005.SCG*LB4.CP-8++3.N.19.21-7.23-3W6	Q15880
005.SCG*LB4.CP-4++1.N.14.3-4.8-2W28	Q15881
005.SCG*LB2.CP-4++2.N.11.1-1.4-8W9	Q15882
005.SCG*LB3.CP14++6.N.-7.1-1.3-3W7	Q15883
005.SCG*LB3.CP-9++7.N.10.13-6.14-2W4	Q15884
005.SCG*LB3.CP--++8.N.-3.4-4.5-3W5	Q15885
005.SCG*LB2.CP-6++0.N.22.5-6.7-4W14	Q15886
005.SCG*LB4.CP-4++3.N.-1.1-1.5-2W13	Q15887
005.SCG*LB3.CP13++2.N.24.5-1.7-2W3	Q15888
005.SCG*LB2.CP-3++0.N.17.22-7.25-7W12	Q15889
005.SCG*LB3.CP15++4.N.16.13-2.19-3W3	Q15890
005.SCG*LB4.CP-8++2.N.-3.6-2.8-1W14	Q15891
005.SCG*LB2.CP-6++1.N.-2.1-1.9-2W13	Q15892
005.SCG*LB2.CP-9++8.N.10.28-4.31-2W12	Q15893
005.SCG*LB3.CP-4++7.N.-6.4-3.9-5W33	Q15894
005.SCG*LB3.CP-9++7.N.-3.38-3.40-5W4	Q15895
005.SCG*LB1.CP-7++2.N.-8.4-5.6-2W7	Q15896
005.SCG*LB3.CP10++7.N.10.2-2.2-6W1	Q15897
005.SCG*LB1.CP-9++1.N.-9.6-5.9-1W10	Q15898
005.SCG*LB4.CP-7++4.N.-3.15-5.16-3W7	Q15899
005.SCG*LB4.CP-5++1.N.-2.2-4.3-7W4	Q15900
005.SCG*LB3.CP10++9.N.-2.5-1.8-1W1	Q15901
005.SCG*LB4.CP-2++3.N.-9.6-1.7-1W1	Q15902
005.SCG*LB3.CP-4++4.N.-4.15-1.18-3W20	Q15903
005.SCG*LB4.CP-8++5.N.-6.1-1.2-3W7	Q15904
005.SCG*LB4.CP--++1.N.12.6-4.6-6W2	Q15905
005.SCG*LB4.CP--++7.N.16.9-1.9-4W1	Q15906
005.SCG*LB1.CP-7++1.N.10.5-8.6-2W4	Q15907
005.SCG*LB1.CP-1++2.N.-6.5-6.8-7W21	Q15908
005.SCG*LB4.CP-7++9.N.-4.4-5.8-3W18	Q15909
005.SCG*LB4.CP-5++8.N.-1.1-1.6-3W5	Q15910
005.SCG*LB2.CP-6++0.N.21.1-1.4-3W14	Q15911
005.SCG*LB3.CP-4++2.N.-5.1-1.2-1W4	Q15912
005.SCG*LB4.CP-3++0.N.-1.13-3.13-7W5	Q15913
005.SCG*LB3.CP13++2.N.24.3-4.4-2W3	Q15914
005.SCG*LB1.CP-1++3.N.30.1-1.5-2W4	Q15915
005.SCG*LB2.CP-7++9.N.16.1-1.3-3W12	Q15916
005.SCG*LB2.CP-7++9.N.11.14-2.16-5W2	Q15917
005.SCG*LB4.CP-4++9.N.11.10-7.12-2W6	Q15918
005.SCG*LB2.CP-2++6.N.-8.1-1.7-1W8	Q15919
005.SCG*LB4.CP-3++4.N.21.1-2.4-2W2	Q15920
005.SCG*LB2.CP-3++9.N.-5.2-5.5-1W13	Q15921
005.SCG*LB4.CP-4++8.N.-3.8-4.11-4W1	Q15922
005.SCG*LB4.CP-7++3.N.-1.23-1.25-5W12	Q15923
005.SCG*LB3.CP16++0.N.-4.1-1.3-6W8	Q15924
005.SCG*LB2.CP-6++1.N.-5.1-2.3-3W17	Q15925
005.SCG*LB2.CP-3++9.N.-9.4-6.8-2W5	Q15926
005.SCG*LB1.CP-3++3.N.-2.8-7.11-1W14	Q15927
005.SCG*LB1.CP-1++3.N.33.5-3.5-6W3	Q15928
005.SCG*LB3.CP-5++0.N.-9.14-7.16-3W4	Q15929
005.SCG*LB1.CP-4++0.N.-3.8-4.10-4W3	Q15930
005.SCG*LB3.CP-8++0.N.16.8-4.11-3W4	Q15931
005.SCG*LB4.CP--++7.N.10.6-1.8-2W1	Q15932
005.SCG*LB2.CP-8++3.N.-5.3-1.5-5W1	Q15933
005.SCG*LB4.CP-3++4.N.25.1-2.5-6W29	Q15934
005.SCG*LB2.CP--++8.N.-3.3-3.6-1W6	Q15935
005.SCG*LB2.CP-1++0.N.-1.1-1.6-1W13	Q15948
005.SCG*LB4.CP-8++6.N.-4.17-2.19-2W12	Q15951
005.SCG*LB4.CP-6++0.N.-2.8-1.13-2W15	Q15952
005.SCG*LB3.CP-7++3.N.-1.1-1.2-4W4	Q15949
005.SCG*LB3.CP11++9.N.-3.5-3.9-1W13	Q15950
005.SCG*LB3.CP15++5.N.-7.4-2.6-4W19	Q15953


005.SCG*LB2.CP-3++0.N.-3.7-1.8-6W11	Q15957
005.SCG*LB1.CP-9++1.N.-6.8-2.10-1W5	Q15958
005.SCG*LB2.CP-3++6.N.-7.17-2.19-7W7	Q15959
005.SCG*LB3.CP-2++5.N.-3.11-4.15-5W27	Q15960
005.SCG*LB4.CP-3++8.N.-1.19-5.25-7W42	Q15961
005.SCG*LB2.CP-5++3.N.-3.1-2.2-4W2	Q15962
005.SCG*LB2.CP-4++5.N.-3.7-6.11-3W13	Q15963
005.SCG*LB3.CP--++1.N.-6.15-1.19-2W25	Q15160
005.SCG*LB2.CP-3++3.N.-4.5-4.7-4W13	Q15964
005.SCG*LB4.CP-4++9.N.11.31-2.32-5W4	Q15965
005.SCG*LB4.CP-1++4.N.-2.1-1.5-5W17	Q15966
005.SCG*LB3.CP10++8.N.-6.26-5.28-3W2	Q15967
005.SCG*LB1.CP-2++0.N.-3.1-2.2-3W3	Q15968
005.SCG*LB4.CP-1++1.N.-5.6-1.10-3W22	Q15969
005.SCG*LB3.CP-2++2.N.-3.4-6.6-1W10	Q15970
005.SCG*LB3.CP13++6.N.12.4-6.9-2W22	Q4204
005.SCG*LB4.CP-1++7.N.-6.6-5.7-2W5	Q12720
005.SCG*LB4.CP-8++1.N.-5.11-2.12-5W4	Q15971
005.SCG*LB1.CP-2++5.N.-6.10-4.13-3W10	Q15972
005.SCG*LB1.CP-2++2.N.-2.1-1.3-3W12	Q15973
005.SCG*LB2.CP-4++1.N.-9.4-6.5-6W7	Q15974
005.SCG*LB3.CP-4++2.N.-8.1-2.5-2W15	Q15975
005.SCG*LB2.CP-7++3.N.-9.5-1.8-3W10	Q15976
005.SCG*LB4.CP-1++4.N.-3.8-1.10-2W15	Q15977
005.SCG*LB4.CP-1++4.N.-6.1-1.4-4W20	Q15978
005.SCG*LB4.CP-2++3.N.-7.20-1.24-4W23	Q15979
005.SCG*LB1.CP-2++6.N.-3.9-5.13-1W22	Q13985
005.SCG*LB2.CP-5++6.N.-7.24-4.25-5W7	Q15980
005.SCG*LB3.CP-7++6.N.-5.12-4.13-6W5	Q15981
005.SCG*LB4.CP-4++3.N.-1.1-1.5-2W24	Q15982
005.SCG*LB4.CP-1++0.N.-8.8-1.9-7W5	Q15983
005.SCG*LB1.CP-2++7.N.-6.11-1.12-5W11	Q15984
005.SCG*LB3.CP12++5.N.10.9-6.15-4W35	Q15985
005.SCG*LB4.CP-5++1.N.-3.10-1.11-4W5	Q15986
005.SCG*LB4.CP-5++0.N.-1.1-1.4-1W5	Q15987
005.SCG*LB1.CP-6++7.N.-6.12-7.15-2W13	Q5274
005.SCG*LB3.CP15++7.N.-3.1-2.2-1W6	Q15988
005.SCG*LB1.CP-3++2.N.-4.12-5.13-8W10	Q15989
005.SCG*LB1.CP-9++3.N.-5.8-4.9-2W3	Q15990
005.SCG*LB2.CP-8++0.N.-3.20-4.22-1W5	Q15991
005.SCG*LB4.CP-5++3.N.15.8-3.12-4W8	Q15992
005.SCG*LB2.CP-8++5.N.11.1-1.5-2W23	Q15993
005.SCG*LB4.CP-5++5.N.27.27-2.29-6W17	Q15994
005.SCG*LB2.CP-6++8.N.-6.1-1.3-1W8	Q15995
005.SCG*LB3.CP-8++0.N.-2.12-2.16-5W22	Q15996
005.SCG*LB3.CP-4++3.N.-2.10-5.14-2W20	Q15997
005.SCG*LB2.CP-3++4.N.-1.1-1.2-7W1	Q15998
005.SCG*LB1.CP-1++2.N.-1.1-1.4-2W6	Q15999
005.SCG*LB3.CP-2++0.N.-5.10-5.13-7W4	Q16000
005.SCG*LB3.CP-4++8.N.-4.15-2.17-2W12	Q16001
005.SCG*LB2.CP-3++0.N.12.1-1.5-5W7	Q16002
005.SCG*LB3.CP-4++4.N.-4.18-4.21-3W5	Q16003
005.SCG*LB3.CP-1++0.N.14.20-2.20-4W1	Q16004
005.SCG*LB4.CP--++1.N.10.2-6.6-3W11	Q16005
005.SCG*LB3.CP-6++4.N.-4.5-7.7-3W6	Q16006
005.SCG*LB1.CP-5++7.N.-6.5-4.7-1W11	Q16007
005.SCG*LB4.CP-5++0.N.-9.4-1.6-1W12	Q16008
005.SCG*LB1.CP-1++3.N.31.1-1.4-3W2	Q16009
005.SCG*LB3.CP14++6.N.-8.24-1.28-5W26	Q16010
005.SCG*LB1.CP-5++0.N.-6.8-2.9-4W5	Q16011
005.SCG*LB4.CP-3++1.N.-2.6-5.9-5W5	Q16012
005.SCG*LB3.CP16++0.N.-6.1-1.5-3W18	Q16013
005.SCG*LB1.CP10++1.N.--.1-1.1-5W3	Q16014
005.SCG*LB3.CP13++2.N.--.1-1.2-4W8	Q16015
005.SCG*LB3.CP-4++5.N.-8.5-1.9-5W17	Q16016
005.SCG*LB4.CP-3++0.N.-9.18-6.23-4W18	Q16017
005.SCG*LB2.CP--++2.N.-4.14-2.15-6W15	Q16018
005.SCG*LB3.CP13++2.N.11.5-1.11-4W4	Q16019
005.SCG*LB4.CP-1++7.N.-7.6-2.7-6W7	Q16020
005.SCG*LB1.CP-2++0.N.18.1-1.7-2W5	Q14915
005.SCG*LB4.CP-9++1.N.-8.12-2.14-3W4	Q16021
005.SCG*LB3.CP11++1.N.-1.16-1.19-4W17	Q16022
005.SCG*LB1.CP-1++1.N.-2.4-1.7-2W8	Q16023
005.SCG*LB2.CP-3++8.N.10.2-4.6-4W13	Q16024
005.SCG*LB1.CP-4++3.N.-8.4-1.6-6W8	Q16025
005.SCG*LB3.CP-3++4.N.-2.9-2.12-2W9	Q16026
005.SCG*LB4.CP-5++3.N.14.1-2.5-6W31	Q16027
005.SCG*LB3.CP15++8.N.-7.4-3.6-5W14	Q16028
005.SCG*LB3.CP16++2.N.-1.1-1.4-6W20	Q16029
005.SCG*LB3.CP10++5.N.-9.4-5.8-1W5	Q16030
005.SCG*LB2.CP-7++7.N.-3.21-3.23-3W7	Q16031
005.SCG*LB2.CP-9++5.N.-5.12-3.14-3W4	Q16032
005.SCG*LB2.CP-9++1.N.11.1-1.3-2W9	Q13575
005.SCG*LB3.CP-8++2.N.-2.1-2.5-3W9	Q16033
005.SCG*LB4.CP-5++3.N.-6.5-1.7-4W13	Q16034
005.SCG*LB4.CP-5++4.N.-7.11-3.14-2W16	Q16035
005.SCG*LB4.CP-5++5.N.-9.23-6.25-5W5	Q16036
005.SCG*LB3.CP-2++0.N.-2.21-3.23-3W8	Q16037
005.SCG*LB3.CP-3++5.N.-3.1-2.2-5W4	Q16038
005.SCG*LB2.CP-9++2.N.10.17-2.18-3W8	Q16039
005.SCG*LB3.CP-9++2.N.12.38-6.42-4W14	Q16040
005.SCG*LB3.CP-9++5.N.-3.8-6.9-6W4	Q16041
005.SCG*LB2.CP-5++9.N.16.11-6.13-6W12	Q16042
005.SCG*LB3.CP15++0.N.-1.1-1.8-1W5	Q16043
005.SCG*LB1.CP-7++3.N.-4.4-2.4-7W1	Q16044
005.SCG*LB3.CP-6++4.N.-5.1-2.6-4W6	Q16045
005.SCG*LB3.CP-1++2.N.-4.6-3.9-5W23	Q16046
005.SCG*LB4.CP--++8.N.-5.1-1.5-5W7	Q16047
005.SCG*LB3.CP13++5.N.13.10-2.12-7W12	Q16048
005.SCG*LB3.CP-8++1.N.-6.1-1.3-4W15	Q16049
005.SCG*LB4.CP-8++4.N.13.1-1.3-7W1	Q16050
005.SCG*LB2.CP-6++1.N.-5.4-7.6-3W4	Q16051
005.SCG*LB4.CP-5++4.N.-9.1-2.3-4W9	Q16052
005.SCG*LB3.CP15++8.N.-7.17-6.18-6W5	Q15694
005.SCG*LB4.CP-8++1.N.-5.18-3.20-5W16	Q16053
005.SCG*LB1.CP-5++9.N.-5.4-6.6-3W3	Q16054
005.SCG*LB2.CP-2++3.N.-8.10-6.12-4W5	Q16055
005.SCG*LB1.CP-4++4.N.-8.14-6.16-7W5	Q16056
005.SCG*LB4.CP--++8.N.-5.5-6.6-7W4	Q13098
005.SCG*LB2.CP-4++4.N.15.1-1.6-1W33	Q16057
005.SCG*LB3.CP13++2.N.-5.1-2.2-5W8	Q16058
005.SCG*LB4.CP-8++4.N.12.1-1.3-4W4	Q16059
005.SCG*LB1.CP-6++1.N.-7.12-1.13-7W3	Q16060
005.SCG*LB3.CP-9++0.N.-7.1-2.5-6W21	Q16061
005.SCG*LB2.CP-9++6.N.10.21-1.23-5W17	Q16062
005.SCG*LB1.CP-5++7.N.-2.11-1.13-3W1	Q16063
005.SCG*LB4.CP-5++5.N.11.18-3.20-3W16	Q16064
005.SCG*LB3.CP-4++2.N.-6.6-1.8-5W7	Q16065
005.SCG*LB4.CP-5++3.N.-6.3-1.4-5W6	Q16066
005.SCG*LB3.CP-8++4.N.-5.11-6.15-2W12	Q16067
005.SCG*LB2.CP-5++4.N.-4.3-1.4-8W1	Q6748
005.SCG*LB4.CP-8++0.N.-3.3-6.5-10W15	Q16068
005.SCG*LB3.CP-9++5.N.16.1-1.2-3W4	Q16069
005.SCG*LB2.CP-9++5.N.-2.13-5.17-1W9	Q13084
005.SCG*LB3.CP12++8.N.-2.13-3.14-1W7	Q16070
005.SCG*LB3.CP-4++8.N.-9.7-4.12-3W4	Q16071
005.SCG*LB4.CP--++9.N.-6.30-5.34-5W25	Q16072
005.SCG*LB1.CP-5++6.N.-8.7-1.7-7W7	Q14602
005.SCG*LB3.CP15++7.N.--.1-1.2-5W5	Q16073
005.SCG*LB2.CP-6++8.N.-3.14-1.18-2W20	Q16074
005.SCG*LB4.CP-8++9.N.-1.1-1.3-4W9	Q16075
005.SCG*LB3.CP-2++6.N.19.23-3.25-2W14	Q16076
005.SCG*LB1.CP-7++8.N.-2.6-4.8-6W15	Q16077
005.SCG*LB4.CP-5++5.N.13.1-1.4-5W15	Q16078
005.SCG*LB1.CP-2++6.N.11.22-1.25-2W11	Q16079
005.SCG*LB2.CP-3++0.N.-2.7-5.10-4W24	Q16080
005.SCG*LB2.CP-3++4.N.-3.1-2.3-3W14	Q16081
005.SCG*LB2.CP-9++8.N.16.5-1.7-6W10	Q16082
005.SCG*LB1.CP-4++0.N.-4.1-2.5-7W25	Q16083
005.SCG*LB3.CP14++9.N.-6.4-4.10-3W2	Q16084
005.SCG*LB1.CP-6++9.N.-4.1-2.5-2W15	Q16085
005.SCG*LB3.CP10++9.N.-6.9-5.11-5W14	Q16086
005.SCG*LB3.CP14++3.N.-2.1-2.3-2W8	Q16087
005.SCG*LB2.CP-2++5.N.15.1-1.3-1W7	Q16088
005.SCG*LB1.CP-4++3.N.-2.7-2.8-5W9	Q16089
005.SCG*LB2.CP-7++4.N.-5.8-1.10-5W7	Q16090
005.SCG*LB2.CP-8++2.N.14.1-2.5-1W13	Q16091
005.SCG*LB2.CP-8++3.N.23.2-4.6-2W14	Q16092
005.SCG*LB3.CP-9++2.N.-2.26-4.30-1W14	Q16093
005.SCG*LB4.CP-7++8.N.-2.1-1.5-1W22	Q16094
005.SCG*LB2.CP-9++0.N.-4.12-6.15-3W5	Q16095
005.SCG*LB1.CP-3++0.N.-4.1-1.7-6W7	Q13224
005.SCG*LB4.CP-1++7.N.-9.5-1.6-2W3	Q16096
005.SCG*LB3.CP-4++6.N.-1.9-1.11-4W18	Q16097
005.SCG*LB4.CP-8++3.N.16.14-7.16-5W11	Q16098
005.SCG*LB4.CP-2++4.N.-2.34-7.36-7W4	Q13185
005.SCG*LB1.CP-5++7.N.-5.5-4.7-6W11	Q16099
005.SCG*LB1.CP-5++9.N.-3.1-2.6-1W14	Q16100
005.SCG*LB1.CP-6++6.N.-5.10-3.11-7W1	Q16101
005.SCG*LB1.CP-3++4.N.-1.14-1.20-5W45	Q16102
005.SCG*LB3.CP-6++4.N.-8.10-1.11-7W7	Q16103
005.SCG*LB2.CP-9++8.N.19.1-1.5-2W15	Q5297
005.SCG*LB4.CP-5++3.N.-9.1-2.4-5W11	Q16104
005.SCG*LB2.CP-2++5.N.23.1-1.3-2W10	Q16105
005.SCG*LB2.CP-8++8.N.12.2-1.2-4W3	Q16106
005.SCG*LB2.CP-7++3.N.33.7-1.8-5W7	Q16107
005.SCG*LB3.CP--++5.N.14.10-7.12-1W5	Q16108
005.SCG*LB4.CP-3++7.N.10.1-2.4-2W3	Q16109
005.SCG*LB4.CP--++7.N.18.6-3.9-6W13	Q16110
005.SCG*LB3.CP-3++3.N.-4.10-1.11-5W2	Q16111
005.SCG*LB1.CP-9++8.N.-5.3-3.4-8W9	Q16112
005.SCG*LB4.CP-7++4.N.-7.1-1.6-4W25	Q16113
005.SCG*LB4.CP-1++3.N.-5.20-3.22-5W3	Q5177
005.SCG*LB4.CP-5++4.N.10.1-1.5-2W20	Q16114
005.SCG*LB3.CP-2++2.N.-5.11-1.16-5W27	Q16115
005.SCG*LB4.CP-7++7.N.-4.12-6.16-3W7	Q16116
005.SCG*LB1.CP-4++7.N.-6.1-2.3-2W12	Q16117
005.SCG*LB4.CP-3++4.N.14.24-3.27-2W6	Q11918
005.SCG*LB1.CP-2++1.N.-3.9-1.10-1W3	Q16118
005.SCG*LB4.CP-5++3.N.25.1-1.6-2W31	Q16119
005.SCG*LB3.CP-9++9.N.-3.18-2.23-4W12	Q16120
005.SCG*LB2.CP-5++8.N.-1.5-1.6-6W1	Q16121
005.SCG*LB3.CP-6++3.N.-6.1-1.6-4W23	Q16122
005.SCG*LB4.CP-1++9.N.10.1-1.5-4W8	Q16123
005.SCG*LB2.CP-9++7.N.--.1-1.3-1W6	Q16124
005.SCG*LB2.CP-4++4.N.-1.5-1.17-3W71	Q16125
005.SCG*LB1.CP-3++0.N.-3.17-2.19-2W10	Q16126
005.SCG*LB1.CP-1++3.N.33.6-6.8-6W7	Q16127
005.SCG*LB1.CP-5++3.N.-2.13-4.17-1W7	Q16128
005.SCG*LB1.CP-1++5.N.-6.6-1.8-2W9	Q16129
005.SCG*LB3.CP-8++5.N.13.1-1.5-1W1	Q16130
005.SCG*LB4.CP-7++6.N.-2.1-1.5-1W2	Q16131
005.SCG*LB1.CP-9++6.N.-3.1-2.6-1W7	Q16132
005.SCG*LB3.CP12++0.N.13.3-2.3-7W4	Q16133
005.SCG*LB3.CP-1++4.N.-2.14-1.14-6W3	Q16134
005.SCG*LB4.CP--++2.N.-3.6-6.7-4W2	Q16135
005.SCG*LB3.CP10++2.N.-6.1-2.5-2W25	Q16136
005.SCG*LB3.CP-7++5.N.-6.1-2.3-5W16	Q16137
005.SCG*LB4.CP-5++5.N.18.1-1.3-6W13	Q16138
005.SCG*LB4.CP-8++3.N.23.5-4.7-1W8	Q16139
005.SCG*LB3.CP-5++2.N.-6.10-5.14-1W21	Q16140
005.SCG*LB3.CP12++8.N.-1.8-5.10-1W10	Q16141
005.SCG*LB3.CP-9++4.N.-7.1-1.6-3W1	Q16142
005.SCG*LB4.CP-1++1.N.13.7-8.14-4W9	Q16143
005.SCG*LB3.CP-6++2.N.-7.10-5.14-5W10	Q16144
005.SCG*LB3.CP-4++8.N.16.1-1.3-1W7	Q16145
005.SCG*LB2.CP-8++9.N.-2.7-5.9-7W4	Q16146
005.SCG*LB4.CP-7++6.N.-1.17-6.21-6W9	Q16147
005.SCG*LB3.CP14++6.N.-8.1-1.2-1W4	Q16148
005.SCG*LB3.CP-9++0.N.-3.4-6.8-3W21	Q16149
005.SCG*LB2.CP-1++6.N.11.1-2.3-1W8	Q16150
005.SCG*LB4.CP-2++3.N.-7.14-4.19-3W33	Q16151
005.SCG*LB2.CP-6++5.N.10.1-1.3-2W13	Q13961
005.SCG*LB3.CP13++4.N.-7.8-1.10-3W18	Q16152
005.SCG*LB3.CP15++2.N.-4.7-3.9-4W12	Q16153
005.SCG*LB3.CP16++0.N.-2.1-2.4-5W15	Q16154
005.SCG*LB3.CP12++2.N.-6.17-1.22-5W25	Q16155
005.SCG*LB4.CP--++7.N.-5.8-2.12-1W27	Q14522
005.SCG*LB3.CP12++8.N.-7.20-5.22-4W14	Q16156
005.SCG*LB1.CP-6++7.N.11.9-4.10-1W2	Q16157
005.SCG*LB4.CP-9++3.N.-4.1-2.4-2W22	Q16158
005.SCG*LB2.CP-9++0.N.-2.11-4.14-4W19	Q16159
005.SCG*LB3.CP--++1.N.-6.15-1.19-2W25	Q15160
005.SCG*LB3.CP13++6.N.12.4-6.9-2W22	Q4204
005.SCG*LB4.CP-1++7.N.-6.6-5.7-2W5	Q12720
005.SCG*LB1.CP-2++6.N.-3.9-5.13-1W22	Q13985
005.SCG*LB1.CP-6++7.N.-6.12-7.15-2W13	Q5274
005.SCG*LB1.CP-1++2.N.-1.1-1.4-2W6	Q15999
005.SCG*LB1.CP-2++0.N.18.1-1.7-2W5	Q14915
005.SCG*LB2.CP-9++1.N.11.1-1.3-2W9	Q13575
005.SCG*LB3.CP15++8.N.-7.17-6.18-6W5	Q15694
005.SCG*LB4.CP--++8.N.-5.5-6.6-7W4	Q13098
005.SCG*LB2.CP-5++4.N.-4.3-1.4-8W1	Q6748
005.SCG*LB2.CP-9++5.N.-2.13-5.17-1W9	Q13084
005.SCG*LB1.CP-5++6.N.-8.7-1.7-7W7	Q14602
005.SCG*LB1.CP-3++0.N.-4.1-1.7-6W7	Q13224
005.SCG*LB4.CP-2++4.N.-2.34-7.36-7W4	Q13185
005.SCG*LB2.CP-9++8.N.19.1-1.5-2W15	Q5297
005.SCG*LB4.CP-1++3.N.-5.20-3.22-5W3	Q5177
005.SCG*LB4.CP-3++4.N.14.24-3.27-2W6	Q11918
005.SCG*LB2.CP-6++5.N.10.1-1.3-2W13	Q13961
005.SCG*LB4.CP--++7.N.-5.8-2.12-1W27	Q14522
005.SCG*LB4.CP-5++5.N.-8.1-1.4-6W1	Q16160
005.SCG*LB3.CP-6++5.N.-2.5-4.11-5W13	Q16161
005.SCG*LB3.CP-4++3.N.-8.6-3.11-5W13	Q16162
005.SCG*LB3.CP14++8.N.-4.2-4.3-4W4	Q16163
005.SCG*LB2.CP-3++1.N.-6.9-3.10-2W9	Q16164
005.SCG*LB4.CP-5++5.N.21.10-1.15-3W20	Q16165
005.SCG*LB4.CP--++2.N.-1.7-1.9-1W7	Q16166
005.SCG*LB3.CP11++8.N.-4.12-5.14-5W6	Q16167
005.SCG*LB1.CP-3++0.N.-3.7-6.12-5W27	Q16168
005.SCG*LB4.CP--++6.N.-1.21-1.24-1W11	Q16169
005.SCG*LB2.CP-3++9.N.-9.9-1.18-2W31	Q16170
005.SCG*LB3.CP-4++8.N.-2.1-2.3-5W4	Q16171
005.SCG*LB3.CP13++5.N.12.7-3.11-1W11	Q5478
005.SCG*LB3.CP-8++6.N.-8.21-5.25-7W8	Q16172
005.SCG*LB3.CP10++1.N.-1.4-1.5-2W10	Q16173
005.SCG*LB2.CP-8++3.N.31.1-2.5-1W19	Q16174
005.SCG*LB3.CP-6++8.N.-5.11-5.19-1W16	Q16175
005.SCG*LB2.CP-7++4.N.-2.4-3.7-5W10	Q16176
005.SCG*LB1.CP-4++7.N.-4.6-3.8-1W12	Q12688
005.SCG*LB1.CP-2++0.N.18.1-1.7-2W36	Q16177
005.SCG*LB4.CP-1++9.N.-9.1-1.3-5W3	Q16178
005.SCG*LB1.CP--++2.N.-1.14-3.17-4W19	Q16179
005.SCG*LB2.CP-8++3.N.19.5-4.10-1W15	Q16180
005.SCG*LB3.CP10++8.N.-7.11-2.14-5W21	Q16181
005.SCG*LB1.CP-2++0.N.11.5-5.8-4W7	Q16182
005.SCG*LB2.CP-8++9.N.-2.15-4.17-5W2	Q16183
005.SCG*LB4.CP-5++0.N.10.13-2.17-5W22	Q16184
005.SCG*LB4.CP-4++1.N.-2.11-2.14-1W6	Q16185
005.SCG*LB3.CP15++4.N.11.5-1.8-5W27	Q16186
005.SCG*LB4.CP-1++0.N.13.13-5.15-4W11	Q16187
005.SCG*LB1.CP-2++2.N.-4.8-1.9-7W5	Q16188
005.SCG*LB3.CP14++3.N.-1.1-1.3-1W9	Q16189
005.SCG*LB2.CP-7++3.N.16.1-2.6-3W19	Q16190
005.SCG*LB3.CP13++8.N.-6.10-1.14-4W1	Q16191
005.SCG*LB4.CP--++6.N.-1.17-3.20-7W23	Q16192
005.SCG*LB4.CP-4++6.N.-4.6-1.8-1W15	Q16193
005.SCG*LB2.CP-1++2.N.-3.3-3.5-4W16	Q16194
005.SCG*LB4.CP-7++0.N.-2.1-1.2-5W4	Q16195
005.SCG*LB4.CP-8++2.N.11.4-6.13-2W54	Q16196
005.SCG*LB1.CP-4++3.N.-3.1-1.3-1W2	Q16197
005.SCG*LB2.CP-7++1.N.-3.12-1.14-5W14	Q16198
005.SCG*LB4.CP-9++1.N.-4.9-3.14-4W35	Q16199
005.SCG*LB4.CP-9++7.N.-3.12-6.14-1W6	Q16200
005.SCG*LB2.CP-8++9.N.21.1-1.8-3W24	Q16201
005.SCG*LB1.CP-2++0.N.21.9-1.9-7W7	Q16202
005.SCG*LB3.CP-4++4.N.-5.5-1.7-2W1	Q16203
005.SCG*LB2.CP-8++0.N.-3.5-1.7-3W6	Q16204
005.SCG*LB2.CP-5++6.N.-4.4-6.5-6W8	Q16205
005.SCG*LB2.CP-7++4.N.16.1-1.3-4W12	Q16206
005.SCG*LB4.CP-2++9.N.-1.7-3.11-1W16	Q4576
005.SCG*LB4.CP-7++2.N.10.14-3.15-3W4	Q16207
005.SCG*LB4.CP-8++1.N.-7.10-1.12-5W20	Q16208
005.SCG*LB4.CP-3++5.N.-3.20-2.22-7W12	Q16209
005.SCG*LB3.CP10++9.N.-6.11-6.12-6W6	Q16210
005.SCG*LB3.CP-8++0.N.18.22-5.23-6W8	Q14582
005.SCG*LB3.CP16++2.N.-3.4-6.6-1W6	Q16211
005.SCG*LB4.CP-4++9.N.11.1-1.2-2W4	Q16212
005.SCG*LB4.CP-9++2.N.-3.9-7.12-4W14	Q16213
005.SCG*LB2.CP-8++3.N.15.7-4.8-4W5	Q16214
005.SCG*LB1.CP-6++7.N.11.6-2.7-4W5	Q16215
005.SCG*LB1.CP-1++0.N.-4.1-2.3-5W11	Q16216
005.SCG*LB2.CP-8++8.N.-7.11-1.12-2W9	Q16217
005.SCG*LB4.CP-5++7.N.-3.1-1.5-3W15	Q13205
005.SCG*LB3.CP-7++3.N.-4.1-2.3-3W4	Q16218
005.SCG*LB2.CP-4++6.N.-5.10-1.13-7W18	Q16219
005.SCG*LB2.CP-5++6.N.-6.22-5.23-6W4	Q16220
005.SCG*LB3.CP12++8.N.-6.20-3.25-5W5	Q16221
005.SCG*LB2.CP-5++7.N.-3.4-4.5-6W7	Q16222
005.SCG*LB2.CP-7++5.N.15.25-5.26-5W5	Q16223
005.SCG*LB4.CP-2++2.N.-3.7-1.13-2W14	Q16224
005.SCG*LB1.CP-3++0.N.-3.17-2.19-2W6	Q16225
005.SCG*LB2.CP-7++0.N.-5.5-2.11-1W27	Q16226
005.SCG*LB1.CP-1++3.N.35.4-7.9-2W6	Q16227
005.SCG*LB2.CP-3++7.N.-2.13-1.19-6W8	Q16228
005.SCG*LB3.CP10++4.N.12.1-1.3-5W4	Q16229
005.SCG*LB3.CP-3++0.N.-2.7-1.8-1W2	Q16230
005.SCG*LB3.CP14++0.N.-3.11-2.16-3W25	Q16231
005.SCG*LB1.CP-4++2.N.-3.1-2.3-1W2	Q16232
005.SCG*LB2.CP-7++8.N.-8.29-1.31-2W18	Q16233
005.SCG*LB4.CP-9++7.N.-3.40-6.43-2W4	Q16234
005.SCG*LB3.CP-4++2.N.-8.7-5.10-4W3	Q16235
005.SCG*LB1.CP-4++5.N.-4.3-3.8-1W6	Q16236
005.SCG*LB1.CP-7++1.N.12.8-3.10-1W2	Q16237
005.SCG*LB4.CP-7++6.N.-4.7-5.8-4W8	Q16238
005.SCG*LB3.CP-4++0.N.-4.19-2.21-2W15	Q16239
005.SCG*LB3.CP-7++4.N.--.1-1.2-5W5	Q16240
005.SCG*LB2.CP-2++1.N.-9.15-4.19-7W6	Q16241
005.SCG*LB3.CP-9++4.N.15.8-3.10-6W5	Q16242
005.SCG*LB3.CP15++8.N.-1.1-1.6-1W24	Q16243
005.SCG*LB3.CP-8++2.N.-6.12-5.16-2W6	Q16244
005.SCG*LB3.CP15++0.N.-1.1-1.8-1W21	Q16245
005.SCG*LB3.CP-7++1.N.-3.14-3.16-2W12	Q16246
005.SCG*LB1.CP-9++8.N.--.1-1.1-5W3	Q16247
005.SCG*LB4.CP-7++3.N.-5.1-1.5-2W28	Q16248
005.SCG*LB3.CP14++7.N.-2.10-6.13-1W3	Q16249
005.SCG*LB1.CP-7++0.N.-9.6-3.10-3W15	Q16250
005.SCG*LB4.CP-3++3.N.-2.5-3.7-2W6	Q16251
005.SCG*LB4.CP-2++4.N.11.8-2.10-2W6	Q16252
005.SCG*LB4.CP-9++5.N.-4.3-3.6-4W17	Q16253
005.SCG*LB3.CP12++3.N.-3.1-1.2-4W1	Q16254
005.SCG*LB1.CP-2++7.N.-3.2-6.3-4W3	Q16255
005.SCG*LB4.CP-1++6.N.-9.3-7.4-6W3	Q16256
005.SCG*LB2.CP-1++6.N.-7.12-3.13-4W6	Q16257
005.SCG*LB2.CP-8++9.N.-5.5-8.8-4W17	Q16258
005.SCG*LB4.CP-6++1.N.-3.6-4.8-1W4	Q16259
005.SCG*LB2.CP-1++2.N.-4.12-4.15-4W20	Q16260
005.SCG*LB2.CP-9++1.N.-6.11-7.16-4W26	Q16261
005.SCG*LB1.CP-4++7.N.-3.10-2.12-2W17	Q16262
005.SCG*LB3.CP-9++9.N.-9.20-4.23-4W20	Q16263
005.SCG*LB1.CP-9++1.N.-3.3-3.8-7W30	Q16264
005.SCG*LB2.CP-9++2.N.-6.21-4.25-1W20	Q16265
005.SCG*LB1.CP-6++1.N.-8.6-1.6-7W6	Q16266
005.SCG*LB4.CP-1++4.N.-3.10-3.14-4W28	Q16267
005.SCG*LB2.CP-2++5.N.-2.3-3.5-1W5	Q16268
005.SCG*LB3.CP-2++5.N.-9.11-4.12-3W4	Q16269
005.SCG*LB3.CP15++4.N.25.4-1.7-5W17	Q16270
005.SCG*LB2.CP-8++2.N.15.1-1.3-7W8	Q16271
005.SCG*LB3.CP--++7.N.-3.8-5.10-1W8	Q16272
005.SCG*LB1.CP10++0.N.-3.6-1.7-1W7	Q16273
005.SCG*LB3.CP15++8.N.-1.17-2.19-2W10	Q16274
005.SCG*LB4.CP-8++2.N.-9.5-5.7-5W11	Q16275
005.SCG*LB2.CP-2++3.N.-8.3-2.4-4W5	Q16276
005.SCG*LB4.CP-1++4.N.12.30-1.32-3W11	Q16277
005.SCG*LB2.CP-3++5.N.-3.1-1.4-1W16	Q16278
005.SCG*LB2.CP-8++6.N.-4.7-2.11-2W16	Q16279
005.SCG*LB1.CP-2++0.N.20.8-5.11-2W3	Q16280
005.SCG*LB3.CP14++6.N.-5.1-2.5-6W19	Q16281
005.SCG*LB4.CP-4++0.N.-8.11-1.11-7W7	Q16282
005.SCG*LB2.CP-2++1.N.-9.20-1.22-2W14	Q16283
005.SCG*LB3.CP--++7.N.-6.1-2.2-2W3	Q16284
005.SCG*LB4.CP--++4.N.13.5-8.10-4W26	Q16285
005.SCG*LB4.CP-1++7.N.17.1-2.2-4W7	Q16286
005.SCG*LB1.CP-3++2.N.-3.14-1.15-6W2	Q16287
005.SCG*LB4.CP-1++2.N.-3.3-1.7-5W19	Q16288
005.SCG*LB2.CP-3++6.N.-7.11-4.15-3W20	Q16289
005.SCG*LB1.CP-9++2.N.-6.10-3.11-2W6	Q16290
005.SCG*LB4.CP-5++4.N.-3.20-4.28-2W48	Q16291
005.SCG*LB3.CP-4++7.N.-6.12-3.19-5W23	Q16292
005.SCG*LB2.CP-6++2.N.-2.12-7.14-6W4	Q16293
005.SCG*LB4.CP--++4.N.-2.4-2.6-3W11	Q16294
005.SCG*LB4.CP-3++9.N.-3.1-1.4-1W14	Q16295
005.SCG*LB4.CP-5++1.N.-3.1-1.6-3W36	Q16296
005.SCG*LB3.CP10++0.N.-3.7-3.9-4W10	Q16297
005.SCG*LB4.CP-2++2.N.-5.11-1.14-1W2	Q16298
005.SCG*LB4.CP-7++9.N.10.7-2.9-4W16	Q16299
005.SCG*LB3.CP-9++7.N.-3.12-1.15-4W20	Q16300
005.SCG*LB4.CP-8++8.N.-3.1-1.2-5W9	Q16301
005.SCG*LB2.CP-3++8.N.10.6-5.7-6W10	Q16302
005.SCG*LB2.CP-9++8.N.11.8-3.12-3W20	Q16303
005.SCG*LB1.CP-5++7.N.-7.7-3.8-6W7	Q16304
005.SCG*LB4.CP-7++7.N.-7.14-3.15-3W4	Q16305
005.SCG*LB3.CP-1++1.N.-2.1-1.3-4W14	Q16306
005.SCG*LB4.CP-7++9.N.-7.1-2.4-2W2	Q16307
005.SCG*LB3.CP10++7.N.-8.7-2.8-2W6	Q16308
005.SCG*LB4.CP-4++1.N.-6.29-2.30-4W6	Q16309
005.SCG*LB1.CP-9++6.N.-7.3-1.5-3W17	Q16310
005.SCG*LB1.CP-8++2.N.12.1-1.2-5W5	Q16311
005.SCG*LB1.CP-8++9.N.-9.5-3.9-2W24	Q16312
005.SCG*LB1.CP-6++6.N.-5.6-4.10-2W10	Q16313
005.SCG*LB3.CP-5++9.N.-2.5-5.9-5W24	Q16314
005.SCG*LB3.CP--++8.N.-9.3-5.6-3W9	Q16315
005.SCG*LB2.CP-5++6.N.-9.3-1.4-1W4	Q16316
005.SCG*LB3.CP-7++1.N.-7.2-3.6-7W14	Q16317
005.SCG*LB4.CP-7++4.N.-3.1-1.4-2W9	Q16318
005.SCG*LB1.CP-7++5.N.-3.3-3.6-2W15	Q16319
005.SCG*LB3.CP-4++3.N.-3.18-5.22-1W1	Q16320
005.SCG*LB4.CP-5++2.N.-4.9-3.11-2W4	Q16321
005.SCG*LB4.CP-5++9.N.-6.9-4.11-5W5	Q16322
005.SCG*LB2.CP-9++9.N.-6.1-1.4-3W14	Q16323
005.SCG*LB2.CP--++6.N.-7.9-5.17-1W9	Q16324
005.SCG*LB4.CP--++4.N.11.5-3.8-4W7	Q16325
005.SCG*LB1.CP-6++3.N.-5.4-5.5-6W5	Q16326
005.SCG*LB4.CP-2++1.N.-2.23-1.29-1W9	Q16327
005.SCG*LB3.CP-7++1.N.11.9-1.13-5W5	Q16328
005.SCG*LB2.CP-8++3.N.31.50-3.52-2W3	Q16329
005.SCG*LB4.CP-2++1.N.-2.9-5.14-2W26	Q16330
005.SCG*LB3.CP13++2.N.-8.8-4.10-1W1	Q16331
005.SCG*LB2.CP-8++3.N.25.41-3.44-2W3	Q12558
005.SCG*LB3.CP-7++6.N.-1.20-1.21-5W10	Q16332
005.SCG*LB3.CP-2++1.N.-4.8-2.11-5W8	Q16333
005.SCG*LB1.CP-2++0.N.25.1-1.3-3W5	Q16334
005.SCG*LB2.CP-3++9.N.-6.15-4.16-3W2	Q16335
005.SCG*LB2.CP-5++2.N.-2.22-6.23-7W6	Q16336
005.SCG*LB4.CP-8++0.N.-6.7-1.9-3W4	Q16337
005.SCG*LB3.CP-3++1.N.-2.3-2.5-1W8	Q15792
005.SCG*LB1.CP-2++8.N.-9.22-1.26-2W21	Q16338
005.SCG*LB2.CP-3++2.N.-6.28-2.30-1W9	Q16339
005.SCG*LB2.CP-2++7.N.-2.4-4.6-6W15	Q16340
005.SCG*LB4.CP--++8.N.-4.23-2.23-4W1	Q16341
005.SCG*LB3.CP15++2.N.-6.3-6.3-9W4	Q16342
005.SCG*LB1.CP-9++4.N.-1.1-1.3-1W8	Q16343
005.SCG*LB3.CP-9++2.N.-5.17-1.21-6W3	Q16344
005.SCG*LB4.CP-3++5.N.11.16-5.20-1W22	Q16345
005.SCG*LB3.CP-8++6.N.-8.6-7.10-3W16	Q16346
005.SCG*LB2.CP-7++6.N.-1.1-1.5-2W5	Q16347
005.SCG*LB3.CP10++7.N.-3.6-4.8-4W5	Q16348
005.SCG*LB2.CP-2++1.N.-8.1-2.4-3W9	Q16349
005.SCG*LB4.CP-5++5.N.10.12-1.12-5W5	Q16350
005.SCG*LB4.CP-7++2.N.10.1-1.4-2W20	Q16351
005.SCG*LB1.CP10++2.N.-4.8-6.10-4W10	Q16352
005.SCG*LB2.CP-9++1.N.--.1-1.3-1W2	Q16353
005.SCG*LB1.CP-5++6.N.-4.1-2.4-3W16	Q16354
005.SCG*LB4.CP-8++9.N.-5.8-2.12-1W4	Q12980
005.SCG*LB2.CP-2++0.N.-3.3-5.10-6W43	Q16355
005.SCG*LB2.CP-9++2.N.-6.17-4.19-1W6	Q16356
005.SCG*LB4.CP-1++1.N.-3.1-1.6-4W31	Q16357
005.SCG*LB3.CP13++8.N.-5.16-5.18-7W6	Q16358
005.SCG*LB2.CP-3++9.N.-5.1-2.2-4W5	Q16359
005.SCG*LB4.CP-3++4.N.18.3-4.4-2W1	Q16360
005.SCG*LB3.CP13++8.N.-2.17-1.21-1W23	Q16361
005.SCG*LB2.CP-7++3.N.37.1-2.2-7W8	Q16362
005.SCG*LB1.CP-2++8.N.-7.6-1.9-3W9	Q16363
005.SCG*LB1.CP-2++1.N.-3.1-2.3-4W4	Q16364
005.SCG*LB1.CP-9++8.N.-3.1-2.3-3W8	Q16365
005.SCG*LB2.CP-2++1.N.-9.13-4.15-3W12	Q16366
005.SCG*LB4.CP-6++3.N.11.1-1.3-5W15	Q16367
005.SCG*LB1.CP10++0.N.-7.6-3.7-6W3	Q16368
005.SCG*LB2.CP-9++5.N.-3.3-6.9-1W30	Q16369
005.SCG*LB1.CP-7++5.N.-3.1-2.3-2W9	Q16370
005.SCG*LB2.CP-1++5.N.-4.15-2.16-2W5	Q16371
005.SCG*LB3.CP-2++0.N.-3.10-1.11-1W6	Q16372
005.SCG*LB2.CP-7++8.N.11.1-3.2-6W10	Q16373
005.SCG*LB2.CP-1++5.N.-2.14-4.21-6W2	Q16374
005.SCG*LB4.CP-3++7.N.-5.6-1.8-5W6	Q16375
005.SCG*LB3.CP--++1.N.-3.1-1.3-6W6	Q16376
005.SCG*LB3.CP-2++3.N.-9.21-4.28-3W22	Q16377
005.SCG*LB2.CP-7++3.N.23.1-2.2-1W2	Q16378
005.SCG*LB2.CP-8++9.N.15.20-1.26-1W26	Q16379
005.SCG*LB2.CP-9++2.N.-6.21-4.25-1W22	Q16380
005.SCG*LB2.CP-2++1.N.-7.17-4.21-4W21	Q16381
005.SCG*LB3.CP-4++4.N.-5.1-1.4-5W20	Q16382
005.SCG*LB2.CP-6++0.N.11.14-1.18-3W7	Q16383
005.SCG*LB3.CP14++7.N.-9.1-1.4-2W15	Q16384
005.SCG*LB4.CP-2++4.N.-3.10-1.14-4W14	Q14892
005.SCG*LB2.CP-9++1.N.-4.11-1.13-5W7	Q16385
005.SCG*LB4.CP--++7.N.20.4-1.5-9W4	Q15395
005.SCG*LB2.CP-7++3.N.30.9-1.13-7W26	Q16386
005.SCG*LB1.CP-2++0.N.11.8-5.10-1W4	Q16387
005.SCG*LB3.CP-9++5.N.20.6-3.10-1W23	Q16388
005.SCG*LB3.CP13++4.N.-4.4-3.5-6W1	Q16389
005.SCG*LB4.CP--++2.N.-4.7-1.8-5W11	Q16390
005.SCG*LB4.CP-5++7.N.-3.5-4.8-1W14	Q16391
005.SCG*LB4.CP-5++0.N.-6.1-2.5-3W17	Q16392
005.SCG*LB1.CP-5++5.N.-4.10-5.13-1W10	Q16393
005.SCG*LB3.CP-9++4.N.12.1-1.4-1W13	Q16394
005.SCG*LB1.CP--++5.N.-1.5-4.8-2W11	Q16395
005.SCG*LB1.CP-1++0.N.-5.1-2.2-4W4	Q16396
005.SCG*LB3.CP-1++7.N.-7.24-3.25-4W3	Q16397
005.SCG*LB1.CP-8++3.N.-5.7-7.12-6W42	Q16398
005.SCG*LB4.CP--++2.N.-2.12-2.12-5W1	Q14643
005.SCG*LB3.CP15++6.N.-6.5-5.7-7W8	Q16399
005.SCG*LB4.CP-1++3.N.10.16-2.18-8W1	Q16400
005.SCG*LB1.CP-1++2.N.-7.1-1.3-2W18	Q16401
005.SCG*LB3.CP10++9.N.-7.9-3.13-4W27	Q16402
005.SCG*LB1.CP-3++8.N.-3.3-1.7-1W19	Q16403
005.SCG*LB4.CP-5++4.N.-6.4-2.8-1W27	Q16404
005.SCG*LB4.CP-2++9.N.-4.11-3.13-2W15	Q16405
005.SCG*LB2.CP-7++3.N.-2.6-5.7-5W2	Q16406
005.SCG*LB3.CP--++2.N.-3.4-1.6-1W4	Q16407
005.SCG*LB2.CP-9++1.N.-7.10-5.12-3W9	Q16408
005.SCG*LB3.CP11++2.N.-7.9-1.10-6W13	Q16409
005.SCG*LB2.CP-6++8.N.-6.13-1.19-5W1	Q16410
005.SCG*LB1.CP-2++0.N.12.1-1.3-3W4	Q16411
005.SCG*LB3.CP-4++8.N.-2.1-2.3-5W13	Q16412
005.SCG*LB3.CP13++6.N.12.1-1.4-5W23	Q16413
005.SCG*LB3.CP15++5.N.-6.1-2.4-3W17	Q16414
005.SCG*LB1.CP-6++2.N.-4.3-1.4-5W4	Q16415
005.SCG*LB3.CP-1++4.N.-2.6-2.7-4W4	Q16416
005.SCG*LB3.CP-2++3.N.-9.6-4.10-6W16	Q16417
005.SCG*LB3.CP--++5.N.15.4-4.7-1W4	Q16418
005.SCG*LB4.CP-1++4.N.12.33-5.35-7W17	Q16419
005.SCG*LB1.CP-7++2.N.-2.7-1.8-5W12	Q16420
005.SCG*LB3.CP-4++2.N.-3.10-1.15-1W29	Q16421
005.SCG*LB4.CP--++8.N.-8.26-1.29-1W12	Q16422
005.SCG*LB1.CP-1++5.N.-2.3-1.4-1W3	Q16423
005.SCG*LB2.CP-4++5.N.-3.13-4.15-7W10	Q16424
005.SCG*LB3.CP-8++5.N.20.7-1.11-6W17	Q16425
005.SCG*LB2.CP-5++5.N.-9.9-4.12-2W10	Q16426
005.SCG*LB1.CP--++2.N.-3.6-2.10-6W14	Q16427
005.SCG*LB4.CP-4++2.N.-3.7-3.12-5W7	Q16428
005.SCG*LB3.CP13++2.N.23.6-3.8-6W12	Q16429
005.SCG*LB1.CP-8++2.N.-5.1-2.7-7W34	Q16430
005.SCG*LB3.CP-2++2.N.-6.14-4.20-2W21	Q16431
005.SCG*LB1.CP-6++8.N.-8.1-1.5-3W14	Q16432
005.SCG*LB3.CP-4++8.N.11.8-2.10-2W4	Q16433
005.SCG*LB3.CP14++9.N.-4.1-2.3-2W11	Q16434
005.SCG*LB2.CP-6++3.N.-6.4-1.10-1W33	Q16435
005.SCG*LB3.CP13++2.N.19.5-1.7-3W11	Q16436
005.SCG*LB2.CP-8++0.N.-8.28-1.30-2W4	Q16437
005.SCG*LB4.CP--++8.N.-2.1-1.6-4W41	Q16438
005.SCG*LB3.CP15++4.N.22.4-3.6-3W4	Q16439
005.SCG*LB3.CP13++5.N.23.32-4.35-3W3	Q16440
005.SCG*LB1.CP-8++4.N.-5.5-1.6-7W3	Q16441
005.SCG*LB2.CP-2++6.N.-6.1-2.3-4W14	Q16442
005.SCG*LB4.CP-8++3.N.-4.30-1.32-3W11	Q16443
005.SCG*LB2.CP-4++1.N.10.2-6.3-7W3	Q16444
005.SCG*LB2.CP-9++3.N.-6.5-3.11-2W30	Q16445
005.SCG*LB3.CP14++5.N.-2.1-2.4-1W2	Q16446
005.SCG*LB3.CP-6++4.N.11.8-1.11-2W20	Q16447
005.SCG*LB3.CP-9++2.N.10.14-2.18-6W6	Q16448
005.SCG*LB3.CP-5++5.N.-4.3-6.5-5W7	Q16449
005.SCG*LB1.CP-4++2.N.-1.1-1.2-6W3	Q16450
005.SCG*LB4.CP--++6.N.15.1-1.4-4W13	Q16451
005.SCG*LB2.CP-4++7.N.-2.6-6.9-4W9	Q14928
005.SCG*LB4.CP-6++2.N.-4.26-8.30-1W1	Q16452
005.SCG*LB3.CP--++2.N.-9.13-5.15-3W13	Q16453
005.SCG*LB1.CP-4++5.N.-7.1-1.5-3W5	Q16454
005.SCG*LB3.CP-5++0.N.-5.9-6.16-1W5	Q16455
005.SCG*LB2.CP-5++6.N.11.1-2.2-6W10	Q16456
005.SCG*LB4.CP-1++8.N.-2.7-1.8-5W3	Q16457
005.SCG*LB3.CP13++6.N.13.18-3.22-1W17	Q16458
005.SCG*LB2.CP-2++8.N.16.8-1.10-4W10	Q16459
005.SCG*LB3.CP--++1.N.-7.1-1.8-7W11	Q16460
005.SCG*LB3.CP-2++7.N.10.5-3.11-3W14	Q16461
005.SCG*LB3.CP13++6.N.12.14-1.15-2W1	Q16462
005.SCG*LB3.CP12++4.N.-5.3-4.6-3W4	Q16463
005.SCG*LB4.CP-2++4.N.10.24-7.27-2W9	Q16464
005.SCG*LB1.CP-7++5.N.-4.8-3.11-1W17	Q16465
005.SCG*LB2.CP-4++5.N.-4.4-7.10-2W28	Q16466
005.SCG*LB3.CP12++2.N.-9.1-1.10-1W62	Q16467
005.SCG*LB4.CP-7++4.N.-3.4-3.5-4W1	Q16468
005.SCG*LB2.CP-6++0.N.22.3-3.5-1W11	Q16469
005.SCG*LB4.CP-1++1.N.-6.3-4.7-6W13	Q16470
005.SCG*LB2.CP-7++4.N.-6.14-6.18-1W18	Q16471
005.SCG*LB1.CP-7++5.N.-6.10-5.14-2W28	Q16472
005.SCG*LB4.CP-2++2.N.-3.14-1.15-3W1	Q16473
005.SCG*LB4.CP-8++1.N.12.3-1.6-2W18	Q16474
005.SCG*LB1.CP-1++3.N.22.1-1.2-1W8	Q16475
005.SCG*LB2.CP-8++6.N.-1.1-1.3-6W5	Q16476
005.SCG*LB3.CP-5++0.N.-2.13-6.16-5W6	Q16477
005.SCG*LB4.CP-9++2.N.-3.1-2.5-3W1	Q16478
005.SCG*LB1.CP--++9.N.-6.1-1.7-2W9	Q16479
005.SCG*LB4.CP-3++5.N.11.5-5.8-2W10	Q16480
005.SCG*LB4.CP-3++8.N.-1.1-1.6-3W13	Q16481
005.SCG*LB4.CP-2++0.N.-5.5-3.5-7W5	Q15152
005.SCG*LB1.CP-6++9.N.11.3-1.4-5W4	Q16482
005.SCG*LB3.CP-1++7.N.-9.13-3.14-3W1	Q16483
005.SCG*LB4.CP-4++9.N.-7.7-5.10-6W23	Q16484
005.SCG*LB3.CP-1++7.N.-2.1-1.4-3W17	Q16485
005.SCG*LB2.CP-3++7.N.-2.5-2.8-3W21	Q16486
005.SCG*LB1.CP-7++2.N.-9.15-5.18-5W5	Q16487
005.SCG*LB4.CP-8++4.N.-3.10-5.12-5W15	Q16488
005.SCG*LB4.CP-3++4.N.23.1-2.2-6W9	Q16489
005.SCG*LB2.CP-8++0.N.13.35-2.38-2W5	Q16490
005.SCG*LB1.CP10++1.N.-5.6-1.7-7W5	Q16491
005.SCG*LB2.CP10++1.N.-1.1-1.7-3W23	Q16492
005.SCG*LB4.CP-8++0.N.-6.1-2.4-4W20	Q16493
005.SCG*LB2.CP-9++3.N.-2.7-1.8-5W4	Q16494
005.SCG*LB4.CP-9++0.N.-5.5-2.8-1W17	Q16495
005.SCG*LB1.CP-9++6.N.-5.7-3.8-8W7	Q16496
005.SCG*LB1.CP-2++3.N.-2.4-2.5-3W3	Q16497
005.SCG*LB4.CP--++8.N.-5.59-7.64-4W27	Q16498
005.SCG*LB3.CP-8++7.N.-5.7-1.9-9W12	Q16499
005.SCG*LB1.CP-4++3.N.-7.3-2.6-5W8	Q16500
005.SCG*LB1.CP-1++3.N.16.1-1.4-4W8	Q16501
005.SCG*LB2.CP-2++3.N.-3.3-3.9-2W12	Q16502
005.SCG*LB2.CP-2++4.N.-4.18-7.19-8W11	Q16503
005.SCG*LB1.CP-9++6.N.-2.4-4.7-5W13	Q16504
005.SCG*LB4.CP-7++3.N.-9.1-1.6-3W8	Q16505
005.SCG*LB4.CP-4++3.N.-2.15-1.18-2W22	Q16506
005.SCG*LB3.CP14++5.N.-3.6-3.9-1W11	Q16507
005.SCG*LB3.CP11++1.N.-1.35-4.38-1W9	Q16508
005.SCG*LB3.CP-4++3.N.-6.1-2.8-2W32	Q16509
005.SCG*LB1.CP-4++7.N.-2.9-3.12-6W14	Q16510
005.SCG*LB4.CP-8++3.N.-3.15-3.16-1W2	Q16511
005.SCG*LB1.CP-7++0.N.-2.8-3.11-2W21	Q16512
005.SCG*LB3.CP--++5.N.-6.1-1.5-1W13	Q16513
005.SCG*LB1.CP-5++9.N.-2.18-6.20-3W3	Q16514
005.SCG*LB2.CP-3++3.N.-4.1-2.5-3W23	Q16515
005.SCG*LB2.CP10++1.N.-2.22-1.23-4W1	Q16516
005.SCG*LB1.CP-5++7.N.-7.1-2.3-6W11	Q16517
005.SCG*LB1.CP-6++5.N.-3.21-6.24-7W5	Q16518
005.SCG*LB4.CP-8++6.N.-1.6-3.9-1W9	Q16519
005.SCG*LB3.CP--++5.N.14.8-1.10-6W15	Q16520
005.SCG*LB1.CP-1++3.N.-3.5-1.6-1W5	Q16521
005.SCG*LB3.CP-9++7.N.13.9-1.13-3W1	Q16522
005.SCG*LB3.CP-6++4.N.-8.10-1.11-7W6	Q16523
005.SCG*LB1.CP-1++3.N.34.2-4.4-5W9	Q16524
005.SCG*LB4.CP-3++0.N.-8.4-2.5-4W10	Q14233
005.SCG*LB3.CP13++0.N.-3.5-2.9-5W5	Q16525
005.SCG*LB1.CP-1++1.N.-3.7-1.10-3W26	Q16526
005.SCG*LB1.CP-1++6.N.-4.7-7.8-6W7	Q16527
005.SCG*LB4.CP-3++4.N.14.18-6.21-3W18	Q16528
005.SCG*LB2.CP-6++9.N.-2.2-3.5-1W6	Q16529
005.SCG*LB4.CP-8++2.N.-5.3-6.9-2W11	Q16530
005.SCG*LB2.CP-8++7.N.-3.8-3.10-8W26	Q16531
005.SCG*LB4.CP--++1.N.11.12-1.16-4W16	Q16532
005.SCG*LB3.CP-7++1.N.-9.1-1.1-5W3	Q15766
005.SCG*LB2.CP-1++1.N.--.1-1.2-3W4	Q14301
005.SCG*LB1.CP-1++2.N.-3.1-1.6-5W20	Q16533
005.SCG*LB3.CP-7++1.N.-3.17-3.19-4W12	Q16534
005.SCG*LB2.CP-5++4.N.-5.3-1.8-2W12	Q16535
005.SCG*LB2.CP-1++6.N.-7.1-2.3-1W11	Q16536
005.SCG*LB4.CP-1++3.N.11.40-1.42-2W8	Q16537
005.SCG*LB1.CP-1++3.N.12.10-4.11-3W7	Q16538
005.SCG*LB2.CP-4++9.N.-4.3-4.8-2W15	Q16539
005.SCG*LB4.CP-3++8.N.-6.2-3.5-5W20	Q15482
005.SCG*LB1.CP-2++2.N.-4.6-6.7-7W8	Q16540
005.SCG*LB3.CP-4++3.N.-2.10-5.14-2W22	Q16541
005.SCG*LB4.CP-8++0.N.-6.7-1.9-3W13	Q16542
005.SCG*LB1.CP-2++0.N.26.4-1.7-1W19	Q16543
005.SCG*LB3.CP15++9.N.-1.7-5.11-5W3	Q16544
005.SCG*LB2.CP-4++2.N.-1.1-1.6-5W24	Q16545
005.SCG*LB3.CP-6++7.N.-1.3-2.5-3W8	Q16546
005.SCG*LB2.CP-4++4.N.11.1-2.5-2W5	Q16547
005.SCG*LB1.CP-8++3.N.-1.1-1.4-2W4	Q16548
005.SCG*LB4.CP-7++4.N.-7.6-5.12-1W29	Q16549
005.SCG*LB4.CP--++5.N.13.1-1.5-2W19	Q16550
005.SCG*LB4.CP-3++4.N.-3.14-3.16-5W5	Q12870
005.SCG*LB3.CP-4++8.N.-9.1-1.7-3W30	Q16551
005.SCG*LB4.CP--++3.N.-1.8-1.14-3W32	Q16552
005.SCG*LB1.CP-5++7.N.-7.1-2.3-6W5	Q16553
005.SCG*LB3.CP14++3.N.-5.1-2.5-7W11	Q16554
005.SCG*LB3.CP-8++0.N.-1.1-1.6-4W9	Q16555
005.SCG*LB2.CP-8++3.N.-6.14-1.20-5W3	Q16556
005.SCG*LB4.CP-2++9.N.-2.11-2.17-1W23	Q16557
005.SCG*LB3.CP-8++6.N.11.7-1.10-4W17	Q16558
005.SCG*LB1.CP-7++2.N.-3.5-5.8-4W16	Q16559
005.SCG*LB2.CP10++0.N.-4.1-2.4-1W15	Q16560
005.SCG*LB1.CP-1++5.N.-3.1-2.3-7W6	Q16561
005.SCG*LB4.CP--++5.N.11.22-5.23-6W1	Q16562
005.SCG*LB2.CP-7++4.N.15.3-6.6-2W6	Q16563
005.SCG*LB3.CP-4++1.N.-2.13-3.18-3W16	Q16564
005.SCG*LB2.CP-9++8.N.13.27-5.30-2W5	Q16565
005.SCG*LB3.CP13++5.N.11.16-1.23-6W21	Q16566
005.SCG*LB3.CP-9++4.N.-2.12-2.14-2W12	Q16567
005.SCG*LB4.CP-1++6.N.-4.1-2.2-5W3	Q16568
005.SCG*LB3.CP-9++1.N.-5.4-2.6-3W11	Q16569
005.SCG*LB4.CP-4++9.N.-9.6-5.11-5W5	Q16570
005.SCG*LB3.CP-9++3.N.-3.1-1.3-5W17	Q16571
005.SCG*LB4.CP-4++5.N.-7.18-4.24-1W34	Q16572
005.SCG*LB3.CP-1++5.N.-3.4-6.7-1W15	Q16573
005.SCG*LB4.CP-6++1.N.-3.8-2.13-5W8	Q16574
005.SCG*LB1.CP-4++2.N.-9.44-1.46-6W5	Q16575
005.SCG*LB3.CP12++0.N.-8.7-5.10-4W21	Q16576
005.SCG*LB1.CP-7++4.N.--.1-1.2-4W3	Q16577
005.SCG*LB3.CP-7++8.N.-1.11-1.13-1W5	Q16578
005.SCG*LB2.CP--++3.N.-3.7-5.10-3W17	Q16579
005.SCG*LB4.CP-3++9.N.-2.1-1.2-5W3	Q16580
005.SCG*LB3.CP13++6.N.-7.5-4.6-3W3	Q16581
005.SCG*LB4.CP-7++0.N.10.9-1.11-3W3	Q13809
005.SCG*LB3.CP12++9.N.-7.12-6.13-6W6	Q16582
005.SCG*LB2.CP-7++9.N.14.1-1.5-5W10	Q16583
005.SCG*LB3.CP-4++5.N.-7.10-1.14-2W6	Q16584
005.SCG*LB4.CP-5++5.N.19.27-6.30-3W7	Q16585
005.SCG*LB4.CP--++1.N.11.24-6.25-4W3	Q16586
005.SCG*LB3.CP-5++4.N.11.10-4.13-2W19	Q16587
005.SCG*LB4.CP-1++7.N.-3.5-5.8-1W4	Q16588
005.SCG*LB3.CP10++9.N.-6.4-5.9-4W6	Q16589
005.SCG*LB3.CP-8++5.N.-3.3-3.8-6W18	Q16590
005.SCG*LB4.CP-4++5.N.-4.1-1.4-4W21	Q16591
005.SCG*LB3.CP-9++5.N.-2.6-1.12-5W45	Q16592
005.SCG*LB4.CP--++6.N.-1.7-2.11-3W9	Q16593
005.SCG*LB3.CP-1++1.N.-6.1-1.6-6W32	Q16594
005.SCG*LB4.CP-5++2.N.17.1-1.4-4W11	Q16595
005.SCG*LB3.CP15++4.N.11.30-1.33-6W6	Q16596
005.SCG*LB2.CP-3++3.N.-8.11-1.15-3W16	Q16597
005.SCG*LB3.CP-4++3.N.-4.6-1.9-1W14	Q16598
005.SCG*LB4.CP-8++6.N.-5.13-2.18-2W20	Q16599
005.SCG*LB4.CP-5++8.N.-6.5-3.9-5W21	Q16600
005.SCG*LB3.CP-9++2.N.-9.10-1.12-5W22	Q16601
005.SCG*LB4.CP-3++4.N.16.2-2.3-2W1	Q16602
005.SCG*LB4.CP-2++9.N.-5.5-2.8-1W21	Q16603
005.SCG*LB4.CP-3++5.N.13.8-6.9-3W2	Q16604
005.SCG*LB4.CP-2++9.N.12.7-6.8-6W5	Q16605
005.SCG*LB2.CP-6++0.N.22.1-2.3-2W9	Q12952
005.SCG*LB3.CP-1++7.N.-3.7-2.9-4W19	Q16606
005.SCG*LB1.CP-1++3.N.-7.16-2.18-1W5	Q16607
005.SCG*LB3.CP-9++9.N.-2.25-1.27-2W15	Q16608
005.SCG*LB3.CP15++8.N.-5.1-1.5-6W4	Q16609
005.SCG*LB2.CP-5++7.N.-6.13-1.17-6W32	Q16610
005.SCG*LB4.CP-2++9.N.-3.5-5.8-4W16	Q12615
005.SCG*LB3.CP-4++4.N.-2.8-6.11-4W3	Q16611
005.SCG*LB1.CP-6++9.N.-4.11-7.12-4W1	Q16612
005.SCG*LB4.CP-7++6.N.-8.4-1.6-3W8	Q16613
005.SCG*LB3.CP-5++9.N.-6.1-1.4-5W4	Q16614
005.SCG*LB2.CP-6++8.N.-2.5-3.10-3W41	Q14062
005.SCG*LB2.CP-8++6.N.-3.24-2.28-1W3	Q16615
005.SCG*LB1.CP-2++0.N.13.8-4.13-6W7	Q16616
005.SCG*LB4.CP--++8.N.-8.35-1.36-2W3	Q16617
005.SCG*LB4.CP-7++0.N.-4.4-4.5-1W3	Q16618
005.SCG*LB3.CP-4++8.N.-5.2-5.3-2W4	Q16619
005.SCG*LB3.CP13++8.N.-4.8-1.10-1W17	Q16620
005.SCG*LB2.CP-9++8.N.-1.1-1.9-3W44	Q16621
005.SCG*LB4.CP--++8.N.-3.38-1.38-6W7	Q16622
005.SCG*LB3.CP-8++4.N.10.11-1.13-3W4	Q16623
005.SCG*LB3.CP10++9.N.-7.5-2.9-2W10	Q16624
005.SCG*LB1.CP-4++1.N.-5.1-2.3-3W11	Q16625
005.SCG*LB2.CP-3++0.N.10.1-1.7-3W8	Q16626
005.SCG*LB3.CP13++2.N.26.5-1.10-3W35	Q16627
005.SCG*LB4.CP-9++0.N.-9.1-1.5-5W3	Q16628
005.SCG*LB3.CP-8++0.N.-3.10-3.11-4W4	Q13798
005.SCG*LB3.CP-3++3.N.-4.10-1.11-5W12	Q16629
005.SCG*LB1.CP-9++1.N.-4.10-3.11-5W8	Q16630
005.SCG*LB1.CP-5++6.N.-4.6-7.8-2W13	Q16631
005.SCG*LB3.CP-2++6.N.10.5-4.8-3W9	Q16632
005.SCG*LB2.CP-8++8.N.-4.9-5.11-2W10	Q16633
005.SCG*LB3.CP11++8.N.-4.15-1.15-5W3	Q16634
005.SCG*LB3.CP-8++0.N.17.20-3.21-5W8	Q16635
005.SCG*LB2.CP-1++5.N.-4.1-2.3-6W14	Q16636
005.SCG*LB4.CP-8++1.N.11.16-3.17-6W6	Q16637
005.SCG*LB4.CP-3++3.N.-4.12-1.14-4W6	Q16638
005.SCG*LB1.CP--++1.N.-3.8-1.11-1W7	Q16639
005.SCG*LB1.CP-6++2.N.-4.4-6.7-4W16	Q16640
005.SCG*LB4.CP-1++1.N.-6.3-4.7-6W10	Q16641
005.SCG*LB2.CP-2++2.N.-3.16-4.17-2W6	Q16642
005.SCG*LB2.CP-5++8.N.-4.12-1.17-4W7	Q16643
005.SCG*LB2.CP-2++5.N.20.3-4.6-1W8	Q16644
005.SCG*LB1.CP--++4.N.-7.2-1.4-1W15	Q16645
005.SCG*LB2.CP-6++9.N.-7.1-1.4-6W4	Q16646
005.SCG*LB1.CP-9++9.N.-2.4-6.6-8W16	Q16647
005.SCG*LB3.CP-7++1.N.-3.24-6.26-7W9	Q16648
005.SCG*LB3.CP15++4.N.14.39-5.41-5W3	Q528
005.SCG*LB3.CP10++8.N.-3.5-6.9-2W6	Q16649
005.SCG*LB4.CP-8++3.N.-3.16-2.17-5W8	Q16650
005.SCG*LB3.CP-5++0.N.-4.14-1.16-3W16	Q16651
005.SCG*LB3.CP13++6.N.14.1-1.4-1W11	Q16652
005.SCG*LB1.CP-1++5.N.-4.7-1.7-4W4	Q16653
005.SCG*LB1.CP-6++7.N.-2.8-2.9-6W13	Q16654
005.SCG*LB4.CP-9++1.N.-7.2-6.4-7W12	Q16655
005.SCG*LB4.CP-1++5.N.-1.11-2.12-1W1	Q12794
005.SCG*LB2.CP-9++8.N.15.5-3.7-6W8	Q16656
005.SCG*LB3.CP-4++0.N.-4.22-7.26-3W7	Q16657
005.SCG*LB3.CP10++7.N.-5.7-5.9-6W1	Q16658
005.SCG*LB2.CP-3++0.N.14.30-1.34-5W30	Q16659
005.SCG*LB2.CP-1++1.N.-7.1-1.2-2W8	Q14291
005.SCG*LB1.CP-7++9.N.-8.5-4.8-1W10	Q16660
005.SCG*LB3.CP-2++3.N.-4.6-3.9-4W23	Q16661
005.SCG*LB3.CP-4++9.N.11.1-2.3-3W10	Q16662
005.SCG*LB3.CP13++6.N.10.5-3.6-5W10	Q16663
005.SCG*LB2.CP-2++8.N.-9.1-2.3-1W12	Q16664
005.SCG*LB3.CP10++2.N.-6.5-3.9-2W12	Q16665
005.SCG*LB2.CP-3++8.N.-6.1-2.4-3W1	Q16666
005.SCG*LB3.CP10++3.N.-1.4-6.9-3W2	Q16667
005.SCG*LB3.CP15++2.N.-2.1-1.4-1W19	Q16668
005.SCG*LB4.CP-3++4.N.12.1-2.2-1W2	Q15276
005.SCG*LB1.CP-6++9.N.-6.6-2.9-3W22	Q16669
005.SCG*LB4.CP-4++0.N.-4.5-1.9-2W6	Q16670
005.SCG*LB4.CP-8++9.N.-5.8-2.12-1W13	Q16671
005.SCG*LB2.CP-3++5.N.-3.6-2.11-7W28	Q16672
005.SCG*LB1.CP-7++1.N.14.10-5.13-1W3	Q16673
005.SCG*LB2.CP-4++1.N.10.13-1.15-6W6	Q16674
005.SCG*LB3.CP-7++7.N.-2.3-4.7-4W24	Q16675
005.SCG*LB3.CP15++0.N.-2.3-2.4-5W11	Q16676
005.SCG*LB2.CP-6++0.N.21.7-2.8-5W5	Q16677
005.SCG*LB4.CP-2++1.N.-4.1-1.2-6W12	Q16678
005.SCG*LB2.CP-7++3.N.-6.15-1.17-6W17	Q13490
005.SCG*LB3.CP10++9.N.-3.1-1.4-5W7	Q16679
005.SCG*LB3.CP-9++7.N.-7.1-1.3-6W3	Q16680
005.SCG*LB2.CP-5++7.N.-8.2-1.4-3W11	Q16681
005.SCG*LB3.CP-2++6.N.-1.1-1.11-4W59	Q16682
005.SCG*LB3.CP-7++1.N.-6.10-5.13-2W20	Q16683
005.SCG*LB4.CP-5++3.N.13.8-3.10-1W3	Q16684
005.SCG*LB2.CP-4++7.N.-2.9-5.11-6W7	Q15415
005.SCG*LB2.CP-3++2.N.-5.2-5.5-4W22	Q16685
005.SCG*LB2.CP-4++7.N.-4.27-4.32-5W24	Q16686
005.SCG*LB1.CP--++3.N.-4.5-6.8-2W1	Q16687
005.SCG*LB3.CP12++5.N.10.9-6.15-4W31	Q16688
005.SCG*LB4.CP-3++4.N.28.5-6.10-7W19	Q16689
005.SCG*LB3.CP-7++2.N.-6.2-4.3-7W8	Q16690
005.SCG*LB1.CP-1++3.N.19.10-1.11-6W2	Q16691
005.SCG*LB2.CP-9++8.N.11.12-4.17-2W8	Q16692
005.SCG*LB1.CP10++1.N.-4.1-2.2-4W5	Q16693
005.SCG*LB3.CP-6++2.N.-5.4-5.7-3W11	Q16694
005.SCG*LB4.CP-7++0.N.-5.11-3.15-1W10	Q16695
005.SCG*LB2.CP-2++5.N.21.1-1.5-2W16	Q16696
005.SCG*LB4.CP-5++3.N.27.6-1.7-3W3	Q16697
005.SCG*LB2.CP-7++8.N.-5.5-1.7-3W14	Q16698
005.SCG*LB4.CP-1++3.N.-4.16-1.17-5W8	Q16699
005.SCG*LB4.CP-8++1.N.10.24-6.29-1W18	Q15786
005.SCG*LB2.CP-8++3.N.13.4-1.6-2W14	Q16700
005.SCG*LB3.CP-4++5.N.-6.10-2.14-6W30	Q16701
005.SCG*LB4.CP-7++2.N.-2.17-2.18-7W5	Q16702
005.SCG*LB2.CP-7++3.N.-1.1-1.5-3W30	Q16703
005.SCG*LB3.CP-8++5.N.-5.1-2.3-6W16	Q5262
005.SCG*LB2.CP-5++6.N.13.13-7.14-4W5	Q16704
005.SCG*LB4.CP-3++8.N.-9.5-1.8-4W21	Q16705
005.SCG*LB1.CP-2++2.N.-6.1-2.5-5W24	Q16706
005.SCG*LB1.CP-2++0.N.18.1-1.7-2W14	Q16707
005.SCG*LB4.CP-7++2.N.-4.1-1.5-2W24	Q16708
005.SCG*LB1.CP-7++1.N.-8.5-3.9-2W8	Q16709
005.SCG*LB3.CP12++2.N.-6.10-1.16-7W41	Q16710
005.SCG*LB3.CP-9++7.N.-3.19-7.26-3W17	Q16711
005.SCG*LB2.CP-2++0.N.-5.6-5.13-2W26	Q16712
005.SCG*LB4.CP-9++7.N.-8.3-2.7-3W15	Q16713
005.SCG*LB3.CP-2++6.N.15.9-5.12-5W3	Q16714
005.SCG*LB4.CP--++8.N.-6.29-3.30-8W7	Q16715
005.SCG*LB2.CP-7++3.N.-6.8-1.10-7W6	Q16716
005.SCG*LB1.CP--++7.N.-2.2-6.3-7W9	Q5500
005.SCG*LB3.CP-4++5.N.-9.19-2.25-1W42	Q16717
005.SCG*LB4.CP-1++1.N.18.43-3.47-5W24	Q16718
005.SCG*LB3.CP-1++0.N.-2.1-1.5-1W5	Q16719
005.SCG*LB3.CP-4++4.N.-5.11-5.14-2W19	Q16720
005.SCG*LB4.CP-7++2.N.-3.18-1.21-3W12	Q16721
005.SCG*LB4.CP-3++6.N.-5.1-2.3-3W13	Q16722
005.SCG*LB1.CP-4++6.N.-3.4-1.5-5W1	Q6758
005.SCG*LB3.CP12++8.N.-3.3-2.6-7W9	Q16723
005.SCG*LB3.CP--++2.N.-3.1-2.3-6W11	Q15251
005.SCG*LB1.CP-7++2.N.-4.17-1.19-1W12	Q16724
005.SCG*LB2.CP-6++0.N.19.9-6.10-6W7	Q16725
005.SCG*LB2.CP-5++5.N.-8.1-2.2-1W2	Q16726
005.SCG*LB3.CP-1++7.N.-9.9-7.11-4W7	Q16727
005.SCG*LB4.CP-9++1.N.-9.26-1.29-6W1	Q16728
005.SCG*LB3.CP-5++4.N.11.13-3.17-5W30	Q16729
005.SCG*LB3.CP-9++4.N.-5.8-6.10-1W9	Q16730
005.SCG*LB3.CP10++6.N.-9.5-4.8-4W7	Q16731
005.SCG*LB3.CP-9++8.N.-1.7-5.9-4W5	Q16732
005.SCG*LB4.CP-6++4.N.-1.8-3.11-1W10	Q16733
005.SCG*LB3.CP14++1.N.-6.10-4.13-3W19	Q16734
005.SCG*LB3.CP-1++0.N.11.17-4.18-8W4	Q16735
005.SCG*LB4.CP-1++4.N.-9.13-4.17-2W12	Q16736
005.SCG*LB2.CP-9++4.N.-5.6-1.7-4W1	Q16737
005.SCG*LB4.CP-1++0.N.-6.13-5.16-5W17	Q16738
005.SCG*LB3.CP12++4.N.-4.2-3.6-6W6	Q16739
005.SCG*LB2.CP-9++3.N.-5.1-2.4-2W9	Q16740
005.SCG*LB3.CP15++4.N.15.12-5.17-5W38	Q16741
005.SCG*LB4.CP-8++6.N.-6.12-4.15-3W16	Q16742
005.SCG*LB3.CP12++3.N.-3.10-4.14-4W27	Q16743
005.SCG*LB3.CP-6++6.N.-3.6-1.11-3W4	Q16744
005.SCG*LB4.CP-7++6.N.-7.18-4.19-5W5	Q12745
005.SCG*LB2.CP-5++2.N.-8.3-1.4-2W10	Q16745
005.SCG*LB1.CP-8++2.N.11.22-3.27-2W21	Q16746
005.SCG*LB2.CP-9++8.N.12.7-4.9-4W6	Q16747
005.SCG*LB4.CP-8++1.N.12.3-1.6-2W12	Q16748
005.SCG*LB1.CP-4++2.N.-9.26-1.32-6W7	Q16749
005.SCG*LB3.CP-6++4.N.-8.12-1.17-1W28	Q16750
005.SCG*LB3.CP15++4.N.12.7-3.12-4W7	Q16751
005.SCG*LB2.CP-3++0.N.15.13-1.17-2W29	Q16752
005.SCG*LB1.CP-4++2.N.21.1-1.5-4W7	Q16753
005.SCG*LB1.CP-9++3.N.10.14-1.16-6W6	Q16754
005.SCG*LB1.CP-1++8.N.-5.4-3.6-2W3	Q16755
005.SCG*LB2.CP-4++8.N.-6.15-1.20-1W18	Q16756
005.SCG*LB4.CP-5++3.N.15.7-1.8-2W8	Q16757
005.SCG*LB3.CP-8++5.N.14.17-6.22-1W24	Q16758
005.SCG*LB3.CP14++6.N.-2.7-5.10-2W18	Q13392
005.SCG*LB3.CP-3++9.N.-1.7-2.11-1W5	Q16759
005.SCG*LB4.CP-3++7.N.-3.3-4.7-2W27	Q16760
005.SCG*LB1.CP-6++6.N.-8.21-3.22-6W10	Q16761
005.SCG*LB4.CP-8++3.N.16.13-7.14-6W5	Q4563
005.SCG*LB1.CP-2++1.N.-3.1-2.3-4W3	Q16762
005.SCG*LB2.CP-5++2.N.-2.3-1.11-2W49	Q16763
005.SCG*LB2.CP-3++3.N.-4.13-2.15-1W7	Q16764
005.SCG*LB2.CP-7++3.N.39.17-1.23-2W28	Q16765
005.SCG*LB2.CP-8++0.N.11.19-1.24-3W19	Q16766
005.SCG*LB3.CP-9++2.N.-6.17-5.20-5W19	Q16767
005.SCG*LB3.CP-8++9.N.-4.1-2.5-5W8	Q16768
005.SCG*LB4.CP-1++7.N.15.1-2.2-3W1	Q16769
005.SCG*LB3.CP-4++4.N.-4.18-4.21-3W18	Q16770
005.SCG*LB4.CP-4++9.N.-7.1-1.2-2W3	Q16771
005.SCG*LB2.CP-8++0.N.-3.22-5.24-4W3	Q16772
005.SCG*LB2.CP-2++3.N.-6.1-2.5-4W21	Q16773
005.SCG*LB1.CP-4++4.N.-7.16-1.17-2W3	Q16774
005.SCG*LB2.CP-3++9.N.-2.2-5.4-2W11	Q16775
005.SCG*LB3.CP-4++2.N.-1.10-1.12-1W1	Q16776
005.SCG*LB2.CP-2++4.N.-4.1-2.2-6W10	Q16777
005.SCG*LB4.CP-3++4.N.22.22-5.24-6W12	Q16778
005.SCG*LB3.CP-9++2.N.12.11-1.13-1W8	Q16779
005.SCG*LB1.CP-3++1.N.-1.1-1.3-6W12	Q13291
005.SCG*LB3.CP11++3.N.--.1-1.5-1W4	Q16780
005.SCG*LB1.CP-1++4.N.-1.1-1.3-3W1	Q16781
005.SCG*LB2.CP-7++0.N.-2.7-1.10-6W29	Q16782
005.SCG*LB4.CP--++1.N.-8.13-1.15-2W7	Q16783
005.SCG*LB3.CP-4++1.N.11.1-1.7-2W7	Q16784
005.SCG*LB2.CP-8++2.N.17.18-4.20-1W5	Q16785
005.SCG*LB2.CP-2++8.N.-3.5-1.6-7W6	Q16786
005.SCG*LB4.CP-1++4.N.12.8-6.17-2W5	Q16787
005.SCG*LB3.CP15++2.N.-3.10-5.13-4W1	Q16788
005.SCG*LB2.CP-1++6.N.-3.1-2.3-1W5	Q16789
005.SCG*LB4.CP-3++9.N.-2.27-5.31-2W9	Q16790
005.SCG*LB2.CP-7++7.N.-4.1-1.7-1W27	Q16791
005.SCG*LB3.CP-7++1.N.-3.19-5.20-6W4	Q16792
005.SCG*LB2.CP-5++0.N.-2.4-4.8-2W23	Q16793
005.SCG*LB2.CP-1++5.N.-9.4-6.5-7W11	Q16794
005.SCG*LB3.CP-4++4.N.-3.1-2.7-7W14	Q16795
005.SCG*LB1.CP-8++0.N.-6.8-1.8-5W3	Q16796
005.SCG*LB2.CP-8++3.N.26.10-1.10-7W6	Q16797
005.SCG*LB4.CP-7++8.N.-7.1-1.3-1W13	Q16798
005.SCG*LB3.CP-6++3.N.-3.1-1.3-4W1	Q16799
005.SCG*LB4.CP-7++3.N.-4.1-1.5-2W20	Q16800
005.SCG*LB3.CP-6++2.N.-2.1-1.3-4W9	Q16801
005.SCG*LB3.CP-9++7.N.12.25-4.29-5W3	Q16802
005.SCG*LB2.CP-4++4.N.16.1-1.4-6W14	Q16803
005.SCG*LB3.CP-2++5.N.15.3-5.4-5W2	Q16804
005.SCG*LB3.CP12++3.N.-8.1-1.10-4W15	Q16805
005.SCG*LB3.CP-8++8.N.-6.9-1.12-1W18	Q16806
005.SCG*LB3.CP13++5.N.-7.1-1.4-1W4	Q16807
005.SCG*LB4.CP-2++6.N.-7.22-2.23-4W7	Q16808
005.SCG*LB4.CP--++4.N.12.10-3.11-2W1	Q16809
005.SCG*LB3.CP-2++0.N.-8.8-4.14-2W2	Q16810
005.SCG*LB3.CP12++7.N.-7.21-4.23-6W17	Q16811
005.SCG*LB3.CP-4++2.N.-7.9-1.12-2W3	Q14450
005.SCG*LB3.CP-4++0.N.-5.1-2.2-6W5	Q16812
005.SCG*LB1.CP-1++3.N.-2.3-3.4-5W3	Q16813
005.SCG*LB4.CP-1++1.N.18.30-5.31-2W4	Q16814
005.SCG*LB1.CP-6++6.N.14.4-1.5-3W8	Q16815
005.SCG*LB2.CP-6++0.N.17.11-1.12-3W6	Q16816
005.SCG*LB4.CP-8++1.N.11.3-4.5-2W2	Q16817
005.SCG*LB4.CP-5++3.N.-8.5-1.10-2W8	Q16818
005.SCG*LB3.CP-8++7.N.-4.7-7.11-5W22	Q16819
005.SCG*LB3.CP-8++2.N.-3.6-4.9-2W13	Q16820
005.SCG*LB2.CP-6++9.N.11.1-1.4-4W19	Q16821
005.SCG*LB1.CP--++3.N.-2.7-1.9-8W15	Q16822
005.SCG*LB2.CP-1++5.N.-2.23-1.26-7W11	Q16823
005.SCG*LB3.CP-6++3.N.-3.24-1.26-3W10	Q16824
005.SCG*LB2.CP-9++0.N.-4.15-4.17-5W15	Q16825
005.SCG*LB3.CP-8++4.N.-7.5-3.7-3W4	Q16826
005.SCG*LB2.CP-7++5.N.15.41-1.47-3W15	Q16827
005.SCG*LB3.CP13++5.N.-2.1-1.4-7W17	Q16828
005.SCG*LB3.CP-2++0.N.-7.14-4.17-2W19	Q16829
005.SCG*LB3.CP-9++4.N.-9.34-1.38-4W27	Q14234
005.SCG*LB3.CP-6++7.N.-4.1-2.3-3W8	Q15136
005.SCG*LB1.CP-4++1.N.-2.1-1.3-5W12	Q16830
005.SCG*LB2.CP-7++5.N.16.8-3.9-5W7	Q16831
005.SCG*LB4.CP-8++3.N.-9.1-1.3-4W8	Q16832
005.SCG*LB3.CP-7++6.N.-9.8-1.15-1W33	Q16833
005.SCG*LB4.CP-2++2.N.-6.20-5.21-4W4	Q12947
005.SCG*LB4.CP-8++3.N.-7.15-1.16-6W8	Q16834
005.SCG*LB3.CP-2++3.N.-3.4-5.8-8W31	Q16835
005.SCG*LB3.CP-8++2.N.-1.1-1.3-3W6	Q16836
005.SCG*LB4.CP-1++1.N.-9.11-2.12-7W11	Q16837
005.SCG*LB2.CP-5++7.N.-7.1-1.3-1W7	Q16838
005.SCG*LB1.CP-9++9.N.-1.1-1.2-3W8	Q16839
005.SCG*LB4.CP-5++5.N.28.8-5.11-2W1	Q16840
005.SCG*LB2.CP-1++5.N.-1.1-1.4-5W7	Q16841
005.SCG*LB4.CP-2++9.N.12.1-2.2-3W3	Q16842
005.SCG*LB3.CP-9++2.N.12.33-1.35-7W16	Q16843
005.SCG*LB4.CP-6++6.N.10.1-1.4-1W9	Q16844
005.SCG*LB1.CP-8++9.N.-4.6-3.9-4W14	Q16845
005.SCG*LB2.CP-7++7.N.-2.33-7.34-4W3	Q16846
005.SCG*LB4.CP-5++4.N.-5.14-6.16-3W12	Q16847
005.SCG*LB3.CP-8++4.N.10.11-1.13-3W13	Q16848
005.SCG*LB3.CP-8++6.N.-6.9-2.11-5W13	Q16849
005.SCG*LB3.CP12++5.N.10.17-4.22-1W11	Q16850
005.SCG*LB3.CP13++2.N.27.10-6.13-2W1	Q16851
005.SCG*LB1.CP-3++7.N.-3.7-1.8-7W8	Q16852
005.SCG*LB3.CP-1++6.N.-3.1-2.3-7W5	Q16853
005.SCG*LB4.CP--++5.N.11.22-1.22-4W1	Q15223
005.SCG*LB4.CP-7++8.N.-2.5-2.9-1W4	Q16854
005.SCG*LB2.CP-7++3.N.36.15-4.17-6W17	Q16855
005.SCG*LB1.CP-8++2.N.-8.15-3.16-5W3	Q16856
005.SCG*LB2.CP-8++7.N.-3.4-1.4-7W5	Q16857
005.SCG*LB2.CP-6++9.N.-4.1-1.4-2W3	Q16858
005.SCG*LB1.CP-5++3.N.-2.1-1.8-1W12	Q16859
005.SCG*LB2.CP-6++0.N.16.9-3.13-6W33	Q16860
005.SCG*LB3.CP-6++6.N.-8.2-7.4-2W10	Q16861
005.SCG*LB1.CP-2++8.N.-9.1-1.6-2W15	Q16862
005.SCG*LB2.CP-1++7.N.-5.11-4.14-4W22	Q16863
005.SCG*LB2.CP-4++1.N.-9.1-2.2-3W3	Q16864
005.SCG*LB4.CP--++4.N.-2.9-1.10-6W13	Q16865
005.SCG*LB3.CP11++2.N.--.1-1.3-4W4	Q16866
005.SCG*LB3.CP-6++4.N.12.1-1.4-7W10	Q16867
005.SCG*LB1.CP-8++1.N.-2.1-1.2-4W5	Q16868
005.SCG*LB3.CP--++4.N.-4.12-2.15-1W7	Q16869
005.SCG*LB2.CP--++7.N.-1.1-1.3-2W7	Q16870
005.SCG*LB3.CP-5++3.N.-3.6-2.11-2W21	Q16871
005.SCG*LB4.CP-2++4.N.-9.8-6.10-6W1	Q16872
005.SCG*LB1.CP-1++6.N.-7.9-5.10-3W5	Q16873
005.SCG*LB1.CP-1++3.N.33.15-5.16-5W2	Q16874
005.SCG*LB3.CP-9++4.N.13.8-6.11-2W3	Q16875
005.SCG*LB3.CP12++2.N.-8.32-2.35-1W11	Q16876
005.SCG*LB3.CP10++3.N.-1.1-1.4-5W7	Q16877
005.SCG*LB3.CP-5++3.N.-6.11-4.15-2W27	Q16878
005.SCG*LB3.CP-9++0.N.-7.7-3.11-5W20	Q16879
005.SCG*LB1.CP-9++1.N.-4.7-3.10-2W3	Q16880
005.SCG*LB3.CP-4++2.N.-4.14-1.18-2W20	Q16881
005.SCG*LB1.CP-1++0.N.-3.7-1.8-1W8	Q16882
005.SCG*LB4.CP-2++4.N.-2.10-5.14-1W19	Q16883
005.SCG*LB4.CP--++5.N.-9.6-7.8-8W4	Q16884
005.SCG*LB4.CP-5++2.N.-1.5-3.10-3W22	Q16885
005.SCG*LB4.CP-5++3.N.-3.6-4.9-4W4	Q16886
005.SCG*LB3.CP-9++7.N.11.14-3.19-2W30	Q16887
005.SCG*LB3.CP13++0.N.-2.26-1.28-1W8	Q16888
005.SCG*LB3.CP-5++9.N.-6.26-3.32-3W24	Q16889
005.SCG*LB3.CP-9++0.N.-9.5-1.11-2W38	Q16890
005.SCG*LB4.CP-1++7.N.13.8-2.9-8W14	Q16891
005.SCG*LB2.CP--++3.N.-6.1-1.5-9W9	Q13502
005.SCG*LB2.CP-4++8.N.-3.17-2.18-1W5	Q16892
005.SCG*LB1.CP-5++4.N.-1.1-1.4-4W8	Q16893
005.SCG*LB1.CP-2++8.N.-6.4-2.6-2W9	Q16894
005.SCG*LB4.CP--++1.N.11.24-1.24-5W3	Q16895
005.SCG*LB4.CP-9++4.N.-1.12-2.14-1W12	Q16896
005.SCG*LB3.CP-5++9.N.-6.26-3.32-3W32	Q16897
005.SCG*LB4.CP-7++4.N.-7.1-1.6-4W32	Q16898
005.SCG*LB4.CP-2++1.N.-8.8-2.9-3W4	Q13592
005.SCG*LB3.CP-8++9.N.-8.6-6.10-3W15	Q16899
005.SCG*LB4.CP-6++3.N.-5.11-1.15-1W19	Q16900
005.SCG*LB3.CP11++2.N.12.1-1.3-2W8	Q16901
005.SCG*LB4.CP-1++0.N.15.1-1.4-2W5	Q16902
005.SCG*LB2.CP-7++8.N.-4.2-2.7-5W42	Q16903
005.SCG*LB2.CP-7++3.N.19.22-1.27-1W21	Q16904
005.SCG*LB3.CP10++4.N.-2.13-1.15-1W2	Q16905
005.SCG*LB4.CP-1++4.N.13.10-2.13-1W14	Q16906
005.SCG*LB3.CP13++2.N.12.5-5.7-6W1	Q517
005.SCG*LB3.CP-8++0.N.16.16-2.19-4W16	Q16907
005.SCG*LB2.CP-5++9.N.-3.1-1.5-3W7	Q16908
005.SCG*LB4.CP-7++1.N.11.16-4.21-3W8	Q16909
005.SCG*LB3.CP-6++1.N.-4.1-2.7-6W37	Q16910
005.SCG*LB3.CP13++2.N.12.1-1.5-2W4	Q790
005.SCG*LB3.CP-9++4.N.10.20-2.21-3W4	Q16911
005.SCG*LB2.CP-5++7.N.-8.8-7.11-5W17	Q16912
005.SCG*LB2.CP-5++2.N.-1.6-2.8-6W1	Q16913
005.SCG*LB2.CP-9++2.N.-6.19-2.21-3W8	Q16914
005.SCG*LB1.CP--++1.N.-7.3-4.6-5W14	Q16915
005.SCG*LB4.CP-2++9.N.11.1-1.3-1W14	Q16916
005.SCG*LB3.CP13++6.N.11.13-7.17-5W24	Q16917
005.SCG*LB2.CP-3++8.N.-4.1-2.2-1W4	Q16918
005.SCG*LB1.CP-9++2.N.-7.3-2.5-2W12	Q16919
005.SCG*LB1.CP-2++0.N.30.1-1.7-6W29	Q16920
005.SCG*LB3.CP13++9.N.17.18-3.23-4W38	Q16921
005.SCG*LB3.CP-1++2.N.-4.1-1.6-2W35	Q5233
005.SCG*LB1.CP-9++5.N.-8.1-1.6-4W24	Q13130
005.SCG*LB2.CP-3++6.N.-6.1-1.3-3W14	Q16922
005.SCG*LB3.CP-6++4.N.-2.1-1.4-7W16	Q16923
005.SCG*LB4.CP--++8.N.-9.28-2.31-6W15	Q16924
005.SCG*LB3.CP-9++4.N.-9.21-3.27-3W16	Q16925
005.SCG*LB3.CP-4++4.N.-3.13-2.17-4W10	Q16926
005.SCG*LB2.CP-2++2.N.-8.1-1.7-6W9	Q16927
005.SCG*LB3.CP-4++1.N.10.4-3.9-3W13	Q16928
005.SCG*LB3.CP-2++7.N.-6.9-2.10-2W2	Q16929
005.SCG*LB4.CP-8++6.N.-1.12-3.16-3W17	Q16930
005.SCG*LB4.CP-8++3.N.18.4-4.6-5W13	Q16931
005.SCG*LB3.CP-4++1.N.11.7-3.11-6W23	Q16932
005.SCG*LB3.CP-7++9.N.-2.3-4.6-2W6	Q16933
005.SCG*LB3.CP14++1.N.-7.1-1.4-1W5	Q5228
005.SCG*LB3.CP13++6.N.-7.2-4.5-3W11	Q16934
005.SCG*LB3.CP12++8.N.-4.3-5.7-2W11	Q16935
005.SCG*LB2.CP-5++9.N.15.12-3.13-7W8	Q16936
005.SCG*LB2.CP-8++2.N.18.1-1.3-5W15	Q16937
005.SCG*LB1.CP-1++3.N.-1.1-1.5-3W24	Q16938
005.SCG*LB2.CP-9++5.N.-4.29-1.29-5W5	Q12641
005.SCG*LB2.CP-5++6.N.-5.13-6.15-4W4	Q16939
005.SCG*LB2.CP-6++5.N.-5.8-7.10-3W11	Q16940
005.SCG*LB4.CP-1++0.N.-1.1-1.7-1W3	Q16941
005.SCG*LB4.CP-5++5.N.-7.4-1.9-4W38	Q16942
005.SCG*LB2.CP-5++8.N.-5.1-2.2-4W4	Q16943
005.SCG*LB4.CP-7++0.N.-4.11-3.13-5W11	Q16944
005.SCG*LB2.CP-6++0.N.23.8-6.10-2W10	Q16945
005.SCG*LB4.CP-2++3.N.-5.8-1.11-1W4	Q14030
005.SCG*LB4.CP-9++7.N.-1.3-1.8-2W13	Q16946
005.SCG*LB3.CP13++2.N.19.12-4.16-3W31	Q16947
005.SCG*LB2.CP-7++3.N.17.1-2.5-1W4	Q16948
005.SCG*LB1.CP-6++0.N.-5.5-2.11-4W19	Q16949
005.SCG*LB4.CP-2++4.N.16.11-4.13-3W1	Q16950
005.SCG*LB3.CP14++8.N.-6.5-2.7-5W13	Q16951
005.SCG*LB1.CP-8++1.N.-3.11-3.14-3W12	Q16952
005.SCG*LB4.CP-5++2.N.16.1-1.6-2W15	Q16953
005.SCG*LB3.CP-1++6.N.-4.5-3.7-5W6	Q16954
005.SCG*LB4.CP-2++2.N.-4.1-1.2-7W6	Q16955
005.SCG*LB3.CP15++0.N.-7.9-5.13-2W11	Q16956
005.SCG*LB2.CP-3++4.N.-4.9-3.12-2W10	Q16957
005.SCG*LB3.CP13++8.N.-8.13-3.16-9W25	Q16958
005.SCG*LB3.CP-5++2.N.-3.4-2.7-1W6	Q16959
005.SCG*LB2.CP-7++8.N.-4.2-2.7-5W24	Q16960
005.SCG*LB2.CP-8++5.N.-8.10-2.11-1W2	Q16961
005.SCG*LB1.CP-2++0.N.34.1-2.4-4W22	Q16962
005.SCG*LB3.CP13++9.N.-6.1-2.3-6W11	Q16963
005.SCG*LB2.CP-1++3.N.-1.1-1.3-5W3	Q16964
005.SCG*LB3.CP-8++1.N.-1.1-1.6-3W16	Q14539
005.SCG*LB1.CP-5++0.N.-7.5-5.6-5W5	Q16965
005.SCG*LB1.CP-6++5.N.-5.1-2.3-1W3	Q16966
005.SCG*LB3.CP-4++1.N.-2.18-4.21-5W5	Q16967
005.SCG*LB3.CP13++8.N.-6.5-4.9-7W33	Q16968
005.SCG*LB2.CP-7++5.N.-6.7-3.9-2W5	Q16969
005.SCG*LB1.CP-2++5.N.-4.1-2.3-2W7	Q16970
005.SCG*LB1.CP-5++6.N.-5.5-3.8-4W16	Q16971
005.SCG*LB4.CP-8++6.N.-4.17-2.19-2W1	Q16972
005.SCG*LB2.CP-5++6.N.-6.14-1.16-5W19	Q16973
005.SCG*LB3.CP12++8.N.-4.3-5.7-2W17	Q16974
005.SCG*LB2.CP-2++5.N.20.3-4.6-1W16	Q16975
005.SCG*LB3.CP-8++1.N.-1.24-2.27-6W13	Q16976
005.SCG*LB3.CP12++3.N.-7.18-4.22-5W29	Q16977
005.SCG*LB3.CP-7++1.N.-3.9-4.14-2W27	Q16978
005.SCG*LB2.CP-1++7.N.-5.9-5.11-3W19	Q16979
005.SCG*LB4.CP-1++7.N.23.16-3.17-4W7	Q16980
005.SCG*LB3.CP14++4.N.11.13-6.15-3W5	Q16981
005.SCG*LB1.CP-2++7.N.-9.1-1.8-2W5	Q16982
005.SCG*LB3.CP-4++5.N.-9.1-1.3-4W15	Q16983
005.SCG*LB3.CP13++6.N.13.29-6.30-5W5	Q16984
005.SCG*LB3.CP-6++3.N.-4.1-1.3-4W1	Q16985
005.SCG*LB3.CP--++1.N.-1.5-5.7-5W3	Q16986
005.SCG*LB3.CP-9++2.N.-5.34-6.36-6W8	Q16987
005.SCG*LB3.CP12++3.N.-4.6-2.7-6W9	Q11921
005.SCG*LB2.CP-8++0.N.-9.18-4.20-10W4	Q16988
005.SCG*LB2.CP-3++7.N.-2.13-1.19-6W48	Q16989
005.SCG*LB4.CP-5++3.N.-7.3-4.5-1W7	Q16990
005.SCG*LB4.CP-5++5.N.-8.8-4.11-1W8	Q16991
005.SCG*LB3.CP-7++8.N.-1.7-2.10-7W14	Q16992
005.SCG*LB2.CP--++6.N.-4.5-6.6-8W10	Q16993
005.SCG*LB3.CP-6++5.N.-4.23-1.24-3W8	Q16994
005.SCG*LB4.CP-3++1.N.-1.7-3.14-5W7	Q13626
005.SCG*LB2.CP-5++7.N.-2.1-1.5-8W3	Q16995
005.SCG*LB4.CP-3++8.N.-5.1-2.3-1W45	Q16996
005.SCG*LB4.CP-2++3.N.10.1-1.3-6W1	Q16997
005.SCG*LB4.CP-3++5.N.-8.28-2.31-7W1	Q16998
005.SCG*LB1.CP10++2.N.-5.11-6.16-6W17	Q16999
005.SCG*LB3.CP-9++4.N.-4.6-4.7-2W5	Q17000
005.SCG*LB1.CP-9++3.N.10.17-1.18-1W1	Q12873
005.SCG*LB1.CP-6++0.N.-4.1-2.3-2W5	Q13685
005.SCG*LB3.CP10++9.N.-6.9-5.11-5W4	Q17001
005.SCG*LB2.CP-2++3.N.-4.4-1.5-6W4	Q17002
005.SCG*LB3.CP11++9.N.-8.4-1.6-1W13	Q17003
005.SCG*LB2.CP-5++5.N.-6.6-1.8-5W14	Q17004
005.SCG*LB2.CP-2++0.N.-2.11-1.12-4W10	Q17005
005.SCG*LB4.CP-1++7.N.-7.3-3.4-8W14	Q17006
005.SCG*LB4.CP-3++4.N.-9.1-2.3-7W4	Q17007
005.SCG*LB4.CP-5++4.N.10.1-1.5-2W12	Q17008
005.SCG*LB2.CP--++1.N.-1.1-1.3-1W1	Q17009
005.SCG*LB2.CP-7++6.N.-9.21-3.23-4W10	Q17010
005.SCG*LB2.CP-4++5.N.-7.1-2.3-3W7	Q17011
005.SCG*LB3.CP-7++6.N.-7.10-1.17-2W44	Q17012
005.SCG*LB1.CP-7++9.N.-7.1-1.6-4W1	Q13735
005.SCG*LB2.CP--++1.N.-2.3-1.5-4W11	Q17013
005.SCG*LB3.CP-2++5.N.11.7-2.8-4W5	Q17014
005.SCG*LB3.CP-6++6.N.-4.1-2.8-6W50	Q17015
005.SCG*LB4.CP-3++0.N.-1.2-5.6-2W13	Q17016
005.SCG*LB3.CP-1++7.N.-5.1-2.8-5W37	Q17017
005.SCG*LB4.CP--++8.N.-7.42-2.43-2W6	Q17018
005.SCG*LB3.CP-7++4.N.-5.14-3.16-6W7	Q17019
005.SCG*LB1.CP-2++0.N.-8.1-2.3-6W1	Q17020
005.SCG*LB1.CP10++2.N.-5.11-6.16-6W32	Q17021
005.SCG*LB1.CP-4++3.N.12.6-5.9-2W19	Q17022
005.SCG*LB3.CP-7++3.N.-2.13-6.17-1W8	Q17023
005.SCG*LB3.CP-9++0.N.-5.1-2.3-4W3	Q17024
005.SCG*LB3.CP-8++4.N.-9.3-4.7-5W23	Q17025
005.SCG*LB4.CP-3++8.N.-3.1-2.3-6W6	Q17026
005.SCG*LB1.CP--++2.N.-4.1-1.6-4W29	Q17027
005.SCG*LB4.CP-1++3.N.-3.19-4.21-1W8	Q15172
005.SCG*LB2.CP-5++2.N.-2.12-8.15-5W15	Q17028
005.SCG*LB1.CP-4++7.N.-6.10-2.10-5W4	Q17029
005.SCG*LB1.CP-9++0.N.-1.7-6.12-1W14	Q17030
005.SCG*LB2.CP-3++4.N.-6.1-1.4-1W4	Q17031
005.SCG*LB2.CP-9++2.N.12.1-1.5-1W8	Q17032
005.SCG*LB3.CP13++2.N.-5.1-2.2-5W3	Q17033
005.SCG*LB2.CP-9++5.N.-4.7-1.10-7W13	Q17034
005.SCG*LB2.CP--++3.N.-7.6-2.8-3W10	Q17035
005.SCG*LB1.CP-1++1.N.-3.1-1.3-6W14	Q5489
005.SCG*LB2.CP-7++5.N.15.32-2.40-1W5	Q17036
005.SCG*LB2.CP-5++4.N.10.4-5.5-6W5	Q17037
005.SCG*LB2.CP-6++3.N.-2.8-2.9-4W7	Q17038
005.SCG*LB2.CP-8++8.N.13.12-1.13-4W10	Q17039
005.SCG*LB2.CP-7++4.N.-8.1-2.2-6W6	Q17040
005.SCG*LB3.CP14++5.N.-3.1-2.6-2W23	Q17041
005.SCG*LB3.CP-4++1.N.-8.5-4.8-2W14	Q17042
005.SCG*LB4.CP-4++9.N.-7.1-1.2-2W7	Q17043
005.SCG*LB1.CP-9++6.N.-7.18-1.22-2W24	Q17044
005.SCG*LB2.CP-9++2.N.-3.5-6.9-4W6	Q17045
005.SCG*LB2.CP-6++0.N.26.10-1.13-5W3	Q17046
005.SCG*LB3.CP-8++5.N.-9.19-1.23-3W8	Q17047
005.SCG*LB3.CP-7++8.N.-1.13-2.15-3W12	Q17048
005.SCG*LB1.CP-1++3.N.22.6-5.9-4W13	Q17049
005.SCG*LB1.CP--++3.N.-1.2-4.8-2W24	Q17050
005.SCG*LB3.CP13++5.N.16.6-5.10-1W26	Q17051
005.SCG*LB4.CP-9++7.N.-3.16-1.23-1W41	Q17052
005.SCG*LB2.CP-4++8.N.-2.4-1.6-1W4	Q17053
005.SCG*LB3.CP-4++2.N.-2.11-1.14-3W12	Q17054
005.SCG*LB4.CP-2++6.N.-4.11-6.12-7W6	Q17055
005.SCG*LB4.CP--++5.N.-2.1-1.3-2W5	Q17056
005.SCG*LB1.CP-1++6.N.-7.7-1.9-4W7	Q17057
005.SCG*LB1.CP-8++1.N.-3.11-3.14-3W19	Q17058
005.SCG*LB4.CP-1++1.N.18.1-1.3-4W11	Q17059
005.SCG*LB4.CP-1++1.N.18.24-5.26-4W11	Q17060
005.SCG*LB2.CP-9++1.N.-2.12-1.17-3W6	Q17061
005.SCG*LB2.CP-7++5.N.-7.1-1.3-7W20	Q17062
005.SCG*LB2.CP-2++1.N.-4.14-3.17-4W14	Q17063
005.SCG*LB4.CP--++8.N.-5.44-1.46-2W8	Q17064
005.SCG*LB3.CP16++2.N.--.1-1.2-2W4	Q17065
005.SCG*LB2.CP-5++8.N.-8.19-3.22-1W6	Q17066
005.SCG*LB4.CP-8++2.N.-6.16-4.17-5W4	Q17067
005.SCG*LB1.CP-4++2.N.19.1-1.2-4W4	Q17068
005.SCG*LB3.CP13++5.N.24.14-2.20-3W22	Q17069
005.SCG*LB2.CP-5++3.N.-3.9-1.9-7W8	Q17070
005.SCG*LB4.CP-6++3.N.-8.10-3.13-6W6	Q17071
005.SCG*LB2.CP-8++5.N.10.1-1.2-3W3	Q17072
005.SCG*LB2.CP-3++4.N.-2.14-5.15-4W1	Q17073
005.SCG*LB4.CP-2++9.N.10.19-3.21-5W9	Q17074
005.SCG*LB3.CP-2++0.N.-2.1-1.4-4W13	Q17075
005.SCG*LB2.CP-6++0.N.-7.3-1.4-3W1	Q12837
005.SCG*LB2.CP-8++0.N.11.1-1.4-1W14	Q17076
005.SCG*LB2.CP-8++9.N.-8.30-4.32-3W4	Q17077
005.SCG*LB3.CP-2++3.N.-4.6-3.9-4W10	Q17078
005.SCG*LB2.CP-7++3.N.-5.1-2.2-3W4	Q17079
005.SCG*LB2.CP-9++6.N.-3.7-1.9-2W11	Q15300
005.SCG*LB3.CP-3++7.N.-8.9-1.12-3W12	Q17080
005.SCG*LB3.CP10++3.N.-6.1-1.6-2W9	Q17081
005.SCG*LB2.CP-9++8.N.10.13-1.17-4W10	Q17082
005.SCG*LB4.CP-3++4.N.-4.3-2.5-3W13	Q17083
005.SCG*LB1.CP-1++8.N.-1.1-1.2-7W2	Q17084
005.SCG*LB3.CP13++2.N.17.1-1.8-1W27	Q17085
005.SCG*LB3.CP12++4.N.-1.9-3.11-2W4	Q17086
005.SCG*LB3.CP-7++6.N.11.1-1.2-1W2	Q17087
005.SCG*LB4.CP-6++6.N.-8.10-2.13-2W11	Q17088
005.SCG*LB1.CP-9++1.N.-3.10-4.13-1W12	Q17089
005.SCG*LB3.CP-2++5.N.11.3-5.7-1W14	Q17090
005.SCG*LB2.CP-9++9.N.-5.1-1.7-6W19	Q17091
005.SCG*LB1.CP-1++0.N.-4.5-5.9-7W23	Q17092
005.SCG*LB2.CP-8++2.N.-9.10-1.11-5W8	Q17093
005.SCG*LB2.CP-8++3.N.31.24-6.27-3W10	Q17094
005.SCG*LB3.CP-4++3.N.10.1-1.9-1W31	Q17095
005.SCG*LB1.CP-9++1.N.-5.4-1.6-5W3	Q17096
005.SCG*LB2.CP-6++0.N.-6.9-8.12-5W11	Q17097
005.SCG*LB2.CP10++1.N.-1.1-1.7-3W35	Q17098
005.SCG*LB3.CP-1++1.N.-2.1-1.3-4W4	Q17099
005.SCG*LB2.CP-7++2.N.-4.27-7.33-2W3	Q17100
005.SCG*LB2.CP-7++8.N.-6.3-6.5-1W8	Q17101
005.SCG*LB2.CP-3++0.N.14.30-1.34-5W3	Q17102
005.SCG*LB3.CP-1++0.N.14.17-1.20-1W9	Q17103
005.SCG*LB4.CP-2++9.N.-6.3-5.7-2W11	Q17104
005.SCG*LB2.CP-8++2.N.15.1-1.3-7W13	Q17105
005.SCG*LB1.CP-7++9.N.-7.1-1.6-4W14	Q17106
005.SCG*LB3.CP13++6.N.-9.14-4.18-1W28	Q17107
005.SCG*LB3.CP-6++1.N.-2.1-1.4-1W7	Q17108
005.SCG*LB2.CP-3++3.N.-2.1-1.2-8W11	Q17109
005.SCG*LB2.CP-8++0.N.13.49-1.51-5W10	Q17110
005.SCG*LB2.CP-5++9.N.12.5-3.7-5W6	Q17111
005.SCG*LB2.CP-1++9.N.-3.1-2.4-4W14	Q17112
005.SCG*LB3.CP-1++0.N.14.3-1.6-3W12	Q17113
005.SCG*LB3.CP-1++0.N.11.17-4.18-8W3	Q12574
005.SCG*LB4.CP-3++4.N.12.16-3.17-8W12	Q17114
005.SCG*LB4.CP-5++5.N.10.25-3.27-5W10	Q17115
005.SCG*LB3.CP-5++3.N.--.1-1.3-7W4	Q17116
005.SCG*LB1.CP-5++5.N.10.2-4.4-3W1	Q14974
005.SCG*LB3.CP-9++7.N.17.11-2.12-2W6	Q17117
005.SCG*LB4.CP-2++1.N.-4.24-5.26-5W14	Q17118
005.SCG*LB4.CP-3++4.N.-2.66-3.67-7W12	Q14262
005.SCG*LB2.CP-2++0.N.-2.3-7.5-4W3	Q17119
005.SCG*LB1.CP-6++9.N.16.8-1.10-1W15	Q17120
005.SCG*LB2.CP-6++0.N.16.5-1.8-1W24	Q17121
005.SCG*LB4.CP-6++3.N.-8.10-3.13-6W21	Q17122
005.SCG*LB3.CP10++9.N.10.17-4.18-7W10	Q17123
005.SCG*LB3.CP13++5.N.11.16-1.23-6W57	Q17124
005.SCG*LB4.CP--++8.N.-5.19-4.23-3W16	Q17125
005.SCG*LB2.CP-2++0.N.-3.1-2.3-4W10	Q17126
005.SCG*LB3.CP-5++0.N.-5.4-5.6-4W5	Q17127
005.SCG*LB2.CP-4++7.N.-2.6-6.9-4W7	Q17128
005.SCG*LB3.CP13++5.N.23.19-1.24-5W34	Q17129
005.SCG*LB1.CP-6++9.N.12.16-2.18-1W9	Q17130
005.SCG*LB4.CP-2++4.N.11.6-1.8-1W10	Q17131
005.SCG*LB1.CP-4++5.N.-3.1-2.2-6W2	Q6737
005.SCG*LB2.CP-7++0.N.-5.5-2.11-1W6	Q17132
005.SCG*LB2.CP-8++3.N.35.9-3.12-1W19	Q17133
005.SCG*LB4.CP-1++7.N.-6.1-2.2-4W10	Q17134
005.SCG*LB2.CP-8++9.N.20.4-5.8-1W13	Q17135
005.SCG*LB3.CP-2++3.N.11.19-1.22-1W13	Q17136
005.SCG*LB2.CP-8++8.N.10.3-5.5-6W14	Q17137
005.SCG*LB4.CP-3++4.N.26.24-5.26-7W4	Q17138
005.SCG*LB2.CP10++0.N.-2.1-1.8-6W9	Q17139
005.SCG*LB4.CP-1++8.N.-7.20-3.21-1W6	Q15398
005.SCG*LB2.CP-4++1.N.-4.8-3.10-3W14	Q17140
005.SCG*LB4.CP-1++0.N.-4.25-1.28-2W1	Q17141
005.SCG*LB3.CP-6++2.N.-2.6-1.7-7W2	Q17142
005.SCG*LB4.CP-2++3.N.14.1-1.2-3W8	Q17143
005.SCG*LB3.CP-2++6.N.19.13-1.20-3W33	Q17144
005.SCG*LB4.CP-7++4.N.-2.37-5.40-4W21	Q17145
005.SCG*LB2.CP--++6.N.-6.9-1.9-6W6	Q17146
005.SCG*LB1.CP-8++7.N.-5.1-1.5-4W4	Q17147
005.SCG*LB1.CP-7++0.N.-6.4-7.7-7W13	Q17148
005.SCG*LB2.CP-8++8.N.-3.8-5.14-2W10	Q17149
005.SCG*LB2.CP-1++5.N.-7.7-6.9-4W10	Q17150
005.SCG*LB1.CP-5++0.N.-8.4-1.5-4W5	Q17151
005.SCG*LB3.CP16++2.N.-2.7-5.8-6W7	Q17152
005.SCG*LB3.CP-2++9.N.-4.4-3.6-4W2	Q17153
005.SCG*LB2.CP-5++6.N.-7.5-1.5-7W7	Q17154
005.SCG*LB3.CP11++2.N.-1.13-2.16-2W15	Q17155
005.SCG*LB1.CP-8++2.N.-8.1-1.7-1W36	Q17156
005.SCG*LB2.CP-8++3.N.19.1-2.3-6W12	Q17157
005.SCG*LB1.CP-5++1.N.-6.6-1.9-2W16	Q17158
005.SCG*LB2.CP-1++9.N.-7.4-5.5-4W7	Q17159
005.SCG*LB2.CP-9++3.N.-4.7-4.10-3W18	Q17160
005.SCG*LB2.CP-3++2.N.-9.1-2.7-2W15	Q17161
005.SCG*LB3.CP-5++2.N.--.1-1.3-5W9	Q17162
005.SCG*LB4.CP--++4.N.13.1-2.5-7W20	Q17163
005.SCG*LB2.CP-4++7.N.-4.32-6.35-2W9	Q17164
005.SCG*LB4.CP--++7.N.12.1-2.4-3W20	Q17165
005.SCG*LB4.CP--++6.N.-8.7-4.8-3W8	Q17166
005.SCG*LB2.CP-7++3.N.17.15-6.16-2W2	Q17167
005.SCG*LB3.CP13++3.N.-2.12-3.15-1W9	Q17168
005.SCG*LB1.CP-9++5.N.-3.1-2.3-5W11	Q17169
005.SCG*LB3.CP-5++5.N.-6.7-4.12-1W5	Q17170
005.SCG*LB4.CP-1++1.N.16.4-2.7-6W23	Q17171
005.SCG*LB2.CP-8++0.N.-4.1-2.5-1W11	Q17172
005.SCG*LB2.CP-5++9.N.15.12-3.13-7W1	Q17173
005.SCG*LB4.CP-8++3.N.-4.25-4.29-7W29	Q17174
005.SCG*LB1.CP-1++1.N.-1.20-2.23-1W15	Q17175
005.SCG*LB4.CP-4++1.N.-4.9-3.14-3W6	Q17176
005.SCG*LB2.CP-6++8.N.11.1-1.4-2W13	Q17177
005.SCG*LB1.CP-7++9.N.-4.1-1.3-7W1	Q13474
005.SCG*LB1.CP-7++3.N.-5.1-2.8-2W41	Q17178
005.SCG*LB1.CP-1++3.N.31.1-1.4-3W16	Q17179
005.SCG*LB4.CP-8++3.N.-6.10-3.13-2W2	Q17180
005.SCG*LB3.CP-9++8.N.-4.12-1.14-8W17	Q17181
005.SCG*LB2.CP-9++1.N.-5.5-3.7-3W4	Q17182
005.SCG*LB3.CP-5++4.N.10.1-1.7-1W30	Q17183
005.SCG*LB4.CP-4++3.N.-6.1-2.4-3W13	Q17184
005.SCG*LB1.CP-1++3.N.19.28-6.31-4W5	Q17185
005.SCG*LB4.CP-1++7.N.-5.1-2.5-3W11	Q17186
005.SCG*LB3.CP-2++7.N.-1.1-1.4-7W2	Q17187
005.SCG*LB1.CP-8++7.N.-3.4-4.5-6W3	Q17188
005.SCG*LB3.CP-9++1.N.-3.5-5.7-4W6	Q17189
005.SCG*LB2.CP-5++7.N.-7.3-2.5-5W7	Q17190
005.SCG*LB3.CP13++2.N.28.1-1.3-1W8	Q17191
005.SCG*LB4.CP-5++5.N.21.1-1.5-6W5	Q17192
005.SCG*LB3.CP-2++5.N.-7.7-5.8-6W1	Q17193
005.SCG*LB1.CP-7++0.N.-5.12-2.16-2W26	Q17194
005.SCG*LB1.CP-1++2.N.-1.1-1.4-2W17	Q17195
005.SCG*LB2.CP-4++6.N.-7.7-1.8-4W3	Q17196
005.SCG*LB3.CP--++7.N.-8.10-5.12-2W8	Q17197
005.SCG*LB2.CP-7++9.N.12.4-5.8-1W21	Q17198
005.SCG*LB1.CP-4++3.N.12.6-5.9-2W18	Q17199
005.SCG*LB2.CP-5++2.N.-5.9-3.12-2W4	Q17200
005.SCG*LB3.CP-2++6.N.20.5-2.8-1W6	Q17201
005.SCG*LB4.CP-3++0.N.-3.18-1.19-2W11	Q17202
005.SCG*LB2.CP-8++3.N.12.1-2.3-3W9	Q17203
005.SCG*LB2.CP-1++2.N.-3.11-1.14-1W10	Q14220
005.SCG*LB2.CP-7++9.N.15.6-6.9-2W8	Q3862
005.SCG*LB4.CP-5++0.N.-8.9-2.11-1W4	Q381
005.SCG*LB3.CP13++6.N.-9.14-4.18-1W24	Q17204
005.SCG*LB3.CP-8++4.N.-7.5-3.7-3W3	Q17205
005.SCG*LB4.CP-6++6.N.-8.1-1.4-3W8	Q17206
005.SCG*LB2.CP-8++0.N.14.1-1.4-4W16	Q17207
005.SCG*LB4.CP-7++0.N.10.11-4.12-7W7	Q17208
005.SCG*LB3.CP13++6.N.-8.1-1.3-3W11	Q17209
005.SCG*LB2.CP-6++9.N.10.1-1.4-3W19	Q17210
005.SCG*LB1.CP-2++7.N.-4.5-6.7-2W5	Q17211
005.SCG*LB1.CP-6++8.N.-3.7-4.13-4W6	Q17212
005.SCG*LB4.CP-8++9.N.-4.1-1.4-7W10	Q17213
005.SCG*LB1.CP-5++9.N.-2.1-1.6-3W40	Q13654
005.SCG*LB4.CP-2++9.N.-9.10-1.11-6W16	Q17214
005.SCG*LB3.CP13++5.N.25.1-1.3-3W3	Q17215
005.SCG*LB2.CP-7++5.N.-7.5-7.9-3W7	Q17216
005.SCG*LB2.CP-3++9.N.-8.9-3.10-5W1	Q17217
005.SCG*LB4.CP-5++4.N.-9.1-2.3-4W10	Q17218
005.SCG*LB3.CP10++5.N.-6.5-1.8-2W10	Q17219
005.SCG*LB2.CP-3++2.N.-5.2-5.5-4W5	Q17220
005.SCG*LB3.CP-8++9.N.-2.6-2.8-5W19	Q17221
005.SCG*LB1.CP--++5.N.-5.10-1.15-1W33	Q17222
005.SCG*LB1.CP-1++0.N.-1.1-1.6-7W31	Q5485
005.SCG*LB4.CP--++6.N.-8.1-2.3-1W13	Q17223
005.SCG*LB1.CP-6++5.N.10.1-2.5-3W7	Q17224
005.SCG*LB1.CP-3++6.N.-2.5-5.8-4W9	Q17225
005.SCG*LB3.CP-9++2.N.10.22-5.26-2W32	Q17226
005.SCG*LB3.CP13++5.N.17.1-1.5-4W31	Q11916
005.SCG*LB4.CP-5++2.N.-8.6-1.13-1W46	Q17227
005.SCG*LB3.CP-2++0.N.-2.15-6.17-2W8	Q17228
005.SCG*LB4.CP-7++1.N.11.10-4.11-1W1	Q14500
005.SCG*LB2.CP-8++5.N.14.9-3.12-4W4	Q17229
005.SCG*LB3.CP10++7.N.-9.13-6.15-5W12	Q17230
005.SCG*LB1.CP-1++2.N.--.1-1.3-3W6	Q17231
005.SCG*LB2.CP-3++0.N.-3.10-2.15-3W19	Q17232
005.SCG*LB2.CP-5++9.N.12.11-2.13-4W6	Q17233
005.SCG*LB1.CP-8++0.N.-2.9-1.10-2W7	Q17234
005.SCG*LB1.CP-2++0.N.30.10-5.13-1W15	Q17235
005.SCG*LB3.CP14++2.N.-5.7-1.9-3W6	Q17236
005.SCG*LB4.CP--++7.N.25.1-1.8-5W7	Q17237
005.SCG*LB2.CP-7++5.N.12.5-2.7-5W8	Q17238
005.SCG*LB1.CP-6++7.N.10.10-3.15-1W21	Q17239
005.SCG*LB2.CP-6++9.N.-9.25-4.26-7W10	Q17240
005.SCG*LB1.CP-1++3.N.-2.1-1.3-2W11	Q17241
005.SCG*LB4.CP-8++8.N.-1.10-6.11-5W1	Q17242
005.SCG*LB2.CP-3++7.N.-2.26-7.28-3W3	Q17243
005.SCG*LB1.CP-6++9.N.14.20-1.22-2W2	Q17244
005.SCG*LB4.CP-3++3.N.-7.1-1.4-6W12	Q17245
005.SCG*LB1.CP-1++3.N.19.6-1.9-1W5	Q17246
005.SCG*LB1.CP-9++3.N.-1.1-1.5-3W17	Q17247
005.SCG*LB1.CP-7++2.N.-6.1-2.5-2W23	Q17248
005.SCG*LB1.CP-7++0.N.-1.1-1.3-5W6	Q17249
005.SCG*LB2.CP-5++6.N.-7.13-7.15-6W12	Q17250
005.SCG*LB4.CP--++2.N.-4.16-1.20-4W8	Q13757
005.SCG*LB1.CP-2++7.N.-6.6-7.8-2W7	Q17251
005.SCG*LB2.CP-6++8.N.-3.10-4.12-6W7	Q17252
005.SCG*LB2.CP-3++6.N.-6.3-4.10-1W36	Q17253
005.SCG*LB3.CP13++5.N.24.1-1.6-3W38	Q17254
005.SCG*LB3.CP-4++0.N.-3.7-6.9-1W2	Q17255
005.SCG*LB1.CP-1++1.N.-1.9-1.11-8W10	Q17256
005.SCG*LB3.CP-1++2.N.-5.2-1.5-1W11	Q17257
005.SCG*LB1.CP-5++3.N.-2.10-3.13-3W9	Q17258
005.SCG*LB2.CP-5++6.N.10.5-2.6-3W3	Q17259
005.SCG*LB3.CP14++1.N.-1.1-1.6-2W26	Q17260
005.SCG*LB3.CP-4++4.N.-5.15-1.19-1W18	Q17261
005.SCG*LB1.CP-2++4.N.-1.1-1.5-2W5	Q17262
005.SCG*LB3.CP-7++2.N.-8.8-1.10-1W13	Q17263
005.SCG*LB2.CP-7++5.N.14.5-6.9-2W1	Q17264
005.SCG*LB2.CP-2++8.N.-4.9-1.12-3W8	Q17265
005.SCG*LB4.CP-5++3.N.26.1-2.5-3W17	Q17266
005.SCG*LB1.CP-1++3.N.18.8-4.12-6W30	Q17267
005.SCG*LB3.CP14++9.N.--.1-1.2-4W7	Q17268
005.SCG*LB3.CP-9++9.N.-3.23-5.26-1W3	Q17269
005.SCG*LB4.CP--++5.N.-9.1-1.4-3W4	Q17270
005.SCG*LB2.CP-1++5.N.-6.13-2.15-2W13	Q17271
005.SCG*LB2.CP-4++5.N.-2.12-3.18-5W6	Q17272
005.SCG*LB4.CP--++6.N.-7.3-7.5-3W2	Q17273
005.SCG*LB3.CP-4++6.N.-7.14-6.18-4W12	Q17274
005.SCG*LB4.CP-4++1.N.13.12-2.18-1W35	Q17275
005.SCG*LB3.CP13++0.N.-3.9-6.14-6W23	Q17276
005.SCG*LB1.CP-8++0.N.-3.6-2.7-7W5	Q17277
005.SCG*LB2.CP-7++3.N.-7.1-1.8-1W13	Q13536
005.SCG*LB4.CP--++8.N.-6.34-9.37-2W3	Q17278
005.SCG*LB2.CP-9++6.N.-9.3-5.6-4W6	Q6726
005.SCG*LB3.CP-2++3.N.-4.1-2.3-5W13	Q17279
005.SCG*LB4.CP-5++2.N.-9.9-3.12-1W12	Q17280
005.SCG*LB3.CP-9++9.N.-5.6-1.10-2W28	Q17281
005.SCG*LB3.CP-8++9.N.-5.5-2.7-1W9	Q17282
005.SCG*LB1.CP-4++7.N.-5.4-3.6-5W18	Q17283
005.SCG*LB3.CP-7++7.N.-6.1-2.3-2W2	Q17284
005.SCG*LB1.CP-5++1.N.-3.5-4.8-1W15	Q17285
005.SCG*LB4.CP-3++4.N.20.1-2.1-3W2	Q13656
005.SCG*LB3.CP10++6.N.-6.5-1.6-2W6	Q17286
005.SCG*LB2.CP-5++5.N.-7.8-7.11-6W11	Q17287
005.SCG*LB3.CP-8++5.N.15.6-2.10-1W24	Q15312
005.SCG*LB4.CP-4++5.N.-4.4-5.9-4W15	Q17288
005.SCG*LB2.CP--++6.N.-5.4-4.6-2W12	Q17289
005.SCG*LB1.CP-3++0.N.-4.7-7.10-7W19	Q17290
005.SCG*LB4.CP-3++4.N.-2.18-1.25-2W47	Q17291
005.SCG*LB4.CP-3++8.N.11.1-2.3-3W8	Q17292
005.SCG*LB3.CP-9++4.N.10.59-2.62-4W5	Q17293
005.SCG*LB4.CP-7++4.N.-7.29-5.31-7W11	Q17294
005.SCG*LB3.CP-8++5.N.-9.1-2.3-1W5	Q17295
005.SCG*LB4.CP-1++3.N.10.14-2.16-1W8	Q17296
005.SCG*LB3.CP-9++7.N.11.14-3.19-2W5	Q17297
005.SCG*LB4.CP-8++3.N.16.29-5.32-1W1	Q17298
005.SCG*LB1.CP-8++4.N.-3.1-2.4-3W4	Q17299
005.SCG*LB3.CP--++4.N.-4.21-3.24-2W1	Q17300
005.SCG*LB2.CP-6++0.N.26.19-4.20-2W2	Q17301
005.SCG*LB4.CP--++8.N.-6.22-5.28-3W11	Q17302
005.SCG*LB4.CP--++4.N.11.21-1.22-4W8	Q17303
005.SCG*LB2.CP-7++8.N.-1.1-1.5-7W13	Q17304
005.SCG*LB2.CP-8++3.N.22.1-2.2-4W4	Q17305
005.SCG*LB2.CP-4++3.N.-6.1-2.4-2W12	Q17306
005.SCG*LB3.CP-5++9.N.-1.1-1.8-1W42	Q17307
005.SCG*LB3.CP15++4.N.21.9-6.10-8W1	Q17308
005.SCG*LB3.CP11++7.N.-7.5-5.7-1W7	Q17309
005.SCG*LB2.CP-8++3.N.31.16-1.18-4W3	Q17310
005.SCG*LB4.CP-9++6.N.-3.2-6.5-3W5	Q17311
005.SCG*LB3.CP-2++7.N.-2.1-1.3-7W2	Q17312
005.SCG*LB4.CP-7++4.N.-4.6-2.8-3W12	Q17313
005.SCG*LB4.CP--++6.N.-1.21-1.24-1W27	Q17314
005.SCG*LB4.CP-5++1.N.-6.3-3.5-5W17	Q17315
005.SCG*LB1.CP-4++3.N.15.3-3.4-7W11	Q17316
005.SCG*LB4.CP-6++9.N.-4.16-2.19-1W4	Q17317
005.SCG*LB4.CP-6++3.N.-3.6-1.9-1W4	Q17318
005.SCG*LB2.CP-8++3.N.-2.8-2.9-3W10	Q17319
005.SCG*LB2.CP-6++2.N.-4.3-1.8-3W20	Q17320
005.SCG*LB4.CP-5++5.N.11.63-5.68-3W30	Q17321
005.SCG*LB3.CP-7++4.N.-2.4-6.7-5W4	Q17322
005.SCG*LB3.CP--++8.N.12.8-1.10-1W16	Q17323
005.SCG*LB4.CP-1++1.N.-8.22-1.23-5W12	Q17324
005.SCG*LB4.CP-2++4.N.15.4-1.5-4W8	Q17325
005.SCG*LB4.CP--++7.N.11.7-3.8-1W9	Q17326
005.SCG*LB1.CP-2++7.N.-4.4-7.5-5W5	Q17327
005.SCG*LB4.CP-9++4.N.-1.1-1.8-1W39	Q17328
005.SCG*LB4.CP-3++4.N.11.6-3.7-7W5	Q17329
005.SCG*LB2.CP-3++0.N.-4.4-1.9-4W33	Q5127
005.SCG*LB3.CP-9++4.N.13.1-1.4-4W12	Q17330
005.SCG*LB2.CP-4++8.N.-6.9-3.11-6W3	Q17331
005.SCG*LB4.CP-8++2.N.-4.6-2.7-1W2	Q17332
005.SCG*LB2.CP--++3.N.-3.3-2.4-2W7	Q5163
005.SCG*LB2.CP-3++2.N.-7.5-1.6-3W4	Q17333
005.SCG*LB2.CP-7++3.N.25.16-2.19-5W1	Q17334
005.SCG*LB2.CP-5++5.N.-4.5-1.7-6W18	Q17335
005.SCG*LB4.CP-5++2.N.10.6-2.8-3W12	Q17336
005.SCG*LB3.CP--++1.N.-6.20-1.24-4W30	Q17337
005.SCG*LB1.CP-1++3.N.19.14-1.17-6W18	Q17338
005.SCG*LB4.CP-6++0.N.-1.10-1.14-2W25	Q17339
005.SCG*LB3.CP-9++4.N.10.25-1.27-2W4	Q17340
005.SCG*LB2.CP-3++6.N.-8.5-4.8-6W25	Q17341
005.SCG*LB4.CP-4++9.N.-1.1-1.3-2W11	Q17342
005.SCG*LB2.CP-3++4.N.-2.21-2.22-5W1	Q17343
005.SCG*LB2.CP-4++9.N.11.3-5.5-7W5	Q17344
005.SCG*LB2.CP-8++0.N.10.21-1.23-3W5	Q17345
005.SCG*LB3.CP-5++4.N.-7.6-2.8-2W2	Q17346
005.SCG*LB3.CP-8++6.N.14.11-2.15-4W29	Q17347
005.SCG*LB1.CP-7++0.N.-9.1-1.2-6W1	Q17348
005.SCG*LB4.CP--++7.N.-6.8-2.9-2W6	Q13615
005.SCG*LB3.CP-5++2.N.-3.7-2.9-5W11	Q17349
005.SCG*LB4.CP-5++1.N.-9.1-2.5-4W9	Q17350
005.SCG*LB1.CP-3++7.N.-5.13-3.14-5W5	Q17351
005.SCG*LB1.CP-8++9.N.-9.14-5.16-1W5	Q17352
005.SCG*LB4.CP-2++3.N.-7.26-2.29-3W4	Q17353
005.SCG*LB1.CP-6++9.N.16.10-2.12-2W16	Q17354
005.SCG*LB4.CP-7++2.N.-9.8-5.11-3W3	Q17355
005.SCG*LB3.CP12++8.N.-7.9-1.11-1W17	Q17356
005.SCG*LB3.CP-9++7.N.-3.17-4.19-6W5	Q17357
005.SCG*LB1.CP--++2.N.-2.1-1.6-3W29	Q17358
005.SCG*LB3.CP-7++0.N.-3.5-2.11-2W8	Q17359
005.SCG*LB4.CP--++8.N.-8.39-4.39-7W1	Q13163
005.SCG*LB4.CP-2++6.N.-4.5-4.8-6W22	Q17360
005.SCG*LB3.CP10++0.N.-3.4-4.7-2W4	Q17361
005.SCG*LB3.CP-2++2.N.-5.25-7.33-2W6	Q17362
005.SCG*LB4.CP-8++3.N.-2.16-4.18-1W2	Q17363
005.SCG*LB4.CP-3++1.N.-3.8-8.10-6W7	Q17364
005.SCG*LB2.CP-6++0.N.-3.10-6.13-5W20	Q17365
005.SCG*LB2.CP-8++0.N.13.42-1.48-1W18	Q17366
005.SCG*LB2.CP-6++0.N.13.2-5.4-4W7	Q17367
005.SCG*LB3.CP10++2.N.-4.16-6.18-1W8	Q17368
005.SCG*LB4.CP-8++3.N.16.1-1.3-4W1	Q17369
005.SCG*LB3.CP-9++2.N.-5.21-7.24-3W14	Q17370
005.SCG*LB2.CP-6++3.N.-1.9-4.11-6W4	Q17371
005.SCG*LB3.CP-4++1.N.-9.1-2.6-1W8	Q17372
005.SCG*LB3.CP-9++4.N.-2.25-5.28-6W5	Q17373
005.SCG*LB4.CP-6++6.N.-4.16-1.17-5W5	Q17374
005.SCG*LB3.CP-1++0.N.-5.6-4.8-6W12	Q17375
005.SCG*LB3.CP-5++5.N.-2.1-1.4-5W13	Q17376
005.SCG*LB4.CP-7++0.N.10.11-4.12-7W4	Q17377
005.SCG*LB3.CP-9++5.N.21.21-4.25-3W15	Q17378
005.SCG*LB3.CP-1++1.N.-2.1-1.3-4W19	Q17379
005.SCG*LB3.CP11++5.N.-4.1-2.3-1W10	Q17380
005.SCG*LB4.CP-7++8.N.-6.3-1.8-6W9	Q17381
005.SCG*LB2.CP-7++3.N.39.1-1.3-4W12	Q17382
005.SCG*LB2.CP-5++5.N.-7.6-4.8-6W17	Q17383
005.SCG*LB4.CP-5++4.N.-6.4-2.8-1W7	Q17384
005.SCG*LB4.CP-9++7.N.-3.8-3.10-2W13	Q17385
005.SCG*LB4.CP-6++6.N.11.9-2.12-5W9	Q17386
005.SCG*LB4.CP-7++0.N.-6.11-7.12-4W6	Q17387
005.SCG*LB4.CP-9++0.N.-5.5-2.8-1W18	Q17388
005.SCG*LB1.CP--++6.N.-7.3-1.6-1W8	Q17389
005.SCG*LB3.CP-2++7.N.-8.1-2.5-5W8	Q17390
005.SCG*LB4.CP-4++1.N.14.8-3.14-2W14	Q17391
005.SCG*LB4.CP-1++9.N.12.1-1.5-3W24	Q17392
005.SCG*LB2.CP-3++7.N.-4.17-2.20-2W16	Q17393
005.SCG*LB4.CP-3++4.N.28.1-2.5-5W9	Q17394
005.SCG*LB1.CP-2++6.N.-3.9-5.13-1W23	Q17395
005.SCG*LB4.CP-9++0.N.-9.8-3.11-3W3	Q17396
005.SCG*LB2.CP-9++0.N.-8.4-2.7-5W6	Q17397
005.SCG*LB4.CP-4++9.N.13.1-1.4-2W5	Q14037
005.SCG*LB3.CP16++2.N.-5.10-9.12-4W4	Q17398
005.SCG*LB2.CP-7++7.N.-2.18-1.21-5W15	Q17399
005.SCG*LB1.CP-5++6.N.-5.5-3.8-4W4	Q17400
005.SCG*LB2.CP-9++0.N.-8.12-4.15-4W6	Q17401
005.SCG*LB4.CP-3++0.N.-8.1-2.4-1W2	Q15435
005.SCG*LB1.CP-5++0.N.-3.5-1.7-5W14	Q17402
005.SCG*LB1.CP-2++0.N.22.3-3.9-6W4	Q17403
005.SCG*LB4.CP--++5.N.-7.1-4.4-1W7	Q17404
005.SCG*LB4.CP-6++6.N.-7.10-1.11-2W4	Q17405
005.SCG*LB2.CP-5++8.N.-4.1-1.6-1W27	Q17406
005.SCG*LB4.CP-4++0.N.12.1-2.4-4W18	Q17407
005.SCG*LB4.CP-1++2.N.--.1-1.2-2W4	Q13552
005.SCG*LB4.CP-1++1.N.-9.4-2.5-5W6	Q17408
005.SCG*LB2.CP-9++6.N.-3.15-5.17-6W7	Q17409
005.SCG*LB1.CP--++3.N.-6.3-2.6-6W17	Q17410
005.SCG*LB2.CP-5++6.N.11.1-2.2-6W5	Q17411
005.SCG*LB1.CP-4++3.N.-8.6-7.8-6W5	Q17412
005.SCG*LB3.CP-2++8.N.-6.3-5.5-2W10	Q17413
005.SCG*LB3.CP15++8.N.-1.19-3.22-3W10	Q17414
005.SCG*LB3.CP-8++3.N.-2.4-1.4-6W3	Q12648
005.SCG*LB4.CP-1++1.N.11.34-6.35-4W6	Q14579
005.SCG*LB2.CP-7++9.N.12.2-2.4-4W1	Q12577
005.SCG*LB3.CP-8++5.N.11.11-4.14-5W23	Q15498
005.SCG*LB2.CP-8++6.N.-3.19-1.24-1W19	Q17415
005.SCG*LB3.CP-2++6.N.-8.7-3.9-3W4	Q17416
005.SCG*LB4.CP-4++5.N.-5.12-6.19-5W18	Q17417
005.SCG*LB4.CP-1++4.N.11.32-7.37-2W27	Q17418
005.SCG*LB3.CP14++6.N.-2.7-5.10-2W1	Q17419
005.SCG*LB2.CP-8++3.N.25.41-3.44-2W11	Q17420
005.SCG*LB4.CP-5++1.N.-3.10-1.11-4W1	Q17421
005.SCG*LB2.CP-8++3.N.23.6-3.10-1W12	Q17422
005.SCG*LB1.CP-4++4.N.10.3-4.6-1W15	Q17423
005.SCG*LB1.CP-1++3.N.-5.1-1.2-2W3	Q17424
005.SCG*LB4.CP-3++1.N.-1.7-3.14-5W51	Q17425
005.SCG*LB2.CP-3++5.N.-7.1-1.4-4W8	Q17426
005.SCG*LB2.CP-2++5.N.12.5-6.8-1W10	Q17427
005.SCG*LB2.CP--++1.N.-4.5-4.11-1W18	Q17428
005.SCG*LB3.CP13++9.N.13.8-4.9-8W1	Q17429
005.SCG*LB1.CP--++6.N.-7.1-1.2-3W6	Q17430
005.SCG*LB1.CP-8++9.N.-9.11-5.14-4W5	Q17431
005.SCG*LB2.CP-3++5.N.-6.9-6.17-3W2	Q17432
005.SCG*LB2.CP-8++3.N.25.44-3.51-6W15	Q17433
005.SCG*LB4.CP-8++1.N.13.1-1.4-1W20	Q17434
005.SCG*LB3.CP-7++6.N.-4.1-2.6-2W26	Q17435
005.SCG*LB3.CP14++6.N.-8.5-2.6-3W8	Q17436
005.SCG*LB4.CP--++8.N.10.15-3.17-3W5	Q17437
005.SCG*LB3.CP15++8.N.-5.8-1.11-4W8	Q17438
005.SCG*LB2.CP-4++1.N.10.2-6.3-7W12	Q17439
005.SCG*LB2.CP-2++0.N.-4.1-2.8-6W12	Q17440
005.SCG*LB3.CP-8++0.N.16.1-1.2-5W9	Q17441
005.SCG*LB4.CP-7++0.N.-3.3-1.5-4W11	Q4187
005.SCG*LB1.CP-6++7.N.-2.8-2.9-6W11	Q17442
005.SCG*LB1.CP-8++6.N.-6.18-1.22-5W17	Q17443
005.SCG*LB4.CP-1++0.N.-1.1-1.7-1W28	Q17444
005.SCG*LB1.CP-9++3.N.-7.20-5.21-5W7	Q17445
005.SCG*LB4.CP-2++1.N.-9.3-6.5-2W8	Q17446
005.SCG*LB2.CP-7++9.N.10.16-1.18-4W2	Q17447
005.SCG*LB2.CP-3++7.N.-4.14-1.17-1W20	Q17448
005.SCG*LB3.CP-8++7.N.-3.9-6.12-3W4	Q17449
005.SCG*LB2.CP-3++1.N.-2.6-1.7-7W2	Q17450
005.SCG*LB3.CP12++7.N.-2.3-2.6-1W16	Q17451
005.SCG*LB2.CP-7++2.N.-3.3-2.7-3W22	Q17452
005.SCG*LB2.CP-9++8.N.19.5-3.8-3W6	Q17453
005.SCG*LB2.CP-5++7.N.-8.15-5.16-7W4	Q17454
005.SCG*LB2.CP-7++8.N.-8.19-5.20-5W5	Q17455
005.SCG*LB1.CP-7++0.N.-2.1-1.4-1W11	Q17456
005.SCG*LB2.CP-7++6.N.-6.7-2.8-3W5	Q17457
005.SCG*LB4.CP--++8.N.-7.41-2.42-1W1	Q17458
005.SCG*LB4.CP-5++2.N.12.6-2.8-5W15	Q17459
005.SCG*LB3.CP-8++7.N.-4.1-2.7-6W6	Q17460
005.SCG*LB4.CP-2++4.N.-9.22-6.25-4W13	Q17461
005.SCG*LB3.CP15++9.N.-2.9-4.13-3W16	Q17462
005.SCG*LB3.CP11++6.N.-3.6-1.8-2W8	Q17463
005.SCG*LB4.CP-3++4.N.26.27-1.28-3W4	Q17464
005.SCG*LB2.CP-6++0.N.18.5-5.8-1W4	Q17465
005.SCG*LB2.CP-9++5.N.-5.4-6.9-2W7	Q17466
005.SCG*LB2.CP10++0.N.-3.15-5.18-3W3	Q17467
005.SCG*LB2.CP-3++4.N.-3.10-5.13-5W8	Q17468
005.SCG*LB4.CP-6++2.N.-4.1-1.3-2W14	Q17469
005.SCG*LB1.CP-5++0.N.-4.22-2.23-1W6	Q17470
005.SCG*LB3.CP-7++9.N.-4.1-2.5-1W14	Q17471
005.SCG*LB3.CP-3++3.N.-4.2-5.4-1W8	Q17472
005.SCG*LB4.CP-8++5.N.-3.15-5.18-5W1	Q14838
005.SCG*LB3.CP14++3.N.-1.4-1.7-5W16	Q14282
005.SCG*LB3.CP13++6.N.-9.21-1.24-3W5	Q17473
005.SCG*LB4.CP--++5.N.11.24-1.25-2W3	Q17474
005.SCG*LB1.CP-2++2.N.-6.13-6.16-2W19	Q17475
005.SCG*LB3.CP16++3.N.-1.1-1.5-4W3	Q17476
005.SCG*LB3.CP-6++5.N.-8.2-4.5-7W8	Q17477
005.SCG*LB4.CP-1++3.N.-8.5-6.6-3W5	Q17478
005.SCG*LB2.CP-3++7.N.-3.11-6.14-7W5	Q17479
005.SCG*LB4.CP-6++3.N.-8.1-1.6-4W8	Q17480
005.SCG*LB4.CP-8++1.N.12.12-6.16-4W25	Q17481
005.SCG*LB1.CP-2++5.N.-3.5-4.7-5W5	Q17482
005.SCG*LB2.CP-8++8.N.-8.8-4.9-3W2	Q17483
005.SCG*LB3.CP15++0.N.-3.5-6.7-3W2	Q17484
005.SCG*LB3.CP-5++8.N.-3.1-2.4-2W20	Q17485
005.SCG*LB2.CP-4++3.N.-5.14-6.17-8W21	Q17486
005.SCG*LB1.CP-2++2.N.-9.5-3.8-4W10	Q17487
005.SCG*LB3.CP-9++2.N.13.1-1.5-1W10	Q17488
005.SCG*LB2.CP-5++6.N.-6.5-1.6-6W9	Q17489
005.SCG*LB3.CP-3++8.N.-2.1-1.2-4W2	Q17490
005.SCG*LB3.CP-5++2.N.-6.4-8.6-3W1	Q17491
005.SCG*LB4.CP-9++1.N.-4.9-3.14-4W18	Q17492
005.SCG*LB1.CP-6++8.N.-5.5-7.8-7W15	Q17493
005.SCG*LB2.CP-6++2.N.-9.9-1.10-5W3	Q17494
005.SCG*LB2.CP-6++9.N.11.1-1.4-4W6	Q17495
005.SCG*LB2.CP-8++0.N.-3.7-4.9-4W2	Q17496
005.SCG*LB3.CP-9++9.N.10.2-4.6-4W6	Q17497
005.SCG*LB3.CP--++8.N.-4.1-2.3-2W4	Q12941
005.SCG*LB3.CP15++6.N.-7.12-4.13-4W6	Q17498
005.SCG*LB3.CP-5++3.N.-7.11-1.13-6W21	Q17499
005.SCG*LB3.CP--++7.N.10.2-2.3-3W8	Q17500
005.SCG*LB1.CP-4++2.N.16.9-2.10-5W7	Q17501
005.SCG*LB4.CP-7++1.N.-8.2-2.3-1W1	Q13257
005.SCG*LB3.CP15++9.N.-1.24-6.29-1W3	Q17502
005.SCG*LB3.CP-1++2.N.-3.8-3.9-5W1	Q17503
005.SCG*LB3.CP14++2.N.-7.1-1.3-4W4	Q17504
005.SCG*LB4.CP-3++8.N.11.5-6.7-4W12	Q17505
005.SCG*LB2.CP-8++6.N.-3.41-6.44-6W13	Q17506
005.SCG*LB4.CP--++8.N.-7.39-1.41-1W16	Q13725
005.SCG*LB3.CP-6++8.N.-3.17-5.18-1W1	Q17507
005.SCG*LB1.CP-3++7.N.-2.2-6.4-6W8	Q17508
005.SCG*LB1.CP-7++8.N.-4.3-4.6-4W7	Q17509
005.SCG*LB3.CP13++2.N.-8.2-4.6-2W4	Q17510
005.SCG*LB4.CP-8++4.N.14.1-2.3-4W5	Q17511
005.SCG*LB3.CP15++4.N.25.7-6.10-6W19	Q17512
005.SCG*LB3.CP-3++7.N.-8.1-1.8-3W13	Q17513
005.SCG*LB2.CP-3++5.N.-2.4-2.6-3W4	Q17514
005.SCG*LB3.CP11++7.N.--.1-1.2-3W4	Q17515
005.SCG*LB1.CP-2++0.N.-7.2-6.4-8W13	Q17516
005.SCG*LB2.CP-3++5.N.-6.33-1.36-6W9	Q17517
005.SCG*LB3.CP-9++4.N.-9.34-1.38-4W5	Q17518
005.SCG*LB4.CP-1++1.N.18.6-5.7-6W5	Q17519
005.SCG*LB2.CP-7++3.N.34.1-2.6-4W11	Q17520
005.SCG*LB3.CP-5++9.N.-4.5-1.6-5W10	Q17521
005.SCG*LB4.CP-8++2.N.-2.10-1.12-3W10	Q17522
005.SCG*LB2.CP-6++9.N.-5.9-2.14-4W15	Q17523
005.SCG*LB3.CP-1++4.N.-1.1-1.3-3W4	Q17524
005.SCG*LB4.CP--++1.N.-5.1-1.4-6W10	Q17525
005.SCG*LB1.CP-9++1.N.-9.6-5.9-1W14	Q17526
005.SCG*LB2.CP-8++3.N.14.1-1.5-2W17	Q17527
005.SCG*LB4.CP-2++1.N.-2.42-6.43-3W3	Q15377
005.SCG*LB4.CP--++9.N.-2.1-1.5-2W24	Q12724
005.SCG*LB3.CP-9++5.N.-3.5-1.6-3W4	Q17528
005.SCG*LB4.CP-3++5.N.-4.27-6.30-2W3	Q17529
005.SCG*LB3.CP-7++5.N.15.6-3.8-5W16	Q17530
005.SCG*LB3.CP14++2.N.-3.4-3.7-2W23	Q17531
005.SCG*LB3.CP-7++4.N.-6.4-6.5-6W7	Q17532
005.SCG*LB4.CP-9++0.N.-1.1-1.6-4W23	Q17533
005.SCG*LB2.CP-6++2.N.11.1-2.3-3W3	Q17534
005.SCG*LB4.CP--++6.N.-5.2-6.4-1W6	Q17535
005.SCG*LB3.CP-9++9.N.-5.1-2.5-5W11	Q17536
005.SCG*LB2.CP-1++6.N.-6.8-3.12-8W22	Q17537
005.SCG*LB4.CP-7++1.N.11.16-4.21-3W12	Q17538
005.SCG*LB4.CP-3++4.N.11.1-2.3-5W9	Q17539
005.SCG*LB3.CP10++1.N.-1.19-2.20-4W4	Q17540
005.SCG*LB1.CP-1++0.N.-6.3-4.6-2W6	Q17541
005.SCG*LB2.CP-7++3.N.36.33-6.36-5W10	Q6725
005.SCG*LB3.CP-2++3.N.12.1-1.9-1W34	Q17542
005.SCG*LB4.CP-5++4.N.-3.34-4.38-3W12	Q17543
005.SCG*LB3.CP-8++5.N.-9.19-1.23-3W28	Q17544
005.SCG*LB3.CP10++3.N.-7.4-2.6-6W5	Q17545
005.SCG*LB3.CP13++5.N.20.4-1.11-5W33	Q17546
005.SCG*LB3.CP-4++4.N.-3.17-5.24-5W45	Q17547
005.SCG*LB4.CP-5++5.N.-1.1-1.3-2W13	Q17548
005.SCG*LB1.CP-2++7.N.-4.1-2.3-5W6	Q17549
005.SCG*LB1.CP-1++3.N.19.17-7.19-6W12	Q17550
005.SCG*LB3.CP-6++1.N.-5.1-2.7-5W37	Q17551
005.SCG*LB1.CP-8++1.N.-1.1-1.6-2W16	Q17552
005.SCG*LB2.CP-6++3.N.-4.2-5.4-1W10	Q17553
005.SCG*LB2.CP-8++6.N.-4.4-1.5-5W5	Q17554
005.SCG*LB2.CP-2++8.N.-8.31-2.33-5W14	Q17555
005.SCG*LB1.CP-9++3.N.-4.1-2.4-2W8	Q17556
005.SCG*LB3.CP-8++6.N.11.22-4.24-3W16	Q17557
005.SCG*LB1.CP-1++3.N.12.9-2.10-3W6	Q17558
005.SCG*LB1.CP-8++5.N.-5.9-2.10-1W4	Q17559
005.SCG*LB3.CP-6++0.N.-4.7-1.8-8W9	Q17560
005.SCG*LB2.CP-4++1.N.-4.1-2.3-4W2	Q17561
005.SCG*LB2.CP-8++3.N.25.28-2.29-4W3	Q17562
005.SCG*LB4.CP-1++4.N.10.1-1.2-6W4	Q17563
005.SCG*LB3.CP10++4.N.-2.2-3.7-5W16	Q17564
005.SCG*LB1.CP-4++4.N.-5.12-5.14-1W1	Q17565
005.SCG*LB3.CP14++4.N.-4.10-4.15-1W29	Q17566
005.SCG*LB2.CP-7++2.N.-2.2-5.4-1W3	Q17567
005.SCG*LB3.CP-2++4.N.-8.22-7.26-2W14	Q17568
005.SCG*LB3.CP-9++4.N.15.1-1.8-2W11	Q17569
005.SCG*LB2.CP-8++0.N.12.4-4.5-6W9	Q17570
005.SCG*LB3.CP--++8.N.-8.9-3.11-6W6	Q17571
005.SCG*LB1.CP-2++0.N.12.24-4.26-2W1	Q17572
005.SCG*LB3.CP13++2.N.13.12-1.14-4W13	Q17573
005.SCG*LB2.CP-7++0.N.-4.7-2.10-2W11	Q17574
005.SCG*LB4.CP-1++3.N.-5.20-3.22-5W16	Q13816
005.SCG*LB3.CP13++5.N.10.4-2.5-4W3	Q15174
005.SCG*LB1.CP10++0.N.-4.28-1.32-2W16	Q17575
005.SCG*LB2.CP-2++1.N.10.21-6.23-6W8	Q17576
005.SCG*LB4.CP-3++4.N.24.6-1.8-3W2	Q17577
005.SCG*LB4.CP-3++4.N.16.12-2.15-5W5	Q17578
005.SCG*LB2.CP-5++6.N.-9.1-1.2-6W6	Q17579
005.SCG*LB3.CP--++8.N.10.46-2.48-6W18	Q17580
005.SCG*LB3.CP-7++6.N.-7.23-7.25-5W7	Q17581
005.SCG*LB4.CP--++1.N.12.13-1.15-1W3	Q17582
005.SCG*LB2.CP-4++2.N.-9.3-1.6-3W26	Q17583
005.SCG*LB4.CP-3++7.N.-3.3-4.7-2W17	Q17584
005.SCG*LB3.CP-5++2.N.-7.4-5.7-8W6	Q14976
005.SCG*LB3.CP13++2.N.27.9-3.10-5W4	Q14311
005.SCG*LB2.CP-6++1.N.-3.18-1.21-7W7	Q17585
005.SCG*LB3.CP11++1.N.-1.10-1.12-6W19	Q17586
005.SCG*LB3.CP-7++3.N.-3.9-5.12-2W14	Q17587
005.SCG*LB4.CP-8++3.N.11.18-4.19-4W1	Q17588
005.SCG*LB3.CP11++7.N.-7.5-5.7-1W4	Q15111
005.SCG*LB4.CP--++4.N.14.16-1.18-5W5	Q17589
005.SCG*LB1.CP-7++3.N.-4.6-4.7-1W4	Q17590
005.SCG*LB3.CP--++7.N.10.3-7.4-5W2	Q17591
005.SCG*LB2.CP-3++7.N.-2.13-1.19-6W15	Q17592
005.SCG*LB4.CP-2++8.N.-2.4-4.8-4W18	Q17593
005.SCG*LB2.CP-8++3.N.-7.1-1.4-1W13	Q17594
005.SCG*LB4.CP-2++9.N.-7.21-6.23-1W3	Q17595
005.SCG*LB4.CP-3++4.N.15.6-1.8-1W2	Q17596
005.SCG*LB2.CP-4++6.N.-7.18-3.20-1W4	Q17597
005.SCG*LB2.CP-6++0.N.16.1-2.3-1W2	Q17598
005.SCG*LB4.CP-9++2.N.-5.2-7.4-7W3	Q17599
005.SCG*LB2.CP-7++5.N.-9.3-3.6-1W15	Q17600
005.SCG*LB1.CP-1++7.N.-7.15-1.17-2W18	Q17601
005.SCG*LB4.CP-5++3.N.14.6-1.7-2W6	Q17602
005.SCG*LB1.CP--++5.N.-2.21-1.27-2W18	Q17603
005.SCG*LB1.CP-2++3.N.-7.3-1.4-5W8	Q17604
005.SCG*LB1.CP-9++5.N.-1.1-1.3-1W8	Q17605
005.SCG*LB2.CP-9++8.N.15.5-3.7-6W2	Q17606
005.SCG*LB3.CP11++2.N.-3.9-5.12-4W16	Q17607
005.SCG*LB2.CP-8++3.N.25.26-3.28-1W4	Q17608
005.SCG*LB2.CP-7++4.N.17.3-3.4-1W5	Q17609
005.SCG*LB3.CP10++5.N.-2.12-2.15-4W17	Q17610
005.SCG*LB2.CP-7++5.N.-6.14-2.17-5W14	Q17611
005.SCG*LB2.CP-8++7.N.-3.21-2.24-1W4	Q17612
005.SCG*LB3.CP-5++2.N.-4.12-2.14-5W8	Q17613
005.SCG*LB3.CP15++8.N.-7.11-5.14-2W10	Q17614
005.SCG*LB3.CP-7++5.N.-3.11-3.17-2W40	Q17615
005.SCG*LB3.CP11++3.N.-1.9-5.15-4W6	Q17616
005.SCG*LB1.CP-2++6.N.11.28-1.31-1W7	Q13065
005.SCG*LB1.CP-1++1.N.-1.18-3.20-1W11	Q17617
005.SCG*LB1.CP-9++7.N.-3.3-6.9-2W6	Q17618
005.SCG*LB2.CP-5++9.N.13.13-2.16-1W16	Q17619
005.SCG*LB3.CP15++9.N.-2.17-22-6W25	Q5430
005.SCG*LB1.CP-1++3.N.32.1-1.4-1W19	Q17620
005.SCG*LB2.CP-1++5.N.-3.1-2.3-7W18	Q17621
005.SCG*LB3.CP15++4.N.-4.13-4.16-5W7	Q17622
005.SCG*LB3.CP16++0.N.-4.1-1.3-6W8	Q15924
005.SCG*LB3.CP-9++7.N.-4.5-1.8-3W7	Q17623
005.SCG*LB2.CP-3++7.N.-2.26-7.28-3W6	Q17624
005.SCG*LB2.CP-2++5.N.22.3-2.4-1W5	Q17625
005.SCG*LB2.CP-4++4.N.10.1-2.7-2W10	Q17626
005.SCG*LB2.CP-6++2.N.-2.7-4.9-2W5	Q15794
005.SCG*LB3.CP16++0.N.-1.5-1.8-2W5	Q17627
005.SCG*LB3.CP-8++0.N.-9.22-1.24-10W15	Q17628
005.SCG*LB3.CP14++0.N.-3.1-2.4-2W9	Q17629
005.SCG*LB2.CP-6++0.N.11.11-4.13-7W13	Q12830
005.SCG*LB2.CP-3++3.N.-6.10-3.11-8W6	Q17630
005.SCG*LB2.CP-7++9.N.-6.1-2.2-3W2	Q17631
005.SCG*LB2.CP-1++9.N.-6.12-5.17-2W32	Q17632
005.SCG*LB3.CP-2++5.N.-9.12-4.14-5W10	Q17633
005.SCG*LB3.CP15++6.N.--.1-1.3-3W14	Q17634
005.SCG*LB2.CP-4++6.N.-6.1-2.5-4W26	Q17635
005.SCG*LB1.CP--++5.N.-4.8-1.12-4W16	Q17636
005.SCG*LB2.CP-8++0.N.16.3-4.4-6W5	Q17637
005.SCG*LB3.CP-8++5.N.-2.1-1.3-4W7	Q17638
005.SCG*LB3.CP-2++2.N.-6.1-1.6-6W7	Q17639
005.SCG*LB4.CP-7++2.N.12.14-3.17-5W3	Q17640
005.SCG*LB1.CP-6++0.N.-5.12-3.14-1W7	Q17641
005.SCG*LB4.CP-5++2.N.19.1-1.5-1W4	Q17642
005.SCG*LB1.CP-3++2.N.-2.6-8.10-6W4	Q17643
005.SCG*LB4.CP-5++4.N.-3.8-3.11-4W16	Q17644
005.SCG*LB1.CP-6++7.N.-2.17-3.21-1W21	Q17645
005.SCG*LB4.CP-6++9.N.-2.5-1.8-4W5	Q17646
005.SCG*LB1.CP-9++7.N.-5.4-5.5-5W6	Q17647
005.SCG*LB4.CP-7++6.N.-6.4-6.5-4W1	Q17648
005.SCG*LB3.CP10++2.N.-4.16-6.18-1W7	Q17649
005.SCG*LB2.CP-6++0.N.-4.11-1.15-7W19	Q17650
005.SCG*LB4.CP-2++8.N.-3.1-1.4-2W18	Q17651
005.SCG*LB3.CP13++0.N.-2.1-1.3-3W1	Q17652
005.SCG*LB3.CP--++2.N.-4.8-1.10-4W14	Q17653
005.SCG*LB4.CP-3++4.N.-5.2-7.4-4W4	Q17654
005.SCG*LB1.CP-9++3.N.-4.4-3.5-4W9	Q17655
005.SCG*LB3.CP15++4.N.-4.11-5.13-3W11	Q17656
005.SCG*LB4.CP-8++9.N.-2.6-3.12-1W38	Q17657
005.SCG*LB3.CP13++2.N.20.1-2.2-3W4	Q17658
005.SCG*LB2.CP-2++5.N.14.1-2.11-3W26	Q17659
005.SCG*LB3.CP14++7.N.-3.13-5.17-4W4	Q17660
005.SCG*LB2.CP-6++2.N.-3.1-1.4-3W5	Q15274
005.SCG*LB3.CP-1++6.N.-4.9-5.12-2W5	Q17661
005.SCG*LB2.CP-9++0.N.-3.16-1.18-3W13	Q17662
005.SCG*LB2.CP-4++1.N.12.11-1.16-7W48	Q17663
005.SCG*LB1.CP-9++3.N.10.11-2.11-7W5	Q17664
005.SCG*LB2.CP-6++9.N.-9.4-3.12-5W23	Q17665
005.SCG*LB3.CP-6++6.N.-4.11-2.12-4W4	Q17666
005.SCG*LB2.CP-5++9.N.12.5-3.7-5W4	Q17667
005.SCG*LB3.CP10++4.N.-7.10-7.12-4W2	Q17668
005.SCG*LB3.CP-8++0.N.19.1-1.3-4W1	Q17669
005.SCG*LB1.CP--++5.N.-2.14-1.16-3W14	Q17670
005.SCG*LB4.CP-3++2.N.-3.5-1.8-2W13	Q17671
005.SCG*LB4.CP-2++9.N.-2.3-2.8-1W32	Q17672
005.SCG*LB4.CP-3++1.N.-3.11-4.17-4W41	Q17673
005.SCG*LB2.CP-6++2.N.-2.9-3.12-6W15	Q17674
005.SCG*LB4.CP-1++4.N.-8.15-3.17-5W18	Q17675
005.SCG*LB3.CP-2++0.N.-6.6-6.7-7W6	Q17676
005.SCG*LB1.CP-5++0.N.-7.7-1.11-6W26	Q17677
005.SCG*LB2.CP-7++5.N.16.1-1.6-2W21	Q17678
005.SCG*LB2.CP-6++0.N.10.1-1.3-5W7	Q17679
005.SCG*LB4.CP-7++5.N.-3.7-2.10-1W7	Q17680
005.SCG*LB3.CP11++9.N.-6.1-1.2-5W10	Q14325
005.SCG*LB2.CP-3++7.N.-5.3-1.5-2W2	Q17681
005.SCG*LB3.CP-5++4.N.-2.4-2.5-1W3	Q17682
005.SCG*LB3.CP15++9.N.-2.17-22-6W21	Q17683
005.SCG*LB4.CP--++6.N.-9.3-4.3-5W2	Q17684
005.SCG*LB4.CP-5++5.N.16.12-2.14-3W3	Q17685
005.SCG*LB2.CP-7++0.N.-2.10-7.13-4W20	Q17686
005.SCG*LB2.CP-7++9.N.-5.8-1.9-1W3	Q17687
005.SCG*LB4.CP-4++8.N.-2.12-2.15-1W15	Q17688
005.SCG*LB1.CP-8++9.N.-2.7-2.8-5W7	Q17689
005.SCG*LB2.CP-5++8.N.11.3-1.10-3W26	Q17690
005.SCG*LB4.CP--++9.N.-2.1-1.5-2W6	Q14021
005.SCG*LB3.CP12++2.N.-4.11-5.14-3W5	Q17691
005.SCG*LB4.CP-8++8.N.-1.3-5.7-1W6	Q17692
005.SCG*LB4.CP-2++9.N.-7.9-5.14-2W18	Q17693
005.SCG*LB4.CP--++2.N.-5.14-7.19-6W33	Q17694
005.SCG*LB3.CP13++2.N.27.1-1.9-2W14	Q17695
005.SCG*LB4.CP-9++0.N.-5.3-1.5-1W13	Q17696
005.SCG*LB1.CP-1++0.N.-4.9-8.12-2W4	Q14678
005.SCG*LB1.CP-4++3.N.-1.7-2.10-1W11	Q17697
005.SCG*LB4.CP-9++2.N.-7.8-1.13-4W36	Q17698
005.SCG*LB2.CP-8++8.N.-3.6-1.8-4W5	Q17699
005.SCG*LB2.CP-1++2.N.-2.9-7.12-6W8	Q15646
005.SCG*LB3.CP-2++3.N.-4.16-1.17-4W8	Q17700
005.SCG*LB4.CP-5++5.N.22.1-1.5-1W6	Q17701
005.SCG*LB2.CP-7++4.N.11.6-3.6-6W2	Q17702
005.SCG*LB3.CP-1++1.N.-4.7-5.8-4W5	Q17703
005.SCG*LB3.CP-4++5.N.-5.13-4.15-3W5	Q17704
005.SCG*LB4.CP--++8.N.-2.1-1.6-4W9	Q13744
005.SCG*LB1.CP-9++6.N.-4.7-1.9-4W10	Q17705
005.SCG*LB4.CP-5++3.N.-1.7-4.11-6W1	Q17706
005.SCG*LB4.CP--++8.N.-4.36-2.36-7W4	Q17707
005.SCG*LB3.CP-5++3.N.-2.9-1.10-5W12	Q17708
005.SCG*LB2.CP-7++3.N.15.1-2.4-2W16	Q17709
005.SCG*LB2.CP-1++6.N.14.9-3.12-4W7	Q17710
005.SCG*LB3.CP-6++6.N.-2.4-3.5-6W8	Q17711
005.SCG*LB3.CP-4++9.N.11.12-3.17-3W23	Q17712
005.SCG*LB3.CP12++8.N.-1.1-1.5-5W27	Q17713
005.SCG*LB1.CP-6++1.N.-2.4-2.5-2W5	Q17714
005.SCG*LB3.CP-2++5.N.-9.25-3.31-1W32	Q17715
005.SCG*LB2.CP-8++6.N.-3.45-1.48-4W20	Q17716
005.SCG*LB4.CP-3++4.N.10.2-2.2-4W3	Q14632
005.SCG*LB3.CP13++1.N.-4.6-3.9-3W5	Q17717
005.SCG*LB3.CP-7++1.N.10.9-6.10-8W10	Q17718
005.SCG*LB3.CP-5++7.N.--.1-1.3-2W9	Q17719
005.SCG*LB2.CP-7++5.N.16.1-1.6-2W6	Q17720
005.SCG*LB3.CP-5++1.N.-4.36-3.38-1W3	Q17721
005.SCG*LB4.CP--++4.N.11.8-5.10-5W2	Q17722
005.SCG*LB3.CP-4++3.N.-5.6-6.9-2W13	Q17723
005.SCG*LB4.CP-8++1.N.-7.21-2.24-7W29	Q17724
005.SCG*LB4.CP-3++4.N.-9.4-1.7-1W20	Q17725
005.SCG*LB3.CP-5++4.N.14.1-1.7-4W9	Q17726
005.SCG*LB4.CP-6++4.N.--.1-1.2-3W4	Q17727
005.SCG*LB2.CP-7++1.N.-2.1-1.2-7W2	Q17728
005.SCG*LB1.CP-8++2.N.12.1-1.2-5W3	Q17729
005.SCG*LB2.CP-8++5.N.-7.5-1.8-1W22	Q14537
005.SCG*LB4.CP-4++9.N.10.6-5.9-2W16	Q17730
005.SCG*LB2.CP-1++9.N.-4.13-5.14-6W2	Q17731
005.SCG*LB4.CP-6++4.N.-3.1-1.4-7W26	Q17732
005.SCG*LB4.CP-7++6.N.-9.1-1.8-2W12	Q17733
005.SCG*LB1.CP-9++5.N.-5.3-8.6-3W13	Q17734
005.SCG*LB3.CP12++4.N.-3.5-3.7-2W3	Q17735
005.SCG*LB2.CP-9++7.N.-3.1-2.6-2W34	Q17736
005.SCG*LB3.CP-1++3.N.-3.5-2.6-6W8	Q17737
005.SCG*LB3.CP12++3.N.-7.22-6.26-2W17	Q17738
005.SCG*LB4.CP-2++3.N.11.6-7.8-8W13	Q17739
005.SCG*LB3.CP-1++7.N.-7.21-3.21-7W4	Q17740
005.SCG*LB2.CP-5++4.N.-3.3-2.4-5W4	Q17741
005.SCG*LB3.CP14++0.N.-2.4-3.6-5W9	Q17742
005.SCG*LB3.CP13++5.N.20.14-1.16-2W13	Q17743
005.SCG*LB3.CP--++7.N.-8.8-4.9-3W2	Q17744
005.SCG*LB1.CP-9++9.N.-2.4-6.6-8W11	Q17745
005.SCG*LB3.CP-2++3.N.-8.11-8.13-3W8	Q17746
005.SCG*LB3.CP-2++6.N.14.12-2.13-5W8	Q17747
005.SCG*LB1.CP-8++5.N.-4.9-3.16-7W14	Q17748
005.SCG*LB4.CP-7++2.N.-3.18-1.21-3W11	Q17749
005.SCG*LB4.CP-5++3.N.-2.5-3.6-4W8	Q17750
005.SCG*LB4.CP-2++3.N.-6.7-3.11-2W17	Q14992
005.SCG*LB3.CP11++5.N.-3.7-3.8-4W5	Q17751
005.SCG*LB3.CP12++0.N.-9.8-5.11-2W5	Q17752
005.SCG*LB2.CP-8++6.N.-7.1-2.3-6W8	Q17753
005.SCG*LB3.CP-2++3.N.-6.13-5.14-7W6	Q17754
005.SCG*LB4.CP--++4.N.13.1-2.5-7W10	Q17755
005.SCG*LB1.CP-5++5.N.-7.1-2.4-3W15	Q17756
005.SCG*LB3.CP-3++9.N.-4.5-4.7-3W7	Q17757
005.SCG*LB4.CP-9++0.N.-9.12-1.16-3W12	Q17758
005.SCG*LB4.CP-5++1.N.-2.4-1.6-1W16	Q17759
005.SCG*LB2.CP-4++0.N.-4.3-6.8-1W13	Q17760
005.SCG*LB4.CP-6++6.N.-3.5-1.12-3W4	Q17761
005.SCG*LB1.CP-9++1.N.-8.8-7.10-6W15	Q17762
005.SCG*LB3.CP13++6.N.10.7-1.8-2W6	Q17763
005.SCG*LB4.CP-3++4.N.-5.6-7.9-3W6	Q17764
005.SCG*LB3.CP-8++6.N.14.10-1.11-1W5	Q17765
005.SCG*LB3.CP-9++2.N.-8.8-1.13-1W22	Q17766
005.SCG*LB4.CP-1++6.N.11.3-2.5-7W17	Q17767
005.SCG*LB1.CP-3++1.N.-2.16-6.20-1W20	Q17768
005.SCG*LB3.CP10++9.N.10.1-1.4-5W3	Q17769
005.SCG*LB3.CP-4++9.N.-3.34-7.37-2W4	Q17770
005.SCG*LB1.CP-1++1.N.-2.1-1.3-7W20	Q17771
005.SCG*LB3.CP-8++4.N.11.5-1.7-1W3	Q17772
005.SCG*LB3.CP10++3.N.-2.5-2.9-5W16	Q17773
005.SCG*LB3.CP-1++7.N.-4.8-1.10-1W3	Q17774
005.SCG*LB2.CP-1++1.N.-5.1-2.2-6W2	Q13445
005.SCG*LB2.CP-3++9.N.-5.1-2.2-4W8	Q17775
005.SCG*LB2.CP-2++5.N.11.6-5.8-6W16	Q17776
005.SCG*LB4.CP-1++1.N.-8.14-1.18-5W14	Q17777
005.SCG*LB3.CP14++4.N.-2.12-7.17-2W8	Q17778
005.SCG*LB2.CP-7++4.N.13.1-2.4-3W16	Q17779
005.SCG*LB3.CP-9++5.N.-7.1-1.1-6W4	Q15430
005.SCG*LB2.CP-8++8.N.12.9-1.12-2W13	Q17780
005.SCG*LB2.CP-9++8.N.13.15-6.19-7W27	Q17781
005.SCG*LB4.CP-8++0.N.-3.1-2.3-5W2	Q17782
005.SCG*LB2.CP-6++8.N.10.1-1.12-3W29	Q17783
005.SCG*LB3.CP-7++5.N.12.1-2.3-6W4	Q17784
005.SCG*LB1.CP--++4.N.-3.28-3.31-2W5	Q17785
005.SCG*LB3.CP14++7.N.-3.12-1.13-4W4	Q17786
005.SCG*LB3.CP12++1.N.-1.9-4.11-1W8	Q17787
005.SCG*LB2.CP-5++2.N.-7.18-1.19-3W6	Q17788
005.SCG*LB4.CP-5++3.N.27.6-1.7-3W4	Q17789
005.SCG*LB3.CP12++4.N.-3.7-3.11-3W15	Q17790
005.SCG*LB2.CP-4++4.N.-1.1-1.4-6W2	Q17791
005.SCG*LB3.CP-5++5.N.-3.6-5.10-1W19	Q17792
005.SCG*LB2.CP-5++4.N.10.3-4.4-4W5	Q17793
005.SCG*LB1.CP-2++0.N.-8.10-3.12-4W12	Q17794
005.SCG*LB3.CP-7++5.N.-2.7-2.9-4W16	Q17795
005.SCG*LB2.CP-6++0.N.11.8-4.11-3W10	Q17796
005.SCG*LB3.CP11++2.N.-4.7-3.10-1W4	Q17797
005.SCG*LB1.CP-8++0.N.-2.1-1.4-4W18	Q17798
005.SCG*LB1.CP-7++2.N.-9.15-5.18-5W24	Q17799
005.SCG*LB4.CP-8++3.N.11.25-1.27-2W16	Q17800
005.SCG*LB4.CP-7++9.N.-1.13-1.16-3W6	Q17801
005.SCG*LB4.CP-3++3.N.-5.11-5.15-3W14	Q17802
005.SCG*LB2.CP-8++3.N.25.52-1.54-1W4	Q17803
005.SCG*LB4.CP-8++5.N.-1.1-1.4-2W5	Q17804
005.SCG*LB4.CP-7++8.N.-5.16-1.17-4W13	Q17805
005.SCG*LB1.CP-4++3.N.16.1-1.4-6W12	Q17806
005.SCG*LB2.CP-9++2.N.-6.5-1.11-4W35	Q17807
005.SCG*LB4.CP-1++9.N.-8.9-1.12-1W29	Q17808
005.SCG*LB1.CP-2++0.N.31.6-2.9-5W9	Q17809
005.SCG*LB3.CP-5++6.N.-2.1-1.4-3W5	Q17810
005.SCG*LB3.CP-6++2.N.-6.1-2.7-1W31	Q17811
005.SCG*LB3.CP10++9.N.-3.1-1.4-5W20	Q17812
005.SCG*LB3.CP15++4.N.-7.9-5.11-5W12	Q17813
005.SCG*LB4.CP-7++8.N.-5.7-4.8-1W2	Q17814
005.SCG*LB3.CP13++9.N.17.3-6.4-7W3	Q17815
005.SCG*LB3.CP-1++2.N.-3.6-4.8-2W13	Q17816
005.SCG*LB3.CP13++4.N.-1.1-1.4-2W3	Q17817
005.SCG*LB2.CP-3++5.N.-8.12-4.18-2W4	Q17818
005.SCG*LB4.CP-3++1.N.-3.4-1.6-1W11	Q17819
005.SCG*LB2.CP-7++0.N.-4.17-4.21-2W13	Q17820
005.SCG*LB4.CP-3++4.N.14.27-3.32-1W11	Q17821
005.SCG*LB3.CP-2++1.N.-6.6-5.9-1W5	Q17822
005.SCG*LB3.CP13++5.N.22.23-1.26-5W25	Q17823
005.SCG*LB4.CP-4++3.N.-5.16-4.19-1W3	Q17824
005.SCG*LB1.CP-7++1.N.-7.3-3.7-2W5	Q17825
005.SCG*LB3.CP-7++5.N.12.6-1.8-5W4	Q17826
005.SCG*LB4.CP--++8.N.-8.33-4.34-3W1	Q17827
005.SCG*LB2.CP-6++2.N.-2.12-7.14-6W7	Q17828
005.SCG*LB1.CP-1++3.N.15.1-1.3-3W11	Q17829
005.SCG*LB3.CP-2++3.N.-2.4-2.8-4W23	Q17830
005.SCG*LB1.CP-5++0.N.-6.9-5.10-7W1	Q17831
005.SCG*LB3.CP-9++4.N.11.1-1.6-3W19	Q17832
005.SCG*LB3.CP-9++5.N.-1.1-1.4-3W3	Q17833
005.SCG*LB2.CP-3++7.N.-5.5-3.7-1W6	Q17834
005.SCG*LB2.CP-8++7.N.-3.8-3.10-8W4	Q17835
005.SCG*LB4.CP-2++3.N.-5.1-1.3-2W1	Q17836
005.SCG*LB2.CP-7++5.N.-5.1-1.5-3W15	Q17837
005.SCG*LB4.CP-7++3.N.-8.1-1.4-3W18	Q17838
005.SCG*LB1.CP-1++3.N.19.22-1.25-3W21	Q17839
005.SCG*LB3.CP--++3.N.-4.1-2.4-5W10	Q17840
005.SCG*LB3.CP-4++3.N.-2.17-2.21-2W27	Q17841
005.SCG*LB2.CP-3++4.N.-5.6-3.7-3W6	Q17842
005.SCG*LB2.CP--++1.N.-3.5-4.8-3W21	Q17843
005.SCG*LB1.CP-1++3.N.-2.3-3.4-5W4	Q17844
005.SCG*LB3.CP14++7.N.-2.15-4.21-3W1	Q17845
005.SCG*LB4.CP-1++1.N.13.14-5.18-5W1	Q17846
005.SCG*LB4.CP-1++7.N.12.7-5.7-7W3	Q13429
005.SCG*LB2.CP-6++5.N.-9.1-1.4-6W18	Q17847
005.SCG*LB2.CP-9++0.N.-8.15-5.16-5W2	Q5268
005.SCG*LB1.CP-5++6.N.-8.1-1.5-4W28	Q17848
005.SCG*LB3.CP12++3.N.-8.18-1.21-6W1	Q17849
005.SCG*LB3.CP-1++7.N.-7.15-3.18-1W7	Q17850
005.SCG*LB3.CP10++9.N.-8.14-6.18-2W21	Q14031
005.SCG*LB2.CP-1++5.N.--.1-1.2-1W3	Q17851
005.SCG*LB2.CP-1++3.N.-3.11-3.13-5W3	Q17852
005.SCG*LB3.CP-4++6.N.-3.1-2.4-4W15	Q17853
005.SCG*LB3.CP12++0.N.-4.5-2.8-6W8	Q17854
005.SCG*LB3.CP13++6.N.14.1-1.4-1W9	Q17855
005.SCG*LB3.CP10++1.N.-2.2-5.8-1W10	Q17856
005.SCG*LB1.CP-4++2.N.19.15-4.16-3W8	Q17857
005.SCG*LB2.CP-7++4.N.12.1-1.5-1W12	Q13623
005.SCG*LB3.CP-4++7.N.-4.37-1.40-1W9	Q17858
005.SCG*LB3.CP15++4.N.-5.3-4.5-5W15	Q17859
005.SCG*LB3.CP15++8.N.-4.2-5.4-3W12	Q17860
005.SCG*LB1.CP-4++8.N.-2.3-2.4-3W5	Q17861
005.SCG*LB4.CP-3++9.N.-2.10-4.12-1W10	Q17862
005.SCG*LB1.CP-7++1.N.-4.5-4.7-2W5	Q17863
005.SCG*LB2.CP--++4.N.-1.8-2.10-2W5	Q17864
005.SCG*LB2.CP-2++3.N.-4.4-1.5-6W16	Q17865
005.SCG*LB1.CP-4++3.N.11.5-6.7-5W10	Q17866
005.SCG*LB4.CP-7++8.N.-6.1-1.2-5W10	Q17867
005.SCG*LB3.CP-7++8.N.-5.1-2.3-3W4	Q17868
005.SCG*LB3.CP-8++4.N.14.1-1.4-5W1	Q17869
005.SCG*LB3.CP12++1.N.-5.1-1.1-6W2	Q17870
005.SCG*LB1.CP-4++2.N.10.19-1.20-1W3	Q17871
005.SCG*LB2.CP-5++6.N.-7.27-1.30-3W3	Q17872
005.SCG*LB3.CP10++2.N.-2.5-2.6-3W4	Q17873
005.SCG*LB1.CP-6++8.N.-1.1-1.3-2W3	Q17874
005.SCG*LB3.CP--++2.N.-6.8-1.12-8W5	Q17875
005.SCG*LB1.CP-6++5.N.12.3-4.7-1W10	Q17876
005.SCG*LB3.CP11++4.N.--.1-1.2-2W5	Q17877
005.SCG*LB1.CP-6++3.N.-4.7-6.9-1W3	Q17878
005.SCG*LB2.CP-8++2.N.12.1-1.2-4W8	Q17879
005.SCG*LB3.CP13++5.N.24.24-7.31-6W4	Q17880
005.SCG*LB3.CP-4++1.N.-4.3-3.7-5W17	Q17881
005.SCG*LB3.CP--++8.N.13.1-1.7-3W43	Q13019
005.SCG*LB4.CP-5++9.N.-1.12-2.15-3W6	Q17882
005.SCG*LB1.CP-1++1.N.-3.3-7.6-6W3	Q17883
005.SCG*LB4.CP-2++1.N.-9.5-6.6-3W1	Q17884
005.SCG*LB2.CP-9++1.N.-7.6-2.8-5W15	Q17885
005.SCG*LB3.CP-4++5.N.-2.1-1.3-1W4	Q17886
005.SCG*LB4.CP-2++2.N.-3.15-7.17-6W3	Q17887
005.SCG*LB2.CP-3++0.N.15.1-1.12-5W56	Q17888
005.SCG*LB2.CP-3++0.N.-4.1-2.3-8W19	Q17889
005.SCG*LB4.CP-4++0.N.-7.1-2.2-6W10	Q17890
005.SCG*LB1.CP-6++0.N.-4.5-1.6-3W7	Q17891
005.SCG*LB3.CP-6++5.N.-7.6-5.8-3W4	Q17892
005.SCG*LB3.CP11++5.N.--.1-1.2-4W6	Q17893
005.SCG*LB4.CP-4++8.N.-3.1-1.5-2W14	Q15236
005.SCG*LB4.CP--++6.N.-5.4-2.6-5W10	Q17894
005.SCG*LB4.CP-1++0.N.-7.12-4.13-1W4	Q17895
005.SCG*LB4.CP-5++0.N.-5.13-5.17-3W12	Q17896
005.SCG*LB3.CP-8++5.N.20.1-1.4-4W15	Q17897
005.SCG*LB3.CP15++0.N.-2.3-2.4-5W1	Q14533
005.SCG*LB1.CP-1++4.N.-2.9-5.12-1W16	Q17898
005.SCG*LB1.CP--++3.N.-4.29-1.30-5W1	Q17899
005.SCG*LB3.CP15++1.N.-5.1-2.6-1W30	Q17900
005.SCG*LB2.CP-3++2.N.-9.7-3.10-4W8	Q17901
005.SCG*LB3.CP-5++5.N.-4.1-2.3-5W10	Q17902
005.SCG*LB3.CP-2++0.N.-2.23-4.26-3W20	Q17903
005.SCG*LB2.CP-2++5.N.24.12-1.15-2W15	Q17904
005.SCG*LB1.CP-7++4.N.-5.1-2.2-5W5	Q17905
005.SCG*LB2.CP-2++5.N.-1.1-1.3-5W15	Q14950
005.SCG*LB4.CP-5++6.N.-2.8-3.10-1W1	Q17906
005.SCG*LB4.CP-1++1.N.19.11-1.16-5W7	Q13891
005.SCG*LB4.CP-6++5.N.-5.5-7.6-3W1	Q17907
005.SCG*LB4.CP-4++1.N.-8.1-1.9-2W48	Q17908
005.SCG*LB4.CP-5++5.N.10.5-5.8-2W1	Q17909
005.SCG*LB3.CP-6++2.N.10.4-2.7-4W22	Q17910
005.SCG*LB3.CP-8++5.N.15.6-2.10-1W15	Q17911
005.SCG*LB2.CP-3++3.N.-8.7-5.10-7W11	Q17912
005.SCG*LB1.CP--++2.N.-5.1-1.3-1W5	Q17913
005.SCG*LB3.CP15++5.N.-9.1-1.4-7W12	Q17914
005.SCG*LB4.CP-7++0.N.10.1-1.7-4W8	Q17915
005.SCG*LB3.CP-6++4.N.-7.1-2.5-4W20	Q17916
005.SCG*LB1.CP-5++7.N.11.1-1.3-1W11	Q17917
005.SCG*LB3.CP-9++8.N.-5.1-1.4-3W15	Q17918
005.SCG*LB3.CP-4++4.N.-2.2-5.8-5W5	Q17919
005.SCG*LB4.CP--++8.N.-3.10-5.12-5W2	Q17920
005.SCG*LB4.CP-7++1.N.-3.2-4.4-2W14	Q17921
005.SCG*LB4.CP-5++5.N.13.37-2.40-3W23	Q17922
005.SCG*LB4.CP--++7.N.-8.3-3.6-2W5	Q17923
005.SCG*LB1.CP-5++0.N.-4.2-5.2-8W1	Q17924
005.SCG*LB3.CP-8++2.N.-6.24-4.27-2W13	Q17925
005.SCG*LB3.CP14++1.N.-2.1-1.3-1W1	Q17926
005.SCG*LB3.CP14++4.N.-5.4-5.9-1W8	Q17927
005.SCG*LB4.CP-7++2.N.-6.1-1.8-6W27	Q17928
005.SCG*LB2.CP-2++3.N.-4.5-7.9-2W20	Q17929
005.SCG*LB2.CP-8++5.N.14.5-2.7-2W5	Q17930
005.SCG*LB4.CP-7++2.N.-5.2-6.6-2W9	Q17931
005.SCG*LB4.CP--++5.N.11.13-1.14-8W13	Q17932
005.SCG*LB3.CP-8++5.N.19.19-1.21-5W5	Q17933
005.SCG*LB1.CP-4++3.N.14.7-4.9-4W13	Q17934
005.SCG*LB1.CP-1++3.N.28.1-1.5-6W5	Q17935
005.SCG*LB4.CP-7++0.N.-8.6-7.9-6W27	Q17936
005.SCG*LB3.CP-9++7.N.12.23-1.25-3W18	Q17937
005.SCG*LB2.CP-1++3.N.-3.11-3.13-5W11	Q17938
005.SCG*LB1.CP--++8.N.-2.5-1.8-1W11	Q17939
005.SCG*LB3.CP-2++2.N.-2.15-4.18-2W17	Q17940
005.SCG*LB3.CP-9++3.N.-5.7-1.9-5W17	Q17941
005.SCG*LB3.CP13++2.N.-2.1-1.4-4W5	Q17942
005.SCG*LB4.CP-1++3.N.10.1-1.3-7W9	Q17943
005.SCG*LB2.CP-4++1.N.-9.7-3.9-3W2	Q17944
005.SCG*LB4.CP--++6.N.10.11-1.14-1W1	Q17945
005.SCG*LB3.CP16++3.N.-1.17-1.19-3W6	Q17946
005.SCG*LB1.CP-2++0.N.24.1-1.5-4W18	Q17947
005.SCG*LB1.CP-6++9.N.15.9-6.13-4W25	Q17948
005.SCG*LB2.CP-9++1.N.-6.1-2.3-3W7	Q17949
005.SCG*LB3.CP12++2.N.-7.1-1.3-4W5	Q17950
005.SCG*LB4.CP-9++5.N.-7.5-3.11-1W4	Q17951
005.SCG*LB3.CP14++6.N.-8.18-3.20-2W13	Q17952
005.SCG*LB2.CP-7++9.N.-8.2-4.5-5W12	Q17953
005.SCG*LB1.CP-1++2.N.-9.1-1.5-1W24	Q17954
005.SCG*LB4.CP-3++4.N.-2.38-1.43-1W37	Q17955
005.SCG*LB1.CP-4++6.N.-2.4-4.6-1W11	Q17956
005.SCG*LB1.CP-6++3.N.-8.8-4.9-3W8	Q17957
005.SCG*LB1.CP-4++4.N.-7.13-1.15-7W17	Q13817
005.SCG*LB4.CP-1++7.N.11.10-1.11-5W3	Q17958
005.SCG*LB4.CP-3++7.N.-4.3-2.5-1W13	Q17959
005.SCG*LB3.CP-9++9.N.-2.25-1.27-2W16	Q17960
005.SCG*LB1.CP-3++0.N.-2.8-1.14-1W16	Q17961
005.SCG*LB4.CP-5++5.N.27.10-1.12-2W5	Q17962
005.SCG*LB3.CP14++0.N.-6.6-6.11-1W30	Q17963
005.SCG*LB3.CP13++8.N.-5.1-1.5-3W1	Q17964
005.SCG*LB4.CP-7++1.N.-5.15-1.15-7W7	Q17965
005.SCG*LB2.CP-5++2.N.-7.1-2.4-2W6	Q17966
005.SCG*LB4.CP-8++3.N.19.21-7.23-3W10	Q17967
005.SCG*LB1.CP-7++2.N.-3.17-2.19-5W10	Q17968
005.SCG*LB3.CP-1++0.N.-7.3-4.9-3W15	Q17969
005.SCG*LB4.CP-8++3.N.13.5-1.12-6W7	Q17970
005.SCG*LB3.CP13++6.N.14.1-1.4-1W20	Q17971
005.SCG*LB2.CP-8++6.N.-3.17-1.18-2W4	Q17972
005.SCG*LB2.CP-3++8.N.15.11-5.13-7W14	Q17973
005.SCG*LB2.CP-1++2.N.-2.14-3.16-2W14	Q17974
005.SCG*LB4.CP-1++1.N.-6.1-1.3-3W4	Q17975
005.SCG*LB3.CP-7++8.N.-1.1-1.7-1W25	Q17976
005.SCG*LB2.CP-4++7.N.-4.19-5.21-4W9	Q17977
005.SCG*LB2.CP--++2.N.-2.18-3.20-3W13	Q14741
005.SCG*LB1.CP-3++9.N.-2.5-2.10-5W3	Q17978
005.SCG*LB1.CP--++5.N.-2.1-1.2-7W12	Q17979
005.SCG*LB3.CP-4++8.N.-5.11-1.18-1W9	Q17980
005.SCG*LB3.CP10++7.N.-8.1-2.7-1W32	Q17981
005.SCG*LB3.CP-2++6.N.20.5-2.8-1W10	Q17982
005.SCG*LB4.CP-3++0.N.-8.8-5.13-1W32	Q17983
005.SCG*LB1.CP-8++9.N.-5.4-2.6-7W21	Q17984
005.SCG*LB4.CP--++8.N.-3.1-1.5-5W15	Q14335
005.SCG*LB3.CP-4++5.N.-5.11-2.13-3W6	Q17985
005.SCG*LB3.CP-9++2.N.-8.33-3.34-6W14	Q17986
005.SCG*LB2.CP-8++3.N.25.3-3.9-2W1	Q17987
005.SCG*LB2.CP-8++8.N.12.1-2.1-6W2	Q17988
005.SCG*LB1.CP-1++3.N.13.7-1.10-4W12	Q17989
005.SCG*LB3.CP10++9.N.-8.19-1.22-4W12	Q17990
005.SCG*LB2.CP-6++2.N.12.1-2.2-4W5	Q12945
005.SCG*LB1.CP-1++5.N.-6.5-5.5-7W1	Q17991
005.SCG*LB3.CP-5++0.N.-1.1-1.3-2W4	Q17992
005.SCG*LB3.CP-3++9.N.-1.20-4.23-1W4	Q17993
005.SCG*LB2.CP-7++6.N.19.1-1.9-2W40	Q17994
005.SCG*LB3.CP-7++1.N.12.3-5.14-1W30	Q17995
005.SCG*LB1.CP-5++1.N.-1.1-1.4-4W4	Q17996
005.SCG*LB3.CP10++2.N.-1.1-1.3-1W5	Q17997
005.SCG*LB4.CP-7++2.N.12.1-1.6-5W25	Q17998
005.SCG*LB1.CP-5++7.N.-6.5-4.7-1W4	Q17999
005.SCG*LB4.CP-1++1.N.11.1-1.6-4W30	Q18000
005.SCG*LB1.CP-1++3.N.15.3-7.5-6W14	Q18001
005.SCG*LB1.CP-7++2.N.-2.6-1.6-5W5	Q18002
005.SCG*LB2.CP-9++8.N.13.35-3.38-6W4	Q13509
005.SCG*LB2.CP-2++5.N.17.1-1.2-4W9	Q18003
005.SCG*LB2.CP-5++8.N.-5.5-2.7-6W3	Q18004
005.SCG*LB4.CP-8++4.N.16.4-1.8-8W10	Q18005
005.SCG*LB4.CP-3++2.N.-1.1-1.3-3W15	Q18006
005.SCG*LB2.CP-2++5.N.25.3-3.7-7W11	Q18007
005.SCG*LB4.CP-5++3.N.12.3-2.6-3W7	Q18008
005.SCG*LB2.CP-3++0.N.-6.1-2.4-2W19	Q18009
005.SCG*LB2.CP-8++0.N.-9.27-1.29-5W13	Q18010
005.SCG*LB2.CP-6++5.N.-2.6-2.8-3W11	Q18011
005.SCG*LB2.CP-5++5.N.-5.17-3.19-3W6	Q18012
005.SCG*LB3.CP-6++7.N.-3.8-1.9-4W12	Q18013
005.SCG*LB2.CP-8++0.N.13.31-2.33-3W10	Q18014
005.SCG*LB2.CP-8++5.N.-8.1-2.4-5W16	Q18015
005.SCG*LB4.CP-3++5.N.-8.32-1.36-3W12	Q18016
005.SCG*LB1.CP-5++3.N.-2.13-4.17-1W23	Q18017
005.SCG*LB2.CP-9++8.N.-9.15-7.17-2W2	Q18018
005.SCG*LB2.CP-8++3.N.17.1-2.6-3W33	Q18019
005.SCG*LB1.CP-6++4.N.-1.10-1.11-3W5	Q5221
005.SCG*LB4.CP-3++3.N.-3.10-4.14-6W23	Q18020
005.SCG*LB4.CP--++7.N.-7.6-6.7-2W4	Q15177
005.SCG*LB1.CP-1++1.N.-1.9-1.11-8W11	Q18021
005.SCG*LB4.CP--++1.N.12.11-6.12-2W1	Q18022
005.SCG*LB2.CP-2++2.N.-4.1-2.2-2W6	Q18023
005.SCG*LB3.CP-4++3.N.-6.17-3.22-2W5	Q18024
005.SCG*LB4.CP-5++5.N.21.6-1.9-4W16	Q18025
005.SCG*LB3.CP11++6.N.-2.24-1.25-1W5	Q18026
005.SCG*LB3.CP-9++7.N.-2.19-1.23-4W19	Q18027
005.SCG*LB2.CP--++2.N.-4.13-5.14-1W4	Q13041
005.SCG*LB2.CP-2++6.N.-3.3-1.6-3W7	Q18028
005.SCG*LB3.CP14++0.N.-9.3-1.5-5W18	Q18029
005.SCG*LB1.CP-4++6.N.-5.7-2.10-3W7	Q18030
005.SCG*LB2.CP-8++4.N.-3.3-2.6-3W7	Q18031
005.SCG*LB3.CP-4++3.N.-2.14-3.17-1W6	Q18032
005.SCG*LB3.CP-4++1.N.-3.10-1.12-6W13	Q18033
005.SCG*LB3.CP-9++5.N.17.13-1.13-7W4	Q14143
005.SCG*LB1.CP-6++7.N.-2.17-3.21-1W7	Q18034
005.SCG*LB3.CP-2++1.N.-5.19-3.21-3W10	Q18035
005.SCG*LB2.CP-3++1.N.-2.5-1.5-7W5	Q18036
005.SCG*LB4.CP-7++0.N.-6.13-4.15-3W7	Q18037
005.SCG*LB2.CP-1++6.N.-6.21-3.22-5W4	Q18038
005.SCG*LB4.CP-7++1.N.-6.7-5.9-5W13	Q18039
005.SCG*LB2.CP-9++2.N.-8.7-4.11-2W9	Q18040
005.SCG*LB1.CP-2++0.N.19.1-1.6-5W30	Q18041
005.SCG*LB3.CP-5++4.N.-9.3-1.8-4W19	Q18042
005.SCG*LB3.CP-4++5.N.-2.8-1.10-3W12	Q18043
005.SCG*LB3.CP-7++9.N.-3.11-2.15-1W23	Q18044
005.SCG*LB2.CP-2++3.N.10.1-2.5-1W13	Q4199
005.SCG*LB3.CP13++4.N.-3.4-1.8-2W1	Q18045
005.SCG*LB3.CP-7++6.N.-7.26-1.28-1W13	Q18046
005.SCG*LB3.CP-2++3.N.11.22-2.25-3W13	Q18047
005.SCG*LB4.CP-7++2.N.-6.14-1.17-2W21	Q14771
005.SCG*LB2.CP-3++0.N.14.4-1.6-3W10	Q18048
005.SCG*LB3.CP12++0.N.24.7-4.9-2W3	Q18049
005.SCG*LB4.CP-4++9.N.-9.6-5.11-5W9	Q18050
005.SCG*LB2.CP-7++5.N.-8.20-2.24-5W10	Q18051
005.SCG*LB4.CP-1++6.N.-3.6-4.7-5W7	Q18052
005.SCG*LB4.CP-1++4.N.10.1-1.2-6W10	Q18053
005.SCG*LB1.CP-4++3.N.13.15-1.18-3W13	Q18054
005.SCG*LB4.CP-5++5.N.26.3-3.8-1W9	Q18055
005.SCG*LB4.CP--++6.N.13.2-7.4-6W7	Q18056
005.SCG*LB2.CP-7++5.N.-1.1-1.4-3W16	Q18057
005.SCG*LB2.CP-8++2.N.17.11-3.16-1W26	Q14854
005.SCG*LB4.CP-2++4.N.10.10-5.14-1W10	Q18058
005.SCG*LB1.CP-1++1.N.-2.20-5.22-1W3	Q18059
005.SCG*LB2.CP-3++1.N.-4.8-2.12-1W10	Q18060
005.SCG*LB3.CP-1++0.N.-7.11-2.13-3W13	Q18061
005.SCG*LB4.CP-8++2.N.-7.1-2.4-1W7	Q18062
005.SCG*LB4.CP-8++3.N.17.13-1.15-4W4	Q18063
005.SCG*LB2.CP-5++2.N.-7.14-1.16-1W5	Q18064
005.SCG*LB3.CP10++5.N.11.1-1.3-2W14	Q13109
005.SCG*LB2.CP-7++8.N.-9.4-4.6-4W7	Q18065
005.SCG*LB2.CP-9++2.N.-8.6-1.7-3W5	Q18066
005.SCG*LB3.CP-8++4.N.-3.8-5.10-7W2	Q18067
005.SCG*LB3.CP10++5.N.-5.11-2.13-2W8	Q18068
005.SCG*LB4.CP-6++4.N.-1.8-3.11-1W20	Q18069
005.SCG*LB3.CP-9++4.N.-2.34-1.38-1W10	Q18070
005.SCG*LB1.CP-7++3.N.-2.1-1.2-6W8	Q18071
005.SCG*LB3.CP-4++6.N.-5.3-3.6-4W8	Q18072
005.SCG*LB1.CP-4++4.N.-8.12-4.14-5W17	Q18073
005.SCG*LB4.CP-7++4.N.-2.7-7.11-1W2	Q18074
005.SCG*LB2.CP-9++0.N.-4.12-6.15-3W11	Q18075
005.SCG*LB1.CP-1++3.N.-3.8-3.8-6W3	Q15499
005.SCG*LB4.CP-6++3.N.-7.10-4.12-4W12	Q18076
005.SCG*LB3.CP13++8.N.-7.14-1.15-4W12	Q18077
005.SCG*LB3.CP16++1.N.-1.4-1.6-6W10	Q18078
005.SCG*LB4.CP--++4.N.14.6-4.8-6W9	Q18079
005.SCG*LB2.CP-9++8.N.-2.19-4.21-6W10	Q18080
005.SCG*LB3.CP-7++8.N.-1.13-2.15-3W1	Q18081
005.SCG*LB3.CP-6++3.N.-7.1-1.4-7W11	Q18082
005.SCG*LB1.CP-7++8.N.-4.3-4.6-4W17	Q18083
005.SCG*LB3.CP-8++6.N.14.11-2.15-4W16	Q5328
005.SCG*LB3.CP14++1.N.-2.5-2.8-2W10	Q18084
005.SCG*LB3.CP-7++2.N.--.1-1.2-5W5	Q18085
005.SCG*LB4.CP-6++9.N.-6.17-3.21-6W15	Q15546
005.SCG*LB2.CP-2++5.N.19.1-1.3-2W4	Q18086
005.SCG*LB3.CP14++8.N.-1.1-1.5-6W32	Q18087
005.SCG*LB4.CP-4++6.N.-1.1-1.7-5W21	Q18088
005.SCG*LB2.CP-9++1.N.-9.8-3.12-2W17	Q18089
005.SCG*LB2.CP-8++0.N.15.7-3.11-2W2	Q18090
005.SCG*LB4.CP-8++9.N.-4.1-1.4-7W22	Q18091
005.SCG*LB4.CP--++1.N.-9.6-1.10-4W9	Q18092
005.SCG*LB4.CP-6++3.N.-5.23-3.25-2W2	Q18093
005.SCG*LB3.CP-6++3.N.-4.11-4.14-2W10	Q18094
005.SCG*LB3.CP-1++0.N.-6.1-1.6-8W7	Q18095
005.SCG*LB4.CP-7++1.N.-3.1-2.2-3W5	Q18096
005.SCG*LB1.CP-7++1.N.14.5-5.9-5W16	Q18097
005.SCG*LB3.CP-2++4.N.-8.22-7.26-2W21	Q18098
005.SCG*LB3.CP-4++5.N.-5.15-4.20-1W8	Q18099
005.SCG*LB4.CP-3++5.N.11.5-5.8-2W4	Q18100
005.SCG*LB2.CP-6++2.N.-9.6-5.8-6W15	Q18101
005.SCG*LB4.CP-1++7.N.22.3-1.4-1W6	Q18102
005.SCG*LB4.CP-3++1.N.-2.6-5.9-5W18	Q18103
005.SCG*LB4.CP-3++5.N.-8.20-3.22-8W19	Q18104
005.SCG*LB4.CP-1++7.N.-2.6-2.7-2W2	Q18105
005.SCG*LB1.CP-4++2.N.-6.3-1.6-2W2	Q18106
005.SCG*LB1.CP-1++6.N.-6.4-6.6-3W10	Q18107
005.SCG*LB3.CP10++7.N.-8.1-2.7-1W3	Q18108
005.SCG*LB2.CP-5++6.N.-3.1-1.4-1W9	Q18109
005.SCG*LB4.CP-4++8.N.-3.11-5.15-6W24	Q18110
005.SCG*LB3.CP11++9.N.-4.1-1.5-3W17	Q18111
005.SCG*LB4.CP-1++7.N.10.11-3.12-2W7	Q18112
005.SCG*LB2.CP-8++5.N.-1.1-1.2-4W4	Q18113
005.SCG*LB1.CP-9++1.N.12.24-1.28-6W1	Q18114
005.SCG*LB2.CP-8++8.N.-9.1-2.10-4W11	Q18115
005.SCG*LB2.CP-4++1.N.10.2-6.3-7W9	Q18116
005.SCG*LB1.CP-7++2.N.-3.5-5.8-4W5	Q18117
005.SCG*LB2.CP-7++6.N.17.8-4.12-6W6	Q18118
005.SCG*LB1.CP-6++2.N.-1.1-1.3-4W12	Q18119
005.SCG*LB1.CP-9++3.N.-7.1-2.5-6W11	Q18120
005.SCG*LB3.CP15++1.N.-4.10-5.13-3W11	Q18121
005.SCG*LB1.CP-2++3.N.-3.1-2.3-6W13	Q18122
005.SCG*LB4.CP-3++1.N.-3.1-2.2-2W9	Q18123
005.SCG*LB4.CP-2++2.N.-2.1-1.3-3W6	Q18124
005.SCG*LB3.CP10++2.N.-3.13-4.15-6W16	Q18125
005.SCG*LB4.CP--++4.N.11.11-1.19-5W11	Q18126
005.SCG*LB3.CP-8++5.N.-9.6-3.7-5W6	Q18127
005.SCG*LB3.CP-9++2.N.-4.13-2.14-5W5	Q4801
005.SCG*LB1.CP-1++3.N.32.6-1.10-1W26	Q18128
005.SCG*LB1.CP10++0.N.-2.1-1.2-4W7	Q18129
005.SCG*LB1.CP-2++0.N.26.9-1.12-3W18	Q18130
005.SCG*LB1.CP-2++0.N.11.13-6.14-6W5	Q18131
005.SCG*LB3.CP-8++9.N.-8.3-4.6-5W14	Q18132
005.SCG*LB4.CP-9++5.N.-5.11-4.15-1W15	Q18133
005.SCG*LB2.CP-8++0.N.10.32-1.33-6W3	Q18134
005.SCG*LB1.CP-8++1.N.-5.3-5.5-4W12	Q18135
005.SCG*LB1.CP-2++0.N.-3.6-4.8-1W4	Q18136
005.SCG*LB4.CP-9++0.N.-7.13-5.16-6W1	Q18137
005.SCG*LB4.CP-8++2.N.-7.13-2.15-2W8	Q18138
005.SCG*LB3.CP-2++6.N.12.13-2.15-2W5	Q18139
005.SCG*LB2.CP-4++9.N.-3.8-7.9-5W5	Q18140
005.SCG*LB4.CP-6++6.N.-3.5-1.12-3W37	Q18141
005.SCG*LB1.CP-1++3.N.19.3-3.5-4W5	Q18142
005.SCG*LB2.CP-8++0.N.11.7-2.8-4W11	Q18143
005.SCG*LB4.CP--++9.N.-5.1-1.7-2W24	Q18144
005.SCG*LB1.CP-2++0.N.33.1-2.4-6W8	Q18145
005.SCG*LB1.CP-5++0.N.-2.11-4.13-4W10	Q18146
005.SCG*LB1.CP-9++3.N.-8.10-5.11-1W1	Q18147
005.SCG*LB2.CP-7++5.N.-4.12-1.13-5W6	Q18148
005.SCG*LB3.CP--++8.N.-6.1-2.3-4W13	Q18149
005.SCG*LB2.CP-4++2.N.-7.4-2.7-2W9	Q18150
005.SCG*LB4.CP-1++3.N.-2.5-2.6-3W1	Q18151
005.SCG*LB4.CP-1++3.N.-5.9-4.10-8W5	Q18152
005.SCG*LB3.CP12++5.N.10.9-6.15-4W30	Q18153
005.SCG*LB2.CP-8++3.N.-2.6-5.8-1W12	Q18154
005.SCG*LB3.CP15++4.N.-7.12-4.14-5W2	Q18155
005.SCG*LB4.CP-2++1.N.-6.19-5.19-7W1	Q18156
005.SCG*LB1.CP-9++8.N.-2.6-5.10-9W7	Q18157
005.SCG*LB2.CP-8++0.N.-8.21-5.23-7W7	Q18158
005.SCG*LB1.CP-7++8.N.-3.1-2.4-3W16	Q18159
005.SCG*LB2.CP-8++3.N.14.8-3.10-5W6	Q18160
005.SCG*LB3.CP-2++5.N.-5.11-4.14-1W12	Q18161
005.SCG*LB4.CP-3++7.N.-7.4-3.7-6W20	Q18162
005.SCG*LB2.CP-8++4.N.-2.1-1.5-8W4	Q12788
005.SCG*LB1.CP-1++5.N.-5.3-5.4-7W9	Q18163
005.SCG*LB3.CP10++4.N.-6.6-5.11-1W23	Q18164
005.SCG*LB1.CP-1++3.N.19.3-3.5-4W3	Q18165
005.SCG*LB2.CP-5++7.N.-6.17-7.21-2W14	Q18166
005.SCG*LB4.CP-3++8.N.10.5-5.7-2W1	Q13653
005.SCG*LB2.CP-3++2.N.-5.15-3.17-5W10	Q18167
005.SCG*LB3.CP-4++5.N.-3.13-3.14-2W3	Q18168
005.SCG*LB4.CP--++7.N.21.22-1.23-2W2	Q18169
005.SCG*LB4.CP-1++8.N.-8.1-1.8-6W38	Q18170
005.SCG*LB2.CP-3++8.N.-9.7-1.9-4W23	Q18171
005.SCG*LB2.CP-4++4.N.-5.1-2.7-8W18	Q18172
005.SCG*LB2.CP-5++7.N.-4.1-1.6-7W7	Q18173
005.SCG*LB3.CP-2++8.N.-3.9-5.10-5W8	Q18174
005.SCG*LB4.CP--++6.N.11.1-2.2-6W1	Q18175
005.SCG*LB2.CP-2++0.N.-2.9-3.10-4W5	Q18176
005.SCG*LB4.CP-3++4.N.12.12-5.14-2W14	Q18177
005.SCG*LB3.CP-4++9.N.-1.1-1.5-1W23	Q18178
005.SCG*LB3.CP13++2.N.-1.1-1.5-1W15	Q18179
005.SCG*LB3.CP14++2.N.-5.1-2.2-6W3	Q18180
005.SCG*LB4.CP--++9.N.-6.34-6.36-2W11	Q18181
005.SCG*LB4.CP-7++2.N.-1.3-7.8-1W14	Q18182
005.SCG*LB4.CP-5++5.N.13.19-3.23-2W6	Q18183
005.SCG*LB3.CP15++6.N.-2.8-1.9-6W12	Q18184
005.SCG*LB2.CP-8++2.N.11.4-1.6-6W4	Q18185
005.SCG*LB4.CP-1++3.N.-5.26-3.27-4W8	Q18186
005.SCG*LB2.CP-9++6.N.10.7-3.8-3W5	Q18187
005.SCG*LB3.CP--++5.N.-3.9-3.10-5W2	Q18188
005.SCG*LB4.CP-2++7.N.-4.2-6.4-4W11	Q18189
005.SCG*LB4.CP-1++7.N.-5.1-2.5-3W23	Q18190
005.SCG*LB2.CP-5++8.N.-4.17-5.18-2W3	Q18191
005.SCG*LB3.CP-7++5.N.-7.1-1.5-4W29	Q18192
005.SCG*LB4.CP-2++0.N.-4.1-2.4-4W15	Q18193
005.SCG*LB4.CP-9++0.N.-6.4-3.8-5W17	Q18194
005.SCG*LB4.CP-8++1.N.13.19-1.25-1W35	Q18195
005.SCG*LB4.CP-8++7.N.-2.15-5.17-6W2	Q18196
005.SCG*LB2.CP-1++2.N.-2.4-3.5-2W3	Q18197
005.SCG*LB3.CP12++6.N.-5.1-1.2-1W4	Q15269
005.SCG*LB3.CP-9++9.N.10.1-1.2-3W8	Q18198
005.SCG*LB4.CP-8++2.N.-5.16-5.18-1W9	Q18199
005.SCG*LB3.CP-7++7.N.-4.1-2.5-7W3	Q18200
005.SCG*LB3.CP-8++6.N.12.9-6.12-1W5	Q13752
005.SCG*LB2.CP-8++2.N.19.5-1.6-6W5	Q18201
005.SCG*LB2.CP-3++5.N.-3.19-3.22-4W12	Q18202
005.SCG*LB1.CP-8++1.N.-4.11-2.14-1W23	Q18203
005.SCG*LB4.CP-7++6.N.-5.6-6.9-1W6	Q18204
005.SCG*LB3.CP-4++3.N.10.9-2.14-1W29	Q18205
005.SCG*LB4.CP-5++5.N.19.9-6.12-3W13	Q18206
005.SCG*LB1.CP-2++0.N.11.10-2.12-2W6	Q18207
005.SCG*LB3.CP11++3.N.-3.1-2.3-6W4	Q18208
005.SCG*LB2.CP-7++3.N.17.10-3.12-4W10	Q13994
005.SCG*LB1.CP-1++3.N.-6.4-3.7-3W17	Q18209
005.SCG*LB2.CP-6++2.N.-5.1-2.5-2W21	Q18210
005.SCG*LB2.CP-5++5.N.-7.18-1.20-5W14	Q18211
005.SCG*LB3.CP16++3.N.-4.1-1.3-1W9	Q18212
005.SCG*LB4.CP-1++8.N.-8.23-1.23-8W3	Q18213
005.SCG*LB4.CP-8++2.N.-4.6-2.7-1W4	Q18214
005.SCG*LB3.CP-2++9.N.-2.4-1.6-4W6	Q18215
005.SCG*LB3.CP-7++6.N.-7.20-2.21-6W11	Q18216
005.SCG*LB3.CP-2++5.N.11.1-2.3-4W10	Q18217
005.SCG*LB1.CP-1++3.N.15.6-1.10-1W21	Q18218
005.SCG*LB3.CP-2++6.N.15.5-1.9-4W10	Q18219
005.SCG*LB2.CP-6++2.N.13.5-1.7-4W16	Q18220
005.SCG*LB1.CP-6++5.N.12.3-4.7-1W6	Q18221
005.SCG*LB3.CP-9++0.N.-3.4-6.8-3W15	Q18222
005.SCG*LB2.CP-2++5.N.13.3-3.7-5W16	Q18223
005.SCG*LB2.CP-9++3.N.-3.1-2.3-1W2	Q18224
005.SCG*LB2.CP-7++6.N.19.19-4.22-4W19	Q18225
005.SCG*LB4.CP-8++8.N.-1.1-1.3-4W2	Q18226
005.SCG*LB1.CP--++3.N.-4.5-6.8-2W10	Q18227
005.SCG*LB4.CP-7++8.N.-1.7-1.10-5W6	Q18228
005.SCG*LB4.CP--++7.N.12.1-2.4-3W11	Q18229
005.SCG*LB2.CP-3++4.N.-3.14-1.17-2W11	Q18230
005.SCG*LB3.CP-2++7.N.-8.6-1.8-4W15	Q18231
005.SCG*LB3.CP14++6.N.-1.9-1.10-1W8	Q18232
005.SCG*LB4.CP-5++5.N.-5.22-2.24-3W7	Q18233
005.SCG*LB1.CP-9++3.N.11.5-8.6-5W4	Q18234
005.SCG*LB3.CP-3++9.N.-2.3-2.5-4W8	Q18235
005.SCG*LB2.CP-2++7.N.-3.2-5.5-1W1	Q18236
005.SCG*LB1.CP-9++1.N.10.4-7.7-3W20	Q18237
005.SCG*LB1.CP-5++6.N.-6.4-3.6-1W9	Q18238
005.SCG*LB1.CP-9++1.N.-4.11-6.13-6W14	Q18239
005.SCG*LB2.CP-6++8.N.12.8-3.13-3W22	Q18240
005.SCG*LB2.CP-6++5.N.-8.5-1.7-5W20	Q18241
005.SCG*LB2.CP-4++6.N.-2.17-5.22-1W8	Q18242
005.SCG*LB3.CP-2++7.N.-6.4-5.5-6W7	Q18243
005.SCG*LB4.CP--++9.N.-6.14-1.18-3W12	Q14396
005.SCG*LB3.CP-2++6.N.-8.9-4.11-2W7	Q18244
005.SCG*LB2.CP-6++9.N.10.1-1.4-3W16	Q18245
005.SCG*LB2.CP-5++5.N.11.13-3.15-4W6	Q18246
005.SCG*LB2.CP-7++3.N.-4.6-4.9-1W2	Q18247
005.SCG*LB3.CP14++6.N.-3.7-1.8-2W1	Q18248
005.SCG*LB3.CP-7++1.N.10.6-7.8-2W9	Q18249
005.SCG*LB2.CP-6++2.N.-1.13-1.18-6W13	Q18250
005.SCG*LB1.CP-2++6.N.11.18-1.21-5W4	Q18251
005.SCG*LB3.CP-6++1.N.-4.7-7.10-1W5	Q18252
005.SCG*LB1.CP-1++0.N.-3.6-2.6-6W2	Q18253
005.SCG*LB3.CP15++4.N.10.6-1.13-2W15	Q18254
005.SCG*LB2.CP-8++3.N.25.44-3.51-6W34	Q18255
005.SCG*LB3.CP-8++4.N.-3.1-2.4-3W13	Q18256
005.SCG*LB2.CP-5++9.N.13.6-3.8-1W12	Q18257
005.SCG*LB2.CP-7++3.N.-1.1-1.5-3W5	Q18258
005.SCG*LB1.CP10++2.N.-6.9-3.14-1W4	Q18259
005.SCG*LB3.CP12++7.N.-1.1-1.3-6W7	Q18260
005.SCG*LB4.CP--++4.N.11.30-3.33-1W5	Q18261
005.SCG*LB2.CP-7++3.N.27.12-1.14-3W7	Q18262
005.SCG*LB2.CP-8++0.N.10.21-1.23-3W10	Q18263
005.SCG*LB1.CP-4++2.N.-9.26-1.32-6W23	Q18264
005.SCG*LB4.CP-6++6.N.-4.10-1.14-5W11	Q12627
005.SCG*LB4.CP-9++0.N.-9.12-1.16-3W27	Q18265
005.SCG*LB4.CP-8++3.N.-4.4-2.9-2W5	Q18266
005.SCG*LB4.CP-5++2.N.17.9-3.11-1W3	Q18267
005.SCG*LB2.CP-1++7.N.-2.3-2.5-5W6	Q18268
005.SCG*LB4.CP-3++6.N.-7.4-4.6-4W6	Q18269
005.SCG*LB4.CP-8++4.N.15.1-1.2-4W8	Q18270
005.SCG*LB2.CP-1++2.N.-4.12-4.15-4W25	Q18271
005.SCG*LB2.CP-1++7.N.-3.1-2.7-6W12	Q18272
005.SCG*LB4.CP-9++1.N.-6.27-4.29-3W7	Q18273
005.SCG*LB4.CP-8++5.N.-3.11-3.13-1W7	Q18274
005.SCG*LB4.CP-3++2.N.-2.1-1.3-6W1	Q18275
005.SCG*LB1.CP-2++0.N.12.21-4.24-3W6	Q18276
005.SCG*LB4.CP-4++1.N.11.1-1.4-4W5	Q18277
005.SCG*LB3.CP-9++9.N.-3.18-2.23-4W34	Q18278
005.SCG*LB3.CP16++2.N.-8.9-1.13-1W23	Q18279
005.SCG*LB3.CP-2++5.N.13.7-5.10-3W20	Q18280
005.SCG*LB2.CP-8++9.N.10.12-5.15-7W3	Q18281
005.SCG*LB1.CP-5++6.N.-3.4-1.5-5W1	Q18282
005.SCG*LB2.CP-5++2.N.-3.15-1.18-8W30	Q18283
005.SCG*LB4.CP-7++2.N.-2.19-1.21-1W7	Q18284
005.SCG*LB4.CP-1++1.N.13.14-5.18-5W16	Q18285
005.SCG*LB4.CP-3++3.N.-7.7-1.13-3W2	Q18286
005.SCG*LB2.CP-8++3.N.19.5-4.10-1W3	Q18287
005.SCG*LB4.CP-8++4.N.-6.1-2.3-3W2	Q18288
005.SCG*LB1.CP-1++5.N.-4.1-2.3-4W15	Q18289
005.SCG*LB2.CP-3++6.N.-2.4-4.7-2W17	Q18290
005.SCG*LB3.CP-8++9.N.-5.5-2.7-1W4	Q18291
005.SCG*LB1.CP-5++7.N.-2.7-4.10-6W9	Q18292
005.SCG*LB1.CP-1++0.N.-3.1-2.2-8W1	Q5484
005.SCG*LB1.CP-9++0.N.-4.3-3.4-3W1	Q18293
005.SCG*LB4.CP-9++7.N.-4.15-5.20-2W18	Q18294
005.SCG*LB4.CP-4++9.N.14.7-5.9-7W9	Q18295
005.SCG*LB3.CP-5++0.N.-3.8-3.12-7W12	Q18296
005.SCG*LB3.CP14++1.N.-2.3-2.5-1W9	Q18297
005.SCG*LB3.CP-4++3.N.-7.8-1.10-2W3	Q18298
005.SCG*LB3.CP-4++1.N.-8.5-4.8-2W17	Q18299
005.SCG*LB2.CP-7++3.N.22.6-1.8-6W22	Q18300
005.SCG*LB2.CP-7++0.N.-5.5-2.11-1W16	Q18301
005.SCG*LB3.CP-9++2.N.-2.5-5.9-2W7	Q18302
005.SCG*LB1.CP-4++3.N.-5.1-2.4-1W6	Q18303
005.SCG*LB4.CP--++4.N.15.5-2.5-5W1	Q13790
005.SCG*LB3.CP16++3.N.-3.7-4.14-2W40	Q18304
005.SCG*LB1.CP--++5.N.-5.16-1.19-6W15	Q18305
005.SCG*LB1.CP10++0.N.-1.1-1.2-3W1	Q18306
005.SCG*LB3.CP-6++2.N.-8.1-2.5-3W17	Q18307
005.SCG*LB2.CP-6++8.N.-6.25-1.30-2W29	Q18308
005.SCG*LB1.CP-4++2.N.-9.1-2.4-6W8	Q18309
005.SCG*LB3.CP14++6.N.-7.17-1.18-8W13	Q18310
005.SCG*LB3.CP-3++9.N.-3.9-3.11-7W4	Q18311
005.SCG*LB3.CP-8++5.N.-4.13-1.14-2W3	Q18312
005.SCG*LB4.CP-9++5.N.-2.1-1.3-3W5	Q14271
005.SCG*LB2.CP-8++2.N.17.20-2.24-6W12	Q13398
005.SCG*LB4.CP-9++4.N.-1.15-6.16-4W6	Q18313
005.SCG*LB4.CP--++3.N.-2.10-5.14-5W9	Q18314
005.SCG*LB3.CP-4++0.N.-1.4-3.10-3W12	Q18315
005.SCG*LB2.CP-7++5.N.10.16-2.18-5W16	Q18316
005.SCG*LB3.CP13++5.N.23.6-1.6-5W5	Q18317
005.SCG*LB3.CP-4++2.N.10.7-5.10-6W6	Q18318
005.SCG*LB1.CP-8++0.N.-1.1-1.4-3W22	Q18319
005.SCG*LB2.CP-8++9.N.23.1-1.4-4W18	Q18320
005.SCG*LB2.CP-6++2.N.10.1-1.4-6W23	Q18321
005.SCG*LB1.CP--++2.N.-3.1-1.2-5W7	Q18322
005.SCG*LB3.CP-8++7.N.-4.21-1.23-2W6	Q18323
005.SCG*LB1.CP--++6.N.-4.1-1.7-1W14	Q18324
005.SCG*LB3.CP-7++2.N.-2.7-6.12-3W24	Q18325
005.SCG*LB2.CP10++1.N.-3.1-1.4-3W26	Q18326
005.SCG*LB3.CP16++1.N.-3.1-1.5-1W24	Q18327
005.SCG*LB2.CP-3++1.N.-6.10-3.12-5W7	Q18328
005.SCG*LB3.CP--++1.N.-2.1-1.7-3W41	Q18329
005.SCG*LB3.CP13++8.N.-2.13-1.16-3W1	Q18330
005.SCG*LB1.CP-2++5.N.-2.5-2.6-3W5	Q18331
005.SCG*LB3.CP16++3.N.-3.7-4.14-2W12	Q18332
005.SCG*LB4.CP-9++2.N.-3.8-2.9-6W13	Q18333
005.SCG*LB4.CP-1++7.N.11.16-3.19-1W13	Q18334
005.SCG*LB2.CP-8++5.N.11.6-1.9-3W5	Q18335
005.SCG*LB2.CP-5++8.N.-1.7-1.10-3W11	Q18336
005.SCG*LB2.CP-7++3.N.39.17-1.23-2W5	Q14259
005.SCG*LB2.CP-2++5.N.-1.4-1.5-4W1	Q18337
005.SCG*LB3.CP10++4.N.-6.4-5.6-4W5	Q18338
005.SCG*LB2.CP-9++6.N.10.21-1.23-5W18	Q18339
005.SCG*LB3.CP15++4.N.11.15-1.19-2W16	Q18340
005.SCG*LB3.CP10++5.N.-5.1-1.8-4W41	Q18341
005.SCG*LB2.CP-7++5.N.-7.13-3.18-4W11	Q18342
005.SCG*LB4.CP-1++0.N.13.17-3.19-2W13	Q18343
005.SCG*LB1.CP-7++2.N.-3.13-1.17-1W16	Q18344
005.SCG*LB3.CP-4++1.N.-9.1-2.6-1W6	Q18345
005.SCG*LB3.CP-5++9.N.-2.5-5.9-5W27	Q18346
005.SCG*LB4.CP-5++5.N.26.3-3.8-1W23	Q18347
005.SCG*LB4.CP-9++1.N.-6.38-4.39-4W3	Q18348
005.SCG*LB2.CP-1++5.N.-7.9-5.13-1W17	Q18349
005.SCG*LB2.CP-3++7.N.-2.45-1.51-1W44	Q18350
005.SCG*LB3.CP15++4.N.11.37-3.39-5W8	Q18351
005.SCG*LB2.CP-9++8.N.-2.19-4.21-6W3	Q18352
005.SCG*LB3.CP-2++3.N.-3.15-1.16-3W1	Q18353
005.SCG*LB1.CP-4++0.N.-4.1-2.5-7W4	Q18354
005.SCG*LB2.CP-2++3.N.-9.5-2.8-1W5	Q18355
005.SCG*LB3.CP12++0.N.-1.16-2.19-6W26	Q18356
005.SCG*LB2.CP-5++8.N.-9.6-5.8-5W1	Q18357
005.SCG*LB4.CP-1++1.N.15.14-3.16-7W11	Q18358
005.SCG*LB2.CP-1++2.N.-4.8-6.12-3W16	Q18359
005.SCG*LB3.CP13++2.N.-2.1-1.4-4W1	Q18360
005.SCG*LB1.CP10++0.N.-7.1-2.3-1W1	Q18361
005.SCG*LB2.CP-7++5.N.-3.12-4.14-4W4	Q18362
005.SCG*LB3.CP12++6.N.-6.4-5.7-1W17	Q18363
005.SCG*LB3.CP-2++8.N.-4.1-2.2-1W5	Q18364
005.SCG*LB2.CP-2++1.N.-7.15-4.17-3W3	Q18365
005.SCG*LB2.CP-8++0.N.10.14-1.18-4W20	Q13758
005.SCG*LB2.CP-1++5.N.-3.7-5.12-1W12	Q18366
005.SCG*LB3.CP10++1.N.-2.2-5.8-1W6	Q18367
005.SCG*LB3.CP-4++3.N.-3.46-5.48-6W6	Q18368
005.SCG*LB2.CP-1++2.N.-2.1-1.4-2W6	Q18369
005.SCG*LB3.CP15++8.N.-7.18-7.20-1W4	Q18370
005.SCG*LB4.CP-6++5.N.-4.1-1.4-6W5	Q18371
005.SCG*LB2.CP-8++4.N.-4.18-3.21-2W14	Q18372
005.SCG*LB3.CP13++6.N.-7.10-4.12-3W10	Q18373
005.SCG*LB1.CP-2++6.N.-8.1-1.4-9W24	Q18374
005.SCG*LB1.CP-4++2.N.-9.5-1.7-5W3	Q18375
005.SCG*LB2.CP-6++4.N.-1.10-1.11-4W3	Q18376
005.SCG*LB4.CP-1++1.N.12.5-4.6-2W1	Q18377
005.SCG*LB3.CP13++0.N.-2.15-6.17-8W11	Q18378
005.SCG*LB3.CP12++7.N.-4.9-1.14-5W21	Q18379
005.SCG*LB3.CP-2++6.N.18.1-1.5-4W14	Q18380
005.SCG*LB1.CP-7++4.N.-4.1-2.8-4W5	Q18381
005.SCG*LB4.CP-5++5.N.10.34-1.37-1W14	Q18382
005.SCG*LB4.CP-3++6.N.-8.1-2.3-1W10	Q18383
005.SCG*LB2.CP-3++5.N.-4.18-4.21-2W17	Q18384
005.SCG*LB1.CP-4++4.N.--.1-1.1-4W4	Q18385
005.SCG*LB4.CP-4++9.N.-2.1-1.4-6W18	Q18386
005.SCG*LB3.CP-6++1.N.-5.10-1.12-2W10	Q18387
005.SCG*LB1.CP-3++9.N.-4.1-2.3-5W12	Q18388
005.SCG*LB1.CP-1++7.N.-6.1-1.6-2W12	Q18389
005.SCG*LB3.CP12++2.N.-6.10-1.16-7W43	Q18390
005.SCG*LB3.CP--++5.N.-2.8-1.12-3W13	Q18391
005.SCG*LB3.CP10++8.N.-5.10-3.13-4W20	Q18392
005.SCG*LB1.CP-2++8.N.-9.15-7.21-8W27	Q13863
005.SCG*LB3.CP-2++4.N.-2.1-1.6-2W22	Q18393
005.SCG*LB1.CP-4++2.N.-5.19-2.20-2W6	Q18394
005.SCG*LB3.CP-9++5.N.20.48-1.50-2W10	Q18395
005.SCG*LB4.CP-6++3.N.12.9-4.14-1W6	Q18396
005.SCG*LB3.CP-4++1.N.-5.13-1.16-1W9	Q18397
005.SCG*LB2.CP-7++4.N.-1.1-1.3-1W4	Q18398
005.SCG*LB1.CP-1++3.N.-5.7-1.9-3W3	Q18399
005.SCG*LB1.CP-1++3.N.25.1-1.3-2W16	Q18400
005.SCG*LB3.CP-5++6.N.-6.5-3.9-3W25	Q18401
005.SCG*LB4.CP-1++7.N.-5.14-1.14-6W4	Q18402
005.SCG*LB3.CP11++0.N.-1.1-1.2-4W9	Q18403
005.SCG*LB1.CP-7++7.N.-1.1-1.3-3W4	Q18404
005.SCG*LB2.CP-3++1.N.-3.4-1.8-2W11	Q18405
005.SCG*LB3.CP-7++1.N.-9.3-1.3-9W2	Q18406
005.SCG*LB4.CP-4++1.N.-6.15-6.19-4W20	Q18407
005.SCG*LB3.CP-4++8.N.-1.15-1.17-2W13	Q18408
005.SCG*LB2.CP-6++1.N.-2.1-1.9-2W27	Q18409
005.SCG*LB3.CP12++8.N.-6.20-3.25-5W36	Q18410
005.SCG*LB1.CP-1++3.N.22.9-5.11-1W1	Q18411
005.SCG*LB4.CP-6++4.N.-4.9-1.13-4W24	Q18412
005.SCG*LB1.CP-1++3.N.25.1-1.3-2W13	Q18413
005.SCG*LB3.CP--++2.N.-4.8-1.10-4W8	Q18414
005.SCG*LB4.CP-1++7.N.18.2-1.3-2W7	Q18415
005.SCG*LB3.CP-5++6.N.-7.9-5.13-3W4	Q18416
005.SCG*LB2.CP-5++8.N.11.3-1.10-3W42	Q18417
005.SCG*LB1.CP-3++0.N.-4.1-1.7-6W18	Q18418
005.SCG*LB4.CP-2++3.N.-9.5-1.5-7W2	Q18419
005.SCG*LB4.CP-3++0.N.-1.14-1.15-7W7	Q18420
005.SCG*LB3.CP12++7.N.-8.1-1.7-5W4	Q18421
005.SCG*LB4.CP-2++3.N.-4.4-5.10-4W11	Q18422
005.SCG*LB4.CP-7++0.N.-2.3-7.8-2W22	Q18423
005.SCG*LB3.CP--++7.N.-8.1-2.2-1W6	Q18424
005.SCG*LB4.CP-7++1.N.-5.7-2.10-7W4	Q18425
005.SCG*LB4.CP-6++1.N.-3.8-2.13-5W12	Q18426
005.SCG*LB3.CP13++8.N.-3.6-2.9-3W15	Q18427
005.SCG*LB3.CP--++3.N.-9.11-4.13-7W10	Q18428
005.SCG*LB1.CP-4++2.N.15.1-2.4-8W8	Q18429
005.SCG*LB4.CP--++8.N.-7.14-6.17-5W3	Q15013
005.SCG*LB3.CP13++5.N.11.11-2.13-2W9	Q18430
005.SCG*LB4.CP-2++3.N.-3.19-1.21-6W4	Q18431
005.SCG*LB3.CP-7++0.N.-5.19-1.21-4W16	Q18432
005.SCG*LB1.CP-7++9.N.-6.1-1.8-4W16	Q18433
005.SCG*LB2.CP-9++8.N.10.9-2.12-7W3	Q18434
005.SCG*LB3.CP-4++0.N.-6.3-3.6-2W6	Q18435
005.SCG*LB2.CP-6++0.N.-4.15-8.16-5W4	Q18436
005.SCG*LB4.CP-2++3.N.-4.23-3.24-4W9	Q18437
005.SCG*LB4.CP-3++4.N.-3.4-2.7-5W7	Q18438
005.SCG*LB2.CP-3++9.N.-6.10-3.11-8W6	Q18439
005.SCG*LB4.CP-5++4.N.-3.8-3.11-4W11	Q18440
005.SCG*LB2.CP-4++5.N.-1.1-1.3-1W4	Q18441
005.SCG*LB1.CP10++2.N.-6.1-2.3-1W5	Q18442
005.SCG*LB1.CP-2++5.N.-5.5-1.7-4W16	Q18443
005.SCG*LB4.CP-6++2.N.-5.17-6.21-2W28	Q18444
005.SCG*LB4.CP-9++5.N.-5.1-1.5-1W4	Q18445
005.SCG*LB4.CP-5++2.N.12.1-1.4-1W1	Q18446
005.SCG*LB2.CP-8++2.N.17.1-1.5-3W8	Q18447
005.SCG*LB4.CP-7++0.N.10.9-1.11-3W14	Q18448
005.SCG*LB4.CP--++5.N.-3.5-4.7-10W15	Q18449
005.SCG*LB4.CP-7++3.N.-3.1-1.5-1W7	Q18450
005.SCG*LB4.CP-4++5.N.-7.9-2.13-5W3	Q18451
005.SCG*LB2.CP-7++1.N.-2.6-2.9-3W3	Q18452
005.SCG*LB3.CP-8++2.N.-4.3-2.5-4W4	Q18453
005.SCG*LB3.CP-9++4.N.11.6-4.8-1W12	Q18454
005.SCG*LB4.CP-5++3.N.26.1-2.5-3W12	Q18455
005.SCG*LB2.CP-8++9.N.22.7-6.11-2W23	Q18456
005.SCG*LB4.CP-3++4.N.-9.17-6.19-4W11	Q18457
005.SCG*LB2.CP-2++2.N.-5.10-1.14-7W31	Q18458
005.SCG*LB2.CP-7++5.N.12.10-4.13-1W5	Q18459
005.SCG*LB4.CP--++7.N.18.11-2.12-6W1	Q15538
005.SCG*LB3.CP11++0.N.-4.1-1.6-5W34	Q18460
005.SCG*LB3.CP12++0.N.10.1-1.4-3W1	Q18461
005.SCG*LB2.CP-7++3.N.25.8-1.14-1W39	Q18462
005.SCG*LB3.CP14++6.N.-8.3-1.4-2W5	Q15790
005.SCG*LB2.CP-2++1.N.-9.1-2.4-1W8	Q18463
005.SCG*LB2.CP-7++6.N.16.11-1.16-3W34	Q18464
005.SCG*LB1.CP-7++0.N.-3.6-5.8-6W11	Q18465
005.SCG*LB2.CP-4++3.N.10.1-1.5-4W26	Q18466
005.SCG*LB4.CP-3++8.N.-9.1-2.4-7W17	Q13095
005.SCG*LB3.CP13++9.N.17.5-1.6-5W7	Q18467
005.SCG*LB3.CP-1++0.N.11.2-5.5-7W6	Q18468
005.SCG*LB3.CP-8++8.N.-5.5-3.7-6W9	Q18469
005.SCG*LB3.CP-4++8.N.-6.1-2.4-4W27	Q18470
005.SCG*LB2.CP-6++7.N.-2.8-1.8-7W2	Q18471
005.SCG*LB2.CP-8++0.N.-2.8-3.12-3W14	Q18472
005.SCG*LB2.CP-2++5.N.24.4-4.8-3W26	Q18473
005.SCG*LB4.CP-4++4.N.-5.1-1.4-3W12	Q18474
005.SCG*LB4.CP-9++2.N.-4.12-4.14-7W6	Q18475
005.SCG*LB2.CP-8++6.N.-2.4-2.6-2W8	Q18476
005.SCG*LB3.CP10++5.N.10.7-1.11-4W9	Q18477
005.SCG*LB3.CP13++5.N.11.13-3.15-5W16	Q18478
005.SCG*LB4.CP-2++9.N.-1.1-1.3-3W9	Q18479
005.SCG*LB2.CP-2++0.N.-3.15-3.16-4W4	Q18480
005.SCG*LB3.CP-6++5.N.-4.24-4.26-5W6	Q18481
005.SCG*LB1.CP-6++5.N.-8.11-4.13-6W10	Q18482
005.SCG*LB2.CP-8++9.N.-8.25-6.29-2W10	Q18483
005.SCG*LB1.CP--++7.N.-6.17-6.18-6W7	Q18484
005.SCG*LB2.CP-5++7.N.-9.1-2.4-1W1	Q18485
005.SCG*LB3.CP13++2.N.19.5-1.7-3W1	Q18486
005.SCG*LB3.CP12++5.N.-8.1-1.2-1W2	Q18487
005.SCG*LB1.CP-1++3.N.26.13-1.15-7W5	Q18488
005.SCG*LB4.CP-3++4.N.29.8-2.10-4W12	Q18489
005.SCG*LB1.CP-9++7.N.-3.3-6.9-2W43	Q18490
005.SCG*LB3.CP14++2.N.-1.10-4.14-4W5	Q18491
005.SCG*LB1.CP--++8.N.-3.5-1.6-1W3	Q18492
005.SCG*LB3.CP--++3.N.-9.4-1.8-5W34	Q18493
005.SCG*LB3.CP-4++0.N.-4.14-4.16-4W3	Q18494
005.SCG*LB3.CP13++5.N.23.14-3.17-1W13	Q18495
005.SCG*LB4.CP-3++1.N.-4.9-3.12-7W31	Q18496
005.SCG*LB2.CP-8++7.N.-5.20-3.22-4W16	Q18497
005.SCG*LB4.CP--++8.N.-7.10-3.14-5W35	Q18498
005.SCG*LB1.CP-2++1.N.-4.19-5.22-3W8	Q18499
005.SCG*LB3.CP12++8.N.-7.9-1.11-1W10	Q18500
005.SCG*LB2.CP--++8.N.-3.1-2.3-2W2	Q18501
005.SCG*LB4.CP-8++1.N.13.19-1.25-1W9	Q18502
005.SCG*LB4.CP-1++1.N.18.1-1.3-4W14	Q14987
005.SCG*LB1.CP-2++2.N.-6.32-2.34-1W3	Q18503
005.SCG*LB3.CP15++4.N.-8.1-1.6-5W13	Q18504
005.SCG*LB2.CP-8++3.N.24.4-5.5-4W9	Q18505
005.SCG*LB2.CP-8++8.N.13.11-2.11-6W5	Q18506
005.SCG*LB1.CP-4++2.N.-9.10-4.13-5W20	Q18507
005.SCG*LB4.CP-5++5.N.-4.6-2.10-1W18	Q13087
005.SCG*LB3.CP-4++1.N.-4.7-6.10-1W7	Q18508
005.SCG*LB4.CP--++4.N.-5.2-2.3-3W1	Q18509
005.SCG*LB1.CP-2++2.N.11.4-1.6-1W3	Q18510
005.SCG*LB3.CP-2++2.N.-5.25-7.33-2W19	Q18511
005.SCG*LB2.CP-7++5.N.10.18-6.21-2W10	Q18512
005.SCG*LB4.CP-4++9.N.-2.5-1.8-1W10	Q18513
005.SCG*LB4.CP--++2.N.-5.6-5.7-7W2	Q18514
005.SCG*LB2.CP-5++5.N.-7.20-6.21-8W8	Q18515
005.SCG*LB2.CP-7++7.N.-4.10-5.13-4W16	Q18516
005.SCG*LB3.CP-8++0.N.11.22-7.25-4W15	Q18517
005.SCG*LB3.CP12++3.N.-3.10-4.14-4W24	Q18518
005.SCG*LB3.CP-5++9.N.-6.19-6.20-5W7	Q18519
005.SCG*LB4.CP-8++2.N.-9.1-2.3-5W8	Q18520
005.SCG*LB1.CP-2++7.N.-1.1-1.3-7W16	Q18521
005.SCG*LB2.CP-9++4.N.-4.7-1.10-6W16	Q18522
005.SCG*LB2.CP-7++6.N.11.6-1.13-2W44	Q18523
005.SCG*LB4.CP-2++5.N.-2.6-4.9-6W27	Q18524
005.SCG*LB1.CP-2++4.N.-2.11-4.15-1W21	Q18525
005.SCG*LB4.CP-1++4.N.12.1-1.3-8W11	Q18526
005.SCG*LB4.CP-5++1.N.-1.1-1.2-3W1	Q18527
005.SCG*LB1.CP--++3.N.-1.2-4.8-2W15	Q18528
005.SCG*LB1.CP-7++3.N.-3.1-2.2-5W3	Q18529
005.SCG*LB3.CP-1++5.N.-2.4-4.7-3W4	Q18530
005.SCG*LB2.CP-8++9.N.22.5-2.7-5W11	Q12804
005.SCG*LB3.CP-9++5.N.20.17-3.21-4W9	Q18531
005.SCG*LB3.CP-2++3.N.11.22-2.25-3W7	Q18532
005.SCG*LB3.CP-4++9.N.12.1-2.4-3W2	Q18533
005.SCG*LB4.CP-6++2.N.-5.28-1.30-2W4	Q13064
005.SCG*LB3.CP-9++2.N.-9.4-1.6-3W15	Q18534
005.SCG*LB3.CP13++9.N.17.7-1.9-1W9	Q18535
005.SCG*LB2.CP-2++8.N.-7.1-1.4-5W8	Q18536
005.SCG*LB3.CP11++3.N.-2.8-1.13-4W4	Q18537
005.SCG*LB2.CP-4++6.N.-5.5-3.9-7W29	Q18538
005.SCG*LB4.CP--++8.N.-6.22-5.28-3W24	Q18539
005.SCG*LB1.CP10++0.N.-7.3-2.6-2W15	Q18540
005.SCG*LB3.CP--++2.N.-2.11-5.12-5W8	Q18541
005.SCG*LB1.CP-7++9.N.-5.5-1.9-9W27	Q18542
005.SCG*LB3.CP-4++9.N.-4.12-3.14-4W8	Q18543
005.SCG*LB1.CP-9++6.N.-3.8-4.10-2W3	Q18544
005.SCG*LB4.CP-4++1.N.-6.27-2.29-1W5	Q18545
005.SCG*LB4.CP-2++4.N.-2.6-1.10-4W21	Q18546
005.SCG*LB4.CP-5++0.N.-6.1-2.5-3W5	Q18547
005.SCG*LB4.CP-7++1.N.11.4-2.7-4W15	Q18548
005.SCG*LB4.CP-3++6.N.-5.5-3.7-5W6	Q18549
005.SCG*LB1.CP-9++3.N.10.6-1.10-2W24	Q18550
005.SCG*LB2.CP-6++5.N.-9.1-1.4-6W1	Q18551
005.SCG*LB1.CP-1++1.N.-1.1-1.1-4W1	Q18552
005.SCG*LB2.CP-7++5.N.-7.4-1.5-6W12	Q18553
005.SCG*LB3.CP-4++3.N.-2.10-5.14-2W16	Q18554
005.SCG*LB3.CP-9++5.N.21.17-5.21-3W14	Q18555
005.SCG*LB2.CP-7++7.N.-5.24-5.25-1W3	Q18556
005.SCG*LB2.CP-4++9.N.-4.1-2.3-3W6	Q18557
005.SCG*LB3.CP15++4.N.24.10-3.12-5W14	Q18558
005.SCG*LB4.CP-1++7.N.17.6-3.6-7W4	Q18559
005.SCG*LB3.CP15++9.N.-2.1-1.6-1W21	Q18560
005.SCG*LB4.CP-7++0.N.-9.1-1.3-2W9	Q18561
005.SCG*LB4.CP-7++2.N.-2.14-7.17-1W12	Q18562
005.SCG*LB1.CP-8++1.N.-2.2-5.5-1W10	Q18563
005.SCG*LB1.CP-1++1.N.-1.9-1.11-8W8	Q18564
005.SCG*LB4.CP--++3.N.-1.1-1.3-5W13	Q18565
005.SCG*LB2.CP-5++0.N.-4.13-6.14-4W3	Q18566
005.SCG*LB3.CP-1++3.N.-4.3-3.5-1W6	Q18567
005.SCG*LB3.CP15++0.N.-3.1-1.3-4W1	Q18568
005.SCG*LB3.CP-9++5.N.21.1-1.8-6W48	Q18569
005.SCG*LB3.CP-2++5.N.-8.9-1.14-1W11	Q18570
005.SCG*LB4.CP--++8.N.-1.1-1.7-3W20	Q18571
005.SCG*LB1.CP-1++3.N.33.13-5.14-6W7	Q18572
005.SCG*LB3.CP-7++0.N.-5.7-1.15-2W45	Q18573
005.SCG*LB4.CP-1++1.N.10.5-4.7-7W6	Q18574
005.SCG*LB3.CP-2++6.N.22.16-3.18-4W8	Q18575
005.SCG*LB4.CP--++8.N.-3.1-1.5-5W24	Q18576
005.SCG*LB1.CP-1++9.N.--.1-1.2-3W5	Q18577
005.SCG*LB3.CP-2++6.N.-8.1-1.4-4W4	Q18578
005.SCG*LB1.CP-1++4.N.-1.1-1.3-3W16	Q18579
005.SCG*LB4.CP-5++2.N.-6.34-1.39-1W32	Q18580
005.SCG*LB3.CP--++4.N.-4.36-1.38-4W4	Q18581
005.SCG*LB2.CP-1++7.N.-5.1-2.5-1W10	Q18582
005.SCG*LB2.CP-9++3.N.-5.1-2.4-2W3	Q18583
005.SCG*LB2.CP-6++0.N.-2.1-1.3-1W4	Q18584
005.SCG*LB4.CP--++7.N.13.15-1.15-5W1	Q18585
005.SCG*LB1.CP-6++3.N.-1.1-1.3-2W1	Q18586
005.SCG*LB3.CP-7++5.N.-4.1-2.4-2W9	Q18587
005.SCG*LB3.CP-8++5.N.-3.3-3.8-6W3	Q18588
005.SCG*LB3.CP10++3.N.-3.3-2.8-2W28	Q18589
005.SCG*LB4.CP-2++5.N.-5.5-5.7-2W9	Q18590
005.SCG*LB4.CP-1++1.N.-9.8-1.11-1W7	Q18591
005.SCG*LB4.CP--++8.N.-9.4-8.9-3W30	Q18592
005.SCG*LB1.CP-6++5.N.-2.4-1.5-6W9	Q18593
005.SCG*LB2.CP-3++9.N.-2.4-3.7-5W17	Q18594
005.SCG*LB1.CP-2++9.N.-5.14-4.16-5W4	Q13794
005.SCG*LB3.CP-7++9.N.-1.1-1.5-3W16	Q18595
005.SCG*LB4.CP-3++8.N.-9.5-1.8-4W5	Q18596
005.SCG*LB3.CP-2++2.N.-5.11-1.16-5W8	Q18597
005.SCG*LB2.CP-9++2.N.-5.18-1.21-4W12	Q18598
005.SCG*LB3.CP-2++3.N.-9.28-4.31-2W18	Q18599
005.SCG*LB4.CP-8++3.N.11.27-3.28-4W4	Q18600
005.SCG*LB2.CP-7++3.N.32.9-2.12-1W13	Q18601
005.SCG*LB4.CP-8++3.N.21.6-2.7-1W6	Q18602
005.SCG*LB2.CP--++1.N.-4.2-3.3-6W10	Q18603
005.SCG*LB4.CP--++4.N.11.25-1.26-1W7	Q18604
005.SCG*LB1.CP-8++0.N.-3.4-4.6-1W5	Q18605
005.SCG*LB3.CP11++3.N.-2.4-6.6-5W6	Q18606
005.SCG*LB2.CP-3++3.N.-3.11-1.11-7W8	Q18607
005.SCG*LB2.CP-5++2.N.-4.6-6.8-3W12	Q18608
005.SCG*LB3.CP14++9.N.-2.1-2.7-4W4	Q18609
005.SCG*LB4.CP-8++8.N.-5.1-1.4-3W11	Q18610
005.SCG*LB4.CP-3++4.N.22.22-5.24-6W18	Q13400
005.SCG*LB2.CP-4++0.N.-6.9-3.11-7W15	Q18611
005.SCG*LB3.CP-8++2.N.-7.16-2.17-7W3	Q18612
005.SCG*LB4.CP-1++7.N.22.1-2.2-7W5	Q18613
005.SCG*LB2.CP-4++5.N.-2.8-4.9-2W3	Q18614
005.SCG*LB2.CP-9++8.N.11.20-1.22-4W8	Q18615
005.SCG*LB1.CP-6++2.N.-1.1-1.3-4W6	Q18616
005.SCG*LB3.CP-8++4.N.10.1-1.7-8W3	Q18617
005.SCG*LB2.CP-3++5.N.-3.19-3.22-4W8	Q18618
005.SCG*LB3.CP--++5.N.11.3-5.4-7W4	Q18619
005.SCG*LB3.CP--++1.N.-5.30-5.33-3W17	Q18620
005.SCG*LB3.CP-8++8.N.-2.8-4.11-5W7	Q18621
005.SCG*LB3.CP-8++9.N.-1.7-1.10-6W23	Q18622
005.SCG*LB3.CP10++9.N.-1.5-1.7-4W9	Q18623
005.SCG*LB2.CP-7++5.N.13.1-1.7-2W39	Q18624
005.SCG*LB3.CP-9++5.N.16.8-2.11-1W8	Q18625
005.SCG*LB1.CP-3++8.N.-6.4-1.5-1W9	Q18626
005.SCG*LB2.CP-3++3.N.-7.14-1.14-5W4	Q18627
005.SCG*LB3.CP-3++0.N.-2.5-1.6-7W3	Q18628
005.SCG*LB3.CP14++6.N.-8.24-1.28-5W36	Q18629
005.SCG*LB4.CP-1++1.N.12.22-4.26-2W1	Q18630
005.SCG*LB3.CP-8++1.N.-1.12-4.19-3W28	Q18631
005.SCG*LB1.CP-9++9.N.-4.8-3.9-7W11	Q18632
005.SCG*LB2.CP-8++2.N.15.9-3.12-1W10	Q18633
005.SCG*LB3.CP-2++3.N.-8.20-1.22-6W6	Q18634
005.SCG*LB3.CP10++2.N.-6.1-2.5-2W13	Q18635
005.SCG*LB3.CP-8++7.N.-3.9-6.12-3W15	Q18636
005.SCG*LB1.CP-9++9.N.-2.3-3.4-5W4	Q18637
005.SCG*LB4.CP-8++0.N.-7.4-3.5-7W7	Q18638
005.SCG*LB2.CP-2++3.N.-7.2-8.4-8W8	Q18639
005.SCG*LB4.CP--++7.N.25.9-1.10-2W8	Q18640
005.SCG*LB4.CP-8++0.N.-2.8-2.10-6W16	Q18641
005.SCG*LB3.CP14++2.N.-3.7-3.8-4W8	Q18642
005.SCG*LB1.CP-8++3.N.-3.2-1.3-3W7	Q18643
005.SCG*LB3.CP-5++0.N.-4.9-2.11-2W1	Q18644
005.SCG*LB4.CP-5++5.N.13.32-6.37-1W3	Q18645
005.SCG*LB3.CP12++0.N.-8.5-3.7-4W8	Q18646
005.SCG*LB2.CP-2++0.N.-5.2-3.6-4W14	Q18647
005.SCG*LB2.CP-9++8.N.11.28-1.31-3W22	Q18648
005.SCG*LB3.CP16++2.N.-4.4-1.5-4W10	Q18649
005.SCG*LB4.CP-1++3.N.11.7-2.12-1W13	Q18650
005.SCG*LB2.CP-3++0.N.14.4-1.6-3W6	Q18651
005.SCG*LB3.CP-4++0.N.-1.4-3.10-3W41	Q14576
005.SCG*LB1.CP-1++2.N.-3.6-6.8-3W12	Q18652
005.SCG*LB1.CP-7++5.N.-2.3-3.5-2W11	Q18653
005.SCG*LB4.CP-2++4.N.-4.12-6.15-1W19	Q18654
005.SCG*LB2.CP-5++2.N.-1.1-1.6-1W4	Q18655
005.SCG*LB3.CP-8++5.N.18.10-1.12-2W14	Q18656
005.SCG*LB1.CP-3++8.N.-7.1-1.2-6W4	Q18657
005.SCG*LB3.CP-7++7.N.-1.4-4.6-5W14	Q18658
005.SCG*LB2.CP-7++5.N.13.12-1.18-1W36	Q18659
005.SCG*LB3.CP11++4.N.-3.5-4.6-5W7	Q18660
005.SCG*LB3.CP11++5.N.-6.2-2.6-5W32	Q18661
005.SCG*LB2.CP-8++6.N.-3.4-1.9-7W21	Q18662
005.SCG*LB4.CP-1++1.N.14.9-2.13-4W9	Q18663
005.SCG*LB4.CP-3++6.N.-1.1-1.4-2W15	Q18664
005.SCG*LB4.CP-8++7.N.-3.1-1.4-4W20	Q18665
005.SCG*LB3.CP-7++5.N.10.9-3.13-4W3	Q18666
005.SCG*LB2.CP-7++9.N.16.3-4.4-7W3	Q18667
005.SCG*LB3.CP-8++6.N.-7.1-1.3-1W2	Q18668
005.SCG*LB4.CP-5++8.N.-3.15-3.19-2W3	Q5282
005.SCG*LB2.CP-6++5.N.-9.1-1.4-6W11	Q18669
005.SCG*LB1.CP-1++3.N.-1.1-1.5-3W7	Q18670
005.SCG*LB4.CP-1++1.N.13.7-8.14-4W16	Q18671
005.SCG*LB4.CP-2++3.N.-9.5-1.5-7W1	Q18672
005.SCG*LB2.CP-2++1.N.11.10-1.14-7W19	Q18673
005.SCG*LB4.CP-5++0.N.-9.6-2.7-5W7	Q18674
005.SCG*LB4.CP--++8.N.-8.41-3.43-2W8	Q18675
005.SCG*LB2.CP-1++5.N.-7.9-5.13-1W26	Q18676
005.SCG*LB2.CP-1++7.N.-2.1-1.3-1W8	Q18677
005.SCG*LB3.CP-4++3.N.-2.5-6.9-3W7	Q18678
005.SCG*LB1.CP-3++9.N.-2.5-2.10-5W16	Q18679
005.SCG*LB4.CP-5++5.N.21.15-4.18-3W16	Q18680
005.SCG*LB2.CP-9++8.N.10.1-1.3-1W11	Q18681
005.SCG*LB2.CP-1++6.N.--.1-1.2-3W5	Q18682
005.SCG*LB2.CP-8++3.N.25.13-4.14-2W3	Q18683
005.SCG*LB3.CP-9++4.N.-9.51-3.52-6W9	Q18684
005.SCG*LB3.CP-9++4.N.-9.21-3.27-3W19	Q18685
005.SCG*LB4.CP--++8.N.-4.10-1.13-3W11	Q18686
005.SCG*LB2.CP-2++0.N.-2.8-1.9-2W8	Q18687
005.SCG*LB1.CP-6++5.N.-9.29-1.33-1W16	Q18688
005.SCG*LB4.CP-7++1.N.-8.7-1.8-5W10	Q18689
005.SCG*LB2.CP-1++9.N.-5.8-3.12-4W5	Q18690
005.SCG*LB1.CP-4++2.N.-8.9-3.10-6W9	Q18691
005.SCG*LB4.CP-1++3.N.-5.1-1.5-3W30	Q18692
005.SCG*LB4.CP-7++7.N.-3.1-2.3-1W2	Q18693
005.SCG*LB3.CP-5++9.N.-4.7-1.10-3W1	Q18694
005.SCG*LB2.CP-4++4.N.-8.1-2.5-1W20	Q18695
005.SCG*LB1.CP-6++0.N.-3.1-2.2-3W2	Q18696
005.SCG*LB3.CP-7++2.N.-3.1-2.4-1W10	Q18697
005.SCG*LB4.CP--++8.N.-5.12-1.13-1W10	Q18698
005.SCG*LB1.CP-4++3.N.11.5-6.7-5W12	Q18699
005.SCG*LB4.CP--++7.N.20.19-7.21-3W16	Q18700
005.SCG*LB1.CP-4++7.N.-2.1-1.4-1W9	Q18701
005.SCG*LB3.CP-5++4.N.-5.1-2.5-4W30	Q18702
005.SCG*LB1.CP-6++0.N.-1.1-1.2-4W8	Q18703
005.SCG*LB2.CP-2++5.N.24.4-4.8-3W3	Q18704
005.SCG*LB1.CP-1++3.N.15.6-1.10-1W12	Q18705
005.SCG*LB3.CP13++2.N.29.3-2.7-1W8	Q18706
005.SCG*LB4.CP-6++6.N.-1.4-7.5-6W7	Q18707
005.SCG*LB2.CP-6++9.N.-7.1-1.4-6W12	Q18708
005.SCG*LB4.CP-3++4.N.26.21-4.22-3W4	Q18709
005.SCG*LB4.CP--++6.N.-4.10-1.13-1W16	Q18710
005.SCG*LB2.CP-3++0.N.11.26-4.29-1W4	Q18711
005.SCG*LB4.CP-3++9.N.-3.1-1.4-1W10	Q18712
005.SCG*LB4.CP-5++3.N.27.1-2.4-1W3	Q18713
005.SCG*LB3.CP12++0.N.-5.11-3.14-6W25	Q18714
005.SCG*LB2.CP-6++3.N.-3.4-6.6-3W4	Q18715
005.SCG*LB3.CP10++7.N.-3.19-6.23-3W9	Q18716
005.SCG*LB2.CP-3++0.N.11.1-1.3-1W10	Q18717
005.SCG*LB3.CP-6++5.N.-2.1-1.3-2W5	Q18718
005.SCG*LB2.CP-8++0.N.-6.34-3.37-4W4	Q15200
005.SCG*LB3.CP-8++4.N.-3.8-5.10-7W9	Q18719
005.SCG*LB4.CP-5++1.N.14.6-1.8-4W11	Q18720
005.SCG*LB2.CP-5++3.N.-4.4-5.7-2W3	Q18721
005.SCG*LB4.CP-5++5.N.26.3-3.8-1W8	Q18722
005.SCG*LB3.CP-8++5.N.20.7-1.11-6W3	Q18723
005.SCG*LB1.CP-6++6.N.-7.15-2.17-5W15	Q18724
005.SCG*LB2.CP-5++8.N.-6.1-2.4-4W2	Q18725
005.SCG*LB4.CP-3++4.N.-4.16-3.19-2W2	Q18726
005.SCG*LB4.CP--++3.N.-3.5-5.6-4W9	Q18727
005.SCG*LB3.CP14++7.N.-3.13-5.17-4W11	Q18728
005.SCG*LB4.CP-4++1.N.14.8-3.14-2W28	Q18729
005.SCG*LB4.CP-5++3.N.15.8-3.12-4W10	Q18730
005.SCG*LB4.CP-7++2.N.-9.8-5.11-3W15	Q18731
005.SCG*LB1.CP-2++0.N.-4.1-2.2-5W8	Q18732
005.SCG*LB3.CP15++4.N.14.39-5.41-5W7	Q18733
005.SCG*LB3.CP12++5.N.10.17-4.22-1W6	Q18734
005.SCG*LB4.CP-1++0.N.13.1-2.5-1W7	Q18735
005.SCG*LB2.CP-9++2.N.10.1-2.3-5W2	Q18736
005.SCG*LB4.CP-1++1.N.18.65-1.69-5W21	Q18737
005.SCG*LB4.CP-2++2.N.-2.10-7.14-1W14	Q18738
005.SCG*LB1.CP-4++3.N.-9.4-1.7-8W14	Q18739
005.SCG*LB1.CP-4++2.N.-5.3-3.5-6W9	Q18740
005.SCG*LB3.CP-2++0.N.-5.15-5.19-7W8	Q18741
005.SCG*LB2.CP-4++1.N.-3.7-5.9-5W2	Q18742
005.SCG*LB4.CP--++8.N.-9.22-8.25-6W5	Q18743
005.SCG*LB4.CP-1++4.N.13.1-1.5-2W14	Q18744
005.SCG*LB1.CP-1++8.N.-6.1-2.5-1W23	Q18745
005.SCG*LB1.CP-9++1.N.-9.25-3.28-6W9	Q14333
005.SCG*LB2.CP-3++2.N.-8.15-2.18-5W26	Q18746
005.SCG*LB4.CP--++7.N.22.1-1.5-2W14	Q18747
005.SCG*LB3.CP13++2.N.14.2-6.5-2W2	Q18748
005.SCG*LB4.CP-5++0.N.10.1-1.8-3W56	Q18749
005.SCG*LB4.CP-3++2.N.-5.5-1.7-7W18	Q3848
005.SCG*LB4.CP-2++3.N.11.20-4.22-9W7	Q18750
005.SCG*LB4.CP-8++1.N.10.11-1.12-4W2	Q12551
005.SCG*LB1.CP-1++1.N.-1.4-3.5-7W7	Q18751
005.SCG*LB2.CP-7++4.N.12.1-1.5-1W6	Q18752
005.SCG*LB2.CP-7++7.N.-3.10-3.17-2W27	Q18753
005.SCG*LB2.CP-6++5.N.10.1-1.3-2W11	Q18754
005.SCG*LB2.CP-6++0.N.-9.3-6.4-4W3	Q18755
005.SCG*LB1.CP10++0.N.-2.9-1.10-5W12	Q18756
005.SCG*LB4.CP-6++3.N.-5.26-1.28-7W10	Q18757
005.SCG*LB3.CP-6++8.N.-5.6-5.10-7W32	Q18758
005.SCG*LB3.CP12++3.N.-5.7-3.11-1W16	Q18759
005.SCG*LB3.CP-9++5.N.14.7-2.13-6W4	Q18760
005.SCG*LB3.CP-1++0.N.-7.21-5.26-4W4	Q18761
005.SCG*LB1.CP--++5.N.-1.1-1.5-3W1	Q18762
005.SCG*LB3.CP-8++6.N.-5.1-2.3-3W3	Q18763
005.SCG*LB2.CP-1++6.N.14.5-5.7-5W4	Q18764
005.SCG*LB4.CP--++6.N.-8.4-5.5-5W3	Q18765
005.SCG*LB2.CP-6++3.N.-2.6-6.8-1W2	Q18766
005.SCG*LB4.CP-2++3.N.13.4-5.9-4W20	Q18767
005.SCG*LB3.CP-9++4.N.-9.43-1.47-1W7	Q18768
005.SCG*LB2.CP-8++0.N.10.8-1.13-1W8	Q18769
005.SCG*LB4.CP-9++4.N.-1.1-1.8-1W5	Q18770
005.SCG*LB4.CP-5++5.N.10.42-7.47-5W26	Q18771
005.SCG*LB1.CP-5++0.N.-2.20-5.23-3W3	Q18772
005.SCG*LB1.CP-6++7.N.-4.1-2.3-7W16	Q18773
005.SCG*LB4.CP-5++2.N.-6.14-3.18-2W13	Q18774
005.SCG*LB2.CP-2++1.N.-9.15-4.19-7W34	Q18775
005.SCG*LB4.CP-6++2.N.-5.15-3.17-5W11	Q18776
005.SCG*LB4.CP-5++8.N.-1.1-1.6-3W14	Q18777
005.SCG*LB3.CP-9++4.N.-3.1-2.2-6W4	Q18778
005.SCG*LB3.CP16++0.N.-1.5-1.8-2W11	Q18779
005.SCG*LB4.CP--++1.N.-8.8-3.12-4W25	Q18780
005.SCG*LB4.CP-8++4.N.-7.4-2.7-3W7	Q18781
005.SCG*LB1.CP-2++0.N.12.1-1.3-3W8	Q18782
005.SCG*LB3.CP-2++7.N.-9.10-1.11-2W6	Q18783
005.SCG*LB4.CP-1++4.N.12.39-2.43-1W13	Q18784
005.SCG*LB3.CP-6++5.N.-5.9-7.13-1W5	Q18785
005.SCG*LB4.CP-5++5.N.24.1-1.7-2W38	Q18786
005.SCG*LB1.CP-6++5.N.-9.2-6.5-2W8	Q18787
005.SCG*LB3.CP-6++2.N.-5.1-2.4-4W23	Q18788
005.SCG*LB3.CP13++9.N.17.1-1.3-5W7	Q359
005.SCG*LB4.CP-5++5.N.20.1-1.3-4W7	Q18789
005.SCG*LB1.CP--++5.N.-5.10-1.15-1W17	Q18790
005.SCG*LB4.CP-3++4.N.21.4-3.5-2W3	Q18791
005.SCG*LB2.CP-5++8.N.-8.25-2.26-5W11	Q18792
005.SCG*LB3.CP14++0.N.-4.4-1.5-4W10	Q18793
005.SCG*LB4.CP-1++4.N.15.1-1.2-2W7	Q18794
005.SCG*LB2.CP-4++2.N.-7.4-2.7-2W3	Q18795
005.SCG*LB3.CP12++2.N.-8.11-1.13-6W7	Q18796
005.SCG*LB1.CP-8++2.N.-3.1-2.4-5W19	Q18797
005.SCG*LB3.CP11++0.N.-5.21-7.25-4W20	Q18798
005.SCG*LB4.CP-2++1.N.-2.31-1.34-5W17	Q18799
005.SCG*LB2.CP-2++1.N.-9.22-3.26-2W12	Q18800
005.SCG*LB3.CP-6++4.N.-5.11-4.12-6W1	Q18801
005.SCG*LB4.CP-3++9.N.-2.10-4.12-1W7	Q18802
005.SCG*LB3.CP12++1.N.-1.1-1.9-3W49	Q18803
005.SCG*LB4.CP-7++4.N.-3.6-1.7-5W3	Q18804
005.SCG*LB2.CP-5++5.N.-3.1-2.5-1W21	Q18805
005.SCG*LB4.CP-3++8.N.-8.10-5.12-2W2	Q18806
005.SCG*LB2.CP-7++6.N.-6.8-4.9-5W8	Q18807
005.SCG*LB4.CP-4++1.N.-7.1-1.11-1W5	Q18808
005.SCG*LB4.CP-6++1.N.-4.10-1.11-3W11	Q18809
005.SCG*LB4.CP-1++7.N.10.4-8.5-4W5	Q18810
005.SCG*LB3.CP13++3.N.-2.1-1.3-2W4	Q18811
005.SCG*LB2.CP-3++3.N.-5.6-1.7-3W7	Q18812
005.SCG*LB1.CP-7++9.N.-2.2-6.4-6W18	Q18813
005.SCG*LB3.CP11++0.N.-3.1-1.3-1W12	Q18814
005.SCG*LB3.CP--++5.N.-5.1-1.5-5W7	Q18815
005.SCG*LB3.CP10++7.N.-6.1-2.3-1W6	Q18816
005.SCG*LB3.CP-1++4.N.-4.6-5.7-3W7	Q18817
005.SCG*LB2.CP--++8.N.-5.3-3.4-5W8	Q18818
005.SCG*LB1.CP-7++3.N.-2.3-1.5-1W10	Q18819
005.SCG*LB2.CP-4++0.N.-5.6-1.8-4W6	Q18820
005.SCG*LB4.CP-3++3.N.-2.7-3.9-2W12	Q18821
005.SCG*LB3.CP--++7.N.-4.2-5.4-6W4	Q18822
005.SCG*LB3.CP-8++0.N.-9.1-1.4-4W12	Q18823
005.SCG*LB1.CP-9++1.N.10.7-4.9-2W5	Q18824
005.SCG*LB1.CP-1++9.N.-2.2-4.4-4W11	Q18825
005.SCG*LB2.CP-5++8.N.-6.1-2.4-4W14	Q18826
005.SCG*LB4.CP--++7.N.22.1-1.5-2W5	Q18827
005.SCG*LB3.CP-9++5.N.12.9-1.9-6W6	Q18828
005.SCG*LB4.CP-8++3.N.16.19-1.21-4W14	Q4573
005.SCG*LB3.CP13++8.N.-5.13-3.16-4W6	Q18829
005.SCG*LB3.CP-1++0.N.13.25-1.28-6W22	Q13415
005.SCG*LB3.CP16++0.N.-2.1-2.4-5W4	Q18830
005.SCG*LB1.CP-9++2.N.10.6-1.7-6W4	Q18831
005.SCG*LB2.CP-9++1.N.-2.1-1.3-4W2	Q18832
005.SCG*LB3.CP-4++6.N.-5.10-6.12-5W16	Q18833
005.SCG*LB4.CP-2++5.N.-1.1-1.4-4W12	Q18834
005.SCG*LB1.CP-8++0.N.-2.10-3.11-7W5	Q18835
005.SCG*LB2.CP-9++7.N.-6.7-3.10-4W11	Q18836
005.SCG*LB2.CP-8++6.N.-7.8-4.9-5W4	Q18837
005.SCG*LB4.CP-2++5.N.-2.24-1.27-5W23	Q14709
005.SCG*LB3.CP-4++2.N.-8.7-5.10-4W11	Q18838
005.SCG*LB1.CP-2++1.N.-5.4-2.6-2W5	Q18839
005.SCG*LB1.CP-4++2.N.20.1-1.4-2W11	Q18840
005.SCG*LB4.CP-1++1.N.-9.6-1.7-5W1	Q18841
005.SCG*LB2.CP-8++6.N.-8.1-1.4-2W12	Q13718
005.SCG*LB4.CP-7++3.N.-1.9-5.14-1W7	Q18842
005.SCG*LB1.CP-7++8.N.-2.2-5.4-5W3	Q18843
005.SCG*LB3.CP-8++8.N.-2.13-5.15-3W8	Q18844
005.SCG*LB4.CP-6++3.N.12.14-2.16-1W7	Q18845
005.SCG*LB3.CP-9++9.N.-4.1-2.6-2W8	Q18846
005.SCG*LB3.CP-6++1.N.-4.1-2.7-6W46	Q18847
005.SCG*LB2.CP-7++2.N.-6.1-1.6-6W29	Q18848
005.SCG*LB4.CP-2++2.N.-5.3-5.5-4W8	Q18849
005.SCG*LB2.CP-8++5.N.10.7-1.9-5W5	Q18850
005.SCG*LB3.CP14++3.N.-1.13-1.20-3W12	Q18851
005.SCG*LB2.CP-6++0.N.18.5-5.8-1W9	Q18852
005.SCG*LB3.CP10++2.N.-4.5-2.7-6W18	Q18853
005.SCG*LB2.CP-9++1.N.-9.19-2.21-1W8	Q18854
005.SCG*LB3.CP-5++1.N.-6.1-1.3-2W13	Q18855
005.SCG*LB3.CP-7++4.N.-5.16-7.19-6W13	Q18856
005.SCG*LB2.CP-1++8.N.-4.15-2.18-2W18	Q18857
005.SCG*LB4.CP-1++9.N.-5.1-1.5-2W4	Q18858
005.SCG*LB1.CP-2++2.N.-8.1-2.3-1W11	Q18859
005.SCG*LB1.CP-4++8.N.-5.3-3.6-1W6	Q18860
005.SCG*LB4.CP-1++8.N.-8.24-1.24-7W6	Q18861
005.SCG*LB3.CP-5++3.N.-3.3-5.4-6W7	Q18862
005.SCG*LB4.CP-5++2.N.16.8-2.10-1W5	Q18863
005.SCG*LB4.CP-4++0.N.-2.1-1.3-4W2	Q18864
005.SCG*LB1.CP-4++2.N.-9.1-2.4-6W19	Q18865
005.SCG*LB4.CP-3++5.N.-8.37-1.40-1W15	Q18866
005.SCG*LB3.CP10++3.N.-7.7-1.9-4W9	Q18867
005.SCG*LB3.CP11++2.N.-4.1-2.3-1W8	Q18868
005.SCG*LB3.CP-5++1.N.-4.9-1.13-4W21	Q18869
005.SCG*LB3.CP-4++9.N.10.1-2.6-3W15	Q18870
005.SCG*LB2.CP-6++0.N.10.10-3.13-2W18	Q18871
005.SCG*LB4.CP-2++0.N.-2.6-2.8-6W14	Q18872
005.SCG*LB1.CP-2++5.N.-3.4-1.5-3W5	Q18873
005.SCG*LB3.CP14++7.N.-5.4-2.6-3W5	Q18874
005.SCG*LB4.CP--++8.N.12.10-5.12-1W11	Q13807
005.SCG*LB2.CP-7++6.N.-4.12-1.17-3W31	Q18875
005.SCG*LB4.CP-5++5.N.11.10-3.13-5W12	Q18876
005.SCG*LB4.CP--++8.N.-7.34-1.38-4W34	Q18877
005.SCG*LB3.CP-2++4.N.-4.4-2.7-3W20	Q18878
005.SCG*LB2.CP-7++2.N.-2.4-2.6-5W20	Q18879
005.SCG*LB4.CP-8++4.N.10.1-1.2-5W4	Q18880
005.SCG*LB3.CP-5++4.N.11.1-1.5-1W6	Q18881
005.SCG*LB3.CP13++2.N.16.1-1.4-4W17	Q18882
005.SCG*LB3.CP-5++9.N.-7.3-1.4-8W8	Q18883
005.SCG*LB2.CP-8++2.N.10.13-1.18-5W8	Q13039
005.SCG*LB3.CP13++3.N.-3.1-1.3-5W4	Q18884
005.SCG*LB4.CP-3++4.N.28.5-6.10-7W34	Q18885
005.SCG*LB1.CP-8++2.N.11.5-1.13-1W32	Q18886
005.SCG*LB3.CP-8++4.N.-9.10-5.14-3W4	Q14215
005.SCG*LB2.CP-5++6.N.-6.5-1.6-6W12	Q18887
005.SCG*LB2.CP-5++8.N.10.1-2.4-4W11	Q18888
005.SCG*LB2.CP-8++9.N.-7.18-1.19-6W13	Q18889
005.SCG*LB4.CP-1++0.N.-4.1-2.2-3W5	Q18890
005.SCG*LB3.CP--++1.N.-7.9-1.11-5W14	Q18891
005.SCG*LB2.CP-8++9.N.15.1-1.4-4W21	Q18892
005.SCG*LB3.CP-2++6.N.14.4-1.5-5W4	Q18893
005.SCG*LB3.CP-5++7.N.-6.1-1.4-5W14	Q18894
005.SCG*LB2.CP-6++5.N.-7.4-1.7-5W11	Q18895
005.SCG*LB3.CP15++8.N.-1.23-1.25-5W1	Q18896
005.SCG*LB4.CP-5++5.N.10.3-2.5-4W7	Q18897
005.SCG*LB4.CP-3++2.N.11.6-2.10-2W27	Q18898
005.SCG*LB2.CP-3++8.N.12.4-2.6-7W18	Q18899
005.SCG*LB2.CP-4++6.N.-2.9-1.17-4W1	Q18900
005.SCG*LB1.CP-7++2.N.-9.1-2.6-1W9	Q18901
005.SCG*LB3.CP-5++5.N.-5.5-4.5-6W2	Q18902
005.SCG*LB2.CP-1++0.N.-1.21-5.22-6W5	Q18903
005.SCG*LB1.CP-1++3.N.11.1-1.3-5W10	Q18904
005.SCG*LB4.CP-5++9.N.-1.8-1.10-2W16	Q15333
005.SCG*LB2.CP-7++3.N.25.1-1.7-2W14	Q18905
005.SCG*LB3.CP-1++9.N.-3.6-2.9-2W12	Q18906
005.SCG*LB2.CP-3++2.N.-4.3-2.6-1W2	Q18907
005.SCG*LB3.CP-2++5.N.--.1-1.2-4W2	Q18908
005.SCG*LB3.CP13++5.N.22.19-3.22-2W12	Q18909
005.SCG*LB2.CP-7++4.N.-2.29-1.31-3W6	Q18910
005.SCG*LB3.CP15++4.N.-4.9-2.11-4W16	Q18911
005.SCG*LB1.CP-9++1.N.13.1-1.7-1W25	Q18912
005.SCG*LB4.CP-8++3.N.-9.1-1.3-4W7	Q18913
005.SCG*LB2.CP-8++6.N.-4.5-6.7-1W6	Q18914
005.SCG*LB1.CP-6++7.N.-3.6-3.12-1W19	Q18915
005.SCG*LB4.CP-8++3.N.16.14-7.16-5W4	Q18916
005.SCG*LB3.CP--++7.N.10.6-1.9-4W10	Q13878
005.SCG*LB2.CP-6++8.N.12.1-1.6-2W18	Q18917
005.SCG*LB4.CP-2++9.N.-1.7-3.11-1W20	Q18918
005.SCG*LB4.CP-5++4.N.-9.3-5.6-6W11	Q18919
005.SCG*LB1.CP-8++0.N.-4.12-6.15-1W18	Q18920
005.SCG*LB4.CP--++8.N.-4.3-3.5-8W17	Q18921
005.SCG*LB1.CP-8++2.N.-7.3-6.8-1W10	Q18922
005.SCG*LB4.CP-2++4.N.-6.13-4.15-8W16	Q18923
005.SCG*LB3.CP-1++8.N.-1.1-1.2-4W3	Q18924
005.SCG*LB1.CP-5++7.N.-7.3-7.5-5W13	Q18925
005.SCG*LB3.CP13++2.N.28.3-2.5-1W13	Q18926
005.SCG*LB3.CP-3++4.N.-6.2-3.5-6W16	Q18927
005.SCG*LB4.CP--++9.N.-6.9-1.13-5W12	Q18928
005.SCG*LB3.CP12++9.N.-8.7-1.8-6W12	Q18929
005.SCG*LB2.CP-3++9.N.-2.1-1.2-4W10	Q18930
005.SCG*LB2.CP-5++7.N.-3.2-1.4-3W12	Q18931
005.SCG*LB3.CP15++8.N.-5.21-1.25-1W13	Q18932
005.SCG*LB1.CP-7++8.N.-7.4-2.6-3W1	Q18933
005.SCG*LB3.CP-3++9.N.-3.12-1.13-1W2	Q18934
005.SCG*LB4.CP-1++0.N.10.6-4.9-1W18	Q18935
005.SCG*LB2.CP-3++8.N.-2.2-4.4-3W3	Q18936
005.SCG*LB3.CP12++8.N.-6.1-1.3-4W3	Q18937
005.SCG*LB2.CP10++0.N.-4.17-1.19-6W8	Q505
005.SCG*LB2.CP-8++0.N.13.15-1.20-1W17	Q18938
005.SCG*LB2.CP-2++7.N.-2.4-4.6-6W7	Q18939
005.SCG*LB3.CP-8++6.N.-6.1-1.8-2W36	Q14952
005.SCG*LB3.CP-2++7.N.10.1-2.3-1W6	Q18940
005.SCG*LB2.CP-7++8.N.-4.2-2.7-5W7	Q18941
005.SCG*LB3.CP12++4.N.-6.7-3.8-6W2	Q18942
005.SCG*LB2.CP-5++2.N.-5.3-5.6-1W3	Q13677
005.SCG*LB1.CP-3++9.N.-5.1-2.2-1W4	Q18943
005.SCG*LB3.CP-8++5.N.-7.4-1.6-4W12	Q18944
005.SCG*LB1.CP-9++8.N.-5.1-2.3-2W3	Q18945
005.SCG*LB1.CP-4++4.N.-6.7-3.9-1W9	Q18946
005.SCG*LB3.CP-6++2.N.11.11-3.13-2W4	Q18947
005.SCG*LB2.CP-8++5.N.10.2-4.6-7W5	Q18948
005.SCG*LB4.CP--++4.N.14.13-1.15-1W11	Q14753
005.SCG*LB3.CP-5++9.N.-3.3-2.6-4W3	Q18949
005.SCG*LB2.CP-3++9.N.-3.10-1.12-5W18	Q18950
005.SCG*LB1.CP-2++0.N.19.1-1.6-5W11	Q18951
005.SCG*LB1.CP-3++9.N.-2.5-2.10-5W18	Q18952
005.SCG*LB2.CP-8++0.N.10.23-4.25-6W9	Q18953
005.SCG*LB3.CP-2++3.N.-3.19-5.21-1W6	Q18954
005.SCG*LB4.CP-8++6.N.-1.22-1.26-1W4	Q18955
005.SCG*LB4.CP--++8.N.-2.15-6.19-3W13	Q18956
005.SCG*LB2.CP-9++9.N.-3.1-2.6-2W12	Q18957
005.SCG*LB4.CP-3++6.N.-9.5-3.9-2W31	Q18958
005.SCG*LB3.CP-9++8.N.--.1-1.3-3W3	Q18959
005.SCG*LB3.CP-4++1.N.-2.13-3.18-3W27	Q18960
005.SCG*LB4.CP-8++3.N.23.10-1.18-6W36	Q18961
005.SCG*LB3.CP10++5.N.-9.8-2.10-2W10	Q18962
005.SCG*LB2.CP-4++4.N.14.5-7.6-4W6	Q18963
005.SCG*LB4.CP-1++3.N.-5.9-4.10-8W11	Q18964
005.SCG*LB4.CP-5++5.N.-4.6-2.10-1W7	Q18965
005.SCG*LB4.CP-3++5.N.-3.3-1.5-3W1	Q18966
005.SCG*LB4.CP-7++4.N.-7.12-2.14-7W14	Q18967
005.SCG*LB3.CP-2++6.N.19.13-1.20-3W24	Q18968
005.SCG*LB3.CP-2++3.N.-9.18-4.21-3W5	Q18969
005.SCG*LB4.CP-2++2.N.-7.1-1.5-2W6	Q18970
005.SCG*LB3.CP-9++3.N.-4.7-1.9-1W15	Q18971
005.SCG*LB4.CP-8++8.N.-4.5-4.10-2W20	Q18972
005.SCG*LB3.CP-7++5.N.14.1-2.3-6W5	Q18973
005.SCG*LB3.CP-9++2.N.13.19-1.21-5W3	Q18974
005.SCG*LB2.CP-8++3.N.-1.1-1.5-6W24	Q18975
005.SCG*LB2.CP-9++8.N.13.19-8.21-5W10	Q18976
005.SCG*LB2.CP-4++7.N.-4.8-6.11-3W20	Q18977
005.SCG*LB4.CP--++8.N.-8.26-1.29-1W10	Q18978
005.SCG*LB4.CP-9++7.N.-8.2-3.3-1W1	Q18979
005.SCG*LB2.CP-8++8.N.-7.9-1.9-6W3	Q18980
005.SCG*LB1.CP-1++8.N.-6.1-2.5-1W17	Q13011
005.SCG*LB1.CP-7++3.N.-2.1-1.2-6W7	Q18981
005.SCG*LB1.CP-9++3.N.-3.1-2.4-2W11	Q18982
005.SCG*LB3.CP10++8.N.-2.18-4.21-1W5	Q18983
005.SCG*LB4.CP-4++1.N.10.1-1.3-4W7	Q18984
005.SCG*LB1.CP-4++4.N.-2.11-5.15-3W22	Q18985
005.SCG*LB3.CP10++9.N.-7.5-2.9-2W23	Q18986
005.SCG*LB1.CP-1++6.N.-4.4-2.6-1W4	Q18987
005.SCG*LB3.CP10++7.N.--.1-1.4-1W8	Q18988
005.SCG*LB2.CP-6++0.N.-1.14-2.22-5W16	Q18989
005.SCG*LB4.CP-6++6.N.10.9-3.11-2W11	Q18990
005.SCG*LB4.CP-7++6.N.-4.10-1.12-1W8	Q18991
005.SCG*LB1.CP-5++7.N.-5.5-4.7-6W18	Q18992
005.SCG*LB4.CP-5++3.N.13.1-2.5-6W14	Q18993
005.SCG*LB3.CP13++5.N.-9.1-1.5-1W1	Q18994
005.SCG*LB3.CP-8++1.N.-1.6-4.10-2W9	Q18995
005.SCG*LB1.CP-2++3.N.-6.15-3.16-4W7	Q18996
005.SCG*LB4.CP--++4.N.-7.5-4.8-2W12	Q18997
005.SCG*LB1.CP-8++9.N.12.13-1.17-1W23	Q18998
005.SCG*LB4.CP--++6.N.13.2-7.4-6W11	Q18999
005.SCG*LB1.CP-1++7.N.-7.15-1.17-2W11	Q19000
005.SCG*LB3.CP-2++0.N.-4.17-3.26-2W4	Q19001
005.SCG*LB3.CP-9++4.N.-4.1-2.2-7W3	Q19002
005.SCG*LB2.CP-8++0.N.11.1-1.4-1W9	Q19003
005.SCG*LB4.CP-1++7.N.-9.4-3.4-6W1	Q15130
005.SCG*LB3.CP-5++0.N.-3.4-4.8-2W2	Q19004
005.SCG*LB3.CP-2++8.N.-3.3-6.5-5W13	Q19005
005.SCG*LB2.CP-7++3.N.29.6-5.10-7W27	Q19006
005.SCG*LB4.CP--++8.N.-5.1-1.5-5W16	Q19007
005.SCG*LB4.CP-5++2.N.-3.1-1.9-6W14	Q19008
005.SCG*LB1.CP-7++7.N.-4.1-2.4-1W16	Q19009
005.SCG*LB3.CP11++9.N.-7.1-1.3-8W6	Q19010
005.SCG*LB1.CP-6++5.N.-8.7-2.9-1W14	Q19011
005.SCG*LB3.CP-8++4.N.-7.7-4.9-1W9	Q19012
005.SCG*LB2.CP-8++5.N.-8.7-2.8-7W1	Q19013
005.SCG*LB3.CP-2++4.N.-6.10-3.12-1W11	Q19014
005.SCG*LB3.CP-5++6.N.-3.10-1.12-3W15	Q19015
005.SCG*LB4.CP-5++2.N.-3.1-1.9-6W37	Q19016
005.SCG*LB1.CP-1++5.N.-5.20-1.21-6W11	Q19017
005.SCG*LB2.CP-8++7.N.-7.2-3.9-7W18	Q14737
005.SCG*LB1.CP-9++2.N.-8.9-4.10-5W10	Q19018
005.SCG*LB2.CP-4++4.N.-2.9-2.11-4W9	Q19019
005.SCG*LB3.CP-6++2.N.12.11-5.13-3W4	Q19020
005.SCG*LB1.CP-6++9.N.-7.16-4.18-4W15	Q19021
005.SCG*LB2.CP-4++4.N.-5.11-4.13-2W6	Q19022
005.SCG*LB2.CP--++2.N.-6.3-3.4-4W3	Q13701
005.SCG*LB1.CP-7++4.N.--.1-1.2-4W5	Q19023
005.SCG*LB3.CP14++0.N.-9.3-1.5-5W7	Q19024
005.SCG*LB2.CP-7++6.N.17.8-4.12-6W5	Q19025
005.SCG*LB3.CP12++9.N.-5.10-4.12-4W3	Q19026
005.SCG*LB3.CP10++2.N.-6.15-1.18-3W18	Q19027
005.SCG*LB1.CP-4++0.N.-5.1-1.3-1W11	Q13932
005.SCG*LB3.CP15++5.N.10.17-4.20-3W5	Q19028
005.SCG*LB3.CP12++0.N.-5.1-2.4-5W17	Q19029
005.SCG*LB4.CP-5++5.N.-8.1-1.4-6W13	Q19030
005.SCG*LB2.CP-6++1.N.-2.1-1.9-2W47	Q19031
005.SCG*LB2.CP-4++1.N.-4.8-3.10-3W15	Q19032
005.SCG*LB2.CP-8++3.N.31.18-5.21-4W8	Q19033
005.SCG*LB3.CP13++9.N.10.1-1.3-3W13	Q19034
005.SCG*LB1.CP-5++4.N.-4.5-2.6-5W3	Q19035
005.SCG*LB2.CP-4++5.N.-9.1-1.8-2W1	Q19036
005.SCG*LB3.CP-4++8.N.13.3-2.7-8W9	Q19037
005.SCG*LB1.CP-1++5.N.-7.4-3.5-4W5	Q19038
005.SCG*LB4.CP-2++2.N.-5.11-1.14-1W16	Q19039
005.SCG*LB3.CP13++0.N.-3.1-1.5-1W25	Q19040
005.SCG*LB1.CP-7++5.N.-3.6-3.7-6W8	Q19041
005.SCG*LB4.CP-5++3.N.-4.1-2.4-1W16	Q19042
005.SCG*LB4.CP--++8.N.-7.45-1.47-4W8	Q19043
005.SCG*LB4.CP-1++1.N.-6.8-1.9-6W7	Q19044
005.SCG*LB2.CP-4++5.N.-2.18-6.20-4W4	Q14295
005.SCG*LB3.CP11++6.N.-2.7-1.11-1W21	Q19045
005.SCG*LB1.CP-1++3.N.-8.9-7.11-1W8	Q19046
005.SCG*LB4.CP-3++4.N.10.4-1.5-5W1	Q19047
005.SCG*LB1.CP-8++2.N.-3.1-2.4-5W16	Q19048
005.SCG*LB4.CP--++8.N.12.1-1.6-3W19	Q19049
005.SCG*LB1.CP-2++6.N.12.3-1.6-6W18	Q19050
005.SCG*LB3.CP-2++2.N.-7.1-1.7-6W13	Q19051
005.SCG*LB2.CP-4++2.N.10.3-3.4-6W11	Q19052
005.SCG*LB3.CP-2++4.N.-2.1-1.6-2W14	Q19053
005.SCG*LB3.CP-2++6.N.-9.8-6.10-1W5	Q19054
005.SCG*LB2.CP-5++6.N.11.6-3.8-4W7	Q19055
005.SCG*LB3.CP12++2.N.-6.17-1.22-5W5	Q19056
005.SCG*LB2.CP-9++0.N.13.9-1.12-1W4	Q15436
005.SCG*LB4.CP--++8.N.11.1-1.5-4W11	Q19057
005.SCG*LB2.CP-3++1.N.-3.4-1.8-2W17	Q19058
005.SCG*LB2.CP-8++3.N.11.5-6.7-1W3	Q19059
005.SCG*LB3.CP-4++8.N.-4.19-1.20-3W11	Q19060
005.SCG*LB4.CP-1++1.N.15.6-3.12-1W19	Q19061
005.SCG*LB2.CP-9++2.N.-6.11-5.17-3W18	Q19062
005.SCG*LB2.CP-5++5.N.-3.21-1.21-6W2	Q19063
005.SCG*LB1.CP--++1.N.-6.1-1.4-1W15	Q19064
005.SCG*LB2.CP10++0.N.-2.23-5.26-2W9	Q19065
005.SCG*LB4.CP-1++7.N.-1.4-3.4-7W5	Q13116
005.SCG*LB3.CP-4++8.N.-2.3-6.5-2W13	Q19066
005.SCG*LB4.CP--++4.N.-8.4-5.6-2W1	Q19067
005.SCG*LB4.CP-5++3.N.-9.10-1.11-5W6	Q19068
005.SCG*LB4.CP-6++4.N.-2.12-3.15-3W13	Q19069
005.SCG*LB4.CP--++1.N.-8.1-1.5-1W12	Q19070
005.SCG*LB4.CP-9++6.N.-3.8-1.9-4W11	Q19071
005.SCG*LB3.CP-8++8.N.-6.4-1.8-5W28	Q19072
005.SCG*LB3.CP-2++6.N.17.1-1.3-2W7	Q19073
005.SCG*LB2.CP-8++0.N.16.12-1.17-3W14	Q19074
005.SCG*LB3.CP-9++2.N.13.1-1.5-1W9	Q19075
005.SCG*LB1.CP-6++5.N.-9.2-6.5-2W4	Q19076
005.SCG*LB4.CP-8++2.N.-3.3-1.6-1W14	Q19077
005.SCG*LB2.CP-9++2.N.10.12-1.13-4W4	Q19078
005.SCG*LB4.CP-2++7.N.-2.6-3.10-4W18	Q19079
005.SCG*LB3.CP14++4.N.-3.14-4.16-5W6	Q19080
005.SCG*LB3.CP-4++6.N.-1.1-1.4-1W14	Q19081
005.SCG*LB2.CP-6++5.N.-2.4-6.6-1W5	Q19082
005.SCG*LB1.CP-4++4.N.-2.1-1.5-4W18	Q19083
005.SCG*LB1.CP-5++0.N.-9.6-4.8-2W10	Q19084
005.SCG*LB2.CP-8++9.N.11.16-1.19-1W10	Q19085
005.SCG*LB2.CP-7++5.N.13.1-1.7-2W23	Q19086
005.SCG*LB4.CP-8++4.N.11.1-2.4-5W10	Q19087
005.SCG*LB4.CP-2++6.N.-2.13-4.16-2W6	Q19088
005.SCG*LB2.CP-8++6.N.-5.11-1.13-1W3	Q19089
005.SCG*LB1.CP-3++9.N.--.1-1.2-2W5	Q19090
005.SCG*LB1.CP-4++3.N.13.27-3.31-1W16	Q19091
005.SCG*LB3.CP-9++2.N.-8.29-4.33-2W3	Q19092
005.SCG*LB3.CP13++5.N.23.35-4.36-4W5	Q19093
005.SCG*LB3.CP-7++4.N.-2.1-1.2-6W10	Q14690
005.SCG*LB2.CP-2++1.N.-9.15-4.19-7W12	Q19094
005.SCG*LB1.CP-4++8.N.-3.4-1.5-3W8	Q19095
005.SCG*LB2.CP-5++9.N.-1.5-1.8-3W15	Q19096
005.SCG*LB2.CP-7++7.N.-5.19-4.23-2W4	Q19097
005.SCG*LB3.CP-4++1.N.11.7-3.11-6W14	Q19098
005.SCG*LB3.CP-6++7.N.-5.1-2.8-1W10	Q19099
005.SCG*LB2.CP-6++0.N.-2.20-2.25-4W15	Q19100
005.SCG*LB1.CP-6++9.N.-7.7-1.13-1W8	Q19101
005.SCG*LB3.CP-6++6.N.-8.5-1.8-1W6	Q13017
005.SCG*LB3.CP-8++8.N.-5.7-7.8-3W4	Q19102
005.SCG*LB1.CP-4++2.N.-7.10-1.13-1W10	Q19103
005.SCG*LB2.CP-6++0.N.-4.8-5.10-6W14	Q19104
005.SCG*LB3.CP14++6.N.-8.31-1.34-4W16	Q19105
005.SCG*LB1.CP-1++7.N.-7.22-1.25-1W7	Q19106
005.SCG*LB4.CP-4++1.N.13.1-1.4-5W17	Q19107
005.SCG*LB4.CP-3++4.N.30.2-2.3-2W2	Q19108
005.SCG*LB1.CP--++3.N.-5.6-4.8-2W13	Q19109
005.SCG*LB2.CP-7++5.N.12.1-2.5-1W19	Q19110
005.SCG*LB1.CP-2++8.N.-1.1-1.4-6W27	Q19111
005.SCG*LB1.CP-4++4.N.-2.7-2.9-4W12	Q19112
005.SCG*LB3.CP-9++7.N.-3.38-3.40-5W4	Q15895
005.SCG*LB4.CP--++3.N.--.1-1.1-5W4	Q19113
005.SCG*LB3.CP-4++5.N.-6.10-2.14-6W11	Q19114
005.SCG*LB2.CP-9++8.N.-4.12-5.15-2W11	Q19115
005.SCG*LB4.CP--++8.N.-1.13-4.16-7W14	Q19116
005.SCG*LB2.CP--++2.N.-4.15-7.16-5W6	Q15580
005.SCG*LB2.CP-8++6.N.-3.19-1.24-1W31	Q19117
005.SCG*LB4.CP-6++6.N.-6.1-1.4-1W15	Q19118
005.SCG*LB2.CP-9++4.N.-3.4-5.6-4W9	Q19119
005.SCG*LB2.CP-5++7.N.-7.3-2.5-5W4	Q19120
005.SCG*LB2.CP-3++6.N.-2.1-1.4-3W25	Q19121
005.SCG*LB2.CP-6++0.N.-1.14-2.22-5W13	Q19122
005.SCG*LB4.CP-2++5.N.-1.5-1.8-5W1	Q15053
005.SCG*LB4.CP-8++0.N.-2.1-1.4-5W25	Q19123
005.SCG*LB4.CP-4++8.N.-3.16-1.19-1W22	Q19124
005.SCG*LB2.CP-4++0.N.-4.8-2.9-4W3	Q19125
005.SCG*LB3.CP12++5.N.-9.1-1.3-1W4	Q19126
005.SCG*LB1.CP-1++0.N.-1.1-1.6-7W25	Q19127
005.SCG*LB2.CP-5++5.N.-3.18-5.20-4W2	Q19128
005.SCG*LB4.CP-3++8.N.-1.19-5.25-7W16	Q19129
005.SCG*LB1.CP-7++1.N.-5.10-1.12-1W14	Q19130
005.SCG*LB3.CP14++8.N.-5.4-6.7-1W5	Q19131
005.SCG*LB3.CP-9++4.N.10.71-2.74-4W16	Q5266
005.SCG*LB1.CP-7++3.N.-3.1-2.2-5W5	Q19132
005.SCG*LB3.CP10++6.N.-2.3-2.5-6W15	Q19133
005.SCG*LB3.CP13++2.N.23.4-4.6-2W4	Q19134
005.SCG*LB3.CP12++3.N.-6.10-4.11-4W6	Q19135
005.SCG*LB4.CP-2++4.N.12.15-3.16-5W11	Q19136
005.SCG*LB4.CP-3++5.N.11.12-2.14-5W5	Q19137
005.SCG*LB3.CP-6++5.N.-4.24-4.26-5W1	Q19138
005.SCG*LB4.CP-6++4.N.-3.7-5.10-4W11	Q19139
005.SCG*LB2.CP-7++5.N.-5.1-1.5-3W3	Q19140
005.SCG*LB3.CP-4++8.N.-6.4-5.6-2W9	Q19141
005.SCG*LB4.CP-9++2.N.-8.5-5.6-2W4	Q19142
005.SCG*LB1.CP-4++5.N.-2.4-3.6-1W9	Q19143
005.SCG*LB3.CP-8++2.N.-6.29-1.30-4W7	Q19144
005.SCG*LB3.CP-9++7.N.-3.17-4.19-6W12	Q19145
005.SCG*LB3.CP14++7.N.-3.12-1.13-4W12	Q19146
005.SCG*LB2.CP-2++3.N.-8.10-6.12-4W12	Q19147
005.SCG*LB2.CP-9++1.N.11.7-1.9-4W16	Q19148
005.SCG*LB4.CP-9++2.N.-4.16-5.18-8W4	Q19149
005.SCG*LB1.CP-6++9.N.-5.8-3.10-3W9	Q19150
005.SCG*LB4.CP-8++1.N.-6.8-2.11-1W16	Q19151
005.SCG*LB2.CP-7++2.N.-3.3-2.7-3W30	Q19152
005.SCG*LB1.CP-1++0.N.-4.5-5.9-7W16	Q19153
005.SCG*LB3.CP-6++4.N.-1.1-1.3-3W9	Q19154
005.SCG*LB3.CP-2++3.N.-9.21-4.28-3W41	Q19155
005.SCG*LB4.CP-2++4.N.10.21-9.24-6W13	Q19156
005.SCG*LB1.CP-5++3.N.-5.3-4.4-6W5	Q19157
005.SCG*LB1.CP-2++0.N.-1.1-1.2-5W4	Q19158
005.SCG*LB3.CP-7++6.N.-7.26-1.28-1W3	Q19159
005.SCG*LB1.CP-7++7.N.-4.1-2.4-1W11	Q19160
005.SCG*LB2.CP-3++2.N.-8.1-2.3-4W8	Q19161
005.SCG*LB1.CP-2++3.N.-4.5-1.6-4W5	Q19162
005.SCG*LB2.CP-8++8.N.-7.6-1.8-6W23	Q19163
005.SCG*LB2.CP-4++6.N.-6.17-3.18-1W1	Q19164
005.SCG*LB3.CP-9++2.N.-7.11-1.15-1W13	Q19165
005.SCG*LB4.CP-2++3.N.-8.14-5.18-5W3	Q19166
005.SCG*LB3.CP10++9.N.10.4-6.5-6W7	Q5246
005.SCG*LB3.CP-3++2.N.-1.1-1.4-2W16	Q19167
005.SCG*LB1.CP-1++9.N.-2.1-2.2-3W3	Q19168
005.SCG*LB2.CP-4++8.N.-4.7-2.10-2W19	Q19169
005.SCG*LB1.CP-4++3.N.12.1-2.4-5W4	Q19170
005.SCG*LB3.CP-8++2.N.-4.3-2.5-4W13	Q19171
005.SCG*LB3.CP14++8.N.-2.3-1.5-2W14	Q19172
005.SCG*LB3.CP-8++8.N.-1.1-1.6-5W18	Q19173
005.SCG*LB3.CP-8++9.N.-8.6-6.10-3W16	Q19174
005.SCG*LB4.CP-3++3.N.-2.5-3.7-2W11	Q19175
005.SCG*LB3.CP12++7.N.-1.8-1.9-4W10	Q19176
005.SCG*LB3.CP-7++7.N.-5.11-1.17-1W5	Q19177
005.SCG*LB1.CP-7++4.N.-2.1-1.2-4W9	Q13409
005.SCG*LB3.CP11++4.N.-2.1-2.5-8W27	Q19178
005.SCG*LB1.CP-7++2.N.-7.6-5.11-4W37	Q19179
005.SCG*LB4.CP-6++6.N.-5.1-1.7-6W3	Q19180
005.SCG*LB2.CP-4++3.N.-3.7-4.10-5W6	Q19181
005.SCG*LB1.CP-8++5.N.-2.1-1.3-1W1	Q19182
005.SCG*LB2.CP-5++4.N.-7.1-1.6-4W16	Q19183
005.SCG*LB3.CP15++4.N.25.7-6.10-6W6	Q19184
005.SCG*LB3.CP-5++6.N.-5.13-1.22-4W27	Q19185
005.SCG*LB2.CP-5++7.N.15.13-4.14-1W1	Q19186
005.SCG*LB4.CP-3++2.N.-2.5-4.9-3W4	Q3860
005.SCG*LB1.CP-6++9.N.-6.2-1.4-4W5	Q19187
005.SCG*LB3.CP11++2.N.-7.6-6.8-5W7	Q19188
005.SCG*LB2.CP-5++2.N.-1.6-2.8-6W18	Q19189
005.SCG*LB2.CP-1++6.N.-4.8-1.10-6W1	Q19190
005.SCG*LB2.CP-2++8.N.-1.1-1.4-5W11	Q19191
005.SCG*LB2.CP-6++0.N.12.13-1.14-7W5	Q19192
005.SCG*LB4.CP-5++4.N.-2.4-1.6-4W1	Q19193
005.SCG*LB4.CP-7++6.N.-4.5-1.6-4W5	Q19194
005.SCG*LB4.CP-5++1.N.-8.1-2.4-4W13	Q19195
005.SCG*LB1.CP-9++9.N.-3.5-4.6-6W5	Q19196
005.SCG*LB4.CP-2++6.N.-6.5-2.7-4W19	Q19197
005.SCG*LB2.CP-8++4.N.-4.27-4.30-3W17	Q19198
005.SCG*LB3.CP-3++2.N.-1.4-3.6-5W12	Q19199
005.SCG*LB1.CP-5++6.N.-2.1-1.4-4W4	Q19200
005.SCG*LB3.CP15++4.N.-7.1-1.3-5W13	Q19201
005.SCG*LB1.CP-9++1.N.12.9-1.12-2W14	Q19202
005.SCG*LB3.CP-4++3.N.-6.1-2.8-2W4	Q19203
005.SCG*LB1.CP-2++2.N.-8.1-2.3-1W6	Q19204
005.SCG*LB4.CP-9++7.N.-1.3-1.8-2W25	Q19205
005.SCG*LB1.CP-6++6.N.10.3-2.5-4W13	Q19206
005.SCG*LB1.CP-1++3.N.-4.2-3.3-4W6	Q19207
005.SCG*LB2.CP-8++4.N.-3.6-4.9-4W11	Q19208
005.SCG*LB1.CP-3++4.N.-2.7-1.14-4W5	Q19209
005.SCG*LB2.CP-9++0.N.-6.7-4.11-2W20	Q19210
005.SCG*LB1.CP-8++4.N.-4.4-3.8-6W16	Q19211
005.SCG*LB2.CP-7++3.N.19.22-1.27-1W16	Q12801
005.SCG*LB1.CP-9++6.N.-3.6-2.8-3W3	Q19212
005.SCG*LB4.CP-5++0.N.-3.1-1.4-3W5	Q19213
005.SCG*LB3.CP15++4.N.16.19-4.22-2W7	Q19214
005.SCG*LB4.CP-9++5.N.-5.15-2.17-6W13	Q19215
005.SCG*LB2.CP-5++5.N.-9.12-3.13-1W3	Q19216
005.SCG*LB3.CP12++2.N.-4.1-1.2-2W6	Q19217
005.SCG*LB2.CP-1++6.N.-2.1-1.2-6W9	Q19218
005.SCG*LB3.CP-4++8.N.-3.14-1.18-3W30	Q19219
005.SCG*LB3.CP15++4.N.-1.11-6.17-8W26	Q19220
005.SCG*LB2.CP-7++6.N.-9.32-1.35-2W11	Q19221
005.SCG*LB4.CP-3++9.N.-1.12-5.14-3W5	Q19222
005.SCG*LB4.CP-8++2.N.-6.16-4.17-5W1	Q19223
005.SCG*LB2.CP-8++3.N.21.9-1.13-3W3	Q19224
005.SCG*LB1.CP-6++9.N.16.6-3.7-3W1	Q19225
005.SCG*LB3.CP14++6.N.-8.24-1.28-5W12	Q19226
005.SCG*LB3.CP--++8.N.10.19-1.28-1W57	Q19227
005.SCG*LB2.CP-8++3.N.26.3-4.5-5W6	Q19228
005.SCG*LB2.CP-4++1.N.-4.6-1.8-2W17	Q19229
005.SCG*LB4.CP--++4.N.-2.9-1.10-6W11	Q19230
005.SCG*LB4.CP-4++1.N.-6.22-5.27-1W22	Q19231
005.SCG*LB2.CP-1++3.N.-3.14-1.18-7W4	Q19232
005.SCG*LB3.CP-5++5.N.-2.11-3.13-3W12	Q19233
005.SCG*LB4.CP-1++1.N.11.24-5.29-5W6	Q19234
005.SCG*LB4.CP-7++2.N.-9.5-3.7-1W6	Q19235
