lila_lemma	lila_inftype
lemma/156068	v5r
lemma/156182	v1e
lemma/100233	v1r
lemma/100318	v1r
lemma/101606	v1r
lemma/102317	v1r
lemma/102347	v1r
lemma/102454	v1r
lemma/102883	v1r
lemma/103317	v3r
lemma/103553	v1r
lemma/103600	v1d
lemma/104113	v3r
lemma/104575	v1r
lemma/105225	v1r
lemma/106786	v3r
lemma/106873	v3r
lemma/107358	v1d
lemma/107359	v1r
lemma/107949	v1r
lemma/108351	v3r
lemma/108686	v1d
lemma/108722	v2r
lemma/109427	v5r
lemma/109960	v1r
lemma/111037	v3r
lemma/111285	v1r
lemma/112662	v5r
lemma/114058	v1d
lemma/114362	v1r
lemma/114436	v1r
lemma/114466	v1r
lemma/116288	v1r
lemma/116341	v1r
lemma/116691	v1r
lemma/116888	v2r
lemma/117290	v1d
lemma/117341	v3r
lemma/118659	v1r
lemma/119006	v1r
lemma/119039	v1d
lemma/119339	v1r
lemma/119743	v1r
lemma/120078	v4r
lemma/120173	v3r
lemma/120208	v3r
lemma/121190	v1r
lemma/121652	v3r
lemma/122385	v3r
lemma/122647	v1r
lemma/122671	v3r
lemma/122677	v3r
lemma/122728	v3r
lemma/122890	v1d
lemma/123476	v1r
lemma/124554	v1r
lemma/125123	v1d
lemma/125124	v1r
lemma/125812	v3r
lemma/125993	v1r
lemma/125997	v1r
lemma/126450	v3r
lemma/126507	v3r
lemma/126869	v3r
lemma/126908	v1r
lemma/126966	v3r
lemma/128444	v3r
lemma/129106	v1r
lemma/129200	v5r
lemma/129469	v5r
lemma/129770	v6r
lemma/131216	v1r
lemma/138011	v1r
lemma/26038	v1r
lemma/26491	v1r
lemma/26703	v1r
lemma/27102	v1r
lemma/27212	v1r
lemma/27349	v1r
lemma/28031	v1r
lemma/28318	v1r
lemma/28355	v1r
lemma/32113	v1r
lemma/35842	v4r
lemma/37331	v1r
lemma/40235	v1r
lemma/41629	v1r
lemma/42537	v3
lemma/43977	v1r
lemma/44794	v1r
lemma/46417	v1r
lemma/46520	v1r
lemma/47022	v1r
lemma/47335	v1r
lemma/47644	v1r
lemma/48068	v1r
lemma/48631	v1r
lemma/48712	v1r
lemma/49017	v1r
lemma/49630	v1r
lemma/50239	v1r
lemma/50570	v1r
lemma/51057	v1r
lemma/54008	v3r
lemma/54331	v1r
lemma/54847	v1r
lemma/55440	v1r
lemma/55500	v1r
lemma/56247	v3r
lemma/56275	v4r
lemma/57702	v1r
lemma/58727	v1r
lemma/59081	v1r
lemma/59463	v3r
lemma/59645	v1r
lemma/61019	v1r
lemma/63139	v1r
lemma/63151	v1d
lemma/63720	v1r
lemma/66263	v1r
lemma/67856	v1r
lemma/68850	v3e
lemma/70780	v1r
lemma/72129	v1r
lemma/73013	v4r
lemma/73020	v1r
lemma/73636	v1r
lemma/74381	v1r
lemma/74847	v1r
lemma/74964	v1r
lemma/75210	v1r
lemma/75659	v1r
lemma/75694	v1r
lemma/76758	v1d
lemma/76924	v1r
lemma/78304	v1r
lemma/78767	v1r
lemma/81151	v1r
lemma/81238	v1r
lemma/81672	v1r
lemma/81873	v1r
lemma/83363	v3r
lemma/83370	v1r
lemma/83414	v1d
lemma/85823	v3r
lemma/86771	v1r
lemma/87112	v3r
lemma/87568	v2r
lemma/87754	v1d
lemma/87755	v1r
lemma/88705	v1r
lemma/89237	v4r
lemma/89342	v3r
lemma/89811	v3r
lemma/89812	v4r
lemma/91511	v1r
lemma/92541	v5r
lemma/93548	v1r
lemma/94228	v3r
lemma/94498	v3r
lemma/95197	v1d
lemma/95198	v1r
lemma/95792	v1r
lemma/96272	v1r
lemma/96707	v3r
lemma/97040	v1r
lemma/98913	v3r
lemma/99320	v1r
lemma/99360	v3r
lemma/99404	v1d
lemma/99405	v1r
lemma/99464	v3r
lemma/100698	v1r
lemma/100738	v1r
lemma/101171	v1r
lemma/101667	v1r
lemma/101718	v3d
lemma/102099	v1r
lemma/102929	v1d
lemma/103094	v1r
lemma/103196	v1r
lemma/105711	v1r
lemma/106000	v2r
lemma/106592	v1r
lemma/107025	v3r
lemma/107787	v1r
lemma/107821	v1r
lemma/108063	v4r
lemma/108414	v1r
lemma/108459	v1r
lemma/108760	v5d
lemma/109784	v1d
lemma/109785	v1r
lemma/110011	v1d
lemma/110012	v1r
lemma/110720	v1r
lemma/111518	v1r
lemma/114437	v3r
lemma/114600	v1r
lemma/115699	v2r
lemma/115735	v1r
lemma/115736	v1d
lemma/115737	v1r
lemma/116246	v1r
lemma/116663	v3r
lemma/117017	v1r
lemma/117857	v3r
lemma/117908	v1r
lemma/118751	v1r
lemma/118946	v1r
lemma/119309	v3r
lemma/119335	v3r
lemma/119727	v1d
lemma/120306	v1r
lemma/122358	v1d
lemma/122403	v1r
lemma/122435	v1r
lemma/122621	v1r
lemma/122834	v5r
lemma/122862	v1r
lemma/123054	v1r
lemma/124004	v2r
lemma/126167	v1r
lemma/126367	v1d
lemma/126558	v1r
lemma/126944	v3r
lemma/127011	v1r
lemma/127067	v3r
lemma/129107	v1r
lemma/129878	v3r
lemma/130173	v2r
lemma/130183	v1r
lemma/130705	v1r
lemma/131408	v3r
lemma/136147	v1
lemma/136234	v2r
lemma/138507	v3r
lemma/27299	v1r
lemma/27651	v1r
lemma/27758	v4r
lemma/27903	v1r
lemma/28049	v1r
lemma/28408	v1r
lemma/30120	v1r
lemma/30467	v1r
lemma/32561	v1r
lemma/32626	v1r
lemma/32932	v1r
lemma/32987	v1r
lemma/33437	v1r
lemma/34760	v1r
lemma/36699	v1r
lemma/37377	v1r
lemma/39301	v1r
lemma/39484	v1r
lemma/42129	v3e
lemma/42979	v1r
lemma/43506	v4r
lemma/43991	v1r
lemma/46696	v1r
lemma/46826	v1r
lemma/47693	v4d
lemma/47758	v1r
lemma/48769	v1r
lemma/50678	v1r
lemma/50816	v1r
lemma/50883	v1r
lemma/52955	v1r
lemma/53077	v4r
lemma/53482	v1r
lemma/53810	v1r
lemma/54740	v3r
lemma/56177	v4r
lemma/56243	v1r
lemma/58268	v1r
lemma/58471	v1r
lemma/58620	v1r
lemma/58625	v1d
lemma/59230	v1r
lemma/59345	v1r
lemma/59699	v1r
lemma/59756	v1r
lemma/61609	v1r
lemma/61924	v4r
lemma/62641	v1r
lemma/63548	v1r
lemma/63764	v1r
lemma/66858	v4r
lemma/67401	v1r
lemma/67837	v1r
lemma/71972	v1r
lemma/72746	v1r
lemma/73272	v2r
lemma/74016	v1r
lemma/75236	v1r
lemma/75342	v1r
lemma/76139	v1r
lemma/76378	v1r
lemma/76413	v4r
lemma/79300	v4r
lemma/79322	v1r
lemma/79631	v1r
lemma/81647	v1r
lemma/82709	v1r
lemma/82905	v1r
lemma/83006	v1r
lemma/85087	v1d
lemma/85915	v1r
lemma/86321	v4r
lemma/87651	v1d
lemma/87652	v1r
lemma/88677	v1d
lemma/88678	v1r
lemma/89642	v1r
lemma/89646	v1r
lemma/90378	v3r
lemma/91983	v1r
lemma/93153	v1r
lemma/93957	v2r
lemma/93958	v4r
lemma/94267	v3r
lemma/94410	v1r
lemma/95435	v2r
lemma/95579	v1d
lemma/96404	v1d
lemma/99711	v1r
lemma/99743	v1r
lemma/102349	v1r
lemma/102585	v1r
lemma/102886	v3r
lemma/103319	v3r
lemma/103921	v1r
lemma/104063	v1r
lemma/104489	v3r
lemma/105497	v1r
lemma/105548	v4r
lemma/106787	v1r
lemma/106874	v1r
lemma/106925	v1r
lemma/107434	v1r
lemma/108352	v3r
lemma/108723	v1r
lemma/109467	v1r
lemma/110995	v1d
lemma/110996	v1r
lemma/113581	v2r
lemma/114003	v1d
lemma/114004	v1r
lemma/116889	v3r
lemma/118061	v1r
lemma/118160	v1r
lemma/119275	v3r
lemma/119285	v3r
lemma/119373	v1r
lemma/120762	v1r
lemma/122571	v1d
lemma/122572	v1r
lemma/122622	v3r
lemma/122678	v1r
lemma/122729	v1r
lemma/122730	v3r
lemma/122891	v3r
lemma/123647	v2r
lemma/123648	v3r
lemma/125314	v1d
lemma/126508	v3r
lemma/126870	v3r
lemma/126967	v3r
lemma/129201	v6r
lemma/129803	v1r
lemma/131071	v1d
lemma/131072	v1r
lemma/131217	v1r
lemma/131668	v1r
lemma/137384	v1r
lemma/26274	v1r
lemma/26325	v1r
lemma/27243	v1r
lemma/27274	v1r
lemma/27880	v3r
lemma/28564	v1r
lemma/33548	v1r
lemma/34057	v1r
lemma/35792	v1r
lemma/36817	v1r
lemma/38154	v1r
lemma/38909	v1r
lemma/43047	v1r
lemma/43915	v5r
lemma/45051	v1r
lemma/46418	v1r
lemma/47308	v1r
lemma/49755	v1r
lemma/50622	v1r
lemma/52973	v3r
lemma/53942	v7e
lemma/54281	v1r
lemma/58361	v3r
lemma/58677	v1r
lemma/58835	v1r
lemma/59139	v1r
lemma/68755	v2
lemma/72380	v1d
lemma/72988	v1r
lemma/75388	v3r
lemma/76265	v1r
lemma/76316	v1d
lemma/76447	v1r
lemma/79688	v1r
lemma/80444	v1r
lemma/80980	v1r
lemma/82446	v1r
lemma/83364	v1r
lemma/83415	v1r
lemma/87113	v3r
lemma/87569	v4r
lemma/88951	v1r
lemma/90273	v1r
lemma/90530	v1r
lemma/90805	v1r
lemma/93033	v1r
lemma/94200	v4r
lemma/95155	v1d
lemma/95156	v1r
lemma/95793	v2r
lemma/96275	v1d
lemma/96869	v3r
lemma/98177	v1r
lemma/98197	v1r
lemma/99554	v3r
lemma/100592	v1r
lemma/100643	v2r
lemma/101074	v3d
lemma/101203	v3r
lemma/102015	v1r
lemma/104474	v1r
lemma/105089	v2r
lemma/105441	v3r
lemma/106001	v5r
lemma/107792	v1r
lemma/107843	v2r
lemma/108092	v1d
lemma/109767	v1r
lemma/111230	v5r
lemma/112306	v1r
lemma/113944	v1r
lemma/114198	v3r
lemma/114249	v1r
lemma/114550	v1r
lemma/114601	v3r
lemma/116196	v5r
lemma/116407	v1r
lemma/116667	v3r
lemma/116692	v1r
lemma/117020	v3r
lemma/117903	v1r
lemma/118311	v3d
lemma/118312	v3r
lemma/119336	v3r
lemma/119729	v3r
lemma/122404	v1r
lemma/122434	v1r
lemma/122811	v1r
lemma/122836	v3r
lemma/122863	v1r
lemma/126043	v1r
lemma/126860	v5d
lemma/126911	v1r
lemma/127012	v3r
lemma/127068	v1r
lemma/128040	v1r
lemma/130235	v1r
lemma/26310	v1r
lemma/30471	v1r
lemma/32064	v1r
lemma/32988	v1r
lemma/33441	v1r
lemma/35435	v1r
lemma/37786	v1r
lemma/43475	v1r
lemma/44069	v1r
lemma/44314	v1r
lemma/46776	v1r
lemma/46827	v1r
lemma/47694	v1r
lemma/47745	v1r
lemma/48305	v1r
lemma/50679	v1d
lemma/50980	v1r
lemma/57244	v1r
lemma/59460	v1d
lemma/59733	v4d
lemma/60178	v1r
lemma/62038	v4r
lemma/66869	v4r
lemma/67085	v1r
lemma/67271	v1r
lemma/67692	v4r
lemma/68296	v1r
lemma/69890	v1r
lemma/72512	v1r
lemma/74224	v1r
lemma/75144	v1r
lemma/75378	v1r
lemma/76261	v1d
lemma/76858	v1r
lemma/77458	v1d
lemma/77530	v1r
lemma/78714	v2r
lemma/82125	v1r
lemma/82855	v1r
lemma/83932	v1r
lemma/84087	v1r
lemma/84160	v1r
lemma/84333	v1r
lemma/87476	v3d
lemma/89647	v1r
lemma/90638	v2r
lemma/90851	v3r
lemma/92924	v1r
lemma/94297	v3d
lemma/94411	v1r
lemma/94652	v1r
lemma/94699	v1r
lemma/95385	v1r
lemma/95436	v3r
lemma/95580	v1r
lemma/96400	v1r
lemma/96405	v1d
lemma/98586	v1r
lemma/98843	v1r
lemma/99744	v3r
lemma/100627	v5r
lemma/101648	v1r
lemma/103533	v1r
lemma/103877	v3r
lemma/104064	v4r
lemma/104577	v1r
lemma/105057	v1d
lemma/106875	v2r
lemma/107435	v3r
lemma/110804	v1d
lemma/111041	v1r
lemma/114363	v3r
lemma/114658	v1r
lemma/114742	v1r
lemma/115574	v1d
lemma/119191	v4r
lemma/119276	v1r
lemma/119374	v4r
lemma/119577	v1r
lemma/119639	v3r
lemma/120079	v3r
lemma/122386	v3r
lemma/122593	v1d
lemma/122616	v1r
lemma/122623	v2r
lemma/122672	v4r
lemma/122679	v1r
lemma/122892	v1r
lemma/125075	v1r
lemma/125943	v1r
lemma/125999	v4r
lemma/126452	v1r
lemma/126503	v2r
lemma/126872	v3r
lemma/127532	v1r
lemma/133147	v1r
lemma/136467	v2r
lemma/138012	v1r
lemma/141975	v1r
lemma/142044	v3e
lemma/27116	v1r
lemma/27219	v1r
lemma/27244	v1r
lemma/27685	v1r
lemma/28600	v1r
lemma/29456	v3r
lemma/30229	v2r
lemma/30995	v1r
lemma/30997	v4r
lemma/31246	v1r
lemma/32473	v1
lemma/35084	v1r
lemma/36829	v1r
lemma/42592	v1r
lemma/43048	v3r
lemma/43081	v3r
lemma/43850	v1r
lemma/44017	v1r
lemma/46186	v1r
lemma/46261	v3r
lemma/46368	v1r
lemma/46419	v1r
lemma/46888	v1r
lemma/47123	v1r
lemma/47331	v1r
lemma/47337	v1r
lemma/48237	v1r
lemma/49097	v1r
lemma/50572	v3e
lemma/50901	v1r
lemma/52208	v1r
lemma/52504	v3r
lemma/52974	v1r
lemma/53812	v1r
lemma/53892	v1r
lemma/54411	v1r
lemma/54430	v3e
lemma/54528	v3r
lemma/56327	v1r
lemma/56736	v1r
lemma/58678	v4r
lemma/59102	v1r
lemma/59647	v1r
lemma/59953	v1r
lemma/60071	v1r
lemma/63198	v1r
lemma/63436	v1r
lemma/64518	v1r
lemma/67680	v1r
lemma/68739	v1r
lemma/72381	v1r
lemma/72897	v1r
lemma/72948	v1r
lemma/75757	v1r
lemma/75803	v1r
lemma/75809	v1d
lemma/76088	v1r
lemma/76774	v3r
lemma/79960	v2r
lemma/80017	v1r
lemma/80540	v1r
lemma/83416	v1r
lemma/87058	v3d
lemma/87584	v1r
lemma/88709	v1r
lemma/89180	v3r
lemma/90531	v1r
lemma/90996	v2r
lemma/92460	v1r
lemma/92474	v1r
lemma/93851	v1r
lemma/94519	v1r
lemma/95794	v1r
lemma/96276	v1d
lemma/98568	v1r
lemma/99323	v4r
lemma/99606	v3r
lemma/101172	v1r
lemma/102063	v1r
lemma/102122	v2r
lemma/102229	v3r
lemma/103556	v1r
lemma/104429	v1r
lemma/104473	v1d
lemma/105148	v1r
lemma/106593	v1r
lemma/108415	v1r
lemma/108762	v1r
lemma/111231	v6r
lemma/111470	v1r
lemma/114199	v4r
lemma/116197	v6r
lemma/117803	v3r
lemma/118777	v1d
lemma/118778	v1r
lemma/119337	v1r
lemma/119602	v1r
lemma/119695	v1d
lemma/119696	v1r
lemma/120114	v1r
lemma/122405	v1r
lemma/122812	v2r
lemma/122835	v2r
lemma/123359	v1r
lemma/124763	v4r
lemma/126861	v5r
lemma/129202	v2r
lemma/130472	v1r
lemma/131287	v3r
lemma/136876	v1r
lemma/141640	v4r
lemma/142196	v3r
lemma/26684	v1r
lemma/27036	v1r
lemma/27082	v1r
lemma/27509	v1r
lemma/27653	v1r
lemma/27766	v1r
lemma/28162	v1r
lemma/30071	v1r
lemma/32933	v1r
lemma/33391	v1r
lemma/39025	v1r
lemma/40715	v3r
lemma/42381	v6r
lemma/47039	v1r
lemma/47682	v1r
lemma/47695	v1
lemma/47746	v1r
lemma/47826	v1r
lemma/49173	v1r
lemma/50874	v1r
lemma/52566	v1r
lemma/55302	v6
lemma/55818	v4r
lemma/55864	v1d
lemma/61131	v1r
lemma/65845	v1r
lemma/66598	v1r
lemma/67272	v1d
lemma/70277	v1r
lemma/73049	v3r
lemma/73810	v3r
lemma/75344	v1r
lemma/75968	v1r
lemma/77427	v1r
lemma/79842	v1r
lemma/80573	v1r
lemma/82856	v1r
lemma/83915	v1r
lemma/87441	v1d
lemma/87654	v4r
lemma/89597	v3r
lemma/89643	v1r
lemma/89648	v3r
lemma/90652	v3r
lemma/92026	v1r
lemma/94738	v3r
lemma/94877	v3d
lemma/96406	v3r
lemma/97897	v1r
lemma/97978	v1r
lemma/98071	v1r
lemma/98587	v1r
lemma/99096	v2r
lemma/101568	v1r
lemma/101613	v3r
lemma/102017	v2r
lemma/102318	v1r
lemma/103881	v3d
lemma/103922	v4r
lemma/104693	v1r
lemma/105058	v4r
lemma/105499	v1r
lemma/106411	v2r
lemma/106876	v3r
lemma/107845	v1r
lemma/108405	v3r
lemma/108641	v3r
lemma/108688	v3r
lemma/109366	v1r
lemma/109731	v3r
lemma/110998	v2r
lemma/111339	v1r
lemma/112115	v1d
lemma/112665	v2r
lemma/116636	v3r
lemma/116902	v4r
lemma/118113	v1r
lemma/118660	v4d
lemma/118670	v1r
lemma/118721	v1r
lemma/119192	v1r
lemma/119277	v3r
lemma/119311	v6r
lemma/120174	v1r
lemma/120209	v3r
lemma/122573	v1r
lemma/122618	v1r
lemma/122624	v2r
lemma/122648	v3r
lemma/124704	v1r
lemma/125815	v1r
lemma/126453	v1r
lemma/126504	v3r
lemma/126873	v1r
lemma/126969	v3r
lemma/128447	v1r
lemma/128512	v1r
lemma/128759	v1r
lemma/130645	v3r
lemma/130971	v1r
lemma/135859	v1d
lemma/136519	v1r
lemma/142037	v3r
lemma/26220	v4r
lemma/27062	v1r
lemma/27194	v4r
lemma/28343	v1r
lemma/29647	v3r
lemma/30824	v1r
lemma/32068	v1r
lemma/34059	v1r
lemma/36743	v1r
lemma/36992	v1r
lemma/40211	v1r
lemma/41637	v4r
lemma/42024	v1r
lemma/43049	v1r
lemma/45293	v4r
lemma/46193	v1r
lemma/46313	v1r
lemma/46721	v1r
lemma/46962	v1r
lemma/47034	v1r
lemma/50437	v1r
lemma/50573	v1r
lemma/54267	v1r
lemma/57666	v1r
lemma/58652	v4r
lemma/58847	v1r
lemma/59688	v1r
lemma/59905	v3r
lemma/60072	v1r
lemma/60081	v1r
lemma/61592	v1r
lemma/64956	v1r
lemma/66335	v1r
lemma/69893	v1r
lemma/70980	v1r
lemma/75753	v1r
lemma/75813	v1r
lemma/76489	v1r
lemma/78383	v1r
lemma/81834	v3r
lemma/82397	v1r
lemma/82800	v3r
lemma/85712	v1r
lemma/85768	v1r
lemma/87388	v1r
lemma/89645	v1r
lemma/90532	v3r
lemma/90578	v1r
lemma/91449	v1d
lemma/91450	v1r
lemma/93852	v1r
lemma/94004	v3r
lemma/94202	v2r
lemma/94229	v1r
lemma/98179	v5r
lemma/98480	v3r
lemma/98531	v4r
lemma/98996	v6r
lemma/99040	v1r
lemma/99361	v1r
lemma/99607	v3r
lemma/100645	v1r
lemma/101078	v1r
lemma/101609	v3r
lemma/102123	v3r
lemma/102996	v1r
lemma/106519	v3r
lemma/107519	v1r
lemma/107788	v3r
lemma/107822	v5d
lemma/108170	v1r
lemma/108763	v3r
lemma/111232	v1r
lemma/111522	v1r
lemma/112072	v4d
lemma/112073	v4r
lemma/113809	v1r
lemma/114552	v1r
lemma/114603	v3r
lemma/117183	v3r
lemma/118947	v5d
lemma/119646	v1r
lemma/119701	v1r
lemma/119712	v5r
lemma/120118	v1r
lemma/120741	v3r
lemma/122359	v4r
lemma/122406	v3r
lemma/122837	v1r
lemma/122864	v1d
lemma/122865	v1r
lemma/123491	v1r
lemma/126045	v3r
lemma/126168	v2r
lemma/126862	v5r
lemma/126874	v3r
lemma/126913	v3r
lemma/127014	v1d
lemma/127887	v1d
lemma/129203	v3r
lemma/129724	v1r
lemma/132997	v1r
lemma/141641	v1r
lemma/26736	v1r
lemma/28980	v1r
lemma/29470	v1r
lemma/31965	v1r
lemma/32489	v1r
lemma/33843	v1r
lemma/34412	v1r
lemma/39210	v1r
lemma/40916	v1r
lemma/40955	v1r
lemma/42348	v1r
lemma/42699	v1r
lemma/46751	v3r
lemma/46778	v3r
lemma/47696	v1r
lemma/48256	v1r
lemma/48307	v1r
lemma/50510	v1r
lemma/50549	v1r
lemma/50992	v1r
lemma/54082	v1r
lemma/56279	v1r
lemma/56431	v3r
lemma/58164	v1r
lemma/59063	v1d
lemma/59490	v1r
lemma/59846	v1r
lemma/61450	v1r
lemma/66355	v1r
lemma/68298	v1r
lemma/69184	v1r
lemma/72518	v1r
lemma/73867	v1r
lemma/75345	v1r
lemma/75409	v3r
lemma/76263	v1r
lemma/80828	v1r
lemma/90073	v2r
lemma/90340	v2r
lemma/90653	v3r
lemma/94782	v5r
lemma/94859	v1r
lemma/94878	v2r
lemma/95438	v3r
lemma/95858	v1r
lemma/98109	v1r
lemma/98294	v1r
lemma/98588	v4r
lemma/98874	v1r
lemma/98940	v5r
lemma/99041	v1r
lemma/99097	v3r
lemma/101139	v1r
lemma/101569	v1d
lemma/101570	v1r
lemma/101979	v1r
lemma/102350	v1r
lemma/102731	v4r
lemma/106788	v3r
lemma/106928	v3r
lemma/107846	v1r
lemma/108027	v1r
lemma/108606	v3r
lemma/108724	v2r
lemma/110805	v3d
lemma/110806	v3r
lemma/113440	v1d
lemma/113441	v1r
lemma/116637	v5r
lemma/117246	v1r
lemma/117294	v2r
lemma/119278	v1r
lemma/119288	v3r
lemma/119313	v3d
lemma/119314	v3r
lemma/119747	v1r
lemma/119965	v1r
lemma/120695	v1r
lemma/122574	v2r
lemma/122619	v3d
lemma/122625	v3r
lemma/123599	v4r
lemma/123951	v3r
lemma/125376	v3r
lemma/126454	v3r
lemma/127372	v1r
lemma/130073	v3r
lemma/136821	v3r
lemma/137387	v1r
lemma/137400	v1r
lemma/142038	v4r
lemma/26170	v1r
lemma/27195	v1r
lemma/28047	v1r
lemma/31161	v4r
lemma/35795	v1r
lemma/36406	v1r
lemma/38164	v1r
lemma/39078	v1r
lemma/42905	v1r
lemma/43890	v1r
lemma/46607	v1d
lemma/46722	v1r
lemma/46806	v1r
lemma/47640	v1r
lemma/47950	v1r
lemma/48496	v3r
lemma/49156	v1r
lemma/49634	v1r
lemma/50996	v1r
lemma/51599	v1r
lemma/52103	v6
lemma/57655	v1r
lemma/59082	v1r
lemma/59950	v1r
lemma/60124	v1r
lemma/67733	v1r
lemma/68809	v4r
lemma/73131	v1r
lemma/74377	v1r
lemma/76283	v4r
lemma/78638	v1r
lemma/78996	v3r
lemma/81135	v1r
lemma/82750	v3r
lemma/83407	v1r
lemma/84744	v5r
lemma/88613	v3r
lemma/88982	v1r
lemma/89620	v1r
lemma/91700	v4d
lemma/91701	v4r
lemma/92461	v1r
lemma/95124	v1d
lemma/95331	v2r
lemma/95450	v1r
lemma/95796	v3r
lemma/95847	v1r
lemma/98199	v1d
lemma/98200	v1r
lemma/98478	v3r
lemma/98481	v3r
lemma/98532	v1r
lemma/98997	v3r
lemma/99608	v3r
lemma/100646	v3r
lemma/102073	v1r
lemma/102101	v4d
lemma/103265	v1r
lemma/106175	v3r
lemma/106469	v3r
lemma/107495	v5d
lemma/107789	v3r
lemma/108851	v1r
lemma/112309	v4r
lemma/112550	v1d
lemma/112551	v1r
lemma/112605	v4r
lemma/113856	v1r
lemma/114553	v3r
lemma/115118	v1r
lemma/117156	v1r
lemma/118779	v3r
lemma/118978	v1r
lemma/119181	v1r
lemma/119232	v3r
lemma/122838	v1r
lemma/123543	v3r
lemma/124461	v3d
lemma/124462	v3r
lemma/125201	v4r
lemma/125267	v1d
lemma/125268	v1r
lemma/126046	v5r
lemma/126170	v1r
lemma/126863	v3r
lemma/126875	v3r
lemma/126914	v3r
lemma/127888	v1r
lemma/127939	v1r
lemma/133609	v1r
lemma/136150	v1d
lemma/136242	v2r
lemma/138013	v4r
lemma/141642	v1r
lemma/26630	v3r
lemma/27655	v1r
lemma/27832	v1r
lemma/28037	v1r
lemma/29134	v1r
lemma/31098	v1r
lemma/31501	v1r
lemma/32118	v1r
lemma/32724	v1r
lemma/35438	v1r
lemma/36440	v1r
lemma/43036	v1d
lemma/43543	v1r
lemma/44213	v1r
lemma/46779	v1r
lemma/46788	v1r
lemma/46844	v1r
lemma/47697	v1r
lemma/48682	v1r
lemma/49567	v1r
lemma/50983	v4r
lemma/52521	v1r
lemma/55786	v1r
lemma/56554	v4r
lemma/58436	v1r
lemma/58753	v3r
lemma/59951	v1r
lemma/60106	v1r
lemma/61502	v1d
lemma/62081	v2r
lemma/68299	v3r
lemma/70038	v1r
lemma/72905	v1r
lemma/75295	v3r
lemma/75346	v1r
lemma/75546	v1r
lemma/77590	v1r
lemma/81493	v1r
lemma/82858	v1r
lemma/82909	v6
lemma/88574	v1r
lemma/89599	v3d
lemma/90074	v3r
lemma/90703	v2r
lemma/90704	v3r
lemma/94700	v1d
lemma/94879	v1r
lemma/95281	v3r
lemma/95388	v1r
lemma/95439	v1r
lemma/95826	v1r
lemma/96357	v1r
lemma/96669	v3r
lemma/98073	v3r
lemma/98124	v1r
lemma/98145	v3r
lemma/98803	v1r
lemma/98844	v3r
lemma/98875	v1r
lemma/98941	v3r
lemma/99042	v1r
lemma/99098	v4r
lemma/99713	v2r
lemma/100007	v1r
lemma/100238	v3r
lemma/100628	v6r
lemma/101194	v1r
lemma/101515	v3r
lemma/101564	v1r
lemma/101615	v1r
lemma/102533	v3r
lemma/102570	v3r
lemma/104118	v5r
lemma/106191	v1r
lemma/106929	v1r
lemma/106982	v1r
lemma/107847	v3r
lemma/108028	v1r
lemma/108356	v1r
lemma/108407	v3r
lemma/108607	v1r
lemma/108642	v3r
lemma/108970	v1r
lemma/112560	v1d
lemma/114403	v3d
lemma/117346	v5r
lemma/119280	v3r
lemma/119289	v3r
lemma/119748	v3r
lemma/122575	v3r
lemma/122594	v1r
lemma/122626	v2r
lemma/122893	v1r
lemma/126131	v3r
lemma/126243	v1r
lemma/126455	v3r
lemma/126506	v1r
lemma/128449	v2r
lemma/128750	v6r
lemma/129826	v1r
lemma/132891	v1r
lemma/142039	v1r
lemma/26222	v2
lemma/26329	v1r
lemma/26405	v3r
lemma/26469	v1d
lemma/27106	v1r
lemma/32527	v1r
lemma/33853	v1r
lemma/36731	v1r
lemma/41498	v1r
lemma/41874	v1r
lemma/42507	v1r
lemma/46315	v1r
lemma/46723	v4r
lemma/47334	v1r
lemma/47432	v1r
lemma/47641	v1r
lemma/47649	v1r
lemma/50191	v4r
lemma/50575	v1r
lemma/50800	v1r
lemma/52104	v6
lemma/52569	v1r
lemma/53182	v1r
lemma/53832	v1r
lemma/58381	v1r
lemma/58627	v1r
lemma/60074	v1r
lemma/64856	v1r
lemma/65994	v1r
lemma/68995	v1r
lemma/73025	v1r
lemma/73512	v1r
lemma/74147	v3r
lemma/75755	v3r
lemma/81085	v1r
lemma/82515	v3r
lemma/83368	v4r
lemma/87018	v3r
lemma/87116	v3r
lemma/87600	v1r
lemma/88073	v3r
lemma/90279	v3r
lemma/93395	v2r
lemma/94772	v1r
lemma/95126	v1d
lemma/95332	v1r
lemma/95501	v3r
lemma/95848	v3r
lemma/95896	v1r
lemma/96277	v3r
lemma/98533	v1r
lemma/98570	v2r
lemma/98606	v1r
lemma/98998	v3r
lemma/99558	v5r
lemma/99910	v1r
lemma/100596	v3r
lemma/100647	v1r
lemma/102125	v1r
lemma/102249	v1r
lemma/103099	v3r
lemma/106764	v3r
lemma/107790	v1r
lemma/108300	v1r
lemma/108765	v3r
lemma/108887	v1d
lemma/108888	v1r
lemma/110441	v1r
lemma/111234	v2r
lemma/111359	v6r
lemma/111699	v1d
lemma/111700	v1r
lemma/112023	v1d
lemma/112024	v1r
lemma/113177	v1d
lemma/113646	v1r
lemma/114605	v1r
lemma/115812	v1d
lemma/116202	v2r
lemma/116252	v1r
lemma/117806	v1r
lemma/118010	v2r
lemma/118607	v3r
lemma/119182	v1r
lemma/119605	v1r
lemma/120029	v1r
lemma/120689	v1r
lemma/121270	v1d
lemma/121271	v1r
lemma/122813	v3r
lemma/124012	v1d
lemma/125200	v1r
lemma/125487	v3r
lemma/126172	v1r
lemma/126433	v2r
lemma/126864	v3r
lemma/126915	v1r
lemma/128421	v1r
lemma/128715	v3r
lemma/129909	v1r
lemma/131288	v3r
lemma/136978	v1d
lemma/137281	v5r
lemma/141643	v1r
lemma/142031	v1d
lemma/26687	v3r
lemma/26738	v1r
lemma/28234	v1r
lemma/28556	v1r
lemma/31191	v1d
lemma/31370	v1r
lemma/32346	v4r
lemma/32885	v1r
lemma/32936	v1r
lemma/33445	v1r
lemma/38243	v1r
lemma/40390	v1r
lemma/42334	v1r
lemma/46558	v1d
lemma/47699	v1r
lemma/48309	v1r
lemma/49176	v1r
lemma/50256	v1r
lemma/51544	v1r
lemma/56739	v3r
lemma/56808	v1r
lemma/59492	v1r
lemma/59531	v1r
lemma/60999	v3r
lemma/62012	v1r
lemma/62158	v4r
lemma/63854	v1r
lemma/68293	v1r
lemma/70033	v1r
lemma/70257	v1r
lemma/71002	v1r
lemma/75347	v1r
lemma/75581	v3r
lemma/75910	v1r
lemma/76569	v3r
lemma/77773	v4r
lemma/79725	v1r
lemma/85972	v3r
lemma/87442	v1r
lemma/87657	v1r
lemma/88110	v3d
lemma/88575	v1r
lemma/89184	v6r
lemma/90075	v1r
lemma/94701	v2r
lemma/94739	v3r
lemma/96409	v1r
lemma/96550	v3r
lemma/98074	v5r
lemma/98146	v1d
lemma/98805	v1r
lemma/98877	v1r
lemma/99043	v2r
lemma/99099	v3r
lemma/99714	v3d
lemma/101565	v3r
lemma/102022	v1r
lemma/102319	v4r
lemma/102352	v1r
lemma/102534	v1r
lemma/103043	v3r
lemma/103559	v1r
lemma/103882	v3d
lemma/103911	v1r
lemma/104012	v3r
lemma/104119	v6r
lemma/104885	v1d
lemma/105674	v1d
lemma/106961	v1r
lemma/108408	v3r
lemma/108608	v1r
lemma/108690	v1r
lemma/109326	v4r
lemma/109921	v1d
lemma/109922	v1r
lemma/110933	v1d
lemma/110934	v1r
lemma/115623	v2d
lemma/115624	v2r
lemma/117221	v3r
lemma/117436	v1r
lemma/118666	v1r
lemma/118706	v2r
lemma/118724	v3r
lemma/119749	v1r
lemma/120559	v3r
lemma/121142	v6r
lemma/122576	v1d
lemma/122577	v1r
lemma/122595	v1r
lemma/122627	v3d
lemma/123891	v3r
lemma/123953	v1r
lemma/124054	v1r
lemma/125693	v1r
lemma/126132	v6r
lemma/126400	v1d
lemma/126838	v1r
lemma/129678	v1r
lemma/132075	v1r
lemma/134370	v1r
lemma/135446	v1r
lemma/137389	v2r
lemma/137990	v1r
lemma/139978	v1r
lemma/26133	v1r
lemma/26413	v1r
lemma/27640	v1r
lemma/27951	v1r
lemma/31237	v3r
lemma/32628	v1r
lemma/36005	v1r
lemma/36155	v3r
lemma/36408	v1r
lemma/39621	v1r
lemma/41002	v1r
lemma/46249	v3r
lemma/46272	v1r
lemma/47038	v1r
lemma/47759	v1r
lemma/47850	v1r
lemma/50576	v4r
lemma/51953	v1r
lemma/52105	v2d
lemma/55557	v1r
lemma/58626	v3r
lemma/58848	v1r
lemma/59084	v1r
lemma/59135	v3r
lemma/62069	v1r
lemma/67526	v1r
lemma/67735	v1r
lemma/69895	v1r
lemma/76506	v4r
lemma/76674	v1r
lemma/77909	v1r
lemma/79094	v1d
lemma/80168	v1r
lemma/80520	v4r
lemma/80874	v1r
lemma/83369	v1r
lemma/83670	v5
lemma/84084	v2r
lemma/84230	v4r
lemma/86173	v4r
lemma/86985	v3r
lemma/87019	v1r
lemma/87091	v2r
lemma/87392	v1r
lemma/87601	v4r
lemma/88074	v1r
lemma/88368	v1r
lemma/88470	v1r
lemma/88618	v4r
lemma/91381	v1r
lemma/92872	v1r
lemma/93575	v1r
lemma/94230	v3r
lemma/95282	v4r
lemma/95502	v3r
lemma/95691	v3r
lemma/95849	v4r
lemma/96251	v3r
lemma/97506	v6r
lemma/98534	v2d
lemma/98535	v2r
lemma/99326	v4r
lemma/99677	v5r
lemma/99911	v1r
lemma/100111	v1r
lemma/100355	v1r
lemma/100597	v1r
lemma/100648	v2r
lemma/101079	v1r
lemma/101910	v1r
lemma/101974	v1r
lemma/102126	v1r
lemma/102847	v3r
lemma/103269	v3r
lemma/103503	v1d
lemma/103504	v1r
lemma/106772	v1r
lemma/107689	v1d
lemma/107690	v1r
lemma/107824	v3r
lemma/107880	v1r
lemma/108301	v5r
lemma/108766	v5r
lemma/108817	v3r
lemma/109015	v1r
lemma/109684	v2r
lemma/110675	v3r
lemma/111184	v1r
lemma/111235	v3r
lemma/113810	v1r
lemma/114321	v3r
lemma/114606	v3r
lemma/115813	v1r
lemma/116838	v1r
lemma/117186	v1r
lemma/118540	v1r
lemma/118949	v1r
lemma/119647	v3r
lemma/120934	v3r
lemma/121147	v1d
lemma/121148	v1r
lemma/121272	v1r
lemma/121646	v3r
lemma/122407	v1d
lemma/122519	v1d
lemma/122520	v1r
lemma/122814	v3r
lemma/125539	v4r
lemma/126173	v3r
lemma/126406	v3r
lemma/126865	v3r
lemma/126878	v3d
lemma/129113	v1r
lemma/129726	v3r
lemma/129966	v3r
lemma/136007	v2r
lemma/136824	v1r
lemma/141644	v1r
lemma/28346	v1r
lemma/29135	v1r
lemma/29176	v1r
lemma/29534	v1r
lemma/32069	v1r
lemma/32886	v1r
lemma/37858	v1r
lemma/38490	v1r
lemma/43813	v1r
lemma/46674	v1r
lemma/46725	v1r
lemma/46956	v1r
lemma/49551	v1r
lemma/50168	v6
lemma/50349	v1r
lemma/50520	v3r
lemma/50610	v1d
lemma/50881	v1r
lemma/52514	v1r
lemma/56283	v1r
lemma/59438	v1r
lemma/59520	v1d
lemma/59544	v1d
lemma/59633	v1r
lemma/59872	v3r
lemma/61468	v1r
lemma/62530	v1r
lemma/64663	v1r
lemma/69085	v1d
lemma/69911	v1r
lemma/70902	v3r
lemma/75348	v1r
lemma/75644	v1r
lemma/76266	v1r
lemma/79282	v1r
lemma/79684	v1r
lemma/82555	v1r
lemma/83183	v1r
lemma/84041	v1r
lemma/86440	v1r
lemma/87404	v4r
lemma/87551	v3r
lemma/87709	v1d
lemma/87710	v1r
lemma/88177	v1d
lemma/90076	v5r
lemma/90127	v4r
lemma/91120	v1r
lemma/92268	v1r
lemma/92350	v5r
lemma/93008	v1r
lemma/95742	v5r
lemma/96359	v3r
lemma/98126	v1r
lemma/98148	v1r
lemma/99044	v2r
lemma/99503	v1r
lemma/99968	v1r
lemma/101981	v2r
lemma/101982	v3r
lemma/104013	v1r
lemma/106364	v1d
lemma/106365	v1r
lemma/106366	v3d
lemma/107758	v1r
lemma/108409	v4d
lemma/115121	v1r
lemma/116638	v6r
lemma/117440	v1r
lemma/117478	v3r
lemma/118667	v1r
lemma/119198	v3r
lemma/122620	v1r
lemma/122628	v1r
lemma/125897	v5r
lemma/126513	v1r
lemma/126803	v6r
lemma/131975	v1r
lemma/133504	v1r
lemma/134371	v1r
lemma/137933	v3r
lemma/26082	v1r
lemma/26182	v1r
lemma/27198	v1r
lemma/27217	v1r
lemma/27550	v1r
lemma/27982	v1r
lemma/28022	v5r
lemma/28257	v1r
lemma/29033	v1r
lemma/32830	v1r
lemma/33483	v1r
lemma/37327	v4r
lemma/38653	v4r
lemma/41003	v1r
lemma/42028	v1r
lemma/43405	v7r
lemma/44386	v1r
lemma/44633	v1r
lemma/45384	v1r
lemma/46317	v1r
lemma/47592	v1r
lemma/47650	v1r
lemma/50112	v1r
lemma/50502	v1r
lemma/50577	v1r
lemma/50716	v1r
lemma/51954	v1r
lemma/52872	v1r
lemma/56582	v1r
lemma/59085	v1r
lemma/62107	v1r
lemma/63396	v2d
lemma/63401	v1r
lemma/63579	v1r
lemma/68976	v1r
lemma/70959	v1r
lemma/74991	v1r
lemma/76210	v1r
lemma/77235	v1d
lemma/82804	v3r
lemma/83969	v1r
lemma/84180	v1r
lemma/85665	v1r
lemma/87143	v1r
lemma/87602	v3r
lemma/87960	v1r
lemma/89494	v1r
lemma/90369	v1r
lemma/92813	v1r
lemma/93576	v3r
lemma/94231	v3r
lemma/95799	v5r
lemma/96252	v3r
lemma/98484	v1r
lemma/99327	v3r
lemma/99453	v1r
lemma/99861	v1r
lemma/99912	v3r
lemma/100196	v3r
lemma/100649	v3r
lemma/101051	v2r
lemma/102127	v1d
lemma/102128	v1r
lemma/102252	v1r
lemma/103969	v1r
lemma/106461	v3r
lemma/107255	v1d
lemma/107256	v1r
lemma/108302	v3r
lemma/108315	v1r
lemma/108767	v3r
lemma/109685	v3r
lemma/111185	v2r
lemma/111236	v1r
lemma/111361	v5r
lemma/113996	v1r
lemma/114165	v3r
lemma/114322	v3d
lemma/114556	v1d
lemma/114607	v1r
lemma/115814	v3r
lemma/116681	v1d
lemma/116682	v1r
lemma/116788	v1r
lemma/116839	v2r
lemma/117157	v1d
lemma/117944	v1d
lemma/117946	v3r
lemma/118951	v1r
lemma/118979	v3r
lemma/119242	v1r
lemma/120121	v3r
lemma/122470	v3r
lemma/122521	v1r
lemma/122563	v1r
lemma/122815	v4r
lemma/122986	v1r
lemma/124515	v3r
lemma/125542	v1r
lemma/125841	v1r
lemma/126434	v2r
lemma/126866	v1r
lemma/126879	v1r
lemma/126917	v1r
lemma/127018	v1d
lemma/127134	v1d
lemma/127135	v1r
lemma/128353	v1d
lemma/128354	v1r
lemma/129521	v2r
lemma/130276	v1r
lemma/130526	v1r
lemma/130542	v3r
lemma/130847	v3r
lemma/138015	v3r
lemma/141645	v3r
lemma/27403	v1r
lemma/27429	v1r
lemma/28167	v1r
lemma/28218	v1r
lemma/28303	v1r
lemma/29560	v1r
lemma/32344	v1r
lemma/36958	v1r
lemma/37220	v1r
lemma/37269	v1r
lemma/43517	v1d
lemma/44994	v3r
lemma/46843	v1r
lemma/49114	v1r
lemma/49530	v1r
lemma/50008	v1r
lemma/50454	v1r
lemma/50964	v1d
lemma/53489	v1r
lemma/54935	v3d
lemma/55307	v3r
lemma/55389	v1r
lemma/56656	v4r
lemma/58520	v1d
lemma/58672	v1r
lemma/67236	v1r
lemma/71292	v1r
lemma/71612	v1r
lemma/72846	v6
lemma/75191	v1r
lemma/75242	v1r
lemma/75320	v3r
lemma/75602	v1r
lemma/75775	v1r
lemma/83314	v1r
lemma/84339	v2
lemma/87365	v1r
lemma/87484	v1r
lemma/88068	v1d
lemma/88555	v1r
lemma/89575	v1r
lemma/89954	v1d
lemma/89955	v1r
lemma/94165	v1r
lemma/95284	v1r
lemma/95743	v6r
lemma/95827	v3r
lemma/96673	v3r
lemma/98944	v1r
lemma/99748	v3r
lemma/101618	v3r
lemma/102309	v1d
lemma/102485	v1r
lemma/103045	v1r
lemma/103826	v4r
lemma/104156	v1r
lemma/106399	v1r
lemma/107727	v5r
lemma/108644	v3r
lemma/108660	v3r
lemma/108971	v3r
lemma/109736	v1d
lemma/109737	v1r
lemma/110620	v5r
lemma/113123	v1r
lemma/115418	v1d
lemma/115704	v1r
lemma/117298	v3r
lemma/117349	v1r
lemma/118892	v1r
lemma/118920	v3r
lemma/119200	v4r
lemma/119281	v1r
lemma/119971	v3r
lemma/121818	v1r
lemma/122578	v3r
lemma/122629	v1r
lemma/122789	v3r
lemma/123855	v4r
lemma/125898	v6r
lemma/126458	v1r
lemma/126804	v1r
lemma/126810	v3r
lemma/126839	v3r
lemma/129515	v1r
lemma/130923	v3d
lemma/130924	v3r
lemma/131052	v1r
lemma/134372	v3r
lemma/136366	v1r
lemma/137934	v3r
lemma/141905	v5r
lemma/142040	v3r
lemma/27055	v1r
lemma/27199	v4r
lemma/27602	v1r
lemma/27947	v1r
lemma/30020	v3r
lemma/31045	v1r
lemma/31267	v1r
lemma/32876	v3r
lemma/33856	v1r
lemma/38011	v1r
lemma/40784	v1r
lemma/41821	v1r
lemma/41877	v1r
lemma/41949	v1r
lemma/46454	v3r
lemma/46851	v1r
lemma/47361	v5r
lemma/47983	v3r
lemma/48669	v3r
lemma/49122	v4r
lemma/50578	v1r
lemma/50629	v1r
lemma/53187	v1r
lemma/53833	v4r
lemma/55824	v1r
lemma/58506	v1r
lemma/58892	v1r
lemma/59086	v1r
lemma/59137	v1d
lemma/67757	v1r
lemma/71413	v1r
lemma/72981	v1r
lemma/75758	v1r
lemma/75764	v1r
lemma/76211	v1r
lemma/82754	v1r
lemma/83749	v1r
lemma/86987	v3r
lemma/89622	v1d
lemma/90537	v1r
lemma/93579	v1d
lemma/93580	v1r
lemma/94310	v3r
lemma/94640	v3r
lemma/95086	v1d
lemma/95127	v2d
lemma/95128	v2r
lemma/95335	v1r
lemma/96194	v3r
lemma/96769	v1r
lemma/96957	v4r
lemma/97016	v1r
lemma/97507	v6r
lemma/98536	v3r
lemma/99913	v3r
lemma/104432	v3r
lemma/104803	v1r
lemma/106825	v1r
lemma/108347	v1r
lemma/110391	v1d
lemma/110392	v1r
lemma/111186	v3r
lemma/112879	v2r
lemma/113760	v3r
lemma/113861	v1r
lemma/114608	v1r
lemma/114697	v1d
lemma/116789	v1r
lemma/117242	v1r
lemma/117809	v2r
lemma/119185	v1r
lemma/120122	v6r
lemma/120176	v1r
lemma/122471	v1r
lemma/122522	v1r
lemma/122540	v1r
lemma/122564	v3r
lemma/125694	v1r
lemma/126402	v3r
lemma/126435	v5r
lemma/127103	v2r
lemma/128716	v1r
lemma/129523	v1r
lemma/129918	v3r
lemma/134832	v3r
lemma/135341	v1r
lemma/141646	v6r
lemma/29086	v4
lemma/31773	v1r
lemma/32939	v3r
lemma/33075	v1r
lemma/33397	v1r
lemma/34755	v4r
lemma/39215	v4r
lemma/40444	v1d
lemma/44284	v1r
lemma/45403	v1r
lemma/46792	v1r
lemma/48613	v1r
lemma/48726	v1r
lemma/49179	v1r
lemma/50262	v1r
lemma/50885	v1r
lemma/52548	v1r
lemma/54232	v1r
lemma/54748	v1r
lemma/56992	v1r
lemma/58470	v1d
lemma/58986	v1d
lemma/59993	v1r
lemma/62103	v1r
lemma/64747	v1r
lemma/65284	v1r
lemma/67306	v1r
lemma/68425	v1r
lemma/71314	v1r
lemma/73765	v3r
lemma/75958	v1r
lemma/80287	v1r
lemma/80557	v1r
lemma/80831	v1r
lemma/83137	v1r
lemma/85610	v1r
lemma/87445	v2r
lemma/90657	v1r
lemma/93353	v1r
lemma/94166	v3r
lemma/94704	v1r
lemma/94742	v1r
lemma/95285	v4r
lemma/96508	v4r
lemma/96662	v1r
lemma/98077	v1r
lemma/98128	v1r
lemma/98894	v1r
lemma/98945	v2r
lemma/99505	v3r
lemma/99717	v3r
lemma/100994	v3r
lemma/101619	v1r
lemma/101920	v1r
lemma/102024	v1r
lemma/102388	v1r
lemma/102486	v1d
lemma/102487	v1r
lemma/102737	v1d
lemma/102738	v1r
lemma/103836	v2r
lemma/103927	v1r
lemma/104781	v1r
lemma/106946	v1r
lemma/107759	v3r
lemma/108609	v3r
lemma/108645	v1r
lemma/108661	v6r
lemma/108712	v1r
lemma/108773	v2d
lemma/108774	v3d
lemma/108775	v3r
lemma/111595	v2r
lemma/111908	v1r
lemma/112499	v3r
lemma/114098	v6r
lemma/114501	v2r
lemma/116274	v5r
lemma/116867	v3r
lemma/117299	v4r
lemma/117386	v1r
lemma/118894	v5r
lemma/119201	v1r
lemma/119973	v3r
lemma/120585	v3r
lemma/122579	v1r
lemma/122596	v3r
lemma/122767	v3r
lemma/122790	v3r
lemma/122880	v1r
lemma/123288	v1r
lemma/124057	v3r
lemma/125899	v2r
lemma/126133	v1r
lemma/126760	v1r
lemma/126811	v6r
lemma/127899	v1r
lemma/128754	v3r
lemma/129043	v1r
lemma/132078	v1r
lemma/134373	v2r
lemma/141985	v6r
lemma/28577	v1r
lemma/29463	v1r
lemma/30279	v3r
lemma/32832	v1r
lemma/38267	v1r
lemma/38655	v1r
lemma/43356	v1r
lemma/43407	v1r
lemma/46212	v1r
lemma/46276	v3r
lemma/46556	v2r
lemma/46620	v2r
lemma/46917	v4r
lemma/47594	v1r
lemma/47668	v3r
lemma/47688	v4r
lemma/48015	v1r
lemma/49940	v1r
lemma/50710	v4r
lemma/53031	v3r
lemma/53434	v3r
lemma/53899	v7e
lemma/58578	v1r
lemma/58629	v1r
lemma/58860	v1r
lemma/59087	v3r
lemma/59900	v1r
lemma/60129	v2r
lemma/66071	v3r
lemma/67210	v1r
lemma/68140	v3r
lemma/68247	v1r
lemma/69916	v1r
lemma/72215	v1r
lemma/72439	v1r
lemma/75357	v3r
lemma/76169	v1r
lemma/82496	v1r
lemma/84094	v1r
lemma/84575	v1r
lemma/85125	v1d
lemma/86993	v3d
lemma/86994	v3r
lemma/87145	v1r
lemma/88076	v1r
lemma/88484	v1r
lemma/90538	v1r
lemma/90610	v1d
lemma/94260	v1r
lemma/95087	v3r
lemma/95453	v1r
lemma/95504	v2r
lemma/95505	v4r
lemma/96254	v3r
lemma/96965	v1r
lemma/99914	v1r
lemma/100606	v1r
lemma/101081	v1r
lemma/102078	v2r
lemma/102129	v3r
lemma/105449	v1d
lemma/105450	v1r
lemma/107693	v6r
lemma/108253	v1r
lemma/108348	v1r
lemma/109171	v1r
lemma/110213	v2r
lemma/112821	v1r
lemma/114290	v3d
lemma/114502	v3r
lemma/114609	v3r
lemma/115025	v1r
lemma/116734	v3r
lemma/119128	v1r
lemma/119651	v1r
lemma/120097	v1r
lemma/120124	v1r
lemma/122472	v4r
lemma/122523	v1r
lemma/124333	v1r
lemma/125843	v1r
lemma/126403	v3r
lemma/126407	v1r
lemma/126761	v3r
lemma/126868	v3r
lemma/127302	v1r
lemma/127321	v1r
lemma/128717	v1r
lemma/129264	v2r
lemma/129974	v3r
lemma/130027	v1r
lemma/130544	v1r
lemma/130801	v1r
lemma/131513	v1r
lemma/133915	v3r
lemma/136794	v1r
lemma/138705	v6
lemma/141647	v1r
lemma/27093	v1r
lemma/27961	v1r
lemma/29955	v4r
lemma/32889	v1r
lemma/33801	v4r
lemma/34065	v4r
lemma/36304	v1r
lemma/42259	v1r
lemma/42439	v1r
lemma/42497	v1d
lemma/43640	v1r
lemma/46161	v1r
lemma/50472	v1r
lemma/51548	v1r
lemma/54884	v1r
lemma/57553	v1r
lemma/59074	v3r
lemma/59335	v4r
lemma/59496	v1r
lemma/62840	v3r
lemma/64260	v1r
lemma/64456	v1r
lemma/69411	v1r
lemma/72797	v3r
lemma/73817	v1d
lemma/74318	v1r
lemma/75949	v1r
lemma/76269	v1r
lemma/77646	v1r
lemma/78564	v1r
lemma/80064	v1r
lemma/82347	v1r
lemma/83138	v1r
lemma/85611	v1r
lemma/86120	v1r
lemma/87366	v1r
lemma/87554	v1d
lemma/87605	v3r
lemma/88063	v4r
lemma/88579	v3r
lemma/90079	v3r
lemma/90658	v3r
lemma/92351	v6r
lemma/93533	v1r
lemma/94124	v1r
lemma/94167	v3r
lemma/94419	v3r
lemma/94743	v2r
lemma/95337	v1r
lemma/95745	v1r
lemma/98808	v1r
lemma/98895	v2r
lemma/99012	v1r
lemma/99047	v3r
lemma/100630	v1r
lemma/100667	v1r
lemma/100961	v4d
lemma/100995	v1r
lemma/101571	v3r
lemma/101933	v1r
lemma/103837	v3r
lemma/104833	v3r
lemma/105764	v1r
lemma/106989	v1r
lemma/107760	v1r
lemma/108647	v3r
lemma/108662	v1r
lemma/109580	v1r
lemma/110622	v6r
lemma/111596	v3r
lemma/112616	v1r
lemma/112617	v3r
lemma/115490	v1r
lemma/116275	v2r
lemma/117158	v1r
lemma/117443	v3r
lemma/117479	v2r
lemma/118414	v3r
lemma/118621	v4r
lemma/119205	v1r
lemma/119595	v3r
lemma/120070	v3r
lemma/120586	v1r
lemma/120600	v5r
lemma/122597	v4d
lemma/122881	v3r
lemma/123441	v4r
lemma/124875	v1r
lemma/125695	v3r
lemma/126404	v3r
lemma/128287	v4r
lemma/129046	v1r
lemma/129673	v2r
lemma/130136	v1d
lemma/134374	v1r
lemma/136419	v1r
lemma/136720	v1r
lemma/137994	v1r
lemma/141814	v1r
lemma/26176	v1r
lemma/26292	v1r
lemma/26654	v1r
lemma/26697	v1r
lemma/27556	v1r
lemma/28522	v3d
lemma/32109	v1r
lemma/39625	v1r
lemma/43238	v1r
lemma/43301	v1r
lemma/44039	v1r
lemma/44366	v1r
lemma/44382	v1r
lemma/45040	v3r
lemma/45110	v1d
lemma/45202	v1r
lemma/46150	v1r
lemma/46269	v1r
lemma/46577	v3r
lemma/47595	v1r
lemma/51019	v1r
lemma/51607	v1r
lemma/53288	v1r
lemma/55560	v1r
lemma/55605	v3r
lemma/57962	v1d
lemma/58579	v1r
lemma/58760	v1r
lemma/58880	v1r
lemma/59416	v1r
lemma/61119	v1d
lemma/61916	v1r
lemma/62569	v1r
lemma/65745	v4r
lemma/66735	v1r
lemma/67172	v1r
lemma/67584	v1r
lemma/68090	v1r
lemma/68294	v1r
lemma/73730	v1r
lemma/75379	v1r
lemma/76678	v1r
lemma/76916	v3r
lemma/81769	v1r
lemma/82002	v1r
lemma/82348	v2r
lemma/85008	v1r
lemma/85203	v3r
lemma/85719	v1r
lemma/85758	v1r
lemma/87021	v2r
lemma/87146	v3r
lemma/88988	v2r
lemma/89089	v1r
lemma/89900	v2r
lemma/90432	v1r
lemma/90539	v3r
lemma/90565	v2r
lemma/91457	v1d
lemma/91458	v1r
lemma/92783	v1d
lemma/92784	v1r
lemma/94125	v3r
lemma/94205	v3r
lemma/94312	v3r
lemma/96255	v1r
lemma/97508	v6r
lemma/98022	v1r
lemma/98489	v1r
lemma/98538	v1r
lemma/99635	v1r
lemma/99686	v1r
lemma/100875	v1d
lemma/101469	v2r
lemma/102255	v1r
lemma/102379	v1d
lemma/102380	v1r
lemma/102431	v3r
lemma/103164	v5r
lemma/103507	v1r
lemma/104425	v3r
lemma/104871	v1d
lemma/104872	v1r
lemma/107694	v2d
lemma/108562	v3r
lemma/108720	v1r
lemma/110214	v3r
lemma/114325	v1r
lemma/114452	v3r
lemma/116684	v4r
lemma/116943	v3r
lemma/119162	v4r
lemma/119238	v1d
lemma/119239	v1r
lemma/119244	v3r
lemma/119652	v1r
lemma/119927	v2r
lemma/120504	v1r
lemma/122473	v3d
lemma/122524	v3r
lemma/122541	v1r
lemma/122816	v3r
lemma/122989	v7r
lemma/123498	v1r
lemma/126408	v1r
lemma/126437	v3d
lemma/126762	v1r
lemma/126813	v3r
lemma/131296	v2r
lemma/136828	v2r
lemma/141648	v1r
lemma/142050	v1r
lemma/142101	v1r
lemma/26120	v6r
lemma/26334	v1r
lemma/26713	v1r
lemma/27935	v1r
lemma/32374	v1r
lemma/32996	v1r
lemma/34624	v1r
lemma/39944	v1r
lemma/40128	v1r
lemma/43628	v1r
lemma/44294	v1r
lemma/46353	v1r
lemma/46746	v1r
lemma/46892	v1r
lemma/46909	v1r
lemma/48772	v1r
lemma/52967	v1r
lemma/54637	v1r
lemma/56771	v1r
lemma/58472	v1d
lemma/59032	v1r
lemma/61644	v1r
lemma/64828	v5r
lemma/67891	v3r
lemma/68249	v1r
lemma/68424	v1r
lemma/73639	v1d
lemma/74129	v1d
lemma/74327	v3r
lemma/75360	v1r
lemma/75461	v1r
lemma/79469	v1r
lemma/79809	v3r
lemma/81373	v1r
lemma/81499	v1r
lemma/81851	v1r
lemma/83099	v1d
lemma/86637	v1r
lemma/87409	v1r
lemma/87555	v1d
lemma/87556	v1r
lemma/88064	v2r
lemma/88556	v2r
lemma/90083	v1r
lemma/90659	v1r
lemma/90790	v1r
lemma/91917	v1r
lemma/92375	v1r
lemma/92426	v3r
lemma/94169	v1r
lemma/95338	v3d
lemma/95339	v3r
lemma/95828	v3r
lemma/98079	v1r
lemma/98379	v1d
lemma/98380	v1r
lemma/98431	v2r
lemma/98449	v1r
lemma/98810	v3r
lemma/99865	v3r
lemma/100996	v3r
lemma/101521	v1r
lemma/101891	v1r
lemma/102488	v1r
lemma/106419	v3r
lemma/108284	v3r
lemma/108610	v3r
lemma/108663	v3r
lemma/109581	v3r
lemma/110623	v2r
lemma/110691	v1r
lemma/112465	v1d
lemma/112466	v1r
lemma/113892	v1d
lemma/116142	v1r
lemma/116276	v3r
lemma/118550	v3r
lemma/118921	v5r
lemma/120035	v3r
lemma/120071	v3r
lemma/120601	v2r
lemma/121040	v1d
lemma/121041	v1r
lemma/122673	v1r
lemma/122882	v1r
lemma/126102	v2r
lemma/126134	v3r
lemma/126840	v2r
lemma/127731	v3r
lemma/128288	v1r
lemma/128700	v3r
lemma/130954	v1r
lemma/135996	v3r
lemma/136721	v1r
lemma/137935	v3r
lemma/141909	v4r
lemma/141913	v2e
lemma/141950	v2r
lemma/26177	v3r
lemma/26531	v1r
lemma/26994	v1r
lemma/27605	v1r
lemma/27954	v1r
lemma/28523	v1r
lemma/33271	v1r
lemma/37632	v1r
lemma/41962	v1r
lemma/43302	v1r
lemma/46571	v1r
lemma/46732	v3r
lemma/47596	v3r
lemma/50654	v1r
lemma/50658	v1r
lemma/50882	v1r
lemma/50896	v1r
lemma/53815	v1r
lemma/55612	v4
lemma/58735	v1r
lemma/58881	v1r
lemma/59089	v1r
lemma/59390	v3r
lemma/59536	v1d
lemma/59937	v1r
lemma/65695	v1r
lemma/65811	v1r
lemma/67990	v3
lemma/70907	v7e
lemma/72233	v1r
lemma/73660	v3r
lemma/74736	v1r
lemma/75705	v1r
lemma/82694	v1r
lemma/83353	v3r
lemma/86988	v3r
lemma/88020	v3r
lemma/88989	v3r
lemma/89391	v3r
lemma/90566	v2r
lemma/90611	v1r
lemma/91634	v4r
lemma/94313	v1r
lemma/94599	v3r
lemma/94643	v1r
lemma/95180	v4d
lemma/95181	v4r
lemma/95788	v1r
lemma/96198	v3r
lemma/96307	v1d
lemma/98040	v1r
lemma/99457	v1r
lemma/99687	v1r
lemma/100086	v1r
lemma/100117	v1r
lemma/100876	v1d
lemma/100877	v1r
lemma/101041	v1r
lemma/101055	v1r
lemma/101470	v3r
lemma/102214	v3r
lemma/102259	v3r
lemma/102285	v1r
lemma/103121	v3r
lemma/103457	v1r
lemma/104426	v3r
lemma/106682	v1r
lemma/106777	v1r
lemma/106828	v3r
lemma/107229	v1d
lemma/107230	v1r
lemma/108255	v1r
lemma/108889	v3r
lemma/109224	v3r
lemma/109990	v3r
lemma/110858	v1r
lemma/111082	v1d
lemma/111083	v1r
lemma/111819	v1r
lemma/112779	v2r
lemma/112881	v1r
lemma/112975	v1r
lemma/114504	v2r
lemma/115818	v1r
lemma/116903	v2r
lemma/117096	v2r
lemma/117387	v2r
lemma/117411	v3r
lemma/118609	v1r
lemma/118980	v1r
lemma/119759	v5d
lemma/120531	v
lemma/122342	v1r
lemma/122474	v3r
lemma/122525	v3r
lemma/122565	v2d
lemma/123392	v1r
lemma/123902	v1d
lemma/124283	v1r
lemma/126409	v6r
lemma/127805	v3r
lemma/128241	v1d
lemma/128242	v1r
lemma/128297	v1r
lemma/128665	v1r
lemma/131464	v1r
lemma/134784	v1r
lemma/136262	v2d
lemma/136263	v2r
lemma/141649	v3r
lemma/142051	v4r
lemma/27974	v1r
lemma/28424	v1r
lemma/28881	v1r
lemma/31049	v1r
lemma/33752	v1r
lemma/35824	v1r
lemma/36715	v1r
lemma/46232	v1r
lemma/46980	v1r
lemma/47064	v1r
lemma/47188	v1r
lemma/47421	v2r
lemma/47540	v1r
lemma/59393	v1r
lemma/59549	v1r
lemma/65180	v1r
lemma/65352	v4r
lemma/68128	v1r
lemma/68354	v3r
lemma/73303	v3d
lemma/75782	v1r
lemma/75897	v1d
lemma/77986	v1r
lemma/80055	v4r
lemma/83479	v3r
lemma/84185	v1r
lemma/87040	v6r
lemma/87607	v4r
lemma/88065	v3r
lemma/88116	v6r
lemma/95640	v1r
lemma/96159	v3r
lemma/96200	v3r
lemma/96509	v1d
lemma/96557	v1r
lemma/97372	v1r
lemma/98112	v1r
lemma/98409	v1d
lemma/98410	v1r
lemma/98721	v1r
lemma/98948	v1r
lemma/99350	v3r
lemma/100495	v1r
lemma/102026	v3r
lemma/104976	v1r
lemma/106262	v3r
lemma/106263	v4r
lemma/106369	v1r
lemma/106401	v3r
lemma/108715	v3r
lemma/109582	v6r
lemma/110624	v3r
lemma/111491	v1r
lemma/112102	v1d
lemma/112103	v1r
lemma/112392	v1r
lemma/112498	v1r
lemma/116143	v3d
lemma/116868	v1r
lemma/117359	v3r
lemma/118922	v4r
lemma/119132	v1r
lemma/119597	v2r
lemma/120935	v3r
lemma/122768	v1d
lemma/122791	v1r
lemma/122883	v1r
lemma/123823	v1d
lemma/124877	v1r
lemma/125702	v1r
lemma/126068	v3r
lemma/126136	v1r
lemma/126355	v4r
lemma/126841	v3r
lemma/128289	v1r
lemma/128701	v4r
lemma/129210	v1r
lemma/130087	v1r
lemma/135816	v1r
lemma/26229	v1r
lemma/26474	v1r
lemma/29412	v1r
lemma/29850	v1r
lemma/30024	v1r
lemma/32391	v1r
lemma/32784	v3r
lemma/32892	v1r
lemma/43303	v3r
lemma/44055	v1r
lemma/46015	v1d
lemma/46623	v1r
lemma/46762	v3r
lemma/47081	v1r
lemma/47119	v1r
lemma/47597	v1r
lemma/47648	v5r
lemma/47717	v4r
lemma/49892	v4r
lemma/50066	v1r
lemma/50748	v3r
lemma/51584	v1r
lemma/51959	v1r
lemma/52877	v6
lemma/57040	v1r
lemma/59859	v3d
lemma/63345	v1d
lemma/68670	v1r
lemma/70290	v1r
lemma/73716	v4r
lemma/75706	v1r
lemma/79541	v1r
lemma/83705	v1r
lemma/84096	v1r
lemma/86873	v6r
lemma/87148	v3r
lemma/87500	v1d
lemma/87501	v1r
lemma/88021	v2r
lemma/88078	v1r
lemma/88474	v3r
lemma/89044	v1r
lemma/90383	v1r
lemma/90434	v3r
lemma/91392	v1r
lemma/94054	v1r
lemma/94314	v1r
lemma/94601	v1r
lemma/95088	v1r
lemma/95232	v1r
lemma/95301	v3r
lemma/95366	v1r
lemma/95750	v3r
lemma/97992	v3r
lemma/98572	v1d
lemma/98730	v1r
lemma/98790	v1r
lemma/99509	v3r
lemma/99638	v1r
lemma/99810	v1r
lemma/100087	v1r
lemma/101056	v3r
lemma/101473	v1d
lemma/101474	v1r
lemma/102181	v1r
lemma/102382	v1r
lemma/102433	v3r
lemma/102612	v1r
lemma/103122	v1r
lemma/103509	v1r
lemma/104102	v1r
lemma/106829	v2r
lemma/106952	v1r
lemma/106990	v1r
lemma/108200	v1r
lemma/108307	v1r
lemma/111134	v1r
lemma/113161	v1r
lemma/114505	v3r
lemma/115027	v4r
lemma/116686	v3r
lemma/117195	v5d
lemma/118164	v1r
lemma/120445	v1r
lemma/122475	v2r
lemma/122526	v3r
lemma/122566	v1r
lemma/123242	v1r
lemma/125566	v1r
lemma/126410	v3r
lemma/126815	v3r
lemma/127324	v1r
lemma/130029	v4r
lemma/130859	v1r
lemma/136995	v1r
lemma/137640	v1r
lemma/142052	v1r
lemma/142103	v3r
lemma/26044	v1r
lemma/26421	v3r
lemma/26727	v1r
lemma/28340	v1r
lemma/28989	v1r
lemma/29442	v1d
lemma/30433	v4r
lemma/33804	v1r
lemma/34651	v4r
lemma/36665	v1r
lemma/37174	v1r
lemma/40781	v3r
lemma/42743	v4r
lemma/45433	v1r
lemma/46194	v1r
lemma/46336	v5r
lemma/47490	v1r
lemma/47541	v1r
lemma/50035	v1r
lemma/52260	v1r
lemma/53029	v1r
lemma/58388	v1r
lemma/59521	v1r
lemma/59558	v1r
lemma/62966	v1r
lemma/69866	v1r
lemma/70750	v1r
lemma/73769	v1r
lemma/74171	v1d
lemma/82759	v1r
lemma/82849	v1r
lemma/83786	v1r
lemma/83939	v1r
lemma/85022	v1r
lemma/85563	v1r
lemma/87367	v4r
lemma/87608	v1d
lemma/88066	v1r
lemma/88756	v3r
lemma/89579	v1r
lemma/89852	v1d
lemma/89853	v1r
lemma/95289	v3r
lemma/95861	v1r
lemma/96125	v1r
lemma/96717	v1d
lemma/98113	v3r
lemma/98382	v1r
lemma/98450	v3r
lemma/98779	v1d
lemma/98780	v1r
lemma/99867	v2r
lemma/100031	v1r
lemma/101000	v1d
lemma/101465	v1r
lemma/101893	v3r
lemma/101935	v1r
lemma/102025	v2r
lemma/105776	v1r
lemma/106743	v1r
lemma/107183	v1d
lemma/107184	v1r
lemma/107761	v3r
lemma/108665	v3r
lemma/109583	v6r
lemma/114574	v3r
lemma/115493	v6r
lemma/117324	v3r
lemma/117444	v3r
lemma/119559	v3r
lemma/119950	v1r
lemma/122769	v1r
lemma/122792	v3r
lemma/122884	v3r
lemma/123828	v1r
lemma/126069	v2r
lemma/126105	v1r
lemma/126356	v3d
lemma/126809	v5r
lemma/126842	v3r
lemma/129400	v4r
lemma/133403	v1r
lemma/137995	v3r
lemma/141952	v1r
lemma/27270	v1r
lemma/27280	v3r
lemma/28525	v1r
lemma/29565	v1r
lemma/32121	v1r
lemma/33012	v1r
lemma/40708	v1d
lemma/43519	v1r
lemma/43964	v1r
lemma/44001	v1r
lemma/46151	v1r
lemma/46761	v2r
lemma/46862	v1r
lemma/46972	v1r
lemma/48102	v1r
lemma/52647	v3r
lemma/52878	v3r
lemma/53438	v1r
lemma/54594	v1r
lemma/54778	v4r
lemma/57965	v1d
lemma/59320	v1r
lemma/59443	v1r
lemma/59660	v1r
lemma/60026	v1r
lemma/62428	v3r
lemma/62696	v1r
lemma/66395	v1r
lemma/67771	v1r
lemma/69169	v1r
lemma/74657	v1r
lemma/75707	v1r
lemma/76216	v1r
lemma/78511	v3r
lemma/79848	v1r
lemma/80068	v1r
lemma/80269	v1d
lemma/82652	v4r
lemma/83161	v1r
lemma/83861	v1r
lemma/86532	v1r
lemma/87421	v6r
lemma/87698	v1r
lemma/90084	v1r
lemma/91761	v1r
lemma/92378	v1r
lemma/92837	v1d
lemma/92838	v1r
lemma/94170	v3r
lemma/94315	v3r
lemma/94602	v3r
lemma/95182	v3r
lemma/95233	v3r
lemma/95698	v1r
lemma/95749	v3r
lemma/95791	v3r
lemma/98707	v1d
lemma/98708	v1r
lemma/99105	v1r
lemma/100058	v1d
lemma/100139	v1r
lemma/101057	v4r
lemma/102215	v3r
lemma/102434	v1r
lemma/103165	v2r
lemma/103166	v3r
lemma/106672	v1r
lemma/106723	v1r
lemma/107748	v3r
lemma/108257	v1r
lemma/108532	v1r
lemma/108564	v1r
lemma/109145	v1r
lemma/111135	v1r
lemma/114293	v1r
lemma/114455	v1d
lemma/114456	v1r
lemma/114506	v4r
lemma/115108	v1r
lemma/116222	v5d
lemma/116223	v5r
lemma/116738	v3r
lemma/117130	v1r
lemma/117247	v3r
lemma/118013	v1r
lemma/119164	v4r
lemma/119246	v1r
lemma/122476	v1r
lemma/122527	v5r
lemma/123301	v1r
lemma/125331	v1d
lemma/125332	v1r
lemma/125333	v3r
lemma/126438	v3r
lemma/126765	v3r
lemma/129576	v1r
lemma/130548	v1r
lemma/136054	v1r
lemma/136717	v3r
lemma/141733	v1e
lemma/26072	v1r
lemma/26588	v3r
lemma/27041	v1r
lemma/27500	v1r
lemma/28934	v1r
lemma/29091	v4r
lemma/31868	v1r
lemma/33670	v1r
lemma/35676	v1r
lemma/35697	v4r
lemma/37175	v3r
lemma/38461	v1r
lemma/46165	v1r
lemma/46379	v5r
lemma/47542	v1r
lemma/47714	v1r
lemma/47755	v1r
lemma/50420	v1r
lemma/52771	v3r
lemma/53847	v1r
lemma/54713	v1r
lemma/57608	v1r
lemma/58475	v1r
lemma/58815	v1r
lemma/59674	v1r
lemma/65289	v3r
lemma/68604	v1d
lemma/72209	v1r
lemma/72480	v1r
lemma/72745	v6
lemma/78052	v1r
lemma/78619	v1r
lemma/78649	v1r
lemma/80824	v1r
lemma/82513	v1r
lemma/82647	v1r
lemma/82903	v1r
lemma/83570	v1r
lemma/85731	v1r
lemma/87042	v3r
lemma/87410	v3r
lemma/87558	v4r
lemma/88405	v3d
lemma/90793	v1r
lemma/91353	v4r
lemma/91404	v3r
lemma/92739	v1r
lemma/95045	v1d
lemma/95046	v1r
lemma/95829	v1r
lemma/96037	v3r
lemma/96126	v3r
lemma/96151	v1r
lemma/96202	v1r
lemma/99070	v1r
lemma/99107	v1r
lemma/99597	v3r
lemma/99868	v1r
lemma/100963	v1r
lemma/101816	v1r
lemma/102001	v1r
lemma/103579	v1r
lemma/104786	v3r
lemma/106342	v1r
lemma/108246	v1r
lemma/108717	v1r
lemma/109584	v1r
lemma/109585	v3r
lemma/109863	v1r
lemma/110205	v1r
lemma/110575	v4r
lemma/112053	v1r
lemma/112456	v2d
lemma/112457	v2r
lemma/112870	v4r
lemma/113346	v1r
lemma/114879	v5r
lemma/116279	v1r
lemma/116580	v1r
lemma/116631	v3r
lemma/117445	v4r
lemma/117814	v1d
lemma/118857	v1d
lemma/118858	v1r
lemma/119506	v1r
lemma/119561	v3r
lemma/119599	v3r
lemma/120074	v3r
lemma/122420	v1r
lemma/122770	v1r
lemma/122885	v1d
lemma/122886	v1r
lemma/123037	v1r
lemma/123724	v3r
lemma/128703	v1r
lemma/129161	v3r
lemma/129486	v1d
lemma/129728	v1r
lemma/133353	v1d
lemma/135999	v1r
lemma/137936	v1r
lemma/137996	v3r
lemma/141910	v3r
lemma/141953	v2e
lemma/27439	v1r
lemma/27557	v1r
lemma/29852	v1d
lemma/32837	v1r
lemma/33655	v1d
lemma/34818	v1r
lemma/39930	v1r
lemma/43749	v1r
lemma/47054	v1r
lemma/48568	v1r
lemma/50119	v1r
lemma/51905	v1r
lemma/55615	v1r
lemma/56941	v3r
lemma/58337	v1r
lemma/58884	v1r
lemma/59444	v1r
lemma/60376	v1r
lemma/64830	v5r
lemma/67227	v4r
lemma/67993	v1r
lemma/68094	v4r
lemma/70185	v1r
lemma/70307	v1r
lemma/70343	v1r
lemma/71372	v1r
lemma/73421	v1d
lemma/75417	v1r
lemma/75657	v3r
lemma/78461	v1r
lemma/86074	v4r
lemma/87027	v2r
lemma/88509	v6r
lemma/90385	v1r
lemma/93383	v1d
lemma/93384	v1r
lemma/93756	v3r
lemma/94127	v5r
lemma/94265	v3r
lemma/94603	v1r
lemma/94645	v1r
lemma/95183	v5r
lemma/95234	v1r
lemma/95367	v3r
lemma/96259	v1r
lemma/97994	v1r
lemma/98792	v1e
lemma/101058	v1r
lemma/102261	v1r
lemma/102617	v1r
lemma/107182	v1r
lemma/109604	v6r
lemma/113715	v1r
lemma/114207	v5r
lemma/114507	v3r
lemma/115363	v3r
lemma/115663	v1r
lemma/116739	v2r
lemma/117097	v2r
lemma/117141	v3r
lemma/117389	v3r
lemma/118896	v3r
lemma/118923	v2r
lemma/118924	v3r
lemma/118983	v1r
lemma/119167	v1r
lemma/119884	v1r
lemma/120483	v1r
lemma/122477	v4r
lemma/122542	v3r
lemma/126250	v1r
lemma/126301	v3r
lemma/126340	v3r
lemma/126439	v3r
lemma/126721	v3r
lemma/126817	v1r
lemma/128666	v1r
lemma/129535	v3r
lemma/129621	v1r
lemma/132844	v1r
lemma/137689	v3r
lemma/142054	v1d
lemma/26363	v3r
lemma/27324	v1r
lemma/27838	v1r
lemma/27966	v1r
lemma/29113	v3r
lemma/30384	v4r
lemma/31404	v4r
lemma/32125	v1r
lemma/32429	v1r
lemma/32730	v1r
lemma/33125	v4r
lemma/34094	v4r
lemma/34667	v1r
lemma/34705	v3r
lemma/35749	v1r
lemma/44929	v1r
lemma/46166	v1r
lemma/46219	v1r
lemma/46452	v1r
lemma/46983	v1r
lemma/47003	v1r
lemma/47084	v1r
lemma/47330	v5r
lemma/47543	v3r
lemma/50421	v3r
lemma/50731	v1r
lemma/53352	v4r
lemma/53848	v1d
lemma/54312	v1r
lemma/59394	v1r
lemma/62237	v1r
lemma/62680	v1r
lemma/69572	v1r
lemma/71828	v1r
lemma/73255	v1r
lemma/73607	v1r
lemma/75601	v3r
lemma/76084	v1r
lemma/76219	v1r
lemma/76336	v1r
lemma/77990	v1r
lemma/79017	v1r
lemma/79078	v3r
lemma/81118	v1d
lemma/81220	v1r
lemma/83340	v1r
lemma/83571	v3r
lemma/83622	v2
lemma/84188	v1r
lemma/85443	v1r
lemma/87559	v4d
lemma/88096	v1r
lemma/88563	v3r
lemma/90794	v3r
lemma/91220	v1r
lemma/94085	v3r
lemma/95643	v3r
lemma/95752	v1r
lemma/96127	v1r
lemma/96160	v3r
lemma/96512	v1r
lemma/97121	v1r
lemma/98987	v3r
lemma/99071	v3r
lemma/99353	v1r
lemma/99869	v2r
lemma/100442	v4r
lemma/100563	v3r
lemma/100901	v3r
lemma/101002	v4d
lemma/103590	v1r
lemma/103813	v3r
lemma/104838	v1r
lemma/106265	v3d
lemma/106316	v1d
lemma/106317	v1r
lemma/106911	v3r
lemma/107665	v5r
lemma/108259	v3r
lemma/110767	v1r
lemma/113840	v3r
lemma/114534	v1r
lemma/114613	v1r
lemma/114881	v1r
lemma/115494	v1r
lemma/116144	v3r
lemma/116632	v5r
lemma/117360	v3r
lemma/117815	v1d
lemma/117816	v1r
lemma/117868	v3r
lemma/118109	v2r
lemma/118110	v3r
lemma/119084	v1r
lemma/119135	v1r
lemma/122370	v5r
lemma/122421	v3r
lemma/125159	v4r
lemma/126636	v3r
lemma/126961	v1r
lemma/127684	v1d
lemma/127811	v3r
lemma/128653	v1r
lemma/130423	v1r
lemma/132156	v1r
lemma/141834	v3r
lemma/141954	v1r
lemma/29036	v4r
lemma/29124	v3r
lemma/31280	v1r
lemma/34547	v1r
lemma/41100	v1r
lemma/43043	v3r
lemma/45708	v1r
lemma/46110	v2r
lemma/50052	v1r
lemma/52137	v3r
lemma/55956	v1r
lemma/58972	v1r
lemma/59064	v1r
lemma/59093	v1r
lemma/60170	v3r
lemma/65824	v5r
lemma/67070	v1r
lemma/68146	v4r
lemma/75709	v1r
lemma/77953	v1r
lemma/79487	v3r
lemma/80371	v1r
lemma/83593	v3r
lemma/86608	v1r
lemma/88023	v1r
lemma/90386	v3r
lemma/90569	v3r
lemma/90614	v1r
lemma/94112	v6r
lemma/94210	v3r
lemma/94317	v1d
lemma/94606	v1r
lemma/94646	v1r
lemma/95184	v6r
lemma/95305	v1r
lemma/96038	v3r
lemma/96468	v3r
lemma/96612	v1d
lemma/96967	v1r
lemma/97229	v1r
lemma/97380	v1r
lemma/98059	v3r
lemma/98731	v4r
lemma/99598	v3r
lemma/99983	v1r
lemma/100958	v1r
lemma/102182	v3r
lemma/103758	v1r
lemma/104230	v3r
lemma/105756	v4r
lemma/106210	v1r
lemma/106579	v1r
lemma/106725	v1r
lemma/107223	v3r
lemma/107234	v3r
lemma/107762	v1r
lemma/107934	v1r
lemma/109729	v1r
lemma/112784	v1r
lemma/113381	v1r
lemma/114208	v3r
lemma/114257	v1r
lemma/114330	v1r
lemma/114508	v2r
lemma/116103	v1d
lemma/116104	v1r
lemma/116501	v1d
lemma/116593	v1r
lemma/116689	v3r
lemma/117142	v7r
lemma/122478	v1r
lemma/122493	v4r
lemma/122529	v1r
lemma/122567	v3r
lemma/122743	v3r
lemma/122830	v1r
lemma/126341	v3r
lemma/126722	v1r
lemma/126767	v3r
lemma/127314	v1r
lemma/127759	v1r
lemma/127855	v1r
lemma/137879	v6r
lemma/141767	v1r
lemma/142055	v1d
lemma/26937	v1r
lemma/27860	v3r
lemma/28068	v1d
lemma/28119	v1r
lemma/31262	v1r
lemma/32336	v1r
lemma/32731	v1r
lemma/33297	v1r
lemma/33502	v1d
lemma/34084	v1r
lemma/34147	v4r
lemma/40344	v1r
lemma/43426	v1r
lemma/46167	v1r
lemma/46984	v1r
lemma/47085	v1r
lemma/47520	v1r
lemma/47544	v1r
lemma/48727	v1r
lemma/50371	v1d
lemma/50529	v1r
lemma/50847	v1r
lemma/50869	v1r
lemma/52986	v1r
lemma/54188	v1r
lemma/62681	v1r
lemma/62839	v1r
lemma/65184	v1r
lemma/69115	v4r
lemma/69762	v1r
lemma/70715	v1r
lemma/72180	v1r
lemma/72696	v1r
lemma/75551	v3r
lemma/75721	v1r
lemma/75940	v1r
lemma/77408	v1r
lemma/79255	v1r
lemma/80786	v1r
lemma/81039	v4r
lemma/83798	v1r
lemma/85050	v1r
lemma/85566	v4r
lemma/87634	v1r
lemma/88407	v3r
lemma/88468	v1r
lemma/89504	v1r
lemma/89580	v1r
lemma/89906	v3r
lemma/91406	v1d
lemma/91407	v1r
lemma/93298	v3r
lemma/95644	v3r
lemma/96129	v2r
lemma/96153	v3r
lemma/96163	v1r
lemma/96858	v4r
lemma/96916	v1r
lemma/97248	v1d
lemma/97249	v1r
lemma/97587	v1r
lemma/98394	v1r
lemma/98610	v1r
lemma/98794	v1r
lemma/98989	v3r
lemma/100902	v1r
lemma/101003	v3r
lemma/101820	v1d
lemma/101821	v1r
lemma/101894	v1r
lemma/101937	v1r
lemma/107592	v1r
lemma/107643	v1r
lemma/107703	v1r
lemma/108854	v1r
lemma/109586	v1r
lemma/111495	v1r
lemma/114496	v3r
lemma/115495	v6r
lemma/116633	v6r
lemma/116872	v3d
lemma/118870	v6r
lemma/120020	v3r
lemma/122371	v2r
lemma/122422	v3r
lemma/122793	v3r
lemma/122887	v1d
lemma/122888	v1r
lemma/125334	v1r
lemma/126359	v3r
lemma/127084	v1r
lemma/127812	v1r
lemma/129163	v1r
lemma/130326	v1d
lemma/134681	v1r
lemma/137593	v3r
lemma/26311	v1r
lemma/27272	v1r
lemma/27452	v1r
lemma/27914	v1r
lemma/28021	v1r
lemma/29171	v2r
lemma/29854	v2r
lemma/31028	v1r
lemma/32839	v2r
lemma/42226	v1r
lemma/42231	v2r
lemma/43256	v1r
lemma/46152	v1r
lemma/47545	v1r
lemma/49003	v1r
lemma/49306	v1r
lemma/50826	v1r
lemma/50831	v1r
lemma/53283	v3r
lemma/56804	v1r
lemma/56892	v1r
lemma/58442	v1r
lemma/58837	v4r
lemma/58918	v1r
lemma/58970	v1r
lemma/60703	v1r
lemma/64858	v1r
lemma/67192	v1r
lemma/67450	v1d
lemma/67995	v1r
lemma/68639	v1r
lemma/69473	v2r
lemma/70468	v4r
lemma/73111	v1r
lemma/74007	v1r
lemma/75092	v1r
lemma/75315	v1r
lemma/80582	v1r
lemma/83352	v1r
lemma/83501	v1r
lemma/85310	v1r
lemma/86893	v1r
lemma/86944	v1r
lemma/87263	v3r
lemma/87453	v3r
lemma/90438	v2r
lemma/90439	v3r
lemma/92822	v1r
lemma/94171	v4r
lemma/94676	v1d
lemma/94694	v6r
lemma/95185	v2r
lemma/95553	v1d
lemma/96469	v1r
lemma/96968	v4r
lemma/97179	v1r
lemma/97384	v1r
lemma/97480	v1r
lemma/97996	v1r
lemma/100059	v4r
lemma/100959	v1r
lemma/101877	v1r
lemma/102217	v1r
lemma/102437	v3r
lemma/103444	v3r
lemma/104204	v1r
lemma/104908	v1r
lemma/106675	v3r
lemma/107935	v1r
lemma/108188	v1r
lemma/108669	v1r
lemma/110521	v1r
lemma/110522	v4r
lemma/111199	v1d
lemma/112515	v1r
lemma/113433	v1d
lemma/116174	v1r
lemma/116769	v1d
lemma/117092	v3r
lemma/117132	v3r
lemma/117960	v1r
lemma/118305	v3r
lemma/118473	v2r
lemma/119248	v1d
lemma/119249	v1r
lemma/120077	v2r
lemma/120536	v5r
lemma/122413	v1r
lemma/122479	v4d
lemma/122494	v6r
lemma/122568	v3r
lemma/122718	v1r
lemma/122744	v1r
lemma/122780	v2r
lemma/122831	v1r
lemma/124530	v1r
lemma/125182	v1r
lemma/126343	v3r
lemma/126645	v1r
lemma/126723	v1r
lemma/126819	v1r
lemma/127140	v1r
lemma/127328	v1r
lemma/127644	v3r
lemma/129935	v1d
lemma/129936	v1r
lemma/130868	v1d
lemma/134324	v5
lemma/136267	v1r
lemma/142056	v3r
lemma/26075	v1r
lemma/27662	v1r
lemma/27912	v2r
lemma/28421	v4r
lemma/29614	v1d
lemma/32512	v1r
lemma/32732	v3e
lemma/43665	v1r
lemma/44347	v1r
lemma/46097	v1r
lemma/46157	v1r
lemma/46168	v1r
lemma/46428	v1r
lemma/46906	v1r
lemma/47086	v1r
lemma/50423	v1r
lemma/50479	v1r
lemma/50734	v1r
lemma/50783	v1r
lemma/51023	v1r
lemma/53850	v2d
lemma/58478	v1r
lemma/58830	v1r
lemma/59026	v3r
lemma/62693	v1r
lemma/63026	v1r
lemma/64267	v1r
lemma/67638	v1r
lemma/74226	v1r
lemma/75552	v1d
lemma/79371	v1r
lemma/79948	v1r
lemma/81341	v1d
lemma/81624	v1r
lemma/83248	v4r
lemma/85367	v1r
lemma/85880	v1r
lemma/86957	v1d
lemma/86958	v1r
lemma/87001	v1r
lemma/88408	v2r
lemma/91230	v1r
lemma/91292	v1r
lemma/92662	v1r
lemma/93299	v6
lemma/93300	v6
lemma/94012	v3r
lemma/94268	v3r
lemma/94461	v1r
lemma/94620	v1r
lemma/95008	v1r
lemma/96971	v1r
lemma/97182	v1r
lemma/99355	v2d
lemma/99406	v1r
lemma/100444	v4r
lemma/100833	v1r
lemma/100964	v1d
lemma/100998	v3r
lemma/101004	v4r
lemma/101819	v1r
lemma/101895	v3r
lemma/101938	v3r
lemma/101980	v6r
lemma/102329	v1d
lemma/102330	v1r
lemma/102490	v1r
lemma/104789	v1r
lemma/106888	v1r
lemma/107153	v1r
lemma/107185	v3r
lemma/107666	v3r
lemma/108247	v1r
lemma/108829	v1r
lemma/109071	v4r
lemma/109290	v1d
lemma/109587	v1r
lemma/110209	v1d
lemma/111547	v1d
lemma/112107	v1r
lemma/112437	v1r
lemma/114351	v1r
lemma/114867	v2r
lemma/114868	v3r
lemma/116030	v1r
lemma/116583	v1r
lemma/116634	v3r
lemma/116746	v3r
lemma/119029	v1d
lemma/119030	v1r
lemma/119086	v1r
lemma/119293	v6r
lemma/119954	v1r
lemma/121046	v1r
lemma/122372	v3r
lemma/122423	v3r
lemma/122771	v3r
lemma/123728	v1r
lemma/123835	v1r
lemma/126637	v1r
lemma/128655	v1r
lemma/130904	v1r
lemma/131413	v1r
lemma/136860	v1r
lemma/138702	v1r
lemma/141849	v1r
lemma/26059	v1r
lemma/27504	v2e
lemma/28013	v1r
lemma/29038	v1r
lemma/29172	v3r
lemma/33201	v1r
lemma/34193	v1r
lemma/39065	v1r
lemma/43126	v1r
lemma/46061	v1r
lemma/46112	v1r
lemma/47546	v1r
lemma/51315	v1r
lemma/55102	v1r
lemma/56020	v1r
lemma/58371	v4r
lemma/58422	v1r
lemma/58927	v1r
lemma/59447	v1r
lemma/63684	v3r
lemma/63866	v1r
lemma/66205	v1r
lemma/72933	v1r
lemma/73666	v1r
lemma/75684	v1r
lemma/75961	v3r
lemma/76750	v1r
lemma/81801	v1r
lemma/83982	v4r
lemma/86945	v2r
lemma/86946	v3r
lemma/87454	v5r
lemma/89397	v4r
lemma/90164	v1r
lemma/90469	v2r
lemma/92666	v1r
lemma/95404	v1r
lemma/96431	v1r
lemma/96470	v3r
lemma/97987	v1r
lemma/98387	v1r
lemma/98438	v1r
lemma/99764	v1r
lemma/99815	v1r
lemma/101847	v1r
lemma/102280	v3r
lemma/102387	v1r
lemma/102438	v1r
lemma/105375	v1r
lemma/107936	v3d
lemma/109292	v1r
lemma/114459	v2r
lemma/117093	v1r
lemma/118116	v3r
lemma/120401	v1d
lemma/120402	v1r
lemma/122543	v1d
lemma/122544	v1r
lemma/122745	v1r
lemma/122781	v1r
lemma/122832	v2d
lemma/122833	v2r
lemma/123750	v1d
lemma/123751	v1r
lemma/124490	v1r
lemma/126253	v1r
lemma/126724	v1r
lemma/126769	v3r
lemma/127108	v1r
lemma/128667	v1r
lemma/134325	v1r
lemma/136252	v3d
lemma/136565	v1r
lemma/141715	v3r
lemma/142057	v3e
lemma/27969	v1r
lemma/30387	v1d
lemma/32682	v4r
lemma/38500	v4r
lemma/41672	v1r
lemma/43150	v1r
lemma/43717	v1r
lemma/46169	v3r
lemma/46202	v3r
lemma/46765	v1r
lemma/46964	v1d
lemma/46986	v1r
lemma/47801	v1r
lemma/48737	v1r
lemma/49790	v1r
lemma/50373	v1r
lemma/50424	v1r
lemma/52695	v1r
lemma/58395	v1r
lemma/59397	v1r
lemma/59856	v1r
lemma/61105	v1r
lemma/64161	v1r
lemma/65237	v1r
lemma/66120	v1r
lemma/69117	v4r
lemma/73258	v1d
lemma/74894	v3r
lemma/75604	v3r
lemma/76486	v1r
lemma/82260	v1r
lemma/86256	v1r
lemma/87635	v1d
lemma/88015	v1r
lemma/88152	v1r
lemma/88410	v1d
lemma/89857	v1d
lemma/90571	v1r
lemma/90797	v1r
lemma/90975	v1r
lemma/91250	v1r
lemma/94090	v1r
lemma/94269	v2r
lemma/94570	v1r
lemma/94621	v1r
lemma/95130	v1r
lemma/95595	v1r
lemma/96058	v1d
lemma/96206	v5r
lemma/97589	v1r
lemma/97941	v1r
lemma/98280	v2r
lemma/98281	v4r
lemma/98331	v1r
lemma/98796	v3r
lemma/98990	v1r
lemma/99072	v3r
lemma/99110	v3r
lemma/99356	v1r
lemma/100904	v3r
lemma/101005	v3r
lemma/101349	v1d
lemma/101350	v1r
lemma/101771	v1d
lemma/101897	v1r
lemma/103078	v1r
lemma/103765	v1r
lemma/103798	v1r
lemma/106620	v1r
lemma/106912	v1r
lemma/107186	v1r
lemma/107508	v6r
lemma/108496	v5r
lemma/109072	v1r
lemma/109940	v4d
lemma/109941	v4r
lemma/110880	v1r
lemma/111638	v1r
lemma/112108	v2d
lemma/112109	v2r
lemma/112396	v1d
lemma/112397	v1r
lemma/113665	v1d
lemma/113899	v1r
lemma/114352	v4r
lemma/114498	v1d
lemma/114577	v1r
lemma/116584	v1r
lemma/116719	v3r
lemma/116747	v3r
lemma/117070	v3r
lemma/118578	v6r
lemma/118629	v1r
lemma/118859	v4r
lemma/118930	v2r
lemma/119087	v3r
lemma/119138	v3d
lemma/119564	v1r
lemma/119656	v6r
lemma/119834	v1r
lemma/120468	v1r
lemma/121047	v3r
lemma/122373	v1r
lemma/122424	v1d
lemma/122425	v1r
lemma/122486	v1r
lemma/122889	v3r
lemma/123840	v3r
lemma/125285	v5r
lemma/126638	v5r
lemma/127055	v2e
lemma/128656	v2r
lemma/128707	v1r
lemma/129216	v1d
lemma/129217	v1r
lemma/129406	v1r
lemma/129982	v4r
lemma/137595	v3r
lemma/30569	v1r
lemma/36972	v1r
lemma/43610	v1r
lemma/43870	v1r
lemma/46113	v1
lemma/46563	v1r
lemma/46592	v1r
lemma/46740	v1r
lemma/48683	v1r
lemma/48751	v1r
lemma/49916	v1r
lemma/50750	v1d
lemma/55568	v3r
lemma/58647	v1d
lemma/58940	v3r
lemma/59290	v1r
lemma/60113	v1r
lemma/70945	v1r
lemma/74487	v1r
lemma/75537	v1r
lemma/76274	v1r
lemma/77956	v1r
lemma/78516	v1r
lemma/80374	v1d
lemma/86895	v3r
lemma/87264	v3r
lemma/87326	v1r
lemma/88026	v3r
lemma/88373	v1r
lemma/88781	v1r
lemma/89376	v1r
lemma/89449	v1d
lemma/94213	v1r
lemma/94608	v1r
lemma/95408	v1r
lemma/95709	v1d
lemma/96432	v1r
lemma/97533	v3r
lemma/97950	v1r
lemma/98370	v1d
lemma/98709	v3r
lemma/98734	v1r
lemma/99602	v1r
lemma/99765	v3r
lemma/100686	v1r
lemma/100854	v1r
lemma/101475	v1r
lemma/101784	v3r
lemma/102183	v3r
lemma/102439	v2r
lemma/102463	v1r
lemma/103357	v3r
lemma/104683	v3d
lemma/107237	v1r
lemma/108155	v4r
lemma/108206	v3r
lemma/108571	v3r
lemma/110605	v1r
lemma/111102	v2r
lemma/114812	v3r
lemma/115202	v1r
lemma/116455	v3r
lemma/117094	v5d
lemma/117415	v3r
lemma/118987	v1r
lemma/119104	v1r
lemma/119888	v1r
lemma/120361	v2r
lemma/122719	v1r
lemma/122782	v3r
lemma/123399	v3r
lemma/123652	v4r
lemma/126305	v2r
lemma/126369	v3r
lemma/126378	v5r
lemma/126725	v5r
lemma/128600	v3r
lemma/130168	v1r
lemma/131472	v4r
lemma/133766	v1r
lemma/137700	v3r
lemma/141717	v5r
lemma/141901	v2e
lemma/142058	v2e
lemma/142109	v2r
lemma/26142	v1r
lemma/26496	v1r
lemma/27980	v1r
lemma/29341	v1r
lemma/31238	v1r
lemma/31408	v1r
lemma/34185	v1r
lemma/41724	v1r
lemma/43657	v1r
lemma/46096	v1r
lemma/46471	v1r
lemma/47088	v1r
lemma/48516	v1r
lemma/49791	v1r
lemma/49844	v1r
lemma/50374	v1r
lemma/52684	v1r
lemma/52729	v1r
lemma/52819	v1r
lemma/54135	v1r
lemma/56430	v4r
lemma/57117	v1r
lemma/59398	v1r
lemma/60181	v1r
lemma/62638	v1r
lemma/65187	v1d
lemma/66418	v1r
lemma/66628	v1r
lemma/67482	v4r
lemma/72967	v1d
lemma/75401	v1r
lemma/76439	v1r
lemma/76579	v1r
lemma/77050	v5r
lemma/77548	v1r
lemma/77563	v1r
lemma/78001	v1r
lemma/78057	v1r
lemma/80783	v1d
lemma/81848	v1r
lemma/85053	v1d
lemma/87638	v3r
lemma/87943	v1r
lemma/91251	v4r
lemma/92228	v1r
lemma/92327	v1r
lemma/96131	v3r
lemma/96156	v1r
lemma/96164	v2r
lemma/96207	v3r
lemma/96918	v1r
lemma/97074	v1r
lemma/98332	v1r
lemma/98991	v1r
lemma/99112	v1r
lemma/99408	v5d
lemma/100178	v1r
lemma/100446	v1d
lemma/100834	v3r
lemma/100982	v1d
lemma/101750	v3r
lemma/102153	v1r
lemma/102797	v1d
lemma/102798	v1r
lemma/103817	v1r
lemma/108458	v6r
lemma/108856	v1r
lemma/109589	v3r
lemma/109652	v1r
lemma/110133	v1r
lemma/114537	v1r
lemma/116585	v1r
lemma/117044	v1r
lemma/117554	v3r
lemma/118861	v3r
lemma/119088	v3r
lemma/119139	v1r
lemma/119835	v2r
lemma/119900	v1d
lemma/119956	v1r
lemma/122374	v3r
lemma/122463	v6r
lemma/126037	v1r
lemma/126663	v4r
lemma/126714	v3r
lemma/127094	v1r
lemma/128708	v3r
lemma/136213	v3
lemma/136275	v1r
lemma/141958	v4r
lemma/26021	v1r
lemma/26236	v1r
lemma/27455	v1r
lemma/27506	v1r
lemma/27834	v1r
lemma/27909	v1r
lemma/29161	v1r
lemma/31269	v1r
lemma/32553	v1r
lemma/38020	v1r
lemma/40568	v1r
lemma/41958	v1r
lemma/42780	v1r
lemma/44912	v1r
lemma/45605	v1r
lemma/46030	v3r
lemma/46114	v1r
lemma/46238	v1r
lemma/46400	v1r
lemma/46874	v1r
lemma/47548	v4r
lemma/48796	v1r
lemma/48925	v1r
lemma/49026	v1r
lemma/49272	v1r
lemma/49843	v1r
lemma/50730	v1r
lemma/52261	v4d
lemma/54544	v1r
lemma/56946	v1r
lemma/57842	v3r
lemma/58287	v1r
lemma/58646	v1r
lemma/58889	v1r
lemma/59704	v1r
lemma/60333	v1r
lemma/62408	v1r
lemma/66100	v1r
lemma/68967	v1r
lemma/70008	v1r
lemma/70297	v7e
lemma/71266	v1r
lemma/71653	v1r
lemma/71674	v1r
lemma/73152	v4r
lemma/75963	v3r
lemma/76064	v1r
lemma/80158	v1r
lemma/81241	v1r
lemma/83504	v2r
lemma/87456	v3r
lemma/88374	v3r
lemma/93194	v1r
lemma/93245	v1d
lemma/94163	v1r
lemma/94214	v1r
lemma/95411	v3r
lemma/95540	v1r
lemma/96157	v3r
lemma/96433	v1r
lemma/97999	v1r
lemma/98333	v3r
lemma/98690	v3r
lemma/98735	v1r
lemma/99301	v1r
lemma/99992	v1r
lemma/101364	v4r
lemma/101476	v1r
lemma/101787	v2r
lemma/102184	v1r
lemma/102218	v3r
lemma/102389	v1r
lemma/103358	v1d
lemma/103359	v1r
lemma/103446	v2r
lemma/104684	v3r
lemma/105653	v1r
lemma/106122	v1r
lemma/107187	v1r
lemma/107406	v3r
lemma/108207	v1r
lemma/108215	v1r
lemma/110732	v1r
lemma/113165	v1r
lemma/114211	v1r
lemma/114464	v1r
lemma/116506	v1r
lemma/116792	v1r
lemma/117146	v2r
lemma/118306	v1r
lemma/118988	v3r
lemma/119441	v1r
lemma/120360	v5r
lemma/122375	v3r
lemma/122497	v3r
lemma/122783	v2r
lemma/124777	v2r
lemma/125481	v1d
lemma/126002	v1r
lemma/126379	v3r
lemma/127990	v1d
lemma/127991	v1r
lemma/128603	v3r
lemma/128635	v1r
lemma/128969	v4r
lemma/133251	v1r
lemma/133302	v1r
lemma/137540	v6r
lemma/141769	v3r
lemma/142003	v1r
lemma/27764	v1r
lemma/32559	v1r
lemma/34729	v1r
lemma/36156	v1r
lemma/36724	v4r
lemma/42643	v3e
lemma/43032	v4r
lemma/46322	v3r
lemma/46344	v1r
lemma/46523	v1r
lemma/47661	v1r
lemma/49384	v1r
lemma/50643	v3r
lemma/50736	v1r
lemma/58309	v1r
lemma/66195	v3r
lemma/67483	v1r
lemma/72184	v3r
lemma/76524	v1r
lemma/76567	v1r
lemma/78875	v4r
lemma/80835	v4r
lemma/81828	v1r
lemma/86488	v1r
lemma/86840	v1r
lemma/92234	v3r
lemma/94095	v1r
lemma/94623	v1r
lemma/95081	v3r
lemma/95266	v4d
lemma/95597	v1r
lemma/95998	v1r
lemma/96050	v1r
lemma/96101	v1r
lemma/98261	v3r
lemma/98282	v1r
lemma/98676	v1r
lemma/99358	v2r
lemma/99767	v1r
lemma/100447	v2e
lemma/100829	v1r
lemma/100836	v3r
lemma/100908	v1r
lemma/101773	v1r
lemma/101824	v1r
lemma/102154	v3r
lemma/102460	v1r
lemma/102491	v3d
lemma/102492	v3r
lemma/105369	v1r
lemma/105492	v4r
lemma/106379	v1r
lemma/106622	v3r
lemma/108099	v1d
lemma/108100	v1r
lemma/108124	v3r
lemma/108616	v1r
lemma/108830	v4r
lemma/108923	v1d
lemma/108924	v1r
lemma/110474	v1d
lemma/113625	v4r
lemma/113794	v6r
lemma/114354	v2r
lemma/114816	v1r
lemma/115612	v1r
lemma/115786	v1r
lemma/116031	v2r
lemma/116586	v3r
lemma/117333	v1r
lemma/118932	v1r
lemma/119782	v1r
lemma/119836	v1r
lemma/120024	v5r
lemma/120489	v1r
lemma/122352	v1r
lemma/122426	v1r
lemma/122427	v4r
lemma/123125	v4r
lemma/124099	v1r
lemma/124369	v1r
lemma/124370	v3r
lemma/125083	v1r
lemma/126074	v1r
lemma/126085	v6r
lemma/126311	v5r
lemma/127058	v1r
lemma/128668	v1r
lemma/128709	v1r
lemma/129167	v1r
lemma/129492	v4r
lemma/129984	v1d
lemma/130340	v1r
lemma/136431	v4r
lemma/26235	v1r
lemma/28833	v1r
lemma/29643	v4r
lemma/29769	v1r
lemma/29909	v1r
lemma/31173	v1r
lemma/34198	v4r
lemma/36100	v1d
lemma/40757	v3r
lemma/46492	v1r
lemma/46600	v1r
lemma/47008	v1r
lemma/47549	v4r
lemma/50784	v1d
lemma/55311	v1r
lemma/57072	v1r
lemma/58274	v1r
lemma/58425	v4r
lemma/59069	v1r
lemma/59343	v1r
lemma/59791	v1r
lemma/62229	v1r
lemma/64918	v1r
lemma/67943	v1
lemma/69710	v1r
lemma/70349	v1r
lemma/74673	v4r
lemma/75416	v1r
lemma/75762	v1r
lemma/75964	v5r
lemma/77958	v1r
lemma/83973	v4r
lemma/86778	v1r
lemma/86948	v1r
lemma/87457	v2r
lemma/87997	v1d
lemma/87998	v1r
lemma/92667	v3r
lemma/92686	v5r
lemma/94215	v1r
lemma/95371	v1r
lemma/95661	v4r
lemma/96209	v1r
lemma/98371	v1d
lemma/98691	v1r
lemma/98736	v5r
lemma/98765	v1r
lemma/99034	v1r
lemma/99302	v3r
lemma/99950	v1r
lemma/101432	v5r
lemma/102417	v2r
lemma/107911	v3r
lemma/107937	v1r
lemma/108747	v1r
lemma/110117	v1r
lemma/110609	v4r
lemma/111985	v1d
lemma/112333	v1r
lemma/114623	v3r
lemma/114814	v1r
lemma/117101	v1r
lemma/119072	v1r
lemma/122376	v1d
lemma/122377	v1r
lemma/122496	v2r
lemma/122746	v3r
lemma/122784	v2r
lemma/124778	v3r
lemma/125222	v1r
lemma/126307	v3r
lemma/127762	v3r
lemma/128605	v1r
lemma/137706	v4r
lemma/141770	v3r
lemma/26731	v1r
lemma/26947	v3r
lemma/27303	v3r
lemma/27366	v1r
lemma/27916	v1r
lemma/29878	v1r
lemma/34679	v1r
lemma/37892	v1r
lemma/38968	v1r
lemma/39012	v1r
lemma/40328	v1r
lemma/43153	v1r
lemma/44122	v1r
lemma/44178	v1r
lemma/46468	v1r
lemma/47391	v1r
lemma/49627	v1r
lemma/50427	v1r
lemma/52450	v1r
lemma/52453	v1r
lemma/54702	v4r
lemma/54954	v1r
lemma/58783	v2r
lemma/59458	v1r
lemma/59569	v1r
lemma/60692	v1r
lemma/61252	v4r
lemma/61768	v1r
lemma/64981	v1r
lemma/66924	v1r
lemma/67484	v3r
lemma/67535	v1r
lemma/70758	v3r
lemma/71160	v1r
lemma/71424	v1r
lemma/71994	v1r
lemma/75607	v1r
lemma/76700	v1r
lemma/83119	v1r
lemma/85106	v1r
lemma/87350	v1r
lemma/87401	v3r
lemma/87917	v1r
lemma/88411	v1r
lemma/88784	v1r
lemma/90284	v1r
lemma/90335	v1r
lemma/92201	v1r
lemma/92278	v1r
lemma/94096	v3r
lemma/94542	v1r
lemma/95133	v1r
lemma/95267	v4r
lemma/95754	v3r
lemma/95968	v3d
lemma/95999	v3r
lemma/96395	v3r
lemma/98283	v3r
lemma/98334	v1r
lemma/98412	v1r
lemma/98677	v3r
lemma/98799	v3r
lemma/99073	v1r
lemma/99359	v1r
lemma/100448	v3r
lemma/100789	v1r
lemma/100837	v1r
lemma/101008	v2r
lemma/101825	v3r
lemma/103768	v3r
lemma/106572	v4r
lemma/106657	v1r
lemma/108050	v3r
lemma/108460	v1r
lemma/111205	v3r
lemma/114167	v5r
lemma/114355	v3r
lemma/114406	v1r
lemma/114499	v3r
lemma/116749	v1r
lemma/117072	v1r
lemma/117362	v2r
lemma/118933	v1r
lemma/119958	v1r
lemma/120025	v1r
lemma/122720	v1r
lemma/124845	v1r
lemma/124887	v1r
lemma/126075	v1r
lemma/126277	v2r
lemma/126640	v4r
lemma/126665	v3r
lemma/126789	v6r
lemma/128659	v3r
lemma/129985	v3d
lemma/132284	v1r
lemma/136283	v3r
lemma/136864	v1r
lemma/141741	v1r
lemma/27457	v1r
lemma/27595	v1r
lemma/29004	v1r
lemma/29859	v3r
lemma/30935	v4r
lemma/31210	v4r
lemma/31290	v1r
lemma/35541	v1r
lemma/35810	v3r
lemma/40108	v1r
lemma/40809	v1r
lemma/41318	v4r
lemma/46116	v1r
lemma/48774	v1r
lemma/49028	v3r
lemma/49794	v4r
lemma/50672	v4r
lemma/52314	v1r
lemma/52846	v4r
lemma/54546	v1r
lemma/55131	v1r
lemma/56418	v4r
lemma/57049	v1r
lemma/58375	v1r
lemma/58426	v4d
lemma/59151	v1r
lemma/59344	v1r
lemma/60043	v1r
lemma/60067	v1r
lemma/68891	v1r
lemma/69660	v1r
lemma/72979	v3d
lemma/74498	v1r
lemma/76066	v1r
lemma/79232	v1r
lemma/83062	v1r
lemma/83293	v3r
lemma/83649	v1r
lemma/84377	v1r
lemma/85515	v1r
lemma/86898	v3r
lemma/86949	v5r
lemma/87327	v3r
lemma/88362	v1r
lemma/90693	v1d
lemma/90694	v1r
lemma/92500	v1r
lemma/95712	v1d
lemma/96048	v1r
lemma/96098	v3r
lemma/96460	v1d
lemma/97951	v1r
lemma/98373	v5r
lemma/98692	v2r
lemma/98743	v1d
lemma/98744	v1r
lemma/98953	v1r
lemma/100378	v1r
lemma/101852	v1r
lemma/102335	v1r
lemma/104737	v1r
lemma/106061	v3r
lemma/106062	v5r
lemma/107639	v4r
lemma/108158	v4r
lemma/108510	v3r
lemma/110067	v1r
lemma/111655	v3r
lemma/111712	v3r
lemma/113387	v3d
lemma/113563	v1d
lemma/114815	v3r
lemma/116123	v4r
lemma/119392	v2r
lemma/121760	v3r
lemma/122499	v1r
lemma/122747	v4r
lemma/122785	v1r
lemma/122856	v1r
lemma/124497	v1d
lemma/124498	v1r
lemma/126003	v1r
lemma/128552	v3r
lemma/128607	v5r
lemma/128638	v1r
lemma/130449	v1d
lemma/137571	v2r
lemma/137900	v1r
lemma/141771	v3r
lemma/26432	v3r
lemma/26897	v3r
lemma/27294	v3r
lemma/27347	v4r
lemma/27350	v4r
lemma/27401	v1r
lemma/27442	v1r
lemma/38969	v3e
lemma/39108	v1r
lemma/46158	v1r
lemma/46474	v1r
lemma/47349	v1r
lemma/52169	v1r
lemma/52723	v3r
lemma/53748	v1r
lemma/55515	v3r
lemma/58289	v1r
lemma/58440	v1r
lemma/58446	v1r
lemma/58784	v1r
lemma/58798	v4r
lemma/60159	v1r
lemma/64122	v1r
lemma/65632	v1r
lemma/67020	v1r
lemma/67313	v1r
lemma/69768	v1r
lemma/71161	v1r
lemma/75557	v1r
lemma/75773	v1r
lemma/76069	v1r
lemma/80270	v1d
lemma/80553	v1r
lemma/82049	v1r
lemma/83405	v4r
lemma/85924	v1r
lemma/87351	v1r
lemma/87402	v2r
lemma/87639	v1r
lemma/88412	v3r
lemma/90336	v1r
lemma/91254	v1r
lemma/92542	v6r
lemma/92607	v1r
lemma/94544	v1r
lemma/94882	v1d
lemma/95268	v3r
lemma/95599	v3r
lemma/95951	v3r
lemma/96132	v1r
lemma/97186	v1r
lemma/97894	v1r
lemma/97945	v1r
lemma/98335	v1r
lemma/98336	v3r
lemma/99074	v1d
lemma/99113	v1r
lemma/99661	v1r
lemma/100750	v3r
lemma/101009	v5d
lemma/101826	v5r
lemma/102744	v3r
lemma/103080	v1r
lemma/106377	v2r
lemma/106573	v1r
lemma/107610	v1r
lemma/107649	v6r
lemma/109076	v1r
lemma/109137	v1r
lemma/109187	v1r
lemma/110135	v1r
lemma/114063	v5r
lemma/114407	v3r
lemma/114538	v1r
lemma/116722	v3r
lemma/117041	v1r
lemma/117073	v1r
lemma/118934	v3r
lemma/119852	v2r
lemma/120674	v1r
lemma/122428	v3r
lemma/122464	v1r
lemma/122721	v1r
lemma/124847	v1r
lemma/126039	v1r
lemma/126201	v3r
lemma/126313	v3r
lemma/126977	v1r
lemma/128144	v1r
lemma/128591	v6r
lemma/129169	v1r
lemma/129853	v1r
lemma/129986	v3r
lemma/137599	v1r
lemma/138159	v2r
lemma/138460	v1r
lemma/26691	v1r
lemma/27458	v1r
lemma/27671	v1r
lemma/32410	v1r
lemma/41238	v1r
lemma/45041	v1r
lemma/45608	v1r
lemma/47852	v1r
lemma/50270	v1r
lemma/51295	v4r
lemma/51619	v1r
lemma/53641	v4r
lemma/59294	v1r
lemma/61583	v1r
lemma/64598	v1r
lemma/66103	v3r
lemma/67894	v1r
lemma/67964	v1r
lemma/68454	v1r
lemma/69661	v1r
lemma/70703	v1r
lemma/70895	v1r
lemma/75149	v1r
lemma/75534	v1r
lemma/75966	v3r
lemma/76753	v1r
lemma/78469	v4r
lemma/78821	v1r
lemma/82962	v1r
lemma/86899	v1r
lemma/87599	v3r
lemma/88363	v1r
lemma/91714	v1r
lemma/92172	v3r
lemma/93419	v1r
lemma/94217	v3r
lemma/96434	v3r
lemma/97537	v1r
lemma/98693	v3r
lemma/99035	v3r
lemma/99769	v4r
lemma/99952	v3r
lemma/100291	v1r
lemma/100379	v4r
lemma/100909	v1r
lemma/101188	v3r
lemma/102336	v3r
lemma/103707	v1r
lemma/106165	v1r
lemma/106216	v1r
lemma/106840	v1r
lemma/107951	v1r
lemma/108159	v1r
lemma/108511	v1r
lemma/108750	v4r
lemma/108976	v3r
lemma/113031	v1d
lemma/113032	v1r
lemma/113388	v3r
lemma/114265	v1r
lemma/114300	v2r
lemma/115164	v1r
lemma/117271	v1r
lemma/117450	v2d
lemma/118308	v2r
lemma/119106	v5d
lemma/122378	v2r
lemma/122500	v1r
lemma/122697	v1r
lemma/122748	v1r
lemma/122786	v3r
lemma/123660	v1r
lemma/124315	v2r
lemma/126348	v1r
lemma/128553	v5r
lemma/130175	v3r
lemma/141720	v3r
lemma/26433	v3r
lemma/26938	v1r
lemma/26949	v1r
lemma/27351	v1r
lemma/27511	v1r
lemma/31713	v1r
lemma/32631	v1r
lemma/32846	v1r
lemma/35599	v1r
lemma/36460	v1r
lemma/44341	v1r
lemma/44890	v1r
lemma/44997	v3r
lemma/45966	v1r
lemma/47408	v1r
lemma/48849	v2d
lemma/50364	v1r
lemma/50408	v1r
lemma/50429	v1r
lemma/50738	v1r
lemma/54700	v1r
lemma/64182	v1r
lemma/67486	v1r
lemma/67953	v2r
lemma/68741	v1r
lemma/75558	v3r
lemma/75609	v1r
lemma/79280	v3r
lemma/79796	v1r
lemma/80558	v1r
lemma/81164	v1r
lemma/86843	v1r
lemma/87352	v1r
lemma/87403	v3r
lemma/88942	v1d
lemma/88943	v1r
lemma/90337	v3r
lemma/93002	v1r
lemma/93550	v1d
lemma/93551	v1r
lemma/93708	v1r
lemma/94545	v1d
lemma/95970	v3r
lemma/96104	v4r
lemma/96398	v1r
lemma/97187	v1r
lemma/97946	v1r
lemma/98262	v4r
lemma/99510	v2r
lemma/99875	v3r
lemma/101752	v1r
lemma/101957	v1r
lemma/102155	v5r
lemma/108125	v3r
lemma/109077	v3r
lemma/109190	v1r
lemma/113281	v5r
lemma/113511	v1r
lemma/114174	v1r
lemma/114540	v4r
lemma/114817	v1r
lemma/114888	v1r
lemma/116589	v1r
lemma/117042	v3r
lemma/117665	v1d
lemma/117910	v1r
lemma/118832	v1r
lemma/118935	v4r
lemma/119036	v3r
lemma/119783	v1r
lemma/122429	v1d
lemma/122430	v1r
lemma/122436	v1r
lemma/122465	v2r
lemma/122722	v2r
lemma/122970	v6r
lemma/126151	v1r
lemma/127020	v4d
lemma/127120	v1d
lemma/127121	v1r
lemma/129854	v1r
lemma/130292	v1r
lemma/130343	v1r
lemma/130766	v3r
lemma/134581	v1r
lemma/136217	v1r
lemma/142017	v1d
lemma/29754	v1r
lemma/30633	v1r
lemma/31787	v1r
lemma/32825	v1r
lemma/33504	v1r
lemma/37155	v1r
lemma/37232	v1r
lemma/39939	v1r
lemma/41046	v1r
lemma/43793	v1r
lemma/47059	v1r
lemma/47065	v3r
lemma/47678	v1r
lemma/47692	v1r
lemma/48413	v1r
lemma/50673	v1r
lemma/52945	v1r
lemma/56095	v1r
lemma/58377	v1r
lemma/58501	v1r
lemma/59046	v4r
lemma/62489	v1r
lemma/65812	v3r
lemma/67946	v1r
lemma/68455	v1d
lemma/69759	v1r
lemma/70704	v4r
lemma/71622	v1r
lemma/73431	v4r
lemma/74942	v1r
lemma/75099	v4r
lemma/75502	v1r
lemma/75967	v3d
lemma/78332	v1r
lemma/81107	v4r
lemma/87156	v1r
lemma/88378	v1r
lemma/88429	v3r
lemma/89806	v2r
lemma/90695	v1r
lemma/91907	v3r
lemma/92081	v1r
lemma/94372	v1r
lemma/95665	v3r
lemma/96436	v3r
lemma/96513	v4d
lemma/97022	v1r
lemma/97538	v3r
lemma/99036	v2r
lemma/100380	v1r
lemma/100502	v4r
lemma/102286	v3r
lemma/102424	v1r
lemma/104688	v1r
lemma/105657	v1d
lemma/105658	v1r
lemma/106588	v3r
lemma/108752	v1r
lemma/108793	v1r
lemma/109470	v1r
lemma/110886	v1d
lemma/110887	v1r
lemma/111042	v1r
lemma/112006	v1d
lemma/112007	v1r
lemma/116891	v3r
lemma/117451	v3r
lemma/119073	v3r
lemma/122379	v3r
lemma/122680	v3r
lemma/122731	v4r
lemma/122787	v3r
lemma/124316	v3r
lemma/126259	v3r
lemma/126676	v1r
lemma/127177	v1d
lemma/129472	v1r
lemma/129880	v1d
lemma/129881	v1r
lemma/130174	v2r
lemma/137576	v2r
lemma/141721	v1r
lemma/26093	v3r
lemma/26434	v1r
lemma/26446	v3r
lemma/27256	v1r
lemma/27919	v1r
lemma/28428	v1r
lemma/29871	v1r
lemma/31714	v1r
lemma/32581	v1r
lemma/33141	v3r
lemma/38506	v1r
lemma/39305	v1r
lemma/39373	v3e
lemma/42242	v1r
lemma/43986	v1d
lemma/46275	v1r
lemma/46476	v1r
lemma/46527	v1r
lemma/46591	v3r
lemma/46790	v1r
lemma/48752	v1r
lemma/50379	v1r
lemma/53699	v1r
lemma/56115	v3r
lemma/59470	v1r
lemma/59571	v1r
lemma/59806	v2r
lemma/62224	v1r
lemma/63728	v1r
lemma/63770	v4r
lemma/67959	v1r
lemma/68915	v1r
lemma/69658	v1r
lemma/71980	v1r
lemma/73966	v4r
lemma/74299	v4r
lemma/76170	v1r
lemma/83947	v4r
lemma/84549	v1r
lemma/87869	v1r
lemma/90180	v3r
lemma/90338	v1r
lemma/91495	v1d
lemma/92547	v2r
lemma/92548	v3r
lemma/93265	v1d
lemma/94098	v3r
lemma/95136	v1r
lemma/96002	v1r
lemma/96054	v1r
lemma/97253	v1r
lemma/97947	v2r
lemma/98337	v1r
lemma/99663	v1r
lemma/99909	v1r
lemma/100752	v3r
lemma/100841	v1r
lemma/104224	v1r
lemma/104741	v4r
lemma/107670	v3r
lemma/108500	v3r
lemma/109078	v3r
lemma/110558	v1r
lemma/113282	v5r
lemma/113514	v1r
lemma/114175	v1r
lemma/114358	v3r
lemma/115100	v3r
lemma/116343	v3r
lemma/117860	v5r
lemma/119007	v3r
lemma/119042	v4d
lemma/122437	v3r
lemma/122788	v6r
lemma/124200	v1r
lemma/125088	v1r
lemma/126641	v2r
lemma/126980	v3r
lemma/129115	v1r
lemma/130640	v1r
lemma/132338	v1r
lemma/136218	v1d
lemma/136286	v3r
lemma/136451	v1r
lemma/137953	v3r
lemma/138518	v1r
lemma/26843	v1r
lemma/27481	v1r
lemma/27761	v1r
lemma/29806	v1r
lemma/30671	v1r
lemma/34969	v1r
lemma/42188	v1r
lemma/47776	v3d
lemma/48846	v1r
lemma/48917	v1r
lemma/49663	v1r
lemma/50839	v1r
lemma/51348	v1r
lemma/52077	v1r
lemma/53643	v4r
lemma/56003	v1r
lemma/56027	v1r
lemma/57669	v1r
lemma/59296	v1r
lemma/59347	v1r
lemma/65136	v1r
lemma/66054	v1r
lemma/66978	v2r
lemma/73627	v1r
lemma/73746	v1r
lemma/81634	v3r
lemma/83065	v1r
lemma/83205	v1r
lemma/83222	v1r
lemma/83518	v2r
lemma/83933	v1r
lemma/87158	v3r
lemma/88680	v1d
lemma/89240	v3d
lemma/89241	v3r
lemma/89451	v5r
lemma/93199	v5r
lemma/94219	v6r
lemma/95545	v3r
lemma/96099	v1r
lemma/97046	v3r
lemma/97954	v1r
lemma/98230	v1r
lemma/98376	v1r
lemma/98915	v1r
lemma/98954	v3r
lemma/99793	v1r
lemma/100293	v1r
lemma/101670	v3r
lemma/101721	v3r
lemma/101853	v3r
lemma/102287	v3r
lemma/102338	v1r
lemma/103114	v4r
lemma/103320	v4r
lemma/103370	v2r
lemma/103420	v1r
lemma/104022	v3d
lemma/104023	v3r
lemma/106274	v1r
lemma/108513	v3r
lemma/108794	v1r
lemma/109471	v1r
lemma/112773	v1r
lemma/113089	v1r
lemma/114302	v1d
lemma/114438	v5r
lemma/114818	v3r
lemma/116892	v3r
lemma/120386	v1r
lemma/122674	v3r
lemma/122681	v1r
lemma/122732	v2r
lemma/123732	v4r
lemma/126601	v5r
lemma/126612	v1r
lemma/127229	v1r
lemma/127577	v1r
lemma/128639	v3r
lemma/137505	v1r
lemma/141772	v1r
lemma/26107	v3r
lemma/26435	v1r
lemma/27404	v1r
lemma/27445	v1r
lemma/29296	v1r
lemma/31266	v1r
lemma/31423	v1r
lemma/34484	v1r
lemma/35406	v1r
lemma/44892	v1r
lemma/45503	v1r
lemma/46099	v1r
lemma/46370	v1r
lemma/46477	v1r
lemma/46506	v1r
lemma/47332	v3r
lemma/47395	v1r
lemma/47446	v1r
lemma/49389	v1r
lemma/50224	v1r
lemma/50441	v3r
lemma/50905	v1r
lemma/51241	v1r
lemma/52726	v3r
lemma/53235	v4r
lemma/56436	v1r
lemma/58714	v1r
lemma/60180	v1r
lemma/65880	v3e
lemma/72952	v3r
lemma/73807	v4r
lemma/75861	v1r
lemma/76830	v1r
lemma/86900	v1r
lemma/87570	v2r
lemma/87640	v1r
lemma/88788	v1r
lemma/93267	v1d
lemma/94628	v1r
lemma/94884	v3r
lemma/95576	v1r
lemma/97111	v4r
lemma/97948	v1r
lemma/98287	v5r
lemma/98338	v4r
lemma/99467	v1r
lemma/99664	v3r
lemma/101788	v1r
lemma/101829	v5r
lemma/102747	v1d
lemma/102986	v4d
lemma/104694	v4r
lemma/105355	v1r
lemma/108871	v1r
lemma/110780	v1r
lemma/111856	v1r
lemma/111857	v3r
lemma/113283	v5r
lemma/114176	v1d
lemma/115101	v3r
lemma/117047	v1r
lemma/117074	v2r
lemma/117861	v6r
lemma/118886	v6r
lemma/119038	v1d
lemma/119043	v4r
lemma/119730	v5r
lemma/119906	v1r
lemma/122819	v1r
lemma/126315	v1r
lemma/126946	v3r
lemma/128165	v1r
lemma/134583	v1r
lemma/136219	v1r
lemma/141800	v1r
lemma/26369	v4r
lemma/26473	v3r
lemma/26495	v1r
lemma/29423	v1r
lemma/29807	v1r
lemma/31200	v1r
lemma/32174	v1r
lemma/34909	v1r
lemma/40601	v1r
lemma/46979	v1r
lemma/52970	v1r
lemma/73209	v1d
lemma/74127	v4r
lemma/75969	v1d
lemma/76371	v1r
lemma/76403	v3r
lemma/83934	v1r
lemma/89473	v1r
lemma/90993	v5r
lemma/91150	v1r
lemma/92144	v1r
lemma/93144	v1r
lemma/93159	v1r
lemma/94840	v1r
lemma/96464	v3r
lemma/98180	v1r
lemma/98231	v1r
lemma/98696	v3r
lemma/98700	v6r
lemma/100345	v6r
lemma/100381	v2r
lemma/101387	v3d
lemma/101388	v3r
lemma/101671	v3r
lemma/101722	v1r
lemma/102339	v3r
lemma/103371	v3r
lemma/103421	v1r
lemma/103716	v1r
lemma/103717	v2r
lemma/105769	v1r
lemma/106168	v1r
lemma/106277	v3r
lemma/112260	v3r
lemma/113568	v1r
lemma/114303	v1
lemma/116127	v5r
lemma/116671	v3r
lemma/117504	v1r
lemma/118755	v3r
lemma/119342	v3r
lemma/119375	v1r
lemma/119396	v1r
lemma/120387	v6r
lemma/122682	v3r
lemma/122698	v3r
lemma/122733	v2r
lemma/125779	v1d
lemma/126005	v1r
lemma/126613	v1r
lemma/127996	v1d
lemma/127997	v1r
lemma/128640	v3d
lemma/128890	v1r
lemma/130805	v2r
lemma/134992	v1r
lemma/137579	v1r
lemma/26111	v4r
lemma/26436	v1r
lemma/27376	v4r
lemma/27549	v1r
lemma/32583	v1r
lemma/32950	v1r
lemma/43510	v3r
lemma/43589	v1r
lemma/45453	v7e
lemma/46422	v1r
lemma/50418	v1r
lemma/50682	v3r
lemma/52211	v1r
lemma/58056	v1r
lemma/58796	v1r
lemma/58839	v1r
lemma/59128	v1r
lemma/59319	v1r
lemma/63252	v1d
lemma/64986	v3r
lemma/67477	v3e
lemma/67489	v1r
lemma/67790	v3r
lemma/70660	v1r
lemma/73618	v7e
lemma/75531	v3r
lemma/79283	v3r
lemma/81192	v1r
lemma/82450	v1r
lemma/83393	v1r
lemma/83475	v3r
lemma/83526	v3r
lemma/85821	v3r
lemma/87571	v4r
lemma/90641	v4r
lemma/93547	v3r
lemma/94062	v1d
lemma/94063	v1r
lemma/94113	v1r
lemma/94299	v1r
lemma/95199	v1r
lemma/95341	v2r
lemma/95616	v1r
lemma/95971	v3r
lemma/97189	v1r
lemma/97949	v1r
lemma/98339	v3r
lemma/100754	v1r
lemma/101174	v1r
lemma/101779	v1r
lemma/101789	v2r
lemma/102130	v6r
lemma/102156	v6r
lemma/102748	v1r
lemma/102985	v2d
lemma/108055	v4r
lemma/108126	v3r
lemma/108657	v1r
lemma/109191	v3r
lemma/110832	v1r
lemma/110939	v3r
lemma/113284	v3r
lemma/115102	v3r
lemma/116485	v1r
lemma/117048	v5r
lemma/117075	v4d
lemma/117862	v1r
lemma/119839	v2r
lemma/119856	v1r
lemma/122387	v1r
lemma/122466	v4r
lemma/123485	v1r
lemma/126947	v4r
lemma/126982	v1d
lemma/129859	v1r
lemma/135144	v1r
lemma/141765	v2r
lemma/141801	v3r
lemma/27683	v1r
lemma/28323	v1r
lemma/28941	v3r
lemma/30060	v1r
lemma/30697	v2r
lemma/30981	v1r
lemma/37841	v1r
lemma/46831	v1r
lemma/48855	v1r
lemma/49921	v1r
lemma/50433	v1r
lemma/50616	v1r
lemma/51299	v1r
lemma/54035	v1r
lemma/54765	v4r
lemma/55877	v1r
lemma/61797	v1r
lemma/67898	v1r
lemma/67949	v2r
lemma/69376	v1r
lemma/71557	v1r
lemma/73052	v3r
lemma/73651	v5r
lemma/75682	v3r
lemma/75726	v1r
lemma/81155	v1r
lemma/82228	v3r
lemma/82982	v1d
lemma/83067	v3r
lemma/83935	v1r
lemma/84171	v1r
lemma/89191	v5d
lemma/89233	v1r
lemma/89242	v1r
lemma/90854	v1r
lemma/91718	v1r
lemma/98181	v2e
lemma/98921	v1r
lemma/98956	v1r
lemma/99037	v2r
lemma/100346	v6r
lemma/100740	v3d
lemma/101723	v3r
lemma/103981	v3r
lemma/105770	v1r
lemma/106276	v2r
lemma/107632	v1r
lemma/108095	v1r
lemma/108753	v3r
lemma/110756	v1r
lemma/114304	v1r
lemma/114469	v1r
lemma/116694	v3r
lemma/116894	v1d
lemma/119344	v3r
lemma/119448	v1r
lemma/122683	v1r
lemma/122734	v3r
lemma/122990	v2r
lemma/123759	v1d
lemma/124163	v1r
lemma/125237	v3r
lemma/126008	v3r
lemma/127381	v1r
lemma/129250	v1r
lemma/136522	v1r
lemma/138000	v3r
lemma/142198	v1r
lemma/27406	v1r
lemma/28732	v1r
lemma/29298	v1r
lemma/31201	v1r
lemma/32209	v1r
lemma/32635	v1r
lemma/34169	v4r
lemma/42951	v1r
lemma/43159	v1r
lemma/43511	v1r
lemma/44077	v1r
lemma/44450	v1r
lemma/46423	v3r
lemma/46849	v1r
lemma/46890	v4r
lemma/47301	v1r
lemma/48008	v1r
lemma/48825	v3r
lemma/49692	v1r
lemma/52561	v1r
lemma/54444	v3r
lemma/57470	v3r
lemma/58682	v1r
lemma/59242	v1r
lemma/59477	v1r
lemma/59949	v1r
lemma/62227	v1r
lemma/63115	v3e
lemma/63742	v1r
lemma/63797	v4r
lemma/64905	v1r
lemma/65878	v1r
lemma/66000	v1r
lemma/67472	v1r
lemma/70762	v3r
lemma/72851	v3r
lemma/75350	v2r
lemma/75660	v1r
lemma/75914	v1r
lemma/76052	v1r
lemma/78775	v1r
lemma/84853	v1r
lemma/85878	v1r
lemma/86847	v2r
lemma/87356	v3r
lemma/87573	v1d
lemma/87574	v1r
lemma/87899	v1r
lemma/92120	v1r
lemma/92550	v1r
lemma/93122	v1r
lemma/93554	v1r
lemma/94114	v1r
lemma/94300	v4r
lemma/94423	v3r
lemma/95956	v1r
lemma/95962	v1d
lemma/95972	v3r
lemma/96007	v1d
lemma/96008	v1r
lemma/96925	v3r
lemma/98679	v3r
lemma/99666	v5r
lemma/100755	v1r
lemma/101756	v1r
lemma/101790	v3r
lemma/103655	v1r
lemma/105714	v1r
lemma/110782	v1r
lemma/112120	v1r
lemma/113285	v1r
lemma/113286	v3r
lemma/115103	v3r
lemma/116945	v2r
lemma/118939	v1r
lemma/119290	v3r
lemma/119908	v1r
lemma/122438	v3r
lemma/122467	v3r
lemma/124621	v1r
lemma/126948	v3r
lemma/126972	v3r
lemma/127073	v3r
lemma/129118	v1d
lemma/129119	v1r
lemma/130564	v1r
lemma/133667	v4r
lemma/136454	v1r
lemma/26438	v3r
lemma/27392	v1r
lemma/27499	v1r
lemma/29070	v1r
lemma/30233	v1r
lemma/30427	v3r
lemma/30859	v1r
lemma/31187	v1r
lemma/31202	v1r
lemma/31601	v1r
lemma/37842	v4r
lemma/39349	v1r
lemma/41166	v1r
lemma/47341	v5r
lemma/47795	v1r
lemma/48778	v1r
lemma/49246	v1r
lemma/53130	v1r
lemma/56512	v1r
lemma/58895	v1r
lemma/60550	v1r
lemma/66108	v3r
lemma/67899	v1r
lemma/73582	v1r
lemma/74895	v3r
lemma/76373	v4r
lemma/77600	v1r
lemma/79744	v1r
lemma/82546	v4r
lemma/83420	v5r
lemma/84394	v1r
lemma/85350	v3r
lemma/86740	v1r
lemma/87159	v3r
lemma/89192	v2r
lemma/89234	v1d
lemma/89243	v1r
lemma/94523	v1r
lemma/94786	v3r
lemma/95390	v3r
lemma/95441	v1r
lemma/96376	v1d
lemma/96466	v1r
lemma/97956	v1d
lemma/97957	v1r
lemma/98295	v3r
lemma/98698	v3r
lemma/98749	v1r
lemma/98955	v3r
lemma/99795	v2r
lemma/101724	v1r
lemma/102065	v1r
lemma/106278	v1d
lemma/107956	v1r
lemma/108066	v1r
lemma/108516	v3d
lemma/108691	v1r
lemma/109036	v2r
lemma/109037	v3r
lemma/110020	v1r
lemma/112827	v4r
lemma/114305	v3r
lemma/114439	v3r
lemma/114470	v3r
lemma/116696	v3r
lemma/116895	v3r
lemma/117455	v1r
lemma/118781	v1r
lemma/119343	v2r
lemma/120742	v4r
lemma/122675	v3r
lemma/122684	v3r
lemma/122735	v1r
lemma/122763	v1r
lemma/125825	v2r
lemma/125826	v3r
lemma/126009	v4d
lemma/126602	v3r
lemma/128611	v1r
lemma/129011	v1r
lemma/129476	v3r
lemma/131073	v1r
lemma/134177	v1r
lemma/136523	v1d
lemma/137548	v2r
lemma/138001	v3r
lemma/26847	v4r
lemma/27407	v1d
lemma/27537	v1r
lemma/29580	v4r
lemma/31152	v1r
lemma/32045	v1r
lemma/32585	v1r
lemma/32636	v1r
lemma/32917	v1r
lemma/33021	v1r
lemma/37434	v1r
lemma/38760	v1r
lemma/38993	v3e
lemma/43512	v1d
lemma/46424	v2r
lemma/50684	v1r
lemma/50735	v1r
lemma/56744	v1r
lemma/59078	v1r
lemma/67846	v1r
lemma/68219	v1r
lemma/68868	v1r
lemma/70819	v1r
lemma/74309	v1r
lemma/75560	v1r
lemma/75908	v1r
lemma/76016	v2r
lemma/80276	v1r
lemma/83528	v1r
lemma/85909	v1r
lemma/86848	v3r
lemma/87357	v1r
lemma/88326	v1r
lemma/94115	v4r
lemma/94422	v2r
lemma/95850	v2r
lemma/95890	v1r
lemma/96410	v1r
lemma/99667	v3r
lemma/100756	v4d
lemma/102157	v1r
lemma/103560	v2r
lemma/104752	v1r
lemma/105362	v1r
lemma/106472	v1r
lemma/106551	v4d
lemma/106552	v4r
lemma/106880	v1r
lemma/106931	v1r
lemma/108057	v4r
lemma/108419	v3r
lemma/109026	v4r
lemma/110561	v3r
lemma/111527	v5r
lemma/112121	v3r
lemma/112996	v1r
lemma/114714	v1r
lemma/115104	v3r
lemma/117766	v1r
lemma/119291	v3r
lemma/119789	v1r
lemma/120212	v1r
lemma/122439	v3r
lemma/122468	v3r
lemma/126156	v1r
lemma/126949	v2r
lemma/126973	v3r
lemma/127125	v3r
lemma/128451	v5r
lemma/129298	v1r
lemma/136064	v1r
lemma/137401	v1r
lemma/138517	v5r
lemma/138523	v1r
lemma/141803	v1d
lemma/26640	v4r
lemma/27300	v1r
lemma/27398	v1r
lemma/31279	v1r
lemma/39270	v1r
lemma/43569	v4r
lemma/46869	v1r
lemma/46889	v3r
lemma/47342	v1r
lemma/47675	v1r
lemma/47858	v1r
lemma/48848	v4r
lemma/50687	v1r
lemma/51194	v4r
lemma/52571	v5r
lemma/52622	v4r
lemma/69718	v1r
lemma/72953	v1r
lemma/75353	v1r
lemma/76127	v1r
lemma/76227	v1r
lemma/78368	v1r
lemma/79649	v1r
lemma/82163	v1r
lemma/84446	v1r
lemma/87200	v1r
lemma/90644	v1r
lemma/94473	v1r
lemma/94787	v1r
lemma/94842	v1r
lemma/95442	v5r
lemma/95932	v3d
lemma/97049	v3r
lemma/98299	v1r
lemma/98644	v4r
lemma/100701	v2r
lemma/101883	v1r
lemma/102103	v4d
lemma/103203	v1r
lemma/103719	v2r
lemma/106790	v1r
lemma/106814	v4r
lemma/108001	v3r
lemma/108067	v4r
lemma/108692	v2r
lemma/109968	v4r
lemma/110426	v1r
lemma/113033	v3r
lemma/113092	v1d
lemma/113093	v1r
lemma/115233	v1r
lemma/116079	v2
lemma/116672	v1r
lemma/117303	v3d
lemma/118756	v2r
lemma/118757	v3r
lemma/118782	v3r
lemma/118789	v1r
lemma/118833	v3r
lemma/119751	v3r
lemma/122676	v1r
lemma/122685	v1r
lemma/122699	v1r
lemma/122736	v5r
lemma/125755	v1d
lemma/126208	v1r
lemma/126616	v1r
lemma/129012	v1r
lemma/129255	v1r
lemma/131074	v1r
lemma/134229	v1r
lemma/137510	v6r
lemma/138002	v3r
lemma/27447	v4r
lemma/29929	v1r
lemma/33146	v1r
lemma/35957	v1r
lemma/37435	v1r
lemma/38162	v1r
lemma/41060	v1r
lemma/43105	v1r
lemma/45483	v2d
lemma/46427	v3r
lemma/47751	v3r
lemma/48693	v5r
lemma/52980	v1r
lemma/53081	v1d
lemma/55823	v1r
lemma/56741	v1r
lemma/57250	v1r
lemma/59146	v1r
lemma/62412	v3e
lemma/78777	v1r
lemma/84855	v3r
lemma/85527	v1r
lemma/86289	v1r
lemma/87118	v4r
lemma/89653	v1d
lemma/89654	v1r
lemma/90185	v3r
lemma/90236	v1r
lemma/91987	v3r
lemma/93270	v1d
lemma/93271	v1r
lemma/94116	v6r
lemma/94270	v1r
lemma/94424	v1r
lemma/95582	v3r
lemma/95617	v1r
lemma/95851	v3r
lemma/95958	v3d
lemma/96281	v2r
lemma/96360	v3r
lemma/96411	v1r
lemma/98267	v6r
lemma/98571	v5d
lemma/98922	v3r
lemma/98958	v1r
lemma/99512	v3r
lemma/101175	v1r
lemma/102320	v1r
lemma/104229	v3r
lemma/104700	v1r
lemma/106207	v1r
lemma/107850	v1r
lemma/108109	v1r
lemma/109143	v1d
lemma/110784	v3r
lemma/113287	v6r
lemma/114180	v1r
lemma/114821	v4r
lemma/115105	v4d
lemma/116840	v1r
lemma/117400	v2r
lemma/117865	v1r
lemma/119859	v2r
lemma/122388	v2r
lemma/122440	v1r
lemma/123486	v5r
lemma/126950	v3r
lemma/126974	v3r
lemma/126983	v2r
lemma/127075	v2r
lemma/128452	v2r
lemma/129632	v1d
lemma/129633	v1r
lemma/129862	v1d
lemma/130433	v1r
lemma/131420	v3r
lemma/136065	v3r
lemma/141759	v1r
lemma/27250	v3e
lemma/27301	v1r
lemma/27525	v1r
lemma/28326	v1r
lemma/29910	v1r
lemma/31204	v1r
lemma/31277	v1r
lemma/32178	v1r
lemma/32530	v1r
lemma/32995	v7e
lemma/35033	v1r
lemma/46411	v1r
lemma/47124	v1r
lemma/47318	v1r
lemma/47859	v4r
lemma/48419	v3r
lemma/49319	v1r
lemma/49337	v1r
lemma/50380	v1r
lemma/54345	v1r
lemma/59653	v1r
lemma/59873	v3r
lemma/60401	v1r
lemma/60593	v1r
lemma/61176	v1r
lemma/63233	v1r
lemma/65391	v1r
lemma/66059	v1r
lemma/68320	v4r
lemma/74304	v4r
lemma/76053	v3r
lemma/76375	v4r
lemma/77165	v1r
lemma/81706	v1r
lemma/82995	v3r
lemma/83371	v1r
lemma/83938	v1r
lemma/84552	v1r
lemma/85416	v1d
lemma/88685	v1r
lemma/88713	v4d
lemma/89485	v1r
lemma/91924	v1d
lemma/91925	v1r
lemma/92179	v3r
lemma/92531	v1r
lemma/93166	v6r
lemma/94843	v2e
lemma/95443	v5r
lemma/95898	v1d
lemma/97052	v1r
lemma/98648	v3r
lemma/98880	v3r
lemma/99038	v1r
lemma/99364	v3r
lemma/99970	v1r
lemma/100349	v3r
lemma/100650	v3r
lemma/100742	v1r
lemma/102593	v3r
lemma/103657	v1r
lemma/108096	v3r
lemma/108518	v2r
lemma/108693	v3r
lemma/109868	v1r
lemma/110078	v1r
lemma/113180	v1d
lemma/113181	v1r
lemma/114200	v1r
lemma/117457	v3r
lemma/118708	v3r
lemma/118790	v1r
lemma/122686	v1r
lemma/122700	v3r
lemma/122737	v1r
lemma/122992	v1d
lemma/126679	v4r
lemma/130191	v1r
lemma/136156	v1
lemma/137586	v1r
lemma/138003	v1r
lemma/26333	v1r
lemma/28183	v1r
lemma/29991	v1r
lemma/32898	v1r
lemma/39331	v1r
lemma/43055	v1r
lemma/43603	v3r
lemma/43979	v3r
lemma/46534	v1r
lemma/47344	v1r
lemma/47752	v1r
lemma/49762	v1r
lemma/57082	v1r
lemma/57302	v1r
lemma/59321	v3r
lemma/62697	v3r
lemma/63816	v1r
lemma/74899	v3r
lemma/75458	v1r
lemma/75810	v3r
lemma/76647	v1r
lemma/77344	v1r
lemma/77830	v1r
lemma/79287	v1r
lemma/82129	v1r
lemma/82778	v1r
lemma/83402	v1r
lemma/91988	v4r
lemma/92554	v1r
lemma/94117	v3r
lemma/94271	v3r
lemma/94426	v1r
lemma/95976	v4r
lemma/96282	v3r
lemma/96330	v3r
lemma/98593	v1r
lemma/98929	v1r
lemma/99513	v1r
lemma/102185	v1d
lemma/102236	v1r
lemma/102321	v1r
lemma/105678	v4d
lemma/105679	v5d
lemma/107034	v1r
lemma/107902	v1r
lemma/110446	v1d
lemma/113288	v6r
lemma/114182	v1r
lemma/115106	v1r
lemma/116404	v1r
lemma/116841	v3r
lemma/117049	v3r
lemma/117401	v3r
lemma/122360	v3r
lemma/122389	v3r
lemma/122441	v3r
lemma/122630	v1r
lemma/122649	v1r
lemma/122668	v1r
lemma/122867	v3r
lemma/124766	v1r
lemma/125343	v3r
lemma/126984	v3r
lemma/127076	v3r
lemma/130192	v3r
lemma/130651	v1r
lemma/131268	v5r
lemma/137348	v1r
lemma/27220	v1r
lemma/28849	v1r
lemma/28890	v1r
lemma/29318	v1r
lemma/31205	v2r
lemma/32179	v3r
lemma/33579	v1r
lemma/35851	v1r
lemma/37877	v1r
lemma/41530	v3r
lemma/44841	v1r
lemma/46018	v1r
lemma/46174	v1r
lemma/48375	v1r
lemma/53527	v1r
lemma/53649	v4r
lemma/54763	v1r
lemma/56259	v1r
lemma/57359	v1r
lemma/59334	v1r
lemma/59654	v1r
lemma/61614	v4r
lemma/62149	v1r
lemma/75402	v1r
lemma/75434	v1r
lemma/77664	v1r
lemma/77804	v1r
lemma/81455	v1d
lemma/82573	v3r
lemma/85450	v1r
lemma/86051	v1r
lemma/87162	v1r
lemma/87661	v1r
lemma/87712	v1r
lemma/89321	v1r
lemma/89911	v6r
lemma/90857	v1r
lemma/93450	v1r
lemma/93951	v1r
lemma/98236	v3r
lemma/99832	v2r
lemma/99971	v2r
lemma/100651	v3r
lemma/100703	v1r
lemma/102067	v3r
lemma/102390	v3r
lemma/103117	v1r
lemma/103205	v1r
lemma/104072	v3r
lemma/104940	v4r
lemma/105965	v4r
lemma/106020	v1d
lemma/106021	v1r
lemma/107521	v1r
lemma/107959	v3r
lemma/108519	v1r
lemma/108820	v1r
lemma/113748	v1d
lemma/114201	v3r
lemma/114473	v1r
lemma/114652	v2r
lemma/117225	v4r
lemma/117810	v3r
lemma/118784	v3r
lemma/121597	v1r
lemma/122408	v3d
lemma/122687	v3r
lemma/122738	v2r
lemma/122778	v1r
lemma/124014	v1r
lemma/126210	v3r
lemma/126604	v1r
lemma/129780	v1d
lemma/129781	v1r
lemma/130243	v1r
lemma/138004	v3r
lemma/139981	v1r
lemma/26799	v1r
lemma/27309	v5r
lemma/32072	v1r
lemma/39681	v1r
lemma/43924	v1r
lemma/45128	v1r
lemma/45379	v1r
lemma/46376	v1r
lemma/47753	v1r
lemma/48451	v3r
lemma/48702	v1r
lemma/49320	v1r
lemma/53252	v1r
lemma/56146	v1r
lemma/60201	v1r
lemma/63098	v3e
lemma/63371	v3r
lemma/65823	v4r
lemma/73516	v1r
lemma/75811	v1r
lemma/81248	v3r
lemma/82830	v1r
lemma/83015	v1r
lemma/83781	v1r
lemma/85947	v3d
lemma/88329	v1r
lemma/90238	v3r
lemma/92890	v1d
lemma/92891	v1r
lemma/94118	v3r
lemma/94234	v1r
lemma/94304	v3r
lemma/95205	v1r
lemma/95853	v1r
lemma/96288	v1r
lemma/96878	v1r
lemma/98594	v3d
lemma/99469	v2r
lemma/101143	v3r
lemma/102237	v3r
lemma/104185	v3r
lemma/104532	v3r
lemma/104753	v4r
lemma/106010	v1r
lemma/106883	v1r
lemma/107830	v1r
lemma/108424	v3r
lemma/108877	v1r
lemma/111528	v6r
lemma/115107	v3r
lemma/115122	v2r
lemma/116791	v6r
lemma/117023	v2e
lemma/117351	v3r
lemma/117918	v3r
lemma/118019	v1r
lemma/118952	v1r
lemma/119012	v1d
lemma/119045	v2r
lemma/119294	v1r
lemma/119315	v3r
lemma/119735	v3r
lemma/120218	v1r
lemma/122336	v1r
lemma/122442	v1r
lemma/122469	v4r
lemma/122580	v3r
lemma/122631	v3r
lemma/122868	v3r
lemma/126517	v3r
lemma/126951	v1r
lemma/126985	v1d
lemma/128454	v1r
lemma/129888	v1d
lemma/129889	v1r
lemma/130566	v1r
lemma/130983	v1r
lemma/134073	v1r
lemma/134589	v1r
lemma/137402	v3r
lemma/27928	v3r
lemma/30197	v2r
lemma/30860	v1r
lemma/31206	v1r
lemma/31316	v1r
lemma/32481	v1r
lemma/35800	v1r
lemma/36004	v1r
lemma/40066	v1r
lemma/43516	v1r
lemma/46836	v1r
lemma/47345	v1r
lemma/49288	v1r
lemma/50631	v1r
lemma/52625	v1r
lemma/55009	v1r
lemma/57267	v1r
lemma/59417	v1r
lemma/59706	v1r
lemma/62251	v1r
lemma/63910	v1r
lemma/65393	v1r
lemma/70355	v1r
lemma/75459	v3r
lemma/75543	v3r
lemma/75972	v1r
lemma/82217	v1d
lemma/83607	v3r
lemma/84291	v1r
lemma/87485	v1r
lemma/88767	v3d
lemma/88768	v3r
lemma/89734	v1d
lemma/90131	v1r
lemma/90596	v3r
lemma/94788	v6r
lemma/95933	v1d
lemma/96822	v1d
lemma/98201	v3r
lemma/98300	v3r
lemma/99798	v3r
lemma/103155	v1r
lemma/104026	v1d
lemma/104027	v1r
lemma/104941	v3r
lemma/106208	v4r
lemma/108004	v1r
lemma/110730	v1r
lemma/111471	v3d
lemma/111472	v3r
lemma/111485	v2r
lemma/111806	v1d
lemma/111807	v1r
lemma/112558	v1r
lemma/112673	v1r
lemma/113749	v4r
lemma/114309	v1r
lemma/115167	v3r
lemma/116673	v1r
lemma/116698	v5r
lemma/117250	v3r
lemma/119346	v1r
lemma/119754	v3d
lemma/119805	v1r
lemma/122409	v2r
lemma/122688	v1r
lemma/122739	v3r
lemma/122840	v1d
lemma/122841	v1r
lemma/124444	v1r
lemma/126213	v3r
lemma/126461	v2r
lemma/126619	v1r
lemma/127021	v3r
lemma/138005	v1r
lemma/142042	v3r
lemma/29162	v1r
lemma/32589	v1r
lemma/34593	v1r
lemma/35112	v1r
lemma/36378	v1r
lemma/37157	v1r
lemma/42764	v3r
lemma/43671	v1r
lemma/48700	v1r
lemma/49232	v1r
lemma/49748	v1r
lemma/50739	v1r
lemma/51149	v1r
lemma/57236	v1r
lemma/58390	v3r
lemma/62998	v1r
lemma/65853	v4r
lemma/67113	v4r
lemma/67235	v1r
lemma/75761	v3r
lemma/75934	v1r
lemma/76247	v1r
lemma/76321	v1r
lemma/84802	v1r
lemma/85854	v1r
lemma/87119	v5r
lemma/87254	v1r
lemma/89600	v3r
lemma/90810	v1d
lemma/90811	v1r
lemma/94068	v1r
lemma/94119	v1r
lemma/94206	v3d
lemma/94207	v3r
lemma/95037	v1d
lemma/95163	v1r
lemma/95207	v2r
lemma/95583	v1r
lemma/98595	v1r
lemma/99752	v2e
lemma/101145	v1r
lemma/102238	v3r
lemma/105558	v3r
lemma/106011	v1r
lemma/106243	v2d
lemma/107858	v1r
lemma/107904	v1r
lemma/108413	v1r
lemma/108425	v3r
lemma/108878	v3d
lemma/109280	v3r
lemma/110899	v1r
lemma/112316	v1r
lemma/114369	v4r
lemma/115709	v1r
lemma/116448	v1r
lemma/116843	v5r
lemma/117025	v1r
lemma/117352	v1r
lemma/118270	v1d
lemma/118271	v1r
lemma/118953	v2r
lemma/119282	v3r
lemma/119316	v1r
lemma/122632	v1r
lemma/122661	v1r
lemma/122869	v1r
lemma/123487	v6
lemma/124258	v1r
lemma/126473	v3r
lemma/126921	v2r
lemma/126952	v5r
lemma/130194	v1d
lemma/130195	v1r
lemma/134891	v1r
lemma/138414	v1d
lemma/141807	v1r
lemma/26693	v4r
lemma/27769	v1d
lemma/28171	v1r
lemma/28222	v1r
lemma/29196	v1r
lemma/29896	v1r
lemma/33819	v1r
lemma/44843	v1r
lemma/46270	v1r
lemma/46409	v1r
lemma/46786	v1r
lemma/46990	v1r
lemma/48281	v1r
lemma/48790	v3r
lemma/50581	v1r
lemma/52110	v6
lemma/52379	v3r
lemma/54291	v1r
lemma/57254	v1r
lemma/58631	v1r
lemma/59140	v3r
lemma/59659	v1r
lemma/60937	v1r
lemma/67887	v2r
lemma/68357	v1r
lemma/68408	v1r
lemma/75022	v1r
lemma/75686	v3r
lemma/75799	v1r
lemma/76429	v1r
lemma/85720	v1r
lemma/87487	v1r
lemma/87535	v1r
lemma/89623	v3r
lemma/89912	v2r
lemma/91208	v1d
lemma/91209	v1r
lemma/93968	v3r
lemma/95395	v1r
lemma/95899	v5d
lemma/95934	v2r
lemma/96676	v1r
lemma/98187	v1r
lemma/98850	v1r
lemma/99365	v5r
lemma/99799	v1r
lemma/100704	v3r
lemma/100745	v3r
lemma/101729	v3r
lemma/102106	v1r
lemma/102596	v3r
lemma/103930	v1r
lemma/104074	v1d
lemma/104075	v1r
lemma/104125	v3r
lemma/105099	v1r
lemma/106463	v1r
lemma/108005	v1d
lemma/108696	v1r
lemma/109080	v1r
lemma/109929	v1r
lemma/111045	v1r
lemma/113699	v3r
lemma/114203	v1r
lemma/116255	v1d
lemma/117251	v3r
lemma/118730	v3r
lemma/119354	v3d
lemma/119355	v3r
lemma/119379	v1r
lemma/122410	v1r
lemma/122689	v3r
lemma/124709	v1r
lemma/125493	v1r
lemma/125834	v1r
lemma/126462	v4r
lemma/127022	v1r
lemma/127538	v1r
lemma/136528	v1r
lemma/138006	v3r
lemma/141986	v2r
lemma/26285	v1r
lemma/29656	v1r
lemma/30647	v1r
lemma/32891	v1r
lemma/33673	v1r
lemma/34034	v1r
lemma/39335	v1r
lemma/42379	v1r
lemma/46429	v1r
lemma/46730	v1r
lemma/47654	v1r
lemma/49662	v1r
lemma/50689	v1r
lemma/55419	v3r
lemma/59637	v1r
lemma/60132	v1r
lemma/62441	v3r
lemma/67105	v1r
lemma/67848	v1r
lemma/70727	v1r
lemma/75282	v1r
lemma/76799	v1r
lemma/76838	v1r
lemma/82737	v1r
lemma/83017	v1r
lemma/85312	v1d
lemma/85642	v1r
lemma/86337	v4r
lemma/86853	v1r
lemma/87306	v1r
lemma/91990	v1r
lemma/92535	v1r
lemma/94069	v3r
lemma/94886	v2r
lemma/95164	v3r
lemma/95621	v4r
lemma/95855	v1r
lemma/95906	v1r
lemma/96364	v1r
lemma/96415	v1r
lemma/97509	v6r
lemma/98596	v1r
lemma/99616	v1r
lemma/99753	v1r
lemma/101179	v1r
lemma/102239	v1r
lemma/102322	v3r
lemma/102356	v3r
lemma/107860	v3r
lemma/108382	v3r
lemma/109281	v2r
lemma/114561	v1r
lemma/115002	v1r
lemma/115109	v1r
lemma/116793	v1r
lemma/117353	v1r
lemma/117404	v2r
lemma/119296	v6r
lemma/119317	v1d
lemma/122361	v1r
lemma/122390	v5r
lemma/122633	v1r
lemma/122650	v3r
lemma/122870	v1r
lemma/125136	v1r
lemma/126054	v3r
lemma/126922	v3r
lemma/128762	v3r
lemma/130476	v3r
lemma/141650	v3r
lemma/27254	v1r
lemma/27257	v1r
lemma/32652	v3d
lemma/33307	v2r
lemma/36659	v1r
lemma/42608	v1r
lemma/42769	v1r
lemma/43602	v5d
lemma/46838	v1r
lemma/49138	v1r
lemma/50450	v1r
lemma/50633	v1r
lemma/54126	v1r
lemma/54584	v1r
lemma/58581	v1r
lemma/58862	v1r
lemma/58864	v1r
lemma/60614	v2d
lemma/67690	v1r
lemma/69973	v4r
lemma/73059	v1r
lemma/75354	v1r
lemma/75405	v1r
lemma/76193	v1d
lemma/76680	v3r
lemma/79040	v1r
lemma/79344	v1r
lemma/82492	v1r
lemma/83426	v1r
lemma/83482	v3r
lemma/85238	v1r
lemma/87664	v3r
lemma/89198	v3d
lemma/90342	v3r
lemma/92127	v1r
lemma/94789	v1r
lemma/95447	v1r
lemma/96677	v3r
lemma/98205	v3r
lemma/98540	v3r
lemma/98882	v3r
lemma/100634	v1r
lemma/100668	v1r
lemma/102068	v1r
lemma/103894	v1d
lemma/103895	v1r
lemma/106370	v3r
lemma/107446	v1r
lemma/108697	v1r
lemma/108823	v3r
lemma/111415	v1r
lemma/114008	v1r
lemma/114204	v3r
lemma/117227	v1d
lemma/119655	v1r
lemma/119807	v3d
lemma/124015	v3r
lemma/124710	v1r
lemma/124957	v4r
lemma/126463	v1r
lemma/128462	v1r
lemma/128718	v3r
lemma/131215	v1r
lemma/138007	v3r
lemma/139982	v5r
lemma/26935	v1r
lemma/27663	v1r
lemma/27747	v1r
lemma/43861	v1d
lemma/43927	v1r
lemma/44330	v1r
lemma/46680	v1r
lemma/46731	v1r
lemma/47051	v3r
lemma/49933	v1r
lemma/50225	v1r
lemma/51960	v1r
lemma/52219	v1r
lemma/53086	v1r
lemma/54562	v1r
lemma/56695	v1r
lemma/58461	v1r
lemma/59198	v1r
lemma/59550	v1r
lemma/59601	v1d
lemma/60082	v1r
lemma/64635	v3r
lemma/65855	v1r
lemma/74190	v1r
lemma/75766	v1r
lemma/76323	v1r
lemma/77348	v1r
lemma/78266	v3r
lemma/78317	v1r
lemma/82831	v3r
lemma/86856	v1r
lemma/91532	v3r
lemma/92536	v3r
lemma/93878	v3r
lemma/94236	v2r
lemma/94237	v3r
lemma/94273	v3r
lemma/94707	v1r
lemma/95856	v3r
lemma/96290	v1r
lemma/96336	v3r
lemma/96365	v3r
lemma/97334	v1r
lemma/98141	v1r
lemma/98597	v1r
lemma/99101	v1r
lemma/99617	v3r
lemma/99756	v3r
lemma/103274	v1r
lemma/103985	v1r
lemma/104535	v1r
lemma/104652	v1r
lemma/105044	v2r
lemma/106830	v3r
lemma/106937	v3r
lemma/108649	v1r
lemma/109282	v3r
lemma/110451	v3r
lemma/111349	v1r
lemma/114562	v3r
lemma/115059	v1r
lemma/115123	v1r
lemma/117354	v1r
lemma/117405	v3r
lemma/119297	v5d
lemma/119705	v6r
lemma/119938	v1r
lemma/121257	v1r
lemma/122337	v1r
lemma/122362	v3r
lemma/122583	v3r
lemma/122634	v3r
lemma/122651	v1r
lemma/126215	v1r
lemma/126923	v3r
lemma/131384	v3r
lemma/137404	v1r
lemma/141651	v4r
lemma/26695	v1r
lemma/26866	v1r
lemma/27255	v1r
lemma/27306	v4r
lemma/27427	v2d
lemma/29572	v1r
lemma/31158	v1r
lemma/31209	v1r
lemma/32535	v1r
lemma/33120	v1r
lemma/33313	v2r
lemma/34478	v1r
lemma/42034	v2r
lemma/43830	v3r
lemma/46448	v1r
lemma/46715	v1r
lemma/46839	v1r
lemma/46854	v1r
lemma/47570	v1r
lemma/50435	v1r
lemma/53495	v1r
lemma/54293	v1r
lemma/58633	v1r
lemma/59056	v1r
lemma/59142	v1r
lemma/59161	v1r
lemma/59604	v1d
lemma/60491	v1r
lemma/61567	v4r
lemma/64034	v1d
lemma/64371	v1r
lemma/72959	v1r
lemma/73755	v3r
lemma/75355	v3r
lemma/75778	v1r
lemma/76661	v1r
lemma/77757	v1r
lemma/79235	v1r
lemma/82918	v3r
lemma/87665	v3r
lemma/91446	v1r
lemma/91784	v1r
lemma/94790	v3d
lemma/94831	v4r
lemma/95448	v1r
lemma/98116	v3r
lemma/98133	v1r
lemma/101573	v1r
lemma/101656	v1r
lemma/103051	v4r
lemma/106792	v1r
lemma/107447	v2r
lemma/107841	v1r
lemma/108824	v3r
lemma/109971	v1r
lemma/112986	v1r
lemma/114205	v1r
lemma/117597	v1r
lemma/118681	v3r
lemma/118710	v1r
lemma/119600	v1r
lemma/120181	v3r
lemma/122411	v3r
lemma/122817	v2r
lemma/122964	v3r
lemma/123093	v1d
lemma/123094	v1r
lemma/124714	v4r
lemma/125495	v3r
lemma/126464	v2r
lemma/127024	v3r
lemma/128526	v3r
lemma/128720	v1r
lemma/136831	v3r
lemma/138008	v2r
lemma/141988	v3r
lemma/26721	v3r
lemma/32076	v1r
lemma/37188	v1r
lemma/43928	v1r
lemma/46095	v3r
lemma/46332	v1r
lemma/46753	v1r
lemma/47757	v7e
lemma/48706	v1r
lemma/49235	v1r
lemma/51178	v4r
lemma/56180	v4r
lemma/59551	v1r
lemma/60089	v1r
lemma/60110	v1r
lemma/60134	v1r
lemma/60951	v1r
lemma/61480	v2d
lemma/65800	v1r
lemma/67283	v1r
lemma/68252	v3r
lemma/74917	v1r
lemma/75539	v1r
lemma/75815	v1r
lemma/76273	v1r
lemma/76324	v1r
lemma/79103	v1r
lemma/80227	v1r
lemma/82303	v1r
lemma/83049	v1r
lemma/87122	v1r
lemma/89552	v1r
lemma/89603	v3r
lemma/90292	v1d
lemma/95208	v2r
lemma/95290	v1r
lemma/98491	v1r
lemma/98573	v1r
lemma/98950	v1r
lemma/99019	v1r
lemma/99051	v1r
lemma/99102	v1r
lemma/100202	v1r
lemma/103511	v1d
lemma/103512	v1r
lemma/103543	v1r
lemma/103618	v1r
lemma/104536	v3r
lemma/106780	v1r
lemma/106831	v1r
lemma/107340	v2r
lemma/108650	v3r
lemma/114371	v1r
lemma/114614	v3r
lemma/115124	v3r
lemma/117355	v1r
lemma/117406	v1r
lemma/117481	v3r
lemma/118954	v1r
lemma/119298	v5r
lemma/120036	v3r
lemma/120132	v3r
lemma/121258	v1r
lemma/122339	v5r
lemma/122363	v1r
lemma/122584	v3r
lemma/122635	v1r
lemma/122652	v1r
lemma/123416	v4r
lemma/125138	v1r
lemma/125139	v3r
lemma/126475	v4r
lemma/129376	v4r
lemma/131625	v1r
lemma/132134	v2r
lemma/137360	v1r
lemma/141652	v3d
lemma/26231	v3r
lemma/26696	v1r
lemma/26747	v1r
lemma/27977	v1r
lemma/28174	v4r
lemma/32087	v1r
lemma/34201	v1r
lemma/36196	v1r
lemma/37154	v2r
lemma/43451	v1d
lemma/43821	v3r
lemma/43886	v1r
lemma/46273	v1r
lemma/46412	v1r
lemma/46800	v1r
lemma/47701	v1r
lemma/50461	v1r
lemma/54097	v1r
lemma/59508	v1d
lemma/68643	v1r
lemma/68661	v1r
lemma/70621	v1r
lemma/74161	v1r
lemma/74280	v1r
lemma/75356	v1r
lemma/75413	v1r
lemma/76382	v4r
lemma/78211	v1r
lemma/79236	v2r
lemma/79963	v1d
lemma/82063	v1r
lemma/82745	v1r
lemma/85376	v1d
lemma/87488	v1r
lemma/89144	v3r
lemma/90344	v1r
lemma/92413	v1r
lemma/95129	v4d
lemma/95398	v3r
lemma/95801	v1r
lemma/96238	v1d
lemma/96239	v1r
lemma/98115	v2r
lemma/98542	v1r
lemma/98851	v1r
lemma/99367	v1r
lemma/100362	v1r
lemma/100656	v5r
lemma/101574	v3r
lemma/101657	v1r
lemma/102083	v1r
lemma/102109	v1r
lemma/103933	v4r
lemma/105173	v1d
lemma/105505	v1r
lemma/106372	v2r
lemma/106793	v1r
lemma/110817	v1r
lemma/113130	v1d
lemma/116904	v1r
lemma/118711	v3r
lemma/118733	v3r
lemma/119610	v3r
lemma/119659	v3r
lemma/120182	v3r
lemma/120667	v1r
lemma/120698	v1r
lemma/122412	v3r
lemma/122818	v3r
lemma/124069	v3r
lemma/124471	v1r
lemma/125547	v1d
lemma/125548	v1r
lemma/126884	v1r
lemma/127025	v3r
lemma/131300	v1r
lemma/136832	v3r
lemma/138009	v2r
lemma/26288	v1r
lemma/26623	v1r
lemma/27261	v1r
lemma/29659	v4r
lemma/33282	v1r
lemma/33372	v1r
lemma/39177	v1r
lemma/44387	v1r
lemma/47539	v1r
lemma/47651	v1r
lemma/47809	v7e
lemma/51145	v1d
lemma/52987	v1r
lemma/55836	v1r
lemma/58725	v2r
lemma/58890	v1r
lemma/58992	v1r
lemma/59144	v1r
lemma/59603	v4r
lemma/60135	v1r
lemma/62430	v1r
lemma/74859	v1r
lemma/77602	v1r
lemma/78022	v1r
lemma/78738	v1r
lemma/82290	v1r
lemma/82761	v1r
lemma/85952	v1d
lemma/87125	v1r
lemma/87610	v1d
lemma/88080	v3r
lemma/90544	v1d
lemma/92354	v1r
lemma/95554	v3r
lemma/96292	v2r
lemma/96367	v1r
lemma/96418	v1r
lemma/98492	v3r
lemma/98951	v3r
lemma/99052	v3r
lemma/99619	v3r
lemma/102359	v1r
lemma/106153	v4r
lemma/110943	v2r
lemma/110944	v3r
lemma/112081	v1r
lemma/113350	v5d
lemma/113351	v5r
lemma/113647	v3r
lemma/114372	v1r
lemma/115080	v1r
lemma/116796	v6r
lemma/117356	v3r
lemma/117407	v1r
lemma/119299	v3r
lemma/119318	v3r
lemma/120183	v4r
lemma/122338	v3r
lemma/122364	v1r
lemma/122585	v1r
lemma/122636	v1r
lemma/122653	v3r
lemma/122711	v3r
lemma/125634	v1r
lemma/126108	v3r
lemma/126441	v1r
lemma/126523	v3r
lemma/126925	v3r
lemma/130198	v1r
lemma/130575	v3r
lemma/132952	v1r
lemma/134430	v3r
lemma/141653	v3r
lemma/27488	v4d
lemma/28175	v1r
lemma/29319	v1r
lemma/29603	v1r
lemma/34735	v1r
lemma/43998	v1r
lemma/44847	v1r
lemma/45565	v1r
lemma/47818	v1r
lemma/47849	v1d
lemma/48030	v1r
lemma/50453	v1r
lemma/50552	v3r
lemma/50751	v1r
lemma/51001	v1r
lemma/53497	v3r
lemma/54170	v1r
lemma/55558	v1r
lemma/59825	v1d
lemma/65291	v3r
lemma/67693	v1r
lemma/68662	v1r
lemma/81095	v1r
lemma/87202	v1r
lemma/88565	v1d
lemma/88566	v1r
lemma/92896	v3r
lemma/96260	v1r
lemma/98135	v3r
lemma/98156	v1r
lemma/98206	v2r
lemma/98883	v3r
lemma/99275	v1r
lemma/99329	v3r
lemma/99368	v1r
lemma/99461	v3r
lemma/100636	v3r
lemma/100657	v1r
lemma/100669	v3r
lemma/101110	v1r
lemma/101575	v3r
lemma/102135	v3r
lemma/103923	v5r
lemma/106991	v3r
lemma/107750	v3r
lemma/108367	v3r
lemma/108698	v3r
lemma/115028	v1d
lemma/115029	v1r
lemma/115586	v1d
lemma/115587	v1r
lemma/117229	v4d
lemma/118073	v1r
lemma/118683	v1r
lemma/118734	v3r
lemma/119611	v1d
lemma/119612	v1r
lemma/120234	v4r
lemma/120699	v1r
lemma/125839	v3r
lemma/125900	v1r
lemma/126001	v2r
lemma/126138	v3r
lemma/126466	v3r
lemma/126887	v4r
lemma/129321	v1d
lemma/129322	v1r
lemma/130658	v1r
lemma/139983	v4r
lemma/26641	v1r
lemma/29785	v1r
lemma/31053	v1d
lemma/32946	v1r
lemma/33204	v1r
lemma/42445	v1r
lemma/43414	v1r
lemma/46295	v1r
lemma/46453	v1r
lemma/46797	v1r
lemma/47652	v1r
lemma/50177	v1r
lemma/50228	v1d
lemma/51146	v4r
lemma/53636	v1r
lemma/58567	v1r
lemma/58764	v3r
lemma/59553	v4r
lemma/59916	v1r
lemma/60953	v3r
lemma/72529	v1r
lemma/73772	v3r
lemma/75082	v1r
lemma/75697	v1r
lemma/75817	v1r
lemma/76381	v1r
lemma/78621	v1r
lemma/84113	v1r
lemma/86016	v1r
lemma/87127	v1r
lemma/87560	v2r
lemma/87611	v4d
lemma/88081	v1r
lemma/88134	v3r
lemma/90545	v3r
lemma/93220	v1d
lemma/93221	v1r
lemma/94708	v3r
lemma/95512	v1r
lemma/96338	v3r
lemma/96368	v4r
lemma/96419	v3d
lemma/96420	v3r
lemma/98544	v1r
lemma/106744	v3r
lemma/107302	v1r
lemma/107832	v1r
lemma/108260	v1r
lemma/114100	v5r
lemma/114373	v1r
lemma/114565	v3r
lemma/116332	v1r
lemma/117408	v2r
lemma/117484	v3r
lemma/118634	v1r
lemma/122340	v1r
lemma/122586	v1r
lemma/122637	v1r
lemma/123374	v1d
lemma/125705	v3r
lemma/126442	v2r
lemma/126524	v3r
lemma/126843	v3r
lemma/130551	v5r
lemma/131060	v1d
lemma/136182	v1r
lemma/137405	v1r
lemma/138016	v3r
lemma/138419	v1r
lemma/141705	v3r
lemma/26749	v1r
lemma/27638	v1r
lemma/27673	v1d
lemma/29864	v4d
lemma/30544	v1r
lemma/33507	v1r
lemma/34960	v1r
lemma/38467	v1r
lemma/39580	v1r
lemma/40879	v3r
lemma/45460	v1r
lemma/46326	v3r
lemma/46860	v1r
lemma/47838	v4r
lemma/48704	v1r
lemma/48997	v1r
lemma/49065	v1r
lemma/57259	v1r
lemma/58813	v1r
lemma/59150	v1d
lemma/59863	v1r
lemma/62611	v1r
lemma/63865	v1r
lemma/67244	v1r
lemma/69984	v1r
lemma/70846	v3r
lemma/74389	v1r
lemma/78286	v1r
lemma/79131	v3r
lemma/79275	v1d
lemma/80638	v1r
lemma/82538	v1r
lemma/87719	v1r
lemma/88210	v1d
lemma/88211	v1r
lemma/90665	v1d
lemma/91785	v3r
lemma/92432	v2r
lemma/95097	v1r
lemma/95803	v1r
lemma/95830	v1r
lemma/96261	v1r
lemma/96312	v3r
lemma/98085	v1r
lemma/98496	v3d
lemma/99369	v1r
lemma/99414	v1r
lemma/100637	v3r
lemma/100658	v1d
lemma/102085	v1r
lemma/104896	v3r
lemma/106954	v3r
lemma/107802	v3r
lemma/110685	v1r
lemma/114974	v1r
lemma/116690	v1r
lemma/116741	v2r
lemma/117446	v1d
lemma/117537	v3r
lemma/118735	v5r
lemma/120566	v1r
lemma/122530	v2r
lemma/122820	v3r
lemma/122842	v1d
lemma/122965	v3r
lemma/123964	v1d
lemma/123965	v1r
lemma/124989	v1r
lemma/126139	v1r
lemma/126888	v3r
lemma/130426	v1r
lemma/136834	v4r
lemma/27287	v1d
lemma/27953	v1r
lemma/29145	v1r
lemma/33048	v3r
lemma/43264	v1r
lemma/44389	v1d
lemma/46717	v1r
lemma/46868	v4r
lemma/46926	v1r
lemma/49060	v1r
lemma/49187	v1r
lemma/49238	v1r
lemma/51183	v1r
lemma/51964	v1r
lemma/52249	v4r
lemma/52989	v1r
lemma/53958	v1r
lemma/60137	v4r
lemma/63361	v1r
lemma/66173	v1r
lemma/66346	v2r
lemma/66828	v1r
lemma/75767	v1r
lemma/76276	v3r
lemma/81475	v1r
lemma/82743	v1r
lemma/87413	v1r
lemma/90299	v1d
lemma/90300	v1r
lemma/94208	v1r
lemma/97287	v5r
lemma/97526	v2r
lemma/98545	v3r
lemma/99689	v3r
lemma/100143	v1r
lemma/100203	v1r
lemma/101168	v1r
lemma/102262	v3r
lemma/102494	v1r
lemma/103463	v3r
lemma/104283	v1r
lemma/106493	v1r
lemma/106834	v1r
lemma/107015	v1r
lemma/107859	v2r
lemma/108261	v1d
lemma/108653	v3r
lemma/108777	v3r
lemma/109803	v1r
lemma/112888	v2r
lemma/113352	v3d
lemma/116849	v1r
lemma/117358	v3r
lemma/117487	v3r
lemma/118955	v2r
lemma/120134	v1r
lemma/122341	v1d
lemma/122587	v3r
lemma/122638	v3r
lemma/123375	v1r
lemma/123424	v1r
lemma/125958	v1r
lemma/126059	v3r
lemma/126360	v3r
lemma/126443	v1r
lemma/126844	v3r
lemma/127230	v1r
lemma/130552	v2r
lemma/130944	v3r
lemma/137997	v3r
lemma/141706	v2r
lemma/27152	v1d
lemma/27155	v3r
lemma/27203	v1r
lemma/27879	v1r
lemma/28177	v1r
lemma/28228	v1r
lemma/29006	v1r
lemma/32023	v1r
lemma/40689	v1d
lemma/41013	v1r
lemma/43824	v1r
lemma/46486	v1r
lemma/46804	v1r
lemma/48622	v1r
lemma/50599	v3r
lemma/58637	v1r
lemma/59587	v1r
lemma/62250	v1r
lemma/69683	v3r
lemma/69871	v1d
lemma/72014	v1r
lemma/75359	v1r
lemma/76719	v1r
lemma/81500	v1r
lemma/83681	v1r
lemma/84298	v1r
lemma/87190	v1r
lemma/89053	v1r
lemma/89375	v3r
lemma/89626	v1r
lemma/90138	v1r
lemma/92283	v1r
lemma/92414	v1r
lemma/92433	v3r
lemma/93458	v1r
lemma/94175	v3d
lemma/95833	v5r
lemma/98086	v1r
lemma/98505	v1d
lemma/98506	v1r
lemma/98852	v1r
lemma/99370	v3r
lemma/99463	v3r
lemma/100603	v1r
lemma/100659	v1r
lemma/101045	v4r
lemma/101061	v1r
lemma/101992	v1r
lemma/102033	v1d
lemma/102034	v1r
lemma/102137	v1r
lemma/103938	v3r
lemma/105577	v1r
lemma/108033	v6
lemma/108369	v1r
lemma/108721	v3r
lemma/109695	v1r
lemma/109935	v1r
lemma/114510	v3r
lemma/116742	v1r
lemma/117390	v5r
lemma/118685	v1r
lemma/118898	v1r
lemma/119210	v2r
lemma/122480	v4r
lemma/122531	v3r
lemma/122843	v1r
lemma/124474	v3r
lemma/125211	v4d
lemma/125212	v4r
lemma/126176	v1r
lemma/126480	v1r
lemma/126820	v1r
lemma/127028	v1r
lemma/127911	v3r
lemma/129685	v3r
lemma/130961	v1r
lemma/134790	v1r
lemma/136784	v1r
lemma/136835	v4r
lemma/141992	v4d
lemma/26459	v1r
lemma/26643	v1d
lemma/27478	v1r
lemma/28070	v3
lemma/28349	v3r
lemma/31800	v1r
lemma/35344	v1r
lemma/42039	v1r
lemma/46356	v1r
lemma/46736	v1r
lemma/50283	v2r
lemma/53443	v1r
lemma/56569	v1r
lemma/58515	v1r
lemma/58995	v3r
lemma/68307	v1r
lemma/69593	v1r
lemma/72121	v1r
lemma/75252	v1r
lemma/75382	v1r
lemma/75819	v1r
lemma/76277	v1r
lemma/77246	v1r
lemma/80240	v1r
lemma/85336	v1r
lemma/85525	v1r
lemma/89607	v1r
lemma/93546	v3r
lemma/95294	v1r
lemma/97288	v1r
lemma/97339	v1r
lemma/98814	v1r
lemma/99055	v1r
lemma/99690	v5r
lemma/100093	v3r
lemma/101169	v3r
lemma/102263	v1r
lemma/102495	v3r
lemma/103464	v1r
lemma/104110	v1r
lemma/104841	v4r
lemma/110902	v1d
lemma/110903	v1r
lemma/113598	v1d
lemma/113878	v1r
lemma/114192	v4r
lemma/114331	v3r
lemma/115087	v1d
lemma/115088	v1r
lemma/115496	v1r
lemma/115825	v3r
lemma/116283	v1r
lemma/118956	v5r
lemma/121614	v3r
lemma/122365	v3r
lemma/122481	v3r
lemma/122588	v2r
lemma/122598	v1r
lemma/122639	v1r
lemma/122654	v1r
lemma/125650	v1r
lemma/126361	v4r
lemma/126845	v3r
lemma/127332	v2d
lemma/130553	v3r
lemma/136808	v1r
lemma/141656	v1r
lemma/27204	v3r
lemma/27475	v1d
lemma/43783	v2r
lemma/44405	v1r
lemma/46122	v1r
lemma/47705	v3e
lemma/48047	v1r
lemma/49541	v1r
lemma/50588	v1r
lemma/51004	v1r
lemma/51041	v1r
lemma/51070	v1d
lemma/51557	v1r
lemma/53038	v4r
lemma/54191	v1r
lemma/56004	v1r
lemma/58874	v1r
lemma/58954	v1r
lemma/64715	v1r
lemma/65568	v1d
lemma/67302	v3r
lemma/69174	v1r
lemma/69225	v1r
lemma/70508	v1r
lemma/71939	v1r
lemma/75712	v1r
lemma/75791	v1r
lemma/85456	v1r
lemma/86872	v3r
lemma/91686	v1r
lemma/92358	v2r
lemma/94649	v4r
lemma/95836	v4r
lemma/95866	v3r
lemma/96314	v1e
lemma/99515	v1r
lemma/100062	v1r
lemma/100670	v3r
lemma/101930	v1r
lemma/102087	v1r
lemma/103126	v6r
lemma/103936	v2r
lemma/103937	v3r
lemma/104389	v3r
lemma/104898	v1r
lemma/106281	v1r
lemma/106955	v3r
lemma/107753	v1r
lemma/108324	v1r
lemma/109696	v1r
lemma/114460	v1r
lemma/116743	v1d
lemma/118686	v4r
lemma/121155	v1d
lemma/122532	v1r
lemma/122844	v1r
lemma/123149	v1r
lemma/126770	v1r
lemma/126821	v5r
lemma/127111	v5r
lemma/127795	v1r
lemma/128357	v3r
lemma/129273	v1r
lemma/141600	v1
lemma/142043	v1e
lemma/27313	v1d
lemma/34195	v1r
lemma/37105	v1r
lemma/37301	v1r
lemma/38716	v1r
lemma/39366	v4r
lemma/43417	v3d
lemma/46221	v1r
lemma/46961	v1r
lemma/47655	v1r
lemma/47706	v1r
lemma/47993	v1r
lemma/48981	v1r
lemma/53920	v3e
lemma/56061	v1d
lemma/58996	v1r
lemma/59500	v1r
lemma/64785	v1r
lemma/65813	v2r
lemma/73826	v1d
lemma/74087	v1r
lemma/75253	v1r
lemma/75473	v1r
lemma/76003	v1r
lemma/84243	v1r
lemma/88082	v5d
lemma/88083	v5r
lemma/88674	v4r
lemma/89509	v1r
lemma/89581	v3r
lemma/90301	v3r
lemma/90548	v1r
lemma/91673	v3r
lemma/92792	v1r
lemma/94238	v1r
lemma/94746	v2r
lemma/97596	v4r
lemma/98781	v3r
lemma/99056	v3r
lemma/99641	v3r
lemma/99727	v1d
lemma/99728	v1r
lemma/99841	v2e
lemma/99924	v3r
lemma/100094	v4r
lemma/102440	v3r
lemma/102496	v2r
lemma/105459	v1r
lemma/106785	v2r
lemma/107262	v2r
lemma/108779	v3r
lemma/110631	v1r
lemma/114374	v1r
lemma/116874	v5r
lemma/117304	v3r
lemma/120187	v2r
lemma/122343	v3r
lemma/122482	v1r
lemma/122533	v1r
lemma/122569	v3r
lemma/122589	v1r
lemma/122794	v1r
lemma/124372	v4r
lemma/126846	v3r
lemma/127335	v1r
lemma/131880	v1r
lemma/26185	v4r
lemma/26454	v1r
lemma/27205	v1r
lemma/28394	v1r
lemma/29500	v1r
lemma/32791	v1r
lemma/33232	v1r
lemma/36087	v1r
lemma/37181	v4r
lemma/43310	v1r
lemma/46278	v2e
lemma/47097	v1r
lemma/50288	v1r
lemma/52067	v1r
lemma/52855	v1r
lemma/52935	v4r
lemma/52971	v1r
lemma/56788	v1r
lemma/58467	v1r
lemma/58842	v1r
lemma/59661	v1r
lemma/60032	v1r
lemma/69873	v1r
lemma/69998	v1r
lemma/70794	v1d
lemma/75713	v4d
lemma/79428	v1r
lemma/80942	v6
lemma/86732	v4d
lemma/87780	v2r
lemma/89450	v3r
lemma/90441	v1r
lemma/90667	v2r
lemma/94378	v1r
lemma/95755	v3r
lemma/95806	v4r
lemma/99000	v3r
lemma/99279	v1r
lemma/100965	v2d
lemma/100966	v2r
lemma/100999	v1d
lemma/101048	v4r
lemma/101931	v3r
lemma/102139	v5r
lemma/105352	v2r
lemma/106435	v1r
lemma/107805	v3r
lemma/108248	v3r
lemma/110184	v1r
lemma/110632	v3d
lemma/110688	v2r
lemma/113135	v1r
lemma/114461	v2r
lemma/116617	v4r
lemma/116643	v1r
lemma/117488	v1r
lemma/118687	v2r
lemma/118926	v1r
lemma/122772	v2r
lemma/122795	v3r
lemma/122845	v1r
lemma/125445	v1d
lemma/125446	v1r
lemma/126140	v3r
lemma/126771	v3r
lemma/126822	v2r
lemma/130146	v1r
lemma/133466	v1r
lemma/134384	v1r
lemma/137211	v1r
lemma/137806	v2r
lemma/142021	v4d
lemma/27541	v1r
lemma/29471	v1r
lemma/37408	v1r
lemma/38201	v2r
lemma/38421	v1r
lemma/43504	v1r
lemma/46303	v1r
lemma/46898	v3r
lemma/47656	v1r
lemma/49083	v1r
lemma/49221	v1r
lemma/51967	v1r
lemma/53394	v1r
lemma/54366	v1r
lemma/54703	v3r
lemma/58481	v1r
lemma/59098	v1r
lemma/59311	v1r
lemma/60148	v1r
lemma/69176	v1r
lemma/72216	v1d
lemma/73827	v1r
lemma/75975	v1r
lemma/76279	v1r
lemma/76605	v4r
lemma/77008	v1d
lemma/78574	v1d
lemma/81559	v1r
lemma/81860	v1r
lemma/83412	v4r
lemma/83684	v4r
lemma/84090	v1r
lemma/87414	v6r
lemma/88034	v1d
lemma/88533	v1d
lemma/90621	v1d
lemma/90622	v1r
lemma/94209	v1r
lemma/96316	v2r
lemma/98548	v1d
lemma/98900	v1r
lemma/99643	v1r
lemma/101526	v1r
lemma/101942	v1r
lemma/102290	v1r
lemma/102441	v2r
lemma/102497	v3r
lemma/103001	v3d
lemma/104445	v3r
lemma/104878	v1d
lemma/106190	v3d
lemma/107452	v2r
lemma/109590	v3r
lemma/109641	v1r
lemma/110904	v1d
lemma/110905	v1r
lemma/110990	v4r
lemma/111249	v2d
lemma/111250	v2r
lemma/111550	v1d
lemma/114299	v3d
lemma/115433	v1r
lemma/116285	v4r
lemma/117166	v3d
lemma/117305	v3r
lemma/118617	v3r
lemma/120136	v3r
lemma/120518	v3r
lemma/122483	v1r
lemma/122534	v3r
lemma/123318	v1r
lemma/126363	v1r
lemma/126847	v3r
lemma/132498	v1r
lemma/136271	v1r
lemma/137998	v3r
lemma/141709	v3r
lemma/142111	v2r
lemma/30929	v1r
lemma/32843	v1r
lemma/33256	v1r
lemma/34992	v1r
lemma/42219	v1r
lemma/44831	v1r
lemma/46172	v1r
lemma/46227	v1r
lemma/46402	v3r
lemma/46580	v1r
lemma/46631	v1r
lemma/46818	v1r
lemma/47529	v1r
lemma/47600	v1r
lemma/49543	v3r
lemma/52936	v1r
lemma/55621	v4
lemma/55997	v1r
lemma/59609	v1r
lemma/64391	v1r
lemma/74286	v1r
lemma/75323	v1r
lemma/75714	v1r
lemma/78488	v4d
lemma/80943	v1r
lemma/81503	v1r
lemma/86143	v1r
lemma/87028	v2r
lemma/87781	v3r
lemma/88891	v3d
lemma/89627	v1r
lemma/90391	v3r
lemma/90670	v3r
lemma/93376	v3r
lemma/94129	v1r
lemma/94176	v2r
lemma/95012	v3r
lemma/95456	v3r
lemma/100880	v1d
lemma/101049	v2r
lemma/101881	v1r
lemma/105353	v3r
lemma/107347	v3r
lemma/107806	v1r
lemma/110582	v3r
lemma/110689	v3r
lemma/114215	v6r
lemma/114462	v3r
lemma/114513	v1r
lemma/114578	v1r
lemma/114978	v1r
lemma/115720	v3r
lemma/116745	v1r
lemma/117391	v2r
lemma/118739	v1r
lemma/118899	v4r
lemma/118927	v3r
lemma/119090	v1r
lemma/119211	v1r
lemma/121157	v3d
lemma/121448	v1r
lemma/122773	v3r
lemma/122796	v1r
lemma/123254	v1r
lemma/125164	v1r
lemma/126772	v4r
lemma/126823	v3r
lemma/130147	v1r
lemma/132391	v1r
lemma/141993	v1d
lemma/27370	v1r
lemma/27615	v1r
lemma/29042	v1r
lemma/32718	v1r
lemma/34271	v1r
lemma/35347	v1r
lemma/40048	v1r
lemma/41735	v1r
lemma/46256	v3r
lemma/46920	v5r
lemma/49135	v1r
lemma/53446	v3r
lemma/55594	v3r
lemma/56080	v1r
lemma/59451	v1r
lemma/64680	v1r
lemma/65240	v1r
lemma/65807	v1r
lemma/67234	v1r
lemma/68613	v1d
lemma/73721	v1r
lemma/75973	v1r
lemma/77198	v1r
lemma/78894	v1r
lemma/80569	v1r
lemma/89559	v1r
lemma/90572	v3r
lemma/91003	v3r
lemma/94609	v1r
lemma/94651	v1r
lemma/95297	v3r
lemma/96266	v1r
lemma/96317	v2r
lemma/96520	v1d
lemma/98816	v1r
lemma/99058	v1r
lemma/99644	v1r
lemma/99691	v1r
lemma/100566	v1r
lemma/101899	v3r
lemma/102264	v3r
lemma/102442	v2r
lemma/103002	v3r
lemma/103802	v5r
lemma/106322	v3r
lemma/106599	v1r
lemma/107228	v1r
lemma/107991	v1r
lemma/108658	v3r
lemma/110174	v1r
lemma/110991	v1d
lemma/111551	v1r
lemma/111779	v2d
lemma/114333	v1r
lemma/116595	v1r
lemma/117255	v3r
lemma/117306	v1r
lemma/118020	v1r
lemma/118082	v1r
lemma/120465	v1r
lemma/121050	v3r
lemma/122484	v1r
lemma/122535	v1r
lemma/122599	v1r
lemma/123044	v1r
lemma/126415	v3r
lemma/126445	v3r
lemma/126848	v1r
lemma/128437	v1r
lemma/135354	v1r
lemma/136731	v2r
lemma/138024	v3r
lemma/141931	v1r
lemma/26080	v1r
lemma/26131	v1r
lemma/46173	v1r
lemma/46224	v7e
lemma/47550	v1r
lemma/47558	v1r
lemma/47837	v4r
lemma/50484	v1r
lemma/50535	v1r
lemma/51006	v1r
lemma/51010	v1r
lemma/53216	v1r
lemma/57100	v1r
lemma/57904	v3r
lemma/58891	v1r
lemma/58942	v1r
lemma/59559	v1r
lemma/59765	v1r
lemma/60194	v1r
lemma/65512	v1r
lemma/70917	v1r
lemma/72771	v1r
lemma/74199	v1d
lemma/75423	v1r
lemma/76689	v3r
lemma/78985	v1r
lemma/81504	v2r
lemma/85572	v1r
lemma/87050	v2r
lemma/87208	v1r
lemma/87974	v1r
lemma/88027	v1r
lemma/88567	v1r
lemma/88892	v2r
lemma/89584	v2r
lemma/90392	v3r
lemma/91239	v1r
lemma/91928	v1r
lemma/92363	v1r
lemma/94177	v3r
lemma/95015	v1r
lemma/95837	v2r
lemma/96166	v1d
lemma/96167	v1r
lemma/98161	v3r
lemma/101882	v1r
lemma/102902	v1d
lemma/102903	v1r
lemma/103059	v1r
lemma/103128	v4r
lemma/103876	v1d
lemma/104319	v3r
lemma/106351	v1r
lemma/107735	v1r
lemma/108325	v6r
lemma/109294	v1r
lemma/110084	v1r
lemma/110085	v3r
lemma/113137	v1d
lemma/113138	v1r
lemma/116909	v3r
lemma/117136	v1r
lemma/118689	v3r
lemma/118990	v1r
lemma/119512	v1r
lemma/122797	v3r
lemma/123255	v1r
lemma/123453	v3r
lemma/123454	v5r
lemma/125714	v1d
lemma/126179	v3r
lemma/126773	v1r
lemma/127115	v1r
lemma/129057	v1r
lemma/133003	v1r
lemma/133468	v1r
lemma/134437	v1r
lemma/136732	v1r
lemma/136788	v2r
lemma/26596	v1r
lemma/26647	v1r
lemma/29911	v1r
lemma/30011	v1r
lemma/38152	v1r
lemma/41959	v4r
lemma/41967	v1r
lemma/44287	v1r
lemma/46120	v1r
lemma/46633	v1r
lemma/47091	v1r
lemma/47418	v1r
lemma/47658	v1r
lemma/47709	v1r
lemma/47835	v1r
lemma/48218	v1r
lemma/49085	v1r
lemma/53822	v1r
lemma/58494	v1r
lemma/59452	v1r
lemma/60514	v1r
lemma/61519	v1d
lemma/61823	v1r
lemma/65190	v1d
lemma/67806	v1r
lemma/68684	v1r
lemma/70810	v3r
lemma/72966	v1r
lemma/73829	v1r
lemma/75519	v1r
lemma/86490	v1r
lemma/87101	v1r
lemma/87566	v2r
lemma/87676	v1r
lemma/88140	v3r
lemma/90573	v1r
lemma/91313	v1r
lemma/95515	v3r
lemma/95701	v1r
lemma/96267	v3r
lemma/96578	v1d
lemma/98580	v1d
lemma/99003	v3r
lemma/99927	v1r
lemma/101900	v1r
lemma/103519	v3r
lemma/103803	v1r
lemma/103849	v1r
lemma/104028	v1r
lemma/107757	v1r
lemma/108659	v3r
lemma/110791	v1r
lemma/112577	v1r
lemma/113167	v1r
lemma/115501	v1r
lemma/116876	v4r
lemma/117256	v1r
lemma/117417	v3r
lemma/118567	v2r
lemma/119250	v1r
lemma/119934	v1r
lemma/120491	v3r
lemma/122485	v3r
lemma/122536	v1r
lemma/126076	v3r
lemma/126849	v3r
lemma/128711	v1r
lemma/129581	v1r
lemma/130882	v4r
lemma/133412	v1r
lemma/135406	v1r
lemma/137937	v1r
lemma/142113	v6r
lemma/25980	v1r
lemma/26239	v3r
lemma/27157	v1r
lemma/29435	v1r
lemma/40775	v4r
lemma/46225	v1r
lemma/47551	v1r
lemma/47679	v1r
lemma/48078	v1r
lemma/48627	v1r
lemma/50289	v1r
lemma/50536	v3r
lemma/50659	v1r
lemma/52938	v4r
lemma/59358	v1r
lemma/59836	v1r
lemma/65349	v3r
lemma/65650	v1r
lemma/68153	v1r
lemma/68546	v1r
lemma/73338	v1r
lemma/74640	v1r
lemma/74852	v1r
lemma/75438	v1r
lemma/78061	v1r
lemma/78742	v1r
lemma/79465	v1r
lemma/80077	v1r
lemma/87102	v1r
lemma/87209	v3r
lemma/87510	v1r
lemma/89587	v3r
lemma/94178	v1r
lemma/94682	v3r
lemma/95051	v1d
lemma/95052	v1r
lemma/95242	v3d
lemma/95413	v1r
lemma/95838	v3r
lemma/97393	v4r
lemma/98959	v1r
lemma/99820	v1r
lemma/100557	v1r
lemma/100608	v1r
lemma/102035	v1r
lemma/102566	v1r
lemma/105773	v1r
lemma/106436	v2r
lemma/106681	v1r
lemma/107349	v1r
lemma/108675	v1r
lemma/114515	v3r
lemma/114620	v1r
lemma/117200	v1r
lemma/117489	v1r
lemma/118174	v1r
lemma/119092	v2r
lemma/119093	v3r
lemma/123312	v4r
lemma/126143	v2r
lemma/126183	v1r
lemma/126774	v1r
lemma/126825	v2r
lemma/127146	v1r
lemma/129431	v3r
lemma/129693	v3r
lemma/132393	v1r
lemma/134387	v3r
lemma/137999	v3r
lemma/26426	v1r
lemma/28892	v1r
lemma/31379	v1r
lemma/32852	v1r
lemma/34024	v3r
lemma/34273	v1r
lemma/35701	v3e
lemma/38153	v1r
lemma/42016	v1r
lemma/43983	v1r
lemma/47659	v1r
lemma/49137	v1r
lemma/53194	v1r
lemma/57975	v1d
lemma/58768	v1r
lemma/59453	v1r
lemma/73723	v3r
lemma/78521	v1r
lemma/78749	v1r
lemma/81172	v1d
lemma/87460	v3r
lemma/89913	v3r
lemma/90036	v1r
lemma/90574	v3r
lemma/94274	v3r
lemma/95192	v1r
lemma/95651	v3r
lemma/98737	v3r
lemma/99645	v3r
lemma/99877	v3r
lemma/100098	v1r
lemma/101527	v1r
lemma/102393	v1r
lemma/103004	v1d
lemma/103805	v3r
lemma/103821	v4r
lemma/104914	v1d
lemma/104915	v1r
lemma/106324	v1d
lemma/109236	v1r
lemma/110176	v1r
lemma/112442	v1d
lemma/112443	v1r
lemma/112840	v1r
lemma/116181	v1r
lemma/116877	v1r
lemma/117167	v3r
lemma/118583	v1r
lemma/119170	v3r
lemma/119252	v3r
lemma/122537	v3r
lemma/126829	v5d
lemma/126830	v5r
lemma/127817	v1r
lemma/128661	v2r
lemma/128670	v1r
lemma/128712	v3r
lemma/130884	v1r
lemma/132853	v3r
lemma/142114	v5r
lemma/26189	v3r
lemma/27209	v1r
lemma/32131	v1r
lemma/33077	v1r
lemma/36160	v1r
lemma/39598	v5r
lemma/44932	v1r
lemma/46489	v3r
lemma/46927	v1r
lemma/46995	v1r
lemma/47552	v1r
lemma/47603	v1r
lemma/49152	v1r
lemma/50852	v2r
lemma/52015	v6
lemma/60006	v1r
lemma/60048	v3r
lemma/62796	v1r
lemma/64325	v1r
lemma/65736	v1r
lemma/71837	v1r
lemma/75610	v1r
lemma/80823	v1r
lemma/85574	v1r
lemma/86951	v2r
lemma/87511	v2e
lemma/90394	v5r
lemma/90445	v3r
lemma/92749	v1r
lemma/95457	v1r
lemma/98507	v1d
lemma/98508	v1r
lemma/100067	v1r
lemma/100558	v1r
lemma/100609	v1r
lemma/100881	v3r
lemma/100910	v2r
lemma/101884	v3r
lemma/106126	v1r
lemma/107702	v1d
lemma/107809	v4r
lemma/108676	v3r
lemma/118903	v2r
lemma/118929	v3r
lemma/118992	v1r
lemma/119144	v3r
lemma/119980	v1r
lemma/122774	v3r
lemma/125449	v1d
lemma/126310	v3d
lemma/126775	v3r
lemma/126826	v3r
lemma/128318	v1r
lemma/131068	v1d
lemma/133771	v1r
lemma/141692	v2d
lemma/27567	v1r
lemma/30274	v1r
lemma/32331	v1r
lemma/39940	v1d
lemma/40352	v1r
lemma/43672	v1r
lemma/45717	v4r
lemma/47533	v3r
lemma/52944	v5r
lemma/53105	v1r
lemma/53319	v1r
lemma/55216	v4r
lemma/65538	v1d
lemma/68614	v1r
lemma/69686	v1r
lemma/72755	v1r
lemma/73673	v1r
lemma/77661	v1d
lemma/81470	v1r
lemma/87370	v1r
lemma/87461	v3r
lemma/87512	v1r
lemma/91677	v1r
lemma/92202	v1r
lemma/92848	v2r
lemma/94275	v2r
lemma/95703	v1r
lemma/96269	v2r
lemma/97646	v3r
lemma/98711	v1r
lemma/98818	v4r
lemma/98853	v3r
lemma/99771	v1d
lemma/99772	v1r
lemma/100567	v3r
lemma/100967	v3r
lemma/102269	v1r
lemma/103771	v2r
lemma/103772	v3r
lemma/103804	v2r
lemma/104712	v1d
lemma/104740	v4r
lemma/107994	v1r
lemma/108268	v3r
lemma/110177	v3r
lemma/112399	v1d
lemma/112400	v1r
lemma/112842	v1r
lemma/113548	v1r
lemma/114335	v4r
lemma/114874	v3r
lemma/115264	v4d
lemma/115377	v1r
lemma/117309	v1r
lemma/119171	v1r
lemma/122487	v4r
lemma/122538	v3r
lemma/122600	v3d
lemma/126260	v2r
lemma/126261	v3r
lemma/126446	v2r
lemma/126728	v2r
lemma/129545	v3r
lemma/130559	v1r
lemma/138728	v1r
lemma/142115	v2r
lemma/27159	v1r
lemma/27460	v3
lemma/29699	v3r
lemma/32388	v1r
lemma/38006	v1r
lemma/43678	v1r
lemma/47226	v1r
lemma/47438	v1r
lemma/47604	v1r
lemma/50022	v1r
lemma/50538	v1r
lemma/51008	v1r
lemma/52956	v4r
lemma/53909	v1d
lemma/55574	v1r
lemma/56492	v3r
lemma/58486	v3r
lemma/58840	v1r
lemma/61448	v1r
lemma/62281	v1d
lemma/65311	v1r
lemma/71914	v3r
lemma/74716	v1r
lemma/75472	v1r
lemma/75667	v1r
lemma/75718	v1r
lemma/82689	v1r
lemma/82937	v1r
lemma/83632	v4r
lemma/85033	v1r
lemma/87053	v1r
lemma/88030	v3r
lemma/90395	v1r
lemma/91756	v1r
lemma/95017	v4r
lemma/96133	v1r
lemma/98417	v1d
lemma/98418	v1r
lemma/98459	v5r
lemma/99822	v3r
lemma/100860	v1r
lemma/100911	v1r
lemma/102037	v3r
lemma/102225	v1r
lemma/107736	v1r
lemma/108677	v1r
lemma/108859	v1r
lemma/109248	v1d
lemma/109249	v1r
lemma/109301	v6r
lemma/110586	v3r
lemma/114216	v1r
lemma/114517	v1r
lemma/117103	v4r
lemma/117139	v1r
lemma/118176	v1d
lemma/118904	v1r
lemma/122380	v3r
lemma/122431	v1r
lemma/122798	v3r
lemma/124293	v2r
lemma/126827	v1r
lemma/130380	v4r
lemma/130968	v1d
lemma/133364	v1r
lemma/134389	v3r
lemma/26543	v1r
lemma/27920	v3r
lemma/29514	v1r
lemma/29863	v1r
lemma/29914	v1r
lemma/30529	v1r
lemma/33062	v1r
lemma/35652	v4r
lemma/38155	v2d
lemma/43129	v1r
lemma/46257	v1r
lemma/46891	v1r
lemma/47557	v1r
lemma/47896	v1r
lemma/47962	v1r
lemma/50431	v1r
lemma/50451	v1r
lemma/53250	v3r
lemma/53751	v3r
lemma/54107	v1r
lemma/56084	v1r
lemma/58430	v1r
lemma/66678	v1r
lemma/72327	v1r
lemma/75269	v1r
lemma/75742	v1d
lemma/75825	v1r
lemma/76228	v3r
lemma/80840	v1r
lemma/83689	v1r
lemma/87462	v1r
lemma/87677	v1d
lemma/88413	v3r
lemma/93251	v4r
lemma/94276	v2r
lemma/94611	v1r
lemma/98712	v3r
lemma/98786	v1r
lemma/98905	v3r
lemma/99006	v3r
lemma/99114	v3r
lemma/100452	v2r
lemma/100453	v3r
lemma/100568	v3r
lemma/101478	v4r
lemma/103806	v1r
lemma/103823	v1r
lemma/106224	v1r
lemma/106347	v1r
lemma/107193	v1r
lemma/109661	v3r
lemma/110229	v1r
lemma/112473	v1r
lemma/112524	v1d
lemma/112525	v1r
lemma/113170	v4r
lemma/116880	v3r
lemma/117259	v3r
lemma/118568	v3r
lemma/120545	v1r
lemma/122488	v1r
lemma/122539	v3r
lemma/122601	v3r
lemma/122749	v3r
lemma/123460	v3r
lemma/126419	v3r
lemma/126644	v1r
lemma/126729	v5r
lemma/127147	v2r
lemma/134282	v1r
lemma/135409	v1d
lemma/136818	v2r
lemma/137910	v1r
lemma/138729	v3r
lemma/26502	v3r
lemma/31006	v1r
lemma/33056	v4r
lemma/35866	v4r
lemma/41292	v1r
lemma/42046	v1d
lemma/46542	v1d
lemma/46692	v1r
lemma/47554	v1r
lemma/48931	v1r
lemma/50351	v1r
lemma/54628	v1r
lemma/56493	v1r
lemma/57921	v1r
lemma/58538	v1r
lemma/59474	v1r
lemma/60038	v1r
lemma/63251	v1r
lemma/64276	v1r
lemma/67080	v4r
lemma/70626	v1r
lemma/72982	v4r
lemma/73161	v1d
lemma/73317	v1r
lemma/73340	v1r
lemma/74163	v4r
lemma/75719	v1r
lemma/76586	v4r
lemma/76637	v1r
lemma/79269	v1r
lemma/79769	v1r
lemma/82715	v4r
lemma/83697	v2d
lemma/83911	v1r
lemma/84949	v1r
lemma/85029	v1r
lemma/88503	v1r
lemma/88896	v3r
lemma/89590	v2r
lemma/92691	v1r
lemma/94181	v1r
lemma/94220	v4r
lemma/94736	v1r
lemma/95018	v3r
lemma/97341	v1r
lemma/98446	v1r
lemma/98463	v1d
lemma/100154	v1r
lemma/101013	v2r
lemma/101830	v3r
lemma/102038	v3r
lemma/102316	v1d
lemma/102568	v6r
lemma/103364	v1r
lemma/104398	v1r
lemma/107653	v5r
lemma/108678	v3r
lemma/108860	v3r
lemma/110638	v1r
lemma/112065	v1d
lemma/112066	v1r
lemma/112791	v1d
lemma/112792	v1r
lemma/114268	v4r
lemma/114360	v1r
lemma/114518	v2d
lemma/114519	v3d
lemma/114622	v1r
lemma/116512	v1r
lemma/118994	v3d
lemma/119095	v1r
lemma/119108	v4r
lemma/122381	v1d
lemma/122432	v3r
lemma/123313	v3r
lemma/126777	v1r
lemma/127772	v1d
lemma/127773	v1r
lemma/129224	v3r
lemma/129494	v1d
lemma/129495	v1r
lemma/130383	v1r
lemma/136220	v1r
lemma/141607	v1
lemma/27104	v1r
lemma/30906	v1r
lemma/34890	v1r
lemma/35653	v3r
lemma/40354	v1r
lemma/42018	v1r
lemma/46121	v4r
lemma/46460	v3r
lemma/48988	v1r
lemma/50432	v1r
lemma/50897	v1r
lemma/54709	v1r
lemma/58431	v1r
lemma/58896	v1r
lemma/59507	v1r
lemma/61078	v1d
lemma/63711	v1r
lemma/65361	v1r
lemma/66980	v1r
lemma/67188	v1r
lemma/70269	v1r
lemma/73430	v3r
lemma/75153	v1r
lemma/75959	v1r
lemma/75970	v1d
lemma/76229	v1r
lemma/81458	v1r
lemma/87032	v1r
lemma/87463	v3r
lemma/87514	v1r
lemma/89060	v1r
lemma/91825	v1d
lemma/92334	v1r
lemma/94277	v1r
lemma/95195	v2r
lemma/96476	v1r
lemma/97597	v1r
lemma/98855	v1r
lemma/99007	v1r
lemma/99773	v1r
lemma/99958	v1r
lemma/100382	v1r
lemma/102396	v3r
lemma/107969	v3r
lemma/108538	v2r
lemma/109239	v1d
lemma/109240	v1r
lemma/113851	v3r
lemma/114543	v1r
lemma/114876	v1r
lemma/114927	v1d
lemma/114928	v1r
lemma/117335	v2r
lemma/118865	v1r
lemma/119255	v3r
lemma/120475	v1r
lemma/120546	v1r
lemma/122489	v1r
lemma/123350	v3r
lemma/126730	v3r
lemma/126986	v3r
lemma/127148	v3r
lemma/127338	v6r
lemma/128671	v3r
lemma/132907	v1r
lemma/136277	v1d
lemma/141965	v1r
lemma/142117	v3d
lemma/26085	v3r
lemma/26296	v4r
lemma/29507	v3r
lemma/31113	v1r
lemma/37540	v1r
lemma/42176	v1r
lemma/43210	v1r
lemma/46229	v1r
lemma/47555	v1r
lemma/49033	v3r
lemma/50024	v1r
lemma/50046	v1r
lemma/50489	v1r
lemma/52965	v3r
lemma/59400	v1r
lemma/59574	v1r
lemma/59773	v1r
lemma/59943	v1r
lemma/61774	v1r
lemma/64277	v4r
lemma/64591	v1r
lemma/65012	v1r
lemma/69075	v1r
lemma/72349	v1r
lemma/74960	v1r
lemma/75562	v3r
lemma/75669	v1r
lemma/76122	v1r
lemma/81534	v1r
lemma/82716	v1r
lemma/85061	v1r
lemma/85577	v1r
lemma/86961	v4d
lemma/88033	v5r
lemma/94044	v1r
lemma/94133	v3r
lemma/94182	v4d
lemma/94183	v4r
lemma/94221	v3r
lemma/94548	v1r
lemma/95417	v3r
lemma/95460	v1r
lemma/95706	v3r
lemma/98396	v1r
lemma/98447	v1r
lemma/99731	v6r
lemma/100719	v1r
lemma/100862	v1r
lemma/100882	v2r
lemma/101831	v1r
lemma/104799	v5d
lemma/107654	v2r
lemma/107705	v1r
lemma/108679	v3r
lemma/109302	v6r
lemma/110142	v4r
lemma/113676	v6r
lemma/113959	v1d
lemma/114269	v3r
lemma/114361	v3r
lemma/119076	v1r
lemma/119096	v1r
lemma/120092	v1r
lemma/120138	v1r
lemma/122382	v2r
lemma/122433	v1r
lemma/122775	v2r
lemma/123509	v1r
lemma/125168	v2r
lemma/125169	v3r
lemma/126778	v3r
lemma/127063	v1r
lemma/130724	v1d
lemma/130725	v1r
lemma/135303	v1r
lemma/141874	v3r
lemma/26928	v3r
lemma/27334	v3d
lemma/27922	v1r
lemma/32334	v1r
lemma/34688	v1r
lemma/38974	v3d
lemma/47042	v4r
lemma/47147	v1r
lemma/48989	v3r
lemma/50842	v3e
lemma/55219	v4r
lemma/57514	v1r
lemma/58800	v1r
lemma/64606	v1r
lemma/65195	v1r
lemma/66981	v1r
lemma/67490	v1d
lemma/72786	v1r
lemma/73061	v1d
lemma/75154	v3r
lemma/75971	v1r
lemma/80842	v1r
lemma/82377	v1r
lemma/84093	v4r
lemma/87371	v1d
lemma/87372	v1r
lemma/87464	v5d
lemma/88918	v3d
lemma/90579	v2d
lemma/90580	v3d
lemma/94278	v3r
lemma/94630	v3r
lemma/95196	v5d
lemma/96479	v3r
lemma/98856	v1r
lemma/99008	v3r
lemma/101183	v6r
lemma/101854	v3r
lemma/101905	v3r
lemma/102448	v3r
lemma/102465	v3r
lemma/103008	v1d
lemma/103774	v1r
lemma/107246	v1r
lemma/107995	v1r
lemma/108575	v2r
lemma/109615	v1r
lemma/110481	v1r
lemma/110532	v1r
lemma/115160	v1r
lemma/116757	v1r
lemma/117337	v1r
lemma/118587	v6r
lemma/120521	v4d
lemma/120522	v4r
lemma/123847	v1r
lemma/123918	v1r
lemma/126263	v5r
lemma/126731	v1r
lemma/128672	v1r
lemma/129583	v1r
lemma/130338	v3r
lemma/133009	v1r
lemma/137940	v4r
lemma/141724	v1r
lemma/141774	v4d
lemma/27514	v1r
lemma/27898	v1r
lemma/28082	v1r
lemma/30800	v1r
lemma/31183	v3r
lemma/31366	v1r
lemma/33571	v1r
lemma/34303	v1d
lemma/43318	v1r
lemma/46179	v1r
lemma/47607	v1r
lemma/51576	v1r
lemma/53345	v1r
lemma/54552	v1r
lemma/54968	v1r
lemma/58797	v1r
lemma/61775	v1r
lemma/68333	v1d
lemma/69076	v1r
lemma/70528	v1r
lemma/72780	v6d
lemma/75563	v3r
lemma/76588	v3r
lemma/78066	v1r
lemma/85578	v3r
lemma/87641	v3r
lemma/88433	v1d
lemma/89351	v3r
lemma/89402	v1r
lemma/91323	v1r
lemma/91418	v1r
lemma/93713	v1d
lemma/93714	v1r
lemma/94100	v1r
lemma/94134	v1r
lemma/94222	v1r
lemma/94550	v2d
lemma/94551	v2r
lemma/94552	v3r
lemma/95418	v1r
lemma/95465	v1r
lemma/96134	v4r
lemma/96169	v3r
lemma/96243	v1r
lemma/97559	v3r
lemma/98397	v3r
lemma/98800	v1r
lemma/100863	v1r
lemma/100914	v3r
lemma/101781	v4r
lemma/101832	v1r
lemma/101888	v1r
lemma/104335	v4r
lemma/106737	v1r
lemma/107655	v3r
lemma/107915	v1r
lemma/108503	v3r
lemma/111615	v1r
lemma/114217	v1r
lemma/114413	v1r
lemma/114585	v3r
lemma/116645	v3r
lemma/116881	v3d
lemma/118497	v5r
lemma/118996	v2r
lemma/119097	v3r
lemma/119148	v5r
lemma/120139	v1r
lemma/122383	v1r
lemma/122959	v3r
lemma/126384	v3r
lemma/128362	v1d
lemma/129496	v1d
lemma/129497	v1r
lemma/130506	v1r
lemma/132449	v1r
lemma/141876	v1d
lemma/142011	v3r
lemma/26030	v4r
lemma/28024	v1r
lemma/30857	v1r
lemma/32335	v1r
lemma/32493	v1r
lemma/43278	v1r
lemma/46123	v1r
lemma/47728	v1r
lemma/48303	v1r
lemma/48883	v1r
lemma/49010	v1r
lemma/49243	v1r
lemma/49352	v4r
lemma/50434	v1r
lemma/50540	v1r
lemma/50846	v3r
lemma/55986	v1r
lemma/58292	v1r
lemma/58949	v1r
lemma/59817	v1r
lemma/60627	v1r
lemma/64171	v1d
lemma/66376	v1r
lemma/67453	v1d
lemma/68618	v4r
lemma/69936	v1r
lemma/71683	v1r
lemma/75155	v2r
lemma/76104	v4r
lemma/80792	v1r
lemma/83349	v2r
lemma/85548	v1d
lemma/87465	v3r
lemma/87516	v4d
lemma/87682	v3r
lemma/91142	v3r
lemma/92205	v4r
lemma/94612	v1r
lemma/98341	v1r
lemma/98857	v4r
lemma/98908	v1r
lemma/99115	v3r
lemma/99826	v1r
lemma/100572	v1r
lemma/101424	v3r
lemma/101952	v1r
lemma/103009	v2r
lemma/108576	v4r
lemma/109619	v3r
lemma/109662	v1r
lemma/111208	v1r
lemma/113607	v6r
lemma/114822	v2r
lemma/116816	v6r
lemma/119429	v1d
lemma/119430	v1r
lemma/122750	v1d
lemma/123589	v1r
lemma/124270	v1r
lemma/124837	v1r
lemma/127590	v1r
lemma/130047	v3r
lemma/134285	v1r
lemma/134336	v4d
lemma/26087	v3r
lemma/26451	v1r
lemma/27532	v1r
lemma/30398	v1r
lemma/31476	v1r
lemma/33280	v1r
lemma/37361	v4r
lemma/38618	v1r
lemma/41339	v1r
lemma/46481	v3r
lemma/47383	v1r
lemma/47681	v1r
lemma/47778	v4r
lemma/47844	v1r
lemma/57056	v4r
lemma/58398	v4d
lemma/59351	v1r
lemma/59562	v1d
lemma/61833	v1r
lemma/67926	v1r
lemma/68329	v1r
lemma/73476	v1d
lemma/75564	v2r
lemma/88035	v1r
lemma/91720	v4r
lemma/94101	v3r
lemma/94223	v1r
lemma/95021	v6r
lemma/95055	v1r
lemma/95090	v7r
lemma/98750	v3r
lemma/99571	v2r
lemma/100796	v3r
lemma/101440	v1r
lemma/101782	v1r
lemma/101833	v1r
lemma/102342	v1d
lemma/102343	v1r
lemma/102909	v1d
lemma/102910	v1r
lemma/104212	v3r
lemma/104336	v4r
lemma/108471	v5r
lemma/109303	v6r
lemma/113678	v3r
lemma/114414	v1r
lemma/115728	v1r
lemma/116514	v1r
lemma/116646	v2r
lemma/117155	v1r
lemma/118941	v1r
lemma/119098	v1r
lemma/119109	v2r
lemma/121037	v1r
lemma/122384	v1r
lemma/122545	v5d
lemma/124894	v4r
lemma/128151	v1r
lemma/129993	v1r
lemma/130456	v1r
lemma/135305	v1r
lemma/136223	v1r
lemma/28025	v1r
lemma/30342	v1d
lemma/34631	v1r
lemma/37750	v1r
lemma/46124	v1r
lemma/46589	v1r
lemma/46814	v1r
lemma/48067	v1r
lemma/50384	v1r
lemma/50387	v1r
lemma/51353	v3r
lemma/59332	v1r
lemma/59591	v1r
lemma/60065	v1r
lemma/60343	v1r
lemma/73012	v3r
lemma/76904	v1d
lemma/79529	v3r
lemma/80385	v1r
lemma/81280	v1r
lemma/82668	v1r
lemma/83290	v1r
lemma/87466	v1r
lemma/87517	v1r
lemma/92207	v3r
lemma/92337	v1r
lemma/94890	v1r
lemma/95601	v3r
lemma/95677	v3r
lemma/96110	v1d
lemma/96442	v1d
lemma/96443	v1r
lemma/98047	v3r
lemma/98342	v1e
lemma/98739	v1r
lemma/98858	v1r
lemma/98909	v4r
lemma/99776	v1r
lemma/100384	v1r
lemma/101374	v1r
lemma/103720	v3r
lemma/107197	v1r
lemma/107451	v3r
lemma/107600	v1r
lemma/108540	v3r
lemma/108580	v1r
lemma/108801	v3r
lemma/109618	v3d
lemma/110661	v1r
lemma/112477	v1r
lemma/114546	v1d
lemma/114547	v1r
lemma/114823	v3r
lemma/120549	v1r
lemma/122723	v1r
lemma/123592	v3r
lemma/126265	v4d
lemma/126646	v3r
lemma/127591	v1r
lemma/129903	v1d
lemma/129904	v1r
lemma/137914	v3r
lemma/27330	v1r
lemma/27371	v1r
lemma/27516	v1r
lemma/28308	v1r
lemma/29811	v3r
lemma/29892	v2r
lemma/33412	v1r
lemma/40304	v1d
lemma/46796	v1r
lemma/46998	v1r
lemma/47158	v1r
lemma/47305	v1r
lemma/47910	v1r
lemma/49807	v1r
lemma/49904	v1r
lemma/59625	v1r
lemma/60207	v1r
lemma/60556	v1r
lemma/65103	v1r
lemma/76125	v1r
lemma/83070	v3d
lemma/83663	v1r
lemma/84668	v1r
lemma/88036	v3r
lemma/88384	v1r
lemma/94049	v1r
lemma/94103	v1r
lemma/94224	v3r
lemma/95142	v3d
lemma/98399	v1r
lemma/98465	v1r
lemma/100848	v1r
lemma/100865	v3d
lemma/100916	v1r
lemma/101442	v3r
lemma/102605	v1r
lemma/108110	v3r
lemma/108893	v1r
lemma/111503	v1r
lemma/112370	v2r
lemma/113677	v2r
lemma/117207	v1r
lemma/117340	v1d
lemma/118998	v3r
lemma/119099	v3r
lemma/124379	v3r
lemma/124895	v1r
lemma/125240	v3r
lemma/129228	v1r
lemma/129863	v2d
lemma/134695	v1r
lemma/136689	v5r
lemma/26032	v1r
lemma/26548	v1r
lemma/27933	v1r
lemma/29403	v1r
lemma/30002	v1r
lemma/31261	v1r
lemma/43571	v1r
lemma/46125	v1r
lemma/49340	v4r
lemma/49879	v3r
lemma/50385	v3r
lemma/52900	v1r
lemma/53780	v1r
lemma/65966	v1r
lemma/73220	v1r
lemma/74712	v1r
lemma/75974	v1r
lemma/77975	v1r
lemma/79197	v1r
lemma/81285	v1r
lemma/83380	v1r
lemma/84606	v1r
lemma/86391	v4r
lemma/86901	v3r
lemma/87467	v3r
lemma/87518	v4d
lemma/88793	v1d
lemma/90045	v1r
lemma/90753	v3r
lemma/94633	v1r
lemma/94891	v3r
lemma/95718	v1r
lemma/95915	v1r
lemma/96481	v1d
lemma/96482	v1r
lemma/98343	v1d
lemma/98859	v1e
lemma/101906	v1r
lemma/102467	v1r
lemma/106173	v1r
lemma/107198	v1r
lemma/107249	v5r
lemma/109198	v1r
lemma/109620	v3d
lemma/110484	v4r
lemma/111256	v1r
lemma/112295	v4r
lemma/117107	v1r
lemma/117413	v6r
lemma/124500	v1d
lemma/124501	v1r
lemma/124541	v4r
lemma/127643	v2r
lemma/128612	v1r
lemma/141725	v3r
lemma/141775	v1r
lemma/27466	v1r
lemma/27642	v4r
lemma/29051	v1r
lemma/31369	v1r
lemma/31889	v1r
lemma/34384	v4r
lemma/46716	v1r
lemma/46971	v1r
lemma/46999	v1r
lemma/47388	v1r
lemma/48175	v1r
lemma/50542	v1d
lemma/50811	v1d
lemma/57926	v1r
lemma/58303	v1r
lemma/58547	v1r
lemma/59381	v3r
lemma/59404	v1r
lemma/73572	v5r
lemma/75101	v1r
lemma/75566	v4r
lemma/75617	v1r
lemma/76503	v3r
lemma/82984	v1r
lemma/86963	v4r
lemma/87642	v6r
lemma/87950	v1d
lemma/87951	v1r
lemma/88385	v1r
lemma/92087	v3r
lemma/93200	v2r
lemma/93331	v1r
lemma/94105	v1r
lemma/94225	v4r
lemma/95143	v3r
lemma/95960	v1r
lemma/96135	v1r
lemma/96219	v1r
lemma/98268	v2d
lemma/99075	v4r
lemma/100350	v1r
lemma/101835	v1r
lemma/106633	v3r
lemma/107142	v1r
lemma/107709	v1r
lemma/108130	v1r
lemma/108167	v1r
lemma/108505	v3d
lemma/109304	v6r
lemma/113679	v1r
lemma/114220	v1r
lemma/114272	v1r
lemma/114902	v1r
lemma/116443	v5r
lemma/117371	v3r
lemma/117886	v1r
lemma/118999	v1r
lemma/119893	v1r
lemma/126287	v1r
lemma/126385	v1r
lemma/127098	v4r
lemma/134231	v1r
lemma/136225	v1r
lemma/136456	v2r
lemma/142014	v2r
lemma/26159	v4r
lemma/28027	v1r
lemma/29474	v1r
lemma/31022	v1r
lemma/31778	v1r
lemma/31882	v1r
lemma/32576	v1r
lemma/36627	v1r
lemma/44390	v1r
lemma/46126	v1d
lemma/46943	v1r
lemma/49012	v1r
lemma/50719	v4r
lemma/55882	v1r
lemma/58385	v1r
lemma/59985	v4r
lemma/65078	v1r
lemma/70712	v1r
lemma/71355	v1r
lemma/71686	v4r
lemma/71737	v1r
lemma/77634	v1r
lemma/87003	v1r
lemma/87004	v4r
lemma/87468	v4r
lemma/87519	v1r
lemma/88001	v6r
lemma/91144	v2r
lemma/96112	v3r
lemma/97546	v6r
lemma/98344	v1r
lemma/98715	v1r
lemma/99313	v4r
lemma/101376	v1d
lemma/101792	v1r
lemma/103722	v3r
lemma/106280	v3r
lemma/108221	v3r
lemma/108520	v3r
lemma/108627	v1r
lemma/108832	v3r
lemma/109146	v1r
lemma/111209	v1r
lemma/114825	v1r
lemma/116817	v6r
lemma/119912	v1r
lemma/120927	v5r
lemma/122501	v5r
lemma/122751	v1r
lemma/122846	v1d
lemma/122847	v1r
lemma/126012	v4r
lemma/126606	v4r
lemma/126993	v1r
lemma/129360	v1r
lemma/129587	v1r
lemma/134288	v1r
lemma/27518	v1r
lemma/28436	v1r
lemma/29337	v1r
lemma/35374	v1r
lemma/35551	v1r
lemma/36168	v1r
lemma/38463	v1r
lemma/40647	v1r
lemma/41355	v1r
lemma/41686	v1r
lemma/42213	v1r
lemma/44541	v1r
lemma/47861	v3r
lemma/49215	v3r
lemma/49906	v4r
lemma/52203	v1r
lemma/58746	v3r
lemma/58794	v1r
lemma/58845	v1r
lemma/60868	v3r
lemma/68448	v4r
lemma/73245	v1r
lemma/73573	v4r
lemma/87928	v1d
lemma/88386	v5r
lemma/90423	v1r
lemma/92151	v1r
lemma/92641	v1r
lemma/92857	v1r
lemma/94226	v4r
lemma/95144	v1d
lemma/95276	v5d
lemma/99470	v3r
lemma/100351	v3r
lemma/100918	v1r
lemma/102345	v1r
lemma/103089	v1r
lemma/106896	v1d
lemma/107616	v1r
lemma/107659	v1d
lemma/107660	v1r
lemma/108473	v6r
lemma/112423	v1r
lemma/114222	v2r
lemma/115234	v4d
lemma/115235	v4r
lemma/117888	v1r
lemma/118256	v1d
lemma/118257	v1r
lemma/118867	v3r
lemma/120417	v1r
lemma/122546	v1d
lemma/122547	v1r
lemma/124733	v1d
lemma/124734	v1r
lemma/125809	v1r
lemma/126288	v3r
lemma/126386	v4d
lemma/129816	v1r
lemma/136226	v5r
lemma/137552	v2r
lemma/137603	v3r
lemma/26902	v1r
lemma/27411	v3r
lemma/32339	v1r
lemma/33277	v4r
lemma/39341	v1r
lemma/46923	v1r
lemma/46944	v1r
lemma/47430	v4d
lemma/47512	v1r
lemma/63201	v1r
lemma/73216	v3r
lemma/75976	v3r
lemma/78745	v1r
lemma/81643	v3r
lemma/87336	v3r
lemma/91145	v1r
lemma/92343	v1r
lemma/94635	v1r
lemma/95678	v5r
lemma/96062	v1r
lemma/98345	v5d
lemma/99122	v1r
lemma/99779	v4d
lemma/99780	v4r
lemma/102427	v3r
lemma/107453	v3r
lemma/107942	v1r
lemma/108628	v3r
lemma/108836	v1r
lemma/110024	v1r
lemma/110083	v1r
lemma/110662	v1d
lemma/110663	v1r
lemma/111212	v3r
lemma/116726	v3r
lemma/119078	v3r
lemma/120925	v3r
lemma/122608	v1d
lemma/122724	v4r
lemma/122752	v3r
lemma/125299	v1r
lemma/126268	v1r
lemma/126620	v5r
lemma/126647	v1r
lemma/128563	v1r
lemma/26443	v3r
lemma/26522	v1r
lemma/27361	v1r
lemma/27936	v4r
lemma/32619	v1r
lemma/39790	v1r
lemma/40114	v1r
lemma/49398	v1r
lemma/52389	v1r
lemma/53243	v1r
lemma/56429	v4r
lemma/58795	v1r
lemma/59641	v1d
lemma/66578	v1r
lemma/75136	v1r
lemma/76128	v1r
lemma/77720	v3r
lemma/84258	v1r
lemma/87645	v1r
lemma/88387	v2r
lemma/88388	v5r
lemma/89009	v1r
lemma/92152	v1r
lemma/94120	v1r
lemma/95145	v3r
lemma/95977	v1r
lemma/97139	v4r
lemma/98651	v1r
lemma/98682	v3d
lemma/99471	v1r
lemma/99575	v3r
lemma/99672	v1r
lemma/100919	v3r
lemma/101837	v1r
lemma/102346	v3r
lemma/103376	v1r
lemma/103471	v4r
lemma/105845	v1r
lemma/106635	v1r
lemma/106636	v4r
lemma/107144	v3r
lemma/107163	v1r
lemma/108894	v1r
lemma/113042	v1r
lemma/113750	v1r
lemma/114184	v3r
lemma/114494	v1r
lemma/116405	v3r
lemma/118868	v2r
lemma/119111	v3r
lemma/119845	v3r
lemma/121447	v1d
lemma/122701	v4r
lemma/122740	v2r
lemma/124683	v1r
lemma/128645	v3r
lemma/129481	v1r
lemma/129866	v3d
lemma/129867	v3r
lemma/130726	v1r
lemma/136227	v1r
lemma/137553	v2r
lemma/26035	v1r
lemma/27770	v1r
lemma/27987	v1r
lemma/38107	v4r
lemma/40254	v1r
lemma/42600	v1r
lemma/43592	v1r
lemma/46128	v1r
lemma/46945	v1r
lemma/47505	v4r
lemma/53652	v1r
lemma/54171	v1r
lemma/55118	v1r
lemma/59222	v1r
lemma/67854	v1r
lemma/68108	v1r
lemma/69845	v1r
lemma/73166	v3r
lemma/75395	v1r
lemma/75821	v1r
lemma/75977	v3r
lemma/76537	v1r
lemma/77277	v1r
lemma/80962	v1r
lemma/81301	v1r
lemma/84066	v1r
lemma/85011	v3r
lemma/86904	v1r
lemma/86930	v1r
lemma/87575	v1r
lemma/90114	v1r
lemma/92088	v5r
lemma/92676	v3r
lemma/93611	v1r
lemma/94585	v1r
lemma/94898	v1r
lemma/96063	v5r
lemma/97105	v1r
lemma/97958	v3r
lemma/99076	v1r
lemma/99802	v1r
lemma/101860	v3r
lemma/104233	v1r
lemma/106283	v3r
lemma/107918	v1r
lemma/109203	v1r
lemma/110590	v3r
lemma/114311	v2r
lemma/114476	v3r
lemma/116051	v1r
lemma/116113	v4d
lemma/116114	v4r
lemma/116759	v6r
lemma/116818	v2r
lemma/117461	v1r
lemma/118764	v1r
lemma/118792	v1r
lemma/119863	v1r
lemma/119914	v3r
lemma/122801	v6r
lemma/122848	v1r
lemma/123766	v3r
lemma/126269	v3r
lemma/126734	v1r
lemma/126953	v1r
lemma/127130	v5r
lemma/128615	v1r
lemma/134591	v1r
lemma/138527	v4r
lemma/140023	v1r
lemma/26393	v1r
lemma/27413	v1r
lemma/30469	v1r
lemma/32256	v1r
lemma/40013	v1r
lemma/45372	v1r
lemma/48850	v1r
lemma/50690	v1r
lemma/59356	v1r
lemma/60403	v1r
lemma/68540	v1r
lemma/68576	v6r
lemma/69419	v1r
lemma/75569	v3r
lemma/79398	v1
lemma/80811	v3r
lemma/82565	v1r
lemma/82678	v1r
lemma/85119	v5r
lemma/87363	v1r
lemma/92643	v1r
lemma/94070	v1r
lemma/94106	v2r
lemma/94121	v3r
lemma/94306	v1d
lemma/95979	v1r
lemma/96378	v1r
lemma/97441	v1r
lemma/98270	v1r
lemma/98347	v1r
lemma/99838	v1r
lemma/100762	v1r
lemma/100869	v2r
lemma/101447	v1r
lemma/101838	v3r
lemma/102160	v3r
lemma/108131	v4r
lemma/108474	v1r
lemma/108506	v2r
lemma/110431	v2d
lemma/110432	v2e
lemma/110433	v2r
lemma/114183	v2r
lemma/116952	v2r
lemma/120928	v6r
lemma/122690	v1r
lemma/122702	v1r
lemma/122741	v1r
lemma/126162	v3r
lemma/131680	v1r
lemma/133725	v1r
lemma/134699	v1r
lemma/137728	v1r
lemma/27878	v1r
lemma/31248	v1r
lemma/34585	v1r
lemma/34636	v1r
lemma/37440	v1r
lemma/40841	v3e
lemma/43291	v3r
lemma/45053	v1r
lemma/46430	v1r
lemma/46895	v1r
lemma/50333	v1r
lemma/50389	v1r
lemma/52735	v1r
lemma/67390	v1r
lemma/67497	v1r
lemma/75978	v4r
lemma/76380	v1r
lemma/86905	v1r
lemma/88822	v1r
lemma/94586	v3r
lemma/95308	v4d
lemma/95309	v4r
lemma/96802	v3d
lemma/96881	v3r
lemma/97463	v1r
lemma/97962	v1r
lemma/98963	v1r
lemma/99077	v1r
lemma/101793	v1r
lemma/101861	v3r
lemma/102240	v1r
lemma/106228	v1r
lemma/108224	v5r
lemma/108523	v3r
lemma/112298	v1r
lemma/114312	v4d
lemma/114828	v4r
lemma/115984	v1d
lemma/117275	v3r
lemma/118793	v3r
lemma/119432	v3r
lemma/119790	v1r
lemma/122502	v3r
lemma/122849	v3r
lemma/125093	v1r
lemma/126234	v6r
lemma/126954	v1r
lemma/127006	v1r
lemma/129942	v1r
lemma/130229	v4r
lemma/141783	v3r
lemma/26160	v3r
lemma/42124	v4r
lemma/42142	v1r
lemma/48735	v4r
lemma/49526	v1r
lemma/57823	v1r
lemma/59357	v1r
lemma/60190	v1r
lemma/62235	v1r
lemma/67957	v1r
lemma/68875	v1r
lemma/75054	v1r
lemma/75734	v3r
lemma/76079	v1r
lemma/77916	v4r
lemma/79343	v1r
lemma/81876	v3e
lemma/84710	v1d
lemma/88389	v3r
lemma/89358	v4r
lemma/90650	v2r
lemma/94071	v4r
lemma/94307	v3r
lemma/95964	v1r
lemma/96016	v1d
lemma/98348	v4r
lemma/99839	v3r
lemma/100763	v1r
lemma/101323	v1r
lemma/101448	v1r
lemma/101634	v2d
lemma/101839	v2r
lemma/101840	v3r
lemma/102297	v1d
lemma/102298	v1r
lemma/107861	v1d
lemma/108507	v1r
lemma/108932	v1d
lemma/108933	v1r
lemma/109152	v2r
lemma/111665	v1r
lemma/113094	v1r
lemma/114185	v3r
lemma/114721	v5r
lemma/116085	v6r
lemma/116472	v2r
lemma/117054	v3r
lemma/119052	v1r
lemma/122691	v3r
lemma/122742	v1r
lemma/126163	v3d
lemma/126320	v2r
lemma/128576	v1r
lemma/142018	v3r
lemma/26117	v1r
lemma/27032	v1r
lemma/27216	v1r
lemma/29531	v1r
lemma/32516	v1r
lemma/32643	v1r
lemma/37617	v1r
lemma/38074	v3r
lemma/38875	v1r
lemma/45054	v1r
lemma/46132	v1d
lemma/46346	v1r
lemma/47683	v1r
lemma/49292	v1r
lemma/53654	v4r
lemma/58741	v1r
lemma/59163	v1r
lemma/66473	v1r
lemma/71238	v1r
lemma/75979	v4r
lemma/77508	v1r
lemma/81252	v1d
lemma/88691	v1r
lemma/90191	v1r
lemma/91016	v1r
lemma/95307	v6r
lemma/95679	v2r
lemma/96065	v3r
lemma/99433	v1r
lemma/99885	v3r
lemma/102241	v1r
lemma/106995	v1r
lemma/108427	v3r
lemma/108895	v1r
lemma/109901	v3r
lemma/110025	v1r
lemma/113753	v1r
lemma/114313	v2r
lemma/114829	v3r
lemma/117027	v1r
lemma/118083	v1r
lemma/118840	v3r
lemma/119916	v5d
lemma/122725	v5r
lemma/122799	v1r
lemma/126791	v1r
lemma/126797	v6r
lemma/126955	v3r
lemma/126987	v4r
lemma/128617	v5r
lemma/130685	v4r
lemma/141730	v2r
lemma/26090	v1r
lemma/27134	v3r
lemma/27364	v1r
lemma/27649	v3r
lemma/31243	v1r
lemma/32057	v1r
lemma/46488	v1r
lemma/46665	v1r
lemma/48783	v1r
lemma/50743	v1r
lemma/54772	v4r
lemma/59409	v3r
lemma/65075	v1r
lemma/65327	v1r
lemma/70799	v1r
lemma/76694	v1r
lemma/82278	v1r
lemma/82746	v1r
lemma/83020	v1r
lemma/83076	v1r
lemma/83538	v4r
lemma/85887	v1r
lemma/86340	v4r
lemma/92645	v1r
lemma/94072	v3d
lemma/94847	v5r
lemma/95148	v2r
lemma/95380	v1d
lemma/95622	v5r
lemma/95965	v1r
lemma/98653	v1r
lemma/98684	v3r
lemma/100764	v1r
lemma/101181	v4r
lemma/101713	v1r
lemma/102191	v1r
lemma/103318	v7r
lemma/105775	v1r
lemma/108509	v3r
lemma/108882	v1r
lemma/112132	v1d
lemma/112133	v1r
lemma/114186	v1r
lemma/116419	v1r
lemma/116474	v3r
lemma/117055	v2r
lemma/119847	v3r
lemma/120448	v1r
lemma/122692	v1r
lemma/126164	v1r
lemma/128577	v3r
lemma/134185	v1r
lemma/142019	v1r
lemma/29409	v1r
lemma/32307	v3r
lemma/44030	v3r
lemma/46432	v3r
lemma/46510	v1r
lemma/47010	v1r
lemma/47868	v1r
lemma/49752	v1r
lemma/51712	v1r
lemma/52233	v1r
lemma/53518	v3r
lemma/55422	v1r
lemma/59767	v1r
lemma/59818	v1r
lemma/67037	v1r
lemma/72093	v3e
lemma/73169	v1r
lemma/74250	v1r
lemma/75273	v2r
lemma/76183	v1d
lemma/76757	v1r
lemma/77509	v1d
lemma/78784	v2d
lemma/81304	v1r
lemma/82171	v1r
lemma/82976	v1r
lemma/83536	v1r
lemma/85831	v1r
lemma/86907	v1r
lemma/87008	v3r
lemma/87576	v1r
lemma/87859	v1r
lemma/88799	v1r
lemma/90192	v3r
lemma/90243	v3r
lemma/92089	v6r
lemma/94639	v1r
lemma/94900	v1r
lemma/95209	v2r
lemma/95608	v1r
lemma/96117	v5r
lemma/96448	v3d
lemma/97056	v1r
lemma/98758	v1r
lemma/99318	v1r
lemma/99803	v4r
lemma/100772	v1r
lemma/101759	v4r
lemma/102429	v2r
lemma/102758	v5r
lemma/103328	v6r
lemma/103676	v1d
lemma/103677	v1r
lemma/105842	v1r
lemma/106287	v1r
lemma/106531	v1r
lemma/108383	v1r
lemma/108428	v5r
lemma/108525	v2r
lemma/111531	v3r
lemma/113754	v2r
lemma/113755	v4r
lemma/114314	v2r
lemma/115748	v1r
lemma/116728	v1r
lemma/116760	v1r
lemma/116968	v3r
lemma/117780	v1r
lemma/118767	v3r
lemma/122871	v4r
lemma/126573	v3r
lemma/138529	v1r
lemma/140026	v1r
lemma/26518	v1r
lemma/33130	v1r
lemma/35840	v1r
lemma/43497	v4r
lemma/46841	v1r
lemma/47917	v1r
lemma/48892	v1r
lemma/51304	v4r
lemma/53784	v1r
lemma/67908	v3e
lemma/68317	v1r
lemma/68361	v1r
lemma/69365	v3d
lemma/70610	v4r
lemma/70773	v1r
lemma/75538	v3r
lemma/93206	v1r
lemma/94073	v4r
lemma/94850	v3r
lemma/95980	v3r
lemma/96379	v3r
lemma/98271	v1r
lemma/99473	v1e
lemma/100765	v1r
lemma/102159	v3d
lemma/102192	v1r
lemma/104594	v3r
lemma/106940	v1r
lemma/108132	v1r
lemma/108475	v3r
lemma/108883	v1r
lemma/109443	v1r
lemma/114723	v4r
lemma/114724	v7r
lemma/117056	v1r
lemma/119015	v1d
lemma/120449	v3r
lemma/122693	v1r
lemma/122703	v1r
lemma/126165	v1r
lemma/128519	v3r
lemma/128578	v3r
lemma/128647	v3d
lemma/138010	v1r
lemma/141761	v1d
lemma/26340	v1r
lemma/26457	v1r
lemma/26517	v1r
lemma/27008	v1d
lemma/27343	v1r
lemma/30775	v1r
lemma/31433	v1r
lemma/32594	v1r
lemma/32645	v1r
lemma/32978	v1r
lemma/39437	v1r
lemma/40125	v1r
lemma/45380	v4r
lemma/47509	v1r
lemma/50336	v1r
lemma/54011	v4r
lemma/56150	v1r
lemma/56448	v1r
lemma/57366	v1r
lemma/59023	v1r
lemma/59712	v1r
lemma/59768	v1r
lemma/70935	v1r
lemma/75465	v3r
lemma/75776	v1r
lemma/76383	v1r
lemma/76434	v1r
lemma/77925	v4r
lemma/78320	v4r
lemma/83430	v1r
lemma/87577	v1r
lemma/88693	v1r
lemma/91269	v1r
lemma/94430	v1r
lemma/95609	v3r
lemma/95726	v4r
lemma/97109	v1r
lemma/97963	v2r
lemma/98759	v1r
lemma/98965	v3r
lemma/99079	v3r
lemma/99840	v3r
lemma/103728	v3r
lemma/104237	v1r
lemma/106481	v3d
lemma/106601	v1r
lemma/108526	v1r
lemma/109043	v1r
lemma/109903	v1r
lemma/111050	v1r
lemma/115750	v1r
lemma/116311	v1r
lemma/116700	v1r
lemma/117276	v3r
lemma/119740	v1r
lemma/119791	v2r
lemma/120143	v4r
lemma/121311	v1r
lemma/122503	v1r
lemma/122872	v1r
lemma/124631	v3r
lemma/127412	v3r
lemma/128568	v6r
lemma/128619	v1r
lemma/130301	v3r
lemma/26163	v3r
lemma/46842	v1r
lemma/47079	v1r
lemma/47459	v1r
lemma/47760	v1r
lemma/47811	v1r
lemma/48645	v3r
lemma/50694	v1r
lemma/53248	v1r
lemma/58550	v1r
lemma/58777	v1r
lemma/59783	v1r
lemma/65910	v1r
lemma/73041	v1r
lemma/73579	v1r
lemma/79620	v3r
lemma/81714	v1r
lemma/82579	v3d
lemma/82870	v4r
lemma/86909	v1r
lemma/87649	v1r
lemma/93279	v1r
lemma/94074	v1r
lemma/94308	v4r
lemma/94791	v1r
lemma/95967	v1r
lemma/98272	v3r
lemma/98703	v3r
lemma/99476	v3r
lemma/108884	v1r
lemma/113049	v1r
lemma/115485	v1r
lemma/119053	v2r
lemma/119811	v3r
lemma/122694	v3r
lemma/131735	v1r
lemma/137520	v1r
lemma/141762	v3r
lemma/30244	v1r
lemma/32292	v1r
lemma/32468	v1r
lemma/32595	v1r
lemma/35910	v1r
lemma/44032	v1r
lemma/44710	v1r
lemma/46383	v1r
lemma/46434	v3r
lemma/47352	v4r
lemma/47660	v1r
lemma/50337	v1r
lemma/58766	v3r
lemma/58975	v1r
lemma/70719	v1r
lemma/73141	v1r
lemma/74957	v3r
lemma/75386	v3r
lemma/75779	v2d
lemma/78786	v1r
lemma/81124	v1d
lemma/89974	v1r
lemma/90313	v1d
lemma/92091	v2r
lemma/94431	v1r
lemma/95682	v3r
lemma/96119	v1d
lemma/96120	v1r
lemma/96809	v1r
lemma/97037	v3r
lemma/98324	v3d
lemma/98575	v2r
lemma/99080	v3r
lemma/99344	v1r
lemma/100710	v3r
lemma/101735	v1r
lemma/104187	v3r
lemma/105207	v4r
lemma/105973	v3r
lemma/106482	v3r
lemma/114316	v1r
lemma/116497	v3r
lemma/117028	v4r
lemma/117835	v1r
lemma/118799	v4r
lemma/119792	v5r
lemma/119812	v2r
lemma/122504	v3r
lemma/122873	v1r
lemma/126221	v1r
lemma/126989	v4r
lemma/129307	v4r
lemma/136942	v5r
lemma/26116	v1r
lemma/26313	v1r
lemma/26398	v3r
lemma/26729	v1r
lemma/27367	v1r
lemma/27418	v3r
lemma/31678	v1r
lemma/32080	v1r
lemma/35967	v1r
lemma/37678	v1r
lemma/39280	v1r
lemma/41177	v1r
lemma/47359	v1r
lemma/47716	v1r
lemma/47761	v1r
lemma/50746	v1r
lemma/54929	v1r
lemma/55736	v4r
lemma/56524	v1r
lemma/58133	v4r
lemma/62540	v1r
lemma/63616	v1d
lemma/63896	v3r
lemma/65860	v1r
lemma/73932	v1d
lemma/78034	v1r
lemma/81664	v7e
lemma/92132	v4r
lemma/93171	v4r
lemma/94075	v5r
lemma/94309	v4r
lemma/94792	v1r
lemma/95625	v2e
lemma/95985	v1r
lemma/96370	v1r
lemma/96421	v3r
lemma/98304	v1r
lemma/98654	v1e
lemma/98686	v1r
lemma/99729	v5r
lemma/102194	v2r
lemma/102325	v1r
lemma/102361	v3r
lemma/103383	v1r
lemma/105727	v1d
lemma/105728	v1r
lemma/106246	v5r
lemma/107327	v1r
lemma/109154	v1r
lemma/111533	v1r
lemma/112379	v1r
lemma/114187	v1r
lemma/117058	v1r
lemma/117059	v2r
lemma/117410	v1r
lemma/118131	v3r
lemma/119356	v3r
lemma/120301	v1r
lemma/120344	v1r
lemma/122505	v1r
lemma/122695	v1r
lemma/125658	v3r
lemma/131389	v5r
lemma/134188	v1r
lemma/134239	v1r
lemma/141763	v5r
lemma/26479	v1r
lemma/28336	v1r
lemma/29313	v1r
lemma/33427	v1r
lemma/34125	v1r
lemma/37854	v1r
lemma/39388	v1r
lemma/46384	v1r
lemma/47831	v1r
lemma/48866	v1r
lemma/50338	v1r
lemma/65069	v1r
lemma/65929	v1r
lemma/66681	v1r
lemma/68006	v1r
lemma/71229	v1r
lemma/72561	v1r
lemma/75391	v4r
lemma/76385	v1r
lemma/76458	v1r
lemma/78816	v1r
lemma/79807	v1r
lemma/82225	v1r
lemma/85559	v1r
lemma/87165	v1r
lemma/90780	v1d
lemma/90781	v1r
lemma/93415	v3r
lemma/95210	v1r
lemma/98207	v2r
lemma/98245	v1r
lemma/98615	v1r
lemma/103327	v4r
lemma/104188	v2r
lemma/105843	v4r
lemma/106495	v4r
lemma/108384	v1r
lemma/114317	v1r
lemma/114444	v1r
lemma/114479	v3r
lemma/116850	v1r
lemma/117029	v3r
lemma/118768	v3r
lemma/118800	v5r
lemma/118844	v3r
lemma/119795	v1r
lemma/119813	v3r
lemma/122443	v3r
lemma/122777	v4r
lemma/122874	v1d
lemma/122875	v1r
lemma/130252	v1r
lemma/133623	v1r
lemma/134648	v1r
lemma/139984	v4r
lemma/26209	v3r
lemma/27419	v1r
lemma/27720	v2e
lemma/27855	v1r
lemma/29663	v1r
lemma/31163	v1r
lemma/31224	v1r
lemma/32084	v1r
lemma/36477	v1r
lemma/40239	v1r
lemma/46027	v1r
lemma/47762	v1r
lemma/50555	v1r
lemma/63782	v1r
lemma/65912	v1r
lemma/66937	v1r
lemma/70613	v1r
lemma/72412	v1r
lemma/73709	v1r
lemma/75411	v4r
lemma/75468	v1r
lemma/76794	v1r
lemma/78379	v1r
lemma/83024	v1r
lemma/85426	v1r
lemma/86419	v4r
lemma/86860	v1r
lemma/87128	v1r
lemma/87721	v1r
lemma/88251	v1r
lemma/92649	v4r
lemma/94076	v3r
lemma/94854	v1r
lemma/96380	v1r
lemma/96422	v1r
lemma/96680	v1r
lemma/98884	v3r
lemma/100819	v1r
lemma/102326	v2r
lemma/102360	v1r
lemma/107044	v1r
lemma/107365	v3r
lemma/108733	v3r
lemma/110517	v1r
lemma/113523	v3r
lemma/115606	v1r
lemma/116417	v1r
lemma/117230	v1r
lemma/119016	v3r
lemma/119382	v1r
lemma/122640	v4r
lemma/122655	v3r
lemma/122696	v3r
lemma/122704	v3r
lemma/123643	v1r
lemma/128520	v3r
lemma/128580	v3r
lemma/129381	v1r
lemma/131087	v3r
lemma/131436	v3d
lemma/131630	v1r
lemma/135158	v3r
lemma/136359	v1r
lemma/137406	v1r
lemma/137969	v2r
lemma/141764	v1r
lemma/29306	v1r
lemma/30887	v1r
lemma/32751	v1r
lemma/44349	v1r
lemma/45033	v1r
lemma/46436	v1r
lemma/47019	v1d
lemma/48731	v1r
lemma/50339	v1r
lemma/50640	v1r
lemma/50773	v1r
lemma/51579	v1r
lemma/62133	v4r
lemma/74653	v1r
lemma/75737	v3r
lemma/75989	v1r
lemma/78025	v1r
lemma/80917	v1r
lemma/81257	v4r
lemma/82175	v1r
lemma/83658	v3r
lemma/87578	v1r
lemma/88772	v1d
lemma/88773	v1r
lemma/90262	v5r
lemma/92491	v1d
lemma/93980	v1r
lemma/95211	v1r
lemma/95913	v3r
lemma/96293	v3r
lemma/96339	v3r
lemma/98209	v1r
lemma/98968	v1d
lemma/99435	v1r
lemma/101664	v1r
lemma/101737	v1r
lemma/104189	v3r
lemma/105270	v1d
lemma/106535	v2r
lemma/108478	v5r
lemma/109906	v3r
lemma/110846	v2r
lemma/111053	v1d
lemma/111054	v1r
lemma/114318	v1r
lemma/115751	v1d
lemma/115752	v1r
lemma/116701	v3r
lemma/117468	v2r
lemma/122366	v1r
lemma/122756	v1r
lemma/124634	v3d
lemma/126112	v2r
lemma/126890	v1d
lemma/126990	v3r
lemma/127030	v2r
lemma/127954	v1r
lemma/130232	v3r
lemma/136183	v1r
lemma/138532	v3r
lemma/141924	v2e
lemma/27369	v1r
lemma/39506	v1r
lemma/40205	v1r
lemma/40372	v1r
lemma/46769	v3r
lemma/47672	v1r
lemma/47763	v3r
lemma/51005	v3r
lemma/52232	v1r
lemma/59537	v3d
lemma/59781	v1r
lemma/64337	v1r
lemma/68365	v1r
lemma/70563	v3r
lemma/71947	v4r
lemma/76205	v1r
lemma/76846	v1r
lemma/78732	v1r
lemma/81610	v1r
lemma/87722	v1r
lemma/89331	v1r
lemma/90140	v1r
lemma/90871	v1d
lemma/90872	v1r
lemma/90977	v1r
lemma/93281	v1r
lemma/96888	v1r
lemma/98889	v4r
lemma/101630	v1r
lemma/102327	v3r
lemma/104709	v1r
lemma/115131	v3r
lemma/118717	v1r
lemma/119018	v3r
lemma/119383	v1r
lemma/121723	v3r
lemma/122590	v1r
lemma/122641	v2d
lemma/122642	v2r
lemma/122705	v1r
lemma/122876	v1r
lemma/122966	v1r
lemma/123150	v4r
lemma/124992	v1r
lemma/127552	v1r
lemma/129790	v4r
lemma/131089	v1r
lemma/131687	v1r
lemma/132707	v1r
lemma/133165	v1r
lemma/134083	v1r
lemma/137521	v1r
lemma/138014	v5r
lemma/25993	v1r
lemma/27829	v1r
lemma/34127	v1r
lemma/41940	v4r
lemma/43440	v1r
lemma/45036	v1r
lemma/46867	v1r
lemma/48681	v1r
lemma/48732	v1r
lemma/52635	v1r
lemma/60252	v1r
lemma/63384	v1r
lemma/68774	v1r
lemma/74444	v1r
lemma/75370	v3r
lemma/75469	v1r
lemma/83610	v3r
lemma/87493	v3r
lemma/88232	v3r
lemma/94239	v3r
lemma/94794	v1d
lemma/94795	v1r
lemma/96832	v3r
lemma/96939	v1r
lemma/97290	v1r
lemma/98196	i
lemma/98247	v1r
lemma/98576	v4r
lemma/101717	v1r
lemma/102140	v2r
lemma/105183	v1r
lemma/107454	v1r
lemma/108479	v1d
lemma/110402	v2e
lemma/110403	v2r
lemma/114319	v3r
lemma/115010	v1r
lemma/116677	v1d
lemma/117469	v2r
lemma/118846	v1r
lemma/120761	v1r
lemma/122367	v4r
lemma/122414	v1r
lemma/126224	v3r
lemma/126580	v1r
lemma/126957	v1r
lemma/126991	v3r
lemma/128056	v4r
lemma/138188	v1r
lemma/28231	v1r
lemma/32306	v1r
lemma/33159	v1r
lemma/34866	v1r
lemma/37448	v4r
lemma/39352	v1r
lemma/40155	v1r
lemma/40972	v1r
lemma/47764	v1r
lemma/50182	v3r
lemma/50910	v1r
lemma/53401	v4r
lemma/56355	v1r
lemma/58339	v3r
lemma/58493	v2r
lemma/58496	v1r
lemma/58853	v1r
lemma/66438	v4r
lemma/69573	v1d
lemma/70058	v1r
lemma/72609	v1r
lemma/74719	v4r
lemma/75332	v1r
lemma/80548	v1r
lemma/80555	v1r
lemma/81364	v1r
lemma/81560	v1r
lemma/82784	v1r
lemma/83246	v1r
lemma/85270	v1r
lemma/87541	v1d
lemma/87542	v1r
lemma/87723	v3r
lemma/94078	v6r
lemma/96424	v4r
lemma/97910	v1r
lemma/98140	v1r
lemma/98305	v3r
lemma/100305	v2r
lemma/100576	v6r
lemma/100577	v3r
lemma/105692	v1r
lemma/106249	v1r
lemma/106795	v3r
lemma/107328	v3r
lemma/111408	v6r
lemma/114677	v1r
lemma/117730	v3r
lemma/118032	v1r
lemma/118387	v1r
lemma/119019	v1d
lemma/119320	v2r
lemma/119357	v1r
lemma/119384	v3r
lemma/122591	v1d
lemma/122592	v1r
lemma/126482	v3r
lemma/129025	v1d
lemma/129648	v1r
lemma/130663	v3r
lemma/131391	v5r
lemma/134961	v1r
lemma/141732	v1r
lemma/141766	v6r
lemma/27263	v4r
lemma/32599	v1r
lemma/33052	v1r
lemma/36590	v1r
lemma/40335	v1r
lemma/42099	v3r
lemma/43035	v1r
lemma/45413	v3r
lemma/46438	v1r
lemma/49651	v1r
lemma/50550	v1r
lemma/58827	v1r
lemma/58973	v3r
lemma/60141	v1r
lemma/63021	v1r
lemma/65996	v1r
lemma/68548	v1r
lemma/73645	v1r
lemma/87166	v3r
lemma/89610	v1r
lemma/90198	v3r
lemma/90311	v4d
lemma/90312	v4r
lemma/90350	v1r
lemma/92559	v1r
lemma/94241	v1r
lemma/95943	v1r
lemma/97060	v1r
lemma/99625	v3r
lemma/102141	v3r
lemma/103335	v1r
lemma/106497	v1r
lemma/107528	v1r
lemma/108431	v1r
lemma/112580	v1d
lemma/112581	v1r
lemma/114441	v1r
lemma/114446	v1d
lemma/114447	v1r
lemma/116303	v3r
lemma/119765	v2r
lemma/119798	v1r
lemma/122415	v3r
lemma/122444	v1r
lemma/122877	v1d
lemma/122878	v1r
lemma/123560	v1r
lemma/124351	v1r
lemma/126063	v1r
lemma/126114	v5r
lemma/128057	v1r
lemma/130482	v1r
lemma/132601	v1r
lemma/133575	v1d
lemma/136129	v1
lemma/141710	v3r
lemma/26410	v1r
lemma/26910	v1r
lemma/28232	v1r
lemma/32135	v1r
lemma/36857	v1r
lemma/37449	v3e
lemma/43190	v4d
lemma/43527	v2r
lemma/45822	v3r
lemma/46244	v1d
lemma/46847	v1r
lemma/46861	v3r
lemma/47765	v4r
lemma/47816	v3r
lemma/50354	v1r
lemma/50556	v1r
lemma/59828	v1r
lemma/60160	v1r
lemma/60601	v1r
lemma/66889	v1r
lemma/70003	v1r
lemma/70565	v3r
lemma/70616	v1r
lemma/76332	v1r
lemma/76855	v1d
lemma/81612	v4r
lemma/84587	v3r
lemma/86861	v3r
lemma/88591	v4r
lemma/88642	v1r
lemma/93107	v1r
lemma/93922	v1d
lemma/93923	v1r
lemma/94079	v1r
lemma/94855	v3r
lemma/94947	v1r
lemma/95627	v1r
lemma/98090	v1r
lemma/98306	v3r
lemma/100306	v3r
lemma/101581	v1r
lemma/103626	v4r
lemma/106796	v1r
lemma/107208	v1r
lemma/108039	v1r
lemma/110597	v1r
lemma/113653	v4r
lemma/113964	v1r
lemma/117231	v2r
lemma/118439	v1d
lemma/120348	v3r
lemma/122643	v1r
lemma/122656	v3r
lemma/124458	v1r
lemma/125984	v4r
lemma/127555	v2r
lemma/128581	v1r
lemma/129792	v1d
lemma/136380	v2r
lemma/137407	v1r
lemma/27230	v1r
lemma/28289	v1r
lemma/31110	v4r
lemma/32089	v1r
lemma/32142	v1r
lemma/32163	v1r
lemma/34022	v1r
lemma/43942	v1r
lemma/46439	v1r
lemma/46661	v1r
lemma/46745	v3d
lemma/47121	v1r
lemma/47357	v3r
lemma/48734	v1r
lemma/52070	v3r
lemma/58749	v1r
lemma/59718	v1r
lemma/60142	v1r
lemma/62085	v1r
lemma/66639	v1r
lemma/71892	v1r
lemma/73069	v1r
lemma/75112	v1r
lemma/76690	v1r
lemma/78893	v1r
lemma/90551	v1r
lemma/90602	v1r
lemma/94242	v4r
lemma/95916	v2r
lemma/96294	v1d
lemma/96343	v1d
lemma/96834	v1r
lemma/98210	v3r
lemma/99626	v4r
lemma/100715	v5d
lemma/101769	v1r
lemma/104453	v1r
lemma/106498	v3r
lemma/108327	v3r
lemma/108389	v1r
lemma/108433	v3r
lemma/108782	v3r
lemma/110405	v1d
lemma/111480	v1d
lemma/111481	v1r
lemma/116307	v1r
lemma/116704	v1r
lemma/116854	v2r
lemma/116908	v2r
lemma/117678	v1r
lemma/119301	v3d
lemma/122416	v3r
lemma/122445	v1r
lemma/122757	v1r
lemma/122821	v3r
lemma/123429	v1r
lemma/126064	v3r
lemma/126891	v3r
lemma/126932	v5r
lemma/127850	v3r
lemma/130307	v2r
lemma/131309	v1r
lemma/135105	v3r
lemma/136840	v1r
lemma/141711	v3r
lemma/29431	v1d
lemma/29822	v1d
lemma/31060	v1r
lemma/31167	v1r
lemma/31226	v1r
lemma/32085	v1r
lemma/32708	v1r
lemma/36782	v1r
lemma/38498	v4d
lemma/46741	v1d
lemma/47766	v1d
lemma/50655	v1r
lemma/55322	v1r
lemma/58553	v1r
lemma/61168	v1r
lemma/67292	v1d
lemma/69786	v1r
lemma/75415	v1r
lemma/76501	v4r
lemma/87725	v2r
lemma/94718	v1r
lemma/95629	v1r
lemma/96683	v1r
lemma/98142	v1r
lemma/98658	v1r
lemma/98925	v2r
lemma/100641	v1r
lemma/100672	v1r
lemma/101582	v3r
lemma/102365	v3r
lemma/102834	v1r
lemma/104953	v1r
lemma/109267	v1r
lemma/110962	v1r
lemma/113459	v1r
lemma/113654	v1d
lemma/113655	v1r
lemma/114214	v6d
lemma/116618	v1d
lemma/116855	v3r
lemma/117233	v3r
lemma/119214	v1d
lemma/119722	v3r
lemma/120701	v3r
lemma/122644	v3r
lemma/122967	v3r
lemma/123970	v1r
lemma/126530	v3r
lemma/128583	v3r
lemma/129385	v5r
lemma/131438	v3r
lemma/26347	v1r
lemma/26756	v1r
lemma/27291	v1r
lemma/33105	v4r
lemma/33922	v1r
lemma/39043	v1r
lemma/43433	v3r
lemma/44906	v1r
lemma/46101	v1r
lemma/46282	v1r
lemma/46389	v3r
lemma/46397	v1r
lemma/51970	v1r
lemma/56140	v1r
lemma/58914	v1r
lemma/59719	v1r
lemma/60409	v1r
lemma/66426	v3d
lemma/67318	v1r
lemma/67865	v1r
lemma/71127	v3r
lemma/73371	v1d
lemma/73789	v3r
lemma/74751	v3r
lemma/77251	v1r
lemma/88724	v3r
lemma/89612	v1r
lemma/94243	v1r
lemma/95917	v5r
lemma/96226	v3r
lemma/97600	v3r
lemma/98551	v1r
lemma/98577	v2r
lemma/99374	v3r
lemma/99576	v3r
lemma/99627	v4r
lemma/102143	v1r
lemma/103520	v3r
lemma/104651	v4r
lemma/105846	v3r
lemma/106539	v1r
lemma/107017	v3r
lemma/107457	v1r
lemma/114016	v1r
lemma/119302	v3r
lemma/119668	v3r
lemma/120242	v3r
lemma/122368	v1r
lemma/126892	v1r
lemma/130308	v3r
lemma/132552	v3
lemma/134546	v1r
lemma/136196	v3r
lemma/138434	v1r
lemma/141994	v3r
lemma/26620	v2r
lemma/27328	v1r
lemma/27430	v1d
lemma/27594	v1r
lemma/29719	v1d
lemma/40158	v1r
lemma/42940	v1r
lemma/43422	v1r
lemma/47767	v4r
lemma/48738	v1d
lemma/50368	v1r
lemma/59620	v4r
lemma/61374	v1r
lemma/63872	v1r
lemma/65350	v1r
lemma/68313	v1r
lemma/71536	v1r
lemma/72862	v1r
lemma/73704	v1r
lemma/73780	v3r
lemma/73803	v1r
lemma/76334	v1r
lemma/76595	v1r
lemma/78696	v1r
lemma/87726	v3r
lemma/90671	v6r
lemma/91850	v1d
lemma/93056	v3e
lemma/95351	v1d
lemma/96685	v2r
lemma/100674	v5r
lemma/105055	v1r
lemma/106897	v1r
lemma/112737	v1r
lemma/119218	v1r
lemma/119359	v4r
lemma/120048	v3r
lemma/122645	v3r
lemma/123971	v1r
lemma/126483	v3r
lemma/129386	v6r
lemma/130201	v1r
lemma/131021	v1r
lemma/131392	v1r
lemma/134087	v1r
lemma/137523	v2r
lemma/26094	v1r
lemma/27266	v1r
lemma/27695	v1r
lemma/28184	v3d
lemma/29612	v1r
lemma/30502	v1d
lemma/31470	v1r
lemma/32030	v1r
lemma/34206	v1r
lemma/35049	v1d
lemma/41020	v1r
lemma/46334	v1r
lemma/47328	v1r
lemma/50594	v1r
lemma/50596	v1r
lemma/52123	v1r
lemma/53097	v1r
lemma/59796	v1r
lemma/60045	v2r
lemma/60144	v1r
lemma/64811	v4r
lemma/75774	v1r
lemma/87498	v1r
lemma/88236	v3r
lemma/89613	v3r
lemma/90351	v1r
lemma/92060	v1r
lemma/94244	v3r
lemma/95173	v1r
lemma/95213	v1r
lemma/95561	v1r
lemma/95811	v1r
lemma/96019	v2r
lemma/96348	v3r
lemma/98552	v3r
lemma/98617	v1r
lemma/99577	v5r
lemma/103470	v2r
lemma/112896	v1r
lemma/114018	v4r
lemma/118958	v1r
lemma/119303	v3r
lemma/122369	v1r
lemma/125910	v1r
lemma/126893	v4d
lemma/126934	v3r
lemma/129911	v1r
lemma/136949	v1r
lemma/137218	v1r
lemma/137867	v5r
lemma/137918	v3r
lemma/138199	v1r
lemma/141995	v1r
lemma/142071	v1r
lemma/26298	v1r
lemma/26349	v1r
lemma/28235	v1d
lemma/32602	v4r
lemma/32926	v1r
lemma/38829	v1r
lemma/43423	v1r
lemma/43479	v1r
lemma/44397	v1r
lemma/47768	v1r
lemma/50237	v1r
lemma/50558	v1r
lemma/58806	v1r
lemma/59681	v1r
lemma/63943	v3r
lemma/69288	v1r
lemma/72046	v1r
lemma/73015	v1r
lemma/74908	v4r
lemma/76181	v1r
lemma/78630	v1r
lemma/87132	v1r
lemma/87620	v1r
lemma/88091	v1r
lemma/88645	v3r
lemma/90554	v2r
lemma/94749	v1r
lemma/96687	v3r
lemma/98817	v3r
lemma/98932	v1r
lemma/99062	v3r
lemma/99339	v1r
lemma/100610	v4r
lemma/101635	v3r
lemma/101996	v1r
lemma/103280	v3r
lemma/103578	v2r
lemma/106252	v3r
lemma/116857	v1r
lemma/118743	v3r
lemma/119322	v3r
lemma/120615	v5r
lemma/122646	v3r
lemma/122657	v1r
lemma/125098	v1d
lemma/125966	v2r
lemma/129387	v2r
lemma/137408	v3r
lemma/137811	v1r
lemma/138019	v4r
lemma/27539	v1r
lemma/32906	v1r
lemma/39089	v1r
lemma/39602	v1r
lemma/44040	v3r
lemma/46335	v1r
lemma/46912	v4r
lemma/47712	v1r
lemma/49655	v1r
lemma/53149	v1r
lemma/57585	v3r
lemma/58645	v3r
lemma/59154	v1r
lemma/60009	v1r
lemma/60261	v3r
lemma/67805	v1r
lemma/69209	v1r
lemma/73424	v1r
lemma/74090	v1r
lemma/75009	v1r
lemma/79099	v1r
lemma/83054	v1r
lemma/86508	v1r
lemma/87792	v1r
lemma/88779	v1r
lemma/92390	v2r
lemma/92565	v3r
lemma/96270	v1r
lemma/96350	v3r
lemma/98553	v3r
lemma/99437	v3d
lemma/99629	v3r
lemma/101120	v2r
lemma/102962	v1r
lemma/106499	v2r
lemma/108329	v3r
lemma/108785	v1r
lemma/108786	v3r
lemma/115034	v1r
lemma/118959	v3r
lemma/119304	v1r
lemma/122344	v1d
lemma/122345	v1r
lemma/122417	v3r
lemma/122446	v1r
lemma/122822	v3r
lemma/123564	v3r
lemma/123615	v1r
lemma/126935	v2r
lemma/129548	v1d
lemma/129549	v1r
lemma/137403	v3r
lemma/137919	v1r
lemma/141996	v3r
lemma/26161	v1r
lemma/28035	v1r
lemma/28666	v1r
lemma/31114	v1r
lemma/32139	v1r
lemma/36785	v1r
lemma/38731	v1r
lemma/38779	v1r
lemma/41503	v2r
lemma/44449	v1r
lemma/46254	v1r
lemma/46744	v3r
lemma/47769	v4r
lemma/50292	v1r
lemma/50508	v1r
lemma/54816	v1r
lemma/56669	v1r
lemma/67960	v3r
lemma/70164	v1r
lemma/70569	v3r
lemma/71487	v3r
lemma/74933	v1r
lemma/75841	v1r
lemma/76548	v1d
lemma/78805	v1r
lemma/80669	v1r
lemma/82571	v1r
lemma/83130	v4r
lemma/90555	v3r
lemma/92366	v1r
lemma/95839	v1r
lemma/95870	v1r
lemma/96990	v4r
lemma/98094	v1r
lemma/98165	v1r
lemma/98578	v1r
lemma/98819	v3d
lemma/99063	v3r
lemma/99730	v3r
lemma/101585	v1r
lemma/101997	v3r
lemma/103989	v1r
lemma/105003	v1r
lemma/106437	v5d
lemma/113414	v1d
lemma/113708	v3d
lemma/115136	v1d
lemma/115137	v1r
lemma/116619	v1r
lemma/116858	v1r
lemma/117168	v2r
lemma/117491	v3r
lemma/118285	v4r
lemma/119713	v3d
lemma/120610	v1r
lemma/122968	v3r
lemma/124125	v3r
lemma/125502	v1r
lemma/126420	v2r
lemma/126533	v3r
lemma/129388	v3r
lemma/138028	v2r
lemma/26192	v1r
lemma/29983	v1r
lemma/33058	v1r
lemma/46285	v1r
lemma/47575	v1r
lemma/47615	v1r
lemma/47635	v5r
lemma/47713	v1r
lemma/49664	v1r
lemma/51263	v1r
lemma/56098	v1r
lemma/59052	v1d
lemma/60769	v1r
lemma/63438	v1r
lemma/68724	v4r
lemma/70054	v1r
lemma/76089	v1r
lemma/83408	v3r
lemma/87031	v2r
lemma/87079	v3r
lemma/87543	v2r
lemma/88725	v2r
lemma/89109	v1r
lemma/95813	v1r
lemma/96351	v4r
lemma/99579	v3r
lemma/100215	v3r
lemma/101121	v3r
lemma/105644	v1r
lemma/107812	v3r
lemma/107838	v1r
lemma/110339	v1r
lemma/111306	v1r
lemma/113466	v1r
lemma/116802	v1r
lemma/120245	v1r
lemma/122602	v3r
lemma/123436	v1r
lemma/126119	v1r
lemma/126226	v2r
lemma/126936	v3r
lemma/127037	v1r
lemma/133524	v1r
lemma/135410	v1r
lemma/137373	v4r
lemma/27498	v1r
lemma/27677	v1r
lemma/30095	v1r
lemma/30963	v1r
lemma/31891	v1d
lemma/43284	v1r
lemma/44716	v1r
lemma/45779	v3r
lemma/55580	v1r
lemma/59129	v1d
lemma/63875	v1r
lemma/65320	v3r
lemma/69880	v1r
lemma/72262	v4r
lemma/75328	v1r
lemma/75951	v3r
lemma/76337	v3r
lemma/77926	v1r
lemma/78632	v1r
lemma/81215	v3d
lemma/82956	v4r
lemma/84409	v1r
lemma/89207	v3r
lemma/90556	v3r
lemma/90672	v5r
lemma/91882	v1r
lemma/92442	v1d
lemma/92443	v1r
lemma/95354	v1r
lemma/95871	v3r
lemma/99064	v1r
lemma/99932	v3r
lemma/100612	v6r
lemma/100678	v1r
lemma/101637	v1r
lemma/101999	v6r
lemma/102606	v1r
lemma/103064	v1r
lemma/109815	v1r
lemma/111013	v1r
lemma/115098	v2e
lemma/115099	v2r
lemma/117720	v1r
lemma/119714	v3r
lemma/120051	v3r
lemma/122391	v1r
lemma/123157	v1r
lemma/126145	v1r
lemma/126484	v3r
lemma/126532	v1r
lemma/126853	v3r
lemma/26244	v1r
lemma/31524	v4r
lemma/32549	v1r
lemma/38173	v1r
lemma/44886	v1d
lemma/47522	v3r
lemma/47663	v1r
lemma/47737	v1d
lemma/49141	v1r
lemma/50456	v1r
lemma/51618	v1r
lemma/58903	v1r
lemma/61116	v3r
lemma/70872	v2r
lemma/74004	v1r
lemma/75777	v3r
lemma/78173	v1r
lemma/87080	v1r
lemma/89616	v1r
lemma/90352	v1r
lemma/95522	v1r
lemma/96839	v1r
lemma/97348	v3r
lemma/97606	v3r
lemma/99651	v3r
lemma/99695	v3r
lemma/100970	v4d
lemma/101122	v3d
lemma/102147	v4r
lemma/102270	v4r
lemma/105588	v1d
lemma/105589	v1r
lemma/106959	v1r
lemma/108787	v2r
lemma/110340	v1r
lemma/114338	v2r
lemma/114520	v3r
lemma/116265	v6r
lemma/116803	v1r
lemma/117261	v1r
lemma/118905	v3r
lemma/119306	v3r
lemma/120140	v3r
lemma/120195	v3r
lemma/121119	v1r
lemma/122490	v3r
lemma/123101	v1r
lemma/126894	v2r
lemma/126937	v5r
lemma/127153	v1r
lemma/128476	v1r
lemma/130484	v3d
lemma/132556	v1d
lemma/141716	v1e
lemma/26870	v1d
lemma/31245	v1r
lemma/33133	v1r
lemma/34408	v1r
lemma/40878	v3r
lemma/43686	v1r
lemma/43834	v1r
lemma/46910	v4r
lemma/47886	v1r
lemma/48798	v3d
lemma/50541	v1r
lemma/52535	v1r
lemma/60099	v2r
lemma/74013	v1r
lemma/75369	v1r
lemma/75420	v1r
lemma/76287	v1r
lemma/82774	v1r
lemma/87424	v1r
lemma/89778	v1d
lemma/89779	v1r
lemma/90673	v2r
lemma/94437	v1r
lemma/94750	v3r
lemma/95355	v3r
lemma/96688	v5r
lemma/99065	v1r
lemma/99340	v1r
lemma/101587	v1r
lemma/101638	v1r
lemma/102573	v1r
lemma/102607	v3r
lemma/103116	v1d
lemma/105072	v3r
lemma/114379	v5r
lemma/119220	v1r
lemma/119323	v1r
lemma/122658	v5r
lemma/124944	v3r
lemma/126146	v3d
lemma/131033	v6r
lemma/131940	v1r
lemma/134392	v1r
lemma/134443	v1r
lemma/135468	v1r
lemma/27026	v1r
lemma/27882	v1r
lemma/28102	v4r
lemma/29108	v1r
lemma/30464	v3r
lemma/45262	v1d
lemma/48689	v1r
lemma/49658	v1r
lemma/50598	v1r
lemma/50950	v1r
lemma/56705	v1d
lemma/56776	v1r
lemma/58597	v1r
lemma/59002	v1r
lemma/59974	v6
lemma/70896	v1r
lemma/72402	v1r
lemma/73399	v1r
lemma/80319	v1r
lemma/80550	v1r
lemma/81776	v3r
lemma/87081	v1r
lemma/89510	v3r
lemma/89617	v3r
lemma/90353	v4r
lemma/94135	v4r
lemma/94184	v3r
lemma/94246	v3r
lemma/95815	v1r
lemma/98556	v4d
lemma/98557	v4r
lemma/100971	v3r
lemma/108272	v1r
lemma/110409	v1r
lemma/113552	v3r
lemma/114341	v4d
lemma/117262	v1r
lemma/118696	v3r
lemma/119256	v3r
lemma/119307	v1r
lemma/122823	v1r
lemma/122850	v1r
lemma/123567	v2r
lemma/123618	v3r
lemma/123977	v1r
lemma/126780	v6r
lemma/126895	v3r
lemma/126938	v3r
lemma/127039	v3r
lemma/129799	v1r
lemma/130051	v3r
lemma/131532	v1r
lemma/137224	v2r
lemma/26705	v1r
lemma/27214	v1d
lemma/27547	v1r
lemma/29157	v2r
lemma/32392	v1r
lemma/34437	v1r
lemma/41382	v1r
lemma/42227	v3r
lemma/47014	v1r
lemma/47926	v1r
lemma/49199	v3r
lemma/50509	v1r
lemma/52020	v1r
lemma/68646	v1r
lemma/75233	v3r
lemma/82310	v1r
lemma/88950	v1d
lemma/89628	v3r
lemma/90558	v1r
lemma/90736	v1r
lemma/91118	v2r
lemma/93929	v1d
lemma/93930	v1r
lemma/98820	v3r
lemma/99066	v1d
lemma/99342	v6r
lemma/101639	v3r
lemma/102475	v4r
lemma/103990	v1r
lemma/105008	v1r
lemma/106438	v1d
lemma/108681	v4r
lemma/113918	v1r
lemma/117492	v1r
lemma/122776	v2r
lemma/122969	v5d
lemma/128372	v2r
lemma/130384	v3r
lemma/131890	v1r
lemma/26428	v3r
lemma/27021	v1r
lemma/27215	v1r
lemma/28189	v1r
lemma/31392	v1r
lemma/33877	v1r
lemma/35051	v1r
lemma/39360	v1d
lemma/42069	v1r
lemma/47665	v1d
lemma/49092	v1r
lemma/49659	v1r
lemma/50419	v1d
lemma/52844	v4r
lemma/59429	v1r
lemma/63362	v1r
lemma/68908	v1r
lemma/69185	v1r
lemma/78241	v4r
lemma/80462	v1r
lemma/89567	v2r
lemma/94136	v2r
lemma/94185	v3r
lemma/94247	v1r
lemma/95300	v1r
lemma/95765	v1r
lemma/95816	v2r
lemma/97408	v1r
lemma/98509	v3r
lemma/101073	v1r
lemma/101536	v4r
lemma/102450	v3r
lemma/102966	v1r
lemma/103949	v4r
lemma/104657	v4r
lemma/106387	v3r
lemma/113553	v1r
lemma/114629	v1r
lemma/117263	v3r
lemma/117314	v3r
lemma/119308	v1r
lemma/120197	v3r
lemma/122492	v4r
lemma/122603	v4d
lemma/126781	v5r
lemma/126832	v2r
lemma/126939	v3r
lemma/127515	v5r
lemma/130389	v4r
lemma/131998	v1r
lemma/137374	v2r
lemma/142076	v6r
lemma/142120	v6d
lemma/27180	v1r
lemma/29163	v1r
lemma/32622	v1r
lemma/41899	v5r
lemma/42760	v3r
lemma/43377	v3r
lemma/45314	v1r
lemma/46181	v1r
lemma/46966	v1r
lemma/50143	v4r
lemma/58558	v1r
lemma/58819	v1r
lemma/60019	v3r
lemma/64847	v1r
lemma/73321	v1r
lemma/75793	v1r
lemma/75851	v1r
lemma/78635	v1r
lemma/79824	v1r
lemma/82980	v1r
lemma/89593	v3r
lemma/90559	v1r
lemma/91119	v3r
lemma/92445	v1r
lemma/95357	v1r
lemma/100679	v2r
lemma/100680	v3r
lemma/103067	v4r
lemma/103903	v3r
lemma/107996	v1r
lemma/109820	v1r
lemma/113419	v1r
lemma/114931	v3r
lemma/115589	v3d
lemma/117548	v4r
lemma/119150	v3r
lemma/119620	v1r
lemma/119717	v2d
lemma/120054	v4r
lemma/120094	v1d
lemma/120141	v2r
lemma/122392	v1r
lemma/123848	v1r
lemma/125455	v2r
lemma/126373	v1r
lemma/127962	v1r
lemma/128322	v1r
lemma/134394	v1r
lemma/26247	v4r
lemma/31527	v1r
lemma/37216	v1r
lemma/41843	v1r
lemma/50724	v1d
lemma/51011	v1r
lemma/58907	v1r
lemma/59436	v1r
lemma/59511	v1r
lemma/59976	v3r
lemma/82522	v1r
lemma/87033	v3r
lemma/87084	v3r
lemma/88513	v1d
lemma/89568	v5r
lemma/90315	v3d
lemma/90631	v1d
lemma/90632	v1r
lemma/94281	v4r
lemma/95419	v3r
lemma/95817	v3r
lemma/98910	v3r
lemma/110867	v1r
lemma/117315	v1r
lemma/119173	v2r
lemma/119258	v1r
lemma/119988	v1r
lemma/121120	v5r
lemma/126782	v3r
lemma/128442	v5r
lemma/130888	v5r
lemma/137228	v1r
lemma/137375	v1r
lemma/141719	v3e
lemma/26656	v1r
lemma/29260	v1r
lemma/30050	v1r
lemma/30967	v1r
lemma/38021	v1d
lemma/38022	v1r
lemma/42224	v1r
lemma/42761	v3r
lemma/46442	v1r
lemma/46749	v1r
lemma/47309	v1r
lemma/47610	v5r
lemma/47888	v4r
lemma/53915	v1r
lemma/54787	v1r
lemma/57574	v3r
lemma/58504	v1d
lemma/58543	v1r
lemma/67246	v1r
lemma/72677	v3d
lemma/75316	v1r
lemma/79577	v3r
lemma/79980	v1r
lemma/87110	v1r
lemma/87425	v1r
lemma/87683	v3e
lemma/90674	v1r
lemma/92038	v4r
lemma/92446	v3d
lemma/92447	v3r
lemma/92448	v4r
lemma/94282	v3r
lemma/95057	v1r
lemma/95358	v3r
lemma/95877	v1r
lemma/100616	v2r
lemma/100617	v3r
lemma/101907	v1r
lemma/102579	v1r
lemma/103012	v1d
lemma/103904	v1d
lemma/103905	v1r
lemma/106752	v3r
lemma/108275	v1r
lemma/112403	v1r
lemma/114586	v3r
lemma/114932	v1r
lemma/115505	v6r
lemma/116882	v3r
lemma/117549	v3r
lemma/119174	v4r
lemma/119221	v5r
lemma/120055	v1r
lemma/122800	v3r
lemma/125719	v1r
lemma/126374	v4r
lemma/126425	v3r
lemma/126857	v3r
lemma/128326	v1r
lemma/133069	v1r
lemma/136690	v3r
lemma/138031	v2r
lemma/141877	v3r
lemma/141941	v3r
lemma/27574	v1r
lemma/31182	v1r
lemma/33006	v1r
lemma/34872	v1r
lemma/39191	v1r
lemma/47422	v1r
lemma/47718	v1r
lemma/48636	v1r
lemma/58004	v1r
lemma/58455	v1r
lemma/59512	v1r
lemma/59838	v1r
lemma/69527	v1r
lemma/69885	v1r
lemma/70059	v1r
lemma/70832	v1r
lemma/71803	v1r
lemma/72734	v4r
lemma/75938	v1r
lemma/76234	v1r
lemma/81463	v1r
lemma/82887	v1r
lemma/85844	v1r
lemma/85990	v1r
lemma/87035	v3r
lemma/87377	v4r
lemma/95767	v1r
lemma/100974	v1r
lemma/101485	v1r
lemma/102002	v1r
lemma/112848	v2r
lemma/114342	v1r
lemma/117265	v4r
lemma/117421	v3r
lemma/122346	v3r
lemma/123463	v1r
lemma/126190	v1r
lemma/126783	v5d
lemma/126834	v2r
lemma/129711	v1d
lemma/129712	v1r
lemma/134906	v1r
lemma/136282	v3r
lemma/137409	v3r
lemma/142073	v3r
lemma/27283	v1r
lemma/27329	v1d
lemma/29288	v1r
lemma/29512	v1r
lemma/32395	v1r
lemma/32773	v3r
lemma/35766	v1r
lemma/39720	v1r
lemma/43680	v1r
lemma/46183	v1r
lemma/54255	v1r
lemma/57336	v1r
lemma/58544	v1r
lemma/58774	v1d
lemma/59434	v1r
lemma/59870	v1r
lemma/67365	v1r
lemma/73839	v1d
lemma/75317	v1r
lemma/78637	v1r
lemma/86551	v1r
lemma/87427	v1r
lemma/88151	v1d
lemma/90582	v1r
lemma/90680	v1r
lemma/94283	v1r
lemma/98048	v3r
lemma/98425	v1r
lemma/98861	v1r
lemma/99069	v1r
lemma/99886	v1r
lemma/101956	v5r
lemma/103830	v1r
lemma/103856	v3r
lemma/106333	v3r
lemma/106407	v1r
lemma/106849	v4r
lemma/108276	v3r
lemma/111938	v1r
lemma/114630	v1r
lemma/116164	v1r
lemma/117373	v1r
lemma/118592	v2r
lemma/126084	v6r
lemma/128373	v1r
lemma/131893	v1r
lemma/141971	v
lemma/27626	v1r
lemma/32091	v1r
lemma/35409	v1r
lemma/43323	v3r
lemma/46805	v1r
lemma/46974	v3r
lemma/47719	v1r
lemma/50137	v1r
lemma/54664	v1r
lemma/59623	v1r
lemma/59978	v1r
lemma/60862	v5r
lemma/74306	v1r
lemma/84684	v4r
lemma/85991	v1r
lemma/87985	v1d
lemma/88037	v3r
lemma/91424	v1r
lemma/94139	v1r
lemma/94186	v2r
lemma/94799	v3r
lemma/98912	v5r
lemma/101486	v3r
lemma/106130	v3r
lemma/107818	v3r
lemma/108582	v1r
lemma/114525	v1r
lemma/118909	v1r
lemma/122495	v6e
lemma/122604	v4r
lemma/126784	v1r
lemma/126835	v5r
lemma/137252	v2r
lemma/137711	v5r
lemma/28562	v1r
lemma/33416	v1r
lemma/46801	v1r
lemma/47052	v1r
lemma/51164	v3r
lemma/54256	v1r
lemma/58545	v1r
lemma/58923	v4d
lemma/61014	v1r
lemma/61744	v1r
lemma/64756	v3r
lemma/65788	v1d
lemma/79837	v1r
lemma/82314	v1r
lemma/87628	v1r
lemma/95106	v1r
lemma/96536	v1d
lemma/96537	v1r
lemma/98862	v3r
lemma/98969	v1r
lemma/99887	v1r
lemma/100618	v3r
lemma/104340	v1r
lemma/106334	v3r
lemma/107973	v4r
lemma/108277	v2r
lemma/108278	v3r
lemma/109705	v1r
lemma/113721	v2r
lemma/114117	v4r
lemma/115590	v3r
lemma/116886	v3r
lemma/117171	v5r
lemma/122393	v1r
lemma/123743	v1r
lemma/126427	v3r
lemma/128328	v3r
lemma/129180	v1d
lemma/129465	v1r
lemma/134448	v1r
lemma/141880	v3r
lemma/46190	v1r
lemma/46195	v1r
lemma/47669	v1r
lemma/48587	v1r
lemma/48740	v1r
lemma/53626	v3r
lemma/59016	v1r
lemma/59055	v1r
lemma/59892	v1r
lemma/60046	v1r
lemma/62290	v1r
lemma/62341	v1d
lemma/63166	v1r
lemma/66402	v4r
lemma/72772	v1r
lemma/83748	v1r
lemma/84150	v3r
lemma/85604	v1r
lemma/87087	v1r
lemma/87374	v3r
lemma/88038	v1r
lemma/89112	v1r
lemma/94187	v4r
lemma/95253	v1r
lemma/95769	v2d
lemma/98787	v3r
lemma/99014	v3r
lemma/99659	v1r
lemma/99700	v3r
lemma/100976	v1r
lemma/106132	v1r
lemma/107771	v1r
lemma/107819	v1r
lemma/108171	v5r
lemma/109306	v1r
lemma/111839	v1d
lemma/114273	v4r
lemma/114526	v3r
lemma/117110	v1r
lemma/122548	v1r
lemma/123267	v2r
lemma/125422	v1r
lemma/125811	v1r
lemma/126019	v1r
lemma/126785	v1r
lemma/126836	v1r
lemma/128263	v5r
lemma/128327	v1r
lemma/129339	v1r
lemma/134290	v1r
lemma/137229	v1r
lemma/141728	v1r
lemma/26092	v2e
lemma/27985	v4r
lemma/29725	v1r
lemma/30936	v1r
lemma/39490	v1r
lemma/40897	v1r
lemma/43176	v1r
lemma/46185	v1r
lemma/50496	v1r
lemma/59515	v1r
lemma/59923	v1r
lemma/63009	v1r
lemma/68323	v1r
lemma/75319	v1r
lemma/75597	v1r
lemma/81874	v1r
lemma/84481	v1r
lemma/90915	v5r
lemma/94285	v2r
lemma/95058	v2r
lemma/96222	v1d
lemma/96738	v1r
lemma/102273	v1r
lemma/104154	v1d
lemma/112405	v4r
lemma/112851	v2r
lemma/113722	v3r
lemma/116575	v3r
lemma/117955	v3r
lemma/118594	v1e
lemma/118869	v3r
lemma/119582	v3r
lemma/122394	v1r
lemma/122779	v3r
lemma/125171	v1r
lemma/126858	v3r
lemma/127873	v1r
lemma/127920	v2r
lemma/128374	v2r
lemma/128676	v3r
lemma/27521	v1r
lemma/28030	v1r
lemma/28262	v1r
lemma/31035	v1r
lemma/32908	v1r
lemma/46403	v1r
lemma/46968	v1r
lemma/47684	v3d
lemma/50956	v6
lemma/63367	v1r
lemma/74914	v1r
lemma/76646	v1r
lemma/81782	v1r
lemma/84533	v1r
lemma/87036	v3r
lemma/87375	v1r
lemma/87471	v1r
lemma/88002	v1r
lemma/89523	v1d
lemma/94188	v2r
lemma/95429	v1r
lemma/95471	v1r
lemma/99015	v2r
lemma/99016	v3r
lemma/99701	v1d
lemma/99702	v1r
lemma/100870	v3r
lemma/106442	v2r
lemma/106962	v3r
lemma/110238	v2r
lemma/112482	v3r
lemma/112796	v5d
lemma/112797	v5r
lemma/113835	v1r
lemma/114527	v1r
lemma/114649	v3r
lemma/117212	v2r
lemma/117319	v3r
lemma/118035	v1r
lemma/122347	v2r
lemma/123271	v1r
lemma/126388	v3r
lemma/126786	v2r
lemma/128264	v2r
lemma/130891	v5r
lemma/26144	v1r
lemma/26961	v1r
lemma/29787	v1d
lemma/44759	v1r
lemma/46713	v1r
lemma/50390	v1r
lemma/50617	v1r
lemma/51883	v1r
lemma/53932	v1r
lemma/62355	v1r
lemma/68574	v1r
lemma/70026	v1r
lemma/73490	v1r
lemma/75326	v1r
lemma/75570	v1r
lemma/77737	v1r
lemma/78941	v1r
lemma/79966	v1r
lemma/82798	v1r
lemma/87428	v4r
lemma/87685	v1r
lemma/90583	v3r
lemma/90916	v6r
lemma/94107	v1r
lemma/94286	v3r
lemma/95060	v1r
lemma/96140	v3r
lemma/96223	v3r
lemma/98052	v1d
lemma/98053	v1r
lemma/99889	v1r
lemma/106336	v1r
lemma/106408	v2r
lemma/107662	v1r
lemma/108279	v3r
lemma/108296	v1r
lemma/108631	v4r
lemma/109668	v5r
lemma/112407	v3r
lemma/114548	v1r
lemma/116577	v3r
lemma/116652	v3r
lemma/117375	v1r
lemma/117891	v1r
lemma/122802	v4r
lemma/126429	v3r
lemma/126648	v1d
lemma/128692	v2r
lemma/135419	v1r
lemma/141882	v3d
lemma/27629	v1r
lemma/29056	v3r
lemma/30915	v1r
lemma/31016	v4r
lemma/33388	v1r
lemma/46595	v2r
lemma/46719	v1r
lemma/47686	v1r
lemma/50957	v1r
lemma/53353	v1r
lemma/53404	v3r
lemma/55585	v1r
lemma/67775	v1r
lemma/69249	v1r
lemma/75162	v1r
lemma/75729	v7e
lemma/81004	v3d
lemma/88003	v5r
lemma/92772	v1r
lemma/94140	v3r
lemma/94189	v4r
lemma/94617	v1r
lemma/94695	v5r
lemma/95255	v1r
lemma/96173	v3r
lemma/99782	v1r
lemma/100871	v1r
lemma/100978	v2r
lemma/101488	v3r
lemma/104924	v1r
lemma/108172	v3r
lemma/110910	v1r
lemma/114344	v3r
lemma/116168	v1r
lemma/116193	v1r
lemma/117269	v1r
lemma/118910	v5r
lemma/120147	v1d
lemma/120148	v1r
lemma/122549	v1r
lemma/122605	v2r
lemma/122753	v3r
lemma/126271	v2e
lemma/126787	v5d
lemma/128265	v3r
lemma/27394	v1d
lemma/30865	v1r
lemma/35885	v1r
lemma/38114	v1r
lemma/41690	v1r
lemma/41741	v1r
lemma/46617	v3r
lemma/47209	v1r
lemma/55592	v1r
lemma/60457	v4r
lemma/67424	v1r
lemma/68114	v1r
lemma/73630	v1r
lemma/74245	v1r
lemma/75571	v4r
lemma/75622	v3
lemma/78942	v1r
lemma/81927	v1r
lemma/85121	v1r
lemma/87647	v3r
lemma/90052	v1r
lemma/91796	v4r
lemma/94287	v2d
lemma/96224	v1r
lemma/97142	v3r
lemma/97269	v4r
lemma/98400	v3d
lemma/98865	v3r
lemma/99128	v1r
lemma/101962	v6r
lemma/102048	v3r
lemma/102469	v2r
lemma/102865	v1r
lemma/102916	v1r
lemma/103017	v3r
lemma/106409	v3r
lemma/107675	v1r
lemma/107714	v3r
lemma/107975	v1d
lemma/111101	v3r
lemma/112408	v3r
lemma/112447	v2r
lemma/114421	v1r
lemma/116052	v5r
lemma/116653	v2r
lemma/116654	v4r
lemma/118647	v1d
lemma/118648	v1r
lemma/118875	v1r
lemma/119156	v1r
lemma/119625	v1r
lemma/120556	v1r
lemma/122726	v3r
lemma/128694	v1r
lemma/28709	v1r
lemma/32975	v1r
lemma/36387	v1r
lemma/43606	v1r
lemma/44704	v1r
lemma/46252	v3r
lemma/47616	v1r
lemma/49099	v3r
lemma/52549	v1r
lemma/58089	v1r
lemma/58441	v1r
lemma/70365	v1r
lemma/81820	v1r
lemma/83922	v4r
lemma/84669	v1r
lemma/85995	v1r
lemma/87524	v1d
lemma/87525	v1r
lemma/88039	v1r
lemma/92779	v1r
lemma/94142	v1r
lemma/95475	v3r
lemma/96174	v1r
lemma/96487	v1r
lemma/97551	v1r
lemma/98788	v1d
lemma/99783	v1r
lemma/103426	v1r
lemma/106230	v3r
lemma/109307	v3r
lemma/109601	v5r
lemma/111158	v5r
lemma/112484	v1r
lemma/114274	v1r
lemma/118500	v3r
lemma/122851	v3r
lemma/125423	v1r
lemma/126735	v1r
lemma/126788	v1r
lemma/131790	v1r
lemma/142127	v3r
lemma/26304	v1d
lemma/26476	v4r
lemma/27881	v1r
lemma/33727	v1r
lemma/38832	v1r
lemma/38984	v3r
lemma/46156	v1r
lemma/49412	v1r
lemma/52028	v1r
lemma/58850	v1r
lemma/59687	v1r
lemma/59837	v1r
lemma/68060	v3r
lemma/73170	v3r
lemma/73638	v1r
lemma/76244	v1r
lemma/76490	v4r
lemma/82900	v1r
lemma/85122	v2r
lemma/86968	v1r
lemma/94288	v3r
lemma/95061	v1r
lemma/98350	v1r
lemma/98401	v1r
lemma/98866	v3r
lemma/99426	v3r
lemma/102049	v4r
lemma/102470	v3r
lemma/102917	v4r
lemma/103784	v1r
lemma/114549	v3r
lemma/116761	v3r
lemma/117425	v1r
lemma/119157	v3r
lemma/119584	v3r
lemma/122727	v3r
lemma/125178	v2r
lemma/128210	v1r
lemma/128981	v1r
lemma/134294	v1r
lemma/134345	v1r
lemma/26606	v1d
lemma/27473	v3r
lemma/28033	v4r
lemma/28498	v1r
lemma/28901	v1r
lemma/30417	v3r
lemma/30617	v1r
lemma/31033	v1d
lemma/36961	v1r
lemma/38175	v3r
lemma/47566	v1r
lemma/47736	v1r
lemma/58391	v1r
lemma/59727	v1r
lemma/68168	v1r
lemma/74923	v1r
lemma/88040	v2r
lemma/94143	v1r
lemma/95430	v3r
lemma/95476	v3r
lemma/96175	v5r
lemma/98789	v3r
lemma/99784	v3r
lemma/100873	v1r
lemma/101382	v1r
lemma/101862	v2r
lemma/101863	v4r
lemma/106696	v1r
lemma/108226	v1r
lemma/110719	v1r
lemma/111159	v6r
lemma/111460	v1r
lemma/112536	v1d
lemma/112537	v1r
lemma/114223	v3r
lemma/114591	v1r
lemma/116821	v5r
lemma/117113	v1r
lemma/122550	v5r
lemma/122852	v1r
lemma/124551	v1r
lemma/126324	v1r
lemma/126736	v1r
lemma/127191	v1r
lemma/128648	v2r
lemma/141784	v1r
lemma/31143	v1r
lemma/31427	v1r
lemma/32294	v1r
lemma/35472	v1d
lemma/41692	v1r
lemma/43170	v1r
lemma/45164	v1r
lemma/46444	v4r
lemma/46490	v1r
lemma/46554	v1r
lemma/48765	v1r
lemma/50863	v1r
lemma/52963	v1r
lemma/54106	v4r
lemma/58499	v1r
lemma/69835	v1r
lemma/70316	v1r
lemma/76491	v4r
lemma/82280	v1r
lemma/82620	v3r
lemma/87686	v3r
lemma/91333	v3r
lemma/92248	v1d
lemma/94108	v3r
lemma/94289	v3r
lemma/96141	v1r
lemma/98351	v1r
lemma/98402	v1r
lemma/98428	v4r
lemma/99427	v3r
lemma/100020	v2d
lemma/100021	v2r
lemma/100579	v2r
lemma/101025	v1r
lemma/102624	v2r
lemma/103785	v1r
lemma/108542	v5d
lemma/111103	v1r
lemma/113682	v1r
lemma/114423	v2r
lemma/122754	v3r
lemma/122853	v1r
lemma/123210	v4r
lemma/125179	v3r
lemma/125407	v1r
lemma/129185	v1r
lemma/132919	v1r
lemma/134295	v1r
lemma/136819	v1r
lemma/137073	v1r
lemma/142078	v1r
lemma/27693	v4r
lemma/28034	v3r
lemma/28776	v1r
lemma/29003	v1r
lemma/31140	v1r
lemma/33263	v1r
lemma/39086	v1r
lemma/43630	v1r
lemma/44219	v1r
lemma/44460	v1r
lemma/47689	v1r
lemma/49045	v1r
lemma/53356	v1r
lemma/59361	v3r
lemma/64590	v1r
lemma/81005	v1r
lemma/82728	v7e
lemma/83646	v3r
lemma/87378	v2r
lemma/94490	v3r
lemma/95432	v5r
lemma/96176	v2r
lemma/96446	v3r
lemma/99785	v3r
lemma/101383	v3r
lemma/101490	v1r
lemma/102403	v3r
lemma/104350	v4r
lemma/104805	v1d
lemma/106232	v3r
lemma/107201	v3r
lemma/109603	v1r
lemma/114224	v3r
lemma/117114	v1r
lemma/117393	v1r
lemma/123275	v1r
lemma/126274	v1d
lemma/126737	v1r
lemma/127822	v2r
lemma/129468	v1r
lemma/141734	v2r
lemma/142022	v2e
lemma/28392	v1r
lemma/29468	v1r
lemma/34590	v3r
lemma/34748	v1r
lemma/37093	v1r
lemma/40367	v1r
lemma/40418	v
lemma/41552	v1r
lemma/46491	v1r
lemma/47587	v1r
lemma/50394	v1d
lemma/51822	v6
lemma/55532	v3r
lemma/58852	v1r
lemma/59840	v1r
lemma/60761	v1r
lemma/69412	v1r
lemma/76446	v1r
lemma/76543	v1r
lemma/79863	v1r
lemma/85438	v1r
lemma/86923	v1r
lemma/95381	v3r
lemma/98868	v1r
lemma/99129	v2r
lemma/101760	v1r
lemma/105546	v4r
lemma/106590	v3r
lemma/108635	v2r
lemma/109625	v1r
lemma/111223	v1r
lemma/112409	v4r
lemma/112448	v3r
lemma/113686	v1r
lemma/113725	v3e
lemma/116054	v1r
lemma/116656	v5r
lemma/119848	v2r
lemma/122854	v1r
lemma/126088	v3r
lemma/126653	v3r
lemma/126739	v2r
lemma/128678	v5r
lemma/129186	v1r
lemma/25997	v1r
lemma/30733	v1r
lemma/31786	v1r
lemma/32160	v1r
lemma/33315	v1r
lemma/46347	v1r
lemma/48605	v1r
lemma/52332	v6
lemma/52966	v1r
lemma/57118	v1r
lemma/58200	v3d
lemma/59692	v1r
lemma/71337	v2r
lemma/75166	v1r
lemma/76246	v1r
lemma/82788	v3r
lemma/87011	v2r
lemma/88006	v3r
lemma/95681	v2r
lemma/96228	v1r
lemma/96488	v1r
lemma/98006	v3r
lemma/98688	v1d
lemma/98689	v1r
lemma/99081	v1r
lemma/99786	v1r
lemma/101491	v1r
lemma/106867	v3r
lemma/108590	v1r
lemma/109459	v2r
lemma/112380	v3d
lemma/114225	v1r
lemma/114275	v3r
lemma/117394	v3r
lemma/118504	v1r
lemma/122395	v3r
lemma/123006	v6r
lemma/124504	v3r
lemma/124741	v1r
lemma/124797	v1d
lemma/125425	v1r
lemma/128621	v3r
lemma/129506	v3r
lemma/130002	v3r
lemma/130467	v1r
lemma/133271	v1r
lemma/137920	v2r
lemma/141735	v6r
lemma/142023	v1d
lemma/27587	v3r
lemma/29413	v1r
lemma/30157	v1r
lemma/30353	v1r
lemma/33747	v1r
lemma/39772	v1r
lemma/47270	v1r
lemma/56502	v4r
lemma/58451	v1r
lemma/68015	v1r
lemma/75997	v1r
lemma/76036	v1r
lemma/76545	v1r
lemma/78538	v1r
lemma/81773	v1r
lemma/82130	v1d
lemma/83188	v1r
lemma/87908	v1r
lemma/95152	v2d
lemma/98716	v1r
lemma/98869	v3r
lemma/102161	v3r
lemma/102515	v6r
lemma/104260	v1d
lemma/106642	v1r
lemma/107417	v3r
lemma/108134	v1r
lemma/108636	v3r
lemma/121178	v1r
lemma/122855	v1r
lemma/126742	v3r
lemma/127704	v1r
lemma/128679	v1r
lemma/129187	v2d
lemma/129188	v2r
lemma/129189	v3d
lemma/135288	v3r
lemma/25998	v1r
lemma/26272	v1r
lemma/28040	v1r
lemma/28904	v1r
lemma/43581	v1r
lemma/46952	v3r
lemma/47870	v1r
lemma/48895	v1r
lemma/48900	v1r
lemma/59414	v1r
lemma/59879	v1r
lemma/83597	v1r
lemma/88041	v3r
lemma/88395	v1r
lemma/89534	v1r
lemma/95683	v1r
lemma/95727	v1r
lemma/97555	v3r
lemma/97964	v3r
lemma/98007	v3r
lemma/98762	v1d
lemma/98763	v1r
lemma/99083	v1d
lemma/99787	v3r
lemma/103680	v1r
lemma/106134	v3r
lemma/106352	v1r
lemma/106868	v5r
lemma/107924	v3r
lemma/108543	v2r
lemma/111737	v5r
lemma/114226	v2r
lemma/114276	v4r
lemma/117218	v1d
lemma/120423	v3r
lemma/121018	v4r
lemma/122396	v1r
lemma/122447	v5r
lemma/122551	v1r
lemma/126276	v1d
lemma/126327	v3r
lemma/126689	v6r
lemma/128571	v3r
lemma/128622	v3d
lemma/141785	v1r
lemma/142024	v3r
lemma/29076	v1r
lemma/32700	v1r
lemma/34643	v1r
lemma/38373	v4r
lemma/57587	v1r
lemma/62808	v1r
lemma/73225	v7e
lemma/74602	v1r
lemma/75627	v2r
lemma/76494	v1r
lemma/76928	v1r
lemma/86924	v3r
lemma/86971	v3r
lemma/93318	v3r
lemma/94973	v1d
lemma/96071	v1r
lemma/98273	v2r
lemma/98354	v1r
lemma/98405	v1r
lemma/101767	v1r
lemma/102472	v3r
lemma/106900	v3r
lemma/107164	v1r
lemma/107677	v3r
lemma/108121	v3d
lemma/108637	v3r
lemma/111106	v1d
lemma/116602	v2r
lemma/116709	v5r
lemma/117080	v2r
lemma/117377	v3r
lemma/120525	v1r
lemma/122755	v1r
lemma/123214	v1r
lemma/126292	v1r
lemma/137970	v1r
lemma/26318	v1r
lemma/26359	v1r
lemma/28396	v4r
lemma/30479	v3r
lemma/31070	v1r
lemma/40313	v3r
lemma/43342	v1d
lemma/46714	v4r
lemma/49048	v1r
lemma/55943	v1r
lemma/56013	v1r
lemma/59364	v1d
lemma/75935	v1r
lemma/76404	v3r
lemma/80800	v1r
lemma/86453	v4r
lemma/87379	v3r
lemma/88396	v4r
lemma/88447	v1r
lemma/89023	v3r
lemma/94493	v1r
lemma/95686	v1r
lemma/95728	v6r
lemma/100361	v1d
lemma/101865	v5r
lemma/106353	v3r
lemma/107204	v1r
lemma/108530	v1r
lemma/108900	v3r
lemma/109762	v3d
lemma/111673	v1r
lemma/114227	v5r
lemma/114784	v3r
lemma/122397	v3r
lemma/122552	v1r
lemma/127656	v1r
lemma/128941	v4r
lemma/130780	v1r
lemma/131846	v1r
lemma/136750	v1r
lemma/141739	v6r
lemma/142025	v3r
lemma/26471	v1r
lemma/43174	v3r
lemma/45533	v1r
lemma/49508	v2r
lemma/52743	v1r
lemma/53819	v1r
lemma/57084	v1r
lemma/58447	v1r
lemma/62242	v1r
lemma/68895	v1r
lemma/71969	v3r
lemma/74000	v1r
lemma/74622	v1r
lemma/75470	v1r
lemma/75577	v1r
lemma/75946	v1r
lemma/76495	v1r
lemma/77521	v1r
lemma/78897	v1r
lemma/91081	v3r
lemma/95986	v1r
lemma/96020	v1r
lemma/96123	v1r
lemma/98355	v2r
lemma/98406	v3r
lemma/99130	v3r
lemma/99732	v3r
lemma/100821	v1r
lemma/102520	v1r
lemma/108638	v1r
lemma/109159	v1r
lemma/114376	v3r
lemma/115892	v1r
lemma/116118	v1r
lemma/117061	v3r
lemma/119055	v5d
lemma/122506	v1r
lemma/122857	v1r
lemma/124907	v3r
lemma/125051	v2r
lemma/126656	v1r
lemma/130728	v1r
lemma/137921	v1r
lemma/141742	v1r
lemma/26504	v1r
lemma/29007	v1r
lemma/43634	v1r
lemma/43910	v1r
lemma/46518	v3r
lemma/49168	v1r
lemma/50341	v1r
lemma/53320	v3r
lemma/66940	v1r
lemma/73584	v1d
lemma/75522	v3r
lemma/78489	v1r
lemma/78952	v1r
lemma/81214	v4r
lemma/87382	v3r
lemma/88397	v3r
lemma/93319	v1r
lemma/96449	v4r
lemma/96489	v1d
lemma/96997	v1r
lemma/108480	v3r
lemma/109579	v3r
lemma/114481	v5r
lemma/118769	v1r
lemma/119431	v1r
lemma/122398	v1r
lemma/122553	v1r
lemma/124505	v3r
lemma/126329	v1r
lemma/128624	v3r
lemma/142026	v4r
lemma/27938	v1r
lemma/30714	v1r
lemma/39365	v3r
lemma/46138	v1r
lemma/51775	v1r
lemma/53253	v1r
lemma/53769	v2r
lemma/58618	v1r
lemma/59642	v1r
lemma/66481	v1r
lemma/71967	v3r
lemma/76455	v4r
lemma/79351	v1r
lemma/82891	v1r
lemma/90357	v1r
lemma/94595	v1r
lemma/98356	v4r
lemma/98407	v1d
lemma/98717	v1d
lemma/99733	v3r
lemma/100822	v5r
lemma/101797	v1r
lemma/108231	v1r
lemma/110032	v1r
lemma/114428	v1d
lemma/114429	v1r
lemma/115895	v1r
lemma/116061	v1r
lemma/116604	v3r
lemma/117062	v1r
lemma/119056	v2r
lemma/119873	v3r
lemma/119924	v3r
lemma/122507	v1r
lemma/122858	v1r
lemma/126741	v1d
lemma/126994	v3r
lemma/130363	v1r
lemma/136130	v1
lemma/29847	v1r
lemma/32309	v1r
lemma/33268	v1r
lemma/33620	v3e
lemma/45062	v1r
lemma/46562	v1r
lemma/46771	v1d
lemma/46955	v1r
lemma/47056	v1r
lemma/49669	v3r
lemma/50342	v1r
lemma/60422	v1d
lemma/67352	v1r
lemma/79118	v1r
lemma/88449	v6r
lemma/89538	v3r
lemma/95615	v1r
lemma/96998	v1r
lemma/97558	v1r
lemma/98008	v3r
lemma/99033	v1d
lemma/100485	v3r
lemma/101740	v1r
lemma/106869	v3r
lemma/107623	v1r
lemma/108481	v3r
lemma/110048	v1d
lemma/110049	v1r
lemma/111738	v3r
lemma/117378	v2r
lemma/118770	v2r
lemma/119434	v1r
lemma/122399	v1r
lemma/122706	v4r
lemma/126631	v1d
lemma/126632	v1r
lemma/126904	v1r
lemma/128625	v4r
lemma/141786	v4r
lemma/142027	v2e
lemma/27372	v1r
lemma/27786	v3r
lemma/28341	v1r
lemma/29366	v1r
lemma/32457	v1r
lemma/39444	v3r
lemma/46858	v1r
lemma/47076	v1r
lemma/47465	v4r
lemma/55808	v1r
lemma/58857	v1r
lemma/59009	v1r
lemma/59385	v1r
lemma/64344	v1r
lemma/67368	v1r
lemma/72055	v1r
lemma/72319	v2d
lemma/72611	v3r
lemma/75939	v2r
lemma/78792	v1r
lemma/86864	v1r
lemma/86865	v3r
lemma/87580	v3r
lemma/90066	v3r
lemma/90251	v1d
lemma/96943	v1r
lemma/97219	v1r
lemma/98276	v1r
lemma/98408	v1r
lemma/98971	v3r
lemma/99481	v1r
lemma/100823	v3r
lemma/101768	v1d
lemma/106561	v3r
lemma/107678	v3r
lemma/108806	v4r
lemma/109910	v4r
lemma/119057	v2r
lemma/119874	v1r
lemma/122508	v3r
lemma/122758	v3r
lemma/122859	v5r
lemma/127090	v3r
lemma/128983	v1r
lemma/26578	v1r
lemma/42560	v1r
lemma/46497	v1r
lemma/46651	v1r
lemma/47057	v1r
lemma/47108	v1r
lemma/47362	v1r
lemma/49868	v1r
lemma/49919	v1r
lemma/57944	v1r
lemma/59628	v1r
lemma/66864	v1r
lemma/74146	v1r
lemma/75440	v4r
lemma/75988	v3r
lemma/79677	v1r
lemma/88399	v3r
lemma/92164	v1d
lemma/95314	v3r
lemma/95565	v1r
lemma/95688	v4r
lemma/95729	v1r
lemma/97969	v1r
lemma/99089	v3r
lemma/102409	v1r
lemma/103388	v1r
lemma/107946	v3r
lemma/108482	v5r
lemma/108546	v1r
lemma/108841	v2r
lemma/108902	v1r
lemma/111741	v3r
lemma/119386	v3r
lemma/122803	v1r
lemma/128626	v5d
lemma/142028	v3r
lemma/26047	v1r
lemma/26402	v1r
lemma/26915	v1r
lemma/31890	v1r
lemma/32400	v1r
lemma/32653	v1r
lemma/33213	v1r
lemma/34131	v1r
lemma/50551	v1r
lemma/50615	v1r
lemma/54462	v4r
lemma/57898	v1r
lemma/58751	v1r
lemma/58802	v4r
lemma/58909	v3r
lemma/67911	v1d
lemma/72612	v3r
lemma/75524	v3r
lemma/76654	v3r
lemma/80414	v1r
lemma/81524	v1r
lemma/82433	v1r
lemma/84105	v3r
lemma/86916	v1r
lemma/90252	v1r
lemma/90359	v5r
lemma/90412	v3r
lemma/91082	v3r
lemma/95987	v4r
lemma/96892	v1r
lemma/98358	v3r
lemma/99485	v3r
lemma/100824	v3r
lemma/102767	v1r
lemma/115070	v1d
lemma/115071	v1r
lemma/117115	v2r
lemma/119020	v3r
lemma/119875	v3r
lemma/123220	v1r
lemma/124914	v1r
lemma/125664	v3r
lemma/126297	v3r
lemma/126960	v1r
lemma/127041	v1r
lemma/130729	v1r
lemma/131283	v3r
lemma/44114	v1r
lemma/46850	v1r
lemma/47058	v1r
lemma/50196	v1r
lemma/67937	v1r
lemma/67968	v1r
lemma/68477	v1d
lemma/71644	v1r
lemma/78385	v1r
lemma/92167	v1r
lemma/95318	v3r
lemma/95687	v3r
lemma/96384	v2d
lemma/96385	v3d
lemma/96386	v3r
lemma/98307	v1r
lemma/98718	v2r
lemma/103685	v3r
lemma/103736	v1r
lemma/108483	v2r
lemma/111740	v1r
lemma/112138	v1r
lemma/115995	v1r
lemma/118804	v1r
lemma/122804	v2d
lemma/124506	v1r
lemma/28399	v1
lemma/32158	v1r
lemma/32460	v1r
lemma/36126	v1r
lemma/43995	v1r
lemma/45124	v1r
lemma/50753	v1r
lemma/61029	v1r
lemma/62144	v1r
lemma/63375	v1r
lemma/65101	v1r
lemma/73480	v1r
lemma/75948	v3r
lemma/77059	v1r
lemma/86934	v1r
lemma/88293	v3r
lemma/95988	v4r
lemma/98660	v3r
lemma/99486	v1r
lemma/99736	v4d
lemma/99737	v4r
lemma/101191	v3d
lemma/101800	v1r
lemma/102164	v4d
lemma/102165	v4r
lemma/102768	v1r
lemma/104045	v1r
lemma/104195	v1r
lemma/108435	v3r
lemma/119023	v1r
lemma/119059	v4r
lemma/126298	v2r
lemma/126995	v1r
lemma/31221	v1r
lemma/43446	v3r
lemma/43480	v1d
lemma/43587	v1r
lemma/43650	v1r
lemma/50250	v3r
lemma/53665	v1r
lemma/54923	v3r
lemma/55024	v1r
lemma/59369	v1r
lemma/59522	v1r
lemma/61284	v1r
lemma/67969	v1r
lemma/74097	v1r
lemma/75732	v1r
lemma/75900	v3r
lemma/76443	v1r
lemma/77468	v1r
lemma/78712	v1r
lemma/84931	v1r
lemma/85433	v1r
lemma/85645	v1d
lemma/94858	v1d
lemma/95567	v1r
lemma/98252	v6r
lemma/98309	v3d
lemma/101391	v1r
lemma/101666	v1r
lemma/101743	v1r
lemma/103221	v1r
lemma/107510	v4r
lemma/108484	v3r
lemma/108535	v1d
lemma/117278	v3r
lemma/119437	v3r
lemma/120372	v3r
lemma/122708	v3r
lemma/122805	v3r
lemma/26049	v1r
lemma/26350	v3r
lemma/27375	v1r
lemma/28293	v1r
lemma/31584	v1r
lemma/33164	v1r
lemma/43072	v1r
lemma/43179	v1r
lemma/43940	v1r
lemma/45474	v1r
lemma/46293	v1r
lemma/46959	v1r
lemma/47363	v1r
lemma/50918	v1r
lemma/59742	v1d
lemma/60002	v1r
lemma/76242	v1r
lemma/79355	v1r
lemma/82471	v1r
lemma/86867	v3r
lemma/86918	v1r
lemma/87581	v1r
lemma/92600	v3r
lemma/93574	v1r
lemma/94083	v3r
lemma/95568	v3r
lemma/95633	v1d
lemma/95989	v1r
lemma/98277	v1r
lemma/98661	v1r
lemma/102115	v1d
lemma/104196	v1r
lemma/107166	v3r
lemma/116608	v1r
lemma/117838	v1r
lemma/119024	v1r
lemma/122509	v1r
lemma/124641	v1r
lemma/125666	v3r
lemma/126299	v1r
lemma/126635	v1r
lemma/126962	v3r
lemma/126996	v1r
lemma/128986	v1r
lemma/135216	v1r
lemma/137526	v1r
lemma/26458	v3r
lemma/26810	v1r
lemma/27835	v1r
lemma/29749	v1r
lemma/32910	v1r
lemma/43588	v1r
lemma/46903	v4r
lemma/47412	v1r
lemma/50346	v3r
lemma/54873	v4r
lemma/56570	v4r
lemma/75583	v1r
lemma/76444	v4r
lemma/76771	v1r
lemma/82195	v1r
lemma/83413	v5r
lemma/84530	v1r
lemma/90370	v1r
lemma/92564	v2r
lemma/95732	v5r
lemma/97973	v1r
lemma/98253	v5r
lemma/98310	v1r
lemma/98769	v1r
lemma/99090	v3d
lemma/103738	v3r
lemma/106871	v1r
lemma/108077	v3r
lemma/108485	v3r
lemma/117010	v3d
lemma/119004	v1r
lemma/119770	v1r
lemma/122806	v3r
lemma/126021	v1r
lemma/133223	v1r
lemma/138486	v3r
lemma/141879	v6e
lemma/27945	v3r
lemma/29722	v1d
lemma/44098	v1r
lemma/44351	v1r
lemma/47004	v1r
lemma/53112	v1r
lemma/59217	v1r
lemma/63642	v1r
lemma/68832	v1r
lemma/69341	v1r
lemma/70729	v1r
lemma/70834	v1r
lemma/77822	v4r
lemma/80551	v1r
lemma/81336	v4r
lemma/84846	v1r
lemma/86919	v4r
lemma/94952	v3r
lemma/95569	v3r
lemma/95634	v3r
lemma/96078	v1r
lemma/96895	v1r
lemma/97455	v1r
lemma/98662	v1r
lemma/99580	v3r
lemma/100827	v1r
lemma/101189	v3r
lemma/104197	v3r
lemma/107167	v1r
lemma/114190	v3r
lemma/116609	v1r
lemma/117032	v1r
lemma/118853	v2r
lemma/119027	v1r
lemma/119878	v1r
lemma/122879	v1r
lemma/126997	v3r
lemma/128586	v3r
lemma/131393	v1r
lemma/131440	v3r
lemma/27785	v1r
lemma/35568	v1r
lemma/43482	v1d
lemma/43533	v1r
lemma/45011	v3r
lemma/46853	v1r
lemma/47413	v1r
lemma/47827	v4r
lemma/50561	v1r
lemma/50651	v1r
lemma/51280	v1r
lemma/51687	v1r
lemma/68834	v1r
lemma/69580	v4r
lemma/75129	v1r
lemma/75547	v1r
lemma/76445	v7r
lemma/78301	v1r
lemma/85435	v1r
lemma/87429	v2r
lemma/94860	v1r
lemma/94915	v1r
lemma/95321	v1r
lemma/98311	v1d
lemma/99091	v4r
lemma/99739	v3r
lemma/99847	v1r
lemma/100886	v3r
lemma/103688	v1r
lemma/106255	v1r
lemma/106872	v1r
lemma/109979	v3r
lemma/114448	v4r
lemma/114483	v1r
lemma/117476	v1r
lemma/119005	v3r
lemma/119771	v5r
lemma/122807	v1r
lemma/126537	v1r
lemma/138487	v4r
lemma/141773	v1d
lemma/27229	v1r
lemma/27327	v1r
lemma/28003	v5r
lemma/40678	v1r
lemma/44509	v1r
lemma/45498	v1r
lemma/47005	v1r
lemma/47369	v1r
lemma/47771	v3r
lemma/52234	v1r
lemma/70987	v1r
lemma/75746	v1r
lemma/83057	v2r
lemma/84058	v1r
lemma/96299	v1r
lemma/97018	v1r
lemma/98620	v1r
lemma/98663	v4r
lemma/100828	v1r
lemma/101746	v1r
lemma/105476	v1r
lemma/105698	v2r
lemma/106605	v3r
lemma/108078	v3r
lemma/108436	v1r
lemma/113053	v4r
lemma/116860	v1r
lemma/118854	v1r
lemma/119363	v1d
lemma/119364	v1r
lemma/122348	v3r
lemma/136136	v1r
lemma/26152	v1r
lemma/27271	v1r
lemma/32249	v1r
lemma/32550	v1r
lemma/44043	v1r
lemma/50348	v1r
lemma/59724	v1r
lemma/63023	v1r
lemma/65485	v1r
lemma/66947	v1r
lemma/70572	v1r
lemma/75886	v1r
lemma/80650	v1r
lemma/84360	v1r
lemma/90887	v1r
lemma/98255	v3r
lemma/98935	v3r
lemma/99439	v1r
lemma/99848	v3r
lemma/102367	v1r
lemma/104091	v1r
lemma/104604	v4r
lemma/107369	v3d
lemma/107978	v4r
lemma/108487	v4r
lemma/109981	v1r
lemma/115337	v1d
lemma/115338	v1r
lemma/117012	v2r
lemma/117280	v1r
lemma/119823	v1r
lemma/122418	v1r
lemma/122709	v4r
lemma/122808	v3d
lemma/122809	v3r
lemma/125612	v1r
lemma/126229	v2r
lemma/127613	v1r
lemma/133174	v1r
lemma/134199	v1r
lemma/136545	v1r
lemma/137922	v3r
lemma/138488	v3r
lemma/27378	v1r
lemma/29798	v1r
lemma/46446	v1r
lemma/46872	v1r
lemma/47006	v1r
lemma/47772	v1r
lemma/51324	v1r
lemma/56727	v1r
lemma/58807	v1r
lemma/60215	v4r
lemma/68783	v1r
lemma/73535	v1r
lemma/76038	v1r
lemma/79710	v2e
lemma/88297	v2r
lemma/88348	v1r
lemma/95219	v1d
lemma/95220	v1r
lemma/95990	v1r
lemma/97926	v1r
lemma/98664	v1r
lemma/99493	v4d
lemma/102116	v1r
lemma/105699	v3r
lemma/107839	v2r
lemma/107871	v1r
lemma/113012	v1r
lemma/113660	v1r
lemma/113711	v2r
lemma/114277	v3r
lemma/115195	v1r
lemma/118773	v4r
lemma/122349	v1r
lemma/122510	v2r
lemma/125669	v1r
lemma/126963	v3r
lemma/128839	v1d
lemma/128840	v1r
lemma/135985	v1r
lemma/33439	v1r
lemma/38834	v1r
lemma/46038	v1r
lemma/46094	v3d
lemma/46508	v1r
lemma/50619	v1r
lemma/52644	v1r
lemma/56578	v4r
lemma/60156	v1r
lemma/70693	v1r
lemma/72567	v1r
lemma/73127	v1r
lemma/75371	v
lemma/87732	v1d
lemma/88241	v1d
lemma/88242	v1r
lemma/98256	v3d
lemma/98314	v1r
lemma/98327	v1r
lemma/99383	v3r
lemma/101640	v4r
lemma/105219	v2r
lemma/109457	v3r
lemma/113470	v3r
lemma/114484	v1r
lemma/117285	v1d
lemma/117286	v1r
lemma/122419	v3r
lemma/125989	v3r
lemma/126485	v4r
lemma/135169	v1r
lemma/135470	v1r
lemma/135628	v1r
lemma/137923	v3r
lemma/138489	v3r
lemma/27858	v1r
lemma/31294	v1r
lemma/39607	v1r
lemma/48742	v1r
lemma/49767	v1r
lemma/56763	v1r
lemma/58808	v1r
lemma/72159	v1r
lemma/75479	v1r
lemma/75780	v3e
lemma/80820	v1r
lemma/87585	v3d
lemma/88298	v3r
lemma/88349	v1r
lemma/95924	v1d
lemma/95925	v1r
lemma/96033	v4r
lemma/96898	v1r
lemma/97459	v1r
lemma/98219	v1r
lemma/98665	v1r
lemma/103341	v1r
lemma/106567	v3r
lemma/110043	v1r
lemma/116364	v1r
lemma/116913	v5r
lemma/119028	v1d
lemma/119365	v3d
lemma/119366	v3r
lemma/126123	v1r
lemma/126588	v3r
lemma/126998	v2r
lemma/131395	v3r
lemma/131441	v4r
lemma/135062	v1r
lemma/136955	v1r
lemma/26763	v1r
lemma/27323	v4r
lemma/28241	v1r
lemma/32151	v1r
lemma/32510	v4r
lemma/32552	v3r
lemma/37350	v1r
lemma/43096	v1r
lemma/46340	v1r
lemma/51620	v1r
lemma/58701	v1r
lemma/59726	v1r
lemma/75031	v1r
lemma/75787	v1r
lemma/76095	v4r
lemma/76397	v1r
lemma/76448	v1r
lemma/85960	v1r
lemma/88191	v6r
lemma/88192	v6r
lemma/94861	v1r
lemma/94916	v3r
lemma/96692	v1r
lemma/98257	v5r
lemma/98318	v5r
lemma/100888	v1r
lemma/101641	v3r
lemma/102150	v1r
lemma/106800	v1r
lemma/107515	v1r
lemma/108048	v1r
lemma/108391	v3r
lemma/108489	v3r
lemma/109057	v1r
lemma/114449	v2r
lemma/119774	v1r
lemma/119825	v
lemma/122759	v3r
lemma/123520	v1r
lemma/125614	v3r
lemma/126538	v1r
lemma/26373	v3r
lemma/28298	v4r
lemma/32093	v1r
lemma/32961	v1d
lemma/40684	v1r
lemma/47825	v1r
lemma/49768	v1r
lemma/50759	v1r
lemma/60151	v1r
lemma/62255	v1r
lemma/63937	v2r
lemma/73023	v1r
lemma/75781	v2d
lemma/76341	v1r
lemma/84771	v7e
lemma/87174	v1r
lemma/93236	v1r
lemma/95638	v1r
lemma/99584	v1r
lemma/101749	v1r
lemma/103344	v1r
lemma/106504	v3r
lemma/106607	v2r
lemma/107873	v5r
lemma/116863	v5r
lemma/118962	v1r
lemma/119324	v2r
lemma/120357	v1r
lemma/122659	v4r
lemma/123028	v1r
lemma/125369	v1r
lemma/126124	v3r
lemma/126941	v2r
lemma/128067	v3r
lemma/133585	v1r
lemma/137532	v3r
lemma/26014	v1r
lemma/26158	v1r
lemma/27186	v1r
lemma/28501	v1r
lemma/41343	v1r
lemma/42619	v3
lemma/43963	v3r
lemma/44664	v1r
lemma/44863	v1r
lemma/46290	v1r
lemma/47366	v3r
lemma/50193	v1r
lemma/50652	v1r
lemma/54580	v1r
lemma/56407	v1r
lemma/65925	v1r
lemma/72977	v6r
lemma/73078	v1r
lemma/75424	v1r
lemma/75427	v1r
lemma/78603	v1r
lemma/81162	v1r
lemma/81489	v3r
lemma/81678	v1d
lemma/86464	v1r
lemma/86765	v1r
lemma/90738	v1r
lemma/96026	v3r
lemma/98258	v3r
lemma/98319	v1r
lemma/98936	v1r
lemma/99440	v1r
lemma/100682	v1r
lemma/102151	v3r
lemma/102202	v1r
lemma/105114	v1r
lemma/108390	v2r
lemma/111436	v1r
lemma/114026	v1r
lemma/114384	v1r
lemma/119826	v1r
lemma/122450	v1r
lemma/122824	v1r
lemma/126539	v1r
lemma/127042	v3r
lemma/29987	v1r
lemma/30611	v1r
lemma/46398	v3r
lemma/46750	v3r
lemma/47775	v1r
lemma/51729	v1r
lemma/55740	v1r
lemma/58722	v1r
lemma/60166	v1r
lemma/60683	v3r
lemma/73451	v1r
lemma/76342	v1r
lemma/87175	v1r
lemma/89073	v1r
lemma/90561	v3r
lemma/94800	v1d
lemma/97934	v1r
lemma/108081	v3r
lemma/110292	v1r
lemma/114792	v1r
lemma/116316	v1r
lemma/116864	v1r
lemma/118191	v1r
lemma/128443	v2r
lemma/129754	v1r
lemma/131039	v1r
lemma/136089	v2e
lemma/137415	v3r
lemma/137533	v1r
lemma/27183	v1r
lemma/27234	v1r
lemma/29430	v1r
lemma/32554	v1r
lemma/45016	v3r
lemma/45782	v4r
lemma/50653	v1r
lemma/50704	v1r
lemma/50712	v1d
lemma/55596	v4r
lemma/56408	v1r
lemma/59677	v3r
lemma/61391	v1r
lemma/65482	v1r
lemma/70111	v3r
lemma/70576	v1r
lemma/74005	v1r
lemma/74456	v4d
lemma/76751	v1r
lemma/78443	v1r
lemma/84068	v1d
lemma/91077	v2r
lemma/97513	v1r
lemma/98259	v1r
lemma/98320	v1r
lemma/99441	v1r
lemma/100725	v1d
lemma/100726	v1r
lemma/101643	v3r
lemma/102152	v3r
lemma/102203	v3r
lemma/108395	v1r
lemma/111680	v1d
lemma/115648	v1r
lemma/116625	v3r
lemma/119676	v3r
lemma/122971	v3r
lemma/26256	v1r
lemma/32963	v3r
lemma/33064	v1r
lemma/42922	v1r
lemma/47720	v1r
lemma/47796	v1r
lemma/48745	v1r
lemma/50500	v1r
lemma/60204	v1r
lemma/64498	v1r
lemma/68271	v3r
lemma/70436	v4r
lemma/77777	v1r
lemma/79306	v1r
lemma/85282	v1r
lemma/90320	v3r
lemma/90562	v2r
lemma/92098	v1r
lemma/95524	v3r
lemma/98668	v1r
lemma/98719	v3r
lemma/99586	v1r
lemma/105743	v1d
lemma/105744	v1r
lemma/110005	v1r
lemma/112590	v4d
lemma/112591	v4r
lemma/115142	v1r
lemma/116865	v3r
lemma/118569	v6r
lemma/119368	v1r
lemma/120359	v
lemma/124803	v3r
lemma/125411	v3r
lemma/126943	v1r
lemma/127506	v3r
lemma/131593	v1r
lemma/134096	v1r
lemma/135933	v1r
lemma/137411	v4r
lemma/26419	v3r
lemma/27184	v1r
lemma/28193	v1r
lemma/28244	v1r
lemma/28302	v1r
lemma/46859	v1r
lemma/50458	v1r
lemma/65680	v1r
lemma/65838	v3r
lemma/75426	v1r
lemma/76752	v1r
lemma/80706	v1r
lemma/89214	v3r
lemma/90971	v3r
lemma/92570	v1r
lemma/93733	v1r
lemma/96693	v1d
lemma/101644	v1r
lemma/102370	v1r
lemma/108049	v3r
lemma/108396	v1r
lemma/116626	v3r
lemma/119777	v3d
lemma/127044	v1r
lemma/137376	v1r
lemma/26676	v1r
lemma/27276	v4r
lemma/42872	v1r
lemma/47777	v3r
lemma/47828	v1r
lemma/48746	v1r
lemma/50706	v1r
lemma/54365	v1r
lemma/73024	v1r
lemma/74879	v1r
lemma/76059	v1r
lemma/81321	v1r
lemma/83563	v1d
lemma/87136	v3r
lemma/89572	v1r
lemma/90563	v1r
lemma/98624	v2r
lemma/99587	v1r
lemma/100221	v1r
lemma/103284	v1r
lemma/107840	v1r
lemma/108707	v3r
lemma/108845	v1r
lemma/113057	v1r
lemma/114028	v1d
lemma/114029	v1r
lemma/118293	v2r
lemma/118963	v1r
lemma/119721	v1r
lemma/120056	v1r
lemma/122660	v3r
lemma/125975	v1r
lemma/126127	v1r
lemma/127405	v1r
lemma/131398	v1r
lemma/135117	v1r
lemma/32918	v1r
lemma/36028	v1d
lemma/46501	v3r
lemma/47071	v1r
lemma/58458	v1r
lemma/58974	v1r
lemma/66964	v3r
lemma/71208	v1r
lemma/73653	v3r
lemma/76918	v1r
lemma/87803	v1d
lemma/87804	v1r
lemma/89783	v3r
lemma/94760	v5r
lemma/96696	v1r
lemma/98581	v1r
lemma/100620	v1r
lemma/100727	v5r
lemma/101645	v1r
lemma/106443	v4r
lemma/112232	v4d
lemma/112233	v4r
lemma/117427	v3r
lemma/117494	v2r
lemma/119829	v2d
lemma/119830	v2r
lemma/120616	v6r
lemma/122451	v1r
lemma/122825	v3r
lemma/125511	v1r
lemma/126541	v1r
lemma/126897	v4d
lemma/137928	v1r
lemma/26666	v1r
lemma/26711	v3r
lemma/27277	v1r
lemma/27999	v1r
lemma/29845	v1r
lemma/30872	v1r
lemma/33117	v1r
lemma/39516	v1r
lemma/42924	v3d
lemma/43550	v4r
lemma/47671	v1r
lemma/53828	v1r
lemma/59423	v1r
lemma/63485	v1r
lemma/71496	v1r
lemma/79680	v1r
lemma/87177	v1d
lemma/89573	v3r
lemma/94757	v1d
lemma/94758	v1r
lemma/97356	v1r
lemma/98824	v3r
lemma/99442	v1r
lemma/99588	v2r
lemma/105475	v1d
lemma/106852	v1r
lemma/107004	v1r
lemma/107877	v1r
lemma/107928	v3d
lemma/108846	v3r
lemma/110967	v1r
lemma/113977	v1r
lemma/118965	v3d
lemma/119263	v1r
lemma/123386	v5r
lemma/126230	v4r
lemma/129757	v3r
lemma/131042	v1r
lemma/137416	v2r
lemma/141585	v1r
lemma/27187	v1r
lemma/32521	v1r
lemma/32557	v1r
lemma/32821	v1r
lemma/37574	v1r
lemma/41496	v1r
lemma/46824	v1r
lemma/47028	v1r
lemma/59333	v1r
lemma/62609	v1r
lemma/69856	v1r
lemma/70114	v1r
lemma/76409	v1r
lemma/81217	v1r
lemma/83206	v1r
lemma/83449	v1r
lemma/85744	v4r
lemma/89681	v1r
lemma/95822	v3r
lemma/95882	v1d
lemma/95883	v1r
lemma/98582	v1r
lemma/100685	v1r
lemma/102004	v1r
lemma/102972	v4r
lemma/106444	v2r
lemma/117495	v3r
lemma/119678	v2r
lemma/122452	v1r
lemma/122972	v3r
lemma/125512	v2r
lemma/126193	v3r
lemma/126495	v3r
lemma/126542	v3r
lemma/129290	v1r
lemma/130485	v3r
lemma/133533	v1r
lemma/134502	v1r
lemma/26314	v1r
lemma/50708	v3r
lemma/76299	v1r
lemma/77476	v4r
lemma/79610	v4r
lemma/86305	v1r
lemma/87631	v4d
lemma/87632	v4r
lemma/90321	v3r
lemma/94807	v1r
lemma/95525	v1r
lemma/97357	v1r
lemma/99589	v3r
lemma/107005	v3r
lemma/107269	v1r
lemma/107878	v3r
lemma/107929	v1r
lemma/108847	v1r
lemma/115143	v1r
lemma/115591	v1r
lemma/119723	v1r
lemma/122606	v3r
lemma/126430	v3r
lemma/131043	v3r
lemma/138035	v2r
lemma/141674	v1r
lemma/32502	v1r
lemma/43792	v1r
lemma/54260	v1r
lemma/54776	v1r
lemma/61238	v3r
lemma/72739	v1r
lemma/80709	v1r
lemma/87089	v3r
lemma/95772	v1r
lemma/95823	v1r
lemma/99533	v1r
lemma/112234	v1d
lemma/112235	v1r
lemma/113475	v1d
lemma/113476	v1r
lemma/119679	v4r
lemma/120618	v2r
lemma/122453	v1r
lemma/124035	v3r
lemma/125513	v3r
lemma/125725	v1d
lemma/125726	v1r
lemma/126496	v1r
lemma/130163	v2r
lemma/130837	v1r
lemma/133534	v1
lemma/137377	v3r
lemma/27279	v1r
lemma/27940	v1r
lemma/27991	v4r
lemma/29129	v1r
lemma/39250	v1r
lemma/42469	v6r
lemma/43242	v1r
lemma/46755	v1r
lemma/50709	v1r
lemma/51984	v1r
lemma/76347	v1r
lemma/80602	v3r
lemma/85049	v2d
lemma/87139	v3r
lemma/89116	v1d
lemma/89117	v1r
lemma/95526	v5r
lemma/99942	v1r
lemma/100980	v3d
lemma/102274	v4r
lemma/105477	v3r
lemma/106196	v1d
lemma/106197	v1r
lemma/106905	v5r
lemma/109828	v6r
lemma/114347	v3r
lemma/118296	v2d
lemma/118297	v2r
lemma/119265	v6r
lemma/119724	v3r
lemma/122607	v2r
lemma/125787	v1r
lemma/126431	v5r
lemma/126859	v3r
lemma/128787	v1r
lemma/129149	v3r
lemma/129802	v1r
lemma/134044	v1r
lemma/26569	v3d
lemma/28248	v3r
lemma/46913	v1r
lemma/47066	v3r
lemma/48591	v1r
lemma/52496	v1r
lemma/54722	v1r
lemma/59483	v1r
lemma/70581	v3r
lemma/73087	v3r
lemma/75341	v1r
lemma/75595	v1r
lemma/76603	v3r
lemma/76756	v1r
lemma/87039	v3r
lemma/95773	v3r
lemma/96698	v3r
lemma/102208	v1r
lemma/103541	v1d
lemma/103542	v1r
lemma/107020	v1r
lemma/108741	v3r
lemma/109710	v1r
lemma/114388	v1r
lemma/117379	v3r
lemma/119681	v3r
lemma/120619	v3r
lemma/121174	v3r
lemma/122350	v5r
lemma/122826	v3r
lemma/130745	v6r
lemma/132975	v1r
lemma/38903	v1r
lemma/45941	v1r
lemma/50518	v1r
lemma/55089	v1r
lemma/60161	v1r
lemma/67479	v3r
lemma/68327	v1r
lemma/71563	v1r
lemma/74577	v1r
lemma/87633	v1r
lemma/90365	v1r
lemma/94252	v1r
lemma/96654	v1r
lemma/98101	v3r
lemma/98825	v3r
lemma/99892	v1r
lemma/110349	v1r
lemma/117323	v1r
lemma/118966	v3r
lemma/119177	v3r
lemma/120066	v1r
lemma/122662	v1r
lemma/124353	v4r
lemma/126432	v3r
lemma/134862	v1e
lemma/27992	v3r
lemma/30158	v1d
lemma/32508	v1r
lemma/47317	v3r
lemma/56215	v1r
lemma/58765	v1r
lemma/70589	v1r
lemma/75681	v3r
lemma/81169	v1r
lemma/89168	v1r
lemma/99348	v3r
lemma/100176	v1r
lemma/100687	v3r
lemma/102006	v1r
lemma/108299	v1r
lemma/111160	v3r
lemma/111385	v1d
lemma/111386	v1r
lemma/113923	v3r
lemma/117732	v3r
lemma/118911	v1r
lemma/119626	v3r
lemma/120100	v5r
lemma/122827	v1d
lemma/122828	v1r
lemma/122973	v1r
lemma/128380	v1r
lemma/128695	v1r
lemma/132460	v2d
lemma/26715	v3r
lemma/27449	v1r
lemma/29887	v1r
lemma/44422	v1d
lemma/46555	v1r
lemma/47210	v1r
lemma/47791	v3r
lemma/48301	v4r
lemma/50961	v1r
lemma/50963	v1r
lemma/55180	v1r
lemma/75599	v1r
lemma/81578	v1d
lemma/88103	v1r
lemma/88603	v6r
lemma/92973	v3r
lemma/94290	v1d
lemma/97619	v1r
lemma/98827	v2r
lemma/106856	v1r
lemma/109830	v5r
lemma/110969	v3r
lemma/115592	v3r
lemma/118701	v1r
lemma/119267	v3r
lemma/123113	v4r
lemma/130063	v1r
lemma/130897	v5r
lemma/137417	v5r
lemma/141885	v1r
lemma/27225	v1r
lemma/30876	v1r
lemma/32318	v1r
lemma/32505	v1r
lemma/42770	v1r
lemma/46191	v1r
lemma/50604	v1r
lemma/53371	v1r
lemma/65734	v3r
lemma/75733	v3r
lemma/84723	v1r
lemma/95062	v3r
lemma/97304	v3r
lemma/98511	v1r
lemma/98976	v3r
lemma/101599	v1r
lemma/103957	v1r
lemma/107776	v4r
lemma/108335	v3r
lemma/111161	v3r
lemma/114532	v4r
lemma/116924	v1d
lemma/118912	v1d
lemma/119628	v1r
lemma/125465	v1r
lemma/128698	v3r
lemma/28048	v4r
lemma/28659	v3r
lemma/39208	v1r
lemma/41452	v1r
lemma/46758	v1r
lemma/62578	v1r
lemma/71750	v1r
lemma/72019	v1r
lemma/83806	v1r
lemma/90325	v4r
lemma/92915	v2r
lemma/92916	v3r
lemma/92917	v4r
lemma/99703	v3r
lemma/101492	v3r
lemma/102275	v1r
lemma/103433	v1r
lemma/111846	v1r
lemma/112595	v2r
lemma/112904	v1r
lemma/117238	v3r
lemma/120005	v1r
lemma/121128	v5r
lemma/122554	v3d
lemma/122829	v1r
lemma/125108	v3r
lemma/125874	v3r
lemma/126899	v4r
lemma/129559	v1r
lemma/137380	v2r
lemma/34857	v1r
lemma/37266	v1r
lemma/43331	v1r
lemma/44476	v1r
lemma/44816	v1r
lemma/46914	v1r
lemma/47370	v1r
lemma/47734	v1r
lemma/50554	v1r
lemma/55858	v1r
lemma/58773	v1r
lemma/66298	v3r
lemma/72838	v1r
lemma/75683	v1r
lemma/76703	v1r
lemma/78863	v1r
lemma/82730	v3r
lemma/89635	v1r
lemma/94144	v5d
lemma/95776	v1r
lemma/98470	v3r
lemma/98512	v3r
lemma/98977	v2r
lemma/101135	v1r
lemma/102053	v1r
lemma/102870	v1r
lemma/104415	v1r
lemma/112238	v3r
lemma/112852	v3r
lemma/113784	v1r
lemma/114533	v1r
lemma/115545	v3r
lemma/121177	v1d
lemma/122351	v1r
lemma/126792	v1r
lemma/132425	v1d
lemma/132978	v1r
lemma/138040	v1r
lemma/26671	v3r
lemma/32915	v1r
lemma/46703	v1r
lemma/47573	v1r
lemma/59987	v1r
lemma/62062	v1r
lemma/74938	v1r
lemma/83756	v1r
lemma/94292	v1r
lemma/95535	v1r
lemma/99895	v3r
lemma/101911	v4r
lemma/102978	v1r
lemma/112596	v3r
lemma/117239	v3e
lemma/119948	v1r
lemma/120067	v4r
lemma/122555	v3r
lemma/122613	v1r
lemma/125058	v3r
lemma/128730	v
lemma/132871	v1r
lemma/26151	v1r
lemma/26360	v1r
lemma/27227	v1r
lemma/32456	v4r
lemma/32560	v1r
lemma/44712	v1r
lemma/47621	v1r
lemma/49564	v3e
lemma/58554	v1r
lemma/58605	v1r
lemma/59579	v4d
lemma/60105	v4r
lemma/67259	v1r
lemma/91335	v4r
lemma/94193	v1r
lemma/95064	v1d
lemma/95065	v1r
lemma/95433	v6r
lemma/95777	v1r
lemma/95884	v3r
lemma/99349	v3r
lemma/101600	v3r
lemma/102007	v4r
lemma/104353	v1r
lemma/107720	v3r
lemma/108745	v3r
lemma/113157	v3r
lemma/114592	v1r
lemma/117498	v1r
lemma/129507	v5r
lemma/26718	v1r
lemma/30226	v1r
lemma/53571	v1r
lemma/59068	v1d
lemma/59894	v1r
lemma/62009	v3r
lemma/68747	v1r
lemma/71396	v1d
lemma/74818	v1r
lemma/76245	v3r
lemma/76465	v1r
lemma/78958	v1r
lemma/80556	v1r
lemma/84266	v1r
lemma/87586	v1r
lemma/95262	v2r
lemma/98105	v1r
lemma/101913	v1r
lemma/102310	v3r
lemma/106615	v1r
lemma/107777	v2r
lemma/108591	v3r
lemma/109831	v2r
lemma/112490	v1r
lemma/119949	v1r
lemma/120069	v3d
lemma/122556	v3r
lemma/128680	v3r
lemma/132106	v1r
lemma/133897	v1r
lemma/26008	v1r
lemma/27177	v3r
lemma/27228	v1r
lemma/39550	v1r
lemma/46505	v1r
lemma/53279	v3d
lemma/59115	v4r
lemma/59631	v1r
lemma/59932	v4r
lemma/61790	v1r
lemma/66287	v1r
lemma/68990	v1r
lemma/88007	v1r
lemma/91339	v1r
lemma/92810	v3r
lemma/94194	v1r
lemma/95887	v1r
lemma/106803	v3r
lemma/107721	v1r
lemma/114593	v5r
lemma/114645	v3r
lemma/116660	v1r
lemma/118194	v3r
lemma/118914	v1r
lemma/123525	v1d
lemma/123526	v1r
lemma/126794	v1r
lemma/129090	v1r
lemma/129241	v1r
lemma/134458	v1r
lemma/28050	v4r
lemma/28963	v1r
lemma/31024	v1r
lemma/33426	v1r
lemma/40538	v1r
lemma/52398	v1d
lemma/52608	v1r
lemma/59171	v1d
lemma/62509	v1r
lemma/66244	v1r
lemma/66913	v1r
lemma/71800	v1r
lemma/75221	v1r
lemma/81793	v1r
lemma/84620	v1r
lemma/87383	v3r
lemma/87587	v1r
lemma/90465	v3r
lemma/92984	v1r
lemma/94294	v1d
lemma/95263	v1r
lemma/98106	v1r
lemma/99024	v1r
lemma/100986	v1d
lemma/101914	v1r
lemma/102311	v3d
lemma/104866	v1d
lemma/106964	v3r
lemma/109674	v1d
lemma/109675	v1r
lemma/110196	v1r
lemma/112491	v4r
lemma/120008	v1r
lemma/122557	v1r
lemma/122609	v2r
lemma/123938	v1r
lemma/125928	v2r
lemma/135376	v3r
lemma/28873	v1r
lemma/30515	v1r
lemma/30825	v3r
lemma/32509	v1r
lemma/40780	v1r
lemma/46718	v1r
lemma/47427	v1r
lemma/50411	v1r
lemma/50810	v3r
lemma/51276	v3r
lemma/59479	v1r
lemma/60873	v3r
lemma/86974	v1r
lemma/87179	v2r
lemma/87940	v1r
lemma/88042	v1r
lemma/93077	v1r
lemma/93377	v4r
lemma/94145	v1r
lemma/94195	v3r
lemma/96145	v1r
lemma/98471	v1r
lemma/98515	v1r
lemma/107722	v3r
lemma/107779	v1r
lemma/109718	v3r
lemma/112802	v1d
lemma/112803	v1r
lemma/113839	v1r
lemma/114485	v6r
lemma/115597	v1d
lemma/118456	v1r
lemma/119222	v1r
lemma/119630	v3r
lemma/120206	v1r
lemma/126029	v3r
lemma/136754	v2r
lemma/138041	v3r
lemma/141891	v1r
lemma/26118	v1r
lemma/28096	v3
lemma/42483	v3r
lemma/43743	v1r
lemma/45488	v1r
lemma/46655	v1r
lemma/54028	v3r
lemma/60516	v1r
lemma/71093	v4r
lemma/73801	v1d
lemma/74924	v3d
lemma/77624	v1r
lemma/79429	v1d
lemma/87348	v1r
lemma/87384	v4d
lemma/87693	v1d
lemma/94295	v1d
lemma/94296	v1r
lemma/96658	v3r
lemma/98057	v2e
lemma/99025	v3r
lemma/101915	v3r
lemma/106965	v5r
lemma/108640	v1r
lemma/115284	v1r
lemma/115445	v1r
lemma/122558	v1r
lemma/126743	v3r
lemma/128682	v1r
lemma/27496	v1r
lemma/29525	v1r
lemma/30932	v3r
lemma/42892	v4r
lemma/46247	v1r
lemma/50813	v1r
lemma/67826	v1r
lemma/69755	v3d
lemma/74713	v1d
lemma/78599	v3r
lemma/78951	v2r
lemma/79313	v1r
lemma/95482	v1d
lemma/95483	v1r
lemma/98516	v1r
lemma/102057	v1r
lemma/108232	v1r
lemma/114233	v1r
lemma/114486	v3r
lemma/115693	v1d
lemma/116662	v3r
lemma/118518	v3r
lemma/120156	v3r
lemma/120207	v1r
lemma/122353	v1r
lemma/126394	v3r
lemma/126796	v3r
lemma/27127	v1d
lemma/33234	v1r
lemma/37150	v1r
lemma/40130	v1r
lemma/48910	v1r
lemma/49885	v1r
lemma/50313	v1r
lemma/50877	v1r
lemma/53633	v1r
lemma/59475	v1r
lemma/70121	v1r
lemma/71802	v1r
lemma/80911	v4
lemma/81695	v1r
lemma/87385	v1r
lemma/96490	v3r
lemma/103642	v1r
lemma/119530	v1r
lemma/122559	v1r
lemma/122860	v2r
lemma/125672	v3r
lemma/126657	v4r
lemma/126744	v1r
lemma/132109	v1r
lemma/132410	v1r
lemma/132875	v1r
lemma/136092	v1r
lemma/141691	v1d
lemma/26206	v1r
lemma/39562	v1r
lemma/42260	v1r
lemma/44105	v1r
lemma/44612	v1r
lemma/45956	v1r
lemma/46153	v1r
lemma/47021	v3r
lemma/58767	v1r
lemma/59118	v1r
lemma/61793	v4r
lemma/68331	v1r
lemma/76090	v1r
lemma/77627	v1r
lemma/88009	v3r
lemma/95118	v4d
lemma/98517	v3r
lemma/104364	v2d
lemma/104365	v2r
lemma/107724	v3r
lemma/114487	v3r
lemma/114597	v1r
lemma/116714	v2r
lemma/118915	v1r
lemma/119115	v2r
lemma/120103	v1r
lemma/121745	v3r
lemma/128388	v1r
lemma/133436	v1r
lemma/35673	v1r
lemma/43694	v3r
lemma/69746	v1r
lemma/75990	v3r
lemma/76040	v1r
lemma/77575	v1r
lemma/77788	v1r
lemma/87387	v2e
lemma/95067	v3r
lemma/96035	v3d
lemma/99027	v2r
lemma/99136	v3d
lemma/100580	v1r
lemma/101916	v1r
lemma/102522	v1r
lemma/109771	v1r
lemma/110199	v4r
lemma/115286	v1r
lemma/120009	v3r
lemma/122861	v3r
lemma/123886	v1d
lemma/123887	v1r
lemma/125415	v1r
lemma/126333	v1r
lemma/126658	v5d
lemma/126748	v3r
lemma/127880	v2r
lemma/127881	v3r
lemma/130065	v1r
lemma/141787	v1r
lemma/26166	v1r
lemma/32762	v1r
lemma/46198	v3r
lemma/49679	v1r
lemma/49822	v1r
lemma/52811	v1r
lemma/53220	v1r
lemma/59433	v1r
lemma/59885	v1r
lemma/60059	v1r
lemma/76142	v1r
lemma/76658	v3r
lemma/79272	v1r
lemma/88044	v3r
lemma/94196	v1r
lemma/94568	v1r
lemma/96146	v3r
lemma/98473	v1r
lemma/102876	v3r
lemma/108234	v1r
lemma/114280	v1r
lemma/114432	v3r
lemma/114488	v3e
lemma/117906	v4r
lemma/119117	v1r
lemma/119634	v1r
lemma/129509	v2r
lemma/131443	v3r
lemma/28967	v3r
lemma/32169	v1r
lemma/49513	v6
lemma/50872	v1r
lemma/55597	v2r
lemma/72671	v1r
lemma/78095	v1r
lemma/89896	v1r
lemma/102523	v6r
lemma/106966	v3r
lemma/109773	v1r
lemma/111628	v1r
lemma/118199	v1r
lemma/118658	v4r
lemma/120010	v1r
lemma/126751	v3r
lemma/128685	v3r
lemma/134355	v1r
lemma/27444	v1r
lemma/27534	v1r
lemma/33788	v1r
lemma/46602	v1r
lemma/47060	v1r
lemma/47576	v1r
lemma/54639	v1r
lemma/59421	v1r
lemma/64298	v1r
lemma/75390	v1r
lemma/86977	v1r
lemma/94148	v2r
lemma/95066	v2r
lemma/96185	v2r
lemma/96186	v3r
lemma/102412	v1r
lemma/106669	v1d
lemma/107210	v3r
lemma/108184	v3r
lemma/108235	v3r
lemma/108547	v3d
lemma/114237	v3d
lemma/114489	v3r
lemma/117905	v1r
lemma/119224	v1r
lemma/120106	v3r
lemma/120159	v1r
lemma/122454	v1r
lemma/126799	v3r
lemma/127825	v3r
lemma/130831	v2r
lemma/26050	v7e
lemma/31338	v2r
lemma/32300	v1r
lemma/34349	v1r
lemma/46864	v1r
lemma/47168	v1r
lemma/49463	v1r
lemma/52764	v1r
lemma/68588	v1d
lemma/75548	v1d
lemma/87391	v2r
lemma/96493	v3r
lemma/108954	v3d
lemma/108955	v3r
lemma/109774	v3r
lemma/111228	v1r
lemma/112768	v3r
lemma/119061	v1r
lemma/120017	v1r
lemma/125471	v1r
lemma/126093	v1r
lemma/128630	v3r
lemma/129923	v1r
lemma/131904	v1r
lemma/133280	v1r
lemma/133847	v1r
lemma/27535	v3r
lemma/28453	v1r
lemma/28918	v1r
lemma/34242	v3r
lemma/43181	v1r
lemma/44521	v1r
lemma/47585	v1r
lemma/50667	v1r
lemma/50820	v1r
lemma/54624	v4r
lemma/75844	v1r
lemma/86978	v5r
lemma/89372	v1d
lemma/95072	v2r
lemma/98520	v1r
lemma/103438	v2r
lemma/108236	v1r
lemma/112769	v1r
lemma/116717	v3r
lemma/117380	v3r
lemma/118144	v2r
lemma/119225	v3r
lemma/120374	v1d
lemma/122455	v1r
lemma/125009	v1d
lemma/125010	v1r
lemma/133439	v1r
lemma/27893	v1r
lemma/33274	v1r
lemma/49837	v1r
lemma/52750	v3r
lemma/55650	v4r
lemma/59373	v3r
lemma/64819	v1r
lemma/69846	v1r
lemma/86937	v1r
lemma/88914	v1r
lemma/98060	v3r
lemma/98362	v1r
lemma/100581	v1r
lemma/100948	v1d
lemma/101803	v1r
lemma/102473	v1r
lemma/102526	v1r
lemma/103740	v1r
lemma/108602	v1d
lemma/108603	v1r
lemma/108953	v1d
lemma/117430	v1d
lemma/117431	v1r
lemma/119062	v3d
lemma/125683	v1r
lemma/126094	v1r
lemma/128631	v4r
lemma/27285	v1r
lemma/27850	v1r
lemma/30118	v1r
lemma/41510	v1r
lemma/44258	v3r
lemma/50875	v1r
lemma/57021	v1r
lemma/72060	v4r
lemma/83708	v1r
lemma/85084	v1r
lemma/96950	v1d
lemma/96951	v1r
lemma/98474	v1r
lemma/99740	v5r
lemma/101397	v3r
lemma/103439	v3r
lemma/108237	v1r
lemma/108905	v2r
lemma/114435	v1r
lemma/116718	v3r
lemma/117085	v3r
lemma/117176	v4r
lemma/119118	v3r
lemma/119226	v1d
lemma/120378	v3r
lemma/122456	v3r
lemma/126095	v2r
lemma/129197	v3r
lemma/130270	v3r
lemma/136766	v4r
lemma/29888	v1r
lemma/31281	v1r
lemma/41347	v1r
lemma/49000	v1r
lemma/53313	v1r
lemma/66542	v4r
lemma/69740	v1r
lemma/69904	v1r
lemma/74203	v1r
lemma/78605	v1r
lemma/79270	v3r
lemma/79874	v1r
lemma/86006	v1r
lemma/86939	v3r
lemma/87393	v3r
lemma/88915	v1r
lemma/95733	v2r
lemma/97974	v1r
lemma/100582	v1r
lemma/119063	v1r
lemma/122400	v3r
lemma/122760	v1r
lemma/132364	v1r
lemma/134710	v3r
lemma/141790	v1r
lemma/29582	v1r
lemma/40838	v1r
lemma/49109	v1r
lemma/64043	v1r
lemma/64653	v1r
lemma/68942	v1r
lemma/82582	v1d
lemma/96453	v1r
lemma/99741	v1r
lemma/100029	v1r
lemma/108238	v4r
lemma/108549	v1r
lemma/108906	v1d
lemma/108907	v1r
lemma/117177	v3r
lemma/122457	v3r
lemma/123223	v4r
lemma/126096	v1r
lemma/126396	v3r
lemma/27129	v3r
lemma/32710	v1r
lemma/39154	v3r
lemma/40186	v1r
lemma/41297	v1r
lemma/44668	v3r
lemma/49776	v1r
lemma/59487	v1r
lemma/73857	v1r
lemma/75639	v1r
lemma/86922	v3r
lemma/86938	v1r
lemma/95572	v1r
lemma/95734	v3r
lemma/96494	v1r
lemma/97566	v1r
lemma/97975	v1r
lemma/98364	v1r
lemma/100371	v1r
lemma/100830	v3r
lemma/105220	v3r
lemma/107425	v4r
lemma/107470	v1r
lemma/110560	v3r
lemma/117852	v1r
lemma/122401	v3r
lemma/122511	v3r
lemma/126338	v1r
lemma/126754	v4r
lemma/129091	v1r
lemma/141791	v1r
lemma/54627	v4r
lemma/59736	v1r
lemma/60577	v1r
lemma/86979	v3r
lemma/87432	v1r
lemma/90366	v1r
lemma/91596	v3r
lemma/99742	v2r
lemma/100487	v3r
lemma/102416	v1r
lemma/111690	v6r
lemma/114245	v1r
lemma/122458	v3r
lemma/122810	v4r
lemma/130836	v1d
lemma/132774	v1r
lemma/135221	v1r
lemma/142035	v2r
lemma/31283	v1r
lemma/32563	v1r
lemma/45230	v1r
lemma/46147	v1r
lemma/47524	v1r
lemma/57539	v3r
lemma/91284	v1r
lemma/95573	v1r
lemma/96495	v2r
lemma/100949	v1r
lemma/102474	v1r
lemma/102527	v3r
lemma/108908	v3r
lemma/114795	v6r
lemma/117797	v2e
lemma/119065	v1r
lemma/119119	v1r
lemma/122402	v3r
lemma/122512	v1r
lemma/137981	v3r
lemma/26319	v3r
lemma/27381	v1r
lemma/32519	v2r
lemma/67670	v1d
lemma/75439	v3r
lemma/77537	v1r
lemma/77883	v1r
lemma/87433	v2r
lemma/95991	v3r
lemma/99494	v1d
lemma/99495	v1r
lemma/99853	v1r
lemma/100488	v4d
lemma/101399	v1r
lemma/102418	v3r
lemma/107215	v3r
lemma/107370	v3r
lemma/114195	v3r
lemma/114282	v3r
lemma/119227	v1r
lemma/122459	v1r
lemma/132009	v1r
lemma/138491	v2r
lemma/27948	v1r
lemma/28870	v1r
lemma/30310	v1r
lemma/30983	v1d
lemma/47436	v1r
lemma/48959	v1r
lemma/49519	v1r
lemma/56515	v1r
lemma/63687	v1r
lemma/79821	v1r
lemma/94197	v3r
lemma/100584	v4r
lemma/102009	v1r
lemma/108491	v1r
lemma/116001	v3r
lemma/118812	v1r
lemma/122513	v3r
lemma/122761	v3r
lemma/123786	v1r
lemma/129961	v1d
lemma/132367	v1r
lemma/136140	v1r
lemma/136707	v1r
lemma/27382	v1r
lemma/27489	v1r
lemma/29835	v1r
lemma/33222	v1r
lemma/46865	v1r
lemma/65329	v1r
lemma/75890	v3r
lemma/81730	v3r
lemma/86874	v1r
lemma/90368	v2r
lemma/96030	v4r
lemma/97977	v1r
lemma/107895	v1r
lemma/114196	v3r
lemma/123224	v3r
lemma/126701	v1r
lemma/127620	v3r
lemma/128993	v1r
lemma/131399	v3r
lemma/133745	v1r
lemma/135172	v1r
lemma/135223	v1r
lemma/40746	v1r
lemma/41703	v1r
lemma/42570	v1r
lemma/46149	v4r
lemma/47067	v1r
lemma/47118	v1r
lemma/74416	v1r
lemma/75482	v1r
lemma/79005	v1r
lemma/82240	v3r
lemma/95322	v3r
lemma/95575	v1r
lemma/98260	v3r
lemma/100890	v1r
lemma/108492	v2r
lemma/116774	v1r
lemma/118814	v3r
lemma/123787	v3r
lemma/125061	v1r
lemma/126591	v1r
lemma/133337	v1r
lemma/136141	v1d
lemma/37874	v3r
lemma/44928	v1r
lemma/47011	v1r
lemma/48904	v1r
lemma/50774	v1r
lemma/58868	v1r
lemma/63749	v1r
lemma/68130	v1r
lemma/72992	v1r
lemma/80976	v1r
lemma/87435	v4r
lemma/94862	v3r
lemma/101343	v1r
lemma/115343	v1d
lemma/115344	v1r
lemma/117125	v2r
lemma/122762	v1r
lemma/127563	v2e
lemma/127564	v2r
lemma/42622	v1r
lemma/47730	v1r
lemma/58812	v1r
lemma/62467	v1r
lemma/67981	v1r
lemma/69047	v3r
lemma/74828	v1r
lemma/78399	v1r
lemma/81277	v1r
lemma/85144	v3r
lemma/89944	v1d
lemma/93633	v2r
lemma/101805	v4r
lemma/102312	v3r
lemma/102477	v1r
lemma/106613	v3d
lemma/116829	v3r
lemma/118860	v
lemma/119068	v2r
lemma/121028	v1r
lemma/122354	v5r
lemma/124700	v3r
lemma/127002	v1r
lemma/37375	v1r
lemma/53785	v1r
lemma/62307	v1d
lemma/86876	v1r
lemma/88354	v3d
lemma/95993	v3r
lemma/96545	v1r
lemma/97936	v3r
lemma/98323	v3r
lemma/104722	v1r
lemma/112147	v1r
lemma/122710	v3r
lemma/32664	v1r
lemma/50151	v1r
lemma/63893	v1r
lemma/68338	v3r
lemma/75133	v1r
lemma/85198	v3r
lemma/94516	v3r
lemma/95221	v4r
lemma/95577	v3r
lemma/102313	v1r
lemma/106614	v3r
lemma/122355	v6r
lemma/122514	v1r
lemma/132263	v1r
lemma/27337	v1d
lemma/27592	v1r
lemma/30829	v1r
lemma/31231	v1r
lemma/37827	v1r
lemma/39512	v1r
lemma/43541	v1d
lemma/47013	v1r
lemma/47784	v3r
lemma/50466	v1r
lemma/50815	v1r
lemma/83561	v1r
lemma/86877	v1r
lemma/88355	v1r
lemma/90420	v1d
lemma/90421	v1r
lemma/96456	v1r
lemma/102314	v1r
lemma/104612	v3r
lemma/104723	v2r
lemma/112148	v1r
lemma/116368	v1d
lemma/119371	v2r
lemma/122764	v3r
lemma/126707	v3r
lemma/128592	v3r
lemma/131754	v1r
lemma/134150	v1r
lemma/134201	v1r
lemma/134308	v1r
lemma/137538	v1r
lemma/26411	v7e
lemma/29323	v1r
lemma/50407	v1r
lemma/64093	v1r
lemma/65376	v1r
lemma/67723	v1r
lemma/70380	v1r
lemma/75487	v1r
lemma/86375	v4r
lemma/95323	v3r
lemma/98980	v1r
lemma/100893	v1d
lemma/108142	v4r
lemma/109060	v3r
lemma/119831	v3r
lemma/122356	v3r
lemma/129148	v3e
lemma/130743	v1r
lemma/135635	v1r
lemma/27437	v1r
lemma/46045	v1r
lemma/46410	v1r
lemma/47731	v1r
lemma/48907	v1r
lemma/59324	v1r
lemma/62258	v1r
lemma/67924	v3r
lemma/79278	v4r
lemma/86878	v2r
lemma/88356	v1r
lemma/94451	v1r
lemma/97937	v3r
lemma/98672	v1d
lemma/102371	v1r
lemma/104614	v1r
lemma/104724	v3r
lemma/106259	v1r
lemma/108087	v3r
lemma/122357	v1r
lemma/122765	v1r
lemma/125992	v1r
lemma/126237	v1r
lemma/133698	v1r
lemma/27289	v2r
lemma/31289	v1r
lemma/32518	v1r
lemma/39509	v1r
lemma/44920	v1r
lemma/47423	v1r
lemma/59024	v1r
lemma/59488	v1r
lemma/65987	v1r
lemma/70688	v4r
lemma/83502	v3r
lemma/87847	v1r
lemma/88974	v3r
lemma/95324	v3r
lemma/96497	v1r
lemma/99856	v3r
lemma/102479	v1r
lemma/103749	v1r
lemma/106616	v1r
lemma/107069	v1r
lemma/108141	v2r
lemma/109062	v1r
lemma/111178	v3r
lemma/114285	v1r
lemma/126130	v3r
lemma/126595	v6r
lemma/129098	v3r
lemma/129501	v3
lemma/134667	v1r
lemma/135120	v1r
lemma/137931	v1r
lemma/27438	v1r
lemma/28516	v3r
lemma/43492	v1r
lemma/58300	v
lemma/76001	v1r
lemma/77386	v1r
lemma/77425	v3r
lemma/79367	v1r
lemma/83309	v1r
lemma/88357	v1r
lemma/94456	v2d
lemma/94457	v2r
lemma/94458	v3d
lemma/94459	v3r
lemma/96390	v1d
lemma/96391	v1r
lemma/99498	v1r
lemma/102372	v2r
lemma/102373	v3r
lemma/106303	v1r
lemma/107931	v1r
lemma/122515	v5r
lemma/122766	v1r
lemma/126238	v3d
lemma/129667	v1r
lemma/31080	v1r
lemma/33179	v1r
lemma/33180	v1r
lemma/50409	v1r
lemma/56363	v1r
lemma/58662	v1d
lemma/70744	v1r
lemma/96549	v1r
lemma/99445	v1r
lemma/102725	v1d
lemma/102726	v1r
lemma/103699	v1r
lemma/118047	v3r
lemma/120725	v3r
lemma/122712	v1r
lemma/124866	v1r
lemma/126596	v5r
lemma/133643	v6
lemma/137932	v1r
lemma/29683	v1r
lemma/32723	v1r
lemma/32776	v1r
lemma/35891	v1r
lemma/39919	v1r
lemma/57332	v1r
lemma/66089	v1r
lemma/70582	v3r
lemma/74922	v1r
lemma/75431	v1r
lemma/82892	v6d
lemma/86266	v4r
lemma/87180	v3r
lemma/88358	v3r
lemma/107932	v3r
lemma/108441	v3r
lemma/112149	v1r
lemma/115145	v4r
lemma/115348	v1d
lemma/117289	v1r
lemma/126239	v1r
lemma/126498	v3r
lemma/126709	v1r
lemma/128593	v6r
lemma/135229	v1r
lemma/137539	v3r
lemma/26006	v1r
lemma/27281	v1r
lemma/43953	v1r
lemma/47799	v1r
lemma/50660	v1r
lemma/58926	v1r
lemma/60726	v2e
lemma/63948	v3r
lemma/79273	v1r
lemma/79828	v1r
lemma/85700	v3r
lemma/85906	v1r
lemma/87594	v1r
lemma/90267	v1r
lemma/94865	v5r
lemma/98984	v3r
lemma/100732	v1d
lemma/100733	v1r
lemma/101241	v1r
lemma/101808	v2r
lemma/102210	v4r
lemma/108034	v6r
lemma/117036	v2r
lemma/120727	v1r
lemma/126597	v2r
lemma/127566	v1r
lemma/130582	v1r
lemma/130746	v1r
lemma/130789	v1r
lemma/33229	v1r
lemma/40991	v1r
lemma/47017	v1r
lemma/56007	v1r
lemma/67059	v1r
lemma/70634	v1r
lemma/98626	v1r
lemma/98675	v1r
lemma/98726	v1r
lemma/101196	v1r
lemma/115144	v1r
lemma/122974	v3r
lemma/123638	v6r
lemma/131401	v3r
lemma/26007	v1r
lemma/32562	v2r
lemma/32613	v1r
lemma/33071	v1r
lemma/35882	v1r
lemma/46866	v3r
lemma/54887	v1r
lemma/60017	v3r
lemma/84014	v1r
lemma/85800	v1d
lemma/89947	v3r
lemma/98325	v3r
lemma/99857	v3r
lemma/100897	v1r
lemma/108146	v1d
lemma/108147	v1r
lemma/109064	v1r
lemma/118917	v2r
lemma/126965	v6r
lemma/127004	v1r
lemma/51222	v1r
lemma/55091	v1r
lemma/59328	v1r
lemma/59532	v1r
lemma/64041	v1r
lemma/67522	v1r
lemma/73031	v1r
lemma/76054	v1r
lemma/89221	v2r
lemma/94149	v5r
lemma/94761	v1r
lemma/94813	v1r
lemma/95228	v1d
lemma/95229	v1r
lemma/96393	v3r
lemma/96700	v1r
lemma/101192	v1r
lemma/103292	v1r
lemma/104617	v3r
lemma/105123	v1r
lemma/114392	v1d
lemma/114393	v1r
lemma/117382	v1r
lemma/118458	v1d
lemma/118459	v1r
lemma/122663	v3r
lemma/122713	v1r
lemma/122975	v3r
lemma/126545	v1r
lemma/129668	v1r
lemma/30881	v1r
lemma/41044	v1r
lemma/47074	v1d
lemma/57596	v4r
lemma/59336	v1r
lemma/63124	v1r
lemma/72733	v1r
lemma/94254	v3r
lemma/96036	v1d
lemma/97362	v1r
lemma/99447	v4d
lemma/99594	v1r
lemma/100689	v1r
lemma/103186	v1r
lemma/105481	v1r
lemma/106450	v4r
lemma/118918	v1r
lemma/131193	v1d
lemma/131194	v1r
lemma/27692	v1r
lemma/27745	v1r
lemma/27956	v1r
lemma/30165	v1r
lemma/43609	v3r
lemma/46464	v1r
lemma/46918	v1r
lemma/47836	v1r
lemma/50254	v1r
lemma/50410	v1r
lemma/67421	v1r
lemma/72931	v4r
lemma/82141	v1r
lemma/84373	v1r
lemma/87744	v1r
lemma/89222	v3r
lemma/90422	v3r
lemma/94763	v3r
lemma/96394	v1r
lemma/98222	v1r
lemma/98627	v1r
lemma/104618	v1r
lemma/113019	v1r
lemma/117383	v3r
lemma/117434	v2r
lemma/119332	v2r
lemma/122664	v1r
lemma/122714	v1r
lemma/123640	v1r
lemma/126548	v3r
lemma/128595	v3r
lemma/131402	v2r
lemma/136099	v1r
lemma/27284	v3r
lemma/50663	v7e
lemma/58713	v3r
lemma/59535	v1r
lemma/61542	v1r
lemma/75902	v1r
lemma/76761	v4r
lemma/83560	v1r
lemma/90980	v3r
lemma/94255	v5r
lemma/94866	v6r
lemma/95119	v1d
lemma/95120	v1r
lemma/102213	v1r
lemma/103959	v1r
lemma/104009	v1r
lemma/114806	v5r
lemma/120729	v1r
lemma/127053	v3r
lemma/129766	v1r
lemma/130586	v1r
lemma/135074	v1r
lemma/35476	v1r
lemma/47786	v4r
lemma/59842	v1r
lemma/74058	v1r
lemma/85862	v1r
lemma/89790	v1r
lemma/98729	v3r
lemma/106619	v1r
lemma/111028	v1d
lemma/111029	v1r
lemma/122715	v1r
lemma/125421	v2r
lemma/131705	v1r
lemma/40530	v3r
lemma/50664	v1r
lemma/61081	v1r
lemma/71147	v3r
lemma/75436	v3r
lemma/77838	v1r
lemma/82545	v3r
lemma/87695	v4r
lemma/89173	v5r
lemma/90327	v1r
lemma/96701	v1r
lemma/106510	v1r
lemma/109065	v1r
lemma/118762	v7r
lemma/120730	v3r
lemma/133490	v1r
lemma/31857	v1r
lemma/35528	v1r
lemma/40071	v1r
lemma/49323	v3r
lemma/54783	v1r
lemma/76159	v3r
lemma/76565	v3r
lemma/78812	v1r
lemma/83202	v1r
lemma/83917	v6
lemma/91755	v1r
lemma/95077	v1r
lemma/109425	v1r
lemma/122665	v3r
lemma/122716	v3d
lemma/128381	v3r
lemma/134510	v1r
lemma/28672	v1r
lemma/43958	v2r
lemma/49170	v1r
lemma/50665	v1r
lemma/50777	v1r
lemma/58568	v1r
lemma/63690	v1r
lemma/63692	v1r
lemma/71451	v1r
lemma/87696	v1d
lemma/87697	v1r
lemma/89174	v3r
lemma/91497	v1r
lemma/95539	v1r
lemma/109066	v3r
lemma/114034	v1r
lemma/126196	v2r
lemma/128795	v3r
lemma/129614	v3r
lemma/134618	v1r
lemma/26670	v3r
lemma/40996	v1r
lemma/47788	v7e
lemma/48757	v4r
lemma/50257	v3r
lemma/53734	v1r
lemma/75330	v1r
lemma/75690	v1r
lemma/75744	v1r
lemma/75795	v1r
lemma/91951	v1r
lemma/94817	v1r
lemma/98223	v1r
lemma/98831	v3r
lemma/101601	v1r
lemma/103649	v1r
lemma/116928	v1d
lemma/118406	v1r
lemma/122666	v2r
lemma/122717	v3r
lemma/127985	v1d
lemma/127986	v1r
lemma/131656	v1r
lemma/41566	v3r
lemma/42934	v3r
lemma/46100	v1r
lemma/46406	v3r
lemma/49210	v1r
lemma/49675	v4r
lemma/50468	v2r
lemma/50666	v1r
lemma/51020	v1r
lemma/54172	v1r
lemma/66867	v2e
lemma/68232	v3r
lemma/70740	v1r
lemma/71098	v3r
lemma/83921	v1r
lemma/94256	v1r
lemma/99398	v1d
lemma/102011	v1r
lemma/103549	v1r
lemma/106454	v1r
lemma/107780	v3r
lemma/109067	v4r
lemma/114037	v4d
lemma/114038	v4r
lemma/120315	v
lemma/122610	v4r
lemma/126240	v1r
lemma/128749	v5r
lemma/133492	v1r
lemma/58308	v1r
lemma/75331	v1r
lemma/85963	v1r
lemma/86880	v2r
lemma/91757	v4r
lemma/94766	v1r
lemma/95889	v1r
lemma/98830	v2r
lemma/108341	v1r
lemma/108448	v1r
lemma/122667	v1r
lemma/124043	v5d
lemma/125730	v3r
lemma/126550	v3r
lemma/127521	v3r
lemma/135486	v5r
lemma/26881	v1r
lemma/29741	v1r
lemma/30167	v1r
lemma/73445	v1r
lemma/73809	v1r
lemma/76614	v1r
lemma/92985	v1r
lemma/94257	v1r
lemma/99704	v3r
lemma/100694	v4r
lemma/102014	v1r
lemma/107781	v1r
lemma/109009	v3r
lemma/118300	v1d
lemma/119274	v3r
lemma/119685	v1r
lemma/120163	v2r
lemma/122517	v1r
lemma/122560	v3r
lemma/122611	v2r
lemma/126241	v3r
lemma/129717	v1d
lemma/129718	v1r
lemma/27181	v2e
lemma/31084	v1r
lemma/48759	v1r
lemma/53579	v1r
lemma/60167	v1r
lemma/70697	v3d
lemma/75797	v1d
lemma/76979	v1r
lemma/84322	v1r
lemma/86881	v3r
lemma/89638	v3r
lemma/98832	v5r
lemma/98983	v1r
lemma/101602	v3r
lemma/108342	v3r
lemma/126901	v3r
lemma/127520	v2r
lemma/134462	v1r
lemma/135487	v2r
lemma/37367	v1r
lemma/39258	v1r
lemma/43293	v3r
lemma/47840	v3d
lemma/49677	v1r
lemma/59231	v1r
lemma/66606	v1r
lemma/67623	v1r
lemma/68694	v1r
lemma/82747	v1r
lemma/94258	v1r
lemma/95783	v1r
lemma/101812	v1r
lemma/108965	v1r
lemma/122561	v3r
lemma/122612	v1r
lemma/32570	v1r
lemma/46001	v1r
lemma/51229	v1r
lemma/60168	v4r
lemma/71156	v1r
lemma/75647	v2r
lemma/94818	v1r
lemma/119334	v1r
lemma/122669	v1r
lemma/131659	v1r
lemma/133137	v1r
lemma/134979	v1r
lemma/47735	v1r
lemma/51021	v1r
lemma/58510	v1r
lemma/58719	v1r
lemma/62514	v1r
lemma/67828	v5r
lemma/90372	v1r
lemma/95835	v7e
lemma/97369	v3r
lemma/103552	v5r
lemma/118818	v1r
lemma/126198	v1r
lemma/129619	v1r
lemma/32729	v4r
lemma/40893	v1r
lemma/43192	v1r
lemma/47327	v1r
lemma/59586	v1r
lemma/93382	v1r
lemma/94767	v3r
lemma/96607	v3r
lemma/98985	v5r
lemma/100583	v3r
lemma/101603	v4r
lemma/104571	v1d
lemma/106201	v3r
lemma/107375	v3r
lemma/107426	v3r
lemma/113933	v1r
lemma/133138	v1d
lemma/138044	v3r
lemma/141894	v3r
lemma/33024	v1r
lemma/46359	v7e
lemma/48600	v1r
lemma/49623	v1d
lemma/63131	v1r
lemma/65991	v1r
lemma/79215	v1r
lemma/90373	v3r
lemma/90522	v1r
lemma/94867	v3r
lemma/100695	v3r
lemma/104419	v3r
lemma/104679	v4r
lemma/114491	v1r
lemma/122614	v1d
lemma/122615	v1r
lemma/126199	v2r
lemma/126903	v1r
lemma/141631	v3r
lemma/31032	v1r
lemma/36091	v1r
lemma/42221	v1r
lemma/72832	v6
lemma/75590	v3r
lemma/89072	v1d
lemma/89123	v1r
lemma/89639	v1r
lemma/94768	v4r
lemma/95073	v3r
lemma/95892	v1r
lemma/98986	v6r
lemma/101604	v1r
lemma/109722	v3r
lemma/124047	v1r
lemma/127931	v1r
lemma/130588	v1r
lemma/40486	v3r
lemma/46253	v3r
lemma/46878	v1r
lemma/47630	v1r
lemma/72990	v3r
lemma/98522	v1r
lemma/99706	v3r
lemma/101813	v1r
lemma/107785	v3r
lemma/114492	v3r
lemma/128280	v1r
lemma/135026	v1r
lemma/27494	v1d
lemma/36805	v1r
lemma/54029	v4r
lemma/58563	v1r
lemma/58820	v1r
lemma/65898	v1r
lemma/68083	v1r
lemma/75393	v4r
lemma/87595	v1r
lemma/95074	v1r
lemma/101605	v1r
lemma/104108	v4r
lemma/111581	v1d
lemma/134001	v1r
lemma/141898	v1r
lemma/142045	v1e
lemma/43752	v1r
lemma/74726	v1d
lemma/86269	v1r
lemma/99708	v2r
lemma/99900	v1r
lemma/102278	v1r
lemma/103551	v1r
lemma/106761	v3r
lemma/112601	v1r
lemma/114493	v3r
lemma/118053	v3r
lemma/129150	v3r
lemma/133549	v1r
lemma/134410	v1r
lemma/137378	v5r
lemma/29026	v1r
lemma/75232	v1r
lemma/75337	v1r
lemma/83514	v1r
lemma/87596	v1r
lemma/107429	v1r
lemma/112099	v3r
lemma/123945	v3r
lemma/132989	v1r
lemma/27342	v1r
lemma/43247	v3r
lemma/48767	v3r
lemma/49018	v3r
lemma/60014	v1r
lemma/103193	v6r
lemma/111991	v7r
lemma/112810	v1r
lemma/122617	v
lemma/125886	v2r
lemma/128282	v3r
lemma/129565	v1r
lemma/134059	v3r
lemma/43968	v3r
lemma/53277	v1r
lemma/62418	v1r
lemma/75287	v4r
lemma/87597	v1r
lemma/89640	v1r
lemma/95078	v1r
lemma/98476	v1r
lemma/119638	v1r
lemma/125371	v1r
lemma/134361	v1r
lemma/138047	v1r
lemma/28565	v1r
lemma/49167	v1r
lemma/49834	v4r
lemma/55453	v1r
lemma/80159	v1r
lemma/80317	v1r
lemma/86981	v1r
lemma/87396	v3r
lemma/95487	v1r
lemma/96191	v1d
lemma/96192	v1r
lemma/100588	v1r
lemma/112868	v1r
lemma/118972	v3r
lemma/119228	v5r
lemma/120111	v3r
lemma/122460	v1r
lemma/126907	v1r
lemma/134928	v4r
lemma/58924	v1r
lemma/59384	v1r
lemma/68593	v1r
lemma/84120	v1d
lemma/126800	v1r
lemma/131966	v1r
lemma/27189	v1r
lemma/59944	v1r
lemma/72328	v4r
lemma/86982	v6r
lemma/88460	v1d
lemma/88461	v1r
lemma/90527	v1r
lemma/98526	v1r
lemma/99903	v1r
lemma/100589	v3r
lemma/102279	v3r
lemma/110927	v1d
lemma/112869	v1d
lemma/114246	v1r
lemma/122461	v1r
lemma/134822	v1r
lemma/136973	v1r
lemma/141636	v4r
lemma/43346	v1r
lemma/54687	v4r
lemma/58460	v3r
lemma/60069	v1d
lemma/70741	v1r
lemma/95122	v1r
lemma/126801	v3r
lemma/127367	v1d
lemma/131502	v1r
lemma/132119	v1r
lemma/136101	v2r
lemma/47944	v1r
lemma/47946	v1r
lemma/50921	v1d
lemma/74932	v1r
lemma/76564	v1r
lemma/86983	v3r
lemma/107636	v1r
lemma/108604	v3r
lemma/114247	v3r
lemma/122462	v1r
lemma/127311	v3r
lemma/54739	v4r
lemma/96704	v1r
lemma/98477	v3r
lemma/118202	v3r
lemma/123947	v3r
lemma/126802	v3r
lemma/131861	v1r
lemma/136710	v3r
lemma/26574	v4r
lemma/27290	v1r
lemma/43296	v1r
lemma/51024	v4r
lemma/57857	v1r
lemma/58870	v1r
lemma/119124	v1r
lemma/130793	v3r
lemma/60478	v1d
lemma/65120	v1r
lemma/77073	v4r
lemma/94152	v5r
lemma/113116	v1r
lemma/115700	v3r
lemma/134365	v1r
lemma/137685	v3r
lemma/139980	v5r
lemma/27493	v1r
lemma/50469	v1r
lemma/61340	v1r
lemma/108555	v1r
lemma/120169	v3r
lemma/136303	v5r
lemma/136974	v4r
lemma/58463	v3
lemma/94153	v1d
lemma/96706	v3r
lemma/97981	v1r
lemma/104825	v3r
lemma/116830	v3r
lemma/132372	v1r
lemma/137221	v5r
lemma/29023	v3r
lemma/38081	v1r
lemma/58872	v1r
lemma/70331	v3r
lemma/99907	v1d
lemma/122516	v1r
lemma/132781	v1r
lemma/134310	v3r
lemma/134826	v1r
lemma/37164	v1
lemma/43655	v1r
lemma/46154	v1r
lemma/48500	v1r
lemma/55144	v1r
lemma/70847	v1d
lemma/82699	v1r
lemma/94156	v3d
lemma/101810	v1r
lemma/106106	v1r
lemma/137687	v3r
lemma/59382	v1r
lemma/76468	v1r
lemma/82642	v1r
lemma/90374	v3r
lemma/124761	v1d
lemma/124762	v1r
lemma/29898	v1d
lemma/48764	v1r
lemma/58465	v1r
lemma/79935	v4r
lemma/94157	v3r
lemma/97983	v1r
lemma/107174	v1r
lemma/47535	v1r
lemma/53378	v1r
lemma/54843	v1r
lemma/77533	v3r
lemma/90375	v5r
lemma/99858	v3r
lemma/108556	v3r
lemma/122518	v2r
lemma/27340	v1r
lemma/43704	v1
lemma/48609	v1r
lemma/50823	v1r
lemma/94158	v1r
lemma/102170	v3r
lemma/133344	v1r
lemma/134369	v1r
lemma/45953	v1r
lemma/46616	v7e
lemma/47790	v1r
lemma/55555	v3
lemma/79528	v4r
lemma/90376	v3r
lemma/108557	v1r
lemma/108914	v1r
lemma/134778	v1r
lemma/28877	v3r
lemma/46619	v1r
lemma/88360	v1r
lemma/31240	v1r
lemma/32980	v1d
lemma/46569	v1r
lemma/84128	v1r
lemma/100898	v3r
lemma/117490	v6r
lemma/126242	v1r
lemma/134314	v1r
lemma/135181	v1r
lemma/26933	v1r
lemma/41051	v1r
lemma/68495	v1r
lemma/71304	v1r
lemma/86883	v1d
lemma/126758	v3r
lemma/131403	v3r
lemma/135641	v1r
lemma/27035	v1d
lemma/27296	v1r
lemma/75134	v1r
lemma/86835	v1r
lemma/100899	v1r
lemma/131812	v1r
lemma/27295	v1r
lemma/32727	v3r
lemma/46870	v1r
lemma/85910	v1r
lemma/86884	v5r
lemma/132378	v1r
lemma/137993	v5r
lemma/55813	v3r
lemma/64667	v1r
lemma/95994	v3r
lemma/108558	v1r
lemma/133807	v1r
lemma/96095	v1r
lemma/102173	v3r
lemma/131405	v1r
lemma/47078	v1r
lemma/67988	v1r
lemma/75800	v1r
lemma/81592	v1r
lemma/108559	v2r
lemma/125996	v4d
lemma/134266	v1r
lemma/96096	v1d
lemma/96097	v1r
lemma/134210	v1r
lemma/31757	v1r
lemma/70640	v7e
lemma/94872	v1r
lemma/98329	v3r
lemma/133809	v1r
lemma/26427	v1r
lemma/83618	v3d
lemma/109068	v1r
lemma/46823	v3r
lemma/76417	v1d
lemma/95997	v1d
lemma/134319	v1r
lemma/46925	v1r
lemma/61759	v3
lemma/109069	v1r
lemma/108149	v3r
lemma/128599	v1r
lemma/42993	v1r
lemma/46108	v1r
lemma/51236	v1r
lemma/51748	v1r
lemma/70699	v1r
lemma/76366	v1r
lemma/26015	v1r
lemma/42536	v1r
lemma/55915	v3r
lemma/94873	v1r
lemma/126554	v1r
lemma/50670	v1r
lemma/76410	v3r
lemma/122670	v3r
lemma/135081	v1r
lemma/26782	v1r
lemma/51643	v4r
lemma/87752	v1d
lemma/133246	v1r
lemma/89287	v1r
lemma/104215	v1r
lemma/136209	v1r
lemma/59746	v1d
lemma/64209	v1r
lemma/135542	v1r
lemma/53992	v7e
lemma/126556	v5r
lemma/73505	v1r
lemma/104574	v4r
lemma/132581	v1r
lemma/33084	v1r
lemma/100696	v1r
lemma/132224	v3r
lemma/129517	v
lemma/135545	v1r
lemma/131716	v1r
lemma/120733	v4r
lemma/135087	v4r
lemma/116831	v3
lemma/168352	v1r
lemma/168353	v1r
lemma/168813	v1r
lemma/167796	v3d
lemma/168408	v3r
lemma/167741	v1r
lemma/167849	v1r
lemma/168712	v1r
lemma/168254	v1r
lemma/168307	v1d
lemma/168308	v3r
lemma/167642	v3r
lemma/168718	v1r
lemma/168203	v2e
lemma/167235	v6r
lemma/168204	v2e
lemma/168205	v2e
lemma/167188	v4
lemma/168157	v6r
lemma/167950	v3r
lemma/168159	v1d
lemma/167599	v3r
lemma/168461	v3r
lemma/168053	v1r
lemma/168054	v1r
lemma/168105	v6r
lemma/168874	v1r
lemma/167497	v6r
lemma/167548	v4d
lemma/168517	v6r
lemma/168410	v4r
lemma/168875	v1d
lemma/167498	v1r
lemma/167958	v2r
lemma/167959	v3r
lemma/167393	v1d
lemma/167394	v1r
lemma/168771	v6r
lemma/168363	v1r
lemma/167448	v5r
lemma/168774	v1r
lemma/168009	v1r
lemma/168418	v1r
lemma/168419	v1d
lemma/168723	v
lemma/168317	v6r
lemma/167808	v1r
lemma/167809	v1d
lemma/168211	v1r
lemma/168620	v1d
lemma/167116	v1
lemma/168729	v1r
lemma/168214	v1r
lemma/168623	v1r
lemma/167129	v1
lemma/168573	v3r
lemma/167656	v1e
lemma/167197	v1d
lemma/167708	v1r
lemma/167601	v1r
lemma/167153	v1d
lemma/168576	v1r
lemma/168168	v2r
lemma/168219	v1r
lemma/168577	v1d
lemma/168115	v1r
lemma/168524	v1r
lemma/167556	v1r
lemma/167500	v3r
lemma/167450	v1r
lemma/168010	v1d
lemma/168475	v2e
lemma/167910	v5r
lemma/168118	v3r
lemma/167451	v3r
lemma/168527	v6r
lemma/168420	v1r
lemma/167452	v4r
lemma/167861	v1r
lemma/168479	v1r
lemma/168833	v1r
lemma/168784	v3r
lemma/167761	v4r
lemma/168787	v1r
lemma/168731	v3r
lemma/167763	v1d
lemma/168324	v4r
lemma/167764	v1r
lemma/167817	v1r
lemma/168684	v1r
lemma/167818	v1d
lemma/168685	v1r
lemma/167252	v4r
lemma/168737	v1r
lemma/167160	v1
lemma/168631	v1r
lemma/168581	v1r
lemma/167168	v1d
lemma/167716	v1r
lemma/168227	v1r
lemma/167172	v1d
lemma/168636	v1d
lemma/168637	v1r
lemma/168638	v1r
lemma/167563	v2e
lemma/168589	v5d
lemma/168482	v4r
lemma/168483	v1r
lemma/167510	v1r
lemma/168484	v1r
lemma/168020	v1r
lemma/167920	v1r
lemma/167568	v1d
lemma/168021	v1r
lemma/168537	v1r
lemma/167870	v2r
lemma/168022	v1r
lemma/167978	v1r
lemma/168079	v1r
lemma/167514	v1r
lemma/167979	v1r
lemma/168432	v3d
lemma/167872	v1d
lemma/167464	v1r
lemma/168433	v1r
lemma/168844	v1r
lemma/168028	v1r
lemma/168795	v1r
lemma/167414	v3r
lemma/168281	v1r
lemma/167825	v1r
lemma/167417	v1r
lemma/167418	v1d
lemma/168693	v1r
lemma/167260	v1r
lemma/167261	v1d
lemma/167419	v5r
lemma/167174	v4
lemma/167671	v1r
lemma/168232	v1d
lemma/167264	v3d
lemma/168698	v3d
lemma/167265	v3r
lemma/168235	v2e
lemma/168594	v1r
lemma/167268	v1r
lemma/167677	v1r
lemma/168646	v3d
lemma/167571	v1r
lemma/167622	v3r
lemma/168080	v1r
lemma/168131	v1d
lemma/168188	v3r
lemma/167623	v1r
lemma/168081	v5d
lemma/168133	v1r
lemma/168491	v1r
lemma/168085	v5d
lemma/167577	v1r
lemma/167578	v2e
lemma/167522	v1r
lemma/167880	v3r
lemma/167523	v1r
lemma/167524	v1r
lemma/167883	v1r
lemma/167886	v1r
lemma/167373	v1r
lemma/168449	v1r
lemma/168750	v4r
lemma/167889	v1r
lemma/168291	v5d
lemma/167374	v1r
lemma/167425	v1r
lemma/168859	v1r
lemma/168755	v3r
lemma/168806	v6
lemma/168756	v1r
lemma/168808	v1r
lemma/167682	v1d
lemma/167683	v1d
lemma/167275	v1r
lemma/167684	v1r
lemma/168653	v1r
lemma/168704	v1r
lemma/168247	v1r
lemma/168140	v1r
lemma/167279	v3r
lemma/167634	v2e
lemma/168143	v1r
lemma/168659	v3r
lemma/168093	v1r
lemma/167229	v1r
lemma/168607	v3r
lemma/167482	v3r
lemma/167998	v1d
lemma/167483	v3d
lemma/168559	v1r
lemma/167892	v1r
lemma/167943	v3r
lemma/167893	v1r
lemma/167944	v3r
lemma/167485	v2r
lemma/167895	v4r
lemma/167380	v7r
lemma/168508	v1d
lemma/167841	v3r
lemma/168509	v1r
lemma/167949	v1r
lemma/168760	v5d
lemma/165900	v1r
lemma/166001	v1r
lemma/166057	v1r
lemma/166108	v1r
lemma/165957	v1r
lemma/165850	v1r
lemma/165901	v1r
lemma/166058	v1r
lemma/166109	v1r
lemma/165958	v1r
lemma/166002	v1r
lemma/165851	v1r
lemma/165902	v1r
lemma/166059	v1r
lemma/166003	v1r
lemma/165852	v1r
lemma/165959	v1r
lemma/165903	v1r
lemma/166004	v1r
lemma/167029	v1r
lemma/165853	v1r
lemma/165904	v1r
lemma/166005	v1r
lemma/165854	v1r
lemma/165905	v1r
lemma/166006	v1r
lemma/165855	v1r
lemma/165906	v1r
lemma/166007	v1r
lemma/165856	v1r
lemma/165907	v1r
lemma/165800	v1d
lemma/166008	v1r
lemma/165750	v1r
lemma/165801	v1r
lemma/165857	v1r
lemma/165908	v1r
lemma/166009	v1r
lemma/166310	v4r
lemma/165858	v1r
lemma/165909	v1r
lemma/166260	v3r
lemma/166311	v4r
lemma/165751	v1r
lemma/165802	v1r
lemma/165859	v1r
lemma/166261	v3r
lemma/166312	v4r
lemma/165752	v1r
lemma/165803	v1r
lemma/166262	v3r
lemma/166313	v4r
lemma/165753	v1r
lemma/165804	v1r
lemma/165754	v1r
lemma/165805	v1r
lemma/166263	v3r
lemma/166314	v4r
lemma/165755	v1r
lemma/165806	v1r
lemma/166264	v3r
lemma/166315	v4r
lemma/166265	v3r
lemma/166316	v4r
lemma/165700	v1r
lemma/165756	v1r
lemma/165807	v1r
lemma/166266	v3r
lemma/166317	v5r
lemma/165757	v1r
lemma/165808	v1r
lemma/166210	v3r
lemma/165701	v1r
lemma/166267	v3r
lemma/166318	v5r
lemma/165758	v1r
lemma/165809	v1r
lemma/166160	v2r
lemma/166211	v3r
lemma/165702	v1r
lemma/165759	v1r
lemma/166161	v2r
lemma/166268	v3r
lemma/166319	v5r
lemma/165703	v1r
lemma/166212	v3r
lemma/166269	v3r
lemma/165704	v1r
lemma/166162	v2r
lemma/166213	v3r
lemma/165705	v1d
lemma/166163	v2r
lemma/166214	v3r
lemma/166164	v2r
lemma/166215	v3r
lemma/165706	v1r
lemma/166165	v2r
lemma/166216	v3r
lemma/165656	v1d
lemma/165707	v1r
lemma/165657	v1d
lemma/165708	v1d
lemma/166110	v1d
lemma/166166	v2r
lemma/166217	v3r
lemma/165658	v1d
lemma/165709	v1r
lemma/166167	v2r
lemma/166218	v3r
lemma/166060	v1r
lemma/166111	v1r
lemma/165960	v1r
lemma/166168	v2r
lemma/166219	v3r
lemma/165659	v1d
lemma/166061	v1r
lemma/166112	v1r
lemma/166169	v2r
lemma/165961	v1r
lemma/166062	v1r
lemma/166113	v1r
lemma/165962	v1r
lemma/166063	v1r
lemma/166114	v1r
lemma/165605	v3d
lemma/165963	v1r
lemma/166064	v1r
lemma/166115	v1r
lemma/165964	v1r
lemma/165607	v1d
lemma/166065	v1r
lemma/166116	v1r
lemma/165965	v1r
lemma/166066	v1r
lemma/166117	v1r
lemma/166010	v1r
lemma/165966	v1r
lemma/166067	v1r
lemma/166118	v1r
lemma/165609	v1d
lemma/165910	v1r
lemma/166011	v1r
lemma/167036	v1r
lemma/165967	v1r
lemma/166068	v1r
lemma/166119	v1r
lemma/165860	v1r
lemma/165911	v1r
lemma/166012	v1r
lemma/165968	v1r
lemma/165861	v1r
lemma/165912	v1r
lemma/166013	v1r
lemma/166069	v1d
lemma/165969	v1r
lemma/165862	v1r
lemma/165913	v1r
lemma/166014	v1r
lemma/165863	v1r
lemma/165914	v1r
lemma/166015	v1r
lemma/165864	v1r
lemma/165915	v1r
lemma/166016	v1r
lemma/165865	v1r
lemma/165916	v1r
lemma/166017	v1r
lemma/165866	v1r
lemma/165917	v1d
lemma/166018	v1r
lemma/165810	v1r
lemma/165867	v1r
lemma/165918	v1r
lemma/166320	v5r
lemma/165760	v1r
lemma/165811	v1r
lemma/166019	v1r
lemma/165868	v1r
lemma/165919	v1r
lemma/165761	v1r
lemma/165812	v1r
lemma/166270	v3r
lemma/166321	v5r
lemma/165762	v1r
lemma/165813	v1r
lemma/165869	v1r
lemma/166271	v3r
lemma/166322	v5r
lemma/166272	v3r
lemma/166323	v5r
lemma/165763	v1r
lemma/165814	v1r
lemma/166273	v3r
lemma/166324	v5r
lemma/165764	v1r
lemma/165815	v1r
lemma/166274	v3r
lemma/166325	v5r
lemma/165765	v1r
lemma/165816	v1d
lemma/165766	v1r
lemma/165817	v1r
lemma/166275	v3r
lemma/166326	v5r
lemma/165710	v1r
lemma/165767	v1d
lemma/165818	v1r
lemma/166276	v3r
lemma/166327	v5r
lemma/165711	v1r
lemma/166220	v3r
lemma/166277	v3r
lemma/166328	v5r
lemma/165712	v1r
lemma/165768	v1r
lemma/165819	v1r
lemma/166170	v2r
lemma/166221	v3r
lemma/166278	v3r
lemma/166329	v5r
lemma/165769	v1r
lemma/166171	v2r
lemma/166222	v3r
lemma/165662	v1r
lemma/165713	v1r
lemma/166279	v3r
lemma/166172	v2r
lemma/166223	v3r
lemma/165663	v6r
lemma/165714	v1r
lemma/166173	v2r
lemma/166224	v3r
lemma/165715	v1r
lemma/165716	v1r
lemma/166174	v2r
lemma/166225	v3r
lemma/165717	v1r
lemma/166175	v2r
lemma/166226	v3r
lemma/166176	v2r
lemma/166227	v3r
lemma/165718	v1r
lemma/166120	v1r
lemma/166177	v2r
lemma/166228	v3r
lemma/165719	v1r
lemma/166070	v1r
lemma/166121	v1r
lemma/166178	v2r
lemma/166229	v3r
lemma/165669	v1d
lemma/165970	v1r
lemma/166071	v1r
lemma/166122	v1d
lemma/165613	v5d
lemma/165971	v1r
lemma/166179	v2r
lemma/166072	v1d
lemma/166123	v1r
lemma/167041	v1d
lemma/165972	v1r
lemma/166073	v1r
lemma/166124	v1r
lemma/165973	v1r
lemma/166074	v1r
lemma/166125	v1d
lemma/167043	v3r
lemma/165974	v1r
lemma/166075	v1d
lemma/166126	v1r
lemma/165975	v1r
lemma/166076	v1r
lemma/166127	v1r
lemma/166020	v1r
lemma/165976	v1r
lemma/165619	v3d
lemma/165920	v1r
lemma/166021	v1r
lemma/166077	v1r
lemma/166128	v1r
lemma/165977	v1r
lemma/165870	v1r
lemma/165921	v1r
lemma/166078	v1r
lemma/166129	v1r
lemma/166022	v1r
lemma/165871	v1r
lemma/165922	v1r
lemma/165978	v1r
lemma/166079	v1r
lemma/166023	v1r
lemma/165979	v1r
lemma/165872	v1r
lemma/165923	v1r
lemma/166024	v1d
lemma/165873	v1r
lemma/165924	v1r
lemma/166025	v1r
lemma/165874	v1r
lemma/165925	v1r
lemma/166026	v1r
lemma/165875	v1r
lemma/165926	v1r
lemma/166027	v1r
lemma/165876	v1r
lemma/165820	v1r
lemma/165927	v1r
lemma/166028	v1r
lemma/165877	v1r
lemma/165928	v1r
lemma/166029	v1r
lemma/166330	v5r
lemma/165770	v1r
lemma/165821	v1r
lemma/165878	v1r
lemma/165929	v1r
lemma/166331	v5r
lemma/165771	v1r
lemma/165822	v1r
lemma/165879	v1r
lemma/166281	v3r
lemma/166332	v5r
lemma/165772	v1r
lemma/165823	v1r
lemma/165773	v1r
lemma/165824	v1r
lemma/166282	v3r
lemma/166333	v5r
lemma/165774	v1r
lemma/165825	v1r
lemma/166283	v3r
lemma/166334	v5r
lemma/166284	v3r
lemma/166335	v5r
lemma/165775	v1r
lemma/165826	v1d
lemma/166285	v3r
lemma/165776	v1r
lemma/165827	v1r
lemma/165720	v1r
lemma/166286	v3r
lemma/165777	v1r
lemma/165828	v1r
lemma/166230	v3r
lemma/165670	v6r
lemma/165721	v1r
lemma/165778	v1r
lemma/165829	v1r
lemma/166180	v2r
lemma/166231	v3r
lemma/166287	v3r
lemma/165671	v
lemma/165722	v1r
lemma/165779	v1r
lemma/166288	v3r
lemma/165672	v1d
lemma/165723	v1r
lemma/166181	v2r
lemma/166232	v3r
lemma/166289	v3r
lemma/165724	v1r
lemma/166182	v2r
lemma/166233	v3r
lemma/166183	v2r
lemma/166234	v3r
lemma/165674	v6r
lemma/165725	v1r
lemma/166184	v2r
lemma/166235	v3r
lemma/165726	v1r
lemma/166185	v2r
lemma/166236	v3r
lemma/165676	v2e
lemma/165727	v1r
lemma/165677	v1r
lemma/165728	v1r
lemma/166186	v2r
lemma/166237	v3r
lemma/166130	v1r
lemma/165678	v1r
lemma/165729	v1r
lemma/166187	v2r
lemma/166238	v3r
lemma/166080	v1r
lemma/166131	v1r
lemma/165980	v1r
lemma/166188	v2r
lemma/166239	v3r
lemma/165679	v1r
lemma/166081	v1r
lemma/166132	v1r
lemma/166189	v2r
lemma/165981	v1r
lemma/166082	v1r
lemma/166133	v1r
lemma/165982	v1r
lemma/166083	v1r
lemma/166134	v1r
lemma/165983	v1r
lemma/166084	v1r
lemma/165575	v6r
lemma/165626	v3r
lemma/166135	v1r
lemma/165984	v1r
lemma/166085	v1r
lemma/166136	v1r
lemma/165985	v1r
lemma/165577	v1d
lemma/166086	v1r
lemma/166137	v1r
lemma/166030	v1r
lemma/165930	v1r
lemma/165986	v1r
lemma/166087	v1r
lemma/166138	v1r
lemma/165578	v1d
lemma/166031	v1r
lemma/165987	v1r
lemma/166088	v1r
lemma/166139	v1r
lemma/165579	v1d
lemma/165880	v1r
lemma/165931	v1r
lemma/166032	v1r
lemma/165988	v1r
lemma/165881	v1r
lemma/165932	v1r
lemma/166033	v1r
lemma/166089	v1r
lemma/165989	v1d
lemma/165882	v1r
lemma/165933	v1r
lemma/167059	v3r
lemma/166034	v1r
lemma/165883	v1r
lemma/165934	v1r
lemma/166035	v1r
lemma/165884	v1r
lemma/165935	v1r
lemma/166036	v1r
lemma/165885	v1r
lemma/165936	v1r
lemma/166037	v1r
lemma/165886	v1r
lemma/165937	v1r
lemma/165830	v1r
lemma/166038	v1r
lemma/165887	v1r
lemma/165938	v1r
lemma/165780	v1r
lemma/165831	v1r
lemma/166039	v1r
lemma/167008	v
lemma/165888	v1r
lemma/165939	v1r
lemma/165781	v1r
lemma/165832	v1r
lemma/166290	v3r
lemma/165782	v1r
lemma/165889	v1r
lemma/166291	v3r
lemma/165833	v1r
lemma/166292	v3r
lemma/165783	v1r
lemma/165834	v1r
lemma/166293	v3r
lemma/165784	v1r
lemma/165835	v1r
lemma/166294	v4r
lemma/165785	v1r
lemma/165836	v1r
lemma/165786	v1r
lemma/165837	v1r
lemma/166295	v4r
lemma/165730	v1r
lemma/166296	v4r
lemma/165680	v1r
lemma/165731	v1r
lemma/165787	v1r
lemma/165838	v1r
lemma/166240	v3r
lemma/166297	v4r
lemma/165788	v1r
lemma/165839	v1r
lemma/166190	v2r
lemma/166241	v3r
lemma/165681	v1r
lemma/165732	v1r
lemma/166298	v4r
lemma/165789	v1r
lemma/166191	v2r
lemma/166242	v3r
lemma/165682	v1r
lemma/165733	v1r
lemma/166192	v2r
lemma/166243	v3r
lemma/166299	v4r
lemma/165683	v1r
lemma/165734	v1r
lemma/165684	v1r
lemma/165735	v1r
lemma/166193	v2r
lemma/166244	v3r
lemma/165685	v1r
lemma/165736	v1r
lemma/166194	v2r
lemma/166245	v3r
lemma/166195	v2r
lemma/166246	v3r
lemma/165686	v1r
lemma/165737	v1r
lemma/166196	v2r
lemma/166247	v3r
lemma/165687	v1r
lemma/165738	v1r
lemma/166140	v1r
lemma/165580	v3d
lemma/166197	v2r
lemma/165688	v1r
lemma/165739	v1r
lemma/166090	v1r
lemma/166141	v1r
lemma/166248	v3r
lemma/165689	v1r
lemma/165990	v1r
lemma/166091	v1r
lemma/166198	v2r
lemma/166249	v3r
lemma/165633	v3d
lemma/166142	v1r
lemma/165991	v1r
lemma/166199	v2r
lemma/165583	v1d
lemma/166092	v1r
lemma/166143	v1r
lemma/167061	v3r
lemma/165992	v1r
lemma/165584	v2e
lemma/166093	v1r
lemma/166144	v1r
lemma/165993	v1d
lemma/166094	v1r
lemma/166145	v1r
lemma/165585	v1d
lemma/165994	v1r
lemma/166095	v1r
lemma/166146	v2r
lemma/165995	v1r
lemma/166040	v1r
lemma/166096	v1r
lemma/166147	v2r
lemma/165996	v1r
lemma/165940	v1r
lemma/166097	v1r
lemma/166148	v2r
lemma/165997	v1r
lemma/166041	v1r
lemma/165589	v1d
lemma/165890	v1r
lemma/165941	v1r
lemma/166098	v1r
lemma/166149	v2r
lemma/166042	v1r
lemma/165891	v1r
lemma/165942	v1r
lemma/165998	v1r
lemma/166099	v1r
lemma/166043	v1r
lemma/165999	v1r
lemma/165892	v1r
lemma/165943	v1r
lemma/166044	v1r
lemma/165893	v1r
lemma/165944	v1r
lemma/166045	v1r
lemma/167014	v1r
lemma/165894	v1r
lemma/165945	v1r
lemma/166046	v1r
lemma/165895	v1r
lemma/165946	v1r
lemma/166047	v1r
lemma/165840	v1r
lemma/165896	v1r
lemma/165947	v1r
lemma/166048	v1r
lemma/165897	v1r
lemma/165948	v1r
lemma/166049	v1r
lemma/165790	v1r
lemma/165841	v1r
lemma/165898	v1r
lemma/165949	v1r
lemma/165791	v1r
lemma/165842	v1r
lemma/165899	v1r
lemma/165792	v1r
lemma/165843	v1r
lemma/165793	v1r
lemma/165844	v1r
lemma/165794	v1r
lemma/165845	v1r
lemma/165795	v1r
lemma/165846	v1r
lemma/165796	v1r
lemma/165847	v1r
lemma/166300	v4r
lemma/165740	v1r
lemma/165797	v1r
lemma/165848	v1r
lemma/166250	v3r
lemma/166301	v4r
lemma/165690	v1r
lemma/165741	v1r
lemma/165798	v1r
lemma/165849	v1r
lemma/166251	v3r
lemma/166302	v4r
lemma/165691	v1r
lemma/165742	v1r
lemma/165799	v1r
lemma/165692	v1r
lemma/165743	v1d
lemma/166252	v3r
lemma/166303	v4r
lemma/165693	v1r
lemma/165744	v1r
lemma/166253	v3r
lemma/166304	v4r
lemma/166254	v3r
lemma/166305	v4r
lemma/165694	v1r
lemma/165745	v1r
lemma/166255	v3r
lemma/166306	v4r
lemma/165695	v1r
lemma/165746	v1r
lemma/166256	v3r
lemma/166307	v4r
lemma/165696	v1r
lemma/165747	v1r
lemma/166200	v2r
lemma/165697	v1r
lemma/165748	v1r
lemma/166257	v3r
lemma/166308	v4r
lemma/166150	v2r
lemma/166201	v2r
lemma/165698	v1r
lemma/165749	v1r
lemma/166258	v3r
lemma/166309	v4r
lemma/166151	v2r
lemma/166202	v2r
lemma/166259	v3r
lemma/165592	v1d
lemma/165699	v1r
lemma/166152	v2r
lemma/166203	v2r
lemma/166153	v2r
lemma/166204	v2r
lemma/165593	v6r
lemma/165644	v1d
lemma/166154	v2r
lemma/166205	v2r
lemma/165645	v1d
lemma/166155	v2r
lemma/166206	v2r
lemma/165596	v1r
lemma/165647	v1d
lemma/166156	v2r
lemma/166207	v2r
lemma/166100	v1r
lemma/166157	v2r
lemma/166208	v3r
lemma/166050	v1r
lemma/166101	v1r
lemma/166158	v2r
lemma/166209	v3r
lemma/165598	v1d
lemma/165950	v1r
lemma/166051	v1r
lemma/166102	v1r
lemma/166159	v2r
lemma/165599	v1d
lemma/165951	v1r
lemma/166052	v1r
lemma/166103	v1r
lemma/165952	v1r
lemma/166053	v1d
lemma/166104	v1r
lemma/165953	v1r
lemma/166054	v1d
lemma/166105	v1r
lemma/165954	v1r
lemma/166055	v1r
lemma/166106	v1r
lemma/165955	v1d
lemma/166056	v1r
lemma/166107	v1r
lemma/166000	v1r
lemma/165956	v1r
lemma/142858	v1d
lemma/158338	v1r
lemma/158452	v3r
lemma/158465	v3r
lemma/158394	v1e
lemma/158445	v3e
lemma/158341	v1r
lemma/158453	v3r
lemma/158466	v3d
lemma/158395	v3r
lemma/158419	v1r
lemma/158446	v3r
lemma/158339	v1d
lemma/158342	v1d
lemma/158458	v3r
lemma/158467	v1d
lemma/156969	v3r
lemma/158396	v1d
lemma/158447	v2e
lemma/158340	v3r
lemma/158345	v2d
lemma/158460	v3r
lemma/158468	v1r
lemma/158397	v1r
lemma/158448	v1r
lemma/158348	v1r
lemma/158435	v2r
lemma/158461	v1r
lemma/158480	v1r
lemma/158469	v1r
lemma/158349	v1r
lemma/158353	v1r
lemma/158398	v1d
lemma/158436	v3r
lemma/158449	v2e
lemma/158463	v1r
lemma/158318	v2d
lemma/158350	v1r
lemma/158399	v1r
lemma/158343	v2r
lemma/158355	v3r
lemma/158437	v1r
lemma/158356	v1r
lemma/158438	v3r
lemma/158368	v1d
lemma/158439	v1r
lemma/158346	v4e
lemma/158358	v2r
lemma/158440	v4r
lemma/158296	v1e
lemma/158347	v3d
lemma/158359	v2r
lemma/158441	v3r
lemma/158297	v6
lemma/158361	v1r
lemma/158442	v1r
lemma/158459	v6
lemma/158298	v1r
lemma/158364	v2r
lemma/158443	v2r
lemma/158299	v1r
lemma/158365	v1r
lemma/158444	v1r
lemma/158370	v1r
lemma/158352	v3r
lemma/158367	v1d
lemma/158474	v1d
lemma/158408	v2e
lemma/158371	v1r
lemma/158375	v2r
lemma/158378	v1d
lemma/158471	v3r
lemma/158450	v3r
lemma/158464	v5r
lemma/158472	v6r
lemma/158351	v1r
lemma/158380	v1r
lemma/158451	v1d
lemma/158476	v1r
lemma/158381	v1r
lemma/158484	v2r
lemma/158478	v1r
lemma/158382	v1r
lemma/158481	v1r
lemma/158454	v4d
lemma/158482	v1r
lemma/158455	v6d
lemma/158483	v3r
lemma/158456	v3
lemma/158485	v3r
lemma/158457	v1d
lemma/158401	v4r
lemma/158486	v4r
lemma/158412	v3e
lemma/158402	v1r
lemma/158487	v3r
lemma/158373	v4r
lemma/158354	v6
lemma/158405	v4d
lemma/158406	v1d
lemma/158372	v3d
lemma/158407	v3
lemma/158300	v3
lemma/158379	v2r
lemma/158301	v2r
lemma/158421	v1r
lemma/158302	v6
lemma/158409	v1r
lemma/158462	v3r
lemma/158303	v6
lemma/158304	v3r
lemma/158383	v5r
lemma/158305	v1r
lemma/158494	v1e
lemma/158322	v3r
lemma/158335	v4d
lemma/158496	v1r
lemma/158306	v1r
lemma/158307	v1r
lemma/158308	v2d
lemma/158309	v1r
lemma/158386	v3r
lemma/158387	v1r
lemma/158391	v5r
lemma/158488	v5r
lemma/158433	v1d
lemma/158489	v1r
lemma/158415	v1e
lemma/158491	v1r
lemma/158495	v1r
lemma/158316	v1d
lemma/158410	v1d
lemma/158366	v3e
lemma/158360	v7r
lemma/158363	v3e
lemma/158313	v2e
lemma/158362	v3d
lemma/158413	v4r
lemma/158414	v1d
lemma/158416	v1r
lemma/158390	v1r
lemma/158310	v3r
lemma/158417	v1d
lemma/158470	v3r
lemma/158418	v3e
lemma/158311	v2e
lemma/158312	v1r
lemma/158369	v1e
lemma/158473	v2r
lemma/158475	v3r
lemma/158314	v3r
lemma/158315	v4d
lemma/158393	v3r
lemma/158329	v4r
lemma/158317	v6r
lemma/158319	v1r
lemma/158376	v5r
lemma/158320	v4r
lemma/158321	v1r
lemma/158377	v1r
lemma/158493	v3e
lemma/158323	v3r
lemma/158422	v1d
lemma/158420	v3r
lemma/158477	v2r
lemma/158479	v1e
lemma/158423	v1r
lemma/158424	v2r
lemma/158425	v1r
lemma/158427	v4r
lemma/158426	v3r
lemma/158428	v1r
lemma/158429	v1r
lemma/158430	v1r
lemma/158325	v3r
lemma/158326	v5r
lemma/158384	v6
lemma/158324	v1r
lemma/158327	v2r
lemma/158328	v2e
lemma/158331	v1r
lemma/158332	v1r
lemma/158333	v1r
lemma/158334	v2r
lemma/158336	v2r
lemma/158434	v2e
lemma/158432	v1r
lemma/158431	v3r
lemma/158385	v7r
lemma/158389	v1d
lemma/158337	v1d
lemma/158490	v3d
lemma/158492	v1e
lemma/156216	v1e
lemma/156217	v1d
lemma/156164	v3r
lemma/156196	v3r
lemma/156159	v3r
lemma/156105	v6r
lemma/156106	v5r
lemma/156107	v3r
lemma/156204	v2e
lemma/156154	v3r
lemma/156209	v1e
lemma/156104	v3r
lemma/156218	v3r
lemma/156109	v2r
lemma/156124	v5r
lemma/156126	v6r
lemma/156133	v3d
lemma/156163	v3r
lemma/156138	v4r
lemma/156165	v3r
lemma/156167	v5d
lemma/156194	v1d
lemma/156168	v6r
lemma/156169	v1e
lemma/156187	v1e
lemma/156177	v4r
lemma/156147	v3r
lemma/156180	v1d
lemma/156225	v4r
lemma/156175	v4r
lemma/156184	v3r
lemma/156125	v3r
lemma/156185	v3d
lemma/156197	v4r
lemma/156191	v3r
lemma/156143	v2r
lemma/147398	v1r
lemma/147801	v3r
lemma/148009	v1r
lemma/148826	v4r
lemma/149285	v3r
lemma/149336	v3r
lemma/150276	v1r
lemma/154100	v1r
lemma/155891	v1r
lemma/156099	v6r
lemma/143513	v1d
lemma/147399	v1r
lemma/153540	v1r
lemma/155483	v5r
lemma/156043	v1r
lemma/145865	v3r
lemma/146374	v1r
lemma/149745	v1r
lemma/150277	v1r
lemma/153081	v1r
lemma/154208	v1r
lemma/155892	v2r
lemma/143514	v4r
lemma/144432	v1r
lemma/146834	v3r
lemma/147859	v1d
lemma/149337	v3r
lemma/153490	v1r
lemma/153541	v1d
lemma/143055	v1r
lemma/144897	v3r
lemma/145350	v1r
lemma/149746	v3r
lemma/154975	v1r
lemma/155076	v4r
lemma/155893	v3r
lemma/143515	v1r
lemma/144433	v3r
lemma/146835	v3r
lemma/148262	v3r
lemma/148829	v1r
lemma/149338	v3r
lemma/150687	v3r
lemma/146427	v3r
lemma/156097	v6r
lemma/143000	v1r
lemma/143465	v3r
lemma/149288	v3r
lemma/154920	v4r
lemma/148672	v1r
lemma/151141	v1r
lemma/154977	v1r
lemma/146786	v3r
lemma/152626	v1r
lemma/155078	v3d
lemma/155946	v1r
lemma/156047	v3r
lemma/143058	v3r
lemma/144384	v3r
lemma/145353	v5r
lemma/149233	v1r
lemma/151091	v1r
lemma/151709	v1r
lemma/154978	v1r
lemma/144844	v1r
lemma/147296	v4d
lemma/143876	v1r
lemma/144385	v3r
lemma/145354	v1r
lemma/146680	v3r
lemma/151092	v1r
lemma/151143	v1r
lemma/152985	v1r
lemma/143003	v3r
lemma/151603	v1r
lemma/152470	v1d
lemma/143469	v1r
lemma/144846	v1r
lemma/147650	v3r
lemma/145764	v4r
lemma/146682	v1r
lemma/147191	v3r
lemma/149236	v2r
lemma/151094	v1r
lemma/151145	v3r
lemma/153496	v3r
lemma/143878	v1r
lemma/144796	v3r
lemma/144847	v1r
lemma/145356	v1r
lemma/150585	v3r
lemma/152579	v3r
lemma/153032	v1r
lemma/147192	v3r
lemma/147243	v3d
lemma/155792	v3r
lemma/143772	v1r
lemma/144281	v1r
lemma/144332	v3r
lemma/150586	v3r
lemma/152115	v1r
lemma/153089	v3r
lemma/153957	v1r
lemma/154410	v1r
lemma/155435	v3r
lemma/148162	v3r
lemma/143007	v1r
lemma/146276	v1r
lemma/151040	v1d
lemma/147194	v1r
lemma/148214	v1r
lemma/148980	v2r
lemma/145359	v3r
lemma/147654	v1r
lemma/143774	v1r
lemma/154004	v3r
lemma/154821	v3r
lemma/142920	v5r
lemma/144335	v1r
lemma/146630	v1r
lemma/148215	v1r
lemma/149133	v1r
lemma/155387	v1d
lemma/149134	v1r
lemma/154363	v1r
lemma/154414	v1r
lemma/146279	v3r
lemma/142978	v1r
lemma/143720	v1r
lemma/149135	v1r
lemma/149952	v1r
lemma/151452	v3r
lemma/151968	v4d
lemma/152886	v1r
lemma/155389	v1r
lemma/149493	v1r
lemma/152013	v1r
lemma/155282	v2r
lemma/155798	v3r
lemma/155849	v2r
lemma/150485	v5d
lemma/153856	v1r
lemma/143671	v5r
lemma/144640	v3r
lemma/146991	v2r
lemma/145308	v1r
lemma/150486	v1r
lemma/143672	v4r
lemma/144590	v3r
lemma/144641	v1d
lemma/145150	v1r
lemma/145717	v1r
lemma/149546	v1r
lemma/153398	v1r
lemma/153449	v1r
lemma/154009	v2r
lemma/155744	v1r
lemma/144233	v1r
lemma/148629	v3r
lemma/153291	v1r
lemma/153858	v3r
lemma/155336	v3r
lemma/143673	v1r
lemma/150431	v3r
lemma/152782	v4d
lemma/153399	v1r
lemma/154311	v1r
lemma/143265	v1d
lemma/144642	v3r
lemma/145259	v2r
lemma/148114	v1r
lemma/150023	v1d
lemma/151865	v1r
lemma/153292	v1r
lemma/152834	v1r
lemma/154261	v1r
lemma/148115	v1r
lemma/150948	v1r
lemma/151401	v1r
lemma/150025	v3r
lemma/143727	v3r
lemma/151811	v3r
lemma/155339	v1r
lemma/142929	v1r
lemma/143677	v1r
lemma/143728	v1d
lemma/145972	v1r
lemma/149035	v1r
lemma/150026	v4d
lemma/150792	v1r
lemma/151812	v2r
lemma/152786	v1r
lemma/155641	v1r
lemma/143570	v1r
lemma/146124	v1d
lemma/146890	v1r
lemma/149444	v3r
lemma/144187	v3r
lemma/145564	v5r
lemma/151813	v1r
lemma/152271	v3r
lemma/152787	v1r
lemma/143571	v1r
lemma/146074	v1r
lemma/149445	v2r
lemma/144188	v3r
lemma/144239	v3r
lemma/155643	v1r
lemma/143623	v1d
lemma/145101	v1r
lemma/145157	v3r
lemma/147503	v1r
lemma/147968	v4r
lemma/154675	v3r
lemma/143215	v3r
lemma/144189	v3r
lemma/144490	v3r
lemma/148830	v1r
lemma/152273	v3r
lemma/152789	v3r
lemma/144649	v3r
lemma/145975	v1r
lemma/147969	v1r
lemma/151764	v3r
lemma/153758	v1r
lemma/154160	v5r
lemma/144542	v1r
lemma/145102	v3r
lemma/145618	v4r
lemma/146485	v3r
lemma/152325	v1r
lemma/145511	v1r
lemma/144492	v5r
lemma/145568	v1r
lemma/150281	v3r
lemma/152275	v3r
lemma/144084	v1r
lemma/146486	v2r
lemma/148781	v3r
lemma/149801	v4r
lemma/153244	v1d
lemma/145921	v3r
lemma/148373	v1r
lemma/152327	v1r
lemma/146487	v3r
lemma/148782	v3r
lemma/150691	v1r
lemma/152736	v1r
lemma/147400	v1r
lemma/149292	v3r
lemma/152328	v1r
lemma/155648	v3r
lemma/143168	v1d
lemma/143985	v3r
lemma/146381	v1r
lemma/146488	v2r
lemma/147457	v1r
lemma/153246	v3r
lemma/143061	v3r
lemma/145923	v4r
lemma/146897	v3r
lemma/147401	v1r
lemma/150284	v2r
lemma/155649	v3r
lemma/143986	v3r
lemma/145515	v3r
lemma/146489	v1r
lemma/148018	v3r
lemma/146382	v1r
lemma/147402	v1r
lemma/143522	v1r
lemma/143987	v3r
lemma/145465	v1r
lemma/145516	v3r
lemma/148785	v3r
lemma/153248	v1r
lemma/144139	v1r
lemma/145925	v2r
lemma/146383	v3r
lemma/147403	v1r
lemma/147459	v1r
lemma/149754	v1r
lemma/154983	v3r
lemma/144497	v3r
lemma/146026	v1r
lemma/147761	v3r
lemma/148270	v1r
lemma/152173	v1r
lemma/155544	v3r
lemma/144957	v1r
lemma/145410	v3r
lemma/145926	v1r
lemma/146435	v3r
lemma/153709	v1r
lemma/146027	v1r
lemma/148271	v3d
lemma/149347	v1r
lemma/152633	v1r
lemma/154576	v1r
lemma/155494	v1r
lemma/143065	v1r
lemma/145411	v1r
lemma/145927	v1r
lemma/146385	v3r
lemma/148731	v1d
lemma/155086	v1r
lemma/145003	v3r
lemma/146028	v3d
lemma/152634	v4r
lemma/155137	v1r
lemma/145877	v5r
lemma/145928	v3r
lemma/149349	v3d
lemma/151309	v1r
lemma/152635	v1r
lemma/146387	v1r
lemma/151151	v4r
lemma/145771	v1r
lemma/145929	v1r
lemma/151259	v3r
lemma/154579	v1r
lemma/143885	v1r
lemma/151668	v1r
lemma/151612	v1r
lemma/147301	v1r
lemma/150235	v2r
lemma/154473	v1r
lemma/155850	v1r
lemma/147710	v3r
lemma/152587	v1r
lemma/143422	v3r
lemma/147302	v1r
lemma/149194	v1r
lemma/152480	v1r
lemma/153556	v1r
lemma/154525	v1d
lemma/143014	v3r
lemma/143887	v3r
lemma/144856	v1r
lemma/145365	v1r
lemma/147359	v2r
lemma/147711	v2r
lemma/152940	v1r
lemma/151155	v2r
lemma/152481	v5r
lemma/152997	v1r
lemma/144857	v3r
lemma/149655	v1r
lemma/152589	v2r
lemma/152941	v1r
lemma/155444	v1r
lemma/144449	v1d
lemma/145310	v1d
lemma/145775	v3r
lemma/145826	v1r
lemma/143424	v2r
lemma/144858	v3r
lemma/147713	v4d
lemma/150080	v1d
lemma/151973	v1r
lemma/152074	v1r
lemma/152942	v1r
lemma/154119	v1r
lemma/143016	v4d
lemma/144802	v1r
lemma/150239	v1d
lemma/144343	v1r
lemma/146337	v2r
lemma/150081	v1r
lemma/150132	v1r
lemma/152075	v1r
lemma/148689	v1r
lemma/150950	v3r
lemma/154422	v3r
lemma/147256	v4r
lemma/152485	v1r
lemma/153045	v1d
lemma/153862	v4r
lemma/153913	v3r
lemma/154014	v1r
lemma/155907	v1r
lemma/151159	v1r
lemma/152894	v1r
lemma/155448	v1r
lemma/155800	v3r
lemma/145263	v1r
lemma/146181	v1r
lemma/147257	v1d
lemma/149659	v3r
lemma/146590	v3r
lemma/147666	v1r
lemma/154781	v1r
lemma/155398	v4r
lemma/155750	v1r
lemma/155801	v3r
lemma/146289	v1r
lemma/147258	v3r
lemma/153047	v1r
lemma/147667	v5r
lemma/149145	v1r
lemma/153456	v1d
lemma/155802	v3r
lemma/146591	v1r
lemma/154374	v1d
lemma/148228	v1r
lemma/154017	v1r
lemma/143323	v1d
lemma/145317	v1r
lemma/146592	v1r
lemma/148637	v3r
lemma/152024	v1r
lemma/153049	v2r
lemma/143732	v1r
lemma/152489	v1r
lemma/154784	v1r
lemma/145267	v1r
lemma/147205	v1r
lemma/152025	v3r
lemma/152791	v1r
lemma/145319	v1r
lemma/155295	v5r
lemma/145212	v1r
lemma/150390	v3r
lemma/150548	v3r
lemma/152026	v1r
lemma/144652	v1r
lemma/145269	v1d
lemma/147206	v1r
lemma/149149	v3r
lemma/143684	v1r
lemma/143735	v3r
lemma/144244	v1d
lemma/145162	v1r
lemma/146238	v3r
lemma/148482	v3r
lemma/152027	v1d
lemma/154322	v5r
lemma/149967	v5r
lemma/150442	v1r
lemma/143685	v1r
lemma/146239	v1r
lemma/146132	v1r
lemma/147208	v1d
lemma/151928	v3r
lemma/146490	v1r
lemma/152330	v1r
lemma/152846	v3r
lemma/154324	v1r
lemma/146598	v1r
lemma/147510	v1r
lemma/155242	v1r
lemma/143222	v4r
lemma/146491	v1r
lemma/148020	v1d
lemma/148536	v1r
lemma/149913	v1r
lemma/150904	v1d
lemma/155299	v2r
lemma/143738	v2r
lemma/147460	v1r
lemma/150394	v1r
lemma/155243	v3r
lemma/149914	v1r
lemma/152332	v1r
lemma/143688	v3r
lemma/143224	v1r
lemma/144601	v1r
lemma/146493	v2r
lemma/148946	v1r
lemma/145167	v1r
lemma/147978	v3r
lemma/150396	v1r
lemma/152691	v3r
lemma/143633	v1r
lemma/144199	v1r
lemma/149916	v4r
lemma/150340	v1r
lemma/154328	v3r
lemma/143991	v3r
lemma/146137	v1r
lemma/150397	v1d
lemma/152692	v5r
lemma/153819	v1r
lemma/144552	v3r
lemma/145577	v1r
lemma/146495	v3r
lemma/148897	v1r
lemma/149866	v3r
lemma/153661	v1r
lemma/154630	v1r
lemma/147464	v1r
lemma/151009	v5r
lemma/154329	v1r
lemma/145113	v1r
lemma/145930	v3r
lemma/154631	v3r
lemma/143176	v3r
lemma/143993	v3r
lemma/145987	v1r
lemma/148791	v1r
lemma/150399	v1r
lemma/152694	v1r
lemma/152745	v1r
lemma/145880	v1r
lemma/154739	v3r
lemma/143994	v3r
lemma/146548	v3r
lemma/148792	v4r
lemma/149761	v1r
lemma/153255	v3r
lemma/155198	v3r
lemma/145064	v4d
lemma/145115	v3d
lemma/145932	v1r
lemma/148384	v1r
lemma/143178	v1r
lemma/143995	v4r
lemma/146498	v3r
lemma/146850	v1r
lemma/146901	v3r
lemma/152287	v1r
lemma/153256	v1d
lemma/145065	v2r
lemma/145116	v2r
lemma/145882	v5r
lemma/145933	v1d
lemma/146442	v3r
lemma/147411	v1d
lemma/151671	v1d
lemma/143996	v3r
lemma/146034	v1r
lemma/153257	v4d
lemma/155603	v1r
lemma/143639	v1r
lemma/144041	v1r
lemma/145117	v3r
lemma/145934	v1r
lemma/154226	v4r
lemma/143997	v3r
lemma/149355	v3r
lemma/153610	v3r
lemma/154635	v1r
lemma/145067	v1r
lemma/145935	v2r
lemma/146393	v1r
lemma/147413	v1d
lemma/143533	v1r
lemma/143998	v1r
lemma/146904	v2r
lemma/153152	v1r
lemma/146905	v3r
lemma/150190	v3r
lemma/153719	v1r
lemma/156064	v1r
lemma/143892	v1r
lemma/146395	v1r
lemma/146446	v1r
lemma/148690	v1r
lemma/149301	v4r
lemma/150808	v1r
lemma/151210	v1r
lemma/147364	v2r
lemma/155040	v3r
lemma/156065	v1r
lemma/145529	v1d
lemma/146447	v1r
lemma/148691	v1r
lemma/149302	v3r
lemma/150191	v1r
lemma/143020	v1d
lemma/145938	v1r
lemma/152594	v1d
lemma/154588	v2r
lemma/156066	v1r
lemma/144505	v1r
lemma/149303	v3r
lemma/150192	v3r
lemma/143021	v1r
lemma/149661	v3d
lemma/151728	v3r
lemma/152646	v1r
lemma/155098	v1d
lemma/155149	v1r
lemma/155450	v1r
lemma/156067	v6r
lemma/144316	v1d
lemma/150193	v4r
lemma/155609	v1r
lemma/145889	v3r
lemma/146342	v1r
lemma/147418	v1r
lemma/151678	v3r
lemma/154891	v3r
lemma/149305	v4r
lemma/150194	v3r
lemma/151163	v4d
lemma/155043	v1r
lemma/146292	v3r
lemma/147419	v1r
lemma/154892	v3r
lemma/143381	v2r
lemma/149306	v3r
lemma/150195	v1d
lemma/153050	v1r
lemma/149664	v1r
lemma/151164	v5r
lemma/153209	v3r
lemma/154893	v3r
lemma/153567	v1r
lemma/143898	v1r
lemma/144867	v3r
lemma/147722	v1r
lemma/148231	v3r
lemma/143025	v3r
lemma/144918	v4r
lemma/145019	v1r
lemma/154894	v1r
lemma/155914	v1r
lemma/144403	v1d
lemma/146754	v1r
lemma/147672	v1r
lemma/148232	v1r
lemma/149150	v3r
lemma/152135	v2r
lemma/153461	v4d
lemma/144919	v4r
lemma/150601	v1r
lemma/151110	v3r
lemma/154895	v3r
lemma/145429	v1r
lemma/149309	v1r
lemma/152953	v1r
lemma/143027	v3r
lemma/144813	v3r
lemma/145322	v1r
lemma/147316	v1r
lemma/149560	v3r
lemma/151060	v1r
lemma/151627	v3r
lemma/153054	v5r
lemma/154896	v3r
lemma/155048	v1r
lemma/145731	v4r
lemma/149152	v1d
lemma/152137	v5r
lemma/155457	v1r
lemma/145272	v1r
lemma/148592	v2r
lemma/153106	v1r
lemma/154897	v3r
lemma/144814	v2r
lemma/145732	v1r
lemma/147210	v2r
lemma/146298	v1r
lemma/154949	v1r
lemma/147676	v1r
lemma/148236	v4r
lemma/152496	v1r
lemma/154842	v1r
lemma/155811	v1d
lemma/143280	v3d
lemma/144407	v1r
lemma/151114	v2r
lemma/153108	v1r
lemma/155459	v3r
lemma/150963	v1r
lemma/152497	v1r
lemma/148130	v3r
lemma/143389	v2r
lemma/147213	v1r
lemma/149615	v1r
lemma/150096	v1r
lemma/152498	v3r
lemma/152549	v3e
lemma/142892	v1r
lemma/145276	v2r
lemma/148596	v1r
lemma/149156	v3r
lemma/151882	v3r
lemma/143691	v1r
lemma/150556	v1r
lemma/152499	v1r
lemma/145277	v1r
lemma/147980	v4r
lemma/151117	v3r
lemma/151883	v3r
lemma/152392	v4r
lemma/146195	v1r
lemma/145630	v1r
lemma/147215	v1r
lemma/148598	v2r
lemma/149158	v3r
lemma/149975	v1d
lemma/155815	v1r
lemma/145222	v1r
lemma/151476	v3r
lemma/155300	v2r
lemma/147982	v3r
lemma/148599	v3r
lemma/154439	v3r
lemma/149103	v1r
lemma/142947	v5r
lemma/146657	v1r
lemma/147983	v1r
lemma/148952	v1r
lemma/154389	v1r
lemma/146550	v3r
lemma/147110	v1r
lemma/152038	v1r
lemma/154333	v3r
lemma/142948	v1r
lemma/145689	v3r
lemma/146709	v1r
lemma/150969	v1r
lemma/155818	v3r
lemma/146602	v1r
lemma/149054	v1r
lemma/150913	v1r
lemma/153416	v2r
lemma/144200	v3r
lemma/144665	v1r
lemma/146960	v1r
lemma/147985	v3r
lemma/153008	v1r
lemma/154743	v4d
lemma/147628	v1r
lemma/148954	v1r
lemma/151939	v1r
lemma/153417	v1d
lemma/152750	v1r
lemma/155304	v3r
lemma/151424	v1r
lemma/152909	v1r
lemma/142843	v
lemma/147471	v1r
lemma/147987	v4r
lemma/144611	v3r
lemma/149057	v3r
lemma/149874	v1r
lemma/151425	v1r
lemma/153368	v3r
lemma/146554	v2r
lemma/147988	v3r
lemma/152803	v3r
lemma/153261	v3r
lemma/154337	v1r
lemma/148089	v1r
lemma/148957	v1r
lemma/150866	v1r
lemma/151426	v1r
lemma/155664	v1r
lemma/145530	v1d
lemma/147989	v1r
lemma/154338	v3r
lemma/147882	v1r
lemma/149467	v1r
lemma/150867	v5r
lemma/151376	v1r
lemma/144154	v3r
lemma/145996	v1r
lemma/153779	v4r
lemma/154339	v1r
lemma/143594	v2r
lemma/145639	v1r
lemma/145940	v3r
lemma/147066	v1r
lemma/148959	v1r
lemma/149468	v4r
lemma/145481	v1d
lemma/146557	v1r
lemma/150919	v1r
lemma/145124	v1r
lemma/147067	v1r
lemma/151378	v1r
lemma/151429	v3r
lemma/152806	v3r
lemma/154698	v3r
lemma/155202	v3r
lemma/155667	v1r
lemma/151838	v3r
lemma/154591	v1r
lemma/143080	v1r
lemma/144156	v1r
lemma/153674	v1r
lemma/154234	v1r
lemma/154699	v3r
lemma/155203	v1r
lemma/144565	v1r
lemma/147936	v1r
lemma/145943	v2r
lemma/146503	v1d
lemma/147528	v2r
lemma/152808	v1r
lemma/144617	v3r
lemma/145535	v1r
lemma/147069	v1r
lemma/147937	v3r
lemma/153267	v1r
lemma/143598	v1r
lemma/143649	v3r
lemma/144158	v1r
lemma/145944	v3r
lemma/148447	v1r
lemma/149007	v1r
lemma/152242	v1r
lemma/152809	v3r
lemma/143542	v1r
lemma/145020	v1r
lemma/145536	v1r
lemma/147887	v3r
lemma/147938	v3r
lemma/150356	v1r
lemma/151325	v1r
lemma/144511	v1r
lemma/149774	v4r
lemma/145021	v4r
lemma/146914	v2r
lemma/153728	v1r
lemma/144461	v1r
lemma/148750	v3r
lemma/149009	v4r
lemma/149775	v4r
lemma/145946	v1r
lemma/146915	v1r
lemma/155973	v1r
lemma/144462	v1r
lemma/149776	v4r
lemma/153214	v3r
lemma/145947	v1r
lemma/146400	v1r
lemma/146916	v1r
lemma/144514	v1d
lemma/153623	v4r
lemma/145948	v1r
lemma/151630	v2r
lemma/153215	v1r
lemma/155975	v3r
lemma/145024	v3r
lemma/148804	v1r
lemma/151738	v3r
lemma/143440	v2r
lemma/143496	v1r
lemma/144000	v3r
lemma/145025	v1r
lemma/146918	v1r
lemma/148345	v1r
lemma/155052	v1r
lemma/149672	v5r
lemma/144001	v3r
lemma/145026	v1r
lemma/145792	v1r
lemma/146919	v2r
lemma/147270	v3r
lemma/152198	v1r
lemma/155569	v3r
lemma/144410	v1r
lemma/144875	v4r
lemma/148806	v2r
lemma/151224	v1r
lemma/155462	v1d
lemma/144002	v3r
lemma/145027	v2r
lemma/146762	v3r
lemma/147680	v1d
lemma/147731	v1r
lemma/153168	v4r
lemma/147323	v1r
lemma/148348	v1r
lemma/153628	v1r
lemma/148757	v4r
lemma/144004	v3r
lemma/144770	v1d
lemma/145795	v1r
lemma/147324	v1r
lemma/149726	v4r
lemma/152553	v3r
lemma/154138	v1r
lemma/147682	v1r
lemma/148758	v4r
lemma/148809	v3r
lemma/149160	v3r
lemma/149267	v2r
lemma/144005	v1r
lemma/144822	v5r
lemma/144878	v3r
lemma/145796	v3r
lemma/154440	v1r
lemma/154956	v1r
lemma/155108	v5d
lemma/150203	v3r
lemma/147275	v3r
lemma/147326	v1r
lemma/151121	v5r
lemma/154390	v3r
lemma/155875	v3r
lemma/144006	v1r
lemma/145690	v1r
lemma/147684	v1r
lemma/150204	v1r
lemma/151178	v1r
lemma/151995	v1r
lemma/155002	v1r
lemma/156027	v3r
lemma/145333	v3r
lemma/145798	v1r
lemma/145849	v1r
lemma/146409	v1r
lemma/146710	v1r
lemma/151071	v1r
lemma/154442	v2r
lemma/144007	v1r
lemma/142950	v2r
lemma/143039	v1r
lemma/146359	v3r
lemma/146660	v3r
lemma/149163	v3r
lemma/152041	v1r
lemma/152500	v3r
lemma/153117	v3r
lemma/155361	v1r
lemma/144008	v1r
lemma/144825	v1r
lemma/147221	v1r
lemma/155821	v1r
lemma/155928	v1r
lemma/142951	v1r
lemma/145284	v1r
lemma/147737	v3r
lemma/155362	v1r
lemma/144009	v3r
lemma/144826	v1r
lemma/155929	v1r
lemma/145285	v2r
lemma/147687	v2r
lemma/148140	v3r
lemma/149165	v3r
lemma/150973	v2r
lemma/152451	v1r
lemma/152967	v1r
lemma/154394	v1r
lemma/155005	v5r
lemma/143751	v3r
lemma/144260	v2r
lemma/144827	v3r
lemma/152860	v1r
lemma/155414	v3d
lemma/155879	v3r
lemma/147172	v2r
lemma/154395	v1r
lemma/155006	v1r
lemma/145286	v3r
lemma/147632	v1r
lemma/143293	v1r
lemma/143344	v4r
lemma/148142	v1r
lemma/149167	v1r
lemma/154447	v1r
lemma/147582	v2r
lemma/149111	v3r
lemma/142955	v2r
lemma/145747	v3r
lemma/146200	v1r
lemma/147174	v5r
lemma/147991	v3d
lemma/150159	v1r
lemma/154448	v3r
lemma/155774	v1r
lemma/151021	v2r
lemma/153372	v1r
lemma/155417	v1r
lemma/142956	v3r
lemma/146666	v1r
lemma/149169	v1r
lemma/150461	v2r
lemma/155775	v4r
lemma/145289	v1r
lemma/145590	v1r
lemma/143755	v1r
lemma/144724	v1r
lemma/147993	v1r
lemma/149471	v1r
lemma/155776	v1r
lemma/144265	v1r
lemma/145591	v3r
lemma/146667	v1r
lemma/148094	v1r
lemma/151947	v3r
lemma/152048	v4d
lemma/153374	v3r
lemma/155720	v1r
lemma/147994	v1r
lemma/149472	v4r
lemma/150514	v1r
lemma/155777	v5r
lemma/147121	v3r
lemma/148095	v1r
lemma/149932	v1r
lemma/150923	v2r
lemma/151948	v1d
lemma/152401	v1r
lemma/145184	v1r
lemma/147995	v3r
lemma/149473	v1r
lemma/149524	v1r
lemma/155313	v1r
lemma/143701	v3d
lemma/144318	v4r
lemma/145644	v3r
lemma/147071	v3r
lemma/149882	v3r
lemma/154753	v1r
lemma/148556	v3r
lemma/152867	v1r
lemma/143651	v1d
lemma/143702	v4r
lemma/147639	v2r
lemma/148097	v1r
lemma/149117	v3r
lemma/155672	v1r
lemma/143192	v4r
lemma/144268	v1r
lemma/144319	v1d
lemma/146563	v3d
lemma/149010	v1r
lemma/151843	v1r
lemma/145595	v1r
lemma/147073	v3r
lemma/147124	v3r
lemma/149526	v1d
lemma/154755	v1r
lemma/147533	v1r
lemma/149011	v3r
lemma/155265	v1r
lemma/145647	v1r
lemma/142906	v3r
lemma/144163	v3r
lemma/143654	v3r
lemma/145597	v2r
lemma/147075	v1r
lemma/148452	v1r
lemma/148968	v1r
lemma/149528	v1r
lemma/153732	v3r
lemma/146566	v3r
lemma/151846	v1r
lemma/152355	v1r
lemma/154650	v1r
lemma/144215	v1r
lemma/145649	v3r
lemma/148504	v3r
lemma/153733	v3r
lemma/144573	v1r
lemma/146102	v1r
lemma/151796	v1r
lemma/154651	v1d
lemma/144216	v3r
lemma/148505	v1r
lemma/151439	v4r
lemma/152816	v1d
lemma/143197	v1r
lemma/143600	v1r
lemma/146568	v1r
lemma/146920	v1r
lemma/148914	v3r
lemma/149939	v1d
lemma/153326	v1r
lemma/154652	v1r
lemma/155621	v1r
lemma/144217	v3r
lemma/144983	v1r
lemma/148455	v1r
lemma/151389	v1r
lemma/152817	v1d
lemma/143198	v1r
lemma/143601	v1r
lemma/144575	v1r
lemma/146569	v1r
lemma/150415	v1r
lemma/152358	v1r
lemma/152710	v1r
lemma/145085	v1r
lemma/146513	v1r
lemma/149016	v1r
lemma/151691	v1r
lemma/152818	v1r
lemma/153220	v1r
lemma/146922	v3r
lemma/147079	v3r
lemma/150416	v3r
lemma/151692	v3r
lemma/152252	v3r
lemma/155572	v3r
lemma/144628	v1r
lemma/145954	v1d
lemma/153737	v1r
lemma/154655	v1r
lemma/144169	v3r
lemma/144470	v4r
lemma/145495	v5r
lemma/145546	v3r
lemma/149784	v2r
lemma/147433	v3r
lemma/147898	v1r
lemma/152662	v1r
lemma/143962	v5r
lemma/145440	v1d
lemma/146465	v1r
lemma/147025	v1r
lemma/148867	v1r
lemma/149836	v3r
lemma/152254	v1r
lemma/153631	v1r
lemma/144880	v3r
lemma/148403	v3r
lemma/155217	v1r
lemma/145497	v1r
lemma/146466	v3r
lemma/149270	v1r
lemma/152306	v3r
lemma/155626	v3r
lemma/154142	v1r
lemma/143606	v3r
lemma/145033	v1r
lemma/150829	v3r
lemma/152256	v1d
lemma/155111	v1r
lemma/143964	v1d
lemma/144116	v4r
lemma/146411	v1r
lemma/143556	v1d
lemma/145034	v1r
lemma/146927	v4r
lemma/154659	v1r
lemma/155112	v3r
lemma/146468	v3r
lemma/147437	v3r
lemma/151590	v1r
lemma/152717	v5r
lemma/155169	v3r
lemma/144010	v2r
lemma/155629	v1r
lemma/155930	v5r
lemma/146362	v2r
lemma/155471	v1r
lemma/144011	v4r
lemma/145853	v1r
lemma/144420	v4r
lemma/147439	v1r
lemma/148816	v3r
lemma/150725	v4e
lemma/151699	v3r
lemma/153994	v4r
lemma/145037	v1r
lemma/145854	v1r
lemma/155115	v1r
lemma/148766	v1r
lemma/151184	v2r
lemma/152204	v1r
lemma/156033	v3r
lemma/144830	v3r
lemma/146415	v1r
lemma/155882	v1r
lemma/148818	v2r
lemma/154607	v1r
lemma/150268	v1r
lemma/148819	v2r
lemma/149277	v3r
lemma/149328	v2r
lemma/150677	v1r
lemma/155475	v1r
lemma/143046	v1d
lemma/147284	v1r
lemma/152206	v1r
lemma/153941	v1r
lemma/154450	v3r
lemma/154910	v3r
lemma/145342	v2r
lemma/148662	v1r
lemma/150622	v1r
lemma/153891	v5r
lemma/155527	v1r
lemma/146827	v3r
lemma/151188	v1r
lemma/151540	v3r
lemma/153534	v1r
lemma/153943	v1r
lemma/154452	v3r
lemma/155528	v1d
lemma/143457	v1d
lemma/152101	v1r
lemma/146369	v1r
lemma/149689	v1r
lemma/155830	v1r
lemma/144835	v1r
lemma/147180	v3r
lemma/151491	v3r
lemma/142961	v1d
lemma/153536	v1r
lemma/155479	v1r
lemma/144836	v1r
lemma/147697	v3r
lemma/152512	v1r
lemma/153537	v1r
lemma/155781	v4r
lemma/150110	v1r
lemma/153078	v1r
lemma/154915	v1r
lemma/155373	v2r
lemma/149227	v1r
lemma/152978	v3r
lemma/154507	v1r
lemma/145347	v1r
lemma/153023	v3r
lemma/154400	v1r
lemma/145700	v1r
lemma/149177	v1r
lemma/150520	v1r
lemma/152979	v3r
lemma/153539	v1r
lemma/144839	v4r
lemma/145297	v1r
lemma/147592	v1r
lemma/149121	v1r
lemma/149586	v2r
lemma/144732	v3r
lemma/147235	v5r
lemma/149995	v1r
lemma/150169	v3r
lemma/150521	v1r
lemma/151087	v1r
lemma/151138	v3r
lemma/154458	v3r
lemma/145298	v1r
lemma/149638	v1d
lemma/145758	v1d
lemma/146160	v3r
lemma/146211	v1r
lemma/147185	v3r
lemma/149996	v1r
lemma/151088	v3r
lemma/151547	v3r
lemma/154811	v1r
lemma/145299	v3r
lemma/149940	v1r
lemma/152057	v3r
lemma/147186	v2r
lemma/150523	v3r
lemma/155837	v1d
lemma/142860	v2r
lemma/145652	v3r
lemma/145703	v1r
lemma/147646	v3r
lemma/148206	v5r
lemma/148972	v1r
lemma/151089	v1r
lemma/151957	v3r
lemma/147238	v1r
lemma/148564	v5r
lemma/153793	v1r
lemma/154869	v4r
lemma/142861	v1r
lemma/145653	v2r
lemma/147131	v5r
lemma/147647	v1r
lemma/148100	v3r
lemma/150116	v1r
lemma/151958	v3r
lemma/152360	v3r
lemma/144736	v2r
lemma/145194	v1r
lemma/147188	v1r
lemma/150525	v1r
lemma/151902	v1d
lemma/152820	v3r
lemma/155323	v2r
lemma/155788	v1r
lemma/143660	v1d
lemma/143711	v1r
lemma/146679	v3r
lemma/147132	v1r
lemma/148157	v4r
lemma/149892	v1r
lemma/142862	v1r
lemma/145706	v1r
lemma/150067	v1r
lemma/150118	v3r
lemma/152469	v1r
lemma/154764	v4r
lemma/144171	v2r
lemma/146573	v1d
lemma/148567	v1r
lemma/149020	v4d
lemma/150476	v1r
lemma/152822	v1d
lemma/144738	v2r
lemma/145656	v3r
lemma/148460	v1d
lemma/148976	v2r
lemma/151445	v1r
lemma/154765	v1r
lemma/142915	v1r
lemma/144223	v1r
lemma/146574	v1r
lemma/154357	v1r
lemma/155275	v1r
lemma/150421	v1r
lemma/152823	v3r
lemma/153389	v1r
lemma/154766	v2r
lemma/144173	v1r
lemma/150830	v1r
lemma/151855	v1r
lemma/145091	v1r
lemma/151447	v1r
lemma/154302	v1r
lemma/154767	v1r
lemma/146576	v3r
lemma/150831	v1r
lemma/153799	v1r
lemma/154660	v1r
lemma/143665	v2d
lemma/145092	v3r
lemma/149539	v1r
lemma/154303	v3r
lemma/148923	v1r
lemma/149897	v1r
lemma/152417	v4r
lemma/154661	v3r
lemma/144175	v1r
lemma/145093	v1r
lemma/146169	v3r
lemma/146521	v1r
lemma/146986	v3r
lemma/152826	v3r
lemma/149898	v1r
lemma/152418	v1r
lemma/144176	v2r
lemma/146471	v1r
lemma/147547	v1r
lemma/152827	v3r
lemma/149899	v3r
lemma/154663	v1r
lemma/155739	v3r
lemma/144177	v3r
lemma/144228	v3r
lemma/146988	v3r
lemma/147497	v3r
lemma/147900	v1r
lemma/148466	v3r
lemma/153286	v1r
lemma/154306	v2r
lemma/144637	v1r
lemma/146932	v1r
lemma/143204	v1r
lemma/146524	v1r
lemma/147549	v1r
lemma/143669	v1r
lemma/151345	v4r
lemma/153747	v1r
lemma/145556	v3r
lemma/144588	v1r
lemma/144639	v3r
lemma/148468	v3r
lemma/149437	v1r
lemma/153289	v2r
lemma/145098	v1r
lemma/152673	v1r
lemma/155227	v1r
lemma/143564	v1r
lemma/145042	v3r
lemma/145910	v3r
lemma/148413	v3r
lemma/149280	v1r
lemma/152265	v1r
lemma/145502	v1r
lemma/149439	v3r
lemma/152725	v1r
lemma/155177	v1r
lemma/145911	v2r
lemma/149281	v3r
lemma/155121	v1r
lemma/145503	v1r
lemma/150681	v1r
lemma/153235	v5r
lemma/155229	v1r
lemma/143050	v1d
lemma/149333	v3r
lemma/155071	v3r
lemma/143510	v1r
lemma/143975	v5r
lemma/144076	v2r
lemma/144893	v1r
lemma/145504	v3r
lemma/147396	v1r
lemma/152211	v1r
lemma/154562	v1r
lemma/143618	v3r
lemma/145913	v1r
lemma/149334	v3r
lemma/155072	v1r
lemma/143976	v3r
lemma/147397	v1r
lemma/147800	v1r
lemma/149284	v3r
lemma/154206	v1r
lemma/155890	v4r
lemma/149335	v3r
lemma/169945	v1
lemma/170179	v1r
lemma/170129	v1r
lemma/169451	v1r
lemma/169807	v1r
lemma/170082	v3r
lemma/156559	v1r
lemma/156453	v3r
lemma/156557	v3r
lemma/156457	v4r
lemma/156508	v1r
lemma/156761	v3
lemma/156789	v1r
lemma/156795	v1r
lemma/156765	v4
lemma/156536	v4r
lemma/156532	v1r
lemma/156715	v4d
lemma/156446	v4r
lemma/156798	v1r
lemma/156717	v1
lemma/156510	v3r
lemma/156567	v1r
lemma/156797	v1r
lemma/156526	v1r
lemma/156924	v1
lemma/156794	v1r
lemma/156574	v1r
lemma/156438	v1r
lemma/156785	v1d
lemma/156469	v1r
lemma/156772	v1
lemma/156786	v1r
lemma/156777	v1
lemma/156783	v1d
lemma/156575	v1r
lemma/156572	v1r
lemma/156480	v1r
lemma/156521	v2r
lemma/156931	v1d
lemma/156790	v4d
lemma/156479	v3r
lemma/156782	v1r
lemma/156531	v1r
lemma/156784	v3r
lemma/156787	v1r
lemma/156731	v1
lemma/156788	v1r
lemma/156732	v1
lemma/156733	v4
lemma/156738	v1
lemma/156739	v1d
lemma/156791	v3d
lemma/156497	v1r
lemma/156799	v1d
lemma/156792	v1r
lemma/156793	v1r
lemma/156796	v1r
lemma/156743	v1
lemma/156744	v1
lemma/156698	v1d
lemma/156541	v3r
lemma/156750	v1d
lemma/156751	v1
lemma/156753	v1
lemma/156705	v1
lemma/156706	v3
lemma/156708	v1
lemma/156709	v1
lemma/156964	v1d
lemma/156965	v1d
lemma/168900	v1d
lemma/168905	v5r
lemma/168909	v5r
lemma/168925	v1r
lemma/168945	v1r
lemma/168961	v1r
lemma/168965	v1d
lemma/168967	v1r
lemma/168972	v1d
lemma/168989	v1r
lemma/169005	v1r
lemma/169012	v1r
lemma/169016	v1r
lemma/169035	v1d
lemma/169040	v2r
lemma/169052	v4r
lemma/169067	v1r
lemma/169068	v1e
lemma/169080	v2r
lemma/169085	v2r
lemma/169096	v1r
lemma/169098	v1r
lemma/169100	v2r
lemma/169105	v2r
lemma/169107	v2r
lemma/169117	v1d
lemma/169134	v1d
lemma/169138	v1r
lemma/169142	v1r
lemma/169155	v1d
lemma/169163	v1r
lemma/169169	v2r
lemma/169171	v2r
lemma/169179	v1r
lemma/169181	v3r
lemma/169197	v3r
lemma/169201	v3r
lemma/169208	v3r
lemma/169224	v4r
lemma/169249	v1d
lemma/169263	v1r
lemma/169265	v1r
lemma/169268	v1r
lemma/169278	v2r
lemma/169282	v2r
lemma/169290	v2r
lemma/169308	v1r
lemma/169316	v1r
lemma/169323	v3r
lemma/169353	v1r
lemma/169355	v2r
lemma/169356	v2r
lemma/169359	v2r
lemma/169363	v2r
lemma/169368	v1d
lemma/169369	v3r
lemma/169375	v1d
lemma/169410	v1d
lemma/169426	v1r
lemma/169428	v2r
lemma/169437	v3d
lemma/169439	v2r
lemma/169461	v2r
lemma/169479	v2r
lemma/169483	v1r
lemma/169493	v1r
lemma/169507	v1d
lemma/169509	v1r
lemma/169516	v1d
lemma/169517	v1r
lemma/169536	v2r
lemma/169543	v3r
lemma/169577	v2r
lemma/169579	v1r
lemma/169583	v2r
lemma/169584	v1r
lemma/169590	v2r
lemma/169591	v3r
lemma/169593	v1r
lemma/169596	v2r
lemma/169598	v3d
lemma/169608	v1r
lemma/169613	v2r
lemma/169614	v2r
lemma/169615	v3r
lemma/169621	v1d
lemma/169623	v2r
lemma/169624	v3d
lemma/169638	v2r
lemma/169639	v1r
lemma/169646	v3r
lemma/169648	v1r
lemma/169657	v2r
lemma/169695	v3r
lemma/169703	v2r
lemma/169709	v1r
lemma/169809	v2r
lemma/169718	v1r
lemma/169726	v1d
lemma/169733	v1r
lemma/169737	v1r
lemma/169741	v2r
lemma/169750	v1r
lemma/169763	v2r
lemma/169767	v1d
lemma/169792	v2r
lemma/169794	v4r
lemma/169795	v1r
lemma/169804	v1r
lemma/169806	v2r
lemma/169818	v1r
lemma/169819	v1r
lemma/169827	v1r
lemma/169878	v3r
lemma/169881	v1r
lemma/169886	v3r
lemma/169896	v1r
lemma/169903	v1r
lemma/169907	v4r
lemma/169908	v3r
lemma/169935	v4r
lemma/169938	v2r
lemma/142759	v5r
lemma/142761	v1r
lemma/142762	v3r
lemma/142756	v3r
lemma/142757	v1r
lemma/142758	v5r
lemma/142760	v3r
