lila_lemma_id,lexeme
lemma/86835,L18610
lemma/86840,L18611
lemma/86874,L18623
lemma/86876,L18624
lemma/86877,L18625
lemma/86878,L18626
lemma/86880,L18627
lemma/86867,L18620
lemma/86872,L18621
lemma/86873,L18622
lemma/86843,L18612
lemma/86847,L18613
lemma/86848,L18614
lemma/86853,L18615
lemma/86856,L18616
lemma/86860,L18617
lemma/86861,L18618
lemma/86865,L18619
lemma/86881,L18628
lemma/86883,L18629
lemma/86884,L18630
lemma/86893,L18631
lemma/86895,L18632
lemma/86898,L18633
lemma/86899,L18634
lemma/86918,L18642
lemma/86919,L18643
lemma/86900,L18635
lemma/86901,L18636
lemma/86904,L18637
lemma/86905,L18638
lemma/86907,L18639
lemma/86909,L18640
lemma/86916,L18641
lemma/86922,L18644
lemma/86923,L18645
lemma/86924,L18646
lemma/86930,L18647
lemma/86934,L18648
lemma/86937,L18649
lemma/86939,L18650
lemma/86944,L18651
lemma/86946,L18652
lemma/86948,L18653
lemma/86949,L18654
lemma/86951,L18655
lemma/86981,L18665
lemma/86994,L18671
lemma/87001,L18672
lemma/87003,L18673
lemma/87004,L18674
lemma/87008,L18675
lemma/87011,L18676
lemma/87018,L18677
lemma/87019,L18678
lemma/87021,L18679
lemma/87027,L18680
lemma/87028,L18681
lemma/87031,L18682
lemma/87033,L18684
lemma/87035,L18685
lemma/87032,L18683
lemma/87036,L18686
lemma/87039,L18687
lemma/87040,L18688
lemma/87042,L18689
lemma/87050,L18690
lemma/87053,L18691
lemma/87058,L18692
lemma/87079,L18693
lemma/87080,L18694
lemma/87081,L18695
lemma/87084,L18696
lemma/87087,L18697
lemma/87089,L18698
lemma/87091,L18699
lemma/87101,L18700
lemma/87102,L18701
lemma/87110,L18702
lemma/87112,L18703
lemma/86958,L18656
lemma/86963,L18658
lemma/86968,L18659
lemma/86971,L18660
lemma/86974,L18661
lemma/86977,L18662
lemma/86978,L18663
lemma/86979,L18664
lemma/86961,L18657
lemma/87113,L18704
lemma/86983,L18667
lemma/86988,L18670
lemma/86987,L18669
lemma/87118,L18706
lemma/87116,L18705
lemma/86985,L18668
lemma/86982,L18666
lemma/87119,L18707
lemma/87125,L18709
lemma/87122,L18708
lemma/87143,L18715
lemma/87145,L18716
lemma/87146,L18717
lemma/87148,L18718
lemma/87156,L18719
lemma/87158,L18720
lemma/87180,L18729
lemma/87190,L18730
lemma/87200,L18731
lemma/87202,L18732
lemma/87175,L18726
lemma/87177,L18727
lemma/87179,L18728
lemma/87363,L18748
lemma/87365,L18749
lemma/87336,L18741
lemma/87348,L18742
lemma/87350,L18743
lemma/87351,L18744
lemma/87352,L18745
lemma/87356,L18746
lemma/87357,L18747
lemma/87382,L18759
lemma/87383,L18760
lemma/87384,L18761
lemma/87385,L18762
lemma/87387,L18763
lemma/87388,L18764
lemma/87391,L18765
lemma/87392,L18766
lemma/87393,L18767
lemma/87396,L18768
lemma/87401,L18769
lemma/87402,L18770
lemma/87404,L18771
lemma/87403,L18772
lemma/87409,L18773
lemma/87410,L18774
lemma/87413,L18775
lemma/87414,L18776
lemma/87421,L18777
lemma/87425,L18779
lemma/87424,L18778
lemma/87427,L18780
lemma/87442,L18787
lemma/87445,L18788
lemma/87463,L18796
lemma/87464,L18797
lemma/87465,L18798
lemma/87466,L18799
lemma/87498,L18809
lemma/87441,L18786
lemma/87379,L18758
lemma/87428,L18781
lemma/87166,L18724
lemma/87128,L18711
lemma/87209,L18734
lemma/87487,L18806
lemma/87127,L18710
lemma/87367,L18751
lemma/87484,L18804
lemma/87374,L18754
lemma/87254,L18735
lemma/87488,L18807
lemma/87433,L18784
lemma/87453,L18789
lemma/87435,L18785
lemma/87485,L18805
lemma/87263,L18736
lemma/87162,L18722
lemma/87136,L18713
lemma/87165,L18723
lemma/87377,L18756
lemma/87471,L18802
lemma/87372,L18753
lemma/87375,L18755
lemma/87468,L18801
lemma/87461,L18794
lemma/87378,L18757
lemma/87457,L18792
lemma/87462,L18795
lemma/87493,L18808
lemma/87139,L18714
lemma/87429,L18782
lemma/87326,L18739
lemma/87366,L18750
lemma/87132,L18712
lemma/87174,L18725
lemma/87460,L18793
lemma/87159,L18721
lemma/87208,L18733
lemma/87264,L18737
lemma/87306,L18738
lemma/87327,L18740
lemma/87454,L18790
lemma/87476,L18803
lemma/87370,L18752
lemma/87432,L18783
lemma/87456,L18791
lemma/87467,L18800
lemma/88015,L18924
lemma/88020,L18925
lemma/88021,L18926
lemma/88078,L18950
lemma/88080,L18951
lemma/88076,L18949
lemma/88360,L18981
lemma/88362,L18982
lemma/88363,L18983
lemma/88433,L19005
lemma/88447,L19006
lemma/88449,L19007
lemma/88461,L19008
lemma/88009,L18923
lemma/88116,L18958
lemma/88134,L18959
lemma/88140,L18960
lemma/88152,L18961
lemma/88177,L18962
lemma/88191,L18963
lemma/88211,L18964
lemma/88232,L18965
lemma/88405,L18997
lemma/88399,L18996
lemma/88407,L18998
lemma/88411,L19001
lemma/88412,L19002
lemma/88408,L18999
lemma/88410,L19000
lemma/88007,L18922
lemma/88073,L18947
lemma/88040,L18938
lemma/88081,L18952
lemma/88355,L18977
lemma/88006,L18921
lemma/87804,L18903
lemma/88027,L18929
lemma/88385,L18989
lemma/88068,L18946
lemma/88038,L18936
lemma/88293,L18969
lemma/88388,L18991
lemma/88003,L18920
lemma/88348,L18974
lemma/88396,L18994
lemma/88110,L18957
lemma/88030,L18930
lemma/88103,L18956
lemma/87859,L18905
lemma/88429,L19004
lemma/88356,L18978
lemma/88413,L19003
lemma/88066,L18945
lemma/88033,L18931
lemma/88036,L18934
lemma/88042,L18940
lemma/88326,L18972
lemma/88001,L18918
lemma/88389,L18992
lemma/87917,L18909
lemma/88354,L18976
lemma/88083,L18953
lemma/87998,L18917
lemma/88468,L19009
lemma/88034,L18932
lemma/88373,L18985
lemma/88063,L18942
lemma/88357,L18979
lemma/88298,L18971
lemma/88039,L18937
lemma/88023,L18927
lemma/88386,L18990
lemma/88044,L18941
lemma/88037,L18935
lemma/87869,L18906
lemma/88358,L18980
lemma/88397,L18995
lemma/88091,L18954
lemma/88035,L18933
lemma/88002,L18919
lemma/88297,L18970
lemma/88374,L18986
lemma/88378,L18987
lemma/88384,L18988
lemma/88395,L18993
lemma/88041,L18939
lemma/88064,L18943
lemma/87899,L18907
lemma/87847,L18904
lemma/88026,L18928
lemma/87908,L18908
lemma/88368,L18984
lemma/88074,L18948
lemma/88242,L18967
lemma/88349,L18975
lemma/88329,L18973
lemma/88251,L18968
lemma/88065,L18944
lemma/88096,L18955
lemma/88236,L18966
lemma/88781,L19046
lemma/88784,L19047
lemma/88788,L19048
lemma/89233,L19088
lemma/89234,L19089
lemma/89237,L19090
lemma/89450,L19107
lemma/89473,L19108
lemma/89485,L19109
lemma/89494,L19110
lemma/89504,L19111
lemma/89509,L19112
lemma/89510,L19113
lemma/89523,L19114
lemma/89534,L19115
lemma/89538,L19116
lemma/88674,L19031
lemma/88693,L19036
lemma/89112,L19072
lemma/89243,L19093
lemma/89552,L19117
lemma/88892,L19053
lemma/88474,L19011
lemma/88951,L19059
lemma/89222,L19087
lemma/88591,L19025
lemma/88914,L19055
lemma/88484,L19012
lemma/88533,L19016
lemma/89144,L19075
lemma/89331,L19096
lemma/88982,L19061
lemma/88470,L19010
lemma/88509,L19014
lemma/88566,L19020
lemma/89192,L19082
lemma/89287,L19094
lemma/88974,L19060
lemma/89342,L19097
lemma/89023,L19065
lemma/89109,L19071
lemma/88822,L19051
lemma/88756,L19042
lemma/89214,L19085
lemma/88503,L19013
lemma/88799,L19050
lemma/88685,L19034
lemma/89174,L19078
lemma/89009,L19064
lemma/88642,L19029
lemma/88513,L19015
lemma/89198,L19083
lemma/88556,L19018
lemma/89207,L19084
lemma/88709,L19038
lemma/88779,L19045
lemma/88705,L19037
lemma/88567,L19021
lemma/88768,L19043
lemma/88918,L19057
lemma/88645,L19030
lemma/88579,L19024
lemma/88988,L19062
lemma/88891,L19052
lemma/89123,L19074
lemma/88713,L19039
lemma/89221,L19086
lemma/89241,L19091
lemma/88915,L19056
lemma/88943,L19058
lemma/88724,L19040
lemma/88691,L19035
lemma/88773,L19044
lemma/88793,L19049
lemma/88678,L19032
lemma/88725,L19041
lemma/89117,L19073
lemma/89191,L19081
lemma/88989,L19063
lemma/88896,L19054
lemma/88555,L19017
lemma/89053,L19067
lemma/89044,L19066
lemma/88574,L19022
lemma/89089,L19070
lemma/88680,L19033
lemma/88575,L19023
lemma/89073,L19069
lemma/88563,L19019
lemma/88613,L19027
lemma/89060,L19068
lemma/88618,L19028
lemma/88603,L19026
lemma/89184,L19080
lemma/89173,L19077
lemma/89180,L19079
lemma/89168,L19076
lemma/89242,L19092
lemma/89321,L19095
lemma/89351,L19098
lemma/87501,L18810
lemma/87510,L18811
lemma/87512,L18813
lemma/87514,L18814
lemma/87516,L18815
lemma/87517,L18816
lemma/87719,L18890
lemma/87721,L18891
lemma/87558,L18826
lemma/87556,L18825
lemma/87649,L18871
lemma/87652,L18872
lemma/87654,L18873
lemma/87657,L18874
lemma/87682,L18880
lemma/87792,L18902
lemma/87602,L18852
lemma/87595,L18846
lemma/87642,L18868
lemma/87525,L18819
lemma/87693,L18884
lemma/87640,L18866
lemma/87566,L18829
lemma/87518,L18817
lemma/87686,L18883
lemma/87610,L18856
lemma/87639,L18865
lemma/87985,L18916
lemma/87599,L18849
lemma/87712,L18889
lemma/87535,L18820
lemma/87577,L18837
lemma/87744,L18897
lemma/87943,L18912
lemma/87571,L18833
lemma/87519,L18818
lemma/87587,L18844
lemma/87940,L18911
lemma/87580,L18839
lemma/87780,L18900
lemma/87578,L18838
lemma/87608,L18855
lemma/87732,L18896
lemma/87601,L18851
lemma/87695,L18885
lemma/87597,L18848
lemma/87677,L18879
lemma/87722,L18892
lemma/87661,L18875
lemma/87723,L18893
lemma/87641,L18867
lemma/87620,L18858
lemma/87584,L18841
lemma/87586,L18843
lemma/87781,L18901
lemma/87600,L18850
lemma/87752,L18898
lemma/87560,L18828
lemma/87576,L18836
lemma/87569,L18831
lemma/87710,L18888
lemma/87755,L18899
lemma/87568,L18830
lemma/87581,L18840
lemma/87585,L18842
lemma/87596,L18847
lemma/87628,L18859
lemma/87594,L18845
lemma/87974,L18915
lemma/87726,L18895
lemma/87951,L18913
lemma/87633,L18861
lemma/87605,L18853
lemma/87664,L18876
lemma/87554,L18824
lemma/87559,L18827
lemma/87725,L18894
lemma/87685,L18882
lemma/87611,L18857
lemma/87676,L18878
lemma/87634,L18862
lemma/87607,L18854
lemma/87635,L18863
lemma/87647,L18870
lemma/87638,L18864
lemma/87632,L18860
lemma/87542,L18821
lemma/87697,L18886
lemma/87698,L18887
lemma/87645,L18869
lemma/87665,L18877
lemma/87551,L18823
lemma/87960,L18914
lemma/87574,L18834
lemma/87928,L18910
lemma/87543,L18822
lemma/87570,L18832
lemma/87575,L18835
lemma/87511,L18812
lemma/87683,L18881
lemma/89584,L19127
lemma/89587,L19128
lemma/89590,L19129
lemma/90074,L19182
lemma/90076,L19184
lemma/90075,L19183
lemma/89391,L19103
lemma/89397,L19104
lemma/89402,L19105
lemma/89449,L19106
lemma/89617,L19140
lemma/89620,L19141
lemma/89647,L19155
lemma/89640,L19150
lemma/90073,L19181
lemma/90238,L19200
lemma/90267,L19205
lemma/90321,L19216
lemma/90138,L19191
lemma/89622,L19142
lemma/90325,L19217
lemma/89626,L19144
lemma/89648,L19156
lemma/90320,L19215
lemma/89603,L19134
lemma/89375,L19101
lemma/89906,L19169
lemma/89580,L19125
lemma/89783,L19161
lemma/90045,L19178
lemma/89612,L19137
lemma/90198,L19198
lemma/89627,L19145
lemma/89376,L19102
lemma/89853,L19165
lemma/90243,L19201
lemma/90252,L19203
lemma/89642,L19151
lemma/89646,L19154
lemma/90079,L19185
lemma/89579,L19124
lemma/89600,L19133
lemma/89572,L19121
lemma/90192,L19197
lemma/89607,L19135
lemma/90131,L19190
lemma/90262,L19204
lemma/89639,L19149
lemma/90180,L19194
lemma/89896,L19167
lemma/90052,L19179
lemma/89806,L19163
lemma/89643,L19152
lemma/89635,L19147
lemma/89623,L19143
lemma/89358,L19099
lemma/90185,L19195
lemma/89372,L19100
lemma/89974,L19176
lemma/90083,L19186
lemma/89911,L19170
lemma/89912,L19171
lemma/89645,L19153
lemma/89581,L19126
lemma/89567,L19119
lemma/89681,L19158
lemma/89628,L19146
lemma/89573,L19122
lemma/90066,L19180
lemma/89613,L19138
lemma/89654,L19157
lemma/90036,L19177
lemma/89568,L19120
lemma/89947,L19174
lemma/89599,L19132
lemma/90315,L19214
lemma/90164,L19193
lemma/90127,L19189
lemma/89597,L19131
lemma/89610,L19136
lemma/89790,L19162
lemma/89779,L19160
lemma/90251,L19202
lemma/90114,L19188
lemma/90140,L19192
lemma/89638,L19148
lemma/90084,L19187
lemma/90191,L19196
lemma/89616,L19139
lemma/89811,L19164
lemma/89575,L19123
lemma/90236,L19199
lemma/89734,L19159
lemma/89559,L19118
lemma/89593,L19130
lemma/89900,L19168
lemma/89944,L19173
lemma/89913,L19172
lemma/89857,L19166
lemma/89955,L19175
lemma/92641,L19486
lemma/92643,L19487
lemma/92645,L19488
lemma/92649,L19489
lemma/91990,L19416
lemma/92026,L19417
lemma/92038,L19418
lemma/92060,L19419
lemma/92081,L19420
lemma/92087,L19421
lemma/92088,L19422
lemma/92089,L19423
lemma/92091,L19424
lemma/92098,L19425
lemma/92120,L19426
lemma/92127,L19427
lemma/92132,L19428
lemma/92144,L19429
lemma/92151,L19430
lemma/92152,L19431
lemma/92164,L19432
lemma/92167,L19433
lemma/92172,L19434
lemma/92179,L19435
lemma/92201,L19436
lemma/92202,L19437
lemma/92205,L19438
lemma/92207,L19439
lemma/92228,L19440
lemma/92234,L19441
lemma/92248,L19442
lemma/92268,L19443
lemma/92334,L19447
lemma/92337,L19448
lemma/92343,L19449
lemma/92350,L19450
lemma/92278,L19444
lemma/92283,L19445
lemma/92327,L19446
lemma/92351,L19451
lemma/92354,L19452
lemma/92358,L19453
lemma/92363,L19454
lemma/92366,L19455
lemma/92375,L19456
lemma/92433,L19463
lemma/92378,L19457
lemma/92390,L19458
lemma/92413,L19459
lemma/92414,L19460
lemma/92426,L19461
lemma/92432,L19462
lemma/92443,L19464
lemma/92445,L19465
lemma/92447,L19466
lemma/92460,L19467
lemma/92461,L19468
lemma/92474,L19469
lemma/92491,L19470
lemma/92500,L19471
lemma/92531,L19472
lemma/92535,L19473
lemma/92536,L19474
lemma/92541,L19475
lemma/92542,L19476
lemma/92548,L19477
lemma/92550,L19478
lemma/92554,L19479
lemma/92559,L19480
lemma/92564,L19481
lemma/92565,L19482
lemma/92570,L19483
lemma/92600,L19484
lemma/92607,L19485
lemma/92676,L19493
lemma/92686,L19494
lemma/92691,L19495
lemma/92739,L19496
lemma/92749,L19497
lemma/92662,L19490
lemma/92666,L19491
lemma/92667,L19492
lemma/92779,L19499
lemma/92784,L19500
lemma/92792,L19501
lemma/92810,L19502
lemma/92813,L19503
lemma/92822,L19504
lemma/92838,L19505
lemma/92848,L19506
lemma/92772,L19498
lemma/92857,L19507
lemma/92872,L19508
lemma/92891,L19509
lemma/92896,L19510
lemma/92916,L19511
lemma/92924,L19512
lemma/92973,L19513
lemma/92984,L19514
lemma/92985,L19515
lemma/94840,L19840
lemma/94842,L19841
lemma/94900,L19865
lemma/94915,L19866
lemma/94916,L19867
lemma/94947,L19868
lemma/95129,L19907
lemma/95130,L19908
lemma/95133,L19909
lemma/94739,L19811
lemma/94742,L19812
lemma/94743,L19813
lemma/94746,L19814
lemma/94749,L19815
lemma/94750,L19816
lemma/94758,L19817
lemma/94760,L19818
lemma/94761,L19819
lemma/94763,L19820
lemma/94787,L19826
lemma/94788,L19827
lemma/94789,L19828
lemma/94790,L19829
lemma/94791,L19830
lemma/94792,L19831
lemma/94795,L19832
lemma/94799,L19833
lemma/94800,L19834
lemma/94807,L19835
lemma/94813,L19836
lemma/94817,L19837
lemma/94818,L19838
lemma/94831,L19839
lemma/94850,L19844
lemma/94854,L19845
lemma/94855,L19846
lemma/94847,L19843
lemma/94859,L19847
lemma/94860,L19848
lemma/94861,L19849
lemma/94862,L19850
lemma/94866,L19852
lemma/94867,L19853
lemma/94865,L19851
lemma/94872,L19854
lemma/94873,L19855
lemma/94877,L19856
lemma/94878,L19857
lemma/94879,L19858
lemma/94882,L19859
lemma/94884,L19860
lemma/94890,L19862
lemma/94891,L19863
lemma/94886,L19861
lemma/94898,L19864
lemma/94952,L19869
lemma/94973,L19870
lemma/95008,L19871
lemma/95012,L19872
lemma/95015,L19873
lemma/95017,L19874
lemma/95018,L19875
lemma/95021,L19876
lemma/95055,L19880
lemma/95057,L19881
lemma/95058,L19882
lemma/95037,L19877
lemma/95046,L19878
lemma/95052,L19879
lemma/95060,L19883
lemma/95061,L19884
lemma/95062,L19885
lemma/95065,L19886
lemma/95066,L19887
lemma/95067,L19888
lemma/95072,L19889
lemma/95073,L19890
lemma/95074,L19891
lemma/95077,L19892
lemma/95118,L19901
lemma/95120,L19902
lemma/95078,L19893
lemma/95081,L19894
lemma/95086,L19895
lemma/95087,L19896
lemma/95088,L19897
lemma/95097,L19899
lemma/95106,L19900
lemma/95122,L19903
lemma/95124,L19904
lemma/95126,L19905
lemma/95128,L19906
lemma/95145,L19913
lemma/95148,L19914
lemma/95152,L19915
lemma/95156,L19916
lemma/95163,L19917
lemma/95164,L19918
lemma/95090,L19898
lemma/94843,L19842
lemma/95545,L20035
lemma/95688,L20082
lemma/95687,L20083
lemma/95442,L20008
lemma/95443,L20009
lemma/95447,L20010
lemma/95448,L20011
lemma/95450,L20012
lemma/95453,L20013
lemma/95456,L20014
lemma/95457,L20015
lemma/95460,L20016
lemma/95504,L20025
lemma/95512,L20026
lemma/95515,L20027
lemma/95522,L20028
lemma/95524,L20029
lemma/95525,L20030
lemma/95526,L20031
lemma/95535,L20032
lemma/95539,L20033
lemma/95540,L20034
lemma/95553,L20036
lemma/95554,L20037
lemma/95561,L20038
lemma/95565,L20039
lemma/95567,L20040
lemma/95568,L20041
lemma/95569,L20042
lemma/95572,L20043
lemma/95573,L20044
lemma/95575,L20045
lemma/95576,L20046
lemma/95577,L20047
lemma/95579,L20048
lemma/95580,L20049
lemma/95582,L20050
lemma/95583,L20051
lemma/95595,L20052
lemma/95597,L20053
lemma/95599,L20054
lemma/95601,L20055
lemma/95608,L20056
lemma/95609,L20057
lemma/95615,L20058
lemma/95616,L20059
lemma/95617,L20060
lemma/95621,L20061
lemma/95622,L20062
lemma/95627,L20064
lemma/95629,L20065
lemma/95633,L20066
lemma/95634,L20067
lemma/95638,L20068
lemma/95640,L20069
lemma/95643,L20070
lemma/95644,L20071
lemma/95651,L20072
lemma/95661,L20073
lemma/95665,L20074
lemma/95677,L20075
lemma/95678,L20076
lemma/95679,L20077
lemma/95681,L20078
lemma/95682,L20079
lemma/95683,L20080
lemma/95686,L20081
lemma/95691,L20084
lemma/95698,L20085
lemma/95701,L20086
lemma/95703,L20087
lemma/95706,L20088
lemma/95709,L20089
lemma/95712,L20090
lemma/95718,L20091
lemma/95726,L20092
lemma/95727,L20093
lemma/95728,L20094
lemma/95729,L20095
lemma/95732,L20096
lemma/95733,L20097
lemma/95734,L20098
lemma/95742,L20099
lemma/95743,L20100
lemma/95745,L20101
lemma/95749,L20102
lemma/95750,L20103
lemma/95752,L20104
lemma/95754,L20105
lemma/95755,L20106
lemma/95765,L20107
lemma/95767,L20108
lemma/95769,L20109
lemma/95772,L20110
lemma/95773,L20111
lemma/95776,L20112
lemma/95777,L20113
lemma/95783,L20114
lemma/95788,L20115
lemma/95625,L20063
lemma/95136,L19910
lemma/95143,L19911
lemma/95262,L19946
lemma/95324,L19970
lemma/95331,L19971
lemma/95323,L19969
lemma/95411,L19994
lemma/95144,L19912
lemma/95173,L19919
lemma/95181,L19920
lemma/95182,L19921
lemma/95183,L19922
lemma/95184,L19923
lemma/95199,L19929
lemma/95205,L19930
lemma/95185,L19924
lemma/95192,L19925
lemma/95195,L19926
lemma/95196,L19927
lemma/95198,L19928
lemma/95207,L19931
lemma/95208,L19932
lemma/95209,L19933
lemma/95210,L19934
lemma/95211,L19935
lemma/95213,L19936
lemma/95220,L19937
lemma/95221,L19938
lemma/95229,L19939
lemma/95232,L19940
lemma/95233,L19941
lemma/95234,L19942
lemma/95242,L19943
lemma/95263,L19947
lemma/95266,L19948
lemma/95267,L19949
lemma/95268,L19950
lemma/95253,L19944
lemma/95255,L19945
lemma/95276,L19951
lemma/95281,L19952
lemma/95282,L19953
lemma/95284,L19954
lemma/95285,L19955
lemma/95289,L19956
lemma/95290,L19957
lemma/95294,L19958
lemma/95301,L19961
lemma/95305,L19962
lemma/95297,L19959
lemma/95300,L19960
lemma/95307,L19963
lemma/95309,L19964
lemma/95314,L19965
lemma/95318,L19966
lemma/95321,L19967
lemma/95322,L19968
lemma/95337,L19974
lemma/95339,L19975
lemma/95341,L19976
lemma/95332,L19972
lemma/95335,L19973
lemma/95351,L19977
lemma/95355,L19979
lemma/95354,L19978
lemma/95380,L19985
lemma/95381,L19986
lemma/95357,L19980
lemma/95366,L19982
lemma/95367,L19983
lemma/95371,L19984
lemma/95358,L19981
lemma/95398,L19991
lemma/95404,L19992
lemma/95408,L19993
lemma/95413,L19995
lemma/95417,L19996
lemma/95385,L19987
lemma/95388,L19988
lemma/95390,L19989
lemma/95395,L19990
lemma/95429,L19999
lemma/95430,L20000
lemma/95432,L20001
lemma/95433,L20002
lemma/95418,L19997
lemma/95419,L19998
lemma/95435,L20003
lemma/95436,L20004
lemma/95438,L20005
lemma/95439,L20006
lemma/95441,L20007
lemma/95465,L20017
lemma/95471,L20018
lemma/95475,L20019
lemma/95476,L20020
lemma/95483,L20021
lemma/95487,L20022
lemma/95501,L20023
lemma/95502,L20024
lemma/90301,L19211
lemma/90313,L19213
lemma/90312,L19212
lemma/90369,L19235
lemma/90370,L19236
lemma/90469,L19260
lemma/90522,L19261
lemma/90527,L19262
lemma/90530,L19263
lemma/90572,L19286
lemma/90573,L19287
lemma/90574,L19288
lemma/90672,L19319
lemma/90337,L19221
lemma/90423,L19253
lemma/90292,L19209
lemma/90391,L19246
lemma/90559,L19277
lemma/90561,L19278
lemma/90562,L19279
lemma/90563,L19280
lemma/90365,L19232
lemma/90279,L19207
lemma/90578,L19289
lemma/90571,L19299
lemma/90571,L19303
lemma/90359,L19231
lemma/90392,L19247
lemma/90385,L19244
lemma/90394,L19248
lemma/90374,L19239
lemma/90338,L19222
lemma/90351,L19227
lemma/90445,L19258
lemma/90422,L19252
lemma/90353,L19229
lemma/90434,L19255
lemma/90441,L19257
lemma/90340,L19223
lemma/90383,L19243
lemma/90372,L19237
lemma/90336,L19220
lemma/90342,L19224
lemma/90386,L19245
lemma/90378,L19242
lemma/90579,L19290
lemma/90582,L19291
lemma/90583,L19292
lemma/90596,L19293
lemma/90644,L19308
lemma/90650,L19309
lemma/90652,L19310
lemma/90653,L19311
lemma/90657,L19312
lemma/90554,L19273
lemma/90555,L19274
lemma/90556,L19275
lemma/90558,L19276
lemma/90531,L19264
lemma/90532,L19265
lemma/90537,L19266
lemma/90538,L19267
lemma/90412,L19250
lemma/90327,L19218
lemma/90273,L19206
lemma/90376,L19241
lemma/90335,L19219
lemma/90421,L19251
lemma/90366,L19233
lemma/90300,L19210
lemma/90602,L19294
lemma/90610,L19295
lemma/90611,L19296
lemma/90614,L19297
lemma/90622,L19304
lemma/90632,L19305
lemma/90638,L19306
lemma/90641,L19307
lemma/90350,L19226
lemma/90344,L19225
lemma/90439,L19256
lemma/90357,L19230
lemma/90373,L19238
lemma/90368,L19234
lemma/90670,L19317
lemma/90671,L19318
lemma/90465,L19259
lemma/90352,L19228
lemma/90375,L19240
lemma/90539,L19268
lemma/90544,L19269
lemma/90545,L19270
lemma/90548,L19271
lemma/90551,L19272
lemma/90432,L19254
lemma/90395,L19249
lemma/90284,L19208
lemma/90565,L19281
lemma/90566,L19282
lemma/90569,L19283
lemma/98817,L20847
lemma/98905,L20884
lemma/98908,L20885
lemma/98909,L20886
lemma/98734,L20816
lemma/98735,L20817
lemma/98736,L20818
lemma/98737,L20819
lemma/98739,L20820
lemma/98744,L20821
lemma/98749,L20822
lemma/98750,L20823
lemma/98758,L20824
lemma/98759,L20825
lemma/98763,L20826
lemma/98765,L20827
lemma/98769,L20828
lemma/98780,L20829
lemma/98781,L20830
lemma/98786,L20831
lemma/98787,L20832
lemma/98788,L20833
lemma/98789,L20834
lemma/98790,L20835
lemma/98794,L20837
lemma/98796,L20838
lemma/98799,L20839
lemma/98800,L20840
lemma/98803,L20841
lemma/98805,L20842
lemma/98808,L20843
lemma/98810,L20844
lemma/98814,L20845
lemma/98816,L20846
lemma/98819,L20848
lemma/98820,L20849
lemma/98824,L20850
lemma/98825,L20851
lemma/98827,L20852
lemma/98830,L20853
lemma/98831,L20854
lemma/98832,L20855
lemma/98843,L20856
lemma/98844,L20857
lemma/98850,L20858
lemma/98851,L20859
lemma/98852,L20860
lemma/98853,L20861
lemma/98855,L20862
lemma/98856,L20863
lemma/98857,L20864
lemma/98868,L20871
lemma/98861,L20867
lemma/98862,L20868
lemma/98865,L20869
lemma/98866,L20870
lemma/98858,L20865
lemma/98869,L20872
lemma/98874,L20873
lemma/98875,L20874
lemma/98877,L20875
lemma/98880,L20876
lemma/98882,L20877
lemma/98895,L20882
lemma/98900,L20883
lemma/98883,L20878
lemma/98884,L20879
lemma/98889,L20880
lemma/98894,L20881
lemma/98910,L20887
lemma/98912,L20888
lemma/98913,L20889
lemma/98915,L20890
lemma/98921,L20891
lemma/98922,L20892
lemma/98925,L20893
lemma/98929,L20894
lemma/98932,L20895
lemma/98935,L20896
lemma/98936,L20897
lemma/98940,L20898
lemma/98941,L20899
lemma/98944,L20900
lemma/98945,L20901
lemma/98948,L20902
lemma/98950,L20903
lemma/98951,L20904
lemma/98953,L20905
lemma/98954,L20906
lemma/98955,L20907
lemma/98984,L20920
lemma/98985,L20921
lemma/98986,L20922
lemma/98987,L20923
lemma/98989,L20924
lemma/98977,L20917
lemma/98980,L20918
lemma/98983,L20919
lemma/98792,L20836
lemma/98859,L20866
lemma/93194,L19528
lemma/93199,L19529
lemma/93200,L19530
lemma/93206,L19531
lemma/93851,L19572
lemma/93852,L19573
lemma/93878,L19574
lemma/93923,L19575
lemma/93930,L19576
lemma/94129,L19624
lemma/94133,L19625
lemma/93002,L19516
lemma/93008,L19517
lemma/93033,L19518
lemma/93077,L19520
lemma/93107,L19521
lemma/93122,L19522
lemma/93144,L19523
lemma/93153,L19524
lemma/93159,L19525
lemma/93166,L19526
lemma/93171,L19527
lemma/93251,L19535
lemma/93265,L19536
lemma/93267,L19537
lemma/93271,L19538
lemma/93279,L19539
lemma/93281,L19540
lemma/93221,L19532
lemma/93236,L19533
lemma/93245,L19534
lemma/93298,L19541
lemma/93318,L19542
lemma/93319,L19543
lemma/93331,L19544
lemma/93353,L19545
lemma/93376,L19546
lemma/93377,L19547
lemma/93382,L19548
lemma/93458,L19554
lemma/93533,L19555
lemma/93546,L19556
lemma/93547,L19557
lemma/93450,L19553
lemma/93384,L19549
lemma/93395,L19550
lemma/93415,L19551
lemma/93419,L19552
lemma/93548,L19558
lemma/93551,L19559
lemma/93554,L19560
lemma/93574,L19561
lemma/93575,L19562
lemma/93576,L19563
lemma/93576,L19564
lemma/93580,L19565
lemma/93611,L19566
lemma/93633,L19567
lemma/93733,L19570
lemma/93756,L19571
lemma/93708,L19568
lemma/93714,L19569
lemma/93951,L19577
lemma/93957,L19578
lemma/93968,L19579
lemma/93980,L19580
lemma/94004,L19581
lemma/94012,L19582
lemma/94044,L19583
lemma/94049,L19584
lemma/94069,L19588
lemma/94070,L19589
lemma/94071,L19590
lemma/94072,L19591
lemma/94073,L19592
lemma/94074,L19593
lemma/94054,L19585
lemma/94063,L19586
lemma/94068,L19587
lemma/94075,L19594
lemma/94076,L19595
lemma/94078,L19596
lemma/94079,L19597
lemma/94083,L19598
lemma/94085,L19599
lemma/94090,L19600
lemma/94095,L19601
lemma/94096,L19602
lemma/94098,L19603
lemma/94100,L19604
lemma/94101,L19605
lemma/94103,L19606
lemma/94105,L19607
lemma/94106,L19608
lemma/94107,L19609
lemma/94108,L19610
lemma/94112,L19611
lemma/94113,L19612
lemma/94114,L19613
lemma/93056,L19519
lemma/95871,L20155
lemma/95877,L20156
lemma/95883,L20157
lemma/95884,L20158
lemma/95791,L20116
lemma/95792,L20117
lemma/95793,L20118
lemma/95794,L20119
lemma/95796,L20120
lemma/95799,L20121
lemma/95801,L20122
lemma/95803,L20123
lemma/95806,L20124
lemma/95811,L20125
lemma/95813,L20126
lemma/95815,L20127
lemma/95816,L20128
lemma/95817,L20129
lemma/95822,L20130
lemma/95823,L20131
lemma/95826,L20132
lemma/95827,L20133
lemma/95828,L20134
lemma/95829,L20135
lemma/95830,L20136
lemma/95833,L20137
lemma/95836,L20139
lemma/95837,L20140
lemma/95838,L20141
lemma/95839,L20142
lemma/95847,L20143
lemma/95848,L20144
lemma/95849,L20145
lemma/95850,L20146
lemma/95851,L20147
lemma/95853,L20148
lemma/95855,L20149
lemma/95856,L20150
lemma/95858,L20151
lemma/95861,L20152
lemma/95866,L20153
lemma/95870,L20154
lemma/95887,L20159
lemma/95889,L20160
lemma/95890,L20161
lemma/95892,L20162
lemma/95925,L20171
lemma/95932,L20172
lemma/95933,L20173
lemma/95934,L20174
lemma/95896,L20163
lemma/95898,L20164
lemma/95899,L20165
lemma/95906,L20166
lemma/95913,L20167
lemma/95915,L20168
lemma/95916,L20169
lemma/95917,L20170
lemma/95962,L20180
lemma/95964,L20181
lemma/95965,L20182
lemma/95943,L20175
lemma/95951,L20176
lemma/95956,L20177
lemma/95958,L20178
lemma/95960,L20179
lemma/95967,L20183
lemma/95968,L20184
lemma/95970,L20185
lemma/95971,L20186
lemma/95972,L20187
lemma/95976,L20188
lemma/95977,L20189
lemma/95990,L20197
lemma/95991,L20198
lemma/95979,L20190
lemma/95980,L20191
lemma/95985,L20192
lemma/95986,L20193
lemma/95987,L20194
lemma/95988,L20195
lemma/95989,L20196
lemma/95993,L20199
lemma/95994,L20200
lemma/95997,L20201
lemma/95998,L20202
lemma/95999,L20203
lemma/96002,L20204
lemma/96008,L20205
lemma/96016,L20206
lemma/96019,L20207
lemma/96020,L20208
lemma/96038,L20215
lemma/96048,L20216
lemma/96050,L20217
lemma/96054,L20218
lemma/96058,L20219
lemma/96062,L20220
lemma/96063,L20221
lemma/95835,L20138
lemma/98693,L20797
lemma/98696,L20798
lemma/98698,L20799
lemma/98700,L20800
lemma/98690,L20794
lemma/98691,L20795
lemma/98692,L20796
lemma/98476,L20708
lemma/98477,L20709
lemma/98506,L20718
lemma/98508,L20719
lemma/98509,L20720
lemma/98511,L20721
lemma/98512,L20722
lemma/98515,L20723
lemma/98516,L20724
lemma/98517,L20725
lemma/98520,L20726
lemma/98522,L20727
lemma/98526,L20728
lemma/98531,L20729
lemma/98532,L20730
lemma/98533,L20731
lemma/98535,L20732
lemma/98557,L20743
lemma/98568,L20744
lemma/98536,L20733
lemma/98538,L20734
lemma/98540,L20735
lemma/98542,L20736
lemma/98544,L20737
lemma/98545,L20738
lemma/98548,L20739
lemma/98551,L20740
lemma/98552,L20741
lemma/98553,L20742
lemma/98571,L20746
lemma/98572,L20747
lemma/98573,L20748
lemma/98575,L20749
lemma/98576,L20750
lemma/98577,L20751
lemma/98570,L20745
lemma/98578,L20752
lemma/98580,L20753
lemma/98581,L20754
lemma/98582,L20755
lemma/98586,L20756
lemma/98587,L20757
lemma/98588,L20758
lemma/98593,L20759
lemma/98594,L20760
lemma/98595,L20761
lemma/98596,L20762
lemma/98597,L20763
lemma/98606,L20764
lemma/98610,L20765
lemma/98615,L20766
lemma/98617,L20767
lemma/98620,L20768
lemma/98624,L20769
lemma/98626,L20770
lemma/98627,L20771
lemma/98644,L20772
lemma/98648,L20773
lemma/98662,L20780
lemma/98663,L20781
lemma/98651,L20774
lemma/98653,L20775
lemma/98658,L20777
lemma/98660,L20778
lemma/98661,L20779
lemma/98664,L20782
lemma/98665,L20783
lemma/98668,L20784
lemma/98672,L20785
lemma/98675,L20786
lemma/98676,L20787
lemma/98677,L20788
lemma/98679,L20789
lemma/98682,L20790
lemma/98684,L20791
lemma/98686,L20792
lemma/98689,L20793
lemma/98721,L20811
lemma/98726,L20812
lemma/98729,L20813
lemma/98730,L20814
lemma/98703,L20801
lemma/98708,L20802
lemma/98709,L20803
lemma/98711,L20804
lemma/98712,L20805
lemma/98715,L20806
lemma/98716,L20807
lemma/98717,L20808
lemma/98718,L20809
lemma/98719,L20810
lemma/98731,L20815
lemma/98654,L20776
lemma/90738,L19327
lemma/90753,L19328
lemma/90781,L19329
lemma/90790,L19330
lemma/90793,L19331
lemma/91250,L19365
lemma/91251,L19366
lemma/91254,L19367
lemma/91269,L19368
lemma/91284,L19369
lemma/91292,L19370
lemma/91313,L19371
lemma/91323,L19372
lemma/91333,L19373
lemma/91335,L19374
lemma/91339,L19375
lemma/91353,L19376
lemma/91392,L19378
lemma/91404,L19379
lemma/91407,L19380
lemma/91418,L19381
lemma/91424,L19382
lemma/91446,L19383
lemma/91450,L19384
lemma/91381,L19377
lemma/91761,L19402
lemma/91785,L19403
lemma/91796,L19404
lemma/90673,L19320
lemma/90674,L19321
lemma/90680,L19322
lemma/90694,L19323
lemma/90695,L19324
lemma/90704,L19325
lemma/90736,L19326
lemma/90794,L19332
lemma/90797,L19333
lemma/90805,L19334
lemma/90811,L19335
lemma/90851,L19336
lemma/90854,L19337
lemma/90857,L19338
lemma/90872,L19339
lemma/90975,L19344
lemma/90977,L19345
lemma/90887,L19340
lemma/90915,L19341
lemma/90916,L19342
lemma/90971,L19343
lemma/90980,L19346
lemma/90993,L19347
lemma/90996,L19348
lemma/91003,L19349
lemma/91016,L19350
lemma/91077,L19351
lemma/91081,L19352
lemma/91082,L19353
lemma/91118,L19354
lemma/91119,L19355
lemma/91120,L19356
lemma/91142,L19357
lemma/91144,L19358
lemma/91145,L19359
lemma/91150,L19360
lemma/91458,L19385
lemma/91495,L19386
lemma/91497,L19387
lemma/91511,L19388
lemma/91532,L19389
lemma/91596,L19390
lemma/91634,L19391
lemma/91673,L19392
lemma/91720,L19398
lemma/91755,L19399
lemma/91756,L19400
lemma/91757,L19401
lemma/91714,L19396
lemma/91718,L19397
lemma/91677,L19393
lemma/91686,L19394
lemma/91701,L19395
lemma/91825,L19405
lemma/91850,L19406
lemma/91882,L19407
lemma/91907,L19408
lemma/91917,L19409
lemma/91925,L19410
lemma/91928,L19411
lemma/91951,L19412
lemma/91983,L19413
lemma/91987,L19414
lemma/91988,L19415
lemma/91220,L19362
lemma/91230,L19363
lemma/91239,L19364
lemma/91209,L19361
lemma/90658,L19313
lemma/90659,L19314
lemma/90665,L19315
lemma/90667,L19316
lemma/94121,L19620
lemma/94124,L19621
lemma/94125,L19622
lemma/94127,L19623
lemma/94134,L19626
lemma/94135,L19627
lemma/94136,L19628
lemma/94139,L19629
lemma/94140,L19630
lemma/94142,L19631
lemma/94143,L19632
lemma/94144,L19633
lemma/94145,L19634
lemma/94148,L19635
lemma/94149,L19636
lemma/94152,L19637
lemma/94153,L19638
lemma/94156,L19639
lemma/94157,L19640
lemma/94158,L19641
lemma/94163,L19642
lemma/94166,L19643
lemma/94167,L19644
lemma/94213,L19671
lemma/94214,L19672
lemma/94215,L19673
lemma/94217,L19674
lemma/94219,L19675
lemma/94220,L19676
lemma/94120,L19619
lemma/94115,L19614
lemma/94116,L19615
lemma/94117,L19616
lemma/94118,L19617
lemma/94119,L19618
lemma/94169,L19645
lemma/94170,L19646
lemma/94175,L19647
lemma/94176,L19648
lemma/94177,L19649
lemma/94178,L19650
lemma/94181,L19651
lemma/94183,L19652
lemma/94184,L19653
lemma/94185,L19654
lemma/94186,L19655
lemma/94187,L19656
lemma/94188,L19657
lemma/94189,L19658
lemma/94195,L19661
lemma/94196,L19662
lemma/94197,L19663
lemma/94200,L19664
lemma/94202,L19665
lemma/94205,L19666
lemma/94207,L19667
lemma/94193,L19659
lemma/94194,L19660
lemma/94208,L19668
lemma/94222,L19678
lemma/94223,L19679
lemma/94224,L19680
lemma/94225,L19681
lemma/94226,L19682
lemma/94228,L19683
lemma/94229,L19684
lemma/94230,L19685
lemma/94231,L19686
lemma/94234,L19687
lemma/94236,L19688
lemma/94238,L19689
lemma/94209,L19669
lemma/94210,L19670
lemma/94221,L19677
lemma/94252,L19696
lemma/94254,L19697
lemma/94239,L19690
lemma/94241,L19691
lemma/94242,L19692
lemma/94244,L19693
lemma/94246,L19694
lemma/94247,L19695
lemma/94255,L19698
lemma/94256,L19699
lemma/94257,L19700
lemma/94258,L19701
lemma/94260,L19702
lemma/94265,L19703
lemma/94267,L19704
lemma/94268,L19705
lemma/94269,L19706
lemma/94270,L19707
lemma/94271,L19708
lemma/94273,L19709
lemma/94274,L19710
lemma/94275,L19711
lemma/94276,L19712
lemma/94277,L19713
lemma/94278,L19714
lemma/94281,L19715
lemma/96129,L20239
lemma/96252,L20281
lemma/96026,L20209
lemma/96030,L20210
lemma/96033,L20211
lemma/96035,L20212
lemma/96036,L20213
lemma/96037,L20214
lemma/96065,L20222
lemma/96110,L20231
lemma/96112,L20232
lemma/96117,L20233
lemma/96120,L20234
lemma/96071,L20223
lemma/96078,L20224
lemma/96095,L20225
lemma/96097,L20226
lemma/96098,L20227
lemma/96099,L20228
lemma/96101,L20229
lemma/96104,L20230
lemma/96123,L20235
lemma/96125,L20236
lemma/96126,L20237
lemma/96127,L20238
lemma/96131,L20240
lemma/96132,L20241
lemma/96133,L20242
lemma/96134,L20243
lemma/96135,L20244
lemma/96140,L20245
lemma/96141,L20246
lemma/96145,L20247
lemma/96146,L20248
lemma/96151,L20249
lemma/96153,L20250
lemma/96156,L20251
lemma/96157,L20252
lemma/96159,L20253
lemma/96160,L20254
lemma/96163,L20255
lemma/96164,L20256
lemma/96167,L20257
lemma/96169,L20258
lemma/96173,L20259
lemma/96174,L20260
lemma/96175,L20261
lemma/96176,L20262
lemma/96186,L20263
lemma/96192,L20264
lemma/96194,L20265
lemma/96226,L20276
lemma/96228,L20277
lemma/96239,L20278
lemma/96243,L20279
lemma/96251,L20280
lemma/96254,L20282
lemma/96255,L20283
lemma/96259,L20284
lemma/96202,L20268
lemma/96206,L20269
lemma/96207,L20270
lemma/96209,L20271
lemma/96219,L20272
lemma/96222,L20273
lemma/96223,L20274
lemma/96224,L20275
lemma/96198,L20266
lemma/96200,L20267
lemma/96260,L20285
lemma/96261,L20286
lemma/96266,L20287
lemma/96267,L20288
lemma/96269,L20289
lemma/96270,L20290
lemma/96272,L20291
lemma/96275,L20292
lemma/96276,L20293
lemma/96277,L20294
lemma/96281,L20295
lemma/96282,L20296
lemma/96288,L20297
lemma/96290,L20298
lemma/96312,L20304
lemma/96316,L20306
lemma/96317,L20307
lemma/96292,L20299
lemma/96293,L20300
lemma/96294,L20301
lemma/96299,L20302
lemma/96307,L20303
lemma/96330,L20308
lemma/96336,L20309
lemma/96338,L20310
lemma/96339,L20311
lemma/96368,L20322
lemma/96370,L20323
lemma/96376,L20324
lemma/96378,L20325
lemma/96314,L20305
lemma/98998,L20929
lemma/99000,L20930
lemma/99003,L20931
lemma/99006,L20932
lemma/99089,L20977
lemma/99090,L20978
lemma/99091,L20979
lemma/99096,L20980
lemma/98956,L20908
lemma/98958,L20909
lemma/98990,L20925
lemma/98991,L20926
lemma/98996,L20927
lemma/98959,L20910
lemma/98963,L20911
lemma/98965,L20912
lemma/98968,L20913
lemma/98969,L20914
lemma/98971,L20915
lemma/98976,L20916
lemma/98997,L20928
lemma/99007,L20933
lemma/99008,L20934
lemma/99012,L20935
lemma/99014,L20936
lemma/99016,L20937
lemma/99019,L20938
lemma/99024,L20939
lemma/99025,L20940
lemma/99027,L20941
lemma/99033,L20942
lemma/99034,L20943
lemma/99035,L20944
lemma/99036,L20945
lemma/99037,L20946
lemma/99038,L20947
lemma/99040,L20948
lemma/99041,L20949
lemma/99042,L20950
lemma/99043,L20951
lemma/99044,L20952
lemma/99047,L20953
lemma/99051,L20954
lemma/99052,L20955
lemma/99055,L20956
lemma/99056,L20957
lemma/99058,L20958
lemma/99062,L20959
lemma/99063,L20960
lemma/99064,L20961
lemma/99065,L20962
lemma/99066,L20963
lemma/99069,L20964
lemma/99070,L20965
lemma/99071,L20966
lemma/99072,L20967
lemma/99073,L20968
lemma/99074,L20969
lemma/99075,L20970
lemma/99076,L20971
lemma/99077,L20972
lemma/99079,L20973
lemma/99080,L20974
lemma/99081,L20975
lemma/99083,L20976
lemma/99097,L20981
lemma/99098,L20982
lemma/99099,L20983
lemma/99101,L20984
lemma/99102,L20985
lemma/99105,L20986
lemma/99107,L20987
lemma/99275,L20998
lemma/99279,L20999
lemma/99301,L21000
lemma/99302,L21001
lemma/99110,L20988
lemma/99112,L20989
lemma/99113,L20990
lemma/99114,L20991
lemma/99115,L20992
lemma/99122,L20993
lemma/99128,L20994
lemma/99129,L20995
lemma/99130,L20996
lemma/99136,L20997
lemma/99327,L21007
lemma/99329,L21008
lemma/99339,L21009
lemma/99340,L21010
lemma/99313,L21002
lemma/99318,L21003
lemma/99320,L21004
lemma/99323,L21005
lemma/99326,L21006
lemma/99342,L21011
lemma/99344,L21012
lemma/99348,L21013
lemma/99349,L21014
lemma/99350,L21015
lemma/101825,L21609
lemma/101826,L21610
lemma/101829,L21611
lemma/101830,L21612
lemma/101831,L21613
lemma/101832,L21614
lemma/101833,L21615
lemma/101835,L21616
lemma/101860,L21624
lemma/101861,L21625
lemma/101862,L21626
lemma/101865,L21627
lemma/101891,L21634
lemma/101893,L21635
lemma/101894,L21636
lemma/101877,L21628
lemma/101881,L21629
lemma/101882,L21630
lemma/101883,L21631
lemma/101884,L21632
lemma/101888,L21633
lemma/101895,L21637
lemma/101897,L21638
lemma/101899,L21639
lemma/101900,L21640
lemma/101905,L21641
lemma/101906,L21642
lemma/101907,L21643
lemma/101910,L21644
lemma/101911,L21645
lemma/101913,L21646
lemma/101914,L21647
lemma/101915,L21648
lemma/101916,L21649
lemma/101920,L21650
lemma/101930,L21651
lemma/101931,L21652
lemma/101933,L21653
lemma/101935,L21654
lemma/101937,L21655
lemma/101938,L21656
lemma/101942,L21657
lemma/101952,L21658
lemma/101956,L21659
lemma/101957,L21660
lemma/101962,L21661
lemma/102001,L21670
lemma/102002,L21671
lemma/102004,L21672
lemma/102006,L21673
lemma/102007,L21674
lemma/101996,L21667
lemma/101997,L21668
lemma/101999,L21669
lemma/101974,L21662
lemma/101979,L21663
lemma/101980,L21664
lemma/101982,L21665
lemma/101992,L21666
lemma/102009,L21675
lemma/102011,L21676
lemma/102014,L21677
lemma/102015,L21678
lemma/102017,L21679
lemma/102022,L21680
lemma/102037,L21686
lemma/102038,L21687
lemma/102048,L21688
lemma/102024,L21681
lemma/102025,L21682
lemma/102026,L21683
lemma/102034,L21684
lemma/102035,L21685
lemma/102049,L21689
lemma/102053,L21690
lemma/102057,L21691
lemma/102063,L21692
lemma/102065,L21693
lemma/102067,L21694
lemma/102068,L21695
lemma/102073,L21696
lemma/102078,L21697
lemma/102083,L21698
lemma/102085,L21699
lemma/102087,L21700
lemma/102099,L21701
lemma/102101,L21702
lemma/102106,L21704
lemma/102109,L21705
lemma/102115,L21706
lemma/102116,L21707
lemma/102122,L21708
lemma/102123,L21709
lemma/102125,L21710
lemma/102126,L21711
lemma/102128,L21712
lemma/102129,L21713
lemma/102130,L21714
lemma/102135,L21715
lemma/102225,L21752
lemma/102229,L21753
lemma/102215,L21749
lemma/102217,L21750
lemma/102218,L21751
lemma/102137,L21716
lemma/102139,L21717
lemma/102140,L21718
lemma/102141,L21719
lemma/102143,L21720
lemma/102147,L21721
lemma/102150,L21722
lemma/102151,L21723
lemma/102152,L21724
lemma/102153,L21725
lemma/102154,L21726
lemma/102173,L21734
lemma/102181,L21735
lemma/102182,L21736
lemma/102155,L21727
lemma/102156,L21728
lemma/102157,L21729
lemma/102160,L21730
lemma/102161,L21731
lemma/102165,L21732
lemma/102170,L21733
lemma/102183,L21737
lemma/102184,L21738
lemma/102185,L21739
lemma/102191,L21740
lemma/102192,L21741
lemma/102194,L21742
lemma/102202,L21743
lemma/102203,L21744
lemma/102208,L21745
lemma/102210,L21746
lemma/102213,L21747
lemma/102214,L21748
lemma/102236,L21754
lemma/102237,L21755
lemma/102238,L21756
lemma/102239,L21757
lemma/102240,L21758
lemma/102241,L21759
lemma/102249,L21760
lemma/102252,L21761
lemma/102255,L21762
lemma/102259,L21763
lemma/102261,L21764
lemma/102262,L21765
lemma/102263,L21766
lemma/102273,L21770
lemma/102274,L21771
lemma/102264,L21767
lemma/102269,L21768
lemma/102270,L21769
lemma/102275,L21772
lemma/102278,L21773
lemma/102279,L21774
lemma/102280,L21775
lemma/102285,L21776
lemma/102286,L21777
lemma/102287,L21778
lemma/102290,L21779
lemma/102298,L21780
lemma/102313,L21785
lemma/102309,L21781
lemma/102310,L21782
lemma/102312,L21784
lemma/102311,L21783
lemma/102314,L21786
lemma/102316,L21787
lemma/102317,L21788
lemma/102318,L21789
lemma/102319,L21790
lemma/102320,L21791
lemma/102321,L21792
lemma/102322,L21793
lemma/102325,L21794
lemma/102326,L21795
lemma/102327,L21796
lemma/102330,L21797
lemma/102335,L21798
lemma/102336,L21799
lemma/102338,L21800
lemma/102339,L21801
lemma/102343,L21802
lemma/102345,L21803
lemma/102346,L21804
lemma/102349,L21806
lemma/102350,L21807
lemma/102352,L21808
lemma/102356,L21809
lemma/102347,L21805
lemma/102365,L21812
lemma/102367,L21813
lemma/102359,L21810
lemma/102370,L21814
lemma/102371,L21815
lemma/102373,L21816
lemma/94287,L19720
lemma/94288,L19721
lemma/94289,L19722
lemma/94290,L19723
lemma/94292,L19724
lemma/94294,L19725
lemma/94516,L19760
lemma/94519,L19761
lemma/94523,L19762
lemma/94542,L19763
lemma/94544,L19764
lemma/94545,L19765
lemma/94548,L19766
lemma/94552,L19767
lemma/94568,L19768
lemma/94570,L19769
lemma/94585,L19770
lemma/94586,L19771
lemma/94595,L19772
lemma/94599,L19773
lemma/94718,L19808
lemma/94736,L19809
lemma/94738,L19810
lemma/94473,L19756
lemma/94282,L19716
lemma/94283,L19717
lemma/94285,L19718
lemma/94286,L19719
lemma/94296,L19726
lemma/94309,L19734
lemma/94310,L19735
lemma/94297,L19727
lemma/94299,L19728
lemma/94300,L19729
lemma/94304,L19730
lemma/94306,L19731
lemma/94307,L19732
lemma/94308,L19733
lemma/94312,L19736
lemma/94313,L19737
lemma/94314,L19738
lemma/94315,L19739
lemma/94317,L19740
lemma/94372,L19741
lemma/94378,L19742
lemma/94410,L19743
lemma/94411,L19744
lemma/94419,L19745
lemma/94422,L19746
lemma/94423,L19747
lemma/94424,L19748
lemma/94426,L19749
lemma/94430,L19750
lemma/94431,L19751
lemma/94437,L19752
lemma/94451,L19753
lemma/94459,L19754
lemma/94461,L19755
lemma/94490,L19757
lemma/94493,L19758
lemma/94498,L19759
lemma/94601,L19774
lemma/94602,L19775
lemma/94603,L19776
lemma/94606,L19777
lemma/94608,L19778
lemma/94609,L19779
lemma/94611,L19780
lemma/94612,L19781
lemma/94617,L19782
lemma/94620,L19783
lemma/94635,L19789
lemma/94621,L19784
lemma/94623,L19785
lemma/94628,L19786
lemma/94630,L19787
lemma/94633,L19788
lemma/94639,L19790
lemma/94640,L19791
lemma/94643,L19792
lemma/94645,L19793
lemma/94646,L19794
lemma/94649,L19795
lemma/94651,L19796
lemma/94652,L19797
lemma/94676,L19798
lemma/94682,L19799
lemma/94694,L19800
lemma/94704,L19805
lemma/94707,L19806
lemma/94708,L19807
lemma/94695,L19801
lemma/94699,L19802
lemma/94700,L19803
lemma/94701,L19804
lemma/94766,L19821
lemma/94767,L19822
lemma/94772,L19823
lemma/94782,L19824
lemma/94786,L19825
lemma/96380,L20327
lemma/96386,L20328
lemma/96391,L20329
lemma/96495,L20373
lemma/96497,L20374
lemma/96701,L20405
lemma/96704,L20406
lemma/96343,L20312
lemma/96348,L20313
lemma/96350,L20314
lemma/96351,L20315
lemma/96357,L20316
lemma/96359,L20317
lemma/96360,L20318
lemma/96364,L20319
lemma/96365,L20320
lemma/96367,L20321
lemma/96379,L20326
lemma/96393,L20330
lemma/96394,L20331
lemma/96395,L20332
lemma/96398,L20333
lemma/96400,L20334
lemma/96404,L20335
lemma/96405,L20336
lemma/96406,L20337
lemma/96409,L20338
lemma/96410,L20339
lemma/96411,L20340
lemma/96415,L20341
lemma/96418,L20342
lemma/96420,L20343
lemma/96421,L20344
lemma/96422,L20345
lemma/96424,L20346
lemma/96431,L20347
lemma/96432,L20348
lemma/96433,L20349
lemma/96434,L20350
lemma/96436,L20351
lemma/96460,L20358
lemma/96464,L20359
lemma/96466,L20360
lemma/96468,L20361
lemma/96456,L20357
lemma/96443,L20352
lemma/96446,L20353
lemma/96448,L20354
lemma/96449,L20355
lemma/96453,L20356
lemma/96469,L20362
lemma/96470,L20363
lemma/96476,L20364
lemma/96479,L20365
lemma/96482,L20366
lemma/96487,L20367
lemma/96488,L20368
lemma/96489,L20369
lemma/96490,L20370
lemma/96493,L20371
lemma/96508,L20375
lemma/96509,L20376
lemma/96512,L20377
lemma/96494,L20372
lemma/96513,L20378
lemma/96520,L20379
lemma/96537,L20380
lemma/96545,L20381
lemma/96549,L20382
lemma/96550,L20383
lemma/96557,L20384
lemma/96578,L20385
lemma/96607,L20386
lemma/96612,L20387
lemma/96654,L20388
lemma/96658,L20389
lemma/96662,L20390
lemma/96669,L20391
lemma/96673,L20392
lemma/96676,L20393
lemma/96677,L20394
lemma/96680,L20395
lemma/96683,L20396
lemma/96685,L20397
lemma/96687,L20398
lemma/96688,L20399
lemma/96693,L20401
lemma/96696,L20402
lemma/96692,L20400
lemma/96698,L20403
lemma/96707,L20408
lemma/96706,L20407
lemma/96700,L20404
lemma/96717,L20409
lemma/96738,L20410
lemma/96769,L20411
lemma/96802,L20412
lemma/96809,L20413
lemma/96822,L20414
lemma/96832,L20415
lemma/102568,L21875
lemma/102972,L21912
lemma/102978,L21913
lemma/102361,L21811
lemma/102380,L21817
lemma/102382,L21818
lemma/102387,L21819
lemma/102388,L21820
lemma/102389,L21821
lemma/102390,L21822
lemma/102409,L21826
lemma/102412,L21827
lemma/102416,L21828
lemma/102418,L21829
lemma/102393,L21823
lemma/102396,L21824
lemma/102403,L21825
lemma/102424,L21830
lemma/102427,L21831
lemma/102429,L21832
lemma/102431,L21833
lemma/102433,L21834
lemma/102434,L21835
lemma/102437,L21836
lemma/102438,L21837
lemma/102439,L21838
lemma/102440,L21839
lemma/102448,L21842
lemma/102450,L21843
lemma/102454,L21844
lemma/102460,L21845
lemma/102463,L21846
lemma/102465,L21847
lemma/102467,L21848
lemma/102441,L21840
lemma/102442,L21841
lemma/102469,L21849
lemma/102470,L21850
lemma/102472,L21851
lemma/102473,L21852
lemma/102474,L21853
lemma/102475,L21854
lemma/102477,L21855
lemma/102479,L21856
lemma/102485,L21857
lemma/102496,L21864
lemma/102497,L21865
lemma/102515,L21866
lemma/102520,L21867
lemma/102522,L21868
lemma/102523,L21869
lemma/102526,L21870
lemma/102527,L21871
lemma/102533,L21872
lemma/102490,L21860
lemma/102492,L21861
lemma/102494,L21862
lemma/102495,L21863
lemma/102487,L21858
lemma/102488,L21859
lemma/102534,L21873
lemma/102566,L21874
lemma/102570,L21876
lemma/102573,L21877
lemma/102579,L21878
lemma/102585,L21879
lemma/102593,L21880
lemma/102596,L21881
lemma/102605,L21882
lemma/102606,L21883
lemma/102747,L21892
lemma/102607,L21884
lemma/102612,L21885
lemma/102617,L21886
lemma/102624,L21887
lemma/102726,L21888
lemma/102731,L21889
lemma/102738,L21890
lemma/102744,L21891
lemma/102748,L21893
lemma/102758,L21894
lemma/102767,L21895
lemma/102768,L21896
lemma/102798,L21897
lemma/102834,L21898
lemma/102847,L21899
lemma/102865,L21900
lemma/102870,L21901
lemma/102876,L21902
lemma/102883,L21903
lemma/102886,L21904
lemma/102903,L21905
lemma/102910,L21906
lemma/102916,L21907
lemma/102917,L21908
lemma/102929,L21909
lemma/102962,L21910
lemma/102966,L21911
lemma/102985,L21914
lemma/102996,L21915
lemma/108658,L22834
lemma/108659,L22835
lemma/108777,L22880
lemma/108779,L22881
lemma/108806,L22888
lemma/108817,L22889
lemma/108820,L22890
lemma/108782,L22882
lemma/108786,L22883
lemma/108787,L22884
lemma/108793,L22885
lemma/108794,L22886
lemma/108801,L22887
lemma/108591,L22808
lemma/108603,L22809
lemma/108604,L22810
lemma/108606,L22811
lemma/108607,L22812
lemma/108608,L22813
lemma/108609,L22814
lemma/108610,L22815
lemma/108640,L22824
lemma/108641,L22825
lemma/108642,L22826
lemma/108644,L22827
lemma/108645,L22828
lemma/108647,L22829
lemma/108649,L22830
lemma/108650,L22831
lemma/108653,L22832
lemma/108657,L22833
lemma/108660,L22836
lemma/108661,L22837
lemma/108662,L22838
lemma/108663,L22839
lemma/108665,L22840
lemma/108669,L22841
lemma/108675,L22842
lemma/108676,L22843
lemma/108677,L22844
lemma/108678,L22845
lemma/108679,L22846
lemma/108681,L22847
lemma/108686,L22848
lemma/108692,L22852
lemma/108693,L22853
lemma/108696,L22854
lemma/108697,L22855
lemma/108698,L22856
lemma/108688,L22849
lemma/108690,L22850
lemma/108691,L22851
lemma/108707,L22857
lemma/108712,L22858
lemma/108715,L22859
lemma/108717,L22860
lemma/108720,L22861
lemma/108721,L22862
lemma/108722,L22863
lemma/108723,L22864
lemma/108750,L22870
lemma/108752,L22871
lemma/108753,L22872
lemma/108760,L22873
lemma/108724,L22865
lemma/108733,L22866
lemma/108741,L22867
lemma/108745,L22868
lemma/108747,L22869
lemma/108762,L22874
lemma/108763,L22875
lemma/108765,L22876
lemma/108766,L22877
lemma/108767,L22878
lemma/108775,L22879
lemma/108823,L22891
lemma/108824,L22892
lemma/108829,L22893
lemma/108830,L22894
lemma/108832,L22895
lemma/108836,L22896
lemma/108841,L22897
lemma/108845,L22898
lemma/108846,L22899
lemma/108847,L22900
lemma/108851,L22901
lemma/108854,L22902
lemma/108856,L22903
lemma/108860,L22905
lemma/108871,L22906
lemma/108877,L22907
lemma/108878,L22908
lemma/108882,L22909
lemma/108883,L22910
lemma/108884,L22911
lemma/108888,L22912
lemma/108859,L22904
lemma/108889,L22913
lemma/108893,L22914
lemma/108894,L22915
lemma/99369,L21027
lemma/99370,L21028
lemma/99374,L21029
lemma/99383,L21030
lemma/99558,L21073
lemma/99571,L21074
lemma/99687,L21115
lemma/99353,L21016
lemma/99355,L21017
lemma/99356,L21018
lemma/99358,L21019
lemma/99359,L21020
lemma/99360,L21021
lemma/99361,L21022
lemma/99364,L21023
lemma/99365,L21024
lemma/99367,L21025
lemma/99368,L21026
lemma/99398,L21031
lemma/99405,L21032
lemma/99406,L21033
lemma/99408,L21034
lemma/99414,L21035
lemma/99426,L21036
lemma/99427,L21037
lemma/99433,L21038
lemma/99441,L21043
lemma/99442,L21044
lemma/99445,L21045
lemma/99447,L21046
lemma/99453,L21047
lemma/99435,L21039
lemma/99437,L21040
lemma/99439,L21041
lemma/99440,L21042
lemma/99457,L21048
lemma/99461,L21049
lemma/99463,L21050
lemma/99464,L21051
lemma/99467,L21052
lemma/99469,L21053
lemma/99470,L21054
lemma/99471,L21055
lemma/99476,L21057
lemma/99481,L21058
lemma/99485,L21059
lemma/99486,L21060
lemma/99493,L21061
lemma/99495,L21062
lemma/99498,L21063
lemma/99503,L21064
lemma/99505,L21065
lemma/99509,L21066
lemma/99510,L21067
lemma/99512,L21068
lemma/99513,L21069
lemma/99515,L21070
lemma/99533,L21071
lemma/99554,L21072
lemma/99575,L21075
lemma/99576,L21076
lemma/99577,L21077
lemma/99579,L21078
lemma/99580,L21079
lemma/99584,L21080
lemma/99586,L21081
lemma/99587,L21082
lemma/99588,L21083
lemma/99589,L21084
lemma/99594,L21085
lemma/99597,L21086
lemma/99598,L21087
lemma/99602,L21088
lemma/99606,L21089
lemma/99607,L21090
lemma/99619,L21094
lemma/99625,L21095
lemma/99626,L21096
lemma/99627,L21097
lemma/99629,L21098
lemma/99608,L21091
lemma/99616,L21092
lemma/99617,L21093
lemma/99635,L21099
lemma/99638,L21100
lemma/99641,L21101
lemma/99643,L21102
lemma/99644,L21103
lemma/99645,L21104
lemma/99651,L21105
lemma/99659,L21106
lemma/99661,L21107
lemma/99663,L21108
lemma/99664,L21109
lemma/99666,L21110
lemma/99667,L21111
lemma/99672,L21112
lemma/99677,L21113
lemma/99686,L21114
lemma/99473,L21056
lemma/108914,L22922
lemma/108924,L22923
lemma/109077,L22948
lemma/109280,L22969
lemma/109281,L22970
lemma/109282,L22971
lemma/109290,L22972
lemma/109292,L22973
lemma/109294,L22974
lemma/109301,L22975
lemma/109302,L22976
lemma/109303,L22977
lemma/109459,L22986
lemma/109467,L22987
lemma/109470,L22988
lemma/109471,L22989
lemma/108895,L22916
lemma/108900,L22917
lemma/108902,L22918
lemma/108905,L22919
lemma/108907,L22920
lemma/108908,L22921
lemma/108933,L22924
lemma/108953,L22925
lemma/108955,L22926
lemma/108965,L22927
lemma/108970,L22928
lemma/108971,L22929
lemma/108976,L22930
lemma/109009,L22931
lemma/109015,L22932
lemma/109026,L22933
lemma/109037,L22934
lemma/109057,L22936
lemma/109060,L22937
lemma/109064,L22939
lemma/109043,L22935
lemma/109062,L22938
lemma/109065,L22940
lemma/109066,L22941
lemma/109067,L22942
lemma/109068,L22943
lemma/109071,L22945
lemma/109069,L22944
lemma/109072,L22946
lemma/109076,L22947
lemma/109078,L22949
lemma/109146,L22954
lemma/109152,L22955
lemma/109080,L22950
lemma/109137,L22951
lemma/109143,L22952
lemma/109145,L22953
lemma/109154,L22956
lemma/109159,L22957
lemma/109171,L22958
lemma/109187,L22959
lemma/109190,L22960
lemma/109191,L22961
lemma/109267,L22968
lemma/109198,L22962
lemma/109203,L22963
lemma/109224,L22964
lemma/109236,L22965
lemma/109240,L22966
lemma/109249,L22967
lemma/109304,L22978
lemma/109307,L22979
lemma/109326,L22980
lemma/109366,L22981
lemma/109425,L22982
lemma/109427,L22983
lemma/109443,L22984
lemma/109457,L22985
lemma/109579,L22990
lemma/109580,L22991
lemma/109581,L22992
lemma/109582,L22993
lemma/109583,L22994
lemma/109585,L22995
lemma/109586,L22996
lemma/109587,L22997
lemma/109589,L22998
lemma/109590,L22999
lemma/109601,L23000
lemma/109619,L23004
lemma/109620,L23005
lemma/109625,L23006
lemma/109641,L23007
lemma/109652,L23008
lemma/109661,L23009
lemma/109662,L23010
lemma/109603,L23001
lemma/109604,L23002
lemma/109615,L23003
lemma/109668,L23011
lemma/109731,L23022
lemma/109737,L23023
lemma/109762,L23024
lemma/109767,L23025
lemma/111481,L23210
lemma/112073,L23255
lemma/112081,L23256
lemma/112099,L23257
lemma/112499,L23302
lemma/111485,L23211
lemma/111491,L23212
lemma/111495,L23213
lemma/111533,L23220
lemma/111547,L23221
lemma/111550,L23222
lemma/111551,L23223
lemma/111581,L23224
lemma/111595,L23225
lemma/111596,L23226
lemma/111615,L23227
lemma/111628,L23228
lemma/111638,L23229
lemma/111655,L23230
lemma/111665,L23231
lemma/111673,L23232
lemma/111680,L23233
lemma/111690,L23234
lemma/111700,L23235
lemma/111712,L23236
lemma/111737,L23237
lemma/111738,L23238
lemma/111740,L23239
lemma/111741,L23240
lemma/111779,L23241
lemma/111807,L23242
lemma/111819,L23243
lemma/111839,L23244
lemma/111846,L23245
lemma/111857,L23246
lemma/111938,L23248
lemma/111985,L23249
lemma/112007,L23251
lemma/112024,L23252
lemma/111908,L23247
lemma/112053,L23253
lemma/112066,L23254
lemma/112121,L23263
lemma/112103,L23258
lemma/112107,L23259
lemma/112109,L23260
lemma/112115,L23261
lemma/112120,L23262
lemma/112133,L23264
lemma/112138,L23265
lemma/112147,L23266
lemma/112148,L23267
lemma/112149,L23268
lemma/112233,L23269
lemma/112235,L23270
lemma/112238,L23271
lemma/112260,L23272
lemma/112295,L23273
lemma/112379,L23280
lemma/112380,L23281
lemma/112392,L23282
lemma/112298,L23274
lemma/112306,L23275
lemma/112309,L23276
lemma/112316,L23277
lemma/112333,L23278
lemma/112370,L23279
lemma/112397,L23283
lemma/112400,L23284
lemma/112403,L23285
lemma/112405,L23286
lemma/112407,L23287
lemma/112408,L23288
lemma/112409,L23289
lemma/112423,L23290
lemma/112437,L23291
lemma/112482,L23298
lemma/112443,L23292
lemma/112447,L23293
lemma/112457,L23294
lemma/112466,L23295
lemma/112473,L23296
lemma/112477,L23297
lemma/112484,L23299
lemma/112490,L23300
lemma/112491,L23301
lemma/112515,L23303
lemma/112525,L23304
lemma/112537,L23305
lemma/112551,L23306
lemma/112558,L23307
lemma/112560,L23308
lemma/112577,L23309
lemma/112581,L23310
lemma/112591,L23311
lemma/112595,L23312
lemma/112596,L23313
lemma/112601,L23314
lemma/112605,L23315
lemma/111991,L23250
lemma/99689,L21116
lemma/99782,L21155
lemma/99783,L21156
lemma/99784,L21157
lemma/99785,L21158
lemma/99913,L21203
lemma/99914,L21204
lemma/99924,L21205
lemma/99703,L21122
lemma/99704,L21123
lemma/99706,L21124
lemma/99708,L21125
lemma/99711,L21126
lemma/99690,L21117
lemma/99691,L21118
lemma/99695,L21119
lemma/99700,L21120
lemma/99702,L21121
lemma/99713,L21127
lemma/99714,L21128
lemma/99717,L21129
lemma/99728,L21130
lemma/99729,L21131
lemma/99730,L21132
lemma/99731,L21133
lemma/99732,L21134
lemma/99733,L21135
lemma/99737,L21136
lemma/99739,L21137
lemma/99740,L21138
lemma/99741,L21139
lemma/99742,L21140
lemma/99743,L21141
lemma/99756,L21146
lemma/99764,L21147
lemma/99765,L21148
lemma/99767,L21149
lemma/99769,L21150
lemma/99744,L21142
lemma/99748,L21143
lemma/99753,L21145
lemma/99772,L21151
lemma/99773,L21152
lemma/99776,L21153
lemma/99780,L21154
lemma/99786,L21159
lemma/99787,L21160
lemma/99793,L21161
lemma/99795,L21162
lemma/99798,L21163
lemma/99799,L21164
lemma/99802,L21165
lemma/99803,L21166
lemma/99810,L21167
lemma/99815,L21168
lemma/99820,L21169
lemma/99822,L21170
lemma/99826,L21171
lemma/99832,L21172
lemma/99838,L21173
lemma/99839,L21174
lemma/99857,L21181
lemma/99858,L21182
lemma/99861,L21183
lemma/99840,L21175
lemma/99847,L21177
lemma/99848,L21178
lemma/99853,L21179
lemma/99856,L21180
lemma/99865,L21184
lemma/99867,L21185
lemma/99868,L21186
lemma/99869,L21187
lemma/99875,L21188
lemma/99877,L21189
lemma/99885,L21190
lemma/99886,L21191
lemma/99887,L21192
lemma/99889,L21193
lemma/99892,L21194
lemma/99895,L21195
lemma/99900,L21196
lemma/99903,L21197
lemma/99907,L21198
lemma/99909,L21199
lemma/99910,L21200
lemma/99911,L21201
lemma/99912,L21202
lemma/99927,L21206
lemma/99932,L21207
lemma/100007,L21217
lemma/99992,L21216
lemma/100021,L21218
lemma/100029,L21219
lemma/100031,L21220
lemma/100058,L21221
lemma/100059,L21222
lemma/100062,L21223
lemma/99752,L21144
lemma/99841,L21176
lemma/97037,L20443
lemma/97040,L20444
lemma/97046,L20445
lemma/97441,L20484
lemma/97455,L20485
lemma/96998,L20439
lemma/97016,L20440
lemma/97018,L20441
lemma/97022,L20442
lemma/96971,L20436
lemma/96990,L20437
lemma/96997,L20438
lemma/96834,L20416
lemma/96839,L20417
lemma/96858,L20418
lemma/96869,L20419
lemma/96878,L20420
lemma/96881,L20421
lemma/96888,L20422
lemma/96892,L20423
lemma/96895,L20424
lemma/96898,L20425
lemma/96916,L20426
lemma/96918,L20427
lemma/96925,L20428
lemma/96939,L20429
lemma/96943,L20430
lemma/96951,L20431
lemma/96957,L20432
lemma/96965,L20433
lemma/96967,L20434
lemma/96968,L20435
lemma/97049,L20446
lemma/97052,L20447
lemma/97056,L20448
lemma/97060,L20449
lemma/97074,L20450
lemma/97105,L20451
lemma/97109,L20452
lemma/97111,L20453
lemma/97121,L20454
lemma/97139,L20455
lemma/97142,L20456
lemma/97179,L20457
lemma/97182,L20458
lemma/97186,L20459
lemma/97187,L20460
lemma/97189,L20461
lemma/97219,L20462
lemma/97229,L20463
lemma/97249,L20464
lemma/97253,L20465
lemma/97269,L20466
lemma/97287,L20467
lemma/97288,L20468
lemma/97290,L20469
lemma/97304,L20470
lemma/97357,L20476
lemma/97362,L20477
lemma/97369,L20478
lemma/97372,L20479
lemma/97380,L20480
lemma/97384,L20481
lemma/97393,L20482
lemma/97408,L20483
lemma/97341,L20473
lemma/97348,L20474
lemma/97356,L20475
lemma/97334,L20471
lemma/97339,L20472
lemma/97463,L20487
lemma/97480,L20488
lemma/97506,L20489
lemma/97507,L20490
lemma/97508,L20491
lemma/97459,L20486
lemma/97509,L20492
lemma/97513,L20493
lemma/97526,L20494
lemma/97533,L20495
lemma/97537,L20496
lemma/97538,L20497
lemma/97546,L20498
lemma/97551,L20499
lemma/97596,L20505
lemma/97555,L20500
lemma/97558,L20501
lemma/97566,L20502
lemma/97587,L20503
lemma/97589,L20504
lemma/97597,L20506
lemma/97600,L20507
lemma/97606,L20508
lemma/97619,L20509
lemma/97646,L20510
lemma/97894,L20511
lemma/97897,L20512
lemma/97910,L20513
lemma/97926,L20514
lemma/97934,L20515
lemma/112975,L23345
lemma/112986,L23346
lemma/112996,L23347
lemma/113414,L23383
lemma/113419,L23384
lemma/113433,L23385
lemma/112617,L23316
lemma/112662,L23317
lemma/112665,L23318
lemma/112673,L23319
lemma/112737,L23320
lemma/112768,L23321
lemma/112769,L23322
lemma/112773,L23323
lemma/112779,L23324
lemma/112784,L23325
lemma/112792,L23326
lemma/112797,L23327
lemma/112803,L23328
lemma/112848,L23334
lemma/112851,L23335
lemma/112852,L23336
lemma/112868,L23337
lemma/112810,L23329
lemma/112821,L23330
lemma/112827,L23331
lemma/112840,L23332
lemma/112842,L23333
lemma/112869,L23338
lemma/112870,L23339
lemma/112879,L23340
lemma/112881,L23341
lemma/112888,L23342
lemma/112896,L23343
lemma/112904,L23344
lemma/113033,L23351
lemma/113012,L23348
lemma/113019,L23349
lemma/113032,L23350
lemma/113042,L23352
lemma/113049,L23353
lemma/113053,L23354
lemma/113057,L23355
lemma/113089,L23356
lemma/113093,L23357
lemma/113094,L23358
lemma/113116,L23359
lemma/113123,L23360
lemma/113130,L23361
lemma/113135,L23362
lemma/113138,L23363
lemma/113157,L23364
lemma/113161,L23365
lemma/113165,L23366
lemma/113167,L23367
lemma/113170,L23368
lemma/113177,L23369
lemma/113181,L23370
lemma/113281,L23371
lemma/113282,L23372
lemma/113283,L23373
lemma/113284,L23374
lemma/113286,L23375
lemma/113287,L23376
lemma/113288,L23377
lemma/113346,L23378
lemma/113351,L23379
lemma/113352,L23380
lemma/113381,L23381
lemma/113388,L23382
lemma/113441,L23386
lemma/113459,L23387
lemma/113466,L23388
lemma/113470,L23389
lemma/113476,L23390
lemma/113511,L23391
lemma/113514,L23392
lemma/113523,L23393
lemma/113548,L23394
lemma/113552,L23395
lemma/113598,L23400
lemma/113607,L23401
lemma/113625,L23402
lemma/113647,L23403
lemma/113553,L23396
lemma/113563,L23397
lemma/113568,L23398
lemma/113581,L23399
lemma/113653,L23404
lemma/113655,L23405
lemma/113660,L23406
lemma/113665,L23407
lemma/113748,L23421
lemma/113749,L23422
lemma/113750,L23423
lemma/113711,L23416
lemma/113715,L23417
lemma/113721,L23418
lemma/113722,L23419
lemma/113725,L23420
lemma/109785,L23029
lemma/109803,L23030
lemma/109815,L23031
lemma/110214,L23077
lemma/110229,L23078
lemma/110238,L23079
lemma/110292,L23080
lemma/110339,L23081
lemma/109675,L23012
lemma/109684,L23013
lemma/109685,L23014
lemma/109695,L23015
lemma/109696,L23016
lemma/109705,L23017
lemma/109710,L23018
lemma/109718,L23019
lemma/109722,L23020
lemma/109729,L23021
lemma/109771,L23026
lemma/109773,L23027
lemma/109774,L23028
lemma/109820,L23032
lemma/109828,L23033
lemma/109901,L23038
lemma/109903,L23039
lemma/109906,L23040
lemma/109910,L23041
lemma/109922,L23042
lemma/109929,L23043
lemma/109830,L23034
lemma/109831,L23035
lemma/109863,L23036
lemma/109868,L23037
lemma/109935,L23044
lemma/109941,L23045
lemma/109960,L23046
lemma/109968,L23047
lemma/109971,L23048
lemma/109979,L23049
lemma/109981,L23050
lemma/109990,L23051
lemma/110005,L23052
lemma/110012,L23053
lemma/110020,L23054
lemma/110024,L23055
lemma/110025,L23056
lemma/110032,L23057
lemma/110043,L23058
lemma/110049,L23059
lemma/110067,L23060
lemma/110078,L23061
lemma/110083,L23062
lemma/110085,L23063
lemma/110117,L23064
lemma/110133,L23065
lemma/110135,L23066
lemma/110142,L23067
lemma/110174,L23068
lemma/110205,L23074
lemma/110209,L23075
lemma/110213,L23076
lemma/110176,L23069
lemma/110177,L23070
lemma/110184,L23071
lemma/110196,L23072
lemma/110199,L23073
lemma/110340,L23082
lemma/110349,L23083
lemma/110392,L23084
lemma/110403,L23085
lemma/110451,L23092
lemma/110474,L23093
lemma/110405,L23086
lemma/110409,L23087
lemma/110426,L23088
lemma/110433,L23089
lemma/110441,L23090
lemma/110446,L23091
lemma/110481,L23094
lemma/110484,L23095
lemma/110517,L23096
lemma/110521,L23097
lemma/110532,L23098
lemma/110609,L23108
lemma/110620,L23109
lemma/110586,L23104
lemma/110590,L23105
lemma/110597,L23106
lemma/110605,L23107
lemma/110558,L23099
lemma/110560,L23100
lemma/110561,L23101
lemma/110575,L23102
lemma/110582,L23103
lemma/110622,L23110
lemma/110623,L23111
lemma/110624,L23112
lemma/110631,L23113
lemma/110632,L23114
lemma/110730,L23125
lemma/103280,L21952
lemma/103542,L21990
lemma/103002,L21916
lemma/103004,L21917
lemma/103008,L21918
lemma/103009,L21919
lemma/103012,L21920
lemma/103017,L21921
lemma/103043,L21922
lemma/103045,L21923
lemma/103051,L21924
lemma/103059,L21925
lemma/103064,L21926
lemma/103067,L21927
lemma/103078,L21928
lemma/103080,L21929
lemma/103089,L21930
lemma/103094,L21931
lemma/103099,L21932
lemma/103114,L21933
lemma/103116,L21934
lemma/103117,L21935
lemma/103121,L21936
lemma/103122,L21937
lemma/103126,L21938
lemma/103128,L21939
lemma/103155,L21940
lemma/103193,L21944
lemma/103196,L21945
lemma/103164,L21941
lemma/103166,L21942
lemma/103186,L21943
lemma/103203,L21946
lemma/103205,L21947
lemma/103221,L21948
lemma/103265,L21949
lemma/103269,L21950
lemma/103274,L21951
lemma/103284,L21953
lemma/103292,L21954
lemma/103317,L21955
lemma/103319,L21956
lemma/103320,L21957
lemma/103327,L21958
lemma/103335,L21960
lemma/103341,L21961
lemma/103344,L21962
lemma/103357,L21963
lemma/103359,L21964
lemma/103364,L21965
lemma/103370,L21966
lemma/103328,L21959
lemma/103371,L21967
lemma/103376,L21968
lemma/103383,L21969
lemma/103388,L21970
lemma/103420,L21971
lemma/103421,L21972
lemma/103426,L21973
lemma/103433,L21974
lemma/103438,L21975
lemma/103439,L21976
lemma/103444,L21977
lemma/103446,L21978
lemma/103457,L21979
lemma/103463,L21980
lemma/103464,L21981
lemma/103470,L21982
lemma/103504,L21983
lemma/103507,L21984
lemma/103509,L21985
lemma/103512,L21986
lemma/103519,L21987
lemma/103520,L21988
lemma/103556,L21995
lemma/103559,L21996
lemma/103560,L21997
lemma/103578,L21998
lemma/103579,L21999
lemma/103590,L22000
lemma/103600,L22001
lemma/103549,L21992
lemma/103552,L21993
lemma/103553,L21994
lemma/103533,L21989
lemma/103543,L21991
lemma/103618,L22002
lemma/103626,L22003
lemma/103642,L22004
lemma/103649,L22005
lemma/103655,L22006
lemma/103657,L22007
lemma/103677,L22008
lemma/103680,L22009
lemma/103685,L22010
lemma/103688,L22011
lemma/103699,L22012
lemma/103758,L22023
lemma/103765,L22024
lemma/103768,L22025
lemma/97948,L20522
lemma/97949,L20523
lemma/97950,L20524
lemma/97951,L20525
lemma/98128,L20574
lemma/98133,L20575
lemma/98124,L20572
lemma/98126,L20573
lemma/97936,L20516
lemma/97937,L20517
lemma/97941,L20518
lemma/97945,L20519
lemma/97946,L20520
lemma/97947,L20521
lemma/97954,L20526
lemma/97957,L20527
lemma/97958,L20528
lemma/97962,L20529
lemma/97963,L20530
lemma/97964,L20531
lemma/97969,L20532
lemma/97973,L20533
lemma/97974,L20534
lemma/97975,L20535
lemma/97977,L20536
lemma/97978,L20537
lemma/97981,L20538
lemma/97983,L20539
lemma/97987,L20540
lemma/97992,L20541
lemma/97994,L20542
lemma/97996,L20543
lemma/97999,L20544
lemma/98006,L20545
lemma/98007,L20546
lemma/98008,L20547
lemma/98073,L20557
lemma/98074,L20558
lemma/98071,L20556
lemma/98022,L20548
lemma/98040,L20549
lemma/98047,L20550
lemma/98048,L20551
lemma/98053,L20552
lemma/98059,L20554
lemma/98060,L20555
lemma/98077,L20559
lemma/98079,L20560
lemma/98085,L20561
lemma/98086,L20562
lemma/98090,L20563
lemma/98094,L20564
lemma/98101,L20565
lemma/98105,L20566
lemma/98106,L20567
lemma/98109,L20568
lemma/98112,L20569
lemma/98113,L20570
lemma/98116,L20571
lemma/98135,L20576
lemma/98140,L20577
lemma/98141,L20578
lemma/98142,L20579
lemma/98145,L20580
lemma/98146,L20581
lemma/98148,L20582
lemma/98156,L20583
lemma/98161,L20584
lemma/98187,L20590
lemma/98197,L20591
lemma/98200,L20592
lemma/98201,L20593
lemma/98205,L20594
lemma/98165,L20585
lemma/98177,L20586
lemma/98179,L20587
lemma/98180,L20588
lemma/98206,L20595
lemma/98207,L20596
lemma/98209,L20597
lemma/98210,L20598
lemma/98219,L20599
lemma/98222,L20600
lemma/98223,L20601
lemma/98252,L20607
lemma/98253,L20608
lemma/98255,L20609
lemma/98230,L20602
lemma/98231,L20603
lemma/98236,L20604
lemma/98245,L20605
lemma/98247,L20606
lemma/98256,L20610
lemma/98257,L20611
lemma/98258,L20612
lemma/98276,L20623
lemma/98277,L20624
lemma/98280,L20625
lemma/98057,L20553
lemma/98181,L20589
lemma/100305,L21246
lemma/100306,L21247
lemma/99942,L21208
lemma/99950,L21209
lemma/99952,L21210
lemma/99958,L21211
lemma/99968,L21212
lemma/99970,L21213
lemma/99971,L21214
lemma/99983,L21215
lemma/100067,L21224
lemma/100086,L21225
lemma/100087,L21226
lemma/100094,L21227
lemma/100093,L21228
lemma/100098,L21229
lemma/100111,L21230
lemma/100117,L21231
lemma/100139,L21232
lemma/100143,L21233
lemma/100154,L21234
lemma/100176,L21235
lemma/100178,L21236
lemma/100196,L21237
lemma/100202,L21238
lemma/100203,L21239
lemma/100215,L21240
lemma/100221,L21241
lemma/100233,L21242
lemma/100238,L21243
lemma/100291,L21244
lemma/100293,L21245
lemma/100350,L21252
lemma/100351,L21253
lemma/100355,L21254
lemma/100361,L21255
lemma/100318,L21248
lemma/100345,L21249
lemma/100346,L21250
lemma/100349,L21251
lemma/100362,L21256
lemma/100371,L21257
lemma/100378,L21258
lemma/100379,L21259
lemma/100380,L21260
lemma/100381,L21261
lemma/100382,L21262
lemma/100384,L21263
lemma/100442,L21264
lemma/100444,L21265
lemma/100487,L21271
lemma/100446,L21266
lemma/100448,L21268
lemma/100453,L21269
lemma/100485,L21270
lemma/100488,L21272
lemma/100495,L21273
lemma/100502,L21274
lemma/100557,L21275
lemma/100558,L21276
lemma/100563,L21277
lemma/100580,L21285
lemma/100566,L21278
lemma/100567,L21279
lemma/100568,L21280
lemma/100572,L21281
lemma/100576,L21282
lemma/100577,L21283
lemma/100579,L21284
lemma/100581,L21286
lemma/100582,L21287
lemma/100584,L21288
lemma/100583,L21289
lemma/100588,L21290
lemma/100589,L21291
lemma/100592,L21292
lemma/100596,L21293
lemma/100606,L21296
lemma/100608,L21297
lemma/100609,L21298
lemma/100597,L21294
lemma/100603,L21295
lemma/100610,L21299
lemma/100612,L21300
lemma/100617,L21301
lemma/100620,L21303
lemma/100628,L21305
lemma/100618,L21302
lemma/100627,L21304
lemma/100643,L21311
lemma/100637,L21309
lemma/100641,L21310
lemma/100630,L21306
lemma/100634,L21307
lemma/100636,L21308
lemma/100646,L21313
lemma/100648,L21315
lemma/100659,L21322
lemma/100667,L21323
lemma/100447,L21267
lemma/113753,L23424
lemma/113754,L23425
lemma/113760,L23426
lemma/113784,L23427
lemma/114183,L23468
lemma/114184,L23469
lemma/114185,L23470
lemma/114182,L23467
lemma/114282,L23514
lemma/114285,L23515
lemma/113676,L23408
lemma/113677,L23409
lemma/113678,L23410
lemma/113679,L23411
lemma/113682,L23412
lemma/113686,L23413
lemma/113699,L23414
lemma/113708,L23415
lemma/113851,L23434
lemma/113794,L23428
lemma/113809,L23429
lemma/113810,L23430
lemma/113835,L23431
lemma/113839,L23432
lemma/113840,L23433
lemma/113959,L23444
lemma/113964,L23445
lemma/113977,L23446
lemma/113996,L23447
lemma/114004,L23448
lemma/114008,L23449
lemma/114016,L23450
lemma/113856,L23435
lemma/113861,L23436
lemma/113878,L23437
lemma/113892,L23438
lemma/113899,L23439
lemma/113918,L23440
lemma/113923,L23441
lemma/113933,L23442
lemma/113944,L23443
lemma/114026,L23452
lemma/114029,L23453
lemma/114034,L23454
lemma/114038,L23455
lemma/114058,L23456
lemma/114018,L23451
lemma/114063,L23457
lemma/114098,L23458
lemma/114100,L23459
lemma/114117,L23460
lemma/114165,L23461
lemma/114167,L23462
lemma/114174,L23463
lemma/114175,L23464
lemma/114176,L23465
lemma/114186,L23471
lemma/114187,L23472
lemma/114190,L23473
lemma/114192,L23474
lemma/114180,L23466
lemma/114215,L23487
lemma/114207,L23484
lemma/114208,L23485
lemma/114211,L23486
lemma/114195,L23475
lemma/114196,L23476
lemma/114198,L23477
lemma/114199,L23478
lemma/114200,L23479
lemma/114201,L23480
lemma/114203,L23481
lemma/114204,L23482
lemma/114205,L23483
lemma/114216,L23488
lemma/114217,L23489
lemma/114220,L23490
lemma/114222,L23491
lemma/114223,L23492
lemma/114224,L23493
lemma/114225,L23494
lemma/114226,L23495
lemma/114227,L23496
lemma/114233,L23497
lemma/114237,L23498
lemma/114245,L23499
lemma/114246,L23500
lemma/114247,L23501
lemma/114249,L23502
lemma/114257,L23503
lemma/114265,L23504
lemma/114268,L23505
lemma/114269,L23506
lemma/114272,L23507
lemma/114273,L23508
lemma/114274,L23509
lemma/114275,L23510
lemma/114276,L23511
lemma/114277,L23512
lemma/114280,L23513
lemma/98262,L20616
lemma/98344,L20660
lemma/98345,L20661
lemma/98347,L20662
lemma/98348,L20663
lemma/98470,L20704
lemma/98471,L20705
lemma/98473,L20706
lemma/98259,L20613
lemma/98260,L20614
lemma/98261,L20615
lemma/98267,L20617
lemma/98268,L20618
lemma/98270,L20619
lemma/98282,L20626
lemma/98283,L20627
lemma/98271,L20620
lemma/98272,L20621
lemma/98273,L20622
lemma/98307,L20636
lemma/98309,L20637
lemma/98310,L20638
lemma/98311,L20639
lemma/98314,L20640
lemma/98318,L20641
lemma/98319,L20642
lemma/98320,L20643
lemma/98323,L20644
lemma/98324,L20645
lemma/98287,L20628
lemma/98294,L20629
lemma/98295,L20630
lemma/98299,L20631
lemma/98300,L20632
lemma/98304,L20633
lemma/98305,L20634
lemma/98306,L20635
lemma/98325,L20646
lemma/98327,L20647
lemma/98329,L20648
lemma/98331,L20649
lemma/98332,L20650
lemma/98333,L20651
lemma/98334,L20652
lemma/98336,L20653
lemma/98337,L20654
lemma/98343,L20659
lemma/98338,L20655
lemma/98339,L20656
lemma/98341,L20657
lemma/98350,L20664
lemma/98351,L20665
lemma/98354,L20666
lemma/98355,L20667
lemma/98356,L20668
lemma/98358,L20669
lemma/98362,L20670
lemma/98364,L20671
lemma/98380,L20676
lemma/98382,L20677
lemma/98387,L20678
lemma/98394,L20679
lemma/98396,L20680
lemma/98370,L20672
lemma/98371,L20673
lemma/98373,L20674
lemma/98376,L20675
lemma/98397,L20681
lemma/98399,L20682
lemma/98400,L20683
lemma/98401,L20684
lemma/98402,L20685
lemma/98405,L20686
lemma/98406,L20687
lemma/98407,L20688
lemma/98408,L20689
lemma/98410,L20690
lemma/98412,L20691
lemma/98418,L20692
lemma/98425,L20693
lemma/98428,L20694
lemma/98431,L20695
lemma/98438,L20696
lemma/98446,L20697
lemma/98447,L20698
lemma/98449,L20699
lemma/98450,L20700
lemma/98459,L20701
lemma/98463,L20702
lemma/98465,L20703
lemma/98474,L20707
lemma/98478,L20710
lemma/98480,L20711
lemma/98481,L20712
lemma/98484,L20713
lemma/98489,L20714
lemma/98491,L20715
lemma/98492,L20716
lemma/98496,L20717
lemma/98342,L20658
lemma/66000,L23195
lemma/110638,L23115
lemma/111054,L23164
lemma/111083,L23165
lemma/111460,L23207
lemma/111470,L23208
lemma/111472,L23209
lemma/110661,L23116
lemma/110663,L23117
lemma/110732,L23126
lemma/110756,L23127
lemma/110675,L23118
lemma/110685,L23119
lemma/110688,L23120
lemma/110689,L23121
lemma/110691,L23122
lemma/110719,L23123
lemma/110720,L23124
lemma/110767,L23128
lemma/110780,L23129
lemma/110782,L23130
lemma/110784,L23131
lemma/110791,L23132
lemma/110804,L23133
lemma/110806,L23134
lemma/110817,L23135
lemma/110832,L23136
lemma/110846,L23137
lemma/110903,L23143
lemma/110905,L23144
lemma/110910,L23145
lemma/110927,L23146
lemma/110934,L23147
lemma/110858,L23138
lemma/110867,L23139
lemma/110880,L23140
lemma/110887,L23141
lemma/110899,L23142
lemma/110939,L23148
lemma/110944,L23149
lemma/110962,L23150
lemma/110967,L23151
lemma/110969,L23152
lemma/110990,L23153
lemma/110991,L23154
lemma/110996,L23155
lemma/110998,L23156
lemma/111013,L23157
lemma/111029,L23158
lemma/111037,L23159
lemma/111041,L23160
lemma/111042,L23161
lemma/111045,L23162
lemma/111050,L23163
lemma/111101,L23166
lemma/111102,L23167
lemma/111103,L23168
lemma/111106,L23169
lemma/111134,L23170
lemma/111135,L23171
lemma/111158,L23172
lemma/111159,L23173
lemma/111160,L23174
lemma/111161,L23175
lemma/136218,L23176
lemma/111178,L23177
lemma/111184,L23178
lemma/111185,L23179
lemma/111186,L23180
lemma/111199,L23181
lemma/111205,L23182
lemma/111208,L23183
lemma/111209,L23184
lemma/111212,L23185
lemma/111223,L23186
lemma/111228,L23187
lemma/111230,L23188
lemma/111231,L23189
lemma/111232,L23190
lemma/111234,L23191
lemma/111235,L23192
lemma/111236,L23193
lemma/111250,L23194
lemma/111256,L23196
lemma/111285,L23197
lemma/111306,L23198
lemma/111339,L23199
lemma/111349,L23200
lemma/111359,L23201
lemma/111361,L23202
lemma/111386,L23203
lemma/111408,L23204
lemma/111415,L23205
lemma/111436,L23206
lemma/111503,L23214
lemma/111518,L23215
lemma/111522,L23216
lemma/111527,L23217
lemma/111528,L23218
lemma/111531,L23219
lemma/114290,L23516
lemma/114369,L23553
lemma/114460,L23585
lemma/114293,L23517
lemma/114299,L23518
lemma/114300,L23519
lemma/114302,L23520
lemma/114304,L23521
lemma/114305,L23522
lemma/114309,L23523
lemma/114311,L23524
lemma/114312,L23525
lemma/114313,L23526
lemma/114314,L23527
lemma/114316,L23528
lemma/114317,L23529
lemma/114318,L23530
lemma/114319,L23531
lemma/114321,L23532
lemma/114322,L23533
lemma/114325,L23534
lemma/114341,L23540
lemma/114338,L23539
lemma/114330,L23535
lemma/114331,L23536
lemma/114333,L23537
lemma/114335,L23538
lemma/114342,L23541
lemma/114344,L23542
lemma/114347,L23543
lemma/114351,L23544
lemma/114352,L23545
lemma/114354,L23546
lemma/114355,L23547
lemma/114358,L23548
lemma/114372,L23555
lemma/114360,L23549
lemma/114361,L23550
lemma/114362,L23551
lemma/114363,L23552
lemma/114371,L23554
lemma/114373,L23556
lemma/114374,L23557
lemma/114376,L23558
lemma/114379,L23559
lemma/114384,L23560
lemma/114388,L23561
lemma/114393,L23562
lemma/114403,L23563
lemma/114413,L23566
lemma/114414,L23567
lemma/114406,L23564
lemma/114407,L23565
lemma/114432,L23571
lemma/114435,L23572
lemma/114436,L23573
lemma/114421,L23568
lemma/114423,L23569
lemma/114429,L23570
lemma/114448,L23580
lemma/114449,L23581
lemma/114452,L23582
lemma/114456,L23583
lemma/114437,L23574
lemma/114438,L23575
lemma/114439,L23576
lemma/114441,L23577
lemma/114444,L23578
lemma/114447,L23579
lemma/114461,L23586
lemma/114462,L23587
lemma/114459,L23584
lemma/114464,L23588
lemma/114466,L23589
lemma/114469,L23590
lemma/114470,L23591
lemma/114473,L23592
lemma/114476,L23593
lemma/114479,L23594
lemma/114481,L23595
lemma/114483,L23596
lemma/114484,L23597
lemma/114485,L23598
lemma/114485,L23599
lemma/114486,L23600
lemma/114487,L23601
lemma/114489,L23603
lemma/114491,L23604
lemma/114492,L23605
lemma/114493,L23606
lemma/114494,L23607
lemma/114498,L23609
lemma/114499,L23610
lemma/114501,L23611
lemma/114505,L23614
lemma/114506,L23615
lemma/114507,L23616
lemma/114508,L23617
lemma/114510,L23618
lemma/114488,L23602
lemma/100645,L21312
lemma/100647,L21314
lemma/100649,L21316
lemma/100650,L21317
lemma/100651,L21318
lemma/100656,L21319
lemma/100657,L21320
lemma/100658,L21321
lemma/100668,L21324
lemma/100669,L21325
lemma/100672,L21327
lemma/100670,L21326
lemma/100686,L21333
lemma/100674,L21328
lemma/100680,L21330
lemma/100682,L21331
lemma/100678,L21329
lemma/100685,L21332
lemma/100687,L21334
lemma/100689,L21335
lemma/100694,L21336
lemma/100695,L21337
lemma/100696,L21338
lemma/100698,L21339
lemma/100701,L21340
lemma/100703,L21341
lemma/100704,L21342
lemma/100710,L21343
lemma/100715,L21344
lemma/100763,L21359
lemma/100745,L21352
lemma/100750,L21353
lemma/100752,L21354
lemma/100754,L21355
lemma/100755,L21356
lemma/100756,L21357
lemma/100762,L21358
lemma/100719,L21345
lemma/100726,L21346
lemma/100727,L21347
lemma/100733,L21348
lemma/100738,L21349
lemma/100740,L21350
lemma/100742,L21351
lemma/100764,L21360
lemma/100765,L21361
lemma/100772,L21362
lemma/100789,L21363
lemma/100796,L21364
lemma/100819,L21365
lemma/100821,L21366
lemma/100822,L21367
lemma/100823,L21368
lemma/100869,L21385
lemma/100834,L21375
lemma/100836,L21376
lemma/100824,L21369
lemma/100827,L21370
lemma/100828,L21371
lemma/100829,L21372
lemma/100830,L21373
lemma/100833,L21374
lemma/100837,L21377
lemma/100841,L21378
lemma/100848,L21379
lemma/100854,L21380
lemma/100860,L21381
lemma/100862,L21382
lemma/100863,L21383
lemma/100865,L21384
lemma/100870,L21386
lemma/100871,L21387
lemma/100873,L21388
lemma/100875,L21389
lemma/100877,L21390
lemma/100880,L21391
lemma/100881,L21392
lemma/100882,L21393
lemma/100886,L21394
lemma/100888,L21395
lemma/100890,L21396
lemma/100893,L21397
lemma/100897,L21398
lemma/100898,L21399
lemma/100899,L21400
lemma/100901,L21401
lemma/100902,L21402
lemma/100904,L21403
lemma/100919,L21411
lemma/100948,L21412
lemma/100908,L21404
lemma/100909,L21405
lemma/100910,L21406
lemma/100911,L21407
lemma/100949,L21413
lemma/100958,L21414
lemma/100959,L21415
lemma/100961,L21416
lemma/100963,L21417
lemma/100964,L21418
lemma/117955,L24216
lemma/117960,L24217
lemma/118010,L24218
lemma/118497,L24260
lemma/118500,L24261
lemma/118735,L24305
lemma/118739,L24306
lemma/118743,L24307
lemma/118013,L24219
lemma/118019,L24220
lemma/118020,L24221
lemma/118032,L24222
lemma/118035,L24223
lemma/118047,L24224
lemma/118053,L24225
lemma/118113,L24231
lemma/118116,L24232
lemma/118131,L24233
lemma/118061,L24226
lemma/118073,L24227
lemma/118082,L24228
lemma/118083,L24229
lemma/118110,L24230
lemma/118144,L24234
lemma/118160,L24235
lemma/118164,L24236
lemma/118174,L24237
lemma/118176,L24238
lemma/118191,L24239
lemma/118194,L24240
lemma/118199,L24241
lemma/118202,L24242
lemma/118257,L24243
lemma/118271,L24244
lemma/118285,L24245
lemma/118293,L24246
lemma/118297,L24247
lemma/118300,L24248
lemma/118305,L24249
lemma/118306,L24250
lemma/118308,L24251
lemma/118312,L24252
lemma/118387,L24253
lemma/118406,L24254
lemma/118414,L24255
lemma/118439,L24256
lemma/118456,L24257
lemma/118459,L24258
lemma/118473,L24259
lemma/118518,L24263
lemma/118540,L24264
lemma/118550,L24265
lemma/118567,L24266
lemma/118568,L24267
lemma/118504,L24262
lemma/118569,L24268
lemma/118583,L24270
lemma/118587,L24271
lemma/118592,L24272
lemma/118607,L24274
lemma/118609,L24275
lemma/118617,L24276
lemma/118621,L24277
lemma/118629,L24278
lemma/118634,L24279
lemma/118648,L24280
lemma/118658,L24281
lemma/118659,L24282
lemma/118660,L24283
lemma/118666,L24284
lemma/118667,L24285
lemma/118670,L24286
lemma/118681,L24287
lemma/118683,L24288
lemma/118685,L24289
lemma/118686,L24290
lemma/118687,L24291
lemma/118689,L24292
lemma/118696,L24293
lemma/118701,L24294
lemma/118706,L24295
lemma/118708,L24296
lemma/118710,L24297
lemma/118711,L24298
lemma/118717,L24299
lemma/118721,L24300
lemma/118724,L24301
lemma/118730,L24302
lemma/118733,L24303
lemma/118734,L24304
lemma/118768,L24314
lemma/118769,L24315
lemma/118751,L24308
lemma/118755,L24309
lemma/118757,L24310
lemma/118764,L24312
lemma/118767,L24313
lemma/118578,L24269
lemma/118594,L24273
lemma/118762,L24311
lemma/103949,L22059
lemma/104233,L22100
lemma/104237,L22101
lemma/104260,L22102
lemma/103707,L22013
lemma/103717,L22014
lemma/103719,L22015
lemma/103720,L22016
lemma/103722,L22017
lemma/103728,L22018
lemma/103736,L22019
lemma/103772,L22026
lemma/103738,L22020
lemma/103740,L22021
lemma/103749,L22022
lemma/103774,L22027
lemma/103784,L22028
lemma/103785,L22029
lemma/103798,L22030
lemma/103802,L22031
lemma/103803,L22032
lemma/103804,L22033
lemma/103805,L22034
lemma/103806,L22035
lemma/103813,L22036
lemma/103817,L22037
lemma/103821,L22038
lemma/103826,L22040
lemma/103830,L22041
lemma/103836,L22042
lemma/103837,L22043
lemma/103849,L22044
lemma/103823,L22039
lemma/103856,L22045
lemma/103876,L22046
lemma/103877,L22047
lemma/103881,L22048
lemma/103882,L22049
lemma/103895,L22050
lemma/103903,L22051
lemma/103905,L22052
lemma/103911,L22053
lemma/103927,L22054
lemma/103930,L22055
lemma/103933,L22056
lemma/103937,L22057
lemma/103938,L22058
lemma/103957,L22060
lemma/104023,L22070
lemma/103959,L22061
lemma/103969,L22062
lemma/103981,L22063
lemma/103985,L22064
lemma/103989,L22065
lemma/103990,L22066
lemma/104009,L22067
lemma/104012,L22068
lemma/104013,L22069
lemma/104110,L22081
lemma/104113,L22082
lemma/104118,L22083
lemma/104119,L22084
lemma/104125,L22085
lemma/104154,L22086
lemma/104156,L22087
lemma/104185,L22088
lemma/104027,L22071
lemma/104028,L22072
lemma/104045,L22073
lemma/104063,L22074
lemma/104064,L22075
lemma/104072,L22076
lemma/104075,L22077
lemma/104091,L22078
lemma/104102,L22079
lemma/104108,L22080
lemma/104187,L22089
lemma/104188,L22090
lemma/104189,L22091
lemma/104195,L22092
lemma/104196,L22093
lemma/104204,L22094
lemma/104212,L22095
lemma/104215,L22096
lemma/104224,L22097
lemma/104229,L22098
lemma/104230,L22099
lemma/104283,L22103
lemma/104319,L22104
lemma/104335,L22105
lemma/104336,L22106
lemma/104340,L22107
lemma/104350,L22108
lemma/104353,L22109
lemma/104445,L22119
lemma/104453,L22120
lemma/104474,L22121
lemma/104489,L22122
lemma/104532,L22123
lemma/104535,L22124
lemma/122704,L25214
lemma/122705,L25215
lemma/122706,L25216
lemma/122748,L25256
lemma/122749,L25257
lemma/122750,L25258
lemma/122751,L25259
lemma/122752,L25260
lemma/122796,L25304
lemma/122797,L25305
lemma/122798,L25306
lemma/122799,L25307
lemma/122708,L25217
lemma/122709,L25218
lemma/122710,L25219
lemma/122711,L25220
lemma/122712,L25221
lemma/122713,L25222
lemma/122714,L25223
lemma/122717,L25226
lemma/122718,L25227
lemma/122719,L25228
lemma/122720,L25229
lemma/122721,L25230
lemma/122722,L25231
lemma/122723,L25232
lemma/122724,L25233
lemma/122725,L25234
lemma/122726,L25235
lemma/122727,L25236
lemma/122728,L25237
lemma/122730,L25238
lemma/122731,L25239
lemma/122732,L25240
lemma/122742,L25250
lemma/122743,L25251
lemma/122744,L25252
lemma/122745,L25253
lemma/122746,L25254
lemma/122734,L25242
lemma/122735,L25243
lemma/122736,L25244
lemma/122737,L25245
lemma/122738,L25246
lemma/122739,L25247
lemma/122740,L25248
lemma/122741,L25249
lemma/122733,L25241
lemma/122747,L25255
lemma/122753,L25261
lemma/122754,L25262
lemma/122755,L25263
lemma/122756,L25264
lemma/122757,L25265
lemma/122758,L25266
lemma/122759,L25267
lemma/122760,L25268
lemma/122761,L25269
lemma/122762,L25270
lemma/122763,L25271
lemma/122764,L25272
lemma/122765,L25273
lemma/122766,L25274
lemma/122767,L25275
lemma/122768,L25276
lemma/122769,L25277
lemma/122770,L25278
lemma/122771,L25279
lemma/122772,L25280
lemma/122773,L25281
lemma/122774,L25282
lemma/122775,L25283
lemma/122776,L25284
lemma/122777,L25285
lemma/122778,L25286
lemma/122779,L25287
lemma/122780,L25288
lemma/122781,L25289
lemma/122782,L25290
lemma/122783,L25291
lemma/122784,L25292
lemma/122785,L25293
lemma/122786,L25294
lemma/122787,L25295
lemma/122788,L25296
lemma/122789,L25297
lemma/122790,L25298
lemma/122791,L25299
lemma/122792,L25300
lemma/122793,L25301
lemma/122794,L25302
lemma/122795,L25303
lemma/122800,L25308
lemma/122801,L25309
lemma/122802,L25310
lemma/122803,L25311
lemma/122804,L25312
lemma/122805,L25313
lemma/122806,L25314
lemma/122807,L25315
lemma/114504,L23613
lemma/114565,L23643
lemma/114574,L23644
lemma/114577,L23645
lemma/114723,L23676
lemma/114742,L23677
lemma/114784,L23678
lemma/115029,L23710
lemma/114496,L23608
lemma/114502,L23612
lemma/114513,L23619
lemma/114515,L23620
lemma/114517,L23621
lemma/114520,L23623
lemma/114518,L23622
lemma/114534,L23629
lemma/114526,L23625
lemma/114527,L23626
lemma/114532,L23627
lemma/114533,L23628
lemma/114525,L23624
lemma/114552,L23638
lemma/114553,L23639
lemma/114556,L23640
lemma/114561,L23641
lemma/114562,L23642
lemma/114537,L23630
lemma/114538,L23631
lemma/114540,L23632
lemma/114543,L23633
lemma/114547,L23634
lemma/114548,L23635
lemma/114549,L23636
lemma/114550,L23637
lemma/114578,L23646
lemma/114585,L23647
lemma/114586,L23648
lemma/114591,L23649
lemma/114592,L23650
lemma/114593,L23651
lemma/114597,L23652
lemma/114600,L23653
lemma/114601,L23654
lemma/114603,L23655
lemma/114606,L23657
lemma/114607,L23658
lemma/114608,L23659
lemma/114609,L23660
lemma/114613,L23661
lemma/114614,L23662
lemma/114605,L23656
lemma/114620,L23663
lemma/114622,L23664
lemma/114623,L23665
lemma/114629,L23666
lemma/114630,L23667
lemma/114645,L23668
lemma/114697,L23673
lemma/114714,L23674
lemma/114721,L23675
lemma/114649,L23669
lemma/114652,L23670
lemma/114658,L23671
lemma/114677,L23672
lemma/114792,L23679
lemma/114795,L23680
lemma/114806,L23681
lemma/114812,L23682
lemma/114814,L23683
lemma/114815,L23684
lemma/114816,L23685
lemma/114817,L23686
lemma/114818,L23687
lemma/114821,L23688
lemma/114822,L23689
lemma/114823,L23690
lemma/114825,L23691
lemma/114828,L23692
lemma/114829,L23693
lemma/114868,L23694
lemma/114874,L23695
lemma/114876,L23696
lemma/114879,L23697
lemma/114881,L23698
lemma/114888,L23699
lemma/114974,L23704
lemma/114978,L23705
lemma/115002,L23706
lemma/114902,L23700
lemma/114928,L23701
lemma/114931,L23702
lemma/114932,L23703
lemma/115010,L23707
lemma/115025,L23708
lemma/115027,L23709
lemma/115104,L23721
lemma/115105,L23722
lemma/115106,L23723
lemma/115107,L23724
lemma/115108,L23725
lemma/100916,L21409
lemma/101073,L21453
lemma/100914,L21408
lemma/100918,L21410
lemma/100966,L21419
lemma/100967,L21420
lemma/100970,L21421
lemma/100971,L21422
lemma/100994,L21429
lemma/100995,L21430
lemma/100996,L21431
lemma/100974,L21423
lemma/100976,L21424
lemma/100978,L21425
lemma/100980,L21426
lemma/100982,L21427
lemma/100986,L21428
lemma/100998,L21432
lemma/100999,L21433
lemma/101000,L21434
lemma/101002,L21435
lemma/101003,L21436
lemma/101004,L21437
lemma/101005,L21438
lemma/101008,L21439
lemma/101009,L21440
lemma/101013,L21441
lemma/101025,L21442
lemma/101041,L21443
lemma/101045,L21444
lemma/101048,L21445
lemma/101049,L21446
lemma/101051,L21447
lemma/101055,L21448
lemma/101056,L21449
lemma/101057,L21450
lemma/101058,L21451
lemma/101061,L21452
lemma/101074,L21454
lemma/101078,L21455
lemma/101079,L21456
lemma/101081,L21457
lemma/101110,L21458
lemma/101120,L21459
lemma/101145,L21465
lemma/101168,L21466
lemma/101169,L21467
lemma/101171,L21468
lemma/101121,L21460
lemma/101122,L21461
lemma/101135,L21462
lemma/101139,L21463
lemma/101143,L21464
lemma/101172,L21469
lemma/101174,L21470
lemma/101175,L21471
lemma/101179,L21472
lemma/101181,L21473
lemma/101183,L21474
lemma/101188,L21475
lemma/101189,L21476
lemma/101343,L21484
lemma/101350,L21485
lemma/101364,L21486
lemma/101203,L21481
lemma/101241,L21482
lemma/101323,L21483
lemma/101191,L21477
lemma/101192,L21478
lemma/101194,L21479
lemma/101196,L21480
lemma/101374,L21487
lemma/101376,L21488
lemma/101382,L21489
lemma/101383,L21490
lemma/101388,L21491
lemma/101391,L21492
lemma/101397,L21493
lemma/101399,L21494
lemma/101424,L21495
lemma/101432,L21496
lemma/101440,L21497
lemma/101442,L21498
lemma/101447,L21499
lemma/101448,L21500
lemma/101465,L21501
lemma/101469,L21502
lemma/101470,L21503
lemma/101474,L21504
lemma/101475,L21505
lemma/101476,L21506
lemma/101478,L21507
lemma/101485,L21508
lemma/101486,L21509
lemma/101488,L21510
lemma/101490,L21511
lemma/101491,L21512
lemma/101492,L21513
lemma/101515,L21514
lemma/101521,L21515
lemma/118899,L24354
lemma/118903,L24355
lemma/118904,L24356
lemma/118905,L24357
lemma/118909,L24358
lemma/118998,L24406
lemma/118999,L24407
lemma/119004,L24408
lemma/119005,L24409
lemma/119006,L24410
lemma/119007,L24411
lemma/119012,L24412
lemma/119015,L24413
lemma/119016,L24414
lemma/119018,L24415
lemma/118770,L24316
lemma/118773,L24317
lemma/118778,L24318
lemma/118779,L24319
lemma/118781,L24320
lemma/118782,L24321
lemma/118784,L24322
lemma/118789,L24323
lemma/118790,L24324
lemma/118792,L24325
lemma/118793,L24326
lemma/118799,L24327
lemma/118800,L24328
lemma/118804,L24329
lemma/118812,L24330
lemma/118814,L24331
lemma/118833,L24334
lemma/118840,L24335
lemma/118844,L24336
lemma/118846,L24337
lemma/118853,L24338
lemma/118854,L24339
lemma/118858,L24340
lemma/118818,L24332
lemma/118832,L24333
lemma/118859,L24341
lemma/118861,L24342
lemma/118865,L24343
lemma/118867,L24344
lemma/118868,L24345
lemma/118869,L24346
lemma/118870,L24347
lemma/118875,L24348
lemma/118886,L24349
lemma/118892,L24350
lemma/118894,L24351
lemma/118896,L24352
lemma/118898,L24353
lemma/118910,L24359
lemma/118911,L24360
lemma/118912,L24361
lemma/118914,L24362
lemma/118915,L24363
lemma/118917,L24364
lemma/118918,L24365
lemma/118920,L24366
lemma/118921,L24367
lemma/118922,L24368
lemma/118926,L24370
lemma/118927,L24371
lemma/118929,L24372
lemma/118930,L24373
lemma/118932,L24374
lemma/118933,L24375
lemma/118934,L24376
lemma/118935,L24377
lemma/118924,L24369
lemma/118939,L24378
lemma/118941,L24379
lemma/118946,L24380
lemma/118947,L24381
lemma/118949,L24382
lemma/118951,L24383
lemma/118952,L24384
lemma/118953,L24385
lemma/118954,L24386
lemma/118956,L24388
lemma/118958,L24389
lemma/118959,L24390
lemma/118962,L24391
lemma/118963,L24392
lemma/118965,L24393
lemma/118966,L24394
lemma/118972,L24395
lemma/118955,L24387
lemma/118978,L24396
lemma/118979,L24397
lemma/118980,L24398
lemma/118983,L24399
lemma/118987,L24400
lemma/118988,L24401
lemma/118990,L24402
lemma/118992,L24403
lemma/118994,L24404
lemma/118996,L24405
lemma/119019,L24416
lemma/119020,L24417
lemma/119023,L24418
lemma/119024,L24419
lemma/119027,L24420
lemma/119028,L24421
lemma/119099,L24454
lemma/119104,L24455
lemma/119106,L24456
lemma/119108,L24457
lemma/119109,L24458
lemma/119228,L24503
lemma/119232,L24504
lemma/119239,L24505
lemma/119242,L24506
lemma/119244,L24507
lemma/119030,L24422
lemma/119036,L24423
lemma/119038,L24424
lemma/119039,L24425
lemma/119042,L24426
lemma/119043,L24427
lemma/119045,L24428
lemma/119052,L24429
lemma/119053,L24430
lemma/119055,L24431
lemma/119056,L24432
lemma/119057,L24433
lemma/119059,L24434
lemma/119061,L24435
lemma/119062,L24436
lemma/119063,L24437
lemma/119078,L24443
lemma/119084,L24444
lemma/119086,L24445
lemma/119087,L24446
lemma/119088,L24447
lemma/119065,L24438
lemma/119068,L24439
lemma/119072,L24440
lemma/119073,L24441
lemma/119076,L24442
lemma/119090,L24448
lemma/119093,L24449
lemma/119095,L24450
lemma/119096,L24451
lemma/119097,L24452
lemma/119098,L24453
lemma/119111,L24459
lemma/119115,L24460
lemma/119117,L24461
lemma/119118,L24462
lemma/119119,L24463
lemma/119124,L24464
lemma/119128,L24465
lemma/119132,L24466
lemma/119135,L24467
lemma/119138,L24468
lemma/119139,L24469
lemma/119144,L24470
lemma/119148,L24471
lemma/119150,L24472
lemma/119156,L24473
lemma/119157,L24474
lemma/119167,L24477
lemma/119170,L24478
lemma/119171,L24479
lemma/119173,L24480
lemma/119174,L24481
lemma/119162,L24475
lemma/119164,L24476
lemma/119200,L24489
lemma/119201,L24490
lemma/119205,L24491
lemma/119210,L24492
lemma/119211,L24493
lemma/119214,L24494
lemma/119218,L24495
lemma/119220,L24496
lemma/119221,L24497
lemma/119222,L24498
lemma/119177,L24482
lemma/119181,L24483
lemma/119182,L24484
lemma/119185,L24485
lemma/119191,L24486
lemma/119192,L24487
lemma/119198,L24488
lemma/119224,L24499
lemma/119225,L24500
lemma/119226,L24501
lemma/119227,L24502
lemma/119258,L24514
lemma/119263,L24515
lemma/119265,L24516
lemma/119267,L24517
lemma/119274,L24518
lemma/119275,L24519
lemma/119276,L24520
lemma/119277,L24521
lemma/115034,L23711
lemma/115344,L23747
lemma/115348,L23748
lemma/115363,L23749
lemma/115825,L23791
lemma/115892,L23792
lemma/115059,L23712
lemma/115071,L23713
lemma/115080,L23714
lemma/115088,L23715
lemma/115099,L23716
lemma/115100,L23717
lemma/115101,L23718
lemma/115102,L23719
lemma/115103,L23720
lemma/115109,L23726
lemma/115118,L23727
lemma/115121,L23728
lemma/115122,L23729
lemma/115167,L23738
lemma/115144,L23735
lemma/115160,L23736
lemma/115164,L23737
lemma/115123,L23730
lemma/115131,L23731
lemma/115137,L23732
lemma/115142,L23733
lemma/115143,L23734
lemma/115195,L23739
lemma/115202,L23740
lemma/115233,L23741
lemma/115235,L23742
lemma/115264,L23743
lemma/115284,L23744
lemma/115286,L23745
lemma/115338,L23746
lemma/115377,L23750
lemma/115418,L23751
lemma/115433,L23752
lemma/115445,L23753
lemma/115485,L23754
lemma/115490,L23755
lemma/115493,L23756
lemma/115494,L23757
lemma/115495,L23758
lemma/115496,L23759
lemma/115501,L23760
lemma/115505,L23761
lemma/115545,L23762
lemma/115574,L23763
lemma/115587,L23764
lemma/115590,L23765
lemma/115591,L23766
lemma/115592,L23767
lemma/115597,L23768
lemma/115606,L23769
lemma/115648,L23772
lemma/115663,L23773
lemma/115693,L23774
lemma/115699,L23775
lemma/115700,L23776
lemma/115704,L23777
lemma/115612,L23770
lemma/115624,L23771
lemma/115709,L23778
lemma/115720,L23779
lemma/115728,L23780
lemma/115735,L23781
lemma/115737,L23782
lemma/115748,L23783
lemma/115750,L23784
lemma/115752,L23785
lemma/115786,L23786
lemma/115812,L23787
lemma/115813,L23788
lemma/115814,L23789
lemma/115818,L23790
lemma/115895,L23793
lemma/115984,L23794
lemma/115995,L23795
lemma/116001,L23796
lemma/116030,L23797
lemma/116031,L23798
lemma/116051,L23799
lemma/116123,L23807
lemma/116052,L23800
lemma/116054,L23801
lemma/116061,L23802
lemma/116085,L23803
lemma/116104,L23804
lemma/116114,L23805
lemma/116118,L23806
lemma/116127,L23808
lemma/116142,L23809
lemma/116144,L23810
lemma/116164,L23811
lemma/116168,L23812
lemma/116174,L23813
lemma/116181,L23814
lemma/116193,L23815
lemma/101526,L21516
lemma/101527,L21517
lemma/101536,L21518
lemma/101564,L21519
lemma/101565,L21520
lemma/101568,L21521
lemma/101570,L21522
lemma/101571,L21523
lemma/101573,L21524
lemma/101574,L21525
lemma/101575,L21526
lemma/101581,L21527
lemma/101582,L21528
lemma/101585,L21529
lemma/101587,L21530
lemma/101599,L21531
lemma/101600,L21532
lemma/101601,L21533
lemma/101602,L21534
lemma/101603,L21535
lemma/101604,L21536
lemma/101605,L21537
lemma/101606,L21538
lemma/101609,L21539
lemma/101613,L21540
lemma/101615,L21541
lemma/101618,L21542
lemma/101619,L21543
lemma/101630,L21544
lemma/101634,L21545
lemma/101635,L21546
lemma/101637,L21547
lemma/101638,L21548
lemma/101639,L21549
lemma/101640,L21550
lemma/101641,L21551
lemma/101643,L21552
lemma/101644,L21553
lemma/101645,L21554
lemma/101648,L21555
lemma/101656,L21556
lemma/101657,L21557
lemma/101664,L21558
lemma/101666,L21559
lemma/101717,L21564
lemma/101718,L21565
lemma/101721,L21566
lemma/101722,L21567
lemma/101667,L21560
lemma/101670,L21561
lemma/101671,L21562
lemma/101713,L21563
lemma/101752,L21578
lemma/101756,L21579
lemma/101759,L21580
lemma/101760,L21581
lemma/101767,L21582
lemma/101768,L21583
lemma/101769,L21584
lemma/101723,L21568
lemma/101724,L21569
lemma/101729,L21570
lemma/101735,L21571
lemma/101737,L21572
lemma/101740,L21573
lemma/101743,L21574
lemma/101746,L21575
lemma/101749,L21576
lemma/101750,L21577
lemma/101771,L21585
lemma/101773,L21586
lemma/101779,L21587
lemma/101781,L21588
lemma/101782,L21589
lemma/101784,L21590
lemma/101787,L21591
lemma/101788,L21592
lemma/101803,L21599
lemma/101789,L21593
lemma/101790,L21594
lemma/101792,L21595
lemma/101793,L21596
lemma/101797,L21597
lemma/101800,L21598
lemma/101805,L21600
lemma/101808,L21601
lemma/101810,L21602
lemma/101812,L21603
lemma/101813,L21604
lemma/101816,L21605
lemma/101819,L21606
lemma/101821,L21607
lemma/101824,L21608
lemma/101837,L21617
lemma/101838,L21618
lemma/101840,L21619
lemma/101847,L21620
lemma/101852,L21621
lemma/101853,L21622
lemma/101854,L21623
lemma/122849,L25351
lemma/122850,L25352
lemma/122851,L25353
lemma/122852,L25354
lemma/122973,L25400
lemma/122974,L25401
lemma/122975,L25402
lemma/122809,L25316
lemma/122810,L25317
lemma/122811,L25318
lemma/122812,L25319
lemma/122813,L25320
lemma/122814,L25321
lemma/122815,L25322
lemma/122816,L25323
lemma/122817,L25324
lemma/122818,L25325
lemma/122819,L25326
lemma/122820,L25327
lemma/122821,L25328
lemma/122825,L25332
lemma/122826,L25333
lemma/122828,L25334
lemma/122829,L25335
lemma/122830,L25336
lemma/122822,L25329
lemma/122823,L25330
lemma/122824,L25331
lemma/122831,L25337
lemma/122833,L25338
lemma/122834,L25339
lemma/122835,L25340
lemma/122836,L25341
lemma/122837,L25342
lemma/122838,L25343
lemma/122841,L25344
lemma/122842,L25345
lemma/122843,L25346
lemma/122844,L25347
lemma/122845,L25348
lemma/122847,L25349
lemma/122848,L25350
lemma/122853,L25355
lemma/122854,L25356
lemma/122855,L25357
lemma/122856,L25358
lemma/122857,L25359
lemma/122858,L25360
lemma/122859,L25361
lemma/122860,L25362
lemma/122868,L25368
lemma/122869,L25369
lemma/122870,L25370
lemma/122871,L25371
lemma/122861,L25363
lemma/122862,L25364
lemma/122863,L25365
lemma/122865,L25366
lemma/122867,L25367
lemma/122872,L25372
lemma/122873,L25373
lemma/122875,L25374
lemma/122876,L25375
lemma/122878,L25376
lemma/122879,L25377
lemma/122880,L25378
lemma/122881,L25379
lemma/122882,L25380
lemma/122883,L25381
lemma/122884,L25382
lemma/122886,L25383
lemma/122888,L25384
lemma/122889,L25385
lemma/122890,L25386
lemma/122891,L25387
lemma/122892,L25388
lemma/122893,L25389
lemma/122959,L25390
lemma/122964,L25391
lemma/122965,L25392
lemma/122966,L25393
lemma/122967,L25394
lemma/122992,L25406
lemma/123006,L25407
lemma/123028,L25408
lemma/123037,L25409
lemma/123044,L25410
lemma/123054,L25411
lemma/123094,L25412
lemma/122990,L25405
lemma/122968,L25395
lemma/122969,L25396
lemma/122970,L25397
lemma/122971,L25398
lemma/122972,L25399
lemma/122986,L25403
lemma/123224,L25423
lemma/123242,L25424
lemma/123254,L25425
lemma/122989,L25404
lemma/104722,L22147
lemma/105089,L22185
lemma/104365,L22110
lemma/104389,L22111
lemma/104398,L22112
lemma/104415,L22113
lemma/104419,L22114
lemma/104425,L22115
lemma/104426,L22116
lemma/104429,L22117
lemma/104432,L22118
lemma/104536,L22125
lemma/104571,L22126
lemma/104574,L22127
lemma/104575,L22128
lemma/104577,L22129
lemma/104618,L22135
lemma/104651,L22136
lemma/104652,L22137
lemma/104594,L22130
lemma/104604,L22131
lemma/104612,L22132
lemma/104614,L22133
lemma/104617,L22134
lemma/104657,L22138
lemma/104679,L22139
lemma/104684,L22140
lemma/104688,L22141
lemma/104693,L22142
lemma/104694,L22143
lemma/104700,L22144
lemma/104709,L22145
lemma/104712,L22146
lemma/104741,L22152
lemma/104723,L22148
lemma/104724,L22149
lemma/104737,L22150
lemma/104740,L22151
lemma/104752,L22153
lemma/104753,L22154
lemma/104781,L22155
lemma/104786,L22156
lemma/104789,L22157
lemma/104799,L22158
lemma/104803,L22159
lemma/104805,L22160
lemma/104825,L22161
lemma/104833,L22162
lemma/104838,L22163
lemma/104841,L22164
lemma/104866,L22165
lemma/104872,L22166
lemma/104878,L22167
lemma/104885,L22168
lemma/104896,L22169
lemma/104898,L22170
lemma/104908,L22171
lemma/104915,L22172
lemma/104924,L22173
lemma/104940,L22174
lemma/104941,L22175
lemma/104953,L22176
lemma/104976,L22177
lemma/105003,L22178
lemma/105008,L22179
lemma/105072,L22184
lemma/105099,L22186
lemma/105114,L22187
lemma/105123,L22188
lemma/105148,L22189
lemma/105044,L22180
lemma/105055,L22181
lemma/105057,L22182
lemma/105058,L22183
lemma/105173,L22190
lemma/105183,L22191
lemma/105207,L22192
lemma/105219,L22193
lemma/105220,L22194
lemma/105225,L22195
lemma/105362,L22200
lemma/105369,L22201
lemma/105375,L22202
lemma/105441,L22203
lemma/105270,L22196
lemma/105352,L22197
lemma/105353,L22198
lemma/105355,L22199
lemma/105450,L22204
lemma/105459,L22205
lemma/105476,L22206
lemma/105477,L22207
lemma/105481,L22208
lemma/105492,L22209
lemma/105497,L22210
lemma/105499,L22211
lemma/105505,L22212
lemma/105546,L22213
lemma/105548,L22214
lemma/105558,L22215
lemma/123392,L25440
lemma/123399,L25441
lemma/123416,L25442
lemma/123786,L25481
lemma/123787,L25482
lemma/123823,L25483
lemma/123828,L25484
lemma/123101,L25413
lemma/123113,L25414
lemma/123125,L25415
lemma/123149,L25416
lemma/123150,L25417
lemma/123157,L25418
lemma/123210,L25419
lemma/123214,L25420
lemma/123220,L25421
lemma/123223,L25422
lemma/123255,L25426
lemma/123267,L25427
lemma/123271,L25428
lemma/123275,L25429
lemma/123288,L25430
lemma/123301,L25431
lemma/123312,L25432
lemma/123313,L25433
lemma/123318,L25434
lemma/123350,L25435
lemma/123359,L25436
lemma/123374,L25437
lemma/123375,L25438
lemma/123386,L25439
lemma/123424,L25443
lemma/123429,L25444
lemma/123436,L25445
lemma/123441,L25446
lemma/123453,L25447
lemma/123460,L25448
lemma/123463,L25449
lemma/123476,L25450
lemma/123509,L25456
lemma/123520,L25457
lemma/123526,L25458
lemma/123543,L25459
lemma/123560,L25460
lemma/123485,L25451
lemma/123486,L25452
lemma/123491,L25454
lemma/123498,L25455
lemma/123564,L25461
lemma/123567,L25462
lemma/123589,L25463
lemma/123592,L25464
lemma/123599,L25465
lemma/123615,L25466
lemma/123618,L25467
lemma/123638,L25468
lemma/123724,L25474
lemma/123640,L25469
lemma/123643,L25470
lemma/123648,L25471
lemma/123652,L25472
lemma/123660,L25473
lemma/123728,L25475
lemma/123732,L25476
lemma/123743,L25477
lemma/123751,L25478
lemma/123759,L25479
lemma/123766,L25480
lemma/123835,L25485
lemma/123840,L25486
lemma/123847,L25487
lemma/123848,L25488
lemma/123855,L25489
lemma/123887,L25490
lemma/123891,L25491
lemma/123953,L25498
lemma/123965,L25499
lemma/123970,L25500
lemma/123971,L25501
lemma/123977,L25502
lemma/123902,L25492
lemma/123918,L25493
lemma/123938,L25494
lemma/123945,L25495
lemma/123947,L25496
lemma/123951,L25497
lemma/124004,L25503
lemma/124012,L25504
lemma/124014,L25505
lemma/124015,L25506
lemma/124035,L25507
lemma/124043,L25508
lemma/124047,L25509
lemma/124054,L25510
lemma/124057,L25511
lemma/124069,L25512
lemma/124099,L25513
lemma/124125,L25514
lemma/124163,L25515
lemma/123487,L25453
lemma/116634,L23878
lemma/116636,L23879
lemma/116637,L23880
lemma/116638,L23881
lemma/116643,L23882
lemma/116747,L23925
lemma/116196,L23816
lemma/116197,L23817
lemma/116202,L23818
lemma/116223,L23819
lemma/116246,L23820
lemma/116252,L23821
lemma/116255,L23822
lemma/116265,L23823
lemma/116274,L23824
lemma/116275,L23825
lemma/116276,L23826
lemma/116279,L23827
lemma/116283,L23828
lemma/116285,L23829
lemma/116288,L23830
lemma/116303,L23831
lemma/116307,L23832
lemma/116311,L23833
lemma/116316,L23834
lemma/116332,L23835
lemma/116341,L23836
lemma/116343,L23837
lemma/116364,L23838
lemma/116368,L23839
lemma/116404,L23840
lemma/116405,L23841
lemma/116407,L23842
lemma/116417,L23843
lemma/116419,L23844
lemma/116443,L23845
lemma/116448,L23846
lemma/116455,L23847
lemma/116472,L23848
lemma/116474,L23849
lemma/116485,L23850
lemma/116497,L23851
lemma/116501,L23852
lemma/116506,L23853
lemma/116512,L23854
lemma/116514,L23855
lemma/116575,L23856
lemma/116577,L23857
lemma/116580,L23858
lemma/116583,L23859
lemma/116584,L23860
lemma/116585,L23861
lemma/116586,L23862
lemma/116589,L23863
lemma/116593,L23864
lemma/116595,L23865
lemma/116602,L23866
lemma/116604,L23867
lemma/116608,L23868
lemma/116609,L23869
lemma/116617,L23870
lemma/116618,L23871
lemma/116626,L23874
lemma/116631,L23875
lemma/116632,L23876
lemma/116633,L23877
lemma/116619,L23872
lemma/116625,L23873
lemma/116645,L23883
lemma/116646,L23884
lemma/116652,L23885
lemma/116653,L23886
lemma/116677,L23895
lemma/116682,L23896
lemma/116684,L23897
lemma/116667,L23891
lemma/116671,L23892
lemma/116672,L23893
lemma/116673,L23894
lemma/116656,L23887
lemma/116660,L23888
lemma/116662,L23889
lemma/116663,L23890
lemma/116686,L23898
lemma/116689,L23899
lemma/116690,L23900
lemma/116691,L23901
lemma/116692,L23902
lemma/116694,L23903
lemma/116696,L23904
lemma/116698,L23905
lemma/116701,L23907
lemma/116704,L23908
lemma/116709,L23909
lemma/116714,L23910
lemma/116717,L23911
lemma/116718,L23912
lemma/116719,L23913
lemma/116722,L23914
lemma/116700,L23906
lemma/128659,L26327
lemma/128711,L26352
lemma/128712,L26353
lemma/129107,L26384
lemma/129113,L26385
lemma/129115,L26386
lemma/129119,L26387
lemma/129149,L26389
lemma/129106,L26383
lemma/128630,L26316
lemma/128635,L26317
lemma/128638,L26318
lemma/128639,L26319
lemma/128645,L26321
lemma/128647,L26322
lemma/128648,L26323
lemma/128640,L26320
lemma/128653,L26324
lemma/128655,L26325
lemma/128656,L26326
lemma/128670,L26333
lemma/128671,L26334
lemma/128672,L26335
lemma/128676,L26336
lemma/128678,L26337
lemma/128679,L26338
lemma/128680,L26339
lemma/128665,L26329
lemma/128666,L26330
lemma/128661,L26328
lemma/128667,L26331
lemma/128668,L26332
lemma/128682,L26340
lemma/128685,L26341
lemma/128692,L26342
lemma/128694,L26343
lemma/128695,L26344
lemma/128698,L26345
lemma/128700,L26346
lemma/128701,L26347
lemma/128703,L26348
lemma/128707,L26349
lemma/128708,L26350
lemma/128709,L26351
lemma/128715,L26354
lemma/128716,L26355
lemma/128717,L26356
lemma/128718,L26357
lemma/128720,L26358
lemma/128749,L26359
lemma/128750,L26360
lemma/128754,L26361
lemma/128759,L26362
lemma/128983,L26371
lemma/128986,L26372
lemma/128993,L26373
lemma/129011,L26374
lemma/129012,L26375
lemma/129025,L26376
lemma/129043,L26377
lemma/128762,L26363
lemma/128787,L26364
lemma/128795,L26365
lemma/128840,L26366
lemma/128890,L26367
lemma/128941,L26368
lemma/128969,L26369
lemma/128981,L26370
lemma/129046,L26378
lemma/129057,L26379
lemma/129090,L26380
lemma/129091,L26381
lemma/129098,L26382
lemma/129150,L26390
lemma/129161,L26391
lemma/129163,L26392
lemma/129167,L26393
lemma/129169,L26394
lemma/129180,L26395
lemma/129185,L26396
lemma/129186,L26397
lemma/129188,L26398
lemma/129202,L26402
lemma/129203,L26403
lemma/129210,L26404
lemma/129217,L26405
lemma/129224,L26406
lemma/129197,L26399
lemma/129200,L26400
lemma/129201,L26401
lemma/129228,L26407
lemma/129241,L26408
lemma/129250,L26409
lemma/129255,L26410
lemma/129264,L26411
lemma/129273,L26412
lemma/129290,L26413
lemma/129298,L26414
lemma/129307,L26415
lemma/129148,L26388
lemma/119246,L24508
lemma/119324,L24554
lemma/119332,L24555
lemma/119334,L24556
lemma/119335,L24557
lemma/119336,L24558
lemma/119337,L24559
lemma/119610,L24604
lemma/119612,L24605
lemma/119620,L24606
lemma/119625,L24607
lemma/119297,L24534
lemma/119298,L24535
lemma/119299,L24536
lemma/119301,L24537
lemma/119302,L24538
lemma/119303,L24539
lemma/119304,L24540
lemma/119306,L24541
lemma/119307,L24542
lemma/119308,L24543
lemma/119249,L24509
lemma/119250,L24510
lemma/119252,L24511
lemma/119255,L24512
lemma/119256,L24513
lemma/119278,L24522
lemma/119280,L24523
lemma/119281,L24524
lemma/119282,L24525
lemma/119285,L24526
lemma/119288,L24527
lemma/119289,L24528
lemma/119290,L24529
lemma/119291,L24530
lemma/119293,L24531
lemma/119294,L24532
lemma/119296,L24533
lemma/119309,L24544
lemma/119311,L24545
lemma/119314,L24546
lemma/119315,L24547
lemma/119316,L24548
lemma/119317,L24549
lemma/119318,L24550
lemma/119320,L24551
lemma/119322,L24552
lemma/119323,L24553
lemma/119339,L24560
lemma/119342,L24561
lemma/119343,L24562
lemma/119344,L24563
lemma/119346,L24564
lemma/119355,L24565
lemma/119356,L24566
lemma/119357,L24567
lemma/119359,L24568
lemma/119364,L24569
lemma/119366,L24570
lemma/119368,L24571
lemma/119371,L24572
lemma/119373,L24573
lemma/119374,L24574
lemma/119375,L24575
lemma/119379,L24576
lemma/119382,L24577
lemma/119383,L24578
lemma/119384,L24579
lemma/119386,L24580
lemma/119437,L24586
lemma/119392,L24581
lemma/119396,L24582
lemma/119430,L24583
lemma/119431,L24584
lemma/119434,L24585
lemma/119441,L24587
lemma/119448,L24588
lemma/119506,L24589
lemma/119512,L24590
lemma/119530,L24591
lemma/119559,L24592
lemma/119561,L24593
lemma/119564,L24594
lemma/119577,L24595
lemma/119582,L24596
lemma/119584,L24597
lemma/119595,L24598
lemma/119597,L24599
lemma/119599,L24600
lemma/119600,L24601
lemma/119602,L24602
lemma/119605,L24603
lemma/119659,L24620
lemma/119668,L24621
lemma/119676,L24622
lemma/119678,L24623
lemma/119626,L24608
lemma/119628,L24609
lemma/119679,L24624
lemma/119681,L24625
lemma/105698,L22224
lemma/105699,L22225
lemma/105711,L22226
lemma/105714,L22227
lemma/106283,L22286
lemma/105577,L22216
lemma/105589,L22217
lemma/105644,L22218
lemma/105653,L22219
lemma/105658,L22220
lemma/105674,L22221
lemma/105679,L22222
lemma/105692,L22223
lemma/105728,L22228
lemma/105744,L22229
lemma/105756,L22230
lemma/105764,L22231
lemma/105769,L22232
lemma/105770,L22233
lemma/105773,L22234
lemma/105775,L22235
lemma/105776,L22236
lemma/105842,L22237
lemma/105843,L22238
lemma/105845,L22239
lemma/105846,L22240
lemma/105965,L22241
lemma/105973,L22242
lemma/106000,L22243
lemma/106001,L22244
lemma/106010,L22245
lemma/106011,L22246
lemma/106021,L22247
lemma/106061,L22248
lemma/106106,L22249
lemma/106122,L22250
lemma/106126,L22251
lemma/106134,L22254
lemma/106153,L22255
lemma/106165,L22256
lemma/106168,L22257
lemma/106130,L22252
lemma/106132,L22253
lemma/106173,L22258
lemma/106175,L22259
lemma/106190,L22260
lemma/106191,L22261
lemma/106197,L22262
lemma/106201,L22263
lemma/106207,L22264
lemma/106210,L22266
lemma/106216,L22267
lemma/106208,L22265
lemma/106224,L22268
lemma/106228,L22269
lemma/106230,L22270
lemma/106232,L22271
lemma/106243,L22272
lemma/106246,L22273
lemma/106252,L22275
lemma/106255,L22276
lemma/106259,L22277
lemma/106249,L22274
lemma/106262,L22278
lemma/106265,L22279
lemma/106274,L22280
lemma/106280,L22284
lemma/106281,L22285
lemma/106276,L22281
lemma/106278,L22283
lemma/106277,L22282
lemma/106324,L22291
lemma/106333,L22292
lemma/106334,L22293
lemma/106287,L22287
lemma/106303,L22288
lemma/106317,L22289
lemma/106322,L22290
lemma/106352,L22298
lemma/106353,L22299
lemma/106365,L22300
lemma/106336,L22294
lemma/106342,L22295
lemma/106347,L22296
lemma/106351,L22297
lemma/106369,L22301
lemma/106370,L22302
lemma/106372,L22303
lemma/106377,L22304
lemma/106379,L22305
lemma/106387,L22306
lemma/106399,L22307
lemma/106401,L22308
lemma/106407,L22309
lemma/106435,L22314
lemma/106436,L22315
lemma/106437,L22316
lemma/106438,L22317
lemma/106442,L22318
lemma/106443,L22319
lemma/129339,L26417
lemma/129360,L26418
lemma/129376,L26419
lemma/129381,L26420
lemma/129385,L26421
lemma/129386,L26422
lemma/129387,L26423
lemma/129322,L26416
lemma/129388,L26424
lemma/129400,L26425
lemma/129406,L26426
lemma/129431,L26427
lemma/129465,L26428
lemma/129468,L26429
lemma/129469,L26430
lemma/129472,L26431
lemma/129476,L26432
lemma/129481,L26433
lemma/129486,L26434
lemma/129492,L26435
lemma/129495,L26436
lemma/129506,L26438
lemma/129507,L26439
lemma/129509,L26440
lemma/129515,L26441
lemma/129521,L26442
lemma/129497,L26437
lemma/129523,L26443
lemma/129535,L26444
lemma/129545,L26445
lemma/129614,L26453
lemma/129619,L26454
lemma/129621,L26455
lemma/129549,L26446
lemma/129559,L26447
lemma/129565,L26448
lemma/129576,L26449
lemma/129581,L26450
lemma/129583,L26451
lemma/129587,L26452
lemma/129633,L26456
lemma/129648,L26457
lemma/129667,L26458
lemma/129668,L26459
lemma/129673,L26460
lemma/129678,L26461
lemma/129685,L26462
lemma/129693,L26463
lemma/129712,L26464
lemma/129718,L26465
lemma/129724,L26466
lemma/129726,L26467
lemma/129728,L26468
lemma/129754,L26469
lemma/129757,L26470
lemma/129766,L26471
lemma/129770,L26472
lemma/129781,L26473
lemma/129790,L26474
lemma/129792,L26475
lemma/129799,L26476
lemma/129802,L26477
lemma/129803,L26478
lemma/129816,L26479
lemma/129826,L26480
lemma/129853,L26481
lemma/129854,L26482
lemma/129859,L26483
lemma/129862,L26484
lemma/129863,L26485
lemma/129867,L26486
lemma/129878,L26487
lemma/129881,L26488
lemma/129889,L26489
lemma/129904,L26490
lemma/129909,L26491
lemma/129911,L26492
lemma/129918,L26493
lemma/129923,L26494
lemma/129936,L26495
lemma/129942,L26496
lemma/129961,L26497
lemma/129966,L26498
lemma/129974,L26499
lemma/129982,L26500
lemma/129984,L26501
lemma/129986,L26502
lemma/129993,L26503
lemma/130002,L26504
lemma/130027,L26505
lemma/130029,L26506
lemma/130047,L26507
lemma/130051,L26508
lemma/130063,L26509
lemma/130065,L26510
lemma/130073,L26511
lemma/130087,L26512
lemma/130136,L26513
lemma/130146,L26514
lemma/130147,L26515
lemma/124372,L25527
lemma/124351,L25524
lemma/124353,L25525
lemma/124370,L25526
lemma/124866,L25567
lemma/124875,L25568
lemma/125285,L25605
lemma/125299,L25606
lemma/125314,L25607
lemma/124283,L25519
lemma/124293,L25520
lemma/124315,L25521
lemma/124316,L25522
lemma/124333,L25523
lemma/124200,L25516
lemma/124258,L25517
lemma/124270,L25518
lemma/124379,L25528
lemma/124444,L25529
lemma/124458,L25530
lemma/124462,L25531
lemma/124471,L25532
lemma/124474,L25533
lemma/124490,L25534
lemma/124498,L25535
lemma/124501,L25536
lemma/124504,L25537
lemma/124505,L25538
lemma/124506,L25539
lemma/124515,L25540
lemma/124530,L25541
lemma/124541,L25542
lemma/124551,L25543
lemma/124554,L25544
lemma/124621,L25545
lemma/124631,L25546
lemma/124634,L25547
lemma/124641,L25548
lemma/124683,L25549
lemma/124700,L25550
lemma/124704,L25551
lemma/124709,L25552
lemma/124710,L25553
lemma/124714,L25554
lemma/124734,L25555
lemma/124777,L25560
lemma/124778,L25561
lemma/124741,L25556
lemma/124762,L25557
lemma/124763,L25558
lemma/124766,L25559
lemma/124797,L25562
lemma/124803,L25563
lemma/124837,L25564
lemma/124845,L25565
lemma/124847,L25566
lemma/124877,L25569
lemma/124887,L25570
lemma/124894,L25571
lemma/124895,L25572
lemma/124907,L25573
lemma/124914,L25574
lemma/124944,L25575
lemma/124957,L25576
lemma/124989,L25577
lemma/124992,L25578
lemma/125010,L25579
lemma/125051,L25580
lemma/125058,L25581
lemma/125061,L25582
lemma/125075,L25583
lemma/125083,L25584
lemma/125088,L25585
lemma/125093,L25586
lemma/125098,L25587
lemma/125108,L25588
lemma/125124,L25589
lemma/125136,L25590
lemma/125139,L25591
lemma/125159,L25592
lemma/125178,L25596
lemma/125179,L25597
lemma/125182,L25598
lemma/125200,L25599
lemma/125164,L25593
lemma/125169,L25594
lemma/125171,L25595
lemma/125212,L25600
lemma/125222,L25601
lemma/125237,L25602
lemma/125240,L25603
lemma/125268,L25604
lemma/125407,L25614
lemma/125411,L25615
lemma/125415,L25616
lemma/125421,L25617
lemma/125422,L25618
lemma/125423,L25619
lemma/125425,L25620
lemma/125446,L25621
lemma/116749,L23926
lemma/116757,L23927
lemma/116745,L23923
lemma/116746,L23924
lemma/116892,L23975
lemma/116894,L23976
lemma/116895,L23977
lemma/116902,L23978
lemma/116903,L23979
lemma/116904,L23980
lemma/116726,L23915
lemma/116728,L23916
lemma/116734,L23917
lemma/116738,L23918
lemma/116739,L23919
lemma/116741,L23920
lemma/116742,L23921
lemma/116743,L23922
lemma/116789,L23934
lemma/116759,L23928
lemma/116760,L23929
lemma/116761,L23930
lemma/116769,L23931
lemma/116774,L23932
lemma/116788,L23933
lemma/116818,L23943
lemma/116791,L23935
lemma/116792,L23936
lemma/116793,L23937
lemma/116796,L23938
lemma/116802,L23939
lemma/116803,L23940
lemma/116816,L23941
lemma/116817,L23942
lemma/116821,L23944
lemma/116829,L23945
lemma/116830,L23946
lemma/116838,L23947
lemma/116839,L23948
lemma/116840,L23949
lemma/116841,L23950
lemma/116843,L23951
lemma/116849,L23952
lemma/116850,L23953
lemma/116865,L23961
lemma/116854,L23954
lemma/116855,L23955
lemma/116857,L23956
lemma/116858,L23957
lemma/116860,L23958
lemma/116863,L23959
lemma/116864,L23960
lemma/116888,L23972
lemma/116889,L23973
lemma/116891,L23974
lemma/116867,L23962
lemma/116868,L23963
lemma/116872,L23964
lemma/116874,L23965
lemma/116876,L23966
lemma/116877,L23967
lemma/116880,L23968
lemma/116881,L23969
lemma/116882,L23970
lemma/116886,L23971
lemma/116908,L23981
lemma/116909,L23982
lemma/116913,L23983
lemma/116924,L23984
lemma/116928,L23985
lemma/116943,L23986
lemma/116945,L23987
lemma/116952,L23988
lemma/116968,L23989
lemma/117010,L23990
lemma/117012,L23991
lemma/117017,L23992
lemma/117020,L23993
lemma/117029,L23998
lemma/117032,L23999
lemma/117036,L24000
lemma/117041,L24001
lemma/117025,L23995
lemma/117027,L23996
lemma/117028,L23997
lemma/117042,L24002
lemma/117044,L24003
lemma/117047,L24004
lemma/117048,L24005
lemma/117049,L24006
lemma/117054,L24007
lemma/117055,L24008
lemma/117056,L24009
lemma/117059,L24010
lemma/117061,L24011
lemma/117062,L24012
lemma/117070,L24013
lemma/117072,L24014
lemma/117073,L24015
lemma/117023,L23994
lemma/119789,L24656
lemma/119790,L24657
lemma/119791,L24658
lemma/119782,L24654
lemma/119783,L24655
lemma/119958,L24704
lemma/119965,L24705
lemma/119971,L24706
lemma/119973,L24707
lemma/119651,L24616
lemma/119652,L24617
lemma/119655,L24618
lemma/119656,L24619
lemma/119630,L24610
lemma/119634,L24611
lemma/119638,L24612
lemma/119639,L24613
lemma/119646,L24614
lemma/119647,L24615
lemma/119685,L24626
lemma/119696,L24627
lemma/119701,L24628
lemma/119705,L24629
lemma/119712,L24630
lemma/119714,L24631
lemma/119717,L24632
lemma/119721,L24633
lemma/119722,L24634
lemma/119723,L24635
lemma/119724,L24636
lemma/119727,L24637
lemma/119729,L24638
lemma/119730,L24639
lemma/119735,L24640
lemma/119740,L24641
lemma/119743,L24642
lemma/119747,L24643
lemma/119748,L24644
lemma/119749,L24645
lemma/119751,L24646
lemma/119754,L24647
lemma/119759,L24648
lemma/119765,L24649
lemma/119770,L24650
lemma/119792,L24659
lemma/119771,L24651
lemma/119774,L24652
lemma/119777,L24653
lemma/119795,L24660
lemma/119798,L24661
lemma/119805,L24662
lemma/119807,L24663
lemma/119811,L24664
lemma/119812,L24665
lemma/119813,L24666
lemma/119823,L24667
lemma/119826,L24668
lemma/119830,L24669
lemma/119831,L24670
lemma/119834,L24671
lemma/119835,L24672
lemma/119836,L24673
lemma/119839,L24674
lemma/119845,L24675
lemma/119847,L24676
lemma/119848,L24677
lemma/119852,L24678
lemma/119856,L24679
lemma/119859,L24680
lemma/119863,L24681
lemma/119873,L24682
lemma/119874,L24683
lemma/119875,L24684
lemma/119878,L24685
lemma/119884,L24686
lemma/119888,L24687
lemma/119893,L24688
lemma/119900,L24689
lemma/119906,L24690
lemma/119908,L24691
lemma/119912,L24692
lemma/119914,L24693
lemma/119916,L24694
lemma/119924,L24695
lemma/119927,L24696
lemma/119934,L24697
lemma/119938,L24698
lemma/119948,L24699
lemma/119949,L24700
lemma/119950,L24701
lemma/119954,L24702
lemma/119956,L24703
lemma/120005,L24710
lemma/120008,L24711
lemma/120009,L24712
lemma/120010,L24713
lemma/120017,L24714
lemma/120020,L24715
lemma/120024,L24716
lemma/120025,L24717
lemma/106419,L22313
lemma/106408,L22310
lemma/106411,L22312
lemma/106409,L22311
lemma/106444,L22320
lemma/106450,L22321
lemma/106454,L22322
lemma/106461,L22323
lemma/106463,L22324
lemma/106469,L22325
lemma/106472,L22326
lemma/106482,L22327
lemma/106495,L22329
lemma/106497,L22330
lemma/106493,L22328
lemma/106498,L22331
lemma/106499,L22332
lemma/106510,L22334
lemma/106504,L22333
lemma/106519,L22335
lemma/106535,L22337
lemma/106539,L22338
lemma/106552,L22339
lemma/106531,L22336
lemma/106567,L22341
lemma/106561,L22340
lemma/106579,L22344
lemma/106572,L22342
lemma/106573,L22343
lemma/106588,L22345
lemma/106590,L22346
lemma/106592,L22347
lemma/106593,L22348
lemma/106599,L22349
lemma/106607,L22352
lemma/106614,L22353
lemma/106615,L22354
lemma/106601,L22350
lemma/106605,L22351
lemma/106619,L22355
lemma/106633,L22358
lemma/106635,L22359
lemma/106620,L22356
lemma/106622,L22357
lemma/106642,L22360
lemma/106657,L22361
lemma/106681,L22365
lemma/106669,L22362
lemma/106672,L22363
lemma/106675,L22364
lemma/106682,L22366
lemma/106696,L22367
lemma/106723,L22368
lemma/106725,L22369
lemma/106737,L22370
lemma/106743,L22371
lemma/106744,L22372
lemma/106752,L22373
lemma/106761,L22374
lemma/106764,L22375
lemma/106772,L22376
lemma/106777,L22377
lemma/106780,L22378
lemma/106785,L22379
lemma/106786,L22380
lemma/106787,L22381
lemma/106788,L22382
lemma/106790,L22383
lemma/106792,L22384
lemma/106793,L22385
lemma/106795,L22386
lemma/106796,L22387
lemma/106800,L22388
lemma/106803,L22389
lemma/106814,L22390
lemma/106825,L22391
lemma/106828,L22392
lemma/106829,L22393
lemma/106830,L22394
lemma/106868,L22402
lemma/106869,L22403
lemma/106871,L22404
lemma/106872,L22405
lemma/106873,L22406
lemma/106874,L22407
lemma/106875,L22408
lemma/106876,L22409
lemma/106831,L22395
lemma/106834,L22396
lemma/106840,L22397
lemma/106849,L22398
lemma/106852,L22399
lemma/106856,L22400
lemma/106867,L22401
lemma/106880,L22410
lemma/106883,L22411
lemma/106888,L22412
lemma/106896,L22413
lemma/106897,L22414
lemma/106900,L22415
lemma/130270,L26532
lemma/130276,L26533
lemma/130292,L26534
lemma/130301,L26535
lemma/130307,L26536
lemma/130308,L26537
lemma/130326,L26538
lemma/130564,L26566
lemma/130566,L26567
lemma/130575,L26568
lemma/130582,L26569
lemma/130586,L26570
lemma/130588,L26571
lemma/130904,L26602
lemma/130924,L26603
lemma/130645,L26573
lemma/130651,L26574
lemma/130658,L26575
lemma/130663,L26576
lemma/130685,L26577
lemma/130705,L26578
lemma/130640,L26572
lemma/130725,L26579
lemma/130726,L26580
lemma/130728,L26581
lemma/130729,L26582
lemma/130743,L26583
lemma/130745,L26584
lemma/130746,L26585
lemma/130766,L26586
lemma/130859,L26595
lemma/130868,L26596
lemma/130882,L26597
lemma/130884,L26598
lemma/130888,L26599
lemma/130891,L26600
lemma/130897,L26601
lemma/130983,L26609
lemma/131021,L26610
lemma/130944,L26604
lemma/130954,L26605
lemma/130961,L26606
lemma/130968,L26607
lemma/130971,L26608
lemma/131033,L26611
lemma/131039,L26612
lemma/131042,L26613
lemma/131043,L26614
lemma/131052,L26615
lemma/130805,L26591
lemma/130831,L26592
lemma/130837,L26593
lemma/130847,L26594
lemma/130780,L26587
lemma/130789,L26588
lemma/130793,L26589
lemma/130801,L26590
lemma/130163,L26516
lemma/130168,L26517
lemma/130173,L26518
lemma/130174,L26519
lemma/130175,L26520
lemma/130183,L26521
lemma/130191,L26522
lemma/130192,L26523
lemma/130195,L26524
lemma/130198,L26525
lemma/130201,L26526
lemma/130229,L26527
lemma/130232,L26528
lemma/130235,L26529
lemma/130243,L26530
lemma/130252,L26531
lemma/130338,L26539
lemma/130340,L26540
lemma/130343,L26541
lemma/130363,L26542
lemma/130380,L26543
lemma/130383,L26544
lemma/130384,L26545
lemma/130389,L26546
lemma/130423,L26547
lemma/130426,L26548
lemma/130433,L26549
lemma/130449,L26550
lemma/130456,L26551
lemma/130467,L26552
lemma/130472,L26553
lemma/130476,L26554
lemma/130482,L26555
lemma/130552,L26563
lemma/130553,L26564
lemma/130559,L26565
lemma/130506,L26557
lemma/130526,L26558
lemma/130542,L26559
lemma/130544,L26560
lemma/130548,L26561
lemma/130551,L26562
lemma/130485,L26556
lemma/125714,L25653
lemma/125719,L25654
lemma/125726,L25655
lemma/125730,L25656
lemma/125755,L25657
lemma/125779,L25658
lemma/126021,L25696
lemma/126029,L25697
lemma/126037,L25698
lemma/126039,L25699
lemma/126043,L25700
lemma/126059,L25704
lemma/126063,L25705
lemma/126045,L25701
lemma/126046,L25702
lemma/126054,L25703
lemma/125333,L25608
lemma/125334,L25609
lemma/125343,L25610
lemma/125369,L25611
lemma/125371,L25612
lemma/125376,L25613
lemma/125449,L25622
lemma/125455,L25623
lemma/125465,L25624
lemma/125471,L25625
lemma/125481,L25626
lemma/125487,L25627
lemma/125512,L25632
lemma/125513,L25633
lemma/125539,L25634
lemma/125542,L25635
lemma/125548,L25636
lemma/125493,L25628
lemma/125495,L25629
lemma/125502,L25630
lemma/125511,L25631
lemma/125566,L25637
lemma/125612,L25638
lemma/125614,L25639
lemma/125634,L25640
lemma/125650,L25641
lemma/125658,L25642
lemma/125664,L25643
lemma/125666,L25644
lemma/125669,L25645
lemma/125695,L25650
lemma/125702,L25651
lemma/125705,L25652
lemma/125672,L25646
lemma/125683,L25647
lemma/125693,L25648
lemma/125694,L25649
lemma/125787,L25659
lemma/125809,L25660
lemma/125811,L25661
lemma/125812,L25662
lemma/125815,L25663
lemma/125826,L25664
lemma/125834,L25665
lemma/125839,L25666
lemma/125841,L25667
lemma/125843,L25668
lemma/125874,L25669
lemma/125886,L25670
lemma/125897,L25671
lemma/125898,L25672
lemma/125899,L25673
lemma/125900,L25674
lemma/125910,L25675
lemma/125928,L25676
lemma/125943,L25677
lemma/125958,L25678
lemma/125966,L25679
lemma/125975,L25680
lemma/125984,L25681
lemma/125989,L25682
lemma/125992,L25683
lemma/125993,L25684
lemma/125996,L25685
lemma/125997,L25686
lemma/125999,L25687
lemma/126001,L25688
lemma/126002,L25689
lemma/126003,L25690
lemma/126005,L25691
lemma/126008,L25692
lemma/126009,L25693
lemma/126012,L25694
lemma/126019,L25695
lemma/126064,L25706
lemma/126068,L25707
lemma/126069,L25708
lemma/126074,L25709
lemma/126075,L25710
lemma/126076,L25711
lemma/126084,L25712
lemma/126085,L25713
lemma/126088,L25714
lemma/126093,L25715
lemma/107069,L22448
lemma/106905,L22416
lemma/106911,L22417
lemma/106912,L22418
lemma/106925,L22419
lemma/106928,L22420
lemma/106929,L22421
lemma/106931,L22422
lemma/106937,L22423
lemma/106940,L22424
lemma/106946,L22425
lemma/106959,L22429
lemma/106961,L22430
lemma/106962,L22431
lemma/106964,L22432
lemma/106952,L22426
lemma/106954,L22427
lemma/106955,L22428
lemma/106965,L22433
lemma/106966,L22434
lemma/106982,L22435
lemma/106989,L22436
lemma/106990,L22437
lemma/106991,L22438
lemma/106995,L22439
lemma/107004,L22440
lemma/107005,L22441
lemma/107142,L22449
lemma/107144,L22450
lemma/107153,L22451
lemma/107163,L22452
lemma/107164,L22453
lemma/107166,L22454
lemma/107044,L22447
lemma/107015,L22442
lemma/107017,L22443
lemma/107020,L22444
lemma/107025,L22445
lemma/107034,L22446
lemma/107197,L22463
lemma/107198,L22464
lemma/107201,L22465
lemma/107204,L22466
lemma/107208,L22467
lemma/107210,L22468
lemma/107167,L22455
lemma/107174,L22456
lemma/107182,L22457
lemma/107184,L22458
lemma/107185,L22459
lemma/107186,L22460
lemma/107187,L22461
lemma/107193,L22462
lemma/107215,L22469
lemma/107223,L22470
lemma/107228,L22471
lemma/107230,L22472
lemma/107234,L22473
lemma/107237,L22474
lemma/107246,L22475
lemma/107302,L22480
lemma/107327,L22481
lemma/107328,L22482
lemma/107340,L22483
lemma/107347,L22484
lemma/107349,L22485
lemma/107249,L22476
lemma/107256,L22477
lemma/107262,L22478
lemma/107269,L22479
lemma/107359,L22486
lemma/107365,L22487
lemma/107370,L22488
lemma/107375,L22489
lemma/107406,L22490
lemma/107417,L22491
lemma/107425,L22492
lemma/107447,L22498
lemma/107451,L22499
lemma/107426,L22493
lemma/107429,L22494
lemma/107434,L22495
lemma/107435,L22496
lemma/107446,L22497
lemma/107452,L22500
lemma/107453,L22501
lemma/107454,L22502
lemma/107457,L22503
lemma/107470,L22504
lemma/107495,L22505
lemma/107508,L22506
lemma/107510,L22507
lemma/107515,L22508
lemma/107519,L22509
lemma/107521,L22510
lemma/107528,L22511
lemma/107592,L22512
lemma/107600,L22513
lemma/107610,L22514
lemma/107616,L22515
lemma/119980,L24708
lemma/120139,L24751
lemma/120140,L24752
lemma/120141,L24753
lemma/120143,L24754
lemma/120148,L24755
lemma/120156,L24756
lemma/120489,L24800
lemma/120491,L24801
lemma/120504,L24802
lemma/120518,L24803
lemma/120522,L24804
lemma/119988,L24709
lemma/120029,L24718
lemma/120035,L24719
lemma/120036,L24720
lemma/120048,L24721
lemma/120051,L24722
lemma/120054,L24723
lemma/120055,L24724
lemma/120056,L24725
lemma/120066,L24726
lemma/120067,L24727
lemma/120069,L24728
lemma/120070,L24729
lemma/120071,L24730
lemma/120074,L24731
lemma/120077,L24732
lemma/120078,L24733
lemma/120079,L24734
lemma/120092,L24735
lemma/120094,L24736
lemma/120097,L24737
lemma/120100,L24738
lemma/120103,L24739
lemma/120106,L24740
lemma/120111,L24741
lemma/120114,L24742
lemma/120118,L24743
lemma/120121,L24744
lemma/120122,L24745
lemma/120124,L24746
lemma/120132,L24747
lemma/120134,L24748
lemma/120136,L24749
lemma/120138,L24750
lemma/120159,L24757
lemma/120163,L24758
lemma/120169,L24759
lemma/120173,L24760
lemma/120174,L24761
lemma/120176,L24762
lemma/120181,L24763
lemma/120182,L24764
lemma/120183,L24765
lemma/120187,L24766
lemma/120195,L24767
lemma/120197,L24768
lemma/120206,L24769
lemma/120207,L24770
lemma/120208,L24771
lemma/120209,L24772
lemma/120212,L24773
lemma/120218,L24774
lemma/120234,L24775
lemma/120242,L24776
lemma/120245,L24777
lemma/120301,L24778
lemma/120306,L24779
lemma/120344,L24780
lemma/120348,L24781
lemma/120357,L24782
lemma/120360,L24783
lemma/120361,L24784
lemma/120372,L24785
lemma/120374,L24786
lemma/120378,L24787
lemma/120386,L24788
lemma/120387,L24789
lemma/120402,L24790
lemma/120417,L24791
lemma/120423,L24792
lemma/120445,L24793
lemma/120448,L24794
lemma/120449,L24795
lemma/120465,L24796
lemma/120468,L24797
lemma/120475,L24798
lemma/120483,L24799
lemma/120525,L24805
lemma/120536,L24806
lemma/120545,L24807
lemma/120610,L24817
lemma/120615,L24818
lemma/120616,L24819
lemma/120618,L24820
lemma/120619,L24821
lemma/120667,L24822
lemma/120674,L24823
lemma/120689,L24824
lemma/117096,L24023
lemma/117097,L24024
lemma/117101,L24025
lemma/117103,L24026
lemma/117262,L24074
lemma/117263,L24075
lemma/117265,L24076
lemma/117269,L24077
lemma/117382,L24123
lemma/117383,L24124
lemma/117074,L24016
lemma/117075,L24017
lemma/117080,L24018
lemma/117085,L24019
lemma/117092,L24020
lemma/117093,L24021
lemma/117094,L24022
lemma/117107,L24027
lemma/117110,L24028
lemma/117113,L24029
lemma/117125,L24032
lemma/117130,L24033
lemma/117132,L24034
lemma/117136,L24035
lemma/117139,L24036
lemma/117141,L24037
lemma/117146,L24039
lemma/117114,L24030
lemma/117115,L24031
lemma/117227,L24058
lemma/117155,L24040
lemma/117156,L24041
lemma/117157,L24042
lemma/117158,L24043
lemma/117167,L24044
lemma/117168,L24045
lemma/117171,L24046
lemma/117176,L24047
lemma/117177,L24048
lemma/117183,L24049
lemma/117186,L24050
lemma/117195,L24051
lemma/117200,L24052
lemma/117207,L24053
lemma/117212,L24054
lemma/117218,L24055
lemma/117221,L24056
lemma/117225,L24057
lemma/117271,L24078
lemma/117275,L24079
lemma/117276,L24080
lemma/117278,L24081
lemma/117280,L24082
lemma/117286,L24083
lemma/117229,L24059
lemma/117230,L24060
lemma/117231,L24061
lemma/117233,L24062
lemma/117238,L24063
lemma/117242,L24065
lemma/117246,L24066
lemma/117247,L24067
lemma/117250,L24068
lemma/117251,L24069
lemma/117255,L24070
lemma/117256,L24071
lemma/117259,L24072
lemma/117261,L24073
lemma/117289,L24084
lemma/117290,L24085
lemma/117294,L24086
lemma/117299,L24087
lemma/117298,L24088
lemma/117303,L24089
lemma/117304,L24090
lemma/117305,L24091
lemma/117306,L24092
lemma/117309,L24093
lemma/117314,L24094
lemma/117315,L24095
lemma/117319,L24096
lemma/117323,L24097
lemma/117324,L24098
lemma/117333,L24099
lemma/117335,L24100
lemma/117349,L24105
lemma/117351,L24106
lemma/117337,L24101
lemma/117340,L24102
lemma/117341,L24103
lemma/117346,L24104
lemma/117352,L24107
lemma/117353,L24108
lemma/117354,L24109
lemma/117355,L24110
lemma/117356,L24111
lemma/117358,L24112
lemma/117386,L24125
lemma/117142,L24038
lemma/117239,L24064
lemma/131217,L26626
lemma/131073,L26619
lemma/131074,L26620
lemma/131087,L26621
lemma/131089,L26622
lemma/131194,L26623
lemma/131215,L26624
lemma/131216,L26625
lemma/131060,L26616
lemma/131068,L26617
lemma/131072,L26618
lemma/97341,L26633
lemma/103923,L26630
lemma/106616,L26627
lemma/115124,L26631
lemma/116417,L26634
lemma/120741,L26628
lemma/128631,L26629
lemma/90531,L26632
lemma/117489,L24169
lemma/117491,L24171
lemma/117492,L24172
lemma/117918,L24213
lemma/117944,L24214
lemma/117946,L24215
lemma/117359,L24113
lemma/117360,L24114
lemma/117362,L24115
lemma/117371,L24116
lemma/117387,L24126
lemma/117389,L24127
lemma/117390,L24128
lemma/117391,L24129
lemma/117393,L24130
lemma/117394,L24131
lemma/117373,L24117
lemma/117375,L24118
lemma/117377,L24119
lemma/117378,L24120
lemma/117379,L24121
lemma/117380,L24122
lemma/117400,L24132
lemma/117401,L24133
lemma/117404,L24134
lemma/117405,L24135
lemma/117406,L24136
lemma/117407,L24137
lemma/117408,L24138
lemma/117410,L24139
lemma/117411,L24140
lemma/117413,L24141
lemma/117415,L24142
lemma/117417,L24143
lemma/117421,L24144
lemma/117425,L24145
lemma/117427,L24146
lemma/117431,L24147
lemma/117434,L24148
lemma/117436,L24149
lemma/117440,L24150
lemma/117443,L24151
lemma/117444,L24152
lemma/117445,L24153
lemma/117446,L24154
lemma/117450,L24155
lemma/117451,L24156
lemma/117455,L24157
lemma/117457,L24158
lemma/117461,L24159
lemma/117468,L24160
lemma/117469,L24161
lemma/117476,L24162
lemma/117478,L24163
lemma/117479,L24164
lemma/117481,L24165
lemma/117484,L24166
lemma/117487,L24167
lemma/117488,L24168
lemma/117494,L24173
lemma/117495,L24174
lemma/117498,L24175
lemma/117504,L24176
lemma/117537,L24177
lemma/117548,L24178
lemma/117549,L24179
lemma/117554,L24180
lemma/117597,L24181
lemma/117665,L24182
lemma/117678,L24183
lemma/117720,L24184
lemma/117730,L24185
lemma/117732,L24186
lemma/117732,L24187
lemma/117766,L24188
lemma/117780,L24189
lemma/117803,L24191
lemma/117860,L24201
lemma/117861,L24202
lemma/117862,L24203
lemma/117865,L24204
lemma/117868,L24205
lemma/117886,L24206
lemma/117888,L24207
lemma/117810,L24194
lemma/117814,L24195
lemma/117816,L24196
lemma/117835,L24197
lemma/117838,L24198
lemma/117852,L24199
lemma/117857,L24200
lemma/117806,L24192
lemma/117809,L24193
lemma/117891,L24208
lemma/117903,L24209
lemma/117905,L24210
lemma/117908,L24211
lemma/117910,L24212
lemma/117490,L24170
lemma/117797,L24190
lemma/107649,L22521
lemma/107653,L22522
lemma/107654,L22523
lemma/107802,L22569
lemma/107805,L22570
lemma/107956,L22618
lemma/107623,L22516
lemma/107632,L22517
lemma/107636,L22518
lemma/107639,L22519
lemma/107643,L22520
lemma/107655,L22524
lemma/107660,L22525
lemma/107662,L22526
lemma/107665,L22527
lemma/107666,L22528
lemma/107670,L22529
lemma/107678,L22532
lemma/107690,L22533
lemma/107693,L22534
lemma/107694,L22535
lemma/107702,L22536
lemma/107703,L22537
lemma/107675,L22530
lemma/107677,L22531
lemma/107705,L22538
lemma/107709,L22539
lemma/107714,L22540
lemma/107720,L22541
lemma/107721,L22542
lemma/107722,L22543
lemma/107724,L22544
lemma/107727,L22545
lemma/107735,L22546
lemma/107736,L22547
lemma/107748,L22548
lemma/107750,L22549
lemma/107753,L22550
lemma/107757,L22551
lemma/107758,L22552
lemma/107759,L22553
lemma/107760,L22554
lemma/107761,L22555
lemma/107762,L22556
lemma/107771,L22557
lemma/107776,L22558
lemma/107777,L22559
lemma/107779,L22560
lemma/107780,L22561
lemma/107781,L22562
lemma/107785,L22563
lemma/107790,L22567
lemma/107792,L22568
lemma/107806,L22571
lemma/107809,L22572
lemma/107787,L22564
lemma/107788,L22565
lemma/107789,L22566
lemma/107812,L22573
lemma/107818,L22574
lemma/107819,L22575
lemma/107821,L22576
lemma/107822,L22577
lemma/107824,L22578
lemma/107830,L22579
lemma/107832,L22580
lemma/107838,L22581
lemma/107839,L22582
lemma/107840,L22583
lemma/107841,L22584
lemma/107843,L22585
lemma/107845,L22586
lemma/107846,L22587
lemma/107847,L22588
lemma/107850,L22589
lemma/107858,L22590
lemma/107859,L22591
lemma/107860,L22592
lemma/107861,L22593
lemma/107871,L22594
lemma/107873,L22595
lemma/107877,L22596
lemma/107878,L22597
lemma/107880,L22598
lemma/107911,L22602
lemma/107915,L22603
lemma/107918,L22604
lemma/107924,L22605
lemma/107928,L22606
lemma/107929,L22607
lemma/107895,L22599
lemma/107902,L22600
lemma/107904,L22601
lemma/107959,L22619
lemma/107969,L22620
lemma/107973,L22621
lemma/107975,L22622
lemma/107978,L22623
lemma/107991,L22624
lemma/107994,L22625
lemma/126183,L25753
lemma/126190,L25754
lemma/126193,L25755
lemma/126196,L25756
lemma/126198,L25757
lemma/126199,L25758
lemma/126298,L25793
lemma/126299,L25794
lemma/126301,L25795
lemma/126374,L25821
lemma/126094,L25716
lemma/126095,L25717
lemma/126096,L25718
lemma/126102,L25719
lemma/126105,L25720
lemma/126108,L25721
lemma/126112,L25722
lemma/126114,L25723
lemma/126119,L25724
lemma/126123,L25725
lemma/126124,L25726
lemma/126127,L25727
lemma/126130,L25728
lemma/126131,L25729
lemma/126132,L25730
lemma/126133,L25731
lemma/126134,L25732
lemma/126136,L25733
lemma/126138,L25734
lemma/126139,L25735
lemma/126140,L25736
lemma/126143,L25737
lemma/126145,L25738
lemma/126146,L25739
lemma/126173,L25750
lemma/126176,L25751
lemma/126179,L25752
lemma/126151,L25740
lemma/126156,L25741
lemma/126162,L25742
lemma/126163,L25743
lemma/126164,L25744
lemma/126165,L25745
lemma/126167,L25746
lemma/126168,L25747
lemma/126170,L25748
lemma/126172,L25749
lemma/126201,L25759
lemma/126208,L25760
lemma/126210,L25761
lemma/126213,L25762
lemma/126215,L25763
lemma/126221,L25764
lemma/126224,L25765
lemma/126226,L25766
lemma/126229,L25767
lemma/126230,L25768
lemma/126234,L25769
lemma/126237,L25770
lemma/126238,L25771
lemma/126239,L25772
lemma/126240,L25773
lemma/126241,L25774
lemma/126242,L25775
lemma/126243,L25776
lemma/126250,L25777
lemma/126253,L25778
lemma/126259,L25779
lemma/126261,L25780
lemma/126263,L25781
lemma/126265,L25782
lemma/126268,L25783
lemma/126269,L25784
lemma/126274,L25786
lemma/126276,L25787
lemma/126277,L25788
lemma/126287,L25789
lemma/126311,L25799
lemma/126288,L25790
lemma/126292,L25791
lemma/126297,L25792
lemma/122360,L24893
lemma/122361,L24894
lemma/122362,L24895
lemma/122363,L24896
lemma/122364,L24897
lemma/122365,L24898
lemma/122366,L24899
lemma/122367,L24900
lemma/122368,L24901
lemma/122369,L24902
lemma/122370,L24903
lemma/122371,L24904
lemma/122372,L24905
lemma/122373,L24906
lemma/122374,L24907
lemma/122375,L24908
lemma/122377,L24909
lemma/122388,L24920
lemma/122389,L24921
lemma/126305,L25796
lemma/126307,L25797
lemma/126310,L25798
lemma/126333,L25806
lemma/126313,L25800
lemma/126315,L25801
lemma/126320,L25802
lemma/126327,L25804
lemma/126329,L25805
lemma/126324,L25803
lemma/126338,L25807
lemma/126340,L25808
lemma/126341,L25809
lemma/126343,L25810
lemma/126348,L25811
lemma/126367,L25818
lemma/126369,L25819
lemma/126373,L25820
lemma/126271,L25785
lemma/120934,L24840
lemma/120935,L24841
lemma/121018,L24842
lemma/121028,L24843
lemma/121037,L24844
lemma/122345,L24878
lemma/122346,L24879
lemma/122390,L24922
lemma/122391,L24923
lemma/122392,L24924
lemma/122393,L24925
lemma/120546,L24808
lemma/120549,L24809
lemma/120556,L24810
lemma/120559,L24811
lemma/120566,L24812
lemma/120585,L24813
lemma/120586,L24814
lemma/120600,L24815
lemma/120601,L24816
lemma/120695,L24825
lemma/120698,L24826
lemma/120699,L24827
lemma/120701,L24828
lemma/120725,L24829
lemma/120727,L24830
lemma/120729,L24831
lemma/120730,L24832
lemma/120733,L24833
lemma/120761,L24835
lemma/120762,L24836
lemma/120925,L24837
lemma/120927,L24838
lemma/120928,L24839
lemma/120742,L24834
lemma/121041,L24845
lemma/121046,L24846
lemma/121047,L24847
lemma/121050,L24848
lemma/121119,L24849
lemma/121120,L24850
lemma/121142,L24852
lemma/121148,L24853
lemma/121155,L24854
lemma/121157,L24855
lemma/121128,L24851
lemma/121174,L24856
lemma/121178,L24857
lemma/121190,L24858
lemma/121257,L24859
lemma/121258,L24860
lemma/121271,L24861
lemma/121272,L24862
lemma/121311,L24863
lemma/121448,L24864
lemma/121597,L24865
lemma/121614,L24866
lemma/121646,L24867
lemma/121652,L24868
lemma/121723,L24869
lemma/121745,L24870
lemma/121760,L24871
lemma/121818,L24872
lemma/122336,L24873
lemma/122338,L24874
lemma/122340,L24875
lemma/122342,L24876
lemma/122343,L24877
lemma/122351,L24884
lemma/122352,L24885
lemma/122353,L24886
lemma/122354,L24887
lemma/122355,L24888
lemma/122356,L24889
lemma/122347,L24880
lemma/122348,L24881
lemma/122349,L24882
lemma/122350,L24883
lemma/122357,L24890
lemma/122358,L24891
lemma/122359,L24892
lemma/107946,L22615
lemma/107949,L22616
lemma/107951,L22617
lemma/108131,L22658
lemma/108132,L22659
lemma/108134,L22660
lemma/108279,L22700
lemma/108284,L22701
lemma/107931,L22608
lemma/107932,L22609
lemma/107934,L22610
lemma/107935,L22611
lemma/107936,L22612
lemma/107937,L22613
lemma/107942,L22614
lemma/107995,L22626
lemma/107996,L22627
lemma/108001,L22628
lemma/108004,L22629
lemma/108005,L22630
lemma/108027,L22631
lemma/108028,L22632
lemma/108033,L22633
lemma/108039,L22634
lemma/108048,L22635
lemma/108049,L22636
lemma/108050,L22637
lemma/108055,L22638
lemma/108057,L22639
lemma/108063,L22640
lemma/108066,L22641
lemma/108067,L22642
lemma/108077,L22643
lemma/108078,L22644
lemma/108081,L22645
lemma/108087,L22646
lemma/108092,L22647
lemma/108095,L22648
lemma/108096,L22649
lemma/108100,L22650
lemma/108109,L22651
lemma/108110,L22652
lemma/108121,L22653
lemma/108124,L22654
lemma/108125,L22655
lemma/108126,L22656
lemma/108130,L22657
lemma/108141,L22661
lemma/108147,L22662
lemma/108149,L22663
lemma/108155,L22664
lemma/108158,L22665
lemma/108159,L22666
lemma/108167,L22667
lemma/108200,L22672
lemma/108206,L22673
lemma/108207,L22674
lemma/108215,L22675
lemma/108171,L22668
lemma/108172,L22669
lemma/108184,L22670
lemma/108188,L22671
lemma/108221,L22676
lemma/108224,L22677
lemma/108226,L22678
lemma/108231,L22679
lemma/108232,L22680
lemma/108234,L22681
lemma/108235,L22682
lemma/108236,L22683
lemma/108237,L22684
lemma/108238,L22685
lemma/108246,L22686
lemma/108247,L22687
lemma/108248,L22688
lemma/108253,L22689
lemma/108255,L22690
lemma/108257,L22691
lemma/108259,L22692
lemma/108260,L22693
lemma/108261,L22694
lemma/108268,L22695
lemma/108272,L22696
lemma/108275,L22697
lemma/108276,L22698
lemma/108278,L22699
lemma/108296,L22702
lemma/108299,L22703
lemma/108307,L22707
lemma/108315,L22708
lemma/108324,L22709
lemma/108325,L22710
lemma/108327,L22711
lemma/108300,L22704
lemma/108301,L22705
lemma/108302,L22706
lemma/108329,L22712
lemma/108335,L22713
lemma/108341,L22714
lemma/108384,L22725
lemma/126378,L25822
lemma/126379,L25823
lemma/126384,L25824
lemma/126385,L25825
lemma/126386,L25826
lemma/126458,L25864
lemma/126461,L25865
lemma/126462,L25866
lemma/126463,L25867
lemma/126464,L25868
lemma/126466,L25869
lemma/126548,L25897
lemma/126550,L25898
lemma/126554,L25899
lemma/126556,L25900
lemma/126355,L25812
lemma/126356,L25813
lemma/126359,L25814
lemma/126360,L25815
lemma/126361,L25816
lemma/126363,L25817
lemma/126388,L25827
lemma/126394,L25828
lemma/126396,L25829
lemma/126400,L25830
lemma/126402,L25831
lemma/126403,L25832
lemma/126404,L25833
lemma/126406,L25834
lemma/126407,L25835
lemma/126408,L25836
lemma/126409,L25837
lemma/126410,L25838
lemma/126415,L25839
lemma/126419,L25840
lemma/126420,L25841
lemma/126425,L25842
lemma/126427,L25843
lemma/126438,L25852
lemma/126439,L25853
lemma/126441,L25854
lemma/126442,L25855
lemma/126443,L25856
lemma/126445,L25857
lemma/126446,L25858
lemma/126450,L25859
lemma/126452,L25860
lemma/126429,L25844
lemma/126430,L25845
lemma/126431,L25846
lemma/126432,L25847
lemma/126433,L25848
lemma/126434,L25849
lemma/126435,L25850
lemma/126437,L25851
lemma/126453,L25861
lemma/126454,L25862
lemma/126455,L25863
lemma/126496,L25878
lemma/126498,L25879
lemma/126503,L25880
lemma/126504,L25881
lemma/126506,L25882
lemma/126507,L25883
lemma/126508,L25884
lemma/126513,L25885
lemma/126473,L25870
lemma/126475,L25871
lemma/126480,L25872
lemma/126482,L25873
lemma/126483,L25874
lemma/126484,L25875
lemma/126485,L25876
lemma/126495,L25877
lemma/126517,L25886
lemma/126523,L25887
lemma/126524,L25888
lemma/126530,L25889
lemma/126538,L25892
lemma/126532,L25890
lemma/126537,L25891
lemma/126545,L25896
lemma/126539,L25893
lemma/126541,L25894
lemma/126542,L25895
lemma/126558,L25901
lemma/126573,L25902
lemma/126580,L25903
lemma/126588,L25904
lemma/126596,L25907
lemma/126597,L25908
lemma/126601,L25909
lemma/126602,L25910
lemma/126604,L25911
lemma/126591,L25905
lemma/126595,L25906
lemma/126606,L25912
lemma/126612,L25913
lemma/126641,L25924
lemma/126644,L25925
lemma/122394,L24926
lemma/122403,L24935
lemma/122404,L24936
lemma/122405,L24937
lemma/122406,L24938
lemma/122407,L24939
lemma/122408,L24940
lemma/122409,L24941
lemma/122410,L24942
lemma/122411,L24943
lemma/122420,L24952
lemma/122421,L24953
lemma/122422,L24954
lemma/122423,L24955
lemma/122425,L24956
lemma/122426,L24957
lemma/122428,L24958
lemma/122430,L24959
lemma/122431,L24960
lemma/122446,L24975
lemma/122447,L24976
lemma/122442,L24971
lemma/122443,L24972
lemma/122444,L24973
lemma/122445,L24974
lemma/122378,L24910
lemma/122379,L24911
lemma/122380,L24912
lemma/122381,L24913
lemma/122382,L24914
lemma/122383,L24915
lemma/122384,L24916
lemma/122385,L24917
lemma/122386,L24918
lemma/122387,L24919
lemma/122398,L24930
lemma/122399,L24931
lemma/122400,L24932
lemma/122401,L24933
lemma/122402,L24934
lemma/122395,L24927
lemma/122396,L24928
lemma/122397,L24929
lemma/122412,L24944
lemma/122413,L24945
lemma/122414,L24946
lemma/122415,L24947
lemma/122416,L24948
lemma/122417,L24949
lemma/122418,L24950
lemma/122419,L24951
lemma/122432,L24961
lemma/122433,L24962
lemma/122434,L24963
lemma/122435,L24964
lemma/122436,L24965
lemma/122437,L24966
lemma/122438,L24967
lemma/122439,L24968
lemma/122440,L24969
lemma/122441,L24970
lemma/122450,L24977
lemma/122451,L24978
lemma/122452,L24979
lemma/122453,L24980
lemma/122454,L24981
lemma/122455,L24982
lemma/122456,L24983
lemma/122457,L24984
lemma/122458,L24985
lemma/122459,L24986
lemma/122460,L24987
lemma/122461,L24988
lemma/122462,L24989
lemma/122463,L24990
lemma/122464,L24991
lemma/122465,L24992
lemma/122466,L24993
lemma/122467,L24994
lemma/122468,L24995
lemma/122469,L24996
lemma/122470,L24997
lemma/122471,L24998
lemma/122472,L24999
lemma/122473,L25000
lemma/122474,L25001
lemma/122475,L25002
lemma/122476,L25003
lemma/122477,L25004
lemma/122483,L25010
lemma/122484,L25011
lemma/122485,L25012
lemma/122486,L25013
lemma/122478,L25005
lemma/122479,L25006
lemma/122480,L25007
lemma/122487,L25014
lemma/122488,L25015
lemma/122489,L25016
lemma/122490,L25017
lemma/108427,L22741
lemma/108530,L22785
lemma/108532,L22786
lemma/108535,L22787
lemma/108342,L22715
lemma/108347,L22716
lemma/108348,L22717
lemma/108351,L22718
lemma/108352,L22719
lemma/108356,L22720
lemma/108389,L22726
lemma/108390,L22727
lemma/108391,L22728
lemma/108395,L22729
lemma/108396,L22730
lemma/108405,L22731
lemma/108407,L22732
lemma/108408,L22733
lemma/108409,L22734
lemma/108367,L22721
lemma/108369,L22722
lemma/108382,L22723
lemma/108383,L22724
lemma/108413,L22735
lemma/108414,L22736
lemma/108415,L22737
lemma/108419,L22738
lemma/108424,L22739
lemma/108425,L22740
lemma/108428,L22742
lemma/108431,L22743
lemma/108433,L22744
lemma/108435,L22745
lemma/108436,L22746
lemma/108441,L22747
lemma/108448,L22748
lemma/108458,L22749
lemma/108459,L22750
lemma/108460,L22751
lemma/108471,L22752
lemma/108473,L22753
lemma/108474,L22754
lemma/108475,L22755
lemma/108478,L22756
lemma/108479,L22757
lemma/108480,L22758
lemma/108481,L22759
lemma/108482,L22760
lemma/108483,L22761
lemma/108484,L22762
lemma/108485,L22763
lemma/108487,L22764
lemma/108489,L22765
lemma/108491,L22766
lemma/108492,L22767
lemma/108496,L22768
lemma/108500,L22769
lemma/108503,L22770
lemma/108505,L22771
lemma/108506,L22772
lemma/108507,L22773
lemma/108509,L22774
lemma/108510,L22775
lemma/108518,L22779
lemma/108519,L22780
lemma/108520,L22781
lemma/108523,L22782
lemma/108525,L22783
lemma/108526,L22784
lemma/108511,L22776
lemma/108513,L22777
lemma/108516,L22778
lemma/108538,L22788
lemma/108540,L22789
lemma/108542,L22790
lemma/108543,L22791
lemma/108546,L22792
lemma/108547,L22793
lemma/108558,L22798
lemma/108559,L22799
lemma/108562,L22800
lemma/108564,L22801
lemma/108571,L22802
lemma/108549,L22794
lemma/108555,L22795
lemma/108556,L22796
lemma/108557,L22797
lemma/108575,L22803
lemma/108576,L22804
lemma/108580,L22805
lemma/108582,L22806
lemma/108590,L22807
lemma/108616,L22816
lemma/108627,L22817
lemma/108628,L22818
lemma/108631,L22819
lemma/108635,L22820
lemma/108636,L22821
lemma/108637,L22822
lemma/108638,L22823
lemma/126663,L25934
lemma/126665,L25935
lemma/126676,L25936
lemma/126679,L25937
lemma/126781,L25980
lemma/126782,L25981
lemma/126783,L25982
lemma/126784,L25983
lemma/126785,L25984
lemma/126786,L25985
lemma/126787,L25986
lemma/126788,L25987
lemma/126789,L25988
lemma/126791,L25989
lemma/126792,L25990
lemma/126794,L25991
lemma/126796,L25992
lemma/126797,L25993
lemma/126799,L25994
lemma/126800,L25995
lemma/126801,L25996
lemma/126802,L25997
lemma/126803,L25998
lemma/126804,L25999
lemma/126809,L26000
lemma/126810,L26001
lemma/126811,L26002
lemma/126813,L26003
lemma/126815,L26004
lemma/126817,L26005
lemma/126819,L26006
lemma/126820,L26007
lemma/126821,L26008
lemma/126822,L26009
lemma/126823,L26010
lemma/126825,L26011
lemma/126826,L26012
lemma/126827,L26013
lemma/126830,L26014
lemma/126832,L26015
lemma/126613,L25914
lemma/126616,L25915
lemma/126619,L25916
lemma/126620,L25917
lemma/126632,L25918
lemma/126635,L25919
lemma/126636,L25920
lemma/126637,L25921
lemma/126638,L25922
lemma/126640,L25923
lemma/126645,L25926
lemma/126646,L25927
lemma/126647,L25928
lemma/126648,L25929
lemma/126653,L25930
lemma/126656,L25931
lemma/126657,L25932
lemma/126658,L25933
lemma/126701,L25940
lemma/126707,L25941
lemma/126709,L25942
lemma/126714,L25943
lemma/126721,L25944
lemma/126689,L25938
lemma/126689,L25939
lemma/126722,L25945
lemma/126723,L25946
lemma/126724,L25947
lemma/126725,L25948
lemma/126728,L25949
lemma/126729,L25950
lemma/126730,L25951
lemma/126731,L25952
lemma/126734,L25953
lemma/126735,L25954
lemma/126736,L25955
lemma/126737,L25956
lemma/126739,L25957
lemma/126742,L25958
lemma/126743,L25959
lemma/126744,L25960
lemma/126748,L25961
lemma/126751,L25962
lemma/126754,L25963
lemma/126758,L25964
lemma/126760,L25965
lemma/126761,L25966
lemma/126762,L25967
lemma/126765,L25968
lemma/126767,L25969
lemma/126774,L25975
lemma/126775,L25976
lemma/126777,L25977
lemma/126778,L25978
lemma/126769,L25970
lemma/126770,L25971
lemma/126771,L25972
lemma/126772,L25973
lemma/126773,L25974
lemma/126780,L25979
lemma/122492,L25018
lemma/122493,L25019
lemma/122494,L25020
lemma/122496,L25022
lemma/122481,L25008
lemma/122482,L25009
lemma/122503,L25028
lemma/122504,L25029
lemma/122505,L25030
lemma/122506,L25031
lemma/122497,L25023
lemma/122499,L25024
lemma/122500,L25025
lemma/122501,L25026
lemma/122502,L25027
lemma/122507,L25032
lemma/122508,L25033
lemma/122509,L25034
lemma/122510,L25035
lemma/122511,L25036
lemma/122512,L25037
lemma/122513,L25038
lemma/122514,L25039
lemma/122515,L25040
lemma/122523,L25047
lemma/122524,L25048
lemma/122516,L25041
lemma/122517,L25042
lemma/122518,L25043
lemma/122520,L25044
lemma/122521,L25045
lemma/122522,L25046
lemma/122525,L25049
lemma/122526,L25050
lemma/122527,L25051
lemma/122529,L25052
lemma/122530,L25053
lemma/122531,L25054
lemma/122532,L25055
lemma/122533,L25056
lemma/122534,L25057
lemma/122535,L25058
lemma/122536,L25059
lemma/122537,L25060
lemma/122538,L25061
lemma/122539,L25062
lemma/122540,L25063
lemma/122541,L25064
lemma/122542,L25065
lemma/122544,L25066
lemma/122545,L25067
lemma/122547,L25068
lemma/122548,L25069
lemma/122549,L25070
lemma/122550,L25071
lemma/122551,L25072
lemma/122552,L25073
lemma/122553,L25074
lemma/122554,L25075
lemma/122555,L25076
lemma/122556,L25077
lemma/122557,L25078
lemma/122558,L25079
lemma/122559,L25080
lemma/122560,L25081
lemma/122561,L25082
lemma/122563,L25083
lemma/122564,L25084
lemma/122565,L25085
lemma/122566,L25086
lemma/122567,L25087
lemma/122568,L25088
lemma/122569,L25089
lemma/122572,L25090
lemma/122573,L25091
lemma/122574,L25092
lemma/122575,L25093
lemma/122577,L25094
lemma/122578,L25095
lemma/122579,L25096
lemma/122580,L25097
lemma/122583,L25098
lemma/122584,L25099
lemma/122585,L25100
lemma/122586,L25101
lemma/122587,L25102
lemma/122588,L25103
lemma/122589,L25104
lemma/122590,L25105
lemma/122592,L25106
lemma/122593,L25107
lemma/122594,L25108
lemma/122595,L25109
lemma/122596,L25110
lemma/122597,L25111
lemma/122598,L25112
lemma/122599,L25113
lemma/122601,L25114
lemma/122602,L25115
lemma/122495,L25021
lemma/126858,L26033
lemma/126859,L26034
lemma/126860,L26035
lemma/126861,L26036
lemma/126862,L26037
lemma/126863,L26038
lemma/126864,L26039
lemma/126865,L26040
lemma/126866,L26041
lemma/126868,L26042
lemma/126869,L26043
lemma/126870,L26044
lemma/126872,L26045
lemma/126873,L26046
lemma/126874,L26047
lemma/126875,L26048
lemma/126878,L26049
lemma/126879,L26050
lemma/126884,L26051
lemma/126887,L26052
lemma/126888,L26053
lemma/126890,L26054
lemma/126891,L26055
lemma/126892,L26056
lemma/126893,L26057
lemma/126894,L26058
lemma/126895,L26059
lemma/126897,L26060
lemma/126899,L26061
lemma/126901,L26062
lemma/126903,L26063
lemma/126904,L26064
lemma/126907,L26065
lemma/126908,L26066
lemma/126944,L26085
lemma/126946,L26086
lemma/126947,L26087
lemma/126948,L26088
lemma/126949,L26089
lemma/126950,L26090
lemma/126951,L26091
lemma/126952,L26092
lemma/126953,L26093
lemma/126954,L26094
lemma/126955,L26095
lemma/126957,L26096
lemma/126960,L26097
lemma/126961,L26098
lemma/126962,L26099
lemma/126963,L26100
lemma/126965,L26101
lemma/126965,L26102
lemma/126966,L26103
lemma/126967,L26104
lemma/126969,L26105
lemma/126972,L26106
lemma/126973,L26107
lemma/126974,L26108
lemma/126977,L26109
lemma/126980,L26110
lemma/126982,L26111
lemma/126983,L26112
lemma/126984,L26113
lemma/126985,L26114
lemma/126986,L26115
lemma/126834,L26016
lemma/126835,L26017
lemma/126836,L26018
lemma/126838,L26019
lemma/126839,L26020
lemma/126840,L26021
lemma/126841,L26022
lemma/126842,L26023
lemma/126843,L26024
lemma/126844,L26025
lemma/126845,L26026
lemma/126846,L26027
lemma/126847,L26028
lemma/126848,L26029
lemma/126849,L26030
lemma/126853,L26031
lemma/126857,L26032
lemma/126911,L26067
lemma/126913,L26068
lemma/126914,L26069
lemma/126915,L26070
lemma/126917,L26071
lemma/126921,L26072
lemma/126922,L26073
lemma/126923,L26074
lemma/126925,L26075
lemma/126932,L26076
lemma/126934,L26077
lemma/126935,L26078
lemma/126936,L26079
lemma/126937,L26080
lemma/126938,L26081
lemma/126939,L26082
lemma/126941,L26083
lemma/126943,L26084
lemma/122603,L25116
lemma/122604,L25117
lemma/122702,L25212
lemma/122703,L25213
lemma/122610,L25123
lemma/122611,L25124
lemma/122612,L25125
lemma/122613,L25126
lemma/122615,L25127
lemma/122616,L25128
lemma/122618,L25129
lemma/122619,L25130
lemma/122620,L25131
lemma/122605,L25118
lemma/122606,L25119
lemma/122607,L25120
lemma/122608,L25121
lemma/122609,L25122
lemma/122621,L25132
lemma/122622,L25133
lemma/122623,L25134
lemma/122624,L25135
lemma/122625,L25136
lemma/122626,L25137
lemma/122627,L25138
lemma/122628,L25139
lemma/122629,L25140
lemma/122630,L25141
lemma/122631,L25142
lemma/122632,L25143
lemma/122633,L25144
lemma/122634,L25145
lemma/122635,L25146
lemma/122636,L25147
lemma/122637,L25148
lemma/122638,L25149
lemma/122639,L25150
lemma/122640,L25151
lemma/122642,L25152
lemma/122643,L25153
lemma/122644,L25154
lemma/122645,L25155
lemma/122646,L25156
lemma/122647,L25157
lemma/122648,L25158
lemma/122649,L25159
lemma/122650,L25160
lemma/122651,L25161
lemma/122652,L25162
lemma/122653,L25163
lemma/122654,L25164
lemma/122655,L25165
lemma/122656,L25166
lemma/122657,L25167
lemma/122658,L25168
lemma/122663,L25173
lemma/122664,L25174
lemma/122665,L25175
lemma/122659,L25169
lemma/122660,L25170
lemma/122661,L25171
lemma/122662,L25172
lemma/122666,L25176
lemma/122667,L25177
lemma/122668,L25178
lemma/122669,L25179
lemma/122670,L25180
lemma/122671,L25181
lemma/122672,L25182
lemma/122673,L25183
lemma/122682,L25192
lemma/122683,L25193
lemma/122674,L25184
lemma/122675,L25185
lemma/122676,L25186
lemma/122677,L25187
lemma/122678,L25188
lemma/122679,L25189
lemma/122680,L25190
lemma/122681,L25191
lemma/122684,L25194
lemma/122685,L25195
lemma/122686,L25196
lemma/122687,L25197
lemma/122688,L25198
lemma/122689,L25199
lemma/122690,L25200
lemma/122691,L25201
lemma/122692,L25202
lemma/122693,L25203
lemma/122694,L25204
lemma/122695,L25205
lemma/122696,L25206
lemma/122697,L25207
lemma/122698,L25208
lemma/122699,L25209
lemma/122700,L25210
lemma/122701,L25211
lemma/122715,L25224
lemma/122716,L25225
lemma/126987,L26116
lemma/126989,L26117
lemma/126990,L26118
lemma/126991,L26119
lemma/126993,L26120
lemma/126994,L26121
lemma/127024,L26136
lemma/127028,L26138
lemma/127025,L26137
lemma/127332,L26182
lemma/127335,L26183
lemma/127338,L26184
lemma/127367,L26185
lemma/127372,L26186
lemma/127381,L26187
lemma/127405,L26188
lemma/127412,L26189
lemma/127506,L26190
lemma/126995,L26122
lemma/126996,L26123
lemma/126997,L26124
lemma/126998,L26125
lemma/127002,L26126
lemma/127004,L26127
lemma/127006,L26128
lemma/127011,L26129
lemma/127012,L26130
lemma/127014,L26131
lemma/127018,L26132
lemma/127020,L26133
lemma/127021,L26134
lemma/127037,L26140
lemma/127022,L26135
lemma/127030,L26139
lemma/127039,L26141
lemma/127041,L26142
lemma/127042,L26143
lemma/127044,L26144
lemma/127053,L26145
lemma/127058,L26147
lemma/127063,L26148
lemma/127067,L26149
lemma/127068,L26150
lemma/127073,L26151
lemma/127075,L26152
lemma/127076,L26153
lemma/127084,L26154
lemma/127090,L26155
lemma/127094,L26156
lemma/127098,L26157
lemma/127103,L26158
lemma/127108,L26159
lemma/127111,L26160
lemma/127115,L26161
lemma/127121,L26162
lemma/127125,L26163
lemma/127130,L26164
lemma/127135,L26165
lemma/127140,L26166
lemma/127311,L26176
lemma/127314,L26177
lemma/127321,L26178
lemma/126741,L26179
lemma/127324,L26180
lemma/127328,L26181
lemma/127148,L26169
lemma/127153,L26170
lemma/127177,L26171
lemma/127191,L26172
lemma/127229,L26173
lemma/127230,L26174
lemma/127146,L26167
lemma/127147,L26168
lemma/127302,L26175
lemma/127515,L26191
lemma/127520,L26192
lemma/127521,L26193
lemma/127532,L26194
lemma/127538,L26195
lemma/127552,L26196
lemma/127555,L26197
lemma/127564,L26198
lemma/127566,L26199
lemma/127577,L26200
lemma/127590,L26201
lemma/127591,L26202
lemma/127613,L26203
lemma/127620,L26204
lemma/127643,L26205
lemma/127644,L26206
lemma/127656,L26207
lemma/127684,L26208
lemma/127704,L26209
lemma/127731,L26210
lemma/127759,L26211
lemma/127855,L26222
lemma/127873,L26223
lemma/127881,L26224
lemma/127887,L26225
lemma/127055,L26146
lemma/127805,L26215
lemma/128263,L26246
lemma/128264,L26247
lemma/128265,L26248
lemma/128280,L26249
lemma/128617,L26309
lemma/127762,L26212
lemma/127773,L26213
lemma/127795,L26214
lemma/127811,L26216
lemma/127812,L26217
lemma/127817,L26218
lemma/127822,L26219
lemma/127825,L26220
lemma/127850,L26221
lemma/127888,L26226
lemma/127899,L26227
lemma/127911,L26228
lemma/127920,L26229
lemma/127931,L26230
lemma/127939,L26231
lemma/127954,L26232
lemma/127962,L26233
lemma/127986,L26234
lemma/127991,L26235
lemma/127997,L26236
lemma/128040,L26237
lemma/128056,L26238
lemma/128067,L26240
lemma/128144,L26241
lemma/128151,L26242
lemma/128165,L26243
lemma/128210,L26244
lemma/128242,L26245
lemma/128057,L26239
lemma/128282,L26250
lemma/128287,L26251
lemma/128288,L26252
lemma/128289,L26253
lemma/128297,L26254
lemma/128326,L26257
lemma/128327,L26258
lemma/128328,L26259
lemma/128354,L26260
lemma/128357,L26261
lemma/128362,L26262
lemma/128318,L26255
lemma/128322,L26256
lemma/128372,L26263
lemma/128373,L26264
lemma/128374,L26265
lemma/128380,L26266
lemma/128381,L26267
lemma/128388,L26268
lemma/128421,L26269
lemma/128437,L26270
lemma/128442,L26271
lemma/128443,L26272
lemma/128444,L26273
lemma/128447,L26274
lemma/128449,L26275
lemma/128451,L26276
lemma/128452,L26277
lemma/128454,L26278
lemma/128462,L26279
lemma/128476,L26280
lemma/128512,L26281
lemma/128519,L26282
lemma/128520,L26283
lemma/128552,L26285
lemma/128526,L26284
lemma/128577,L26291
lemma/128553,L26286
lemma/128568,L26288
lemma/128571,L26289
lemma/128576,L26290
lemma/128563,L26287
lemma/128578,L26292
lemma/128581,L26294
lemma/128583,L26295
lemma/128586,L26296
lemma/128591,L26297
lemma/128580,L26293
lemma/128592,L26298
lemma/128593,L26299
lemma/128595,L26300
lemma/128600,L26302
lemma/128603,L26303
lemma/128599,L26301
lemma/128605,L26304
lemma/128607,L26305
lemma/128611,L26306
lemma/128612,L26307
lemma/128615,L26308
lemma/128619,L26310
lemma/128621,L26311
lemma/128622,L26312
lemma/128624,L26313
lemma/128625,L26314
lemma/128626,L26315
