lexeme	lila_lemma	wikibase_entry
a0010	86835	L18610
a0015	86840	L18611
a0018	86843	L18612
a0021	86847	L18613
a0022	86848	L18614
a0027	86853	L18615
a0030	86856	L18616
a0034	86860	L18617
a0035	86861	L18618
a0038	86865	L18619
a0040	86867	L18620
a0042	86872	L18621
a0043	86873	L18622
a0044	86874	L18623
a0046	86876	L18624
a0047	86877	L18625
a0048	86878	L18626
a0050	86880	L18627
a0050_sc	86881	L18628
a0052	86883	L18629
a0053	86884	L18630
a0061	86893	L18631
a0063	86895	L18632
a0066	86898	L18633
a0067	86899	L18634
a0068	86900	L18635
a0069	86901	L18636
a0072	86904	L18637
a0073	86905	L18638
a0075	86907	L18639
a0077	86909	L18640
a0083	86916	L18641
a0085	86918	L18642
a0086	86919	L18643
a0089	86922	L18644
a0090	86923	L18645
a0091	86924	L18646
a0097	86930	L18647
a0101	86934	L18648
a0104	86937	L18649
a0105	86939	L18650
a0110	86944	L18651
a0111	86946	L18652
a0113	86948	L18653
a0114	86949	L18654
a0116	86951	L18655
a0122	86958	L18656
a0125	86961	L18657
a0127	86963	L18658
a0130	86968	L18659
a0133	86971	L18660
a0136	86974	L18661
a0139	86977	L18662
a0140	86978	L18663
a0141	86979	L18664
a0143	86981	L18665
a0144	86982	L18666
a0145	86983	L18667
a0147	86985	L18668
a0149	86987	L18669
a0150	86988	L18670
a0155	86994	L18671
a0162	87001	L18672
a0164	87003	L18673
a0165	87004	L18674
a0169	87008	L18675
a0172	87011	L18676
a0178	87018	L18677
a0179	87019	L18678
a0181	87021	L18679
a0187	87027	L18680
a0188	87028	L18681
a0191	87031	L18682
a0192	87032	L18683
a0193	87033	L18684
a0195	87035	L18685
a0196	87036	L18686
a0199	87039	L18687
a0200	87040	L18688
a0202	87042	L18689
a0209	87050	L18690
a0212	87053	L18691
a0217	87058	L18692
a0236	87079	L18693
a0237	87080	L18694
a0238	87081	L18695
a0240	87084	L18696
a0243	87087	L18697
a0245	87089	L18698
a0247	87091	L18699
a0257	87101	L18700
a0258	87102	L18701
a0266	87110	L18702
a0268	87112	L18703
a0269	87113	L18704
a0272	87116	L18705
a0274	87118	L18706
a0275	87119	L18707
a0278	87122	L18708
a0281	87125	L18709
a0283	87127	L18710
a0284	87128	L18711
a0288	87132	L18712
a0291	87136	L18713
a0294	87139	L18714
a0298	87143	L18715
a0300	87145	L18716
a0301	87146	L18717
a0303	87148	L18718
a0311	87156	L18719
a0313	87158	L18720
a0314	87159	L18721
a0317	87162	L18722
a0320	87165	L18723
a0321	87166	L18724
a0328	87174	L18725
a0329	87175	L18726
a0331	87177	L18727
a0333	87179	L18728
a0333_sc	87180	L18729
a0342	87190	L18730
a0352	87200	L18731
a0354	87202	L18732
a0358	87208	L18733
a0358_sc	87209	L18734
a0400	87254	L18735
a0406	87263	L18736
a0407	87264	L18737
a0445	87306	L18738
a0463	87326	L18739
a0464	87327	L18740
a0471	87336	L18741
a0483	87348	L18742
a0485	87350	L18743
a0486	87351	L18744
a0487	87352	L18745
a0491	87356	L18746
a0492	87357	L18747
a0498	87363	L18748
a0500	87365	L18749
a0501	87366	L18750
a0502	87367	L18751
a0505	87370	L18752
a0506	87372	L18753
a0508	87374	L18754
a0509	87375	L18755
a0511	87377	L18756
a0512	87378	L18757
a0513	87379	L18758
a0516	87382	L18759
a0517	87383	L18760
a0518	87384	L18761
a0519	87385	L18762
a0521	87387	L18763
a0522	87388	L18764
a0525	87391	L18765
a0526	87392	L18766
a0527	87393	L18767
a0530	87396	L18768
a0535	87401	L18769
a0536	87402	L18770
a0537	87404	L18771
a0537_sc	87403	L18772
a0541	87409	L18773
a0542	87410	L18774
a0545	87413	L18775
a0546	87414	L18776
a0553	87421	L18777
a0556	87424	L18778
a0557	87425	L18779
a0559	87427	L18780
a0560	87428	L18781
a0561	87429	L18782
a0564	87432	L18783
a0565	87433	L18784
a0567	87435	L18785
a0573	87441	L18786
a0574	87442	L18787
a0577	87445	L18788
a0585	87453	L18789
a0586	87454	L18790
a0588	87456	L18791
a0589	87457	L18792
a0592	87460	L18793
a0593	87461	L18794
a0594	87462	L18795
a0595	87463	L18796
a0596	87464	L18797
a0597	87465	L18798
a0598	87466	L18799
a0599	87467	L18800
a0600	87468	L18801
a0603	87471	L18802
a0607	87476	L18803
a0614	87484	L18804
a0615	87485	L18805
a0617	87487	L18806
a0618	87488	L18807
a0623	87493	L18808
a0628	87498	L18809
a0630	87501	L18810
a0639	87510	L18811
a0640	87511	L18812
a0641	87512	L18813
a0643	87514	L18814
a0645	87516	L18815
a0646	87517	L18816
a0647	87518	L18817
a0648	87519	L18818
a0653	87525	L18819
a0662	87535	L18820
a0668	87542	L18821
a0669	87543	L18822
a0676	87551	L18823
a0679	87554	L18824
a0680	87556	L18825
a0682	87558	L18826
a0683	87559	L18827
a0684	87560	L18828
a0690	87566	L18829
a0692	87568	L18830
a0693	87569	L18831
a0694	87570	L18832
a0695	87571	L18833
a0697	87574	L18834
a0698	87575	L18835
a0699	87576	L18836
a0700	87577	L18837
a0701	87578	L18838
a0703	87580	L18839
a0704	87581	L18840
a0707	87584	L18841
a0708	87585	L18842
a0709	87586	L18843
a0710	87587	L18844
a0716	87594	L18845
a0717	87595	L18846
a0718	87596	L18847
a0719	87597	L18848
a0721	87599	L18849
a0722	87600	L18850
a0723	87601	L18851
a0724	87602	L18852
a0727	87605	L18853
a0729	87607	L18854
a0730	87608	L18855
a0732	87610	L18856
a0733	87611	L18857
a0740	87620	L18858
a0748	87628	L18859
a0751	87632	L18860
a0752	87633	L18861
a0753	87634	L18862
a0754	87635	L18863
a0757	87638	L18864
a0758	87639	L18865
a0759	87640	L18866
a0760	87641	L18867
a0761	87642	L18868
a0764	87645	L18869
a0766	87647	L18870
a0768	87649	L18871
a0770	87652	L18872
a0772	87654	L18873
a0774	87657	L18874
a0777	87661	L18875
a0780	87664	L18876
a0781	87665	L18877
a0792	87676	L18878
a0793	87677	L18879
a0796	87682	L18880
a0797	87683	L18881
a0799	87685	L18882
a0800	87686	L18883
a0807	87693	L18884
a0809	87695	L18885
a0810	87697	L18886
a0811	87698	L18887
a0820	87710	L18888
a0822	87712	L18889
a0829	87719	L18890
a0831	87721	L18891
a0832	87722	L18892
a0833	87723	L18893
a0835	87725	L18894
a0836	87726	L18895
a0841	87732	L18896
a0852	87744	L18897
a0860	87752	L18898
a0862	87755	L18899
a0880	87780	L18900
a0880_sc	87781	L18901
a0890	87792	L18902
a0900	87804	L18903
a0940	87847	L18904
a0951	87859	L18905
a0961	87869	L18906
a0985	87899	L18907
a0994	87908	L18908
a1003	87917	L18909
a1014	87928	L18910
a1025	87940	L18911
a1028	87943	L18912
a1034	87951	L18913
a1042	87960	L18914
a1054	87974	L18915
a1064	87985	L18916
a1076	87998	L18917
a1079	88001	L18918
a1080	88002	L18919
a1081	88003	L18920
a1084	88006	L18921
a1085	88007	L18922
a1087	88009	L18923
a1093	88015	L18924
a1098	88020	L18925
a1099	88021	L18926
a1101	88023	L18927
a1104	88026	L18928
a1105	88027	L18929
a1108	88030	L18930
a1111	88033	L18931
a1112	88034	L18932
a1113	88035	L18933
a1114	88036	L18934
a1115	88037	L18935
a1116	88038	L18936
a1117	88039	L18937
a1118	88040	L18938
a1119	88041	L18939
a1120	88042	L18940
a1122	88044	L18941
a1139	88063	L18942
a1140	88064	L18943
a1141	88065	L18944
a1142	88066	L18945
a1144	88068	L18946
a1149	88073	L18947
a1150	88074	L18948
a1152	88076	L18949
a1154	88078	L18950
a1156	88080	L18951
a1157	88081	L18952
a1158	88083	L18953
a1164	88091	L18954
a1169	88096	L18955
a1176	88103	L18956
a1183	88110	L18957
a1188	88116	L18958
a1204	88134	L18959
a1208	88140	L18960
a1216	88152	L18961
a1236	88177	L18962
a1250	88191	L18963
a1267	88211	L18964
a1282	88232	L18965
a1285	88236	L18966
a1290	88242	L18967
a1299	88251	L18968
a1333	88293	L18969
a1337	88297	L18970
a1337_sc	88298	L18971
a1359	88326	L18972
a1362	88329	L18973
a1378	88348	L18974
a1379	88349	L18975
a1384	88354	L18976
a1385	88355	L18977
a1386	88356	L18978
a1387	88357	L18979
a1388	88358	L18980
a1390	88360	L18981
a1392	88362	L18982
a1393	88363	L18983
a1398	88368	L18984
a1403	88373	L18985
a1404	88374	L18986
a1408	88378	L18987
a1414	88384	L18988
a1415	88385	L18989
a1416	88386	L18990
a1417	88388	L18991
a1418	88389	L18992
a1424	88395	L18993
a1425	88396	L18994
a1426	88397	L18995
a1428	88399	L18996
a1434	88405	L18997
a1436	88407	L18998
a1437	88408	L18999
a1439	88410	L19000
a1440	88411	L19001
a1441	88412	L19002
a1442	88413	L19003
a1457	88429	L19004
a1461	88433	L19005
a1474	88447	L19006
a1476	88449	L19007
a1486	88461	L19008
a1493	88468	L19009
a1495	88470	L19010
a1499	88474	L19011
a1508	88484	L19012
a1527	88503	L19013
a1533	88509	L19014
a1537	88513	L19015
a1552	88533	L19016
a1570	88555	L19017
a1571	88556	L19018
a1576	88563	L19019
a1578	88566	L19020
a1579	88567	L19021
a1585	88574	L19022
a1586	88575	L19023
a1590	88579	L19024
a1600	88591	L19025
a1612	88603	L19026
a1622	88613	L19027
a1626	88618	L19028
a1650	88642	L19029
a1653	88645	L19030
a1679	88674	L19031
a1682	88678	L19032
a1684	88680	L19033
a1688	88685	L19034
a1692	88691	L19035
a1694	88693	L19036
a1705	88705	L19037
a1709	88709	L19038
a1712	88713	L19039
a1723	88724	L19040
a1724	88725	L19041
a1752	88756	L19042
a1762	88768	L19043
a1766	88773	L19044
a1772	88779	L19045
a1774	88781	L19046
a1777	88784	L19047
a1781	88788	L19048
a1786	88793	L19049
a1792	88799	L19050
a1812	88822	L19051
a1874	88891	L19052
a1875	88892	L19053
a1878	88896	L19054
a1895	88914	L19055
a1896	88915	L19056
a1899	88918	L19057
a1919	88943	L19058
a1925	88951	L19059
a1944	88974	L19060
a1951	88982	L19061
a1957	88988	L19062
a1957_sc	88989	L19063
a1971	89009	L19064
a1983	89023	L19065
a2002	89044	L19066
a2009	89053	L19067
a2015	89060	L19068
a2026	89073	L19069
a2041	89089	L19070
a2059	89109	L19071
a2062	89112	L19072
a2065	89117	L19073
a2071	89123	L19074
a2090	89144	L19075
a2112	89168	L19076
a2117	89173	L19077
a2118	89174	L19078
a2124	89180	L19079
a2128	89184	L19080
a2134	89191	L19081
a2135	89192	L19082
a2141	89198	L19083
a2150	89207	L19084
a2157	89214	L19085
a2164	89221	L19086
a2165	89222	L19087
a2176	89233	L19088
a2177	89234	L19089
a2180	89237	L19090
a2183	89241	L19091
a2184	89242	L19092
a2185	89243	L19093
a2225	89287	L19094
a2252	89321	L19095
a2261	89331	L19096
a2270	89342	L19097
a2278	89351	L19098
a2285	89358	L19099
a2299	89372	L19100
a2302	89375	L19101
a2303	89376	L19102
a2317	89391	L19103
a2322	89397	L19104
a2327	89402	L19105
a2364	89449	L19106
a2365	89450	L19107
a2384	89473	L19108
a2395	89485	L19109
a2404	89494	L19110
a2412	89504	L19111
a2417	89509	L19112
a2418	89510	L19113
a2428	89523	L19114
a2439	89534	L19115
a2442	89538	L19116
a2453	89552	L19117
a2460	89559	L19118
a2468	89567	L19119
a2469	89568	L19120
a2473	89572	L19121
a2474	89573	L19122
a2476	89575	L19123
a2480	89579	L19124
a2481	89580	L19125
a2482	89581	L19126
a2485	89584	L19127
a2488	89587	L19128
a2491	89590	L19129
a2494	89593	L19130
a2498	89597	L19131
a2500	89599	L19132
a2501	89600	L19133
a2504	89603	L19134
a2508	89607	L19135
a2510	89610	L19136
a2512	89612	L19137
a2513	89613	L19138
a2516	89616	L19139
a2517	89617	L19140
a2520	89620	L19141
a2522	89622	L19142
a2523	89623	L19143
a2526	89626	L19144
a2527	89627	L19145
a2528	89628	L19146
a2535	89635	L19147
a2538	89638	L19148
a2539	89639	L19149
a2540	89640	L19150
a2542	89642	L19151
a2543	89643	L19152
a2545	89645	L19153
a2546	89646	L19154
a2547	89647	L19155
a2548	89648	L19156
a2553	89654	L19157
a2575	89681	L19158
a2622	89734	L19159
a2658	89779	L19160
a2662	89783	L19161
a2669	89790	L19162
a2683	89806	L19163
a2688	89811	L19164
a2724	89853	L19165
a2727	89857	L19166
a2763	89896	L19167
a2767	89900	L19168
a2773	89906	L19169
a2777	89911	L19170
a2778	89912	L19171
a2778_sc	89913	L19172
a2806	89944	L19173
a2809	89947	L19174
a2816	89955	L19175
a2834	89974	L19176
a2888	90036	L19177
a2895	90045	L19178
a2901	90052	L19179
a2912	90066	L19180
a2918	90073	L19181
a2919	90074	L19182
a2920	90075	L19183
a2921	90076	L19184
a2924	90079	L19185
a2928	90083	L19186
a2929	90084	L19187
a2956	90114	L19188
a2967	90127	L19189
a2971	90131	L19190
a2978	90138	L19191
a2980	90140	L19192
a3003	90164	L19193
a3016	90180	L19194
a3021	90185	L19195
a3027	90191	L19196
a3028	90192	L19197
a3034	90198	L19198
a3068	90236	L19199
a3070	90238	L19200
a3075	90243	L19201
a3083	90251	L19202
a3084	90252	L19203
a3091	90262	L19204
a3096	90267	L19205
a3101	90273	L19206
a3107	90279	L19207
a3110	90284	L19208
a3116	90292	L19209
a3123	90300	L19210
a3124	90301	L19211
a3134	90312	L19212
a3135	90313	L19213
a3137	90315	L19214
a3140	90320	L19215
a3141	90321	L19216
a3145	90325	L19217
a3147	90327	L19218
a3154	90335	L19219
a3155	90336	L19220
a3156	90337	L19221
a3157	90338	L19222
a3159	90340	L19223
a3160	90342	L19224
a3162	90344	L19225
a3168	90350	L19226
a3169	90351	L19227
a3170	90352	L19228
a3171	90353	L19229
a3175	90357	L19230
a3177	90359	L19231
a3183	90365	L19232
a3184	90366	L19233
a3186	90368	L19234
a3187	90369	L19235
a3188	90370	L19236
a3190	90372	L19237
a3191	90373	L19238
a3192	90374	L19239
a3193	90375	L19240
a3194	90376	L19241
a3196	90378	L19242
a3201	90383	L19243
a3203	90385	L19244
a3204	90386	L19245
a3209	90391	L19246
a3210	90392	L19247
a3212	90394	L19248
a3213	90395	L19249
a3229	90412	L19250
a3237	90421	L19251
a3238	90422	L19252
a3239	90423	L19253
a3247	90432	L19254
a3249	90434	L19255
a3253	90439	L19256
a3255	90441	L19257
a3259	90445	L19258
a3276	90465	L19259
a3280	90469	L19260
a3329	90522	L19261
a3334	90527	L19262
a3337	90530	L19263
a3338	90531	L19264
a3339	90532	L19265
a3344	90537	L19266
a3345	90538	L19267
a3346	90539	L19268
a3351	90544	L19269
a3352	90545	L19270
a3355	90548	L19271
a3358	90551	L19272
a3361	90554	L19273
a3362	90555	L19274
a3363	90556	L19275
a3365	90558	L19276
a3366	90559	L19277
a3368	90561	L19278
a3369	90562	L19279
a3370	90563	L19280
a3372	90565	L19281
a3373	90566	L19282
a3376	90569	L19283
a3379	90572	L19286
a3380	90573	L19287
a3381	90574	L19288
a3385	90578	L19289
a3386	90579	L19290
a3388	90582	L19291
a3389	90583	L19292
a3400	90596	L19293
a3406	90602	L19294
a3412	90610	L19295
a3413	90611	L19296
a3416	90614	L19297
a3378	90571	L19303
a3378	90571	L19303
a3423	90622	L19304
a3432	90632	L19305
a3437	90638	L19306
a3440	90641	L19307
a3443	90644	L19308
a3448	90650	L19309
a3450	90652	L19310
a3451	90653	L19311
a3455	90657	L19312
a3456	90658	L19313
a3457	90659	L19314
a3463	90665	L19315
a3465	90667	L19316
a3468	90670	L19317
a3469	90671	L19318
a3469	90671	L19318
a3470	90672	L19319
a3471	90673	L19320
a3472	90674	L19321
a3478	90680	L19322
a3490	90694	L19323
a3491	90695	L19324
a3497	90704	L19325
a3525	90736	L19326
a3527	90738	L19327
a3540	90753	L19328
a3566	90781	L19329
a3574	90790	L19330
a3577	90793	L19331
a3577_sc	90794	L19332
a3580	90797	L19333
a3588	90805	L19334
a3588	90805	L19334
a3588	90805	L19334
a3593	90811	L19335
a3624	90851	L19336
a3627	90854	L19337
a3630	90857	L19338
a3642	90872	L19339
a3657	90887	L19340
a3715	90915	L19341
a3716	90916	L19342
a6471	90971	L19343
a7005	90975	L19344
a7061	90977	L19345
a7118	90980	L19346
a7990	90993	L19347
a8068	90996	L19348
a8138	91003	L19349
a8662	91016	L19350
a9041	91077	L19351
a9053	91081	L19352
a9091	91082	L19353
a9270	91118	L19354
a9271	91119	L19355
a9311	91120	L19356
a9959	91142	L19357
a9961	91144	L19358
a9962	91145	L19359
a9967	91150	L19360
b0022	91209	L19361
b0029	91220	L19362
b0037	91230	L19363
b0046	91239	L19364
b0057	91250	L19365
b0058	91251	L19366
b0058	91251	L19366
b0061	91254	L19367
b0074	91269	L19368
b0086	91284	L19369
b0094	91292	L19370
b0112	91313	L19371
b0119	91323	L19372
b0126	91333	L19373
b0128	91335	L19374
b0132	91339	L19375
b0146	91353	L19376
b0168	91381	L19377
b0179	91392	L19378
b0191	91404	L19379
b0193	91407	L19380
b0203	91418	L19381
b0209	91424	L19382
b0231	91446	L19383
b0234	91450	L19384
b0241	91458	L19385
b0276	91495	L19386
b0278	91497	L19387
b0290	91511	L19388
b0311	91532	L19389
b0367	91596	L19390
b0402	91634	L19391
b0402	91634	L19391
b0436	91673	L19392
b0440	91677	L19393
b0449	91686	L19394
b0462	91701	L19395
b0473	91714	L19396
b0477	91718	L19397
b0477	91718	L19397
b0479	91720	L19398
b0513	91755	L19399
b0514	91756	L19400
b0515	91757	L19401
b0519	91761	L19402
b0539	91785	L19403
b0550	91796	L19404
b0575	91825	L19405
b0598	91850	L19406
b0629	91882	L19407
b0653	91907	L19408
b0662	91917	L19409
b0669	91925	L19410
b0672	91928	L19411
b0696	91951	L19412
b0726	91983	L19413
b0730	91987	L19414
b0731	91988	L19415
b0733	91990	L19416
b0765	92026	L19417
b0775	92038	L19418
b0793	92060	L19419
b9075	92081	L19420
b9256	92087	L19421
b9257	92088	L19422
b9258	92089	L19423
b9270	92091	L19424
b9515	92098	L19425
c0005	92120	L19426
c0012	92127	L19427
c0017	92132	L19428
c0029	92144	L19429
c0035	92151	L19430
c0036	92152	L19431
c0048	92164	L19432
c0051	92167	L19433
c0055	92172	L19434
c0061	92179	L19435
c0078	92201	L19436
c0079	92202	L19437
c0081	92205	L19438
c0083	92207	L19439
c0104	92228	L19440
c0108	92234	L19441
c0122	92248	L19442
c0142	92268	L19443
c0151	92278	L19444
c0155	92283	L19445
c0193	92327	L19446
c0200	92334	L19447
c0203	92337	L19448
c0209	92343	L19449
c0214	92350	L19450
c0214	92350	L19450
c0215	92351	L19451
c0218	92354	L19452
c0222	92358	L19453
c0227	92363	L19454
c0230	92366	L19455
c0237	92375	L19456
c0240	92378	L19457
c0250	92390	L19458
c0271	92413	L19459
c0272	92414	L19460
c0283	92426	L19461
c0289	92432	L19462
c0289_sc	92433	L19463
c0296	92443	L19464
c0298	92445	L19465
c0299	92447	L19466
c0310	92460	L19467
c0311	92461	L19468
c0324	92474	L19469
c0335	92491	L19470
c0344	92500	L19471
c0372	92531	L19472
c0376	92535	L19473
c0376_sc	92536	L19474
c0381	92541	L19475
c0382	92542	L19476
c0386	92548	L19477
c0388	92550	L19478
c0392	92554	L19479
c0395	92559	L19480
c0400	92564	L19481
c0400_sc	92565	L19482
c0405	92570	L19483
c0428	92600	L19484
c0432	92607	L19485
c0462	92641	L19486
c0464	92643	L19487
c0466	92645	L19488
c0470	92649	L19489
c0481	92662	L19490
c0484	92666	L19491
c0485	92667	L19492
c0492	92676	L19493
c0500	92686	L19494
c0505	92691	L19495
c0545	92739	L19496
c0552	92749	L19497
c0573	92772	L19498
c0580	92779	L19499
c0582	92784	L19500
c0589	92792	L19501
c0601	92810	L19502
c0604	92813	L19503
c0612	92822	L19504
c0627	92838	L19505
c0637	92848	L19506
c0646	92857	L19507
c0660	92872	L19508
c0675	92891	L19509
c0680	92896	L19510
c0698	92916	L19511
c0705	92924	L19512
c0747	92973	L19513
c0757	92984	L19514
c0758	92985	L19515
c0770	93002	L19516
c0776	93008	L19517
c0796	93033	L19518
c0816	93056	L19519
c0836	93077	L19520
c0864	93107	L19521
c0877	93122	L19522
c0898	93144	L19523
c0905	93153	L19524
c0910	93159	L19525
c0917	93166	L19526
c0921	93171	L19527
c0943	93194	L19528
c0948	93199	L19529
c0949	93200	L19530
c0954	93206	L19531
c0966	93221	L19532
c0980	93236	L19533
c0987	93245	L19534
c0993	93251	L19535
c1007	93265	L19536
c1009	93267	L19537
c1012	93271	L19538
c1017	93279	L19539
c1019	93281	L19540
c1031	93298	L19541
c1048	93318	L19542
c1049	93319	L19543
c1059	93331	L19544
c1078	93353	L19545
c1101	93376	L19546
c1102	93377	L19547
c1107	93382	L19548
c1108	93384	L19549
c1108	93384	L19549
c1119	93395	L19550
c1133	93415	L19551
c1135	93419	L19552
c1163	93450	L19553
c1169	93458	L19554
c1235	93533	L19555
c1244	93546	L19556
c1245	93547	L19557
c1246	93548	L19558
c1248	93551	L19559
c1250	93554	L19560
c1269	93574	L19561
c1270	93575	L19562
c1271	93576	L19563
c1271_sc	93576	L19564
c1274	93580	L19565
c1303	93611	L19566
c1320	93633	L19567
c1390	93708	L19568
c1395	93714	L19569
c1411	93733	L19570
c1430	93756	L19571
c1511	93851	L19572
c1512	93852	L19573
c1535	93878	L19574
c1574	93923	L19575
c1579	93930	L19576
c1599	93951	L19577
c1604	93957	L19578
c1613	93968	L19579
c1625	93980	L19580
c1645	94004	L19581
c1651	94012	L19582
c1677	94044	L19583
c1682	94049	L19584
c1686	94054	L19585
c1693	94063	L19586
c1697	94068	L19587
c1698	94069	L19588
c1699	94070	L19589
c1700	94071	L19590
c1701	94072	L19591
c1702	94073	L19592
c1703	94074	L19593
c1704	94075	L19594
c1705	94076	L19595
c1707	94078	L19596
c1708	94079	L19597
c1712	94083	L19598
c1714	94085	L19599
c1719	94090	L19600
c1724	94095	L19601
c1725	94096	L19602
c1727	94098	L19603
c1729	94100	L19604
c1730	94101	L19605
c1732	94103	L19606
c1734	94105	L19607
c1735	94106	L19608
c1736	94107	L19609
c1737	94108	L19610
c1741	94112	L19611
c1742	94113	L19612
c1743	94114	L19613
c1744	94115	L19614
c1745	94116	L19615
c1746	94117	L19616
c1747	94118	L19617
c1748	94119	L19618
c1749	94120	L19619
c1750	94121	L19620
c1753	94124	L19621
c1754	94125	L19622
c1756	94127	L19623
c1758	94129	L19624
c1762	94133	L19625
c1763	94134	L19626
c1764	94135	L19627
c1765	94136	L19628
c1768	94139	L19629
c1769	94140	L19630
c1771	94142	L19631
c1772	94143	L19632
c1773	94144	L19633
c1774	94145	L19634
c1777	94148	L19635
c1778	94149	L19636
c1781	94152	L19637
c1782	94153	L19638
c1785	94156	L19639
c1786	94157	L19640
c1787	94158	L19641
c1792	94163	L19642
c1794	94166	L19643
c1795	94167	L19644
c1797	94169	L19645
c1798	94170	L19646
c1802	94175	L19647
c1803	94176	L19648
c1804	94177	L19649
c1805	94178	L19650
c1808	94181	L19651
c1809	94183	L19652
c1810	94184	L19653
c1811	94185	L19654
c1812	94186	L19655
c1813	94187	L19656
c1814	94188	L19657
c1815	94189	L19658
c1815	94189	L19658
c1819	94193	L19659
c1820	94194	L19660
c1821	94195	L19661
c1822	94196	L19662
c1823	94197	L19663
c1826	94200	L19664
c1828	94202	L19665
c1831	94205	L19666
c1832	94207	L19667
c1833	94208	L19668
c1834	94209	L19669
c1835	94210	L19670
c1838	94213	L19671
c1839	94214	L19672
c1840	94215	L19673
c1842	94217	L19674
c1844	94219	L19675
c1845	94220	L19676
c1846	94221	L19677
c1847	94222	L19678
c1848	94223	L19679
c1849	94224	L19680
c1850	94225	L19681
c1851	94226	L19682
c1853	94228	L19683
c1854	94229	L19684
c1855	94230	L19685
c1856	94231	L19686
c1859	94234	L19687
c1861	94236	L19688
c1862	94238	L19689
c1863	94239	L19690
c1865	94241	L19691
c1866	94242	L19692
c1867	94244	L19693
c1869	94246	L19694
c1870	94247	L19695
c1875	94252	L19696
c1877	94254	L19697
c1878	94255	L19698
c1879	94256	L19699
c1880	94257	L19700
c1881	94258	L19701
c1883	94260	L19702
c1888	94265	L19703
c1890	94267	L19704
c1891	94268	L19705
c1892	94269	L19706
c1893	94270	L19707
c1894	94271	L19708
c1896	94273	L19709
c1897	94274	L19710
c1898	94275	L19711
c1899	94276	L19712
c1900	94277	L19713
c1901	94278	L19714
c1903	94281	L19715
c1904	94282	L19716
c1905	94283	L19717
c1907	94285	L19718
c1908	94286	L19719
c1909	94287	L19720
c1910	94288	L19721
c1911	94289	L19722
c1912	94290	L19723
c1914	94292	L19724
c1916	94294	L19725
c1917	94296	L19726
c1918	94297	L19727
c1920	94299	L19728
c1921	94300	L19729
c1925	94304	L19730
c1927	94306	L19731
c1928	94307	L19732
c1929	94308	L19733
c1930	94309	L19734
c1931	94310	L19735
c1933	94312	L19736
c1934	94313	L19737
c1935	94314	L19738
c1936	94315	L19739
c1938	94317	L19740
c1986	94372	L19741
c1991	94378	L19742
c2018	94410	L19743
c2019	94411	L19744
c2027	94419	L19745
c2030	94422	L19746
c2030_sc	94423	L19747
c2031	94424	L19748
c2033	94426	L19749
c2037	94430	L19750
c2038	94431	L19751
c2044	94437	L19752
c2054	94451	L19753
c2058	94459	L19754
c2060	94461	L19755
c2072	94473	L19756
c2089	94490	L19757
c2092	94493	L19758
c2097	94498	L19759
c2115	94516	L19760
c2117	94519	L19761
c2121	94523	L19762
c2137	94542	L19763
c2139	94544	L19764
c2140	94545	L19765
c2143	94548	L19766
c2145	94552	L19767
c2160	94568	L19768
c2162	94570	L19769
c2176	94585	L19770
c2177	94586	L19771
c2185	94595	L19772
c2189	94599	L19773
c2191	94601	L19774
c2192	94602	L19775
c2193	94603	L19776
c2196	94606	L19777
c2198	94608	L19778
c2199	94609	L19779
c2201	94611	L19780
c2202	94612	L19781
c2206	94617	L19782
c2209	94620	L19783
c2210	94621	L19784
c2212	94623	L19785
c2217	94628	L19786
c2219	94630	L19787
c2219	94630	L19787
c2222	94633	L19788
c2224	94635	L19789
c2228	94639	L19790
c2229	94640	L19791
c2232	94643	L19792
c2234	94645	L19793
c2235	94646	L19794
c2238	94649	L19795
c2238	94649	L19795
c2240	94651	L19796
c2241	94652	L19797
c2262	94676	L19798
c2268	94682	L19799
c2280	94694	L19800
c2281	94695	L19801
c2285	94699	L19802
c2286	94700	L19803
c2287	94701	L19804
c2290	94704	L19805
c2293	94707	L19806
c2294	94708	L19807
c2304	94718	L19808
c2320	94736	L19809
c2322	94738	L19810
c2323	94739	L19811
c2326	94742	L19812
c2327	94743	L19813
c2330	94746	L19814
c2333	94749	L19815
c2334	94750	L19816
c2341	94758	L19817
c2343	94760	L19818
c2344	94761	L19819
c2346	94763	L19820
c2349	94766	L19821
c2350	94767	L19822
c2350	94767	L19822
c2353	94772	L19823
c2361	94782	L19824
c2365	94786	L19825
c2366	94787	L19826
c2367	94788	L19827
c2368	94789	L19828
c2369	94790	L19829
c2370	94791	L19830
c2371	94792	L19831
c2373	94795	L19832
c2376	94799	L19833
c2377	94800	L19834
c2381	94807	L19835
c2386	94813	L19836
c2390	94817	L19837
c2391	94818	L19838
c2403	94831	L19839
c2411	94840	L19840
c2411	94840	L19840
c2413	94842	L19841
c2414	94843	L19842
c2414	94843	L19842
c2418	94847	L19843
c2421	94850	L19844
c2425	94854	L19845
c2426	94855	L19846
c2426	94855	L19846
c2429	94859	L19847
c2430	94860	L19848
c2431	94861	L19849
c2431	94861	L19849
c2432	94862	L19850
c2434	94865	L19851
c2435	94866	L19852
c2436	94867	L19853
c2441	94872	L19854
c2442	94873	L19855
c2446	94877	L19856
c2447	94878	L19857
c2448	94879	L19858
c2451	94882	L19859
c2453	94884	L19860
c2455	94886	L19861
c2457	94890	L19862
c2458	94891	L19863
c2458	94891	L19863
c2465	94898	L19864
c2467	94900	L19865
c2479	94915	L19866
c2480	94916	L19867
c2507	94947	L19868
c2511	94952	L19869
c2527	94973	L19870
c2556	95008	L19871
c2560	95012	L19872
c2563	95015	L19873
c2565	95017	L19874
c2566	95018	L19875
c2566	95018	L19875
c2569	95021	L19876
c2584	95037	L19877
c2584	95037	L19877
c2592	95046	L19878
c2595	95052	L19879
c2598	95055	L19880
c2600	95057	L19881
c2601	95058	L19882
c2603	95060	L19883
c2604	95061	L19884
c2605	95062	L19885
c2607	95065	L19886
c2608	95066	L19887
c2609	95067	L19888
c2614	95072	L19889
c2614_sc	95073	L19890
c2615	95074	L19891
c2618	95077	L19892
c2619	95078	L19893
c2622	95081	L19894
c2627	95086	L19895
c2628	95087	L19896
c2629	95088	L19897
c2631	95090	L19898
c2637	95097	L19899
c2645	95106	L19900
c2655	95118	L19901
c2656	95120	L19902
c2658	95122	L19903
c2660	95124	L19904
c2662	95126	L19905
c2663	95128	L19906
c2664	95129	L19907
c2665	95130	L19908
c2668	95133	L19909
c2671	95136	L19910
c2677	95143	L19911
c2678	95144	L19912
c2679	95145	L19913
c2682	95148	L19914
c2686	95152	L19915
c2689	95156	L19916
c2694	95163	L19917
c2695	95164	L19918
c2695	95164	L19918
c2704	95173	L19919
c2710	95181	L19920
c2711	95182	L19921
c2712	95183	L19922
c2713	95184	L19923
c2714	95185	L19924
c2719	95192	L19925
c2722	95195	L19926
c2723	95196	L19927
c2724	95198	L19928
c2725	95199	L19929
c2731	95205	L19930
c2733	95207	L19931
c2734	95208	L19932
c2735	95209	L19933
c2736	95210	L19934
c2737	95211	L19935
c2739	95213	L19936
c2745	95220	L19937
c2746	95221	L19938
c2746	95221	L19938
c2753	95229	L19939
c2756	95232	L19940
c2757	95233	L19941
c2758	95234	L19942
c2765	95242	L19943
c2765	95242	L19943
c2776	95253	L19944
c2778	95255	L19945
c2785	95262	L19946
c2786	95263	L19947
c2789	95266	L19948
c2790	95267	L19949
c2791	95268	L19950
c2797	95276	L19951
c2802	95281	L19952
c2803	95282	L19953
c2805	95284	L19954
c2806	95285	L19955
c2806	95285	L19955
c2810	95289	L19956
c2810	95289	L19956
c2811	95290	L19957
c2813	95294	L19958
c2816	95297	L19959
c2819	95300	L19960
c2820	95301	L19961
c2820	95301	L19961
c2824	95305	L19962
c2826	95307	L19963
c2827	95309	L19964
c2827	95309	L19964
c2832	95314	L19965
c2836	95318	L19966
c2836	95318	L19966
c2839	95321	L19967
c2840	95322	L19968
c2841	95323	L19969
c2842	95324	L19970
c2847	95331	L19971
c2848	95332	L19972
c2851	95335	L19973
c2853	95337	L19974
c2854	95339	L19975
c2856	95341	L19976
c2865	95351	L19977
c2868	95354	L19978
c2868	95354	L19978
c2869	95355	L19979
c2871	95357	L19980
c2872	95358	L19981
c2880	95366	L19982
c2881	95367	L19983
c2881	95367	L19983
c2885	95371	L19984
c2894	95380	L19985
c2895	95381	L19986
c2895	95381	L19986
c2899	95385	L19987
c2902	95388	L19988
c2904	95390	L19989
c2909	95395	L19990
c2912	95398	L19991
c2918	95404	L19992
c2922	95408	L19993
c2925	95411	L19994
c2927	95413	L19995
c2931	95417	L19996
c2932	95418	L19997
c2933	95419	L19998
c2943	95429	L19999
c2944	95430	L20000
c2946	95432	L20001
c2947	95433	L20002
c2949	95435	L20003
c2949_sc	95436	L20004
c2951	95438	L20005
c2952	95439	L20006
c2954	95441	L20007
c2955	95442	L20008
c2956	95443	L20009
c2960	95447	L20010
c2961	95448	L20011
c2963	95450	L20012
c2966	95453	L20013
c2968	95456	L20014
c2969	95457	L20015
c2972	95460	L20016
c2977	95465	L20017
c2983	95471	L20018
c2986	95475	L20019
c2987	95476	L20020
c2992	95483	L20021
c2996	95487	L20022
c3010	95501	L20023
c3011	95502	L20024
c3013	95504	L20025
c3020	95512	L20026
c3023	95515	L20027
c3030	95522	L20028
c3032	95524	L20029
c3033	95525	L20030
c3034	95526	L20031
c3042	95535	L20032
c3046	95539	L20033
c3047	95540	L20034
c3051	95545	L20035
c3059	95553	L20036
c3060	95554	L20037
c3066	95561	L20038
c3070	95565	L20039
c3072	95567	L20040
c3073	95568	L20041
c3074	95569	L20042
c3077	95572	L20043
c3078	95573	L20044
c3080	95575	L20045
c3081	95576	L20046
c3082	95577	L20047
c3084	95579	L20048
c3085	95580	L20049
c3087	95582	L20050
c3088	95583	L20051
c3099	95595	L20052
c3101	95597	L20053
c3103	95599	L20054
c3105	95601	L20055
c3112	95608	L20056
c3113	95609	L20057
c3118	95615	L20058
c3119	95616	L20059
c3120	95617	L20060
c3124	95621	L20061
c3125	95622	L20062
c3128	95625	L20063
c3130	95627	L20064
c3132	95629	L20065
c3136	95633	L20066
c3137	95634	L20067
c3141	95638	L20068
c3143	95640	L20069
c3146	95643	L20070
c3147	95644	L20071
c3154	95651	L20072
c3162	95661	L20073
c3165	95665	L20074
c3174	95677	L20075
c3175	95678	L20076
c3176	95679	L20077
c3178	95681	L20078
c3178_sc	95682	L20079
c3179	95683	L20080
c3182	95686	L20081
c3183	95688	L20082
c3183_sc	95687	L20083
c3186	95691	L20084
c3193	95698	L20085
c3196	95701	L20086
c3198	95703	L20087
c3201	95706	L20088
c3204	95709	L20089
c3207	95712	L20090
c3213	95718	L20091
c3220	95726	L20092
c3221	95727	L20093
c3222	95728	L20094
c3223	95729	L20095
c3226	95732	L20096
c3227	95733	L20097
c3227_sc	95734	L20098
c3234	95742	L20099
c3235	95743	L20100
c3237	95745	L20101
c3241	95749	L20102
c3242	95750	L20103
c3244	95752	L20104
c3246	95754	L20105
c3247	95755	L20106
c3256	95765	L20107
c3258	95767	L20108
c3260	95769	L20109
c3263	95772	L20110
c3264	95773	L20111
c3267	95776	L20112
c3268	95777	L20113
c3273	95783	L20114
c3278	95788	L20115
c3281	95791	L20116
c3282	95792	L20117
c3283	95793	L20118
c3284	95794	L20119
c3286	95796	L20120
c3289	95799	L20121
c3291	95801	L20122
c3293	95803	L20123
c3296	95806	L20124
c3301	95811	L20125
c3303	95813	L20126
c3305	95815	L20127
c3306	95816	L20128
c3307	95817	L20129
c3312	95822	L20130
c3313	95823	L20131
c3316	95826	L20132
c3317	95827	L20133
c3318	95828	L20134
c3319	95829	L20135
c3320	95830	L20136
c3323	95833	L20137
c3325	95835	L20138
c3326	95836	L20139
c3327	95837	L20140
c3328	95838	L20141
c3329	95839	L20142
c3337	95847	L20143
c3338	95848	L20144
c3339	95849	L20145
c3340	95850	L20146
c3341	95851	L20147
c3343	95853	L20148
c3345	95855	L20149
c3346	95856	L20150
c3348	95858	L20151
c3351	95861	L20152
c3355	95866	L20153
c3359	95870	L20154
c3360	95871	L20155
c3366	95877	L20156
c3370	95883	L20157
c3371	95884	L20158
c3374	95887	L20159
c3376	95889	L20160
c3377	95890	L20161
c3379	95892	L20162
c3383	95896	L20163
c3385	95898	L20164
c3386	95899	L20165
c3393	95906	L20166
c3400	95913	L20167
c3402	95915	L20168
c3403	95916	L20169
c3404	95917	L20170
c3411	95925	L20171
c3418	95932	L20172
c3419	95933	L20173
c3420	95934	L20174
c3428	95943	L20175
c3435	95951	L20176
c3440	95956	L20177
c3442	95958	L20178
c3444	95960	L20179
c3446	95962	L20180
c3448	95964	L20181
c3449	95965	L20182
c3451	95967	L20183
c3452	95968	L20184
c3454	95970	L20185
c3455	95971	L20186
c3456	95972	L20187
c3460	95976	L20188
c3461	95977	L20189
c3463	95979	L20190
c3464	95980	L20191
c3467	95985	L20192
c3468	95986	L20193
c3469	95987	L20194
c3470	95988	L20195
c3471	95989	L20196
c3472	95990	L20197
c3473	95991	L20198
c3475	95993	L20199
c3476	95994	L20200
c3479	95997	L20201
c3480	95998	L20202
c3481	95999	L20203
c3484	96002	L20204
c3489	96008	L20205
c3496	96016	L20206
c3499	96019	L20207
c3500	96020	L20208
c3506	96026	L20209
c3510	96030	L20210
c3512	96033	L20211
c3514	96035	L20212
c3515	96036	L20213
c3516	96037	L20214
c3517	96038	L20215
c3526	96048	L20216
c3528	96050	L20217
c3532	96054	L20218
c3536	96058	L20219
c3540	96062	L20220
c3541	96063	L20221
c3543	96065	L20222
c3549	96071	L20223
c3555	96078	L20224
c3568	96095	L20225
c3569	96097	L20226
c3570	96098	L20227
c3571	96099	L20228
c3573	96101	L20229
c3575	96104	L20230
c3581	96110	L20231
c3583	96112	L20232
c3588	96117	L20233
c3590	96120	L20234
c3593	96123	L20235
c3595	96125	L20236
c3596	96126	L20237
c3597	96127	L20238
c3599	96129	L20239
c3601	96131	L20240
c3602	96132	L20241
c3603	96133	L20242
c3604	96134	L20243
c3605	96135	L20244
c3610	96140	L20245
c3611	96141	L20246
c3615	96145	L20247
c3616	96146	L20248
c3620	96151	L20249
c3622	96153	L20250
c3625	96156	L20251
c3626	96157	L20252
c3628	96159	L20253
c3629	96160	L20254
c3632	96163	L20255
c3633	96164	L20256
c3635	96167	L20257
c3637	96169	L20258
c3641	96173	L20259
c3642	96174	L20260
c3643	96175	L20261
c3644	96176	L20262
c3652	96186	L20263
c3656	96192	L20264
c3658	96194	L20265
c3662	96198	L20266
c3664	96200	L20267
c3666	96202	L20268
c3670	96206	L20269
c3671	96207	L20270
c3673	96209	L20271
c3683	96219	L20272
c3686	96222	L20273
c3687	96223	L20274
c3688	96224	L20275
c3690	96226	L20276
c3692	96228	L20277
c3701	96239	L20278
c3705	96243	L20279
c3712	96251	L20280
c3713	96252	L20281
c3715	96254	L20282
c3716	96255	L20283
c3720	96259	L20284
c3721	96260	L20285
c3722	96261	L20286
c3725	96266	L20287
c3726	96267	L20288
c3728	96269	L20289
c3729	96270	L20290
c3731	96272	L20291
c3734	96275	L20292
c3735	96276	L20293
c3736	96277	L20294
c3740	96281	L20295
c3740_sc	96282	L20296
c3746	96288	L20297
c3748	96290	L20298
c3750	96292	L20299
c3751	96293	L20300
c3752	96294	L20301
c3757	96299	L20302
c3765	96307	L20303
c3770	96312	L20304
c3772	96314	L20305
c3774	96316	L20306
c3775	96317	L20307
c3787	96330	L20308
c3792	96336	L20309
c3794	96338	L20310
c3795	96339	L20311
c3799	96343	L20312
c3802	96348	L20313
c3804	96350	L20314
c3805	96351	L20315
c3811	96357	L20316
c3813	96359	L20317
c3813_sc	96360	L20318
c3817	96364	L20319
c3818	96365	L20320
c3820	96367	L20321
c3821	96368	L20322
c3823	96370	L20323
c3829	96376	L20324
c3831	96378	L20325
c3832	96379	L20326
c3833	96380	L20327
c3836	96386	L20328
c3840	96391	L20329
c3842	96393	L20330
c3843	96394	L20331
c3844	96395	L20332
c3847	96398	L20333
c3849	96400	L20334
c3853	96404	L20335
c3854	96405	L20336
c3855	96406	L20337
c3858	96409	L20338
c3859	96410	L20339
c3860	96411	L20340
c3864	96415	L20341
c3867	96418	L20342
c3868	96420	L20343
c3869	96421	L20344
c3870	96422	L20345
c3872	96424	L20346
c3878	96431	L20347
c3879	96432	L20348
c3880	96433	L20349
c3881	96434	L20350
c3883	96436	L20351
c3889	96443	L20352
c3892	96446	L20353
c3894	96448	L20354
c3895	96449	L20355
c3899	96453	L20356
c3901	96456	L20357
c3905	96460	L20358
c3909	96464	L20359
c3911	96466	L20360
c3913	96468	L20361
c3914	96469	L20362
c3915	96470	L20363
c3921	96476	L20364
c3924	96479	L20365
c3926	96482	L20366
c3931	96487	L20367
c3932	96488	L20368
c3933	96489	L20369
c3934	96490	L20370
c3937	96493	L20371
c3938	96494	L20372
c3939	96495	L20373
c3941	96497	L20374
c3951	96508	L20375
c3952	96509	L20376
c3955	96512	L20377
c3955	96512	L20377
c3956	96513	L20378
c3962	96520	L20379
c3978	96537	L20380
c3986	96545	L20381
c3990	96549	L20382
c3991	96550	L20383
c3997	96557	L20384
c4015	96578	L20385
c4039	96607	L20386
c4044	96612	L20387
c4078	96654	L20388
c4082	96658	L20389
c4086	96662	L20390
c4093	96669	L20391
c4097	96673	L20392
c4100	96676	L20393
c4101	96677	L20394
c4104	96680	L20395
c4107	96683	L20396
c4109	96685	L20397
c4111	96687	L20398
c4112	96688	L20399
c4112	96688	L20399
c4116	96692	L20400
c4117	96693	L20401
c4120	96696	L20402
c4122	96698	L20403
c4124	96700	L20404
c4125	96701	L20405
c4125	96701	L20405
c4128	96704	L20406
c4130	96706	L20407
c4131	96707	L20408
c4141	96717	L20409
c4162	96738	L20410
c4190	96769	L20411
c4220	96802	L20412
c4226	96809	L20413
c4238	96822	L20414
c4247	96832	L20415
c4249	96834	L20416
c4254	96839	L20417
c4268	96858	L20418
c4279	96869	L20419
c4287	96878	L20420
c4290	96881	L20421
c4297	96888	L20422
c4301	96892	L20423
c4304	96895	L20424
c4307	96898	L20425
c4322	96916	L20426
c4324	96918	L20427
c4331	96925	L20428
c4344	96939	L20429
c4347	96943	L20430
c4354	96951	L20431
c4359	96957	L20432
c4367	96965	L20433
c4369	96967	L20434
c4370	96968	L20435
c4373	96971	L20436
c4390	96990	L20437
c4390	96990	L20437
c4396	96997	L20438
c4397	96998	L20439
c4412	97016	L20440
c4414	97018	L20441
c4418	97022	L20442
c4430	97037	L20443
c4433	97040	L20444
c4439	97046	L20445
c4442	97049	L20446
c4445	97052	L20447
c4449	97056	L20448
c4453	97060	L20449
c4465	97074	L20450
c4491	97105	L20451
c4494	97109	L20452
c4496	97111	L20453
c4504	97121	L20454
c4521	97139	L20455
c4524	97142	L20456
c4559	97179	L20457
c4561	97182	L20458
c4565	97186	L20459
c4566	97187	L20460
c4568	97189	L20461
c4594	97219	L20462
c4604	97229	L20463
c4622	97249	L20464
c4626	97253	L20465
c4639	97269	L20466
c4656	97287	L20467
c4657	97288	L20468
c4659	97290	L20469
c4673	97304	L20470
c4699	97334	L20471
c4704	97339	L20472
c4706	97341	L20473
c4706	97341	L20473
c4706	97341	L20473
c4712	97348	L20474
c4720	97356	L20475
c4721	97357	L20476
c4726	97362	L20477
c4733	97369	L20478
c4736	97372	L20479
c4743	97380	L20480
c4747	97384	L20481
c4755	97393	L20482
c4769	97408	L20483
c4798	97441	L20484
c4812	97455	L20485
c4816	97459	L20486
c4820	97463	L20487
c4835	97480	L20488
c4857	97506	L20489
c4858	97507	L20490
c4859	97508	L20491
c4860	97509	L20492
c4864	97513	L20493
c6143	97526	L20494
c6524	97533	L20495
c6528	97537	L20496
c6529	97538	L20497
c6643	97546	L20498
c6657	97551	L20499
c7058	97555	L20500
c7146	97558	L20501
c7250	97566	L20502
c7604	97587	L20503
c7677	97589	L20504
c7886	97596	L20505
c7886	97596	L20505
c7887	97597	L20506
c7890	97600	L20507
c8040	97606	L20508
c8796	97619	L20509
c9704	97646	L20510
d0035	97894	L20511
d0038	97897	L20512
d0051	97910	L20513
d0066	97926	L20514
d0073	97934	L20515
d0075	97936	L20516
d0076	97937	L20517
d0080	97941	L20518
d0084	97945	L20519
d0085	97946	L20520
d0086	97947	L20521
d0087	97948	L20522
d0088	97949	L20523
d0089	97950	L20524
d0090	97951	L20525
d0093	97954	L20526
d0095	97957	L20527
d0096	97958	L20528
d0100	97962	L20529
d0101	97963	L20530
d0102	97964	L20531
d0106	97969	L20532
d0110	97973	L20533
d0111	97974	L20534
d0112	97975	L20535
d0114	97977	L20536
d0115	97978	L20537
d0118	97981	L20538
d0120	97983	L20539
d0124	97987	L20540
d0128	97992	L20541
d0130	97994	L20542
d0132	97996	L20543
d0135	97999	L20544
d0141	98006	L20545
d0142	98007	L20546
d0143	98008	L20547
d0154	98022	L20548
d0171	98040	L20549
d0177	98047	L20550
d0178	98048	L20551
d0182	98053	L20552
d0186	98057	L20553
d0188	98059	L20554
d0189	98060	L20555
d0199	98071	L20556
d0201	98073	L20557
d0202	98074	L20558
d0204	98077	L20559
d0206	98079	L20560
d0211	98085	L20561
d0212	98086	L20562
d0216	98090	L20563
d0220	98094	L20564
d0224	98101	L20565
d0228	98105	L20566
d0229	98106	L20567
d0232	98109	L20568
d0235	98112	L20569
d0236	98113	L20570
d0238	98116	L20571
d0238	98116	L20571
d0243	98124	L20572
d0245	98126	L20573
d0247	98128	L20574
d0252	98133	L20575
d0254	98135	L20576
d0259	98140	L20577
d0260	98141	L20578
d0261	98142	L20579
d0264	98145	L20580
d0265	98146	L20581
d0267	98148	L20582
d0274	98156	L20583
d0279	98161	L20584
d0283	98165	L20585
d0293	98177	L20586
d0295	98179	L20587
d0296	98180	L20588
d0297	98181	L20589
d0303	98187	L20590
d0311	98197	L20591
d0313	98200	L20592
d0314	98201	L20593
d0318	98205	L20594
d0319	98206	L20595
d0320	98207	L20596
d0322	98209	L20597
d0323	98210	L20598
d0330	98219	L20599
d0333	98222	L20600
d0334	98223	L20601
d0334	98223	L20601
d0341	98230	L20602
d0342	98231	L20603
d0347	98236	L20604
d0356	98245	L20605
d0358	98247	L20606
d0362	98252	L20607
d0363	98253	L20608
d0365	98255	L20609
d0366	98256	L20610
d0367	98257	L20611
d0368	98258	L20612
d0369	98259	L20613
d0370	98260	L20614
d0371	98261	L20615
d0372	98262	L20616
d0377	98267	L20617
d0378	98268	L20618
d0380	98270	L20619
d0380	98270	L20619
d0381	98271	L20620
d0382	98272	L20621
d0383	98273	L20622
d0386	98276	L20623
d0387	98277	L20624
d0390	98280	L20625
d0391	98282	L20626
d0392	98283	L20627
d0396	98287	L20628
d0403	98294	L20629
d0404	98295	L20630
d0408	98299	L20631
d0409	98300	L20632
d0413	98304	L20633
d0414	98305	L20634
d0415	98306	L20635
d0416	98307	L20636
d0418	98309	L20637
d0419	98310	L20638
d0420	98311	L20639
d0422	98314	L20640
d0425	98318	L20641
d0426	98319	L20642
d0427	98320	L20643
d0430	98323	L20644
d0431	98324	L20645
d0432	98325	L20646
d0434	98327	L20647
d0436	98329	L20648
d0438	98331	L20649
d0439	98332	L20650
d0440	98333	L20651
d0441	98334	L20652
d0442	98336	L20653
d0443	98337	L20654
d0444	98338	L20655
d0445	98339	L20656
d0447	98341	L20657
d0448	98342	L20658
d0449	98343	L20659
d0450	98344	L20660
d0451	98345	L20661
d0453	98347	L20662
d0454	98348	L20663
d0456	98350	L20664
d0457	98351	L20665
d0460	98354	L20666
d0461	98355	L20667
d0462	98356	L20668
d0464	98358	L20669
d0468	98362	L20670
d0470	98364	L20671
d0475	98370	L20672
d0476	98371	L20673
d0478	98373	L20674
d0481	98376	L20675
d0484	98380	L20676
d0486	98382	L20677
d0491	98387	L20678
d0497	98394	L20679
d0499	98396	L20680
d0500	98397	L20681
d0502	98399	L20682
d0503	98400	L20683
d0504	98401	L20684
d0505	98402	L20685
d0508	98405	L20686
d0509	98406	L20687
d0510	98407	L20688
d0511	98408	L20689
d0512	98410	L20690
d0514	98412	L20691
d0518	98418	L20692
d0523	98425	L20693
d0526	98428	L20694
d0526	98428	L20694
d0529	98431	L20695
d0536	98438	L20696
d0543	98446	L20697
d0544	98447	L20698
d0546	98449	L20699
d0547	98450	L20700
d0553	98459	L20701
d0556	98463	L20702
d0558	98465	L20703
d0563	98470	L20704
d0564	98471	L20705
d0566	98473	L20706
d0567	98474	L20707
d0569	98476	L20708
d0570	98477	L20709
d0571	98478	L20710
d0573	98480	L20711
d0574	98481	L20712
d0577	98484	L20713
d0582	98489	L20714
d0584	98491	L20715
d0585	98492	L20716
d0589	98496	L20717
d0596	98506	L20718
d0597	98508	L20719
d0598	98509	L20720
d0600	98511	L20721
d0601	98512	L20722
d0604	98515	L20723
d0605	98516	L20724
d0606	98517	L20725
d0609	98520	L20726
d0611	98522	L20727
d0615	98526	L20728
d0620	98531	L20729
d0621	98532	L20730
d0622	98533	L20731
d0623	98535	L20732
d0624	98536	L20733
d0626	98538	L20734
d0628	98540	L20735
d0630	98542	L20736
d0632	98544	L20737
d0633	98545	L20738
d0636	98548	L20739
d0639	98551	L20740
d0640	98552	L20741
d0641	98553	L20742
d0644	98557	L20743
d0644	98557	L20743
d0653	98568	L20744
d0655	98570	L20745
d0656	98571	L20746
d0657	98572	L20747
d0658	98573	L20748
d0660	98575	L20749
d0661	98576	L20750
d0662	98577	L20751
d0663	98578	L20752
d0665	98580	L20753
d0666	98581	L20754
d0667	98582	L20755
d0671	98586	L20756
d0672	98587	L20757
d0673	98588	L20758
d0677	98593	L20759
d0678	98594	L20760
d0679	98595	L20761
d0680	98596	L20762
d0681	98597	L20763
d0690	98606	L20764
d0694	98610	L20765
d0699	98615	L20766
d0701	98617	L20767
d0704	98620	L20768
d0708	98624	L20769
d0710	98626	L20770
d0711	98627	L20771
d0727	98644	L20772
d0731	98648	L20773
d0734	98651	L20774
d0736	98653	L20775
d0737	98654	L20776
d0741	98658	L20777
d0741	98658	L20777
d0743	98660	L20778
d0744	98661	L20779
d0745	98662	L20780
d0746	98663	L20781
d0747	98664	L20782
d0748	98665	L20783
d0751	98668	L20784
d0755	98672	L20785
d0758	98675	L20786
d0759	98676	L20787
d0760	98677	L20788
d0762	98679	L20789
d0765	98682	L20790
d0767	98684	L20791
d0769	98686	L20792
d0771	98689	L20793
d0772	98690	L20794
d0773	98691	L20795
d0774	98692	L20796
d0775	98693	L20797
d0778	98696	L20798
d0780	98698	L20799
d0782	98700	L20800
d0785	98703	L20801
d0789	98708	L20802
d0790	98709	L20803
d0792	98711	L20804
d0793	98712	L20805
d0796	98715	L20806
d0797	98716	L20807
d0798	98717	L20808
d0799	98718	L20809
d0800	98719	L20810
d0802	98721	L20811
d0807	98726	L20812
d0810	98729	L20813
d0811	98730	L20814
d0812	98731	L20815
d0815	98734	L20816
d0816	98735	L20817
d0817	98736	L20818
d0818	98737	L20819
d0820	98739	L20820
d0824	98744	L20821
d0828	98749	L20822
d0829	98750	L20823
d0836	98758	L20824
d0837	98759	L20825
d0840	98763	L20826
d0842	98765	L20827
d0846	98769	L20828
d0855	98780	L20829
d0856	98781	L20830
d0861	98786	L20831
d0862	98787	L20832
d0863	98788	L20833
d0864	98789	L20834
d0865	98790	L20835
d0867	98792	L20836
d0869	98794	L20837
d0871	98796	L20838
d0874	98799	L20839
d0875	98800	L20840
d0878	98803	L20841
d0880	98805	L20842
d0882	98808	L20843
d0884	98810	L20844
d0888	98814	L20845
d0890	98816	L20846
d0891	98817	L20847
d0892	98819	L20848
d0893	98820	L20849
d0897	98824	L20850
d0898	98825	L20851
d0900	98827	L20852
d0902	98830	L20853
d0902_sc	98831	L20854
d0903	98832	L20855
d0912	98843	L20856
d0913	98844	L20857
d0918	98850	L20858
d0919	98851	L20859
d0920	98852	L20860
d0921	98853	L20861
d0923	98855	L20862
d0924	98856	L20863
d0925	98857	L20864
d0926	98858	L20865
d0927	98859	L20866
d0929	98861	L20867
d0930	98862	L20868
d0930	98862	L20868
d0933	98865	L20869
d0934	98866	L20870
d0936	98868	L20871
d0936	98868	L20871
d0937	98869	L20872
d0942	98874	L20873
d0943	98875	L20874
d0945	98877	L20875
d0948	98880	L20876
d0950	98882	L20877
d0951	98883	L20878
d0952	98884	L20879
d0957	98889	L20880
d0962	98894	L20881
d0963	98895	L20882
d0968	98900	L20883
d0973	98905	L20884
d0976	98908	L20885
d0977	98909	L20886
d0978	98910	L20887
d0980	98912	L20888
d0981	98913	L20889
d0983	98915	L20890
d0988	98921	L20891
d0989	98922	L20892
d0992	98925	L20893
d0996	98929	L20894
d0999	98932	L20895
d1002	98935	L20896
d1003	98936	L20897
d1007	98940	L20898
d1008	98941	L20899
d1011	98944	L20900
d1012	98945	L20901
d1015	98948	L20902
d1017	98950	L20903
d1018	98951	L20904
d1020	98953	L20905
d1021	98954	L20906
d1022	98955	L20907
d1023	98956	L20908
d1025	98958	L20909
d1026	98959	L20910
d1030	98963	L20911
d1032	98965	L20912
d1035	98968	L20913
d1036	98969	L20914
d1038	98971	L20915
d1043	98976	L20916
d1044	98977	L20917
d1047	98980	L20918
d1050	98983	L20919
d1050_sc	98984	L20920
d1051	98985	L20921
d1052	98986	L20922
d1053	98987	L20923
d1055	98989	L20924
d1056	98990	L20925
d1057	98991	L20926
d1061	98996	L20927
d1062	98997	L20928
d1063	98998	L20929
d1065	99000	L20930
d1068	99003	L20931
d1071	99006	L20932
d1072	99007	L20933
d1073	99008	L20934
d1077	99012	L20935
d1079	99014	L20936
d1080	99016	L20937
d1083	99019	L20938
d1088	99024	L20939
d1089	99025	L20940
d1091	99027	L20941
d1097	99033	L20942
d1098	99034	L20943
d1099	99035	L20944
d1100	99036	L20945
d1101	99037	L20946
d1102	99038	L20947
d1104	99040	L20948
d1105	99041	L20949
d1106	99042	L20950
d1107	99043	L20951
d1108	99044	L20952
d1111	99047	L20953
d1115	99051	L20954
d1116	99052	L20955
d1119	99055	L20956
d1120	99056	L20957
d1122	99058	L20958
d1126	99062	L20959
d1127	99063	L20960
d1128	99064	L20961
d1129	99065	L20962
d1130	99066	L20963
d1133	99069	L20964
d1134	99070	L20965
d1135	99071	L20966
d1136	99072	L20967
d1137	99073	L20968
d1138	99074	L20969
d1139	99075	L20970
d1140	99076	L20971
d1141	99077	L20972
d1143	99079	L20973
d1144	99080	L20974
d1145	99081	L20975
d1147	99083	L20976
d1153	99089	L20977
d1154	99090	L20978
d1155	99091	L20979
d1160	99096	L20980
d1160_sc	99097	L20981
d1161	99098	L20982
d1162	99099	L20983
d1164	99101	L20984
d1165	99102	L20985
d1168	99105	L20986
d1170	99107	L20987
d1172	99110	L20988
d1174	99112	L20989
d1175	99113	L20990
d1176	99114	L20991
d1177	99115	L20992
d1183	99122	L20993
d1189	99128	L20994
d1190	99129	L20995
d1191	99130	L20996
d1197	99136	L20997
d1325	99275	L20998
d1328	99279	L20999
d1349	99301	L21000
d1350	99302	L21001
d1358	99313	L21002
d1363	99318	L21003
d1365	99320	L21004
d1368	99323	L21005
d1371	99326	L21006
d1372	99327	L21007
d1374	99329	L21008
d1383	99339	L21009
d1384	99340	L21010
d1386	99342	L21011
d1388	99344	L21012
d1392	99348	L21013
d1393	99349	L21014
d1394	99350	L21015
d1397	99353	L21016
d1399	99355	L21017
d1400	99356	L21018
d1402	99358	L21019
d1403	99359	L21020
d1404	99360	L21021
d1405	99361	L21022
d1408	99364	L21023
d1409	99365	L21024
d1411	99367	L21025
d1412	99368	L21026
d1413	99369	L21027
d1414	99370	L21028
d1418	99374	L21029
d1423	99383	L21030
d1436	99398	L21031
d1442	99405	L21032
d1443	99406	L21033
d1445	99408	L21034
d1451	99414	L21035
d1463	99426	L21036
d1464	99427	L21037
d1471	99433	L21038
d1554	99435	L21039
d1556	99437	L21040
d1558	99439	L21041
d1559	99440	L21042
d1560	99441	L21043
d1561	99442	L21044
d1564	99445	L21045
d1566	99447	L21046
d1572	99453	L21047
d1575	99457	L21048
d1579	99461	L21049
d1581	99463	L21050
d1582	99464	L21051
d1585	99467	L21052
d1587	99469	L21053
d1587_sc	99470	L21054
d1588	99471	L21055
d1590	99473	L21056
d1593	99476	L21057
d1596	99481	L21058
d1601	99485	L21059
d1602	99486	L21060
d1606	99493	L21061
d1607	99495	L21062
d1610	99498	L21063
d1613	99503	L21064
d1615	99505	L21065
d1620	99509	L21066
d1621	99510	L21067
d1621	99510	L21067
d1623	99512	L21068
d1624	99513	L21069
d1626	99515	L21070
d1644	99533	L21071
d1661	99554	L21072
d1663	99558	L21073
d1676	99571	L21074
d1680	99575	L21075
d1681	99576	L21076
d1682	99577	L21077
d1684	99579	L21078
d1684	99579	L21078
d1685	99580	L21079
d1690	99584	L21080
d1692	99586	L21081
d1693	99587	L21082
d1694	99588	L21083
d1695	99589	L21084
d1700	99594	L21085
d1703	99597	L21086
d1704	99598	L21087
d1708	99602	L21088
d1712	99606	L21089
d1713	99607	L21090
d1714	99608	L21091
d1721	99616	L21092
d1722	99617	L21093
d1724	99619	L21094
d1731	99625	L21095
d1732	99626	L21096
d1733	99627	L21097
d1735	99629	L21098
d1741	99635	L21099
d1744	99638	L21100
d1747	99641	L21101
d1749	99643	L21102
d1750	99644	L21103
d1751	99645	L21104
d1757	99651	L21105
d1764	99659	L21106
d1766	99661	L21107
d1768	99663	L21108
d1769	99664	L21109
d1771	99666	L21110
d1772	99667	L21111
d1777	99672	L21112
d1782	99677	L21113
d1791	99686	L21114
d1792	99687	L21115
d1794	99689	L21116
d1795	99690	L21117
d1796	99691	L21118
d1800	99695	L21119
d1805	99700	L21120
d1806	99702	L21121
d1807	99703	L21122
d1807	99703	L21122
d1808	99704	L21123
d1810	99706	L21124
d1812	99708	L21125
d1815	99711	L21126
d1817	99713	L21127
d1818	99714	L21128
d1821	99717	L21129
d1831	99728	L21130
d1832	99729	L21131
d1833	99730	L21132
d1834	99731	L21133
d1835	99732	L21134
d1836	99733	L21135
d1839	99737	L21136
d1839	99737	L21136
d1841	99739	L21137
d1842	99740	L21138
d1843	99741	L21139
d1844	99742	L21140
d1845	99743	L21141
d1846	99744	L21142
d1850	99748	L21143
d1854	99752	L21144
d1855	99753	L21145
d1858	99756	L21146
d1865	99764	L21147
d1866	99765	L21148
d1868	99767	L21149
d1870	99769	L21150
d1872	99772	L21151
d1873	99773	L21152
d1876	99776	L21153
d1879	99780	L21154
d1881	99782	L21155
d1883	99783	L21156
d1884	99784	L21157
d1885	99785	L21158
d1886	99786	L21159
d1887	99787	L21160
d1893	99793	L21161
d1895	99795	L21162
d1898	99798	L21163
d1899	99799	L21164
d1902	99802	L21165
d1903	99803	L21166
d1910	99810	L21167
d1915	99815	L21168
d1920	99820	L21169
d1922	99822	L21170
d1926	99826	L21171
d1931	99832	L21172
d1937	99838	L21173
d1938	99839	L21174
d1939	99840	L21175
d1940	99841	L21176
d1945	99847	L21177
d1946	99848	L21178
d1951	99853	L21179
d1953	99856	L21180
d1954	99857	L21181
d1955	99858	L21182
d1957	99861	L21183
d1961	99865	L21184
d1963	99867	L21185
d1964	99868	L21186
d1965	99869	L21187
d1971	99875	L21188
d1973	99877	L21189
d1981	99885	L21190
d1982	99886	L21191
d1983	99887	L21192
d1985	99889	L21193
d1988	99892	L21194
d1992	99895	L21195
d1997	99900	L21196
d2000	99903	L21197
d2005	99907	L21198
d2007	99909	L21199
d2008	99910	L21200
d2009	99911	L21201
d2010	99912	L21202
d2011	99913	L21203
d2012	99914	L21204
d2022	99924	L21205
d2024	99927	L21206
d2029	99932	L21207
d2039	99942	L21208
d2046	99950	L21209
d2048	99952	L21210
d2053	99958	L21211
d2063	99968	L21212
d2066	99970	L21213
d2067	99971	L21214
d2079	99983	L21215
d2088	99992	L21216
d2102	100007	L21217
d2113	100021	L21218
d2122	100029	L21219
d2124	100031	L21220
d2151	100058	L21221
d2153	100059	L21222
d2156	100062	L21223
d2161	100067	L21224
d2178	100086	L21225
d2179	100087	L21226
d2184	100094	L21227
d2184_sc	100093	L21228
d2188	100098	L21229
d2200	100111	L21230
d2205	100117	L21231
d2224	100139	L21232
d2228	100143	L21233
d2238	100154	L21234
d2262	100176	L21235
d2264	100178	L21236
d2279	100196	L21237
d2285	100202	L21238
d2286	100203	L21239
d2298	100215	L21240
d2302	100221	L21241
d2314	100233	L21242
d2319	100238	L21243
d2376	100291	L21244
d2378	100293	L21245
d2389	100305	L21246
d2389_sc	100306	L21247
d2400	100318	L21248
d2427	100345	L21249
d2428	100346	L21250
d2431	100349	L21251
d7012	100350	L21252
d7013	100351	L21253
d7315	100355	L21254
d8008	100361	L21255
d8009	100362	L21256
d8515	100371	L21257
d9262	100378	L21258
d9295	100379	L21259
d9322	100380	L21260
d9462	100381	L21261
d9508	100382	L21262
d9510	100384	L21263
d9646	100442	L21264
d9761	100444	L21265
d9772	100446	L21266
d9874	100447	L21267
d9875	100448	L21268
d9892	100453	L21269
e0006	100485	L21270
e0006	100485	L21270
e0008	100487	L21271
e0009	100488	L21272
e0016	100495	L21273
e0023	100502	L21274
e0075	100557	L21275
e0076	100558	L21276
e0081	100563	L21277
e0081	100563	L21277
e0084	100566	L21278
e0085	100567	L21279
e0086	100568	L21280
e0090	100572	L21281
e0094	100576	L21282
e0095	100577	L21283
e0097	100579	L21284
e0098	100580	L21285
e0099	100581	L21286
e0100	100582	L21287
e0101	100584	L21288
e0101_sc	100583	L21289
e0105	100588	L21290
e0106	100589	L21291
e0109	100592	L21292
e0111	100596	L21293
e0112	100597	L21294
e0118	100603	L21295
e0121	100606	L21296
e0123	100608	L21297
e0123	100608	L21297
e0124	100609	L21298
e0124	100609	L21298
e0125	100610	L21299
e0125	100610	L21299
e0125	100610	L21299
e0127	100612	L21300
e0127	100612	L21300
e0130	100617	L21301
e0130_sc	100618	L21302
e0132	100620	L21303
e0139	100627	L21304
e0139	100627	L21304
e0140	100628	L21305
e0142	100630	L21306
e0142	100630	L21306
e0145	100634	L21307
e0145	100634	L21307
e0147	100636	L21308
e0148	100637	L21309
e0148	100637	L21309
e0152	100641	L21310
e0154	100643	L21311
e0156	100645	L21312
e0157	100646	L21313
e0157	100646	L21313
e0158	100647	L21314
e0158	100647	L21314
e0159	100648	L21315
e0159_sc	100649	L21316
e0160	100650	L21317
e0160_sc	100651	L21318
e0165	100656	L21319
e0165	100656	L21319
e0166	100657	L21320
e0167	100658	L21321
e0168	100659	L21322
e0175	100667	L21323
e0175	100667	L21323
e0176	100668	L21324
e0176	100668	L21324
e0177	100669	L21325
e0177	100669	L21325
e0178	100670	L21326
e0180	100672	L21327
e0182	100674	L21328
e0182	100674	L21328
e0185	100678	L21329
e0186	100680	L21330
e0188	100682	L21331
e0191	100685	L21332
e0192	100686	L21333
e0193	100687	L21334
e0193	100687	L21334
e0195	100689	L21335
e0200	100694	L21336
e0200	100694	L21336
e0201	100695	L21337
e0201	100695	L21337
e0202	100696	L21338
e0204	100698	L21339
e0207	100701	L21340
e0209	100703	L21341
e0210	100704	L21342
e0216	100710	L21343
e0221	100715	L21344
e0225	100719	L21345
e0231	100726	L21346
e0232	100727	L21347
e0237	100733	L21348
e0242	100738	L21349
e0242	100738	L21349
e0244	100740	L21350
e0246	100742	L21351
e0249	100745	L21352
e0254	100750	L21353
e0256	100752	L21354
e0258	100754	L21355
e0259	100755	L21356
e0260	100756	L21357
e0266	100762	L21358
e0267	100763	L21359
e0268	100764	L21360
e0269	100765	L21361
e0276	100772	L21362
e0292	100789	L21363
e0299	100796	L21364
e0316	100819	L21365
e0318	100821	L21366
e0319	100822	L21367
e0320	100823	L21368
e0321	100824	L21369
e0324	100827	L21370
e0325	100828	L21371
e0326	100829	L21372
e0327	100830	L21373
e0330	100833	L21374
e0331	100834	L21375
e0333	100836	L21376
e0334	100837	L21377
e0338	100841	L21378
e0345	100848	L21379
e0350	100854	L21380
e0355	100860	L21381
e0357	100862	L21382
e0358	100863	L21383
e0360	100865	L21384
e0363	100869	L21385
e0363_sc	100870	L21386
e0364	100871	L21387
e0366	100873	L21388
e0368	100875	L21389
e0369	100877	L21390
e0371	100880	L21391
e0372	100881	L21392
e0373	100882	L21393
e0376	100886	L21394
e0378	100888	L21395
e0380	100890	L21396
e0383	100893	L21397
e0387	100897	L21398
e0388	100898	L21399
e0389	100899	L21400
e0391	100901	L21401
e0392	100902	L21402
e0394	100904	L21403
e0398	100908	L21404
e0399	100909	L21405
e0400	100910	L21406
e0401	100911	L21407
e0404	100914	L21408
e0406	100916	L21409
e0408	100918	L21410
e0409	100919	L21411
e0433	100948	L21412
e0434	100949	L21413
e0442	100958	L21414
e0443	100959	L21415
e0445	100961	L21416
e0447	100963	L21417
e0448	100964	L21418
e0449	100966	L21419
e0450	100967	L21420
e0453	100970	L21421
e0454	100971	L21422
e0457	100974	L21423
e0459	100976	L21424
e0461	100978	L21425
e0463	100980	L21426
e0465	100982	L21427
e0469	100986	L21428
e0475	100994	L21429
e0476	100995	L21430
e0477	100996	L21431
e0479	100998	L21432
e0480	100999	L21433
e0481	101000	L21434
e0483	101002	L21435
e0484	101003	L21436
e0485	101004	L21437
e0486	101005	L21438
e0489	101008	L21439
e0490	101009	L21440
e0494	101013	L21441
e0506	101025	L21442
e0521	101041	L21443
e0525	101045	L21444
e0528	101048	L21445
e0529	101049	L21446
e0531	101051	L21447
e0535	101055	L21448
e0536	101056	L21449
e0537	101057	L21450
e0538	101058	L21451
e0541	101061	L21452
e0553	101073	L21453
e0554	101074	L21454
e0557	101078	L21455
e0558	101079	L21456
e0560	101081	L21457
e0587	101110	L21458
e0587	101110	L21458
e0595	101120	L21459
e0595_sc	101121	L21460
e0596	101122	L21461
e0609	101135	L21462
e0613	101139	L21463
e0617	101143	L21464
e0619	101145	L21465
e0640	101168	L21466
e0641	101169	L21467
e0643	101171	L21468
e0644	101172	L21469
e0646	101174	L21470
e0647	101175	L21471
e0651	101179	L21472
e0653	101181	L21473
e0655	101183	L21474
e0660	101188	L21475
e0661	101189	L21476
e0661	101189	L21476
e0663	101191	L21477
e0664	101192	L21478
e0666	101194	L21479
e0668	101196	L21480
e0681	101203	L21481
e0717	101241	L21482
e0790	101323	L21483
e0809	101343	L21484
e0809	101343	L21484
e0817	101350	L21485
e0829	101364	L21486
e0838	101374	L21487
e0841	101376	L21488
e0846	101382	L21489
e0847	101383	L21490
e0851	101388	L21491
e0854	101391	L21492
e0859	101397	L21493
e0861	101399	L21494
e0884	101424	L21495
e0892	101432	L21496
e0899	101440	L21497
e0902	101442	L21498
e0907	101447	L21499
e0908	101448	L21500
e0925	101465	L21501
e0929	101469	L21502
e0929_sc	101470	L21503
e0932	101474	L21504
e0933	101475	L21505
e0934	101476	L21506
e0936	101478	L21507
e0943	101485	L21508
e0944	101486	L21509
e0946	101488	L21510
e0948	101490	L21511
e0949	101491	L21512
e0950	101492	L21513
e0971	101515	L21514
e0978	101521	L21515
e0982	101526	L21516
e0983	101527	L21517
e0993	101536	L21518
e0993	101536	L21518
e1019	101564	L21519
e1020	101565	L21520
e1023	101568	L21521
e1024	101570	L21522
e1025	101571	L21523
e1027	101573	L21524
e1028	101574	L21525
e1029	101575	L21526
e1035	101581	L21527
e1036	101582	L21528
e1039	101585	L21529
e1041	101587	L21530
e1053	101599	L21531
e1054	101600	L21532
e1055	101601	L21533
e1056	101602	L21534
e1056	101602	L21534
e1057	101603	L21535
e1058	101604	L21536
e1059	101605	L21537
e1060	101606	L21538
e1063	101609	L21539
e1067	101613	L21540
e1069	101615	L21541
e1072	101618	L21542
e1073	101619	L21543
e1084	101630	L21544
e1088	101634	L21545
e1089	101635	L21546
e1091	101637	L21547
e1092	101638	L21548
e1093	101639	L21549
e1094	101640	L21550
e1095	101641	L21551
e1097	101643	L21552
e1098	101644	L21553
e1099	101645	L21554
e1102	101648	L21555
e1110	101656	L21556
e1111	101657	L21557
e1117	101664	L21558
e1119	101666	L21559
e1120	101667	L21560
e1123	101670	L21561
e1124	101671	L21562
e1163	101713	L21563
e1168	101717	L21564
e1169	101718	L21565
e1172	101721	L21566
e1174	101722	L21567
e1175	101723	L21568
e1176	101724	L21569
e1181	101729	L21570
e1186	101735	L21571
e1188	101737	L21572
e1191	101740	L21573
e1194	101743	L21574
e1197	101746	L21575
e1200	101749	L21576
e1201	101750	L21577
e1203	101752	L21578
e1207	101756	L21579
e1210	101759	L21580
e1211	101760	L21581
e1217	101767	L21582
e1218	101768	L21583
e1219	101769	L21584
e1221	101771	L21585
e1223	101773	L21586
e1229	101779	L21587
e1231	101781	L21588
e1232	101782	L21589
e1234	101784	L21590
e1237	101787	L21591
e1239	101788	L21592
e1240	101789	L21593
e1240_sc	101790	L21594
e1242	101792	L21595
e1243	101793	L21596
e1247	101797	L21597
e1250	101800	L21598
e1254	101803	L21599
e1256	101805	L21600
e1259	101808	L21601
e1261	101810	L21602
e1263	101812	L21603
e1264	101813	L21604
e1266	101816	L21605
e1269	101819	L21606
e1270	101821	L21607
e1273	101824	L21608
e1274	101825	L21609
e1275	101826	L21610
e1278	101829	L21611
e1279	101830	L21612
e1280	101831	L21613
e1281	101832	L21614
e1282	101833	L21615
e1284	101835	L21616
e1286	101837	L21617
e1287	101838	L21618
e1288	101840	L21619
e1295	101847	L21620
e1299	101852	L21621
e1300	101853	L21622
e1301	101854	L21623
e1307	101860	L21624
e1308	101861	L21625
e1309	101862	L21626
e1311	101865	L21627
e1322	101877	L21628
e1326	101881	L21629
e1327	101882	L21630
e1328	101883	L21631
e1329	101884	L21632
e1333	101888	L21633
e1346	101891	L21634
e1348	101893	L21635
e1349	101894	L21636
e1350	101895	L21637
e1352	101897	L21638
e1354	101899	L21639
e1355	101900	L21640
e1360	101905	L21641
e1361	101906	L21642
e1362	101907	L21643
e1365	101910	L21644
e1366	101911	L21645
e1368	101913	L21646
e1369	101914	L21647
e1370	101915	L21648
e1371	101916	L21649
e1375	101920	L21650
e1384	101930	L21651
e1385	101931	L21652
e1387	101933	L21653
e1389	101935	L21654
e1391	101937	L21655
e1392	101938	L21656
e1396	101942	L21657
e1406	101952	L21658
e1410	101956	L21659
e1411	101957	L21660
e1416	101962	L21661
e1427	101974	L21662
e1432	101979	L21663
e1432	101979	L21663
e1433	101980	L21664
e1434	101982	L21665
e1443	101992	L21666
e1447	101996	L21667
e1448	101997	L21668
e1450	101999	L21669
e1452	102001	L21670
e1453	102002	L21671
e1455	102004	L21672
e1457	102006	L21673
e1458	102007	L21674
e1460	102009	L21675
e1462	102011	L21676
e1465	102014	L21677
e1466	102015	L21678
e1466	102015	L21678
e1468	102017	L21679
e1473	102022	L21680
e1475	102024	L21681
e1476	102025	L21682
e1476_sc	102026	L21683
e1483	102034	L21684
e1484	102035	L21685
e1486	102037	L21686
e1487	102038	L21687
e1497	102048	L21688
e1498	102049	L21689
e1502	102053	L21690
e1506	102057	L21691
e1506	102057	L21691
e1512	102063	L21692
e1514	102065	L21693
e1516	102067	L21694
e1517	102068	L21695
e1521	102073	L21696
e1526	102078	L21697
e1526	102078	L21697
e1531	102083	L21698
e1533	102085	L21699
e1535	102087	L21700
e1547	102099	L21701
e1549	102101	L21702
e1551		L21703
e1553	102106	L21704
e1556	102109	L21705
e1560	102115	L21706
e1561	102116	L21707
e1566	102122	L21708
e1566_sc	102123	L21709
e1569	102125	L21710
e1570	102126	L21711
e1571	102128	L21712
e1572	102129	L21713
e1573	102130	L21714
e1577	102135	L21715
e1579	102137	L21716
e1581	102139	L21717
e1582	102140	L21718
e1582_sc	102141	L21719
e1584	102143	L21720
e1588	102147	L21721
e1591	102150	L21722
e1592	102151	L21723
e1593	102152	L21724
e1594	102153	L21725
e1595	102154	L21726
e1596	102155	L21727
e1597	102156	L21728
e1598	102157	L21729
e1600	102160	L21730
e1601	102161	L21731
e1604	102165	L21732
e1609	102170	L21733
e1612	102173	L21734
e1620	102181	L21735
e1621	102182	L21736
e1622	102183	L21737
e1623	102184	L21738
e1624	102185	L21739
e1630	102191	L21740
e1631	102192	L21741
e1633	102194	L21742
e1641	102202	L21743
e1642	102203	L21744
e1647	102208	L21745
e1649	102210	L21746
e1652	102213	L21747
e1653	102214	L21748
e1654	102215	L21749
e1656	102217	L21750
e1657	102218	L21751
e1664	102225	L21752
e1668	102229	L21753
e1675	102236	L21754
e1676	102237	L21755
e1677	102238	L21756
e1678	102239	L21757
e1679	102240	L21758
e1680	102241	L21759
e1688	102249	L21760
e1691	102252	L21761
e1694	102255	L21762
e1698	102259	L21763
e1700	102261	L21764
e1701	102262	L21765
e1702	102263	L21766
e1703	102264	L21767
e1708	102269	L21768
e1709	102270	L21769
e1712	102273	L21770
e1713	102274	L21771
e1713	102274	L21771
e1714	102275	L21772
e1717	102278	L21773
e1718	102279	L21774
e1719	102280	L21775
e1724	102285	L21776
e1725	102286	L21777
e1726	102287	L21778
e1729	102290	L21779
e1729	102290	L21779
e1736	102298	L21780
e1745	102309	L21781
e1746	102310	L21782
e1747	102311	L21783
e1748	102312	L21784
e1749	102313	L21785
e1750	102314	L21786
e1752	102316	L21787
e1753	102317	L21788
e1754	102318	L21789
e1755	102319	L21790
e1755	102319	L21790
e1756	102320	L21791
e1757	102321	L21792
e1759	102322	L21793
e1762	102325	L21794
e1763	102326	L21795
e1764	102327	L21796
e1766	102330	L21797
e1771	102335	L21798
e1772	102336	L21799
e1772	102336	L21799
e1774	102338	L21800
e1775	102339	L21801
e1778	102343	L21802
e1780	102345	L21803
e1781	102346	L21804
e1782	102347	L21805
e1784	102349	L21806
e1785	102350	L21807
e1787	102352	L21808
e1791	102356	L21809
e1794	102359	L21810
e1795	102361	L21811
e1795	102361	L21811
e1799	102365	L21812
e1801	102367	L21813
e1801	102367	L21813
e1804	102370	L21814
e1804	102370	L21814
e1805	102371	L21815
e1806	102373	L21816
e1806	102373	L21816
e1812	102380	L21817
e1814	102382	L21818
e1819	102387	L21819
e1820	102388	L21820
e1821	102389	L21821
e1822	102390	L21822
e1825	102393	L21823
e1827	102396	L21824
e1834	102403	L21825
e1840	102409	L21826
e1843	102412	L21827
e1845	102416	L21828
e1846	102418	L21829
e1852	102424	L21830
e1855	102427	L21831
e1857	102429	L21832
e1859	102431	L21833
e1861	102433	L21834
e1862	102434	L21835
e1864	102437	L21836
e1865	102438	L21837
e1866	102439	L21838
e1866_sc	102440	L21839
e1867	102441	L21840
e1868	102442	L21841
e1873	102448	L21842
e1875	102450	L21843
e1879	102454	L21844
e1885	102460	L21845
e1888	102463	L21846
e1890	102465	L21847
e1892	102467	L21848
e1894	102469	L21849
e1894_sc	102470	L21850
e1896	102472	L21851
e1897	102473	L21852
e1898	102474	L21853
e1899	102475	L21854
e1901	102477	L21855
e1903	102479	L21856
e1909	102485	L21857
e1910	102487	L21858
e1910	102487	L21858
e1911	102488	L21859
e1913	102490	L21860
e1914	102492	L21861
e1916	102494	L21862
e1917	102495	L21863
e1918	102496	L21864
e1919	102497	L21865
e1932	102515	L21866
e1937	102520	L21867
e1939	102522	L21868
e1940	102523	L21869
e1943	102526	L21870
e1944	102527	L21871
e1950	102533	L21872
e1951	102534	L21873
e8172	102566	L21874
e8275	102568	L21875
e8302	102570	L21876
e8392	102573	L21877
e8545	102579	L21878
e8830	102585	L21879
e9124	102593	L21880
e9178	102596	L21881
e9236	102605	L21882
e9236	102605	L21882
e9237	102606	L21883
e9238	102607	L21884
e9409	102612	L21885
e9585	102617	L21886
e9808	102624	L21887
f0021	102726	L21888
f0026	102731	L21889
f0032	102738	L21890
f0037	102744	L21891
f0040	102747	L21892
f0041	102748	L21893
f0048	102758	L21894
f0057	102767	L21895
f0058	102768	L21896
f0086	102798	L21897
f0116	102834	L21898
f0127	102847	L21899
f0144	102865	L21900
f0149	102870	L21901
f0154	102876	L21902
f0161	102883	L21903
f0164	102886	L21904
f0180	102903	L21905
f0186	102910	L21906
f0192	102916	L21907
f0193	102917	L21908
f0203	102929	L21909
f0231	102962	L21910
f0234	102966	L21911
f0240	102972	L21912
f0246	102978	L21913
f0251	102985	L21914
f0260	102996	L21915
f0264	103002	L21916
f0266	103004	L21917
f0270	103008	L21918
f0271	103009	L21919
f0274	103012	L21920
f0279	103017	L21921
f0303	103043	L21922
f0305	103045	L21923
f0311	103051	L21924
f0318	103059	L21925
f0323	103064	L21926
f0326	103067	L21927
f0337	103078	L21928
f0339	103080	L21929
f0348	103089	L21930
f0353	103094	L21931
f0358	103099	L21932
f0370	103114	L21933
f0372	103116	L21934
f0373	103117	L21935
f0377	103121	L21936
f0378	103122	L21937
f0382	103126	L21938
f0384	103128	L21939
f0406	103155	L21940
f0413	103164	L21941
f0414	103166	L21942
f0433	103186	L21943
f0439	103193	L21944
f0442	103196	L21945
f0448	103203	L21946
f0450	103205	L21947
f0463	103221	L21948
f0498	103265	L21949
f0502	103269	L21950
f0506	103274	L21951
f0512	103280	L21952
f0516	103284	L21953
f0524	103292	L21954
f0546	103317	L21955
f0548	103319	L21956
f0549	103320	L21957
f0556	103327	L21958
f0557	103328	L21959
f0563	103335	L21960
f0569	103341	L21961
f0572	103344	L21962
f0584	103357	L21963
f0585	103359	L21964
f0590	103364	L21965
f0596	103370	L21966
f0596_sc	103371	L21967
f0601	103376	L21968
f0608	103383	L21969
f0613	103388	L21970
f0613	103388	L21970
f0638	103420	L21971
f0639	103421	L21972
f0644	103426	L21973
f0651	103433	L21974
f0655	103438	L21975
f0655_sc	103439	L21976
f0660	103444	L21977
f0662	103446	L21978
f0673	103457	L21979
f0678	103463	L21980
f0679	103464	L21981
f0685	103470	L21982
f0716	103504	L21983
f0719	103507	L21984
f0721	103509	L21985
f0723	103512	L21986
f0723	103512	L21986
f0730	103519	L21987
f0730_sc	103520	L21988
f0743	103533	L21989
f0751	103542	L21990
f0751	103542	L21990
f0752	103543	L21991
f0756	103549	L21992
f0758	103552	L21993
f0759	103553	L21994
f0762	103556	L21995
f0765	103559	L21996
f0766	103560	L21997
f0781	103578	L21998
f0782	103579	L21999
f0793	103590	L22000
f0802	103600	L22001
f0820	103618	L22002
f0828	103626	L22003
f0844	103642	L22004
f0851	103649	L22005
f0857	103655	L22006
f0859	103657	L22007
f0876	103677	L22008
f0879	103680	L22009
f0884	103685	L22010
f0887	103688	L22011
f0898	103699	L22012
f0906	103707	L22013
f0913	103717	L22014
f0915	103719	L22015
f0915_sc	103720	L22016
f0917	103722	L22017
f0923	103728	L22018
f0931	103736	L22019
f0933	103738	L22020
f0935	103740	L22021
f0944	103749	L22022
f0952	103758	L22023
f0959	103765	L22024
f0962	103768	L22025
f0965	103772	L22026
f0967	103774	L22027
f0976	103784	L22028
f0977	103785	L22029
f0988	103798	L22030
f0992	103802	L22031
f0993	103803	L22032
f0994	103804	L22033
f0994_sc	103805	L22034
f0995	103806	L22035
f1002	103813	L22036
f1006	103817	L22037
f1010	103821	L22038
f1010	103821	L22038
f1012	103823	L22039
f1015	103826	L22040
f1018	103830	L22041
f1024	103836	L22042
f1024_sc	103837	L22043
f1034	103849	L22044
f1039	103856	L22045
f1056	103876	L22046
f1057	103877	L22047
f1059	103881	L22048
f1060	103882	L22049
f1071	103895	L22050
f1079	103903	L22051
f1080	103905	L22052
f1086	103911	L22053
f1100	103927	L22054
f1103	103930	L22055
f1106	103933	L22056
f1109	103937	L22057
f1109_sc	103938	L22058
f1118	103949	L22059
f1118	103949	L22059
f1125	103957	L22060
f1127	103959	L22061
f1135	103969	L22062
f1146	103981	L22063
f1150	103985	L22064
f1154	103989	L22065
f1155	103990	L22066
f1173	104009	L22067
f1176	104012	L22068
f1177	104013	L22069
f1184	104023	L22070
f1187	104027	L22071
f1188	104028	L22072
f1203	104045	L22073
f1221	104063	L22074
f1222	104064	L22075
f1228	104072	L22076
f1230	104075	L22077
f1245	104091	L22078
f1255	104102	L22079
f1260	104108	L22080
f1262	104110	L22081
f1265	104113	L22082
f1270	104118	L22083
f1271	104119	L22084
f1302	104125	L22085
f9010	104154	L22086
f9045	104156	L22087
f9225	104185	L22088
f9227	104187	L22089
f9228	104188	L22090
f9228	104188	L22090
f9229	104189	L22091
f9316	104195	L22092
f9317	104196	L22093
f9540	104204	L22094
f9644	104212	L22095
f9706	104215	L22096
f9795	104224	L22097
f9910	104229	L22098
f9911	104230	L22099
f9937	104233	L22100
f9993	104237	L22101
g0016	104260	L22102
g0034	104283	L22103
g0062	104319	L22104
g0076	104335	L22105
g0077	104336	L22106
g0081	104340	L22107
g0081	104340	L22107
g0090	104350	L22108
g0093	104353	L22109
g0102	104365	L22110
g0120	104389	L22111
g0128	104398	L22112
g0140	104415	L22113
g0144	104419	L22114
g0149	104425	L22115
g0150	104426	L22116
g0153	104429	L22117
g0156	104432	L22118
g0168	104445	L22119
g0174	104453	L22120
g0190	104474	L22121
g0202	104489	L22122
g0234	104532	L22123
g0237	104535	L22124
g0238	104536	L22125
g0268	104571	L22126
g0271	104574	L22127
g0272	104575	L22128
g0274	104577	L22129
g0288	104594	L22130
g0308	104604	L22131
g0316	104612	L22132
g0318	104614	L22133
g0321	104617	L22134
g0322	104618	L22135
g0351	104651	L22136
g0352	104652	L22137
g0357	104657	L22138
g0376	104679	L22139
g0380	104684	L22140
g0385	104688	L22141
g0390	104693	L22142
g0391	104694	L22143
g0397	104700	L22144
g0406	104709	L22145
g0409	104712	L22146
g0420	104722	L22147
g0421	104723	L22148
g0422	104724	L22149
g0435	104737	L22150
g0438	104740	L22151
g0438	104740	L22151
g0439	104741	L22152
g0449	104752	L22153
g0450	104753	L22154
g0476	104781	L22155
g0482	104786	L22156
g0485	104789	L22157
g0498	104799	L22158
g0501	104803	L22159
g0503	104805	L22160
g0522	104825	L22161
g0529	104833	L22162
g0534	104838	L22163
g0537	104841	L22164
g0560	104866	L22165
g0566	104872	L22166
g0571	104878	L22167
g0578	104885	L22168
g0589	104896	L22169
g0592	104898	L22170
g0601	104908	L22171
g0607	104915	L22172
g0615	104924	L22173
g0630	104940	L22174
g0630	104940	L22174
g0631	104941	L22175
g0643	104953	L22176
g0666	104976	L22177
g0690	105003	L22178
g0695	105008	L22179
h0004	105044	L22180
h0015	105055	L22181
h0017	105057	L22182
h0018	105058	L22183
h0029	105072	L22184
h0044	105089	L22185
h0053	105099	L22186
h0066	105114	L22187
h0074	105123	L22188
h0097	105148	L22189
h0118	105173	L22190
h0127	105183	L22191
h0147	105207	L22192
h0158	105219	L22193
h0158_sc	105220	L22194
h0163	105225	L22195
h0203	105270	L22196
h0274	105352	L22197
h0274_sc	105353	L22198
h0276	105355	L22199
h0283	105362	L22200
h0290	105369	L22201
h0295	105375	L22202
h0351	105441	L22203
h0358	105450	L22204
h0365	105459	L22205
h0380	105476	L22206
h0381	105477	L22207
h0385	105481	L22208
h0397	105492	L22209
h0402	105497	L22210
h0404	105499	L22211
h0410	105505	L22212
h0449	105546	L22213
h0451	105548	L22214
h0460	105558	L22215
h0475	105577	L22216
h0485	105589	L22217
h0537	105644	L22218
h0544	105653	L22219
h0548	105658	L22220
h0565	105674	L22221
h0569	105679	L22222
h0580	105692	L22223
h0586	105698	L22224
h0586_sc	105699	L22225
h0596	105711	L22226
h0599	105714	L22227
h0614	105728	L22228
h0626	105744	L22229
h0638	105756	L22230
h0648	105764	L22231
h0653	105769	L22232
h0654	105770	L22233
h0657	105773	L22234
h0659	105775	L22235
h0660	105776	L22236
h0723	105842	L22237
h0724	105843	L22238
h0726	105845	L22239
h0727	105846	L22240
h0952	105965	L22241
h9162	105973	L22242
i0002	106000	L22243
i0003	106001	L22244
i0012	106010	L22245
i0013	106011	L22246
i0021	106021	L22247
i0057	106061	L22248
i0097	106106	L22249
i0113	106122	L22250
i0117	106126	L22251
i0117	106126	L22251
i0121	106130	L22252
i0123	106132	L22253
i0125	106134	L22254
i0141	106153	L22255
i0153	106165	L22256
i0155	106168	L22257
i0160	106173	L22258
i0162	106175	L22259
i0176	106190	L22260
i0177	106191	L22261
i0182	106197	L22262
i0186	106201	L22263
i0192	106207	L22264
i0192	106207	L22264
i0193	106208	L22265
i0195	106210	L22266
i0201	106216	L22267
i0207	106224	L22268
i0211	106228	L22269
i0213	106230	L22270
i0215	106232	L22271
i0226	106243	L22272
i0229	106246	L22273
i0232	106249	L22274
i0235	106252	L22275
i0238	106255	L22276
i0242	106259	L22277
i0245	106262	L22278
i0245	106262	L22278
i0247	106265	L22279
i0256	106274	L22280
i0258	106276	L22281
i0258_sc	106277	L22282
i0259	106278	L22283
i0261	106280	L22284
i0262	106281	L22285
i0264	106283	L22286
i0268	106287	L22287
i0281	106303	L22288
i0293	106317	L22289
i0298	106322	L22290
i0300	106324	L22291
i0306	106333	L22292
i0307	106334	L22293
i0309	106336	L22294
i0315	106342	L22295
i0320	106347	L22296
i0324	106351	L22297
i0325	106352	L22298
i0326	106353	L22299
i0336	106365	L22300
i0339	106369	L22301
i0340	106370	L22302
i0342	106372	L22303
i0347	106377	L22304
i0349	106379	L22305
i0357	106387	L22306
i0368	106399	L22307
i0370	106401	L22308
i0376	106407	L22309
i0377	106408	L22310
i0378	106409	L22311
i0380	106411	L22312
i0380	106411	L22312
i0388	106419	L22313
i0403	106435	L22314
i0404	106436	L22315
i0405	106437	L22316
i0406	106438	L22317
i0410	106442	L22318
i0411	106443	L22319
i0411	106443	L22319
i0412	106444	L22320
i0417	106450	L22321
i0417	106450	L22321
i0421	106454	L22322
i0428	106461	L22323
i0430	106463	L22324
i0436	106469	L22325
i0439	106472	L22326
i0448	106482	L22327
i0459	106493	L22328
i0461	106495	L22329
i0461	106495	L22329
i0463	106497	L22330
i0464	106498	L22331
i0464	106498	L22331
i0465	106499	L22332
i0469	106504	L22333
i0475	106510	L22334
i0484	106519	L22335
i0495	106531	L22336
i0499	106535	L22337
i0503	106539	L22338
i0503	106539	L22338
i0514	106552	L22339
i0514	106552	L22339
i0514	106552	L22339
i0522	106561	L22340
i0527	106567	L22341
i0532	106572	L22342
i0532	106572	L22342
i0533	106573	L22343
i0539	106579	L22344
i0547	106588	L22345
i0549	106590	L22346
i0551	106592	L22347
i0552	106593	L22348
i0558	106599	L22349
i0560	106601	L22350
i0564	106605	L22351
i0566	106607	L22352
i0572	106614	L22353
i0573	106615	L22354
i0577	106619	L22355
i0577	106619	L22355
i0578	106620	L22356
i0580	106622	L22357
i0591	106633	L22358
i0591	106633	L22358
i0593	106635	L22359
i0593	106635	L22359
i0599	106642	L22360
i0614	106657	L22361
i0626	106669	L22362
i0629	106672	L22363
i0632	106675	L22364
i0638	106681	L22365
i0639	106682	L22366
i0652	106696	L22367
i0677	106723	L22368
i0679	106725	L22369
i0691	106737	L22370
i0697	106743	L22371
i0698	106744	L22372
i0706	106752	L22373
i0715	106761	L22374
i0718	106764	L22375
i0726	106772	L22376
i0731	106777	L22377
i0734	106780	L22378
i0739	106785	L22379
i0739_sc	106786	L22380
i0740	106787	L22381
i0741	106788	L22382
i0743	106790	L22383
i0745	106792	L22384
i0746	106793	L22385
i0748	106795	L22386
i0749	106796	L22387
i0753	106800	L22388
i0756	106803	L22389
i0766	106814	L22390
i0775	106825	L22391
i0778	106828	L22392
i0779	106829	L22393
i0779_sc	106830	L22394
i0780	106831	L22395
i0783	106834	L22396
i0789	106840	L22397
i0798	106849	L22398
i0798	106849	L22398
i0801	106852	L22399
i0805	106856	L22400
i0816	106867	L22401
i0817	106868	L22402
i0818	106869	L22403
i0820	106871	L22404
i0821	106872	L22405
i0822	106873	L22406
i0823	106874	L22407
i0824	106875	L22408
i0824_sc	106876	L22409
i0828	106880	L22410
i0831	106883	L22411
i0836	106888	L22412
i0844	106896	L22413
i0845	106897	L22414
i0848	106900	L22415
i0853	106905	L22416
i0858	106911	L22417
i0859	106912	L22418
i0871	106925	L22419
i0874	106928	L22420
i0875	106929	L22421
i0877	106931	L22422
i0882	106937	L22423
i0885	106940	L22424
i0889	106946	L22425
i0895	106952	L22426
i0897	106954	L22427
i0898	106955	L22428
i0901	106959	L22429
i0903	106961	L22430
i0904	106962	L22431
i0906	106964	L22432
i0907	106965	L22433
i0908	106966	L22434
i0923	106982	L22435
i0929	106989	L22436
i0930	106990	L22437
i0931	106991	L22438
i0935	106995	L22439
i0944	107004	L22440
i0945	107005	L22441
i0955	107015	L22442
i0957	107017	L22443
i0960	107020	L22444
i0960	107020	L22444
i0965	107025	L22445
i0974	107034	L22446
i0984	107044	L22447
i1008	107069	L22448
i1079	107142	L22449
i1080	107144	L22450
i1088	107153	L22451
i1098	107163	L22452
i1099	107164	L22453
i1101	107166	L22454
i1102	107167	L22455
i1109	107174	L22456
i1116	107182	L22457
i1117	107184	L22458
i1118	107185	L22459
i1119	107186	L22460
i1120	107187	L22461
i1126	107193	L22462
i1130	107197	L22463
i1131	107198	L22464
i1134	107201	L22465
i1137	107204	L22466
i1141	107208	L22467
i1143	107210	L22468
i1148	107215	L22469
i1156	107223	L22470
i1161	107228	L22471
i1162	107230	L22472
i1166	107234	L22473
i1169	107237	L22474
i1176	107246	L22475
i1179	107249	L22476
i1185	107256	L22477
i1190	107262	L22478
i1197	107269	L22479
i1228	107302	L22480
i1252	107327	L22481
i1253	107328	L22482
i1264	107340	L22483
i1270	107347	L22484
i1272	107349	L22485
i1280	107359	L22486
i1286	107365	L22487
i1290	107370	L22488
i1295	107375	L22489
i1325	107406	L22490
i1336	107417	L22491
i1342	107425	L22492
i1343	107426	L22493
i1346	107429	L22494
i1351	107434	L22495
i1352	107435	L22496
i1361	107446	L22497
i1362	107447	L22498
i1366	107451	L22499
i1367	107452	L22500
i1368	107453	L22501
i1369	107454	L22502
i1372	107457	L22503
i1383	107470	L22504
i1408	107495	L22505
i1421	107508	L22506
i1423	107510	L22507
i1428	107515	L22508
i1431	107519	L22509
i1433	107521	L22510
i1439	107528	L22511
i1503	107592	L22512
i1509	107600	L22513
i1517	107610	L22514
i1522	107616	L22515
i1527	107623	L22516
i1534	107632	L22517
i1538	107636	L22518
i1541	107639	L22519
i1541	107639	L22519
i1544	107643	L22520
i1548	107649	L22521
i1552	107653	L22522
i1553	107654	L22523
i1553_sc	107655	L22524
i1557	107660	L22525
i1559	107662	L22526
i1562	107665	L22527
i1563	107666	L22528
i1567	107670	L22529
i1572	107675	L22530
i1574	107677	L22531
i1575	107678	L22532
i1584	107690	L22533
i1586	107693	L22534
i1587	107694	L22535
i1595	107702	L22536
i1596	107703	L22537
i1598	107705	L22538
i1602	107709	L22539
i1607	107714	L22540
i1613	107720	L22541
i1614	107721	L22542
i1615	107722	L22543
i1617	107724	L22544
i1620	107727	L22545
i1628	107735	L22546
i1629	107736	L22547
i1640	107748	L22548
i1642	107750	L22549
i1644	107753	L22550
i1648	107757	L22551
i1649	107758	L22552
i1650	107759	L22553
i1651	107760	L22554
i1652	107761	L22555
i1653	107762	L22556
i1662	107771	L22557
i1667	107776	L22558
i1668	107777	L22559
i1670	107779	L22560
i1671	107780	L22561
i1672	107781	L22562
i1676	107785	L22563
i1678	107787	L22564
i1679	107788	L22565
i1680	107789	L22566
i1681	107790	L22567
i1683	107792	L22568
i1692	107802	L22569
i1695	107805	L22570
i1696	107806	L22571
i1699	107809	L22572
i1702	107812	L22573
i1708	107818	L22574
i1709	107819	L22575
i1711	107821	L22576
i1712	107822	L22577
i1714	107824	L22578
i1719	107830	L22579
i1721	107832	L22580
i1727	107838	L22581
i1728	107839	L22582
i1729	107840	L22583
i1730	107841	L22584
i1732	107843	L22585
i1734	107845	L22586
i1735	107846	L22587
i1736	107847	L22588
i1739	107850	L22589
i1746	107858	L22590
i1747	107859	L22591
i1747_sc	107860	L22592
i1748	107861	L22593
i1757	107871	L22594
i1759	107873	L22595
i1759	107873	L22595
i1763	107877	L22596
i1764	107878	L22597
i1766	107880	L22598
i1781	107895	L22599
i1788	107902	L22600
i1790	107904	L22601
i1797	107911	L22602
i1800	107915	L22603
i1803	107918	L22604
i1808	107924	L22605
i1812	107928	L22606
i1813	107929	L22607
i1815	107931	L22608
i1816	107932	L22609
i1818	107934	L22610
i1819	107935	L22611
i1820	107936	L22612
i1821	107937	L22613
i1826	107942	L22614
i1830	107946	L22615
i1833	107949	L22616
i1835	107951	L22617
i1839	107956	L22618
i1842	107959	L22619
i1851	107969	L22620
i1854	107973	L22621
i1856	107975	L22622
i1859	107978	L22623
i1872	107991	L22624
i1875	107994	L22625
i1876	107995	L22626
i1877	107996	L22627
i1882	108001	L22628
i1885	108004	L22629
i1886	108005	L22630
i1908	108027	L22631
i1909	108028	L22632
i1914	108033	L22633
i1919	108039	L22634
i1926	108048	L22635
i1927	108049	L22636
i1928	108050	L22637
i1933	108055	L22638
i1935	108057	L22639
i1941	108063	L22640
i1944	108066	L22641
i1945	108067	L22642
i1955	108077	L22643
i1956	108078	L22644
i1959	108081	L22645
i1965	108087	L22646
i1970	108092	L22647
i1973	108095	L22648
i1974	108096	L22649
i1977	108100	L22650
i1986	108109	L22651
i1987	108110	L22652
i1998	108121	L22653
i2001	108124	L22654
i2002	108125	L22655
i2003	108126	L22656
i2007	108130	L22657
i2008	108131	L22658
i2009	108132	L22659
i2011	108134	L22660
i2016	108141	L22661
i2020	108147	L22662
i2022	108149	L22663
i2026	108155	L22664
i2030	108158	L22665
i2031	108159	L22666
i2039	108167	L22667
i2042	108171	L22668
i2043	108172	L22669
i2054	108184	L22670
i2058	108188	L22671
i2069	108200	L22672
i2075	108206	L22673
i2076	108207	L22674
i2084	108215	L22675
i2090	108221	L22676
i2093	108224	L22677
i2095	108226	L22678
i2100	108231	L22679
i2101	108232	L22680
i2103	108234	L22681
i2104	108235	L22682
i2105	108236	L22683
i2106	108237	L22684
i2107	108238	L22685
i2115	108246	L22686
i2116	108247	L22687
i2117	108248	L22688
i2122	108253	L22689
i2124	108255	L22690
i2126	108257	L22691
i2128	108259	L22692
i2129	108260	L22693
i2130	108261	L22694
i2136	108268	L22695
i2140	108272	L22696
i2143	108275	L22697
i2144	108276	L22698
i2145	108278	L22699
i2146	108279	L22700
i2151	108284	L22701
i2163	108296	L22702
i2166	108299	L22703
i2167	108300	L22704
i2168	108301	L22705
i2169	108302	L22706
i2174	108307	L22707
i2181	108315	L22708
i2190	108324	L22709
i2191	108325	L22710
i2193	108327	L22711
i2195	108329	L22712
i2200	108335	L22713
i2206	108341	L22714
i2207	108342	L22715
i2211	108347	L22716
i2212	108348	L22717
i2215	108351	L22718
i2216	108352	L22719
i2220	108356	L22720
i2231	108367	L22721
i2233	108369	L22722
i2245	108382	L22723
i2246	108383	L22724
i2247	108384	L22725
i2252	108389	L22726
i2253	108390	L22727
i2253_sc	108391	L22728
i2256	108395	L22729
i2257	108396	L22730
i2264	108405	L22731
i2266	108407	L22732
i2267	108408	L22733
i2268	108409	L22734
i2272	108413	L22735
i2273	108414	L22736
i2274	108415	L22737
i2278	108419	L22738
i2283	108424	L22739
i2284	108425	L22740
i2286	108427	L22741
i2287	108428	L22742
i2290	108431	L22743
i2292	108433	L22744
i2294	108435	L22745
i2295	108436	L22746
i2300	108441	L22747
i2307	108448	L22748
i2317	108458	L22749
i2318	108459	L22750
i2319	108460	L22751
i2329	108471	L22752
i2331	108473	L22753
i2332	108474	L22754
i2333	108475	L22755
i2335	108478	L22756
i2336	108479	L22757
i2337	108480	L22758
i2338	108481	L22759
i2339	108482	L22760
i2340	108483	L22761
i2341	108484	L22762
i2342	108485	L22763
i2344	108487	L22764
i2346	108489	L22765
i2348	108491	L22766
i2349	108492	L22767
i2353	108496	L22768
i2357	108500	L22769
i2360	108503	L22770
i2362	108505	L22771
i2363	108506	L22772
i2364	108507	L22773
i2366	108509	L22774
i2367	108510	L22775
i2368	108511	L22776
i2370	108513	L22777
i2373	108516	L22778
i2375	108518	L22779
i2376	108519	L22780
i2377	108520	L22781
i2380	108523	L22782
i2382	108525	L22783
i2383	108526	L22784
i2386	108530	L22785
i2388	108532	L22786
i2391	108535	L22787
i2393	108538	L22788
i2395	108540	L22789
i2397	108542	L22790
i2398	108543	L22791
i2401	108546	L22792
i2402	108547	L22793
i2404	108549	L22794
i2410	108555	L22795
i2411	108556	L22796
i2412	108557	L22797
i2413	108558	L22798
i2414	108559	L22799
i2417	108562	L22800
i2419	108564	L22801
i2422	108571	L22802
i2426	108575	L22803
i2427	108576	L22804
i2431	108580	L22805
i2433	108582	L22806
i2440	108590	L22807
i2441	108591	L22808
i2452	108603	L22809
i2453	108604	L22810
i2455	108606	L22811
i2456	108607	L22812
i2457	108608	L22813
i2458	108609	L22814
i2459	108610	L22815
i2465	108616	L22816
i2476	108627	L22817
i2477	108628	L22818
i2480	108631	L22819
i2484	108635	L22820
i2485	108636	L22821
i2486	108637	L22822
i2487	108638	L22823
i2489	108640	L22824
i2490	108641	L22825
i2491	108642	L22826
i2493	108644	L22827
i2494	108645	L22828
i2496	108647	L22829
i2498	108649	L22830
i2499	108650	L22831
i2502	108653	L22832
i2506	108657	L22833
i2507	108658	L22834
i2508	108659	L22835
i2509	108660	L22836
i2510	108661	L22837
i2511	108662	L22838
i2512	108663	L22839
i2514	108665	L22840
i2518	108669	L22841
i2523	108675	L22842
i2524	108676	L22843
i2525	108677	L22844
i2526	108678	L22845
i2527	108679	L22846
i2529	108681	L22847
i2534	108686	L22848
i2536	108688	L22849
i2538	108690	L22850
i2539	108691	L22851
i2540	108692	L22852
i2541	108693	L22853
i2544	108696	L22854
i2545	108697	L22855
i2546	108698	L22856
i2552	108707	L22857
i2557	108712	L22858
i2560	108715	L22859
i2562	108717	L22860
i2565	108720	L22861
i2566	108721	L22862
i2567	108722	L22863
i2568	108723	L22864
i2569	108724	L22865
i2577	108733	L22866
i2585	108741	L22867
i2589	108745	L22868
i2591	108747	L22869
i2594	108750	L22870
i2596	108752	L22871
i2597	108753	L22872
i2606	108760	L22873
i2609	108762	L22874
i2610	108763	L22875
i2612	108765	L22876
i2614	108766	L22877
i2615	108767	L22878
i2620	108775	L22879
i2622	108777	L22880
i2624	108779	L22881
i2627	108782	L22882
i2630	108786	L22883
i2631	108787	L22884
i2637	108793	L22885
i2638	108794	L22886
i2644	108801	L22887
i2649	108806	L22888
i2659	108817	L22889
i2662	108820	L22890
i2665	108823	L22891
i2666	108824	L22892
i2671	108829	L22893
i2672	108830	L22894
i2674	108832	L22895
i2678	108836	L22896
i2683	108841	L22897
i2687	108845	L22898
i2688	108846	L22899
i2689	108847	L22900
i2693	108851	L22901
i2696	108854	L22902
i2698	108856	L22903
i2701	108859	L22904
i2702	108860	L22905
i2713	108871	L22906
i2718	108877	L22907
i2719	108878	L22908
i2723	108882	L22909
i2724	108883	L22910
i2725	108884	L22911
i2728	108888	L22912
i2729	108889	L22913
i2733	108893	L22914
i2734	108894	L22915
i2735	108895	L22916
i2741	108900	L22917
i2743	108902	L22918
i2746	108905	L22919
i2747	108907	L22920
i2748	108908	L22921
i2754	108914	L22922
i2763	108924	L22923
i2770	108933	L22924
i2788	108953	L22925
i2788_sc	108955	L22926
i2797	108965	L22927
i2802	108970	L22928
i2803	108971	L22929
i2808	108976	L22930
i2841	109009	L22931
i2847	109015	L22932
i2858	109026	L22933
i2858	109026	L22933
i2868	109037	L22934
i2868	109037	L22934
i2873	109043	L22935
i2887	109057	L22936
i2889	109060	L22937
i2891	109062	L22938
i2893	109064	L22939
i2894	109065	L22940
i2895	109066	L22941
i2896	109067	L22942
i2897	109068	L22943
i2898	109069	L22944
i2900	109071	L22945
i2901	109072	L22946
i2905	109076	L22947
i2905	109076	L22947
i2906	109077	L22948
i2907	109078	L22949
i2909	109080	L22950
i2966	109137	L22951
i2971	109143	L22952
i2973	109145	L22953
i2974	109146	L22954
i2980	109152	L22955
i2980	109152	L22955
i2983	109154	L22956
i2988	109159	L22957
i2999	109171	L22958
i3013	109187	L22959
i3015	109190	L22960
i3016	109191	L22961
i3023	109198	L22962
i3026	109203	L22963
i3044	109224	L22964
i3057	109236	L22965
i3060	109240	L22966
i3067	109249	L22967
i3086	109267	L22968
i3096	109280	L22969
i3097	109281	L22970
i3097_sc	109282	L22971
i3104	109290	L22972
i3107	109292	L22973
i3110	109294	L22974
i3116	109301	L22975
i3117	109302	L22976
i3118	109303	L22977
i3119	109304	L22978
i3121	109307	L22979
i3139	109326	L22980
i3178	109366	L22981
i6081	109425	L22982
i7042	109427	L22983
i7889	109443	L22984
i8955	109457	L22985
i9021	109459	L22986
i9340	109467	L22987
i9462	109470	L22988
i9546	109471	L22989
i9920	109579	L22990
i9921	109580	L22991
i9922	109581	L22992
i9923	109582	L22993
i9924	109583	L22994
i9925	109585	L22995
i9926	109586	L22996
i9927	109587	L22997
i9929	109589	L22998
i9930	109590	L22999
l0007	109601	L23000
l0009	109603	L23001
l0010	109604	L23002
l0021	109615	L23003
l0024	109619	L23004
l0025	109620	L23005
l0030	109625	L23006
l0044	109641	L23007
l0054	109652	L23008
l0061	109661	L23009
l0062	109662	L23010
l0068	109668	L23011
l0074	109675	L23012
l0074	109675	L23012
l0080	109684	L23013
l0080_sc	109685	L23014
l0090	109695	L23015
l0091	109696	L23016
l0100	109705	L23017
l0103	109710	L23018
l0111	109718	L23019
l0115	109722	L23020
l0122	109729	L23021
l0124	109731	L23022
l0128	109737	L23023
l0146	109762	L23024
l0151	109767	L23025
l0154	109771	L23026
l0156	109773	L23027
l0157	109774	L23028
l0166	109785	L23029
l0182	109803	L23030
l0191	109815	L23031
l0196	109820	L23032
l0203	109828	L23033
l0205	109830	L23034
l0206	109831	L23035
l0228	109863	L23036
l0233	109868	L23037
l0260	109901	L23038
l0262	109903	L23039
l0265	109906	L23040
l0269	109910	L23041
l0280	109922	L23042
l0284	109929	L23043
l0289	109935	L23044
l0294	109941	L23045
l0313	109960	L23046
l0320	109968	L23047
l0323	109971	L23048
l0331	109979	L23049
l0333	109981	L23050
l0342	109990	L23051
l0352	110005	L23052
l0356	110012	L23053
l0361	110020	L23054
l0365	110024	L23055
l0366	110025	L23056
l0373	110032	L23057
l0383	110043	L23058
l0388	110049	L23059
l0402	110067	L23060
l0411	110078	L23061
l0415	110083	L23062
l0416	110085	L23063
l0446	110117	L23064
l0461	110133	L23065
l0463	110135	L23066
l0470	110142	L23067
l0493	110174	L23068
l0495	110176	L23069
l0496	110177	L23070
l0502	110184	L23071
l0513	110196	L23072
l0516	110199	L23073
l0521	110205	L23074
l0525	110209	L23075
l0529	110213	L23076
l0529_sc	110214	L23077
l0541	110229	L23078
l0550	110238	L23079
l0593	110292	L23080
l0637	110339	L23081
l0638	110340	L23082
l0646	110349	L23083
l0684	110392	L23084
l0691	110403	L23085
l0693	110405	L23086
l0697	110409	L23087
l0711	110426	L23088
l0715	110433	L23089
l0722	110441	L23090
l0727	110446	L23091
l0731	110451	L23092
l0748	110474	L23093
l0753	110481	L23094
l0756	110484	L23095
l0756	110484	L23095
l0788	110517	L23096
l0792	110521	L23097
l0799	110532	L23098
l0818	110558	L23099
l0820	110560	L23100
l0821	110561	L23101
l0835	110575	L23102
l0841	110582	L23103
l0845	110586	L23104
l0849	110590	L23105
l0855	110597	L23106
l0863	110605	L23107
l0867	110609	L23108
l0878	110620	L23109
l0880	110622	L23110
l0881	110623	L23111
l0881_sc	110624	L23112
l0887	110631	L23113
l0888	110632	L23114
l0894	110638	L23115
l0916	110661	L23116
l0917	110663	L23117
l0927	110675	L23118
l0937	110685	L23119
l0940	110688	L23120
l0940_sc	110689	L23121
l0942	110691	L23122
l0964	110719	L23123
l0965	110720	L23124
l0974	110730	L23125
l0976	110732	L23126
l0995	110756	L23127
l1007	110767	L23128
l1017	110780	L23129
l1019	110782	L23130
l1021	110784	L23131
l1028	110791	L23132
l1041	110804	L23133
l1042	110806	L23134
l1051	110817	L23135
l1065	110832	L23136
l1075	110846	L23137
l1085	110858	L23138
l1094	110867	L23139
l1106	110880	L23140
l1111	110887	L23141
l1122	110899	L23142
l1125	110903	L23143
l1126	110905	L23144
l1131	110910	L23145
l1147	110927	L23146
l1153	110934	L23147
l1157	110939	L23148
l1161	110944	L23149
l1178	110962	L23150
l1183	110967	L23151
l1185	110969	L23152
l1198	110990	L23153
l1199	110991	L23154
l1203	110996	L23155
l1205	110998	L23156
l1219	111013	L23157
l1232	111029	L23158
l1240	111037	L23159
l1243	111041	L23160
l1244	111042	L23161
l1247	111045	L23162
l1252	111050	L23163
l1255	111054	L23164
l1280	111083	L23165
l1297	111101	L23166
l1298	111102	L23167
l8007	111103	L23168
l8252	111106	L23169
l9893	111134	L23170
l9894	111135	L23171
l9915	111158	L23172
l9916	111159	L23173
l9917	111160	L23174
l9918	111161	L23175
l9921	136218	L23176
m0012	111178	L23177
m0017	111184	L23178
m0018	111185	L23179
m0018_sc	111186	L23180
m0030	111199	L23181
m0035	111205	L23182
m0038	111208	L23183
m0039	111209	L23184
m0042	111212	L23185
m0053	111223	L23186
m0058	111228	L23187
m0060	111230	L23188
m0061	111231	L23189
m0062	111232	L23190
m0064	111234	L23191
m0064_sc	111235	L23192
m0065	111236	L23193
m0077	111250	L23194
m0080	66000	L23195
m0083	111256	L23196
m0105	111285	L23197
m0122	111306	L23198
m0150	111339	L23199
m0158	111349	L23200
m0168	111359	L23201
m0170	111361	L23202
m0187	111386	L23203
m0206	111408	L23204
m0213	111415	L23205
m0230	111436	L23206
m0252	111460	L23207
m0252	111460	L23207
m0260	111470	L23208
m0261	111472	L23209
m0269	111481	L23210
m0273	111485	L23211
m0279	111491	L23212
m0283	111495	L23213
m0291	111503	L23214
m0305	111518	L23215
m0309	111522	L23216
m0313	111527	L23217
m0314	111528	L23218
m0317	111531	L23219
m0319	111533	L23220
m0330	111547	L23221
m0333	111550	L23222
m0334	111551	L23223
m0358	111581	L23224
m0371	111595	L23225
m0371_sc	111596	L23226
m0387	111615	L23227
m0396	111628	L23228
m0404	111638	L23229
m0419	111655	L23230
m0428	111665	L23231
m0434	111673	L23232
m0441	111680	L23233
m0450	111690	L23234
m0456	111700	L23235
m0466	111712	L23236
m0490	111737	L23237
m0491	111738	L23238
m0493	111740	L23239
m0493_sc	111741	L23240
m0525	111779	L23241
m0547	111807	L23242
m0555	111819	L23243
m0572	111839	L23244
m0578	111846	L23245
m0588	111857	L23246
m0588	111857	L23246
m0627	111908	L23247
m0651	111938	L23248
m0687	111985	L23249
m0693	111991	L23250
m0706	112007	L23251
m0721	112024	L23252
m0743	112053	L23253
m0754	112066	L23254
m0760	112073	L23255
m0768	112081	L23256
m0784	112099	L23257
m0787	112103	L23258
m0791	112107	L23259
m0792	112109	L23260
m0797	112115	L23261
m0802	112120	L23262
m0803	112121	L23263
m0812	112133	L23264
m0817	112138	L23265
m0825	112147	L23266
m0826	112148	L23267
m0827	112149	L23268
m0893	112233	L23269
m0894	112235	L23270
m0897	112238	L23271
m0917	112260	L23272
m0954	112295	L23273
m0957	112298	L23274
m0963	112306	L23275
m0966	112309	L23276
m0973	112316	L23277
m0990	112333	L23278
m1024	112370	L23279
m1032	112379	L23280
m1033	112380	L23281
m1042	112392	L23282
m1046	112397	L23283
m1048	112400	L23284
m1051	112403	L23285
m1054	112405	L23286
m1056	112407	L23287
m1057	112408	L23288
m1058	112409	L23289
m1071	112423	L23290
m1087	112437	L23291
m1092	112443	L23292
m1097	112447	L23293
m1105	112457	L23294
m1113	112466	L23295
m1119	112473	L23296
m1122	112477	L23297
m1127	112482	L23298
m1129	112484	L23299
m1135	112490	L23300
m1136	112491	L23301
m1143	112499	L23302
m1158	112515	L23303
m1167	112525	L23304
m1177	112537	L23305
m1188	112551	L23306
m1196	112558	L23307
m1198	112560	L23308
m1212	112577	L23309
m1215	112581	L23310
m1223	112591	L23311
m1227	112595	L23312
m1227_sc	112596	L23313
m1232	112601	L23314
m1236	112605	L23315
m1245	112617	L23316
m1289	112662	L23317
m1292	112665	L23318
m1299	112673	L23319
m1354	112737	L23320
m1384	112768	L23321
m1385	112769	L23322
m1389	112773	L23323
m1395	112779	L23324
m1400	112784	L23325
m1407	112792	L23326
m1411	112797	L23327
m1416	112803	L23328
m1423	112810	L23329
m1433	112821	L23330
m1439	112827	L23331
m1451	112840	L23332
m1453	112842	L23333
m1456	112848	L23334
m1459	112851	L23335
m1459_sc	112852	L23336
m1475	112868	L23337
m1476	112869	L23338
m1477	112870	L23339
m1485	112879	L23340
m1587	112881	L23341
m1593	112888	L23342
m1600	112896	L23343
m1608	112904	L23344
m1671	112975	L23345
m1683	112986	L23346
m1693	112996	L23347
m1693	112996	L23347
m1707	113012	L23348
m1713	113019	L23349
m1723	113032	L23350
m1724	113033	L23351
m1732	113042	L23352
m1739	113049	L23353
m1743	113053	L23354
m1743	113053	L23354
m1747	113057	L23355
m1778	113089	L23356
m1781	113093	L23357
m1782	113094	L23358
m1813	113116	L23359
m1823	113123	L23360
m1827	113130	L23361
m1834	113135	L23362
m1836	113138	L23363
m1853	113157	L23364
m1857	113161	L23365
m1862	113165	L23366
m1864	113167	L23367
m1866	113170	L23368
m1866	113170	L23368
m1873	113177	L23369
m1876	113181	L23370
m9603	113281	L23371
m9604	113282	L23372
m9605	113283	L23373
m9606	113284	L23374
m9607	113286	L23375
m9608	113287	L23376
m9609	113288	L23377
n0009	113346	L23378
n0012	113351	L23379
n0013	113352	L23380
n0039	113381	L23381
n0044	113388	L23382
n0064	113414	L23383
n0069	113419	L23384
n0081	113433	L23385
n0087	113441	L23386
n0102	113459	L23387
n0108	113466	L23388
n0112	113470	L23389
n0117	113476	L23390
n0148	113511	L23391
n0151	113514	L23392
n0160	113523	L23393
n0180	113548	L23394
n0184	113552	L23395
n0184	113552	L23395
n0185	113553	L23396
n0193	113563	L23397
n0198	113568	L23398
n0211	113581	L23399
n0226	113598	L23400
n0233	113607	L23401
n0249	113625	L23402
n0269	113647	L23403
n0275	113653	L23404
n0276	113655	L23405
n0281	113660	L23406
n0286	113665	L23407
n0293	113676	L23408
n0294	113677	L23409
n0294_sc	113678	L23410
n0295	113679	L23411
n0298	113682	L23412
n0301	113686	L23413
n0313	113699	L23414
n0322	113708	L23415
n0325	113711	L23416
n0329	113715	L23417
n0335	113721	L23418
n0335_sc	113722	L23419
n0338	113725	L23420
n0442	113748	L23421
n0443	113749	L23422
n0444	113750	L23423
n0447	113753	L23424
n0448	113754	L23425
n0453	113760	L23426
n0478	113784	L23427
n0489	113794	L23428
n0504	113809	L23429
n0505	113810	L23430
n0529	113835	L23431
n0533	113839	L23432
n0534	113840	L23433
n0543	113851	L23434
n0548	113856	L23435
n0552	113861	L23436
n0567	113878	L23437
n0579	113892	L23438
n0586	113899	L23439
n0602	113918	L23440
n0606	113923	L23441
n0616	113933	L23442
n0627	113944	L23443
n0641	113959	L23444
n0647	113964	L23445
n0658	113977	L23446
n0676	113996	L23447
n0684	114004	L23448
n0689	114008	L23449
n0689	114008	L23449
n0699	114016	L23450
n0701	114018	L23451
n0710	114026	L23452
n0712	114029	L23453
n0717	114034	L23454
n0720	114038	L23455
n0750	114058	L23456
n0756	114063	L23457
n9320	114098	L23458
n9322	114100	L23459
n9701	114117	L23460
n9823	114165	L23461
n9911	114167	L23462
o0003	114174	L23463
o0004	114175	L23464
o0005	114176	L23465
o0008	114180	L23466
o0010	114182	L23467
o0011	114183	L23468
o0011_sc	114184	L23469
o0012	114185	L23470
o0013	114186	L23471
o0014	114187	L23472
o0017	114190	L23473
o0019	114192	L23474
o0022	114195	L23475
o0023	114196	L23476
o0025	114198	L23477
o0026	114199	L23478
o0027	114200	L23479
o0028	114201	L23480
o0030	114203	L23481
o0031	114204	L23482
o0032	114205	L23483
o0034	114207	L23484
o0035	114208	L23485
o0038	114211	L23486
o0040	114215	L23487
o0041	114216	L23488
o0042	114217	L23489
o0045	114220	L23490
o0047	114222	L23491
o0048	114223	L23492
o0049	114224	L23493
o0050	114225	L23494
o0051	114226	L23495
o0052	114227	L23496
o0058	114233	L23497
o0061	114237	L23498
o0068	114245	L23499
o0069	114246	L23500
o0070	114247	L23501
o0072	114249	L23502
o0080	114257	L23503
o0087	114265	L23504
o0090	114268	L23505
o0091	114269	L23506
o0094	114272	L23507
o0095	114273	L23508
o0095	114273	L23508
o0096	114274	L23509
o0097	114275	L23510
o0098	114276	L23511
o0099	114277	L23512
o0102	114280	L23513
o0104	114282	L23514
o0107	114285	L23515
o0112	114290	L23516
o0114	114293	L23517
o0120	114299	L23518
o0121	114300	L23519
o0123	114302	L23520
o0125	114304	L23521
o0126	114305	L23522
o0130	114309	L23523
o0132	114311	L23524
o0133	114312	L23525
o0134	114313	L23526
o0135	114314	L23527
o0137	114316	L23528
o0138	114317	L23529
o0139	114318	L23530
o0140	114319	L23531
o0142	114321	L23532
o0143	114322	L23533
o0146	114325	L23534
o0151	114330	L23535
o0152	114331	L23536
o0154	114333	L23537
o0156	114335	L23538
o0156	114335	L23538
o0159	114338	L23539
o0162	114341	L23540
o0163	114342	L23541
o0165	114344	L23542
o0167	114347	L23543
o0167	114347	L23543
o0171	114351	L23544
o0172	114352	L23545
o0174	114354	L23546
o0174_sc	114355	L23547
o0177	114358	L23548
o0179	114360	L23549
o0180	114361	L23550
o0181	114362	L23551
o0182	114363	L23552
o0187	114369	L23553
o0187	114369	L23553
o0189	114371	L23554
o0190	114372	L23555
o0191	114373	L23556
o0192	114374	L23557
o0194	114376	L23558
o0197	114379	L23559
o0202	114384	L23560
o0205	114388	L23561
o0209	114393	L23562
o0218	114403	L23563
o0221	114406	L23564
o0222	114407	L23565
o0228	114413	L23566
o0229	114414	L23567
o0234	114421	L23568
o0236	114423	L23569
o0236	114423	L23569
o0241	114429	L23570
o0243	114432	L23571
o0246	114435	L23572
o0247	114436	L23573
o0248	114437	L23574
o0249	114438	L23575
o0250	114439	L23576
o0252	114441	L23577
o0255	114444	L23578
o0257	114447	L23579
o0258	114448	L23580
o0259	114449	L23581
o0262	114452	L23582
o0264	114456	L23583
o0267	114459	L23584
o0268	114460	L23585
o0269	114461	L23586
o0269_sc	114462	L23587
o0269_sc	114462	L23587
o0271	114464	L23588
o0271	114464	L23588
o0273	114466	L23589
o0276	114469	L23590
o0277	114470	L23591
o0280	114473	L23592
o0280	114473	L23592
o0282	114476	L23593
o0285	114479	L23594
o0287	114481	L23595
o0289	114483	L23596
o0290	114484	L23597
o0291	114485	L23598
o0291_sc	114485	L23599
o0292	114486	L23600
o0293	114487	L23601
o0294	114488	L23602
o0295	114489	L23603
o0295	114489	L23603
o0297	114491	L23604
o0298	114492	L23605
o0299	114493	L23606
o0300	114494	L23607
o0302	114496	L23608
o0302	114496	L23608
o0304	114498	L23609
o0305	114499	L23610
o0307	114501	L23611
o0307_sc	114502	L23612
o0309	114504	L23613
o0309	114504	L23613
o0310	114505	L23614
o0311	114506	L23615
o0312	114507	L23616
o0313	114508	L23617
o0315	114510	L23618
o0318	114513	L23619
o0320	114515	L23620
o0320	114515	L23620
o0322	114517	L23621
o0323	114518	L23622
o0324	114520	L23623
o0324	114520	L23623
o0329	114525	L23624
o0330	114526	L23625
o0331	114527	L23626
o0336	114532	L23627
o0337	114533	L23628
o0338	114534	L23629
o0341	114537	L23630
o0342	114538	L23631
o0344	114540	L23632
o0347	114543	L23633
o0350	114547	L23634
o0351	114548	L23635
o0352	114549	L23636
o0352	114549	L23636
o0353	114550	L23637
o0355	114552	L23638
o0356	114553	L23639
o0359	114556	L23640
o0364	114561	L23641
o0365	114562	L23642
o0368	114565	L23643
o0376	114574	L23644
o0379	114577	L23645
o0379	114577	L23645
o0380	114578	L23646
o0386	114585	L23647
o0387	114586	L23648
o0390	114591	L23649
o0391	114592	L23650
o0392	114593	L23651
o0396	114597	L23652
o0398	114600	L23653
o0399	114601	L23654
o0401	114603	L23655
o0401	114603	L23655
o0403	114605	L23656
o0404	114606	L23657
o0405	114607	L23658
o0406	114608	L23659
o0407	114609	L23660
o0411	114613	L23661
o0412	114614	L23662
o0417	114620	L23663
o0419	114622	L23664
o0420	114623	L23665
o0426	114629	L23666
o0427	114630	L23667
o0437	114645	L23668
o0441	114649	L23669
o0444	114652	L23670
o0450	114658	L23671
o0468	114677	L23672
o0488	114697	L23673
o0500	114714	L23674
o0506	114721	L23675
o0508	114723	L23676
o0526	114742	L23677
o0562	114784	L23678
o0570	114792	L23679
o0573	114795	L23680
o0581	114806	L23681
o0586	114812	L23682
o0588	114814	L23683
o0589	114815	L23684
o0590	114816	L23685
o0590	114816	L23685
o0591	114817	L23686
o0592	114818	L23687
o0595	114821	L23688
o0596	114822	L23689
o0597	114823	L23690
o0599	114825	L23691
o0602	114828	L23692
o0602	114828	L23692
o0603	114829	L23693
o0637	114868	L23694
o0643	114874	L23695
o0645	114876	L23696
o0648	114879	L23697
o0650	114881	L23698
o0657	114888	L23699
o0670	114902	L23700
o0696	114928	L23701
o0699	114931	L23702
o0700	114932	L23703
o0744	114974	L23704
o0747	114978	L23705
o0769	115002	L23706
o0777	115010	L23707
o0790	115025	L23708
o0792	115027	L23709
o0793	115029	L23710
o0798	115034	L23711
o0821	115059	L23712
o0831	115071	L23713
o0837	115080	L23714
o0843	115088	L23715
o0853	115099	L23716
o0854	115100	L23717
o0855	115101	L23718
o0856	115102	L23719
o0857	115103	L23720
o0858	115104	L23721
o0859	115105	L23722
o0860	115106	L23723
o0861	115107	L23724
o0861	115107	L23724
o0862	115108	L23725
o0863	115109	L23726
o0871	115118	L23727
o0874	115121	L23728
o0875	115122	L23729
o0876	115123	L23730
o0884	115131	L23731
o0889	115137	L23732
o0894	115142	L23733
o0895	115143	L23734
o0896	115144	L23735
o0909	115160	L23736
o0913	115164	L23737
o0915	115167	L23738
o0944	115195	L23739
o0951	115202	L23740
o0977	115233	L23741
o0978	115235	L23742
o1006	115264	L23743
o1025	115284	L23744
o1027	115286	L23745
o1070	115338	L23746
o1075	115344	L23747
o1079	115348	L23748
o1095	115363	L23749
o1108	115377	L23750
o1145	115418	L23751
o1156	115433	L23752
o1167	115445	L23753
o1201	115485	L23754
o9036	115490	L23755
o9249	115493	L23756
o9251	115494	L23757
o9287	115495	L23758
o9344	115496	L23759
o9350	115501	L23760
o9648	115505	L23761
o9742	115545	L23762
p0009	115574	L23763
p0019	115587	L23764
p0021	115590	L23765
p0022	115591	L23766
p0023	115592	L23767
p0028	115597	L23768
p0035	115606	L23769
p0041	115612	L23770
p0052	115624	L23771
p0072	115648	L23772
p0084	115663	L23773
p0108	115693	L23774
p0114	115699	L23775
p0114_sc	115700	L23776
p0118	115704	L23777
p0123	115709	L23778
p0133	115720	L23779
p0141	115728	L23780
p0147	115735	L23781
p0148	115737	L23782
p0158	115748	L23783
p0160	115750	L23784
p0161	115752	L23785
p0188	115786	L23786
p0213	115812	L23787
p0214	115813	L23788
p0215	115814	L23789
p0217	115818	L23790
p0223	115825	L23791
p0223	115825	L23791
p0276	115892	L23792
p0279	115895	L23793
p0351	115984	L23794
p0361	115995	L23795
p0367	116001	L23796
p0390	116030	L23797
p0391	116031	L23798
p0410	116051	L23799
p0411	116052	L23800
p0413	116054	L23801
p0419	116061	L23802
p0442	116085	L23803
p0459	116104	L23804
p0468	116114	L23805
p0472	116118	L23806
p0477	116123	L23807
p0481	116127	L23808
p0496	116142	L23809
p0497	116144	L23810
p0513	116164	L23811
p0517	116168	L23812
p0523	116174	L23813
p0529	116181	L23814
p0540	116193	L23815
p0543	116196	L23816
p0544	116197	L23817
p0549	116202	L23818
p0566	116223	L23819
p0586	116246	L23820
p0589	116252	L23821
p0592	116255	L23822
p0600	116265	L23823
p0606	116274	L23824
p0607	116275	L23825
p0607_sc	116276	L23826
p0610	116279	L23827
p0614	116283	L23828
p0616	116285	L23829
p0616	116285	L23829
p0619	116288	L23830
p0632	116303	L23831
p0635	116307	L23832
p0639	116311	L23833
p0644	116316	L23834
p0659	116332	L23835
p0668	116341	L23836
p0670	116343	L23837
p0688	116364	L23838
p0692	116368	L23839
p0724	116404	L23840
p0725	116405	L23841
p0727	116407	L23842
p0736	116417	L23843
p0736	116417	L23843
p0736	116417	L23843
p0738	116419	L23844
p0757	116443	L23845
p0762	116448	L23846
p0769	116455	L23847
p0785	116472	L23848
p0787	116474	L23849
p0796	116485	L23850
p0805	116497	L23851
p0809	116501	L23852
p0814	116506	L23853
p0819	116512	L23854
p0821	116514	L23855
p0871	116575	L23856
p0873	116577	L23857
p0876	116580	L23858
p0879	116583	L23859
p0880	116584	L23860
p0881	116585	L23861
p0882	116586	L23862
p0885	116589	L23863
p0889	116593	L23864
p0891	116595	L23865
p0898	116602	L23866
p0900	116604	L23867
p0904	116608	L23868
p0905	116609	L23869
p0913	116617	L23870
p0914	116618	L23871
p0915	116619	L23872
p0921	116625	L23873
p0922	116626	L23874
p0927	116631	L23875
p0928	116632	L23876
p0929	116633	L23877
p0930	116634	L23878
p0932	116636	L23879
p0933	116637	L23880
p0934	116638	L23881
p0939	116643	L23882
p0941	116645	L23883
p0942	116646	L23884
p0948	116652	L23885
p0949	116653	L23886
p0951	116656	L23887
p0955	116660	L23888
p0957	116662	L23889
p0958	116663	L23890
p0962	116667	L23891
p0966	116671	L23892
p0967	116672	L23893
p0968	116673	L23894
p0972	116677	L23895
p0976	116682	L23896
p0976	116682	L23896
p0978	116684	L23897
p0980	116686	L23898
p0983	116689	L23899
p0984	116690	L23900
p0985	116691	L23901
p0986	116692	L23902
p0988	116694	L23903
p0990	116696	L23904
p0992	116698	L23905
p0994	116700	L23906
p0995	116701	L23907
p0998	116704	L23908
p1003	116709	L23909
p1008	116714	L23910
p1011	116717	L23911
p1012	116718	L23912
p1013	116719	L23913
p1016	116722	L23914
p1020	116726	L23915
p1022	116728	L23916
p1028	116734	L23917
p1032	116738	L23918
p1033	116739	L23919
p1035	116741	L23920
p1036	116742	L23921
p1037	116743	L23922
p1039	116745	L23923
p1040	116746	L23924
p1041	116747	L23925
p1043	116749	L23926
p1050	116757	L23927
p1052	116759	L23928
p1053	116760	L23929
p1054	116761	L23930
p1062	116769	L23931
p1065	116774	L23932
p1078	116788	L23933
p1079	116789	L23934
p1081	116791	L23935
p1082	116792	L23936
p1083	116793	L23937
p1086	116796	L23938
p1092	116802	L23939
p1093	116803	L23940
p1106	116816	L23941
p1107	116817	L23942
p1108	116818	L23943
p1111	116821	L23944
p1118	116829	L23945
p1119	116830	L23946
p1127	116838	L23947
p1128	116839	L23948
p1129	116840	L23949
p1130	116841	L23950
p1132	116843	L23951
p1138	116849	L23952
p1139	116850	L23953
p1143	116854	L23954
p1144	116855	L23955
p1146	116857	L23956
p1147	116858	L23957
p1149	116860	L23958
p1152	116863	L23959
p1153	116864	L23960
p1154	116865	L23961
p1156	116867	L23962
p1157	116868	L23963
p1161	116872	L23964
p1163	116874	L23965
p1165	116876	L23966
p1166	116877	L23967
p1169	116880	L23968
p1170	116881	L23969
p1171	116882	L23970
p1174	116886	L23971
p1176	116888	L23972
p1177	116889	L23973
p1179	116891	L23974
p1180	116892	L23975
p1182	116894	L23976
p1183	116895	L23977
p1190	116902	L23978
p1191	116903	L23979
p1192	116904	L23980
p1196	116908	L23981
p1196_sc	116909	L23982
p1200	116913	L23983
p1210	116924	L23984
p1213	116928	L23985
p1228	116943	L23986
p1230	116945	L23987
p1237	116952	L23988
p1253	116968	L23989
p1293	117010	L23990
p1295	117012	L23991
p1300	117017	L23992
p1303	117020	L23993
p1303	117020	L23993
p1306	117023	L23994
p1308	117025	L23995
p1310	117027	L23996
p1311	117028	L23997
p1312	117029	L23998
p1315	117032	L23999
p1319	117036	L24000
p1324	117041	L24001
p1325	117042	L24002
p1327	117044	L24003
p1330	117047	L24004
p1331	117048	L24005
p1332	117049	L24006
p1337	117054	L24007
p1338	117055	L24008
p1339	117056	L24009
p1341	117059	L24010
p1343	117061	L24011
p1344	117062	L24012
p1352	117070	L24013
p1354	117072	L24014
p1355	117073	L24015
p1356	117074	L24016
p1357	117075	L24017
p1362	117080	L24018
p1367	117085	L24019
p1374	117092	L24020
p1375	117093	L24021
p1376	117094	L24022
p1378	117096	L24023
p1379	117097	L24024
p1382	117101	L24025
p1384	117103	L24026
p1388	117107	L24027
p1391	117110	L24028
p1394	117113	L24029
p1395	117114	L24030
p1396	117115	L24031
p1406	117125	L24032
p1411	117130	L24033
p1413	117132	L24034
p1417	117136	L24035
p1420	117139	L24036
p1422	117141	L24037
p1423	117142	L24038
p1427	117146	L24039
p1436	117155	L24040
p1437	117156	L24041
p1438	117157	L24042
p1439	117158	L24043
p1446	117167	L24044
p1447	117168	L24045
p1450	117171	L24046
p1454	117176	L24047
p1455	117177	L24048
p1460	117183	L24049
p1463	117186	L24050
p1472	117195	L24051
p1477	117200	L24052
p1483	117207	L24053
p1487	117212	L24054
p1493	117218	L24055
p1496	117221	L24056
p1500	117225	L24057
p1502	117227	L24058
p1504	117229	L24059
p1505	117230	L24060
p1506	117231	L24061
p1508	117233	L24062
p1512	117238	L24063
p1513	117239	L24064
p1516	117242	L24065
p1520	117246	L24066
p1521	117247	L24067
p1524	117250	L24068
p1525	117251	L24069
p1529	117255	L24070
p1530	117256	L24071
p1533	117259	L24072
p1535	117261	L24073
p1536	117262	L24074
p1537	117263	L24075
p1539	117265	L24076
p1543	117269	L24077
p1545	117271	L24078
p1549	117275	L24079
p1550	117276	L24080
p1552	117278	L24081
p1554	117280	L24082
p1559	117286	L24083
p1562	117289	L24084
p1563	117290	L24085
p1567	117294	L24086
p1571	117299	L24087
p1571_sc	117298	L24088
p1575	117303	L24089
p1576	117304	L24090
p1577	117305	L24091
p1578	117306	L24092
p1581	117309	L24093
p1586	117314	L24094
p1587	117315	L24095
p1591	117319	L24096
p1595	117323	L24097
p1596	117324	L24098
p1605	117333	L24099
p1607	117335	L24100
p1609	117337	L24101
p1612	117340	L24102
p1613	117341	L24103
p1618	117346	L24104
p1621	117349	L24105
p1623	117351	L24106
p1624	117352	L24107
p1625	117353	L24108
p1626	117354	L24109
p1627	117355	L24110
p1628	117356	L24111
p1630	117358	L24112
p1631	117359	L24113
p1632	117360	L24114
p1634	117362	L24115
p1642	117371	L24116
p1644	117373	L24117
p1646	117375	L24118
p1648	117377	L24119
p1649	117378	L24120
p1650	117379	L24121
p1651	117380	L24122
p1653	117382	L24123
p1654	117383	L24124
p1657	117386	L24125
p1658	117387	L24126
p1660	117389	L24127
p1661	117390	L24128
p1662	117391	L24129
p1664	117393	L24130
p1665	117394	L24131
p1671	117400	L24132
p1671_sc	117401	L24133
p1674	117404	L24134
p1675	117405	L24135
p1676	117406	L24136
p1677	117407	L24137
p1678	117408	L24138
p1680	117410	L24139
p1681	117411	L24140
p1683	117413	L24141
p1685	117415	L24142
p1687	117417	L24143
p1691	117421	L24144
p1695	117425	L24145
p1697	117427	L24146
p1700	117431	L24147
p1703	117434	L24148
p1705	117436	L24149
p1709	117440	L24150
p1712	117443	L24151
p1713	117444	L24152
p1714	117445	L24153
p1715	117446	L24154
p1719	117450	L24155
p1720	117451	L24156
p1724	117455	L24157
p1726	117457	L24158
p1730	117461	L24159
p1737	117468	L24160
p1738	117469	L24161
p1743	117476	L24162
p1745	117478	L24163
p1746	117479	L24164
p1748	117481	L24165
p1750	117484	L24166
p1753	117487	L24167
p1754	117488	L24168
p1755	117489	L24169
p1756	117490	L24170
p1757	117491	L24171
p1758	117492	L24172
p1760	117494	L24173
p1761	117495	L24174
p1764	117498	L24175
p1770	117504	L24176
p1799	117537	L24177
p1808	117548	L24178
p1809	117549	L24179
p1814	117554	L24180
p1851	117597	L24181
p1915	117665	L24182
p1928	117678	L24183
p1967	117720	L24184
p1977	117730	L24185
p1979	117732	L24186
p1979_sc	117732	L24187
p2013	117766	L24188
p2025	117780	L24189
p2038	117797	L24190
p2043	117803	L24191
p2046	117806	L24192
p2049	117809	L24193
p2049_sc	117810	L24194
p2052	117814	L24195
p2053	117816	L24196
p2068	117835	L24197
p2070	117838	L24198
p2081	117852	L24199
p2084	117857	L24200
p2087	117860	L24201
p2088	117861	L24202
p2089	117862	L24203
p2092	117865	L24204
p2094	117868	L24205
p2111	117886	L24206
p2113	117888	L24207
p2115	117891	L24208
p2126	117903	L24209
p2128	117905	L24210
p2130	117908	L24211
p2132	117910	L24212
p2137	117918	L24213
p2157	117944	L24214
p2159	117946	L24215
p2168	117955	L24216
p2172	117960	L24217
p2218	118010	L24218
p2221	118013	L24219
p2226	118019	L24220
p2227	118020	L24221
p2238	118032	L24222
p2241	118035	L24223
p2251	118047	L24224
p2255	118053	L24225
p2263	118061	L24226
p2272	118073	L24227
p2278	118082	L24228
p2279	118083	L24229
p2300	118110	L24230
p2300	118110	L24230
p2303	118113	L24231
p2306	118116	L24232
p2320	118131	L24233
p2333	118144	L24234
p2348	118160	L24235
p2352	118164	L24236
p2361	118174	L24237
p2363	118176	L24238
p2374	118191	L24239
p2377	118194	L24240
p2381	118199	L24241
p2384	118202	L24242
p2429	118257	L24243
p2441	118271	L24244
p2455	118285	L24245
p2463	118293	L24246
p2466	118297	L24247
p2469	118300	L24248
p2473	118305	L24249
p2474	118306	L24250
p2476	118308	L24251
p2479	118312	L24252
p2539	118387	L24253
p2555	118406	L24254
p2562	118414	L24255
p2584	118439	L24256
p2600	118456	L24257
p2602	118459	L24258
p2615	118473	L24259
p2635	118497	L24260
p2635	118497	L24260
p2638	118500	L24261
p2642	118504	L24262
p2653	118518	L24263
p2671	118540	L24264
p2681	118550	L24265
p2695	118567	L24266
p2696	118568	L24267
p2697	118569	L24268
p2705	118578	L24269
p2710	118583	L24270
p2714	118587	L24271
p2717	118592	L24272
p2719	118594	L24273
p2731	118607	L24274
p2733	118609	L24275
p2741	118617	L24276
p2744	118621	L24277
p2751	118629	L24278
p2753	118634	L24279
p2765	118648	L24280
p2774	118658	L24281
p2775	118659	L24282
p2776	118660	L24283
p2778	118666	L24284
p2779	118667	L24285
p2782	118670	L24286
p2790	118681	L24287
p2792	118683	L24288
p2794	118685	L24289
p2795	118686	L24290
p2796	118687	L24291
p2798	118689	L24292
p2805	118696	L24293
p2810	118701	L24294
p2815	118706	L24295
p2817	118708	L24296
p2819	118710	L24297
p2820	118711	L24298
p2825	118717	L24299
p2829	118721	L24300
p2832	118724	L24301
p2838	118730	L24302
p2841	118733	L24303
p2842	118734	L24304
p2843	118735	L24305
p2847	118739	L24306
p2850	118743	L24307
p2857	118751	L24308
p2860	118755	L24309
p2861	118757	L24310
p2866	118762	L24311
p2868	118764	L24312
p2871	118767	L24313
p2872	118768	L24314
p2873	118769	L24315
p2874	118770	L24316
p2877	118773	L24317
p2880	118778	L24318
p2881	118779	L24319
p2883	118781	L24320
p2884	118782	L24321
p2886	118784	L24322
p2889	118789	L24323
p2890	118790	L24324
p2892	118792	L24325
p2893	118793	L24326
p2893	118793	L24326
p2898	118799	L24327
p2899	118800	L24328
p2903	118804	L24329
p2910	118812	L24330
p2912	118814	L24331
p2916	118818	L24332
p2928	118832	L24333
p2929	118833	L24334
p2936	118840	L24335
p2940	118844	L24336
p2942	118846	L24337
p2947	118853	L24338
p2948	118854	L24339
p2951	118858	L24340
p2952	118859	L24341
p2954	118861	L24342
p2957	118865	L24343
p2959	118867	L24344
p2960	118868	L24345
p2961	118869	L24346
p2962	118870	L24347
p2967	118875	L24348
p2977	118886	L24349
p2983	118892	L24350
p2985	118894	L24351
p2987	118896	L24352
p2989	118898	L24353
p2990	118899	L24354
p2994	118903	L24355
p2995	118904	L24356
p2996	118905	L24357
p3000	118909	L24358
p3001	118910	L24359
p3002	118911	L24360
p3003	118912	L24361
p3005	118914	L24362
p3006	118915	L24363
p3008	118917	L24364
p3009	118918	L24365
p3011	118920	L24366
p3012	118921	L24367
p3013	118922	L24368
p3014	118924	L24369
p3016	118926	L24370
p3017	118927	L24371
p3019	118929	L24372
p3020	118930	L24373
p3022	118932	L24374
p3023	118933	L24375
p3024	118934	L24376
p3025	118935	L24377
p3029	118939	L24378
p3031	118941	L24379
p3036	118946	L24380
p3037	118947	L24381
p3039	118949	L24382
p3041	118951	L24383
p3042	118952	L24384
p3043	118953	L24385
p3044	118954	L24386
p3045	118955	L24387
p3046	118956	L24388
p3048	118958	L24389
p3049	118959	L24390
p3052	118962	L24391
p3053	118963	L24392
p3055	118965	L24393
p3056	118966	L24394
p3062	118972	L24395
p3068	118978	L24396
p3069	118979	L24397
p3070	118980	L24398
p3073	118983	L24399
p3077	118987	L24400
p3078	118988	L24401
p3080	118990	L24402
p3082	118992	L24403
p3084	118994	L24404
p3086	118996	L24405
p3088	118998	L24406
p3089	118999	L24407
p3094	119004	L24408
p3095	119005	L24409
p3096	119006	L24410
p3097	119007	L24411
p3102	119012	L24412
p3105	119015	L24413
p3106	119016	L24414
p3108	119018	L24415
p3109	119019	L24416
p3110	119020	L24417
p3113	119023	L24418
p3114	119024	L24419
p3116	119027	L24420
p3117	119028	L24421
p3118	119030	L24422
p3124	119036	L24423
p3126	119038	L24424
p3127	119039	L24425
p3130	119042	L24426
p3131	119043	L24427
p3133	119045	L24428
p3140	119052	L24429
p3141	119053	L24430
p3143	119055	L24431
p3144	119056	L24432
p3145	119057	L24433
p3147	119059	L24434
p3147	119059	L24434
p3149	119061	L24435
p3150	119062	L24436
p3151	119063	L24437
p3153	119065	L24438
p3156	119068	L24439
p3160	119072	L24440
p3161	119073	L24441
p3164	119076	L24442
p3166	119078	L24443
p3172	119084	L24444
p3174	119086	L24445
p3175	119087	L24446
p3176	119088	L24447
p3178	119090	L24448
p3180	119093	L24449
p3182	119095	L24450
p3183	119096	L24451
p3184	119097	L24452
p3185	119098	L24453
p3186	119099	L24454
p3191	119104	L24455
p3193	119106	L24456
p3195	119108	L24457
p3196	119109	L24458
p3198	119111	L24459
p3202	119115	L24460
p3204	119117	L24461
p3205	119118	L24462
p3206	119119	L24463
p3211	119124	L24464
p3215	119128	L24465
p3219	119132	L24466
p3222	119135	L24467
p3225	119138	L24468
p3226	119139	L24469
p3231	119144	L24470
p3234	119148	L24471
p3236	119150	L24472
p3241	119156	L24473
p3242	119157	L24474
p3247	119162	L24475
p3249	119164	L24476
p3252	119167	L24477
p3255	119170	L24478
p3256	119171	L24479
p3258	119173	L24480
p3259	119174	L24481
p3262	119177	L24482
p3266	119181	L24483
p3267	119182	L24484
p3270	119185	L24485
p3276	119191	L24486
p3277	119192	L24487
p3280	119198	L24488
p3282	119200	L24489
p3283	119201	L24490
p3287	119205	L24491
p3292	119210	L24492
p3293	119211	L24493
p3296	119214	L24494
p3300	119218	L24495
p3302	119220	L24496
p3303	119221	L24497
p3304	119222	L24498
p3306	119224	L24499
p3307	119225	L24500
p3308	119226	L24501
p3309	119227	L24502
p3310	119228	L24503
p3314	119232	L24504
p3320	119239	L24505
p3323	119242	L24506
p3325	119244	L24507
p3327	119246	L24508
p3329	119249	L24509
p3330	119250	L24510
p3332	119252	L24511
p3335	119255	L24512
p3336	119256	L24513
p3338	119258	L24514
p3343	119263	L24515
p3345	119265	L24516
p3347	119267	L24517
p3354	119274	L24518
p3355	119275	L24519
p3356	119276	L24520
p3357	119277	L24521
p3358	119278	L24522
p3360	119280	L24523
p3361	119281	L24524
p3362	119282	L24525
p3365	119285	L24526
p3367	119288	L24527
p3368	119289	L24528
p3369	119290	L24529
p3370	119291	L24530
p3372	119293	L24531
p3373	119294	L24532
p3375	119296	L24533
p3376	119297	L24534
p3377	119298	L24535
p3378	119299	L24536
p3380	119301	L24537
p3381	119302	L24538
p3382	119303	L24539
p3383	119304	L24540
p3385	119306	L24541
p3386	119307	L24542
p3387	119308	L24543
p3388	119309	L24544
p3390	119311	L24545
p3392	119314	L24546
p3393	119315	L24547
p3394	119316	L24548
p3395	119317	L24549
p3396	119318	L24550
p3398	119320	L24551
p3400	119322	L24552
p3401	119323	L24553
p3402	119324	L24554
p3408	119332	L24555
p3410	119334	L24556
p3411	119335	L24557
p3412	119336	L24558
p3413	119337	L24559
p3415	119339	L24560
p3418	119342	L24561
p3419	119343	L24562
p3419_sc	119344	L24563
p3421	119346	L24564
p3427	119355	L24565
p3428	119356	L24566
p3429	119357	L24567
p3431	119359	L24568
p3435	119364	L24569
p3436	119366	L24570
p3438	119368	L24571
p3441	119371	L24572
p3443	119373	L24573
p3444	119374	L24574
p3445	119375	L24575
p3449	119379	L24576
p3452	119382	L24577
p3453	119383	L24578
p3454	119384	L24579
p3456	119386	L24580
p3461	119392	L24581
p3465	119396	L24582
p3496	119430	L24583
p3497	119431	L24584
p3497	119431	L24584
p3499	119434	L24585
p3502	119437	L24586
p3506	119441	L24587
p3513	119448	L24588
p3569	119506	L24589
p3575	119512	L24590
p3590	119530	L24591
p3618	119559	L24592
p3620	119561	L24593
p3623	119564	L24594
p3634	119577	L24595
p3639	119582	L24596
p3641	119584	L24597
p3652	119595	L24598
p3654	119597	L24599
p3656	119599	L24600
p3657	119600	L24601
p3659	119602	L24602
p3662	119605	L24603
p3665	119610	L24604
p3666	119612	L24605
p3673	119620	L24606
p3678	119625	L24607
p3679	119626	L24608
p3681	119628	L24609
p3683	119630	L24610
p3687	119634	L24611
p3691	119638	L24612
p3692	119639	L24613
p3699	119646	L24614
p3700	119647	L24615
p3704	119651	L24616
p3705	119652	L24617
p3708	119655	L24618
p3709	119656	L24619
p3712	119659	L24620
p3721	119668	L24621
p3729	119676	L24622
p3731	119678	L24623
p3732	119679	L24624
p3734	119681	L24625
p3738	119685	L24626
p3747	119696	L24627
p3752	119701	L24628
p3756	119705	L24629
p3763	119712	L24630
p3764	119714	L24631
p3767	119717	L24632
p3771	119721	L24633
p3772	119722	L24634
p3773	119723	L24635
p3774	119724	L24636
p3777	119727	L24637
p3779	119729	L24638
p3780	119730	L24639
p3783	119735	L24640
p3787	119740	L24641
p3790	119743	L24642
p3794	119747	L24643
p3795	119748	L24644
p3796	119749	L24645
p3797	119751	L24646
p3800	119754	L24647
p3804	119759	L24648
p3810	119765	L24649
p3815	119770	L24650
p3816	119771	L24651
p3819	119774	L24652
p3822	119777	L24653
p3827	119782	L24654
p3828	119783	L24655
p3834	119789	L24656
p3835	119790	L24657
p3836	119791	L24658
p3837	119792	L24659
p3840	119795	L24660
p3843	119798	L24661
p3850	119805	L24662
p3852	119807	L24663
p3856	119811	L24664
p3857	119812	L24665
p3858	119813	L24666
p3867	119823	L24667
p3870	119826	L24668
p3873	119830	L24669
p3874	119831	L24670
p3877	119834	L24671
p3878	119835	L24672
p3879	119836	L24673
p3882	119839	L24674
p3888	119845	L24675
p3890	119847	L24676
p3891	119848	L24677
p3895	119852	L24678
p3898	119856	L24679
p3901	119859	L24680
p3905	119863	L24681
p3913	119873	L24682
p3914	119874	L24683
p3915	119875	L24684
p3918	119878	L24685
p3924	119884	L24686
p3926	119888	L24687
p3931	119893	L24688
p3937	119900	L24689
p3943	119906	L24690
p3945	119908	L24691
p3949	119912	L24692
p3951	119914	L24693
p3953	119916	L24694
p3959	119924	L24695
p3962	119927	L24696
p3969	119934	L24697
p3973	119938	L24698
p3983	119948	L24699
p3984	119949	L24700
p3985	119950	L24701
p3989	119954	L24702
p3991	119956	L24703
p3993	119958	L24704
p4000	119965	L24705
p4006	119971	L24706
p4008	119973	L24707
p4015	119980	L24708
p4023	119988	L24709
p4039	120005	L24710
p4042	120008	L24711
p4043	120009	L24712
p4044	120010	L24713
p4050	120017	L24714
p4052	120020	L24715
p4056	120024	L24716
p4057	120025	L24717
p4061	120029	L24718
p4066	120035	L24719
p4067	120036	L24720
p4078	120048	L24721
p4080	120051	L24722
p4083	120054	L24723
p4084	120055	L24724
p4085	120056	L24725
p4095	120066	L24726
p4096	120067	L24727
p4098	120069	L24728
p4099	120070	L24729
p4100	120071	L24730
p4103	120074	L24731
p4106	120077	L24732
p4107	120078	L24733
p4108	120079	L24734
p4121	120092	L24735
p4123	120094	L24736
p4126	120097	L24737
p4129	120100	L24738
p4132	120103	L24739
p4135	120106	L24740
p4139	120111	L24741
p4142	120114	L24742
p4146	120118	L24743
p4149	120121	L24744
p4150	120122	L24745
p4152	120124	L24746
p4160	120132	L24747
p4162	120134	L24748
p4164	120136	L24749
p4166	120138	L24750
p4167	120139	L24751
p4168	120140	L24752
p4169	120141	L24753
p4171	120143	L24754
p4175	120148	L24755
p4183	120156	L24756
p4186	120159	L24757
p4190	120163	L24758
p4196	120169	L24759
p4200	120173	L24760
p4201	120174	L24761
p4203	120176	L24762
p4208	120181	L24763
p4209	120182	L24764
p4210	120183	L24765
p4214	120187	L24766
p4221	120195	L24767
p4223	120197	L24768
p4232	120206	L24769
p4233	120207	L24770
p4234	120208	L24771
p4235	120209	L24772
p4238	120212	L24773
p4244	120218	L24774
p4259	120234	L24775
p4267	120242	L24776
p4270	120245	L24777
p4325	120301	L24778
p4330	120306	L24779
p4365	120344	L24780
p4369	120348	L24781
p4376	120357	L24782
p4379	120360	L24783
p4380	120361	L24784
p4391	120372	L24785
p4393	120374	L24786
p4397	120378	L24787
p4405	120386	L24788
p4406	120387	L24789
p4418	120402	L24790
p4432	120417	L24791
p4437	120423	L24792
p4458	120445	L24793
p4461	120448	L24794
p4461_sc	120449	L24795
p4477	120465	L24796
p4479	120468	L24797
p4486	120475	L24798
p4494	120483	L24799
p4500	120489	L24800
p4502	120491	L24801
p4514	120504	L24802
p4528	120518	L24803
p4531	120522	L24804
p4531	120522	L24804
p4534	120525	L24805
p4543	120536	L24806
p4552	120545	L24807
p4553	120546	L24808
p4556	120549	L24809
p4563	120556	L24810
p4566	120559	L24811
p4572	120566	L24812
p4590	120585	L24813
p4591	120586	L24814
p4604	120600	L24815
p4605	120601	L24816
p4613	120610	L24817
p4618	120615	L24818
p4619	120616	L24819
p4621	120618	L24820
p4621_sc	120619	L24821
p4666	120667	L24822
p4673	120674	L24823
p4688	120689	L24824
p4694	120695	L24825
p4697	120698	L24826
p4698	120699	L24827
p5000	120701	L24828
p6376	120725	L24829
p6421	120727	L24830
p6434	120729	L24831
p6435	120730	L24832
p6691	120733	L24833
p7128	120742	L24834
p8357	120761	L24835
p8413	120762	L24836
p9933	120925	L24837
p9941	120927	L24838
p9942	120928	L24839
p9947	120934	L24840
p9948	120935	L24841
q0067	121018	L24842
q0078	121028	L24843
q0087	121037	L24844
q0090	121041	L24845
q0095	121046	L24846
q0096	121047	L24847
q0096	121047	L24847
q0099	121050	L24848
q0155	121119	L24849
q0155	121119	L24849
q0156	121120	L24850
q0164	121128	L24851
q0178	121142	L24852
q0183	121148	L24853
q0189	121155	L24854
q0191	121157	L24855
q0206	121174	L24856
q0209	121178	L24857
q0219	121190	L24858
q0281	121257	L24859
q0282	121258	L24860
q0293	121271	L24861
q0294	121272	L24862
q9103	121311	L24863
r0085	121448	L24864
r0230	121597	L24865
r0247	121614	L24866
r0279	121646	L24867
r0284	121652	L24868
r0352	121723	L24869
r0374	121745	L24870
r0388	121760	L24871
r0446	121818	L24872
r0960	122336	L24873
r0961	122338	L24874
r0962	122340	L24875
r0963	122342	L24876
r0964	122343	L24877
r0965	122345	L24878
r0966	122346	L24879
r0967	122347	L24880
r0967_sc	122348	L24881
r0969	122349	L24882
r0970	122350	L24883
r0971	122351	L24884
r0972	122352	L24885
r0973	122353	L24886
r0974	122354	L24887
r0975	122355	L24888
r0976	122356	L24889
r0977	122357	L24890
r0978	122358	L24891
r0979	122359	L24892
r0980	122360	L24893
r0981	122361	L24894
r0982	122362	L24895
r0983	122363	L24896
r0984	122364	L24897
r0985	122365	L24898
r0986	122366	L24899
r0987	122367	L24900
r0988	122368	L24901
r0989	122369	L24902
r0990	122370	L24903
r0991	122371	L24904
r0991_sc	122372	L24905
r0992	122373	L24906
r0993	122374	L24907
r0994	122375	L24908
r0995	122377	L24909
r0996	122378	L24910
r0997	122379	L24911
r0999	122380	L24912
r1000	122381	L24913
r1001	122382	L24914
r1002	122383	L24915
r1003	122384	L24916
r1004	122385	L24917
r1005	122386	L24918
r1006	122387	L24919
r1007	122388	L24920
r1008	122389	L24921
r1009	122390	L24922
r1010	122391	L24923
r1011	122392	L24924
r1012	122393	L24925
r1013	122394	L24926
r1014	122395	L24927
r1015	122396	L24928
r1016	122397	L24929
r1017	122398	L24930
r1018	122399	L24931
r1019	122400	L24932
r1020	122401	L24933
r1021	122402	L24934
r1022	122403	L24935
r1023	122404	L24936
r1024	122405	L24937
r1025	122406	L24938
r1026	122407	L24939
r1027	122408	L24940
r1028	122409	L24941
r1029	122410	L24942
r1030	122411	L24943
r1031	122412	L24944
r1032	122413	L24945
r1033	122414	L24946
r1034	122415	L24947
r1035	122416	L24948
r1036	122417	L24949
r1037	122418	L24950
r1038	122419	L24951
r1040	122420	L24952
r1041	122421	L24953
r1042	122422	L24954
r1043	122423	L24955
r1044	122425	L24956
r1045	122426	L24957
r1046	122428	L24958
r1047	122430	L24959
r1048	122431	L24960
r1049	122432	L24961
r1050	122433	L24962
r1051	122434	L24963
r1052	122435	L24964
r1053	122436	L24965
r1054	122437	L24966
r1055	122438	L24967
r1056	122439	L24968
r1057	122440	L24969
r1058	122441	L24970
r1059	122442	L24971
r1060	122443	L24972
r1061	122444	L24973
r1062	122445	L24974
r1063	122446	L24975
r1064	122447	L24976
r1067	122450	L24977
r1068	122451	L24978
r1069	122452	L24979
r1070	122453	L24980
r1071	122454	L24981
r1072	122455	L24982
r1073	122456	L24983
r1074	122457	L24984
r1075	122458	L24985
r1076	122459	L24986
r1077	122460	L24987
r1078	122461	L24988
r1079	122462	L24989
r1080	122463	L24990
r1081	122464	L24991
r1082	122465	L24992
r1083	122466	L24993
r1084	122467	L24994
r1085	122468	L24995
r1086	122469	L24996
r1087	122470	L24997
r1088	122471	L24998
r1089	122472	L24999
r1090	122473	L25000
r1091	122474	L25001
r1092	122475	L25002
r1093	122476	L25003
r1094	122477	L25004
r1095	122478	L25005
r1096	122479	L25006
r1097	122480	L25007
r1098	122481	L25008
r1099	122482	L25009
r1100	122483	L25010
r1101	122484	L25011
r1102	122485	L25012
r1103	122486	L25013
r1104	122487	L25014
r1105	122488	L25015
r1106	122489	L25016
r1107	122490	L25017
r1109	122492	L25018
r1110	122493	L25019
r1111	122494	L25020
r1112	122495	L25021
r1113	122496	L25022
r1113_sc	122497	L25023
r1115	122499	L25024
r1116	122500	L25025
r1117	122501	L25026
r1118	122502	L25027
r1119	122503	L25028
r1120	122504	L25029
r1121	122505	L25030
r1122	122506	L25031
r1123	122507	L25032
r1124	122508	L25033
r1125	122509	L25034
r1126	122510	L25035
r1126_sc	122511	L25036
r1127	122512	L25037
r1128	122513	L25038
r1129	122514	L25039
r1130	122515	L25040
r1131	122516	L25041
r1132	122517	L25042
r1133	122518	L25043
r1134	122520	L25044
r1135	122521	L25045
r1136	122522	L25046
r1137	122523	L25047
r1138	122524	L25048
r1139	122525	L25049
r1140	122526	L25050
r1141	122527	L25051
r1143	122529	L25052
r1144	122530	L25053
r1145	122531	L25054
r1146	122532	L25055
r1147	122533	L25056
r1148	122534	L25057
r1149	122535	L25058
r1150	122536	L25059
r1151	122537	L25060
r1152	122538	L25061
r1153	122539	L25062
r1154	122540	L25063
r1155	122541	L25064
r1156	122542	L25065
r1157	122544	L25066
r1158	122545	L25067
r1159	122547	L25068
r1160	122548	L25069
r1161	122549	L25070
r1162	122550	L25071
r1163	122551	L25072
r1164	122552	L25073
r1165	122553	L25074
r1166	122554	L25075
r1167	122555	L25076
r1168	122556	L25077
r1169	122557	L25078
r1170	122558	L25079
r1171	122559	L25080
r1172	122560	L25081
r1173	122561	L25082
r1175	122563	L25083
r1176	122564	L25084
r1177	122565	L25085
r1178	122566	L25086
r1179	122567	L25087
r1180	122568	L25088
r1181	122569	L25089
r1183	122572	L25090
r1184	122573	L25091
r1185	122574	L25092
r1185_sc	122575	L25093
r1186	122577	L25094
r1187	122578	L25095
r1188	122579	L25096
r1189	122580	L25097
r1192	122583	L25098
r1193	122584	L25099
r1194	122585	L25100
r1195	122586	L25101
r1196	122587	L25102
r1197	122588	L25103
r1198	122589	L25104
r1199	122590	L25105
r1200	122592	L25106
r1201	122593	L25107
r1202	122594	L25108
r1203	122595	L25109
r1204	122596	L25110
r1205	122597	L25111
r1206	122598	L25112
r1207	122599	L25113
r1208	122601	L25114
r1210	122602	L25115
r1211	122603	L25116
r1212	122604	L25117
r1213	122605	L25118
r1214	122606	L25119
r1215	122607	L25120
r1216	122608	L25121
r1217	122609	L25122
r1218	122610	L25123
r1219	122611	L25124
r1230	122612	L25125
r1231	122613	L25126
r1232	122615	L25127
r1233	122616	L25128
r1235	122618	L25129
r1236	122619	L25130
r1237	122620	L25131
r1238	122621	L25132
r1239	122622	L25133
r1240	122623	L25134
r1241	122624	L25135
r1241_sc	122625	L25136
r1242	122626	L25137
r1243	122627	L25138
r1244	122628	L25139
r1245	122629	L25140
r1246	122630	L25141
r1247	122631	L25142
r1248	122632	L25143
r1249	122633	L25144
r1250	122634	L25145
r1251	122635	L25146
r1252	122636	L25147
r1253	122637	L25148
r1254	122638	L25149
r1255	122639	L25150
r1256	122640	L25151
r1257	122642	L25152
r1258	122643	L25153
r1259	122644	L25154
r1260	122645	L25155
r1261	122646	L25156
r1262	122647	L25157
r1263	122648	L25158
r1264	122649	L25159
r1265	122650	L25160
r1266	122651	L25161
r1267	122652	L25162
r1268	122653	L25163
r1269	122654	L25164
r1270	122655	L25165
r1271	122656	L25166
r1272	122657	L25167
r1273	122658	L25168
r1274	122659	L25169
r1275	122660	L25170
r1276	122661	L25171
r1277	122662	L25172
r1278	122663	L25173
r1279	122664	L25174
r1280	122665	L25175
r1281	122666	L25176
r1281	122666	L25176
r1282	122667	L25177
r1283	122668	L25178
r1284	122669	L25179
r1285	122670	L25180
r1286	122671	L25181
r1287	122672	L25182
r1288	122673	L25183
r1289	122674	L25184
r1290	122675	L25185
r1291	122676	L25186
r1292	122677	L25187
r1293	122678	L25188
r1294	122679	L25189
r1295	122680	L25190
r1296	122681	L25191
r1297	122682	L25192
r1298	122683	L25193
r1299	122684	L25194
r1300	122685	L25195
r1301	122686	L25196
r1302	122687	L25197
r1303	122688	L25198
r1304	122689	L25199
r1305	122690	L25200
r1306	122691	L25201
r1307	122692	L25202
r1308	122693	L25203
r1309	122694	L25204
r1310	122695	L25205
r1311	122696	L25206
r1312	122697	L25207
r1313	122698	L25208
r1314	122699	L25209
r1315	122700	L25210
r1316	122701	L25211
r1317	122702	L25212
r1318	122703	L25213
r1319	122704	L25214
r1320	122705	L25215
r1321	122706	L25216
r1323	122708	L25217
r1324	122709	L25218
r1325	122710	L25219
r1326	122711	L25220
r1327	122712	L25221
r1328	122713	L25222
r1329	122714	L25223
r1330	122715	L25224
r1331	122716	L25225
r1332	122717	L25226
r1333	122718	L25227
r1334	122719	L25228
r1335	122720	L25229
r1336	122721	L25230
r1337	122722	L25231
r1338	122723	L25232
r1339	122724	L25233
r1340	122725	L25234
r1341	122726	L25235
r1342	122727	L25236
r1343	122728	L25237
r1344	122730	L25238
r1345	122731	L25239
r1346	122732	L25240
r1347	122733	L25241
r1348	122734	L25242
r1349	122735	L25243
r1350	122736	L25244
r1351	122737	L25245
r1352	122738	L25246
r1352_sc	122739	L25247
r1353	122740	L25248
r1354	122741	L25249
r1355	122742	L25250
r1356	122743	L25251
r1357	122744	L25252
r1358	122745	L25253
r1359	122746	L25254
r1360	122747	L25255
r1361	122748	L25256
r1362	122749	L25257
r1363	122750	L25258
r1364	122751	L25259
r1365	122752	L25260
r1366	122753	L25261
r1367	122754	L25262
r1368	122755	L25263
r1369	122756	L25264
r1370	122757	L25265
r1371	122758	L25266
r1372	122759	L25267
r1373	122760	L25268
r1374	122761	L25269
r1375	122762	L25270
r1376	122763	L25271
r1377	122764	L25272
r1378	122765	L25273
r1379	122766	L25274
r1380	122767	L25275
r1381	122768	L25276
r1382	122769	L25277
r1383	122770	L25278
r1384	122771	L25279
r1385	122772	L25280
r1386	122773	L25281
r1387	122774	L25282
r1388	122775	L25283
r1389	122776	L25284
r1390	122777	L25285
r1391	122778	L25286
r1392	122779	L25287
r1393	122780	L25288
r1394	122781	L25289
r1395	122782	L25290
r1396	122783	L25291
r1397	122784	L25292
r1398	122785	L25293
r1399	122786	L25294
r1400	122787	L25295
r1401	122788	L25296
r1402	122789	L25297
r1403	122790	L25298
r1405	122791	L25299
r1415	122792	L25300
r1416	122793	L25301
r1417	122794	L25302
r1418	122795	L25303
r1419	122796	L25304
r1420	122797	L25305
r1421	122798	L25306
r1422	122799	L25307
r1426	122800	L25308
r1427	122801	L25309
r1428	122802	L25310
r1429	122803	L25311
r1430	122804	L25312
r1431	122805	L25313
r1432	122806	L25314
r1433	122807	L25315
r1434	122809	L25316
r1435	122810	L25317
r1436	122811	L25318
r1437	122812	L25319
r1438	122813	L25320
r1439	122814	L25321
r1440	122815	L25322
r1441	122816	L25323
r1442	122817	L25324
r1442_sc	122818	L25325
r1443	122819	L25326
r1444	122820	L25327
r1445	122821	L25328
r1446	122822	L25329
r1447	122823	L25330
r1448	122824	L25331
r1449	122825	L25332
r1450	122826	L25333
r1451	122828	L25334
r1452	122829	L25335
r1453	122830	L25336
r1454	122831	L25337
r1455	122833	L25338
r1456	122834	L25339
r1457	122835	L25340
r1457_sc	122836	L25341
r1458	122837	L25342
r1459	122838	L25343
r1461	122841	L25344
r1462	122842	L25345
r1463	122843	L25346
r1464	122844	L25347
r1465	122845	L25348
r1466	122847	L25349
r1467	122848	L25350
r1468	122849	L25351
r1469	122850	L25352
r1470	122851	L25353
r1471	122852	L25354
r1472	122853	L25355
r1473	122854	L25356
r1474	122855	L25357
r1475	122856	L25358
r1476	122857	L25359
r1477	122858	L25360
r1478	122859	L25361
r1479	122860	L25362
r1479_sc	122861	L25363
r1480	122862	L25364
r1481	122863	L25365
r1482	122865	L25366
r1484	122867	L25367
r1485	122868	L25368
r1486	122869	L25369
r1487	122870	L25370
r1488	122871	L25371
r1489	122872	L25372
r1490	122873	L25373
r1491	122875	L25374
r1492	122876	L25375
r1493	122878	L25376
r1494	122879	L25377
r1495	122880	L25378
r1496	122881	L25379
r1497	122882	L25380
r1498	122883	L25381
r1499	122884	L25382
r1500	122886	L25383
r1501	122888	L25384
r1502	122889	L25385
r1503	122890	L25386
r1504	122891	L25387
r1505	122892	L25388
r1506	122893	L25389
r7053	122959	L25390
r8002	122964	L25391
r8003	122965	L25392
r8004	122966	L25393
r8005	122967	L25394
r8006	122968	L25395
r8007	122969	L25396
r8008	122970	L25397
r8009	122971	L25398
r8010	122972	L25399
r8061	122973	L25400
r8138	122974	L25401
r8212	122975	L25402
r9144	122986	L25403
r9367	122989	L25404
r9375	122990	L25405
r9611	122992	L25406
r9990	123006	L25407
s0009	123028	L25408
s0018	123037	L25409
s0023	123044	L25410
s0031	123054	L25411
s0064	123094	L25412
s0071	123101	L25413
s0083	123113	L25414
s0095	123125	L25415
s0117	123149	L25416
s0118	123150	L25417
s0124	123157	L25418
s0169	123210	L25419
s0173	123214	L25420
s0179	123220	L25421
s0182	123223	L25422
s0182	123223	L25422
s0183	123224	L25423
s0200	123242	L25424
s0212	123254	L25425
s0213	123255	L25426
s0225	123267	L25427
s0229	123271	L25428
s0232	123275	L25429
s0245	123288	L25430
s0257	123301	L25431
s0267	123312	L25432
s0268	123313	L25433
s0273	123318	L25434
s0303	123350	L25435
s0312	123359	L25436
s0327	123374	L25437
s0328	123375	L25438
s0339	123386	L25439
s0345	123392	L25440
s0352	123399	L25441
s0368	123416	L25442
s0376	123424	L25443
s0381	123429	L25444
s0387	123436	L25445
s0391	123441	L25446
s0391	123441	L25446
s0403	123453	L25447
s0409	123460	L25448
s0412	123463	L25449
s0424	123476	L25450
s0432	123485	L25451
s0433	123486	L25452
s0434	123487	L25453
s0438	123491	L25454
s0444	123498	L25455
s0454	123509	L25456
s0464	123520	L25457
s0469	123526	L25458
s0486	123543	L25459
s0501	123560	L25460
s0505	123564	L25461
s0508	123567	L25462
s0529	123589	L25463
s0531	123592	L25464
s0537	123599	L25465
s0550	123615	L25466
s0553	123618	L25467
s0573	123638	L25468
s0575	123640	L25469
s0578	123643	L25470
s0582	123648	L25471
s0586	123652	L25472
s0594	123660	L25473
s0647	123724	L25474
s0651	123728	L25475
s0654	123732	L25476
s0665	123743	L25477
s0672	123751	L25478
s0680	123759	L25479
s0687	123766	L25480
s0707	123786	L25481
s0708	123787	L25482
s0741	123823	L25483
s0746	123828	L25484
s0753	123835	L25485
s0758	123840	L25486
s0765	123847	L25487
s0766	123848	L25488
s0773	123855	L25489
s0801	123887	L25490
s0805	123891	L25491
s0816	123902	L25492
s0831	123918	L25493
s0849	123938	L25494
s0856	123945	L25495
s0858	123947	L25496
s0862	123951	L25497
s0864	123953	L25498
s0875	123965	L25499
s0880	123970	L25500
s0881	123971	L25501
s0887	123977	L25502
s0912	124004	L25503
s0920	124012	L25504
s0922	124014	L25505
s0923	124015	L25506
s0942	124035	L25507
s0948	124043	L25508
s0952	124047	L25509
s0958	124054	L25510
s0961	124057	L25511
s0972	124069	L25512
s0998	124099	L25513
s1024	124125	L25514
s1060	124163	L25515
s1095	124200	L25516
s1151	124258	L25517
s1163	124270	L25518
s1176	124283	L25519
s1176	124283	L25519
s1186	124293	L25520
s1207	124315	L25521
s1207_sc	124316	L25522
s1223	124333	L25523
s1241	124351	L25524
s1243	124353	L25525
s1259	124370	L25526
s1261	124372	L25527
s1268	124379	L25528
s1332	124444	L25529
s1345	124458	L25530
s1348	124462	L25531
s1357	124471	L25532
s1359	124474	L25533
s1374	124490	L25534
s1379	124498	L25535
s1381	124501	L25536
s1384	124504	L25537
s1385	124505	L25538
s1386	124506	L25539
s1395	124515	L25540
s1409	124530	L25541
s1419	124541	L25542
s1428	124551	L25543
s1430	124554	L25544
s1492	124621	L25545
s1501	124631	L25546
s1504	124634	L25547
s1511	124641	L25548
s1551	124683	L25549
s1565	124700	L25550
s1569	124704	L25551
s1574	124709	L25552
s1575	124710	L25553
s1579	124714	L25554
s1598	124734	L25555
s1604	124741	L25556
s1623	124762	L25557
s1624	124763	L25558
s1627	124766	L25559
s1638	124777	L25560
s1638_sc	124778	L25561
s1657	124797	L25562
s1663	124803	L25563
s1695	124837	L25564
s1703	124845	L25565
s1705	124847	L25566
s1722	124866	L25567
s1729	124875	L25568
s1731	124877	L25569
s1741	124887	L25570
s1748	124894	L25571
s1749	124895	L25572
s1756	124907	L25573
s1762	124914	L25574
s1791	124944	L25575
s1804	124957	L25576
s1835	124989	L25577
s1838	124992	L25578
s1852	125010	L25579
s1890	125051	L25580
s1897	125058	L25581
s1900	125061	L25582
s1914	125075	L25583
s1922	125083	L25584
s1927	125088	L25585
s1932	125093	L25586
s1937	125098	L25587
s1946	125108	L25588
s1961	125124	L25589
s1973	125136	L25590
s1975	125139	L25591
s1991	125159	L25592
s1996	125164	L25593
s1999	125169	L25594
s2001	125171	L25595
s2008	125178	L25596
s2008_sc	125179	L25597
s2011	125182	L25598
s2027	125200	L25599
s2036	125212	L25600
s2046	125222	L25601
s2061	125237	L25602
s2064	125240	L25603
s2087	125268	L25604
s2104	125285	L25605
s2118	125299	L25606
s2132	125314	L25607
s2146	125333	L25608
s2147	125334	L25609
s2156	125343	L25610
s2181	125369	L25611
s2183	125371	L25612
s2187	125376	L25613
s2215	125407	L25614
s2219	125411	L25615
s2223	125415	L25616
s2229	125421	L25617
s2230	125422	L25618
s2231	125423	L25619
s2233	125425	L25620
s2252	125446	L25621
s2254	125449	L25622
s2260	125455	L25623
s2270	125465	L25624
s2276	125471	L25625
s2286	125481	L25626
s2292	125487	L25627
s2298	125493	L25628
s2300	125495	L25629
s2306	125502	L25630
s2313	125511	L25631
s2314	125512	L25632
s2314_sc	125513	L25633
s2339	125539	L25634
s2342	125542	L25635
s2346	125548	L25636
s2362	125566	L25637
s2403	125612	L25638
s2405	125614	L25639
s2424	125634	L25640
s2439	125650	L25641
s2447	125658	L25642
s2452	125664	L25643
s2454	125666	L25644
s2457	125669	L25645
s2460	125672	L25646
s2468	125683	L25647
s2478	125693	L25648
s2479	125694	L25649
s2479_sc	125695	L25650
s2486	125702	L25651
s2488	125705	L25652
s2497	125714	L25653
s2502	125719	L25654
s2508	125726	L25655
s2512	125730	L25656
s2536	125755	L25657
s2556	125779	L25658
s2564	125787	L25659
s2583	125809	L25660
s2585	125811	L25661
s2586	125812	L25662
s2589	125815	L25663
s2599	125826	L25664
s2607	125834	L25665
s2612	125839	L25666
s2614	125841	L25667
s2616	125843	L25668
s2646	125874	L25669
s2656	125886	L25670
s2666	125897	L25671
s2667	125898	L25672
s2668	125899	L25673
s2669	125900	L25674
s2679	125910	L25675
s2695	125928	L25676
s2707	125943	L25677
s2721	125958	L25678
s2729	125966	L25679
s2737	125975	L25680
s2746	125984	L25681
s2751	125989	L25682
s2754	125992	L25683
s2755	125993	L25684
s2758	125996	L25685
s2759	125997	L25686
s2761	125999	L25687
s2763	126001	L25688
s2764	126002	L25689
s2765	126003	L25690
s2767	126005	L25691
s2770	126008	L25692
s2771	126009	L25693
s2774	126012	L25694
s2781	126019	L25695
s2783	126021	L25696
s2783	126021	L25696
s2791	126029	L25697
s2799	126037	L25698
s2801	126039	L25699
s2805	126043	L25700
s2807	126045	L25701
s2808	126046	L25702
s2815	126054	L25703
s2820	126059	L25704
s2824	126063	L25705
s2825	126064	L25706
s2828	126068	L25707
s2829	126069	L25708
s2834	126074	L25709
s2835	126075	L25710
s2836	126076	L25711
s2843	126084	L25712
s2844	126085	L25713
s2847	126088	L25714
s2851	126093	L25715
s2852	126094	L25716
s2853	126095	L25717
s2854	126096	L25718
s2860	126102	L25719
s2863	126105	L25720
s2866	126108	L25721
s2870	126112	L25722
s2872	126114	L25723
s2877	126119	L25724
s2881	126123	L25725
s2882	126124	L25726
s2885	126127	L25727
s2888	126130	L25728
s2889	126131	L25729
s2890	126132	L25730
s2891	126133	L25731
s2892	126134	L25732
s2894	126136	L25733
s2896	126138	L25734
s2897	126139	L25735
s2898	126140	L25736
s2901	126143	L25737
s2903	126145	L25738
s2904	126146	L25739
s2909	126151	L25740
s2914	126156	L25741
s2920	126162	L25742
s2921	126163	L25743
s2922	126164	L25744
s2923	126165	L25745
s2925	126167	L25746
s2926	126168	L25747
s2928	126170	L25748
s2930	126172	L25749
s2931	126173	L25750
s2934	126176	L25751
s2937	126179	L25752
s2941	126183	L25753
s2947	126190	L25754
s2949	126193	L25755
s2952	126196	L25756
s2954	126198	L25757
s2955	126199	L25758
s2957	126201	L25759
s2963	126208	L25760
s2965	126210	L25761
s2968	126213	L25762
s2970	126215	L25763
s2976	126221	L25764
s2979	126224	L25765
s2981	126226	L25766
s2981	126226	L25766
s2984	126229	L25767
s2984	126229	L25767
s2985	126230	L25768
s2989	126234	L25769
s2992	126237	L25770
s2993	126238	L25771
s2994	126239	L25772
s2995	126240	L25773
s2996	126241	L25774
s2997	126242	L25775
s2998	126243	L25776
s3005	126250	L25777
s3008	126253	L25778
s3014	126259	L25779
s3015	126261	L25780
s3017	126263	L25781
s3019	126265	L25782
s3022	126268	L25783
s3023	126269	L25784
s3025	126271	L25785
s3028	126274	L25786
s3030	126276	L25787
s3031	126277	L25788
s3041	126287	L25789
s3042	126288	L25790
s3046	126292	L25791
s3051	126297	L25792
s3052	126298	L25793
s3053	126299	L25794
s3055	126301	L25795
s3055	126301	L25795
s3059	126305	L25796
s3061	126307	L25797
s3061	126307	L25797
s3064	126310	L25798
s3065	126311	L25799
s3065	126311	L25799
s3065	126311	L25799
s3067	126313	L25800
s3069	126315	L25801
s3074	126320	L25802
s3078	126324	L25803
s3081	126327	L25804
s3083	126329	L25805
s3087	126333	L25806
s3092	126338	L25807
s3094	126340	L25808
s3095	126341	L25809
s3097	126343	L25810
s3097	126343	L25810
s3102	126348	L25811
s3109	126355	L25812
s3110	126356	L25813
s3113	126359	L25814
s3114	126360	L25815
s3115	126361	L25816
s3117	126363	L25817
s3121	126367	L25818
s3123	126369	L25819
s3127	126373	L25820
s3127	126373	L25820
s3128	126374	L25821
s3128	126374	L25821
s3132	126378	L25822
s3133	126379	L25823
s3138	126384	L25824
s3139	126385	L25825
s3140	126386	L25826
s3142	126388	L25827
s3148	126394	L25828
s3150	126396	L25829
s3150	126396	L25829
s3154	126400	L25830
s3156	126402	L25831
s3157	126403	L25832
s3158	126404	L25833
s3158	126404	L25833
s3160	126406	L25834
s3160	126406	L25834
s3161	126407	L25835
s3162	126408	L25836
s3163	126409	L25837
s3164	126410	L25838
s3169	126415	L25839
s3173	126419	L25840
s3174	126420	L25841
s3178	126425	L25842
s3180	126427	L25843
s3182	126429	L25844
s3183	126430	L25845
s3184	126431	L25846
s3185	126432	L25847
s3186	126433	L25848
s3187	126434	L25849
s3188	126435	L25850
s3190	126437	L25851
s3191	126438	L25852
s3192	126439	L25853
s3194	126441	L25854
s3195	126442	L25855
s3196	126443	L25856
s3198	126445	L25857
s3199	126446	L25858
s3203	126450	L25859
s3205	126452	L25860
s3206	126453	L25861
s3207	126454	L25862
s3208	126455	L25863
s3211	126458	L25864
s3214	126461	L25865
s3215	126462	L25866
s3216	126463	L25867
s3217	126464	L25868
s3219	126466	L25869
s3226	126473	L25870
s3228	126475	L25871
s3233	126480	L25872
s3235	126482	L25873
s3236	126483	L25874
s3237	126484	L25875
s3238	126485	L25876
s3248	126495	L25877
s3249	126496	L25878
s3251	126498	L25879
s3256	126503	L25880
s3257	126504	L25881
s3259	126506	L25882
s3260	126507	L25883
s3261	126508	L25884
s3266	126513	L25885
s3266	126513	L25885
s3270	126517	L25886
s3270	126517	L25886
s3276	126523	L25887
s3277	126524	L25888
s3283	126530	L25889
s3283	126530	L25889
s3285	126532	L25890
s3289	126537	L25891
s3289	126537	L25891
s3290	126538	L25892
s3291	126539	L25893
s3293	126541	L25894
s3294	126542	L25895
s3294	126542	L25895
s3297	126545	L25896
s3300	126548	L25897
s3300	126548	L25897
s3302	126550	L25898
s3306	126554	L25899
s3308	126556	L25900
s3310	126558	L25901
s3324	126573	L25902
s3330	126580	L25903
s3338	126588	L25904
s3341	126591	L25905
s3345	126595	L25906
s3346	126596	L25907
s3347	126597	L25908
s3351	126601	L25909
s3352	126602	L25910
s3354	126604	L25911
s3356	126606	L25912
s3362	126612	L25913
s3363	126613	L25914
s3366	126616	L25915
s3369	126619	L25916
s3370	126620	L25917
s3381	126632	L25918
s3384	126635	L25919
s3385	126636	L25920
s3386	126637	L25921
s3387	126638	L25922
s3389	126640	L25923
s3390	126641	L25924
s3393	126644	L25925
s3394	126645	L25926
s3395	126646	L25927
s3396	126647	L25928
s3397	126648	L25929
s3402	126653	L25930
s3405	126656	L25931
s3405	126656	L25931
s3406	126657	L25932
s3407	126658	L25933
s3412	126663	L25934
s3414	126665	L25935
s3425	126676	L25936
s3427	126679	L25937
s3436	126689	L25938
s3436_sc	126689	L25939
s3447	126701	L25940
s3452	126707	L25941
s3454	126709	L25942
s3459	126714	L25943
s3465	126721	L25944
s3466	126722	L25945
s3467	126723	L25946
s3468	126724	L25947
s3469	126725	L25948
s3472	126728	L25949
s3473	126729	L25950
s3474	126730	L25951
s3475	126731	L25952
s3478	126734	L25953
s3479	126735	L25954
s3480	126736	L25955
s3481	126737	L25956
s3483	126739	L25957
s3485	126742	L25958
s3486	126743	L25959
s3487	126744	L25960
s3491	126748	L25961
s3494	126751	L25962
s3497	126754	L25963
s3501	126758	L25964
s3503	126760	L25965
s3504	126761	L25966
s3505	126762	L25967
s3508	126765	L25968
s3510	126767	L25969
s3512	126769	L25970
s3513	126770	L25971
s3514	126771	L25972
s3515	126772	L25973
s3516	126773	L25974
s3517	126774	L25975
s3518	126775	L25976
s3520	126777	L25977
s3521	126778	L25978
s3523	126780	L25979
s3524	126781	L25980
s3525	126782	L25981
s3526	126783	L25982
s3527	126784	L25983
s3528	126785	L25984
s3529	126786	L25985
s3530	126787	L25986
s3531	126788	L25987
s3532	126789	L25988
s3534	126791	L25989
s3535	126792	L25990
s3537	126794	L25991
s3539	126796	L25992
s3540	126797	L25993
s3542	126799	L25994
s3543	126800	L25995
s3544	126801	L25996
s3545	126802	L25997
s3546	126803	L25998
s3547	126804	L25999
s3551	126809	L26000
s3552	126810	L26001
s3553	126811	L26002
s3555	126813	L26003
s3557	126815	L26004
s3559	126817	L26005
s3561	126819	L26006
s3562	126820	L26007
s3563	126821	L26008
s3564	126822	L26009
s3565	126823	L26010
s3567	126825	L26011
s3568	126826	L26012
s3569	126827	L26013
s3571	126830	L26014
s3573	126832	L26015
s3575	126834	L26016
s3576	126835	L26017
s3577	126836	L26018
s3579	126838	L26019
s3580	126839	L26020
s3581	126840	L26021
s3582	126841	L26022
s3583	126842	L26023
s3584	126843	L26024
s3585	126844	L26025
s3586	126845	L26026
s3587	126846	L26027
s3588	126847	L26028
s3589	126848	L26029
s3590	126849	L26030
s3594	126853	L26031
s3598	126857	L26032
s3599	126858	L26033
s3600	126859	L26034
s3601	126860	L26035
s3602	126861	L26036
s3603	126862	L26037
s3604	126863	L26038
s3605	126864	L26039
s3606	126865	L26040
s3607	126866	L26041
s3609	126868	L26042
s3610	126869	L26043
s3611	126870	L26044
s3613	126872	L26045
s3614	126873	L26046
s3615	126874	L26047
s3616	126875	L26048
s3619	126878	L26049
s3620	126879	L26050
s3624	126884	L26051
s3626	126887	L26052
s3627	126888	L26053
s3629	126890	L26054
s3630	126891	L26055
s3631	126892	L26056
s3632	126893	L26057
s3633	126894	L26058
s3634	126895	L26059
s3636	126897	L26060
s3638	126899	L26061
s3640	126901	L26062
s3642	126903	L26063
s3643	126904	L26064
s3646	126907	L26065
s3647	126908	L26066
s3650	126911	L26067
s3652	126913	L26068
s3653	126914	L26069
s3654	126915	L26070
s3656	126917	L26071
s3660	126921	L26072
s3661	126922	L26073
s3662	126923	L26074
s3664	126925	L26075
s3671	126932	L26076
s3673	126934	L26077
s3674	126935	L26078
s3675	126936	L26079
s3676	126937	L26080
s3677	126938	L26081
s3678	126939	L26082
s3680	126941	L26083
s3682	126943	L26084
s3683	126944	L26085
s3685	126946	L26086
s3686	126947	L26087
s3687	126948	L26088
s3688	126949	L26089
s3689	126950	L26090
s3690	126951	L26091
s3691	126952	L26092
s3692	126953	L26093
s3693	126954	L26094
s3694	126955	L26095
s3696	126957	L26096
s3699	126960	L26097
s3700	126961	L26098
s3701	126962	L26099
s3702	126963	L26100
s3704	126965	L26101
s3704_sc	126965	L26102
s3705	126966	L26103
s3706	126967	L26104
s3708	126969	L26105
s3711	126972	L26106
s3712	126973	L26107
s3713	126974	L26108
s3716	126977	L26109
s3719	126980	L26110
s3721	126982	L26111
s3722	126983	L26112
s3722_sc	126984	L26113
s3723	126985	L26114
s3724	126986	L26115
s3725	126987	L26116
s3727	126989	L26117
s3728	126990	L26118
s3729	126991	L26119
s3731	126993	L26120
s3732	126994	L26121
s3733	126995	L26122
s3734	126996	L26123
s3735	126997	L26124
s3736	126998	L26125
s3740	127002	L26126
s3742	127004	L26127
s3744	127006	L26128
s3748	127011	L26129
s3749	127012	L26130
s3751	127014	L26131
s3754	127018	L26132
s3756	127020	L26133
s3757	127021	L26134
s3757	127021	L26134
s3758	127022	L26135
s3760	127024	L26136
s3761	127025	L26137
s3764	127028	L26138
s3766	127030	L26139
s3773	127037	L26140
s3775	127039	L26141
s3775	127039	L26141
s3777	127041	L26142
s3778	127042	L26143
s3778	127042	L26143
s3780	127044	L26144
s3789	127053	L26145
s3791	127055	L26146
s3794	127058	L26147
s3799	127063	L26148
s3802	127067	L26149
s3803	127068	L26150
s3808	127073	L26151
s3810	127075	L26152
s3811	127076	L26153
s3819	127084	L26154
s3823	127090	L26155
s3827	127094	L26156
s3831	127098	L26157
s3836	127103	L26158
s3836	127103	L26158
s3841	127108	L26159
s3844	127111	L26160
s3844	127111	L26160
s3848	127115	L26161
s3853	127121	L26162
s3857	127125	L26163
s3862	127130	L26164
s3866	127135	L26165
s3871	127140	L26166
s3877	127146	L26167
s3878	127147	L26168
s3879	127148	L26169
s3884	127153	L26170
s3906	127177	L26171
s3920	127191	L26172
s3953	127229	L26173
s3954	127230	L26174
s4021	127302	L26175
s4028	127311	L26176
s4031	127314	L26177
s4038	127321	L26178
s4040	126741	L26179
s6133	127324	L26180
s6230	127328	L26181
s6234	127332	L26182
s6237	127335	L26183
s6346	127338	L26184
s7731	127367	L26185
s7998	127372	L26186
s8575	127381	L26187
s9575	127405	L26188
s9912	127412	L26189
s9994	127506	L26190
t0003	127515	L26191
t0007	127520	L26192
t0007_sc	127521	L26193
t0017	127532	L26194
t0023	127538	L26195
t0033	127552	L26196
t0035	127555	L26197
t0043	127564	L26198
t0045	127566	L26199
t0056	127577	L26200
t0068	127590	L26201
t0069	127591	L26202
t0090	127613	L26203
t0096	127620	L26204
t0117	127643	L26205
t0117_sc	127644	L26206
t0129	127656	L26207
t0156	127684	L26208
t0174	127704	L26209
t0200	127731	L26210
t0228	127759	L26211
t0231	127762	L26212
t0241	127773	L26213
t0263	127795	L26214
t0273	127805	L26215
t0278	127811	L26216
t0279	127812	L26217
t0284	127817	L26218
t0289	127822	L26219
t0291	127825	L26220
t0315	127850	L26221
t0319	127855	L26222
t0336	127873	L26223
t0343	127881	L26224
t0348	127887	L26225
t0349	127888	L26226
t0360	127899	L26227
t0371	127911	L26228
t0378	127920	L26229
t0388	127931	L26230
t0395	127939	L26231
t0410	127954	L26232
t0418	127962	L26233
t0418	127962	L26233
t0441	127986	L26234
t0445	127991	L26235
t0450	127997	L26236
t0487	128040	L26237
t0503	128056	L26238
t0504	128057	L26239
t0513	128067	L26240
t0585	128144	L26241
t0592	128151	L26242
t0605	128165	L26243
t0646	128210	L26244
t0675	128242	L26245
t0695	128263	L26246
t0696	128264	L26247
t0696_sc	128265	L26248
t0710	128280	L26249
t0712	128282	L26250
t0716	128287	L26251
t0716	128287	L26251
t0717	128288	L26252
t0718	128289	L26253
t0726	128297	L26254
t0743	128318	L26255
t0747	128322	L26256
t0751	128326	L26257
t0752	128327	L26258
t0753	128328	L26259
t0777	128354	L26260
t0780	128357	L26261
t0785	128362	L26262
t0795	128372	L26263
t0796	128373	L26264
t0797	128374	L26265
t0803	128380	L26266
t0804	128381	L26267
t0811	128388	L26268
t0835	128421	L26269
t0849	128437	L26270
t0854	128442	L26271
t0855	128443	L26272
t0855_sc	128444	L26273
t0858	128447	L26274
t0860	128449	L26275
t0862	128451	L26276
t0863	128452	L26277
t0865	128454	L26278
t0872	128462	L26279
t0884	128476	L26280
t0919	128512	L26281
t0926	128519	L26282
t0926	128519	L26282
t0927	128520	L26283
t0927	128520	L26283
t0933	128526	L26284
t0956	128552	L26285
t0957	128553	L26286
t0957	128553	L26286
t0967	128563	L26287
t0970	128568	L26288
t0973	128571	L26289
t0978	128576	L26290
t0979	128577	L26291
t0980	128578	L26292
t0980	128578	L26292
t0982	128580	L26293
t0983	128581	L26294
t0985	128583	L26295
t0985	128583	L26295
t0988	128586	L26296
t0993	128591	L26297
t0993	128591	L26297
t0994	128592	L26298
t0994	128592	L26298
t0995	128593	L26299
t0995	128593	L26299
t0997	128595	L26300
t1001	128599	L26301
t1002	128600	L26302
t1005	128603	L26303
t1007	128605	L26304
t1009	128607	L26305
t1013	128611	L26306
t1014	128612	L26307
t1017	128615	L26308
t1019	128617	L26309
t1021	128619	L26310
t1023	128621	L26311
t1024	128622	L26312
t1026	128624	L26313
t1027	128625	L26314
t1028	128626	L26315
t1032	128630	L26316
t1032	128630	L26316
t1037	128635	L26317
t1040	128638	L26318
t1041	128639	L26319
t1042	128640	L26320
t1047	128645	L26321
t1049	128647	L26322
t1050	128648	L26323
t1055	128653	L26324
t1055	128653	L26324
t1057	128655	L26325
t1057	128655	L26325
t1058	128656	L26326
t1061	128659	L26327
t1061	128659	L26327
t1063	128661	L26328
t1067	128665	L26329
t1068	128666	L26330
t1068	128666	L26330
t1069	128667	L26331
t1070	128668	L26332
t1070	128668	L26332
t1072	128670	L26333
t1073	128671	L26334
t1074	128672	L26335
t1078	128676	L26336
t1080	128678	L26337
t1081	128679	L26338
t1082	128680	L26339
t1084	128682	L26340
t1087	128685	L26341
t1093	128692	L26342
t1095	128694	L26343
t1096	128695	L26344
t1099	128698	L26345
t1099	128698	L26345
t1101	128700	L26346
t1102	128701	L26347
t1104	128703	L26348
t1108	128707	L26349
t1109	128708	L26350
t1109	128708	L26350
t1110	128709	L26351
t1112	128711	L26352
t1113	128712	L26353
t1116	128715	L26354
t1116	128715	L26354
t1117	128716	L26355
t1118	128717	L26356
t1118	128717	L26356
t1119	128718	L26357
t1121	128720	L26358
t1143	128749	L26359
t1144	128750	L26360
t1148	128754	L26361
t1153	128759	L26362
t1156	128762	L26363
t1176	128787	L26364
t1184	128795	L26365
t1223	128840	L26366
t1268	128890	L26367
t1312	128941	L26368
t1337	128969	L26369
t1349	128981	L26370
t1351	128983	L26371
t1354	128986	L26372
t1361	128993	L26373
t1379	129011	L26374
t1380	129012	L26375
t1390	129025	L26376
t1406	129043	L26377
t1409	129046	L26378
t1420	129057	L26379
t1452	129090	L26380
t1453	129091	L26381
t1459	129098	L26382
t1463	129106	L26383
t1464	129107	L26384
t1468	129113	L26385
t1470	129115	L26386
t1473	129119	L26387
t1496	129148	L26388
t1497	129149	L26389
t1498	129150	L26390
t1688	129161	L26391
t1690	129163	L26392
t1694	129167	L26393
t1696	129169	L26394
t1705	129180	L26395
t1710	129185	L26396
t1711	129186	L26397
t1712	129188	L26398
t1720	129197	L26399
t1723	129200	L26400
t1724	129201	L26401
t1725	129202	L26402
t1725_sc	129203	L26403
t1732	129210	L26404
t1738	129217	L26405
t1743	129224	L26406
t1747	129228	L26407
t1761	129241	L26408
t1770	129250	L26409
t1775	129255	L26410
t1783	129264	L26411
t1792	129273	L26412
t1810	129290	L26413
t1820	129298	L26414
t1829	129307	L26415
t1843	129322	L26416
t1860	129339	L26417
t8313	129360	L26418
t9036	129376	L26419
t9309	129381	L26420
t9312	129385	L26421
t9313	129386	L26422
t9314	129387	L26423
t9314_sc	129388	L26424
t9726	129400	L26425
t9873	129406	L26426
t9978	129431	L26427
u0010	129465	L26428
u0010	129465	L26428
u0013	129468	L26429
u0014	129469	L26430
u0017	129472	L26431
u0021	129476	L26432
u0024	129481	L26433
u0029	129486	L26434
u0035	129492	L26435
u0037	129495	L26436
u0038	129497	L26437
u0047	129506	L26438
u0048	129507	L26439
u0050	129509	L26440
u0056	129515	L26441
u0062	129521	L26442
u0064	129523	L26443
u0073	129535	L26444
u0083	129545	L26445
u0086	129549	L26446
u0096	129559	L26447
u0102	129565	L26448
u0112	129576	L26449
u0117	129581	L26450
u0119	129583	L26451
u0122	129587	L26452
u0144	129614	L26453
u0148	129619	L26454
u0150	129621	L26455
u0160	129633	L26456
u0174	129648	L26457
u0192	129667	L26458
u0193	129668	L26459
u0198	129673	L26460
u0203	129678	L26461
u0210	129685	L26462
u0217	129693	L26463
u0233	129712	L26464
u0238	129718	L26465
u0244	129724	L26466
u0246	129726	L26467
u0248	129728	L26468
u0271	129754	L26469
u0274	129757	L26470
u0280	129766	L26471
u0284	129770	L26472
u0293	129781	L26473
u0300	129790	L26474
u0302	129792	L26475
u0309	129799	L26476
u0312	129802	L26477
u0313	129803	L26478
u0324	129816	L26479
u0334	129826	L26480
u0360	129853	L26481
u0361	129854	L26482
u0365	129859	L26483
u0368	129862	L26484
u0369	129863	L26485
u0372	129867	L26486
u0383	129878	L26487
u0385	129881	L26488
u0392	129889	L26489
u0406	129904	L26490
u0410	129909	L26491
u0412	129911	L26492
u0417	129918	L26493
u0422	129923	L26494
u0433	129936	L26495
u0438	129942	L26496
u0454	129961	L26497
u0459	129966	L26498
u0465	129974	L26499
u0473	129982	L26500
u0475	129984	L26501
u0476	129986	L26502
u0482	129993	L26503
u0489	130002	L26504
u0510	130027	L26505
u0512	130029	L26506
u0526	130047	L26507
u0530	130051	L26508
u0537	130063	L26509
u0539	130065	L26510
u0539	130065	L26510
u0545	130073	L26511
u0557	130087	L26512
u0602	130136	L26513
u0612	130146	L26514
u0613	130147	L26515
u0626	130163	L26516
u0631	130168	L26517
u0635	130173	L26518
u0636	130174	L26519
u0636_sc	130175	L26520
u0644	130183	L26521
u0652	130191	L26522
u0653	130192	L26523
u0655	130195	L26524
u0658	130198	L26525
u0661	130201	L26526
u0685	130229	L26527
u0688	130232	L26528
u0691	130235	L26529
u0698	130243	L26530
u0707	130252	L26531
u0725	130270	L26532
u0730	130276	L26533
u0744	130292	L26534
u0751	130301	L26535
u0757	130307	L26536
u0757_sc	130308	L26537
u0772	130326	L26538
u0782	130338	L26539
u0784	130340	L26540
u0787	130343	L26541
u0807	130363	L26542
u0823	130380	L26543
u0826	130383	L26544
u0827	130384	L26545
u0831	130389	L26546
u0862	130423	L26547
u0865	130426	L26548
u0872	130433	L26549
u0888	130449	L26550
u0894	130456	L26551
u0904	130467	L26552
u0909	130472	L26553
u0913	130476	L26554
u0913	130476	L26554
u0919	130482	L26555
u0921	130485	L26556
u0942	130506	L26557
u0961	130526	L26558
u0977	130542	L26559
u0979	130544	L26560
u0982	130548	L26561
u0984	130551	L26562
u0985	130552	L26563
u0985_sc	130553	L26564
u0991	130559	L26565
u0995	130564	L26566
u0997	130566	L26567
u1006	130575	L26568
u1013	130582	L26569
u1017	130586	L26570
u1019	130588	L26571
u1068	130640	L26572
u1073	130645	L26573
u1079	130651	L26574
u1086	130658	L26575
u1091	130663	L26576
u1111	130685	L26577
u1131	130705	L26578
u1148	130725	L26579
u1149	130726	L26580
u1151	130728	L26581
u1152	130729	L26582
u1165	130743	L26583
u1167	130745	L26584
u1168	130746	L26585
u1188	130766	L26586
u1202	130780	L26587
u1211	130789	L26588
u1214	130793	L26589
u1222	130801	L26590
u1227	130805	L26591
u1252	130831	L26592
u1257	130837	L26593
u1266	130847	L26594
u1276	130859	L26595
u1285	130868	L26596
u1297	130882	L26597
u1299	130884	L26598
u1302	130888	L26599
u1305	130891	L26600
u1310	130897	L26601
u1317	130904	L26602
u1333	130924	L26603
u1353	130944	L26604
u1363	130954	L26605
u1370	130961	L26606
u1377	130968	L26607
u1380	130971	L26608
u1393	130983	L26609
u7247	131021	L26610
u9015	131033	L26611
u9158	131039	L26612
u9161	131042	L26613
u9162	131043	L26614
u9332	131052	L26615
u9366	131060	L26616
u9490	131068	L26617
u9545	131072	L26618
u9573	131073	L26619
u9574	131074	L26620
u9635	131087	L26621
u9720	131089	L26622
z0009	131194	L26623
z0026	131215	L26624
z0027	131216	L26625
z0028	131217	L26626
i0574	106616	L26627
i0574	106616	L26627
p7113	120741	L26628
p7113	120741	L26628
t1033	128631	L26629
t1033	128631	L26629
f1096	103923	L26630
f1096	103923	L26630
o0877	115124	L26631
o0877	115124	L26631
