lexeme	lila_lemma	wikibase_entry
a0010	86835	L10615
a0015	86840	L10616
a0018	86843	L10617
a0021	86847	L10618
a0022	86848	L10619
a0027	86853	L10620
a0030	86856	L10621
a0034	86860	L10622
a0035	86861	L10623
a0038	86865	L10624
a0040	86867	L10625
a0042	86872	L10626
a0043	86873	L10627
a0044	86874	L10628
a0046	86876	L10629
a0047	86877	L10630
a0048	86878	L10631
a0050	86880	L10632
a0050_sc	86881	L10633
a0052	86883	L10634
a0053	86884	L10635
a0061	86893	L10636
a0063	86895	L10637
a0066	86898	L10638
a0067	86899	L10639
a0068	86900	L10640
a0069	86901	L10641
a0072	86904	L10642
a0073	86905	L10643
a0075	86907	L10644
a0077	86909	L10645
a0083	86916	L10646
a0085	86918	L10647
a0089	86922	L10648
a0090	86923	L10649
a0091	86924	L10650
a0097	86930	L10651
a0101	86934	L10652
a0104	86937	L10653
a0105	86938	L10654
a0110	86944	L10655
a0111	86945	L10656
a0113	86948	L10657
a0114	86949	L10658
a0122	86958	L10659
a0125	86961	L10660
a0127	86963	L10661
a0130	86968	L10662
a0133	86971	L10663
a0136	86974	L10664
a0139	86977	L10665
a0140	86978	L10666
a0141	86979	L10667
a0143	86981	L10668
a0144	86982	L10669
a0145	86983	L10670
a0147	86985	L10671
a0149	86987	L10672
a0150	86988	L10673
a0162	87001	L10674
a0164	87003	L10675
a0165	87004	L10676
a0169	87008	L10677
a0172	87011	L10678
a0178	87018	L10679
a0179	87019	L10680
a0187	87027	L10681
a0188	87028	L10682
a0192	87032	L10683
a0193	87033	L10684
a0195	87035	L10685
a0196	87036	L10686
a0199	87039	L10687
a0200	87040	L10688
a0209	87050	L10689
a0212	87053	L10690
a0217	87058	L10691
a0236	87079	L10692
a0237	87080	L10693
a0238	87081	L10694
a0243	87087	L10695
a0245	87089	L10696
a0247	87091	L10697
a0257	87101	L10698
a0258	87102	L10699
a0266	87110	L10700
a0268	87112	L10701
a0269	87113	L10702
a0272	87116	L10703
a0274	87118	L10704
a0275	87119	L10705
a0278	87122	L10706
a0281	87125	L10707
a0283	87127	L10708
a0284	87128	L10709
a0288	87132	L10710
a0291	87136	L10711
a0294	87139	L10712
a0300	87145	L10713
a0301	87146	L10714
a0303	87148	L10715
a0311	87156	L10716
a0313	87158	L10717
a0314	87159	L10718
a0317	87162	L10719
a0320	87165	L10720
a0321	87166	L10721
a0328	87174	L10722
a0329	87175	L10723
a0331	87177	L10724
a0333	87179	L10725
a0333_sc	87180	L10726
a0342	87190	L10727
a0352	87200	L10728
a0354	87202	L10729
a0358	87208	L10730
a0358_sc	87209	L10731
a0400	87254	L10732
a0445	87306	L10733
a0463	87326	L10734
a0464	87327	L10735
a0471	87336	L10736
a0483	87348	L10737
a0485	87350	L10738
a0486	87351	L10739
a0487	87352	L10740
a0491	87356	L10741
a0492	87357	L10742
a0498	87363	L10743
a0500	87365	L10744
a0501	87366	L10745
a0502	87367	L10746
a0505	87370	L10747
a0506	87372	L10748
a0508	87374	L10749
a0509	87375	L10750
a0511	87377	L10751
a0512	87378	L10752
a0513	87379	L10753
a0516	87382	L10754
a0517	87383	L10755
a0518	87384	L10756
a0519	87385	L10757
a0521	87387	L10758
a0522	87388	L10759
a0525	87391	L10760
a0526	87392	L10761
a0527	87393	L10762
a0530	87396	L10763
a0535	87401	L10764
a0536	87402	L10765
a0537	87404	L10766
a0537_sc	87403	L10767
a0541	87409	L10768
a0542	87410	L10769
a0545	87413	L10770
a0546	87414	L10771
a0553	87421	L10772
a0556	87424	L10773
a0557	87425	L10774
a0559	87427	L10775
a0561	87429	L10776
a0564	87432	L10777
a0565	87433	L10778
a0567	87435	L10779
a0573	87441	L10780
a0574	87442	L10781
a0577	87445	L10782
a0585	87453	L10783
a0586	87454	L10784
a0588	87456	L10785
a0589	87457	L10786
a0592	87460	L10787
a0593	87461	L10788
a0594	87462	L10789
a0595	87463	L10790
a0596	87464	L10791
a0597	87465	L10792
a0598	87466	L10793
a0599	87467	L10794
a0600	87468	L10795
a0603	87471	L10796
a0607	87476	L10797
a0614	87484	L10798
a0615	87485	L10799
a0617	87487	L10800
a0618	87488	L10801
a0623	87493	L10802
a0628	87498	L10803
a0639	87510	L10804
a0640	87511	L10805
a0641	87512	L10806
a0643	87514	L10807
a0645	87516	L10808
a0646	87517	L10809
a0647	87518	L10810
a0648	87519	L10811
a0653	87525	L10812
a0662	87535	L10813
a0668	87542	L10814
a0669	87543	L10815
a0676	87551	L10816
a0679	87554	L10817
a0680	87556	L10818
a0682	87558	L10819
a0683	87559	L10820
a0684	87560	L10821
a0690	87566	L10822
a0693	87569	L10823
a0694	87570	L10824
a0695	87571	L10825
a0697	87574	L10826
a0698	87575	L10827
a0699	87576	L10828
a0700	87577	L10829
a0701	87578	L10830
a0703	87580	L10831
a0704	87581	L10832
a0707	87584	L10833
a0708	87585	L10834
a0709	87586	L10835
a0716	87594	L10836
a0717	87595	L10837
a0718	87596	L10838
a0719	87597	L10839
a0721	87599	L10840
a0722	87600	L10841
a0723	87601	L10842
a0724	87602	L10843
a0729	87607	L10844
a0730	87608	L10845
a0732	87610	L10846
a0733	87611	L10847
a0740	87620	L10848
a0748	87628	L10849
a0751	87632	L10850
a0752	87633	L10851
a0753	87634	L10852
a0754	87635	L10853
a0757	87638	L10854
a0758	87639	L10855
a0759	87640	L10856
a0760	87641	L10857
a0761	87642	L10858
a0764	87645	L10859
a0766	87647	L10860
a0768	87649	L10861
a0770	87652	L10862
a0772	87654	L10863
a0774	87657	L10864
a0777	87661	L10865
a0780	87664	L10866
a0781	87665	L10867
a0792	87676	L10868
a0793	87677	L10869
a0796	87682	L10870
a0797	87683	L10871
a0799	87685	L10872
a0800	87686	L10873
a0807	87693	L10874
a0809	87695	L10875
a0810	87697	L10876
a0811	87698	L10877
a0820	87710	L10878
a0822	87712	L10879
a0829	87719	L10880
a0831	87721	L10881
a0832	87722	L10882
a0833	87723	L10883
a0835	87725	L10884
a0836	87726	L10885
a0841	87732	L10886
a0852	87744	L10887
a0860	87752	L10888
a0862	87755	L10889
a0880	87780	L10890
a0880_sc	87781	L10891
a0890	87792	L10892
a0900	87804	L10893
a0940	87847	L10894
a0951	87859	L10895
a0961	87869	L10896
a0985	87899	L10897
a0994	87908	L10898
a1003	87917	L10899
a1014	87928	L10900
a1025	87940	L10901
a1028	87943	L10902
a1034	87951	L10903
a1042	87960	L10904
a1054	87974	L10905
a1064	87985	L10906
a1076	87998	L10907
a1080	88002	L10908
a1081	88003	L10909
a1084	88006	L10910
a1085	88007	L10911
a1087	88009	L10912
a1093	88015	L10913
a1098	88020	L10914
a1099	88021	L10915
a1101	88023	L10916
a1104	88026	L10917
a1105	88027	L10918
a1108	88030	L10919
a1111	88033	L10920
a1112	88034	L10921
a1113	88035	L10922
a1115	88037	L10923
a1117	88039	L10924
a1118	88040	L10925
a1119	88041	L10926
a1120	88042	L10927
a1122	88044	L10928
a1139	88063	L10929
a1140	88064	L10930
a1141	88065	L10931
a1142	88066	L10932
a1144	88068	L10933
a1149	88073	L10934
a1150	88074	L10935
a1152	88076	L10936
a1154	88078	L10937
a1156	88080	L10938
a1157	88081	L10939
a1158	88083	L10940
a1164	88091	L10941
a1169	88096	L10942
a1176	88103	L10943
a1188	88116	L10944
a1208	88140	L10945
a1216	88152	L10946
a1236	88177	L10947
a1250	88191	L10948
a1267	88211	L10949
a1282	88232	L10950
a1285	88236	L10951
a1290	88242	L10952
a1299	88251	L10953
a1333	88293	L10954
a1337	88297	L10955
a1337_sc	88298	L10956
a1359	88326	L10957
a1362	88329	L10958
a1378	88348	L10959
a1379	88349	L10960
a1384	88354	L10961
a1385	88355	L10962
a1386	88356	L10963
a1387	88357	L10964
a1388	88358	L10965
a1390	88360	L10966
a1392	88362	L10967
a1393	88363	L10968
a1398	88368	L10969
a1403	88373	L10970
a1404	88374	L10971
a1408	88378	L10972
a1414	88384	L10973
a1416	88386	L10974
a1418	88389	L10975
a1424	88395	L10976
a1425	88396	L10977
a1426	88397	L10978
a1428	88399	L10979
a1434	88405	L10980
a1436	88407	L10981
a1437	88408	L10982
a1439	88410	L10983
a1440	88411	L10984
a1441	88412	L10985
a1442	88413	L10986
a1457	88429	L10987
a1461	88433	L10988
a1474	88447	L10989
a1476	88449	L10990
a1486	88461	L10991
a1493	88468	L10992
a1495	88470	L10993
a1499	88474	L10994
a1508	88484	L10995
a1527	88503	L10996
a1552	88533	L10997
a1570	88555	L10998
a1571	88556	L10999
a1576	88563	L11000
a1578	88566	L11001
a1579	88567	L11002
a1585	88574	L11003
a1586	88575	L11004
a1590	88579	L11005
a1600	88591	L11006
a1612	88603	L11007
a1622	88613	L11008
a1626	88618	L11009
a1650	88642	L11010
a1653	88645	L11011
a1679	88674	L11012
a1682	88678	L11013
a1684	88680	L11014
a1688	88685	L11015
a1692	88691	L11016
a1694	88693	L11017
a1705	88705	L11018
a1709	88709	L11019
a1712	88713	L11020
a1723	88724	L11021
a1724	88725	L11022
a1752	88756	L11023
a1762	88768	L11024
a1766	88773	L11025
a1772	88779	L11026
a1774	88781	L11027
a1777	88784	L11028
a1786	88793	L11029
a1792	88799	L11030
a1812	88822	L11031
a1874	88891	L11032
a1875	88892	L11033
a1878	88896	L11034
a1895	88914	L11035
a1896	88915	L11036
a1899	88918	L11037
a1919	88943	L11038
a1925	88951	L11039
a1944	88974	L11040
a1951	88982	L11041
a1957	88988	L11042
a1957_sc	88989	L11043
a1971	89009	L11044
a1983	89023	L11045
a2002	89044	L11046
a2009	89053	L11047
a2015	89060	L11048
a2026	89073	L11049
a2041	89089	L11050
a2059	89109	L11051
a2062	89112	L11052
a2065	89117	L11053
a2071	89123	L11054
a2090	89144	L11055
a2112	89168	L11056
a2117	89173	L11057
a2118	89174	L11058
a2124	89180	L11059
a2128	89184	L11060
a2134	89191	L11061
a2135	89192	L11062
a2141	89198	L11063
a2150	89207	L11064
a2157	89214	L11065
a2164	89221	L11066
a2165	89222	L11067
a2176	89233	L11068
a2177	89234	L11069
a2180	89237	L11070
a2183	89241	L11071
a2184	89242	L11072
a2185	89243	L11073
a2225	89287	L11074
a2252	89321	L11075
a2261	89331	L11076
a2270	89342	L11077
a2278	89351	L11078
a2285	89358	L11079
a2299	89372	L11080
a2302	89375	L11081
a2303	89376	L11082
a2317	89391	L11083
a2322	89397	L11084
a2327	89402	L11085
a2364	89449	L11086
a2365	89451	L11087
a2384	89473	L11088
a2395	89485	L11089
a2404	89494	L11090
a2412	89504	L11091
a2417	89509	L11092
a2418	89510	L11093
a2428	89523	L11094
a2439	89534	L11095
a2442	89538	L11096
a2453	89552	L11097
a2460	89559	L11098
a2468	89567	L11099
a2469	89568	L11100
a2473	89572	L11101
a2474	89573	L11102
a2476	89575	L11103
a2480	89579	L11104
a2481	89580	L11105
a2482	89581	L11106
a2485	89584	L11107
a2488	89587	L11108
a2491	89590	L11109
a2494	89593	L11110
a2500	89599	L11111
a2501	89600	L11112
a2510	89610	L11113
a2512	89612	L11114
a2516	89616	L11115
a2517	89617	L11116
a2520	89620	L11117
a2522	89622	L11118
a2526	89626	L11119
a2528	89628	L11120
a2535	89635	L11121
a2538	89638	L11122
a2539	89639	L11123
a2540	89640	L11124
a2542	89642	L11125
a2543	89643	L11126
a2545	89645	L11127
a2546	89646	L11128
a2547	89647	L11129
a2548	89648	L11130
a2553	89654	L11131
a2575	89681	L11132
a2622	89734	L11133
a2658	89779	L11134
a2662	89783	L11135
a2669	89790	L11136
a2683	89806	L11137
a2724	89853	L11138
a2727	89857	L11139
a2763	89896	L11140
a2767	89900	L11141
a2773	89906	L11142
a2777	89911	L11143
a2778	89912	L11144
a2778_sc	89913	L11145
a2806	89944	L11146
a2809	89947	L11147
a2816	89955	L11148
a2834	89974	L11149
a2888	90036	L11150
a2895	90045	L11151
a2901	90052	L11152
a2912	90066	L11153
a2918	90073	L11154
a2919	90074	L11155
a2920	90075	L11156
a2921	90076	L11157
a2924	90079	L11158
a2928	90083	L11159
a2929	90084	L11160
a2956	90114	L11161
a2967	90127	L11162
a2971	90131	L11163
a2978	90138	L11164
a2980	90140	L11165
a3003	90164	L11166
a3016	90180	L11167
a3027	90191	L11168
a3034	90198	L11169
a3068	90236	L11170
a3070	90238	L11171
a3083	90251	L11172
a3084	90252	L11173
a3091	90262	L11174
a3096	90267	L11175
a3101	90273	L11176
a3107	90279	L11177
a3110	90284	L11178
a3116	90292	L11179
a3123	90300	L11180
a3124	90301	L11181
a3134	90312	L11182
a3135	90313	L11183
a3137	90315	L11184
a3140	90320	L11185
a3141	90321	L11186
a3147	90327	L11187
a3154	90335	L11188
a3155	90336	L11189
a3156	90337	L11190
a3157	90338	L11191
a3159	90340	L11192
a3160	90342	L11193
a3162	90344	L11194
a3168	90350	L11195
a3169	90351	L11196
a3170	90352	L11197
a3177	90359	L11198
a3183	90365	L11199
a3184	90366	L11200
a3186	90368	L11201
a3187	90369	L11202
a3188	90370	L11203
a3190	90372	L11204
a3191	90373	L11205
a3192	90374	L11206
a3193	90375	L11207
a3196	90378	L11208
a3201	90383	L11209
a3203	90385	L11210
a3204	90386	L11211
a3209	90391	L11212
a3210	90392	L11213
a3212	90394	L11214
a3213	90395	L11215
a3229	90412	L11216
a3237	90421	L11217
a3238	90422	L11218
a3239	90423	L11219
a3247	90432	L11220
a3249	90434	L11221
a3253	90438	L11222
a3255	90441	L11223
a3259	90445	L11224
a3276	90465	L11225
a3280	90469	L11226
a3329	90522	L11227
a3334	90527	L11228
a3337	90530	L11229
a3339	90532	L11230
a3344	90537	L11231
a3345	90538	L11232
a3346	90539	L11233
a3351	90544	L11234
a3352	90545	L11235
a3355	90548	L11236
a3358	90551	L11237
a3361	90554	L11238
a3363	90556	L11239
a3365	90558	L11240
a3366	90559	L11241
a3368	90561	L11242
a3369	90562	L11243
a3370	90563	L11244
a3372	90565	L11245
a3373	90566	L11246
a3376	90569	L11247
a3379	90572	L11248
a3380	90573	L11249
a3381	90574	L11250
a3385	90578	L11251
a3386	90580	L11252
a3388	90582	L11253
a3389	90583	L11254
a3400	90596	L11255
a3406	90602	L11256
a3412	90610	L11257
a3413	90611	L11258
a3416	90614	L11259
a3423	90622	L11260
a3432	90632	L11261
a3437	90638	L11262
a3440	90641	L11263
a3443	90644	L11264
a3448	90650	L11265
a3450	90652	L11266
a3451	90653	L11267
a3455	90657	L11268
a3456	90658	L11269
a3457	90659	L11270
a3463	90665	L11271
a3465	90667	L11272
a3468	90670	L11273
a3470	90672	L11274
a3471	90673	L11275
a3472	90674	L11276
a3478	90680	L11277
a3490	90694	L11278
a3491	90695	L11279
a3497	90703	L11280
a3525	90736	L11281
a3527	90738	L11282
a3540	90753	L11283
a3566	90781	L11284
a3574	90790	L11285
a3577	90793	L11286
a3577_sc	90794	L11287
a3580	90797	L11288
a3593	90811	L11289
a3624	90851	L11290
a3627	90854	L11291
a3630	90857	L11292
a3642	90872	L11293
a3657	90887	L11294
a3716	90916	L11295
a6471	90971	L11296
a7005	90975	L11297
a7061	90977	L11298
a7118	90980	L11299
a7990	90993	L11300
a8068	90996	L11301
a8138	91003	L11302
a8662	91016	L11303
a9041	91077	L11304
a9053	91081	L11305
a9091	91082	L11306
a9270	91118	L11307
a9271	91119	L11308
a9311	91120	L11309
a9959	91142	L11310
a9961	91144	L11311
a9962	91145	L11312
a9967	91150	L11313
b0022	91209	L11314
b0029	91220	L11315
b0037	91230	L11316
b0046	91239	L11317
b0057	91250	L11318
b0061	91254	L11319
b0074	91269	L11320
b0086	91284	L11321
b0094	91292	L11322
b0112	91313	L11323
b0119	91323	L11324
b0126	91333	L11325
b0128	91335	L11326
b0132	91339	L11327
b0146	91353	L11328
b0168	91381	L11329
b0179	91392	L11330
b0191	91404	L11331
b0193	91407	L11332
b0203	91418	L11333
b0209	91424	L11334
b0231	91446	L11335
b0234	91450	L11336
b0241	91458	L11337
b0276	91495	L11338
b0278	91497	L11339
b0290	91511	L11340
b0311	91532	L11341
b0367	91596	L11342
b0436	91673	L11343
b0440	91677	L11344
b0449	91686	L11345
b0462	91701	L11346
b0473	91714	L11347
b0479	91720	L11348
b0513	91755	L11349
b0514	91756	L11350
b0515	91757	L11351
b0519	91761	L11352
b0539	91784	L11353
b0550	91796	L11354
b0575	91825	L11355
b0598	91850	L11356
b0629	91882	L11357
b0653	91907	L11358
b0662	91917	L11359
b0669	91925	L11360
b0672	91928	L11361
b0696	91951	L11362
b0726	91983	L11363
b0730	91987	L11364
b0731	91988	L11365
b0733	91990	L11366
b0765	92026	L11367
b0775	92038	L11368
b0793	92060	L11369
b9075	92081	L11370
b9256	92087	L11371
b9257	92088	L11372
b9258	92089	L11373
b9270	92091	L11374
b9515	92098	L11375
c0005	92120	L11376
c0012	92127	L11377
c0017	92132	L11378
c0029	92144	L11379
c0035	92151	L11380
c0036	92152	L11381
c0048	92164	L11382
c0051	92167	L11383
c0055	92172	L11384
c0061	92179	L11385
c0078	92201	L11386
c0079	92202	L11387
c0081	92205	L11388
c0083	92207	L11389
c0104	92228	L11390
c0108	92234	L11391
c0122	92248	L11392
c0142	92268	L11393
c0151	92278	L11394
c0155	92283	L11395
c0193	92327	L11396
c0200	92334	L11397
c0203	92337	L11398
c0209	92343	L11399
c0215	92351	L11400
c0218	92354	L11401
c0222	92358	L11402
c0227	92363	L11403
c0230	92366	L11404
c0237	92375	L11405
c0240	92378	L11406
c0250	92390	L11407
c0271	92413	L11408
c0272	92414	L11409
c0283	92426	L11410
c0289	92432	L11411
c0289_sc	92433	L11412
c0296	92443	L11413
c0298	92445	L11414
c0299	92448	L11415
c0310	92460	L11416
c0311	92461	L11417
c0324	92474	L11418
c0335	92491	L11419
c0344	92500	L11420
c0372	92531	L11421
c0376	92535	L11422
c0376_sc	92536	L11423
c0381	92541	L11424
c0382	92542	L11425
c0386	92547	L11426
c0388	92550	L11427
c0392	92554	L11428
c0395	92559	L11429
c0400	92564	L11430
c0400_sc	92565	L11431
c0405	92570	L11432
c0428	92600	L11433
c0432	92607	L11434
c0462	92641	L11435
c0464	92643	L11436
c0466	92645	L11437
c0470	92649	L11438
c0481	92662	L11439
c0484	92666	L11440
c0492	92676	L11441
c0500	92686	L11442
c0505	92691	L11443
c0545	92739	L11444
c0552	92749	L11445
c0573	92772	L11446
c0580	92779	L11447
c0582	92784	L11448
c0589	92792	L11449
c0601	92810	L11450
c0604	92813	L11451
c0612	92822	L11452
c0627	92838	L11453
c0637	92848	L11454
c0646	92857	L11455
c0660	92872	L11456
c0675	92891	L11457
c0680	92896	L11458
c0705	92924	L11459
c0747	92973	L11460
c0757	92984	L11461
c0758	92985	L11462
c0770	93002	L11463
c0776	93008	L11464
c0796	93033	L11465
c0816	93056	L11466
c0836	93077	L11467
c0864	93107	L11468
c0877	93122	L11469
c0898	93144	L11470
c0905	93153	L11471
c0910	93159	L11472
c0917	93166	L11473
c0921	93171	L11474
c0943	93194	L11475
c0948	93199	L11476
c0949	93200	L11477
c0954	93206	L11478
c0966	93221	L11479
c0980	93236	L11480
c0987	93245	L11481
c0993	93251	L11482
c1007	93265	L11483
c1009	93267	L11484
c1012	93271	L11485
c1017	93279	L11486
c1019	93281	L11487
c1031	93298	L11488
c1048	93318	L11489
c1049	93319	L11490
c1059	93331	L11491
c1078	93353	L11492
c1101	93376	L11493
c1102	93377	L11494
c1107	93382	L11495
c1119	93395	L11496
c1133	93415	L11497
c1135	93419	L11498
c1163	93450	L11499
c1169	93458	L11500
c1235	93533	L11501
c1244	93546	L11502
c1245	93547	L11503
c1246	93548	L11504
c1248	93551	L11505
c1250	93554	L11506
c1269	93574	L11507
c1270	93575	L11508
c1271	93576	L11509
c1271_sc	93576	L11510
c1274	93580	L11511
c1303	93611	L11512
c1320	93633	L11513
c1390	93708	L11514
c1395	93714	L11515
c1411	93733	L11516
c1430	93756	L11517
c1511	93851	L11518
c1512	93852	L11519
c1535	93878	L11520
c1574	93923	L11521
c1579	93930	L11522
c1599	93951	L11523
c1604	93958	L11524
c1613	93968	L11525
c1625	93980	L11526
c1645	94004	L11527
c1651	94012	L11528
c1677	94044	L11529
c1682	94049	L11530
c1686	94054	L11531
c1693	94063	L11532
c1697	94068	L11533
c1698	94069	L11534
c1699	94070	L11535
c1700	94071	L11536
c1701	94072	L11537
c1702	94073	L11538
c1703	94074	L11539
c1704	94075	L11540
c1705	94076	L11541
c1707	94078	L11542
c1708	94079	L11543
c1712	94083	L11544
c1714	94085	L11545
c1719	94090	L11546
c1724	94095	L11547
c1725	94096	L11548
c1727	94098	L11549
c1729	94100	L11550
c1730	94101	L11551
c1732	94103	L11552
c1734	94105	L11553
c1735	94106	L11554
c1736	94107	L11555
c1737	94108	L11556
c1742	94113	L11557
c1743	94114	L11558
c1744	94115	L11559
c1745	94116	L11560
c1746	94117	L11561
c1747	94118	L11562
c1748	94119	L11563
c1749	94120	L11564
c1750	94121	L11565
c1753	94124	L11566
c1754	94125	L11567
c1756	94127	L11568
c1758	94129	L11569
c1762	94133	L11570
c1763	94134	L11571
c1764	94135	L11572
c1765	94136	L11573
c1768	94139	L11574
c1769	94140	L11575
c1771	94142	L11576
c1772	94143	L11577
c1773	94144	L11578
c1774	94145	L11579
c1777	94148	L11580
c1778	94149	L11581
c1781	94152	L11582
c1782	94153	L11583
c1785	94156	L11584
c1786	94157	L11585
c1787	94158	L11586
c1792	94163	L11587
c1794	94165	L11588
c1795	94167	L11589
c1797	94169	L11590
c1798	94170	L11591
c1802	94175	L11592
c1803	94176	L11593
c1804	94177	L11594
c1805	94178	L11595
c1808	94181	L11596
c1809	94183	L11597
c1810	94184	L11598
c1811	94185	L11599
c1812	94186	L11600
c1813	94187	L11601
c1814	94188	L11602
c1819	94193	L11603
c1820	94194	L11604
c1821	94195	L11605
c1822	94196	L11606
c1823	94197	L11607
c1826	94200	L11608
c1828	94202	L11609
c1831	94205	L11610
c1832	94207	L11611
c1833	94208	L11612
c1834	94209	L11613
c1835	94210	L11614
c1838	94213	L11615
c1839	94214	L11616
c1840	94215	L11617
c1842	94217	L11618
c1844	94219	L11619
c1845	94220	L11620
c1846	94221	L11621
c1847	94222	L11622
c1848	94223	L11623
c1849	94224	L11624
c1850	94225	L11625
c1851	94226	L11626
c1853	94228	L11627
c1854	94229	L11628
c1855	94230	L11629
c1856	94231	L11630
c1859	94234	L11631
c1862	94238	L11632
c1863	94239	L11633
c1865	94241	L11634
c1866	94242	L11635
c1867	94243	L11636
c1869	94246	L11637
c1870	94247	L11638
c1875	94252	L11639
c1877	94254	L11640
c1878	94255	L11641
c1879	94256	L11642
c1880	94257	L11643
c1881	94258	L11644
c1883	94260	L11645
c1888	94265	L11646
c1890	94267	L11647
c1891	94268	L11648
c1892	94269	L11649
c1893	94270	L11650
c1894	94271	L11651
c1896	94273	L11652
c1897	94274	L11653
c1898	94275	L11654
c1899	94276	L11655
c1900	94277	L11656
c1901	94278	L11657
c1903	94281	L11658
c1904	94282	L11659
c1905	94283	L11660
c1907	94285	L11661
c1908	94286	L11662
c1909	94287	L11663
c1910	94288	L11664
c1911	94289	L11665
c1912	94290	L11666
c1914	94292	L11667
c1916	94294	L11668
c1917	94296	L11669
c1918	94297	L11670
c1920	94299	L11671
c1921	94300	L11672
c1925	94304	L11673
c1927	94306	L11674
c1928	94307	L11675
c1929	94308	L11676
c1930	94309	L11677
c1931	94310	L11678
c1933	94312	L11679
c1934	94313	L11680
c1935	94314	L11681
c1936	94315	L11682
c1938	94317	L11683
c1986	94372	L11684
c1991	94378	L11685
c2018	94410	L11686
c2019	94411	L11687
c2027	94419	L11688
c2030	94422	L11689
c2030_sc	94423	L11690
c2031	94424	L11691
c2033	94426	L11692
c2037	94430	L11693
c2038	94431	L11694
c2044	94437	L11695
c2054	94451	L11696
c2058	94457	L11697
c2060	94461	L11698
c2072	94473	L11699
c2089	94490	L11700
c2092	94493	L11701
c2097	94498	L11702
c2115	94516	L11703
c2117	94519	L11704
c2121	94523	L11705
c2137	94542	L11706
c2139	94544	L11707
c2140	94545	L11708
c2143	94548	L11709
c2145	94551	L11710
c2160	94568	L11711
c2162	94570	L11712
c2176	94585	L11713
c2177	94586	L11714
c2185	94595	L11715
c2189	94599	L11716
c2191	94601	L11717
c2192	94602	L11718
c2193	94603	L11719
c2196	94606	L11720
c2198	94608	L11721
c2199	94609	L11722
c2201	94611	L11723
c2202	94612	L11724
c2206	94617	L11725
c2209	94620	L11726
c2210	94621	L11727
c2212	94623	L11728
c2217	94628	L11729
c2219	94630	L11730
c2222	94633	L11731
c2224	94635	L11732
c2228	94639	L11733
c2229	94640	L11734
c2232	94643	L11735
c2234	94645	L11736
c2235	94646	L11737
c2240	94651	L11738
c2241	94652	L11739
c2262	94676	L11740
c2268	94682	L11741
c2280	94694	L11742
c2281	94695	L11743
c2285	94699	L11744
c2286	94700	L11745
c2287	94701	L11746
c2290	94704	L11747
c2293	94707	L11748
c2294	94708	L11749
c2304	94718	L11750
c2320	94736	L11751
c2322	94738	L11752
c2323	94739	L11753
c2326	94742	L11754
c2327	94743	L11755
c2330	94746	L11756
c2333	94749	L11757
c2334	94750	L11758
c2341	94758	L11759
c2343	94760	L11760
c2344	94761	L11761
c2346	94763	L11762
c2349	94766	L11763
c2350	94767	L11764
c2353	94772	L11765
c2361	94782	L11766
c2365	94786	L11767
c2366	94787	L11768
c2367	94788	L11769
c2368	94789	L11770
c2369	94790	L11771
c2370	94791	L11772
c2371	94792	L11773
c2373	94795	L11774
c2376	94799	L11775
c2377	94800	L11776
c2381	94807	L11777
c2386	94813	L11778
c2390	94817	L11779
c2391	94818	L11780
c2403	94831	L11781
c2413	94842	L11782
c2414	94843	L11783
c2418	94847	L11784
c2421	94850	L11785
c2425	94854	L11786
c2429	94859	L11787
c2430	94860	L11788
c2432	94862	L11789
c2434	94865	L11790
c2435	94866	L11791
c2436	94867	L11792
c2441	94872	L11793
c2442	94873	L11794
c2446	94877	L11795
c2447	94878	L11796
c2448	94879	L11797
c2451	94882	L11798
c2453	94884	L11799
c2455	94886	L11800
c2457	94890	L11801
c2458	94891	L11802
c2465	94898	L11803
c2467	94900	L11804
c2479	94915	L11805
c2480	94916	L11806
c2507	94947	L11807
c2511	94952	L11808
c2527	94973	L11809
c2556	95008	L11810
c2560	95012	L11811
c2563	95015	L11812
c2565	95017	L11813
c2566	95018	L11814
c2569	95021	L11815
c2592	95046	L11816
c2595	95052	L11817
c2598	95055	L11818
c2600	95057	L11819
c2601	95058	L11820
c2603	95060	L11821
c2604	95061	L11822
c2605	95062	L11823
c2607	95065	L11824
c2608	95066	L11825
c2609	95067	L11826
c2614	95072	L11827
c2614_sc	95073	L11828
c2615	95074	L11829
c2618	95077	L11830
c2619	95078	L11831
c2622	95081	L11832
c2627	95086	L11833
c2629	95088	L11834
c2631	95090	L11835
c2637	95097	L11836
c2645	95106	L11837
c2655	95118	L11838
c2656	95120	L11839
c2658	95122	L11840
c2660	95124	L11841
c2662	95126	L11842
c2663	95128	L11843
c2664	95129	L11844
c2665	95130	L11845
c2668	95133	L11846
c2671	95136	L11847
c2677	95143	L11848
c2678	95144	L11849
c2679	95145	L11850
c2682	95148	L11851
c2686	95152	L11852
c2689	95156	L11853
c2694	95163	L11854
c2704	95173	L11855
c2710	95181	L11856
c2711	95182	L11857
c2712	95183	L11858
c2713	95184	L11859
c2714	95185	L11860
c2719	95192	L11861
c2722	95195	L11862
c2723	95196	L11863
c2724	95198	L11864
c2725	95199	L11865
c2731	95205	L11866
c2733	95207	L11867
c2734	95208	L11868
c2735	95209	L11869
c2736	95210	L11870
c2737	95211	L11871
c2739	95213	L11872
c2745	95220	L11873
c2753	95229	L11874
c2756	95232	L11875
c2757	95233	L11876
c2758	95234	L11877
c2765	95242	L11878
c2776	95253	L11879
c2778	95255	L11880
c2785	95262	L11881
c2786	95263	L11882
c2789	95266	L11883
c2790	95267	L11884
c2791	95268	L11885
c2797	95276	L11886
c2802	95281	L11887
c2803	95282	L11888
c2805	95284	L11889
c2811	95290	L11890
c2813	95294	L11891
c2816	95297	L11892
c2819	95300	L11893
c2824	95305	L11894
c2832	95314	L11895
c2839	95321	L11896
c2840	95322	L11897
c2841	95323	L11898
c2842	95324	L11899
c2847	95331	L11900
c2848	95332	L11901
c2851	95335	L11902
c2853	95337	L11903
c2854	95339	L11904
c2856	95341	L11905
c2865	95351	L11906
c2869	95355	L11907
c2871	95357	L11908
c2872	95358	L11909
c2880	95366	L11910
c2881	95367	L11911
c2885	95371	L11912
c2894	95380	L11913
c2899	95385	L11914
c2902	95388	L11915
c2904	95390	L11916
c2909	95395	L11917
c2912	95398	L11918
c2918	95404	L11919
c2922	95408	L11920
c2925	95411	L11921
c2927	95413	L11922
c2931	95417	L11923
c2932	95418	L11924
c2933	95419	L11925
c2943	95429	L11926
c2944	95430	L11927
c2947	95433	L11928
c2949	95435	L11929
c2949_sc	95436	L11930
c2951	95438	L11931
c2952	95439	L11932
c2954	95441	L11933
c2955	95442	L11934
c2956	95443	L11935
c2960	95447	L11936
c2961	95448	L11937
c2963	95450	L11938
c2966	95453	L11939
c2968	95456	L11940
c2969	95457	L11941
c2972	95460	L11942
c2977	95465	L11943
c2983	95471	L11944
c2986	95475	L11945
c2987	95476	L11946
c2992	95483	L11947
c2996	95487	L11948
c3010	95501	L11949
c3011	95502	L11950
c3020	95512	L11951
c3023	95515	L11952
c3030	95522	L11953
c3032	95524	L11954
c3033	95525	L11955
c3034	95526	L11956
c3042	95535	L11957
c3046	95539	L11958
c3047	95540	L11959
c3051	95545	L11960
c3059	95553	L11961
c3060	95554	L11962
c3066	95561	L11963
c3070	95565	L11964
c3072	95567	L11965
c3073	95568	L11966
c3074	95569	L11967
c3077	95572	L11968
c3078	95573	L11969
c3080	95575	L11970
c3081	95576	L11971
c3082	95577	L11972
c3084	95579	L11973
c3085	95580	L11974
c3087	95582	L11975
c3088	95583	L11976
c3099	95595	L11977
c3101	95597	L11978
c3103	95599	L11979
c3105	95601	L11980
c3112	95608	L11981
c3113	95609	L11982
c3118	95615	L11983
c3119	95616	L11984
c3120	95617	L11985
c3124	95621	L11986
c3125	95622	L11987
c3128	95625	L11988
c3130	95627	L11989
c3132	95629	L11990
c3136	95633	L11991
c3137	95634	L11992
c3141	95638	L11993
c3143	95640	L11994
c3146	95643	L11995
c3147	95644	L11996
c3154	95651	L11997
c3162	95661	L11998
c3165	95665	L11999
c3174	95677	L12000
c3175	95678	L12001
c3176	95679	L12002
c3178	95681	L12003
c3178_sc	95682	L12004
c3179	95683	L12005
c3182	95686	L12006
c3183	95688	L12007
c3183_sc	95687	L12008
c3186	95691	L12009
c3193	95698	L12010
c3196	95701	L12011
c3198	95703	L12012
c3201	95706	L12013
c3204	95709	L12014
c3207	95712	L12015
c3213	95718	L12016
c3220	95726	L12017
c3221	95727	L12018
c3222	95728	L12019
c3223	95729	L12020
c3226	95732	L12021
c3227	95733	L12022
c3227_sc	95734	L12023
c3234	95742	L12024
c3235	95743	L12025
c3237	95745	L12026
c3241	95749	L12027
c3242	95750	L12028
c3244	95752	L12029
c3246	95754	L12030
c3247	95755	L12031
c3256	95765	L12032
c3258	95767	L12033
c3260	95769	L12034
c3263	95772	L12035
c3264	95773	L12036
c3267	95776	L12037
c3268	95777	L12038
c3273	95783	L12039
c3278	95788	L12040
c3281	95791	L12041
c3282	95792	L12042
c3283	95793	L12043
c3284	95794	L12044
c3286	95796	L12045
c3289	95799	L12046
c3291	95801	L12047
c3293	95803	L12048
c3296	95806	L12049
c3301	95811	L12050
c3303	95813	L12051
c3305	95815	L12052
c3306	95816	L12053
c3307	95817	L12054
c3312	95822	L12055
c3313	95823	L12056
c3316	95826	L12057
c3317	95827	L12058
c3318	95828	L12059
c3319	95829	L12060
c3320	95830	L12061
c3323	95833	L12062
c3325	95835	L12063
c3326	95836	L12064
c3327	95837	L12065
c3328	95838	L12066
c3329	95839	L12067
c3337	95847	L12068
c3338	95848	L12069
c3339	95849	L12070
c3340	95850	L12071
c3341	95851	L12072
c3343	95853	L12073
c3345	95855	L12074
c3346	95856	L12075
c3348	95858	L12076
c3351	95861	L12077
c3355	95866	L12078
c3359	95870	L12079
c3360	95871	L12080
c3366	95877	L12081
c3370	95883	L12082
c3371	95884	L12083
c3374	95887	L12084
c3376	95889	L12085
c3377	95890	L12086
c3379	95892	L12087
c3383	95896	L12088
c3385	95898	L12089
c3386	95899	L12090
c3393	95906	L12091
c3400	95913	L12092
c3402	95915	L12093
c3403	95916	L12094
c3404	95917	L12095
c3411	95925	L12096
c3418	95932	L12097
c3419	95933	L12098
c3420	95934	L12099
c3428	95943	L12100
c3435	95951	L12101
c3440	95956	L12102
c3442	95958	L12103
c3444	95960	L12104
c3446	95962	L12105
c3448	95964	L12106
c3449	95965	L12107
c3451	95967	L12108
c3452	95968	L12109
c3454	95970	L12110
c3455	95971	L12111
c3456	95972	L12112
c3460	95976	L12113
c3461	95977	L12114
c3463	95979	L12115
c3464	95980	L12116
c3467	95985	L12117
c3468	95986	L12118
c3469	95987	L12119
c3470	95988	L12120
c3471	95989	L12121
c3472	95990	L12122
c3473	95991	L12123
c3475	95993	L12124
c3476	95994	L12125
c3479	95997	L12126
c3480	95998	L12127
c3481	95999	L12128
c3484	96002	L12129
c3489	96008	L12130
c3496	96016	L12131
c3499	96019	L12132
c3500	96020	L12133
c3506	96026	L12134
c3510	96030	L12135
c3512	96033	L12136
c3514	96035	L12137
c3515	96036	L12138
c3516	96037	L12139
c3517	96038	L12140
c3526	96048	L12141
c3528	96050	L12142
c3532	96054	L12143
c3536	96058	L12144
c3540	96062	L12145
c3541	96063	L12146
c3543	96065	L12147
c3549	96071	L12148
c3555	96078	L12149
c3568	96095	L12150
c3569	96097	L12151
c3570	96098	L12152
c3571	96099	L12153
c3573	96101	L12154
c3575	96104	L12155
c3581	96110	L12156
c3583	96112	L12157
c3588	96117	L12158
c3590	96120	L12159
c3593	96123	L12160
c3595	96125	L12161
c3596	96126	L12162
c3597	96127	L12163
c3599	96129	L12164
c3601	96131	L12165
c3602	96132	L12166
c3603	96133	L12167
c3604	96134	L12168
c3605	96135	L12169
c3610	96140	L12170
c3611	96141	L12171
c3615	96145	L12172
c3616	96146	L12173
c3620	96151	L12174
c3622	96153	L12175
c3625	96156	L12176
c3626	96157	L12177
c3628	96159	L12178
c3629	96160	L12179
c3632	96163	L12180
c3633	96164	L12181
c3635	96167	L12182
c3637	96169	L12183
c3641	96173	L12184
c3642	96174	L12185
c3643	96175	L12186
c3644	96176	L12187
c3656	96192	L12188
c3658	96194	L12189
c3662	96198	L12190
c3664	96200	L12191
c3666	96202	L12192
c3670	96206	L12193
c3671	96207	L12194
c3673	96209	L12195
c3683	96219	L12196
c3686	96222	L12197
c3687	96223	L12198
c3688	96224	L12199
c3690	96226	L12200
c3692	96228	L12201
c3701	96239	L12202
c3705	96243	L12203
c3712	96251	L12204
c3713	96252	L12205
c3715	96254	L12206
c3716	96255	L12207
c3720	96259	L12208
c3721	96260	L12209
c3722	96261	L12210
c3725	96266	L12211
c3726	96267	L12212
c3728	96269	L12213
c3729	96270	L12214
c3731	96272	L12215
c3734	96275	L12216
c3735	96276	L12217
c3736	96277	L12218
c3740	96281	L12219
c3740_sc	96282	L12220
c3746	96288	L12221
c3748	96290	L12222
c3750	96292	L12223
c3751	96293	L12224
c3752	96294	L12225
c3757	96299	L12226
c3765	96307	L12227
c3770	96312	L12228
c3772	96314	L12229
c3774	96316	L12230
c3775	96317	L12231
c3787	96330	L12232
c3792	96336	L12233
c3794	96338	L12234
c3795	96339	L12235
c3799	96343	L12236
c3802	96348	L12237
c3804	96350	L12238
c3805	96351	L12239
c3811	96357	L12240
c3813	96359	L12241
c3813_sc	96360	L12242
c3817	96364	L12243
c3818	96365	L12244
c3820	96367	L12245
c3821	96368	L12246
c3823	96370	L12247
c3829	96376	L12248
c3831	96378	L12249
c3832	96379	L12250
c3833	96380	L12251
c3836	96385	L12252
c3840	96391	L12253
c3842	96393	L12254
c3843	96394	L12255
c3844	96395	L12256
c3847	96398	L12257
c3849	96400	L12258
c3853	96404	L12259
c3854	96405	L12260
c3855	96406	L12261
c3858	96409	L12262
c3859	96410	L12263
c3860	96411	L12264
c3864	96415	L12265
c3867	96418	L12266
c3868	96420	L12267
c3869	96421	L12268
c3870	96422	L12269
c3872	96424	L12270
c3878	96431	L12271
c3879	96432	L12272
c3880	96433	L12273
c3881	96434	L12274
c3883	96436	L12275
c3889	96443	L12276
c3892	96446	L12277
c3894	96448	L12278
c3895	96449	L12279
c3899	96453	L12280
c3901	96456	L12281
c3905	96460	L12282
c3909	96464	L12283
c3911	96466	L12284
c3913	96468	L12285
c3914	96469	L12286
c3915	96470	L12287
c3921	96476	L12288
c3924	96479	L12289
c3926	96482	L12290
c3931	96487	L12291
c3932	96488	L12292
c3933	96489	L12293
c3934	96490	L12294
c3937	96493	L12295
c3938	96494	L12296
c3939	96495	L12297
c3941	96497	L12298
c3951	96508	L12299
c3952	96509	L12300
c3956	96513	L12301
c3962	96520	L12302
c3978	96537	L12303
c3986	96545	L12304
c3990	96549	L12305
c3991	96550	L12306
c3997	96557	L12307
c4015	96578	L12308
c4039	96607	L12309
c4044	96612	L12310
c4078	96654	L12311
c4082	96658	L12312
c4086	96662	L12313
c4093	96669	L12314
c4097	96673	L12315
c4100	96676	L12316
c4101	96677	L12317
c4104	96680	L12318
c4107	96683	L12319
c4109	96685	L12320
c4111	96687	L12321
c4112	96688	L12322
c4116	96692	L12323
c4117	96693	L12324
c4120	96696	L12325
c4122	96698	L12326
c4124	96700	L12327
c4128	96704	L12328
c4130	96706	L12329
c4131	96707	L12330
c4141	96717	L12331
c4162	96738	L12332
c4190	96769	L12333
c4220	96802	L12334
c4226	96809	L12335
c4238	96822	L12336
c4247	96832	L12337
c4249	96834	L12338
c4254	96839	L12339
c4268	96858	L12340
c4279	96869	L12341
c4287	96878	L12342
c4290	96881	L12343
c4297	96888	L12344
c4301	96892	L12345
c4304	96895	L12346
c4307	96898	L12347
c4322	96916	L12348
c4324	96918	L12349
c4331	96925	L12350
c4344	96939	L12351
c4347	96943	L12352
c4354	96951	L12353
c4359	96957	L12354
c4367	96965	L12355
c4369	96967	L12356
c4370	96968	L12357
c4373	96971	L12358
c4390	96990	L12359
c4396	96997	L12360
c4397	96998	L12361
c4412	97016	L12362
c4414	97018	L12363
c4418	97022	L12364
c4430	97037	L12365
c4433	97040	L12366
c4439	97046	L12367
c4442	97049	L12368
c4445	97052	L12369
c4449	97056	L12370
c4453	97060	L12371
c4465	97074	L12372
c4491	97105	L12373
c4494	97109	L12374
c4496	97111	L12375
c4504	97121	L12376
c4521	97139	L12377
c4524	97142	L12378
c4559	97179	L12379
c4561	97182	L12380
c4565	97186	L12381
c4566	97187	L12382
c4568	97189	L12383
c4594	97219	L12384
c4604	97229	L12385
c4622	97248	L12386
c4626	97253	L12387
c4639	97269	L12388
c4656	97287	L12389
c4657	97288	L12390
c4659	97290	L12391
c4673	97304	L12392
c4699	97334	L12393
c4704	97339	L12394
c4712	97348	L12395
c4720	97356	L12396
c4721	97357	L12397
c4726	97362	L12398
c4733	97369	L12399
c4736	97372	L12400
c4743	97380	L12401
c4747	97384	L12402
c4755	97393	L12403
c4769	97408	L12404
c4798	97441	L12405
c4812	97455	L12406
c4816	97459	L12407
c4820	97463	L12408
c4835	97480	L12409
c4857	97506	L12410
c4858	97507	L12411
c4859	97508	L12412
c4860	97509	L12413
c4864	97513	L12414
c6143	97526	L12415
c6524	97533	L12416
c6528	97537	L12417
c6529	97538	L12418
c6643	97546	L12419
c6657	97551	L12420
c7058	97555	L12421
c7146	97559	L12422
c7250	97566	L12423
c7604	97587	L12424
c7677	97589	L12425
c7887	97597	L12426
c7890	97600	L12427
c8040	97606	L12428
c8796	97619	L12429
c9704	97646	L12430
d0035	97894	L12431
d0038	97897	L12432
d0051	97910	L12433
d0066	97926	L12434
d0073	97934	L12435
d0075	97936	L12436
d0076	97937	L12437
d0080	97941	L12438
d0084	97945	L12439
d0085	97946	L12440
d0086	97947	L12441
d0087	97948	L12442
d0088	97949	L12443
d0089	97950	L12444
d0090	97951	L12445
d0093	97954	L12446
d0095	97957	L12447
d0096	97958	L12448
d0100	97962	L12449
d0101	97963	L12450
d0102	97964	L12451
d0106	97969	L12452
d0110	97973	L12453
d0111	97974	L12454
d0112	97975	L12455
d0114	97977	L12456
d0115	97978	L12457
d0118	97981	L12458
d0120	97983	L12459
d0124	97987	L12460
d0128	97992	L12461
d0130	97994	L12462
d0132	97996	L12463
d0135	97999	L12464
d0141	98006	L12465
d0142	98007	L12466
d0143	98008	L12467
d0154	98022	L12468
d0171	98040	L12469
d0177	98047	L12470
d0178	98048	L12471
d0182	98053	L12472
d0186	98057	L12473
d0188	98059	L12474
d0189	98060	L12475
d0199	98071	L12476
d0201	98073	L12477
d0202	98074	L12478
d0204	98077	L12479
d0206	98079	L12480
d0211	98085	L12481
d0212	98086	L12482
d0216	98090	L12483
d0220	98094	L12484
d0224	98101	L12485
d0228	98105	L12486
d0229	98106	L12487
d0232	98109	L12488
d0235	98112	L12489
d0236	98113	L12490
d0243	98124	L12491
d0245	98126	L12492
d0247	98128	L12493
d0252	98133	L12494
d0254	98135	L12495
d0259	98140	L12496
d0260	98141	L12497
d0261	98142	L12498
d0264	98145	L12499
d0265	98146	L12500
d0267	98148	L12501
d0274	98156	L12502
d0279	98161	L12503
d0283	98165	L12504
d0293	98177	L12505
d0295	98179	L12506
d0296	98180	L12507
d0297	98181	L12508
d0303	98187	L12509
d0311	98197	L12510
d0313	98200	L12511
d0314	98201	L12512
d0318	98205	L12513
d0319	98206	L12514
d0320	98207	L12515
d0322	98209	L12516
d0323	98210	L12517
d0330	98219	L12518
d0333	98222	L12519
d0341	98230	L12520
d0342	98231	L12521
d0347	98236	L12522
d0356	98245	L12523
d0358	98247	L12524
d0362	98252	L12525
d0363	98253	L12526
d0365	98255	L12527
d0366	98256	L12528
d0367	98257	L12529
d0368	98258	L12530
d0369	98259	L12531
d0370	98260	L12532
d0371	98261	L12533
d0372	98262	L12534
d0377	98267	L12535
d0378	98268	L12536
d0381	98271	L12537
d0382	98272	L12538
d0383	98273	L12539
d0386	98276	L12540
d0387	98277	L12541
d0390	98281	L12542
d0391	98282	L12543
d0392	98283	L12544
d0396	98287	L12545
d0403	98294	L12546
d0404	98295	L12547
d0408	98299	L12548
d0409	98300	L12549
d0413	98304	L12550
d0414	98305	L12551
d0415	98306	L12552
d0416	98307	L12553
d0418	98309	L12554
d0419	98310	L12555
d0420	98311	L12556
d0422	98314	L12557
d0425	98318	L12558
d0426	98319	L12559
d0427	98320	L12560
d0430	98323	L12561
d0431	98324	L12562
d0432	98325	L12563
d0434	98327	L12564
d0436	98329	L12565
d0438	98331	L12566
d0439	98332	L12567
d0440	98333	L12568
d0441	98334	L12569
d0442	98335	L12570
d0443	98337	L12571
d0444	98338	L12572
d0445	98339	L12573
d0447	98341	L12574
d0448	98342	L12575
d0449	98343	L12576
d0450	98344	L12577
d0451	98345	L12578
d0453	98347	L12579
d0454	98348	L12580
d0456	98350	L12581
d0457	98351	L12582
d0460	98354	L12583
d0461	98355	L12584
d0462	98356	L12585
d0464	98358	L12586
d0468	98362	L12587
d0470	98364	L12588
d0475	98370	L12589
d0476	98371	L12590
d0478	98373	L12591
d0481	98376	L12592
d0484	98380	L12593
d0486	98382	L12594
d0491	98387	L12595
d0497	98394	L12596
d0499	98396	L12597
d0500	98397	L12598
d0502	98399	L12599
d0503	98400	L12600
d0504	98401	L12601
d0505	98402	L12602
d0508	98405	L12603
d0509	98406	L12604
d0510	98407	L12605
d0511	98408	L12606
d0512	98410	L12607
d0514	98412	L12608
d0518	98418	L12609
d0523	98425	L12610
d0529	98431	L12611
d0536	98438	L12612
d0543	98446	L12613
d0544	98447	L12614
d0546	98449	L12615
d0547	98450	L12616
d0553	98459	L12617
d0556	98463	L12618
d0558	98465	L12619
d0563	98470	L12620
d0564	98471	L12621
d0566	98473	L12622
d0567	98474	L12623
d0569	98476	L12624
d0570	98477	L12625
d0571	98478	L12626
d0573	98480	L12627
d0574	98481	L12628
d0577	98484	L12629
d0582	98489	L12630
d0584	98491	L12631
d0585	98492	L12632
d0589	98496	L12633
d0596	98506	L12634
d0597	98508	L12635
d0598	98509	L12636
d0600	98511	L12637
d0601	98512	L12638
d0604	98515	L12639
d0605	98516	L12640
d0606	98517	L12641
d0609	98520	L12642
d0611	98522	L12643
d0615	98526	L12644
d0620	98531	L12645
d0621	98532	L12646
d0622	98533	L12647
d0623	98535	L12648
d0624	98536	L12649
d0626	98538	L12650
d0628	98540	L12651
d0630	98542	L12652
d0632	98544	L12653
d0633	98545	L12654
d0636	98548	L12655
d0639	98551	L12656
d0640	98552	L12657
d0641	98553	L12658
d0653	98568	L12659
d0655	98570	L12660
d0656	98571	L12661
d0657	98572	L12662
d0658	98573	L12663
d0660	98575	L12664
d0661	98576	L12665
d0662	98577	L12666
d0663	98578	L12667
d0665	98580	L12668
d0666	98581	L12669
d0667	98582	L12670
d0671	98586	L12671
d0672	98587	L12672
d0673	98588	L12673
d0677	98593	L12674
d0678	98594	L12675
d0679	98595	L12676
d0680	98596	L12677
d0681	98597	L12678
d0690	98606	L12679
d0694	98610	L12680
d0699	98615	L12681
d0701	98617	L12682
d0704	98620	L12683
d0708	98624	L12684
d0710	98626	L12685
d0711	98627	L12686
d0727	98644	L12687
d0731	98648	L12688
d0734	98651	L12689
d0736	98653	L12690
d0737	98654	L12691
d0743	98660	L12692
d0744	98661	L12693
d0745	98662	L12694
d0746	98663	L12695
d0747	98664	L12696
d0748	98665	L12697
d0751	98668	L12698
d0755	98672	L12699
d0758	98675	L12700
d0759	98676	L12701
d0760	98677	L12702
d0762	98679	L12703
d0765	98682	L12704
d0767	98684	L12705
d0769	98686	L12706
d0771	98689	L12707
d0772	98690	L12708
d0773	98691	L12709
d0774	98692	L12710
d0775	98693	L12711
d0778	98696	L12712
d0780	98698	L12713
d0782	98700	L12714
d0785	98703	L12715
d0789	98708	L12716
d0790	98709	L12717
d0792	98711	L12718
d0793	98712	L12719
d0796	98715	L12720
d0797	98716	L12721
d0798	98717	L12722
d0799	98718	L12723
d0800	98719	L12724
d0802	98721	L12725
d0807	98726	L12726
d0810	98729	L12727
d0811	98730	L12728
d0812	98731	L12729
d0815	98734	L12730
d0816	98735	L12731
d0817	98736	L12732
d0820	98739	L12733
d0824	98744	L12734
d0828	98749	L12735
d0829	98750	L12736
d0836	98758	L12737
d0837	98759	L12738
d0840	98763	L12739
d0842	98765	L12740
d0846	98769	L12741
d0855	98780	L12742
d0856	98781	L12743
d0861	98786	L12744
d0862	98787	L12745
d0863	98788	L12746
d0864	98789	L12747
d0865	98790	L12748
d0867	98792	L12749
d0869	98794	L12750
d0871	98796	L12751
d0874	98799	L12752
d0875	98800	L12753
d0878	98803	L12754
d0880	98805	L12755
d0882	98808	L12756
d0884	98810	L12757
d0888	98814	L12758
d0890	98816	L12759
d0891	98818	L12760
d0892	98819	L12761
d0893	98820	L12762
d0897	98824	L12763
d0898	98825	L12764
d0900	98827	L12765
d0902	98830	L12766
d0902_sc	98831	L12767
d0903	98832	L12768
d0912	98843	L12769
d0913	98844	L12770
d0918	98850	L12771
d0919	98851	L12772
d0920	98852	L12773
d0921	98853	L12774
d0923	98855	L12775
d0924	98856	L12776
d0925	98857	L12777
d0926	98858	L12778
d0927	98859	L12779
d0929	98861	L12780
d0933	98865	L12781
d0934	98866	L12782
d0937	98869	L12783
d0942	98874	L12784
d0943	98875	L12785
d0945	98877	L12786
d0948	98880	L12787
d0950	98882	L12788
d0951	98883	L12789
d0952	98884	L12790
d0957	98889	L12791
d0962	98894	L12792
d0963	98895	L12793
d0968	98900	L12794
d0973	98905	L12795
d0976	98908	L12796
d0977	98909	L12797
d0980	98912	L12798
d0981	98913	L12799
d0983	98915	L12800
d0988	98921	L12801
d0989	98922	L12802
d0992	98925	L12803
d0996	98929	L12804
d0999	98932	L12805
d1002	98935	L12806
d1003	98936	L12807
d1007	98940	L12808
d1008	98941	L12809
d1011	98944	L12810
d1012	98945	L12811
d1015	98948	L12812
d1017	98950	L12813
d1018	98951	L12814
d1020	98953	L12815
d1021	98954	L12816
d1022	98955	L12817
d1023	98956	L12818
d1025	98958	L12819
d1026	98959	L12820
d1030	98963	L12821
d1032	98965	L12822
d1035	98968	L12823
d1036	98969	L12824
d1038	98971	L12825
d1043	98976	L12826
d1044	98977	L12827
d1047	98980	L12828
d1050	98983	L12829
d1050_sc	98984	L12830
d1051	98985	L12831
d1052	98986	L12832
d1053	98987	L12833
d1055	98989	L12834
d1056	98990	L12835
d1057	98991	L12836
d1061	98996	L12837
d1062	98997	L12838
d1063	98998	L12839
d1065	99000	L12840
d1068	99003	L12841
d1071	99006	L12842
d1072	99007	L12843
d1073	99008	L12844
d1077	99012	L12845
d1079	99014	L12846
d1080	99015	L12847
d1083	99019	L12848
d1088	99024	L12849
d1089	99025	L12850
d1091	99027	L12851
d1097	99033	L12852
d1098	99034	L12853
d1099	99035	L12854
d1100	99036	L12855
d1101	99037	L12856
d1102	99038	L12857
d1104	99040	L12858
d1105	99041	L12859
d1106	99042	L12860
d1107	99043	L12861
d1108	99044	L12862
d1111	99047	L12863
d1115	99051	L12864
d1116	99052	L12865
d1119	99055	L12866
d1120	99056	L12867
d1122	99058	L12868
d1126	99062	L12869
d1127	99063	L12870
d1128	99064	L12871
d1129	99065	L12872
d1130	99066	L12873
d1133	99069	L12874
d1134	99070	L12875
d1135	99071	L12876
d1136	99072	L12877
d1137	99073	L12878
d1138	99074	L12879
d1139	99075	L12880
d1140	99076	L12881
d1141	99077	L12882
d1143	99079	L12883
d1144	99080	L12884
d1145	99081	L12885
d1147	99083	L12886
d1153	99089	L12887
d1154	99090	L12888
d1155	99091	L12889
d1160	99096	L12890
d1160_sc	99097	L12891
d1161	99098	L12892
d1162	99099	L12893
d1164	99101	L12894
d1165	99102	L12895
d1168	99105	L12896
d1170	99107	L12897
d1172	99110	L12898
d1174	99112	L12899
d1175	99113	L12900
d1176	99114	L12901
d1177	99115	L12902
d1183	99122	L12903
d1189	99128	L12904
d1190	99129	L12905
d1191	99130	L12906
d1197	99136	L12907
d1325	99275	L12908
d1328	99279	L12909
d1349	99301	L12910
d1350	99302	L12911
d1358	99313	L12912
d1363	99318	L12913
d1365	99320	L12914
d1368	99323	L12915
d1371	99326	L12916
d1372	99327	L12917
d1374	99329	L12918
d1383	99339	L12919
d1384	99340	L12920
d1386	99342	L12921
d1388	99344	L12922
d1392	99348	L12923
d1393	99349	L12924
d1394	99350	L12925
d1397	99353	L12926
d1399	99355	L12927
d1400	99356	L12928
d1402	99358	L12929
d1403	99359	L12930
d1404	99360	L12931
d1405	99361	L12932
d1408	99364	L12933
d1409	99365	L12934
d1411	99367	L12935
d1412	99368	L12936
d1413	99369	L12937
d1414	99370	L12938
d1418	99374	L12939
d1423	99383	L12940
d1436	99398	L12941
d1442	99405	L12942
d1443	99406	L12943
d1445	99408	L12944
d1451	99414	L12945
d1463	99426	L12946
d1464	99427	L12947
d1471	99433	L12948
d1554	99435	L12949
d1556	99437	L12950
d1558	99439	L12951
d1559	99440	L12952
d1560	99441	L12953
d1561	99442	L12954
d1564	99445	L12955
d1566	99447	L12956
d1572	99453	L12957
d1575	99457	L12958
d1579	99461	L12959
d1581	99463	L12960
d1582	99464	L12961
d1585	99467	L12962
d1587	99469	L12963
d1587_sc	99470	L12964
d1588	99471	L12965
d1590	99473	L12966
d1593	99476	L12967
d1596	99481	L12968
d1601	99485	L12969
d1602	99486	L12970
d1606	99493	L12971
d1607	99495	L12972
d1610	99498	L12973
d1613	99503	L12974
d1620	99509	L12975
d1623	99512	L12976
d1624	99513	L12977
d1626	99515	L12978
d1644	99533	L12979
d1661	99554	L12980
d1663	99558	L12981
d1676	99571	L12982
d1680	99575	L12983
d1681	99576	L12984
d1682	99577	L12985
d1685	99580	L12986
d1690	99584	L12987
d1692	99586	L12988
d1693	99587	L12989
d1694	99588	L12990
d1695	99589	L12991
d1700	99594	L12992
d1703	99597	L12993
d1704	99598	L12994
d1708	99602	L12995
d1712	99606	L12996
d1713	99607	L12997
d1714	99608	L12998
d1721	99616	L12999
d1722	99617	L13000
d1724	99619	L13001
d1731	99625	L13002
d1732	99626	L13003
d1733	99627	L13004
d1735	99629	L13005
d1741	99635	L13006
d1744	99638	L13007
d1747	99641	L13008
d1749	99643	L13009
d1750	99644	L13010
d1751	99645	L13011
d1757	99651	L13012
d1764	99659	L13013
d1766	99661	L13014
d1768	99663	L13015
d1769	99664	L13016
d1771	99666	L13017
d1772	99667	L13018
d1777	99672	L13019
d1782	99677	L13020
d1791	99686	L13021
d1792	99687	L13022
d1794	99689	L13023
d1795	99690	L13024
d1796	99691	L13025
d1800	99695	L13026
d1805	99700	L13027
d1806	99702	L13028
d1807	99703	L13029
d1808	99704	L13030
d1810	99706	L13031
d1812	99708	L13032
d1815	99711	L13033
d1817	99713	L13034
d1818	99714	L13035
d1821	99717	L13036
d1831	99728	L13037
d1832	99729	L13038
d1833	99730	L13039
d1834	99731	L13040
d1835	99732	L13041
d1836	99733	L13042
d1841	99739	L13043
d1842	99740	L13044
d1843	99741	L13045
d1844	99742	L13046
d1845	99743	L13047
d1846	99744	L13048
d1850	99748	L13049
d1854	99752	L13050
d1855	99753	L13051
d1858	99756	L13052
d1865	99764	L13053
d1866	99765	L13054
d1868	99767	L13055
d1870	99769	L13056
d1872	99772	L13057
d1873	99773	L13058
d1876	99776	L13059
d1879	99780	L13060
d1881	99782	L13061
d1883	99783	L13062
d1884	99784	L13063
d1885	99785	L13064
d1886	99786	L13065
d1887	99787	L13066
d1893	99793	L13067
d1895	99795	L13068
d1898	99798	L13069
d1899	99799	L13070
d1902	99802	L13071
d1903	99803	L13072
d1910	99810	L13073
d1915	99815	L13074
d1920	99820	L13075
d1922	99822	L13076
d1926	99826	L13077
d1931	99832	L13078
d1937	99838	L13079
d1938	99839	L13080
d1939	99840	L13081
d1940	99841	L13082
d1945	99847	L13083
d1946	99848	L13084
d1951	99853	L13085
d1953	99856	L13086
d1954	99857	L13087
d1955	99858	L13088
d1957	99861	L13089
d1961	99865	L13090
d1963	99867	L13091
d1964	99868	L13092
d1965	99869	L13093
d1971	99875	L13094
d1973	99877	L13095
d1981	99885	L13096
d1982	99886	L13097
d1983	99887	L13098
d1985	99889	L13099
d1988	99892	L13100
d1992	99895	L13101
d1997	99900	L13102
d2000	99903	L13103
d2005	99907	L13104
d2007	99909	L13105
d2008	99910	L13106
d2009	99911	L13107
d2010	99912	L13108
d2011	99913	L13109
d2012	99914	L13110
d2022	99924	L13111
d2024	99927	L13112
d2029	99932	L13113
d2039	99942	L13114
d2046	99950	L13115
d2048	99952	L13116
d2053	99958	L13117
d2063	99968	L13118
d2066	99970	L13119
d2067	99971	L13120
d2079	99983	L13121
d2088	99992	L13122
d2102	100007	L13123
d2113	100021	L13124
d2122	100029	L13125
d2124	100031	L13126
d2151	100058	L13127
d2153	100059	L13128
d2156	100062	L13129
d2161	100067	L13130
d2178	100086	L13131
d2179	100087	L13132
d2184	100094	L13133
d2184_sc	100093	L13134
d2188	100098	L13135
d2200	100111	L13136
d2205	100117	L13137
d2224	100139	L13138
d2228	100143	L13139
d2238	100154	L13140
d2262	100176	L13141
d2264	100178	L13142
d2279	100196	L13143
d2285	100202	L13144
d2286	100203	L13145
d2298	100215	L13146
d2302	100221	L13147
d2314	100233	L13148
d2319	100238	L13149
d2376	100291	L13150
d2378	100293	L13151
d2389	100305	L13152
d2389_sc	100306	L13153
d2400	100318	L13154
d2427	100345	L13155
d2428	100346	L13156
d2431	100349	L13157
d7012	100350	L13158
d7013	100351	L13159
d7315	100355	L13160
d8008	100361	L13161
d8009	100362	L13162
d8515	100371	L13163
d9262	100378	L13164
d9295	100379	L13165
d9322	100380	L13166
d9462	100381	L13167
d9508	100382	L13168
d9510	100384	L13169
d9646	100442	L13170
d9761	100444	L13171
d9772	100446	L13172
d9874	100447	L13173
d9875	100448	L13174
e0008	100487	L13175
e0009	100488	L13176
e0016	100495	L13177
e0023	100502	L13178
e0075	100557	L13179
e0076	100558	L13180
e0081	100563	L13181
e0084	100566	L13182
e0085	100567	L13183
e0086	100568	L13184
e0090	100572	L13185
e0094	100576	L13186
e0095	100577	L13187
e0097	100579	L13188
e0098	100580	L13189
e0099	100581	L13190
e0100	100582	L13191
e0101	100584	L13192
e0101_sc	100583	L13193
e0105	100588	L13194
e0106	100589	L13195
e0109	100592	L13196
e0111	100596	L13197
e0112	100597	L13198
e0118	100603	L13199
e0121	100606	L13200
e0127	100612	L13201
e0130	100616	L13202
e0130_sc	100618	L13203
e0132	100620	L13204
e0140	100628	L13205
e0147	100636	L13206
e0152	100641	L13207
e0154	100643	L13208
e0156	100645	L13209
e0159	100648	L13210
e0159_sc	100649	L13211
e0160	100650	L13212
e0160_sc	100651	L13213
e0166	100657	L13214
e0167	100658	L13215
e0168	100659	L13216
e0178	100670	L13217
e0180	100672	L13218
e0182	100674	L13219
e0185	100678	L13220
e0186	100679	L13221
e0188	100682	L13222
e0191	100685	L13223
e0192	100686	L13224
e0195	100689	L13225
e0202	100696	L13226
e0204	100698	L13227
e0207	100701	L13228
e0209	100703	L13229
e0210	100704	L13230
e0216	100710	L13231
e0221	100715	L13232
e0225	100719	L13233
e0231	100726	L13234
e0232	100727	L13235
e0237	100733	L13236
e0244	100740	L13237
e0246	100742	L13238
e0249	100745	L13239
e0254	100750	L13240
e0256	100752	L13241
e0258	100754	L13242
e0259	100755	L13243
e0260	100756	L13244
e0266	100762	L13245
e0267	100763	L13246
e0268	100764	L13247
e0269	100765	L13248
e0276	100772	L13249
e0292	100789	L13250
e0299	100796	L13251
e0316	100819	L13252
e0318	100821	L13253
e0319	100822	L13254
e0320	100823	L13255
e0321	100824	L13256
e0324	100827	L13257
e0325	100828	L13258
e0326	100829	L13259
e0327	100830	L13260
e0330	100833	L13261
e0331	100834	L13262
e0333	100836	L13263
e0334	100837	L13264
e0338	100841	L13265
e0345	100848	L13266
e0350	100854	L13267
e0355	100860	L13268
e0357	100862	L13269
e0358	100863	L13270
e0360	100865	L13271
e0363	100869	L13272
e0363_sc	100870	L13273
e0364	100871	L13274
e0366	100873	L13275
e0368	100875	L13276
e0369	100877	L13277
e0371	100880	L13278
e0372	100881	L13279
e0373	100882	L13280
e0376	100886	L13281
e0378	100888	L13282
e0380	100890	L13283
e0383	100893	L13284
e0387	100897	L13285
e0388	100898	L13286
e0389	100899	L13287
e0391	100901	L13288
e0392	100902	L13289
e0394	100904	L13290
e0398	100908	L13291
e0399	100909	L13292
e0400	100910	L13293
e0401	100911	L13294
e0404	100914	L13295
e0406	100916	L13296
e0408	100918	L13297
e0409	100919	L13298
e0433	100948	L13299
e0434	100949	L13300
e0442	100958	L13301
e0443	100959	L13302
e0445	100961	L13303
e0447	100963	L13304
e0448	100964	L13305
e0449	100966	L13306
e0450	100967	L13307
e0453	100970	L13308
e0454	100971	L13309
e0457	100974	L13310
e0459	100976	L13311
e0461	100978	L13312
e0463	100980	L13313
e0465	100982	L13314
e0469	100986	L13315
e0475	100994	L13316
e0476	100995	L13317
e0477	100996	L13318
e0479	100998	L13319
e0480	100999	L13320
e0481	101000	L13321
e0483	101002	L13322
e0484	101003	L13323
e0485	101004	L13324
e0486	101005	L13325
e0489	101008	L13326
e0490	101009	L13327
e0494	101013	L13328
e0506	101025	L13329
e0521	101041	L13330
e0525	101045	L13331
e0528	101048	L13332
e0529	101049	L13333
e0531	101051	L13334
e0535	101055	L13335
e0536	101056	L13336
e0537	101057	L13337
e0538	101058	L13338
e0541	101061	L13339
e0553	101073	L13340
e0554	101074	L13341
e0557	101078	L13342
e0558	101079	L13343
e0560	101081	L13344
e0595	101120	L13345
e0595_sc	101121	L13346
e0596	101122	L13347
e0609	101135	L13348
e0613	101139	L13349
e0617	101143	L13350
e0619	101145	L13351
e0640	101168	L13352
e0641	101169	L13353
e0643	101171	L13354
e0644	101172	L13355
e0646	101174	L13356
e0647	101175	L13357
e0651	101179	L13358
e0653	101181	L13359
e0655	101183	L13360
e0660	101188	L13361
e0663	101191	L13362
e0664	101192	L13363
e0666	101194	L13364
e0668	101196	L13365
e0681	101203	L13366
e0717	101241	L13367
e0790	101323	L13368
e0817	101350	L13369
e0829	101364	L13370
e0838	101374	L13371
e0841	101376	L13372
e0846	101382	L13373
e0847	101383	L13374
e0851	101388	L13375
e0854	101391	L13376
e0859	101397	L13377
e0861	101399	L13378
e0884	101424	L13379
e0892	101432	L13380
e0899	101440	L13381
e0902	101442	L13382
e0907	101447	L13383
e0908	101448	L13384
e0925	101465	L13385
e0929	101469	L13386
e0929_sc	101470	L13387
e0932	101474	L13388
e0933	101475	L13389
e0934	101476	L13390
e0936	101478	L13391
e0943	101485	L13392
e0944	101486	L13393
e0946	101488	L13394
e0948	101490	L13395
e0949	101491	L13396
e0950	101492	L13397
e0971	101515	L13398
e0978	101521	L13399
e0982	101526	L13400
e0983	101527	L13401
e1019	101564	L13402
e1020	101565	L13403
e1023	101568	L13404
e1024	101570	L13405
e1025	101571	L13406
e1027	101573	L13407
e1028	101574	L13408
e1029	101575	L13409
e1035	101581	L13410
e1036	101582	L13411
e1039	101585	L13412
e1041	101587	L13413
e1053	101599	L13414
e1054	101600	L13415
e1055	101601	L13416
e1057	101603	L13417
e1058	101604	L13418
e1059	101605	L13419
e1060	101606	L13420
e1063	101609	L13421
e1067	101613	L13422
e1069	101615	L13423
e1072	101618	L13424
e1073	101619	L13425
e1084	101630	L13426
e1088	101634	L13427
e1089	101635	L13428
e1091	101637	L13429
e1092	101638	L13430
e1093	101639	L13431
e1094	101640	L13432
e1095	101641	L13433
e1097	101643	L13434
e1098	101644	L13435
e1099	101645	L13436
e1102	101648	L13437
e1110	101656	L13438
e1111	101657	L13439
e1117	101664	L13440
e1119	101666	L13441
e1120	101667	L13442
e1123	101670	L13443
e1124	101671	L13444
e1163	101713	L13445
e1168	101717	L13446
e1169	101718	L13447
e1172	101721	L13448
e1174	101722	L13449
e1175	101723	L13450
e1176	101724	L13451
e1181	101729	L13452
e1186	101735	L13453
e1188	101737	L13454
e1191	101740	L13455
e1194	101743	L13456
e1197	101746	L13457
e1200	101749	L13458
e1201	101750	L13459
e1203	101752	L13460
e1207	101756	L13461
e1210	101759	L13462
e1211	101760	L13463
e1217	101767	L13464
e1218	101768	L13465
e1219	101769	L13466
e1221	101771	L13467
e1223	101773	L13468
e1229	101779	L13469
e1231	101781	L13470
e1232	101782	L13471
e1234	101784	L13472
e1237	101787	L13473
e1239	101788	L13474
e1240	101789	L13475
e1240_sc	101790	L13476
e1242	101792	L13477
e1243	101793	L13478
e1247	101797	L13479
e1250	101800	L13480
e1254	101803	L13481
e1256	101805	L13482
e1259	101808	L13483
e1261	101810	L13484
e1263	101812	L13485
e1264	101813	L13486
e1266	101816	L13487
e1269	101819	L13488
e1270	101821	L13489
e1273	101824	L13490
e1274	101825	L13491
e1278	101829	L13492
e1279	101830	L13493
e1280	101831	L13494
e1281	101832	L13495
e1282	101833	L13496
e1284	101835	L13497
e1286	101837	L13498
e1287	101838	L13499
e1288	101839	L13500
e1295	101847	L13501
e1299	101852	L13502
e1300	101853	L13503
e1301	101854	L13504
e1307	101860	L13505
e1308	101861	L13506
e1311	101865	L13507
e1322	101877	L13508
e1326	101881	L13509
e1327	101882	L13510
e1328	101883	L13511
e1329	101884	L13512
e1333	101888	L13513
e1346	101891	L13514
e1348	101893	L13515
e1349	101894	L13516
e1350	101895	L13517
e1352	101897	L13518
e1354	101899	L13519
e1355	101900	L13520
e1360	101905	L13521
e1361	101906	L13522
e1362	101907	L13523
e1365	101910	L13524
e1366	101911	L13525
e1368	101913	L13526
e1369	101914	L13527
e1370	101915	L13528
e1371	101916	L13529
e1375	101920	L13530
e1384	101930	L13531
e1385	101931	L13532
e1387	101933	L13533
e1389	101935	L13534
e1391	101937	L13535
e1392	101938	L13536
e1396	101942	L13537
e1406	101952	L13538
e1410	101956	L13539
e1411	101957	L13540
e1416	101962	L13541
e1427	101974	L13542
e1434	101981	L13543
e1443	101992	L13544
e1447	101996	L13545
e1448	101997	L13546
e1450	101999	L13547
e1452	102001	L13548
e1453	102002	L13549
e1455	102004	L13550
e1457	102006	L13551
e1458	102007	L13552
e1460	102009	L13553
e1462	102011	L13554
e1465	102014	L13555
e1468	102017	L13556
e1473	102022	L13557
e1475	102024	L13558
e1476	102025	L13559
e1476_sc	102026	L13560
e1483	102034	L13561
e1484	102035	L13562
e1486	102037	L13563
e1487	102038	L13564
e1497	102048	L13565
e1498	102049	L13566
e1502	102053	L13567
e1512	102063	L13568
e1514	102065	L13569
e1516	102067	L13570
e1517	102068	L13571
e1521	102073	L13572
e1531	102083	L13573
e1533	102085	L13574
e1535	102087	L13575
e1547	102099	L13576
e1549	102101	L13577
e1551	102103	L13578
e1553	102106	L13579
e1556	102109	L13580
e1560	102115	L13581
e1561	102116	L13582
e1566	102122	L13583
e1566_sc	102123	L13584
e1569	102125	L13585
e1570	102126	L13586
e1571	102128	L13587
e1572	102129	L13588
e1573	102130	L13589
e1577	102135	L13590
e1579	102137	L13591
e1581	102139	L13592
e1582	102140	L13593
e1582_sc	102141	L13594
e1584	102143	L13595
e1588	102147	L13596
e1591	102150	L13597
e1592	102151	L13598
e1593	102152	L13599
e1594	102153	L13600
e1595	102154	L13601
e1596	102155	L13602
e1597	102156	L13603
e1598	102157	L13604
e1600	102160	L13605
e1601	102161	L13606
e1604	102165	L13607
e1609	102170	L13608
e1612	102173	L13609
e1620	102181	L13610
e1621	102182	L13611
e1622	102183	L13612
e1623	102184	L13613
e1624	102185	L13614
e1630	102191	L13615
e1631	102192	L13616
e1633	102194	L13617
e1642	102203	L13618
e1647	102208	L13619
e1649	102210	L13620
e1652	102213	L13621
e1654	102215	L13622
e1656	102217	L13623
e1657	102218	L13624
e1664	102225	L13625
e1668	102229	L13626
e1675	102236	L13627
e1676	102237	L13628
e1677	102238	L13629
e1678	102239	L13630
e1679	102240	L13631
e1680	102241	L13632
e1688	102249	L13633
e1691	102252	L13634
e1694	102255	L13635
e1698	102259	L13636
e1700	102261	L13637
e1701	102262	L13638
e1702	102263	L13639
e1703	102264	L13640
e1708	102269	L13641
e1709	102270	L13642
e1712	102273	L13643
e1714	102275	L13644
e1717	102278	L13645
e1718	102279	L13646
e1719	102280	L13647
e1724	102285	L13648
e1725	102286	L13649
e1726	102287	L13650
e1736	102298	L13651
e1745	102309	L13652
e1746	102310	L13653
e1747	102311	L13654
e1748	102312	L13655
e1749	102313	L13656
e1750	102314	L13657
e1752	102316	L13658
e1753	102317	L13659
e1754	102318	L13660
e1756	102320	L13661
e1757	102321	L13662
e1759	102322	L13663
e1762	102325	L13664
e1763	102326	L13665
e1764	102327	L13666
e1766	102330	L13667
e1771	102335	L13668
e1772	102336	L13669
e1774	102338	L13670
e1775	102339	L13671
e1778	102343	L13672
e1780	102345	L13673
e1781	102346	L13674
e1782	102347	L13675
e1784	102349	L13676
e1785	102350	L13677
e1787	102352	L13678
e1791	102356	L13679
e1794	102359	L13680
e1799	102365	L13681
e1805	102371	L13682
e1812	102380	L13683
e1814	102382	L13684
e1819	102387	L13685
e1820	102388	L13686
e1821	102389	L13687
e1822	102390	L13688
e1825	102393	L13689
e1827	102396	L13690
e1834	102403	L13691
e1840	102409	L13692
e1843	102412	L13693
e1845	102416	L13694
e1846	102417	L13695
e1852	102424	L13696
e1855	102427	L13697
e1857	102429	L13698
e1859	102431	L13699
e1861	102433	L13700
e1862	102434	L13701
e1864	102437	L13702
e1865	102438	L13703
e1866	102439	L13704
e1866_sc	102440	L13705
e1867	102441	L13706
e1868	102442	L13707
e1873	102448	L13708
e1875	102450	L13709
e1879	102454	L13710
e1885	102460	L13711
e1888	102463	L13712
e1890	102465	L13713
e1892	102467	L13714
e1894	102469	L13715
e1894_sc	102470	L13716
e1896	102472	L13717
e1897	102473	L13718
e1898	102474	L13719
e1899	102475	L13720
e1901	102477	L13721
e1903	102479	L13722
e1909	102485	L13723
e1911	102488	L13724
e1913	102490	L13725
e1914	102492	L13726
e1916	102494	L13727
e1917	102495	L13728
e1918	102496	L13729
e1919	102497	L13730
e1932	102515	L13731
e1937	102520	L13732
e1939	102522	L13733
e1940	102523	L13734
e1943	102526	L13735
e1944	102527	L13736
e1950	102533	L13737
e1951	102534	L13738
e8172	102566	L13739
e8275	102568	L13740
e8302	102570	L13741
e8392	102573	L13742
e8545	102579	L13743
e8830	102585	L13744
e9124	102593	L13746
e9178	102596	L13747
e9236	102605	L13748
e9237	102606	L13749
e9238	102607	L13750
e9409	102612	L13751
e9585	102617	L13752
e9808	102624	L13753
f0021	102726	L13754
f0026	102731	L13756
f0032	102738	L13757
f0040	102747	L13758
f0041	102748	L13759
f0048	102758	L13760
f0057	102767	L13761
f0058	102768	L13762
f0086	102798	L13763
f0116	102834	L13764
f0127	102847	L13765
f0144	102865	L13766
f0149	102870	L13767
f0154	102876	L13768
f0161	102883	L13769
f0164	102886	L13770
f0180	102903	L13771
f0186	102910	L13772
f0192	102916	L13773
f0203	102929	L13774
f0231	102962	L13775
f0234	102966	L13776
f0240	102972	L13777
f0246	102978	L13778
f0251	102986	L13779
f0260	102996	L13780
f0264	103002	L13781
f0266	103004	L13782
f0270	103008	L13783
f0271	103009	L13784
f0274	103012	L13785
f0279	103017	L13786
f0303	103043	L13787
f0305	103045	L13788
f0311	103051	L13789
f0318	103059	L13790
f0323	103064	L13791
f0326	103067	L13792
f0337	103078	L13793
f0339	103080	L13794
f0348	103089	L13795
f0353	103094	L13796
f0358	103099	L13797
f0370	103114	L13798
f0372	103116	L13799
f0373	103117	L13800
f0377	103121	L13801
f0378	103122	L13802
f0382	103126	L13803
f0384	103128	L13804
f0406	103155	L13805
f0413	103164	L13806
f0433	103186	L13807
f0439	103193	L13808
f0442	103196	L13809
f0448	103203	L13810
f0450	103205	L13811
f0463	103221	L13812
f0498	103265	L13813
f0502	103269	L13814
f0506	103274	L13815
f0516	103284	L13816
f0524	103292	L13817
f0546	103317	L13818
f0548	103319	L13819
f0549	103320	L13820
f0556	103327	L13821
f0557	103328	L13822
f0563	103335	L13823
f0569	103341	L13824
f0572	103344	L13825
f0584	103357	L13826
f0585	103359	L13827
f0590	103364	L13828
f0596	103370	L13829
f0596_sc	103371	L13830
f0601	103376	L13831
f0608	103383	L13832
f0638	103420	L13833
f0639	103421	L13834
f0644	103426	L13835
f0651	103433	L13836
f0655	103438	L13837
f0655_sc	103439	L13838
f0660	103444	L13839
f0662	103446	L13840
f0673	103457	L13841
f0678	103463	L13842
f0679	103464	L13843
f0685	103471	L13844
f0716	103504	L13845
f0719	103507	L13846
f0721	103509	L13847
f0743	103533	L13848
f0752	103543	L13849
f0756	103549	L13850
f0759	103553	L13851
f0762	103556	L13852
f0765	103559	L13853
f0766	103560	L13854
f0781	103578	L13855
f0782	103579	L13856
f0793	103590	L13857
f0802	103600	L13858
f0820	103618	L13859
f0828	103626	L13860
f0844	103642	L13861
f0851	103649	L13862
f0857	103655	L13863
f0859	103657	L13864
f0876	103677	L13865
f0879	103680	L13866
f0884	103685	L13867
f0887	103688	L13868
f0898	103699	L13869
f0906	103707	L13870
f0915	103719	L13871
f0915_sc	103720	L13872
f0917	103722	L13873
f0923	103728	L13874
f0931	103736	L13875
f0933	103738	L13876
f0935	103740	L13877
f0944	103749	L13878
f0952	103758	L13879
f0959	103765	L13880
f0962	103768	L13881
f0967	103774	L13882
f0976	103784	L13883
f0977	103785	L13884
f0992	103802	L13885
f0993	103803	L13886
f0994	103804	L13887
f0994_sc	103805	L13888
f0995	103806	L13889
f1002	103813	L13890
f1006	103817	L13891
f1010	103821	L13892
f1012	103823	L13893
f1015	103826	L13894
f1018	103830	L13895
f1024	103836	L13896
f1024_sc	103837	L13897
f1034	103849	L13898
f1039	103856	L13899
f1056	103876	L13900
f1057	103877	L13901
f1059	103881	L13902
f1060	103882	L13903
f1071	103895	L13904
f1079	103903	L13905
f1080	103905	L13906
f1086	103911	L13907
f1100	103927	L13908
f1103	103930	L13909
f1106	103933	L13910
f1109	103936	L13911
f1109_sc	103938	L13912
f1125	103957	L13913
f1127	103959	L13914
f1135	103969	L13915
f1146	103981	L13916
f1150	103985	L13917
f1154	103989	L13918
f1155	103990	L13919
f1173	104009	L13920
f1176	104012	L13921
f1177	104013	L13922
f1184	104023	L13923
f1187	104027	L13924
f1188	104028	L13925
f1203	104045	L13926
f1221	104063	L13927
f1222	104064	L13928
f1228	104072	L13929
f1230	104075	L13930
f1245	104091	L13931
f1255	104102	L13932
f1260	104108	L13933
f1262	104110	L13934
f1265	104113	L13935
f1270	104118	L13936
f1271	104119	L13937
f1302	104125	L13938
f9010	104154	L13939
f9045	104156	L13940
f9225	104185	L13941
f9227	104187	L13942
f9229	104189	L13943
f9316	104195	L13944
f9317	104196	L13945
f9540	104204	L13946
f9644	104212	L13947
f9706	104215	L13948
f9795	104224	L13949
f9910	104229	L13950
f9911	104230	L13951
f9937	104233	L13952
f9993	104237	L13953
g0016	104260	L13954
g0034	104283	L13955
g0062	104319	L13956
g0076	104335	L13957
g0077	104336	L13958
g0090	104350	L13959
g0093	104353	L13960
g0102	104365	L13961
g0120	104389	L13962
g0128	104398	L13963
g0140	104415	L13964
g0144	104419	L13965
g0149	104425	L13966
g0150	104426	L13967
g0153	104429	L13968
g0156	104432	L13969
g0168	104445	L13970
g0174	104453	L13971
g0190	104474	L13972
g0202	104489	L13973
g0234	104532	L13974
g0237	104535	L13975
g0238	104536	L13976
g0268	104571	L13977
g0271	104574	L13978
g0272	104575	L13979
g0274	104577	L13980
g0288	104594	L13981
g0308	104604	L13982
g0316	104612	L13983
g0318	104614	L13984
g0321	104617	L13985
g0322	104618	L13986
g0351	104651	L13987
g0352	104652	L13988
g0357	104657	L13989
g0376	104679	L13990
g0380	104684	L13991
g0385	104688	L13992
g0390	104693	L13993
g0391	104694	L13994
g0397	104700	L13995
g0406	104709	L13996
g0409	104712	L13997
g0420	104722	L13998
g0421	104723	L13999
g0422	104724	L14000
g0435	104737	L14001
g0439	104741	L14002
g0449	104752	L14003
g0450	104753	L14004
g0476	104781	L14005
g0482	104786	L14006
g0485	104789	L14007
g0498	104799	L14008
g0501	104803	L14009
g0503	104805	L14010
g0522	104825	L14011
g0529	104833	L14012
g0534	104838	L14013
g0537	104841	L14014
g0560	104866	L14015
g0566	104872	L14016
g0571	104878	L14017
g0578	104885	L14018
g0589	104896	L14019
g0592	104898	L14020
g0601	104908	L14021
g0607	104915	L14022
g0615	104924	L14023
g0631	104941	L14024
g0643	104953	L14025
g0666	104976	L14026
g0690	105003	L14027
g0695	105008	L14028
h0004	105044	L14029
h0015	105055	L14030
h0017	105057	L14031
h0018	105058	L14032
h0029	105072	L14033
h0044	105089	L14034
h0053	105099	L14035
h0066	105114	L14036
h0074	105123	L14037
h0097	105148	L14038
h0118	105173	L14039
h0127	105183	L14040
h0158	105219	L14041
h0158_sc	105220	L14042
h0163	105225	L14043
h0274	105352	L14044
h0274_sc	105353	L14045
h0276	105355	L14046
h0283	105362	L14047
h0290	105369	L14048
h0295	105375	L14049
h0351	105441	L14050
h0358	105450	L14051
h0365	105459	L14052
h0380	105476	L14053
h0381	105477	L14054
h0385	105481	L14055
h0397	105492	L14056
h0402	105497	L14057
h0404	105499	L14058
h0410	105505	L14059
h0449	105546	L14060
h0451	105548	L14061
h0460	105558	L14062
h0475	105577	L14063
h0485	105589	L14064
h0537	105644	L14065
h0544	105653	L14066
h0548	105658	L14067
h0565	105674	L14068
h0569	105678	L14069
h0580	105692	L14070
h0586	105698	L14071
h0586_sc	105699	L14072
h0596	105711	L14073
h0599	105714	L14074
h0614	105728	L14075
h0626	105744	L14076
h0638	105756	L14077
h0648	105764	L14078
h0653	105769	L14079
h0654	105770	L14080
h0657	105773	L14081
h0659	105775	L14082
h0660	105776	L14083
h0723	105842	L14084
h0724	105843	L14085
h0726	105845	L14086
h0727	105846	L14087
h0952	105965	L14088
h9162	105973	L14089
i0002	106000	L14090
i0003	106001	L14091
i0012	106010	L14092
i0013	106011	L14093
i0021	106021	L14094
i0057	106062	L14095
i0097	106106	L14096
i0113	106122	L14097
i0121	106130	L14098
i0123	106132	L14099
i0125	106134	L14100
i0141	106153	L14101
i0153	106165	L14102
i0155	106168	L14103
i0160	106173	L14104
i0162	106175	L14105
i0176	106190	L14106
i0177	106191	L14107
i0182	106197	L14108
i0186	106201	L14109
i0193	106208	L14110
i0195	106210	L14111
i0201	106216	L14112
i0207	106224	L14113
i0211	106228	L14114
i0213	106230	L14115
i0215	106232	L14116
i0226	106243	L14117
i0229	106246	L14118
i0232	106249	L14119
i0235	106252	L14120
i0238	106255	L14121
i0242	106259	L14122
i0247	106265	L14123
i0256	106274	L14124
i0258	106276	L14125
i0258_sc	106277	L14126
i0259	106278	L14127
i0261	106280	L14128
i0262	106281	L14129
i0264	106283	L14130
i0268	106287	L14131
i0281	106303	L14132
i0293	106317	L14133
i0298	106322	L14134
i0300	106324	L14135
i0306	106333	L14136
i0307	106334	L14137
i0309	106336	L14138
i0315	106342	L14139
i0320	106347	L14140
i0324	106351	L14141
i0325	106352	L14142
i0326	106353	L14143
i0336	106365	L14144
i0339	106369	L14145
i0340	106370	L14146
i0342	106372	L14147
i0347	106377	L14148
i0349	106379	L14149
i0357	106387	L14150
i0368	106399	L14151
i0370	106401	L14152
i0376	106407	L14153
i0377	106408	L14154
i0378	106409	L14155
i0388	106419	L14156
i0403	106435	L14157
i0404	106436	L14158
i0405	106437	L14159
i0406	106438	L14160
i0410	106442	L14161
i0412	106444	L14162
i0421	106454	L14163
i0428	106461	L14164
i0430	106463	L14165
i0436	106469	L14166
i0439	106472	L14167
i0448	106482	L14168
i0459	106493	L14169
i0463	106497	L14170
i0465	106499	L14171
i0469	106504	L14172
i0475	106510	L14173
i0484	106519	L14174
i0495	106531	L14175
i0499	106535	L14176
i0522	106561	L14177
i0527	106567	L14178
i0533	106573	L14179
i0539	106579	L14180
i0547	106588	L14181
i0549	106590	L14182
i0551	106592	L14183
i0552	106593	L14184
i0558	106599	L14185
i0560	106601	L14186
i0564	106605	L14187
i0566	106607	L14188
i0572	106614	L14189
i0573	106615	L14190
i0578	106620	L14191
i0599	106642	L14192
i0614	106657	L14193
i0626	106669	L14194
i0629	106672	L14195
i0632	106675	L14196
i0638	106681	L14197
i0639	106682	L14198
i0652	106696	L14199
i0677	106723	L14200
i0679	106725	L14201
i0691	106737	L14202
i0697	106743	L14203
i0698	106744	L14204
i0706	106752	L14205
i0715	106761	L14206
i0718	106764	L14207
i0726	106772	L14208
i0731	106777	L14209
i0734	106780	L14210
i0739	106785	L14211
i0739_sc	106786	L14212
i0740	106787	L14213
i0741	106788	L14214
i0743	106790	L14215
i0745	106792	L14216
i0746	106793	L14217
i0748	106795	L14218
i0749	106796	L14219
i0753	106800	L14220
i0756	106803	L14221
i0766	106814	L14222
i0775	106825	L14223
i0778	106828	L14224
i0779	106829	L14225
i0779_sc	106830	L14226
i0780	106831	L14227
i0783	106834	L14228
i0789	106840	L14229
i0801	106852	L14230
i0805	106856	L14231
i0816	106867	L14232
i0817	106868	L14233
i0818	106869	L14234
i0820	106871	L14235
i0821	106872	L14236
i0822	106873	L14237
i0823	106874	L14238
i0824	106875	L14239
i0824_sc	106876	L14240
i0828	106880	L14241
i0831	106883	L14242
i0836	106888	L14243
i0844	106896	L14244
i0845	106897	L14245
i0848	106900	L14246
i0853	106905	L14247
i0858	106911	L14248
i0859	106912	L14249
i0871	106925	L14250
i0874	106928	L14251
i0875	106929	L14252
i0877	106931	L14253
i0882	106937	L14254
i0885	106940	L14255
i0889	106946	L14256
i0895	106952	L14257
i0897	106954	L14258
i0898	106955	L14259
i0901	106959	L14260
i0903	106961	L14261
i0904	106962	L14262
i0906	106964	L14263
i0907	106965	L14264
i0908	106966	L14265
i0923	106982	L14266
i0929	106989	L14267
i0930	106990	L14268
i0931	106991	L14269
i0935	106995	L14270
i0944	107004	L14271
i0945	107005	L14272
i0955	107015	L14273
i0957	107017	L14274
i0965	107025	L14275
i0974	107034	L14276
i0984	107044	L14277
i1008	107069	L14278
i1079	107142	L14279
i1080	107144	L14280
i1088	107153	L14281
i1098	107163	L14282
i1099	107164	L14283
i1101	107166	L14284
i1102	107167	L14285
i1109	107174	L14286
i1116	107182	L14287
i1118	107185	L14288
i1119	107186	L14289
i1120	107187	L14290
i1126	107193	L14291
i1130	107197	L14292
i1134	107201	L14293
i1137	107204	L14294
i1141	107208	L14295
i1143	107210	L14296
i1148	107215	L14297
i1156	107223	L14298
i1161	107228	L14299
i1162	107230	L14300
i1166	107234	L14301
i1169	107237	L14302
i1176	107246	L14303
i1179	107249	L14304
i1185	107256	L14305
i1190	107262	L14306
i1197	107269	L14307
i1228	107302	L14308
i1252	107327	L14309
i1253	107328	L14310
i1264	107340	L14311
i1270	107347	L14312
i1272	107349	L14313
i1280	107359	L14314
i1286	107365	L14315
i1290	107370	L14316
i1295	107375	L14317
i1325	107406	L14318
i1336	107417	L14319
i1342	107425	L14320
i1343	107426	L14321
i1346	107429	L14322
i1351	107434	L14323
i1352	107435	L14324
i1361	107446	L14325
i1362	107447	L14326
i1366	107451	L14327
i1367	107452	L14328
i1368	107453	L14329
i1369	107454	L14330
i1372	107457	L14331
i1383	107470	L14332
i1408	107495	L14333
i1421	107508	L14334
i1423	107510	L14335
i1428	107515	L14336
i1431	107519	L14337
i1433	107521	L14338
i1439	107528	L14339
i1503	107592	L14340
i1509	107600	L14341
i1517	107610	L14342
i1522	107616	L14343
i1527	107623	L14344
i1534	107632	L14345
i1538	107636	L14346
i1544	107643	L14347
i1548	107649	L14348
i1552	107653	L14349
i1553	107654	L14350
i1553_sc	107655	L14351
i1557	107660	L14352
i1559	107662	L14353
i1562	107665	L14354
i1563	107666	L14355
i1567	107670	L14356
i1572	107675	L14357
i1574	107677	L14358
i1575	107678	L14359
i1584	107690	L14360
i1586	107693	L14361
i1587	107694	L14362
i1595	107702	L14363
i1596	107703	L14364
i1598	107705	L14365
i1602	107709	L14366
i1607	107714	L14367
i1613	107720	L14368
i1614	107721	L14369
i1615	107722	L14370
i1617	107724	L14371
i1620	107727	L14372
i1628	107735	L14373
i1629	107736	L14374
i1640	107748	L14375
i1642	107750	L14376
i1644	107753	L14377
i1648	107757	L14378
i1649	107758	L14379
i1650	107759	L14380
i1651	107760	L14381
i1652	107761	L14382
i1653	107762	L14383
i1662	107771	L14384
i1667	107776	L14385
i1668	107777	L14386
i1670	107779	L14387
i1671	107780	L14388
i1672	107781	L14389
i1676	107785	L14390
i1678	107787	L14391
i1679	107788	L14392
i1680	107789	L14393
i1681	107790	L14394
i1683	107792	L14395
i1692	107802	L14396
i1695	107805	L14397
i1696	107806	L14398
i1699	107809	L14399
i1702	107812	L14400
i1708	107818	L14401
i1709	107819	L14402
i1711	107821	L14403
i1712	107822	L14404
i1714	107824	L14405
i1719	107830	L14406
i1721	107832	L14407
i1727	107838	L14408
i1728	107839	L14409
i1729	107840	L14410
i1730	107841	L14411
i1732	107843	L14412
i1734	107845	L14413
i1735	107846	L14414
i1736	107847	L14415
i1739	107850	L14416
i1746	107858	L14417
i1747	107859	L14418
i1747_sc	107860	L14419
i1748	107861	L14420
i1757	107871	L14421
i1763	107877	L14422
i1764	107878	L14423
i1766	107880	L14424
i1781	107895	L14425
i1788	107902	L14426
i1790	107904	L14427
i1797	107911	L14428
i1800	107915	L14429
i1803	107918	L14430
i1808	107924	L14431
i1812	107928	L14432
i1813	107929	L14433
i1815	107931	L14434
i1816	107932	L14435
i1818	107934	L14436
i1819	107935	L14437
i1820	107936	L14438
i1821	107937	L14439
i1826	107942	L14440
i1830	107946	L14441
i1833	107949	L14442
i1835	107951	L14443
i1839	107956	L14444
i1842	107959	L14445
i1851	107969	L14446
i1854	107973	L14447
i1856	107975	L14448
i1859	107978	L14449
i1872	107991	L14450
i1875	107994	L14451
i1876	107995	L14452
i1877	107996	L14453
i1882	108001	L14454
i1885	108004	L14455
i1886	108005	L14456
i1908	108027	L14457
i1909	108028	L14458
i1914	108033	L14459
i1919	108039	L14460
i1926	108048	L14461
i1927	108049	L14462
i1928	108050	L14463
i1935	108057	L14464
i1941	108063	L14465
i1944	108066	L14466
i1945	108067	L14467
i1955	108077	L14468
i1956	108078	L14469
i1959	108081	L14470
i1965	108087	L14471
i1970	108092	L14472
i1973	108095	L14473
i1974	108096	L14474
i1977	108100	L14475
i1986	108109	L14476
i1987	108110	L14477
i1998	108121	L14478
i2001	108124	L14479
i2002	108125	L14480
i2003	108126	L14481
i2007	108130	L14482
i2008	108131	L14483
i2009	108132	L14484
i2011	108134	L14485
i2016	108141	L14486
i2020	108147	L14487
i2022	108149	L14488
i2026	108155	L14489
i2031	108159	L14490
i2039	108167	L14491
i2042	108170	L14492
i2043	108172	L14493
i2054	108184	L14494
i2058	108188	L14495
i2069	108200	L14496
i2075	108206	L14497
i2076	108207	L14498
i2084	108215	L14499
i2090	108221	L14500
i2093	108224	L14501
i2095	108226	L14502
i2100	108231	L14503
i2101	108232	L14504
i2103	108234	L14505
i2104	108235	L14506
i2105	108236	L14507
i2106	108237	L14508
i2107	108238	L14509
i2115	108246	L14510
i2116	108247	L14511
i2117	108248	L14512
i2122	108253	L14513
i2124	108255	L14514
i2126	108257	L14515
i2128	108259	L14516
i2129	108260	L14517
i2130	108261	L14518
i2136	108268	L14519
i2140	108272	L14520
i2143	108275	L14521
i2144	108276	L14522
i2145	108277	L14523
i2146	108279	L14524
i2151	108284	L14525
i2163	108296	L14526
i2166	108299	L14527
i2167	108300	L14528
i2168	108301	L14529
i2169	108302	L14530
i2174	108307	L14531
i2181	108315	L14532
i2190	108324	L14533
i2191	108325	L14534
i2193	108327	L14535
i2195	108329	L14536
i2200	108335	L14537
i2206	108341	L14538
i2207	108342	L14539
i2211	108347	L14540
i2212	108348	L14541
i2215	108351	L14542
i2216	108352	L14543
i2220	108356	L14544
i2233	108369	L14545
i2246	108383	L14546
i2247	108384	L14547
i2252	108389	L14548
i2253	108390	L14549
i2253_sc	108391	L14550
i2256	108395	L14551
i2257	108396	L14552
i2264	108405	L14553
i2266	108407	L14554
i2267	108408	L14555
i2268	108409	L14556
i2272	108413	L14557
i2273	108414	L14558
i2274	108415	L14559
i2278	108419	L14560
i2283	108424	L14561
i2284	108425	L14562
i2286	108427	L14563
i2287	108428	L14564
i2290	108431	L14565
i2292	108433	L14566
i2294	108435	L14567
i2295	108436	L14568
i2300	108441	L14569
i2307	108448	L14570
i2317	108458	L14571
i2318	108459	L14572
i2319	108460	L14573
i2329	108471	L14574
i2331	108473	L14575
i2332	108474	L14576
i2333	108475	L14577
i2335	108478	L14578
i2336	108479	L14579
i2337	108480	L14580
i2338	108481	L14581
i2339	108482	L14582
i2340	108483	L14583
i2341	108484	L14584
i2342	108485	L14585
i2344	108487	L14586
i2346	108489	L14587
i2348	108491	L14588
i2349	108492	L14589
i2353	108496	L14590
i2360	108503	L14591
i2362	108505	L14592
i2363	108506	L14593
i2364	108507	L14594
i2366	108509	L14595
i2367	108510	L14596
i2368	108511	L14597
i2370	108513	L14598
i2373	108516	L14599
i2375	108518	L14600
i2376	108519	L14601
i2377	108520	L14602
i2380	108523	L14603
i2382	108525	L14604
i2383	108526	L14605
i2386	108530	L14606
i2388	108532	L14607
i2391	108535	L14608
i2393	108538	L14609
i2395	108540	L14610
i2397	108542	L14611
i2398	108543	L14612
i2401	108546	L14613
i2402	108547	L14614
i2404	108549	L14615
i2410	108555	L14616
i2411	108556	L14617
i2412	108557	L14618
i2413	108558	L14619
i2414	108559	L14620
i2417	108562	L14621
i2419	108564	L14622
i2422	108571	L14623
i2426	108575	L14624
i2427	108576	L14625
i2431	108580	L14626
i2433	108582	L14627
i2440	108590	L14628
i2441	108591	L14629
i2452	108603	L14630
i2453	108604	L14631
i2455	108606	L14632
i2456	108607	L14633
i2457	108608	L14634
i2458	108609	L14635
i2459	108610	L14636
i2465	108616	L14637
i2476	108627	L14638
i2477	108628	L14639
i2480	108631	L14640
i2484	108635	L14641
i2485	108636	L14642
i2486	108637	L14643
i2487	108638	L14644
i2489	108640	L14645
i2490	108641	L14646
i2491	108642	L14647
i2493	108644	L14648
i2494	108645	L14649
i2496	108647	L14650
i2498	108649	L14651
i2499	108650	L14652
i2502	108653	L14653
i2506	108657	L14654
i2507	108658	L14655
i2508	108659	L14656
i2509	108660	L14657
i2510	108661	L14658
i2511	108662	L14659
i2512	108663	L14660
i2514	108665	L14661
i2518	108669	L14662
i2523	108675	L14663
i2524	108676	L14664
i2525	108677	L14665
i2526	108678	L14666
i2527	108679	L14667
i2529	108681	L14668
i2534	108686	L14669
i2538	108690	L14670
i2539	108691	L14671
i2540	108692	L14672
i2541	108693	L14673
i2544	108696	L14674
i2545	108697	L14675
i2546	108698	L14676
i2552	108707	L14677
i2557	108712	L14678
i2560	108715	L14679
i2562	108717	L14680
i2565	108720	L14681
i2566	108721	L14682
i2567	108722	L14683
i2568	108723	L14684
i2569	108724	L14685
i2577	108733	L14686
i2585	108741	L14687
i2589	108745	L14688
i2591	108747	L14689
i2594	108750	L14690
i2596	108752	L14691
i2597	108753	L14692
i2606	108760	L14693
i2609	108762	L14694
i2610	108763	L14695
i2612	108765	L14696
i2614	108766	L14697
i2615	108767	L14698
i2622	108777	L14699
i2624	108779	L14700
i2627	108782	L14701
i2630	108786	L14702
i2631	108787	L14703
i2637	108793	L14704
i2638	108794	L14705
i2644	108801	L14706
i2649	108806	L14707
i2659	108817	L14708
i2662	108820	L14709
i2665	108823	L14710
i2666	108824	L14711
i2671	108829	L14712
i2672	108830	L14713
i2674	108832	L14714
i2678	108836	L14715
i2683	108841	L14716
i2687	108845	L14717
i2688	108846	L14718
i2689	108847	L14719
i2693	108851	L14720
i2696	108854	L14721
i2698	108856	L14722
i2701	108859	L14723
i2702	108860	L14724
i2713	108871	L14725
i2718	108877	L14726
i2719	108878	L14727
i2723	108882	L14728
i2724	108883	L14729
i2725	108884	L14730
i2728	108888	L14731
i2729	108889	L14732
i2733	108893	L14733
i2734	108894	L14734
i2735	108895	L14735
i2741	108900	L14736
i2743	108902	L14737
i2746	108905	L14738
i2747	108907	L14739
i2748	108908	L14740
i2754	108914	L14741
i2763	108924	L14742
i2770	108933	L14743
i2788	108953	L14744
i2788_sc	108955	L14745
i2797	108965	L14746
i2802	108970	L14747
i2803	108971	L14748
i2808	108976	L14749
i2841	109009	L14750
i2847	109015	L14751
i2873	109043	L14752
i2887	109057	L14753
i2889	109060	L14754
i2891	109062	L14755
i2893	109064	L14756
i2894	109065	L14757
i2895	109066	L14758
i2896	109067	L14759
i2897	109068	L14760
i2898	109069	L14761
i2900	109071	L14762
i2901	109072	L14763
i2906	109077	L14764
i2907	109078	L14765
i2909	109080	L14766
i2966	109137	L14767
i2971	109143	L14768
i2973	109145	L14769
i2974	109146	L14770
i2983	109154	L14771
i2988	109159	L14772
i2999	109171	L14773
i3013	109187	L14774
i3015	109190	L14775
i3016	109191	L14776
i3023	109198	L14777
i3026	109203	L14778
i3044	109224	L14779
i3057	109236	L14780
i3060	109240	L14781
i3067	109249	L14782
i3086	109267	L14783
i3096	109280	L14784
i3097	109281	L14785
i3097_sc	109282	L14786
i3104	109290	L14787
i3107	109292	L14788
i3110	109294	L14789
i3116	109301	L14790
i3117	109302	L14791
i3118	109303	L14792
i3119	109304	L14793
i3121	109306	L14794
i3139	109326	L14795
i3178	109366	L14796
i6081	109425	L14797
i7042	109427	L14798
i7889	109443	L14799
i8955	109457	L14800
i9021	109459	L14801
i9340	109467	L14802
i9462	109470	L14803
i9546	109471	L14804
i9920	109579	L14805
i9921	109580	L14806
i9922	109581	L14807
i9923	109582	L14808
i9924	109583	L14809
i9925	109585	L14810
i9926	109586	L14811
i9927	109587	L14812
i9929	109589	L14813
i9930	109590	L14814
l0007	109601	L14815
l0009	109603	L14816
l0010	109604	L14817
l0021	109615	L14818
l0024	109619	L14819
l0025	109620	L14820
l0030	109625	L14821
l0044	109641	L14822
l0054	109652	L14823
l0061	109661	L14824
l0062	109662	L14825
l0068	109668	L14826
l0080	109684	L14827
l0080_sc	109685	L14828
l0090	109695	L14829
l0091	109696	L14830
l0100	109705	L14831
l0103	109710	L14832
l0111	109718	L14833
l0115	109722	L14834
l0122	109729	L14835
l0124	109731	L14836
l0128	109737	L14837
l0146	109762	L14838
l0151	109767	L14839
l0154	109771	L14840
l0156	109773	L14841
l0166	109785	L14842
l0182	109803	L14843
l0191	109815	L14844
l0196	109820	L14845
l0203	109828	L14846
l0205	109830	L14847
l0206	109831	L14848
l0228	109863	L14849
l0233	109868	L14850
l0260	109901	L14851
l0262	109903	L14852
l0265	109906	L14853
l0269	109910	L14854
l0280	109922	L14855
l0284	109929	L14856
l0289	109935	L14857
l0294	109941	L14858
l0313	109960	L14859
l0320	109968	L14860
l0323	109971	L14861
l0331	109979	L14862
l0333	109981	L14863
l0342	109990	L14864
l0352	110005	L14865
l0356	110012	L14866
l0361	110020	L14867
l0365	110024	L14868
l0366	110025	L14869
l0373	110032	L14870
l0383	110043	L14871
l0388	110049	L14872
l0402	110067	L14873
l0411	110078	L14874
l0415	110083	L14875
l0446	110117	L14876
l0461	110133	L14877
l0463	110135	L14878
l0470	110142	L14879
l0493	110174	L14880
l0495	110176	L14881
l0496	110177	L14882
l0502	110184	L14883
l0513	110196	L14884
l0516	110199	L14885
l0521	110205	L14886
l0525	110209	L14887
l0529	110213	L14888
l0529_sc	110214	L14889
l0541	110229	L14890
l0550	110238	L14891
l0593	110292	L14892
l0637	110339	L14893
l0638	110340	L14894
l0646	110349	L14895
l0684	110392	L14896
l0691	110403	L14897
l0693	110405	L14898
l0697	110409	L14899
l0711	110426	L14900
l0715	110433	L14901
l0722	110441	L14902
l0727	110446	L14903
l0731	110451	L14904
l0748	110474	L14905
l0753	110481	L14906
l0788	110517	L14907
l0799	110532	L14908
l0818	110558	L14909
l0820	110560	L14910
l0821	110561	L14911
l0835	110575	L14912
l0841	110582	L14913
l0845	110586	L14914
l0849	110590	L14915
l0855	110597	L14916
l0863	110605	L14917
l0867	110609	L14918
l0878	110620	L14919
l0880	110622	L14920
l0881	110623	L14921
l0881_sc	110624	L14922
l0887	110631	L14923
l0888	110632	L14924
l0894	110638	L14925
l0916	110661	L14926
l0917	110663	L14927
l0927	110675	L14928
l0937	110685	L14929
l0940	110688	L14930
l0940_sc	110689	L14931
l0942	110691	L14932
l0964	110719	L14933
l0965	110720	L14934
l0974	110730	L14935
l0976	110732	L14936
l0995	110756	L14937
l1007	110767	L14938
l1017	110780	L14939
l1019	110782	L14940
l1021	110784	L14941
l1028	110791	L14942
l1041	110804	L14943
l1042	110806	L14944
l1051	110817	L14945
l1065	110832	L14946
l1075	110846	L14947
l1085	110858	L14948
l1094	110867	L14949
l1106	110880	L14950
l1111	110887	L14951
l1122	110899	L14952
l1125	110903	L14953
l1126	110905	L14954
l1131	110910	L14955
l1147	110927	L14956
l1153	110934	L14957
l1157	110939	L14958
l1161	110943	L14959
l1178	110962	L14960
l1183	110967	L14961
l1185	110969	L14962
l1198	110990	L14963
l1199	110991	L14964
l1203	110996	L14965
l1205	110998	L14966
l1219	111013	L14967
l1232	111029	L14968
l1240	111037	L14969
l1243	111041	L14970
l1244	111042	L14971
l1247	111045	L14972
l1252	111050	L14973
l1255	111054	L14974
l1280	111083	L14975
l1297	111101	L14976
l1298	111102	L14977
l8007	111103	L14978
l8252	111106	L14979
l9893	111134	L14980
l9894	111135	L14981
l9915	111158	L14982
l9916	111159	L14983
l9917	111160	L14984
l9918	111161	L14985
l9921	136218	L14986
m0012	111178	L14987
m0017	111184	L14988
m0018	111185	L14989
m0018_sc	111186	L14990
m0030	111199	L14991
m0035	111205	L14992
m0038	111208	L14993
m0039	111209	L14994
m0042	111212	L14995
m0053	111223	L14996
m0058	111228	L14997
m0060	111230	L14998
m0061	111231	L14999
m0062	111232	L15000
m0064	111234	L15001
m0064_sc	111235	L15002
m0065	111236	L15003
m0077	111250	L15004
m0080	66000	L15005
m0083	111256	L15006
m0105	111285	L15007
m0122	111306	L15008
m0150	111339	L15009
m0158	111349	L15010
m0168	111359	L15011
m0170	111361	L15012
m0187	111386	L15013
m0206	111408	L15014
m0213	111415	L15015
m0230	111436	L15016
m0260	111470	L15017
m0261	111472	L15018
m0269	111481	L15019
m0273	111485	L15020
m0279	111491	L15021
m0283	111495	L15022
m0291	111503	L15023
m0305	111518	L15024
m0309	111522	L15025
m0313	111527	L15026
m0314	111528	L15027
m0317	111531	L15028
m0319	111533	L15029
m0330	111547	L15030
m0333	111550	L15031
m0334	111551	L15032
m0358	111581	L15033
m0371	111595	L15034
m0371_sc	111596	L15035
m0387	111615	L15036
m0396	111628	L15037
m0404	111638	L15038
m0419	111655	L15039
m0428	111665	L15040
m0434	111673	L15041
m0441	111680	L15042
m0450	111690	L15043
m0456	111700	L15044
m0466	111712	L15045
m0490	111737	L15046
m0491	111738	L15047
m0493	111740	L15048
m0493_sc	111741	L15049
m0525	111779	L15050
m0547	111807	L15051
m0555	111819	L15052
m0572	111839	L15053
m0578	111846	L15054
m0627	111908	L15055
m0651	111938	L15056
m0687	111985	L15057
m0693	111991	L15058
m0706	112007	L15059
m0721	112024	L15060
m0743	112053	L15061
m0754	112066	L15062
m0760	112073	L15063
m0768	112081	L15064
m0784	112099	L15065
m0787	112103	L15066
m0791	112107	L15067
m0792	112109	L15068
m0797	112115	L15069
m0802	112120	L15070
m0803	112121	L15071
m0812	112133	L15072
m0817	112138	L15073
m0825	112147	L15074
m0826	112148	L15075
m0827	112149	L15076
m0893	112233	L15077
m0894	112235	L15078
m0897	112238	L15079
m0917	112260	L15080
m0954	112295	L15081
m0957	112298	L15082
m0963	112306	L15083
m0966	112309	L15084
m0973	112316	L15085
m0990	112333	L15086
m1024	112370	L15087
m1032	112379	L15088
m1033	112380	L15089
m1042	112392	L15090
m1046	112397	L15091
m1048	112400	L15092
m1051	112403	L15093
m1054	112405	L15094
m1056	112407	L15095
m1057	112408	L15096
m1058	112409	L15097
m1071	112423	L15098
m1087	112437	L15099
m1092	112443	L15100
m1097	112448	L15101
m1105	112457	L15102
m1113	112466	L15103
m1119	112473	L15104
m1122	112477	L15105
m1127	112482	L15106
m1129	112484	L15107
m1135	112490	L15108
m1136	112491	L15109
m1143	112499	L15110
m1158	112515	L15111
m1167	112525	L15112
m1177	112537	L15113
m1188	112551	L15114
m1196	112558	L15115
m1198	112560	L15116
m1212	112577	L15117
m1215	112581	L15118
m1223	112591	L15119
m1227	112595	L15120
m1227_sc	112596	L15121
m1232	112601	L15122
m1236	112605	L15123
m1245	112616	L15124
m1289	112662	L15125
m1292	112665	L15126
m1299	112673	L15127
m1354	112737	L15128
m1384	112768	L15129
m1385	112769	L15130
m1389	112773	L15131
m1395	112779	L15132
m1400	112784	L15133
m1407	112792	L15134
m1411	112797	L15135
m1416	112803	L15136
m1423	112810	L15137
m1433	112821	L15138
m1439	112827	L15139
m1451	112840	L15140
m1453	112842	L15141
m1456	112848	L15142
m1459	112851	L15143
m1459_sc	112852	L15144
m1475	112868	L15145
m1476	112869	L15146
m1477	112870	L15147
m1485	112879	L15148
m1587	112881	L15149
m1593	112888	L15150
m1600	112896	L15151
m1608	112904	L15152
m1671	112975	L15153
m1683	112986	L15154
m1707	113012	L15155
m1713	113019	L15156
m1723	113032	L15157
m1724	113033	L15158
m1732	113042	L15159
m1739	113049	L15160
m1747	113057	L15161
m1778	113089	L15162
m1781	113093	L15163
m1782	113094	L15164
m1813	113116	L15165
m1823	113123	L15166
m1827	113130	L15167
m1834	113135	L15168
m1836	113138	L15169
m1853	113157	L15170
m1857	113161	L15171
m1862	113165	L15172
m1864	113167	L15173
m1873	113177	L15174
m1876	113181	L15175
m9603	113281	L15176
m9605	113283	L15177
m9606	113284	L15178
m9607	113286	L15179
m9608	113287	L15180
m9609	113288	L15181
n0009	113346	L15182
n0012	113351	L15183
n0013	113352	L15184
n0039	113381	L15185
n0064	113414	L15186
n0069	113419	L15187
n0081	113433	L15188
n0087	113441	L15189
n0102	113459	L15190
n0108	113466	L15191
n0112	113470	L15192
n0117	113476	L15193
n0148	113511	L15194
n0160	113523	L15195
n0180	113548	L15196
n0185	113553	L15197
n0193	113563	L15198
n0198	113568	L15199
n0211	113581	L15200
n0226	113598	L15201
n0233	113607	L15202
n0249	113625	L15203
n0269	113646	L15204
n0275	113653	L15205
n0276	113655	L15206
n0281	113660	L15207
n0286	113665	L15208
n0293	113676	L15209
n0294	113677	L15210
n0294_sc	113678	L15211
n0295	113679	L15212
n0298	113682	L15213
n0301	113686	L15214
n0313	113699	L15215
n0325	113711	L15216
n0329	113715	L15217
n0335	113721	L15218
n0335_sc	113722	L15219
n0338	113725	L15220
n0442	113748	L15221
n0443	113749	L15222
n0444	113750	L15223
n0447	113753	L15224
n0448	113755	L15225
n0453	113760	L15226
n0478	113784	L15227
n0489	113794	L15228
n0504	113809	L15229
n0505	113810	L15230
n0529	113835	L15231
n0533	113839	L15232
n0534	113840	L15233
n0543	113851	L15234
n0548	113856	L15235
n0552	113861	L15236
n0567	113878	L15237
n0579	113892	L15238
n0586	113899	L15239
n0602	113918	L15240
n0606	113923	L15241
n0616	113933	L15242
n0627	113944	L15243
n0641	113959	L15244
n0647	113964	L15245
n0658	113977	L15246
n0676	113996	L15247
n0684	114004	L15248
n0699	114016	L15249
n0710	114026	L15250
n0712	114029	L15251
n0717	114034	L15252
n0720	114038	L15253
n0750	114058	L15254
n0756	114063	L15255
n9320	114098	L15256
n9322	114100	L15257
n9701	114117	L15258
n9823	114165	L15259
n9911	114167	L15260
o0003	114174	L15261
o0004	114175	L15262
o0005	114176	L15263
o0008	114180	L15264
o0010	114182	L15265
o0011	114183	L15266
o0011_sc	114184	L15267
o0012	114185	L15268
o0013	114186	L15269
o0014	114187	L15270
o0017	114190	L15271
o0019	114192	L15272
o0022	114195	L15273
o0023	114196	L15274
o0025	114198	L15275
o0026	114199	L15276
o0027	114200	L15277
o0028	114201	L15278
o0030	114203	L15279
o0031	114204	L15280
o0032	114205	L15281
o0034	114207	L15282
o0035	114208	L15283
o0038	114211	L15284
o0040	114215	L15285
o0041	114216	L15286
o0042	114217	L15287
o0045	114220	L15288
o0047	114222	L15289
o0048	114223	L15290
o0049	114224	L15291
o0050	114225	L15292
o0051	114226	L15293
o0052	114227	L15294
o0058	114233	L15295
o0061	114237	L15296
o0068	114245	L15297
o0069	114246	L15298
o0070	114247	L15299
o0072	114249	L15300
o0080	114257	L15301
o0087	114265	L15302
o0090	114268	L15303
o0091	114269	L15304
o0094	114272	L15305
o0096	114274	L15306
o0097	114275	L15307
o0098	114276	L15308
o0099	114277	L15309
o0102	114280	L15310
o0104	114282	L15311
o0107	114285	L15312
o0112	114290	L15313
o0114	114293	L15314
o0120	114299	L15315
o0121	114300	L15316
o0123	114302	L15317
o0125	114304	L15318
o0126	114305	L15319
o0130	114309	L15320
o0132	114311	L15321
o0133	114312	L15322
o0134	114313	L15323
o0135	114314	L15324
o0137	114316	L15325
o0138	114317	L15326
o0139	114318	L15327
o0140	114319	L15328
o0142	114321	L15329
o0143	114322	L15330
o0146	114325	L15331
o0151	114330	L15332
o0152	114331	L15333
o0154	114333	L15334
o0159	114338	L15335
o0162	114341	L15336
o0163	114342	L15337
o0165	114344	L15338
o0171	114351	L15339
o0172	114352	L15340
o0174	114354	L15341
o0174_sc	114355	L15342
o0177	114358	L15343
o0179	114360	L15344
o0180	114361	L15345
o0181	114362	L15346
o0182	114363	L15347
o0189	114371	L15348
o0190	114372	L15349
o0191	114373	L15350
o0192	114374	L15351
o0194	114376	L15352
o0197	114379	L15353
o0202	114384	L15354
o0205	114388	L15355
o0209	114393	L15356
o0218	114403	L15357
o0221	114406	L15358
o0222	114407	L15359
o0228	114413	L15360
o0229	114414	L15361
o0234	114421	L15362
o0236	114423	L15363
o0241	114429	L15364
o0243	114432	L15365
o0246	114435	L15366
o0247	114436	L15367
o0248	114437	L15368
o0249	114438	L15369
o0250	114439	L15370
o0252	114441	L15371
o0255	114444	L15372
o0257	114447	L15373
o0258	114448	L15374
o0259	114449	L15375
o0262	114452	L15376
o0264	114456	L15377
o0267	114459	L15378
o0268	114460	L15379
o0269	114461	L15380
o0271	114464	L15381
o0273	114466	L15382
o0276	114469	L15383
o0277	114470	L15384
o0282	114476	L15385
o0285	114479	L15386
o0287	114481	L15387
o0289	114483	L15388
o0290	114484	L15389
o0291	114485	L15390
o0291_sc	114485	L15391
o0292	114486	L15392
o0293	114487	L15393
o0294	114488	L15394
o0297	114491	L15395
o0298	114492	L15396
o0299	114493	L15397
o0300	114494	L15398
o0304	114498	L15399
o0305	114499	L15400
o0307	114501	L15401
o0307_sc	114502	L15402
o0310	114505	L15403
o0311	114506	L15404
o0312	114507	L15405
o0313	114508	L15406
o0315	114510	L15407
o0318	114513	L15408
o0322	114517	L15409
o0323	114519	L15410
o0329	114525	L15411
o0330	114526	L15412
o0331	114527	L15413
o0336	114532	L15414
o0337	114533	L15415
o0338	114534	L15416
o0341	114537	L15417
o0342	114538	L15418
o0344	114540	L15419
o0347	114543	L15420
o0350	114547	L15421
o0351	114548	L15422
o0353	114550	L15423
o0355	114552	L15424
o0356	114553	L15425
o0359	114556	L15426
o0364	114561	L15427
o0365	114562	L15428
o0368	114565	L15429
o0376	114574	L15430
o0380	114578	L15431
o0386	114585	L15432
o0387	114586	L15433
o0390	114591	L15434
o0391	114592	L15435
o0392	114593	L15436
o0396	114597	L15437
o0398	114600	L15438
o0399	114601	L15439
o0403	114605	L15440
o0404	114606	L15441
o0405	114607	L15442
o0406	114608	L15443
o0407	114609	L15444
o0411	114613	L15445
o0412	114614	L15446
o0417	114620	L15447
o0419	114622	L15448
o0420	114623	L15449
o0426	114629	L15450
o0427	114630	L15451
o0437	114645	L15452
o0441	114649	L15453
o0444	114652	L15454
o0450	114658	L15455
o0468	114677	L15456
o0488	114697	L15457
o0500	114714	L15458
o0506	114721	L15459
o0526	114742	L15460
o0562	114784	L15461
o0570	114792	L15462
o0581	114806	L15463
o0586	114812	L15464
o0588	114814	L15465
o0589	114815	L15466
o0591	114817	L15467
o0592	114818	L15468
o0595	114821	L15469
o0596	114822	L15470
o0597	114823	L15471
o0599	114825	L15472
o0603	114829	L15473
o0637	114867	L15474
o0643	114874	L15475
o0645	114876	L15476
o0650	114881	L15477
o0657	114888	L15478
o0670	114902	L15479
o0696	114928	L15480
o0699	114931	L15481
o0700	114932	L15482
o0744	114974	L15483
o0747	114978	L15484
o0769	115002	L15485
o0777	115010	L15486
o0790	115025	L15487
o0792	115027	L15488
o0793	115029	L15489
o0798	115034	L15490
o0821	115059	L15491
o0831	115071	L15492
o0837	115080	L15493
o0843	115088	L15494
o0853	115099	L15495
o0854	115100	L15496
o0855	115101	L15497
o0856	115102	L15498
o0857	115103	L15499
o0858	115104	L15500
o0859	115105	L15501
o0860	115106	L15502
o0862	115108	L15503
o0863	115109	L15504
o0871	115118	L15505
o0874	115121	L15506
o0875	115122	L15507
o0876	115123	L15508
o0884	115131	L15509
o0889	115137	L15510
o0894	115142	L15511
o0895	115143	L15512
o0896	115145	L15513
o0909	115160	L15514
o0913	115164	L15515
o0915	115167	L15516
o0944	115195	L15517
o0951	115202	L15518
o0977	115233	L15519
o0978	115235	L15520
o1006	115264	L15521
o1025	115284	L15522
o1027	115286	L15523
o1070	115338	L15524
o1075	115344	L15525
o1079	115348	L15526
o1095	115363	L15527
o1108	115377	L15528
o1145	115418	L15529
o1156	115433	L15530
o1167	115445	L15531
o1201	115485	L15532
o9036	115490	L15533
o9249	115493	L15534
o9251	115494	L15535
o9287	115495	L15536
o9344	115496	L15537
o9350	115501	L15538
o9648	115505	L15539
o9742	115545	L15540
p0009	115574	L15541
p0019	115587	L15542
p0021	115590	L15543
p0022	115591	L15544
p0023	115592	L15545
p0028	115597	L15546
p0035	115606	L15547
p0041	115612	L15548
p0052	115624	L15549
p0072	115648	L15550
p0084	115663	L15551
p0108	115693	L15552
p0114	115699	L15553
p0114_sc	115700	L15554
p0118	115704	L15555
p0123	115709	L15556
p0133	115720	L15557
p0141	115728	L15558
p0147	115735	L15559
p0148	115737	L15560
p0158	115748	L15561
p0160	115750	L15562
p0161	115752	L15563
p0188	115786	L15564
p0213	115812	L15565
p0214	115813	L15566
p0215	115814	L15567
p0217	115818	L15568
p0276	115892	L15569
p0279	115895	L15570
p0351	115984	L15571
p0361	115995	L15572
p0367	116001	L15573
p0390	116030	L15574
p0391	116031	L15575
p0410	116051	L15576
p0411	116052	L15577
p0413	116054	L15578
p0419	116061	L15579
p0442	116085	L15580
p0459	116104	L15581
p0468	116114	L15582
p0472	116118	L15583
p0477	116123	L15584
p0481	116127	L15585
p0496	116142	L15586
p0497	116144	L15587
p0513	116164	L15588
p0517	116168	L15589
p0523	116174	L15590
p0529	116181	L15591
p0540	116193	L15592
p0543	116196	L15593
p0544	116197	L15594
p0549	116202	L15595
p0566	116223	L15596
p0586	116246	L15597
p0589	116252	L15598
p0592	116255	L15599
p0600	116265	L15600
p0606	116274	L15601
p0607	116275	L15602
p0607_sc	116276	L15603
p0610	116279	L15604
p0614	116283	L15605
p0619	116288	L15606
p0632	116303	L15607
p0635	116307	L15608
p0639	116311	L15609
p0644	116316	L15610
p0659	116332	L15611
p0668	116341	L15612
p0688	116364	L15613
p0692	116368	L15614
p0724	116404	L15615
p0725	116405	L15616
p0727	116407	L15617
p0738	116419	L15618
p0762	116448	L15619
p0769	116455	L15620
p0785	116472	L15621
p0787	116474	L15622
p0796	116485	L15623
p0805	116497	L15624
p0809	116501	L15625
p0814	116506	L15626
p0819	116512	L15627
p0821	116514	L15628
p0871	116575	L15629
p0873	116577	L15630
p0876	116580	L15631
p0879	116583	L15632
p0880	116584	L15633
p0881	116585	L15634
p0882	116586	L15635
p0885	116589	L15636
p0889	116593	L15637
p0891	116595	L15638
p0898	116602	L15639
p0900	116604	L15640
p0904	116608	L15641
p0905	116609	L15642
p0913	116617	L15643
p0914	116618	L15644
p0915	116619	L15645
p0921	116625	L15646
p0922	116626	L15647
p0927	116631	L15648
p0929	116633	L15649
p0930	116634	L15650
p0932	116636	L15651
p0933	116637	L15652
p0934	116638	L15653
p0939	116643	L15654
p0941	116645	L15655
p0942	116646	L15656
p0948	116652	L15657
p0951	116656	L15658
p0955	116660	L15659
p0957	116662	L15660
p0958	116663	L15661
p0962	116667	L15662
p0966	116671	L15663
p0967	116672	L15664
p0968	116673	L15665
p0972	116677	L15666
p0978	116684	L15667
p0980	116686	L15668
p0983	116689	L15669
p0984	116690	L15670
p0985	116691	L15671
p0986	116692	L15672
p0988	116694	L15673
p0990	116696	L15674
p0992	116698	L15675
p0994	116700	L15676
p0995	116701	L15677
p0998	116704	L15678
p1003	116709	L15679
p1008	116714	L15680
p1011	116717	L15681
p1012	116718	L15682
p1013	116719	L15683
p1016	116722	L15684
p1020	116726	L15685
p1022	116728	L15686
p1028	116734	L15687
p1032	116738	L15688
p1033	116739	L15689
p1035	116741	L15690
p1036	116742	L15691
p1037	116743	L15692
p1039	116745	L15693
p1040	116746	L15694
p1041	116747	L15695
p1043	116749	L15696
p1050	116757	L15697
p1052	116759	L15698
p1053	116760	L15699
p1054	116761	L15700
p1062	116769	L15701
p1065	116774	L15702
p1078	116788	L15703
p1079	116789	L15704
p1081	116791	L15705
p1082	116792	L15706
p1083	116793	L15707
p1086	116796	L15708
p1092	116802	L15709
p1093	116803	L15710
p1106	116816	L15711
p1107	116817	L15712
p1108	116818	L15713
p1111	116821	L15714
p1118	116829	L15715
p1119	116830	L15716
p1127	116838	L15717
p1128	116839	L15718
p1129	116840	L15719
p1130	116841	L15720
p1132	116843	L15721
p1138	116849	L15722
p1139	116850	L15723
p1143	116854	L15724
p1144	116855	L15725
p1146	116857	L15726
p1147	116858	L15727
p1152	116863	L15728
p1153	116864	L15729
p1154	116865	L15730
p1156	116867	L15731
p1157	116868	L15732
p1161	116872	L15733
p1163	116874	L15734
p1165	116876	L15735
p1166	116877	L15736
p1169	116880	L15737
p1170	116881	L15738
p1171	116882	L15739
p1174	116886	L15740
p1176	116888	L15741
p1177	116889	L15742
p1179	116891	L15743
p1180	116892	L15744
p1182	116894	L15745
p1183	116895	L15746
p1190	116902	L15747
p1191	116903	L15748
p1192	116904	L15749
p1196	116908	L15750
p1196_sc	116909	L15751
p1200	116913	L15752
p1210	116924	L15753
p1213	116928	L15754
p1228	116943	L15755
p1230	116945	L15756
p1237	116952	L15757
p1253	116968	L15758
p1293	117010	L15759
p1295	117012	L15760
p1300	117017	L15761
p1306	117023	L15762
p1308	117025	L15763
p1310	117027	L15764
p1311	117028	L15765
p1312	117029	L15766
p1315	117032	L15767
p1319	117036	L15768
p1324	117041	L15769
p1325	117042	L15770
p1327	117044	L15771
p1330	117047	L15772
p1331	117048	L15773
p1332	117049	L15774
p1337	117054	L15775
p1338	117055	L15776
p1339	117056	L15777
p1341	117059	L15778
p1343	117061	L15779
p1344	117062	L15780
p1354	117072	L15781
p1355	117073	L15782
p1356	117074	L15783
p1357	117075	L15784
p1362	117080	L15785
p1367	117085	L15786
p1374	117092	L15787
p1375	117093	L15788
p1376	117094	L15789
p1378	117096	L15790
p1379	117097	L15791
p1382	117101	L15792
p1384	117103	L15793
p1388	117107	L15794
p1391	117110	L15795
p1394	117113	L15796
p1395	117114	L15797
p1396	117115	L15798
p1406	117125	L15799
p1411	117130	L15800
p1413	117132	L15801
p1417	117136	L15802
p1420	117139	L15803
p1422	117141	L15804
p1423	117142	L15805
p1427	117146	L15806
p1436	117155	L15807
p1437	117156	L15808
p1438	117157	L15809
p1439	117158	L15810
p1446	117167	L15811
p1447	117168	L15812
p1450	117171	L15813
p1454	117176	L15814
p1455	117177	L15815
p1460	117183	L15816
p1463	117186	L15817
p1472	117195	L15818
p1477	117200	L15819
p1483	117207	L15820
p1487	117212	L15821
p1493	117218	L15822
p1496	117221	L15823
p1500	117225	L15824
p1502	117227	L15825
p1504	117229	L15826
p1505	117230	L15827
p1506	117231	L15828
p1508	117233	L15829
p1512	117238	L15830
p1513	117239	L15831
p1516	117242	L15832
p1520	117246	L15833
p1521	117247	L15834
p1524	117250	L15835
p1525	117251	L15836
p1529	117255	L15837
p1530	117256	L15838
p1533	117259	L15839
p1535	117261	L15840
p1536	117262	L15841
p1537	117263	L15842
p1539	117265	L15843
p1543	117269	L15844
p1545	117271	L15845
p1549	117275	L15846
p1550	117276	L15847
p1552	117278	L15848
p1554	117280	L15849
p1559	117286	L15850
p1562	117289	L15851
p1563	117290	L15852
p1567	117294	L15853
p1571	117299	L15854
p1571_sc	117298	L15855
p1575	117303	L15856
p1576	117304	L15857
p1577	117305	L15858
p1578	117306	L15859
p1581	117309	L15860
p1586	117314	L15861
p1587	117315	L15862
p1591	117319	L15863
p1595	117323	L15864
p1596	117324	L15865
p1607	117335	L15866
p1609	117337	L15867
p1612	117340	L15868
p1613	117341	L15869
p1618	117346	L15870
p1621	117349	L15871
p1623	117351	L15872
p1624	117352	L15873
p1625	117353	L15874
p1626	117354	L15875
p1627	117355	L15876
p1628	117356	L15877
p1630	117358	L15878
p1631	117359	L15879
p1632	117360	L15880
p1634	117362	L15881
p1642	117371	L15882
p1644	117373	L15883
p1646	117375	L15884
p1648	117377	L15885
p1649	117378	L15886
p1650	117379	L15887
p1651	117380	L15888
p1653	117382	L15889
p1654	117383	L15890
p1657	117386	L15891
p1658	117387	L15892
p1660	117389	L15893
p1661	117390	L15894
p1662	117391	L15895
p1664	117393	L15896
p1665	117394	L15897
p1671	117400	L15898
p1671_sc	117401	L15899
p1674	117404	L15900
p1675	117405	L15901
p1676	117406	L15902
p1677	117407	L15903
p1678	117408	L15904
p1680	117410	L15905
p1681	117411	L15906
p1683	117413	L15907
p1685	117415	L15908
p1687	117417	L15909
p1695	117425	L15910
p1697	117427	L15911
p1700	117431	L15912
p1703	117434	L15913
p1705	117436	L15914
p1709	117440	L15915
p1712	117443	L15916
p1713	117444	L15917
p1714	117445	L15918
p1715	117446	L15919
p1719	117450	L15920
p1720	117451	L15921
p1724	117455	L15922
p1726	117457	L15923
p1730	117461	L15924
p1737	117468	L15925
p1738	117469	L15926
p1743	117476	L15927
p1745	117478	L15928
p1746	117479	L15929
p1748	117481	L15930
p1750	117484	L15931
p1753	117487	L15932
p1754	117488	L15933
p1755	117489	L15934
p1756	117490	L15935
p1757	117491	L15936
p1758	117492	L15937
p1760	117494	L15938
p1761	117495	L15939
p1764	117498	L15940
p1770	117504	L15941
p1799	117537	L15942
p1808	117548	L15943
p1814	117554	L15944
p1851	117597	L15945
p1915	117665	L15946
p1928	117678	L15947
p1967	117720	L15948
p1977	117730	L15949
p1979	117732	L15950
p1979_sc	117732	L15951
p2013	117766	L15952
p2025	117780	L15953
p2038	117797	L15954
p2043	117803	L15955
p2046	117806	L15956
p2049	117809	L15957
p2049_sc	117810	L15958
p2052	117814	L15959
p2053	117816	L15960
p2068	117835	L15961
p2070	117838	L15962
p2081	117852	L15963
p2084	117857	L15964
p2087	117860	L15965
p2088	117861	L15966
p2089	117862	L15967
p2092	117865	L15968
p2094	117868	L15969
p2111	117886	L15970
p2113	117888	L15971
p2115	117891	L15972
p2126	117903	L15973
p2128	117906	L15974
p2130	117908	L15975
p2132	117910	L15976
p2137	117918	L15977
p2157	117944	L15978
p2159	117946	L15979
p2168	117955	L15980
p2172	117960	L15981
p2218	118010	L15982
p2221	118013	L15983
p2226	118019	L15984
p2227	118020	L15985
p2238	118032	L15986
p2241	118035	L15987
p2251	118047	L15988
p2255	118053	L15989
p2263	118061	L15990
p2272	118073	L15991
p2278	118082	L15992
p2279	118083	L15993
p2303	118113	L15994
p2306	118116	L15995
p2320	118131	L15996
p2333	118144	L15997
p2352	118164	L15998
p2361	118174	L15999
p2363	118176	L16000
p2374	118191	L16001
p2377	118194	L16002
p2381	118199	L16003
p2384	118202	L16004
p2429	118257	L16005
p2441	118271	L16006
p2455	118285	L16007
p2463	118293	L16008
p2466	118297	L16009
p2469	118300	L16010
p2473	118305	L16011
p2474	118306	L16012
p2476	118308	L16013
p2479	118312	L16014
p2539	118387	L16015
p2555	118406	L16016
p2584	118439	L16017
p2600	118456	L16018
p2602	118459	L16019
p2615	118473	L16020
p2642	118504	L16021
p2653	118518	L16022
p2671	118540	L16023
p2681	118550	L16024
p2695	118567	L16025
p2696	118568	L16026
p2697	118569	L16027
p2705	118578	L16028
p2710	118583	L16029
p2714	118587	L16030
p2717	118592	L16031
p2719	118594	L16032
p2731	118607	L16033
p2733	118609	L16034
p2741	118617	L16035
p2744	118621	L16036
p2751	118629	L16037
p2753	118634	L16038
p2765	118648	L16039
p2774	118658	L16040
p2775	118659	L16041
p2776	118660	L16042
p2778	118666	L16043
p2779	118667	L16044
p2782	118670	L16045
p2790	118681	L16046
p2792	118683	L16047
p2794	118685	L16048
p2795	118686	L16049
p2796	118687	L16050
p2798	118689	L16051
p2805	118696	L16052
p2810	118701	L16053
p2815	118706	L16054
p2817	118708	L16055
p2819	118710	L16056
p2820	118711	L16057
p2825	118717	L16058
p2829	118721	L16059
p2832	118724	L16060
p2838	118730	L16061
p2841	118733	L16062
p2842	118734	L16063
p2843	118735	L16064
p2847	118739	L16065
p2850	118743	L16066
p2857	118751	L16067
p2860	118755	L16068
p2861	118756	L16069
p2866	118762	L16070
p2868	118764	L16071
p2871	118767	L16072
p2872	118768	L16073
p2873	118769	L16074
p2874	118770	L16075
p2877	118773	L16076
p2880	118778	L16077
p2881	118779	L16078
p2883	118781	L16079
p2884	118782	L16080
p2886	118784	L16081
p2889	118789	L16082
p2890	118790	L16083
p2892	118792	L16084
p2893	118793	L16085
p2898	118799	L16086
p2899	118800	L16087
p2903	118804	L16088
p2910	118812	L16089
p2912	118814	L16090
p2916	118818	L16091
p2928	118832	L16092
p2929	118833	L16093
p2936	118840	L16094
p2940	118844	L16095
p2942	118846	L16096
p2947	118853	L16097
p2948	118854	L16098
p2951	118858	L16099
p2952	118859	L16100
p2954	118861	L16101
p2957	118865	L16102
p2959	118867	L16103
p2960	118868	L16104
p2961	118869	L16105
p2962	118870	L16106
p2967	118875	L16107
p2977	118886	L16108
p2983	118892	L16109
p2985	118894	L16110
p2987	118896	L16111
p2989	118898	L16112
p2990	118899	L16113
p2994	118903	L16114
p2995	118904	L16115
p2996	118905	L16116
p3000	118909	L16117
p3001	118910	L16118
p3002	118911	L16119
p3003	118912	L16120
p3005	118914	L16121
p3006	118915	L16122
p3008	118917	L16123
p3009	118918	L16124
p3011	118920	L16125
p3012	118921	L16126
p3013	118922	L16127
p3014	118923	L16128
p3016	118926	L16129
p3017	118927	L16130
p3019	118929	L16131
p3020	118930	L16132
p3022	118932	L16133
p3023	118933	L16134
p3024	118934	L16135
p3025	118935	L16136
p3029	118939	L16137
p3031	118941	L16138
p3036	118946	L16139
p3037	118947	L16140
p3039	118949	L16141
p3041	118951	L16142
p3042	118952	L16143
p3043	118953	L16144
p3044	118954	L16145
p3045	118955	L16146
p3046	118956	L16147
p3048	118958	L16148
p3049	118959	L16149
p3052	118962	L16150
p3053	118963	L16151
p3055	118965	L16152
p3056	118966	L16153
p3062	118972	L16154
p3068	118978	L16155
p3069	118979	L16156
p3070	118980	L16157
p3073	118983	L16158
p3077	118987	L16159
p3078	118988	L16160
p3080	118990	L16161
p3082	118992	L16162
p3084	118994	L16163
p3086	118996	L16164
p3088	118998	L16165
p3089	118999	L16166
p3094	119004	L16167
p3095	119005	L16168
p3096	119006	L16169
p3097	119007	L16170
p3102	119012	L16171
p3105	119015	L16172
p3106	119016	L16173
p3108	119018	L16174
p3109	119019	L16175
p3110	119020	L16176
p3113	119023	L16177
p3114	119024	L16178
p3116	119027	L16179
p3117	119028	L16180
p3118	119030	L16181
p3124	119036	L16182
p3126	119038	L16183
p3127	119039	L16184
p3130	119042	L16185
p3131	119043	L16186
p3133	119045	L16187
p3140	119052	L16188
p3141	119053	L16189
p3143	119055	L16190
p3144	119056	L16191
p3145	119057	L16192
p3149	119061	L16193
p3150	119062	L16194
p3151	119063	L16195
p3153	119065	L16196
p3156	119068	L16197
p3160	119072	L16198
p3161	119073	L16199
p3164	119076	L16200
p3166	119078	L16201
p3172	119084	L16202
p3174	119086	L16203
p3175	119087	L16204
p3176	119088	L16205
p3178	119090	L16206
p3180	119092	L16207
p3182	119095	L16208
p3183	119096	L16209
p3184	119097	L16210
p3185	119098	L16211
p3186	119099	L16212
p3191	119104	L16213
p3193	119106	L16214
p3195	119108	L16215
p3196	119109	L16216
p3198	119111	L16217
p3202	119115	L16218
p3204	119117	L16219
p3206	119119	L16220
p3211	119124	L16221
p3215	119128	L16222
p3219	119132	L16223
p3222	119135	L16224
p3225	119138	L16225
p3226	119139	L16226
p3231	119144	L16227
p3234	119148	L16228
p3236	119150	L16229
p3241	119156	L16230
p3242	119157	L16231
p3247	119162	L16232
p3249	119164	L16233
p3252	119167	L16234
p3255	119170	L16235
p3256	119171	L16236
p3258	119173	L16237
p3259	119174	L16238
p3262	119177	L16239
p3266	119181	L16240
p3270	119185	L16241
p3276	119191	L16242
p3277	119192	L16243
p3280	119198	L16244
p3282	119200	L16245
p3283	119201	L16246
p3287	119205	L16247
p3292	119210	L16248
p3293	119211	L16249
p3296	119214	L16250
p3300	119218	L16251
p3302	119220	L16252
p3303	119221	L16253
p3304	119222	L16254
p3306	119224	L16255
p3307	119225	L16256
p3308	119226	L16257
p3309	119227	L16258
p3310	119228	L16259
p3314	119232	L16260
p3320	119239	L16261
p3323	119242	L16262
p3325	119244	L16263
p3329	119249	L16264
p3330	119250	L16265
p3332	119252	L16266
p3335	119255	L16267
p3336	119256	L16268
p3338	119258	L16269
p3343	119263	L16270
p3345	119265	L16271
p3347	119267	L16272
p3354	119274	L16273
p3355	119275	L16274
p3356	119276	L16275
p3357	119277	L16276
p3358	119278	L16277
p3360	119280	L16278
p3361	119281	L16279
p3362	119282	L16280
p3365	119285	L16281
p3367	119288	L16282
p3368	119289	L16283
p3369	119290	L16284
p3370	119291	L16285
p3372	119293	L16286
p3373	119294	L16287
p3375	119296	L16288
p3376	119297	L16289
p3377	119298	L16290
p3378	119299	L16291
p3380	119301	L16292
p3381	119302	L16293
p3382	119303	L16294
p3383	119304	L16295
p3385	119306	L16296
p3386	119307	L16297
p3387	119308	L16298
p3388	119309	L16299
p3390	119311	L16300
p3392	119314	L16301
p3393	119315	L16302
p3394	119316	L16303
p3395	119317	L16304
p3396	119318	L16305
p3398	119320	L16306
p3400	119322	L16307
p3401	119323	L16308
p3402	119324	L16309
p3408	119332	L16310
p3410	119334	L16311
p3411	119335	L16312
p3412	119336	L16313
p3413	119337	L16314
p3415	119339	L16315
p3418	119342	L16316
p3419	119343	L16317
p3419_sc	119344	L16318
p3421	119346	L16319
p3427	119355	L16320
p3428	119356	L16321
p3429	119357	L16322
p3431	119359	L16323
p3435	119364	L16324
p3436	119366	L16325
p3438	119368	L16326
p3441	119371	L16327
p3443	119373	L16328
p3444	119374	L16329
p3445	119375	L16330
p3449	119379	L16331
p3452	119382	L16332
p3453	119383	L16333
p3454	119384	L16334
p3456	119386	L16335
p3461	119392	L16336
p3465	119396	L16337
p3496	119430	L16338
p3499	119434	L16339
p3502	119437	L16340
p3506	119441	L16341
p3513	119448	L16342
p3569	119506	L16343
p3575	119512	L16344
p3590	119530	L16345
p3618	119559	L16346
p3620	119561	L16347
p3623	119564	L16348
p3634	119577	L16349
p3639	119582	L16350
p3641	119584	L16351
p3652	119595	L16352
p3654	119597	L16353
p3656	119599	L16354
p3657	119600	L16355
p3659	119602	L16356
p3662	119605	L16357
p3665	119610	L16358
p3666	119612	L16359
p3673	119620	L16360
p3678	119625	L16361
p3679	119626	L16362
p3681	119628	L16363
p3683	119630	L16364
p3687	119634	L16365
p3691	119638	L16366
p3692	119639	L16367
p3699	119646	L16368
p3700	119647	L16369
p3704	119651	L16370
p3705	119652	L16371
p3708	119655	L16372
p3709	119656	L16373
p3712	119659	L16374
p3721	119668	L16375
p3729	119676	L16376
p3731	119678	L16377
p3732	119679	L16378
p3734	119681	L16379
p3738	119685	L16380
p3747	119696	L16381
p3752	119701	L16382
p3756	119705	L16383
p3763	119712	L16384
p3764	119714	L16385
p3767	119717	L16386
p3771	119721	L16387
p3772	119722	L16388
p3773	119723	L16389
p3774	119724	L16390
p3777	119727	L16391
p3779	119729	L16392
p3780	119730	L16393
p3783	119735	L16394
p3787	119740	L16395
p3790	119743	L16396
p3794	119747	L16397
p3795	119748	L16398
p3796	119749	L16399
p3797	119751	L16400
p3800	119754	L16401
p3804	119759	L16402
p3810	119765	L16403
p3815	119770	L16404
p3816	119771	L16405
p3819	119774	L16406
p3822	119777	L16407
p3827	119782	L16408
p3828	119783	L16409
p3834	119789	L16410
p3835	119790	L16411
p3836	119791	L16412
p3837	119792	L16413
p3840	119795	L16414
p3843	119798	L16415
p3850	119805	L16416
p3852	119807	L16417
p3856	119811	L16418
p3857	119812	L16419
p3858	119813	L16420
p3867	119823	L16421
p3870	119826	L16422
p3873	119830	L16423
p3874	119831	L16424
p3877	119834	L16425
p3878	119835	L16426
p3879	119836	L16427
p3882	119839	L16428
p3888	119845	L16429
p3890	119847	L16430
p3891	119848	L16431
p3895	119852	L16432
p3898	119856	L16433
p3901	119859	L16434
p3905	119863	L16435
p3913	119873	L16436
p3914	119874	L16437
p3915	119875	L16438
p3918	119878	L16439
p3924	119884	L16440
p3926	119888	L16441
p3931	119893	L16442
p3937	119900	L16443
p3943	119906	L16444
p3945	119908	L16445
p3949	119912	L16446
p3951	119914	L16447
p3953	119916	L16448
p3959	119924	L16449
p3962	119927	L16450
p3969	119934	L16451
p3973	119938	L16452
p3983	119948	L16453
p3984	119949	L16454
p3985	119950	L16455
p3989	119954	L16456
p3991	119956	L16457
p3993	119958	L16458
p4000	119965	L16459
p4006	119971	L16460
p4008	119973	L16461
p4015	119980	L16462
p4023	119988	L16463
p4039	120005	L16464
p4042	120008	L16465
p4043	120009	L16466
p4044	120010	L16467
p4050	120017	L16468
p4052	120020	L16469
p4056	120024	L16470
p4057	120025	L16471
p4061	120029	L16472
p4066	120035	L16473
p4067	120036	L16474
p4078	120048	L16475
p4080	120051	L16476
p4083	120054	L16477
p4085	120056	L16478
p4095	120066	L16479
p4096	120067	L16480
p4098	120069	L16481
p4099	120070	L16482
p4100	120071	L16483
p4103	120074	L16484
p4106	120077	L16485
p4108	120079	L16486
p4121	120092	L16487
p4123	120094	L16488
p4126	120097	L16489
p4129	120100	L16490
p4132	120103	L16491
p4135	120106	L16492
p4139	120111	L16493
p4142	120114	L16494
p4146	120118	L16495
p4149	120121	L16496
p4150	120122	L16497
p4152	120124	L16498
p4160	120132	L16499
p4162	120134	L16500
p4164	120136	L16501
p4166	120138	L16502
p4167	120139	L16503
p4168	120140	L16504
p4169	120141	L16505
p4171	120143	L16506
p4175	120148	L16507
p4183	120156	L16508
p4186	120159	L16509
p4190	120163	L16510
p4196	120169	L16511
p4200	120173	L16512
p4201	120174	L16513
p4203	120176	L16514
p4208	120181	L16515
p4209	120182	L16516
p4210	120183	L16517
p4214	120187	L16518
p4221	120195	L16519
p4223	120197	L16520
p4232	120206	L16521
p4233	120207	L16522
p4234	120208	L16523
p4235	120209	L16524
p4238	120212	L16525
p4244	120218	L16526
p4259	120234	L16527
p4267	120242	L16528
p4270	120245	L16529
p4325	120301	L16530
p4330	120306	L16531
p4365	120344	L16532
p4369	120348	L16533
p4376	120357	L16534
p4379	120360	L16535
p4380	120361	L16536
p4391	120372	L16537
p4393	120374	L16538
p4397	120378	L16539
p4405	120386	L16540
p4406	120387	L16541
p4418	120401	L16542
p4432	120417	L16543
p4437	120423	L16544
p4458	120445	L16545
p4461	120448	L16546
p4461_sc	120449	L16547
p4477	120465	L16548
p4479	120468	L16549
p4486	120475	L16550
p4494	120483	L16551
p4500	120489	L16552
p4502	120491	L16553
p4514	120504	L16554
p4528	120518	L16555
p4534	120525	L16556
p4543	120536	L16557
p4552	120545	L16558
p4553	120546	L16559
p4556	120549	L16560
p4563	120556	L16561
p4566	120559	L16562
p4572	120566	L16563
p4590	120585	L16564
p4591	120586	L16565
p4604	120600	L16566
p4605	120601	L16567
p4613	120610	L16568
p4618	120615	L16569
p4619	120616	L16570
p4621	120618	L16571
p4621_sc	120619	L16572
p4666	120667	L16573
p4673	120674	L16574
p4688	120689	L16575
p4694	120695	L16576
p4697	120698	L16577
p4698	120699	L16578
p5000	120701	L16579
p6376	120725	L16580
p6421	120727	L16581
p6434	120729	L16582
p6435	120730	L16583
p6691	120733	L16584
p7128	120742	L16585
p8357	120761	L16586
p8413	120762	L16587
p9933	120925	L16588
p9941	120927	L16589
p9942	120928	L16590
p9947	120934	L16591
p9948	120935	L16592
q0067	121018	L16593
q0078	121028	L16594
q0087	121037	L16595
q0090	121041	L16596
q0095	121046	L16597
q0099	121050	L16598
q0156	121120	L16599
q0164	121128	L16600
q0178	121142	L16601
q0183	121148	L16602
q0189	121155	L16603
q0191	121157	L16604
q0206	121174	L16605
q0209	121178	L16606
q0219	121190	L16607
q0281	121257	L16608
q0282	121258	L16609
q0293	121271	L16610
q0294	121272	L16611
q9103	121311	L16612
r0085	121448	L16613
r0230	121597	L16614
r0247	121614	L16615
r0279	121646	L16616
r0284	121652	L16617
r0352	121723	L16618
r0374	121745	L16619
r0388	121760	L16620
r0446	121818	L16621
r0960	122336	L16622
r0961	122337	L16623
r0962	122340	L16624
r0963	122342	L16625
r0964	122343	L16626
r0965	122345	L16627
r0966	122346	L16628
r0967	122347	L16629
r0967_sc	122348	L16630
r0969	122349	L16631
r0970	122350	L16632
r0971	122351	L16633
r0972	122352	L16634
r0973	122353	L16635
r0974	122354	L16636
r0975	122355	L16637
r0976	122356	L16638
r0977	122357	L16639
r0978	122358	L16640
r0979	122359	L16641
r0980	122360	L16642
r0981	122361	L16643
r0982	122362	L16644
r0983	122363	L16645
r0984	122364	L16646
r0985	122365	L16647
r0986	122366	L16648
r0987	122367	L16649
r0988	122368	L16650
r0989	122369	L16651
r0991	122371	L16652
r0991_sc	122372	L16653
r0992	122373	L16654
r0993	122374	L16655
r0994	122375	L16656
r0995	122377	L16657
r0996	122378	L16658
r0997	122379	L16659
r0999	122380	L16660
r1000	122381	L16661
r1001	122382	L16662
r1002	122383	L16663
r1003	122384	L16664
r1004	122385	L16665
r1005	122386	L16666
r1006	122387	L16667
r1007	122388	L16668
r1008	122389	L16669
r1009	122390	L16670
r1010	122391	L16671
r1011	122392	L16672
r1012	122393	L16673
r1013	122394	L16674
r1014	122395	L16675
r1015	122396	L16676
r1016	122397	L16677
r1017	122398	L16678
r1018	122399	L16679
r1019	122400	L16680
r1020	122401	L16681
r1021	122402	L16682
r1022	122403	L16683
r1023	122404	L16684
r1024	122405	L16685
r1025	122406	L16686
r1026	122407	L16687
r1027	122408	L16688
r1028	122409	L16689
r1029	122410	L16690
r1030	122411	L16691
r1031	122412	L16692
r1032	122413	L16693
r1033	122414	L16694
r1034	122415	L16695
r1035	122416	L16696
r1036	122417	L16697
r1037	122418	L16698
r1038	122419	L16699
r1040	122420	L16700
r1041	122421	L16701
r1042	122422	L16702
r1043	122423	L16703
r1044	122425	L16704
r1045	122427	L16705
r1046	122428	L16706
r1047	122430	L16707
r1048	122431	L16708
r1049	122432	L16709
r1050	122433	L16710
r1051	122434	L16711
r1052	122435	L16712
r1053	122436	L16713
r1054	122437	L16714
r1055	122438	L16715
r1056	122439	L16716
r1057	122440	L16717
r1058	122441	L16718
r1059	122442	L16719
r1060	122443	L16720
r1061	122444	L16721
r1062	122445	L16722
r1063	122446	L16723
r1064	122447	L16724
r1067	122450	L16725
r1068	122451	L16726
r1069	122452	L16727
r1070	122453	L16728
r1071	122454	L16729
r1072	122455	L16730
r1073	122456	L16731
r1074	122457	L16732
r1075	122458	L16733
r1076	122459	L16734
r1077	122460	L16735
r1078	122461	L16736
r1079	122462	L16737
r1080	122463	L16738
r1081	122464	L16739
r1082	122465	L16740
r1083	122466	L16741
r1084	122467	L16742
r1085	122468	L16743
r1086	122469	L16744
r1087	122470	L16745
r1088	122471	L16746
r1089	122472	L16747
r1090	122473	L16748
r1091	122474	L16749
r1092	122475	L16750
r1093	122476	L16751
r1094	122477	L16752
r1095	122478	L16753
r1096	122479	L16754
r1097	122480	L16755
r1098	122481	L16756
r1099	122482	L16757
r1100	122483	L16758
r1101	122484	L16759
r1102	122485	L16760
r1103	122486	L16761
r1104	122487	L16762
r1105	122488	L16763
r1106	122489	L16764
r1107	122490	L16765
r1110	122493	L16766
r1111	122494	L16767
r1112	122495	L16768
r1113	122496	L16769
r1113_sc	122497	L16770
r1115	122499	L16771
r1116	122500	L16772
r1117	122501	L16773
r1118	122502	L16774
r1119	122503	L16775
r1120	122504	L16776
r1121	122505	L16777
r1122	122506	L16778
r1123	122507	L16779
r1124	122508	L16780
r1125	122509	L16781
r1126	122510	L16782
r1126_sc	122511	L16783
r1127	122512	L16784
r1128	122513	L16785
r1129	122514	L16786
r1130	122515	L16787
r1131	122516	L16788
r1132	122517	L16789
r1133	122518	L16790
r1134	122520	L16791
r1135	122521	L16792
r1136	122522	L16793
r1137	122523	L16794
r1138	122524	L16795
r1139	122525	L16796
r1140	122526	L16797
r1141	122527	L16798
r1143	122529	L16799
r1144	122530	L16800
r1145	122531	L16801
r1146	122532	L16802
r1147	122533	L16803
r1148	122534	L16804
r1149	122535	L16805
r1150	122536	L16806
r1151	122537	L16807
r1152	122538	L16808
r1153	122539	L16809
r1154	122540	L16810
r1155	122541	L16811
r1156	122542	L16812
r1157	122544	L16813
r1158	122545	L16814
r1159	122547	L16815
r1160	122548	L16816
r1161	122549	L16817
r1162	122550	L16818
r1163	122551	L16819
r1164	122552	L16820
r1165	122553	L16821
r1166	122554	L16822
r1167	122555	L16823
r1168	122556	L16824
r1169	122557	L16825
r1170	122558	L16826
r1171	122559	L16827
r1172	122560	L16828
r1173	122561	L16829
r1175	122563	L16830
r1176	122564	L16831
r1177	122565	L16832
r1178	122566	L16833
r1179	122567	L16834
r1180	122568	L16835
r1181	122569	L16836
r1183	122572	L16837
r1184	122573	L16838
r1185	122574	L16839
r1185_sc	122575	L16840
r1186	122577	L16841
r1187	122578	L16842
r1188	122579	L16843
r1189	122580	L16844
r1192	122583	L16845
r1193	122584	L16846
r1194	122585	L16847
r1195	122586	L16848
r1196	122587	L16849
r1197	122588	L16850
r1198	122589	L16851
r1199	122590	L16852
r1200	122592	L16853
r1201	122593	L16854
r1202	122594	L16855
r1203	122595	L16856
r1204	122596	L16857
r1205	122597	L16858
r1206	122598	L16859
r1207	122599	L16860
r1208	122601	L16861
r1210	122602	L16862
r1211	122603	L16863
r1212	122604	L16864
r1213	122605	L16865
r1214	122606	L16866
r1215	122607	L16867
r1216	122608	L16868
r1218	122610	L16869
r1219	122611	L16870
r1230	122612	L16871
r1231	122613	L16872
r1232	122615	L16873
r1233	122616	L16874
r1235	122618	L16875
r1236	122619	L16876
r1237	122620	L16877
r1238	122621	L16878
r1239	122622	L16879
r1240	122623	L16880
r1241	122624	L16881
r1241_sc	122625	L16882
r1242	122626	L16883
r1243	122627	L16884
r1244	122628	L16885
r1245	122629	L16886
r1246	122630	L16887
r1247	122631	L16888
r1248	122632	L16889
r1249	122633	L16890
r1250	122634	L16891
r1251	122635	L16892
r1252	122636	L16893
r1253	122637	L16894
r1254	122638	L16895
r1255	122639	L16896
r1256	122640	L16897
r1257	122642	L16898
r1258	122643	L16899
r1259	122644	L16900
r1260	122645	L16901
r1261	122646	L16902
r1262	122647	L16903
r1263	122648	L16904
r1264	122649	L16905
r1265	122650	L16906
r1266	122651	L16907
r1267	122652	L16908
r1268	122653	L16909
r1269	122654	L16910
r1270	122655	L16911
r1271	122656	L16912
r1272	122657	L16913
r1273	122658	L16914
r1275	122660	L16915
r1276	122661	L16916
r1277	122662	L16917
r1278	122663	L16918
r1279	122664	L16919
r1280	122665	L16920
r1282	122667	L16921
r1283	122668	L16922
r1284	122669	L16923
r1285	122670	L16924
r1286	122671	L16925
r1287	122672	L16926
r1288	122673	L16927
r1290	122675	L16928
r1291	122676	L16929
r1292	122677	L16930
r1293	122678	L16931
r1294	122679	L16932
r1295	122680	L16933
r1296	122681	L16934
r1297	122682	L16935
r1298	122683	L16936
r1299	122684	L16937
r1300	122685	L16938
r1301	122686	L16939
r1302	122687	L16940
r1303	122688	L16941
r1304	122689	L16942
r1305	122690	L16943
r1306	122691	L16944
r1307	122692	L16945
r1308	122693	L16946
r1309	122694	L16947
r1310	122695	L16948
r1311	122696	L16949
r1312	122697	L16950
r1313	122698	L16951
r1314	122699	L16952
r1315	122700	L16953
r1316	122701	L16954
r1317	122702	L16955
r1318	122703	L16956
r1319	122704	L16957
r1320	122705	L16958
r1323	122708	L16959
r1324	122709	L16960
r1325	122710	L16961
r1326	122711	L16962
r1328	122713	L16963
r1329	122714	L16964
r1330	122715	L16965
r1331	122716	L16966
r1332	122717	L16967
r1333	122718	L16968
r1334	122719	L16969
r1335	122720	L16970
r1336	122721	L16971
r1337	122722	L16972
r1338	122723	L16973
r1339	122724	L16974
r1340	122725	L16975
r1341	122726	L16976
r1342	122727	L16977
r1343	122728	L16978
r1344	122729	L16979
r1345	122731	L16980
r1346	122732	L16981
r1347	122733	L16982
r1348	122734	L16983
r1349	122735	L16984
r1350	122736	L16985
r1351	122737	L16986
r1352	122738	L16987
r1352_sc	122739	L16988
r1353	122740	L16989
r1354	122741	L16990
r1355	122742	L16991
r1356	122743	L16992
r1357	122744	L16993
r1358	122745	L16994
r1359	122746	L16995
r1360	122747	L16996
r1361	122748	L16997
r1362	122749	L16998
r1363	122750	L16999
r1364	122751	L17000
r1365	122752	L17001
r1366	122753	L17002
r1367	122754	L17003
r1368	122755	L17004
r1369	122756	L17005
r1370	122757	L17006
r1371	122758	L17007
r1372	122759	L17008
r1373	122760	L17009
r1374	122761	L17010
r1375	122762	L17011
r1376	122763	L17012
r1377	122764	L17013
r1378	122765	L17014
r1379	122766	L17015
r1380	122767	L17016
r1381	122768	L17017
r1382	122769	L17018
r1383	122770	L17019
r1384	122771	L17020
r1385	122772	L17021
r1386	122773	L17022
r1387	122774	L17023
r1388	122775	L17024
r1389	122776	L17025
r1390	122777	L17026
r1391	122778	L17027
r1392	122779	L17028
r1393	122780	L17029
r1394	122781	L17030
r1395	122782	L17031
r1396	122783	L17032
r1397	122784	L17033
r1398	122785	L17034
r1399	122786	L17035
r1400	122787	L17036
r1401	122788	L17037
r1402	122789	L17038
r1403	122790	L17039
r1405	122791	L17040
r1415	122792	L17041
r1417	122794	L17042
r1418	122795	L17043
r1419	122796	L17044
r1420	122797	L17045
r1421	122798	L17046
r1422	122799	L17047
r1426	122800	L17048
r1427	122801	L17049
r1428	122802	L17050
r1429	122803	L17051
r1430	122804	L17052
r1431	122805	L17053
r1432	122806	L17054
r1433	122807	L17055
r1434	122809	L17056
r1435	122810	L17057
r1436	122811	L17058
r1437	122812	L17059
r1438	122813	L17060
r1439	122814	L17061
r1440	122815	L17062
r1441	122816	L17063
r1442	122817	L17064
r1442_sc	122818	L17065
r1443	122819	L17066
r1444	122820	L17067
r1445	122821	L17068
r1446	122822	L17069
r1448	122824	L17070
r1449	122825	L17071
r1450	122826	L17072
r1451	122828	L17073
r1452	122829	L17074
r1453	122830	L17075
r1454	122831	L17076
r1455	122833	L17077
r1456	122834	L17078
r1457	122835	L17079
r1457_sc	122836	L17080
r1458	122837	L17081
r1459	122838	L17082
r1461	122841	L17083
r1462	122842	L17084
r1463	122843	L17085
r1464	122844	L17086
r1465	122845	L17087
r1466	122847	L17088
r1467	122848	L17089
r1468	122849	L17090
r1469	122850	L17091
r1470	122851	L17092
r1471	122852	L17093
r1472	122853	L17094
r1473	122854	L17095
r1474	122855	L17096
r1475	122856	L17097
r1476	122857	L17098
r1477	122858	L17099
r1478	122859	L17100
r1479	122860	L17101
r1479_sc	122861	L17102
r1480	122862	L17103
r1481	122863	L17104
r1482	122865	L17105
r1484	122867	L17106
r1485	122868	L17107
r1486	122869	L17108
r1487	122870	L17109
r1488	122871	L17110
r1489	122872	L17111
r1490	122873	L17112
r1491	122875	L17113
r1492	122876	L17114
r1493	122878	L17115
r1494	122879	L17116
r1495	122880	L17117
r1496	122881	L17118
r1497	122882	L17119
r1498	122883	L17120
r1499	122884	L17121
r1500	122886	L17122
r1501	122888	L17123
r1502	122889	L17124
r1503	122890	L17125
r1504	122891	L17126
r1505	122892	L17127
r1506	122893	L17128
r7053	122959	L17129
r8002	122964	L17130
r8003	122965	L17131
r8004	122966	L17132
r8005	122967	L17133
r8006	122968	L17134
r8007	122969	L17135
r8008	122970	L17136
r8009	122971	L17137
r8010	122972	L17138
r8061	122973	L17139
r8138	122974	L17140
r8212	122975	L17141
r9144	122986	L17142
r9367	122989	L17143
r9375	122990	L17144
r9611	122992	L17145
r9990	123006	L17146
s0009	123028	L17147
s0018	123037	L17148
s0023	123044	L17149
s0031	123054	L17150
s0064	123094	L17151
s0071	123101	L17152
s0095	123125	L17153
s0117	123149	L17154
s0118	123150	L17155
s0124	123157	L17156
s0169	123210	L17157
s0173	123214	L17158
s0179	123220	L17159
s0183	123224	L17160
s0200	123242	L17161
s0212	123254	L17162
s0213	123255	L17163
s0225	123267	L17164
s0229	123271	L17165
s0232	123275	L17166
s0245	123288	L17167
s0257	123301	L17168
s0268	123313	L17169
s0273	123318	L17170
s0303	123350	L17171
s0312	123359	L17172
s0327	123374	L17173
s0328	123375	L17174
s0339	123386	L17175
s0345	123392	L17176
s0352	123399	L17177
s0376	123424	L17178
s0381	123429	L17179
s0387	123436	L17180
s0403	123454	L17181
s0409	123460	L17182
s0412	123463	L17183
s0424	123476	L17184
s0432	123485	L17185
s0433	123486	L17186
s0434	123487	L17187
s0438	123491	L17188
s0444	123498	L17189
s0454	123509	L17190
s0464	123520	L17191
s0469	123526	L17192
s0486	123543	L17193
s0501	123560	L17194
s0505	123564	L17195
s0508	123567	L17196
s0529	123589	L17197
s0531	123592	L17198
s0537	123599	L17199
s0550	123615	L17200
s0553	123618	L17201
s0573	123638	L17202
s0575	123640	L17203
s0578	123643	L17204
s0582	123647	L17205
s0586	123652	L17206
s0594	123660	L17207
s0647	123724	L17208
s0651	123728	L17209
s0665	123743	L17210
s0672	123751	L17211
s0680	123759	L17212
s0687	123766	L17213
s0707	123786	L17214
s0708	123787	L17215
s0741	123823	L17216
s0746	123828	L17217
s0753	123835	L17218
s0758	123840	L17219
s0765	123847	L17220
s0766	123848	L17221
s0773	123855	L17222
s0801	123887	L17223
s0805	123891	L17224
s0816	123902	L17225
s0831	123918	L17226
s0849	123938	L17227
s0856	123945	L17228
s0858	123947	L17229
s0862	123951	L17230
s0875	123965	L17231
s0880	123970	L17232
s0881	123971	L17233
s0887	123977	L17234
s0912	124004	L17235
s0920	124012	L17236
s0922	124014	L17237
s0923	124015	L17238
s0942	124035	L17239
s0948	124043	L17240
s0952	124047	L17241
s0958	124054	L17242
s0961	124057	L17243
s0972	124069	L17244
s0998	124099	L17245
s1024	124125	L17246
s1060	124163	L17247
s1095	124200	L17248
s1151	124258	L17249
s1163	124270	L17250
s1186	124293	L17251
s1207	124315	L17252
s1207_sc	124316	L17253
s1223	124333	L17254
s1241	124351	L17255
s1243	124353	L17256
s1259	124369	L17257
s1268	124379	L17258
s1332	124444	L17259
s1345	124458	L17260
s1357	124471	L17261
s1359	124474	L17262
s1374	124490	L17263
s1379	124498	L17264
s1381	124501	L17265
s1384	124504	L17266
s1385	124505	L17267
s1386	124506	L17268
s1395	124515	L17269
s1409	124530	L17270
s1419	124541	L17271
s1428	124551	L17272
s1430	124554	L17273
s1492	124621	L17274
s1501	124631	L17275
s1504	124634	L17276
s1511	124641	L17277
s1551	124683	L17278
s1565	124700	L17279
s1569	124704	L17280
s1574	124709	L17281
s1575	124710	L17282
s1579	124714	L17283
s1598	124734	L17284
s1604	124741	L17285
s1623	124762	L17286
s1624	124763	L17287
s1627	124766	L17288
s1638	124777	L17289
s1638_sc	124778	L17290
s1657	124797	L17291
s1663	124803	L17292
s1695	124837	L17293
s1703	124845	L17294
s1705	124847	L17295
s1722	124866	L17296
s1729	124875	L17297
s1731	124877	L17298
s1741	124887	L17299
s1748	124894	L17300
s1749	124895	L17301
s1756	124907	L17302
s1762	124914	L17303
s1791	124944	L17304
s1804	124957	L17305
s1835	124989	L17306
s1838	124992	L17307
s1852	125010	L17308
s1890	125051	L17309
s1897	125058	L17310
s1900	125061	L17311
s1914	125075	L17312
s1922	125083	L17313
s1927	125088	L17314
s1932	125093	L17315
s1937	125098	L17316
s1946	125108	L17317
s1961	125124	L17318
s1973	125136	L17319
s1991	125159	L17320
s1996	125164	L17321
s2001	125171	L17322
s2008	125178	L17323
s2008_sc	125179	L17324
s2011	125182	L17325
s2027	125201	L17326
s2036	125212	L17327
s2046	125222	L17328
s2061	125237	L17329
s2064	125240	L17330
s2087	125268	L17331
s2104	125285	L17332
s2118	125299	L17333
s2132	125314	L17334
s2146	125332	L17335
s2147	125334	L17336
s2156	125343	L17337
s2181	125369	L17338
s2183	125371	L17339
s2187	125376	L17340
s2215	125407	L17341
s2219	125411	L17342
s2223	125415	L17343
s2229	125421	L17344
s2230	125422	L17345
s2231	125423	L17346
s2233	125425	L17347
s2252	125446	L17348
s2254	125449	L17349
s2260	125455	L17350
s2270	125465	L17351
s2276	125471	L17352
s2286	125481	L17353
s2292	125487	L17354
s2298	125493	L17355
s2300	125495	L17356
s2306	125502	L17357
s2313	125511	L17358
s2314	125512	L17359
s2314_sc	125513	L17360
s2339	125539	L17361
s2342	125542	L17362
s2346	125548	L17363
s2362	125566	L17364
s2403	125612	L17365
s2405	125614	L17366
s2424	125634	L17367
s2439	125650	L17368
s2447	125658	L17369
s2452	125664	L17370
s2454	125666	L17371
s2457	125669	L17372
s2460	125672	L17373
s2468	125683	L17374
s2478	125693	L17375
s2479	125694	L17376
s2479_sc	125695	L17377
s2486	125702	L17378
s2488	125705	L17379
s2497	125714	L17380
s2502	125719	L17381
s2508	125726	L17382
s2512	125730	L17383
s2536	125755	L17384
s2556	125779	L17385
s2564	125787	L17386
s2583	125809	L17387
s2585	125811	L17388
s2586	125812	L17389
s2589	125815	L17390
s2599	125825	L17391
s2607	125834	L17392
s2612	125839	L17393
s2614	125841	L17394
s2616	125843	L17395
s2646	125874	L17396
s2656	125886	L17397
s2666	125897	L17398
s2667	125898	L17399
s2668	125899	L17400
s2669	125900	L17401
s2679	125910	L17402
s2695	125928	L17403
s2707	125943	L17404
s2721	125958	L17405
s2729	125966	L17406
s2737	125975	L17407
s2746	125984	L17408
s2751	125989	L17409
s2754	125992	L17410
s2755	125993	L17411
s2758	125996	L17412
s2759	125997	L17413
s2761	125999	L17414
s2763	126001	L17415
s2764	126002	L17416
s2765	126003	L17417
s2767	126005	L17418
s2770	126008	L17419
s2771	126009	L17420
s2774	126012	L17421
s2781	126019	L17422
s2791	126029	L17423
s2799	126037	L17424
s2801	126039	L17425
s2805	126043	L17426
s2807	126045	L17427
s2808	126046	L17428
s2815	126054	L17429
s2820	126059	L17430
s2824	126063	L17431
s2825	126064	L17432
s2828	126068	L17433
s2829	126069	L17434
s2834	126074	L17435
s2835	126075	L17436
s2836	126076	L17437
s2843	126084	L17438
s2844	126085	L17439
s2847	126088	L17440
s2851	126093	L17441
s2852	126094	L17442
s2853	126095	L17443
s2854	126096	L17444
s2860	126102	L17445
s2863	126105	L17446
s2866	126108	L17447
s2870	126112	L17448
s2872	126114	L17449
s2877	126119	L17450
s2881	126123	L17451
s2882	126124	L17452
s2885	126127	L17453
s2888	126130	L17454
s2889	126131	L17455
s2890	126132	L17456
s2891	126133	L17457
s2892	126134	L17458
s2894	126136	L17459
s2896	126138	L17460
s2897	126139	L17461
s2898	126140	L17462
s2901	126143	L17463
s2903	126145	L17464
s2904	126146	L17465
s2909	126151	L17466
s2914	126156	L17467
s2920	126162	L17468
s2921	126163	L17469
s2922	126164	L17470
s2923	126165	L17471
s2925	126167	L17472
s2926	126168	L17473
s2928	126170	L17474
s2930	126172	L17475
s2931	126173	L17476
s2934	126176	L17477
s2937	126179	L17478
s2941	126183	L17479
s2947	126190	L17480
s2949	126193	L17481
s2952	126196	L17482
s2954	126198	L17483
s2955	126199	L17484
s2957	126201	L17485
s2963	126208	L17486
s2965	126210	L17487
s2968	126213	L17488
s2970	126215	L17489
s2976	126221	L17490
s2979	126224	L17491
s2985	126230	L17492
s2989	126234	L17493
s2992	126237	L17494
s2993	126238	L17495
s2994	126239	L17496
s2995	126240	L17497
s2996	126241	L17498
s2997	126242	L17499
s2998	126243	L17500
s3005	126250	L17501
s3008	126253	L17502
s3014	126259	L17503
s3015	126260	L17504
s3017	126263	L17505
s3019	126265	L17506
s3022	126268	L17507
s3023	126269	L17508
s3025	126271	L17509
s3028	126274	L17510
s3030	126276	L17511
s3031	126277	L17512
s3041	126287	L17513
s3042	126288	L17514
s3046	126292	L17515
s3051	126297	L17516
s3052	126298	L17517
s3053	126299	L17518
s3059	126305	L17519
s3064	126310	L17520
s3067	126313	L17521
s3069	126315	L17522
s3074	126320	L17523
s3078	126324	L17524
s3081	126327	L17525
s3083	126329	L17526
s3087	126333	L17527
s3092	126338	L17528
s3094	126340	L17529
s3095	126341	L17530
s3102	126348	L17531
s3109	126355	L17532
s3113	126359	L17533
s3114	126360	L17534
s3115	126361	L17535
s3117	126363	L17536
s3121	126367	L17537
s3123	126369	L17538
s3132	126378	L17539
s3133	126379	L17540
s3138	126384	L17541
s3139	126385	L17542
s3140	126386	L17543
s3142	126388	L17544
s3148	126394	L17545
s3154	126400	L17546
s3156	126402	L17547
s3157	126403	L17548
s3161	126407	L17549
s3162	126408	L17550
s3163	126409	L17551
s3164	126410	L17552
s3169	126415	L17553
s3173	126419	L17554
s3174	126420	L17555
s3178	126425	L17556
s3180	126427	L17557
s3182	126429	L17558
s3183	126430	L17559
s3184	126431	L17560
s3185	126432	L17561
s3186	126433	L17562
s3187	126434	L17563
s3188	126435	L17564
s3190	126437	L17565
s3191	126438	L17566
s3192	126439	L17567
s3194	126441	L17568
s3195	126442	L17569
s3196	126443	L17570
s3198	126445	L17571
s3199	126446	L17572
s3203	126450	L17573
s3205	126452	L17574
s3206	126453	L17575
s3207	126454	L17576
s3208	126455	L17577
s3211	126458	L17578
s3214	126461	L17579
s3215	126462	L17580
s3216	126463	L17581
s3217	126464	L17582
s3219	126466	L17583
s3226	126473	L17584
s3228	126475	L17585
s3233	126480	L17586
s3235	126482	L17587
s3236	126483	L17588
s3237	126484	L17589
s3238	126485	L17590
s3248	126495	L17591
s3249	126496	L17592
s3251	126498	L17593
s3256	126503	L17594
s3257	126504	L17595
s3259	126506	L17596
s3260	126507	L17597
s3261	126508	L17598
s3276	126523	L17599
s3277	126524	L17600
s3285	126533	L17601
s3290	126538	L17602
s3291	126539	L17603
s3293	126541	L17604
s3297	126545	L17605
s3302	126550	L17606
s3306	126554	L17607
s3308	126556	L17608
s3310	126558	L17609
s3324	126573	L17610
s3330	126580	L17611
s3338	126588	L17612
s3341	126591	L17613
s3345	126595	L17614
s3346	126596	L17615
s3347	126597	L17616
s3351	126601	L17617
s3352	126602	L17618
s3354	126604	L17619
s3356	126606	L17620
s3362	126612	L17621
s3363	126613	L17622
s3366	126616	L17623
s3369	126619	L17624
s3370	126620	L17625
s3381	126632	L17626
s3384	126635	L17627
s3385	126636	L17628
s3386	126637	L17629
s3387	126638	L17630
s3389	126640	L17631
s3390	126641	L17632
s3393	126644	L17633
s3394	126645	L17634
s3395	126646	L17635
s3396	126647	L17636
s3397	126648	L17637
s3402	126653	L17638
s3406	126657	L17639
s3407	126658	L17640
s3412	126663	L17641
s3414	126665	L17642
s3425	126676	L17643
s3427	126679	L17644
s3436	126689	L17645
s3436_sc	126689	L17646
s3447	126701	L17647
s3452	126707	L17648
s3454	126709	L17649
s3459	126714	L17650
s3465	126721	L17651
s3466	126722	L17652
s3467	126723	L17653
s3468	126724	L17654
s3469	126725	L17655
s3472	126728	L17656
s3473	126729	L17657
s3474	126730	L17658
s3475	126731	L17659
s3478	126734	L17660
s3479	126735	L17661
s3480	126736	L17662
s3481	126737	L17663
s3483	126739	L17664
s3485	126742	L17665
s3486	126743	L17666
s3487	126744	L17667
s3491	126748	L17668
s3494	126751	L17669
s3497	126754	L17670
s3501	126758	L17671
s3503	126760	L17672
s3504	126761	L17673
s3505	126762	L17674
s3508	126765	L17675
s3510	126767	L17676
s3512	126769	L17677
s3513	126770	L17678
s3514	126771	L17679
s3515	126772	L17680
s3516	126773	L17681
s3517	126774	L17682
s3518	126775	L17683
s3520	126777	L17684
s3521	126778	L17685
s3523	126780	L17686
s3524	126781	L17687
s3525	126782	L17688
s3526	126783	L17689
s3527	126784	L17690
s3528	126785	L17691
s3529	126786	L17692
s3530	126787	L17693
s3531	126788	L17694
s3532	126789	L17695
s3534	126791	L17696
s3535	126792	L17697
s3537	126794	L17698
s3539	126796	L17699
s3540	126797	L17700
s3542	126799	L17701
s3543	126800	L17702
s3544	126801	L17703
s3545	126802	L17704
s3546	126803	L17705
s3547	126804	L17706
s3551	126809	L17707
s3552	126810	L17708
s3553	126811	L17709
s3555	126813	L17710
s3557	126815	L17711
s3559	126817	L17712
s3561	126819	L17713
s3562	126820	L17714
s3563	126821	L17715
s3564	126822	L17716
s3565	126823	L17717
s3567	126825	L17718
s3568	126826	L17719
s3569	126827	L17720
s3573	126832	L17721
s3575	126834	L17722
s3576	126835	L17723
s3577	126836	L17724
s3579	126838	L17725
s3580	126839	L17726
s3581	126840	L17727
s3582	126841	L17728
s3583	126842	L17729
s3584	126843	L17730
s3585	126844	L17731
s3586	126845	L17732
s3587	126846	L17733
s3588	126847	L17734
s3589	126848	L17735
s3590	126849	L17736
s3594	126853	L17737
s3598	126857	L17738
s3599	126858	L17739
s3600	126859	L17740
s3601	126860	L17741
s3602	126861	L17742
s3603	126862	L17743
s3604	126863	L17744
s3605	126864	L17745
s3606	126865	L17746
s3607	126866	L17747
s3609	126868	L17748
s3610	126869	L17749
s3611	126870	L17750
s3613	126872	L17751
s3614	126873	L17752
s3615	126874	L17753
s3616	126875	L17754
s3619	126878	L17755
s3620	126879	L17756
s3624	126884	L17757
s3626	126887	L17758
s3627	126888	L17759
s3629	126890	L17760
s3630	126891	L17761
s3631	126892	L17762
s3632	126893	L17763
s3633	126894	L17764
s3634	126895	L17765
s3636	126897	L17766
s3638	126899	L17767
s3640	126901	L17768
s3642	126903	L17769
s3643	126904	L17770
s3646	126907	L17771
s3647	126908	L17772
s3650	126911	L17773
s3652	126913	L17774
s3653	126914	L17775
s3654	126915	L17776
s3656	126917	L17777
s3660	126921	L17778
s3661	126922	L17779
s3662	126923	L17780
s3664	126925	L17781
s3671	126932	L17782
s3673	126934	L17783
s3674	126935	L17784
s3675	126936	L17785
s3676	126937	L17786
s3677	126938	L17787
s3678	126939	L17788
s3680	126941	L17789
s3682	126943	L17790
s3683	126944	L17791
s3685	126946	L17792
s3686	126947	L17793
s3687	126948	L17794
s3688	126949	L17795
s3689	126950	L17796
s3690	126951	L17797
s3691	126952	L17798
s3692	126953	L17799
s3693	126954	L17800
s3694	126955	L17801
s3696	126957	L17802
s3699	126960	L17803
s3700	126961	L17804
s3701	126962	L17805
s3702	126963	L17806
s3704	126965	L17807
s3704_sc	126965	L17808
s3705	126966	L17809
s3706	126967	L17810
s3708	126969	L17811
s3711	126972	L17812
s3712	126973	L17813
s3713	126974	L17814
s3716	126977	L17815
s3719	126980	L17816
s3721	126982	L17817
s3722	126983	L17818
s3722_sc	126984	L17819
s3723	126985	L17820
s3724	126986	L17821
s3725	126987	L17822
s3727	126989	L17823
s3728	126990	L17824
s3729	126991	L17825
s3731	126993	L17826
s3732	126994	L17827
s3733	126995	L17828
s3734	126996	L17829
s3735	126997	L17830
s3736	126998	L17831
s3740	127002	L17832
s3742	127004	L17833
s3744	127006	L17834
s3748	127011	L17835
s3749	127012	L17836
s3751	127014	L17837
s3754	127018	L17838
s3756	127020	L17839
s3758	127022	L17840
s3760	127024	L17841
s3761	127025	L17842
s3764	127028	L17843
s3766	127030	L17844
s3773	127037	L17845
s3777	127041	L17846
s3780	127044	L17847
s3789	127053	L17848
s3791	127055	L17849
s3794	127058	L17850
s3799	127063	L17851
s3802	127067	L17852
s3803	127068	L17853
s3808	127073	L17854
s3810	127075	L17855
s3811	127076	L17856
s3819	127084	L17857
s3823	127090	L17858
s3827	127094	L17859
s3831	127098	L17860
s3841	127108	L17861
s3848	127115	L17862
s3853	127121	L17863
s3857	127125	L17864
s3862	127130	L17865
s3866	127135	L17866
s3871	127140	L17867
s3877	127146	L17868
s3878	127147	L17869
s3879	127148	L17870
s3884	127153	L17871
s3906	127177	L17872
s3920	127191	L17873
s3953	127229	L17874
s3954	127230	L17875
s4021	127302	L17876
s4028	127311	L17877
s4031	127314	L17878
s4038	127321	L17879
s4040	126741	L17880
s6133	127324	L17881
s6230	127328	L17882
s6234	127332	L17883
s6237	127335	L17884
s6346	127338	L17885
s7731	127367	L17886
s7998	127372	L17887
s8575	127381	L17888
s9575	127405	L17889
s9912	127412	L17890
s9994	127506	L17891
t0003	127515	L17892
t0007	127520	L17893
t0007_sc	127521	L17894
t0017	127532	L17895
t0023	127538	L17896
t0033	127552	L17897
t0035	127555	L17898
t0043	127564	L17899
t0045	127566	L17900
t0056	127577	L17901
t0068	127590	L17902
t0069	127591	L17903
t0090	127613	L17904
t0096	127620	L17905
t0117	127643	L17906
t0117_sc	127644	L17907
t0129	127656	L17908
t0156	127684	L17909
t0174	127704	L17910
t0200	127731	L17911
t0228	127759	L17912
t0231	127762	L17913
t0241	127773	L17914
t0263	127795	L17915
t0278	127811	L17916
t0279	127812	L17917
t0284	127817	L17918
t0289	127822	L17919
t0291	127825	L17920
t0315	127850	L17921
t0319	127855	L17922
t0336	127873	L17923
t0348	127887	L17924
t0349	127888	L17925
t0360	127899	L17926
t0371	127911	L17927
t0378	127920	L17928
t0388	127931	L17929
t0395	127939	L17930
t0410	127954	L17931
t0441	127985	L17932
t0445	127991	L17933
t0450	127997	L17934
t0487	128040	L17935
t0503	128056	L17936
t0504	128057	L17937
t0513	128067	L17938
t0585	128144	L17939
t0592	128151	L17940
t0605	128165	L17941
t0646	128210	L17942
t0675	128242	L17943
t0695	128263	L17944
t0696	128264	L17945
t0696_sc	128265	L17946
t0710	128280	L17947
t0712	128282	L17948
t0717	128288	L17949
t0718	128289	L17950
t0726	128297	L17951
t0743	128318	L17952
t0747	128322	L17953
t0751	128326	L17954
t0752	128327	L17955
t0753	128328	L17956
t0777	128354	L17957
t0780	128357	L17958
t0785	128362	L17959
t0795	128372	L17960
t0796	128373	L17961
t0797	128374	L17962
t0803	128380	L17963
t0804	128381	L17964
t0811	128388	L17965
t0835	128421	L17966
t0849	128437	L17967
t0854	128442	L17968
t0855	128443	L17969
t0855_sc	128444	L17970
t0858	128447	L17971
t0860	128449	L17972
t0862	128451	L17973
t0863	128452	L17974
t0865	128454	L17975
t0872	128462	L17976
t0884	128476	L17977
t0919	128512	L17978
t0933	128526	L17979
t0956	128552	L17980
t0967	128563	L17981
t0970	128568	L17982
t0973	128571	L17983
t0978	128576	L17984
t0979	128577	L17985
t0982	128580	L17986
t0983	128581	L17987
t0988	128586	L17988
t0997	128595	L17989
t1001	128599	L17990
t1002	128600	L17991
t1005	128603	L17992
t1007	128605	L17993
t1009	128607	L17994
t1013	128611	L17995
t1014	128612	L17996
t1017	128615	L17997
t1019	128617	L17998
t1021	128619	L17999
t1023	128621	L18000
t1024	128622	L18001
t1026	128624	L18002
t1027	128625	L18003
t1028	128626	L18004
t1037	128635	L18005
t1040	128638	L18006
t1041	128639	L18007
t1042	128640	L18008
t1047	128645	L18009
t1049	128647	L18010
t1050	128648	L18011
t1058	128656	L18012
t1063	128661	L18013
t1067	128665	L18014
t1069	128667	L18015
t1072	128670	L18016
t1073	128671	L18017
t1074	128672	L18018
t1078	128676	L18019
t1080	128678	L18020
t1081	128679	L18021
t1082	128680	L18022
t1084	128682	L18023
t1087	128685	L18024
t1093	128692	L18025
t1095	128694	L18026
t1096	128695	L18027
t1101	128700	L18028
t1102	128701	L18029
t1104	128703	L18030
t1108	128707	L18031
t1110	128709	L18032
t1112	128711	L18033
t1113	128712	L18034
t1117	128716	L18035
t1119	128718	L18036
t1121	128720	L18037
t1143	128749	L18038
t1144	128750	L18039
t1148	128754	L18040
t1153	128759	L18041
t1156	128762	L18042
t1176	128787	L18043
t1184	128795	L18044
t1223	128840	L18045
t1268	128890	L18046
t1312	128941	L18047
t1337	128969	L18048
t1349	128981	L18049
t1351	128983	L18050
t1354	128986	L18051
t1361	128993	L18052
t1379	129011	L18053
t1380	129012	L18054
t1390	129025	L18055
t1406	129043	L18056
t1409	129046	L18057
t1420	129057	L18058
t1452	129090	L18059
t1453	129091	L18060
t1459	129098	L18061
t1463	129106	L18062
t1464	129107	L18063
t1468	129113	L18064
t1470	129115	L18065
t1473	129119	L18066
t1496	129148	L18067
t1497	129149	L18068
t1498	129150	L18069
t1688	129161	L18070
t1690	129163	L18071
t1694	129167	L18072
t1696	129169	L18073
t1705	129180	L18074
t1710	129185	L18075
t1711	129186	L18076
t1720	129197	L18077
t1723	129200	L18078
t1724	129201	L18079
t1725	129202	L18080
t1725_sc	129203	L18081
t1732	129210	L18082
t1738	129217	L18083
t1743	129224	L18084
t1747	129228	L18085
t1761	129241	L18086
t1770	129250	L18087
t1775	129255	L18088
t1783	129264	L18089
t1792	129273	L18090
t1810	129290	L18091
t1820	129298	L18092
t1829	129307	L18093
t1843	129322	L18094
t1860	129339	L18095
t8313	129360	L18096
t9036	129376	L18097
t9309	129381	L18098
t9312	129385	L18099
t9313	129386	L18100
t9314	129387	L18101
t9314_sc	129388	L18102
t9726	129400	L18103
t9873	129406	L18104
t9978	129431	L18105
u0014	129469	L18106
u0017	129472	L18107
u0021	129476	L18108
u0024	129481	L18109
u0029	129486	L18110
u0035	129492	L18111
u0037	129495	L18112
u0038	129497	L18113
u0047	129506	L18114
u0048	129507	L18115
u0050	129509	L18116
u0056	129515	L18117
u0062	129521	L18118
u0064	129523	L18119
u0073	129535	L18120
u0083	129545	L18121
u0086	129549	L18122
u0096	129559	L18123
u0102	129565	L18124
u0112	129576	L18125
u0117	129581	L18126
u0119	129583	L18127
u0122	129587	L18128
u0144	129614	L18129
u0148	129619	L18130
u0150	129621	L18131
u0160	129633	L18132
u0174	129648	L18133
u0192	129667	L18134
u0193	129668	L18135
u0198	129673	L18136
u0203	129678	L18137
u0210	129685	L18138
u0217	129693	L18139
u0233	129712	L18140
u0238	129718	L18141
u0244	129724	L18142
u0246	129726	L18143
u0248	129728	L18144
u0271	129754	L18145
u0274	129757	L18146
u0280	129766	L18147
u0293	129781	L18148
u0300	129790	L18149
u0302	129792	L18150
u0309	129799	L18151
u0312	129802	L18152
u0313	129803	L18153
u0324	129816	L18154
u0334	129826	L18155
u0360	129853	L18156
u0361	129854	L18157
u0365	129859	L18158
u0368	129862	L18159
u0369	129863	L18160
u0372	129867	L18161
u0383	129878	L18162
u0385	129881	L18163
u0392	129889	L18164
u0406	129904	L18165
u0410	129909	L18166
u0412	129911	L18167
u0417	129918	L18168
u0422	129923	L18169
u0433	129936	L18170
u0438	129942	L18171
u0454	129961	L18172
u0459	129966	L18173
u0465	129974	L18174
u0473	129982	L18175
u0475	129984	L18176
u0476	129986	L18177
u0482	129993	L18178
u0489	130002	L18179
u0510	130027	L18180
u0512	130029	L18181
u0526	130047	L18182
u0530	130051	L18183
u0537	130063	L18184
u0545	130073	L18185
u0557	130087	L18186
u0602	130136	L18187
u0612	130146	L18188
u0613	130147	L18189
u0626	130163	L18190
u0631	130168	L18191
u0635	130173	L18192
u0636	130174	L18193
u0636_sc	130175	L18194
u0644	130183	L18195
u0652	130191	L18196
u0653	130192	L18197
u0655	130195	L18198
u0658	130198	L18199
u0661	130201	L18200
u0685	130229	L18201
u0688	130232	L18202
u0691	130235	L18203
u0698	130243	L18204
u0707	130252	L18205
u0725	130270	L18206
u0730	130276	L18207
u0744	130292	L18208
u0751	130301	L18209
u0757	130307	L18210
u0757_sc	130308	L18211
u0772	130326	L18212
u0782	130338	L18213
u0784	130340	L18214
u0787	130343	L18215
u0807	130363	L18216
u0823	130380	L18217
u0826	130383	L18218
u0827	130384	L18219
u0831	130389	L18220
u0862	130423	L18221
u0865	130426	L18222
u0872	130433	L18223
u0888	130449	L18224
u0894	130456	L18225
u0904	130467	L18226
u0909	130472	L18227
u0919	130482	L18228
u0921	130485	L18229
u0942	130506	L18230
u0961	130526	L18231
u0977	130542	L18232
u0979	130544	L18233
u0982	130548	L18234
u0984	130551	L18235
u0985	130552	L18236
u0985_sc	130553	L18237
u0991	130559	L18238
u0995	130564	L18239
u0997	130566	L18240
u1006	130575	L18241
u1013	130582	L18242
u1017	130586	L18243
u1019	130588	L18244
u1068	130640	L18245
u1073	130645	L18246
u1079	130651	L18247
u1086	130658	L18248
u1091	130663	L18249
u1111	130685	L18250
u1131	130705	L18251
u1148	130725	L18252
u1149	130726	L18253
u1151	130728	L18254
u1152	130729	L18255
u1165	130743	L18256
u1167	130745	L18257
u1168	130746	L18258
u1188	130766	L18259
u1202	130780	L18260
u1211	130789	L18261
u1214	130793	L18262
u1222	130801	L18263
u1227	130805	L18264
u1252	130831	L18265
u1257	130837	L18266
u1266	130847	L18267
u1276	130859	L18268
u1285	130868	L18269
u1297	130882	L18270
u1299	130884	L18271
u1302	130888	L18272
u1305	130891	L18273
u1310	130897	L18274
u1317	130904	L18275
u1353	130944	L18276
u1363	130954	L18277
u1370	130961	L18278
u1377	130968	L18279
u1380	130971	L18280
u1393	130983	L18281
u7247	131021	L18282
u9015	131033	L18283
u9158	131039	L18284
u9161	131042	L18285
u9162	131043	L18286
u9366	131060	L18287
u9490	131068	L18288
u9545	131072	L18289
u9573	131073	L18290
u9574	131074	L18291
u9635	131087	L18292
u9720	131089	L18293
z0009	131194	L18294
z0026	131215	L18295
z0027	131216	L18296
z0028	131217	L18297
