lexeme	lila_lemma	wikibase_entry
a0200	L18688
a0010	L18610
a0015	L18611
a0018	L18612
a0021	L18613
a0022	L18614
a0027	L18615
a0030	L18616
a0034	L18617
a0035	L18618
a0038	L18619
a0040	L18620
a0042	L18621
a0043	L18622
a0044	L18623
a0046	L18624
a0047	L18625
a0048	L18626
a0050	L18627
a0050_sc	L18628
a0052	L18629
a0053	L18630
a0061	L18631
a0063	L18632
a0066	L18633
a0067	L18634
a0068	L18635
a0069	L18636
a0072	L18637
a0073	L18638
a0075	L18639
a0077	L18640
a0083	L18641
a0085	L18642
a0086	L18643
a0089	L18644
a0090	L18645
a0091	L18646
a0097	L18647
a0101	L18648
a0104	L18649
a0105	L18650
a0110	L18651
a0111	L18652
a0113	L18653
a0114	L18654
a0116	L18655
a0122	L18656
a0125	L18657
a0127	L18658
a0130	L18659
a0133	L18660
a0136	L18661
a0139	L18662
a0140	L18663
a0141	L18664
a0143	L18665
a0145	L18667
a0147	L18668
a0149	L18669
a0150	L18670
a0155	L18671
a0162	L18672
a0164	L18673
a0165	L18674
a0169	L18675
a0172	L18676
a0178	L18677
a0179	L18678
a0181	L18679
a0187	L18680
a0188	L18681
a0191	L18682
a0192	L18683
a0193	L18684
a0195	L18685
a0196	L18686
a0199	L18687
a0202	L18689
a0209	L18690
a0212	L18691
a0217	L18692
a0236	L18693
a0237	L18694
a0238	L18695
a0240	L18696
a0243	L18697
a0245	L18698
a0247	L18699
a0257	L18700
a0258	L18701
a0266	L18702
a0268	L18703
a0269	L18704
a0272	L18705
a0274	L18706
a0275	L18707
a0278	L18708
a0281	L18709
a0283	L18710
a0284	L18711
a0288	L18712
a0291	L18713
a0294	L18714
a0298	L18715
a0300	L18716
a0301	L18717
a0303	L18718
a0311	L18719
a0313	L18720
a0314	L18721
a0317	L18722
a0320	L18723
a0321	L18724
a0328	L18725
a0329	L18726
a0331	L18727
a0333	L18728
a0333_sc	L18729
a0342	L18730
a0352	L18731
a0354	L18732
a0358	L18733
a0358_sc	L18734
a0400	L18735
a0406	L18736
a0407	L18737
a0445	L18738
a0463	L18739
a0464	L18740
a0471	L18741
a0483	L18742
a0485	L18743
a0486	L18744
a0487	L18745
a0491	L18746
a0492	L18747
a0498	L18748
a0500	L18749
a0501	L18750
a0502	L18751
a0505	L18752
a0506	L18753
a0508	L18754
a0509	L18755
a0511	L18756
a0512	L18757
a0513	L18758
a0516	L18759
a0517	L18760
a0518	L18761
a0519	L18762
a0521	L18763
a0522	L18764
a0525	L18765
a0526	L18766
a0527	L18767
a0530	L18768
a0535	L18769
a0536	L18770
a0537	L18771
a0537_sc	L18772
a0541	L18773
a0542	L18774
a0545	L18775
a0546	L18776
a0553	L18777
a0556	L18778
a0557	L18779
a0559	L18780
a0560	L18781
a0561	L18782
a0564	L18783
a0565	L18784
a0567	L18785
a0573	L18786
a0574	L18787
a0577	L18788
a0585	L18789
a0586	L18790
a0588	L18791
a0589	L18792
a0592	L18793
a0593	L18794
a0594	L18795
a0595	L18796
a0596	L18797
a0597	L18798
a0598	L18799
a0599	L18800
a0600	L18801
a0603	L18802
a0607	L18803
a0614	L18804
a0615	L18805
a0617	L18806
a0618	L18807
a0623	L18808
a0628	L18809
a0630	L18810
a0639	L18811
a0640	L18812
a0641	L18813
a0643	L18814
a0645	L18815
a0646	L18816
a0647	L18817
a0648	L18818
a0653	L18819
a0662	L18820
a0668	L18821
a0669	L18822
a0676	L18823
a0679	L18824
a0680	L18825
a0682	L18826
a0683	L18827
a0684	L18828
a0690	L18829
a0692	L18830
a0693	L18831
a0694	L18832
a0695	L18833
a0697	L18834
a0698	L18835
a0699	L18836
a0700	L18837
a0701	L18838
a0703	L18839
a0704	L18840
a0707	L18841
a0708	L18842
a0709	L18843
a0710	L18844
a0716	L18845
a0717	L18846
a0718	L18847
a0719	L18848
a0721	L18849
a0722	L18850
a0723	L18851
a0724	L18852
a0727	L18853
a0729	L18854
a0730	L18855
a0732	L18856
a0733	L18857
a0740	L18858
a0748	L18859
a0751	L18860
a0752	L18861
a0753	L18862
a0754	L18863
a0757	L18864
a0758	L18865
a0759	L18866
a0760	L18867
a0761	L18868
a0764	L18869
a0766	L18870
a0768	L18871
a0770	L18872
a0772	L18873
a0774	L18874
a0777	L18875
a0780	L18876
a0781	L18877
a0792	L18878
a0793	L18879
a0796	L18880
a0797	L18881
a0799	L18882
a0800	L18883
a0807	L18884
a0809	L18885
a0810	L18886
a0811	L18887
a0820	L18888
a0822	L18889
a0829	L18890
a0831	L18891
a0832	L18892
a0833	L18893
a0835	L18894
a0836	L18895
a0841	L18896
a0852	L18897
a0860	L18898
a0862	L18899
a0880	L18900
a0880_sc	L18901
a0890	L18902
a0900	L18903
a0940	L18904
a0951	L18905
a0961	L18906
a0985	L18907
a0994	L18908
a1003	L18909
a1014	L18910
a1025	L18911
a1028	L18912
a1034	L18913
a1042	L18914
a1054	L18915
a1064	L18916
a1076	L18917
a1079	L18918
a1080	L18919
a1081	L18920
a1084	L18921
a1085	L18922
a1087	L18923
a1093	L18924
a1098	L18925
a1099	L18926
a1101	L18927
a1104	L18928
a1105	L18929
a1108	L18930
a1111	L18931
a1112	L18932
a1113	L18933
a1114	L18934
a1115	L18935
a1116	L18936
a1117	L18937
a1118	L18938
a1119	L18939
a1120	L18940
a1122	L18941
a1139	L18942
a1140	L18943
a1141	L18944
a1142	L18945
a1144	L18946
a1149	L18947
a1150	L18948
a1152	L18949
a1154	L18950
a1156	L18951
a1157	L18952
a1158	L18953
a1164	L18954
a1169	L18955
a1176	L18956
a1183	L18957
a1204	L18959
a1208	L18960
a1216	L18961
a1236	L18962
a1250	L18963
a1267	L18964
a1282	L18965
a1285	L18966
a1290	L18967
a1299	L18968
a1333	L18969
a1337	L18970
a1337_sc	L18971
a1359	L18972
a1362	L18973
a1378	L18974
a1379	L18975
a1384	L18976
a1385	L18977
a1386	L18978
a1387	L18979
a1388	L18980
a1390	L18981
a1392	L18982
a1393	L18983
a1398	L18984
a1403	L18985
a1404	L18986
a1408	L18987
a1414	L18988
a1415	L18989
a1416	L18990
a1417	L18991
a1418	L18992
a1424	L18993
a1425	L18994
a1426	L18995
a1428	L18996
a1434	L18997
a1436	L18998
a1437	L18999
a1439	L19000
a1440	L19001
a1441	L19002
a1442	L19003
a1457	L19004
a1461	L19005
a1474	L19006
a1486	L19008
a1493	L19009
a1495	L19010
a1499	L19011
a1508	L19012
a1527	L19013
a1533	L19014
a1537	L19015
a1552	L19016
a1570	L19017
a1571	L19018
a1576	L19019
a1578	L19020
a1579	L19021
a1585	L19022
a1586	L19023
a1590	L19024
a1600	L19025
a1612	L19026
a1622	L19027
a1626	L19028
a1650	L19029
a1653	L19030
a1679	L19031
a1682	L19032
a1684	L19033
a1688	L19034
a1692	L19035
a1694	L19036
a1705	L19037
a1709	L19038
a1712	L19039
a1723	L19040
a1724	L19041
a1752	L19042
a1762	L19043
a1766	L19044
a1772	L19045
a1774	L19046
a1777	L19047
a1781	L19048
a1786	L19049
a1792	L19050
a1812	L19051
a1874	L19052
a1875	L19053
a1878	L19054
a1895	L19055
a1896	L19056
a1899	L19057
a1919	L19058
a1925	L19059
a1944	L19060
a1951	L19061
a1957	L19062
a1957_sc	L19063
a1971	L19064
a1983	L19065
a2002	L19066
a2009	L19067
a2015	L19068
a2026	L19069
a2041	L19070
a2059	L19071
a2062	L19072
a2065	L19073
a2071	L19074
a2090	L19075
a2112	L19076
a2117	L19077
a2118	L19078
a2124	L19079
a2128	L19080
a2134	L19081
a2135	L19082
a2141	L19083
a2150	L19084
a2157	L19085
a2164	L19086
a2165	L19087
a2176	L19088
a2177	L19089
a2180	L19090
a2183	L19091
a2184	L19092
a2185	L19093
a2225	L19094
a2252	L19095
a2261	L19096
a2270	L19097
a2278	L19098
a2285	L19099
a2299	L19100
a2302	L19101
a2303	L19102
a2317	L19103
a2322	L19104
a2327	L19105
a2364	L19106
a2365	L19107
a2384	L19108
a2395	L19109
a2404	L19110
a2412	L19111
a2417	L19112
a2418	L19113
a2428	L19114
a2439	L19115
a2442	L19116
a2453	L19117
a2460	L19118
a2468	L19119
a2469	L19120
a2473	L19121
a2474	L19122
a2476	L19123
a2480	L19124
a2481	L19125
a2482	L19126
a2485	L19127
a2488	L19128
a2491	L19129
a2494	L19130
a2498	L19131
a2500	L19132
a2501	L19133
a2504	L19134
a2508	L19135
a2510	L19136
a2512	L19137
a2513	L19138
a2516	L19139
a2517	L19140
a2520	L19141
a2522	L19142
a2523	L19143
a2526	L19144
a2527	L19145
a2528	L19146
a2535	L19147
a2538	L19148
a2539	L19149
a2540	L19150
a2542	L19151
a2543	L19152
a2545	L19153
a2546	L19154
a2547	L19155
a2548	L19156
a2553	L19157
a2575	L19158
a2622	L19159
a2658	L19160
a2662	L19161
a2669	L19162
a2683	L19163
a2688	L19164
a2724	L19165
a2727	L19166
a2763	L19167
a2767	L19168
a2773	L19169
a2778	L19171
a2778_sc	L19172
a2806	L19173
a2809	L19174
a2816	L19175
a2834	L19176
a2888	L19177
a2895	L19178
a2901	L19179
a2912	L19180
a2918	L19181
a2919	L19182
a2920	L19183
a2921	L19184
a2924	L19185
a2928	L19186
a2929	L19187
a2956	L19188
a2967	L19189
a2971	L19190
a2978	L19191
a2980	L19192
a3003	L19193
a3016	L19194
a3021	L19195
a3027	L19196
a3028	L19197
a3034	L19198
a3068	L19199
a3070	L19200
a3075	L19201
a3083	L19202
a3084	L19203
a3091	L19204
a3096	L19205
a3101	L19206
a3107	L19207
a3110	L19208
a3116	L19209
a3123	L19210
a3124	L19211
a3134	L19212
a3135	L19213
a3137	L19214
a3140	L19215
a3141	L19216
a3145	L19217
a3147	L19218
a3154	L19219
a3155	L19220
a3156	L19221
a3157	L19222
a3159	L19223
a3160	L19224
a3162	L19225
a3168	L19226
a3169	L19227
a3170	L19228
a3171	L19229
a3175	L19230
a3177	L19231
a3183	L19232
a3184	L19233
a3186	L19234
a3187	L19235
a3188	L19236
a3190	L19237
a3191	L19238
a3192	L19239
a3193	L19240
a3194	L19241
a3196	L19242
a3201	L19243
a3203	L19244
a3204	L19245
a3209	L19246
a3210	L19247
a3212	L19248
a3213	L19249
a3229	L19250
a3237	L19251
a3238	L19252
a3239	L19253
a3247	L19254
a3249	L19255
a3253	L19256
a3255	L19257
a3259	L19258
a3276	L19259
a3280	L19260
a3329	L19261
a3334	L19262
a3337	L19263
a3339	L19265
a3344	L19266
a3345	L19267
a3346	L19268
a3351	L19269
a3352	L19270
a3355	L19271
a3358	L19272
a3361	L19273
a3362	L19274
a3363	L19275
a3365	L19276
a3366	L19277
a3368	L19278
a3369	L19279
a3370	L19280
a3372	L19281
a3373	L19282
a3376	L19283
a3378	L19299
a3379	L19286
a3380	L19287
a3381	L19288
a3385	L19289
a3386	L19290
a3388	L19291
a3389	L19292
a3400	L19293
a3406	L19294
a3412	L19295
a3413	L19296
a3416	L19297
a3423	L19304
a3432	L19305
a3437	L19306
a3440	L19307
a3443	L19308
a3448	L19309
a3450	L19310
a3451	L19311
a3455	L19312
a3456	L19313
a3457	L19314
a3463	L19315
a3465	L19316
a3468	L19317
a3469	L19318
a3470	L19319
a3471	L19320
a3472	L19321
a3478	L19322
a3490	L19323
a3491	L19324
a3497	L19325
a3525	L19326
a3527	L19327
a3540	L19328
a3566	L19329
a3574	L19330
a3577	L19331
a3577_sc	L19332
a3580	L19333
a3588	L19334
a3593	L19335
a3624	L19336
a3627	L19337
a3630	L19338
a3642	L19339
a3657	L19340
a3715	L19341
a6471	L19343
a7005	L19344
a7061	L19345
a7118	L19346
a7990	L19347
a8068	L19348
a8138	L19349
a8662	L19350
a9041	L19351
a9053	L19352
a9091	L19353
a9270	L19354
a9271	L19355
a9311	L19356
a9959	L19357
a9961	L19358
a9962	L19359
a9967	L19360
b0022	L19361
b0029	L19362
b0037	L19363
b0046	L19364
b0057	L19365
b0058	L19366
b0061	L19367
b0074	L19368
b0086	L19369
b0094	L19370
b0112	L19371
b0119	L19372
b0126	L19373
b0128	L19374
b0132	L19375
b0146	L19376
b0168	L19377
b0179	L19378
b0191	L19379
b0193	L19380
b0203	L19381
b0209	L19382
b0231	L19383
b0234	L19384
b0241	L19385
b0276	L19386
b0278	L19387
b0290	L19388
b0311	L19389
b0367	L19390
b0402	L19391
b0436	L19392
b0440	L19393
b0449	L19394
b0462	L19395
b0473	L19396
b0477	L19397
b0479	L19398
b0513	L19399
b0514	L19400
b0515	L19401
b0519	L19402
b0539	L19403
b0550	L19404
b0575	L19405
b0598	L19406
b0629	L19407
b0653	L19408
b0662	L19409
b0669	L19410
b0672	L19411
b0696	L19412
b0726	L19413
b0730	L19414
b0731	L19415
b0733	L19416
b0765	L19417
b0775	L19418
b0793	L19419
b9075	L19420
b9256	L19421
b9257	L19422
b9270	L19424
b9515	L19425
c0005	L19426
c0012	L19427
c0017	L19428
c0029	L19429
c0035	L19430
c0036	L19431
c0048	L19432
c0051	L19433
c0055	L19434
c0061	L19435
c0078	L19436
c0079	L19437
c0081	L19438
c0083	L19439
c0104	L19440
c0108	L19441
c0122	L19442
c0142	L19443
c0151	L19444
c0155	L19445
c0193	L19446
c0200	L19447
c0203	L19448
c0209	L19449
c0214	L19450
c0218	L19452
c0222	L19453
c0227	L19454
c0230	L19455
c0237	L19456
c0240	L19457
c0250	L19458
c0271	L19459
c0272	L19460
c0283	L19461
c0289	L19462
c0289_sc	L19463
c0296	L19464
c0298	L19465
c0299	L19466
c0310	L19467
c0311	L19468
c0324	L19469
c0335	L19470
c0344	L19471
c0372	L19472
c0376	L19473
c0376_sc	L19474
c0381	L19475
c0386	L19477
c0388	L19478
c0392	L19479
c0395	L19480
c0400	L19481
c0400_sc	L19482
c0405	L19483
c0428	L19484
c0432	L19485
c0462	L19486
c0464	L19487
c0466	L19488
c0470	L19489
c0481	L19490
c0484	L19491
c0485	L19492
c0492	L19493
c0500	L19494
c0505	L19495
c0545	L19496
c0552	L19497
c0573	L19498
c0580	L19499
c0582	L19500
c0589	L19501
c0601	L19502
c0604	L19503
c0612	L19504
c0627	L19505
c0637	L19506
c0646	L19507
c0660	L19508
c0675	L19509
c0680	L19510
c0698	L19511
c0705	L19512
c0747	L19513
c0757	L19514
c0758	L19515
c0770	L19516
c0776	L19517
c0796	L19518
c0816	L19519
c0836	L19520
c0864	L19521
c0877	L19522
c0898	L19523
c0905	L19524
c0910	L19525
c0921	L19527
c0943	L19528
c0948	L19529
c0949	L19530
c0954	L19531
c0966	L19532
c0980	L19533
c0987	L19534
c0993	L19535
c1007	L19536
c1009	L19537
c1012	L19538
c1017	L19539
c1019	L19540
c1031	L19541
c1048	L19542
c1049	L19543
c1059	L19544
c1078	L19545
c1101	L19546
c1102	L19547
c1107	L19548
c1108	L19549
c1119	L19550
c1133	L19551
c1135	L19552
c1163	L19553
c1169	L19554
c1235	L19555
c1244	L19556
c1245	L19557
c1246	L19558
c1248	L19559
c1250	L19560
c1269	L19561
c1270	L19562
c1271	L19563
c1271_sc	L19564
c1274	L19565
c1303	L19566
c1320	L19567
c1390	L19568
c1395	L19569
c1411	L19570
c1430	L19571
c1511	L19572
c1512	L19573
c1535	L19574
c1574	L19575
c1579	L19576
c1599	L19577
c1604	L19578
c1613	L19579
c1625	L19580
c1645	L19581
c1651	L19582
c1677	L19583
c1682	L19584
c1686	L19585
c1693	L19586
c1697	L19587
c1698	L19588
c1699	L19589
c1700	L19590
c1701	L19591
c1702	L19592
c1703	L19593
c1704	L19594
c1705	L19595
c1707	L19596
c1708	L19597
c1712	L19598
c1714	L19599
c1719	L19600
c1724	L19601
c1725	L19602
c1727	L19603
c1729	L19604
c1730	L19605
c1732	L19606
c1734	L19607
c1735	L19608
c1736	L19609
c1737	L19610
c1741	L19611
c1742	L19612
c1743	L19613
c1744	L19614
c1745	L19615
c1746	L19616
c1747	L19617
c1748	L19618
c1749	L19619
c1750	L19620
c1753	L19621
c1754	L19622
c1756	L19623
c1758	L19624
c1762	L19625
c1763	L19626
c1764	L19627
c1765	L19628
c1768	L19629
c1769	L19630
c1771	L19631
c1772	L19632
c1773	L19633
c1774	L19634
c1777	L19635
c1778	L19636
c1781	L19637
c1782	L19638
c1785	L19639
c1786	L19640
c1787	L19641
c1792	L19642
c1794	L19643
c1795	L19644
c1797	L19645
c1798	L19646
c1802	L19647
c1803	L19648
c1804	L19649
c1805	L19650
c1808	L19651
c1809	L19652
c1810	L19653
c1811	L19654
c1812	L19655
c1813	L19656
c1814	L19657
c1815	L19658
c1819	L19659
c1820	L19660
c1821	L19661
c1822	L19662
c1823	L19663
c1826	L19664
c1828	L19665
c1831	L19666
c1832	L19667
c1833	L19668
c1834	L19669
c1835	L19670
c1838	L19671
c1839	L19672
c1840	L19673
c1842	L19674
c1844	L19675
c1845	L19676
c1846	L19677
c1847	L19678
c1848	L19679
c1849	L19680
c1850	L19681
c1851	L19682
c1853	L19683
c1854	L19684
c1855	L19685
c1856	L19686
c1859	L19687
c1861	L19688
c1862	L19689
c1863	L19690
c1865	L19691
c1866	L19692
c1867	L19693
c1869	L19694
c1870	L19695
c1875	L19696
c1877	L19697
c1878	L19698
c1879	L19699
c1880	L19700
c1881	L19701
c1883	L19702
c1888	L19703
c1890	L19704
c1891	L19705
c1892	L19706
c1893	L19707
c1894	L19708
c1896	L19709
c1897	L19710
c1898	L19711
c1899	L19712
c1900	L19713
c1901	L19714
c1903	L19715
c1904	L19716
c1905	L19717
c1907	L19718
c1908	L19719
c1909	L19720
c1910	L19721
c1911	L19722
c1912	L19723
c1914	L19724
c1916	L19725
c1917	L19726
c1918	L19727
c1920	L19728
c1921	L19729
c1925	L19730
c1927	L19731
c1928	L19732
c1929	L19733
c1930	L19734
c1931	L19735
c1933	L19736
c1934	L19737
c1935	L19738
c1936	L19739
c1938	L19740
c1986	L19741
c1991	L19742
c2018	L19743
c2019	L19744
c2027	L19745
c2030	L19746
c2030_sc	L19747
c2031	L19748
c2033	L19749
c2037	L19750
c2038	L19751
c2044	L19752
c2054	L19753
c2058	L19754
c2060	L19755
c2072	L19756
c2089	L19757
c2092	L19758
c2097	L19759
c2115	L19760
c2117	L19761
c2121	L19762
c2137	L19763
c2139	L19764
c2140	L19765
c2143	L19766
c2145	L19767
c2160	L19768
c2162	L19769
c2176	L19770
c2177	L19771
c2185	L19772
c2189	L19773
c2191	L19774
c2192	L19775
c2193	L19776
c2196	L19777
c2198	L19778
c2199	L19779
c2201	L19780
c2202	L19781
c2206	L19782
c2209	L19783
c2210	L19784
c2212	L19785
c2217	L19786
c2219	L19787
c2222	L19788
c2224	L19789
c2228	L19790
c2229	L19791
c2232	L19792
c2234	L19793
c2235	L19794
c2238	L19795
c2240	L19796
c2241	L19797
c2262	L19798
c2268	L19799
c2280	L19800
c2281	L19801
c2285	L19802
c2286	L19803
c2287	L19804
c2290	L19805
c2293	L19806
c2294	L19807
c2304	L19808
c2320	L19809
c2322	L19810
c2323	L19811
c2326	L19812
c2327	L19813
c2330	L19814
c2333	L19815
c2334	L19816
c2341	L19817
c2343	L19818
c2344	L19819
c2346	L19820
c2349	L19821
c2350	L19822
c2353	L19823
c2361	L19824
c2365	L19825
c2366	L19826
c2368	L19828
c2369	L19829
c2370	L19830
c2371	L19831
c2373	L19832
c2376	L19833
c2377	L19834
c2381	L19835
c2386	L19836
c2390	L19837
c2391	L19838
c2403	L19839
c2411	L19840
c2413	L19841
c2414	L19842
c2418	L19843
c2421	L19844
c2425	L19845
c2426	L19846
c2429	L19847
c2430	L19848
c2431	L19849
c2432	L19850
c2434	L19851
c2436	L19853
c2441	L19854
c2442	L19855
c2446	L19856
c2447	L19857
c2448	L19858
c2451	L19859
c2453	L19860
c2455	L19861
c2457	L19862
c2458	L19863
c2465	L19864
c2467	L19865
c2479	L19866
c2480	L19867
c2507	L19868
c2511	L19869
c2527	L19870
c2556	L19871
c2560	L19872
c2563	L19873
c2565	L19874
c2566	L19875
c2569	L19876
c2584	L19877
c2592	L19878
c2595	L19879
c2598	L19880
c2600	L19881
c2601	L19882
c2603	L19883
c2604	L19884
c2605	L19885
c2607	L19886
c2608	L19887
c2609	L19888
c2614	L19889
c2614_sc	L19890
c2615	L19891
c2618	L19892
c2619	L19893
c2622	L19894
c2627	L19895
c2628	L19896
c2629	L19897
c2631	L19898
c2637	L19899
c2645	L19900
c2655	L19901
c2656	L19902
c2658	L19903
c2660	L19904
c2662	L19905
c2663	L19906
c2664	L19907
c2665	L19908
c2668	L19909
c2671	L19910
c2677	L19911
c2678	L19912
c2679	L19913
c2682	L19914
c2686	L19915
c2689	L19916
c2694	L19917
c2695	L19918
c2704	L19919
c2710	L19920
c2711	L19921
c2712	L19922
c2714	L19924
c2719	L19925
c2722	L19926
c2723	L19927
c2724	L19928
c2725	L19929
c2731	L19930
c2733	L19931
c2734	L19932
c2735	L19933
c2736	L19934
c2737	L19935
c2739	L19936
c2745	L19937
c2746	L19938
c2753	L19939
c2756	L19940
c2757	L19941
c2758	L19942
c2765	L19943
c2776	L19944
c2778	L19945
c2785	L19946
c2786	L19947
c2789	L19948
c2790	L19949
c2791	L19950
c2797	L19951
c2802	L19952
c2803	L19953
c2805	L19954
c2806	L19955
c2810	L19956
c2811	L19957
c2813	L19958
c2816	L19959
c2819	L19960
c2820	L19961
c2824	L19962
c2826	L19963
c2827	L19964
c2832	L19965
c2836	L19966
c2839	L19967
c2840	L19968
c2841	L19969
c2842	L19970
c2847	L19971
c2848	L19972
c2851	L19973
c2853	L19974
c2854	L19975
c2856	L19976
c2865	L19977
c2868	L19978
c2869	L19979
c2871	L19980
c2872	L19981
c2880	L19982
c2881	L19983
c2885	L19984
c2894	L19985
c2895	L19986
c2899	L19987
c2902	L19988
c2904	L19989
c2909	L19990
c2912	L19991
c2918	L19992
c2922	L19993
c2925	L19994
c2927	L19995
c2931	L19996
c2932	L19997
c2933	L19998
c2943	L19999
c2944	L20000
c2946	L20001
c2949	L20003
c2949_sc	L20004
c2951	L20005
c2952	L20006
c2954	L20007
c2955	L20008
c2956	L20009
c2960	L20010
c2961	L20011
c2963	L20012
c2966	L20013
c2968	L20014
c2969	L20015
c2972	L20016
c2977	L20017
c2983	L20018
c2986	L20019
c2987	L20020
c2992	L20021
c2996	L20022
c3010	L20023
c3011	L20024
c3013	L20025
c3020	L20026
c3023	L20027
c3030	L20028
c3032	L20029
c3033	L20030
c3034	L20031
c3042	L20032
c3046	L20033
c3047	L20034
c3051	L20035
c3059	L20036
c3060	L20037
c3066	L20038
c3070	L20039
c3072	L20040
c3073	L20041
c3074	L20042
c3077	L20043
c3078	L20044
c3080	L20045
c3081	L20046
c3082	L20047
c3084	L20048
c3085	L20049
c3087	L20050
c3088	L20051
c3099	L20052
c3101	L20053
c3103	L20054
c3105	L20055
c3112	L20056
c3113	L20057
c3118	L20058
c3119	L20059
c3120	L20060
c3124	L20061
c3125	L20062
c3128	L20063
c3130	L20064
c3132	L20065
c3136	L20066
c3137	L20067
c3141	L20068
c3143	L20069
c3146	L20070
c3147	L20071
c3154	L20072
c3162	L20073
c3165	L20074
c3174	L20075
c3175	L20076
c3176	L20077
c3178	L20078
c3178_sc	L20079
c3179	L20080
c3182	L20081
c3183	L20082
c3183_sc	L20083
c3186	L20084
c3193	L20085
c3196	L20086
c3198	L20087
c3201	L20088
c3204	L20089
c3207	L20090
c3213	L20091
c3220	L20092
c3221	L20093
c3222	L20094
c3223	L20095
c3226	L20096
c3227	L20097
c3227_sc	L20098
c3234	L20099
c3237	L20101
c3241	L20102
c3242	L20103
c3244	L20104
c3246	L20105
c3247	L20106
c3256	L20107
c3258	L20108
c3260	L20109
c3263	L20110
c3264	L20111
c3267	L20112
c3268	L20113
c3273	L20114
c3278	L20115
c3281	L20116
c3282	L20117
c3283	L20118
c3284	L20119
c3286	L20120
c3289	L20121
c3291	L20122
c3293	L20123
c3296	L20124
c3301	L20125
c3303	L20126
c3305	L20127
c3306	L20128
c3307	L20129
c3312	L20130
c3313	L20131
c3316	L20132
c3317	L20133
c3318	L20134
c3319	L20135
c3320	L20136
c3323	L20137
c3326	L20139
c3327	L20140
c3328	L20141
c3329	L20142
c3337	L20143
c3338	L20144
c3339	L20145
c3340	L20146
c3341	L20147
c3343	L20148
c3345	L20149
c3346	L20150
c3348	L20151
c3351	L20152
c3355	L20153
c3359	L20154
c3360	L20155
c3366	L20156
c3370	L20157
c3371	L20158
c3374	L20159
c3376	L20160
c3377	L20161
c3379	L20162
c3383	L20163
c3385	L20164
c3386	L20165
c3393	L20166
c3400	L20167
c3402	L20168
c3403	L20169
c3404	L20170
c3411	L20171
c3418	L20172
c3419	L20173
c3420	L20174
c3428	L20175
c3435	L20176
c3440	L20177
c3442	L20178
c3444	L20179
c3446	L20180
c3448	L20181
c3449	L20182
c3451	L20183
c3452	L20184
c3454	L20185
c3455	L20186
c3456	L20187
c3460	L20188
c3461	L20189
c3463	L20190
c3464	L20191
c3467	L20192
c3468	L20193
c3469	L20194
c3470	L20195
c3471	L20196
c3472	L20197
c3473	L20198
c3475	L20199
c3476	L20200
c3479	L20201
c3480	L20202
c3481	L20203
c3484	L20204
c3489	L20205
c3496	L20206
c3499	L20207
c3500	L20208
c3506	L20209
c3510	L20210
c3512	L20211
c3514	L20212
c3515	L20213
c3516	L20214
c3517	L20215
c3526	L20216
c3528	L20217
c3532	L20218
c3536	L20219
c3540	L20220
c3541	L20221
c3543	L20222
c3549	L20223
c3555	L20224
c3568	L20225
c3569	L20226
c3570	L20227
c3571	L20228
c3573	L20229
c3575	L20230
c3581	L20231
c3583	L20232
c3588	L20233
c3590	L20234
c3593	L20235
c3595	L20236
c3596	L20237
c3597	L20238
c3599	L20239
c3601	L20240
c3602	L20241
c3603	L20242
c3604	L20243
c3605	L20244
c3610	L20245
c3611	L20246
c3615	L20247
c3616	L20248
c3620	L20249
c3622	L20250
c3625	L20251
c3626	L20252
c3628	L20253
c3629	L20254
c3632	L20255
c3633	L20256
c3635	L20257
c3637	L20258
c3641	L20259
c3642	L20260
c3643	L20261
c3644	L20262
c3652	L20263
c3656	L20264
c3658	L20265
c3662	L20266
c3664	L20267
c3666	L20268
c3670	L20269
c3671	L20270
c3673	L20271
c3683	L20272
c3686	L20273
c3687	L20274
c3688	L20275
c3690	L20276
c3692	L20277
c3701	L20278
c3705	L20279
c3712	L20280
c3713	L20281
c3715	L20282
c3716	L20283
c3720	L20284
c3721	L20285
c3722	L20286
c3725	L20287
c3726	L20288
c3728	L20289
c3729	L20290
c3731	L20291
c3734	L20292
c3735	L20293
c3736	L20294
c3740	L20295
c3740_sc	L20296
c3746	L20297
c3748	L20298
c3750	L20299
c3751	L20300
c3752	L20301
c3757	L20302
c3765	L20303
c3770	L20304
c3772	L20305
c3774	L20306
c3775	L20307
c3787	L20308
c3792	L20309
c3794	L20310
c3795	L20311
c3799	L20312
c3802	L20313
c3804	L20314
c3805	L20315
c3811	L20316
c3813	L20317
c3813_sc	L20318
c3817	L20319
c3818	L20320
c3820	L20321
c3821	L20322
c3823	L20323
c3829	L20324
c3831	L20325
c3832	L20326
c3833	L20327
c3836	L20328
c3840	L20329
c3842	L20330
c3843	L20331
c3844	L20332
c3847	L20333
c3849	L20334
c3853	L20335
c3854	L20336
c3855	L20337
c3858	L20338
c3859	L20339
c3860	L20340
c3864	L20341
c3867	L20342
c3868	L20343
c3869	L20344
c3870	L20345
c3872	L20346
c3878	L20347
c3879	L20348
c3880	L20349
c3881	L20350
c3883	L20351
c3889	L20352
c3892	L20353
c3894	L20354
c3895	L20355
c3899	L20356
c3901	L20357
c3905	L20358
c3909	L20359
c3911	L20360
c3913	L20361
c3914	L20362
c3915	L20363
c3921	L20364
c3924	L20365
c3926	L20366
c3931	L20367
c3932	L20368
c3933	L20369
c3934	L20370
c3937	L20371
c3938	L20372
c3939	L20373
c3941	L20374
c3951	L20375
c3952	L20376
c3955	L20377
c3956	L20378
c3962	L20379
c3978	L20380
c3986	L20381
c3990	L20382
c3991	L20383
c3997	L20384
c4015	L20385
c4039	L20386
c4044	L20387
c4078	L20388
c4082	L20389
c4086	L20390
c4093	L20391
c4097	L20392
c4100	L20393
c4101	L20394
c4104	L20395
c4107	L20396
c4109	L20397
c4111	L20398
c4112	L20399
c4116	L20400
c4117	L20401
c4120	L20402
c4122	L20403
c4124	L20404
c4125	L20405
c4128	L20406
c4130	L20407
c4131	L20408
c4141	L20409
c4162	L20410
c4190	L20411
c4220	L20412
c4226	L20413
c4238	L20414
c4247	L20415
c4249	L20416
c4254	L20417
c4268	L20418
c4279	L20419
c4287	L20420
c4290	L20421
c4297	L20422
c4301	L20423
c4304	L20424
c4307	L20425
c4322	L20426
c4324	L20427
c4331	L20428
c4344	L20429
c4347	L20430
c4354	L20431
c4359	L20432
c4367	L20433
c4369	L20434
c4370	L20435
c4373	L20436
c4390	L20437
c4396	L20438
c4397	L20439
c4412	L20440
c4414	L20441
c4418	L20442
c4430	L20443
c4433	L20444
c4439	L20445
c4442	L20446
c4445	L20447
c4449	L20448
c4453	L20449
c4465	L20450
c4491	L20451
c4494	L20452
c4496	L20453
c4504	L20454
c4521	L20455
c4524	L20456
c4559	L20457
c4561	L20458
c4565	L20459
c4566	L20460
c4568	L20461
c4594	L20462
c4604	L20463
c4622	L20464
c4626	L20465
c4639	L20466
c4656	L20467
c4657	L20468
c4659	L20469
c4673	L20470
c4699	L20471
c4704	L20472
c4712	L20474
c4720	L20475
c4721	L20476
c4726	L20477
c4733	L20478
c4736	L20479
c4743	L20480
c4747	L20481
c4755	L20482
c4769	L20483
c4798	L20484
c4812	L20485
c4816	L20486
c4820	L20487
c4835	L20488
c4864	L20493
c6143	L20494
c6524	L20495
c6528	L20496
c6529	L20497
c6657	L20499
c7058	L20500
c7146	L20501
c7250	L20502
c7604	L20503
c7677	L20504
c7886	L20505
c7887	L20506
c7890	L20507
c8040	L20508
c8796	L20509
c9704	L20510
d0035	L20511
d0038	L20512
d0051	L20513
d0066	L20514
d0073	L20515
d0075	L20516
d0076	L20517
d0080	L20518
d0084	L20519
d0085	L20520
d0086	L20521
d0087	L20522
d0088	L20523
d0089	L20524
d0090	L20525
d0093	L20526
d0095	L20527
d0096	L20528
d0100	L20529
d0101	L20530
d0102	L20531
d0106	L20532
d0110	L20533
d0111	L20534
d0112	L20535
d0114	L20536
d0115	L20537
d0118	L20538
d0120	L20539
d0124	L20540
d0128	L20541
d0130	L20542
d0132	L20543
d0135	L20544
d0141	L20545
d0142	L20546
d0143	L20547
d0154	L20548
d0171	L20549
d0177	L20550
d0178	L20551
d0182	L20552
d0186	L20553
d0188	L20554
d0189	L20555
d0199	L20556
d0201	L20557
d0202	L20558
d0204	L20559
d0206	L20560
d0211	L20561
d0212	L20562
d0216	L20563
d0220	L20564
d0224	L20565
d0228	L20566
d0229	L20567
d0232	L20568
d0235	L20569
d0236	L20570
d0238	L20571
d0243	L20572
d0245	L20573
d0247	L20574
d0252	L20575
d0254	L20576
d0259	L20577
d0260	L20578
d0261	L20579
d0264	L20580
d0265	L20581
d0267	L20582
d0274	L20583
d0279	L20584
d0283	L20585
d0293	L20586
d0295	L20587
d0296	L20588
d0297	L20589
d0303	L20590
d0311	L20591
d0313	L20592
d0314	L20593
d0318	L20594
d0319	L20595
d0320	L20596
d0322	L20597
d0323	L20598
d0330	L20599
d0333	L20600
d0334	L20601
d0341	L20602
d0342	L20603
d0347	L20604
d0356	L20605
d0358	L20606
d0362	L20607
d0363	L20608
d0365	L20609
d0366	L20610
d0367	L20611
d0368	L20612
d0369	L20613
d0370	L20614
d0371	L20615
d0372	L20616
d0378	L20618
d0380	L20619
d0381	L20620
d0382	L20621
d0383	L20622
d0386	L20623
d0387	L20624
d0390	L20625
d0391	L20626
d0392	L20627
d0396	L20628
d0403	L20629
d0404	L20630
d0408	L20631
d0409	L20632
d0413	L20633
d0414	L20634
d0415	L20635
d0416	L20636
d0418	L20637
d0419	L20638
d0420	L20639
d0422	L20640
d0425	L20641
d0426	L20642
d0427	L20643
d0430	L20644
d0431	L20645
d0432	L20646
d0434	L20647
d0436	L20648
d0438	L20649
d0439	L20650
d0440	L20651
d0441	L20652
d0442	L20653
d0443	L20654
d0444	L20655
d0445	L20656
d0447	L20657
d0448	L20658
d0449	L20659
d0450	L20660
d0451	L20661
d0453	L20662
d0454	L20663
d0456	L20664
d0457	L20665
d0460	L20666
d0461	L20667
d0462	L20668
d0464	L20669
d0468	L20670
d0470	L20671
d0475	L20672
d0476	L20673
d0478	L20674
d0481	L20675
d0484	L20676
d0486	L20677
d0491	L20678
d0497	L20679
d0499	L20680
d0500	L20681
d0502	L20682
d0503	L20683
d0504	L20684
d0505	L20685
d0508	L20686
d0509	L20687
d0510	L20688
d0511	L20689
d0512	L20690
d0514	L20691
d0518	L20692
d0523	L20693
d0526	L20694
d0529	L20695
d0536	L20696
d0543	L20697
d0544	L20698
d0546	L20699
d0547	L20700
d0553	L20701
d0556	L20702
d0558	L20703
d0563	L20704
d0564	L20705
d0566	L20706
d0567	L20707
d0569	L20708
d0570	L20709
d0571	L20710
d0573	L20711
d0574	L20712
d0577	L20713
d0582	L20714
d0584	L20715
d0585	L20716
d0589	L20717
d0596	L20718
d0597	L20719
d0598	L20720
d0600	L20721
d0601	L20722
d0604	L20723
d0605	L20724
d0606	L20725
d0609	L20726
d0611	L20727
d0615	L20728
d0620	L20729
d0621	L20730
d0622	L20731
d0623	L20732
d0624	L20733
d0626	L20734
d0628	L20735
d0630	L20736
d0632	L20737
d0633	L20738
d0636	L20739
d0639	L20740
d0640	L20741
d0641	L20742
d0644	L20743
d0653	L20744
d0655	L20745
d0656	L20746
d0657	L20747
d0658	L20748
d0660	L20749
d0661	L20750
d0662	L20751
d0663	L20752
d0665	L20753
d0666	L20754
d0667	L20755
d0671	L20756
d0672	L20757
d0673	L20758
d0677	L20759
d0678	L20760
d0679	L20761
d0680	L20762
d0681	L20763
d0690	L20764
d0694	L20765
d0699	L20766
d0701	L20767
d0704	L20768
d0708	L20769
d0710	L20770
d0711	L20771
d0727	L20772
d0731	L20773
d0734	L20774
d0736	L20775
d0737	L20776
d0741	L20777
d0743	L20778
d0744	L20779
d0745	L20780
d0746	L20781
d0747	L20782
d0748	L20783
d0751	L20784
d0755	L20785
d0758	L20786
d0759	L20787
d0760	L20788
d0762	L20789
d0765	L20790
d0767	L20791
d0769	L20792
d0771	L20793
d0772	L20794
d0773	L20795
d0774	L20796
d0775	L20797
d0778	L20798
d0780	L20799
d0782	L20800
d0785	L20801
d0789	L20802
d0790	L20803
a0144	L18666
a1188	L18958
a1476	L19007
a2777	L19170
a3716	L19342
b9258	L19423
c0215	L19451
c0382	L19476
c0917	L19526
c2367	L19827
c2435	L19852
c2713	L19923
c2947	L20002
c3235	L20100
c3325	L20138
c4857	L20489
c4858	L20490
c4859	L20491
c4860	L20492
c6643	L20498
d0377	L20617
d0792	L20804
d0793	L20805
d0796	L20806
d0797	L20807
d0798	L20808
d0799	L20809
d0800	L20810
d0802	L20811
d0807	L20812
d0810	L20813
d0811	L20814
d0812	L20815
d0815	L20816
d0816	L20817
d0817	L20818
d0818	L20819
d0820	L20820
d0824	L20821
d0828	L20822
d0829	L20823
d0836	L20824
d0837	L20825
d0840	L20826
d0842	L20827
d0846	L20828
d0855	L20829
d0856	L20830
d0861	L20831
d0862	L20832
d0863	L20833
d0864	L20834
d0865	L20835
d0867	L20836
d0869	L20837
d0871	L20838
d0874	L20839
d0875	L20840
d0878	L20841
d0880	L20842
d0882	L20843
d0884	L20844
d0888	L20845
d0890	L20846
d0891	L20847
d0892	L20848
d0893	L20849
d0897	L20850
d0898	L20851
d0900	L20852
d0902	L20853
d0902_sc	L20854
d0903	L20855
d0912	L20856
d0913	L20857
d0918	L20858
d0919	L20859
d0920	L20860
d0921	L20861
d0923	L20862
d0924	L20863
d0925	L20864
d0926	L20865
d0927	L20866
d0929	L20867
d0930	L20868
d0933	L20869
d0934	L20870
d0936	L20871
d0937	L20872
d0942	L20873
d0943	L20874
d0945	L20875
d0948	L20876
d0950	L20877
d0951	L20878
d0952	L20879
d0957	L20880
d0962	L20881
d0963	L20882
d0968	L20883
d0973	L20884
d0976	L20885
d0977	L20886
d0978	L20887
d0980	L20888
d0981	L20889
d0983	L20890
d0988	L20891
d0989	L20892
d0992	L20893
d0996	L20894
d0999	L20895
d1002	L20896
d1003	L20897
d1007	L20898
d1008	L20899
d1011	L20900
d1012	L20901
d1015	L20902
d1017	L20903
d1018	L20904
d1020	L20905
d1021	L20906
d1022	L20907
d1023	L20908
d1025	L20909
d1026	L20910
d1030	L20911
d1032	L20912
d1035	L20913
d1036	L20914
d1038	L20915
d1043	L20916
d1044	L20917
d1047	L20918
d1050	L20919
d1050_sc	L20920
d1051	L20921
d1052	L20922
d1053	L20923
d1055	L20924
d1056	L20925
d1057	L20926
d1061	L20927
d1062	L20928
d1063	L20929
d1065	L20930
d1068	L20931
d1071	L20932
d1072	L20933
d1073	L20934
d1077	L20935
d1079	L20936
d1080	L20937
d1083	L20938
d1088	L20939
d1089	L20940
d1091	L20941
d1097	L20942
d1098	L20943
d1099	L20944
d1100	L20945
d1101	L20946
d1102	L20947
d1104	L20948
d1105	L20949
d1106	L20950
d1107	L20951
d1108	L20952
d1111	L20953
d1115	L20954
d1116	L20955
d1119	L20956
d1120	L20957
d1122	L20958
d1126	L20959
d1127	L20960
d1128	L20961
d1129	L20962
d1130	L20963
d1133	L20964
d1134	L20965
d1135	L20966
d1136	L20967
d1137	L20968
d1138	L20969
d1139	L20970
d1140	L20971
d1141	L20972
d1143	L20973
d1144	L20974
d1145	L20975
d1147	L20976
d1153	L20977
d1154	L20978
d1155	L20979
d1160	L20980
d1160_sc	L20981
d1161	L20982
d1162	L20983
d1164	L20984
d1165	L20985
d1168	L20986
d1170	L20987
d1172	L20988
d1174	L20989
d1175	L20990
d1176	L20991
d1177	L20992
d1183	L20993
d1189	L20994
d1190	L20995
d1191	L20996
d1197	L20997
d1325	L20998
d1328	L20999
d1349	L21000
d1350	L21001
d1358	L21002
d1363	L21003
d1365	L21004
d1368	L21005
d1371	L21006
d1372	L21007
d1374	L21008
d1383	L21009
d1384	L21010
d1386	L21011
d1388	L21012
d1392	L21013
d1393	L21014
d1394	L21015
d1397	L21016
d1399	L21017
d1400	L21018
d1402	L21019
d1403	L21020
d1404	L21021
d1405	L21022
d1408	L21023
d1409	L21024
d1411	L21025
d1412	L21026
d1413	L21027
d1414	L21028
d1418	L21029
d1423	L21030
d1436	L21031
d1442	L21032
d1443	L21033
d1445	L21034
d1451	L21035
d1463	L21036
d1464	L21037
d1471	L21038
d1554	L21039
d1556	L21040
d1558	L21041
d1559	L21042
d1560	L21043
d1561	L21044
d1564	L21045
d1566	L21046
d1572	L21047
d1575	L21048
d1579	L21049
d1581	L21050
d1582	L21051
d1585	L21052
d1587	L21053
d1587_sc	L21054
d1588	L21055
d1590	L21056
d1593	L21057
d1596	L21058
d1601	L21059
d1602	L21060
d1606	L21061
d1607	L21062
d1610	L21063
d1613	L21064
d1615	L21065
d1620	L21066
d1621	L21067
d1623	L21068
d1624	L21069
d1626	L21070
d1644	L21071
d1661	L21072
d1663	L21073
d1676	L21074
d1680	L21075
d1681	L21076
d1682	L21077
d1684	L21078
d1685	L21079
d1690	L21080
d1692	L21081
d1693	L21082
d1694	L21083
d1695	L21084
d1700	L21085
d1703	L21086
d1704	L21087
d1708	L21088
d1712	L21089
d1713	L21090
d1714	L21091
d1721	L21092
d1722	L21093
d1724	L21094
d1731	L21095
d1732	L21096
d1733	L21097
d1735	L21098
d1741	L21099
d1744	L21100
d1747	L21101
d1749	L21102
d1750	L21103
d1751	L21104
d1757	L21105
d1764	L21106
d1766	L21107
d1768	L21108
d1769	L21109
d1771	L21110
d1772	L21111
d1777	L21112
d1782	L21113
d1791	L21114
d1792	L21115
d1794	L21116
d1795	L21117
d1796	L21118
d1800	L21119
d1805	L21120
d1806	L21121
d1807	L21122
d1808	L21123
d1810	L21124
d1812	L21125
d1815	L21126
d1817	L21127
d1818	L21128
d1821	L21129
d1831	L21130
d1832	L21131
d1833	L21132
d1834	L21133
d1835	L21134
d1836	L21135
d1839	L21136
d1841	L21137
d1842	L21138
d1843	L21139
d1844	L21140
d1845	L21141
d1846	L21142
d1850	L21143
d1854	L21144
d1855	L21145
d1858	L21146
d1865	L21147
d1866	L21148
d1868	L21149
d1870	L21150
d1872	L21151
d1873	L21152
d1876	L21153
d1879	L21154
d1881	L21155
d1883	L21156
d1884	L21157
d1885	L21158
d1886	L21159
d1887	L21160
d1893	L21161
d1895	L21162
d1898	L21163
d1899	L21164
d1902	L21165
d1903	L21166
d1910	L21167
d1915	L21168
d1920	L21169
d1922	L21170
d1926	L21171
d1931	L21172
d1937	L21173
d1938	L21174
d1939	L21175
d1940	L21176
d1945	L21177
d1946	L21178
d1951	L21179
d1953	L21180
d1954	L21181
d1955	L21182
d1957	L21183
d1961	L21184
d1963	L21185
d1964	L21186
d1965	L21187
d1971	L21188
d1973	L21189
d1981	L21190
d1982	L21191
d1983	L21192
d1985	L21193
d1988	L21194
d1992	L21195
d1997	L21196
d2000	L21197
d2005	L21198
d2007	L21199
d2008	L21200
d2009	L21201
d2010	L21202
d2011	L21203
d2012	L21204
d2022	L21205
d2024	L21206
d2029	L21207
d2039	L21208
d2046	L21209
d2048	L21210
d2053	L21211
d2063	L21212
d2066	L21213
d2067	L21214
d2079	L21215
d2088	L21216
d2102	L21217
d2113	L21218
d2122	L21219
d2124	L21220
d2151	L21221
d2153	L21222
d2156	L21223
d2161	L21224
d2178	L21225
d2179	L21226
d2184	L21227
d2184_sc	L21228
d2188	L21229
d2200	L21230
d2205	L21231
d2224	L21232
d2228	L21233
d2238	L21234
d2262	L21235
d2264	L21236
d2279	L21237
d2285	L21238
d2286	L21239
d2298	L21240
d2302	L21241
d2314	L21242
d2319	L21243
d2376	L21244
d2378	L21245
d2389	L21246
d2389_sc	L21247
d2400	L21248
d2427	L21249
d2428	L21250
d2431	L21251
d7012	L21252
d7013	L21253
d7315	L21254
d8008	L21255
d8009	L21256
d8515	L21257
d9262	L21258
d9295	L21259
d9322	L21260
d9462	L21261
d9508	L21262
d9510	L21263
d9646	L21264
d9761	L21265
d9772	L21266
d9874	L21267
d9875	L21268
d9892	L21269
e0006	L21270
e0008	L21271
e0009	L21272
e0016	L21273
e0023	L21274
e0075	L21275
e0076	L21276
e0081	L21277
e0084	L21278
e0085	L21279
e0086	L21280
e0090	L21281
e0094	L21282
e0095	L21283
e0097	L21284
e0098	L21285
e0099	L21286
e0100	L21287
e0101	L21288
e0101_sc	L21289
e0105	L21290
e0106	L21291
e0109	L21292
e0111	L21293
e0112	L21294
e0118	L21295
e0121	L21296
e0123	L21297
e0124	L21298
e0125	L21299
e0125	L21299
e0127	L21300
e0130	L21301
e0130_sc	L21302
e0132	L21303
e0139	L21304
e0140	L21305
e0142	L21306
e0145	L21307
e0147	L21308
e0148	L21309
e0152	L21310
e0154	L21311
e0156	L21312
e0157	L21313
e0158	L21314
e0159	L21315
e0159_sc	L21316
e0160	L21317
e0160_sc	L21318
e0165	L21319
e0166	L21320
e0167	L21321
e0168	L21322
e0175	L21323
e0176	L21324
e0177	L21325
e0178	L21326
e0180	L21327
e0182	L21328
e0185	L21329
e0186	L21330
e0188	L21331
e0191	L21332
e0192	L21333
e0193	L21334
e0195	L21335
e0200	L21336
e0201	L21337
e0202	L21338
e0204	L21339
e0207	L21340
e0209	L21341
e0210	L21342
e0216	L21343
e0221	L21344
e0225	L21345
e0231	L21346
e0232	L21347
e0237	L21348
e0242	L21349
e0244	L21350
e0246	L21351
e0249	L21352
e0254	L21353
e0256	L21354
e0258	L21355
e0259	L21356
e0260	L21357
e0266	L21358
e0267	L21359
e0268	L21360
e0269	L21361
e0276	L21362
e0292	L21363
e0299	L21364
e0316	L21365
e0318	L21366
e0319	L21367
e0320	L21368
e0321	L21369
e0324	L21370
e0325	L21371
e0326	L21372
e0327	L21373
e0330	L21374
e0331	L21375
e0333	L21376
e0334	L21377
e0338	L21378
e0345	L21379
e0350	L21380
e0355	L21381
e0357	L21382
e0358	L21383
e0360	L21384
e0363	L21385
e0363_sc	L21386
e0364	L21387
e0366	L21388
e0368	L21389
e0369	L21390
e0371	L21391
e0372	L21392
e0373	L21393
e0376	L21394
e0378	L21395
e0380	L21396
e0383	L21397
e0387	L21398
e0388	L21399
e0389	L21400
e0391	L21401
e0392	L21402
e0394	L21403
e0398	L21404
e0399	L21405
e0400	L21406
e0401	L21407
e0404	L21408
e0406	L21409
e0408	L21410
e0409	L21411
e0433	L21412
e0434	L21413
e0442	L21414
e0443	L21415
e0445	L21416
e0447	L21417
e0448	L21418
e0449	L21419
e0450	L21420
e0453	L21421
e0454	L21422
e0457	L21423
e0459	L21424
e0461	L21425
e0463	L21426
e0465	L21427
e0469	L21428
e0475	L21429
e0476	L21430
e0477	L21431
e0479	L21432
e0480	L21433
e0481	L21434
e0483	L21435
e0484	L21436
e0485	L21437
e0486	L21438
e0489	L21439
e0490	L21440
e0494	L21441
e0506	L21442
e0521	L21443
e0525	L21444
e0528	L21445
e0529	L21446
e0531	L21447
e0535	L21448
e0536	L21449
e0537	L21450
e0538	L21451
e0541	L21452
e0553	L21453
e0554	L21454
e0557	L21455
e0558	L21456
e0560	L21457
e0587	L21458
e0595	L21459
e0595_sc	L21460
e0596	L21461
e0609	L21462
e0613	L21463
e0617	L21464
e0619	L21465
e0640	L21466
e0641	L21467
e0643	L21468
e0644	L21469
e0646	L21470
e0647	L21471
e0651	L21472
e0653	L21473
e0655	L21474
e0660	L21475
e0661	L21476
e0663	L21477
e0664	L21478
e0666	L21479
e0668	L21480
e0681	L21481
e0717	L21482
e0790	L21483
e0809	L21484
e0817	L21485
e0829	L21486
e0838	L21487
e0841	L21488
e0846	L21489
e0847	L21490
e0851	L21491
e0854	L21492
e0859	L21493
e0861	L21494
e0884	L21495
e0892	L21496
e0899	L21497
e0902	L21498
e0907	L21499
e0908	L21500
e0925	L21501
e0929	L21502
e0929_sc	L21503
e0932	L21504
e0933	L21505
e0934	L21506
e0936	L21507
e0943	L21508
e0944	L21509
e0946	L21510
e0948	L21511
e0949	L21512
e0950	L21513
e0971	L21514
e0978	L21515
e0982	L21516
e0983	L21517
e0993	L21518
e1019	L21519
e1020	L21520
e1023	L21521
e1024	L21522
e1025	L21523
e1027	L21524
e1028	L21525
e1029	L21526
e1035	L21527
e1036	L21528
e1039	L21529
e1041	L21530
e1053	L21531
e1054	L21532
e1055	L21533
e1056	L21534
e1057	L21535
e1058	L21536
e1059	L21537
e1060	L21538
e1063	L21539
e1067	L21540
e1069	L21541
e1072	L21542
e1073	L21543
e1084	L21544
e1088	L21545
e1089	L21546
e1091	L21547
e1092	L21548
e1093	L21549
e1094	L21550
e1095	L21551
e1097	L21552
e1098	L21553
e1099	L21554
e1102	L21555
e1110	L21556
e1111	L21557
e1117	L21558
e1119	L21559
e1120	L21560
e1123	L21561
e1124	L21562
e1163	L21563
e1168	L21564
e1169	L21565
e1172	L21566
e1174	L21567
e1175	L21568
e1176	L21569
e1181	L21570
e1186	L21571
e1188	L21572
e1191	L21573
e1194	L21574
e1197	L21575
e1200	L21576
e1201	L21577
e1203	L21578
e1207	L21579
e1210	L21580
e1211	L21581
e1217	L21582
e1218	L21583
e1219	L21584
e1221	L21585
e1223	L21586
e1229	L21587
e1231	L21588
e1232	L21589
e1234	L21590
e1237	L21591
e1239	L21592
e1240	L21593
e1240_sc	L21594
e1242	L21595
e1243	L21596
e1247	L21597
e1250	L21598
e1254	L21599
e1256	L21600
e1259	L21601
e1261	L21602
e1263	L21603
e1264	L21604
e1266	L21605
e1269	L21606
e1270	L21607
e1273	L21608
e1274	L21609
e1275	L21610
e1278	L21611
e1279	L21612
e1280	L21613
e1281	L21614
e1282	L21615
e1284	L21616
e1286	L21617
e1287	L21618
e1288	L21619
e1295	L21620
e1299	L21621
e1300	L21622
e1301	L21623
e1307	L21624
e1308	L21625
e1309	L21626
e1311	L21627
e1322	L21628
e1326	L21629
e1327	L21630
e1328	L21631
e1329	L21632
e1333	L21633
e1346	L21634
e1348	L21635
e1349	L21636
e1350	L21637
e1352	L21638
e1354	L21639
e1355	L21640
e1360	L21641
e1361	L21642
e1362	L21643
e1365	L21644
e1366	L21645
e1368	L21646
e1369	L21647
e1370	L21648
e1371	L21649
e1375	L21650
e1384	L21651
e1385	L21652
e1387	L21653
e1389	L21654
e1391	L21655
e1392	L21656
e1396	L21657
e1406	L21658
e1410	L21659
e1411	L21660
e1416	L21661
e1427	L21662
e1432	L21663
e1433	L21664
e1434	L21665
e1443	L21666
e1447	L21667
e1448	L21668
e1450	L21669
e1452	L21670
e1453	L21671
e1455	L21672
e1457	L21673
e1458	L21674
e1460	L21675
e1462	L21676
e1465	L21677
e1466	L21678
e1468	L21679
e1473	L21680
e1475	L21681
e1476	L21682
e1476_sc	L21683
e1483	L21684
e1484	L21685
e1486	L21686
e1487	L21687
e1497	L21688
e1498	L21689
e1502	L21690
e1506	L21691
e1512	L21692
e1514	L21693
e1516	L21694
e1517	L21695
e1521	L21696
e1526	L21697
e1531	L21698
e1533	L21699
e1535	L21700
e1547	L21701
e1549	L21702
e1551	L21703
e1553	L21704
e1556	L21705
e1560	L21706
e1561	L21707
e1566	L21708
e1566_sc	L21709
e1569	L21710
e1570	L21711
e1571	L21712
e1572	L21713
e1573	L21714
e1577	L21715
e1579	L21716
e1581	L21717
e1582	L21718
e1582_sc	L21719
e1584	L21720
e1588	L21721
e1591	L21722
e1592	L21723
e1593	L21724
e1594	L21725
e1595	L21726
e1596	L21727
e1597	L21728
e1598	L21729
e1600	L21730
e1601	L21731
e1604	L21732
e1609	L21733
e1612	L21734
e1620	L21735
e1621	L21736
e1622	L21737
e1623	L21738
e1624	L21739
e1630	L21740
e1631	L21741
e1633	L21742
e1641	L21743
e1642	L21744
e1647	L21745
e1649	L21746
e1652	L21747
e1653	L21748
e1654	L21749
e1656	L21750
e1657	L21751
e1664	L21752
e1668	L21753
e1675	L21754
e1676	L21755
e1677	L21756
e1678	L21757
e1679	L21758
e1680	L21759
e1688	L21760
e1691	L21761
e1694	L21762
e1698	L21763
e1700	L21764
e1701	L21765
e1702	L21766
e1703	L21767
e1708	L21768
e1709	L21769
e1712	L21770
e1713	L21771
e1714	L21772
e1717	L21773
e1718	L21774
e1719	L21775
e1724	L21776
e1725	L21777
e1726	L21778
e1729	L21779
e1736	L21780
e1745	L21781
e1746	L21782
e1747	L21783
e1748	L21784
e1749	L21785
e1750	L21786
e1752	L21787
e1753	L21788
e1754	L21789
e1755	L21790
e1756	L21791
e1757	L21792
e1759	L21793
e1762	L21794
e1763	L21795
e1764	L21796
e1766	L21797
e1771	L21798
e1772	L21799
e1774	L21800
e1775	L21801
e1778	L21802
e1780	L21803
e1781	L21804
e1782	L21805
e1784	L21806
e1785	L21807
e1787	L21808
e1791	L21809
e1794	L21810
e1795	L21811
e1799	L21812
e1801	L21813
e1804	L21814
e1805	L21815
e1806	L21816
e1812	L21817
e1814	L21818
e1819	L21819
e1820	L21820
e1821	L21821
e1822	L21822
e1825	L21823
e1827	L21824
e1834	L21825
e1840	L21826
e1843	L21827
e1845	L21828
e1846	L21829
e1852	L21830
e1855	L21831
e1857	L21832
e1859	L21833
e1861	L21834
e1862	L21835
e1864	L21836
e1865	L21837
e1866	L21838
e1866_sc	L21839
e1867	L21840
e1868	L21841
e1873	L21842
e1875	L21843
e1879	L21844
e1885	L21845
e1888	L21846
e1890	L21847
e1892	L21848
e1894	L21849
e1894_sc	L21850
e1896	L21851
e1897	L21852
e1898	L21853
e1899	L21854
e1901	L21855
e1903	L21856
e1909	L21857
e1910	L21858
e1911	L21859
e1913	L21860
e1914	L21861
e1916	L21862
e1917	L21863
e1918	L21864
e1919	L21865
e1932	L21866
e1937	L21867
e1939	L21868
e1940	L21869
e1943	L21870
e1944	L21871
e1950	L21872
e1951	L21873
e8172	L21874
e8275	L21875
e8302	L21876
e8392	L21877
e8545	L21878
e8830	L21879
e9124	L21880
e9178	L21881
e9236	L21882
e9237	L21883
e9238	L21884
e9409	L21885
e9585	L21886
e9808	L21887
f0021	L21888
f0026	L21889
f0032	L21890
f0037	L21891
f0040	L21892
f0041	L21893
f0048	L21894
f0057	L21895
f0058	L21896
f0086	L21897
f0116	L21898
f0127	L21899
f0144	L21900
f0149	L21901
f0154	L21902
f0161	L21903
f0164	L21904
f0180	L21905
f0186	L21906
f0192	L21907
f0193	L21908
f0203	L21909
f0231	L21910
f0234	L21911
f0240	L21912
f0246	L21913
f0251	L21914
f0260	L21915
f0264	L21916
f0266	L21917
f0270	L21918
f0271	L21919
f0274	L21920
f0279	L21921
f0303	L21922
f0305	L21923
f0311	L21924
f0318	L21925
f0323	L21926
f0326	L21927
f0337	L21928
f0339	L21929
f0348	L21930
f0353	L21931
f0358	L21932
f0370	L21933
f0372	L21934
f0373	L21935
f0377	L21936
f0378	L21937
f0382	L21938
f0384	L21939
f0406	L21940
f0413	L21941
f0414	L21942
f0433	L21943
f0439	L21944
f0442	L21945
f0448	L21946
f0450	L21947
f0463	L21948
f0498	L21949
f0502	L21950
f0506	L21951
f0512	L21952
f0516	L21953
f0524	L21954
f0546	L21955
f0548	L21956
f0549	L21957
f0556	L21958
f0557	L21959
f0563	L21960
f0569	L21961
f0572	L21962
f0584	L21963
f0585	L21964
f0590	L21965
f0596	L21966
f0596_sc	L21967
f0601	L21968
f0608	L21969
f0613	L21970
f0638	L21971
f0639	L21972
f0644	L21973
f0651	L21974
f0655	L21975
f0655_sc	L21976
f0660	L21977
f0662	L21978
f0673	L21979
f0678	L21980
f0679	L21981
f0685	L21982
f0716	L21983
f0719	L21984
f0721	L21985
f0723	L21986
f0730	L21987
f0730_sc	L21988
f0743	L21989
f0751	L21990
f0752	L21991
f0756	L21992
f0758	L21993
f0759	L21994
f0762	L21995
f0765	L21996
f0766	L21997
f0781	L21998
f0782	L21999
f0793	L22000
f0802	L22001
f0820	L22002
f0828	L22003
f0844	L22004
f0851	L22005
f0857	L22006
f0859	L22007
f0876	L22008
f0879	L22009
f0884	L22010
f0887	L22011
f0898	L22012
f0906	L22013
f0913	L22014
f0915	L22015
f0915_sc	L22016
f0917	L22017
f0923	L22018
f0931	L22019
f0933	L22020
f0935	L22021
f0944	L22022
f0952	L22023
f0959	L22024
f0962	L22025
f0965	L22026
f0967	L22027
f0976	L22028
f0977	L22029
f0988	L22030
f0992	L22031
f0993	L22032
f0994	L22033
f0994_sc	L22034
f0995	L22035
f1002	L22036
f1006	L22037
f1010	L22038
f1012	L22039
f1015	L22040
f1018	L22041
f1024	L22042
f1024_sc	L22043
f1034	L22044
f1039	L22045
f1056	L22046
f1057	L22047
f1059	L22048
f1060	L22049
f1071	L22050
f1079	L22051
f1080	L22052
f1086	L22053
f1096	L26630
f1100	L22054
f1103	L22055
f1106	L22056
f1109	L22057
f1109_sc	L22058
f1118	L22059
f1125	L22060
f1127	L22061
f1135	L22062
f1146	L22063
f1150	L22064
f1154	L22065
f1155	L22066
f1173	L22067
f1176	L22068
f1177	L22069
f1184	L22070
f1187	L22071
f1188	L22072
f1203	L22073
f1221	L22074
f1222	L22075
f1228	L22076
f1230	L22077
f1245	L22078
f1255	L22079
f1260	L22080
f1262	L22081
f1265	L22082
f1270	L22083
f1271	L22084
f1302	L22085
f9010	L22086
f9045	L22087
f9225	L22088
f9227	L22089
f9228	L22090
f9229	L22091
f9316	L22092
f9317	L22093
f9540	L22094
f9644	L22095
f9706	L22096
f9795	L22097
f9910	L22098
f9911	L22099
f9937	L22100
f9993	L22101
g0016	L22102
g0034	L22103
g0062	L22104
g0076	L22105
g0077	L22106
g0081	L22107
g0090	L22108
g0093	L22109
g0102	L22110
g0120	L22111
g0128	L22112
g0140	L22113
g0144	L22114
g0149	L22115
g0150	L22116
g0153	L22117
g0156	L22118
g0168	L22119
g0174	L22120
g0190	L22121
g0202	L22122
g0234	L22123
g0237	L22124
g0238	L22125
g0268	L22126
g0271	L22127
g0272	L22128
g0274	L22129
g0288	L22130
g0308	L22131
g0316	L22132
g0318	L22133
g0321	L22134
g0322	L22135
g0351	L22136
g0352	L22137
g0357	L22138
g0376	L22139
g0380	L22140
g0385	L22141
g0390	L22142
g0391	L22143
g0397	L22144
g0406	L22145
g0409	L22146
g0420	L22147
g0421	L22148
g0422	L22149
g0435	L22150
g0438	L22151
g0439	L22152
g0449	L22153
g0450	L22154
g0476	L22155
g0482	L22156
g0485	L22157
g0498	L22158
g0501	L22159
g0503	L22160
g0522	L22161
g0529	L22162
g0534	L22163
g0537	L22164
g0560	L22165
g0566	L22166
g0571	L22167
g0578	L22168
g0589	L22169
g0592	L22170
g0601	L22171
g0607	L22172
g0615	L22173
g0630	L22174
g0631	L22175
g0643	L22176
g0666	L22177
g0690	L22178
g0695	L22179
h0004	L22180
h0015	L22181
h0017	L22182
h0018	L22183
h0029	L22184
h0044	L22185
h0053	L22186
h0066	L22187
h0074	L22188
h0097	L22189
h0118	L22190
h0127	L22191
h0147	L22192
h0158	L22193
h0158_sc	L22194
h0163	L22195
h0203	L22196
h0274	L22197
h0274_sc	L22198
h0276	L22199
h0283	L22200
h0290	L22201
h0295	L22202
h0351	L22203
h0358	L22204
h0365	L22205
h0380	L22206
h0381	L22207
h0385	L22208
h0397	L22209
h0402	L22210
h0404	L22211
h0410	L22212
h0449	L22213
h0451	L22214
h0460	L22215
h0475	L22216
h0485	L22217
h0537	L22218
h0544	L22219
h0548	L22220
h0565	L22221
h0569	L22222
h0580	L22223
h0586	L22224
h0586_sc	L22225
h0596	L22226
h0599	L22227
h0614	L22228
h0626	L22229
h0638	L22230
h0648	L22231
h0653	L22232
h0654	L22233
h0657	L22234
h0659	L22235
h0660	L22236
h0723	L22237
h0724	L22238
h0726	L22239
h0727	L22240
h0952	L22241
h9162	L22242
i0002	L22243
i0003	L22244
i0012	L22245
i0013	L22246
i0021	L22247
i0057	L22248
i0097	L22249
i0113	L22250
i0117	L22251
i0121	L22252
i0123	L22253
i0125	L22254
i0141	L22255
i0153	L22256
i0155	L22257
i0160	L22258
i0162	L22259
i0176	L22260
i0177	L22261
i0182	L22262
i0186	L22263
i0192	L22264
i0193	L22265
i0195	L22266
i0201	L22267
i0207	L22268
i0211	L22269
i0213	L22270
i0215	L22271
i0226	L22272
i0229	L22273
i0232	L22274
i0235	L22275
i0238	L22276
i0242	L22277
i0245	L22278
i0245	L22278
i0247	L22279
i0256	L22280
i0258	L22281
i0258_sc	L22282
i0259	L22283
i0261	L22284
i0262	L22285
i0264	L22286
i0268	L22287
i0281	L22288
i0293	L22289
i0298	L22290
i0300	L22291
i0306	L22292
i0307	L22293
i0309	L22294
i0315	L22295
i0320	L22296
i0324	L22297
i0325	L22298
i0326	L22299
i0336	L22300
i0339	L22301
i0340	L22302
i0342	L22303
i0347	L22304
i0349	L22305
i0357	L22306
i0368	L22307
i0370	L22308
i0376	L22309
i0377	L22310
i0378	L22311
i0380	L22312
i0388	L22313
i0403	L22314
i0404	L22315
i0405	L22316
i0406	L22317
i0410	L22318
i0411	L22319
i0412	L22320
i0417	L22321
i0421	L22322
i0428	L22323
i0430	L22324
i0436	L22325
i0439	L22326
i0448	L22327
i0459	L22328
i0461	L22329
i0461	L22329
i0463	L22330
i0464	L22331
i0465	L22332
i0469	L22333
i0475	L22334
i0484	L22335
i0495	L22336
i0499	L22337
i0503	L22338
i0514	L22339
i0514	L22339
i0522	L22340
i0527	L22341
i0532	L22342
i0533	L22343
i0539	L22344
i0547	L22345
i0549	L22346
i0551	L22347
i0552	L22348
i0558	L22349
i0560	L22350
i0564	L22351
i0566	L22352
i0572	L22353
i0573	L22354
i0574	L26627
i0577	L22355
i0578	L22356
i0580	L22357
i0591	L22358
i0593	L22359
i0593	L22359
i0599	L22360
i0614	L22361
i0626	L22362
i0629	L22363
i0632	L22364
i0638	L22365
i0639	L22366
i0652	L22367
i0677	L22368
i0679	L22369
i0691	L22370
i0697	L22371
i0698	L22372
i0706	L22373
i0715	L22374
i0718	L22375
i0726	L22376
i0731	L22377
i0734	L22378
i0739	L22379
i0739_sc	L22380
i0740	L22381
i0741	L22382
i0743	L22383
i0745	L22384
i0746	L22385
i0748	L22386
i0749	L22387
i0753	L22388
i0756	L22389
i0766	L22390
i0775	L22391
i0778	L22392
i0779	L22393
i0779_sc	L22394
i0780	L22395
i0783	L22396
i0789	L22397
i0798	L22398
i0801	L22399
i0805	L22400
i0816	L22401
i0817	L22402
i0818	L22403
i0820	L22404
i0821	L22405
i0822	L22406
i0823	L22407
i0824	L22408
i0824_sc	L22409
i0828	L22410
i0831	L22411
i0836	L22412
i0844	L22413
i0845	L22414
i0848	L22415
i0853	L22416
i0858	L22417
i0859	L22418
i0871	L22419
i0874	L22420
i0875	L22421
i0877	L22422
i0882	L22423
i0885	L22424
i0889	L22425
i0895	L22426
i0897	L22427
i0898	L22428
i0901	L22429
i0903	L22430
i0904	L22431
i0906	L22432
i0907	L22433
i0908	L22434
i0923	L22435
i0929	L22436
i0930	L22437
i0931	L22438
i0935	L22439
i0944	L22440
i0945	L22441
i0955	L22442
i0957	L22443
i0960	L22444
i0965	L22445
i0974	L22446
i0984	L22447
i1008	L22448
i1079	L22449
i1080	L22450
i1088	L22451
i1098	L22452
i1099	L22453
i1101	L22454
i1102	L22455
i1109	L22456
i1116	L22457
i1117	L22458
i1118	L22459
i1119	L22460
i1120	L22461
i1126	L22462
i1130	L22463
i1131	L22464
i1134	L22465
i1137	L22466
i1141	L22467
i1143	L22468
i1148	L22469
i1156	L22470
i1161	L22471
i1162	L22472
i1166	L22473
i1169	L22474
i1176	L22475
i1179	L22476
i1185	L22477
i1190	L22478
i1197	L22479
i1228	L22480
i1252	L22481
i1253	L22482
i1264	L22483
i1270	L22484
i1272	L22485
i1280	L22486
i1286	L22487
i1290	L22488
i1295	L22489
i1325	L22490
i1336	L22491
i1342	L22492
i1343	L22493
i1346	L22494
i1351	L22495
i1352	L22496
i1361	L22497
i1362	L22498
i1366	L22499
i1367	L22500
i1368	L22501
i1369	L22502
i1372	L22503
i1383	L22504
i1408	L22505
i1421	L22506
i1423	L22507
i1428	L22508
i1431	L22509
i1433	L22510
i1439	L22511
i1503	L22512
i1509	L22513
i1517	L22514
i1522	L22515
i1527	L22516
i1534	L22517
i1538	L22518
i1541	L22519
i1544	L22520
i1548	L22521
i1552	L22522
i1553	L22523
i1553_sc	L22524
i1557	L22525
i1559	L22526
i1562	L22527
i1563	L22528
i1567	L22529
i1572	L22530
i1574	L22531
i1575	L22532
i1584	L22533
i1586	L22534
i1587	L22535
i1595	L22536
i1596	L22537
i1598	L22538
i1602	L22539
i1607	L22540
i1613	L22541
i1614	L22542
i1615	L22543
i1617	L22544
i1620	L22545
i1628	L22546
i1629	L22547
i1640	L22548
i1642	L22549
i1644	L22550
i1648	L22551
i1649	L22552
i1650	L22553
i1651	L22554
i1652	L22555
i1653	L22556
i1662	L22557
i1667	L22558
i1668	L22559
i1670	L22560
i1671	L22561
i1672	L22562
i1676	L22563
i1678	L22564
i1679	L22565
i1680	L22566
i1681	L22567
i1683	L22568
i1692	L22569
i1695	L22570
i1696	L22571
i1699	L22572
i1702	L22573
i1708	L22574
i1709	L22575
i1711	L22576
i1712	L22577
i1714	L22578
i1719	L22579
i1721	L22580
i1727	L22581
i1728	L22582
i1729	L22583
i1730	L22584
i1732	L22585
i1734	L22586
i1735	L22587
i1736	L22588
i1739	L22589
i1746	L22590
i1747	L22591
i1747_sc	L22592
i1748	L22593
i1757	L22594
i1759	L22595
i1763	L22596
i1764	L22597
i1766	L22598
i1781	L22599
i1788	L22600
i1790	L22601
i1797	L22602
i1800	L22603
i1803	L22604
i1808	L22605
i1812	L22606
i1813	L22607
i1815	L22608
i1816	L22609
i1818	L22610
i1819	L22611
i1820	L22612
i1821	L22613
i1826	L22614
i1830	L22615
i1833	L22616
i1835	L22617
i1839	L22618
i1842	L22619
i1851	L22620
i1854	L22621
i1856	L22622
i1859	L22623
i1872	L22624
i1875	L22625
i1876	L22626
i1877	L22627
i1882	L22628
i1885	L22629
i1886	L22630
i1908	L22631
i1909	L22632
i1914	L22633
i1919	L22634
i1926	L22635
i1927	L22636
i1928	L22637
i1933	L22638
i1935	L22639
i1941	L22640
i1944	L22641
i1945	L22642
i1955	L22643
i1956	L22644
i1959	L22645
i1965	L22646
i1970	L22647
i1973	L22648
i1974	L22649
i1977	L22650
i1986	L22651
i1987	L22652
i1998	L22653
i2001	L22654
i2002	L22655
i2003	L22656
i2007	L22657
i2008	L22658
i2009	L22659
i2011	L22660
i2016	L22661
i2020	L22662
i2022	L22663
i2026	L22664
i2030	L22665
i2031	L22666
i2039	L22667
i2042	L22668
i2043	L22669
i2054	L22670
i2058	L22671
i2069	L22672
i2075	L22673
i2076	L22674
i2084	L22675
i2090	L22676
i2093	L22677
i2095	L22678
i2100	L22679
i2101	L22680
i2103	L22681
i2104	L22682
i2105	L22683
i2106	L22684
i2107	L22685
i2115	L22686
i2116	L22687
i2117	L22688
i2122	L22689
i2124	L22690
i2126	L22691
i2128	L22692
i2129	L22693
i2130	L22694
i2136	L22695
i2140	L22696
i2143	L22697
i2144	L22698
i2145	L22699
i2146	L22700
i2151	L22701
i2163	L22702
i2166	L22703
i2167	L22704
i2168	L22705
i2169	L22706
i2174	L22707
i2181	L22708
i2190	L22709
i2191	L22710
i2193	L22711
i2195	L22712
i2200	L22713
i2206	L22714
i2207	L22715
i2211	L22716
i2212	L22717
i2215	L22718
i2216	L22719
i2220	L22720
i2231	L22721
i2233	L22722
i2245	L22723
i2246	L22724
i2247	L22725
i2252	L22726
i2253	L22727
i2253_sc	L22728
i2256	L22729
i2257	L22730
i2264	L22731
i2266	L22732
i2267	L22733
i2268	L22734
i2272	L22735
i2273	L22736
i2274	L22737
i2278	L22738
i2283	L22739
i2284	L22740
i2286	L22741
i2287	L22742
i2290	L22743
i2292	L22744
i2294	L22745
i2295	L22746
i2300	L22747
i2307	L22748
i2317	L22749
i2318	L22750
i2319	L22751
i2329	L22752
i2331	L22753
i2332	L22754
i2333	L22755
i2335	L22756
i2336	L22757
i2337	L22758
i2338	L22759
i2339	L22760
i2340	L22761
i2341	L22762
i2342	L22763
i2344	L22764
i2346	L22765
i2348	L22766
i2349	L22767
i2353	L22768
i2357	L22769
i2360	L22770
i2362	L22771
i2363	L22772
i2364	L22773
i2366	L22774
i2367	L22775
i2368	L22776
i2370	L22777
i2373	L22778
i2375	L22779
i2376	L22780
i2377	L22781
i2380	L22782
i2382	L22783
i2383	L22784
i2386	L22785
i2388	L22786
i2391	L22787
i2393	L22788
i2395	L22789
i2397	L22790
i2398	L22791
i2401	L22792
i2402	L22793
i2404	L22794
i2410	L22795
i2411	L22796
i2412	L22797
i2413	L22798
i2414	L22799
i2417	L22800
i2419	L22801
i2422	L22802
i2426	L22803
i2427	L22804
i2431	L22805
i2433	L22806
i2440	L22807
i2441	L22808
i2452	L22809
i2453	L22810
i2455	L22811
i2456	L22812
i2457	L22813
i2458	L22814
i2459	L22815
i2465	L22816
i2476	L22817
i2477	L22818
i2480	L22819
i2484	L22820
i2485	L22821
i2486	L22822
i2487	L22823
i2489	L22824
i2490	L22825
i2491	L22826
i2493	L22827
i2494	L22828
i2496	L22829
i2498	L22830
i2499	L22831
i2502	L22832
i2506	L22833
i2507	L22834
i2508	L22835
i2509	L22836
i2510	L22837
i2511	L22838
i2512	L22839
i2514	L22840
i2518	L22841
i2523	L22842
i2524	L22843
i2525	L22844
i2526	L22845
i2527	L22846
i2529	L22847
i2534	L22848
i2536	L22849
i2538	L22850
i2539	L22851
i2540	L22852
i2541	L22853
i2544	L22854
i2545	L22855
i2546	L22856
i2552	L22857
i2557	L22858
i2560	L22859
i2562	L22860
i2565	L22861
i2566	L22862
i2567	L22863
i2568	L22864
i2569	L22865
i2577	L22866
i2585	L22867
i2589	L22868
i2591	L22869
i2594	L22870
i2596	L22871
i2597	L22872
i2606	L22873
i2609	L22874
i2610	L22875
i2612	L22876
i2614	L22877
i2615	L22878
i2620	L22879
i2622	L22880
i2624	L22881
i2627	L22882
i2630	L22883
i2631	L22884
i2637	L22885
i2638	L22886
i2644	L22887
i2649	L22888
i2659	L22889
i2662	L22890
i2665	L22891
i2666	L22892
i2671	L22893
i2672	L22894
i2674	L22895
i2678	L22896
i2683	L22897
i2687	L22898
i2688	L22899
i2689	L22900
i2693	L22901
i2696	L22902
i2698	L22903
i2701	L22904
i2702	L22905
i2713	L22906
i2718	L22907
i2719	L22908
i2723	L22909
i2724	L22910
i2725	L22911
i2728	L22912
i2729	L22913
i2733	L22914
i2734	L22915
i2735	L22916
i2741	L22917
i2743	L22918
i2746	L22919
i2747	L22920
i2748	L22921
i2754	L22922
i2763	L22923
i2770	L22924
i2788	L22925
i2788_sc	L22926
i2797	L22927
i2802	L22928
i2803	L22929
i2808	L22930
i2841	L22931
i2847	L22932
i2858	L22933
i2868	L22934
i2873	L22935
i2887	L22936
i2889	L22937
i2891	L22938
i2893	L22939
i2894	L22940
i2895	L22941
i2896	L22942
i2897	L22943
i2898	L22944
i2900	L22945
i2901	L22946
i2905	L22947
i2906	L22948
i2907	L22949
i2909	L22950
i2966	L22951
i2971	L22952
i2973	L22953
i2974	L22954
i2980	L22955
i2983	L22956
i2988	L22957
i2999	L22958
i3013	L22959
i3015	L22960
i3016	L22961
i3023	L22962
i3026	L22963
i3044	L22964
i3057	L22965
i3060	L22966
i3067	L22967
i3086	L22968
i3096	L22969
i3097	L22970
i3097_sc	L22971
i3104	L22972
i3107	L22973
i3110	L22974
i3116	L22975
i3117	L22976
i3118	L22977
i3119	L22978
i3121	L22979
i3139	L22980
i3178	L22981
i6081	L22982
i7042	L22983
i7889	L22984
i8955	L22985
i9021	L22986
i9340	L22987
i9462	L22988
i9546	L22989
i9920	L22990
i9921	L22991
i9922	L22992
i9923	L22993
i9924	L22994
i9925	L22995
i9926	L22996
i9927	L22997
i9929	L22998
i9930	L22999
l0007	L23000
l0009	L23001
l0010	L23002
l0021	L23003
l0024	L23004
l0025	L23005
l0030	L23006
l0044	L23007
l0054	L23008
l0061	L23009
l0062	L23010
l0068	L23011
l0074	L23012
l0080	L23013
l0080_sc	L23014
l0090	L23015
l0091	L23016
l0100	L23017
l0103	L23018
l0111	L23019
l0115	L23020
l0122	L23021
l0124	L23022
l0128	L23023
l0146	L23024
l0151	L23025
l0154	L23026
l0156	L23027
l0157	L23028
l0166	L23029
l0182	L23030
l0191	L23031
l0196	L23032
l0203	L23033
l0205	L23034
l0206	L23035
l0228	L23036
l0233	L23037
l0260	L23038
l0262	L23039
l0265	L23040
l0269	L23041
l0280	L23042
l0284	L23043
l0289	L23044
l0294	L23045
l0313	L23046
l0320	L23047
l0323	L23048
l0331	L23049
l0333	L23050
l0342	L23051
l0352	L23052
l0356	L23053
l0361	L23054
l0365	L23055
l0366	L23056
l0373	L23057
l0383	L23058
l0388	L23059
l0402	L23060
l0411	L23061
l0415	L23062
l0416	L23063
l0446	L23064
l0461	L23065
l0463	L23066
l0470	L23067
l0493	L23068
l0495	L23069
l0496	L23070
l0502	L23071
l0513	L23072
l0516	L23073
l0521	L23074
l0525	L23075
l0529	L23076
l0529_sc	L23077
l0541	L23078
l0550	L23079
l0593	L23080
l0637	L23081
l0638	L23082
l0646	L23083
l0684	L23084
l0691	L23085
l0693	L23086
l0697	L23087
l0711	L23088
l0715	L23089
l0722	L23090
l0727	L23091
l0731	L23092
l0748	L23093
l0753	L23094
l0756	L23095
l0788	L23096
l0792	L23097
l0799	L23098
l0818	L23099
l0820	L23100
l0821	L23101
l0835	L23102
l0841	L23103
l0845	L23104
l0849	L23105
l0855	L23106
l0863	L23107
l0867	L23108
l0878	L23109
l0880	L23110
l0881	L23111
l0881_sc	L23112
l0887	L23113
l0888	L23114
l0894	L23115
l0916	L23116
l0917	L23117
l0927	L23118
l0937	L23119
l0940	L23120
l0940_sc	L23121
l0942	L23122
l0964	L23123
l0965	L23124
l0974	L23125
l0976	L23126
l0995	L23127
l1007	L23128
l1017	L23129
l1019	L23130
l1021	L23131
l1028	L23132
l1041	L23133
l1042	L23134
l1051	L23135
l1065	L23136
l1075	L23137
l1085	L23138
l1094	L23139
l1106	L23140
l1111	L23141
l1122	L23142
l1125	L23143
l1126	L23144
l1131	L23145
l1147	L23146
l1153	L23147
l1157	L23148
l1161	L23149
l1178	L23150
l1183	L23151
l1185	L23152
l1198	L23153
l1199	L23154
l1203	L23155
l1205	L23156
l1219	L23157
l1232	L23158
l1240	L23159
l1243	L23160
l1244	L23161
l1247	L23162
l1252	L23163
l1255	L23164
l1280	L23165
l1297	L23166
l1298	L23167
l8007	L23168
l8252	L23169
l9893	L23170
l9894	L23171
l9915	L23172
l9916	L23173
l9917	L23174
l9918	L23175
l9921	L23176
m0012	L23177
m0017	L23178
m0018	L23179
m0018_sc	L23180
m0030	L23181
m0035	L23182
m0038	L23183
m0039	L23184
m0042	L23185
m0053	L23186
m0058	L23187
m0060	L23188
m0061	L23189
m0062	L23190
m0064	L23191
m0064_sc	L23192
m0065	L23193
m0077	L23194
m0080	L23195
m0083	L23196
m0105	L23197
m0122	L23198
m0150	L23199
m0158	L23200
m0168	L23201
m0170	L23202
m0187	L23203
m0206	L23204
m0213	L23205
m0230	L23206
m0252	L23207
m0260	L23208
m0261	L23209
m0269	L23210
m0273	L23211
m0279	L23212
m0283	L23213
m0291	L23214
m0305	L23215
m0309	L23216
m0313	L23217
m0314	L23218
m0317	L23219
m0319	L23220
m0330	L23221
m0333	L23222
m0334	L23223
m0358	L23224
m0371	L23225
m0371_sc	L23226
m0387	L23227
m0396	L23228
m0404	L23229
m0419	L23230
m0428	L23231
m0434	L23232
m0441	L23233
m0450	L23234
m0456	L23235
m0466	L23236
m0490	L23237
m0491	L23238
m0493	L23239
m0493_sc	L23240
m0525	L23241
m0547	L23242
m0555	L23243
m0572	L23244
m0578	L23245
m0588	L23246
m0627	L23247
m0651	L23248
m0687	L23249
m0693	L23250
m0706	L23251
m0721	L23252
m0743	L23253
m0754	L23254
m0760	L23255
m0768	L23256
m0784	L23257
m0787	L23258
m0791	L23259
m0792	L23260
m0797	L23261
m0802	L23262
m0803	L23263
m0812	L23264
m0817	L23265
m0825	L23266
m0826	L23267
m0827	L23268
m0893	L23269
m0894	L23270
m0897	L23271
m0917	L23272
m0954	L23273
m0957	L23274
m0963	L23275
m0966	L23276
m0973	L23277
m0990	L23278
m1024	L23279
m1032	L23280
m1033	L23281
m1042	L23282
m1046	L23283
m1048	L23284
m1051	L23285
m1054	L23286
m1056	L23287
m1057	L23288
m1058	L23289
m1071	L23290
m1087	L23291
m1092	L23292
m1097	L23293
m1105	L23294
m1113	L23295
m1119	L23296
m1122	L23297
m1127	L23298
m1129	L23299
m1135	L23300
m1136	L23301
m1143	L23302
m1158	L23303
m1167	L23304
m1177	L23305
m1188	L23306
m1196	L23307
m1198	L23308
m1212	L23309
m1215	L23310
m1223	L23311
m1227	L23312
m1227_sc	L23313
m1232	L23314
m1236	L23315
m1245	L23316
m1289	L23317
m1292	L23318
m1299	L23319
m1354	L23320
m1384	L23321
m1385	L23322
m1389	L23323
m1395	L23324
m1400	L23325
m1407	L23326
m1411	L23327
m1416	L23328
m1423	L23329
m1433	L23330
m1439	L23331
m1451	L23332
m1453	L23333
m1456	L23334
m1459	L23335
m1459_sc	L23336
m1475	L23337
m1476	L23338
m1477	L23339
m1485	L23340
m1587	L23341
m1593	L23342
m1600	L23343
m1608	L23344
m1671	L23345
m1683	L23346
m1693	L23347
m1707	L23348
m1713	L23349
m1723	L23350
m1724	L23351
m1732	L23352
m1739	L23353
m1743	L23354
m1747	L23355
m1778	L23356
m1781	L23357
m1782	L23358
m1813	L23359
m1823	L23360
m1827	L23361
m1834	L23362
m1836	L23363
m1853	L23364
m1857	L23365
m1862	L23366
m1864	L23367
m1866	L23368
m1873	L23369
m1876	L23370
m9603	L23371
m9604	L23372
m9605	L23373
m9606	L23374
m9607	L23375
m9608	L23376
m9609	L23377
n0009	L23378
n0012	L23379
n0013	L23380
n0039	L23381
n0044	L23382
n0064	L23383
n0069	L23384
n0081	L23385
n0087	L23386
n0102	L23387
n0108	L23388
n0112	L23389
n0117	L23390
n0148	L23391
n0151	L23392
n0160	L23393
n0180	L23394
n0184	L23395
n0185	L23396
n0193	L23397
n0198	L23398
n0211	L23399
n0226	L23400
n0233	L23401
n0249	L23402
n0269	L23403
n0275	L23404
n0276	L23405
n0281	L23406
n0286	L23407
n0293	L23408
n0294	L23409
n0294_sc	L23410
n0295	L23411
n0298	L23412
n0301	L23413
n0313	L23414
n0322	L23415
n0325	L23416
n0329	L23417
n0335	L23418
n0335_sc	L23419
n0338	L23420
n0442	L23421
n0443	L23422
n0444	L23423
n0447	L23424
n0448	L23425
n0453	L23426
n0478	L23427
n0489	L23428
n0504	L23429
n0505	L23430
n0529	L23431
n0533	L23432
n0534	L23433
n0543	L23434
n0548	L23435
n0552	L23436
n0567	L23437
n0579	L23438
n0586	L23439
n0602	L23440
n0606	L23441
n0616	L23442
n0627	L23443
n0641	L23444
n0647	L23445
n0658	L23446
n0676	L23447
n0684	L23448
n0689	L23449
n0699	L23450
n0701	L23451
n0710	L23452
n0712	L23453
n0717	L23454
n0720	L23455
n0750	L23456
n0756	L23457
n9320	L23458
n9322	L23459
n9701	L23460
n9823	L23461
n9911	L23462
o0003	L23463
o0004	L23464
o0005	L23465
o0008	L23466
o0010	L23467
o0011	L23468
o0011_sc	L23469
o0012	L23470
o0013	L23471
o0014	L23472
o0017	L23473
o0019	L23474
o0022	L23475
o0023	L23476
o0025	L23477
o0026	L23478
o0027	L23479
o0028	L23480
o0030	L23481
o0031	L23482
o0032	L23483
o0034	L23484
o0035	L23485
o0038	L23486
o0040	L23487
o0041	L23488
o0042	L23489
o0045	L23490
o0047	L23491
o0048	L23492
o0049	L23493
o0050	L23494
o0051	L23495
o0052	L23496
o0058	L23497
o0061	L23498
o0068	L23499
o0069	L23500
o0070	L23501
o0072	L23502
o0080	L23503
o0087	L23504
o0090	L23505
o0091	L23506
o0094	L23507
o0095	L23508
o0096	L23509
o0097	L23510
o0098	L23511
o0099	L23512
o0102	L23513
o0104	L23514
o0107	L23515
o0112	L23516
o0114	L23517
o0120	L23518
o0121	L23519
o0123	L23520
o0125	L23521
o0126	L23522
o0130	L23523
o0132	L23524
o0133	L23525
o0134	L23526
o0135	L23527
o0137	L23528
o0138	L23529
o0139	L23530
o0140	L23531
o0142	L23532
o0143	L23533
o0146	L23534
o0151	L23535
o0152	L23536
o0154	L23537
o0156	L23538
o0156	L23538
o0159	L23539
o0162	L23540
o0163	L23541
o0165	L23542
o0167	L23543
o0171	L23544
o0172	L23545
o0174	L23546
o0174_sc	L23547
o0177	L23548
o0179	L23549
o0180	L23550
o0181	L23551
o0182	L23552
o0187	L23553
o0189	L23554
o0190	L23555
o0191	L23556
o0192	L23557
o0194	L23558
o0197	L23559
o0202	L23560
o0205	L23561
o0209	L23562
o0218	L23563
o0221	L23564
o0222	L23565
o0228	L23566
o0229	L23567
o0234	L23568
o0236	L23569
o0241	L23570
o0243	L23571
o0246	L23572
o0247	L23573
o0248	L23574
o0249	L23575
o0250	L23576
o0252	L23577
o0255	L23578
o0257	L23579
o0258	L23580
o0259	L23581
o0262	L23582
o0264	L23583
o0267	L23584
o0268	L23585
o0269	L23586
o0269_sc	L23587
o0271	L23588
o0273	L23589
o0276	L23590
o0277	L23591
o0280	L23592
o0282	L23593
o0285	L23594
o0287	L23595
o0289	L23596
o0290	L23597
o0291	L23598
o0291_sc	L23599
o0292	L23600
o0293	L23601
o0294	L23602
o0295	L23603
o0297	L23604
o0298	L23605
o0299	L23606
o0300	L23607
o0302	L23608
o0304	L23609
o0305	L23610
o0307	L23611
o0307_sc	L23612
o0309	L23613
o0310	L23614
o0311	L23615
o0312	L23616
o0313	L23617
o0315	L23618
o0318	L23619
o0320	L23620
o0322	L23621
o0323	L23622
o0324	L23623
o0329	L23624
o0330	L23625
o0331	L23626
o0336	L23627
o0337	L23628
o0338	L23629
o0341	L23630
o0342	L23631
o0344	L23632
o0347	L23633
o0350	L23634
o0351	L23635
o0352	L23636
o0353	L23637
o0355	L23638
o0356	L23639
o0359	L23640
o0364	L23641
o0365	L23642
o0368	L23643
o0376	L23644
o0379	L23645
o0380	L23646
o0386	L23647
o0387	L23648
o0390	L23649
o0391	L23650
o0392	L23651
o0396	L23652
o0398	L23653
o0399	L23654
o0401	L23655
o0403	L23656
o0404	L23657
o0405	L23658
o0406	L23659
o0407	L23660
o0411	L23661
o0412	L23662
o0417	L23663
o0419	L23664
o0420	L23665
o0426	L23666
o0427	L23667
o0437	L23668
o0441	L23669
o0444	L23670
o0450	L23671
o0468	L23672
o0488	L23673
o0500	L23674
o0506	L23675
o0508	L23676
o0526	L23677
o0562	L23678
o0570	L23679
o0573	L23680
o0581	L23681
o0586	L23682
o0588	L23683
o0589	L23684
o0590	L23685
o0591	L23686
o0592	L23687
o0595	L23688
o0596	L23689
o0597	L23690
o0599	L23691
o0602	L23692
o0603	L23693
o0637	L23694
o0643	L23695
o0645	L23696
o0648	L23697
o0650	L23698
o0657	L23699
o0670	L23700
o0696	L23701
o0699	L23702
o0700	L23703
o0744	L23704
o0747	L23705
o0769	L23706
o0777	L23707
o0790	L23708
o0792	L23709
o0793	L23710
o0798	L23711
o0821	L23712
o0831	L23713
o0837	L23714
o0843	L23715
o0853	L23716
o0854	L23717
o0855	L23718
o0856	L23719
o0857	L23720
o0858	L23721
o0859	L23722
o0860	L23723
o0861	L23724
o0862	L23725
o0863	L23726
o0871	L23727
o0874	L23728
o0875	L23729
o0876	L23730
o0877	L26631
o0884	L23731
o0889	L23732
o0894	L23733
o0895	L23734
o0896	L23735
o0909	L23736
o0913	L23737
o0915	L23738
o0944	L23739
o0951	L23740
o0977	L23741
o0978	L23742
o1006	L23743
o1025	L23744
o1027	L23745
o1070	L23746
o1075	L23747
o1079	L23748
o1095	L23749
o1108	L23750
o1145	L23751
o1156	L23752
o1167	L23753
o1201	L23754
o9036	L23755
o9249	L23756
o9251	L23757
o9287	L23758
o9344	L23759
o9350	L23760
o9648	L23761
o9742	L23762
p0009	L23763
p0019	L23764
p0021	L23765
p0022	L23766
p0023	L23767
p0028	L23768
p0035	L23769
p0041	L23770
p0052	L23771
p0072	L23772
p0084	L23773
p0108	L23774
p0114	L23775
p0114_sc	L23776
p0118	L23777
p0123	L23778
p0133	L23779
p0141	L23780
p0147	L23781
p0148	L23782
p0158	L23783
p0160	L23784
p0161	L23785
p0188	L23786
p0213	L23787
p0214	L23788
p0215	L23789
p0217	L23790
p0223	L23791
p0276	L23792
p0279	L23793
p0351	L23794
p0361	L23795
p0367	L23796
p0390	L23797
p0391	L23798
p0410	L23799
p0411	L23800
p0413	L23801
p0419	L23802
p0442	L23803
p0459	L23804
p0468	L23805
p0472	L23806
p0477	L23807
p0481	L23808
p0496	L23809
p0497	L23810
p0513	L23811
p0517	L23812
p0523	L23813
p0529	L23814
p0540	L23815
p0543	L23816
p0544	L23817
p0549	L23818
p0566	L23819
p0586	L23820
p0589	L23821
p0592	L23822
p0600	L23823
p0606	L23824
p0607	L23825
p0607_sc	L23826
p0610	L23827
p0614	L23828
p0616	L23829
p0619	L23830
p0632	L23831
p0635	L23832
p0639	L23833
p0644	L23834
p0659	L23835
p0668	L23836
p0670	L23837
p0688	L23838
p0692	L23839
p0724	L23840
p0725	L23841
p0727	L23842
p0738	L23844
p0757	L23845
p0762	L23846
p0769	L23847
p0785	L23848
p0787	L23849
p0796	L23850
p0805	L23851
p0809	L23852
p0814	L23853
p0819	L23854
p0821	L23855
p0871	L23856
p0873	L23857
p0876	L23858
p0879	L23859
p0880	L23860
p0881	L23861
p0882	L23862
p0885	L23863
p0889	L23864
p0891	L23865
p0898	L23866
p0900	L23867
p0904	L23868
p0905	L23869
p0913	L23870
p0914	L23871
p0915	L23872
p0921	L23873
p0922	L23874
p0927	L23875
p0928	L23876
p0929	L23877
p0930	L23878
p0932	L23879
p0933	L23880
p0934	L23881
p0939	L23882
p0941	L23883
p0942	L23884
p0948	L23885
p0949	L23886
p0951	L23887
p0955	L23888
p0957	L23889
p0958	L23890
p0962	L23891
p0966	L23892
p0967	L23893
p0968	L23894
p0972	L23895
p0976	L23896
p0978	L23897
p0980	L23898
p0983	L23899
p0984	L23900
p0985	L23901
p0986	L23902
p0988	L23903
p0990	L23904
p0992	L23905
p0994	L23906
p0995	L23907
p0998	L23908
p1003	L23909
p1008	L23910
p1011	L23911
p1012	L23912
p1013	L23913
p1016	L23914
p1020	L23915
p1022	L23916
p1028	L23917
p1032	L23918
p1033	L23919
p1035	L23920
p1036	L23921
p1037	L23922
p1039	L23923
p1040	L23924
p1041	L23925
p1043	L23926
p1050	L23927
p1052	L23928
p1053	L23929
p1054	L23930
p1062	L23931
p1065	L23932
p1078	L23933
p1079	L23934
p1081	L23935
p1082	L23936
p1083	L23937
p1086	L23938
p1092	L23939
p1093	L23940
p1106	L23941
p1107	L23942
p1108	L23943
p1111	L23944
p1118	L23945
p1119	L23946
p1127	L23947
p1128	L23948
p1129	L23949
p1130	L23950
p1132	L23951
p1138	L23952
p1139	L23953
p1143	L23954
p1144	L23955
p1146	L23956
p1147	L23957
p1149	L23958
p1152	L23959
p1153	L23960
p1154	L23961
p1156	L23962
p1157	L23963
p1161	L23964
p1163	L23965
p1165	L23966
p1166	L23967
p1169	L23968
p1170	L23969
p1171	L23970
p1174	L23971
p1176	L23972
p1177	L23973
p1179	L23974
p1180	L23975
p1182	L23976
p1183	L23977
p1190	L23978
p1191	L23979
p1192	L23980
p1196	L23981
p1196_sc	L23982
p1200	L23983
p1210	L23984
p1213	L23985
p1228	L23986
p1230	L23987
p1237	L23988
p1253	L23989
p1293	L23990
p1295	L23991
p1300	L23992
p1303	L23993
p1306	L23994
p1308	L23995
p1310	L23996
p1311	L23997
p1312	L23998
p1315	L23999
p1319	L24000
p1324	L24001
p1325	L24002
p1327	L24003
p1330	L24004
p1331	L24005
p1332	L24006
p1337	L24007
p1338	L24008
p1339	L24009
p1341	L24010
p1343	L24011
p1344	L24012
p1352	L24013
p1354	L24014
p1355	L24015
p1356	L24016
p1357	L24017
p1362	L24018
p1367	L24019
p1374	L24020
p1375	L24021
p1376	L24022
p1378	L24023
p1379	L24024
p1382	L24025
p1384	L24026
p1388	L24027
p1391	L24028
p1394	L24029
p1395	L24030
p1396	L24031
p1406	L24032
p1411	L24033
p1413	L24034
p1417	L24035
p1420	L24036
p1422	L24037
p1423	L24038
p1427	L24039
p1436	L24040
p1437	L24041
p1438	L24042
p1439	L24043
p1446	L24044
p1447	L24045
p1450	L24046
p1454	L24047
p1455	L24048
p1460	L24049
p1463	L24050
p1472	L24051
p1477	L24052
p1483	L24053
p1487	L24054
p1493	L24055
p1496	L24056
p1500	L24057
p1502	L24058
p1504	L24059
p1505	L24060
p1506	L24061
p1508	L24062
p1512	L24063
p1513	L24064
p1516	L24065
p1520	L24066
p1521	L24067
p1524	L24068
p1525	L24069
p1529	L24070
p1530	L24071
p1533	L24072
p1535	L24073
p1536	L24074
p1537	L24075
p1539	L24076
p1543	L24077
p1545	L24078
p1549	L24079
p1550	L24080
p1552	L24081
p1554	L24082
p1559	L24083
p1562	L24084
p1563	L24085
p1567	L24086
p1571	L24087
p1571_sc	L24088
p1575	L24089
p1576	L24090
p1577	L24091
p1578	L24092
p1581	L24093
p1586	L24094
p1587	L24095
p1591	L24096
p1595	L24097
p1596	L24098
p1605	L24099
p1607	L24100
p1609	L24101
p1612	L24102
p1613	L24103
p1618	L24104
p1621	L24105
p1623	L24106
p1624	L24107
p1625	L24108
p1626	L24109
p1627	L24110
p1628	L24111
p1630	L24112
p1631	L24113
p1632	L24114
p1634	L24115
p1642	L24116
p1644	L24117
p1646	L24118
p1648	L24119
p1649	L24120
p1650	L24121
p1651	L24122
p1653	L24123
p1654	L24124
p1657	L24125
p1658	L24126
p1660	L24127
p1661	L24128
p1662	L24129
p1664	L24130
p1665	L24131
p1671	L24132
p1671_sc	L24133
p1674	L24134
p1675	L24135
p1676	L24136
p1677	L24137
p1678	L24138
p1680	L24139
p1681	L24140
p1683	L24141
p1685	L24142
p1687	L24143
p1691	L24144
p1695	L24145
p1697	L24146
p1700	L24147
p1703	L24148
p1705	L24149
p1709	L24150
p1712	L24151
p1713	L24152
p1714	L24153
p1715	L24154
p1719	L24155
p1720	L24156
p1724	L24157
p1726	L24158
p1730	L24159
p1737	L24160
p1738	L24161
p1743	L24162
p1745	L24163
p1746	L24164
p1748	L24165
p1750	L24166
p1753	L24167
p1754	L24168
p1755	L24169
p1756	L24170
p1757	L24171
p1758	L24172
p1760	L24173
p1761	L24174
p1764	L24175
p1770	L24176
p1799	L24177
p1808	L24178
p1809	L24179
p1814	L24180
p1851	L24181
p1915	L24182
p1928	L24183
p1967	L24184
p1977	L24185
p1979	L24186
p1979_sc	L24187
p2013	L24188
p2025	L24189
p2038	L24190
p2043	L24191
p2046	L24192
p2049	L24193
p2049_sc	L24194
p2052	L24195
p2053	L24196
p2068	L24197
p2070	L24198
p2081	L24199
p2084	L24200
p2087	L24201
p2088	L24202
p2089	L24203
p2092	L24204
p2094	L24205
p2111	L24206
p2113	L24207
p2115	L24208
p2126	L24209
p2128	L24210
p2130	L24211
p2132	L24212
p2137	L24213
p2157	L24214
p2159	L24215
p2168	L24216
p2172	L24217
p2218	L24218
p2221	L24219
p2226	L24220
p2227	L24221
p2238	L24222
p2241	L24223
p2251	L24224
p2255	L24225
p2263	L24226
p2272	L24227
p2278	L24228
p2279	L24229
p2300	L24230
p2303	L24231
p2306	L24232
p2320	L24233
p2333	L24234
p2348	L24235
p2352	L24236
p2361	L24237
p2363	L24238
p2374	L24239
p2377	L24240
p2381	L24241
p2384	L24242
p2429	L24243
p2441	L24244
p2455	L24245
p2463	L24246
p2466	L24247
p2469	L24248
p2473	L24249
p2474	L24250
p2476	L24251
p2479	L24252
p2539	L24253
p2555	L24254
p2562	L24255
p2584	L24256
p2600	L24257
p2602	L24258
p2615	L24259
p2635	L24260
p2638	L24261
p2642	L24262
p2653	L24263
p2671	L24264
p2681	L24265
p2695	L24266
p2696	L24267
p2697	L24268
p2705	L24269
p2710	L24270
p2714	L24271
p2717	L24272
p2719	L24273
p2731	L24274
p2733	L24275
p2741	L24276
p2744	L24277
p2751	L24278
p2753	L24279
p2765	L24280
p2774	L24281
p2775	L24282
p2776	L24283
p2778	L24284
p2779	L24285
p2782	L24286
p2790	L24287
p2792	L24288
p2794	L24289
p2795	L24290
p2796	L24291
p2798	L24292
p2805	L24293
p2810	L24294
p2815	L24295
p2817	L24296
p2819	L24297
p2820	L24298
p2825	L24299
p2829	L24300
p2832	L24301
p2838	L24302
p2841	L24303
p2842	L24304
p2843	L24305
p2847	L24306
p2850	L24307
p2857	L24308
p2860	L24309
p2861	L24310
p2866	L24311
p2868	L24312
p2871	L24313
p2872	L24314
p2873	L24315
p2874	L24316
p2877	L24317
p2880	L24318
p2881	L24319
p2883	L24320
p2884	L24321
p2886	L24322
p2889	L24323
p2890	L24324
p2892	L24325
p2893	L24326
p2898	L24327
p2899	L24328
p2903	L24329
p2910	L24330
p2912	L24331
p2916	L24332
p2928	L24333
p2929	L24334
p2936	L24335
p2940	L24336
p2942	L24337
p2947	L24338
p2948	L24339
p2951	L24340
p2952	L24341
p2954	L24342
p2957	L24343
p2959	L24344
p2960	L24345
p2961	L24346
p2962	L24347
p2967	L24348
p2977	L24349
p2983	L24350
p2985	L24351
p2987	L24352
p2989	L24353
p2990	L24354
p2994	L24355
p2995	L24356
p2996	L24357
p3000	L24358
p3001	L24359
p3002	L24360
p3003	L24361
p3005	L24362
p3006	L24363
p3008	L24364
p3009	L24365
p3011	L24366
p3012	L24367
p3013	L24368
p3014	L24369
p3016	L24370
p3017	L24371
p3019	L24372
p3020	L24373
p3022	L24374
p3023	L24375
p3024	L24376
p3025	L24377
p3029	L24378
p3031	L24379
p3036	L24380
p3037	L24381
p3039	L24382
p3041	L24383
p3042	L24384
p3043	L24385
p3044	L24386
p3045	L24387
p3046	L24388
p3048	L24389
p3049	L24390
p3052	L24391
p3053	L24392
p3055	L24393
p3056	L24394
p3062	L24395
p3068	L24396
p3069	L24397
p3070	L24398
p3073	L24399
p3077	L24400
p3078	L24401
p3080	L24402
p3082	L24403
p3084	L24404
p3086	L24405
p3088	L24406
p3089	L24407
p3094	L24408
p3095	L24409
p3096	L24410
p3097	L24411
p3102	L24412
p3105	L24413
p3106	L24414
p3108	L24415
p3109	L24416
p3110	L24417
p3113	L24418
p3114	L24419
p3116	L24420
p3117	L24421
p3118	L24422
p3124	L24423
p3126	L24424
p3127	L24425
p3130	L24426
p3131	L24427
p3133	L24428
p3140	L24429
p3141	L24430
p3143	L24431
p3144	L24432
p3145	L24433
p3147	L24434
p3149	L24435
p3150	L24436
p3151	L24437
p3153	L24438
p3156	L24439
p3160	L24440
p3161	L24441
p3164	L24442
p3166	L24443
p3172	L24444
p3174	L24445
p3175	L24446
p3176	L24447
p3178	L24448
p3180	L24449
p3182	L24450
p3183	L24451
p3184	L24452
p3185	L24453
p3186	L24454
p3191	L24455
p3193	L24456
p3195	L24457
p3196	L24458
p3198	L24459
p3202	L24460
p3204	L24461
p3205	L24462
p3206	L24463
p3211	L24464
p3215	L24465
p3219	L24466
p3222	L24467
p3225	L24468
p3226	L24469
p3231	L24470
p3234	L24471
p3236	L24472
p3241	L24473
p3242	L24474
p3247	L24475
p3249	L24476
p3252	L24477
p3255	L24478
p3256	L24479
p3258	L24480
p3259	L24481
p3262	L24482
p3266	L24483
p3267	L24484
p3270	L24485
p3276	L24486
p3277	L24487
p3280	L24488
p3282	L24489
p3283	L24490
p3287	L24491
p3292	L24492
p3293	L24493
p3296	L24494
p3300	L24495
p3302	L24496
p3303	L24497
p3304	L24498
p3306	L24499
p3307	L24500
p3308	L24501
p3309	L24502
p3310	L24503
p3314	L24504
p3320	L24505
p3323	L24506
p3325	L24507
p3327	L24508
p3329	L24509
p3330	L24510
p3332	L24511
p3335	L24512
p3336	L24513
p3338	L24514
p3343	L24515
p3345	L24516
p3347	L24517
p3354	L24518
p3355	L24519
p3356	L24520
p3357	L24521
p3358	L24522
p3360	L24523
p3361	L24524
p3362	L24525
p3365	L24526
p3367	L24527
p3368	L24528
p3369	L24529
p3370	L24530
p3372	L24531
p3373	L24532
p3375	L24533
p3376	L24534
p3377	L24535
p3378	L24536
p3380	L24537
p3381	L24538
p3382	L24539
p3383	L24540
p3385	L24541
p3386	L24542
p3387	L24543
p3388	L24544
p3390	L24545
p3392	L24546
p3393	L24547
p3394	L24548
p3395	L24549
p3396	L24550
p3398	L24551
p3400	L24552
p3401	L24553
p3402	L24554
p3408	L24555
p3410	L24556
p3411	L24557
p3412	L24558
p3413	L24559
p3415	L24560
p3418	L24561
p3419	L24562
p3419_sc	L24563
p3421	L24564
p3427	L24565
p3428	L24566
p3429	L24567
p3431	L24568
p3435	L24569
p3436	L24570
p3438	L24571
p3441	L24572
p3443	L24573
p3444	L24574
p3445	L24575
p3449	L24576
p3452	L24577
p3453	L24578
p3454	L24579
p3456	L24580
p3461	L24581
p3465	L24582
p3496	L24583
p3497	L24584
p3499	L24585
p3502	L24586
p3506	L24587
p3513	L24588
p3569	L24589
p3575	L24590
p3590	L24591
p3618	L24592
p3620	L24593
p3623	L24594
p3634	L24595
p3639	L24596
p3641	L24597
p3652	L24598
p3654	L24599
p3656	L24600
p3657	L24601
p3659	L24602
p3662	L24603
p3665	L24604
p3666	L24605
p3673	L24606
p3678	L24607
p3679	L24608
p3681	L24609
p3683	L24610
p3687	L24611
p3691	L24612
p3692	L24613
p3699	L24614
p3700	L24615
p3704	L24616
p3705	L24617
p3708	L24618
p3709	L24619
p3712	L24620
p3721	L24621
p3729	L24622
p3731	L24623
p3732	L24624
p3734	L24625
p3738	L24626
p3747	L24627
p3752	L24628
p3756	L24629
p3763	L24630
p3764	L24631
p3767	L24632
p3771	L24633
p3772	L24634
p3773	L24635
p3774	L24636
p3777	L24637
p3779	L24638
p3780	L24639
p3783	L24640
p3787	L24641
p3790	L24642
p3794	L24643
p3795	L24644
p3796	L24645
p3797	L24646
p3800	L24647
p3804	L24648
p3810	L24649
p3815	L24650
p3816	L24651
p3819	L24652
p3822	L24653
p3827	L24654
p3828	L24655
p3834	L24656
p3835	L24657
p3836	L24658
p3837	L24659
p3840	L24660
p3843	L24661
p3850	L24662
p3852	L24663
p3856	L24664
p3857	L24665
p3858	L24666
p3867	L24667
p3870	L24668
p3873	L24669
p3874	L24670
p3877	L24671
p3878	L24672
p3879	L24673
p3882	L24674
p3888	L24675
p3890	L24676
p3891	L24677
p3895	L24678
p3898	L24679
p3901	L24680
p3905	L24681
p3913	L24682
p3914	L24683
p3915	L24684
p3918	L24685
p3924	L24686
p3926	L24687
p3931	L24688
p3937	L24689
p3943	L24690
p3945	L24691
p3949	L24692
p3951	L24693
p3953	L24694
p3959	L24695
p3962	L24696
p3969	L24697
p3973	L24698
p3983	L24699
p3984	L24700
p3985	L24701
p3989	L24702
p3991	L24703
p3993	L24704
p4000	L24705
p4006	L24706
p4008	L24707
p4015	L24708
p4023	L24709
p4039	L24710
p4042	L24711
p4043	L24712
p4044	L24713
p4050	L24714
p4052	L24715
p4056	L24716
p4057	L24717
p4061	L24718
p4066	L24719
p4067	L24720
p4078	L24721
p4080	L24722
p4083	L24723
p4084	L24724
p4085	L24725
p4095	L24726
p4096	L24727
p4098	L24728
p4099	L24729
p4100	L24730
p4103	L24731
p4106	L24732
p4107	L24733
p4108	L24734
p4121	L24735
p4123	L24736
p4126	L24737
p4129	L24738
p4132	L24739
p4135	L24740
p4139	L24741
p4142	L24742
p4146	L24743
p4149	L24744
p4150	L24745
p4152	L24746
p4160	L24747
p4162	L24748
p4164	L24749
p4166	L24750
p4167	L24751
p4168	L24752
p4169	L24753
p4171	L24754
p4175	L24755
p4183	L24756
p4186	L24757
p4190	L24758
p4196	L24759
p4200	L24760
p4201	L24761
p4203	L24762
p4208	L24763
p4209	L24764
p4210	L24765
p4214	L24766
p4221	L24767
p4223	L24768
p4232	L24769
p4233	L24770
p4234	L24771
p4235	L24772
p4238	L24773
p4244	L24774
p4259	L24775
p4267	L24776
p4270	L24777
p4325	L24778
p4330	L24779
p4365	L24780
p4369	L24781
p4376	L24782
p4379	L24783
p4380	L24784
p4391	L24785
p4393	L24786
p4397	L24787
p4405	L24788
p4406	L24789
p4418	L24790
p4432	L24791
p4437	L24792
p4458	L24793
p4461	L24794
p4461_sc	L24795
p4477	L24796
p4479	L24797
p4486	L24798
p4494	L24799
p4500	L24800
p4502	L24801
p4514	L24802
p4528	L24803
p4531	L24804
p4534	L24805
p4543	L24806
p4552	L24807
p4553	L24808
p4556	L24809
p4563	L24810
p4566	L24811
p4572	L24812
p4590	L24813
p4591	L24814
p4604	L24815
p4605	L24816
p4613	L24817
p4618	L24818
p4619	L24819
p4621	L24820
p4621_sc	L24821
p4666	L24822
p4673	L24823
p4688	L24824
p4694	L24825
p4697	L24826
p4698	L24827
p5000	L24828
p6376	L24829
p6421	L24830
p6434	L24831
p6435	L24832
p6691	L24833
p7113	L26628
p7128	L24834
p8357	L24835
p8413	L24836
p9933	L24837
p9941	L24838
p9942	L24839
p9947	L24840
p9948	L24841
q0067	L24842
q0078	L24843
q0087	L24844
q0090	L24845
q0095	L24846
q0096	L24847
q0099	L24848
q0155	L24849
q0156	L24850
q0164	L24851
q0178	L24852
q0183	L24853
q0189	L24854
q0191	L24855
q0206	L24856
q0209	L24857
q0219	L24858
q0281	L24859
q0282	L24860
q0293	L24861
q0294	L24862
q9103	L24863
r0085	L24864
r0230	L24865
r0247	L24866
r0279	L24867
r0284	L24868
r0352	L24869
r0374	L24870
r0388	L24871
r0446	L24872
r0960	L24873
r0961	L24874
r0962	L24875
r0963	L24876
r0964	L24877
r0965	L24878
r0966	L24879
r0967	L24880
r0967_sc	L24881
r0969	L24882
r0970	L24883
r0971	L24884
r0972	L24885
r0973	L24886
r0974	L24887
r0975	L24888
r0976	L24889
r0977	L24890
r0978	L24891
r0979	L24892
r0980	L24893
r0981	L24894
r0982	L24895
r0983	L24896
r0984	L24897
r0985	L24898
r0986	L24899
r0987	L24900
r0988	L24901
r0989	L24902
r0990	L24903
r0991	L24904
r0991_sc	L24905
r0992	L24906
r0993	L24907
r0994	L24908
r0995	L24909
r0996	L24910
r0997	L24911
r0999	L24912
r1000	L24913
r1001	L24914
r1002	L24915
r1003	L24916
r1004	L24917
r1005	L24918
r1006	L24919
r1007	L24920
r1008	L24921
r1009	L24922
r1010	L24923
r1011	L24924
r1012	L24925
r1013	L24926
r1014	L24927
r1015	L24928
r1016	L24929
r1017	L24930
r1018	L24931
r1019	L24932
r1020	L24933
r1021	L24934
r1022	L24935
r1023	L24936
r1024	L24937
r1025	L24938
r1026	L24939
r1027	L24940
r1028	L24941
r1029	L24942
r1030	L24943
r1031	L24944
r1032	L24945
r1033	L24946
r1034	L24947
r1035	L24948
r1036	L24949
r1037	L24950
r1038	L24951
r1040	L24952
r1041	L24953
r1042	L24954
r1043	L24955
r1044	L24956
r1045	L24957
r1046	L24958
r1047	L24959
r1048	L24960
r1049	L24961
r1050	L24962
r1051	L24963
r1052	L24964
r1053	L24965
r1054	L24966
r1055	L24967
r1056	L24968
r1057	L24969
r1058	L24970
r1059	L24971
r1060	L24972
r1061	L24973
r1062	L24974
r1063	L24975
r1064	L24976
r1067	L24977
r1068	L24978
r1069	L24979
r1070	L24980
r1071	L24981
r1072	L24982
r1073	L24983
r1074	L24984
r1075	L24985
r1076	L24986
r1077	L24987
r1078	L24988
r1079	L24989
r1080	L24990
r1081	L24991
r1082	L24992
r1083	L24993
r1084	L24994
r1085	L24995
r1086	L24996
r1087	L24997
r1088	L24998
r1089	L24999
r1090	L25000
r1091	L25001
r1092	L25002
r1093	L25003
r1094	L25004
r1095	L25005
r1096	L25006
r1097	L25007
r1098	L25008
r1099	L25009
r1100	L25010
r1101	L25011
r1102	L25012
r1103	L25013
r1104	L25014
r1105	L25015
r1106	L25016
r1107	L25017
r1109	L25018
r1110	L25019
r1111	L25020
r1112	L25021
r1113	L25022
r1113_sc	L25023
r1115	L25024
r1116	L25025
r1117	L25026
r1118	L25027
r1119	L25028
r1120	L25029
r1121	L25030
r1122	L25031
r1123	L25032
r1124	L25033
r1125	L25034
r1126	L25035
r1126_sc	L25036
r1127	L25037
r1128	L25038
r1129	L25039
r1130	L25040
r1131	L25041
r1132	L25042
r1133	L25043
r1134	L25044
r1135	L25045
r1136	L25046
r1137	L25047
r1138	L25048
r1139	L25049
r1140	L25050
r1141	L25051
r1143	L25052
r1144	L25053
r1145	L25054
r1146	L25055
r1147	L25056
r1148	L25057
r1149	L25058
r1150	L25059
r1151	L25060
r1152	L25061
r1153	L25062
r1154	L25063
r1155	L25064
r1156	L25065
r1157	L25066
r1158	L25067
r1159	L25068
r1160	L25069
r1161	L25070
r1162	L25071
r1163	L25072
r1164	L25073
r1165	L25074
r1166	L25075
r1167	L25076
r1168	L25077
r1169	L25078
r1170	L25079
r1171	L25080
r1172	L25081
r1173	L25082
r1175	L25083
r1176	L25084
r1177	L25085
r1178	L25086
r1179	L25087
r1180	L25088
r1181	L25089
r1183	L25090
r1184	L25091
r1185	L25092
r1185_sc	L25093
r1186	L25094
r1187	L25095
r1188	L25096
r1189	L25097
r1192	L25098
r1193	L25099
r1194	L25100
r1195	L25101
r1196	L25102
r1197	L25103
r1198	L25104
r1199	L25105
r1200	L25106
r1201	L25107
r1202	L25108
r1203	L25109
r1204	L25110
r1205	L25111
r1206	L25112
r1207	L25113
r1208	L25114
r1210	L25115
r1211	L25116
r1212	L25117
r1213	L25118
r1214	L25119
r1215	L25120
r1216	L25121
r1217	L25122
r1218	L25123
r1219	L25124
r1230	L25125
r1231	L25126
r1232	L25127
r1233	L25128
r1235	L25129
r1236	L25130
r1237	L25131
r1238	L25132
r1239	L25133
r1240	L25134
r1241	L25135
r1241_sc	L25136
r1242	L25137
r1243	L25138
r1244	L25139
r1245	L25140
r1246	L25141
r1247	L25142
r1248	L25143
r1249	L25144
r1250	L25145
r1251	L25146
r1252	L25147
r1253	L25148
r1254	L25149
r1255	L25150
r1256	L25151
r1257	L25152
r1258	L25153
r1259	L25154
r1260	L25155
r1261	L25156
r1262	L25157
r1263	L25158
r1264	L25159
r1265	L25160
r1266	L25161
r1267	L25162
r1268	L25163
r1269	L25164
r1270	L25165
r1271	L25166
r1272	L25167
r1273	L25168
r1274	L25169
r1275	L25170
r1276	L25171
r1277	L25172
r1278	L25173
r1279	L25174
r1280	L25175
r1281	L25176
r1282	L25177
r1283	L25178
r1284	L25179
r1285	L25180
r1286	L25181
r1287	L25182
r1288	L25183
r1289	L25184
r1290	L25185
r1291	L25186
r1292	L25187
r1293	L25188
r1294	L25189
r1295	L25190
r1296	L25191
r1297	L25192
r1298	L25193
r1299	L25194
r1300	L25195
r1301	L25196
r1302	L25197
r1303	L25198
r1304	L25199
r1305	L25200
r1306	L25201
r1307	L25202
r1308	L25203
r1309	L25204
r1310	L25205
r1311	L25206
r1312	L25207
r1313	L25208
r1314	L25209
r1315	L25210
r1316	L25211
r1317	L25212
r1318	L25213
r1319	L25214
r1320	L25215
r1321	L25216
r1323	L25217
r1324	L25218
r1325	L25219
r1326	L25220
r1327	L25221
r1328	L25222
r1329	L25223
r1330	L25224
r1331	L25225
r1332	L25226
r1333	L25227
r1334	L25228
r1335	L25229
r1336	L25230
r1337	L25231
r1338	L25232
r1339	L25233
r1340	L25234
r1341	L25235
r1342	L25236
r1343	L25237
r1344	L25238
r1345	L25239
r1346	L25240
r1347	L25241
r1348	L25242
r1349	L25243
r1350	L25244
r1351	L25245
r1352	L25246
r1352_sc	L25247
r1353	L25248
r1354	L25249
r1355	L25250
r1356	L25251
r1357	L25252
r1358	L25253
r1359	L25254
r1360	L25255
r1361	L25256
r1362	L25257
r1363	L25258
r1364	L25259
r1365	L25260
r1366	L25261
r1367	L25262
r1368	L25263
r1369	L25264
r1370	L25265
r1371	L25266
r1372	L25267
r1373	L25268
r1374	L25269
r1375	L25270
r1376	L25271
r1377	L25272
r1378	L25273
r1379	L25274
r1380	L25275
r1381	L25276
r1382	L25277
r1383	L25278
r1384	L25279
r1385	L25280
r1386	L25281
r1387	L25282
r1388	L25283
r1389	L25284
r1390	L25285
r1391	L25286
r1392	L25287
r1393	L25288
r1394	L25289
r1395	L25290
r1396	L25291
r1397	L25292
r1398	L25293
r1399	L25294
r1400	L25295
r1401	L25296
r1402	L25297
r1403	L25298
r1405	L25299
r1415	L25300
r1416	L25301
r1417	L25302
r1418	L25303
r1419	L25304
r1420	L25305
r1421	L25306
r1422	L25307
r1426	L25308
r1427	L25309
r1428	L25310
r1429	L25311
r1430	L25312
r1431	L25313
r1432	L25314
r1433	L25315
r1434	L25316
r1435	L25317
r1436	L25318
r1437	L25319
r1438	L25320
r1439	L25321
r1440	L25322
r1441	L25323
r1442	L25324
r1442_sc	L25325
r1443	L25326
r1444	L25327
r1445	L25328
r1446	L25329
r1447	L25330
r1448	L25331
r1449	L25332
r1450	L25333
r1451	L25334
r1452	L25335
r1453	L25336
r1454	L25337
r1455	L25338
r1456	L25339
r1457	L25340
r1457_sc	L25341
r1458	L25342
r1459	L25343
r1461	L25344
r1462	L25345
r1463	L25346
r1464	L25347
r1465	L25348
r1466	L25349
r1467	L25350
r1468	L25351
r1469	L25352
r1470	L25353
r1471	L25354
r1472	L25355
r1473	L25356
r1474	L25357
r1475	L25358
r1476	L25359
r1477	L25360
r1478	L25361
r1479	L25362
r1479_sc	L25363
r1480	L25364
r1481	L25365
r1482	L25366
r1484	L25367
r1485	L25368
r1486	L25369
r1487	L25370
r1488	L25371
r1489	L25372
r1490	L25373
r1491	L25374
r1492	L25375
r1493	L25376
r1494	L25377
r1495	L25378
r1496	L25379
r1497	L25380
r1498	L25381
r1499	L25382
r1500	L25383
r1501	L25384
r1502	L25385
r1503	L25386
r1504	L25387
r1505	L25388
r1506	L25389
r7053	L25390
r8002	L25391
r8003	L25392
r8004	L25393
r8005	L25394
r8006	L25395
r8007	L25396
r8008	L25397
r8009	L25398
r8010	L25399
r8061	L25400
r8138	L25401
r8212	L25402
r9144	L25403
r9367	L25404
r9375	L25405
r9611	L25406
r9990	L25407
s0009	L25408
s0018	L25409
s0023	L25410
s0031	L25411
s0064	L25412
s0071	L25413
s0083	L25414
s0095	L25415
s0117	L25416
s0118	L25417
s0124	L25418
s0169	L25419
s0173	L25420
s0179	L25421
s0182	L25422
s0183	L25423
s0200	L25424
s0212	L25425
s0213	L25426
s0225	L25427
s0229	L25428
s0232	L25429
s0245	L25430
s0257	L25431
s0267	L25432
s0268	L25433
s0273	L25434
s0303	L25435
s0312	L25436
s0327	L25437
s0328	L25438
s0339	L25439
s0345	L25440
s0352	L25441
s0368	L25442
s0376	L25443
s0381	L25444
s0387	L25445
s0391	L25446
s0403	L25447
s0409	L25448
s0412	L25449
s0424	L25450
s0432	L25451
s0433	L25452
s0434	L25453
s0438	L25454
s0444	L25455
s0454	L25456
s0464	L25457
s0469	L25458
s0486	L25459
s0501	L25460
s0505	L25461
s0508	L25462
s0529	L25463
s0531	L25464
s0537	L25465
s0550	L25466
s0553	L25467
s0573	L25468
s0575	L25469
s0578	L25470
s0582	L25471
s0586	L25472
s0594	L25473
s0647	L25474
s0651	L25475
s0654	L25476
s0665	L25477
s0672	L25478
s0680	L25479
s0687	L25480
s0707	L25481
s0708	L25482
s0741	L25483
s0746	L25484
s0753	L25485
s0758	L25486
s0765	L25487
s0766	L25488
s0773	L25489
s0801	L25490
s0805	L25491
s0816	L25492
s0831	L25493
s0849	L25494
s0856	L25495
s0858	L25496
s0862	L25497
s0864	L25498
s0875	L25499
s0880	L25500
s0881	L25501
s0887	L25502
s0912	L25503
s0920	L25504
s0922	L25505
s0923	L25506
s0942	L25507
s0948	L25508
s0952	L25509
s0958	L25510
s0961	L25511
s0972	L25512
s0998	L25513
s1024	L25514
s1060	L25515
s1095	L25516
s1151	L25517
s1163	L25518
s1176	L25519
s1186	L25520
s1207	L25521
s1207_sc	L25522
s1223	L25523
s1241	L25524
s1243	L25525
s1259	L25526
s1261	L25527
s1268	L25528
s1332	L25529
s1345	L25530
s1348	L25531
s1357	L25532
s1359	L25533
s1374	L25534
s1379	L25535
s1381	L25536
s1384	L25537
s1385	L25538
s1386	L25539
s1395	L25540
s1409	L25541
s1419	L25542
s1428	L25543
s1430	L25544
s1492	L25545
s1501	L25546
s1504	L25547
s1511	L25548
s1551	L25549
s1565	L25550
s1569	L25551
s1574	L25552
s1575	L25553
s1579	L25554
s1598	L25555
s1604	L25556
s1623	L25557
s1624	L25558
s1627	L25559
s1638	L25560
s1638_sc	L25561
s1657	L25562
s1663	L25563
s1695	L25564
s1703	L25565
s1705	L25566
s1722	L25567
s1729	L25568
s1731	L25569
s1741	L25570
s1748	L25571
s1749	L25572
s1756	L25573
s1762	L25574
s1791	L25575
s1804	L25576
s1835	L25577
s1838	L25578
s1852	L25579
s1890	L25580
s1897	L25581
s1900	L25582
s1914	L25583
s1922	L25584
s1927	L25585
s1932	L25586
s1937	L25587
s1946	L25588
s1961	L25589
s1973	L25590
s1975	L25591
s1991	L25592
s1996	L25593
s1999	L25594
s2001	L25595
s2008	L25596
s2008_sc	L25597
s2011	L25598
s2027	L25599
s2036	L25600
s2046	L25601
s2061	L25602
s2064	L25603
s2087	L25604
s2104	L25605
s2118	L25606
s2132	L25607
s2146	L25608
s2147	L25609
s2156	L25610
s2181	L25611
s2183	L25612
s2187	L25613
s2215	L25614
s2219	L25615
s2223	L25616
s2229	L25617
s2230	L25618
s2231	L25619
s2233	L25620
s2252	L25621
s2254	L25622
s2260	L25623
s2270	L25624
s2276	L25625
s2286	L25626
s2292	L25627
s2298	L25628
s2300	L25629
s2306	L25630
s2313	L25631
s2314	L25632
s2314_sc	L25633
s2339	L25634
s2342	L25635
s2346	L25636
s2362	L25637
s2403	L25638
s2405	L25639
s2424	L25640
s2439	L25641
s2447	L25642
s2452	L25643
s2454	L25644
s2457	L25645
s2460	L25646
s2468	L25647
s2478	L25648
s2479	L25649
s2479_sc	L25650
s2486	L25651
s2488	L25652
s2497	L25653
s2502	L25654
s2508	L25655
s2512	L25656
s2536	L25657
s2556	L25658
s2564	L25659
s2583	L25660
s2585	L25661
s2586	L25662
s2589	L25663
s2599	L25664
s2607	L25665
s2612	L25666
s2614	L25667
s2616	L25668
s2646	L25669
s2656	L25670
s2666	L25671
s2667	L25672
s2668	L25673
s2669	L25674
s2679	L25675
s2695	L25676
s2707	L25677
s2721	L25678
s2729	L25679
s2737	L25680
s2746	L25681
s2751	L25682
s2754	L25683
s2755	L25684
s2758	L25685
s2759	L25686
s2761	L25687
s2763	L25688
s2764	L25689
s2765	L25690
s2767	L25691
s2770	L25692
s2771	L25693
s2774	L25694
s2781	L25695
s2783	L25696
s2791	L25697
s2799	L25698
s2801	L25699
s2805	L25700
s2807	L25701
s2808	L25702
s2815	L25703
s2820	L25704
s2824	L25705
s2825	L25706
s2828	L25707
s2829	L25708
s2834	L25709
s2835	L25710
s2836	L25711
s2843	L25712
s2844	L25713
s2847	L25714
s2851	L25715
s2852	L25716
s2853	L25717
s2854	L25718
s2860	L25719
s2863	L25720
s2866	L25721
s2870	L25722
s2872	L25723
s2877	L25724
s2881	L25725
s2882	L25726
s2885	L25727
s2888	L25728
s2889	L25729
s2890	L25730
s2891	L25731
s2892	L25732
s2894	L25733
s2896	L25734
s2897	L25735
s2898	L25736
s2901	L25737
s2903	L25738
s2904	L25739
s2909	L25740
s2914	L25741
s2920	L25742
s2921	L25743
s2922	L25744
s2923	L25745
s2925	L25746
s2926	L25747
s2928	L25748
s2930	L25749
s2931	L25750
s2934	L25751
s2937	L25752
s2941	L25753
s2947	L25754
s2949	L25755
s2952	L25756
s2954	L25757
s2955	L25758
s2957	L25759
s2963	L25760
s2965	L25761
s2968	L25762
s2970	L25763
s2976	L25764
s2979	L25765
s2981	L25766
s2984	L25767
s2985	L25768
s2989	L25769
s2992	L25770
s2993	L25771
s2994	L25772
s2995	L25773
s2996	L25774
s2997	L25775
s2998	L25776
s3005	L25777
s3008	L25778
s3014	L25779
s3015	L25780
s3017	L25781
s3019	L25782
s3022	L25783
s3023	L25784
s3025	L25785
s3028	L25786
s3030	L25787
s3031	L25788
s3041	L25789
s3042	L25790
s3046	L25791
s3051	L25792
s3052	L25793
s3053	L25794
s3055	L25795
s3059	L25796
s3061	L25797
s3064	L25798
s3065	L25799
s3065	L25799
s3067	L25800
s3069	L25801
s3074	L25802
s3078	L25803
s3081	L25804
s3083	L25805
s3087	L25806
s3092	L25807
s3094	L25808
s3095	L25809
s3097	L25810
s3102	L25811
s3109	L25812
s3110	L25813
s3113	L25814
s3114	L25815
s3115	L25816
s3117	L25817
s3121	L25818
s3123	L25819
s3127	L25820
s3128	L25821
s3132	L25822
s3133	L25823
s3138	L25824
s3139	L25825
s3140	L25826
s3142	L25827
s3148	L25828
s3150	L25829
s3154	L25830
s3156	L25831
s3157	L25832
s3158	L25833
s3160	L25834
s3161	L25835
s3162	L25836
s3163	L25837
s3164	L25838
s3169	L25839
s3173	L25840
s3174	L25841
s3178	L25842
s3180	L25843
s3182	L25844
s3183	L25845
s3184	L25846
s3185	L25847
s3186	L25848
s3187	L25849
s3188	L25850
s3190	L25851
s3191	L25852
s3192	L25853
s3194	L25854
s3195	L25855
s3196	L25856
s3198	L25857
s3199	L25858
s3203	L25859
s3205	L25860
s3206	L25861
s3207	L25862
s3208	L25863
s3211	L25864
s3214	L25865
s3215	L25866
s3216	L25867
s3217	L25868
s3219	L25869
s3226	L25870
s3228	L25871
s3233	L25872
s3235	L25873
s3236	L25874
s3237	L25875
s3238	L25876
s3248	L25877
s3249	L25878
s3251	L25879
s3256	L25880
s3257	L25881
s3259	L25882
s3260	L25883
s3261	L25884
s3266	L25885
s3270	L25886
s3270	L25886
s3276	L25887
s3277	L25888
s3283	L25889
s3285	L25890
s3289	L25891
s3290	L25892
s3291	L25893
s3293	L25894
s3294	L25895
s3294	L25895
s3297	L25896
s3300	L25897
s3302	L25898
s3306	L25899
s3308	L25900
s3310	L25901
s3324	L25902
s3330	L25903
s3338	L25904
s3341	L25905
s3345	L25906
s3346	L25907
s3347	L25908
s3351	L25909
s3352	L25910
s3354	L25911
s3356	L25912
s3362	L25913
s3363	L25914
s3366	L25915
s3369	L25916
s3370	L25917
s3381	L25918
s3384	L25919
s3385	L25920
s3386	L25921
s3387	L25922
s3389	L25923
s3390	L25924
s3393	L25925
s3394	L25926
s3395	L25927
s3396	L25928
s3397	L25929
s3402	L25930
s3405	L25931
s3406	L25932
s3407	L25933
s3412	L25934
s3414	L25935
s3425	L25936
s3427	L25937
s3436	L25938
s3436_sc	L25939
s3447	L25940
s3452	L25941
s3454	L25942
s3459	L25943
s3465	L25944
s3466	L25945
s3467	L25946
s3468	L25947
s3469	L25948
s3472	L25949
s3473	L25950
s3474	L25951
s3475	L25952
s3478	L25953
s3479	L25954
s3480	L25955
s3481	L25956
s3483	L25957
s3485	L25958
s3486	L25959
s3487	L25960
s3491	L25961
s3494	L25962
s3497	L25963
s3501	L25964
s3503	L25965
s3504	L25966
s3505	L25967
s3508	L25968
s3510	L25969
s3512	L25970
s3513	L25971
s3514	L25972
s3515	L25973
s3516	L25974
s3517	L25975
s3518	L25976
s3520	L25977
s3521	L25978
s3523	L25979
s3524	L25980
s3525	L25981
s3526	L25982
s3527	L25983
s3528	L25984
s3529	L25985
s3530	L25986
s3531	L25987
s3532	L25988
s3534	L25989
s3535	L25990
s3537	L25991
s3539	L25992
s3540	L25993
s3542	L25994
s3543	L25995
s3544	L25996
s3545	L25997
s3546	L25998
s3547	L25999
s3551	L26000
s3552	L26001
s3553	L26002
s3555	L26003
s3557	L26004
s3559	L26005
s3561	L26006
s3562	L26007
s3563	L26008
s3564	L26009
s3565	L26010
s3567	L26011
s3568	L26012
s3569	L26013
s3571	L26014
s3573	L26015
s3575	L26016
s3576	L26017
s3577	L26018
s3579	L26019
s3580	L26020
s3581	L26021
s3582	L26022
s3583	L26023
s3584	L26024
s3585	L26025
s3586	L26026
s3587	L26027
s3588	L26028
s3589	L26029
s3590	L26030
s3594	L26031
s3598	L26032
s3599	L26033
s3600	L26034
s3601	L26035
s3602	L26036
s3603	L26037
s3604	L26038
s3605	L26039
s3606	L26040
s3607	L26041
s3609	L26042
s3610	L26043
s3611	L26044
s3613	L26045
s3614	L26046
s3615	L26047
s3616	L26048
s3619	L26049
s3620	L26050
s3624	L26051
s3626	L26052
s3627	L26053
s3629	L26054
s3630	L26055
s3631	L26056
s3632	L26057
s3633	L26058
s3634	L26059
s3636	L26060
s3638	L26061
s3640	L26062
s3642	L26063
s3643	L26064
s3646	L26065
s3647	L26066
s3650	L26067
s3652	L26068
s3653	L26069
s3654	L26070
s3656	L26071
s3660	L26072
s3661	L26073
s3662	L26074
s3664	L26075
s3671	L26076
s3673	L26077
s3674	L26078
s3675	L26079
s3676	L26080
s3677	L26081
s3678	L26082
s3680	L26083
s3682	L26084
s3683	L26085
s3685	L26086
s3686	L26087
s3687	L26088
s3688	L26089
s3689	L26090
s3690	L26091
s3691	L26092
s3692	L26093
s3693	L26094
s3694	L26095
s3696	L26096
s3699	L26097
s3700	L26098
s3701	L26099
s3702	L26100
s3704	L26101
s3704_sc	L26102
s3705	L26103
s3706	L26104
s3708	L26105
s3711	L26106
s3712	L26107
s3713	L26108
s3716	L26109
s3719	L26110
s3721	L26111
s3722	L26112
s3722_sc	L26113
s3723	L26114
s3724	L26115
s3725	L26116
s3727	L26117
s3728	L26118
s3729	L26119
s3731	L26120
s3732	L26121
s3733	L26122
s3734	L26123
s3735	L26124
s3736	L26125
s3740	L26126
s3742	L26127
s3744	L26128
s3748	L26129
s3749	L26130
s3751	L26131
s3754	L26132
s3756	L26133
s3757	L26134
s3758	L26135
s3760	L26136
s3761	L26137
s3764	L26138
s3766	L26139
s3773	L26140
s3775	L26141
s3777	L26142
s3778	L26143
s3780	L26144
s3789	L26145
s3791	L26146
s3794	L26147
s3799	L26148
s3802	L26149
s3803	L26150
s3808	L26151
s3810	L26152
s3811	L26153
s3819	L26154
s3823	L26155
s3827	L26156
s3831	L26157
s3836	L26158
s3841	L26159
s3844	L26160
s3848	L26161
s3853	L26162
s3857	L26163
s3862	L26164
s3866	L26165
s3871	L26166
s3877	L26167
s3878	L26168
s3879	L26169
s3884	L26170
s3906	L26171
s3920	L26172
s3953	L26173
s3954	L26174
s4021	L26175
s4028	L26176
s4031	L26177
s4038	L26178
s4040	L26179
s6133	L26180
s6230	L26181
s6234	L26182
s6237	L26183
s6346	L26184
s7731	L26185
s7998	L26186
s8575	L26187
s9575	L26188
s9912	L26189
s9994	L26190
t0003	L26191
t0007	L26192
t0007_sc	L26193
t0017	L26194
t0023	L26195
t0033	L26196
t0035	L26197
t0043	L26198
t0045	L26199
t0056	L26200
t0068	L26201
t0069	L26202
t0090	L26203
t0096	L26204
t0117	L26205
t0117_sc	L26206
t0129	L26207
t0156	L26208
t0174	L26209
t0200	L26210
t0228	L26211
t0231	L26212
t0241	L26213
t0263	L26214
t0273	L26215
t0278	L26216
t0279	L26217
t0284	L26218
t0289	L26219
t0291	L26220
t0315	L26221
t0319	L26222
t0336	L26223
t0343	L26224
t0348	L26225
t0349	L26226
t0360	L26227
t0371	L26228
t0378	L26229
t0388	L26230
t0395	L26231
t0410	L26232
t0418	L26233
t0441	L26234
t0445	L26235
t0450	L26236
t0487	L26237
t0503	L26238
t0504	L26239
t0513	L26240
t0585	L26241
t0592	L26242
t0605	L26243
t0646	L26244
t0675	L26245
t0695	L26246
t0696	L26247
t0696_sc	L26248
t0710	L26249
t0712	L26250
t0716	L26251
t0717	L26252
t0718	L26253
t0726	L26254
t0743	L26255
t0747	L26256
t0751	L26257
t0752	L26258
t0753	L26259
t0777	L26260
t0780	L26261
t0785	L26262
t0795	L26263
t0796	L26264
t0797	L26265
t0803	L26266
t0804	L26267
t0811	L26268
t0835	L26269
t0849	L26270
t0854	L26271
t0855	L26272
t0855_sc	L26273
t0858	L26274
t0860	L26275
t0862	L26276
t0863	L26277
t0865	L26278
t0872	L26279
t0884	L26280
t0919	L26281
t0926	L26282
t0927	L26283
t0933	L26284
t0956	L26285
t0957	L26286
t0967	L26287
t0970	L26288
t0973	L26289
t0978	L26290
t0979	L26291
t0980	L26292
t0982	L26293
t0983	L26294
t0985	L26295
t0988	L26296
t0993	L26297
t0994	L26298
t0995	L26299
t0997	L26300
t1001	L26301
t1002	L26302
t1005	L26303
t1007	L26304
t1009	L26305
t1013	L26306
t1014	L26307
t1017	L26308
t1019	L26309
t1021	L26310
t1023	L26311
t1024	L26312
t1026	L26313
t1027	L26314
t1028	L26315
t1032	L26316
t1033	L26629
t1033	L26629
t1037	L26317
t1040	L26318
t1041	L26319
t1042	L26320
t1047	L26321
t1049	L26322
t1050	L26323
t1055	L26324
t1057	L26325
t1058	L26326
t1061	L26327
t1063	L26328
t1067	L26329
t1068	L26330
t1069	L26331
t1070	L26332
t1072	L26333
t1073	L26334
t1074	L26335
t1078	L26336
t1080	L26337
t1081	L26338
t1082	L26339
t1084	L26340
t1087	L26341
t1093	L26342
t1095	L26343
t1096	L26344
t1099	L26345
t1101	L26346
t1102	L26347
t1104	L26348
t1108	L26349
t1109	L26350
t1110	L26351
t1112	L26352
t1113	L26353
t1116	L26354
t1117	L26355
t1118	L26356
t1119	L26357
t1121	L26358
t1143	L26359
t1144	L26360
t1148	L26361
t1153	L26362
t1156	L26363
t1176	L26364
t1184	L26365
t1223	L26366
t1268	L26367
t1312	L26368
t1337	L26369
t1349	L26370
t1351	L26371
t1354	L26372
t1361	L26373
t1379	L26374
t1380	L26375
t1390	L26376
t1406	L26377
t1409	L26378
t1420	L26379
t1452	L26380
t1453	L26381
t1459	L26382
t1463	L26383
t1464	L26384
t1468	L26385
t1470	L26386
t1473	L26387
t1496	L26388
t1497	L26389
t1498	L26390
t1688	L26391
t1690	L26392
t1694	L26393
t1696	L26394
t1705	L26395
t1710	L26396
t1711	L26397
t1712	L26398
t1720	L26399
t1723	L26400
t1724	L26401
t1725	L26402
t1725_sc	L26403
t1732	L26404
t1738	L26405
t1743	L26406
t1747	L26407
t1761	L26408
t1770	L26409
t1775	L26410
t1783	L26411
t1792	L26412
t1810	L26413
t1820	L26414
t1829	L26415
t1843	L26416
t1860	L26417
t8313	L26418
t9036	L26419
t9309	L26420
t9312	L26421
t9313	L26422
t9314	L26423
t9314_sc	L26424
t9726	L26425
t9873	L26426
t9978	L26427
u0010	L26428
u0013	L26429
u0014	L26430
u0017	L26431
u0021	L26432
u0024	L26433
u0029	L26434
u0035	L26435
u0037	L26436
u0038	L26437
u0047	L26438
u0048	L26439
u0050	L26440
u0056	L26441
u0062	L26442
u0064	L26443
u0073	L26444
u0083	L26445
u0086	L26446
u0096	L26447
u0102	L26448
u0112	L26449
u0117	L26450
u0119	L26451
u0122	L26452
u0144	L26453
u0148	L26454
u0150	L26455
u0160	L26456
u0174	L26457
u0192	L26458
u0193	L26459
u0198	L26460
u0203	L26461
u0210	L26462
u0217	L26463
u0233	L26464
u0238	L26465
u0244	L26466
u0246	L26467
u0248	L26468
u0271	L26469
u0274	L26470
u0280	L26471
u0284	L26472
u0293	L26473
u0300	L26474
u0302	L26475
u0309	L26476
u0312	L26477
u0313	L26478
u0324	L26479
u0334	L26480
u0360	L26481
u0361	L26482
u0365	L26483
u0368	L26484
u0369	L26485
u0372	L26486
u0383	L26487
u0385	L26488
u0392	L26489
u0406	L26490
u0410	L26491
u0412	L26492
u0417	L26493
u0422	L26494
u0433	L26495
u0438	L26496
u0454	L26497
u0459	L26498
u0465	L26499
u0473	L26500
u0475	L26501
u0476	L26502
u0482	L26503
u0489	L26504
u0510	L26505
u0512	L26506
u0526	L26507
u0530	L26508
u0537	L26509
u0539	L26510
u0545	L26511
u0557	L26512
u0602	L26513
u0612	L26514
u0613	L26515
u0626	L26516
u0631	L26517
u0635	L26518
u0636	L26519
u0636_sc	L26520
u0644	L26521
u0652	L26522
u0653	L26523
u0655	L26524
u0658	L26525
u0661	L26526
u0685	L26527
u0688	L26528
u0691	L26529
u0698	L26530
u0707	L26531
u0725	L26532
u0730	L26533
u0744	L26534
u0751	L26535
u0757	L26536
u0757_sc	L26537
u0772	L26538
u0782	L26539
u0784	L26540
u0787	L26541
u0807	L26542
u0823	L26543
u0826	L26544
u0827	L26545
u0831	L26546
u0862	L26547
u0865	L26548
u0872	L26549
u0888	L26550
u0894	L26551
u0904	L26552
u0909	L26553
u0913	L26554
u0919	L26555
u0921	L26556
u0942	L26557
u0961	L26558
u0977	L26559
u0979	L26560
u0982	L26561
u0984	L26562
u0985	L26563
u0985_sc	L26564
u0991	L26565
u0995	L26566
u0997	L26567
u1006	L26568
u1013	L26569
u1017	L26570
u1019	L26571
u1068	L26572
u1073	L26573
u1079	L26574
u1086	L26575
u1091	L26576
u1111	L26577
u1131	L26578
u1148	L26579
u1149	L26580
u1151	L26581
u1152	L26582
u1165	L26583
u1167	L26584
u1168	L26585
u1188	L26586
u1202	L26587
u1211	L26588
u1214	L26589
u1222	L26590
u1227	L26591
u1252	L26592
u1257	L26593
u1266	L26594
u1276	L26595
u1285	L26596
u1297	L26597
u1299	L26598
u1302	L26599
u1305	L26600
u1310	L26601
u1317	L26602
u1333	L26603
u1353	L26604
u1363	L26605
u1370	L26606
u1377	L26607
u1380	L26608
u1393	L26609
u7247	L26610
u9015	L26611
u9158	L26612
u9161	L26613
u9162	L26614
u9332	L26615
u9366	L26616
u9490	L26617
u9545	L26618
u9573	L26619
u9574	L26620
u9635	L26621
u9720	L26622
z0009	L26623
z0026	L26624
z0027	L26625
z0028	L26626
