ITTB_token	token_label	token_qid	matching_form	lila_lemma_id	token_feat
005.SCG*LB1.CP-4++3.N.-8.4-1.6-6W8	oportet	Q16025	https://lilamorph.wikibase.cloud/entity/L31767-F4	lemma/115099	Mood#Ind|Number#Sing|Person#3|Tense#Pres|VerbForm#Fin|Voice#Act
005.SCG*LB4.CP-8++4.N.13.1-1.3-7W1	oportet	Q16050	https://lilamorph.wikibase.cloud/entity/L31767-F4	lemma/115099	Aspect#Imp|Mood#Ind|Number#Sing|Person#3|Tense#Pres|VerbForm#Fin|Voice#Act
005.SCG*LB3.CP-9++2.N.-2.26-4.30-1W14	operatur	Q16093	https://lilamorph.wikibase.cloud/entity/L31761-F68	lemma/115029	Mood#Ind|Number#Sing|Person#3|Tense#Pres|VerbForm#Fin|Voice#Pass
005.SCG*LB3.CP10++2.N.-6.1-2.5-2W25	operetur	Q16136	https://lilamorph.wikibase.cloud/entity/L31761-F75	lemma/115029	Mood#Sub|Number#Sing|Person#3|Tense#Pres|VerbForm#Fin|Voice#Pass
005.SCG*LB4.CP-5++5.N.18.1-1.3-6W13	mori	Q16138	https://lilamorph.wikibase.cloud/entity/L31378-F64	lemma/112797	Aspect#Imp|Tense#Pres|VerbForm#Inf|Voice#Pass
005.SCG*LB3.CP-9++4.N.-7.1-1.6-3W1	oportet	Q16142	https://lilamorph.wikibase.cloud/entity/L31767-F4	lemma/115099	Mood#Ind|Number#Sing|Person#3|Tense#Pres|VerbForm#Fin|Voice#Act
005.SCG*LB3.CP-4++8.N.16.1-1.3-1W7	patiebantur	Q16145	https://lilamorph.wikibase.cloud/entity/L31871-F99	lemma/116223	Aspect#Imp|Mood#Ind|Number#Plur|Person#3|Tense#Imp|VerbForm#Fin|Voice#Pass
005.SCG*LB3.CP12++2.N.-6.17-1.22-5W25	oportet	Q16155	https://lilamorph.wikibase.cloud/entity/L31767-F4	lemma/115099	Mood#Ind|Number#Sing|Person#3|Tense#Pres|VerbForm#Fin|Voice#Act
005.SCG*LB2.CP-3++9.N.-9.9-1.18-2W31	oportebat	Q16170	https://lilamorph.wikibase.cloud/entity/L31767-F83	lemma/115099	Aspect#Imp|Mood#Ind|Number#Sing|Person#3|Tense#Imp|VerbForm#Fin|Voice#Act
005.SCG*LB3.CP-6++8.N.-5.11-5.19-1W16	oportet	Q16175	https://lilamorph.wikibase.cloud/entity/L31767-F4	lemma/115099	Mood#Ind|Number#Sing|Person#3|Tense#Pres|VerbForm#Fin|Voice#Act
005.SCG*LB2.CP-8++9.N.-2.15-4.17-5W2	oportet	Q16183	https://lilamorph.wikibase.cloud/entity/L31767-F4	lemma/115099	Mood#Ind|Number#Sing|Person#3|Tense#Pres|VerbForm#Fin|Voice#Act
005.SCG*LB2.CP-3++7.N.-2.13-1.19-6W8	oporteret	Q16228	https://lilamorph.wikibase.cloud/entity/L31767-F89	lemma/115099	Aspect#Imp|Mood#Sub|Number#Sing|Person#3|Tense#Imp|VerbForm#Fin|Voice#Act
005.SCG*LB1.CP-7++1.N.12.8-3.10-1W2	oportet	Q16237	https://lilamorph.wikibase.cloud/entity/L31767-F4	lemma/115099	Mood#Ind|Number#Sing|Person#3|Tense#Pres|VerbForm#Fin|Voice#Act
005.SCG*LB4.CP-3++9.N.-3.1-1.4-1W14	oportet	Q16295	https://lilamorph.wikibase.cloud/entity/L31767-F4	lemma/115099	Aspect#Imp|Mood#Ind|Number#Sing|Person#3|Tense#Pres|VerbForm#Fin|Voice#Act
005.SCG*LB4.CP-7++2.N.10.1-1.4-2W20	mortuorum	Q16351	https://lilamorph.wikibase.cloud/entity/L31378-F172	lemma/112797	Aspect#Perf|Case#Gen|Degree#Pos|Gender#Masc|Number#Plur|Tense#Past|VerbForm#Part|Voice#Pass
005.SCG*LB3.CP-4++4.N.-5.1-1.4-5W20	opinatus	Q16382	https://lilamorph.wikibase.cloud/entity/L31764-F189	lemma/115071	Aspect#Perf|Case#Nom|Degree#Pos|Gender#Masc|Number#Sing|Tense#Past|VerbForm#Part|Voice#Pass
005.SCG*LB2.CP-8++0.N.-8.28-1.30-2W4	oportet	Q16437	https://lilamorph.wikibase.cloud/entity/L31767-F4	lemma/115099	Mood#Ind|Number#Sing|Person#3|Tense#Pres|VerbForm#Fin|Voice#Act
005.SCG*LB4.CP-6++2.N.-4.26-8.30-1W1	oportebit	Q16452	https://lilamorph.wikibase.cloud/entity/L31767-F109	lemma/115099	Aspect#Imp|Mood#Ind|Number#Sing|Person#3|Tense#Fut|VerbForm#Fin|Voice#Act
005.SCG*LB3.CP12++2.N.-9.1-1.10-1W62	operetur	Q16467	https://lilamorph.wikibase.cloud/entity/L31761-F75	lemma/115029	Mood#Sub|Number#Sing|Person#3|Tense#Pres|VerbForm#Fin|Voice#Pass
005.SCG*LB3.CP-1++7.N.-2.1-1.4-3W17	oportet	Q16485	https://lilamorph.wikibase.cloud/entity/L31767-F4	lemma/115099	Mood#Ind|Number#Sing|Person#3|Tense#Pres|VerbForm#Fin|Voice#Act
005.SCG*LB2.CP--++3.N.-3.7-5.10-3W17	patitur	Q16579	https://lilamorph.wikibase.cloud/entity/L31871-F68	lemma/116223	Mood#Ind|Number#Sing|Person#3|Tense#Pres|VerbForm#Fin|Voice#Pass
005.SCG*LB4.CP-7++0.N.-4.4-4.5-1W3	operantur	Q16618	https://lilamorph.wikibase.cloud/entity/L31761-F71	lemma/115029	Aspect#Imp|Mood#Ind|Number#Plur|Person#3|Tense#Pres|VerbForm#Fin|Voice#Pass
005.SCG*LB3.CP-2++6.N.10.5-4.8-3W9	oportet	Q16632	https://lilamorph.wikibase.cloud/entity/L31767-F4	lemma/115099	Mood#Ind|Number#Sing|Person#3|Tense#Pres|VerbForm#Fin|Voice#Act
005.SCG*LB1.CP--++3.N.-4.5-6.8-2W1	oportet	Q16687	https://lilamorph.wikibase.cloud/entity/L31767-F4	lemma/115099	Mood#Ind|Number#Sing|Person#3|Tense#Pres|VerbForm#Fin|Voice#Act
005.SCG*LB4.CP-3++4.N.28.5-6.10-7W19	mortuos	Q16689	https://lilamorph.wikibase.cloud/entity/L31378-F184	lemma/112797	Aspect#Perf|Case#Acc|Degree#Pos|Gender#Masc|Number#Plur|Tense#Past|VerbForm#Part|Voice#Pass
005.SCG*LB4.CP-1++4.N.-9.13-4.17-2W12	oportet	Q16736	https://lilamorph.wikibase.cloud/entity/L31767-F4	lemma/115099	Aspect#Imp|Mood#Ind|Number#Sing|Person#3|Tense#Pres|VerbForm#Fin|Voice#Act
005.SCG*LB3.CP15++2.N.-3.10-5.13-4W1	oportet	Q16788	https://lilamorph.wikibase.cloud/entity/L31767-F4	lemma/115099	Mood#Ind|Number#Sing|Person#3|Tense#Pres|VerbForm#Fin|Voice#Act
005.SCG*LB4.CP-5++5.N.28.8-5.11-2W1	oportet	Q16840	https://lilamorph.wikibase.cloud/entity/L31767-F4	lemma/115099	Aspect#Imp|Mood#Ind|Number#Sing|Person#3|Tense#Pres|VerbForm#Fin|Voice#Act
005.SCG*LB1.CP-8++2.N.-8.15-3.16-5W3	oportet	Q16856	https://lilamorph.wikibase.cloud/entity/L31767-F4	lemma/115099	Mood#Ind|Number#Sing|Person#3|Tense#Pres|VerbForm#Fin|Voice#Act
005.SCG*LB2.CP-6++9.N.-4.1-1.4-2W3	oportet	Q16858	https://lilamorph.wikibase.cloud/entity/L31767-F4	lemma/115099	Mood#Ind|Number#Sing|Person#3|Tense#Pres|VerbForm#Fin|Voice#Act
005.SCG*LB4.CP-2++4.N.-9.8-6.10-6W1	oportet	Q16872	https://lilamorph.wikibase.cloud/entity/L31767-F4	lemma/115099	Aspect#Imp|Mood#Ind|Number#Sing|Person#3|Tense#Pres|VerbForm#Fin|Voice#Act
005.SCG*LB1.CP-1++3.N.33.15-5.16-5W2	oportet	Q16874	https://lilamorph.wikibase.cloud/entity/L31767-F4	lemma/115099	Mood#Ind|Number#Sing|Person#3|Tense#Pres|VerbForm#Fin|Voice#Act
005.SCG*LB2.CP-5++7.N.-8.8-7.11-5W17	patiuntur	Q16912	https://lilamorph.wikibase.cloud/entity/L31871-F71	lemma/116223	Mood#Ind|Number#Plur|Person#3|Tense#Pres|VerbForm#Fin|Voice#Pass
005.SCG*LB3.CP-4++4.N.-3.13-2.17-4W10	oportet	Q16926	https://lilamorph.wikibase.cloud/entity/L31767-F4	lemma/115099	Mood#Ind|Number#Sing|Person#3|Tense#Pres|VerbForm#Fin|Voice#Act
005.SCG*LB2.CP-7++3.N.17.1-2.5-1W4	operatur	Q16948	https://lilamorph.wikibase.cloud/entity/L31761-F68	lemma/115029	Mood#Ind|Number#Sing|Person#3|Tense#Pres|VerbForm#Fin|Voice#Pass
005.SCG*LB2.CP-3++4.N.-4.9-3.12-2W10	oportet	Q16957	https://lilamorph.wikibase.cloud/entity/L31767-F4	lemma/115099	Mood#Ind|Number#Sing|Person#3|Tense#Pres|VerbForm#Fin|Voice#Act
005.SCG*LB2.CP-3++4.N.-2.14-5.15-4W1	oportet	Q17073	https://lilamorph.wikibase.cloud/entity/L31767-F4	lemma/115099	Mood#Ind|Number#Sing|Person#3|Tense#Pres|VerbForm#Fin|Voice#Act
005.SCG*LB3.CP-3++7.N.-8.9-1.12-3W12	oporteat	Q17080	https://lilamorph.wikibase.cloud/entity/L31767-F10	lemma/115099	Mood#Sub|Number#Sing|Person#3|Tense#Pres|VerbForm#Fin|Voice#Act
005.SCG*LB2.CP-8++0.N.13.49-1.51-5W10	passis	Q17110	https://lilamorph.wikibase.cloud/entity/L31871-F190	lemma/116223	Aspect#Perf|Case#Abl|Degree#Pos|Gender#Masc|Number#Plur|Tense#Past|VerbForm#Part|Voice#Pass
005.SCG*LB4.CP-3++4.N.12.16-3.17-8W12	passum	Q17114	https://lilamorph.wikibase.cloud/entity/L31871-F181	lemma/116223	Aspect#Perf|Case#Acc|Degree#Pos|Gender#Masc|Number#Sing|Tense#Past|VerbForm#Part|Voice#Pass
005.SCG*LB4.CP-2++4.N.11.6-1.8-1W10	oportet	Q17131	https://lilamorph.wikibase.cloud/entity/L31767-F4	lemma/115099	Aspect#Imp|Mood#Ind|Number#Sing|Person#3|Tense#Pres|VerbForm#Fin|Voice#Act
005.SCG*LB2.CP-5++6.N.-7.5-1.5-7W7	patiendo	Q17154	https://lilamorph.wikibase.cloud/entity/L31871-F205	lemma/116223	Case#Abl|Degree#Pos|Number#Sing|VerbForm#Ger|Voice#Pass
005.SCG*LB4.CP--++4.N.13.1-2.5-7W20	loquebatur	Q17163	https://lilamorph.wikibase.cloud/entity/L31185-F98	lemma/110806	Aspect#Imp|Mood#Ind|Number#Sing|Person#3|Tense#Imp|VerbForm#Fin|Voice#Pass
005.SCG*LB1.CP-6++8.N.-3.7-4.13-4W6	operetur	Q17212	https://lilamorph.wikibase.cloud/entity/L31761-F75	lemma/115029	Mood#Sub|Number#Sing|Person#3|Tense#Pres|VerbForm#Fin|Voice#Pass
005.SCG*LB1.CP-1++3.N.19.6-1.9-1W5	oportebit	Q17246	https://lilamorph.wikibase.cloud/entity/L31767-F109	lemma/115099	Mood#Ind|Number#Sing|Person#3|Tense#Fut|VerbForm#Fin|Voice#Act
005.SCG*LB4.CP-5++3.N.26.1-2.5-3W17	patiantur	Q17266	https://lilamorph.wikibase.cloud/entity/L31871-F78	lemma/116223	Aspect#Imp|Mood#Sub|Number#Plur|Person#3|Tense#Pres|VerbForm#Fin|Voice#Pass
005.SCG*LB2.CP-7++3.N.25.16-2.19-5W1	oportet	Q17334	https://lilamorph.wikibase.cloud/entity/L31767-F4	lemma/115099	Mood#Ind|Number#Sing|Person#3|Tense#Pres|VerbForm#Fin|Voice#Act
005.SCG*LB2.CP-3++4.N.-2.21-2.22-5W1	oportet	Q17343	https://lilamorph.wikibase.cloud/entity/L31767-F4	lemma/115099	Mood#Ind|Number#Sing|Person#3|Tense#Pres|VerbForm#Fin|Voice#Act
005.SCG*LB3.CP-9++4.N.-9.34-1.38-4W5	operantur	Q17518	https://lilamorph.wikibase.cloud/entity/L31761-F71	lemma/115029	Mood#Ind|Number#Plur|Person#3|Tense#Pres|VerbForm#Fin|Voice#Pass
005.SCG*LB4.CP-3++5.N.-4.27-6.30-2W3	oportet	Q17529	https://lilamorph.wikibase.cloud/entity/L31767-F4	lemma/115099	Aspect#Imp|Mood#Ind|Number#Sing|Person#3|Tense#Pres|VerbForm#Fin|Voice#Act
005.SCG*LB4.CP-9++0.N.-1.1-1.6-4W23	pati	Q17533	https://lilamorph.wikibase.cloud/entity/L31871-F64	lemma/116223	Aspect#Imp|Tense#Pres|VerbForm#Inf|Voice#Pass
005.SCG*LB3.CP--++8.N.-8.9-3.11-6W6	sortiuntur	Q17571	https://lilamorph.wikibase.cloud/entity/L33654-F71	lemma/125212	Mood#Ind|Number#Plur|Person#3|Tense#Pres|VerbForm#Fin|Voice#Pass
005.SCG*LB3.CP13++2.N.13.12-1.14-4W13	operari	Q17573	https://lilamorph.wikibase.cloud/entity/L31761-F64	lemma/115029	Tense#Pres|VerbForm#Inf|Voice#Pass
005.SCG*LB3.CP11++1.N.-1.10-1.12-6W19	operandum	Q17586	https://lilamorph.wikibase.cloud/entity/L31761-F263	lemma/115029	Case#Acc|Degree#Pos|Number#Sing|VerbForm#Ger|Voice#Pass
005.SCG*LB2.CP-8++3.N.25.26-3.28-1W4	operantur	Q17608	https://lilamorph.wikibase.cloud/entity/L31761-F71	lemma/115029	Mood#Ind|Number#Plur|Person#3|Tense#Pres|VerbForm#Fin|Voice#Pass
005.SCG*LB3.CP15++8.N.-7.11-5.14-2W10	patitur	Q17614	https://lilamorph.wikibase.cloud/entity/L31871-F68	lemma/116223	Mood#Ind|Number#Sing|Person#3|Tense#Pres|VerbForm#Fin|Voice#Pass
005.SCG*LB3.CP14++0.N.-3.1-2.4-2W9	oportet	Q17629	https://lilamorph.wikibase.cloud/entity/L31767-F4	lemma/115099	Mood#Ind|Number#Sing|Person#3|Tense#Pres|VerbForm#Fin|Voice#Act
005.SCG*LB1.CP-6++0.N.-5.12-3.14-1W7	loquamur	Q17641	https://lilamorph.wikibase.cloud/entity/L31185-F78	lemma/110806	Mood#Sub|Number#Plur|Person#1|Tense#Pres|VerbForm#Fin|Voice#Pass
005.SCG*LB2.CP-7++9.N.-5.8-1.9-1W3	oportet	Q17687	https://lilamorph.wikibase.cloud/entity/L31767-F4	lemma/115099	Mood#Ind|Number#Sing|Person#3|Tense#Pres|VerbForm#Fin|Voice#Act
005.SCG*LB4.CP-5++5.N.22.1-1.5-1W6	oportet	Q17701	https://lilamorph.wikibase.cloud/entity/L31767-F4	lemma/115099	Aspect#Imp|Mood#Ind|Number#Sing|Person#3|Tense#Pres|VerbForm#Fin|Voice#Act
005.SCG*LB1.CP-8++2.N.12.1-1.2-5W3	oportet	Q17729	https://lilamorph.wikibase.cloud/entity/L31767-F4	lemma/115099	Mood#Ind|Number#Sing|Person#3|Tense#Pres|VerbForm#Fin|Voice#Act
005.SCG*LB3.CP10++3.N.-2.5-2.9-5W16	imaginatur	Q17773	https://lilamorph.wikibase.cloud/entity/L30338-F68	lemma/106317	Mood#Ind|Number#Sing|Person#3|Tense#Pres|VerbForm#Fin|Voice#Pass
005.SCG*LB2.CP-9++8.N.13.15-6.19-7W27	oportet	Q17781	https://lilamorph.wikibase.cloud/entity/L31767-F4	lemma/115099	Mood#Ind|Number#Sing|Person#3|Tense#Pres|VerbForm#Fin|Voice#Act
005.SCG*LB4.CP-3++1.N.-3.4-1.6-1W11	oportet	Q17819	https://lilamorph.wikibase.cloud/entity/L31767-F4	lemma/115099	Aspect#Imp|Mood#Ind|Number#Sing|Person#3|Tense#Pres|VerbForm#Fin|Voice#Act
005.SCG*LB3.CP-9++5.N.-1.1-1.4-3W3	oportet	Q17833	https://lilamorph.wikibase.cloud/entity/L31767-F4	lemma/115099	Mood#Ind|Number#Sing|Person#3|Tense#Pres|VerbForm#Fin|Voice#Act
005.SCG*LB1.CP-4++2.N.10.19-1.20-1W3	oportet	Q17871	https://lilamorph.wikibase.cloud/entity/L31767-F4	lemma/115099	Mood#Ind|Number#Sing|Person#3|Tense#Pres|VerbForm#Fin|Voice#Act
005.SCG*LB1.CP-6++0.N.-4.5-1.6-3W7	oportet	Q17891	https://lilamorph.wikibase.cloud/entity/L31767-F4	lemma/115099	Mood#Ind|Number#Sing|Person#3|Tense#Pres|VerbForm#Fin|Voice#Act
005.SCG*LB4.CP-5++6.N.-2.8-3.10-1W1	oportuit	Q17906	https://lilamorph.wikibase.cloud/entity/L31767-F128	lemma/115099	Aspect#Perf|Mood#Ind|Number#Sing|Person#3|Tense#Past|VerbForm#Fin|Voice#Act
005.SCG*LB1.CP-4++3.N.14.7-4.9-4W13	oportet	Q17934	https://lilamorph.wikibase.cloud/entity/L31767-F4	lemma/115099	Mood#Ind|Number#Sing|Person#3|Tense#Pres|VerbForm#Fin|Voice#Act
005.SCG*LB3.CP-7++8.N.-1.1-1.7-1W25	oportet	Q17976	https://lilamorph.wikibase.cloud/entity/L31767-F4	lemma/115099	Mood#Ind|Number#Sing|Person#3|Tense#Pres|VerbForm#Fin|Voice#Act
005.SCG*LB4.CP-5++5.N.21.6-1.9-4W16	pati	Q18025	https://lilamorph.wikibase.cloud/entity/L31871-F64	lemma/116223	Aspect#Imp|Tense#Pres|VerbForm#Inf|Voice#Pass
005.SCG*LB4.CP-2++4.N.10.10-5.14-1W10	oportet	Q18058	https://lilamorph.wikibase.cloud/entity/L31767-F4	lemma/115099	Aspect#Imp|Mood#Ind|Number#Sing|Person#3|Tense#Pres|VerbForm#Fin|Voice#Act
005.SCG*LB1.CP-1++1.N.-2.20-5.22-1W3	oportebit	Q18059	https://lilamorph.wikibase.cloud/entity/L31767-F109	lemma/115099	Mood#Ind|Number#Sing|Person#3|Tense#Fut|VerbForm#Fin|Voice#Act
005.SCG*LB2.CP-8++0.N.15.7-3.11-2W2	oportet	Q18090	https://lilamorph.wikibase.cloud/entity/L31767-F4	lemma/115099	Mood#Ind|Number#Sing|Person#3|Tense#Pres|VerbForm#Fin|Voice#Act
005.SCG*LB4.CP-1++3.N.-2.5-2.6-3W1	oportet	Q18151	https://lilamorph.wikibase.cloud/entity/L31767-F4	lemma/115099	Aspect#Imp|Mood#Ind|Number#Sing|Person#3|Tense#Pres|VerbForm#Fin|Voice#Act
005.SCG*LB4.CP-1++3.N.-5.9-4.10-8W5	oportet	Q18152	https://lilamorph.wikibase.cloud/entity/L31767-F4	lemma/115099	Aspect#Imp|Mood#Ind|Number#Sing|Person#3|Tense#Pres|VerbForm#Fin|Voice#Act
005.SCG*LB4.CP-3++7.N.-7.4-3.7-6W20	passus	Q18162	https://lilamorph.wikibase.cloud/entity/L31871-F163	lemma/116223	Aspect#Perf|Case#Nom|Degree#Pos|Gender#Masc|Number#Sing|Tense#Past|VerbForm#Part|Voice#Pass
005.SCG*LB1.CP-1++3.N.19.3-3.5-4W3	oportet	Q18165	https://lilamorph.wikibase.cloud/entity/L31767-F4	lemma/115099	Mood#Ind|Number#Sing|Person#3|Tense#Pres|VerbForm#Fin|Voice#Act
005.SCG*LB4.CP-7++2.N.-1.3-7.8-1W14	patitur	Q18182	https://lilamorph.wikibase.cloud/entity/L31871-F68	lemma/116223	Aspect#Imp|Mood#Ind|Number#Sing|Person#3|Tense#Pres|VerbForm#Fin|Voice#Pass
005.SCG*LB4.CP-8++2.N.-4.6-2.7-1W4	mortuis	Q18214	https://lilamorph.wikibase.cloud/entity/L31378-F190	lemma/112797	Aspect#Perf|Case#Abl|Degree#Pos|Gender#Masc|Number#Plur|Tense#Past|VerbForm#Part|Voice#Pass
005.SCG*LB4.CP-7++8.N.-1.7-1.10-5W6	oportebat	Q18228	https://lilamorph.wikibase.cloud/entity/L31767-F83	lemma/115099	Aspect#Imp|Mood#Ind|Number#Sing|Person#3|Tense#Imp|VerbForm#Fin|Voice#Act
005.SCG*LB2.CP-3++4.N.-3.14-1.17-2W11	oportet	Q18230	https://lilamorph.wikibase.cloud/entity/L31767-F4	lemma/115099	Mood#Ind|Number#Sing|Person#3|Tense#Pres|VerbForm#Fin|Voice#Act
005.SCG*LB4.CP-5++5.N.-5.22-2.24-3W7	oportuit	Q18233	https://lilamorph.wikibase.cloud/entity/L31767-F128	lemma/115099	Aspect#Perf|Mood#Ind|Number#Sing|Person#3|Tense#Past|VerbForm#Fin|Voice#Act
005.SCG*LB3.CP-8++4.N.-3.1-2.4-3W13	oportet	Q18256	https://lilamorph.wikibase.cloud/entity/L31767-F4	lemma/115099	Mood#Ind|Number#Sing|Person#3|Tense#Pres|VerbForm#Fin|Voice#Act
005.SCG*LB3.CP-9++2.N.-2.5-5.9-2W7	operari	Q18302	https://lilamorph.wikibase.cloud/entity/L31761-F64	lemma/115029	Tense#Pres|VerbForm#Inf|Voice#Pass
005.SCG*LB2.CP-5++8.N.-1.7-1.10-3W11	oportebit	Q18336	https://lilamorph.wikibase.cloud/entity/L31767-F109	lemma/115099	Mood#Ind|Number#Sing|Person#3|Tense#Fut|VerbForm#Fin|Voice#Act
005.SCG*LB4.CP-1++7.N.18.2-1.3-2W7	loquitur	Q18415	https://lilamorph.wikibase.cloud/entity/L31185-F69	lemma/110806	Aspect#Imp|Mood#Ind|Number#Sing|Person#3|Tense#Pres|VerbForm#Fin|Voice#Pass
005.SCG*LB4.CP-7++0.N.-2.3-7.8-2W22	loqui	Q18423	https://lilamorph.wikibase.cloud/entity/L31185-F65	lemma/110806	Aspect#Imp|Tense#Pres|VerbForm#Inf|Voice#Pass
005.SCG*LB2.CP-8++6.N.-2.4-2.6-2W8	operatur	Q18476	https://lilamorph.wikibase.cloud/entity/L31761-F68	lemma/115029	Mood#Ind|Number#Sing|Person#3|Tense#Pres|VerbForm#Fin|Voice#Pass
005.SCG*LB4.CP-5++0.N.-6.1-2.5-3W5	loqueretur	Q18547	https://lilamorph.wikibase.cloud/entity/L31185-F105	lemma/110806	Aspect#Imp|Mood#Sub|Number#Sing|Person#3|Tense#Imp|VerbForm#Fin|Voice#Pass
005.SCG*LB3.CP15++0.N.-3.1-1.3-4W1	oportet	Q18568	https://lilamorph.wikibase.cloud/entity/L31767-F4	lemma/115099	Mood#Ind|Number#Sing|Person#3|Tense#Pres|VerbForm#Fin|Voice#Act
005.SCG*LB3.CP-2++6.N.22.16-3.18-4W8	operandum	Q18575	https://lilamorph.wikibase.cloud/entity/L31761-F263	lemma/115029	Case#Acc|Degree#Pos|Number#Sing|VerbForm#Ger|Voice#Pass
005.SCG*LB3.CP-7++9.N.-1.1-1.5-3W16	oportet	Q18595	https://lilamorph.wikibase.cloud/entity/L31767-F4	lemma/115099	Mood#Ind|Number#Sing|Person#3|Tense#Pres|VerbForm#Fin|Voice#Act
005.SCG*LB4.CP-8++8.N.-5.1-1.4-3W11	oportet	Q18610	https://lilamorph.wikibase.cloud/entity/L31767-F4	lemma/115099	Aspect#Imp|Mood#Ind|Number#Sing|Person#3|Tense#Pres|VerbForm#Fin|Voice#Act
005.SCG*LB3.CP10++2.N.-6.1-2.5-2W13	operetur	Q18635	https://lilamorph.wikibase.cloud/entity/L31761-F75	lemma/115029	Mood#Sub|Number#Sing|Person#3|Tense#Pres|VerbForm#Fin|Voice#Pass
005.SCG*LB2.CP-5++2.N.-1.1-1.6-1W4	opinandum	Q18655	https://lilamorph.wikibase.cloud/entity/L31764-F267	lemma/115071	Case#Nom|Degree#Pos|Gender#Neut|Number#Sing|VerbForm#Gdv|Voice#Pass
005.SCG*LB2.CP-8++3.N.25.13-4.14-2W3	experimur	Q18683	https://lilamorph.wikibase.cloud/entity/L29780-F69	lemma/102165	Mood#Ind|Number#Plur|Person#1|Tense#Pres|VerbForm#Fin|Voice#Pass
005.SCG*LB3.CP-5++9.N.-4.7-1.10-3W1	oportet	Q18694	https://lilamorph.wikibase.cloud/entity/L31767-F4	lemma/115099	Mood#Ind|Number#Sing|Person#3|Tense#Pres|VerbForm#Fin|Voice#Act
005.SCG*LB2.CP-4++4.N.-8.1-2.5-1W20	oportuit	Q18695	https://lilamorph.wikibase.cloud/entity/L31767-F128	lemma/115099	Aspect#Perf|Mood#Ind|Number#Sing|Person#3|Tense#Past|VerbForm#Fin|Voice#Act
005.SCG*LB2.CP-3++0.N.11.26-4.29-1W4	oportet	Q18711	https://lilamorph.wikibase.cloud/entity/L31767-F4	lemma/115099	Mood#Ind|Number#Sing|Person#3|Tense#Pres|VerbForm#Fin|Voice#Act
005.SCG*LB4.CP-5++5.N.26.3-3.8-1W8	mortuus	Q18722	https://lilamorph.wikibase.cloud/entity/L31378-F163	lemma/112797	Aspect#Perf|Case#Nom|Degree#Pos|Gender#Masc|Number#Sing|Tense#Past|VerbForm#Part|Voice#Pass
005.SCG*LB4.CP-5++3.N.15.8-3.12-4W10	pati	Q18730	https://lilamorph.wikibase.cloud/entity/L31871-F64	lemma/116223	Aspect#Imp|Tense#Pres|VerbForm#Inf|Voice#Pass
005.SCG*LB4.CP-2++1.N.-2.31-1.34-5W17	oportet	Q18799	https://lilamorph.wikibase.cloud/entity/L31767-F4	lemma/115099	Aspect#Imp|Mood#Ind|Number#Sing|Person#3|Tense#Pres|VerbForm#Fin|Voice#Act
005.SCG*LB3.CP-6++4.N.-5.11-4.12-6W1	oportet	Q18801	https://lilamorph.wikibase.cloud/entity/L31767-F4	lemma/115099	Mood#Ind|Number#Sing|Person#3|Tense#Pres|VerbForm#Fin|Voice#Act
005.SCG*LB4.CP-7++4.N.-3.6-1.7-5W3	oportet	Q18804	https://lilamorph.wikibase.cloud/entity/L31767-F4	lemma/115099	Aspect#Imp|Mood#Ind|Number#Sing|Person#3|Tense#Pres|VerbForm#Fin|Voice#Act
005.SCG*LB4.CP-6++3.N.12.14-2.16-1W7	sortitur	Q18845	https://lilamorph.wikibase.cloud/entity/L33654-F68	lemma/125212	Aspect#Imp|Mood#Ind|Number#Sing|Person#3|Tense#Pres|VerbForm#Fin|Voice#Pass
005.SCG*LB3.CP-9++9.N.-4.1-2.6-2W8	oportet	Q18846	https://lilamorph.wikibase.cloud/entity/L31767-F4	lemma/115099	Mood#Ind|Number#Sing|Person#3|Tense#Pres|VerbForm#Fin|Voice#Act
005.SCG*LB4.CP-2++9.N.-1.7-3.11-1W20	passus	Q18918	https://lilamorph.wikibase.cloud/entity/L31871-F163	lemma/116223	Aspect#Perf|Case#Nom|Degree#Pos|Gender#Masc|Number#Sing|Tense#Past|VerbForm#Part|Voice#Pass
005.SCG*LB2.CP-3++8.N.-2.2-4.4-3W3	oportet	Q18936	https://lilamorph.wikibase.cloud/entity/L31767-F4	lemma/115099	Mood#Ind|Number#Sing|Person#3|Tense#Pres|VerbForm#Fin|Voice#Act
005.SCG*LB2.CP-8++0.N.13.15-1.20-1W17	reminisci	Q18938	https://lilamorph.wikibase.cloud/entity/L33168-F64	lemma/122601	Tense#Pres|VerbForm#Inf|Voice#Pass
005.SCG*LB3.CP-8++1.N.-1.6-4.10-2W9	oportet	Q18995	https://lilamorph.wikibase.cloud/entity/L31767-F4	lemma/115099	Mood#Ind|Number#Sing|Person#3|Tense#Pres|VerbForm#Fin|Voice#Act
005.SCG*LB4.CP-5++3.N.-4.1-2.4-1W16	oportet	Q19042	https://lilamorph.wikibase.cloud/entity/L31767-F4	lemma/115099	Aspect#Imp|Mood#Ind|Number#Sing|Person#3|Tense#Pres|VerbForm#Fin|Voice#Act
005.SCG*LB1.CP--++1.N.-6.1-1.4-1W15	operatur	Q19064	https://lilamorph.wikibase.cloud/entity/L31761-F68	lemma/115029	Mood#Ind|Number#Sing|Person#3|Tense#Pres|VerbForm#Fin|Voice#Pass
005.SCG*LB1.CP-4++4.N.-2.1-1.5-4W18	oportet	Q19083	https://lilamorph.wikibase.cloud/entity/L31767-F4	lemma/115099	Mood#Ind|Number#Sing|Person#3|Tense#Pres|VerbForm#Fin|Voice#Act
005.SCG*LB4.CP--++8.N.-1.13-4.16-7W14	partitam	Q19116	https://lilamorph.wikibase.cloud/entity/L31857-F223	lemma/116114	Aspect#Perf|Case#Acc|Degree#Pos|Gender#Fem|Number#Sing|Tense#Past|VerbForm#Part|Voice#Pass
005.SCG*LB2.CP-4++6.N.-6.17-3.18-1W1	oportuit	Q19164	https://lilamorph.wikibase.cloud/entity/L31767-F128	lemma/115099	Aspect#Perf|Mood#Ind|Number#Sing|Person#3|Tense#Past|VerbForm#Fin|Voice#Act
005.SCG*LB2.CP-1++6.N.-4.8-1.10-6W1	oportet	Q19190	https://lilamorph.wikibase.cloud/entity/L31767-F4	lemma/115099	Mood#Ind|Number#Sing|Person#3|Tense#Pres|VerbForm#Fin|Voice#Act
005.SCG*LB2.CP-2++8.N.-1.1-1.4-5W11	operatus	Q19191	https://lilamorph.wikibase.cloud/entity/L31761-F189	lemma/115029	Aspect#Perf|Case#Nom|Degree#Pos|Gender#Masc|Number#Sing|Tense#Past|VerbForm#Part|Voice#Pass
005.SCG*LB4.CP-8++2.N.-6.16-4.17-5W1	oportet	Q19223	https://lilamorph.wikibase.cloud/entity/L31767-F4	lemma/115099	Aspect#Imp|Mood#Ind|Number#Sing|Person#3|Tense#Pres|VerbForm#Fin|Voice#Act
005.SCG*LB1.CP-9++6.N.-4.10-2.13-2W16	oportet	Q19242	https://lilamorph.wikibase.cloud/entity/L31767-F4	lemma/115099	Mood#Ind|Number#Sing|Person#3|Tense#Pres|VerbForm#Fin|Voice#Act
005.SCG*LB4.CP-9++0.N.-2.1-1.7-3W34	patiuntur	Q19313	https://lilamorph.wikibase.cloud/entity/L31871-F71	lemma/116223	Aspect#Imp|Mood#Ind|Number#Plur|Person#3|Tense#Pres|VerbForm#Fin|Voice#Pass
005.SCG*LB2.CP-7++2.N.-4.2-2.4-4W10	oportet	Q19334	https://lilamorph.wikibase.cloud/entity/L31767-F4	lemma/115099	Mood#Ind|Number#Sing|Person#3|Tense#Pres|VerbForm#Fin|Voice#Act
005.SCG*LB4.CP-9++6.N.-2.1-1.6-2W9	passus	Q19355	https://lilamorph.wikibase.cloud/entity/L31871-F163	lemma/116223	Aspect#Perf|Case#Nom|Degree#Pos|Gender#Masc|Number#Sing|Tense#Past|VerbForm#Part|Voice#Pass
005.SCG*LB1.CP-1++3.N.25.3-3.6-4W11	oportet	Q19365	https://lilamorph.wikibase.cloud/entity/L31767-F4	lemma/115099	Mood#Ind|Number#Sing|Person#3|Tense#Pres|VerbForm#Fin|Voice#Act
005.SCG*LB2.CP-7++4.N.-2.35-1.45-1W1	oportet	Q19386	https://lilamorph.wikibase.cloud/entity/L31767-F4	lemma/115099	Mood#Ind|Number#Sing|Person#3|Tense#Pres|VerbForm#Fin|Voice#Act
005.SCG*LB2.CP-1++5.N.-2.14-4.21-6W40	oportet	Q19396	https://lilamorph.wikibase.cloud/entity/L31767-F4	lemma/115099	Mood#Ind|Number#Sing|Person#3|Tense#Pres|VerbForm#Fin|Voice#Act
005.SCG*LB1.CP-1++5.N.-5.5-1.7-7W18	oportet	Q19419	https://lilamorph.wikibase.cloud/entity/L31767-F4	lemma/115099	Mood#Ind|Number#Sing|Person#3|Tense#Pres|VerbForm#Fin|Voice#Act
005.SCG*LB4.CP--++7.N.13.10-3.14-7W35	arbitratus	Q3738	https://lilamorph.wikibase.cloud/entity/L27190-F189	lemma/89779	Aspect#Perf|Case#Nom|Degree#Pos|Gender#Masc|Number#Sing|Tense#Past|VerbForm#Part|Voice#Pass
005.SCG*LB4.CP-7++4.N.-4.6-2.8-3W1	oportuit	Q19502	https://lilamorph.wikibase.cloud/entity/L31767-F128	lemma/115099	Aspect#Perf|Mood#Ind|Number#Sing|Person#3|Tense#Past|VerbForm#Fin|Voice#Act
005.SCG*LB3.CP10++4.N.10.10-5.12-2W11	operarentur	Q19533	https://lilamorph.wikibase.cloud/entity/L31761-F106	lemma/115029	Aspect#Imp|Mood#Sub|Number#Plur|Person#3|Tense#Imp|VerbForm#Fin|Voice#Pass
005.SCG*LB3.CP12++7.N.-4.15-1.20-4W17	conversatur	Q9983	https://lilamorph.wikibase.cloud/entity/L28399-F68	lemma/96443	Mood#Ind|Number#Sing|Person#3|Tense#Pres|VerbForm#Fin|Voice#Pass
005.SCG*LB3.CP--++8.N.-8.12-1.16-1W17	oportet	Q19583	https://lilamorph.wikibase.cloud/entity/L31767-F4	lemma/115099	Mood#Ind|Number#Sing|Person#3|Tense#Pres|VerbForm#Fin|Voice#Act
005.SCG*LB3.CP10++3.N.--.1-1.3-6W7	operantur	Q19591	https://lilamorph.wikibase.cloud/entity/L31761-F71	lemma/115029	Mood#Ind|Number#Plur|Person#3|Tense#Pres|VerbForm#Fin|Voice#Pass
005.SCG*LB3.CP--++3.N.10.3-2.4-3W1	oportet	Q19608	https://lilamorph.wikibase.cloud/entity/L31767-F4	lemma/115099	Mood#Ind|Number#Sing|Person#3|Tense#Pres|VerbForm#Fin|Voice#Act
005.SCG*LB4.CP-2++4.N.-8.72-1.73-7W1	oportet	Q19610	https://lilamorph.wikibase.cloud/entity/L31767-F4	lemma/115099	Aspect#Imp|Mood#Ind|Number#Sing|Person#3|Tense#Pres|VerbForm#Fin|Voice#Act
005.SCG*LB3.CP-9++4.N.-2.39-1.40-4W3	oportet	Q19619	https://lilamorph.wikibase.cloud/entity/L31767-F4	lemma/115099	Mood#Ind|Number#Sing|Person#3|Tense#Pres|VerbForm#Fin|Voice#Act
005.SCG*LB3.CP10++4.N.11.7-3.11-2W15	sortiantur	Q19643	https://lilamorph.wikibase.cloud/entity/L33654-F78	lemma/125212	Mood#Sub|Number#Plur|Person#3|Tense#Pres|VerbForm#Fin|Voice#Pass
005.SCG*LB2.CP-9++7.N.-3.9-4.11-2W1	oportet	Q19666	https://lilamorph.wikibase.cloud/entity/L31767-F4	lemma/115099	Mood#Ind|Number#Sing|Person#3|Tense#Pres|VerbForm#Fin|Voice#Act
005.SCG*LB4.CP-5++5.N.19.1-1.4-1W14	pati	Q19712	https://lilamorph.wikibase.cloud/entity/L31871-F64	lemma/116223	Aspect#Imp|Tense#Pres|VerbForm#Inf|Voice#Pass
005.SCG*LB4.CP-3++4.N.-5.16-3.20-3W13	testatur	Q19716	https://lilamorph.wikibase.cloud/entity/L34289-F68	lemma/127997	Aspect#Imp|Mood#Ind|Number#Sing|Person#3|Tense#Pres|VerbForm#Fin|Voice#Pass
005.SCG*LB3.CP-6++7.N.-1.1-1.3-1W12	operentur	Q19730	https://lilamorph.wikibase.cloud/entity/L31761-F78	lemma/115029	Mood#Sub|Number#Plur|Person#3|Tense#Pres|VerbForm#Fin|Voice#Pass
005.SCG*LB4.CP--++7.N.14.5-6.6-3W6	oportet	Q19757	https://lilamorph.wikibase.cloud/entity/L31767-F4	lemma/115099	Aspect#Imp|Mood#Ind|Number#Sing|Person#3|Tense#Pres|VerbForm#Fin|Voice#Act
005.SCG*LB1.CP-7++2.N.-3.22-2.23-4W7	oportet	Q19806	https://lilamorph.wikibase.cloud/entity/L31767-F4	lemma/115099	Mood#Ind|Number#Sing|Person#3|Tense#Pres|VerbForm#Fin|Voice#Act
005.SCG*LB1.CP-4++2.N.16.9-2.10-5W1	oportet	Q19830	https://lilamorph.wikibase.cloud/entity/L31767-F4	lemma/115099	Mood#Ind|Number#Sing|Person#3|Tense#Pres|VerbForm#Fin|Voice#Act
005.SCG*LB4.CP-5++5.N.10.5-5.8-2W14	operando	Q19841	https://lilamorph.wikibase.cloud/entity/L31761-F264	lemma/115029	Aspect#Perf|Case#Abl|Degree#Pos|Number#Sing|VerbForm#Ger|Voice#Pass
005.SCG*LB4.CP-2++6.N.-3.1-2.4-5W4	oportet	Q19855	https://lilamorph.wikibase.cloud/entity/L31767-F4	lemma/115099	Aspect#Imp|Mood#Ind|Number#Sing|Person#3|Tense#Pres|VerbForm#Fin|Voice#Act
005.SCG*LB4.CP--++8.N.-3.18-5.19-5W7	morietur	Q19860	https://lilamorph.wikibase.cloud/entity/L31378-F156	lemma/112797	Aspect#Imp|Mood#Ind|Number#Sing|Person#3|Tense#Fut|VerbForm#Fin|Voice#Pass
005.SCG*LB4.CP-5++5.N.12.1-1.5-5W25	conversaretur	Q9988	https://lilamorph.wikibase.cloud/entity/L28399-F103	lemma/96443	Aspect#Imp|Mood#Sub|Number#Sing|Person#3|Tense#Imp|VerbForm#Fin|Voice#Pass
005.SCG*LB3.CP-4++9.N.-4.1-2.7-4W11	oportet	Q19876	https://lilamorph.wikibase.cloud/entity/L31767-F4	lemma/115099	Mood#Ind|Number#Sing|Person#3|Tense#Pres|VerbForm#Fin|Voice#Act
005.SCG*LB4.CP-2++3.N.-3.1-1.5-1W14	loquetur	Q19880	https://lilamorph.wikibase.cloud/entity/L31185-F158	lemma/110806	Aspect#Imp|Mood#Ind|Number#Sing|Person#3|Tense#Fut|VerbForm#Fin|Voice#Pass
005.SCG*LB4.CP-5++7.N.-1.8-4.9-6W5	passum	Q19888	https://lilamorph.wikibase.cloud/entity/L31871-F165	lemma/116223	Aspect#Perf|Case#Nom|Degree#Pos|Gender#Neut|Number#Sing|Tense#Past|VerbForm#Part|Voice#Pass
005.SCG*LB3.CP10++4.N.10.14-3.16-1W6	operentur	Q19912	https://lilamorph.wikibase.cloud/entity/L31761-F78	lemma/115029	Mood#Sub|Number#Plur|Person#3|Tense#Pres|VerbForm#Fin|Voice#Pass
005.SCG*LB1.CP--++6.N.-2.1-1.3-6W15	dignata	Q19925	https://lilamorph.wikibase.cloud/entity/L29080-F190	lemma/99405	Aspect#Perf|Case#Nom|Degree#Pos|Gender#Fem|Number#Sing|Tense#Past|VerbForm#Part|Voice#Pass
005.SCG*LB4.CP-1++3.N.-8.8-4.9-5W5	oporteat	Q19954	https://lilamorph.wikibase.cloud/entity/L31767-F10	lemma/115099	Aspect#Imp|Mood#Sub|Number#Sing|Person#3|Tense#Pres|VerbForm#Fin|Voice#Act
005.SCG*LB2.CP-8++2.N.12.6-1.10-3W11	patitur	Q19986	https://lilamorph.wikibase.cloud/entity/L31871-F68	lemma/116223	Mood#Ind|Number#Sing|Person#3|Tense#Pres|VerbForm#Fin|Voice#Pass
005.SCG*LB2.CP-4++7.N.-4.22-1.27-3W8	imaginatae	Q19999	https://lilamorph.wikibase.cloud/entity/L30338-F193	lemma/106317	Aspect#Perf|Case#Nom|Degree#Pos|Gender#Fem|Number#Plur|Tense#Past|VerbForm#Part|Voice#Pass
005.SCG*LB3.CP-1++7.N.-7.2-5.5-5W15	oportet	Q20012	https://lilamorph.wikibase.cloud/entity/L31767-F4	lemma/115099	Mood#Ind|Number#Sing|Person#3|Tense#Pres|VerbForm#Fin|Voice#Act
005.SCG*LB1.CP-4++2.N.10.10-2.11-5W3	oportet	Q20033	https://lilamorph.wikibase.cloud/entity/L31767-F4	lemma/115099	Mood#Ind|Number#Sing|Person#3|Tense#Pres|VerbForm#Fin|Voice#Act
005.SCG*LB3.CP-2++7.N.10.3-2.5-2W3	oportet	Q20152	https://lilamorph.wikibase.cloud/entity/L31767-F4	lemma/115099	Mood#Ind|Number#Sing|Person#3|Tense#Pres|VerbForm#Fin|Voice#Act
005.SCG*LB3.CP13++2.N.23.9-1.12-2W20	imitentur	Q20157	https://lilamorph.wikibase.cloud/entity/L30349-F140	lemma/106366	Mood#Sub|Number#Plur|Person#3|Tense#Pres|VerbForm#Fin|Voice#Pass
005.SCG*LB3.CP--++2.N.-4.13-1.22-5W29	imaginatur	Q20169	https://lilamorph.wikibase.cloud/entity/L30338-F68	lemma/106317	Mood#Ind|Number#Sing|Person#3|Tense#Pres|VerbForm#Fin|Voice#Pass
005.SCG*LB1.CP-1++6.N.-6.1-2.3-5W14	pati	Q20175	https://lilamorph.wikibase.cloud/entity/L31871-F64	lemma/116223	Tense#Pres|VerbForm#Inf|Voice#Pass
005.SCG*LB3.CP-8++2.N.-6.12-5.16-2W17	oportet	Q20259	https://lilamorph.wikibase.cloud/entity/L31767-F4	lemma/115099	Mood#Ind|Number#Sing|Person#3|Tense#Pres|VerbForm#Fin|Voice#Act
005.SCG*LB3.CP14++9.N.-6.4-4.10-3W19	oportet	Q20277	https://lilamorph.wikibase.cloud/entity/L31767-F4	lemma/115099	Mood#Ind|Number#Sing|Person#3|Tense#Pres|VerbForm#Fin|Voice#Act
005.SCG*LB3.CP--++7.N.-6.3-5.8-7W8	oportet	Q20317	https://lilamorph.wikibase.cloud/entity/L31767-F4	lemma/115099	Mood#Ind|Number#Sing|Person#3|Tense#Pres|VerbForm#Fin|Voice#Act
005.SCG*LB4.CP-5++3.N.23.2-5.6-1W27	moreretur	Q20336	https://lilamorph.wikibase.cloud/entity/L31378-F103	lemma/112797	Aspect#Imp|Mood#Sub|Number#Sing|Person#3|Tense#Imp|VerbForm#Fin|Voice#Pass
005.SCG*LB1.CP-1++5.N.-6.8-3.10-1W7	oportet	Q20427	https://lilamorph.wikibase.cloud/entity/L31767-F4	lemma/115099	Mood#Ind|Number#Sing|Person#3|Tense#Pres|VerbForm#Fin|Voice#Act
005.SCG*LB3.CP-9++1.N.-5.22-2.24-1W1	oportet	Q20451	https://lilamorph.wikibase.cloud/entity/L31767-F4	lemma/115099	Mood#Ind|Number#Sing|Person#3|Tense#Pres|VerbForm#Fin|Voice#Act
005.SCG*LB1.CP-7++2.N.-7.4-4.6-4W7	imaginamur	Q20453	https://lilamorph.wikibase.cloud/entity/L30338-F69	lemma/106317	Mood#Ind|Number#Plur|Person#1|Tense#Pres|VerbForm#Fin|Voice#Pass
005.SCG*LB3.CP-1++2.N.-4.10-1.12-3W10	oportet	Q20455	https://lilamorph.wikibase.cloud/entity/L31767-F4	lemma/115099	Mood#Ind|Number#Sing|Person#3|Tense#Pres|VerbForm#Fin|Voice#Act
005.SCG*LB2.CP-5++5.N.-7.8-7.11-6W14	oportet	Q20465	https://lilamorph.wikibase.cloud/entity/L31767-F4	lemma/115099	Mood#Ind|Number#Sing|Person#3|Tense#Pres|VerbForm#Fin|Voice#Act
005.SCG*LB2.CP-6++0.N.11.1-2.8-3W5	operari	Q20466	https://lilamorph.wikibase.cloud/entity/L31761-F64	lemma/115029	Tense#Pres|VerbForm#Inf|Voice#Pass
005.SCG*LB1.CP-5++9.N.-3.9-1.12-3W13	complexum	Q6939	https://lilamorph.wikibase.cloud/entity/L28022-F329	lemma/95339	Aspect#Perf|Case#Nom|Degree#Pos|Gender#Neut|Number#Sing|Tense#Past|VerbForm#Part|Voice#Pass
005.SCG*LB3.CP13++2.N.30.2-1.5-6W29	operetur	Q20628	https://lilamorph.wikibase.cloud/entity/L31761-F75	lemma/115029	Mood#Sub|Number#Sing|Person#3|Tense#Pres|VerbForm#Fin|Voice#Pass
005.SCG*LB3.CP15++4.N.17.24-5.27-5W18	sciscitetur	Q20651	https://lilamorph.wikibase.cloud/entity/L33532-F75	lemma/123751	Mood#Sub|Number#Sing|Person#3|Tense#Pres|VerbForm#Fin|Voice#Pass
005.SCG*LB2.CP10++0.N.-5.1-2.5-6W22	oportet	Q20669	https://lilamorph.wikibase.cloud/entity/L31767-F4	lemma/115099	Mood#Ind|Number#Sing|Person#3|Tense#Pres|VerbForm#Fin|Voice#Act
005.SCG*LB4.CP--++8.N.-8.21-1.22-4W4	oportuit	Q20691	https://lilamorph.wikibase.cloud/entity/L31767-F128	lemma/115099	Aspect#Perf|Mood#Ind|Number#Sing|Person#3|Tense#Past|VerbForm#Fin|Voice#Act
005.SCG*LB2.CP-7++8.N.10.9-2.12-1W3	loquendo	Q20732	https://lilamorph.wikibase.cloud/entity/L31185-F207	lemma/110806	Case#Abl|Degree#Pos|Number#Sing|VerbForm#Ger|Voice#Pass
005.SCG*LB2.CP-7++3.N.-6.11-1.14-7W2	oportet	Q20739	https://lilamorph.wikibase.cloud/entity/L31767-F4	lemma/115099	Mood#Ind|Number#Sing|Person#3|Tense#Pres|VerbForm#Fin|Voice#Act
005.SCG*LB2.CP-4++2.N.-9.11-4.13-3W1	oportet	Q20741	https://lilamorph.wikibase.cloud/entity/L31767-F4	lemma/115099	Mood#Ind|Number#Sing|Person#3|Tense#Pres|VerbForm#Fin|Voice#Act
005.SCG*LB2.CP-9++2.N.-6.25-2.28-1W1	oportet	Q20742	https://lilamorph.wikibase.cloud/entity/L31767-F4	lemma/115099	Mood#Ind|Number#Sing|Person#3|Tense#Pres|VerbForm#Fin|Voice#Act
005.SCG*LB2.CP-7++3.N.13.9-2.12-5W7	sortitur	Q20823	https://lilamorph.wikibase.cloud/entity/L33654-F68	lemma/125212	Mood#Ind|Number#Sing|Person#3|Tense#Pres|VerbForm#Fin|Voice#Pass
005.SCG*LB2.CP-7++4.N.-2.35-1.45-1W48	oportet	Q20872	https://lilamorph.wikibase.cloud/entity/L31767-F4	lemma/115099	Mood#Ind|Number#Sing|Person#3|Tense#Pres|VerbForm#Fin|Voice#Act
005.SCG*LB3.CP12++4.N.-4.2-3.6-6W5	licet	Q20881	https://lilamorph.wikibase.cloud/entity/L31140-F4	lemma/110433	Mood#Ind|Number#Sing|Person#3|Tense#Pres|VerbForm#Fin|Voice#Act
005.SCG*LB2.CP-5++8.N.-8.25-2.26-5W1	oportet	Q20929	https://lilamorph.wikibase.cloud/entity/L31767-F4	lemma/115099	Mood#Ind|Number#Sing|Person#3|Tense#Pres|VerbForm#Fin|Voice#Act
005.SCG*LB4.CP-3++3.N.-5.4-2.5-1W3	admiramur	Q1546	https://lilamorph.wikibase.cloud/entity/L26850-F137	lemma/87542	Aspect#Imp|Mood#Ind|Number#Plur|Person#1|Tense#Pres|VerbForm#Fin|Voice#Pass
005.SCG*LB1.CP-4++2.N.10.8-1.10-1W6	oportet	Q20952	https://lilamorph.wikibase.cloud/entity/L31767-F4	lemma/115099	Mood#Ind|Number#Sing|Person#3|Tense#Pres|VerbForm#Fin|Voice#Act
005.SCG*LB2.CP-7++4.N.10.6-2.10-1W16	oportet	Q20968	https://lilamorph.wikibase.cloud/entity/L31767-F4	lemma/115099	Mood#Ind|Number#Sing|Person#3|Tense#Pres|VerbForm#Fin|Voice#Act
005.SCG*LB4.CP-1++9.N.-2.1-1.3-5W5	oportet	Q21007	https://lilamorph.wikibase.cloud/entity/L31767-F4	lemma/115099	Aspect#Imp|Mood#Ind|Number#Sing|Person#3|Tense#Pres|VerbForm#Fin|Voice#Act
005.SCG*LB3.CP-9++2.N.-6.9-1.12-4W19	oportet	Q21024	https://lilamorph.wikibase.cloud/entity/L31767-F4	lemma/115099	Mood#Ind|Number#Sing|Person#3|Tense#Pres|VerbForm#Fin|Voice#Act
005.SCG*LB3.CP-9++4.N.-7.6-4.8-4W3	oportet	Q21181	https://lilamorph.wikibase.cloud/entity/L31767-F4	lemma/115099	Mood#Ind|Number#Sing|Person#3|Tense#Pres|VerbForm#Fin|Voice#Act
005.SCG*LB2.CP-6++0.N.--.1-1.3-3W4	sortitur	Q21247	https://lilamorph.wikibase.cloud/entity/L33654-F68	lemma/125212	Mood#Ind|Number#Sing|Person#3|Tense#Pres|VerbForm#Fin|Voice#Pass
005.SCG*LB4.CP-5++3.N.-3.1-2.3-4W8	oportuit	Q21249	https://lilamorph.wikibase.cloud/entity/L31767-F128	lemma/115099	Aspect#Perf|Mood#Ind|Number#Sing|Person#3|Tense#Past|VerbForm#Fin|Voice#Act
005.SCG*LB3.CP14++5.N.-2.9-1.11-1W1	oportet	Q21254	https://lilamorph.wikibase.cloud/entity/L31767-F4	lemma/115099	Mood#Ind|Number#Sing|Person#3|Tense#Pres|VerbForm#Fin|Voice#Act
005.SCG*LB1.CP-6++5.N.-4.17-1.18-1W1	oportet	Q21257	https://lilamorph.wikibase.cloud/entity/L31767-F4	lemma/115099	Mood#Ind|Number#Sing|Person#3|Tense#Pres|VerbForm#Fin|Voice#Act
005.SCG*LB2.CP-2++1.N.-7.7-1.11-1W18	operetur	Q21275	https://lilamorph.wikibase.cloud/entity/L31761-F75	lemma/115029	Mood#Sub|Number#Sing|Person#3|Tense#Pres|VerbForm#Fin|Voice#Pass
005.SCG*LB3.CP11++1.N.-1.23-1.27-3W18	operandi	Q21286	https://lilamorph.wikibase.cloud/entity/L31761-F261	lemma/115029	Case#Gen|Degree#Pos|Number#Sing|VerbForm#Ger|Voice#Pass
005.SCG*LB4.CP-8++2.N.-4.4-1.6-1W8	moreretur	Q21288	https://lilamorph.wikibase.cloud/entity/L31378-F103	lemma/112797	Aspect#Imp|Mood#Sub|Number#Sing|Person#3|Tense#Imp|VerbForm#Fin|Voice#Pass
005.SCG*LB3.CP15++1.N.-6.5-3.9-5W7	oporteat	Q21325	https://lilamorph.wikibase.cloud/entity/L31767-F10	lemma/115099	Mood#Sub|Number#Sing|Person#3|Tense#Pres|VerbForm#Fin|Voice#Act
005.SCG*LB1.CP-2++0.N.30.10-5.13-1W7	oportet	Q21391	https://lilamorph.wikibase.cloud/entity/L31767-F4	lemma/115099	Mood#Ind|Number#Sing|Person#3|Tense#Pres|VerbForm#Fin|Voice#Act
005.SCG*LB2.CP-7++3.N.12.4-8.7-3W20	sortitur	Q21433	https://lilamorph.wikibase.cloud/entity/L33654-F68	lemma/125212	Mood#Ind|Number#Sing|Person#3|Tense#Pres|VerbForm#Fin|Voice#Pass
005.SCG*LB4.CP-1++6.N.11.1-2.3-1W8	oportet	Q21485	https://lilamorph.wikibase.cloud/entity/L31767-F4	lemma/115099	Aspect#Imp|Mood#Ind|Number#Sing|Person#3|Tense#Pres|VerbForm#Fin|Voice#Act
005.SCG*LB3.CP15++4.N.-8.20-3.22-3W3	profecti	Q21536	https://lilamorph.wikibase.cloud/entity/L32684-F166	lemma/119714	Aspect#Perf|Case#Nom|Degree#Pos|Gender#Masc|Number#Plur|Tense#Past|VerbForm#Part|Voice#Pass
005.SCG*LB3.CP--++5.N.-3.3-1.9-2W9	operatur	Q21537	https://lilamorph.wikibase.cloud/entity/L31761-F68	lemma/115029	Mood#Ind|Number#Sing|Person#3|Tense#Pres|VerbForm#Fin|Voice#Pass
005.SCG*LB4.CP-1++1.N.10.1-1.5-3W26	oportet	Q21586	https://lilamorph.wikibase.cloud/entity/L31767-F4	lemma/115099	Aspect#Imp|Mood#Ind|Number#Sing|Person#3|Tense#Pres|VerbForm#Fin|Voice#Act
005.SCG*LB4.CP-2++9.N.-2.8-2.11-1W1	mentitur	Q21598	https://lilamorph.wikibase.cloud/entity/L31306-F68	lemma/112073	Aspect#Imp|Mood#Ind|Number#Sing|Person#3|Tense#Pres|VerbForm#Fin|Voice#Pass
005.SCG*LB2.CP-7++5.N.-2.7-2.11-7W19	oportet	Q21615	https://lilamorph.wikibase.cloud/entity/L31767-F4	lemma/115099	Mood#Ind|Number#Sing|Person#3|Tense#Pres|VerbForm#Fin|Voice#Act
005.SCG*LB3.CP-1++2.N.-3.10-1.12-1W9	oportet	Q21630	https://lilamorph.wikibase.cloud/entity/L31767-F4	lemma/115099	Mood#Ind|Number#Sing|Person#3|Tense#Pres|VerbForm#Fin|Voice#Act
005.SCG*LB3.CP13++5.N.18.1-1.8-6W11	oportet	Q21651	https://lilamorph.wikibase.cloud/entity/L31767-F4	lemma/115099	Mood#Ind|Number#Sing|Person#3|Tense#Pres|VerbForm#Fin|Voice#Act
005.SCG*LB2.CP-8++3.N.25.3-3.9-2W7	experimur	Q21691	https://lilamorph.wikibase.cloud/entity/L29780-F69	lemma/102165	Mood#Ind|Number#Plur|Person#1|Tense#Pres|VerbForm#Fin|Voice#Pass
005.SCG*LB4.CP-3++4.N.12.16-3.17-8W14	mortuum	Q21724	https://lilamorph.wikibase.cloud/entity/L31378-F181	lemma/112797	Aspect#Perf|Case#Acc|Degree#Pos|Gender#Masc|Number#Sing|Tense#Past|VerbForm#Part|Voice#Pass
005.SCG*LB4.CP-8++1.N.11.9-3.10-7W11	operari	Q21728	https://lilamorph.wikibase.cloud/entity/L31761-F64	lemma/115029	Aspect#Imp|Tense#Pres|VerbForm#Inf|Voice#Pass
005.SCG*LB4.CP-8++1.N.-5.8-1.10-1W17	operatur	Q21759	https://lilamorph.wikibase.cloud/entity/L31761-F68	lemma/115029	Aspect#Imp|Mood#Ind|Number#Sing|Person#3|Tense#Pres|VerbForm#Fin|Voice#Pass
005.SCG*LB2.CP-5++5.N.11.16-1.16-5W1	oportet	Q21770	https://lilamorph.wikibase.cloud/entity/L31767-F4	lemma/115099	Mood#Ind|Number#Sing|Person#3|Tense#Pres|VerbForm#Fin|Voice#Act
005.SCG*LB3.CP14++1.N.-9.1-1.5-7W4	oporteat	Q21773	https://lilamorph.wikibase.cloud/entity/L31767-F10	lemma/115099	Mood#Sub|Number#Sing|Person#3|Tense#Pres|VerbForm#Fin|Voice#Act
005.SCG*LB3.CP12++8.N.-6.25-6.28-6W15	loqueris	Q21774	https://lilamorph.wikibase.cloud/entity/L31185-F68	lemma/110806	Mood#Ind|Number#Sing|Person#2|Tense#Pres|VerbForm#Fin|Voice#Pass
005.SCG*LB1.CP-7++0.N.-2.8-3.11-2W14	oportet	Q21802	https://lilamorph.wikibase.cloud/entity/L31767-F4	lemma/115099	Mood#Ind|Number#Sing|Person#3|Tense#Pres|VerbForm#Fin|Voice#Act
005.SCG*LB3.CP10++5.N.-4.11-2.14-4W6	sortiri	Q21815	https://lilamorph.wikibase.cloud/entity/L33654-F64	lemma/125212	Tense#Pres|VerbForm#Inf|Voice#Pass
005.SCG*LB3.CP-9++2.N.-4.11-2.13-1W9	operatur	Q21826	https://lilamorph.wikibase.cloud/entity/L31761-F68	lemma/115029	Mood#Ind|Number#Sing|Person#3|Tense#Pres|VerbForm#Fin|Voice#Pass
005.SCG*LB2.CP-1++6.N.11.1-2.3-1W7	oportet	Q21849	https://lilamorph.wikibase.cloud/entity/L31767-F4	lemma/115099	Mood#Ind|Number#Sing|Person#3|Tense#Pres|VerbForm#Fin|Voice#Act
005.SCG*LB2.CP-3++4.N.-3.10-5.13-5W18	oportet	Q21857	https://lilamorph.wikibase.cloud/entity/L31767-F4	lemma/115099	Mood#Ind|Number#Sing|Person#3|Tense#Pres|VerbForm#Fin|Voice#Act
005.SCG*LB2.CP-7++6.N.16.11-1.16-3W19	patitur	Q21861	https://lilamorph.wikibase.cloud/entity/L31871-F68	lemma/116223	Mood#Ind|Number#Sing|Person#3|Tense#Pres|VerbForm#Fin|Voice#Pass
005.SCG*LB1.CP-9++9.N.-5.3-1.5-1W12	patitur	Q21913	https://lilamorph.wikibase.cloud/entity/L31871-F68	lemma/116223	Mood#Ind|Number#Sing|Person#3|Tense#Pres|VerbForm#Fin|Voice#Pass
005.SCG*LB2.CP-3++3.N.-4.10-7.13-1W2	oportet	Q21938	https://lilamorph.wikibase.cloud/entity/L31767-F4	lemma/115099	Mood#Ind|Number#Sing|Person#3|Tense#Pres|VerbForm#Fin|Voice#Act
005.SCG*LB3.CP--++8.N.-8.16-2.17-3W4	oportet	Q21939	https://lilamorph.wikibase.cloud/entity/L31767-F4	lemma/115099	Mood#Ind|Number#Sing|Person#3|Tense#Pres|VerbForm#Fin|Voice#Act
005.SCG*LB1.CP-2++3.N.-3.7-4.8-6W5	oportet	Q21961	https://lilamorph.wikibase.cloud/entity/L31767-F4	lemma/115099	Mood#Ind|Number#Sing|Person#3|Tense#Pres|VerbForm#Fin|Voice#Act
005.SCG*LB3.CP-9++4.N.-8.5-5.8-3W11	largiatur	Q21965	https://lilamorph.wikibase.cloud/entity/L31096-F75	lemma/109941	Mood#Sub|Number#Sing|Person#3|Tense#Pres|VerbForm#Fin|Voice#Pass
005.SCG*LB1.CP-1++3.N.35.12-6.13-6W1	oportet	Q21985	https://lilamorph.wikibase.cloud/entity/L31767-F4	lemma/115099	Mood#Ind|Number#Sing|Person#3|Tense#Pres|VerbForm#Fin|Voice#Act
005.SCG*LB4.CP-1++8.N.-7.18-4.20-2W5	loquimini	Q22007	https://lilamorph.wikibase.cloud/entity/L31185-F71	lemma/110806	Aspect#Imp|Mood#Ind|Number#Plur|Person#2|Tense#Pres|VerbForm#Fin|Voice#Pass
005.SCG*LB4.CP--++4.N.15.13-4.16-4W6	protestatus	Q22018	https://lilamorph.wikibase.cloud/entity/L32808-F189	lemma/120148	Aspect#Perf|Case#Nom|Degree#Pos|Gender#Masc|Number#Sing|Tense#Past|VerbForm#Part|Voice#Pass
005.SCG*LB3.CP15++0.N.-3.3-5.5-5W8	oportet	Q22082	https://lilamorph.wikibase.cloud/entity/L31767-F4	lemma/115099	Mood#Ind|Number#Sing|Person#3|Tense#Pres|VerbForm#Fin|Voice#Act
005.SCG*LB3.CP10++2.N.-5.12-6.18-1W20	oportet	Q22093	https://lilamorph.wikibase.cloud/entity/L31767-F4	lemma/115099	Mood#Ind|Number#Sing|Person#3|Tense#Pres|VerbForm#Fin|Voice#Act
005.SCG*LB3.CP-9++2.N.11.13-3.16-3W6	oportet	Q22110	https://lilamorph.wikibase.cloud/entity/L31767-F4	lemma/115099	Mood#Ind|Number#Sing|Person#3|Tense#Pres|VerbForm#Fin|Voice#Act
005.SCG*LB3.CP-2++3.N.-3.24-5.27-1W9	oportet	Q22115	https://lilamorph.wikibase.cloud/entity/L31767-F4	lemma/115099	Mood#Ind|Number#Sing|Person#3|Tense#Pres|VerbForm#Fin|Voice#Act
005.SCG*LB1.CP-3++2.N.-6.10-2.11-3W1	oportet	Q22137	https://lilamorph.wikibase.cloud/entity/L31767-F4	lemma/115099	Mood#Ind|Number#Sing|Person#3|Tense#Pres|VerbForm#Fin|Voice#Act
005.SCG*LB2.CP-7++9.N.-4.6-1.9-6W12	operatur	Q22201	https://lilamorph.wikibase.cloud/entity/L31761-F68	lemma/115029	Mood#Ind|Number#Sing|Person#3|Tense#Pres|VerbForm#Fin|Voice#Pass
005.SCG*LB2.CP-1++6.N.10.4-4.5-5W1	oportet	Q22220	https://lilamorph.wikibase.cloud/entity/L31767-F4	lemma/115099	Mood#Ind|Number#Sing|Person#3|Tense#Pres|VerbForm#Fin|Voice#Act
005.SCG*LB2.CP-9++2.N.-5.3-3.5-5W1	oportet	Q22264	https://lilamorph.wikibase.cloud/entity/L31767-F4	lemma/115099	Mood#Ind|Number#Sing|Person#3|Tense#Pres|VerbForm#Fin|Voice#Act
005.SCG*LB2.CP-4++6.N.-6.11-5.15-6W14	oportuit	Q22268	https://lilamorph.wikibase.cloud/entity/L31767-F128	lemma/115099	Aspect#Perf|Mood#Ind|Number#Sing|Person#3|Tense#Past|VerbForm#Fin|Voice#Act
005.SCG*LB3.CP-5++4.N.12.4-1.6-3W13	oportet	Q22284	https://lilamorph.wikibase.cloud/entity/L31767-F4	lemma/115099	Mood#Ind|Number#Sing|Person#3|Tense#Pres|VerbForm#Fin|Voice#Act
005.SCG*LB3.CP12++8.N.-2.17-2.18-4W1	oportuit	Q22296	https://lilamorph.wikibase.cloud/entity/L31767-F128	lemma/115099	Aspect#Perf|Mood#Ind|Number#Sing|Person#3|Tense#Past|VerbForm#Fin|Voice#Act
005.SCG*LB3.CP15++2.N.-4.22-3.25-5W1	oportet	Q22298	https://lilamorph.wikibase.cloud/entity/L31767-F4	lemma/115099	Mood#Ind|Number#Sing|Person#3|Tense#Pres|VerbForm#Fin|Voice#Act
005.SCG*LB2.CP-6++2.N.-6.1-2.3-7W5	pati	Q22299	https://lilamorph.wikibase.cloud/entity/L31871-F64	lemma/116223	Tense#Pres|VerbForm#Inf|Voice#Pass
005.SCG*LB4.CP-9++0.N.-9.5-6.6-3W4	morietur	Q22329	https://lilamorph.wikibase.cloud/entity/L31378-F156	lemma/112797	Aspect#Imp|Mood#Ind|Number#Sing|Person#3|Tense#Fut|VerbForm#Fin|Voice#Pass
005.SCG*LB2.CP-1++8.N.-4.4-2.6-4W10	oportet	Q22386	https://lilamorph.wikibase.cloud/entity/L31767-F4	lemma/115099	Mood#Ind|Number#Sing|Person#3|Tense#Pres|VerbForm#Fin|Voice#Act
005.SCG*LB3.CP11++2.N.-7.3-6.6-5W9	oportet	Q22400	https://lilamorph.wikibase.cloud/entity/L31767-F4	lemma/115099	Mood#Ind|Number#Sing|Person#3|Tense#Pres|VerbForm#Fin|Voice#Act
005.SCG*LB2.CP-9++8.N.14.11-1.12-1W2	oportet	Q22403	https://lilamorph.wikibase.cloud/entity/L31767-F4	lemma/115099	Mood#Ind|Number#Sing|Person#3|Tense#Pres|VerbForm#Fin|Voice#Act
005.SCG*LB3.CP15++3.N.-3.4-5.8-2W10	oportet	Q22431	https://lilamorph.wikibase.cloud/entity/L31767-F4	lemma/115099	Mood#Ind|Number#Sing|Person#3|Tense#Pres|VerbForm#Fin|Voice#Act
005.SCG*LB3.CP14++4.N.-2.6-1.7-7W5	oportet	Q22444	https://lilamorph.wikibase.cloud/entity/L31767-F4	lemma/115099	Mood#Ind|Number#Sing|Person#3|Tense#Pres|VerbForm#Fin|Voice#Act
005.SCG*LB4.CP-4++9.N.-8.2-5.5-5W3	oportet	Q22447	https://lilamorph.wikibase.cloud/entity/L31767-F4	lemma/115099	Aspect#Imp|Mood#Ind|Number#Sing|Person#3|Tense#Pres|VerbForm#Fin|Voice#Act
005.SCG*LB4.CP-7++5.N.-2.10-1.17-1W34	oportet	Q22457	https://lilamorph.wikibase.cloud/entity/L31767-F4	lemma/115099	Aspect#Imp|Mood#Ind|Number#Sing|Person#3|Tense#Pres|VerbForm#Fin|Voice#Act
005.SCG*LB3.CP13++5.N.18.1-1.8-6W15	sectantur	Q22497	https://lilamorph.wikibase.cloud/entity/L33553-F71	lemma/123965	Mood#Ind|Number#Plur|Person#3|Tense#Pres|VerbForm#Fin|Voice#Pass
005.SCG*LB3.CP-1++7.N.-5.1-2.8-5W5	oportet	Q22505	https://lilamorph.wikibase.cloud/entity/L31767-F4	lemma/115099	Mood#Ind|Number#Sing|Person#3|Tense#Pres|VerbForm#Fin|Voice#Act
005.SCG*LB4.CP-2++7.N.-4.4-5.10-6W28	mortuis	Q22580	https://lilamorph.wikibase.cloud/entity/L31378-F190	lemma/112797	Aspect#Perf|Case#Abl|Degree#Pos|Gender#Masc|Number#Plur|Tense#Past|VerbForm#Part|Voice#Pass
005.SCG*LB4.CP-5++6.N.-1.1-1.5-1W21	oportet	Q22597	https://lilamorph.wikibase.cloud/entity/L31767-F4	lemma/115099	Aspect#Imp|Mood#Ind|Number#Sing|Person#3|Tense#Pres|VerbForm#Fin|Voice#Act
005.SCG*LB3.CP-6++7.N.-6.7-2.8-3W1	oportet	Q22598	https://lilamorph.wikibase.cloud/entity/L31767-F4	lemma/115099	Mood#Ind|Number#Sing|Person#3|Tense#Pres|VerbForm#Fin|Voice#Act
005.SCG*LB3.CP13++5.N.24.1-1.6-3W20	sortiantur	Q22623	https://lilamorph.wikibase.cloud/entity/L33654-F78	lemma/125212	Mood#Sub|Number#Plur|Person#3|Tense#Pres|VerbForm#Fin|Voice#Pass
005.SCG*LB1.CP-3++1.N.-2.22-4.26-4W31	imitamur	Q22683	https://lilamorph.wikibase.cloud/entity/L30349-F122	lemma/106366	Mood#Ind|Number#Plur|Person#1|Tense#Pres|VerbForm#Fin|Voice#Pass
005.SCG*LB3.CP10++4.N.-5.1-1.4-4W6	imaginatis	Q22693	https://lilamorph.wikibase.cloud/entity/L30338-F217	lemma/106317	Aspect#Perf|Case#Abl|Degree#Pos|Gender#Fem|Number#Plur|Tense#Past|VerbForm#Part|Voice#Pass
005.SCG*LB3.CP-3++8.N.-6.8-2.11-4W11	oportet	Q22695	https://lilamorph.wikibase.cloud/entity/L31767-F4	lemma/115099	Mood#Ind|Number#Sing|Person#3|Tense#Pres|VerbForm#Fin|Voice#Act
005.SCG*LB3.CP-2++3.N.-3.21-2.22-2W1	oportebit	Q22702	https://lilamorph.wikibase.cloud/entity/L31767-F109	lemma/115099	Mood#Ind|Number#Sing|Person#3|Tense#Fut|VerbForm#Fin|Voice#Act
005.SCG*LB3.CP15++6.N.-3.4-2.9-4W27	mortuum	Q22722	https://lilamorph.wikibase.cloud/entity/L31378-F181	lemma/112797	Aspect#Perf|Case#Acc|Degree#Pos|Gender#Masc|Number#Sing|Tense#Past|VerbForm#Part|Voice#Pass
005.SCG*LB2.CP-7++0.N.-6.1-1.5-4W14	oportebit	Q22802	https://lilamorph.wikibase.cloud/entity/L31767-F109	lemma/115099	Mood#Ind|Number#Sing|Person#3|Tense#Fut|VerbForm#Fin|Voice#Act
005.SCG*LB2.CP-5++9.N.12.1-2.2-4W6	oportet	Q22851	https://lilamorph.wikibase.cloud/entity/L31767-F4	lemma/115099	Mood#Ind|Number#Sing|Person#3|Tense#Pres|VerbForm#Fin|Voice#Act
005.SCG*LB4.CP-3++4.N.17.7-2.10-1W11	oportebit	Q22877	https://lilamorph.wikibase.cloud/entity/L31767-F109	lemma/115099	Aspect#Imp|Mood#Ind|Number#Sing|Person#3|Tense#Fut|VerbForm#Fin|Voice#Act
005.SCG*LB1.CP-6++7.N.-6.5-3.10-3W10	oportet	Q22888	https://lilamorph.wikibase.cloud/entity/L31767-F4	lemma/115099	Mood#Ind|Number#Sing|Person#3|Tense#Pres|VerbForm#Fin|Voice#Act
005.SCG*LB2.CP-6++0.N.10.3-6.6-4W8	pati	Q22987	https://lilamorph.wikibase.cloud/entity/L31871-F64	lemma/116223	Tense#Pres|VerbForm#Inf|Voice#Pass
005.SCG*LB1.CP-9++1.N.-5.6-6.12-2W25	experimur	Q23038	https://lilamorph.wikibase.cloud/entity/L29780-F69	lemma/102165	Mood#Ind|Number#Plur|Person#1|Tense#Pres|VerbForm#Fin|Voice#Pass
005.SCG*LB4.CP-3++4.N.-2.48-1.50-6W7	oportet	Q23055	https://lilamorph.wikibase.cloud/entity/L31767-F4	lemma/115099	Aspect#Imp|Mood#Ind|Number#Sing|Person#3|Tense#Pres|VerbForm#Fin|Voice#Act
005.SCG*LB4.CP-2++4.N.-7.13-2.14-7W1	oportet	Q23081	https://lilamorph.wikibase.cloud/entity/L31767-F4	lemma/115099	Aspect#Imp|Mood#Ind|Number#Sing|Person#3|Tense#Pres|VerbForm#Fin|Voice#Act
005.SCG*LB4.CP-1++7.N.-5.9-3.13-6W20	mortuis	Q23103	https://lilamorph.wikibase.cloud/entity/L31378-F190	lemma/112797	Aspect#Perf|Case#Abl|Degree#Pos|Gender#Masc|Number#Plur|Tense#Past|VerbForm#Part|Voice#Pass
005.SCG*LB4.CP-3++4.N.-4.5-4.6-3W1	locutus	Q23110	https://lilamorph.wikibase.cloud/entity/L31185-F165	lemma/110806	Aspect#Perf|Case#Nom|Degree#Pos|Gender#Masc|Number#Sing|Tense#Past|VerbForm#Part|Voice#Pass
005.SCG*LB3.CP14++1.N.-1.10-4.12-6W2	oportet	Q23118	https://lilamorph.wikibase.cloud/entity/L31767-F4	lemma/115099	Mood#Ind|Number#Sing|Person#3|Tense#Pres|VerbForm#Fin|Voice#Act
005.SCG*LB4.CP-1++3.N.-4.5-4.9-7W18	oportet	Q23132	https://lilamorph.wikibase.cloud/entity/L31767-F4	lemma/115099	Aspect#Imp|Mood#Ind|Number#Sing|Person#3|Tense#Pres|VerbForm#Fin|Voice#Act
005.SCG*LB4.CP-7++1.N.-8.9-1.12-7W29	consolemini	Q9057	https://lilamorph.wikibase.cloud/entity/L28273-F77	lemma/96097	Aspect#Imp|Mood#Sub|Number#Plur|Person#2|Tense#Pres|VerbForm#Fin|Voice#Pass
005.SCG*LB1.CP-6++3.N.-4.13-2.16-1W3	oportet	Q23190	https://lilamorph.wikibase.cloud/entity/L31767-F4	lemma/115099	Mood#Ind|Number#Sing|Person#3|Tense#Pres|VerbForm#Fin|Voice#Act
005.SCG*LB2.CP-6++0.N.12.7-6.9-6W9	oportet	Q23195	https://lilamorph.wikibase.cloud/entity/L31767-F4	lemma/115099	Mood#Ind|Number#Sing|Person#3|Tense#Pres|VerbForm#Fin|Voice#Act
005.SCG*LB2.CP-7++5.N.-2.27-2.28-6W9	operetur	Q23203	https://lilamorph.wikibase.cloud/entity/L31761-F75	lemma/115029	Mood#Sub|Number#Sing|Person#3|Tense#Pres|VerbForm#Fin|Voice#Pass
005.SCG*LB4.CP-4++4.N.-3.16-1.16-7W2	oportuit	Q23228	https://lilamorph.wikibase.cloud/entity/L31767-F128	lemma/115099	Aspect#Perf|Mood#Ind|Number#Sing|Person#3|Tense#Past|VerbForm#Fin|Voice#Act
005.SCG*LB4.CP-8++2.N.-5.16-5.18-1W1	oportet	Q23270	https://lilamorph.wikibase.cloud/entity/L31767-F4	lemma/115099	Aspect#Imp|Mood#Ind|Number#Sing|Person#3|Tense#Pres|VerbForm#Fin|Voice#Act
005.SCG*LB2.CP-8++0.N.-8.8-1.11-5W6	oportet	Q23280	https://lilamorph.wikibase.cloud/entity/L31767-F4	lemma/115099	Mood#Ind|Number#Sing|Person#3|Tense#Pres|VerbForm#Fin|Voice#Act
005.SCG*LB1.CP-4++3.N.13.32-5.34-4W1	oportet	Q23301	https://lilamorph.wikibase.cloud/entity/L31767-F4	lemma/115099	Mood#Ind|Number#Sing|Person#3|Tense#Pres|VerbForm#Fin|Voice#Act
005.SCG*LB2.CP-6++0.N.-6.9-8.12-5W13	oportet	Q23326	https://lilamorph.wikibase.cloud/entity/L31767-F4	lemma/115099	Mood#Ind|Number#Sing|Person#3|Tense#Pres|VerbForm#Fin|Voice#Act
005.SCG*LB3.CP13++2.N.-1.1-1.5-1W20	sectantur	Q23341	https://lilamorph.wikibase.cloud/entity/L33553-F71	lemma/123965	Mood#Ind|Number#Plur|Person#3|Tense#Pres|VerbForm#Fin|Voice#Pass
005.SCG*LB4.CP-5++2.N.-1.10-4.12-2W1	patitur	Q23347	https://lilamorph.wikibase.cloud/entity/L31871-F68	lemma/116223	Aspect#Imp|Mood#Ind|Number#Sing|Person#3|Tense#Pres|VerbForm#Fin|Voice#Pass
005.SCG*LB4.CP-1++4.N.-4.4-3.6-4W11	oportet	Q23348	https://lilamorph.wikibase.cloud/entity/L31767-F4	lemma/115099	Aspect#Imp|Mood#Ind|Number#Sing|Person#3|Tense#Pres|VerbForm#Fin|Voice#Act
005.SCG*LB2.CP-6++8.N.11.9-1.11-7W4	imaginari	Q23439	https://lilamorph.wikibase.cloud/entity/L30338-F64	lemma/106317	Tense#Pres|VerbForm#Inf|Voice#Pass
005.SCG*LB3.CP14++9.N.-2.7-5.9-3W4	operatur	Q23542	https://lilamorph.wikibase.cloud/entity/L31761-F68	lemma/115029	Mood#Ind|Number#Sing|Person#3|Tense#Pres|VerbForm#Fin|Voice#Pass
005.SCG*LB4.CP-3++3.N.-6.12-3.18-5W47	locutum	Q23545	https://lilamorph.wikibase.cloud/entity/L31185-F167	lemma/110806	Aspect#Perf|Case#Nom|Degree#Pos|Gender#Neut|Number#Sing|Tense#Past|VerbForm#Part|Voice#Pass
005.SCG*LB2.CP-8++0.N.-6.26-4.29-3W14	operantur	Q23602	https://lilamorph.wikibase.cloud/entity/L31761-F71	lemma/115029	Mood#Ind|Number#Plur|Person#3|Tense#Pres|VerbForm#Fin|Voice#Pass
005.SCG*LB2.CP-5++7.N.-6.6-1.12-7W10	operati	Q23603	https://lilamorph.wikibase.cloud/entity/L31761-F197	lemma/115029	Aspect#Perf|Case#Gen|Degree#Pos|Gender#Neut|Number#Sing|Tense#Past|VerbForm#Part|Voice#Pass
005.SCG*LB2.CP-2++5.N.19.4-5.5-4W2	oportet	Q23633	https://lilamorph.wikibase.cloud/entity/L31767-F4	lemma/115099	Mood#Ind|Number#Sing|Person#3|Tense#Pres|VerbForm#Fin|Voice#Act
005.SCG*LB4.CP-1++1.N.10.5-4.7-7W8	oportet	Q23660	https://lilamorph.wikibase.cloud/entity/L31767-F4	lemma/115099	Aspect#Imp|Mood#Ind|Number#Sing|Person#3|Tense#Pres|VerbForm#Fin|Voice#Act
005.SCG*LB4.CP-5++5.N.13.1-1.4-5W2	oportuit	Q23672	https://lilamorph.wikibase.cloud/entity/L31767-F128	lemma/115099	Aspect#Perf|Mood#Ind|Number#Sing|Person#3|Tense#Past|VerbForm#Fin|Voice#Act
005.SCG*LB2.CP-5++5.N.-9.1-2.2-6W10	patitur	Q23678	https://lilamorph.wikibase.cloud/entity/L31871-F68	lemma/116223	Mood#Ind|Number#Sing|Person#3|Tense#Pres|VerbForm#Fin|Voice#Pass
005.SCG*LB4.CP-2++6.N.-1.1-1.5-6W9	oportet	Q23685	https://lilamorph.wikibase.cloud/entity/L31767-F4	lemma/115099	Aspect#Imp|Mood#Ind|Number#Sing|Person#3|Tense#Pres|VerbForm#Fin|Voice#Act
005.SCG*LB3.CP13++6.N.10.4-1.5-2W3	oportet	Q23701	https://lilamorph.wikibase.cloud/entity/L31767-F4	lemma/115099	Mood#Ind|Number#Sing|Person#3|Tense#Pres|VerbForm#Fin|Voice#Act
005.SCG*LB3.CP15++4.N.23.5-1.7-4W16	locutos	Q23723	https://lilamorph.wikibase.cloud/entity/L31185-F186	lemma/110806	Aspect#Perf|Case#Acc|Degree#Pos|Gender#Masc|Number#Plur|Tense#Past|VerbForm#Part|Voice#Pass
005.SCG*LB3.CP11++7.N.-3.6-2.8-1W1	oportet	Q23724	https://lilamorph.wikibase.cloud/entity/L31767-F4	lemma/115099	Mood#Ind|Number#Sing|Person#3|Tense#Pres|VerbForm#Fin|Voice#Act
005.SCG*LB4.CP-1++0.N.-8.1-2.5-1W20	oportet	Q23742	https://lilamorph.wikibase.cloud/entity/L31767-F4	lemma/115099	Aspect#Imp|Mood#Ind|Number#Sing|Person#3|Tense#Pres|VerbForm#Fin|Voice#Act
005.SCG*LB3.CP13++5.N.10.6-1.14-4W51	oporteat	Q23754	https://lilamorph.wikibase.cloud/entity/L31767-F10	lemma/115099	Mood#Sub|Number#Sing|Person#3|Tense#Pres|VerbForm#Fin|Voice#Act
005.SCG*LB4.CP-7++3.N.-5.8-5.9-5W1	oportet	Q23756	https://lilamorph.wikibase.cloud/entity/L31767-F4	lemma/115099	Aspect#Imp|Mood#Ind|Number#Sing|Person#3|Tense#Pres|VerbForm#Fin|Voice#Act
005.SCG*LB3.CP-2++3.N.-7.1-2.5-1W12	oportet	Q23783	https://lilamorph.wikibase.cloud/entity/L31767-F4	lemma/115099	Mood#Ind|Number#Sing|Person#3|Tense#Pres|VerbForm#Fin|Voice#Act
005.SCG*LB2.CP-7++9.N.13.12-5.15-3W6	loquatur	Q23786	https://lilamorph.wikibase.cloud/entity/L31185-F77	lemma/110806	Mood#Sub|Number#Sing|Person#3|Tense#Pres|VerbForm#Fin|Voice#Pass
005.SCG*LB3.CP13++6.N.-9.11-5.14-3W10	oportet	Q23791	https://lilamorph.wikibase.cloud/entity/L31767-F4	lemma/115099	Mood#Ind|Number#Sing|Person#3|Tense#Pres|VerbForm#Fin|Voice#Act
005.SCG*LB4.CP--++2.N.-2.14-5.16-1W4	mortuos	Q23826	https://lilamorph.wikibase.cloud/entity/L31378-F184	lemma/112797	Aspect#Perf|Case#Acc|Degree#Pos|Gender#Masc|Number#Plur|Tense#Past|VerbForm#Part|Voice#Pass
005.SCG*LB2.CP-2++8.N.-7.4-6.6-1W7	operatur	Q23833	https://lilamorph.wikibase.cloud/entity/L31761-F68	lemma/115029	Mood#Ind|Number#Sing|Person#3|Tense#Pres|VerbForm#Fin|Voice#Pass
005.SCG*LB4.CP-8++4.N.-4.3-4.4-5W1	oportet	Q23852	https://lilamorph.wikibase.cloud/entity/L31767-F4	lemma/115099	Aspect#Imp|Mood#Ind|Number#Sing|Person#3|Tense#Pres|VerbForm#Fin|Voice#Act
005.SCG*LB1.CP-7++2.N.-6.10-2.11-1W1	oportet	Q23903	https://lilamorph.wikibase.cloud/entity/L31767-F4	lemma/115099	Mood#Ind|Number#Sing|Person#3|Tense#Pres|VerbForm#Fin|Voice#Act
005.SCG*LB3.CP-7++4.N.-5.10-1.12-4W12	oportet	Q23928	https://lilamorph.wikibase.cloud/entity/L31767-F4	lemma/115099	Mood#Ind|Number#Sing|Person#3|Tense#Pres|VerbForm#Fin|Voice#Act
005.SCG*LB3.CP-2++1.N.-3.3-3.4-6W9	largitur	Q23950	https://lilamorph.wikibase.cloud/entity/L31096-F68	lemma/109941	Mood#Ind|Number#Sing|Person#3|Tense#Pres|VerbForm#Fin|Voice#Pass
005.SCG*LB3.CP11++7.N.-2.1-1.2-7W1	oportet	Q24020	https://lilamorph.wikibase.cloud/entity/L31767-F4	lemma/115099	Mood#Ind|Number#Sing|Person#3|Tense#Pres|VerbForm#Fin|Voice#Act
005.SCG*LB3.CP15++8.N.-7.7-1.8-7W15	pateretur	Q24069	https://lilamorph.wikibase.cloud/entity/L31871-F103	lemma/116223	Aspect#Imp|Mood#Sub|Number#Sing|Person#3|Tense#Imp|VerbForm#Fin|Voice#Pass
005.SCG*LB2.CP-6++0.N.11.1-2.8-3W10	operetur	Q24076	https://lilamorph.wikibase.cloud/entity/L31761-F75	lemma/115029	Mood#Sub|Number#Sing|Person#3|Tense#Pres|VerbForm#Fin|Voice#Pass
005.SCG*LB3.CP--++8.N.-8.20-4.23-1W5	sortitur	Q24097	https://lilamorph.wikibase.cloud/entity/L33654-F68	lemma/125212	Mood#Ind|Number#Sing|Person#3|Tense#Pres|VerbForm#Fin|Voice#Pass
005.SCG*LB4.CP-5++5.N.13.29-2.32-5W18	moriendo	Q24147	https://lilamorph.wikibase.cloud/entity/L31378-F205	lemma/112797	Aspect#Perf|Case#Abl|Degree#Pos|Number#Sing|VerbForm#Ger|Voice#Pass
005.SCG*LB2.CP-7++6.N.16.16-4.20-2W1	oportet	Q24201	https://lilamorph.wikibase.cloud/entity/L31767-F4	lemma/115099	Mood#Ind|Number#Sing|Person#3|Tense#Pres|VerbForm#Fin|Voice#Act
005.SCG*LB3.CP13++6.N.15.4-3.9-5W22	oportebat	Q24204	https://lilamorph.wikibase.cloud/entity/L31767-F83	lemma/115099	Aspect#Imp|Mood#Ind|Number#Sing|Person#3|Tense#Imp|VerbForm#Fin|Voice#Act
005.SCG*LB3.CP11++9.N.-1.1-1.9-1W53	contemplanda	Q9317	https://lilamorph.wikibase.cloud/entity/L28325-F288	lemma/96239	Case#Acc|Degree#Pos|Gender#Neut|Number#Plur|VerbForm#Gdv|Voice#Pass
005.SCG*LB2.CP-6++0.N.12.1-2.2-2W5	operatur	Q24224	https://lilamorph.wikibase.cloud/entity/L31761-F68	lemma/115029	Mood#Ind|Number#Sing|Person#3|Tense#Pres|VerbForm#Fin|Voice#Pass
005.SCG*LB4.CP-1++0.N.-3.1-2.3-1W6	oportet	Q24227	https://lilamorph.wikibase.cloud/entity/L31767-F4	lemma/115099	Aspect#Imp|Mood#Ind|Number#Sing|Person#3|Tense#Pres|VerbForm#Fin|Voice#Act
005.SCG*LB2.CP-7++4.N.16.12-5.13-6W6	operari	Q24263	https://lilamorph.wikibase.cloud/entity/L31761-F64	lemma/115029	Tense#Pres|VerbForm#Inf|Voice#Pass
005.SCG*LB1.CP-1++8.N.-7.1-2.2-3W4	oportet	Q24268	https://lilamorph.wikibase.cloud/entity/L31767-F4	lemma/115099	Mood#Ind|Number#Sing|Person#3|Tense#Pres|VerbForm#Fin|Voice#Act
005.SCG*LB2.CP-8++0.N.-2.5-5.8-2W2	oportet	Q24275	https://lilamorph.wikibase.cloud/entity/L31767-F4	lemma/115099	Mood#Ind|Number#Sing|Person#3|Tense#Pres|VerbForm#Fin|Voice#Act
005.SCG*LB4.CP-1++3.N.-6.1-1.5-3W16	oportet	Q24278	https://lilamorph.wikibase.cloud/entity/L31767-F4	lemma/115099	Aspect#Imp|Mood#Ind|Number#Sing|Person#3|Tense#Pres|VerbForm#Fin|Voice#Act
005.SCG*LB4.CP-8++2.N.-3.3-1.6-1W7	morientur	Q24285	https://lilamorph.wikibase.cloud/entity/L31378-F159	lemma/112797	Aspect#Imp|Mood#Ind|Number#Plur|Person#3|Tense#Fut|VerbForm#Fin|Voice#Pass
005.SCG*LB4.CP-3++0.N.-7.1-2.3-5W10	testatur	Q24304	https://lilamorph.wikibase.cloud/entity/L34289-F68	lemma/127997	Aspect#Imp|Mood#Ind|Number#Sing|Person#3|Tense#Pres|VerbForm#Fin|Voice#Pass
005.SCG*LB1.CP-4++9.N.-1.1-1.3-5W20	oportet	Q24327	https://lilamorph.wikibase.cloud/entity/L31767-F4	lemma/115099	Mood#Ind|Number#Sing|Person#3|Tense#Pres|VerbForm#Fin|Voice#Act
005.SCG*LB1.CP-3++1.N.-2.30-4.33-1W1	imitatur	Q24360	https://lilamorph.wikibase.cloud/entity/L30349-F120	lemma/106366	Mood#Ind|Number#Sing|Person#3|Tense#Pres|VerbForm#Fin|Voice#Pass
005.SCG*LB4.CP-7++8.N.-5.1-1.4-1W14	oportet	Q24425	https://lilamorph.wikibase.cloud/entity/L31767-F4	lemma/115099	Aspect#Imp|Mood#Ind|Number#Sing|Person#3|Tense#Pres|VerbForm#Fin|Voice#Act
005.SCG*LB1.CP-2++1.N.-2.7-2.9-2W9	oportet	Q24431	https://lilamorph.wikibase.cloud/entity/L31767-F4	lemma/115099	Mood#Ind|Number#Sing|Person#3|Tense#Pres|VerbForm#Fin|Voice#Act
005.SCG*LB2.CP-8++3.N.27.14-4.15-2W6	reminiscitur	Q24467	https://lilamorph.wikibase.cloud/entity/L33168-F68	lemma/122601	Mood#Ind|Number#Sing|Person#3|Tense#Pres|VerbForm#Fin|Voice#Pass
005.SCG*LB2.CP-2++1.N.10.15-8.16-9W1	oportet	Q24469	https://lilamorph.wikibase.cloud/entity/L31767-F4	lemma/115099	Mood#Ind|Number#Sing|Person#3|Tense#Pres|VerbForm#Fin|Voice#Act
005.SCG*LB2.CP--++1.N.-4.5-4.11-1W24	oportet	Q24501	https://lilamorph.wikibase.cloud/entity/L31767-F4	lemma/115099	Mood#Ind|Number#Sing|Person#3|Tense#Pres|VerbForm#Fin|Voice#Act
005.SCG*LB2.CP-8++0.N.13.20-2.22-3W13	reminisci	Q24503	https://lilamorph.wikibase.cloud/entity/L33168-F64	lemma/122601	Tense#Pres|VerbForm#Inf|Voice#Pass
005.SCG*LB3.CP-8++0.N.-4.3-4.5-1W1	oportet	Q24505	https://lilamorph.wikibase.cloud/entity/L31767-F4	lemma/115099	Mood#Ind|Number#Sing|Person#3|Tense#Pres|VerbForm#Fin|Voice#Act
005.SCG*LB2.CP-5++5.N.-5.1-2.2-7W6	oportet	Q24507	https://lilamorph.wikibase.cloud/entity/L31767-F4	lemma/115099	Mood#Ind|Number#Sing|Person#3|Tense#Pres|VerbForm#Fin|Voice#Act
005.SCG*LB2.CP-2++3.N.10.5-2.10-3W17	oportet	Q24527	https://lilamorph.wikibase.cloud/entity/L31767-F4	lemma/115099	Mood#Ind|Number#Sing|Person#3|Tense#Pres|VerbForm#Fin|Voice#Act
005.SCG*LB4.CP--++6.N.15.1-1.4-4W7	suspicati	Q24541	https://lilamorph.wikibase.cloud/entity/L34218-F192	lemma/127135	Aspect#Perf|Case#Nom|Degree#Pos|Gender#Masc|Number#Plur|Tense#Past|VerbForm#Part|Voice#Pass
005.SCG*LB4.CP-8++1.N.13.1-1.4-1W16	vescantur	Q24569	https://lilamorph.wikibase.cloud/entity/L34556-F78	lemma/129986	Aspect#Imp|Mood#Sub|Number#Plur|Person#3|Tense#Pres|VerbForm#Fin|Voice#Pass
005.SCG*LB3.CP13++9.N.-6.1-2.3-6W9	oportet	Q24576	https://lilamorph.wikibase.cloud/entity/L31767-F4	lemma/115099	Mood#Ind|Number#Sing|Person#3|Tense#Pres|VerbForm#Fin|Voice#Act
005.SCG*LB3.CP-7++5.N.10.13-5.16-4W10	oportet	Q24601	https://lilamorph.wikibase.cloud/entity/L31767-F4	lemma/115099	Mood#Ind|Number#Sing|Person#3|Tense#Pres|VerbForm#Fin|Voice#Act
005.SCG*LB4.CP-7++9.N.-4.4-5.8-3W14	mortuis	Q24639	https://lilamorph.wikibase.cloud/entity/L31378-F190	lemma/112797	Aspect#Perf|Case#Abl|Degree#Pos|Gender#Masc|Number#Plur|Tense#Past|VerbForm#Part|Voice#Pass
005.SCG*LB2.CP-6++0.N.15.8-2.9-6W2	oportet	Q24673	https://lilamorph.wikibase.cloud/entity/L31767-F4	lemma/115099	Mood#Ind|Number#Sing|Person#3|Tense#Pres|VerbForm#Fin|Voice#Act
005.SCG*LB2.CP-3++4.N.-2.16-7.18-3W7	oportet	Q24700	https://lilamorph.wikibase.cloud/entity/L31767-F4	lemma/115099	Mood#Ind|Number#Sing|Person#3|Tense#Pres|VerbForm#Fin|Voice#Act
005.SCG*LB2.CP-8++9.N.-9.7-4.15-4W27	oportet	Q24714	https://lilamorph.wikibase.cloud/entity/L31767-F4	lemma/115099	Mood#Ind|Number#Sing|Person#3|Tense#Pres|VerbForm#Fin|Voice#Act
005.SCG*LB3.CP-9++5.N.14.19-7.20-4W5	oportet	Q24741	https://lilamorph.wikibase.cloud/entity/L31767-F4	lemma/115099	Mood#Ind|Number#Sing|Person#3|Tense#Pres|VerbForm#Fin|Voice#Act
005.SCG*LB2.CP-2++1.N.10.1-2.9-1W11	oportet	Q24787	https://lilamorph.wikibase.cloud/entity/L31767-F4	lemma/115099	Mood#Ind|Number#Sing|Person#3|Tense#Pres|VerbForm#Fin|Voice#Act
005.SCG*LB2.CP-3++5.N.-2.1-1.4-1W3	oportet	Q24790	https://lilamorph.wikibase.cloud/entity/L31767-F4	lemma/115099	Mood#Ind|Number#Sing|Person#3|Tense#Pres|VerbForm#Fin|Voice#Act
005.SCG*LB2.CP-9++6.N.-4.6-4.8-1W3	oportet	Q24801	https://lilamorph.wikibase.cloud/entity/L31767-F4	lemma/115099	Mood#Ind|Number#Sing|Person#3|Tense#Pres|VerbForm#Fin|Voice#Act
005.SCG*LB4.CP-3++3.N.-4.3-5.5-4W1	oportet	Q24818	https://lilamorph.wikibase.cloud/entity/L31767-F4	lemma/115099	Aspect#Imp|Mood#Ind|Number#Sing|Person#3|Tense#Pres|VerbForm#Fin|Voice#Act
005.SCG*LB1.CP-9++5.N.-4.3-1.5-2W5	patitur	Q24823	https://lilamorph.wikibase.cloud/entity/L31871-F68	lemma/116223	Mood#Ind|Number#Sing|Person#3|Tense#Pres|VerbForm#Fin|Voice#Pass
005.SCG*LB4.CP-8++3.N.16.32-2.33-3W2	mortuorum	Q24845	https://lilamorph.wikibase.cloud/entity/L31378-F172	lemma/112797	Aspect#Perf|Case#Gen|Degree#Pos|Gender#Masc|Number#Plur|Tense#Past|VerbForm#Part|Voice#Pass
005.SCG*LB3.CP10++3.N.-9.11-1.14-5W17	sortiuntur	Q24858	https://lilamorph.wikibase.cloud/entity/L33654-F71	lemma/125212	Mood#Ind|Number#Plur|Person#3|Tense#Pres|VerbForm#Fin|Voice#Pass
005.SCG*LB3.CP-4++1.N.-4.7-6.10-1W1	oportet	Q24871	https://lilamorph.wikibase.cloud/entity/L31767-F4	lemma/115099	Mood#Ind|Number#Sing|Person#3|Tense#Pres|VerbForm#Fin|Voice#Act
005.SCG*LB2.CP-9++9.N.-2.1-1.5-1W16	oportet	Q24883	https://lilamorph.wikibase.cloud/entity/L31767-F4	lemma/115099	Mood#Ind|Number#Sing|Person#3|Tense#Pres|VerbForm#Fin|Voice#Act
005.SCG*LB1.CP-5++8.N.-8.1-1.2-5W5	oportet	Q24889	https://lilamorph.wikibase.cloud/entity/L31767-F4	lemma/115099	Mood#Ind|Number#Sing|Person#3|Tense#Pres|VerbForm#Fin|Voice#Act
005.SCG*LB4.CP-1++7.N.14.9-3.10-8W5	loquimini	Q24911	https://lilamorph.wikibase.cloud/entity/L31185-F71	lemma/110806	Aspect#Imp|Mood#Ind|Number#Plur|Person#2|Tense#Pres|VerbForm#Fin|Voice#Pass
005.SCG*LB2.CP-3++2.N.-4.3-2.6-1W10	oporteret	Q24936	https://lilamorph.wikibase.cloud/entity/L31767-F89	lemma/115099	Aspect#Imp|Mood#Sub|Number#Sing|Person#3|Tense#Imp|VerbForm#Fin|Voice#Act
005.SCG*LB2.CP-7++3.N.13.1-2.6-1W7	oportet	Q24982	https://lilamorph.wikibase.cloud/entity/L31767-F4	lemma/115099	Mood#Ind|Number#Sing|Person#3|Tense#Pres|VerbForm#Fin|Voice#Act
005.SCG*LB2.CP-8++4.N.-4.30-4.32-3W9	oportet	Q25019	https://lilamorph.wikibase.cloud/entity/L31767-F4	lemma/115099	Mood#Ind|Number#Sing|Person#3|Tense#Pres|VerbForm#Fin|Voice#Act
005.SCG*LB4.CP-3++6.N.10.11-1.14-1W14	patiendo	Q25046	https://lilamorph.wikibase.cloud/entity/L31871-F205	lemma/116223	Aspect#Perf|Case#Abl|Degree#Pos|Number#Sing|VerbForm#Ger|Voice#Pass
005.SCG*LB4.CP-3++4.N.12.11-1.12-4W9	operatus	Q25049	https://lilamorph.wikibase.cloud/entity/L31761-F189	lemma/115029	Aspect#Perf|Case#Nom|Degree#Pos|Gender#Masc|Number#Sing|Tense#Past|VerbForm#Part|Voice#Pass
005.SCG*LB3.CP-7++6.N.-4.10-1.13-6W18	oportet	Q25152	https://lilamorph.wikibase.cloud/entity/L31767-F4	lemma/115099	Mood#Ind|Number#Sing|Person#3|Tense#Pres|VerbForm#Fin|Voice#Act
005.SCG*LB4.CP-3++2.N.10.5-1.7-3W1	oportet	Q25154	https://lilamorph.wikibase.cloud/entity/L31767-F4	lemma/115099	Aspect#Imp|Mood#Ind|Number#Sing|Person#3|Tense#Pres|VerbForm#Fin|Voice#Act
005.SCG*LB3.CP-8++8.N.-5.8-4.12-2W15	oportet	Q25157	https://lilamorph.wikibase.cloud/entity/L31767-F4	lemma/115099	Mood#Ind|Number#Sing|Person#3|Tense#Pres|VerbForm#Fin|Voice#Act
005.SCG*LB4.CP-1++4.N.14.9-3.11-1W7	oportet	Q25163	https://lilamorph.wikibase.cloud/entity/L31767-F4	lemma/115099	Aspect#Imp|Mood#Ind|Number#Sing|Person#3|Tense#Pres|VerbForm#Fin|Voice#Act
005.SCG*LB3.CP10++0.N.-6.8-5.11-3W12	operetur	Q25166	https://lilamorph.wikibase.cloud/entity/L31761-F75	lemma/115029	Mood#Sub|Number#Sing|Person#3|Tense#Pres|VerbForm#Fin|Voice#Pass
005.SCG*LB4.CP-8++1.N.11.11-1.12-4W11	operari	Q25180	https://lilamorph.wikibase.cloud/entity/L31761-F64	lemma/115029	Aspect#Imp|Tense#Pres|VerbForm#Inf|Voice#Pass
005.SCG*LB3.CP--++8.N.-8.18-4.20-3W1	oportet	Q25203	https://lilamorph.wikibase.cloud/entity/L31767-F4	lemma/115099	Mood#Ind|Number#Sing|Person#3|Tense#Pres|VerbForm#Fin|Voice#Act
005.SCG*LB1.CP--++2.N.-1.4-1.8-4W27	morabitur	Q25209	https://lilamorph.wikibase.cloud/entity/L31379-F156	lemma/112803	Mood#Ind|Number#Sing|Person#3|Tense#Fut|VerbForm#Fin|Voice#Pass
005.SCG*LB2.CP-8++9.N.15.12-3.19-5W12	operato	Q25249	https://lilamorph.wikibase.cloud/entity/L31761-F215	lemma/115029	Aspect#Perf|Case#Abl|Degree#Pos|Gender#Neut|Number#Sing|Tense#Past|VerbForm#Part|Voice#Pass
005.SCG*LB3.CP-7++5.N.14.7-3.8-7W1	oportet	Q25257	https://lilamorph.wikibase.cloud/entity/L31767-F4	lemma/115099	Mood#Ind|Number#Sing|Person#3|Tense#Pres|VerbForm#Fin|Voice#Act
005.SCG*LB3.CP-6++5.N.-5.13-2.15-2W3	oportet	Q25286	https://lilamorph.wikibase.cloud/entity/L31767-F4	lemma/115099	Mood#Ind|Number#Sing|Person#3|Tense#Pres|VerbForm#Fin|Voice#Act
005.SCG*LB4.CP-3++3.N.-4.6-1.7-4W5	oportet	Q25325	https://lilamorph.wikibase.cloud/entity/L31767-F4	lemma/115099	Aspect#Imp|Mood#Ind|Number#Sing|Person#3|Tense#Pres|VerbForm#Fin|Voice#Act
005.SCG*LB3.CP-9++5.N.17.7-3.8-4W6	morieris	Q25389	https://lilamorph.wikibase.cloud/entity/L31378-F155	lemma/112797	Mood#Ind|Number#Sing|Person#2|Tense#Fut|VerbForm#Fin|Voice#Pass
005.SCG*LB3.CP14++0.N.-4.10-5.11-5W1	oportet	Q25414	https://lilamorph.wikibase.cloud/entity/L31767-F4	lemma/115099	Mood#Ind|Number#Sing|Person#3|Tense#Pres|VerbForm#Fin|Voice#Act
005.SCG*LB4.CP-8++1.N.-7.21-2.24-7W1	oportet	Q25458	https://lilamorph.wikibase.cloud/entity/L31767-F4	lemma/115099	Aspect#Imp|Mood#Ind|Number#Sing|Person#3|Tense#Pres|VerbForm#Fin|Voice#Act
005.SCG*LB4.CP-2++4.N.-8.11-1.13-3W1	oportet	Q25476	https://lilamorph.wikibase.cloud/entity/L31767-F4	lemma/115099	Aspect#Imp|Mood#Ind|Number#Sing|Person#3|Tense#Pres|VerbForm#Fin|Voice#Act
005.SCG*LB4.CP-3++5.N.-1.1-1.7-1W10	oportet	Q25481	https://lilamorph.wikibase.cloud/entity/L31767-F4	lemma/115099	Aspect#Imp|Mood#Ind|Number#Sing|Person#3|Tense#Pres|VerbForm#Fin|Voice#Act
005.SCG*LB3.CP13++2.N.14.5-3.9-3W6	oporteret	Q25504	https://lilamorph.wikibase.cloud/entity/L31767-F89	lemma/115099	Aspect#Imp|Mood#Sub|Number#Sing|Person#3|Tense#Imp|VerbForm#Fin|Voice#Act
005.SCG*LB4.CP-6++9.N.-3.5-6.6-6W2	epulemur	Q25520	https://lilamorph.wikibase.cloud/entity/L29533-F152	lemma/101350	Aspect#Imp|Mood#Sub|Number#Plur|Person#1|Tense#Pres|VerbForm#Fin|Voice#Pass
005.SCG*LB3.CP-5++1.N.-5.4-5.8-1W14	imaginemur	Q25530	https://lilamorph.wikibase.cloud/entity/L30338-F76	lemma/106317	Mood#Sub|Number#Plur|Person#1|Tense#Pres|VerbForm#Fin|Voice#Pass
005.SCG*LB2.CP-6++0.N.-2.8-6.12-4W9	oportet	Q25628	https://lilamorph.wikibase.cloud/entity/L31767-F4	lemma/115099	Mood#Ind|Number#Sing|Person#3|Tense#Pres|VerbForm#Fin|Voice#Act
005.SCG*LB4.CP-8++3.N.15.5-7.10-4W39	mortuis	Q25640	https://lilamorph.wikibase.cloud/entity/L31378-F190	lemma/112797	Aspect#Perf|Case#Abl|Degree#Pos|Gender#Masc|Number#Plur|Tense#Past|VerbForm#Part|Voice#Pass
005.SCG*LB4.CP-1++7.N.23.12-5.16-2W13	operari	Q25657	https://lilamorph.wikibase.cloud/entity/L31761-F64	lemma/115029	Aspect#Imp|Tense#Pres|VerbForm#Inf|Voice#Pass
005.SCG*LB3.CP-4++1.N.10.4-3.9-3W19	oportet	Q25743	https://lilamorph.wikibase.cloud/entity/L31767-F4	lemma/115099	Mood#Ind|Number#Sing|Person#3|Tense#Pres|VerbForm#Fin|Voice#Act
005.SCG*LB1.CP-4++4.N.-8.14-6.16-7W16	oportet	Q25793	https://lilamorph.wikibase.cloud/entity/L31767-F4	lemma/115099	Mood#Ind|Number#Sing|Person#3|Tense#Pres|VerbForm#Fin|Voice#Act
005.SCG*LB3.CP14++0.N.-4.17-4.24-2W6	oportet	Q25813	https://lilamorph.wikibase.cloud/entity/L31767-F4	lemma/115099	Mood#Ind|Number#Sing|Person#3|Tense#Pres|VerbForm#Fin|Voice#Act
005.SCG*LB2.CP-3++6.N.-6.10-2.14-1W2	oportebit	Q25817	https://lilamorph.wikibase.cloud/entity/L31767-F109	lemma/115099	Mood#Ind|Number#Sing|Person#3|Tense#Fut|VerbForm#Fin|Voice#Act
005.SCG*LB4.CP-3++4.N.11.3-6.6-2W21	moritur	Q25837	https://lilamorph.wikibase.cloud/entity/L31378-F68	lemma/112797	Aspect#Imp|Mood#Ind|Number#Sing|Person#3|Tense#Pres|VerbForm#Fin|Voice#Pass
005.SCG*LB1.CP-2++0.N.21.15-3.16-4W4	oportet	Q25840	https://lilamorph.wikibase.cloud/entity/L31767-F4	lemma/115099	Mood#Ind|Number#Sing|Person#3|Tense#Pres|VerbForm#Fin|Voice#Act
005.SCG*LB1.CP-9++1.N.-4.23-1.26-2W14	imitantur	Q25847	https://lilamorph.wikibase.cloud/entity/L30349-F126	lemma/106366	Mood#Ind|Number#Plur|Person#3|Tense#Pres|VerbForm#Fin|Voice#Pass
005.SCG*LB4.CP-3++4.N.14.32-2.33-6W12	passus	Q25851	https://lilamorph.wikibase.cloud/entity/L31871-F163	lemma/116223	Aspect#Perf|Case#Nom|Degree#Pos|Gender#Masc|Number#Sing|Tense#Past|VerbForm#Part|Voice#Pass
005.SCG*LB4.CP-2++4.N.-9.27-2.29-6W1	oportet	Q25855	https://lilamorph.wikibase.cloud/entity/L31767-F4	lemma/115099	Aspect#Imp|Mood#Ind|Number#Sing|Person#3|Tense#Pres|VerbForm#Fin|Voice#Act
005.SCG*LB4.CP-8++4.N.14.1-2.3-4W4	oportet	Q25865	https://lilamorph.wikibase.cloud/entity/L31767-F4	lemma/115099	Aspect#Imp|Mood#Ind|Number#Sing|Person#3|Tense#Pres|VerbForm#Fin|Voice#Act
005.SCG*LB2.CP-4++2.N.-6.1-2.5-7W22	oportet	Q25868	https://lilamorph.wikibase.cloud/entity/L31767-F4	lemma/115099	Mood#Ind|Number#Sing|Person#3|Tense#Pres|VerbForm#Fin|Voice#Act
005.SCG*LB3.CP15++5.N.-8.5-3.7-7W12	exhortetur	Q25892	https://lilamorph.wikibase.cloud/entity/L29732-F75	lemma/102034	Mood#Sub|Number#Sing|Person#3|Tense#Pres|VerbForm#Fin|Voice#Pass
005.SCG*LB1.CP--++1.N.-4.10-1.12-5W14	testatur	Q25895	https://lilamorph.wikibase.cloud/entity/L34289-F68	lemma/127997	Mood#Ind|Number#Sing|Person#3|Tense#Pres|VerbForm#Fin|Voice#Pass
005.SCG*LB4.CP-3++2.N.-9.12-4.15-2W1	oportet	Q25923	https://lilamorph.wikibase.cloud/entity/L31767-F4	lemma/115099	Aspect#Imp|Mood#Ind|Number#Sing|Person#3|Tense#Pres|VerbForm#Fin|Voice#Act
005.SCG*LB4.CP-3++9.N.-1.14-4.18-8W25	oportet	Q25980	https://lilamorph.wikibase.cloud/entity/L31767-F4	lemma/115099	Aspect#Imp|Mood#Ind|Number#Sing|Person#3|Tense#Pres|VerbForm#Fin|Voice#Act
005.SCG*LB4.CP-1++7.N.18.3-3.6-2W17	loquebatur	Q25991	https://lilamorph.wikibase.cloud/entity/L31185-F98	lemma/110806	Aspect#Imp|Mood#Ind|Number#Sing|Person#3|Tense#Imp|VerbForm#Fin|Voice#Pass
005.SCG*LB1.CP-1++2.N.-8.1-1.4-4W10	oportet	Q25995	https://lilamorph.wikibase.cloud/entity/L31767-F4	lemma/115099	Mood#Ind|Number#Sing|Person#3|Tense#Pres|VerbForm#Fin|Voice#Act
005.SCG*LB3.CP12++2.N.-9.1-1.10-1W3	oportet	Q26066	https://lilamorph.wikibase.cloud/entity/L31767-F4	lemma/115099	Mood#Ind|Number#Sing|Person#3|Tense#Pres|VerbForm#Fin|Voice#Act
005.SCG*LB3.CP13++3.N.-1.15-4.17-4W1	oportet	Q26128	https://lilamorph.wikibase.cloud/entity/L31767-F4	lemma/115099	Mood#Ind|Number#Sing|Person#3|Tense#Pres|VerbForm#Fin|Voice#Act
005.SCG*LB4.CP-5++7.N.-1.10-1.12-4W10	oportuit	Q26129	https://lilamorph.wikibase.cloud/entity/L31767-F128	lemma/115099	Aspect#Perf|Mood#Ind|Number#Sing|Person#3|Tense#Past|VerbForm#Fin|Voice#Act
005.SCG*LB3.CP15++5.N.10.12-5.17-3W25	operandum	Q26167	https://lilamorph.wikibase.cloud/entity/L31761-F263	lemma/115029	Case#Acc|Degree#Pos|Number#Sing|VerbForm#Ger|Voice#Pass
005.SCG*LB2.CP-4++6.N.-2.6-2.8-6W11	oportet	Q26178	https://lilamorph.wikibase.cloud/entity/L31767-F4	lemma/115099	Mood#Ind|Number#Sing|Person#3|Tense#Pres|VerbForm#Fin|Voice#Act
005.SCG*LB4.CP-5++5.N.11.57-1.63-4W25	oportuit	Q26187	https://lilamorph.wikibase.cloud/entity/L31767-F128	lemma/115099	Aspect#Perf|Mood#Ind|Number#Sing|Person#3|Tense#Past|VerbForm#Fin|Voice#Act
005.SCG*LB3.CP-7++8.N.-6.5-5.7-4W7	operantur	Q26213	https://lilamorph.wikibase.cloud/entity/L31761-F71	lemma/115029	Mood#Ind|Number#Plur|Person#3|Tense#Pres|VerbForm#Fin|Voice#Pass
005.SCG*LB4.CP-1++1.N.17.1-1.5-3W25	oportet	Q26215	https://lilamorph.wikibase.cloud/entity/L31767-F4	lemma/115099	Aspect#Imp|Mood#Ind|Number#Sing|Person#3|Tense#Pres|VerbForm#Fin|Voice#Act
005.SCG*LB4.CP-4++4.N.-2.7-1.10-2W12	oportuit	Q26262	https://lilamorph.wikibase.cloud/entity/L31767-F128	lemma/115099	Aspect#Perf|Mood#Ind|Number#Sing|Person#3|Tense#Past|VerbForm#Fin|Voice#Act
005.SCG*LB2.CP-2++3.N.-4.5-7.9-2W15	oportet	Q26302	https://lilamorph.wikibase.cloud/entity/L31767-F4	lemma/115099	Mood#Ind|Number#Sing|Person#3|Tense#Pres|VerbForm#Fin|Voice#Act
005.SCG*LB4.CP-8++2.N.-2.7-3.9-6W6	mortui	Q26332	https://lilamorph.wikibase.cloud/entity/L31378-F166	lemma/112797	Aspect#Perf|Case#Nom|Degree#Pos|Gender#Masc|Number#Plur|Tense#Past|VerbForm#Part|Voice#Pass
005.SCG*LB2.CP-6++0.N.-9.1-2.3-5W13	largitur	Q26342	https://lilamorph.wikibase.cloud/entity/L31096-F68	lemma/109941	Mood#Ind|Number#Sing|Person#3|Tense#Pres|VerbForm#Fin|Voice#Pass
005.SCG*LB1.CP-9++3.N.-2.1-1.7-3W9	sortiatur	Q26398	https://lilamorph.wikibase.cloud/entity/L33654-F75	lemma/125212	Mood#Sub|Number#Sing|Person#3|Tense#Pres|VerbForm#Fin|Voice#Pass
005.SCG*LB3.CP15++5.N.-5.6-7.8-3W2	oportet	Q26414	https://lilamorph.wikibase.cloud/entity/L31767-F4	lemma/115099	Mood#Ind|Number#Sing|Person#3|Tense#Pres|VerbForm#Fin|Voice#Act
005.SCG*LB1.CP-6++5.N.-5.3-2.6-5W8	oportet	Q26419	https://lilamorph.wikibase.cloud/entity/L31767-F4	lemma/115099	Mood#Ind|Number#Sing|Person#3|Tense#Pres|VerbForm#Fin|Voice#Act
005.SCG*LB3.CP-6++5.N.-2.5-4.11-5W20	operantur	Q26421	https://lilamorph.wikibase.cloud/entity/L31761-F71	lemma/115029	Mood#Ind|Number#Plur|Person#3|Tense#Pres|VerbForm#Fin|Voice#Pass
005.SCG*LB4.CP-5++0.N.-3.21-4.23-3W7	moriuntur	Q26432	https://lilamorph.wikibase.cloud/entity/L31378-F71	lemma/112797	Aspect#Imp|Mood#Ind|Number#Plur|Person#3|Tense#Pres|VerbForm#Fin|Voice#Pass
005.SCG*LB4.CP-2++1.N.-2.7-2.9-4W19	imitatur	Q26439	https://lilamorph.wikibase.cloud/entity/L30349-F120	lemma/106366	Aspect#Imp|Mood#Ind|Number#Sing|Person#3|Tense#Pres|VerbForm#Fin|Voice#Pass
005.SCG*LB2.CP-7++5.N.-3.5-1.9-3W13	oportet	Q26473	https://lilamorph.wikibase.cloud/entity/L31767-F4	lemma/115099	Mood#Ind|Number#Sing|Person#3|Tense#Pres|VerbForm#Fin|Voice#Act
005.SCG*LB1.CP-1++3.N.-7.16-2.18-1W2	oportet	Q26509	https://lilamorph.wikibase.cloud/entity/L31767-F4	lemma/115099	Mood#Ind|Number#Sing|Person#3|Tense#Pres|VerbForm#Fin|Voice#Act
005.SCG*LB3.CP-9++9.N.-2.25-1.27-2W3	operatur	Q26543	https://lilamorph.wikibase.cloud/entity/L31761-F68	lemma/115029	Mood#Ind|Number#Sing|Person#3|Tense#Pres|VerbForm#Fin|Voice#Pass
005.SCG*LB2.CP-2++0.N.-4.1-2.8-6W5	oporteat	Q26569	https://lilamorph.wikibase.cloud/entity/L31767-F10	lemma/115099	Mood#Sub|Number#Sing|Person#3|Tense#Pres|VerbForm#Fin|Voice#Act
005.SCG*LB2.CP-9++1.N.-3.1-2.3-1W8	oportet	Q26598	https://lilamorph.wikibase.cloud/entity/L31767-F4	lemma/115099	Mood#Ind|Number#Sing|Person#3|Tense#Pres|VerbForm#Fin|Voice#Act
005.SCG*LB2.CP-8++0.N.-4.8-7.12-2W22	mortuorum	Q26625	https://lilamorph.wikibase.cloud/entity/L31378-F172	lemma/112797	Aspect#Perf|Case#Gen|Degree#Pos|Gender#Masc|Number#Plur|Tense#Past|VerbForm#Part|Voice#Pass
005.SCG*LB4.CP-8++0.N.-6.1-2.4-4W8	vesci	Q26626	https://lilamorph.wikibase.cloud/entity/L34556-F64	lemma/129986	Aspect#Imp|Tense#Pres|VerbForm#Inf|Voice#Pass
005.SCG*LB3.CP-1++0.N.-2.1-1.5-1W21	oportet	Q26698	https://lilamorph.wikibase.cloud/entity/L31767-F4	lemma/115099	Mood#Ind|Number#Sing|Person#3|Tense#Pres|VerbForm#Fin|Voice#Act
005.SCG*LB3.CP13++5.N.13.15-2.15-7W4	operari	Q26762	https://lilamorph.wikibase.cloud/entity/L31761-F64	lemma/115029	Tense#Pres|VerbForm#Inf|Voice#Pass
005.SCG*LB3.CP13++8.N.-5.5-4.10-5W25	fornicetur	Q26780	https://lilamorph.wikibase.cloud/entity/L30056-F75	lemma/103677	Mood#Sub|Number#Sing|Person#3|Tense#Pres|VerbForm#Fin|Voice#Pass
005.SCG*LB4.CP-7++9.N.-4.12-2.13-4W8	mortuorum	Q26794	https://lilamorph.wikibase.cloud/entity/L31378-F172	lemma/112797	Aspect#Perf|Case#Gen|Degree#Pos|Gender#Masc|Number#Plur|Tense#Past|VerbForm#Part|Voice#Pass
005.SCG*LB3.CP12++0.N.-1.5-1.10-3W5	opinarentur	Q26815	https://lilamorph.wikibase.cloud/entity/L31764-F106	lemma/115071	Aspect#Imp|Mood#Sub|Number#Plur|Person#3|Tense#Imp|VerbForm#Fin|Voice#Pass
005.SCG*LB4.CP-2++9.N.-8.8-2.9-4W8	locutus	Q26850	https://lilamorph.wikibase.cloud/entity/L31185-F165	lemma/110806	Aspect#Perf|Case#Nom|Degree#Pos|Gender#Masc|Number#Sing|Tense#Past|VerbForm#Part|Voice#Pass
005.SCG*LB2.CP-7++9.N.13.8-4.10-4W15	perscrutandum	Q26853	https://lilamorph.wikibase.cloud/entity/L32136-F267	lemma/117286	Case#Nom|Degree#Pos|Gender#Neut|Number#Sing|VerbForm#Gdv|Voice#Pass
005.SCG*LB4.CP-9++6.N.-4.8-2.9-4W11	imitantur	Q26875	https://lilamorph.wikibase.cloud/entity/L30349-F126	lemma/106366	Aspect#Imp|Mood#Ind|Number#Plur|Person#3|Tense#Pres|VerbForm#Fin|Voice#Pass
005.SCG*LB1.CP-9++3.N.12.1-1.4-2W3	oportet	Q26891	https://lilamorph.wikibase.cloud/entity/L31767-F4	lemma/115099	Mood#Ind|Number#Sing|Person#3|Tense#Pres|VerbForm#Fin|Voice#Act
005.SCG*LB3.CP13++2.N.23.9-1.12-2W25	aemulentur	Q1721	https://lilamorph.wikibase.cloud/entity/L26932-F78	lemma/87804	Mood#Sub|Number#Plur|Person#3|Tense#Pres|VerbForm#Fin|Voice#Pass
005.SCG*LB1.CP-2++6.N.-3.3-5.9-4W8	oportet	Q26915	https://lilamorph.wikibase.cloud/entity/L31767-F4	lemma/115099	Mood#Ind|Number#Sing|Person#3|Tense#Pres|VerbForm#Fin|Voice#Act
005.SCG*LB3.CP13++2.N.26.1-1.4-3W12	loqui	Q26927	https://lilamorph.wikibase.cloud/entity/L31185-F65	lemma/110806	Tense#Pres|VerbForm#Inf|Voice#Pass
005.SCG*LB4.CP--++5.N.12.15-2.16-4W7	protestatur	Q26953	https://lilamorph.wikibase.cloud/entity/L32808-F68	lemma/120148	Aspect#Imp|Mood#Ind|Number#Sing|Person#3|Tense#Pres|VerbForm#Fin|Voice#Pass
005.SCG*LB2.CP-6++2.N.11.7-2.8-5W1	oportet	Q26956	https://lilamorph.wikibase.cloud/entity/L31767-F4	lemma/115099	Mood#Ind|Number#Sing|Person#3|Tense#Pres|VerbForm#Fin|Voice#Act
005.SCG*LB3.CP15++4.N.-7.15-1.19-3W7	oportuit	Q27003	https://lilamorph.wikibase.cloud/entity/L31767-F128	lemma/115099	Aspect#Perf|Mood#Ind|Number#Sing|Person#3|Tense#Past|VerbForm#Fin|Voice#Act
005.SCG*LB3.CP-6++7.N.-7.7-1.10-6W17	operatur	Q27007	https://lilamorph.wikibase.cloud/entity/L31761-F68	lemma/115029	Mood#Ind|Number#Sing|Person#3|Tense#Pres|VerbForm#Fin|Voice#Pass
005.SCG*LB4.CP-1++9.N.-6.8-1.8-7W2	oportet	Q27082	https://lilamorph.wikibase.cloud/entity/L31767-F4	lemma/115099	Aspect#Imp|Mood#Ind|Number#Sing|Person#3|Tense#Pres|VerbForm#Fin|Voice#Act
005.SCG*LB4.CP-8++3.N.-5.7-3.10-1W6	mortuorum	Q27115	https://lilamorph.wikibase.cloud/entity/L31378-F172	lemma/112797	Aspect#Perf|Case#Gen|Degree#Pos|Gender#Masc|Number#Plur|Tense#Past|VerbForm#Part|Voice#Pass
005.SCG*LB4.CP--++8.N.-9.75-3.78-4W5	loquendi	Q27129	https://lilamorph.wikibase.cloud/entity/L31185-F201	lemma/110806	Aspect#Perf|Case#Gen|Degree#Pos|Number#Sing|VerbForm#Ger|Voice#Pass
005.SCG*LB4.CP-3++5.N.11.12-2.14-5W14	loquimur	Q27174	https://lilamorph.wikibase.cloud/entity/L31185-F70	lemma/110806	Aspect#Imp|Mood#Ind|Number#Plur|Person#1|Tense#Pres|VerbForm#Fin|Voice#Pass
005.SCG*LB3.CP15++3.N.-1.1-1.3-3W7	oportet	Q27176	https://lilamorph.wikibase.cloud/entity/L31767-F4	lemma/115099	Mood#Ind|Number#Sing|Person#3|Tense#Pres|VerbForm#Fin|Voice#Act
005.SCG*LB2.CP-8++2.N.12.16-1.19-2W5	patiuntur	Q27187	https://lilamorph.wikibase.cloud/entity/L31871-F71	lemma/116223	Mood#Ind|Number#Plur|Person#3|Tense#Pres|VerbForm#Fin|Voice#Pass
005.SCG*LB3.CP-4++3.N.-2.33-1.36-4W1	oportet	Q27191	https://lilamorph.wikibase.cloud/entity/L31767-F4	lemma/115099	Mood#Ind|Number#Sing|Person#3|Tense#Pres|VerbForm#Fin|Voice#Act
005.SCG*LB4.CP-1++1.N.11.24-5.29-5W2	oportet	Q27235	https://lilamorph.wikibase.cloud/entity/L31767-F4	lemma/115099	Aspect#Imp|Mood#Ind|Number#Sing|Person#3|Tense#Pres|VerbForm#Fin|Voice#Act
005.SCG*LB4.CP-1++1.N.18.32-1.37-5W13	oportet	Q27244	https://lilamorph.wikibase.cloud/entity/L31767-F4	lemma/115099	Aspect#Imp|Mood#Ind|Number#Sing|Person#3|Tense#Pres|VerbForm#Fin|Voice#Act
005.SCG*LB3.CP-7++6.N.-7.10-1.17-2W32	oporteret	Q27250	https://lilamorph.wikibase.cloud/entity/L31767-F89	lemma/115099	Aspect#Imp|Mood#Sub|Number#Sing|Person#3|Tense#Imp|VerbForm#Fin|Voice#Act
005.SCG*LB4.CP-1++7.N.23.12-5.16-2W7	operari	Q27261	https://lilamorph.wikibase.cloud/entity/L31761-F64	lemma/115029	Aspect#Imp|Tense#Pres|VerbForm#Inf|Voice#Pass
005.SCG*LB4.CP-7++2.N.-6.1-1.8-6W17	operatur	Q27266	https://lilamorph.wikibase.cloud/entity/L31761-F68	lemma/115029	Aspect#Imp|Mood#Ind|Number#Sing|Person#3|Tense#Pres|VerbForm#Fin|Voice#Pass
005.SCG*LB2.CP-4++3.N.-2.3-5.5-2W9	oportet	Q27281	https://lilamorph.wikibase.cloud/entity/L31767-F4	lemma/115099	Mood#Ind|Number#Sing|Person#3|Tense#Pres|VerbForm#Fin|Voice#Act
005.SCG*LB2.CP-3++4.N.-2.24-1.25-3W2	oportet	Q27302	https://lilamorph.wikibase.cloud/entity/L31767-F4	lemma/115099	Mood#Ind|Number#Sing|Person#3|Tense#Pres|VerbForm#Fin|Voice#Act
005.SCG*LB2.CP-4++7.N.-4.46-4.48-4W7	operandum	Q27379	https://lilamorph.wikibase.cloud/entity/L31761-F263	lemma/115029	Case#Acc|Degree#Pos|Number#Sing|VerbForm#Ger|Voice#Pass
005.SCG*LB1.CP-1++3.N.-7.6-1.9-6W23	oportet	Q27386	https://lilamorph.wikibase.cloud/entity/L31767-F4	lemma/115099	Mood#Ind|Number#Sing|Person#3|Tense#Pres|VerbForm#Fin|Voice#Act
005.SCG*LB2.CP-2++3.N.11.4-4.5-3W2	operatur	Q27408	https://lilamorph.wikibase.cloud/entity/L31761-F68	lemma/115029	Mood#Ind|Number#Sing|Person#3|Tense#Pres|VerbForm#Fin|Voice#Pass
005.SCG*LB2.CP-2++0.N.-6.1-2.3-3W9	oportet	Q27429	https://lilamorph.wikibase.cloud/entity/L31767-F4	lemma/115099	Mood#Ind|Number#Sing|Person#3|Tense#Pres|VerbForm#Fin|Voice#Act
005.SCG*LB2.CP-6++8.N.-9.1-1.7-5W33	sortiuntur	Q27467	https://lilamorph.wikibase.cloud/entity/L33654-F71	lemma/125212	Mood#Ind|Number#Plur|Person#3|Tense#Pres|VerbForm#Fin|Voice#Pass
005.SCG*LB4.CP-8++2.N.-5.1-2.3-5W5	moriantur	Q27540	https://lilamorph.wikibase.cloud/entity/L31378-F78	lemma/112797	Aspect#Imp|Mood#Sub|Number#Plur|Person#3|Tense#Pres|VerbForm#Fin|Voice#Pass
005.SCG*LB2.CP-5++9.N.11.1-2.4-4W22	operato	Q27549	https://lilamorph.wikibase.cloud/entity/L31761-F203	lemma/115029	Aspect#Perf|Case#Dat|Degree#Pos|Gender#Neut|Number#Sing|Tense#Past|VerbForm#Part|Voice#Pass
005.SCG*LB4.CP-3++4.N.-2.74-1.77-6W28	mortuus	Q27568	https://lilamorph.wikibase.cloud/entity/L31378-F163	lemma/112797	Aspect#Perf|Case#Nom|Degree#Pos|Gender#Masc|Number#Sing|Tense#Past|VerbForm#Part|Voice#Pass
005.SCG*LB3.CP-9++9.N.--.1-1.3-4W4	operari	Q27592	https://lilamorph.wikibase.cloud/entity/L31761-F64	lemma/115029	Tense#Pres|VerbForm#Inf|Voice#Pass
005.SCG*LB3.CP-6++0.N.-1.1-1.9-4W28	oportet	Q27608	https://lilamorph.wikibase.cloud/entity/L31767-F4	lemma/115099	Mood#Ind|Number#Sing|Person#3|Tense#Pres|VerbForm#Fin|Voice#Act
005.SCG*LB3.CP10++4.N.-8.1-1.4-1W7	sortitur	Q27616	https://lilamorph.wikibase.cloud/entity/L33654-F68	lemma/125212	Mood#Ind|Number#Sing|Person#3|Tense#Pres|VerbForm#Fin|Voice#Pass
005.SCG*LB3.CP-6++3.N.-3.9-2.11-5W6	operando	Q27625	https://lilamorph.wikibase.cloud/entity/L31761-F264	lemma/115029	Case#Abl|Degree#Pos|Number#Sing|VerbForm#Ger|Voice#Pass
005.SCG*LB3.CP-2++3.N.-4.9-5.12-3W9	oportet	Q27634	https://lilamorph.wikibase.cloud/entity/L31767-F4	lemma/115099	Mood#Ind|Number#Sing|Person#3|Tense#Pres|VerbForm#Fin|Voice#Act
005.SCG*LB4.CP-1++6.N.12.1-2.4-2W14	oportet	Q27656	https://lilamorph.wikibase.cloud/entity/L31767-F4	lemma/115099	Aspect#Imp|Mood#Ind|Number#Sing|Person#3|Tense#Pres|VerbForm#Fin|Voice#Act
005.SCG*LB1.CP-4++2.N.-9.33-1.36-4W5	oportet	Q27673	https://lilamorph.wikibase.cloud/entity/L31767-F4	lemma/115099	Mood#Ind|Number#Sing|Person#3|Tense#Pres|VerbForm#Fin|Voice#Act
005.SCG*LB2.CP-9++8.N.12.9-5.12-2W8	oportet	Q27686	https://lilamorph.wikibase.cloud/entity/L31767-F4	lemma/115099	Mood#Ind|Number#Sing|Person#3|Tense#Pres|VerbForm#Fin|Voice#Act
005.SCG*LB4.CP-7++1.N.-8.16-5.17-4W3	fornicata	Q27722	https://lilamorph.wikibase.cloud/entity/L30056-F190	lemma/103677	Aspect#Perf|Case#Nom|Degree#Pos|Gender#Fem|Number#Sing|Tense#Past|VerbForm#Part|Voice#Pass
005.SCG*LB4.CP-1++3.N.-7.1-1.3-5W8	operatur	Q27745	https://lilamorph.wikibase.cloud/entity/L31761-F68	lemma/115029	Aspect#Imp|Mood#Ind|Number#Sing|Person#3|Tense#Pres|VerbForm#Fin|Voice#Pass
005.SCG*LB1.CP-1++3.N.10.13-1.14-5W4	loquendi	Q27761	https://lilamorph.wikibase.cloud/entity/L31185-F201	lemma/110806	Case#Gen|Degree#Pos|Number#Sing|VerbForm#Ger|Voice#Pass
005.SCG*LB4.CP-7++9.N.-3.3-3.5-4W11	operantur	Q27774	https://lilamorph.wikibase.cloud/entity/L31761-F71	lemma/115029	Aspect#Imp|Mood#Ind|Number#Plur|Person#3|Tense#Pres|VerbForm#Fin|Voice#Pass
005.SCG*LB4.CP-8++2.N.-2.1-1.3-1W3	moriendi	Q27777	https://lilamorph.wikibase.cloud/entity/L31378-F199	lemma/112797	Aspect#Perf|Case#Gen|Degree#Pos|Number#Sing|VerbForm#Ger|Voice#Pass
005.SCG*LB2.CP10++0.N.-3.3-1.4-6W4	operatur	Q27831	https://lilamorph.wikibase.cloud/entity/L31761-F68	lemma/115029	Mood#Ind|Number#Sing|Person#3|Tense#Pres|VerbForm#Fin|Voice#Pass
005.SCG*LB3.CP-3++0.N.-6.3-5.5-1W1	oportet	Q27832	https://lilamorph.wikibase.cloud/entity/L31767-F4	lemma/115099	Mood#Ind|Number#Sing|Person#3|Tense#Pres|VerbForm#Fin|Voice#Act
005.SCG*LB3.CP-6++2.N.-6.7-6.9-6W16	loquamur	Q27849	https://lilamorph.wikibase.cloud/entity/L31185-F78	lemma/110806	Mood#Sub|Number#Plur|Person#1|Tense#Pres|VerbForm#Fin|Voice#Pass
005.SCG*LB4.CP-5++5.N.13.51-6.55-4W23	experiuntur	Q27909	https://lilamorph.wikibase.cloud/entity/L29780-F71	lemma/102165	Aspect#Imp|Mood#Ind|Number#Plur|Person#3|Tense#Pres|VerbForm#Fin|Voice#Pass
005.SCG*LB2.CP-7++6.N.18.11-2.14-5W1	oportet	Q27912	https://lilamorph.wikibase.cloud/entity/L31767-F4	lemma/115099	Mood#Ind|Number#Sing|Person#3|Tense#Pres|VerbForm#Fin|Voice#Act
005.SCG*LB1.CP-9++2.N.-8.4-2.6-4W12	sortiuntur	Q27913	https://lilamorph.wikibase.cloud/entity/L33654-F71	lemma/125212	Mood#Ind|Number#Plur|Person#3|Tense#Pres|VerbForm#Fin|Voice#Pass
005.SCG*LB4.CP-4++0.N.12.1-2.4-4W12	oportet	Q27970	https://lilamorph.wikibase.cloud/entity/L31767-F4	lemma/115099	Aspect#Imp|Mood#Ind|Number#Sing|Person#3|Tense#Pres|VerbForm#Fin|Voice#Act
005.SCG*LB3.CP--++2.N.-4.1-2.4-2W8	oportet	Q28002	https://lilamorph.wikibase.cloud/entity/L31767-F4	lemma/115099	Mood#Ind|Number#Sing|Person#3|Tense#Pres|VerbForm#Fin|Voice#Act
005.SCG*LB4.CP-1++1.N.13.21-5.23-3W1	oportet	Q28037	https://lilamorph.wikibase.cloud/entity/L31767-F4	lemma/115099	Aspect#Imp|Mood#Ind|Number#Sing|Person#3|Tense#Pres|VerbForm#Fin|Voice#Act
005.SCG*LB2.CP-5++2.N.-5.12-3.14-2W8	oportet	Q28092	https://lilamorph.wikibase.cloud/entity/L31767-F4	lemma/115099	Mood#Ind|Number#Sing|Person#3|Tense#Pres|VerbForm#Fin|Voice#Act
005.SCG*LB3.CP-2++5.N.-3.11-4.15-5W15	oportet	Q28105	https://lilamorph.wikibase.cloud/entity/L31767-F4	lemma/115099	Mood#Ind|Number#Sing|Person#3|Tense#Pres|VerbForm#Fin|Voice#Act
005.SCG*LB4.CP-4++3.N.-2.1-1.5-1W14	oportuisset	Q28121	https://lilamorph.wikibase.cloud/entity/L31767-F131	lemma/115099	Aspect#Perf|Mood#Sub|Number#Sing|Person#3|Tense#Pqp|VerbForm#Fin|Voice#Act
005.SCG*LB2.CP-2++1.N.-2.1-1.4-7W18	oportet	Q28139	https://lilamorph.wikibase.cloud/entity/L31767-F4	lemma/115099	Mood#Ind|Number#Sing|Person#3|Tense#Pres|VerbForm#Fin|Voice#Act
005.SCG*LB2.CP-5++5.N.11.3-7.7-3W9	oportet	Q28185	https://lilamorph.wikibase.cloud/entity/L31767-F4	lemma/115099	Mood#Ind|Number#Sing|Person#3|Tense#Pres|VerbForm#Fin|Voice#Act
005.SCG*LB3.CP10++3.N.-6.12-5.13-6W8	loquendo	Q28189	https://lilamorph.wikibase.cloud/entity/L31185-F207	lemma/110806	Case#Abl|Degree#Pos|Number#Sing|VerbForm#Ger|Voice#Pass
005.SCG*LB3.CP14++0.N.-5.22-1.24-3W1	oportet	Q28190	https://lilamorph.wikibase.cloud/entity/L31767-F4	lemma/115099	Mood#Ind|Number#Sing|Person#3|Tense#Pres|VerbForm#Fin|Voice#Act
005.SCG*LB3.CP15++0.N.-7.4-1.9-4W13	oportet	Q28215	https://lilamorph.wikibase.cloud/entity/L31767-F4	lemma/115099	Mood#Ind|Number#Sing|Person#3|Tense#Pres|VerbForm#Fin|Voice#Act
005.SCG*LB4.CP-5++3.N.11.1-2.4-1W11	conversari	Q9979	https://lilamorph.wikibase.cloud/entity/L28399-F64	lemma/96443	Aspect#Imp|Tense#Pres|VerbForm#Inf|Voice#Pass
005.SCG*LB4.CP-1++8.N.-7.18-4.20-2W12	loquitur	Q28258	https://lilamorph.wikibase.cloud/entity/L31185-F69	lemma/110806	Aspect#Imp|Mood#Ind|Number#Sing|Person#3|Tense#Pres|VerbForm#Fin|Voice#Pass
005.SCG*LB3.CP13++2.N.20.2-4.5-4W7	oportet	Q28262	https://lilamorph.wikibase.cloud/entity/L31767-F4	lemma/115099	Mood#Ind|Number#Sing|Person#3|Tense#Pres|VerbForm#Fin|Voice#Act
005.SCG*LB2.CP-5++2.N.-5.9-3.12-2W11	oporteret	Q28274	https://lilamorph.wikibase.cloud/entity/L31767-F89	lemma/115099	Aspect#Imp|Mood#Sub|Number#Sing|Person#3|Tense#Imp|VerbForm#Fin|Voice#Act
005.SCG*LB4.CP-7++4.N.-2.34-4.37-4W13	operatus	Q28392	https://lilamorph.wikibase.cloud/entity/L31761-F189	lemma/115029	Aspect#Perf|Case#Nom|Degree#Pos|Gender#Masc|Number#Sing|Tense#Past|VerbForm#Part|Voice#Pass
005.SCG*LB2.CP10++1.N.-2.24-1.26-1W6	loquendo	Q28405	https://lilamorph.wikibase.cloud/entity/L31185-F207	lemma/110806	Case#Abl|Degree#Pos|Number#Sing|VerbForm#Ger|Voice#Pass
005.SCG*LB4.CP-8++4.N.14.3-5.4-6W1	oportet	Q28434	https://lilamorph.wikibase.cloud/entity/L31767-F4	lemma/115099	Aspect#Imp|Mood#Ind|Number#Sing|Person#3|Tense#Pres|VerbForm#Fin|Voice#Act
005.SCG*LB1.CP-6++0.N.-5.5-2.11-4W44	imitatur	Q28458	https://lilamorph.wikibase.cloud/entity/L30349-F120	lemma/106366	Mood#Ind|Number#Sing|Person#3|Tense#Pres|VerbForm#Fin|Voice#Pass
005.SCG*LB3.CP-2++7.N.-8.6-1.8-4W10	oporteret	Q28464	https://lilamorph.wikibase.cloud/entity/L31767-F89	lemma/115099	Aspect#Imp|Mood#Sub|Number#Sing|Person#3|Tense#Imp|VerbForm#Fin|Voice#Act
005.SCG*LB3.CP-5++5.N.-2.5-1.6-4W1	oportet	Q28471	https://lilamorph.wikibase.cloud/entity/L31767-F4	lemma/115099	Mood#Ind|Number#Sing|Person#3|Tense#Pres|VerbForm#Fin|Voice#Act
005.SCG*LB1.CP-4++4.N.-5.9-1.12-4W16	oportet	Q28499	https://lilamorph.wikibase.cloud/entity/L31767-F4	lemma/115099	Mood#Ind|Number#Sing|Person#3|Tense#Pres|VerbForm#Fin|Voice#Act
005.SCG*LB1.CP-4++3.N.13.18-4.24-4W12	arbitrentur	Q3749	https://lilamorph.wikibase.cloud/entity/L27190-F78	lemma/89779	Mood#Sub|Number#Plur|Person#3|Tense#Pres|VerbForm#Fin|Voice#Pass
005.SCG*LB3.CP-4++6.N.-4.12-1.14-6W8	opinati	Q28610	https://lilamorph.wikibase.cloud/entity/L31764-F192	lemma/115071	Aspect#Perf|Case#Nom|Degree#Pos|Gender#Masc|Number#Plur|Tense#Past|VerbForm#Part|Voice#Pass
005.SCG*LB1.CP-2++2.N.-6.1-2.5-5W26	oportet	Q28703	https://lilamorph.wikibase.cloud/entity/L31767-F4	lemma/115099	Mood#Ind|Number#Sing|Person#3|Tense#Pres|VerbForm#Fin|Voice#Act
005.SCG*LB4.CP-5++4.N.-9.10-4.16-3W1	oportuit	Q28740	https://lilamorph.wikibase.cloud/entity/L31767-F128	lemma/115099	Aspect#Perf|Mood#Ind|Number#Sing|Person#3|Tense#Past|VerbForm#Fin|Voice#Act
005.SCG*LB1.CP-2++6.N.13.1-1.6-4W12	loquendi	Q28771	https://lilamorph.wikibase.cloud/entity/L31185-F201	lemma/110806	Case#Gen|Degree#Pos|Number#Sing|VerbForm#Ger|Voice#Pass
005.SCG*LB1.CP-6++8.N.-1.1-1.3-2W2	oportet	Q28773	https://lilamorph.wikibase.cloud/entity/L31767-F4	lemma/115099	Mood#Ind|Number#Sing|Person#3|Tense#Pres|VerbForm#Fin|Voice#Act
005.SCG*LB4.CP-6++1.N.-3.6-4.8-1W3	oportet	Q28786	https://lilamorph.wikibase.cloud/entity/L31767-F4	lemma/115099	Aspect#Imp|Mood#Ind|Number#Sing|Person#3|Tense#Pres|VerbForm#Fin|Voice#Act
005.SCG*LB1.CP-1++1.N.-5.9-4.12-1W2	oportet	Q28823	https://lilamorph.wikibase.cloud/entity/L31767-F4	lemma/115099	Mood#Ind|Number#Sing|Person#3|Tense#Pres|VerbForm#Fin|Voice#Act
005.SCG*LB3.CP10++2.N.-3.1-2.5-1W7	operatur	Q28844	https://lilamorph.wikibase.cloud/entity/L31761-F68	lemma/115029	Mood#Ind|Number#Sing|Person#3|Tense#Pres|VerbForm#Fin|Voice#Pass
005.SCG*LB2.CP-4++4.N.-9.8-4.10-2W3	oportet	Q28868	https://lilamorph.wikibase.cloud/entity/L31767-F4	lemma/115099	Mood#Ind|Number#Sing|Person#3|Tense#Pres|VerbForm#Fin|Voice#Act
005.SCG*LB3.CP-6++4.N.-5.13-1.14-5W8	oportet	Q28911	https://lilamorph.wikibase.cloud/entity/L31767-F4	lemma/115099	Mood#Ind|Number#Sing|Person#3|Tense#Pres|VerbForm#Fin|Voice#Act
005.SCG*LB3.CP13++1.N.-8.2-4.8-2W38	furer	Q28965	https://lilamorph.wikibase.cloud/entity/L30126-F72	lemma/104075	Mood#Sub|Number#Sing|Person#1|Tense#Pres|VerbForm#Fin|Voice#Pass
005.SCG*LB4.CP-8++2.N.-2.12-4.14-4W15	patientur	Q28970	https://lilamorph.wikibase.cloud/entity/L31871-F159	lemma/116223	Aspect#Imp|Mood#Ind|Number#Plur|Person#3|Tense#Fut|VerbForm#Fin|Voice#Pass
005.SCG*LB4.CP-3++3.N.-2.3-2.5-2W4	sortitur	Q29001	https://lilamorph.wikibase.cloud/entity/L33654-F68	lemma/125212	Aspect#Imp|Mood#Ind|Number#Sing|Person#3|Tense#Pres|VerbForm#Fin|Voice#Pass
005.SCG*LB2.CP-1++5.N.-2.14-4.21-6W18	oportet	Q29017	https://lilamorph.wikibase.cloud/entity/L31767-F4	lemma/115099	Mood#Ind|Number#Sing|Person#3|Tense#Pres|VerbForm#Fin|Voice#Act
005.SCG*LB3.CP-8++5.N.-4.5-1.10-3W22	operari	Q29075	https://lilamorph.wikibase.cloud/entity/L31761-F64	lemma/115029	Tense#Pres|VerbForm#Inf|Voice#Pass
005.SCG*LB4.CP-1++8.N.-2.4-6.6-4W4	operatur	Q29096	https://lilamorph.wikibase.cloud/entity/L31761-F68	lemma/115029	Aspect#Imp|Mood#Ind|Number#Sing|Person#3|Tense#Pres|VerbForm#Fin|Voice#Pass
005.SCG*LB4.CP-9++6.N.-3.1-1.2-5W1	oportet	Q29144	https://lilamorph.wikibase.cloud/entity/L31767-F4	lemma/115099	Aspect#Imp|Mood#Ind|Number#Sing|Person#3|Tense#Pres|VerbForm#Fin|Voice#Act
005.SCG*LB3.CP-9++9.N.-4.1-2.6-2W22	operari	Q29197	https://lilamorph.wikibase.cloud/entity/L31761-F64	lemma/115029	Tense#Pres|VerbForm#Inf|Voice#Pass
005.SCG*LB2.CP-4++7.N.-3.13-1.14-6W1	oportet	Q29234	https://lilamorph.wikibase.cloud/entity/L31767-F4	lemma/115099	Mood#Ind|Number#Sing|Person#3|Tense#Pres|VerbForm#Fin|Voice#Act
005.SCG*LB4.CP-3++8.N.-1.19-5.25-7W34	passus	Q29281	https://lilamorph.wikibase.cloud/entity/L31871-F163	lemma/116223	Aspect#Perf|Case#Nom|Degree#Pos|Gender#Masc|Number#Sing|Tense#Past|VerbForm#Part|Voice#Pass
005.SCG*LB2.CP-1++3.N.-2.4-5.6-3W9	oportebit	Q29328	https://lilamorph.wikibase.cloud/entity/L31767-F109	lemma/115099	Mood#Ind|Number#Sing|Person#3|Tense#Fut|VerbForm#Fin|Voice#Act
005.SCG*LB4.CP-1++7.N.11.16-3.19-1W14	locuti	Q29365	https://lilamorph.wikibase.cloud/entity/L31185-F168	lemma/110806	Aspect#Perf|Case#Nom|Degree#Pos|Gender#Masc|Number#Plur|Tense#Past|VerbForm#Part|Voice#Pass
005.SCG*LB3.CP12++2.N.-8.9-3.10-8W11	expertis	Q29387	https://lilamorph.wikibase.cloud/entity/L29780-F205	lemma/102165	Aspect#Perf|Case#Abl|Degree#Pos|Gender#Masc|Number#Plur|Tense#Past|VerbForm#Part|Voice#Pass
005.SCG*LB2.CP-5++7.N.-6.6-1.12-7W40	oportet	Q29421	https://lilamorph.wikibase.cloud/entity/L31767-F4	lemma/115099	Mood#Ind|Number#Sing|Person#3|Tense#Pres|VerbForm#Fin|Voice#Act
005.SCG*LB2.CP-3++5.N.-4.1-1.5-3W19	oportet	Q29473	https://lilamorph.wikibase.cloud/entity/L31767-F4	lemma/115099	Mood#Ind|Number#Sing|Person#3|Tense#Pres|VerbForm#Fin|Voice#Act
005.SCG*LB3.CP-2++4.N.-8.1-1.5-6W32	operatur	Q29518	https://lilamorph.wikibase.cloud/entity/L31761-F68	lemma/115029	Mood#Ind|Number#Sing|Person#3|Tense#Pres|VerbForm#Fin|Voice#Pass
005.SCG*LB2.CP-2++5.N.16.4-1.5-1W7	oportet	Q29557	https://lilamorph.wikibase.cloud/entity/L31767-F4	lemma/115099	Mood#Ind|Number#Sing|Person#3|Tense#Pres|VerbForm#Fin|Voice#Act
005.SCG*LB4.CP-1++9.N.-1.5-2.8-1W1	oportet	Q29571	https://lilamorph.wikibase.cloud/entity/L31767-F4	lemma/115099	Aspect#Imp|Mood#Ind|Number#Sing|Person#3|Tense#Pres|VerbForm#Fin|Voice#Act
005.SCG*LB3.CP-7++8.N.-4.8-5.10-5W1	oportet	Q29587	https://lilamorph.wikibase.cloud/entity/L31767-F4	lemma/115099	Mood#Ind|Number#Sing|Person#3|Tense#Pres|VerbForm#Fin|Voice#Act
005.SCG*LB3.CP12++2.N.11.5-6.7-4W13	patiaris	Q29687	https://lilamorph.wikibase.cloud/entity/L31871-F74	lemma/116223	Mood#Sub|Number#Sing|Person#2|Tense#Pres|VerbForm#Fin|Voice#Pass
005.SCG*LB4.CP-3++2.N.-2.9-4.17-5W41	miratus	Q29688	https://lilamorph.wikibase.cloud/entity/L31343-F189	lemma/112443	Aspect#Perf|Case#Nom|Degree#Pos|Gender#Masc|Number#Sing|Tense#Past|VerbForm#Part|Voice#Pass
005.SCG*LB4.CP-7++2.N.10.1-1.4-2W1	oportet	Q29723	https://lilamorph.wikibase.cloud/entity/L31767-F4	lemma/115099	Aspect#Imp|Mood#Ind|Number#Sing|Person#3|Tense#Pres|VerbForm#Fin|Voice#Act
005.SCG*LB2.CP-6++0.N.-8.6-1.8-1W16	pati	Q29725	https://lilamorph.wikibase.cloud/entity/L31871-F64	lemma/116223	Tense#Pres|VerbForm#Inf|Voice#Pass
005.SCG*LB1.CP-2++6.N.-7.3-6.5-3W5	oportet	Q29760	https://lilamorph.wikibase.cloud/entity/L31767-F4	lemma/115099	Mood#Ind|Number#Sing|Person#3|Tense#Pres|VerbForm#Fin|Voice#Act
005.SCG*LB1.CP-8++9.N.-5.4-2.6-7W17	oportet	Q29766	https://lilamorph.wikibase.cloud/entity/L31767-F4	lemma/115099	Mood#Ind|Number#Sing|Person#3|Tense#Pres|VerbForm#Fin|Voice#Act
005.SCG*LB3.CP12++0.N.21.1-2.5-5W21	sortiantur	Q29805	https://lilamorph.wikibase.cloud/entity/L33654-F78	lemma/125212	Mood#Sub|Number#Plur|Person#3|Tense#Pres|VerbForm#Fin|Voice#Pass
005.SCG*LB2.CP-7++9.N.16.15-1.17-1W10	protestantur	Q29811	https://lilamorph.wikibase.cloud/entity/L32808-F71	lemma/120148	Mood#Ind|Number#Plur|Person#3|Tense#Pres|VerbForm#Fin|Voice#Pass
005.SCG*LB4.CP--++2.N.-5.23-6.27-8W21	oporteat	Q29826	https://lilamorph.wikibase.cloud/entity/L31767-F10	lemma/115099	Aspect#Imp|Mood#Sub|Number#Sing|Person#3|Tense#Pres|VerbForm#Fin|Voice#Act
005.SCG*LB3.CP--++8.N.-8.23-2.25-3W3	sortitur	Q29833	https://lilamorph.wikibase.cloud/entity/L33654-F68	lemma/125212	Mood#Ind|Number#Sing|Person#3|Tense#Pres|VerbForm#Fin|Voice#Pass
005.SCG*LB3.CP16++1.N.-1.4-1.6-6W9	operari	Q29844	https://lilamorph.wikibase.cloud/entity/L31761-F64	lemma/115029	Tense#Pres|VerbForm#Inf|Voice#Pass
005.SCG*LB1.CP-5++9.N.-2.6-4.12-7W32	oportet	Q29848	https://lilamorph.wikibase.cloud/entity/L31767-F4	lemma/115099	Mood#Ind|Number#Sing|Person#3|Tense#Pres|VerbForm#Fin|Voice#Act
005.SCG*LB2.CP-7++7.N.-3.7-8.10-2W15	patiuntur	Q29881	https://lilamorph.wikibase.cloud/entity/L31871-F71	lemma/116223	Mood#Ind|Number#Plur|Person#3|Tense#Pres|VerbForm#Fin|Voice#Pass
005.SCG*LB3.CP11++2.N.-1.13-2.16-2W2	oportet	Q29977	https://lilamorph.wikibase.cloud/entity/L31767-F4	lemma/115099	Mood#Ind|Number#Sing|Person#3|Tense#Pres|VerbForm#Fin|Voice#Act
005.SCG*LB4.CP-7++4.N.-5.1-1.5-2W12	operandum	Q29989	https://lilamorph.wikibase.cloud/entity/L31761-F263	lemma/115029	Aspect#Perf|Case#Acc|Degree#Pos|Number#Sing|VerbForm#Ger|Voice#Pass
005.SCG*LB3.CP-9++7.N.12.4-1.9-4W37	operatum	Q30032	https://lilamorph.wikibase.cloud/entity/L31761-F209	lemma/115029	Aspect#Perf|Case#Acc|Degree#Pos|Gender#Neut|Number#Sing|Tense#Past|VerbForm#Part|Voice#Pass
005.SCG*LB3.CP-7++7.N.-1.16-3.18-3W1	oportet	Q30098	https://lilamorph.wikibase.cloud/entity/L31767-F4	lemma/115099	Mood#Ind|Number#Sing|Person#3|Tense#Pres|VerbForm#Fin|Voice#Act
005.SCG*LB2.CP-6++6.N.-2.3-4.8-4W8	operantur	Q30166	https://lilamorph.wikibase.cloud/entity/L31761-F71	lemma/115029	Mood#Ind|Number#Plur|Person#3|Tense#Pres|VerbForm#Fin|Voice#Pass
005.SCG*LB3.CP10++1.N.-1.4-1.5-2W1	admiramur	Q1544	https://lilamorph.wikibase.cloud/entity/L26850-F137	lemma/87542	Mood#Ind|Number#Plur|Person#1|Tense#Pres|VerbForm#Fin|Voice#Pass
005.SCG*LB3.CP-6++7.N.-7.1-1.3-2W11	operatus	Q30202	https://lilamorph.wikibase.cloud/entity/L31761-F189	lemma/115029	Aspect#Perf|Case#Nom|Degree#Pos|Gender#Masc|Number#Sing|Tense#Past|VerbForm#Part|Voice#Pass
005.SCG*LB3.CP14++2.N.-1.1-1.7-4W26	oportet	Q30247	https://lilamorph.wikibase.cloud/entity/L31767-F4	lemma/115099	Mood#Ind|Number#Sing|Person#3|Tense#Pres|VerbForm#Fin|Voice#Act
005.SCG*LB2.CP-7++5.N.-1.1-1.4-3W12	oportet	Q30260	https://lilamorph.wikibase.cloud/entity/L31767-F4	lemma/115099	Mood#Ind|Number#Sing|Person#3|Tense#Pres|VerbForm#Fin|Voice#Act
005.SCG*LB4.CP-3++6.N.-6.8-1.9-6W12	imitandum	Q30278	https://lilamorph.wikibase.cloud/entity/L30349-F368	lemma/106366	Aspect#Perf|Case#Nom|Degree#Pos|Gender#Neut|Number#Sing|VerbForm#Gdv|Voice#Pass
005.SCG*LB3.CP11++3.N.-2.8-1.13-4W24	oporteret	Q30285	https://lilamorph.wikibase.cloud/entity/L31767-F89	lemma/115099	Aspect#Imp|Mood#Sub|Number#Sing|Person#3|Tense#Imp|VerbForm#Fin|Voice#Act
005.SCG*LB4.CP-5++5.N.-3.6-1.8-1W13	patitur	Q30287	https://lilamorph.wikibase.cloud/entity/L31871-F68	lemma/116223	Aspect#Imp|Mood#Ind|Number#Sing|Person#3|Tense#Pres|VerbForm#Fin|Voice#Pass
005.SCG*LB2.CP-3++3.N.-8.11-1.15-3W11	oportet	Q30288	https://lilamorph.wikibase.cloud/entity/L31767-F4	lemma/115099	Mood#Ind|Number#Sing|Person#3|Tense#Pres|VerbForm#Fin|Voice#Act
005.SCG*LB4.CP-5++3.N.24.1-2.4-2W7	oportuit	Q30291	https://lilamorph.wikibase.cloud/entity/L31767-F128	lemma/115099	Aspect#Perf|Mood#Ind|Number#Sing|Person#3|Tense#Past|VerbForm#Fin|Voice#Act
005.SCG*LB1.CP-2++0.N.23.10-4.16-4W4	oportet	Q30300	https://lilamorph.wikibase.cloud/entity/L31767-F4	lemma/115099	Mood#Ind|Number#Sing|Person#3|Tense#Pres|VerbForm#Fin|Voice#Act
005.SCG*LB2.CP-7++9.N.16.12-5.14-8W2	revertatur	Q30309	https://lilamorph.wikibase.cloud/entity/L33370-F149	lemma/122809	Mood#Sub|Number#Sing|Person#3|Tense#Pres|VerbForm#Fin|Voice#Pass
005.SCG*LB2.CP-8++9.N.13.1-1.6-2W6	oportere	Q30415	https://lilamorph.wikibase.cloud/entity/L31767-F1	lemma/115099	Tense#Pres|VerbForm#Inf|Voice#Act
005.SCG*LB4.CP-3++4.N.28.5-6.10-7W39	passus	Q30437	https://lilamorph.wikibase.cloud/entity/L31871-F163	lemma/116223	Aspect#Perf|Case#Nom|Degree#Pos|Gender#Masc|Number#Sing|Tense#Past|VerbForm#Part|Voice#Pass
005.SCG*LB2.CP-4++7.N.-4.8-6.11-3W13	operatur	Q30439	https://lilamorph.wikibase.cloud/entity/L31761-F68	lemma/115029	Mood#Ind|Number#Sing|Person#3|Tense#Pres|VerbForm#Fin|Voice#Pass
005.SCG*LB2.CP-7++3.N.15.1-2.4-2W5	operetur	Q30476	https://lilamorph.wikibase.cloud/entity/L31761-F75	lemma/115029	Mood#Sub|Number#Sing|Person#3|Tense#Pres|VerbForm#Fin|Voice#Pass
005.SCG*LB4.CP-5++0.N.-3.13-3.15-3W1	oportet	Q30487	https://lilamorph.wikibase.cloud/entity/L31767-F4	lemma/115099	Aspect#Imp|Mood#Ind|Number#Sing|Person#3|Tense#Pres|VerbForm#Fin|Voice#Act
005.SCG*LB3.CP-6++8.N.-4.4-2.8-1W1	oportet	Q30492	https://lilamorph.wikibase.cloud/entity/L31767-F4	lemma/115099	Mood#Ind|Number#Sing|Person#3|Tense#Pres|VerbForm#Fin|Voice#Act
005.SCG*LB3.CP-7++6.N.-7.18-4.20-1W11	oporteret	Q30497	https://lilamorph.wikibase.cloud/entity/L31767-F89	lemma/115099	Aspect#Imp|Mood#Sub|Number#Sing|Person#3|Tense#Imp|VerbForm#Fin|Voice#Act
005.SCG*LB2.CP-7++3.N.33.5-6.6-5W1	oportet	Q30506	https://lilamorph.wikibase.cloud/entity/L31767-F4	lemma/115099	Mood#Ind|Number#Sing|Person#3|Tense#Pres|VerbForm#Fin|Voice#Act
005.SCG*LB3.CP10++2.N.-4.12-3.16-5W23	mortuus	Q30601	https://lilamorph.wikibase.cloud/entity/L31378-F163	lemma/112797	Aspect#Perf|Case#Nom|Degree#Pos|Gender#Masc|Number#Sing|Tense#Past|VerbForm#Part|Voice#Pass
005.SCG*LB3.CP15++5.N.-4.12-3.13-7W1	oportet	Q30638	https://lilamorph.wikibase.cloud/entity/L31767-F4	lemma/115099	Mood#Ind|Number#Sing|Person#3|Tense#Pres|VerbForm#Fin|Voice#Act
005.SCG*LB4.CP-3++4.N.-2.74-1.77-6W26	passus	Q30652	https://lilamorph.wikibase.cloud/entity/L31871-F163	lemma/116223	Aspect#Perf|Case#Nom|Degree#Pos|Gender#Masc|Number#Sing|Tense#Past|VerbForm#Part|Voice#Pass
005.SCG*LB4.CP-5++1.N.11.8-3.10-1W3	oportet	Q30655	https://lilamorph.wikibase.cloud/entity/L31767-F4	lemma/115099	Aspect#Imp|Mood#Ind|Number#Sing|Person#3|Tense#Pres|VerbForm#Fin|Voice#Act
005.SCG*LB4.CP-2++7.N.-3.2-4.6-3W5	loquatur	Q30670	https://lilamorph.wikibase.cloud/entity/L31185-F77	lemma/110806	Aspect#Imp|Mood#Sub|Number#Sing|Person#3|Tense#Pres|VerbForm#Fin|Voice#Pass
005.SCG*LB3.CP14++2.N.-3.4-3.7-2W1	oportet	Q30682	https://lilamorph.wikibase.cloud/entity/L31767-F4	lemma/115099	Mood#Ind|Number#Sing|Person#3|Tense#Pres|VerbForm#Fin|Voice#Act
005.SCG*LB3.CP10++9.N.-3.6-3.8-2W2	oportet	Q30686	https://lilamorph.wikibase.cloud/entity/L31767-F4	lemma/115099	Mood#Ind|Number#Sing|Person#3|Tense#Pres|VerbForm#Fin|Voice#Act
005.SCG*LB1.CP-4++4.N.-3.5-5.9-6W1	oportet	Q30709	https://lilamorph.wikibase.cloud/entity/L31767-F4	lemma/115099	Mood#Ind|Number#Sing|Person#3|Tense#Pres|VerbForm#Fin|Voice#Act
005.SCG*LB4.CP-6++6.N.11.1-1.9-1W39	pati	Q30748	https://lilamorph.wikibase.cloud/entity/L31871-F64	lemma/116223	Aspect#Imp|Tense#Pres|VerbForm#Inf|Voice#Pass
005.SCG*LB4.CP-3++4.N.29.14-3.16-4W2	oportet	Q30764	https://lilamorph.wikibase.cloud/entity/L31767-F4	lemma/115099	Aspect#Imp|Mood#Ind|Number#Sing|Person#3|Tense#Pres|VerbForm#Fin|Voice#Act
005.SCG*LB3.CP-8++9.N.-8.3-4.6-5W20	oportet	Q30793	https://lilamorph.wikibase.cloud/entity/L31767-F4	lemma/115099	Mood#Ind|Number#Sing|Person#3|Tense#Pres|VerbForm#Fin|Voice#Act
005.SCG*LB3.CP13++5.N.-9.5-2.9-3W19	oportet	Q30812	https://lilamorph.wikibase.cloud/entity/L31767-F4	lemma/115099	Mood#Ind|Number#Sing|Person#3|Tense#Pres|VerbForm#Fin|Voice#Act
005.SCG*LB4.CP-9++1.N.-7.1-1.2-5W4	suffragatur	Q30813	https://lilamorph.wikibase.cloud/entity/L33972-F68	lemma/126632	Aspect#Imp|Mood#Ind|Number#Sing|Person#3|Tense#Pres|VerbForm#Fin|Voice#Pass
005.SCG*LB2.CP-8++9.N.15.12-3.19-5W42	operetur	Q30820	https://lilamorph.wikibase.cloud/entity/L31761-F75	lemma/115029	Mood#Sub|Number#Sing|Person#3|Tense#Pres|VerbForm#Fin|Voice#Pass
005.SCG*LB3.CP-8++5.N.-6.6-5.8-1W2	oporteret	Q30830	https://lilamorph.wikibase.cloud/entity/L31767-F89	lemma/115099	Aspect#Imp|Mood#Sub|Number#Sing|Person#3|Tense#Imp|VerbForm#Fin|Voice#Act
005.SCG*LB2.CP-8++3.N.12.20-8.21-5W6	operatur	Q30918	https://lilamorph.wikibase.cloud/entity/L31761-F68	lemma/115029	Mood#Ind|Number#Sing|Person#3|Tense#Pres|VerbForm#Fin|Voice#Pass
005.SCG*LB3.CP-7++2.N.-2.1-1.5-3W10	operatur	Q30951	https://lilamorph.wikibase.cloud/entity/L31761-F68	lemma/115029	Mood#Ind|Number#Sing|Person#3|Tense#Pres|VerbForm#Fin|Voice#Pass
005.SCG*LB4.CP-8++3.N.23.10-1.18-6W17	revertetur	Q30952	https://lilamorph.wikibase.cloud/entity/L33370-F311	lemma/122809	Aspect#Imp|Mood#Ind|Number#Sing|Person#3|Tense#Fut|VerbForm#Fin|Voice#Pass
005.SCG*LB3.CP15++5.N.-7.4-2.6-4W14	passos	Q30970	https://lilamorph.wikibase.cloud/entity/L31871-F184	lemma/116223	Aspect#Perf|Case#Acc|Degree#Pos|Gender#Masc|Number#Plur|Tense#Past|VerbForm#Part|Voice#Pass
005.SCG*LB2.CP-5++6.N.-5.8-6.13-5W10	oporteat	Q30973	https://lilamorph.wikibase.cloud/entity/L31767-F10	lemma/115099	Mood#Sub|Number#Sing|Person#3|Tense#Pres|VerbForm#Fin|Voice#Act
005.SCG*LB3.CP15++1.N.-4.10-5.13-3W14	irascitur	Q31038	https://lilamorph.wikibase.cloud/entity/L30977-F68	lemma/108955	Mood#Ind|Number#Sing|Person#3|Tense#Pres|VerbForm#Fin|Voice#Pass
005.SCG*LB2.CP-8++0.N.-4.7-3.8-6W9	mortui	Q31080	https://lilamorph.wikibase.cloud/entity/L31378-F166	lemma/112797	Aspect#Perf|Case#Nom|Degree#Pos|Gender#Masc|Number#Plur|Tense#Past|VerbForm#Part|Voice#Pass
005.SCG*LB4.CP--++5.N.-4.1-1.4-5W16	passum	Q31096	https://lilamorph.wikibase.cloud/entity/L31871-F181	lemma/116223	Aspect#Perf|Case#Acc|Degree#Pos|Gender#Masc|Number#Sing|Tense#Past|VerbForm#Part|Voice#Pass
005.SCG*LB1.CP-1++1.N.-3.1-1.3-6W3	oportet	Q31138	https://lilamorph.wikibase.cloud/entity/L31767-F4	lemma/115099	Mood#Ind|Number#Sing|Person#3|Tense#Pres|VerbForm#Fin|Voice#Act
005.SCG*LB2.CP-7++3.N.39.23-3.30-3W13	oportet	Q31163	https://lilamorph.wikibase.cloud/entity/L31767-F4	lemma/115099	Mood#Ind|Number#Sing|Person#3|Tense#Pres|VerbForm#Fin|Voice#Act
005.SCG*LB4.CP-4++6.N.-3.2-2.4-7W21	operatur	Q31172	https://lilamorph.wikibase.cloud/entity/L31761-F68	lemma/115029	Aspect#Imp|Mood#Ind|Number#Sing|Person#3|Tense#Pres|VerbForm#Fin|Voice#Pass
005.SCG*LB3.CP15++1.N.-4.1-2.6-1W12	oportet	Q31202	https://lilamorph.wikibase.cloud/entity/L31767-F4	lemma/115099	Mood#Ind|Number#Sing|Person#3|Tense#Pres|VerbForm#Fin|Voice#Act
005.SCG*LB1.CP-5++0.N.-5.10-7.13-5W12	oportet	Q31252	https://lilamorph.wikibase.cloud/entity/L31767-F4	lemma/115099	Mood#Ind|Number#Sing|Person#3|Tense#Pres|VerbForm#Fin|Voice#Act
005.SCG*LB4.CP-1++6.N.-3.4-2.6-3W15	famuletur	Q31271	https://lilamorph.wikibase.cloud/entity/L29953-F75	lemma/102903	Aspect#Imp|Mood#Sub|Number#Sing|Person#3|Tense#Pres|VerbForm#Fin|Voice#Pass
005.SCG*LB4.CP-2++1.N.-4.28-4.28-8W2	locutus	Q31290	https://lilamorph.wikibase.cloud/entity/L31185-F165	lemma/110806	Aspect#Perf|Case#Nom|Degree#Pos|Gender#Masc|Number#Sing|Tense#Past|VerbForm#Part|Voice#Pass
005.SCG*LB4.CP-2++1.N.-6.9-5.10-4W5	operetur	Q31292	https://lilamorph.wikibase.cloud/entity/L31761-F75	lemma/115029	Aspect#Imp|Mood#Sub|Number#Sing|Person#3|Tense#Pres|VerbForm#Fin|Voice#Pass
005.SCG*LB3.CP-4++9.N.-9.1-1.5-2W15	oportet	Q31310	https://lilamorph.wikibase.cloud/entity/L31767-F4	lemma/115099	Mood#Ind|Number#Sing|Person#3|Tense#Pres|VerbForm#Fin|Voice#Act
005.SCG*LB3.CP-1++5.N.-3.1-2.4-5W7	oportet	Q31319	https://lilamorph.wikibase.cloud/entity/L31767-F4	lemma/115099	Mood#Ind|Number#Sing|Person#3|Tense#Pres|VerbForm#Fin|Voice#Act
005.SCG*LB2.CP10++0.N.-2.1-1.8-6W8	oporteat	Q31375	https://lilamorph.wikibase.cloud/entity/L31767-F10	lemma/115099	Mood#Sub|Number#Sing|Person#3|Tense#Pres|VerbForm#Fin|Voice#Act
005.SCG*LB2.CP-8++0.N.-3.19-3.20-3W3	sortiuntur	Q31380	https://lilamorph.wikibase.cloud/entity/L33654-F71	lemma/125212	Mood#Ind|Number#Plur|Person#3|Tense#Pres|VerbForm#Fin|Voice#Pass
005.SCG*LB2.CP-6++0.N.-5.11-6.14-3W16	irascimur	Q31401	https://lilamorph.wikibase.cloud/entity/L30977-F69	lemma/108955	Mood#Ind|Number#Plur|Person#1|Tense#Pres|VerbForm#Fin|Voice#Pass
005.SCG*LB2.CP-7++0.N.--.1-1.3-4W5	oportet	Q31433	https://lilamorph.wikibase.cloud/entity/L31767-F4	lemma/115099	Mood#Ind|Number#Sing|Person#3|Tense#Pres|VerbForm#Fin|Voice#Act
005.SCG*LB3.CP16++0.N.-3.1-1.4-1W4	operantur	Q31440	https://lilamorph.wikibase.cloud/entity/L31761-F71	lemma/115029	Mood#Ind|Number#Plur|Person#3|Tense#Pres|VerbForm#Fin|Voice#Pass
005.SCG*LB3.CP16++1.N.-1.4-1.6-6W17	mortuum	Q31454	https://lilamorph.wikibase.cloud/entity/L31378-F181	lemma/112797	Aspect#Perf|Case#Acc|Degree#Pos|Gender#Masc|Number#Sing|Tense#Past|VerbForm#Part|Voice#Pass
005.SCG*LB3.CP-9++0.N.-4.1-2.4-2W9	oportet	Q31479	https://lilamorph.wikibase.cloud/entity/L31767-F4	lemma/115099	Mood#Ind|Number#Sing|Person#3|Tense#Pres|VerbForm#Fin|Voice#Act
005.SCG*LB2.CP-3++4.N.-2.22-6.23-8W9	oportet	Q31485	https://lilamorph.wikibase.cloud/entity/L31767-F4	lemma/115099	Mood#Ind|Number#Sing|Person#3|Tense#Pres|VerbForm#Fin|Voice#Act
005.SCG*LB3.CP-9++4.N.-3.10-1.11-2W7	oportet	Q31503	https://lilamorph.wikibase.cloud/entity/L31767-F4	lemma/115099	Mood#Ind|Number#Sing|Person#3|Tense#Pres|VerbForm#Fin|Voice#Act
005.SCG*LB1.CP-4++4.N.-3.11-6.13-2W1	oportet	Q31506	https://lilamorph.wikibase.cloud/entity/L31767-F4	lemma/115099	Mood#Ind|Number#Sing|Person#3|Tense#Pres|VerbForm#Fin|Voice#Act
005.SCG*LB1.CP-1++5.N.-5.10-2.11-3W2	oportet	Q31526	https://lilamorph.wikibase.cloud/entity/L31767-F4	lemma/115099	Mood#Ind|Number#Sing|Person#3|Tense#Pres|VerbForm#Fin|Voice#Act
005.SCG*LB1.CP-6++1.N.-7.8-1.11-5W2	oportet	Q31534	https://lilamorph.wikibase.cloud/entity/L31767-F4	lemma/115099	Mood#Ind|Number#Sing|Person#3|Tense#Pres|VerbForm#Fin|Voice#Act
005.SCG*LB1.CP-1++1.N.-1.18-3.20-1W10	oporteret	Q31558	https://lilamorph.wikibase.cloud/entity/L31767-F89	lemma/115099	Aspect#Imp|Mood#Sub|Number#Sing|Person#3|Tense#Imp|VerbForm#Fin|Voice#Act
005.SCG*LB2.CP-9++9.N.-4.8-4.10-6W13	operatur	Q31606	https://lilamorph.wikibase.cloud/entity/L31761-F68	lemma/115029	Mood#Ind|Number#Sing|Person#3|Tense#Pres|VerbForm#Fin|Voice#Pass
005.SCG*LB4.CP-3++8.N.-9.11-4.19-1W8	oportere	Q31624	https://lilamorph.wikibase.cloud/entity/L31767-F1	lemma/115099	Aspect#Imp|Tense#Pres|VerbForm#Inf|Voice#Act
005.SCG*LB3.CP-2++5.N.-1.8-3.10-2W2	oportet	Q31635	https://lilamorph.wikibase.cloud/entity/L31767-F4	lemma/115099	Mood#Ind|Number#Sing|Person#3|Tense#Pres|VerbForm#Fin|Voice#Act
005.SCG*LB2.CP-6++0.N.-6.14-1.15-5W1	oportet	Q31661	https://lilamorph.wikibase.cloud/entity/L31767-F4	lemma/115099	Mood#Ind|Number#Sing|Person#3|Tense#Pres|VerbForm#Fin|Voice#Act
005.SCG*LB4.CP-5++5.N.21.1-1.5-6W7	oportuit	Q31733	https://lilamorph.wikibase.cloud/entity/L31767-F128	lemma/115099	Aspect#Perf|Mood#Ind|Number#Sing|Person#3|Tense#Past|VerbForm#Fin|Voice#Act
005.SCG*LB3.CP-2++2.N.-2.11-1.15-3W9	operantur	Q31756	https://lilamorph.wikibase.cloud/entity/L31761-F71	lemma/115029	Mood#Ind|Number#Plur|Person#3|Tense#Pres|VerbForm#Fin|Voice#Pass
005.SCG*LB4.CP-2++9.N.10.9-3.11-5W18	testamur	Q31764	https://lilamorph.wikibase.cloud/entity/L34289-F69	lemma/127997	Aspect#Imp|Mood#Ind|Number#Plur|Person#1|Tense#Pres|VerbForm#Fin|Voice#Pass
005.SCG*LB3.CP10++7.N.11.6-1.11-3W15	opinari	Q31766	https://lilamorph.wikibase.cloud/entity/L31764-F64	lemma/115071	Tense#Pres|VerbForm#Inf|Voice#Pass
005.SCG*LB3.CP-2++6.N.-8.1-1.4-4W10	oportet	Q31774	https://lilamorph.wikibase.cloud/entity/L31767-F4	lemma/115099	Mood#Ind|Number#Sing|Person#3|Tense#Pres|VerbForm#Fin|Voice#Act
005.SCG*LB1.CP-6++1.N.-9.2-8.3-6W8	mentiatur	Q31786	https://lilamorph.wikibase.cloud/entity/L31306-F75	lemma/112073	Mood#Sub|Number#Sing|Person#3|Tense#Pres|VerbForm#Fin|Voice#Pass
005.SCG*LB3.CP-6++7.N.-7.3-3.6-1W18	operatur	Q31793	https://lilamorph.wikibase.cloud/entity/L31761-F68	lemma/115029	Mood#Ind|Number#Sing|Person#3|Tense#Pres|VerbForm#Fin|Voice#Pass
005.SCG*LB2.CP-5++7.N.15.1-2.5-6W6	operari	Q31796	https://lilamorph.wikibase.cloud/entity/L31761-F64	lemma/115029	Tense#Pres|VerbForm#Inf|Voice#Pass
005.SCG*LB3.CP-6++2.N.-8.11-4.16-4W8	patimur	Q31840	https://lilamorph.wikibase.cloud/entity/L31871-F69	lemma/116223	Mood#Ind|Number#Plur|Person#1|Tense#Pres|VerbForm#Fin|Voice#Pass
005.SCG*LB2.CP-4++6.N.-4.9-2.11-7W1	oportuit	Q31860	https://lilamorph.wikibase.cloud/entity/L31767-F128	lemma/115099	Aspect#Perf|Mood#Ind|Number#Sing|Person#3|Tense#Past|VerbForm#Fin|Voice#Act
005.SCG*LB1.CP-7++8.N.-1.1-1.6-8W7	oportet	Q31867	https://lilamorph.wikibase.cloud/entity/L31767-F4	lemma/115099	Mood#Ind|Number#Sing|Person#3|Tense#Pres|VerbForm#Fin|Voice#Act
005.SCG*LB1.CP-2++6.N.-3.18-1.20-2W10	oporteret	Q31916	https://lilamorph.wikibase.cloud/entity/L31767-F89	lemma/115099	Aspect#Imp|Mood#Sub|Number#Sing|Person#3|Tense#Imp|VerbForm#Fin|Voice#Act
005.SCG*LB4.CP-7++8.N.-2.20-1.22-1W8	oportet	Q31936	https://lilamorph.wikibase.cloud/entity/L31767-F4	lemma/115099	Aspect#Imp|Mood#Ind|Number#Sing|Person#3|Tense#Pres|VerbForm#Fin|Voice#Act
005.SCG*LB4.CP-5++5.N.13.29-2.32-5W1	oportuit	Q31949	https://lilamorph.wikibase.cloud/entity/L31767-F128	lemma/115099	Aspect#Perf|Mood#Ind|Number#Sing|Person#3|Tense#Past|VerbForm#Fin|Voice#Act
005.SCG*LB3.CP10++7.N.-1.1-1.3-5W16	operantur	Q31951	https://lilamorph.wikibase.cloud/entity/L31761-F71	lemma/115029	Mood#Ind|Number#Plur|Person#3|Tense#Pres|VerbForm#Fin|Voice#Pass
005.SCG*LB4.CP-2++9.N.-2.8-2.11-1W10	mortuum	Q31958	https://lilamorph.wikibase.cloud/entity/L31378-F181	lemma/112797	Aspect#Perf|Case#Acc|Degree#Pos|Gender#Masc|Number#Sing|Tense#Past|VerbForm#Part|Voice#Pass
005.SCG*LB4.CP-1++7.N.14.1-2.2-4W6	oportet	Q32002	https://lilamorph.wikibase.cloud/entity/L31767-F4	lemma/115099	Aspect#Imp|Mood#Ind|Number#Sing|Person#3|Tense#Pres|VerbForm#Fin|Voice#Act
005.SCG*LB4.CP-2++1.N.-4.22-5.24-4W6	loquimini	Q32040	https://lilamorph.wikibase.cloud/entity/L31185-F71	lemma/110806	Aspect#Imp|Mood#Ind|Number#Plur|Person#2|Tense#Pres|VerbForm#Fin|Voice#Pass
005.SCG*LB4.CP-3++1.N.-6.1-1.6-1W32	conversaretur	Q9985	https://lilamorph.wikibase.cloud/entity/L28399-F103	lemma/96443	Aspect#Imp|Mood#Sub|Number#Sing|Person#3|Tense#Imp|VerbForm#Fin|Voice#Pass
005.SCG*LB4.CP-2++1.N.-6.14-5.15-7W6	operandum	Q32070	https://lilamorph.wikibase.cloud/entity/L31761-F263	lemma/115029	Aspect#Perf|Case#Acc|Degree#Pos|Number#Sing|VerbForm#Ger|Voice#Pass
005.SCG*LB2.CP-3++2.N.-6.16-5.21-6W17	oportet	Q32105	https://lilamorph.wikibase.cloud/entity/L31767-F4	lemma/115099	Mood#Ind|Number#Sing|Person#3|Tense#Pres|VerbForm#Fin|Voice#Act
005.SCG*LB3.CP-6++4.N.11.3-3.7-9W2	oportet	Q32111	https://lilamorph.wikibase.cloud/entity/L31767-F4	lemma/115099	Mood#Ind|Number#Sing|Person#3|Tense#Pres|VerbForm#Fin|Voice#Act
005.SCG*LB3.CP-4++7.N.-4.5-1.11-5W40	operamur	Q32122	https://lilamorph.wikibase.cloud/entity/L31761-F69	lemma/115029	Mood#Ind|Number#Plur|Person#1|Tense#Pres|VerbForm#Fin|Voice#Pass
005.SCG*LB1.CP-5++1.N.12.2-6.8-5W12	operandum	Q32144	https://lilamorph.wikibase.cloud/entity/L31761-F263	lemma/115029	Case#Acc|Degree#Pos|Number#Sing|VerbForm#Ger|Voice#Pass
005.SCG*LB2.CP-3++3.N.-7.11-7.13-5W3	oportebit	Q32265	https://lilamorph.wikibase.cloud/entity/L31767-F109	lemma/115099	Mood#Ind|Number#Sing|Person#3|Tense#Fut|VerbForm#Fin|Voice#Act
005.SCG*LB3.CP-6++5.N.-3.1-2.2-5W1	oportet	Q32271	https://lilamorph.wikibase.cloud/entity/L31767-F4	lemma/115099	Mood#Ind|Number#Sing|Person#3|Tense#Pres|VerbForm#Fin|Voice#Act
005.SCG*LB4.CP-2++4.N.11.23-1.25-1W9	liceat	Q32319	https://lilamorph.wikibase.cloud/entity/L31140-F10	lemma/110433	Aspect#Imp|Mood#Sub|Number#Sing|Person#3|Tense#Pres|VerbForm#Fin|Voice#Act
005.SCG*LB3.CP-9++4.N.-9.11-1.17-5W27	complecti	Q6934	https://lilamorph.wikibase.cloud/entity/L28022-F126	lemma/95339	Tense#Pres|VerbForm#Inf|Voice#Pass
005.SCG*LB4.CP-2++3.N.14.2-4.5-2W20	oportet	Q32336	https://lilamorph.wikibase.cloud/entity/L31767-F4	lemma/115099	Aspect#Imp|Mood#Ind|Number#Sing|Person#3|Tense#Pres|VerbForm#Fin|Voice#Act
005.SCG*LB4.CP-1++9.N.-3.21-5.26-1W34	irascimur	Q32352	https://lilamorph.wikibase.cloud/entity/L30977-F69	lemma/108955	Aspect#Imp|Mood#Ind|Number#Plur|Person#1|Tense#Pres|VerbForm#Fin|Voice#Pass
005.SCG*LB2.CP-7++3.N.27.1-2.7-1W9	oportet	Q32355	https://lilamorph.wikibase.cloud/entity/L31767-F4	lemma/115099	Mood#Ind|Number#Sing|Person#3|Tense#Pres|VerbForm#Fin|Voice#Act
005.SCG*LB4.CP-3++4.N.14.32-2.33-6W14	mortuus	Q32379	https://lilamorph.wikibase.cloud/entity/L31378-F163	lemma/112797	Aspect#Perf|Case#Nom|Degree#Pos|Gender#Masc|Number#Sing|Tense#Past|VerbForm#Part|Voice#Pass
005.SCG*LB1.CP-5++7.N.-5.1-2.2-4W5	oportet	Q32394	https://lilamorph.wikibase.cloud/entity/L31767-F4	lemma/115099	Mood#Ind|Number#Sing|Person#3|Tense#Pres|VerbForm#Fin|Voice#Act
005.SCG*LB4.CP-1++2.N.-2.1-1.5-3W12	oportet	Q32407	https://lilamorph.wikibase.cloud/entity/L31767-F4	lemma/115099	Aspect#Imp|Mood#Ind|Number#Sing|Person#3|Tense#Pres|VerbForm#Fin|Voice#Act
005.SCG*LB3.CP-6++7.N.-6.3-1.5-1W11	operatum	Q32411	https://lilamorph.wikibase.cloud/entity/L31761-F191	lemma/115029	Aspect#Perf|Case#Nom|Degree#Pos|Gender#Neut|Number#Sing|Tense#Past|VerbForm#Part|Voice#Pass
005.SCG*LB4.CP--++8.N.-3.31-1.33-6W13	oporteat	Q32466	https://lilamorph.wikibase.cloud/entity/L31767-F10	lemma/115099	Aspect#Imp|Mood#Sub|Number#Sing|Person#3|Tense#Pres|VerbForm#Fin|Voice#Act
005.SCG*LB3.CP-5++4.N.-7.1-2.2-4W1	oportet	Q32499	https://lilamorph.wikibase.cloud/entity/L31767-F4	lemma/115099	Mood#Ind|Number#Sing|Person#3|Tense#Pres|VerbForm#Fin|Voice#Act
005.SCG*LB2.CP-2++1.N.-7.17-4.21-4W1	oportebit	Q32509	https://lilamorph.wikibase.cloud/entity/L31767-F109	lemma/115099	Mood#Ind|Number#Sing|Person#3|Tense#Fut|VerbForm#Fin|Voice#Act
005.SCG*LB4.CP-4++9.N.-5.2-1.4-3W5	oportet	Q32586	https://lilamorph.wikibase.cloud/entity/L31767-F4	lemma/115099	Aspect#Imp|Mood#Ind|Number#Sing|Person#3|Tense#Pres|VerbForm#Fin|Voice#Act
005.SCG*LB3.CP-7++6.N.10.5-4.8-1W9	operando	Q32600	https://lilamorph.wikibase.cloud/entity/L31761-F264	lemma/115029	Case#Abl|Degree#Pos|Number#Sing|VerbForm#Ger|Voice#Pass
005.SCG*LB3.CP-1++6.N.-1.5-6.7-5W1	oportet	Q32612	https://lilamorph.wikibase.cloud/entity/L31767-F4	lemma/115099	Mood#Ind|Number#Sing|Person#3|Tense#Pres|VerbForm#Fin|Voice#Act
005.SCG*LB4.CP-5++4.N.-8.37-2.40-2W16	mortuis	Q32644	https://lilamorph.wikibase.cloud/entity/L31378-F192	lemma/112797	Aspect#Perf|Case#Abl|Degree#Pos|Gender#Neut|Number#Plur|Tense#Past|VerbForm#Part|Voice#Pass
005.SCG*LB4.CP-1++1.N.18.16-4.21-4W2	oportet	Q32647	https://lilamorph.wikibase.cloud/entity/L31767-F4	lemma/115099	Aspect#Imp|Mood#Ind|Number#Sing|Person#3|Tense#Pres|VerbForm#Fin|Voice#Act
005.SCG*LB2.CP-8++2.N.10.8-5.10-2W12	mori	Q32655	https://lilamorph.wikibase.cloud/entity/L31378-F64	lemma/112797	Tense#Pres|VerbForm#Inf|Voice#Pass
005.SCG*LB1.CP-3++2.N.-7.6-4.10-1W11	oporteret	Q32656	https://lilamorph.wikibase.cloud/entity/L31767-F89	lemma/115099	Aspect#Imp|Mood#Sub|Number#Sing|Person#3|Tense#Imp|VerbForm#Fin|Voice#Act
005.SCG*LB1.CP-1++3.N.22.23-3.25-5W6	oportet	Q32678	https://lilamorph.wikibase.cloud/entity/L31767-F4	lemma/115099	Mood#Ind|Number#Sing|Person#3|Tense#Pres|VerbForm#Fin|Voice#Act
005.SCG*LB4.CP-2++7.N.-4.2-6.4-4W10	mortuus	Q32713	https://lilamorph.wikibase.cloud/entity/L31378-F163	lemma/112797	Aspect#Perf|Case#Nom|Degree#Pos|Gender#Masc|Number#Sing|Tense#Past|VerbForm#Part|Voice#Pass
005.SCG*LB3.CP-6++2.N.10.10-1.13-2W11	oportet	Q32754	https://lilamorph.wikibase.cloud/entity/L31767-F4	lemma/115099	Mood#Ind|Number#Sing|Person#3|Tense#Pres|VerbForm#Fin|Voice#Act
005.SCG*LB3.CP11++2.N.-3.1-2.6-2W21	oportet	Q32760	https://lilamorph.wikibase.cloud/entity/L31767-F4	lemma/115099	Mood#Ind|Number#Sing|Person#3|Tense#Pres|VerbForm#Fin|Voice#Act
005.SCG*LB1.CP-4++5.N.-3.7-2.8-4W1	oportet	Q32779	https://lilamorph.wikibase.cloud/entity/L31767-F4	lemma/115099	Mood#Ind|Number#Sing|Person#3|Tense#Pres|VerbForm#Fin|Voice#Act
005.SCG*LB4.CP-3++4.N.26.12-2.17-1W2	oportet	Q32812	https://lilamorph.wikibase.cloud/entity/L31767-F4	lemma/115099	Aspect#Imp|Mood#Ind|Number#Sing|Person#3|Tense#Pres|VerbForm#Fin|Voice#Act
005.SCG*LB2.CP-5++6.N.11.2-7.5-1W9	oportet	Q32844	https://lilamorph.wikibase.cloud/entity/L31767-F4	lemma/115099	Mood#Ind|Number#Sing|Person#3|Tense#Pres|VerbForm#Fin|Voice#Act
005.SCG*LB1.CP-8++2.N.11.1-1.4-7W13	oportet	Q32855	https://lilamorph.wikibase.cloud/entity/L31767-F4	lemma/115099	Mood#Ind|Number#Sing|Person#3|Tense#Pres|VerbForm#Fin|Voice#Act
005.SCG*LB1.CP-4++4.N.-8.7-3.9-2W1	oportet	Q32857	https://lilamorph.wikibase.cloud/entity/L31767-F4	lemma/115099	Mood#Ind|Number#Sing|Person#3|Tense#Pres|VerbForm#Fin|Voice#Act
005.SCG*LB3.CP-6++4.N.-5.6-5.11-3W9	operentur	Q32867	https://lilamorph.wikibase.cloud/entity/L31761-F78	lemma/115029	Mood#Sub|Number#Plur|Person#3|Tense#Pres|VerbForm#Fin|Voice#Pass
005.SCG*LB1.CP-5++0.N.-4.3-1.4-4W1	oportet	Q32872	https://lilamorph.wikibase.cloud/entity/L31767-F4	lemma/115099	Mood#Ind|Number#Sing|Person#3|Tense#Pres|VerbForm#Fin|Voice#Act
005.SCG*LB2.CP-6++3.N.-1.9-4.11-6W11	irascuntur	Q32882	https://lilamorph.wikibase.cloud/entity/L30977-F71	lemma/108955	Mood#Ind|Number#Plur|Person#3|Tense#Pres|VerbForm#Fin|Voice#Pass
005.SCG*LB1.CP-4++2.N.13.3-2.4-7W1	oportet	Q32917	https://lilamorph.wikibase.cloud/entity/L31767-F4	lemma/115099	Mood#Ind|Number#Sing|Person#3|Tense#Pres|VerbForm#Fin|Voice#Act
005.SCG*LB4.CP-3++3.N.-3.10-4.14-6W13	oportet	Q32919	https://lilamorph.wikibase.cloud/entity/L31767-F4	lemma/115099	Aspect#Imp|Mood#Ind|Number#Sing|Person#3|Tense#Pres|VerbForm#Fin|Voice#Act
005.SCG*LB1.CP-6++3.N.-7.6-2.8-2W5	patitur	Q32935	https://lilamorph.wikibase.cloud/entity/L31871-F68	lemma/116223	Mood#Ind|Number#Sing|Person#3|Tense#Pres|VerbForm#Fin|Voice#Pass
005.SCG*LB4.CP-1++7.N.11.6-7.7-5W3	loquatur	Q32946	https://lilamorph.wikibase.cloud/entity/L31185-F77	lemma/110806	Aspect#Imp|Mood#Sub|Number#Sing|Person#3|Tense#Pres|VerbForm#Fin|Voice#Pass
005.SCG*LB4.CP-5++5.N.25.1-1.4-5W14	mori	Q32975	https://lilamorph.wikibase.cloud/entity/L31378-F64	lemma/112797	Aspect#Imp|Tense#Pres|VerbForm#Inf|Voice#Pass
005.SCG*LB1.CP-9++8.N.-2.6-5.10-9W22	oportet	Q33000	https://lilamorph.wikibase.cloud/entity/L31767-F4	lemma/115099	Mood#Ind|Number#Sing|Person#3|Tense#Pres|VerbForm#Fin|Voice#Act
005.SCG*LB3.CP-7++1.N.-5.1-2.4-2W5	operetur	Q33010	https://lilamorph.wikibase.cloud/entity/L31761-F75	lemma/115029	Mood#Sub|Number#Sing|Person#3|Tense#Pres|VerbForm#Fin|Voice#Pass
005.SCG*LB1.CP-5++0.N.-7.7-1.11-6W28	oportet	Q33015	https://lilamorph.wikibase.cloud/entity/L31767-F4	lemma/115099	Mood#Ind|Number#Sing|Person#3|Tense#Pres|VerbForm#Fin|Voice#Act
005.SCG*LB2.CP-6++2.N.10.5-1.11-1W12	oportet	Q33035	https://lilamorph.wikibase.cloud/entity/L31767-F4	lemma/115099	Mood#Ind|Number#Sing|Person#3|Tense#Pres|VerbForm#Fin|Voice#Act
005.SCG*LB3.CP13++4.N.-2.1-1.5-7W25	oporteat	Q33036	https://lilamorph.wikibase.cloud/entity/L31767-F10	lemma/115099	Mood#Sub|Number#Sing|Person#3|Tense#Pres|VerbForm#Fin|Voice#Act
005.SCG*LB4.CP-4++2.N.-1.7-3.9-6W1	oportuit	Q33050	https://lilamorph.wikibase.cloud/entity/L31767-F128	lemma/115099	Aspect#Perf|Mood#Ind|Number#Sing|Person#3|Tense#Past|VerbForm#Fin|Voice#Act
005.SCG*LB1.CP-2++6.N.-6.1-2.2-10W4	loquendo	Q33062	https://lilamorph.wikibase.cloud/entity/L31185-F207	lemma/110806	Case#Abl|Degree#Pos|Number#Sing|VerbForm#Ger|Voice#Pass
005.SCG*LB2.CP-3++5.N.-1.1-1.2-6W1	oportet	Q33083	https://lilamorph.wikibase.cloud/entity/L31767-F4	lemma/115099	Mood#Ind|Number#Sing|Person#3|Tense#Pres|VerbForm#Fin|Voice#Act
005.SCG*LB2.CP-8++3.N.25.41-3.44-2W17	patiatur	Q33106	https://lilamorph.wikibase.cloud/entity/L31871-F75	lemma/116223	Mood#Sub|Number#Sing|Person#3|Tense#Pres|VerbForm#Fin|Voice#Pass
005.SCG*LB3.CP-9++8.N.-1.11-6.15-5W2	oportet	Q33131	https://lilamorph.wikibase.cloud/entity/L31767-F4	lemma/115099	Mood#Ind|Number#Sing|Person#3|Tense#Pres|VerbForm#Fin|Voice#Act
005.SCG*LB1.CP-2++0.N.12.6-3.9-3W1	oportebit	Q33168	https://lilamorph.wikibase.cloud/entity/L31767-F109	lemma/115099	Mood#Ind|Number#Sing|Person#3|Tense#Fut|VerbForm#Fin|Voice#Act
005.SCG*LB2.CP-9++1.N.-8.1-2.4-1W3	oportet	Q33198	https://lilamorph.wikibase.cloud/entity/L31767-F4	lemma/115099	Mood#Ind|Number#Sing|Person#3|Tense#Pres|VerbForm#Fin|Voice#Act
005.SCG*LB2.CP-3++4.N.-3.7-2.8-3W1	oportet	Q33201	https://lilamorph.wikibase.cloud/entity/L31767-F4	lemma/115099	Mood#Ind|Number#Sing|Person#3|Tense#Pres|VerbForm#Fin|Voice#Act
005.SCG*LB4.CP-1++7.N.14.6-1.7-3W8	loquitur	Q33211	https://lilamorph.wikibase.cloud/entity/L31185-F69	lemma/110806	Aspect#Imp|Mood#Ind|Number#Sing|Person#3|Tense#Pres|VerbForm#Fin|Voice#Pass
005.SCG*LB4.CP-1++7.N.22.1-2.2-7W8	oportet	Q33244	https://lilamorph.wikibase.cloud/entity/L31767-F4	lemma/115099	Aspect#Imp|Mood#Ind|Number#Sing|Person#3|Tense#Pres|VerbForm#Fin|Voice#Act
005.SCG*LB3.CP--++5.N.-8.1-1.4-5W15	oportet	Q33273	https://lilamorph.wikibase.cloud/entity/L31767-F4	lemma/115099	Mood#Ind|Number#Sing|Person#3|Tense#Pres|VerbForm#Fin|Voice#Act
005.SCG*LB1.CP-4++2.N.12.3-8.4-6W4	oportet	Q33279	https://lilamorph.wikibase.cloud/entity/L31767-F4	lemma/115099	Mood#Ind|Number#Sing|Person#3|Tense#Pres|VerbForm#Fin|Voice#Act
005.SCG*LB1.CP-5++4.N.-4.12-5.15-4W6	complectitur	Q6937	https://lilamorph.wikibase.cloud/entity/L28022-F135	lemma/95339	Mood#Ind|Number#Sing|Person#3|Tense#Pres|VerbForm#Fin|Voice#Pass
005.SCG*LB4.CP-5++6.N.-4.1-1.5-2W24	passi	Q33308	https://lilamorph.wikibase.cloud/entity/L31871-F169	lemma/116223	Aspect#Perf|Case#Gen|Degree#Pos|Gender#Masc|Number#Sing|Tense#Past|VerbForm#Part|Voice#Pass
005.SCG*LB4.CP-4++9.N.-7.10-7.14-1W3	oportet	Q33364	https://lilamorph.wikibase.cloud/entity/L31767-F4	lemma/115099	Aspect#Imp|Mood#Ind|Number#Sing|Person#3|Tense#Pres|VerbForm#Fin|Voice#Act
005.SCG*LB1.CP-9++2.N.-1.10-5.12-1W1	oportet	Q33390	https://lilamorph.wikibase.cloud/entity/L31767-F4	lemma/115099	Mood#Ind|Number#Sing|Person#3|Tense#Pres|VerbForm#Fin|Voice#Act
005.SCG*LB3.CP-9++0.N.-1.1-1.3-3W5	oportet	Q33417	https://lilamorph.wikibase.cloud/entity/L31767-F4	lemma/115099	Mood#Ind|Number#Sing|Person#3|Tense#Pres|VerbForm#Fin|Voice#Act
005.SCG*LB2.CP-7++7.N.-5.13-3.16-2W7	oporteret	Q33432	https://lilamorph.wikibase.cloud/entity/L31767-F89	lemma/115099	Aspect#Imp|Mood#Sub|Number#Sing|Person#3|Tense#Imp|VerbForm#Fin|Voice#Act
005.SCG*LB3.CP--++2.N.-7.6-6.10-6W16	loquitur	Q33478	https://lilamorph.wikibase.cloud/entity/L31185-F69	lemma/110806	Mood#Ind|Number#Sing|Person#3|Tense#Pres|VerbForm#Fin|Voice#Pass
005.SCG*LB3.CP-8++0.N.16.11-4.16-1W27	oportet	Q33492	https://lilamorph.wikibase.cloud/entity/L31767-F4	lemma/115099	Mood#Ind|Number#Sing|Person#3|Tense#Pres|VerbForm#Fin|Voice#Act
005.SCG*LB3.CP14++6.N.--.1-1.2-1W3	licet	Q33595	https://lilamorph.wikibase.cloud/entity/L31140-F4	lemma/110433	Mood#Ind|Number#Sing|Person#3|Tense#Pres|VerbForm#Fin|Voice#Act
005.SCG*LB2.CP-4++6.N.--.1-1.3-1W2	oportuit	Q33607	https://lilamorph.wikibase.cloud/entity/L31767-F128	lemma/115099	Aspect#Perf|Mood#Ind|Number#Sing|Person#3|Tense#Past|VerbForm#Fin|Voice#Act
005.SCG*LB3.CP-7++5.N.-5.9-6.13-2W7	operatur	Q33636	https://lilamorph.wikibase.cloud/entity/L31761-F68	lemma/115029	Mood#Ind|Number#Sing|Person#3|Tense#Pres|VerbForm#Fin|Voice#Pass
005.SCG*LB2.CP-8++3.N.29.7-2.11-1W3	oportet	Q33641	https://lilamorph.wikibase.cloud/entity/L31767-F4	lemma/115099	Mood#Ind|Number#Sing|Person#3|Tense#Pres|VerbForm#Fin|Voice#Act
005.SCG*LB4.CP-3++4.N.-9.22-1.24-2W1	oportet	Q33660	https://lilamorph.wikibase.cloud/entity/L31767-F4	lemma/115099	Aspect#Imp|Mood#Ind|Number#Sing|Person#3|Tense#Pres|VerbForm#Fin|Voice#Act
005.SCG*LB3.CP-8++5.N.-7.8-1.9-6W7	oporteret	Q33733	https://lilamorph.wikibase.cloud/entity/L31767-F89	lemma/115099	Aspect#Imp|Mood#Sub|Number#Sing|Person#3|Tense#Imp|VerbForm#Fin|Voice#Act
005.SCG*LB2.CP-4++7.N.-3.17-2.18-1W7	operandum	Q33805	https://lilamorph.wikibase.cloud/entity/L31761-F263	lemma/115029	Case#Acc|Degree#Pos|Number#Sing|VerbForm#Ger|Voice#Pass
005.SCG*LB4.CP-7++9.N.-2.3-2.4-6W1	mori	Q33828	https://lilamorph.wikibase.cloud/entity/L31378-F64	lemma/112797	Aspect#Imp|Tense#Pres|VerbForm#Inf|Voice#Pass
005.SCG*LB4.CP-4++2.N.-2.3-1.4-3W5	sortitur	Q33869	https://lilamorph.wikibase.cloud/entity/L33654-F68	lemma/125212	Aspect#Imp|Mood#Ind|Number#Sing|Person#3|Tense#Pres|VerbForm#Fin|Voice#Pass
005.SCG*LB3.CP13++2.N.27.1-1.9-2W25	oportere	Q33959	https://lilamorph.wikibase.cloud/entity/L31767-F1	lemma/115099	Tense#Pres|VerbForm#Inf|Voice#Act
005.SCG*LB3.CP-1++1.N.-4.7-5.8-4W1	oportet	Q33960	https://lilamorph.wikibase.cloud/entity/L31767-F4	lemma/115099	Mood#Ind|Number#Sing|Person#3|Tense#Pres|VerbForm#Fin|Voice#Act
005.SCG*LB1.CP--++4.N.-3.19-1.21-1W14	oportet	Q33963	https://lilamorph.wikibase.cloud/entity/L31767-F4	lemma/115099	Mood#Ind|Number#Sing|Person#3|Tense#Pres|VerbForm#Fin|Voice#Act
005.SCG*LB3.CP-4++7.N.-3.1-1.10-4W11	oportet	Q33965	https://lilamorph.wikibase.cloud/entity/L31767-F4	lemma/115099	Mood#Ind|Number#Sing|Person#3|Tense#Pres|VerbForm#Fin|Voice#Act
005.SCG*LB3.CP-7++6.N.-4.18-2.21-4W1	oportet	Q33998	https://lilamorph.wikibase.cloud/entity/L31767-F4	lemma/115099	Mood#Ind|Number#Sing|Person#3|Tense#Pres|VerbForm#Fin|Voice#Act
005.SCG*LB4.CP-2++4.N.-8.14-7.16-2W1	oportet	Q34013	https://lilamorph.wikibase.cloud/entity/L31767-F4	lemma/115099	Aspect#Imp|Mood#Ind|Number#Sing|Person#3|Tense#Pres|VerbForm#Fin|Voice#Act
005.SCG*LB4.CP-2++1.N.-2.23-1.29-1W37	operatum	Q34016	https://lilamorph.wikibase.cloud/entity/L31761-F209	lemma/115029	Aspect#Perf|Case#Acc|Degree#Pos|Gender#Neut|Number#Sing|Tense#Past|VerbForm#Part|Voice#Pass
005.SCG*LB2.CP-9++8.N.-4.15-3.18-3W4	oportet	Q34021	https://lilamorph.wikibase.cloud/entity/L31767-F4	lemma/115099	Mood#Ind|Number#Sing|Person#3|Tense#Pres|VerbForm#Fin|Voice#Act
005.SCG*LB2.CP-5++7.N.-6.13-1.17-6W30	irasci	Q34043	https://lilamorph.wikibase.cloud/entity/L30977-F64	lemma/108955	Tense#Pres|VerbForm#Inf|Voice#Pass
005.SCG*LB3.CP-8++6.N.-9.4-5.7-3W8	oportet	Q34060	https://lilamorph.wikibase.cloud/entity/L31767-F4	lemma/115099	Mood#Ind|Number#Sing|Person#3|Tense#Pres|VerbForm#Fin|Voice#Act
005.SCG*LB4.CP-3++6.N.-7.11-5.16-5W26	operatur	Q34092	https://lilamorph.wikibase.cloud/entity/L31761-F68	lemma/115029	Aspect#Imp|Mood#Ind|Number#Sing|Person#3|Tense#Pres|VerbForm#Fin|Voice#Pass
005.SCG*LB3.CP-2++6.N.19.1-1.4-1W3	oportet	Q34097	https://lilamorph.wikibase.cloud/entity/L31767-F4	lemma/115099	Mood#Ind|Number#Sing|Person#3|Tense#Pres|VerbForm#Fin|Voice#Act
005.SCG*LB4.CP--++1.N.12.16-4.18-2W8	loquar	Q34115	https://lilamorph.wikibase.cloud/entity/L31185-F155	lemma/110806	Aspect#Imp|Mood#Ind|Number#Sing|Person#1|Tense#Fut|VerbForm#Fin|Voice#Pass
005.SCG*LB4.CP-7++4.N.-7.6-5.12-1W18	oportet	Q34131	https://lilamorph.wikibase.cloud/entity/L31767-F4	lemma/115099	Aspect#Imp|Mood#Ind|Number#Sing|Person#3|Tense#Pres|VerbForm#Fin|Voice#Act
005.SCG*LB3.CP13++5.N.-1.1-1.4-2W9	oportet	Q34140	https://lilamorph.wikibase.cloud/entity/L31767-F4	lemma/115099	Mood#Ind|Number#Sing|Person#3|Tense#Pres|VerbForm#Fin|Voice#Act
005.SCG*LB4.CP-3++4.N.22.15-3.19-2W1	oportet	Q34143	https://lilamorph.wikibase.cloud/entity/L31767-F4	lemma/115099	Aspect#Imp|Mood#Ind|Number#Sing|Person#3|Tense#Pres|VerbForm#Fin|Voice#Act
005.SCG*LB2.CP-1++7.N.-4.1-2.3-3W6	oportet	Q34150	https://lilamorph.wikibase.cloud/entity/L31767-F4	lemma/115099	Mood#Ind|Number#Sing|Person#3|Tense#Pres|VerbForm#Fin|Voice#Act
005.SCG*LB4.CP--++6.N.-1.36-6.41-3W19	oportebat	Q34237	https://lilamorph.wikibase.cloud/entity/L31767-F83	lemma/115099	Aspect#Imp|Mood#Ind|Number#Sing|Person#3|Tense#Imp|VerbForm#Fin|Voice#Act
005.SCG*LB4.CP-4++3.N.-5.9-4.12-6W5	oportuisset	Q34257	https://lilamorph.wikibase.cloud/entity/L31767-F131	lemma/115099	Aspect#Perf|Mood#Sub|Number#Sing|Person#3|Tense#Pqp|VerbForm#Fin|Voice#Act
005.SCG*LB2.CP-3++3.N.-4.1-2.5-3W8	oportet	Q34274	https://lilamorph.wikibase.cloud/entity/L31767-F4	lemma/115099	Mood#Ind|Number#Sing|Person#3|Tense#Pres|VerbForm#Fin|Voice#Act
005.SCG*LB4.CP-1++7.N.19.7-3.10-1W10	loquitur	Q34285	https://lilamorph.wikibase.cloud/entity/L31185-F69	lemma/110806	Aspect#Imp|Mood#Ind|Number#Sing|Person#3|Tense#Pres|VerbForm#Fin|Voice#Pass
005.SCG*LB4.CP-1++7.N.23.6-7.8-4W9	operatur	Q34309	https://lilamorph.wikibase.cloud/entity/L31761-F68	lemma/115029	Aspect#Imp|Mood#Ind|Number#Sing|Person#3|Tense#Pres|VerbForm#Fin|Voice#Pass
005.SCG*LB3.CP-2++8.N.-4.4-2.6-1W1	oportet	Q34335	https://lilamorph.wikibase.cloud/entity/L31767-F4	lemma/115099	Mood#Ind|Number#Sing|Person#3|Tense#Pres|VerbForm#Fin|Voice#Act
005.SCG*LB1.CP-5++3.N.-4.1-1.7-1W25	oportet	Q34339	https://lilamorph.wikibase.cloud/entity/L31767-F4	lemma/115099	Mood#Ind|Number#Sing|Person#3|Tense#Pres|VerbForm#Fin|Voice#Act
005.SCG*LB3.CP-2++5.N.11.8-5.10-2W6	arbitramur	Q3747	https://lilamorph.wikibase.cloud/entity/L27190-F69	lemma/89779	Mood#Ind|Number#Plur|Person#1|Tense#Pres|VerbForm#Fin|Voice#Pass
005.SCG*LB2.CP-4++3.N.-5.7-5.9-3W8	oportet	Q34417	https://lilamorph.wikibase.cloud/entity/L31767-F4	lemma/115099	Mood#Ind|Number#Sing|Person#3|Tense#Pres|VerbForm#Fin|Voice#Act
005.SCG*LB2.CP-3++5.N.-6.9-6.17-3W29	oporteat	Q34435	https://lilamorph.wikibase.cloud/entity/L31767-F10	lemma/115099	Mood#Sub|Number#Sing|Person#3|Tense#Pres|VerbForm#Fin|Voice#Act
005.SCG*LB3.CP--++2.N.-4.13-1.22-5W11	oportet	Q34462	https://lilamorph.wikibase.cloud/entity/L31767-F4	lemma/115099	Mood#Ind|Number#Sing|Person#3|Tense#Pres|VerbForm#Fin|Voice#Act
005.SCG*LB4.CP-8++3.N.17.23-2.25-3W16	mori	Q34491	https://lilamorph.wikibase.cloud/entity/L31378-F64	lemma/112797	Aspect#Imp|Tense#Pres|VerbForm#Inf|Voice#Pass
005.SCG*LB2.CP-9++1.N.-2.20-4.22-3W8	oportet	Q34574	https://lilamorph.wikibase.cloud/entity/L31767-F4	lemma/115099	Mood#Ind|Number#Sing|Person#3|Tense#Pres|VerbForm#Fin|Voice#Act
005.SCG*LB1.CP10++0.N.-5.4-3.6-3W1	oportet	Q34591	https://lilamorph.wikibase.cloud/entity/L31767-F4	lemma/115099	Mood#Ind|Number#Sing|Person#3|Tense#Pres|VerbForm#Fin|Voice#Act
005.SCG*LB2.CP-8++9.N.11.1-1.6-3W15	oportet	Q34614	https://lilamorph.wikibase.cloud/entity/L31767-F4	lemma/115099	Mood#Ind|Number#Sing|Person#3|Tense#Pres|VerbForm#Fin|Voice#Act
005.SCG*LB2.CP-2++3.N.-7.2-8.4-8W9	oportet	Q34622	https://lilamorph.wikibase.cloud/entity/L31767-F4	lemma/115099	Mood#Ind|Number#Sing|Person#3|Tense#Pres|VerbForm#Fin|Voice#Act
005.SCG*LB3.CP10++4.N.10.7-2.10-4W18	oportet	Q34658	https://lilamorph.wikibase.cloud/entity/L31767-F4	lemma/115099	Mood#Ind|Number#Sing|Person#3|Tense#Pres|VerbForm#Fin|Voice#Act
005.SCG*LB4.CP-2++3.N.-3.7-1.9-2W2	oportet	Q34677	https://lilamorph.wikibase.cloud/entity/L31767-F4	lemma/115099	Aspect#Imp|Mood#Ind|Number#Sing|Person#3|Tense#Pres|VerbForm#Fin|Voice#Act
005.SCG*LB3.CP15++3.N.-2.7-1.9-7W1	oportet	Q34716	https://lilamorph.wikibase.cloud/entity/L31767-F4	lemma/115099	Mood#Ind|Number#Sing|Person#3|Tense#Pres|VerbForm#Fin|Voice#Act
005.SCG*LB2.CP-3++8.N.14.11-1.13-6W17	revertuntur	Q34730	https://lilamorph.wikibase.cloud/entity/L33370-F141	lemma/122809	Mood#Ind|Number#Plur|Person#3|Tense#Pres|VerbForm#Fin|Voice#Pass
005.SCG*LB2.CP-9++8.N.16.1-2.3-4W5	operatur	Q34776	https://lilamorph.wikibase.cloud/entity/L31761-F68	lemma/115029	Mood#Ind|Number#Sing|Person#3|Tense#Pres|VerbForm#Fin|Voice#Pass
005.SCG*LB3.CP13++3.N.-4.1-1.6-6W31	licitum	Q34794	https://lilamorph.wikibase.cloud/entity/L31140-F196	lemma/110433	Aspect#Perf|Case#Acc|Degree#Pos|Gender#Masc|Number#Sing|Tense#Past|VerbForm#Part|Voice#Pass
005.SCG*LB4.CP-3++4.N.29.6-1.8-1W19	mortuis	Q34797	https://lilamorph.wikibase.cloud/entity/L31378-F190	lemma/112797	Aspect#Perf|Case#Abl|Degree#Pos|Gender#Masc|Number#Plur|Tense#Past|VerbForm#Part|Voice#Pass
005.SCG*LB3.CP15++0.N.-2.8-1.9-2W7	operatur	Q34799	https://lilamorph.wikibase.cloud/entity/L31761-F68	lemma/115029	Mood#Ind|Number#Sing|Person#3|Tense#Pres|VerbForm#Fin|Voice#Pass
005.SCG*LB1.CP-6++4.N.-1.1-1.5-5W14	oportet	Q34819	https://lilamorph.wikibase.cloud/entity/L31767-F4	lemma/115099	Mood#Ind|Number#Sing|Person#3|Tense#Pres|VerbForm#Fin|Voice#Act
005.SCG*LB1.CP-6++2.N.-5.13-3.18-2W11	oportet	Q34825	https://lilamorph.wikibase.cloud/entity/L31767-F4	lemma/115099	Mood#Ind|Number#Sing|Person#3|Tense#Pres|VerbForm#Fin|Voice#Act
005.SCG*LB2.CP-1++3.N.-2.1-1.4-4W11	oporteret	Q34859	https://lilamorph.wikibase.cloud/entity/L31767-F89	lemma/115099	Aspect#Imp|Mood#Sub|Number#Sing|Person#3|Tense#Imp|VerbForm#Fin|Voice#Act
005.SCG*LB4.CP-5++1.N.-9.1-2.5-4W13	oportet	Q34912	https://lilamorph.wikibase.cloud/entity/L31767-F4	lemma/115099	Aspect#Imp|Mood#Ind|Number#Sing|Person#3|Tense#Pres|VerbForm#Fin|Voice#Act
005.SCG*LB2.CP-3++0.N.17.11-1.14-1W2	oportet	Q34918	https://lilamorph.wikibase.cloud/entity/L31767-F4	lemma/115099	Mood#Ind|Number#Sing|Person#3|Tense#Pres|VerbForm#Fin|Voice#Act
005.SCG*LB1.CP-2++8.N.-7.13-2.16-9W1	oportet	Q34920	https://lilamorph.wikibase.cloud/entity/L31767-F4	lemma/115099	Mood#Ind|Number#Sing|Person#3|Tense#Pres|VerbForm#Fin|Voice#Act
005.SCG*LB2.CP-9++0.N.-2.19-3.22-3W1	oportet	Q34934	https://lilamorph.wikibase.cloud/entity/L31767-F4	lemma/115099	Mood#Ind|Number#Sing|Person#3|Tense#Pres|VerbForm#Fin|Voice#Act
005.SCG*LB4.CP-6++8.N.-2.4-2.5-5W4	locutus	Q34943	https://lilamorph.wikibase.cloud/entity/L31185-F165	lemma/110806	Aspect#Perf|Case#Nom|Degree#Pos|Gender#Masc|Number#Sing|Tense#Past|VerbForm#Part|Voice#Pass
005.SCG*LB4.CP-7++7.N.-6.3-1.4-1W10	rimatur	Q34951	https://lilamorph.wikibase.cloud/entity/L33398-F68	lemma/122841	Aspect#Imp|Mood#Ind|Number#Sing|Person#3|Tense#Pres|VerbForm#Fin|Voice#Pass
005.SCG*LB3.CP-5++2.N.-4.1-2.6-5W16	oportet	Q34991	https://lilamorph.wikibase.cloud/entity/L31767-F4	lemma/115099	Mood#Ind|Number#Sing|Person#3|Tense#Pres|VerbForm#Fin|Voice#Act
005.SCG*LB3.CP14++7.N.-6.18-5.22-1W1	oportet	Q35015	https://lilamorph.wikibase.cloud/entity/L31767-F4	lemma/115099	Mood#Ind|Number#Sing|Person#3|Tense#Pres|VerbForm#Fin|Voice#Act
005.SCG*LB3.CP-6++7.N.-4.14-2.17-5W11	operandum	Q35121	https://lilamorph.wikibase.cloud/entity/L31761-F263	lemma/115029	Case#Acc|Degree#Pos|Number#Sing|VerbForm#Ger|Voice#Pass
005.SCG*LB2.CP-9++1.N.-8.18-3.27-1W6	oportet	Q35127	https://lilamorph.wikibase.cloud/entity/L31767-F4	lemma/115099	Mood#Ind|Number#Sing|Person#3|Tense#Pres|VerbForm#Fin|Voice#Act
005.SCG*LB4.CP-7++9.N.-2.5-1.7-4W6	mori	Q35243	https://lilamorph.wikibase.cloud/entity/L31378-F64	lemma/112797	Aspect#Imp|Tense#Pres|VerbForm#Inf|Voice#Pass
005.SCG*LB3.CP13++2.N.-4.3-6.5-4W7	sectantur	Q35272	https://lilamorph.wikibase.cloud/entity/L33553-F71	lemma/123965	Mood#Ind|Number#Plur|Person#3|Tense#Pres|VerbForm#Fin|Voice#Pass
005.SCG*LB2.CP-1++0.N.-1.23-1.24-6W6	loquendo	Q35360	https://lilamorph.wikibase.cloud/entity/L31185-F207	lemma/110806	Case#Abl|Degree#Pos|Number#Sing|VerbForm#Ger|Voice#Pass
005.SCG*LB4.CP-5++5.N.19.21-5.25-1W21	pati	Q35389	https://lilamorph.wikibase.cloud/entity/L31871-F64	lemma/116223	Aspect#Imp|Tense#Pres|VerbForm#Inf|Voice#Pass
005.SCG*LB3.CP-1++8.N.-5.3-3.8-7W24	largiatur	Q35446	https://lilamorph.wikibase.cloud/entity/L31096-F75	lemma/109941	Mood#Sub|Number#Sing|Person#3|Tense#Pres|VerbForm#Fin|Voice#Pass
005.SCG*LB2.CP-4++1.N.-2.1-1.4-3W16	oportet	Q35472	https://lilamorph.wikibase.cloud/entity/L31767-F4	lemma/115099	Mood#Ind|Number#Sing|Person#3|Tense#Pres|VerbForm#Fin|Voice#Act
005.SCG*LB1.CP10++0.N.-4.25-1.27-1W16	operetur	Q35475	https://lilamorph.wikibase.cloud/entity/L31761-F75	lemma/115029	Mood#Sub|Number#Sing|Person#3|Tense#Pres|VerbForm#Fin|Voice#Pass
005.SCG*LB3.CP-2++6.N.10.10-3.13-4W2	oportet	Q35502	https://lilamorph.wikibase.cloud/entity/L31767-F4	lemma/115099	Mood#Ind|Number#Sing|Person#3|Tense#Pres|VerbForm#Fin|Voice#Act
005.SCG*LB4.CP-3++4.N.19.10-1.11-3W1	oportet	Q35542	https://lilamorph.wikibase.cloud/entity/L31767-F4	lemma/115099	Aspect#Imp|Mood#Ind|Number#Sing|Person#3|Tense#Pres|VerbForm#Fin|Voice#Act
005.SCG*LB2.CP-1++5.N.-2.35-3.37-5W14	oportet	Q35565	https://lilamorph.wikibase.cloud/entity/L31767-F4	lemma/115099	Mood#Ind|Number#Sing|Person#3|Tense#Pres|VerbForm#Fin|Voice#Act
005.SCG*LB4.CP--++7.N.20.21-4.22-8W1	oportet	Q35602	https://lilamorph.wikibase.cloud/entity/L31767-F4	lemma/115099	Aspect#Imp|Mood#Ind|Number#Sing|Person#3|Tense#Pres|VerbForm#Fin|Voice#Act
005.SCG*LB3.CP10++2.N.-7.9-4.12-5W1	oportet	Q35669	https://lilamorph.wikibase.cloud/entity/L31767-F4	lemma/115099	Mood#Ind|Number#Sing|Person#3|Tense#Pres|VerbForm#Fin|Voice#Act
005.SCG*LB4.CP-2++6.N.-2.5-5.9-1W6	oportet	Q35781	https://lilamorph.wikibase.cloud/entity/L31767-F4	lemma/115099	Aspect#Imp|Mood#Ind|Number#Sing|Person#3|Tense#Pres|VerbForm#Fin|Voice#Act
005.SCG*LB1.CP-4++3.N.13.11-7.13-7W13	oportet	Q35794	https://lilamorph.wikibase.cloud/entity/L31767-F4	lemma/115099	Mood#Ind|Number#Sing|Person#3|Tense#Pres|VerbForm#Fin|Voice#Act
005.SCG*LB3.CP10++1.N.-1.10-1.11-4W4	miratur	Q35837	https://lilamorph.wikibase.cloud/entity/L31343-F68	lemma/112443	Mood#Ind|Number#Sing|Person#3|Tense#Pres|VerbForm#Fin|Voice#Pass
005.SCG*LB2.CP-8++3.N.31.10-1.14-7W18	oportebit	Q35853	https://lilamorph.wikibase.cloud/entity/L31767-F109	lemma/115099	Mood#Ind|Number#Sing|Person#3|Tense#Fut|VerbForm#Fin|Voice#Act
005.SCG*LB3.CP--++4.N.-5.14-6.16-4W6	operatur	Q35854	https://lilamorph.wikibase.cloud/entity/L31761-F68	lemma/115029	Mood#Ind|Number#Sing|Person#3|Tense#Pres|VerbForm#Fin|Voice#Pass
005.SCG*LB3.CP-9++5.N.17.16-2.19-2W11	locutus	Q35859	https://lilamorph.wikibase.cloud/entity/L31185-F165	lemma/110806	Aspect#Perf|Case#Nom|Degree#Pos|Gender#Masc|Number#Sing|Tense#Past|VerbForm#Part|Voice#Pass
005.SCG*LB4.CP-1++4.N.-6.4-5.8-7W16	oportet	Q35909	https://lilamorph.wikibase.cloud/entity/L31767-F4	lemma/115099	Aspect#Imp|Mood#Ind|Number#Sing|Person#3|Tense#Pres|VerbForm#Fin|Voice#Act
005.SCG*LB3.CP-4++2.N.-7.32-1.34-4W8	oportet	Q35953	https://lilamorph.wikibase.cloud/entity/L31767-F4	lemma/115099	Mood#Ind|Number#Sing|Person#3|Tense#Pres|VerbForm#Fin|Voice#Act
005.SCG*LB3.CP11++3.N.-3.4-1.8-2W10	oportet	Q35961	https://lilamorph.wikibase.cloud/entity/L31767-F4	lemma/115099	Mood#Ind|Number#Sing|Person#3|Tense#Pres|VerbForm#Fin|Voice#Act
005.SCG*LB3.CP-2++3.N.-3.22-3.24-4W11	oportebit	Q35965	https://lilamorph.wikibase.cloud/entity/L31767-F109	lemma/115099	Mood#Ind|Number#Sing|Person#3|Tense#Fut|VerbForm#Fin|Voice#Act
005.SCG*LB4.CP-1++7.N.18.3-3.6-2W23	loquebantur	Q35996	https://lilamorph.wikibase.cloud/entity/L31185-F101	lemma/110806	Aspect#Imp|Mood#Ind|Number#Plur|Person#3|Tense#Imp|VerbForm#Fin|Voice#Pass
005.SCG*LB3.CP15++5.N.-3.10-5.12-1W13	operandum	Q35999	https://lilamorph.wikibase.cloud/entity/L31761-F263	lemma/115029	Case#Acc|Degree#Pos|Number#Sing|VerbForm#Ger|Voice#Pass
005.SCG*LB3.CP-8++2.N.-6.33-2.34-6W1	oportet	Q36004	https://lilamorph.wikibase.cloud/entity/L31767-F4	lemma/115099	Mood#Ind|Number#Sing|Person#3|Tense#Pres|VerbForm#Fin|Voice#Act
005.SCG*LB1.CP-4++2.N.-5.19-2.20-2W2	oportet	Q36053	https://lilamorph.wikibase.cloud/entity/L31767-F4	lemma/115099	Mood#Ind|Number#Sing|Person#3|Tense#Pres|VerbForm#Fin|Voice#Act
005.SCG*LB4.CP--++8.N.-5.52-5.54-3W5	patitur	Q36054	https://lilamorph.wikibase.cloud/entity/L31871-F68	lemma/116223	Aspect#Imp|Mood#Ind|Number#Sing|Person#3|Tense#Pres|VerbForm#Fin|Voice#Pass
005.SCG*LB2.CP-7++5.N.-4.8-6.10-3W1	oportet	Q36121	https://lilamorph.wikibase.cloud/entity/L31767-F4	lemma/115099	Mood#Ind|Number#Sing|Person#3|Tense#Pres|VerbForm#Fin|Voice#Act
005.SCG*LB4.CP-3++4.N.25.16-2.18-1W1	oportebit	Q36189	https://lilamorph.wikibase.cloud/entity/L31767-F109	lemma/115099	Aspect#Imp|Mood#Ind|Number#Sing|Person#3|Tense#Fut|VerbForm#Fin|Voice#Act
005.SCG*LB2.CP-3++4.N.-4.7-3.9-2W1	oportet	Q36207	https://lilamorph.wikibase.cloud/entity/L31767-F4	lemma/115099	Mood#Ind|Number#Sing|Person#3|Tense#Pres|VerbForm#Fin|Voice#Act
005.SCG*LB4.CP-8++0.N.-5.1-2.4-1W11	oportet	Q36250	https://lilamorph.wikibase.cloud/entity/L31767-F4	lemma/115099	Aspect#Imp|Mood#Ind|Number#Sing|Person#3|Tense#Pres|VerbForm#Fin|Voice#Act
005.SCG*LB3.CP13++4.N.-8.3-1.4-6W5	loquitur	Q36263	https://lilamorph.wikibase.cloud/entity/L31185-F69	lemma/110806	Mood#Ind|Number#Sing|Person#3|Tense#Pres|VerbForm#Fin|Voice#Pass
005.SCG*LB4.CP-6++4.N.-4.9-1.13-4W16	oporteat	Q36280	https://lilamorph.wikibase.cloud/entity/L31767-F10	lemma/115099	Aspect#Imp|Mood#Sub|Number#Sing|Person#3|Tense#Pres|VerbForm#Fin|Voice#Act
005.SCG*LB3.CP-5++6.N.-5.22-5.25-1W15	oportet	Q36312	https://lilamorph.wikibase.cloud/entity/L31767-F4	lemma/115099	Mood#Ind|Number#Sing|Person#3|Tense#Pres|VerbForm#Fin|Voice#Act
005.SCG*LB2.CP-3++3.N.-6.1-2.3-2W6	oportet	Q36381	https://lilamorph.wikibase.cloud/entity/L31767-F4	lemma/115099	Mood#Ind|Number#Sing|Person#3|Tense#Pres|VerbForm#Fin|Voice#Act
005.SCG*LB3.CP12++0.N.-8.3-1.5-2W10	operandi	Q36391	https://lilamorph.wikibase.cloud/entity/L31761-F261	lemma/115029	Case#Gen|Degree#Pos|Number#Sing|VerbForm#Ger|Voice#Pass
005.SCG*LB1.CP-5++4.N.-6.9-7.14-1W20	imitetur	Q36398	https://lilamorph.wikibase.cloud/entity/L30349-F134	lemma/106366	Mood#Sub|Number#Sing|Person#3|Tense#Pres|VerbForm#Fin|Voice#Pass
005.SCG*LB2.CP-4++7.N.-4.41-1.46-3W38	operatur	Q36479	https://lilamorph.wikibase.cloud/entity/L31761-F68	lemma/115029	Mood#Ind|Number#Sing|Person#3|Tense#Pres|VerbForm#Fin|Voice#Pass
005.SCG*LB3.CP13++5.N.-6.5-3.9-5W24	oporteat	Q36488	https://lilamorph.wikibase.cloud/entity/L31767-F10	lemma/115099	Mood#Sub|Number#Sing|Person#3|Tense#Pres|VerbForm#Fin|Voice#Act
005.SCG*LB3.CP15++4.N.-8.10-2.16-2W20	operarentur	Q36490	https://lilamorph.wikibase.cloud/entity/L31761-F106	lemma/115029	Aspect#Imp|Mood#Sub|Number#Plur|Person#3|Tense#Imp|VerbForm#Fin|Voice#Pass
005.SCG*LB2.CP-6++2.N.-2.9-3.12-6W6	oportet	Q36494	https://lilamorph.wikibase.cloud/entity/L31767-F4	lemma/115099	Mood#Ind|Number#Sing|Person#3|Tense#Pres|VerbForm#Fin|Voice#Act
005.SCG*LB2.CP-4++4.N.-3.1-2.4-4W11	oportet	Q36506	https://lilamorph.wikibase.cloud/entity/L31767-F4	lemma/115099	Mood#Ind|Number#Sing|Person#3|Tense#Pres|VerbForm#Fin|Voice#Act
005.SCG*LB4.CP-9++1.N.-6.27-4.29-3W1	oportet	Q36511	https://lilamorph.wikibase.cloud/entity/L31767-F4	lemma/115099	Aspect#Imp|Mood#Ind|Number#Sing|Person#3|Tense#Pres|VerbForm#Fin|Voice#Act
005.SCG*LB1.CP-1++6.N.-3.4-6.7-3W10	oportet	Q36525	https://lilamorph.wikibase.cloud/entity/L31767-F4	lemma/115099	Mood#Ind|Number#Sing|Person#3|Tense#Pres|VerbForm#Fin|Voice#Act
005.SCG*LB1.CP-4++4.N.-8.12-4.14-5W4	oportet	Q36646	https://lilamorph.wikibase.cloud/entity/L31767-F4	lemma/115099	Mood#Ind|Number#Sing|Person#3|Tense#Pres|VerbForm#Fin|Voice#Act
005.SCG*LB2.CP-6++0.N.-5.38-3.41-2W1	oportet	Q36686	https://lilamorph.wikibase.cloud/entity/L31767-F4	lemma/115099	Mood#Ind|Number#Sing|Person#3|Tense#Pres|VerbForm#Fin|Voice#Act
005.SCG*LB4.CP-5++5.N.28.17-2.20-2W19	operatur	Q36719	https://lilamorph.wikibase.cloud/entity/L31761-F68	lemma/115029	Aspect#Imp|Mood#Ind|Number#Sing|Person#3|Tense#Pres|VerbForm#Fin|Voice#Pass
005.SCG*LB3.CP-4++9.N.-1.1-1.5-1W1	oportet	Q36850	https://lilamorph.wikibase.cloud/entity/L31767-F4	lemma/115099	Mood#Ind|Number#Sing|Person#3|Tense#Pres|VerbForm#Fin|Voice#Act
005.SCG*LB3.CP-8++8.N.-6.1-2.3-6W10	oportet	Q36857	https://lilamorph.wikibase.cloud/entity/L31767-F4	lemma/115099	Mood#Ind|Number#Sing|Person#3|Tense#Pres|VerbForm#Fin|Voice#Act
005.SCG*LB3.CP-6++7.N.-1.8-1.9-1W4	operatur	Q36878	https://lilamorph.wikibase.cloud/entity/L31761-F68	lemma/115029	Mood#Ind|Number#Sing|Person#3|Tense#Pres|VerbForm#Fin|Voice#Pass
005.SCG*LB3.CP-9++5.N.21.25-4.27-4W7	irasci	Q36903	https://lilamorph.wikibase.cloud/entity/L30977-F64	lemma/108955	Tense#Pres|VerbForm#Inf|Voice#Pass
005.SCG*LB3.CP15++2.N.-2.5-7.8-3W1	oportet	Q36955	https://lilamorph.wikibase.cloud/entity/L31767-F4	lemma/115099	Mood#Ind|Number#Sing|Person#3|Tense#Pres|VerbForm#Fin|Voice#Act
005.SCG*LB4.CP-1++7.N.-5.9-3.13-6W9	mortuis	Q36970	https://lilamorph.wikibase.cloud/entity/L31378-F190	lemma/112797	Aspect#Perf|Case#Abl|Degree#Pos|Gender#Masc|Number#Plur|Tense#Past|VerbForm#Part|Voice#Pass
005.SCG*LB3.CP-7++6.N.-7.22-1.23-6W4	interpretari	Q36990	https://lilamorph.wikibase.cloud/entity/L30860-F128	lemma/108603	Tense#Pres|VerbForm#Inf|Voice#Pass
005.SCG*LB2.CP-5++5.N.-9.3-1.3-7W7	pati	Q37004	https://lilamorph.wikibase.cloud/entity/L31871-F64	lemma/116223	Tense#Pres|VerbForm#Inf|Voice#Pass
005.SCG*LB2.CP-8++0.N.-6.5-1.10-2W5	operantur	Q37079	https://lilamorph.wikibase.cloud/entity/L31761-F71	lemma/115029	Mood#Ind|Number#Plur|Person#3|Tense#Pres|VerbForm#Fin|Voice#Pass
005.SCG*LB2.CP-9++7.N.-6.1-2.3-6W8	operatur	Q37080	https://lilamorph.wikibase.cloud/entity/L31761-F68	lemma/115029	Mood#Ind|Number#Sing|Person#3|Tense#Pres|VerbForm#Fin|Voice#Pass
005.SCG*LB3.CP-9++4.N.-1.2-3.6-5W16	oportet	Q37086	https://lilamorph.wikibase.cloud/entity/L31767-F4	lemma/115099	Mood#Ind|Number#Sing|Person#3|Tense#Pres|VerbForm#Fin|Voice#Act
005.SCG*LB2.CP-3++1.N.-2.15-1.18-5W10	oportet	Q37095	https://lilamorph.wikibase.cloud/entity/L31767-F4	lemma/115099	Mood#Ind|Number#Sing|Person#3|Tense#Pres|VerbForm#Fin|Voice#Act
005.SCG*LB2.CP-7++4.N.13.1-2.4-3W12	operari	Q37132	https://lilamorph.wikibase.cloud/entity/L31761-F64	lemma/115029	Tense#Pres|VerbForm#Inf|Voice#Pass
005.SCG*LB1.CP-5++7.N.-7.3-7.5-5W10	oportet	Q37136	https://lilamorph.wikibase.cloud/entity/L31767-F4	lemma/115099	Mood#Ind|Number#Sing|Person#3|Tense#Pres|VerbForm#Fin|Voice#Act
005.SCG*LB4.CP-4++1.N.--.1-1.2-3W2	oporteat	Q37147	https://lilamorph.wikibase.cloud/entity/L31767-F10	lemma/115099	Aspect#Imp|Mood#Sub|Number#Sing|Person#3|Tense#Pres|VerbForm#Fin|Voice#Act
005.SCG*LB3.CP13++5.N.20.23-1.24-2W10	sectantur	Q37197	https://lilamorph.wikibase.cloud/entity/L33553-F71	lemma/123965	Mood#Ind|Number#Plur|Person#3|Tense#Pres|VerbForm#Fin|Voice#Pass
005.SCG*LB4.CP-3++1.N.-6.7-7.9-6W17	conversatus	Q9982	https://lilamorph.wikibase.cloud/entity/L28399-F189	lemma/96443	Aspect#Perf|Case#Nom|Degree#Pos|Gender#Masc|Number#Sing|Tense#Past|VerbForm#Part|Voice#Pass
005.SCG*LB3.CP15++4.N.-8.18-3.19-4W4	mortuos	Q37267	https://lilamorph.wikibase.cloud/entity/L31378-F184	lemma/112797	Aspect#Perf|Case#Acc|Degree#Pos|Gender#Masc|Number#Plur|Tense#Past|VerbForm#Part|Voice#Pass
005.SCG*LB4.CP-5++5.N.21.15-4.18-3W22	patiendo	Q37364	https://lilamorph.wikibase.cloud/entity/L31871-F205	lemma/116223	Aspect#Perf|Case#Abl|Degree#Pos|Number#Sing|VerbForm#Ger|Voice#Pass
005.SCG*LB3.CP15++4.N.10.1-1.5-7W33	operari	Q37373	https://lilamorph.wikibase.cloud/entity/L31761-F64	lemma/115029	Tense#Pres|VerbForm#Inf|Voice#Pass
005.SCG*LB4.CP-2++3.N.-3.23-5.26-2W3	oportet	Q37376	https://lilamorph.wikibase.cloud/entity/L31767-F4	lemma/115099	Aspect#Imp|Mood#Ind|Number#Sing|Person#3|Tense#Pres|VerbForm#Fin|Voice#Act
005.SCG*LB3.CP13++8.N.-5.5-4.10-5W23	furatur	Q37434	https://lilamorph.wikibase.cloud/entity/L30126-F68	lemma/104075	Mood#Ind|Number#Sing|Person#3|Tense#Pres|VerbForm#Fin|Voice#Pass
005.SCG*LB4.CP--++9.N.-6.21-4.24-2W4	loquendi	Q37440	https://lilamorph.wikibase.cloud/entity/L31185-F201	lemma/110806	Aspect#Perf|Case#Gen|Degree#Pos|Number#Sing|VerbForm#Ger|Voice#Pass
005.SCG*LB3.CP-6++4.N.-5.14-6.17-5W1	oportet	Q37444	https://lilamorph.wikibase.cloud/entity/L31767-F4	lemma/115099	Mood#Ind|Number#Sing|Person#3|Tense#Pres|VerbForm#Fin|Voice#Act
005.SCG*LB2.CP-1++5.N.-4.13-3.15-1W1	oportet	Q37445	https://lilamorph.wikibase.cloud/entity/L31767-F4	lemma/115099	Mood#Ind|Number#Sing|Person#3|Tense#Pres|VerbForm#Fin|Voice#Act
005.SCG*LB2.CP-1++7.N.-1.1-1.4-5W27	loquendo	Q37492	https://lilamorph.wikibase.cloud/entity/L31185-F207	lemma/110806	Case#Abl|Degree#Pos|Number#Sing|VerbForm#Ger|Voice#Pass
005.SCG*LB3.CP-6++2.N.10.1-2.4-1W11	oportet	Q37605	https://lilamorph.wikibase.cloud/entity/L31767-F4	lemma/115099	Mood#Ind|Number#Sing|Person#3|Tense#Pres|VerbForm#Fin|Voice#Act
005.SCG*LB2.CP-5++2.N.-4.6-6.8-3W4	oportet	Q37627	https://lilamorph.wikibase.cloud/entity/L31767-F4	lemma/115099	Mood#Ind|Number#Sing|Person#3|Tense#Pres|VerbForm#Fin|Voice#Act
005.SCG*LB4.CP-5++5.N.18.6-3.7-5W8	operatus	Q37648	https://lilamorph.wikibase.cloud/entity/L31761-F189	lemma/115029	Aspect#Perf|Case#Nom|Degree#Pos|Gender#Masc|Number#Sing|Tense#Past|VerbForm#Part|Voice#Pass
005.SCG*LB3.CP10++7.N.-3.1-2.2-7W6	oportet	Q37674	https://lilamorph.wikibase.cloud/entity/L31767-F4	lemma/115099	Mood#Ind|Number#Sing|Person#3|Tense#Pres|VerbForm#Fin|Voice#Act
005.SCG*LB4.CP--++8.N.-6.30-9.34-8W25	operetur	Q37693	https://lilamorph.wikibase.cloud/entity/L31761-F75	lemma/115029	Aspect#Imp|Mood#Sub|Number#Sing|Person#3|Tense#Pres|VerbForm#Fin|Voice#Pass
005.SCG*LB4.CP-8++1.N.-4.1-1.3-3W14	moriendo	Q37713	https://lilamorph.wikibase.cloud/entity/L31378-F205	lemma/112797	Aspect#Perf|Case#Abl|Degree#Pos|Number#Sing|VerbForm#Ger|Voice#Pass
005.SCG*LB2.CP-1++6.N.-2.15-3.18-1W15	operetur	Q37729	https://lilamorph.wikibase.cloud/entity/L31761-F75	lemma/115029	Mood#Sub|Number#Sing|Person#3|Tense#Pres|VerbForm#Fin|Voice#Pass
005.SCG*LB3.CP14++7.N.-3.9-2.11-7W1	oportet	Q37733	https://lilamorph.wikibase.cloud/entity/L31767-F4	lemma/115099	Mood#Ind|Number#Sing|Person#3|Tense#Pres|VerbForm#Fin|Voice#Act
005.SCG*LB2.CP-1++5.N.-2.23-1.26-7W14	oportet	Q37758	https://lilamorph.wikibase.cloud/entity/L31767-F4	lemma/115099	Mood#Ind|Number#Sing|Person#3|Tense#Pres|VerbForm#Fin|Voice#Act
005.SCG*LB2.CP-3++3.N.-8.16-4.17-5W2	oportet	Q37764	https://lilamorph.wikibase.cloud/entity/L31767-F4	lemma/115099	Mood#Ind|Number#Sing|Person#3|Tense#Pres|VerbForm#Fin|Voice#Act
005.SCG*LB4.CP-1++4.N.-5.1-1.4-5W15	oportet	Q37766	https://lilamorph.wikibase.cloud/entity/L31767-F4	lemma/115099	Aspect#Imp|Mood#Ind|Number#Sing|Person#3|Tense#Pres|VerbForm#Fin|Voice#Act
005.SCG*LB2.CP-8++8.N.10.1-2.3-4W9	oportet	Q37780	https://lilamorph.wikibase.cloud/entity/L31767-F4	lemma/115099	Mood#Ind|Number#Sing|Person#3|Tense#Pres|VerbForm#Fin|Voice#Act
005.SCG*LB3.CP15++8.N.-1.25-6.28-1W2	oportet	Q37785	https://lilamorph.wikibase.cloud/entity/L31767-F4	lemma/115099	Mood#Ind|Number#Sing|Person#3|Tense#Pres|VerbForm#Fin|Voice#Act
005.SCG*LB4.CP-2++0.N.-1.1-1.4-1W1	oportet	Q37806	https://lilamorph.wikibase.cloud/entity/L31767-F4	lemma/115099	Aspect#Imp|Mood#Ind|Number#Sing|Person#3|Tense#Pres|VerbForm#Fin|Voice#Act
005.SCG*LB1.CP--++6.N.-6.11-1.13-3W17	operari	Q37818	https://lilamorph.wikibase.cloud/entity/L31761-F64	lemma/115029	Tense#Pres|VerbForm#Inf|Voice#Pass
005.SCG*LB3.CP-7++4.N.-5.19-7.21-5W1	oportet	Q37824	https://lilamorph.wikibase.cloud/entity/L31767-F4	lemma/115099	Mood#Ind|Number#Sing|Person#3|Tense#Pres|VerbForm#Fin|Voice#Act
005.SCG*LB3.CP12++0.N.-1.23-1.28-3W26	mortuorum	Q37839	https://lilamorph.wikibase.cloud/entity/L31378-F172	lemma/112797	Aspect#Perf|Case#Gen|Degree#Pos|Gender#Masc|Number#Plur|Tense#Past|VerbForm#Part|Voice#Pass
005.SCG*LB4.CP-1++3.N.-5.5-4.7-2W7	locutus	Q37849	https://lilamorph.wikibase.cloud/entity/L31185-F165	lemma/110806	Aspect#Perf|Case#Nom|Degree#Pos|Gender#Masc|Number#Sing|Tense#Past|VerbForm#Part|Voice#Pass
005.SCG*LB1.CP-2++0.N.13.24-3.25-3W4	metietur	Q37861	https://lilamorph.wikibase.cloud/entity/L31320-F192	lemma/112233	Mood#Ind|Number#Sing|Person#3|Tense#Fut|VerbForm#Fin|Voice#Pass
005.SCG*LB2.CP-8++3.N.34.13-1.16-5W19	oportet	Q37874	https://lilamorph.wikibase.cloud/entity/L31767-F4	lemma/115099	Mood#Ind|Number#Sing|Person#3|Tense#Pres|VerbForm#Fin|Voice#Act
005.SCG*LB2.CP-4++3.N.-6.19-7.23-7W21	oportet	Q37888	https://lilamorph.wikibase.cloud/entity/L31767-F4	lemma/115099	Mood#Ind|Number#Sing|Person#3|Tense#Pres|VerbForm#Fin|Voice#Act
005.SCG*LB4.CP-1++8.N.-4.10-2.11-3W1	oportet	Q37931	https://lilamorph.wikibase.cloud/entity/L31767-F4	lemma/115099	Aspect#Imp|Mood#Ind|Number#Sing|Person#3|Tense#Pres|VerbForm#Fin|Voice#Act
005.SCG*LB4.CP-7++8.N.-2.11-2.12-4W2	oportet	Q37942	https://lilamorph.wikibase.cloud/entity/L31767-F4	lemma/115099	Aspect#Imp|Mood#Ind|Number#Sing|Person#3|Tense#Pres|VerbForm#Fin|Voice#Act
005.SCG*LB2.CP-8++0.N.-4.8-7.12-2W4	mortuorum	Q37956	https://lilamorph.wikibase.cloud/entity/L31378-F172	lemma/112797	Aspect#Perf|Case#Gen|Degree#Pos|Gender#Masc|Number#Plur|Tense#Past|VerbForm#Part|Voice#Pass
005.SCG*LB4.CP-5++5.N.16.27-1.30-6W28	mortuum	Q37979	https://lilamorph.wikibase.cloud/entity/L31378-F181	lemma/112797	Aspect#Perf|Case#Acc|Degree#Pos|Gender#Masc|Number#Sing|Tense#Past|VerbForm#Part|Voice#Pass
005.SCG*LB1.CP-6++5.N.-3.18-4.21-5W9	oportet	Q38022	https://lilamorph.wikibase.cloud/entity/L31767-F4	lemma/115099	Mood#Ind|Number#Sing|Person#3|Tense#Pres|VerbForm#Fin|Voice#Act
005.SCG*LB1.CP-2++9.N.-2.12-5.17-4W2	oportet	Q38042	https://lilamorph.wikibase.cloud/entity/L31767-F4	lemma/115099	Mood#Ind|Number#Sing|Person#3|Tense#Pres|VerbForm#Fin|Voice#Act
005.SCG*LB3.CP-5++6.N.-5.34-1.39-1W37	loquendo	Q38047	https://lilamorph.wikibase.cloud/entity/L31185-F207	lemma/110806	Case#Abl|Degree#Pos|Number#Sing|VerbForm#Ger|Voice#Pass
005.SCG*LB2.CP-6++0.N.-1.28-5.31-2W12	sortitur	Q38077	https://lilamorph.wikibase.cloud/entity/L33654-F68	lemma/125212	Mood#Ind|Number#Sing|Person#3|Tense#Pres|VerbForm#Fin|Voice#Pass
005.SCG*LB4.CP-7++9.N.-4.4-5.8-3W23	mortuorum	Q38085	https://lilamorph.wikibase.cloud/entity/L31378-F172	lemma/112797	Aspect#Perf|Case#Gen|Degree#Pos|Gender#Masc|Number#Plur|Tense#Past|VerbForm#Part|Voice#Pass
005.SCG*LB2.CP-5++7.N.10.1-2.2-4W3	sortitur	Q38100	https://lilamorph.wikibase.cloud/entity/L33654-F68	lemma/125212	Mood#Ind|Number#Sing|Person#3|Tense#Pres|VerbForm#Fin|Voice#Pass
005.SCG*LB3.CP-3++1.N.-5.1-2.2-6W8	oportet	Q38188	https://lilamorph.wikibase.cloud/entity/L31767-F4	lemma/115099	Mood#Ind|Number#Sing|Person#3|Tense#Pres|VerbForm#Fin|Voice#Act
005.SCG*LB4.CP-3++8.N.-7.1-2.2-3W4	oportet	Q38209	https://lilamorph.wikibase.cloud/entity/L31767-F4	lemma/115099	Aspect#Imp|Mood#Ind|Number#Sing|Person#3|Tense#Pres|VerbForm#Fin|Voice#Act
005.SCG*LB3.CP-4++8.N.11.10-3.12-6W1	oportet	Q38223	https://lilamorph.wikibase.cloud/entity/L31767-F4	lemma/115099	Mood#Ind|Number#Sing|Person#3|Tense#Pres|VerbForm#Fin|Voice#Act
005.SCG*LB2.CP-5++9.N.-3.13-7.17-3W19	oportet	Q38249	https://lilamorph.wikibase.cloud/entity/L31767-F4	lemma/115099	Mood#Ind|Number#Sing|Person#3|Tense#Pres|VerbForm#Fin|Voice#Act
005.SCG*LB4.CP-8++3.N.17.23-2.25-3W9	mori	Q38265	https://lilamorph.wikibase.cloud/entity/L31378-F64	lemma/112797	Aspect#Imp|Tense#Pres|VerbForm#Inf|Voice#Pass
005.SCG*LB1.CP-4++2.N.-8.4-1.5-6W1	oportet	Q38279	https://lilamorph.wikibase.cloud/entity/L31767-F4	lemma/115099	Mood#Ind|Number#Sing|Person#3|Tense#Pres|VerbForm#Fin|Voice#Act
005.SCG*LB3.CP-9++5.N.19.7-3.7-7W1	locutus	Q38327	https://lilamorph.wikibase.cloud/entity/L31185-F165	lemma/110806	Aspect#Perf|Case#Nom|Degree#Pos|Gender#Masc|Number#Sing|Tense#Past|VerbForm#Part|Voice#Pass
005.SCG*LB4.CP-9++0.N.--.1-1.2-4W4	patiantur	Q38329	https://lilamorph.wikibase.cloud/entity/L31871-F78	lemma/116223	Aspect#Imp|Mood#Sub|Number#Plur|Person#3|Tense#Pres|VerbForm#Fin|Voice#Pass
005.SCG*LB3.CP-6++5.N.-4.17-2.18-6W1	oportet	Q38335	https://lilamorph.wikibase.cloud/entity/L31767-F4	lemma/115099	Mood#Ind|Number#Sing|Person#3|Tense#Pres|VerbForm#Fin|Voice#Act
005.SCG*LB2.CP-7++2.N.-4.19-1.22-2W5	loquendo	Q38346	https://lilamorph.wikibase.cloud/entity/L31185-F207	lemma/110806	Case#Abl|Degree#Pos|Number#Sing|VerbForm#Ger|Voice#Pass
005.SCG*LB3.CP13++5.N.12.7-3.11-1W6	operando	Q38349	https://lilamorph.wikibase.cloud/entity/L31761-F264	lemma/115029	Case#Abl|Degree#Pos|Number#Sing|VerbForm#Ger|Voice#Pass
005.SCG*LB1.CP-1++3.N.-7.5-5.5-7W3	calumniatur	Q4695	https://lilamorph.wikibase.cloud/entity/L27511-F68	lemma/92443	Mood#Ind|Number#Sing|Person#3|Tense#Pres|VerbForm#Fin|Voice#Pass
005.SCG*LB1.CP-1++6.N.-7.7-1.9-4W13	oportet	Q38422	https://lilamorph.wikibase.cloud/entity/L31767-F4	lemma/115099	Mood#Ind|Number#Sing|Person#3|Tense#Pres|VerbForm#Fin|Voice#Act
005.SCG*LB1.CP-4++3.N.16.15-1.21-4W20	oportet	Q38436	https://lilamorph.wikibase.cloud/entity/L31767-F4	lemma/115099	Mood#Ind|Number#Sing|Person#3|Tense#Pres|VerbForm#Fin|Voice#Act
005.SCG*LB3.CP14++9.N.-1.5-1.6-7W10	oportet	Q38449	https://lilamorph.wikibase.cloud/entity/L31767-F4	lemma/115099	Mood#Ind|Number#Sing|Person#3|Tense#Pres|VerbForm#Fin|Voice#Act
005.SCG*LB2.CP-8++9.N.-6.14-7.20-7W28	suspicantur	Q38499	https://lilamorph.wikibase.cloud/entity/L34218-F71	lemma/127135	Mood#Ind|Number#Plur|Person#3|Tense#Pres|VerbForm#Fin|Voice#Pass
005.SCG*LB4.CP-5++7.N.-1.8-4.9-6W9	operatum	Q38547	https://lilamorph.wikibase.cloud/entity/L31761-F191	lemma/115029	Aspect#Perf|Case#Nom|Degree#Pos|Gender#Neut|Number#Sing|Tense#Past|VerbForm#Part|Voice#Pass
005.SCG*LB3.CP15++4.N.20.1-1.3-6W18	interpretata	Q38599	https://lilamorph.wikibase.cloud/entity/L30860-F388	lemma/108603	Aspect#Perf|Case#Nom|Degree#Pos|Gender#Neut|Number#Plur|Tense#Past|VerbForm#Part|Voice#Pass
005.SCG*LB2.CP-8++2.N.12.6-1.10-3W7	pati	Q38662	https://lilamorph.wikibase.cloud/entity/L31871-F64	lemma/116223	Tense#Pres|VerbForm#Inf|Voice#Pass
005.SCG*LB4.CP-1++3.N.-9.15-1.16-1W5	loquitur	Q38697	https://lilamorph.wikibase.cloud/entity/L31185-F69	lemma/110806	Aspect#Imp|Mood#Ind|Number#Sing|Person#3|Tense#Pres|VerbForm#Fin|Voice#Pass
005.SCG*LB1.CP-2++0.N.36.3-3.4-7W16	oportet	Q38699	https://lilamorph.wikibase.cloud/entity/L31767-F4	lemma/115099	Mood#Ind|Number#Sing|Person#3|Tense#Pres|VerbForm#Fin|Voice#Act
005.SCG*LB3.CP13++5.N.22.26-6.27-7W7	fungitur	Q38701	https://lilamorph.wikibase.cloud/entity/L30119-F68	lemma/104023	Mood#Ind|Number#Sing|Person#3|Tense#Pres|VerbForm#Fin|Voice#Pass
005.SCG*LB4.CP-8++3.N.11.25-1.27-2W1	oportet	Q38709	https://lilamorph.wikibase.cloud/entity/L31767-F4	lemma/115099	Aspect#Imp|Mood#Ind|Number#Sing|Person#3|Tense#Pres|VerbForm#Fin|Voice#Act
005.SCG*LB2.CP--++2.N.-3.4-4.5-6W1	oportet	Q38758	https://lilamorph.wikibase.cloud/entity/L31767-F4	lemma/115099	Mood#Ind|Number#Sing|Person#3|Tense#Pres|VerbForm#Fin|Voice#Act
005.SCG*LB4.CP--++8.N.-6.34-9.37-2W22	operatur	Q38760	https://lilamorph.wikibase.cloud/entity/L31761-F68	lemma/115029	Aspect#Imp|Mood#Ind|Number#Sing|Person#3|Tense#Pres|VerbForm#Fin|Voice#Pass
005.SCG*LB3.CP-6++5.N.-8.6-1.8-7W5	oportet	Q38777	https://lilamorph.wikibase.cloud/entity/L31767-F4	lemma/115099	Mood#Ind|Number#Sing|Person#3|Tense#Pres|VerbForm#Fin|Voice#Act
005.SCG*LB1.CP-2++2.N.-6.8-2.10-1W13	oportet	Q38804	https://lilamorph.wikibase.cloud/entity/L31767-F4	lemma/115099	Mood#Ind|Number#Sing|Person#3|Tense#Pres|VerbForm#Fin|Voice#Act
005.SCG*LB2.CP-8++3.N.33.1-2.2-4W3	oportet	Q38814	https://lilamorph.wikibase.cloud/entity/L31767-F4	lemma/115099	Mood#Ind|Number#Sing|Person#3|Tense#Pres|VerbForm#Fin|Voice#Act
005.SCG*LB1.CP-7++3.N.-4.5-1.6-3W1	oportet	Q38837	https://lilamorph.wikibase.cloud/entity/L31767-F4	lemma/115099	Mood#Ind|Number#Sing|Person#3|Tense#Pres|VerbForm#Fin|Voice#Act
005.SCG*LB3.CP-1++0.N.11.8-3.9-6W3	oportet	Q38851	https://lilamorph.wikibase.cloud/entity/L31767-F4	lemma/115099	Mood#Ind|Number#Sing|Person#3|Tense#Pres|VerbForm#Fin|Voice#Act
005.SCG*LB1.CP-2++2.N.-6.27-2.28-6W4	loquimur	Q38853	https://lilamorph.wikibase.cloud/entity/L31185-F70	lemma/110806	Mood#Ind|Number#Plur|Person#1|Tense#Pres|VerbForm#Fin|Voice#Pass
005.SCG*LB3.CP-5++0.N.-2.10-1.11-5W3	arbitramur	Q3745	https://lilamorph.wikibase.cloud/entity/L27190-F69	lemma/89779	Mood#Ind|Number#Plur|Person#1|Tense#Pres|VerbForm#Fin|Voice#Pass
005.SCG*LB3.CP11++8.N.-2.10-4.12-1W1	oportet	Q38875	https://lilamorph.wikibase.cloud/entity/L31767-F4	lemma/115099	Mood#Ind|Number#Sing|Person#3|Tense#Pres|VerbForm#Fin|Voice#Act
005.SCG*LB1.CP-8++7.N.-4.1-1.2-5W5	oportet	Q38925	https://lilamorph.wikibase.cloud/entity/L31767-F4	lemma/115099	Mood#Ind|Number#Sing|Person#3|Tense#Pres|VerbForm#Fin|Voice#Act
005.SCG*LB4.CP-7++9.N.-8.3-2.5-6W16	mortui	Q38934	https://lilamorph.wikibase.cloud/entity/L31378-F166	lemma/112797	Aspect#Perf|Case#Nom|Degree#Pos|Gender#Masc|Number#Plur|Tense#Past|VerbForm#Part|Voice#Pass
005.SCG*LB4.CP-6++5.N.-3.9-5.12-1W13	largitur	Q38936	https://lilamorph.wikibase.cloud/entity/L31096-F68	lemma/109941	Aspect#Imp|Mood#Ind|Number#Sing|Person#3|Tense#Pres|VerbForm#Fin|Voice#Pass
005.SCG*LB3.CP13++9.N.16.5-3.6-6W3	oportet	Q38947	https://lilamorph.wikibase.cloud/entity/L31767-F4	lemma/115099	Mood#Ind|Number#Sing|Person#3|Tense#Pres|VerbForm#Fin|Voice#Act
005.SCG*LB1.CP-6++5.N.-4.7-2.10-3W15	oportet	Q38979	https://lilamorph.wikibase.cloud/entity/L31767-F4	lemma/115099	Mood#Ind|Number#Sing|Person#3|Tense#Pres|VerbForm#Fin|Voice#Act
005.SCG*LB4.CP-6++3.N.-7.1-1.2-5W4	oportet	Q39024	https://lilamorph.wikibase.cloud/entity/L31767-F4	lemma/115099	Aspect#Imp|Mood#Ind|Number#Sing|Person#3|Tense#Pres|VerbForm#Fin|Voice#Act
005.SCG*LB1.CP-9++5.N.-2.1-1.2-4W9	operatur	Q39062	https://lilamorph.wikibase.cloud/entity/L31761-F68	lemma/115029	Mood#Ind|Number#Sing|Person#3|Tense#Pres|VerbForm#Fin|Voice#Pass
005.SCG*LB1.CP-2++0.N.34.4-5.7-1W8	oportet	Q39066	https://lilamorph.wikibase.cloud/entity/L31767-F4	lemma/115099	Mood#Ind|Number#Sing|Person#3|Tense#Pres|VerbForm#Fin|Voice#Act
005.SCG*LB1.CP-1++8.N.-7.3-4.5-2W2	oportet	Q39071	https://lilamorph.wikibase.cloud/entity/L31767-F4	lemma/115099	Mood#Ind|Number#Sing|Person#3|Tense#Pres|VerbForm#Fin|Voice#Act
005.SCG*LB2.CP-2++3.N.-6.12-1.13-1W4	oportet	Q39105	https://lilamorph.wikibase.cloud/entity/L31767-F4	lemma/115099	Mood#Ind|Number#Sing|Person#3|Tense#Pres|VerbForm#Fin|Voice#Act
005.SCG*LB2.CP-9++8.N.-8.1-1.9-2W28	oportet	Q39171	https://lilamorph.wikibase.cloud/entity/L31767-F4	lemma/115099	Mood#Ind|Number#Sing|Person#3|Tense#Pres|VerbForm#Fin|Voice#Act
005.SCG*LB1.CP-1++8.N.-1.3-1.4-3W5	oportet	Q39174	https://lilamorph.wikibase.cloud/entity/L31767-F4	lemma/115099	Mood#Ind|Number#Sing|Person#3|Tense#Pres|VerbForm#Fin|Voice#Act
005.SCG*LB3.CP15++8.N.-7.11-5.14-2W21	pateretur	Q39243	https://lilamorph.wikibase.cloud/entity/L31871-F103	lemma/116223	Aspect#Imp|Mood#Sub|Number#Sing|Person#3|Tense#Imp|VerbForm#Fin|Voice#Pass
005.SCG*LB2.CP-3++9.N.-1.4-1.5-7W4	oportet	Q39318	https://lilamorph.wikibase.cloud/entity/L31767-F4	lemma/115099	Mood#Ind|Number#Sing|Person#3|Tense#Pres|VerbForm#Fin|Voice#Act
005.SCG*LB2.CP-8++0.N.-4.8-7.12-2W12	oportet	Q39330	https://lilamorph.wikibase.cloud/entity/L31767-F4	lemma/115099	Mood#Ind|Number#Sing|Person#3|Tense#Pres|VerbForm#Fin|Voice#Act
005.SCG*LB3.CP-1++0.N.14.3-1.6-3W11	oportet	Q39356	https://lilamorph.wikibase.cloud/entity/L31767-F4	lemma/115099	Mood#Ind|Number#Sing|Person#3|Tense#Pres|VerbForm#Fin|Voice#Act
005.SCG*LB4.CP-9++1.N.-3.8-6.10-1W2	morabitur	Q39357	https://lilamorph.wikibase.cloud/entity/L31379-F156	lemma/112803	Aspect#Imp|Mood#Ind|Number#Sing|Person#3|Tense#Fut|VerbForm#Fin|Voice#Pass
005.SCG*LB4.CP-1++0.N.-5.1-2.3-5W9	oportet	Q39383	https://lilamorph.wikibase.cloud/entity/L31767-F4	lemma/115099	Aspect#Imp|Mood#Ind|Number#Sing|Person#3|Tense#Pres|VerbForm#Fin|Voice#Act
005.SCG*LB2.CP-4++0.N.-5.6-1.8-4W11	oportet	Q39440	https://lilamorph.wikibase.cloud/entity/L31767-F4	lemma/115099	Mood#Ind|Number#Sing|Person#3|Tense#Pres|VerbForm#Fin|Voice#Act
005.SCG*LB4.CP-1++7.N.14.9-3.10-8W13	loquitur	Q39450	https://lilamorph.wikibase.cloud/entity/L31185-F69	lemma/110806	Aspect#Imp|Mood#Ind|Number#Sing|Person#3|Tense#Pres|VerbForm#Fin|Voice#Pass
005.SCG*LB3.CP--++8.N.-2.1-1.2-3W8	sortitur	Q39467	https://lilamorph.wikibase.cloud/entity/L33654-F68	lemma/125212	Mood#Ind|Number#Sing|Person#3|Tense#Pres|VerbForm#Fin|Voice#Pass
005.SCG*LB4.CP-3++9.N.-1.1-1.8-5W14	oportet	Q39510	https://lilamorph.wikibase.cloud/entity/L31767-F4	lemma/115099	Aspect#Imp|Mood#Ind|Number#Sing|Person#3|Tense#Pres|VerbForm#Fin|Voice#Act
005.SCG*LB4.CP-1++6.N.-1.1-1.3-1W1	opinati	Q39526	https://lilamorph.wikibase.cloud/entity/L31764-F192	lemma/115071	Aspect#Perf|Case#Nom|Degree#Pos|Gender#Masc|Number#Plur|Tense#Past|VerbForm#Part|Voice#Pass
005.SCG*LB2.CP-8++3.N.33.7-5.9-2W1	oportet	Q39527	https://lilamorph.wikibase.cloud/entity/L31767-F4	lemma/115099	Mood#Ind|Number#Sing|Person#3|Tense#Pres|VerbForm#Fin|Voice#Act
005.SCG*LB3.CP-8++7.N.-4.1-2.7-6W5	oporteat	Q39555	https://lilamorph.wikibase.cloud/entity/L31767-F10	lemma/115099	Mood#Sub|Number#Sing|Person#3|Tense#Pres|VerbForm#Fin|Voice#Act
005.SCG*LB3.CP-6++8.N.-3.14-3.16-1W12	oportet	Q39568	https://lilamorph.wikibase.cloud/entity/L31767-F4	lemma/115099	Mood#Ind|Number#Sing|Person#3|Tense#Pres|VerbForm#Fin|Voice#Act
005.SCG*LB4.CP-1++7.N.19.14-2.16-4W15	loquitur	Q39584	https://lilamorph.wikibase.cloud/entity/L31185-F69	lemma/110806	Aspect#Imp|Mood#Ind|Number#Sing|Person#3|Tense#Pres|VerbForm#Fin|Voice#Pass
005.SCG*LB1.CP-3++4.N.-1.21-1.24-5W16	oporteret	Q39621	https://lilamorph.wikibase.cloud/entity/L31767-F89	lemma/115099	Aspect#Imp|Mood#Sub|Number#Sing|Person#3|Tense#Imp|VerbForm#Fin|Voice#Act
005.SCG*LB4.CP-9++6.N.-1.9-2.11-2W13	moriuntur	Q39627	https://lilamorph.wikibase.cloud/entity/L31378-F71	lemma/112797	Aspect#Imp|Mood#Ind|Number#Plur|Person#3|Tense#Pres|VerbForm#Fin|Voice#Pass
005.SCG*LB1.CP-5++3.N.-4.7-2.12-3W35	operatur	Q39630	https://lilamorph.wikibase.cloud/entity/L31761-F68	lemma/115029	Mood#Ind|Number#Sing|Person#3|Tense#Pres|VerbForm#Fin|Voice#Pass
005.SCG*LB3.CP-7++6.N.-7.18-4.20-1W4	oporteret	Q39644	https://lilamorph.wikibase.cloud/entity/L31767-F89	lemma/115099	Aspect#Imp|Mood#Sub|Number#Sing|Person#3|Tense#Imp|VerbForm#Fin|Voice#Act
005.SCG*LB4.CP-3++4.N.16.12-2.15-5W18	oportet	Q39653	https://lilamorph.wikibase.cloud/entity/L31767-F4	lemma/115099	Aspect#Imp|Mood#Ind|Number#Sing|Person#3|Tense#Pres|VerbForm#Fin|Voice#Act
005.SCG*LB2.CP-7++6.N.20.1-2.5-2W21	operandum	Q39685	https://lilamorph.wikibase.cloud/entity/L31761-F263	lemma/115029	Case#Acc|Degree#Pos|Number#Sing|VerbForm#Ger|Voice#Pass
005.SCG*LB2.CP-7++0.N.-2.18-4.22-6W17	oportet	Q39688	https://lilamorph.wikibase.cloud/entity/L31767-F4	lemma/115099	Mood#Ind|Number#Sing|Person#3|Tense#Pres|VerbForm#Fin|Voice#Act
005.SCG*LB4.CP-3++4.N.14.21-4.24-2W3	loquatur	Q39692	https://lilamorph.wikibase.cloud/entity/L31185-F77	lemma/110806	Aspect#Imp|Mood#Sub|Number#Sing|Person#3|Tense#Pres|VerbForm#Fin|Voice#Pass
005.SCG*LB2.CP-4++6.N.-4.14-1.15-3W1	oportuit	Q39734	https://lilamorph.wikibase.cloud/entity/L31767-F128	lemma/115099	Aspect#Perf|Mood#Ind|Number#Sing|Person#3|Tense#Past|VerbForm#Fin|Voice#Act
005.SCG*LB4.CP-1++0.N.11.13-3.14-3W7	oportet	Q39771	https://lilamorph.wikibase.cloud/entity/L31767-F4	lemma/115099	Aspect#Imp|Mood#Ind|Number#Sing|Person#3|Tense#Pres|VerbForm#Fin|Voice#Act
005.SCG*LB2.CP-7++5.N.-8.4-4.7-5W15	oportet	Q39781	https://lilamorph.wikibase.cloud/entity/L31767-F4	lemma/115099	Mood#Ind|Number#Sing|Person#3|Tense#Pres|VerbForm#Fin|Voice#Act
005.SCG*LB4.CP-5++5.N.16.27-1.30-6W26	passum	Q39808	https://lilamorph.wikibase.cloud/entity/L31871-F181	lemma/116223	Aspect#Perf|Case#Acc|Degree#Pos|Gender#Masc|Number#Sing|Tense#Past|VerbForm#Part|Voice#Pass
005.SCG*LB3.CP12++2.N.-6.1-1.4-2W3	oportet	Q39883	https://lilamorph.wikibase.cloud/entity/L31767-F4	lemma/115099	Mood#Ind|Number#Sing|Person#3|Tense#Pres|VerbForm#Fin|Voice#Act
005.SCG*LB2.CP-9++1.N.-9.7-2.8-2W4	oportet	Q39916	https://lilamorph.wikibase.cloud/entity/L31767-F4	lemma/115099	Mood#Ind|Number#Sing|Person#3|Tense#Pres|VerbForm#Fin|Voice#Act
005.SCG*LB2.CP-8++9.N.15.4-5.6-2W8	oportet	Q39933	https://lilamorph.wikibase.cloud/entity/L31767-F4	lemma/115099	Mood#Ind|Number#Sing|Person#3|Tense#Pres|VerbForm#Fin|Voice#Act
005.SCG*LB2.CP-7++9.N.16.7-5.8-6W2	moritur	Q39986	https://lilamorph.wikibase.cloud/entity/L31378-F68	lemma/112797	Mood#Ind|Number#Sing|Person#3|Tense#Pres|VerbForm#Fin|Voice#Pass
005.SCG*LB3.CP-4++3.N.-4.9-2.12-7W3	oportebit	Q40036	https://lilamorph.wikibase.cloud/entity/L31767-F109	lemma/115099	Mood#Ind|Number#Sing|Person#3|Tense#Fut|VerbForm#Fin|Voice#Act
005.SCG*LB3.CP-7++6.N.-8.4-5.7-6W13	oportet	Q40037	https://lilamorph.wikibase.cloud/entity/L31767-F4	lemma/115099	Mood#Ind|Number#Sing|Person#3|Tense#Pres|VerbForm#Fin|Voice#Act
005.SCG*LB3.CP15++4.N.23.8-1.10-5W18	loquebantur	Q40121	https://lilamorph.wikibase.cloud/entity/L31185-F101	lemma/110806	Aspect#Imp|Mood#Ind|Number#Plur|Person#3|Tense#Imp|VerbForm#Fin|Voice#Pass
005.SCG*LB3.CP-2++5.N.-9.9-1.10-1W10	operari	Q40192	https://lilamorph.wikibase.cloud/entity/L31761-F64	lemma/115029	Tense#Pres|VerbForm#Inf|Voice#Pass
005.SCG*LB3.CP13++6.N.-1.1-1.4-1W17	locuti	Q40194	https://lilamorph.wikibase.cloud/entity/L31185-F168	lemma/110806	Aspect#Perf|Case#Nom|Degree#Pos|Gender#Masc|Number#Plur|Tense#Past|VerbForm#Part|Voice#Pass
005.SCG*LB3.CP15++8.N.-2.3-4.5-6W1	oportet	Q40251	https://lilamorph.wikibase.cloud/entity/L31767-F4	lemma/115099	Mood#Ind|Number#Sing|Person#3|Tense#Pres|VerbForm#Fin|Voice#Act
005.SCG*LB2.CP-5++7.N.-6.21-3.23-2W1	oportet	Q40268	https://lilamorph.wikibase.cloud/entity/L31767-F4	lemma/115099	Mood#Ind|Number#Sing|Person#3|Tense#Pres|VerbForm#Fin|Voice#Act
005.SCG*LB1.CP-1++3.N.13.7-1.10-4W15	oportet	Q40322	https://lilamorph.wikibase.cloud/entity/L31767-F4	lemma/115099	Mood#Ind|Number#Sing|Person#3|Tense#Pres|VerbForm#Fin|Voice#Act
005.SCG*LB4.CP--++8.N.-4.23-5.25-1W9	mortuorum	Q40405	https://lilamorph.wikibase.cloud/entity/L31378-F172	lemma/112797	Aspect#Perf|Case#Gen|Degree#Pos|Gender#Masc|Number#Plur|Tense#Past|VerbForm#Part|Voice#Pass
005.SCG*LB3.CP12++0.N.15.5-1.7-5W1	oportebit	Q40487	https://lilamorph.wikibase.cloud/entity/L31767-F109	lemma/115099	Mood#Ind|Number#Sing|Person#3|Tense#Fut|VerbForm#Fin|Voice#Act
005.SCG*LB3.CP-2++4.N.-8.14-4.20-4W19	oportet	Q40502	https://lilamorph.wikibase.cloud/entity/L31767-F4	lemma/115099	Mood#Ind|Number#Sing|Person#3|Tense#Pres|VerbForm#Fin|Voice#Act
005.SCG*LB4.CP-2++3.N.-8.14-5.18-5W9	oportuerit	Q40524	https://lilamorph.wikibase.cloud/entity/L31767-F132	lemma/115099	Aspect#Perf|Mood#Ind|Number#Sing|Person#3|Tense#Fut|VerbForm#Fin|Voice#Act
005.SCG*LB1.CP-4++2.N.19.10-1.13-2W4	loquendi	Q40559	https://lilamorph.wikibase.cloud/entity/L31185-F201	lemma/110806	Case#Gen|Degree#Pos|Number#Sing|VerbForm#Ger|Voice#Pass
005.SCG*LB3.CP-2++3.N.-5.1-2.4-8W13	oportet	Q40571	https://lilamorph.wikibase.cloud/entity/L31767-F4	lemma/115099	Mood#Ind|Number#Sing|Person#3|Tense#Pres|VerbForm#Fin|Voice#Act
005.SCG*LB3.CP-8++9.N.-6.4-4.7-1W1	oportet	Q40594	https://lilamorph.wikibase.cloud/entity/L31767-F4	lemma/115099	Mood#Ind|Number#Sing|Person#3|Tense#Pres|VerbForm#Fin|Voice#Act
005.SCG*LB2.CP-6++3.N.-3.7-5.9-1W5	sortiretur	Q40598	https://lilamorph.wikibase.cloud/entity/L33654-F103	lemma/125212	Aspect#Imp|Mood#Sub|Number#Sing|Person#3|Tense#Imp|VerbForm#Fin|Voice#Pass
005.SCG*LB3.CP10++2.N.-2.5-2.6-3W8	operari	Q40668	https://lilamorph.wikibase.cloud/entity/L31761-F64	lemma/115029	Tense#Pres|VerbForm#Inf|Voice#Pass
005.SCG*LB2.CP-9++3.N.-4.10-4.12-2W3	oportet	Q40671	https://lilamorph.wikibase.cloud/entity/L31767-F4	lemma/115099	Mood#Ind|Number#Sing|Person#3|Tense#Pres|VerbForm#Fin|Voice#Act
005.SCG*LB4.CP-2++0.N.-6.2-1.4-3W14	operandum	Q40682	https://lilamorph.wikibase.cloud/entity/L31761-F263	lemma/115029	Aspect#Perf|Case#Acc|Degree#Pos|Number#Sing|VerbForm#Ger|Voice#Pass
005.SCG*LB3.CP-1++3.N.-1.1-1.4-3W19	oportet	Q40685	https://lilamorph.wikibase.cloud/entity/L31767-F4	lemma/115099	Mood#Ind|Number#Sing|Person#3|Tense#Pres|VerbForm#Fin|Voice#Act
005.SCG*LB1.CP-5++5.N.-4.9-1.10-4W3	oportet	Q40706	https://lilamorph.wikibase.cloud/entity/L31767-F4	lemma/115099	Mood#Ind|Number#Sing|Person#3|Tense#Pres|VerbForm#Fin|Voice#Act
005.SCG*LB3.CP12++2.N.-8.22-3.25-5W1	oportet	Q40733	https://lilamorph.wikibase.cloud/entity/L31767-F4	lemma/115099	Mood#Ind|Number#Sing|Person#3|Tense#Pres|VerbForm#Fin|Voice#Act
005.SCG*LB4.CP-7++9.N.-2.7-5.10-4W18	mortuis	Q40748	https://lilamorph.wikibase.cloud/entity/L31378-F190	lemma/112797	Aspect#Perf|Case#Abl|Degree#Pos|Gender#Masc|Number#Plur|Tense#Past|VerbForm#Part|Voice#Pass
005.SCG*LB4.CP-3++4.N.17.17-6.18-6W6	loquitur	Q40787	https://lilamorph.wikibase.cloud/entity/L31185-F69	lemma/110806	Aspect#Imp|Mood#Ind|Number#Sing|Person#3|Tense#Pres|VerbForm#Fin|Voice#Pass
005.SCG*LB4.CP-2++3.N.10.1-1.3-6W5	loquendi	Q40788	https://lilamorph.wikibase.cloud/entity/L31185-F201	lemma/110806	Aspect#Perf|Case#Gen|Degree#Pos|Number#Sing|VerbForm#Ger|Voice#Pass
005.SCG*LB3.CP13++5.N.22.3-1.7-1W3	pati	Q40801	https://lilamorph.wikibase.cloud/entity/L31871-F64	lemma/116223	Tense#Pres|VerbForm#Inf|Voice#Pass
005.SCG*LB1.CP-1++3.N.19.22-1.25-3W20	oporteat	Q40814	https://lilamorph.wikibase.cloud/entity/L31767-F10	lemma/115099	Mood#Sub|Number#Sing|Person#3|Tense#Pres|VerbForm#Fin|Voice#Act
005.SCG*LB3.CP-3++8.N.-3.1-1.2-3W4	oportet	Q40853	https://lilamorph.wikibase.cloud/entity/L31767-F4	lemma/115099	Mood#Ind|Number#Sing|Person#3|Tense#Pres|VerbForm#Fin|Voice#Act
005.SCG*LB3.CP14++7.N.-5.3-1.4-1W4	sortitur	Q40868	https://lilamorph.wikibase.cloud/entity/L33654-F68	lemma/125212	Mood#Ind|Number#Sing|Person#3|Tense#Pres|VerbForm#Fin|Voice#Pass
005.SCG*LB2.CP-7++0.N.-2.13-5.15-7W1	oportet	Q40888	https://lilamorph.wikibase.cloud/entity/L31767-F4	lemma/115099	Mood#Ind|Number#Sing|Person#3|Tense#Pres|VerbForm#Fin|Voice#Act
005.SCG*LB1.CP-1++3.N.-6.9-1.11-2W9	oportet	Q40893	https://lilamorph.wikibase.cloud/entity/L31767-F4	lemma/115099	Mood#Ind|Number#Sing|Person#3|Tense#Pres|VerbForm#Fin|Voice#Act
005.SCG*LB4.CP--++6.N.-9.5-1.6-6W15	mortuis	Q40898	https://lilamorph.wikibase.cloud/entity/L31378-F190	lemma/112797	Aspect#Perf|Case#Abl|Degree#Pos|Gender#Masc|Number#Plur|Tense#Past|VerbForm#Part|Voice#Pass
005.SCG*LB2.CP-8++9.N.-8.1-1.11-1W43	operatur	Q40901	https://lilamorph.wikibase.cloud/entity/L31761-F68	lemma/115029	Mood#Ind|Number#Sing|Person#3|Tense#Pres|VerbForm#Fin|Voice#Pass
005.SCG*LB4.CP-4++1.N.12.13-3.15-4W5	operatur	Q40907	https://lilamorph.wikibase.cloud/entity/L31761-F68	lemma/115029	Aspect#Imp|Mood#Ind|Number#Sing|Person#3|Tense#Pres|VerbForm#Fin|Voice#Pass
005.SCG*LB4.CP-3++2.N.11.6-2.10-2W18	oportet	Q40956	https://lilamorph.wikibase.cloud/entity/L31767-F4	lemma/115099	Aspect#Imp|Mood#Ind|Number#Sing|Person#3|Tense#Pres|VerbForm#Fin|Voice#Act
005.SCG*LB2.CP-7++3.N.14.1-1.9-1W8	sortitur	Q40959	https://lilamorph.wikibase.cloud/entity/L33654-F68	lemma/125212	Mood#Ind|Number#Sing|Person#3|Tense#Pres|VerbForm#Fin|Voice#Pass
005.SCG*LB2.CP-8++4.N.-4.1-1.5-1W15	oportet	Q41015	https://lilamorph.wikibase.cloud/entity/L31767-F4	lemma/115099	Mood#Ind|Number#Sing|Person#3|Tense#Pres|VerbForm#Fin|Voice#Act
005.SCG*LB1.CP-4++2.N.16.6-1.8-2W9	oportet	Q41028	https://lilamorph.wikibase.cloud/entity/L31767-F4	lemma/115099	Mood#Ind|Number#Sing|Person#3|Tense#Pres|VerbForm#Fin|Voice#Act
005.SCG*LB4.CP-8++4.N.-4.9-2.11-1W3	oportet	Q41041	https://lilamorph.wikibase.cloud/entity/L31767-F4	lemma/115099	Aspect#Imp|Mood#Ind|Number#Sing|Person#3|Tense#Pres|VerbForm#Fin|Voice#Act
005.SCG*LB4.CP-2++5.N.-4.15-4.17-1W7	oportet	Q41060	https://lilamorph.wikibase.cloud/entity/L31767-F4	lemma/115099	Aspect#Imp|Mood#Ind|Number#Sing|Person#3|Tense#Pres|VerbForm#Fin|Voice#Act
005.SCG*LB4.CP-7++4.N.-2.37-5.40-4W11	pateretur	Q41062	https://lilamorph.wikibase.cloud/entity/L31871-F103	lemma/116223	Aspect#Imp|Mood#Sub|Number#Sing|Person#3|Tense#Imp|VerbForm#Fin|Voice#Pass
005.SCG*LB3.CP-9++8.N.-1.3-1.4-7W13	complectitur	Q6933	https://lilamorph.wikibase.cloud/entity/L28022-F135	lemma/95339	Mood#Ind|Number#Sing|Person#3|Tense#Pres|VerbForm#Fin|Voice#Pass
005.SCG*LB3.CP-7++8.N.-3.12-6.15-2W10	oportet	Q41071	https://lilamorph.wikibase.cloud/entity/L31767-F4	lemma/115099	Mood#Ind|Number#Sing|Person#3|Tense#Pres|VerbForm#Fin|Voice#Act
005.SCG*LB4.CP-2++1.N.-2.23-1.29-1W33	oportet	Q41088	https://lilamorph.wikibase.cloud/entity/L31767-F4	lemma/115099	Aspect#Imp|Mood#Ind|Number#Sing|Person#3|Tense#Pres|VerbForm#Fin|Voice#Act
005.SCG*LB4.CP-3++9.N.-2.2-6.6-1W18	mortuum	Q41107	https://lilamorph.wikibase.cloud/entity/L31378-F165	lemma/112797	Aspect#Perf|Case#Nom|Degree#Pos|Gender#Neut|Number#Sing|Tense#Past|VerbForm#Part|Voice#Pass
005.SCG*LB4.CP--++7.N.20.6-1.10-5W6	operatum	Q41120	https://lilamorph.wikibase.cloud/entity/L31761-F191	lemma/115029	Aspect#Perf|Case#Nom|Degree#Pos|Gender#Neut|Number#Sing|Tense#Past|VerbForm#Part|Voice#Pass
005.SCG*LB3.CP-5++3.N.-5.26-1.28-1W1	oportet	Q41144	https://lilamorph.wikibase.cloud/entity/L31767-F4	lemma/115099	Mood#Ind|Number#Sing|Person#3|Tense#Pres|VerbForm#Fin|Voice#Act
005.SCG*LB2.CP--++3.N.-3.7-5.10-3W9	patitur	Q41177	https://lilamorph.wikibase.cloud/entity/L31871-F68	lemma/116223	Mood#Ind|Number#Sing|Person#3|Tense#Pres|VerbForm#Fin|Voice#Pass
005.SCG*LB2.CP-7++5.N.10.7-2.11-5W1	oportet	Q41186	https://lilamorph.wikibase.cloud/entity/L31767-F4	lemma/115099	Mood#Ind|Number#Sing|Person#3|Tense#Pres|VerbForm#Fin|Voice#Act
005.SCG*LB2.CP-3++5.N.-3.6-2.11-7W33	oportet	Q41209	https://lilamorph.wikibase.cloud/entity/L31767-F4	lemma/115099	Mood#Ind|Number#Sing|Person#3|Tense#Pres|VerbForm#Fin|Voice#Act
005.SCG*LB4.CP-1++3.N.10.19-1.23-3W1	oportet	Q41226	https://lilamorph.wikibase.cloud/entity/L31767-F4	lemma/115099	Aspect#Imp|Mood#Ind|Number#Sing|Person#3|Tense#Pres|VerbForm#Fin|Voice#Act
005.SCG*LB2.CP-6++1.N.-6.3-4.4-6W5	opinatur	Q41272	https://lilamorph.wikibase.cloud/entity/L31764-F68	lemma/115071	Mood#Ind|Number#Sing|Person#3|Tense#Pres|VerbForm#Fin|Voice#Pass
005.SCG*LB4.CP-2++3.N.11.10-3.13-6W11	loquendi	Q41281	https://lilamorph.wikibase.cloud/entity/L31185-F201	lemma/110806	Aspect#Perf|Case#Gen|Degree#Pos|Number#Sing|VerbForm#Ger|Voice#Pass
005.SCG*LB2.CP-9++8.N.11.12-4.17-2W21	oportet	Q41291	https://lilamorph.wikibase.cloud/entity/L31767-F4	lemma/115099	Mood#Ind|Number#Sing|Person#3|Tense#Pres|VerbForm#Fin|Voice#Act
005.SCG*LB3.CP12++4.N.-6.1-2.4-1W8	oportet	Q41292	https://lilamorph.wikibase.cloud/entity/L31767-F4	lemma/115099	Mood#Ind|Number#Sing|Person#3|Tense#Pres|VerbForm#Fin|Voice#Act
005.SCG*LB3.CP-2++3.N.-5.21-5.23-2W1	oportet	Q41301	https://lilamorph.wikibase.cloud/entity/L31767-F4	lemma/115099	Mood#Ind|Number#Sing|Person#3|Tense#Pres|VerbForm#Fin|Voice#Act
005.SCG*LB3.CP12++9.N.-4.6-4.8-3W1	oportet	Q41320	https://lilamorph.wikibase.cloud/entity/L31767-F4	lemma/115099	Mood#Ind|Number#Sing|Person#3|Tense#Pres|VerbForm#Fin|Voice#Act
005.SCG*LB4.CP-2++5.N.-2.2-2.6-3W17	oportet	Q41327	https://lilamorph.wikibase.cloud/entity/L31767-F4	lemma/115099	Aspect#Imp|Mood#Ind|Number#Sing|Person#3|Tense#Pres|VerbForm#Fin|Voice#Act
005.SCG*LB3.CP--++2.N.-4.13-1.22-5W27	imaginetur	Q41333	https://lilamorph.wikibase.cloud/entity/L30338-F75	lemma/106317	Mood#Sub|Number#Sing|Person#3|Tense#Pres|VerbForm#Fin|Voice#Pass
005.SCG*LB3.CP-9++7.N.-9.5-1.8-3W12	oportet	Q41366	https://lilamorph.wikibase.cloud/entity/L31767-F4	lemma/115099	Mood#Ind|Number#Sing|Person#3|Tense#Pres|VerbForm#Fin|Voice#Act
005.SCG*LB3.CP10++8.N.-1.4-5.6-2W1	oportet	Q41381	https://lilamorph.wikibase.cloud/entity/L31767-F4	lemma/115099	Mood#Ind|Number#Sing|Person#3|Tense#Pres|VerbForm#Fin|Voice#Act
005.SCG*LB4.CP-2++1.N.-6.1-1.5-1W17	oportet	Q41404	https://lilamorph.wikibase.cloud/entity/L31767-F4	lemma/115099	Aspect#Imp|Mood#Ind|Number#Sing|Person#3|Tense#Pres|VerbForm#Fin|Voice#Act
005.SCG*LB3.CP-4++0.N.-4.8-4.10-4W9	oportet	Q41411	https://lilamorph.wikibase.cloud/entity/L31767-F4	lemma/115099	Mood#Ind|Number#Sing|Person#3|Tense#Pres|VerbForm#Fin|Voice#Act
005.SCG*LB4.CP-5++5.N.14.8-6.12-6W2	oportuit	Q41420	https://lilamorph.wikibase.cloud/entity/L31767-F128	lemma/115099	Aspect#Perf|Mood#Ind|Number#Sing|Person#3|Tense#Past|VerbForm#Fin|Voice#Act
005.SCG*LB3.CP-9++7.N.-8.4-1.9-5W15	oportet	Q41471	https://lilamorph.wikibase.cloud/entity/L31767-F4	lemma/115099	Mood#Ind|Number#Sing|Person#3|Tense#Pres|VerbForm#Fin|Voice#Act
005.SCG*LB3.CP12++5.N.-3.1-2.6-1W22	oportuit	Q41478	https://lilamorph.wikibase.cloud/entity/L31767-F128	lemma/115099	Aspect#Perf|Mood#Ind|Number#Sing|Person#3|Tense#Past|VerbForm#Fin|Voice#Act
005.SCG*LB2.CP-1++9.N.-5.1-2.2-4W6	oportet	Q41489	https://lilamorph.wikibase.cloud/entity/L31767-F4	lemma/115099	Mood#Ind|Number#Sing|Person#3|Tense#Pres|VerbForm#Fin|Voice#Act
005.SCG*LB4.CP--++5.N.11.10-4.12-2W5	loquendi	Q41497	https://lilamorph.wikibase.cloud/entity/L31185-F201	lemma/110806	Aspect#Perf|Case#Gen|Degree#Pos|Number#Sing|VerbForm#Ger|Voice#Pass
005.SCG*LB2.CP10++0.N.-3.3-1.4-6W10	operatur	Q41535	https://lilamorph.wikibase.cloud/entity/L31761-F68	lemma/115029	Mood#Ind|Number#Sing|Person#3|Tense#Pres|VerbForm#Fin|Voice#Pass
005.SCG*LB2.CP-7++3.N.13.1-2.6-1W4	sortitur	Q41540	https://lilamorph.wikibase.cloud/entity/L33654-F68	lemma/125212	Mood#Ind|Number#Sing|Person#3|Tense#Pres|VerbForm#Fin|Voice#Pass
005.SCG*LB3.CP10++9.N.-4.10-6.13-2W19	moriatur	Q41557	https://lilamorph.wikibase.cloud/entity/L31378-F75	lemma/112797	Mood#Sub|Number#Sing|Person#3|Tense#Pres|VerbForm#Fin|Voice#Pass
005.SCG*LB4.CP--++8.N.-1.13-4.16-7W7	oporteret	Q41568	https://lilamorph.wikibase.cloud/entity/L31767-F89	lemma/115099	Aspect#Imp|Mood#Sub|Number#Sing|Person#3|Tense#Imp|VerbForm#Fin|Voice#Act
005.SCG*LB4.CP-2++3.N.-3.1-1.5-1W21	loquetur	Q41571	https://lilamorph.wikibase.cloud/entity/L31185-F158	lemma/110806	Aspect#Imp|Mood#Ind|Number#Sing|Person#3|Tense#Fut|VerbForm#Fin|Voice#Pass
005.SCG*LB4.CP-5++0.N.-8.6-5.8-5W2	oportet	Q41575	https://lilamorph.wikibase.cloud/entity/L31767-F4	lemma/115099	Aspect#Imp|Mood#Ind|Number#Sing|Person#3|Tense#Pres|VerbForm#Fin|Voice#Act
005.SCG*LB3.CP-9++4.N.-8.1-1.5-4W19	oportet	Q41668	https://lilamorph.wikibase.cloud/entity/L31767-F4	lemma/115099	Mood#Ind|Number#Sing|Person#3|Tense#Pres|VerbForm#Fin|Voice#Act
005.SCG*LB4.CP-8++3.N.21.6-2.7-1W3	mortuis	Q41672	https://lilamorph.wikibase.cloud/entity/L31378-F190	lemma/112797	Aspect#Perf|Case#Abl|Degree#Pos|Gender#Masc|Number#Plur|Tense#Past|VerbForm#Part|Voice#Pass
005.SCG*LB1.CP-6++9.N.-4.1-2.5-2W17	oportet	Q41707	https://lilamorph.wikibase.cloud/entity/L31767-F4	lemma/115099	Mood#Ind|Number#Sing|Person#3|Tense#Pres|VerbForm#Fin|Voice#Act
005.SCG*LB3.CP-5++5.N.-1.1-1.5-3W19	oportet	Q41726	https://lilamorph.wikibase.cloud/entity/L31767-F4	lemma/115099	Mood#Ind|Number#Sing|Person#3|Tense#Pres|VerbForm#Fin|Voice#Act
005.SCG*LB3.CP12++5.N.-4.6-3.11-2W7	liceret	Q41727	https://lilamorph.wikibase.cloud/entity/L31140-F89	lemma/110433	Aspect#Imp|Mood#Sub|Number#Sing|Person#3|Tense#Imp|VerbForm#Fin|Voice#Act
005.SCG*LB3.CP11++8.N.-4.23-4.27-4W15	oportet	Q41742	https://lilamorph.wikibase.cloud/entity/L31767-F4	lemma/115099	Mood#Ind|Number#Sing|Person#3|Tense#Pres|VerbForm#Fin|Voice#Act
005.SCG*LB4.CP-9++2.N.-6.5-3.5-6W3	operantur	Q41747	https://lilamorph.wikibase.cloud/entity/L31761-F71	lemma/115029	Aspect#Imp|Mood#Ind|Number#Plur|Person#3|Tense#Pres|VerbForm#Fin|Voice#Pass
005.SCG*LB3.CP13++4.N.-7.23-2.27-1W14	operatur	Q41755	https://lilamorph.wikibase.cloud/entity/L31761-F68	lemma/115029	Mood#Ind|Number#Sing|Person#3|Tense#Pres|VerbForm#Fin|Voice#Pass
005.SCG*LB3.CP15++4.N.-1.1-1.6-5W31	oportet	Q41760	https://lilamorph.wikibase.cloud/entity/L31767-F4	lemma/115099	Mood#Ind|Number#Sing|Person#3|Tense#Pres|VerbForm#Fin|Voice#Act
005.SCG*LB3.CP-6++7.N.-6.3-1.5-1W1	oportet	Q41763	https://lilamorph.wikibase.cloud/entity/L31767-F4	lemma/115099	Mood#Ind|Number#Sing|Person#3|Tense#Pres|VerbForm#Fin|Voice#Act
005.SCG*LB2.CP-9++1.N.-9.12-3.14-6W1	oportet	Q41768	https://lilamorph.wikibase.cloud/entity/L31767-F4	lemma/115099	Mood#Ind|Number#Sing|Person#3|Tense#Pres|VerbForm#Fin|Voice#Act
005.SCG*LB2.CP-2++3.N.-7.11-1.12-7W1	oportet	Q41803	https://lilamorph.wikibase.cloud/entity/L31767-F4	lemma/115099	Mood#Ind|Number#Sing|Person#3|Tense#Pres|VerbForm#Fin|Voice#Act
005.SCG*LB2.CP-9++0.N.-2.6-4.9-1W2	oporteret	Q41807	https://lilamorph.wikibase.cloud/entity/L31767-F89	lemma/115099	Aspect#Imp|Mood#Sub|Number#Sing|Person#3|Tense#Imp|VerbForm#Fin|Voice#Act
005.SCG*LB3.CP-6++8.N.-2.1-1.3-1W5	oportet	Q41812	https://lilamorph.wikibase.cloud/entity/L31767-F4	lemma/115099	Mood#Ind|Number#Sing|Person#3|Tense#Pres|VerbForm#Fin|Voice#Act
005.SCG*LB2.CP-2++4.N.-4.12-2.14-1W3	oportet	Q41816	https://lilamorph.wikibase.cloud/entity/L31767-F4	lemma/115099	Mood#Ind|Number#Sing|Person#3|Tense#Pres|VerbForm#Fin|Voice#Act
005.SCG*LB4.CP--++5.N.11.19-1.21-5W10	loquitur	Q41826	https://lilamorph.wikibase.cloud/entity/L31185-F69	lemma/110806	Aspect#Imp|Mood#Ind|Number#Sing|Person#3|Tense#Pres|VerbForm#Fin|Voice#Pass
005.SCG*LB3.CP--++5.N.10.3-2.8-5W36	patitur	Q41900	https://lilamorph.wikibase.cloud/entity/L31871-F68	lemma/116223	Mood#Ind|Number#Sing|Person#3|Tense#Pres|VerbForm#Fin|Voice#Pass
005.SCG*LB4.CP-2++2.N.-2.1-1.3-3W13	conversari	Q9980	https://lilamorph.wikibase.cloud/entity/L28399-F64	lemma/96443	Aspect#Imp|Tense#Pres|VerbForm#Inf|Voice#Pass
005.SCG*LB1.CP--++5.N.-5.2-6.7-1W16	oportere	Q41992	https://lilamorph.wikibase.cloud/entity/L31767-F1	lemma/115099	Tense#Pres|VerbForm#Inf|Voice#Act
005.SCG*LB1.CP-9++1.N.-1.1-1.3-1W3	oportet	Q42016	https://lilamorph.wikibase.cloud/entity/L31767-F4	lemma/115099	Mood#Ind|Number#Sing|Person#3|Tense#Pres|VerbForm#Fin|Voice#Act
005.SCG*LB3.CP-5++8.N.-4.1-2.4-6W11	oportet	Q42028	https://lilamorph.wikibase.cloud/entity/L31767-F4	lemma/115099	Mood#Ind|Number#Sing|Person#3|Tense#Pres|VerbForm#Fin|Voice#Act
005.SCG*LB4.CP-8++5.N.-3.11-3.13-1W1	oportet	Q42071	https://lilamorph.wikibase.cloud/entity/L31767-F4	lemma/115099	Aspect#Imp|Mood#Ind|Number#Sing|Person#3|Tense#Pres|VerbForm#Fin|Voice#Act
005.SCG*LB3.CP-7++8.N.-5.3-4.7-4W29	operatur	Q42119	https://lilamorph.wikibase.cloud/entity/L31761-F68	lemma/115029	Mood#Ind|Number#Sing|Person#3|Tense#Pres|VerbForm#Fin|Voice#Pass
005.SCG*LB2.CP-4++7.N.-4.41-1.46-3W9	operatur	Q42129	https://lilamorph.wikibase.cloud/entity/L31761-F68	lemma/115029	Mood#Ind|Number#Sing|Person#3|Tense#Pres|VerbForm#Fin|Voice#Pass
005.SCG*LB3.CP-9++7.N.12.14-1.15-3W6	oportet	Q42141	https://lilamorph.wikibase.cloud/entity/L31767-F4	lemma/115099	Mood#Ind|Number#Sing|Person#3|Tense#Pres|VerbForm#Fin|Voice#Act
005.SCG*LB2.CP-8++3.N.32.3-1.5-4W3	oportet	Q42180	https://lilamorph.wikibase.cloud/entity/L31767-F4	lemma/115099	Mood#Ind|Number#Sing|Person#3|Tense#Pres|VerbForm#Fin|Voice#Act
005.SCG*LB4.CP--++8.N.-5.33-1.35-5W10	veneratur	Q42359	https://lilamorph.wikibase.cloud/entity/L34527-F68	lemma/129781	Aspect#Imp|Mood#Ind|Number#Sing|Person#3|Tense#Pres|VerbForm#Fin|Voice#Pass
005.SCG*LB3.CP10++0.N.-6.5-4.8-4W11	operetur	Q42403	https://lilamorph.wikibase.cloud/entity/L31761-F75	lemma/115029	Mood#Sub|Number#Sing|Person#3|Tense#Pres|VerbForm#Fin|Voice#Pass
005.SCG*LB2.CP-7++3.N.32.1-2.6-2W9	oportet	Q42407	https://lilamorph.wikibase.cloud/entity/L31767-F4	lemma/115099	Mood#Ind|Number#Sing|Person#3|Tense#Pres|VerbForm#Fin|Voice#Act
005.SCG*LB3.CP15++4.N.19.10-2.11-4W9	interpretarentur	Q42439	https://lilamorph.wikibase.cloud/entity/L30860-F212	lemma/108603	Aspect#Imp|Mood#Sub|Number#Plur|Person#3|Tense#Imp|VerbForm#Fin|Voice#Pass
005.SCG*LB4.CP-1++1.N.14.27-5.31-1W1	oportet	Q42450	https://lilamorph.wikibase.cloud/entity/L31767-F4	lemma/115099	Aspect#Imp|Mood#Ind|Number#Sing|Person#3|Tense#Pres|VerbForm#Fin|Voice#Act
005.SCG*LB3.CP--++4.N.-4.27-3.28-5W3	oportet	Q42501	https://lilamorph.wikibase.cloud/entity/L31767-F4	lemma/115099	Mood#Ind|Number#Sing|Person#3|Tense#Pres|VerbForm#Fin|Voice#Act
005.SCG*LB1.CP-1++3.N.-5.3-3.5-1W6	oportet	Q42519	https://lilamorph.wikibase.cloud/entity/L31767-F4	lemma/115099	Mood#Ind|Number#Sing|Person#3|Tense#Pres|VerbForm#Fin|Voice#Act
005.SCG*LB3.CP13++9.N.-5.1-2.5-3W20	oportet	Q42529	https://lilamorph.wikibase.cloud/entity/L31767-F4	lemma/115099	Mood#Ind|Number#Sing|Person#3|Tense#Pres|VerbForm#Fin|Voice#Act
005.SCG*LB3.CP11++7.N.-2.5-2.6-5W1	oportet	Q42594	https://lilamorph.wikibase.cloud/entity/L31767-F4	lemma/115099	Mood#Ind|Number#Sing|Person#3|Tense#Pres|VerbForm#Fin|Voice#Act
005.SCG*LB4.CP--++8.N.-1.8-1.13-3W26	oportet	Q42637	https://lilamorph.wikibase.cloud/entity/L31767-F4	lemma/115099	Aspect#Imp|Mood#Ind|Number#Sing|Person#3|Tense#Pres|VerbForm#Fin|Voice#Act
005.SCG*LB2.CP-6++2.N.-9.6-5.8-6W1	oportet	Q42661	https://lilamorph.wikibase.cloud/entity/L31767-F4	lemma/115099	Mood#Ind|Number#Sing|Person#3|Tense#Pres|VerbForm#Fin|Voice#Act
005.SCG*LB3.CP15++4.N.-9.1-1.6-3W31	experiri	Q42669	https://lilamorph.wikibase.cloud/entity/L29780-F64	lemma/102165	Tense#Pres|VerbForm#Inf|Voice#Pass
005.SCG*LB3.CP14++2.N.-4.7-2.9-5W10	oportet	Q42683	https://lilamorph.wikibase.cloud/entity/L31767-F4	lemma/115099	Mood#Ind|Number#Sing|Person#3|Tense#Pres|VerbForm#Fin|Voice#Act
005.SCG*LB2.CP10++0.N.-5.10-4.13-1W1	oportet	Q42684	https://lilamorph.wikibase.cloud/entity/L31767-F4	lemma/115099	Mood#Ind|Number#Sing|Person#3|Tense#Pres|VerbForm#Fin|Voice#Act
005.SCG*LB3.CP--++7.N.-3.3-7.6-1W10	oportet	Q42695	https://lilamorph.wikibase.cloud/entity/L31767-F4	lemma/115099	Mood#Ind|Number#Sing|Person#3|Tense#Pres|VerbForm#Fin|Voice#Act
005.SCG*LB4.CP-1++8.N.-7.1-1.4-4W6	calumniari	Q4694	https://lilamorph.wikibase.cloud/entity/L27511-F64	lemma/92443	Aspect#Imp|Tense#Pres|VerbForm#Inf|Voice#Pass
005.SCG*LB3.CP-8++5.N.-4.5-1.10-3W30	operantur	Q42821	https://lilamorph.wikibase.cloud/entity/L31761-F71	lemma/115029	Mood#Ind|Number#Plur|Person#3|Tense#Pres|VerbForm#Fin|Voice#Pass
005.SCG*LB3.CP13++5.N.22.11-2.12-3W9	operatur	Q42830	https://lilamorph.wikibase.cloud/entity/L31761-F68	lemma/115029	Mood#Ind|Number#Sing|Person#3|Tense#Pres|VerbForm#Fin|Voice#Pass
005.SCG*LB2.CP-7++2.N.-2.1-1.2-4W1	oportet	Q42852	https://lilamorph.wikibase.cloud/entity/L31767-F4	lemma/115099	Mood#Ind|Number#Sing|Person#3|Tense#Pres|VerbForm#Fin|Voice#Act
005.SCG*LB1.CP-4++2.N.-8.6-1.7-1W3	oportet	Q42910	https://lilamorph.wikibase.cloud/entity/L31767-F4	lemma/115099	Mood#Ind|Number#Sing|Person#3|Tense#Pres|VerbForm#Fin|Voice#Act
005.SCG*LB4.CP-5++5.N.13.9-2.12-3W1	oportuit	Q42920	https://lilamorph.wikibase.cloud/entity/L31767-F128	lemma/115099	Aspect#Perf|Mood#Ind|Number#Sing|Person#3|Tense#Past|VerbForm#Fin|Voice#Act
005.SCG*LB3.CP-6++7.N.--.1-1.2-2W5	operandi	Q42928	https://lilamorph.wikibase.cloud/entity/L31761-F261	lemma/115029	Case#Gen|Degree#Pos|Number#Sing|VerbForm#Ger|Voice#Pass
005.SCG*LB1.CP-9++1.N.-9.4-3.6-4W15	oportet	Q42973	https://lilamorph.wikibase.cloud/entity/L31767-F4	lemma/115099	Mood#Ind|Number#Sing|Person#3|Tense#Pres|VerbForm#Fin|Voice#Act
005.SCG*LB2.CP-5++8.N.-8.19-3.22-1W17	oportet	Q42984	https://lilamorph.wikibase.cloud/entity/L31767-F4	lemma/115099	Mood#Ind|Number#Sing|Person#3|Tense#Pres|VerbForm#Fin|Voice#Act
005.SCG*LB2.CP--++2.N.-2.1-1.3-4W12	admirari	Q1545	https://lilamorph.wikibase.cloud/entity/L26850-F126	lemma/87542	Tense#Pres|VerbForm#Inf|Voice#Pass
005.SCG*LB1.CP-9++9.N.-4.5-5.8-2W8	oportet	Q42996	https://lilamorph.wikibase.cloud/entity/L31767-F4	lemma/115099	Mood#Ind|Number#Sing|Person#3|Tense#Pres|VerbForm#Fin|Voice#Act
005.SCG*LB2.CP-9++5.N.-1.1-1.3-1W1	oportet	Q43001	https://lilamorph.wikibase.cloud/entity/L31767-F4	lemma/115099	Mood#Ind|Number#Sing|Person#3|Tense#Pres|VerbForm#Fin|Voice#Act
005.SCG*LB4.CP-6++3.N.11.1-1.3-5W10	oportet	Q43007	https://lilamorph.wikibase.cloud/entity/L31767-F4	lemma/115099	Aspect#Imp|Mood#Ind|Number#Sing|Person#3|Tense#Pres|VerbForm#Fin|Voice#Act
005.SCG*LB4.CP--++8.N.-9.26-1.28-1W1	oportet	Q43017	https://lilamorph.wikibase.cloud/entity/L31767-F4	lemma/115099	Aspect#Imp|Mood#Ind|Number#Sing|Person#3|Tense#Pres|VerbForm#Fin|Voice#Act
005.SCG*LB2.CP-6++0.N.14.8-1.10-2W1	oportet	Q43080	https://lilamorph.wikibase.cloud/entity/L31767-F4	lemma/115099	Mood#Ind|Number#Sing|Person#3|Tense#Pres|VerbForm#Fin|Voice#Act
005.SCG*LB4.CP-5++7.N.-1.1-1.5-7W23	oportet	Q43090	https://lilamorph.wikibase.cloud/entity/L31767-F4	lemma/115099	Aspect#Imp|Mood#Ind|Number#Sing|Person#3|Tense#Pres|VerbForm#Fin|Voice#Act
005.SCG*LB3.CP12++3.N.-5.13-4.15-8W10	oportet	Q43109	https://lilamorph.wikibase.cloud/entity/L31767-F4	lemma/115099	Mood#Ind|Number#Sing|Person#3|Tense#Pres|VerbForm#Fin|Voice#Act
005.SCG*LB3.CP12++8.N.-1.10-2.12-5W1	oportet	Q43110	https://lilamorph.wikibase.cloud/entity/L31767-F4	lemma/115099	Mood#Ind|Number#Sing|Person#3|Tense#Pres|VerbForm#Fin|Voice#Act
005.SCG*LB3.CP-9++4.N.-9.27-4.31-2W1	oportet	Q43143	https://lilamorph.wikibase.cloud/entity/L31767-F4	lemma/115099	Mood#Ind|Number#Sing|Person#3|Tense#Pres|VerbForm#Fin|Voice#Act
005.SCG*LB2.CP-9++0.N.11.1-2.5-5W14	oportet	Q43144	https://lilamorph.wikibase.cloud/entity/L31767-F4	lemma/115099	Mood#Ind|Number#Sing|Person#3|Tense#Pres|VerbForm#Fin|Voice#Act
005.SCG*LB4.CP-3++7.N.-1.5-5.8-5W11	experitur	Q43151	https://lilamorph.wikibase.cloud/entity/L29780-F68	lemma/102165	Aspect#Imp|Mood#Ind|Number#Sing|Person#3|Tense#Pres|VerbForm#Fin|Voice#Pass
005.SCG*LB4.CP-3++5.N.13.4-6.8-5W11	oportebit	Q43166	https://lilamorph.wikibase.cloud/entity/L31767-F109	lemma/115099	Aspect#Imp|Mood#Ind|Number#Sing|Person#3|Tense#Fut|VerbForm#Fin|Voice#Act
005.SCG*LB2.CP-5++7.N.-8.7-1.8-6W6	patitur	Q43171	https://lilamorph.wikibase.cloud/entity/L31871-F68	lemma/116223	Mood#Ind|Number#Sing|Person#3|Tense#Pres|VerbForm#Fin|Voice#Pass
005.SCG*LB4.CP-3++4.N.-2.64-1.66-2W12	passus	Q43193	https://lilamorph.wikibase.cloud/entity/L31871-F163	lemma/116223	Aspect#Perf|Case#Nom|Degree#Pos|Gender#Masc|Number#Sing|Tense#Past|VerbForm#Part|Voice#Pass
005.SCG*LB3.CP10++4.N.11.3-5.7-2W6	operetur	Q43241	https://lilamorph.wikibase.cloud/entity/L31761-F75	lemma/115029	Mood#Sub|Number#Sing|Person#3|Tense#Pres|VerbForm#Fin|Voice#Pass
005.SCG*LB3.CP15++4.N.-8.10-2.16-2W28	operando	Q43245	https://lilamorph.wikibase.cloud/entity/L31761-F264	lemma/115029	Case#Abl|Degree#Pos|Number#Sing|VerbForm#Ger|Voice#Pass
005.SCG*LB2.CP-4++2.N.-5.1-2.6-1W12	oportet	Q43247	https://lilamorph.wikibase.cloud/entity/L31767-F4	lemma/115099	Mood#Ind|Number#Sing|Person#3|Tense#Pres|VerbForm#Fin|Voice#Act
005.SCG*LB2.CP-8++2.N.10.6-1.7-4W4	moritur	Q43258	https://lilamorph.wikibase.cloud/entity/L31378-F68	lemma/112797	Mood#Ind|Number#Sing|Person#3|Tense#Pres|VerbForm#Fin|Voice#Pass
005.SCG*LB4.CP-6++5.N.-7.4-1.8-5W27	oportet	Q43297	https://lilamorph.wikibase.cloud/entity/L31767-F4	lemma/115099	Aspect#Imp|Mood#Ind|Number#Sing|Person#3|Tense#Pres|VerbForm#Fin|Voice#Act
005.SCG*LB2.CP-4++2.N.-3.9-1.12-1W1	oportet	Q43327	https://lilamorph.wikibase.cloud/entity/L31767-F4	lemma/115099	Mood#Ind|Number#Sing|Person#3|Tense#Pres|VerbForm#Fin|Voice#Act
005.SCG*LB2.CP-6++0.N.-8.3-2.5-8W16	pati	Q43348	https://lilamorph.wikibase.cloud/entity/L31871-F64	lemma/116223	Tense#Pres|VerbForm#Inf|Voice#Pass
005.SCG*LB1.CP--++6.N.-6.5-6.10-5W14	operandum	Q43369	https://lilamorph.wikibase.cloud/entity/L31761-F263	lemma/115029	Case#Acc|Degree#Pos|Number#Sing|VerbForm#Ger|Voice#Pass
005.SCG*LB2.CP-4++4.N.12.1-2.7-3W13	oportebit	Q43375	https://lilamorph.wikibase.cloud/entity/L31767-F109	lemma/115099	Mood#Ind|Number#Sing|Person#3|Tense#Fut|VerbForm#Fin|Voice#Act
005.SCG*LB2.CP-7++6.N.20.11-5.16-5W22	patitur	Q43422	https://lilamorph.wikibase.cloud/entity/L31871-F68	lemma/116223	Mood#Ind|Number#Sing|Person#3|Tense#Pres|VerbForm#Fin|Voice#Pass
005.SCG*LB1.CP-9++7.N.-3.20-2.21-8W11	operatur	Q43430	https://lilamorph.wikibase.cloud/entity/L31761-F68	lemma/115029	Mood#Ind|Number#Sing|Person#3|Tense#Pres|VerbForm#Fin|Voice#Pass
005.SCG*LB3.CP-2++6.N.10.13-5.15-4W2	oportet	Q43443	https://lilamorph.wikibase.cloud/entity/L31767-F4	lemma/115099	Mood#Ind|Number#Sing|Person#3|Tense#Pres|VerbForm#Fin|Voice#Act
005.SCG*LB4.CP-5++6.N.-2.1-1.2-5W4	oportuit	Q43465	https://lilamorph.wikibase.cloud/entity/L31767-F128	lemma/115099	Aspect#Perf|Mood#Ind|Number#Sing|Person#3|Tense#Past|VerbForm#Fin|Voice#Act
005.SCG*LB3.CP-9++7.N.-7.4-1.6-2W4	oportet	Q43557	https://lilamorph.wikibase.cloud/entity/L31767-F4	lemma/115099	Mood#Ind|Number#Sing|Person#3|Tense#Pres|VerbForm#Fin|Voice#Act
005.SCG*LB4.CP-5++4.N.-5.1-2.5-3W10	oportuit	Q43591	https://lilamorph.wikibase.cloud/entity/L31767-F128	lemma/115099	Aspect#Perf|Mood#Ind|Number#Sing|Person#3|Tense#Past|VerbForm#Fin|Voice#Act
005.SCG*LB2.CP-4++8.N.-2.1-1.3-4W17	operandis	Q43595	https://lilamorph.wikibase.cloud/entity/L31761-F294	lemma/115029	Case#Abl|Degree#Pos|Gender#Neut|Number#Plur|VerbForm#Gdv|Voice#Pass
005.SCG*LB4.CP-7++1.N.-4.4-4.6-5W15	reverti	Q43602	https://lilamorph.wikibase.cloud/entity/L33370-F126	lemma/122809	Aspect#Imp|Tense#Pres|VerbForm#Inf|Voice#Pass
005.SCG*LB2.CP-4++2.N.-5.10-3.14-1W11	oportet	Q43646	https://lilamorph.wikibase.cloud/entity/L31767-F4	lemma/115099	Mood#Ind|Number#Sing|Person#3|Tense#Pres|VerbForm#Fin|Voice#Act
005.SCG*LB2.CP-7++6.N.17.3-7.8-3W29	operantur	Q43664	https://lilamorph.wikibase.cloud/entity/L31761-F71	lemma/115029	Mood#Ind|Number#Plur|Person#3|Tense#Pres|VerbForm#Fin|Voice#Pass
005.SCG*LB3.CP13++5.N.-1.1-1.4-2W15	sectantur	Q43687	https://lilamorph.wikibase.cloud/entity/L33553-F71	lemma/123965	Mood#Ind|Number#Plur|Person#3|Tense#Pres|VerbForm#Fin|Voice#Pass
005.SCG*LB2.CP-3++1.N.-2.1-1.4-7W15	oportet	Q43826	https://lilamorph.wikibase.cloud/entity/L31767-F4	lemma/115099	Mood#Ind|Number#Sing|Person#3|Tense#Pres|VerbForm#Fin|Voice#Act
005.SCG*LB1.CP-2++0.N.26.7-2.7-5W2	oportet	Q43876	https://lilamorph.wikibase.cloud/entity/L31767-F4	lemma/115099	Mood#Ind|Number#Sing|Person#3|Tense#Pres|VerbForm#Fin|Voice#Act
005.SCG*LB1.CP-2++0.N.-4.1-2.2-5W6	oportet	Q43880	https://lilamorph.wikibase.cloud/entity/L31767-F4	lemma/115099	Mood#Ind|Number#Sing|Person#3|Tense#Pres|VerbForm#Fin|Voice#Act
005.SCG*LB3.CP-8++9.N.-3.4-3.5-4W4	operatus	Q43887	https://lilamorph.wikibase.cloud/entity/L31761-F189	lemma/115029	Aspect#Perf|Case#Nom|Degree#Pos|Gender#Masc|Number#Sing|Tense#Past|VerbForm#Part|Voice#Pass
005.SCG*LB3.CP13++0.N.-2.3-4.5-2W13	conversetur	Q9981	https://lilamorph.wikibase.cloud/entity/L28399-F75	lemma/96443	Mood#Sub|Number#Sing|Person#3|Tense#Pres|VerbForm#Fin|Voice#Pass
005.SCG*LB3.CP11++4.N.-3.1-2.4-2W11	operandi	Q43908	https://lilamorph.wikibase.cloud/entity/L31761-F261	lemma/115029	Case#Gen|Degree#Pos|Number#Sing|VerbForm#Ger|Voice#Pass
005.SCG*LB3.CP15++4.N.19.10-2.11-4W3	oportuit	Q43915	https://lilamorph.wikibase.cloud/entity/L31767-F128	lemma/115099	Aspect#Perf|Mood#Ind|Number#Sing|Person#3|Tense#Past|VerbForm#Fin|Voice#Act
005.SCG*LB2.CP-7++5.N.15.41-1.47-3W7	operaretur	Q43951	https://lilamorph.wikibase.cloud/entity/L31761-F103	lemma/115029	Aspect#Imp|Mood#Sub|Number#Sing|Person#3|Tense#Imp|VerbForm#Fin|Voice#Pass
005.SCG*LB3.CP-9++4.N.-8.5-5.8-3W4	largitus	Q43952	https://lilamorph.wikibase.cloud/entity/L31096-F204	lemma/109941	Aspect#Perf|Case#Nom|Degree#Pos|Gender#Masc|Number#Sing|Tense#Past|VerbForm#Part|Voice#Pass
005.SCG*LB4.CP-3++4.N.10.9-2.10-5W1	oportet	Q43974	https://lilamorph.wikibase.cloud/entity/L31767-F4	lemma/115099	Aspect#Imp|Mood#Ind|Number#Sing|Person#3|Tense#Pres|VerbForm#Fin|Voice#Act
005.SCG*LB3.CP14++3.N.-1.13-1.20-3W45	patiatur	Q43980	https://lilamorph.wikibase.cloud/entity/L31871-F75	lemma/116223	Mood#Sub|Number#Sing|Person#3|Tense#Pres|VerbForm#Fin|Voice#Pass
005.SCG*LB2.CP-4++5.N.-2.20-5.23-5W1	oportuit	Q43999	https://lilamorph.wikibase.cloud/entity/L31767-F128	lemma/115099	Aspect#Perf|Mood#Ind|Number#Sing|Person#3|Tense#Past|VerbForm#Fin|Voice#Act
005.SCG*LB4.CP-3++6.N.-9.5-3.9-2W30	passus	Q44012	https://lilamorph.wikibase.cloud/entity/L31871-F163	lemma/116223	Aspect#Perf|Case#Nom|Degree#Pos|Gender#Masc|Number#Sing|Tense#Past|VerbForm#Part|Voice#Pass
005.SCG*LB1.CP-1++4.N.--.1-1.2-4W5	oportet	Q44018	https://lilamorph.wikibase.cloud/entity/L31767-F4	lemma/115099	Mood#Ind|Number#Sing|Person#3|Tense#Pres|VerbForm#Fin|Voice#Act
005.SCG*LB3.CP--++1.N.-5.16-2.23-1W11	pati	Q44032	https://lilamorph.wikibase.cloud/entity/L31871-F64	lemma/116223	Tense#Pres|VerbForm#Inf|Voice#Pass
005.SCG*LB1.CP-8++2.N.-5.1-2.7-7W22	oportet	Q44070	https://lilamorph.wikibase.cloud/entity/L31767-F4	lemma/115099	Mood#Ind|Number#Sing|Person#3|Tense#Pres|VerbForm#Fin|Voice#Act
005.SCG*LB3.CP--++2.N.-9.5-5.7-3W4	opinari	Q44139	https://lilamorph.wikibase.cloud/entity/L31764-F64	lemma/115071	Tense#Pres|VerbForm#Inf|Voice#Pass
005.SCG*LB3.CP15++0.N.-6.3-1.4-2W3	operatur	Q44148	https://lilamorph.wikibase.cloud/entity/L31761-F68	lemma/115029	Mood#Ind|Number#Sing|Person#3|Tense#Pres|VerbForm#Fin|Voice#Pass
005.SCG*LB4.CP-8++3.N.-6.7-1.10-2W16	moriendi	Q44209	https://lilamorph.wikibase.cloud/entity/L31378-F199	lemma/112797	Aspect#Perf|Case#Gen|Degree#Pos|Number#Sing|VerbForm#Ger|Voice#Pass
005.SCG*LB1.CP-1++0.N.-6.1-2.2-5W5	oportet	Q44244	https://lilamorph.wikibase.cloud/entity/L31767-F4	lemma/115099	Mood#Ind|Number#Sing|Person#3|Tense#Pres|VerbForm#Fin|Voice#Act
005.SCG*LB4.CP-3++3.N.-5.11-5.15-3W1	oportet	Q44252	https://lilamorph.wikibase.cloud/entity/L31767-F4	lemma/115099	Aspect#Imp|Mood#Ind|Number#Sing|Person#3|Tense#Pres|VerbForm#Fin|Voice#Act
005.SCG*LB4.CP-5++5.N.13.29-2.32-5W16	patiendo	Q44291	https://lilamorph.wikibase.cloud/entity/L31871-F205	lemma/116223	Aspect#Perf|Case#Abl|Degree#Pos|Number#Sing|VerbForm#Ger|Voice#Pass
005.SCG*LB4.CP-4++9.N.-6.8-1.9-4W3	oportet	Q44292	https://lilamorph.wikibase.cloud/entity/L31767-F4	lemma/115099	Aspect#Imp|Mood#Ind|Number#Sing|Person#3|Tense#Pres|VerbForm#Fin|Voice#Act
005.SCG*LB4.CP-7++3.N.-2.38-3.41-2W3	oportet	Q44323	https://lilamorph.wikibase.cloud/entity/L31767-F4	lemma/115099	Aspect#Imp|Mood#Ind|Number#Sing|Person#3|Tense#Pres|VerbForm#Fin|Voice#Act
005.SCG*LB1.CP10++2.N.-4.8-6.10-4W3	oportet	Q44364	https://lilamorph.wikibase.cloud/entity/L31767-F4	lemma/115099	Mood#Ind|Number#Sing|Person#3|Tense#Pres|VerbForm#Fin|Voice#Act
005.SCG*LB4.CP-6++1.N.-3.4-1.6-3W4	oportet	Q44403	https://lilamorph.wikibase.cloud/entity/L31767-F4	lemma/115099	Aspect#Imp|Mood#Ind|Number#Sing|Person#3|Tense#Pres|VerbForm#Fin|Voice#Act
005.SCG*LB4.CP-2++9.N.14.3-7.6-5W20	testatur	Q44412	https://lilamorph.wikibase.cloud/entity/L34289-F68	lemma/127997	Aspect#Imp|Mood#Ind|Number#Sing|Person#3|Tense#Pres|VerbForm#Fin|Voice#Pass
005.SCG*LB2.CP-3++5.N.-4.21-3.22-1W6	oportet	Q44417	https://lilamorph.wikibase.cloud/entity/L31767-F4	lemma/115099	Mood#Ind|Number#Sing|Person#3|Tense#Pres|VerbForm#Fin|Voice#Act
005.SCG*LB4.CP-1++6.N.12.9-6.12-5W1	oportet	Q44418	https://lilamorph.wikibase.cloud/entity/L31767-F4	lemma/115099	Aspect#Imp|Mood#Ind|Number#Sing|Person#3|Tense#Pres|VerbForm#Fin|Voice#Act
005.SCG*LB3.CP--++5.N.10.9-1.10-2W9	comitatur	Q6549	https://lilamorph.wikibase.cloud/entity/L27926-F68	lemma/95052	Mood#Ind|Number#Sing|Person#3|Tense#Pres|VerbForm#Fin|Voice#Pass
005.SCG*LB2.CP-7++4.N.-7.10-2.11-2W6	reminisci	Q44442	https://lilamorph.wikibase.cloud/entity/L33168-F64	lemma/122601	Tense#Pres|VerbForm#Inf|Voice#Pass
005.SCG*LB1.CP-2++0.N.-8.4-1.7-2W5	oportet	Q44444	https://lilamorph.wikibase.cloud/entity/L31767-F4	lemma/115099	Mood#Ind|Number#Sing|Person#3|Tense#Pres|VerbForm#Fin|Voice#Act
005.SCG*LB3.CP-4++2.N.-9.2-3.6-5W11	oportet	Q44470	https://lilamorph.wikibase.cloud/entity/L31767-F4	lemma/115099	Mood#Ind|Number#Sing|Person#3|Tense#Pres|VerbForm#Fin|Voice#Act
005.SCG*LB1.CP-2++4.N.-5.8-2.12-2W13	oportet	Q44484	https://lilamorph.wikibase.cloud/entity/L31767-F4	lemma/115099	Mood#Ind|Number#Sing|Person#3|Tense#Pres|VerbForm#Fin|Voice#Act
005.SCG*LB1.CP-6++9.N.12.4-1.6-4W6	operatur	Q44500	https://lilamorph.wikibase.cloud/entity/L31761-F68	lemma/115029	Mood#Ind|Number#Sing|Person#3|Tense#Pres|VerbForm#Fin|Voice#Pass
005.SCG*LB4.CP-5++6.N.-4.8-1.12-1W9	operantur	Q44519	https://lilamorph.wikibase.cloud/entity/L31761-F71	lemma/115029	Aspect#Imp|Mood#Ind|Number#Plur|Person#3|Tense#Pres|VerbForm#Fin|Voice#Pass
005.SCG*LB3.CP12++9.N.-3.1-2.4-1W5	sortiuntur	Q44524	https://lilamorph.wikibase.cloud/entity/L33654-F71	lemma/125212	Mood#Ind|Number#Plur|Person#3|Tense#Pres|VerbForm#Fin|Voice#Pass
005.SCG*LB2.CP-7++6.N.-6.1-2.5-5W21	oportet	Q44533	https://lilamorph.wikibase.cloud/entity/L31767-F4	lemma/115099	Mood#Ind|Number#Sing|Person#3|Tense#Pres|VerbForm#Fin|Voice#Act
005.SCG*LB3.CP13++6.N.10.7-1.8-2W3	oportet	Q44538	https://lilamorph.wikibase.cloud/entity/L31767-F4	lemma/115099	Mood#Ind|Number#Sing|Person#3|Tense#Pres|VerbForm#Fin|Voice#Act
005.SCG*LB2.CP-4++1.N.10.10-3.12-8W3	oportet	Q44586	https://lilamorph.wikibase.cloud/entity/L31767-F4	lemma/115099	Mood#Ind|Number#Sing|Person#3|Tense#Pres|VerbForm#Fin|Voice#Act
005.SCG*LB3.CP-4++7.N.-2.1-1.4-4W15	contemplanda	Q9320	https://lilamorph.wikibase.cloud/entity/L28325-F288	lemma/96239	Case#Acc|Degree#Pos|Gender#Neut|Number#Plur|VerbForm#Gdv|Voice#Pass
005.SCG*LB2.CP-7++3.N.27.7-2.9-1W11	oportet	Q44622	https://lilamorph.wikibase.cloud/entity/L31767-F4	lemma/115099	Mood#Ind|Number#Sing|Person#3|Tense#Pres|VerbForm#Fin|Voice#Act
005.SCG*LB1.CP-4++2.N.-8.1-2.3-5W9	oportet	Q44667	https://lilamorph.wikibase.cloud/entity/L31767-F4	lemma/115099	Mood#Ind|Number#Sing|Person#3|Tense#Pres|VerbForm#Fin|Voice#Act
005.SCG*LB3.CP-5++4.N.11.13-3.17-5W3	oportet	Q44676	https://lilamorph.wikibase.cloud/entity/L31767-F4	lemma/115099	Mood#Ind|Number#Sing|Person#3|Tense#Pres|VerbForm#Fin|Voice#Act
005.SCG*LB4.CP-1++1.N.11.1-1.6-4W25	oportet	Q44732	https://lilamorph.wikibase.cloud/entity/L31767-F4	lemma/115099	Aspect#Imp|Mood#Ind|Number#Sing|Person#3|Tense#Pres|VerbForm#Fin|Voice#Act
005.SCG*LB4.CP-3++4.N.15.11-1.13-3W3	oportet	Q44809	https://lilamorph.wikibase.cloud/entity/L31767-F4	lemma/115099	Aspect#Imp|Mood#Ind|Number#Sing|Person#3|Tense#Pres|VerbForm#Fin|Voice#Act
005.SCG*LB2.CP-3++5.N.-3.1-1.4-1W3	oportet	Q44816	https://lilamorph.wikibase.cloud/entity/L31767-F4	lemma/115099	Mood#Ind|Number#Sing|Person#3|Tense#Pres|VerbForm#Fin|Voice#Act
005.SCG*LB2.CP-5++6.N.-2.5-1.6-2W5	oportet	Q44826	https://lilamorph.wikibase.cloud/entity/L31767-F4	lemma/115099	Mood#Ind|Number#Sing|Person#3|Tense#Pres|VerbForm#Fin|Voice#Act
005.SCG*LB4.CP-2++2.N.-1.1-1.5-2W17	oportet	Q44869	https://lilamorph.wikibase.cloud/entity/L31767-F4	lemma/115099	Aspect#Imp|Mood#Ind|Number#Sing|Person#3|Tense#Pres|VerbForm#Fin|Voice#Act
005.SCG*LB3.CP-1++8.N.-5.1-2.3-2W1	oportet	Q44977	https://lilamorph.wikibase.cloud/entity/L31767-F4	lemma/115099	Mood#Ind|Number#Sing|Person#3|Tense#Pres|VerbForm#Fin|Voice#Act
005.SCG*LB3.CP-4++3.N.10.15-3.19-2W11	oportebit	Q44986	https://lilamorph.wikibase.cloud/entity/L31767-F109	lemma/115099	Mood#Ind|Number#Sing|Person#3|Tense#Fut|VerbForm#Fin|Voice#Act
005.SCG*LB3.CP13++2.N.-9.1-1.5-1W17	sectantur	Q45020	https://lilamorph.wikibase.cloud/entity/L33553-F71	lemma/123965	Mood#Ind|Number#Plur|Person#3|Tense#Pres|VerbForm#Fin|Voice#Pass
005.SCG*LB2.CP-5++6.N.13.7-1.9-2W9	oportet	Q45037	https://lilamorph.wikibase.cloud/entity/L31767-F4	lemma/115099	Mood#Ind|Number#Sing|Person#3|Tense#Pres|VerbForm#Fin|Voice#Act
005.SCG*LB3.CP12++0.N.-3.5-3.11-1W9	sortiri	Q45092	https://lilamorph.wikibase.cloud/entity/L33654-F64	lemma/125212	Tense#Pres|VerbForm#Inf|Voice#Pass
005.SCG*LB4.CP-8++3.N.11.13-1.16-6W15	oporteat	Q45123	https://lilamorph.wikibase.cloud/entity/L31767-F10	lemma/115099	Aspect#Imp|Mood#Sub|Number#Sing|Person#3|Tense#Pres|VerbForm#Fin|Voice#Act
005.SCG*LB3.CP--++2.N.-5.5-1.8-5W22	oportet	Q45138	https://lilamorph.wikibase.cloud/entity/L31767-F4	lemma/115099	Mood#Ind|Number#Sing|Person#3|Tense#Pres|VerbForm#Fin|Voice#Act
005.SCG*LB1.CP--++3.N.-5.36-1.43-1W43	suspicatur	Q45143	https://lilamorph.wikibase.cloud/entity/L34218-F68	lemma/127135	Mood#Ind|Number#Sing|Person#3|Tense#Pres|VerbForm#Fin|Voice#Pass
005.SCG*LB1.CP-1++6.N.-7.5-3.6-7W2	oportet	Q45146	https://lilamorph.wikibase.cloud/entity/L31767-F4	lemma/115099	Mood#Ind|Number#Sing|Person#3|Tense#Pres|VerbForm#Fin|Voice#Act
005.SCG*LB2.CP-5++5.N.-7.13-2.15-5W4	oportet	Q45152	https://lilamorph.wikibase.cloud/entity/L31767-F4	lemma/115099	Mood#Ind|Number#Sing|Person#3|Tense#Pres|VerbForm#Fin|Voice#Act
005.SCG*LB3.CP12++8.N.-8.1-1.3-5W18	operari	Q45159	https://lilamorph.wikibase.cloud/entity/L31761-F64	lemma/115029	Tense#Pres|VerbForm#Inf|Voice#Pass
005.SCG*LB3.CP-4++8.N.-1.15-1.17-2W1	oportet	Q45177	https://lilamorph.wikibase.cloud/entity/L31767-F4	lemma/115099	Mood#Ind|Number#Sing|Person#3|Tense#Pres|VerbForm#Fin|Voice#Act
005.SCG*LB2.CP-4++4.N.14.3-1.5-6W9	loquendi	Q45188	https://lilamorph.wikibase.cloud/entity/L31185-F201	lemma/110806	Case#Gen|Degree#Pos|Number#Sing|VerbForm#Ger|Voice#Pass
005.SCG*LB2.CP-7++6.N.-6.11-3.13-4W2	oportet	Q45192	https://lilamorph.wikibase.cloud/entity/L31767-F4	lemma/115099	Mood#Ind|Number#Sing|Person#3|Tense#Pres|VerbForm#Fin|Voice#Act
005.SCG*LB4.CP-9++0.N.-4.1-1.3-2W1	patiuntur	Q45229	https://lilamorph.wikibase.cloud/entity/L31871-F71	lemma/116223	Aspect#Imp|Mood#Ind|Number#Plur|Person#3|Tense#Pres|VerbForm#Fin|Voice#Pass
005.SCG*LB4.CP--++8.N.-6.37-3.40-6W27	operatur	Q45260	https://lilamorph.wikibase.cloud/entity/L31761-F68	lemma/115029	Aspect#Imp|Mood#Ind|Number#Sing|Person#3|Tense#Pres|VerbForm#Fin|Voice#Pass
005.SCG*LB2.CP-4++6.N.-7.1-2.4-5W9	imitatur	Q45264	https://lilamorph.wikibase.cloud/entity/L30349-F120	lemma/106366	Mood#Ind|Number#Sing|Person#3|Tense#Pres|VerbForm#Fin|Voice#Pass
005.SCG*LB2.CP-5++9.N.-3.12-4.13-6W3	oporteret	Q45282	https://lilamorph.wikibase.cloud/entity/L31767-F89	lemma/115099	Aspect#Imp|Mood#Sub|Number#Sing|Person#3|Tense#Imp|VerbForm#Fin|Voice#Act
005.SCG*LB2.CP-9++8.N.19.1-1.5-2W4	oportet	Q45328	https://lilamorph.wikibase.cloud/entity/L31767-F4	lemma/115099	Mood#Ind|Number#Sing|Person#3|Tense#Pres|VerbForm#Fin|Voice#Act
005.SCG*LB3.CP14++8.N.-4.8-4.9-7W4	operatur	Q45333	https://lilamorph.wikibase.cloud/entity/L31761-F68	lemma/115029	Mood#Ind|Number#Sing|Person#3|Tense#Pres|VerbForm#Fin|Voice#Pass
005.SCG*LB4.CP-7++4.N.-7.17-4.23-1W1	oportet	Q45335	https://lilamorph.wikibase.cloud/entity/L31767-F4	lemma/115099	Aspect#Imp|Mood#Ind|Number#Sing|Person#3|Tense#Pres|VerbForm#Fin|Voice#Act
005.SCG*LB4.CP-1++8.N.-5.1-2.3-4W7	loquitur	Q45346	https://lilamorph.wikibase.cloud/entity/L31185-F69	lemma/110806	Aspect#Imp|Mood#Ind|Number#Sing|Person#3|Tense#Pres|VerbForm#Fin|Voice#Pass
005.SCG*LB2.CP-6++1.N.-5.1-2.3-3W7	loqui	Q45386	https://lilamorph.wikibase.cloud/entity/L31185-F65	lemma/110806	Tense#Pres|VerbForm#Inf|Voice#Pass
005.SCG*LB4.CP-7++4.N.-1.6-6.9-3W1	oportet	Q45398	https://lilamorph.wikibase.cloud/entity/L31767-F4	lemma/115099	Aspect#Imp|Mood#Ind|Number#Sing|Person#3|Tense#Pres|VerbForm#Fin|Voice#Act
005.SCG*LB4.CP--++8.N.-4.36-2.36-7W3	mortuus	Q45414	https://lilamorph.wikibase.cloud/entity/L31378-F163	lemma/112797	Aspect#Perf|Case#Nom|Degree#Pos|Gender#Masc|Number#Sing|Tense#Past|VerbForm#Part|Voice#Pass
005.SCG*LB4.CP-2++9.N.11.1-1.3-1W13	mortuus	Q45427	https://lilamorph.wikibase.cloud/entity/L31378-F163	lemma/112797	Aspect#Perf|Case#Nom|Degree#Pos|Gender#Masc|Number#Sing|Tense#Past|VerbForm#Part|Voice#Pass
005.SCG*LB4.CP-8++4.N.13.3-8.6-5W6	oportet	Q45435	https://lilamorph.wikibase.cloud/entity/L31767-F4	lemma/115099	Aspect#Imp|Mood#Ind|Number#Sing|Person#3|Tense#Pres|VerbForm#Fin|Voice#Act
005.SCG*LB1.CP-1++3.N.30.5-3.8-2W13	oportet	Q45439	https://lilamorph.wikibase.cloud/entity/L31767-F4	lemma/115099	Mood#Ind|Number#Sing|Person#3|Tense#Pres|VerbForm#Fin|Voice#Act
005.SCG*LB4.CP-3++8.N.-1.19-5.25-7W49	passus	Q45516	https://lilamorph.wikibase.cloud/entity/L31871-F163	lemma/116223	Aspect#Perf|Case#Nom|Degree#Pos|Gender#Masc|Number#Sing|Tense#Past|VerbForm#Part|Voice#Pass
005.SCG*LB3.CP-5++3.N.-4.1-2.4-3W12	oportet	Q45525	https://lilamorph.wikibase.cloud/entity/L31767-F4	lemma/115099	Mood#Ind|Number#Sing|Person#3|Tense#Pres|VerbForm#Fin|Voice#Act
005.SCG*LB1.CP-4++3.N.14.3-2.5-2W8	oportet	Q45545	https://lilamorph.wikibase.cloud/entity/L31767-F4	lemma/115099	Mood#Ind|Number#Sing|Person#3|Tense#Pres|VerbForm#Fin|Voice#Act
005.SCG*LB4.CP-5++0.N.-3.7-6.10-6W10	mortuus	Q45582	https://lilamorph.wikibase.cloud/entity/L31378-F163	lemma/112797	Aspect#Perf|Case#Nom|Degree#Pos|Gender#Masc|Number#Sing|Tense#Past|VerbForm#Part|Voice#Pass
005.SCG*LB4.CP-2++1.N.-4.18-1.20-4W19	loquitur	Q45609	https://lilamorph.wikibase.cloud/entity/L31185-F69	lemma/110806	Aspect#Imp|Mood#Ind|Number#Sing|Person#3|Tense#Pres|VerbForm#Fin|Voice#Pass
005.SCG*LB3.CP-9++7.N.-2.23-5.25-4W16	sortiuntur	Q45631	https://lilamorph.wikibase.cloud/entity/L33654-F71	lemma/125212	Mood#Ind|Number#Plur|Person#3|Tense#Pres|VerbForm#Fin|Voice#Pass
005.SCG*LB3.CP-4++2.N.11.6-1.10-1W11	oportet	Q45669	https://lilamorph.wikibase.cloud/entity/L31767-F4	lemma/115099	Mood#Ind|Number#Sing|Person#3|Tense#Pres|VerbForm#Fin|Voice#Act
005.SCG*LB1.CP-7++1.N.15.1-1.5-7W23	oportet	Q45693	https://lilamorph.wikibase.cloud/entity/L31767-F4	lemma/115099	Mood#Ind|Number#Sing|Person#3|Tense#Pres|VerbForm#Fin|Voice#Act
005.SCG*LB1.CP-1++7.N.-7.12-1.13-5W9	oportet	Q45695	https://lilamorph.wikibase.cloud/entity/L31767-F4	lemma/115099	Mood#Ind|Number#Sing|Person#3|Tense#Pres|VerbForm#Fin|Voice#Act
005.SCG*LB3.CP-9++2.N.12.1-1.2-5W1	oportet	Q45700	https://lilamorph.wikibase.cloud/entity/L31767-F4	lemma/115099	Mood#Ind|Number#Sing|Person#3|Tense#Pres|VerbForm#Fin|Voice#Act
005.SCG*LB3.CP-1++7.N.-4.4-6.7-5W12	oportet	Q45740	https://lilamorph.wikibase.cloud/entity/L31767-F4	lemma/115099	Mood#Ind|Number#Sing|Person#3|Tense#Pres|VerbForm#Fin|Voice#Act
005.SCG*LB4.CP--++8.N.-4.29-3.31-2W10	oportet	Q45741	https://lilamorph.wikibase.cloud/entity/L31767-F4	lemma/115099	Aspect#Imp|Mood#Ind|Number#Sing|Person#3|Tense#Pres|VerbForm#Fin|Voice#Act
005.SCG*LB3.CP10++7.N.-3.10-7.12-3W1	oportet	Q45744	https://lilamorph.wikibase.cloud/entity/L31767-F4	lemma/115099	Mood#Ind|Number#Sing|Person#3|Tense#Pres|VerbForm#Fin|Voice#Act
005.SCG*LB4.CP-7++4.N.-2.40-5.43-2W1	oportet	Q45755	https://lilamorph.wikibase.cloud/entity/L31767-F4	lemma/115099	Aspect#Imp|Mood#Ind|Number#Sing|Person#3|Tense#Pres|VerbForm#Fin|Voice#Act
005.SCG*LB2.CP-8++3.N.25.41-3.44-2W1	oportet	Q45781	https://lilamorph.wikibase.cloud/entity/L31767-F4	lemma/115099	Mood#Ind|Number#Sing|Person#3|Tense#Pres|VerbForm#Fin|Voice#Act
005.SCG*LB1.CP-5++5.N.-4.2-6.5-4W10	imaginamur	Q45792	https://lilamorph.wikibase.cloud/entity/L30338-F69	lemma/106317	Mood#Ind|Number#Plur|Person#1|Tense#Pres|VerbForm#Fin|Voice#Pass
005.SCG*LB4.CP-5++4.N.-4.24-1.30-2W18	oportuit	Q45845	https://lilamorph.wikibase.cloud/entity/L31767-F128	lemma/115099	Aspect#Perf|Mood#Ind|Number#Sing|Person#3|Tense#Past|VerbForm#Fin|Voice#Act
005.SCG*LB3.CP-8++0.N.14.10-6.13-4W19	oportet	Q45851	https://lilamorph.wikibase.cloud/entity/L31767-F4	lemma/115099	Mood#Ind|Number#Sing|Person#3|Tense#Pres|VerbForm#Fin|Voice#Act
005.SCG*LB2.CP-2++4.N.-2.5-2.10-3W31	operatur	Q45876	https://lilamorph.wikibase.cloud/entity/L31761-F68	lemma/115029	Mood#Ind|Number#Sing|Person#3|Tense#Pres|VerbForm#Fin|Voice#Pass
005.SCG*LB2.CP-6++8.N.10.1-1.12-3W12	operata	Q45929	https://lilamorph.wikibase.cloud/entity/L31761-F212	lemma/115029	Aspect#Perf|Case#Acc|Degree#Pos|Gender#Neut|Number#Plur|Tense#Past|VerbForm#Part|Voice#Pass
005.SCG*LB2.CP-9++4.N.-5.7-5.11-2W21	oportet	Q45948	https://lilamorph.wikibase.cloud/entity/L31767-F4	lemma/115099	Mood#Ind|Number#Sing|Person#3|Tense#Pres|VerbForm#Fin|Voice#Act
005.SCG*LB4.CP-9++1.N.-8.7-1.7-8W1	mortuus	Q45961	https://lilamorph.wikibase.cloud/entity/L31378-F163	lemma/112797	Aspect#Perf|Case#Nom|Degree#Pos|Gender#Masc|Number#Sing|Tense#Past|VerbForm#Part|Voice#Pass
005.SCG*LB2.CP-6++0.N.-6.8-2.9-7W4	pati	Q46025	https://lilamorph.wikibase.cloud/entity/L31871-F64	lemma/116223	Tense#Pres|VerbForm#Inf|Voice#Pass
005.SCG*LB2.CP-3++2.N.-5.8-3.10-2W1	oportebit	Q46031	https://lilamorph.wikibase.cloud/entity/L31767-F109	lemma/115099	Mood#Ind|Number#Sing|Person#3|Tense#Fut|VerbForm#Fin|Voice#Act
005.SCG*LB2.CP-9++5.N.-4.7-1.10-7W16	oportebit	Q46041	https://lilamorph.wikibase.cloud/entity/L31767-F109	lemma/115099	Mood#Ind|Number#Sing|Person#3|Tense#Fut|VerbForm#Fin|Voice#Act
005.SCG*LB4.CP-1++1.N.-5.22-1.26-6W25	oportet	Q46056	https://lilamorph.wikibase.cloud/entity/L31767-F4	lemma/115099	Aspect#Imp|Mood#Ind|Number#Sing|Person#3|Tense#Pres|VerbForm#Fin|Voice#Act
005.SCG*LB3.CP-5++2.N.-4.6-6.8-1W10	patiendi	Q46087	https://lilamorph.wikibase.cloud/entity/L31871-F199	lemma/116223	Case#Gen|Degree#Pos|Number#Sing|VerbForm#Ger|Voice#Pass
005.SCG*LB2.CP-8++3.N.29.1-2.4-4W10	oportet	Q46103	https://lilamorph.wikibase.cloud/entity/L31767-F4	lemma/115099	Mood#Ind|Number#Sing|Person#3|Tense#Pres|VerbForm#Fin|Voice#Act
005.SCG*LB2.CP-2++1.N.-7.1-2.6-5W27	operatur	Q46111	https://lilamorph.wikibase.cloud/entity/L31761-F68	lemma/115029	Mood#Ind|Number#Sing|Person#3|Tense#Pres|VerbForm#Fin|Voice#Pass
005.SCG*LB3.CP-8++0.N.17.16-1.20-2W25	oportet	Q46164	https://lilamorph.wikibase.cloud/entity/L31767-F4	lemma/115099	Mood#Ind|Number#Sing|Person#3|Tense#Pres|VerbForm#Fin|Voice#Act
005.SCG*LB1.CP-5++5.N.-4.9-1.10-4W9	oportet	Q46175	https://lilamorph.wikibase.cloud/entity/L31767-F4	lemma/115099	Mood#Ind|Number#Sing|Person#3|Tense#Pres|VerbForm#Fin|Voice#Act
005.SCG*LB4.CP-2++1.N.-4.22-5.24-4W13	loquitur	Q46183	https://lilamorph.wikibase.cloud/entity/L31185-F69	lemma/110806	Aspect#Imp|Mood#Ind|Number#Sing|Person#3|Tense#Pres|VerbForm#Fin|Voice#Pass
005.SCG*LB3.CP13++2.N.-9.8-2.13-6W43	imitandum	Q46195	https://lilamorph.wikibase.cloud/entity/L30349-F356	lemma/106366	Case#Acc|Degree#Pos|Number#Sing|VerbForm#Ger|Voice#Pass
005.SCG*LB4.CP-2++9.N.-5.8-2.10-8W15	loquar	Q46202	https://lilamorph.wikibase.cloud/entity/L31185-F155	lemma/110806	Aspect#Imp|Mood#Ind|Number#Sing|Person#1|Tense#Fut|VerbForm#Fin|Voice#Pass
005.SCG*LB3.CP15++3.N.-5.3-2.5-6W11	oportet	Q46214	https://lilamorph.wikibase.cloud/entity/L31767-F4	lemma/115099	Mood#Ind|Number#Sing|Person#3|Tense#Pres|VerbForm#Fin|Voice#Act
005.SCG*LB3.CP-6++5.N.-4.26-6.30-1W1	oportet	Q46276	https://lilamorph.wikibase.cloud/entity/L31767-F4	lemma/115099	Mood#Ind|Number#Sing|Person#3|Tense#Pres|VerbForm#Fin|Voice#Act
005.SCG*LB1.CP-1++1.N.-5.7-1.9-3W4	oportet	Q46314	https://lilamorph.wikibase.cloud/entity/L31767-F4	lemma/115099	Mood#Ind|Number#Sing|Person#3|Tense#Pres|VerbForm#Fin|Voice#Act
005.SCG*LB2.CP-1++5.N.-4.4-1.12-2W2	oportet	Q46321	https://lilamorph.wikibase.cloud/entity/L31767-F4	lemma/115099	Mood#Ind|Number#Sing|Person#3|Tense#Pres|VerbForm#Fin|Voice#Act
005.SCG*LB4.CP--++5.N.-1.13-5.17-3W15	mortuum	Q46333	https://lilamorph.wikibase.cloud/entity/L31378-F181	lemma/112797	Aspect#Perf|Case#Acc|Degree#Pos|Gender#Masc|Number#Sing|Tense#Past|VerbForm#Part|Voice#Pass
005.SCG*LB3.CP13++0.N.-4.20-2.22-3W10	arbitratus	Q3744	https://lilamorph.wikibase.cloud/entity/L27190-F189	lemma/89779	Aspect#Perf|Case#Nom|Degree#Pos|Gender#Masc|Number#Sing|Tense#Past|VerbForm#Part|Voice#Pass
005.SCG*LB2.CP-6++8.N.-7.8-1.9-1W3	operatur	Q46350	https://lilamorph.wikibase.cloud/entity/L31761-F68	lemma/115029	Mood#Ind|Number#Sing|Person#3|Tense#Pres|VerbForm#Fin|Voice#Pass
005.SCG*LB2.CP-7++3.N.30.1-2.3-4W9	oportet	Q46378	https://lilamorph.wikibase.cloud/entity/L31767-F4	lemma/115099	Mood#Ind|Number#Sing|Person#3|Tense#Pres|VerbForm#Fin|Voice#Act
005.SCG*LB4.CP-2++1.N.-2.9-5.14-2W18	oportet	Q46396	https://lilamorph.wikibase.cloud/entity/L31767-F4	lemma/115099	Aspect#Imp|Mood#Ind|Number#Sing|Person#3|Tense#Pres|VerbForm#Fin|Voice#Act
005.SCG*LB2.CP-4++4.N.-9.12-7.15-5W13	oportet	Q46402	https://lilamorph.wikibase.cloud/entity/L31767-F4	lemma/115099	Mood#Ind|Number#Sing|Person#3|Tense#Pres|VerbForm#Fin|Voice#Act
005.SCG*LB2.CP-6++0.N.-2.20-2.25-4W14	oportet	Q46435	https://lilamorph.wikibase.cloud/entity/L31767-F4	lemma/115099	Mood#Ind|Number#Sing|Person#3|Tense#Pres|VerbForm#Fin|Voice#Act
005.SCG*LB2.CP-2++3.N.-6.5-5.7-3W6	oportet	Q46437	https://lilamorph.wikibase.cloud/entity/L31767-F4	lemma/115099	Mood#Ind|Number#Sing|Person#3|Tense#Pres|VerbForm#Fin|Voice#Act
005.SCG*LB2.CP-1++5.N.-6.15-7.17-4W1	oportet	Q46439	https://lilamorph.wikibase.cloud/entity/L31767-F4	lemma/115099	Mood#Ind|Number#Sing|Person#3|Tense#Pres|VerbForm#Fin|Voice#Act
005.SCG*LB1.CP-5++7.N.-7.7-3.8-6W1	oportet	Q46484	https://lilamorph.wikibase.cloud/entity/L31767-F4	lemma/115099	Mood#Ind|Number#Sing|Person#3|Tense#Pres|VerbForm#Fin|Voice#Act
005.SCG*LB1.CP-1++3.N.10.10-5.12-6W12	opinari	Q46491	https://lilamorph.wikibase.cloud/entity/L31764-F64	lemma/115071	Tense#Pres|VerbForm#Inf|Voice#Pass
005.SCG*LB3.CP13++5.N.12.1-1.4-6W10	oportet	Q46503	https://lilamorph.wikibase.cloud/entity/L31767-F4	lemma/115099	Mood#Ind|Number#Sing|Person#3|Tense#Pres|VerbForm#Fin|Voice#Act
005.SCG*LB4.CP-7++1.N.-8.17-5.18-4W2	revertere	Q46524	https://lilamorph.wikibase.cloud/entity/L33370-F157	lemma/122809	Aspect#Imp|Mood#Imp|Number#Sing|Person#2|Tense#Pres|VerbForm#Fin|Voice#Pass
005.SCG*LB2.CP-8++3.N.31.6-4.9-5W8	oportet	Q46542	https://lilamorph.wikibase.cloud/entity/L31767-F4	lemma/115099	Mood#Ind|Number#Sing|Person#3|Tense#Pres|VerbForm#Fin|Voice#Act
005.SCG*LB2.CP-3++9.N.-6.10-3.11-8W1	oportet	Q46600	https://lilamorph.wikibase.cloud/entity/L31767-F4	lemma/115099	Mood#Ind|Number#Sing|Person#3|Tense#Pres|VerbForm#Fin|Voice#Act
005.SCG*LB2.CP-3++4.N.-5.3-5.4-6W5	oportet	Q46674	https://lilamorph.wikibase.cloud/entity/L31767-F4	lemma/115099	Mood#Ind|Number#Sing|Person#3|Tense#Pres|VerbForm#Fin|Voice#Act
005.SCG*LB2.CP-8++2.N.17.5-4.9-2W13	oportet	Q46681	https://lilamorph.wikibase.cloud/entity/L31767-F4	lemma/115099	Mood#Ind|Number#Sing|Person#3|Tense#Pres|VerbForm#Fin|Voice#Act
005.SCG*LB3.CP15++4.N.12.7-3.12-4W12	morieris	Q46737	https://lilamorph.wikibase.cloud/entity/L31378-F155	lemma/112797	Mood#Ind|Number#Sing|Person#2|Tense#Fut|VerbForm#Fin|Voice#Pass
005.SCG*LB4.CP-5++5.N.10.8-3.11-4W23	mortui	Q46755	https://lilamorph.wikibase.cloud/entity/L31378-F166	lemma/112797	Aspect#Perf|Case#Nom|Degree#Pos|Gender#Masc|Number#Plur|Tense#Past|VerbForm#Part|Voice#Pass
005.SCG*LB4.CP-9++0.N.-7.1-2.4-5W12	oportet	Q46772	https://lilamorph.wikibase.cloud/entity/L31767-F4	lemma/115099	Aspect#Imp|Mood#Ind|Number#Sing|Person#3|Tense#Pres|VerbForm#Fin|Voice#Act
005.SCG*LB1.CP-5++1.N.-7.1-2.2-2W2	oportet	Q46800	https://lilamorph.wikibase.cloud/entity/L31767-F4	lemma/115099	Mood#Ind|Number#Sing|Person#3|Tense#Pres|VerbForm#Fin|Voice#Act
005.SCG*LB3.CP-3++4.N.-4.1-2.5-1W12	oportet	Q46837	https://lilamorph.wikibase.cloud/entity/L31767-F4	lemma/115099	Mood#Ind|Number#Sing|Person#3|Tense#Pres|VerbForm#Fin|Voice#Act
005.SCG*LB4.CP-1++3.N.10.7-6.10-3W1	oportet	Q46861	https://lilamorph.wikibase.cloud/entity/L31767-F4	lemma/115099	Aspect#Imp|Mood#Ind|Number#Sing|Person#3|Tense#Pres|VerbForm#Fin|Voice#Act
005.SCG*LB3.CP-6++4.N.-2.12-4.18-2W16	oportet	Q46879	https://lilamorph.wikibase.cloud/entity/L31767-F4	lemma/115099	Mood#Ind|Number#Sing|Person#3|Tense#Pres|VerbForm#Fin|Voice#Act
005.SCG*LB3.CP-9++4.N.-4.11-4.14-5W3	oportet	Q46905	https://lilamorph.wikibase.cloud/entity/L31767-F4	lemma/115099	Mood#Ind|Number#Sing|Person#3|Tense#Pres|VerbForm#Fin|Voice#Act
005.SCG*LB2.CP-1++6.N.11.5-1.12-6W40	oportet	Q46927	https://lilamorph.wikibase.cloud/entity/L31767-F4	lemma/115099	Mood#Ind|Number#Sing|Person#3|Tense#Pres|VerbForm#Fin|Voice#Act
005.SCG*LB4.CP-1++0.N.15.1-1.4-2W14	metiri	Q46966	https://lilamorph.wikibase.cloud/entity/L31320-F64	lemma/112233	Aspect#Imp|Tense#Pres|VerbForm#Inf|Voice#Pass
005.SCG*LB3.CP15++8.N.-6.5-4.12-1W12	patitur	Q46995	https://lilamorph.wikibase.cloud/entity/L31871-F68	lemma/116223	Mood#Ind|Number#Sing|Person#3|Tense#Pres|VerbForm#Fin|Voice#Pass
005.SCG*LB2.CP-8++0.N.15.1-1.7-2W1	reminisci	Q47085	https://lilamorph.wikibase.cloud/entity/L33168-F64	lemma/122601	Tense#Pres|VerbForm#Inf|Voice#Pass
005.SCG*LB3.CP-2++3.N.-4.16-1.17-4W1	oportet	Q47098	https://lilamorph.wikibase.cloud/entity/L31767-F4	lemma/115099	Mood#Ind|Number#Sing|Person#3|Tense#Pres|VerbForm#Fin|Voice#Act
005.SCG*LB2.CP-7++5.N.-9.1-1.3-2W3	oportet	Q47136	https://lilamorph.wikibase.cloud/entity/L31767-F4	lemma/115099	Mood#Ind|Number#Sing|Person#3|Tense#Pres|VerbForm#Fin|Voice#Act
005.SCG*LB1.CP-1++9.N.-4.3-2.4-6W11	passo	Q47151	https://lilamorph.wikibase.cloud/entity/L31871-F189	lemma/116223	Aspect#Perf|Case#Abl|Degree#Pos|Gender#Neut|Number#Sing|Tense#Past|VerbForm#Part|Voice#Pass
005.SCG*LB3.CP-9++9.N.-2.4-3.7-5W16	operetur	Q47155	https://lilamorph.wikibase.cloud/entity/L31761-F75	lemma/115029	Mood#Sub|Number#Sing|Person#3|Tense#Pres|VerbForm#Fin|Voice#Pass
005.SCG*LB2.CP-8++0.N.15.1-1.7-2W31	reminisci	Q47158	https://lilamorph.wikibase.cloud/entity/L33168-F64	lemma/122601	Tense#Pres|VerbForm#Inf|Voice#Pass
005.SCG*LB3.CP14++8.N.-3.1-2.6-2W21	operatur	Q47162	https://lilamorph.wikibase.cloud/entity/L31761-F68	lemma/115029	Mood#Ind|Number#Sing|Person#3|Tense#Pres|VerbForm#Fin|Voice#Pass
005.SCG*LB4.CP-5++3.N.24.1-2.4-2W6	mori	Q47178	https://lilamorph.wikibase.cloud/entity/L31378-F64	lemma/112797	Aspect#Imp|Tense#Pres|VerbForm#Inf|Voice#Pass
005.SCG*LB3.CP12++3.N.-8.18-1.21-6W9	oporteret	Q47183	https://lilamorph.wikibase.cloud/entity/L31767-F89	lemma/115099	Aspect#Imp|Mood#Sub|Number#Sing|Person#3|Tense#Imp|VerbForm#Fin|Voice#Act
005.SCG*LB4.CP-2++3.N.-3.14-6.18-6W10	loquatur	Q47199	https://lilamorph.wikibase.cloud/entity/L31185-F77	lemma/110806	Aspect#Imp|Mood#Sub|Number#Sing|Person#3|Tense#Pres|VerbForm#Fin|Voice#Pass
005.SCG*LB3.CP13++6.N.-9.5-2.7-5W11	oportet	Q47273	https://lilamorph.wikibase.cloud/entity/L31767-F4	lemma/115099	Mood#Ind|Number#Sing|Person#3|Tense#Pres|VerbForm#Fin|Voice#Act
005.SCG*LB3.CP--++1.N.-4.1-1.5-2W20	largitur	Q47276	https://lilamorph.wikibase.cloud/entity/L31096-F68	lemma/109941	Mood#Ind|Number#Sing|Person#3|Tense#Pres|VerbForm#Fin|Voice#Pass
005.SCG*LB3.CP-8++4.N.14.28-1.29-4W9	operantur	Q47293	https://lilamorph.wikibase.cloud/entity/L31761-F71	lemma/115029	Mood#Ind|Number#Plur|Person#3|Tense#Pres|VerbForm#Fin|Voice#Pass
005.SCG*LB1.CP-4++3.N.10.7-3.9-4W10	oportet	Q47298	https://lilamorph.wikibase.cloud/entity/L31767-F4	lemma/115099	Mood#Ind|Number#Sing|Person#3|Tense#Pres|VerbForm#Fin|Voice#Act
005.SCG*LB3.CP-5++2.N.-4.8-2.12-1W11	oportet	Q47312	https://lilamorph.wikibase.cloud/entity/L31767-F4	lemma/115099	Mood#Ind|Number#Sing|Person#3|Tense#Pres|VerbForm#Fin|Voice#Act
005.SCG*LB2.CP-8++3.N.25.30-1.35-2W20	oportet	Q47317	https://lilamorph.wikibase.cloud/entity/L31767-F4	lemma/115099	Mood#Ind|Number#Sing|Person#3|Tense#Pres|VerbForm#Fin|Voice#Act
005.SCG*LB2.CP-5++9.N.-3.1-1.5-3W25	oportet	Q47319	https://lilamorph.wikibase.cloud/entity/L31767-F4	lemma/115099	Mood#Ind|Number#Sing|Person#3|Tense#Pres|VerbForm#Fin|Voice#Act
005.SCG*LB1.CP-2++4.N.-4.7-5.9-2W2	oportet	Q47339	https://lilamorph.wikibase.cloud/entity/L31767-F4	lemma/115099	Mood#Ind|Number#Sing|Person#3|Tense#Pres|VerbForm#Fin|Voice#Act
005.SCG*LB4.CP-3++2.N.11.12-4.13-3W1	oportet	Q47369	https://lilamorph.wikibase.cloud/entity/L31767-F4	lemma/115099	Aspect#Imp|Mood#Ind|Number#Sing|Person#3|Tense#Pres|VerbForm#Fin|Voice#Act
005.SCG*LB3.CP14++3.N.-6.2-2.3-1W7	operamini	Q47374	https://lilamorph.wikibase.cloud/entity/L31761-F70	lemma/115029	Mood#Ind|Number#Plur|Person#2|Tense#Pres|VerbForm#Fin|Voice#Pass
005.SCG*LB3.CP11++2.N.10.5-3.9-1W18	sortiuntur	Q47377	https://lilamorph.wikibase.cloud/entity/L33654-F71	lemma/125212	Mood#Ind|Number#Plur|Person#3|Tense#Pres|VerbForm#Fin|Voice#Pass
005.SCG*LB4.CP--++6.N.-6.1-2.2-1W4	patitur	Q47387	https://lilamorph.wikibase.cloud/entity/L31871-F68	lemma/116223	Aspect#Imp|Mood#Ind|Number#Sing|Person#3|Tense#Pres|VerbForm#Fin|Voice#Pass
005.SCG*LB1.CP-2++8.N.-6.4-2.6-2W13	oportet	Q47446	https://lilamorph.wikibase.cloud/entity/L31767-F4	lemma/115099	Mood#Ind|Number#Sing|Person#3|Tense#Pres|VerbForm#Fin|Voice#Act
005.SCG*LB2.CP-3++0.N.15.13-1.17-2W24	passum	Q47547	https://lilamorph.wikibase.cloud/entity/L31871-F183	lemma/116223	Aspect#Perf|Case#Acc|Degree#Pos|Gender#Neut|Number#Sing|Tense#Past|VerbForm#Part|Voice#Pass
005.SCG*LB2.CP-9++9.N.-3.6-3.10-6W10	oportet	Q47563	https://lilamorph.wikibase.cloud/entity/L31767-F4	lemma/115099	Mood#Ind|Number#Sing|Person#3|Tense#Pres|VerbForm#Fin|Voice#Act
005.SCG*LB4.CP-8++3.N.-3.10-3.13-4W14	oportebit	Q47607	https://lilamorph.wikibase.cloud/entity/L31767-F109	lemma/115099	Aspect#Imp|Mood#Ind|Number#Sing|Person#3|Tense#Fut|VerbForm#Fin|Voice#Act
005.SCG*LB4.CP-5++0.N.-3.7-6.10-6W13	oportet	Q47708	https://lilamorph.wikibase.cloud/entity/L31767-F4	lemma/115099	Aspect#Imp|Mood#Ind|Number#Sing|Person#3|Tense#Pres|VerbForm#Fin|Voice#Act
005.SCG*LB3.CP-9++4.N.-3.6-3.8-4W1	oportet	Q47710	https://lilamorph.wikibase.cloud/entity/L31767-F4	lemma/115099	Mood#Ind|Number#Sing|Person#3|Tense#Pres|VerbForm#Fin|Voice#Act
005.SCG*LB2.CP-8++8.N.-4.7-5.9-4W1	oportet	Q47851	https://lilamorph.wikibase.cloud/entity/L31767-F4	lemma/115099	Mood#Ind|Number#Sing|Person#3|Tense#Pres|VerbForm#Fin|Voice#Act
005.SCG*LB1.CP-1++3.N.32.1-1.4-1W17	oportet	Q47862	https://lilamorph.wikibase.cloud/entity/L31767-F4	lemma/115099	Mood#Ind|Number#Sing|Person#3|Tense#Pres|VerbForm#Fin|Voice#Act
005.SCG*LB2.CP-2++1.N.-6.6-1.8-3W2	oportet	Q47877	https://lilamorph.wikibase.cloud/entity/L31767-F4	lemma/115099	Mood#Ind|Number#Sing|Person#3|Tense#Pres|VerbForm#Fin|Voice#Act
005.SCG*LB3.CP14++0.N.-3.4-3.8-2W9	sortiuntur	Q47900	https://lilamorph.wikibase.cloud/entity/L33654-F71	lemma/125212	Mood#Ind|Number#Plur|Person#3|Tense#Pres|VerbForm#Fin|Voice#Pass
005.SCG*LB4.CP-1++0.N.10.10-7.14-4W22	operari	Q47913	https://lilamorph.wikibase.cloud/entity/L31761-F64	lemma/115029	Aspect#Imp|Tense#Pres|VerbForm#Inf|Voice#Pass
005.SCG*LB4.CP-7++2.N.15.4-5.8-1W16	mentiuntur	Q47923	https://lilamorph.wikibase.cloud/entity/L31306-F71	lemma/112073	Aspect#Imp|Mood#Ind|Number#Plur|Person#3|Tense#Pres|VerbForm#Fin|Voice#Pass
005.SCG*LB4.CP--++8.N.-8.16-1.18-3W12	mortuus	Q47952	https://lilamorph.wikibase.cloud/entity/L31378-F163	lemma/112797	Aspect#Perf|Case#Nom|Degree#Pos|Gender#Masc|Number#Sing|Tense#Past|VerbForm#Part|Voice#Pass
005.SCG*LB4.CP-7++9.N.10.15-1.16-3W6	oportet	Q47957	https://lilamorph.wikibase.cloud/entity/L31767-F4	lemma/115099	Aspect#Imp|Mood#Ind|Number#Sing|Person#3|Tense#Pres|VerbForm#Fin|Voice#Act
005.SCG*LB4.CP-9++0.N.-3.1-1.6-6W6	patiantur	Q48006	https://lilamorph.wikibase.cloud/entity/L31871-F78	lemma/116223	Aspect#Imp|Mood#Sub|Number#Plur|Person#3|Tense#Pres|VerbForm#Fin|Voice#Pass
005.SCG*LB4.CP-5++5.N.11.1-1.4-4W14	oportuit	Q48062	https://lilamorph.wikibase.cloud/entity/L31767-F128	lemma/115099	Aspect#Perf|Mood#Ind|Number#Sing|Person#3|Tense#Past|VerbForm#Fin|Voice#Act
005.SCG*LB1.CP-4++8.N.-3.5-4.9-1W13	oportet	Q48125	https://lilamorph.wikibase.cloud/entity/L31767-F4	lemma/115099	Mood#Ind|Number#Sing|Person#3|Tense#Pres|VerbForm#Fin|Voice#Act
005.SCG*LB1.CP-2++8.N.-9.22-1.26-2W11	fiendo	Q48190	https://lilamorph.wikibase.cloud/entity/L30007-F77	lemma/103328	Case#Abl|Degree#Pos|Number#Sing|VerbForm#Ger|Voice#Pass
005.SCG*LB4.CP-5++0.N.-5.3-5.6-1W13	imitantur	Q48191	https://lilamorph.wikibase.cloud/entity/L30349-F126	lemma/106366	Aspect#Imp|Mood#Ind|Number#Plur|Person#3|Tense#Pres|VerbForm#Fin|Voice#Pass
005.SCG*LB2.CP-6++8.N.-9.1-1.7-5W15	operata	Q48260	https://lilamorph.wikibase.cloud/entity/L31761-F212	lemma/115029	Aspect#Perf|Case#Acc|Degree#Pos|Gender#Neut|Number#Plur|Tense#Past|VerbForm#Part|Voice#Pass
005.SCG*LB2.CP-4++7.N.-4.4-3.6-1W1	oportet	Q48278	https://lilamorph.wikibase.cloud/entity/L31767-F4	lemma/115099	Mood#Ind|Number#Sing|Person#3|Tense#Pres|VerbForm#Fin|Voice#Act
005.SCG*LB2.CP-6++0.N.-2.25-5.29-1W17	sortiatur	Q48341	https://lilamorph.wikibase.cloud/entity/L33654-F75	lemma/125212	Mood#Sub|Number#Sing|Person#3|Tense#Pres|VerbForm#Fin|Voice#Pass
005.SCG*LB3.CP10++5.N.-4.1-1.11-1W15	sortiuntur	Q48362	https://lilamorph.wikibase.cloud/entity/L33654-F71	lemma/125212	Mood#Ind|Number#Plur|Person#3|Tense#Pres|VerbForm#Fin|Voice#Pass
005.SCG*LB2.CP-5++5.N.-8.2-2.3-5W2	oportet	Q48384	https://lilamorph.wikibase.cloud/entity/L31767-F4	lemma/115099	Mood#Ind|Number#Sing|Person#3|Tense#Pres|VerbForm#Fin|Voice#Act
005.SCG*LB3.CP13++2.N.-7.8-1.11-3W17	oportet	Q48406	https://lilamorph.wikibase.cloud/entity/L31767-F4	lemma/115099	Mood#Ind|Number#Sing|Person#3|Tense#Pres|VerbForm#Fin|Voice#Act
005.SCG*LB4.CP--++4.N.13.1-2.5-7W28	loqui	Q48407	https://lilamorph.wikibase.cloud/entity/L31185-F65	lemma/110806	Aspect#Imp|Tense#Pres|VerbForm#Inf|Voice#Pass
005.SCG*LB4.CP-7++9.N.-4.8-4.12-1W4	mortuorum	Q48431	https://lilamorph.wikibase.cloud/entity/L31378-F172	lemma/112797	Aspect#Perf|Case#Gen|Degree#Pos|Gender#Masc|Number#Plur|Tense#Past|VerbForm#Part|Voice#Pass
005.SCG*LB4.CP-7++5.N.-2.1-1.7-5W22	oportet	Q48436	https://lilamorph.wikibase.cloud/entity/L31767-F4	lemma/115099	Aspect#Imp|Mood#Ind|Number#Sing|Person#3|Tense#Pres|VerbForm#Fin|Voice#Act
005.SCG*LB3.CP-1++0.N.-7.9-4.11-1W12	patiatur	Q48437	https://lilamorph.wikibase.cloud/entity/L31871-F75	lemma/116223	Mood#Sub|Number#Sing|Person#3|Tense#Pres|VerbForm#Fin|Voice#Pass
005.SCG*LB4.CP-5++4.N.-7.2-6.4-2W1	oportet	Q48441	https://lilamorph.wikibase.cloud/entity/L31767-F4	lemma/115099	Aspect#Imp|Mood#Ind|Number#Sing|Person#3|Tense#Pres|VerbForm#Fin|Voice#Act
005.SCG*LB3.CP-2++6.N.10.1-2.5-3W12	oportet	Q48453	https://lilamorph.wikibase.cloud/entity/L31767-F4	lemma/115099	Mood#Ind|Number#Sing|Person#3|Tense#Pres|VerbForm#Fin|Voice#Act
005.SCG*LB3.CP13++2.N.23.9-1.12-2W1	oportet	Q48481	https://lilamorph.wikibase.cloud/entity/L31767-F4	lemma/115099	Mood#Ind|Number#Sing|Person#3|Tense#Pres|VerbForm#Fin|Voice#Act
005.SCG*LB2.CP-1++9.N.-7.6-1.7-3W2	oportet	Q48489	https://lilamorph.wikibase.cloud/entity/L31767-F4	lemma/115099	Mood#Ind|Number#Sing|Person#3|Tense#Pres|VerbForm#Fin|Voice#Act
005.SCG*LB2.CP-5++4.N.-2.1-1.4-6W22	opinabantur	Q48494	https://lilamorph.wikibase.cloud/entity/L31764-F99	lemma/115071	Aspect#Imp|Mood#Ind|Number#Plur|Person#3|Tense#Imp|VerbForm#Fin|Voice#Pass
005.SCG*LB3.CP14++6.N.-8.4-3.5-1W3	patieris	Q48612	https://lilamorph.wikibase.cloud/entity/L31871-F155	lemma/116223	Mood#Ind|Number#Sing|Person#2|Tense#Fut|VerbForm#Fin|Voice#Pass
005.SCG*LB1.CP-4++2.N.-7.13-2.17-1W13	oportet	Q48688	https://lilamorph.wikibase.cloud/entity/L31767-F4	lemma/115099	Mood#Ind|Number#Sing|Person#3|Tense#Pres|VerbForm#Fin|Voice#Act
005.SCG*LB2.CP-7++2.N.-3.11-6.13-1W3	mortui	Q48696	https://lilamorph.wikibase.cloud/entity/L31378-F169	lemma/112797	Aspect#Perf|Case#Gen|Degree#Pos|Gender#Masc|Number#Sing|Tense#Past|VerbForm#Part|Voice#Pass
005.SCG*LB4.CP-8++9.N.-3.12-1.15-3W14	patientur	Q48703	https://lilamorph.wikibase.cloud/entity/L31871-F159	lemma/116223	Aspect#Imp|Mood#Ind|Number#Plur|Person#3|Tense#Fut|VerbForm#Fin|Voice#Pass
005.SCG*LB1.CP-1++0.N.-6.7-4.8-8W1	oportet	Q48714	https://lilamorph.wikibase.cloud/entity/L31767-F4	lemma/115099	Mood#Ind|Number#Sing|Person#3|Tense#Pres|VerbForm#Fin|Voice#Act
005.SCG*LB2.CP-7++5.N.-2.21-1.23-1W1	oportet	Q48733	https://lilamorph.wikibase.cloud/entity/L31767-F4	lemma/115099	Mood#Ind|Number#Sing|Person#3|Tense#Pres|VerbForm#Fin|Voice#Act
005.SCG*LB2.CP-8++3.N.16.7-7.11-3W11	patitur	Q48735	https://lilamorph.wikibase.cloud/entity/L31871-F68	lemma/116223	Mood#Ind|Number#Sing|Person#3|Tense#Pres|VerbForm#Fin|Voice#Pass
005.SCG*LB3.CP-6++6.N.-3.13-2.17-6W17	oportet	Q48746	https://lilamorph.wikibase.cloud/entity/L31767-F4	lemma/115099	Mood#Ind|Number#Sing|Person#3|Tense#Pres|VerbForm#Fin|Voice#Act
005.SCG*LB3.CP-1++5.N.-2.1-1.4-3W4	oportet	Q48770	https://lilamorph.wikibase.cloud/entity/L31767-F4	lemma/115099	Mood#Ind|Number#Sing|Person#3|Tense#Pres|VerbForm#Fin|Voice#Act
005.SCG*LB4.CP-1++0.N.-8.8-1.9-7W1	oportet	Q48818	https://lilamorph.wikibase.cloud/entity/L31767-F4	lemma/115099	Aspect#Imp|Mood#Ind|Number#Sing|Person#3|Tense#Pres|VerbForm#Fin|Voice#Act
005.SCG*LB3.CP-8++0.N.10.1-1.2-6W6	oportet	Q48825	https://lilamorph.wikibase.cloud/entity/L31767-F4	lemma/115099	Mood#Ind|Number#Sing|Person#3|Tense#Pres|VerbForm#Fin|Voice#Act
005.SCG*LB2.CP-1++6.N.11.13-5.15-5W2	oportet	Q48830	https://lilamorph.wikibase.cloud/entity/L31767-F4	lemma/115099	Mood#Ind|Number#Sing|Person#3|Tense#Pres|VerbForm#Fin|Voice#Act
005.SCG*LB2.CP-2++8.N.16.13-1.15-2W9	operatur	Q48848	https://lilamorph.wikibase.cloud/entity/L31761-F68	lemma/115029	Mood#Ind|Number#Sing|Person#3|Tense#Pres|VerbForm#Fin|Voice#Pass
005.SCG*LB1.CP-6++5.N.-5.7-1.9-3W2	oportet	Q48850	https://lilamorph.wikibase.cloud/entity/L31767-F4	lemma/115099	Mood#Ind|Number#Sing|Person#3|Tense#Pres|VerbForm#Fin|Voice#Act
005.SCG*LB3.CP13++0.N.-4.13-4.15-4W9	mercandam	Q48852	https://lilamorph.wikibase.cloud/entity/L31309-F284	lemma/112103	Case#Acc|Degree#Pos|Gender#Fem|Number#Sing|VerbForm#Gdv|Voice#Pass
005.SCG*LB3.CP-7++0.N.-5.15-3.18-1W1	oportet	Q48854	https://lilamorph.wikibase.cloud/entity/L31767-F4	lemma/115099	Mood#Ind|Number#Sing|Person#3|Tense#Pres|VerbForm#Fin|Voice#Act
005.SCG*LB3.CP15++4.N.-1.11-6.17-8W27	oportuit	Q48871	https://lilamorph.wikibase.cloud/entity/L31767-F128	lemma/115099	Aspect#Perf|Mood#Ind|Number#Sing|Person#3|Tense#Past|VerbForm#Fin|Voice#Act
005.SCG*LB3.CP15++1.N.-3.1-2.3-3W7	oportet	Q48927	https://lilamorph.wikibase.cloud/entity/L31767-F4	lemma/115099	Mood#Ind|Number#Sing|Person#3|Tense#Pres|VerbForm#Fin|Voice#Act
005.SCG*LB2.CP-9++6.N.-9.10-7.14-1W18	operatur	Q48966	https://lilamorph.wikibase.cloud/entity/L31761-F68	lemma/115029	Mood#Ind|Number#Sing|Person#3|Tense#Pres|VerbForm#Fin|Voice#Pass
005.SCG*LB2.CP--++1.N.-2.5-5.7-4W12	sortitur	Q48976	https://lilamorph.wikibase.cloud/entity/L33654-F68	lemma/125212	Mood#Ind|Number#Sing|Person#3|Tense#Pres|VerbForm#Fin|Voice#Pass
005.SCG*LB2.CP-9++0.N.-4.17-6.19-2W3	oportet	Q48977	https://lilamorph.wikibase.cloud/entity/L31767-F4	lemma/115099	Mood#Ind|Number#Sing|Person#3|Tense#Pres|VerbForm#Fin|Voice#Act
005.SCG*LB4.CP--++7.N.-8.6-3.7-4W1	oportet	Q49001	https://lilamorph.wikibase.cloud/entity/L31767-F4	lemma/115099	Aspect#Imp|Mood#Ind|Number#Sing|Person#3|Tense#Pres|VerbForm#Fin|Voice#Act
005.SCG*LB3.CP12++2.N.-4.8-3.11-4W27	sortiatur	Q49034	https://lilamorph.wikibase.cloud/entity/L33654-F75	lemma/125212	Mood#Sub|Number#Sing|Person#3|Tense#Pres|VerbForm#Fin|Voice#Pass
005.SCG*LB2.CP-6++9.N.-5.9-2.14-4W10	oportet	Q49043	https://lilamorph.wikibase.cloud/entity/L31767-F4	lemma/115099	Mood#Ind|Number#Sing|Person#3|Tense#Pres|VerbForm#Fin|Voice#Act
005.SCG*LB4.CP-8++2.N.-9.9-7.12-1W17	moriantur	Q49075	https://lilamorph.wikibase.cloud/entity/L31378-F78	lemma/112797	Aspect#Imp|Mood#Sub|Number#Plur|Person#3|Tense#Pres|VerbForm#Fin|Voice#Pass
005.SCG*LB3.CP15++4.N.-7.15-1.19-3W24	loquerentur	Q49111	https://lilamorph.wikibase.cloud/entity/L31185-F108	lemma/110806	Aspect#Imp|Mood#Sub|Number#Plur|Person#3|Tense#Imp|VerbForm#Fin|Voice#Pass
005.SCG*LB2.CP-8++2.N.13.5-3.7-5W4	oportet	Q49133	https://lilamorph.wikibase.cloud/entity/L31767-F4	lemma/115099	Mood#Ind|Number#Sing|Person#3|Tense#Pres|VerbForm#Fin|Voice#Act
005.SCG*LB3.CP13++6.N.12.4-6.9-2W27	metitur	Q49200	https://lilamorph.wikibase.cloud/entity/L31320-F68	lemma/112233	Mood#Ind|Number#Sing|Person#3|Tense#Pres|VerbForm#Fin|Voice#Pass
005.SCG*LB3.CP15++1.N.-6.1-2.3-3W10	operetur	Q49206	https://lilamorph.wikibase.cloud/entity/L31761-F75	lemma/115029	Mood#Sub|Number#Sing|Person#3|Tense#Pres|VerbForm#Fin|Voice#Pass
005.SCG*LB2.CP-6++0.N.-2.16-6.20-1W2	oportet	Q49235	https://lilamorph.wikibase.cloud/entity/L31767-F4	lemma/115099	Mood#Ind|Number#Sing|Person#3|Tense#Pres|VerbForm#Fin|Voice#Act
005.SCG*LB3.CP-9++4.N.15.1-1.8-2W29	operetur	Q49302	https://lilamorph.wikibase.cloud/entity/L31761-F75	lemma/115029	Mood#Sub|Number#Sing|Person#3|Tense#Pres|VerbForm#Fin|Voice#Pass
005.SCG*LB2.CP-8++3.N.31.40-2.41-4W1	oportet	Q49378	https://lilamorph.wikibase.cloud/entity/L31767-F4	lemma/115099	Mood#Ind|Number#Sing|Person#3|Tense#Pres|VerbForm#Fin|Voice#Act
005.SCG*LB3.CP11++3.N.-3.12-1.14-5W1	oportet	Q49379	https://lilamorph.wikibase.cloud/entity/L31767-F4	lemma/115099	Mood#Ind|Number#Sing|Person#3|Tense#Pres|VerbForm#Fin|Voice#Act
005.SCG*LB2.CP-4++1.N.-6.7-6.9-6W8	oportet	Q49398	https://lilamorph.wikibase.cloud/entity/L31767-F4	lemma/115099	Mood#Ind|Number#Sing|Person#3|Tense#Pres|VerbForm#Fin|Voice#Act
005.SCG*LB3.CP13++5.N.25.1-1.3-3W13	sectantur	Q49403	https://lilamorph.wikibase.cloud/entity/L33553-F71	lemma/123965	Mood#Ind|Number#Plur|Person#3|Tense#Pres|VerbForm#Fin|Voice#Pass
005.SCG*LB2.CP-7++5.N.10.13-1.16-1W16	oportet	Q49406	https://lilamorph.wikibase.cloud/entity/L31767-F4	lemma/115099	Mood#Ind|Number#Sing|Person#3|Tense#Pres|VerbForm#Fin|Voice#Act
005.SCG*LB2.CP-3++9.N.-4.7-7.12-4W1	oportet	Q49438	https://lilamorph.wikibase.cloud/entity/L31767-F4	lemma/115099	Mood#Ind|Number#Sing|Person#3|Tense#Pres|VerbForm#Fin|Voice#Act
005.SCG*LB4.CP-5++0.N.-9.10-4.13-3W1	oportet	Q49466	https://lilamorph.wikibase.cloud/entity/L31767-F4	lemma/115099	Aspect#Imp|Mood#Ind|Number#Sing|Person#3|Tense#Pres|VerbForm#Fin|Voice#Act
005.SCG*LB1.CP-2++0.N.23.1-1.4-2W14	oportet	Q49491	https://lilamorph.wikibase.cloud/entity/L31767-F4	lemma/115099	Mood#Ind|Number#Sing|Person#3|Tense#Pres|VerbForm#Fin|Voice#Act
005.SCG*LB4.CP-4++1.N.12.22-1.27-1W10	operetur	Q49502	https://lilamorph.wikibase.cloud/entity/L31761-F75	lemma/115029	Aspect#Imp|Mood#Sub|Number#Sing|Person#3|Tense#Pres|VerbForm#Fin|Voice#Pass
005.SCG*LB4.CP-9++7.N.-7.6-2.8-2W1	oportebit	Q49530	https://lilamorph.wikibase.cloud/entity/L31767-F109	lemma/115099	Aspect#Imp|Mood#Ind|Number#Sing|Person#3|Tense#Fut|VerbForm#Fin|Voice#Act
005.SCG*LB2.CP-3++8.N.-6.1-2.4-3W17	oportet	Q49532	https://lilamorph.wikibase.cloud/entity/L31767-F4	lemma/115099	Mood#Ind|Number#Sing|Person#3|Tense#Pres|VerbForm#Fin|Voice#Act
005.SCG*LB2.CP-1++5.N.-6.6-1.9-2W10	oportet	Q49587	https://lilamorph.wikibase.cloud/entity/L31767-F4	lemma/115099	Mood#Ind|Number#Sing|Person#3|Tense#Pres|VerbForm#Fin|Voice#Act
005.SCG*LB2.CP-9++2.N.-3.10-1.17-3W43	operantur	Q49650	https://lilamorph.wikibase.cloud/entity/L31761-F71	lemma/115029	Mood#Ind|Number#Plur|Person#3|Tense#Pres|VerbForm#Fin|Voice#Pass
005.SCG*LB4.CP-2++6.N.-2.22-1.23-4W3	oportet	Q49689	https://lilamorph.wikibase.cloud/entity/L31767-F4	lemma/115099	Aspect#Imp|Mood#Ind|Number#Sing|Person#3|Tense#Pres|VerbForm#Fin|Voice#Act
005.SCG*LB2.CP-9++7.N.-6.1-2.3-6W4	operatur	Q49691	https://lilamorph.wikibase.cloud/entity/L31761-F68	lemma/115029	Mood#Ind|Number#Sing|Person#3|Tense#Pres|VerbForm#Fin|Voice#Pass
005.SCG*LB2.CP-9++8.N.14.1-1.6-4W17	oportet	Q49699	https://lilamorph.wikibase.cloud/entity/L31767-F4	lemma/115099	Mood#Ind|Number#Sing|Person#3|Tense#Pres|VerbForm#Fin|Voice#Act
005.SCG*LB3.CP14++4.N.-1.1-1.2-6W1	oportet	Q49817	https://lilamorph.wikibase.cloud/entity/L31767-F4	lemma/115099	Mood#Ind|Number#Sing|Person#3|Tense#Pres|VerbForm#Fin|Voice#Act
005.SCG*LB4.CP-1++9.N.-2.1-1.3-5W11	oportet	Q49846	https://lilamorph.wikibase.cloud/entity/L31767-F4	lemma/115099	Aspect#Imp|Mood#Ind|Number#Sing|Person#3|Tense#Pres|VerbForm#Fin|Voice#Act
005.SCG*LB1.CP-9++3.N.12.31-1.36-1W29	complectitur	Q6931	https://lilamorph.wikibase.cloud/entity/L28022-F135	lemma/95339	Mood#Ind|Number#Sing|Person#3|Tense#Pres|VerbForm#Fin|Voice#Pass
005.SCG*LB2.CP-6++8.N.-9.1-1.7-5W26	operantur	Q49892	https://lilamorph.wikibase.cloud/entity/L31761-F71	lemma/115029	Mood#Ind|Number#Plur|Person#3|Tense#Pres|VerbForm#Fin|Voice#Pass
005.SCG*LB3.CP12++0.N.-1.23-1.28-3W38	opinabantur	Q49961	https://lilamorph.wikibase.cloud/entity/L31764-F99	lemma/115071	Aspect#Imp|Mood#Ind|Number#Plur|Person#3|Tense#Imp|VerbForm#Fin|Voice#Pass
005.SCG*LB3.CP14++5.N.-3.9-2.12-1W21	experiatur	Q49980	https://lilamorph.wikibase.cloud/entity/L29780-F75	lemma/102165	Mood#Sub|Number#Sing|Person#3|Tense#Pres|VerbForm#Fin|Voice#Pass
005.SCG*LB3.CP-2++0.N.-2.1-1.4-4W18	imitetur	Q49988	https://lilamorph.wikibase.cloud/entity/L30349-F134	lemma/106366	Mood#Sub|Number#Sing|Person#3|Tense#Pres|VerbForm#Fin|Voice#Pass
005.SCG*LB3.CP--++1.N.-4.5-3.7-6W19	sortiatur	Q49994	https://lilamorph.wikibase.cloud/entity/L33654-F75	lemma/125212	Mood#Sub|Number#Sing|Person#3|Tense#Pres|VerbForm#Fin|Voice#Pass
005.SCG*LB4.CP--++5.N.-1.13-5.17-3W13	passum	Q50006	https://lilamorph.wikibase.cloud/entity/L31871-F181	lemma/116223	Aspect#Perf|Case#Acc|Degree#Pos|Gender#Masc|Number#Sing|Tense#Past|VerbForm#Part|Voice#Pass
005.SCG*LB4.CP-5++0.N.-6.7-4.8-5W1	imitantur	Q50013	https://lilamorph.wikibase.cloud/entity/L30349-F126	lemma/106366	Aspect#Imp|Mood#Ind|Number#Plur|Person#3|Tense#Pres|VerbForm#Fin|Voice#Pass
005.SCG*LB3.CP--++1.N.-3.7-1.10-5W12	oportet	Q50020	https://lilamorph.wikibase.cloud/entity/L31767-F4	lemma/115099	Mood#Ind|Number#Sing|Person#3|Tense#Pres|VerbForm#Fin|Voice#Act
005.SCG*LB3.CP-2++5.N.-3.9-2.11-3W10	operata	Q50034	https://lilamorph.wikibase.cloud/entity/L31761-F212	lemma/115029	Aspect#Perf|Case#Acc|Degree#Pos|Gender#Neut|Number#Plur|Tense#Past|VerbForm#Part|Voice#Pass
005.SCG*LB2.CP-2++8.N.-1.1-1.4-5W5	oportet	Q50040	https://lilamorph.wikibase.cloud/entity/L31767-F4	lemma/115099	Mood#Ind|Number#Sing|Person#3|Tense#Pres|VerbForm#Fin|Voice#Act
005.SCG*LB2.CP-7++7.N.-5.23-3.24-4W2	oportuit	Q50057	https://lilamorph.wikibase.cloud/entity/L31767-F128	lemma/115099	Aspect#Perf|Mood#Ind|Number#Sing|Person#3|Tense#Past|VerbForm#Fin|Voice#Act
005.SCG*LB4.CP-2++1.N.-4.21-6.22-1W2	loquitur	Q50069	https://lilamorph.wikibase.cloud/entity/L31185-F69	lemma/110806	Aspect#Imp|Mood#Ind|Number#Sing|Person#3|Tense#Pres|VerbForm#Fin|Voice#Pass
005.SCG*LB4.CP-3++7.N.11.5-3.7-3W7	oportet	Q50073	https://lilamorph.wikibase.cloud/entity/L31767-F4	lemma/115099	Aspect#Imp|Mood#Ind|Number#Sing|Person#3|Tense#Pres|VerbForm#Fin|Voice#Act
005.SCG*LB2.CP-5++6.N.-5.15-5.16-9W11	patiuntur	Q50128	https://lilamorph.wikibase.cloud/entity/L31871-F71	lemma/116223	Mood#Ind|Number#Plur|Person#3|Tense#Pres|VerbForm#Fin|Voice#Pass
005.SCG*LB2.CP-9++1.N.-8.5-3.7-3W1	oportet	Q50180	https://lilamorph.wikibase.cloud/entity/L31767-F4	lemma/115099	Mood#Ind|Number#Sing|Person#3|Tense#Pres|VerbForm#Fin|Voice#Act
005.SCG*LB2.CP-7++6.N.15.12-3.14-2W2	oportet	Q50224	https://lilamorph.wikibase.cloud/entity/L31767-F4	lemma/115099	Mood#Ind|Number#Sing|Person#3|Tense#Pres|VerbForm#Fin|Voice#Act
005.SCG*LB4.CP--++8.N.-6.30-9.34-8W34	operatur	Q50227	https://lilamorph.wikibase.cloud/entity/L31761-F68	lemma/115029	Aspect#Imp|Mood#Ind|Number#Sing|Person#3|Tense#Pres|VerbForm#Fin|Voice#Pass
005.SCG*LB1.CP-4++3.N.10.7-3.9-4W1	oportet	Q50249	https://lilamorph.wikibase.cloud/entity/L31767-F4	lemma/115099	Mood#Ind|Number#Sing|Person#3|Tense#Pres|VerbForm#Fin|Voice#Act
005.SCG*LB3.CP10++4.N.13.4-3.4-7W5	loquentur	Q50265	https://lilamorph.wikibase.cloud/entity/L31185-F161	lemma/110806	Mood#Ind|Number#Plur|Person#3|Tense#Fut|VerbForm#Fin|Voice#Pass
005.SCG*LB3.CP13++9.N.14.1-1.3-2W5	suffragari	Q50304	https://lilamorph.wikibase.cloud/entity/L33972-F64	lemma/126632	Tense#Pres|VerbForm#Inf|Voice#Pass
005.SCG*LB2.CP-3++1.N.-2.6-1.7-7W8	oportet	Q50335	https://lilamorph.wikibase.cloud/entity/L31767-F4	lemma/115099	Mood#Ind|Number#Sing|Person#3|Tense#Pres|VerbForm#Fin|Voice#Act
005.SCG*LB3.CP15++0.N.-4.7-1.10-1W10	oportet	Q50369	https://lilamorph.wikibase.cloud/entity/L31767-F4	lemma/115099	Mood#Ind|Number#Sing|Person#3|Tense#Pres|VerbForm#Fin|Voice#Act
005.SCG*LB2.CP-6++0.N.11.1-2.8-3W23	operando	Q50405	https://lilamorph.wikibase.cloud/entity/L31761-F264	lemma/115029	Case#Abl|Degree#Pos|Number#Sing|VerbForm#Ger|Voice#Pass
005.SCG*LB2.CP-7++6.N.-2.1-1.3-4W9	oportet	Q50412	https://lilamorph.wikibase.cloud/entity/L31767-F4	lemma/115099	Mood#Ind|Number#Sing|Person#3|Tense#Pres|VerbForm#Fin|Voice#Act
005.SCG*LB1.CP-4++9.N.-2.5-6.7-6W8	oportet	Q50457	https://lilamorph.wikibase.cloud/entity/L31767-F4	lemma/115099	Mood#Ind|Number#Sing|Person#3|Tense#Pres|VerbForm#Fin|Voice#Act
005.SCG*LB1.CP-5++9.N.-4.13-1.17-1W20	complexorum	Q6936	https://lilamorph.wikibase.cloud/entity/L28022-F347	lemma/95339	Aspect#Perf|Case#Gen|Degree#Pos|Gender#Neut|Number#Plur|Tense#Past|VerbForm#Part|Voice#Pass
005.SCG*LB3.CP-6++8.N.-3.11-5.14-2W11	oporteret	Q50506	https://lilamorph.wikibase.cloud/entity/L31767-F89	lemma/115099	Aspect#Imp|Mood#Sub|Number#Sing|Person#3|Tense#Imp|VerbForm#Fin|Voice#Act
005.SCG*LB2.CP-5++8.N.-8.15-4.17-6W4	oportet	Q50535	https://lilamorph.wikibase.cloud/entity/L31767-F4	lemma/115099	Mood#Ind|Number#Sing|Person#3|Tense#Pres|VerbForm#Fin|Voice#Act
005.SCG*LB1.CP-2++0.N.43.4-6.6-1W8	oportet	Q50542	https://lilamorph.wikibase.cloud/entity/L31767-F4	lemma/115099	Mood#Ind|Number#Sing|Person#3|Tense#Pres|VerbForm#Fin|Voice#Act
005.SCG*LB4.CP-3++4.N.17.16-3.17-5W9	loquitur	Q50574	https://lilamorph.wikibase.cloud/entity/L31185-F69	lemma/110806	Aspect#Imp|Mood#Ind|Number#Sing|Person#3|Tense#Pres|VerbForm#Fin|Voice#Pass
005.SCG*LB1.CP-2++5.N.-4.4-2.7-3W1	oportet	Q50575	https://lilamorph.wikibase.cloud/entity/L31767-F4	lemma/115099	Mood#Ind|Number#Sing|Person#3|Tense#Pres|VerbForm#Fin|Voice#Act
005.SCG*LB3.CP10++0.N.-5.4-1.7-2W11	oportet	Q50603	https://lilamorph.wikibase.cloud/entity/L31767-F4	lemma/115099	Mood#Ind|Number#Sing|Person#3|Tense#Pres|VerbForm#Fin|Voice#Act
005.SCG*LB2.CP-2++1.N.-7.7-1.11-1W15	oportet	Q50611	https://lilamorph.wikibase.cloud/entity/L31767-F4	lemma/115099	Mood#Ind|Number#Sing|Person#3|Tense#Pres|VerbForm#Fin|Voice#Act
005.SCG*LB1.CP-9++2.N.-1.3-2.7-6W1	oportet	Q50663	https://lilamorph.wikibase.cloud/entity/L31767-F4	lemma/115099	Mood#Ind|Number#Sing|Person#3|Tense#Pres|VerbForm#Fin|Voice#Act
005.SCG*LB4.CP-5++0.N.-3.6-5.7-5W10	morieris	Q50666	https://lilamorph.wikibase.cloud/entity/L31378-F155	lemma/112797	Aspect#Imp|Mood#Ind|Number#Sing|Person#2|Tense#Fut|VerbForm#Fin|Voice#Pass
005.SCG*LB3.CP-2++4.N.-4.7-4.13-2W27	sortiuntur	Q50681	https://lilamorph.wikibase.cloud/entity/L33654-F71	lemma/125212	Mood#Ind|Number#Plur|Person#3|Tense#Pres|VerbForm#Fin|Voice#Pass
005.SCG*LB3.CP13++5.N.13.13-1.14-1W7	operari	Q50683	https://lilamorph.wikibase.cloud/entity/L31761-F64	lemma/115029	Tense#Pres|VerbForm#Inf|Voice#Pass
005.SCG*LB3.CP-7++4.N.-5.2-4.4-7W2	oportet	Q50688	https://lilamorph.wikibase.cloud/entity/L31767-F4	lemma/115099	Mood#Ind|Number#Sing|Person#3|Tense#Pres|VerbForm#Fin|Voice#Act
005.SCG*LB4.CP--++1.N.15.5-6.9-2W1	oportet	Q50694	https://lilamorph.wikibase.cloud/entity/L31767-F4	lemma/115099	Aspect#Imp|Mood#Ind|Number#Sing|Person#3|Tense#Pres|VerbForm#Fin|Voice#Act
005.SCG*LB2.CP-1++5.N.-1.1-1.4-5W12	oportet	Q50703	https://lilamorph.wikibase.cloud/entity/L31767-F4	lemma/115099	Mood#Ind|Number#Sing|Person#3|Tense#Pres|VerbForm#Fin|Voice#Act
005.SCG*LB2.CP-9++8.N.-4.3-4.7-6W6	oportet	Q50723	https://lilamorph.wikibase.cloud/entity/L31767-F4	lemma/115099	Mood#Ind|Number#Sing|Person#3|Tense#Pres|VerbForm#Fin|Voice#Act
005.SCG*LB3.CP-6++0.N.-4.9-1.11-1W1	oportet	Q50744	https://lilamorph.wikibase.cloud/entity/L31767-F4	lemma/115099	Mood#Ind|Number#Sing|Person#3|Tense#Pres|VerbForm#Fin|Voice#Act
005.SCG*LB3.CP13++4.N.-2.18-1.23-1W28	oportet	Q50745	https://lilamorph.wikibase.cloud/entity/L31767-F4	lemma/115099	Mood#Ind|Number#Sing|Person#3|Tense#Pres|VerbForm#Fin|Voice#Act
005.SCG*LB3.CP13++2.N.-7.4-5.7-7W16	oportet	Q50803	https://lilamorph.wikibase.cloud/entity/L31767-F4	lemma/115099	Mood#Ind|Number#Sing|Person#3|Tense#Pres|VerbForm#Fin|Voice#Act
005.SCG*LB2.CP-3++5.N.-8.12-4.18-2W20	oporteat	Q50830	https://lilamorph.wikibase.cloud/entity/L31767-F10	lemma/115099	Mood#Sub|Number#Sing|Person#3|Tense#Pres|VerbForm#Fin|Voice#Act
005.SCG*LB4.CP-6++3.N.12.9-4.14-1W15	sortiebatur	Q50833	https://lilamorph.wikibase.cloud/entity/L33654-F96	lemma/125212	Aspect#Imp|Mood#Ind|Number#Sing|Person#3|Tense#Imp|VerbForm#Fin|Voice#Pass
005.SCG*LB1.CP-1++0.N.-4.1-2.3-5W3	oportet	Q50841	https://lilamorph.wikibase.cloud/entity/L31767-F4	lemma/115099	Mood#Ind|Number#Sing|Person#3|Tense#Pres|VerbForm#Fin|Voice#Act
005.SCG*LB1.CP-2++1.N.-2.1-1.3-2W13	oportet	Q50879	https://lilamorph.wikibase.cloud/entity/L31767-F4	lemma/115099	Mood#Ind|Number#Sing|Person#3|Tense#Pres|VerbForm#Fin|Voice#Act
005.SCG*LB3.CP-3++3.N.-3.1-2.4-4W13	oporteret	Q50909	https://lilamorph.wikibase.cloud/entity/L31767-F89	lemma/115099	Aspect#Imp|Mood#Sub|Number#Sing|Person#3|Tense#Imp|VerbForm#Fin|Voice#Act
005.SCG*LB1.CP-1++8.N.-5.4-3.6-2W10	oportet	Q50910	https://lilamorph.wikibase.cloud/entity/L31767-F4	lemma/115099	Mood#Ind|Number#Sing|Person#3|Tense#Pres|VerbForm#Fin|Voice#Act
005.SCG*LB3.CP15++9.N.-1.21-1.24-5W24	patiantur	Q50934	https://lilamorph.wikibase.cloud/entity/L31871-F78	lemma/116223	Mood#Sub|Number#Plur|Person#3|Tense#Pres|VerbForm#Fin|Voice#Pass
005.SCG*LB3.CP-4++8.N.-6.4-5.6-2W5	moriatur	Q50964	https://lilamorph.wikibase.cloud/entity/L31378-F75	lemma/112797	Mood#Sub|Number#Sing|Person#3|Tense#Pres|VerbForm#Fin|Voice#Pass
005.SCG*LB2.CP-5++6.N.13.1-2.3-2W7	oportet	Q50986	https://lilamorph.wikibase.cloud/entity/L31767-F4	lemma/115099	Mood#Ind|Number#Sing|Person#3|Tense#Pres|VerbForm#Fin|Voice#Act
005.SCG*LB2.CP-5++5.N.-9.6-1.6-5W2	pati	Q51041	https://lilamorph.wikibase.cloud/entity/L31871-F64	lemma/116223	Tense#Pres|VerbForm#Inf|Voice#Pass
005.SCG*LB3.CP15++0.N.-3.7-4.11-4W16	oportet	Q51056	https://lilamorph.wikibase.cloud/entity/L31767-F4	lemma/115099	Mood#Ind|Number#Sing|Person#3|Tense#Pres|VerbForm#Fin|Voice#Act
005.SCG*LB4.CP--++7.N.20.6-1.10-5W30	oportet	Q51077	https://lilamorph.wikibase.cloud/entity/L31767-F4	lemma/115099	Aspect#Imp|Mood#Ind|Number#Sing|Person#3|Tense#Pres|VerbForm#Fin|Voice#Act
005.SCG*LB4.CP-6++5.N.-4.5-1.7-2W9	operando	Q51086	https://lilamorph.wikibase.cloud/entity/L31761-F264	lemma/115029	Aspect#Perf|Case#Abl|Degree#Pos|Number#Sing|VerbForm#Ger|Voice#Pass
005.SCG*LB3.CP-8++0.N.-9.1-1.4-4W20	oportet	Q51103	https://lilamorph.wikibase.cloud/entity/L31767-F4	lemma/115099	Mood#Ind|Number#Sing|Person#3|Tense#Pres|VerbForm#Fin|Voice#Act
005.SCG*LB4.CP-5++3.N.20.1-1.8-5W36	mortuus	Q51135	https://lilamorph.wikibase.cloud/entity/L31378-F163	lemma/112797	Aspect#Perf|Case#Nom|Degree#Pos|Gender#Masc|Number#Sing|Tense#Past|VerbForm#Part|Voice#Pass
005.SCG*LB1.CP-2++1.N.-6.6-5.7-6W1	oportet	Q51137	https://lilamorph.wikibase.cloud/entity/L31767-F4	lemma/115099	Mood#Ind|Number#Sing|Person#3|Tense#Pres|VerbForm#Fin|Voice#Act
005.SCG*LB4.CP-8++3.N.17.10-3.12-6W3	oportuit	Q51145	https://lilamorph.wikibase.cloud/entity/L31767-F128	lemma/115099	Aspect#Perf|Mood#Ind|Number#Sing|Person#3|Tense#Past|VerbForm#Fin|Voice#Act
005.SCG*LB3.CP12++9.N.-4.1-2.3-5W6	oportet	Q51174	https://lilamorph.wikibase.cloud/entity/L31767-F4	lemma/115099	Mood#Ind|Number#Sing|Person#3|Tense#Pres|VerbForm#Fin|Voice#Act
005.SCG*LB3.CP13++5.N.22.19-3.22-2W9	sectandam	Q51199	https://lilamorph.wikibase.cloud/entity/L33553-F284	lemma/123965	Case#Acc|Degree#Pos|Gender#Fem|Number#Sing|VerbForm#Gdv|Voice#Pass
005.SCG*LB2.CP-9++2.N.-7.5-1.7-2W2	oportet	Q51248	https://lilamorph.wikibase.cloud/entity/L31767-F4	lemma/115099	Mood#Ind|Number#Sing|Person#3|Tense#Pres|VerbForm#Fin|Voice#Act
005.SCG*LB4.CP-5++4.N.-8.24-3.27-3W12	oportet	Q51252	https://lilamorph.wikibase.cloud/entity/L31767-F4	lemma/115099	Aspect#Imp|Mood#Ind|Number#Sing|Person#3|Tense#Pres|VerbForm#Fin|Voice#Act
005.SCG*LB2.CP-5++9.N.12.1-2.2-4W4	operatur	Q51268	https://lilamorph.wikibase.cloud/entity/L31761-F68	lemma/115029	Mood#Ind|Number#Sing|Person#3|Tense#Pres|VerbForm#Fin|Voice#Pass
005.SCG*LB3.CP15++2.N.-2.11-3.12-3W1	oportet	Q51288	https://lilamorph.wikibase.cloud/entity/L31767-F4	lemma/115099	Mood#Ind|Number#Sing|Person#3|Tense#Pres|VerbForm#Fin|Voice#Act
005.SCG*LB1.CP-1++5.N.-2.1-1.2-7W14	patitur	Q51298	https://lilamorph.wikibase.cloud/entity/L31871-F68	lemma/116223	Mood#Ind|Number#Sing|Person#3|Tense#Pres|VerbForm#Fin|Voice#Pass
005.SCG*LB4.CP-3++4.N.29.10-5.11-6W7	mortuis	Q51323	https://lilamorph.wikibase.cloud/entity/L31378-F190	lemma/112797	Aspect#Perf|Case#Abl|Degree#Pos|Gender#Masc|Number#Plur|Tense#Past|VerbForm#Part|Voice#Pass
005.SCG*LB1.CP--++1.N.-4.5-1.6-2W1	oportet	Q51330	https://lilamorph.wikibase.cloud/entity/L31767-F4	lemma/115099	Mood#Ind|Number#Sing|Person#3|Tense#Pres|VerbForm#Fin|Voice#Act
005.SCG*LB2.CP-8++4.N.-3.6-4.9-4W15	oportebit	Q51361	https://lilamorph.wikibase.cloud/entity/L31767-F109	lemma/115099	Mood#Ind|Number#Sing|Person#3|Tense#Fut|VerbForm#Fin|Voice#Act
005.SCG*LB1.CP-4++2.N.11.12-3.16-6W15	oportet	Q51365	https://lilamorph.wikibase.cloud/entity/L31767-F4	lemma/115099	Mood#Ind|Number#Sing|Person#3|Tense#Pres|VerbForm#Fin|Voice#Act
005.SCG*LB3.CP14++4.N.-3.14-4.16-5W13	oportet	Q51380	https://lilamorph.wikibase.cloud/entity/L31767-F4	lemma/115099	Mood#Ind|Number#Sing|Person#3|Tense#Pres|VerbForm#Fin|Voice#Act
005.SCG*LB3.CP-7++6.N.-7.23-7.25-5W9	oportet	Q51387	https://lilamorph.wikibase.cloud/entity/L31767-F4	lemma/115099	Mood#Ind|Number#Sing|Person#3|Tense#Pres|VerbForm#Fin|Voice#Act
005.SCG*LB3.CP-2++3.N.-9.3-5.6-3W1	patitur	Q51425	https://lilamorph.wikibase.cloud/entity/L31871-F68	lemma/116223	Mood#Ind|Number#Sing|Person#3|Tense#Pres|VerbForm#Fin|Voice#Pass
005.SCG*LB3.CP11++8.N.-2.1-1.5-2W20	oportet	Q51436	https://lilamorph.wikibase.cloud/entity/L31767-F4	lemma/115099	Mood#Ind|Number#Sing|Person#3|Tense#Pres|VerbForm#Fin|Voice#Act
005.SCG*LB3.CP-4++6.N.10.1-1.5-4W3	oportet	Q51440	https://lilamorph.wikibase.cloud/entity/L31767-F4	lemma/115099	Mood#Ind|Number#Sing|Person#3|Tense#Pres|VerbForm#Fin|Voice#Act
005.SCG*LB1.CP-1++0.N.-2.9-8.10-7W9	oporteat	Q51446	https://lilamorph.wikibase.cloud/entity/L31767-F10	lemma/115099	Mood#Sub|Number#Sing|Person#3|Tense#Pres|VerbForm#Fin|Voice#Act
005.SCG*LB2.CP-3++5.N.-4.15-2.18-3W3	oportet	Q51457	https://lilamorph.wikibase.cloud/entity/L31767-F4	lemma/115099	Mood#Ind|Number#Sing|Person#3|Tense#Pres|VerbForm#Fin|Voice#Act
005.SCG*LB1.CP-8++7.N.-5.1-1.5-4W19	oporteat	Q51459	https://lilamorph.wikibase.cloud/entity/L31767-F10	lemma/115099	Mood#Sub|Number#Sing|Person#3|Tense#Pres|VerbForm#Fin|Voice#Act
005.SCG*LB2.CP-2++0.N.-2.1-1.3-6W10	oporteat	Q51467	https://lilamorph.wikibase.cloud/entity/L31767-F10	lemma/115099	Mood#Sub|Number#Sing|Person#3|Tense#Pres|VerbForm#Fin|Voice#Act
005.SCG*LB3.CP-9++5.N.10.10-1.10-7W2	oportet	Q51611	https://lilamorph.wikibase.cloud/entity/L31767-F4	lemma/115099	Mood#Ind|Number#Sing|Person#3|Tense#Pres|VerbForm#Fin|Voice#Act
005.SCG*LB2.CP-3++7.N.-4.1-1.4-2W7	oportet	Q51639	https://lilamorph.wikibase.cloud/entity/L31767-F4	lemma/115099	Mood#Ind|Number#Sing|Person#3|Tense#Pres|VerbForm#Fin|Voice#Act
005.SCG*LB1.CP-7++1.N.-6.1-2.5-2W22	oportet	Q51656	https://lilamorph.wikibase.cloud/entity/L31767-F4	lemma/115099	Mood#Ind|Number#Sing|Person#3|Tense#Pres|VerbForm#Fin|Voice#Act
005.SCG*LB4.CP--++1.N.11.28-1.33-5W30	venerentur	Q51681	https://lilamorph.wikibase.cloud/entity/L34527-F78	lemma/129781	Aspect#Imp|Mood#Sub|Number#Plur|Person#3|Tense#Pres|VerbForm#Fin|Voice#Pass
005.SCG*LB4.CP-2++4.N.10.1-2.5-5W12	oportet	Q51685	https://lilamorph.wikibase.cloud/entity/L31767-F4	lemma/115099	Aspect#Imp|Mood#Ind|Number#Sing|Person#3|Tense#Pres|VerbForm#Fin|Voice#Act
005.SCG*LB4.CP-1++7.N.12.8-1.8-3W2	loquitur	Q51694	https://lilamorph.wikibase.cloud/entity/L31185-F69	lemma/110806	Aspect#Imp|Mood#Ind|Number#Sing|Person#3|Tense#Pres|VerbForm#Fin|Voice#Pass
005.SCG*LB3.CP-9++1.N.-4.13-1.15-1W1	oportet	Q51715	https://lilamorph.wikibase.cloud/entity/L31767-F4	lemma/115099	Mood#Ind|Number#Sing|Person#3|Tense#Pres|VerbForm#Fin|Voice#Act
005.SCG*LB4.CP-8++3.N.17.20-4.23-1W9	mori	Q51716	https://lilamorph.wikibase.cloud/entity/L31378-F64	lemma/112797	Aspect#Imp|Tense#Pres|VerbForm#Inf|Voice#Pass
005.SCG*LB4.CP--++8.N.-4.3-3.5-8W8	oportet	Q51722	https://lilamorph.wikibase.cloud/entity/L31767-F4	lemma/115099	Aspect#Imp|Mood#Ind|Number#Sing|Person#3|Tense#Pres|VerbForm#Fin|Voice#Act
005.SCG*LB4.CP-1++8.N.-2.1-1.3-4W6	operantur	Q51726	https://lilamorph.wikibase.cloud/entity/L31761-F71	lemma/115029	Aspect#Imp|Mood#Ind|Number#Plur|Person#3|Tense#Pres|VerbForm#Fin|Voice#Pass
005.SCG*LB3.CP-8++4.N.14.1-1.4-5W21	operantur	Q51735	https://lilamorph.wikibase.cloud/entity/L31761-F71	lemma/115029	Mood#Ind|Number#Plur|Person#3|Tense#Pres|VerbForm#Fin|Voice#Pass
005.SCG*LB4.CP-6++2.N.-2.6-5.9-4W4	locutus	Q51763	https://lilamorph.wikibase.cloud/entity/L31185-F165	lemma/110806	Aspect#Perf|Case#Nom|Degree#Pos|Gender#Masc|Number#Sing|Tense#Past|VerbForm#Part|Voice#Pass
005.SCG*LB4.CP--++5.N.12.8-3.9-7W1	oportet	Q51806	https://lilamorph.wikibase.cloud/entity/L31767-F4	lemma/115099	Aspect#Imp|Mood#Ind|Number#Sing|Person#3|Tense#Pres|VerbForm#Fin|Voice#Act
005.SCG*LB3.CP-9++4.N.-3.1-2.2-6W7	oportet	Q51815	https://lilamorph.wikibase.cloud/entity/L31767-F4	lemma/115099	Mood#Ind|Number#Sing|Person#3|Tense#Pres|VerbForm#Fin|Voice#Act
005.SCG*LB2.CP-9++1.N.-4.6-2.10-6W1	oportet	Q51845	https://lilamorph.wikibase.cloud/entity/L31767-F4	lemma/115099	Mood#Ind|Number#Sing|Person#3|Tense#Pres|VerbForm#Fin|Voice#Act
005.SCG*LB3.CP15++8.N.-7.9-1.11-4W22	patiendi	Q51850	https://lilamorph.wikibase.cloud/entity/L31871-F199	lemma/116223	Case#Gen|Degree#Pos|Number#Sing|VerbForm#Ger|Voice#Pass
005.SCG*LB2.CP-7++3.N.11.1-2.4-6W5	sortitur	Q51857	https://lilamorph.wikibase.cloud/entity/L33654-F68	lemma/125212	Mood#Ind|Number#Sing|Person#3|Tense#Pres|VerbForm#Fin|Voice#Pass
005.SCG*LB3.CP14++3.N.-1.13-1.20-3W6	oportet	Q51868	https://lilamorph.wikibase.cloud/entity/L31767-F4	lemma/115099	Mood#Ind|Number#Sing|Person#3|Tense#Pres|VerbForm#Fin|Voice#Act
005.SCG*LB2.CP-8++4.N.-2.1-1.5-8W14	oportet	Q51901	https://lilamorph.wikibase.cloud/entity/L31767-F4	lemma/115099	Mood#Ind|Number#Sing|Person#3|Tense#Pres|VerbForm#Fin|Voice#Act
005.SCG*LB1.CP-2++0.N.21.11-5.12-3W3	oportet	Q51914	https://lilamorph.wikibase.cloud/entity/L31767-F4	lemma/115099	Mood#Ind|Number#Sing|Person#3|Tense#Pres|VerbForm#Fin|Voice#Act
005.SCG*LB1.CP-9++9.N.-5.8-2.10-1W15	patitur	Q51950	https://lilamorph.wikibase.cloud/entity/L31871-F68	lemma/116223	Mood#Ind|Number#Sing|Person#3|Tense#Pres|VerbForm#Fin|Voice#Pass
005.SCG*LB4.CP-9++2.N.-2.4-1.6-4W1	oportet	Q52007	https://lilamorph.wikibase.cloud/entity/L31767-F4	lemma/115099	Aspect#Imp|Mood#Ind|Number#Sing|Person#3|Tense#Pres|VerbForm#Fin|Voice#Act
005.SCG*LB4.CP-4++9.N.10.6-5.9-2W22	sortitur	Q52022	https://lilamorph.wikibase.cloud/entity/L33654-F68	lemma/125212	Aspect#Imp|Mood#Ind|Number#Sing|Person#3|Tense#Pres|VerbForm#Fin|Voice#Pass
005.SCG*LB2.CP-7++6.N.18.9-3.11-1W13	experiremur	Q52023	https://lilamorph.wikibase.cloud/entity/L29780-F104	lemma/102165	Aspect#Imp|Mood#Sub|Number#Plur|Person#1|Tense#Imp|VerbForm#Fin|Voice#Pass
005.SCG*LB3.CP-7++9.N.-4.6-2.8-5W3	oportet	Q52030	https://lilamorph.wikibase.cloud/entity/L31767-F4	lemma/115099	Mood#Ind|Number#Sing|Person#3|Tense#Pres|VerbForm#Fin|Voice#Act
005.SCG*LB4.CP-1++1.N.-9.11-2.12-7W1	oportet	Q52047	https://lilamorph.wikibase.cloud/entity/L31767-F4	lemma/115099	Aspect#Imp|Mood#Ind|Number#Sing|Person#3|Tense#Pres|VerbForm#Fin|Voice#Act
005.SCG*LB3.CP-6++7.N.-2.10-4.13-3W10	oportet	Q52125	https://lilamorph.wikibase.cloud/entity/L31767-F4	lemma/115099	Mood#Ind|Number#Sing|Person#3|Tense#Pres|VerbForm#Fin|Voice#Act
005.SCG*LB4.CP-1++7.N.-9.6-3.9-3W14	scrutatur	Q52126	https://lilamorph.wikibase.cloud/entity/L33544-F68	lemma/123887	Aspect#Imp|Mood#Ind|Number#Sing|Person#3|Tense#Pres|VerbForm#Fin|Voice#Pass
005.SCG*LB2.CP-6++8.N.12.8-3.13-3W2	oportet	Q52151	https://lilamorph.wikibase.cloud/entity/L31767-F4	lemma/115099	Mood#Ind|Number#Sing|Person#3|Tense#Pres|VerbForm#Fin|Voice#Act
005.SCG*LB3.CP-9++7.N.-9.8-4.12-4W13	oportet	Q52163	https://lilamorph.wikibase.cloud/entity/L31767-F4	lemma/115099	Mood#Ind|Number#Sing|Person#3|Tense#Pres|VerbForm#Fin|Voice#Act
005.SCG*LB4.CP-8++6.N.-3.9-6.13-2W3	experimur	Q52169	https://lilamorph.wikibase.cloud/entity/L29780-F69	lemma/102165	Aspect#Imp|Mood#Ind|Number#Plur|Person#1|Tense#Pres|VerbForm#Fin|Voice#Pass
005.SCG*LB4.CP-1++6.N.-3.4-2.6-3W9	loquatur	Q52244	https://lilamorph.wikibase.cloud/entity/L31185-F77	lemma/110806	Aspect#Imp|Mood#Sub|Number#Sing|Person#3|Tense#Pres|VerbForm#Fin|Voice#Pass
005.SCG*LB3.CP-7++2.N.-7.7-4.12-7W18	operatur	Q52311	https://lilamorph.wikibase.cloud/entity/L31761-F68	lemma/115029	Mood#Ind|Number#Sing|Person#3|Tense#Pres|VerbForm#Fin|Voice#Pass
005.SCG*LB3.CP12++0.N.-5.5-1.6-4W12	operatur	Q52334	https://lilamorph.wikibase.cloud/entity/L31761-F68	lemma/115029	Mood#Ind|Number#Sing|Person#3|Tense#Pres|VerbForm#Fin|Voice#Pass
005.SCG*LB2.CP-1++7.N.-5.11-4.14-4W20	oporteret	Q52366	https://lilamorph.wikibase.cloud/entity/L31767-F89	lemma/115099	Aspect#Imp|Mood#Sub|Number#Sing|Person#3|Tense#Imp|VerbForm#Fin|Voice#Act
005.SCG*LB3.CP-5++3.N.-4.11-3.13-1W1	oportet	Q52436	https://lilamorph.wikibase.cloud/entity/L31767-F4	lemma/115099	Mood#Ind|Number#Sing|Person#3|Tense#Pres|VerbForm#Fin|Voice#Act
005.SCG*LB3.CP14++9.N.-5.6-1.7-6W1	oportet	Q52461	https://lilamorph.wikibase.cloud/entity/L31767-F4	lemma/115099	Mood#Ind|Number#Sing|Person#3|Tense#Pres|VerbForm#Fin|Voice#Act
005.SCG*LB2.CP-8++0.N.-8.11-6.13-6W3	oportet	Q52492	https://lilamorph.wikibase.cloud/entity/L31767-F4	lemma/115099	Mood#Ind|Number#Sing|Person#3|Tense#Pres|VerbForm#Fin|Voice#Act
005.SCG*LB4.CP-2++3.N.-3.26-3.28-3W14	complectitur	Q6929	https://lilamorph.wikibase.cloud/entity/L28022-F135	lemma/95339	Aspect#Imp|Mood#Ind|Number#Sing|Person#3|Tense#Pres|VerbForm#Fin|Voice#Pass
005.SCG*LB3.CP15++0.N.-6.1-2.2-5W1	oportet	Q52503	https://lilamorph.wikibase.cloud/entity/L31767-F4	lemma/115099	Mood#Ind|Number#Sing|Person#3|Tense#Pres|VerbForm#Fin|Voice#Act
005.SCG*LB3.CP10++1.N.-3.6-3.9-6W26	operatur	Q52515	https://lilamorph.wikibase.cloud/entity/L31761-F68	lemma/115029	Mood#Ind|Number#Sing|Person#3|Tense#Pres|VerbForm#Fin|Voice#Pass
005.SCG*LB3.CP-8++0.N.17.7-5.11-4W19	principantur	Q487	https://lilamorph.wikibase.cloud/entity/L32642-F71	lemma/119506	Mood#Ind|Number#Plur|Person#3|Tense#Pres|VerbForm#Fin|Voice#Pass
005.SCG*LB2.CP-9++5.N.-4.22-1.28-6W18	sortiuntur	Q52530	https://lilamorph.wikibase.cloud/entity/L33654-F71	lemma/125212	Mood#Ind|Number#Plur|Person#3|Tense#Pres|VerbForm#Fin|Voice#Pass
005.SCG*LB2.CP-4++6.N.-3.5-2.9-3W1	oportuit	Q52532	https://lilamorph.wikibase.cloud/entity/L31767-F128	lemma/115099	Aspect#Perf|Mood#Ind|Number#Sing|Person#3|Tense#Past|VerbForm#Fin|Voice#Act
005.SCG*LB4.CP-9++0.N.-2.1-1.7-3W12	pati	Q52543	https://lilamorph.wikibase.cloud/entity/L31871-F64	lemma/116223	Aspect#Imp|Tense#Pres|VerbForm#Inf|Voice#Pass
005.SCG*LB2.CP-5++6.N.11.1-2.2-6W9	oportet	Q52546	https://lilamorph.wikibase.cloud/entity/L31767-F4	lemma/115099	Mood#Ind|Number#Sing|Person#3|Tense#Pres|VerbForm#Fin|Voice#Act
005.SCG*LB3.CP-1++7.N.10.2-2.3-2W4	operatus	Q52612	https://lilamorph.wikibase.cloud/entity/L31761-F189	lemma/115029	Aspect#Perf|Case#Nom|Degree#Pos|Gender#Masc|Number#Sing|Tense#Past|VerbForm#Part|Voice#Pass
005.SCG*LB2.CP-6++0.N.-8.8-2.10-1W6	pati	Q52629	https://lilamorph.wikibase.cloud/entity/L31871-F64	lemma/116223	Tense#Pres|VerbForm#Inf|Voice#Pass
005.SCG*LB3.CP-9++9.N.10.2-4.6-4W25	operatur	Q52643	https://lilamorph.wikibase.cloud/entity/L31761-F68	lemma/115029	Mood#Ind|Number#Sing|Person#3|Tense#Pres|VerbForm#Fin|Voice#Pass
005.SCG*LB4.CP-2++7.N.-2.6-3.10-4W9	arbitratus	Q3748	https://lilamorph.wikibase.cloud/entity/L27190-F189	lemma/89779	Aspect#Perf|Case#Nom|Degree#Pos|Gender#Masc|Number#Sing|Tense#Past|VerbForm#Part|Voice#Pass
005.SCG*LB3.CP-9++1.N.-4.7-4.8-4W8	testantur	Q52644	https://lilamorph.wikibase.cloud/entity/L34289-F71	lemma/127997	Mood#Ind|Number#Plur|Person#3|Tense#Pres|VerbForm#Fin|Voice#Pass
005.SCG*LB4.CP-2++4.N.11.23-1.25-1W10	loqui	Q52647	https://lilamorph.wikibase.cloud/entity/L31185-F65	lemma/110806	Aspect#Imp|Tense#Pres|VerbForm#Inf|Voice#Pass
005.SCG*LB3.CP15++8.N.-7.7-1.8-7W8	patitur	Q52663	https://lilamorph.wikibase.cloud/entity/L31871-F68	lemma/116223	Mood#Ind|Number#Sing|Person#3|Tense#Pres|VerbForm#Fin|Voice#Pass
005.SCG*LB1.CP-2++3.N.-3.14-1.14-8W3	patietur	Q52699	https://lilamorph.wikibase.cloud/entity/L31871-F156	lemma/116223	Mood#Ind|Number#Sing|Person#3|Tense#Fut|VerbForm#Fin|Voice#Pass
005.SCG*LB3.CP-4++3.N.-8.6-3.11-5W3	oportet	Q52768	https://lilamorph.wikibase.cloud/entity/L31767-F4	lemma/115099	Mood#Ind|Number#Sing|Person#3|Tense#Pres|VerbForm#Fin|Voice#Act
005.SCG*LB2.CP-7++3.N.12.2-6.4-2W8	oportet	Q52787	https://lilamorph.wikibase.cloud/entity/L31767-F4	lemma/115099	Mood#Ind|Number#Sing|Person#3|Tense#Pres|VerbForm#Fin|Voice#Act
005.SCG*LB3.CP12++8.N.-6.5-4.8-5W1	oportuit	Q52828	https://lilamorph.wikibase.cloud/entity/L31767-F128	lemma/115099	Aspect#Perf|Mood#Ind|Number#Sing|Person#3|Tense#Past|VerbForm#Fin|Voice#Act
005.SCG*LB2.CP-6++5.N.-4.6-6.10-5W8	oportebit	Q52857	https://lilamorph.wikibase.cloud/entity/L31767-F109	lemma/115099	Mood#Ind|Number#Sing|Person#3|Tense#Fut|VerbForm#Fin|Voice#Act
005.SCG*LB1.CP-4++4.N.-7.9-5.12-7W15	oportet	Q52859	https://lilamorph.wikibase.cloud/entity/L31767-F4	lemma/115099	Mood#Ind|Number#Sing|Person#3|Tense#Pres|VerbForm#Fin|Voice#Act
005.SCG*LB4.CP-2++3.N.-3.14-6.18-6W24	loquitur	Q52944	https://lilamorph.wikibase.cloud/entity/L31185-F69	lemma/110806	Aspect#Imp|Mood#Ind|Number#Sing|Person#3|Tense#Pres|VerbForm#Fin|Voice#Pass
005.SCG*LB4.CP-1++2.N.-2.10-4.13-1W4	loquendi	Q52959	https://lilamorph.wikibase.cloud/entity/L31185-F201	lemma/110806	Aspect#Perf|Case#Gen|Degree#Pos|Number#Sing|VerbForm#Ger|Voice#Pass
005.SCG*LB3.CP-7++6.N.-4.6-3.9-7W1	oportet	Q53019	https://lilamorph.wikibase.cloud/entity/L31767-F4	lemma/115099	Mood#Ind|Number#Sing|Person#3|Tense#Pres|VerbForm#Fin|Voice#Act
005.SCG*LB3.CP-4++7.N.-2.6-5.9-7W2	oportet	Q53052	https://lilamorph.wikibase.cloud/entity/L31767-F4	lemma/115099	Mood#Ind|Number#Sing|Person#3|Tense#Pres|VerbForm#Fin|Voice#Act
005.SCG*LB3.CP-9++5.N.10.5-6.8-6W19	sortiatur	Q53059	https://lilamorph.wikibase.cloud/entity/L33654-F75	lemma/125212	Mood#Sub|Number#Sing|Person#3|Tense#Pres|VerbForm#Fin|Voice#Pass
005.SCG*LB1.CP-2++5.N.10.14-1.16-7W1	oportet	Q53091	https://lilamorph.wikibase.cloud/entity/L31767-F4	lemma/115099	Mood#Ind|Number#Sing|Person#3|Tense#Pres|VerbForm#Fin|Voice#Act
005.SCG*LB3.CP10++3.N.-9.8-1.10-1W14	operantur	Q53096	https://lilamorph.wikibase.cloud/entity/L31761-F71	lemma/115029	Mood#Ind|Number#Plur|Person#3|Tense#Pres|VerbForm#Fin|Voice#Pass
005.SCG*LB4.CP-3++4.N.28.5-6.10-7W41	mortuus	Q53099	https://lilamorph.wikibase.cloud/entity/L31378-F163	lemma/112797	Aspect#Perf|Case#Nom|Degree#Pos|Gender#Masc|Number#Sing|Tense#Past|VerbForm#Part|Voice#Pass
005.SCG*LB2.CP-3++0.N.15.13-1.17-2W12	passo	Q53118	https://lilamorph.wikibase.cloud/entity/L31871-F189	lemma/116223	Aspect#Perf|Case#Abl|Degree#Pos|Gender#Neut|Number#Sing|Tense#Past|VerbForm#Part|Voice#Pass
005.SCG*LB3.CP-1++7.N.-5.14-4.15-4W1	oportet	Q53169	https://lilamorph.wikibase.cloud/entity/L31767-F4	lemma/115099	Mood#Ind|Number#Sing|Person#3|Tense#Pres|VerbForm#Fin|Voice#Act
005.SCG*LB3.CP15++4.N.-7.19-4.21-5W9	loqui	Q53178	https://lilamorph.wikibase.cloud/entity/L31185-F65	lemma/110806	Tense#Pres|VerbForm#Inf|Voice#Pass
005.SCG*LB4.CP-5++5.N.11.16-1.18-2W8	experiretur	Q53208	https://lilamorph.wikibase.cloud/entity/L29780-F103	lemma/102165	Aspect#Imp|Mood#Sub|Number#Sing|Person#3|Tense#Imp|VerbForm#Fin|Voice#Pass
005.SCG*LB4.CP-3++6.N.10.11-1.14-1W8	operatus	Q53235	https://lilamorph.wikibase.cloud/entity/L31761-F189	lemma/115029	Aspect#Perf|Case#Nom|Degree#Pos|Gender#Masc|Number#Sing|Tense#Past|VerbForm#Part|Voice#Pass
005.SCG*LB2.CP-7++9.N.16.7-5.8-6W8	moriuntur	Q53256	https://lilamorph.wikibase.cloud/entity/L31378-F71	lemma/112797	Mood#Ind|Number#Plur|Person#3|Tense#Pres|VerbForm#Fin|Voice#Pass
005.SCG*LB3.CP13++2.N.-9.14-1.16-3W17	operari	Q53292	https://lilamorph.wikibase.cloud/entity/L31761-F64	lemma/115029	Tense#Pres|VerbForm#Inf|Voice#Pass
005.SCG*LB2.CP-7++3.N.12.2-6.4-2W6	sortitur	Q53321	https://lilamorph.wikibase.cloud/entity/L33654-F68	lemma/125212	Mood#Ind|Number#Sing|Person#3|Tense#Pres|VerbForm#Fin|Voice#Pass
005.SCG*LB2.CP-4++8.N.-1.1-1.3-1W12	operando	Q53339	https://lilamorph.wikibase.cloud/entity/L31761-F264	lemma/115029	Case#Abl|Degree#Pos|Number#Sing|VerbForm#Ger|Voice#Pass
005.SCG*LB3.CP-6++5.N.-8.8-8.13-8W14	oportet	Q53359	https://lilamorph.wikibase.cloud/entity/L31767-F4	lemma/115099	Mood#Ind|Number#Sing|Person#3|Tense#Pres|VerbForm#Fin|Voice#Act
005.SCG*LB2.CP-9++2.N.-3.10-1.17-3W31	operantur	Q53360	https://lilamorph.wikibase.cloud/entity/L31761-F71	lemma/115029	Mood#Ind|Number#Plur|Person#3|Tense#Pres|VerbForm#Fin|Voice#Pass
005.SCG*LB3.CP-3++0.N.-5.1-2.3-3W10	oportet	Q53406	https://lilamorph.wikibase.cloud/entity/L31767-F4	lemma/115099	Mood#Ind|Number#Sing|Person#3|Tense#Pres|VerbForm#Fin|Voice#Act
005.SCG*LB2.CP-6++2.N.-8.1-2.5-1W10	oportet	Q53480	https://lilamorph.wikibase.cloud/entity/L31767-F4	lemma/115099	Mood#Ind|Number#Sing|Person#3|Tense#Pres|VerbForm#Fin|Voice#Act
005.SCG*LB2.CP-1++9.N.-4.6-4.10-4W10	loquimur	Q53494	https://lilamorph.wikibase.cloud/entity/L31185-F70	lemma/110806	Mood#Ind|Number#Plur|Person#1|Tense#Pres|VerbForm#Fin|Voice#Pass
005.SCG*LB3.CP10++4.N.-8.16-5.18-3W8	sortiantur	Q53503	https://lilamorph.wikibase.cloud/entity/L33654-F78	lemma/125212	Mood#Sub|Number#Plur|Person#3|Tense#Pres|VerbForm#Fin|Voice#Pass
005.SCG*LB3.CP-1++2.N.-5.5-2.6-5W1	oportet	Q53567	https://lilamorph.wikibase.cloud/entity/L31767-F4	lemma/115099	Mood#Ind|Number#Sing|Person#3|Tense#Pres|VerbForm#Fin|Voice#Act
005.SCG*LB2.CP-5++5.N.13.30-3.35-6W4	oportet	Q53577	https://lilamorph.wikibase.cloud/entity/L31767-F4	lemma/115099	Mood#Ind|Number#Sing|Person#3|Tense#Pres|VerbForm#Fin|Voice#Act
005.SCG*LB4.CP-7++9.N.10.1-1.4-2W9	suffragatur	Q53583	https://lilamorph.wikibase.cloud/entity/L33972-F68	lemma/126632	Aspect#Imp|Mood#Ind|Number#Sing|Person#3|Tense#Pres|VerbForm#Fin|Voice#Pass
005.SCG*LB3.CP-8++0.N.-1.1-1.6-4W18	oportet	Q53615	https://lilamorph.wikibase.cloud/entity/L31767-F4	lemma/115099	Mood#Ind|Number#Sing|Person#3|Tense#Pres|VerbForm#Fin|Voice#Act
005.SCG*LB1.CP-2++0.N.12.13-2.17-4W10	oportebit	Q53625	https://lilamorph.wikibase.cloud/entity/L31767-F109	lemma/115099	Mood#Ind|Number#Sing|Person#3|Tense#Fut|VerbForm#Fin|Voice#Act
005.SCG*LB4.CP-3++4.N.12.5-2.9-4W31	passus	Q53634	https://lilamorph.wikibase.cloud/entity/L31871-F163	lemma/116223	Aspect#Perf|Case#Nom|Degree#Pos|Gender#Masc|Number#Sing|Tense#Past|VerbForm#Part|Voice#Pass
005.SCG*LB3.CP12++0.N.12.7-1.10-2W16	oportet	Q53637	https://lilamorph.wikibase.cloud/entity/L31767-F4	lemma/115099	Mood#Ind|Number#Sing|Person#3|Tense#Pres|VerbForm#Fin|Voice#Act
005.SCG*LB4.CP-5++3.N.14.1-2.5-6W6	passus	Q53643	https://lilamorph.wikibase.cloud/entity/L31871-F163	lemma/116223	Aspect#Perf|Case#Nom|Degree#Pos|Gender#Masc|Number#Sing|Tense#Past|VerbForm#Part|Voice#Pass
005.SCG*LB3.CP-5++3.N.-4.5-1.9-2W15	oportet	Q53646	https://lilamorph.wikibase.cloud/entity/L31767-F4	lemma/115099	Mood#Ind|Number#Sing|Person#3|Tense#Pres|VerbForm#Fin|Voice#Act
005.SCG*LB4.CP-1++2.N.-3.1-1.2-7W6	oportet	Q53675	https://lilamorph.wikibase.cloud/entity/L31767-F4	lemma/115099	Aspect#Imp|Mood#Ind|Number#Sing|Person#3|Tense#Pres|VerbForm#Fin|Voice#Act
005.SCG*LB4.CP-8++5.N.-4.9-2.10-5W1	oportet	Q53683	https://lilamorph.wikibase.cloud/entity/L31767-F4	lemma/115099	Aspect#Imp|Mood#Ind|Number#Sing|Person#3|Tense#Pres|VerbForm#Fin|Voice#Act
005.SCG*LB1.CP-9++6.N.-7.23-8.25-3W4	operantur	Q53687	https://lilamorph.wikibase.cloud/entity/L31761-F71	lemma/115029	Mood#Ind|Number#Plur|Person#3|Tense#Pres|VerbForm#Fin|Voice#Pass
005.SCG*LB3.CP-1++1.N.-5.4-7.8-1W1	oportet	Q53697	https://lilamorph.wikibase.cloud/entity/L31767-F4	lemma/115099	Mood#Ind|Number#Sing|Person#3|Tense#Pres|VerbForm#Fin|Voice#Act
005.SCG*LB3.CP-8++4.N.-8.6-3.8-5W13	sortitur	Q53715	https://lilamorph.wikibase.cloud/entity/L33654-F68	lemma/125212	Mood#Ind|Number#Sing|Person#3|Tense#Pres|VerbForm#Fin|Voice#Pass
005.SCG*LB2.CP-4++6.N.-4.1-2.5-7W12	oportuit	Q53736	https://lilamorph.wikibase.cloud/entity/L31767-F128	lemma/115099	Aspect#Perf|Mood#Ind|Number#Sing|Person#3|Tense#Past|VerbForm#Fin|Voice#Act
005.SCG*LB2.CP-7++3.N.10.1-2.3-4W2	sortitur	Q53790	https://lilamorph.wikibase.cloud/entity/L33654-F68	lemma/125212	Mood#Ind|Number#Sing|Person#3|Tense#Pres|VerbForm#Fin|Voice#Pass
005.SCG*LB4.CP-1++7.N.18.2-1.3-2W2	loquitur	Q53828	https://lilamorph.wikibase.cloud/entity/L31185-F69	lemma/110806	Aspect#Imp|Mood#Ind|Number#Sing|Person#3|Tense#Pres|VerbForm#Fin|Voice#Pass
005.SCG*LB4.CP-7++4.N.-2.33-2.34-3W5	oportet	Q53843	https://lilamorph.wikibase.cloud/entity/L31767-F4	lemma/115099	Aspect#Imp|Mood#Ind|Number#Sing|Person#3|Tense#Pres|VerbForm#Fin|Voice#Act
005.SCG*LB2.CP-6++0.N.-8.8-2.10-1W11	pati	Q53852	https://lilamorph.wikibase.cloud/entity/L31871-F64	lemma/116223	Tense#Pres|VerbForm#Inf|Voice#Pass
005.SCG*LB4.CP--++8.N.-8.19-2.20-3W2	passo	Q53860	https://lilamorph.wikibase.cloud/entity/L31871-F187	lemma/116223	Aspect#Perf|Case#Abl|Degree#Pos|Gender#Masc|Number#Sing|Tense#Past|VerbForm#Part|Voice#Pass
005.SCG*LB4.CP-1++1.N.-9.4-2.5-5W8	oportet	Q53885	https://lilamorph.wikibase.cloud/entity/L31767-F4	lemma/115099	Aspect#Imp|Mood#Ind|Number#Sing|Person#3|Tense#Pres|VerbForm#Fin|Voice#Act
005.SCG*LB2.CP-4++5.N.-3.1-2.4-2W17	oportet	Q53911	https://lilamorph.wikibase.cloud/entity/L31767-F4	lemma/115099	Mood#Ind|Number#Sing|Person#3|Tense#Pres|VerbForm#Fin|Voice#Act
005.SCG*LB1.CP--++5.N.-2.3-1.13-2W26	oportuit	Q53912	https://lilamorph.wikibase.cloud/entity/L31767-F128	lemma/115099	Aspect#Perf|Mood#Ind|Number#Sing|Person#3|Tense#Past|VerbForm#Fin|Voice#Act
005.SCG*LB2.CP-1++5.N.-2.27-1.29-2W1	oportet	Q53981	https://lilamorph.wikibase.cloud/entity/L31767-F4	lemma/115099	Mood#Ind|Number#Sing|Person#3|Tense#Pres|VerbForm#Fin|Voice#Act
005.SCG*LB2.CP-3++3.N.-8.1-2.3-3W11	oportet	Q53983	https://lilamorph.wikibase.cloud/entity/L31767-F4	lemma/115099	Mood#Ind|Number#Sing|Person#3|Tense#Pres|VerbForm#Fin|Voice#Act
005.SCG*LB3.CP14++8.N.-3.7-3.8-4W4	operatus	Q53987	https://lilamorph.wikibase.cloud/entity/L31761-F189	lemma/115029	Aspect#Perf|Case#Nom|Degree#Pos|Gender#Masc|Number#Sing|Tense#Past|VerbForm#Part|Voice#Pass
005.SCG*LB3.CP-2++2.N.-7.1-1.7-6W33	oportet	Q53994	https://lilamorph.wikibase.cloud/entity/L31767-F4	lemma/115099	Mood#Ind|Number#Sing|Person#3|Tense#Pres|VerbForm#Fin|Voice#Act
005.SCG*LB3.CP-7++6.N.-3.9-4.11-5W1	oportet	Q54048	https://lilamorph.wikibase.cloud/entity/L31767-F4	lemma/115099	Mood#Ind|Number#Sing|Person#3|Tense#Pres|VerbForm#Fin|Voice#Act
005.SCG*LB2.CP--++1.N.-2.5-5.7-4W7	operari	Q54057	https://lilamorph.wikibase.cloud/entity/L31761-F64	lemma/115029	Tense#Pres|VerbForm#Inf|Voice#Pass
005.SCG*LB4.CP--++8.N.-4.10-1.13-3W15	arbitratus	Q3746	https://lilamorph.wikibase.cloud/entity/L27190-F189	lemma/89779	Aspect#Perf|Case#Nom|Degree#Pos|Gender#Masc|Number#Sing|Tense#Past|VerbForm#Part|Voice#Pass
005.SCG*LB3.CP-7++1.N.12.14-2.19-2W12	oportet	Q54071	https://lilamorph.wikibase.cloud/entity/L31767-F4	lemma/115099	Mood#Ind|Number#Sing|Person#3|Tense#Pres|VerbForm#Fin|Voice#Act
005.SCG*LB2.CP-8++9.N.16.2-1.5-5W15	operatur	Q54078	https://lilamorph.wikibase.cloud/entity/L31761-F68	lemma/115029	Mood#Ind|Number#Sing|Person#3|Tense#Pres|VerbForm#Fin|Voice#Pass
005.SCG*LB1.CP-5++4.N.-2.15-6.18-1W1	oportet	Q54142	https://lilamorph.wikibase.cloud/entity/L31767-F4	lemma/115099	Mood#Ind|Number#Sing|Person#3|Tense#Pres|VerbForm#Fin|Voice#Act
005.SCG*LB2.CP-3++0.N.-1.1-1.7-2W15	operando	Q54151	https://lilamorph.wikibase.cloud/entity/L31761-F264	lemma/115029	Case#Abl|Degree#Pos|Number#Sing|VerbForm#Ger|Voice#Pass
005.SCG*LB4.CP-2++2.N.-5.11-1.14-1W13	pati	Q54161	https://lilamorph.wikibase.cloud/entity/L31871-F64	lemma/116223	Aspect#Imp|Tense#Pres|VerbForm#Inf|Voice#Pass
005.SCG*LB4.CP-5++5.N.11.57-1.63-4W11	oportet	Q54167	https://lilamorph.wikibase.cloud/entity/L31767-F4	lemma/115099	Aspect#Imp|Mood#Ind|Number#Sing|Person#3|Tense#Pres|VerbForm#Fin|Voice#Act
005.SCG*LB4.CP--++5.N.12.12-7.14-1W1	oportet	Q54186	https://lilamorph.wikibase.cloud/entity/L31767-F4	lemma/115099	Aspect#Imp|Mood#Ind|Number#Sing|Person#3|Tense#Pres|VerbForm#Fin|Voice#Act
005.SCG*LB3.CP10++7.N.11.13-2.14-2W10	opitulari	Q54200	https://lilamorph.wikibase.cloud/entity/L31766-F64	lemma/115088	Tense#Pres|VerbForm#Inf|Voice#Pass
005.SCG*LB2.CP-4++3.N.-7.13-4.15-6W3	oportet	Q54215	https://lilamorph.wikibase.cloud/entity/L31767-F4	lemma/115099	Mood#Ind|Number#Sing|Person#3|Tense#Pres|VerbForm#Fin|Voice#Act
005.SCG*LB4.CP-1++6.N.-3.6-4.7-5W1	loqui	Q54232	https://lilamorph.wikibase.cloud/entity/L31185-F65	lemma/110806	Aspect#Imp|Tense#Pres|VerbForm#Inf|Voice#Pass
005.SCG*LB4.CP-3++9.N.-2.2-6.6-1W14	passum	Q54237	https://lilamorph.wikibase.cloud/entity/L31871-F165	lemma/116223	Aspect#Perf|Case#Nom|Degree#Pos|Gender#Neut|Number#Sing|Tense#Past|VerbForm#Part|Voice#Pass
005.SCG*LB3.CP-5++8.N.-4.11-5.14-3W1	oportet	Q54240	https://lilamorph.wikibase.cloud/entity/L31767-F4	lemma/115099	Mood#Ind|Number#Sing|Person#3|Tense#Pres|VerbForm#Fin|Voice#Act
005.SCG*LB3.CP-7++1.N.-6.7-5.10-4W13	oporteret	Q54241	https://lilamorph.wikibase.cloud/entity/L31767-F89	lemma/115099	Aspect#Imp|Mood#Sub|Number#Sing|Person#3|Tense#Imp|VerbForm#Fin|Voice#Act
005.SCG*LB2.CP-1++7.N.-5.5-2.7-1W2	oportet	Q54243	https://lilamorph.wikibase.cloud/entity/L31767-F4	lemma/115099	Mood#Ind|Number#Sing|Person#3|Tense#Pres|VerbForm#Fin|Voice#Act
005.SCG*LB3.CP13++2.N.20.5-5.10-3W3	oportet	Q54244	https://lilamorph.wikibase.cloud/entity/L31767-F4	lemma/115099	Mood#Ind|Number#Sing|Person#3|Tense#Pres|VerbForm#Fin|Voice#Act
005.SCG*LB4.CP-1++3.N.-4.10-1.13-6W12	oportet	Q54256	https://lilamorph.wikibase.cloud/entity/L31767-F4	lemma/115099	Aspect#Imp|Mood#Ind|Number#Sing|Person#3|Tense#Pres|VerbForm#Fin|Voice#Act
005.SCG*LB3.CP15++0.N.-5.6-5.9-4W2	oportet	Q54299	https://lilamorph.wikibase.cloud/entity/L31767-F4	lemma/115099	Mood#Ind|Number#Sing|Person#3|Tense#Pres|VerbForm#Fin|Voice#Act
005.SCG*LB2.CP-7++5.N.-3.1-2.4-9W13	oporteret	Q54328	https://lilamorph.wikibase.cloud/entity/L31767-F89	lemma/115099	Aspect#Imp|Mood#Sub|Number#Sing|Person#3|Tense#Imp|VerbForm#Fin|Voice#Act
005.SCG*LB4.CP-5++5.N.25.1-1.4-5W15	oportuit	Q54334	https://lilamorph.wikibase.cloud/entity/L31767-F128	lemma/115099	Aspect#Perf|Mood#Ind|Number#Sing|Person#3|Tense#Past|VerbForm#Fin|Voice#Act
005.SCG*LB2.CP--++3.N.-4.4-2.10-4W49	operari	Q54365	https://lilamorph.wikibase.cloud/entity/L31761-F64	lemma/115029	Tense#Pres|VerbForm#Inf|Voice#Pass
005.SCG*LB3.CP12++8.N.-4.8-6.11-4W1	oportuit	Q54391	https://lilamorph.wikibase.cloud/entity/L31767-F128	lemma/115099	Aspect#Perf|Mood#Ind|Number#Sing|Person#3|Tense#Past|VerbForm#Fin|Voice#Act
005.SCG*LB2.CP-8++9.N.13.17-2.19-1W2	oportet	Q54422	https://lilamorph.wikibase.cloud/entity/L31767-F4	lemma/115099	Mood#Ind|Number#Sing|Person#3|Tense#Pres|VerbForm#Fin|Voice#Act
005.SCG*LB4.CP-2++4.N.10.18-6.21-8W9	oportet	Q54433	https://lilamorph.wikibase.cloud/entity/L31767-F4	lemma/115099	Aspect#Imp|Mood#Ind|Number#Sing|Person#3|Tense#Pres|VerbForm#Fin|Voice#Act
005.SCG*LB4.CP-1++9.N.-2.11-2.13-1W7	operatur	Q54463	https://lilamorph.wikibase.cloud/entity/L31761-F68	lemma/115029	Aspect#Imp|Mood#Ind|Number#Sing|Person#3|Tense#Pres|VerbForm#Fin|Voice#Pass
005.SCG*LB2.CP-2++4.N.-3.2-1.5-5W2	oportet	Q54491	https://lilamorph.wikibase.cloud/entity/L31767-F4	lemma/115099	Mood#Ind|Number#Sing|Person#3|Tense#Pres|VerbForm#Fin|Voice#Act
005.SCG*LB4.CP-3++4.N.12.5-2.9-4W34	mortuus	Q54512	https://lilamorph.wikibase.cloud/entity/L31378-F163	lemma/112797	Aspect#Perf|Case#Nom|Degree#Pos|Gender#Masc|Number#Sing|Tense#Past|VerbForm#Part|Voice#Pass
005.SCG*LB1.CP-1++3.N.12.1-5.4-2W10	oportet	Q54521	https://lilamorph.wikibase.cloud/entity/L31767-F4	lemma/115099	Mood#Ind|Number#Sing|Person#3|Tense#Pres|VerbForm#Fin|Voice#Act
005.SCG*LB3.CP-1++0.N.-3.5-7.7-3W1	oportet	Q54543	https://lilamorph.wikibase.cloud/entity/L31767-F4	lemma/115099	Mood#Ind|Number#Sing|Person#3|Tense#Pres|VerbForm#Fin|Voice#Act
005.SCG*LB2.CP-7++5.N.-8.1-1.4-3W3	oportet	Q54549	https://lilamorph.wikibase.cloud/entity/L31767-F4	lemma/115099	Mood#Ind|Number#Sing|Person#3|Tense#Pres|VerbForm#Fin|Voice#Act
005.SCG*LB2.CP-7++6.N.20.5-3.8-4W7	operandum	Q54581	https://lilamorph.wikibase.cloud/entity/L31761-F263	lemma/115029	Case#Acc|Degree#Pos|Number#Sing|VerbForm#Ger|Voice#Pass
005.SCG*LB4.CP--++4.N.15.11-7.13-3W12	passus	Q54584	https://lilamorph.wikibase.cloud/entity/L31871-F163	lemma/116223	Aspect#Perf|Case#Nom|Degree#Pos|Gender#Masc|Number#Sing|Tense#Past|VerbForm#Part|Voice#Pass
005.SCG*LB4.CP-2++1.N.--.1-1.4-5W19	largitur	Q54618	https://lilamorph.wikibase.cloud/entity/L31096-F68	lemma/109941	Aspect#Imp|Mood#Ind|Number#Sing|Person#3|Tense#Pres|VerbForm#Fin|Voice#Pass
005.SCG*LB4.CP-8++2.N.-8.10-7.12-6W9	mortui	Q54619	https://lilamorph.wikibase.cloud/entity/L31378-F171	lemma/112797	Aspect#Perf|Case#Gen|Degree#Pos|Gender#Neut|Number#Sing|Tense#Past|VerbForm#Part|Voice#Pass
005.SCG*LB3.CP-9++5.N.17.14-1.16-1W2	loquar	Q54635	https://lilamorph.wikibase.cloud/entity/L31185-F155	lemma/110806	Mood#Ind|Number#Sing|Person#1|Tense#Fut|VerbForm#Fin|Voice#Pass
005.SCG*LB3.CP12++3.N.-7.9-6.14-1W4	oportet	Q54638	https://lilamorph.wikibase.cloud/entity/L31767-F4	lemma/115099	Mood#Ind|Number#Sing|Person#3|Tense#Pres|VerbForm#Fin|Voice#Act
005.SCG*LB4.CP-2++4.N.14.15-6.16-5W3	oportet	Q54668	https://lilamorph.wikibase.cloud/entity/L31767-F4	lemma/115099	Aspect#Imp|Mood#Ind|Number#Sing|Person#3|Tense#Pres|VerbForm#Fin|Voice#Act
005.SCG*LB4.CP-1++4.N.-9.9-1.12-2W1	oportet	Q54670	https://lilamorph.wikibase.cloud/entity/L31767-F4	lemma/115099	Aspect#Imp|Mood#Ind|Number#Sing|Person#3|Tense#Pres|VerbForm#Fin|Voice#Act
005.SCG*LB3.CP15++2.N.-4.11-4.16-1W10	oportet	Q54705	https://lilamorph.wikibase.cloud/entity/L31767-F4	lemma/115099	Mood#Ind|Number#Sing|Person#3|Tense#Pres|VerbForm#Fin|Voice#Act
005.SCG*LB1.CP--++5.N.-2.3-1.13-2W7	experiri	Q54721	https://lilamorph.wikibase.cloud/entity/L29780-F64	lemma/102165	Tense#Pres|VerbForm#Inf|Voice#Pass
005.SCG*LB3.CP-8++0.N.-2.24-1.32-1W18	oportet	Q54739	https://lilamorph.wikibase.cloud/entity/L31767-F4	lemma/115099	Mood#Ind|Number#Sing|Person#3|Tense#Pres|VerbForm#Fin|Voice#Act
005.SCG*LB4.CP-3++4.N.-2.64-1.66-2W14	mortuus	Q54746	https://lilamorph.wikibase.cloud/entity/L31378-F163	lemma/112797	Aspect#Perf|Case#Nom|Degree#Pos|Gender#Masc|Number#Sing|Tense#Past|VerbForm#Part|Voice#Pass
005.SCG*LB2.CP-3++3.N.-6.5-1.5-5W3	oportet	Q54797	https://lilamorph.wikibase.cloud/entity/L31767-F4	lemma/115099	Mood#Ind|Number#Sing|Person#3|Tense#Pres|VerbForm#Fin|Voice#Act
005.SCG*LB4.CP-7++2.N.11.4-2.8-5W10	operatur	Q54812	https://lilamorph.wikibase.cloud/entity/L31761-F68	lemma/115029	Aspect#Imp|Mood#Ind|Number#Sing|Person#3|Tense#Pres|VerbForm#Fin|Voice#Pass
005.SCG*LB4.CP-5++5.N.11.5-1.8-1W8	oportebat	Q54857	https://lilamorph.wikibase.cloud/entity/L31767-F83	lemma/115099	Aspect#Imp|Mood#Ind|Number#Sing|Person#3|Tense#Imp|VerbForm#Fin|Voice#Act
005.SCG*LB2.CP-3++3.N.-4.13-2.15-1W1	oportet	Q54875	https://lilamorph.wikibase.cloud/entity/L31767-F4	lemma/115099	Mood#Ind|Number#Sing|Person#3|Tense#Pres|VerbForm#Fin|Voice#Act
005.SCG*LB3.CP-8++9.N.-8.6-6.10-3W22	oportet	Q54887	https://lilamorph.wikibase.cloud/entity/L31767-F4	lemma/115099	Mood#Ind|Number#Sing|Person#3|Tense#Pres|VerbForm#Fin|Voice#Act
005.SCG*LB2.CP-3++4.N.-3.1-2.3-3W12	oportet	Q54913	https://lilamorph.wikibase.cloud/entity/L31767-F4	lemma/115099	Mood#Ind|Number#Sing|Person#3|Tense#Pres|VerbForm#Fin|Voice#Act
005.SCG*LB3.CP13++4.N.-7.14-1.18-6W6	metitur	Q54925	https://lilamorph.wikibase.cloud/entity/L31320-F68	lemma/112233	Mood#Ind|Number#Sing|Person#3|Tense#Pres|VerbForm#Fin|Voice#Pass
005.SCG*LB2.CP-3++3.N.-7.14-1.14-5W1	oportet	Q54959	https://lilamorph.wikibase.cloud/entity/L31767-F4	lemma/115099	Mood#Ind|Number#Sing|Person#3|Tense#Pres|VerbForm#Fin|Voice#Act
005.SCG*LB4.CP-1++2.N.-5.1-1.7-7W22	oportet	Q54966	https://lilamorph.wikibase.cloud/entity/L31767-F4	lemma/115099	Aspect#Imp|Mood#Ind|Number#Sing|Person#3|Tense#Pres|VerbForm#Fin|Voice#Act
005.SCG*LB4.CP-5++0.N.-3.13-3.15-3W9	moriendi	Q54971	https://lilamorph.wikibase.cloud/entity/L31378-F199	lemma/112797	Aspect#Perf|Case#Gen|Degree#Pos|Number#Sing|VerbForm#Ger|Voice#Pass
005.SCG*LB2.CP-6++0.N.-4.18-2.19-3W5	sortitur	Q55021	https://lilamorph.wikibase.cloud/entity/L33654-F68	lemma/125212	Mood#Ind|Number#Sing|Person#3|Tense#Pres|VerbForm#Fin|Voice#Pass
005.SCG*LB1.CP-2++7.N.-6.8-3.10-5W1	oportet	Q55051	https://lilamorph.wikibase.cloud/entity/L31767-F4	lemma/115099	Mood#Ind|Number#Sing|Person#3|Tense#Pres|VerbForm#Fin|Voice#Act
005.SCG*LB3.CP-2++5.N.10.1-2.5-4W7	oportet	Q55092	https://lilamorph.wikibase.cloud/entity/L31767-F4	lemma/115099	Mood#Ind|Number#Sing|Person#3|Tense#Pres|VerbForm#Fin|Voice#Act
005.SCG*LB3.CP-8++5.N.-4.5-1.10-3W11	oportet	Q55136	https://lilamorph.wikibase.cloud/entity/L31767-F4	lemma/115099	Mood#Ind|Number#Sing|Person#3|Tense#Pres|VerbForm#Fin|Voice#Act
005.SCG*LB4.CP-1++9.N.-7.15-6.18-2W2	oportet	Q55173	https://lilamorph.wikibase.cloud/entity/L31767-F4	lemma/115099	Aspect#Imp|Mood#Ind|Number#Sing|Person#3|Tense#Pres|VerbForm#Fin|Voice#Act
005.SCG*LB1.CP-4++4.N.-2.28-4.29-5W3	oportet	Q55186	https://lilamorph.wikibase.cloud/entity/L31767-F4	lemma/115099	Mood#Ind|Number#Sing|Person#3|Tense#Pres|VerbForm#Fin|Voice#Act
005.SCG*LB3.CP--++1.N.-2.1-1.7-3W29	largitur	Q55221	https://lilamorph.wikibase.cloud/entity/L31096-F68	lemma/109941	Mood#Ind|Number#Sing|Person#3|Tense#Pres|VerbForm#Fin|Voice#Pass
005.SCG*LB4.CP-3++6.N.-7.8-2.10-6W16	loquitur	Q55238	https://lilamorph.wikibase.cloud/entity/L31185-F69	lemma/110806	Aspect#Imp|Mood#Ind|Number#Sing|Person#3|Tense#Pres|VerbForm#Fin|Voice#Pass
005.SCG*LB4.CP-1++3.N.-9.17-5.18-3W3	operatur	Q55267	https://lilamorph.wikibase.cloud/entity/L31761-F68	lemma/115029	Aspect#Imp|Mood#Ind|Number#Sing|Person#3|Tense#Pres|VerbForm#Fin|Voice#Pass
005.SCG*LB3.CP-1++3.N.-2.6-4.7-4W1	oportet	Q55322	https://lilamorph.wikibase.cloud/entity/L31767-F4	lemma/115099	Mood#Ind|Number#Sing|Person#3|Tense#Pres|VerbForm#Fin|Voice#Act
005.SCG*LB1.CP-2++0.N.-8.12-5.14-4W6	oportet	Q55324	https://lilamorph.wikibase.cloud/entity/L31767-F4	lemma/115099	Mood#Ind|Number#Sing|Person#3|Tense#Pres|VerbForm#Fin|Voice#Act
005.SCG*LB1.CP--++3.N.-4.25-1.28-5W21	oportet	Q55363	https://lilamorph.wikibase.cloud/entity/L31767-F4	lemma/115099	Mood#Ind|Number#Sing|Person#3|Tense#Pres|VerbForm#Fin|Voice#Act
005.SCG*LB3.CP-6++5.N.-4.6-3.7-5W11	loquendo	Q55378	https://lilamorph.wikibase.cloud/entity/L31185-F207	lemma/110806	Case#Abl|Degree#Pos|Number#Sing|VerbForm#Ger|Voice#Pass
005.SCG*LB2.CP-1++6.N.-3.3-2.6-1W1	operari	Q55384	https://lilamorph.wikibase.cloud/entity/L31761-F64	lemma/115029	Tense#Pres|VerbForm#Inf|Voice#Pass
005.SCG*LB4.CP-3++6.N.-3.9-3.10-3W1	oportet	Q55397	https://lilamorph.wikibase.cloud/entity/L31767-F4	lemma/115099	Aspect#Imp|Mood#Ind|Number#Sing|Person#3|Tense#Pres|VerbForm#Fin|Voice#Act
005.SCG*LB3.CP-4++3.N.-3.25-1.29-5W1	oportet	Q55433	https://lilamorph.wikibase.cloud/entity/L31767-F4	lemma/115099	Mood#Ind|Number#Sing|Person#3|Tense#Pres|VerbForm#Fin|Voice#Act
005.SCG*LB3.CP--++8.N.-6.1-2.3-4W8	oportet	Q55462	https://lilamorph.wikibase.cloud/entity/L31767-F4	lemma/115099	Mood#Ind|Number#Sing|Person#3|Tense#Pres|VerbForm#Fin|Voice#Act
005.SCG*LB1.CP--++1.N.-4.7-1.8-2W1	oportet	Q55493	https://lilamorph.wikibase.cloud/entity/L31767-F4	lemma/115099	Mood#Ind|Number#Sing|Person#3|Tense#Pres|VerbForm#Fin|Voice#Act
005.SCG*LB4.CP--++7.N.19.9-2.10-5W6	operatur	Q55535	https://lilamorph.wikibase.cloud/entity/L31761-F68	lemma/115029	Aspect#Imp|Mood#Ind|Number#Sing|Person#3|Tense#Pres|VerbForm#Fin|Voice#Pass
005.SCG*LB2.CP-7++3.N.37.3-1.7-4W11	oportet	Q55573	https://lilamorph.wikibase.cloud/entity/L31767-F4	lemma/115099	Mood#Ind|Number#Sing|Person#3|Tense#Pres|VerbForm#Fin|Voice#Act
005.SCG*LB2.CP-8++3.N.25.52-1.54-1W11	reminisci	Q55592	https://lilamorph.wikibase.cloud/entity/L33168-F64	lemma/122601	Tense#Pres|VerbForm#Inf|Voice#Pass
005.SCG*LB1.CP-2++0.N.26.7-6.8-6W3	oportet	Q55597	https://lilamorph.wikibase.cloud/entity/L31767-F4	lemma/115099	Mood#Ind|Number#Sing|Person#3|Tense#Pres|VerbForm#Fin|Voice#Act
005.SCG*LB1.CP-2++8.N.-5.4-1.4-6W4	oportet	Q55622	https://lilamorph.wikibase.cloud/entity/L31767-F4	lemma/115099	Mood#Ind|Number#Sing|Person#3|Tense#Pres|VerbForm#Fin|Voice#Act
005.SCG*LB2.CP-5++8.N.-8.10-1.12-4W1	oportet	Q55641	https://lilamorph.wikibase.cloud/entity/L31767-F4	lemma/115099	Mood#Ind|Number#Sing|Person#3|Tense#Pres|VerbForm#Fin|Voice#Act
005.SCG*LB4.CP-3++5.N.-8.6-1.8-9W19	pati	Q55670	https://lilamorph.wikibase.cloud/entity/L31871-F64	lemma/116223	Aspect#Imp|Tense#Pres|VerbForm#Inf|Voice#Pass
005.SCG*LB2.CP-5++7.N.-9.4-2.5-3W8	pati	Q55688	https://lilamorph.wikibase.cloud/entity/L31871-F64	lemma/116223	Tense#Pres|VerbForm#Inf|Voice#Pass
005.SCG*LB2.CP-5++8.N.-8.22-2.24-3W9	oportet	Q55691	https://lilamorph.wikibase.cloud/entity/L31767-F4	lemma/115099	Mood#Ind|Number#Sing|Person#3|Tense#Pres|VerbForm#Fin|Voice#Act
005.SCG*LB1.CP--++4.N.-5.16-1.18-3W3	oportuit	Q55722	https://lilamorph.wikibase.cloud/entity/L31767-F128	lemma/115099	Aspect#Perf|Mood#Ind|Number#Sing|Person#3|Tense#Past|VerbForm#Fin|Voice#Act
005.SCG*LB3.CP-5++3.N.-4.23-1.25-2W12	oportet	Q55724	https://lilamorph.wikibase.cloud/entity/L31767-F4	lemma/115099	Mood#Ind|Number#Sing|Person#3|Tense#Pres|VerbForm#Fin|Voice#Act
005.SCG*LB2.CP-7++6.N.-6.1-2.5-5W9	oportet	Q55738	https://lilamorph.wikibase.cloud/entity/L31767-F4	lemma/115099	Mood#Ind|Number#Sing|Person#3|Tense#Pres|VerbForm#Fin|Voice#Act
005.SCG*LB3.CP-9++5.N.14.7-2.13-6W26	mirandum	Q55743	https://lilamorph.wikibase.cloud/entity/L31343-F267	lemma/112443	Case#Nom|Degree#Pos|Gender#Neut|Number#Sing|VerbForm#Gdv|Voice#Pass
005.SCG*LB4.CP-3++5.N.-4.8-4.10-2W1	oportet	Q55777	https://lilamorph.wikibase.cloud/entity/L31767-F4	lemma/115099	Aspect#Imp|Mood#Ind|Number#Sing|Person#3|Tense#Pres|VerbForm#Fin|Voice#Act
005.SCG*LB4.CP-1++1.N.-8.8-1.10-5W1	oportet	Q55795	https://lilamorph.wikibase.cloud/entity/L31767-F4	lemma/115099	Aspect#Imp|Mood#Ind|Number#Sing|Person#3|Tense#Pres|VerbForm#Fin|Voice#Act
005.SCG*LB2.CP-2++3.N.-5.9-5.12-1W1	oportet	Q55826	https://lilamorph.wikibase.cloud/entity/L31767-F4	lemma/115099	Mood#Ind|Number#Sing|Person#3|Tense#Pres|VerbForm#Fin|Voice#Act
005.SCG*LB3.CP14++0.N.-5.19-2.21-4W13	pati	Q55897	https://lilamorph.wikibase.cloud/entity/L31871-F64	lemma/116223	Tense#Pres|VerbForm#Inf|Voice#Pass
005.SCG*LB2.CP-8++0.N.10.38-1.40-5W8	pati	Q55899	https://lilamorph.wikibase.cloud/entity/L31871-F64	lemma/116223	Tense#Pres|VerbForm#Inf|Voice#Pass
005.SCG*LB2.CP-6++8.N.12.16-1.21-2W14	operantur	Q55900	https://lilamorph.wikibase.cloud/entity/L31761-F71	lemma/115029	Mood#Ind|Number#Plur|Person#3|Tense#Pres|VerbForm#Fin|Voice#Pass
005.SCG*LB2.CP-1++5.N.-4.16-3.17-6W1	oportet	Q55950	https://lilamorph.wikibase.cloud/entity/L31767-F4	lemma/115099	Mood#Ind|Number#Sing|Person#3|Tense#Pres|VerbForm#Fin|Voice#Act
005.SCG*LB3.CP13++5.N.12.7-3.11-1W25	oportet	Q55958	https://lilamorph.wikibase.cloud/entity/L31767-F4	lemma/115099	Mood#Ind|Number#Sing|Person#3|Tense#Pres|VerbForm#Fin|Voice#Act
005.SCG*LB3.CP10++2.N.-7.15-1.15-6W4	operantur	Q55960	https://lilamorph.wikibase.cloud/entity/L31761-F71	lemma/115029	Mood#Ind|Number#Plur|Person#3|Tense#Pres|VerbForm#Fin|Voice#Pass
005.SCG*LB4.CP-5++4.N.-4.22-3.23-8W1	oportuit	Q55972	https://lilamorph.wikibase.cloud/entity/L31767-F128	lemma/115099	Aspect#Perf|Mood#Ind|Number#Sing|Person#3|Tense#Past|VerbForm#Fin|Voice#Act
005.SCG*LB2.CP-8++3.N.31.10-1.14-7W3	oportebit	Q56011	https://lilamorph.wikibase.cloud/entity/L31767-F109	lemma/115099	Mood#Ind|Number#Sing|Person#3|Tense#Fut|VerbForm#Fin|Voice#Act
005.SCG*LB2.CP-1++8.N.-1.1-1.7-6W35	oportet	Q56013	https://lilamorph.wikibase.cloud/entity/L31767-F4	lemma/115099	Mood#Ind|Number#Sing|Person#3|Tense#Pres|VerbForm#Fin|Voice#Act
005.SCG*LB3.CP15++4.N.-1.10-1.11-5W1	oportet	Q56044	https://lilamorph.wikibase.cloud/entity/L31767-F4	lemma/115099	Mood#Ind|Number#Sing|Person#3|Tense#Pres|VerbForm#Fin|Voice#Act
005.SCG*LB3.CP-9++5.N.16.8-2.11-1W13	arbitrabantur	Q3737	https://lilamorph.wikibase.cloud/entity/L27190-F99	lemma/89779	Aspect#Imp|Mood#Ind|Number#Plur|Person#3|Tense#Imp|VerbForm#Fin|Voice#Pass
005.SCG*LB3.CP15++0.N.-4.10-2.14-3W17	oportet	Q56082	https://lilamorph.wikibase.cloud/entity/L31767-F4	lemma/115099	Mood#Ind|Number#Sing|Person#3|Tense#Pres|VerbForm#Fin|Voice#Act
005.SCG*LB3.CP14++2.N.-5.7-1.9-3W1	oportet	Q56104	https://lilamorph.wikibase.cloud/entity/L31767-F4	lemma/115099	Mood#Ind|Number#Sing|Person#3|Tense#Pres|VerbForm#Fin|Voice#Act
005.SCG*LB3.CP14++2.N.-3.8-5.9-7W1	oportet	Q56125	https://lilamorph.wikibase.cloud/entity/L31767-F4	lemma/115099	Mood#Ind|Number#Sing|Person#3|Tense#Pres|VerbForm#Fin|Voice#Act
005.SCG*LB2.CP-1++2.N.-2.12-7.14-2W1	oporteret	Q56143	https://lilamorph.wikibase.cloud/entity/L31767-F89	lemma/115099	Aspect#Imp|Mood#Sub|Number#Sing|Person#3|Tense#Imp|VerbForm#Fin|Voice#Act
005.SCG*LB1.CP-6++7.N.-9.17-6.21-3W10	loquimur	Q56167	https://lilamorph.wikibase.cloud/entity/L31185-F70	lemma/110806	Mood#Ind|Number#Plur|Person#1|Tense#Pres|VerbForm#Fin|Voice#Pass
005.SCG*LB4.CP-1++3.N.-5.34-4.37-1W3	oportet	Q56201	https://lilamorph.wikibase.cloud/entity/L31767-F4	lemma/115099	Aspect#Imp|Mood#Ind|Number#Sing|Person#3|Tense#Pres|VerbForm#Fin|Voice#Act
005.SCG*LB1.CP-4++4.N.-2.33-3.36-1W1	oportet	Q56229	https://lilamorph.wikibase.cloud/entity/L31767-F4	lemma/115099	Mood#Ind|Number#Sing|Person#3|Tense#Pres|VerbForm#Fin|Voice#Act
005.SCG*LB1.CP-2++7.N.-6.8-3.10-5W12	largiatur	Q56274	https://lilamorph.wikibase.cloud/entity/L31096-F75	lemma/109941	Mood#Sub|Number#Sing|Person#3|Tense#Pres|VerbForm#Fin|Voice#Pass
005.SCG*LB1.CP--++4.N.-3.12-3.17-4W1	oportet	Q56318	https://lilamorph.wikibase.cloud/entity/L31767-F4	lemma/115099	Mood#Ind|Number#Sing|Person#3|Tense#Pres|VerbForm#Fin|Voice#Act
005.SCG*LB4.CP-9++1.N.-3.1-2.2-3W8	demerendi	Q11513	https://lilamorph.wikibase.cloud/entity/L28780-F232	lemma/98535	Aspect#Perf|Case#Gen|Degree#Pos|Number#Sing|VerbForm#Ger|Voice#Pass
005.SCG*LB3.CP15++2.N.-4.1-2.7-2W15	oportet	Q56348	https://lilamorph.wikibase.cloud/entity/L31767-F4	lemma/115099	Mood#Ind|Number#Sing|Person#3|Tense#Pres|VerbForm#Fin|Voice#Act
005.SCG*LB3.CP11++6.N.-4.5-5.7-2W12	operetur	Q56366	https://lilamorph.wikibase.cloud/entity/L31761-F75	lemma/115029	Mood#Sub|Number#Sing|Person#3|Tense#Pres|VerbForm#Fin|Voice#Pass
005.SCG*LB4.CP-9++0.N.-1.1-1.6-4W26	patientur	Q56425	https://lilamorph.wikibase.cloud/entity/L31871-F159	lemma/116223	Aspect#Imp|Mood#Ind|Number#Plur|Person#3|Tense#Fut|VerbForm#Fin|Voice#Pass
005.SCG*LB1.CP-1++6.N.-7.10-4.12-5W2	oportet	Q56505	https://lilamorph.wikibase.cloud/entity/L31767-F4	lemma/115099	Mood#Ind|Number#Sing|Person#3|Tense#Pres|VerbForm#Fin|Voice#Act
005.SCG*LB4.CP-4++1.N.12.11-2.13-2W11	operatur	Q56511	https://lilamorph.wikibase.cloud/entity/L31761-F68	lemma/115029	Aspect#Imp|Mood#Ind|Number#Sing|Person#3|Tense#Pres|VerbForm#Fin|Voice#Pass
005.SCG*LB3.CP-1++7.N.-5.1-2.8-5W39	oportet	Q56539	https://lilamorph.wikibase.cloud/entity/L31767-F4	lemma/115099	Mood#Ind|Number#Sing|Person#3|Tense#Pres|VerbForm#Fin|Voice#Act
005.SCG*LB4.CP-2++4.N.-9.11-1.15-1W18	oportet	Q56573	https://lilamorph.wikibase.cloud/entity/L31767-F4	lemma/115099	Aspect#Imp|Mood#Ind|Number#Sing|Person#3|Tense#Pres|VerbForm#Fin|Voice#Act
005.SCG*LB2.CP-4++8.N.-3.15-5.17-1W1	oportet	Q56576	https://lilamorph.wikibase.cloud/entity/L31767-F4	lemma/115099	Mood#Ind|Number#Sing|Person#3|Tense#Pres|VerbForm#Fin|Voice#Act
005.SCG*LB1.CP-7++9.N.-1.4-2.6-2W3	oportet	Q56584	https://lilamorph.wikibase.cloud/entity/L31767-F4	lemma/115099	Mood#Ind|Number#Sing|Person#3|Tense#Pres|VerbForm#Fin|Voice#Act
005.SCG*LB2.CP-3++2.N.-3.6-5.13-5W28	expergiscitur	Q56636	https://lilamorph.wikibase.cloud/entity/L29778-F68	lemma/102160	Mood#Ind|Number#Sing|Person#3|Tense#Pres|VerbForm#Fin|Voice#Pass
005.SCG*LB1.CP-7++2.N.-4.3-1.4-7W6	oportet	Q56638	https://lilamorph.wikibase.cloud/entity/L31767-F4	lemma/115099	Mood#Ind|Number#Sing|Person#3|Tense#Pres|VerbForm#Fin|Voice#Act
005.SCG*LB4.CP-4++5.N.-5.5-1.12-5W24	sortiantur	Q56653	https://lilamorph.wikibase.cloud/entity/L33654-F78	lemma/125212	Aspect#Imp|Mood#Sub|Number#Plur|Person#3|Tense#Pres|VerbForm#Fin|Voice#Pass
005.SCG*LB3.CP-1++3.N.-4.10-4.12-3W2	oportet	Q56758	https://lilamorph.wikibase.cloud/entity/L31767-F4	lemma/115099	Mood#Ind|Number#Sing|Person#3|Tense#Pres|VerbForm#Fin|Voice#Act
005.SCG*LB2.CP-5++6.N.-6.23-7.24-6W6	patitur	Q56800	https://lilamorph.wikibase.cloud/entity/L31871-F68	lemma/116223	Mood#Ind|Number#Sing|Person#3|Tense#Pres|VerbForm#Fin|Voice#Pass
005.SCG*LB4.CP-9++1.N.-7.2-6.4-7W7	patietur	Q56831	https://lilamorph.wikibase.cloud/entity/L31871-F156	lemma/116223	Aspect#Imp|Mood#Ind|Number#Sing|Person#3|Tense#Fut|VerbForm#Fin|Voice#Pass
005.SCG*LB2.CP--++3.N.-3.4-3.7-4W7	patitur	Q56852	https://lilamorph.wikibase.cloud/entity/L31871-F68	lemma/116223	Mood#Ind|Number#Sing|Person#3|Tense#Pres|VerbForm#Fin|Voice#Pass
005.SCG*LB2.CP-8++3.N.18.12-5.15-1W9	oportet	Q56890	https://lilamorph.wikibase.cloud/entity/L31767-F4	lemma/115099	Mood#Ind|Number#Sing|Person#3|Tense#Pres|VerbForm#Fin|Voice#Act
005.SCG*LB4.CP-4++6.N.-3.5-1.7-4W13	oportet	Q56892	https://lilamorph.wikibase.cloud/entity/L31767-F4	lemma/115099	Aspect#Imp|Mood#Ind|Number#Sing|Person#3|Tense#Pres|VerbForm#Fin|Voice#Act
005.SCG*LB3.CP13++3.N.-1.6-3.7-8W1	oportet	Q56904	https://lilamorph.wikibase.cloud/entity/L31767-F4	lemma/115099	Mood#Ind|Number#Sing|Person#3|Tense#Pres|VerbForm#Fin|Voice#Act
005.SCG*LB4.CP-8++2.N.-4.6-2.7-1W7	moritur	Q56907	https://lilamorph.wikibase.cloud/entity/L31378-F68	lemma/112797	Aspect#Imp|Mood#Ind|Number#Sing|Person#3|Tense#Pres|VerbForm#Fin|Voice#Pass
005.SCG*LB2.CP-7++8.N.-7.6-1.11-4W19	oportet	Q56911	https://lilamorph.wikibase.cloud/entity/L31767-F4	lemma/115099	Mood#Ind|Number#Sing|Person#3|Tense#Pres|VerbForm#Fin|Voice#Act
005.SCG*LB2.CP-1++5.N.-4.1-2.3-6W4	oportet	Q56944	https://lilamorph.wikibase.cloud/entity/L31767-F4	lemma/115099	Mood#Ind|Number#Sing|Person#3|Tense#Pres|VerbForm#Fin|Voice#Act
005.SCG*LB1.CP-5++3.N.-2.1-1.8-1W35	oportet	Q56955	https://lilamorph.wikibase.cloud/entity/L31767-F4	lemma/115099	Mood#Ind|Number#Sing|Person#3|Tense#Pres|VerbForm#Fin|Voice#Act
005.SCG*LB3.CP-1++1.N.-4.4-6.6-2W6	loquendo	Q56995	https://lilamorph.wikibase.cloud/entity/L31185-F207	lemma/110806	Case#Abl|Degree#Pos|Number#Sing|VerbForm#Ger|Voice#Pass
005.SCG*LB3.CP-5++4.N.10.1-1.7-1W25	sortitur	Q57035	https://lilamorph.wikibase.cloud/entity/L33654-F68	lemma/125212	Mood#Ind|Number#Sing|Person#3|Tense#Pres|VerbForm#Fin|Voice#Pass
005.SCG*LB3.CP-8++5.N.11.3-1.9-8W50	operanda	Q57062	https://lilamorph.wikibase.cloud/entity/L31761-F288	lemma/115029	Case#Acc|Degree#Pos|Gender#Neut|Number#Plur|VerbForm#Gdv|Voice#Pass
005.SCG*LB4.CP-3++4.N.14.27-3.32-1W34	mortuus	Q57064	https://lilamorph.wikibase.cloud/entity/L31378-F163	lemma/112797	Aspect#Perf|Case#Nom|Degree#Pos|Gender#Masc|Number#Sing|Tense#Past|VerbForm#Part|Voice#Pass
005.SCG*LB4.CP-2++3.N.-3.14-6.18-6W32	operatur	Q57073	https://lilamorph.wikibase.cloud/entity/L31761-F68	lemma/115029	Aspect#Imp|Mood#Ind|Number#Sing|Person#3|Tense#Pres|VerbForm#Fin|Voice#Pass
005.SCG*LB4.CP-1++1.N.13.7-8.14-4W1	oportet	Q57092	https://lilamorph.wikibase.cloud/entity/L31767-F4	lemma/115099	Aspect#Imp|Mood#Ind|Number#Sing|Person#3|Tense#Pres|VerbForm#Fin|Voice#Act
005.SCG*LB4.CP-5++3.N.25.7-1.12-3W31	mortuus	Q57145	https://lilamorph.wikibase.cloud/entity/L31378-F163	lemma/112797	Aspect#Perf|Case#Nom|Degree#Pos|Gender#Masc|Number#Sing|Tense#Past|VerbForm#Part|Voice#Pass
005.SCG*LB3.CP10++0.N.-2.1-1.5-6W17	oportet	Q57151	https://lilamorph.wikibase.cloud/entity/L31767-F4	lemma/115099	Mood#Ind|Number#Sing|Person#3|Tense#Pres|VerbForm#Fin|Voice#Act
005.SCG*LB2.CP-7++2.N.-3.7-4.10-2W16	sortitur	Q57172	https://lilamorph.wikibase.cloud/entity/L33654-F68	lemma/125212	Mood#Ind|Number#Sing|Person#3|Tense#Pres|VerbForm#Fin|Voice#Pass
005.SCG*LB4.CP-1++7.N.11.4-1.6-2W17	loquar	Q57185	https://lilamorph.wikibase.cloud/entity/L31185-F155	lemma/110806	Aspect#Imp|Mood#Ind|Number#Sing|Person#1|Tense#Fut|VerbForm#Fin|Voice#Pass
005.SCG*LB2.CP-9++6.N.-3.1-2.2-3W3	oportet	Q57220	https://lilamorph.wikibase.cloud/entity/L31767-F4	lemma/115099	Mood#Ind|Number#Sing|Person#3|Tense#Pres|VerbForm#Fin|Voice#Act
005.SCG*LB4.CP--++8.N.-8.16-1.18-3W10	passus	Q57351	https://lilamorph.wikibase.cloud/entity/L31871-F163	lemma/116223	Aspect#Perf|Case#Nom|Degree#Pos|Gender#Masc|Number#Sing|Tense#Past|VerbForm#Part|Voice#Pass
005.SCG*LB4.CP-3++8.N.-8.1-2.4-2W9	oportet	Q57361	https://lilamorph.wikibase.cloud/entity/L31767-F4	lemma/115099	Aspect#Imp|Mood#Ind|Number#Sing|Person#3|Tense#Pres|VerbForm#Fin|Voice#Act
005.SCG*LB1.CP-9++2.N.-1.1-1.3-1W11	oportet	Q57363	https://lilamorph.wikibase.cloud/entity/L31767-F4	lemma/115099	Mood#Ind|Number#Sing|Person#3|Tense#Pres|VerbForm#Fin|Voice#Act
005.SCG*LB4.CP--++4.N.-1.1-1.5-2W10	metiri	Q57364	https://lilamorph.wikibase.cloud/entity/L31320-F64	lemma/112233	Aspect#Imp|Tense#Pres|VerbForm#Inf|Voice#Pass
005.SCG*LB3.CP-7++4.N.-6.8-1.10-1W1	oportet	Q57366	https://lilamorph.wikibase.cloud/entity/L31767-F4	lemma/115099	Mood#Ind|Number#Sing|Person#3|Tense#Pres|VerbForm#Fin|Voice#Act
005.SCG*LB2.CP-9++0.N.-8.12-4.15-4W11	oporteat	Q57368	https://lilamorph.wikibase.cloud/entity/L31767-F10	lemma/115099	Mood#Sub|Number#Sing|Person#3|Tense#Pres|VerbForm#Fin|Voice#Act
005.SCG*LB4.CP-9++0.N.-3.1-1.6-6W19	patientur	Q57418	https://lilamorph.wikibase.cloud/entity/L31871-F159	lemma/116223	Aspect#Imp|Mood#Ind|Number#Plur|Person#3|Tense#Fut|VerbForm#Fin|Voice#Pass
005.SCG*LB3.CP15++0.N.-3.19-4.21-5W17	operatur	Q57434	https://lilamorph.wikibase.cloud/entity/L31761-F68	lemma/115029	Mood#Ind|Number#Sing|Person#3|Tense#Pres|VerbForm#Fin|Voice#Pass
005.SCG*LB2.CP-9++0.N.-4.20-1.25-1W26	oportebit	Q57498	https://lilamorph.wikibase.cloud/entity/L31767-F109	lemma/115099	Mood#Ind|Number#Sing|Person#3|Tense#Fut|VerbForm#Fin|Voice#Act
005.SCG*LB1.CP-1++3.N.20.1-1.3-1W4	oportet	Q57602	https://lilamorph.wikibase.cloud/entity/L31767-F4	lemma/115099	Mood#Ind|Number#Sing|Person#3|Tense#Pres|VerbForm#Fin|Voice#Act
005.SCG*LB2.CP-4++1.N.10.4-1.5-3W1	oportet	Q57610	https://lilamorph.wikibase.cloud/entity/L31767-F4	lemma/115099	Mood#Ind|Number#Sing|Person#3|Tense#Pres|VerbForm#Fin|Voice#Act
005.SCG*LB3.CP-9++1.N.-3.2-3.5-4W2	oportet	Q57640	https://lilamorph.wikibase.cloud/entity/L31767-F4	lemma/115099	Mood#Ind|Number#Sing|Person#3|Tense#Pres|VerbForm#Fin|Voice#Act
005.SCG*LB2.CP-1++7.N.-5.1-2.5-1W1	oportet	Q57705	https://lilamorph.wikibase.cloud/entity/L31767-F4	lemma/115099	Mood#Ind|Number#Sing|Person#3|Tense#Pres|VerbForm#Fin|Voice#Act
005.SCG*LB3.CP-7++1.N.-2.1-1.4-1W7	operatur	Q57706	https://lilamorph.wikibase.cloud/entity/L31761-F68	lemma/115029	Mood#Ind|Number#Sing|Person#3|Tense#Pres|VerbForm#Fin|Voice#Pass
005.SCG*LB4.CP-1++7.N.11.7-6.9-3W6	locutum	Q57746	https://lilamorph.wikibase.cloud/entity/L31185-F183	lemma/110806	Aspect#Perf|Case#Acc|Degree#Pos|Gender#Masc|Number#Sing|Tense#Past|VerbForm#Part|Voice#Pass
005.SCG*LB3.CP-1++3.N.-3.9-6.10-6W1	oportet	Q57764	https://lilamorph.wikibase.cloud/entity/L31767-F4	lemma/115099	Mood#Ind|Number#Sing|Person#3|Tense#Pres|VerbForm#Fin|Voice#Act
005.SCG*LB4.CP-3++4.N.25.22-1.24-1W14	arbitratus	Q3741	https://lilamorph.wikibase.cloud/entity/L27190-F189	lemma/89779	Aspect#Perf|Case#Nom|Degree#Pos|Gender#Masc|Number#Sing|Tense#Past|VerbForm#Part|Voice#Pass
005.SCG*LB4.CP-5++6.N.-3.4-3.6-8W7	opinantur	Q57794	https://lilamorph.wikibase.cloud/entity/L31764-F71	lemma/115071	Aspect#Imp|Mood#Ind|Number#Plur|Person#3|Tense#Pres|VerbForm#Fin|Voice#Pass
005.SCG*LB4.CP-4++3.N.-2.20-1.22-5W3	oportuisset	Q57835	https://lilamorph.wikibase.cloud/entity/L31767-F131	lemma/115099	Aspect#Perf|Mood#Sub|Number#Sing|Person#3|Tense#Pqp|VerbForm#Fin|Voice#Act
005.SCG*LB1.CP-4++4.N.-2.9-5.11-4W8	oportet	Q57837	https://lilamorph.wikibase.cloud/entity/L31767-F4	lemma/115099	Mood#Ind|Number#Sing|Person#3|Tense#Pres|VerbForm#Fin|Voice#Act
005.SCG*LB2.CP-3++4.N.-2.15-5.16-6W7	oportet	Q57872	https://lilamorph.wikibase.cloud/entity/L31767-F4	lemma/115099	Mood#Ind|Number#Sing|Person#3|Tense#Pres|VerbForm#Fin|Voice#Act
005.SCG*LB4.CP--++5.N.10.3-2.4-3W10	loquitur	Q57881	https://lilamorph.wikibase.cloud/entity/L31185-F69	lemma/110806	Aspect#Imp|Mood#Ind|Number#Sing|Person#3|Tense#Pres|VerbForm#Fin|Voice#Pass
005.SCG*LB2.CP-4++8.N.-5.6-1.9-5W14	oportet	Q57899	https://lilamorph.wikibase.cloud/entity/L31767-F4	lemma/115099	Mood#Ind|Number#Sing|Person#3|Tense#Pres|VerbForm#Fin|Voice#Act
005.SCG*LB3.CP10++4.N.10.7-2.10-4W9	sortiuntur	Q57912	https://lilamorph.wikibase.cloud/entity/L33654-F71	lemma/125212	Mood#Ind|Number#Plur|Person#3|Tense#Pres|VerbForm#Fin|Voice#Pass
005.SCG*LB4.CP-8++3.N.19.14-3.16-4W3	locuta	Q57913	https://lilamorph.wikibase.cloud/entity/L31185-F166	lemma/110806	Aspect#Perf|Case#Nom|Degree#Pos|Gender#Fem|Number#Sing|Tense#Past|VerbForm#Part|Voice#Pass
005.SCG*LB1.CP-2++5.N.-6.5-3.10-3W26	oportet	Q57951	https://lilamorph.wikibase.cloud/entity/L31767-F4	lemma/115099	Mood#Ind|Number#Sing|Person#3|Tense#Pres|VerbForm#Fin|Voice#Act
005.SCG*LB3.CP14++8.N.-3.1-2.6-2W29	operatur	Q57965	https://lilamorph.wikibase.cloud/entity/L31761-F68	lemma/115029	Mood#Ind|Number#Sing|Person#3|Tense#Pres|VerbForm#Fin|Voice#Pass
005.SCG*LB2.CP-7++9.N.-2.5-2.6-3W1	oportet	Q57966	https://lilamorph.wikibase.cloud/entity/L31767-F4	lemma/115099	Mood#Ind|Number#Sing|Person#3|Tense#Pres|VerbForm#Fin|Voice#Act
005.SCG*LB3.CP14++9.N.-6.4-4.10-3W25	operandum	Q57972	https://lilamorph.wikibase.cloud/entity/L31761-F263	lemma/115029	Case#Acc|Degree#Pos|Number#Sing|VerbForm#Ger|Voice#Pass
005.SCG*LB2.CP-4++8.N.-6.15-1.20-1W17	oporteat	Q57980	https://lilamorph.wikibase.cloud/entity/L31767-F10	lemma/115099	Mood#Sub|Number#Sing|Person#3|Tense#Pres|VerbForm#Fin|Voice#Act
005.SCG*LB3.CP--++4.N.-3.6-1.8-2W17	patitur	Q58020	https://lilamorph.wikibase.cloud/entity/L31871-F68	lemma/116223	Mood#Ind|Number#Sing|Person#3|Tense#Pres|VerbForm#Fin|Voice#Pass
005.SCG*LB3.CP12++3.N.-7.6-2.9-5W18	oportet	Q58027	https://lilamorph.wikibase.cloud/entity/L31767-F4	lemma/115099	Mood#Ind|Number#Sing|Person#3|Tense#Pres|VerbForm#Fin|Voice#Act
005.SCG*LB1.CP-1++4.N.-1.1-1.3-3W13	oportet	Q58028	https://lilamorph.wikibase.cloud/entity/L31767-F4	lemma/115099	Mood#Ind|Number#Sing|Person#3|Tense#Pres|VerbForm#Fin|Voice#Act
005.SCG*LB3.CP-5++2.N.-2.7-3.8-5W1	operari	Q58039	https://lilamorph.wikibase.cloud/entity/L31761-F64	lemma/115029	Tense#Pres|VerbForm#Inf|Voice#Pass
005.SCG*LB3.CP-8++9.N.-7.1-2.3-5W12	operatur	Q58059	https://lilamorph.wikibase.cloud/entity/L31761-F68	lemma/115029	Mood#Ind|Number#Sing|Person#3|Tense#Pres|VerbForm#Fin|Voice#Pass
005.SCG*LB4.CP--++8.N.-8.8-5.12-4W2	oportebat	Q58074	https://lilamorph.wikibase.cloud/entity/L31767-F83	lemma/115099	Aspect#Imp|Mood#Ind|Number#Sing|Person#3|Tense#Imp|VerbForm#Fin|Voice#Act
005.SCG*LB2.CP-5++3.N.-3.1-2.2-4W7	oportet	Q58089	https://lilamorph.wikibase.cloud/entity/L31767-F4	lemma/115099	Mood#Ind|Number#Sing|Person#3|Tense#Pres|VerbForm#Fin|Voice#Act
005.SCG*LB3.CP15++0.N.-2.6-1.7-7W15	operetur	Q58095	https://lilamorph.wikibase.cloud/entity/L31761-F75	lemma/115029	Mood#Sub|Number#Sing|Person#3|Tense#Pres|VerbForm#Fin|Voice#Pass
005.SCG*LB3.CP-4++2.N.-6.3-5.5-5W9	loquendo	Q58109	https://lilamorph.wikibase.cloud/entity/L31185-F207	lemma/110806	Case#Abl|Degree#Pos|Number#Sing|VerbForm#Ger|Voice#Pass
005.SCG*LB3.CP11++1.N.-1.27-4.30-2W3	operatur	Q58111	https://lilamorph.wikibase.cloud/entity/L31761-F68	lemma/115029	Mood#Ind|Number#Sing|Person#3|Tense#Pres|VerbForm#Fin|Voice#Pass
005.SCG*LB1.CP-3++3.N.-7.1-1.7-4W36	oportebit	Q58123	https://lilamorph.wikibase.cloud/entity/L31767-F109	lemma/115099	Mood#Ind|Number#Sing|Person#3|Tense#Fut|VerbForm#Fin|Voice#Act
005.SCG*LB1.CP-7++2.N.-2.2-5.5-4W10	oportet	Q58127	https://lilamorph.wikibase.cloud/entity/L31767-F4	lemma/115099	Mood#Ind|Number#Sing|Person#3|Tense#Pres|VerbForm#Fin|Voice#Act
005.SCG*LB2.CP-1++6.N.-3.8-2.10-4W11	operetur	Q58130	https://lilamorph.wikibase.cloud/entity/L31761-F75	lemma/115029	Mood#Sub|Number#Sing|Person#3|Tense#Pres|VerbForm#Fin|Voice#Pass
005.SCG*LB2.CP-8++0.N.-3.2-4.4-5W11	oportet	Q58133	https://lilamorph.wikibase.cloud/entity/L31767-F4	lemma/115099	Mood#Ind|Number#Sing|Person#3|Tense#Pres|VerbForm#Fin|Voice#Act
005.SCG*LB3.CP-1++2.N.-2.1-1.2-5W3	oportet	Q58139	https://lilamorph.wikibase.cloud/entity/L31767-F4	lemma/115099	Mood#Ind|Number#Sing|Person#3|Tense#Pres|VerbForm#Fin|Voice#Act
005.SCG*LB2.CP-3++0.N.-4.1-2.3-8W12	oportet	Q58140	https://lilamorph.wikibase.cloud/entity/L31767-F4	lemma/115099	Mood#Ind|Number#Sing|Person#3|Tense#Pres|VerbForm#Fin|Voice#Act
005.SCG*LB3.CP-1++2.N.-7.19-2.22-1W10	comitatur	Q6548	https://lilamorph.wikibase.cloud/entity/L27926-F68	lemma/95052	Mood#Ind|Number#Sing|Person#3|Tense#Pres|VerbForm#Fin|Voice#Pass
005.SCG*LB4.CP-8++3.N.-6.17-2.21-3W25	moriuntur	Q58194	https://lilamorph.wikibase.cloud/entity/L31378-F71	lemma/112797	Aspect#Imp|Mood#Ind|Number#Plur|Person#3|Tense#Pres|VerbForm#Fin|Voice#Pass
005.SCG*LB4.CP-5++5.N.20.4-1.7-6W24	operatur	Q58214	https://lilamorph.wikibase.cloud/entity/L31761-F68	lemma/115029	Aspect#Imp|Mood#Ind|Number#Sing|Person#3|Tense#Pres|VerbForm#Fin|Voice#Pass
005.SCG*LB1.CP-4++5.N.-5.2-1.4-6W10	oportet	Q58215	https://lilamorph.wikibase.cloud/entity/L31767-F4	lemma/115099	Mood#Ind|Number#Sing|Person#3|Tense#Pres|VerbForm#Fin|Voice#Act
005.SCG*LB4.CP-2++4.N.-3.5-4.7-2W1	oportet	Q58235	https://lilamorph.wikibase.cloud/entity/L31767-F4	lemma/115099	Aspect#Imp|Mood#Ind|Number#Sing|Person#3|Tense#Pres|VerbForm#Fin|Voice#Act
005.SCG*LB1.CP-3++1.N.-4.2-4.7-3W15	oportet	Q58271	https://lilamorph.wikibase.cloud/entity/L31767-F4	lemma/115099	Mood#Ind|Number#Sing|Person#3|Tense#Pres|VerbForm#Fin|Voice#Act
005.SCG*LB3.CP-1++0.N.-5.12-1.13-5W8	oportet	Q58301	https://lilamorph.wikibase.cloud/entity/L31767-F4	lemma/115099	Mood#Ind|Number#Sing|Person#3|Tense#Pres|VerbForm#Fin|Voice#Act
005.SCG*LB2.CP-9++5.N.-2.1-1.3-1W3	oportet	Q58303	https://lilamorph.wikibase.cloud/entity/L31767-F4	lemma/115099	Mood#Ind|Number#Sing|Person#3|Tense#Pres|VerbForm#Fin|Voice#Act
005.SCG*LB1.CP-1++1.N.-2.1-1.3-7W2	oportet	Q58336	https://lilamorph.wikibase.cloud/entity/L31767-F4	lemma/115099	Mood#Ind|Number#Sing|Person#3|Tense#Pres|VerbForm#Fin|Voice#Act
005.SCG*LB3.CP-9++9.N.-7.6-1.11-6W6	imaginatur	Q58359	https://lilamorph.wikibase.cloud/entity/L30338-F68	lemma/106317	Mood#Ind|Number#Sing|Person#3|Tense#Pres|VerbForm#Fin|Voice#Pass
005.SCG*LB3.CP-9++8.N.-6.19-6.21-4W8	mentiatur	Q58380	https://lilamorph.wikibase.cloud/entity/L31306-F75	lemma/112073	Mood#Sub|Number#Sing|Person#3|Tense#Pres|VerbForm#Fin|Voice#Pass
005.SCG*LB3.CP-9++4.N.-9.1-1.7-2W8	oporteat	Q58423	https://lilamorph.wikibase.cloud/entity/L31767-F10	lemma/115099	Mood#Sub|Number#Sing|Person#3|Tense#Pres|VerbForm#Fin|Voice#Act
005.SCG*LB3.CP-8++4.N.-4.4-9.7-5W1	oportet	Q58439	https://lilamorph.wikibase.cloud/entity/L31767-F4	lemma/115099	Mood#Ind|Number#Sing|Person#3|Tense#Pres|VerbForm#Fin|Voice#Act
005.SCG*LB4.CP-5++5.N.-7.4-1.9-4W23	oporteat	Q58464	https://lilamorph.wikibase.cloud/entity/L31767-F10	lemma/115099	Aspect#Imp|Mood#Sub|Number#Sing|Person#3|Tense#Pres|VerbForm#Fin|Voice#Act
005.SCG*LB3.CP10++2.N.-4.7-7.9-7W7	operatur	Q58500	https://lilamorph.wikibase.cloud/entity/L31761-F68	lemma/115029	Mood#Ind|Number#Sing|Person#3|Tense#Pres|VerbForm#Fin|Voice#Pass
005.SCG*LB1.CP-5++5.N.-6.1-2.7-1W19	oportebit	Q58504	https://lilamorph.wikibase.cloud/entity/L31767-F109	lemma/115099	Mood#Ind|Number#Sing|Person#3|Tense#Fut|VerbForm#Fin|Voice#Act
005.SCG*LB2.CP-3++0.N.-6.8-3.12-1W18	oportet	Q58522	https://lilamorph.wikibase.cloud/entity/L31767-F4	lemma/115099	Mood#Ind|Number#Sing|Person#3|Tense#Pres|VerbForm#Fin|Voice#Act
005.SCG*LB1.CP-1++3.N.28.12-6.14-4W1	oportet	Q58599	https://lilamorph.wikibase.cloud/entity/L31767-F4	lemma/115099	Mood#Ind|Number#Sing|Person#3|Tense#Pres|VerbForm#Fin|Voice#Act
005.SCG*LB3.CP-9++7.N.-7.8-4.11-7W9	oportet	Q58648	https://lilamorph.wikibase.cloud/entity/L31767-F4	lemma/115099	Mood#Ind|Number#Sing|Person#3|Tense#Pres|VerbForm#Fin|Voice#Act
005.SCG*LB3.CP13++5.N.11.24-1.25-7W15	operari	Q58725	https://lilamorph.wikibase.cloud/entity/L31761-F64	lemma/115029	Tense#Pres|VerbForm#Inf|Voice#Pass
005.SCG*LB4.CP-9++1.N.-9.15-3.21-6W11	locutus	Q58754	https://lilamorph.wikibase.cloud/entity/L31185-F165	lemma/110806	Aspect#Perf|Case#Nom|Degree#Pos|Gender#Masc|Number#Sing|Tense#Past|VerbForm#Part|Voice#Pass
005.SCG*LB4.CP-3++4.N.11.10-1.12-1W13	passus	Q58774	https://lilamorph.wikibase.cloud/entity/L31871-F163	lemma/116223	Aspect#Perf|Case#Nom|Degree#Pos|Gender#Masc|Number#Sing|Tense#Past|VerbForm#Part|Voice#Pass
005.SCG*LB4.CP--++1.N.-5.7-4.10-4W1	oportet	Q58792	https://lilamorph.wikibase.cloud/entity/L31767-F4	lemma/115099	Aspect#Imp|Mood#Ind|Number#Sing|Person#3|Tense#Pres|VerbForm#Fin|Voice#Act
005.SCG*LB4.CP-3++4.N.25.6-1.8-6W6	loquendi	Q58794	https://lilamorph.wikibase.cloud/entity/L31185-F201	lemma/110806	Aspect#Perf|Case#Gen|Degree#Pos|Number#Sing|VerbForm#Ger|Voice#Pass
005.SCG*LB4.CP-5++3.N.24.1-2.4-2W14	oportuisset	Q58876	https://lilamorph.wikibase.cloud/entity/L31767-F131	lemma/115099	Aspect#Perf|Mood#Sub|Number#Sing|Person#3|Tense#Pqp|VerbForm#Fin|Voice#Act
005.SCG*LB4.CP-1++0.N.13.1-2.5-1W10	oportet	Q58899	https://lilamorph.wikibase.cloud/entity/L31767-F4	lemma/115099	Aspect#Imp|Mood#Ind|Number#Sing|Person#3|Tense#Pres|VerbForm#Fin|Voice#Act
005.SCG*LB4.CP-1++9.N.-2.13-2.16-1W3	oportet	Q58921	https://lilamorph.wikibase.cloud/entity/L31767-F4	lemma/115099	Aspect#Imp|Mood#Ind|Number#Sing|Person#3|Tense#Pres|VerbForm#Fin|Voice#Act
005.SCG*LB2.CP-6++0.N.21.4-4.6-1W2	oportet	Q58929	https://lilamorph.wikibase.cloud/entity/L31767-F4	lemma/115099	Mood#Ind|Number#Sing|Person#3|Tense#Pres|VerbForm#Fin|Voice#Act
005.SCG*LB3.CP-1++0.N.14.14-1.16-6W1	oportet	Q58936	https://lilamorph.wikibase.cloud/entity/L31767-F4	lemma/115099	Mood#Ind|Number#Sing|Person#3|Tense#Pres|VerbForm#Fin|Voice#Act
005.SCG*LB1.CP-2++0.N.11.10-2.12-2W2	oportet	Q58965	https://lilamorph.wikibase.cloud/entity/L31767-F4	lemma/115099	Mood#Ind|Number#Sing|Person#3|Tense#Pres|VerbForm#Fin|Voice#Act
005.SCG*LB1.CP-2++1.N.-2.9-3.10-1W3	oportet	Q58977	https://lilamorph.wikibase.cloud/entity/L31767-F4	lemma/115099	Mood#Ind|Number#Sing|Person#3|Tense#Pres|VerbForm#Fin|Voice#Act
005.SCG*LB2.CP-2++3.N.-7.7-6.9-4W1	oportet	Q58996	https://lilamorph.wikibase.cloud/entity/L31767-F4	lemma/115099	Mood#Ind|Number#Sing|Person#3|Tense#Pres|VerbForm#Fin|Voice#Act
005.SCG*LB4.CP-6++3.N.-6.13-1.15-1W11	perscrutandum	Q59048	https://lilamorph.wikibase.cloud/entity/L32136-F267	lemma/117286	Aspect#Perf|Case#Nom|Degree#Pos|Gender#Neut|Number#Sing|VerbForm#Gdv|Voice#Pass
005.SCG*LB3.CP10++1.N.-1.5-3.9-6W30	mirantur	Q59069	https://lilamorph.wikibase.cloud/entity/L31343-F71	lemma/112443	Mood#Ind|Number#Plur|Person#3|Tense#Pres|VerbForm#Fin|Voice#Pass
005.SCG*LB3.CP-4++8.N.11.16-2.17-2W1	oportet	Q59073	https://lilamorph.wikibase.cloud/entity/L31767-F4	lemma/115099	Mood#Ind|Number#Sing|Person#3|Tense#Pres|VerbForm#Fin|Voice#Act
005.SCG*LB1.CP-5++7.N.-3.3-1.6-2W3	oporteret	Q59076	https://lilamorph.wikibase.cloud/entity/L31767-F89	lemma/115099	Aspect#Imp|Mood#Sub|Number#Sing|Person#3|Tense#Imp|VerbForm#Fin|Voice#Act
005.SCG*LB3.CP-4++3.N.-5.6-6.9-2W3	oportebit	Q59131	https://lilamorph.wikibase.cloud/entity/L31767-F109	lemma/115099	Mood#Ind|Number#Sing|Person#3|Tense#Fut|VerbForm#Fin|Voice#Act
005.SCG*LB2.CP-5++6.N.-6.29-1.32-7W11	oportet	Q59134	https://lilamorph.wikibase.cloud/entity/L31767-F4	lemma/115099	Mood#Ind|Number#Sing|Person#3|Tense#Pres|VerbForm#Fin|Voice#Act
005.SCG*LB2.CP-4++2.N.-3.4-1.5-1W1	oportet	Q59145	https://lilamorph.wikibase.cloud/entity/L31767-F4	lemma/115099	Mood#Ind|Number#Sing|Person#3|Tense#Pres|VerbForm#Fin|Voice#Act
005.SCG*LB4.CP-1++7.N.18.10-1.11-6W6	loquitur	Q59158	https://lilamorph.wikibase.cloud/entity/L31185-F69	lemma/110806	Aspect#Imp|Mood#Ind|Number#Sing|Person#3|Tense#Pres|VerbForm#Fin|Voice#Pass
005.SCG*LB1.CP-7++8.N.-3.4-4.7-2W15	sortitur	Q59160	https://lilamorph.wikibase.cloud/entity/L33654-F68	lemma/125212	Mood#Ind|Number#Sing|Person#3|Tense#Pres|VerbForm#Fin|Voice#Pass
005.SCG*LB3.CP-5++1.N.-2.5-4.9-4W2	oportet	Q59210	https://lilamorph.wikibase.cloud/entity/L31767-F4	lemma/115099	Mood#Ind|Number#Sing|Person#3|Tense#Pres|VerbForm#Fin|Voice#Act
005.SCG*LB4.CP-5++0.N.-7.6-2.7-2W1	oportet	Q59267	https://lilamorph.wikibase.cloud/entity/L31767-F4	lemma/115099	Aspect#Imp|Mood#Ind|Number#Sing|Person#3|Tense#Pres|VerbForm#Fin|Voice#Act
005.SCG*LB3.CP13++2.N.26.5-1.10-3W32	oportet	Q59329	https://lilamorph.wikibase.cloud/entity/L31767-F4	lemma/115099	Mood#Ind|Number#Sing|Person#3|Tense#Pres|VerbForm#Fin|Voice#Act
005.SCG*LB3.CP13++9.N.11.5-6.7-4W12	oportet	Q59339	https://lilamorph.wikibase.cloud/entity/L31767-F4	lemma/115099	Mood#Ind|Number#Sing|Person#3|Tense#Pres|VerbForm#Fin|Voice#Act
005.SCG*LB2.CP-7++4.N.-2.35-1.45-1W23	oportet	Q59375	https://lilamorph.wikibase.cloud/entity/L31767-F4	lemma/115099	Mood#Ind|Number#Sing|Person#3|Tense#Pres|VerbForm#Fin|Voice#Act
005.SCG*LB2.CP-5++6.N.-7.15-7.16-6W1	oportet	Q59379	https://lilamorph.wikibase.cloud/entity/L31767-F4	lemma/115099	Mood#Ind|Number#Sing|Person#3|Tense#Pres|VerbForm#Fin|Voice#Act
005.SCG*LB4.CP-4++4.N.-4.9-3.11-1W6	oportuit	Q59401	https://lilamorph.wikibase.cloud/entity/L31767-F128	lemma/115099	Aspect#Perf|Mood#Ind|Number#Sing|Person#3|Tense#Past|VerbForm#Fin|Voice#Act
005.SCG*LB4.CP-2++6.N.-2.9-2.10-1W2	oportet	Q59443	https://lilamorph.wikibase.cloud/entity/L31767-F4	lemma/115099	Aspect#Imp|Mood#Ind|Number#Sing|Person#3|Tense#Pres|VerbForm#Fin|Voice#Act
005.SCG*LB3.CP-8++2.N.-5.1-2.2-4W1	oportet	Q59481	https://lilamorph.wikibase.cloud/entity/L31767-F4	lemma/115099	Mood#Ind|Number#Sing|Person#3|Tense#Pres|VerbForm#Fin|Voice#Act
005.SCG*LB1.CP-1++3.N.-5.6-1.6-6W1	oportet	Q59482	https://lilamorph.wikibase.cloud/entity/L31767-F4	lemma/115099	Mood#Ind|Number#Sing|Person#3|Tense#Pres|VerbForm#Fin|Voice#Act
005.SCG*LB3.CP-2++0.N.--.1-1.2-2W3	imitentur	Q59494	https://lilamorph.wikibase.cloud/entity/L30349-F140	lemma/106366	Mood#Sub|Number#Plur|Person#3|Tense#Pres|VerbForm#Fin|Voice#Pass
005.SCG*LB3.CP-8++8.N.-7.4-1.5-4W4	operatur	Q59521	https://lilamorph.wikibase.cloud/entity/L31761-F68	lemma/115029	Mood#Ind|Number#Sing|Person#3|Tense#Pres|VerbForm#Fin|Voice#Pass
005.SCG*LB4.CP--++8.N.-7.14-6.17-5W10	patiendi	Q59567	https://lilamorph.wikibase.cloud/entity/L31871-F199	lemma/116223	Aspect#Perf|Case#Gen|Degree#Pos|Number#Sing|VerbForm#Ger|Voice#Pass
005.SCG*LB4.CP-4++1.N.12.4-5.7-2W6	operari	Q59583	https://lilamorph.wikibase.cloud/entity/L31761-F64	lemma/115029	Aspect#Imp|Tense#Pres|VerbForm#Inf|Voice#Pass
005.SCG*LB1.CP--++2.N.-2.6-4.10-2W27	loquatur	Q59615	https://lilamorph.wikibase.cloud/entity/L31185-F77	lemma/110806	Mood#Sub|Number#Sing|Person#3|Tense#Pres|VerbForm#Fin|Voice#Pass
005.SCG*LB2.CP-7++3.N.29.6-5.10-7W14	operatur	Q59616	https://lilamorph.wikibase.cloud/entity/L31761-F68	lemma/115029	Mood#Ind|Number#Sing|Person#3|Tense#Pres|VerbForm#Fin|Voice#Pass
005.SCG*LB3.CP-8++4.N.-2.4-3.6-2W11	passum	Q59670	https://lilamorph.wikibase.cloud/entity/L31871-F183	lemma/116223	Aspect#Perf|Case#Acc|Degree#Pos|Gender#Neut|Number#Sing|Tense#Past|VerbForm#Part|Voice#Pass
005.SCG*LB3.CP12++5.N.-4.6-3.11-2W15	commorandi	Q6613	https://lilamorph.wikibase.cloud/entity/L27975-F261	lemma/95198	Case#Gen|Degree#Pos|Number#Sing|VerbForm#Ger|Voice#Pass
005.SCG*LB1.CP-7++1.N.13.8-5.11-6W2	oportet	Q59751	https://lilamorph.wikibase.cloud/entity/L31767-F4	lemma/115099	Mood#Ind|Number#Sing|Person#3|Tense#Pres|VerbForm#Fin|Voice#Act
005.SCG*LB4.CP-2++4.N.12.6-3.9-5W4	oportebit	Q59756	https://lilamorph.wikibase.cloud/entity/L31767-F109	lemma/115099	Aspect#Imp|Mood#Ind|Number#Sing|Person#3|Tense#Fut|VerbForm#Fin|Voice#Act
005.SCG*LB4.CP--++7.N.-8.7-5.9-1W9	oportet	Q59758	https://lilamorph.wikibase.cloud/entity/L31767-F4	lemma/115099	Aspect#Imp|Mood#Ind|Number#Sing|Person#3|Tense#Pres|VerbForm#Fin|Voice#Act
005.SCG*LB4.CP-4++3.N.-4.15-2.17-2W1	oportuit	Q59761	https://lilamorph.wikibase.cloud/entity/L31767-F128	lemma/115099	Aspect#Perf|Mood#Ind|Number#Sing|Person#3|Tense#Past|VerbForm#Fin|Voice#Act
005.SCG*LB4.CP-3++5.N.-6.1-1.7-1W27	oportet	Q59798	https://lilamorph.wikibase.cloud/entity/L31767-F4	lemma/115099	Aspect#Imp|Mood#Ind|Number#Sing|Person#3|Tense#Pres|VerbForm#Fin|Voice#Act
005.SCG*LB2.CP-9++2.N.-6.11-5.17-3W1	oportet	Q59827	https://lilamorph.wikibase.cloud/entity/L31767-F4	lemma/115099	Mood#Ind|Number#Sing|Person#3|Tense#Pres|VerbForm#Fin|Voice#Act
005.SCG*LB4.CP-8++3.N.14.1-1.3-1W7	suffragari	Q59844	https://lilamorph.wikibase.cloud/entity/L33972-F64	lemma/126632	Aspect#Imp|Tense#Pres|VerbForm#Inf|Voice#Pass
005.SCG*LB4.CP-1++1.N.-9.1-1.1-5W5	oportet	Q59882	https://lilamorph.wikibase.cloud/entity/L31767-F4	lemma/115099	Aspect#Imp|Mood#Ind|Number#Sing|Person#3|Tense#Pres|VerbForm#Fin|Voice#Act
005.SCG*LB1.CP--++1.N.-2.16-1.20-1W5	principatur	Q489	https://lilamorph.wikibase.cloud/entity/L32642-F68	lemma/119506	Mood#Ind|Number#Sing|Person#3|Tense#Pres|VerbForm#Fin|Voice#Pass
005.SCG*LB4.CP-7++9.N.-2.1-1.3-1W10	mori	Q59949	https://lilamorph.wikibase.cloud/entity/L31378-F64	lemma/112797	Aspect#Imp|Tense#Pres|VerbForm#Inf|Voice#Pass
005.SCG*LB3.CP-7++7.N.-1.18-4.21-6W12	operetur	Q59955	https://lilamorph.wikibase.cloud/entity/L31761-F75	lemma/115029	Mood#Sub|Number#Sing|Person#3|Tense#Pres|VerbForm#Fin|Voice#Pass
005.SCG*LB4.CP-1++7.N.-5.5-4.7-2W4	mortuos	Q59986	https://lilamorph.wikibase.cloud/entity/L31378-F184	lemma/112797	Aspect#Perf|Case#Acc|Degree#Pos|Gender#Masc|Number#Plur|Tense#Past|VerbForm#Part|Voice#Pass
005.SCG*LB4.CP-9++1.N.-4.4-7.6-3W7	demeriti	Q11512	https://lilamorph.wikibase.cloud/entity/L28780-F186	lemma/98535	Aspect#Perf|Case#Gen|Degree#Pos|Gender#Neut|Number#Sing|Tense#Past|VerbForm#Part|Voice#Pass
005.SCG*LB4.CP-6++0.N.-2.8-1.13-2W20	conversantur	Q9984	https://lilamorph.wikibase.cloud/entity/L28399-F71	lemma/96443	Aspect#Imp|Mood#Ind|Number#Plur|Person#3|Tense#Pres|VerbForm#Fin|Voice#Pass
005.SCG*LB4.CP-1++3.N.-6.12-2.13-7W1	oportet	Q59999	https://lilamorph.wikibase.cloud/entity/L31767-F4	lemma/115099	Aspect#Imp|Mood#Ind|Number#Sing|Person#3|Tense#Pres|VerbForm#Fin|Voice#Act
005.SCG*LB4.CP-1++7.N.17.3-5.4-7W8	mentiri	Q60027	https://lilamorph.wikibase.cloud/entity/L31306-F64	lemma/112073	Aspect#Imp|Tense#Pres|VerbForm#Inf|Voice#Pass
005.SCG*LB1.CP-4++2.N.11.23-1.25-3W1	oportet	Q60028	https://lilamorph.wikibase.cloud/entity/L31767-F4	lemma/115099	Mood#Ind|Number#Sing|Person#3|Tense#Pres|VerbForm#Fin|Voice#Act
005.SCG*LB4.CP-1++7.N.-3.10-5.11-4W1	oportet	Q60065	https://lilamorph.wikibase.cloud/entity/L31767-F4	lemma/115099	Aspect#Imp|Mood#Ind|Number#Sing|Person#3|Tense#Pres|VerbForm#Fin|Voice#Act
005.SCG*LB1.CP-9++8.N.-5.1-2.3-2W10	oportet	Q60153	https://lilamorph.wikibase.cloud/entity/L31767-F4	lemma/115099	Mood#Ind|Number#Sing|Person#3|Tense#Pres|VerbForm#Fin|Voice#Act
005.SCG*LB3.CP-2++0.N.-5.10-5.13-7W12	oportet	Q60200	https://lilamorph.wikibase.cloud/entity/L31767-F4	lemma/115099	Mood#Ind|Number#Sing|Person#3|Tense#Pres|VerbForm#Fin|Voice#Act
005.SCG*LB4.CP-1++9.N.-5.4-3.5-2W1	oportet	Q60217	https://lilamorph.wikibase.cloud/entity/L31767-F4	lemma/115099	Aspect#Imp|Mood#Ind|Number#Sing|Person#3|Tense#Pres|VerbForm#Fin|Voice#Act
005.SCG*LB2.CP-2++0.N.-3.3-5.10-6W37	oportet	Q60312	https://lilamorph.wikibase.cloud/entity/L31767-F4	lemma/115099	Mood#Ind|Number#Sing|Person#3|Tense#Pres|VerbForm#Fin|Voice#Act
005.SCG*LB3.CP-2++6.N.19.11-2.12-7W6	oportet	Q60329	https://lilamorph.wikibase.cloud/entity/L31767-F4	lemma/115099	Mood#Ind|Number#Sing|Person#3|Tense#Pres|VerbForm#Fin|Voice#Act
005.SCG*LB4.CP-6++6.N.-5.1-1.7-6W1	mirandum	Q60335	https://lilamorph.wikibase.cloud/entity/L31343-F267	lemma/112443	Aspect#Perf|Case#Nom|Degree#Pos|Gender#Neut|Number#Sing|VerbForm#Gdv|Voice#Pass
005.SCG*LB3.CP10++1.N.-1.5-3.9-6W26	mirantur	Q60344	https://lilamorph.wikibase.cloud/entity/L31343-F71	lemma/112443	Mood#Ind|Number#Plur|Person#3|Tense#Pres|VerbForm#Fin|Voice#Pass
005.SCG*LB3.CP12++9.N.-5.1-2.3-4W6	oportet	Q60380	https://lilamorph.wikibase.cloud/entity/L31767-F4	lemma/115099	Mood#Ind|Number#Sing|Person#3|Tense#Pres|VerbForm#Fin|Voice#Act
005.SCG*LB2.CP-6++0.N.10.8-1.10-2W8	pati	Q60394	https://lilamorph.wikibase.cloud/entity/L31871-F64	lemma/116223	Tense#Pres|VerbForm#Inf|Voice#Pass
005.SCG*LB4.CP-1++0.N.-4.2-4.4-4W10	oportet	Q60471	https://lilamorph.wikibase.cloud/entity/L31767-F4	lemma/115099	Aspect#Imp|Mood#Ind|Number#Sing|Person#3|Tense#Pres|VerbForm#Fin|Voice#Act
005.SCG*LB3.CP-8++4.N.-2.8-2.11-3W15	loquendo	Q60477	https://lilamorph.wikibase.cloud/entity/L31185-F207	lemma/110806	Case#Abl|Degree#Pos|Number#Sing|VerbForm#Ger|Voice#Pass
005.SCG*LB4.CP-8++9.N.-2.1-1.2-4W1	oportet	Q60520	https://lilamorph.wikibase.cloud/entity/L31767-F4	lemma/115099	Aspect#Imp|Mood#Ind|Number#Sing|Person#3|Tense#Pres|VerbForm#Fin|Voice#Act
005.SCG*LB2.CP-8++2.N.17.20-2.24-6W15	operatur	Q60536	https://lilamorph.wikibase.cloud/entity/L31761-F68	lemma/115029	Mood#Ind|Number#Sing|Person#3|Tense#Pres|VerbForm#Fin|Voice#Pass
005.SCG*LB3.CP10++1.N.-1.11-5.13-1W7	admirari	Q1547	https://lilamorph.wikibase.cloud/entity/L26850-F126	lemma/87542	Tense#Pres|VerbForm#Inf|Voice#Pass
005.SCG*LB2.CP-8++6.N.-2.4-2.6-2W12	operetur	Q60565	https://lilamorph.wikibase.cloud/entity/L31761-F75	lemma/115029	Mood#Sub|Number#Sing|Person#3|Tense#Pres|VerbForm#Fin|Voice#Pass
005.SCG*LB2.CP-3++3.N.-5.6-1.7-3W1	oportet	Q60636	https://lilamorph.wikibase.cloud/entity/L31767-F4	lemma/115099	Mood#Ind|Number#Sing|Person#3|Tense#Pres|VerbForm#Fin|Voice#Act
005.SCG*LB2.CP-4++3.N.-6.13-3.15-5W2	oportet	Q60655	https://lilamorph.wikibase.cloud/entity/L31767-F4	lemma/115099	Mood#Ind|Number#Sing|Person#3|Tense#Pres|VerbForm#Fin|Voice#Act
005.SCG*LB3.CP15++4.N.17.28-5.30-2W11	mortuis	Q60667	https://lilamorph.wikibase.cloud/entity/L31378-F190	lemma/112797	Aspect#Perf|Case#Abl|Degree#Pos|Gender#Masc|Number#Plur|Tense#Past|VerbForm#Part|Voice#Pass
005.SCG*LB4.CP-6++3.N.-1.1-1.8-3W11	operetur	Q60769	https://lilamorph.wikibase.cloud/entity/L31761-F75	lemma/115029	Aspect#Imp|Mood#Sub|Number#Sing|Person#3|Tense#Pres|VerbForm#Fin|Voice#Pass
005.SCG*LB1.CP-2++0.N.-8.10-3.12-4W11	oportet	Q60780	https://lilamorph.wikibase.cloud/entity/L31767-F4	lemma/115099	Mood#Ind|Number#Sing|Person#3|Tense#Pres|VerbForm#Fin|Voice#Act
005.SCG*LB1.CP-9++0.N.-2.23-1.26-3W24	operatur	Q60781	https://lilamorph.wikibase.cloud/entity/L31761-F68	lemma/115029	Mood#Ind|Number#Sing|Person#3|Tense#Pres|VerbForm#Fin|Voice#Pass
005.SCG*LB4.CP-5++5.N.28.17-2.20-2W3	oportet	Q60826	https://lilamorph.wikibase.cloud/entity/L31767-F4	lemma/115099	Aspect#Imp|Mood#Ind|Number#Sing|Person#3|Tense#Pres|VerbForm#Fin|Voice#Act
005.SCG*LB4.CP--++8.N.-2.15-6.19-3W3	oportet	Q60851	https://lilamorph.wikibase.cloud/entity/L31767-F4	lemma/115099	Aspect#Imp|Mood#Ind|Number#Sing|Person#3|Tense#Pres|VerbForm#Fin|Voice#Act
005.SCG*LB2.CP-9++1.N.-9.2-5.7-1W14	oportet	Q60863	https://lilamorph.wikibase.cloud/entity/L31767-F4	lemma/115099	Mood#Ind|Number#Sing|Person#3|Tense#Pres|VerbForm#Fin|Voice#Act
005.SCG*LB2.CP-3++8.N.13.3-1.7-2W19	oporteret	Q60902	https://lilamorph.wikibase.cloud/entity/L31767-F89	lemma/115099	Aspect#Imp|Mood#Sub|Number#Sing|Person#3|Tense#Imp|VerbForm#Fin|Voice#Act
005.SCG*LB1.CP--++6.N.-2.9-3.11-4W7	mortuorum	Q60904	https://lilamorph.wikibase.cloud/entity/L31378-F172	lemma/112797	Aspect#Perf|Case#Gen|Degree#Pos|Gender#Masc|Number#Plur|Tense#Past|VerbForm#Part|Voice#Pass
005.SCG*LB4.CP-2++3.N.-7.20-1.24-4W17	oportet	Q60908	https://lilamorph.wikibase.cloud/entity/L31767-F4	lemma/115099	Aspect#Imp|Mood#Ind|Number#Sing|Person#3|Tense#Pres|VerbForm#Fin|Voice#Act
005.SCG*LB2.CP-8++0.N.-8.1-1.5-1W7	oportet	Q60934	https://lilamorph.wikibase.cloud/entity/L31767-F4	lemma/115099	Mood#Ind|Number#Sing|Person#3|Tense#Pres|VerbForm#Fin|Voice#Act
005.SCG*LB4.CP-5++4.N.-4.9-3.13-5W10	oportet	Q60944	https://lilamorph.wikibase.cloud/entity/L31767-F4	lemma/115099	Aspect#Imp|Mood#Ind|Number#Sing|Person#3|Tense#Pres|VerbForm#Fin|Voice#Act
005.SCG*LB2.CP--++2.N.-3.6-6.10-4W15	mirati	Q61004	https://lilamorph.wikibase.cloud/entity/L31343-F192	lemma/112443	Aspect#Perf|Case#Nom|Degree#Pos|Gender#Masc|Number#Plur|Tense#Past|VerbForm#Part|Voice#Pass
005.SCG*LB2.CP-2++3.N.-5.12-2.14-5W16	operatur	Q61029	https://lilamorph.wikibase.cloud/entity/L31761-F68	lemma/115029	Mood#Ind|Number#Sing|Person#3|Tense#Pres|VerbForm#Fin|Voice#Pass
005.SCG*LB2.CP-7++3.N.36.10-1.12-3W10	operatur	Q61041	https://lilamorph.wikibase.cloud/entity/L31761-F68	lemma/115029	Mood#Ind|Number#Sing|Person#3|Tense#Pres|VerbForm#Fin|Voice#Pass
005.SCG*LB3.CP-4++3.N.-2.9-4.10-4W3	experimur	Q61057	https://lilamorph.wikibase.cloud/entity/L29780-F69	lemma/102165	Mood#Ind|Number#Plur|Person#1|Tense#Pres|VerbForm#Fin|Voice#Pass
005.SCG*LB2.CP-2++1.N.10.21-6.23-6W12	oportet	Q61082	https://lilamorph.wikibase.cloud/entity/L31767-F4	lemma/115099	Mood#Ind|Number#Sing|Person#3|Tense#Pres|VerbForm#Fin|Voice#Act
005.SCG*LB2.CP-9++1.N.-8.18-3.27-1W14	oportet	Q61122	https://lilamorph.wikibase.cloud/entity/L31767-F4	lemma/115099	Mood#Ind|Number#Sing|Person#3|Tense#Pres|VerbForm#Fin|Voice#Act
005.SCG*LB3.CP-8++8.N.-5.1-2.3-4W18	passo	Q61126	https://lilamorph.wikibase.cloud/entity/L31871-F187	lemma/116223	Aspect#Perf|Case#Abl|Degree#Pos|Gender#Masc|Number#Sing|Tense#Past|VerbForm#Part|Voice#Pass
005.SCG*LB3.CP11++2.N.-2.3-7.5-3W9	operandum	Q61141	https://lilamorph.wikibase.cloud/entity/L31761-F263	lemma/115029	Case#Acc|Degree#Pos|Number#Sing|VerbForm#Ger|Voice#Pass
005.SCG*LB3.CP-6++0.N.-1.1-1.9-4W56	contempletur	Q9322	https://lilamorph.wikibase.cloud/entity/L28325-F75	lemma/96239	Mood#Sub|Number#Sing|Person#3|Tense#Pres|VerbForm#Fin|Voice#Pass
005.SCG*LB4.CP-5++6.N.-4.5-3.7-6W20	operandum	Q61182	https://lilamorph.wikibase.cloud/entity/L31761-F263	lemma/115029	Aspect#Perf|Case#Acc|Degree#Pos|Number#Sing|VerbForm#Ger|Voice#Pass
005.SCG*LB2.CP-5++8.N.10.8-1.10-3W1	oportet	Q61191	https://lilamorph.wikibase.cloud/entity/L31767-F4	lemma/115099	Mood#Ind|Number#Sing|Person#3|Tense#Pres|VerbForm#Fin|Voice#Act
005.SCG*LB4.CP-1++7.N.11.1-2.2-7W8	locutus	Q61202	https://lilamorph.wikibase.cloud/entity/L31185-F165	lemma/110806	Aspect#Perf|Case#Nom|Degree#Pos|Gender#Masc|Number#Sing|Tense#Past|VerbForm#Part|Voice#Pass
005.SCG*LB1.CP-4++2.N.-3.3-2.4-5W7	oportet	Q61205	https://lilamorph.wikibase.cloud/entity/L31767-F4	lemma/115099	Mood#Ind|Number#Sing|Person#3|Tense#Pres|VerbForm#Fin|Voice#Act
005.SCG*LB3.CP-6++4.N.-6.10-1.11-3W1	oportet	Q61211	https://lilamorph.wikibase.cloud/entity/L31767-F4	lemma/115099	Mood#Ind|Number#Sing|Person#3|Tense#Pres|VerbForm#Fin|Voice#Act
005.SCG*LB2.CP-9++1.N.-9.19-2.21-1W1	oportet	Q61268	https://lilamorph.wikibase.cloud/entity/L31767-F4	lemma/115099	Mood#Ind|Number#Sing|Person#3|Tense#Pres|VerbForm#Fin|Voice#Act
005.SCG*LB3.CP-2++4.N.-7.8-4.12-4W18	operetur	Q61273	https://lilamorph.wikibase.cloud/entity/L31761-F75	lemma/115029	Mood#Sub|Number#Sing|Person#3|Tense#Pres|VerbForm#Fin|Voice#Pass
005.SCG*LB3.CP-1++8.N.-4.1-2.7-4W17	oportet	Q61276	https://lilamorph.wikibase.cloud/entity/L31767-F4	lemma/115099	Mood#Ind|Number#Sing|Person#3|Tense#Pres|VerbForm#Fin|Voice#Act
005.SCG*LB3.CP-6++7.N.-5.1-2.8-1W36	operantur	Q61286	https://lilamorph.wikibase.cloud/entity/L31761-F71	lemma/115029	Mood#Ind|Number#Plur|Person#3|Tense#Pres|VerbForm#Fin|Voice#Pass
005.SCG*LB3.CP-8++0.N.17.12-1.13-2W4	principari	Q486	https://lilamorph.wikibase.cloud/entity/L32642-F64	lemma/119506	Tense#Pres|VerbForm#Inf|Voice#Pass
005.SCG*LB3.CP-4++1.N.-3.22-3.24-1W9	oportet	Q61367	https://lilamorph.wikibase.cloud/entity/L31767-F4	lemma/115099	Mood#Ind|Number#Sing|Person#3|Tense#Pres|VerbForm#Fin|Voice#Act
005.SCG*LB2.CP-4++5.N.-4.14-3.16-6W1	oportuit	Q61402	https://lilamorph.wikibase.cloud/entity/L31767-F128	lemma/115099	Aspect#Perf|Mood#Ind|Number#Sing|Person#3|Tense#Past|VerbForm#Fin|Voice#Act
005.SCG*LB3.CP15++6.N.-6.13-3.15-4W15	operatur	Q61482	https://lilamorph.wikibase.cloud/entity/L31761-F68	lemma/115029	Mood#Ind|Number#Sing|Person#3|Tense#Pres|VerbForm#Fin|Voice#Pass
005.SCG*LB3.CP-2++4.N.-2.1-1.6-2W1	oportet	Q61489	https://lilamorph.wikibase.cloud/entity/L31767-F4	lemma/115099	Mood#Ind|Number#Sing|Person#3|Tense#Pres|VerbForm#Fin|Voice#Act
005.SCG*LB3.CP-7++6.N.-7.5-2.8-4W12	oportet	Q61502	https://lilamorph.wikibase.cloud/entity/L31767-F4	lemma/115099	Mood#Ind|Number#Sing|Person#3|Tense#Pres|VerbForm#Fin|Voice#Act
005.SCG*LB1.CP-1++0.N.-7.1-1.3-6W7	opinantur	Q61504	https://lilamorph.wikibase.cloud/entity/L31764-F71	lemma/115071	Mood#Ind|Number#Plur|Person#3|Tense#Pres|VerbForm#Fin|Voice#Pass
005.SCG*LB2.CP-2++0.N.-3.3-5.10-6W4	passum	Q61615	https://lilamorph.wikibase.cloud/entity/L31871-F165	lemma/116223	Aspect#Perf|Case#Nom|Degree#Pos|Gender#Neut|Number#Sing|Tense#Past|VerbForm#Part|Voice#Pass
005.SCG*LB4.CP-5++7.N.-1.13-1.16-2W10	oportet	Q61653	https://lilamorph.wikibase.cloud/entity/L31767-F4	lemma/115099	Aspect#Imp|Mood#Ind|Number#Sing|Person#3|Tense#Pres|VerbForm#Fin|Voice#Act
005.SCG*LB2.CP-9++8.N.-4.3-4.7-6W17	oportet	Q61659	https://lilamorph.wikibase.cloud/entity/L31767-F4	lemma/115099	Mood#Ind|Number#Sing|Person#3|Tense#Pres|VerbForm#Fin|Voice#Act
005.SCG*LB3.CP-7++8.N.-6.2-7.5-4W5	operantur	Q61673	https://lilamorph.wikibase.cloud/entity/L31761-F71	lemma/115029	Mood#Ind|Number#Plur|Person#3|Tense#Pres|VerbForm#Fin|Voice#Pass
005.SCG*LB2.CP--++7.N.-3.3-5.5-4W10	patitur	Q61705	https://lilamorph.wikibase.cloud/entity/L31871-F68	lemma/116223	Mood#Ind|Number#Sing|Person#3|Tense#Pres|VerbForm#Fin|Voice#Pass
005.SCG*LB3.CP15++3.N.-2.24-6.26-9W2	oportet	Q61731	https://lilamorph.wikibase.cloud/entity/L31767-F4	lemma/115099	Mood#Ind|Number#Sing|Person#3|Tense#Pres|VerbForm#Fin|Voice#Act
005.SCG*LB3.CP13++8.N.-8.6-1.8-5W3	oportet	Q61821	https://lilamorph.wikibase.cloud/entity/L31767-F4	lemma/115099	Mood#Ind|Number#Sing|Person#3|Tense#Pres|VerbForm#Fin|Voice#Act
005.SCG*LB3.CP-9++2.N.-2.26-4.30-1W9	operetur	Q61845	https://lilamorph.wikibase.cloud/entity/L31761-F75	lemma/115029	Mood#Sub|Number#Sing|Person#3|Tense#Pres|VerbForm#Fin|Voice#Pass
005.SCG*LB2.CP-8++0.N.-9.29-6.31-1W6	oportet	Q61858	https://lilamorph.wikibase.cloud/entity/L31767-F4	lemma/115099	Mood#Ind|Number#Sing|Person#3|Tense#Pres|VerbForm#Fin|Voice#Act
005.SCG*LB3.CP14++0.N.-5.7-5.11-2W14	oportet	Q61866	https://lilamorph.wikibase.cloud/entity/L31767-F4	lemma/115099	Mood#Ind|Number#Sing|Person#3|Tense#Pres|VerbForm#Fin|Voice#Act
005.SCG*LB3.CP-1++3.N.-2.1-1.3-1W10	oportet	Q61924	https://lilamorph.wikibase.cloud/entity/L31767-F4	lemma/115099	Mood#Ind|Number#Sing|Person#3|Tense#Pres|VerbForm#Fin|Voice#Act
005.SCG*LB4.CP-5++6.N.-2.15-2.20-1W26	operaretur	Q61940	https://lilamorph.wikibase.cloud/entity/L31761-F103	lemma/115029	Aspect#Imp|Mood#Sub|Number#Sing|Person#3|Tense#Imp|VerbForm#Fin|Voice#Pass
005.SCG*LB3.CP15++4.N.19.11-5.13-4W5	oportet	Q61962	https://lilamorph.wikibase.cloud/entity/L31767-F4	lemma/115099	Mood#Ind|Number#Sing|Person#3|Tense#Pres|VerbForm#Fin|Voice#Act
005.SCG*LB2.CP-5++5.N.-9.4-1.5-7W6	pati	Q61964	https://lilamorph.wikibase.cloud/entity/L31871-F64	lemma/116223	Tense#Pres|VerbForm#Inf|Voice#Pass
005.SCG*LB4.CP-1++4.N.14.13-5.16-4W1	oportet	Q61981	https://lilamorph.wikibase.cloud/entity/L31767-F4	lemma/115099	Aspect#Imp|Mood#Ind|Number#Sing|Person#3|Tense#Pres|VerbForm#Fin|Voice#Act
005.SCG*LB2.CP-5++7.N.-8.8-7.11-5W4	patitur	Q61995	https://lilamorph.wikibase.cloud/entity/L31871-F68	lemma/116223	Mood#Ind|Number#Sing|Person#3|Tense#Pres|VerbForm#Fin|Voice#Pass
005.SCG*LB3.CP-4++1.N.-5.3-2.7-1W11	oportet	Q61996	https://lilamorph.wikibase.cloud/entity/L31767-F4	lemma/115099	Mood#Ind|Number#Sing|Person#3|Tense#Pres|VerbForm#Fin|Voice#Act
005.SCG*LB3.CP-9++7.N.-4.11-2.12-4W1	oportet	Q62001	https://lilamorph.wikibase.cloud/entity/L31767-F4	lemma/115099	Mood#Ind|Number#Sing|Person#3|Tense#Pres|VerbForm#Fin|Voice#Act
005.SCG*LB4.CP-2++4.N.-4.9-4.12-5W12	oportet	Q62016	https://lilamorph.wikibase.cloud/entity/L31767-F4	lemma/115099	Aspect#Imp|Mood#Ind|Number#Sing|Person#3|Tense#Pres|VerbForm#Fin|Voice#Act
005.SCG*LB3.CP-6++6.N.-3.6-1.11-3W19	operantur	Q62018	https://lilamorph.wikibase.cloud/entity/L31761-F71	lemma/115029	Mood#Ind|Number#Plur|Person#3|Tense#Pres|VerbForm#Fin|Voice#Pass
005.SCG*LB3.CP-4++6.N.-9.10-4.13-1W7	oportet	Q62054	https://lilamorph.wikibase.cloud/entity/L31767-F4	lemma/115099	Mood#Ind|Number#Sing|Person#3|Tense#Pres|VerbForm#Fin|Voice#Act
005.SCG*LB4.CP-1++9.N.-2.16-2.19-3W23	operatur	Q62066	https://lilamorph.wikibase.cloud/entity/L31761-F68	lemma/115029	Aspect#Imp|Mood#Ind|Number#Sing|Person#3|Tense#Pres|VerbForm#Fin|Voice#Pass
005.SCG*LB1.CP-1++4.N.-3.1-1.6-2W27	oportet	Q62094	https://lilamorph.wikibase.cloud/entity/L31767-F4	lemma/115099	Mood#Ind|Number#Sing|Person#3|Tense#Pres|VerbForm#Fin|Voice#Act
005.SCG*LB3.CP-6++8.N.-5.1-2.6-4W26	oportet	Q62095	https://lilamorph.wikibase.cloud/entity/L31767-F4	lemma/115099	Mood#Ind|Number#Sing|Person#3|Tense#Pres|VerbForm#Fin|Voice#Act
005.SCG*LB4.CP-1++0.N.-1.7-2.14-2W36	patitur	Q62192	https://lilamorph.wikibase.cloud/entity/L31871-F68	lemma/116223	Aspect#Imp|Mood#Ind|Number#Sing|Person#3|Tense#Pres|VerbForm#Fin|Voice#Pass
005.SCG*LB3.CP13++2.N.-7.4-5.7-7W8	oportet	Q62197	https://lilamorph.wikibase.cloud/entity/L31767-F4	lemma/115099	Mood#Ind|Number#Sing|Person#3|Tense#Pres|VerbForm#Fin|Voice#Act
005.SCG*LB3.CP11++1.N.-1.4-3.7-2W1	oportet	Q62252	https://lilamorph.wikibase.cloud/entity/L31767-F4	lemma/115099	Mood#Ind|Number#Sing|Person#3|Tense#Pres|VerbForm#Fin|Voice#Act
005.SCG*LB4.CP-5++5.N.-9.11-1.14-6W2	oportuit	Q62273	https://lilamorph.wikibase.cloud/entity/L31767-F128	lemma/115099	Aspect#Perf|Mood#Ind|Number#Sing|Person#3|Tense#Past|VerbForm#Fin|Voice#Act
005.SCG*LB3.CP--++2.N.-4.30-5.32-1W1	oportet	Q62280	https://lilamorph.wikibase.cloud/entity/L31767-F4	lemma/115099	Mood#Ind|Number#Sing|Person#3|Tense#Pres|VerbForm#Fin|Voice#Act
005.SCG*LB3.CP-4++8.N.12.6-9.7-6W1	oportet	Q62306	https://lilamorph.wikibase.cloud/entity/L31767-F4	lemma/115099	Mood#Ind|Number#Sing|Person#3|Tense#Pres|VerbForm#Fin|Voice#Act
005.SCG*LB4.CP-1++7.N.18.7-6.9-8W8	loquar	Q62337	https://lilamorph.wikibase.cloud/entity/L31185-F155	lemma/110806	Aspect#Imp|Mood#Ind|Number#Sing|Person#1|Tense#Fut|VerbForm#Fin|Voice#Pass
005.SCG*LB1.CP-1++3.N.-5.11-1.12-2W1	oportet	Q62371	https://lilamorph.wikibase.cloud/entity/L31767-F4	lemma/115099	Mood#Ind|Number#Sing|Person#3|Tense#Pres|VerbForm#Fin|Voice#Act
005.SCG*LB3.CP-8++0.N.-1.13-7.16-5W14	oportet	Q62384	https://lilamorph.wikibase.cloud/entity/L31767-F4	lemma/115099	Mood#Ind|Number#Sing|Person#3|Tense#Pres|VerbForm#Fin|Voice#Act
005.SCG*LB2.CP-2++3.N.10.12-7.14-6W2	oportet	Q62439	https://lilamorph.wikibase.cloud/entity/L31767-F4	lemma/115099	Mood#Ind|Number#Sing|Person#3|Tense#Pres|VerbForm#Fin|Voice#Act
005.SCG*LB3.CP12++3.N.-7.18-4.22-5W25	oportuit	Q62509	https://lilamorph.wikibase.cloud/entity/L31767-F128	lemma/115099	Aspect#Perf|Mood#Ind|Number#Sing|Person#3|Tense#Past|VerbForm#Fin|Voice#Act
005.SCG*LB3.CP15++4.N.-8.10-2.16-2W1	oportuit	Q62567	https://lilamorph.wikibase.cloud/entity/L31767-F128	lemma/115099	Aspect#Perf|Mood#Ind|Number#Sing|Person#3|Tense#Past|VerbForm#Fin|Voice#Act
005.SCG*LB3.CP-6++4.N.-5.1-2.6-4W8	operantur	Q62570	https://lilamorph.wikibase.cloud/entity/L31761-F71	lemma/115029	Mood#Ind|Number#Plur|Person#3|Tense#Pres|VerbForm#Fin|Voice#Pass
005.SCG*LB1.CP-1++3.N.28.6-1.9-2W10	oportet	Q62588	https://lilamorph.wikibase.cloud/entity/L31767-F4	lemma/115099	Mood#Ind|Number#Sing|Person#3|Tense#Pres|VerbForm#Fin|Voice#Act
005.SCG*LB4.CP-1++7.N.23.9-5.11-3W3	operatur	Q62627	https://lilamorph.wikibase.cloud/entity/L31761-F68	lemma/115029	Aspect#Imp|Mood#Ind|Number#Sing|Person#3|Tense#Pres|VerbForm#Fin|Voice#Pass
005.SCG*LB4.CP-2++4.N.-9.2-1.4-7W1	oportet	Q62652	https://lilamorph.wikibase.cloud/entity/L31767-F4	lemma/115099	Aspect#Imp|Mood#Ind|Number#Sing|Person#3|Tense#Pres|VerbForm#Fin|Voice#Act
005.SCG*LB1.CP--++2.N.-3.6-2.10-6W26	conversati	Q9987	https://lilamorph.wikibase.cloud/entity/L28399-F192	lemma/96443	Aspect#Perf|Case#Nom|Degree#Pos|Gender#Masc|Number#Plur|Tense#Past|VerbForm#Part|Voice#Pass
005.SCG*LB2.CP-1++6.N.11.5-1.12-6W38	loquendo	Q62750	https://lilamorph.wikibase.cloud/entity/L31185-F207	lemma/110806	Case#Abl|Degree#Pos|Number#Sing|VerbForm#Ger|Voice#Pass
005.SCG*LB3.CP13++1.N.-1.5-1.8-2W17	loquuntur	Q62778	https://lilamorph.wikibase.cloud/entity/L31185-F73	lemma/110806	Mood#Ind|Number#Plur|Person#3|Tense#Pres|VerbForm#Fin|Voice#Pass
005.SCG*LB3.CP-9++4.N.-8.5-5.8-3W7	oportet	Q62813	https://lilamorph.wikibase.cloud/entity/L31767-F4	lemma/115099	Mood#Ind|Number#Sing|Person#3|Tense#Pres|VerbForm#Fin|Voice#Act
005.SCG*LB3.CP10++7.N.-6.6-5.10-3W1	oportet	Q62841	https://lilamorph.wikibase.cloud/entity/L31767-F4	lemma/115099	Mood#Ind|Number#Sing|Person#3|Tense#Pres|VerbForm#Fin|Voice#Act
005.SCG*LB3.CP-9++2.N.-9.1-1.3-2W8	largitur	Q62842	https://lilamorph.wikibase.cloud/entity/L31096-F68	lemma/109941	Mood#Ind|Number#Sing|Person#3|Tense#Pres|VerbForm#Fin|Voice#Pass
005.SCG*LB2.CP-7++5.N.-9.6-2.8-1W2	oportet	Q62846	https://lilamorph.wikibase.cloud/entity/L31767-F4	lemma/115099	Mood#Ind|Number#Sing|Person#3|Tense#Pres|VerbForm#Fin|Voice#Act
005.SCG*LB3.CP15++4.N.17.22-1.24-4W6	imitari	Q62862	https://lilamorph.wikibase.cloud/entity/L30349-F111	lemma/106366	Tense#Pres|VerbForm#Inf|Voice#Pass
005.SCG*LB2.CP-9++5.N.-3.3-6.9-1W26	oportet	Q62901	https://lilamorph.wikibase.cloud/entity/L31767-F4	lemma/115099	Mood#Ind|Number#Sing|Person#3|Tense#Pres|VerbForm#Fin|Voice#Act
005.SCG*LB2.CP-5++5.N.-8.6-7.10-4W1	oportet	Q62905	https://lilamorph.wikibase.cloud/entity/L31767-F4	lemma/115099	Mood#Ind|Number#Sing|Person#3|Tense#Pres|VerbForm#Fin|Voice#Act
005.SCG*LB1.CP-4++0.N.-4.1-2.5-7W18	oportet	Q63008	https://lilamorph.wikibase.cloud/entity/L31767-F4	lemma/115099	Mood#Ind|Number#Sing|Person#3|Tense#Pres|VerbForm#Fin|Voice#Act
005.SCG*LB4.CP-7++0.N.-5.1-2.4-2W12	operatur	Q63011	https://lilamorph.wikibase.cloud/entity/L31761-F68	lemma/115029	Aspect#Imp|Mood#Ind|Number#Sing|Person#3|Tense#Pres|VerbForm#Fin|Voice#Pass
005.SCG*LB4.CP-5++5.N.21.1-1.5-6W10	pati	Q63076	https://lilamorph.wikibase.cloud/entity/L31871-F64	lemma/116223	Aspect#Imp|Tense#Pres|VerbForm#Inf|Voice#Pass
005.SCG*LB3.CP--++1.N.-5.24-1.26-4W9	pati	Q63104	https://lilamorph.wikibase.cloud/entity/L31871-F64	lemma/116223	Tense#Pres|VerbForm#Inf|Voice#Pass
005.SCG*LB2.CP-7++8.N.12.7-2.14-2W19	loquebatur	Q63162	https://lilamorph.wikibase.cloud/entity/L31185-F98	lemma/110806	Aspect#Imp|Mood#Ind|Number#Sing|Person#3|Tense#Imp|VerbForm#Fin|Voice#Pass
005.SCG*LB3.CP-8++7.N.-4.1-2.7-6W15	oportet	Q63202	https://lilamorph.wikibase.cloud/entity/L31767-F4	lemma/115099	Mood#Ind|Number#Sing|Person#3|Tense#Pres|VerbForm#Fin|Voice#Act
005.SCG*LB2.CP-2++5.N.10.1-2.8-4W31	oportet	Q63231	https://lilamorph.wikibase.cloud/entity/L31767-F4	lemma/115099	Mood#Ind|Number#Sing|Person#3|Tense#Pres|VerbForm#Fin|Voice#Act
005.SCG*LB1.CP-2++1.N.-5.1-2.4-1W23	sortiatur	Q63249	https://lilamorph.wikibase.cloud/entity/L33654-F75	lemma/125212	Mood#Sub|Number#Sing|Person#3|Tense#Pres|VerbForm#Fin|Voice#Pass
005.SCG*LB2.CP-7++3.N.19.1-2.5-4W26	pati	Q63260	https://lilamorph.wikibase.cloud/entity/L31871-F64	lemma/116223	Tense#Pres|VerbForm#Inf|Voice#Pass
005.SCG*LB1.CP-5++1.N.-7.2-3.6-5W22	oportet	Q63261	https://lilamorph.wikibase.cloud/entity/L31767-F4	lemma/115099	Mood#Ind|Number#Sing|Person#3|Tense#Pres|VerbForm#Fin|Voice#Act
005.SCG*LB2.CP-3++3.N.-7.1-2.2-1W1	oportet	Q63322	https://lilamorph.wikibase.cloud/entity/L31767-F4	lemma/115099	Mood#Ind|Number#Sing|Person#3|Tense#Pres|VerbForm#Fin|Voice#Act
005.SCG*LB2.CP-7++3.N.10.5-5.8-5W10	sortitur	Q63362	https://lilamorph.wikibase.cloud/entity/L33654-F68	lemma/125212	Mood#Ind|Number#Sing|Person#3|Tense#Pres|VerbForm#Fin|Voice#Pass
005.SCG*LB2.CP-7++3.N.32.13-1.14-5W1	oportet	Q63383	https://lilamorph.wikibase.cloud/entity/L31767-F4	lemma/115099	Mood#Ind|Number#Sing|Person#3|Tense#Pres|VerbForm#Fin|Voice#Act
005.SCG*LB2.CP-8++4.N.-7.8-7.15-7W39	loquebatur	Q63388	https://lilamorph.wikibase.cloud/entity/L31185-F98	lemma/110806	Aspect#Imp|Mood#Ind|Number#Sing|Person#3|Tense#Imp|VerbForm#Fin|Voice#Pass
005.SCG*LB3.CP12++2.N.-9.1-1.10-1W64	operandum	Q63437	https://lilamorph.wikibase.cloud/entity/L31761-F285	lemma/115029	Case#Acc|Degree#Pos|Gender#Neut|Number#Sing|VerbForm#Gdv|Voice#Pass
005.SCG*LB3.CP10++4.N.-4.6-1.10-5W6	imaginatae	Q63440	https://lilamorph.wikibase.cloud/entity/L30338-F193	lemma/106317	Aspect#Perf|Case#Nom|Degree#Pos|Gender#Fem|Number#Plur|Tense#Past|VerbForm#Part|Voice#Pass
005.SCG*LB3.CP-2++4.N.-6.1-1.5-3W12	operari	Q63462	https://lilamorph.wikibase.cloud/entity/L31761-F64	lemma/115029	Tense#Pres|VerbForm#Inf|Voice#Pass
005.SCG*LB3.CP13++5.N.-2.5-1.11-3W23	commorari	Q6612	https://lilamorph.wikibase.cloud/entity/L27975-F64	lemma/95198	Tense#Pres|VerbForm#Inf|Voice#Pass
005.SCG*LB2.CP-6++0.N.21.1-1.4-3W13	oportebit	Q63482	https://lilamorph.wikibase.cloud/entity/L31767-F109	lemma/115099	Mood#Ind|Number#Sing|Person#3|Tense#Fut|VerbForm#Fin|Voice#Act
005.SCG*LB1.CP-7++4.N.-4.1-2.8-4W21	arbitramur	Q3742	https://lilamorph.wikibase.cloud/entity/L27190-F69	lemma/89779	Mood#Ind|Number#Plur|Person#1|Tense#Pres|VerbForm#Fin|Voice#Pass
005.SCG*LB1.CP-1++3.N.25.10-6.14-1W4	oportet	Q63573	https://lilamorph.wikibase.cloud/entity/L31767-F4	lemma/115099	Mood#Ind|Number#Sing|Person#3|Tense#Pres|VerbForm#Fin|Voice#Act
005.SCG*LB3.CP12++8.N.-5.3-4.4-5W2	locutus	Q63590	https://lilamorph.wikibase.cloud/entity/L31185-F165	lemma/110806	Aspect#Perf|Case#Nom|Degree#Pos|Gender#Masc|Number#Sing|Tense#Past|VerbForm#Part|Voice#Pass
005.SCG*LB2.CP-4++2.N.-9.6-4.8-7W4	oportet	Q63599	https://lilamorph.wikibase.cloud/entity/L31767-F4	lemma/115099	Mood#Ind|Number#Sing|Person#3|Tense#Pres|VerbForm#Fin|Voice#Act
005.SCG*LB4.CP-8++4.N.14.4-7.10-6W17	oporteat	Q63623	https://lilamorph.wikibase.cloud/entity/L31767-F10	lemma/115099	Aspect#Imp|Mood#Sub|Number#Sing|Person#3|Tense#Pres|VerbForm#Fin|Voice#Act
005.SCG*LB4.CP-2++1.N.-4.24-5.26-5W13	locuti	Q63637	https://lilamorph.wikibase.cloud/entity/L31185-F168	lemma/110806	Aspect#Perf|Case#Nom|Degree#Pos|Gender#Masc|Number#Plur|Tense#Past|VerbForm#Part|Voice#Pass
005.SCG*LB4.CP--++8.N.-2.11-6.15-5W21	protestabatur	Q63643	https://lilamorph.wikibase.cloud/entity/L32808-F96	lemma/120148	Aspect#Imp|Mood#Ind|Number#Sing|Person#3|Tense#Imp|VerbForm#Fin|Voice#Pass
005.SCG*LB1.CP-2++7.N.-9.8-3.10-4W5	opinabantur	Q63645	https://lilamorph.wikibase.cloud/entity/L31764-F99	lemma/115071	Aspect#Imp|Mood#Ind|Number#Plur|Person#3|Tense#Imp|VerbForm#Fin|Voice#Pass
005.SCG*LB2.CP-9++0.N.-6.1-2.6-3W20	oporteret	Q63665	https://lilamorph.wikibase.cloud/entity/L31767-F89	lemma/115099	Aspect#Imp|Mood#Sub|Number#Sing|Person#3|Tense#Imp|VerbForm#Fin|Voice#Act
005.SCG*LB1.CP-5++4.N.-4.3-2.5-1W15	patitur	Q63673	https://lilamorph.wikibase.cloud/entity/L31871-F68	lemma/116223	Mood#Ind|Number#Sing|Person#3|Tense#Pres|VerbForm#Fin|Voice#Pass
005.SCG*LB4.CP--++7.N.20.23-1.25-4W8	oportet	Q63749	https://lilamorph.wikibase.cloud/entity/L31767-F4	lemma/115099	Aspect#Imp|Mood#Ind|Number#Sing|Person#3|Tense#Pres|VerbForm#Fin|Voice#Act
005.SCG*LB3.CP-4++1.N.-1.8-3.11-3W17	oporteat	Q63769	https://lilamorph.wikibase.cloud/entity/L31767-F10	lemma/115099	Mood#Sub|Number#Sing|Person#3|Tense#Pres|VerbForm#Fin|Voice#Act
005.SCG*LB3.CP-9++7.N.-2.8-1.14-4W22	oportuit	Q63789	https://lilamorph.wikibase.cloud/entity/L31767-F128	lemma/115099	Aspect#Perf|Mood#Ind|Number#Sing|Person#3|Tense#Past|VerbForm#Fin|Voice#Act
005.SCG*LB4.CP-7++6.N.-2.1-1.5-1W22	oportet	Q63792	https://lilamorph.wikibase.cloud/entity/L31767-F4	lemma/115099	Aspect#Imp|Mood#Ind|Number#Sing|Person#3|Tense#Pres|VerbForm#Fin|Voice#Act
005.SCG*LB4.CP-8++2.N.-3.11-2.13-2W13	morientur	Q63817	https://lilamorph.wikibase.cloud/entity/L31378-F159	lemma/112797	Aspect#Imp|Mood#Ind|Number#Plur|Person#3|Tense#Fut|VerbForm#Fin|Voice#Pass
005.SCG*LB3.CP15++4.N.-2.1-1.4-1W8	oportet	Q63823	https://lilamorph.wikibase.cloud/entity/L31767-F4	lemma/115099	Mood#Ind|Number#Sing|Person#3|Tense#Pres|VerbForm#Fin|Voice#Act
005.SCG*LB2.CP-2++2.N.-2.1-1.4-4W13	oportet	Q63825	https://lilamorph.wikibase.cloud/entity/L31767-F4	lemma/115099	Mood#Ind|Number#Sing|Person#3|Tense#Pres|VerbForm#Fin|Voice#Act
005.SCG*LB3.CP13++6.N.-9.18-2.20-5W3	oportet	Q63840	https://lilamorph.wikibase.cloud/entity/L31767-F4	lemma/115099	Mood#Ind|Number#Sing|Person#3|Tense#Pres|VerbForm#Fin|Voice#Act
005.SCG*LB2.CP-5++5.N.-8.3-6.4-5W2	oportet	Q63844	https://lilamorph.wikibase.cloud/entity/L31767-F4	lemma/115099	Mood#Ind|Number#Sing|Person#3|Tense#Pres|VerbForm#Fin|Voice#Act
005.SCG*LB2.CP-8++2.N.10.1-1.5-7W26	oportet	Q63896	https://lilamorph.wikibase.cloud/entity/L31767-F4	lemma/115099	Mood#Ind|Number#Sing|Person#3|Tense#Pres|VerbForm#Fin|Voice#Act
005.SCG*LB4.CP-1++7.N.23.12-5.16-2W24	operari	Q63925	https://lilamorph.wikibase.cloud/entity/L31761-F64	lemma/115029	Aspect#Imp|Tense#Pres|VerbForm#Inf|Voice#Pass
005.SCG*LB3.CP11++0.N.-5.1-1.4-4W3	oportet	Q63930	https://lilamorph.wikibase.cloud/entity/L31767-F4	lemma/115099	Mood#Ind|Number#Sing|Person#3|Tense#Pres|VerbForm#Fin|Voice#Act
005.SCG*LB2.CP-4++8.N.-4.7-2.10-2W9	oportet	Q63933	https://lilamorph.wikibase.cloud/entity/L31767-F4	lemma/115099	Mood#Ind|Number#Sing|Person#3|Tense#Pres|VerbForm#Fin|Voice#Act
005.SCG*LB4.CP-4++3.N.-1.1-1.5-2W17	oportuit	Q63934	https://lilamorph.wikibase.cloud/entity/L31767-F128	lemma/115099	Aspect#Perf|Mood#Ind|Number#Sing|Person#3|Tense#Past|VerbForm#Fin|Voice#Act
005.SCG*LB4.CP-5++5.N.11.23-1.26-3W3	oportuit	Q63968	https://lilamorph.wikibase.cloud/entity/L31767-F128	lemma/115099	Aspect#Perf|Mood#Ind|Number#Sing|Person#3|Tense#Past|VerbForm#Fin|Voice#Act
005.SCG*LB1.CP10++0.N.-4.11-1.14-3W15	operati	Q64023	https://lilamorph.wikibase.cloud/entity/L31761-F197	lemma/115029	Aspect#Perf|Case#Gen|Degree#Pos|Gender#Neut|Number#Sing|Tense#Past|VerbForm#Part|Voice#Pass
005.SCG*LB3.CP-7++6.N.-9.8-1.15-1W6	operatur	Q64052	https://lilamorph.wikibase.cloud/entity/L31761-F68	lemma/115029	Mood#Ind|Number#Sing|Person#3|Tense#Pres|VerbForm#Fin|Voice#Pass
005.SCG*LB4.CP-8++2.N.-4.7-2.8-2W8	moriantur	Q64056	https://lilamorph.wikibase.cloud/entity/L31378-F78	lemma/112797	Aspect#Imp|Mood#Sub|Number#Plur|Person#3|Tense#Pres|VerbForm#Fin|Voice#Pass
005.SCG*LB4.CP-1++7.N.-7.1-2.3-2W10	scrutatur	Q64067	https://lilamorph.wikibase.cloud/entity/L33544-F68	lemma/123887	Aspect#Imp|Mood#Ind|Number#Sing|Person#3|Tense#Pres|VerbForm#Fin|Voice#Pass
005.SCG*LB3.CP-2++7.N.11.10-1.13-4W22	fabulantur	Q64111	https://lilamorph.wikibase.cloud/entity/L29938-F71	lemma/102738	Mood#Ind|Number#Plur|Person#3|Tense#Pres|VerbForm#Fin|Voice#Pass
005.SCG*LB1.CP-4++2.N.13.1-2.3-1W6	oportet	Q64120	https://lilamorph.wikibase.cloud/entity/L31767-F4	lemma/115099	Mood#Ind|Number#Sing|Person#3|Tense#Pres|VerbForm#Fin|Voice#Act
005.SCG*LB2.CP-6++9.N.-6.10-3.13-7W17	operando	Q64167	https://lilamorph.wikibase.cloud/entity/L31761-F264	lemma/115029	Case#Abl|Degree#Pos|Number#Sing|VerbForm#Ger|Voice#Pass
005.SCG*LB3.CP-7++5.N.13.1-2.4-6W15	oportet	Q64211	https://lilamorph.wikibase.cloud/entity/L31767-F4	lemma/115099	Mood#Ind|Number#Sing|Person#3|Tense#Pres|VerbForm#Fin|Voice#Act
005.SCG*LB3.CP15++1.N.-3.6-1.8-2W5	oportet	Q64231	https://lilamorph.wikibase.cloud/entity/L31767-F4	lemma/115099	Mood#Ind|Number#Sing|Person#3|Tense#Pres|VerbForm#Fin|Voice#Act
005.SCG*LB2.CP-2++1.N.-7.7-1.11-1W7	operatur	Q64241	https://lilamorph.wikibase.cloud/entity/L31761-F68	lemma/115029	Mood#Ind|Number#Sing|Person#3|Tense#Pres|VerbForm#Fin|Voice#Pass
005.SCG*LB3.CP-2++2.N.-7.10-3.14-2W2	oportet	Q64245	https://lilamorph.wikibase.cloud/entity/L31767-F4	lemma/115099	Mood#Ind|Number#Sing|Person#3|Tense#Pres|VerbForm#Fin|Voice#Act
005.SCG*LB4.CP-9++2.N.-3.9-7.12-4W1	oportet	Q64271	https://lilamorph.wikibase.cloud/entity/L31767-F4	lemma/115099	Aspect#Imp|Mood#Ind|Number#Sing|Person#3|Tense#Pres|VerbForm#Fin|Voice#Act
005.SCG*LB4.CP-7++7.N.-7.1-1.3-6W19	imitanda	Q64276	https://lilamorph.wikibase.cloud/entity/L30349-F377	lemma/106366	Aspect#Perf|Case#Nom|Degree#Pos|Gender#Neut|Number#Plur|VerbForm#Gdv|Voice#Pass
005.SCG*LB1.CP-7++2.N.-3.8-5.11-5W1	oportet	Q64298	https://lilamorph.wikibase.cloud/entity/L31767-F4	lemma/115099	Mood#Ind|Number#Sing|Person#3|Tense#Pres|VerbForm#Fin|Voice#Act
005.SCG*LB2.CP-8++5.N.14.1-1.5-1W17	patiatur	Q64321	https://lilamorph.wikibase.cloud/entity/L31871-F75	lemma/116223	Mood#Sub|Number#Sing|Person#3|Tense#Pres|VerbForm#Fin|Voice#Pass
005.SCG*LB2.CP-2++7.N.-2.1-1.2-3W7	oportet	Q64328	https://lilamorph.wikibase.cloud/entity/L31767-F4	lemma/115099	Mood#Ind|Number#Sing|Person#3|Tense#Pres|VerbForm#Fin|Voice#Act
005.SCG*LB2.CP-2++5.N.-9.1-1.3-6W8	irasci	Q64356	https://lilamorph.wikibase.cloud/entity/L30977-F64	lemma/108955	Tense#Pres|VerbForm#Inf|Voice#Pass
005.SCG*LB1.CP-6++8.N.-3.7-4.13-4W18	oportet	Q64360	https://lilamorph.wikibase.cloud/entity/L31767-F4	lemma/115099	Mood#Ind|Number#Sing|Person#3|Tense#Pres|VerbForm#Fin|Voice#Act
005.SCG*LB3.CP-9++7.N.-8.4-1.9-5W8	patiatur	Q64366	https://lilamorph.wikibase.cloud/entity/L31871-F75	lemma/116223	Mood#Sub|Number#Sing|Person#3|Tense#Pres|VerbForm#Fin|Voice#Pass
005.SCG*LB4.CP-1++3.N.-9.17-5.18-3W7	operor	Q64389	https://lilamorph.wikibase.cloud/entity/L31761-F65	lemma/115029	Aspect#Imp|Mood#Ind|Number#Sing|Person#1|Tense#Pres|VerbForm#Fin|Voice#Pass
005.SCG*LB4.CP-1++7.N.18.3-3.6-2W7	loquitur	Q64392	https://lilamorph.wikibase.cloud/entity/L31185-F69	lemma/110806	Aspect#Imp|Mood#Ind|Number#Sing|Person#3|Tense#Pres|VerbForm#Fin|Voice#Pass
005.SCG*LB4.CP-1++7.N.17.5-4.6-2W3	mentitus	Q64430	https://lilamorph.wikibase.cloud/entity/L31306-F204	lemma/112073	Aspect#Perf|Case#Nom|Degree#Pos|Gender#Masc|Number#Sing|Tense#Past|VerbForm#Part|Voice#Pass
005.SCG*LB4.CP-1++6.N.-3.2-6.4-1W2	loquetur	Q64432	https://lilamorph.wikibase.cloud/entity/L31185-F158	lemma/110806	Aspect#Imp|Mood#Ind|Number#Sing|Person#3|Tense#Fut|VerbForm#Fin|Voice#Pass
005.SCG*LB3.CP-5++3.N.-5.18-5.20-4W1	oportet	Q64440	https://lilamorph.wikibase.cloud/entity/L31767-F4	lemma/115099	Mood#Ind|Number#Sing|Person#3|Tense#Pres|VerbForm#Fin|Voice#Act
005.SCG*LB2.CP-7++6.N.18.1-2.3-2W2	operatur	Q64455	https://lilamorph.wikibase.cloud/entity/L31761-F68	lemma/115029	Mood#Ind|Number#Sing|Person#3|Tense#Pres|VerbForm#Fin|Voice#Pass
005.SCG*LB3.CP-8++7.N.-1.7-1.13-6W2	oportet	Q64465	https://lilamorph.wikibase.cloud/entity/L31767-F4	lemma/115099	Mood#Ind|Number#Sing|Person#3|Tense#Pres|VerbForm#Fin|Voice#Act
005.SCG*LB2.CP-4++2.N.-8.6-3.8-4W11	oportet	Q64497	https://lilamorph.wikibase.cloud/entity/L31767-F4	lemma/115099	Mood#Ind|Number#Sing|Person#3|Tense#Pres|VerbForm#Fin|Voice#Act
005.SCG*LB3.CP-7++6.N.-7.28-2.29-5W1	oportet	Q64567	https://lilamorph.wikibase.cloud/entity/L31767-F4	lemma/115099	Mood#Ind|Number#Sing|Person#3|Tense#Pres|VerbForm#Fin|Voice#Act
005.SCG*LB4.CP--++7.N.20.4-1.5-9W8	operatur	Q64607	https://lilamorph.wikibase.cloud/entity/L31761-F68	lemma/115029	Aspect#Imp|Mood#Ind|Number#Sing|Person#3|Tense#Pres|VerbForm#Fin|Voice#Pass
005.SCG*LB2.CP-7++9.N.11.1-2.3-5W8	oportet	Q64613	https://lilamorph.wikibase.cloud/entity/L31767-F4	lemma/115099	Mood#Ind|Number#Sing|Person#3|Tense#Pres|VerbForm#Fin|Voice#Act
005.SCG*LB4.CP--++4.N.-9.4-3.7-3W13	passus	Q64623	https://lilamorph.wikibase.cloud/entity/L31871-F163	lemma/116223	Aspect#Perf|Case#Nom|Degree#Pos|Gender#Masc|Number#Sing|Tense#Past|VerbForm#Part|Voice#Pass
005.SCG*LB2.CP-3++7.N.-2.21-1.26-6W21	oportet	Q64628	https://lilamorph.wikibase.cloud/entity/L31767-F4	lemma/115099	Mood#Ind|Number#Sing|Person#3|Tense#Pres|VerbForm#Fin|Voice#Act
005.SCG*LB3.CP10++6.N.-9.1-2.5-3W32	patiatur	Q64640	https://lilamorph.wikibase.cloud/entity/L31871-F75	lemma/116223	Mood#Sub|Number#Sing|Person#3|Tense#Pres|VerbForm#Fin|Voice#Pass
005.SCG*LB2.CP-5++9.N.12.11-2.13-4W1	oportet	Q64660	https://lilamorph.wikibase.cloud/entity/L31767-F4	lemma/115099	Mood#Ind|Number#Sing|Person#3|Tense#Pres|VerbForm#Fin|Voice#Act
005.SCG*LB3.CP14++9.N.-2.12-6.15-7W7	operandum	Q64664	https://lilamorph.wikibase.cloud/entity/L31761-F263	lemma/115029	Case#Acc|Degree#Pos|Number#Sing|VerbForm#Ger|Voice#Pass
005.SCG*LB4.CP-8++3.N.-3.8-3.10-2W8	oportebit	Q64665	https://lilamorph.wikibase.cloud/entity/L31767-F109	lemma/115099	Aspect#Imp|Mood#Ind|Number#Sing|Person#3|Tense#Fut|VerbForm#Fin|Voice#Act
005.SCG*LB1.CP-2++5.N.-6.3-2.5-2W6	oporteret	Q64685	https://lilamorph.wikibase.cloud/entity/L31767-F89	lemma/115099	Aspect#Imp|Mood#Sub|Number#Sing|Person#3|Tense#Imp|VerbForm#Fin|Voice#Act
005.SCG*LB1.CP-5++4.N.-7.1-1.7-8W18	oportet	Q64694	https://lilamorph.wikibase.cloud/entity/L31767-F4	lemma/115099	Mood#Ind|Number#Sing|Person#3|Tense#Pres|VerbForm#Fin|Voice#Act
005.SCG*LB3.CP15++4.N.25.18-3.21-5W16	oportet	Q64695	https://lilamorph.wikibase.cloud/entity/L31767-F4	lemma/115099	Mood#Ind|Number#Sing|Person#3|Tense#Pres|VerbForm#Fin|Voice#Act
005.SCG*LB1.CP-4++4.N.-2.15-4.20-2W20	oportet	Q64697	https://lilamorph.wikibase.cloud/entity/L31767-F4	lemma/115099	Mood#Ind|Number#Sing|Person#3|Tense#Pres|VerbForm#Fin|Voice#Act
005.SCG*LB3.CP13++4.N.-8.3-1.4-6W11	furandi	Q64729	https://lilamorph.wikibase.cloud/entity/L30126-F261	lemma/104075	Case#Gen|Degree#Pos|Number#Sing|VerbForm#Ger|Voice#Pass
005.SCG*LB3.CP12++4.N.-4.2-3.6-6W17	liceret	Q64789	https://lilamorph.wikibase.cloud/entity/L31140-F89	lemma/110433	Aspect#Imp|Mood#Sub|Number#Sing|Person#3|Tense#Imp|VerbForm#Fin|Voice#Act
005.SCG*LB3.CP14++1.N.-9.9-4.15-1W8	oportet	Q64798	https://lilamorph.wikibase.cloud/entity/L31767-F4	lemma/115099	Mood#Ind|Number#Sing|Person#3|Tense#Pres|VerbForm#Fin|Voice#Act
005.SCG*LB4.CP-4++3.N.-6.4-4.7-6W11	oportet	Q64807	https://lilamorph.wikibase.cloud/entity/L31767-F4	lemma/115099	Aspect#Imp|Mood#Ind|Number#Sing|Person#3|Tense#Pres|VerbForm#Fin|Voice#Act
005.SCG*LB3.CP10++1.N.-2.9-1.13-5W8	operatur	Q64825	https://lilamorph.wikibase.cloud/entity/L31761-F68	lemma/115029	Mood#Ind|Number#Sing|Person#3|Tense#Pres|VerbForm#Fin|Voice#Pass
005.SCG*LB2.CP-6++6.N.-1.1-1.4-1W14	opinabantur	Q64873	https://lilamorph.wikibase.cloud/entity/L31764-F99	lemma/115071	Aspect#Imp|Mood#Ind|Number#Plur|Person#3|Tense#Imp|VerbForm#Fin|Voice#Pass
005.SCG*LB2.CP-3++6.N.-8.1-1.5-3W5	oportet	Q64879	https://lilamorph.wikibase.cloud/entity/L31767-F4	lemma/115099	Mood#Ind|Number#Sing|Person#3|Tense#Pres|VerbForm#Fin|Voice#Act
005.SCG*LB4.CP-3++6.N.-2.4-5.7-1W2	oportet	Q64938	https://lilamorph.wikibase.cloud/entity/L31767-F4	lemma/115099	Aspect#Imp|Mood#Ind|Number#Sing|Person#3|Tense#Pres|VerbForm#Fin|Voice#Act
005.SCG*LB4.CP-1++4.N.12.8-6.17-2W17	oportet	Q64963	https://lilamorph.wikibase.cloud/entity/L31767-F4	lemma/115099	Aspect#Imp|Mood#Ind|Number#Sing|Person#3|Tense#Pres|VerbForm#Fin|Voice#Act
005.SCG*LB3.CP12++2.N.-8.7-2.9-2W14	oportet	Q64984	https://lilamorph.wikibase.cloud/entity/L31767-F4	lemma/115099	Mood#Ind|Number#Sing|Person#3|Tense#Pres|VerbForm#Fin|Voice#Act
005.SCG*LB4.CP-8++3.N.-6.14-1.17-1W20	moriendi	Q64990	https://lilamorph.wikibase.cloud/entity/L31378-F199	lemma/112797	Aspect#Perf|Case#Gen|Degree#Pos|Number#Sing|VerbForm#Ger|Voice#Pass
005.SCG*LB4.CP-5++9.N.-1.12-2.15-3W1	oportuit	Q65035	https://lilamorph.wikibase.cloud/entity/L31767-F128	lemma/115099	Aspect#Perf|Mood#Ind|Number#Sing|Person#3|Tense#Past|VerbForm#Fin|Voice#Act
005.SCG*LB1.CP-9++6.N.-4.7-1.9-4W12	oportet	Q65057	https://lilamorph.wikibase.cloud/entity/L31767-F4	lemma/115099	Mood#Ind|Number#Sing|Person#3|Tense#Pres|VerbForm#Fin|Voice#Act
005.SCG*LB4.CP-3++2.N.11.1-1.6-1W22	loquuntur	Q65060	https://lilamorph.wikibase.cloud/entity/L31185-F73	lemma/110806	Aspect#Imp|Mood#Ind|Number#Plur|Person#3|Tense#Pres|VerbForm#Fin|Voice#Pass
005.SCG*LB1.CP-7++1.N.-6.10-4.11-2W2	oportet	Q65079	https://lilamorph.wikibase.cloud/entity/L31767-F4	lemma/115099	Mood#Ind|Number#Sing|Person#3|Tense#Pres|VerbForm#Fin|Voice#Act
005.SCG*LB1.CP-1++2.N.-4.1-2.3-5W12	oportet	Q65095	https://lilamorph.wikibase.cloud/entity/L31767-F4	lemma/115099	Mood#Ind|Number#Sing|Person#3|Tense#Pres|VerbForm#Fin|Voice#Act
005.SCG*LB3.CP13++9.N.17.18-3.23-4W12	mortua	Q65119	https://lilamorph.wikibase.cloud/entity/L31378-F164	lemma/112797	Aspect#Perf|Case#Nom|Degree#Pos|Gender#Fem|Number#Sing|Tense#Past|VerbForm#Part|Voice#Pass
005.SCG*LB3.CP-1++0.N.10.5-2.7-1W6	imitatur	Q65138	https://lilamorph.wikibase.cloud/entity/L30349-F120	lemma/106366	Mood#Ind|Number#Sing|Person#3|Tense#Pres|VerbForm#Fin|Voice#Pass
005.SCG*LB3.CP-4++2.N.-7.16-1.18-6W12	oportet	Q65149	https://lilamorph.wikibase.cloud/entity/L31767-F4	lemma/115099	Mood#Ind|Number#Sing|Person#3|Tense#Pres|VerbForm#Fin|Voice#Act
005.SCG*LB4.CP-5++0.N.-3.11-1.13-2W12	moriendi	Q65209	https://lilamorph.wikibase.cloud/entity/L31378-F199	lemma/112797	Aspect#Perf|Case#Gen|Degree#Pos|Number#Sing|VerbForm#Ger|Voice#Pass
005.SCG*LB3.CP-8++6.N.12.12-2.14-4W3	oportet	Q65257	https://lilamorph.wikibase.cloud/entity/L31767-F4	lemma/115099	Mood#Ind|Number#Sing|Person#3|Tense#Pres|VerbForm#Fin|Voice#Act
005.SCG*LB4.CP-2++1.N.-2.23-1.29-1W27	operari	Q65272	https://lilamorph.wikibase.cloud/entity/L31761-F64	lemma/115029	Aspect#Imp|Tense#Pres|VerbForm#Inf|Voice#Pass
005.SCG*LB3.CP-7++4.N.-5.4-8.7-1W1	oportet	Q65284	https://lilamorph.wikibase.cloud/entity/L31767-F4	lemma/115099	Mood#Ind|Number#Sing|Person#3|Tense#Pres|VerbForm#Fin|Voice#Act
005.SCG*LB3.CP-8++7.N.-2.2-3.5-5W14	oportet	Q65341	https://lilamorph.wikibase.cloud/entity/L31767-F4	lemma/115099	Mood#Ind|Number#Sing|Person#3|Tense#Pres|VerbForm#Fin|Voice#Act
005.SCG*LB3.CP10++0.N.-1.1-1.4-3W14	operetur	Q65348	https://lilamorph.wikibase.cloud/entity/L31761-F75	lemma/115029	Mood#Sub|Number#Sing|Person#3|Tense#Pres|VerbForm#Fin|Voice#Pass
005.SCG*LB2.CP-6++0.N.-6.1-2.4-5W18	pati	Q65385	https://lilamorph.wikibase.cloud/entity/L31871-F64	lemma/116223	Tense#Pres|VerbForm#Inf|Voice#Pass
005.SCG*LB3.CP-8++5.N.20.22-3.27-2W7	sortitur	Q65432	https://lilamorph.wikibase.cloud/entity/L33654-F68	lemma/125212	Mood#Ind|Number#Sing|Person#3|Tense#Pres|VerbForm#Fin|Voice#Pass
005.SCG*LB2.CP-5++7.N.-8.13-1.15-4W19	patitur	Q65462	https://lilamorph.wikibase.cloud/entity/L31871-F68	lemma/116223	Mood#Ind|Number#Sing|Person#3|Tense#Pres|VerbForm#Fin|Voice#Pass
005.SCG*LB2.CP-7++3.N.19.5-5.8-4W1	pati	Q65465	https://lilamorph.wikibase.cloud/entity/L31871-F64	lemma/116223	Tense#Pres|VerbForm#Inf|Voice#Pass
005.SCG*LB3.CP15++8.N.-1.30-1.32-4W1	oportet	Q65473	https://lilamorph.wikibase.cloud/entity/L31767-F4	lemma/115099	Mood#Ind|Number#Sing|Person#3|Tense#Pres|VerbForm#Fin|Voice#Act
005.SCG*LB4.CP-7++2.N.-2.21-2.23-4W1	oportet	Q65478	https://lilamorph.wikibase.cloud/entity/L31767-F4	lemma/115099	Aspect#Imp|Mood#Ind|Number#Sing|Person#3|Tense#Pres|VerbForm#Fin|Voice#Act
005.SCG*LB3.CP10++2.N.-2.1-1.3-2W14	operari	Q65543	https://lilamorph.wikibase.cloud/entity/L31761-F64	lemma/115029	Tense#Pres|VerbForm#Inf|Voice#Pass
005.SCG*LB4.CP-1++7.N.11.10-1.11-5W1	oportet	Q65562	https://lilamorph.wikibase.cloud/entity/L31767-F4	lemma/115099	Aspect#Imp|Mood#Ind|Number#Sing|Person#3|Tense#Pres|VerbForm#Fin|Voice#Act
005.SCG*LB1.CP--++5.N.-4.3-3.7-9W18	metiri	Q65571	https://lilamorph.wikibase.cloud/entity/L31320-F64	lemma/112233	Tense#Pres|VerbForm#Inf|Voice#Pass
005.SCG*LB3.CP-8++6.N.11.6-1.6-7W4	oportet	Q65577	https://lilamorph.wikibase.cloud/entity/L31767-F4	lemma/115099	Mood#Ind|Number#Sing|Person#3|Tense#Pres|VerbForm#Fin|Voice#Act
005.SCG*LB4.CP-8++1.N.-5.14-7.18-2W14	operatur	Q65600	https://lilamorph.wikibase.cloud/entity/L31761-F68	lemma/115029	Aspect#Imp|Mood#Ind|Number#Sing|Person#3|Tense#Pres|VerbForm#Fin|Voice#Pass
005.SCG*LB2.CP-8++9.N.13.19-2.26-1W17	oportet	Q65657	https://lilamorph.wikibase.cloud/entity/L31767-F4	lemma/115099	Mood#Ind|Number#Sing|Person#3|Tense#Pres|VerbForm#Fin|Voice#Act
005.SCG*LB4.CP-2++7.N.-4.4-5.10-6W8	mortuos	Q65687	https://lilamorph.wikibase.cloud/entity/L31378-F184	lemma/112797	Aspect#Perf|Case#Acc|Degree#Pos|Gender#Masc|Number#Plur|Tense#Past|VerbForm#Part|Voice#Pass
005.SCG*LB3.CP-7++7.N.-1.14-2.16-2W13	operandum	Q65695	https://lilamorph.wikibase.cloud/entity/L31761-F263	lemma/115029	Case#Acc|Degree#Pos|Number#Sing|VerbForm#Ger|Voice#Pass
005.SCG*LB3.CP13++2.N.-5.2-6.5-5W8	oportet	Q65714	https://lilamorph.wikibase.cloud/entity/L31767-F4	lemma/115099	Mood#Ind|Number#Sing|Person#3|Tense#Pres|VerbForm#Fin|Voice#Act
005.SCG*LB1.CP-7++5.N.-4.1-2.5-6W26	oportet	Q65765	https://lilamorph.wikibase.cloud/entity/L31767-F4	lemma/115099	Mood#Ind|Number#Sing|Person#3|Tense#Pres|VerbForm#Fin|Voice#Act
005.SCG*LB4.CP-7++9.N.-7.8-1.9-5W1	oportet	Q65775	https://lilamorph.wikibase.cloud/entity/L31767-F4	lemma/115099	Aspect#Imp|Mood#Ind|Number#Sing|Person#3|Tense#Pres|VerbForm#Fin|Voice#Act
005.SCG*LB2.CP-2++1.N.-5.12-3.15-1W5	oportet	Q65781	https://lilamorph.wikibase.cloud/entity/L31767-F4	lemma/115099	Mood#Ind|Number#Sing|Person#3|Tense#Pres|VerbForm#Fin|Voice#Act
005.SCG*LB3.CP-8++6.N.-5.7-1.9-2W18	operari	Q65782	https://lilamorph.wikibase.cloud/entity/L31761-F64	lemma/115029	Tense#Pres|VerbForm#Inf|Voice#Pass
005.SCG*LB3.CP-9++7.N.-4.10-1.11-1W1	oportet	Q65822	https://lilamorph.wikibase.cloud/entity/L31767-F4	lemma/115099	Mood#Ind|Number#Sing|Person#3|Tense#Pres|VerbForm#Fin|Voice#Act
005.SCG*LB1.CP-4++5.N.-2.4-3.6-1W4	patitur	Q65826	https://lilamorph.wikibase.cloud/entity/L31871-F68	lemma/116223	Mood#Ind|Number#Sing|Person#3|Tense#Pres|VerbForm#Fin|Voice#Pass
005.SCG*LB3.CP-2++2.N.-5.11-1.16-5W26	oporteat	Q65897	https://lilamorph.wikibase.cloud/entity/L31767-F10	lemma/115099	Mood#Sub|Number#Sing|Person#3|Tense#Pres|VerbForm#Fin|Voice#Act
005.SCG*LB3.CP-2++9.N.-7.1-2.3-2W8	oportet	Q65901	https://lilamorph.wikibase.cloud/entity/L31767-F4	lemma/115099	Mood#Ind|Number#Sing|Person#3|Tense#Pres|VerbForm#Fin|Voice#Act
005.SCG*LB3.CP-6++2.N.-6.1-2.7-1W21	moritur	Q65916	https://lilamorph.wikibase.cloud/entity/L31378-F68	lemma/112797	Mood#Ind|Number#Sing|Person#3|Tense#Pres|VerbForm#Fin|Voice#Pass
005.SCG*LB2.CP-3++8.N.10.2-4.6-4W12	oportet	Q65938	https://lilamorph.wikibase.cloud/entity/L31767-F4	lemma/115099	Mood#Ind|Number#Sing|Person#3|Tense#Pres|VerbForm#Fin|Voice#Act
005.SCG*LB4.CP-1++1.N.-1.1-1.4-4W7	oportet	Q65958	https://lilamorph.wikibase.cloud/entity/L31767-F4	lemma/115099	Aspect#Imp|Mood#Ind|Number#Sing|Person#3|Tense#Pres|VerbForm#Fin|Voice#Act
005.SCG*LB3.CP-9++9.N.-9.1-1.7-3W28	operetur	Q65966	https://lilamorph.wikibase.cloud/entity/L31761-F75	lemma/115029	Mood#Sub|Number#Sing|Person#3|Tense#Pres|VerbForm#Fin|Voice#Pass
005.SCG*LB1.CP-7++1.N.13.4-5.6-1W1	oportet	Q65973	https://lilamorph.wikibase.cloud/entity/L31767-F4	lemma/115099	Mood#Ind|Number#Sing|Person#3|Tense#Pres|VerbForm#Fin|Voice#Act
005.SCG*LB3.CP12++2.N.-4.8-3.11-4W12	oportet	Q65992	https://lilamorph.wikibase.cloud/entity/L31767-F4	lemma/115099	Mood#Ind|Number#Sing|Person#3|Tense#Pres|VerbForm#Fin|Voice#Act
005.SCG*LB3.CP12++2.N.-5.3-7.4-8W8	oportet	Q66019	https://lilamorph.wikibase.cloud/entity/L31767-F4	lemma/115099	Mood#Ind|Number#Sing|Person#3|Tense#Pres|VerbForm#Fin|Voice#Act
005.SCG*LB4.CP--++4.N.--.1-1.2-6W2	opinatus	Q66041	https://lilamorph.wikibase.cloud/entity/L31764-F189	lemma/115071	Aspect#Perf|Case#Nom|Degree#Pos|Gender#Masc|Number#Sing|Tense#Past|VerbForm#Part|Voice#Pass
005.SCG*LB2.CP-3++2.N.-8.3-5.7-3W1	oportet	Q66066	https://lilamorph.wikibase.cloud/entity/L31767-F4	lemma/115099	Mood#Ind|Number#Sing|Person#3|Tense#Pres|VerbForm#Fin|Voice#Act
005.SCG*LB4.CP-5++4.N.-4.32-4.36-4W1	oportuit	Q66084	https://lilamorph.wikibase.cloud/entity/L31767-F128	lemma/115099	Aspect#Perf|Mood#Ind|Number#Sing|Person#3|Tense#Past|VerbForm#Fin|Voice#Act
005.SCG*LB2.CP-4++3.N.-7.4-5.10-3W28	oporteat	Q66099	https://lilamorph.wikibase.cloud/entity/L31767-F10	lemma/115099	Mood#Sub|Number#Sing|Person#3|Tense#Pres|VerbForm#Fin|Voice#Act
005.SCG*LB4.CP--++4.N.12.5-3.10-2W15	arbitratus	Q3743	https://lilamorph.wikibase.cloud/entity/L27190-F189	lemma/89779	Aspect#Perf|Case#Nom|Degree#Pos|Gender#Masc|Number#Sing|Tense#Past|VerbForm#Part|Voice#Pass
005.SCG*LB2.CP-4++2.N.-7.7-3.9-3W1	oportet	Q66135	https://lilamorph.wikibase.cloud/entity/L31767-F4	lemma/115099	Mood#Ind|Number#Sing|Person#3|Tense#Pres|VerbForm#Fin|Voice#Act
005.SCG*LB3.CP--++3.N.-2.3-6.5-4W9	oportet	Q66151	https://lilamorph.wikibase.cloud/entity/L31767-F4	lemma/115099	Mood#Ind|Number#Sing|Person#3|Tense#Pres|VerbForm#Fin|Voice#Act
005.SCG*LB4.CP-1++0.N.10.14-5.16-4W10	oportet	Q66154	https://lilamorph.wikibase.cloud/entity/L31767-F4	lemma/115099	Aspect#Imp|Mood#Ind|Number#Sing|Person#3|Tense#Pres|VerbForm#Fin|Voice#Act
005.SCG*LB2.CP-9++9.N.-3.1-2.6-2W14	oportet	Q66165	https://lilamorph.wikibase.cloud/entity/L31767-F4	lemma/115099	Mood#Ind|Number#Sing|Person#3|Tense#Pres|VerbForm#Fin|Voice#Act
005.SCG*LB4.CP-3++4.N.11.3-6.6-2W10	moriatur	Q66166	https://lilamorph.wikibase.cloud/entity/L31378-F75	lemma/112797	Aspect#Imp|Mood#Sub|Number#Sing|Person#3|Tense#Pres|VerbForm#Fin|Voice#Pass
005.SCG*LB1.CP-4++4.N.-2.27-2.28-3W1	oportet	Q66194	https://lilamorph.wikibase.cloud/entity/L31767-F4	lemma/115099	Mood#Ind|Number#Sing|Person#3|Tense#Pres|VerbForm#Fin|Voice#Act
005.SCG*LB3.CP-4++6.N.-1.13-1.15-2W3	oportet	Q66203	https://lilamorph.wikibase.cloud/entity/L31767-F4	lemma/115099	Mood#Ind|Number#Sing|Person#3|Tense#Pres|VerbForm#Fin|Voice#Act
005.SCG*LB3.CP-8++0.N.-6.3-2.4-3W7	interpretatur	Q66226	https://lilamorph.wikibase.cloud/entity/L30860-F136	lemma/108603	Mood#Ind|Number#Sing|Person#3|Tense#Pres|VerbForm#Fin|Voice#Pass
005.SCG*LB1.CP-1++3.N.32.6-1.10-1W3	oporteat	Q66261	https://lilamorph.wikibase.cloud/entity/L31767-F10	lemma/115099	Mood#Sub|Number#Sing|Person#3|Tense#Pres|VerbForm#Fin|Voice#Act
005.SCG*LB1.CP-3++8.N.-4.9-4.12-7W1	oportet	Q66279	https://lilamorph.wikibase.cloud/entity/L31767-F4	lemma/115099	Mood#Ind|Number#Sing|Person#3|Tense#Pres|VerbForm#Fin|Voice#Act
005.SCG*LB2.CP-6++4.N.-4.3-4.11-2W8	oporteret	Q66288	https://lilamorph.wikibase.cloud/entity/L31767-F89	lemma/115099	Aspect#Imp|Mood#Sub|Number#Sing|Person#3|Tense#Imp|VerbForm#Fin|Voice#Act
005.SCG*LB2.CP-5++9.N.16.1-2.3-6W9	largitur	Q66289	https://lilamorph.wikibase.cloud/entity/L31096-F68	lemma/109941	Mood#Ind|Number#Sing|Person#3|Tense#Pres|VerbForm#Fin|Voice#Pass
005.SCG*LB4.CP-1++0.N.10.6-4.9-1W11	oportet	Q66303	https://lilamorph.wikibase.cloud/entity/L31767-F4	lemma/115099	Aspect#Imp|Mood#Ind|Number#Sing|Person#3|Tense#Pres|VerbForm#Fin|Voice#Act
005.SCG*LB3.CP15++1.N.-2.6-6.9-5W21	oportet	Q66369	https://lilamorph.wikibase.cloud/entity/L31767-F4	lemma/115099	Mood#Ind|Number#Sing|Person#3|Tense#Pres|VerbForm#Fin|Voice#Act
005.SCG*LB1.CP-2++3.N.-3.20-6.25-2W2	oportet	Q66373	https://lilamorph.wikibase.cloud/entity/L31767-F4	lemma/115099	Mood#Ind|Number#Sing|Person#3|Tense#Pres|VerbForm#Fin|Voice#Act
005.SCG*LB3.CP-8++9.N.-8.10-4.11-7W4	oportet	Q66393	https://lilamorph.wikibase.cloud/entity/L31767-F4	lemma/115099	Mood#Ind|Number#Sing|Person#3|Tense#Pres|VerbForm#Fin|Voice#Act
005.SCG*LB1.CP-1++5.N.-5.16-4.18-3W2	oportet	Q66409	https://lilamorph.wikibase.cloud/entity/L31767-F4	lemma/115099	Mood#Ind|Number#Sing|Person#3|Tense#Pres|VerbForm#Fin|Voice#Act
005.SCG*LB4.CP-2++9.N.10.2-4.7-7W42	mortuis	Q66433	https://lilamorph.wikibase.cloud/entity/L31378-F190	lemma/112797	Aspect#Perf|Case#Abl|Degree#Pos|Gender#Masc|Number#Plur|Tense#Past|VerbForm#Part|Voice#Pass
005.SCG*LB3.CP--++2.N.-2.25-5.28-4W1	oportet	Q66439	https://lilamorph.wikibase.cloud/entity/L31767-F4	lemma/115099	Mood#Ind|Number#Sing|Person#3|Tense#Pres|VerbForm#Fin|Voice#Act
005.SCG*LB2.CP-5++5.N.-9.6-6.9-3W8	oportet	Q66474	https://lilamorph.wikibase.cloud/entity/L31767-F4	lemma/115099	Mood#Ind|Number#Sing|Person#3|Tense#Pres|VerbForm#Fin|Voice#Act
005.SCG*LB3.CP-9++2.N.10.22-5.26-2W18	loquendo	Q66482	https://lilamorph.wikibase.cloud/entity/L31185-F207	lemma/110806	Case#Abl|Degree#Pos|Number#Sing|VerbForm#Ger|Voice#Pass
005.SCG*LB3.CP15++0.N.-6.4-3.9-1W1	oportet	Q66489	https://lilamorph.wikibase.cloud/entity/L31767-F4	lemma/115099	Mood#Ind|Number#Sing|Person#3|Tense#Pres|VerbForm#Fin|Voice#Act
005.SCG*LB4.CP-1++3.N.11.12-2.14-4W1	oportet	Q66522	https://lilamorph.wikibase.cloud/entity/L31767-F4	lemma/115099	Aspect#Imp|Mood#Ind|Number#Sing|Person#3|Tense#Pres|VerbForm#Fin|Voice#Act
005.SCG*LB4.CP-1++7.N.14.4-1.5-7W6	loquatur	Q66531	https://lilamorph.wikibase.cloud/entity/L31185-F77	lemma/110806	Aspect#Imp|Mood#Sub|Number#Sing|Person#3|Tense#Pres|VerbForm#Fin|Voice#Pass
005.SCG*LB4.CP-4++7.N.-2.1-1.4-3W18	operatus	Q66541	https://lilamorph.wikibase.cloud/entity/L31761-F189	lemma/115029	Aspect#Perf|Case#Nom|Degree#Pos|Gender#Masc|Number#Sing|Tense#Past|VerbForm#Part|Voice#Pass
005.SCG*LB2.CP-3++3.N.-7.2-2.4-1W10	oportet	Q66558	https://lilamorph.wikibase.cloud/entity/L31767-F4	lemma/115099	Mood#Ind|Number#Sing|Person#3|Tense#Pres|VerbForm#Fin|Voice#Act
005.SCG*LB2.CP-6++2.N.-9.13-1.15-3W16	opinatur	Q66606	https://lilamorph.wikibase.cloud/entity/L31764-F68	lemma/115071	Mood#Ind|Number#Sing|Person#3|Tense#Pres|VerbForm#Fin|Voice#Pass
005.SCG*LB2.CP-2++5.N.-8.1-2.2-1W5	pati	Q66637	https://lilamorph.wikibase.cloud/entity/L31871-F64	lemma/116223	Tense#Pres|VerbForm#Inf|Voice#Pass
005.SCG*LB2.CP-5++8.N.-9.1-2.5-4W16	oportet	Q66652	https://lilamorph.wikibase.cloud/entity/L31767-F4	lemma/115099	Mood#Ind|Number#Sing|Person#3|Tense#Pres|VerbForm#Fin|Voice#Act
005.SCG*LB3.CP11++1.N.-1.35-4.38-1W1	oportet	Q66655	https://lilamorph.wikibase.cloud/entity/L31767-F4	lemma/115099	Mood#Ind|Number#Sing|Person#3|Tense#Pres|VerbForm#Fin|Voice#Act
005.SCG*LB3.CP14++4.N.-9.11-3.12-2W1	oportet	Q66671	https://lilamorph.wikibase.cloud/entity/L31767-F4	lemma/115099	Mood#Ind|Number#Sing|Person#3|Tense#Pres|VerbForm#Fin|Voice#Act
005.SCG*LB4.CP--++2.N.-2.22-2.24-6W15	locutus	Q66707	https://lilamorph.wikibase.cloud/entity/L31185-F165	lemma/110806	Aspect#Perf|Case#Nom|Degree#Pos|Gender#Masc|Number#Sing|Tense#Past|VerbForm#Part|Voice#Pass
005.SCG*LB4.CP-1++6.N.-3.2-6.4-1W10	loquetur	Q66759	https://lilamorph.wikibase.cloud/entity/L31185-F158	lemma/110806	Aspect#Imp|Mood#Ind|Number#Sing|Person#3|Tense#Fut|VerbForm#Fin|Voice#Pass
005.SCG*LB4.CP-5++3.N.25.1-1.6-2W15	pati	Q66773	https://lilamorph.wikibase.cloud/entity/L31871-F64	lemma/116223	Aspect#Imp|Tense#Pres|VerbForm#Inf|Voice#Pass
005.SCG*LB2.CP-7++6.N.-9.3-2.10-1W11	oportet	Q66850	https://lilamorph.wikibase.cloud/entity/L31767-F4	lemma/115099	Mood#Ind|Number#Sing|Person#3|Tense#Pres|VerbForm#Fin|Voice#Act
005.SCG*LB4.CP-8++4.N.-2.17-1.19-7W3	suffragari	Q66855	https://lilamorph.wikibase.cloud/entity/L33972-F64	lemma/126632	Aspect#Imp|Tense#Pres|VerbForm#Inf|Voice#Pass
005.SCG*LB1.CP-9++6.N.-7.23-8.25-3W10	loquuntur	Q66880	https://lilamorph.wikibase.cloud/entity/L31185-F73	lemma/110806	Mood#Ind|Number#Plur|Person#3|Tense#Pres|VerbForm#Fin|Voice#Pass
005.SCG*LB4.CP-8++3.N.-6.28-1.31-5W11	morientur	Q66916	https://lilamorph.wikibase.cloud/entity/L31378-F159	lemma/112797	Aspect#Imp|Mood#Ind|Number#Plur|Person#3|Tense#Fut|VerbForm#Fin|Voice#Pass
005.SCG*LB2.CP-9++6.N.-8.14-4.17-2W20	oportere	Q66935	https://lilamorph.wikibase.cloud/entity/L31767-F1	lemma/115099	Tense#Pres|VerbForm#Inf|Voice#Act
005.SCG*LB3.CP-1++0.N.-3.2-3.3-3W4	oportet	Q66956	https://lilamorph.wikibase.cloud/entity/L31767-F4	lemma/115099	Mood#Ind|Number#Sing|Person#3|Tense#Pres|VerbForm#Fin|Voice#Act
005.SCG*LB2.CP-3++2.N.-7.14-2.17-1W15	oporteat	Q66997	https://lilamorph.wikibase.cloud/entity/L31767-F10	lemma/115099	Mood#Sub|Number#Sing|Person#3|Tense#Pres|VerbForm#Fin|Voice#Act
005.SCG*LB3.CP-7++6.N.-9.6-1.7-5W12	operari	Q67086	https://lilamorph.wikibase.cloud/entity/L31761-F64	lemma/115029	Tense#Pres|VerbForm#Inf|Voice#Pass
005.SCG*LB4.CP-1++8.N.-7.12-2.13-2W4	scrutatur	Q67117	https://lilamorph.wikibase.cloud/entity/L33544-F68	lemma/123887	Aspect#Imp|Mood#Ind|Number#Sing|Person#3|Tense#Pres|VerbForm#Fin|Voice#Pass
005.SCG*LB2.CP-3++7.N.-4.20-3.24-1W9	oportet	Q67128	https://lilamorph.wikibase.cloud/entity/L31767-F4	lemma/115099	Mood#Ind|Number#Sing|Person#3|Tense#Pres|VerbForm#Fin|Voice#Act
005.SCG*LB1.CP10++0.N.-8.1-1.2-4W6	protestatur	Q67130	https://lilamorph.wikibase.cloud/entity/L32808-F68	lemma/120148	Mood#Ind|Number#Sing|Person#3|Tense#Pres|VerbForm#Fin|Voice#Pass
005.SCG*LB3.CP-5++9.N.-1.1-1.8-1W32	oportet	Q67217	https://lilamorph.wikibase.cloud/entity/L31767-F4	lemma/115099	Mood#Ind|Number#Sing|Person#3|Tense#Pres|VerbForm#Fin|Voice#Act
005.SCG*LB2.CP-9++2.N.-9.26-5.28-2W7	oportet	Q67249	https://lilamorph.wikibase.cloud/entity/L31767-F4	lemma/115099	Mood#Ind|Number#Sing|Person#3|Tense#Pres|VerbForm#Fin|Voice#Act
005.SCG*LB3.CP12++2.N.-4.1-1.2-2W1	oportet	Q67260	https://lilamorph.wikibase.cloud/entity/L31767-F4	lemma/115099	Mood#Ind|Number#Sing|Person#3|Tense#Pres|VerbForm#Fin|Voice#Act
005.SCG*LB3.CP14++0.N.-3.11-2.16-3W1	oportet	Q67282	https://lilamorph.wikibase.cloud/entity/L31767-F4	lemma/115099	Mood#Ind|Number#Sing|Person#3|Tense#Pres|VerbForm#Fin|Voice#Act
005.SCG*LB4.CP-9++1.N.-9.15-3.21-6W34	operatur	Q67305	https://lilamorph.wikibase.cloud/entity/L31761-F68	lemma/115029	Aspect#Imp|Mood#Ind|Number#Sing|Person#3|Tense#Pres|VerbForm#Fin|Voice#Pass
005.SCG*LB1.CP-1++3.N.30.8-3.9-7W11	oportet	Q67335	https://lilamorph.wikibase.cloud/entity/L31767-F4	lemma/115099	Mood#Ind|Number#Sing|Person#3|Tense#Pres|VerbForm#Fin|Voice#Act
005.SCG*LB2.CP-1++6.N.10.1-2.4-3W12	oportet	Q67364	https://lilamorph.wikibase.cloud/entity/L31767-F4	lemma/115099	Mood#Ind|Number#Sing|Person#3|Tense#Pres|VerbForm#Fin|Voice#Act
005.SCG*LB4.CP-8++9.N.-2.13-2.13-4W1	mortui	Q67371	https://lilamorph.wikibase.cloud/entity/L31378-F166	lemma/112797	Aspect#Perf|Case#Nom|Degree#Pos|Gender#Masc|Number#Plur|Tense#Past|VerbForm#Part|Voice#Pass
005.SCG*LB2.CP-3++3.N.-7.4-6.8-8W27	oportet	Q67378	https://lilamorph.wikibase.cloud/entity/L31767-F4	lemma/115099	Mood#Ind|Number#Sing|Person#3|Tense#Pres|VerbForm#Fin|Voice#Act
005.SCG*LB1.CP-6++9.N.-5.8-3.10-3W11	imitari	Q67396	https://lilamorph.wikibase.cloud/entity/L30349-F111	lemma/106366	Tense#Pres|VerbForm#Inf|Voice#Pass
005.SCG*LB3.CP12++2.N.-8.35-2.36-1W4	oportet	Q67399	https://lilamorph.wikibase.cloud/entity/L31767-F4	lemma/115099	Mood#Ind|Number#Sing|Person#3|Tense#Pres|VerbForm#Fin|Voice#Act
005.SCG*LB2.CP-1++5.N.-6.1-2.5-6W25	oportet	Q67427	https://lilamorph.wikibase.cloud/entity/L31767-F4	lemma/115099	Mood#Ind|Number#Sing|Person#3|Tense#Pres|VerbForm#Fin|Voice#Act
005.SCG*LB4.CP-1++0.N.15.5-1.8-5W13	oportet	Q67538	https://lilamorph.wikibase.cloud/entity/L31767-F4	lemma/115099	Aspect#Imp|Mood#Ind|Number#Sing|Person#3|Tense#Pres|VerbForm#Fin|Voice#Act
005.SCG*LB2.CP-6++0.N.26.5-4.9-6W14	oportet	Q67550	https://lilamorph.wikibase.cloud/entity/L31767-F4	lemma/115099	Mood#Ind|Number#Sing|Person#3|Tense#Pres|VerbForm#Fin|Voice#Act
005.SCG*LB3.CP-5++3.N.-1.1-1.3-4W1	oportet	Q67575	https://lilamorph.wikibase.cloud/entity/L31767-F4	lemma/115099	Mood#Ind|Number#Sing|Person#3|Tense#Pres|VerbForm#Fin|Voice#Act
005.SCG*LB3.CP-5++0.N.-5.2-4.4-4W13	molitur	Q67626	https://lilamorph.wikibase.cloud/entity/L31362-F68	lemma/112591	Mood#Ind|Number#Sing|Person#3|Tense#Pres|VerbForm#Fin|Voice#Pass
005.SCG*LB3.CP11++1.N.-1.31-1.35-3W3	oportet	Q67640	https://lilamorph.wikibase.cloud/entity/L31767-F4	lemma/115099	Mood#Ind|Number#Sing|Person#3|Tense#Pres|VerbForm#Fin|Voice#Act
005.SCG*LB4.CP-1++9.N.-2.20-6.22-1W1	oportet	Q67641	https://lilamorph.wikibase.cloud/entity/L31767-F4	lemma/115099	Aspect#Imp|Mood#Ind|Number#Sing|Person#3|Tense#Pres|VerbForm#Fin|Voice#Act
005.SCG*LB4.CP-7++9.N.-2.10-5.12-2W11	mortuorum	Q67690	https://lilamorph.wikibase.cloud/entity/L31378-F172	lemma/112797	Aspect#Perf|Case#Gen|Degree#Pos|Gender#Masc|Number#Plur|Tense#Past|VerbForm#Part|Voice#Pass
005.SCG*LB3.CP-7++5.N.-5.13-3.14-6W3	oportet	Q67691	https://lilamorph.wikibase.cloud/entity/L31767-F4	lemma/115099	Mood#Ind|Number#Sing|Person#3|Tense#Pres|VerbForm#Fin|Voice#Act
005.SCG*LB3.CP--++2.N.-8.3-4.5-5W13	operatur	Q67727	https://lilamorph.wikibase.cloud/entity/L31761-F68	lemma/115029	Mood#Ind|Number#Sing|Person#3|Tense#Pres|VerbForm#Fin|Voice#Pass
005.SCG*LB4.CP-5++5.N.19.27-6.30-3W17	pati	Q67765	https://lilamorph.wikibase.cloud/entity/L31871-F64	lemma/116223	Aspect#Imp|Tense#Pres|VerbForm#Inf|Voice#Pass
005.SCG*LB2.CP-2++1.N.-9.5-4.10-2W14	oportet	Q67808	https://lilamorph.wikibase.cloud/entity/L31767-F4	lemma/115099	Mood#Ind|Number#Sing|Person#3|Tense#Pres|VerbForm#Fin|Voice#Act
005.SCG*LB3.CP12++0.N.-8.3-1.5-2W17	operandi	Q67815	https://lilamorph.wikibase.cloud/entity/L31761-F261	lemma/115029	Case#Gen|Degree#Pos|Number#Sing|VerbForm#Ger|Voice#Pass
005.SCG*LB2.CP-5++9.N.17.1-2.4-6W4	sortitur	Q67842	https://lilamorph.wikibase.cloud/entity/L33654-F68	lemma/125212	Mood#Ind|Number#Sing|Person#3|Tense#Pres|VerbForm#Fin|Voice#Pass
005.SCG*LB3.CP15++0.N.-3.5-6.7-3W10	sortiatur	Q67844	https://lilamorph.wikibase.cloud/entity/L33654-F75	lemma/125212	Mood#Sub|Number#Sing|Person#3|Tense#Pres|VerbForm#Fin|Voice#Pass
005.SCG*LB2.CP-4++4.N.10.13-5.18-5W19	oportuit	Q67907	https://lilamorph.wikibase.cloud/entity/L31767-F128	lemma/115099	Aspect#Perf|Mood#Ind|Number#Sing|Person#3|Tense#Past|VerbForm#Fin|Voice#Act
005.SCG*LB1.CP-4++7.N.-8.2-1.3-7W12	scrutatur	Q67966	https://lilamorph.wikibase.cloud/entity/L33544-F68	lemma/123887	Mood#Ind|Number#Sing|Person#3|Tense#Pres|VerbForm#Fin|Voice#Pass
005.SCG*LB2.CP-9++0.N.-2.11-4.14-4W18	oportet	Q67984	https://lilamorph.wikibase.cloud/entity/L31767-F4	lemma/115099	Mood#Ind|Number#Sing|Person#3|Tense#Pres|VerbForm#Fin|Voice#Act
005.SCG*LB2.CP-1++6.N.10.9-4.11-8W10	oportet	Q67996	https://lilamorph.wikibase.cloud/entity/L31767-F4	lemma/115099	Mood#Ind|Number#Sing|Person#3|Tense#Pres|VerbForm#Fin|Voice#Act
005.SCG*LB1.CP-2++2.N.-2.11-4.14-5W6	oportet	Q68017	https://lilamorph.wikibase.cloud/entity/L31767-F4	lemma/115099	Mood#Ind|Number#Sing|Person#3|Tense#Pres|VerbForm#Fin|Voice#Act
005.SCG*LB2.CP-3++0.N.14.30-1.34-5W17	oporteat	Q68067	https://lilamorph.wikibase.cloud/entity/L31767-F10	lemma/115099	Mood#Sub|Number#Sing|Person#3|Tense#Pres|VerbForm#Fin|Voice#Act
005.SCG*LB3.CP-9++9.N.-5.12-5.14-2W13	operari	Q68069	https://lilamorph.wikibase.cloud/entity/L31761-F64	lemma/115029	Tense#Pres|VerbForm#Inf|Voice#Pass
005.SCG*LB4.CP-4++1.N.12.17-5.21-6W29	operari	Q68084	https://lilamorph.wikibase.cloud/entity/L31761-F64	lemma/115029	Aspect#Imp|Tense#Pres|VerbForm#Inf|Voice#Pass
005.SCG*LB4.CP-1++3.N.-7.12-8.16-3W16	loquendi	Q68110	https://lilamorph.wikibase.cloud/entity/L31185-F201	lemma/110806	Aspect#Perf|Case#Gen|Degree#Pos|Number#Sing|VerbForm#Ger|Voice#Pass
005.SCG*LB2.CP-8++2.N.-2.7-1.9-8W12	operantur	Q68113	https://lilamorph.wikibase.cloud/entity/L31761-F71	lemma/115029	Mood#Ind|Number#Plur|Person#3|Tense#Pres|VerbForm#Fin|Voice#Pass
005.SCG*LB1.CP10++2.N.-8.1-2.4-2W11	complectitur	Q6935	https://lilamorph.wikibase.cloud/entity/L28022-F135	lemma/95339	Mood#Ind|Number#Sing|Person#3|Tense#Pres|VerbForm#Fin|Voice#Pass
005.SCG*LB4.CP-3++5.N.-9.5-4.10-1W21	loquimur	Q68151	https://lilamorph.wikibase.cloud/entity/L31185-F70	lemma/110806	Aspect#Imp|Mood#Ind|Number#Plur|Person#1|Tense#Pres|VerbForm#Fin|Voice#Pass
005.SCG*LB3.CP-8++8.N.-3.1-2.3-4W9	pati	Q68154	https://lilamorph.wikibase.cloud/entity/L31871-F64	lemma/116223	Tense#Pres|VerbForm#Inf|Voice#Pass
005.SCG*LB3.CP10++9.N.-4.10-6.13-2W16	oportet	Q68238	https://lilamorph.wikibase.cloud/entity/L31767-F4	lemma/115099	Mood#Ind|Number#Sing|Person#3|Tense#Pres|VerbForm#Fin|Voice#Act
005.SCG*LB1.CP-1++7.N.-7.10-5.11-7W1	oportet	Q68256	https://lilamorph.wikibase.cloud/entity/L31767-F4	lemma/115099	Mood#Ind|Number#Sing|Person#3|Tense#Pres|VerbForm#Fin|Voice#Act
005.SCG*LB2.CP-4++1.N.14.6-1.12-4W19	opinatus	Q68257	https://lilamorph.wikibase.cloud/entity/L31764-F189	lemma/115071	Aspect#Perf|Case#Nom|Degree#Pos|Gender#Masc|Number#Sing|Tense#Past|VerbForm#Part|Voice#Pass
005.SCG*LB4.CP-8++3.N.-6.7-1.10-2W4	oportebit	Q68275	https://lilamorph.wikibase.cloud/entity/L31767-F109	lemma/115099	Aspect#Imp|Mood#Ind|Number#Sing|Person#3|Tense#Fut|VerbForm#Fin|Voice#Act
005.SCG*LB3.CP-1++2.N.-3.4-6.6-3W9	oportet	Q68293	https://lilamorph.wikibase.cloud/entity/L31767-F4	lemma/115099	Mood#Ind|Number#Sing|Person#3|Tense#Pres|VerbForm#Fin|Voice#Act
005.SCG*LB3.CP-2++9.N.-6.1-2.2-5W3	oportet	Q68306	https://lilamorph.wikibase.cloud/entity/L31767-F4	lemma/115099	Mood#Ind|Number#Sing|Person#3|Tense#Pres|VerbForm#Fin|Voice#Act
005.SCG*LB1.CP-5++0.N.-9.8-3.10-2W12	imitantur	Q68369	https://lilamorph.wikibase.cloud/entity/L30349-F126	lemma/106366	Mood#Ind|Number#Plur|Person#3|Tense#Pres|VerbForm#Fin|Voice#Pass
005.SCG*LB3.CP-4++3.N.-3.9-1.14-2W28	oportet	Q68413	https://lilamorph.wikibase.cloud/entity/L31767-F4	lemma/115099	Mood#Ind|Number#Sing|Person#3|Tense#Pres|VerbForm#Fin|Voice#Act
005.SCG*LB2.CP--++6.N.-3.6-6.10-4W21	oportet	Q68438	https://lilamorph.wikibase.cloud/entity/L31767-F4	lemma/115099	Mood#Ind|Number#Sing|Person#3|Tense#Pres|VerbForm#Fin|Voice#Act
005.SCG*LB2.CP-7++1.N.-1.1-1.7-6W13	oportet	Q68481	https://lilamorph.wikibase.cloud/entity/L31767-F4	lemma/115099	Mood#Ind|Number#Sing|Person#3|Tense#Pres|VerbForm#Fin|Voice#Act
005.SCG*LB3.CP10++4.N.-5.15-5.22-2W1	oportet	Q68526	https://lilamorph.wikibase.cloud/entity/L31767-F4	lemma/115099	Mood#Ind|Number#Sing|Person#3|Tense#Pres|VerbForm#Fin|Voice#Act
005.SCG*LB2.CP-2++1.N.-9.1-2.4-1W10	oportet	Q68557	https://lilamorph.wikibase.cloud/entity/L31767-F4	lemma/115099	Mood#Ind|Number#Sing|Person#3|Tense#Pres|VerbForm#Fin|Voice#Act
005.SCG*LB3.CP15++0.N.-7.4-1.9-4W36	operentur	Q68575	https://lilamorph.wikibase.cloud/entity/L31761-F78	lemma/115029	Mood#Sub|Number#Plur|Person#3|Tense#Pres|VerbForm#Fin|Voice#Pass
005.SCG*LB4.CP-2++1.N.-5.21-1.22-6W3	operatur	Q68581	https://lilamorph.wikibase.cloud/entity/L31761-F68	lemma/115029	Aspect#Imp|Mood#Ind|Number#Sing|Person#3|Tense#Pres|VerbForm#Fin|Voice#Pass
005.SCG*LB4.CP--++8.N.12.1-1.6-3W35	oportet	Q68638	https://lilamorph.wikibase.cloud/entity/L31767-F4	lemma/115099	Aspect#Imp|Mood#Ind|Number#Sing|Person#3|Tense#Pres|VerbForm#Fin|Voice#Act
005.SCG*LB3.CP-7++6.N.-6.13-1.16-1W15	operatur	Q68659	https://lilamorph.wikibase.cloud/entity/L31761-F68	lemma/115029	Mood#Ind|Number#Sing|Person#3|Tense#Pres|VerbForm#Fin|Voice#Pass
005.SCG*LB1.CP-9++6.N.-7.25-4.26-4W5	abominatur	Q593	https://lilamorph.wikibase.cloud/entity/L26685-F68	lemma/86958	Mood#Ind|Number#Sing|Person#3|Tense#Pres|VerbForm#Fin|Voice#Pass
005.SCG*LB3.CP14++8.N.-3.1-2.6-2W16	operatur	Q68721	https://lilamorph.wikibase.cloud/entity/L31761-F68	lemma/115029	Mood#Ind|Number#Sing|Person#3|Tense#Pres|VerbForm#Fin|Voice#Pass
005.SCG*LB3.CP-9++5.N.20.6-3.10-1W16	oportet	Q68851	https://lilamorph.wikibase.cloud/entity/L31767-F4	lemma/115099	Mood#Ind|Number#Sing|Person#3|Tense#Pres|VerbForm#Fin|Voice#Act
005.SCG*LB2.CP-5++2.N.-2.24-1.26-3W1	oportet	Q68859	https://lilamorph.wikibase.cloud/entity/L31767-F4	lemma/115099	Mood#Ind|Number#Sing|Person#3|Tense#Pres|VerbForm#Fin|Voice#Act
005.SCG*LB4.CP-2++2.N.-5.8-1.10-7W16	passo	Q68892	https://lilamorph.wikibase.cloud/entity/L31871-F187	lemma/116223	Aspect#Perf|Case#Abl|Degree#Pos|Gender#Masc|Number#Sing|Tense#Past|VerbForm#Part|Voice#Pass
005.SCG*LB1.CP10++1.N.-4.6-1.10-4W16	oportet	Q68896	https://lilamorph.wikibase.cloud/entity/L31767-F4	lemma/115099	Mood#Ind|Number#Sing|Person#3|Tense#Pres|VerbForm#Fin|Voice#Act
005.SCG*LB3.CP13++6.N.10.8-3.12-1W20	oportet	Q68903	https://lilamorph.wikibase.cloud/entity/L31767-F4	lemma/115099	Mood#Ind|Number#Sing|Person#3|Tense#Pres|VerbForm#Fin|Voice#Act
005.SCG*LB3.CP-8++1.N.-1.10-3.12-3W2	oportuit	Q68922	https://lilamorph.wikibase.cloud/entity/L31767-F128	lemma/115099	Aspect#Perf|Mood#Ind|Number#Sing|Person#3|Tense#Past|VerbForm#Fin|Voice#Act
005.SCG*LB4.CP-7++4.N.-2.31-5.33-1W1	oportet	Q68983	https://lilamorph.wikibase.cloud/entity/L31767-F4	lemma/115099	Aspect#Imp|Mood#Ind|Number#Sing|Person#3|Tense#Pres|VerbForm#Fin|Voice#Act
005.SCG*LB2.CP-5++0.N.-3.12-1.13-3W4	oportet	Q69004	https://lilamorph.wikibase.cloud/entity/L31767-F4	lemma/115099	Mood#Ind|Number#Sing|Person#3|Tense#Pres|VerbForm#Fin|Voice#Act
005.SCG*LB2.CP-4++6.N.-5.25-3.28-5W1	oportet	Q69009	https://lilamorph.wikibase.cloud/entity/L31767-F4	lemma/115099	Mood#Ind|Number#Sing|Person#3|Tense#Pres|VerbForm#Fin|Voice#Act
005.SCG*LB3.CP-8++9.N.-8.3-4.6-5W12	oportet	Q69030	https://lilamorph.wikibase.cloud/entity/L31767-F4	lemma/115099	Mood#Ind|Number#Sing|Person#3|Tense#Pres|VerbForm#Fin|Voice#Act
005.SCG*LB3.CP11++9.N.-7.1-1.3-8W20	evagetur	Q69056	https://lilamorph.wikibase.cloud/entity/L29570-F75	lemma/101570	Mood#Sub|Number#Sing|Person#3|Tense#Pres|VerbForm#Fin|Voice#Pass
005.SCG*LB2.CP-2++8.N.15.19-2.21-7W7	oportuit	Q69078	https://lilamorph.wikibase.cloud/entity/L31767-F128	lemma/115099	Aspect#Perf|Mood#Ind|Number#Sing|Person#3|Tense#Past|VerbForm#Fin|Voice#Act
005.SCG*LB3.CP-5++6.N.-5.13-1.22-4W47	oportet	Q69104	https://lilamorph.wikibase.cloud/entity/L31767-F4	lemma/115099	Mood#Ind|Number#Sing|Person#3|Tense#Pres|VerbForm#Fin|Voice#Act
005.SCG*LB1.CP-2++3.N.-3.3-7.5-6W9	oportet	Q69140	https://lilamorph.wikibase.cloud/entity/L31767-F4	lemma/115099	Mood#Ind|Number#Sing|Person#3|Tense#Pres|VerbForm#Fin|Voice#Act
005.SCG*LB1.CP-7++9.N.-7.1-1.6-4W11	oportet	Q69157	https://lilamorph.wikibase.cloud/entity/L31767-F4	lemma/115099	Mood#Ind|Number#Sing|Person#3|Tense#Pres|VerbForm#Fin|Voice#Act
005.SCG*LB4.CP-5++0.N.-3.7-6.10-6W20	morieris	Q69229	https://lilamorph.wikibase.cloud/entity/L31378-F155	lemma/112797	Aspect#Imp|Mood#Ind|Number#Sing|Person#2|Tense#Fut|VerbForm#Fin|Voice#Pass
005.SCG*LB2.CP-4++7.N.-5.1-2.2-4W2	oportet	Q69239	https://lilamorph.wikibase.cloud/entity/L31767-F4	lemma/115099	Mood#Ind|Number#Sing|Person#3|Tense#Pres|VerbForm#Fin|Voice#Act
005.SCG*LB3.CP-6++4.N.-7.5-5.7-3W1	oportet	Q69245	https://lilamorph.wikibase.cloud/entity/L31767-F4	lemma/115099	Mood#Ind|Number#Sing|Person#3|Tense#Pres|VerbForm#Fin|Voice#Act
005.SCG*LB3.CP14++6.N.-8.9-4.10-7W8	irascitur	Q69277	https://lilamorph.wikibase.cloud/entity/L30977-F68	lemma/108955	Mood#Ind|Number#Sing|Person#3|Tense#Pres|VerbForm#Fin|Voice#Pass
005.SCG*LB2.CP-5++5.N.-2.5-5.6-5W5	oportet	Q69291	https://lilamorph.wikibase.cloud/entity/L31767-F4	lemma/115099	Mood#Ind|Number#Sing|Person#3|Tense#Pres|VerbForm#Fin|Voice#Act
005.SCG*LB4.CP-5++0.N.10.19-3.21-7W13	oportet	Q69292	https://lilamorph.wikibase.cloud/entity/L31767-F4	lemma/115099	Aspect#Imp|Mood#Ind|Number#Sing|Person#3|Tense#Pres|VerbForm#Fin|Voice#Act
005.SCG*LB4.CP-3++4.N.-4.1-2.3-1W4	loquendi	Q69319	https://lilamorph.wikibase.cloud/entity/L31185-F201	lemma/110806	Aspect#Perf|Case#Gen|Degree#Pos|Number#Sing|VerbForm#Ger|Voice#Pass
005.SCG*LB3.CP-6++8.N.-4.8-2.11-6W16	oportet	Q69339	https://lilamorph.wikibase.cloud/entity/L31767-F4	lemma/115099	Mood#Ind|Number#Sing|Person#3|Tense#Pres|VerbForm#Fin|Voice#Act
005.SCG*LB3.CP-9++5.N.20.33-1.38-5W20	arbitrarentur	Q3740	https://lilamorph.wikibase.cloud/entity/L27190-F106	lemma/89779	Aspect#Imp|Mood#Sub|Number#Plur|Person#3|Tense#Imp|VerbForm#Fin|Voice#Pass
005.SCG*LB4.CP-8++3.N.10.7-1.8-3W3	oportet	Q69373	https://lilamorph.wikibase.cloud/entity/L31767-F4	lemma/115099	Aspect#Imp|Mood#Ind|Number#Sing|Person#3|Tense#Pres|VerbForm#Fin|Voice#Act
005.SCG*LB2.CP-7++8.N.-8.9-2.13-2W18	pati	Q69426	https://lilamorph.wikibase.cloud/entity/L31871-F64	lemma/116223	Tense#Pres|VerbForm#Inf|Voice#Pass
005.SCG*LB1.CP-4++2.N.17.7-1.8-3W10	oportet	Q69469	https://lilamorph.wikibase.cloud/entity/L31767-F4	lemma/115099	Mood#Ind|Number#Sing|Person#3|Tense#Pres|VerbForm#Fin|Voice#Act
005.SCG*LB3.CP-8++4.N.-3.6-3.8-4W1	oportet	Q69475	https://lilamorph.wikibase.cloud/entity/L31767-F4	lemma/115099	Mood#Ind|Number#Sing|Person#3|Tense#Pres|VerbForm#Fin|Voice#Act
005.SCG*LB1.CP--++3.N.-6.1-1.3-1W12	experimur	Q69479	https://lilamorph.wikibase.cloud/entity/L29780-F69	lemma/102165	Mood#Ind|Number#Plur|Person#1|Tense#Pres|VerbForm#Fin|Voice#Pass
005.SCG*LB3.CP15++5.N.-6.6-6.9-1W1	oportet	Q69526	https://lilamorph.wikibase.cloud/entity/L31767-F4	lemma/115099	Mood#Ind|Number#Sing|Person#3|Tense#Pres|VerbForm#Fin|Voice#Act
005.SCG*LB3.CP13++4.N.-4.1-1.4-2W1	oportet	Q69537	https://lilamorph.wikibase.cloud/entity/L31767-F4	lemma/115099	Mood#Ind|Number#Sing|Person#3|Tense#Pres|VerbForm#Fin|Voice#Act
005.SCG*LB2.CP-4++7.N.-3.8-5.11-6W12	operandum	Q69550	https://lilamorph.wikibase.cloud/entity/L31761-F263	lemma/115029	Case#Acc|Degree#Pos|Number#Sing|VerbForm#Ger|Voice#Pass
005.SCG*LB2.CP-7++5.N.10.1-1.5-1W4	oportet	Q69573	https://lilamorph.wikibase.cloud/entity/L31767-F4	lemma/115099	Mood#Ind|Number#Sing|Person#3|Tense#Pres|VerbForm#Fin|Voice#Act
005.SCG*LB3.CP10++2.N.-6.1-2.5-2W7	operetur	Q69745	https://lilamorph.wikibase.cloud/entity/L31761-F75	lemma/115029	Mood#Sub|Number#Sing|Person#3|Tense#Pres|VerbForm#Fin|Voice#Pass
005.SCG*LB3.CP13++9.N.17.10-5.12-2W3	mortuum	Q69775	https://lilamorph.wikibase.cloud/entity/L31378-F165	lemma/112797	Aspect#Perf|Case#Nom|Degree#Pos|Gender#Neut|Number#Sing|Tense#Past|VerbForm#Part|Voice#Pass
005.SCG*LB3.CP14++3.N.-2.16-7.21-1W27	patiatur	Q69817	https://lilamorph.wikibase.cloud/entity/L31871-F75	lemma/116223	Mood#Sub|Number#Sing|Person#3|Tense#Pres|VerbForm#Fin|Voice#Pass
005.SCG*LB4.CP-2++9.N.-3.8-5.11-3W8	loquendi	Q69846	https://lilamorph.wikibase.cloud/entity/L31185-F201	lemma/110806	Aspect#Perf|Case#Gen|Degree#Pos|Number#Sing|VerbForm#Ger|Voice#Pass
005.SCG*LB4.CP-2++3.N.13.4-5.9-4W36	oportet	Q69887	https://lilamorph.wikibase.cloud/entity/L31767-F4	lemma/115099	Aspect#Imp|Mood#Ind|Number#Sing|Person#3|Tense#Pres|VerbForm#Fin|Voice#Act
005.SCG*LB3.CP-4++3.N.10.19-3.22-1W8	oportebit	Q69920	https://lilamorph.wikibase.cloud/entity/L31767-F109	lemma/115099	Mood#Ind|Number#Sing|Person#3|Tense#Fut|VerbForm#Fin|Voice#Act
005.SCG*LB4.CP-8++2.N.-8.13-1.15-3W18	moriantur	Q69927	https://lilamorph.wikibase.cloud/entity/L31378-F78	lemma/112797	Aspect#Imp|Mood#Sub|Number#Plur|Person#3|Tense#Pres|VerbForm#Fin|Voice#Pass
005.SCG*LB3.CP10++5.N.-5.1-1.8-4W12	operatur	Q69949	https://lilamorph.wikibase.cloud/entity/L31761-F68	lemma/115029	Mood#Ind|Number#Sing|Person#3|Tense#Pres|VerbForm#Fin|Voice#Pass
005.SCG*LB4.CP-5++5.N.19.13-1.17-1W30	arbitratur	Q3739	https://lilamorph.wikibase.cloud/entity/L27190-F68	lemma/89779	Aspect#Imp|Mood#Ind|Number#Sing|Person#3|Tense#Pres|VerbForm#Fin|Voice#Pass
005.SCG*LB1.CP-7++3.N.-4.1-2.4-1W9	oportet	Q70011	https://lilamorph.wikibase.cloud/entity/L31767-F4	lemma/115099	Mood#Ind|Number#Sing|Person#3|Tense#Pres|VerbForm#Fin|Voice#Act
005.SCG*LB1.CP-1++3.N.13.3-3.4-1W4	oportet	Q70025	https://lilamorph.wikibase.cloud/entity/L31767-F4	lemma/115099	Mood#Ind|Number#Sing|Person#3|Tense#Pres|VerbForm#Fin|Voice#Act
005.SCG*LB2.CP-2++1.N.-5.9-4.12-2W3	oportet	Q70026	https://lilamorph.wikibase.cloud/entity/L31767-F4	lemma/115099	Mood#Ind|Number#Sing|Person#3|Tense#Pres|VerbForm#Fin|Voice#Act
005.SCG*LB3.CP-8++2.N.-7.17-8.19-3W1	oportet	Q70106	https://lilamorph.wikibase.cloud/entity/L31767-F4	lemma/115099	Mood#Ind|Number#Sing|Person#3|Tense#Pres|VerbForm#Fin|Voice#Act
005.SCG*LB4.CP-3++6.N.-5.1-2.3-3W9	oportet	Q70107	https://lilamorph.wikibase.cloud/entity/L31767-F4	lemma/115099	Aspect#Imp|Mood#Ind|Number#Sing|Person#3|Tense#Pres|VerbForm#Fin|Voice#Act
005.SCG*LB4.CP--++5.N.-1.13-5.17-3W28	loquuntur	Q70117	https://lilamorph.wikibase.cloud/entity/L31185-F73	lemma/110806	Aspect#Imp|Mood#Ind|Number#Plur|Person#3|Tense#Pres|VerbForm#Fin|Voice#Pass
005.SCG*LB4.CP-6++9.N.-4.9-1.13-6W5	licitum	Q70128	https://lilamorph.wikibase.cloud/entity/L31140-F180	lemma/110433	Aspect#Perf|Case#Nom|Degree#Pos|Gender#Neut|Number#Sing|Tense#Past|VerbForm#Part|Voice#Pass
005.SCG*LB3.CP10++5.N.-5.11-2.13-2W7	sortiri	Q70176	https://lilamorph.wikibase.cloud/entity/L33654-F64	lemma/125212	Tense#Pres|VerbForm#Inf|Voice#Pass
005.SCG*LB2.CP-3++5.N.-6.27-1.32-6W30	oportet	Q70208	https://lilamorph.wikibase.cloud/entity/L31767-F4	lemma/115099	Mood#Ind|Number#Sing|Person#3|Tense#Pres|VerbForm#Fin|Voice#Act
005.SCG*LB4.CP-1++7.N.10.8-3.9-5W4	locutus	Q70216	https://lilamorph.wikibase.cloud/entity/L31185-F165	lemma/110806	Aspect#Perf|Case#Nom|Degree#Pos|Gender#Masc|Number#Sing|Tense#Past|VerbForm#Part|Voice#Pass
005.SCG*LB4.CP-2++3.N.12.1-1.4-5W21	oportet	Q70237	https://lilamorph.wikibase.cloud/entity/L31767-F4	lemma/115099	Aspect#Imp|Mood#Ind|Number#Sing|Person#3|Tense#Pres|VerbForm#Fin|Voice#Act
005.SCG*LB2.CP-4++1.N.-5.9-3.12-3W17	oportebit	Q70246	https://lilamorph.wikibase.cloud/entity/L31767-F109	lemma/115099	Mood#Ind|Number#Sing|Person#3|Tense#Fut|VerbForm#Fin|Voice#Act
005.SCG*LB4.CP-8++3.N.-4.4-2.9-2W25	oportebit	Q70271	https://lilamorph.wikibase.cloud/entity/L31767-F109	lemma/115099	Aspect#Imp|Mood#Ind|Number#Sing|Person#3|Tense#Fut|VerbForm#Fin|Voice#Act
005.SCG*LB3.CP-7++4.N.-4.3-4.6-6W6	oportet	Q70275	https://lilamorph.wikibase.cloud/entity/L31767-F4	lemma/115099	Mood#Ind|Number#Sing|Person#3|Tense#Pres|VerbForm#Fin|Voice#Act
005.SCG*LB4.CP-5++6.N.-2.11-1.12-4W4	oportet	Q70277	https://lilamorph.wikibase.cloud/entity/L31767-F4	lemma/115099	Aspect#Imp|Mood#Ind|Number#Sing|Person#3|Tense#Pres|VerbForm#Fin|Voice#Act
005.SCG*LB2.CP-1++2.N.-2.5-3.9-6W21	oporteret	Q70283	https://lilamorph.wikibase.cloud/entity/L31767-F89	lemma/115099	Aspect#Imp|Mood#Sub|Number#Sing|Person#3|Tense#Imp|VerbForm#Fin|Voice#Act
005.SCG*LB2.CP-7++5.N.15.41-1.47-3W32	operando	Q70300	https://lilamorph.wikibase.cloud/entity/L31761-F264	lemma/115029	Case#Abl|Degree#Pos|Number#Sing|VerbForm#Ger|Voice#Pass
005.SCG*LB4.CP-4++1.N.10.3-5.11-6W28	oporteret	Q70330	https://lilamorph.wikibase.cloud/entity/L31767-F89	lemma/115099	Aspect#Imp|Mood#Sub|Number#Sing|Person#3|Tense#Imp|VerbForm#Fin|Voice#Act
005.SCG*LB2.CP-7++5.N.15.21-1.22-5W13	imitatur	Q70362	https://lilamorph.wikibase.cloud/entity/L30349-F120	lemma/106366	Mood#Ind|Number#Sing|Person#3|Tense#Pres|VerbForm#Fin|Voice#Pass
005.SCG*LB1.CP-6++8.N.-8.5-4.7-6W14	operari	Q70363	https://lilamorph.wikibase.cloud/entity/L31761-F64	lemma/115029	Tense#Pres|VerbForm#Inf|Voice#Pass
005.SCG*LB4.CP-1++0.N.11.1-2.3-9W1	oportet	Q70385	https://lilamorph.wikibase.cloud/entity/L31767-F4	lemma/115099	Aspect#Imp|Mood#Ind|Number#Sing|Person#3|Tense#Pres|VerbForm#Fin|Voice#Act
005.SCG*LB4.CP-2++9.N.-2.3-2.8-1W19	mentitur	Q70403	https://lilamorph.wikibase.cloud/entity/L31306-F68	lemma/112073	Aspect#Imp|Mood#Ind|Number#Sing|Person#3|Tense#Pres|VerbForm#Fin|Voice#Pass
005.SCG*LB3.CP13++6.N.13.5-1.7-1W5	patitur	Q70418	https://lilamorph.wikibase.cloud/entity/L31871-F68	lemma/116223	Mood#Ind|Number#Sing|Person#3|Tense#Pres|VerbForm#Fin|Voice#Pass
005.SCG*LB1.CP-9++0.N.-2.14-3.15-4W7	sortiuntur	Q70439	https://lilamorph.wikibase.cloud/entity/L33654-F71	lemma/125212	Mood#Ind|Number#Plur|Person#3|Tense#Pres|VerbForm#Fin|Voice#Pass
005.SCG*LB3.CP-1++1.N.-2.3-5.4-7W1	oportet	Q70479	https://lilamorph.wikibase.cloud/entity/L31767-F4	lemma/115099	Mood#Ind|Number#Sing|Person#3|Tense#Pres|VerbForm#Fin|Voice#Act
005.SCG*LB3.CP-9++5.N.20.10-2.12-3W16	complectatur	Q6938	https://lilamorph.wikibase.cloud/entity/L28022-F149	lemma/95339	Mood#Sub|Number#Sing|Person#3|Tense#Pres|VerbForm#Fin|Voice#Pass
005.SCG*LB2.CP-1++8.N.-1.1-1.7-6W19	oportet	Q70522	https://lilamorph.wikibase.cloud/entity/L31767-F4	lemma/115099	Mood#Ind|Number#Sing|Person#3|Tense#Pres|VerbForm#Fin|Voice#Act
005.SCG*LB2.CP-6++8.N.-7.1-1.3-5W12	oportet	Q70523	https://lilamorph.wikibase.cloud/entity/L31767-F4	lemma/115099	Mood#Ind|Number#Sing|Person#3|Tense#Pres|VerbForm#Fin|Voice#Act
005.SCG*LB3.CP-6++7.N.-5.1-2.8-1W7	oportet	Q70542	https://lilamorph.wikibase.cloud/entity/L31767-F4	lemma/115099	Mood#Ind|Number#Sing|Person#3|Tense#Pres|VerbForm#Fin|Voice#Act
005.SCG*LB4.CP-5++1.N.11.2-3.4-4W12	oportet	Q70631	https://lilamorph.wikibase.cloud/entity/L31767-F4	lemma/115099	Aspect#Imp|Mood#Ind|Number#Sing|Person#3|Tense#Pres|VerbForm#Fin|Voice#Act
005.SCG*LB4.CP-5++5.N.12.13-1.17-2W14	conversatus	Q9986	https://lilamorph.wikibase.cloud/entity/L28399-F189	lemma/96443	Aspect#Perf|Case#Nom|Degree#Pos|Gender#Masc|Number#Sing|Tense#Past|VerbForm#Part|Voice#Pass
005.SCG*LB3.CP10++7.N.-5.4-3.7-4W13	oportet	Q70734	https://lilamorph.wikibase.cloud/entity/L31767-F4	lemma/115099	Mood#Ind|Number#Sing|Person#3|Tense#Pres|VerbForm#Fin|Voice#Act
005.SCG*LB2.CP-4++7.N.-3.13-1.14-6W13	operandum	Q70788	https://lilamorph.wikibase.cloud/entity/L31761-F263	lemma/115029	Case#Acc|Degree#Pos|Number#Sing|VerbForm#Ger|Voice#Pass
005.SCG*LB2.CP-3++0.N.15.13-1.17-2W1	oportet	Q70845	https://lilamorph.wikibase.cloud/entity/L31767-F4	lemma/115099	Mood#Ind|Number#Sing|Person#3|Tense#Pres|VerbForm#Fin|Voice#Act
005.SCG*LB4.CP-7++6.N.-7.15-1.18-3W12	oportuit	Q70850	https://lilamorph.wikibase.cloud/entity/L31767-F128	lemma/115099	Aspect#Perf|Mood#Ind|Number#Sing|Person#3|Tense#Past|VerbForm#Fin|Voice#Act
005.SCG*LB2.CP-7++9.N.15.6-6.9-2W4	moritur	Q70856	https://lilamorph.wikibase.cloud/entity/L31378-F68	lemma/112797	Mood#Ind|Number#Sing|Person#3|Tense#Pres|VerbForm#Fin|Voice#Pass
005.SCG*LB3.CP-9++5.N.19.5-1.6-5W8	mentiatur	Q70867	https://lilamorph.wikibase.cloud/entity/L31306-F75	lemma/112073	Mood#Sub|Number#Sing|Person#3|Tense#Pres|VerbForm#Fin|Voice#Pass
005.SCG*LB4.CP-9++7.N.-2.3-1.5-4W12	oportet	Q70880	https://lilamorph.wikibase.cloud/entity/L31767-F4	lemma/115099	Aspect#Imp|Mood#Ind|Number#Sing|Person#3|Tense#Pres|VerbForm#Fin|Voice#Act
005.SCG*LB4.CP-7++0.N.-2.3-7.8-2W28	loqui	Q70893	https://lilamorph.wikibase.cloud/entity/L31185-F65	lemma/110806	Aspect#Imp|Tense#Pres|VerbForm#Inf|Voice#Pass
005.SCG*LB4.CP-3++4.N.14.24-3.27-2W9	oportet	Q70901	https://lilamorph.wikibase.cloud/entity/L31767-F4	lemma/115099	Aspect#Imp|Mood#Ind|Number#Sing|Person#3|Tense#Pres|VerbForm#Fin|Voice#Act
005.SCG*LB4.CP-5++6.N.-4.5-3.7-6W4	operatur	Q70939	https://lilamorph.wikibase.cloud/entity/L31761-F68	lemma/115029	Aspect#Imp|Mood#Ind|Number#Sing|Person#3|Tense#Pres|VerbForm#Fin|Voice#Pass
005.SCG*LB3.CP--++8.N.-6.6-3.7-4W1	oportet	Q70981	https://lilamorph.wikibase.cloud/entity/L31767-F4	lemma/115099	Mood#Ind|Number#Sing|Person#3|Tense#Pres|VerbForm#Fin|Voice#Act
005.SCG*LB2.CP-8++8.N.13.12-1.13-4W1	oportet	Q71014	https://lilamorph.wikibase.cloud/entity/L31767-F4	lemma/115099	Mood#Ind|Number#Sing|Person#3|Tense#Pres|VerbForm#Fin|Voice#Act
005.SCG*LB4.CP-8++6.N.-4.12-3.14-3W9	pati	Q71028	https://lilamorph.wikibase.cloud/entity/L31871-F64	lemma/116223	Aspect#Imp|Tense#Pres|VerbForm#Inf|Voice#Pass
005.SCG*LB3.CP-5++0.N.-5.4-5.6-4W9	molitur	Q71048	https://lilamorph.wikibase.cloud/entity/L31362-F68	lemma/112591	Mood#Ind|Number#Sing|Person#3|Tense#Pres|VerbForm#Fin|Voice#Pass
005.SCG*LB3.CP-8++4.N.-4.4-9.7-5W16	passum	Q71074	https://lilamorph.wikibase.cloud/entity/L31871-F165	lemma/116223	Aspect#Perf|Case#Nom|Degree#Pos|Gender#Neut|Number#Sing|Tense#Past|VerbForm#Part|Voice#Pass
005.SCG*LB1.CP-1++3.N.34.4-6.8-7W24	oportet	Q71077	https://lilamorph.wikibase.cloud/entity/L31767-F4	lemma/115099	Mood#Ind|Number#Sing|Person#3|Tense#Pres|VerbForm#Fin|Voice#Act
005.SCG*LB4.CP-8++4.N.16.1-1.3-6W1	oportet	Q71099	https://lilamorph.wikibase.cloud/entity/L31767-F4	lemma/115099	Aspect#Imp|Mood#Ind|Number#Sing|Person#3|Tense#Pres|VerbForm#Fin|Voice#Act
005.SCG*LB1.CP-1++7.N.-6.1-1.6-2W30	oporteret	Q71105	https://lilamorph.wikibase.cloud/entity/L31767-F89	lemma/115099	Aspect#Imp|Mood#Sub|Number#Sing|Person#3|Tense#Imp|VerbForm#Fin|Voice#Act
005.SCG*LB4.CP-8++6.N.-3.1-1.3-4W14	experietur	Q71118	https://lilamorph.wikibase.cloud/entity/L29780-F156	lemma/102165	Aspect#Imp|Mood#Ind|Number#Sing|Person#3|Tense#Fut|VerbForm#Fin|Voice#Pass
005.SCG*LB2.CP-8++9.N.16.2-1.5-5W24	sortitur	Q71119	https://lilamorph.wikibase.cloud/entity/L33654-F68	lemma/125212	Mood#Ind|Number#Sing|Person#3|Tense#Pres|VerbForm#Fin|Voice#Pass
005.SCG*LB1.CP-7++3.N.-3.3-1.5-2W14	passum	Q71137	https://lilamorph.wikibase.cloud/entity/L31871-F183	lemma/116223	Aspect#Perf|Case#Acc|Degree#Pos|Gender#Neut|Number#Sing|Tense#Past|VerbForm#Part|Voice#Pass
005.SCG*LB1.CP-8++5.N.-6.4-7.5-5W4	oportet	Q71161	https://lilamorph.wikibase.cloud/entity/L31767-F4	lemma/115099	Mood#Ind|Number#Sing|Person#3|Tense#Pres|VerbForm#Fin|Voice#Act
005.SCG*LB4.CP-3++3.N.-5.10-1.11-4W11	miratus	Q71181	https://lilamorph.wikibase.cloud/entity/L31343-F189	lemma/112443	Aspect#Perf|Case#Nom|Degree#Pos|Gender#Masc|Number#Sing|Tense#Past|VerbForm#Part|Voice#Pass
005.SCG*LB3.CP15++4.N.25.14-4.18-2W22	oportet	Q71205	https://lilamorph.wikibase.cloud/entity/L31767-F4	lemma/115099	Mood#Ind|Number#Sing|Person#3|Tense#Pres|VerbForm#Fin|Voice#Act
005.SCG*LB4.CP-3++2.N.-6.3-3.5-5W12	mortui	Q71227	https://lilamorph.wikibase.cloud/entity/L31378-F169	lemma/112797	Aspect#Perf|Case#Gen|Degree#Pos|Gender#Masc|Number#Sing|Tense#Past|VerbForm#Part|Voice#Pass
005.SCG*LB4.CP-6++6.N.11.1-1.9-1W45	pati	Q71237	https://lilamorph.wikibase.cloud/entity/L31871-F64	lemma/116223	Aspect#Imp|Tense#Pres|VerbForm#Inf|Voice#Pass
005.SCG*LB3.CP10++7.N.-3.8-5.10-6W8	oportet	Q71251	https://lilamorph.wikibase.cloud/entity/L31767-F4	lemma/115099	Mood#Ind|Number#Sing|Person#3|Tense#Pres|VerbForm#Fin|Voice#Act
005.SCG*LB4.CP-5++8.N.-3.3-2.5-2W1	oportet	Q71264	https://lilamorph.wikibase.cloud/entity/L31767-F4	lemma/115099	Aspect#Imp|Mood#Ind|Number#Sing|Person#3|Tense#Pres|VerbForm#Fin|Voice#Act
005.SCG*LB2.CP-7++5.N.14.9-3.11-5W3	oportet	Q71276	https://lilamorph.wikibase.cloud/entity/L31767-F4	lemma/115099	Mood#Ind|Number#Sing|Person#3|Tense#Pres|VerbForm#Fin|Voice#Act
005.SCG*LB3.CP-1++0.N.-7.3-4.9-3W9	patitur	Q71304	https://lilamorph.wikibase.cloud/entity/L31871-F68	lemma/116223	Mood#Ind|Number#Sing|Person#3|Tense#Pres|VerbForm#Fin|Voice#Pass
005.SCG*LB4.CP-1++1.N.15.6-3.12-1W15	oportet	Q71351	https://lilamorph.wikibase.cloud/entity/L31767-F4	lemma/115099	Aspect#Imp|Mood#Ind|Number#Sing|Person#3|Tense#Pres|VerbForm#Fin|Voice#Act
005.SCG*LB2.CP-4++6.N.-3.12-4.14-3W1	oportuit	Q71354	https://lilamorph.wikibase.cloud/entity/L31767-F128	lemma/115099	Aspect#Perf|Mood#Ind|Number#Sing|Person#3|Tense#Past|VerbForm#Fin|Voice#Act
005.SCG*LB4.CP-7++4.N.-6.1-1.7-5W26	oportet	Q71409	https://lilamorph.wikibase.cloud/entity/L31767-F4	lemma/115099	Aspect#Imp|Mood#Ind|Number#Sing|Person#3|Tense#Pres|VerbForm#Fin|Voice#Act
005.SCG*LB2.CP-8++0.N.-6.37-5.40-2W10	reminiscimur	Q71411	https://lilamorph.wikibase.cloud/entity/L33168-F69	lemma/122601	Mood#Ind|Number#Plur|Person#1|Tense#Pres|VerbForm#Fin|Voice#Pass
005.SCG*LB4.CP-7++2.N.11.9-1.17-6W53	oporteat	Q71431	https://lilamorph.wikibase.cloud/entity/L31767-F10	lemma/115099	Aspect#Imp|Mood#Sub|Number#Sing|Person#3|Tense#Pres|VerbForm#Fin|Voice#Act
005.SCG*LB2.CP-4++2.N.-8.8-5.12-4W2	oportet	Q71440	https://lilamorph.wikibase.cloud/entity/L31767-F4	lemma/115099	Mood#Ind|Number#Sing|Person#3|Tense#Pres|VerbForm#Fin|Voice#Act
005.SCG*LB4.CP-5++3.N.-3.6-4.9-4W11	oportuit	Q71455	https://lilamorph.wikibase.cloud/entity/L31767-F128	lemma/115099	Aspect#Perf|Mood#Ind|Number#Sing|Person#3|Tense#Past|VerbForm#Fin|Voice#Act
005.SCG*LB4.CP-1++0.N.10.2-4.6-3W5	oportet	Q71463	https://lilamorph.wikibase.cloud/entity/L31767-F4	lemma/115099	Aspect#Imp|Mood#Ind|Number#Sing|Person#3|Tense#Pres|VerbForm#Fin|Voice#Act
005.SCG*LB4.CP-3++4.N.11.10-1.12-1W17	mortuus	Q71467	https://lilamorph.wikibase.cloud/entity/L31378-F163	lemma/112797	Aspect#Perf|Case#Nom|Degree#Pos|Gender#Masc|Number#Sing|Tense#Past|VerbForm#Part|Voice#Pass
005.SCG*LB2.CP-6++0.N.12.2-3.4-1W1	oportet	Q71480	https://lilamorph.wikibase.cloud/entity/L31767-F4	lemma/115099	Mood#Ind|Number#Sing|Person#3|Tense#Pres|VerbForm#Fin|Voice#Act
005.SCG*LB3.CP-9++4.N.-8.1-1.5-4W26	complectatur	Q6932	https://lilamorph.wikibase.cloud/entity/L28022-F149	lemma/95339	Mood#Sub|Number#Sing|Person#3|Tense#Pres|VerbForm#Fin|Voice#Pass
005.SCG*LB4.CP-7++2.N.-9.1-1.5-2W11	oportet	Q71559	https://lilamorph.wikibase.cloud/entity/L31767-F4	lemma/115099	Aspect#Imp|Mood#Ind|Number#Sing|Person#3|Tense#Pres|VerbForm#Fin|Voice#Act
005.SCG*LB3.CP12++8.N.-4.1-2.3-4W7	oportet	Q71562	https://lilamorph.wikibase.cloud/entity/L31767-F4	lemma/115099	Mood#Ind|Number#Sing|Person#3|Tense#Pres|VerbForm#Fin|Voice#Act
005.SCG*LB1.CP-3++6.N.-2.14-3.21-2W45	oportet	Q71594	https://lilamorph.wikibase.cloud/entity/L31767-F4	lemma/115099	Mood#Ind|Number#Sing|Person#3|Tense#Pres|VerbForm#Fin|Voice#Act
005.SCG*LB2.CP-6++5.N.-2.4-6.6-1W2	oportet	Q71602	https://lilamorph.wikibase.cloud/entity/L31767-F4	lemma/115099	Mood#Ind|Number#Sing|Person#3|Tense#Pres|VerbForm#Fin|Voice#Act
