005.SCG*LB3.CP11++9.N.-3.5-3.9-1W13	fieri	NO MATCH	102758	Tense#Pres|VerbForm#Inf|Voice#Pass
005.SCG*LB3.CP15++5.N.-7.4-2.6-4W19	solidabitque	NO MATCH	125061	Mood#Ind|Number#Sing|Person#3|Tense#Fut|VerbForm#Fin|Voice#Act
005.SCG*LB3.CP--++1.N.-6.15-1.19-2W25	dicit	NO MATCH	99301	Mood#Ind|Number#Sing|Person#3|Tense#Pres|VerbForm#Fin|Voice#Act
005.SCG*LB3.CP11++9.N.-3.5-3.9-1W13	fieri	NO MATCH	102758	Tense#Pres|VerbForm#Inf|Voice#Pass
005.SCG*LB3.CP15++5.N.-7.4-2.6-4W19	solidabitque	NO MATCH	125061	Mood#Ind|Number#Sing|Person#3|Tense#Fut|VerbForm#Fin|Voice#Act
005.SCG*LB3.CP--++1.N.-6.15-1.19-2W25	dicit	NO MATCH	99301	Mood#Ind|Number#Sing|Person#3|Tense#Pres|VerbForm#Fin|Voice#Act
005.SCG*LB4.CP-1++7.N.-6.6-5.7-2W5	dicitur	NO MATCH	99301	Aspect#Imp|Mood#Ind|Number#Sing|Person#3|Tense#Pres|VerbForm#Fin|Voice#Pass
005.SCG*LB1.CP-2++6.N.-3.9-5.13-1W22	dictum	NO MATCH	99301	Aspect#Perf|Case#Nom|Degree#Pos|Gender#Neut|Number#Sing|Tense#Past|VerbForm#Part|Voice#Pass
005.SCG*LB2.CP-5++6.N.-7.24-4.25-5W7	fit	NO MATCH	102758	Mood#Ind|Number#Sing|Person#3|Tense#Pres|VerbForm#Fin|Voice#Pass
005.SCG*LB1.CP-7++5.N.-4.1-2.5-6W12	consequens	NO MATCH	96035	Case#Acc|Degree#Pos|Gender#Neut|Number#Sing|Tense#Pres|VerbForm#Part|Voice#Pass
005.SCG*LB1.CP-1++2.N.-1.1-1.4-2W6	praedictae	NO MATCH	118832	Aspect#Perf|Case#Dat|Degree#Pos|Gender#Fem|Number#Sing|Tense#Past|VerbForm#Part|Voice#Pass
005.SCG*LB1.CP-2++0.N.18.1-1.7-2W5	dicendum	NO MATCH	99301	Case#Nom|Degree#Pos|Gender#Neut|Number#Sing|VerbForm#Gdv|Voice#Pass
005.SCG*LB2.CP-9++1.N.11.1-1.3-2W9	dicebant	NO MATCH	99301	Aspect#Imp|Mood#Ind|Number#Plur|Person#3|Tense#Imp|VerbForm#Fin|Voice#Act
005.SCG*LB3.CP15++8.N.-7.17-6.18-6W5	dicit	NO MATCH	99301	Mood#Ind|Number#Sing|Person#3|Tense#Pres|VerbForm#Fin|Voice#Act
005.SCG*LB4.CP--++8.N.-5.5-6.6-7W4	dici	NO MATCH	99301	Aspect#Imp|Tense#Pres|VerbForm#Inf|Voice#Pass
005.SCG*LB2.CP-9++5.N.-2.13-5.17-1W9	dicit	NO MATCH	99301	Mood#Ind|Number#Sing|Person#3|Tense#Pres|VerbForm#Fin|Voice#Act
005.SCG*LB1.CP-5++6.N.-8.7-1.7-7W7	dicitur	NO MATCH	99301	Mood#Ind|Number#Sing|Person#3|Tense#Pres|VerbForm#Fin|Voice#Pass
005.SCG*LB2.CP-6++8.N.-3.14-1.18-2W20	essendi	NO MATCH	126689	Case#Gen|Degree#Pos|Number#Sing|VerbForm#Ger|Voice#Act
005.SCG*LB2.CP-8++9.N.-3.11-3.16-4W43	abiiciens	NO MATCH	86884	Case#Nom|Degree#Pos|Gender#Neut|Number#Sing|Tense#Pres|VerbForm#Part|Voice#Act
005.SCG*LB1.CP-3++0.N.-4.1-1.7-6W7	dictae	NO MATCH	99301	Aspect#Perf|Case#Nom|Degree#Pos|Gender#Fem|Number#Plur|Tense#Past|VerbForm#Part|Voice#Pass
005.SCG*LB4.CP-2++4.N.-2.34-7.36-7W4	dicere	NO MATCH	99301	Aspect#Imp|Tense#Pres|VerbForm#Inf|Voice#Act
005.SCG*LB4.CP-3++7.N.10.1-2.4-2W3	diligenter	NO MATCH	99463	Degree#Pos
005.SCG*LB4.CP-5++4.N.10.1-1.5-2W20	fieri	NO MATCH	102758	Aspect#Imp|Tense#Pres|VerbForm#Inf|Voice#Pass
005.SCG*LB2.CP-6++5.N.10.1-1.3-2W13	dicentium	NO MATCH	99301	Case#Gen|Degree#Pos|Gender#Masc|Number#Plur|Tense#Pres|VerbForm#Part|Voice#Act
005.SCG*LB4.CP--++7.N.-5.8-2.12-1W27	dici	NO MATCH	99301	Aspect#Imp|Tense#Pres|VerbForm#Inf|Voice#Pass
005.SCG*LB3.CP-9++5.N.16.11-2.14-3W14	consequens	NO MATCH	96035	Case#Acc|Degree#Pos|Gender#Neut|Number#Sing|Tense#Pres|VerbForm#Part|Voice#Pass
005.SCG*LB1.CP-4++7.N.-4.6-3.8-1W12	dictis	NO MATCH	99301	Aspect#Perf|Case#Abl|Degree#Pos|Gender#Neut|Number#Plur|Tense#Past|VerbForm#Part|Voice#Pass
005.SCG*LB4.CP-7++2.N.10.14-3.15-3W4	sufficienter	NO MATCH	126601	Degree#Pos
005.SCG*LB4.CP-8++1.N.-7.10-1.12-5W20	puta	NO MATCH	120610	VerbForm#Fin
005.SCG*LB3.CP-8++0.N.18.22-5.23-6W8	dictum	NO MATCH	99301	Aspect#Perf|Case#Nom|Degree#Pos|Gender#Neut|Number#Sing|Tense#Past|VerbForm#Part|Voice#Pass
005.SCG*LB4.CP-5++7.N.-3.1-1.5-3W15	dicebant	NO MATCH	99301	Aspect#Imp|Mood#Ind|Number#Plur|Person#3|Tense#Imp|VerbForm#Fin|Voice#Act
005.SCG*LB2.CP-5++7.N.-3.4-4.5-6W7	fit	NO MATCH	102758	Mood#Ind|Number#Sing|Person#3|Tense#Pres|VerbForm#Fin|Voice#Pass
005.SCG*LB3.CP12++4.N.-1.9-3.11-2W15	converso	NO MATCH	96446	Case#Abl|Degree#Pos|Gender#Neut|Number#Sing
005.SCG*LB2.CP-6++2.N.-2.12-7.14-6W4	praedicta	NO MATCH	118832	Aspect#Perf|Case#Nom|Degree#Pos|Gender#Fem|Number#Sing|Tense#Past|VerbForm#Part|Voice#Pass
005.SCG*LB4.CP--++4.N.-2.4-2.6-3W11	fieri	NO MATCH	102758	Aspect#Imp|Tense#Pres|VerbForm#Inf|Voice#Pass
005.SCG*LB3.CP-7++1.N.-7.2-3.6-7W14	fiat	NO MATCH	102758	Mood#Sub|Number#Sing|Person#3|Tense#Pres|VerbForm#Fin|Voice#Pass
005.SCG*LB2.CP-8++3.N.25.41-3.44-2W3	dicere	NO MATCH	99301	Tense#Pres|VerbForm#Inf|Voice#Act
005.SCG*LB2.CP-7++3.N.17.5-2.10-2W20	calefieri	NO MATCH	92350	Tense#Pres|VerbForm#Inf|Voice#Pass
005.SCG*LB3.CP-3++1.N.-2.3-2.5-1W8	dicitur	NO MATCH	99301	Mood#Ind|Number#Sing|Person#3|Tense#Pres|VerbForm#Fin|Voice#Pass
005.SCG*LB4.CP-8++9.N.-5.8-2.12-1W4	dicitur	NO MATCH	99301	Aspect#Imp|Mood#Ind|Number#Sing|Person#3|Tense#Pres|VerbForm#Fin|Voice#Pass
005.SCG*LB1.CP-7++5.N.-3.1-2.3-2W9	volitum	NO MATCH	130745	Aspect#Perf|Case#Nom|Degree#Pos|Gender#Neut|Number#Sing|Tense#Past|VerbForm#Part|VerbType#Mod|Voice#Pass
005.SCG*LB2.CP-9++2.N.-6.21-4.25-1W22	exequentis	NO MATCH	102311	Case#Gen|Degree#Pos|Gender#Fem|Number#Sing|Tense#Pres|VerbForm#Part|Voice#Pass
005.SCG*LB4.CP-2++4.N.-3.10-1.14-4W14	dicitur	NO MATCH	99301	Aspect#Imp|Mood#Ind|Number#Sing|Person#3|Tense#Pres|VerbForm#Fin|Voice#Pass
005.SCG*LB4.CP--++7.N.20.4-1.5-9W4	dicit	NO MATCH	99301	Aspect#Imp|Mood#Ind|Number#Sing|Person#3|Tense#Pres|VerbForm#Fin|Voice#Act
005.SCG*LB4.CP--++2.N.-2.12-2.12-5W1	dicitur	NO MATCH	99301	Aspect#Imp|Mood#Ind|Number#Sing|Person#3|Tense#Pres|VerbForm#Fin|Voice#Pass
005.SCG*LB2.CP-7++7.N.-2.18-1.21-5W12	determinate	NO MATCH	99024	Degree#Pos
005.SCG*LB3.CP11++2.N.-7.9-1.10-6W13	volita	NO MATCH	130745	Aspect#Perf|Case#Nom|Degree#Pos|Gender#Neut|Number#Plur|Tense#Past|VerbForm#Part|VerbType#Mod|Voice#Pass
005.SCG*LB1.CP-8++4.N.-5.5-1.6-7W3	volita	NO MATCH	130745	Aspect#Perf|Case#Nom|Degree#Pos|Gender#Neut|Number#Plur|Tense#Past|VerbForm#Part|VerbType#Mod|Voice#Pass
005.SCG*LB2.CP-4++7.N.-2.6-6.9-4W9	dicitur	NO MATCH	99301	Mood#Ind|Number#Sing|Person#3|Tense#Pres|VerbForm#Fin|Voice#Pass
005.SCG*LB3.CP-2++7.N.10.5-3.11-3W14	fit	NO MATCH	102758	Mood#Ind|Number#Sing|Person#3|Tense#Pres|VerbForm#Fin|Voice#Pass
005.SCG*LB1.CP--++9.N.-6.1-1.7-2W9	fiat	NO MATCH	102758	Mood#Sub|Number#Sing|Person#3|Tense#Pres|VerbForm#Fin|Voice#Pass
005.SCG*LB4.CP-2++0.N.-5.5-3.5-7W5	dicitur	NO MATCH	99301	Aspect#Imp|Mood#Ind|Number#Sing|Person#3|Tense#Pres|VerbForm#Fin|Voice#Pass
005.SCG*LB4.CP-3++0.N.-8.4-2.5-4W10	dicens	NO MATCH	99301	Aspect#Imp|Case#Nom|Degree#Pos|Gender#Masc|Number#Sing|Tense#Pres|VerbForm#Part|Voice#Act
005.SCG*LB2.CP-8++7.N.-3.8-3.10-8W26	fit	NO MATCH	102758	Mood#Ind|Number#Sing|Person#3|Tense#Pres|VerbForm#Fin|Voice#Pass
005.SCG*LB3.CP-7++1.N.-9.1-1.1-5W3	dicitur	NO MATCH	99301	Mood#Ind|Number#Sing|Person#3|Tense#Pres|VerbForm#Fin|Voice#Pass
005.SCG*LB2.CP-1++1.N.--.1-1.2-3W4	dicitur	NO MATCH	99301	Mood#Ind|Number#Sing|Person#3|Tense#Pres|VerbForm#Fin|Voice#Pass
005.SCG*LB4.CP-3++8.N.-6.2-3.5-5W20	dicit	NO MATCH	99301	Aspect#Imp|Mood#Ind|Number#Sing|Person#3|Tense#Pres|VerbForm#Fin|Voice#Act
005.SCG*LB2.CP-3++7.N.-2.13-1.19-6W32	consequens	NO MATCH	96035	Case#Acc|Degree#Pos|Gender#Neut|Number#Sing|Tense#Pres|VerbForm#Part|Voice#Pass
005.SCG*LB3.CP-6++7.N.-1.3-2.5-3W8	essendi	NO MATCH	126689	Case#Gen|Degree#Pos|Number#Sing|VerbForm#Ger|Voice#Act
005.SCG*LB4.CP-3++4.N.-3.14-3.16-5W5	dici	NO MATCH	99301	Aspect#Imp|Tense#Pres|VerbForm#Inf|Voice#Pass
005.SCG*LB1.CP-7++4.N.--.1-1.2-4W3	volitum	NO MATCH	130745	Aspect#Perf|Case#Nom|Degree#Pos|Gender#Neut|Number#Sing|Tense#Past|VerbForm#Part|VerbType#Mod|Voice#Pass
005.SCG*LB4.CP-7++0.N.10.9-1.11-3W3	dictum	NO MATCH	99301	Aspect#Perf|Case#Nom|Degree#Pos|Gender#Neut|Number#Sing|Tense#Past|VerbForm#Part|Voice#Pass
005.SCG*LB4.CP-1++7.N.-3.5-5.8-1W4	sanctificati	NO MATCH	123318	Aspect#Perf|Case#Nom|Degree#Pos|Gender#Masc|Number#Plur|Tense#Past|VerbForm#Part|Voice#Pass
005.SCG*LB2.CP-6++0.N.22.1-2.3-2W9	dicitur	NO MATCH	99301	Mood#Ind|Number#Sing|Person#3|Tense#Pres|VerbForm#Fin|Voice#Pass
005.SCG*LB2.CP-6++2.N.-2.7-4.9-2W9	consequente	NO MATCH	96035	Case#Abl|Degree#Pos|Gender#Fem|Number#Sing|Tense#Pres|VerbForm#Part|Voice#Pass
005.SCG*LB4.CP-2++9.N.-3.5-5.8-4W16	dicitur	NO MATCH	99301	Aspect#Imp|Mood#Ind|Number#Sing|Person#3|Tense#Pres|VerbForm#Fin|Voice#Pass
005.SCG*LB3.CP-5++9.N.-6.1-1.4-5W4	diligenter	NO MATCH	99463	Degree#Pos
005.SCG*LB2.CP-6++8.N.-2.5-3.10-3W41	dixerunt	NO MATCH	99301	Aspect#Perf|Mood#Ind|Number#Plur|Person#3|Tense#Past|VerbForm#Fin|Voice#Act
005.SCG*LB3.CP-8++0.N.-3.10-3.11-4W4	dicit	NO MATCH	99301	Mood#Ind|Number#Sing|Person#3|Tense#Pres|VerbForm#Fin|Voice#Act
005.SCG*LB2.CP-5++8.N.-4.12-1.17-4W7	praedictas	NO MATCH	118832	Aspect#Perf|Case#Acc|Degree#Pos|Gender#Fem|Number#Plur|Tense#Past|VerbForm#Part|Voice#Pass
005.SCG*LB1.CP-1++5.N.-4.7-1.7-4W4	incoepit	NO MATCH	106965	Aspect#Perf|Mood#Ind|Number#Sing|Person#3|Tense#Past|VerbForm#Fin|Voice#Act
005.SCG*LB4.CP-1++5.N.-1.11-2.12-1W1	dicit	NO MATCH	99301	Aspect#Imp|Mood#Ind|Number#Sing|Person#3|Tense#Pres|VerbForm#Fin|Voice#Act
005.SCG*LB3.CP10++7.N.-5.7-5.9-6W1	praedictae	NO MATCH	118832	Aspect#Perf|Case#Nom|Degree#Pos|Gender#Fem|Number#Plur|Tense#Past|VerbForm#Part|Voice#Pass
005.SCG*LB2.CP-1++1.N.-7.1-1.2-2W8	dicuntur	NO MATCH	99301	Mood#Ind|Number#Plur|Person#3|Tense#Pres|VerbForm#Fin|Voice#Pass
005.SCG*LB4.CP-3++4.N.12.1-2.2-1W2	dicit	NO MATCH	99301	Aspect#Imp|Mood#Ind|Number#Sing|Person#3|Tense#Pres|VerbForm#Fin|Voice#Act
005.SCG*LB2.CP-7++3.N.-6.15-1.17-6W17	dicitur	NO MATCH	99301	Mood#Ind|Number#Sing|Person#3|Tense#Pres|VerbForm#Fin|Voice#Pass
005.SCG*LB2.CP-4++7.N.-2.9-5.11-6W7	dicitur	NO MATCH	99301	Mood#Ind|Number#Sing|Person#3|Tense#Pres|VerbForm#Fin|Voice#Pass
005.SCG*LB4.CP-8++1.N.10.24-6.29-1W18	dicitur	NO MATCH	99301	Aspect#Imp|Mood#Ind|Number#Sing|Person#3|Tense#Pres|VerbForm#Fin|Voice#Pass
005.SCG*LB3.CP--++2.N.-3.1-2.3-6W11	dicimus	NO MATCH	99301	Mood#Ind|Number#Plur|Person#1|Tense#Pres|VerbForm#Fin|Voice#Act
005.SCG*LB4.CP-7++6.N.-7.18-4.19-5W5	dixit	NO MATCH	99301	Aspect#Perf|Mood#Ind|Number#Sing|Person#3|Tense#Past|VerbForm#Fin|Voice#Act
005.SCG*LB3.CP14++6.N.-2.7-5.10-2W18	dictis	NO MATCH	99301	Aspect#Perf|Case#Abl|Degree#Pos|Gender#Neut|Number#Plur|Tense#Past|VerbForm#Part|Voice#Pass
005.SCG*LB1.CP-4++4.N.-8.12-4.14-5W3	consequens	NO MATCH	96035	Case#Acc|Degree#Pos|Gender#Neut|Number#Sing|Tense#Pres|VerbForm#Part|Voice#Pass
005.SCG*LB1.CP-3++1.N.-1.1-1.3-6W12	dicta	NO MATCH	99301	Aspect#Perf|Case#Nom|Degree#Pos|Gender#Neut|Number#Plur|Tense#Past|VerbForm#Part|Voice#Pass
005.SCG*LB3.CP-4++2.N.-7.9-1.12-2W3	dicimur	NO MATCH	99301	Mood#Ind|Number#Plur|Person#1|Tense#Pres|VerbForm#Fin|Voice#Pass
005.SCG*LB2.CP-1++5.N.-2.23-1.26-7W11	essendi	NO MATCH	126689	Case#Gen|Degree#Pos|Number#Sing|VerbForm#Ger|Voice#Act
005.SCG*LB3.CP-9++4.N.-9.34-1.38-4W27	dicam	NO MATCH	99301	Mood#Ind|Number#Sing|Person#1|Tense#Fut|VerbForm#Fin|Voice#Act
005.SCG*LB3.CP-6++7.N.-4.1-2.3-3W8	dicitur	NO MATCH	99301	Mood#Ind|Number#Sing|Person#3|Tense#Pres|VerbForm#Fin|Voice#Pass
005.SCG*LB4.CP-2++2.N.-6.20-5.21-4W4	dicit	NO MATCH	99301	Aspect#Imp|Mood#Ind|Number#Sing|Person#3|Tense#Pres|VerbForm#Fin|Voice#Act
005.SCG*LB3.CP12++5.N.10.17-4.22-1W11	fieri	NO MATCH	102758	Tense#Pres|VerbForm#Inf|Voice#Pass
005.SCG*LB4.CP--++5.N.11.22-1.22-4W1	dicitur	NO MATCH	99301	Aspect#Imp|Mood#Ind|Number#Sing|Person#3|Tense#Pres|VerbForm#Fin|Voice#Pass
005.SCG*LB3.CP-4++2.N.-4.14-1.18-2W20	fiet	NO MATCH	102758	Mood#Ind|Number#Sing|Person#3|Tense#Fut|VerbForm#Fin|Voice#Pass
005.SCG*LB4.CP--++5.N.-9.6-7.8-8W4	praedicto	NO MATCH	118832	Aspect#Perf|Case#Abl|Degree#Pos|Gender#Masc|Number#Sing|Tense#Past|VerbForm#Part|Voice#Pass
005.SCG*LB4.CP-5++3.N.-3.6-4.9-4W4	fieri	NO MATCH	102758	Aspect#Imp|Tense#Pres|VerbForm#Inf|Voice#Pass
005.SCG*LB2.CP--++3.N.-6.1-1.5-9W9	dicebant	NO MATCH	99301	Aspect#Imp|Mood#Ind|Number#Plur|Person#3|Tense#Imp|VerbForm#Fin|Voice#Act
005.SCG*LB4.CP-2++1.N.-8.8-2.9-3W4	dicit	NO MATCH	99301	Aspect#Imp|Mood#Ind|Number#Sing|Person#3|Tense#Pres|VerbForm#Fin|Voice#Act
005.SCG*LB3.CP-2++4.N.-6.16-1.18-4W18	converso	NO MATCH	96446	Case#Abl|Degree#Pos|Gender#Neut|Number#Sing
005.SCG*LB1.CP-9++5.N.-8.1-1.6-4W24	dicunt	NO MATCH	99301	Mood#Ind|Number#Plur|Person#3|Tense#Pres|VerbForm#Fin|Voice#Act
005.SCG*LB2.CP-9++5.N.-4.29-1.29-5W5	dicitur	NO MATCH	99301	Mood#Ind|Number#Sing|Person#3|Tense#Pres|VerbForm#Fin|Voice#Pass
005.SCG*LB4.CP-1++0.N.-1.1-1.7-1W3	diligenter	NO MATCH	99463	Degree#Pos
005.SCG*LB4.CP-2++3.N.-5.8-1.11-1W4	dictum	NO MATCH	99301	Aspect#Perf|Case#Nom|Degree#Pos|Gender#Neut|Number#Sing|Tense#Past|VerbForm#Part|Voice#Pass
005.SCG*LB3.CP-8++1.N.-1.1-1.6-3W16	dictum	NO MATCH	99301	Aspect#Perf|Case#Nom|Degree#Pos|Gender#Neut|Number#Sing|Tense#Past|VerbForm#Part|Voice#Pass
005.SCG*LB1.CP-5++0.N.-7.5-5.6-5W5	essendi	NO MATCH	126689	Case#Gen|Degree#Pos|Number#Sing|VerbForm#Ger|Voice#Act
005.SCG*LB4.CP-3++1.N.-1.7-3.14-5W7	dicitur	NO MATCH	99301	Aspect#Imp|Mood#Ind|Number#Sing|Person#3|Tense#Pres|VerbForm#Fin|Voice#Pass
005.SCG*LB1.CP-9++3.N.10.17-1.18-1W1	dicitur	NO MATCH	99301	Mood#Ind|Number#Sing|Person#3|Tense#Pres|VerbForm#Fin|Voice#Pass
005.SCG*LB1.CP-6++0.N.-4.1-2.3-2W5	dici	NO MATCH	99301	Tense#Pres|VerbForm#Inf|Voice#Pass
005.SCG*LB1.CP-7++9.N.-7.1-1.6-4W1	dicamus	NO MATCH	99301	Mood#Sub|Number#Plur|Person#1|Tense#Pres|VerbForm#Fin|Voice#Act
005.SCG*LB4.CP-1++3.N.-3.19-4.21-1W8	dicente	NO MATCH	99301	Aspect#Imp|Case#Abl|Degree#Pos|Gender#Masc|Number#Sing|Tense#Pres|VerbForm#Part|Voice#Act
005.SCG*LB2.CP-6++0.N.-7.3-1.4-3W1	dicit	NO MATCH	99301	Mood#Ind|Number#Sing|Person#3|Tense#Pres|VerbForm#Fin|Voice#Act
005.SCG*LB2.CP-9++6.N.-3.7-1.9-2W11	dictum	NO MATCH	99301	Aspect#Perf|Case#Nom|Degree#Pos|Gender#Neut|Number#Sing|Tense#Past|VerbForm#Part|Voice#Pass
005.SCG*LB3.CP11++9.N.-5.11-3.14-1W4	convenienter	NO MATCH	96424	Degree#Pos
005.SCG*LB3.CP-1++0.N.11.17-4.18-8W3	dictum	NO MATCH	99301	Aspect#Perf|Case#Nom|Degree#Pos|Gender#Neut|Number#Sing|Tense#Past|VerbForm#Part|Voice#Pass
005.SCG*LB1.CP-5++5.N.10.2-4.4-3W1	dicitur	NO MATCH	99301	Mood#Ind|Number#Sing|Person#3|Tense#Pres|VerbForm#Fin|Voice#Pass
005.SCG*LB4.CP-3++4.N.-2.66-3.67-7W12	dici	NO MATCH	99301	Aspect#Imp|Tense#Pres|VerbForm#Inf|Voice#Pass
005.SCG*LB4.CP-2++0.N.-4.4-5.7-4W13	convenienter	NO MATCH	96424	Degree#Pos
005.SCG*LB4.CP-1++8.N.-7.20-3.21-1W6	dicit	NO MATCH	99301	Aspect#Imp|Mood#Ind|Number#Sing|Person#3|Tense#Pres|VerbForm#Fin|Voice#Act
005.SCG*LB3.CP-2++6.N.19.13-1.20-3W33	fiunt	NO MATCH	102758	Mood#Ind|Number#Plur|Person#3|Tense#Pres|VerbForm#Fin|Voice#Pass
005.SCG*LB4.CP-7++4.N.-2.37-5.40-4W21	fieret	NO MATCH	102758	Aspect#Imp|Mood#Sub|Number#Sing|Person#3|Tense#Imp|VerbForm#Fin|Voice#Pass
005.SCG*LB2.CP--++6.N.-6.9-1.9-6W6	essendi	NO MATCH	126689	Case#Gen|Degree#Pos|Number#Sing|VerbForm#Ger|Voice#Act
005.SCG*LB1.CP-7++9.N.-4.1-1.3-7W1	dicunt	NO MATCH	99301	Mood#Ind|Number#Plur|Person#3|Tense#Pres|VerbForm#Fin|Voice#Act
005.SCG*LB4.CP-5++5.N.21.1-1.5-6W5	praedictis	NO MATCH	118832	Aspect#Perf|Case#Abl|Degree#Pos|Gender#Neut|Number#Plur|Tense#Past|VerbForm#Part|Voice#Pass
005.SCG*LB2.CP-1++2.N.-3.11-1.14-1W10	dicitur	NO MATCH	99301	Mood#Ind|Number#Sing|Person#3|Tense#Pres|VerbForm#Fin|Voice#Pass
005.SCG*LB1.CP-5++9.N.-2.1-1.6-3W40	dicit	NO MATCH	99301	Mood#Ind|Number#Sing|Person#3|Tense#Pres|VerbForm#Fin|Voice#Act
005.SCG*LB4.CP-7++1.N.11.10-4.11-1W1	dicitur	NO MATCH	99301	Aspect#Imp|Mood#Ind|Number#Sing|Person#3|Tense#Pres|VerbForm#Fin|Voice#Pass
005.SCG*LB2.CP-8++5.N.14.9-3.12-4W4	praedicta	NO MATCH	118832	Aspect#Perf|Case#Nom|Degree#Pos|Gender#Fem|Number#Sing|Tense#Past|VerbForm#Part|Voice#Pass
005.SCG*LB2.CP-3++7.N.-2.26-7.28-3W3	fieri	NO MATCH	102758	Tense#Pres|VerbForm#Inf|Voice#Pass
005.SCG*LB4.CP--++2.N.-4.16-1.20-4W8	dicitur	NO MATCH	99301	Aspect#Imp|Mood#Ind|Number#Sing|Person#3|Tense#Pres|VerbForm#Fin|Voice#Pass
005.SCG*LB2.CP-7++3.N.-7.1-1.8-1W13	dicens	NO MATCH	99301	Case#Nom|Degree#Pos|Gender#Masc|Number#Sing|Tense#Pres|VerbForm#Part|Voice#Act
005.SCG*LB4.CP-3++4.N.20.1-2.1-3W2	dicit	NO MATCH	99301	Aspect#Imp|Mood#Ind|Number#Sing|Person#3|Tense#Pres|VerbForm#Fin|Voice#Act
005.SCG*LB3.CP-8++5.N.15.6-2.10-1W24	dicit	NO MATCH	99301	Mood#Ind|Number#Sing|Person#3|Tense#Pres|VerbForm#Fin|Voice#Act
005.SCG*LB3.CP-8++5.N.-9.1-2.3-1W5	directe	NO MATCH	99575	Degree#Pos
005.SCG*LB3.CP-2++6.N.19.51-1.54-8W27	converso	NO MATCH	96446	Case#Abl|Degree#Pos|Gender#Neut|Number#Sing
005.SCG*LB3.CP13++2.N.30.6-5.7-4W7	abiicienda	NO MATCH	86884	Case#Nom|Degree#Pos|Gender#Fem|Number#Sing|VerbForm#Gdv|Voice#Pass
005.SCG*LB2.CP-3++0.N.-4.4-1.9-4W33	contingenter	NO MATCH	93415	Degree#Pos
005.SCG*LB2.CP-3++0.N.-4.4-1.9-4W33	contingenter	NO MATCH	96293	Degree#Pos
005.SCG*LB2.CP-8++0.N.10.21-1.23-3W5	praedicta	NO MATCH	118832	Aspect#Perf|Case#Acc|Degree#Pos|Gender#Neut|Number#Plur|Tense#Past|VerbForm#Part|Voice#Pass
005.SCG*LB4.CP--++7.N.-6.8-2.9-2W6	dicitur	NO MATCH	99301	Aspect#Imp|Mood#Ind|Number#Sing|Person#3|Tense#Pres|VerbForm#Fin|Voice#Pass
005.SCG*LB4.CP--++8.N.-8.39-4.39-7W1	dicit	NO MATCH	99301	Aspect#Imp|Mood#Ind|Number#Sing|Person#3|Tense#Pres|VerbForm#Fin|Voice#Act
005.SCG*LB4.CP-3++1.N.-3.8-8.10-6W7	praedictam	NO MATCH	118832	Aspect#Perf|Case#Acc|Degree#Pos|Gender#Fem|Number#Sing|Tense#Past|VerbForm#Part|Voice#Pass
005.SCG*LB4.CP-4++9.N.13.1-1.4-2W5	dicitur	NO MATCH	99301	Aspect#Imp|Mood#Ind|Number#Sing|Person#3|Tense#Pres|VerbForm#Fin|Voice#Pass
005.SCG*LB4.CP-3++0.N.-8.1-2.4-1W2	dicit	NO MATCH	99301	Aspect#Imp|Mood#Ind|Number#Sing|Person#3|Tense#Pres|VerbForm#Fin|Voice#Act
005.SCG*LB4.CP-1++2.N.--.1-1.2-2W4	dicatur	NO MATCH	99301	Aspect#Imp|Mood#Sub|Number#Sing|Person#3|Tense#Pres|VerbForm#Fin|Voice#Pass
005.SCG*LB3.CP-8++3.N.-2.4-1.4-6W3	dicit	NO MATCH	99301	Mood#Ind|Number#Sing|Person#3|Tense#Pres|VerbForm#Fin|Voice#Act
005.SCG*LB4.CP-1++1.N.11.34-6.35-4W6	dicitur	NO MATCH	99301	Aspect#Imp|Mood#Ind|Number#Sing|Person#3|Tense#Pres|VerbForm#Fin|Voice#Pass
005.SCG*LB2.CP-7++9.N.12.2-2.4-4W1	dicit	NO MATCH	99301	Mood#Ind|Number#Sing|Person#3|Tense#Pres|VerbForm#Fin|Voice#Act
005.SCG*LB3.CP-8++5.N.11.11-4.14-5W23	dictis	NO MATCH	99301	Aspect#Perf|Case#Abl|Degree#Pos|Gender#Neut|Number#Plur|Tense#Past|VerbForm#Part|Voice#Pass
005.SCG*LB3.CP-7++6.N.-4.1-2.6-2W26	fit	NO MATCH	102758	Mood#Ind|Number#Sing|Person#3|Tense#Pres|VerbForm#Fin|Voice#Pass
005.SCG*LB1.CP-7++0.N.-2.1-1.4-1W11	remotiora	NO MATCH	122609	Aspect#Perf|Case#Acc|Degree#Cmp|Gender#Neut|Number#Plur|Tense#Past|VerbForm#Part|Voice#Pass
005.SCG*LB2.CP-3++4.N.-3.10-5.13-5W8	fit	NO MATCH	102758	Mood#Ind|Number#Sing|Person#3|Tense#Pres|VerbForm#Fin|Voice#Pass
005.SCG*LB4.CP-8++5.N.-3.15-5.18-5W1	dictum	NO MATCH	99301	Aspect#Perf|Case#Nom|Degree#Pos|Gender#Neut|Number#Sing|Tense#Past|VerbForm#Part|Voice#Pass
005.SCG*LB3.CP14++3.N.-1.4-1.7-5W16	dicitur	NO MATCH	99301	Mood#Ind|Number#Sing|Person#3|Tense#Pres|VerbForm#Fin|Voice#Pass
005.SCG*LB4.CP--++5.N.11.24-1.25-2W3	expresse	NO MATCH	102229	Degree#Pos
005.SCG*LB1.CP-2++2.N.-6.13-6.16-2W19	essendi	NO MATCH	126689	Case#Gen|Degree#Pos|Number#Sing|VerbForm#Ger|Voice#Act
005.SCG*LB4.CP-6++3.N.-8.1-1.6-4W8	praedicta	NO MATCH	118832	Aspect#Perf|Case#Nom|Degree#Pos|Gender#Fem|Number#Sing|Tense#Past|VerbForm#Part|Voice#Pass
005.SCG*LB3.CP--++8.N.-4.1-2.3-2W4	dicuntur	NO MATCH	99301	Mood#Ind|Number#Plur|Person#3|Tense#Pres|VerbForm#Fin|Voice#Pass
005.SCG*LB4.CP-7++1.N.-8.2-2.3-1W1	dicitur	NO MATCH	99301	Aspect#Imp|Mood#Ind|Number#Sing|Person#3|Tense#Pres|VerbForm#Fin|Voice#Pass
005.SCG*LB4.CP--++8.N.-7.39-1.41-1W16	dicens	NO MATCH	99301	Aspect#Imp|Case#Nom|Degree#Pos|Gender#Masc|Number#Sing|Tense#Pres|VerbForm#Part|Voice#Act
005.SCG*LB4.CP-2++1.N.-2.42-6.43-3W3	dicit	NO MATCH	99301	Aspect#Imp|Mood#Ind|Number#Sing|Person#3|Tense#Pres|VerbForm#Fin|Voice#Act
005.SCG*LB4.CP--++9.N.-2.1-1.5-2W24	dicitur	NO MATCH	99301	Aspect#Imp|Mood#Ind|Number#Sing|Person#3|Tense#Pres|VerbForm#Fin|Voice#Pass
005.SCG*LB2.CP-2++6.N.-3.6-4.10-3W19	determinatis	NO MATCH	99024	Aspect#Perf|Case#Abl|Degree#Pos|Number#Plur|Tense#Past|VerbForm#Part|Voice#Pass
005.SCG*LB3.CP-9++5.N.-2.4-3.5-4W7	convenienter	NO MATCH	96424	Degree#Pos
005.SCG*LB3.CP-4++4.N.-3.17-5.24-5W45	praedicta	NO MATCH	118832	Aspect#Perf|Case#Acc|Degree#Pos|Gender#Neut|Number#Plur|Tense#Past|VerbForm#Part|Voice#Pass
005.SCG*LB4.CP-1++3.N.-5.20-3.22-5W16	dicatur	NO MATCH	99301	Aspect#Imp|Mood#Sub|Number#Sing|Person#3|Tense#Pres|VerbForm#Fin|Voice#Pass
005.SCG*LB3.CP13++5.N.10.4-2.5-4W3	dixit	NO MATCH	99301	Aspect#Perf|Mood#Ind|Number#Sing|Person#3|Tense#Past|VerbForm#Fin|Voice#Act
005.SCG*LB3.CP-5++2.N.-7.4-5.7-8W6	dicimur	NO MATCH	99301	Mood#Ind|Number#Plur|Person#1|Tense#Pres|VerbForm#Fin|Voice#Pass
005.SCG*LB3.CP13++2.N.27.9-3.10-5W4	dicitur	NO MATCH	99301	Mood#Ind|Number#Sing|Person#3|Tense#Pres|VerbForm#Fin|Voice#Pass
005.SCG*LB2.CP-6++1.N.-3.18-1.21-7W7	praedictus	NO MATCH	118832	Aspect#Perf|Case#Nom|Degree#Pos|Gender#Masc|Number#Sing|Tense#Past|VerbForm#Part|Voice#Pass
005.SCG*LB4.CP-8++3.N.11.18-4.19-4W1	praedictae	NO MATCH	118832	Aspect#Perf|Case#Nom|Degree#Pos|Gender#Fem|Number#Plur|Tense#Past|VerbForm#Part|Voice#Pass
005.SCG*LB3.CP11++7.N.-7.5-5.7-1W4	dicitur	NO MATCH	99301	Mood#Ind|Number#Sing|Person#3|Tense#Pres|VerbForm#Fin|Voice#Pass
005.SCG*LB2.CP-3++7.N.-2.13-1.19-6W15	fieri	NO MATCH	102758	Tense#Pres|VerbForm#Inf|Voice#Pass
005.SCG*LB4.CP-2++2.N.-3.7-1.13-2W25	consequens	NO MATCH	96035	Aspect#Imp|Case#Nom|Degree#Pos|Gender#Neut|Number#Sing|Tense#Pres|VerbForm#Part|Voice#Pass
005.SCG*LB1.CP-2++6.N.11.28-1.31-1W7	dicit	NO MATCH	99301	Mood#Ind|Number#Sing|Person#3|Tense#Pres|VerbForm#Fin|Voice#Act
005.SCG*LB2.CP-5++9.N.13.13-2.16-1W16	praedictam	NO MATCH	118832	Aspect#Perf|Case#Acc|Degree#Pos|Gender#Fem|Number#Sing|Tense#Past|VerbForm#Part|Voice#Pass
005.SCG*LB3.CP16++0.N.-4.1-1.3-6W8	dicebant	NO MATCH	99301	Aspect#Imp|Mood#Ind|Number#Plur|Person#3|Tense#Imp|VerbForm#Fin|Voice#Act
005.SCG*LB2.CP-6++2.N.-2.7-4.9-2W5	dici	NO MATCH	99301	Tense#Pres|VerbForm#Inf|Voice#Pass
005.SCG*LB2.CP-6++0.N.11.11-4.13-7W13	dicitur	NO MATCH	99301	Mood#Ind|Number#Sing|Person#3|Tense#Pres|VerbForm#Fin|Voice#Pass
005.SCG*LB4.CP-7++6.N.-6.4-6.5-4W1	fiet	NO MATCH	102758	Aspect#Imp|Mood#Ind|Number#Sing|Person#3|Tense#Fut|VerbForm#Fin|Voice#Pass
005.SCG*LB3.CP10++2.N.-4.16-6.18-1W7	fieri	NO MATCH	102758	Tense#Pres|VerbForm#Inf|Voice#Pass
005.SCG*LB2.CP-7++3.N.19.8-5.14-5W30	calefieri	NO MATCH	92350	Tense#Pres|VerbForm#Inf|Voice#Pass
005.SCG*LB2.CP-6++2.N.-3.1-1.4-3W5	dicit	NO MATCH	99301	Mood#Ind|Number#Sing|Person#3|Tense#Pres|VerbForm#Fin|Voice#Act
005.SCG*LB3.CP11++9.N.-6.1-1.2-5W10	dicitur	NO MATCH	99301	Mood#Ind|Number#Sing|Person#3|Tense#Pres|VerbForm#Fin|Voice#Pass
005.SCG*LB2.CP-3++7.N.-5.3-1.5-2W2	fieri	NO MATCH	102758	Tense#Pres|VerbForm#Inf|Voice#Pass
005.SCG*LB4.CP--++9.N.-2.1-1.5-2W6	dicit	NO MATCH	99301	Aspect#Imp|Mood#Ind|Number#Sing|Person#3|Tense#Pres|VerbForm#Fin|Voice#Act
005.SCG*LB1.CP-1++0.N.-4.9-8.12-2W4	dicitur	NO MATCH	99301	Mood#Ind|Number#Sing|Person#3|Tense#Pres|VerbForm#Fin|Voice#Pass
005.SCG*LB2.CP-1++2.N.-2.9-7.12-6W8	dicitur	NO MATCH	99301	Mood#Ind|Number#Sing|Person#3|Tense#Pres|VerbForm#Fin|Voice#Pass
005.SCG*LB4.CP--++8.N.-2.1-1.6-4W9	dicit	NO MATCH	99301	Aspect#Imp|Mood#Ind|Number#Sing|Person#3|Tense#Pres|VerbForm#Fin|Voice#Act
005.SCG*LB4.CP-3++4.N.10.2-2.2-4W3	dicit	NO MATCH	99301	Aspect#Imp|Mood#Ind|Number#Sing|Person#3|Tense#Pres|VerbForm#Fin|Voice#Act
005.SCG*LB2.CP-8++5.N.-7.5-1.8-1W22	dictis	NO MATCH	99301	Aspect#Perf|Case#Abl|Degree#Pos|Gender#Neut|Number#Plur|Tense#Past|VerbForm#Part|Voice#Pass
005.SCG*LB3.CP15++4.N.-7.1-1.3-5W11	convenienter	NO MATCH	96424	Degree#Pos
005.SCG*LB3.CP-2++6.N.14.12-2.13-5W8	praedictis	NO MATCH	118832	Aspect#Perf|Case#Abl|Degree#Pos|Gender#Masc|Number#Plur|Tense#Past|VerbForm#Part|Voice#Pass
005.SCG*LB4.CP-2++3.N.-6.7-3.11-2W17	dicitur	NO MATCH	99301	Aspect#Imp|Mood#Ind|Number#Sing|Person#3|Tense#Pres|VerbForm#Fin|Voice#Pass
005.SCG*LB3.CP-8++6.N.14.10-1.11-1W5	quadripartito	NO MATCH	121018	Aspect#Perf|Case#Abl|Degree#Pos|Gender#Masc|Number#Sing|Tense#Past|VerbForm#Part|Voice#Pass
005.SCG*LB2.CP-1++1.N.-5.1-2.2-6W2	dicitur	NO MATCH	99301	Mood#Ind|Number#Sing|Person#3|Tense#Pres|VerbForm#Fin|Voice#Pass
005.SCG*LB3.CP-9++5.N.-7.1-1.1-6W4	dicitur	NO MATCH	99301	Mood#Ind|Number#Sing|Person#3|Tense#Pres|VerbForm#Fin|Voice#Pass
005.SCG*LB4.CP-5++3.N.27.6-1.7-3W4	sufficienter	NO MATCH	126601	Degree#Pos
005.SCG*LB2.CP-3++7.N.-5.5-3.7-1W6	fiunt	NO MATCH	102758	Mood#Ind|Number#Plur|Person#3|Tense#Pres|VerbForm#Fin|Voice#Pass
005.SCG*LB4.CP-1++7.N.12.7-5.7-7W3	dicitur	NO MATCH	99301	Aspect#Imp|Mood#Ind|Number#Sing|Person#3|Tense#Pres|VerbForm#Fin|Voice#Pass
005.SCG*LB2.CP-6++2.N.-4.3-1.8-3W10	determinate	NO MATCH	99024	Degree#Pos
005.SCG*LB3.CP10++9.N.-8.14-6.18-2W21	dictis	NO MATCH	99301	Aspect#Perf|Case#Abl|Degree#Pos|Gender#Neut|Number#Plur|Tense#Past|VerbForm#Part|Voice#Pass
005.SCG*LB3.CP10++1.N.-2.2-5.8-1W10	fit	NO MATCH	102758	Mood#Ind|Number#Sing|Person#3|Tense#Pres|VerbForm#Fin|Voice#Pass
005.SCG*LB2.CP-7++4.N.12.1-1.5-1W12	dicit	NO MATCH	99301	Mood#Ind|Number#Sing|Person#3|Tense#Pres|VerbForm#Fin|Voice#Act
005.SCG*LB2.CP--++4.N.-1.8-2.10-2W5	subiiciuntur	NO MATCH	126114	Mood#Ind|Number#Plur|Person#3|Tense#Pres|VerbForm#Fin|Voice#Pass
005.SCG*LB3.CP--++8.N.13.1-1.7-3W43	dicitur	NO MATCH	99301	Mood#Ind|Number#Sing|Person#3|Tense#Pres|VerbForm#Fin|Voice#Pass
005.SCG*LB4.CP-4++8.N.-3.1-1.5-2W14	dicatur	NO MATCH	99301	Aspect#Imp|Mood#Sub|Number#Sing|Person#3|Tense#Pres|VerbForm#Fin|Voice#Pass
005.SCG*LB3.CP15++0.N.-2.3-2.4-5W1	dicitur	NO MATCH	99301	Mood#Ind|Number#Sing|Person#3|Tense#Pres|VerbForm#Fin|Voice#Pass
005.SCG*LB2.CP-2++5.N.-1.1-1.3-5W15	dicitur	NO MATCH	99301	Mood#Ind|Number#Sing|Person#3|Tense#Pres|VerbForm#Fin|Voice#Pass
005.SCG*LB4.CP-1++1.N.19.11-1.16-5W7	dicta	NO MATCH	99301	Aspect#Perf|Case#Nom|Degree#Pos|Gender#Fem|Number#Sing|Tense#Past|VerbForm#Part|Voice#Pass
005.SCG*LB3.CP-8++5.N.15.6-2.10-1W15	puta	NO MATCH	120610	
005.SCG*LB1.CP-4++4.N.-7.13-1.15-7W17	dicimus	NO MATCH	99301	Mood#Ind|Number#Plur|Person#1|Tense#Pres|VerbForm#Fin|Voice#Act
005.SCG*LB2.CP--++2.N.-2.18-3.20-3W13	dicens	NO MATCH	99301	Case#Nom|Degree#Pos|Gender#Masc|Number#Sing|Tense#Pres|VerbForm#Part|Voice#Act
005.SCG*LB4.CP--++8.N.-3.1-1.5-5W15	dicit	NO MATCH	99301	Aspect#Imp|Mood#Ind|Number#Sing|Person#3|Tense#Pres|VerbForm#Fin|Voice#Act
005.SCG*LB2.CP-6++2.N.12.1-2.2-4W5	dicitur	NO MATCH	99301	Mood#Ind|Number#Sing|Person#3|Tense#Pres|VerbForm#Fin|Voice#Pass
005.SCG*LB2.CP-9++8.N.13.35-3.38-6W4	dicitur	NO MATCH	99301	Mood#Ind|Number#Sing|Person#3|Tense#Pres|VerbForm#Fin|Voice#Pass
005.SCG*LB3.CP-2++6.N.19.49-1.50-5W6	decentius	NO MATCH	98057	Degree#Cmp
005.SCG*LB2.CP-8++0.N.-9.27-1.29-5W13	fieret	NO MATCH	102758	Aspect#Imp|Mood#Sub|Number#Sing|Person#3|Tense#Imp|VerbForm#Fin|Voice#Pass
005.SCG*LB4.CP--++7.N.-7.6-6.7-2W4	dicitur	NO MATCH	99301	Aspect#Imp|Mood#Ind|Number#Sing|Person#3|Tense#Pres|VerbForm#Fin|Voice#Pass
005.SCG*LB4.CP--++1.N.12.11-6.12-2W1	recte	NO MATCH	122542	Degree#Pos
005.SCG*LB3.CP-4++3.N.-6.17-3.22-2W5	praedictam	NO MATCH	118832	Aspect#Perf|Case#Acc|Degree#Pos|Gender#Fem|Number#Sing|Tense#Past|VerbForm#Part|Voice#Pass
005.SCG*LB3.CP-9++7.N.-2.19-1.23-4W19	unite	NO MATCH	130685	Degree#Pos
005.SCG*LB2.CP--++2.N.-4.13-5.14-1W4	dicitur	NO MATCH	99301	Mood#Ind|Number#Sing|Person#3|Tense#Pres|VerbForm#Fin|Voice#Pass
005.SCG*LB3.CP-9++5.N.17.13-1.13-7W4	dicitur	NO MATCH	99301	Mood#Ind|Number#Sing|Person#3|Tense#Pres|VerbForm#Fin|Voice#Pass
005.SCG*LB4.CP-7++2.N.-6.14-1.17-2W21	dicitur	NO MATCH	99301	Aspect#Imp|Mood#Ind|Number#Sing|Person#3|Tense#Pres|VerbForm#Fin|Voice#Pass
005.SCG*LB2.CP-8++2.N.17.11-3.16-1W26	dicto	NO MATCH	99301	Aspect#Perf|Case#Abl|Degree#Pos|Gender#Masc|Number#Sing|Tense#Past|VerbForm#Part|Voice#Pass
005.SCG*LB3.CP10++5.N.11.1-1.3-2W14	dicentes	NO MATCH	99301	Case#Nom|Degree#Pos|Gender#Masc|Number#Plur|Tense#Pres|VerbForm#Part|Voice#Act
005.SCG*LB4.CP-6++4.N.-1.8-3.11-1W20	praedictae	NO MATCH	118832	Aspect#Perf|Case#Gen|Degree#Pos|Gender#Fem|Number#Sing|Tense#Past|VerbForm#Part|Voice#Pass
005.SCG*LB1.CP-1++3.N.-3.8-3.8-6W3	dicimus	NO MATCH	99301	Mood#Ind|Number#Plur|Person#1|Tense#Pres|VerbForm#Fin|Voice#Act
005.SCG*LB4.CP-6++9.N.-6.17-3.21-6W15	dicitur	NO MATCH	99301	Aspect#Imp|Mood#Ind|Number#Sing|Person#3|Tense#Pres|VerbForm#Fin|Voice#Pass
005.SCG*LB4.CP-7++1.N.-3.1-2.2-3W5	potentius	NO MATCH	118569	Aspect#Imp|Case#Acc|Degree#Cmp|Gender#Neut|Number#Sing|Tense#Pres|VerbForm#Part|VerbType#Mod|Voice#Act
005.SCG*LB2.CP-8++0.N.10.32-1.33-6W3	praedictarum	NO MATCH	118832	Aspect#Perf|Case#Gen|Degree#Pos|Gender#Fem|Number#Plur|Tense#Past|VerbForm#Part|Voice#Pass
005.SCG*LB2.CP-8++4.N.-2.1-1.5-8W4	dicitur	NO MATCH	99301	Mood#Ind|Number#Sing|Person#3|Tense#Pres|VerbForm#Fin|Voice#Pass
005.SCG*LB4.CP-3++8.N.10.5-5.7-2W1	dicitur	NO MATCH	99301	Aspect#Imp|Mood#Ind|Number#Sing|Person#3|Tense#Pres|VerbForm#Fin|Voice#Pass
005.SCG*LB4.CP--++6.N.11.1-2.2-6W1	expresse	NO MATCH	102229	Degree#Pos
005.SCG*LB3.CP-9++7.N.13.21-7.22-4W4	consequentibus	NO MATCH	96035	Case#Abl|Degree#Pos|Gender#Neut|Number#Plur|Tense#Pres|VerbForm#Part|Voice#Pass
005.SCG*LB3.CP12++6.N.-5.1-1.2-1W4	dicitur	NO MATCH	99301	Mood#Ind|Number#Sing|Person#3|Tense#Pres|VerbForm#Fin|Voice#Pass
005.SCG*LB3.CP-8++6.N.12.9-6.12-1W5	dici	NO MATCH	99301	Tense#Pres|VerbForm#Inf|Voice#Pass
005.SCG*LB2.CP-8++2.N.19.5-1.6-6W5	exequens	NO MATCH	102311	Case#Nom|Degree#Pos|Gender#Fem|Number#Sing|Tense#Pres|VerbForm#Part|Voice#Pass
005.SCG*LB2.CP-7++3.N.17.10-3.12-4W10	dicit	NO MATCH	99301	Mood#Ind|Number#Sing|Person#3|Tense#Pres|VerbForm#Fin|Voice#Act
005.SCG*LB4.CP--++9.N.-6.14-1.18-3W12	diceretur	NO MATCH	99301	Aspect#Imp|Mood#Sub|Number#Sing|Person#3|Tense#Imp|VerbForm#Fin|Voice#Pass
005.SCG*LB1.CP-4++2.N.-9.26-1.32-6W23	essendi	NO MATCH	126689	Case#Gen|Degree#Pos|Number#Sing|VerbForm#Ger|Voice#Act
005.SCG*LB4.CP-6++6.N.-4.10-1.14-5W11	dicant	NO MATCH	99301	Aspect#Imp|Mood#Sub|Number#Plur|Person#3|Tense#Pres|VerbForm#Fin|Voice#Act
005.SCG*LB4.CP--++4.N.15.5-2.5-5W1	dicitur	NO MATCH	99301	Aspect#Imp|Mood#Ind|Number#Sing|Person#3|Tense#Pres|VerbForm#Fin|Voice#Pass
005.SCG*LB4.CP-9++5.N.-2.1-1.3-3W5	dictum	NO MATCH	99301	Aspect#Perf|Case#Nom|Degree#Pos|Gender#Neut|Number#Sing|Tense#Past|VerbForm#Part|Voice#Pass
005.SCG*LB2.CP-8++2.N.17.20-2.24-6W12	dicere	NO MATCH	99301	Tense#Pres|VerbForm#Inf|Voice#Act
005.SCG*LB2.CP-7++3.N.39.17-1.23-2W5	dicit	NO MATCH	99301	Mood#Ind|Number#Sing|Person#3|Tense#Pres|VerbForm#Fin|Voice#Act
005.SCG*LB3.CP10++5.N.-5.1-1.8-4W41	fiunt	NO MATCH	102758	Mood#Ind|Number#Plur|Person#3|Tense#Pres|VerbForm#Fin|Voice#Pass
005.SCG*LB2.CP-8++0.N.10.14-1.18-4W20	dixerunt	NO MATCH	99301	Aspect#Perf|Mood#Ind|Number#Plur|Person#3|Tense#Past|VerbForm#Fin|Voice#Act
005.SCG*LB1.CP-2++8.N.-9.15-7.21-8W27	dicitur	NO MATCH	99301	Mood#Ind|Number#Sing|Person#3|Tense#Pres|VerbForm#Fin|Voice#Pass
005.SCG*LB4.CP--++8.N.-7.14-6.17-5W3	dixit	NO MATCH	99301	Aspect#Perf|Mood#Ind|Number#Sing|Person#3|Tense#Past|VerbForm#Fin|Voice#Act
005.SCG*LB3.CP-4++0.N.-6.3-3.6-2W6	fit	NO MATCH	102758	Mood#Ind|Number#Sing|Person#3|Tense#Pres|VerbForm#Fin|Voice#Pass
005.SCG*LB2.CP-4++5.N.-1.1-1.3-1W4	praedictis	NO MATCH	118832	Aspect#Perf|Case#Abl|Degree#Pos|Gender#Neut|Number#Plur|Tense#Past|VerbForm#Part|Voice#Pass
005.SCG*LB4.CP--++7.N.18.11-2.12-6W1	dicitur	NO MATCH	99301	Aspect#Imp|Mood#Ind|Number#Sing|Person#3|Tense#Pres|VerbForm#Fin|Voice#Pass
005.SCG*LB3.CP14++6.N.-8.3-1.4-2W5	dicit	NO MATCH	99301	Mood#Ind|Number#Sing|Person#3|Tense#Pres|VerbForm#Fin|Voice#Act
005.SCG*LB4.CP-3++8.N.-9.1-2.4-7W17	dicerentur	NO MATCH	99301	Aspect#Imp|Mood#Sub|Number#Plur|Person#3|Tense#Imp|VerbForm#Fin|Voice#Pass
005.SCG*LB4.CP-1++1.N.18.1-1.3-4W14	dicitur	NO MATCH	99301	Aspect#Imp|Mood#Ind|Number#Sing|Person#3|Tense#Pres|VerbForm#Fin|Voice#Pass
005.SCG*LB1.CP-4++2.N.-9.10-4.13-5W20	essendi	NO MATCH	126689	Case#Gen|Degree#Pos|Number#Sing|VerbForm#Ger|Voice#Act
005.SCG*LB4.CP-5++5.N.-4.6-2.10-1W18	dicimus	NO MATCH	99301	Aspect#Imp|Mood#Ind|Number#Plur|Person#1|Tense#Pres|VerbForm#Fin|Voice#Act
005.SCG*LB2.CP-8++9.N.22.5-2.7-5W11	dicitur	NO MATCH	99301	Mood#Ind|Number#Sing|Person#3|Tense#Pres|VerbForm#Fin|Voice#Pass
005.SCG*LB4.CP-6++2.N.-5.28-1.30-2W4	dicat	NO MATCH	99301	Aspect#Imp|Mood#Sub|Number#Sing|Person#3|Tense#Pres|VerbForm#Fin|Voice#Act
005.SCG*LB2.CP-2++8.N.-7.1-1.4-5W8	nitentium	NO MATCH	113708	Case#Gen|Degree#Pos|Gender#Masc|Number#Plur|Tense#Pres|VerbForm#Part|Voice#Pass
005.SCG*LB3.CP-7++7.N.-5.11-1.17-1W9	abundantius	NO MATCH	87053	Degree#Pos
005.SCG*LB1.CP-1++1.N.-1.1-1.1-4W1	praedicta	NO MATCH	118832	Aspect#Perf|Case#Nom|Degree#Pos|Gender#Fem|Number#Sing|Tense#Past|VerbForm#Part|Voice#Pass
005.SCG*LB2.CP-1++7.N.-5.1-2.5-1W10	fit	NO MATCH	102758	Mood#Ind|Number#Sing|Person#3|Tense#Pres|VerbForm#Fin|Voice#Pass
005.SCG*LB1.CP-2++9.N.-5.14-4.16-5W4	dicimus	NO MATCH	99301	Mood#Ind|Number#Plur|Person#1|Tense#Pres|VerbForm#Fin|Voice#Act
005.SCG*LB4.CP-3++4.N.22.22-5.24-6W18	dicitur	NO MATCH	99301	Aspect#Imp|Mood#Ind|Number#Sing|Person#3|Tense#Pres|VerbForm#Fin|Voice#Pass
005.SCG*LB1.CP-9++9.N.-2.3-3.4-5W4	fit	NO MATCH	102758	Mood#Ind|Number#Sing|Person#3|Tense#Pres|VerbForm#Fin|Voice#Pass
005.SCG*LB2.CP-9++8.N.11.28-1.31-3W22	praedictarum	NO MATCH	118832	Aspect#Perf|Case#Gen|Degree#Pos|Gender#Fem|Number#Plur|Tense#Past|VerbForm#Part|Voice#Pass
005.SCG*LB3.CP-4++0.N.-1.4-3.10-3W41	dictum	NO MATCH	99301	Aspect#Perf|Case#Nom|Degree#Pos|Gender#Neut|Number#Sing|Tense#Past|VerbForm#Part|Voice#Pass
005.SCG*LB1.CP-7++5.N.-2.3-3.5-2W11	praedictis	NO MATCH	118832	Aspect#Perf|Case#Abl|Degree#Pos|Gender#Neut|Number#Plur|Tense#Past|VerbForm#Part|Voice#Pass
005.SCG*LB2.CP-1++5.N.-7.9-5.13-1W26	necesse-esse	NO MATCH	126689	Tense#Pres|VerbForm#Inf|Voice#Act
005.SCG*LB2.CP-2++0.N.-2.8-1.9-2W8	fit	NO MATCH	102758	Mood#Ind|Number#Sing|Person#3|Tense#Pres|VerbForm#Fin|Voice#Pass
005.SCG*LB1.CP-4++2.N.-8.9-3.10-6W9	necesse-esse	NO MATCH	126689	Tense#Pres|VerbForm#Inf|Voice#Act
005.SCG*LB4.CP-5++3.N.27.1-2.4-1W3	sufficienter	NO MATCH	126601	Degree#Pos
005.SCG*LB2.CP-8++0.N.-6.34-3.37-4W4	dicit	NO MATCH	99301	Mood#Ind|Number#Sing|Person#3|Tense#Pres|VerbForm#Fin|Voice#Act
005.SCG*LB1.CP-9++1.N.-9.25-3.28-6W9	dicimur	NO MATCH	99301	Mood#Ind|Number#Plur|Person#1|Tense#Pres|VerbForm#Fin|Voice#Pass
005.SCG*LB2.CP-3++2.N.-8.15-2.18-5W26	incoepisse	NO MATCH	106965	Aspect#Perf|Tense#Past|VerbForm#Inf|Voice#Act
005.SCG*LB4.CP-8++1.N.10.11-1.12-4W2	dicitur	NO MATCH	99301	Aspect#Imp|Mood#Ind|Number#Sing|Person#3|Tense#Pres|VerbForm#Fin|Voice#Pass
005.SCG*LB3.CP-6++2.N.-5.1-2.4-4W23	proiicitur	NO MATCH	119771	Mood#Ind|Number#Sing|Person#3|Tense#Pres|VerbForm#Fin|Voice#Pass
005.SCG*LB3.CP--++5.N.-5.1-1.5-5W7	fiat	NO MATCH	102758	Mood#Sub|Number#Sing|Person#3|Tense#Pres|VerbForm#Fin|Voice#Pass
005.SCG*LB2.CP-5++8.N.-6.1-2.4-4W14	fiat	NO MATCH	102758	Mood#Sub|Number#Sing|Person#3|Tense#Pres|VerbForm#Fin|Voice#Pass
005.SCG*LB3.CP-1++0.N.13.25-1.28-6W22	dicatur	NO MATCH	99301	Mood#Sub|Number#Sing|Person#3|Tense#Pres|VerbForm#Fin|Voice#Pass
005.SCG*LB4.CP-2++5.N.-2.24-1.27-5W23	dixerat	NO MATCH	99301	Aspect#Perf|Mood#Ind|Number#Sing|Person#3|Tense#Pqp|VerbForm#Fin|Voice#Act
005.SCG*LB2.CP-8++6.N.-8.1-1.4-2W12	dixerunt	NO MATCH	99301	Aspect#Perf|Mood#Ind|Number#Plur|Person#3|Tense#Past|VerbForm#Fin|Voice#Act
005.SCG*LB3.CP-5++3.N.-3.3-5.4-6W7	fit	NO MATCH	102758	Mood#Ind|Number#Sing|Person#3|Tense#Pres|VerbForm#Fin|Voice#Pass
005.SCG*LB1.CP-4++2.N.-9.1-2.4-6W19	essendi	NO MATCH	126689	Case#Gen|Degree#Pos|Number#Sing|VerbForm#Ger|Voice#Act
005.SCG*LB4.CP--++8.N.12.10-5.12-1W11	dictum	NO MATCH	99301	Aspect#Perf|Case#Nom|Degree#Pos|Gender#Neut|Number#Sing|Tense#Past|VerbForm#Part|Voice#Pass
005.SCG*LB2.CP-8++2.N.10.13-1.18-5W8	diximus	NO MATCH	99301	Aspect#Perf|Mood#Ind|Number#Plur|Person#1|Tense#Past|VerbForm#Fin|Voice#Act
005.SCG*LB3.CP-8++4.N.-9.10-5.14-3W4	dixerunt	NO MATCH	99301	Aspect#Perf|Mood#Ind|Number#Plur|Person#3|Tense#Past|VerbForm#Fin|Voice#Act
005.SCG*LB4.CP-5++9.N.-1.8-1.10-2W16	dictum	NO MATCH	99301	Aspect#Perf|Case#Nom|Degree#Pos|Gender#Neut|Number#Sing|Tense#Past|VerbForm#Part|Voice#Pass
005.SCG*LB2.CP-3++2.N.-4.3-2.6-1W2	fieret	NO MATCH	102758	Aspect#Imp|Mood#Sub|Number#Sing|Person#3|Tense#Imp|VerbForm#Fin|Voice#Pass
005.SCG*LB4.CP-8++3.N.-9.1-1.3-4W7	ordinatior	NO MATCH	115233	Aspect#Perf|Case#Nom|Degree#Cmp|Gender#Fem|Number#Sing|Tense#Past|VerbForm#Part|Voice#Pass
005.SCG*LB2.CP-8++6.N.-4.5-6.7-1W6	educi	NO MATCH	100588	Tense#Pres|VerbForm#Inf|Voice#Pass
005.SCG*LB3.CP--++7.N.10.6-1.9-4W10	dicit	NO MATCH	99301	Mood#Ind|Number#Sing|Person#3|Tense#Pres|VerbForm#Fin|Voice#Act
005.SCG*LB3.CP-8++6.N.-6.1-1.8-2W36	dicitur	NO MATCH	99301	Mood#Ind|Number#Sing|Person#3|Tense#Pres|VerbForm#Fin|Voice#Pass
005.SCG*LB2.CP-5++2.N.-5.3-5.6-1W3	dicitur	NO MATCH	99301	Mood#Ind|Number#Sing|Person#3|Tense#Pres|VerbForm#Fin|Voice#Pass
005.SCG*LB4.CP--++4.N.14.13-1.15-1W11	diceretur	NO MATCH	99301	Aspect#Imp|Mood#Sub|Number#Sing|Person#3|Tense#Imp|VerbForm#Fin|Voice#Pass
005.SCG*LB2.CP-8++3.N.-1.1-1.5-6W24	essendi	NO MATCH	126689	Case#Gen|Degree#Pos|Number#Sing|VerbForm#Ger|Voice#Act
005.SCG*LB2.CP-8++8.N.-7.9-1.9-6W3	fit	NO MATCH	102758	Mood#Ind|Number#Sing|Person#3|Tense#Pres|VerbForm#Fin|Voice#Pass
005.SCG*LB4.CP-1++7.N.-9.4-3.4-6W1	dicitur	NO MATCH	99301	Aspect#Imp|Mood#Ind|Number#Sing|Person#3|Tense#Pres|VerbForm#Fin|Voice#Pass
005.SCG*LB2.CP-8++7.N.-7.2-3.9-7W18	dicit	NO MATCH	99301	Mood#Ind|Number#Sing|Person#3|Tense#Pres|VerbForm#Fin|Voice#Act
005.SCG*LB2.CP--++2.N.-6.3-3.4-4W3	dicitur	NO MATCH	99301	Mood#Ind|Number#Sing|Person#3|Tense#Pres|VerbForm#Fin|Voice#Pass
005.SCG*LB1.CP-4++0.N.-5.1-1.3-1W11	dicit	NO MATCH	99301	Mood#Ind|Number#Sing|Person#3|Tense#Pres|VerbForm#Fin|Voice#Act
005.SCG*LB2.CP-4++5.N.-2.18-6.20-4W4	dici	NO MATCH	99301	Tense#Pres|VerbForm#Inf|Voice#Pass
005.SCG*LB4.CP-3++4.N.10.4-1.5-5W1	ingrediens	NO MATCH	107822	Aspect#Imp|Case#Nom|Degree#Pos|Gender#Neut|Number#Sing|Tense#Pres|VerbForm#Part|Voice#Pass
005.SCG*LB1.CP-2++6.N.12.3-1.6-6W18	fiunt	NO MATCH	102758	Mood#Ind|Number#Plur|Person#3|Tense#Pres|VerbForm#Fin|Voice#Pass
005.SCG*LB3.CP-2++6.N.14.4-1.5-5W12	converso	NO MATCH	96446	Case#Abl|Degree#Pos|Gender#Neut|Number#Sing
005.SCG*LB2.CP-9++0.N.13.9-1.12-1W4	dicens	NO MATCH	99301	Case#Nom|Degree#Pos|Gender#Fem|Number#Sing|Tense#Pres|VerbForm#Part|Voice#Act
005.SCG*LB4.CP-1++7.N.-1.4-3.4-7W5	dicitur	NO MATCH	99301	Aspect#Imp|Mood#Ind|Number#Sing|Person#3|Tense#Pres|VerbForm#Fin|Voice#Pass
005.SCG*LB4.CP-5++3.N.-9.10-1.11-5W6	sufficienter	NO MATCH	126601	Degree#Pos
005.SCG*LB3.CP-4++6.N.-1.1-1.4-1W14	diligenter	NO MATCH	99463	Degree#Pos
005.SCG*LB3.CP-7++4.N.-2.1-1.2-6W10	dicitur	NO MATCH	99301	Mood#Ind|Number#Sing|Person#3|Tense#Pres|VerbForm#Fin|Voice#Pass
005.SCG*LB3.CP-6++6.N.-8.5-1.8-1W6	dicitur	NO MATCH	99301	Mood#Ind|Number#Sing|Person#3|Tense#Pres|VerbForm#Fin|Voice#Pass
005.SCG*LB3.CP-9++7.N.-3.38-3.40-5W4	dicit	NO MATCH	99301	Mood#Ind|Number#Sing|Person#3|Tense#Pres|VerbForm#Fin|Voice#Act
005.SCG*LB2.CP-9++8.N.-4.12-5.15-2W11	eminentius	NO MATCH	100978	Degree#Cmp
005.SCG*LB2.CP--++2.N.-4.15-7.16-5W6	dicitur	NO MATCH	99301	Mood#Ind|Number#Sing|Person#3|Tense#Pres|VerbForm#Fin|Voice#Pass
005.SCG*LB4.CP-6++6.N.-6.1-1.4-1W15	fiat	NO MATCH	102758	Aspect#Imp|Mood#Sub|Number#Sing|Person#3|Tense#Pres|VerbForm#Fin|Voice#Pass
005.SCG*LB4.CP-2++5.N.-1.5-1.8-5W1	dicunt	NO MATCH	99301	Aspect#Imp|Mood#Ind|Number#Plur|Person#3|Tense#Pres|VerbForm#Fin|Voice#Act
005.SCG*LB2.CP-7++5.N.-5.1-1.5-3W3	praedicta	NO MATCH	118832	Aspect#Perf|Case#Nom|Degree#Pos|Gender#Fem|Number#Sing|Tense#Past|VerbForm#Part|Voice#Pass
005.SCG*LB3.CP-9++7.N.-3.17-4.19-6W12	perfectior	NO MATCH	116821	Aspect#Perf|Case#Nom|Degree#Cmp|Gender#Fem|Number#Sing|Tense#Past|VerbForm#Part|Voice#Pass
005.SCG*LB1.CP-6++9.N.-5.8-3.10-3W9	exemplatum	NO MATCH	101974	Aspect#Perf|Case#Nom|Degree#Pos|Gender#Neut|Number#Sing|Tense#Past|VerbForm#Part|Voice#Pass
005.SCG*LB1.CP-7++4.N.-2.1-1.2-4W9	dictum	NO MATCH	99301	Aspect#Perf|Case#Nom|Degree#Pos|Gender#Neut|Number#Sing|Tense#Past|VerbForm#Part|Voice#Pass
005.SCG*LB4.CP-5++1.N.-8.1-2.4-4W13	fiunt	NO MATCH	102758	Aspect#Imp|Mood#Ind|Number#Plur|Person#3|Tense#Pres|VerbForm#Fin|Voice#Pass
005.SCG*LB2.CP-7++3.N.19.22-1.27-1W16	dicamus	NO MATCH	99301	Mood#Sub|Number#Plur|Person#1|Tense#Pres|VerbForm#Fin|Voice#Act
005.SCG*LB4.CP-5++7.N.-2.5-4.8-2W1	fit	NO MATCH	102758	Aspect#Imp|Mood#Ind|Number#Sing|Person#3|Tense#Pres|VerbForm#Fin|Voice#Pass
005.SCG*LB3.CP10++6.N.-2.6-7.8-5W1	fiunt	NO MATCH	102758	Mood#Ind|Number#Plur|Person#3|Tense#Pres|VerbForm#Fin|Voice#Pass
005.SCG*LB4.CP-1++1.N.11.36-1.37-6W4	dicitur	NO MATCH	99301	Aspect#Imp|Mood#Ind|Number#Sing|Person#3|Tense#Pres|VerbForm#Fin|Voice#Pass
005.SCG*LB4.CP-5++0.N.-3.7-6.10-6W17	dicitur	NO MATCH	99301	Aspect#Imp|Mood#Ind|Number#Sing|Person#3|Tense#Pres|VerbForm#Fin|Voice#Pass
005.SCG*LB2.CP-7++6.N.-8.1-1.5-3W3	dici	NO MATCH	99301	Tense#Pres|VerbForm#Inf|Voice#Pass
005.SCG*LB3.CP-9++8.N.-6.4-1.9-5W30	dixerunt	NO MATCH	99301	Aspect#Perf|Mood#Ind|Number#Plur|Person#3|Tense#Past|VerbForm#Fin|Voice#Act
005.SCG*LB4.CP-1++6.N.-7.4-3.5-4W1	dicit	NO MATCH	99301	Aspect#Imp|Mood#Ind|Number#Sing|Person#3|Tense#Pres|VerbForm#Fin|Voice#Act
005.SCG*LB4.CP-4++3.N.-2.20-1.22-5W13	consequens	NO MATCH	96035	Aspect#Imp|Case#Acc|Degree#Pos|Gender#Neut|Number#Sing|Tense#Pres|VerbForm#Part|Voice#Pass
005.SCG*LB4.CP-1++7.N.18.1-2.1-6W5	dicitur	NO MATCH	99301	Aspect#Imp|Mood#Ind|Number#Sing|Person#3|Tense#Pres|VerbForm#Fin|Voice#Pass
005.SCG*LB3.CP-5++5.N.-6.7-4.12-1W4	dicitur	NO MATCH	99301	Mood#Ind|Number#Sing|Person#3|Tense#Pres|VerbForm#Fin|Voice#Pass
005.SCG*LB1.CP-6++0.N.-2.1-1.3-3W13	dictum	NO MATCH	99301	Aspect#Perf|Case#Nom|Degree#Pos|Gender#Neut|Number#Sing|Tense#Past|VerbForm#Part|Voice#Pass
005.SCG*LB3.CP10++5.N.-9.4-5.8-1W1	praedictae	NO MATCH	118832	Aspect#Perf|Case#Nom|Degree#Pos|Gender#Fem|Number#Plur|Tense#Past|VerbForm#Part|Voice#Pass
005.SCG*LB2.CP-7++6.N.19.1-1.9-2W10	praedicti	NO MATCH	118832	Aspect#Perf|Case#Nom|Degree#Pos|Gender#Masc|Number#Plur|Tense#Past|VerbForm#Part|Voice#Pass
005.SCG*LB1.CP-7++9.N.-2.4-7.5-8W4	dici	NO MATCH	99301	Tense#Pres|VerbForm#Inf|Voice#Pass
005.SCG*LB3.CP-5++6.N.-7.1-1.3-7W4	diligenter	NO MATCH	99463	Degree#Pos
005.SCG*LB3.CP-8++4.N.10.1-1.7-8W8	dicebant	NO MATCH	99301	Aspect#Imp|Mood#Ind|Number#Plur|Person#3|Tense#Imp|VerbForm#Fin|Voice#Act
005.SCG*LB4.CP-1++7.N.-7.10-7.11-6W9	dicitur	NO MATCH	99301	Aspect#Imp|Mood#Ind|Number#Sing|Person#3|Tense#Pres|VerbForm#Fin|Voice#Pass
005.SCG*LB3.CP-3++7.N.-1.1-1.10-3W12	dicuntur	NO MATCH	99301	Mood#Ind|Number#Plur|Person#3|Tense#Pres|VerbForm#Fin|Voice#Pass
005.SCG*LB2.CP-3++3.N.-3.1-2.4-1W11	essendi	NO MATCH	126689	Case#Gen|Degree#Pos|Number#Sing|VerbForm#Ger|Voice#Act
005.SCG*LB2.CP-7++6.N.-6.9-6.11-2W7	fiunt	NO MATCH	102758	Mood#Ind|Number#Plur|Person#3|Tense#Pres|VerbForm#Fin|Voice#Pass
005.SCG*LB4.CP-5++4.N.-2.23-1.23-6W4	dicit	NO MATCH	99301	Aspect#Imp|Mood#Ind|Number#Sing|Person#3|Tense#Pres|VerbForm#Fin|Voice#Act
005.SCG*LB2.CP-3++6.N.-7.8-3.11-3W3	dicimus	NO MATCH	99301	Mood#Ind|Number#Plur|Person#1|Tense#Pres|VerbForm#Fin|Voice#Act
005.SCG*LB3.CP-5++4.N.-6.3-6.5-1W8	praedictum	NO MATCH	118832	Aspect#Perf|Case#Acc|Degree#Pos|Gender#Neut|Number#Sing|Tense#Past|VerbForm#Part|Voice#Pass
005.SCG*LB3.CP-8++8.N.-3.6-4.9-2W17	dictis	NO MATCH	99301	Aspect#Perf|Case#Abl|Degree#Pos|Gender#Neut|Number#Plur|Tense#Past|VerbForm#Part|Voice#Pass
005.SCG*LB4.CP--++5.N.12.1-2.2-6W9	dicitur	NO MATCH	99301	Aspect#Imp|Mood#Ind|Number#Sing|Person#3|Tense#Pres|VerbForm#Fin|Voice#Pass
005.SCG*LB2.CP-5++9.N.-2.1-1.5-1W12	dicit	NO MATCH	99301	Mood#Ind|Number#Sing|Person#3|Tense#Pres|VerbForm#Fin|Voice#Act
005.SCG*LB2.CP-5++8.N.-4.28-2.29-6W9	dicti	NO MATCH	99301	Aspect#Perf|Case#Gen|Degree#Pos|Gender#Masc|Number#Sing|Tense#Past|VerbForm#Part|Voice#Pass
005.SCG*LB2.CP-8++2.N.11.4-1.6-6W1	dicebat	NO MATCH	99301	Aspect#Imp|Mood#Ind|Number#Sing|Person#3|Tense#Imp|VerbForm#Fin|Voice#Act
005.SCG*LB2.CP-3++0.N.14.17-3.18-5005.SCG*LB2.CP-3++0.N.14.15-1.17-2W13	fit	NO MATCH	102758	Mood#Ind|Number#Sing|Person#3|Tense#Pres|VerbForm#Fin|Voice#Pass
005.SCG*LB4.CP--++8.N.-7.42-2.43-2W3	dicitur	NO MATCH	99301	Aspect#Imp|Mood#Ind|Number#Sing|Person#3|Tense#Pres|VerbForm#Fin|Voice#Pass
005.SCG*LB4.CP-3++2.N.-6.3-3.5-5W14	dicuntur	NO MATCH	99301	Aspect#Imp|Mood#Ind|Number#Plur|Person#3|Tense#Pres|VerbForm#Fin|Voice#Pass
005.SCG*LB1.CP-3++4.N.-1.1-1.6-2W4	dictis	NO MATCH	99301	Aspect#Perf|Case#Abl|Degree#Pos|Gender#Neut|Number#Plur|Tense#Past|VerbForm#Part|Voice#Pass
005.SCG*LB2.CP-7++8.N.-2.1-1.7-8W1	dicit	NO MATCH	99301	Mood#Ind|Number#Sing|Person#3|Tense#Pres|VerbForm#Fin|Voice#Act
005.SCG*LB4.CP-2++5.N.-2.15-1.18-6W11	dixit	NO MATCH	99301	Aspect#Perf|Mood#Ind|Number#Sing|Person#3|Tense#Past|VerbForm#Fin|Voice#Act
005.SCG*LB3.CP-9++9.N.-9.24-1.31-2W7	fieri	NO MATCH	102758	Tense#Pres|VerbForm#Inf|Voice#Pass
005.SCG*LB3.CP-9++5.N.10.11-1.11-6W6	dicit	NO MATCH	99301	Mood#Ind|Number#Sing|Person#3|Tense#Pres|VerbForm#Fin|Voice#Act
005.SCG*LB4.CP-2++5.N.-4.3-1.10-2W7	dicitur	NO MATCH	99301	Aspect#Imp|Mood#Ind|Number#Sing|Person#3|Tense#Pres|VerbForm#Fin|Voice#Pass
005.SCG*LB3.CP15++4.N.-5.3-4.5-5W3	dicitur	NO MATCH	99301	Mood#Ind|Number#Sing|Person#3|Tense#Pres|VerbForm#Fin|Voice#Pass
005.SCG*LB2.CP-8++9.N.13.14-1.17-1W14	consequens	NO MATCH	96035	Case#Acc|Degree#Pos|Gender#Neut|Number#Sing|Tense#Pres|VerbForm#Part|Voice#Pass
005.SCG*LB3.CP15++4.N.16.10-1.13-1W4	dicunt	NO MATCH	99301	Mood#Ind|Number#Plur|Person#3|Tense#Pres|VerbForm#Fin|Voice#Act
005.SCG*LB3.CP-4++9.N.10.1-2.6-3W14	dictum	NO MATCH	99301	Aspect#Perf|Case#Nom|Degree#Pos|Gender#Neut|Number#Sing|Tense#Past|VerbForm#Part|Voice#Pass
005.SCG*LB2.CP-5++9.N.10.13-6.16-1W3	praedicta	NO MATCH	118832	Aspect#Perf|Case#Nom|Degree#Pos|Gender#Fem|Number#Sing|Tense#Past|VerbForm#Part|Voice#Pass
005.SCG*LB1.CP-2++6.N.-1.1-1.3-6W8	dixerunt	NO MATCH	99301	Aspect#Perf|Mood#Ind|Number#Plur|Person#3|Tense#Past|VerbForm#Fin|Voice#Act
005.SCG*LB3.CP-5++3.N.-2.1-1.6-5W33	fit	NO MATCH	102758	Mood#Ind|Number#Sing|Person#3|Tense#Pres|VerbForm#Fin|Voice#Pass
005.SCG*LB2.CP-1++3.N.-3.3-1.5-6W14	dicitur	NO MATCH	99301	Mood#Ind|Number#Sing|Person#3|Tense#Pres|VerbForm#Fin|Voice#Pass
005.SCG*LB2.CP-8++3.N.27.6-2.11-4W3	ordinate	NO MATCH	115233	Degree#Pos
005.SCG*LB4.CP-3++4.N.-3.1-1.4-1W4	diligenter	NO MATCH	99463	Degree#Pos
005.SCG*LB4.CP-3++5.N.-7.10-1.12-5W20	dici	NO MATCH	99301	Aspect#Imp|Tense#Pres|VerbForm#Inf|Voice#Pass
005.SCG*LB3.CP12++0.N.20.4-2.5-5W9	praedictae	NO MATCH	118832	Aspect#Perf|Case#Nom|Degree#Pos|Gender#Fem|Number#Plur|Tense#Past|VerbForm#Part|Voice#Pass
005.SCG*LB4.CP-1++6.N.-8.7-2.7-5W4	dicitur	NO MATCH	99301	Aspect#Imp|Mood#Ind|Number#Sing|Person#3|Tense#Pres|VerbForm#Fin|Voice#Pass
005.SCG*LB4.CP-2++5.N.-4.11-1.15-3W21	dicitur	NO MATCH	99301	Aspect#Imp|Mood#Ind|Number#Sing|Person#3|Tense#Pres|VerbForm#Fin|Voice#Pass
005.SCG*LB1.CP-6++9.N.15.1-1.4-3W8	dicit	NO MATCH	99301	Mood#Ind|Number#Sing|Person#3|Tense#Pres|VerbForm#Fin|Voice#Act
005.SCG*LB4.CP--++5.N.-3.8-1.9-7W9	dici	NO MATCH	99301	Aspect#Imp|Tense#Pres|VerbForm#Inf|Voice#Pass
005.SCG*LB4.CP-2++3.N.-2.14-6.16-7W19	dicuntur	NO MATCH	99301	Aspect#Imp|Mood#Ind|Number#Plur|Person#3|Tense#Pres|VerbForm#Fin|Voice#Pass
005.SCG*LB4.CP--++8.N.-2.9-4.11-5W2	signanter	NO MATCH	124766	Degree#Pos
005.SCG*LB2.CP-3++3.N.-8.7-5.10-7W4	dicit	NO MATCH	99301	Mood#Ind|Number#Sing|Person#3|Tense#Pres|VerbForm#Fin|Voice#Act
005.SCG*LB4.CP-2++6.N.-2.10-2.13-3W20	dictis	NO MATCH	99301	Aspect#Perf|Case#Abl|Degree#Pos|Gender#Neut|Number#Plur|Tense#Past|VerbForm#Part|Voice#Pass
005.SCG*LB3.CP-4++2.N.-8.1-2.5-2W20	fieri	NO MATCH	102758	Tense#Pres|VerbForm#Inf|Voice#Pass
005.SCG*LB3.CP-2++3.N.-8.3-1.6-6W1	dicitur	NO MATCH	99301	Mood#Ind|Number#Sing|Person#3|Tense#Pres|VerbForm#Fin|Voice#Pass
005.SCG*LB4.CP-3++4.N.25.24-2.26-1W4	dicere	NO MATCH	99301	Aspect#Imp|Tense#Pres|VerbForm#Inf|Voice#Act
005.SCG*LB2.CP-4++3.N.-6.8-5.10-1W6	fit	NO MATCH	102758	Mood#Ind|Number#Sing|Person#3|Tense#Pres|VerbForm#Fin|Voice#Pass
005.SCG*LB4.CP-3++6.N.-8.6-3.7-1W7	fiat	NO MATCH	102758	Aspect#Imp|Mood#Sub|Number#Sing|Person#3|Tense#Pres|VerbForm#Fin|Voice#Pass
005.SCG*LB3.CP14++6.N.-8.7-7.9-3W3	dixisset	NO MATCH	99301	Aspect#Perf|Mood#Sub|Number#Sing|Person#3|Tense#Pqp|VerbForm#Fin|Voice#Act
005.SCG*LB4.CP-4++0.N.13.1-2.3-4W8	dictis	NO MATCH	99301	Aspect#Perf|Case#Abl|Degree#Pos|Gender#Neut|Number#Plur|Tense#Past|VerbForm#Part|Voice#Pass
005.SCG*LB4.CP-3++8.N.-9.11-4.19-1W4	dicere	NO MATCH	99301	Aspect#Imp|Tense#Pres|VerbForm#Inf|Voice#Act
005.SCG*LB3.CP12++0.N.11.10-3.12-6W6	dicunt	NO MATCH	99301	Mood#Ind|Number#Plur|Person#3|Tense#Pres|VerbForm#Fin|Voice#Act
005.SCG*LB1.CP-2++6.N.-4.4-3.6-4W3	dicitur	NO MATCH	99301	Mood#Ind|Number#Sing|Person#3|Tense#Pres|VerbForm#Fin|Voice#Pass
005.SCG*LB3.CP-6++1.N.-2.4-2.7-5W7	praedicta	NO MATCH	118832	Aspect#Perf|Case#Abl|Degree#Pos|Gender#Fem|Number#Sing|Tense#Past|VerbForm#Part|Voice#Pass
005.SCG*LB1.CP-7++9.N.-7.17-1.21-4W14	consequens	NO MATCH	96035	Case#Nom|Degree#Pos|Gender#Fem|Number#Sing|Tense#Pres|VerbForm#Part|Voice#Pass
005.SCG*LB4.CP--++8.N.-1.8-1.13-3W23	dicitur	NO MATCH	99301	Aspect#Imp|Mood#Ind|Number#Sing|Person#3|Tense#Pres|VerbForm#Fin|Voice#Pass
005.SCG*LB2.CP-5++4.N.-5.3-1.8-2W10	dicitur	NO MATCH	99301	Mood#Ind|Number#Sing|Person#3|Tense#Pres|VerbForm#Fin|Voice#Pass
005.SCG*LB4.CP--++1.N.12.5-2.6-3W8	dicitur	NO MATCH	99301	Aspect#Imp|Mood#Ind|Number#Sing|Person#3|Tense#Pres|VerbForm#Fin|Voice#Pass
005.SCG*LB2.CP-7++4.N.15.1-1.3-5W1	dicit	NO MATCH	99301	Mood#Ind|Number#Sing|Person#3|Tense#Pres|VerbForm#Fin|Voice#Act
005.SCG*LB2.CP-5++4.N.-9.5-2.7-12W14	dici	NO MATCH	99301	Tense#Pres|VerbForm#Inf|Voice#Pass
005.SCG*LB3.CP-9++5.N.20.1-1.6-2W7	praedicta	NO MATCH	118832	Aspect#Perf|Case#Acc|Degree#Pos|Gender#Neut|Number#Plur|Tense#Past|VerbForm#Part|Voice#Pass
005.SCG*LB3.CP-8++5.N.20.16-1.20-5W4	dicit	NO MATCH	99301	Mood#Ind|Number#Sing|Person#3|Tense#Pres|VerbForm#Fin|Voice#Act
005.SCG*LB2.CP-3++7.N.-4.7-6.9-8W19	incoepit	NO MATCH	106965	Aspect#Perf|Mood#Ind|Number#Sing|Person#3|Tense#Past|VerbForm#Fin|Voice#Act
005.SCG*LB4.CP-3++4.N.-2.59-4.63-7W33	convenienter	NO MATCH	96424	Degree#Pos
005.SCG*LB2.CP-4++6.N.-7.1-2.4-5W20	deficienter	NO MATCH	98257	Case#Loc|Degree#Pos|Number#Sing|Tense#Pres|VerbForm#Part|Voice#Act
005.SCG*LB3.CP-2++1.N.-3.1-2.3-2W12	dictum	NO MATCH	99301	Aspect#Perf|Case#Nom|Degree#Pos|Gender#Neut|Number#Sing|Tense#Past|VerbForm#Part|Voice#Pass
005.SCG*LB4.CP-5++9.N.-2.5-7.7-4W10	sanctificata	NO MATCH	123318	Aspect#Perf|Case#Abl|Degree#Pos|Gender#Fem|Number#Sing|Tense#Past|VerbForm#Part|Voice#Pass
005.SCG*LB4.CP--++2.N.-2.18-3.21-3W1	dicit	NO MATCH	99301	Aspect#Imp|Mood#Ind|Number#Sing|Person#3|Tense#Pres|VerbForm#Fin|Voice#Act
005.SCG*LB1.CP-4++1.N.-3.1-2.3-3W15	dictum	NO MATCH	99301	Aspect#Perf|Case#Nom|Degree#Pos|Gender#Neut|Number#Sing|Tense#Past|VerbForm#Part|Voice#Pass
005.SCG*LB2.CP--++6.N.-1.1-1.4-2W9	ostendamus	NO MATCH	115363	Mood#Ind|Number#Plur|Person#1|Tense#Fut|VerbForm#Fin|Voice#Act
005.SCG*LB3.CP-4++2.N.-7.16-1.18-6W15	dictorum	NO MATCH	99301	Aspect#Perf|Case#Gen|Degree#Pos|Gender#Masc|Number#Plur|Tense#Past|VerbForm#Part|Voice#Pass
005.SCG*LB1.CP-9++3.N.10.19-1.19-4W3	occulte	NO MATCH	114609	Degree#Pos
005.SCG*LB4.CP-1++4.N.11.1-1.4-1W5	dicta	NO MATCH	99301	Aspect#Perf|Case#Nom|Degree#Pos|Gender#Neut|Number#Plur|Tense#Past|VerbForm#Part|Voice#Pass
005.SCG*LB3.CP-1++2.N.-7.6-4.8-2W8	dicuntur	NO MATCH	99301	Mood#Ind|Number#Plur|Person#3|Tense#Pres|VerbForm#Fin|Voice#Pass
005.SCG*LB1.CP-6++2.N.-2.4-7.6-5W5	dicitur	NO MATCH	99301	Mood#Ind|Number#Sing|Person#3|Tense#Pres|VerbForm#Fin|Voice#Pass
005.SCG*LB2.CP-8++0.N.10.29-1.31-5W9	expresse	NO MATCH	102229	Degree#Pos
005.SCG*LB1.CP-7++7.N.--.1-1.2-4W2	volitorum	NO MATCH	130745	Aspect#Perf|Case#Gen|Degree#Pos|Gender#Neut|Number#Plur|Tense#Past|VerbForm#Part|VerbType#Mod|Voice#Pass
005.SCG*LB4.CP-1++3.N.-5.17-5.20-2W10	sapienter	NO MATCH	123386	Degree#Pos
005.SCG*LB2.CP-4++2.N.-8.6-3.8-4W6	fiat	NO MATCH	102758	Mood#Sub|Number#Sing|Person#3|Tense#Pres|VerbForm#Fin|Voice#Pass
005.SCG*LB3.CP-4++3.N.-3.41-1.46-4W8	fit	NO MATCH	102758	Mood#Ind|Number#Sing|Person#3|Tense#Pres|VerbForm#Fin|Voice#Pass
005.SCG*LB2.CP-5++4.N.-3.4-6.5-7W4	dicitur	NO MATCH	99301	Mood#Ind|Number#Sing|Person#3|Tense#Pres|VerbForm#Fin|Voice#Pass
005.SCG*LB4.CP-3++5.N.-4.27-6.30-2W4	dicere	NO MATCH	99301	Aspect#Imp|Tense#Pres|VerbForm#Inf|Voice#Act
005.SCG*LB4.CP-3++0.N.-6.1-2.3-3W3	dicit	NO MATCH	99301	Aspect#Imp|Mood#Ind|Number#Sing|Person#3|Tense#Pres|VerbForm#Fin|Voice#Act
005.SCG*LB4.CP-9++0.N.-1.1-1.6-4W34	dicit	NO MATCH	99301	Aspect#Imp|Mood#Ind|Number#Sing|Person#3|Tense#Pres|VerbForm#Fin|Voice#Act
005.SCG*LB4.CP-3++4.N.-9.13-4.14-3W4	dicit	NO MATCH	99301	Aspect#Imp|Mood#Ind|Number#Sing|Person#3|Tense#Pres|VerbForm#Fin|Voice#Act
005.SCG*LB2.CP-4++6.N.-6.11-5.15-6W25	essendo	NO MATCH	126689	Case#Abl|Degree#Pos|Number#Sing|VerbForm#Ger|Voice#Act
005.SCG*LB2.CP-1++7.N.-5.7-2.9-4W17	fit	NO MATCH	102758	Mood#Ind|Number#Sing|Person#3|Tense#Pres|VerbForm#Fin|Voice#Pass
005.SCG*LB3.CP-4++8.N.-4.12-5.15-1W17	dictis	NO MATCH	99301	Aspect#Perf|Case#Abl|Degree#Pos|Gender#Neut|Number#Plur|Tense#Past|VerbForm#Part|Voice#Pass
005.SCG*LB3.CP-1++3.N.-4.5-2.7-4W9	proiiciente	NO MATCH	119771	Case#Abl|Degree#Pos|Gender#Neut|Number#Sing|Tense#Pres|VerbForm#Part|Voice#Act
005.SCG*LB4.CP-5++2.N.-6.8-3.10-1W13	dicit	NO MATCH	99301	Aspect#Imp|Mood#Ind|Number#Sing|Person#3|Tense#Pres|VerbForm#Fin|Voice#Act
005.SCG*LB1.CP-2++8.N.-7.9-4.13-1W13	dicitur	NO MATCH	99301	Mood#Ind|Number#Sing|Person#3|Tense#Pres|VerbForm#Fin|Voice#Pass
005.SCG*LB4.CP-2++3.N.-7.10-4.14-3W15	dictum	NO MATCH	99301	Aspect#Perf|Case#Nom|Degree#Pos|Gender#Neut|Number#Sing|Tense#Past|VerbForm#Part|Voice#Pass
005.SCG*LB1.CP-2++2.N.-2.14-6.17-4W11	necesse-esse	NO MATCH	126689	Tense#Pres|VerbForm#Inf|Voice#Act
005.SCG*LB2.CP-2++8.N.16.15-3.19-2W5	fiunt	NO MATCH	102758	Mood#Ind|Number#Plur|Person#3|Tense#Pres|VerbForm#Fin|Voice#Pass
005.SCG*LB3.CP-9++2.N.-3.5-2.8-6W12	dicitur	NO MATCH	99301	Mood#Ind|Number#Sing|Person#3|Tense#Pres|VerbForm#Fin|Voice#Pass
005.SCG*LB4.CP-5++4.N.-8.29-2.34-3W15	fieret	NO MATCH	102758	Aspect#Imp|Mood#Sub|Number#Sing|Person#3|Tense#Imp|VerbForm#Fin|Voice#Pass
005.SCG*LB3.CP13++2.N.-2.12-1.14-2W6	efficienter	NO MATCH	100627	Degree#Pos
005.SCG*LB3.CP-2++7.N.10.5-3.11-3W2	praedictas	NO MATCH	118832	Aspect#Perf|Case#Acc|Degree#Pos|Gender#Fem|Number#Plur|Tense#Past|VerbForm#Part|Voice#Pass
005.SCG*LB4.CP-1++3.N.-4.21-1.22-1W6	dictis	NO MATCH	99301	Aspect#Perf|Case#Abl|Degree#Pos|Gender#Neut|Number#Plur|Tense#Past|VerbForm#Part|Voice#Pass
005.SCG*LB4.CP-9++3.N.-3.1-2.6-7W25	fiunt	NO MATCH	102758	Aspect#Imp|Mood#Ind|Number#Plur|Person#3|Tense#Pres|VerbForm#Fin|Voice#Pass
005.SCG*LB2.CP-2++7.N.-2.2-4.4-3W12	dictis	NO MATCH	99301	Aspect#Perf|Case#Abl|Degree#Pos|Gender#Neut|Number#Plur|Tense#Past|VerbForm#Part|Voice#Pass
005.SCG*LB2.CP-3++6.N.-6.14-2.17-2W9	dicere	NO MATCH	99301	Tense#Pres|VerbForm#Inf|Voice#Act
005.SCG*LB2.CP-5++9.N.16.5-4.8-1W10	praedictam	NO MATCH	118832	Aspect#Perf|Case#Acc|Degree#Pos|Gender#Fem|Number#Sing|Tense#Past|VerbForm#Part|Voice#Pass
005.SCG*LB4.CP--++7.N.19.1-1.7-5W13	agens	NO MATCH	88140	Aspect#Perf|Case#Nom|Gender#Neut|Number#Sing
005.SCG*LB2.CP-2++0.N.-3.3-5.10-6W47	fiat	NO MATCH	102758	Mood#Sub|Number#Sing|Person#3|Tense#Pres|VerbForm#Fin|Voice#Pass
005.SCG*LB3.CP12++4.N.-3.11-4.15-5W31	converso	NO MATCH	96446	Case#Abl|Degree#Pos|Gender#Neut|Number#Sing
005.SCG*LB4.CP-7++0.N.10.1-1.7-4W11	dicuntur	NO MATCH	99301	Aspect#Imp|Mood#Ind|Number#Plur|Person#3|Tense#Pres|VerbForm#Fin|Voice#Pass
005.SCG*LB1.CP-6++7.N.-9.1-1.6-3W4	dicitur	NO MATCH	99301	Mood#Ind|Number#Sing|Person#3|Tense#Pres|VerbForm#Fin|Voice#Pass
005.SCG*LB1.CP-2++2.N.-4.6-6.7-7W7	necesse-esse	NO MATCH	126689	Tense#Pres|VerbForm#Inf|Voice#Act
005.SCG*LB3.CP15++4.N.-7.3-6.8-6W35	instruendi	NO MATCH	108284	Case#Nom|Degree#Pos|Number#Plur|VerbForm#Ger|Voice#Act
005.SCG*LB1.CP-7++1.N.13.4-5.6-1W5	cognoscens	NO MATCH	94738	Case#Acc|Degree#Pos|Gender#Masc|Number#Sing|Tense#Pres|VerbForm#Part|Voice#Act
005.SCG*LB1.CP-7++8.N.-1.1-1.6-8W9	dicere	NO MATCH	99301	Tense#Pres|VerbForm#Inf|Voice#Act
005.SCG*LB3.CP-8++0.N.18.3-1.6-4W1	dicit	NO MATCH	99301	Mood#Ind|Number#Sing|Person#3|Tense#Pres|VerbForm#Fin|Voice#Act
005.SCG*LB3.CP-8++1.N.-6.11-5.15-6W9	dicit	NO MATCH	99301	Mood#Ind|Number#Sing|Person#3|Tense#Pres|VerbForm#Fin|Voice#Act
005.SCG*LB2.CP-7++4.N.16.9-2.12-4W24	fiat	NO MATCH	102758	Mood#Sub|Number#Sing|Person#3|Tense#Pres|VerbForm#Fin|Voice#Pass
005.SCG*LB3.CP12++8.N.-1.1-1.5-5W5	dicta	NO MATCH	99301	Aspect#Perf|Case#Nom|Degree#Pos|Gender#Neut|Number#Plur|Tense#Past|VerbForm#Part|Voice#Pass
005.SCG*LB4.CP-1++4.N.-5.1-1.4-5W21	recipiens	NO MATCH	122390	Aspect#Imp|Case#Acc|Degree#Pos|Gender#Masc|Number#Sing|Tense#Pres|VerbForm#Part|Voice#Act
005.SCG*LB4.CP-3++5.N.-2.9-7.11-7W3	dicebat	NO MATCH	99301	Aspect#Imp|Mood#Ind|Number#Sing|Person#3|Tense#Imp|VerbForm#Fin|Voice#Act
005.SCG*LB3.CP-9++4.N.12.6-3.7-6W6	contingenter	NO MATCH	93415	Degree#Pos
005.SCG*LB3.CP-9++4.N.12.6-3.7-6W6	contingenter	NO MATCH	96293	Degree#Pos
005.SCG*LB3.CP15++4.N.23.5-1.7-4W10	dicunt	NO MATCH	99301	Mood#Ind|Number#Plur|Person#3|Tense#Pres|VerbForm#Fin|Voice#Act
005.SCG*LB2.CP-3++9.N.-6.10-3.11-8W11	volita	NO MATCH	130745	Aspect#Perf|Case#Nom|Degree#Pos|Gender#Fem|Number#Sing|Tense#Past|VerbForm#Part|VerbType#Mod|Voice#Pass
005.SCG*LB1.CP-7++0.N.-5.10-2.12-1W11	dictis	NO MATCH	99301	Aspect#Perf|Case#Abl|Degree#Pos|Gender#Neut|Number#Plur|Tense#Past|VerbForm#Part|Voice#Pass
005.SCG*LB3.CP16++2.N.-8.9-1.13-1W29	dicta	NO MATCH	99301	Aspect#Perf|Case#Nom|Degree#Pos|Gender#Neut|Number#Plur|Tense#Past|VerbForm#Part|Voice#Pass
005.SCG*LB3.CP15++0.N.-9.1-1.5-6W7	dicentium	NO MATCH	99301	Case#Gen|Degree#Pos|Gender#Masc|Number#Plur|Tense#Pres|VerbForm#Part|Voice#Act
005.SCG*LB1.CP-9++3.N.-4.5-5.7-1W3	dicit	NO MATCH	99301	Mood#Ind|Number#Sing|Person#3|Tense#Pres|VerbForm#Fin|Voice#Act
005.SCG*LB4.CP-8++4.N.-5.6-4.11-1W29	dicetur	NO MATCH	99301	Aspect#Imp|Mood#Ind|Number#Sing|Person#3|Tense#Fut|VerbForm#Fin|Voice#Pass
005.SCG*LB3.CP-9++7.N.15.10-1.12-4W6	dicunt	NO MATCH	99301	Mood#Ind|Number#Plur|Person#3|Tense#Pres|VerbForm#Fin|Voice#Act
005.SCG*LB1.CP-6++7.N.10.5-5.8-4W16	consequentis	NO MATCH	96035	Case#Gen|Degree#Pos|Gender#Neut|Number#Sing|Tense#Pres|VerbForm#Part|Voice#Pass
005.SCG*LB1.CP-2++0.N.23.1-1.4-2W4	dicendum	NO MATCH	99301	Case#Nom|Degree#Pos|Gender#Neut|Number#Sing|VerbForm#Gdv|Voice#Pass
005.SCG*LB4.CP-3++4.N.-7.5-1.8-5W9	dicitur	NO MATCH	99301	Aspect#Imp|Mood#Ind|Number#Sing|Person#3|Tense#Pres|VerbForm#Fin|Voice#Pass
005.SCG*LB4.CP-8++3.N.16.34-1.35-3W4	praedictorum	NO MATCH	118832	Aspect#Perf|Case#Gen|Degree#Pos|Gender#Masc|Number#Plur|Tense#Past|VerbForm#Part|Voice#Pass
005.SCG*LB1.CP-2++1.N.-4.11-6.13-2W3	dicimus	NO MATCH	99301	Mood#Ind|Number#Plur|Person#1|Tense#Pres|VerbForm#Fin|Voice#Act
005.SCG*LB4.CP-8++3.N.19.19-1.20-1W5	dicitur	NO MATCH	99301	Aspect#Imp|Mood#Ind|Number#Sing|Person#3|Tense#Pres|VerbForm#Fin|Voice#Pass
005.SCG*LB3.CP-8++4.N.12.1-1.6-2W16	consequens	NO MATCH	96035	Case#Nom|Degree#Pos|Gender#Neut|Number#Sing|Tense#Pres|VerbForm#Part|Voice#Pass
005.SCG*LB2.CP-6++0.N.12.11-5.12-6W9	dicimur	NO MATCH	99301	Mood#Ind|Number#Plur|Person#1|Tense#Pres|VerbForm#Fin|Voice#Pass
005.SCG*LB3.CP-2++6.N.10.5-4.8-3W17	consequenter	NO MATCH	96035	Degree#Pos
005.SCG*LB4.CP-8++6.N.-2.5-3.6-3W2	dicit	NO MATCH	99301	Aspect#Imp|Mood#Ind|Number#Sing|Person#3|Tense#Pres|VerbForm#Fin|Voice#Act
005.SCG*LB4.CP-1++2.N.-2.1-1.5-3W17	dicitur	NO MATCH	99301	Aspect#Imp|Mood#Ind|Number#Sing|Person#3|Tense#Pres|VerbForm#Fin|Voice#Pass
005.SCG*LB4.CP-6++8.N.-2.1-1.4-1W9	dicentis	NO MATCH	99301	Aspect#Imp|Case#Gen|Degree#Pos|Gender#Masc|Number#Sing|Tense#Pres|VerbForm#Part|Voice#Act
005.SCG*LB2.CP-8++7.N.-5.4-6.9-6W16	essendi	NO MATCH	126689	Case#Gen|Degree#Pos|Number#Sing|VerbForm#Ger|Voice#Act
005.SCG*LB3.CP-7++6.N.-1.4-2.5-3W8	dicit	NO MATCH	99301	Mood#Ind|Number#Sing|Person#3|Tense#Pres|VerbForm#Fin|Voice#Act
005.SCG*LB4.CP-1++4.N.-2.8-3.10-4W13	dictis	NO MATCH	99301	Aspect#Perf|Case#Abl|Degree#Pos|Gender#Neut|Number#Plur|Tense#Past|VerbForm#Part|Voice#Pass
005.SCG*LB4.CP-5++0.N.-2.4-1.4-4W1	dicit	NO MATCH	99301	Aspect#Imp|Mood#Ind|Number#Sing|Person#3|Tense#Pres|VerbForm#Fin|Voice#Act
005.SCG*LB3.CP-6++3.N.-3.27-1.30-3W21	dicuntur	NO MATCH	99301	Mood#Ind|Number#Plur|Person#3|Tense#Pres|VerbForm#Fin|Voice#Pass
005.SCG*LB4.CP-1++6.N.-6.5-1.5-4W1	dicitur	NO MATCH	99301	Aspect#Imp|Mood#Ind|Number#Sing|Person#3|Tense#Pres|VerbForm#Fin|Voice#Pass
005.SCG*LB4.CP-6++2.N.-4.26-8.30-1W3	dicere	NO MATCH	99301	Aspect#Imp|Tense#Pres|VerbForm#Inf|Voice#Act
005.SCG*LB3.CP10++4.N.-4.6-1.10-5W12	fiat	NO MATCH	102758	Mood#Sub|Number#Sing|Person#3|Tense#Pres|VerbForm#Fin|Voice#Pass
005.SCG*LB4.CP-6++5.N.-3.12-2.14-1W9	esse	NO MATCH	126689	Aspect#Perf|Case#Abl|Gender#Neut|Number#Sing
005.SCG*LB4.CP-1++2.N.-4.5-1.6-5W6	dicitur	NO MATCH	99301	Aspect#Imp|Mood#Ind|Number#Sing|Person#3|Tense#Pres|VerbForm#Fin|Voice#Pass
005.SCG*LB4.CP-1++8.N.-8.17-3.19-5W13	dicit	NO MATCH	99301	Aspect#Imp|Mood#Ind|Number#Sing|Person#3|Tense#Pres|VerbForm#Fin|Voice#Act
005.SCG*LB2.CP-5++0.N.-5.15-4.18-1W8	dicebat	NO MATCH	99301	Aspect#Imp|Mood#Ind|Number#Sing|Person#3|Tense#Imp|VerbForm#Fin|Voice#Act
005.SCG*LB2.CP-7++3.N.23.2-2.4-4W10	dicit	NO MATCH	99301	Mood#Ind|Number#Sing|Person#3|Tense#Pres|VerbForm#Fin|Voice#Act
005.SCG*LB3.CP-4++9.N.-9.1-1.5-2W21	eminentior	NO MATCH	100978	Case#Nom|Degree#Cmp|Gender#Fem|Number#Sing|Tense#Pres|VerbForm#Part|Voice#Act
005.SCG*LB4.CP-3++4.N.14.27-3.32-1W13	dicens	NO MATCH	99301	Aspect#Imp|Case#Nom|Degree#Pos|Gender#Masc|Number#Sing|Tense#Pres|VerbForm#Part|Voice#Act
005.SCG*LB3.CP-4++3.N.10.1-1.9-1W3	dicatur	NO MATCH	99301	Mood#Sub|Number#Sing|Person#3|Tense#Pres|VerbForm#Fin|Voice#Pass
005.SCG*LB3.CP-3++1.N.-6.1-1.4-1W16	dicuntur	NO MATCH	99301	Mood#Ind|Number#Plur|Person#3|Tense#Pres|VerbForm#Fin|Voice#Pass
005.SCG*LB2.CP-3++8.N.-9.1-1.5-6W15	fit	NO MATCH	102758	Mood#Ind|Number#Sing|Person#3|Tense#Pres|VerbForm#Fin|Voice#Pass
005.SCG*LB3.CP-7++3.N.-6.1-1.3-6W4	dicitur	NO MATCH	99301	Mood#Ind|Number#Sing|Person#3|Tense#Pres|VerbForm#Fin|Voice#Pass
005.SCG*LB3.CP15++0.N.-5.6-5.9-4W14	convenienter	NO MATCH	96424	Degree#Pos
005.SCG*LB3.CP-9++8.N.-5.4-4.7-2W15	absolute	NO MATCH	87018	Degree#Pos
005.SCG*LB1.CP-6++4.N.--.1-1.2-1W2	dicendorum	NO MATCH	99301	Case#Gen|Degree#Pos|Gender#Neut|Number#Plur|VerbForm#Gdv|Voice#Pass
005.SCG*LB1.CP-4++0.N.-3.1-2.6-2W4	dicitur	NO MATCH	99301	Mood#Ind|Number#Sing|Person#3|Tense#Pres|VerbForm#Fin|Voice#Pass
005.SCG*LB2.CP-6++2.N.-7.7-1.10-5W14	dicit	NO MATCH	99301	Mood#Ind|Number#Sing|Person#3|Tense#Pres|VerbForm#Fin|Voice#Act
005.SCG*LB4.CP-3++4.N.-3.1-1.4-1W7	praedicta	NO MATCH	118832	Aspect#Perf|Case#Nom|Degree#Pos|Gender#Fem|Number#Sing|Tense#Past|VerbForm#Part|Voice#Pass
005.SCG*LB4.CP-2++3.N.-3.23-5.26-2W5	dicit	NO MATCH	99301	Aspect#Imp|Mood#Ind|Number#Sing|Person#3|Tense#Pres|VerbForm#Fin|Voice#Act
005.SCG*LB3.CP14++4.N.11.13-6.15-3W10	cessabuntque	NO MATCH	93611	Mood#Ind|Number#Plur|Person#3|Tense#Fut|VerbForm#Fin|Voice#Act
005.SCG*LB3.CP-6++3.N.-3.45-4.46-4W3	dicitur	NO MATCH	99301	Mood#Ind|Number#Sing|Person#3|Tense#Pres|VerbForm#Fin|Voice#Pass
005.SCG*LB1.CP-5++1.N.10.2-9.6-2W5	praedictorum	NO MATCH	118832	Aspect#Perf|Case#Gen|Degree#Pos|Gender#Neut|Number#Plur|Tense#Past|VerbForm#Part|Voice#Pass
005.SCG*LB4.CP-5++2.N.-7.1-1.4-3W19	dicit	NO MATCH	99301	Aspect#Imp|Mood#Ind|Number#Sing|Person#3|Tense#Pres|VerbForm#Fin|Voice#Act
005.SCG*LB4.CP-9++3.N.-4.1-2.4-2W21	dicta	NO MATCH	99301	Aspect#Perf|Case#Nom|Degree#Pos|Gender#Neut|Number#Plur|Tense#Past|VerbForm#Part|Voice#Pass
005.SCG*LB2.CP-4++3.N.-7.13-4.15-6W6	fiat	NO MATCH	102758	Mood#Sub|Number#Sing|Person#3|Tense#Pres|VerbForm#Fin|Voice#Pass
005.SCG*LB3.CP10++2.N.-5.10-4.12-5W13	fit	NO MATCH	102758	Mood#Ind|Number#Sing|Person#3|Tense#Pres|VerbForm#Fin|Voice#Pass
005.SCG*LB4.CP-1++3.N.-3.7-3.9-6W17	consequens	NO MATCH	96035	Aspect#Imp|Case#Acc|Degree#Pos|Gender#Neut|Number#Sing|Tense#Pres|VerbForm#Part|Voice#Pass
005.SCG*LB4.CP-8++4.N.-2.6-1.9-1W9	dicerent	NO MATCH	99301	Aspect#Imp|Mood#Sub|Number#Plur|Person#3|Tense#Imp|VerbForm#Fin|Voice#Act
005.SCG*LB1.CP-9++6.N.-7.10-6.11-7W8	dicit	NO MATCH	99301	Mood#Ind|Number#Sing|Person#3|Tense#Pres|VerbForm#Fin|Voice#Act
005.SCG*LB4.CP--++7.N.12.1-2.4-3W2	dicit	NO MATCH	99301	Aspect#Imp|Mood#Ind|Number#Sing|Person#3|Tense#Pres|VerbForm#Fin|Voice#Act
005.SCG*LB4.CP--++8.N.-8.18-4.19-1W1	dicitur	NO MATCH	99301	Aspect#Imp|Mood#Ind|Number#Sing|Person#3|Tense#Pres|VerbForm#Fin|Voice#Pass
005.SCG*LB4.CP--++4.N.13.1-2.5-7W15	dicitur	NO MATCH	99301	Aspect#Imp|Mood#Ind|Number#Sing|Person#3|Tense#Pres|VerbForm#Fin|Voice#Pass
005.SCG*LB3.CP-7++5.N.-1.1-1.4-1W9	fit	NO MATCH	102758	Mood#Ind|Number#Sing|Person#3|Tense#Pres|VerbForm#Fin|Voice#Pass
005.SCG*LB3.CP-9++0.N.-6.7-1.9-2W10	dicens	NO MATCH	99301	Case#Nom|Degree#Pos|Gender#Masc|Number#Sing|Tense#Pres|VerbForm#Part|Voice#Act
005.SCG*LB3.CP-9++4.N.10.42-1.44-5W12	fiat	NO MATCH	102758	Mood#Sub|Number#Sing|Person#3|Tense#Pres|VerbForm#Fin|Voice#Pass
005.SCG*LB3.CP-2++6.N.-9.10-2.11-2W7	volitum	NO MATCH	130745	Aspect#Perf|Case#Nom|Degree#Pos|Gender#Neut|Number#Sing|Tense#Past|VerbForm#Part|VerbType#Mod|Voice#Pass
005.SCG*LB3.CP13++9.N.10.1-1.3-3W7	dicentium	NO MATCH	99301	Case#Gen|Degree#Pos|Gender#Masc|Number#Plur|Tense#Pres|VerbForm#Part|Voice#Act
005.SCG*LB2.CP-7++8.N.12.5-4.7-1W10	dixerat	NO MATCH	99301	Aspect#Perf|Mood#Ind|Number#Sing|Person#3|Tense#Pqp|VerbForm#Fin|Voice#Act
005.SCG*LB1.CP-1++8.N.-1.4-4.6-5W7	fieri	NO MATCH	102758	Tense#Pres|VerbForm#Inf|Voice#Pass
005.SCG*LB4.CP-1++6.N.-7.5-5.7-6W15	tradamque	NO MATCH	128519	Aspect#Imp|Mood#Ind|Number#Sing|Person#1|Tense#Fut|VerbForm#Fin|Voice#Act
005.SCG*LB4.CP-4++5.N.-2.6-3.8-5W5	subito	NO MATCH	126085	
005.SCG*LB4.CP-1++9.N.12.5-4.6-6W9	dici	NO MATCH	99301	Aspect#Imp|Tense#Pres|VerbForm#Inf|Voice#Pass
005.SCG*LB1.CP-2++4.N.-2.18-5.19-7W10	necesse-esse	NO MATCH	126689	Tense#Pres|VerbForm#Inf|Voice#Act
005.SCG*LB4.CP-3++3.N.-6.1-1.3-7W5	praedictis	NO MATCH	118832	Aspect#Perf|Case#Abl|Degree#Pos|Gender#Neut|Number#Plur|Tense#Past|VerbForm#Part|Voice#Pass
005.SCG*LB3.CP13++3.N.-3.9-2.10-1W3	dicit	NO MATCH	99301	Mood#Ind|Number#Sing|Person#3|Tense#Pres|VerbForm#Fin|Voice#Act
005.SCG*LB3.CP14++6.N.-1.10-2.12-2W16	dictis	NO MATCH	99301	Aspect#Perf|Case#Abl|Degree#Pos|Gender#Neut|Number#Plur|Tense#Past|VerbForm#Part|Voice#Pass
005.SCG*LB1.CP-2++9.N.-5.11-7.13-1W5	dici	NO MATCH	99301	Tense#Pres|VerbForm#Inf|Voice#Pass
005.SCG*LB4.CP--++9.N.-3.9-1.9-7W3	dicitur	NO MATCH	99301	Aspect#Imp|Mood#Ind|Number#Sing|Person#3|Tense#Pres|VerbForm#Fin|Voice#Pass
005.SCG*LB2.CP-8++2.N.11.7-1.8-4W6	dicebat	NO MATCH	99301	Aspect#Imp|Mood#Ind|Number#Sing|Person#3|Tense#Imp|VerbForm#Fin|Voice#Act
005.SCG*LB2.CP--++2.N.-2.14-1.17-3W5	diceret	NO MATCH	99301	Aspect#Imp|Mood#Sub|Number#Sing|Person#3|Tense#Imp|VerbForm#Fin|Voice#Act
005.SCG*LB3.CP-8++4.N.14.34-3.36-1W11	dicit	NO MATCH	99301	Mood#Ind|Number#Sing|Person#3|Tense#Pres|VerbForm#Fin|Voice#Act
005.SCG*LB1.CP--++1.N.-2.10-5.12-3W11	convenienter	NO MATCH	96424	Degree#Pos
005.SCG*LB2.CP--++7.N.-5.6-3.8-3W9	convenienter	NO MATCH	96424	Degree#Pos
005.SCG*LB2.CP--++2.N.-5.10-3.11-3W4	dicitur	NO MATCH	99301	Mood#Ind|Number#Sing|Person#3|Tense#Pres|VerbForm#Fin|Voice#Pass
005.SCG*LB2.CP-9++8.N.13.33-2.35-2W3	fit	NO MATCH	102758	Mood#Ind|Number#Sing|Person#3|Tense#Pres|VerbForm#Fin|Voice#Pass
005.SCG*LB2.CP-7++2.N.-3.11-6.13-1W8	dicuntur	NO MATCH	99301	Mood#Ind|Number#Plur|Person#3|Tense#Pres|VerbForm#Fin|Voice#Pass
005.SCG*LB3.CP13++8.N.-7.3-5.5-6W13	remissius	NO MATCH	122602	Degree#Cmp
005.SCG*LB2.CP-8++0.N.-6.37-5.40-2W7	dicitur	NO MATCH	99301	Mood#Ind|Number#Sing|Person#3|Tense#Pres|VerbForm#Fin|Voice#Pass
005.SCG*LB4.CP-3++0.N.-6.3-4.5-7W5	dicitur	NO MATCH	99301	Aspect#Imp|Mood#Ind|Number#Sing|Person#3|Tense#Pres|VerbForm#Fin|Voice#Pass
005.SCG*LB2.CP-9++2.N.11.2-2.2-5W1	dicitur	NO MATCH	99301	Mood#Ind|Number#Sing|Person#3|Tense#Pres|VerbForm#Fin|Voice#Pass
005.SCG*LB3.CP-2++1.N.-7.9-1.11-2W3	dicit	NO MATCH	99301	Mood#Ind|Number#Sing|Person#3|Tense#Pres|VerbForm#Fin|Voice#Act
005.SCG*LB3.CP-9++2.N.-7.11-1.15-1W14	dici	NO MATCH	99301	Tense#Pres|VerbForm#Inf|Voice#Pass
005.SCG*LB3.CP13++8.N.-6.1-1.3-5W9	puta	NO MATCH	120610	
005.SCG*LB4.CP-3++3.N.-6.12-3.18-5W11	dicitur	NO MATCH	99301	Aspect#Imp|Mood#Ind|Number#Sing|Person#3|Tense#Pres|VerbForm#Fin|Voice#Pass
005.SCG*LB4.CP-5++5.N.20.8-1.13-5W12	expedientissimum	NO MATCH	102147	Aspect#Imp|Case#Nom|Degree#Sup|Gender#Neut|Number#Sing|Tense#Pres|VerbForm#Part|Voice#Act
005.SCG*LB3.CP-5++0.N.-6.4-5.10-3W32	consequens	NO MATCH	96035	Case#Acc|Degree#Pos|Gender#Neut|Number#Sing|Tense#Pres|VerbForm#Part|Voice#Pass
005.SCG*LB2.CP-2++1.N.10.1-2.9-1W16	dicatur	NO MATCH	99301	Mood#Sub|Number#Sing|Person#3|Tense#Pres|VerbForm#Fin|Voice#Pass
005.SCG*LB3.CP-5++9.N.-1.11-2.12-4W7	praedictorum	NO MATCH	118832	Aspect#Perf|Case#Gen|Degree#Pos|Gender#Neut|Number#Plur|Tense#Past|VerbForm#Part|Voice#Pass
005.SCG*LB4.CP--++8.N.-9.60-2.66-1W27	dixissem	NO MATCH	99301	Aspect#Perf|Mood#Sub|Number#Sing|Person#1|Tense#Pqp|VerbForm#Fin|Voice#Act
005.SCG*LB4.CP--++1.N.12.6-4.6-6W2	dicit	NO MATCH	99301	Aspect#Imp|Mood#Ind|Number#Sing|Person#3|Tense#Pres|VerbForm#Fin|Voice#Act
005.SCG*LB2.CP-3++7.N.-5.3-1.5-2W14	fiunt	NO MATCH	102758	Mood#Ind|Number#Plur|Person#3|Tense#Pres|VerbForm#Fin|Voice#Pass
005.SCG*LB4.CP-6++1.N.-2.1-1.6-5W14	dictum	NO MATCH	99301	Aspect#Perf|Case#Nom|Degree#Pos|Gender#Neut|Number#Sing|Tense#Past|VerbForm#Part|Voice#Pass
005.SCG*LB3.CP15++4.N.24.12-6.15-7W25	dicitur	NO MATCH	99301	Mood#Ind|Number#Sing|Person#3|Tense#Pres|VerbForm#Fin|Voice#Pass
005.SCG*LB1.CP-6++9.N.15.9-6.13-4W5	dicatur	NO MATCH	99301	Mood#Sub|Number#Sing|Person#3|Tense#Pres|VerbForm#Fin|Voice#Pass
005.SCG*LB4.CP-2++3.N.-9.4-3.4-6W2	dicitur	NO MATCH	99301	Aspect#Imp|Mood#Ind|Number#Sing|Person#3|Tense#Pres|VerbForm#Fin|Voice#Pass
005.SCG*LB4.CP-7++2.N.14.10-1.12-1W6	dicitur	NO MATCH	99301	Aspect#Imp|Mood#Ind|Number#Sing|Person#3|Tense#Pres|VerbForm#Fin|Voice#Pass
005.SCG*LB1.CP-3++3.N.-6.3-5.8-4W32	dicuntur	NO MATCH	99301	Mood#Ind|Number#Plur|Person#3|Tense#Pres|VerbForm#Fin|Voice#Pass
005.SCG*LB1.CP-2++5.N.-8.1-1.4-5W9	fieri	NO MATCH	102758	Tense#Pres|VerbForm#Inf|Voice#Pass
005.SCG*LB2.CP-2++0.N.-7.1-1.6-6W6	dicentium	NO MATCH	99301	Case#Gen|Degree#Pos|Gender#Masc|Number#Plur|Tense#Pres|VerbForm#Part|Voice#Act
005.SCG*LB1.CP--++8.N.-3.1-1.3-6W10	dicit	NO MATCH	99301	Mood#Ind|Number#Sing|Person#3|Tense#Pres|VerbForm#Fin|Voice#Act
005.SCG*LB1.CP--++3.N.-5.2-5.6-3W16	elevatior	NO MATCH	100819	Aspect#Perf|Case#Nom|Degree#Cmp|Gender#Masc|Number#Sing|Tense#Past|VerbForm#Part|Voice#Pass
005.SCG*LB4.CP-6++2.N.-2.6-5.9-4W16	dixerat	NO MATCH	99301	Aspect#Perf|Mood#Ind|Number#Sing|Person#3|Tense#Pqp|VerbForm#Fin|Voice#Act
005.SCG*LB2.CP-2++8.N.-8.7-1.10-4W18	dicit	NO MATCH	99301	Mood#Ind|Number#Sing|Person#3|Tense#Pres|VerbForm#Fin|Voice#Act
005.SCG*LB2.CP-1++6.N.-9.4-4.7-3W19	praedictis	NO MATCH	118832	Aspect#Perf|Case#Abl|Degree#Pos|Gender#Neut|Number#Plur|Tense#Past|VerbForm#Part|Voice#Pass
005.SCG*LB2.CP-5++8.N.-4.1-1.6-1W16	fore	NO MATCH	126689	Tense#Fut|VerbForm#Inf|Voice#Act
005.SCG*LB1.CP-2++4.N.-1.1-1.5-2W4	praedictis	NO MATCH	118832	Aspect#Perf|Case#Abl|Degree#Pos|Gender#Neut|Number#Plur|Tense#Past|VerbForm#Part|Voice#Pass
005.SCG*LB4.CP--++7.N.-6.5-6.7-3W4	dixisset	NO MATCH	99301	Aspect#Perf|Mood#Sub|Number#Sing|Person#3|Tense#Pqp|VerbForm#Fin|Voice#Act
005.SCG*LB4.CP-4++1.N.-8.1-1.9-2W39	puta	NO MATCH	120610	VerbForm#Fin
005.SCG*LB4.CP-4++6.N.-2.12-1.13-7W11	dicitur	NO MATCH	99301	Aspect#Imp|Mood#Ind|Number#Sing|Person#3|Tense#Pres|VerbForm#Fin|Voice#Pass
005.SCG*LB1.CP-6++6.N.15.1-1.9-4W8	dicere	NO MATCH	99301	Tense#Pres|VerbForm#Inf|Voice#Act
005.SCG*LB3.CP-7++4.N.-5.21-6.24-1W11	dicuntur	NO MATCH	99301	Mood#Ind|Number#Plur|Person#3|Tense#Pres|VerbForm#Fin|Voice#Pass
005.SCG*LB3.CP12++4.N.-7.1-1.1-6W4	dicitur	NO MATCH	99301	Mood#Ind|Number#Sing|Person#3|Tense#Pres|VerbForm#Fin|Voice#Pass
005.SCG*LB2.CP-5++9.N.-8.11-1.12-4W6	praedicta	NO MATCH	118832	Aspect#Perf|Case#Nom|Degree#Pos|Gender#Fem|Number#Sing|Tense#Past|VerbForm#Part|Voice#Pass
005.SCG*LB4.CP-1++4.N.-6.4-5.8-7W31	dicente	NO MATCH	99301	Aspect#Imp|Case#Abl|Degree#Pos|Gender#Masc|Number#Sing|Tense#Pres|VerbForm#Part|Voice#Act
005.SCG*LB2.CP-5++8.N.-1.1-1.4-5W3	praedictis	NO MATCH	118832	Aspect#Perf|Case#Dat|Degree#Pos|Gender#Fem|Number#Plur|Tense#Past|VerbForm#Part|Voice#Pass
005.SCG*LB4.CP-4++8.N.-2.7-1.10-4W11	dicuntur	NO MATCH	99301	Aspect#Imp|Mood#Ind|Number#Plur|Person#3|Tense#Pres|VerbForm#Fin|Voice#Pass
005.SCG*LB4.CP-9++0.N.-3.1-1.6-6W4	dici	NO MATCH	99301	Aspect#Imp|Tense#Pres|VerbForm#Inf|Voice#Pass
005.SCG*LB3.CP14++8.N.-3.10-3.13-1W20	coacte	NO MATCH	94739	Degree#Pos
005.SCG*LB3.CP-9++7.N.-9.8-4.12-4W17	agentia	NO MATCH	88140	Case#Acc|Degree#Pos|Gender#Neut|Number#Plur
005.SCG*LB4.CP--++8.N.-4.13-4.16-2W19	dicat	NO MATCH	99301	Aspect#Imp|Mood#Sub|Number#Sing|Person#3|Tense#Pres|VerbForm#Fin|Voice#Act
005.SCG*LB1.CP-7++9.N.-5.5-1.9-9W8	volitum	NO MATCH	130745	Aspect#Perf|Case#Acc|Degree#Pos|Gender#Neut|Number#Sing|Tense#Past|VerbForm#Part|VerbType#Mod|Voice#Pass
005.SCG*LB2.CP-3++7.N.-4.20-3.24-1W7	fiunt	NO MATCH	102758	Mood#Ind|Number#Plur|Person#3|Tense#Pres|VerbForm#Fin|Voice#Pass
005.SCG*LB3.CP10++9.N.-8.19-1.22-4W21	subiici	NO MATCH	126114	Tense#Pres|VerbForm#Inf|Voice#Pass
005.SCG*LB1.CP-9++6.N.-4.1-2.2-3W7	essendi	NO MATCH	126689	Case#Gen|Degree#Pos|Number#Sing|VerbForm#Ger|Voice#Act
005.SCG*LB4.CP-7++9.N.-5.1-1.3-4W4	perverse	NO MATCH	117457	Degree#Pos
005.SCG*LB4.CP-8++1.N.-5.1-1.4-4W6	dicendum	NO MATCH	99301	Aspect#Perf|Case#Nom|Degree#Pos|Gender#Neut|Number#Sing|VerbForm#Gdv|Voice#Pass
005.SCG*LB2.CP-7++3.N.-9.1-1.4-5W4	praedicta	NO MATCH	118832	Aspect#Perf|Case#Nom|Degree#Pos|Gender#Fem|Number#Sing|Tense#Past|VerbForm#Part|Voice#Pass
005.SCG*LB1.CP-2++6.N.-7.7-1.12-2W30	essendi	NO MATCH	126689	Case#Gen|Degree#Pos|Number#Sing|VerbForm#Ger|Voice#Act
005.SCG*LB4.CP-4++8.N.-2.10-5.12-1W9	dicitur	NO MATCH	99301	Aspect#Imp|Mood#Ind|Number#Sing|Person#3|Tense#Pres|VerbForm#Fin|Voice#Pass
005.SCG*LB3.CP-1++1.N.-6.1-1.6-6W33	dicatur	NO MATCH	99301	Mood#Sub|Number#Sing|Person#3|Tense#Pres|VerbForm#Fin|Voice#Pass
005.SCG*LB4.CP-1++9.N.-2.4-1.7-3W16	fit	NO MATCH	102758	Aspect#Imp|Mood#Ind|Number#Sing|Person#3|Tense#Pres|VerbForm#Fin|Voice#Pass
005.SCG*LB3.CP-5++8.N.-1.1-1.8-1W25	praedictum	NO MATCH	118832	Aspect#Perf|Case#Nom|Degree#Pos|Gender#Neut|Number#Sing|Tense#Past|VerbForm#Part|Voice#Pass
005.SCG*LB2.CP-7++0.N.-1.1-1.7-3W20	dicere	NO MATCH	99301	Tense#Pres|VerbForm#Inf|Voice#Act
005.SCG*LB4.CP-4++9.N.-8.5-6.7-3W10	dictum	NO MATCH	99301	Aspect#Perf|Case#Nom|Degree#Pos|Gender#Neut|Number#Sing|Tense#Past|VerbForm#Part|Voice#Pass
005.SCG*LB3.CP10++6.N.-6.6-3.7-6W9	fiunt	NO MATCH	102758	Mood#Ind|Number#Plur|Person#3|Tense#Pres|VerbForm#Fin|Voice#Pass
005.SCG*LB1.CP-6++6.N.13.1-1.4-2W4	entia	NO MATCH	126689	Case#Acc|Degree#Pos|Gender#Neut|Number#Plur|Tense#Pres|VerbForm#Part|Voice#Act
005.SCG*LB2.CP-8++0.N.10.8-1.13-1W3	dixerunt	NO MATCH	99301	Aspect#Perf|Mood#Ind|Number#Plur|Person#3|Tense#Past|VerbForm#Fin|Voice#Act
005.SCG*LB2.CP-7++3.N.19.1-2.5-4W16	dicit	NO MATCH	99301	Mood#Ind|Number#Sing|Person#3|Tense#Pres|VerbForm#Fin|Voice#Act
005.SCG*LB2.CP-1++1.N.-2.1-2.3-4W14	diceretur	NO MATCH	99301	Aspect#Imp|Mood#Sub|Number#Sing|Person#3|Tense#Imp|VerbForm#Fin|Voice#Pass
005.SCG*LB1.CP-8++2.N.11.1-1.4-7W14	dicere	NO MATCH	99301	Tense#Pres|VerbForm#Inf|Voice#Act
005.SCG*LB3.CP-2++2.N.-7.1-1.7-6W5	dictum	NO MATCH	99301	Aspect#Perf|Case#Nom|Degree#Pos|Gender#Neut|Number#Sing|Tense#Past|VerbForm#Part|Voice#Pass
005.SCG*LB2.CP-4++0.N.-4.3-6.8-1W15	fieri	NO MATCH	102758	Tense#Pres|VerbForm#Inf|Voice#Pass
005.SCG*LB4.CP-2++8.N.-4.1-1.4-3W13	fieret	NO MATCH	102758	Aspect#Imp|Mood#Sub|Number#Sing|Person#3|Tense#Imp|VerbForm#Fin|Voice#Pass
005.SCG*LB1.CP-3++4.N.-2.14-5.17-2W4	dicitur	NO MATCH	99301	Mood#Ind|Number#Sing|Person#3|Tense#Pres|VerbForm#Fin|Voice#Pass
005.SCG*LB4.CP--++1.N.11.16-5.17-3W5	dicitur	NO MATCH	99301	Aspect#Imp|Mood#Ind|Number#Sing|Person#3|Tense#Pres|VerbForm#Fin|Voice#Pass
005.SCG*LB3.CP13++8.N.-4.10-2.12-6W13	subiicit	NO MATCH	126114	Mood#Ind|Number#Sing|Person#3|Tense#Pres|VerbForm#Fin|Voice#Act
005.SCG*LB4.CP-1++9.N.11.3-1.3-4W1	dicit	NO MATCH	99301	Aspect#Imp|Mood#Ind|Number#Sing|Person#3|Tense#Pres|VerbForm#Fin|Voice#Act
005.SCG*LB4.CP--++2.N.-5.6-1.6-4W5	dicitur	NO MATCH	99301	Aspect#Imp|Mood#Ind|Number#Sing|Person#3|Tense#Pres|VerbForm#Fin|Voice#Pass
005.SCG*LB2.CP-5++5.N.15.3-5.5-4W12	praedictorum	NO MATCH	118832	Aspect#Perf|Case#Gen|Degree#Pos|Gender#Neut|Number#Plur|Tense#Past|VerbForm#Part|Voice#Pass
005.SCG*LB2.CP-6++8.N.-5.4-5.8-2W12	elevati	NO MATCH	100819	Aspect#Perf|Case#Acc|Degree#Pos|Gender#Neut|Number#Sing|Tense#Past|VerbForm#Part|Voice#Pass
005.SCG*LB1.CP-8++2.N.-9.2-1.15-4W57	volitum	NO MATCH	130745	Aspect#Perf|Case#Nom|Degree#Pos|Gender#Neut|Number#Sing|Tense#Past|VerbForm#Part|VerbType#Mod|Voice#Pass
005.SCG*LB4.CP-6++3.N.-5.11-1.15-1W18	dicendum	NO MATCH	99301	Aspect#Perf|Case#Nom|Degree#Pos|Gender#Neut|Number#Sing|VerbForm#Gdv|Voice#Pass
005.SCG*LB2.CP-2++1.N.-7.22-5.26-6W26	dicit	NO MATCH	99301	Mood#Ind|Number#Sing|Person#3|Tense#Pres|VerbForm#Fin|Voice#Act
005.SCG*LB3.CP-6++1.N.-1.1-1.3-3W8	praedictam	NO MATCH	118832	Aspect#Perf|Case#Acc|Degree#Pos|Gender#Fem|Number#Sing|Tense#Past|VerbForm#Part|Voice#Pass
005.SCG*LB1.CP-2++2.N.-6.18-4.20-5W8	essendi	NO MATCH	126689	Case#Gen|Degree#Pos|Number#Sing|VerbForm#Ger|Voice#Act
005.SCG*LB3.CP-4++2.N.-7.1-2.2-1W4	dicimur	NO MATCH	99301	Mood#Ind|Number#Plur|Person#1|Tense#Pres|VerbForm#Fin|Voice#Pass
005.SCG*LB3.CP13++2.N.21.2-5.6-2W13	expresse	NO MATCH	102229	Degree#Pos
005.SCG*LB4.CP-8++1.N.-5.4-5.7-7W21	fieri	NO MATCH	102758	Aspect#Imp|Tense#Pres|VerbForm#Inf|Voice#Pass
005.SCG*LB2.CP-4++1.N.12.11-1.16-7W1	dicitur	NO MATCH	99301	Mood#Ind|Number#Sing|Person#3|Tense#Pres|VerbForm#Fin|Voice#Pass
005.SCG*LB2.CP-8++9.N.-3.1-1.5-3W4	dici	NO MATCH	99301	Tense#Pres|VerbForm#Inf|Voice#Pass
005.SCG*LB1.CP-4++1.N.-3.1-2.3-3W8	dicitur	NO MATCH	99301	Mood#Ind|Number#Sing|Person#3|Tense#Pres|VerbForm#Fin|Voice#Pass
005.SCG*LB4.CP--++4.N.12.10-3.11-2W3	praedicta	NO MATCH	118832	Aspect#Perf|Case#Nom|Degree#Pos|Gender#Fem|Number#Sing|Tense#Past|VerbForm#Part|Voice#Pass
005.SCG*LB2.CP-9++0.N.-3.9-4.12-7W6	dictorum	NO MATCH	99301	Aspect#Perf|Case#Gen|Degree#Pos|Gender#Neut|Number#Plur|Tense#Past|VerbForm#Part|Voice#Pass
005.SCG*LB1.CP-2++5.N.10.11-3.13-7W12	diceret	NO MATCH	99301	Aspect#Imp|Mood#Sub|Number#Sing|Person#3|Tense#Imp|VerbForm#Fin|Voice#Act
005.SCG*LB2.CP-7++0.N.-4.12-3.15-1W21	subsequenter	NO MATCH	126356	Degree#Pos
005.SCG*LB2.CP-3++8.N.-5.1-2.3-5W4	fiat	NO MATCH	102758	Mood#Sub|Number#Sing|Person#3|Tense#Pres|VerbForm#Fin|Voice#Pass
005.SCG*LB2.CP-7++8.N.-8.4-1.7-5W11	expresse	NO MATCH	102229	Degree#Pos
005.SCG*LB4.CP--++5.N.12.11-2.11-6W1	dicitur	NO MATCH	99301	Aspect#Imp|Mood#Ind|Number#Sing|Person#3|Tense#Pres|VerbForm#Fin|Voice#Pass
005.SCG*LB1.CP--++7.N.-6.1-1.2-1W4	dicit	NO MATCH	99301	Mood#Ind|Number#Sing|Person#3|Tense#Pres|VerbForm#Fin|Voice#Act
005.SCG*LB4.CP-5++5.N.19.13-1.17-1W12	subiiciat	NO MATCH	126114	Aspect#Imp|Mood#Sub|Number#Sing|Person#3|Tense#Pres|VerbForm#Fin|Voice#Act
005.SCG*LB3.CP-2++7.N.-2.13-1.14-6W12	concomitantes	NO MATCH	95553	Case#Nom|Degree#Pos|Gender#Fem|Number#Plur|Tense#Pres|VerbForm#Part|Voice#Pass
005.SCG*LB4.CP--++8.N.-7.10-3.14-5W4	dicat	NO MATCH	99301	Aspect#Imp|Mood#Sub|Number#Sing|Person#3|Tense#Pres|VerbForm#Fin|Voice#Act
005.SCG*LB1.CP-1++3.N.30.10-1.11-7W3	educat	NO MATCH	100588	Mood#Sub|Number#Sing|Person#3|Tense#Pres|VerbForm#Fin|Voice#Act
005.SCG*LB4.CP-1++7.N.19.11-1.12-3W1	dicitur	NO MATCH	99301	Aspect#Imp|Mood#Ind|Number#Sing|Person#3|Tense#Pres|VerbForm#Fin|Voice#Pass
005.SCG*LB3.CP10++2.N.-6.15-1.18-3W22	fieri	NO MATCH	102758	Tense#Pres|VerbForm#Inf|Voice#Pass
005.SCG*LB4.CP-7++4.N.-4.13-4.15-4W11	dicitur	NO MATCH	99301	Aspect#Imp|Mood#Ind|Number#Sing|Person#3|Tense#Pres|VerbForm#Fin|Voice#Pass
005.SCG*LB3.CP11++2.N.-9.1-1.3-1W3	praedictis	NO MATCH	118832	Aspect#Perf|Case#Dat|Degree#Pos|Gender#Neut|Number#Plur|Tense#Past|VerbForm#Part|Voice#Pass
005.SCG*LB3.CP11++9.N.-6.9-3.11-3W6	directe	NO MATCH	99575	Degree#Pos
005.SCG*LB1.CP--++7.N.-1.1-1.5-3W3	praedicta	NO MATCH	118832	Aspect#Perf|Case#Nom|Degree#Pos|Gender#Fem|Number#Sing|Tense#Past|VerbForm#Part|Voice#Pass
005.SCG*LB3.CP11++7.N.-4.4-2.5-4W3	fit	NO MATCH	102758	Mood#Ind|Number#Sing|Person#3|Tense#Pres|VerbForm#Fin|Voice#Pass
005.SCG*LB4.CP-6++3.N.-9.24-3.25-4W4	converso	NO MATCH	96446	Aspect#Perf|Case#Abl|Gender#Neut|Number#Sing
005.SCG*LB3.CP-2++6.N.-3.1-2.4-4W19	dicit	NO MATCH	99301	Mood#Ind|Number#Sing|Person#3|Tense#Pres|VerbForm#Fin|Voice#Act
005.SCG*LB4.CP--++4.N.11.1-1.5-2W15	praedicti	NO MATCH	118832	Aspect#Perf|Case#Nom|Degree#Pos|Gender#Masc|Number#Plur|Tense#Past|VerbForm#Part|Voice#Pass
005.SCG*LB3.CP11++7.N.-3.1-2.3-8W5	consequens	NO MATCH	96035	Case#Nom|Degree#Pos|Gender#Neut|Number#Sing|Tense#Pres|VerbForm#Part|Voice#Pass
005.SCG*LB3.CP-7++1.N.-6.1-2.4-2W25	persequentium	NO MATCH	117303	Case#Gen|Degree#Pos|Gender#Masc|Number#Plur|Tense#Pres|VerbForm#Part|Voice#Pass
005.SCG*LB3.CP16++3.N.-1.8-3.10-1W3	praedictam	NO MATCH	118832	Aspect#Perf|Case#Acc|Degree#Pos|Gender#Fem|Number#Sing|Tense#Past|VerbForm#Part|Voice#Pass
005.SCG*LB2.CP-7++5.N.-8.7-6.8-6W9	divisim	NO MATCH	99932	Degree#Pos
005.SCG*LB4.CP-1++9.N.12.1-1.5-3W25	dicitur	NO MATCH	99301	Aspect#Imp|Mood#Ind|Number#Sing|Person#3|Tense#Pres|VerbForm#Fin|Voice#Pass
005.SCG*LB2.CP-8++3.N.16.15-3.20-1W3	dici	NO MATCH	99301	Tense#Pres|VerbForm#Inf|Voice#Pass
005.SCG*LB3.CP-6++1.N.--.1-1.2-4W6	fit	NO MATCH	102758	Mood#Ind|Number#Sing|Person#3|Tense#Pres|VerbForm#Fin|Voice#Pass
005.SCG*LB1.CP-5++1.N.-4.4-2.11-5W39	consequens	NO MATCH	96035	Case#Acc|Degree#Pos|Gender#Neut|Number#Sing|Tense#Pres|VerbForm#Part|Voice#Pass
005.SCG*LB4.CP-2++3.N.-7.14-4.19-3W30	dictum	NO MATCH	99301	Aspect#Perf|Case#Nom|Degree#Pos|Gender#Neut|Number#Sing|Tense#Past|VerbForm#Part|Voice#Pass
005.SCG*LB2.CP-1++6.N.11.13-5.15-5W18	consequens	NO MATCH	96035	Case#Acc|Degree#Pos|Gender#Neut|Number#Sing|Tense#Pres|VerbForm#Part|Voice#Pass
005.SCG*LB1.CP-1++8.N.-5.6-3.8-5W11	dicimus	NO MATCH	99301	Mood#Ind|Number#Plur|Person#1|Tense#Pres|VerbForm#Fin|Voice#Act
005.SCG*LB2.CP-2++1.N.10.20-1.21-5W5	essendi	NO MATCH	126689	Case#Gen|Degree#Pos|Number#Sing|VerbForm#Ger|Voice#Act
005.SCG*LB2.CP-7++6.N.-7.7-6.9-1W3	fient	NO MATCH	102758	Mood#Ind|Number#Plur|Person#3|Tense#Fut|VerbForm#Fin|Voice#Pass
005.SCG*LB3.CP15++0.N.-9.1-1.5-6W24	dicitur	NO MATCH	99301	Mood#Ind|Number#Sing|Person#3|Tense#Pres|VerbForm#Fin|Voice#Pass
005.SCG*LB3.CP10++4.N.-4.1-1.5-4W4	dicat	NO MATCH	99301	Mood#Sub|Number#Sing|Person#3|Tense#Pres|VerbForm#Fin|Voice#Act
005.SCG*LB3.CP-9++5.N.-4.10-1.14-3W25	fit	NO MATCH	102758	Mood#Ind|Number#Sing|Person#3|Tense#Pres|VerbForm#Fin|Voice#Pass
005.SCG*LB4.CP-1++6.N.-7.7-7.11-7W6	dicitur	NO MATCH	99301	Aspect#Imp|Mood#Ind|Number#Sing|Person#3|Tense#Pres|VerbForm#Fin|Voice#Pass
005.SCG*LB1.CP-2++0.N.-5.2-2.3-8W8	recto	NO MATCH	122542	Case#Abl|Degree#Pos|Gender#Neut|Number#Sing
005.SCG*LB4.CP-3++4.N.29.8-2.10-4W7	dicitur	NO MATCH	99301	Aspect#Imp|Mood#Ind|Number#Sing|Person#3|Tense#Pres|VerbForm#Fin|Voice#Pass
005.SCG*LB4.CP-3++5.N.11.1-2.5-4W29	dictum	NO MATCH	99301	Aspect#Perf|Case#Nom|Degree#Pos|Gender#Neut|Number#Sing|Tense#Past|VerbForm#Part|Voice#Pass
005.SCG*LB2.CP-4++7.N.-4.8-6.11-3W17	consequentis	NO MATCH	96035	Case#Gen|Degree#Pos|Gender#Fem|Number#Sing|Tense#Pres|VerbForm#Part|Voice#Pass
005.SCG*LB4.CP-2++9.N.10.2-4.7-7W21	fieri	NO MATCH	102758	Aspect#Imp|Tense#Pres|VerbForm#Inf|Voice#Pass
005.SCG*LB1.CP-2++0.N.42.1-1.8-4W1	praedictis	NO MATCH	118832	Aspect#Perf|Case#Abl|Degree#Pos|Gender#Fem|Number#Plur|Tense#Past|VerbForm#Part|Voice#Pass
005.SCG*LB2.CP-7++3.N.30.9-1.13-7W33	dicitur	NO MATCH	99301	Mood#Ind|Number#Sing|Person#3|Tense#Pres|VerbForm#Fin|Voice#Pass
005.SCG*LB3.CP13++6.N.12.11-5.13-5W5	fiat	NO MATCH	102758	Mood#Sub|Number#Sing|Person#3|Tense#Pres|VerbForm#Fin|Voice#Pass
005.SCG*LB3.CP15++1.N.-6.1-2.3-3W9	prompte	NO MATCH	119847	Degree#Pos
005.SCG*LB2.CP-4++2.N.11.1-1.4-8W9	dicit	NO MATCH	99301	Mood#Ind|Number#Sing|Person#3|Tense#Pres|VerbForm#Fin|Voice#Act
005.SCG*LB4.CP-7++9.N.10.7-2.9-4W9	dicta	NO MATCH	99301	Aspect#Perf|Case#Nom|Degree#Pos|Gender#Neut|Number#Plur|Tense#Past|VerbForm#Part|Voice#Pass
005.SCG*LB4.CP-2++9.N.-8.1-1.2-4W5	expresse	NO MATCH	102229	Degree#Pos
005.SCG*LB4.CP-8++6.N.-3.7-5.8-4W6	dicit	NO MATCH	99301	Aspect#Imp|Mood#Ind|Number#Sing|Person#3|Tense#Pres|VerbForm#Fin|Voice#Act
005.SCG*LB2.CP-2++1.N.10.9-2.14-2W16	fit	NO MATCH	102758	Mood#Ind|Number#Sing|Person#3|Tense#Pres|VerbForm#Fin|Voice#Pass
005.SCG*LB3.CP13++0.N.-6.9-1.10-3W10	dictum	NO MATCH	99301	Aspect#Perf|Case#Nom|Degree#Pos|Gender#Neut|Number#Sing|Tense#Past|VerbForm#Part|Voice#Pass
005.SCG*LB4.CP--++7.N.21.16-1.16-4W1	dicitur	NO MATCH	99301	Aspect#Imp|Mood#Ind|Number#Sing|Person#3|Tense#Pres|VerbForm#Fin|Voice#Pass
005.SCG*LB2.CP-8++3.N.-2.6-5.8-1W4	incoepit	NO MATCH	106965	Aspect#Perf|Mood#Ind|Number#Sing|Person#3|Tense#Past|VerbForm#Fin|Voice#Act
005.SCG*LB4.CP-4++8.N.-2.10-5.12-1W10	fieri	NO MATCH	102758	Aspect#Imp|Tense#Pres|VerbForm#Inf|Voice#Pass
005.SCG*LB4.CP-8++8.N.-4.1-1.2-5W9	dicit	NO MATCH	99301	Aspect#Imp|Mood#Ind|Number#Sing|Person#3|Tense#Pres|VerbForm#Fin|Voice#Act
005.SCG*LB1.CP-3++9.N.-4.4-1.5-3W9	dicetur	NO MATCH	99301	Mood#Ind|Number#Sing|Person#3|Tense#Fut|VerbForm#Fin|Voice#Pass
005.SCG*LB1.CP-9++1.N.-9.21-1.22-3W8	dici	NO MATCH	99301	Tense#Pres|VerbForm#Inf|Voice#Pass
005.SCG*LB2.CP-2++1.N.10.14-3.15-7W4	fit	NO MATCH	102758	Mood#Ind|Number#Sing|Person#3|Tense#Pres|VerbForm#Fin|Voice#Pass
005.SCG*LB2.CP-1++6.N.14.5-5.7-5W13	fit	NO MATCH	102758	Mood#Ind|Number#Sing|Person#3|Tense#Pres|VerbForm#Fin|Voice#Pass
005.SCG*LB3.CP-5++8.N.-1.1-1.8-1W29	dictis	NO MATCH	99301	Aspect#Perf|Case#Abl|Degree#Pos|Gender#Neut|Number#Plur|Tense#Past|VerbForm#Part|Voice#Pass
005.SCG*LB3.CP14++6.N.-7.1-1.3-3W7	dicentium	NO MATCH	99301	Case#Gen|Degree#Pos|Gender#Masc|Number#Plur|Tense#Pres|VerbForm#Part|Voice#Act
005.SCG*LB3.CP-9++5.N.15.15-1.19-6W4	dicere	NO MATCH	99301	Tense#Pres|VerbForm#Inf|Voice#Act
005.SCG*LB2.CP-3++0.N.-3.1-1.6-6W3	dicatur	NO MATCH	99301	Mood#Sub|Number#Sing|Person#3|Tense#Pres|VerbForm#Fin|Voice#Pass
005.SCG*LB4.CP-5++0.N.-9.10-4.13-3W3	dicere	NO MATCH	99301	Aspect#Imp|Tense#Pres|VerbForm#Inf|Voice#Act
005.SCG*LB3.CP-8++6.N.10.1-1.5-3W10	dicit	NO MATCH	99301	Mood#Ind|Number#Sing|Person#3|Tense#Pres|VerbForm#Fin|Voice#Act
005.SCG*LB4.CP-2++7.N.-1.7-3.8-3W7	dicendum	NO MATCH	99301	Aspect#Perf|Case#Nom|Degree#Pos|Gender#Neut|Number#Sing|VerbForm#Gdv|Voice#Pass
005.SCG*LB2.CP-7++6.N.-9.3-2.10-1W44	dicunt	NO MATCH	99301	Mood#Ind|Number#Plur|Person#3|Tense#Pres|VerbForm#Fin|Voice#Act
005.SCG*LB1.CP--++4.N.--.1-1.3-3W9	convenienter	NO MATCH	96424	Degree#Pos
005.SCG*LB2.CP-2++1.N.-5.17-5.19-7W7	essendi	NO MATCH	126689	Case#Gen|Degree#Pos|Number#Sing|VerbForm#Ger|Voice#Act
005.SCG*LB2.CP-3++5.N.-7.17-2.23-3W40	convenientius	NO MATCH	96424	Degree#Cmp
005.SCG*LB4.CP-1++1.N.18.21-5.24-4W21	dicente	NO MATCH	99301	Aspect#Imp|Case#Abl|Degree#Pos|Gender#Masc|Number#Sing|Tense#Pres|VerbForm#Part|Voice#Act
005.SCG*LB1.CP-2++6.N.-7.13-1.15-2W10	fiat	NO MATCH	102758	Mood#Sub|Number#Sing|Person#3|Tense#Pres|VerbForm#Fin|Voice#Pass
005.SCG*LB1.CP-3++3.N.-5.2-3.5-5W15	fieri	NO MATCH	102758	Tense#Pres|VerbForm#Inf|Voice#Pass
005.SCG*LB1.CP-7++4.N.-3.9-4.10-3W4	praedictis	NO MATCH	118832	Aspect#Perf|Case#Abl|Degree#Pos|Gender#Neut|Number#Plur|Tense#Past|VerbForm#Part|Voice#Pass
005.SCG*LB3.CP-8++7.N.-2.10-1.14-4W30	praedictum	NO MATCH	118832	Aspect#Perf|Case#Nom|Degree#Pos|Gender#Neut|Number#Sing|Tense#Past|VerbForm#Part|Voice#Pass
005.SCG*LB1.CP--++6.N.-5.1-1.6-5W30	contestante	NO MATCH	96276	Case#Abl|Degree#Pos|Gender#Masc|Number#Sing|Tense#Pres|VerbForm#Part|Voice#Pass
005.SCG*LB4.CP-9++0.N.-8.11-5.13-4W3	convenienter	NO MATCH	96424	Degree#Pos
005.SCG*LB1.CP-6++7.N.-7.9-6.11-1W7	contingenter	NO MATCH	93415	Degree#Pos
005.SCG*LB1.CP-6++7.N.-7.9-6.11-1W7	contingenter	NO MATCH	96293	Degree#Pos
005.SCG*LB2.CP-8++3.N.-2.2-7.6-4W13	dicere	NO MATCH	99301	Tense#Pres|VerbForm#Inf|Voice#Act
005.SCG*LB2.CP-6++2.N.-5.7-3.8-5W4	dicendum	NO MATCH	99301	Case#Nom|Degree#Pos|Gender#Neut|Number#Sing|VerbForm#Gdv|Voice#Pass
005.SCG*LB4.CP-7++4.N.-3.15-5.16-3W7	dixit	NO MATCH	99301	Aspect#Perf|Mood#Ind|Number#Sing|Person#3|Tense#Past|VerbForm#Fin|Voice#Act
005.SCG*LB2.CP-6++0.N.25.1-2.3-7W8	praedictas	NO MATCH	118832	Aspect#Perf|Case#Acc|Degree#Pos|Gender#Fem|Number#Plur|Tense#Past|VerbForm#Part|Voice#Pass
005.SCG*LB3.CP13++9.N.-9.1-1.2-1W4	dicitur	NO MATCH	99301	Mood#Ind|Number#Sing|Person#3|Tense#Pres|VerbForm#Fin|Voice#Pass
005.SCG*LB3.CP-6++6.N.-4.1-2.8-6W44	fiunt	NO MATCH	102758	Mood#Ind|Number#Plur|Person#3|Tense#Pres|VerbForm#Fin|Voice#Pass
005.SCG*LB2.CP--++6.N.-3.1-2.4-2W19	dicimus	NO MATCH	99301	Mood#Ind|Number#Plur|Person#1|Tense#Pres|VerbForm#Fin|Voice#Act
005.SCG*LB4.CP-3++4.N.22.39-3.43-2W10	dicatur	NO MATCH	99301	Aspect#Imp|Mood#Sub|Number#Sing|Person#3|Tense#Pres|VerbForm#Fin|Voice#Pass
005.SCG*LB4.CP-1++8.N.-5.11-1.12-3W6	dicerentur	NO MATCH	99301	Aspect#Imp|Mood#Sub|Number#Plur|Person#3|Tense#Imp|VerbForm#Fin|Voice#Pass
005.SCG*LB4.CP--++9.N.-3.5-3.8-5W3	dixit	NO MATCH	99301	Aspect#Perf|Mood#Ind|Number#Sing|Person#3|Tense#Past|VerbForm#Fin|Voice#Act
005.SCG*LB3.CP-2++6.N.22.16-3.18-4W16	dicitur	NO MATCH	99301	Mood#Ind|Number#Sing|Person#3|Tense#Pres|VerbForm#Fin|Voice#Pass
005.SCG*LB2.CP-7++8.N.12.3-5.5-3W11	dixerat	NO MATCH	99301	Aspect#Perf|Mood#Ind|Number#Sing|Person#3|Tense#Pqp|VerbForm#Fin|Voice#Act
005.SCG*LB1.CP-5++9.N.-3.25-3.32-3W3	dicetur	NO MATCH	99301	Mood#Ind|Number#Sing|Person#3|Tense#Fut|VerbForm#Fin|Voice#Pass
005.SCG*LB4.CP--++1.N.11.35-6.36-6W1	signanter	NO MATCH	124766	Degree#Pos
005.SCG*LB3.CP13++0.N.-5.1-1.5-2W3	praedicta	NO MATCH	118832	Aspect#Perf|Case#Nom|Degree#Pos|Gender#Neut|Number#Plur|Tense#Past|VerbForm#Part|Voice#Pass
005.SCG*LB4.CP-7++6.N.-4.8-5.9-6W3	congruentior	NO MATCH	95913	Aspect#Imp|Case#Nom|Degree#Cmp|Gender#Masc|Number#Sing|Tense#Pres|VerbForm#Part|Voice#Act
005.SCG*LB1.CP10++0.N.-3.1-2.4-2W6	volitum	NO MATCH	130745	Aspect#Perf|Case#Nom|Degree#Pos|Gender#Neut|Number#Sing|Tense#Past|VerbForm#Part|VerbType#Mod|Voice#Pass
005.SCG*LB2.CP-5++7.N.-5.4-1.7-2W27	praedictam	NO MATCH	118832	Aspect#Perf|Case#Acc|Degree#Pos|Gender#Fem|Number#Sing|Tense#Past|VerbForm#Part|Voice#Pass
005.SCG*LB4.CP--++1.N.14.10-4.13-4W7	praedictis	NO MATCH	118832	Aspect#Perf|Case#Abl|Degree#Pos|Gender#Masc|Number#Plur|Tense#Past|VerbForm#Part|Voice#Pass
005.SCG*LB2.CP-3++7.N.-3.3-5.6-4W4	dici	NO MATCH	99301	Tense#Pres|VerbForm#Inf|Voice#Pass
005.SCG*LB2.CP-5++5.N.11.10-4.11-6W9	deficienter	NO MATCH	98257	Case#Loc|Degree#Pos|Number#Sing|Tense#Pres|VerbForm#Part|Voice#Act
005.SCG*LB2.CP-3++0.N.15.36-1.39-2W21	abiiciendae	NO MATCH	86884	Case#Dat|Degree#Pos|Gender#Fem|Number#Sing|VerbForm#Gdv|Voice#Pass
005.SCG*LB1.CP-3++0.N.-2.21-1.22-1W4	dici	NO MATCH	99301	Tense#Pres|VerbForm#Inf|Voice#Pass
005.SCG*LB2.CP-6++1.N.-7.1-1.2-5W3	praedicta	NO MATCH	118832	Aspect#Perf|Case#Nom|Degree#Pos|Gender#Fem|Number#Sing|Tense#Past|VerbForm#Part|Voice#Pass
005.SCG*LB2.CP-6++1.N.-3.18-1.21-7W10	dicere	NO MATCH	99301	Tense#Pres|VerbForm#Inf|Voice#Act
005.SCG*LB3.CP-8++0.N.17.20-3.21-5W5	convenienter	NO MATCH	96424	Degree#Pos
005.SCG*LB3.CP-1++2.N.-5.31-4.32-6W6	dicitur	NO MATCH	99301	Mood#Ind|Number#Sing|Person#3|Tense#Pres|VerbForm#Fin|Voice#Pass
005.SCG*LB2.CP-9++0.N.10.1-1.4-5W3	dicatur	NO MATCH	99301	Mood#Sub|Number#Sing|Person#3|Tense#Pres|VerbForm#Fin|Voice#Pass
005.SCG*LB4.CP-9++1.N.-4.1-2.3-3W6	convenienter	NO MATCH	96424	Degree#Pos
005.SCG*LB1.CP-9++1.N.-5.4-1.6-5W17	fit	NO MATCH	102758	Mood#Ind|Number#Sing|Person#3|Tense#Pres|VerbForm#Fin|Voice#Pass
005.SCG*LB1.CP-3++8.N.-4.3-2.5-3W5	dicitur	NO MATCH	99301	Mood#Ind|Number#Sing|Person#3|Tense#Pres|VerbForm#Fin|Voice#Pass
005.SCG*LB2.CP-1++5.N.-2.33-1.35-2W13	praedicta	NO MATCH	118832	Aspect#Perf|Case#Nom|Degree#Pos|Gender#Fem|Number#Sing|Tense#Past|VerbForm#Part|Voice#Pass
005.SCG*LB1.CP-2++2.N.-6.21-1.23-4W9	essendi	NO MATCH	126689	Case#Gen|Degree#Pos|Number#Sing|VerbForm#Ger|Voice#Act
005.SCG*LB3.CP-2++8.N.-1.1-1.3-3W2	praedictis	NO MATCH	118832	Aspect#Perf|Case#Abl|Degree#Pos|Gender#Neut|Number#Plur|Tense#Past|VerbForm#Part|Voice#Pass
005.SCG*LB3.CP-9++7.N.10.13-6.14-2W4	dicitur	NO MATCH	99301	Mood#Ind|Number#Sing|Person#3|Tense#Pres|VerbForm#Fin|Voice#Pass
005.SCG*LB4.CP--++7.N.-4.3-6.7-1W7	diceretur	NO MATCH	99301	Aspect#Imp|Mood#Sub|Number#Sing|Person#3|Tense#Imp|VerbForm#Fin|Voice#Pass
005.SCG*LB2.CP-9++1.N.11.4-1.6-1W7	dicebant	NO MATCH	99301	Aspect#Imp|Mood#Ind|Number#Plur|Person#3|Tense#Imp|VerbForm#Fin|Voice#Act
005.SCG*LB3.CP11++4.N.-2.6-1.7-2W8	dicitur	NO MATCH	99301	Mood#Ind|Number#Sing|Person#3|Tense#Pres|VerbForm#Fin|Voice#Pass
005.SCG*LB2.CP-1++9.N.-5.27-5.30-4W10	praedicto	NO MATCH	118832	Aspect#Perf|Case#Abl|Degree#Pos|Gender#Masc|Number#Sing|Tense#Past|VerbForm#Part|Voice#Pass
005.SCG*LB4.CP-1++7.N.10.4-3.4-7W4	dices	NO MATCH	99301	Aspect#Imp|Mood#Ind|Number#Sing|Person#2|Tense#Fut|VerbForm#Fin|Voice#Act
005.SCG*LB3.CP-4++1.N.-7.1-2.7-3W27	dicamus	NO MATCH	99301	Mood#Sub|Number#Plur|Person#1|Tense#Pres|VerbForm#Fin|Voice#Act
005.SCG*LB3.CP11++2.N.11.5-6.6-1W4	dicitur	NO MATCH	99301	Mood#Ind|Number#Sing|Person#3|Tense#Pres|VerbForm#Fin|Voice#Pass
005.SCG*LB3.CP-4++7.N.-4.12-6.15-1W18	quaeso	NO MATCH	121047	Mood#Ind|Number#Sing|Person#1|Tense#Pres|VerbForm#Fin|Voice#Act
005.SCG*LB2.CP-8++3.N.23.6-3.10-1W20	dictum	NO MATCH	99301	Aspect#Perf|Case#Nom|Degree#Pos|Gender#Neut|Number#Sing|Tense#Past|VerbForm#Part|Voice#Pass
005.SCG*LB1.CP-7++4.N.-4.1-2.8-4W44	volitum	NO MATCH	130745	Aspect#Perf|Case#Nom|Degree#Pos|Gender#Neut|Number#Sing|Tense#Past|VerbForm#Part|VerbType#Mod|Voice#Pass
005.SCG*LB2.CP-2++3.N.12.1-1.3-5W9	dicebant	NO MATCH	99301	Aspect#Imp|Mood#Ind|Number#Plur|Person#3|Tense#Imp|VerbForm#Fin|Voice#Act
005.SCG*LB2.CP-8++3.N.35.9-3.12-1W3	dicimus	NO MATCH	99301	Mood#Ind|Number#Plur|Person#1|Tense#Pres|VerbForm#Fin|Voice#Act
005.SCG*LB2.CP-4++7.N.-5.15-3.16-7W6	dicit	NO MATCH	99301	Mood#Ind|Number#Sing|Person#3|Tense#Pres|VerbForm#Fin|Voice#Act
005.SCG*LB1.CP-8++2.N.-2.1-1.3-7W7	volitorum	NO MATCH	130745	Aspect#Perf|Case#Gen|Degree#Pos|Gender#Neut|Number#Plur|Tense#Past|VerbForm#Part|VerbType#Mod|Voice#Pass
005.SCG*LB3.CP14++1.N.-9.15-2.17-1W14	dicetur	NO MATCH	99301	Mood#Ind|Number#Sing|Person#3|Tense#Fut|VerbForm#Fin|Voice#Pass
005.SCG*LB3.CP11++1.N.-1.31-1.35-3W16	subiiciuntur	NO MATCH	126114	Mood#Ind|Number#Plur|Person#3|Tense#Pres|VerbForm#Fin|Voice#Pass
005.SCG*LB2.CP--++3.N.-4.12-1.12-5W3	dicitur	NO MATCH	99301	Mood#Ind|Number#Sing|Person#3|Tense#Pres|VerbForm#Fin|Voice#Pass
005.SCG*LB2.CP-7++8.N.-8.13-3.16-6W9	dicendo	NO MATCH	99301	Case#Abl|Degree#Pos|Number#Sing|VerbForm#Ger|Voice#Act
005.SCG*LB1.CP-9++1.N.-8.6-2.8-6W9	dicuntur	NO MATCH	99301	Mood#Ind|Number#Plur|Person#3|Tense#Pres|VerbForm#Fin|Voice#Pass
005.SCG*LB2.CP-3++0.N.13.1-1.7-1W14	consequentes	NO MATCH	96035	Case#Acc|Degree#Pos|Gender#Fem|Number#Plur|Tense#Pres|VerbForm#Part|Voice#Pass
005.SCG*LB2.CP-7++3.N.-6.1-1.5-3W3	dicatur	NO MATCH	99301	Mood#Sub|Number#Sing|Person#3|Tense#Pres|VerbForm#Fin|Voice#Pass
005.SCG*LB3.CP-8++5.N.19.12-2.15-4W14	calefieri	NO MATCH	92350	Tense#Pres|VerbForm#Inf|Voice#Pass
005.SCG*LB2.CP-6++8.N.-4.5-3.7-3W7	essendi	NO MATCH	126689	Case#Gen|Degree#Pos|Number#Sing|VerbForm#Ger|Voice#Act
005.SCG*LB4.CP--++8.N.-5.71-3.72-2W1	dicit	NO MATCH	99301	Aspect#Imp|Mood#Ind|Number#Sing|Person#3|Tense#Pres|VerbForm#Fin|Voice#Act
005.SCG*LB1.CP-6++5.N.11.3-1.3-4W1	dicitur	NO MATCH	99301	Mood#Ind|Number#Sing|Person#3|Tense#Pres|VerbForm#Fin|Voice#Pass
005.SCG*LB3.CP14++7.N.-5.6-4.11-3W31	praedictum	NO MATCH	118832	Aspect#Perf|Case#Acc|Degree#Pos|Gender#Masc|Number#Sing|Tense#Past|VerbForm#Part|Voice#Pass
005.SCG*LB1.CP-5++8.N.-9.2-3.4-1W1	dicitur	NO MATCH	99301	Mood#Ind|Number#Sing|Person#3|Tense#Pres|VerbForm#Fin|Voice#Pass
005.SCG*LB4.CP-8++6.N.-2.1-1.5-2W6	fruens	NO MATCH	103882	Aspect#Imp|Case#Nom|Degree#Pos|Gender#Fem|Number#Sing|Tense#Pres|VerbForm#Part|Voice#Pass
005.SCG*LB2.CP-9++2.N.-3.20-1.20-2W1	dicit	NO MATCH	99301	Mood#Ind|Number#Sing|Person#3|Tense#Pres|VerbForm#Fin|Voice#Act
005.SCG*LB3.CP14++3.N.-1.1-1.3-1W4	praedictis	NO MATCH	118832	Aspect#Perf|Case#Abl|Degree#Pos|Gender#Neut|Number#Plur|Tense#Past|VerbForm#Part|Voice#Pass
005.SCG*LB1.CP-5++8.N.-9.8-1.9-1W3	dicit	NO MATCH	99301	Mood#Ind|Number#Sing|Person#3|Tense#Pres|VerbForm#Fin|Voice#Act
005.SCG*LB3.CP13++0.N.-3.9-6.14-6W11	dicit	NO MATCH	99301	Mood#Ind|Number#Sing|Person#3|Tense#Pres|VerbForm#Fin|Voice#Act
005.SCG*LB3.CP--++2.N.-7.6-6.10-6W7	fiunt	NO MATCH	102758	Mood#Ind|Number#Plur|Person#3|Tense#Pres|VerbForm#Fin|Voice#Pass
005.SCG*LB4.CP-5++9.N.-3.2-3.3-6W10	consequentes	NO MATCH	96035	Aspect#Imp|Case#Acc|Degree#Pos|Gender#Fem|Number#Plur|Tense#Pres|VerbForm#Part|Voice#Pass
005.SCG*LB4.CP-8++5.N.-5.1-1.6-2W16	praedictae	NO MATCH	118832	Aspect#Perf|Case#Nom|Degree#Pos|Gender#Fem|Number#Plur|Tense#Past|VerbForm#Part|Voice#Pass
005.SCG*LB3.CP12++2.N.-1.4-1.4-2W1	dicunt	NO MATCH	99301	Mood#Ind|Number#Plur|Person#3|Tense#Pres|VerbForm#Fin|Voice#Act
005.SCG*LB4.CP-5++0.N.-6.5-4.7-3W3	expresse	NO MATCH	102229	Degree#Pos
005.SCG*LB3.CP12++3.N.-4.4-2.6-1W9	subiicitur	NO MATCH	126114	Mood#Ind|Number#Sing|Person#3|Tense#Pres|VerbForm#Fin|Voice#Pass
005.SCG*LB4.CP--++8.N.-7.34-1.38-4W1	dicit	NO MATCH	99301	Aspect#Imp|Mood#Ind|Number#Sing|Person#3|Tense#Pres|VerbForm#Fin|Voice#Act
005.SCG*LB4.CP-3++2.N.-2.9-4.17-5W51	fiat	NO MATCH	102758	Aspect#Imp|Mood#Sub|Number#Sing|Person#3|Tense#Pres|VerbForm#Fin|Voice#Pass
005.SCG*LB3.CP14++9.N.-6.17-1.17-4W4	dicitur	NO MATCH	99301	Mood#Ind|Number#Sing|Person#3|Tense#Pres|VerbForm#Fin|Voice#Pass
005.SCG*LB1.CP-3++2.N.-3.11-3.13-7W15	dictis	NO MATCH	99301	Aspect#Perf|Case#Abl|Degree#Pos|Gender#Neut|Number#Plur|Tense#Past|VerbForm#Part|Voice#Pass
005.SCG*LB3.CP-8++5.N.-9.10-2.13-3W9	puta	NO MATCH	120610	
005.SCG*LB4.CP--++9.N.-3.1-1.5-2W4	dicit	NO MATCH	99301	Aspect#Imp|Mood#Ind|Number#Sing|Person#3|Tense#Pres|VerbForm#Fin|Voice#Act
005.SCG*LB4.CP-1++8.N.-5.3-5.4-2W1	dicitur	NO MATCH	99301	Aspect#Imp|Mood#Ind|Number#Sing|Person#3|Tense#Pres|VerbForm#Fin|Voice#Pass
005.SCG*LB1.CP-2++2.N.10.1-1.3-6W19	dicens	NO MATCH	99301	Case#Nom|Degree#Pos|Gender#Masc|Number#Sing|Tense#Pres|VerbForm#Part|Voice#Act
005.SCG*LB3.CP-8++7.N.--.1-1.4-3W17	dicunt	NO MATCH	99301	Mood#Ind|Number#Plur|Person#3|Tense#Pres|VerbForm#Fin|Voice#Act
005.SCG*LB4.CP-1++1.N.--.1-1.3-4W13	dicuntur	NO MATCH	99301	Aspect#Imp|Mood#Ind|Number#Plur|Person#3|Tense#Pres|VerbForm#Fin|Voice#Pass
005.SCG*LB2.CP-8++4.N.-7.5-5.6-3W1	dicit	NO MATCH	99301	Mood#Ind|Number#Sing|Person#3|Tense#Pres|VerbForm#Fin|Voice#Act
005.SCG*LB4.CP-8++2.N.11.14-1.16-4W14	dicitur	NO MATCH	99301	Aspect#Imp|Mood#Ind|Number#Sing|Person#3|Tense#Pres|VerbForm#Fin|Voice#Pass
005.SCG*LB3.CP15++5.N.-6.1-2.4-3W20	agente	NO MATCH	88140	Case#Abl|Degree#Pos|Gender#Neut|Number#Sing
005.SCG*LB2.CP-7++9.N.11.14-2.16-5W2	dicit	NO MATCH	99301	Mood#Ind|Number#Sing|Person#3|Tense#Pres|VerbForm#Fin|Voice#Act
005.SCG*LB1.CP-9++1.N.-4.19-6.22-7W10	fit	NO MATCH	102758	Mood#Ind|Number#Sing|Person#3|Tense#Pres|VerbForm#Fin|Voice#Pass
005.SCG*LB1.CP-7++5.N.-8.2-2.3-1W1	dicitur	NO MATCH	99301	Mood#Ind|Number#Sing|Person#3|Tense#Pres|VerbForm#Fin|Voice#Pass
005.SCG*LB4.CP-2++9.N.-8.6-4.8-1W6	consequenter	NO MATCH	96035	Degree#Pos
005.SCG*LB4.CP-9++7.N.-5.5-1.6-5W7	dicit	NO MATCH	99301	Aspect#Imp|Mood#Ind|Number#Sing|Person#3|Tense#Pres|VerbForm#Fin|Voice#Act
005.SCG*LB1.CP-9++3.N.-7.14-4.16-4W11	dicit	NO MATCH	99301	Mood#Ind|Number#Sing|Person#3|Tense#Pres|VerbForm#Fin|Voice#Act
005.SCG*LB3.CP15++4.N.16.13-2.19-3W3	dicunt	NO MATCH	99301	Mood#Ind|Number#Plur|Person#3|Tense#Pres|VerbForm#Fin|Voice#Act
005.SCG*LB4.CP-4++7.N.-3.5-6.8-3W9	diceretur	NO MATCH	99301	Aspect#Imp|Mood#Sub|Number#Sing|Person#3|Tense#Imp|VerbForm#Fin|Voice#Pass
005.SCG*LB3.CP13++6.N.12.9-3.11-4W14	dicitur	NO MATCH	99301	Mood#Ind|Number#Sing|Person#3|Tense#Pres|VerbForm#Fin|Voice#Pass
005.SCG*LB2.CP-7++3.N.33.7-1.8-5W4	dici	NO MATCH	99301	Tense#Pres|VerbForm#Inf|Voice#Pass
005.SCG*LB2.CP-7++9.N.15.2-2.3-4W1	dicitur	NO MATCH	99301	Mood#Ind|Number#Sing|Person#3|Tense#Pres|VerbForm#Fin|Voice#Pass
005.SCG*LB1.CP-2++8.N.-7.9-4.13-1W6	fit	NO MATCH	102758	Mood#Ind|Number#Sing|Person#3|Tense#Pres|VerbForm#Fin|Voice#Pass
005.SCG*LB4.CP-1++3.N.-7.19-1.19-5W1	dicere	NO MATCH	99301	Aspect#Imp|Tense#Pres|VerbForm#Inf|Voice#Act
005.SCG*LB1.CP-9++1.N.10.3-2.3-5W1	dicitur	NO MATCH	99301	Mood#Ind|Number#Sing|Person#3|Tense#Pres|VerbForm#Fin|Voice#Pass
005.SCG*LB4.CP-6++9.N.-1.11-8.15-3W25	fieret	NO MATCH	102758	Aspect#Imp|Mood#Sub|Number#Sing|Person#3|Tense#Imp|VerbForm#Fin|Voice#Pass
005.SCG*LB4.CP-1++1.N.17.1-1.5-3W23	dicitur	NO MATCH	99301	Aspect#Imp|Mood#Ind|Number#Sing|Person#3|Tense#Pres|VerbForm#Fin|Voice#Pass
005.SCG*LB3.CP13++1.N.-4.9-4.13-2W22	abiiciat	NO MATCH	86884	Mood#Sub|Number#Sing|Person#3|Tense#Pres|VerbForm#Fin|Voice#Act
005.SCG*LB2.CP--++1.N.-7.6-3.11-4W8	dicit	NO MATCH	99301	Mood#Ind|Number#Sing|Person#3|Tense#Pres|VerbForm#Fin|Voice#Act
005.SCG*LB4.CP-8++3.N.16.3-5.4-3W1	dicitur	NO MATCH	99301	Aspect#Imp|Mood#Ind|Number#Sing|Person#3|Tense#Pres|VerbForm#Fin|Voice#Pass
005.SCG*LB1.CP-3++3.N.-3.5-6.7-3W5	dicuntur	NO MATCH	99301	Mood#Ind|Number#Plur|Person#3|Tense#Pres|VerbForm#Fin|Voice#Pass
005.SCG*LB3.CP10++5.N.-8.1-1.7-1W31	dici	NO MATCH	99301	Tense#Pres|VerbForm#Inf|Voice#Pass
005.SCG*LB4.CP-1++7.N.17.1-2.2-4W1	expresse	NO MATCH	102229	Degree#Pos
005.SCG*LB4.CP-1++4.N.11.37-3.40-1W3	praedictas	NO MATCH	118832	Aspect#Perf|Case#Acc|Degree#Pos|Gender#Fem|Number#Plur|Tense#Past|VerbForm#Part|Voice#Pass
005.SCG*LB4.CP-3++4.N.13.10-1.10-8W3	dici	NO MATCH	99301	Aspect#Imp|Tense#Pres|VerbForm#Inf|Voice#Pass
005.SCG*LB3.CP12++5.N.-8.1-1.2-1W4	dicitur	NO MATCH	99301	Mood#Ind|Number#Sing|Person#3|Tense#Pres|VerbForm#Fin|Voice#Pass
005.SCG*LB1.CP-9++2.N.-1.9-2.10-4W4	dicitur	NO MATCH	99301	Mood#Ind|Number#Sing|Person#3|Tense#Pres|VerbForm#Fin|Voice#Pass
005.SCG*LB4.CP-2++4.N.12.6-3.9-5W5	dici	NO MATCH	99301	Aspect#Imp|Tense#Pres|VerbForm#Inf|Voice#Pass
005.SCG*LB3.CP-5++4.N.-9.1-1.2-4W3	praedictas	NO MATCH	118832	Aspect#Perf|Case#Acc|Degree#Pos|Gender#Fem|Number#Plur|Tense#Past|VerbForm#Part|Voice#Pass
005.SCG*LB3.CP-6++4.N.-5.1-2.6-4W35	fierent	NO MATCH	102758	Aspect#Imp|Mood#Sub|Number#Plur|Person#3|Tense#Imp|VerbForm#Fin|Voice#Pass
005.SCG*LB1.CP-1++7.N.-6.1-1.6-2W13	dicere	NO MATCH	99301	Tense#Pres|VerbForm#Inf|Voice#Act
005.SCG*LB2.CP-3++2.N.-5.14-1.14-5W4	fieret	NO MATCH	102758	Aspect#Imp|Mood#Sub|Number#Sing|Person#3|Tense#Imp|VerbForm#Fin|Voice#Pass
005.SCG*LB3.CP11++9.N.-6.4-4.9-2W22	dicimur	NO MATCH	99301	Mood#Ind|Number#Plur|Person#1|Tense#Pres|VerbForm#Fin|Voice#Pass
005.SCG*LB3.CP-9++5.N.21.25-4.27-4W4	dicitur	NO MATCH	99301	Mood#Ind|Number#Sing|Person#3|Tense#Pres|VerbForm#Fin|Voice#Pass
005.SCG*LB3.CP-1++7.N.-7.7-5.10-5W17	consequens	NO MATCH	96035	Case#Acc|Degree#Pos|Gender#Neut|Number#Sing|Tense#Pres|VerbForm#Part|Voice#Pass
005.SCG*LB4.CP--++7.N.24.12-1.14-4W11	praedictam	NO MATCH	118832	Aspect#Perf|Case#Acc|Degree#Pos|Gender#Fem|Number#Sing|Tense#Past|VerbForm#Part|Voice#Pass
005.SCG*LB4.CP--++7.N.-6.1-2.2-7W6	dicitur	NO MATCH	99301	Aspect#Imp|Mood#Ind|Number#Sing|Person#3|Tense#Pres|VerbForm#Fin|Voice#Pass
005.SCG*LB3.CP-7++0.N.-4.3-5.6-1W11	dicatur	NO MATCH	99301	Mood#Sub|Number#Sing|Person#3|Tense#Pres|VerbForm#Fin|Voice#Pass
005.SCG*LB4.CP--++6.N.10.11-1.14-1W6	quietae	NO MATCH	121174	Aspect#Perf|Case#Gen|Degree#Pos|Gender#Fem|Number#Sing|Tense#Past|VerbForm#Part|Voice#Pass
005.SCG*LB4.CP-7++2.N.-7.10-5.13-1W15	ficte	NO MATCH	103319	Degree#Pos
005.SCG*LB4.CP-2++9.N.10.19-3.21-5W15	dicit	NO MATCH	99301	Aspect#Imp|Mood#Ind|Number#Sing|Person#3|Tense#Pres|VerbForm#Fin|Voice#Act
005.SCG*LB2.CP-1++5.N.-2.35-3.37-5W15	fieri	NO MATCH	102758	Tense#Pres|VerbForm#Inf|Voice#Pass
005.SCG*LB3.CP-4++7.N.-4.18-1.20-1W7	dicit	NO MATCH	99301	Mood#Ind|Number#Sing|Person#3|Tense#Pres|VerbForm#Fin|Voice#Act
005.SCG*LB3.CP12++0.N.22.6-6.7-2W5	dicitur	NO MATCH	99301	Mood#Ind|Number#Sing|Person#3|Tense#Pres|VerbForm#Fin|Voice#Pass
005.SCG*LB3.CP11++9.N.-6.3-1.4-3W4	dicimur	NO MATCH	99301	Mood#Ind|Number#Plur|Person#1|Tense#Pres|VerbForm#Fin|Voice#Pass
005.SCG*LB2.CP-2++5.N.-1.7-5.8-5W5	dicimur	NO MATCH	99301	Mood#Ind|Number#Plur|Person#1|Tense#Pres|VerbForm#Fin|Voice#Pass
005.SCG*LB4.CP-3++4.N.-6.5-6.7-6W9	dicit	NO MATCH	99301	Aspect#Imp|Mood#Ind|Number#Sing|Person#3|Tense#Pres|VerbForm#Fin|Voice#Act
005.SCG*LB2.CP-3++4.N.-2.13-1.14-4W10	fieri	NO MATCH	102758	Tense#Pres|VerbForm#Inf|Voice#Pass
005.SCG*LB4.CP--++7.N.13.3-5.6-4W16	dicebat	NO MATCH	99301	Aspect#Imp|Mood#Ind|Number#Sing|Person#3|Tense#Imp|VerbForm#Fin|Voice#Act
005.SCG*LB1.CP-5++9.N.-2.1-1.6-3W33	dicit	NO MATCH	99301	Mood#Ind|Number#Sing|Person#3|Tense#Pres|VerbForm#Fin|Voice#Act
005.SCG*LB4.CP-3++1.N.-1.1-1.7-2W13	praedictis	NO MATCH	118832	Aspect#Perf|Case#Abl|Degree#Pos|Gender#Neut|Number#Plur|Tense#Past|VerbForm#Part|Voice#Pass
005.SCG*LB4.CP-6++2.N.-8.4-2.6-1W4	dicere	NO MATCH	99301	Aspect#Imp|Tense#Pres|VerbForm#Inf|Voice#Act
005.SCG*LB3.CP-9++5.N.15.1-1.3-4W8	fiunt	NO MATCH	102758	Mood#Ind|Number#Plur|Person#3|Tense#Pres|VerbForm#Fin|Voice#Pass
005.SCG*LB4.CP--++8.N.-5.64-5.66-4W8	dicantur	NO MATCH	99301	Aspect#Imp|Mood#Sub|Number#Plur|Person#3|Tense#Pres|VerbForm#Fin|Voice#Pass
005.SCG*LB2.CP-3++0.N.-9.1-1.3-5W9	essendi	NO MATCH	126689	Case#Gen|Degree#Pos|Number#Sing|VerbForm#Ger|Voice#Act
005.SCG*LB3.CP14++4.N.-9.14-1.19-5W12	consequens	NO MATCH	96035	Case#Acc|Degree#Pos|Gender#Neut|Number#Sing|Tense#Pres|VerbForm#Part|Voice#Pass
005.SCG*LB2.CP-8++3.N.33.4-2.6-3W13	dici	NO MATCH	99301	Tense#Pres|VerbForm#Inf|Voice#Pass
005.SCG*LB1.CP-9++2.N.10.8-1.14-4W13	praedictae	NO MATCH	118832	Aspect#Perf|Case#Nom|Degree#Pos|Gender#Fem|Number#Plur|Tense#Past|VerbForm#Part|Voice#Pass
005.SCG*LB3.CP-8++6.N.13.1-1.6-4W21	fiunt	NO MATCH	102758	Mood#Ind|Number#Plur|Person#3|Tense#Pres|VerbForm#Fin|Voice#Pass
005.SCG*LB3.CP-5++3.N.-7.1-1.2-3W9	dicitur	NO MATCH	99301	Mood#Ind|Number#Sing|Person#3|Tense#Pres|VerbForm#Fin|Voice#Pass
005.SCG*LB4.CP-2++0.N.-1.1-1.4-1W6	praedictorum	NO MATCH	118832	Aspect#Perf|Case#Gen|Degree#Pos|Gender#Neut|Number#Plur|Tense#Past|VerbForm#Part|Voice#Pass
005.SCG*LB4.CP-1++7.N.11.6-3.6-6W4	dicitur	NO MATCH	99301	Aspect#Imp|Mood#Ind|Number#Sing|Person#3|Tense#Pres|VerbForm#Fin|Voice#Pass
005.SCG*LB1.CP-4++2.N.11.12-3.16-6W6	necesse-esse	NO MATCH	126689	Tense#Pres|VerbForm#Inf|Voice#Act
005.SCG*LB2.CP-6++2.N.-2.4-3.7-3W10	dictum	NO MATCH	99301	Aspect#Perf|Case#Nom|Degree#Pos|Gender#Neut|Number#Sing|Tense#Past|VerbForm#Part|Voice#Pass
005.SCG*LB4.CP--++6.N.-4.1-2.2-1W2	dicit	NO MATCH	99301	Aspect#Imp|Mood#Ind|Number#Sing|Person#3|Tense#Pres|VerbForm#Fin|Voice#Act
005.SCG*LB4.CP-1++7.N.11.3-1.3-7W1	dicitur	NO MATCH	99301	Aspect#Imp|Mood#Ind|Number#Sing|Person#3|Tense#Pres|VerbForm#Fin|Voice#Pass
005.SCG*LB2.CP-2++5.N.10.1-2.8-4W34	dicatur	NO MATCH	99301	Mood#Sub|Number#Sing|Person#3|Tense#Pres|VerbForm#Fin|Voice#Pass
005.SCG*LB4.CP-3++2.N.-9.1-1.4-2W9	dici	NO MATCH	99301	Aspect#Imp|Tense#Pres|VerbForm#Inf|Voice#Pass
005.SCG*LB4.CP-1++1.N.19.3-5.5-2W12	dicitur	NO MATCH	99301	Aspect#Imp|Mood#Ind|Number#Sing|Person#3|Tense#Pres|VerbForm#Fin|Voice#Pass
005.SCG*LB4.CP--++4.N.11.34-1.34-6W5	dicit	NO MATCH	99301	Aspect#Imp|Mood#Ind|Number#Sing|Person#3|Tense#Pres|VerbForm#Fin|Voice#Act
005.SCG*LB2.CP-2++2.N.-3.6-2.8-4W8	essendi	NO MATCH	126689	Case#Gen|Degree#Pos|Number#Sing|VerbForm#Ger|Voice#Act
005.SCG*LB4.CP-3++4.N.14.3-3.5-1W8	dicitur	NO MATCH	99301	Aspect#Imp|Mood#Ind|Number#Sing|Person#3|Tense#Pres|VerbForm#Fin|Voice#Pass
005.SCG*LB2.CP-3++8.N.-9.1-1.5-6W4	dicitur	NO MATCH	99301	Mood#Ind|Number#Sing|Person#3|Tense#Pres|VerbForm#Fin|Voice#Pass
005.SCG*LB4.CP-3++5.N.-5.16-2.17-5W3	dicimus	NO MATCH	99301	Aspect#Imp|Mood#Ind|Number#Plur|Person#1|Tense#Pres|VerbForm#Fin|Voice#Act
005.SCG*LB3.CP12++9.N.-6.4-4.9-4W22	fit	NO MATCH	102758	Mood#Ind|Number#Sing|Person#3|Tense#Pres|VerbForm#Fin|Voice#Pass
005.SCG*LB4.CP-3++4.N.22.34-1.39-2W24	dicebat	NO MATCH	99301	Aspect#Imp|Mood#Ind|Number#Sing|Person#3|Tense#Imp|VerbForm#Fin|Voice#Act
005.SCG*LB3.CP10++2.N.-6.5-3.9-2W4	fit	NO MATCH	102758	Mood#Ind|Number#Sing|Person#3|Tense#Pres|VerbForm#Fin|Voice#Pass
005.SCG*LB1.CP-3++2.N.-3.11-3.13-7W10	esse	NO MATCH	126689	Case#Nom|Gender#Neut|Number#Sing
005.SCG*LB2.CP-7++5.N.15.47-4.50-2W19	dictum	NO MATCH	99301	Aspect#Perf|Case#Nom|Degree#Pos|Gender#Neut|Number#Sing|Tense#Past|VerbForm#Part|Voice#Pass
005.SCG*LB3.CP-8++3.N.-3.2-6.5-7W9	potentiora	NO MATCH	118569	Case#Acc|Degree#Cmp|Gender#Neut|Number#Plur|Tense#Pres|VerbForm#Part|VerbType#Mod|Voice#Act
005.SCG*LB4.CP-5++4.N.-8.37-2.40-2W7	dicit	NO MATCH	99301	Aspect#Imp|Mood#Ind|Number#Sing|Person#3|Tense#Pres|VerbForm#Fin|Voice#Act
005.SCG*LB3.CP-2++4.N.-8.21-1.22-6W9	fit	NO MATCH	102758	Mood#Ind|Number#Sing|Person#3|Tense#Pres|VerbForm#Fin|Voice#Pass
005.SCG*LB1.CP-2++0.N.28.1-1.4-6W6	praedictum	NO MATCH	118832	Aspect#Perf|Case#Acc|Degree#Pos|Gender#Masc|Number#Sing|Tense#Past|VerbForm#Part|Voice#Pass
005.SCG*LB4.CP-2++9.N.-6.8-1.11-3W6	dicta	NO MATCH	99301	Aspect#Perf|Case#Nom|Degree#Pos|Gender#Neut|Number#Plur|Tense#Past|VerbForm#Part|Voice#Pass
005.SCG*LB1.CP-6++9.N.-3.1-2.3-1W10	dictis	NO MATCH	99301	Aspect#Perf|Case#Abl|Degree#Pos|Gender#Neut|Number#Plur|Tense#Past|VerbForm#Part|Voice#Pass
005.SCG*LB2.CP-5++5.N.15.1-1.3-4W12	connumeratis	NO MATCH	95960	Aspect#Perf|Case#Abl|Degree#Pos|Number#Plur|Tense#Past|VerbForm#Part|Voice#Pass
005.SCG*LB1.CP-3++3.N.--.1-1.3-1W5	dicuntur	NO MATCH	99301	Mood#Ind|Number#Plur|Person#3|Tense#Pres|VerbForm#Fin|Voice#Pass
005.SCG*LB3.CP12++2.N.-5.9-4.10-4W7	dicuntur	NO MATCH	99301	Mood#Ind|Number#Plur|Person#3|Tense#Pres|VerbForm#Fin|Voice#Pass
005.SCG*LB1.CP-2++6.N.10.11-3.14-2W6	dixit	NO MATCH	99301	Aspect#Perf|Mood#Ind|Number#Sing|Person#3|Tense#Past|VerbForm#Fin|Voice#Act
005.SCG*LB4.CP-1++7.N.21.2-8.4-6W5	dicitur	NO MATCH	99301	Aspect#Imp|Mood#Ind|Number#Sing|Person#3|Tense#Pres|VerbForm#Fin|Voice#Pass
005.SCG*LB3.CP-6++5.N.-4.10-2.12-6W15	fiat	NO MATCH	102758	Mood#Sub|Number#Sing|Person#3|Tense#Pres|VerbForm#Fin|Voice#Pass
005.SCG*LB2.CP--++2.N.-5.6-1.10-2W21	fit	NO MATCH	102758	Mood#Ind|Number#Sing|Person#3|Tense#Pres|VerbForm#Fin|Voice#Pass
005.SCG*LB4.CP--++5.N.-9.1-1.4-3W7	dicatur	NO MATCH	99301	Aspect#Imp|Mood#Sub|Number#Sing|Person#3|Tense#Pres|VerbForm#Fin|Voice#Pass
005.SCG*LB4.CP--++7.N.-4.9-4.10-4W7	dicitur	NO MATCH	99301	Aspect#Imp|Mood#Ind|Number#Sing|Person#3|Tense#Pres|VerbForm#Fin|Voice#Pass
005.SCG*LB3.CP15++8.N.-6.5-4.12-1W5	praedictis	NO MATCH	118832	Aspect#Perf|Case#Abl|Degree#Pos|Gender#Neut|Number#Plur|Tense#Past|VerbForm#Part|Voice#Pass
005.SCG*LB2.CP-7++4.N.-2.13-1.21-2W11	dicit	NO MATCH	99301	Mood#Ind|Number#Sing|Person#3|Tense#Pres|VerbForm#Fin|Voice#Act
005.SCG*LB3.CP14++2.N.-5.9-4.12-5W3	fieret	NO MATCH	102758	Aspect#Imp|Mood#Sub|Number#Sing|Person#3|Tense#Imp|VerbForm#Fin|Voice#Pass
005.SCG*LB1.CP-6++7.N.10.5-5.8-4W13	dicitur	NO MATCH	99301	Mood#Ind|Number#Sing|Person#3|Tense#Pres|VerbForm#Fin|Voice#Pass
005.SCG*LB2.CP-8++9.N.19.5-2.6-5W5	fit	NO MATCH	102758	Mood#Ind|Number#Sing|Person#3|Tense#Pres|VerbForm#Fin|Voice#Pass
005.SCG*LB2.CP-8++2.N.13.7-6.10-1W5	fieret	NO MATCH	102758	Aspect#Imp|Mood#Sub|Number#Sing|Person#3|Tense#Imp|VerbForm#Fin|Voice#Pass
005.SCG*LB4.CP-1++8.N.-7.7-1.12-1W16	dicentis	NO MATCH	99301	Aspect#Imp|Case#Gen|Degree#Pos|Gender#Masc|Number#Sing|Tense#Pres|VerbForm#Part|Voice#Act
005.SCG*LB4.CP-2++9.N.12.3-2.3-6W5	dicetur	NO MATCH	99301	Aspect#Imp|Mood#Ind|Number#Sing|Person#3|Tense#Fut|VerbForm#Fin|Voice#Pass
005.SCG*LB4.CP-6++3.N.10.1-1.6-5W38	dictum	NO MATCH	99301	Aspect#Perf|Case#Nom|Degree#Pos|Gender#Neut|Number#Sing|Tense#Past|VerbForm#Part|Voice#Pass
005.SCG*LB1.CP-1++0.N.-2.5-4.6-4W6	dicimus	NO MATCH	99301	Mood#Ind|Number#Plur|Person#1|Tense#Pres|VerbForm#Fin|Voice#Act
005.SCG*LB2.CP-5++5.N.-3.15-2.18-4W23	fieri	NO MATCH	102758	Tense#Pres|VerbForm#Inf|Voice#Pass
005.SCG*LB4.CP-7++0.N.-8.1-1.3-4W8	dicitur	NO MATCH	99301	Aspect#Imp|Mood#Ind|Number#Sing|Person#3|Tense#Pres|VerbForm#Fin|Voice#Pass
005.SCG*LB3.CP15++6.N.-8.4-5.5-6W10	dicentes	NO MATCH	99301	Case#Nom|Degree#Pos|Gender#Masc|Number#Plur|Tense#Pres|VerbForm#Part|Voice#Act
005.SCG*LB1.CP-9++3.N.12.26-1.27-1W7	dicuntur	NO MATCH	99301	Mood#Ind|Number#Plur|Person#3|Tense#Pres|VerbForm#Fin|Voice#Pass
005.SCG*LB4.CP--++4.N.-2.6-4.6-7W5	dicitur	NO MATCH	99301	Aspect#Imp|Mood#Ind|Number#Sing|Person#3|Tense#Pres|VerbForm#Fin|Voice#Pass
005.SCG*LB4.CP-5++0.N.-3.1-1.4-3W23	dicens	NO MATCH	99301	Aspect#Imp|Case#Nom|Degree#Pos|Gender#Masc|Number#Sing|Tense#Pres|VerbForm#Part|Voice#Act
005.SCG*LB3.CP14++0.N.-4.1-2.3-5W16	praedictis	NO MATCH	118832	Aspect#Perf|Case#Abl|Degree#Pos|Gender#Neut|Number#Plur|Tense#Past|VerbForm#Part|Voice#Pass
005.SCG*LB4.CP-7++0.N.-7.1-1.5-3W9	dicunt	NO MATCH	99301	Aspect#Imp|Mood#Ind|Number#Plur|Person#3|Tense#Pres|VerbForm#Fin|Voice#Act
005.SCG*LB2.CP-5++7.N.-1.1-1.4-3W10	dixerunt	NO MATCH	99301	Aspect#Perf|Mood#Ind|Number#Plur|Person#3|Tense#Past|VerbForm#Fin|Voice#Act
005.SCG*LB4.CP-8++9.N.-4.11-1.18-2W55	subiiciente	NO MATCH	126114	Aspect#Imp|Case#Abl|Degree#Pos|Gender#Masc|Number#Sing|Tense#Pres|VerbForm#Part|Voice#Act
005.SCG*LB3.CP-6++7.N.-4.3-4.6-5W11	dicitur	NO MATCH	99301	Mood#Ind|Number#Sing|Person#3|Tense#Pres|VerbForm#Fin|Voice#Pass
005.SCG*LB4.CP--++8.N.-8.49-4.50-2W5	dicit	NO MATCH	99301	Aspect#Imp|Mood#Ind|Number#Sing|Person#3|Tense#Pres|VerbForm#Fin|Voice#Act
005.SCG*LB4.CP-5++3.N.-5.1-2.3-1W10	convenientius	NO MATCH	96424	Degree#Cmp
005.SCG*LB1.CP-1++5.N.-6.10-2.10-7W3	incoepit	NO MATCH	106965	Aspect#Perf|Mood#Ind|Number#Sing|Person#3|Tense#Past|VerbForm#Fin|Voice#Act
005.SCG*LB4.CP-5++0.N.10.19-3.21-7W14	dicere	NO MATCH	99301	Aspect#Imp|Tense#Pres|VerbForm#Inf|Voice#Act
005.SCG*LB1.CP-1++6.N.-3.4-6.7-3W4	educit	NO MATCH	100588	Mood#Ind|Number#Sing|Person#3|Tense#Pres|VerbForm#Fin|Voice#Act
005.SCG*LB2.CP-3++4.N.-4.9-3.12-2W17	incoepit	NO MATCH	106965	Aspect#Perf|Mood#Ind|Number#Sing|Person#3|Tense#Past|VerbForm#Fin|Voice#Act
005.SCG*LB2.CP-6++0.N.25.5-7.8-8W13	praedictas	NO MATCH	118832	Aspect#Perf|Case#Acc|Degree#Pos|Gender#Fem|Number#Plur|Tense#Past|VerbForm#Part|Voice#Pass
005.SCG*LB2.CP-8++0.N.13.49-1.51-5W14	fit	NO MATCH	102758	Mood#Ind|Number#Sing|Person#3|Tense#Pres|VerbForm#Fin|Voice#Pass
005.SCG*LB4.CP-5++4.N.-1.1-1.5-1W4	diligenter	NO MATCH	99463	Degree#Pos
005.SCG*LB3.CP12++0.N.12.4-1.5-1W4	dicitur	NO MATCH	99301	Mood#Ind|Number#Sing|Person#3|Tense#Pres|VerbForm#Fin|Voice#Pass
005.SCG*LB4.CP-1++2.N.-4.8-3.11-4W15	dicentis	NO MATCH	99301	Aspect#Imp|Case#Gen|Degree#Pos|Gender#Masc|Number#Sing|Tense#Pres|VerbForm#Part|Voice#Act
005.SCG*LB3.CP-4++2.N.-3.1-1.8-3W17	dictum	NO MATCH	99301	Aspect#Perf|Case#Nom|Degree#Pos|Gender#Neut|Number#Sing|Tense#Past|VerbForm#Part|Voice#Pass
005.SCG*LB4.CP--++2.N.-5.28-1.28-4W4	dicitur	NO MATCH	99301	Aspect#Imp|Mood#Ind|Number#Sing|Person#3|Tense#Pres|VerbForm#Fin|Voice#Pass
005.SCG*LB1.CP-4++9.N.-2.3-1.4-1W4	dicimur	NO MATCH	99301	Mood#Ind|Number#Plur|Person#1|Tense#Pres|VerbForm#Fin|Voice#Pass
005.SCG*LB2.CP-6++0.N.10.10-3.13-2W6	dici	NO MATCH	99301	Tense#Pres|VerbForm#Inf|Voice#Pass
005.SCG*LB1.CP-6++6.N.-8.15-6.18-3W7	coexistere	NO MATCH	94708	Tense#Pres|VerbForm#Inf|Voice#Act
005.SCG*LB4.CP-3++2.N.-9.4-3.6-6W5	dicit	NO MATCH	99301	Aspect#Imp|Mood#Ind|Number#Sing|Person#3|Tense#Pres|VerbForm#Fin|Voice#Act
005.SCG*LB4.CP-3++4.N.-9.15-6.17-5W14	dicitur	NO MATCH	99301	Aspect#Imp|Mood#Ind|Number#Sing|Person#3|Tense#Pres|VerbForm#Fin|Voice#Pass
005.SCG*LB2.CP--++4.N.-3.4-1.8-6W17	puta	NO MATCH	120610	
005.SCG*LB3.CP13++4.N.-3.8-3.11-5W15	dicit	NO MATCH	99301	Mood#Ind|Number#Sing|Person#3|Tense#Pres|VerbForm#Fin|Voice#Act
005.SCG*LB2.CP-8++9.N.-8.25-6.29-2W15	perfectiorem	NO MATCH	116821	Aspect#Perf|Case#Acc|Degree#Cmp|Gender#Fem|Number#Sing|Tense#Past|VerbForm#Part|Voice#Pass
005.SCG*LB3.CP13++8.N.-9.1-1.2-7W4	fit	NO MATCH	102758	Mood#Ind|Number#Sing|Person#3|Tense#Pres|VerbForm#Fin|Voice#Pass
005.SCG*LB2.CP-5++8.N.-8.10-1.12-4W11	puta	NO MATCH	120610	
005.SCG*LB2.CP-8++9.N.-8.1-1.11-1W20	fit	NO MATCH	102758	Mood#Ind|Number#Sing|Person#3|Tense#Pres|VerbForm#Fin|Voice#Pass
005.SCG*LB4.CP--++2.N.-2.8-1.9-2W8	dicens	NO MATCH	99301	Aspect#Imp|Case#Nom|Degree#Pos|Gender#Masc|Number#Sing|Tense#Pres|VerbForm#Part|Voice#Act
005.SCG*LB2.CP-7++3.N.39.23-3.30-3W14	dicere	NO MATCH	99301	Tense#Pres|VerbForm#Inf|Voice#Act
005.SCG*LB3.CP--++7.N.-2.1-1.3-7W5	dictum	NO MATCH	99301	Aspect#Perf|Case#Nom|Degree#Pos|Gender#Neut|Number#Sing|Tense#Past|VerbForm#Part|Voice#Pass
005.SCG*LB4.CP-2++3.N.11.23-1.26-7W29	dicitur	NO MATCH	99301	Aspect#Imp|Mood#Ind|Number#Sing|Person#3|Tense#Pres|VerbForm#Fin|Voice#Pass
005.SCG*LB1.CP-4++2.N.-4.1-2.3-1W3	fit	NO MATCH	102758	Mood#Ind|Number#Sing|Person#3|Tense#Pres|VerbForm#Fin|Voice#Pass
005.SCG*LB2.CP-1++5.N.--.1-1.2-1W6	essendi	NO MATCH	126689	Case#Gen|Degree#Pos|Number#Sing|VerbForm#Ger|Voice#Act
005.SCG*LB2.CP-2++1.N.10.1-2.9-1W49	fit	NO MATCH	102758	Mood#Ind|Number#Sing|Person#3|Tense#Pres|VerbForm#Fin|Voice#Pass
005.SCG*LB4.CP-1++6.N.-9.3-2.3-6W1	dicitur	NO MATCH	99301	Aspect#Imp|Mood#Ind|Number#Sing|Person#3|Tense#Pres|VerbForm#Fin|Voice#Pass
005.SCG*LB3.CP-5++5.N.-2.21-4.27-4W23	dicitur	NO MATCH	99301	Mood#Ind|Number#Sing|Person#3|Tense#Pres|VerbForm#Fin|Voice#Pass
005.SCG*LB1.CP--++8.N.-1.12-1.18-6W16	notissima	NO MATCH	113840	Aspect#Perf|Case#Nom|Degree#Sup|Gender#Fem|Number#Sing|Tense#Past|VerbForm#Part|Voice#Pass
005.SCG*LB3.CP-3++8.N.-4.2-2.4-2W2	praedictam	NO MATCH	118832	Aspect#Perf|Case#Acc|Degree#Pos|Gender#Fem|Number#Sing|Tense#Past|VerbForm#Part|Voice#Pass
005.SCG*LB4.CP-7++4.N.-5.5-3.8-3W11	convenienter	NO MATCH	96424	Degree#Pos
005.SCG*LB3.CP--++8.N.13.13-3.15-4W11	dicitur	NO MATCH	99301	Mood#Ind|Number#Sing|Person#3|Tense#Pres|VerbForm#Fin|Voice#Pass
005.SCG*LB2.CP-8++3.N.34.10-4.12-4W8	dixit	NO MATCH	99301	Aspect#Perf|Mood#Ind|Number#Sing|Person#3|Tense#Past|VerbForm#Fin|Voice#Act
005.SCG*LB2.CP-7++0.N.-8.1-1.4-7W4	dictum	NO MATCH	99301	Aspect#Perf|Case#Nom|Degree#Pos|Gender#Neut|Number#Sing|Tense#Past|VerbForm#Part|Voice#Pass
005.SCG*LB1.CP-7++4.N.-3.5-5.9-3W8	volitum	NO MATCH	130745	Aspect#Perf|Case#Nom|Degree#Pos|Gender#Neut|Number#Sing|Tense#Past|VerbForm#Part|VerbType#Mod|Voice#Pass
005.SCG*LB3.CP-8++1.N.-3.1-1.3-7W17	potentius	NO MATCH	118569	Case#Nom|Degree#Cmp|Gender#Neut|Number#Sing|Tense#Pres|VerbForm#Part|VerbType#Mod|Voice#Act
005.SCG*LB2.CP-3++8.N.10.1-1.2-3W4	dicitur	NO MATCH	99301	Mood#Ind|Number#Sing|Person#3|Tense#Pres|VerbForm#Fin|Voice#Pass
005.SCG*LB1.CP-9++1.N.11.7-1.9-6W12	dicentis	NO MATCH	99301	Case#Gen|Degree#Pos|Gender#Masc|Number#Sing|Tense#Pres|VerbForm#Part|Voice#Act
005.SCG*LB1.CP-7++6.N.-6.1-2.3-3W5	volitum	NO MATCH	130745	Aspect#Perf|Case#Nom|Degree#Pos|Gender#Neut|Number#Sing|Tense#Past|VerbForm#Part|VerbType#Mod|Voice#Pass
005.SCG*LB3.CP-6++3.N.-3.24-1.26-3W18	dicuntur	NO MATCH	99301	Mood#Ind|Number#Plur|Person#3|Tense#Pres|VerbForm#Fin|Voice#Pass
005.SCG*LB3.CP14++9.N.-6.12-1.16-5W31	subiectum	NO MATCH	126114	Case#Nom|Degree#Pos|Gender#Neut|Number#Sing
005.SCG*LB3.CP15++0.N.--.1-1.3-3W2	praedictum	NO MATCH	118832	Aspect#Perf|Case#Nom|Degree#Pos|Gender#Neut|Number#Sing|Tense#Past|VerbForm#Part|Voice#Pass
005.SCG*LB3.CP15++1.N.-6.5-3.9-5W10	perfectas	NO MATCH	116821	Case#Acc|Degree#Pos|Gender#Fem|Number#Plur
005.SCG*LB3.CP-9++2.N.-5.17-1.21-6W15	fieri	NO MATCH	102758	Tense#Pres|VerbForm#Inf|Voice#Pass
005.SCG*LB1.CP-7++4.N.-4.1-2.8-4W2	volitum	NO MATCH	130745	Aspect#Perf|Case#Nom|Degree#Pos|Gender#Neut|Number#Sing|Tense#Past|VerbForm#Part|VerbType#Mod|Voice#Pass
005.SCG*LB3.CP-6++2.N.12.1-1.1-6W6	dicitur	NO MATCH	99301	Mood#Ind|Number#Sing|Person#3|Tense#Pres|VerbForm#Fin|Voice#Pass
005.SCG*LB4.CP-1++3.N.-5.1-1.5-3W29	dicentis	NO MATCH	99301	Aspect#Imp|Case#Gen|Degree#Pos|Gender#Masc|Number#Sing|Tense#Pres|VerbForm#Part|Voice#Act
005.SCG*LB4.CP-1++4.N.13.1-1.5-2W4	praedictis	NO MATCH	118832	Aspect#Perf|Case#Abl|Degree#Pos|Gender#Neut|Number#Plur|Tense#Past|VerbForm#Part|Voice#Pass
005.SCG*LB4.CP--++1.N.12.18-3.19-3W3	dicit	NO MATCH	99301	Aspect#Imp|Mood#Ind|Number#Sing|Person#3|Tense#Pres|VerbForm#Fin|Voice#Act
005.SCG*LB4.CP-1++0.N.-4.4-5.9-1W20	fit	NO MATCH	102758	Aspect#Imp|Mood#Ind|Number#Sing|Person#3|Tense#Pres|VerbForm#Fin|Voice#Pass
005.SCG*LB3.CP14++8.N.-7.1-1.1-6W6	dicitur	NO MATCH	99301	Mood#Ind|Number#Sing|Person#3|Tense#Pres|VerbForm#Fin|Voice#Pass
005.SCG*LB2.CP-1++9.N.-5.23-4.27-4W15	fieri	NO MATCH	102758	Tense#Pres|VerbForm#Inf|Voice#Pass
005.SCG*LB1.CP-9++1.N.-9.6-5.9-1W18	praedictum	NO MATCH	118832	Aspect#Perf|Case#Acc|Degree#Pos|Gender#Masc|Number#Sing|Tense#Past|VerbForm#Part|Voice#Pass
005.SCG*LB3.CP-6++1.N.-4.7-7.10-1W3	praedicta	NO MATCH	118832	Aspect#Perf|Case#Nom|Degree#Pos|Gender#Fem|Number#Sing|Tense#Past|VerbForm#Part|Voice#Pass
005.SCG*LB4.CP-3++7.N.-4.5-2.7-3W19	dicuntur	NO MATCH	99301	Aspect#Imp|Mood#Ind|Number#Plur|Person#3|Tense#Pres|VerbForm#Fin|Voice#Pass
005.SCG*LB1.CP-5++9.N.-3.9-1.12-3W8	dici	NO MATCH	99301	Tense#Pres|VerbForm#Inf|Voice#Pass
005.SCG*LB4.CP-8++1.N.-7.26-1.28-7W12	dicitur	NO MATCH	99301	Aspect#Imp|Mood#Ind|Number#Sing|Person#3|Tense#Pres|VerbForm#Fin|Voice#Pass
005.SCG*LB4.CP-8++3.N.21.7-2.12-2W29	dicitur	NO MATCH	99301	Aspect#Imp|Mood#Ind|Number#Sing|Person#3|Tense#Pres|VerbForm#Fin|Voice#Pass
005.SCG*LB3.CP-8++0.N.18.11-1.12-1W9	dicit	NO MATCH	99301	Mood#Ind|Number#Sing|Person#3|Tense#Pres|VerbForm#Fin|Voice#Act
005.SCG*LB1.CP-4++3.N.-2.5-1.7-1W1	dicitur	NO MATCH	99301	Mood#Ind|Number#Sing|Person#3|Tense#Pres|VerbForm#Fin|Voice#Pass
005.SCG*LB3.CP12++3.N.-9.1-1.2-7W4	dicitur	NO MATCH	99301	Mood#Ind|Number#Sing|Person#3|Tense#Pres|VerbForm#Fin|Voice#Pass
005.SCG*LB4.CP--++6.N.14.2-3.8-2W23	dicebant	NO MATCH	99301	Aspect#Imp|Mood#Ind|Number#Plur|Person#3|Tense#Imp|VerbForm#Fin|Voice#Act
005.SCG*LB2.CP-6++8.N.-6.10-1.12-4W5	dicit	NO MATCH	99301	Mood#Ind|Number#Sing|Person#3|Tense#Pres|VerbForm#Fin|Voice#Act
005.SCG*LB2.CP-8++4.N.-6.11-4.15-2W18	praedictae	NO MATCH	118832	Aspect#Perf|Case#Dat|Degree#Pos|Gender#Fem|Number#Sing|Tense#Past|VerbForm#Part|Voice#Pass
005.SCG*LB2.CP-8++2.N.17.16-2.18-3W4	dicit	NO MATCH	99301	Mood#Ind|Number#Sing|Person#3|Tense#Pres|VerbForm#Fin|Voice#Act
005.SCG*LB1.CP-8++9.N.-5.1-2.4-1W8	determinate	NO MATCH	99024	Degree#Pos
005.SCG*LB3.CP--++8.N.12.1-1.2-7W1	dicitur	NO MATCH	99301	Mood#Ind|Number#Sing|Person#3|Tense#Pres|VerbForm#Fin|Voice#Pass
005.SCG*LB2.CP-6++9.N.11.1-1.4-4W22	dictum	NO MATCH	99301	Aspect#Perf|Case#Nom|Degree#Pos|Gender#Neut|Number#Sing|Tense#Past|VerbForm#Part|Voice#Pass
005.SCG*LB4.CP-4++8.N.-3.1-1.5-2W15	fieri	NO MATCH	102758	Aspect#Imp|Tense#Pres|VerbForm#Inf|Voice#Pass
005.SCG*LB3.CP15++7.N.-5.1-1.2-1W4	dicitur	NO MATCH	99301	Mood#Ind|Number#Sing|Person#3|Tense#Pres|VerbForm#Fin|Voice#Pass
005.SCG*LB2.CP-7++3.N.16.1-2.6-3W25	fiant	NO MATCH	102758	Mood#Sub|Number#Plur|Person#3|Tense#Pres|VerbForm#Fin|Voice#Pass
005.SCG*LB4.CP--++5.N.-6.3-3.6-2W7	dicitur	NO MATCH	99301	Aspect#Imp|Mood#Ind|Number#Sing|Person#3|Tense#Pres|VerbForm#Fin|Voice#Pass
005.SCG*LB4.CP--++8.N.-3.31-1.33-6W8	dicta	NO MATCH	99301	Aspect#Perf|Case#Acc|Degree#Pos|Gender#Neut|Number#Plur|Tense#Past|VerbForm#Part|Voice#Pass
005.SCG*LB4.CP-2++4.N.-2.19-4.19-7W1	dicitur	NO MATCH	99301	Aspect#Imp|Mood#Ind|Number#Sing|Person#3|Tense#Pres|VerbForm#Fin|Voice#Pass
005.SCG*LB3.CP-9++3.N.-6.14-4.15-6W9	dicant	NO MATCH	99301	Mood#Sub|Number#Plur|Person#3|Tense#Pres|VerbForm#Fin|Voice#Act
005.SCG*LB4.CP-5++0.N.-8.1-2.1-4W3	dicitur	NO MATCH	99301	Aspect#Imp|Mood#Ind|Number#Sing|Person#3|Tense#Pres|VerbForm#Fin|Voice#Pass
005.SCG*LB1.CP-7++1.N.14.9-6.10-4W3	consequens	NO MATCH	96035	Case#Acc|Degree#Pos|Gender#Neut|Number#Sing|Tense#Pres|VerbForm#Part|Voice#Pass
005.SCG*LB4.CP-3++4.N.-2.1-1.3-5W12	praedicta	NO MATCH	118832	Aspect#Perf|Case#Abl|Degree#Pos|Gender#Fem|Number#Sing|Tense#Past|VerbForm#Part|Voice#Pass
005.SCG*LB2.CP-8++3.N.25.35-3.38-4W6	dicentes	NO MATCH	99301	Case#Nom|Degree#Pos|Gender#Masc|Number#Plur|Tense#Pres|VerbForm#Part|Voice#Act
005.SCG*LB4.CP--++8.N.-3.27-4.28-2W8	dicit	NO MATCH	99301	Aspect#Imp|Mood#Ind|Number#Sing|Person#3|Tense#Pres|VerbForm#Fin|Voice#Act
005.SCG*LB3.CP-6++4.N.-5.1-2.6-4W33	fierent	NO MATCH	102758	Aspect#Imp|Mood#Sub|Number#Plur|Person#3|Tense#Imp|VerbForm#Fin|Voice#Pass
005.SCG*LB4.CP-8++3.N.-3.4-3.5-1W4	cooperante	NO MATCH	96509	Aspect#Imp|Case#Abl|Degree#Pos|Gender#Fem|Number#Sing|Tense#Pres|VerbForm#Part|Voice#Pass
005.SCG*LB2.CP-5++9.N.-1.5-1.8-3W1	dicunt	NO MATCH	99301	Mood#Ind|Number#Plur|Person#3|Tense#Pres|VerbForm#Fin|Voice#Act
005.SCG*LB1.CP-3++0.N.-3.27-6.30-6W8	convenienter	NO MATCH	96424	Degree#Pos
005.SCG*LB4.CP--++2.N.-5.32-1.32-5W3	dicit	NO MATCH	99301	Aspect#Imp|Mood#Ind|Number#Sing|Person#3|Tense#Pres|VerbForm#Fin|Voice#Act
005.SCG*LB2.CP-6++2.N.-1.13-1.18-6W36	fit	NO MATCH	102758	Mood#Ind|Number#Sing|Person#3|Tense#Pres|VerbForm#Fin|Voice#Pass
005.SCG*LB4.CP-2++3.N.12.17-1.19-3W18	dici	NO MATCH	99301	Aspect#Imp|Tense#Pres|VerbForm#Inf|Voice#Pass
005.SCG*LB2.CP-3++2.N.-9.1-2.7-2W10	dicitur	NO MATCH	99301	Mood#Ind|Number#Sing|Person#3|Tense#Pres|VerbForm#Fin|Voice#Pass
005.SCG*LB4.CP-5++2.N.-8.6-1.13-1W10	dicitur	NO MATCH	99301	Aspect#Imp|Mood#Ind|Number#Sing|Person#3|Tense#Pres|VerbForm#Fin|Voice#Pass
005.SCG*LB2.CP-3++0.N.-1.7-3.11-4W16	absoluta	NO MATCH	87018	Case#Abl|Degree#Pos|Gender#Fem|Number#Sing
005.SCG*LB4.CP-1++7.N.23.1-1.4-5W5	praedicta	NO MATCH	118832	Aspect#Perf|Case#Acc|Degree#Pos|Gender#Neut|Number#Plur|Tense#Past|VerbForm#Part|Voice#Pass
005.SCG*LB4.CP-1++6.N.-4.4-2.4-6W1	dicit	NO MATCH	99301	Aspect#Imp|Mood#Ind|Number#Sing|Person#3|Tense#Pres|VerbForm#Fin|Voice#Act
005.SCG*LB3.CP12++6.N.-2.7-5.12-4W33	dictis	NO MATCH	99301	Aspect#Perf|Case#Abl|Degree#Pos|Gender#Neut|Number#Plur|Tense#Past|VerbForm#Part|Voice#Pass
005.SCG*LB2.CP-6++1.N.-1.1-1.7-1W13	dicit	NO MATCH	99301	Mood#Ind|Number#Sing|Person#3|Tense#Pres|VerbForm#Fin|Voice#Act
005.SCG*LB1.CP--++3.N.-6.7-1.9-5W5	excellentissimae	NO MATCH	101840	Case#Gen|Degree#Sup|Gender#Fem|Number#Sing|Tense#Pres|VerbForm#Part|Voice#Act
005.SCG*LB4.CP-5++2.N.-2.1-1.5-2W23	consequentes	NO MATCH	96035	Aspect#Imp|Case#Acc|Degree#Pos|Gender#Masc|Number#Plur|Tense#Pres|VerbForm#Part|Voice#Pass
005.SCG*LB1.CP-4++2.N.19.3-1.8-7W8	dicerent	NO MATCH	99301	Aspect#Imp|Mood#Sub|Number#Plur|Person#3|Tense#Imp|VerbForm#Fin|Voice#Act
005.SCG*LB4.CP--++1.N.12.11-6.12-2W3	dicit	NO MATCH	99301	Aspect#Imp|Mood#Ind|Number#Sing|Person#3|Tense#Pres|VerbForm#Fin|Voice#Act
005.SCG*LB3.CP-9++7.N.14.1-1.3-1W3	fit	NO MATCH	102758	Mood#Ind|Number#Sing|Person#3|Tense#Pres|VerbForm#Fin|Voice#Pass
005.SCG*LB2.CP-8++6.N.-4.1-2.3-6W13	educta	NO MATCH	100588	Aspect#Perf|Case#Nom|Degree#Pos|Gender#Fem|Number#Sing|Tense#Past|VerbForm#Part|Voice#Pass
005.SCG*LB3.CP-4++7.N.-6.38-1.44-6W12	dicit	NO MATCH	99301	Mood#Ind|Number#Sing|Person#3|Tense#Pres|VerbForm#Fin|Voice#Act
005.SCG*LB1.CP-9++3.N.11.10-5.13-3W3	dicit	NO MATCH	99301	Mood#Ind|Number#Sing|Person#3|Tense#Pres|VerbForm#Fin|Voice#Act
005.SCG*LB2.CP-6++1.N.-6.1-1.3-3W15	dicens	NO MATCH	99301	Case#Nom|Degree#Pos|Gender#Masc|Number#Sing|Tense#Pres|VerbForm#Part|Voice#Act
005.SCG*LB2.CP-4++4.N.-1.29-6.36-4W6	dicebat	NO MATCH	99301	Aspect#Imp|Mood#Ind|Number#Sing|Person#3|Tense#Imp|VerbForm#Fin|Voice#Act
005.SCG*LB3.CP-8++1.N.-2.5-2.9-7W2	dicitur	NO MATCH	99301	Mood#Ind|Number#Sing|Person#3|Tense#Pres|VerbForm#Fin|Voice#Pass
005.SCG*LB4.CP-4++1.N.-2.1-1.11-1W6	dicatur	NO MATCH	99301	Aspect#Imp|Mood#Sub|Number#Sing|Person#3|Tense#Pres|VerbForm#Fin|Voice#Pass
005.SCG*LB4.CP-8++7.N.-1.1-1.8-3W8	consequens	NO MATCH	96035	Aspect#Imp|Case#Nom|Degree#Pos|Gender#Neut|Number#Sing|Tense#Pres|VerbForm#Part|Voice#Pass
005.SCG*LB3.CP-4++1.N.-2.18-4.21-5W3	consequens	NO MATCH	96035	Case#Acc|Degree#Pos|Gender#Neut|Number#Sing|Tense#Pres|VerbForm#Part|Voice#Pass
005.SCG*LB3.CP-9++2.N.-2.34-1.38-4W10	praedictum	NO MATCH	118832	Aspect#Perf|Case#Acc|Degree#Pos|Gender#Masc|Number#Sing|Tense#Past|VerbForm#Part|Voice#Pass
005.SCG*LB2.CP-3++9.N.-2.2-5.4-2W10	dicimus	NO MATCH	99301	Mood#Ind|Number#Plur|Person#1|Tense#Pres|VerbForm#Fin|Voice#Act
005.SCG*LB4.CP-1++1.N.19.3-5.5-2W6	dicitur	NO MATCH	99301	Aspect#Imp|Mood#Ind|Number#Sing|Person#3|Tense#Pres|VerbForm#Fin|Voice#Pass
005.SCG*LB3.CP-5++6.N.-6.1-1.5-2W5	praedicta	NO MATCH	118832	Aspect#Perf|Case#Acc|Degree#Pos|Gender#Neut|Number#Plur|Tense#Past|VerbForm#Part|Voice#Pass
005.SCG*LB2.CP-5++4.N.-6.1-1.3-7W13	dici	NO MATCH	99301	Tense#Pres|VerbForm#Inf|Voice#Pass
005.SCG*LB4.CP-9++3.N.-5.9-1.11-1W7	fieri	NO MATCH	102758	Aspect#Imp|Tense#Pres|VerbForm#Inf|Voice#Pass
005.SCG*LB4.CP-7++6.N.-8.14-3.15-2W4	dicat	NO MATCH	99301	Aspect#Imp|Mood#Sub|Number#Sing|Person#3|Tense#Pres|VerbForm#Fin|Voice#Act
005.SCG*LB4.CP-2++4.N.-9.11-1.15-1W15	dicitur	NO MATCH	99301	Aspect#Imp|Mood#Ind|Number#Sing|Person#3|Tense#Pres|VerbForm#Fin|Voice#Pass
005.SCG*LB1.CP-7++5.N.-6.1-2.4-2W21	dictum	NO MATCH	99301	Aspect#Perf|Case#Nom|Degree#Pos|Gender#Neut|Number#Sing|Tense#Past|VerbForm#Part|Voice#Pass
005.SCG*LB3.CP13++1.N.-4.1-2.2-6W9	dictum	NO MATCH	99301	Aspect#Perf|Case#Nom|Degree#Pos|Gender#Neut|Number#Sing|Tense#Past|VerbForm#Part|Voice#Pass
005.SCG*LB1.CP-4++2.N.-9.26-1.32-6W11	essendi	NO MATCH	126689	Case#Gen|Degree#Pos|Number#Sing|VerbForm#Ger|Voice#Act
005.SCG*LB2.CP-5++6.N.-7.13-7.15-6W9	fieri	NO MATCH	102758	Tense#Pres|VerbForm#Inf|Voice#Pass
005.SCG*LB2.CP-7++2.N.-4.8-1.10-4W15	dicuntur	NO MATCH	99301	Mood#Ind|Number#Plur|Person#3|Tense#Pres|VerbForm#Fin|Voice#Pass
005.SCG*LB3.CP-9++2.N.-2.1-1.5-4W1	dicitur	NO MATCH	99301	Mood#Ind|Number#Sing|Person#3|Tense#Pres|VerbForm#Fin|Voice#Pass
005.SCG*LB2.CP-3++8.N.-6.1-2.4-3W18	dicere	NO MATCH	99301	Tense#Pres|VerbForm#Inf|Voice#Act
005.SCG*LB2.CP-7++5.N.-2.27-2.28-6W3	consequens	NO MATCH	96035	Case#Acc|Degree#Pos|Gender#Neut|Number#Sing|Tense#Pres|VerbForm#Part|Voice#Pass
005.SCG*LB4.CP-5++5.N.10.20-1.25-2W3	dicatur	NO MATCH	99301	Aspect#Imp|Mood#Sub|Number#Sing|Person#3|Tense#Pres|VerbForm#Fin|Voice#Pass
005.SCG*LB3.CP12++7.N.-4.9-1.14-5W27	contrariantibus	NO MATCH	96343	Case#Abl|Degree#Pos|Gender#Masc|Number#Plur|Tense#Pres|VerbForm#Part|Voice#Pass
005.SCG*LB2.CP-5++8.N.-3.3-4.5-3W3	dicitur	NO MATCH	99301	Mood#Ind|Number#Sing|Person#3|Tense#Pres|VerbForm#Fin|Voice#Pass
005.SCG*LB4.CP--++4.N.-6.1-1.4-5W6	dicitur	NO MATCH	99301	Aspect#Imp|Mood#Ind|Number#Sing|Person#3|Tense#Pres|VerbForm#Fin|Voice#Pass
005.SCG*LB2.CP--++6.N.-3.6-6.10-4W28	essendi	NO MATCH	126689	Case#Gen|Degree#Pos|Number#Sing|VerbForm#Ger|Voice#Act
005.SCG*LB4.CP--++8.N.10.5-2.8-1W1	dicitur	NO MATCH	99301	Aspect#Imp|Mood#Ind|Number#Sing|Person#3|Tense#Pres|VerbForm#Fin|Voice#Pass
005.SCG*LB1.CP-2++6.N.-8.11-1.12-9W10	dicetur	NO MATCH	99301	Mood#Ind|Number#Sing|Person#3|Tense#Fut|VerbForm#Fin|Voice#Pass
005.SCG*LB2.CP-3++6.N.-2.1-1.4-3W3	essendi	NO MATCH	126689	Case#Gen|Degree#Pos|Number#Sing|VerbForm#Ger|Voice#Act
005.SCG*LB2.CP--++4.N.-4.1-1.3-1W6	dici	NO MATCH	99301	Tense#Pres|VerbForm#Inf|Voice#Pass
005.SCG*LB2.CP-7++8.N.-9.19-1.21-6W4	dixerat	NO MATCH	99301	Aspect#Perf|Mood#Ind|Number#Sing|Person#3|Tense#Pqp|VerbForm#Fin|Voice#Act
005.SCG*LB2.CP-6++9.N.-6.10-3.13-7W23	essendo	NO MATCH	126689	Case#Abl|Degree#Pos|Number#Sing|VerbForm#Ger|Voice#Act
005.SCG*LB2.CP-5++6.N.-7.18-5.21-5W12	fieri	NO MATCH	102758	Tense#Pres|VerbForm#Inf|Voice#Pass
005.SCG*LB3.CP14++9.N.-1.1-1.3-2W2	dictis	NO MATCH	99301	Aspect#Perf|Case#Abl|Degree#Pos|Gender#Neut|Number#Plur|Tense#Past|VerbForm#Part|Voice#Pass
005.SCG*LB2.CP--++1.N.-6.1-1.3-6W10	diximus	NO MATCH	99301	Aspect#Perf|Mood#Ind|Number#Plur|Person#1|Tense#Past|VerbForm#Fin|Voice#Act
005.SCG*LB4.CP--++5.N.-1.13-5.17-3W1	puta	NO MATCH	120610	VerbForm#Fin
005.SCG*LB2.CP-3++7.N.-2.21-1.26-6W23	fieri	NO MATCH	102758	Tense#Pres|VerbForm#Inf|Voice#Pass
005.SCG*LB3.CP-4++3.N.-3.37-2.40-4W7	praedictam	NO MATCH	118832	Aspect#Perf|Case#Acc|Degree#Pos|Gender#Fem|Number#Sing|Tense#Past|VerbForm#Part|Voice#Pass
005.SCG*LB4.CP-3++5.N.14.8-5.11-1W5	dicere	NO MATCH	99301	Aspect#Imp|Tense#Pres|VerbForm#Inf|Voice#Act
005.SCG*LB2.CP-7++7.N.-2.21-6.23-3W4	fit	NO MATCH	102758	Mood#Ind|Number#Sing|Person#3|Tense#Pres|VerbForm#Fin|Voice#Pass
005.SCG*LB1.CP-9++3.N.-7.22-3.23-1W4	affluenter	NO MATCH	88030	Degree#Pos
005.SCG*LB3.CP-5++9.N.-7.8-5.9-5W6	dicitur	NO MATCH	99301	Mood#Ind|Number#Sing|Person#3|Tense#Pres|VerbForm#Fin|Voice#Pass
005.SCG*LB2.CP-4++1.N.12.17-1.18-6W12	dicuntur	NO MATCH	99301	Mood#Ind|Number#Plur|Person#3|Tense#Pres|VerbForm#Fin|Voice#Pass
005.SCG*LB4.CP-1++4.N.-8.6-2.12-1W7	diligenter	NO MATCH	99463	Degree#Pos
005.SCG*LB3.CP-9++4.N.-3.6-3.8-4W5	consequens	NO MATCH	96035	Case#Acc|Degree#Pos|Gender#Neut|Number#Sing|Tense#Pres|VerbForm#Part|Voice#Pass
005.SCG*LB2.CP-7++3.N.15.4-3.7-1W19	consequens	NO MATCH	96035	Case#Nom|Degree#Pos|Gender#Fem|Number#Sing|Tense#Pres|VerbForm#Part|Voice#Pass
005.SCG*LB2.CP--++7.N.-6.1-1.1-6W6	dicitur	NO MATCH	99301	Mood#Ind|Number#Sing|Person#3|Tense#Pres|VerbForm#Fin|Voice#Pass
005.SCG*LB4.CP-8++2.N.11.14-1.16-4W7	dicit	NO MATCH	99301	Aspect#Imp|Mood#Ind|Number#Sing|Person#3|Tense#Pres|VerbForm#Fin|Voice#Act
005.SCG*LB2.CP-3++1.N.-2.41-3.46-2W17	necesse-esse	NO MATCH	126689	Tense#Pres|VerbForm#Inf|Voice#Act
005.SCG*LB2.CP-8++2.N.-3.2-6.5-2W17	dictis	NO MATCH	99301	Aspect#Perf|Case#Abl|Degree#Pos|Gender#Neut|Number#Plur|Tense#Past|VerbForm#Part|Voice#Pass
005.SCG*LB4.CP-5++0.N.-1.4-2.6-2W1	consequens	NO MATCH	96035	Aspect#Imp|Case#Nom|Degree#Pos|Gender#Neut|Number#Sing|Tense#Pres|VerbForm#Part|Voice#Pass
005.SCG*LB4.CP-3++8.N.-1.19-5.25-7W30	dicitur	NO MATCH	99301	Aspect#Imp|Mood#Ind|Number#Sing|Person#3|Tense#Pres|VerbForm#Fin|Voice#Pass
005.SCG*LB3.CP-8++0.N.18.3-1.6-4W5	constituens	NO MATCH	96146	Case#Acc|Degree#Pos|Gender#Masc|Number#Sing|Tense#Pres|VerbForm#Part|Voice#Act
005.SCG*LB4.CP-3++5.N.-7.4-6.7-1W16	fit	NO MATCH	102758	Aspect#Imp|Mood#Ind|Number#Sing|Person#3|Tense#Pres|VerbForm#Fin|Voice#Pass
005.SCG*LB4.CP-3++4.N.-2.56-1.59-3W31	converso	NO MATCH	96446	Case#Abl|Gender#Neut|Number#Sing
005.SCG*LB2.CP-9++4.N.-3.3-2.4-4W6	essendi	NO MATCH	126689	Case#Gen|Degree#Pos|Number#Sing|VerbForm#Ger|Voice#Act
005.SCG*LB4.CP-5++4.N.-4.39-6.40-3W4	dicit	NO MATCH	99301	Aspect#Imp|Mood#Ind|Number#Sing|Person#3|Tense#Pres|VerbForm#Fin|Voice#Act
005.SCG*LB3.CP15++4.N.16.19-4.22-2W3	dicunt	NO MATCH	99301	Mood#Ind|Number#Plur|Person#3|Tense#Pres|VerbForm#Fin|Voice#Act
005.SCG*LB4.CP--++6.N.14.10-1.14-2W14	praedicta	NO MATCH	118832	Aspect#Perf|Case#Abl|Degree#Pos|Gender#Fem|Number#Sing|Tense#Past|VerbForm#Part|Voice#Pass
005.SCG*LB4.CP--++8.N.-3.8-1.10-4W18	dicitur	NO MATCH	99301	Aspect#Imp|Mood#Ind|Number#Sing|Person#3|Tense#Pres|VerbForm#Fin|Voice#Pass
005.SCG*LB3.CP15++1.N.-7.1-1.2-2W5	dicit	NO MATCH	99301	Mood#Ind|Number#Sing|Person#3|Tense#Pres|VerbForm#Fin|Voice#Act
005.SCG*LB3.CP-9++3.N.-5.7-1.9-5W3	dicit	NO MATCH	99301	Mood#Ind|Number#Sing|Person#3|Tense#Pres|VerbForm#Fin|Voice#Act
005.SCG*LB4.CP-5++1.N.-3.1-1.6-3W16	dicere	NO MATCH	99301	Aspect#Imp|Tense#Pres|VerbForm#Inf|Voice#Act
005.SCG*LB4.CP-2++3.N.-7.20-1.24-4W22	dicitur	NO MATCH	99301	Aspect#Imp|Mood#Ind|Number#Sing|Person#3|Tense#Pres|VerbForm#Fin|Voice#Pass
005.SCG*LB4.CP-3++4.N.22.43-3.47-2W8	diceretur	NO MATCH	99301	Aspect#Imp|Mood#Sub|Number#Sing|Person#3|Tense#Imp|VerbForm#Fin|Voice#Pass
005.SCG*LB3.CP-9++7.N.10.7-5.9-5W1	dicitur	NO MATCH	99301	Mood#Ind|Number#Sing|Person#3|Tense#Pres|VerbForm#Fin|Voice#Pass
005.SCG*LB3.CP11++7.N.-6.4-3.10-2W19	puta	NO MATCH	120610	
005.SCG*LB1.CP-7++2.N.-8.4-5.6-2W7	dicitur	NO MATCH	99301	Mood#Ind|Number#Sing|Person#3|Tense#Pres|VerbForm#Fin|Voice#Pass
005.SCG*LB3.CP13++2.N.-2.6-4.10-1W1	dicitur	NO MATCH	99301	Mood#Ind|Number#Sing|Person#3|Tense#Pres|VerbForm#Fin|Voice#Pass
005.SCG*LB2.CP-8++9.N.18.3-1.6-3W15	converso	NO MATCH	96446	Case#Abl|Degree#Pos|Gender#Neut|Number#Sing
005.SCG*LB4.CP-6++9.N.-1.8-7.11-7W4	dicuntur	NO MATCH	99301	Aspect#Imp|Mood#Ind|Number#Plur|Person#3|Tense#Pres|VerbForm#Fin|Voice#Pass
005.SCG*LB2.CP-6++1.N.--.1-1.2-3W2	praedicta	NO MATCH	118832	Aspect#Perf|Case#Nom|Degree#Pos|Gender#Fem|Number#Sing|Tense#Past|VerbForm#Part|Voice#Pass
005.SCG*LB3.CP-9++5.N.20.38-6.42-7W8	fiant	NO MATCH	102758	Mood#Sub|Number#Plur|Person#3|Tense#Pres|VerbForm#Fin|Voice#Pass
005.SCG*LB4.CP-7++4.N.-6.1-1.7-5W23	dictis	NO MATCH	99301	Aspect#Perf|Case#Abl|Degree#Pos|Gender#Neut|Number#Plur|Tense#Past|VerbForm#Part|Voice#Pass
005.SCG*LB4.CP--++4.N.13.5-8.10-4W28	abundantiori	NO MATCH	87053	Aspect#Imp|Case#Abl|Degree#Cmp|Gender#Fem|Number#Sing|Tense#Pres|VerbForm#Part|Voice#Act
005.SCG*LB4.CP--++6.N.-8.3-7.4-4W1	dicit	NO MATCH	99301	Aspect#Imp|Mood#Ind|Number#Sing|Person#3|Tense#Pres|VerbForm#Fin|Voice#Act
005.SCG*LB3.CP11++2.N.12.7-1.8-2W5	dixit	NO MATCH	99301	Aspect#Perf|Mood#Ind|Number#Sing|Person#3|Tense#Past|VerbForm#Fin|Voice#Act
005.SCG*LB4.CP-1++7.N.15.2-4.3-5W3	dicit	NO MATCH	99301	Aspect#Imp|Mood#Ind|Number#Sing|Person#3|Tense#Pres|VerbForm#Fin|Voice#Act
005.SCG*LB2.CP-8++3.N.31.10-1.14-7W4	dicere	NO MATCH	99301	Tense#Pres|VerbForm#Inf|Voice#Act
005.SCG*LB1.CP-8++0.N.-5.6-3.8-1W7	necesse-esse	NO MATCH	126689	Tense#Pres|VerbForm#Inf|Voice#Act
005.SCG*LB1.CP-5++9.N.-2.1-1.6-3W14	dicit	NO MATCH	99301	Mood#Ind|Number#Sing|Person#3|Tense#Pres|VerbForm#Fin|Voice#Act
005.SCG*LB2.CP-6++0.N.10.3-6.6-4W16	dicitur	NO MATCH	99301	Mood#Ind|Number#Sing|Person#3|Tense#Pres|VerbForm#Fin|Voice#Pass
005.SCG*LB1.CP-1++5.N.-6.11-1.12-6W14	incoepit	NO MATCH	106965	Aspect#Perf|Mood#Ind|Number#Sing|Person#3|Tense#Past|VerbForm#Fin|Voice#Act
005.SCG*LB1.CP-9++4.N.-2.11-7.13-5W3	dicit	NO MATCH	99301	Mood#Ind|Number#Sing|Person#3|Tense#Pres|VerbForm#Fin|Voice#Act
005.SCG*LB4.CP-8++3.N.15.3-1.5-1W1	dicitur	NO MATCH	99301	Aspect#Imp|Mood#Ind|Number#Sing|Person#3|Tense#Pres|VerbForm#Fin|Voice#Pass
005.SCG*LB1.CP-7++1.N.11.18-1.20-2W3	dici	NO MATCH	99301	Tense#Pres|VerbForm#Inf|Voice#Pass
005.SCG*LB3.CP--++2.N.-4.8-1.10-4W15	fieri	NO MATCH	102758	Tense#Pres|VerbForm#Inf|Voice#Pass
005.SCG*LB1.CP-4++2.N.-4.1-2.3-1W11	fieri	NO MATCH	102758	Tense#Pres|VerbForm#Inf|Voice#Pass
005.SCG*LB3.CP-6++3.N.-3.47-6.48-1W5	dicitur	NO MATCH	99301	Mood#Ind|Number#Sing|Person#3|Tense#Pres|VerbForm#Fin|Voice#Pass
005.SCG*LB3.CP-7++4.N.-7.1-1.2-1W4	dicitur	NO MATCH	99301	Mood#Ind|Number#Sing|Person#3|Tense#Pres|VerbForm#Fin|Voice#Pass
005.SCG*LB3.CP-2++4.N.-9.1-1.5-5W15	dicantur	NO MATCH	99301	Mood#Sub|Number#Plur|Person#3|Tense#Pres|VerbForm#Fin|Voice#Pass
005.SCG*LB4.CP-2++9.N.-7.15-1.18-1W17	dicitur	NO MATCH	99301	Aspect#Imp|Mood#Ind|Number#Sing|Person#3|Tense#Pres|VerbForm#Fin|Voice#Pass
005.SCG*LB3.CP-2++4.N.-6.1-1.5-3W3	fit	NO MATCH	102758	Mood#Ind|Number#Sing|Person#3|Tense#Pres|VerbForm#Fin|Voice#Pass
005.SCG*LB2.CP-7++5.N.10.16-2.18-5W8	fit	NO MATCH	102758	Mood#Ind|Number#Sing|Person#3|Tense#Pres|VerbForm#Fin|Voice#Pass
005.SCG*LB4.CP-8++3.N.16.18-1.18-5W3	dicit	NO MATCH	99301	Aspect#Imp|Mood#Ind|Number#Sing|Person#3|Tense#Pres|VerbForm#Fin|Voice#Act
005.SCG*LB3.CP-5++6.N.-5.9-6.12-9W19	dicitur	NO MATCH	99301	Mood#Ind|Number#Sing|Person#3|Tense#Pres|VerbForm#Fin|Voice#Pass
005.SCG*LB4.CP--++1.N.11.25-5.26-3W4	dicit	NO MATCH	99301	Aspect#Imp|Mood#Ind|Number#Sing|Person#3|Tense#Pres|VerbForm#Fin|Voice#Act
005.SCG*LB4.CP-5++5.N.-6.47-1.52-1W18	convenienter	NO MATCH	96424	Degree#Pos
005.SCG*LB2.CP-4++3.N.-6.10-2.13-2W13	fieri	NO MATCH	102758	Tense#Pres|VerbForm#Inf|Voice#Pass
005.SCG*LB2.CP-5++8.N.-4.1-1.6-1W3	dicatur	NO MATCH	99301	Mood#Sub|Number#Sing|Person#3|Tense#Pres|VerbForm#Fin|Voice#Pass
005.SCG*LB4.CP-3++5.N.-7.1-1.4-5W1	fit	NO MATCH	102758	Aspect#Imp|Mood#Ind|Number#Sing|Person#3|Tense#Pres|VerbForm#Fin|Voice#Pass
005.SCG*LB4.CP-5++3.N.25.1-1.6-2W4	dicat	NO MATCH	99301	Aspect#Imp|Mood#Sub|Number#Sing|Person#3|Tense#Pres|VerbForm#Fin|Voice#Act
005.SCG*LB3.CP10++4.N.-6.1-2.2-5W5	fit	NO MATCH	102758	Mood#Ind|Number#Sing|Person#3|Tense#Pres|VerbForm#Fin|Voice#Pass
005.SCG*LB2.CP-3++1.N.-2.11-2.14-8W9	necesse-esse	NO MATCH	126689	Tense#Pres|VerbForm#Inf|Voice#Act
005.SCG*LB2.CP-2++8.N.-1.1-1.4-5W4	praedictis	NO MATCH	118832	Aspect#Perf|Case#Abl|Degree#Pos|Gender#Neut|Number#Plur|Tense#Past|VerbForm#Part|Voice#Pass
005.SCG*LB3.CP13++2.N.15.5-1.9-4W17	puta	NO MATCH	120610	
005.SCG*LB2.CP-8++5.N.-4.1-2.3-2W5	fit	NO MATCH	102758	Mood#Ind|Number#Sing|Person#3|Tense#Pres|VerbForm#Fin|Voice#Pass
005.SCG*LB4.CP-2++3.N.-5.11-2.13-3W16	inhabitans	NO MATCH	107838	Aspect#Imp|Case#Acc|Degree#Pos|Gender#Masc|Number#Sing|Tense#Pres|VerbForm#Part|Voice#Act
005.SCG*LB4.CP-2++9.N.-7.26-1.29-2W20	dicuntur	NO MATCH	99301	Aspect#Imp|Mood#Ind|Number#Plur|Person#3|Tense#Pres|VerbForm#Fin|Voice#Pass
005.SCG*LB3.CP-4++3.N.-4.9-2.12-7W22	fieri	NO MATCH	102758	Tense#Pres|VerbForm#Inf|Voice#Pass
005.SCG*LB2.CP-3++2.N.-7.5-1.6-3W8	fit	NO MATCH	102758	Mood#Ind|Number#Sing|Person#3|Tense#Pres|VerbForm#Fin|Voice#Pass
005.SCG*LB3.CP-9++4.N.13.6-2.7-5W10	contingenter	NO MATCH	93415	Degree#Pos
005.SCG*LB3.CP-9++4.N.13.6-2.7-5W10	contingenter	NO MATCH	96293	Degree#Pos
005.SCG*LB3.CP--++8.N.11.15-5.20-3W4	dicitur	NO MATCH	99301	Mood#Ind|Number#Sing|Person#3|Tense#Pres|VerbForm#Fin|Voice#Pass
005.SCG*LB2.CP-7++6.N.-9.3-2.10-1W36	fiant	NO MATCH	102758	Mood#Sub|Number#Plur|Person#3|Tense#Pres|VerbForm#Fin|Voice#Pass
005.SCG*LB4.CP-8++4.N.-1.3-1.7-3W15	dixerunt	NO MATCH	99301	Aspect#Perf|Mood#Ind|Number#Plur|Person#3|Tense#Past|VerbForm#Fin|Voice#Act
005.SCG*LB2.CP-7++8.N.-9.27-6.32-2W28	dicitur	NO MATCH	99301	Mood#Ind|Number#Sing|Person#3|Tense#Pres|VerbForm#Fin|Voice#Pass
005.SCG*LB1.CP-2++9.N.-5.3-5.5-2W4	dicitur	NO MATCH	99301	Mood#Ind|Number#Sing|Person#3|Tense#Pres|VerbForm#Fin|Voice#Pass
005.SCG*LB3.CP-9++4.N.-3.8-5.9-5W3	consequens	NO MATCH	96035	Case#Nom|Degree#Pos|Gender#Neut|Number#Sing|Tense#Pres|VerbForm#Part|Voice#Pass
005.SCG*LB4.CP-4++1.N.11.4-5.6-5W7	fieret	NO MATCH	102758	Aspect#Imp|Mood#Sub|Number#Sing|Person#3|Tense#Imp|VerbForm#Fin|Voice#Pass
005.SCG*LB2.CP-7++3.N.29.6-5.10-7W11	fit	NO MATCH	102758	Mood#Ind|Number#Sing|Person#3|Tense#Pres|VerbForm#Fin|Voice#Pass
005.SCG*LB1.CP-1++0.N.--.1-1.3-4W3	dicentium	NO MATCH	99301	Case#Gen|Degree#Pos|Gender#Masc|Number#Plur|Tense#Pres|VerbForm#Part|Voice#Act
005.SCG*LB3.CP-5++5.N.-4.5-6.8-3W3	fiat	NO MATCH	102758	Mood#Sub|Number#Sing|Person#3|Tense#Pres|VerbForm#Fin|Voice#Pass
005.SCG*LB3.CP-9++5.N.15.15-1.19-6W22	diceretur	NO MATCH	99301	Aspect#Imp|Mood#Sub|Number#Sing|Person#3|Tense#Imp|VerbForm#Fin|Voice#Pass
005.SCG*LB4.CP--++7.N.13.10-3.14-7W20	dicat	NO MATCH	99301	Aspect#Imp|Mood#Sub|Number#Sing|Person#3|Tense#Pres|VerbForm#Fin|Voice#Act
005.SCG*LB3.CP-2++4.N.-8.10-5.14-3W4	dicitur	NO MATCH	99301	Mood#Ind|Number#Sing|Person#3|Tense#Pres|VerbForm#Fin|Voice#Pass
005.SCG*LB4.CP-1++9.N.12.1-1.5-3W19	convenienter	NO MATCH	96424	Degree#Pos
005.SCG*LB2.CP-6++0.N.21.1-1.4-3W14	dicere	NO MATCH	99301	Tense#Pres|VerbForm#Inf|Voice#Act
005.SCG*LB3.CP-9++4.N.-7.1-1.6-3W19	fiat	NO MATCH	102758	Mood#Sub|Number#Sing|Person#3|Tense#Pres|VerbForm#Fin|Voice#Pass
005.SCG*LB4.CP--++3.N.-3.3-2.4-5W11	dicens	NO MATCH	99301	Aspect#Imp|Case#Nom|Degree#Pos|Gender#Masc|Number#Sing|Tense#Pres|VerbForm#Part|Voice#Act
005.SCG*LB4.CP-3++1.N.-3.11-4.17-4W27	dicitur	NO MATCH	99301	Aspect#Imp|Mood#Ind|Number#Sing|Person#3|Tense#Pres|VerbForm#Fin|Voice#Pass
005.SCG*LB3.CP13++6.N.-7.10-4.12-3W5	expresse	NO MATCH	102229	Degree#Pos
005.SCG*LB2.CP-8++3.N.18.1-1.6-4W4	dicatur	NO MATCH	99301	Mood#Sub|Number#Sing|Person#3|Tense#Pres|VerbForm#Fin|Voice#Pass
005.SCG*LB4.CP-3++8.N.-6.1-2.2-2W7	dicit	NO MATCH	99301	Aspect#Imp|Mood#Ind|Number#Sing|Person#3|Tense#Pres|VerbForm#Fin|Voice#Act
005.SCG*LB4.CP-4++7.N.-1.1-1.5-5W15	dici	NO MATCH	99301	Aspect#Imp|Tense#Pres|VerbForm#Inf|Voice#Pass
005.SCG*LB4.CP-6++6.N.-7.10-1.11-2W9	fiunt	NO MATCH	102758	Aspect#Imp|Mood#Ind|Number#Plur|Person#3|Tense#Pres|VerbForm#Fin|Voice#Pass
005.SCG*LB4.CP-1++7.N.-1.9-6.12-1W12	dicit	NO MATCH	99301	Aspect#Imp|Mood#Ind|Number#Sing|Person#3|Tense#Pres|VerbForm#Fin|Voice#Act
005.SCG*LB4.CP-5++4.N.-2.18-1.20-3W3	convenientissimum	NO MATCH	96424	Aspect#Imp|Case#Nom|Degree#Sup|Gender#Neut|Number#Sing|Tense#Pres|VerbForm#Part|Voice#Act
005.SCG*LB2.CP-8++7.N.-3.14-3.17-2W15	fiunt	NO MATCH	102758	Mood#Ind|Number#Plur|Person#3|Tense#Pres|VerbForm#Fin|Voice#Pass
005.SCG*LB4.CP-3++4.N.-7.5-1.8-5W25	dictum	NO MATCH	99301	Aspect#Perf|Case#Nom|Degree#Pos|Gender#Neut|Number#Sing|Tense#Past|VerbForm#Part|Voice#Pass
005.SCG*LB4.CP-8++3.N.-6.17-2.21-3W15	dicentis	NO MATCH	99301	Aspect#Imp|Case#Gen|Degree#Pos|Gender#Masc|Number#Sing|Tense#Pres|VerbForm#Part|Voice#Act
005.SCG*LB4.CP-3++4.N.26.1-2.6-4W36	dicitur	NO MATCH	99301	Aspect#Imp|Mood#Ind|Number#Sing|Person#3|Tense#Pres|VerbForm#Fin|Voice#Pass
005.SCG*LB4.CP-6++2.N.-1.9-1.12-1W18	diceret	NO MATCH	99301	Aspect#Imp|Mood#Sub|Number#Sing|Person#3|Tense#Imp|VerbForm#Fin|Voice#Act
005.SCG*LB4.CP-1++2.N.-1.1-1.6-4W15	consequens	NO MATCH	96035	Aspect#Imp|Case#Nom|Degree#Pos|Gender#Neut|Number#Sing|Tense#Pres|VerbForm#Part|Voice#Pass
005.SCG*LB2.CP-8++2.N.17.5-4.9-2W17	dicitur	NO MATCH	99301	Mood#Ind|Number#Sing|Person#3|Tense#Pres|VerbForm#Fin|Voice#Pass
005.SCG*LB1.CP-2++0.N.29.8-6.10-4W2	praedictus	NO MATCH	118832	Aspect#Perf|Case#Nom|Degree#Pos|Gender#Masc|Number#Sing|Tense#Past|VerbForm#Part|Voice#Pass
005.SCG*LB2.CP-1++7.N.-5.9-5.11-3W14	fit	NO MATCH	102758	Mood#Ind|Number#Sing|Person#3|Tense#Pres|VerbForm#Fin|Voice#Pass
005.SCG*LB2.CP-6++8.N.-2.1-1.5-2W24	dixit	NO MATCH	99301	Aspect#Perf|Mood#Ind|Number#Sing|Person#3|Tense#Past|VerbForm#Fin|Voice#Act
005.SCG*LB2.CP--++2.N.-3.1-1.4-3W14	consequens	NO MATCH	96035	Case#Acc|Degree#Pos|Gender#Neut|Number#Sing|Tense#Pres|VerbForm#Part|Voice#Pass
005.SCG*LB1.CP-7++7.N.-2.2-1.5-4W3	volita	NO MATCH	130745	Aspect#Perf|Case#Nom|Degree#Pos|Gender#Neut|Number#Plur|Tense#Past|VerbForm#Part|VerbType#Mod|Voice#Pass
005.SCG*LB4.CP-1++4.N.10.6-5.8-7W19	dicuntur	NO MATCH	99301	Aspect#Imp|Mood#Ind|Number#Plur|Person#3|Tense#Pres|VerbForm#Fin|Voice#Pass
005.SCG*LB1.CP-3++7.N.-6.1-1.1-6W6	dicitur	NO MATCH	99301	Mood#Ind|Number#Sing|Person#3|Tense#Pres|VerbForm#Fin|Voice#Pass
005.SCG*LB4.CP--++4.N.-3.8-5.12-4W27	dicitur	NO MATCH	99301	Aspect#Imp|Mood#Ind|Number#Sing|Person#3|Tense#Pres|VerbForm#Fin|Voice#Pass
005.SCG*LB4.CP-9++1.N.-4.6-4.8-3W6	convenienter	NO MATCH	96424	Degree#Pos
005.SCG*LB4.CP-3++5.N.14.1-2.3-6W10	dixit	NO MATCH	99301	Aspect#Perf|Mood#Ind|Number#Sing|Person#3|Tense#Past|VerbForm#Fin|Voice#Act
005.SCG*LB3.CP--++8.N.10.40-3.43-2W6	dicitur	NO MATCH	99301	Mood#Ind|Number#Sing|Person#3|Tense#Pres|VerbForm#Fin|Voice#Pass
005.SCG*LB2.CP-8++9.N.-7.12-4.17-5W4	fit	NO MATCH	102758	Mood#Ind|Number#Sing|Person#3|Tense#Pres|VerbForm#Fin|Voice#Pass
005.SCG*LB3.CP13++5.N.17.8-6.14-3W32	fiant	NO MATCH	102758	Mood#Sub|Number#Plur|Person#3|Tense#Pres|VerbForm#Fin|Voice#Pass
005.SCG*LB4.CP--++4.N.12.1-2.3-3W2	praedictam	NO MATCH	118832	Aspect#Perf|Case#Acc|Degree#Pos|Gender#Fem|Number#Sing|Tense#Past|VerbForm#Part|Voice#Pass
005.SCG*LB1.CP-9++1.N.-4.10-3.11-5W3	dicitur	NO MATCH	99301	Mood#Ind|Number#Sing|Person#3|Tense#Pres|VerbForm#Fin|Voice#Pass
005.SCG*LB3.CP-3++8.N.-1.19-1.25-2W45	praedictas	NO MATCH	118832	Aspect#Perf|Case#Acc|Degree#Pos|Gender#Fem|Number#Plur|Tense#Past|VerbForm#Part|Voice#Pass
005.SCG*LB2.CP-1++1.N.-1.1-1.7-4W25	dicitur	NO MATCH	99301	Mood#Ind|Number#Sing|Person#3|Tense#Pres|VerbForm#Fin|Voice#Pass
005.SCG*LB2.CP-4++2.N.11.1-1.4-8W4	praedictis	NO MATCH	118832	Aspect#Perf|Case#Dat|Degree#Pos|Gender#Fem|Number#Plur|Tense#Past|VerbForm#Part|Voice#Pass
005.SCG*LB1.CP-5++9.N.-3.25-3.32-3W34	dicatur	NO MATCH	99301	Mood#Sub|Number#Sing|Person#3|Tense#Pres|VerbForm#Fin|Voice#Pass
005.SCG*LB4.CP--++7.N.13.6-5.10-2W17	dicebat	NO MATCH	99301	Aspect#Imp|Mood#Ind|Number#Sing|Person#3|Tense#Imp|VerbForm#Fin|Voice#Act
005.SCG*LB3.CP11++8.N.-6.1-1.2-1W4	dicitur	NO MATCH	99301	Mood#Ind|Number#Sing|Person#3|Tense#Pres|VerbForm#Fin|Voice#Pass
005.SCG*LB4.CP-5++3.N.-9.5-1.5-5W5	contigisse	NO MATCH	93415	Aspect#Perf|Tense#Past|VerbForm#Inf|Voice#Act
005.SCG*LB1.CP-2++8.N.-7.13-2.16-9W15	eminentius	NO MATCH	100978	Degree#Cmp
005.SCG*LB4.CP-3++4.N.-7.8-6.10-5W10	dicit	NO MATCH	99301	Aspect#Imp|Mood#Ind|Number#Sing|Person#3|Tense#Pres|VerbForm#Fin|Voice#Act
005.SCG*LB3.CP15++7.N.-3.6-2.8-7W15	fit	NO MATCH	102758	Mood#Ind|Number#Sing|Person#3|Tense#Pres|VerbForm#Fin|Voice#Pass
005.SCG*LB3.CP10++4.N.-3.2-5.4-5W11	ratiocinantes	NO MATCH	122358	Case#Nom|Degree#Pos|Gender#Masc|Number#Plur|Tense#Pres|VerbForm#Part|Voice#Pass
005.SCG*LB2.CP-6++0.N.-1.14-2.22-5W23	fiunt	NO MATCH	102758	Mood#Ind|Number#Plur|Person#3|Tense#Pres|VerbForm#Fin|Voice#Pass
005.SCG*LB2.CP-7++2.N.-4.26-2.27-6W5	dicere	NO MATCH	99301	Tense#Pres|VerbForm#Inf|Voice#Act
005.SCG*LB2.CP--++6.N.-4.10-1.11-4W12	essendi	NO MATCH	126689	Case#Gen|Degree#Pos|Number#Sing|VerbForm#Ger|Voice#Act
005.SCG*LB2.CP-6++0.N.-3.10-6.13-5W4	praedictas	NO MATCH	118832	Aspect#Perf|Case#Acc|Degree#Pos|Gender#Fem|Number#Plur|Tense#Past|VerbForm#Part|Voice#Pass
005.SCG*LB3.CP13++5.N.21.3-1.5-1W8	fieret	NO MATCH	102758	Aspect#Imp|Mood#Sub|Number#Sing|Person#3|Tense#Imp|VerbForm#Fin|Voice#Pass
005.SCG*LB2.CP-4++6.N.-5.5-3.9-7W12	essendi	NO MATCH	126689	Case#Gen|Degree#Pos|Number#Sing|VerbForm#Ger|Voice#Act
005.SCG*LB1.CP-2++1.N.-6.3-4.4-6W10	puta	NO MATCH	120610	
005.SCG*LB4.CP-6++6.N.-7.1-1.4-3W4	dicere	NO MATCH	99301	Aspect#Imp|Tense#Pres|VerbForm#Inf|Voice#Act
005.SCG*LB2.CP-7++9.N.-9.1-2.2-5W9	dicit	NO MATCH	99301	Mood#Ind|Number#Sing|Person#3|Tense#Pres|VerbForm#Fin|Voice#Act
005.SCG*LB3.CP10++4.N.-5.15-5.22-2W19	fiat	NO MATCH	102758	Mood#Sub|Number#Sing|Person#3|Tense#Pres|VerbForm#Fin|Voice#Pass
005.SCG*LB4.CP-7++1.N.-5.7-2.10-7W12	sanctificati	NO MATCH	123318	Aspect#Perf|Case#Nom|Degree#Pos|Gender#Masc|Number#Plur|Tense#Past|VerbForm#Part|Voice#Pass
005.SCG*LB2.CP-6++9.N.-8.1-1.5-8W5	dicit	NO MATCH	99301	Mood#Ind|Number#Sing|Person#3|Tense#Pres|VerbForm#Fin|Voice#Act
005.SCG*LB4.CP-2++4.N.-3.10-1.14-4W4	dicat	NO MATCH	99301	Aspect#Imp|Mood#Sub|Number#Sing|Person#3|Tense#Pres|VerbForm#Fin|Voice#Act
005.SCG*LB3.CP-5++4.N.13.8-2.10-4W2	dicitur	NO MATCH	99301	Mood#Ind|Number#Sing|Person#3|Tense#Pres|VerbForm#Fin|Voice#Pass
005.SCG*LB1.CP-1++3.N.19.22-1.25-3W6	fiat	NO MATCH	102758	Mood#Sub|Number#Sing|Person#3|Tense#Pres|VerbForm#Fin|Voice#Pass
005.SCG*LB3.CP15++2.N.-4.7-3.9-4W6	calefit	NO MATCH	92350	Mood#Ind|Number#Sing|Person#3|Tense#Pres|VerbForm#Fin|Voice#Pass
005.SCG*LB3.CP13++1.N.-5.9-1.10-4W7	abiicere	NO MATCH	86884	Tense#Pres|VerbForm#Inf|Voice#Act
005.SCG*LB1.CP-9++3.N.-8.6-1.9-2W21	dictis	NO MATCH	99301	Aspect#Perf|Case#Abl|Degree#Pos|Gender#Neut|Number#Plur|Tense#Past|VerbForm#Part|Voice#Pass
005.SCG*LB4.CP-5++0.N.-6.1-2.5-3W13	dixisset	NO MATCH	99301	Aspect#Perf|Mood#Sub|Number#Sing|Person#3|Tense#Pqp|VerbForm#Fin|Voice#Act
005.SCG*LB2.CP-5++3.N.-5.1-2.2-6W6	fit	NO MATCH	102758	Mood#Ind|Number#Sing|Person#3|Tense#Pres|VerbForm#Fin|Voice#Pass
005.SCG*LB2.CP-1++5.N.-1.1-1.4-5W9	essendi	NO MATCH	126689	Case#Gen|Degree#Pos|Number#Sing|VerbForm#Ger|Voice#Act
005.SCG*LB2.CP-9++8.N.-2.9-4.10-7W11	fit	NO MATCH	102758	Mood#Ind|Number#Sing|Person#3|Tense#Pres|VerbForm#Fin|Voice#Pass
005.SCG*LB4.CP--++6.N.-1.32-1.36-5W9	dicimus	NO MATCH	99301	Aspect#Imp|Mood#Ind|Number#Plur|Person#1|Tense#Pres|VerbForm#Fin|Voice#Act
005.SCG*LB1.CP-8++8.N.-2.1-1.3-4W4	dicitur	NO MATCH	99301	Mood#Ind|Number#Sing|Person#3|Tense#Pres|VerbForm#Fin|Voice#Pass
005.SCG*LB2.CP-8++2.N.19.5-1.6-6W4	dicitur	NO MATCH	99301	Mood#Ind|Number#Sing|Person#3|Tense#Pres|VerbForm#Fin|Voice#Pass
005.SCG*LB4.CP--++8.N.-2.9-4.11-5W4	dicit	NO MATCH	99301	Aspect#Imp|Mood#Ind|Number#Sing|Person#3|Tense#Pres|VerbForm#Fin|Voice#Act
005.SCG*LB4.CP-8++5.N.-6.1-1.2-3W7	dicit	NO MATCH	99301	Aspect#Imp|Mood#Ind|Number#Sing|Person#3|Tense#Pres|VerbForm#Fin|Voice#Act
005.SCG*LB3.CP-6++4.N.-9.14-2.18-3W28	dixisset	NO MATCH	99301	Aspect#Perf|Mood#Sub|Number#Sing|Person#3|Tense#Pqp|VerbForm#Fin|Voice#Act
005.SCG*LB3.CP--++3.N.-5.9-1.10-2W3	dicimus	NO MATCH	99301	Mood#Ind|Number#Plur|Person#1|Tense#Pres|VerbForm#Fin|Voice#Act
005.SCG*LB3.CP-9++7.N.10.11-3.13-5W4	dicitur	NO MATCH	99301	Mood#Ind|Number#Sing|Person#3|Tense#Pres|VerbForm#Fin|Voice#Pass
005.SCG*LB3.CP12++7.N.-1.1-1.3-6W12	fiat	NO MATCH	102758	Mood#Sub|Number#Sing|Person#3|Tense#Pres|VerbForm#Fin|Voice#Pass
005.SCG*LB4.CP--++7.N.21.13-1.14-1W1	dicit	NO MATCH	99301	Aspect#Imp|Mood#Ind|Number#Sing|Person#3|Tense#Pres|VerbForm#Fin|Voice#Act
005.SCG*LB3.CP15++0.N.-4.7-1.10-1W12	consequenter	NO MATCH	96035	Degree#Pos
005.SCG*LB2.CP-3++6.N.-3.1-1.3-3W4	essendi	NO MATCH	126689	Case#Gen|Degree#Pos|Number#Sing|VerbForm#Ger|Voice#Act
005.SCG*LB4.CP--++8.N.-2.11-6.15-5W2	dixit	NO MATCH	99301	Aspect#Perf|Mood#Ind|Number#Sing|Person#3|Tense#Past|VerbForm#Fin|Voice#Act
005.SCG*LB2.CP-7++3.N.22.6-1.8-6W14	fiunt	NO MATCH	102758	Mood#Ind|Number#Plur|Person#3|Tense#Pres|VerbForm#Fin|Voice#Pass
005.SCG*LB4.CP-2++1.N.-6.10-5.11-3W4	praedictam	NO MATCH	118832	Aspect#Perf|Case#Acc|Degree#Pos|Gender#Fem|Number#Sing|Tense#Past|VerbForm#Part|Voice#Pass
005.SCG*LB4.CP-2++6.N.-6.9-3.12-5W22	incoeperat	NO MATCH	106965	Aspect#Perf|Mood#Ind|Number#Sing|Person#3|Tense#Pqp|VerbForm#Fin|Voice#Act
005.SCG*LB4.CP-3++5.N.-4.17-5.20-4W4	dici	NO MATCH	99301	Aspect#Imp|Tense#Pres|VerbForm#Inf|Voice#Pass
005.SCG*LB4.CP--++8.N.-9.52-1.54-4W14	dicens	NO MATCH	99301	Aspect#Imp|Case#Nom|Degree#Pos|Gender#Masc|Number#Sing|Tense#Pres|VerbForm#Part|Voice#Act
005.SCG*LB2.CP-6++2.N.10.5-1.11-1W35	praedictae	NO MATCH	118832	Aspect#Perf|Case#Gen|Degree#Pos|Gender#Fem|Number#Sing|Tense#Past|VerbForm#Part|Voice#Pass
005.SCG*LB2.CP-7++8.N.-9.22-1.23-7W12	fit	NO MATCH	102758	Mood#Ind|Number#Sing|Person#3|Tense#Pres|VerbForm#Fin|Voice#Pass
005.SCG*LB2.CP-4++7.N.-4.27-4.32-5W5	dicantur	NO MATCH	99301	Mood#Sub|Number#Plur|Person#3|Tense#Pres|VerbForm#Fin|Voice#Pass
005.SCG*LB1.CP-2++6.N.11.3-1.10-4W19	fit	NO MATCH	102758	Mood#Ind|Number#Sing|Person#3|Tense#Pres|VerbForm#Fin|Voice#Pass
005.SCG*LB4.CP-3++4.N.27.1-2.3-3W13	dicit	NO MATCH	99301	Aspect#Imp|Mood#Ind|Number#Sing|Person#3|Tense#Pres|VerbForm#Fin|Voice#Act
005.SCG*LB4.CP-3++7.N.--.1-1.3-4W4	dixerunt	NO MATCH	99301	Aspect#Perf|Mood#Ind|Number#Plur|Person#3|Tense#Past|VerbForm#Fin|Voice#Act
005.SCG*LB4.CP-3++4.N.29.2-5.5-8W1	dicit	NO MATCH	99301	Aspect#Imp|Mood#Ind|Number#Sing|Person#3|Tense#Pres|VerbForm#Fin|Voice#Act
005.SCG*LB4.CP--++8.N.-6.37-3.40-6W4	dixerat	NO MATCH	99301	Aspect#Perf|Mood#Ind|Number#Sing|Person#3|Tense#Pqp|VerbForm#Fin|Voice#Act
005.SCG*LB3.CP-4++5.N.-6.17-2.22-4W22	fieri	NO MATCH	102758	Tense#Pres|VerbForm#Inf|Voice#Pass
005.SCG*LB4.CP-2++1.N.-5.15-6.17-3W12	dicuntur	NO MATCH	99301	Aspect#Imp|Mood#Ind|Number#Plur|Person#3|Tense#Pres|VerbForm#Fin|Voice#Pass
005.SCG*LB1.CP-7++4.N.-4.1-2.8-4W11	dicimus	NO MATCH	99301	Mood#Ind|Number#Plur|Person#1|Tense#Pres|VerbForm#Fin|Voice#Act
005.SCG*LB3.CP-8++7.N.-2.7-3.9-6W5	fieri	NO MATCH	102758	Tense#Pres|VerbForm#Inf|Voice#Pass
005.SCG*LB2.CP-8++3.N.18.9-1.12-4W9	dicitur	NO MATCH	99301	Mood#Ind|Number#Sing|Person#3|Tense#Pres|VerbForm#Fin|Voice#Pass
005.SCG*LB2.CP-7++1.N.-1.1-1.7-6W35	dicunt	NO MATCH	99301	Mood#Ind|Number#Plur|Person#3|Tense#Pres|VerbForm#Fin|Voice#Act
005.SCG*LB3.CP-9++4.N.10.45-1.48-2W10	fiat	NO MATCH	102758	Mood#Sub|Number#Sing|Person#3|Tense#Pres|VerbForm#Fin|Voice#Pass
005.SCG*LB4.CP-6++9.N.-4.1-1.3-6W10	dicunt	NO MATCH	99301	Aspect#Imp|Mood#Ind|Number#Plur|Person#3|Tense#Pres|VerbForm#Fin|Voice#Act
005.SCG*LB4.CP-8++4.N.-2.11-1.15-6W24	dicit	NO MATCH	99301	Aspect#Imp|Mood#Ind|Number#Sing|Person#3|Tense#Pres|VerbForm#Fin|Voice#Act
005.SCG*LB1.CP-9++1.N.13.1-1.7-1W2	praedictis	NO MATCH	118832	Aspect#Perf|Case#Abl|Degree#Pos|Gender#Neut|Number#Plur|Tense#Past|VerbForm#Part|Voice#Pass
005.SCG*LB2.CP-7++6.N.11.1-2.5-5W14	consequens	NO MATCH	96035	Case#Acc|Degree#Pos|Gender#Neut|Number#Sing|Tense#Pres|VerbForm#Part|Voice#Pass
005.SCG*LB3.CP10++8.N.-5.1-2.5-1W16	absolute	NO MATCH	87018	Degree#Pos
005.SCG*LB3.CP14++4.N.-2.12-7.17-2W23	dicebant	NO MATCH	99301	Aspect#Imp|Mood#Ind|Number#Plur|Person#3|Tense#Imp|VerbForm#Fin|Voice#Act
005.SCG*LB4.CP-4++8.N.-2.15-2.19-2W19	dicatur	NO MATCH	99301	Aspect#Imp|Mood#Sub|Number#Sing|Person#3|Tense#Pres|VerbForm#Fin|Voice#Pass
005.SCG*LB4.CP-9++1.N.10.1-1.5-8W10	dixisse	NO MATCH	99301	Aspect#Perf|Tense#Past|VerbForm#Inf|Voice#Act
005.SCG*LB2.CP-8++4.N.-7.8-7.15-7W30	dicebat	NO MATCH	99301	Aspect#Imp|Mood#Ind|Number#Sing|Person#3|Tense#Imp|VerbForm#Fin|Voice#Act
005.SCG*LB1.CP-9++3.N.12.1-1.4-2W9	praedictae	NO MATCH	118832	Aspect#Perf|Case#Nom|Degree#Pos|Gender#Fem|Number#Plur|Tense#Past|VerbForm#Part|Voice#Pass
005.SCG*LB3.CP12++7.N.-6.3-6.4-4W4	dicit	NO MATCH	99301	Mood#Ind|Number#Sing|Person#3|Tense#Pres|VerbForm#Fin|Voice#Act
005.SCG*LB2.CP-1++9.N.-4.1-2.3-4W9	fieri	NO MATCH	102758	Tense#Pres|VerbForm#Inf|Voice#Pass
005.SCG*LB2.CP-7++5.N.14.1-1.2-5W5	dicta	NO MATCH	99301	Aspect#Perf|Case#Nom|Degree#Pos|Gender#Neut|Number#Plur|Tense#Past|VerbForm#Part|Voice#Pass
005.SCG*LB4.CP-2++1.N.-4.6-3.7-2W4	dicit	NO MATCH	99301	Aspect#Imp|Mood#Ind|Number#Sing|Person#3|Tense#Pres|VerbForm#Fin|Voice#Act
005.SCG*LB4.CP-2++1.N.-3.1-2.5-6W27	dicitur	NO MATCH	99301	Aspect#Imp|Mood#Ind|Number#Sing|Person#3|Tense#Pres|VerbForm#Fin|Voice#Pass
005.SCG*LB3.CP12++0.N.24.18-2.18-7W2	memento	NO MATCH	111991	Mood#Imp|Number#Sing|Person#2|Tense#Pres|VerbForm#Fin|Voice#Act
005.SCG*LB1.CP-7++9.N.-5.1-1.2-2W6	dictum	NO MATCH	99301	Aspect#Perf|Case#Nom|Degree#Pos|Gender#Neut|Number#Sing|Tense#Past|VerbForm#Part|Voice#Pass
005.SCG*LB4.CP-1++8.N.-5.8-6.9-2W5	dicunt	NO MATCH	99301	Aspect#Imp|Mood#Ind|Number#Plur|Person#3|Tense#Pres|VerbForm#Fin|Voice#Act
005.SCG*LB3.CP--++8.N.-8.20-4.23-1W14	dicitur	NO MATCH	99301	Mood#Ind|Number#Sing|Person#3|Tense#Pres|VerbForm#Fin|Voice#Pass
005.SCG*LB4.CP-1++7.N.12.3-1.3-4W1	dicitur	NO MATCH	99301	Aspect#Imp|Mood#Ind|Number#Sing|Person#3|Tense#Pres|VerbForm#Fin|Voice#Pass
005.SCG*LB3.CP-8++3.N.--.1-1.1-2W2	praedictorum	NO MATCH	118832	Aspect#Perf|Case#Gen|Degree#Pos|Gender#Neut|Number#Plur|Tense#Past|VerbForm#Part|Voice#Pass
005.SCG*LB1.CP-8++5.N.-1.1-1.3-5W2	praedictis	NO MATCH	118832	Aspect#Perf|Case#Abl|Degree#Pos|Gender#Neut|Number#Plur|Tense#Past|VerbForm#Part|Voice#Pass
005.SCG*LB1.CP-5++8.N.-6.7-4.8-5W8	dictis	NO MATCH	99301	Aspect#Perf|Case#Abl|Degree#Pos|Gender#Neut|Number#Plur|Tense#Past|VerbForm#Part|Voice#Pass
005.SCG*LB1.CP-2++0.N.16.1-1.3-3W4	dicendum	NO MATCH	99301	Case#Nom|Degree#Pos|Gender#Neut|Number#Sing|VerbForm#Gdv|Voice#Pass
005.SCG*LB4.CP-2++4.N.12.17-1.18-5W3	dicetur	NO MATCH	99301	Aspect#Imp|Mood#Ind|Number#Sing|Person#3|Tense#Fut|VerbForm#Fin|Voice#Pass
005.SCG*LB2.CP10++0.N.-5.10-4.13-1W3	dicere	NO MATCH	99301	Tense#Pres|VerbForm#Inf|Voice#Act
005.SCG*LB1.CP-8++9.N.-2.4-3.7-1W19	dicta	NO MATCH	99301	Aspect#Perf|Case#Acc|Degree#Pos|Gender#Neut|Number#Plur|Tense#Past|VerbForm#Part|Voice#Pass
005.SCG*LB3.CP-1++0.N.15.9-4.13-3W1	dictum	NO MATCH	99301	Aspect#Perf|Case#Nom|Degree#Pos|Gender#Neut|Number#Sing|Tense#Past|VerbForm#Part|Voice#Pass
005.SCG*LB4.CP-5++5.N.27.1-1.7-4W31	fiunt	NO MATCH	102758	Aspect#Imp|Mood#Ind|Number#Plur|Person#3|Tense#Pres|VerbForm#Fin|Voice#Pass
005.SCG*LB3.CP--++1.N.-6.5-2.11-5W33	dicit	NO MATCH	99301	Mood#Ind|Number#Sing|Person#3|Tense#Pres|VerbForm#Fin|Voice#Act
005.SCG*LB3.CP-8++5.N.17.1-1.3-6W4	dicitur	NO MATCH	99301	Mood#Ind|Number#Sing|Person#3|Tense#Pres|VerbForm#Fin|Voice#Pass
005.SCG*LB3.CP-6++0.N.-5.1-1.2-4W4	dicit	NO MATCH	99301	Mood#Ind|Number#Sing|Person#3|Tense#Pres|VerbForm#Fin|Voice#Act
005.SCG*LB1.CP-6++6.N.-9.1-1.2-6W9	entium	NO MATCH	126689	Case#Gen|Degree#Pos|Gender#Neut|Number#Plur|Tense#Pres|VerbForm#Part|Voice#Act
005.SCG*LB2.CP-8++3.N.18.12-5.15-1W14	essendi	NO MATCH	126689	Case#Gen|Degree#Pos|Number#Sing|VerbForm#Ger|Voice#Act
005.SCG*LB2.CP-5++8.N.-4.21-7.24-1W6	dicendi	NO MATCH	99301	Case#Gen|Degree#Pos|Number#Sing|VerbForm#Ger|Voice#Act
005.SCG*LB4.CP-1++3.N.11.14-5.15-4W3	dicitur	NO MATCH	99301	Aspect#Imp|Mood#Ind|Number#Sing|Person#3|Tense#Pres|VerbForm#Fin|Voice#Pass
005.SCG*LB4.CP-1++7.N.-6.5-4.5-7W5	dicitur	NO MATCH	99301	Aspect#Imp|Mood#Ind|Number#Sing|Person#3|Tense#Pres|VerbForm#Fin|Voice#Pass
005.SCG*LB2.CP-4++0.N.-5.3-3.5-8W5	fit	NO MATCH	102758	Mood#Ind|Number#Sing|Person#3|Tense#Pres|VerbForm#Fin|Voice#Pass
005.SCG*LB4.CP-1++7.N.-9.12-1.14-2W11	dicit	NO MATCH	99301	Aspect#Imp|Mood#Ind|Number#Sing|Person#3|Tense#Pres|VerbForm#Fin|Voice#Act
005.SCG*LB2.CP-7++8.N.-9.25-1.27-5W6	dicit	NO MATCH	99301	Mood#Ind|Number#Sing|Person#3|Tense#Pres|VerbForm#Fin|Voice#Act
005.SCG*LB1.CP-5++9.N.-3.1-2.6-1W5	dicitur	NO MATCH	99301	Mood#Ind|Number#Sing|Person#3|Tense#Pres|VerbForm#Fin|Voice#Pass
005.SCG*LB4.CP-2++9.N.-9.4-1.6-6W1	dicitur	NO MATCH	99301	Aspect#Imp|Mood#Ind|Number#Sing|Person#3|Tense#Pres|VerbForm#Fin|Voice#Pass
005.SCG*LB2.CP-3++5.N.-4.13-5.15-1W5	dictum	NO MATCH	99301	Aspect#Perf|Case#Nom|Degree#Pos|Gender#Neut|Number#Sing|Tense#Past|VerbForm#Part|Voice#Pass
005.SCG*LB4.CP--++3.N.-1.1-1.3-5W4	praedictis	NO MATCH	118832	Aspect#Perf|Case#Abl|Degree#Pos|Gender#Neut|Number#Plur|Tense#Past|VerbForm#Part|Voice#Pass
005.SCG*LB3.CP14++0.N.-3.8-3.11-1W16	praedictis	NO MATCH	118832	Aspect#Perf|Case#Abl|Degree#Pos|Gender#Neut|Number#Plur|Tense#Past|VerbForm#Part|Voice#Pass
005.SCG*LB3.CP13++0.N.-4.2-4.4-5W12	consequens	NO MATCH	96035	Case#Nom|Degree#Pos|Gender#Neut|Number#Sing|Tense#Pres|VerbForm#Part|Voice#Pass
005.SCG*LB1.CP-4++9.N.-6.1-1.3-1W15	dicens	NO MATCH	99301	Case#Nom|Degree#Pos|Gender#Masc|Number#Sing|Tense#Pres|VerbForm#Part|Voice#Act
005.SCG*LB4.CP-3++4.N.-2.74-1.77-6W1	convenienter	NO MATCH	96424	Degree#Pos
005.SCG*LB4.CP-3++4.N.14.10-2.13-6W6	dici	NO MATCH	99301	Aspect#Imp|Tense#Pres|VerbForm#Inf|Voice#Pass
005.SCG*LB2.CP-7++1.N.-1.1-1.7-6W44	dixerunt	NO MATCH	99301	Aspect#Perf|Mood#Ind|Number#Plur|Person#3|Tense#Past|VerbForm#Fin|Voice#Act
005.SCG*LB2.CP-8++9.N.-6.28-1.30-4W10	educeretur	NO MATCH	100588	Aspect#Imp|Mood#Sub|Number#Sing|Person#3|Tense#Imp|VerbForm#Fin|Voice#Pass
005.SCG*LB4.CP--++2.N.-5.4-4.5-3W6	dictum	NO MATCH	99301	Aspect#Perf|Case#Nom|Degree#Pos|Gender#Neut|Number#Sing|Tense#Past|VerbForm#Part|Voice#Pass
005.SCG*LB3.CP-6++5.N.10.17-1.19-2W4	dicunt	NO MATCH	99301	Mood#Ind|Number#Plur|Person#3|Tense#Pres|VerbForm#Fin|Voice#Act
005.SCG*LB3.CP13++5.N.16.5-4.6-4W4	dicit	NO MATCH	99301	Mood#Ind|Number#Sing|Person#3|Tense#Pres|VerbForm#Fin|Voice#Act
005.SCG*LB4.CP-7++7.N.-7.6-1.7-6W3	dixerint	NO MATCH	99301	Aspect#Perf|Mood#Ind|Number#Plur|Person#3|Tense#Fut|VerbForm#Fin|Voice#Act
005.SCG*LB2.CP-1++5.N.-5.1-2.4-3W4	dicitur	NO MATCH	99301	Mood#Ind|Number#Sing|Person#3|Tense#Pres|VerbForm#Fin|Voice#Pass
005.SCG*LB4.CP-3++7.N.-1.9-1.18-2W45	dixerunt	NO MATCH	99301	Aspect#Perf|Mood#Ind|Number#Plur|Person#3|Tense#Past|VerbForm#Fin|Voice#Act
005.SCG*LB4.CP-7++2.N.13.8-1.13-5W43	subiiciat	NO MATCH	126114	Aspect#Imp|Mood#Sub|Number#Sing|Person#3|Tense#Pres|VerbForm#Fin|Voice#Act
005.SCG*LB4.CP-1++1.N.18.71-1.73-7W9	dicente	NO MATCH	99301	Aspect#Imp|Case#Abl|Degree#Pos|Gender#Masc|Number#Sing|Tense#Pres|VerbForm#Part|Voice#Act
005.SCG*LB3.CP14++6.N.-8.14-1.18-2W4	dicit	NO MATCH	99301	Mood#Ind|Number#Sing|Person#3|Tense#Pres|VerbForm#Fin|Voice#Act
005.SCG*LB1.CP-9++2.N.-5.3-5.5-5W9	dicitur	NO MATCH	99301	Mood#Ind|Number#Sing|Person#3|Tense#Pres|VerbForm#Fin|Voice#Pass
005.SCG*LB1.CP-2++6.N.-7.7-1.12-2W20	dicitur	NO MATCH	99301	Mood#Ind|Number#Sing|Person#3|Tense#Pres|VerbForm#Fin|Voice#Pass
005.SCG*LB4.CP--++8.N.-9.1-1.3-3W16	dicat	NO MATCH	99301	Aspect#Imp|Mood#Sub|Number#Sing|Person#3|Tense#Pres|VerbForm#Fin|Voice#Act
005.SCG*LB2.CP-1++3.N.-5.1-1.5-2W15	dicuntur	NO MATCH	99301	Mood#Ind|Number#Plur|Person#3|Tense#Pres|VerbForm#Fin|Voice#Pass
005.SCG*LB3.CP-8++6.N.-6.1-1.8-2W4	dicat	NO MATCH	99301	Mood#Sub|Number#Sing|Person#3|Tense#Pres|VerbForm#Fin|Voice#Act
005.SCG*LB2.CP-7++8.N.-9.2-7.4-3W4	dicit	NO MATCH	99301	Mood#Ind|Number#Sing|Person#3|Tense#Pres|VerbForm#Fin|Voice#Act
005.SCG*LB3.CP15++8.N.-3.6-7.10-2W16	diligenter	NO MATCH	99463	Degree#Pos
005.SCG*LB4.CP--++8.N.11.7-2.9-4W7	dicitur	NO MATCH	99301	Aspect#Imp|Mood#Ind|Number#Sing|Person#3|Tense#Pres|VerbForm#Fin|Voice#Pass
005.SCG*LB3.CP-9++7.N.15.5-2.7-1W12	dicit	NO MATCH	99301	Mood#Ind|Number#Sing|Person#3|Tense#Pres|VerbForm#Fin|Voice#Act
005.SCG*LB4.CP-2++7.N.-2.3-1.3-4W1	dicitur	NO MATCH	99301	Aspect#Imp|Mood#Ind|Number#Sing|Person#3|Tense#Pres|VerbForm#Fin|Voice#Pass
005.SCG*LB3.CP-2++6.N.19.51-1.54-8W6	dicit	NO MATCH	99301	Mood#Ind|Number#Sing|Person#3|Tense#Pres|VerbForm#Fin|Voice#Act
005.SCG*LB3.CP-6++4.N.-9.11-2.14-1W23	dicit	NO MATCH	99301	Mood#Ind|Number#Sing|Person#3|Tense#Pres|VerbForm#Fin|Voice#Act
005.SCG*LB3.CP15++9.N.-1.15-1.18-5W28	expresse	NO MATCH	102229	Degree#Pos
005.SCG*LB4.CP-6++7.N.-4.9-3.12-3W17	diximus	NO MATCH	99301	Aspect#Perf|Mood#Ind|Number#Plur|Person#1|Tense#Past|VerbForm#Fin|Voice#Act
005.SCG*LB4.CP-8++4.N.-2.11-1.15-6W3	dixerunt	NO MATCH	99301	Aspect#Perf|Mood#Ind|Number#Plur|Person#3|Tense#Past|VerbForm#Fin|Voice#Act
005.SCG*LB3.CP-9++9.N.-2.1-1.4-2W18	dictum	NO MATCH	99301	Aspect#Perf|Case#Nom|Degree#Pos|Gender#Neut|Number#Sing|Tense#Past|VerbForm#Part|Voice#Pass
005.SCG*LB2.CP-7++0.N.-2.18-4.22-6W8	expresse	NO MATCH	102229	Degree#Pos
005.SCG*LB4.CP-7++4.N.-1.6-6.9-3W7	fiat	NO MATCH	102758	Aspect#Imp|Mood#Sub|Number#Sing|Person#3|Tense#Pres|VerbForm#Fin|Voice#Pass
005.SCG*LB1.CP-2++0.N.18.1-1.7-2W9	praedictum	NO MATCH	118832	Aspect#Perf|Case#Acc|Degree#Pos|Gender#Masc|Number#Sing|Tense#Past|VerbForm#Part|Voice#Pass
005.SCG*LB3.CP-6++8.N.-3.5-2.7-5W7	dicitur	NO MATCH	99301	Mood#Ind|Number#Sing|Person#3|Tense#Pres|VerbForm#Fin|Voice#Pass
005.SCG*LB3.CP-4++2.N.-7.19-1.22-3W3	dicitur	NO MATCH	99301	Mood#Ind|Number#Sing|Person#3|Tense#Pres|VerbForm#Fin|Voice#Pass
005.SCG*LB1.CP-2++9.N.-5.13-2.14-3W3	convenienter	NO MATCH	96424	Degree#Pos
005.SCG*LB2.CP-2++8.N.12.11-1.16-6W11	dictae	NO MATCH	99301	Aspect#Perf|Case#Gen|Degree#Pos|Gender#Fem|Number#Sing|Tense#Past|VerbForm#Part|Voice#Pass
005.SCG*LB3.CP-8++5.N.-9.6-3.7-5W4	sufficienter	NO MATCH	126601	Degree#Pos
005.SCG*LB4.CP--++8.N.-9.75-3.78-4W10	dicatur	NO MATCH	99301	Aspect#Imp|Mood#Sub|Number#Sing|Person#3|Tense#Pres|VerbForm#Fin|Voice#Pass
005.SCG*LB4.CP-2++5.N.-1.10-7.13-5W17	dicendum	NO MATCH	99301	Aspect#Perf|Case#Nom|Degree#Pos|Gender#Neut|Number#Sing|VerbForm#Gdv|Voice#Pass
005.SCG*LB4.CP-9++3.N.-5.9-1.11-1W14	fieri	NO MATCH	102758	Aspect#Imp|Tense#Pres|VerbForm#Inf|Voice#Pass
005.SCG*LB3.CP-9++2.N.-9.7-1.8-4W7	dicitur	NO MATCH	99301	Mood#Ind|Number#Sing|Person#3|Tense#Pres|VerbForm#Fin|Voice#Pass
005.SCG*LB2.CP-4++4.N.-6.5-9.8-3W15	fit	NO MATCH	102758	Mood#Ind|Number#Sing|Person#3|Tense#Pres|VerbForm#Fin|Voice#Pass
005.SCG*LB2.CP-8++6.N.-4.11-3.12-6W5	educitur	NO MATCH	100588	Mood#Ind|Number#Sing|Person#3|Tense#Pres|VerbForm#Fin|Voice#Pass
005.SCG*LB3.CP12++2.N.-8.18-5.22-2W28	potentior	NO MATCH	118569	Case#Nom|Degree#Cmp|Gender#Fem|Number#Sing|Tense#Pres|VerbForm#Part|VerbType#Mod|Voice#Act
005.SCG*LB4.CP-7++9.N.-7.1-2.4-2W8	dicit	NO MATCH	99301	Aspect#Imp|Mood#Ind|Number#Sing|Person#3|Tense#Pres|VerbForm#Fin|Voice#Act
005.SCG*LB3.CP-9++7.N.-3.9-3.11-7W13	dicit	NO MATCH	99301	Mood#Ind|Number#Sing|Person#3|Tense#Pres|VerbForm#Fin|Voice#Act
005.SCG*LB2.CP-8++3.N.31.10-1.14-7W19	dicere	NO MATCH	99301	Tense#Pres|VerbForm#Inf|Voice#Act
005.SCG*LB4.CP-2++5.N.-1.5-1.8-5W16	dixit	NO MATCH	99301	Aspect#Perf|Mood#Ind|Number#Sing|Person#3|Tense#Past|VerbForm#Fin|Voice#Act
005.SCG*LB2.CP-7++3.N.28.1-1.9-1W6	praedictus	NO MATCH	118832	Aspect#Perf|Case#Nom|Degree#Pos|Gender#Masc|Number#Sing|Tense#Past|VerbForm#Part|Voice#Pass
005.SCG*LB2.CP-7++2.N.-4.4-5.5-3W1	dicitur	NO MATCH	99301	Mood#Ind|Number#Sing|Person#3|Tense#Pres|VerbForm#Fin|Voice#Pass
005.SCG*LB2.CP-9++2.N.-9.4-2.13-3W6	praedictarum	NO MATCH	118832	Aspect#Perf|Case#Gen|Degree#Pos|Gender#Fem|Number#Plur|Tense#Past|VerbForm#Part|Voice#Pass
005.SCG*LB3.CP-7++7.N.-1.3-4.4-3W3	fit	NO MATCH	102758	Mood#Ind|Number#Sing|Person#3|Tense#Pres|VerbForm#Fin|Voice#Pass
005.SCG*LB3.CP-1++8.N.-2.10-4.15-8W16	essendo	NO MATCH	126689	Case#Abl|Degree#Pos|Number#Sing|VerbForm#Ger|Voice#Act
005.SCG*LB1.CP-2++2.N.-5.3-6.4-4W6	necesse-esse	NO MATCH	126689	Tense#Pres|VerbForm#Inf|Voice#Act
005.SCG*LB3.CP-2++0.N.-5.24-1.28-4W16	dicit	NO MATCH	99301	Mood#Ind|Number#Sing|Person#3|Tense#Pres|VerbForm#Fin|Voice#Act
005.SCG*LB3.CP12++2.N.-4.3-1.5-5W1	dictum	NO MATCH	99301	Aspect#Perf|Case#Nom|Degree#Pos|Gender#Neut|Number#Sing|Tense#Past|VerbForm#Part|Voice#Pass
005.SCG*LB1.CP-3++4.N.--.1-1.2-5W9	dicuntur	NO MATCH	99301	Mood#Ind|Number#Plur|Person#3|Tense#Pres|VerbForm#Fin|Voice#Pass
005.SCG*LB3.CP13++0.N.-6.3-3.5-7W6	dicuntur	NO MATCH	99301	Mood#Ind|Number#Plur|Person#3|Tense#Pres|VerbForm#Fin|Voice#Pass
005.SCG*LB3.CP-9++5.N.16.4-2.8-1W3	dicebant	NO MATCH	99301	Aspect#Imp|Mood#Ind|Number#Plur|Person#3|Tense#Imp|VerbForm#Fin|Voice#Act
005.SCG*LB2.CP-7++9.N.13.2-5.5-6W2	dicit	NO MATCH	99301	Mood#Ind|Number#Sing|Person#3|Tense#Pres|VerbForm#Fin|Voice#Act
005.SCG*LB3.CP-8++6.N.14.5-1.6-8W15	fit	NO MATCH	102758	Mood#Ind|Number#Sing|Person#3|Tense#Pres|VerbForm#Fin|Voice#Pass
005.SCG*LB3.CP-9++5.N.16.19-1.20-4W10	dicebant	NO MATCH	99301	Aspect#Imp|Mood#Ind|Number#Plur|Person#3|Tense#Imp|VerbForm#Fin|Voice#Act
005.SCG*LB3.CP13++0.N.-1.1-1.4-3W19	intense	NO MATCH	108382	Aspect#Perf|Case#Abl|Degree#Pos|Gender#Masc|Number#Sing|Tense#Past|VerbForm#Part|Voice#Pass
005.SCG*LB4.CP-3++4.N.25.13-1.16-1W4	dici	NO MATCH	99301	Aspect#Imp|Tense#Pres|VerbForm#Inf|Voice#Pass
005.SCG*LB2.CP-8++2.N.-7.1-1.3-7W9	dicit	NO MATCH	99301	Mood#Ind|Number#Sing|Person#3|Tense#Pres|VerbForm#Fin|Voice#Act
005.SCG*LB2.CP-9++2.N.-5.18-1.21-4W14	consequens	NO MATCH	96035	Case#Nom|Degree#Pos|Gender#Neut|Number#Sing|Tense#Pres|VerbForm#Part|Voice#Pass
005.SCG*LB1.CP-4++2.N.11.5-3.7-3W5	necesse-esse	NO MATCH	126689	Tense#Pres|VerbForm#Inf|Voice#Act
005.SCG*LB2.CP-3++7.N.-2.8-4.12-2W19	fiat	NO MATCH	102758	Mood#Sub|Number#Sing|Person#3|Tense#Pres|VerbForm#Fin|Voice#Pass
005.SCG*LB2.CP-7++3.N.-9.1-1.4-5W16	dicta	NO MATCH	99301	Aspect#Perf|Case#Nom|Degree#Pos|Gender#Fem|Number#Sing|Tense#Past|VerbForm#Part|Voice#Pass
005.SCG*LB1.CP-9++7.N.-3.3-6.9-2W19	dicimus	NO MATCH	99301	Mood#Ind|Number#Plur|Person#1|Tense#Pres|VerbForm#Fin|Voice#Act
005.SCG*LB4.CP-8++3.N.20.4-1.8-1W14	bibit	NO MATCH	130476	Aspect#Perf|Mood#Ind|Number#Sing|Person#3|Tense#Past|VerbForm#Fin|Voice#Act
005.SCG*LB4.CP-7++6.N.-3.12-3.13-3W5	dicatur	NO MATCH	99301	Aspect#Imp|Mood#Sub|Number#Sing|Person#3|Tense#Pres|VerbForm#Fin|Voice#Pass
005.SCG*LB3.CP10++4.N.-7.6-2.8-3W4	fieri	NO MATCH	102758	Tense#Pres|VerbForm#Inf|Voice#Pass
005.SCG*LB4.CP-9++1.N.10.1-1.5-8W7	dicens	NO MATCH	99301	Aspect#Imp|Case#Nom|Degree#Pos|Gender#Masc|Number#Sing|Tense#Pres|VerbForm#Part|Voice#Act
005.SCG*LB2.CP-8++3.N.-2.6-5.8-1W10	dicere	NO MATCH	99301	Tense#Pres|VerbForm#Inf|Voice#Act
005.SCG*LB4.CP-3++7.N.-9.5-1.8-2W15	dicitur	NO MATCH	99301	Aspect#Imp|Mood#Ind|Number#Sing|Person#3|Tense#Pres|VerbForm#Fin|Voice#Pass
005.SCG*LB4.CP-2++4.N.-2.10-5.14-1W21	dixerat	NO MATCH	99301	Aspect#Perf|Mood#Ind|Number#Sing|Person#3|Tense#Pqp|VerbForm#Fin|Voice#Act
005.SCG*LB3.CP-4++1.N.-5.1-1.3-1W3	diligenter	NO MATCH	99463	Degree#Pos
005.SCG*LB2.CP-7++3.N.31.3-5.4-7W8	fixe	NO MATCH	103280	Degree#Pos
005.SCG*LB1.CP-2++8.N.-9.22-1.26-2W7	dicitur	NO MATCH	99301	Mood#Ind|Number#Sing|Person#3|Tense#Pres|VerbForm#Fin|Voice#Pass
005.SCG*LB2.CP-8++9.N.-9.1-1.3-6W9	praedicto	NO MATCH	118832	Aspect#Perf|Case#Abl|Degree#Pos|Gender#Masc|Number#Sing|Tense#Past|VerbForm#Part|Voice#Pass
005.SCG*LB2.CP-2++1.N.10.1-2.9-1W7	fiat	NO MATCH	102758	Mood#Sub|Number#Sing|Person#3|Tense#Pres|VerbForm#Fin|Voice#Pass
005.SCG*LB2.CP-8++6.N.-3.9-8.12-1W5	praedicti	NO MATCH	118832	Aspect#Perf|Case#Gen|Degree#Pos|Gender#Neut|Number#Sing|Tense#Past|VerbForm#Part|Voice#Pass
005.SCG*LB3.CP12++8.N.-2.8-1.8-4W4	dicitur	NO MATCH	99301	Mood#Ind|Number#Sing|Person#3|Tense#Pres|VerbForm#Fin|Voice#Pass
005.SCG*LB4.CP-1++3.N.-7.17-5.18-6W8	dixit	NO MATCH	99301	Aspect#Perf|Mood#Ind|Number#Sing|Person#3|Tense#Past|VerbForm#Fin|Voice#Act
005.SCG*LB4.CP-3++4.N.-8.1-2.4-2W18	dicitur	NO MATCH	99301	Aspect#Imp|Mood#Ind|Number#Sing|Person#3|Tense#Pres|VerbForm#Fin|Voice#Pass
005.SCG*LB1.CP-9++0.N.-4.4-4.6-4W11	praedictis	NO MATCH	118832	Aspect#Perf|Case#Abl|Degree#Pos|Gender#Neut|Number#Plur|Tense#Past|VerbForm#Part|Voice#Pass
005.SCG*LB3.CP-8++4.N.-1.7-1.9-1W12	praedictis	NO MATCH	118832	Aspect#Perf|Case#Abl|Degree#Pos|Gender#Neut|Number#Plur|Tense#Past|VerbForm#Part|Voice#Pass
005.SCG*LB1.CP-2++6.N.10.18-1.23-3W10	dixit	NO MATCH	99301	Aspect#Perf|Mood#Ind|Number#Sing|Person#3|Tense#Past|VerbForm#Fin|Voice#Act
005.SCG*LB3.CP--++2.N.-9.1-1.5-4W23	fiunt	NO MATCH	102758	Mood#Ind|Number#Plur|Person#3|Tense#Pres|VerbForm#Fin|Voice#Pass
005.SCG*LB4.CP-3++4.N.-2.10-7.15-3W34	dicebat	NO MATCH	99301	Aspect#Imp|Mood#Ind|Number#Sing|Person#3|Tense#Imp|VerbForm#Fin|Voice#Act
005.SCG*LB3.CP-5++4.N.11.1-1.5-1W14	praedictum	NO MATCH	118832	Aspect#Perf|Case#Nom|Degree#Pos|Gender#Neut|Number#Sing|Tense#Past|VerbForm#Part|Voice#Pass
005.SCG*LB3.CP-3++1.N.-2.7-6.9-2W10	esse	NO MATCH	126689	Case#Acc|Gender#Neut|Number#Sing
005.SCG*LB2.CP-4++3.N.-4.1-2.2-3W3	fit	NO MATCH	102758	Mood#Ind|Number#Sing|Person#3|Tense#Pres|VerbForm#Fin|Voice#Pass
005.SCG*LB4.CP-5++2.N.-6.59-1.63-2W7	consequens	NO MATCH	96035	Aspect#Imp|Case#Nom|Degree#Pos|Gender#Masc|Number#Sing|Tense#Pres|VerbForm#Part|Voice#Pass
005.SCG*LB4.CP--++6.N.-4.10-1.13-1W12	dominantium	NO MATCH	100058	Aspect#Imp|Case#Gen|Degree#Pos|Gender#Masc|Number#Plur|Tense#Pres|VerbForm#Part|Voice#Pass
005.SCG*LB4.CP--++1.N.11.19-1.22-3W23	signanter	NO MATCH	124766	Degree#Pos
005.SCG*LB1.CP-4++0.N.-3.1-2.6-2W19	dicitur	NO MATCH	99301	Mood#Ind|Number#Sing|Person#3|Tense#Pres|VerbForm#Fin|Voice#Pass
005.SCG*LB3.CP12++0.N.-5.7-6.11-2W19	puta	NO MATCH	120610	
005.SCG*LB3.CP13++9.N.17.18-3.23-4W10	fit	NO MATCH	102758	Mood#Ind|Number#Sing|Person#3|Tense#Pres|VerbForm#Fin|Voice#Pass
005.SCG*LB1.CP-7++0.N.-8.12-2.14-3W12	cognitio	NO MATCH	94738	Aspect#Perf|Case#Abl|Degree#Pos|Gender#Neut|Number#Sing|Tense#Past|VerbForm#Part|Voice#Pass
005.SCG*LB4.CP-4++2.N.-2.10-6.12-3W1	dicit	NO MATCH	99301	Aspect#Imp|Mood#Ind|Number#Sing|Person#3|Tense#Pres|VerbForm#Fin|Voice#Act
005.SCG*LB2.CP-6++1.N.-1.1-1.7-1W21	praedicta	NO MATCH	118832	Aspect#Perf|Case#Nom|Degree#Pos|Gender#Fem|Number#Sing|Tense#Past|VerbForm#Part|Voice#Pass
005.SCG*LB1.CP-1++1.N.-2.7-3.8-4W6	dixerint	NO MATCH	99301	Aspect#Perf|Mood#Sub|Number#Plur|Person#3|Tense#Past|VerbForm#Fin|Voice#Act
005.SCG*LB4.CP-1++4.N.12.6-2.8-5W5	essendi	NO MATCH	126689	Aspect#Perf|Case#Gen|Degree#Pos|Number#Sing|VerbForm#Ger|Voice#Act
005.SCG*LB1.CP-2++5.N.-3.7-6.10-3W24	dictis	NO MATCH	99301	Aspect#Perf|Case#Abl|Degree#Pos|Gender#Neut|Number#Plur|Tense#Past|VerbForm#Part|Voice#Pass
005.SCG*LB2.CP-7++5.N.15.41-1.47-3W37	dicitur	NO MATCH	99301	Mood#Ind|Number#Sing|Person#3|Tense#Pres|VerbForm#Fin|Voice#Pass
005.SCG*LB3.CP-8++0.N.11.20-4.22-6W7	dicuntur	NO MATCH	99301	Mood#Ind|Number#Plur|Person#3|Tense#Pres|VerbForm#Fin|Voice#Pass
005.SCG*LB4.CP-2++4.N.11.35-4.38-7W14	dicere	NO MATCH	99301	Aspect#Imp|Tense#Pres|VerbForm#Inf|Voice#Act
005.SCG*LB4.CP-8++3.N.16.29-2.29-4W4	dicitur	NO MATCH	99301	Aspect#Imp|Mood#Ind|Number#Sing|Person#3|Tense#Pres|VerbForm#Fin|Voice#Pass
005.SCG*LB4.CP-5++2.N.-7.1-1.4-3W6	dicere	NO MATCH	99301	Aspect#Imp|Tense#Pres|VerbForm#Inf|Voice#Act
005.SCG*LB4.CP-8++1.N.10.1-1.7-6W46	consequens	NO MATCH	96035	Aspect#Imp|Case#Nom|Degree#Pos|Gender#Fem|Number#Sing|Tense#Pres|VerbForm#Part|Voice#Pass
005.SCG*LB4.CP-5++0.N.-3.13-3.15-3W3	dicere	NO MATCH	99301	Aspect#Imp|Tense#Pres|VerbForm#Inf|Voice#Act
005.SCG*LB3.CP-1++0.N.-7.16-5.21-4W3	dicitur	NO MATCH	99301	Mood#Ind|Number#Sing|Person#3|Tense#Pres|VerbForm#Fin|Voice#Pass
005.SCG*LB1.CP-4++3.N.-3.7-4.9-1W11	dicuntur	NO MATCH	99301	Mood#Ind|Number#Plur|Person#3|Tense#Pres|VerbForm#Fin|Voice#Pass
005.SCG*LB1.CP-1++3.N.31.1-1.4-3W7	praedictis	NO MATCH	118832	Aspect#Perf|Case#Abl|Degree#Pos|Gender#Fem|Number#Plur|Tense#Past|VerbForm#Part|Voice#Pass
005.SCG*LB2.CP-7++8.N.-6.1-1.3-5W8	dicatur	NO MATCH	99301	Mood#Sub|Number#Sing|Person#3|Tense#Pres|VerbForm#Fin|Voice#Pass
005.SCG*LB2.CP-8++9.N.24.19-1.22-1W10	fieret	NO MATCH	102758	Aspect#Imp|Mood#Sub|Number#Sing|Person#3|Tense#Imp|VerbForm#Fin|Voice#Pass
005.SCG*LB1.CP-3++1.N.-2.8-3.11-3W7	dicitur	NO MATCH	99301	Mood#Ind|Number#Sing|Person#3|Tense#Pres|VerbForm#Fin|Voice#Pass
005.SCG*LB3.CP--++7.N.10.1-1.2-1W6	dicitur	NO MATCH	99301	Mood#Ind|Number#Sing|Person#3|Tense#Pres|VerbForm#Fin|Voice#Pass
005.SCG*LB4.CP-1++6.N.-2.5-1.6-7W1	dicit	NO MATCH	99301	Aspect#Imp|Mood#Ind|Number#Sing|Person#3|Tense#Pres|VerbForm#Fin|Voice#Act
005.SCG*LB3.CP10++5.N.10.7-1.11-4W16	appropriatum	NO MATCH	89645	Aspect#Perf|Case#Nom|Degree#Pos|Gender#Neut|Number#Sing|Tense#Past|VerbForm#Part|Voice#Pass
005.SCG*LB2.CP-4++3.N.-6.15-6.19-6W21	fiunt	NO MATCH	102758	Mood#Ind|Number#Plur|Person#3|Tense#Pres|VerbForm#Fin|Voice#Pass
005.SCG*LB4.CP-5++9.N.-2.5-7.7-4W3	convenienter	NO MATCH	96424	Degree#Pos
005.SCG*LB1.CP--++4.N.-5.9-1.10-4W9	dicuntur	NO MATCH	99301	Mood#Ind|Number#Plur|Person#3|Tense#Pres|VerbForm#Fin|Voice#Pass
005.SCG*LB1.CP-4++2.N.11.23-1.25-3W7	necesse-esse	NO MATCH	126689	Tense#Pres|VerbForm#Inf|Voice#Act
005.SCG*LB3.CP13++0.N.-3.5-2.9-5W1	convenienter	NO MATCH	96424	Degree#Pos
005.SCG*LB1.CP-9++6.N.-7.1-1.2-3W1	dicitur	NO MATCH	99301	Mood#Ind|Number#Sing|Person#3|Tense#Pres|VerbForm#Fin|Voice#Pass
005.SCG*LB2.CP-1++5.N.-2.27-1.29-2W10	essendi	NO MATCH	126689	Case#Gen|Degree#Pos|Number#Sing|VerbForm#Ger|Voice#Act
005.SCG*LB2.CP-5++7.N.14.7-4.9-5W14	fit	NO MATCH	102758	Mood#Ind|Number#Sing|Person#3|Tense#Pres|VerbForm#Fin|Voice#Pass
005.SCG*LB4.CP-1++1.N.16.23-2.25-2W11	dicitur	NO MATCH	99301	Aspect#Imp|Mood#Ind|Number#Sing|Person#3|Tense#Pres|VerbForm#Fin|Voice#Pass
005.SCG*LB2.CP-2++4.N.-5.1-2.4-6W28	dicuntur	NO MATCH	99301	Mood#Ind|Number#Plur|Person#3|Tense#Pres|VerbForm#Fin|Voice#Pass
005.SCG*LB4.CP-1++7.N.-3.8-2.8-7W7	dicitur	NO MATCH	99301	Aspect#Imp|Mood#Ind|Number#Sing|Person#3|Tense#Pres|VerbForm#Fin|Voice#Pass
005.SCG*LB4.CP-7++6.N.-7.4-1.4-3W2	sufficienter	NO MATCH	126601	Degree#Pos
005.SCG*LB4.CP-8++2.N.11.4-6.13-2W18	dicta	NO MATCH	99301	Aspect#Perf|Case#Nom|Degree#Pos|Gender#Fem|Number#Sing|Tense#Past|VerbForm#Part|Voice#Pass
005.SCG*LB3.CP10++2.N.-5.37-4.39-2W9	fieri	NO MATCH	102758	Tense#Pres|VerbForm#Inf|Voice#Pass
005.SCG*LB2.CP-4++3.N.-9.9-2.11-5W4	dicere	NO MATCH	99301	Tense#Pres|VerbForm#Inf|Voice#Act
005.SCG*LB2.CP-9++9.N.-4.13-4.16-5W10	dicit	NO MATCH	99301	Mood#Ind|Number#Sing|Person#3|Tense#Pres|VerbForm#Fin|Voice#Act
005.SCG*LB3.CP15++4.N.17.22-1.24-4W1	dicitur	NO MATCH	99301	Mood#Ind|Number#Sing|Person#3|Tense#Pres|VerbForm#Fin|Voice#Pass
005.SCG*LB1.CP-2++9.N.-2.17-5.19-4W8	dicitur	NO MATCH	99301	Mood#Ind|Number#Sing|Person#3|Tense#Pres|VerbForm#Fin|Voice#Pass
005.SCG*LB3.CP-8++4.N.-2.11-4.13-1W14	dicitur	NO MATCH	99301	Mood#Ind|Number#Sing|Person#3|Tense#Pres|VerbForm#Fin|Voice#Pass
005.SCG*LB4.CP--++6.N.11.3-1.3-4W1	dicit	NO MATCH	99301	Aspect#Imp|Mood#Ind|Number#Sing|Person#3|Tense#Pres|VerbForm#Fin|Voice#Act
005.SCG*LB4.CP-7++4.N.-3.1-1.4-2W4	dicendum	NO MATCH	99301	Aspect#Perf|Case#Nom|Degree#Pos|Gender#Neut|Number#Sing|VerbForm#Gdv|Voice#Pass
005.SCG*LB4.CP-2++3.N.-7.20-1.24-4W15	dictum	NO MATCH	99301	Aspect#Perf|Case#Acc|Degree#Pos|Gender#Neut|Number#Sing|Tense#Past|VerbForm#Part|Voice#Pass
005.SCG*LB3.CP15++4.N.14.42-1.45-2W10	praedicere	NO MATCH	118832	Tense#Pres|VerbForm#Inf|Voice#Act
005.SCG*LB3.CP-6++1.N.-3.2-1.5-4W4	praedictae	NO MATCH	118832	Aspect#Perf|Case#Gen|Degree#Pos|Gender#Fem|Number#Sing|Tense#Past|VerbForm#Part|Voice#Pass
005.SCG*LB4.CP-5++2.N.11.9-4.12-1W8	dicitur	NO MATCH	99301	Aspect#Imp|Mood#Ind|Number#Sing|Person#3|Tense#Pres|VerbForm#Fin|Voice#Pass
005.SCG*LB3.CP-9++4.N.10.45-1.48-2W15	puta	NO MATCH	120610	
005.SCG*LB1.CP-4++4.N.-5.2-5.4-5W6	fiunt	NO MATCH	102758	Mood#Ind|Number#Plur|Person#3|Tense#Pres|VerbForm#Fin|Voice#Pass
005.SCG*LB1.CP-7++9.N.-1.6-3.8-6W9	volitum	NO MATCH	130745	Aspect#Perf|Case#Acc|Degree#Pos|Gender#Neut|Number#Sing|Tense#Past|VerbForm#Part|VerbType#Mod|Voice#Pass
005.SCG*LB1.CP-2++0.N.27.9-6.10-6W7	quietum	NO MATCH	121174	Aspect#Perf|Case#Nom|Degree#Pos|Gender#Neut|Number#Sing|Tense#Past|VerbForm#Part|Voice#Pass
005.SCG*LB4.CP-1++6.N.-5.8-2.11-2W28	fit	NO MATCH	102758	Aspect#Imp|Mood#Ind|Number#Sing|Person#3|Tense#Pres|VerbForm#Fin|Voice#Pass
005.SCG*LB2.CP-3++0.N.14.34-6.36-5W9	fit	NO MATCH	102758	Mood#Ind|Number#Sing|Person#3|Tense#Pres|VerbForm#Fin|Voice#Pass
005.SCG*LB3.CP-4++7.N.-6.12-3.19-5W9	dicuntur	NO MATCH	99301	Mood#Ind|Number#Plur|Person#3|Tense#Pres|VerbForm#Fin|Voice#Pass
005.SCG*LB2.CP-6++0.N.-2.25-5.29-1W11	dicitur	NO MATCH	99301	Mood#Ind|Number#Sing|Person#3|Tense#Pres|VerbForm#Fin|Voice#Pass
005.SCG*LB3.CP-4++3.N.-4.1-1.3-2W7	sufficienter	NO MATCH	126601	Degree#Pos
005.SCG*LB1.CP-4++2.N.18.3-2.3-5W4	dicitur	NO MATCH	99301	Mood#Ind|Number#Sing|Person#3|Tense#Pres|VerbForm#Fin|Voice#Pass
005.SCG*LB4.CP-3++4.N.10.1-1.2-1W3	dicit	NO MATCH	99301	Aspect#Imp|Mood#Ind|Number#Sing|Person#3|Tense#Pres|VerbForm#Fin|Voice#Act
005.SCG*LB2.CP-3++8.N.10.2-4.6-4W23	fieri	NO MATCH	102758	Tense#Pres|VerbForm#Inf|Voice#Pass
005.SCG*LB3.CP-2++2.N.10.1-1.3-4W7	dicitur	NO MATCH	99301	Mood#Ind|Number#Sing|Person#3|Tense#Pres|VerbForm#Fin|Voice#Pass
005.SCG*LB3.CP15++4.N.21.1-1.8-3W25	dictum	NO MATCH	99301	Aspect#Perf|Case#Nom|Degree#Pos|Gender#Neut|Number#Sing|Tense#Past|VerbForm#Part|Voice#Pass
005.SCG*LB2.CP-6++0.N.-3.18-4.20-2W12	praedictam	NO MATCH	118832	Aspect#Perf|Case#Acc|Degree#Pos|Gender#Fem|Number#Sing|Tense#Past|VerbForm#Part|Voice#Pass
005.SCG*LB1.CP-7++0.N.-8.1-1.3-4W4	praedictis	NO MATCH	118832	Aspect#Perf|Case#Abl|Degree#Pos|Gender#Neut|Number#Plur|Tense#Past|VerbForm#Part|Voice#Pass
005.SCG*LB1.CP-6++5.N.-5.3-2.6-5W15	essendi	NO MATCH	126689	Case#Gen|Degree#Pos|Number#Sing|VerbForm#Ger|Voice#Act
005.SCG*LB1.CP-5++9.N.-3.1-2.6-1W32	dicantur	NO MATCH	99301	Mood#Sub|Number#Plur|Person#3|Tense#Pres|VerbForm#Fin|Voice#Pass
005.SCG*LB4.CP-5++5.N.16.27-1.30-6W24	dicamus	NO MATCH	99301	Aspect#Imp|Mood#Sub|Number#Plur|Person#1|Tense#Pres|VerbForm#Fin|Voice#Act
005.SCG*LB3.CP12++3.N.-8.14-5.17-4W13	commansuros	NO MATCH	95066	Case#Acc|Degree#Pos|Gender#Masc|Number#Plur|Tense#Fut|VerbForm#Part|Voice#Act
005.SCG*LB2.CP-7++3.N.36.29-2.33-5W22	exemplato	NO MATCH	101974	Aspect#Perf|Case#Abl|Degree#Pos|Gender#Neut|Number#Sing|Tense#Past|VerbForm#Part|Voice#Pass
005.SCG*LB2.CP-3++0.N.11.9-1.13-2W23	consequens	NO MATCH	96035	Case#Acc|Degree#Pos|Gender#Neut|Number#Sing|Tense#Pres|VerbForm#Part|Voice#Pass
005.SCG*LB4.CP-1++2.N.-2.13-2.14-3W8	dicitur	NO MATCH	99301	Aspect#Imp|Mood#Ind|Number#Sing|Person#3|Tense#Pres|VerbForm#Fin|Voice#Pass
005.SCG*LB2.CP-7++3.N.-4.1-2.6-3W22	dicebant	NO MATCH	99301	Aspect#Imp|Mood#Ind|Number#Plur|Person#3|Tense#Imp|VerbForm#Fin|Voice#Act
005.SCG*LB4.CP-3++5.N.-8.40-2.44-6W34	dixit	NO MATCH	99301	Aspect#Perf|Mood#Ind|Number#Sing|Person#3|Tense#Past|VerbForm#Fin|Voice#Act
005.SCG*LB3.CP--++3.N.-9.1-2.3-7W11	dicitur	NO MATCH	99301	Mood#Ind|Number#Sing|Person#3|Tense#Pres|VerbForm#Fin|Voice#Pass
005.SCG*LB2.CP-5++5.N.13.15-1.16-3W8	essendi	NO MATCH	126689	Case#Gen|Degree#Pos|Number#Sing|VerbForm#Ger|Voice#Act
005.SCG*LB2.CP-2++8.N.-9.5-3.6-5W10	consequens	NO MATCH	96035	Case#Nom|Degree#Pos|Gender#Neut|Number#Sing|Tense#Pres|VerbForm#Part|Voice#Pass
005.SCG*LB1.CP-2++2.N.-7.2-2.4-3W3	dicitur	NO MATCH	99301	Mood#Ind|Number#Sing|Person#3|Tense#Pres|VerbForm#Fin|Voice#Pass
005.SCG*LB2.CP-9++2.N.-3.21-6.22-4W5	dicere	NO MATCH	99301	Tense#Pres|VerbForm#Inf|Voice#Act
005.SCG*LB4.CP--++4.N.14.19-3.21-4W5	fieri	NO MATCH	102758	Aspect#Imp|Tense#Pres|VerbForm#Inf|Voice#Pass
005.SCG*LB3.CP11++7.N.-3.6-2.8-1W13	fiat	NO MATCH	102758	Mood#Sub|Number#Sing|Person#3|Tense#Pres|VerbForm#Fin|Voice#Pass
005.SCG*LB3.CP16++3.N.-3.7-4.14-2W17	fiunt	NO MATCH	102758	Mood#Ind|Number#Plur|Person#3|Tense#Pres|VerbForm#Fin|Voice#Pass
005.SCG*LB4.CP--++8.N.-5.57-2.59-6W5	dicit	NO MATCH	99301	Aspect#Imp|Mood#Ind|Number#Sing|Person#3|Tense#Pres|VerbForm#Fin|Voice#Act
005.SCG*LB2.CP-3++7.N.-5.3-1.5-2W18	fieri	NO MATCH	102758	Tense#Pres|VerbForm#Inf|Voice#Pass
005.SCG*LB4.CP-2++2.N.-3.15-7.17-6W16	dicitur	NO MATCH	99301	Aspect#Imp|Mood#Ind|Number#Sing|Person#3|Tense#Pres|VerbForm#Fin|Voice#Pass
005.SCG*LB2.CP-8++7.N.-1.1-1.3-4W5	dicta	NO MATCH	99301	Aspect#Perf|Case#Nom|Degree#Pos|Gender#Neut|Number#Plur|Tense#Past|VerbForm#Part|Voice#Pass
005.SCG*LB3.CP-2++5.N.-4.1-1.3-5W4	dicere	NO MATCH	99301	Tense#Pres|VerbForm#Inf|Voice#Act
005.SCG*LB3.CP-5++5.N.-2.5-1.6-4W9	praedicti	NO MATCH	118832	Aspect#Perf|Case#Gen|Degree#Pos|Gender#Neut|Number#Sing|Tense#Past|VerbForm#Part|Voice#Pass
005.SCG*LB1.CP-4++9.N.-4.1-2.4-3W15	dici	NO MATCH	99301	Tense#Pres|VerbForm#Inf|Voice#Pass
005.SCG*LB1.CP-1++5.N.-6.8-3.10-1W5	incoepit	NO MATCH	106965	Aspect#Perf|Mood#Ind|Number#Sing|Person#3|Tense#Past|VerbForm#Fin|Voice#Act
005.SCG*LB3.CP-8++0.N.-3.1-1.10-2W30	sanctificatae	NO MATCH	123318	Aspect#Perf|Case#Nom|Degree#Pos|Gender#Fem|Number#Plur|Tense#Past|VerbForm#Part|Voice#Pass
005.SCG*LB1.CP-8++8.N.-3.5-2.8-4W5	dicitur	NO MATCH	99301	Mood#Ind|Number#Sing|Person#3|Tense#Pres|VerbForm#Fin|Voice#Pass
005.SCG*LB4.CP-7++1.N.-5.4-3.7-1W1	dicit	NO MATCH	99301	Aspect#Imp|Mood#Ind|Number#Sing|Person#3|Tense#Pres|VerbForm#Fin|Voice#Act
005.SCG*LB1.CP-9++1.N.-9.9-2.14-2W12	dicimur	NO MATCH	99301	Mood#Ind|Number#Plur|Person#1|Tense#Pres|VerbForm#Fin|Voice#Pass
005.SCG*LB3.CP15++8.N.-5.15-5.17-2W5	dicetur	NO MATCH	99301	Mood#Ind|Number#Sing|Person#3|Tense#Fut|VerbForm#Fin|Voice#Pass
005.SCG*LB2.CP-8++5.N.-4.1-2.3-2W14	fit	NO MATCH	102758	Mood#Ind|Number#Sing|Person#3|Tense#Pres|VerbForm#Fin|Voice#Pass
005.SCG*LB1.CP-3++6.N.-2.1-1.5-4W14	dictum	NO MATCH	99301	Aspect#Perf|Case#Nom|Degree#Pos|Gender#Neut|Number#Sing|Tense#Past|VerbForm#Part|Voice#Pass
005.SCG*LB4.CP-1++7.N.23.12-5.16-2W11	dixerat	NO MATCH	99301	Aspect#Perf|Mood#Ind|Number#Sing|Person#3|Tense#Pqp|VerbForm#Fin|Voice#Act
005.SCG*LB4.CP-2++3.N.12.9-1.14-6W36	diceretur	NO MATCH	99301	Aspect#Imp|Mood#Sub|Number#Sing|Person#3|Tense#Imp|VerbForm#Fin|Voice#Pass
005.SCG*LB2.CP-1++9.N.-6.1-2.4-3W12	convenienter	NO MATCH	96424	Degree#Pos
005.SCG*LB3.CP-3++9.N.-2.11-4.15-2W2	praedictam	NO MATCH	118832	Aspect#Perf|Case#Acc|Degree#Pos|Gender#Fem|Number#Sing|Tense#Past|VerbForm#Part|Voice#Pass
005.SCG*LB1.CP-1++3.N.22.3-6.6-4W4	praedicta	NO MATCH	118832	Aspect#Perf|Case#Nom|Degree#Pos|Gender#Neut|Number#Plur|Tense#Past|VerbForm#Part|Voice#Pass
005.SCG*LB4.CP-8++1.N.-9.7-4.10-5W5	praedictas	NO MATCH	118832	Aspect#Perf|Case#Acc|Degree#Pos|Gender#Fem|Number#Plur|Tense#Past|VerbForm#Part|Voice#Pass
005.SCG*LB2.CP-3++0.N.11.6-1.8-6W19	essendi	NO MATCH	126689	Case#Gen|Degree#Pos|Number#Sing|VerbForm#Ger|Voice#Act
005.SCG*LB4.CP-8++7.N.-3.4-5.6-6W6	fiet	NO MATCH	102758	Aspect#Imp|Mood#Ind|Number#Sing|Person#3|Tense#Fut|VerbForm#Fin|Voice#Pass
005.SCG*LB3.CP-8++2.N.-1.3-4.7-2W20	dictum	NO MATCH	99301	Aspect#Perf|Case#Nom|Degree#Pos|Gender#Neut|Number#Sing|Tense#Past|VerbForm#Part|Voice#Pass
005.SCG*LB2.CP-5++8.N.-4.1-1.6-1W7	praedictis	NO MATCH	118832	Aspect#Perf|Case#Abl|Degree#Pos|Gender#Fem|Number#Plur|Tense#Past|VerbForm#Part|Voice#Pass
005.SCG*LB2.CP-7++3.N.15.7-2.11-1W26	praedictus	NO MATCH	118832	Aspect#Perf|Case#Nom|Degree#Pos|Gender#Masc|Number#Sing|Tense#Past|VerbForm#Part|Voice#Pass
005.SCG*LB2.CP-7++2.N.-4.12-4.16-2W7	dicta	NO MATCH	99301	Aspect#Perf|Case#Nom|Degree#Pos|Gender#Fem|Number#Sing|Tense#Past|VerbForm#Part|Voice#Pass
005.SCG*LB1.CP-7++9.N.-2.1-2.2-5W4	volita	NO MATCH	130745	Aspect#Perf|Case#Acc|Degree#Pos|Gender#Neut|Number#Plur|Tense#Past|VerbForm#Part|VerbType#Mod|Voice#Pass
005.SCG*LB4.CP-7++5.N.-2.10-1.17-1W7	dictum	NO MATCH	99301	Aspect#Perf|Case#Nom|Degree#Pos|Gender#Neut|Number#Sing|Tense#Past|VerbForm#Part|Voice#Pass
005.SCG*LB4.CP--++5.N.12.5-4.8-2W12	dicuntur	NO MATCH	99301	Aspect#Imp|Mood#Ind|Number#Plur|Person#3|Tense#Pres|VerbForm#Fin|Voice#Pass
005.SCG*LB1.CP-3++1.N.-2.26-5.30-3W3	dicitur	NO MATCH	99301	Mood#Ind|Number#Sing|Person#3|Tense#Pres|VerbForm#Fin|Voice#Pass
005.SCG*LB3.CP-8++7.N.-5.7-1.9-9W16	dicta	NO MATCH	99301	Aspect#Perf|Case#Nom|Degree#Pos|Gender#Neut|Number#Plur|Tense#Past|VerbForm#Part|Voice#Pass
005.SCG*LB3.CP--++8.N.11.11-1.15-4W11	dicit	NO MATCH	99301	Mood#Ind|Number#Sing|Person#3|Tense#Pres|VerbForm#Fin|Voice#Act
005.SCG*LB3.CP10++4.N.-6.6-5.11-1W4	fieri	NO MATCH	102758	Tense#Pres|VerbForm#Inf|Voice#Pass
005.SCG*LB4.CP-3++5.N.-5.6-5.10-1W12	dicitur	NO MATCH	99301	Aspect#Imp|Mood#Ind|Number#Sing|Person#3|Tense#Pres|VerbForm#Fin|Voice#Pass
005.SCG*LB4.CP-7++6.N.-7.1-1.3-6W4	dicat	NO MATCH	99301	Aspect#Imp|Mood#Sub|Number#Sing|Person#3|Tense#Pres|VerbForm#Fin|Voice#Act
005.SCG*LB3.CP10++2.N.-5.25-6.31-4W12	fieri	NO MATCH	102758	Tense#Pres|VerbForm#Inf|Voice#Pass
005.SCG*LB4.CP-3++4.N.-6.5-6.7-6W15	fieret	NO MATCH	102758	Aspect#Imp|Mood#Sub|Number#Sing|Person#3|Tense#Imp|VerbForm#Fin|Voice#Pass
005.SCG*LB1.CP-5++3.N.-1.1-1.4-1W9	diligenter	NO MATCH	99463	Degree#Pos
005.SCG*LB4.CP-8++3.N.13.5-1.12-6W24	dicunt	NO MATCH	99301	Aspect#Imp|Mood#Ind|Number#Plur|Person#3|Tense#Pres|VerbForm#Fin|Voice#Act
005.SCG*LB4.CP-3++4.N.28.1-2.5-5W11	dicitur	NO MATCH	99301	Aspect#Imp|Mood#Ind|Number#Sing|Person#3|Tense#Pres|VerbForm#Fin|Voice#Pass
005.SCG*LB4.CP-5++5.N.10.37-2.38-3W4	subito	NO MATCH	126085	
005.SCG*LB1.CP-5++5.N.-2.13-4.16-3W5	essendi	NO MATCH	126689	Case#Gen|Degree#Pos|Number#Sing|VerbForm#Ger|Voice#Act
005.SCG*LB2.CP-7++9.N.-7.5-3.7-4W13	consequens	NO MATCH	96035	Case#Acc|Degree#Pos|Gender#Neut|Number#Sing|Tense#Pres|VerbForm#Part|Voice#Pass
005.SCG*LB3.CP--++8.N.10.8-4.13-3W20	dicitur	NO MATCH	99301	Mood#Ind|Number#Sing|Person#3|Tense#Pres|VerbForm#Fin|Voice#Pass
005.SCG*LB1.CP-6++4.N.-1.1-1.5-5W15	diligenter	NO MATCH	99463	Degree#Pos
005.SCG*LB1.CP-6++7.N.-8.12-2.16-1W2	consequens	NO MATCH	96035	Case#Acc|Degree#Pos|Gender#Neut|Number#Sing|Tense#Pres|VerbForm#Part|Voice#Pass
005.SCG*LB2.CP-8++8.N.-3.8-5.14-2W27	dicatur	NO MATCH	99301	Mood#Sub|Number#Sing|Person#3|Tense#Pres|VerbForm#Fin|Voice#Pass
005.SCG*LB2.CP-9++8.N.-9.22-2.27-2W29	dictum	NO MATCH	99301	Aspect#Perf|Case#Nom|Degree#Pos|Gender#Neut|Number#Sing|Tense#Past|VerbForm#Part|Voice#Pass
005.SCG*LB3.CP12++0.N.-3.1-1.5-2W16	dicebant	NO MATCH	99301	Aspect#Imp|Mood#Ind|Number#Plur|Person#3|Tense#Imp|VerbForm#Fin|Voice#Act
005.SCG*LB4.CP-7++3.N.-2.22-1.31-3W42	praedicta	NO MATCH	118832	Aspect#Perf|Case#Nom|Degree#Pos|Gender#Fem|Number#Sing|Tense#Past|VerbForm#Part|Voice#Pass
005.SCG*LB4.CP-3++5.N.-8.13-1.15-1W13	fieri	NO MATCH	102758	Aspect#Imp|Tense#Pres|VerbForm#Inf|Voice#Pass
005.SCG*LB3.CP11++7.N.-3.6-2.8-1W7	fit	NO MATCH	102758	Mood#Ind|Number#Sing|Person#3|Tense#Pres|VerbForm#Fin|Voice#Pass
005.SCG*LB4.CP-6++3.N.-8.14-5.16-1W9	praedictam	NO MATCH	118832	Aspect#Perf|Case#Acc|Degree#Pos|Gender#Fem|Number#Sing|Tense#Past|VerbForm#Part|Voice#Pass
005.SCG*LB4.CP-3++4.N.-6.3-3.5-5W3	diceret	NO MATCH	99301	Aspect#Imp|Mood#Sub|Number#Sing|Person#3|Tense#Imp|VerbForm#Fin|Voice#Act
005.SCG*LB3.CP11++4.N.-1.13-3.13-6W3	dicimus	NO MATCH	99301	Mood#Ind|Number#Plur|Person#1|Tense#Pres|VerbForm#Fin|Voice#Act
005.SCG*LB1.CP-1++1.N.-1.20-2.23-1W9	notissima	NO MATCH	113840	Aspect#Perf|Case#Nom|Degree#Sup|Gender#Neut|Number#Plur|Tense#Past|VerbForm#Part|Voice#Pass
005.SCG*LB1.CP10++2.N.-4.6-5.8-5W13	praedictis	NO MATCH	118832	Aspect#Perf|Case#Abl|Degree#Pos|Gender#Neut|Number#Plur|Tense#Past|VerbForm#Part|Voice#Pass
005.SCG*LB1.CP-2++1.N.-4.22-4.23-6W9	dicatur	NO MATCH	99301	Mood#Sub|Number#Sing|Person#3|Tense#Pres|VerbForm#Fin|Voice#Pass
005.SCG*LB3.CP-5++2.N.-7.1-1.1-6W6	dicitur	NO MATCH	99301	Mood#Ind|Number#Sing|Person#3|Tense#Pres|VerbForm#Fin|Voice#Pass
005.SCG*LB3.CP-4++4.N.-3.8-1.11-5W21	fiunt	NO MATCH	102758	Mood#Ind|Number#Plur|Person#3|Tense#Pres|VerbForm#Fin|Voice#Pass
005.SCG*LB3.CP-5++3.N.-2.10-6.14-3W7	fiat	NO MATCH	102758	Mood#Sub|Number#Sing|Person#3|Tense#Pres|VerbForm#Fin|Voice#Pass
005.SCG*LB2.CP-4++1.N.12.23-4.25-3W4	dicitur	NO MATCH	99301	Mood#Ind|Number#Sing|Person#3|Tense#Pres|VerbForm#Fin|Voice#Pass
005.SCG*LB4.CP-7++8.N.-5.8-2.10-1W9	dicit	NO MATCH	99301	Aspect#Imp|Mood#Ind|Number#Sing|Person#3|Tense#Pres|VerbForm#Fin|Voice#Act
005.SCG*LB1.CP-9++3.N.12.10-3.14-1W3	praedictae	NO MATCH	118832	Aspect#Perf|Case#Nom|Degree#Pos|Gender#Fem|Number#Plur|Tense#Past|VerbForm#Part|Voice#Pass
005.SCG*LB4.CP-3++4.N.-2.33-3.36-8W18	dicatur	NO MATCH	99301	Aspect#Imp|Mood#Sub|Number#Sing|Person#3|Tense#Pres|VerbForm#Fin|Voice#Pass
005.SCG*LB1.CP--++4.N.-7.1-1.1-6W6	dicitur	NO MATCH	99301	Mood#Ind|Number#Sing|Person#3|Tense#Pres|VerbForm#Fin|Voice#Pass
005.SCG*LB4.CP-3++1.N.-1.1-1.7-2W34	dicit	NO MATCH	99301	Aspect#Imp|Mood#Ind|Number#Sing|Person#3|Tense#Pres|VerbForm#Fin|Voice#Act
005.SCG*LB3.CP12++2.N.12.1-1.5-3W6	dicentium	NO MATCH	99301	Case#Gen|Degree#Pos|Gender#Masc|Number#Plur|Tense#Pres|VerbForm#Part|Voice#Act
005.SCG*LB3.CP-4++3.N.-2.25-1.26-5W4	fiunt	NO MATCH	102758	Mood#Ind|Number#Plur|Person#3|Tense#Pres|VerbForm#Fin|Voice#Pass
005.SCG*LB4.CP-3++5.N.-4.2-6.4-4W1	dicitur	NO MATCH	99301	Aspect#Imp|Mood#Ind|Number#Sing|Person#3|Tense#Pres|VerbForm#Fin|Voice#Pass
005.SCG*LB1.CP-7++0.N.-3.6-5.8-6W15	dicitur	NO MATCH	99301	Mood#Ind|Number#Sing|Person#3|Tense#Pres|VerbForm#Fin|Voice#Pass
005.SCG*LB2.CP-8++8.N.-4.5-1.7-4W9	consequens	NO MATCH	96035	Case#Acc|Degree#Pos|Gender#Neut|Number#Sing|Tense#Pres|VerbForm#Part|Voice#Pass
005.SCG*LB2.CP-8++9.N.23.1-1.4-4W16	dictis	NO MATCH	99301	Aspect#Perf|Case#Abl|Degree#Pos|Gender#Neut|Number#Plur|Tense#Past|VerbForm#Part|Voice#Pass
005.SCG*LB1.CP-9++3.N.-7.19-1.20-4W8	dicens	NO MATCH	99301	Case#Nom|Degree#Pos|Gender#Fem|Number#Sing|Tense#Pres|VerbForm#Part|Voice#Act
005.SCG*LB4.CP-3++4.N.-4.6-4.7-1W1	dicit	NO MATCH	99301	Aspect#Imp|Mood#Ind|Number#Sing|Person#3|Tense#Pres|VerbForm#Fin|Voice#Act
005.SCG*LB3.CP-7++5.N.-8.1-1.4-1W4	dicere	NO MATCH	99301	Tense#Pres|VerbForm#Inf|Voice#Act
005.SCG*LB3.CP-9++2.N.10.22-5.26-2W25	dici	NO MATCH	99301	Tense#Pres|VerbForm#Inf|Voice#Pass
005.SCG*LB1.CP-4++6.N.-5.14-6.19-1W14	essetque	NO MATCH	126689	Aspect#Imp|Mood#Sub|Number#Sing|Person#3|Tense#Imp|VerbForm#Fin|Voice#Act
005.SCG*LB2.CP-4++8.N.-4.4-1.7-1W19	praedictam	NO MATCH	118832	Aspect#Perf|Case#Acc|Degree#Pos|Gender#Fem|Number#Sing|Tense#Past|VerbForm#Part|Voice#Pass
005.SCG*LB2.CP-5++3.N.-4.3-4.4-4W6	fit	NO MATCH	102758	Mood#Ind|Number#Sing|Person#3|Tense#Pres|VerbForm#Fin|Voice#Pass
005.SCG*LB4.CP-5++4.N.-1.6-7.9-1W2	fit	NO MATCH	102758	Aspect#Imp|Mood#Ind|Number#Sing|Person#3|Tense#Pres|VerbForm#Fin|Voice#Pass
005.SCG*LB4.CP-1++6.N.11.9-3.10-6W9	consequens	NO MATCH	96035	Aspect#Imp|Case#Acc|Degree#Pos|Gender#Neut|Number#Sing|Tense#Pres|VerbForm#Part|Voice#Pass
005.SCG*LB3.CP15++2.N.-4.9-5.11-3W11	fit	NO MATCH	102758	Mood#Ind|Number#Sing|Person#3|Tense#Pres|VerbForm#Fin|Voice#Pass
005.SCG*LB4.CP--++3.N.-1.4-1.5-1W1	dicitur	NO MATCH	99301	Aspect#Imp|Mood#Ind|Number#Sing|Person#3|Tense#Pres|VerbForm#Fin|Voice#Pass
005.SCG*LB4.CP-7++0.N.10.9-1.11-3W18	diceretur	NO MATCH	99301	Aspect#Imp|Mood#Sub|Number#Sing|Person#3|Tense#Imp|VerbForm#Fin|Voice#Pass
005.SCG*LB4.CP--++7.N.16.10-3.12-5W17	dicit	NO MATCH	99301	Aspect#Imp|Mood#Ind|Number#Sing|Person#3|Tense#Pres|VerbForm#Fin|Voice#Act
005.SCG*LB4.CP-3++7.N.-3.7-3.9-2W3	dicentem	NO MATCH	99301	Aspect#Imp|Case#Acc|Degree#Pos|Gender#Masc|Number#Sing|Tense#Pres|VerbForm#Part|Voice#Act
005.SCG*LB4.CP--++7.N.17.1-2.4-6W19	fieri	NO MATCH	102758	Aspect#Imp|Tense#Pres|VerbForm#Inf|Voice#Pass
005.SCG*LB4.CP-3++8.N.-4.5-2.8-3W19	dicitur	NO MATCH	99301	Aspect#Imp|Mood#Ind|Number#Sing|Person#3|Tense#Pres|VerbForm#Fin|Voice#Pass
005.SCG*LB4.CP-9++2.N.-6.6-1.7-3W6	dicit	NO MATCH	99301	Aspect#Imp|Mood#Ind|Number#Sing|Person#3|Tense#Pres|VerbForm#Fin|Voice#Act
005.SCG*LB4.CP--++8.N.-3.14-1.14-5W5	dominantium	NO MATCH	100058	Aspect#Imp|Case#Gen|Degree#Pos|Gender#Masc|Number#Plur|Tense#Pres|VerbForm#Part|Voice#Pass
005.SCG*LB2.CP-4++8.N.-2.6-2.7-5W3	praedictae	NO MATCH	118832	Aspect#Perf|Case#Nom|Degree#Pos|Gender#Fem|Number#Plur|Tense#Past|VerbForm#Part|Voice#Pass
005.SCG*LB2.CP-4++4.N.-3.7-1.9-1W4	praedictam	NO MATCH	118832	Aspect#Perf|Case#Acc|Degree#Pos|Gender#Fem|Number#Sing|Tense#Past|VerbForm#Part|Voice#Pass
005.SCG*LB1.CP--++3.N.-8.1-1.4-5W18	abiiciendum	NO MATCH	86884	Case#Nom|Degree#Pos|Gender#Neut|Number#Sing|VerbForm#Gdv|Voice#Pass
005.SCG*LB3.CP-4++7.N.-2.10-1.11-1W4	dicitur	NO MATCH	99301	Mood#Ind|Number#Sing|Person#3|Tense#Pres|VerbForm#Fin|Voice#Pass
005.SCG*LB4.CP-3++4.N.12.16-3.17-8W5	dici	NO MATCH	99301	Aspect#Imp|Tense#Pres|VerbForm#Inf|Voice#Pass
005.SCG*LB3.CP13++0.N.-2.10-1.14-3W21	abiiciat	NO MATCH	86884	Mood#Sub|Number#Sing|Person#3|Tense#Pres|VerbForm#Fin|Voice#Act
005.SCG*LB4.CP-5++3.N.18.10-4.10-9W4	dici	NO MATCH	99301	Aspect#Imp|Tense#Pres|VerbForm#Inf|Voice#Pass
005.SCG*LB2.CP-8++6.N.-3.24-2.28-1W6	fiat	NO MATCH	102758	Mood#Sub|Number#Sing|Person#3|Tense#Pres|VerbForm#Fin|Voice#Pass
005.SCG*LB2.CP-9++5.N.-4.30-4.36-2W3	dicit	NO MATCH	99301	Mood#Ind|Number#Sing|Person#3|Tense#Pres|VerbForm#Fin|Voice#Act
005.SCG*LB3.CP12++0.N.24.17-6.18-1W3	dicitur	NO MATCH	99301	Mood#Ind|Number#Sing|Person#3|Tense#Pres|VerbForm#Fin|Voice#Pass
005.SCG*LB4.CP-1++7.N.14.8-4.9-2W1	dicitur	NO MATCH	99301	Aspect#Imp|Mood#Ind|Number#Sing|Person#3|Tense#Pres|VerbForm#Fin|Voice#Pass
005.SCG*LB2.CP-6++0.N.10.8-1.10-2W3	dicitur	NO MATCH	99301	Mood#Ind|Number#Sing|Person#3|Tense#Pres|VerbForm#Fin|Voice#Pass
005.SCG*LB2.CP-5++8.N.11.1-1.2-5W5	dicitur	NO MATCH	99301	Mood#Ind|Number#Sing|Person#3|Tense#Pres|VerbForm#Fin|Voice#Pass
005.SCG*LB4.CP-8++3.N.19.16-5.17-1W4	dicitur	NO MATCH	99301	Aspect#Imp|Mood#Ind|Number#Sing|Person#3|Tense#Pres|VerbForm#Fin|Voice#Pass
005.SCG*LB4.CP-5++5.N.-6.1-1.5-2W22	congruentius	NO MATCH	95913	Degree#Cmp
005.SCG*LB3.CP-8++6.N.-8.16-6.19-8W20	fieri	NO MATCH	102758	Tense#Pres|VerbForm#Inf|Voice#Pass
005.SCG*LB3.CP15++4.N.25.1-1.3-2W7	praedictis	NO MATCH	118832	Aspect#Perf|Case#Abl|Degree#Pos|Gender#Masc|Number#Plur|Tense#Past|VerbForm#Part|Voice#Pass
005.SCG*LB1.CP-1++1.N.-1.20-2.23-1W25	dicitur	NO MATCH	99301	Mood#Ind|Number#Sing|Person#3|Tense#Pres|VerbForm#Fin|Voice#Pass
005.SCG*LB2.CP-8++2.N.-6.3-1.4-5W1	dicitur	NO MATCH	99301	Mood#Ind|Number#Sing|Person#3|Tense#Pres|VerbForm#Fin|Voice#Pass
005.SCG*LB3.CP-4++0.N.-6.6-3.8-3W4	dicit	NO MATCH	99301	Mood#Ind|Number#Sing|Person#3|Tense#Pres|VerbForm#Fin|Voice#Act
005.SCG*LB3.CP11++1.N.-1.23-1.27-3W14	subiiciuntur	NO MATCH	126114	Mood#Ind|Number#Plur|Person#3|Tense#Pres|VerbForm#Fin|Voice#Pass
005.SCG*LB1.CP-5++9.N.-2.16-4.18-5W8	dicit	NO MATCH	99301	Mood#Ind|Number#Sing|Person#3|Tense#Pres|VerbForm#Fin|Voice#Act
005.SCG*LB2.CP-6++1.N.-3.27-1.30-4W6	dicit	NO MATCH	99301	Mood#Ind|Number#Sing|Person#3|Tense#Pres|VerbForm#Fin|Voice#Act
005.SCG*LB1.CP-7++9.N.-9.1-1.4-1W8	volitum	NO MATCH	130745	Aspect#Perf|Case#Acc|Degree#Pos|Gender#Neut|Number#Sing|Tense#Past|VerbForm#Part|VerbType#Mod|Voice#Pass
005.SCG*LB4.CP-5++0.N.-7.1-2.1-5W4	dicit	NO MATCH	99301	Aspect#Imp|Mood#Ind|Number#Sing|Person#3|Tense#Pres|VerbForm#Fin|Voice#Act
005.SCG*LB3.CP10++3.N.-7.7-1.9-4W3	dicit	NO MATCH	99301	Mood#Ind|Number#Sing|Person#3|Tense#Pres|VerbForm#Fin|Voice#Act
005.SCG*LB2.CP-7++8.N.-9.33-1.37-7W23	dicens	NO MATCH	99301	Case#Nom|Degree#Pos|Gender#Masc|Number#Sing|Tense#Pres|VerbForm#Part|Voice#Act
005.SCG*LB3.CP14++2.N.-4.4-5.7-1W15	perfectiorem	NO MATCH	116821	Aspect#Perf|Case#Acc|Degree#Cmp|Gender#Fem|Number#Sing|Tense#Past|VerbForm#Part|Voice#Pass
005.SCG*LB2.CP-1++5.N.-2.35-3.37-5W6	dicitur	NO MATCH	99301	Mood#Ind|Number#Sing|Person#3|Tense#Pres|VerbForm#Fin|Voice#Pass
005.SCG*LB3.CP10++5.N.-8.10-6.13-1W15	fit	NO MATCH	102758	Mood#Ind|Number#Sing|Person#3|Tense#Pres|VerbForm#Fin|Voice#Pass
005.SCG*LB2.CP-2++3.N.11.2-3.2-6W1	dicitur	NO MATCH	99301	Mood#Ind|Number#Sing|Person#3|Tense#Pres|VerbForm#Fin|Voice#Pass
005.SCG*LB1.CP-8++4.N.-4.4-3.8-6W30	dici	NO MATCH	99301	Tense#Pres|VerbForm#Inf|Voice#Pass
005.SCG*LB2.CP-9++5.N.-3.9-2.10-6W7	fit	NO MATCH	102758	Mood#Ind|Number#Sing|Person#3|Tense#Pres|VerbForm#Fin|Voice#Pass
005.SCG*LB1.CP-9++8.N.-4.7-7.8-6W7	dictis	NO MATCH	99301	Aspect#Perf|Case#Abl|Degree#Pos|Gender#Neut|Number#Plur|Tense#Past|VerbForm#Part|Voice#Pass
005.SCG*LB3.CP-2++5.N.15.1-1.2-1W4	dicitur	NO MATCH	99301	Mood#Ind|Number#Sing|Person#3|Tense#Pres|VerbForm#Fin|Voice#Pass
005.SCG*LB2.CP-4++3.N.-4.9-3.10-3W5	fieri	NO MATCH	102758	Tense#Pres|VerbForm#Inf|Voice#Pass
005.SCG*LB3.CP-6++1.N.-5.1-2.7-5W16	dicitur	NO MATCH	99301	Mood#Ind|Number#Sing|Person#3|Tense#Pres|VerbForm#Fin|Voice#Pass
005.SCG*LB3.CP-5++7.N.-3.16-6.19-5W7	fit	NO MATCH	102758	Mood#Ind|Number#Sing|Person#3|Tense#Pres|VerbForm#Fin|Voice#Pass
005.SCG*LB3.CP-9++7.N.16.11-6.12-4W3	dicit	NO MATCH	99301	Mood#Ind|Number#Sing|Person#3|Tense#Pres|VerbForm#Fin|Voice#Act
005.SCG*LB4.CP-4++8.N.--.1-1.2-3W4	dicendum	NO MATCH	99301	Aspect#Perf|Case#Nom|Degree#Pos|Gender#Neut|Number#Sing|VerbForm#Gdv|Voice#Pass
005.SCG*LB4.CP-5++5.N.27.8-1.9-7W3	congruenter	NO MATCH	95913	Degree#Pos
005.SCG*LB4.CP-1++4.N.-6.29-2.31-5W5	dicenda	NO MATCH	99301	Aspect#Perf|Case#Nom|Degree#Pos|Gender#Fem|Number#Sing|VerbForm#Gdv|Voice#Pass
005.SCG*LB3.CP12++0.N.-5.15-1.15-5W3	dicimus	NO MATCH	99301	Mood#Ind|Number#Plur|Person#1|Tense#Pres|VerbForm#Fin|Voice#Act
005.SCG*LB3.CP13++2.N.-9.8-2.13-6W1	dicitur	NO MATCH	99301	Mood#Ind|Number#Sing|Person#3|Tense#Pres|VerbForm#Fin|Voice#Pass
005.SCG*LB3.CP-1++8.N.-1.2-5.3-4W5	fiet	NO MATCH	102758	Mood#Ind|Number#Sing|Person#3|Tense#Fut|VerbForm#Fin|Voice#Pass
005.SCG*LB3.CP12++6.N.-6.1-1.3-3W7	dicentium	NO MATCH	99301	Case#Gen|Degree#Pos|Gender#Masc|Number#Plur|Tense#Pres|VerbForm#Part|Voice#Act
005.SCG*LB1.CP-9++5.N.-8.1-1.6-4W11	dicunt	NO MATCH	99301	Mood#Ind|Number#Plur|Person#3|Tense#Pres|VerbForm#Fin|Voice#Act
005.SCG*LB1.CP-1++0.N.-2.1-1.2-5W7	dicuntur	NO MATCH	99301	Mood#Ind|Number#Plur|Person#3|Tense#Pres|VerbForm#Fin|Voice#Pass
005.SCG*LB2.CP-1++7.N.-3.8-1.8-6W4	dici	NO MATCH	99301	Tense#Pres|VerbForm#Inf|Voice#Pass
005.SCG*LB3.CP16++3.N.-1.17-1.19-3W12	dicitur	NO MATCH	99301	Mood#Ind|Number#Sing|Person#3|Tense#Pres|VerbForm#Fin|Voice#Pass
005.SCG*LB4.CP-7++4.N.-2.24-1.25-4W9	dicens	NO MATCH	99301	Aspect#Imp|Case#Nom|Degree#Pos|Gender#Masc|Number#Sing|Tense#Pres|VerbForm#Part|Voice#Act
005.SCG*LB3.CP16++1.N.-1.19-1.19-7W5	dicit	NO MATCH	99301	Mood#Ind|Number#Sing|Person#3|Tense#Pres|VerbForm#Fin|Voice#Act
005.SCG*LB1.CP-5++7.N.-9.5-4.9-7W30	fit	NO MATCH	102758	Mood#Ind|Number#Sing|Person#3|Tense#Pres|VerbForm#Fin|Voice#Pass
005.SCG*LB4.CP-3++4.N.31.5-1.7-1W6	dici	NO MATCH	99301	Aspect#Imp|Tense#Pres|VerbForm#Inf|Voice#Pass
005.SCG*LB3.CP-4++2.N.-4.18-3.20-3W11	dicere	NO MATCH	99301	Tense#Pres|VerbForm#Inf|Voice#Act
005.SCG*LB2.CP-4++3.N.-1.1-1.4-5W7	dicunt	NO MATCH	99301	Mood#Ind|Number#Plur|Person#3|Tense#Pres|VerbForm#Fin|Voice#Act
005.SCG*LB4.CP-2++9.N.-1.4-1.6-1W1	dixerunt	NO MATCH	99301	Aspect#Perf|Mood#Ind|Number#Plur|Person#3|Tense#Past|VerbForm#Fin|Voice#Act
005.SCG*LB1.CP--++1.N.-7.3-4.6-5W16	dicit	NO MATCH	99301	Mood#Ind|Number#Sing|Person#3|Tense#Pres|VerbForm#Fin|Voice#Act
005.SCG*LB4.CP-2++3.N.-8.1-1.4-5W10	tradamque	NO MATCH	128519	Aspect#Imp|Mood#Ind|Number#Sing|Person#1|Tense#Fut|VerbForm#Fin|Voice#Act
005.SCG*LB2.CP-7++0.N.-8.1-1.4-7W11	diximus	NO MATCH	99301	Aspect#Perf|Mood#Ind|Number#Plur|Person#1|Tense#Past|VerbForm#Fin|Voice#Act
005.SCG*LB4.CP--++9.N.-6.14-1.18-3W24	dicatur	NO MATCH	99301	Aspect#Imp|Mood#Sub|Number#Sing|Person#3|Tense#Pres|VerbForm#Fin|Voice#Pass
005.SCG*LB3.CP-9++9.N.-6.6-2.8-5W8	exemplatum	NO MATCH	101974	Aspect#Perf|Case#Acc|Degree#Pos|Gender#Neut|Number#Sing|Tense#Past|VerbForm#Part|Voice#Pass
005.SCG*LB3.CP15++4.N.-7.15-1.19-3W27	dicitur	NO MATCH	99301	Mood#Ind|Number#Sing|Person#3|Tense#Pres|VerbForm#Fin|Voice#Pass
005.SCG*LB4.CP-7++0.N.-9.3-3.8-1W3	dicitur	NO MATCH	99301	Aspect#Imp|Mood#Ind|Number#Sing|Person#3|Tense#Pres|VerbForm#Fin|Voice#Pass
005.SCG*LB2.CP-4++5.N.-2.12-3.18-5W34	composite	NO MATCH	95367	Degree#Pos
005.SCG*LB1.CP-4++2.N.-8.1-2.3-5W7	necesse-esse	NO MATCH	126689	Tense#Pres|VerbForm#Inf|Voice#Act
005.SCG*LB2.CP-3++5.N.-7.17-2.23-3W31	fit	NO MATCH	102758	Mood#Ind|Number#Sing|Person#3|Tense#Pres|VerbForm#Fin|Voice#Pass
005.SCG*LB4.CP-8++3.N.11.3-1.7-3W30	praedictae	NO MATCH	118832	Aspect#Perf|Case#Nom|Degree#Pos|Gender#Fem|Number#Plur|Tense#Past|VerbForm#Part|Voice#Pass
005.SCG*LB2.CP-7++9.N.16.1-1.3-3W12	dicit	NO MATCH	99301	Mood#Ind|Number#Sing|Person#3|Tense#Pres|VerbForm#Fin|Voice#Act
005.SCG*LB4.CP-7++2.N.13.13-6.16-1W11	subiicit	NO MATCH	126114	Aspect#Imp|Mood#Ind|Number#Sing|Person#3|Tense#Pres|VerbForm#Fin|Voice#Act
005.SCG*LB2.CP-6++0.N.11.1-2.8-3W2	dicitur	NO MATCH	99301	Mood#Ind|Number#Sing|Person#3|Tense#Pres|VerbForm#Fin|Voice#Pass
005.SCG*LB4.CP-6++5.N.-2.6-3.9-3W4	praedictum	NO MATCH	118832	Aspect#Perf|Case#Acc|Degree#Pos|Gender#Masc|Number#Sing|Tense#Past|VerbForm#Part|Voice#Pass
005.SCG*LB2.CP-7++8.N.-9.33-1.37-7W3	dicendum	NO MATCH	99301	Case#Nom|Degree#Pos|Gender#Neut|Number#Sing|VerbForm#Gdv|Voice#Pass
005.SCG*LB4.CP-2++7.N.-2.4-8.6-2W9	dicit	NO MATCH	99301	Aspect#Imp|Mood#Ind|Number#Sing|Person#3|Tense#Pres|VerbForm#Fin|Voice#Act
005.SCG*LB4.CP-2++9.N.-7.8-2.9-4W3	dicit	NO MATCH	99301	Aspect#Imp|Mood#Ind|Number#Sing|Person#3|Tense#Pres|VerbForm#Fin|Voice#Act
005.SCG*LB4.CP-3++9.N.-2.1-1.2-5W8	dici	NO MATCH	99301	Aspect#Imp|Tense#Pres|VerbForm#Inf|Voice#Pass
005.SCG*LB4.CP-8++3.N.17.10-3.12-6W13	consequens	NO MATCH	96035	Aspect#Imp|Case#Acc|Degree#Pos|Gender#Neut|Number#Sing|Tense#Pres|VerbForm#Part|Voice#Pass
005.SCG*LB1.CP-2++6.N.-3.9-5.13-1W11	fieri	NO MATCH	102758	Tense#Pres|VerbForm#Inf|Voice#Pass
005.SCG*LB2.CP-2++6.N.-7.1-1.1-6W6	dicitur	NO MATCH	99301	Mood#Ind|Number#Sing|Person#3|Tense#Pres|VerbForm#Fin|Voice#Pass
005.SCG*LB3.CP13++0.N.-1.13-5.17-1W7	dicuntur	NO MATCH	99301	Mood#Ind|Number#Plur|Person#3|Tense#Pres|VerbForm#Fin|Voice#Pass
005.SCG*LB2.CP-1++6.N.-4.8-1.10-6W20	essendi	NO MATCH	126689	Case#Gen|Degree#Pos|Number#Sing|VerbForm#Ger|Voice#Act
005.SCG*LB1.CP-5++9.N.-3.16-6.25-2W25	dicitur	NO MATCH	99301	Mood#Ind|Number#Sing|Person#3|Tense#Pres|VerbForm#Fin|Voice#Pass
005.SCG*LB4.CP-6++3.N.10.1-1.6-5W7	dici	NO MATCH	99301	Aspect#Imp|Tense#Pres|VerbForm#Inf|Voice#Pass
005.SCG*LB4.CP-3++8.N.-9.1-2.4-7W3	praedictam	NO MATCH	118832	Aspect#Perf|Case#Acc|Degree#Pos|Gender#Fem|Number#Sing|Tense#Past|VerbForm#Part|Voice#Pass
005.SCG*LB3.CP13++9.N.-1.5-1.7-4W18	dictum	NO MATCH	99301	Aspect#Perf|Case#Nom|Degree#Pos|Gender#Neut|Number#Sing|Tense#Past|VerbForm#Part|Voice#Pass
005.SCG*LB3.CP14++4.N.-9.14-1.19-5W3	convenienter	NO MATCH	96424	Degree#Pos
005.SCG*LB2.CP-7++6.N.-2.6-2.7-10W13	dicitur	NO MATCH	99301	Mood#Ind|Number#Sing|Person#3|Tense#Pres|VerbForm#Fin|Voice#Pass
005.SCG*LB3.CP-1++0.N.13.11-7.13-6W4	exequentis	NO MATCH	102311	Case#Gen|Degree#Pos|Gender#Fem|Number#Sing|Tense#Pres|VerbForm#Part|Voice#Pass
005.SCG*LB2.CP-7++6.N.-8.1-1.5-3W18	fiunt	NO MATCH	102758	Mood#Ind|Number#Plur|Person#3|Tense#Pres|VerbForm#Fin|Voice#Pass
005.SCG*LB4.CP-2++4.N.-2.15-1.19-3W4	dici	NO MATCH	99301	Aspect#Imp|Tense#Pres|VerbForm#Inf|Voice#Pass
005.SCG*LB1.CP-3++3.N.-4.8-5.10-6W6	dicuntur	NO MATCH	99301	Mood#Ind|Number#Plur|Person#3|Tense#Pres|VerbForm#Fin|Voice#Pass
005.SCG*LB3.CP12++8.N.-7.22-5.23-2W2	dicitur	NO MATCH	99301	Mood#Ind|Number#Sing|Person#3|Tense#Pres|VerbForm#Fin|Voice#Pass
005.SCG*LB3.CP14++4.N.11.13-2.13-5W2	dicitur	NO MATCH	99301	Mood#Ind|Number#Sing|Person#3|Tense#Pres|VerbForm#Fin|Voice#Pass
005.SCG*LB4.CP-8++1.N.10.37-1.39-2W3	dicitur	NO MATCH	99301	Aspect#Imp|Mood#Ind|Number#Sing|Person#3|Tense#Pres|VerbForm#Fin|Voice#Pass
005.SCG*LB1.CP-7++1.N.-7.10-6.11-5W5	consequens	NO MATCH	96035	Case#Acc|Degree#Pos|Gender#Neut|Number#Sing|Tense#Pres|VerbForm#Part|Voice#Pass
005.SCG*LB3.CP14++7.N.-4.4-2.7-2W10	fit	NO MATCH	102758	Mood#Ind|Number#Sing|Person#3|Tense#Pres|VerbForm#Fin|Voice#Pass
005.SCG*LB2.CP-7++3.N.-9.1-1.4-5W19	dictas	NO MATCH	99301	Aspect#Perf|Case#Acc|Degree#Pos|Gender#Fem|Number#Plur|Tense#Past|VerbForm#Part|Voice#Pass
005.SCG*LB2.CP-1++5.N.-6.9-3.13-1W29	necesse-esse	NO MATCH	126689	Tense#Pres|VerbForm#Inf|Voice#Act
005.SCG*LB3.CP16++3.N.-1.25-1.25-5W3	dicitur	NO MATCH	99301	Mood#Ind|Number#Sing|Person#3|Tense#Pres|VerbForm#Fin|Voice#Pass
005.SCG*LB4.CP-1++3.N.-7.19-6.23-1W7	dixit	NO MATCH	99301	Aspect#Perf|Mood#Ind|Number#Sing|Person#3|Tense#Past|VerbForm#Fin|Voice#Act
005.SCG*LB1.CP-7++0.N.-2.8-3.11-2W11	praedictis	NO MATCH	118832	Aspect#Perf|Case#Abl|Degree#Pos|Gender#Neut|Number#Plur|Tense#Past|VerbForm#Part|Voice#Pass
005.SCG*LB2.CP-4++3.N.-2.3-5.5-2W12	fieri	NO MATCH	102758	Tense#Pres|VerbForm#Inf|Voice#Pass
005.SCG*LB3.CP14++6.N.-2.3-3.6-1W17	dictis	NO MATCH	99301	Aspect#Perf|Case#Abl|Degree#Pos|Gender#Neut|Number#Plur|Tense#Past|VerbForm#Part|Voice#Pass
005.SCG*LB4.CP--++8.N.-9.15-4.16-6W1	dicitur	NO MATCH	99301	Aspect#Imp|Mood#Ind|Number#Sing|Person#3|Tense#Pres|VerbForm#Fin|Voice#Pass
005.SCG*LB1.CP-2++6.N.13.6-5.8-3W4	dicimus	NO MATCH	99301	Mood#Ind|Number#Plur|Person#1|Tense#Pres|VerbForm#Fin|Voice#Act
005.SCG*LB2.CP-3++4.N.-4.7-3.9-2W11	ens	NO MATCH	126689	Case#Acc|Degree#Pos|Gender#Neut|Number#Sing|Tense#Pres|VerbForm#Part|Voice#Act
005.SCG*LB1.CP-2++1.N.-4.18-2.19-4W3	dicitur	NO MATCH	99301	Mood#Ind|Number#Sing|Person#3|Tense#Pres|VerbForm#Fin|Voice#Pass
005.SCG*LB4.CP--++7.N.24.20-1.21-5W7	excellentissima	NO MATCH	101840	Aspect#Imp|Case#Abl|Degree#Sup|Gender#Fem|Number#Sing|Tense#Pres|VerbForm#Part|Voice#Act
005.SCG*LB3.CP14++8.N.-4.2-4.3-4W1	obiectum	NO MATCH	114227	Case#Nom|Degree#Pos|Gender#Neut|Number#Sing
005.SCG*LB1.CP-4++0.N.-4.1-2.5-7W21	dicatur	NO MATCH	99301	Mood#Sub|Number#Sing|Person#3|Tense#Pres|VerbForm#Fin|Voice#Pass
005.SCG*LB2.CP-7++9.N.14.1-1.5-5W23	consequens	NO MATCH	96035	Case#Acc|Degree#Pos|Gender#Neut|Number#Sing|Tense#Pres|VerbForm#Part|Voice#Pass
005.SCG*LB3.CP10++2.N.-4.12-3.16-5W1	fiunt	NO MATCH	102758	Mood#Ind|Number#Plur|Person#3|Tense#Pres|VerbForm#Fin|Voice#Pass
005.SCG*LB4.CP-8++4.N.-2.20-1.22-5W15	consequens	NO MATCH	96035	Aspect#Imp|Case#Loc|Degree#Pos|Number#Sing|Tense#Pres|VerbForm#Part|Voice#Pass
005.SCG*LB3.CP15++4.N.-8.20-3.22-3W8	cooperante	NO MATCH	96509	Case#Abl|Degree#Pos|Gender#Masc|Number#Sing|Tense#Pres|VerbForm#Part|Voice#Pass
005.SCG*LB4.CP-1++7.N.-4.3-5.4-2W3	dicit	NO MATCH	99301	Aspect#Imp|Mood#Ind|Number#Sing|Person#3|Tense#Pres|VerbForm#Fin|Voice#Act
005.SCG*LB2.CP-8++8.N.-7.6-1.8-6W4	fiat	NO MATCH	102758	Mood#Sub|Number#Sing|Person#3|Tense#Pres|VerbForm#Fin|Voice#Pass
005.SCG*LB4.CP-5++9.N.-4.1-1.4-2W14	consequentem	NO MATCH	96035	Aspect#Imp|Case#Acc|Degree#Pos|Gender#Fem|Number#Sing|Tense#Pres|VerbForm#Part|Voice#Pass
005.SCG*LB4.CP-6++1.N.-3.4-1.6-3W1	generans	NO MATCH	104453	Aspect#Imp|Case#Acc|Degree#Pos|Gender#Masc|Number#Sing|Tense#Pres|VerbForm#Part|Voice#Act
005.SCG*LB4.CP-2++3.N.-9.9-3.10-5W6	dicitur	NO MATCH	99301	Aspect#Imp|Mood#Ind|Number#Sing|Person#3|Tense#Pres|VerbForm#Fin|Voice#Pass
005.SCG*LB2.CP-7++0.N.-6.1-1.5-4W15	dicere	NO MATCH	99301	Tense#Pres|VerbForm#Inf|Voice#Act
005.SCG*LB4.CP-2++9.N.10.8-1.9-2W10	dicit	NO MATCH	99301	Aspect#Imp|Mood#Ind|Number#Sing|Person#3|Tense#Pres|VerbForm#Fin|Voice#Act
005.SCG*LB3.CP-7++9.N.-5.1-1.8-3W20	dicuntur	NO MATCH	99301	Mood#Ind|Number#Plur|Person#3|Tense#Pres|VerbForm#Fin|Voice#Pass
005.SCG*LB3.CP-4++0.N.-1.1-1.4-2W13	praedicta	NO MATCH	118832	Aspect#Perf|Case#Abl|Degree#Pos|Gender#Fem|Number#Sing|Tense#Past|VerbForm#Part|Voice#Pass
005.SCG*LB2.CP-6++2.N.-1.7-4.12-4W14	praedictam	NO MATCH	118832	Aspect#Perf|Case#Acc|Degree#Pos|Gender#Fem|Number#Sing|Tense#Past|VerbForm#Part|Voice#Pass
005.SCG*LB4.CP--++2.N.-5.32-6.34-1W10	dicit	NO MATCH	99301	Aspect#Imp|Mood#Ind|Number#Sing|Person#3|Tense#Pres|VerbForm#Fin|Voice#Act
005.SCG*LB2.CP-7++3.N.18.5-1.7-6W3	dictum	NO MATCH	99301	Aspect#Perf|Case#Nom|Degree#Pos|Gender#Neut|Number#Sing|Tense#Past|VerbForm#Part|Voice#Pass
005.SCG*LB1.CP--++2.N.-1.4-1.8-4W20	dicit	NO MATCH	99301	Mood#Ind|Number#Sing|Person#3|Tense#Pres|VerbForm#Fin|Voice#Act
005.SCG*LB4.CP-1++7.N.15.3-6.4-4W8	dicit	NO MATCH	99301	Aspect#Imp|Mood#Ind|Number#Sing|Person#3|Tense#Pres|VerbForm#Fin|Voice#Act
005.SCG*LB3.CP-7++6.N.-6.6-4.9-3W12	fieret	NO MATCH	102758	Aspect#Imp|Mood#Sub|Number#Sing|Person#3|Tense#Imp|VerbForm#Fin|Voice#Pass
005.SCG*LB1.CP-2++2.N.-3.1-1.5-4W5	dici	NO MATCH	99301	Tense#Pres|VerbForm#Inf|Voice#Pass
005.SCG*LB3.CP-4++0.N.-6.1-2.3-2W4	dicta	NO MATCH	99301	Aspect#Perf|Case#Nom|Degree#Pos|Gender#Fem|Number#Sing|Tense#Past|VerbForm#Part|Voice#Pass
005.SCG*LB2.CP-8++2.N.13.14-2.15-1W4	fit	NO MATCH	102758	Mood#Ind|Number#Sing|Person#3|Tense#Pres|VerbForm#Fin|Voice#Pass
005.SCG*LB4.CP-8++3.N.19.12-1.13-1W9	dicitur	NO MATCH	99301	Aspect#Imp|Mood#Ind|Number#Sing|Person#3|Tense#Pres|VerbForm#Fin|Voice#Pass
005.SCG*LB2.CP-8++9.N.-3.11-3.16-4W21	abiiciunt	NO MATCH	86884	Mood#Ind|Number#Plur|Person#3|Tense#Pres|VerbForm#Fin|Voice#Act
005.SCG*LB4.CP--++8.N.-9.18-6.20-8W5	dicitur	NO MATCH	99301	Aspect#Imp|Mood#Ind|Number#Sing|Person#3|Tense#Pres|VerbForm#Fin|Voice#Pass
005.SCG*LB2.CP-4++6.N.-6.1-2.5-4W25	dictis	NO MATCH	99301	Aspect#Perf|Case#Abl|Degree#Pos|Gender#Neut|Number#Plur|Tense#Past|VerbForm#Part|Voice#Pass
005.SCG*LB3.CP12++1.N.-6.1-1.4-1W7	dicentium	NO MATCH	99301	Case#Gen|Degree#Pos|Gender#Masc|Number#Plur|Tense#Pres|VerbForm#Part|Voice#Act
005.SCG*LB3.CP-2++3.N.11.19-1.22-1W21	dictum	NO MATCH	99301	Aspect#Perf|Case#Nom|Degree#Pos|Gender#Neut|Number#Sing|Tense#Past|VerbForm#Part|Voice#Pass
005.SCG*LB1.CP-2++0.N.27.1-1.5-5W31	essendi	NO MATCH	126689	Case#Gen|Degree#Pos|Number#Sing|VerbForm#Ger|Voice#Act
005.SCG*LB2.CP-8++9.N.14.4-4.8-5W33	dictis	NO MATCH	99301	Aspect#Perf|Case#Abl|Degree#Pos|Gender#Neut|Number#Plur|Tense#Past|VerbForm#Part|Voice#Pass
005.SCG*LB4.CP-9++5.N.-6.6-1.9-4W18	volito	NO MATCH	130745	Aspect#Perf|Case#Abl|Degree#Pos|Gender#Neut|Number#Sing|Tense#Past|VerbForm#Part|VerbType#Mod|Voice#Pass
005.SCG*LB4.CP--++5.N.-3.1-1.1-4W1	dicitur	NO MATCH	99301	Aspect#Imp|Mood#Ind|Number#Sing|Person#3|Tense#Pres|VerbForm#Fin|Voice#Pass
005.SCG*LB1.CP-4++2.N.-9.20-5.22-5W12	necesse-esse	NO MATCH	126689	Tense#Pres|VerbForm#Inf|Voice#Act
005.SCG*LB2.CP-6++0.N.-1.4-1.9-2W3	praedictus	NO MATCH	118832	Aspect#Perf|Case#Nom|Degree#Pos|Gender#Masc|Number#Sing|Tense#Past|VerbForm#Part|Voice#Pass
005.SCG*LB4.CP-3++4.N.13.6-7.8-4W5	dicitur	NO MATCH	99301	Aspect#Imp|Mood#Ind|Number#Sing|Person#3|Tense#Pres|VerbForm#Fin|Voice#Pass
005.SCG*LB1.CP-2++7.N.-5.4-4.6-4W10	essendi	NO MATCH	126689	Case#Gen|Degree#Pos|Number#Sing|VerbForm#Ger|Voice#Act
005.SCG*LB3.CP15++4.N.14.33-3.39-4W9	directe	NO MATCH	99575	Degree#Pos
005.SCG*LB3.CP16++0.N.-1.1-1.4-7W3	dictum	NO MATCH	99301	Aspect#Perf|Case#Nom|Degree#Pos|Gender#Neut|Number#Sing|Tense#Past|VerbForm#Part|Voice#Pass
005.SCG*LB4.CP-2++9.N.10.2-4.7-7W1	dicit	NO MATCH	99301	Aspect#Imp|Mood#Ind|Number#Sing|Person#3|Tense#Pres|VerbForm#Fin|Voice#Act
005.SCG*LB4.CP-2++8.N.-5.1-1.6-3W25	dicit	NO MATCH	99301	Aspect#Imp|Mood#Ind|Number#Sing|Person#3|Tense#Pres|VerbForm#Fin|Voice#Act
005.SCG*LB4.CP-7++9.N.-8.5-7.8-6W12	fieri	NO MATCH	102758	Aspect#Imp|Tense#Pres|VerbForm#Inf|Voice#Pass
005.SCG*LB3.CP-4++6.N.-1.4-2.4-8W1	dicit	NO MATCH	99301	Mood#Ind|Number#Sing|Person#3|Tense#Pres|VerbForm#Fin|Voice#Act
005.SCG*LB2.CP-8++3.N.13.6-3.8-3W7	fit	NO MATCH	102758	Mood#Ind|Number#Sing|Person#3|Tense#Pres|VerbForm#Fin|Voice#Pass
005.SCG*LB4.CP-2++9.N.-2.8-2.11-1W3	dicens	NO MATCH	99301	Aspect#Imp|Case#Nom|Degree#Pos|Gender#Fem|Number#Sing|Tense#Pres|VerbForm#Part|Voice#Act
005.SCG*LB4.CP--++7.N.14.10-1.10-4W1	dicitur	NO MATCH	99301	Aspect#Imp|Mood#Ind|Number#Sing|Person#3|Tense#Pres|VerbForm#Fin|Voice#Pass
005.SCG*LB3.CP-8++0.N.12.9-3.11-2W4	dicit	NO MATCH	99301	Mood#Ind|Number#Sing|Person#3|Tense#Pres|VerbForm#Fin|Voice#Act
005.SCG*LB3.CP15++1.N.-6.1-2.3-3W7	constanter	NO MATCH	96151	Degree#Pos
005.SCG*LB3.CP13++5.N.11.16-1.23-6W6	dictum	NO MATCH	99301	Aspect#Perf|Case#Acc|Degree#Pos|Gender#Masc|Number#Sing|Tense#Past|VerbForm#Part|Voice#Pass
005.SCG*LB2.CP--++2.N.-3.4-4.5-6W6	eminentior	NO MATCH	100978	Case#Nom|Degree#Cmp|Gender#Fem|Number#Sing|Tense#Pres|VerbForm#Part|Voice#Act
005.SCG*LB4.CP-5++8.N.-6.5-3.9-5W9	fit	NO MATCH	102758	Aspect#Imp|Mood#Ind|Number#Sing|Person#3|Tense#Pres|VerbForm#Fin|Voice#Pass
005.SCG*LB2.CP-8++8.N.-4.9-5.11-2W5	fit	NO MATCH	102758	Mood#Ind|Number#Sing|Person#3|Tense#Pres|VerbForm#Fin|Voice#Pass
005.SCG*LB4.CP--++8.N.-7.30-1.30-5W1	dicit	NO MATCH	99301	Aspect#Imp|Mood#Ind|Number#Sing|Person#3|Tense#Pres|VerbForm#Fin|Voice#Act
005.SCG*LB1.CP-1++3.N.22.2-2.3-5W4	dici	NO MATCH	99301	Tense#Pres|VerbForm#Inf|Voice#Pass
005.SCG*LB3.CP13++6.N.17.1-1.5-6W34	deiici	NO MATCH	98373	Tense#Pres|VerbForm#Inf|Voice#Pass
005.SCG*LB4.CP-5++4.N.-4.37-1.37-7W5	dicitur	NO MATCH	99301	Aspect#Imp|Mood#Ind|Number#Sing|Person#3|Tense#Pres|VerbForm#Fin|Voice#Pass
005.SCG*LB3.CP-9++9.N.-2.4-3.7-5W21	agente	NO MATCH	88140	Case#Acc|Degree#Pos|Gender#Neut|Number#Sing|Tense#Pres|VerbForm#Part|Voice#Act
005.SCG*LB3.CP14++8.N.-7.8-1.8-4W4	dicitur	NO MATCH	99301	Mood#Ind|Number#Sing|Person#3|Tense#Pres|VerbForm#Fin|Voice#Pass
005.SCG*LB2.CP-7++3.N.26.8-3.12-2W6	fiunt	NO MATCH	102758	Mood#Ind|Number#Plur|Person#3|Tense#Pres|VerbForm#Fin|Voice#Pass
005.SCG*LB4.CP-2++4.N.12.21-1.25-8W10	dicere	NO MATCH	99301	Aspect#Imp|Tense#Pres|VerbForm#Inf|Voice#Act
005.SCG*LB4.CP-1++0.N.-4.20-1.24-8W4	dici	NO MATCH	99301	Aspect#Imp|Tense#Pres|VerbForm#Inf|Voice#Pass
005.SCG*LB2.CP-3++4.N.-4.4-6.5-7W10	incoepisset	NO MATCH	106965	Aspect#Perf|Mood#Sub|Number#Sing|Person#3|Tense#Pqp|VerbForm#Fin|Voice#Act
005.SCG*LB2.CP-9++2.N.-5.11-1.17-4W23	dictarum	NO MATCH	99301	Aspect#Perf|Case#Gen|Degree#Pos|Gender#Fem|Number#Plur|Tense#Past|VerbForm#Part|Voice#Pass
005.SCG*LB2.CP-8++5.N.11.1-1.5-2W22	dictum	NO MATCH	99301	Aspect#Perf|Case#Nom|Degree#Pos|Gender#Neut|Number#Sing|Tense#Past|VerbForm#Part|Voice#Pass
005.SCG*LB4.CP-5++8.N.-4.7-1.11-3W10	fit	NO MATCH	102758	Aspect#Imp|Mood#Ind|Number#Sing|Person#3|Tense#Pres|VerbForm#Fin|Voice#Pass
005.SCG*LB3.CP-8++0.N.13.6-1.8-4W5	dicit	NO MATCH	99301	Mood#Ind|Number#Sing|Person#3|Tense#Pres|VerbForm#Fin|Voice#Act
005.SCG*LB3.CP-9++8.N.-6.23-2.24-2W3	dicitur	NO MATCH	99301	Mood#Ind|Number#Sing|Person#3|Tense#Pres|VerbForm#Fin|Voice#Pass
005.SCG*LB3.CP-4++4.N.-4.21-4.23-1W11	praedicta	NO MATCH	118832	Aspect#Perf|Case#Abl|Degree#Pos|Gender#Fem|Number#Sing|Tense#Past|VerbForm#Part|Voice#Pass
005.SCG*LB4.CP-2++9.N.-5.8-2.10-8W12	dicens	NO MATCH	99301	Aspect#Imp|Case#Nom|Degree#Pos|Gender#Masc|Number#Sing|Tense#Pres|VerbForm#Part|Voice#Act
005.SCG*LB3.CP-6++4.N.13.1-1.3-4W10	dicebant	NO MATCH	99301	Aspect#Imp|Mood#Ind|Number#Plur|Person#3|Tense#Imp|VerbForm#Fin|Voice#Act
005.SCG*LB2.CP-3++5.N.-8.21-1.23-2W36	consequens	NO MATCH	96035	Case#Acc|Degree#Pos|Gender#Neut|Number#Sing|Tense#Pres|VerbForm#Part|Voice#Pass
005.SCG*LB2.CP-5++9.N.10.16-2.17-6W8	dicitur	NO MATCH	99301	Mood#Ind|Number#Sing|Person#3|Tense#Pres|VerbForm#Fin|Voice#Pass
005.SCG*LB4.CP-8++3.N.-6.10-3.13-2W5	dicentem	NO MATCH	99301	Aspect#Imp|Case#Acc|Degree#Pos|Gender#Masc|Number#Sing|Tense#Pres|VerbForm#Part|Voice#Act
005.SCG*LB2.CP-5++8.N.11.3-1.10-3W38	dicimus	NO MATCH	99301	Mood#Ind|Number#Plur|Person#1|Tense#Pres|VerbForm#Fin|Voice#Act
005.SCG*LB4.CP-2++9.N.11.6-3.9-1W11	diximus	NO MATCH	99301	Aspect#Perf|Mood#Ind|Number#Plur|Person#1|Tense#Past|VerbForm#Fin|Voice#Act
005.SCG*LB3.CP--++5.N.11.13-2.16-5W22	proiiciens	NO MATCH	119771	Case#Nom|Degree#Pos|Gender#Masc|Number#Sing|Tense#Pres|VerbForm#Part|Voice#Act
005.SCG*LB3.CP-2++6.N.19.35-4.42-3W16	congruentius	NO MATCH	95913	Degree#Cmp
005.SCG*LB4.CP-3++3.N.-2.1-1.3-1W7	praedicta	NO MATCH	118832	Aspect#Perf|Case#Acc|Degree#Pos|Gender#Neut|Number#Plur|Tense#Past|VerbForm#Part|Voice#Pass
005.SCG*LB4.CP-9++2.N.-6.4-3.5-2W3	dicitur	NO MATCH	99301	Aspect#Imp|Mood#Ind|Number#Sing|Person#3|Tense#Pres|VerbForm#Fin|Voice#Pass
005.SCG*LB2.CP-7++1.N.-1.1-1.7-6W26	dicit	NO MATCH	99301	Mood#Ind|Number#Sing|Person#3|Tense#Pres|VerbForm#Fin|Voice#Act
005.SCG*LB4.CP-6++2.N.-1.14-6.16-3W11	dici	NO MATCH	99301	Aspect#Imp|Tense#Pres|VerbForm#Inf|Voice#Pass
005.SCG*LB4.CP--++8.N.-3.34-6.35-3W1	dicit	NO MATCH	99301	Aspect#Imp|Mood#Ind|Number#Sing|Person#3|Tense#Pres|VerbForm#Fin|Voice#Act
005.SCG*LB3.CP11++0.N.-2.6-2.8-3W11	intense	NO MATCH	108382	Degree#Pos
005.SCG*LB4.CP-1++4.N.-8.18-4.23-6W25	puta	NO MATCH	120610	VerbForm#Fin
005.SCG*LB3.CP-5++2.N.-3.1-2.2-6W5	fit	NO MATCH	102758	Mood#Ind|Number#Sing|Person#3|Tense#Pres|VerbForm#Fin|Voice#Pass
005.SCG*LB3.CP12++0.N.21.1-2.5-5W9	fiant	NO MATCH	102758	Mood#Sub|Number#Plur|Person#3|Tense#Pres|VerbForm#Fin|Voice#Pass
005.SCG*LB3.CP10++4.N.-5.15-5.22-2W8	colloquentes	NO MATCH	94877	Case#Nom|Degree#Pos|Gender#Masc|Number#Plur|Tense#Pres|VerbForm#Part|Voice#Pass
005.SCG*LB4.CP-4++1.N.10.3-5.11-6W29	dicere	NO MATCH	99301	Aspect#Imp|Tense#Pres|VerbForm#Inf|Voice#Act
005.SCG*LB3.CP13++5.N.13.1-1.7-3W32	praedicta	NO MATCH	118832	Aspect#Perf|Case#Acc|Degree#Pos|Gender#Neut|Number#Plur|Tense#Past|VerbForm#Part|Voice#Pass
005.SCG*LB4.CP-2++3.N.-5.15-7.16-5W9	dicitur	NO MATCH	99301	Aspect#Imp|Mood#Ind|Number#Sing|Person#3|Tense#Pres|VerbForm#Fin|Voice#Pass
005.SCG*LB3.CP-5++3.N.-7.6-2.6-5W4	dicitur	NO MATCH	99301	Mood#Ind|Number#Sing|Person#3|Tense#Pres|VerbForm#Fin|Voice#Pass
005.SCG*LB2.CP-7++4.N.12.5-2.7-4W5	dicere	NO MATCH	99301	Tense#Pres|VerbForm#Inf|Voice#Act
005.SCG*LB1.CP-8++1.N.-4.11-2.14-1W18	essendi	NO MATCH	126689	Case#Gen|Degree#Pos|Number#Sing|VerbForm#Ger|Voice#Act
005.SCG*LB1.CP-3++9.N.-4.10-6.11-6W5	dici	NO MATCH	99301	Tense#Pres|VerbForm#Inf|Voice#Pass
005.SCG*LB4.CP--++6.N.-5.2-6.4-1W3	dicit	NO MATCH	99301	Aspect#Imp|Mood#Ind|Number#Sing|Person#3|Tense#Pres|VerbForm#Fin|Voice#Act
005.SCG*LB2.CP-2++6.N.-8.1-1.7-1W8	dicentium	NO MATCH	99301	Case#Gen|Degree#Pos|Gender#Masc|Number#Plur|Tense#Pres|VerbForm#Part|Voice#Act
005.SCG*LB1.CP-2++0.N.33.5-1.8-5W28	remotius	NO MATCH	122609	Aspect#Perf|Case#Nom|Degree#Cmp|Gender#Neut|Number#Sing|Tense#Past|VerbForm#Part|Voice#Pass
005.SCG*LB4.CP--++8.N.-8.12-5.13-6W5	dicitur	NO MATCH	99301	Aspect#Imp|Mood#Ind|Number#Sing|Person#3|Tense#Pres|VerbForm#Fin|Voice#Pass
005.SCG*LB3.CP-4++9.N.-8.16-4.19-8W12	dicitur	NO MATCH	99301	Mood#Ind|Number#Sing|Person#3|Tense#Pres|VerbForm#Fin|Voice#Pass
005.SCG*LB3.CP-7++2.N.-8.1-2.3-1W5	debite	NO MATCH	97963	Degree#Pos
005.SCG*LB2.CP-1++5.N.-5.9-4.10-5W5	essendi	NO MATCH	126689	Case#Gen|Degree#Pos|Number#Sing|VerbForm#Ger|Voice#Act
005.SCG*LB4.CP-7++9.N.-9.2-4.3-2W1	dicitur	NO MATCH	99301	Aspect#Imp|Mood#Ind|Number#Sing|Person#3|Tense#Pres|VerbForm#Fin|Voice#Pass
005.SCG*LB2.CP-5++0.N.-9.1-1.2-5W5	dicit	NO MATCH	99301	Mood#Ind|Number#Sing|Person#3|Tense#Pres|VerbForm#Fin|Voice#Act
005.SCG*LB4.CP-2++3.N.-7.20-1.24-4W31	dictum	NO MATCH	99301	Aspect#Perf|Case#Nom|Degree#Pos|Gender#Neut|Number#Sing|Tense#Past|VerbForm#Part|Voice#Pass
005.SCG*LB4.CP-5++4.N.-9.27-2.27-6W6	dicit	NO MATCH	99301	Aspect#Imp|Mood#Ind|Number#Sing|Person#3|Tense#Pres|VerbForm#Fin|Voice#Act
005.SCG*LB3.CP-5++3.N.-5.26-1.28-1W4	fiat	NO MATCH	102758	Mood#Sub|Number#Sing|Person#3|Tense#Pres|VerbForm#Fin|Voice#Pass
005.SCG*LB1.CP-3++0.N.-2.23-1.27-1W16	dicuntur	NO MATCH	99301	Mood#Ind|Number#Plur|Person#3|Tense#Pres|VerbForm#Fin|Voice#Pass
005.SCG*LB3.CP-6++3.N.-4.3-5.7-1W17	fiunt	NO MATCH	102758	Mood#Ind|Number#Plur|Person#3|Tense#Pres|VerbForm#Fin|Voice#Pass
005.SCG*LB2.CP-7++3.N.-9.5-1.8-3W3	dictam	NO MATCH	99301	Aspect#Perf|Case#Acc|Degree#Pos|Gender#Fem|Number#Sing|Tense#Past|VerbForm#Part|Voice#Pass
005.SCG*LB3.CP-4++7.N.-8.1-1.9-5W56	dictum	NO MATCH	99301	Aspect#Perf|Case#Nom|Degree#Pos|Gender#Neut|Number#Sing|Tense#Past|VerbForm#Part|Voice#Pass
005.SCG*LB3.CP-5++1.N.-6.6-1.6-5W2	dicitur	NO MATCH	99301	Mood#Ind|Number#Sing|Person#3|Tense#Pres|VerbForm#Fin|Voice#Pass
005.SCG*LB1.CP-1++3.N.27.1-1.4-3W16	dicuntur	NO MATCH	99301	Mood#Ind|Number#Plur|Person#3|Tense#Pres|VerbForm#Fin|Voice#Pass
005.SCG*LB4.CP-8++2.N.-3.6-2.8-1W14	dicens	NO MATCH	99301	Aspect#Imp|Case#Nom|Degree#Pos|Gender#Masc|Number#Sing|Tense#Pres|VerbForm#Part|Voice#Act
005.SCG*LB4.CP-3++4.N.25.26-2.28-6W4	dicantur	NO MATCH	99301	Aspect#Imp|Mood#Sub|Number#Plur|Person#3|Tense#Pres|VerbForm#Fin|Voice#Pass
005.SCG*LB2.CP-6++4.N.-1.1-1.3-2W3	praedictae	NO MATCH	118832	Aspect#Perf|Case#Dat|Degree#Pos|Gender#Fem|Number#Sing|Tense#Past|VerbForm#Part|Voice#Pass
005.SCG*LB4.CP-5++5.N.26.8-2.13-3W5	dictum	NO MATCH	99301	Aspect#Perf|Case#Nom|Degree#Pos|Gender#Neut|Number#Sing|Tense#Past|VerbForm#Part|Voice#Pass
005.SCG*LB3.CP14++2.N.-3.7-3.8-4W3	fieret	NO MATCH	102758	Aspect#Imp|Mood#Sub|Number#Sing|Person#3|Tense#Imp|VerbForm#Fin|Voice#Pass
005.SCG*LB3.CP-5++8.N.-5.1-1.3-1W12	dicit	NO MATCH	99301	Mood#Ind|Number#Sing|Person#3|Tense#Pres|VerbForm#Fin|Voice#Act
005.SCG*LB4.CP-7++9.N.-2.3-2.4-6W12	dicit	NO MATCH	99301	Aspect#Imp|Mood#Ind|Number#Sing|Person#3|Tense#Pres|VerbForm#Fin|Voice#Act
005.SCG*LB3.CP11++6.N.-6.2-6.5-2W5	dicitur	NO MATCH	99301	Mood#Ind|Number#Sing|Person#3|Tense#Pres|VerbForm#Fin|Voice#Pass
005.SCG*LB2.CP-3++7.N.-2.13-1.19-6W9	fieri	NO MATCH	102758	Tense#Pres|VerbForm#Inf|Voice#Pass
005.SCG*LB1.CP-3++4.N.-1.1-1.6-2W14	dicuntur	NO MATCH	99301	Mood#Ind|Number#Plur|Person#3|Tense#Pres|VerbForm#Fin|Voice#Pass
005.SCG*LB4.CP-7++7.N.-4.1-2.3-4W2	dicitur	NO MATCH	99301	Aspect#Imp|Mood#Ind|Number#Sing|Person#3|Tense#Pres|VerbForm#Fin|Voice#Pass
005.SCG*LB2.CP-7++2.N.-6.1-1.6-6W7	dictum	NO MATCH	99301	Aspect#Perf|Case#Nom|Degree#Pos|Gender#Neut|Number#Sing|Tense#Past|VerbForm#Part|Voice#Pass
005.SCG*LB4.CP-5++5.N.-2.1-1.3-1W9	fieri	NO MATCH	102758	Aspect#Imp|Tense#Pres|VerbForm#Inf|Voice#Pass
005.SCG*LB3.CP13++0.N.-4.1-1.2-3W3	dici	NO MATCH	99301	Tense#Pres|VerbForm#Inf|Voice#Pass
005.SCG*LB4.CP-2++0.N.-5.3-3.4-5W1	dicit	NO MATCH	99301	Aspect#Imp|Mood#Ind|Number#Sing|Person#3|Tense#Pres|VerbForm#Fin|Voice#Act
005.SCG*LB4.CP-5++5.N.13.23-3.26-3W17	dictum	NO MATCH	99301	Aspect#Perf|Case#Nom|Degree#Pos|Gender#Neut|Number#Sing|Tense#Past|VerbForm#Part|Voice#Pass
005.SCG*LB2.CP-1++9.N.-1.1-1.2-5W4	praedictis	NO MATCH	118832	Aspect#Perf|Case#Abl|Degree#Pos|Gender#Neut|Number#Plur|Tense#Past|VerbForm#Part|Voice#Pass
005.SCG*LB2.CP-8++4.N.-6.2-5.5-2W3	dicitur	NO MATCH	99301	Mood#Ind|Number#Sing|Person#3|Tense#Pres|VerbForm#Fin|Voice#Pass
005.SCG*LB1.CP-1++3.N.17.8-1.8-3W3	dicit	NO MATCH	99301	Mood#Ind|Number#Sing|Person#3|Tense#Pres|VerbForm#Fin|Voice#Act
005.SCG*LB4.CP-1++1.N.13.38-1.40-5W20	dici	NO MATCH	99301	Aspect#Imp|Tense#Pres|VerbForm#Inf|Voice#Pass
005.SCG*LB3.CP-7++7.N.-1.4-4.6-5W9	dicuntur	NO MATCH	99301	Mood#Ind|Number#Plur|Person#3|Tense#Pres|VerbForm#Fin|Voice#Pass
005.SCG*LB4.CP-3++4.N.22.10-3.12-4W22	fieret	NO MATCH	102758	Aspect#Imp|Mood#Sub|Number#Sing|Person#3|Tense#Imp|VerbForm#Fin|Voice#Pass
005.SCG*LB2.CP-6++8.N.10.1-1.12-3W21	praedictae	NO MATCH	118832	Aspect#Perf|Case#Nom|Degree#Pos|Gender#Fem|Number#Plur|Tense#Past|VerbForm#Part|Voice#Pass
005.SCG*LB3.CP10++4.N.-1.1-1.7-2W14	fiunt	NO MATCH	102758	Mood#Ind|Number#Plur|Person#3|Tense#Pres|VerbForm#Fin|Voice#Pass
005.SCG*LB1.CP-2++6.N.10.14-3.17-3W5	dixit	NO MATCH	99301	Aspect#Perf|Mood#Ind|Number#Sing|Person#3|Tense#Past|VerbForm#Fin|Voice#Act
005.SCG*LB4.CP-7++2.N.10.1-1.4-2W5	fit	NO MATCH	102758	Aspect#Imp|Mood#Ind|Number#Sing|Person#3|Tense#Pres|VerbForm#Fin|Voice#Pass
005.SCG*LB4.CP-4++6.N.-5.6-2.7-1W1	convenienter	NO MATCH	96424	Degree#Pos
005.SCG*LB2.CP-2++1.N.-4.10-1.11-5W4	essendi	NO MATCH	126689	Case#Gen|Degree#Pos|Number#Sing|VerbForm#Ger|Voice#Act
005.SCG*LB4.CP--++8.N.-8.45-1.46-2W8	dicitur	NO MATCH	99301	Aspect#Imp|Mood#Ind|Number#Sing|Person#3|Tense#Pres|VerbForm#Fin|Voice#Pass
005.SCG*LB3.CP-7++1.N.10.1-1.6-6W18	dicebant	NO MATCH	99301	Aspect#Imp|Mood#Ind|Number#Plur|Person#3|Tense#Imp|VerbForm#Fin|Voice#Act
005.SCG*LB4.CP--++6.N.-3.1-1.2-3W1	dicit	NO MATCH	99301	Aspect#Imp|Mood#Ind|Number#Sing|Person#3|Tense#Pres|VerbForm#Fin|Voice#Act
005.SCG*LB3.CP-8++0.N.10.7-4.11-1W3	dicit	NO MATCH	99301	Mood#Ind|Number#Sing|Person#3|Tense#Pres|VerbForm#Fin|Voice#Act
005.SCG*LB2.CP-7++8.N.-3.3-5.5-7W3	dicit	NO MATCH	99301	Mood#Ind|Number#Sing|Person#3|Tense#Pres|VerbForm#Fin|Voice#Act
005.SCG*LB4.CP--++7.N.19.1-1.7-5W5	dicere	NO MATCH	99301	Aspect#Imp|Tense#Pres|VerbForm#Inf|Voice#Act
005.SCG*LB1.CP-2++9.N.-6.2-5.5-2W6	dicit	NO MATCH	99301	Mood#Ind|Number#Sing|Person#3|Tense#Pres|VerbForm#Fin|Voice#Act
005.SCG*LB3.CP-5++7.N.-5.8-1.12-6W33	dicitur	NO MATCH	99301	Mood#Ind|Number#Sing|Person#3|Tense#Pres|VerbForm#Fin|Voice#Pass
005.SCG*LB4.CP-4++4.N.-4.5-2.7-3W3	fit	NO MATCH	102758	Aspect#Imp|Mood#Ind|Number#Sing|Person#3|Tense#Pres|VerbForm#Fin|Voice#Pass
005.SCG*LB1.CP-2++7.N.-9.1-1.8-2W8	dicebant	NO MATCH	99301	Aspect#Imp|Mood#Ind|Number#Plur|Person#3|Tense#Imp|VerbForm#Fin|Voice#Act
005.SCG*LB3.CP10++4.N.12.1-1.3-5W10	dixit	NO MATCH	99301	Aspect#Perf|Mood#Ind|Number#Sing|Person#3|Tense#Past|VerbForm#Fin|Voice#Act
005.SCG*LB4.CP-6++2.N.-1.6-3.8-5W1	dicunt	NO MATCH	99301	Aspect#Imp|Mood#Ind|Number#Plur|Person#3|Tense#Pres|VerbForm#Fin|Voice#Act
005.SCG*LB3.CP10++2.N.-7.12-6.14-5W4	fiunt	NO MATCH	102758	Mood#Ind|Number#Plur|Person#3|Tense#Pres|VerbForm#Fin|Voice#Pass
005.SCG*LB4.CP-9++6.N.-2.6-3.7-2W4	dicitur	NO MATCH	99301	Aspect#Imp|Mood#Ind|Number#Sing|Person#3|Tense#Pres|VerbForm#Fin|Voice#Pass
005.SCG*LB1.CP-5++6.N.-8.1-1.5-4W30	dicit	NO MATCH	99301	Mood#Ind|Number#Sing|Person#3|Tense#Pres|VerbForm#Fin|Voice#Act
005.SCG*LB1.CP10++2.N.-9.7-1.9-6W4	excellentissimam	NO MATCH	101840	Case#Acc|Degree#Sup|Gender#Fem|Number#Sing|Tense#Pres|VerbForm#Part|Voice#Act
005.SCG*LB4.CP-5++5.N.13.32-6.37-1W6	dicit	NO MATCH	99301	Aspect#Imp|Mood#Ind|Number#Sing|Person#3|Tense#Pres|VerbForm#Fin|Voice#Act
005.SCG*LB1.CP-7++6.N.-4.14-7.16-8W4	semotim	NO MATCH	124293	Degree#Pos
005.SCG*LB4.CP-5++5.N.19.1-1.4-1W5	dicitur	NO MATCH	99301	Aspect#Imp|Mood#Ind|Number#Sing|Person#3|Tense#Pres|VerbForm#Fin|Voice#Pass
005.SCG*LB1.CP-9++3.N.10.19-5.22-5W12	dicitur	NO MATCH	99301	Mood#Ind|Number#Sing|Person#3|Tense#Pres|VerbForm#Fin|Voice#Pass
005.SCG*LB4.CP-1++7.N.10.1-5.2-3W4	dicentis	NO MATCH	99301	Aspect#Imp|Case#Gen|Degree#Pos|Gender#Masc|Number#Sing|Tense#Pres|VerbForm#Part|Voice#Act
005.SCG*LB2.CP-5++8.N.-6.1-2.4-4W3	praedictum	NO MATCH	118832	Aspect#Perf|Case#Nom|Degree#Pos|Gender#Neut|Number#Sing|Tense#Past|VerbForm#Part|Voice#Pass
005.SCG*LB1.CP-6++9.N.15.4-4.7-5W11	dicit	NO MATCH	99301	Mood#Ind|Number#Sing|Person#3|Tense#Pres|VerbForm#Fin|Voice#Act
005.SCG*LB2.CP-8++5.N.10.2-4.6-7W29	dicebant	NO MATCH	99301	Aspect#Imp|Mood#Ind|Number#Plur|Person#3|Tense#Imp|VerbForm#Fin|Voice#Act
005.SCG*LB2.CP-7++9.N.-4.1-1.5-4W3	dicatur	NO MATCH	99301	Mood#Sub|Number#Sing|Person#3|Tense#Pres|VerbForm#Fin|Voice#Pass
005.SCG*LB2.CP-2++6.N.-9.5-3.6-1W4	dicitur	NO MATCH	99301	Mood#Ind|Number#Sing|Person#3|Tense#Pres|VerbForm#Fin|Voice#Pass
005.SCG*LB2.CP--++7.N.-2.3-2.4-1W7	essendi	NO MATCH	126689	Case#Gen|Degree#Pos|Number#Sing|VerbForm#Ger|Voice#Act
005.SCG*LB4.CP-2++3.N.-6.14-1.15-8W4	fit	NO MATCH	102758	Aspect#Imp|Mood#Ind|Number#Sing|Person#3|Tense#Pres|VerbForm#Fin|Voice#Pass
005.SCG*LB2.CP-5++5.N.-3.8-5.9-4W4	dicimus	NO MATCH	99301	Mood#Ind|Number#Plur|Person#1|Tense#Pres|VerbForm#Fin|Voice#Act
005.SCG*LB4.CP-9++5.N.-9.4-6.8-2W5	dictum	NO MATCH	99301	Aspect#Perf|Case#Nom|Degree#Pos|Gender#Neut|Number#Sing|Tense#Past|VerbForm#Part|Voice#Pass
005.SCG*LB4.CP-1++7.N.16.1-2.2-5W8	dicit	NO MATCH	99301	Aspect#Imp|Mood#Ind|Number#Sing|Person#3|Tense#Pres|VerbForm#Fin|Voice#Act
005.SCG*LB4.CP-2++5.N.-2.18-7.19-4W3	dicit	NO MATCH	99301	Aspect#Imp|Mood#Ind|Number#Sing|Person#3|Tense#Pres|VerbForm#Fin|Voice#Act
005.SCG*LB2.CP-6++8.N.-5.1-1.3-7W4	diceretur	NO MATCH	99301	Aspect#Imp|Mood#Sub|Number#Sing|Person#3|Tense#Imp|VerbForm#Fin|Voice#Pass
005.SCG*LB4.CP-9++0.N.-7.1-2.4-5W8	dicimus	NO MATCH	99301	Aspect#Imp|Mood#Ind|Number#Plur|Person#1|Tense#Pres|VerbForm#Fin|Voice#Act
005.SCG*LB3.CP-2++0.N.-7.10-1.14-3W12	dicitur	NO MATCH	99301	Mood#Ind|Number#Sing|Person#3|Tense#Pres|VerbForm#Fin|Voice#Pass
005.SCG*LB4.CP-1++6.N.13.1-1.5-7W12	dixit	NO MATCH	99301	Aspect#Perf|Mood#Ind|Number#Sing|Person#3|Tense#Past|VerbForm#Fin|Voice#Act
005.SCG*LB2.CP-8++0.N.13.15-1.20-1W32	dictis	NO MATCH	99301	Aspect#Perf|Case#Abl|Degree#Pos|Gender#Neut|Number#Plur|Tense#Past|VerbForm#Part|Voice#Pass
005.SCG*LB1.CP--++5.N.-5.10-1.15-1W6	dicit	NO MATCH	99301	Mood#Ind|Number#Sing|Person#3|Tense#Pres|VerbForm#Fin|Voice#Act
005.SCG*LB2.CP-9++8.N.-4.1-1.3-3W1	dicunt	NO MATCH	99301	Mood#Ind|Number#Plur|Person#3|Tense#Pres|VerbForm#Fin|Voice#Act
005.SCG*LB4.CP-5++5.N.12.17-3.17-6W4	dicebat	NO MATCH	99301	Aspect#Imp|Mood#Ind|Number#Sing|Person#3|Tense#Imp|VerbForm#Fin|Voice#Act
005.SCG*LB2.CP-2++0.N.-2.8-1.9-2W3	fit	NO MATCH	102758	Mood#Ind|Number#Sing|Person#3|Tense#Pres|VerbForm#Fin|Voice#Pass
005.SCG*LB3.CP14++4.N.-7.1-1.2-1W4	dicitur	NO MATCH	99301	Mood#Ind|Number#Sing|Person#3|Tense#Pres|VerbForm#Fin|Voice#Pass
005.SCG*LB1.CP-1++4.N.-4.7-2.8-1W1	dicitur	NO MATCH	99301	Mood#Ind|Number#Sing|Person#3|Tense#Pres|VerbForm#Fin|Voice#Pass
005.SCG*LB4.CP--++2.N.-4.1-1.4-9W19	dixit	NO MATCH	99301	Aspect#Perf|Mood#Ind|Number#Sing|Person#3|Tense#Past|VerbForm#Fin|Voice#Act
005.SCG*LB3.CP13++6.N.12.15-3.16-4W4	dicitur	NO MATCH	99301	Mood#Ind|Number#Sing|Person#3|Tense#Pres|VerbForm#Fin|Voice#Pass
005.SCG*LB2.CP--++4.N.-1.1-1.8-1W5	praedictis	NO MATCH	118832	Aspect#Perf|Case#Abl|Degree#Pos|Gender#Neut|Number#Plur|Tense#Past|VerbForm#Part|Voice#Pass
005.SCG*LB4.CP-7++4.N.-1.1-1.5-3W5	praedictis	NO MATCH	118832	Aspect#Perf|Case#Abl|Degree#Pos|Gender#Neut|Number#Plur|Tense#Past|VerbForm#Part|Voice#Pass
005.SCG*LB4.CP-4++5.N.-4.4-5.9-4W30	dicente	NO MATCH	99301	Aspect#Imp|Case#Abl|Degree#Pos|Gender#Masc|Number#Sing|Tense#Pres|VerbForm#Part|Voice#Act
005.SCG*LB3.CP15++4.N.17.1-1.7-4W17	fiunt	NO MATCH	102758	Mood#Ind|Number#Plur|Person#3|Tense#Pres|VerbForm#Fin|Voice#Pass
005.SCG*LB4.CP-7++9.N.-8.9-1.10-2W6	dicens	NO MATCH	99301	Aspect#Imp|Case#Nom|Degree#Pos|Gender#Masc|Number#Sing|Tense#Pres|VerbForm#Part|Voice#Act
005.SCG*LB4.CP--++4.N.16.9-4.13-2W4	dicuntur	NO MATCH	99301	Aspect#Imp|Mood#Ind|Number#Plur|Person#3|Tense#Pres|VerbForm#Fin|Voice#Pass
005.SCG*LB4.CP-3++3.N.--.1-1.5-1W4	dicentis	NO MATCH	99301	Aspect#Imp|Case#Gen|Degree#Pos|Gender#Masc|Number#Sing|Tense#Pres|VerbForm#Part|Voice#Act
005.SCG*LB4.CP-1++9.N.-9.13-3.13-7W4	dici	NO MATCH	99301	Aspect#Imp|Tense#Pres|VerbForm#Inf|Voice#Pass
005.SCG*LB3.CP10++9.N.-2.5-1.8-1W1	dicunt	NO MATCH	99301	Mood#Ind|Number#Plur|Person#3|Tense#Pres|VerbForm#Fin|Voice#Act
005.SCG*LB1.CP-2++5.N.10.1-1.3-5W7	dictis	NO MATCH	99301	Aspect#Perf|Case#Abl|Degree#Pos|Gender#Neut|Number#Plur|Tense#Past|VerbForm#Part|Voice#Pass
005.SCG*LB2.CP-9++2.N.-9.1-1.4-1W5	dicimus	NO MATCH	99301	Mood#Ind|Number#Plur|Person#1|Tense#Pres|VerbForm#Fin|Voice#Act
005.SCG*LB1.CP-4++2.N.-9.10-4.13-5W8	essendi	NO MATCH	126689	Case#Gen|Degree#Pos|Number#Sing|VerbForm#Ger|Voice#Act
005.SCG*LB4.CP-3++4.N.17.1-1.7-1W3	dicet	NO MATCH	99301	Aspect#Imp|Mood#Ind|Number#Sing|Person#3|Tense#Fut|VerbForm#Fin|Voice#Act
005.SCG*LB2.CP-7++5.N.14.3-1.5-5W16	dicitur	NO MATCH	99301	Mood#Ind|Number#Sing|Person#3|Tense#Pres|VerbForm#Fin|Voice#Pass
005.SCG*LB1.CP-2++0.N.27.10-7.13-5W18	dicit	NO MATCH	99301	Mood#Ind|Number#Sing|Person#3|Tense#Pres|VerbForm#Fin|Voice#Act
005.SCG*LB2.CP-1++3.N.-3.14-1.18-7W14	dicuntur	NO MATCH	99301	Mood#Ind|Number#Plur|Person#3|Tense#Pres|VerbForm#Fin|Voice#Pass
005.SCG*LB3.CP-8++0.N.-7.3-1.3-4W3	dicuntur	NO MATCH	99301	Mood#Ind|Number#Plur|Person#3|Tense#Pres|VerbForm#Fin|Voice#Pass
005.SCG*LB3.CP-6++1.N.-5.14-1.16-5W5	fit	NO MATCH	102758	Mood#Ind|Number#Sing|Person#3|Tense#Pres|VerbForm#Fin|Voice#Pass
005.SCG*LB3.CP-4++7.N.-4.5-1.11-5W1	dicit	NO MATCH	99301	Mood#Ind|Number#Sing|Person#3|Tense#Pres|VerbForm#Fin|Voice#Act
005.SCG*LB3.CP-4++4.N.-4.15-1.18-3W20	dicit	NO MATCH	99301	Mood#Ind|Number#Sing|Person#3|Tense#Pres|VerbForm#Fin|Voice#Act
005.SCG*LB2.CP-7++6.N.19.1-1.9-2W17	dicit	NO MATCH	99301	Mood#Ind|Number#Sing|Person#3|Tense#Pres|VerbForm#Fin|Voice#Act
005.SCG*LB3.CP14++1.N.-9.9-4.15-1W24	absolute	NO MATCH	87018	Degree#Pos
005.SCG*LB3.CP10++4.N.-3.2-5.4-5W7	praedictis	NO MATCH	118832	Aspect#Perf|Case#Abl|Degree#Pos|Gender#Fem|Number#Plur|Tense#Past|VerbForm#Part|Voice#Pass
005.SCG*LB4.CP-8++2.N.-2.5-5.6-3W3	dicit	NO MATCH	99301	Aspect#Imp|Mood#Ind|Number#Sing|Person#3|Tense#Pres|VerbForm#Fin|Voice#Act
005.SCG*LB2.CP-4++0.N.-5.3-3.5-8W9	fit	NO MATCH	102758	Mood#Ind|Number#Sing|Person#3|Tense#Pres|VerbForm#Fin|Voice#Pass
005.SCG*LB4.CP--++7.N.-2.6-4.7-2W6	dictum	NO MATCH	99301	Aspect#Perf|Case#Nom|Degree#Pos|Gender#Neut|Number#Sing|Tense#Past|VerbForm#Part|Voice#Pass
005.SCG*LB3.CP-5++1.N.-6.8-3.8-7W6	dicit	NO MATCH	99301	Mood#Ind|Number#Sing|Person#3|Tense#Pres|VerbForm#Fin|Voice#Act
005.SCG*LB2.CP-2++8.N.16.42-3.44-1W4	dicitur	NO MATCH	99301	Mood#Ind|Number#Sing|Person#3|Tense#Pres|VerbForm#Fin|Voice#Pass
005.SCG*LB4.CP-4++1.N.10.3-5.11-6W43	fiat	NO MATCH	102758	Aspect#Imp|Mood#Sub|Number#Sing|Person#3|Tense#Pres|VerbForm#Fin|Voice#Pass
005.SCG*LB4.CP-3++4.N.19.1-2.2-3W4	fit	NO MATCH	102758	Aspect#Imp|Mood#Ind|Number#Sing|Person#3|Tense#Pres|VerbForm#Fin|Voice#Pass
005.SCG*LB3.CP-5++8.N.-6.1-1.3-1W8	dicunt	NO MATCH	99301	Mood#Ind|Number#Plur|Person#3|Tense#Pres|VerbForm#Fin|Voice#Act
005.SCG*LB2.CP-2++5.N.24.12-1.15-2W20	dicuntur	NO MATCH	99301	Mood#Ind|Number#Plur|Person#3|Tense#Pres|VerbForm#Fin|Voice#Pass
005.SCG*LB1.CP-6++5.N.12.1-1.3-3W4	dictis	NO MATCH	99301	Aspect#Perf|Case#Abl|Degree#Pos|Gender#Neut|Number#Plur|Tense#Past|VerbForm#Part|Voice#Pass
005.SCG*LB4.CP-1++0.N.-9.7-6.10-1W10	praedicta	NO MATCH	118832	Aspect#Perf|Case#Acc|Degree#Pos|Gender#Neut|Number#Plur|Tense#Past|VerbForm#Part|Voice#Pass
005.SCG*LB1.CP-9++1.N.12.1-1.7-6W20	dici	NO MATCH	99301	Tense#Pres|VerbForm#Inf|Voice#Pass
005.SCG*LB2.CP-4++5.N.10.2-1.4-1W15	dixisset	NO MATCH	99301	Aspect#Perf|Mood#Sub|Number#Sing|Person#3|Tense#Pqp|VerbForm#Fin|Voice#Act
005.SCG*LB2.CP--++4.N.-6.13-1.15-9W18	dicta	NO MATCH	99301	Aspect#Perf|Case#Nom|Degree#Pos|Gender#Neut|Number#Plur|Tense#Past|VerbForm#Part|Voice#Pass
005.SCG*LB4.CP-2++3.N.-8.26-1.30-4W12	abundantius	NO MATCH	87053	Degree#Cmp
005.SCG*LB1.CP-6++0.N.-6.1-1.2-6W8	dicentis	NO MATCH	99301	Case#Gen|Degree#Pos|Gender#Masc|Number#Sing|Tense#Pres|VerbForm#Part|Voice#Act
005.SCG*LB1.CP-5++9.N.-6.1-1.1-7W5	dicitur	NO MATCH	99301	Mood#Ind|Number#Sing|Person#3|Tense#Pres|VerbForm#Fin|Voice#Pass
005.SCG*LB4.CP-3++5.N.10.7-7.8-5W7	dici	NO MATCH	99301	Aspect#Imp|Tense#Pres|VerbForm#Inf|Voice#Pass
005.SCG*LB4.CP--++3.N.-1.17-4.18-5W9	consequentibus	NO MATCH	96035	Aspect#Imp|Case#Abl|Degree#Pos|Gender#Neut|Number#Plur|Tense#Pres|VerbForm#Part|Voice#Pass
005.SCG*LB2.CP-8++3.N.23.2-4.6-2W23	dictum	NO MATCH	99301	Aspect#Perf|Case#Nom|Degree#Pos|Gender#Neut|Number#Sing|Tense#Past|VerbForm#Part|Voice#Pass
005.SCG*LB1.CP-3++2.N.-3.8-3.11-2W18	essendi	NO MATCH	126689	Case#Gen|Degree#Pos|Number#Sing|VerbForm#Ger|Voice#Act
005.SCG*LB1.CP-4++2.N.11.8-6.10-2W11	necesse-esse	NO MATCH	126689	Tense#Pres|VerbForm#Inf|Voice#Act
005.SCG*LB3.CP--++1.N.-6.5-2.11-5W15	dicit	NO MATCH	99301	Mood#Ind|Number#Sing|Person#3|Tense#Pres|VerbForm#Fin|Voice#Act
005.SCG*LB2.CP-4++5.N.-3.1-2.4-2W14	fiunt	NO MATCH	102758	Mood#Ind|Number#Plur|Person#3|Tense#Pres|VerbForm#Fin|Voice#Pass
005.SCG*LB3.CP-4++7.N.-4.12-6.15-1W7	dicis	NO MATCH	99301	Mood#Ind|Number#Sing|Person#2|Tense#Pres|VerbForm#Fin|Voice#Act
005.SCG*LB3.CP15++1.N.-6.5-3.9-5W11	fieri	NO MATCH	102758	Tense#Pres|VerbForm#Inf|Voice#Pass
005.SCG*LB4.CP-1++7.N.20.5-6.10-1W26	dicit	NO MATCH	99301	Aspect#Imp|Mood#Ind|Number#Sing|Person#3|Tense#Pres|VerbForm#Fin|Voice#Act
005.SCG*LB1.CP-2++8.N.-2.7-1.10-6W17	dicitur	NO MATCH	99301	Mood#Ind|Number#Sing|Person#3|Tense#Pres|VerbForm#Fin|Voice#Pass
005.SCG*LB3.CP-8++4.N.-9.17-4.20-7W9	dicebant	NO MATCH	99301	Aspect#Imp|Mood#Ind|Number#Plur|Person#3|Tense#Imp|VerbForm#Fin|Voice#Act
005.SCG*LB2.CP-2++1.N.10.14-3.15-7W13	fiet	NO MATCH	102758	Mood#Ind|Number#Sing|Person#3|Tense#Fut|VerbForm#Fin|Voice#Pass
005.SCG*LB3.CP-4++4.N.-2.8-6.11-4W10	praedictas	NO MATCH	118832	Aspect#Perf|Case#Acc|Degree#Pos|Gender#Fem|Number#Plur|Tense#Past|VerbForm#Part|Voice#Pass
005.SCG*LB4.CP-5++2.N.-6.1-1.5-6W13	dicimus	NO MATCH	99301	Aspect#Imp|Mood#Ind|Number#Plur|Person#1|Tense#Pres|VerbForm#Fin|Voice#Act
005.SCG*LB2.CP-6++3.N.-1.6-1.9-3W4	dicendum	NO MATCH	99301	Case#Acc|Degree#Pos|Number#Sing|VerbForm#Ger|Voice#Act
005.SCG*LB3.CP-5++7.N.-3.19-6.22-6W13	praedictum	NO MATCH	118832	Aspect#Perf|Case#Acc|Degree#Pos|Gender#Neut|Number#Sing|Tense#Past|VerbForm#Part|Voice#Pass
005.SCG*LB2.CP-3++5.N.-5.6-7.9-5W15	incoepit	NO MATCH	106965	Aspect#Perf|Mood#Ind|Number#Sing|Person#3|Tense#Past|VerbForm#Fin|Voice#Act
005.SCG*LB1.CP-3++0.N.-1.1-1.4-4W12	dici	NO MATCH	99301	Tense#Pres|VerbForm#Inf|Voice#Pass
005.SCG*LB2.CP-1++3.N.-4.1-1.3-6W11	praedictae	NO MATCH	118832	Aspect#Perf|Case#Nom|Degree#Pos|Gender#Fem|Number#Plur|Tense#Past|VerbForm#Part|Voice#Pass
005.SCG*LB2.CP-6++0.N.-5.20-5.23-3W4	dicit	NO MATCH	99301	Mood#Ind|Number#Sing|Person#3|Tense#Pres|VerbForm#Fin|Voice#Act
005.SCG*LB3.CP13++0.N.-2.20-5.21-4W4	dicitur	NO MATCH	99301	Mood#Ind|Number#Sing|Person#3|Tense#Pres|VerbForm#Fin|Voice#Pass
005.SCG*LB3.CP-9++7.N.-3.26-4.27-4W7	speculanti	NO MATCH	125314	Case#Dat|Degree#Pos|Gender#Masc|Number#Sing|Tense#Pres|VerbForm#Part|Voice#Pass
005.SCG*LB4.CP-8++6.N.-5.11-2.11-6W4	dicit	NO MATCH	99301	Aspect#Imp|Mood#Ind|Number#Sing|Person#3|Tense#Pres|VerbForm#Fin|Voice#Act
005.SCG*LB2.CP-5++9.N.14.7-5.12-4W8	fiunt	NO MATCH	102758	Mood#Ind|Number#Plur|Person#3|Tense#Pres|VerbForm#Fin|Voice#Pass
005.SCG*LB1.CP--++5.N.-5.7-2.9-4W4	dicit	NO MATCH	99301	Mood#Ind|Number#Sing|Person#3|Tense#Pres|VerbForm#Fin|Voice#Act
005.SCG*LB3.CP15++4.N.14.25-2.33-2W15	praedicti	NO MATCH	118832	Aspect#Perf|Case#Nom|Degree#Pos|Gender#Masc|Number#Plur|Tense#Past|VerbForm#Part|Voice#Pass
005.SCG*LB1.CP-3++0.N.-4.1-1.7-6W42	dicitur	NO MATCH	99301	Mood#Ind|Number#Sing|Person#3|Tense#Pres|VerbForm#Fin|Voice#Pass
005.SCG*LB1.CP-4++2.N.-9.53-3.54-5W5	necesse-esse	NO MATCH	126689	Tense#Pres|VerbForm#Inf|Voice#Act
005.SCG*LB3.CP13++5.N.17.8-6.14-3W17	fiunt	NO MATCH	102758	Mood#Ind|Number#Plur|Person#3|Tense#Pres|VerbForm#Fin|Voice#Pass
005.SCG*LB4.CP-3++9.N.-2.2-6.6-1W8	dicuntur	NO MATCH	99301	Aspect#Imp|Mood#Ind|Number#Plur|Person#3|Tense#Pres|VerbForm#Fin|Voice#Pass
005.SCG*LB1.CP-8++0.N.-2.4-5.6-6W4	volito	NO MATCH	130745	Aspect#Perf|Case#Abl|Degree#Pos|Gender#Neut|Number#Sing|Tense#Past|VerbForm#Part|VerbType#Mod|Voice#Pass
005.SCG*LB1.CP-2++9.N.-2.12-5.17-4W28	dicitur	NO MATCH	99301	Mood#Ind|Number#Sing|Person#3|Tense#Pres|VerbForm#Fin|Voice#Pass
005.SCG*LB2.CP-8++8.N.-7.9-7.10-6W4	fieri	NO MATCH	102758	Tense#Pres|VerbForm#Inf|Voice#Pass
005.SCG*LB1.CP-5++9.N.-2.6-4.12-7W28	dicit	NO MATCH	99301	Mood#Ind|Number#Sing|Person#3|Tense#Pres|VerbForm#Fin|Voice#Act
005.SCG*LB1.CP-1++6.N.-3.4-6.7-3W12	educatur	NO MATCH	100588	Mood#Sub|Number#Sing|Person#3|Tense#Pres|VerbForm#Fin|Voice#Pass
005.SCG*LB4.CP-1++6.N.11.3-2.5-7W12	dicitur	NO MATCH	99301	Aspect#Imp|Mood#Ind|Number#Sing|Person#3|Tense#Pres|VerbForm#Fin|Voice#Pass
005.SCG*LB4.CP-2++4.N.-4.1-2.2-3W4	dicit	NO MATCH	99301	Aspect#Imp|Mood#Ind|Number#Sing|Person#3|Tense#Pres|VerbForm#Fin|Voice#Act
005.SCG*LB3.CP10++2.N.-6.15-1.18-3W5	fiunt	NO MATCH	102758	Mood#Ind|Number#Plur|Person#3|Tense#Pres|VerbForm#Fin|Voice#Pass
005.SCG*LB4.CP--++5.N.-5.7-3.10-5W12	dicitur	NO MATCH	99301	Aspect#Imp|Mood#Ind|Number#Sing|Person#3|Tense#Pres|VerbForm#Fin|Voice#Pass
005.SCG*LB1.CP-1++2.N.-2.1-1.3-6W4	dicendum	NO MATCH	99301	Case#Acc|Degree#Pos|Number#Sing|VerbForm#Ger|Voice#Act
005.SCG*LB4.CP--++6.N.10.3-4.4-2W1	dicit	NO MATCH	99301	Aspect#Imp|Mood#Ind|Number#Sing|Person#3|Tense#Pres|VerbForm#Fin|Voice#Act
005.SCG*LB3.CP-5++7.N.-2.4-3.6-6W3	fit	NO MATCH	102758	Mood#Ind|Number#Sing|Person#3|Tense#Pres|VerbForm#Fin|Voice#Pass
005.SCG*LB1.CP-1++3.N.13.1-1.3-2W7	praedicta	NO MATCH	118832	Aspect#Perf|Case#Nom|Degree#Pos|Gender#Neut|Number#Plur|Tense#Past|VerbForm#Part|Voice#Pass
005.SCG*LB1.CP-4++4.N.-9.2-3.3-3W1	dicitur	NO MATCH	99301	Mood#Ind|Number#Sing|Person#3|Tense#Pres|VerbForm#Fin|Voice#Pass
005.SCG*LB2.CP-3++7.N.-4.4-3.7-5W10	essendi	NO MATCH	126689	Case#Gen|Degree#Pos|Number#Sing|VerbForm#Ger|Voice#Act
005.SCG*LB4.CP-9++0.N.-8.1-1.8-4W45	dicta	NO MATCH	99301	Aspect#Perf|Case#Nom|Degree#Pos|Gender#Neut|Number#Plur|Tense#Past|VerbForm#Part|Voice#Pass
005.SCG*LB3.CP-7++7.N.-7.1-1.1-6W6	dicitur	NO MATCH	99301	Mood#Ind|Number#Sing|Person#3|Tense#Pres|VerbForm#Fin|Voice#Pass
005.SCG*LB4.CP-4++1.N.-5.1-1.2-3W3	dictum	NO MATCH	99301	Aspect#Perf|Case#Nom|Degree#Pos|Gender#Neut|Number#Sing|Tense#Past|VerbForm#Part|Voice#Pass
005.SCG*LB3.CP15++0.N.-7.1-2.3-6W13	dictis	NO MATCH	99301	Aspect#Perf|Case#Abl|Degree#Pos|Gender#Neut|Number#Plur|Tense#Past|VerbForm#Part|Voice#Pass
005.SCG*LB2.CP-1++5.N.-2.22-1.22-8W3	dicitur	NO MATCH	99301	Mood#Ind|Number#Sing|Person#3|Tense#Pres|VerbForm#Fin|Voice#Pass
005.SCG*LB4.CP-3++4.N.-1.1-1.4-1W18	dixerunt	NO MATCH	99301	Aspect#Perf|Mood#Ind|Number#Plur|Person#3|Tense#Past|VerbForm#Fin|Voice#Act
005.SCG*LB2.CP-7++5.N.15.32-2.40-1W26	fit	NO MATCH	102758	Mood#Ind|Number#Sing|Person#3|Tense#Pres|VerbForm#Fin|Voice#Pass
005.SCG*LB4.CP-5++5.N.19.32-2.35-5W23	abiectissimam	NO MATCH	86884	Aspect#Perf|Case#Acc|Degree#Sup|Gender#Fem|Number#Sing|Tense#Past|VerbForm#Part|Voice#Pass
005.SCG*LB4.CP--++1.N.10.8-3.9-5W8	dicit	NO MATCH	99301	Aspect#Imp|Mood#Ind|Number#Sing|Person#3|Tense#Pres|VerbForm#Fin|Voice#Act
005.SCG*LB3.CP11++9.N.-6.11-4.14-6W22	dictum	NO MATCH	99301	Aspect#Perf|Case#Nom|Degree#Pos|Gender#Neut|Number#Sing|Tense#Past|VerbForm#Part|Voice#Pass
005.SCG*LB3.CP-5++0.N.-7.14-1.15-2W6	praedicta	NO MATCH	118832	Aspect#Perf|Case#Abl|Degree#Pos|Gender#Fem|Number#Sing|Tense#Past|VerbForm#Part|Voice#Pass
005.SCG*LB1.CP-7++1.N.12.10-2.11-5W3	consequens	NO MATCH	96035	Case#Acc|Degree#Pos|Gender#Neut|Number#Sing|Tense#Pres|VerbForm#Part|Voice#Pass
005.SCG*LB4.CP-1++1.N.16.14-4.17-4W22	dicente	NO MATCH	99301	Aspect#Imp|Case#Abl|Degree#Pos|Gender#Masc|Number#Sing|Tense#Pres|VerbForm#Part|Voice#Act
005.SCG*LB2.CP-3++0.N.17.22-7.25-7W12	dicimus	NO MATCH	99301	Mood#Ind|Number#Plur|Person#1|Tense#Pres|VerbForm#Fin|Voice#Act
005.SCG*LB4.CP-9++7.N.-2.5-5.7-1W4	dicitur	NO MATCH	99301	Aspect#Imp|Mood#Ind|Number#Sing|Person#3|Tense#Pres|VerbForm#Fin|Voice#Pass
005.SCG*LB4.CP-7++3.N.-2.22-1.31-3W26	praedictos	NO MATCH	118832	Aspect#Perf|Case#Acc|Degree#Pos|Gender#Masc|Number#Plur|Tense#Past|VerbForm#Part|Voice#Pass
005.SCG*LB1.CP-7++0.N.-3.6-1.6-4W4	dicitur	NO MATCH	99301	Mood#Ind|Number#Sing|Person#3|Tense#Pres|VerbForm#Fin|Voice#Pass
005.SCG*LB2.CP--++6.N.-5.6-3.8-2W16	essendi	NO MATCH	126689	Case#Gen|Degree#Pos|Number#Sing|VerbForm#Ger|Voice#Act
005.SCG*LB2.CP-7++8.N.12.7-2.14-2W4	dicatur	NO MATCH	99301	Mood#Sub|Number#Sing|Person#3|Tense#Pres|VerbForm#Fin|Voice#Pass
005.SCG*LB3.CP10++4.N.-6.11-2.12-4W6	fieri	NO MATCH	102758	Tense#Pres|VerbForm#Inf|Voice#Pass
005.SCG*LB3.CP15++9.N.-1.7-5.11-5W10	praedictis	NO MATCH	118832	Aspect#Perf|Case#Abl|Degree#Pos|Gender#Neut|Number#Plur|Tense#Past|VerbForm#Part|Voice#Pass
005.SCG*LB2.CP-8++3.N.25.44-3.51-6W10	dicentes	NO MATCH	99301	Case#Nom|Degree#Pos|Gender#Masc|Number#Plur|Tense#Pres|VerbForm#Part|Voice#Act
005.SCG*LB4.CP-3++4.N.28.5-6.10-7W5	dici	NO MATCH	99301	Aspect#Imp|Tense#Pres|VerbForm#Inf|Voice#Pass
005.SCG*LB3.CP12++2.N.-2.1-1.4-1W9	dicat	NO MATCH	99301	Mood#Sub|Number#Sing|Person#3|Tense#Pres|VerbForm#Fin|Voice#Act
005.SCG*LB4.CP--++7.N.13.10-3.14-7W12	dixit	NO MATCH	99301	Aspect#Perf|Mood#Ind|Number#Sing|Person#3|Tense#Past|VerbForm#Fin|Voice#Act
005.SCG*LB4.CP--++1.N.-6.29-3.32-5W7	praedictas	NO MATCH	118832	Aspect#Perf|Case#Acc|Degree#Pos|Gender#Fem|Number#Plur|Tense#Past|VerbForm#Part|Voice#Pass
005.SCG*LB1.CP-9++1.N.10.10-1.12-1W3	dicit	NO MATCH	99301	Mood#Ind|Number#Sing|Person#3|Tense#Pres|VerbForm#Fin|Voice#Act
005.SCG*LB4.CP-1++2.N.-2.14-4.15-1W3	fit	NO MATCH	102758	Aspect#Imp|Mood#Ind|Number#Sing|Person#3|Tense#Pres|VerbForm#Fin|Voice#Pass
005.SCG*LB2.CP-8++2.N.-3.8-2.10-4W14	dicit	NO MATCH	99301	Mood#Ind|Number#Sing|Person#3|Tense#Pres|VerbForm#Fin|Voice#Act
005.SCG*LB3.CP--++8.N.-8.23-2.25-3W11	dicitur	NO MATCH	99301	Mood#Ind|Number#Sing|Person#3|Tense#Pres|VerbForm#Fin|Voice#Pass
005.SCG*LB4.CP-3++4.N.-6.5-6.7-6W5	dictus	NO MATCH	99301	Aspect#Perf|Case#Nom|Degree#Pos|Gender#Masc|Number#Sing|Tense#Past|VerbForm#Part|Voice#Pass
005.SCG*LB3.CP-6++2.N.11.4-1.6-7W20	dicitur	NO MATCH	99301	Mood#Ind|Number#Sing|Person#3|Tense#Pres|VerbForm#Fin|Voice#Pass
005.SCG*LB3.CP-8++9.N.-1.10-7.12-4W13	praedictas	NO MATCH	118832	Aspect#Perf|Case#Acc|Degree#Pos|Gender#Fem|Number#Plur|Tense#Past|VerbForm#Part|Voice#Pass
005.SCG*LB1.CP-7++2.N.-2.2-5.5-4W19	volitum	NO MATCH	130745	Aspect#Perf|Case#Nom|Degree#Pos|Gender#Neut|Number#Sing|Tense#Past|VerbForm#Part|VerbType#Mod|Voice#Pass
005.SCG*LB1.CP-6++6.N.14.3-2.3-5W1	dicitur	NO MATCH	99301	Mood#Ind|Number#Sing|Person#3|Tense#Pres|VerbForm#Fin|Voice#Pass
005.SCG*LB1.CP-2++6.N.10.18-1.23-3W7	apertius	NO MATCH	89397	Degree#Cmp
005.SCG*LB3.CP-8++5.N.-7.6-5.7-5W5	consequens	NO MATCH	96035	Case#Nom|Degree#Pos|Gender#Fem|Number#Sing|Tense#Pres|VerbForm#Part|Voice#Pass
005.SCG*LB1.CP--++2.N.-3.2-6.6-1W11	dicta	NO MATCH	99301	Case#Nom|Degree#Pos|Gender#Neut|Number#Plur
005.SCG*LB1.CP--++2.N.-3.2-6.6-1W11	dicta	NO MATCH	99302	Case#Nom|Degree#Pos|Gender#Neut|Number#Plur
005.SCG*LB3.CP11++2.N.10.5-3.9-1W6	dicuntur	NO MATCH	99301	Mood#Ind|Number#Plur|Person#3|Tense#Pres|VerbForm#Fin|Voice#Pass
005.SCG*LB3.CP12++7.N.-4.21-1.27-2W16	puta	NO MATCH	120610	
005.SCG*LB3.CP-2++4.N.-8.1-1.5-6W12	eminentius	NO MATCH	100978	Case#Nom|Degree#Cmp|Gender#Neut|Number#Sing|Tense#Pres|VerbForm#Part|Voice#Act
005.SCG*LB3.CP15++4.N.13.6-5.12-5W4	fiat	NO MATCH	102758	Mood#Sub|Number#Sing|Person#3|Tense#Pres|VerbForm#Fin|Voice#Pass
005.SCG*LB4.CP-5++3.N.26.1-2.5-3W7	sufficienter	NO MATCH	126601	Degree#Pos
005.SCG*LB3.CP-9++0.N.-7.5-7.7-2W5	dicitur	NO MATCH	99301	Mood#Ind|Number#Sing|Person#3|Tense#Pres|VerbForm#Fin|Voice#Pass
005.SCG*LB3.CP-1++7.N.10.1-1.2-1W4	dicitur	NO MATCH	99301	Mood#Ind|Number#Sing|Person#3|Tense#Pres|VerbForm#Fin|Voice#Pass
005.SCG*LB2.CP-3++9.N.-8.1-1.5-8W17	dicatur	NO MATCH	99301	Mood#Sub|Number#Sing|Person#3|Tense#Pres|VerbForm#Fin|Voice#Pass
005.SCG*LB3.CP-8++0.N.11.3-3.8-1W14	dicit	NO MATCH	99301	Mood#Ind|Number#Sing|Person#3|Tense#Pres|VerbForm#Fin|Voice#Act
005.SCG*LB2.CP-6++2.N.-1.7-4.12-4W25	consequentem	NO MATCH	96035	Case#Acc|Degree#Pos|Gender#Fem|Number#Sing|Tense#Pres|VerbForm#Part|Voice#Pass
005.SCG*LB4.CP-1++1.N.18.65-1.69-5W28	dicitur	NO MATCH	99301	Aspect#Imp|Mood#Ind|Number#Sing|Person#3|Tense#Pres|VerbForm#Fin|Voice#Pass
005.SCG*LB4.CP--++4.N.-2.12-3.12-6W1	dicitur	NO MATCH	99301	Aspect#Imp|Mood#Ind|Number#Sing|Person#3|Tense#Pres|VerbForm#Fin|Voice#Pass
005.SCG*LB2.CP-7++6.N.11.6-1.13-2W28	fit	NO MATCH	102758	Mood#Ind|Number#Sing|Person#3|Tense#Pres|VerbForm#Fin|Voice#Pass
005.SCG*LB4.CP-6++6.N.-8.4-4.10-1W1	dicunt	NO MATCH	99301	Aspect#Imp|Mood#Ind|Number#Plur|Person#3|Tense#Pres|VerbForm#Fin|Voice#Act
005.SCG*LB4.CP-1++1.N.17.5-4.7-4W5	dictis	NO MATCH	99301	Aspect#Perf|Case#Dat|Degree#Pos|Gender#Neut|Number#Plur|Tense#Past|VerbForm#Part|Voice#Pass
005.SCG*LB2.CP-3++4.N.-5.1-2.2-3W6	fit	NO MATCH	102758	Mood#Ind|Number#Sing|Person#3|Tense#Pres|VerbForm#Fin|Voice#Pass
005.SCG*LB1.CP-2++0.N.35.8-5.10-2W3	praedictae	NO MATCH	118832	Aspect#Perf|Case#Nom|Degree#Pos|Gender#Fem|Number#Plur|Tense#Past|VerbForm#Part|Voice#Pass
005.SCG*LB3.CP-7++3.N.-7.1-1.5-2W23	dicebant	NO MATCH	99301	Aspect#Imp|Mood#Ind|Number#Plur|Person#3|Tense#Imp|VerbForm#Fin|Voice#Act
005.SCG*LB3.CP-2++3.N.-7.14-1.16-2W16	praedictis	NO MATCH	118832	Aspect#Perf|Case#Abl|Degree#Pos|Gender#Neut|Number#Plur|Tense#Past|VerbForm#Part|Voice#Pass
005.SCG*LB1.CP-3++6.N.-2.9-1.14-2W16	dicit	NO MATCH	99301	Mood#Ind|Number#Sing|Person#3|Tense#Pres|VerbForm#Fin|Voice#Act
005.SCG*LB4.CP--++9.N.-3.13-4.16-6W13	dici	NO MATCH	99301	Aspect#Imp|Tense#Pres|VerbForm#Inf|Voice#Pass
005.SCG*LB4.CP-3++4.N.26.21-4.22-3W2	consequenter	NO MATCH	96035	Degree#Pos
005.SCG*LB3.CP-6++6.N.-8.2-7.4-2W6	dicitur	NO MATCH	99301	Mood#Ind|Number#Sing|Person#3|Tense#Pres|VerbForm#Fin|Voice#Pass
005.SCG*LB4.CP--++8.N.10.1-1.5-1W3	dicitur	NO MATCH	99301	Aspect#Imp|Mood#Ind|Number#Sing|Person#3|Tense#Pres|VerbForm#Fin|Voice#Pass
005.SCG*LB3.CP-1++7.N.-9.6-6.9-6W3	fit	NO MATCH	102758	Mood#Ind|Number#Sing|Person#3|Tense#Pres|VerbForm#Fin|Voice#Pass
005.SCG*LB2.CP-7++4.N.-1.3-2.6-1W1	dicit	NO MATCH	99301	Mood#Ind|Number#Sing|Person#3|Tense#Pres|VerbForm#Fin|Voice#Act
005.SCG*LB3.CP12++0.N.15.1-1.4-6W9	dicat	NO MATCH	99301	Mood#Sub|Number#Sing|Person#3|Tense#Pres|VerbForm#Fin|Voice#Act
005.SCG*LB2.CP-6++0.N.-2.20-2.25-4W8	praedictus	NO MATCH	118832	Aspect#Perf|Case#Nom|Degree#Pos|Gender#Masc|Number#Sing|Tense#Past|VerbForm#Part|Voice#Pass
005.SCG*LB1.CP-2++0.N.13.14-1.16-2W4	praedicta	NO MATCH	118832	Aspect#Perf|Case#Nom|Degree#Pos|Gender#Fem|Number#Sing|Tense#Past|VerbForm#Part|Voice#Pass
005.SCG*LB1.CP-9++3.N.11.7-1.9-1W7	dicimur	NO MATCH	99301	Mood#Ind|Number#Plur|Person#1|Tense#Pres|VerbForm#Fin|Voice#Pass
005.SCG*LB4.CP-2++3.N.-7.10-4.14-3W18	dicitur	NO MATCH	99301	Aspect#Imp|Mood#Ind|Number#Sing|Person#3|Tense#Pres|VerbForm#Fin|Voice#Pass
005.SCG*LB3.CP11++2.N.-3.9-5.12-4W10	puta	NO MATCH	120610	
005.SCG*LB4.CP-5++5.N.11.63-5.68-3W26	desiderantius	NO MATCH	98900	Degree#Cmp
005.SCG*LB2.CP-3++5.N.-8.1-1.4-4W13	convenientius	NO MATCH	96424	Degree#Cmp
005.SCG*LB4.CP-7++4.N.-7.26-3.28-5W16	dixit	NO MATCH	99301	Aspect#Perf|Mood#Ind|Number#Sing|Person#3|Tense#Past|VerbForm#Fin|Voice#Act
005.SCG*LB4.CP-4++9.N.-6.4-5.7-8W25	dictum	NO MATCH	99301	Aspect#Perf|Case#Nom|Degree#Pos|Gender#Neut|Number#Sing|Tense#Past|VerbForm#Part|Voice#Pass
005.SCG*LB3.CP-8++4.N.14.18-1.19-5W2	dicitur	NO MATCH	99301	Mood#Ind|Number#Sing|Person#3|Tense#Pres|VerbForm#Fin|Voice#Pass
005.SCG*LB1.CP-9++3.N.-6.7-3.7-6W4	dicitur	NO MATCH	99301	Mood#Ind|Number#Sing|Person#3|Tense#Pres|VerbForm#Fin|Voice#Pass
005.SCG*LB1.CP-8++2.N.-9.26-1.27-4W4	praedictae	NO MATCH	118832	Aspect#Perf|Case#Gen|Degree#Pos|Gender#Fem|Number#Sing|Tense#Past|VerbForm#Part|Voice#Pass
005.SCG*LB4.CP--++8.N.-6.9-3.13-2W14	dicitur	NO MATCH	99301	Aspect#Imp|Mood#Ind|Number#Sing|Person#3|Tense#Pres|VerbForm#Fin|Voice#Pass
005.SCG*LB4.CP-2++4.N.-4.3-5.5-2W4	dici	NO MATCH	99301	Aspect#Imp|Tense#Pres|VerbForm#Inf|Voice#Pass
005.SCG*LB1.CP-8++8.N.-5.1-2.3-2W9	dicitur	NO MATCH	99301	Mood#Ind|Number#Sing|Person#3|Tense#Pres|VerbForm#Fin|Voice#Pass
005.SCG*LB4.CP-7++2.N.-5.2-6.6-2W28	dicta	NO MATCH	99301	Aspect#Perf|Case#Nom|Degree#Pos|Gender#Neut|Number#Plur|Tense#Past|VerbForm#Part|Voice#Pass
005.SCG*LB3.CP10++5.N.-4.1-1.11-1W4	dicat	NO MATCH	99301	Mood#Sub|Number#Sing|Person#3|Tense#Pres|VerbForm#Fin|Voice#Act
005.SCG*LB4.CP-2++9.N.11.5-4.6-2W4	dicit	NO MATCH	99301	Aspect#Imp|Mood#Ind|Number#Sing|Person#3|Tense#Pres|VerbForm#Fin|Voice#Act
005.SCG*LB4.CP-8++6.N.-6.1-1.9-3W4	praedictis	NO MATCH	118832	Aspect#Perf|Case#Abl|Degree#Pos|Gender#Neut|Number#Plur|Tense#Past|VerbForm#Part|Voice#Pass
005.SCG*LB4.CP-2++0.N.-2.8-7.11-1W3	dicit	NO MATCH	99301	Aspect#Imp|Mood#Ind|Number#Sing|Person#3|Tense#Pres|VerbForm#Fin|Voice#Act
005.SCG*LB2.CP-2++8.N.11.6-1.10-4W7	dici	NO MATCH	99301	Tense#Pres|VerbForm#Inf|Voice#Pass
005.SCG*LB4.CP--++7.N.20.18-4.19-6W5	dici	NO MATCH	99301	Aspect#Imp|Tense#Pres|VerbForm#Inf|Voice#Pass
005.SCG*LB3.CP-2++7.N.11.16-1.18-4W12	praedictis	NO MATCH	118832	Aspect#Perf|Case#Abl|Degree#Pos|Gender#Fem|Number#Plur|Tense#Past|VerbForm#Part|Voice#Pass
005.SCG*LB4.CP-8++8.N.-4.5-4.10-2W5	dictum	NO MATCH	99301	Aspect#Perf|Case#Nom|Degree#Pos|Gender#Neut|Number#Sing|Tense#Past|VerbForm#Part|Voice#Pass
005.SCG*LB4.CP--++8.N.10.21-5.25-2W1	dicitur	NO MATCH	99301	Aspect#Imp|Mood#Ind|Number#Sing|Person#3|Tense#Pres|VerbForm#Fin|Voice#Pass
005.SCG*LB3.CP14++3.N.-1.8-1.12-3W28	dicitur	NO MATCH	99301	Mood#Ind|Number#Sing|Person#3|Tense#Pres|VerbForm#Fin|Voice#Pass
005.SCG*LB4.CP--++5.N.-5.14-1.17-4W12	dicitur	NO MATCH	99301	Aspect#Imp|Mood#Ind|Number#Sing|Person#3|Tense#Pres|VerbForm#Fin|Voice#Pass
005.SCG*LB3.CP-8++0.N.16.24-4.25-3W1	dicuntur	NO MATCH	99301	Mood#Ind|Number#Plur|Person#3|Tense#Pres|VerbForm#Fin|Voice#Pass
005.SCG*LB4.CP-3++5.N.-8.40-2.44-6W22	dixit	NO MATCH	99301	Aspect#Perf|Mood#Ind|Number#Sing|Person#3|Tense#Past|VerbForm#Fin|Voice#Act
005.SCG*LB2.CP-8++5.N.10.2-4.6-7W6	dicebant	NO MATCH	99301	Aspect#Imp|Mood#Ind|Number#Plur|Person#3|Tense#Imp|VerbForm#Fin|Voice#Act
005.SCG*LB3.CP-6++3.N.-7.10-1.13-1W16	dicente	NO MATCH	99301	Case#Abl|Degree#Pos|Gender#Masc|Number#Sing|Tense#Pres|VerbForm#Part|Voice#Act
005.SCG*LB3.CP-9++8.N.-4.12-1.14-8W8	fieri	NO MATCH	102758	Tense#Pres|VerbForm#Inf|Voice#Pass
005.SCG*LB4.CP-3++5.N.-4.4-5.7-3W13	dicitur	NO MATCH	99301	Aspect#Imp|Mood#Ind|Number#Sing|Person#3|Tense#Pres|VerbForm#Fin|Voice#Pass
005.SCG*LB3.CP-8++6.N.-8.1-1.6-6W15	dicuntur	NO MATCH	99301	Mood#Ind|Number#Plur|Person#3|Tense#Pres|VerbForm#Fin|Voice#Pass
005.SCG*LB3.CP-9++7.N.10.1-1.5-1W4	dictis	NO MATCH	99301	Aspect#Perf|Case#Abl|Degree#Pos|Gender#Fem|Number#Plur|Tense#Past|VerbForm#Part|Voice#Pass
005.SCG*LB1.CP-2++2.N.11.7-1.9-3W3	dicit	NO MATCH	99301	Mood#Ind|Number#Sing|Person#3|Tense#Pres|VerbForm#Fin|Voice#Act
005.SCG*LB3.CP--++2.N.-2.3-6.7-6W4	dicitur	NO MATCH	99301	Mood#Ind|Number#Sing|Person#3|Tense#Pres|VerbForm#Fin|Voice#Pass
005.SCG*LB4.CP-5++2.N.-6.48-2.51-2W20	dicta	NO MATCH	99301	Aspect#Perf|Case#Nom|Degree#Pos|Gender#Fem|Number#Sing|Tense#Past|VerbForm#Part|Voice#Pass
005.SCG*LB4.CP-8++3.N.16.22-1.22-4W4	dicit	NO MATCH	99301	Aspect#Imp|Mood#Ind|Number#Sing|Person#3|Tense#Pres|VerbForm#Fin|Voice#Act
005.SCG*LB4.CP-1++8.N.-8.1-1.8-6W25	dicere	NO MATCH	99301	Aspect#Imp|Tense#Pres|VerbForm#Inf|Voice#Act
005.SCG*LB2.CP-9++8.N.10.3-2.9-1W10	fiat	NO MATCH	102758	Mood#Sub|Number#Sing|Person#3|Tense#Pres|VerbForm#Fin|Voice#Pass
005.SCG*LB4.CP-8++3.N.23.10-1.18-6W41	dicentes	NO MATCH	99301	Aspect#Imp|Case#Nom|Degree#Pos|Gender#Masc|Number#Plur|Tense#Pres|VerbForm#Part|Voice#Act
005.SCG*LB3.CP15++4.N.15.1-1.3-5W13	fit	NO MATCH	102758	Mood#Ind|Number#Sing|Person#3|Tense#Pres|VerbForm#Fin|Voice#Pass
005.SCG*LB3.CP14++7.N.-8.1-1.2-1W4	dicitur	NO MATCH	99301	Mood#Ind|Number#Sing|Person#3|Tense#Pres|VerbForm#Fin|Voice#Pass
005.SCG*LB4.CP-1++9.N.10.5-5.7-6W9	dicatur	NO MATCH	99301	Aspect#Imp|Mood#Sub|Number#Sing|Person#3|Tense#Pres|VerbForm#Fin|Voice#Pass
005.SCG*LB3.CP-8++1.N.-5.7-5.9-1W8	dicit	NO MATCH	99301	Mood#Ind|Number#Sing|Person#3|Tense#Pres|VerbForm#Fin|Voice#Act
005.SCG*LB2.CP-3++2.N.-6.4-5.12-2W37	fiat	NO MATCH	102758	Mood#Sub|Number#Sing|Person#3|Tense#Pres|VerbForm#Fin|Voice#Pass
005.SCG*LB4.CP--++8.N.-5.59-7.64-4W8	dicit	NO MATCH	99301	Aspect#Imp|Mood#Ind|Number#Sing|Person#3|Tense#Pres|VerbForm#Fin|Voice#Act
005.SCG*LB2.CP-2++1.N.-4.11-6.14-2W12	essendi	NO MATCH	126689	Case#Gen|Degree#Pos|Number#Sing|VerbForm#Ger|Voice#Act
005.SCG*LB1.CP-3++3.N.-2.8-7.11-1W14	dictis	NO MATCH	99301	Aspect#Perf|Case#Abl|Degree#Pos|Gender#Neut|Number#Plur|Tense#Past|VerbForm#Part|Voice#Pass
005.SCG*LB2.CP-1++3.N.-5.14-5.16-3W9	dicuntur	NO MATCH	99301	Mood#Ind|Number#Plur|Person#3|Tense#Pres|VerbForm#Fin|Voice#Pass
005.SCG*LB4.CP--++6.N.11.3-5.5-1W1	dixit	NO MATCH	99301	Aspect#Perf|Mood#Ind|Number#Sing|Person#3|Tense#Past|VerbForm#Fin|Voice#Act
005.SCG*LB1.CP-6++7.N.10.15-2.18-3W14	contingentia	NO MATCH	93415	Case#Acc|Degree#Pos|Gender#Neut|Number#Sing|Tense#Pres|VerbForm#Part|Voice#Act
005.SCG*LB1.CP-6++7.N.10.15-2.18-3W14	contingentia	NO MATCH	96293	Case#Acc|Degree#Pos|Gender#Neut|Number#Sing|Tense#Pres|VerbForm#Part|Voice#Act
005.SCG*LB2.CP-6++0.N.21.4-4.6-1W9	praedictas	NO MATCH	118832	Aspect#Perf|Case#Acc|Degree#Pos|Gender#Fem|Number#Plur|Tense#Past|VerbForm#Part|Voice#Pass
005.SCG*LB3.CP12++2.N.12.1-1.5-3W21	dicentium	NO MATCH	99301	Case#Gen|Degree#Pos|Gender#Masc|Number#Plur|Tense#Pres|VerbForm#Part|Voice#Act
005.SCG*LB3.CP10++4.N.-4.11-1.13-2W6	fiunt	NO MATCH	102758	Mood#Ind|Number#Plur|Person#3|Tense#Pres|VerbForm#Fin|Voice#Pass
005.SCG*LB1.CP--++4.N.-4.1-1.4-1W8	praedictae	NO MATCH	118832	Aspect#Perf|Case#Gen|Degree#Pos|Gender#Fem|Number#Sing|Tense#Past|VerbForm#Part|Voice#Pass
005.SCG*LB2.CP-7++7.N.-3.10-3.17-2W43	fiunt	NO MATCH	102758	Mood#Ind|Number#Plur|Person#3|Tense#Pres|VerbForm#Fin|Voice#Pass
005.SCG*LB4.CP-1++3.N.-5.13-4.17-4W14	dici	NO MATCH	99301	Aspect#Imp|Tense#Pres|VerbForm#Inf|Voice#Pass
005.SCG*LB4.CP-2++1.N.-2.45-2.45-6W6	dicitur	NO MATCH	99301	Aspect#Imp|Mood#Ind|Number#Sing|Person#3|Tense#Pres|VerbForm#Fin|Voice#Pass
005.SCG*LB4.CP-3++0.N.-2.5-3.8-4W15	dicitur	NO MATCH	99301	Aspect#Imp|Mood#Ind|Number#Sing|Person#3|Tense#Pres|VerbForm#Fin|Voice#Pass
005.SCG*LB4.CP-3++4.N.14.15-6.16-5W1	dicit	NO MATCH	99301	Aspect#Imp|Mood#Ind|Number#Sing|Person#3|Tense#Pres|VerbForm#Fin|Voice#Act
005.SCG*LB1.CP-2++9.N.-4.1-1.2-9W14	dicit	NO MATCH	99301	Mood#Ind|Number#Sing|Person#3|Tense#Pres|VerbForm#Fin|Voice#Act
005.SCG*LB1.CP-9++6.N.-7.17-1.17-9W3	dicitur	NO MATCH	99301	Mood#Ind|Number#Sing|Person#3|Tense#Pres|VerbForm#Fin|Voice#Pass
005.SCG*LB4.CP-9++1.N.10.32-1.33-5W13	dicentis	NO MATCH	99301	Aspect#Imp|Case#Gen|Degree#Pos|Gender#Masc|Number#Sing|Tense#Pres|VerbForm#Part|Voice#Act
005.SCG*LB4.CP-9++6.N.-1.9-2.11-2W11	divisim	NO MATCH	99932	Degree#Pos
005.SCG*LB3.CP12++7.N.-7.17-4.20-5W19	fieri	NO MATCH	102758	Tense#Pres|VerbForm#Inf|Voice#Pass
005.SCG*LB4.CP--++7.N.-6.3-1.4-4W6	dici	NO MATCH	99301	Aspect#Imp|Tense#Pres|VerbForm#Inf|Voice#Pass
005.SCG*LB4.CP-1++7.N.11.14-4.15-6W1	dixit	NO MATCH	99301	Aspect#Perf|Mood#Ind|Number#Sing|Person#3|Tense#Past|VerbForm#Fin|Voice#Act
005.SCG*LB4.CP-3++0.N.-8.8-5.13-1W28	consequens	NO MATCH	96035	Aspect#Imp|Case#Acc|Degree#Pos|Gender#Neut|Number#Sing|Tense#Pres|VerbForm#Part|Voice#Pass
005.SCG*LB4.CP-5++3.N.20.1-1.8-5W25	dicit	NO MATCH	99301	Aspect#Imp|Mood#Ind|Number#Sing|Person#3|Tense#Pres|VerbForm#Fin|Voice#Act
005.SCG*LB1.CP-2++2.N.-4.1-1.3-1W4	praedicta	NO MATCH	118832	Aspect#Perf|Case#Acc|Degree#Pos|Gender#Neut|Number#Plur|Tense#Past|VerbForm#Part|Voice#Pass
005.SCG*LB2.CP-1++5.N.-5.1-2.4-3W12	dicuntur	NO MATCH	99301	Mood#Ind|Number#Plur|Person#3|Tense#Pres|VerbForm#Fin|Voice#Pass
005.SCG*LB4.CP-7++6.N.-7.11-1.14-4W25	dictum	NO MATCH	99301	Aspect#Perf|Case#Nom|Degree#Pos|Gender#Neut|Number#Sing|Tense#Past|VerbForm#Part|Voice#Pass
005.SCG*LB4.CP-5++5.N.10.3-2.5-4W5	convenientius	NO MATCH	96424	Degree#Cmp
005.SCG*LB3.CP15++0.N.-8.5-1.8-1W1	decenter	NO MATCH	98057	Degree#Pos
005.SCG*LB4.CP-1++2.N.-4.11-5.13-2W12	dicens	NO MATCH	99301	Aspect#Imp|Case#Nom|Degree#Pos|Gender#Masc|Number#Sing|Tense#Pres|VerbForm#Part|Voice#Act
005.SCG*LB3.CP15++0.N.-2.23-4.27-8W4	dicit	NO MATCH	99301	Mood#Ind|Number#Sing|Person#3|Tense#Pres|VerbForm#Fin|Voice#Act
005.SCG*LB1.CP-5++8.N.-8.1-1.2-5W7	dicere	NO MATCH	99301	Tense#Pres|VerbForm#Inf|Voice#Act
005.SCG*LB4.CP-3++7.N.-3.3-4.7-2W7	dicitur	NO MATCH	99301	Aspect#Imp|Mood#Ind|Number#Sing|Person#3|Tense#Pres|VerbForm#Fin|Voice#Pass
005.SCG*LB1.CP-2++6.N.-8.1-1.4-9W11	excelsum	NO MATCH	101840	Aspect#Perf|Case#Acc|Degree#Pos|Gender#Masc|Number#Sing|Tense#Past|VerbForm#Part|Voice#Pass
005.SCG*LB3.CP13++2.N.22.4-3.6-5W3	sufficienter	NO MATCH	126601	Degree#Pos
005.SCG*LB3.CP11++6.N.-3.12-3.15-2W8	dicitur	NO MATCH	99301	Mood#Ind|Number#Sing|Person#3|Tense#Pres|VerbForm#Fin|Voice#Pass
005.SCG*LB4.CP-8++3.N.22.1-1.3-3W4	fit	NO MATCH	102758	Aspect#Imp|Mood#Ind|Number#Sing|Person#3|Tense#Pres|VerbForm#Fin|Voice#Pass
005.SCG*LB4.CP-2++3.N.-2.20-1.22-3W5	dicit	NO MATCH	99301	Aspect#Imp|Mood#Ind|Number#Sing|Person#3|Tense#Pres|VerbForm#Fin|Voice#Act
005.SCG*LB4.CP-1++1.N.18.24-5.26-4W14	dictum	NO MATCH	99301	Aspect#Perf|Case#Nom|Degree#Pos|Gender#Neut|Number#Sing|Tense#Past|VerbForm#Part|Voice#Pass
005.SCG*LB2.CP-2++8.N.16.31-1.33-2W6	dici	NO MATCH	99301	Tense#Pres|VerbForm#Inf|Voice#Pass
005.SCG*LB1.CP-7++1.N.12.1-1.4-1W15	praedicto	NO MATCH	118832	Aspect#Perf|Case#Abl|Degree#Pos|Gender#Masc|Number#Sing|Tense#Past|VerbForm#Part|Voice#Pass
005.SCG*LB2.CP-8++5.N.13.1-1.4-2W11	dictum	NO MATCH	99301	Aspect#Perf|Case#Nom|Degree#Pos|Gender#Neut|Number#Sing|Tense#Past|VerbForm#Part|Voice#Pass
005.SCG*LB1.CP-9++3.N.-5.8-4.9-2W5	dicitur	NO MATCH	99301	Mood#Ind|Number#Sing|Person#3|Tense#Pres|VerbForm#Fin|Voice#Pass
005.SCG*LB1.CP-3++9.N.-2.1-1.5-1W11	dicuntur	NO MATCH	99301	Mood#Ind|Number#Plur|Person#3|Tense#Pres|VerbForm#Fin|Voice#Pass
005.SCG*LB1.CP-7++4.N.-5.2-6.4-2W12	fiunt	NO MATCH	102758	Mood#Ind|Number#Plur|Person#3|Tense#Pres|VerbForm#Fin|Voice#Pass
005.SCG*LB3.CP-1++2.N.-5.23-7.27-6W1	diximus	NO MATCH	99301	Aspect#Perf|Mood#Ind|Number#Plur|Person#1|Tense#Past|VerbForm#Fin|Voice#Act
005.SCG*LB2.CP-8++7.N.-5.1-2.4-5W17	essendi	NO MATCH	126689	Case#Gen|Degree#Pos|Number#Sing|VerbForm#Ger|Voice#Act
005.SCG*LB4.CP--++8.N.-2.30-2.33-10W27	diceretur	NO MATCH	99301	Aspect#Imp|Mood#Sub|Number#Sing|Person#3|Tense#Imp|VerbForm#Fin|Voice#Pass
005.SCG*LB1.CP-4++2.N.-2.2-3.3-5W5	dicitur	NO MATCH	99301	Mood#Ind|Number#Sing|Person#3|Tense#Pres|VerbForm#Fin|Voice#Pass
005.SCG*LB3.CP15++6.N.-8.1-1.4-4W4	dicitur	NO MATCH	99301	Mood#Ind|Number#Sing|Person#3|Tense#Pres|VerbForm#Fin|Voice#Pass
005.SCG*LB2.CP-7++5.N.14.3-1.5-5W3	dicit	NO MATCH	99301	Mood#Ind|Number#Sing|Person#3|Tense#Pres|VerbForm#Fin|Voice#Act
005.SCG*LB3.CP-9++9.N.-4.6-3.8-1W13	consequentes	NO MATCH	96035	Case#Acc|Degree#Pos|Gender#Masc|Number#Plur|Tense#Pres|VerbForm#Part|Voice#Pass
005.SCG*LB2.CP-8++5.N.14.1-1.5-1W3	praedicta	NO MATCH	118832	Aspect#Perf|Case#Nom|Degree#Pos|Gender#Fem|Number#Sing|Tense#Past|VerbForm#Part|Voice#Pass
005.SCG*LB2.CP-7++8.N.-8.40-1.44-7W27	dixit	NO MATCH	99301	Aspect#Perf|Mood#Ind|Number#Sing|Person#3|Tense#Past|VerbForm#Fin|Voice#Act
005.SCG*LB1.CP-3++2.N.-6.4-2.5-4W4	dicitur	NO MATCH	99301	Mood#Ind|Number#Sing|Person#3|Tense#Pres|VerbForm#Fin|Voice#Pass
005.SCG*LB2.CP-8++0.N.17.1-1.3-2W4	praedictis	NO MATCH	118832	Aspect#Perf|Case#Abl|Degree#Pos|Gender#Fem|Number#Plur|Tense#Past|VerbForm#Part|Voice#Pass
005.SCG*LB2.CP-7++5.N.12.5-2.7-5W3	dici	NO MATCH	99301	Tense#Pres|VerbForm#Inf|Voice#Pass
005.SCG*LB2.CP-9++8.N.11.28-1.31-3W17	contractiori	NO MATCH	96338	Aspect#Perf|Case#Abl|Degree#Cmp|Gender#Masc|Number#Sing|Tense#Past|VerbForm#Part|Voice#Pass
005.SCG*LB2.CP-3++1.N.-6.1-2.6-7W39	necesse-esse	NO MATCH	126689	Tense#Pres|VerbForm#Inf|Voice#Act
005.SCG*LB1.CP-1++5.N.-6.10-2.10-7W7	incoepit	NO MATCH	106965	Aspect#Perf|Mood#Ind|Number#Sing|Person#3|Tense#Past|VerbForm#Fin|Voice#Act
005.SCG*LB3.CP16++0.N.-6.1-1.5-3W33	dictum	NO MATCH	99301	Aspect#Perf|Case#Nom|Degree#Pos|Gender#Neut|Number#Sing|Tense#Past|VerbForm#Part|Voice#Pass
005.SCG*LB2.CP-5++6.N.-4.1-1.4-5W20	fieri	NO MATCH	102758	Tense#Pres|VerbForm#Inf|Voice#Pass
005.SCG*LB4.CP-1++6.N.-7.3-1.4-2W4	sancto	NO MATCH	123312	Aspect#Perf|Case#Dat|Gender#Masc|Number#Sing
005.SCG*LB3.CP12++0.N.10.18-1.20-5W19	dicunt	NO MATCH	99301	Mood#Ind|Number#Plur|Person#3|Tense#Pres|VerbForm#Fin|Voice#Act
005.SCG*LB4.CP-5++3.N.-1.7-4.11-6W9	nitentes	NO MATCH	113708	Aspect#Imp|Case#Nom|Degree#Pos|Gender#Masc|Number#Plur|Tense#Pres|VerbForm#Part|Voice#Pass
005.SCG*LB4.CP-5++7.N.-2.10-3.14-3W4	congruenter	NO MATCH	95913	Degree#Pos
005.SCG*LB3.CP-7++5.N.-2.4-4.7-1W13	dicunt	NO MATCH	99301	Mood#Ind|Number#Plur|Person#3|Tense#Pres|VerbForm#Fin|Voice#Act
005.SCG*LB1.CP--++1.N.-5.3-1.5-5W19	essendi	NO MATCH	126689	Case#Gen|Degree#Pos|Number#Sing|VerbForm#Ger|Voice#Act
005.SCG*LB4.CP-2++3.N.14.1-1.2-3W7	dicta	NO MATCH	99301	Aspect#Perf|Case#Nom|Degree#Pos|Gender#Neut|Number#Plur|Tense#Past|VerbForm#Part|Voice#Pass
005.SCG*LB3.CP-8++2.N.-6.30-5.33-1W8	fit	NO MATCH	102758	Mood#Ind|Number#Sing|Person#3|Tense#Pres|VerbForm#Fin|Voice#Pass
005.SCG*LB4.CP-3++4.N.31.1-1.4-5W4	diligenter	NO MATCH	99463	Degree#Pos
005.SCG*LB2.CP-8++9.N.-6.14-7.20-7W10	fieri	NO MATCH	102758	Tense#Pres|VerbForm#Inf|Voice#Pass
005.SCG*LB3.CP-4++3.N.-9.1-2.5-4W25	fit	NO MATCH	102758	Mood#Ind|Number#Sing|Person#3|Tense#Pres|VerbForm#Fin|Voice#Pass
005.SCG*LB1.CP-6++0.N.-5.1-2.5-1W19	dicitur	NO MATCH	99301	Mood#Ind|Number#Sing|Person#3|Tense#Pres|VerbForm#Fin|Voice#Pass
005.SCG*LB4.CP-7++4.N.-5.1-1.5-2W21	convenienter	NO MATCH	96424	Degree#Pos
005.SCG*LB1.CP-1++6.N.-7.2-8.4-5W3	educit	NO MATCH	100588	Mood#Ind|Number#Sing|Person#3|Tense#Pres|VerbForm#Fin|Voice#Act
005.SCG*LB2.CP-3++7.N.-4.11-6.13-8W7	dicitur	NO MATCH	99301	Mood#Ind|Number#Sing|Person#3|Tense#Pres|VerbForm#Fin|Voice#Pass
005.SCG*LB4.CP-1++7.N.-5.8-4.9-2W1	dicit	NO MATCH	99301	Aspect#Imp|Mood#Ind|Number#Sing|Person#3|Tense#Pres|VerbForm#Fin|Voice#Act
005.SCG*LB4.CP-5++5.N.11.57-1.63-4W21	reverentius	NO MATCH	122804	Degree#Cmp
005.SCG*LB3.CP--++3.N.11.1-1.2-2W7	dixerunt	NO MATCH	99301	Aspect#Perf|Mood#Ind|Number#Plur|Person#3|Tense#Past|VerbForm#Fin|Voice#Act
005.SCG*LB2.CP-2++8.N.15.34-1.36-3W13	dicitur	NO MATCH	99301	Mood#Ind|Number#Sing|Person#3|Tense#Pres|VerbForm#Fin|Voice#Pass
005.SCG*LB4.CP-5++4.N.-6.4-2.8-1W18	fieret	NO MATCH	102758	Aspect#Imp|Mood#Sub|Number#Sing|Person#3|Tense#Imp|VerbForm#Fin|Voice#Pass
005.SCG*LB1.CP-7++0.N.-9.6-3.10-3W5	dicit	NO MATCH	99301	Mood#Ind|Number#Sing|Person#3|Tense#Pres|VerbForm#Fin|Voice#Act
005.SCG*LB3.CP10++6.N.-2.6-1.6-6W3	fit	NO MATCH	102758	Mood#Ind|Number#Sing|Person#3|Tense#Pres|VerbForm#Fin|Voice#Pass
005.SCG*LB2.CP-5++6.N.-5.19-5.21-2W4	dicimus	NO MATCH	99301	Mood#Ind|Number#Plur|Person#1|Tense#Pres|VerbForm#Fin|Voice#Act
005.SCG*LB2.CP-7++5.N.10.7-2.11-5W3	dicere	NO MATCH	99301	Tense#Pres|VerbForm#Inf|Voice#Act
005.SCG*LB4.CP-1++3.N.-5.17-5.20-2W17	sapienter	NO MATCH	123386	Degree#Pos
005.SCG*LB4.CP-1++3.N.-7.3-6.5-7W8	fit	NO MATCH	102758	Aspect#Imp|Mood#Ind|Number#Sing|Person#3|Tense#Pres|VerbForm#Fin|Voice#Pass
005.SCG*LB4.CP--++5.N.11.6-3.6-6W1	dicitur	NO MATCH	99301	Aspect#Imp|Mood#Ind|Number#Sing|Person#3|Tense#Pres|VerbForm#Fin|Voice#Pass
005.SCG*LB3.CP-5++7.N.-6.1-1.4-5W8	dicebant	NO MATCH	99301	Aspect#Imp|Mood#Ind|Number#Plur|Person#3|Tense#Imp|VerbForm#Fin|Voice#Act
005.SCG*LB4.CP-5++0.N.-5.1-1.3-4W4	dici	NO MATCH	99301	Aspect#Imp|Tense#Pres|VerbForm#Inf|Voice#Pass
005.SCG*LB4.CP--++8.N.-6.22-5.28-3W27	dicitur	NO MATCH	99301	Aspect#Imp|Mood#Ind|Number#Sing|Person#3|Tense#Pres|VerbForm#Fin|Voice#Pass
005.SCG*LB3.CP-9++5.N.17.5-1.7-2W1	dicitur	NO MATCH	99301	Mood#Ind|Number#Sing|Person#3|Tense#Pres|VerbForm#Fin|Voice#Pass
005.SCG*LB1.CP-4++4.N.-2.15-4.20-2W12	dicimus	NO MATCH	99301	Mood#Ind|Number#Plur|Person#1|Tense#Pres|VerbForm#Fin|Voice#Act
005.SCG*LB3.CP--++1.N.-6.20-1.24-4W24	dicit	NO MATCH	99301	Mood#Ind|Number#Sing|Person#3|Tense#Pres|VerbForm#Fin|Voice#Act
005.SCG*LB2.CP-1++6.N.-3.10-5.12-3W8	essendi	NO MATCH	126689	Case#Gen|Degree#Pos|Number#Sing|VerbForm#Ger|Voice#Act
005.SCG*LB4.CP-1++0.N.10.2-4.6-3W17	dicitur	NO MATCH	99301	Aspect#Imp|Mood#Ind|Number#Sing|Person#3|Tense#Pres|VerbForm#Fin|Voice#Pass
005.SCG*LB4.CP-8++3.N.23.10-1.18-6W5	dicitur	NO MATCH	99301	Aspect#Imp|Mood#Ind|Number#Sing|Person#3|Tense#Pres|VerbForm#Fin|Voice#Pass
005.SCG*LB4.CP-1++1.N.16.26-1.26-8W2	dixit	NO MATCH	99301	Aspect#Perf|Mood#Ind|Number#Sing|Person#3|Tense#Past|VerbForm#Fin|Voice#Act
005.SCG*LB3.CP12++0.N.24.15-1.17-5W3	indicitur	NO MATCH	107327	Mood#Ind|Number#Sing|Person#3|Tense#Pres|VerbForm#Fin|Voice#Pass
005.SCG*LB1.CP-6++5.N.-9.13-1.18-3W11	fit	NO MATCH	102758	Mood#Ind|Number#Sing|Person#3|Tense#Pres|VerbForm#Fin|Voice#Pass
005.SCG*LB3.CP-1++2.N.-5.11-7.19-7W3	fit	NO MATCH	102758	Mood#Ind|Number#Sing|Person#3|Tense#Pres|VerbForm#Fin|Voice#Pass
005.SCG*LB3.CP-9++4.N.-4.1-2.2-7W8	puta	NO MATCH	120610	
005.SCG*LB4.CP-1++1.N.13.38-1.40-5W15	dicente	NO MATCH	99301	Aspect#Imp|Case#Abl|Degree#Pos|Gender#Masc|Number#Sing|Tense#Pres|VerbForm#Part|Voice#Act
005.SCG*LB4.CP-5++0.N.-7.3-5.6-1W17	dicatur	NO MATCH	99301	Aspect#Imp|Mood#Sub|Number#Sing|Person#3|Tense#Pres|VerbForm#Fin|Voice#Pass
005.SCG*LB2.CP-1++5.N.-6.15-7.17-4W13	essendi	NO MATCH	126689	Case#Gen|Degree#Pos|Number#Sing|VerbForm#Ger|Voice#Act
005.SCG*LB2.CP-1++1.N.-2.3-5.6-6W5	dicuntur	NO MATCH	99301	Mood#Ind|Number#Plur|Person#3|Tense#Pres|VerbForm#Fin|Voice#Pass
005.SCG*LB3.CP11++5.N.-3.1-2.4-1W4	dictum	NO MATCH	99301	Aspect#Perf|Case#Nom|Degree#Pos|Gender#Neut|Number#Sing|Tense#Past|VerbForm#Part|Voice#Pass
005.SCG*LB2.CP-1++6.N.-5.3-6.6-1W7	fit	NO MATCH	102758	Mood#Ind|Number#Sing|Person#3|Tense#Pres|VerbForm#Fin|Voice#Pass
005.SCG*LB3.CP-9++7.N.-2.4-1.7-4W12	fiunt	NO MATCH	102758	Mood#Ind|Number#Plur|Person#3|Tense#Pres|VerbForm#Fin|Voice#Pass
005.SCG*LB3.CP10++5.N.-5.1-1.8-4W3	dicatur	NO MATCH	99301	Mood#Sub|Number#Sing|Person#3|Tense#Pres|VerbForm#Fin|Voice#Pass
005.SCG*LB2.CP-7++3.N.-7.1-1.8-1W6	praedictus	NO MATCH	118832	Aspect#Perf|Case#Nom|Degree#Pos|Gender#Masc|Number#Sing|Tense#Past|VerbForm#Part|Voice#Pass
005.SCG*LB1.CP-9++1.N.-9.15-1.17-1W12	dicuntur	NO MATCH	99301	Mood#Ind|Number#Plur|Person#3|Tense#Pres|VerbForm#Fin|Voice#Pass
005.SCG*LB3.CP-3++9.N.-4.5-4.7-3W1	praedictae	NO MATCH	118832	Aspect#Perf|Case#Dat|Degree#Pos|Gender#Fem|Number#Sing|Tense#Past|VerbForm#Part|Voice#Pass
005.SCG*LB4.CP-2++3.N.-3.14-6.18-6W21	dicitur	NO MATCH	99301	Aspect#Imp|Mood#Ind|Number#Sing|Person#3|Tense#Pres|VerbForm#Fin|Voice#Pass
005.SCG*LB4.CP-2++6.N.-5.1-1.4-5W5	dicat	NO MATCH	99301	Aspect#Imp|Mood#Sub|Number#Sing|Person#3|Tense#Pres|VerbForm#Fin|Voice#Act
005.SCG*LB1.CP--++1.N.-4.10-1.12-5W16	dicens	NO MATCH	99301	Case#Nom|Degree#Pos|Gender#Masc|Number#Sing|Tense#Pres|VerbForm#Part|Voice#Act
005.SCG*LB4.CP-2++3.N.-5.3-3.5-4W4	dictis	NO MATCH	99301	Aspect#Perf|Case#Abl|Degree#Pos|Gender#Neut|Number#Plur|Tense#Past|VerbForm#Part|Voice#Pass
005.SCG*LB4.CP--++8.N.-2.19-4.26-1W43	dicens	NO MATCH	99301	Aspect#Imp|Case#Nom|Degree#Pos|Gender#Masc|Number#Sing|Tense#Pres|VerbForm#Part|Voice#Act
005.SCG*LB4.CP-7++9.N.-9.1-1.2-3W1	expresse	NO MATCH	102229	Degree#Pos
005.SCG*LB2.CP-3++8.N.10.6-5.7-6W7	fiat	NO MATCH	102758	Mood#Sub|Number#Sing|Person#3|Tense#Pres|VerbForm#Fin|Voice#Pass
005.SCG*LB2.CP-8++3.N.18.12-5.15-1W16	convenientior	NO MATCH	96424	Case#Nom|Degree#Cmp|Gender#Masc|Number#Sing|Tense#Pres|VerbForm#Part|Voice#Act
005.SCG*LB1.CP-4++0.N.-5.3-7.4-6W5	dicitur	NO MATCH	99301	Mood#Ind|Number#Sing|Person#3|Tense#Pres|VerbForm#Fin|Voice#Pass
005.SCG*LB1.CP-9++1.N.12.14-1.16-2W1	dicitur	NO MATCH	99301	Mood#Ind|Number#Sing|Person#3|Tense#Pres|VerbForm#Fin|Voice#Pass
005.SCG*LB3.CP-2++7.N.-4.2-4.3-5W5	dici	NO MATCH	99301	Tense#Pres|VerbForm#Inf|Voice#Pass
005.SCG*LB3.CP15++1.N.-7.4-2.5-5W9	dicens	NO MATCH	99301	Case#Nom|Degree#Pos|Gender#Masc|Number#Sing|Tense#Pres|VerbForm#Part|Voice#Act
005.SCG*LB3.CP10++5.N.-6.5-1.8-2W23	colloquentis	NO MATCH	94877	Case#Gen|Degree#Pos|Gender#Masc|Number#Sing|Tense#Pres|VerbForm#Part|Voice#Pass
005.SCG*LB4.CP-1++0.N.11.1-2.3-9W2	dicere	NO MATCH	99301	Aspect#Imp|Tense#Pres|VerbForm#Inf|Voice#Act
005.SCG*LB2.CP-5++8.N.-4.18-3.21-6W21	dicimus	NO MATCH	99301	Mood#Ind|Number#Plur|Person#1|Tense#Pres|VerbForm#Fin|Voice#Act
005.SCG*LB1.CP-7++1.N.11.4-2.8-3W27	fit	NO MATCH	102758	Mood#Ind|Number#Sing|Person#3|Tense#Pres|VerbForm#Fin|Voice#Pass
005.SCG*LB2.CP-7++6.N.13.6-2.10-2W7	dicentium	NO MATCH	99301	Case#Gen|Degree#Pos|Gender#Masc|Number#Plur|Tense#Pres|VerbForm#Part|Voice#Act
005.SCG*LB2.CP-8++3.N.25.1-2.3-2W3	dicere	NO MATCH	99301	Tense#Pres|VerbForm#Inf|Voice#Act
005.SCG*LB4.CP-6++6.N.-3.1-1.4-4W9	fiunt	NO MATCH	102758	Aspect#Imp|Mood#Ind|Number#Plur|Person#3|Tense#Pres|VerbForm#Fin|Voice#Pass
005.SCG*LB1.CP-2++9.N.-5.11-1.11-6W6	dicitur	NO MATCH	99301	Mood#Ind|Number#Sing|Person#3|Tense#Pres|VerbForm#Fin|Voice#Pass
005.SCG*LB1.CP-9++3.N.-4.8-1.8-5W3	dicitur	NO MATCH	99301	Mood#Ind|Number#Sing|Person#3|Tense#Pres|VerbForm#Fin|Voice#Pass
005.SCG*LB1.CP-9++7.N.-3.15-2.18-6W25	dicitur	NO MATCH	99301	Mood#Ind|Number#Sing|Person#3|Tense#Pres|VerbForm#Fin|Voice#Pass
005.SCG*LB4.CP--++9.N.-4.1-1.5-6W9	dicit	NO MATCH	99301	Aspect#Imp|Mood#Ind|Number#Sing|Person#3|Tense#Pres|VerbForm#Fin|Voice#Act
005.SCG*LB1.CP-9++6.N.-7.18-1.22-2W22	dicitur	NO MATCH	99301	Mood#Ind|Number#Sing|Person#3|Tense#Pres|VerbForm#Fin|Voice#Pass
005.SCG*LB3.CP-9++5.N.14.19-3.19-6W4	dicitur	NO MATCH	99301	Mood#Ind|Number#Sing|Person#3|Tense#Pres|VerbForm#Fin|Voice#Pass
005.SCG*LB4.CP-6++9.N.-1.6-2.8-6W15	dicitur	NO MATCH	99301	Aspect#Imp|Mood#Ind|Number#Sing|Person#3|Tense#Pres|VerbForm#Fin|Voice#Pass
005.SCG*LB2.CP-6++9.N.-9.15-1.22-4W33	dicit	NO MATCH	99301	Mood#Ind|Number#Sing|Person#3|Tense#Pres|VerbForm#Fin|Voice#Act
005.SCG*LB4.CP-2++5.N.-2.10-1.14-3W4	diceretur	NO MATCH	99301	Aspect#Imp|Mood#Sub|Number#Sing|Person#3|Tense#Imp|VerbForm#Fin|Voice#Pass
005.SCG*LB3.CP-7++0.N.-3.5-2.11-2W28	sufficienter	NO MATCH	126601	Degree#Pos
005.SCG*LB2.CP-8++9.N.-4.1-1.5-1W29	fiunt	NO MATCH	102758	Mood#Ind|Number#Plur|Person#3|Tense#Pres|VerbForm#Fin|Voice#Pass
005.SCG*LB3.CP-3++9.N.-7.16-4.18-3W14	dictum	NO MATCH	99301	Aspect#Perf|Case#Nom|Degree#Pos|Gender#Neut|Number#Sing|Tense#Past|VerbForm#Part|Voice#Pass
005.SCG*LB2.CP-3++0.N.11.22-1.24-1W12	subiicitur	NO MATCH	126114	Mood#Ind|Number#Sing|Person#3|Tense#Pres|VerbForm#Fin|Voice#Pass
005.SCG*LB4.CP-3++8.N.-3.6-5.8-4W6	dicunt	NO MATCH	99301	Aspect#Imp|Mood#Ind|Number#Plur|Person#3|Tense#Pres|VerbForm#Fin|Voice#Act
005.SCG*LB3.CP15++4.N.14.12-3.17-2W10	praedicti	NO MATCH	118832	Aspect#Perf|Case#Nom|Degree#Pos|Gender#Masc|Number#Plur|Tense#Past|VerbForm#Part|Voice#Pass
005.SCG*LB4.CP-1++3.N.-8.5-3.5-5W3	dicit	NO MATCH	99301	Aspect#Imp|Mood#Ind|Number#Sing|Person#3|Tense#Pres|VerbForm#Fin|Voice#Act
005.SCG*LB4.CP-9++1.N.-9.15-3.21-6W14	dicens	NO MATCH	99301	Aspect#Imp|Case#Nom|Degree#Pos|Gender#Masc|Number#Sing|Tense#Pres|VerbForm#Part|Voice#Act
005.SCG*LB4.CP-1++1.N.13.33-1.36-4W21	dicente	NO MATCH	99301	Aspect#Imp|Case#Abl|Degree#Pos|Gender#Masc|Number#Sing|Tense#Pres|VerbForm#Part|Voice#Act
005.SCG*LB4.CP-2++8.N.-2.4-4.8-4W27	dictum	NO MATCH	99301	Aspect#Perf|Case#Nom|Degree#Pos|Gender#Neut|Number#Sing|Tense#Past|VerbForm#Part|Voice#Pass
005.SCG*LB2.CP--++2.N.-2.12-1.12-4W1	dicitur	NO MATCH	99301	Mood#Ind|Number#Sing|Person#3|Tense#Pres|VerbForm#Fin|Voice#Pass
005.SCG*LB2.CP-9++1.N.-8.14-5.18-2W15	fiunt	NO MATCH	102758	Mood#Ind|Number#Plur|Person#3|Tense#Pres|VerbForm#Fin|Voice#Pass
005.SCG*LB2.CP-9++0.N.-2.11-4.14-4W20	temperatissimum	NO MATCH	127773	Aspect#Perf|Case#Acc|Degree#Sup|Gender#Neut|Number#Sing|Tense#Past|VerbForm#Part|Voice#Pass
005.SCG*LB3.CP-8++6.N.14.16-1.16-4W4	dicit	NO MATCH	99301	Mood#Ind|Number#Sing|Person#3|Tense#Pres|VerbForm#Fin|Voice#Act
005.SCG*LB2.CP-4++1.N.-6.3-4.4-5W9	dicimus	NO MATCH	99301	Mood#Ind|Number#Plur|Person#1|Tense#Pres|VerbForm#Fin|Voice#Act
005.SCG*LB1.CP--++8.N.-2.5-1.8-1W18	dictis	NO MATCH	99301	Aspect#Perf|Case#Abl|Degree#Pos|Gender#Neut|Number#Plur|Tense#Past|VerbForm#Part|Voice#Pass
005.SCG*LB4.CP--++5.N.11.13-1.14-8W9	dicit	NO MATCH	99301	Aspect#Imp|Mood#Ind|Number#Sing|Person#3|Tense#Pres|VerbForm#Fin|Voice#Act
005.SCG*LB4.CP-7++1.N.-8.13-1.13-4W6	dicit	NO MATCH	99301	Aspect#Imp|Mood#Ind|Number#Sing|Person#3|Tense#Pres|VerbForm#Fin|Voice#Act
005.SCG*LB1.CP-1++1.N.-4.2-2.6-4W22	notissimum	NO MATCH	113840	Aspect#Perf|Case#Nom|Degree#Sup|Gender#Neut|Number#Sing|Tense#Past|VerbForm#Part|Voice#Pass
005.SCG*LB4.CP-6++3.N.-4.1-1.6-2W3	dicendum	NO MATCH	99301	Aspect#Perf|Case#Nom|Degree#Pos|Gender#Neut|Number#Sing|VerbForm#Gdv|Voice#Pass
005.SCG*LB3.CP-8++4.N.14.21-3.24-5W15	dici	NO MATCH	99301	Tense#Pres|VerbForm#Inf|Voice#Pass
005.SCG*LB3.CP-8++0.N.17.7-5.11-4W6	dicuntur	NO MATCH	99301	Mood#Ind|Number#Plur|Person#3|Tense#Pres|VerbForm#Fin|Voice#Pass
005.SCG*LB2.CP-6++8.N.-2.5-3.10-3W15	dixit	NO MATCH	99301	Aspect#Perf|Mood#Ind|Number#Sing|Person#3|Tense#Past|VerbForm#Fin|Voice#Act
005.SCG*LB3.CP12++9.N.10.1-1.3-2W6	dicitur	NO MATCH	99301	Mood#Ind|Number#Sing|Person#3|Tense#Pres|VerbForm#Fin|Voice#Pass
005.SCG*LB1.CP-3++4.N.-2.34-4.35-4W4	dicitur	NO MATCH	99301	Mood#Ind|Number#Sing|Person#3|Tense#Pres|VerbForm#Fin|Voice#Pass
005.SCG*LB4.CP-1++6.N.-5.1-2.5-1W28	dicit	NO MATCH	99301	Aspect#Imp|Mood#Ind|Number#Sing|Person#3|Tense#Pres|VerbForm#Fin|Voice#Act
005.SCG*LB4.CP-9++1.N.-2.6-3.9-4W10	fit	NO MATCH	102758	Aspect#Imp|Mood#Ind|Number#Sing|Person#3|Tense#Pres|VerbForm#Fin|Voice#Pass
005.SCG*LB1.CP-7++8.N.-6.1-2.2-3W8	volitum	NO MATCH	130745	Aspect#Perf|Case#Nom|Degree#Pos|Gender#Neut|Number#Sing|Tense#Past|VerbForm#Part|VerbType#Mod|Voice#Pass
005.SCG*LB2.CP-8++5.N.14.16-6.19-7W9	dicitur	NO MATCH	99301	Mood#Ind|Number#Sing|Person#3|Tense#Pres|VerbForm#Fin|Voice#Pass
005.SCG*LB3.CP12++0.N.-8.1-2.1-4W3	dicitur	NO MATCH	99301	Mood#Ind|Number#Sing|Person#3|Tense#Pres|VerbForm#Fin|Voice#Pass
005.SCG*LB3.CP-4++2.N.-5.1-1.2-1W4	dicuntur	NO MATCH	99301	Mood#Ind|Number#Plur|Person#3|Tense#Pres|VerbForm#Fin|Voice#Pass
005.SCG*LB1.CP-3++3.N.-6.3-5.8-4W4	dicuntur	NO MATCH	99301	Mood#Ind|Number#Plur|Person#3|Tense#Pres|VerbForm#Fin|Voice#Pass
005.SCG*LB4.CP-3++2.N.-7.8-5.10-6W3	dici	NO MATCH	99301	Aspect#Imp|Tense#Pres|VerbForm#Inf|Voice#Pass
005.SCG*LB2.CP-4++2.N.-4.6-1.8-6W4	dicere	NO MATCH	99301	Tense#Pres|VerbForm#Inf|Voice#Act
005.SCG*LB4.CP-3++0.N.-3.15-4.17-6W16	dictum	NO MATCH	99301	Aspect#Perf|Case#Nom|Degree#Pos|Gender#Neut|Number#Sing|Tense#Past|VerbForm#Part|Voice#Pass
005.SCG*LB1.CP-3++3.N.-4.6-2.8-4W16	dictis	NO MATCH	99301	Aspect#Perf|Case#Abl|Degree#Pos|Gender#Neut|Number#Plur|Tense#Past|VerbForm#Part|Voice#Pass
005.SCG*LB4.CP-7++2.N.-5.2-6.6-2W4	debite	NO MATCH	97963	Degree#Pos
005.SCG*LB2.CP-7++5.N.-6.14-2.17-5W9	consequens	NO MATCH	96035	Case#Acc|Degree#Pos|Gender#Neut|Number#Sing|Tense#Pres|VerbForm#Part|Voice#Pass
005.SCG*LB4.CP-7++2.N.-8.13-2.18-2W16	dictum	NO MATCH	99301	Aspect#Perf|Case#Nom|Degree#Pos|Gender#Neut|Number#Sing|Tense#Past|VerbForm#Part|Voice#Pass
005.SCG*LB2.CP-8++0.N.-9.31-2.33-5W14	consequens	NO MATCH	96035	Case#Acc|Degree#Pos|Gender#Neut|Number#Sing|Tense#Pres|VerbForm#Part|Voice#Pass
005.SCG*LB2.CP-2++1.N.10.1-2.9-1W15	fieri	NO MATCH	102758	Tense#Pres|VerbForm#Inf|Voice#Pass
005.SCG*LB3.CP13++1.N.-8.2-4.8-2W28	dicam	NO MATCH	99301	Mood#Ind|Number#Sing|Person#1|Tense#Fut|VerbForm#Fin|Voice#Act
005.SCG*LB4.CP--++2.N.-3.2-5.3-3W1	dicitur	NO MATCH	99301	Aspect#Imp|Mood#Ind|Number#Sing|Person#3|Tense#Pres|VerbForm#Fin|Voice#Pass
005.SCG*LB3.CP13++1.N.-4.6-3.9-3W12	abiiciunt	NO MATCH	86884	Mood#Ind|Number#Plur|Person#3|Tense#Pres|VerbForm#Fin|Voice#Act
005.SCG*LB4.CP-5++2.N.-6.34-1.39-1W20	subiicerentur	NO MATCH	126114	Aspect#Imp|Mood#Sub|Number#Plur|Person#3|Tense#Imp|VerbForm#Fin|Voice#Pass
005.SCG*LB2.CP-4++5.N.10.1-1.1-6W4	dicitur	NO MATCH	99301	Mood#Ind|Number#Sing|Person#3|Tense#Pres|VerbForm#Fin|Voice#Pass
005.SCG*LB3.CP10++7.N.10.2-2.2-6W1	dicitur	NO MATCH	99301	Mood#Ind|Number#Sing|Person#3|Tense#Pres|VerbForm#Fin|Voice#Pass
005.SCG*LB4.CP-2++3.N.-9.6-1.7-1W1	dicitur	NO MATCH	99301	Aspect#Imp|Mood#Ind|Number#Sing|Person#3|Tense#Pres|VerbForm#Fin|Voice#Pass
005.SCG*LB3.CP-6++4.N.-9.14-2.18-3W11	dicitur	NO MATCH	99301	Mood#Ind|Number#Sing|Person#3|Tense#Pres|VerbForm#Fin|Voice#Pass
005.SCG*LB2.CP-7++8.N.-6.5-2.9-8W11	dicit	NO MATCH	99301	Mood#Ind|Number#Sing|Person#3|Tense#Pres|VerbForm#Fin|Voice#Act
005.SCG*LB2.CP-4++7.N.-2.3-4.6-5W11	dicitur	NO MATCH	99301	Mood#Ind|Number#Sing|Person#3|Tense#Pres|VerbForm#Fin|Voice#Pass
005.SCG*LB3.CP-7++6.N.-2.4-5.7-4W17	dicit	NO MATCH	99301	Mood#Ind|Number#Sing|Person#3|Tense#Pres|VerbForm#Fin|Voice#Act
005.SCG*LB4.CP-3++7.N.-6.4-2.6-7W18	dicitur	NO MATCH	99301	Aspect#Imp|Mood#Ind|Number#Sing|Person#3|Tense#Pres|VerbForm#Fin|Voice#Pass
005.SCG*LB2.CP-8++9.N.-6.8-6.12-4W23	fieri	NO MATCH	102758	Tense#Pres|VerbForm#Inf|Voice#Pass
005.SCG*LB2.CP-8++2.N.17.9-3.11-2W4	dicitur	NO MATCH	99301	Mood#Ind|Number#Sing|Person#3|Tense#Pres|VerbForm#Fin|Voice#Pass
005.SCG*LB3.CP10++1.N.-1.23-3.26-2W5	dicenda	NO MATCH	99301	Case#Nom|Degree#Pos|Gender#Neut|Number#Plur|VerbForm#Gdv|Voice#Pass
005.SCG*LB1.CP-9++1.N.-4.11-6.13-6W16	intensior	NO MATCH	108382	Aspect#Perf|Case#Nom|Degree#Cmp|Gender#Masc|Number#Sing|Tense#Past|VerbForm#Part|Voice#Pass
005.SCG*LB1.CP--++7.N.-6.7-1.9-1W14	dicit	NO MATCH	99301	Mood#Ind|Number#Sing|Person#3|Tense#Pres|VerbForm#Fin|Voice#Act
005.SCG*LB3.CP-4++8.N.11.13-1.13-8W5	fieri	NO MATCH	102758	Tense#Pres|VerbForm#Inf|Voice#Pass
005.SCG*LB1.CP-5++5.N.-2.10-5.13-3W13	intellecta	NO MATCH	108367	Aspect#Perf|Case#Nom|Degree#Pos|Gender#Fem|Number#Plur|Tense#Past|VerbForm#Part|Voice#Pass
005.SCG*LB2.CP-7++8.N.11.4-6.9-3W3	dixit	NO MATCH	99301	Aspect#Perf|Mood#Ind|Number#Sing|Person#3|Tense#Past|VerbForm#Fin|Voice#Act
005.SCG*LB4.CP-8++4.N.-3.7-1.10-4W18	dicitur	NO MATCH	99301	Aspect#Imp|Mood#Ind|Number#Sing|Person#3|Tense#Pres|VerbForm#Fin|Voice#Pass
005.SCG*LB3.CP15++0.N.-2.12-3.12-6W2	dicitur	NO MATCH	99301	Mood#Ind|Number#Sing|Person#3|Tense#Pres|VerbForm#Fin|Voice#Pass
005.SCG*LB3.CP--++8.N.13.13-3.15-4W6	dicitur	NO MATCH	99301	Mood#Ind|Number#Sing|Person#3|Tense#Pres|VerbForm#Fin|Voice#Pass
005.SCG*LB4.CP-1++7.N.18.7-6.9-8W18	dicit	NO MATCH	99301	Aspect#Imp|Mood#Ind|Number#Sing|Person#3|Tense#Pres|VerbForm#Fin|Voice#Act
005.SCG*LB4.CP-4++1.N.-2.1-1.11-1W46	dicimus	NO MATCH	99301	Aspect#Imp|Mood#Ind|Number#Plur|Person#1|Tense#Pres|VerbForm#Fin|Voice#Act
005.SCG*LB4.CP--++5.N.-9.4-4.6-6W8	dicitur	NO MATCH	99301	Aspect#Imp|Mood#Ind|Number#Sing|Person#3|Tense#Pres|VerbForm#Fin|Voice#Pass
005.SCG*LB2.CP-7++4.N.-1.1-1.3-1W1	praedictis	NO MATCH	118832	Aspect#Perf|Case#Dat|Degree#Pos|Gender#Fem|Number#Plur|Tense#Past|VerbForm#Part|Voice#Pass
005.SCG*LB2.CP-6++0.N.21.1-1.4-3W3	dicatur	NO MATCH	99301	Mood#Sub|Number#Sing|Person#3|Tense#Pres|VerbForm#Fin|Voice#Pass
005.SCG*LB3.CP12++7.N.-4.1-2.2-7W12	converso	NO MATCH	96446	Case#Abl|Degree#Pos|Gender#Neut|Number#Sing
005.SCG*LB4.CP-2++9.N.12.5-3.6-1W1	dicit	NO MATCH	99301	Aspect#Imp|Mood#Ind|Number#Sing|Person#3|Tense#Pres|VerbForm#Fin|Voice#Act
005.SCG*LB4.CP-5++0.N.-3.1-1.4-3W7	dicitur	NO MATCH	99301	Aspect#Imp|Mood#Ind|Number#Sing|Person#3|Tense#Pres|VerbForm#Fin|Voice#Pass
005.SCG*LB4.CP--++1.N.13.6-4.9-6W22	dicta	NO MATCH	99301	Aspect#Perf|Case#Acc|Degree#Pos|Gender#Neut|Number#Plur|Tense#Past|VerbForm#Part|Voice#Pass
005.SCG*LB4.CP-3++5.N.-8.25-1.26-4W6	fieret	NO MATCH	102758	Aspect#Imp|Mood#Sub|Number#Sing|Person#3|Tense#Imp|VerbForm#Fin|Voice#Pass
005.SCG*LB4.CP-3++4.N.25.19-1.21-5W3	dicit	NO MATCH	99301	Aspect#Imp|Mood#Ind|Number#Sing|Person#3|Tense#Pres|VerbForm#Fin|Voice#Act
005.SCG*LB4.CP--++4.N.13.16-4.16-8W1	dicitur	NO MATCH	99301	Aspect#Imp|Mood#Ind|Number#Sing|Person#3|Tense#Pres|VerbForm#Fin|Voice#Pass
005.SCG*LB1.CP-9++1.N.-9.33-1.34-7W13	dicta	NO MATCH	99301	Aspect#Perf|Case#Nom|Degree#Pos|Gender#Fem|Number#Sing|Tense#Past|VerbForm#Part|Voice#Pass
005.SCG*LB4.CP-5++5.N.26.8-2.13-3W37	subiiciat	NO MATCH	126114	Aspect#Imp|Mood#Sub|Number#Sing|Person#3|Tense#Pres|VerbForm#Fin|Voice#Act
005.SCG*LB4.CP-1++7.N.23.1-1.4-5W4	dicat	NO MATCH	99301	Aspect#Imp|Mood#Sub|Number#Sing|Person#3|Tense#Pres|VerbForm#Fin|Voice#Act
005.SCG*LB4.CP-1++9.N.-3.6-2.9-2W25	dicitur	NO MATCH	99301	Aspect#Imp|Mood#Ind|Number#Sing|Person#3|Tense#Pres|VerbForm#Fin|Voice#Pass
005.SCG*LB2.CP-2++8.N.11.10-5.13-1W7	dici	NO MATCH	99301	Tense#Pres|VerbForm#Inf|Voice#Pass
005.SCG*LB4.CP--++7.N.-7.7-3.11-7W34	dici	NO MATCH	99301	Aspect#Imp|Tense#Pres|VerbForm#Inf|Voice#Pass
005.SCG*LB4.CP-3++4.N.-2.51-1.53-1W13	praedictam	NO MATCH	118832	Aspect#Perf|Case#Acc|Degree#Pos|Gender#Fem|Number#Sing|Tense#Past|VerbForm#Part|Voice#Pass
005.SCG*LB3.CP-9++7.N.11.1-1.5-4W15	diximus	NO MATCH	99301	Aspect#Perf|Mood#Ind|Number#Plur|Person#1|Tense#Past|VerbForm#Fin|Voice#Act
005.SCG*LB4.CP-4++6.N.-2.12-1.13-7W1	convenienter	NO MATCH	96424	Degree#Pos
005.SCG*LB4.CP-6++3.N.11.1-1.3-5W18	praedicta	NO MATCH	118832	Aspect#Perf|Case#Abl|Degree#Pos|Gender#Fem|Number#Sing|Tense#Past|VerbForm#Part|Voice#Pass
005.SCG*LB4.CP-3++5.N.-8.32-1.36-3W8	dixit	NO MATCH	99301	Aspect#Perf|Mood#Ind|Number#Sing|Person#3|Tense#Past|VerbForm#Fin|Voice#Act
005.SCG*LB2.CP-6++9.N.-9.15-1.22-4W7	dicit	NO MATCH	99301	Mood#Ind|Number#Sing|Person#3|Tense#Pres|VerbForm#Fin|Voice#Act
005.SCG*LB3.CP14++2.N.-1.10-4.14-4W7	differenter	NO MATCH	99342	Degree#Pos
005.SCG*LB4.CP-1++1.N.18.65-1.69-5W4	paritur	NO MATCH	116051	Aspect#Imp|Mood#Ind|Number#Sing|Person#3|Tense#Pres|VerbForm#Fin|Voice#Pass
005.SCG*LB3.CP-1++0.N.13.1-1.3-1W4	exequentis	NO MATCH	102311	Case#Gen|Degree#Pos|Gender#Fem|Number#Sing|Tense#Pres|VerbForm#Part|Voice#Pass
005.SCG*LB4.CP-3++0.N.-1.9-3.12-3W1	dicitur	NO MATCH	99301	Aspect#Imp|Mood#Ind|Number#Sing|Person#3|Tense#Pres|VerbForm#Fin|Voice#Pass
005.SCG*LB3.CP-5++4.N.-9.11-6.14-6W8	dicit	NO MATCH	99301	Mood#Ind|Number#Sing|Person#3|Tense#Pres|VerbForm#Fin|Voice#Act
005.SCG*LB4.CP-3++7.N.10.5-1.9-7W34	asseruit	NO MATCH	90320	Aspect#Perf|Mood#Ind|Number#Sing|Person#3|Tense#Past|VerbForm#Fin|Voice#Act
005.SCG*LB3.CP--++8.N.13.11-2.12-2W6	dici	NO MATCH	99301	Tense#Pres|VerbForm#Inf|Voice#Pass
005.SCG*LB3.CP-9++0.N.-8.1-1.4-1W8	praedictam	NO MATCH	118832	Aspect#Perf|Case#Acc|Degree#Pos|Gender#Fem|Number#Sing|Tense#Past|VerbForm#Part|Voice#Pass
005.SCG*LB3.CP-6++2.N.-2.6-1.7-7W10	fit	NO MATCH	102758	Mood#Ind|Number#Sing|Person#3|Tense#Pres|VerbForm#Fin|Voice#Pass
005.SCG*LB1.CP-3++0.N.-4.7-7.10-7W26	dictis	NO MATCH	99301	Aspect#Perf|Case#Abl|Degree#Pos|Gender#Neut|Number#Plur|Tense#Past|VerbForm#Part|Voice#Pass
005.SCG*LB2.CP-7++2.N.-5.10-4.14-6W17	dicuntur	NO MATCH	99301	Mood#Ind|Number#Plur|Person#3|Tense#Pres|VerbForm#Fin|Voice#Pass
005.SCG*LB2.CP-4++3.N.10.6-1.9-2W3	dicit	NO MATCH	99301	Mood#Ind|Number#Sing|Person#3|Tense#Pres|VerbForm#Fin|Voice#Act
005.SCG*LB3.CP15++4.N.-2.5-4.9-2W27	dictis	NO MATCH	99301	Aspect#Perf|Case#Abl|Degree#Pos|Gender#Neut|Number#Plur|Tense#Past|VerbForm#Part|Voice#Pass
005.SCG*LB2.CP-6++0.N.-9.1-2.3-5W2	consequens	NO MATCH	96035	Case#Nom|Degree#Pos|Gender#Fem|Number#Sing|Tense#Pres|VerbForm#Part|Voice#Pass
005.SCG*LB2.CP-8++0.N.-8.8-1.11-5W22	fit	NO MATCH	102758	Mood#Ind|Number#Sing|Person#3|Tense#Pres|VerbForm#Fin|Voice#Pass
005.SCG*LB3.CP14++4.N.-9.12-3.13-4W4	convenientior	NO MATCH	96424	Case#Nom|Degree#Cmp|Gender#Masc|Number#Sing|Tense#Pres|VerbForm#Part|Voice#Act
005.SCG*LB3.CP14++4.N.10.6-2.10-1W15	dicitur	NO MATCH	99301	Mood#Ind|Number#Sing|Person#3|Tense#Pres|VerbForm#Fin|Voice#Pass
005.SCG*LB4.CP-7++3.N.-5.13-2.18-1W31	fit	NO MATCH	102758	Aspect#Imp|Mood#Ind|Number#Sing|Person#3|Tense#Pres|VerbForm#Fin|Voice#Pass
005.SCG*LB1.CP-8++6.N.-1.1-1.3-2W4	praedictis	NO MATCH	118832	Aspect#Perf|Case#Abl|Degree#Pos|Gender#Neut|Number#Plur|Tense#Past|VerbForm#Part|Voice#Pass
005.SCG*LB2.CP-8++2.N.-6.7-1.9-4W3	dicimus	NO MATCH	99301	Mood#Ind|Number#Plur|Person#1|Tense#Pres|VerbForm#Fin|Voice#Act
005.SCG*LB2.CP--++3.N.-3.10-4.11-5W9	praedictus	NO MATCH	118832	Aspect#Perf|Case#Nom|Degree#Pos|Gender#Masc|Number#Sing|Tense#Past|VerbForm#Part|Voice#Pass
005.SCG*LB4.CP-3++4.N.14.5-2.7-3W10	praedictam	NO MATCH	118832	Aspect#Perf|Case#Acc|Degree#Pos|Gender#Fem|Number#Sing|Tense#Past|VerbForm#Part|Voice#Pass
005.SCG*LB3.CP-8++0.N.-5.8-1.11-4W3	dicuntur	NO MATCH	99301	Mood#Ind|Number#Plur|Person#3|Tense#Pres|VerbForm#Fin|Voice#Pass
005.SCG*LB3.CP-8++5.N.18.12-3.17-5W3	dixit	NO MATCH	99301	Aspect#Perf|Mood#Ind|Number#Sing|Person#3|Tense#Past|VerbForm#Fin|Voice#Act
005.SCG*LB2.CP-7++5.N.13.1-1.7-2W3	dixerimus	NO MATCH	99301	Aspect#Perf|Mood#Sub|Number#Plur|Person#1|Tense#Past|VerbForm#Fin|Voice#Act
005.SCG*LB2.CP-9++2.N.-8.7-4.11-2W14	dicimus	NO MATCH	99301	Mood#Ind|Number#Plur|Person#1|Tense#Pres|VerbForm#Fin|Voice#Act
005.SCG*LB2.CP--++2.N.-3.14-5.16-1W2	dicitur	NO MATCH	99301	Mood#Ind|Number#Sing|Person#3|Tense#Pres|VerbForm#Fin|Voice#Pass
005.SCG*LB1.CP-5++7.N.11.5-3.8-7W6	fieri	NO MATCH	102758	Tense#Pres|VerbForm#Inf|Voice#Pass
005.SCG*LB3.CP15++0.N.-4.10-2.14-3W5	praedicta	NO MATCH	118832	Aspect#Perf|Case#Acc|Degree#Pos|Gender#Neut|Number#Plur|Tense#Past|VerbForm#Part|Voice#Pass
005.SCG*LB4.CP--++6.N.-8.8-4.9-1W5	dicit	NO MATCH	99301	Aspect#Imp|Mood#Ind|Number#Sing|Person#3|Tense#Pres|VerbForm#Fin|Voice#Act
005.SCG*LB3.CP-5++0.N.-9.12-1.13-2W3	convenienter	NO MATCH	96424	Degree#Pos
005.SCG*LB4.CP-3++4.N.14.32-2.33-6W3	dici	NO MATCH	99301	Aspect#Imp|Tense#Pres|VerbForm#Inf|Voice#Pass
005.SCG*LB4.CP--++8.N.-5.64-5.66-4W11	fieri	NO MATCH	102758	Aspect#Imp|Tense#Pres|VerbForm#Inf|Voice#Pass
005.SCG*LB3.CP-4++8.N.10.1-1.4-1W3	praedicta	NO MATCH	118832	Aspect#Perf|Case#Nom|Degree#Pos|Gender#Fem|Number#Sing|Tense#Past|VerbForm#Part|Voice#Pass
005.SCG*LB3.CP-8++1.N.-6.18-4.20-8W17	dictum	NO MATCH	99301	Aspect#Perf|Case#Nom|Degree#Pos|Gender#Neut|Number#Sing|Tense#Past|VerbForm#Part|Voice#Pass
005.SCG*LB1.CP-6++3.N.-4.16-2.18-5W17	dictum	NO MATCH	99301	Aspect#Perf|Case#Nom|Degree#Pos|Gender#Neut|Number#Sing|Tense#Past|VerbForm#Part|Voice#Pass
005.SCG*LB4.CP-3++4.N.-4.12-6.16-2W14	dicens	NO MATCH	99301	Aspect#Imp|Case#Nom|Degree#Pos|Gender#Masc|Number#Sing|Tense#Pres|VerbForm#Part|Voice#Act
005.SCG*LB3.CP-7++6.N.-1.9-1.11-4W1	consequenter	NO MATCH	96035	Case#Loc|Degree#Pos|Number#Sing|Tense#Pres|VerbForm#Part|Voice#Pass
005.SCG*LB3.CP15++0.N.-8.3-1.3-5W1	dicit	NO MATCH	99301	Mood#Ind|Number#Sing|Person#3|Tense#Pres|VerbForm#Fin|Voice#Act
005.SCG*LB4.CP-3++5.N.-4.4-5.7-3W3	dicitur	NO MATCH	99301	Aspect#Imp|Mood#Ind|Number#Sing|Person#3|Tense#Pres|VerbForm#Fin|Voice#Pass
005.SCG*LB3.CP15++1.N.-1.1-1.4-3W5	fit	NO MATCH	102758	Mood#Ind|Number#Sing|Person#3|Tense#Pres|VerbForm#Fin|Voice#Pass
005.SCG*LB1.CP-8++3.N.-5.7-7.12-6W22	volitum	NO MATCH	130745	Aspect#Perf|Case#Acc|Degree#Pos|Gender#Neut|Number#Sing|Tense#Past|VerbForm#Part|VerbType#Mod|Voice#Pass
005.SCG*LB2.CP-1++5.N.10.4-1.6-1W5	dicunt	NO MATCH	99301	Mood#Ind|Number#Plur|Person#3|Tense#Pres|VerbForm#Fin|Voice#Act
005.SCG*LB3.CP12++0.N.-2.4-4.6-3W13	dicebant	NO MATCH	99301	Aspect#Imp|Mood#Ind|Number#Plur|Person#3|Tense#Imp|VerbForm#Fin|Voice#Act
005.SCG*LB3.CP-7++6.N.-7.23-7.25-5W11	fiat	NO MATCH	102758	Mood#Sub|Number#Sing|Person#3|Tense#Pres|VerbForm#Fin|Voice#Pass
005.SCG*LB3.CP-1++3.N.-4.5-2.7-4W13	calefit	NO MATCH	92350	Mood#Ind|Number#Sing|Person#3|Tense#Pres|VerbForm#Fin|Voice#Pass
005.SCG*LB3.CP-9++7.N.-6.3-4.8-3W11	perfectiores	NO MATCH	116821	Aspect#Perf|Case#Nom|Degree#Cmp|Gender#Fem|Number#Plur|Tense#Past|VerbForm#Part|Voice#Pass
005.SCG*LB2.CP-8++9.N.-6.8-6.12-4W14	sufficienter	NO MATCH	126601	Degree#Pos
005.SCG*LB3.CP-4++9.N.-9.8-6.12-5W16	expressius	NO MATCH	102229	Degree#Cmp
005.SCG*LB4.CP--++6.N.-7.7-3.7-8W6	dicit	NO MATCH	99301	Aspect#Imp|Mood#Ind|Number#Sing|Person#3|Tense#Pres|VerbForm#Fin|Voice#Act
005.SCG*LB1.CP-4++9.N.-7.3-6.5-2W10	excelso	NO MATCH	101840	Aspect#Perf|Case#Abl|Degree#Pos|Gender#Neut|Number#Sing|Tense#Past|VerbForm#Part|Voice#Pass
005.SCG*LB1.CP-9++5.N.-7.1-1.2-1W5	dicitur	NO MATCH	99301	Mood#Ind|Number#Sing|Person#3|Tense#Pres|VerbForm#Fin|Voice#Pass
005.SCG*LB3.CP-4++0.N.-6.10-4.12-5W3	dicitur	NO MATCH	99301	Mood#Ind|Number#Sing|Person#3|Tense#Pres|VerbForm#Fin|Voice#Pass
005.SCG*LB4.CP--++8.N.-9.80-2.81-6W9	dicitur	NO MATCH	99301	Aspect#Imp|Mood#Ind|Number#Sing|Person#3|Tense#Pres|VerbForm#Fin|Voice#Pass
005.SCG*LB4.CP-6++9.N.-6.30-4.32-6W3	fit	NO MATCH	102758	Aspect#Imp|Mood#Ind|Number#Sing|Person#3|Tense#Pres|VerbForm#Fin|Voice#Pass
005.SCG*LB3.CP12++6.N.-1.7-4.10-1W15	dictis	NO MATCH	99301	Aspect#Perf|Case#Abl|Degree#Pos|Gender#Neut|Number#Plur|Tense#Past|VerbForm#Part|Voice#Pass
005.SCG*LB1.CP-6++5.N.-3.21-6.24-7W24	essendi	NO MATCH	126689	Case#Gen|Degree#Pos|Number#Sing|VerbForm#Ger|Voice#Act
005.SCG*LB3.CP11++3.N.-7.6-8.10-4W4	dicuntur	NO MATCH	99301	Mood#Ind|Number#Plur|Person#3|Tense#Pres|VerbForm#Fin|Voice#Pass
005.SCG*LB4.CP-5++0.N.-3.11-1.13-2W4	diceretur	NO MATCH	99301	Aspect#Imp|Mood#Sub|Number#Sing|Person#3|Tense#Imp|VerbForm#Fin|Voice#Pass
005.SCG*LB2.CP-9++1.N.-8.5-3.7-3W9	praedictae	NO MATCH	118832	Aspect#Perf|Case#Dat|Degree#Pos|Gender#Fem|Number#Sing|Tense#Past|VerbForm#Part|Voice#Pass
005.SCG*LB2.CP-3++2.N.-5.8-3.10-2W7	fiat	NO MATCH	102758	Mood#Sub|Number#Sing|Person#3|Tense#Pres|VerbForm#Fin|Voice#Pass
005.SCG*LB1.CP-6++7.N.11.8-7.9-3W1	praedixi	NO MATCH	118832	Aspect#Perf|Mood#Ind|Number#Sing|Person#1|Tense#Past|VerbForm#Fin|Voice#Act
005.SCG*LB4.CP-3++5.N.-4.1-2.2-5W7	dicitur	NO MATCH	99301	Aspect#Imp|Mood#Ind|Number#Sing|Person#3|Tense#Pres|VerbForm#Fin|Voice#Pass
005.SCG*LB3.CP13++9.N.15.1-1.6-1W4	diligenter	NO MATCH	99463	Degree#Pos
005.SCG*LB3.CP-4++7.N.-6.4-3.9-5W16	dicitur	NO MATCH	99301	Mood#Ind|Number#Sing|Person#3|Tense#Pres|VerbForm#Fin|Voice#Pass
005.SCG*LB2.CP-9++2.N.-3.5-6.9-4W24	praedictarum	NO MATCH	118832	Aspect#Perf|Case#Gen|Degree#Pos|Gender#Fem|Number#Plur|Tense#Past|VerbForm#Part|Voice#Pass
005.SCG*LB2.CP-1++1.N.-2.7-1.8-1W8	dicetur	NO MATCH	99301	Mood#Ind|Number#Sing|Person#3|Tense#Fut|VerbForm#Fin|Voice#Pass
005.SCG*LB4.CP-1++1.N.-6.10-1.15-1W4	praedicta	NO MATCH	118832	Aspect#Perf|Case#Nom|Degree#Pos|Gender#Fem|Number#Sing|Tense#Past|VerbForm#Part|Voice#Pass
005.SCG*LB4.CP-3++8.N.-2.8-2.10-2W6	dicentis	NO MATCH	99301	Aspect#Imp|Case#Gen|Degree#Pos|Gender#Masc|Number#Sing|Tense#Pres|VerbForm#Part|Voice#Act
005.SCG*LB3.CP11++4.N.-6.1-1.2-1W4	dicitur	NO MATCH	99301	Mood#Ind|Number#Sing|Person#3|Tense#Pres|VerbForm#Fin|Voice#Pass
005.SCG*LB3.CP-2++1.N.-7.9-1.11-2W16	fieri	NO MATCH	102758	Tense#Pres|VerbForm#Inf|Voice#Pass
005.SCG*LB1.CP-8++2.N.-9.15-5.25-7W3	dicitur	NO MATCH	99301	Mood#Ind|Number#Sing|Person#3|Tense#Pres|VerbForm#Fin|Voice#Pass
005.SCG*LB4.CP-1++4.N.11.30-3.32-6W9	dicitur	NO MATCH	99301	Aspect#Imp|Mood#Ind|Number#Sing|Person#3|Tense#Pres|VerbForm#Fin|Voice#Pass
005.SCG*LB2.CP--++2.N.-2.14-1.17-3W15	confortata	NO MATCH	95815	Aspect#Perf|Case#Nom|Degree#Pos|Gender#Fem|Number#Sing|Tense#Past|VerbForm#Part|Voice#Pass
005.SCG*LB3.CP14++0.N.-6.6-6.11-1W16	recte	NO MATCH	122542	Degree#Pos
005.SCG*LB3.CP-2++5.N.16.1-1.5-1W15	dicit	NO MATCH	99301	Mood#Ind|Number#Sing|Person#3|Tense#Pres|VerbForm#Fin|Voice#Act
005.SCG*LB4.CP-5++2.N.10.1-1.6-1W5	praedicti	NO MATCH	118832	Aspect#Perf|Case#Nom|Degree#Pos|Gender#Masc|Number#Plur|Tense#Past|VerbForm#Part|Voice#Pass
005.SCG*LB3.CP-3++8.N.-5.4-1.6-1W5	praedicta	NO MATCH	118832	Aspect#Perf|Case#Abl|Degree#Pos|Gender#Fem|Number#Sing|Tense#Past|VerbForm#Part|Voice#Pass
005.SCG*LB1.CP-2++5.N.-8.1-1.4-5W23	fit	NO MATCH	102758	Mood#Ind|Number#Sing|Person#3|Tense#Pres|VerbForm#Fin|Voice#Pass
005.SCG*LB3.CP--++3.N.-2.3-6.5-4W6	determinate	NO MATCH	99024	Degree#Pos
005.SCG*LB4.CP-5++5.N.10.42-7.47-5W7	dicit	NO MATCH	99301	Aspect#Imp|Mood#Ind|Number#Sing|Person#3|Tense#Pres|VerbForm#Fin|Voice#Act
005.SCG*LB3.CP12++0.N.24.12-5.13-3W5	dicitur	NO MATCH	99301	Mood#Ind|Number#Sing|Person#3|Tense#Pres|VerbForm#Fin|Voice#Pass
005.SCG*LB2.CP-9++8.N.12.1-1.4-3W5	dictum	NO MATCH	99301	Aspect#Perf|Case#Nom|Degree#Pos|Gender#Neut|Number#Sing|Tense#Past|VerbForm#Part|Voice#Pass
005.SCG*LB4.CP-8++3.N.12.8-3.10-5W4	dicere	NO MATCH	99301	Aspect#Imp|Tense#Pres|VerbForm#Inf|Voice#Act
005.SCG*LB3.CP-2++8.N.-5.3-3.4-3W4	fieri	NO MATCH	102758	Tense#Pres|VerbForm#Inf|Voice#Pass
005.SCG*LB3.CP-2++1.N.-7.1-2.3-4W14	dictum	NO MATCH	99301	Aspect#Perf|Case#Nom|Degree#Pos|Gender#Neut|Number#Sing|Tense#Past|VerbForm#Part|Voice#Pass
005.SCG*LB3.CP-9++9.N.-3.1-2.4-4W18	dicta	NO MATCH	99301	Aspect#Perf|Case#Acc|Degree#Pos|Gender#Neut|Number#Plur|Tense#Past|VerbForm#Part|Voice#Pass
005.SCG*LB3.CP-9++2.N.-2.43-3.47-2W1	dicitur	NO MATCH	99301	Mood#Ind|Number#Sing|Person#3|Tense#Pres|VerbForm#Fin|Voice#Pass
005.SCG*LB4.CP-2++1.N.-4.18-1.20-4W13	convenienter	NO MATCH	96424	Degree#Pos
005.SCG*LB4.CP-4++8.N.-2.15-2.19-2W16	dici	NO MATCH	99301	Aspect#Imp|Tense#Pres|VerbForm#Inf|Voice#Pass
005.SCG*LB4.CP-5++3.N.15.8-3.12-4W30	convenienter	NO MATCH	96424	Degree#Pos
005.SCG*LB4.CP-1++3.N.-3.12-4.14-5W11	dictum	NO MATCH	99301	Aspect#Perf|Case#Nom|Degree#Pos|Gender#Neut|Number#Sing|Tense#Past|VerbForm#Part|Voice#Pass
005.SCG*LB2.CP-8++3.N.-1.1-1.5-6W31	essendi	NO MATCH	126689	Case#Gen|Degree#Pos|Number#Sing|VerbForm#Ger|Voice#Act
005.SCG*LB2.CP-1++0.N.-1.1-1.6-1W26	dicitur	NO MATCH	99301	Mood#Ind|Number#Sing|Person#3|Tense#Pres|VerbForm#Fin|Voice#Pass
005.SCG*LB3.CP15++0.N.-8.5-1.8-1W18	dicitur	NO MATCH	99301	Mood#Ind|Number#Sing|Person#3|Tense#Pres|VerbForm#Fin|Voice#Pass
005.SCG*LB3.CP-2++7.N.10.5-3.11-3W20	praedictae	NO MATCH	118832	Aspect#Perf|Case#Nom|Degree#Pos|Gender#Fem|Number#Plur|Tense#Past|VerbForm#Part|Voice#Pass
005.SCG*LB4.CP-3++5.N.-2.4-1.9-6W13	dicit	NO MATCH	99301	Aspect#Imp|Mood#Ind|Number#Sing|Person#3|Tense#Pres|VerbForm#Fin|Voice#Act
005.SCG*LB2.CP-8++7.N.-3.14-3.17-2W7	fieri	NO MATCH	102758	Tense#Pres|VerbForm#Inf|Voice#Pass
005.SCG*LB4.CP-6++6.N.-2.8-1.11-5W1	dictum	NO MATCH	99301	Aspect#Perf|Case#Nom|Degree#Pos|Gender#Neut|Number#Sing|Tense#Past|VerbForm#Part|Voice#Pass
005.SCG*LB4.CP-1++4.N.-9.1-1.4-5W4	dicitur	NO MATCH	99301	Aspect#Imp|Mood#Ind|Number#Sing|Person#3|Tense#Pres|VerbForm#Fin|Voice#Pass
005.SCG*LB3.CP-2++5.N.-6.1-2.5-1W24	praedictis	NO MATCH	118832	Aspect#Perf|Case#Abl|Degree#Pos|Gender#Neut|Number#Plur|Tense#Past|VerbForm#Part|Voice#Pass
005.SCG*LB3.CP15++9.N.-2.6-2.7-3W9	dixerunt	NO MATCH	99301	Aspect#Perf|Mood#Ind|Number#Plur|Person#3|Tense#Past|VerbForm#Fin|Voice#Act
005.SCG*LB3.CP12++2.N.10.4-4.6-1W1	dicitur	NO MATCH	99301	Mood#Ind|Number#Sing|Person#3|Tense#Pres|VerbForm#Fin|Voice#Pass
005.SCG*LB4.CP-9++1.N.10.12-4.14-2W11	dicere	NO MATCH	99301	Aspect#Imp|Tense#Pres|VerbForm#Inf|Voice#Act
005.SCG*LB4.CP-8++9.N.-3.20-5.22-6W6	dicit	NO MATCH	99301	Aspect#Imp|Mood#Ind|Number#Sing|Person#3|Tense#Pres|VerbForm#Fin|Voice#Act
005.SCG*LB1.CP-6++8.N.-6.1-2.5-3W23	puta	NO MATCH	120610	
005.SCG*LB4.CP-2++3.N.-2.20-1.22-3W17	expressius	NO MATCH	102229	Degree#Cmp
005.SCG*LB3.CP15++4.N.-4.13-4.16-5W2	praedicto	NO MATCH	118832	Aspect#Perf|Case#Abl|Degree#Pos|Gender#Neut|Number#Sing|Tense#Past|VerbForm#Part|Voice#Pass
005.SCG*LB4.CP-2++3.N.10.6-2.7-4W4	dicitur	NO MATCH	99301	Aspect#Imp|Mood#Ind|Number#Sing|Person#3|Tense#Pres|VerbForm#Fin|Voice#Pass
005.SCG*LB3.CP15++4.N.11.27-5.29-3W5	dicti	NO MATCH	99301	Aspect#Perf|Case#Nom|Degree#Pos|Gender#Masc|Number#Plur|Tense#Past|VerbForm#Part|Voice#Pass
005.SCG*LB4.CP-7++2.N.12.1-1.6-5W8	dixerunt	NO MATCH	99301	Aspect#Perf|Mood#Ind|Number#Plur|Person#3|Tense#Past|VerbForm#Fin|Voice#Act
005.SCG*LB1.CP-7++1.N.10.1-1.3-2W5	dicitur	NO MATCH	99301	Mood#Ind|Number#Sing|Person#3|Tense#Pres|VerbForm#Fin|Voice#Pass
005.SCG*LB3.CP-2++6.N.16.1-2.7-1W13	dicetur	NO MATCH	99301	Mood#Ind|Number#Sing|Person#3|Tense#Fut|VerbForm#Fin|Voice#Pass
005.SCG*LB4.CP-3++8.N.-9.8-5.9-6W4	dicitur	NO MATCH	99301	Aspect#Imp|Mood#Ind|Number#Sing|Person#3|Tense#Pres|VerbForm#Fin|Voice#Pass
005.SCG*LB4.CP-9++6.N.-1.11-3.13-2W6	fiet	NO MATCH	102758	Aspect#Imp|Mood#Ind|Number#Sing|Person#3|Tense#Fut|VerbForm#Fin|Voice#Pass
005.SCG*LB4.CP-5++9.N.-4.13-4.14-5W2	dicitur	NO MATCH	99301	Aspect#Imp|Mood#Ind|Number#Sing|Person#3|Tense#Pres|VerbForm#Fin|Voice#Pass
005.SCG*LB1.CP-3++7.N.-5.15-4.17-5W9	essendi	NO MATCH	126689	Case#Gen|Degree#Pos|Number#Sing|VerbForm#Ger|Voice#Act
005.SCG*LB1.CP-6++0.N.-4.5-1.6-3W9	dicatur	NO MATCH	99301	Mood#Sub|Number#Sing|Person#3|Tense#Pres|VerbForm#Fin|Voice#Pass
005.SCG*LB2.CP-3++8.N.-3.4-3.5-4W3	consequens	NO MATCH	96035	Case#Acc|Degree#Pos|Gender#Neut|Number#Sing|Tense#Pres|VerbForm#Part|Voice#Pass
005.SCG*LB2.CP-5++7.N.-3.2-1.4-3W6	fit	NO MATCH	102758	Mood#Ind|Number#Sing|Person#3|Tense#Pres|VerbForm#Fin|Voice#Pass
005.SCG*LB3.CP-4++7.N.-4.28-1.30-1W16	dicens	NO MATCH	99301	Case#Nom|Degree#Pos|Gender#Masc|Number#Sing|Tense#Pres|VerbForm#Part|Voice#Act
005.SCG*LB2.CP-4++2.N.-1.1-1.6-5W18	dicere	NO MATCH	99301	Tense#Pres|VerbForm#Inf|Voice#Act
005.SCG*LB4.CP-2++8.N.-6.4-4.5-3W1	dicit	NO MATCH	99301	Aspect#Imp|Mood#Ind|Number#Sing|Person#3|Tense#Pres|VerbForm#Fin|Voice#Act
005.SCG*LB2.CP-3++4.N.-2.16-7.18-3W13	fieri	NO MATCH	102758	Tense#Pres|VerbForm#Inf|Voice#Pass
005.SCG*LB4.CP-3++5.N.-4.8-4.10-2W3	dicere	NO MATCH	99301	Aspect#Imp|Tense#Pres|VerbForm#Inf|Voice#Act
005.SCG*LB1.CP-1++7.N.-7.6-4.8-2W5	dicitur	NO MATCH	99301	Mood#Ind|Number#Sing|Person#3|Tense#Pres|VerbForm#Fin|Voice#Pass
005.SCG*LB2.CP-1++5.N.-2.29-3.31-6W12	essendi	NO MATCH	126689	Case#Gen|Degree#Pos|Number#Sing|VerbForm#Ger|Voice#Act
005.SCG*LB3.CP12++7.N.-5.5-4.6-2W5	dicitur	NO MATCH	99301	Mood#Ind|Number#Sing|Person#3|Tense#Pres|VerbForm#Fin|Voice#Pass
005.SCG*LB2.CP-8++3.N.-8.6-3.10-3W8	dicunt	NO MATCH	99301	Mood#Ind|Number#Plur|Person#3|Tense#Pres|VerbForm#Fin|Voice#Act
005.SCG*LB2.CP-7++5.N.12.1-2.5-1W6	praedictum	NO MATCH	118832	Aspect#Perf|Case#Acc|Degree#Pos|Gender#Masc|Number#Sing|Tense#Past|VerbForm#Part|Voice#Pass
005.SCG*LB1.CP-2++2.N.-4.10-4.11-5W8	necesse-esse	NO MATCH	126689	Tense#Pres|VerbForm#Inf|Voice#Act
005.SCG*LB4.CP--++1.N.11.33-6.34-6W2	dicit	NO MATCH	99301	Aspect#Imp|Mood#Ind|Number#Sing|Person#3|Tense#Pres|VerbForm#Fin|Voice#Act
005.SCG*LB3.CP15++4.N.21.1-1.8-3W8	fiunt	NO MATCH	102758	Mood#Ind|Number#Plur|Person#3|Tense#Pres|VerbForm#Fin|Voice#Pass
005.SCG*LB4.CP--++8.N.-4.39-6.44-5W28	subiicere	NO MATCH	126114	Aspect#Imp|Tense#Pres|VerbForm#Inf|Voice#Act
005.SCG*LB4.CP-1++8.N.-4.5-2.6-6W1	dicitur	NO MATCH	99301	Aspect#Imp|Mood#Ind|Number#Sing|Person#3|Tense#Pres|VerbForm#Fin|Voice#Pass
005.SCG*LB2.CP-8++3.N.-6.1-1.6-4W13	dixerunt	NO MATCH	99301	Aspect#Perf|Mood#Ind|Number#Plur|Person#3|Tense#Past|VerbForm#Fin|Voice#Act
005.SCG*LB1.CP-8++2.N.-9.2-1.15-4W82	dicimus	NO MATCH	99301	Mood#Ind|Number#Plur|Person#1|Tense#Pres|VerbForm#Fin|Voice#Act
005.SCG*LB4.CP-1++8.N.-4.10-2.11-3W3	dicere	NO MATCH	99301	Aspect#Imp|Tense#Pres|VerbForm#Inf|Voice#Act
005.SCG*LB3.CP-4++8.N.-9.7-4.12-3W31	dictis	NO MATCH	99301	Aspect#Perf|Case#Abl|Degree#Pos|Gender#Neut|Number#Plur|Tense#Past|VerbForm#Part|Voice#Pass
005.SCG*LB4.CP-4++1.N.14.3-4.8-2W28	dicatur	NO MATCH	99301	Aspect#Imp|Mood#Sub|Number#Sing|Person#3|Tense#Pres|VerbForm#Fin|Voice#Pass
005.SCG*LB1.CP10++2.N.-4.1-2.4-7W12	dicitur	NO MATCH	99301	Mood#Ind|Number#Sing|Person#3|Tense#Pres|VerbForm#Fin|Voice#Pass
005.SCG*LB3.CP-5++7.N.-2.7-1.9-3W6	fit	NO MATCH	102758	Mood#Ind|Number#Sing|Person#3|Tense#Pres|VerbForm#Fin|Voice#Pass
005.SCG*LB1.CP-6++5.N.-8.7-2.9-1W12	consequens	NO MATCH	96035	Case#Acc|Degree#Pos|Gender#Neut|Number#Sing|Tense#Pres|VerbForm#Part|Voice#Pass
005.SCG*LB1.CP--++4.N.-4.11-1.15-8W28	fit	NO MATCH	102758	Mood#Ind|Number#Sing|Person#3|Tense#Pres|VerbForm#Fin|Voice#Pass
005.SCG*LB3.CP-7++1.N.11.6-1.8-4W7	dicebant	NO MATCH	99301	Aspect#Imp|Mood#Ind|Number#Plur|Person#3|Tense#Imp|VerbForm#Fin|Voice#Act
005.SCG*LB2.CP-8++9.N.11.6-4.11-3W23	consequens	NO MATCH	96035	Case#Acc|Degree#Pos|Gender#Neut|Number#Sing|Tense#Pres|VerbForm#Part|Voice#Pass
005.SCG*LB1.CP-4++4.N.-5.7-2.8-7W6	fiunt	NO MATCH	102758	Mood#Ind|Number#Plur|Person#3|Tense#Pres|VerbForm#Fin|Voice#Pass
005.SCG*LB4.CP-5++5.N.-8.11-2.13-4W8	diligentius	NO MATCH	99463	Degree#Cmp
005.SCG*LB3.CP-6++1.N.-3.7-6.8-5W4	praedicta	NO MATCH	118832	Aspect#Perf|Case#Nom|Degree#Pos|Gender#Fem|Number#Sing|Tense#Past|VerbForm#Part|Voice#Pass
005.SCG*LB2.CP-8++0.N.12.1-1.4-3W18	dicimus	NO MATCH	99301	Mood#Ind|Number#Plur|Person#1|Tense#Pres|VerbForm#Fin|Voice#Act
005.SCG*LB3.CP13++4.N.-2.11-5.17-2W25	fieri	NO MATCH	102758	Tense#Pres|VerbForm#Inf|Voice#Pass
005.SCG*LB4.CP-4++1.N.-3.22-1.26-5W18	convenienter	NO MATCH	96424	Degree#Pos
005.SCG*LB2.CP-7++3.N.-8.1-1.3-4W13	dicta	NO MATCH	99301	Aspect#Perf|Case#Nom|Degree#Pos|Gender#Neut|Number#Plur|Tense#Past|VerbForm#Part|Voice#Pass
005.SCG*LB4.CP-5++2.N.-6.48-2.51-2W12	consequens	NO MATCH	96035	Aspect#Imp|Case#Nom|Degree#Pos|Gender#Masc|Number#Sing|Tense#Pres|VerbForm#Part|Voice#Pass
005.SCG*LB4.CP-1++3.N.-5.1-1.5-3W6	dicit	NO MATCH	99301	Aspect#Imp|Mood#Ind|Number#Sing|Person#3|Tense#Pres|VerbForm#Fin|Voice#Act
005.SCG*LB4.CP-6++3.N.-6.1-1.4-1W5	praedicta	NO MATCH	118832	Aspect#Perf|Case#Nom|Degree#Pos|Gender#Fem|Number#Sing|Tense#Past|VerbForm#Part|Voice#Pass
005.SCG*LB3.CP-8++3.N.-3.1-1.2-5W6	dicit	NO MATCH	99301	Mood#Ind|Number#Sing|Person#3|Tense#Pres|VerbForm#Fin|Voice#Act
005.SCG*LB2.CP--++8.N.-4.1-2.3-1W10	praedictis	NO MATCH	118832	Aspect#Perf|Case#Abl|Degree#Pos|Gender#Neut|Number#Plur|Tense#Past|VerbForm#Part|Voice#Pass
005.SCG*LB3.CP-7++8.N.-2.11-3.16-4W12	fit	NO MATCH	102758	Mood#Ind|Number#Sing|Person#3|Tense#Pres|VerbForm#Fin|Voice#Pass
005.SCG*LB4.CP-3++7.N.11.4-3.5-2W7	dici	NO MATCH	99301	Aspect#Imp|Tense#Pres|VerbForm#Inf|Voice#Pass
005.SCG*LB2.CP-7++8.N.-8.24-4.26-5W3	dixerat	NO MATCH	99301	Aspect#Perf|Mood#Ind|Number#Sing|Person#3|Tense#Pqp|VerbForm#Fin|Voice#Act
005.SCG*LB4.CP-2++8.N.-7.4-6.8-5W7	dicens	NO MATCH	99301	Aspect#Imp|Case#Nom|Degree#Pos|Gender#Masc|Number#Sing|Tense#Pres|VerbForm#Part|Voice#Act
005.SCG*LB4.CP--++5.N.-7.1-2.1-3W2	dicit	NO MATCH	99301	Aspect#Imp|Mood#Ind|Number#Sing|Person#3|Tense#Pres|VerbForm#Fin|Voice#Act
005.SCG*LB1.CP-3++3.N.-7.1-1.7-4W43	dictum	NO MATCH	99301	Aspect#Perf|Case#Nom|Degree#Pos|Gender#Neut|Number#Sing|Tense#Past|VerbForm#Part|Voice#Pass
005.SCG*LB1.CP--++5.N.--.1-1.3-2W8	convenienter	NO MATCH	96424	Degree#Pos
005.SCG*LB1.CP-7++6.N.-4.1-2.5-1W4	dictis	NO MATCH	99301	Aspect#Perf|Case#Abl|Degree#Pos|Gender#Neut|Number#Plur|Tense#Past|VerbForm#Part|Voice#Pass
005.SCG*LB2.CP-9++0.N.10.5-1.6-2W7	dici	NO MATCH	99301	Tense#Pres|VerbForm#Inf|Voice#Pass
005.SCG*LB1.CP-1++6.N.-7.12-6.13-1W3	dicimus	NO MATCH	99301	Mood#Ind|Number#Plur|Person#1|Tense#Pres|VerbForm#Fin|Voice#Act
005.SCG*LB4.CP-5++5.N.28.1-1.5-3W3	sufficienter	NO MATCH	126601	Degree#Pos
005.SCG*LB1.CP-6++7.N.-9.1-1.6-3W39	dicitur	NO MATCH	99301	Mood#Ind|Number#Sing|Person#3|Tense#Pres|VerbForm#Fin|Voice#Pass
005.SCG*LB3.CP15++4.N.21.8-4.9-5W3	dicitur	NO MATCH	99301	Mood#Ind|Number#Sing|Person#3|Tense#Pres|VerbForm#Fin|Voice#Pass
005.SCG*LB3.CP10++2.N.-3.10-1.13-3W10	dici	NO MATCH	99301	Tense#Pres|VerbForm#Inf|Voice#Pass
005.SCG*LB3.CP-9++5.N.19.6-6.7-2W1	dixit	NO MATCH	99301	Aspect#Perf|Mood#Ind|Number#Sing|Person#3|Tense#Past|VerbForm#Fin|Voice#Act
005.SCG*LB4.CP--++4.N.-2.13-5.14-2W6	dicitur	NO MATCH	99301	Aspect#Imp|Mood#Ind|Number#Sing|Person#3|Tense#Pres|VerbForm#Fin|Voice#Pass
005.SCG*LB3.CP-9++7.N.11.14-3.19-2W9	dictum	NO MATCH	99301	Aspect#Perf|Case#Nom|Degree#Pos|Gender#Neut|Number#Sing|Tense#Past|VerbForm#Part|Voice#Pass
005.SCG*LB2.CP-8++0.N.-2.12-4.15-2W10	dicit	NO MATCH	99301	Mood#Ind|Number#Sing|Person#3|Tense#Pres|VerbForm#Fin|Voice#Act
005.SCG*LB3.CP-2++6.N.19.49-1.50-5W4	attentius	NO MATCH	90532	Degree#Cmp
005.SCG*LB3.CP-2++0.N.-7.6-6.9-6W16	dici	NO MATCH	99301	Tense#Pres|VerbForm#Inf|Voice#Pass
005.SCG*LB3.CP15++4.N.18.6-1.8-5W19	praedicta	NO MATCH	118832	Aspect#Perf|Case#Nom|Degree#Pos|Gender#Neut|Number#Plur|Tense#Past|VerbForm#Part|Voice#Pass
005.SCG*LB4.CP--++2.N.-5.14-7.19-6W24	peperit	NO MATCH	116051	Aspect#Perf|Mood#Ind|Number#Sing|Person#3|Tense#Past|VerbForm#Fin|Voice#Act
005.SCG*LB3.CP-7++0.N.-7.1-1.8-3W24	fiat	NO MATCH	102758	Mood#Sub|Number#Sing|Person#3|Tense#Pres|VerbForm#Fin|Voice#Pass
005.SCG*LB1.CP-8++9.N.-9.11-5.14-4W18	fieri	NO MATCH	102758	Tense#Pres|VerbForm#Inf|Voice#Pass
005.SCG*LB3.CP-8++0.N.-3.1-1.10-2W24	dicit	NO MATCH	99301	Mood#Ind|Number#Sing|Person#3|Tense#Pres|VerbForm#Fin|Voice#Act
005.SCG*LB3.CP15++5.N.-8.8-1.10-2W11	dicitur	NO MATCH	99301	Mood#Ind|Number#Sing|Person#3|Tense#Pres|VerbForm#Fin|Voice#Pass
005.SCG*LB3.CP-9++4.N.10.55-2.59-1W26	contingenter	NO MATCH	93415	Degree#Pos
005.SCG*LB3.CP-9++4.N.10.55-2.59-1W26	contingenter	NO MATCH	96293	Degree#Pos
005.SCG*LB3.CP-5++4.N.13.4-1.5-2W3	dicitur	NO MATCH	99301	Mood#Ind|Number#Sing|Person#3|Tense#Pres|VerbForm#Fin|Voice#Pass
005.SCG*LB2.CP-1++5.N.-9.2-1.2-4W1	dicitur	NO MATCH	99301	Mood#Ind|Number#Sing|Person#3|Tense#Pres|VerbForm#Fin|Voice#Pass
005.SCG*LB3.CP-8++0.N.12.6-1.9-2W4	dicit	NO MATCH	99301	Mood#Ind|Number#Sing|Person#3|Tense#Pres|VerbForm#Fin|Voice#Act
005.SCG*LB1.CP-4++4.N.-7.1-2.4-2W4	determinate	NO MATCH	99024	Degree#Pos
005.SCG*LB3.CP-5++4.N.-4.1-2.7-4W7	praedictum	NO MATCH	118832	Aspect#Perf|Case#Nom|Degree#Pos|Gender#Neut|Number#Sing|Tense#Past|VerbForm#Part|Voice#Pass
005.SCG*LB1.CP-8++5.N.-4.17-1.18-1W5	contingenter	NO MATCH	93415	Degree#Pos
005.SCG*LB1.CP-8++5.N.-4.17-1.18-1W5	contingenter	NO MATCH	96293	Degree#Pos
005.SCG*LB3.CP13++0.N.-3.9-6.14-6W3	expresse	NO MATCH	102229	Degree#Pos
005.SCG*LB3.CP10++2.N.-5.25-6.31-4W28	fiant	NO MATCH	102758	Mood#Sub|Number#Plur|Person#3|Tense#Pres|VerbForm#Fin|Voice#Pass
005.SCG*LB3.CP12++2.N.-3.7-1.7-6W3	fit	NO MATCH	102758	Mood#Ind|Number#Sing|Person#3|Tense#Pres|VerbForm#Fin|Voice#Pass
005.SCG*LB1.CP-4++9.N.-7.3-6.5-2W3	excelso	NO MATCH	101840	Aspect#Perf|Case#Abl|Degree#Pos|Gender#Neut|Number#Sing|Tense#Past|VerbForm#Part|Voice#Pass
005.SCG*LB4.CP-2++3.N.-6.7-3.11-2W4	tacite	NO MATCH	127555	Degree#Pos
005.SCG*LB4.CP-5++5.N.13.23-3.26-3W3	consequens	NO MATCH	96035	Aspect#Imp|Case#Nom|Degree#Pos|Gender#Fem|Number#Sing|Tense#Pres|VerbForm#Part|Voice#Pass
005.SCG*LB1.CP-3++2.N.-7.15-6.19-1W11	dicitur	NO MATCH	99301	Mood#Ind|Number#Sing|Person#3|Tense#Pres|VerbForm#Fin|Voice#Pass
005.SCG*LB2.CP-7++3.N.36.15-4.17-6W16	dicitur	NO MATCH	99301	Mood#Ind|Number#Sing|Person#3|Tense#Pres|VerbForm#Fin|Voice#Pass
005.SCG*LB4.CP-3++2.N.11.1-1.6-1W9	dici	NO MATCH	99301	Aspect#Imp|Tense#Pres|VerbForm#Inf|Voice#Pass
005.SCG*LB4.CP-3++7.N.-7.4-3.7-6W14	dici	NO MATCH	99301	Aspect#Imp|Tense#Pres|VerbForm#Inf|Voice#Pass
005.SCG*LB4.CP-3++5.N.-6.1-1.7-1W39	fieri	NO MATCH	102758	Aspect#Imp|Tense#Pres|VerbForm#Inf|Voice#Pass
005.SCG*LB2.CP-6++0.N.14.3-2.7-7W27	dicit	NO MATCH	99301	Mood#Ind|Number#Sing|Person#3|Tense#Pres|VerbForm#Fin|Voice#Act
005.SCG*LB3.CP14++9.N.-4.6-3.8-1W8	praedictum	NO MATCH	118832	Aspect#Perf|Case#Acc|Degree#Pos|Gender#Neut|Number#Sing|Tense#Past|VerbForm#Part|Voice#Pass
005.SCG*LB1.CP-2++6.N.-7.7-1.12-2W13	praedictam	NO MATCH	118832	Aspect#Perf|Case#Acc|Degree#Pos|Gender#Fem|Number#Sing|Tense#Past|VerbForm#Part|Voice#Pass
005.SCG*LB4.CP--++8.N.-9.34-3.38-2W6	dixit	NO MATCH	99301	Aspect#Perf|Mood#Ind|Number#Sing|Person#3|Tense#Past|VerbForm#Fin|Voice#Act
005.SCG*LB4.CP-2++1.N.-5.10-5.13-1W15	clauserit	NO MATCH	94459	Aspect#Perf|Mood#Ind|Number#Sing|Person#3|Tense#Fut|VerbForm#Fin|Voice#Act
005.SCG*LB3.CP-5++3.N.-7.3-5.4-2W4	dicitur	NO MATCH	99301	Mood#Ind|Number#Sing|Person#3|Tense#Pres|VerbForm#Fin|Voice#Pass
005.SCG*LB4.CP-3++4.N.22.43-3.47-2W9	fieri	NO MATCH	102758	Aspect#Imp|Tense#Pres|VerbForm#Inf|Voice#Pass
005.SCG*LB3.CP13++9.N.-9.2-2.3-2W1	sceleratiora	NO MATCH	123660	Aspect#Perf|Case#Acc|Degree#Cmp|Gender#Neut|Number#Plur|Tense#Past|VerbForm#Part|Voice#Pass
005.SCG*LB4.CP-3++5.N.-4.26-2.27-5W3	diceret	NO MATCH	99301	Aspect#Imp|Mood#Sub|Number#Sing|Person#3|Tense#Imp|VerbForm#Fin|Voice#Act
005.SCG*LB1.CP-9++5.N.-1.1-1.3-1W5	dicta	NO MATCH	99301	Aspect#Perf|Case#Nom|Degree#Pos|Gender#Neut|Number#Plur|Tense#Past|VerbForm#Part|Voice#Pass
005.SCG*LB3.CP12++0.N.-4.8-7.12-5W31	dicimus	NO MATCH	99301	Mood#Ind|Number#Plur|Person#1|Tense#Pres|VerbForm#Fin|Voice#Act
005.SCG*LB1.CP-1++7.N.-7.22-1.25-1W22	habentes	NO MATCH	105044	Case#Nom|Degree#Pos|Gender#Neut|Number#Plur|Tense#Pres|VerbForm#Part|Voice#Act
005.SCG*LB1.CP-3++2.N.-7.6-4.10-1W3	diceretur	NO MATCH	99301	Aspect#Imp|Mood#Sub|Number#Sing|Person#3|Tense#Imp|VerbForm#Fin|Voice#Pass
005.SCG*LB1.CP-4++2.N.11.10-3.11-5W3	consequens	NO MATCH	96035	Case#Acc|Degree#Pos|Gender#Neut|Number#Sing|Tense#Pres|VerbForm#Part|Voice#Pass
005.SCG*LB4.CP-2++9.N.-8.8-2.9-4W12	dicens	NO MATCH	99301	Aspect#Imp|Case#Nom|Degree#Pos|Gender#Masc|Number#Sing|Tense#Pres|VerbForm#Part|Voice#Act
005.SCG*LB3.CP13++8.N.-3.1-1.4-1W11	dicitur	NO MATCH	99301	Mood#Ind|Number#Sing|Person#3|Tense#Pres|VerbForm#Fin|Voice#Pass
005.SCG*LB4.CP--++1.N.12.15-2.16-3W5	dicit	NO MATCH	99301	Aspect#Imp|Mood#Ind|Number#Sing|Person#3|Tense#Pres|VerbForm#Fin|Voice#Act
005.SCG*LB4.CP-9++1.N.-6.8-5.11-1W18	dicitur	NO MATCH	99301	Aspect#Imp|Mood#Ind|Number#Sing|Person#3|Tense#Pres|VerbForm#Fin|Voice#Pass
005.SCG*LB1.CP-8++7.N.-5.1-1.5-4W7	dicentium	NO MATCH	99301	Case#Gen|Degree#Pos|Gender#Masc|Number#Plur|Tense#Pres|VerbForm#Part|Voice#Act
005.SCG*LB2.CP-6++0.N.10.3-6.6-4W4	dicitur	NO MATCH	99301	Mood#Ind|Number#Sing|Person#3|Tense#Pres|VerbForm#Fin|Voice#Pass
005.SCG*LB1.CP-1++3.N.30.5-3.8-2W8	incoepit	NO MATCH	106965	Aspect#Perf|Mood#Ind|Number#Sing|Person#3|Tense#Past|VerbForm#Fin|Voice#Act
005.SCG*LB4.CP--++4.N.15.9-2.9-6W1	dicitur	NO MATCH	99301	Aspect#Imp|Mood#Ind|Number#Sing|Person#3|Tense#Pres|VerbForm#Fin|Voice#Pass
005.SCG*LB3.CP14++6.N.-6.4-6.6-4W5	dicitur	NO MATCH	99301	Mood#Ind|Number#Sing|Person#3|Tense#Pres|VerbForm#Fin|Voice#Pass
005.SCG*LB1.CP-9++3.N.10.6-1.10-2W9	dicitur	NO MATCH	99301	Mood#Ind|Number#Sing|Person#3|Tense#Pres|VerbForm#Fin|Voice#Pass
005.SCG*LB3.CP-8++5.N.13.1-1.5-1W7	dicendo	NO MATCH	99301	Case#Abl|Degree#Pos|Number#Sing|VerbForm#Ger|Voice#Act
005.SCG*LB2.CP-7++7.N.-5.19-4.23-2W24	fiunt	NO MATCH	102758	Mood#Ind|Number#Plur|Person#3|Tense#Pres|VerbForm#Fin|Voice#Pass
005.SCG*LB3.CP12++0.N.10.18-1.20-5W1	dicunt	NO MATCH	99301	Mood#Ind|Number#Plur|Person#3|Tense#Pres|VerbForm#Fin|Voice#Act
005.SCG*LB1.CP-6++7.N.11.3-2.4-4W1	dicitur	NO MATCH	99301	Mood#Ind|Number#Sing|Person#3|Tense#Pres|VerbForm#Fin|Voice#Pass
005.SCG*LB1.CP-4++3.N.13.18-4.24-4W14	dicentes	NO MATCH	99301	Case#Nom|Degree#Pos|Gender#Masc|Number#Plur|Tense#Pres|VerbForm#Part|Voice#Act
005.SCG*LB2.CP-5++6.N.-9.7-1.8-6W6	fieri	NO MATCH	102758	Tense#Pres|VerbForm#Inf|Voice#Pass
005.SCG*LB2.CP-4++6.N.-4.1-2.5-7W24	fierent	NO MATCH	102758	Aspect#Imp|Mood#Sub|Number#Plur|Person#3|Tense#Imp|VerbForm#Fin|Voice#Pass
005.SCG*LB4.CP--++6.N.-5.1-2.2-1W2	dicit	NO MATCH	99301	Aspect#Imp|Mood#Ind|Number#Sing|Person#3|Tense#Pres|VerbForm#Fin|Voice#Act
005.SCG*LB3.CP15++0.N.-1.8-2.9-1W4	dicit	NO MATCH	99301	Mood#Ind|Number#Sing|Person#3|Tense#Pres|VerbForm#Fin|Voice#Act
005.SCG*LB3.CP-8++0.N.11.3-3.8-1W3	fit	NO MATCH	102758	Mood#Ind|Number#Sing|Person#3|Tense#Pres|VerbForm#Fin|Voice#Pass
005.SCG*LB4.CP-2++3.N.-4.1-1.4-4W11	dicitur	NO MATCH	99301	Aspect#Imp|Mood#Ind|Number#Sing|Person#3|Tense#Pres|VerbForm#Fin|Voice#Pass
005.SCG*LB1.CP-1++3.N.-7.1-1.3-6W9	dicere	NO MATCH	99301	Tense#Pres|VerbForm#Inf|Voice#Act
005.SCG*LB2.CP-4++7.N.-2.3-4.6-5W16	dicitur	NO MATCH	99301	Mood#Ind|Number#Sing|Person#3|Tense#Pres|VerbForm#Fin|Voice#Pass
005.SCG*LB2.CP-7++5.N.10.13-1.16-1W9	fiant	NO MATCH	102758	Mood#Sub|Number#Plur|Person#3|Tense#Pres|VerbForm#Fin|Voice#Pass
005.SCG*LB1.CP-7++4.N.-4.12-3.13-3W7	essendi	NO MATCH	126689	Case#Gen|Degree#Pos|Number#Sing|VerbForm#Ger|Voice#Act
005.SCG*LB4.CP-3++6.N.-8.3-2.3-6W1	dicit	NO MATCH	99301	Aspect#Imp|Mood#Ind|Number#Sing|Person#3|Tense#Pres|VerbForm#Fin|Voice#Act
005.SCG*LB3.CP12++8.N.-8.7-1.7-5W2	dicitur	NO MATCH	99301	Mood#Ind|Number#Sing|Person#3|Tense#Pres|VerbForm#Fin|Voice#Pass
005.SCG*LB1.CP-7++7.N.-3.6-4.9-3W15	unite	NO MATCH	130685	Aspect#Perf|Case#Loc|Degree#Pos|Number#Sing|Tense#Past|VerbForm#Part|Voice#Pass
005.SCG*LB2.CP-5++9.N.-3.13-7.17-3W16	fiat	NO MATCH	102758	Mood#Sub|Number#Sing|Person#3|Tense#Pres|VerbForm#Fin|Voice#Pass
005.SCG*LB2.CP-7++2.N.-4.10-5.12-3W1	dicitur	NO MATCH	99301	Mood#Ind|Number#Sing|Person#3|Tense#Pres|VerbForm#Fin|Voice#Pass
005.SCG*LB4.CP-6++2.N.-4.13-1.15-1W4	dici	NO MATCH	99301	Aspect#Imp|Tense#Pres|VerbForm#Inf|Voice#Pass
005.SCG*LB3.CP-4++8.N.-3.19-7.23-6W6	dicatur	NO MATCH	99301	Mood#Sub|Number#Sing|Person#3|Tense#Pres|VerbForm#Fin|Voice#Pass
005.SCG*LB2.CP-8++3.N.25.58-1.60-6W18	fiat	NO MATCH	102758	Mood#Sub|Number#Sing|Person#3|Tense#Pres|VerbForm#Fin|Voice#Pass
005.SCG*LB3.CP-8++0.N.17.12-1.13-2W1	dicit	NO MATCH	99301	Mood#Ind|Number#Sing|Person#3|Tense#Pres|VerbForm#Fin|Voice#Act
005.SCG*LB3.CP15++4.N.22.1-1.4-2W20	dicens	NO MATCH	99301	Case#Nom|Degree#Pos|Gender#Masc|Number#Sing|Tense#Pres|VerbForm#Part|Voice#Act
005.SCG*LB3.CP16++2.N.-8.9-1.13-1W19	dicitur	NO MATCH	99301	Mood#Ind|Number#Sing|Person#3|Tense#Pres|VerbForm#Fin|Voice#Pass
005.SCG*LB3.CP-7++5.N.-7.1-1.5-4W3	dicat	NO MATCH	99301	Mood#Sub|Number#Sing|Person#3|Tense#Pres|VerbForm#Fin|Voice#Act
005.SCG*LB3.CP-5++0.N.-9.14-7.16-3W4	dicitur	NO MATCH	99301	Mood#Ind|Number#Sing|Person#3|Tense#Pres|VerbForm#Fin|Voice#Pass
005.SCG*LB2.CP-7++8.N.10.1-1.1-2W2	dicit	NO MATCH	99301	Mood#Ind|Number#Sing|Person#3|Tense#Pres|VerbForm#Fin|Voice#Act
005.SCG*LB3.CP-6++5.N.-5.6-3.9-6W25	fieri	NO MATCH	102758	Tense#Pres|VerbForm#Inf|Voice#Pass
005.SCG*LB3.CP12++7.N.-1.3-7.6-1W1	fit	NO MATCH	102758	Mood#Ind|Number#Sing|Person#3|Tense#Pres|VerbForm#Fin|Voice#Pass
005.SCG*LB4.CP-2++3.N.11.20-4.22-9W11	dictis	NO MATCH	99301	Aspect#Perf|Case#Abl|Degree#Pos|Gender#Neut|Number#Plur|Tense#Past|VerbForm#Part|Voice#Pass
005.SCG*LB4.CP-7++6.N.-5.3-1.6-5W15	dictum	NO MATCH	99301	Aspect#Perf|Case#Nom|Degree#Pos|Gender#Neut|Number#Sing|Tense#Past|VerbForm#Part|Voice#Pass
005.SCG*LB4.CP-1++6.N.-5.11-3.12-1W8	dicit	NO MATCH	99301	Aspect#Imp|Mood#Ind|Number#Sing|Person#3|Tense#Pres|VerbForm#Fin|Voice#Act
005.SCG*LB1.CP-3++1.N.-1.1-1.3-6W2	praedictis	NO MATCH	118832	Aspect#Perf|Case#Abl|Degree#Pos|Gender#Neut|Number#Plur|Tense#Past|VerbForm#Part|Voice#Pass
005.SCG*LB2.CP-6++0.N.-4.8-5.10-6W3	dici	NO MATCH	99301	Tense#Pres|VerbForm#Inf|Voice#Pass
005.SCG*LB4.CP--++2.N.-4.1-1.4-9W16	dicitur	NO MATCH	99301	Aspect#Imp|Mood#Ind|Number#Sing|Person#3|Tense#Pres|VerbForm#Fin|Voice#Pass
005.SCG*LB3.CP-7++4.N.-5.24-2.26-7W15	fiant	NO MATCH	102758	Mood#Sub|Number#Plur|Person#3|Tense#Pres|VerbForm#Fin|Voice#Pass
005.SCG*LB4.CP-5++3.N.16.5-4.7-2W13	subiiceretur	NO MATCH	126114	Aspect#Imp|Mood#Sub|Number#Sing|Person#3|Tense#Imp|VerbForm#Fin|Voice#Pass
005.SCG*LB3.CP14++0.N.-3.11-2.16-3W8	recte	NO MATCH	122542	Degree#Pos
005.SCG*LB3.CP--++8.N.11.15-5.20-3W22	dicitur	NO MATCH	99301	Mood#Ind|Number#Sing|Person#3|Tense#Pres|VerbForm#Fin|Voice#Pass
005.SCG*LB1.CP-2++2.N.10.4-1.5-1W2	dixerint	NO MATCH	99301	Aspect#Perf|Mood#Ind|Number#Plur|Person#3|Tense#Fut|VerbForm#Fin|Voice#Act
005.SCG*LB3.CP-4++7.N.-4.21-1.23-2W5	dicit	NO MATCH	99301	Mood#Ind|Number#Sing|Person#3|Tense#Pres|VerbForm#Fin|Voice#Act
005.SCG*LB4.CP-9++0.N.-9.16-4.21-4W17	fieri	NO MATCH	102758	Aspect#Imp|Tense#Pres|VerbForm#Inf|Voice#Pass
005.SCG*LB2.CP-7++8.N.11.1-1.1-2W2	dicit	NO MATCH	99301	Mood#Ind|Number#Sing|Person#3|Tense#Pres|VerbForm#Fin|Voice#Act
005.SCG*LB3.CP-8++0.N.-9.14-5.21-5W38	praedicti	NO MATCH	118832	Aspect#Perf|Case#Gen|Degree#Pos|Gender#Masc|Number#Sing|Tense#Past|VerbForm#Part|Voice#Pass
005.SCG*LB4.CP-2++1.N.-6.18-1.19-4W11	dicens	NO MATCH	99301	Aspect#Imp|Case#Nom|Degree#Pos|Gender#Masc|Number#Sing|Tense#Pres|VerbForm#Part|Voice#Act
005.SCG*LB3.CP14++1.N.-6.28-1.31-1W5	dicitur	NO MATCH	99301	Mood#Ind|Number#Sing|Person#3|Tense#Pres|VerbForm#Fin|Voice#Pass
005.SCG*LB3.CP-3++6.N.-3.4-5.5-4W6	fiunt	NO MATCH	102758	Mood#Ind|Number#Plur|Person#3|Tense#Pres|VerbForm#Fin|Voice#Pass
005.SCG*LB3.CP12++7.N.-7.8-2.14-4W1	consequens	NO MATCH	96035	Case#Nom|Degree#Pos|Gender#Neut|Number#Sing|Tense#Pres|VerbForm#Part|Voice#Pass
005.SCG*LB2.CP-2++5.N.24.1-1.2-7W7	dicitur	NO MATCH	99301	Mood#Ind|Number#Sing|Person#3|Tense#Pres|VerbForm#Fin|Voice#Pass
005.SCG*LB4.CP--++1.N.10.2-6.6-3W10	dicta	NO MATCH	99301	Aspect#Perf|Case#Nom|Degree#Pos|Gender#Neut|Number#Plur|Tense#Past|VerbForm#Part|Voice#Pass
005.SCG*LB4.CP-5++5.N.19.21-5.25-1W9	puta	NO MATCH	120610	VerbForm#Fin
005.SCG*LB3.CP10++3.N.-3.14-1.15-2W6	faciens	NO MATCH	102758	Case#Acc|Degree#Pos|Gender#Masc|Number#Sing|Tense#Pres|VerbForm#Part|Voice#Act
005.SCG*LB4.CP--++5.N.11.17-1.17-4W1	dicitur	NO MATCH	99301	Aspect#Imp|Mood#Ind|Number#Sing|Person#3|Tense#Pres|VerbForm#Fin|Voice#Pass
005.SCG*LB3.CP-5++6.N.-5.13-1.22-4W12	dicitur	NO MATCH	99301	Mood#Ind|Number#Sing|Person#3|Tense#Pres|VerbForm#Fin|Voice#Pass
005.SCG*LB2.CP-2++2.N.-2.9-1.10-5W8	praedictae	NO MATCH	118832	Aspect#Perf|Case#Gen|Degree#Pos|Gender#Fem|Number#Sing|Tense#Past|VerbForm#Part|Voice#Pass
005.SCG*LB3.CP-2++5.N.10.16-3.18-4W11	consequens	NO MATCH	96035	Case#Acc|Degree#Pos|Gender#Neut|Number#Sing|Tense#Pres|VerbForm#Part|Voice#Pass
005.SCG*LB3.CP-1++2.N.-5.1-1.1-4W4	dicendum	NO MATCH	99301	Case#Nom|Degree#Pos|Gender#Neut|Number#Sing|VerbForm#Gdv|Voice#Pass
005.SCG*LB1.CP-7++0.N.-7.1-1.4-5W5	dicitur	NO MATCH	99301	Mood#Ind|Number#Sing|Person#3|Tense#Pres|VerbForm#Fin|Voice#Pass
005.SCG*LB4.CP--++6.N.-1.36-6.41-3W6	stetit	NO MATCH	124944	Aspect#Perf|Mood#Ind|Number#Sing|Person#3|Tense#Past|VerbForm#Fin|Voice#Act
005.SCG*LB3.CP-8++6.N.-8.6-7.10-3W25	praedicta	NO MATCH	118832	Aspect#Perf|Case#Nom|Degree#Pos|Gender#Fem|Number#Sing|Tense#Past|VerbForm#Part|Voice#Pass
005.SCG*LB1.CP-6++7.N.11.4-5.6-1W6	fiant	NO MATCH	102758	Mood#Sub|Number#Plur|Person#3|Tense#Pres|VerbForm#Fin|Voice#Pass
005.SCG*LB3.CP-8++4.N.14.25-1.27-7W3	dicit	NO MATCH	99301	Mood#Ind|Number#Sing|Person#3|Tense#Pres|VerbForm#Fin|Voice#Act
005.SCG*LB1.CP-8++0.N.-3.4-4.6-1W12	praedictis	NO MATCH	118832	Aspect#Perf|Case#Abl|Degree#Pos|Gender#Neut|Number#Plur|Tense#Past|VerbForm#Part|Voice#Pass
005.SCG*LB4.CP-9++0.N.-9.1-1.5-5W12	dicta	NO MATCH	99301	Aspect#Perf|Case#Nom|Degree#Pos|Gender#Neut|Number#Plur|Tense#Past|VerbForm#Part|Voice#Pass
005.SCG*LB4.CP-4++8.N.-2.1-1.1-5W4	fieri	NO MATCH	102758	Aspect#Imp|Tense#Pres|VerbForm#Inf|Voice#Pass
005.SCG*LB2.CP-6++0.N.11.1-2.8-3W27	dicitur	NO MATCH	99301	Mood#Ind|Number#Sing|Person#3|Tense#Pres|VerbForm#Fin|Voice#Pass
005.SCG*LB2.CP-8++7.N.-3.8-3.10-8W17	fit	NO MATCH	102758	Mood#Ind|Number#Sing|Person#3|Tense#Pres|VerbForm#Fin|Voice#Pass
005.SCG*LB4.CP-1++8.N.-7.1-1.4-4W5	praedicta	NO MATCH	118832	Aspect#Perf|Case#Acc|Degree#Pos|Gender#Neut|Number#Plur|Tense#Past|VerbForm#Part|Voice#Pass
005.SCG*LB3.CP16++3.N.-1.13-5.14-5W3	dicit	NO MATCH	99301	Mood#Ind|Number#Sing|Person#3|Tense#Pres|VerbForm#Fin|Voice#Act
005.SCG*LB2.CP--++3.N.-2.1-1.8-5W48	dicitur	NO MATCH	99301	Mood#Ind|Number#Sing|Person#3|Tense#Pres|VerbForm#Fin|Voice#Pass
005.SCG*LB4.CP-2++0.N.-5.1-1.3-2W10	convenienter	NO MATCH	96424	Degree#Pos
005.SCG*LB2.CP--++1.N.-7.2-4.6-2W8	dicit	NO MATCH	99301	Mood#Ind|Number#Sing|Person#3|Tense#Pres|VerbForm#Fin|Voice#Act
005.SCG*LB4.CP-1++8.N.-5.4-3.5-4W7	dicit	NO MATCH	99301	Aspect#Imp|Mood#Ind|Number#Sing|Person#3|Tense#Pres|VerbForm#Fin|Voice#Act
005.SCG*LB1.CP-9++1.N.13.1-1.7-1W33	dicatur	NO MATCH	99301	Mood#Sub|Number#Sing|Person#3|Tense#Pres|VerbForm#Fin|Voice#Pass
005.SCG*LB4.CP-1++7.N.-8.1-2.4-2W2	praedictam	NO MATCH	118832	Aspect#Perf|Case#Acc|Degree#Pos|Gender#Fem|Number#Sing|Tense#Past|VerbForm#Part|Voice#Pass
005.SCG*LB4.CP-3++8.N.-8.10-5.12-2W11	dicentis	NO MATCH	99301	Aspect#Imp|Case#Gen|Degree#Pos|Gender#Masc|Number#Sing|Tense#Pres|VerbForm#Part|Voice#Act
005.SCG*LB1.CP-9++3.N.10.22-6.23-4W5	fiat	NO MATCH	102758	Mood#Sub|Number#Sing|Person#3|Tense#Pres|VerbForm#Fin|Voice#Pass
005.SCG*LB3.CP-6++2.N.13.1-1.6-5W9	dicebant	NO MATCH	99301	Aspect#Imp|Mood#Ind|Number#Plur|Person#3|Tense#Imp|VerbForm#Fin|Voice#Act
005.SCG*LB4.CP-3++4.N.26.12-2.17-1W26	dici	NO MATCH	99301	Aspect#Imp|Tense#Pres|VerbForm#Inf|Voice#Pass
005.SCG*LB3.CP-2++5.N.-3.3-2.5-2W10	dicitur	NO MATCH	99301	Mood#Ind|Number#Sing|Person#3|Tense#Pres|VerbForm#Fin|Voice#Pass
005.SCG*LB3.CP10++2.N.-3.10-1.13-3W6	fiat	NO MATCH	102758	Mood#Sub|Number#Sing|Person#3|Tense#Pres|VerbForm#Fin|Voice#Pass
005.SCG*LB4.CP-7++9.N.-4.4-5.8-3W18	dicunt	NO MATCH	99301	Aspect#Imp|Mood#Ind|Number#Plur|Person#3|Tense#Pres|VerbForm#Fin|Voice#Act
005.SCG*LB3.CP14++0.N.-5.11-3.12-6W3	convenientissime	NO MATCH	96424	Degree#Abs
005.SCG*LB3.CP15++8.N.-5.17-3.20-2W2	dicetur	NO MATCH	99301	Mood#Ind|Number#Sing|Person#3|Tense#Fut|VerbForm#Fin|Voice#Pass
005.SCG*LB4.CP-5++5.N.10.42-7.47-5W28	attestante	NO MATCH	90544	Aspect#Imp|Case#Abl|Degree#Pos|Gender#Masc|Number#Sing|Tense#Pres|VerbForm#Part|Voice#Pass
005.SCG*LB4.CP-1++1.N.14.31-2.32-7W7	dicitur	NO MATCH	99301	Aspect#Imp|Mood#Ind|Number#Sing|Person#3|Tense#Pres|VerbForm#Fin|Voice#Pass
005.SCG*LB3.CP-3++8.N.-5.10-3.10-7W5	dicitur	NO MATCH	99301	Mood#Ind|Number#Sing|Person#3|Tense#Pres|VerbForm#Fin|Voice#Pass
005.SCG*LB1.CP--++7.N.-3.3-3.4-4W10	dicere	NO MATCH	99301	Tense#Pres|VerbForm#Inf|Voice#Act
005.SCG*LB1.CP--++3.N.-8.1-1.4-5W7	dicitur	NO MATCH	99301	Mood#Ind|Number#Sing|Person#3|Tense#Pres|VerbForm#Fin|Voice#Pass
005.SCG*LB4.CP-4++2.N.-2.8-2.10-5W5	praedictam	NO MATCH	118832	Aspect#Perf|Case#Acc|Degree#Pos|Gender#Fem|Number#Sing|Tense#Past|VerbForm#Part|Voice#Pass
005.SCG*LB3.CP15++4.N.-7.11-6.12-3W4	dicit	NO MATCH	99301	Mood#Ind|Number#Sing|Person#3|Tense#Pres|VerbForm#Fin|Voice#Act
005.SCG*LB2.CP-7++3.N.36.1-1.9-4W38	dicit	NO MATCH	99301	Mood#Ind|Number#Sing|Person#3|Tense#Pres|VerbForm#Fin|Voice#Act
005.SCG*LB4.CP-3++5.N.-7.1-1.4-5W26	fit	NO MATCH	102758	Aspect#Imp|Mood#Ind|Number#Sing|Person#3|Tense#Pres|VerbForm#Fin|Voice#Pass
005.SCG*LB4.CP-4++8.N.-2.10-5.12-1W5	fit	NO MATCH	102758	Aspect#Imp|Mood#Ind|Number#Sing|Person#3|Tense#Pres|VerbForm#Fin|Voice#Pass
005.SCG*LB2.CP-8++5.N.10.11-1.15-3W27	dicebat	NO MATCH	99301	Aspect#Imp|Mood#Ind|Number#Sing|Person#3|Tense#Imp|VerbForm#Fin|Voice#Act
005.SCG*LB3.CP11++2.N.11.1-1.2-1W4	dicitur	NO MATCH	99301	Mood#Ind|Number#Sing|Person#3|Tense#Pres|VerbForm#Fin|Voice#Pass
005.SCG*LB3.CP-4++4.N.-4.8-3.14-6W25	dicit	NO MATCH	99301	Mood#Ind|Number#Sing|Person#3|Tense#Pres|VerbForm#Fin|Voice#Act
005.SCG*LB3.CP10++4.N.-5.15-5.22-2W37	fiat	NO MATCH	102758	Mood#Sub|Number#Sing|Person#3|Tense#Pres|VerbForm#Fin|Voice#Pass
005.SCG*LB3.CP12++3.N.-8.18-1.21-6W24	fit	NO MATCH	102758	Mood#Ind|Number#Sing|Person#3|Tense#Pres|VerbForm#Fin|Voice#Pass
005.SCG*LB2.CP--++1.N.-5.5-5.7-5W3	dicuntur	NO MATCH	99301	Mood#Ind|Number#Plur|Person#3|Tense#Pres|VerbForm#Fin|Voice#Pass
005.SCG*LB3.CP13++2.N.19.12-4.16-3W4	dicit	NO MATCH	99301	Mood#Ind|Number#Sing|Person#3|Tense#Pres|VerbForm#Fin|Voice#Act
005.SCG*LB3.CP-6++2.N.-5.4-5.7-3W4	praedictis	NO MATCH	118832	Aspect#Perf|Case#Abl|Degree#Pos|Gender#Neut|Number#Plur|Tense#Past|VerbForm#Part|Voice#Pass
005.SCG*LB2.CP-5++3.N.-2.12-5.14-5W6	praedictarum	NO MATCH	118832	Aspect#Perf|Case#Gen|Degree#Pos|Gender#Fem|Number#Plur|Tense#Past|VerbForm#Part|Voice#Pass
005.SCG*LB2.CP--++6.N.-8.1-1.1-6W4	dicitur	NO MATCH	99301	Mood#Ind|Number#Sing|Person#3|Tense#Pres|VerbForm#Fin|Voice#Pass
005.SCG*LB3.CP-2++2.N.-5.25-7.33-2W22	educere	NO MATCH	100588	Tense#Pres|VerbForm#Inf|Voice#Act
005.SCG*LB3.CP14++9.N.-7.3-4.8-5W10	dictum	NO MATCH	99301	Aspect#Perf|Case#Nom|Degree#Pos|Gender#Neut|Number#Sing|Tense#Past|VerbForm#Part|Voice#Pass
005.SCG*LB2.CP-5++5.N.12.10-5.13-2W15	consequens	NO MATCH	96035	Case#Acc|Degree#Pos|Gender#Neut|Number#Sing|Tense#Pres|VerbForm#Part|Voice#Pass
005.SCG*LB2.CP-4++3.N.-2.3-5.5-2W4	fit	NO MATCH	102758	Mood#Ind|Number#Sing|Person#3|Tense#Pres|VerbForm#Fin|Voice#Pass
005.SCG*LB4.CP-3++8.N.-1.15-1.19-4W4	dicunt	NO MATCH	99301	Aspect#Imp|Mood#Ind|Number#Plur|Person#3|Tense#Pres|VerbForm#Fin|Voice#Act
005.SCG*LB3.CP-2++6.N.15.9-5.12-5W4	dicere	NO MATCH	99301	Tense#Pres|VerbForm#Inf|Voice#Act
005.SCG*LB4.CP-3++4.N.10.2-2.2-4W1	ingrediens	NO MATCH	107822	Aspect#Imp|Case#Nom|Degree#Pos|Gender#Masc|Number#Sing|Tense#Pres|VerbForm#Part|Voice#Pass
005.SCG*LB4.CP-9++0.N.-9.1-1.5-5W27	dicitur	NO MATCH	99301	Aspect#Imp|Mood#Ind|Number#Sing|Person#3|Tense#Pres|VerbForm#Fin|Voice#Pass
005.SCG*LB2.CP-5++7.N.-2.6-1.8-2W17	dictum	NO MATCH	99301	Aspect#Perf|Case#Nom|Degree#Pos|Gender#Neut|Number#Sing|Tense#Past|VerbForm#Part|Voice#Pass
005.SCG*LB1.CP-7++9.N.-5.2-3.4-7W15	volitum	NO MATCH	130745	Aspect#Perf|Case#Acc|Degree#Pos|Gender#Neut|Number#Sing|Tense#Past|VerbForm#Part|VerbType#Mod|Voice#Pass
005.SCG*LB4.CP-7++1.N.11.16-4.21-3W5	dixit	NO MATCH	99301	Aspect#Perf|Mood#Ind|Number#Sing|Person#3|Tense#Past|VerbForm#Fin|Voice#Act
005.SCG*LB3.CP-2++6.N.19.32-1.35-3W27	converso	NO MATCH	96446	Case#Abl|Degree#Pos|Gender#Neut|Number#Sing
005.SCG*LB4.CP-1++3.N.-4.13-7.15-6W12	dicens	NO MATCH	99301	Aspect#Imp|Case#Nom|Degree#Pos|Gender#Masc|Number#Sing|Tense#Pres|VerbForm#Part|Voice#Act
005.SCG*LB3.CP10++9.N.-2.8-2.12-1W25	dicit	NO MATCH	99301	Mood#Ind|Number#Sing|Person#3|Tense#Pres|VerbForm#Fin|Voice#Act
005.SCG*LB4.CP-3++4.N.31.7-2.9-4W3	dixerit	NO MATCH	99301	Aspect#Perf|Mood#Sub|Number#Sing|Person#3|Tense#Past|VerbForm#Fin|Voice#Act
005.SCG*LB2.CP-8++3.N.31.46-1.50-2W23	dictum	NO MATCH	99301	Aspect#Perf|Case#Nom|Degree#Pos|Gender#Neut|Number#Sing|Tense#Past|VerbForm#Part|Voice#Pass
005.SCG*LB3.CP-8++4.N.14.21-3.24-5W1	dicit	NO MATCH	99301	Mood#Ind|Number#Sing|Person#3|Tense#Pres|VerbForm#Fin|Voice#Act
005.SCG*LB2.CP-7++8.N.10.20-3.22-6W2	dixit	NO MATCH	99301	Aspect#Perf|Mood#Ind|Number#Sing|Person#3|Tense#Past|VerbForm#Fin|Voice#Act
005.SCG*LB4.CP-2++4.N.-3.5-4.7-2W3	dicere	NO MATCH	99301	Aspect#Imp|Tense#Pres|VerbForm#Inf|Voice#Act
005.SCG*LB3.CP-1++4.N.-3.1-2.2-4W8	praedictis	NO MATCH	118832	Aspect#Perf|Case#Abl|Degree#Pos|Gender#Neut|Number#Plur|Tense#Past|VerbForm#Part|Voice#Pass
005.SCG*LB4.CP-1++8.N.-1.1-1.9-3W37	puta	NO MATCH	120610	VerbForm#Fin
005.SCG*LB2.CP-5++7.N.14.3-3.5-2W4	fit	NO MATCH	102758	Mood#Ind|Number#Sing|Person#3|Tense#Pres|VerbForm#Fin|Voice#Pass
005.SCG*LB2.CP-5++4.N.-8.1-1.5-6W25	dicitur	NO MATCH	99301	Mood#Ind|Number#Sing|Person#3|Tense#Pres|VerbForm#Fin|Voice#Pass
005.SCG*LB2.CP-8++8.N.13.7-4.9-3W13	fiunt	NO MATCH	102758	Mood#Ind|Number#Plur|Person#3|Tense#Pres|VerbForm#Fin|Voice#Pass
005.SCG*LB4.CP--++4.N.13.17-1.19-2W16	dicenda	NO MATCH	99301	Aspect#Perf|Case#Nom|Degree#Pos|Gender#Neut|Number#Plur|VerbForm#Gdv|Voice#Pass
005.SCG*LB1.CP-7++6.N.-3.3-5.6-5W18	fiunt	NO MATCH	102758	Mood#Ind|Number#Plur|Person#3|Tense#Pres|VerbForm#Fin|Voice#Pass
005.SCG*LB3.CP-2++6.N.19.35-4.42-3W27	converso	NO MATCH	96446	Case#Abl|Degree#Pos|Gender#Neut|Number#Sing
005.SCG*LB2.CP-8++3.N.12.30-3.34-1W29	consequens	NO MATCH	96035	Case#Nom|Degree#Pos|Gender#Neut|Number#Sing|Tense#Pres|VerbForm#Part|Voice#Pass
005.SCG*LB4.CP-7++0.N.-9.3-3.8-1W23	dicatur	NO MATCH	99301	Aspect#Imp|Mood#Sub|Number#Sing|Person#3|Tense#Pres|VerbForm#Fin|Voice#Pass
005.SCG*LB1.CP-2++8.N.-9.11-1.14-1W7	convenienter	NO MATCH	96424	Degree#Pos
005.SCG*LB2.CP-9++0.N.11.7-5.11-5W4	dicere	NO MATCH	99301	Tense#Pres|VerbForm#Inf|Voice#Act
005.SCG*LB3.CP-8++5.N.-9.23-4.25-1W4	dici	NO MATCH	99301	Tense#Pres|VerbForm#Inf|Voice#Pass
005.SCG*LB2.CP-8++9.N.22.12-4.14-5W5	fit	NO MATCH	102758	Mood#Ind|Number#Sing|Person#3|Tense#Pres|VerbForm#Fin|Voice#Pass
005.SCG*LB3.CP-8++1.N.-6.29-7.33-1W15	dicitur	NO MATCH	99301	Mood#Ind|Number#Sing|Person#3|Tense#Pres|VerbForm#Fin|Voice#Pass
005.SCG*LB1.CP-7++5.N.-6.6-2.8-7W8	volitus	NO MATCH	130745	Aspect#Perf|Case#Nom|Degree#Pos|Gender#Masc|Number#Sing|Tense#Past|VerbForm#Part|VerbType#Mod|Voice#Pass
005.SCG*LB4.CP-5++4.N.10.1-1.5-2W23	expedientissimum	NO MATCH	102147	Aspect#Imp|Case#Acc|Degree#Sup|Gender#Neut|Number#Sing|Tense#Pres|VerbForm#Part|Voice#Act
005.SCG*LB1.CP-9++0.N.-3.1-2.2-6W10	volito	NO MATCH	130745	Aspect#Perf|Case#Abl|Degree#Pos|Gender#Neut|Number#Sing|Tense#Past|VerbForm#Part|VerbType#Mod|Voice#Pass
005.SCG*LB1.CP-4++3.N.13.27-3.31-1W31	essendi	NO MATCH	126689	Case#Gen|Degree#Pos|Number#Sing|VerbForm#Ger|Voice#Act
005.SCG*LB2.CP-6++1.N.-2.1-1.9-2W33	dicta	NO MATCH	99301	Aspect#Perf|Case#Nom|Degree#Pos|Gender#Fem|Number#Sing|Tense#Past|VerbForm#Part|Voice#Pass
005.SCG*LB1.CP-2++8.N.-2.11-1.13-4W9	essendi	NO MATCH	126689	Case#Gen|Degree#Pos|Number#Sing|VerbForm#Ger|Voice#Act
005.SCG*LB3.CP14++8.N.-4.11-1.12-1W1	coacte	NO MATCH	94739	Degree#Pos
005.SCG*LB2.CP-8++2.N.-1.1-1.3-2W5	dicta	NO MATCH	99301	Aspect#Perf|Case#Nom|Degree#Pos|Gender#Neut|Number#Plur|Tense#Past|VerbForm#Part|Voice#Pass
005.SCG*LB4.CP-8++3.N.-3.13-5.15-2W10	dictum	NO MATCH	99301	Aspect#Perf|Case#Nom|Degree#Pos|Gender#Neut|Number#Sing|Tense#Past|VerbForm#Part|Voice#Pass
005.SCG*LB2.CP-6++6.N.-2.3-4.8-4W11	opposita	NO MATCH	115124	Aspect#Perf|Case#Acc|Degree#Pos|Gender#Neut|Number#Sing|Tense#Past|VerbForm#Part|Voice#Pass
005.SCG*LB1.CP-4++2.N.-9.10-4.13-5W16	dictis	NO MATCH	99301	Aspect#Perf|Case#Abl|Degree#Pos|Gender#Neut|Number#Plur|Tense#Past|VerbForm#Part|Voice#Pass
005.SCG*LB4.CP-3++5.N.-7.1-1.4-5W19	fit	NO MATCH	102758	Aspect#Imp|Mood#Ind|Number#Sing|Person#3|Tense#Pres|VerbForm#Fin|Voice#Pass
005.SCG*LB4.CP-4++9.N.11.24-1.27-10W7	dicitur	NO MATCH	99301	Aspect#Imp|Mood#Ind|Number#Sing|Person#3|Tense#Pres|VerbForm#Fin|Voice#Pass
005.SCG*LB3.CP-9++5.N.16.3-1.4-1W3	dixerunt	NO MATCH	99301	Aspect#Perf|Mood#Ind|Number#Plur|Person#3|Tense#Past|VerbForm#Fin|Voice#Act
005.SCG*LB2.CP-8++3.N.31.5-2.6-3W3	aperte	NO MATCH	89397	Degree#Pos
005.SCG*LB4.CP-9++1.N.-9.1-1.4-3W1	dicunt	NO MATCH	99301	Aspect#Imp|Mood#Ind|Number#Plur|Person#3|Tense#Pres|VerbForm#Fin|Voice#Act
005.SCG*LB4.CP--++4.N.14.21-5.22-1W4	dicitur	NO MATCH	99301	Aspect#Imp|Mood#Ind|Number#Sing|Person#3|Tense#Pres|VerbForm#Fin|Voice#Pass
005.SCG*LB1.CP-6++6.N.-9.2-7.4-3W5	entia	NO MATCH	126689	Case#Nom|Degree#Pos|Gender#Neut|Number#Plur|Tense#Pres|VerbForm#Part|Voice#Act
005.SCG*LB1.CP-3++3.N.-5.2-3.5-5W4	diceretur	NO MATCH	99301	Aspect#Imp|Mood#Sub|Number#Sing|Person#3|Tense#Imp|VerbForm#Fin|Voice#Pass
005.SCG*LB3.CP-2++4.N.-3.1-1.10-5W60	consequens	NO MATCH	96035	Case#Acc|Degree#Pos|Gender#Neut|Number#Sing|Tense#Pres|VerbForm#Part|Voice#Pass
005.SCG*LB4.CP-2++9.N.-7.18-2.21-5W17	dixerat	NO MATCH	99301	Aspect#Perf|Mood#Ind|Number#Sing|Person#3|Tense#Pqp|VerbForm#Fin|Voice#Act
005.SCG*LB3.CP14++1.N.-1.1-1.6-2W6	dictis	NO MATCH	99301	Aspect#Perf|Case#Abl|Degree#Pos|Gender#Neut|Number#Plur|Tense#Past|VerbForm#Part|Voice#Pass
005.SCG*LB1.CP-7++7.N.-4.7-3.9-6W4	volitorum	NO MATCH	130745	Aspect#Perf|Case#Gen|Degree#Pos|Gender#Neut|Number#Plur|Tense#Past|VerbForm#Part|VerbType#Mod|Voice#Pass
005.SCG*LB4.CP-8++6.N.-4.19-3.21-1W8	dicit	NO MATCH	99301	Aspect#Imp|Mood#Ind|Number#Sing|Person#3|Tense#Pres|VerbForm#Fin|Voice#Act
005.SCG*LB4.CP-1++2.N.-4.8-3.11-4W1	convenienter	NO MATCH	96424	Degree#Pos
005.SCG*LB3.CP-8++0.N.-6.5-6.8-4W2	dicit	NO MATCH	99301	Mood#Ind|Number#Sing|Person#3|Tense#Pres|VerbForm#Fin|Voice#Act
005.SCG*LB1.CP-1++2.N.--.1-1.3-3W3	dicentium	NO MATCH	99301	Case#Gen|Degree#Pos|Gender#Masc|Number#Plur|Tense#Pres|VerbForm#Part|Voice#Act
005.SCG*LB4.CP-1++3.N.-3.12-4.14-5W7	dicente	NO MATCH	99301	Aspect#Imp|Case#Abl|Degree#Pos|Gender#Masc|Number#Sing|Tense#Pres|VerbForm#Part|Voice#Act
005.SCG*LB2.CP--++2.N.-2.7-2.7-6W5	dicitur	NO MATCH	99301	Mood#Ind|Number#Sing|Person#3|Tense#Pres|VerbForm#Fin|Voice#Pass
005.SCG*LB1.CP-7++4.N.-5.1-2.2-5W4	volitum	NO MATCH	130745	Aspect#Perf|Case#Nom|Degree#Pos|Gender#Neut|Number#Sing|Tense#Past|VerbForm#Part|VerbType#Mod|Voice#Pass
005.SCG*LB3.CP-4++1.N.-6.15-5.18-1W6	praedicta	NO MATCH	118832	Aspect#Perf|Case#Nom|Degree#Pos|Gender#Fem|Number#Sing|Tense#Past|VerbForm#Part|Voice#Pass
005.SCG*LB3.CP-4++3.N.-9.6-3.8-4W14	dicit	NO MATCH	99301	Mood#Ind|Number#Sing|Person#3|Tense#Pres|VerbForm#Fin|Voice#Act
005.SCG*LB4.CP--++7.N.-9.7-1.7-6W1	dicit	NO MATCH	99301	Aspect#Imp|Mood#Ind|Number#Sing|Person#3|Tense#Pres|VerbForm#Fin|Voice#Act
005.SCG*LB2.CP-2++4.N.-5.6-5.7-5W9	dicit	NO MATCH	99301	Mood#Ind|Number#Sing|Person#3|Tense#Pres|VerbForm#Fin|Voice#Act
005.SCG*LB3.CP-4++7.N.-7.4-2.5-7W10	dicens	NO MATCH	99301	Case#Nom|Degree#Pos|Gender#Masc|Number#Sing|Tense#Pres|VerbForm#Part|Voice#Act
005.SCG*LB4.CP--++7.N.15.13-2.16-4W14	dicente	NO MATCH	99301	Aspect#Imp|Case#Abl|Degree#Pos|Gender#Masc|Number#Sing|Tense#Pres|VerbForm#Part|Voice#Act
005.SCG*LB3.CP-4++2.N.-7.16-1.18-6W17	dici	NO MATCH	99301	Tense#Pres|VerbForm#Inf|Voice#Pass
005.SCG*LB3.CP11++2.N.-3.12-5.17-1W27	dictis	NO MATCH	99301	Aspect#Perf|Case#Abl|Degree#Pos|Gender#Neut|Number#Plur|Tense#Past|VerbForm#Part|Voice#Pass
005.SCG*LB1.CP-9++7.N.-5.3-5.4-1W1	dicam	NO MATCH	99301	Mood#Ind|Number#Sing|Person#1|Tense#Fut|VerbForm#Fin|Voice#Act
005.SCG*LB3.CP10++0.N.-4.12-4.14-6W14	dici	NO MATCH	99301	Tense#Pres|VerbForm#Inf|Voice#Pass
005.SCG*LB1.CP-3++4.N.-2.30-1.34-3W20	dictorum	NO MATCH	99301	Aspect#Perf|Case#Gen|Degree#Pos|Gender#Neut|Number#Plur|Tense#Past|VerbForm#Part|Voice#Pass
005.SCG*LB3.CP-8++4.N.-9.1-2.3-3W14	dicta	NO MATCH	99301	Aspect#Perf|Case#Nom|Degree#Pos|Gender#Neut|Number#Plur|Tense#Past|VerbForm#Part|Voice#Pass
005.SCG*LB1.CP-6++9.N.13.1-1.2-2W7	dicitur	NO MATCH	99301	Mood#Ind|Number#Sing|Person#3|Tense#Pres|VerbForm#Fin|Voice#Pass
005.SCG*LB4.CP-7++1.N.-6.4-5.7-4W1	dicitur	NO MATCH	99301	Aspect#Imp|Mood#Ind|Number#Sing|Person#3|Tense#Pres|VerbForm#Fin|Voice#Pass
005.SCG*LB4.CP-8++3.N.11.25-1.27-2W6	praedictae	NO MATCH	118832	Aspect#Perf|Case#Nom|Degree#Pos|Gender#Fem|Number#Plur|Tense#Past|VerbForm#Part|Voice#Pass
005.SCG*LB4.CP--++6.N.12.5-1.6-5W8	dicit	NO MATCH	99301	Aspect#Imp|Mood#Ind|Number#Sing|Person#3|Tense#Pres|VerbForm#Fin|Voice#Act
005.SCG*LB3.CP13++1.N.-1.5-1.8-2W7	dicentes	NO MATCH	99301	Case#Nom|Degree#Pos|Gender#Masc|Number#Plur|Tense#Pres|VerbForm#Part|Voice#Act
005.SCG*LB1.CP-4++4.N.-3.1-2.4-2W6	fiat	NO MATCH	102758	Mood#Sub|Number#Sing|Person#3|Tense#Pres|VerbForm#Fin|Voice#Pass
005.SCG*LB1.CP-2++0.N.23.1-1.4-2W10	dicatur	NO MATCH	99301	Mood#Sub|Number#Sing|Person#3|Tense#Pres|VerbForm#Fin|Voice#Pass
005.SCG*LB3.CP-5++9.N.-6.26-3.32-3W23	dicta	NO MATCH	99301	Aspect#Perf|Case#Nom|Degree#Pos|Gender#Neut|Number#Plur|Tense#Past|VerbForm#Part|Voice#Pass
005.SCG*LB2.CP-2++4.N.-7.1-1.4-2W8	dicebant	NO MATCH	99301	Aspect#Imp|Mood#Ind|Number#Plur|Person#3|Tense#Imp|VerbForm#Fin|Voice#Act
005.SCG*LB4.CP-5++4.N.-2.24-1.25-1W8	abundantius	NO MATCH	87053	Degree#Pos
005.SCG*LB3.CP-5++6.N.-5.27-3.29-7W7	volita	NO MATCH	130745	Aspect#Perf|Case#Acc|Degree#Pos|Gender#Neut|Number#Plur|Tense#Past|VerbForm#Part|VerbType#Mod|Voice#Pass
005.SCG*LB3.CP--++8.N.12.5-2.7-5W1	dicitur	NO MATCH	99301	Mood#Ind|Number#Sing|Person#3|Tense#Pres|VerbForm#Fin|Voice#Pass
005.SCG*LB2.CP-1++1.N.-1.1-1.7-4W17	dictum	NO MATCH	99301	Aspect#Perf|Case#Nom|Degree#Pos|Gender#Neut|Number#Sing|Tense#Past|VerbForm#Part|Voice#Pass
005.SCG*LB4.CP-9++2.N.-8.11-4.12-6W7	fieri	NO MATCH	102758	Aspect#Imp|Tense#Pres|VerbForm#Inf|Voice#Pass
005.SCG*LB3.CP-7++5.N.15.1-1.2-1W4	dicitur	NO MATCH	99301	Mood#Ind|Number#Sing|Person#3|Tense#Pres|VerbForm#Fin|Voice#Pass
005.SCG*LB3.CP-7++7.N.-1.6-6.7-5W3	fit	NO MATCH	102758	Mood#Ind|Number#Sing|Person#3|Tense#Pres|VerbForm#Fin|Voice#Pass
005.SCG*LB1.CP-4++2.N.11.12-3.16-6W13	necesse-esse	NO MATCH	126689	Tense#Pres|VerbForm#Inf|Voice#Act
005.SCG*LB3.CP-6++5.N.-9.1-1.2-1W4	dicitur	NO MATCH	99301	Mood#Ind|Number#Sing|Person#3|Tense#Pres|VerbForm#Fin|Voice#Pass
005.SCG*LB2.CP-8++2.N.12.1-1.2-4W4	dicta	NO MATCH	99301	Aspect#Perf|Case#Nom|Degree#Pos|Gender#Neut|Number#Plur|Tense#Past|VerbForm#Part|Voice#Pass
005.SCG*LB2.CP-1++5.N.-2.14-4.21-6W37	dicatur	NO MATCH	99301	Mood#Sub|Number#Sing|Person#3|Tense#Pres|VerbForm#Fin|Voice#Pass
005.SCG*LB4.CP-1++8.N.-8.17-3.19-5W2	dicitur	NO MATCH	99301	Aspect#Imp|Mood#Ind|Number#Sing|Person#3|Tense#Pres|VerbForm#Fin|Voice#Pass
005.SCG*LB2.CP-7++0.N.-2.18-4.22-6W7	dicitur	NO MATCH	99301	Mood#Ind|Number#Sing|Person#3|Tense#Pres|VerbForm#Fin|Voice#Pass
005.SCG*LB3.CP-9++3.N.-5.4-4.6-5W5	dixerunt	NO MATCH	99301	Aspect#Perf|Mood#Ind|Number#Plur|Person#3|Tense#Past|VerbForm#Fin|Voice#Act
005.SCG*LB1.CP-6++7.N.-9.9-3.14-7W13	dicere	NO MATCH	99301	Tense#Pres|VerbForm#Inf|Voice#Act
005.SCG*LB1.CP-7++8.N.-2.1-1.2-4W9	volitam	NO MATCH	130745	Aspect#Perf|Case#Acc|Degree#Pos|Gender#Fem|Number#Sing|Tense#Past|VerbForm#Part|VerbType#Mod|Voice#Pass
005.SCG*LB3.CP10++7.N.11.19-1.21-4W15	aperte	NO MATCH	89397	Degree#Pos
005.SCG*LB4.CP--++6.N.-1.36-6.41-3W18	dici	NO MATCH	99301	Aspect#Imp|Tense#Pres|VerbForm#Inf|Voice#Pass
005.SCG*LB2.CP-5++5.N.16.1-1.8-3W11	dicit	NO MATCH	99301	Mood#Ind|Number#Sing|Person#3|Tense#Pres|VerbForm#Fin|Voice#Act
005.SCG*LB1.CP-2++0.N.37.4-6.6-3W7	dicebant	NO MATCH	99301	Aspect#Imp|Mood#Ind|Number#Plur|Person#3|Tense#Imp|VerbForm#Fin|Voice#Act
005.SCG*LB2.CP-4++7.N.-4.32-6.35-2W7	dicuntur	NO MATCH	99301	Mood#Ind|Number#Plur|Person#3|Tense#Pres|VerbForm#Fin|Voice#Pass
005.SCG*LB2.CP-7++3.N.39.1-1.3-4W3	dicta	NO MATCH	99301	Aspect#Perf|Case#Nom|Degree#Pos|Gender#Fem|Number#Sing|Tense#Past|VerbForm#Part|Voice#Pass
005.SCG*LB4.CP-2++3.N.-6.18-6.20-1W6	dicitur	NO MATCH	99301	Aspect#Imp|Mood#Ind|Number#Sing|Person#3|Tense#Pres|VerbForm#Fin|Voice#Pass
005.SCG*LB2.CP-4++7.N.-4.15-5.18-3W18	essendi	NO MATCH	126689	Case#Gen|Degree#Pos|Number#Sing|VerbForm#Ger|Voice#Act
005.SCG*LB1.CP-3++4.N.--.1-1.2-5W4	dicuntur	NO MATCH	99301	Mood#Ind|Number#Plur|Person#3|Tense#Pres|VerbForm#Fin|Voice#Pass
005.SCG*LB4.CP--++4.N.14.23-3.25-3W14	dicuntur	NO MATCH	99301	Aspect#Imp|Mood#Ind|Number#Plur|Person#3|Tense#Pres|VerbForm#Fin|Voice#Pass
005.SCG*LB3.CP12++0.N.-3.12-1.14-1W6	dicti	NO MATCH	99301	Aspect#Perf|Case#Nom|Degree#Pos|Gender#Masc|Number#Plur|Tense#Past|VerbForm#Part|Voice#Pass
005.SCG*LB4.CP-6++7.N.-1.3-1.5-5W5	praedicta	NO MATCH	118832	Aspect#Perf|Case#Acc|Degree#Pos|Gender#Neut|Number#Plur|Tense#Past|VerbForm#Part|Voice#Pass
005.SCG*LB4.CP-2++1.N.-4.12-5.16-2W3	dicit	NO MATCH	99301	Aspect#Imp|Mood#Ind|Number#Sing|Person#3|Tense#Pres|VerbForm#Fin|Voice#Act
005.SCG*LB4.CP--++2.N.-5.13-1.13-2W1	dicit	NO MATCH	99301	Aspect#Imp|Mood#Ind|Number#Sing|Person#3|Tense#Pres|VerbForm#Fin|Voice#Act
005.SCG*LB2.CP-5++9.N.-8.9-2.10-7W10	fit	NO MATCH	102758	Mood#Ind|Number#Sing|Person#3|Tense#Pres|VerbForm#Fin|Voice#Pass
005.SCG*LB4.CP-3++0.N.-9.18-6.23-4W19	dicit	NO MATCH	99301	Aspect#Imp|Mood#Ind|Number#Sing|Person#3|Tense#Pres|VerbForm#Fin|Voice#Act
005.SCG*LB3.CP15++2.N.-6.1-1.2-3W5	dicit	NO MATCH	99301	Mood#Ind|Number#Sing|Person#3|Tense#Pres|VerbForm#Fin|Voice#Act
005.SCG*LB4.CP-4++3.N.-3.10-5.15-1W15	dicens	NO MATCH	99301	Aspect#Imp|Case#Nom|Degree#Pos|Gender#Masc|Number#Sing|Tense#Pres|VerbForm#Part|Voice#Act
005.SCG*LB4.CP-9++4.N.-1.9-1.12-1W16	dictis	NO MATCH	99301	Aspect#Perf|Case#Abl|Degree#Pos|Gender#Neut|Number#Plur|Tense#Past|VerbForm#Part|Voice#Pass
005.SCG*LB3.CP13++8.N.-2.11-5.12-6W5	intense	NO MATCH	108382	Degree#Pos
005.SCG*LB3.CP10++4.N.-8.1-1.4-1W3	dicatur	NO MATCH	99301	Mood#Sub|Number#Sing|Person#3|Tense#Pres|VerbForm#Fin|Voice#Pass
005.SCG*LB4.CP--++1.N.11.7-3.8-5W4	dicitur	NO MATCH	99301	Aspect#Imp|Mood#Ind|Number#Sing|Person#3|Tense#Pres|VerbForm#Fin|Voice#Pass
005.SCG*LB4.CP-3++8.N.-1.6-4.9-8W5	dicunt	NO MATCH	99301	Aspect#Imp|Mood#Ind|Number#Plur|Person#3|Tense#Pres|VerbForm#Fin|Voice#Act
005.SCG*LB3.CP-4++6.N.-5.6-5.9-6W20	consequens	NO MATCH	96035	Case#Acc|Degree#Pos|Gender#Neut|Number#Sing|Tense#Pres|VerbForm#Part|Voice#Pass
005.SCG*LB1.CP-2++0.N.21.3-2.5-6W20	essendi	NO MATCH	126689	Case#Gen|Degree#Pos|Number#Sing|VerbForm#Ger|Voice#Act
005.SCG*LB4.CP--++4.N.-2.18-3.19-2W3	dixit	NO MATCH	99301	Aspect#Perf|Mood#Ind|Number#Sing|Person#3|Tense#Past|VerbForm#Fin|Voice#Act
005.SCG*LB3.CP11++7.N.-7.1-1.2-1W4	dicitur	NO MATCH	99301	Mood#Ind|Number#Sing|Person#3|Tense#Pres|VerbForm#Fin|Voice#Pass
005.SCG*LB2.CP-3++8.N.-3.1-2.4-2W11	dici	NO MATCH	99301	Tense#Pres|VerbForm#Inf|Voice#Pass
005.SCG*LB2.CP-6++0.N.-2.20-2.25-4W12	praedictae	NO MATCH	118832	Aspect#Perf|Case#Gen|Degree#Pos|Gender#Fem|Number#Sing|Tense#Past|VerbForm#Part|Voice#Pass
005.SCG*LB3.CP12++0.N.24.5-1.7-3W18	dicitur	NO MATCH	99301	Mood#Ind|Number#Sing|Person#3|Tense#Pres|VerbForm#Fin|Voice#Pass
005.SCG*LB4.CP-1++3.N.-5.17-5.20-2W1	dicitur	NO MATCH	99301	Aspect#Imp|Mood#Ind|Number#Sing|Person#3|Tense#Pres|VerbForm#Fin|Voice#Pass
005.SCG*LB3.CP15++0.N.-2.19-4.23-3W4	convenienter	NO MATCH	96424	Degree#Pos
005.SCG*LB1.CP-2++0.N.36.2-4.3-2W1	dicitur	NO MATCH	99301	Mood#Ind|Number#Sing|Person#3|Tense#Pres|VerbForm#Fin|Voice#Pass
005.SCG*LB3.CP12++0.N.-5.1-2.4-5W2	dictum	NO MATCH	99301	Aspect#Perf|Case#Nom|Degree#Pos|Gender#Neut|Number#Sing|Tense#Past|VerbForm#Part|Voice#Pass
005.SCG*LB3.CP11++2.N.11.8-2.8-5W4	dicitur	NO MATCH	99301	Mood#Ind|Number#Sing|Person#3|Tense#Pres|VerbForm#Fin|Voice#Pass
005.SCG*LB2.CP-9++8.N.14.12-2.16-3W7	dicentis	NO MATCH	99301	Case#Gen|Degree#Pos|Gender#Masc|Number#Sing|Tense#Pres|VerbForm#Part|Voice#Act
005.SCG*LB1.CP-9++9.N.-5.8-2.10-1W4	incoepit	NO MATCH	106965	Aspect#Perf|Mood#Ind|Number#Sing|Person#3|Tense#Past|VerbForm#Fin|Voice#Act
005.SCG*LB1.CP-2++9.N.-6.1-1.2-4W5	dicitur	NO MATCH	99301	Mood#Ind|Number#Sing|Person#3|Tense#Pres|VerbForm#Fin|Voice#Pass
005.SCG*LB4.CP--++5.N.11.10-4.12-2W12	dicatur	NO MATCH	99301	Aspect#Imp|Mood#Sub|Number#Sing|Person#3|Tense#Pres|VerbForm#Fin|Voice#Pass
005.SCG*LB4.CP-2++6.N.-7.1-1.6-4W18	dictis	NO MATCH	99301	Aspect#Perf|Case#Abl|Degree#Pos|Gender#Neut|Number#Plur|Tense#Past|VerbForm#Part|Voice#Pass
005.SCG*LB3.CP13++8.N.-8.13-3.16-9W26	remisse	NO MATCH	122602	Degree#Pos
005.SCG*LB3.CP-9++2.N.-8.33-3.34-6W1	puta	NO MATCH	120610	
005.SCG*LB4.CP--++7.N.17.1-2.4-6W14	dicimus	NO MATCH	99301	Aspect#Imp|Mood#Ind|Number#Plur|Person#1|Tense#Pres|VerbForm#Fin|Voice#Act
005.SCG*LB4.CP-3++8.N.-8.8-4.10-4W10	dicuntur	NO MATCH	99301	Aspect#Imp|Mood#Ind|Number#Plur|Person#3|Tense#Pres|VerbForm#Fin|Voice#Pass
005.SCG*LB2.CP-3++4.N.-2.1-1.3-1W6	dicitur	NO MATCH	99301	Mood#Ind|Number#Sing|Person#3|Tense#Pres|VerbForm#Fin|Voice#Pass
005.SCG*LB3.CP-4++2.N.-1.1-1.9-4W18	consequens	NO MATCH	96035	Case#Nom|Degree#Pos|Gender#Fem|Number#Sing|Tense#Pres|VerbForm#Part|Voice#Pass
005.SCG*LB3.CP-8++7.N.-5.7-1.9-9W3	fit	NO MATCH	102758	Mood#Ind|Number#Sing|Person#3|Tense#Pres|VerbForm#Fin|Voice#Pass
005.SCG*LB3.CP11++0.N.-5.7-5.11-1W20	sufficienter	NO MATCH	126601	Degree#Pos
005.SCG*LB3.CP15++2.N.-4.17-5.19-6W4	dictis	NO MATCH	99301	Aspect#Perf|Case#Abl|Degree#Pos|Gender#Neut|Number#Plur|Tense#Past|VerbForm#Part|Voice#Pass
005.SCG*LB4.CP-1++3.N.-7.12-8.16-3W18	dixit	NO MATCH	99301	Aspect#Perf|Mood#Ind|Number#Sing|Person#3|Tense#Past|VerbForm#Fin|Voice#Act
005.SCG*LB3.CP-7++5.N.16.1-1.4-1W8	dixerunt	NO MATCH	99301	Aspect#Perf|Mood#Ind|Number#Plur|Person#3|Tense#Past|VerbForm#Fin|Voice#Act
005.SCG*LB3.CP11++6.N.-6.1-1.2-1W4	dicitur	NO MATCH	99301	Mood#Ind|Number#Sing|Person#3|Tense#Pres|VerbForm#Fin|Voice#Pass
005.SCG*LB4.CP--++1.N.10.2-6.6-3W3	dicit	NO MATCH	99301	Aspect#Imp|Mood#Ind|Number#Sing|Person#3|Tense#Pres|VerbForm#Fin|Voice#Act
005.SCG*LB3.CP10++1.N.-3.10-1.12-6W12	fit	NO MATCH	102758	Mood#Ind|Number#Sing|Person#3|Tense#Pres|VerbForm#Fin|Voice#Pass
005.SCG*LB3.CP-8++9.N.-2.1-1.6-1W9	dicebant	NO MATCH	99301	Aspect#Imp|Mood#Ind|Number#Plur|Person#3|Tense#Imp|VerbForm#Fin|Voice#Act
005.SCG*LB2.CP-4++4.N.12.1-2.7-3W14	dicere	NO MATCH	99301	Tense#Pres|VerbForm#Inf|Voice#Act
005.SCG*LB1.CP-4++3.N.-5.5-3.8-5W1	puta	NO MATCH	120610	
005.SCG*LB4.CP-1++0.N.10.2-4.6-3W10	dicitur	NO MATCH	99301	Aspect#Imp|Mood#Ind|Number#Sing|Person#3|Tense#Pres|VerbForm#Fin|Voice#Pass
005.SCG*LB3.CP16++1.N.-2.13-4.14-4W5	dicit	NO MATCH	99301	Mood#Ind|Number#Sing|Person#3|Tense#Pres|VerbForm#Fin|Voice#Act
005.SCG*LB3.CP12++7.N.-4.15-1.20-4W22	accuratius	NO MATCH	87165	Degree#Cmp
005.SCG*LB2.CP-8++3.N.25.30-1.35-2W14	dicitur	NO MATCH	99301	Mood#Ind|Number#Sing|Person#3|Tense#Pres|VerbForm#Fin|Voice#Pass
005.SCG*LB4.CP-7++3.N.-1.23-1.25-5W12	dicitur	NO MATCH	99301	Aspect#Imp|Mood#Ind|Number#Sing|Person#3|Tense#Pres|VerbForm#Fin|Voice#Pass
005.SCG*LB3.CP15++4.N.-6.10-4.11-3W4	data	NO MATCH	99970	Aspect#Perf|Case#Nom|Degree#Pos|Gender#Fem|Number#Plur|Tense#Past|VerbForm#Part|Voice#Pass
005.SCG*LB4.CP-2++3.N.-3.1-1.5-1W8	dicit	NO MATCH	99301	Aspect#Imp|Mood#Ind|Number#Sing|Person#3|Tense#Pres|VerbForm#Fin|Voice#Act
005.SCG*LB4.CP-1++6.N.10.6-3.8-1W6	dicit	NO MATCH	99301	Aspect#Imp|Mood#Ind|Number#Sing|Person#3|Tense#Pres|VerbForm#Fin|Voice#Act
005.SCG*LB4.CP--++7.N.-2.4-6.6-3W2	dixit	NO MATCH	99301	Aspect#Perf|Mood#Ind|Number#Sing|Person#3|Tense#Past|VerbForm#Fin|Voice#Act
005.SCG*LB4.CP-3++4.N.13.1-2.4-4W7	dici	NO MATCH	99301	Aspect#Imp|Tense#Pres|VerbForm#Inf|Voice#Pass
005.SCG*LB4.CP-4++6.N.-1.1-1.7-5W35	convenienter	NO MATCH	96424	Degree#Pos
005.SCG*LB4.CP-2++4.N.-2.3-3.3-6W1	dicitur	NO MATCH	99301	Aspect#Imp|Mood#Ind|Number#Sing|Person#3|Tense#Pres|VerbForm#Fin|Voice#Pass
005.SCG*LB2.CP-1++6.N.13.1-1.2-4W8	dicens	NO MATCH	99301	Case#Nom|Degree#Pos|Gender#Fem|Number#Sing|Tense#Pres|VerbForm#Part|Voice#Act
005.SCG*LB3.CP-8++4.N.10.22-2.24-1W12	praedicta	NO MATCH	118832	Aspect#Perf|Case#Acc|Degree#Pos|Gender#Neut|Number#Plur|Tense#Past|VerbForm#Part|Voice#Pass
005.SCG*LB2.CP-7++6.N.-4.12-1.17-3W24	fiunt	NO MATCH	102758	Mood#Ind|Number#Plur|Person#3|Tense#Pres|VerbForm#Fin|Voice#Pass
005.SCG*LB4.CP-4++9.N.13.7-7.11-1W1	dicitur	NO MATCH	99301	Aspect#Imp|Mood#Ind|Number#Sing|Person#3|Tense#Pres|VerbForm#Fin|Voice#Pass
005.SCG*LB4.CP--++8.N.-8.35-1.36-2W8	dicit	NO MATCH	99301	Aspect#Imp|Mood#Ind|Number#Sing|Person#3|Tense#Pres|VerbForm#Fin|Voice#Act
005.SCG*LB3.CP11++9.N.-1.1-1.9-1W30	fieret	NO MATCH	102758	Aspect#Imp|Mood#Sub|Number#Sing|Person#3|Tense#Imp|VerbForm#Fin|Voice#Pass
005.SCG*LB4.CP-3++0.N.-3.1-1.4-2W21	praedicta	NO MATCH	118832	Aspect#Perf|Case#Abl|Degree#Pos|Gender#Fem|Number#Sing|Tense#Past|VerbForm#Part|Voice#Pass
005.SCG*LB4.CP-7++9.N.12.12-4.13-2W4	dicitur	NO MATCH	99301	Aspect#Imp|Mood#Ind|Number#Sing|Person#3|Tense#Pres|VerbForm#Fin|Voice#Pass
005.SCG*LB2.CP-2++8.N.11.1-1.2-5W3	dici	NO MATCH	99301	Tense#Pres|VerbForm#Inf|Voice#Pass
005.SCG*LB3.CP13++9.N.-7.1-1.2-1W4	dicitur	NO MATCH	99301	Mood#Ind|Number#Sing|Person#3|Tense#Pres|VerbForm#Fin|Voice#Pass
005.SCG*LB1.CP-8++5.N.-6.4-7.5-5W1	consequens	NO MATCH	96035	Case#Acc|Degree#Pos|Gender#Neut|Number#Sing|Tense#Pres|VerbForm#Part|Voice#Pass
005.SCG*LB3.CP10++5.N.-2.24-5.28-4W23	dicentur	NO MATCH	99301	Mood#Ind|Number#Plur|Person#3|Tense#Fut|VerbForm#Fin|Voice#Pass
005.SCG*LB4.CP-2++6.N.-2.2-7.5-4W20	dictis	NO MATCH	99301	Aspect#Perf|Case#Abl|Degree#Pos|Gender#Neut|Number#Plur|Tense#Past|VerbForm#Part|Voice#Pass
005.SCG*LB2.CP-7++4.N.14.1-1.6-2W1	dicit	NO MATCH	99301	Mood#Ind|Number#Sing|Person#3|Tense#Pres|VerbForm#Fin|Voice#Act
005.SCG*LB4.CP-1++1.N.18.32-1.37-5W39	pariente	NO MATCH	116051	Aspect#Imp|Case#Abl|Degree#Pos|Gender#Masc|Number#Sing|Tense#Pres|VerbForm#Part|Voice#Act
005.SCG*LB2.CP-2++0.N.-4.13-6.16-1W6	dici	NO MATCH	99301	Tense#Pres|VerbForm#Inf|Voice#Pass
005.SCG*LB1.CP10++0.N.-5.6-4.8-2W3	dicit	NO MATCH	99301	Mood#Ind|Number#Sing|Person#3|Tense#Pres|VerbForm#Fin|Voice#Act
005.SCG*LB4.CP--++8.N.-9.55-6.57-1W5	dixissem	NO MATCH	99301	Aspect#Perf|Mood#Sub|Number#Sing|Person#1|Tense#Pqp|VerbForm#Fin|Voice#Act
005.SCG*LB2.CP-3++6.N.-4.7-6.9-5W12	essendo	NO MATCH	126689	Case#Abl|Degree#Pos|Number#Sing|VerbForm#Ger|Voice#Act
005.SCG*LB1.CP-3++6.N.-2.14-3.21-2W22	dicitur	NO MATCH	99301	Mood#Ind|Number#Sing|Person#3|Tense#Pres|VerbForm#Fin|Voice#Pass
005.SCG*LB4.CP--++4.N.-3.8-5.12-4W9	dici	NO MATCH	99301	Aspect#Imp|Tense#Pres|VerbForm#Inf|Voice#Pass
005.SCG*LB3.CP--++5.N.14.2-4.5-6W12	consequens	NO MATCH	96035	Case#Acc|Degree#Pos|Gender#Neut|Number#Sing|Tense#Pres|VerbForm#Part|Voice#Pass
005.SCG*LB3.CP12++0.N.16.1-1.3-6W9	dicit	NO MATCH	99301	Mood#Ind|Number#Sing|Person#3|Tense#Pres|VerbForm#Fin|Voice#Act
005.SCG*LB4.CP--++6.N.-9.5-1.6-6W3	dicit	NO MATCH	99301	Aspect#Imp|Mood#Ind|Number#Sing|Person#3|Tense#Pres|VerbForm#Fin|Voice#Act
005.SCG*LB3.CP-9++0.N.-6.9-3.12-3W10	dicens	NO MATCH	99301	Case#Nom|Degree#Pos|Gender#Masc|Number#Sing|Tense#Pres|VerbForm#Part|Voice#Act
005.SCG*LB4.CP-3++4.N.30.1-2.2-1W2	dicit	NO MATCH	99301	Aspect#Imp|Mood#Ind|Number#Sing|Person#3|Tense#Pres|VerbForm#Fin|Voice#Act
005.SCG*LB2.CP-1++2.N.-3.14-2.15-2W1	dictae	NO MATCH	99301	Aspect#Perf|Case#Nom|Degree#Pos|Gender#Fem|Number#Plur|Tense#Past|VerbForm#Part|Voice#Pass
005.SCG*LB4.CP-2++4.N.10.17-1.18-5W5	convenienter	NO MATCH	96424	Degree#Pos
005.SCG*LB3.CP11++2.N.13.4-5.13-1W2	fit	NO MATCH	102758	Mood#Ind|Number#Sing|Person#3|Tense#Pres|VerbForm#Fin|Voice#Pass
005.SCG*LB4.CP-8++3.N.21.1-1.5-1W5	dicitur	NO MATCH	99301	Aspect#Imp|Mood#Ind|Number#Sing|Person#3|Tense#Pres|VerbForm#Fin|Voice#Pass
005.SCG*LB3.CP14++8.N.-4.7-5.8-3W4	dicit	NO MATCH	99301	Mood#Ind|Number#Sing|Person#3|Tense#Pres|VerbForm#Fin|Voice#Act
005.SCG*LB3.CP-9++5.N.21.14-3.16-2W4	dicit	NO MATCH	99301	Mood#Ind|Number#Sing|Person#3|Tense#Pres|VerbForm#Fin|Voice#Act
005.SCG*LB3.CP-2++2.N.-2.3-1.4-5W12	calefieri	NO MATCH	92350	Tense#Pres|VerbForm#Inf|Voice#Pass
005.SCG*LB2.CP-1++0.N.-1.16-5.21-4W22	dicetur	NO MATCH	99301	Mood#Ind|Number#Sing|Person#3|Tense#Fut|VerbForm#Fin|Voice#Pass
005.SCG*LB1.CP-9++7.N.-5.2-2.3-4W1	dicitur	NO MATCH	99301	Mood#Ind|Number#Sing|Person#3|Tense#Pres|VerbForm#Fin|Voice#Pass
005.SCG*LB3.CP-8++0.N.17.13-3.15-2W9	diximus	NO MATCH	99301	Aspect#Perf|Mood#Ind|Number#Plur|Person#1|Tense#Past|VerbForm#Fin|Voice#Act
005.SCG*LB4.CP--++8.N.-3.37-3.37-6W4	dicimus	NO MATCH	99301	Aspect#Imp|Mood#Ind|Number#Plur|Person#1|Tense#Pres|VerbForm#Fin|Voice#Act
005.SCG*LB2.CP-7++8.N.-2.8-1.10-5W20	fiunt	NO MATCH	102758	Mood#Ind|Number#Plur|Person#3|Tense#Pres|VerbForm#Fin|Voice#Pass
005.SCG*LB4.CP-8++3.N.-4.4-2.9-2W26	dicere	NO MATCH	99301	Aspect#Imp|Tense#Pres|VerbForm#Inf|Voice#Act
005.SCG*LB3.CP12++0.N.14.3-1.5-3W14	perfectiorem	NO MATCH	116821	Aspect#Perf|Case#Acc|Degree#Cmp|Gender#Fem|Number#Sing|Tense#Past|VerbForm#Part|Voice#Pass
005.SCG*LB4.CP-2++6.N.-7.22-2.23-4W6	dicitur	NO MATCH	99301	Aspect#Imp|Mood#Ind|Number#Sing|Person#3|Tense#Pres|VerbForm#Fin|Voice#Pass
005.SCG*LB3.CP10++2.N.-6.15-1.18-3W17	fieri	NO MATCH	102758	Tense#Pres|VerbForm#Inf|Voice#Pass
005.SCG*LB4.CP-9++0.N.-8.1-1.8-4W20	dictum	NO MATCH	99301	Aspect#Perf|Case#Nom|Degree#Pos|Gender#Neut|Number#Sing|Tense#Past|VerbForm#Part|Voice#Pass
005.SCG*LB3.CP14++4.N.-9.14-1.19-5W4	dici	NO MATCH	99301	Tense#Pres|VerbForm#Inf|Voice#Pass
005.SCG*LB4.CP-3++2.N.-2.17-6.20-4W10	dicentis	NO MATCH	99301	Aspect#Imp|Case#Gen|Degree#Pos|Gender#Masc|Number#Sing|Tense#Pres|VerbForm#Part|Voice#Act
005.SCG*LB4.CP-3++2.N.-2.9-4.17-5W8	dicendo	NO MATCH	99301	Aspect#Perf|Case#Abl|Degree#Pos|Number#Sing|VerbForm#Ger|Voice#Act
005.SCG*LB4.CP-1++7.N.-1.6-4.7-4W1	dicit	NO MATCH	99301	Aspect#Imp|Mood#Ind|Number#Sing|Person#3|Tense#Pres|VerbForm#Fin|Voice#Act
005.SCG*LB2.CP-2++1.N.-4.17-5.18-5W4	fit	NO MATCH	102758	Mood#Ind|Number#Sing|Person#3|Tense#Pres|VerbForm#Fin|Voice#Pass
005.SCG*LB1.CP-1++2.N.-1.4-3.7-2W1	dicunt	NO MATCH	99301	Mood#Ind|Number#Plur|Person#3|Tense#Pres|VerbForm#Fin|Voice#Act
005.SCG*LB1.CP-7++1.N.-5.12-5.14-4W3	consequens	NO MATCH	96035	Case#Acc|Degree#Pos|Gender#Neut|Number#Sing|Tense#Pres|VerbForm#Part|Voice#Pass
005.SCG*LB2.CP-4++1.N.13.4-1.6-6W14	dixit	NO MATCH	99301	Aspect#Perf|Mood#Ind|Number#Sing|Person#3|Tense#Past|VerbForm#Fin|Voice#Act
005.SCG*LB3.CP-9++5.N.17.1-1.4-7W12	dicuntur	NO MATCH	99301	Mood#Ind|Number#Plur|Person#3|Tense#Pres|VerbForm#Fin|Voice#Pass
005.SCG*LB1.CP10++0.N.-6.1-2.3-5W17	quietatum	NO MATCH	121178	Aspect#Perf|Case#Nom|Degree#Pos|Gender#Neut|Number#Sing|Tense#Past|VerbForm#Part|Voice#Pass
005.SCG*LB4.CP-3++4.N.-2.53-2.55-9W13	dicitur	NO MATCH	99301	Aspect#Imp|Mood#Ind|Number#Sing|Person#3|Tense#Pres|VerbForm#Fin|Voice#Pass
005.SCG*LB1.CP--++4.N.-4.11-1.15-8W34	dicitur	NO MATCH	99301	Mood#Ind|Number#Sing|Person#3|Tense#Pres|VerbForm#Fin|Voice#Pass
005.SCG*LB3.CP12++8.N.-2.10-1.10-4W4	dicitur	NO MATCH	99301	Mood#Ind|Number#Sing|Person#3|Tense#Pres|VerbForm#Fin|Voice#Pass
005.SCG*LB3.CP--++5.N.-2.8-1.12-3W25	dicit	NO MATCH	99301	Mood#Ind|Number#Sing|Person#3|Tense#Pres|VerbForm#Fin|Voice#Act
005.SCG*LB3.CP-8++0.N.11.20-4.22-6W4	dicit	NO MATCH	99301	Mood#Ind|Number#Sing|Person#3|Tense#Pres|VerbForm#Fin|Voice#Act
005.SCG*LB3.CP10++4.N.-6.6-5.11-1W5	dicuntur	NO MATCH	99301	Mood#Ind|Number#Plur|Person#3|Tense#Pres|VerbForm#Fin|Voice#Pass
005.SCG*LB1.CP-9++1.N.-4.1-2.7-2W25	consequens	NO MATCH	96035	Case#Nom|Degree#Pos|Gender#Neut|Number#Sing|Tense#Pres|VerbForm#Part|Voice#Pass
005.SCG*LB4.CP-4++1.N.-2.1-1.11-1W24	dicuntur	NO MATCH	99301	Aspect#Imp|Mood#Ind|Number#Plur|Person#3|Tense#Pres|VerbForm#Fin|Voice#Pass
005.SCG*LB3.CP-5++9.N.-5.5-1.5-3W3	dicit	NO MATCH	99301	Mood#Ind|Number#Sing|Person#3|Tense#Pres|VerbForm#Fin|Voice#Act
005.SCG*LB2.CP-6++9.N.-2.2-3.5-1W16	fit	NO MATCH	102758	Mood#Ind|Number#Sing|Person#3|Tense#Pres|VerbForm#Fin|Voice#Pass
005.SCG*LB4.CP-3++7.N.-2.7-4.8-4W3	dicentem	NO MATCH	99301	Aspect#Imp|Case#Acc|Degree#Pos|Gender#Masc|Number#Sing|Tense#Pres|VerbForm#Part|Voice#Act
005.SCG*LB3.CP14++0.N.-2.4-3.6-5W14	dictis	NO MATCH	99301	Aspect#Perf|Case#Abl|Degree#Pos|Gender#Neut|Number#Plur|Tense#Past|VerbForm#Part|Voice#Pass
005.SCG*LB4.CP--++5.N.-1.1-1.7-5W6	recte	NO MATCH	122542	Degree#Pos
005.SCG*LB3.CP-8++0.N.16.5-2.6-4W6	dicuntur	NO MATCH	99301	Mood#Ind|Number#Plur|Person#3|Tense#Pres|VerbForm#Fin|Voice#Pass
005.SCG*LB4.CP--++7.N.15.7-3.9-2W1	dicit	NO MATCH	99301	Aspect#Imp|Mood#Ind|Number#Sing|Person#3|Tense#Pres|VerbForm#Fin|Voice#Act
005.SCG*LB4.CP-7++7.N.-7.4-1.5-5W1	dicit	NO MATCH	99301	Aspect#Imp|Mood#Ind|Number#Sing|Person#3|Tense#Pres|VerbForm#Fin|Voice#Act
005.SCG*LB4.CP-1++7.N.10.8-3.9-5W9	dicens	NO MATCH	99301	Aspect#Imp|Case#Nom|Degree#Pos|Gender#Masc|Number#Sing|Tense#Pres|VerbForm#Part|Voice#Act
005.SCG*LB2.CP-9++8.N.-2.12-5.15-6W14	fit	NO MATCH	102758	Mood#Ind|Number#Sing|Person#3|Tense#Pres|VerbForm#Fin|Voice#Pass
005.SCG*LB3.CP12++8.N.-6.20-3.25-5W11	dictum	NO MATCH	99301	Aspect#Perf|Case#Nom|Degree#Pos|Gender#Neut|Number#Sing|Tense#Past|VerbForm#Part|Voice#Pass
005.SCG*LB2.CP-1++2.N.-4.1-2.6-4W31	dicitur	NO MATCH	99301	Mood#Ind|Number#Sing|Person#3|Tense#Pres|VerbForm#Fin|Voice#Pass
005.SCG*LB3.CP14++0.N.-9.3-1.5-5W1	dicebant	NO MATCH	99301	Aspect#Imp|Mood#Ind|Number#Plur|Person#3|Tense#Imp|VerbForm#Fin|Voice#Act
005.SCG*LB2.CP-2++8.N.-8.28-1.29-2W3	dicitur	NO MATCH	99301	Mood#Ind|Number#Sing|Person#3|Tense#Pres|VerbForm#Fin|Voice#Pass
005.SCG*LB1.CP-9++3.N.10.1-1.4-2W5	praedictis	NO MATCH	118832	Aspect#Perf|Case#Abl|Degree#Pos|Gender#Fem|Number#Plur|Tense#Past|VerbForm#Part|Voice#Pass
005.SCG*LB3.CP-3++1.N.-6.1-1.4-1W21	praedictis	NO MATCH	118832	Aspect#Perf|Case#Abl|Degree#Pos|Gender#Neut|Number#Plur|Tense#Past|VerbForm#Part|Voice#Pass
005.SCG*LB3.CP-9++2.N.12.1-1.2-5W9	praedicta	NO MATCH	118832	Aspect#Perf|Case#Nom|Degree#Pos|Gender#Neut|Number#Plur|Tense#Past|VerbForm#Part|Voice#Pass
005.SCG*LB4.CP--++8.N.-4.19-1.21-5W9	dicitur	NO MATCH	99301	Aspect#Imp|Mood#Ind|Number#Sing|Person#3|Tense#Pres|VerbForm#Fin|Voice#Pass
005.SCG*LB4.CP-3++4.N.16.4-6.5-7W3	dicitur	NO MATCH	99301	Aspect#Imp|Mood#Ind|Number#Sing|Person#3|Tense#Pres|VerbForm#Fin|Voice#Pass
005.SCG*LB2.CP-4++2.N.-2.5-4.8-3W6	dicimus	NO MATCH	99301	Mood#Ind|Number#Plur|Person#1|Tense#Pres|VerbForm#Fin|Voice#Act
005.SCG*LB3.CP10++2.N.-5.25-6.31-4W7	fiunt	NO MATCH	102758	Mood#Ind|Number#Plur|Person#3|Tense#Pres|VerbForm#Fin|Voice#Pass
005.SCG*LB4.CP-8++3.N.-9.1-1.3-4W15	dictum	NO MATCH	99301	Aspect#Perf|Case#Nom|Degree#Pos|Gender#Neut|Number#Sing|Tense#Past|VerbForm#Part|Voice#Pass
005.SCG*LB3.CP-4++7.N.-3.1-1.10-4W9	dicuntur	NO MATCH	99301	Mood#Ind|Number#Plur|Person#3|Tense#Pres|VerbForm#Fin|Voice#Pass
005.SCG*LB3.CP-8++5.N.11.3-1.9-8W23	sufficienter	NO MATCH	126601	Degree#Pos
005.SCG*LB4.CP-9++1.N.-6.8-5.11-1W5	dicitur	NO MATCH	99301	Aspect#Imp|Mood#Ind|Number#Sing|Person#3|Tense#Pres|VerbForm#Fin|Voice#Pass
005.SCG*LB4.CP-5++2.N.11.1-1.5-6W4	praedicta	NO MATCH	118832	Aspect#Perf|Case#Acc|Degree#Pos|Gender#Neut|Number#Plur|Tense#Past|VerbForm#Part|Voice#Pass
005.SCG*LB2.CP-8++3.N.23.6-3.10-1W7	diceretur	NO MATCH	99301	Aspect#Imp|Mood#Sub|Number#Sing|Person#3|Tense#Imp|VerbForm#Fin|Voice#Pass
005.SCG*LB1.CP-3++7.N.-5.13-3.14-5W3	dicitur	NO MATCH	99301	Mood#Ind|Number#Sing|Person#3|Tense#Pres|VerbForm#Fin|Voice#Pass
005.SCG*LB1.CP-2++9.N.-3.1-1.4-1W17	dicitur	NO MATCH	99301	Mood#Ind|Number#Sing|Person#3|Tense#Pres|VerbForm#Fin|Voice#Pass
005.SCG*LB4.CP-6++3.N.-3.1-1.2-7W6	fiat	NO MATCH	102758	Aspect#Imp|Mood#Sub|Number#Sing|Person#3|Tense#Pres|VerbForm#Fin|Voice#Pass
005.SCG*LB1.CP-2++6.N.-8.1-1.4-9W16	dicitur	NO MATCH	99301	Mood#Ind|Number#Sing|Person#3|Tense#Pres|VerbForm#Fin|Voice#Pass
005.SCG*LB3.CP-2++2.N.-4.15-4.19-1W25	fieri	NO MATCH	102758	Tense#Pres|VerbForm#Inf|Voice#Pass
005.SCG*LB4.CP-3++4.N.-2.10-7.15-3W9	dixit	NO MATCH	99301	Aspect#Perf|Mood#Ind|Number#Sing|Person#3|Tense#Past|VerbForm#Fin|Voice#Act
005.SCG*LB3.CP-8++4.N.14.1-1.4-5W9	directe	NO MATCH	99575	Degree#Pos
005.SCG*LB4.CP-2++5.N.-2.24-1.27-5W15	dixit	NO MATCH	99301	Aspect#Perf|Mood#Ind|Number#Sing|Person#3|Tense#Past|VerbForm#Fin|Voice#Act
005.SCG*LB4.CP--++4.N.15.19-1.23-2W15	dicuntur	NO MATCH	99301	Aspect#Imp|Mood#Ind|Number#Plur|Person#3|Tense#Pres|VerbForm#Fin|Voice#Pass
005.SCG*LB4.CP-7++0.N.-6.6-5.7-3W1	dicitur	NO MATCH	99301	Aspect#Imp|Mood#Ind|Number#Sing|Person#3|Tense#Pres|VerbForm#Fin|Voice#Pass
005.SCG*LB2.CP--++3.N.-3.12-1.13-1W5	dicitur	NO MATCH	99301	Mood#Ind|Number#Sing|Person#3|Tense#Pres|VerbForm#Fin|Voice#Pass
005.SCG*LB3.CP13++3.N.-2.15-2.16-4W4	dicit	NO MATCH	99301	Mood#Ind|Number#Sing|Person#3|Tense#Pres|VerbForm#Fin|Voice#Act
005.SCG*LB3.CP14++1.N.-9.6-1.9-3W8	fit	NO MATCH	102758	Mood#Ind|Number#Sing|Person#3|Tense#Pres|VerbForm#Fin|Voice#Pass
005.SCG*LB4.CP-2++1.N.-2.18-4.22-3W23	dicitur	NO MATCH	99301	Aspect#Imp|Mood#Ind|Number#Sing|Person#3|Tense#Pres|VerbForm#Fin|Voice#Pass
005.SCG*LB3.CP-4++2.N.-4.18-3.20-3W9	dicunt	NO MATCH	99301	Mood#Ind|Number#Plur|Person#3|Tense#Pres|VerbForm#Fin|Voice#Act
005.SCG*LB3.CP14++4.N.11.8-4.9-3W6	dicitur	NO MATCH	99301	Mood#Ind|Number#Sing|Person#3|Tense#Pres|VerbForm#Fin|Voice#Pass
005.SCG*LB2.CP-6++1.N.-3.27-1.30-4W10	dicitur	NO MATCH	99301	Mood#Ind|Number#Sing|Person#3|Tense#Pres|VerbForm#Fin|Voice#Pass
005.SCG*LB1.CP-9++1.N.-6.1-2.2-4W9	dicit	NO MATCH	99301	Mood#Ind|Number#Sing|Person#3|Tense#Pres|VerbForm#Fin|Voice#Act
005.SCG*LB4.CP-5++3.N.18.1-1.7-1W4	dicat	NO MATCH	99301	Aspect#Imp|Mood#Sub|Number#Sing|Person#3|Tense#Pres|VerbForm#Fin|Voice#Act
005.SCG*LB1.CP-2++6.N.13.1-1.6-4W14	dicimus	NO MATCH	99301	Mood#Ind|Number#Plur|Person#1|Tense#Pres|VerbForm#Fin|Voice#Act
005.SCG*LB4.CP-4++5.N.-7.1-1.4-2W10	praedicta	NO MATCH	118832	Aspect#Perf|Case#Nom|Degree#Pos|Gender#Fem|Number#Sing|Tense#Past|VerbForm#Part|Voice#Pass
005.SCG*LB4.CP-7++6.N.-1.1-1.8-2W13	dictum	NO MATCH	99301	Aspect#Perf|Case#Nom|Degree#Pos|Gender#Neut|Number#Sing|Tense#Past|VerbForm#Part|Voice#Pass
005.SCG*LB2.CP-9++1.N.11.7-1.9-4W5	dixit	NO MATCH	99301	Aspect#Perf|Mood#Ind|Number#Sing|Person#3|Tense#Past|VerbForm#Fin|Voice#Act
005.SCG*LB4.CP-7++2.N.-2.13-1.14-6W12	fiat	NO MATCH	102758	Aspect#Imp|Mood#Sub|Number#Sing|Person#3|Tense#Pres|VerbForm#Fin|Voice#Pass
005.SCG*LB4.CP-7++0.N.-5.4-3.7-1W14	fit	NO MATCH	102758	Aspect#Imp|Mood#Ind|Number#Sing|Person#3|Tense#Pres|VerbForm#Fin|Voice#Pass
005.SCG*LB4.CP-6++2.N.-2.1-1.6-4W31	dixit	NO MATCH	99301	Aspect#Perf|Mood#Ind|Number#Sing|Person#3|Tense#Past|VerbForm#Fin|Voice#Act
005.SCG*LB4.CP--++7.N.-2.7-3.9-2W10	dicerentur	NO MATCH	99301	Aspect#Imp|Mood#Sub|Number#Plur|Person#3|Tense#Imp|VerbForm#Fin|Voice#Pass
005.SCG*LB1.CP-9++1.N.-9.9-2.14-2W35	dicuntur	NO MATCH	99301	Mood#Ind|Number#Plur|Person#3|Tense#Pres|VerbForm#Fin|Voice#Pass
005.SCG*LB2.CP-5++8.N.-8.4-5.6-3W7	fit	NO MATCH	102758	Mood#Ind|Number#Sing|Person#3|Tense#Pres|VerbForm#Fin|Voice#Pass
005.SCG*LB2.CP-7++3.N.19.8-5.14-5W16	calefieri	NO MATCH	92350	Tense#Pres|VerbForm#Inf|Voice#Pass
005.SCG*LB2.CP-9++8.N.-9.6-6.11-2W5	fiat	NO MATCH	102758	Mood#Sub|Number#Sing|Person#3|Tense#Pres|VerbForm#Fin|Voice#Pass
005.SCG*LB4.CP-4++6.N.-4.6-1.8-1W14	dictum	NO MATCH	99301	Aspect#Perf|Case#Nom|Degree#Pos|Gender#Neut|Number#Sing|Tense#Past|VerbForm#Part|Voice#Pass
005.SCG*LB4.CP-2++1.N.-3.12-2.12-6W2	dicitur	NO MATCH	99301	Aspect#Imp|Mood#Ind|Number#Sing|Person#3|Tense#Pres|VerbForm#Fin|Voice#Pass
005.SCG*LB4.CP-3++4.N.26.8-2.12-1W1	dicitur	NO MATCH	99301	Aspect#Imp|Mood#Ind|Number#Sing|Person#3|Tense#Pres|VerbForm#Fin|Voice#Pass
005.SCG*LB2.CP-4++6.N.-5.5-3.9-7W23	essendi	NO MATCH	126689	Case#Gen|Degree#Pos|Number#Sing|VerbForm#Ger|Voice#Act
005.SCG*LB2.CP-3++6.N.-7.11-4.15-3W4	dicimus	NO MATCH	99301	Mood#Ind|Number#Plur|Person#1|Tense#Pres|VerbForm#Fin|Voice#Act
005.SCG*LB3.CP14++4.N.-2.2-6.3-5W6	dicitur	NO MATCH	99301	Mood#Ind|Number#Sing|Person#3|Tense#Pres|VerbForm#Fin|Voice#Pass
005.SCG*LB4.CP-2++4.N.-5.4-1.4-3W1	dicit	NO MATCH	99301	Aspect#Imp|Mood#Ind|Number#Sing|Person#3|Tense#Pres|VerbForm#Fin|Voice#Act
005.SCG*LB4.CP--++7.N.18.13-1.15-1W6	dicitur	NO MATCH	99301	Aspect#Imp|Mood#Ind|Number#Sing|Person#3|Tense#Pres|VerbForm#Fin|Voice#Pass
005.SCG*LB4.CP-1++7.N.14.11-1.14-1W12	consequens	NO MATCH	96035	Aspect#Imp|Case#Acc|Degree#Pos|Gender#Neut|Number#Sing|Tense#Pres|VerbForm#Part|Voice#Pass
005.SCG*LB4.CP-4++5.N.-2.4-3.8-5W14	praedicta	NO MATCH	118832	Aspect#Perf|Case#Acc|Degree#Pos|Gender#Neut|Number#Plur|Tense#Past|VerbForm#Part|Voice#Pass
005.SCG*LB4.CP-8++3.N.19.21-7.23-3W3	praedictae	NO MATCH	118832	Aspect#Perf|Case#Nom|Degree#Pos|Gender#Fem|Number#Plur|Tense#Past|VerbForm#Part|Voice#Pass
005.SCG*LB4.CP-3++4.N.-4.1-2.3-1W8	praedictae	NO MATCH	118832	Aspect#Perf|Case#Gen|Degree#Pos|Gender#Fem|Number#Sing|Tense#Past|VerbForm#Part|Voice#Pass
005.SCG*LB4.CP-3++2.N.-9.1-1.4-2W4	dicant	NO MATCH	99301	Aspect#Imp|Mood#Sub|Number#Plur|Person#3|Tense#Pres|VerbForm#Fin|Voice#Act
005.SCG*LB2.CP-2++8.N.15.11-2.14-3W5	fieri	NO MATCH	102758	Tense#Pres|VerbForm#Inf|Voice#Pass
005.SCG*LB3.CP11++9.N.-4.5-4.9-1W3	fiunt	NO MATCH	102758	Mood#Ind|Number#Plur|Person#3|Tense#Pres|VerbForm#Fin|Voice#Pass
005.SCG*LB2.CP-4++9.N.11.3-5.5-7W4	dicebant	NO MATCH	99301	Aspect#Imp|Mood#Ind|Number#Plur|Person#3|Tense#Imp|VerbForm#Fin|Voice#Act
005.SCG*LB3.CP14++1.N.-6.32-1.38-1W37	dicitur	NO MATCH	99301	Mood#Ind|Number#Sing|Person#3|Tense#Pres|VerbForm#Fin|Voice#Pass
005.SCG*LB3.CP13++2.N.16.1-1.4-4W4	dicat	NO MATCH	99301	Mood#Sub|Number#Sing|Person#3|Tense#Pres|VerbForm#Fin|Voice#Act
005.SCG*LB4.CP--++7.N.25.10-3.11-5W6	dicit	NO MATCH	99301	Aspect#Imp|Mood#Ind|Number#Sing|Person#3|Tense#Pres|VerbForm#Fin|Voice#Act
005.SCG*LB3.CP-9++5.N.-4.3-3.4-7W11	calefiunt	NO MATCH	92350	Mood#Ind|Number#Plur|Person#3|Tense#Pres|VerbForm#Fin|Voice#Pass
005.SCG*LB4.CP-2++3.N.-4.4-5.10-4W12	dicitur	NO MATCH	99301	Aspect#Imp|Mood#Ind|Number#Sing|Person#3|Tense#Pres|VerbForm#Fin|Voice#Pass
005.SCG*LB4.CP-6++3.N.-9.14-5.19-6W8	praedictam	NO MATCH	118832	Aspect#Perf|Case#Acc|Degree#Pos|Gender#Fem|Number#Sing|Tense#Past|VerbForm#Part|Voice#Pass
005.SCG*LB2.CP-8++0.N.10.5-1.7-4W7	dicentes	NO MATCH	99301	Case#Nom|Degree#Pos|Gender#Masc|Number#Plur|Tense#Pres|VerbForm#Part|Voice#Act
005.SCG*LB3.CP-8++0.N.15.8-1.9-6W10	dicit	NO MATCH	99301	Mood#Ind|Number#Sing|Person#3|Tense#Pres|VerbForm#Fin|Voice#Act
005.SCG*LB4.CP-1++1.N.18.71-1.73-7W15	dicente	NO MATCH	99301	Aspect#Imp|Case#Abl|Degree#Pos|Gender#Masc|Number#Sing|Tense#Pres|VerbForm#Part|Voice#Act
005.SCG*LB1.CP-9++7.N.-3.12-1.12-6W6	dicimus	NO MATCH	99301	Mood#Ind|Number#Plur|Person#1|Tense#Pres|VerbForm#Fin|Voice#Act
005.SCG*LB4.CP-8++3.N.-8.1-1.10-3W4	dicat	NO MATCH	99301	Aspect#Imp|Mood#Sub|Number#Sing|Person#3|Tense#Pres|VerbForm#Fin|Voice#Act
005.SCG*LB4.CP-3++4.N.16.15-6.17-2W11	dicitur	NO MATCH	99301	Aspect#Imp|Mood#Ind|Number#Sing|Person#3|Tense#Pres|VerbForm#Fin|Voice#Pass
005.SCG*LB3.CP15++8.N.-3.6-7.10-2W20	negligenter	NO MATCH	113552	Degree#Pos
005.SCG*LB1.CP-6++4.N.-1.1-1.5-5W20	praedictorum	NO MATCH	118832	Aspect#Perf|Case#Gen|Degree#Pos|Gender#Neut|Number#Plur|Tense#Past|VerbForm#Part|Voice#Pass
005.SCG*LB2.CP-8++3.N.14.1-1.5-2W3	dicatur	NO MATCH	99301	Mood#Sub|Number#Sing|Person#3|Tense#Pres|VerbForm#Fin|Voice#Pass
005.SCG*LB2.CP-2++1.N.11.10-1.14-7W9	dixerunt	NO MATCH	99301	Aspect#Perf|Mood#Ind|Number#Plur|Person#3|Tense#Past|VerbForm#Fin|Voice#Act
005.SCG*LB3.CP-4++9.N.-9.5-7.8-5W5	expressior	NO MATCH	102229	Aspect#Perf|Case#Nom|Degree#Cmp|Gender#Masc|Number#Sing|Tense#Past|VerbForm#Part|Voice#Pass
005.SCG*LB1.CP-3++2.N.-7.19-2.20-5W11	dici	NO MATCH	99301	Tense#Pres|VerbForm#Inf|Voice#Pass
005.SCG*LB4.CP-4++9.N.11.28-1.31-1W7	dicuntur	NO MATCH	99301	Aspect#Imp|Mood#Ind|Number#Plur|Person#3|Tense#Pres|VerbForm#Fin|Voice#Pass
005.SCG*LB3.CP-4++6.N.-4.1-2.4-5W3	fit	NO MATCH	102758	Mood#Ind|Number#Sing|Person#3|Tense#Pres|VerbForm#Fin|Voice#Pass
005.SCG*LB2.CP-3++4.N.-5.2-4.2-9W4	fit	NO MATCH	102758	Mood#Ind|Number#Sing|Person#3|Tense#Pres|VerbForm#Fin|Voice#Pass
005.SCG*LB3.CP10++7.N.11.1-1.5-1W16	dicimus	NO MATCH	99301	Mood#Ind|Number#Plur|Person#1|Tense#Pres|VerbForm#Fin|Voice#Act
005.SCG*LB3.CP-8++5.N.-5.1-2.3-6W4	fiunt	NO MATCH	102758	Mood#Ind|Number#Plur|Person#3|Tense#Pres|VerbForm#Fin|Voice#Pass
005.SCG*LB2.CP-6++1.N.-3.22-1.24-2W14	dictum	NO MATCH	99301	Aspect#Perf|Case#Nom|Degree#Pos|Gender#Neut|Number#Sing|Tense#Past|VerbForm#Part|Voice#Pass
005.SCG*LB2.CP-6++0.N.-2.1-1.3-1W9	dicta	NO MATCH	99301	Aspect#Perf|Case#Nom|Degree#Pos|Gender#Neut|Number#Plur|Tense#Past|VerbForm#Part|Voice#Pass
005.SCG*LB2.CP-2++5.N.23.3-3.4-8W11	volitum	NO MATCH	130745	Aspect#Perf|Case#Nom|Degree#Pos|Gender#Neut|Number#Sing|Tense#Past|VerbForm#Part|VerbType#Mod|Voice#Pass
005.SCG*LB2.CP-7++8.N.-3.3-5.5-7W1	expresse	NO MATCH	102229	Degree#Pos
005.SCG*LB3.CP-4++9.N.12.4-4.8-4W4	fit	NO MATCH	102758	Mood#Ind|Number#Sing|Person#3|Tense#Pres|VerbForm#Fin|Voice#Pass
005.SCG*LB2.CP-2++8.N.17.3-1.8-8W26	dicunt	NO MATCH	99301	Mood#Ind|Number#Plur|Person#3|Tense#Pres|VerbForm#Fin|Voice#Act
005.SCG*LB4.CP--++4.N.13.13-4.14-5W6	dicitur	NO MATCH	99301	Aspect#Imp|Mood#Ind|Number#Sing|Person#3|Tense#Pres|VerbForm#Fin|Voice#Pass
005.SCG*LB3.CP-8++6.N.-8.21-5.25-7W3	dicimus	NO MATCH	99301	Mood#Ind|Number#Plur|Person#1|Tense#Pres|VerbForm#Fin|Voice#Act
005.SCG*LB4.CP-3++5.N.11.1-2.5-4W13	consequens	NO MATCH	96035	Aspect#Imp|Case#Acc|Degree#Pos|Gender#Neut|Number#Sing|Tense#Pres|VerbForm#Part|Voice#Pass
005.SCG*LB1.CP--++4.N.-3.26-1.28-2W10	praedictae	NO MATCH	118832	Aspect#Perf|Case#Gen|Degree#Pos|Gender#Fem|Number#Sing|Tense#Past|VerbForm#Part|Voice#Pass
005.SCG*LB2.CP-5++9.N.-2.5-2.6-4W4	dici	NO MATCH	99301	Tense#Pres|VerbForm#Inf|Voice#Pass
005.SCG*LB1.CP-5++6.N.-6.6-2.12-4W14	fiat	NO MATCH	102758	Mood#Sub|Number#Sing|Person#3|Tense#Pres|VerbForm#Fin|Voice#Pass
005.SCG*LB3.CP13++0.N.-5.1-1.5-2W27	dicuntur	NO MATCH	99301	Mood#Ind|Number#Plur|Person#3|Tense#Pres|VerbForm#Fin|Voice#Pass
005.SCG*LB3.CP-4++5.N.-7.4-1.9-1W8	dicens	NO MATCH	99301	Case#Nom|Degree#Pos|Gender#Masc|Number#Sing|Tense#Pres|VerbForm#Part|Voice#Act
005.SCG*LB3.CP-1++2.N.-5.22-3.23-6W7	dicta	NO MATCH	99301	Aspect#Perf|Case#Nom|Degree#Pos|Gender#Neut|Number#Plur|Tense#Past|VerbForm#Part|Voice#Pass
005.SCG*LB3.CP-8++5.N.18.5-1.6-3W4	dicitur	NO MATCH	99301	Mood#Ind|Number#Sing|Person#3|Tense#Pres|VerbForm#Fin|Voice#Pass
005.SCG*LB3.CP-8++1.N.-4.1-1.7-6W43	exequens	NO MATCH	102311	Case#Nom|Degree#Pos|Gender#Fem|Number#Sing|Tense#Pres|VerbForm#Part|Voice#Pass
005.SCG*LB2.CP-8++9.N.24.19-1.22-1W16	dicunt	NO MATCH	99301	Mood#Ind|Number#Plur|Person#3|Tense#Pres|VerbForm#Fin|Voice#Act
005.SCG*LB2.CP-3++0.N.15.18-1.22-1W26	proiicitur	NO MATCH	119771	Mood#Ind|Number#Sing|Person#3|Tense#Pres|VerbForm#Fin|Voice#Pass
005.SCG*LB4.CP--++4.N.13.5-8.10-4W6	diceretur	NO MATCH	99301	Aspect#Imp|Mood#Sub|Number#Sing|Person#3|Tense#Imp|VerbForm#Fin|Voice#Pass
005.SCG*LB4.CP-7++0.N.-9.8-2.14-1W3	dictum	NO MATCH	99301	Aspect#Perf|Case#Nom|Degree#Pos|Gender#Neut|Number#Sing|Tense#Past|VerbForm#Part|Voice#Pass
005.SCG*LB1.CP-7++9.N.-1.1-1.4-1W9	volitum	NO MATCH	130745	Aspect#Perf|Case#Acc|Degree#Pos|Gender#Neut|Number#Sing|Tense#Past|VerbForm#Part|VerbType#Mod|Voice#Pass
005.SCG*LB3.CP-2++6.N.10.15-5.17-2W3	volitum	NO MATCH	130745	Aspect#Perf|Case#Nom|Degree#Pos|Gender#Neut|Number#Sing|Tense#Past|VerbForm#Part|VerbType#Mod|Voice#Pass
005.SCG*LB2.CP-8++5.N.11.6-1.9-3W9	dicebant	NO MATCH	99301	Aspect#Imp|Mood#Ind|Number#Plur|Person#3|Tense#Imp|VerbForm#Fin|Voice#Act
005.SCG*LB1.CP-8++8.N.-1.1-1.2-6W2	praedictis	NO MATCH	118832	Aspect#Perf|Case#Abl|Degree#Pos|Gender#Neut|Number#Plur|Tense#Past|VerbForm#Part|Voice#Pass
005.SCG*LB3.CP-6++3.N.-6.7-1.9-1W4	dicit	NO MATCH	99301	Mood#Ind|Number#Sing|Person#3|Tense#Pres|VerbForm#Fin|Voice#Act
005.SCG*LB4.CP-1++1.N.18.28-3.30-4W8	dictum	NO MATCH	99301	Aspect#Perf|Case#Nom|Degree#Pos|Gender#Neut|Number#Sing|Tense#Past|VerbForm#Part|Voice#Pass
005.SCG*LB4.CP-6++4.N.-1.8-3.11-1W13	praedicto	NO MATCH	118832	Aspect#Perf|Case#Abl|Degree#Pos|Gender#Masc|Number#Sing|Tense#Past|VerbForm#Part|Voice#Pass
005.SCG*LB2.CP-1++1.N.-3.3-4.4-3W1	dicitur	NO MATCH	99301	Mood#Ind|Number#Sing|Person#3|Tense#Pres|VerbForm#Fin|Voice#Pass
005.SCG*LB4.CP--++1.N.15.1-1.4-3W20	converso	NO MATCH	96446	Aspect#Perf|Case#Abl|Gender#Neut|Number#Sing
005.SCG*LB4.CP-1++3.N.-6.1-1.5-3W13	dictum	NO MATCH	99301	Aspect#Perf|Case#Nom|Degree#Pos|Gender#Neut|Number#Sing|Tense#Past|VerbForm#Part|Voice#Pass
005.SCG*LB1.CP-1++7.N.-7.4-1.6-3W10	dicitur	NO MATCH	99301	Mood#Ind|Number#Sing|Person#3|Tense#Pres|VerbForm#Fin|Voice#Pass
005.SCG*LB3.CP-3++8.N.-3.14-1.17-1W21	dixerunt	NO MATCH	99301	Aspect#Perf|Mood#Ind|Number#Plur|Person#3|Tense#Past|VerbForm#Fin|Voice#Act
005.SCG*LB4.CP-3++5.N.-8.17-3.20-2W10	dicimus	NO MATCH	99301	Aspect#Imp|Mood#Ind|Number#Plur|Person#1|Tense#Pres|VerbForm#Fin|Voice#Act
005.SCG*LB1.CP-3++0.N.-2.8-1.14-1W14	dici	NO MATCH	99301	Tense#Pres|VerbForm#Inf|Voice#Pass
005.SCG*LB2.CP-3++8.N.16.1-1.3-1W5	praedicta	NO MATCH	118832	Aspect#Perf|Case#Nom|Degree#Pos|Gender#Neut|Number#Plur|Tense#Past|VerbForm#Part|Voice#Pass
005.SCG*LB1.CP-7++4.N.-7.1-1.6-2W15	dicuntur	NO MATCH	99301	Mood#Ind|Number#Plur|Person#3|Tense#Pres|VerbForm#Fin|Voice#Pass
005.SCG*LB4.CP-4++1.N.14.8-3.14-2W36	eminentius	NO MATCH	100978	Degree#Cmp
005.SCG*LB3.CP-9++7.N.11.1-1.5-4W2	praedicto	NO MATCH	118832	Aspect#Perf|Case#Abl|Degree#Pos|Gender#Masc|Number#Sing|Tense#Past|VerbForm#Part|Voice#Pass
005.SCG*LB1.CP-6++5.N.-5.3-2.6-5W19	essendi	NO MATCH	126689	Case#Gen|Degree#Pos|Number#Sing|VerbForm#Ger|Voice#Act
005.SCG*LB2.CP-1++6.N.-9.10-4.13-1W11	essendi	NO MATCH	126689	Case#Gen|Degree#Pos|Number#Sing|VerbForm#Ger|Voice#Act
005.SCG*LB1.CP-2++8.N.-8.7-2.9-2W3	dicitur	NO MATCH	99301	Mood#Ind|Number#Sing|Person#3|Tense#Pres|VerbForm#Fin|Voice#Pass
005.SCG*LB4.CP-3++7.N.-6.7-1.8-2W4	dixit	NO MATCH	99301	Aspect#Perf|Mood#Ind|Number#Sing|Person#3|Tense#Past|VerbForm#Fin|Voice#Act
005.SCG*LB1.CP-2++0.N.22.3-3.9-6W38	dicat	NO MATCH	99301	Mood#Sub|Number#Sing|Person#3|Tense#Pres|VerbForm#Fin|Voice#Act
005.SCG*LB2.CP--++1.N.-4.5-4.11-1W27	dictarum	NO MATCH	99301	Aspect#Perf|Case#Gen|Degree#Pos|Gender#Fem|Number#Plur|Tense#Past|VerbForm#Part|Voice#Pass
005.SCG*LB4.CP-1++7.N.18.6-3.7-1W3	dicit	NO MATCH	99301	Aspect#Imp|Mood#Ind|Number#Sing|Person#3|Tense#Pres|VerbForm#Fin|Voice#Act
005.SCG*LB3.CP-2++5.N.-6.5-2.11-2W31	dictis	NO MATCH	99301	Aspect#Perf|Case#Abl|Degree#Pos|Gender#Neut|Number#Plur|Tense#Past|VerbForm#Part|Voice#Pass
005.SCG*LB4.CP-5++1.N.10.2-3.4-1W11	dicit	NO MATCH	99301	Aspect#Imp|Mood#Ind|Number#Sing|Person#3|Tense#Pres|VerbForm#Fin|Voice#Act
005.SCG*LB2.CP-1++3.N.--.1-1.2-4W2	praedictae	NO MATCH	118832	Aspect#Perf|Case#Nom|Degree#Pos|Gender#Fem|Number#Plur|Tense#Past|VerbForm#Part|Voice#Pass
005.SCG*LB3.CP-8++9.N.-1.7-1.10-6W3	dicerent	NO MATCH	99301	Aspect#Imp|Mood#Sub|Number#Plur|Person#3|Tense#Imp|VerbForm#Fin|Voice#Act
005.SCG*LB2.CP-7++3.N.26.12-3.15-5W15	praedictus	NO MATCH	118832	Aspect#Perf|Case#Nom|Degree#Pos|Gender#Masc|Number#Sing|Tense#Past|VerbForm#Part|Voice#Pass
005.SCG*LB3.CP-8++0.N.14.5-3.8-2W5	dicit	NO MATCH	99301	Mood#Ind|Number#Sing|Person#3|Tense#Pres|VerbForm#Fin|Voice#Act
005.SCG*LB3.CP10++5.N.-2.15-5.18-3W4	dici	NO MATCH	99301	Tense#Pres|VerbForm#Inf|Voice#Pass
005.SCG*LB4.CP-5++5.N.10.8-3.11-4W13	fiunt	NO MATCH	102758	Aspect#Imp|Mood#Ind|Number#Plur|Person#3|Tense#Pres|VerbForm#Fin|Voice#Pass
005.SCG*LB4.CP--++7.N.-1.1-1.5-1W16	diligenter	NO MATCH	99463	Degree#Pos
005.SCG*LB3.CP13++2.N.14.9-4.13-5W3	consequens	NO MATCH	96035	Case#Acc|Degree#Pos|Gender#Neut|Number#Sing|Tense#Pres|VerbForm#Part|Voice#Pass
005.SCG*LB2.CP-2++1.N.10.1-2.9-1W62	fit	NO MATCH	102758	Mood#Ind|Number#Sing|Person#3|Tense#Pres|VerbForm#Fin|Voice#Pass
005.SCG*LB3.CP-1++8.N.-2.3-3.6-3W22	essendo	NO MATCH	126689	Case#Abl|Degree#Pos|Number#Sing|VerbForm#Ger|Voice#Act
005.SCG*LB2.CP-3++2.N.-6.12-3.16-4W31	exequentis	NO MATCH	102311	Case#Gen|Degree#Pos|Gender#Fem|Number#Sing|Tense#Pres|VerbForm#Part|Voice#Pass
005.SCG*LB4.CP-3++4.N.-2.15-4.17-2W7	dicit	NO MATCH	99301	Aspect#Imp|Mood#Ind|Number#Sing|Person#3|Tense#Pres|VerbForm#Fin|Voice#Act
005.SCG*LB4.CP-2++3.N.-7.20-1.24-4W3	dicitur	NO MATCH	99301	Aspect#Imp|Mood#Ind|Number#Sing|Person#3|Tense#Pres|VerbForm#Fin|Voice#Pass
005.SCG*LB4.CP--++8.N.-5.55-1.57-1W3	praedictis	NO MATCH	118832	Aspect#Perf|Case#Dat|Degree#Pos|Gender#Neut|Number#Plur|Tense#Past|VerbForm#Part|Voice#Pass
005.SCG*LB3.CP10++4.N.-1.1-1.7-2W4	dicentes	NO MATCH	99301	Case#Nom|Degree#Pos|Gender#Masc|Number#Plur|Tense#Pres|VerbForm#Part|Voice#Act
005.SCG*LB1.CP-5++1.N.-3.3-4.5-3W4	praedicta	NO MATCH	118832	Aspect#Perf|Case#Acc|Degree#Pos|Gender#Neut|Number#Plur|Tense#Past|VerbForm#Part|Voice#Pass
005.SCG*LB4.CP-2++9.N.12.11-4.12-5W6	dicuntur	NO MATCH	99301	Aspect#Imp|Mood#Ind|Number#Plur|Person#3|Tense#Pres|VerbForm#Fin|Voice#Pass
005.SCG*LB2.CP-8++3.N.35.2-3.7-1W1	dicitur	NO MATCH	99301	Mood#Ind|Number#Sing|Person#3|Tense#Pres|VerbForm#Fin|Voice#Pass
005.SCG*LB3.CP-4++6.N.-7.3-6.5-4W9	fit	NO MATCH	102758	Mood#Ind|Number#Sing|Person#3|Tense#Pres|VerbForm#Fin|Voice#Pass
005.SCG*LB2.CP-6++0.N.-7.1-1.2-3W6	praedictus	NO MATCH	118832	Aspect#Perf|Case#Nom|Degree#Pos|Gender#Masc|Number#Sing|Tense#Past|VerbForm#Part|Voice#Pass
005.SCG*LB4.CP-3++7.N.11.1-1.3-3W9	dicentis	NO MATCH	99301	Aspect#Imp|Case#Gen|Degree#Pos|Gender#Masc|Number#Sing|Tense#Pres|VerbForm#Part|Voice#Act
005.SCG*LB4.CP-1++3.N.-3.14-6.17-6W8	dicenti	NO MATCH	99301	Aspect#Imp|Case#Dat|Degree#Pos|Gender#Masc|Number#Sing|Tense#Pres|VerbForm#Part|Voice#Act
005.SCG*LB4.CP-6++3.N.-7.10-4.12-4W4	fieri	NO MATCH	102758	Aspect#Imp|Tense#Pres|VerbForm#Inf|Voice#Pass
005.SCG*LB1.CP-4++7.N.-4.8-2.11-1W12	dictis	NO MATCH	99301	Aspect#Perf|Case#Abl|Degree#Pos|Gender#Neut|Number#Plur|Tense#Past|VerbForm#Part|Voice#Pass
005.SCG*LB4.CP--++6.N.-1.1-1.7-1W17	dicebat	NO MATCH	99301	Aspect#Imp|Mood#Ind|Number#Sing|Person#3|Tense#Imp|VerbForm#Fin|Voice#Act
005.SCG*LB4.CP-1++1.N.17.31-4.33-5W9	dicente	NO MATCH	99301	Aspect#Imp|Case#Abl|Degree#Pos|Gender#Masc|Number#Sing|Tense#Pres|VerbForm#Part|Voice#Act
005.SCG*LB4.CP-7++8.N.-2.22-2.24-1W11	dicuntur	NO MATCH	99301	Aspect#Imp|Mood#Ind|Number#Plur|Person#3|Tense#Pres|VerbForm#Fin|Voice#Pass
005.SCG*LB3.CP12++8.N.-5.2-6.3-3W3	dicit	NO MATCH	99301	Mood#Ind|Number#Sing|Person#3|Tense#Pres|VerbForm#Fin|Voice#Act
005.SCG*LB3.CP-5++0.N.-7.8-3.12-2W13	dicta	NO MATCH	99301	Aspect#Perf|Case#Nom|Degree#Pos|Gender#Neut|Number#Plur|Tense#Past|VerbForm#Part|Voice#Pass
005.SCG*LB4.CP-4++8.N.-2.2-1.3-7W3	fieri	NO MATCH	102758	Aspect#Imp|Tense#Pres|VerbForm#Inf|Voice#Pass
005.SCG*LB4.CP-2++9.N.-8.3-1.6-3W17	dicentes	NO MATCH	99301	Aspect#Imp|Case#Nom|Degree#Pos|Gender#Masc|Number#Plur|Tense#Pres|VerbForm#Part|Voice#Act
005.SCG*LB4.CP-7++3.N.-8.1-1.4-3W23	dicit	NO MATCH	99301	Aspect#Imp|Mood#Ind|Number#Sing|Person#3|Tense#Pres|VerbForm#Fin|Voice#Act
005.SCG*LB4.CP-1++1.N.18.73-8.78-7W28	dicente	NO MATCH	99301	Aspect#Imp|Case#Abl|Degree#Pos|Gender#Masc|Number#Sing|Tense#Pres|VerbForm#Part|Voice#Act
005.SCG*LB4.CP-1++1.N.16.8-1.10-6W14	dicit	NO MATCH	99301	Aspect#Imp|Mood#Ind|Number#Sing|Person#3|Tense#Pres|VerbForm#Fin|Voice#Act
005.SCG*LB3.CP-5++1.N.-2.1-1.2-7W8	dictis	NO MATCH	99301	Aspect#Perf|Case#Abl|Degree#Pos|Gender#Neut|Number#Plur|Tense#Past|VerbForm#Part|Voice#Pass
005.SCG*LB2.CP-9++8.N.-4.24-1.27-5W9	dicitur	NO MATCH	99301	Mood#Ind|Number#Sing|Person#3|Tense#Pres|VerbForm#Fin|Voice#Pass
005.SCG*LB2.CP-3++8.N.14.11-1.13-6W8	dicentes	NO MATCH	99301	Case#Nom|Degree#Pos|Gender#Masc|Number#Plur|Tense#Pres|VerbForm#Part|Voice#Act
005.SCG*LB4.CP-3++4.N.25.29-1.30-4W10	dicitur	NO MATCH	99301	Aspect#Imp|Mood#Ind|Number#Sing|Person#3|Tense#Pres|VerbForm#Fin|Voice#Pass
005.SCG*LB4.CP-5++4.N.-4.24-1.30-2W20	fieri	NO MATCH	102758	Aspect#Imp|Tense#Pres|VerbForm#Inf|Voice#Pass
005.SCG*LB4.CP-5++5.N.-7.4-1.9-4W36	dicentes	NO MATCH	99301	Aspect#Imp|Case#Nom|Degree#Pos|Gender#Masc|Number#Plur|Tense#Pres|VerbForm#Part|Voice#Act
005.SCG*LB1.CP-1++9.N.-3.5-1.8-2W21	necesse-esse	NO MATCH	126689	Tense#Pres|VerbForm#Inf|Voice#Act
005.SCG*LB4.CP--++7.N.-2.4-1.4-5W7	dicit	NO MATCH	99301	Aspect#Imp|Mood#Ind|Number#Sing|Person#3|Tense#Pres|VerbForm#Fin|Voice#Act
005.SCG*LB3.CP14++3.N.-5.1-2.5-7W27	fore	NO MATCH	126689	Tense#Fut|VerbForm#Inf|Voice#Act
005.SCG*LB3.CP14++0.N.-8.1-1.4-7W4	dicitur	NO MATCH	99301	Mood#Ind|Number#Sing|Person#3|Tense#Pres|VerbForm#Fin|Voice#Pass
005.SCG*LB2.CP-3++0.N.-6.8-3.12-1W14	remotissima	NO MATCH	122609	Aspect#Perf|Case#Nom|Degree#Sup|Gender#Neut|Number#Plur|Tense#Past|VerbForm#Part|Voice#Pass
005.SCG*LB3.CP-7++7.N.-6.4-3.7-5W8	exequentes	NO MATCH	102311	Case#Nom|Degree#Pos|Gender#Fem|Number#Plur|Tense#Pres|VerbForm#Part|Voice#Pass
005.SCG*LB4.CP-8++1.N.10.24-4.24-5W1	differenter	NO MATCH	99342	Aspect#Imp|Case#Loc|Degree#Pos|Number#Sing|Tense#Pres|VerbForm#Part|Voice#Act
005.SCG*LB3.CP-9++5.N.21.21-4.25-3W5	dicitur	NO MATCH	99301	Mood#Ind|Number#Sing|Person#3|Tense#Pres|VerbForm#Fin|Voice#Pass
005.SCG*LB1.CP-4++2.N.-9.56-1.58-1W10	necesse-esse	NO MATCH	126689	Tense#Pres|VerbForm#Inf|Voice#Act
005.SCG*LB2.CP-7++1.N.-3.14-6.17-7W15	dici	NO MATCH	99301	Tense#Pres|VerbForm#Inf|Voice#Pass
005.SCG*LB2.CP-7++9.N.-8.1-2.2-3W4	permanentius	NO MATCH	117055	Case#Nom|Degree#Cmp|Gender#Neut|Number#Sing|Tense#Pres|VerbForm#Part|Voice#Act
005.SCG*LB1.CP-1++4.N.-3.13-1.14-6W4	dicamus	NO MATCH	99301	Mood#Sub|Number#Plur|Person#1|Tense#Pres|VerbForm#Fin|Voice#Act
005.SCG*LB4.CP-3++9.N.-1.1-1.8-5W15	dicere	NO MATCH	99301	Aspect#Imp|Tense#Pres|VerbForm#Inf|Voice#Act
005.SCG*LB3.CP-4++5.N.-1.1-1.6-3W5	praedictos	NO MATCH	118832	Aspect#Perf|Case#Acc|Degree#Pos|Gender#Masc|Number#Plur|Tense#Past|VerbForm#Part|Voice#Pass
005.SCG*LB1.CP-4++2.N.-9.14-1.14-6W3	essendi	NO MATCH	126689	Case#Gen|Degree#Pos|Number#Sing|VerbForm#Ger|Voice#Act
005.SCG*LB3.CP14++8.N.-3.6-3.7-2W2	dicitur	NO MATCH	99301	Mood#Ind|Number#Sing|Person#3|Tense#Pres|VerbForm#Fin|Voice#Pass
005.SCG*LB3.CP10++0.N.-7.1-1.1-5W5	dicit	NO MATCH	99301	Mood#Ind|Number#Sing|Person#3|Tense#Pres|VerbForm#Fin|Voice#Act
005.SCG*LB4.CP--++4.N.11.1-1.5-2W1	diligenter	NO MATCH	99463	Degree#Pos
005.SCG*LB4.CP-5++3.N.-3.1-2.3-4W6	fieri	NO MATCH	102758	Aspect#Imp|Tense#Pres|VerbForm#Inf|Voice#Pass
005.SCG*LB2.CP-2++8.N.17.3-1.8-8W9	dicebant	NO MATCH	99301	Aspect#Imp|Mood#Ind|Number#Plur|Person#3|Tense#Imp|VerbForm#Fin|Voice#Act
005.SCG*LB3.CP13++8.N.-9.1-1.2-7W8	fit	NO MATCH	102758	Mood#Ind|Number#Sing|Person#3|Tense#Pres|VerbForm#Fin|Voice#Pass
005.SCG*LB4.CP-1++7.N.13.2-4.3-2W1	dicitur	NO MATCH	99301	Aspect#Imp|Mood#Ind|Number#Sing|Person#3|Tense#Pres|VerbForm#Fin|Voice#Pass
005.SCG*LB4.CP-2++4.N.13.1-2.5-2W5	dicitur	NO MATCH	99301	Aspect#Imp|Mood#Ind|Number#Sing|Person#3|Tense#Pres|VerbForm#Fin|Voice#Pass
005.SCG*LB2.CP-1++2.N.-2.14-3.16-2W7	necesse-esse	NO MATCH	126689	Tense#Pres|VerbForm#Inf|Voice#Act
005.SCG*LB3.CP-8++0.N.-5.11-5.15-5W3	dicit	NO MATCH	99301	Mood#Ind|Number#Sing|Person#3|Tense#Pres|VerbForm#Fin|Voice#Act
005.SCG*LB4.CP-2++3.N.-6.4-7.7-2W9	fit	NO MATCH	102758	Aspect#Imp|Mood#Ind|Number#Sing|Person#3|Tense#Pres|VerbForm#Fin|Voice#Pass
005.SCG*LB3.CP10++4.N.-3.2-5.4-5W4	colloquentes	NO MATCH	94877	Case#Nom|Degree#Pos|Gender#Masc|Number#Plur|Tense#Pres|VerbForm#Part|Voice#Pass
005.SCG*LB4.CP--++2.N.-4.5-1.6-6W3	dicitur	NO MATCH	99301	Aspect#Imp|Mood#Ind|Number#Sing|Person#3|Tense#Pres|VerbForm#Fin|Voice#Pass
005.SCG*LB4.CP-5++4.N.-4.8-1.9-2W3	fit	NO MATCH	102758	Aspect#Imp|Mood#Ind|Number#Sing|Person#3|Tense#Pres|VerbForm#Fin|Voice#Pass
005.SCG*LB3.CP--++1.N.-6.5-2.11-5W7	dicit	NO MATCH	99301	Mood#Ind|Number#Sing|Person#3|Tense#Pres|VerbForm#Fin|Voice#Act
005.SCG*LB2.CP-9++2.N.-3.10-1.17-3W3	dici	NO MATCH	99301	Tense#Pres|VerbForm#Inf|Voice#Pass
005.SCG*LB1.CP-7++8.N.-2.4-6.6-3W1	dicitur	NO MATCH	99301	Mood#Ind|Number#Sing|Person#3|Tense#Pres|VerbForm#Fin|Voice#Pass
005.SCG*LB4.CP-6++3.N.-6.9-4.11-4W4	praedicta	NO MATCH	118832	Aspect#Perf|Case#Abl|Degree#Pos|Gender#Fem|Number#Sing|Tense#Past|VerbForm#Part|Voice#Pass
005.SCG*LB4.CP-8++3.N.18.1-1.4-3W4	dicendum	NO MATCH	99301	Aspect#Perf|Case#Nom|Degree#Pos|Gender#Neut|Number#Sing|VerbForm#Gdv|Voice#Pass
005.SCG*LB3.CP16++2.N.-7.3-5.6-6W1	dicitur	NO MATCH	99301	Mood#Ind|Number#Sing|Person#3|Tense#Pres|VerbForm#Fin|Voice#Pass
005.SCG*LB4.CP-2++4.N.-8.73-8.76-5W4	dicere	NO MATCH	99301	Aspect#Imp|Tense#Pres|VerbForm#Inf|Voice#Act
005.SCG*LB3.CP-9++3.N.-6.4-1.9-4W41	subiicientes	NO MATCH	126114	Case#Nom|Degree#Pos|Gender#Masc|Number#Plur|Tense#Pres|VerbForm#Part|Voice#Act
005.SCG*LB1.CP-2++9.N.-5.1-1.3-4W6	dicitur	NO MATCH	99301	Mood#Ind|Number#Sing|Person#3|Tense#Pres|VerbForm#Fin|Voice#Pass
005.SCG*LB3.CP14++7.N.-4.4-2.7-2W26	fit	NO MATCH	102758	Mood#Ind|Number#Sing|Person#3|Tense#Pres|VerbForm#Fin|Voice#Pass
005.SCG*LB3.CP-4++2.N.-7.5-2.7-1W6	dicitur	NO MATCH	99301	Mood#Ind|Number#Sing|Person#3|Tense#Pres|VerbForm#Fin|Voice#Pass
005.SCG*LB2.CP-7++3.N.30.9-1.13-7W3	dici	NO MATCH	99301	Tense#Pres|VerbForm#Inf|Voice#Pass
005.SCG*LB3.CP-4++7.N.-6.20-1.24-5W15	dicit	NO MATCH	99301	Mood#Ind|Number#Sing|Person#3|Tense#Pres|VerbForm#Fin|Voice#Act
005.SCG*LB3.CP15++6.N.-9.1-1.4-4W9	dixerunt	NO MATCH	99301	Aspect#Perf|Mood#Ind|Number#Plur|Person#3|Tense#Past|VerbForm#Fin|Voice#Act
005.SCG*LB3.CP15++4.N.15.12-5.17-5W37	fieri	NO MATCH	102758	Tense#Pres|VerbForm#Inf|Voice#Pass
005.SCG*LB3.CP-8++1.N.-6.29-7.33-1W3	consilians	NO MATCH	96058	Case#Nom|Degree#Pos|Gender#Masc|Number#Sing|Tense#Pres|VerbForm#Part|Voice#Pass
005.SCG*LB1.CP-2++5.N.10.9-3.10-8W1	dicitur	NO MATCH	99301	Mood#Ind|Number#Sing|Person#3|Tense#Pres|VerbForm#Fin|Voice#Pass
005.SCG*LB4.CP-7++1.N.-8.16-1.16-4W1	dicitur	NO MATCH	99301	Aspect#Imp|Mood#Ind|Number#Sing|Person#3|Tense#Pres|VerbForm#Fin|Voice#Pass
005.SCG*LB4.CP-8++3.N.19.21-7.23-3W6	dicere	NO MATCH	99301	Aspect#Imp|Tense#Pres|VerbForm#Inf|Voice#Act
005.SCG*LB2.CP-4++3.N.-9.5-4.9-1W28	dicuntur	NO MATCH	99301	Mood#Ind|Number#Plur|Person#3|Tense#Pres|VerbForm#Fin|Voice#Pass
005.SCG*LB1.CP-2++6.N.-4.6-5.9-8W27	necesse-esse	NO MATCH	126689	Tense#Pres|VerbForm#Inf|Voice#Act
005.SCG*LB4.CP-1++7.N.11.11-6.12-3W6	dicit	NO MATCH	99301	Aspect#Imp|Mood#Ind|Number#Sing|Person#3|Tense#Pres|VerbForm#Fin|Voice#Act
005.SCG*LB3.CP13++8.N.-7.3-5.5-6W5	eminentior	NO MATCH	100978	Case#Nom|Degree#Cmp|Gender#Masc|Number#Sing|Tense#Pres|VerbForm#Part|Voice#Act
005.SCG*LB4.CP-2++1.N.-3.6-5.8-8W16	dicitur	NO MATCH	99301	Aspect#Imp|Mood#Ind|Number#Sing|Person#3|Tense#Pres|VerbForm#Fin|Voice#Pass
005.SCG*LB1.CP-2++0.N.-8.4-1.7-2W21	dictis	NO MATCH	99301	Aspect#Perf|Case#Abl|Degree#Pos|Gender#Neut|Number#Plur|Tense#Past|VerbForm#Part|Voice#Pass
005.SCG*LB4.CP-8++3.N.14.5-5.7-7W18	dictum	NO MATCH	99301	Aspect#Perf|Case#Nom|Degree#Pos|Gender#Neut|Number#Sing|Tense#Past|VerbForm#Part|Voice#Pass
005.SCG*LB3.CP16++2.N.-6.6-1.7-1W6	dicat	NO MATCH	99301	Mood#Sub|Number#Sing|Person#3|Tense#Pres|VerbForm#Fin|Voice#Act
005.SCG*LB3.CP-8++0.N.-6.3-2.4-3W3	dicuntur	NO MATCH	99301	Mood#Ind|Number#Plur|Person#3|Tense#Pres|VerbForm#Fin|Voice#Pass
005.SCG*LB3.CP13++5.N.16.10-2.11-9W7	fit	NO MATCH	102758	Mood#Ind|Number#Sing|Person#3|Tense#Pres|VerbForm#Fin|Voice#Pass
005.SCG*LB4.CP-9++7.N.-7.1-1.6-1W28	dictis	NO MATCH	99301	Aspect#Perf|Case#Abl|Degree#Pos|Gender#Neut|Number#Plur|Tense#Past|VerbForm#Part|Voice#Pass
005.SCG*LB2.CP-9++8.N.13.5-5.7-7W11	dicitur	NO MATCH	99301	Mood#Ind|Number#Sing|Person#3|Tense#Pres|VerbForm#Fin|Voice#Pass
005.SCG*LB4.CP-3++4.N.-2.4-1.10-6W1	dixerunt	NO MATCH	99301	Aspect#Perf|Mood#Ind|Number#Plur|Person#3|Tense#Past|VerbForm#Fin|Voice#Act
005.SCG*LB4.CP-3++5.N.-4.12-6.14-4W4	dici	NO MATCH	99301	Aspect#Imp|Tense#Pres|VerbForm#Inf|Voice#Pass
005.SCG*LB1.CP-7++2.N.-2.6-1.6-5W3	dicitur	NO MATCH	99301	Mood#Ind|Number#Sing|Person#3|Tense#Pres|VerbForm#Fin|Voice#Pass
005.SCG*LB4.CP-5++0.N.-3.24-2.28-1W26	dicta	NO MATCH	99301	Aspect#Perf|Case#Nom|Degree#Pos|Gender#Neut|Number#Plur|Tense#Past|VerbForm#Part|Voice#Pass
005.SCG*LB4.CP--++3.N.-2.10-1.10-4W4	dicitur	NO MATCH	99301	Aspect#Imp|Mood#Ind|Number#Sing|Person#3|Tense#Pres|VerbForm#Fin|Voice#Pass
005.SCG*LB4.CP-7++8.N.-1.7-1.10-5W17	fieri	NO MATCH	102758	Aspect#Imp|Tense#Pres|VerbForm#Inf|Voice#Pass
005.SCG*LB3.CP-5++4.N.-7.2-5.6-1W11	praedicto	NO MATCH	118832	Aspect#Perf|Case#Abl|Degree#Pos|Gender#Neut|Number#Sing|Tense#Past|VerbForm#Part|Voice#Pass
005.SCG*LB2.CP-5++7.N.-2.1-1.5-8W25	dicens	NO MATCH	99301	Case#Nom|Degree#Pos|Gender#Masc|Number#Sing|Tense#Pres|VerbForm#Part|Voice#Act
005.SCG*LB2.CP-5++8.N.-4.28-2.29-6W3	praedictae	NO MATCH	118832	Aspect#Perf|Case#Nom|Degree#Pos|Gender#Fem|Number#Plur|Tense#Past|VerbForm#Part|Voice#Pass
005.SCG*LB4.CP-7++6.N.-6.1-1.2-1W6	dicitur	NO MATCH	99301	Aspect#Imp|Mood#Ind|Number#Sing|Person#3|Tense#Pres|VerbForm#Fin|Voice#Pass
005.SCG*LB4.CP--++4.N.11.5-3.8-4W4	dicat	NO MATCH	99301	Aspect#Imp|Mood#Sub|Number#Sing|Person#3|Tense#Pres|VerbForm#Fin|Voice#Act
005.SCG*LB4.CP--++3.N.-2.6-3.7-5W5	dicatur	NO MATCH	99301	Aspect#Imp|Mood#Sub|Number#Sing|Person#3|Tense#Pres|VerbForm#Fin|Voice#Pass
005.SCG*LB2.CP-9++2.N.-3.5-6.9-4W16	dicit	NO MATCH	99301	Mood#Ind|Number#Sing|Person#3|Tense#Pres|VerbForm#Fin|Voice#Act
005.SCG*LB2.CP-3++7.N.-2.56-1.60-1W15	dicamus	NO MATCH	99301	Mood#Sub|Number#Plur|Person#1|Tense#Pres|VerbForm#Fin|Voice#Act
005.SCG*LB4.CP--++1.N.11.22-4.23-8W1	dicitur	NO MATCH	99301	Aspect#Imp|Mood#Ind|Number#Sing|Person#3|Tense#Pres|VerbForm#Fin|Voice#Pass
005.SCG*LB3.CP-2++1.N.-7.11-3.12-4W4	dicit	NO MATCH	99301	Mood#Ind|Number#Sing|Person#3|Tense#Pres|VerbForm#Fin|Voice#Act
005.SCG*LB4.CP-7++9.N.-8.2-4.3-1W1	dicit	NO MATCH	99301	Aspect#Imp|Mood#Ind|Number#Sing|Person#3|Tense#Pres|VerbForm#Fin|Voice#Act
005.SCG*LB4.CP-6++9.N.-5.7-1.11-4W5	dicitur	NO MATCH	99301	Aspect#Imp|Mood#Ind|Number#Sing|Person#3|Tense#Pres|VerbForm#Fin|Voice#Pass
005.SCG*LB4.CP-2++9.N.12.8-7.10-2W6	dicuntur	NO MATCH	99301	Aspect#Imp|Mood#Ind|Number#Plur|Person#3|Tense#Pres|VerbForm#Fin|Voice#Pass
005.SCG*LB3.CP12++7.N.-5.3-2.3-6W5	dicitur	NO MATCH	99301	Mood#Ind|Number#Sing|Person#3|Tense#Pres|VerbForm#Fin|Voice#Pass
005.SCG*LB2.CP-8++3.N.22.5-7.6-5W6	fieret	NO MATCH	102758	Aspect#Imp|Mood#Sub|Number#Sing|Person#3|Tense#Imp|VerbForm#Fin|Voice#Pass
005.SCG*LB4.CP-6++4.N.-3.10-5.13-6W22	converso	NO MATCH	96446	Case#Abl|Gender#Neut|Number#Sing
005.SCG*LB3.CP14++6.N.-7.12-3.14-4W16	dicitur	NO MATCH	99301	Mood#Ind|Number#Sing|Person#3|Tense#Pres|VerbForm#Fin|Voice#Pass
005.SCG*LB3.CP-9++5.N.16.21-1.23-4W4	dicebant	NO MATCH	99301	Aspect#Imp|Mood#Ind|Number#Plur|Person#3|Tense#Imp|VerbForm#Fin|Voice#Act
005.SCG*LB3.CP13++8.N.-4.10-2.12-6W16	praedicta	NO MATCH	118832	Aspect#Perf|Case#Nom|Degree#Pos|Gender#Fem|Number#Sing|Tense#Past|VerbForm#Part|Voice#Pass
005.SCG*LB3.CP-5++9.N.-1.1-1.8-1W16	dictis	NO MATCH	99301	Aspect#Perf|Case#Abl|Degree#Pos|Gender#Neut|Number#Plur|Tense#Past|VerbForm#Part|Voice#Pass
005.SCG*LB2.CP-9++9.N.-1.1-1.4-3W2	dictas	NO MATCH	99301	Aspect#Perf|Case#Acc|Degree#Pos|Gender#Fem|Number#Plur|Tense#Past|VerbForm#Part|Voice#Pass
005.SCG*LB4.CP-2++3.N.11.10-3.13-6W14	dicitur	NO MATCH	99301	Aspect#Imp|Mood#Ind|Number#Sing|Person#3|Tense#Pres|VerbForm#Fin|Voice#Pass
005.SCG*LB3.CP13++6.N.16.5-3.6-4W7	praedictis	NO MATCH	118832	Aspect#Perf|Case#Abl|Degree#Pos|Gender#Neut|Number#Plur|Tense#Past|VerbForm#Part|Voice#Pass
005.SCG*LB2.CP-2++5.N.24.17-1.19-1W4	divise	NO MATCH	99932	Degree#Pos
005.SCG*LB4.CP-2++1.N.-1.1-1.5-6W30	dicitur	NO MATCH	99301	Aspect#Imp|Mood#Ind|Number#Sing|Person#3|Tense#Pres|VerbForm#Fin|Voice#Pass
005.SCG*LB4.CP-5++0.N.-3.1-1.4-3W20	praecepitque	NO MATCH	118735	Aspect#Perf|Mood#Ind|Number#Sing|Person#3|Tense#Past|VerbForm#Fin|Voice#Act
005.SCG*LB1.CP-8++2.N.-9.15-5.25-7W24	dicitur	NO MATCH	99301	Mood#Ind|Number#Sing|Person#3|Tense#Pres|VerbForm#Fin|Voice#Pass
005.SCG*LB1.CP-7++6.N.-2.5-5.10-4W16	voliti	NO MATCH	130745	Aspect#Perf|Case#Gen|Degree#Pos|Gender#Neut|Number#Sing|Tense#Past|VerbForm#Part|VerbType#Mod|Voice#Pass
005.SCG*LB1.CP-7++0.N.-3.15-5.19-1W18	dicatur	NO MATCH	99301	Mood#Sub|Number#Sing|Person#3|Tense#Pres|VerbForm#Fin|Voice#Pass
005.SCG*LB3.CP15++2.N.-4.1-2.7-2W34	fiant	NO MATCH	102758	Mood#Sub|Number#Plur|Person#3|Tense#Pres|VerbForm#Fin|Voice#Pass
005.SCG*LB4.CP-4++1.N.-2.1-1.11-1W30	dicitur	NO MATCH	99301	Aspect#Imp|Mood#Ind|Number#Sing|Person#3|Tense#Pres|VerbForm#Fin|Voice#Pass
005.SCG*LB4.CP--++7.N.-5.14-3.17-1W5	dicitur	NO MATCH	99301	Aspect#Imp|Mood#Ind|Number#Sing|Person#3|Tense#Pres|VerbForm#Fin|Voice#Pass
005.SCG*LB4.CP-7++6.N.-6.4-1.4-5W3	dicit	NO MATCH	99301	Aspect#Imp|Mood#Ind|Number#Sing|Person#3|Tense#Pres|VerbForm#Fin|Voice#Act
005.SCG*LB4.CP-1++7.N.19.14-2.16-4W8	dicitur	NO MATCH	99301	Aspect#Imp|Mood#Ind|Number#Sing|Person#3|Tense#Pres|VerbForm#Fin|Voice#Pass
005.SCG*LB4.CP-1++5.N.-1.4-2.5-2W1	dicit	NO MATCH	99301	Aspect#Imp|Mood#Ind|Number#Sing|Person#3|Tense#Pres|VerbForm#Fin|Voice#Act
005.SCG*LB3.CP-4++4.N.-5.1-1.4-5W11	praedicti	NO MATCH	118832	Aspect#Perf|Case#Nom|Degree#Pos|Gender#Masc|Number#Plur|Tense#Past|VerbForm#Part|Voice#Pass
005.SCG*LB2.CP-8++3.N.17.9-5.12-1W10	fieri	NO MATCH	102758	Tense#Pres|VerbForm#Inf|Voice#Pass
005.SCG*LB3.CP-5++9.N.-7.33-1.33-6W4	dicitur	NO MATCH	99301	Mood#Ind|Number#Sing|Person#3|Tense#Pres|VerbForm#Fin|Voice#Pass
005.SCG*LB4.CP--++6.N.13.1-2.2-6W2	dicit	NO MATCH	99301	Aspect#Imp|Mood#Ind|Number#Sing|Person#3|Tense#Pres|VerbForm#Fin|Voice#Act
005.SCG*LB3.CP-4++2.N.-5.5-1.6-5W5	fieri	NO MATCH	102758	Tense#Pres|VerbForm#Inf|Voice#Pass
005.SCG*LB4.CP--++5.N.-8.1-1.6-3W3	dici	NO MATCH	99301	Aspect#Imp|Tense#Pres|VerbForm#Inf|Voice#Pass
005.SCG*LB1.CP-4++2.N.-9.36-5.39-2W6	praedictis	NO MATCH	118832	Aspect#Perf|Case#Dat|Degree#Pos|Gender#Neut|Number#Plur|Tense#Past|VerbForm#Part|Voice#Pass
005.SCG*LB1.CP-6++6.N.-8.5-1.9-1W18	coexistit	NO MATCH	94708	Mood#Ind|Number#Sing|Person#3|Tense#Pres|VerbForm#Fin|Voice#Act
005.SCG*LB2.CP-6++2.N.10.5-1.11-1W8	fiat	NO MATCH	102758	Mood#Sub|Number#Sing|Person#3|Tense#Pres|VerbForm#Fin|Voice#Pass
005.SCG*LB2.CP-6++2.N.10.1-1.4-6W3	dicatur	NO MATCH	99301	Mood#Sub|Number#Sing|Person#3|Tense#Pres|VerbForm#Fin|Voice#Pass
005.SCG*LB4.CP--++1.N.-4.1-1.2-5W1	praedicti	NO MATCH	118832	Aspect#Perf|Case#Gen|Degree#Pos|Gender#Masc|Number#Sing|Tense#Past|VerbForm#Part|Voice#Pass
005.SCG*LB3.CP14++1.N.-7.6-2.9-1W2	consequenter	NO MATCH	96035	Degree#Pos
005.SCG*LB2.CP-4++7.N.-4.4-3.6-1W10	consequentis	NO MATCH	96035	Case#Gen|Degree#Pos|Gender#Fem|Number#Sing|Tense#Pres|VerbForm#Part|Voice#Pass
005.SCG*LB4.CP-8++3.N.15.5-7.10-4W15	fieri	NO MATCH	102758	Aspect#Imp|Tense#Pres|VerbForm#Inf|Voice#Pass
005.SCG*LB3.CP--++2.N.-2.3-6.7-6W3	adipiscens	NO MATCH	87476	Case#Nom|Degree#Pos|Gender#Neut|Number#Sing|Tense#Pres|VerbForm#Part|Voice#Pass
005.SCG*LB4.CP-3++4.N.-5.13-5.16-2W5	dici	NO MATCH	99301	Aspect#Imp|Tense#Pres|VerbForm#Inf|Voice#Pass
005.SCG*LB3.CP14++0.N.-7.3-2.9-3W1	convenientissime	NO MATCH	96424	Degree#Abs
005.SCG*LB3.CP-4++3.N.-4.9-2.12-7W13	dicat	NO MATCH	99301	Mood#Sub|Number#Sing|Person#3|Tense#Pres|VerbForm#Fin|Voice#Act
005.SCG*LB3.CP-5++5.N.-2.1-1.4-5W3	praedictum	NO MATCH	118832	Aspect#Perf|Case#Nom|Degree#Pos|Gender#Neut|Number#Sing|Tense#Past|VerbForm#Part|Voice#Pass
005.SCG*LB4.CP-2++1.N.-2.34-6.35-4W3	dicit	NO MATCH	99301	Aspect#Imp|Mood#Ind|Number#Sing|Person#3|Tense#Pres|VerbForm#Fin|Voice#Act
005.SCG*LB4.CP-1++3.N.-5.11-1.13-3W1	dictum	NO MATCH	99301	Aspect#Perf|Case#Nom|Degree#Pos|Gender#Neut|Number#Sing|Tense#Past|VerbForm#Part|Voice#Pass
005.SCG*LB4.CP-1++3.N.-1.11-2.11-5W4	dicitur	NO MATCH	99301	Aspect#Imp|Mood#Ind|Number#Sing|Person#3|Tense#Pres|VerbForm#Fin|Voice#Pass
005.SCG*LB4.CP-1++7.N.12.5-5.6-5W1	dicitur	NO MATCH	99301	Aspect#Imp|Mood#Ind|Number#Sing|Person#3|Tense#Pres|VerbForm#Fin|Voice#Pass
005.SCG*LB3.CP--++5.N.-2.3-7.6-5W3	fieri	NO MATCH	102758	Tense#Pres|VerbForm#Inf|Voice#Pass
005.SCG*LB3.CP-4++6.N.-1.1-1.4-1W6	praedicta	NO MATCH	118832	Aspect#Perf|Case#Acc|Degree#Pos|Gender#Neut|Number#Plur|Tense#Past|VerbForm#Part|Voice#Pass
005.SCG*LB2.CP-2++1.N.10.1-2.9-1W4	fit	NO MATCH	102758	Mood#Ind|Number#Sing|Person#3|Tense#Pres|VerbForm#Fin|Voice#Pass
005.SCG*LB4.CP-3++9.N.-1.14-4.18-8W33	dicantur	NO MATCH	99301	Aspect#Imp|Mood#Sub|Number#Plur|Person#3|Tense#Pres|VerbForm#Fin|Voice#Pass
005.SCG*LB3.CP14++8.N.-1.1-1.5-6W20	dictum	NO MATCH	99301	Aspect#Perf|Case#Nom|Degree#Pos|Gender#Neut|Number#Sing|Tense#Past|VerbForm#Part|Voice#Pass
005.SCG*LB4.CP-5++0.N.10.1-1.8-3W31	dicat	NO MATCH	99301	Aspect#Imp|Mood#Sub|Number#Sing|Person#3|Tense#Pres|VerbForm#Fin|Voice#Act
005.SCG*LB4.CP--++4.N.13.10-5.13-3W20	dicuntur	NO MATCH	99301	Aspect#Imp|Mood#Ind|Number#Plur|Person#3|Tense#Pres|VerbForm#Fin|Voice#Pass
005.SCG*LB2.CP-5++6.N.-7.6-7.7-5W3	dicitur	NO MATCH	99301	Mood#Ind|Number#Sing|Person#3|Tense#Pres|VerbForm#Fin|Voice#Pass
005.SCG*LB3.CP10++0.N.-2.14-1.16-5W5	fit	NO MATCH	102758	Mood#Ind|Number#Sing|Person#3|Tense#Pres|VerbForm#Fin|Voice#Pass
005.SCG*LB4.CP-4++7.N.-3.1-1.2-6W10	diceretur	NO MATCH	99301	Aspect#Imp|Mood#Sub|Number#Sing|Person#3|Tense#Imp|VerbForm#Fin|Voice#Pass
005.SCG*LB3.CP-4++9.N.10.11-3.15-2W18	consequens	NO MATCH	96035	Case#Acc|Degree#Pos|Gender#Neut|Number#Sing|Tense#Pres|VerbForm#Part|Voice#Pass
005.SCG*LB3.CP15++4.N.17.8-1.14-1W42	dicit	NO MATCH	99301	Mood#Ind|Number#Sing|Person#3|Tense#Pres|VerbForm#Fin|Voice#Act
005.SCG*LB3.CP10++4.N.-2.10-3.12-7W16	fieri	NO MATCH	102758	Tense#Pres|VerbForm#Inf|Voice#Pass
005.SCG*LB3.CP12++5.N.-2.1-1.7-1W22	convenienter	NO MATCH	96424	Degree#Pos
005.SCG*LB4.CP--++8.N.-3.22-4.24-1W3	dicat	NO MATCH	99301	Aspect#Imp|Mood#Sub|Number#Sing|Person#3|Tense#Pres|VerbForm#Fin|Voice#Act
005.SCG*LB3.CP-4++8.N.-9.1-1.7-3W4	dicere	NO MATCH	99301	Tense#Pres|VerbForm#Inf|Voice#Act
005.SCG*LB2.CP--++9.N.-4.1-2.3-1W13	ens	NO MATCH	126689	Case#Nom|Degree#Pos|Gender#Neut|Number#Sing|Tense#Pres|VerbForm#Part|Voice#Act
005.SCG*LB4.CP-1++7.N.23.4-6.6-6W10	dicit	NO MATCH	99301	Aspect#Imp|Mood#Ind|Number#Sing|Person#3|Tense#Pres|VerbForm#Fin|Voice#Act
005.SCG*LB3.CP-4++7.N.-4.12-1.12-5W5	dicit	NO MATCH	99301	Mood#Ind|Number#Sing|Person#3|Tense#Pres|VerbForm#Fin|Voice#Act
005.SCG*LB1.CP-9++7.N.-4.1-2.3-2W5	essendi	NO MATCH	126689	Case#Gen|Degree#Pos|Number#Sing|VerbForm#Ger|Voice#Act
005.SCG*LB4.CP-5++9.N.-2.1-1.5-6W24	fit	NO MATCH	102758	Aspect#Imp|Mood#Ind|Number#Sing|Person#3|Tense#Pres|VerbForm#Fin|Voice#Pass
005.SCG*LB4.CP-4++5.N.-6.1-1.7-1W4	dicat	NO MATCH	99301	Aspect#Imp|Mood#Sub|Number#Sing|Person#3|Tense#Pres|VerbForm#Fin|Voice#Act
005.SCG*LB2.CP-1++2.N.-2.5-3.9-6W17	dicit	NO MATCH	99301	Mood#Ind|Number#Sing|Person#3|Tense#Pres|VerbForm#Fin|Voice#Act
005.SCG*LB4.CP-9++1.N.-3.8-1.8-5W6	dicitur	NO MATCH	99301	Aspect#Imp|Mood#Ind|Number#Sing|Person#3|Tense#Pres|VerbForm#Fin|Voice#Pass
005.SCG*LB3.CP-6++3.N.-3.39-1.42-2W23	fiunt	NO MATCH	102758	Mood#Ind|Number#Plur|Person#3|Tense#Pres|VerbForm#Fin|Voice#Pass
005.SCG*LB4.CP-3++4.N.28.5-6.10-7W29	dici	NO MATCH	99301	Aspect#Imp|Tense#Pres|VerbForm#Inf|Voice#Pass
005.SCG*LB4.CP--++7.N.13.3-1.3-4W1	dicitur	NO MATCH	99301	Aspect#Imp|Mood#Ind|Number#Sing|Person#3|Tense#Pres|VerbForm#Fin|Voice#Pass
005.SCG*LB4.CP-4++0.N.-3.4-5.7-2W6	fiat	NO MATCH	102758	Aspect#Imp|Mood#Sub|Number#Sing|Person#3|Tense#Pres|VerbForm#Fin|Voice#Pass
005.SCG*LB4.CP-1++7.N.14.4-1.5-7W16	dicens	NO MATCH	99301	Aspect#Imp|Case#Nom|Degree#Pos|Gender#Masc|Number#Sing|Tense#Pres|VerbForm#Part|Voice#Act
005.SCG*LB3.CP--++3.N.11.3-3.5-3W11	dicit	NO MATCH	99301	Mood#Ind|Number#Sing|Person#3|Tense#Pres|VerbForm#Fin|Voice#Act
005.SCG*LB3.CP-2++0.N.-1.1-1.3-2W6	dicta	NO MATCH	99301	Aspect#Perf|Case#Nom|Degree#Pos|Gender#Neut|Number#Plur|Tense#Past|VerbForm#Part|Voice#Pass
005.SCG*LB1.CP-5++4.N.-4.6-6.9-7W11	disiunctim	NO MATCH	99695	Degree#Pos
005.SCG*LB4.CP-3++0.N.-1.13-3.13-7W5	dicit	NO MATCH	99301	Aspect#Imp|Mood#Ind|Number#Sing|Person#3|Tense#Pres|VerbForm#Fin|Voice#Act
005.SCG*LB2.CP-5++4.N.-3.5-8.7-5W5	dici	NO MATCH	99301	Tense#Pres|VerbForm#Inf|Voice#Pass
005.SCG*LB3.CP-2++6.N.16.1-2.7-1W31	dicitur	NO MATCH	99301	Mood#Ind|Number#Sing|Person#3|Tense#Pres|VerbForm#Fin|Voice#Pass
005.SCG*LB2.CP-2++0.N.-3.12-2.13-6W3	fit	NO MATCH	102758	Mood#Ind|Number#Sing|Person#3|Tense#Pres|VerbForm#Fin|Voice#Pass
005.SCG*LB3.CP-6++5.N.10.10-1.16-1W15	dicunt	NO MATCH	99301	Mood#Ind|Number#Plur|Person#3|Tense#Pres|VerbForm#Fin|Voice#Act
005.SCG*LB3.CP13++0.N.-6.1-1.3-2W5	praedicta	NO MATCH	118832	Aspect#Perf|Case#Nom|Degree#Pos|Gender#Neut|Number#Plur|Tense#Past|VerbForm#Part|Voice#Pass
005.SCG*LB4.CP-1++1.N.18.73-8.78-7W30	dicitur	NO MATCH	99301	Aspect#Imp|Mood#Ind|Number#Sing|Person#3|Tense#Pres|VerbForm#Fin|Voice#Pass
005.SCG*LB4.CP--++7.N.21.8-6.10-3W6	dicitur	NO MATCH	99301	Aspect#Imp|Mood#Ind|Number#Sing|Person#3|Tense#Pres|VerbForm#Fin|Voice#Pass
005.SCG*LB1.CP-9++1.N.12.18-1.21-1W3	dicitur	NO MATCH	99301	Mood#Ind|Number#Sing|Person#3|Tense#Pres|VerbForm#Fin|Voice#Pass
005.SCG*LB1.CP--++5.N.-7.1-1.1-5W3	dicitur	NO MATCH	99301	Mood#Ind|Number#Sing|Person#3|Tense#Pres|VerbForm#Fin|Voice#Pass
005.SCG*LB4.CP-5++2.N.-6.39-2.43-1W10	dicitur	NO MATCH	99301	Aspect#Imp|Mood#Ind|Number#Sing|Person#3|Tense#Pres|VerbForm#Fin|Voice#Pass
005.SCG*LB3.CP10++2.N.-5.31-5.34-3W6	fieri	NO MATCH	102758	Tense#Pres|VerbForm#Inf|Voice#Pass
005.SCG*LB1.CP-8++9.N.-3.1-2.5-1W10	puta	NO MATCH	120610	
005.SCG*LB2.CP-7++7.N.-4.1-1.7-1W34	dicuntur	NO MATCH	99301	Mood#Ind|Number#Plur|Person#3|Tense#Pres|VerbForm#Fin|Voice#Pass
005.SCG*LB3.CP-8++0.N.19.3-5.5-6W4	diximus	NO MATCH	99301	Aspect#Perf|Mood#Ind|Number#Plur|Person#1|Tense#Past|VerbForm#Fin|Voice#Act
005.SCG*LB4.CP-2++9.N.-7.15-1.18-1W8	dicit	NO MATCH	99301	Aspect#Imp|Mood#Ind|Number#Sing|Person#3|Tense#Pres|VerbForm#Fin|Voice#Act
005.SCG*LB4.CP-6++9.N.-2.11-4.12-5W5	dicit	NO MATCH	99301	Aspect#Imp|Mood#Ind|Number#Sing|Person#3|Tense#Pres|VerbForm#Fin|Voice#Act
005.SCG*LB3.CP14++4.N.-8.3-2.6-6W13	dicebant	NO MATCH	99301	Aspect#Imp|Mood#Ind|Number#Plur|Person#3|Tense#Imp|VerbForm#Fin|Voice#Act
005.SCG*LB4.CP-1++7.N.17.2-5.3-4W1	dicit	NO MATCH	99301	Aspect#Imp|Mood#Ind|Number#Sing|Person#3|Tense#Pres|VerbForm#Fin|Voice#Act
005.SCG*LB1.CP-2++0.N.31.1-1.3-6W4	dici	NO MATCH	99301	Tense#Pres|VerbForm#Inf|Voice#Pass
005.SCG*LB2.CP-6++1.N.-2.1-1.9-2W40	praedictus	NO MATCH	118832	Aspect#Perf|Case#Nom|Degree#Pos|Gender#Masc|Number#Sing|Tense#Past|VerbForm#Part|Voice#Pass
005.SCG*LB4.CP-4++1.N.-3.22-1.26-5W21	dicuntur	NO MATCH	99301	Aspect#Imp|Mood#Ind|Number#Plur|Person#3|Tense#Pres|VerbForm#Fin|Voice#Pass
005.SCG*LB2.CP--++2.N.-3.6-1.6-5W3	dicitur	NO MATCH	99301	Mood#Ind|Number#Sing|Person#3|Tense#Pres|VerbForm#Fin|Voice#Pass
005.SCG*LB3.CP-4++6.N.-7.2-1.3-5W1	dicit	NO MATCH	99301	Mood#Ind|Number#Sing|Person#3|Tense#Pres|VerbForm#Fin|Voice#Act
005.SCG*LB4.CP-6++3.N.12.7-6.9-3W9	praedictum	NO MATCH	118832	Aspect#Perf|Case#Acc|Degree#Pos|Gender#Masc|Number#Sing|Tense#Past|VerbForm#Part|Voice#Pass
005.SCG*LB3.CP-2++0.N.-5.14-1.15-4W4	dicitur	NO MATCH	99301	Mood#Ind|Number#Sing|Person#3|Tense#Pres|VerbForm#Fin|Voice#Pass
005.SCG*LB3.CP--++2.N.10.1-1.4-5W12	fieri	NO MATCH	102758	Tense#Pres|VerbForm#Inf|Voice#Pass
005.SCG*LB3.CP15++4.N.-9.12-1.15-2W3	dicit	NO MATCH	99301	Mood#Ind|Number#Sing|Person#3|Tense#Pres|VerbForm#Fin|Voice#Act
005.SCG*LB3.CP10++9.N.-9.28-2.32-1W3	fieri	NO MATCH	102758	Tense#Pres|VerbForm#Inf|Voice#Pass
005.SCG*LB3.CP15++4.N.16.10-1.13-1W8	fit	NO MATCH	102758	Mood#Ind|Number#Sing|Person#3|Tense#Pres|VerbForm#Fin|Voice#Pass
005.SCG*LB4.CP-5++5.N.13.26-4.27-3W4	dicit	NO MATCH	99301	Aspect#Imp|Mood#Ind|Number#Sing|Person#3|Tense#Pres|VerbForm#Fin|Voice#Act
005.SCG*LB2.CP-2++2.N.-3.6-2.8-4W19	dictis	NO MATCH	99301	Aspect#Perf|Case#Abl|Degree#Pos|Gender#Neut|Number#Plur|Tense#Past|VerbForm#Part|Voice#Pass
005.SCG*LB4.CP--++8.N.-9.4-8.9-3W4	dicit	NO MATCH	99301	Aspect#Imp|Mood#Ind|Number#Sing|Person#3|Tense#Pres|VerbForm#Fin|Voice#Act
005.SCG*LB4.CP-2++1.N.-4.9-6.12-4W10	convenienter	NO MATCH	96424	Degree#Pos
005.SCG*LB1.CP10++0.N.-4.11-1.14-3W9	actum	NO MATCH	88140	Case#Nom|Degree#Pos|Gender#Neut|Number#Sing|Tense#Pres|VerbForm#Part|Voice#Pass
005.SCG*LB1.CP-6++7.N.-7.7-5.9-5W10	contingenter	NO MATCH	93415	Degree#Pos
005.SCG*LB1.CP-6++7.N.-7.7-5.9-5W10	contingenter	NO MATCH	96293	Degree#Pos
005.SCG*LB4.CP-1++1.N.11.43-1.47-2W3	dicitur	NO MATCH	99301	Aspect#Imp|Mood#Ind|Number#Sing|Person#3|Tense#Pres|VerbForm#Fin|Voice#Pass
005.SCG*LB1.CP-4++7.N.-2.7-1.9-2W4	fit	NO MATCH	102758	Mood#Ind|Number#Sing|Person#3|Tense#Pres|VerbForm#Fin|Voice#Pass
005.SCG*LB1.CP-4++2.N.11.21-7.22-5W8	necesse-esse	NO MATCH	126689	Tense#Pres|VerbForm#Inf|Voice#Act
005.SCG*LB4.CP-9++7.N.-3.3-3.8-2W25	dicitur	NO MATCH	99301	Aspect#Imp|Mood#Ind|Number#Sing|Person#3|Tense#Pres|VerbForm#Fin|Voice#Pass
005.SCG*LB4.CP-7++6.N.-7.11-1.14-4W19	praedicta	NO MATCH	118832	Aspect#Perf|Case#Acc|Degree#Pos|Gender#Neut|Number#Plur|Tense#Past|VerbForm#Part|Voice#Pass
005.SCG*LB3.CP13++6.N.13.1-1.4-6W3	dicendum	NO MATCH	99301	Case#Nom|Degree#Pos|Gender#Neut|Number#Sing|VerbForm#Gdv|Voice#Pass
005.SCG*LB4.CP--++9.N.-6.9-1.13-5W4	dicitur	NO MATCH	99301	Aspect#Imp|Mood#Ind|Number#Sing|Person#3|Tense#Pres|VerbForm#Fin|Voice#Pass
005.SCG*LB4.CP-2++9.N.13.1-2.2-5W4	dicitur	NO MATCH	99301	Aspect#Imp|Mood#Ind|Number#Sing|Person#3|Tense#Pres|VerbForm#Fin|Voice#Pass
005.SCG*LB2.CP-3++2.N.-6.16-5.21-6W15	fiat	NO MATCH	102758	Mood#Sub|Number#Sing|Person#3|Tense#Pres|VerbForm#Fin|Voice#Pass
005.SCG*LB3.CP14++3.N.-4.4-5.6-2W10	convenienter	NO MATCH	96424	Degree#Pos
005.SCG*LB1.CP-7++4.N.-3.1-2.3-2W12	dictum	NO MATCH	99301	Aspect#Perf|Case#Nom|Degree#Pos|Gender#Neut|Number#Sing|Tense#Past|VerbForm#Part|Voice#Pass
005.SCG*LB1.CP-8++3.N.-3.5-4.8-1W15	volitum	NO MATCH	130745	Aspect#Perf|Case#Acc|Degree#Pos|Gender#Neut|Number#Sing|Tense#Past|VerbForm#Part|VerbType#Mod|Voice#Pass
005.SCG*LB2.CP-8++9.N.-9.15-5.17-1W9	consequentes	NO MATCH	96035	Case#Nom|Degree#Pos|Gender#Fem|Number#Plur|Tense#Pres|VerbForm#Part|Voice#Pass
005.SCG*LB1.CP-2++8.N.-9.22-1.26-2W11	fiendo	NO MATCH	102758	Case#Abl|Degree#Pos|Number#Sing|VerbForm#Ger|Voice#Pass
005.SCG*LB4.CP-1++1.N.14.9-2.13-4W23	exemplatum	NO MATCH	101974	Aspect#Perf|Case#Acc|Degree#Pos|Gender#Neut|Number#Sing|Tense#Past|VerbForm#Part|Voice#Pass
005.SCG*LB3.CP11++5.N.-6.1-1.2-1W4	dicitur	NO MATCH	99301	Mood#Ind|Number#Sing|Person#3|Tense#Pres|VerbForm#Fin|Voice#Pass
005.SCG*LB3.CP-9++5.N.17.8-5.10-6W18	dic	NO MATCH	99301	Mood#Imp|Number#Sing|Person#2|Tense#Pres|VerbForm#Fin|Voice#Act
005.SCG*LB4.CP-6++3.N.-8.1-1.6-4W24	fiat	NO MATCH	102758	Aspect#Imp|Mood#Sub|Number#Sing|Person#3|Tense#Pres|VerbForm#Fin|Voice#Pass
005.SCG*LB2.CP-6++2.N.-7.14-6.17-1W1	dicit	NO MATCH	99301	Mood#Ind|Number#Sing|Person#3|Tense#Pres|VerbForm#Fin|Voice#Act
005.SCG*LB2.CP-7++4.N.-7.10-2.11-2W3	dixit	NO MATCH	99301	Aspect#Perf|Mood#Ind|Number#Sing|Person#3|Tense#Past|VerbForm#Fin|Voice#Act
005.SCG*LB2.CP-7++8.N.11.9-4.10-8W5	fit	NO MATCH	102758	Mood#Ind|Number#Sing|Person#3|Tense#Pres|VerbForm#Fin|Voice#Pass
005.SCG*LB4.CP-1++7.N.19.4-3.7-2W6	fiunt	NO MATCH	102758	Aspect#Imp|Mood#Ind|Number#Plur|Person#3|Tense#Pres|VerbForm#Fin|Voice#Pass
005.SCG*LB1.CP-2++0.N.19.1-1.6-5W15	praedicto	NO MATCH	118832	Aspect#Perf|Case#Abl|Degree#Pos|Gender#Masc|Number#Sing|Tense#Past|VerbForm#Part|Voice#Pass
005.SCG*LB3.CP-8++3.N.-2.14-1.18-2W2	dicit	NO MATCH	99301	Mood#Ind|Number#Sing|Person#3|Tense#Pres|VerbForm#Fin|Voice#Act
005.SCG*LB2.CP-6++9.N.-5.1-1.4-4W17	dicitur	NO MATCH	99301	Mood#Ind|Number#Sing|Person#3|Tense#Pres|VerbForm#Fin|Voice#Pass
005.SCG*LB4.CP-8++4.N.-2.17-1.19-7W8	dicit	NO MATCH	99301	Aspect#Imp|Mood#Ind|Number#Sing|Person#3|Tense#Pres|VerbForm#Fin|Voice#Act
005.SCG*LB2.CP-2++8.N.-4.9-1.12-3W18	dictis	NO MATCH	99301	Aspect#Perf|Case#Abl|Degree#Pos|Gender#Neut|Number#Plur|Tense#Past|VerbForm#Part|Voice#Pass
005.SCG*LB3.CP-2++3.N.-7.7-1.10-1W20	orientem	NO MATCH	115264	Case#Acc|Degree#Pos|Gender#Masc|Number#Sing|Tense#Pres|VerbForm#Part|Voice#Pass
005.SCG*LB1.CP-9++2.N.-1.1-1.3-1W1	consequens	NO MATCH	96035	Case#Nom|Degree#Pos|Gender#Neut|Number#Sing|Tense#Pres|VerbForm#Part|Voice#Pass
005.SCG*LB4.CP-8++4.N.-9.1-1.3-2W5	praedictarum	NO MATCH	118832	Aspect#Perf|Case#Gen|Degree#Pos|Gender#Fem|Number#Plur|Tense#Past|VerbForm#Part|Voice#Pass
005.SCG*LB3.CP14++8.N.-6.5-2.7-5W9	dicimus	NO MATCH	99301	Mood#Ind|Number#Plur|Person#1|Tense#Pres|VerbForm#Fin|Voice#Act
005.SCG*LB3.CP-6++2.N.10.10-1.13-2W14	fiat	NO MATCH	102758	Mood#Sub|Number#Sing|Person#3|Tense#Pres|VerbForm#Fin|Voice#Pass
005.SCG*LB4.CP-1++7.N.11.10-1.11-5W6	praedixit	NO MATCH	118832	Aspect#Perf|Mood#Ind|Number#Sing|Person#3|Tense#Past|VerbForm#Fin|Voice#Act
005.SCG*LB2.CP-4++2.N.-8.8-5.12-4W4	dicere	NO MATCH	99301	Tense#Pres|VerbForm#Inf|Voice#Act
005.SCG*LB4.CP-4++0.N.-8.11-1.11-7W5	dici	NO MATCH	99301	Aspect#Imp|Tense#Pres|VerbForm#Inf|Voice#Pass
005.SCG*LB4.CP-8++3.N.20.8-2.10-4W16	incoepit	NO MATCH	106965	Aspect#Perf|Mood#Ind|Number#Sing|Person#3|Tense#Past|VerbForm#Fin|Voice#Act
005.SCG*LB3.CP14++1.N.-9.9-4.15-1W32	volitum	NO MATCH	130745	Aspect#Perf|Case#Nom|Degree#Pos|Gender#Neut|Number#Sing|Tense#Past|VerbForm#Part|VerbType#Mod|Voice#Pass
005.SCG*LB1.CP-1++3.N.34.12-6.13-1W3	dicimus	NO MATCH	99301	Mood#Ind|Number#Plur|Person#1|Tense#Pres|VerbForm#Fin|Voice#Act
005.SCG*LB1.CP-9++2.N.-2.1-1.2-6W8	dicitur	NO MATCH	99301	Mood#Ind|Number#Sing|Person#3|Tense#Pres|VerbForm#Fin|Voice#Pass
005.SCG*LB4.CP-9++6.N.-4.1-1.6-2W32	dictum	NO MATCH	99301	Aspect#Perf|Case#Nom|Degree#Pos|Gender#Neut|Number#Sing|Tense#Past|VerbForm#Part|Voice#Pass
005.SCG*LB4.CP-7++0.N.-4.2-4.3-5W2	dicit	NO MATCH	99301	Aspect#Imp|Mood#Ind|Number#Sing|Person#3|Tense#Pres|VerbForm#Fin|Voice#Act
005.SCG*LB2.CP--++3.N.-7.1-1.3-4W14	dicens	NO MATCH	99301	Case#Nom|Degree#Pos|Gender#Fem|Number#Sing|Tense#Pres|VerbForm#Part|Voice#Act
005.SCG*LB3.CP-4++3.N.10.15-3.19-2W17	fiat	NO MATCH	102758	Mood#Sub|Number#Sing|Person#3|Tense#Pres|VerbForm#Fin|Voice#Pass
005.SCG*LB4.CP-3++4.N.-2.29-1.33-2W17	dicantur	NO MATCH	99301	Aspect#Imp|Mood#Sub|Number#Plur|Person#3|Tense#Pres|VerbForm#Fin|Voice#Pass
005.SCG*LB4.CP-3++5.N.-4.23-1.24-3W3	dici	NO MATCH	99301	Aspect#Imp|Tense#Pres|VerbForm#Inf|Voice#Pass
005.SCG*LB3.CP15++0.N.-2.1-1.3-1W8	praedictum	NO MATCH	118832	Aspect#Perf|Case#Nom|Degree#Pos|Gender#Neut|Number#Sing|Tense#Past|VerbForm#Part|Voice#Pass
005.SCG*LB3.CP-5++8.N.-3.1-2.4-2W19	dictum	NO MATCH	99301	Aspect#Perf|Case#Nom|Degree#Pos|Gender#Neut|Number#Sing|Tense#Past|VerbForm#Part|Voice#Pass
005.SCG*LB4.CP-2++4.N.-1.1-1.3-6W10	dicentes	NO MATCH	99301	Aspect#Imp|Case#Nom|Degree#Pos|Gender#Masc|Number#Plur|Tense#Pres|VerbForm#Part|Voice#Act
005.SCG*LB4.CP-5++5.N.27.1-1.7-4W21	consequentes	NO MATCH	96035	Aspect#Imp|Case#Nom|Degree#Pos|Gender#Fem|Number#Plur|Tense#Pres|VerbForm#Part|Voice#Pass
005.SCG*LB4.CP-4++9.N.11.21-1.23-6W12	dicitur	NO MATCH	99301	Aspect#Imp|Mood#Ind|Number#Sing|Person#3|Tense#Pres|VerbForm#Fin|Voice#Pass
005.SCG*LB2.CP-2++1.N.-4.18-6.19-5W5	fit	NO MATCH	102758	Mood#Ind|Number#Sing|Person#3|Tense#Pres|VerbForm#Fin|Voice#Pass
005.SCG*LB4.CP--++8.N.-9.9-4.15-3W17	dicit	NO MATCH	99301	Aspect#Imp|Mood#Ind|Number#Sing|Person#3|Tense#Pres|VerbForm#Fin|Voice#Act
005.SCG*LB2.CP-8++3.N.18.12-5.15-1W10	dicere	NO MATCH	99301	Tense#Pres|VerbForm#Inf|Voice#Act
005.SCG*LB3.CP15++4.N.17.14-2.17-1W13	dicunt	NO MATCH	99301	Mood#Ind|Number#Plur|Person#3|Tense#Pres|VerbForm#Fin|Voice#Act
005.SCG*LB3.CP12++3.N.-3.1-1.2-4W6	praedicta	NO MATCH	118832	Aspect#Perf|Case#Nom|Degree#Pos|Gender#Fem|Number#Sing|Tense#Past|VerbForm#Part|Voice#Pass
005.SCG*LB4.CP-3++4.N.-3.4-2.7-5W4	praedicta	NO MATCH	118832	Aspect#Perf|Case#Acc|Degree#Pos|Gender#Neut|Number#Plur|Tense#Past|VerbForm#Part|Voice#Pass
005.SCG*LB4.CP-8++3.N.-6.34-1.39-1W35	dictis	NO MATCH	99301	Aspect#Perf|Case#Abl|Degree#Pos|Gender#Neut|Number#Plur|Tense#Past|VerbForm#Part|Voice#Pass
005.SCG*LB4.CP-1++3.N.-7.16-4.16-7W1	dixit	NO MATCH	99301	Aspect#Perf|Mood#Ind|Number#Sing|Person#3|Tense#Past|VerbForm#Fin|Voice#Act
005.SCG*LB4.CP-3++4.N.29.14-3.16-4W5	dicitur	NO MATCH	99301	Aspect#Imp|Mood#Ind|Number#Sing|Person#3|Tense#Pres|VerbForm#Fin|Voice#Pass
005.SCG*LB2.CP-3++9.N.-9.1-1.4-5W18	fiebant	NO MATCH	102758	Aspect#Imp|Mood#Ind|Number#Plur|Person#3|Tense#Imp|VerbForm#Fin|Voice#Pass
005.SCG*LB3.CP12++0.N.-4.5-2.8-6W7	dictum	NO MATCH	99301	Aspect#Perf|Case#Nom|Degree#Pos|Gender#Neut|Number#Sing|Tense#Past|VerbForm#Part|Voice#Pass
005.SCG*LB4.CP-2++1.N.-8.4-1.4-4W2	dicitur	NO MATCH	99301	Aspect#Imp|Mood#Ind|Number#Sing|Person#3|Tense#Pres|VerbForm#Fin|Voice#Pass
005.SCG*LB4.CP-1++2.N.-3.10-2.13-1W9	sapienter	NO MATCH	123386	Degree#Pos
005.SCG*LB3.CP--++5.N.-2.3-7.6-5W5	dicitur	NO MATCH	99301	Mood#Ind|Number#Sing|Person#3|Tense#Pres|VerbForm#Fin|Voice#Pass
005.SCG*LB3.CP15++3.N.-2.10-1.12-4W11	fit	NO MATCH	102758	Mood#Ind|Number#Sing|Person#3|Tense#Pres|VerbForm#Fin|Voice#Pass
005.SCG*LB4.CP-9++4.N.-1.1-1.8-1W29	dictum	NO MATCH	99301	Aspect#Perf|Case#Nom|Degree#Pos|Gender#Neut|Number#Sing|Tense#Past|VerbForm#Part|Voice#Pass
005.SCG*LB3.CP15++6.N.-3.9-5.13-4W8	subiecto	NO MATCH	126114	Case#Abl|Degree#Pos|Gender#Neut|Number#Sing
005.SCG*LB4.CP-1++7.N.10.1-2.1-4W3	dicitur	NO MATCH	99301	Aspect#Imp|Mood#Ind|Number#Sing|Person#3|Tense#Pres|VerbForm#Fin|Voice#Pass
005.SCG*LB4.CP-7++9.N.-3.3-3.5-4W1	dictum	NO MATCH	99301	Aspect#Perf|Case#Nom|Degree#Pos|Gender#Neut|Number#Sing|Tense#Past|VerbForm#Part|Voice#Pass
005.SCG*LB4.CP--++8.N.-7.39-1.41-1W7	dicatur	NO MATCH	99301	Aspect#Imp|Mood#Sub|Number#Sing|Person#3|Tense#Pres|VerbForm#Fin|Voice#Pass
005.SCG*LB2.CP-8++2.N.18.5-4.8-1W15	fiunt	NO MATCH	102758	Mood#Ind|Number#Plur|Person#3|Tense#Pres|VerbForm#Fin|Voice#Pass
005.SCG*LB3.CP-5++9.N.-6.13-1.17-4W24	fiebant	NO MATCH	102758	Aspect#Imp|Mood#Ind|Number#Plur|Person#3|Tense#Imp|VerbForm#Fin|Voice#Pass
005.SCG*LB3.CP14++6.N.-8.18-3.20-2W11	fieri	NO MATCH	102758	Tense#Pres|VerbForm#Inf|Voice#Pass
005.SCG*LB3.CP-4++1.N.-2.22-1.27-1W28	praedictum	NO MATCH	118832	Aspect#Perf|Case#Acc|Degree#Pos|Gender#Masc|Number#Sing|Tense#Past|VerbForm#Part|Voice#Pass
005.SCG*LB3.CP-8++5.N.-6.1-2.2-4W8	recte	NO MATCH	122542	Degree#Pos
005.SCG*LB1.CP-7++1.N.10.5-8.6-2W4	dicitur	NO MATCH	99301	Mood#Ind|Number#Sing|Person#3|Tense#Pres|VerbForm#Fin|Voice#Pass
005.SCG*LB1.CP-3++0.N.-3.1-1.4-3W4	praedictorum	NO MATCH	118832	Aspect#Perf|Case#Gen|Degree#Pos|Gender#Neut|Number#Plur|Tense#Past|VerbForm#Part|Voice#Pass
005.SCG*LB4.CP-6++9.N.-4.5-2.8-7W1	dicitur	NO MATCH	99301	Aspect#Imp|Mood#Ind|Number#Sing|Person#3|Tense#Pres|VerbForm#Fin|Voice#Pass
005.SCG*LB4.CP-1++9.N.--.1-1.2-5W8	dicuntur	NO MATCH	99301	Aspect#Imp|Mood#Ind|Number#Plur|Person#3|Tense#Pres|VerbForm#Fin|Voice#Pass
005.SCG*LB2.CP-6++7.N.-4.2-5.5-2W12	dicit	NO MATCH	99301	Mood#Ind|Number#Sing|Person#3|Tense#Pres|VerbForm#Fin|Voice#Act
005.SCG*LB1.CP-2++2.N.-7.6-7.7-6W8	dicuntur	NO MATCH	99301	Mood#Ind|Number#Plur|Person#3|Tense#Pres|VerbForm#Fin|Voice#Pass
005.SCG*LB3.CP15++4.N.11.5-1.8-5W17	dicuntur	NO MATCH	99301	Mood#Ind|Number#Plur|Person#3|Tense#Pres|VerbForm#Fin|Voice#Pass
005.SCG*LB3.CP-8++1.N.-5.4-1.7-4W21	dicit	NO MATCH	99301	Mood#Ind|Number#Sing|Person#3|Tense#Pres|VerbForm#Fin|Voice#Act
005.SCG*LB4.CP-2++4.N.-9.11-1.15-1W33	dicatur	NO MATCH	99301	Aspect#Imp|Mood#Sub|Number#Sing|Person#3|Tense#Pres|VerbForm#Fin|Voice#Pass
005.SCG*LB3.CP-2++6.N.15.17-3.18-6W10	concomitans	NO MATCH	95553	Case#Nom|Degree#Pos|Gender#Masc|Number#Sing|Tense#Pres|VerbForm#Part|Voice#Pass
005.SCG*LB2.CP-4++1.N.12.1-1.1-6W6	dicitur	NO MATCH	99301	Mood#Ind|Number#Sing|Person#3|Tense#Pres|VerbForm#Fin|Voice#Pass
005.SCG*LB2.CP-3++8.N.-9.7-1.9-4W21	orientis	NO MATCH	115264	Case#Gen|Degree#Pos|Gender#Masc|Number#Sing|Tense#Pres|VerbForm#Part|Voice#Pass
005.SCG*LB3.CP14++9.N.-6.1-1.1-6W4	dicitur	NO MATCH	99301	Mood#Ind|Number#Sing|Person#3|Tense#Pres|VerbForm#Fin|Voice#Pass
005.SCG*LB3.CP-2++2.N.-8.27-1.28-4W7	dicitur	NO MATCH	99301	Mood#Ind|Number#Sing|Person#3|Tense#Pres|VerbForm#Fin|Voice#Pass
005.SCG*LB2.CP-1++5.N.-2.23-1.26-7W26	essendi	NO MATCH	126689	Case#Gen|Degree#Pos|Number#Sing|VerbForm#Ger|Voice#Act
005.SCG*LB2.CP-5++7.N.14.5-3.6-5W5	fit	NO MATCH	102758	Mood#Ind|Number#Sing|Person#3|Tense#Pres|VerbForm#Fin|Voice#Pass
005.SCG*LB3.CP13++8.N.-8.8-6.13-2W11	intensius	NO MATCH	108382	Degree#Cmp
005.SCG*LB1.CP-4++2.N.11.19-5.21-6W4	necesse-esse	NO MATCH	126689	Tense#Pres|VerbForm#Inf|Voice#Act
005.SCG*LB2.CP-6++0.N.23.1-1.2-3W7	praedictam	NO MATCH	118832	Aspect#Perf|Case#Acc|Degree#Pos|Gender#Fem|Number#Sing|Tense#Past|VerbForm#Part|Voice#Pass
005.SCG*LB1.CP-3++4.N.-1.8-1.13-3W20	dicitur	NO MATCH	99301	Mood#Ind|Number#Sing|Person#3|Tense#Pres|VerbForm#Fin|Voice#Pass
005.SCG*LB4.CP-4++3.N.-1.1-1.5-2W13	dictis	NO MATCH	99301	Aspect#Perf|Case#Abl|Degree#Pos|Gender#Neut|Number#Plur|Tense#Past|VerbForm#Part|Voice#Pass
005.SCG*LB1.CP-6++6.N.-7.8-4.15-1W44	coexistit	NO MATCH	94708	Mood#Ind|Number#Sing|Person#3|Tense#Pres|VerbForm#Fin|Voice#Act
005.SCG*LB2.CP-4++9.N.10.5-5.8-3W1	dicitur	NO MATCH	99301	Mood#Ind|Number#Sing|Person#3|Tense#Pres|VerbForm#Fin|Voice#Pass
005.SCG*LB1.CP-3++1.N.-2.1-1.3-7W11	diximus	NO MATCH	99301	Aspect#Perf|Mood#Ind|Number#Plur|Person#1|Tense#Past|VerbForm#Fin|Voice#Act
005.SCG*LB4.CP-9++1.N.10.16-1.17-2W2	expressius	NO MATCH	102229	Degree#Cmp
005.SCG*LB1.CP-7++9.N.-7.6-5.8-3W7	consequens	NO MATCH	96035	Case#Nom|Degree#Pos|Gender#Fem|Number#Sing|Tense#Pres|VerbForm#Part|Voice#Pass
005.SCG*LB3.CP15++6.N.-3.1-2.4-1W7	subiecto	NO MATCH	126114	Case#Abl|Degree#Pos|Gender#Neut|Number#Sing
005.SCG*LB2.CP-1++5.N.-8.5-2.7-7W6	essendi	NO MATCH	126689	Case#Gen|Degree#Pos|Number#Sing|VerbForm#Ger|Voice#Act
005.SCG*LB4.CP-9++5.N.-3.5-5.7-6W3	dicit	NO MATCH	99301	Aspect#Imp|Mood#Ind|Number#Sing|Person#3|Tense#Pres|VerbForm#Fin|Voice#Act
005.SCG*LB4.CP-2++4.N.-2.6-1.10-4W5	dicere	NO MATCH	99301	Aspect#Imp|Tense#Pres|VerbForm#Inf|Voice#Act
005.SCG*LB3.CP12++0.N.20.1-2.4-1W13	praedictis	NO MATCH	118832	Aspect#Perf|Case#Dat|Degree#Pos|Gender#Fem|Number#Plur|Tense#Past|VerbForm#Part|Voice#Pass
005.SCG*LB3.CP-8++6.N.12.1-1.5-6W8	dicemus	NO MATCH	99301	Mood#Ind|Number#Plur|Person#1|Tense#Fut|VerbForm#Fin|Voice#Act
005.SCG*LB4.CP-1++2.N.-3.7-6.10-1W5	dictis	NO MATCH	99301	Aspect#Perf|Case#Abl|Degree#Pos|Gender#Neut|Number#Plur|Tense#Past|VerbForm#Part|Voice#Pass
005.SCG*LB3.CP11++0.N.-2.1-1.6-1W4	dicere	NO MATCH	99301	Tense#Pres|VerbForm#Inf|Voice#Act
005.SCG*LB3.CP--++8.N.-1.1-1.3-2W5	praedictae	NO MATCH	118832	Aspect#Perf|Case#Dat|Degree#Pos|Gender#Fem|Number#Sing|Tense#Past|VerbForm#Part|Voice#Pass
005.SCG*LB4.CP-2++5.N.-2.6-4.9-6W3	dicatur	NO MATCH	99301	Aspect#Imp|Mood#Sub|Number#Sing|Person#3|Tense#Pres|VerbForm#Fin|Voice#Pass
005.SCG*LB2.CP-2++0.N.-6.3-4.6-1W16	fiunt	NO MATCH	102758	Mood#Ind|Number#Plur|Person#3|Tense#Pres|VerbForm#Fin|Voice#Pass
005.SCG*LB4.CP-1++8.N.-7.1-1.4-4W8	dicens	NO MATCH	99301	Aspect#Imp|Case#Nom|Degree#Pos|Gender#Masc|Number#Sing|Tense#Pres|VerbForm#Part|Voice#Act
005.SCG*LB4.CP--++5.N.12.8-3.9-7W7	dicitur	NO MATCH	99301	Aspect#Imp|Mood#Ind|Number#Sing|Person#3|Tense#Pres|VerbForm#Fin|Voice#Pass
005.SCG*LB3.CP13++6.N.13.26-1.29-5W7	dicatur	NO MATCH	99301	Mood#Sub|Number#Sing|Person#3|Tense#Pres|VerbForm#Fin|Voice#Pass
005.SCG*LB4.CP-3++8.N.-1.19-5.25-7W11	dicunt	NO MATCH	99301	Aspect#Imp|Mood#Ind|Number#Plur|Person#3|Tense#Pres|VerbForm#Fin|Voice#Act
005.SCG*LB2.CP-3++0.N.-4.4-1.9-4W5	dicitur	NO MATCH	99301	Mood#Ind|Number#Sing|Person#3|Tense#Pres|VerbForm#Fin|Voice#Pass
005.SCG*LB1.CP-6++5.N.11.6-2.6-3W2	dicas	NO MATCH	99301	Mood#Sub|Number#Sing|Person#2|Tense#Pres|VerbForm#Fin|Voice#Act
005.SCG*LB4.CP-9++7.N.-1.10-5.13-5W5	dicit	NO MATCH	99301	Aspect#Imp|Mood#Ind|Number#Sing|Person#3|Tense#Pres|VerbForm#Fin|Voice#Act
005.SCG*LB4.CP-5++2.N.13.7-1.10-4W25	dicantur	NO MATCH	99301	Aspect#Imp|Mood#Sub|Number#Plur|Person#3|Tense#Pres|VerbForm#Fin|Voice#Pass
005.SCG*LB2.CP-2++1.N.-4.11-6.14-2W7	essendi	NO MATCH	126689	Case#Gen|Degree#Pos|Number#Sing|VerbForm#Ger|Voice#Act
005.SCG*LB2.CP-6++9.N.-9.4-3.12-5W45	dicit	NO MATCH	99301	Mood#Ind|Number#Sing|Person#3|Tense#Pres|VerbForm#Fin|Voice#Act
005.SCG*LB3.CP15++4.N.19.13-5.14-2W5	dicitur	NO MATCH	99301	Mood#Ind|Number#Sing|Person#3|Tense#Pres|VerbForm#Fin|Voice#Pass
005.SCG*LB2.CP-7++6.N.-9.3-2.10-1W5	fit	NO MATCH	102758	Mood#Ind|Number#Sing|Person#3|Tense#Pres|VerbForm#Fin|Voice#Pass
005.SCG*LB3.CP-8++1.N.-1.23-4.24-1W2	dicitur	NO MATCH	99301	Mood#Ind|Number#Sing|Person#3|Tense#Pres|VerbForm#Fin|Voice#Pass
005.SCG*LB3.CP15++8.N.-3.1-2.3-1W13	diligentius	NO MATCH	99463	Degree#Cmp
005.SCG*LB1.CP--++6.N.-4.1-1.7-1W28	praedixit	NO MATCH	118832	Aspect#Perf|Mood#Ind|Number#Sing|Person#3|Tense#Past|VerbForm#Fin|Voice#Act
005.SCG*LB4.CP-1++3.N.-9.16-7.17-4W6	dicit	NO MATCH	99301	Aspect#Imp|Mood#Ind|Number#Sing|Person#3|Tense#Pres|VerbForm#Fin|Voice#Act
005.SCG*LB4.CP-1++7.N.10.9-6.10-6W6	dic	NO MATCH	99301	Aspect#Imp|Mood#Imp|Number#Sing|Person#2|Tense#Pres|VerbForm#Fin|Voice#Act
005.SCG*LB3.CP-9++5.N.-2.6-1.12-5W31	consequens	NO MATCH	96035	Case#Nom|Degree#Pos|Gender#Neut|Number#Sing|Tense#Pres|VerbForm#Part|Voice#Pass
005.SCG*LB3.CP15++0.N.-2.4-6.5-6W8	dicitur	NO MATCH	99301	Mood#Ind|Number#Sing|Person#3|Tense#Pres|VerbForm#Fin|Voice#Pass
005.SCG*LB3.CP12++0.N.12.7-1.10-2W18	dicere	NO MATCH	99301	Tense#Pres|VerbForm#Inf|Voice#Act
005.SCG*LB2.CP-5++9.N.15.15-5.16-3W3	consequens	NO MATCH	96035	Case#Acc|Degree#Pos|Gender#Neut|Number#Sing|Tense#Pres|VerbForm#Part|Voice#Pass
005.SCG*LB3.CP12++7.N.-4.15-1.20-4W19	puta	NO MATCH	120610	
005.SCG*LB2.CP-5++9.N.16.8-2.10-5W1	fit	NO MATCH	102758	Mood#Ind|Number#Sing|Person#3|Tense#Pres|VerbForm#Fin|Voice#Pass
005.SCG*LB4.CP-8++6.N.-1.16-4.19-2W13	subiicietur	NO MATCH	126114	Aspect#Imp|Mood#Ind|Number#Sing|Person#3|Tense#Fut|VerbForm#Fin|Voice#Pass
005.SCG*LB3.CP-6++3.N.-3.18-1.20-1W13	fiunt	NO MATCH	102758	Mood#Ind|Number#Plur|Person#3|Tense#Pres|VerbForm#Fin|Voice#Pass
005.SCG*LB3.CP13++4.N.-6.9-5.12-5W6	abiicienda	NO MATCH	86884	Case#Nom|Degree#Pos|Gender#Fem|Number#Sing|VerbForm#Gdv|Voice#Pass
005.SCG*LB4.CP-3++7.N.-3.1-2.3-3W6	dicitur	NO MATCH	99301	Aspect#Imp|Mood#Ind|Number#Sing|Person#3|Tense#Pres|VerbForm#Fin|Voice#Pass
005.SCG*LB4.CP-7++2.N.10.7-3.11-1W4	dicuntur	NO MATCH	99301	Aspect#Imp|Mood#Ind|Number#Plur|Person#3|Tense#Pres|VerbForm#Fin|Voice#Pass
005.SCG*LB4.CP-8++1.N.10.1-1.7-6W38	dicitur	NO MATCH	99301	Aspect#Imp|Mood#Ind|Number#Sing|Person#3|Tense#Pres|VerbForm#Fin|Voice#Pass
005.SCG*LB3.CP-7++5.N.-4.9-3.11-2W11	dictis	NO MATCH	99301	Aspect#Perf|Case#Abl|Degree#Pos|Gender#Neut|Number#Plur|Tense#Past|VerbForm#Part|Voice#Pass
005.SCG*LB4.CP--++8.N.-5.1-1.5-5W8	dicitur	NO MATCH	99301	Aspect#Imp|Mood#Ind|Number#Sing|Person#3|Tense#Pres|VerbForm#Fin|Voice#Pass
005.SCG*LB4.CP-7++8.N.-2.13-1.16-7W25	dicitur	NO MATCH	99301	Aspect#Imp|Mood#Ind|Number#Sing|Person#3|Tense#Pres|VerbForm#Fin|Voice#Pass
005.SCG*LB3.CP-9++9.N.-9.1-1.7-3W4	dicat	NO MATCH	99301	Mood#Sub|Number#Sing|Person#3|Tense#Pres|VerbForm#Fin|Voice#Act
005.SCG*LB2.CP-8++4.N.-7.8-7.15-7W45	diceret	NO MATCH	99301	Aspect#Imp|Mood#Sub|Number#Sing|Person#3|Tense#Imp|VerbForm#Fin|Voice#Act
005.SCG*LB3.CP13++2.N.19.11-1.12-3W10	dicit	NO MATCH	99301	Mood#Ind|Number#Sing|Person#3|Tense#Pres|VerbForm#Fin|Voice#Act
005.SCG*LB3.CP10++2.N.-3.13-4.15-6W3	fit	NO MATCH	102758	Mood#Ind|Number#Sing|Person#3|Tense#Pres|VerbForm#Fin|Voice#Pass
005.SCG*LB2.CP-9++5.N.-5.1-1.4-5W9	dixit	NO MATCH	99301	Aspect#Perf|Mood#Ind|Number#Sing|Person#3|Tense#Past|VerbForm#Fin|Voice#Act
005.SCG*LB4.CP-1++1.N.12.3-2.5-3W16	dictum	NO MATCH	99301	Aspect#Perf|Case#Nom|Degree#Pos|Gender#Neut|Number#Sing|Tense#Past|VerbForm#Part|Voice#Pass
005.SCG*LB4.CP--++2.N.-5.11-1.11-4W1	dicitur	NO MATCH	99301	Aspect#Imp|Mood#Ind|Number#Sing|Person#3|Tense#Pres|VerbForm#Fin|Voice#Pass
005.SCG*LB4.CP-1++1.N.18.71-1.73-7W19	dictis	NO MATCH	99301	Aspect#Perf|Case#Abl|Degree#Pos|Gender#Neut|Number#Plur|Tense#Past|VerbForm#Part|Voice#Pass
005.SCG*LB2.CP-4++5.N.-3.1-2.4-2W3	fiunt	NO MATCH	102758	Mood#Ind|Number#Plur|Person#3|Tense#Pres|VerbForm#Fin|Voice#Pass
005.SCG*LB4.CP-6++3.N.-7.6-1.8-5W16	fiat	NO MATCH	102758	Aspect#Imp|Mood#Sub|Number#Sing|Person#3|Tense#Pres|VerbForm#Fin|Voice#Pass
005.SCG*LB1.CP-9++0.N.-3.3-1.5-6W10	volitum	NO MATCH	130745	Aspect#Perf|Case#Nom|Degree#Pos|Gender#Neut|Number#Sing|Tense#Past|VerbForm#Part|VerbType#Mod|Voice#Pass
005.SCG*LB3.CP-1++9.N.-2.1-2.3-2W2	dicitur	NO MATCH	99301	Mood#Ind|Number#Sing|Person#3|Tense#Pres|VerbForm#Fin|Voice#Pass
005.SCG*LB1.CP-9++1.N.-9.33-1.34-7W4	dici	NO MATCH	99301	Tense#Pres|VerbForm#Inf|Voice#Pass
005.SCG*LB2.CP-2++8.N.15.1-1.4-9W27	fieri	NO MATCH	102758	Tense#Pres|VerbForm#Inf|Voice#Pass
005.SCG*LB4.CP-2++2.N.-2.6-7.9-3W10	consequens	NO MATCH	96035	Aspect#Imp|Case#Nom|Degree#Pos|Gender#Neut|Number#Sing|Tense#Pres|VerbForm#Part|Voice#Pass
005.SCG*LB2.CP-7++4.N.-5.1-1.4-5W3	diligenter	NO MATCH	99463	Degree#Pos
005.SCG*LB3.CP--++7.N.-3.3-7.6-1W14	dicere	NO MATCH	99301	Tense#Pres|VerbForm#Inf|Voice#Act
005.SCG*LB3.CP-6++4.N.-1.1-1.3-3W8	sufficienter	NO MATCH	126601	Degree#Pos
005.SCG*LB4.CP--++8.N.-7.25-1.29-6W19	dicens	NO MATCH	99301	Aspect#Imp|Case#Nom|Degree#Pos|Gender#Masc|Number#Sing|Tense#Pres|VerbForm#Part|Voice#Act
005.SCG*LB4.CP-7++0.N.-8.6-4.6-6W3	expressius	NO MATCH	102229	Aspect#Perf|Case#Loc|Degree#Pos|Number#Sing|Tense#Past|VerbForm#Part|Voice#Pass
005.SCG*LB2.CP-6++9.N.-5.17-1.21-1W4	dicitur	NO MATCH	99301	Mood#Ind|Number#Sing|Person#3|Tense#Pres|VerbForm#Fin|Voice#Pass
005.SCG*LB4.CP-3++6.N.10.20-2.21-6W4	contigit	NO MATCH	93415	Aspect#Perf|Mood#Ind|Number#Sing|Person#3|Tense#Past|VerbForm#Fin|Voice#Act
005.SCG*LB2.CP-7++6.N.11.6-1.13-2W24	dicens	NO MATCH	99301	Case#Nom|Degree#Pos|Gender#Masc|Number#Sing|Tense#Pres|VerbForm#Part|Voice#Act
005.SCG*LB4.CP-8++1.N.12.12-6.16-4W16	dicitur	NO MATCH	99301	Aspect#Imp|Mood#Ind|Number#Sing|Person#3|Tense#Pres|VerbForm#Fin|Voice#Pass
005.SCG*LB1.CP-2++7.N.-9.1-1.8-2W43	dicitur	NO MATCH	99301	Mood#Ind|Number#Sing|Person#3|Tense#Pres|VerbForm#Fin|Voice#Pass
005.SCG*LB3.CP-2++0.N.-6.2-5.4-3W4	dictum	NO MATCH	99301	Aspect#Perf|Case#Nom|Degree#Pos|Gender#Neut|Number#Sing|Tense#Past|VerbForm#Part|Voice#Pass
005.SCG*LB4.CP--++5.N.-8.1-1.6-3W10	dicitur	NO MATCH	99301	Aspect#Imp|Mood#Ind|Number#Sing|Person#3|Tense#Pres|VerbForm#Fin|Voice#Pass
005.SCG*LB3.CP14++0.N.-5.11-3.12-6W4	fit	NO MATCH	102758	Mood#Ind|Number#Sing|Person#3|Tense#Pres|VerbForm#Fin|Voice#Pass
005.SCG*LB4.CP-3++4.N.25.26-2.28-6W17	dicitur	NO MATCH	99301	Aspect#Imp|Mood#Ind|Number#Sing|Person#3|Tense#Pres|VerbForm#Fin|Voice#Pass
005.SCG*LB2.CP--++4.N.-1.18-5.19-3W5	dicitur	NO MATCH	99301	Mood#Ind|Number#Sing|Person#3|Tense#Pres|VerbForm#Fin|Voice#Pass
005.SCG*LB4.CP-5++4.N.-8.34-4.35-3W5	dicit	NO MATCH	99301	Aspect#Imp|Mood#Ind|Number#Sing|Person#3|Tense#Pres|VerbForm#Fin|Voice#Act
005.SCG*LB4.CP-1++3.N.11.33-1.37-1W14	dixisset	NO MATCH	99301	Aspect#Perf|Mood#Sub|Number#Sing|Person#3|Tense#Pqp|VerbForm#Fin|Voice#Act
005.SCG*LB3.CP-5++3.N.-3.6-2.11-2W7	fiat	NO MATCH	102758	Mood#Sub|Number#Sing|Person#3|Tense#Pres|VerbForm#Fin|Voice#Pass
005.SCG*LB2.CP-2++4.N.-6.2-2.2-5W2	dicitur	NO MATCH	99301	Mood#Ind|Number#Sing|Person#3|Tense#Pres|VerbForm#Fin|Voice#Pass
005.SCG*LB2.CP-2++8.N.11.3-1.4-1W4	dicta	NO MATCH	99301	Aspect#Perf|Case#Nom|Degree#Pos|Gender#Fem|Number#Sing|Tense#Past|VerbForm#Part|Voice#Pass
005.SCG*LB1.CP-7++1.N.-6.11-3.12-1W3	consequens	NO MATCH	96035	Case#Acc|Degree#Pos|Gender#Neut|Number#Sing|Tense#Pres|VerbForm#Part|Voice#Pass
005.SCG*LB2.CP-8++3.N.25.58-1.60-6W19	convenientior	NO MATCH	96424	Case#Nom|Degree#Cmp|Gender#Fem|Number#Sing|Tense#Pres|VerbForm#Part|Voice#Act
005.SCG*LB4.CP-1++7.N.-3.4-5.5-4W1	dicit	NO MATCH	99301	Aspect#Imp|Mood#Ind|Number#Sing|Person#3|Tense#Pres|VerbForm#Fin|Voice#Act
005.SCG*LB3.CP10++0.N.-4.12-4.14-6W7	fit	NO MATCH	102758	Mood#Ind|Number#Sing|Person#3|Tense#Pres|VerbForm#Fin|Voice#Pass
005.SCG*LB4.CP--++7.N.21.17-8.18-3W4	dicitur	NO MATCH	99301	Aspect#Imp|Mood#Ind|Number#Sing|Person#3|Tense#Pres|VerbForm#Fin|Voice#Pass
005.SCG*LB3.CP10++6.N.-6.4-2.4-7W3	fit	NO MATCH	102758	Mood#Ind|Number#Sing|Person#3|Tense#Pres|VerbForm#Fin|Voice#Pass
005.SCG*LB3.CP-1++0.N.14.14-1.16-6W3	dicere	NO MATCH	99301	Tense#Pres|VerbForm#Inf|Voice#Act
005.SCG*LB2.CP-8++8.N.13.12-1.13-4W3	dicere	NO MATCH	99301	Tense#Pres|VerbForm#Inf|Voice#Act
005.SCG*LB3.CP-4++3.N.10.19-3.22-1W9	dicere	NO MATCH	99301	Tense#Pres|VerbForm#Inf|Voice#Act
005.SCG*LB2.CP--++2.N.-2.14-1.17-3W30	dicit	NO MATCH	99301	Mood#Ind|Number#Sing|Person#3|Tense#Pres|VerbForm#Fin|Voice#Act
005.SCG*LB2.CP-3++5.N.-8.1-1.4-4W25	convenientius	NO MATCH	96424	Degree#Cmp
005.SCG*LB3.CP-5++6.N.-7.13-4.15-3W12	fieri	NO MATCH	102758	Tense#Pres|VerbForm#Inf|Voice#Pass
005.SCG*LB1.CP-2++0.N.12.13-2.17-4W6	praedictam	NO MATCH	118832	Aspect#Perf|Case#Acc|Degree#Pos|Gender#Fem|Number#Sing|Tense#Past|VerbForm#Part|Voice#Pass
005.SCG*LB4.CP-2++4.N.-4.5-3.6-7W3	dicatur	NO MATCH	99301	Aspect#Imp|Mood#Sub|Number#Sing|Person#3|Tense#Pres|VerbForm#Fin|Voice#Pass
005.SCG*LB2.CP-6++0.N.18.8-2.10-5W11	dicit	NO MATCH	99301	Mood#Ind|Number#Sing|Person#3|Tense#Pres|VerbForm#Fin|Voice#Act
005.SCG*LB2.CP-8++2.N.-4.12-1.14-2W16	consequens	NO MATCH	96035	Case#Nom|Degree#Pos|Gender#Masc|Number#Sing|Tense#Pres|VerbForm#Part|Voice#Pass
005.SCG*LB3.CP-8++0.N.-9.22-1.24-10W22	dicit	NO MATCH	99301	Mood#Ind|Number#Sing|Person#3|Tense#Pres|VerbForm#Fin|Voice#Act
005.SCG*LB4.CP--++2.N.-2.1-1.4-1W17	contestans	NO MATCH	96276	Aspect#Imp|Case#Nom|Degree#Pos|Gender#Masc|Number#Sing|Tense#Pres|VerbForm#Part|Voice#Pass
005.SCG*LB2.CP10++1.N.-1.1-1.7-3W44	dictum	NO MATCH	99301	Aspect#Perf|Case#Nom|Degree#Pos|Gender#Neut|Number#Sing|Tense#Past|VerbForm#Part|Voice#Pass
005.SCG*LB3.CP-4++6.N.-6.10-1.12-3W5	dicit	NO MATCH	99301	Mood#Ind|Number#Sing|Person#3|Tense#Pres|VerbForm#Fin|Voice#Act
005.SCG*LB3.CP-6++5.N.-5.18-3.20-2W5	fieri	NO MATCH	102758	Tense#Pres|VerbForm#Inf|Voice#Pass
005.SCG*LB3.CP--++5.N.-2.1-1.3-6W8	dicitur	NO MATCH	99301	Mood#Ind|Number#Sing|Person#3|Tense#Pres|VerbForm#Fin|Voice#Pass
005.SCG*LB2.CP-4++3.N.-4.2-10.4-3W6	fieri	NO MATCH	102758	Tense#Pres|VerbForm#Inf|Voice#Pass
005.SCG*LB3.CP10++6.N.-1.1-1.3-3W15	fiunt	NO MATCH	102758	Mood#Ind|Number#Plur|Person#3|Tense#Pres|VerbForm#Fin|Voice#Pass
005.SCG*LB2.CP-8++9.N.-6.14-7.20-7W30	dixisse	NO MATCH	99301	Aspect#Perf|Tense#Past|VerbForm#Inf|Voice#Act
005.SCG*LB2.CP-3++9.N.-6.12-6.13-5W4	dicimus	NO MATCH	99301	Mood#Ind|Number#Plur|Person#1|Tense#Pres|VerbForm#Fin|Voice#Act
005.SCG*LB3.CP--++2.N.-9.16-1.21-1W4	fiunt	NO MATCH	102758	Mood#Ind|Number#Plur|Person#3|Tense#Pres|VerbForm#Fin|Voice#Pass
005.SCG*LB3.CP-8++6.N.-8.6-7.10-3W2	dicitur	NO MATCH	99301	Mood#Ind|Number#Sing|Person#3|Tense#Pres|VerbForm#Fin|Voice#Pass
005.SCG*LB4.CP-1++1.N.19.18-3.21-3W6	distinctim	NO MATCH	99865	Degree#Pos
005.SCG*LB4.CP-2++4.N.-4.8-4.9-3W2	dixi	NO MATCH	99301	Aspect#Perf|Mood#Ind|Number#Sing|Person#1|Tense#Past|VerbForm#Fin|Voice#Act
005.SCG*LB1.CP-6++1.N.-6.3-1.5-4W9	dicere	NO MATCH	99301	Tense#Pres|VerbForm#Inf|Voice#Act
005.SCG*LB2.CP-8++7.N.-5.9-7.13-1W12	essendi	NO MATCH	126689	Case#Gen|Degree#Pos|Number#Sing|VerbForm#Ger|Voice#Act
005.SCG*LB3.CP-9++7.N.-3.27-5.29-4W6	diligenter	NO MATCH	99463	Degree#Pos
005.SCG*LB2.CP-2++8.N.12.17-1.20-3W4	dici	NO MATCH	99301	Tense#Pres|VerbForm#Inf|Voice#Pass
005.SCG*LB3.CP-2++1.N.-4.1-2.2-7W10	dictis	NO MATCH	99301	Aspect#Perf|Case#Abl|Degree#Pos|Gender#Neut|Number#Plur|Tense#Past|VerbForm#Part|Voice#Pass
005.SCG*LB3.CP--++1.N.-2.11-1.12-3W2	consequens	NO MATCH	96035	Case#Nom|Degree#Pos|Gender#Neut|Number#Sing|Tense#Pres|VerbForm#Part|Voice#Pass
005.SCG*LB3.CP11++6.N.-3.3-1.5-7W3	dicitur	NO MATCH	99301	Mood#Ind|Number#Sing|Person#3|Tense#Pres|VerbForm#Fin|Voice#Pass
005.SCG*LB2.CP-3++3.N.-3.4-2.8-1W8	essendi	NO MATCH	126689	Case#Gen|Degree#Pos|Number#Sing|VerbForm#Ger|Voice#Act
005.SCG*LB3.CP-2++7.N.-8.1-2.5-5W6	dicuntur	NO MATCH	99301	Mood#Ind|Number#Plur|Person#3|Tense#Pres|VerbForm#Fin|Voice#Pass
005.SCG*LB4.CP-2++4.N.-9.7-5.8-5W4	dicitur	NO MATCH	99301	Aspect#Imp|Mood#Ind|Number#Sing|Person#3|Tense#Pres|VerbForm#Fin|Voice#Pass
005.SCG*LB4.CP-3++2.N.11.1-1.6-1W32	dictum	NO MATCH	99301	Aspect#Perf|Case#Nom|Degree#Pos|Gender#Neut|Number#Sing|Tense#Past|VerbForm#Part|Voice#Pass
005.SCG*LB3.CP-8++5.N.14.11-2.15-5W21	dicit	NO MATCH	99301	Mood#Ind|Number#Sing|Person#3|Tense#Pres|VerbForm#Fin|Voice#Act
005.SCG*LB4.CP-7++0.N.-1.1-1.4-1W16	fiunt	NO MATCH	102758	Aspect#Imp|Mood#Ind|Number#Plur|Person#3|Tense#Pres|VerbForm#Fin|Voice#Pass
005.SCG*LB3.CP-1++3.N.-1.1-1.4-3W2	praedictis	NO MATCH	118832	Aspect#Perf|Case#Abl|Degree#Pos|Gender#Neut|Number#Plur|Tense#Past|VerbForm#Part|Voice#Pass
005.SCG*LB2.CP-6++0.N.24.2-1.5-2W6	dicitur	NO MATCH	99301	Mood#Ind|Number#Sing|Person#3|Tense#Pres|VerbForm#Fin|Voice#Pass
005.SCG*LB2.CP-9++1.N.-2.5-1.9-3W15	dicunt	NO MATCH	99301	Mood#Ind|Number#Plur|Person#3|Tense#Pres|VerbForm#Fin|Voice#Act
005.SCG*LB2.CP-6++8.N.11.4-3.8-6W12	praedictae	NO MATCH	118832	Aspect#Perf|Case#Nom|Degree#Pos|Gender#Fem|Number#Plur|Tense#Past|VerbForm#Part|Voice#Pass
005.SCG*LB3.CP-4++3.N.-2.17-2.21-2W15	fiunt	NO MATCH	102758	Mood#Ind|Number#Plur|Person#3|Tense#Pres|VerbForm#Fin|Voice#Pass
005.SCG*LB2.CP-4++1.N.14.6-1.12-4W10	dicti	NO MATCH	99301	Aspect#Perf|Case#Gen|Degree#Pos|Gender#Masc|Number#Sing|Tense#Past|VerbForm#Part|Voice#Pass
005.SCG*LB4.CP-6++0.N.-2.3-4.6-6W20	dicantur	NO MATCH	99301	Aspect#Imp|Mood#Sub|Number#Plur|Person#3|Tense#Pres|VerbForm#Fin|Voice#Pass
005.SCG*LB4.CP--++8.N.-4.13-4.16-2W10	dicatur	NO MATCH	99301	Aspect#Imp|Mood#Sub|Number#Sing|Person#3|Tense#Pres|VerbForm#Fin|Voice#Pass
005.SCG*LB4.CP-4++8.N.-2.2-1.3-7W11	fieri	NO MATCH	102758	Aspect#Imp|Tense#Pres|VerbForm#Inf|Voice#Pass
005.SCG*LB4.CP-4++9.N.11.24-1.27-10W18	dicitur	NO MATCH	99301	Aspect#Imp|Mood#Ind|Number#Sing|Person#3|Tense#Pres|VerbForm#Fin|Voice#Pass
005.SCG*LB2.CP--++2.N.-4.19-7.20-3W5	dicitur	NO MATCH	99301	Mood#Ind|Number#Sing|Person#3|Tense#Pres|VerbForm#Fin|Voice#Pass
005.SCG*LB3.CP-6++4.N.-9.18-4.20-5W13	volitum	NO MATCH	130745	Aspect#Perf|Case#Nom|Degree#Pos|Gender#Neut|Number#Sing|Tense#Past|VerbForm#Part|VerbType#Mod|Voice#Pass
005.SCG*LB3.CP-4++8.N.-3.14-1.18-3W20	dicit	NO MATCH	99301	Mood#Ind|Number#Sing|Person#3|Tense#Pres|VerbForm#Fin|Voice#Act
005.SCG*LB2.CP-3++0.N.15.1-1.12-5W50	fiat	NO MATCH	102758	Mood#Sub|Number#Sing|Person#3|Tense#Pres|VerbForm#Fin|Voice#Pass
005.SCG*LB3.CP15++4.N.-5.7-2.7-5W4	dicitur	NO MATCH	99301	Mood#Ind|Number#Sing|Person#3|Tense#Pres|VerbForm#Fin|Voice#Pass
005.SCG*LB2.CP-8++3.N.16.1-1.4-5W3	dicatur	NO MATCH	99301	Mood#Sub|Number#Sing|Person#3|Tense#Pres|VerbForm#Fin|Voice#Pass
005.SCG*LB3.CP13++5.N.13.14-2.15-1W4	dicit	NO MATCH	99301	Mood#Ind|Number#Sing|Person#3|Tense#Pres|VerbForm#Fin|Voice#Act
005.SCG*LB1.CP-1++3.N.27.4-4.7-3W2	dicuntur	NO MATCH	99301	Mood#Ind|Number#Plur|Person#3|Tense#Pres|VerbForm#Fin|Voice#Pass
005.SCG*LB3.CP-9++0.N.-8.4-2.5-1W1	dicitur	NO MATCH	99301	Mood#Ind|Number#Sing|Person#3|Tense#Pres|VerbForm#Fin|Voice#Pass
005.SCG*LB1.CP-7++2.N.10.3-1.3-4W1	dicitur	NO MATCH	99301	Mood#Ind|Number#Sing|Person#3|Tense#Pres|VerbForm#Fin|Voice#Pass
005.SCG*LB4.CP-1++7.N.11.9-4.9-7W1	dicitur	NO MATCH	99301	Aspect#Imp|Mood#Ind|Number#Sing|Person#3|Tense#Pres|VerbForm#Fin|Voice#Pass
005.SCG*LB3.CP-2++1.N.-2.3-1.4-2W7	fit	NO MATCH	102758	Mood#Ind|Number#Sing|Person#3|Tense#Pres|VerbForm#Fin|Voice#Pass
005.SCG*LB4.CP--++7.N.21.6-3.6-6W1	dicit	NO MATCH	99301	Aspect#Imp|Mood#Ind|Number#Sing|Person#3|Tense#Pres|VerbForm#Fin|Voice#Act
005.SCG*LB2.CP-8++3.N.16.7-7.11-3W6	dicunt	NO MATCH	99301	Mood#Ind|Number#Plur|Person#3|Tense#Pres|VerbForm#Fin|Voice#Act
005.SCG*LB3.CP15++9.N.-2.13-4.17-5W20	fieri	NO MATCH	102758	Tense#Pres|VerbForm#Inf|Voice#Pass
005.SCG*LB4.CP-8++3.N.15.5-2.5-6W5	dicit	NO MATCH	99301	Aspect#Imp|Mood#Ind|Number#Sing|Person#3|Tense#Pres|VerbForm#Fin|Voice#Act
005.SCG*LB4.CP-1++8.N.-3.3-3.4-3W1	dicit	NO MATCH	99301	Aspect#Imp|Mood#Ind|Number#Sing|Person#3|Tense#Pres|VerbForm#Fin|Voice#Act
005.SCG*LB1.CP-4++2.N.11.5-3.7-3W8	essendi	NO MATCH	126689	Case#Gen|Degree#Pos|Number#Sing|VerbForm#Ger|Voice#Act
005.SCG*LB3.CP-3++7.N.-7.11-2.13-1W5	recte	NO MATCH	122542	Degree#Pos
005.SCG*LB3.CP12++0.N.-1.13-1.16-1W16	dicebant	NO MATCH	99301	Aspect#Imp|Mood#Ind|Number#Plur|Person#3|Tense#Imp|VerbForm#Fin|Voice#Act
005.SCG*LB3.CP-9++5.N.11.1-2.3-3W7	decenter	NO MATCH	98057	Degree#Pos
005.SCG*LB2.CP-7++3.N.22.9-1.12-1W6	fit	NO MATCH	102758	Mood#Ind|Number#Sing|Person#3|Tense#Pres|VerbForm#Fin|Voice#Pass
005.SCG*LB3.CP10++9.N.-8.22-5.24-3W2	convenienter	NO MATCH	96424	Degree#Pos
005.SCG*LB2.CP-7++5.N.15.16-8.18-6W6	fit	NO MATCH	102758	Mood#Ind|Number#Sing|Person#3|Tense#Pres|VerbForm#Fin|Voice#Pass
005.SCG*LB1.CP-5++9.N.-2.6-4.12-7W45	dicit	NO MATCH	99301	Mood#Ind|Number#Sing|Person#3|Tense#Pres|VerbForm#Fin|Voice#Act
005.SCG*LB1.CP-5++0.N.-2.5-1.7-2W16	mediate	NO MATCH	111819	Degree#Pos
005.SCG*LB1.CP-2++0.N.12.11-3.13-1W12	dicere	NO MATCH	99301	Tense#Pres|VerbForm#Inf|Voice#Act
005.SCG*LB3.CP-4++4.N.--.1-1.4-2W12	praedictae	NO MATCH	118832	Aspect#Perf|Case#Nom|Degree#Pos|Gender#Fem|Number#Plur|Tense#Past|VerbForm#Part|Voice#Pass
005.SCG*LB4.CP-3++2.N.-8.1-2.2-5W3	expresse	NO MATCH	102229	Degree#Pos
005.SCG*LB3.CP-4++0.N.-6.8-4.10-3W1	fit	NO MATCH	102758	Mood#Ind|Number#Sing|Person#3|Tense#Pres|VerbForm#Fin|Voice#Pass
005.SCG*LB1.CP-9++1.N.-9.22-4.25-2W16	dicimur	NO MATCH	99301	Mood#Ind|Number#Plur|Person#1|Tense#Pres|VerbForm#Fin|Voice#Pass
005.SCG*LB1.CP-7++1.N.10.3-3.3-5W3	dicitur	NO MATCH	99301	Mood#Ind|Number#Sing|Person#3|Tense#Pres|VerbForm#Fin|Voice#Pass
005.SCG*LB4.CP-2++9.N.-4.16-6.17-5W3	dicatur	NO MATCH	99301	Aspect#Imp|Mood#Sub|Number#Sing|Person#3|Tense#Pres|VerbForm#Fin|Voice#Pass
005.SCG*LB3.CP-4++5.N.-4.1-1.3-7W14	praedicta	NO MATCH	118832	Aspect#Perf|Case#Nom|Degree#Pos|Gender#Neut|Number#Plur|Tense#Past|VerbForm#Part|Voice#Pass
005.SCG*LB2.CP-8++7.N.-3.20-1.20-6W6	fiat	NO MATCH	102758	Mood#Sub|Number#Sing|Person#3|Tense#Pres|VerbForm#Fin|Voice#Pass
005.SCG*LB2.CP-5++1.N.-5.1-2.6-1W18	dicatur	NO MATCH	99301	Mood#Sub|Number#Sing|Person#3|Tense#Pres|VerbForm#Fin|Voice#Pass
005.SCG*LB3.CP-5++8.N.-8.1-1.7-2W2	praedictis	NO MATCH	118832	Aspect#Perf|Case#Dat|Degree#Pos|Gender#Neut|Number#Plur|Tense#Past|VerbForm#Part|Voice#Pass
005.SCG*LB2.CP-9++9.N.-4.8-4.10-6W6	fiunt	NO MATCH	102758	Mood#Ind|Number#Plur|Person#3|Tense#Pres|VerbForm#Fin|Voice#Pass
005.SCG*LB4.CP-5++5.N.-6.1-1.5-2W10	excellentior	NO MATCH	101840	Aspect#Imp|Case#Nom|Degree#Cmp|Gender#Fem|Number#Sing|Tense#Pres|VerbForm#Part|Voice#Act
005.SCG*LB1.CP-6++3.N.-4.1-1.3-2W15	contingenter	NO MATCH	93415	Case#Loc|Degree#Pos|Number#Sing|Tense#Pres|VerbForm#Part|Voice#Act
005.SCG*LB1.CP-6++3.N.-4.1-1.3-2W15	contingenter	NO MATCH	96293	Case#Loc|Degree#Pos|Number#Sing|Tense#Pres|VerbForm#Part|Voice#Act
005.SCG*LB4.CP--++7.N.-8.3-3.6-2W6	dici	NO MATCH	99301	Aspect#Imp|Tense#Pres|VerbForm#Inf|Voice#Pass
005.SCG*LB1.CP-2++0.N.29.1-1.5-1W4	dicendum	NO MATCH	99301	Case#Nom|Degree#Pos|Gender#Neut|Number#Sing|VerbForm#Gdv|Voice#Pass
005.SCG*LB1.CP-5++0.N.-2.3-1.4-5W5	dictis	NO MATCH	99301	Aspect#Perf|Case#Abl|Degree#Pos|Gender#Neut|Number#Plur|Tense#Past|VerbForm#Part|Voice#Pass
005.SCG*LB4.CP--++8.N.-5.72-3.74-1W14	fieret	NO MATCH	102758	Aspect#Imp|Mood#Sub|Number#Sing|Person#3|Tense#Imp|VerbForm#Fin|Voice#Pass
005.SCG*LB4.CP-3++4.N.12.12-5.14-2W8	dicitur	NO MATCH	99301	Aspect#Imp|Mood#Ind|Number#Sing|Person#3|Tense#Pres|VerbForm#Fin|Voice#Pass
005.SCG*LB4.CP-6++9.N.-1.1-1.6-1W6	dictum	NO MATCH	99301	Aspect#Perf|Case#Nom|Degree#Pos|Gender#Neut|Number#Sing|Tense#Past|VerbForm#Part|Voice#Pass
005.SCG*LB3.CP15++4.N.17.17-2.20-2W1	dicit	NO MATCH	99301	Mood#Ind|Number#Sing|Person#3|Tense#Pres|VerbForm#Fin|Voice#Act
005.SCG*LB4.CP-1++7.N.23.12-5.16-2W8	dicit	NO MATCH	99301	Aspect#Imp|Mood#Ind|Number#Sing|Person#3|Tense#Pres|VerbForm#Fin|Voice#Act
005.SCG*LB4.CP--++6.N.10.7-4.8-2W1	dicit	NO MATCH	99301	Aspect#Imp|Mood#Ind|Number#Sing|Person#3|Tense#Pres|VerbForm#Fin|Voice#Act
005.SCG*LB1.CP-7++4.N.-5.6-3.7-3W5	volitum	NO MATCH	130745	Aspect#Perf|Case#Nom|Degree#Pos|Gender#Neut|Number#Sing|Tense#Past|VerbForm#Part|VerbType#Mod|Voice#Pass
005.SCG*LB4.CP-3++8.N.-9.10-5.11-3W7	dicens	NO MATCH	99301	Aspect#Imp|Case#Nom|Degree#Pos|Gender#Masc|Number#Sing|Tense#Pres|VerbForm#Part|Voice#Act
005.SCG*LB3.CP12++2.N.-3.1-1.3-8W10	fiat	NO MATCH	102758	Mood#Sub|Number#Sing|Person#3|Tense#Pres|VerbForm#Fin|Voice#Pass
005.SCG*LB4.CP-6++6.N.11.9-2.12-5W14	putrefieri	NO MATCH	120615	Aspect#Imp|Tense#Pres|VerbForm#Inf|Voice#Pass
005.SCG*LB4.CP-4++3.N.-3.7-1.10-4W24	dici	NO MATCH	99301	Aspect#Imp|Tense#Pres|VerbForm#Inf|Voice#Pass
005.SCG*LB2.CP-7++6.N.10.1-2.4-2W17	consequens	NO MATCH	96035	Case#Acc|Degree#Pos|Gender#Neut|Number#Sing|Tense#Pres|VerbForm#Part|Voice#Pass
005.SCG*LB3.CP-8++4.N.14.14-4.17-6W18	praedictae	NO MATCH	118832	Aspect#Perf|Case#Nom|Degree#Pos|Gender#Fem|Number#Plur|Tense#Past|VerbForm#Part|Voice#Pass
005.SCG*LB3.CP15++1.N.-2.5-1.6-5W12	reametur	NO MATCH	122453	Mood#Sub|Number#Sing|Person#3|Tense#Pres|VerbForm#Fin|Voice#Pass
005.SCG*LB3.CP-4++1.N.-7.1-2.7-3W19	dici	NO MATCH	99301	Tense#Pres|VerbForm#Inf|Voice#Pass
005.SCG*LB1.CP-2++0.N.15.4-5.5-5W1	praedicta	NO MATCH	118832	Aspect#Perf|Case#Nom|Degree#Pos|Gender#Fem|Number#Sing|Tense#Past|VerbForm#Part|Voice#Pass
005.SCG*LB4.CP-5++4.N.-7.14-3.15-3W5	dicit	NO MATCH	99301	Aspect#Imp|Mood#Ind|Number#Sing|Person#3|Tense#Pres|VerbForm#Fin|Voice#Act
005.SCG*LB2.CP-9++2.N.10.5-4.7-5W11	fieri	NO MATCH	102758	Tense#Pres|VerbForm#Inf|Voice#Pass
005.SCG*LB3.CP-1++1.N.-6.8-4.11-3W4	dicitur	NO MATCH	99301	Mood#Ind|Number#Sing|Person#3|Tense#Pres|VerbForm#Fin|Voice#Pass
005.SCG*LB1.CP-9++0.N.-6.4-2.7-5W20	volito	NO MATCH	130745	Aspect#Perf|Case#Abl|Degree#Pos|Gender#Neut|Number#Sing|Tense#Past|VerbForm#Part|VerbType#Mod|Voice#Pass
005.SCG*LB2.CP-9++1.N.10.1-1.4-1W13	dicentis	NO MATCH	99301	Case#Gen|Degree#Pos|Gender#Masc|Number#Sing|Tense#Pres|VerbForm#Part|Voice#Act
005.SCG*LB1.CP-2++8.N.-9.14-2.15-6W10	dici	NO MATCH	99301	Tense#Pres|VerbForm#Inf|Voice#Pass
005.SCG*LB3.CP10++9.N.-2.1-1.4-1W14	praedicta	NO MATCH	118832	Aspect#Perf|Case#Acc|Degree#Pos|Gender#Neut|Number#Plur|Tense#Past|VerbForm#Part|Voice#Pass
005.SCG*LB3.CP15++4.N.-9.1-1.6-3W15	dicere	NO MATCH	99301	Tense#Pres|VerbForm#Inf|Voice#Act
005.SCG*LB4.CP-4++1.N.11.9-1.13-5W4	dicta	NO MATCH	99301	Aspect#Perf|Case#Nom|Degree#Pos|Gender#Fem|Number#Sing|Tense#Past|VerbForm#Part|Voice#Pass
005.SCG*LB3.CP-9++8.N.-6.24-3.25-4W7	fieret	NO MATCH	102758	Aspect#Imp|Mood#Sub|Number#Sing|Person#3|Tense#Imp|VerbForm#Fin|Voice#Pass
005.SCG*LB3.CP15++4.N.-7.9-1.9-4W2	dicitur	NO MATCH	99301	Mood#Ind|Number#Sing|Person#3|Tense#Pres|VerbForm#Fin|Voice#Pass
005.SCG*LB4.CP-3++4.N.-2.74-1.77-6W3	dicimus	NO MATCH	99301	Aspect#Imp|Mood#Ind|Number#Plur|Person#1|Tense#Pres|VerbForm#Fin|Voice#Act
005.SCG*LB1.CP-1++3.N.30.8-3.9-7W6	fit	NO MATCH	102758	Mood#Ind|Number#Sing|Person#3|Tense#Pres|VerbForm#Fin|Voice#Pass
005.SCG*LB2.CP-1++2.N.-5.3-6.6-5W6	dicuntur	NO MATCH	99301	Mood#Ind|Number#Plur|Person#3|Tense#Pres|VerbForm#Fin|Voice#Pass
005.SCG*LB3.CP10++1.N.-4.1-1.7-3W12	fieri	NO MATCH	102758	Tense#Pres|VerbForm#Inf|Voice#Pass
005.SCG*LB3.CP-5++4.N.13.1-1.3-6W10	dicitur	NO MATCH	99301	Mood#Ind|Number#Sing|Person#3|Tense#Pres|VerbForm#Fin|Voice#Pass
005.SCG*LB4.CP-1++7.N.15.6-4.7-1W1	dicit	NO MATCH	99301	Aspect#Imp|Mood#Ind|Number#Sing|Person#3|Tense#Pres|VerbForm#Fin|Voice#Act
005.SCG*LB4.CP-5++5.N.11.52-3.53-2W4	dicit	NO MATCH	99301	Aspect#Imp|Mood#Ind|Number#Sing|Person#3|Tense#Pres|VerbForm#Fin|Voice#Act
005.SCG*LB4.CP-3++8.N.-3.1-2.3-6W7	dici	NO MATCH	99301	Aspect#Imp|Tense#Pres|VerbForm#Inf|Voice#Pass
005.SCG*LB2.CP-5++7.N.15.5-7.9-4W1	dicimus	NO MATCH	99301	Mood#Ind|Number#Plur|Person#1|Tense#Pres|VerbForm#Fin|Voice#Act
005.SCG*LB4.CP-1++0.N.-9.4-2.6-6W14	dicuntur	NO MATCH	99301	Aspect#Imp|Mood#Ind|Number#Plur|Person#3|Tense#Pres|VerbForm#Fin|Voice#Pass
005.SCG*LB2.CP-5++6.N.-5.17-1.19-4W12	dicentur	NO MATCH	99301	Mood#Ind|Number#Plur|Person#3|Tense#Fut|VerbForm#Fin|Voice#Pass
005.SCG*LB4.CP-5++2.N.10.13-1.13-6W4	dicit	NO MATCH	99301	Aspect#Imp|Mood#Ind|Number#Sing|Person#3|Tense#Pres|VerbForm#Fin|Voice#Act
005.SCG*LB4.CP--++6.N.-1.25-1.31-4W18	dicebant	NO MATCH	99301	Aspect#Imp|Mood#Ind|Number#Plur|Person#3|Tense#Imp|VerbForm#Fin|Voice#Act
005.SCG*LB3.CP-8++8.N.-4.1-2.5-4W17	dicitur	NO MATCH	99301	Mood#Ind|Number#Sing|Person#3|Tense#Pres|VerbForm#Fin|Voice#Pass
005.SCG*LB1.CP-4++3.N.-2.13-4.15-3W7	dici	NO MATCH	99301	Tense#Pres|VerbForm#Inf|Voice#Pass
005.SCG*LB2.CP-9++8.N.-4.18-4.23-2W25	eminentiori	NO MATCH	100978	Case#Abl|Degree#Cmp|Gender#Masc|Number#Sing|Tense#Pres|VerbForm#Part|Voice#Act
005.SCG*LB1.CP-4++2.N.19.1-1.2-4W8	confitentes	NO MATCH	95769	Case#Nom|Degree#Pos|Gender#Masc|Number#Plur|Tense#Pres|VerbForm#Part|Voice#Pass
005.SCG*LB2.CP-5++6.N.-6.29-1.32-7W7	fit	NO MATCH	102758	Mood#Ind|Number#Sing|Person#3|Tense#Pres|VerbForm#Fin|Voice#Pass
005.SCG*LB1.CP-4++9.N.-6.1-1.3-1W4	expresse	NO MATCH	102229	Degree#Pos
005.SCG*LB2.CP-7++8.N.-9.22-1.23-7W2	expresse	NO MATCH	102229	Degree#Pos
005.SCG*LB2.CP-8++5.N.14.7-3.9-2W6	dicit	NO MATCH	99301	Mood#Ind|Number#Sing|Person#3|Tense#Pres|VerbForm#Fin|Voice#Act
005.SCG*LB2.CP-3++0.N.15.1-1.12-5W82	liquefit	NO MATCH	110620	Mood#Ind|Number#Sing|Person#3|Tense#Pres|VerbForm#Fin|Voice#Pass
005.SCG*LB1.CP-2++0.N.38.3-1.3-6W4	praedictas	NO MATCH	118832	Aspect#Perf|Case#Acc|Degree#Pos|Gender#Fem|Number#Plur|Tense#Past|VerbForm#Part|Voice#Pass
005.SCG*LB4.CP-9++1.N.-6.29-4.32-1W4	fit	NO MATCH	102758	Aspect#Imp|Mood#Ind|Number#Sing|Person#3|Tense#Pres|VerbForm#Fin|Voice#Pass
005.SCG*LB3.CP-2++2.N.-4.19-2.24-1W37	fieri	NO MATCH	102758	Tense#Pres|VerbForm#Inf|Voice#Pass
005.SCG*LB2.CP-9++8.N.-2.4-6.7-1W11	fit	NO MATCH	102758	Mood#Ind|Number#Sing|Person#3|Tense#Pres|VerbForm#Fin|Voice#Pass
005.SCG*LB3.CP13++5.N.17.1-1.5-4W10	fit	NO MATCH	102758	Mood#Ind|Number#Sing|Person#3|Tense#Pres|VerbForm#Fin|Voice#Pass
005.SCG*LB2.CP-4++7.N.-5.10-1.12-2W19	fieri	NO MATCH	102758	Tense#Pres|VerbForm#Inf|Voice#Pass
005.SCG*LB2.CP-9++9.N.-7.10-1.12-5W8	dicatur	NO MATCH	99301	Mood#Sub|Number#Sing|Person#3|Tense#Pres|VerbForm#Fin|Voice#Pass
005.SCG*LB3.CP10++4.N.-8.6-4.8-3W9	dicit	NO MATCH	99301	Mood#Ind|Number#Sing|Person#3|Tense#Pres|VerbForm#Fin|Voice#Act
005.SCG*LB2.CP-2++5.N.24.12-1.15-2W23	composite	NO MATCH	95367	Degree#Pos
005.SCG*LB3.CP12++8.N.-2.15-3.15-5W3	calefiet	NO MATCH	92350	Mood#Ind|Number#Sing|Person#3|Tense#Fut|VerbForm#Fin|Voice#Pass
005.SCG*LB4.CP-2++2.N.-2.10-1.10-6W3	dicit	NO MATCH	99301	Aspect#Imp|Mood#Ind|Number#Sing|Person#3|Tense#Pres|VerbForm#Fin|Voice#Act
005.SCG*LB4.CP-7++4.N.-4.16-1.18-5W14	dicitur	NO MATCH	99301	Aspect#Imp|Mood#Ind|Number#Sing|Person#3|Tense#Pres|VerbForm#Fin|Voice#Pass
005.SCG*LB3.CP13++9.N.-4.1-2.3-2W10	dictum	NO MATCH	99301	Aspect#Perf|Case#Nom|Degree#Pos|Gender#Neut|Number#Sing|Tense#Past|VerbForm#Part|Voice#Pass
005.SCG*LB3.CP-4++4.N.-1.1-1.4-2W15	praedicti	NO MATCH	118832	Aspect#Perf|Case#Nom|Degree#Pos|Gender#Masc|Number#Plur|Tense#Past|VerbForm#Part|Voice#Pass
005.SCG*LB3.CP10++5.N.12.9-1.11-6W17	dici	NO MATCH	99301	Tense#Pres|VerbForm#Inf|Voice#Pass
005.SCG*LB2.CP-4++6.N.-7.1-2.4-5W3	decenter	NO MATCH	98057	Degree#Pos
005.SCG*LB2.CP-3++2.N.-8.15-2.18-5W4	dici	NO MATCH	99301	Tense#Pres|VerbForm#Inf|Voice#Pass
005.SCG*LB4.CP-5++5.N.10.1-1.3-1W1	praedicta	NO MATCH	118832	Aspect#Perf|Case#Nom|Degree#Pos|Gender#Fem|Number#Sing|Tense#Past|VerbForm#Part|Voice#Pass
005.SCG*LB1.CP10++0.N.-3.7-2.8-3W4	dicit	NO MATCH	99301	Mood#Ind|Number#Sing|Person#3|Tense#Pres|VerbForm#Fin|Voice#Act
005.SCG*LB1.CP-4++2.N.-9.1-2.4-6W12	essendi	NO MATCH	126689	Case#Gen|Degree#Pos|Number#Sing|VerbForm#Ger|Voice#Act
005.SCG*LB4.CP--++4.N.-2.20-4.21-3W9	excelsi	NO MATCH	101840	Aspect#Perf|Case#Nom|Degree#Pos|Gender#Masc|Number#Plur|Tense#Past|VerbForm#Part|Voice#Pass
005.SCG*LB3.CP15++9.N.-2.13-4.17-5W29	dicitur	NO MATCH	99301	Mood#Ind|Number#Sing|Person#3|Tense#Pres|VerbForm#Fin|Voice#Pass
005.SCG*LB4.CP-3++4.N.23.4-7.8-6W21	dicere	NO MATCH	99301	Aspect#Imp|Tense#Pres|VerbForm#Inf|Voice#Act
005.SCG*LB2.CP-8++3.N.25.26-3.28-1W11	dictis	NO MATCH	99301	Aspect#Perf|Case#Abl|Degree#Pos|Gender#Neut|Number#Plur|Tense#Past|VerbForm#Part|Voice#Pass
005.SCG*LB2.CP-2++2.N.-8.8-1.8-5W3	dicitur	NO MATCH	99301	Mood#Ind|Number#Sing|Person#3|Tense#Pres|VerbForm#Fin|Voice#Pass
005.SCG*LB3.CP-7++7.N.--.1-1.2-5W5	fit	NO MATCH	102758	Mood#Ind|Number#Sing|Person#3|Tense#Pres|VerbForm#Fin|Voice#Pass
005.SCG*LB3.CP-4++2.N.-8.1-2.5-2W5	fiet	NO MATCH	102758	Mood#Ind|Number#Sing|Person#3|Tense#Fut|VerbForm#Fin|Voice#Pass
005.SCG*LB3.CP15++6.N.-3.1-2.4-1W14	subiectum	NO MATCH	126114	Case#Acc|Degree#Pos|Gender#Neut|Number#Sing
005.SCG*LB3.CP-2++7.N.-3.2-4.3-5W7	dictum	NO MATCH	99301	Aspect#Perf|Case#Nom|Degree#Pos|Gender#Neut|Number#Sing|Tense#Past|VerbForm#Part|Voice#Pass
005.SCG*LB3.CP-9++2.N.-3.8-7.11-4W5	dicit	NO MATCH	99301	Mood#Ind|Number#Sing|Person#3|Tense#Pres|VerbForm#Fin|Voice#Act
005.SCG*LB2.CP-7++5.N.15.41-1.47-3W22	dicitur	NO MATCH	99301	Mood#Ind|Number#Sing|Person#3|Tense#Pres|VerbForm#Fin|Voice#Pass
005.SCG*LB3.CP13++4.N.-5.1-1.4-4W4	praedictis	NO MATCH	118832	Aspect#Perf|Case#Abl|Degree#Pos|Gender#Neut|Number#Plur|Tense#Past|VerbForm#Part|Voice#Pass
005.SCG*LB2.CP-8++9.N.-5.1-1.3-1W11	dicatur	NO MATCH	99301	Mood#Sub|Number#Sing|Person#3|Tense#Pres|VerbForm#Fin|Voice#Pass
005.SCG*LB2.CP--++2.N.-5.11-4.13-1W9	speculantes	NO MATCH	125314	Case#Nom|Degree#Pos|Gender#Masc|Number#Plur|Tense#Pres|VerbForm#Part|Voice#Pass
005.SCG*LB4.CP-3++4.N.-3.13-2.13-4W2	dicit	NO MATCH	99301	Aspect#Imp|Mood#Ind|Number#Sing|Person#3|Tense#Pres|VerbForm#Fin|Voice#Act
005.SCG*LB4.CP-1++1.N.-3.18-2.20-7W8	fit	NO MATCH	102758	Aspect#Imp|Mood#Ind|Number#Sing|Person#3|Tense#Pres|VerbForm#Fin|Voice#Pass
005.SCG*LB2.CP-7++5.N.12.8-1.10-3W9	dicit	NO MATCH	99301	Mood#Ind|Number#Sing|Person#3|Tense#Pres|VerbForm#Fin|Voice#Act
005.SCG*LB2.CP-7++3.N.-9.17-2.19-2W3	praedictum	NO MATCH	118832	Aspect#Perf|Case#Nom|Degree#Pos|Gender#Neut|Number#Sing|Tense#Past|VerbForm#Part|Voice#Pass
005.SCG*LB4.CP--++8.N.-9.60-2.66-1W4	dicit	NO MATCH	99301	Aspect#Imp|Mood#Ind|Number#Sing|Person#3|Tense#Pres|VerbForm#Fin|Voice#Act
005.SCG*LB4.CP-3++4.N.23.3-1.4-6W1	dicitur	NO MATCH	99301	Aspect#Imp|Mood#Ind|Number#Sing|Person#3|Tense#Pres|VerbForm#Fin|Voice#Pass
005.SCG*LB4.CP-7++0.N.-1.1-1.4-1W4	praedicta	NO MATCH	118832	Aspect#Perf|Case#Acc|Degree#Pos|Gender#Neut|Number#Plur|Tense#Past|VerbForm#Part|Voice#Pass
005.SCG*LB4.CP-5++5.N.16.14-4.15-3W5	dicit	NO MATCH	99301	Aspect#Imp|Mood#Ind|Number#Sing|Person#3|Tense#Pres|VerbForm#Fin|Voice#Act
005.SCG*LB1.CP-3++0.N.-2.8-1.14-1W36	dicitur	NO MATCH	99301	Mood#Ind|Number#Sing|Person#3|Tense#Pres|VerbForm#Fin|Voice#Pass
005.SCG*LB3.CP-8++7.N.-1.1-1.5-7W25	dictum	NO MATCH	99301	Aspect#Perf|Case#Nom|Degree#Pos|Gender#Neut|Number#Sing|Tense#Past|VerbForm#Part|Voice#Pass
005.SCG*LB4.CP-7++4.N.-2.45-2.48-2W6	dicit	NO MATCH	99301	Aspect#Imp|Mood#Ind|Number#Sing|Person#3|Tense#Pres|VerbForm#Fin|Voice#Act
005.SCG*LB2.CP-5++8.N.-4.18-3.21-6W5	dicendi	NO MATCH	99301	Case#Gen|Degree#Pos|Number#Sing|VerbForm#Ger|Voice#Act
005.SCG*LB2.CP-7++5.N.15.21-1.22-5W6	fieri	NO MATCH	102758	Tense#Pres|VerbForm#Inf|Voice#Pass
005.SCG*LB1.CP-9++3.N.10.1-1.4-2W16	dictae	NO MATCH	99301	Aspect#Perf|Case#Nom|Degree#Pos|Gender#Fem|Number#Plur|Tense#Past|VerbForm#Part|Voice#Pass
005.SCG*LB2.CP-6++7.N.-6.1-1.1-6W4	dicitur	NO MATCH	99301	Mood#Ind|Number#Sing|Person#3|Tense#Pres|VerbForm#Fin|Voice#Pass
005.SCG*LB1.CP-5++5.N.-8.1-2.2-7W11	dictis	NO MATCH	99301	Aspect#Perf|Case#Abl|Degree#Pos|Gender#Neut|Number#Plur|Tense#Past|VerbForm#Part|Voice#Pass
005.SCG*LB3.CP-4++2.N.-5.11-2.15-3W21	fiat	NO MATCH	102758	Mood#Sub|Number#Sing|Person#3|Tense#Pres|VerbForm#Fin|Voice#Pass
005.SCG*LB3.CP-2++3.N.-5.11-3.18-1W38	dicitur	NO MATCH	99301	Mood#Ind|Number#Sing|Person#3|Tense#Pres|VerbForm#Fin|Voice#Pass
005.SCG*LB4.CP-2++0.N.-6.2-1.4-3W5	dicimus	NO MATCH	99301	Aspect#Imp|Mood#Ind|Number#Plur|Person#1|Tense#Pres|VerbForm#Fin|Voice#Act
005.SCG*LB1.CP-5++4.N.-8.1-1.4-5W5	dicit	NO MATCH	99301	Mood#Ind|Number#Sing|Person#3|Tense#Pres|VerbForm#Fin|Voice#Act
005.SCG*LB4.CP-6++6.N.11.1-1.9-1W33	consequens	NO MATCH	96035	Aspect#Imp|Case#Acc|Degree#Pos|Gender#Neut|Number#Sing|Tense#Pres|VerbForm#Part|Voice#Pass
005.SCG*LB3.CP13++0.N.-2.14-4.15-5W5	dicit	NO MATCH	99301	Mood#Ind|Number#Sing|Person#3|Tense#Pres|VerbForm#Fin|Voice#Act
005.SCG*LB2.CP-5++6.N.-9.1-1.2-6W9	fieri	NO MATCH	102758	Tense#Pres|VerbForm#Inf|Voice#Pass
005.SCG*LB1.CP-1++6.N.-6.4-6.6-3W12	dictis	NO MATCH	99301	Aspect#Perf|Case#Abl|Degree#Pos|Gender#Neut|Number#Plur|Tense#Past|VerbForm#Part|Voice#Pass
005.SCG*LB3.CP-8++6.N.12.12-2.14-4W4	dicere	NO MATCH	99301	Tense#Pres|VerbForm#Inf|Voice#Act
005.SCG*LB2.CP--++8.N.-3.3-3.6-1W6	dici	NO MATCH	99301	Tense#Pres|VerbForm#Inf|Voice#Pass
005.SCG*LB4.CP-2++4.N.-8.73-8.76-5W18	dicatur	NO MATCH	99301	Aspect#Imp|Mood#Sub|Number#Sing|Person#3|Tense#Pres|VerbForm#Fin|Voice#Pass
005.SCG*LB3.CP13++2.N.27.1-1.9-2W8	dicebant	NO MATCH	99301	Aspect#Imp|Mood#Ind|Number#Plur|Person#3|Tense#Imp|VerbForm#Fin|Voice#Act
005.SCG*LB3.CP--++5.N.10.3-2.8-5W23	consequens	NO MATCH	96035	Case#Nom|Degree#Pos|Gender#Neut|Number#Sing|Tense#Pres|VerbForm#Part|Voice#Pass
005.SCG*LB2.CP-5++5.N.13.30-3.35-6W11	essendi	NO MATCH	126689	Case#Gen|Degree#Pos|Number#Sing|VerbForm#Ger|Voice#Act
005.SCG*LB3.CP10++4.N.-7.10-7.12-4W9	fiat	NO MATCH	102758	Mood#Sub|Number#Sing|Person#3|Tense#Pres|VerbForm#Fin|Voice#Pass
005.SCG*LB2.CP-8++4.N.-7.8-7.15-7W17	dixit	NO MATCH	99301	Aspect#Perf|Mood#Ind|Number#Sing|Person#3|Tense#Past|VerbForm#Fin|Voice#Act
005.SCG*LB3.CP10++4.N.13.2-3.2-6W1	dicitur	NO MATCH	99301	Mood#Ind|Number#Sing|Person#3|Tense#Pres|VerbForm#Fin|Voice#Pass
005.SCG*LB4.CP-3++0.N.-6.5-8.8-5W12	diceretur	NO MATCH	99301	Aspect#Imp|Mood#Sub|Number#Sing|Person#3|Tense#Imp|VerbForm#Fin|Voice#Pass
005.SCG*LB1.CP-4++8.N.-5.6-2.7-1W7	dictis	NO MATCH	99301	Aspect#Perf|Case#Abl|Degree#Pos|Gender#Neut|Number#Plur|Tense#Past|VerbForm#Part|Voice#Pass
005.SCG*LB4.CP-1++8.N.-8.1-1.8-6W46	dicitur	NO MATCH	99301	Aspect#Imp|Mood#Ind|Number#Sing|Person#3|Tense#Pres|VerbForm#Fin|Voice#Pass
005.SCG*LB3.CP-8++2.N.-6.12-5.16-2W14	fiat	NO MATCH	102758	Mood#Sub|Number#Sing|Person#3|Tense#Pres|VerbForm#Fin|Voice#Pass
005.SCG*LB2.CP-4++4.N.-1.17-4.20-2W1	dicit	NO MATCH	99301	Mood#Ind|Number#Sing|Person#3|Tense#Pres|VerbForm#Fin|Voice#Act
005.SCG*LB3.CP-2++6.N.17.1-1.3-2W6	dicta	NO MATCH	99301	Aspect#Perf|Case#Nom|Degree#Pos|Gender#Neut|Number#Plur|Tense#Past|VerbForm#Part|Voice#Pass
005.SCG*LB4.CP-7++9.N.-1.12-3.12-6W3	dicit	NO MATCH	99301	Aspect#Imp|Mood#Ind|Number#Sing|Person#3|Tense#Pres|VerbForm#Fin|Voice#Act
005.SCG*LB3.CP14++3.N.-1.13-1.20-3W11	consequens	NO MATCH	96035	Case#Nom|Degree#Pos|Gender#Neut|Number#Sing|Tense#Pres|VerbForm#Part|Voice#Pass
005.SCG*LB1.CP-9++6.N.-7.5-4.7-4W13	dicimur	NO MATCH	99301	Mood#Ind|Number#Plur|Person#1|Tense#Pres|VerbForm#Fin|Voice#Pass
005.SCG*LB2.CP-6++2.N.10.1-1.4-6W6	praedictae	NO MATCH	118832	Aspect#Perf|Case#Gen|Degree#Pos|Gender#Fem|Number#Sing|Tense#Past|VerbForm#Part|Voice#Pass
005.SCG*LB3.CP-7++9.N.-5.1-1.8-3W1	dicuntur	NO MATCH	99301	Mood#Ind|Number#Plur|Person#3|Tense#Pres|VerbForm#Fin|Voice#Pass
005.SCG*LB3.CP15++8.N.-5.6-1.7-8W15	dicitur	NO MATCH	99301	Mood#Ind|Number#Sing|Person#3|Tense#Pres|VerbForm#Fin|Voice#Pass
005.SCG*LB4.CP-8++6.N.-3.15-5.20-4W7	dicitur	NO MATCH	99301	Aspect#Imp|Mood#Ind|Number#Sing|Person#3|Tense#Pres|VerbForm#Fin|Voice#Pass
005.SCG*LB4.CP-3++7.N.11.5-3.7-3W4	dicuntur	NO MATCH	99301	Aspect#Imp|Mood#Ind|Number#Plur|Person#3|Tense#Pres|VerbForm#Fin|Voice#Pass
005.SCG*LB2.CP-6++7.N.-3.1-2.4-6W20	dicitur	NO MATCH	99301	Mood#Ind|Number#Sing|Person#3|Tense#Pres|VerbForm#Fin|Voice#Pass
005.SCG*LB4.CP--++4.N.16.13-3.19-3W23	dicitur	NO MATCH	99301	Aspect#Imp|Mood#Ind|Number#Sing|Person#3|Tense#Pres|VerbForm#Fin|Voice#Pass
005.SCG*LB4.CP-2++7.N.-1.10-2.12-5W16	fieret	NO MATCH	102758	Aspect#Imp|Mood#Sub|Number#Sing|Person#3|Tense#Imp|VerbForm#Fin|Voice#Pass
005.SCG*LB3.CP-7++6.N.-7.30-1.34-1W22	fit	NO MATCH	102758	Mood#Ind|Number#Sing|Person#3|Tense#Pres|VerbForm#Fin|Voice#Pass
005.SCG*LB2.CP-3++9.N.-9.9-1.18-2W48	praedictas	NO MATCH	118832	Aspect#Perf|Case#Acc|Degree#Pos|Gender#Fem|Number#Plur|Tense#Past|VerbForm#Part|Voice#Pass
005.SCG*LB4.CP--++7.N.-2.7-3.9-2W4	praedictam	NO MATCH	118832	Aspect#Perf|Case#Acc|Degree#Pos|Gender#Fem|Number#Sing|Tense#Past|VerbForm#Part|Voice#Pass
005.SCG*LB4.CP--++4.N.12.5-3.10-2W1	dicit	NO MATCH	99301	Aspect#Imp|Mood#Ind|Number#Sing|Person#3|Tense#Pres|VerbForm#Fin|Voice#Act
005.SCG*LB2.CP-3++4.N.-5.2-10.3-4W3	fieret	NO MATCH	102758	Aspect#Imp|Mood#Sub|Number#Sing|Person#3|Tense#Imp|VerbForm#Fin|Voice#Pass
005.SCG*LB3.CP-8++0.N.-2.24-1.32-1W8	praedicti	NO MATCH	118832	Aspect#Perf|Case#Gen|Degree#Pos|Gender#Masc|Number#Sing|Tense#Past|VerbForm#Part|Voice#Pass
005.SCG*LB2.CP-4++0.N.-3.3-4.6-5W14	fit	NO MATCH	102758	Mood#Ind|Number#Sing|Person#3|Tense#Pres|VerbForm#Fin|Voice#Pass
005.SCG*LB4.CP-5++6.N.-1.1-1.5-1W6	dictum	NO MATCH	99301	Aspect#Perf|Case#Nom|Degree#Pos|Gender#Neut|Number#Sing|Tense#Past|VerbForm#Part|Voice#Pass
005.SCG*LB4.CP-4++5.N.-8.1-1.4-4W24	dicatur	NO MATCH	99301	Aspect#Imp|Mood#Sub|Number#Sing|Person#3|Tense#Pres|VerbForm#Fin|Voice#Pass
005.SCG*LB2.CP-6++3.N.-1.1-1.4-1W1	praedictae	NO MATCH	118832	Aspect#Perf|Case#Dat|Degree#Pos|Gender#Fem|Number#Sing|Tense#Past|VerbForm#Part|Voice#Pass
005.SCG*LB2.CP--++6.N.--.1-1.2-3W8	essendi	NO MATCH	126689	Case#Gen|Degree#Pos|Number#Sing|VerbForm#Ger|Voice#Act
005.SCG*LB1.CP-8++8.N.-4.7-4.8-6W7	fit	NO MATCH	102758	Mood#Ind|Number#Sing|Person#3|Tense#Pres|VerbForm#Fin|Voice#Pass
005.SCG*LB4.CP-2++4.N.11.1-2.5-4W3	dicat	NO MATCH	99301	Aspect#Imp|Mood#Sub|Number#Sing|Person#3|Tense#Pres|VerbForm#Fin|Voice#Act
005.SCG*LB3.CP-6++5.N.-5.15-3.18-2W16	fieri	NO MATCH	102758	Tense#Pres|VerbForm#Inf|Voice#Pass
005.SCG*LB3.CP-9++5.N.14.20-5.22-2W5	dicit	NO MATCH	99301	Mood#Ind|Number#Sing|Person#3|Tense#Pres|VerbForm#Fin|Voice#Act
005.SCG*LB1.CP-9++3.N.-4.4-3.5-4W4	fiendae	NO MATCH	102758	Case#Gen|Degree#Pos|Gender#Fem|Number#Sing|VerbForm#Gdv|Voice#Pass
005.SCG*LB4.CP-3++7.N.10.13-1.17-2W29	dixit	NO MATCH	99301	Aspect#Perf|Mood#Ind|Number#Sing|Person#3|Tense#Past|VerbForm#Fin|Voice#Act
005.SCG*LB3.CP--++5.N.-3.1-2.2-6W6	expresse	NO MATCH	102229	Degree#Pos
005.SCG*LB4.CP-8++2.N.10.1-1.2-1W4	dicitur	NO MATCH	99301	Aspect#Imp|Mood#Ind|Number#Sing|Person#3|Tense#Pres|VerbForm#Fin|Voice#Pass
005.SCG*LB3.CP-1++2.N.-4.1-1.6-2W7	dicunt	NO MATCH	99301	Mood#Ind|Number#Plur|Person#3|Tense#Pres|VerbForm#Fin|Voice#Act
005.SCG*LB3.CP-4++5.N.-5.11-2.13-3W1	dicit	NO MATCH	99301	Mood#Ind|Number#Sing|Person#3|Tense#Pres|VerbForm#Fin|Voice#Act
005.SCG*LB4.CP-1++1.N.16.25-3.25-8W6	dicitur	NO MATCH	99301	Aspect#Imp|Mood#Ind|Number#Sing|Person#3|Tense#Pres|VerbForm#Fin|Voice#Pass
005.SCG*LB3.CP-8++8.N.-4.1-2.5-4W28	dicitur	NO MATCH	99301	Mood#Ind|Number#Sing|Person#3|Tense#Pres|VerbForm#Fin|Voice#Pass
005.SCG*LB4.CP--++4.N.13.5-8.10-4W22	diceretur	NO MATCH	99301	Aspect#Imp|Mood#Sub|Number#Sing|Person#3|Tense#Imp|VerbForm#Fin|Voice#Pass
005.SCG*LB4.CP--++5.N.-1.7-6.11-5W6	dicatur	NO MATCH	99301	Aspect#Imp|Mood#Sub|Number#Sing|Person#3|Tense#Pres|VerbForm#Fin|Voice#Pass
005.SCG*LB1.CP-6++0.N.-4.5-1.6-3W4	dicatur	NO MATCH	99301	Mood#Sub|Number#Sing|Person#3|Tense#Pres|VerbForm#Fin|Voice#Pass
005.SCG*LB3.CP13++2.N.30.2-1.5-6W5	dicere	NO MATCH	99301	Tense#Pres|VerbForm#Inf|Voice#Act
005.SCG*LB3.CP15++4.N.-8.16-3.18-2W9	dixit	NO MATCH	99301	Aspect#Perf|Mood#Ind|Number#Sing|Person#3|Tense#Past|VerbForm#Fin|Voice#Act
005.SCG*LB3.CP-8++6.N.-4.1-2.4-8W6	fieri	NO MATCH	102758	Tense#Pres|VerbForm#Inf|Voice#Pass
005.SCG*LB4.CP--++7.N.-3.6-3.8-2W10	praedicta	NO MATCH	118832	Aspect#Perf|Case#Nom|Degree#Pos|Gender#Fem|Number#Sing|Tense#Past|VerbForm#Part|Voice#Pass
005.SCG*LB3.CP14++4.N.-8.1-1.3-1W6	dicentium	NO MATCH	99301	Case#Gen|Degree#Pos|Gender#Masc|Number#Plur|Tense#Pres|VerbForm#Part|Voice#Act
005.SCG*LB4.CP-2++3.N.-4.11-8.12-7W7	dicitur	NO MATCH	99301	Aspect#Imp|Mood#Ind|Number#Sing|Person#3|Tense#Pres|VerbForm#Fin|Voice#Pass
005.SCG*LB1.CP-7++9.N.-6.1-1.8-4W38	volitum	NO MATCH	130745	Aspect#Perf|Case#Acc|Degree#Pos|Gender#Neut|Number#Sing|Tense#Past|VerbForm#Part|VerbType#Mod|Voice#Pass
005.SCG*LB3.CP-8++2.N.-6.12-5.16-2W23	alterato	NO MATCH	88470	Aspect#Perf|Case#Dat|Degree#Pos|Gender#Neut|Number#Sing|Tense#Past|VerbForm#Part|Voice#Pass
005.SCG*LB2.CP-1++9.N.-4.10-5.12-3W4	fieri	NO MATCH	102758	Tense#Pres|VerbForm#Inf|Voice#Pass
005.SCG*LB3.CP-2++6.N.10.13-5.15-4W5	volitum	NO MATCH	130745	Aspect#Perf|Case#Nom|Degree#Pos|Gender#Neut|Number#Sing|Tense#Past|VerbForm#Part|VerbType#Mod|Voice#Pass
005.SCG*LB4.CP-9++2.N.-7.1-2.5-6W13	fiat	NO MATCH	102758	Aspect#Imp|Mood#Sub|Number#Sing|Person#3|Tense#Pres|VerbForm#Fin|Voice#Pass
005.SCG*LB2.CP-3++6.N.-7.1-1.5-2W18	dicere	NO MATCH	99301	Tense#Pres|VerbForm#Inf|Voice#Act
005.SCG*LB3.CP10++9.N.-1.7-5.9-1W4	dicitur	NO MATCH	99301	Mood#Ind|Number#Sing|Person#3|Tense#Pres|VerbForm#Fin|Voice#Pass
005.SCG*LB3.CP-5++8.N.-4.5-1.7-3W14	dictis	NO MATCH	99301	Aspect#Perf|Case#Abl|Degree#Pos|Gender#Neut|Number#Plur|Tense#Past|VerbForm#Part|Voice#Pass
005.SCG*LB2.CP-5++5.N.-3.5-2.7-2W4	fieri	NO MATCH	102758	Tense#Pres|VerbForm#Inf|Voice#Pass
005.SCG*LB3.CP10++8.N.-7.11-2.14-5W4	dicere	NO MATCH	99301	Tense#Pres|VerbForm#Inf|Voice#Act
005.SCG*LB4.CP-6++2.N.-5.2-2.4-1W3	semotim	NO MATCH	124293	Degree#Pos
005.SCG*LB4.CP-4++1.N.-7.11-2.14-5W17	puta	NO MATCH	120610	VerbForm#Fin
005.SCG*LB3.CP12++7.N.-7.14-5.17-3W22	dicens	NO MATCH	99301	Case#Nom|Degree#Pos|Gender#Masc|Number#Sing|Tense#Pres|VerbForm#Part|Voice#Act
005.SCG*LB3.CP-6++3.N.-3.35-2.37-4W15	dicitur	NO MATCH	99301	Mood#Ind|Number#Sing|Person#3|Tense#Pres|VerbForm#Fin|Voice#Pass
005.SCG*LB3.CP-4++3.N.-3.37-2.40-4W3	dicimur	NO MATCH	99301	Mood#Ind|Number#Plur|Person#1|Tense#Pres|VerbForm#Fin|Voice#Pass
005.SCG*LB3.CP-2++0.N.-7.1-1.6-5W5	dictis	NO MATCH	99301	Aspect#Perf|Case#Abl|Degree#Pos|Gender#Neut|Number#Plur|Tense#Past|VerbForm#Part|Voice#Pass
005.SCG*LB3.CP-6++4.N.-4.14-7.18-6W24	dicitur	NO MATCH	99301	Mood#Ind|Number#Sing|Person#3|Tense#Pres|VerbForm#Fin|Voice#Pass
005.SCG*LB3.CP-8++5.N.18.7-1.8-8W9	dicitur	NO MATCH	99301	Mood#Ind|Number#Sing|Person#3|Tense#Pres|VerbForm#Fin|Voice#Pass
005.SCG*LB1.CP-1++5.N.-5.10-2.11-3W7	necesse-esse	NO MATCH	126689	Tense#Pres|VerbForm#Inf|Voice#Act
005.SCG*LB3.CP11++7.N.-4.4-2.5-4W2	convenientissime	NO MATCH	96424	Degree#Abs
005.SCG*LB2.CP-3++6.N.-7.11-4.15-3W21	dici	NO MATCH	99301	Tense#Pres|VerbForm#Inf|Voice#Pass
005.SCG*LB2.CP-7++7.N.-3.21-3.23-3W4	dicit	NO MATCH	99301	Mood#Ind|Number#Sing|Person#3|Tense#Pres|VerbForm#Fin|Voice#Act
005.SCG*LB2.CP-6++1.N.-4.2-5.4-1W5	praedicta	NO MATCH	118832	Aspect#Perf|Case#Abl|Degree#Pos|Gender#Fem|Number#Sing|Tense#Past|VerbForm#Part|Voice#Pass
005.SCG*LB1.CP-3++0.N.-2.1-1.7-4W14	eminentiorem	NO MATCH	100978	Case#Acc|Degree#Cmp|Gender#Masc|Number#Sing|Tense#Pres|VerbForm#Part|Voice#Act
005.SCG*LB2.CP-1++2.N.-4.1-2.6-4W2	praedictae	NO MATCH	118832	Aspect#Perf|Case#Nom|Degree#Pos|Gender#Fem|Number#Plur|Tense#Past|VerbForm#Part|Voice#Pass
005.SCG*LB4.CP-1++0.N.13.7-1.10-5W3	dicitur	NO MATCH	99301	Aspect#Imp|Mood#Ind|Number#Sing|Person#3|Tense#Pres|VerbForm#Fin|Voice#Pass
005.SCG*LB3.CP14++2.N.-7.1-1.3-4W7	dicentium	NO MATCH	99301	Case#Gen|Degree#Pos|Gender#Masc|Number#Plur|Tense#Pres|VerbForm#Part|Voice#Act
005.SCG*LB4.CP-1++4.N.-1.1-1.6-1W14	fit	NO MATCH	102758	Aspect#Imp|Mood#Ind|Number#Sing|Person#3|Tense#Pres|VerbForm#Fin|Voice#Pass
005.SCG*LB4.CP-4++7.N.-1.1-1.5-5W10	dicatur	NO MATCH	99301	Aspect#Imp|Mood#Sub|Number#Sing|Person#3|Tense#Pres|VerbForm#Fin|Voice#Pass
005.SCG*LB3.CP-5++8.N.-1.11-1.13-4W9	perfectus	NO MATCH	116821	Degree#Cmp
005.SCG*LB4.CP-8++1.N.-7.12-6.15-4W20	puta	NO MATCH	120610	VerbForm#Fin
005.SCG*LB4.CP-7++1.N.11.1-1.2-6W7	dixerit	NO MATCH	99301	Aspect#Perf|Mood#Sub|Number#Sing|Person#3|Tense#Past|VerbForm#Fin|Voice#Act
005.SCG*LB1.CP-5++4.N.-5.1-1.3-5W9	dixit	NO MATCH	99301	Aspect#Perf|Mood#Ind|Number#Sing|Person#3|Tense#Past|VerbForm#Fin|Voice#Act
005.SCG*LB1.CP-1++3.N.32.1-1.4-1W4	dicendum	NO MATCH	99301	Case#Nom|Degree#Pos|Gender#Neut|Number#Sing|VerbForm#Gdv|Voice#Pass
005.SCG*LB3.CP-9++2.N.-5.21-7.24-3W10	fieri	NO MATCH	102758	Tense#Pres|VerbForm#Inf|Voice#Pass
005.SCG*LB4.CP-1++1.N.13.37-6.37-7W2	dicat	NO MATCH	99301	Aspect#Imp|Mood#Sub|Number#Sing|Person#3|Tense#Pres|VerbForm#Fin|Voice#Act
005.SCG*LB3.CP-4++5.N.-6.17-2.22-4W14	dicit	NO MATCH	99301	Mood#Ind|Number#Sing|Person#3|Tense#Pres|VerbForm#Fin|Voice#Act
005.SCG*LB2.CP-7++2.N.-6.1-1.6-6W28	dicitur	NO MATCH	99301	Mood#Ind|Number#Sing|Person#3|Tense#Pres|VerbForm#Fin|Voice#Pass
005.SCG*LB2.CP-7++8.N.11.9-4.10-8W14	dixit	NO MATCH	99301	Aspect#Perf|Mood#Ind|Number#Sing|Person#3|Tense#Past|VerbForm#Fin|Voice#Act
005.SCG*LB4.CP-4++5.N.-4.4-5.9-4W7	dicente	NO MATCH	99301	Aspect#Imp|Case#Abl|Degree#Pos|Gender#Masc|Number#Sing|Tense#Pres|VerbForm#Part|Voice#Act
005.SCG*LB1.CP-9++3.N.-3.4-3.5-6W9	carens	NO MATCH	92848	Case#Nom|Degree#Pos|Number#Sing|Tense#Pres|VerbForm#Part|Voice#Act
005.SCG*LB4.CP-9++1.N.11.1-1.5-4W14	dicunt	NO MATCH	99301	Aspect#Imp|Mood#Ind|Number#Plur|Person#3|Tense#Pres|VerbForm#Fin|Voice#Act
005.SCG*LB2.CP-4++1.N.13.3-1.3-6W4	incoepit	NO MATCH	106965	Aspect#Perf|Mood#Ind|Number#Sing|Person#3|Tense#Past|VerbForm#Fin|Voice#Act
005.SCG*LB2.CP-8++6.N.-4.1-2.3-6W4	educitur	NO MATCH	100588	Mood#Ind|Number#Sing|Person#3|Tense#Pres|VerbForm#Fin|Voice#Pass
005.SCG*LB2.CP-9++7.N.-6.3-7.7-2W22	dicitur	NO MATCH	99301	Mood#Ind|Number#Sing|Person#3|Tense#Pres|VerbForm#Fin|Voice#Pass
005.SCG*LB2.CP-3++0.N.15.1-1.12-5W13	moto	NO MATCH	112848	Case#Abl|Degree#Pos|Gender#Masc|Number#Sing
005.SCG*LB3.CP-7++2.N.-3.1-2.4-1W17	dictis	NO MATCH	99301	Aspect#Perf|Case#Abl|Degree#Pos|Gender#Neut|Number#Plur|Tense#Past|VerbForm#Part|Voice#Pass
005.SCG*LB2.CP-7++4.N.16.9-2.12-4W6	dicit	NO MATCH	99301	Mood#Ind|Number#Sing|Person#3|Tense#Pres|VerbForm#Fin|Voice#Act
005.SCG*LB4.CP-2++3.N.-7.10-4.14-3W3	dicitur	NO MATCH	99301	Aspect#Imp|Mood#Ind|Number#Sing|Person#3|Tense#Pres|VerbForm#Fin|Voice#Pass
005.SCG*LB4.CP-5++5.N.27.1-1.7-4W9	sufficienter	NO MATCH	126601	Degree#Pos
005.SCG*LB3.CP13++4.N.-2.24-1.27-7W9	fit	NO MATCH	102758	Mood#Ind|Number#Sing|Person#3|Tense#Pres|VerbForm#Fin|Voice#Pass
005.SCG*LB3.CP-6++6.N.-3.1-2.5-6W18	fit	NO MATCH	102758	Mood#Ind|Number#Sing|Person#3|Tense#Pres|VerbForm#Fin|Voice#Pass
005.SCG*LB2.CP-3++1.N.-2.11-2.14-8W23	consequens	NO MATCH	96035	Case#Acc|Degree#Pos|Gender#Neut|Number#Sing|Tense#Pres|VerbForm#Part|Voice#Pass
005.SCG*LB3.CP-8++4.N.-5.4-3.7-5W26	dicitur	NO MATCH	99301	Mood#Ind|Number#Sing|Person#3|Tense#Pres|VerbForm#Fin|Voice#Pass
005.SCG*LB2.CP-6++0.N.-9.8-3.10-1W6	dici	NO MATCH	99301	Tense#Pres|VerbForm#Inf|Voice#Pass
005.SCG*LB3.CP10++4.N.-8.12-1.15-3W13	fit	NO MATCH	102758	Mood#Ind|Number#Sing|Person#3|Tense#Pres|VerbForm#Fin|Voice#Pass
005.SCG*LB2.CP-8++2.N.18.8-2.8-6W5	dicuntur	NO MATCH	99301	Mood#Ind|Number#Plur|Person#3|Tense#Pres|VerbForm#Fin|Voice#Pass
005.SCG*LB3.CP13++0.N.-4.12-6.13-3W1	dicitur	NO MATCH	99301	Mood#Ind|Number#Sing|Person#3|Tense#Pres|VerbForm#Fin|Voice#Pass
005.SCG*LB3.CP10++5.N.-8.1-1.7-1W4	dicat	NO MATCH	99301	Mood#Sub|Number#Sing|Person#3|Tense#Pres|VerbForm#Fin|Voice#Act
005.SCG*LB2.CP-1++2.N.-2.5-3.9-6W31	diceretur	NO MATCH	99301	Aspect#Imp|Mood#Sub|Number#Sing|Person#3|Tense#Imp|VerbForm#Fin|Voice#Pass
005.SCG*LB1.CP-2++5.N.10.3-6.6-1W5	dicitur	NO MATCH	99301	Mood#Ind|Number#Sing|Person#3|Tense#Pres|VerbForm#Fin|Voice#Pass
005.SCG*LB4.CP-2++3.N.-5.1-1.3-2W14	dicuntur	NO MATCH	99301	Aspect#Imp|Mood#Ind|Number#Plur|Person#3|Tense#Pres|VerbForm#Fin|Voice#Pass
005.SCG*LB2.CP-3++3.N.-8.11-1.15-3W21	praedictae	NO MATCH	118832	Aspect#Perf|Case#Nom|Degree#Pos|Gender#Fem|Number#Plur|Tense#Past|VerbForm#Part|Voice#Pass
005.SCG*LB1.CP-9++3.N.-7.14-4.16-4W17	dici	NO MATCH	99301	Tense#Pres|VerbForm#Inf|Voice#Pass
005.SCG*LB3.CP11++6.N.-2.12-1.14-1W15	differenter	NO MATCH	99342	Case#Loc|Degree#Pos|Number#Sing|Tense#Pres|VerbForm#Part|Voice#Act
005.SCG*LB3.CP-6++5.N.-8.6-1.8-7W6	dicere	NO MATCH	99301	Tense#Pres|VerbForm#Inf|Voice#Act
005.SCG*LB4.CP-6++9.N.-6.6-5.10-4W24	subsequentes	NO MATCH	126356	Aspect#Imp|Case#Acc|Degree#Pos|Gender#Masc|Number#Plur|Tense#Pres|VerbForm#Part|Voice#Pass
005.SCG*LB4.CP-3++2.N.-5.5-1.7-7W20	dicens	NO MATCH	99301	Aspect#Imp|Case#Nom|Degree#Pos|Gender#Masc|Number#Sing|Tense#Pres|VerbForm#Part|Voice#Act
005.SCG*LB2.CP-7++9.N.16.5-1.6-1W6	dicit	NO MATCH	99301	Mood#Ind|Number#Sing|Person#3|Tense#Pres|VerbForm#Fin|Voice#Act
005.SCG*LB4.CP-1++9.N.-3.9-3.14-6W19	diximus	NO MATCH	99301	Aspect#Perf|Mood#Ind|Number#Plur|Person#1|Tense#Past|VerbForm#Fin|Voice#Act
005.SCG*LB3.CP15++7.N.-6.1-1.3-6W9	dixerunt	NO MATCH	99301	Aspect#Perf|Mood#Ind|Number#Plur|Person#3|Tense#Past|VerbForm#Fin|Voice#Act
005.SCG*LB1.CP-4++2.N.-9.36-5.39-2W9	essendi	NO MATCH	126689	Case#Gen|Degree#Pos|Number#Sing|VerbForm#Ger|Voice#Act
005.SCG*LB4.CP-2++7.N.-1.1-1.7-2W11	dictum	NO MATCH	99301	Aspect#Perf|Case#Nom|Degree#Pos|Gender#Neut|Number#Sing|Tense#Past|VerbForm#Part|Voice#Pass
005.SCG*LB4.CP-4++1.N.-9.1-1.6-3W22	dicere	NO MATCH	99301	Aspect#Imp|Tense#Pres|VerbForm#Inf|Voice#Act
005.SCG*LB4.CP--++4.N.-2.20-4.21-3W2	dixi	NO MATCH	99301	Aspect#Perf|Mood#Ind|Number#Sing|Person#1|Tense#Past|VerbForm#Fin|Voice#Act
005.SCG*LB2.CP-9++6.N.-3.7-1.9-2W5	obiectum	NO MATCH	114227	Case#Nom|Degree#Pos|Gender#Neut|Number#Sing
005.SCG*LB4.CP-1++1.N.17.23-1.27-3W10	dicente	NO MATCH	99301	Aspect#Imp|Case#Abl|Degree#Pos|Gender#Masc|Number#Sing|Tense#Pres|VerbForm#Part|Voice#Act
005.SCG*LB2.CP-4++4.N.-7.3-3.7-2W16	dicebat	NO MATCH	99301	Aspect#Imp|Mood#Ind|Number#Sing|Person#3|Tense#Imp|VerbForm#Fin|Voice#Act
005.SCG*LB2.CP-3++7.N.-2.1-1.5-1W9	fieri	NO MATCH	102758	Tense#Pres|VerbForm#Inf|Voice#Pass
005.SCG*LB2.CP-3++7.N.-2.38-3.40-4W12	fieri	NO MATCH	102758	Tense#Pres|VerbForm#Inf|Voice#Pass
005.SCG*LB4.CP-3++6.N.-7.7-1.8-1W5	consequens	NO MATCH	96035	Aspect#Imp|Case#Nom|Degree#Pos|Gender#Masc|Number#Sing|Tense#Pres|VerbForm#Part|Voice#Pass
005.SCG*LB4.CP-3++4.N.15.8-2.10-8W1	convenienter	NO MATCH	96424	Degree#Pos
005.SCG*LB3.CP15++9.N.-1.24-6.29-1W7	dicitur	NO MATCH	99301	Mood#Ind|Number#Sing|Person#3|Tense#Pres|VerbForm#Fin|Voice#Pass
005.SCG*LB1.CP-2++7.N.-8.2-3.2-6W1	dicitur	NO MATCH	99301	Mood#Ind|Number#Sing|Person#3|Tense#Pres|VerbForm#Fin|Voice#Pass
005.SCG*LB4.CP-8++3.N.12.11-5.14-6W5	dicit	NO MATCH	99301	Aspect#Imp|Mood#Ind|Number#Sing|Person#3|Tense#Pres|VerbForm#Fin|Voice#Act
005.SCG*LB1.CP-7++9.N.-5.2-3.4-7W4	dicitur	NO MATCH	99301	Mood#Ind|Number#Sing|Person#3|Tense#Pres|VerbForm#Fin|Voice#Pass
005.SCG*LB4.CP--++8.N.-5.29-1.30-2W9	dicit	NO MATCH	99301	Aspect#Imp|Mood#Ind|Number#Sing|Person#3|Tense#Pres|VerbForm#Fin|Voice#Act
005.SCG*LB2.CP-8++5.N.11.10-1.14-3W16	dictum	NO MATCH	99301	Aspect#Perf|Case#Nom|Degree#Pos|Gender#Neut|Number#Sing|Tense#Past|VerbForm#Part|Voice#Pass
005.SCG*LB2.CP-7++4.N.-2.7-6.11-8W23	fit	NO MATCH	102758	Mood#Ind|Number#Sing|Person#3|Tense#Pres|VerbForm#Fin|Voice#Pass
005.SCG*LB4.CP-3++9.N.-2.23-2.27-4W19	dicere	NO MATCH	99301	Aspect#Imp|Tense#Pres|VerbForm#Inf|Voice#Act
005.SCG*LB3.CP12++0.N.-3.5-3.11-1W27	dicebant	NO MATCH	99301	Aspect#Imp|Mood#Ind|Number#Plur|Person#3|Tense#Imp|VerbForm#Fin|Voice#Act
005.SCG*LB1.CP-1++3.N.22.13-1.14-7W4	dici	NO MATCH	99301	Tense#Pres|VerbForm#Inf|Voice#Pass
005.SCG*LB2.CP-1++3.N.-4.5-2.7-1W3	praedictae	NO MATCH	118832	Aspect#Perf|Case#Nom|Degree#Pos|Gender#Fem|Number#Plur|Tense#Past|VerbForm#Part|Voice#Pass
005.SCG*LB1.CP-3++3.N.-7.1-1.7-4W20	dicatur	NO MATCH	99301	Mood#Sub|Number#Sing|Person#3|Tense#Pres|VerbForm#Fin|Voice#Pass
005.SCG*LB2.CP-9++8.N.10.28-4.31-2W12	dicit	NO MATCH	99301	Mood#Ind|Number#Sing|Person#3|Tense#Pres|VerbForm#Fin|Voice#Act
005.SCG*LB3.CP-4++3.N.-9.6-3.8-4W1	fit	NO MATCH	102758	Mood#Ind|Number#Sing|Person#3|Tense#Pres|VerbForm#Fin|Voice#Pass
005.SCG*LB4.CP--++3.N.-1.8-1.14-3W36	praedicta	NO MATCH	118832	Aspect#Perf|Case#Nom|Degree#Pos|Gender#Fem|Number#Sing|Tense#Past|VerbForm#Part|Voice#Pass
005.SCG*LB3.CP14++5.N.-2.1-2.4-1W15	dictum	NO MATCH	99301	Aspect#Perf|Case#Nom|Degree#Pos|Gender#Neut|Number#Sing|Tense#Past|VerbForm#Part|Voice#Pass
005.SCG*LB3.CP-9++8.N.-6.4-1.9-5W17	dicentes	NO MATCH	99301	Case#Nom|Degree#Pos|Gender#Masc|Number#Plur|Tense#Pres|VerbForm#Part|Voice#Act
005.SCG*LB1.CP-3++9.N.-4.1-2.3-5W11	dici	NO MATCH	99301	Tense#Pres|VerbForm#Inf|Voice#Pass
005.SCG*LB1.CP-2++7.N.-9.1-1.8-2W27	dicentes	NO MATCH	99301	Case#Nom|Degree#Pos|Gender#Masc|Number#Plur|Tense#Pres|VerbForm#Part|Voice#Act
005.SCG*LB4.CP-9++1.N.-8.4-2.5-2W1	dicitur	NO MATCH	99301	Aspect#Imp|Mood#Ind|Number#Sing|Person#3|Tense#Pres|VerbForm#Fin|Voice#Pass
005.SCG*LB2.CP-1++3.N.-1.1-1.3-5W7	praedictae	NO MATCH	118832	Aspect#Perf|Case#Nom|Degree#Pos|Gender#Fem|Number#Plur|Tense#Past|VerbForm#Part|Voice#Pass
005.SCG*LB1.CP-2++8.N.-9.26-3.27-5W6	dicimus	NO MATCH	99301	Mood#Ind|Number#Plur|Person#1|Tense#Pres|VerbForm#Fin|Voice#Act
005.SCG*LB1.CP-3++1.N.-2.26-5.30-3W17	essendi	NO MATCH	126689	Case#Gen|Degree#Pos|Number#Sing|VerbForm#Ger|Voice#Act
005.SCG*LB2.CP-8++2.N.12.4-1.5-7W5	fit	NO MATCH	102758	Mood#Ind|Number#Sing|Person#3|Tense#Pres|VerbForm#Fin|Voice#Pass
005.SCG*LB3.CP-9++5.N.17.8-5.10-6W13	dicens	NO MATCH	99301	Case#Nom|Degree#Pos|Gender#Neut|Number#Sing|Tense#Pres|VerbForm#Part|Voice#Act
005.SCG*LB2.CP-1++1.N.-5.4-2.5-1W1	dicuntur	NO MATCH	99301	Mood#Ind|Number#Plur|Person#3|Tense#Pres|VerbForm#Fin|Voice#Pass
005.SCG*LB4.CP-1++3.N.-5.9-4.10-8W10	dicta	NO MATCH	99301	Aspect#Perf|Case#Nom|Degree#Pos|Gender#Neut|Number#Plur|Tense#Past|VerbForm#Part|Voice#Pass
005.SCG*LB2.CP-2++1.N.11.5-1.6-2W9	dicit	NO MATCH	99301	Mood#Ind|Number#Sing|Person#3|Tense#Pres|VerbForm#Fin|Voice#Act
005.SCG*LB1.CP-5++5.N.-7.4-4.6-3W13	dictis	NO MATCH	99301	Aspect#Perf|Case#Abl|Degree#Pos|Gender#Neut|Number#Plur|Tense#Past|VerbForm#Part|Voice#Pass
005.SCG*LB3.CP10++0.N.-5.4-1.7-2W13	dici	NO MATCH	99301	Tense#Pres|VerbForm#Inf|Voice#Pass
005.SCG*LB4.CP--++3.N.-1.15-1.15-4W1	dicitur	NO MATCH	99301	Aspect#Imp|Mood#Ind|Number#Sing|Person#3|Tense#Pres|VerbForm#Fin|Voice#Pass
005.SCG*LB4.CP-3++4.N.17.18-7.20-8W4	dicere	NO MATCH	99301	Aspect#Imp|Tense#Pres|VerbForm#Inf|Voice#Act
005.SCG*LB4.CP-2++9.N.-7.1-1.3-3W13	dicit	NO MATCH	99301	Aspect#Imp|Mood#Ind|Number#Sing|Person#3|Tense#Pres|VerbForm#Fin|Voice#Act
005.SCG*LB2.CP-2++2.N.-6.16-1.20-7W35	fit	NO MATCH	102758	Mood#Ind|Number#Sing|Person#3|Tense#Pres|VerbForm#Fin|Voice#Pass
005.SCG*LB4.CP-8++6.N.-6.9-4.12-3W5	dicit	NO MATCH	99301	Aspect#Imp|Mood#Ind|Number#Sing|Person#3|Tense#Pres|VerbForm#Fin|Voice#Act
005.SCG*LB1.CP-7++6.N.-4.1-2.5-1W15	semotim	NO MATCH	124293	Degree#Pos
005.SCG*LB2.CP-6++1.N.-2.1-1.9-2W13	dicens	NO MATCH	99301	Case#Nom|Degree#Pos|Gender#Masc|Number#Sing|Tense#Pres|VerbForm#Part|Voice#Act
005.SCG*LB3.CP-2++6.N.18.5-5.8-1W19	dictis	NO MATCH	99301	Aspect#Perf|Case#Abl|Degree#Pos|Gender#Neut|Number#Plur|Tense#Past|VerbForm#Part|Voice#Pass
005.SCG*LB3.CP16++2.N.-7.10-2.10-5W5	dicitur	NO MATCH	99301	Mood#Ind|Number#Sing|Person#3|Tense#Pres|VerbForm#Fin|Voice#Pass
005.SCG*LB4.CP-1++8.N.-1.1-1.9-3W23	dixisse	NO MATCH	99301	Aspect#Perf|Tense#Past|VerbForm#Inf|Voice#Act
005.SCG*LB3.CP-9++5.N.21.8-7.14-2W19	dicitur	NO MATCH	99301	Mood#Ind|Number#Sing|Person#3|Tense#Pres|VerbForm#Fin|Voice#Pass
005.SCG*LB1.CP-2++1.N.-4.5-4.9-1W3	dicitur	NO MATCH	99301	Mood#Ind|Number#Sing|Person#3|Tense#Pres|VerbForm#Fin|Voice#Pass
005.SCG*LB2.CP-7++4.N.-6.1-1.8-4W1	dicere	NO MATCH	99301	Tense#Pres|VerbForm#Inf|Voice#Act
005.SCG*LB3.CP-2++6.N.21.3-2.8-4W14	consequentem	NO MATCH	96035	Case#Acc|Degree#Pos|Gender#Fem|Number#Sing|Tense#Pres|VerbForm#Part|Voice#Pass
005.SCG*LB3.CP-4++1.N.-9.18-1.18-7W5	dici	NO MATCH	99301	Tense#Pres|VerbForm#Inf|Voice#Pass
005.SCG*LB2.CP-3++8.N.10.2-4.6-4W8	fieri	NO MATCH	102758	Tense#Pres|VerbForm#Inf|Voice#Pass
005.SCG*LB4.CP-7++2.N.11.9-1.17-6W39	dicit	NO MATCH	99301	Aspect#Imp|Mood#Ind|Number#Sing|Person#3|Tense#Pres|VerbForm#Fin|Voice#Act
005.SCG*LB1.CP-6++9.N.10.9-5.11-2W9	dictis	NO MATCH	99301	Aspect#Perf|Case#Abl|Degree#Pos|Gender#Neut|Number#Plur|Tense#Past|VerbForm#Part|Voice#Pass
005.SCG*LB3.CP15++0.N.-1.1-1.8-1W14	dicitur	NO MATCH	99301	Mood#Ind|Number#Sing|Person#3|Tense#Pres|VerbForm#Fin|Voice#Pass
005.SCG*LB3.CP-9++7.N.16.9-4.10-2W7	dicere	NO MATCH	99301	Tense#Pres|VerbForm#Inf|Voice#Act
005.SCG*LB4.CP--++2.N.-2.5-3.6-2W1	dicitur	NO MATCH	99301	Aspect#Imp|Mood#Ind|Number#Sing|Person#3|Tense#Pres|VerbForm#Fin|Voice#Pass
005.SCG*LB3.CP-6++3.N.-4.14-3.17-5W20	dicitur	NO MATCH	99301	Mood#Ind|Number#Sing|Person#3|Tense#Pres|VerbForm#Fin|Voice#Pass
005.SCG*LB3.CP15++4.N.-8.18-3.19-4W11	eiicite	NO MATCH	100727	Mood#Imp|Number#Plur|Person#2|Tense#Pres|VerbForm#Fin|Voice#Act
005.SCG*LB4.CP-8++2.N.-8.13-1.15-3W13	consequens	NO MATCH	96035	Aspect#Imp|Case#Acc|Degree#Pos|Gender#Neut|Number#Sing|Tense#Pres|VerbForm#Part|Voice#Pass
005.SCG*LB4.CP-4++6.N.-3.7-5.10-2W11	convenienter	NO MATCH	96424	Degree#Pos
005.SCG*LB2.CP-3++6.N.-7.1-1.5-2W13	incoepit	NO MATCH	106965	Aspect#Perf|Mood#Ind|Number#Sing|Person#3|Tense#Past|VerbForm#Fin|Voice#Act
005.SCG*LB4.CP-1++7.N.10.3-3.3-4W2	dixi	NO MATCH	99301	Aspect#Perf|Mood#Ind|Number#Sing|Person#1|Tense#Past|VerbForm#Fin|Voice#Act
005.SCG*LB4.CP-4++1.N.-3.22-1.26-5W14	dicitur	NO MATCH	99301	Aspect#Imp|Mood#Ind|Number#Sing|Person#3|Tense#Pres|VerbForm#Fin|Voice#Pass
005.SCG*LB4.CP-4++5.N.-6.7-2.12-7W12	dicentis	NO MATCH	99301	Aspect#Imp|Case#Gen|Degree#Pos|Gender#Masc|Number#Sing|Tense#Pres|VerbForm#Part|Voice#Act
005.SCG*LB2.CP-8++9.N.13.1-1.6-2W29	dicimus	NO MATCH	99301	Mood#Ind|Number#Plur|Person#1|Tense#Pres|VerbForm#Fin|Voice#Act
005.SCG*LB2.CP-6++4.N.-1.1-1.3-2W7	dicentium	NO MATCH	99301	Case#Gen|Degree#Pos|Gender#Masc|Number#Plur|Tense#Pres|VerbForm#Part|Voice#Act
005.SCG*LB3.CP-9++5.N.20.38-6.42-7W3	dicunt	NO MATCH	99301	Mood#Ind|Number#Plur|Person#3|Tense#Pres|VerbForm#Fin|Voice#Act
005.SCG*LB3.CP11++4.N.-2.1-2.5-8W5	dictum	NO MATCH	99301	Aspect#Perf|Case#Nom|Degree#Pos|Gender#Neut|Number#Sing|Tense#Past|VerbForm#Part|Voice#Pass
005.SCG*LB4.CP--++5.N.11.30-1.31-3W6	dicitur	NO MATCH	99301	Aspect#Imp|Mood#Ind|Number#Sing|Person#3|Tense#Pres|VerbForm#Fin|Voice#Pass
005.SCG*LB2.CP-6++0.N.-1.14-2.22-5W37	praedicta	NO MATCH	118832	Aspect#Perf|Case#Nom|Degree#Pos|Gender#Fem|Number#Sing|Tense#Past|VerbForm#Part|Voice#Pass
005.SCG*LB4.CP-2++4.N.-5.12-1.12-8W3	dicit	NO MATCH	99301	Aspect#Imp|Mood#Ind|Number#Sing|Person#3|Tense#Pres|VerbForm#Fin|Voice#Act
005.SCG*LB1.CP-3++2.N.-2.5-3.6-7W4	dicitur	NO MATCH	99301	Mood#Ind|Number#Sing|Person#3|Tense#Pres|VerbForm#Fin|Voice#Pass
005.SCG*LB4.CP-2++4.N.-2.31-1.34-6W9	dici	NO MATCH	99301	Aspect#Imp|Tense#Pres|VerbForm#Inf|Voice#Pass
005.SCG*LB3.CP-7++5.N.-3.17-3.20-1W4	dici	NO MATCH	99301	Tense#Pres|VerbForm#Inf|Voice#Pass
005.SCG*LB3.CP-6++7.N.-7.1-1.3-2W4	dicitur	NO MATCH	99301	Mood#Ind|Number#Sing|Person#3|Tense#Pres|VerbForm#Fin|Voice#Pass
005.SCG*LB2.CP-5++5.N.-2.6-6.8-4W5	fit	NO MATCH	102758	Mood#Ind|Number#Sing|Person#3|Tense#Pres|VerbForm#Fin|Voice#Pass
005.SCG*LB4.CP-3++8.N.-8.4-3.5-8W12	dicuntur	NO MATCH	99301	Aspect#Imp|Mood#Ind|Number#Plur|Person#3|Tense#Pres|VerbForm#Fin|Voice#Pass
005.SCG*LB3.CP13++2.N.21.10-2.12-2W1	praedictus	NO MATCH	118832	Aspect#Perf|Case#Nom|Degree#Pos|Gender#Masc|Number#Sing|Tense#Past|VerbForm#Part|Voice#Pass
005.SCG*LB4.CP-5++5.N.-9.11-1.14-6W17	praedictae	NO MATCH	118832	Aspect#Perf|Case#Dat|Degree#Pos|Gender#Fem|Number#Sing|Tense#Past|VerbForm#Part|Voice#Pass
005.SCG*LB3.CP-8++5.N.20.21-1.22-2W6	dicere	NO MATCH	99301	Tense#Pres|VerbForm#Inf|Voice#Act
005.SCG*LB3.CP13++5.N.22.16-4.19-2W1	puta	NO MATCH	120610	
005.SCG*LB3.CP-8++7.N.-4.17-4.20-6W22	dictum	NO MATCH	99301	Aspect#Perf|Case#Nom|Degree#Pos|Gender#Neut|Number#Sing|Tense#Past|VerbForm#Part|Voice#Pass
005.SCG*LB4.CP-2++3.N.11.28-6.31-6W1	dicitur	NO MATCH	99301	Aspect#Imp|Mood#Ind|Number#Sing|Person#3|Tense#Pres|VerbForm#Fin|Voice#Pass
005.SCG*LB2.CP-7++8.N.-4.11-1.16-2W37	dicitur	NO MATCH	99301	Mood#Ind|Number#Sing|Person#3|Tense#Pres|VerbForm#Fin|Voice#Pass
005.SCG*LB2.CP-7++8.N.-7.11-5.14-5W18	dici	NO MATCH	99301	Tense#Pres|VerbForm#Inf|Voice#Pass
005.SCG*LB3.CP-9++5.N.16.11-2.14-3W19	fiat	NO MATCH	102758	Mood#Sub|Number#Sing|Person#3|Tense#Pres|VerbForm#Fin|Voice#Pass
005.SCG*LB3.CP12++8.N.-7.20-5.22-4W3	fit	NO MATCH	102758	Mood#Ind|Number#Sing|Person#3|Tense#Pres|VerbForm#Fin|Voice#Pass
005.SCG*LB4.CP-2++9.N.-3.11-4.14-7W9	dici	NO MATCH	99301	Aspect#Imp|Tense#Pres|VerbForm#Inf|Voice#Pass
005.SCG*LB4.CP-2++2.N.-1.1-1.5-2W15	dicuntur	NO MATCH	99301	Aspect#Imp|Mood#Ind|Number#Plur|Person#3|Tense#Pres|VerbForm#Fin|Voice#Pass
005.SCG*LB4.CP-6++5.N.-4.1-1.4-6W4	dici	NO MATCH	99301	Aspect#Imp|Tense#Pres|VerbForm#Inf|Voice#Pass
005.SCG*LB4.CP-7++3.N.-9.6-4.7-1W3	dicit	NO MATCH	99301	Aspect#Imp|Mood#Ind|Number#Sing|Person#3|Tense#Pres|VerbForm#Fin|Voice#Act
005.SCG*LB4.CP-8++1.N.-8.11-1.16-3W3	dicitur	NO MATCH	99301	Aspect#Imp|Mood#Ind|Number#Sing|Person#3|Tense#Pres|VerbForm#Fin|Voice#Pass
005.SCG*LB3.CP-4++7.N.-6.31-4.37-4W26	dicitur	NO MATCH	99301	Mood#Ind|Number#Sing|Person#3|Tense#Pres|VerbForm#Fin|Voice#Pass
005.SCG*LB4.CP--++9.N.-6.1-1.8-3W56	dictum	NO MATCH	99301	Aspect#Perf|Case#Nom|Degree#Pos|Gender#Neut|Number#Sing|Tense#Past|VerbForm#Part|Voice#Pass
005.SCG*LB4.CP-2++4.N.-3.10-1.14-4W20	dixit	NO MATCH	99301	Aspect#Perf|Mood#Ind|Number#Sing|Person#3|Tense#Past|VerbForm#Fin|Voice#Act
005.SCG*LB2.CP-7++8.N.-5.1-2.3-1W2	dicit	NO MATCH	99301	Mood#Ind|Number#Sing|Person#3|Tense#Pres|VerbForm#Fin|Voice#Act
005.SCG*LB3.CP13++2.N.21.6-3.8-2W8	praedicto	NO MATCH	118832	Aspect#Perf|Case#Abl|Degree#Pos|Gender#Masc|Number#Sing|Tense#Past|VerbForm#Part|Voice#Pass
005.SCG*LB1.CP-6++8.N.-7.2-2.2-5W1	dicitur	NO MATCH	99301	Mood#Ind|Number#Sing|Person#3|Tense#Pres|VerbForm#Fin|Voice#Pass
005.SCG*LB2.CP-8++0.N.-6.30-1.34-2W4	dicit	NO MATCH	99301	Mood#Ind|Number#Sing|Person#3|Tense#Pres|VerbForm#Fin|Voice#Act
005.SCG*LB2.CP-9++8.N.19.21-1.23-5W4	dicit	NO MATCH	99301	Mood#Ind|Number#Sing|Person#3|Tense#Pres|VerbForm#Fin|Voice#Act
005.SCG*LB4.CP--++7.N.-3.1-1.6-2W6	excellentioris	NO MATCH	101840	Aspect#Imp|Case#Gen|Degree#Cmp|Gender#Fem|Number#Sing|Tense#Pres|VerbForm#Part|Voice#Act
005.SCG*LB3.CP-4++9.N.-8.10-5.14-1W15	dicit	NO MATCH	99301	Mood#Ind|Number#Sing|Person#3|Tense#Pres|VerbForm#Fin|Voice#Act
005.SCG*LB4.CP--++8.N.-4.39-6.44-5W3	dicit	NO MATCH	99301	Aspect#Imp|Mood#Ind|Number#Sing|Person#3|Tense#Pres|VerbForm#Fin|Voice#Act
005.SCG*LB1.CP-4++3.N.13.24-5.27-2W8	praedictam	NO MATCH	118832	Aspect#Perf|Case#Acc|Degree#Pos|Gender#Fem|Number#Sing|Tense#Past|VerbForm#Part|Voice#Pass
005.SCG*LB2.CP-6++8.N.10.1-1.12-3W17	praedictarum	NO MATCH	118832	Aspect#Perf|Case#Gen|Degree#Pos|Gender#Fem|Number#Plur|Tense#Past|VerbForm#Part|Voice#Pass
005.SCG*LB3.CP--++8.N.-3.4-4.5-3W5	dicuntur	NO MATCH	99301	Mood#Ind|Number#Plur|Person#3|Tense#Pres|VerbForm#Fin|Voice#Pass
005.SCG*LB1.CP-4++0.N.-3.1-2.6-2W23	dicitur	NO MATCH	99301	Mood#Ind|Number#Sing|Person#3|Tense#Pres|VerbForm#Fin|Voice#Pass
005.SCG*LB3.CP15++4.N.13.6-5.12-5W20	fit	NO MATCH	102758	Mood#Ind|Number#Sing|Person#3|Tense#Pres|VerbForm#Fin|Voice#Pass
005.SCG*LB4.CP-1++9.N.12.1-1.5-3W12	praedictus	NO MATCH	118832	Aspect#Perf|Case#Nom|Degree#Pos|Gender#Masc|Number#Sing|Tense#Past|VerbForm#Part|Voice#Pass
005.SCG*LB1.CP--++7.N.-3.3-3.4-4W3	ficte	NO MATCH	103319	Degree#Pos
005.SCG*LB4.CP-3++4.N.-5.11-3.13-4W3	dicitur	NO MATCH	99301	Aspect#Imp|Mood#Ind|Number#Sing|Person#3|Tense#Pres|VerbForm#Fin|Voice#Pass
005.SCG*LB3.CP-9++2.N.12.27-4.30-1W17	dictum	NO MATCH	99301	Aspect#Perf|Case#Nom|Degree#Pos|Gender#Neut|Number#Sing|Tense#Past|VerbForm#Part|Voice#Pass
005.SCG*LB4.CP-3++7.N.10.13-1.17-2W5	dixit	NO MATCH	99301	Aspect#Perf|Mood#Ind|Number#Sing|Person#3|Tense#Past|VerbForm#Fin|Voice#Act
005.SCG*LB2.CP-9++2.N.12.1-1.5-1W6	dicentium	NO MATCH	99301	Case#Gen|Degree#Pos|Gender#Masc|Number#Plur|Tense#Pres|VerbForm#Part|Voice#Act
005.SCG*LB2.CP-2++1.N.10.1-2.9-1W46	fiat	NO MATCH	102758	Mood#Sub|Number#Sing|Person#3|Tense#Pres|VerbForm#Fin|Voice#Pass
005.SCG*LB4.CP-1++1.N.16.14-4.17-4W9	dicentis	NO MATCH	99301	Aspect#Imp|Case#Gen|Degree#Pos|Gender#Masc|Number#Sing|Tense#Pres|VerbForm#Part|Voice#Act
005.SCG*LB4.CP-1++1.N.18.21-5.24-4W8	dicente	NO MATCH	99301	Aspect#Imp|Case#Abl|Degree#Pos|Gender#Masc|Number#Sing|Tense#Pres|VerbForm#Part|Voice#Act
005.SCG*LB2.CP-8++5.N.14.1-1.5-1W22	dici	NO MATCH	99301	Tense#Pres|VerbForm#Inf|Voice#Pass
005.SCG*LB3.CP-8++6.N.13.1-1.6-4W5	dicit	NO MATCH	99301	Mood#Ind|Number#Sing|Person#3|Tense#Pres|VerbForm#Fin|Voice#Act
005.SCG*LB4.CP-1++7.N.-5.1-2.5-3W27	dicens	NO MATCH	99301	Aspect#Imp|Case#Nom|Degree#Pos|Gender#Masc|Number#Sing|Tense#Pres|VerbForm#Part|Voice#Act
005.SCG*LB2.CP-8++6.N.-6.1-2.4-4W3	dicere	NO MATCH	99301	Tense#Pres|VerbForm#Inf|Voice#Act
005.SCG*LB1.CP-6++7.N.-9.17-6.21-3W12	coexistit	NO MATCH	94708	Mood#Ind|Number#Sing|Person#3|Tense#Pres|VerbForm#Fin|Voice#Act
005.SCG*LB1.CP-1++0.N.-4.1-2.3-5W5	notissimas	NO MATCH	113840	Aspect#Perf|Case#Acc|Degree#Sup|Gender#Fem|Number#Plur|Tense#Past|VerbForm#Part|Voice#Pass
005.SCG*LB3.CP-5++4.N.-8.10-2.11-1W6	abiicienda	NO MATCH	86884	Case#Nom|Degree#Pos|Gender#Fem|Number#Sing|VerbForm#Gdv|Voice#Pass
005.SCG*LB4.CP-3++4.N.25.10-1.10-5W1	dicitur	NO MATCH	99301	Aspect#Imp|Mood#Ind|Number#Sing|Person#3|Tense#Pres|VerbForm#Fin|Voice#Pass
005.SCG*LB4.CP-2++3.N.-8.1-1.4-5W4	dicitur	NO MATCH	99301	Aspect#Imp|Mood#Ind|Number#Sing|Person#3|Tense#Pres|VerbForm#Fin|Voice#Pass
005.SCG*LB2.CP-2++5.N.--.1-1.2-3W3	dicatur	NO MATCH	99301	Mood#Sub|Number#Sing|Person#3|Tense#Pres|VerbForm#Fin|Voice#Pass
005.SCG*LB4.CP-1++1.N.-9.17-5.18-4W6	dicitur	NO MATCH	99301	Aspect#Imp|Mood#Ind|Number#Sing|Person#3|Tense#Pres|VerbForm#Fin|Voice#Pass
005.SCG*LB1.CP-3++3.N.-1.1-1.4-8W18	dicitur	NO MATCH	99301	Mood#Ind|Number#Sing|Person#3|Tense#Pres|VerbForm#Fin|Voice#Pass
005.SCG*LB1.CP-4++2.N.-9.19-3.20-4W8	praedicta	NO MATCH	118832	Aspect#Perf|Case#Nom|Degree#Pos|Gender#Fem|Number#Sing|Tense#Past|VerbForm#Part|Voice#Pass
005.SCG*LB4.CP-3++4.N.10.7-4.9-1W2	dici	NO MATCH	99301	Aspect#Imp|Tense#Pres|VerbForm#Inf|Voice#Pass
005.SCG*LB1.CP-9++3.N.12.16-1.18-4W5	praedictae	NO MATCH	118832	Aspect#Perf|Case#Nom|Degree#Pos|Gender#Fem|Number#Plur|Tense#Past|VerbForm#Part|Voice#Pass
005.SCG*LB4.CP-2++4.N.-2.26-5.28-8W6	fieri	NO MATCH	102758	Aspect#Imp|Tense#Pres|VerbForm#Inf|Voice#Pass
005.SCG*LB1.CP-9++6.N.-7.5-4.7-4W5	dicitur	NO MATCH	99301	Mood#Ind|Number#Sing|Person#3|Tense#Pres|VerbForm#Fin|Voice#Pass
005.SCG*LB3.CP12++8.N.-7.14-1.16-6W3	dicit	NO MATCH	99301	Mood#Ind|Number#Sing|Person#3|Tense#Pres|VerbForm#Fin|Voice#Act
005.SCG*LB2.CP-7++5.N.-9.9-5.12-3W6	fieri	NO MATCH	102758	Tense#Pres|VerbForm#Inf|Voice#Pass
005.SCG*LB4.CP--++7.N.16.10-3.12-5W5	dicit	NO MATCH	99301	Aspect#Imp|Mood#Ind|Number#Sing|Person#3|Tense#Pres|VerbForm#Fin|Voice#Act
005.SCG*LB3.CP14++0.N.-9.1-1.2-6W7	dicentium	NO MATCH	99301	Case#Gen|Degree#Pos|Gender#Masc|Number#Plur|Tense#Pres|VerbForm#Part|Voice#Act
005.SCG*LB4.CP-5++5.N.-4.4-6.6-1W6	convenienter	NO MATCH	96424	Degree#Pos
005.SCG*LB4.CP-1++4.N.11.22-3.24-6W18	dicetur	NO MATCH	99301	Aspect#Imp|Mood#Ind|Number#Sing|Person#3|Tense#Fut|VerbForm#Fin|Voice#Pass
005.SCG*LB3.CP--++2.N.-2.3-6.7-6W12	dicitur	NO MATCH	99301	Mood#Ind|Number#Sing|Person#3|Tense#Pres|VerbForm#Fin|Voice#Pass
005.SCG*LB4.CP-3++7.N.-3.3-4.7-2W22	dicetur	NO MATCH	99301	Aspect#Imp|Mood#Ind|Number#Sing|Person#3|Tense#Fut|VerbForm#Fin|Voice#Pass
005.SCG*LB2.CP-3++0.N.11.16-7.20-2W12	essendi	NO MATCH	126689	Case#Gen|Degree#Pos|Number#Sing|VerbForm#Ger|Voice#Act
005.SCG*LB4.CP-6++4.N.-2.10-1.12-2W11	dicitur	NO MATCH	99301	Aspect#Imp|Mood#Ind|Number#Sing|Person#3|Tense#Pres|VerbForm#Fin|Voice#Pass
005.SCG*LB2.CP-6++2.N.10.5-1.11-1W23	fit	NO MATCH	102758	Mood#Ind|Number#Sing|Person#3|Tense#Pres|VerbForm#Fin|Voice#Pass
005.SCG*LB4.CP-1++7.N.13.7-3.8-1W1	dicit	NO MATCH	99301	Aspect#Imp|Mood#Ind|Number#Sing|Person#3|Tense#Pres|VerbForm#Fin|Voice#Act
005.SCG*LB2.CP-7++0.N.-8.5-1.6-1W8	dicit	NO MATCH	99301	Mood#Ind|Number#Sing|Person#3|Tense#Pres|VerbForm#Fin|Voice#Act
005.SCG*LB1.CP-8++7.N.-3.1-1.2-5W5	volitorum	NO MATCH	130745	Aspect#Perf|Case#Gen|Degree#Pos|Gender#Neut|Number#Plur|Tense#Past|VerbForm#Part|VerbType#Mod|Voice#Pass
005.SCG*LB2.CP--++7.N.-1.1-1.3-2W13	convenienter	NO MATCH	96424	Degree#Pos
005.SCG*LB3.CP10++4.N.-7.8-4.10-6W1	fieri	NO MATCH	102758	Tense#Pres|VerbForm#Inf|Voice#Pass
005.SCG*LB2.CP-8++6.N.-2.11-5.13-5W6	fit	NO MATCH	102758	Mood#Ind|Number#Sing|Person#3|Tense#Pres|VerbForm#Fin|Voice#Pass
005.SCG*LB4.CP-4++8.N.-2.7-1.10-4W12	fieri	NO MATCH	102758	Aspect#Imp|Tense#Pres|VerbForm#Inf|Voice#Pass
005.SCG*LB4.CP--++5.N.-8.1-1.6-3W31	sanctificavit	NO MATCH	123318	Aspect#Perf|Mood#Ind|Number#Sing|Person#3|Tense#Past|VerbForm#Fin|Voice#Act
005.SCG*LB3.CP15++5.N.-9.1-1.4-7W9	dixerunt	NO MATCH	99301	Aspect#Perf|Mood#Ind|Number#Plur|Person#3|Tense#Past|VerbForm#Fin|Voice#Act
005.SCG*LB4.CP-1++7.N.-4.8-6.9-3W6	dicit	NO MATCH	99301	Aspect#Imp|Mood#Ind|Number#Sing|Person#3|Tense#Pres|VerbForm#Fin|Voice#Act
005.SCG*LB4.CP-8++1.N.-7.34-1.35-6W6	dicta	NO MATCH	99301	Aspect#Perf|Case#Nom|Degree#Pos|Gender#Fem|Number#Sing|Tense#Past|VerbForm#Part|Voice#Pass
005.SCG*LB4.CP--++7.N.11.4-6.5-4W1	dicit	NO MATCH	99301	Aspect#Imp|Mood#Ind|Number#Sing|Person#3|Tense#Pres|VerbForm#Fin|Voice#Act
005.SCG*LB4.CP-3++6.N.-5.9-4.10-5W9	dicens	NO MATCH	99301	Aspect#Imp|Case#Nom|Degree#Pos|Gender#Masc|Number#Sing|Tense#Pres|VerbForm#Part|Voice#Act
005.SCG*LB2.CP-3++0.N.11.16-7.20-2W8	essendi	NO MATCH	126689	Case#Gen|Degree#Pos|Number#Sing|VerbForm#Ger|Voice#Act
005.SCG*LB4.CP-2++8.N.-3.1-1.4-2W10	dicta	NO MATCH	99301	Aspect#Perf|Case#Nom|Degree#Pos|Gender#Neut|Number#Plur|Tense#Past|VerbForm#Part|Voice#Pass
005.SCG*LB2.CP-7++6.N.13.1-1.6-1W11	fiant	NO MATCH	102758	Mood#Sub|Number#Plur|Person#3|Tense#Pres|VerbForm#Fin|Voice#Pass
005.SCG*LB4.CP-4++9.N.11.31-2.32-5W5	dici	NO MATCH	99301	Aspect#Imp|Tense#Pres|VerbForm#Inf|Voice#Pass
005.SCG*LB4.CP-4++2.N.-2.6-5.8-1W1	convenientissime	NO MATCH	96424	Degree#Abs
005.SCG*LB3.CP-5++0.N.-6.4-5.10-3W7	dictum	NO MATCH	99301	Aspect#Perf|Case#Nom|Degree#Pos|Gender#Neut|Number#Sing|Tense#Past|VerbForm#Part|Voice#Pass
005.SCG*LB4.CP--++6.N.-6.5-1.5-4W1	dicitur	NO MATCH	99301	Aspect#Imp|Mood#Ind|Number#Sing|Person#3|Tense#Pres|VerbForm#Fin|Voice#Pass
005.SCG*LB3.CP-2++6.N.19.13-1.20-3W49	convenientior	NO MATCH	96424	Case#Nom|Degree#Cmp|Gender#Masc|Number#Sing|Tense#Pres|VerbForm#Part|Voice#Act
005.SCG*LB3.CP--++8.N.10.19-1.28-1W3	dici	NO MATCH	99301	Tense#Pres|VerbForm#Inf|Voice#Pass
005.SCG*LB1.CP-4++4.N.10.3-4.6-1W10	dicitur	NO MATCH	99301	Mood#Ind|Number#Sing|Person#3|Tense#Pres|VerbForm#Fin|Voice#Pass
005.SCG*LB3.CP12++3.N.-1.1-1.6-5W7	praedicta	NO MATCH	118832	Aspect#Perf|Case#Nom|Degree#Pos|Gender#Fem|Number#Sing|Tense#Past|VerbForm#Part|Voice#Pass
005.SCG*LB4.CP-1++1.N.18.73-8.78-7W7	dicitur	NO MATCH	99301	Aspect#Imp|Mood#Ind|Number#Sing|Person#3|Tense#Pres|VerbForm#Fin|Voice#Pass
005.SCG*LB4.CP-9++1.N.-6.22-1.27-3W38	dicta	NO MATCH	99301	Aspect#Perf|Case#Nom|Degree#Pos|Gender#Neut|Number#Plur|Tense#Past|VerbForm#Part|Voice#Pass
005.SCG*LB1.CP-5++1.N.-5.1-2.5-3W22	praedictae	NO MATCH	118832	Aspect#Perf|Case#Nom|Degree#Pos|Gender#Fem|Number#Plur|Tense#Past|VerbForm#Part|Voice#Pass
005.SCG*LB4.CP--++1.N.12.9-6.10-6W5	dixit	NO MATCH	99301	Aspect#Perf|Mood#Ind|Number#Sing|Person#3|Tense#Past|VerbForm#Fin|Voice#Act
005.SCG*LB3.CP-8++0.N.16.3-1.5-1W11	dicit	NO MATCH	99301	Mood#Ind|Number#Sing|Person#3|Tense#Pres|VerbForm#Fin|Voice#Act
005.SCG*LB3.CP-4++4.N.-2.8-6.11-4W14	dictis	NO MATCH	99301	Aspect#Perf|Case#Abl|Degree#Pos|Gender#Neut|Number#Plur|Tense#Past|VerbForm#Part|Voice#Pass
005.SCG*LB4.CP-1++3.N.-7.16-4.16-7W4	fiat	NO MATCH	102758	Aspect#Imp|Mood#Sub|Number#Sing|Person#3|Tense#Pres|VerbForm#Fin|Voice#Pass
005.SCG*LB1.CP-6++6.N.15.1-1.9-4W12	dixerunt	NO MATCH	99301	Aspect#Perf|Mood#Ind|Number#Plur|Person#3|Tense#Past|VerbForm#Fin|Voice#Act
005.SCG*LB1.CP-4++0.N.-3.1-2.6-2W8	dicitur	NO MATCH	99301	Mood#Ind|Number#Sing|Person#3|Tense#Pres|VerbForm#Fin|Voice#Pass
005.SCG*LB2.CP-3++6.N.-2.11-1.13-1W14	essendi	NO MATCH	126689	Case#Gen|Degree#Pos|Number#Sing|VerbForm#Ger|Voice#Act
005.SCG*LB1.CP-5++1.N.-8.1-1.7-4W13	praedictorum	NO MATCH	118832	Aspect#Perf|Case#Gen|Degree#Pos|Gender#Neut|Number#Plur|Tense#Past|VerbForm#Part|Voice#Pass
005.SCG*LB3.CP--++1.N.-6.25-1.29-4W25	dicit	NO MATCH	99301	Mood#Ind|Number#Sing|Person#3|Tense#Pres|VerbForm#Fin|Voice#Act
005.SCG*LB3.CP-6++7.N.-3.9-5.16-2W12	incoeperunt	NO MATCH	106965	Aspect#Perf|Mood#Ind|Number#Plur|Person#3|Tense#Past|VerbForm#Fin|Voice#Act
005.SCG*LB4.CP-2++4.N.14.6-5.9-1W6	dixit	NO MATCH	99301	Aspect#Perf|Mood#Ind|Number#Sing|Person#3|Tense#Past|VerbForm#Fin|Voice#Act
005.SCG*LB2.CP-3++7.N.-3.6-5.10-4W6	fieri	NO MATCH	102758	Tense#Pres|VerbForm#Inf|Voice#Pass
005.SCG*LB4.CP-6++9.N.-5.20-1.20-4W3	dicuntur	NO MATCH	99301	Aspect#Imp|Mood#Ind|Number#Plur|Person#3|Tense#Pres|VerbForm#Fin|Voice#Pass
005.SCG*LB3.CP10++2.N.-7.9-4.12-5W12	fiat	NO MATCH	102758	Mood#Sub|Number#Sing|Person#3|Tense#Pres|VerbForm#Fin|Voice#Pass
005.SCG*LB2.CP-8++3.N.19.5-4.10-1W30	dictis	NO MATCH	99301	Aspect#Perf|Case#Abl|Degree#Pos|Gender#Neut|Number#Plur|Tense#Past|VerbForm#Part|Voice#Pass
005.SCG*LB2.CP-7++3.N.25.8-1.14-1W25	dicit	NO MATCH	99301	Mood#Ind|Number#Sing|Person#3|Tense#Pres|VerbForm#Fin|Voice#Act
005.SCG*LB4.CP--++4.N.13.20-4.22-4W7	dicitur	NO MATCH	99301	Aspect#Imp|Mood#Ind|Number#Sing|Person#3|Tense#Pres|VerbForm#Fin|Voice#Pass
005.SCG*LB2.CP-3++4.N.-4.6-1.7-2W10	ens	NO MATCH	126689	Case#Nom|Degree#Pos|Gender#Neut|Number#Sing|Tense#Pres|VerbForm#Part|Voice#Act
005.SCG*LB4.CP-9++1.N.-6.14-1.17-2W17	dictum	NO MATCH	99301	Aspect#Perf|Case#Nom|Degree#Pos|Gender#Neut|Number#Sing|Tense#Past|VerbForm#Part|Voice#Pass
005.SCG*LB1.CP-4++2.N.-9.50-6.53-2W7	necesse-esse	NO MATCH	126689	Tense#Pres|VerbForm#Inf|Voice#Act
005.SCG*LB3.CP15++8.N.-5.21-1.25-1W5	dicit	NO MATCH	99301	Mood#Ind|Number#Sing|Person#3|Tense#Pres|VerbForm#Fin|Voice#Act
005.SCG*LB1.CP-4++1.N.-3.1-2.3-3W5	dicitur	NO MATCH	99301	Mood#Ind|Number#Sing|Person#3|Tense#Pres|VerbForm#Fin|Voice#Pass
005.SCG*LB4.CP-3++3.N.-5.10-1.11-4W1	dicitur	NO MATCH	99301	Aspect#Imp|Mood#Ind|Number#Sing|Person#3|Tense#Pres|VerbForm#Fin|Voice#Pass
005.SCG*LB4.CP--++2.N.-5.14-7.19-6W3	dici	NO MATCH	99301	Aspect#Imp|Tense#Pres|VerbForm#Inf|Voice#Pass
005.SCG*LB3.CP-9++7.N.-7.6-3.8-3W2	fit	NO MATCH	102758	Mood#Ind|Number#Sing|Person#3|Tense#Pres|VerbForm#Fin|Voice#Pass
005.SCG*LB1.CP-2++9.N.-2.7-1.10-4W23	dicitur	NO MATCH	99301	Mood#Ind|Number#Sing|Person#3|Tense#Pres|VerbForm#Fin|Voice#Pass
005.SCG*LB4.CP--++4.N.11.11-1.19-5W15	dicentes	NO MATCH	99301	Aspect#Imp|Case#Nom|Degree#Pos|Gender#Masc|Number#Plur|Tense#Pres|VerbForm#Part|Voice#Act
005.SCG*LB3.CP--++8.N.13.7-4.9-1W4	dicitur	NO MATCH	99301	Mood#Ind|Number#Sing|Person#3|Tense#Pres|VerbForm#Fin|Voice#Pass
005.SCG*LB3.CP-1++0.N.11.10-1.12-4W3	diligenter	NO MATCH	99463	Degree#Pos
005.SCG*LB3.CP-4++1.N.-4.3-3.7-5W9	puta	NO MATCH	120610	
005.SCG*LB4.CP-5++5.N.19.6-2.9-5W28	subiiciat	NO MATCH	126114	Aspect#Imp|Mood#Sub|Number#Sing|Person#3|Tense#Pres|VerbForm#Fin|Voice#Act
005.SCG*LB1.CP-1++7.N.-3.4-1.6-1W12	dictum	NO MATCH	99301	Aspect#Perf|Case#Nom|Degree#Pos|Gender#Neut|Number#Sing|Tense#Past|VerbForm#Part|Voice#Pass
005.SCG*LB4.CP--++4.N.-2.21-4.22-2W5	dicit	NO MATCH	99301	Aspect#Imp|Mood#Ind|Number#Sing|Person#3|Tense#Pres|VerbForm#Fin|Voice#Act
005.SCG*LB2.CP-4++1.N.-8.1-2.4-5W2	educitur	NO MATCH	100588	Mood#Ind|Number#Sing|Person#3|Tense#Pres|VerbForm#Fin|Voice#Pass
005.SCG*LB4.CP--++5.N.-8.6-4.8-2W10	dicitur	NO MATCH	99301	Aspect#Imp|Mood#Ind|Number#Sing|Person#3|Tense#Pres|VerbForm#Fin|Voice#Pass
005.SCG*LB4.CP-1++8.N.-7.17-1.18-3W10	dicit	NO MATCH	99301	Aspect#Imp|Mood#Ind|Number#Sing|Person#3|Tense#Pres|VerbForm#Fin|Voice#Act
005.SCG*LB4.CP-1++0.N.10.10-7.14-4W27	dicitur	NO MATCH	99301	Aspect#Imp|Mood#Ind|Number#Sing|Person#3|Tense#Pres|VerbForm#Fin|Voice#Pass
005.SCG*LB4.CP--++8.N.-2.19-4.26-1W25	dicit	NO MATCH	99301	Aspect#Imp|Mood#Ind|Number#Sing|Person#3|Tense#Pres|VerbForm#Fin|Voice#Act
005.SCG*LB4.CP-3++3.N.-6.8-5.12-2W14	dictum	NO MATCH	99301	Aspect#Perf|Case#Nom|Degree#Pos|Gender#Neut|Number#Sing|Tense#Past|VerbForm#Part|Voice#Pass
005.SCG*LB3.CP10++3.N.-7.4-2.6-6W16	dicit	NO MATCH	99301	Mood#Ind|Number#Sing|Person#3|Tense#Pres|VerbForm#Fin|Voice#Act
005.SCG*LB2.CP--++3.N.-5.6-5.13-1W13	dicitur	NO MATCH	99301	Mood#Ind|Number#Sing|Person#3|Tense#Pres|VerbForm#Fin|Voice#Pass
005.SCG*LB1.CP-1++5.N.-6.8-3.10-1W12	incoeperit	NO MATCH	106965	Aspect#Perf|Mood#Sub|Number#Sing|Person#3|Tense#Past|VerbForm#Fin|Voice#Act
005.SCG*LB1.CP-5++0.N.-1.1-1.8-3W4	dixerunt	NO MATCH	99301	Aspect#Perf|Mood#Ind|Number#Plur|Person#3|Tense#Past|VerbForm#Fin|Voice#Act
005.SCG*LB4.CP-1++6.N.-5.16-7.17-5W8	dicitur	NO MATCH	99301	Aspect#Imp|Mood#Ind|Number#Sing|Person#3|Tense#Pres|VerbForm#Fin|Voice#Pass
005.SCG*LB3.CP-6++4.N.-7.7-4.9-5W3	consequens	NO MATCH	96035	Case#Acc|Degree#Pos|Gender#Neut|Number#Sing|Tense#Pres|VerbForm#Part|Voice#Pass
005.SCG*LB3.CP-4++2.N.-7.5-2.7-1W12	fit	NO MATCH	102758	Mood#Ind|Number#Sing|Person#3|Tense#Pres|VerbForm#Fin|Voice#Pass
005.SCG*LB1.CP-2++5.N.10.7-1.8-1W6	dicitur	NO MATCH	99301	Mood#Ind|Number#Sing|Person#3|Tense#Pres|VerbForm#Fin|Voice#Pass
005.SCG*LB2.CP-3++7.N.-2.21-1.26-6W12	fieri	NO MATCH	102758	Tense#Pres|VerbForm#Inf|Voice#Pass
005.SCG*LB4.CP-3++7.N.10.19-1.26-1W5	dicit	NO MATCH	99301	Aspect#Imp|Mood#Ind|Number#Sing|Person#3|Tense#Pres|VerbForm#Fin|Voice#Act
005.SCG*LB4.CP-6++3.N.-5.1-1.7-2W12	dicunt	NO MATCH	99301	Aspect#Imp|Mood#Ind|Number#Plur|Person#3|Tense#Pres|VerbForm#Fin|Voice#Act
005.SCG*LB2.CP-8++6.N.-6.6-5.9-8W4	dici	NO MATCH	99301	Tense#Pres|VerbForm#Inf|Voice#Pass
005.SCG*LB4.CP-2++2.N.-5.19-1.19-5W7	dicit	NO MATCH	99301	Aspect#Imp|Mood#Ind|Number#Sing|Person#3|Tense#Pres|VerbForm#Fin|Voice#Act
005.SCG*LB4.CP--++4.N.-7.1-2.2-1W2	dicit	NO MATCH	99301	Aspect#Imp|Mood#Ind|Number#Sing|Person#3|Tense#Pres|VerbForm#Fin|Voice#Act
005.SCG*LB4.CP-3++4.N.11.3-6.6-2W13	dici	NO MATCH	99301	Aspect#Imp|Tense#Pres|VerbForm#Inf|Voice#Pass
005.SCG*LB1.CP-9++1.N.10.4-7.7-3W11	dicit	NO MATCH	99301	Mood#Ind|Number#Sing|Person#3|Tense#Pres|VerbForm#Fin|Voice#Act
005.SCG*LB3.CP-8++7.N.-4.1-2.7-6W2	movens	NO MATCH	112848	Case#Acc|Degree#Pos|Gender#Masc|Number#Sing|Tense#Pres|VerbForm#Part|Voice#Act
005.SCG*LB2.CP-7++3.N.-2.3-2.5-5W17	fit	NO MATCH	102758	Mood#Ind|Number#Sing|Person#3|Tense#Pres|VerbForm#Fin|Voice#Pass
005.SCG*LB2.CP-6++9.N.-1.1-1.3-5W11	praedictam	NO MATCH	118832	Aspect#Perf|Case#Acc|Degree#Pos|Gender#Fem|Number#Sing|Tense#Past|VerbForm#Part|Voice#Pass
005.SCG*LB2.CP-2++8.N.-8.17-1.22-7W1	dicitur	NO MATCH	99301	Mood#Ind|Number#Sing|Person#3|Tense#Pres|VerbForm#Fin|Voice#Pass
005.SCG*LB4.CP-6++2.N.-1.9-1.12-1W6	dixit	NO MATCH	99301	Aspect#Perf|Mood#Ind|Number#Sing|Person#3|Tense#Past|VerbForm#Fin|Voice#Act
005.SCG*LB4.CP-1++3.N.-8.8-4.9-5W8	dictum	NO MATCH	99301	Aspect#Perf|Case#Nom|Degree#Pos|Gender#Neut|Number#Sing|Tense#Past|VerbForm#Part|Voice#Pass
005.SCG*LB3.CP--++2.N.-2.1-1.3-5W11	dicimus	NO MATCH	99301	Mood#Ind|Number#Plur|Person#1|Tense#Pres|VerbForm#Fin|Voice#Act
005.SCG*LB1.CP-7++7.N.-3.6-4.9-3W20	dictis	NO MATCH	99301	Aspect#Perf|Case#Abl|Degree#Pos|Gender#Neut|Number#Plur|Tense#Past|VerbForm#Part|Voice#Pass
005.SCG*LB1.CP-4++7.N.-2.9-3.12-6W20	estque	NO MATCH	126689	Mood#Ind|Number#Sing|Person#3|Tense#Pres|VerbForm#Fin|Voice#Act
005.SCG*LB3.CP-5++1.N.-1.1-1.8-5W31	dicere	NO MATCH	99301	Tense#Pres|VerbForm#Inf|Voice#Act
005.SCG*LB1.CP-5++4.N.-3.1-1.3-6W4	dicit	NO MATCH	99301	Mood#Ind|Number#Sing|Person#3|Tense#Pres|VerbForm#Fin|Voice#Act
005.SCG*LB4.CP-4++1.N.-7.1-1.11-1W22	dicentes	NO MATCH	99301	Aspect#Imp|Case#Nom|Degree#Pos|Gender#Masc|Number#Plur|Tense#Pres|VerbForm#Part|Voice#Act
005.SCG*LB2.CP-6++3.N.-1.4-2.4-6W1	dicit	NO MATCH	99301	Mood#Ind|Number#Sing|Person#3|Tense#Pres|VerbForm#Fin|Voice#Act
005.SCG*LB3.CP-9++2.N.-8.8-1.13-1W6	dictum	NO MATCH	99301	Aspect#Perf|Case#Nom|Degree#Pos|Gender#Neut|Number#Sing|Tense#Past|VerbForm#Part|Voice#Pass
005.SCG*LB3.CP15++4.N.14.22-4.25-1W2	praedictis	NO MATCH	118832	Aspect#Perf|Case#Abl|Degree#Pos|Gender#Masc|Number#Plur|Tense#Past|VerbForm#Part|Voice#Pass
005.SCG*LB3.CP-9++8.N.-6.24-3.25-4W5	dixit	NO MATCH	99301	Aspect#Perf|Mood#Ind|Number#Sing|Person#3|Tense#Past|VerbForm#Fin|Voice#Act
005.SCG*LB2.CP-1++5.N.-2.9-1.12-2W8	dicitur	NO MATCH	99301	Mood#Ind|Number#Sing|Person#3|Tense#Pres|VerbForm#Fin|Voice#Pass
005.SCG*LB2.CP-6++2.N.-9.5-2.6-4W1	dicitur	NO MATCH	99301	Mood#Ind|Number#Sing|Person#3|Tense#Pres|VerbForm#Fin|Voice#Pass
005.SCG*LB2.CP-8++9.N.-8.33-1.35-3W16	appropriatum	NO MATCH	89645	Aspect#Perf|Case#Acc|Degree#Pos|Gender#Neut|Number#Sing|Tense#Past|VerbForm#Part|Voice#Pass
005.SCG*LB3.CP-9++8.N.-6.19-1.19-5W3	dicitur	NO MATCH	99301	Mood#Ind|Number#Sing|Person#3|Tense#Pres|VerbForm#Fin|Voice#Pass
005.SCG*LB4.CP--++1.N.11.26-4.27-7W4	dicere	NO MATCH	99301	Aspect#Imp|Tense#Pres|VerbForm#Inf|Voice#Act
005.SCG*LB4.CP-1++1.N.17.34-1.34-6W6	dicitur	NO MATCH	99301	Aspect#Imp|Mood#Ind|Number#Sing|Person#3|Tense#Pres|VerbForm#Fin|Voice#Pass
005.SCG*LB1.CP-8++6.N.-6.1-1.2-4W3	praedicta	NO MATCH	118832	Aspect#Perf|Case#Nom|Degree#Pos|Gender#Fem|Number#Sing|Tense#Past|VerbForm#Part|Voice#Pass
005.SCG*LB2.CP-7++8.N.-8.7-6.9-1W10	dixerat	NO MATCH	99301	Aspect#Perf|Mood#Ind|Number#Sing|Person#3|Tense#Pqp|VerbForm#Fin|Voice#Act
005.SCG*LB4.CP-5++5.N.11.8-2.10-2W5	convenienter	NO MATCH	96424	Degree#Pos
005.SCG*LB4.CP--++8.N.-5.13-2.13-6W1	dicit	NO MATCH	99301	Aspect#Imp|Mood#Ind|Number#Sing|Person#3|Tense#Pres|VerbForm#Fin|Voice#Act
005.SCG*LB4.CP-7++4.N.-1.11-6.12-6W4	dicit	NO MATCH	99301	Aspect#Imp|Mood#Ind|Number#Sing|Person#3|Tense#Pres|VerbForm#Fin|Voice#Act
005.SCG*LB3.CP14++9.N.-8.1-1.5-4W9	dicebant	NO MATCH	99301	Aspect#Imp|Mood#Ind|Number#Plur|Person#3|Tense#Imp|VerbForm#Fin|Voice#Act
005.SCG*LB4.CP-4++9.N.-2.5-1.8-1W4	consequens	NO MATCH	96035	Aspect#Imp|Case#Nom|Degree#Pos|Gender#Neut|Number#Sing|Tense#Pres|VerbForm#Part|Voice#Pass
005.SCG*LB4.CP-2++9.N.-8.3-1.6-3W1	dicitur	NO MATCH	99301	Aspect#Imp|Mood#Ind|Number#Sing|Person#3|Tense#Pres|VerbForm#Fin|Voice#Pass
005.SCG*LB3.CP-8++8.N.-5.1-2.3-4W4	dicitur	NO MATCH	99301	Mood#Ind|Number#Sing|Person#3|Tense#Pres|VerbForm#Fin|Voice#Pass
005.SCG*LB1.CP-3++0.N.-1.1-1.4-4W20	dicatur	NO MATCH	99301	Mood#Sub|Number#Sing|Person#3|Tense#Pres|VerbForm#Fin|Voice#Pass
005.SCG*LB3.CP10++5.N.-4.1-1.11-1W45	dicendum	NO MATCH	99301	Case#Nom|Degree#Pos|Gender#Neut|Number#Sing|VerbForm#Gdv|Voice#Pass
005.SCG*LB1.CP--++1.N.-7.1-1.3-3W1	convenienter	NO MATCH	96424	Degree#Pos
005.SCG*LB3.CP-8++0.N.17.13-3.15-2W7	dictam	NO MATCH	99301	Aspect#Perf|Case#Acc|Degree#Pos|Gender#Fem|Number#Sing|Tense#Past|VerbForm#Part|Voice#Pass
005.SCG*LB3.CP-9++5.N.20.1-1.6-2W4	diligenter	NO MATCH	99463	Degree#Pos
005.SCG*LB3.CP-8++6.N.14.1-1.4-7W3	dicit	NO MATCH	99301	Mood#Ind|Number#Sing|Person#3|Tense#Pres|VerbForm#Fin|Voice#Act
005.SCG*LB4.CP-1++8.N.-8.11-1.12-1W4	dicit	NO MATCH	99301	Aspect#Imp|Mood#Ind|Number#Sing|Person#3|Tense#Pres|VerbForm#Fin|Voice#Act
005.SCG*LB2.CP-1++0.N.-1.1-1.6-1W22	praedictis	NO MATCH	118832	Aspect#Perf|Case#Abl|Degree#Pos|Gender#Neut|Number#Plur|Tense#Past|VerbForm#Part|Voice#Pass
005.SCG*LB3.CP-2++3.N.-3.4-5.8-8W23	dicatur	NO MATCH	99301	Mood#Sub|Number#Sing|Person#3|Tense#Pres|VerbForm#Fin|Voice#Pass
005.SCG*LB3.CP--++2.N.-9.16-1.21-1W33	fit	NO MATCH	102758	Mood#Ind|Number#Sing|Person#3|Tense#Pres|VerbForm#Fin|Voice#Pass
005.SCG*LB4.CP-3++1.N.-5.3-6.7-3W12	praedictam	NO MATCH	118832	Aspect#Perf|Case#Acc|Degree#Pos|Gender#Fem|Number#Sing|Tense#Past|VerbForm#Part|Voice#Pass
005.SCG*LB2.CP-7++8.N.-4.11-1.16-2W20	dicitur	NO MATCH	99301	Mood#Ind|Number#Sing|Person#3|Tense#Pres|VerbForm#Fin|Voice#Pass
005.SCG*LB4.CP-6++3.N.-7.6-1.8-5W9	fiat	NO MATCH	102758	Aspect#Imp|Mood#Sub|Number#Sing|Person#3|Tense#Pres|VerbForm#Fin|Voice#Pass
005.SCG*LB2.CP-7++3.N.-6.8-1.10-7W18	dicit	NO MATCH	99301	Mood#Ind|Number#Sing|Person#3|Tense#Pres|VerbForm#Fin|Voice#Act
005.SCG*LB4.CP-1++7.N.-7.1-2.3-2W2	dicit	NO MATCH	99301	Aspect#Imp|Mood#Ind|Number#Sing|Person#3|Tense#Pres|VerbForm#Fin|Voice#Act
005.SCG*LB3.CP-2++4.N.-5.5-6.8-1W7	ordinate	NO MATCH	115233	Degree#Pos
005.SCG*LB4.CP-2++1.N.-7.1-1.5-4W27	convenienter	NO MATCH	96424	Degree#Pos
005.SCG*LB2.CP-7++3.N.11.6-3.8-4W12	dicitur	NO MATCH	99301	Mood#Ind|Number#Sing|Person#3|Tense#Pres|VerbForm#Fin|Voice#Pass
005.SCG*LB2.CP-5++4.N.-6.4-1.5-4W4	dici	NO MATCH	99301	Tense#Pres|VerbForm#Inf|Voice#Pass
005.SCG*LB2.CP-6++0.N.-5.11-6.14-3W5	dicit	NO MATCH	99301	Mood#Ind|Number#Sing|Person#3|Tense#Pres|VerbForm#Fin|Voice#Act
005.SCG*LB3.CP--++5.N.-7.1-1.5-7W10	dicuntur	NO MATCH	99301	Mood#Ind|Number#Plur|Person#3|Tense#Pres|VerbForm#Fin|Voice#Pass
005.SCG*LB4.CP-3++4.N.-5.9-4.11-2W3	dicitur	NO MATCH	99301	Aspect#Imp|Mood#Ind|Number#Sing|Person#3|Tense#Pres|VerbForm#Fin|Voice#Pass
005.SCG*LB2.CP-4++1.N.12.21-1.21-6W6	dicit	NO MATCH	99301	Mood#Ind|Number#Sing|Person#3|Tense#Pres|VerbForm#Fin|Voice#Act
005.SCG*LB4.CP-8++6.N.-5.18-3.21-2W4	dicitur	NO MATCH	99301	Aspect#Imp|Mood#Ind|Number#Sing|Person#3|Tense#Pres|VerbForm#Fin|Voice#Pass
005.SCG*LB4.CP-3++2.N.-6.8-3.9-7W10	dicens	NO MATCH	99301	Aspect#Imp|Case#Nom|Degree#Pos|Gender#Masc|Number#Sing|Tense#Pres|VerbForm#Part|Voice#Act
005.SCG*LB3.CP-9++5.N.-9.7-6.8-4W4	dicitur	NO MATCH	99301	Mood#Ind|Number#Sing|Person#3|Tense#Pres|VerbForm#Fin|Voice#Pass
005.SCG*LB2.CP-7++8.N.-7.14-6.16-6W6	dicit	NO MATCH	99301	Mood#Ind|Number#Sing|Person#3|Tense#Pres|VerbForm#Fin|Voice#Act
005.SCG*LB1.CP--++3.N.-4.8-3.12-2W11	puta	NO MATCH	120610	
005.SCG*LB2.CP-8++3.N.35.8-1.9-2W8	dicitur	NO MATCH	99301	Mood#Ind|Number#Sing|Person#3|Tense#Pres|VerbForm#Fin|Voice#Pass
005.SCG*LB3.CP13++0.N.-2.33-1.33-5W3	dicitur	NO MATCH	99301	Mood#Ind|Number#Sing|Person#3|Tense#Pres|VerbForm#Fin|Voice#Pass
005.SCG*LB1.CP-1++3.N.26.1-1.4-7W28	alterato	NO MATCH	88470	Aspect#Perf|Case#Abl|Degree#Pos|Gender#Masc|Number#Sing|Tense#Past|VerbForm#Part|Voice#Pass
005.SCG*LB2.CP-3++8.N.15.13-8.16-1W3	convenientissimum	NO MATCH	96424	Case#Nom|Degree#Sup|Gender#Neut|Number#Sing|Tense#Pres|VerbForm#Part|Voice#Act
005.SCG*LB4.CP-8++3.N.-9.17-1.18-4W11	ordinatissima	NO MATCH	115233	Aspect#Perf|Case#Nom|Degree#Sup|Gender#Fem|Number#Sing|Tense#Past|VerbForm#Part|Voice#Pass
005.SCG*LB1.CP--++6.N.-7.21-2.23-4W2	dixit	NO MATCH	99301	Aspect#Perf|Mood#Ind|Number#Sing|Person#3|Tense#Past|VerbForm#Fin|Voice#Act
005.SCG*LB1.CP-7++5.N.-4.8-3.11-1W15	praedictis	NO MATCH	118832	Aspect#Perf|Case#Abl|Degree#Pos|Gender#Neut|Number#Plur|Tense#Past|VerbForm#Part|Voice#Pass
005.SCG*LB1.CP-4++4.N.-2.30-1.33-2W14	fit	NO MATCH	102758	Mood#Ind|Number#Sing|Person#3|Tense#Pres|VerbForm#Fin|Voice#Pass
005.SCG*LB2.CP-5++7.N.15.10-6.12-1W1	dicimur	NO MATCH	99301	Mood#Ind|Number#Plur|Person#1|Tense#Pres|VerbForm#Fin|Voice#Pass
005.SCG*LB4.CP-6++6.N.-3.5-1.12-3W34	puta	NO MATCH	120610	VerbForm#Fin
005.SCG*LB2.CP-8++3.N.21.9-1.13-3W17	dicatur	NO MATCH	99301	Mood#Sub|Number#Sing|Person#3|Tense#Pres|VerbForm#Fin|Voice#Pass
005.SCG*LB4.CP-2++9.N.-6.1-1.3-4W11	dicuntur	NO MATCH	99301	Aspect#Imp|Mood#Ind|Number#Plur|Person#3|Tense#Pres|VerbForm#Fin|Voice#Pass
005.SCG*LB1.CP-4++6.N.-3.1-2.3-5W4	fit	NO MATCH	102758	Mood#Ind|Number#Sing|Person#3|Tense#Pres|VerbForm#Fin|Voice#Pass
005.SCG*LB3.CP13++2.N.11.1-2.4-5W12	expeditius	NO MATCH	102147	Aspect#Perf|Case#Nom|Degree#Cmp|Gender#Neut|Number#Sing|Tense#Past|VerbForm#Part|Voice#Pass
005.SCG*LB4.CP-3++4.N.14.21-4.24-2W22	dicens	NO MATCH	99301	Aspect#Imp|Case#Nom|Degree#Pos|Gender#Masc|Number#Sing|Tense#Pres|VerbForm#Part|Voice#Act
005.SCG*LB4.CP-3++4.N.11.10-1.12-1W3	dici	NO MATCH	99301	Aspect#Imp|Tense#Pres|VerbForm#Inf|Voice#Pass
005.SCG*LB3.CP-8++9.N.-2.6-2.8-5W10	puta	NO MATCH	120610	
005.SCG*LB2.CP-5++8.N.-1.7-1.10-3W14	dicere	NO MATCH	99301	Tense#Pres|VerbForm#Inf|Voice#Act
005.SCG*LB2.CP--++2.N.-3.1-1.4-3W20	parit	NO MATCH	116051	Mood#Ind|Number#Sing|Person#3|Tense#Pres|VerbForm#Fin|Voice#Act
005.SCG*LB3.CP--++8.N.13.1-1.7-3W28	dicitur	NO MATCH	99301	Mood#Ind|Number#Sing|Person#3|Tense#Pres|VerbForm#Fin|Voice#Pass
005.SCG*LB4.CP-3++8.N.-6.5-6.7-6W3	expresse	NO MATCH	102229	Degree#Pos
005.SCG*LB4.CP-8++0.N.-3.15-3.17-7W11	dicitur	NO MATCH	99301	Aspect#Imp|Mood#Ind|Number#Sing|Person#3|Tense#Pres|VerbForm#Fin|Voice#Pass
005.SCG*LB4.CP-1++0.N.10.2-4.6-3W30	dicitur	NO MATCH	99301	Aspect#Imp|Mood#Ind|Number#Sing|Person#3|Tense#Pres|VerbForm#Fin|Voice#Pass
005.SCG*LB3.CP13++6.N.-9.24-4.26-4W13	puta	NO MATCH	120610	
005.SCG*LB1.CP-7++7.N.-5.9-4.11-6W16	dicit	NO MATCH	99301	Mood#Ind|Number#Sing|Person#3|Tense#Pres|VerbForm#Fin|Voice#Act
005.SCG*LB3.CP-2++4.N.-6.5-4.6-8W9	dicatur	NO MATCH	99301	Mood#Sub|Number#Sing|Person#3|Tense#Pres|VerbForm#Fin|Voice#Pass
005.SCG*LB1.CP-1++3.N.35.14-1.14-4W3	dicimus	NO MATCH	99301	Mood#Ind|Number#Plur|Person#1|Tense#Pres|VerbForm#Fin|Voice#Act
005.SCG*LB1.CP-4++2.N.-7.27-3.28-5W12	dicimus	NO MATCH	99301	Mood#Ind|Number#Plur|Person#1|Tense#Pres|VerbForm#Fin|Voice#Act
005.SCG*LB2.CP-7++0.N.-4.10-3.12-2W2	dicit	NO MATCH	99301	Mood#Ind|Number#Sing|Person#3|Tense#Pres|VerbForm#Fin|Voice#Act
005.SCG*LB2.CP-8++2.N.14.7-1.8-2W4	fit	NO MATCH	102758	Mood#Ind|Number#Sing|Person#3|Tense#Pres|VerbForm#Fin|Voice#Pass
005.SCG*LB4.CP-2++3.N.12.4-6.5-7W3	dicitur	NO MATCH	99301	Aspect#Imp|Mood#Ind|Number#Sing|Person#3|Tense#Pres|VerbForm#Fin|Voice#Pass
005.SCG*LB2.CP-9++0.N.11.12-1.15-5W4	dicendum	NO MATCH	99301	Case#Nom|Degree#Pos|Gender#Neut|Number#Sing|VerbForm#Gdv|Voice#Pass
005.SCG*LB1.CP-9++6.N.-4.4-7.6-7W13	mediate	NO MATCH	111819	Degree#Pos
005.SCG*LB2.CP-3++0.N.11.22-1.24-1W3	fit	NO MATCH	102758	Mood#Ind|Number#Sing|Person#3|Tense#Pres|VerbForm#Fin|Voice#Pass
005.SCG*LB3.CP-5++2.N.-7.9-3.10-1W5	dicit	NO MATCH	99301	Mood#Ind|Number#Sing|Person#3|Tense#Pres|VerbForm#Fin|Voice#Act
005.SCG*LB4.CP-7++9.N.-4.4-5.8-3W2	dicit	NO MATCH	99301	Aspect#Imp|Mood#Ind|Number#Sing|Person#3|Tense#Pres|VerbForm#Fin|Voice#Act
005.SCG*LB1.CP-1++3.N.29.1-1.2-1W1	praedictos	NO MATCH	118832	Aspect#Perf|Case#Acc|Degree#Pos|Gender#Masc|Number#Plur|Tense#Past|VerbForm#Part|Voice#Pass
005.SCG*LB4.CP-3++5.N.10.4-2.5-5W3	dici	NO MATCH	99301	Aspect#Imp|Tense#Pres|VerbForm#Inf|Voice#Pass
005.SCG*LB4.CP-8++1.N.-8.16-4.18-5W6	dicta	NO MATCH	99301	Aspect#Perf|Case#Nom|Degree#Pos|Gender#Fem|Number#Sing|Tense#Past|VerbForm#Part|Voice#Pass
005.SCG*LB3.CP-9++5.N.17.5-1.7-2W17	dicit	NO MATCH	99301	Mood#Ind|Number#Sing|Person#3|Tense#Pres|VerbForm#Fin|Voice#Act
005.SCG*LB1.CP-2++0.N.13.23-1.24-2W8	dicebatur	NO MATCH	99301	Aspect#Imp|Mood#Ind|Number#Sing|Person#3|Tense#Imp|VerbForm#Fin|Voice#Pass
005.SCG*LB2.CP-2++4.N.-4.14-2.15-4W10	dicuntur	NO MATCH	99301	Mood#Ind|Number#Plur|Person#3|Tense#Pres|VerbForm#Fin|Voice#Pass
005.SCG*LB4.CP-8++6.N.-3.4-1.6-2W9	consequens	NO MATCH	96035	Aspect#Imp|Case#Nom|Degree#Pos|Gender#Neut|Number#Sing|Tense#Pres|VerbForm#Part|Voice#Pass
005.SCG*LB4.CP-2++1.N.-5.15-6.17-3W3	convenienter	NO MATCH	96424	Degree#Pos
005.SCG*LB4.CP-4++9.N.11.13-1.17-2W23	consequens	NO MATCH	96035	Aspect#Imp|Case#Acc|Degree#Pos|Gender#Neut|Number#Sing|Tense#Pres|VerbForm#Part|Voice#Pass
005.SCG*LB4.CP-2++3.N.11.23-1.26-7W28	convenienter	NO MATCH	96424	Degree#Pos
005.SCG*LB3.CP-8++5.N.-6.1-2.2-4W9	fiunt	NO MATCH	102758	Mood#Ind|Number#Plur|Person#3|Tense#Pres|VerbForm#Fin|Voice#Pass
005.SCG*LB2.CP-7++3.N.32.12-2.12-5W4	dicuntur	NO MATCH	99301	Mood#Ind|Number#Plur|Person#3|Tense#Pres|VerbForm#Fin|Voice#Pass
005.SCG*LB2.CP-7++3.N.30.15-5.17-4W6	fiunt	NO MATCH	102758	Mood#Ind|Number#Plur|Person#3|Tense#Pres|VerbForm#Fin|Voice#Pass
005.SCG*LB4.CP-7++7.N.-8.1-1.4-1W7	dicentium	NO MATCH	99301	Aspect#Imp|Case#Gen|Degree#Pos|Gender#Masc|Number#Plur|Tense#Pres|VerbForm#Part|Voice#Act
005.SCG*LB4.CP-8++4.N.-2.1-1.4-8W22	dicit	NO MATCH	99301	Aspect#Imp|Mood#Ind|Number#Sing|Person#3|Tense#Pres|VerbForm#Fin|Voice#Act
005.SCG*LB3.CP--++4.N.-4.28-6.32-3W26	fit	NO MATCH	102758	Mood#Ind|Number#Sing|Person#3|Tense#Pres|VerbForm#Fin|Voice#Pass
005.SCG*LB4.CP-2++8.N.-4.4-4.5-3W8	dicit	NO MATCH	99301	Aspect#Imp|Mood#Ind|Number#Sing|Person#3|Tense#Pres|VerbForm#Fin|Voice#Act
005.SCG*LB3.CP-4++2.N.-3.1-1.8-3W41	fiet	NO MATCH	102758	Mood#Ind|Number#Sing|Person#3|Tense#Fut|VerbForm#Fin|Voice#Pass
005.SCG*LB3.CP-8++0.N.17.6-1.7-4W3	diligenter	NO MATCH	99463	Degree#Pos
005.SCG*LB3.CP10++9.N.-1.5-1.7-4W7	dicitur	NO MATCH	99301	Mood#Ind|Number#Sing|Person#3|Tense#Pres|VerbForm#Fin|Voice#Pass
005.SCG*LB4.CP-9++7.N.-6.10-1.11-1W5	dicitur	NO MATCH	99301	Aspect#Imp|Mood#Ind|Number#Sing|Person#3|Tense#Pres|VerbForm#Fin|Voice#Pass
005.SCG*LB2.CP-1++1.N.-4.4-1.4-8W4	dicitur	NO MATCH	99301	Mood#Ind|Number#Sing|Person#3|Tense#Pres|VerbForm#Fin|Voice#Pass
005.SCG*LB2.CP-8++7.N.-7.2-3.9-7W42	dicens	NO MATCH	99301	Case#Nom|Degree#Pos|Gender#Masc|Number#Sing|Tense#Pres|VerbForm#Part|Voice#Act
005.SCG*LB1.CP-9++1.N.-9.6-5.9-1W10	dicimur	NO MATCH	99301	Mood#Ind|Number#Plur|Person#1|Tense#Pres|VerbForm#Fin|Voice#Pass
005.SCG*LB1.CP-8++2.N.-6.4-2.5-8W16	dicitur	NO MATCH	99301	Mood#Ind|Number#Sing|Person#3|Tense#Pres|VerbForm#Fin|Voice#Pass
005.SCG*LB4.CP-5++0.N.-6.5-4.7-3W4	dicitur	NO MATCH	99301	Aspect#Imp|Mood#Ind|Number#Sing|Person#3|Tense#Pres|VerbForm#Fin|Voice#Pass
005.SCG*LB1.CP--++4.N.-4.9-1.10-3W9	dictum	NO MATCH	99301	Aspect#Perf|Case#Nom|Degree#Pos|Gender#Neut|Number#Sing|Tense#Past|VerbForm#Part|Voice#Pass
005.SCG*LB4.CP-1++1.N.17.7-5.12-4W20	dicuntur	NO MATCH	99301	Aspect#Imp|Mood#Ind|Number#Plur|Person#3|Tense#Pres|VerbForm#Fin|Voice#Pass
005.SCG*LB2.CP-9++8.N.-7.1-1.5-4W5	praedicta	NO MATCH	118832	Aspect#Perf|Case#Acc|Degree#Pos|Gender#Neut|Number#Plur|Tense#Past|VerbForm#Part|Voice#Pass
005.SCG*LB4.CP--++5.N.10.3-2.4-3W12	dicens	NO MATCH	99301	Aspect#Imp|Case#Nom|Degree#Pos|Gender#Masc|Number#Sing|Tense#Pres|VerbForm#Part|Voice#Act
005.SCG*LB4.CP-9++7.N.-5.9-1.10-2W5	dicitur	NO MATCH	99301	Aspect#Imp|Mood#Ind|Number#Sing|Person#3|Tense#Pres|VerbForm#Fin|Voice#Pass
005.SCG*LB4.CP-9++2.N.-4.15-1.16-4W10	consequens	NO MATCH	96035	Degree#Pos
005.SCG*LB1.CP-3++4.N.-1.21-1.24-5W10	dicuntur	NO MATCH	99301	Mood#Ind|Number#Plur|Person#3|Tense#Pres|VerbForm#Fin|Voice#Pass
005.SCG*LB3.CP12++7.N.-4.3-1.4-2W3	dicimus	NO MATCH	99301	Mood#Ind|Number#Plur|Person#1|Tense#Pres|VerbForm#Fin|Voice#Act
005.SCG*LB3.CP-4++0.N.-2.1-1.2-5W10	dictis	NO MATCH	99301	Aspect#Perf|Case#Abl|Degree#Pos|Gender#Neut|Number#Plur|Tense#Past|VerbForm#Part|Voice#Pass
005.SCG*LB3.CP15++4.N.25.14-4.18-2W12	fiunt	NO MATCH	102758	Mood#Ind|Number#Plur|Person#3|Tense#Pres|VerbForm#Fin|Voice#Pass
005.SCG*LB3.CP10++1.N.-1.1-1.3-5W12	fiunt	NO MATCH	102758	Mood#Ind|Number#Plur|Person#3|Tense#Pres|VerbForm#Fin|Voice#Pass
005.SCG*LB4.CP-9++0.N.-9.1-1.5-5W23	dicta	NO MATCH	99301	Aspect#Perf|Case#Acc|Degree#Pos|Gender#Neut|Number#Plur|Tense#Past|VerbForm#Part|Voice#Pass
005.SCG*LB4.CP--++2.N.-5.11-5.12-8W11	pariam	NO MATCH	116051	Aspect#Imp|Mood#Ind|Number#Sing|Person#1|Tense#Fut|VerbForm#Fin|Voice#Act
005.SCG*LB4.CP-3++5.N.-8.1-1.3-4W6	fit	NO MATCH	102758	Aspect#Imp|Mood#Ind|Number#Sing|Person#3|Tense#Pres|VerbForm#Fin|Voice#Pass
005.SCG*LB2.CP-7++9.N.-4.1-1.5-4W24	convenienter	NO MATCH	96424	Degree#Pos
005.SCG*LB1.CP-2++0.N.36.5-1.5-5W1	dicitur	NO MATCH	99301	Mood#Ind|Number#Sing|Person#3|Tense#Pres|VerbForm#Fin|Voice#Pass
005.SCG*LB4.CP-3++4.N.22.1-2.4-6W2	dicit	NO MATCH	99301	Aspect#Imp|Mood#Ind|Number#Sing|Person#3|Tense#Pres|VerbForm#Fin|Voice#Act
005.SCG*LB3.CP-9++5.N.17.5-1.7-2W12	dixit	NO MATCH	99301	Aspect#Perf|Mood#Ind|Number#Sing|Person#3|Tense#Past|VerbForm#Fin|Voice#Act
005.SCG*LB3.CP--++1.N.-2.1-1.7-3W14	dicimus	NO MATCH	99301	Mood#Ind|Number#Plur|Person#1|Tense#Pres|VerbForm#Fin|Voice#Act
005.SCG*LB3.CP10++5.N.12.1-1.8-5W13	dicere	NO MATCH	99301	Tense#Pres|VerbForm#Inf|Voice#Act
005.SCG*LB3.CP13++0.N.-5.1-1.5-2W18	praedicta	NO MATCH	118832	Aspect#Perf|Case#Acc|Degree#Pos|Gender#Neut|Number#Plur|Tense#Past|VerbForm#Part|Voice#Pass
005.SCG*LB4.CP-9++2.N.-4.10-1.12-3W1	puta	NO MATCH	120610	VerbForm#Fin
005.SCG*LB4.CP-1++1.N.16.19-6.23-1W19	dici	NO MATCH	99301	Aspect#Imp|Tense#Pres|VerbForm#Inf|Voice#Pass
005.SCG*LB3.CP12++2.N.11.3-2.3-5W1	dicitur	NO MATCH	99301	Mood#Ind|Number#Sing|Person#3|Tense#Pres|VerbForm#Fin|Voice#Pass
005.SCG*LB4.CP-5++5.N.11.54-7.56-7W3	dicitur	NO MATCH	99301	Aspect#Imp|Mood#Ind|Number#Sing|Person#3|Tense#Pres|VerbForm#Fin|Voice#Pass
005.SCG*LB4.CP-3++4.N.16.1-2.2-1W2	dicit	NO MATCH	99301	Aspect#Imp|Mood#Ind|Number#Sing|Person#3|Tense#Pres|VerbForm#Fin|Voice#Act
005.SCG*LB2.CP-8++3.N.23.2-4.6-2W1	dicitur	NO MATCH	99301	Mood#Ind|Number#Sing|Person#3|Tense#Pres|VerbForm#Fin|Voice#Pass
005.SCG*LB2.CP-9++0.N.-3.1-1.4-2W7	puta	NO MATCH	120610	
005.SCG*LB3.CP10++9.N.-3.8-3.11-6W21	consequens	NO MATCH	96035	Case#Acc|Degree#Pos|Gender#Neut|Number#Sing|Tense#Pres|VerbForm#Part|Voice#Pass
005.SCG*LB3.CP15++4.N.17.1-1.7-4W29	praedicti	NO MATCH	118832	Aspect#Perf|Case#Nom|Degree#Pos|Gender#Masc|Number#Plur|Tense#Past|VerbForm#Part|Voice#Pass
005.SCG*LB2.CP-3++7.N.-2.13-1.19-6W33	fieri	NO MATCH	102758	Tense#Pres|VerbForm#Inf|Voice#Pass
005.SCG*LB1.CP-6++7.N.-9.17-6.21-3W23	dicimus	NO MATCH	99301	Mood#Ind|Number#Plur|Person#1|Tense#Pres|VerbForm#Fin|Voice#Act
005.SCG*LB4.CP-1++1.N.11.38-1.40-4W6	dici	NO MATCH	99301	Aspect#Imp|Tense#Pres|VerbForm#Inf|Voice#Pass
005.SCG*LB2.CP-7++9.N.14.6-1.9-1W10	dicens	NO MATCH	99301	Case#Nom|Degree#Pos|Gender#Masc|Number#Sing|Tense#Pres|VerbForm#Part|Voice#Act
005.SCG*LB3.CP-8++4.N.-1.9-2.11-1W10	directe	NO MATCH	99575	Degree#Pos
005.SCG*LB2.CP-8++0.N.13.10-5.14-6W3	consequenter	NO MATCH	96035	Degree#Pos
005.SCG*LB4.CP--++7.N.14.1-2.3-6W16	dicuntur	NO MATCH	99301	Aspect#Imp|Mood#Ind|Number#Plur|Person#3|Tense#Pres|VerbForm#Fin|Voice#Pass
005.SCG*LB4.CP--++1.N.-1.1-1.4-4W6	dicta	NO MATCH	99301	Aspect#Perf|Case#Nom|Degree#Pos|Gender#Neut|Number#Plur|Tense#Past|VerbForm#Part|Voice#Pass
005.SCG*LB4.CP-3++8.N.-7.6-3.8-3W11	consequens	NO MATCH	96035	Aspect#Imp|Case#Acc|Degree#Pos|Gender#Neut|Number#Sing|Tense#Pres|VerbForm#Part|Voice#Pass
005.SCG*LB4.CP-7++4.N.-4.3-2.6-1W19	dictis	NO MATCH	99301	Aspect#Perf|Case#Abl|Degree#Pos|Gender#Neut|Number#Plur|Tense#Past|VerbForm#Part|Voice#Pass
005.SCG*LB3.CP-9++4.N.14.3-1.7-6W15	essendi	NO MATCH	126689	Case#Gen|Degree#Pos|Number#Sing|VerbForm#Ger|Voice#Act
005.SCG*LB4.CP-4++5.N.-4.4-5.9-4W18	dicenti	NO MATCH	99301	Aspect#Imp|Case#Dat|Degree#Pos|Gender#Masc|Number#Sing|Tense#Pres|VerbForm#Part|Voice#Act
005.SCG*LB4.CP-3++5.N.-9.14-2.16-7W9	dictis	NO MATCH	99301	Aspect#Perf|Case#Abl|Degree#Pos|Gender#Neut|Number#Plur|Tense#Past|VerbForm#Part|Voice#Pass
005.SCG*LB2.CP-2++2.N.-6.7-2.10-2W22	praedicta	NO MATCH	118832	Aspect#Perf|Case#Acc|Degree#Pos|Gender#Neut|Number#Plur|Tense#Past|VerbForm#Part|Voice#Pass
005.SCG*LB2.CP-9++8.N.-2.10-8.12-4W5	fit	NO MATCH	102758	Mood#Ind|Number#Sing|Person#3|Tense#Pres|VerbForm#Fin|Voice#Pass
005.SCG*LB4.CP-8++3.N.-2.8-5.11-3W18	dictis	NO MATCH	99301	Aspect#Perf|Case#Abl|Degree#Pos|Gender#Neut|Number#Plur|Tense#Past|VerbForm#Part|Voice#Pass
005.SCG*LB3.CP-5++9.N.-7.40-1.40-7W4	dicitur	NO MATCH	99301	Mood#Ind|Number#Sing|Person#3|Tense#Pres|VerbForm#Fin|Voice#Pass
005.SCG*LB3.CP10++3.N.-2.17-1.21-5W5	dicit	NO MATCH	99301	Mood#Ind|Number#Sing|Person#3|Tense#Pres|VerbForm#Fin|Voice#Act
005.SCG*LB1.CP-9++1.N.-4.17-5.19-5W17	fit	NO MATCH	102758	Mood#Ind|Number#Sing|Person#3|Tense#Pres|VerbForm#Fin|Voice#Pass
005.SCG*LB3.CP-9++7.N.17.12-3.16-3W16	convenienter	NO MATCH	96424	Degree#Pos
005.SCG*LB2.CP-7++3.N.16.10-6.12-2W5	praedicta	NO MATCH	118832	Aspect#Perf|Case#Nom|Degree#Pos|Gender#Fem|Number#Sing|Tense#Past|VerbForm#Part|Voice#Pass
005.SCG*LB1.CP-5++8.N.-9.4-2.4-6W5	dicitur	NO MATCH	99301	Mood#Ind|Number#Sing|Person#3|Tense#Pres|VerbForm#Fin|Voice#Pass
005.SCG*LB2.CP-1++1.N.-2.7-1.8-1W4	converso	NO MATCH	96446	Case#Abl|Degree#Pos|Gender#Neut|Number#Sing
005.SCG*LB3.CP14++8.N.-2.5-3.8-4W22	dictis	NO MATCH	99301	Aspect#Perf|Case#Abl|Degree#Pos|Gender#Neut|Number#Plur|Tense#Past|VerbForm#Part|Voice#Pass
005.SCG*LB4.CP-1++7.N.16.7-8.8-5W4	dicit	NO MATCH	99301	Aspect#Imp|Mood#Ind|Number#Sing|Person#3|Tense#Pres|VerbForm#Fin|Voice#Act
005.SCG*LB3.CP12++2.N.-1.1-1.3-4W9	dicentium	NO MATCH	99301	Case#Gen|Degree#Pos|Gender#Masc|Number#Plur|Tense#Pres|VerbForm#Part|Voice#Act
005.SCG*LB3.CP14++2.N.-6.1-1.2-1W4	dicitur	NO MATCH	99301	Mood#Ind|Number#Sing|Person#3|Tense#Pres|VerbForm#Fin|Voice#Pass
005.SCG*LB4.CP-1++7.N.11.12-4.13-4W2	dicunt	NO MATCH	99301	Aspect#Imp|Mood#Ind|Number#Plur|Person#3|Tense#Pres|VerbForm#Fin|Voice#Act
005.SCG*LB2.CP-8++8.N.-7.4-4.5-8W5	fit	NO MATCH	102758	Mood#Ind|Number#Sing|Person#3|Tense#Pres|VerbForm#Fin|Voice#Pass
005.SCG*LB2.CP-4++0.N.-6.4-2.6-2W14	dictis	NO MATCH	99301	Aspect#Perf|Case#Abl|Degree#Pos|Gender#Neut|Number#Plur|Tense#Past|VerbForm#Part|Voice#Pass
005.SCG*LB1.CP-6++5.N.-9.11-2.12-6W4	fit	NO MATCH	102758	Mood#Ind|Number#Sing|Person#3|Tense#Pres|VerbForm#Fin|Voice#Pass
005.SCG*LB1.CP-1++3.N.21.1-1.5-6W29	dicendo	NO MATCH	99301	Case#Abl|Degree#Pos|Number#Sing|VerbForm#Ger|Voice#Act
005.SCG*LB3.CP13++6.N.14.7-2.9-3W15	dictum	NO MATCH	99301	Aspect#Perf|Case#Nom|Degree#Pos|Gender#Neut|Number#Sing|Tense#Past|VerbForm#Part|Voice#Pass
005.SCG*LB1.CP-2++8.N.-9.15-7.21-8W5	fit	NO MATCH	102758	Mood#Ind|Number#Sing|Person#3|Tense#Pres|VerbForm#Fin|Voice#Pass
005.SCG*LB3.CP-9++2.N.-9.10-1.12-5W11	dicitur	NO MATCH	99301	Mood#Ind|Number#Sing|Person#3|Tense#Pres|VerbForm#Fin|Voice#Pass
005.SCG*LB3.CP11++9.N.-8.4-1.6-1W2	convenienter	NO MATCH	96424	Degree#Pos
005.SCG*LB4.CP-4++9.N.13.1-1.4-2W11	subiiciatur	NO MATCH	126114	Aspect#Imp|Mood#Sub|Number#Sing|Person#3|Tense#Pres|VerbForm#Fin|Voice#Pass
005.SCG*LB3.CP-5++0.N.-2.6-4.9-4W1	praedicta	NO MATCH	118832	Aspect#Perf|Case#Nom|Degree#Pos|Gender#Fem|Number#Sing|Tense#Past|VerbForm#Part|Voice#Pass
005.SCG*LB4.CP--++1.N.13.6-4.9-6W13	dicere	NO MATCH	99301	Aspect#Imp|Tense#Pres|VerbForm#Inf|Voice#Act
005.SCG*LB2.CP-9++2.N.-8.3-3.5-6W10	completius	NO MATCH	95341	Aspect#Perf|Case#Acc|Degree#Cmp|Gender#Neut|Number#Sing|Tense#Past|VerbForm#Part|Voice#Pass
005.SCG*LB3.CP13++6.N.13.29-6.30-5W10	dicit	NO MATCH	99301	Mood#Ind|Number#Sing|Person#3|Tense#Pres|VerbForm#Fin|Voice#Act
005.SCG*LB3.CP-8++1.N.-7.1-1.3-7W16	dicit	NO MATCH	99301	Mood#Ind|Number#Sing|Person#3|Tense#Pres|VerbForm#Fin|Voice#Act
005.SCG*LB4.CP-2++4.N.12.1-1.6-2W5	dicat	NO MATCH	99301	Aspect#Imp|Mood#Sub|Number#Sing|Person#3|Tense#Pres|VerbForm#Fin|Voice#Act
005.SCG*LB2.CP-7++5.N.-6.1-1.7-2W20	fiat	NO MATCH	102758	Mood#Sub|Number#Sing|Person#3|Tense#Pres|VerbForm#Fin|Voice#Pass
005.SCG*LB3.CP-8++3.N.-2.8-1.12-2W2	dicit	NO MATCH	99301	Mood#Ind|Number#Sing|Person#3|Tense#Pres|VerbForm#Fin|Voice#Act
005.SCG*LB3.CP-7++9.N.-3.6-1.8-3W13	dicitur	NO MATCH	99301	Mood#Ind|Number#Sing|Person#3|Tense#Pres|VerbForm#Fin|Voice#Pass
005.SCG*LB2.CP-3++7.N.-2.28-4.30-5W3	fit	NO MATCH	102758	Mood#Ind|Number#Sing|Person#3|Tense#Pres|VerbForm#Fin|Voice#Pass
005.SCG*LB3.CP-8++1.N.-6.24-3.25-1W2	dicitur	NO MATCH	99301	Mood#Ind|Number#Sing|Person#3|Tense#Pres|VerbForm#Fin|Voice#Pass
005.SCG*LB3.CP-2++0.N.-5.15-5.19-7W35	dicitur	NO MATCH	99301	Mood#Ind|Number#Sing|Person#3|Tense#Pres|VerbForm#Fin|Voice#Pass
005.SCG*LB2.CP-8++9.N.11.1-1.6-3W30	consequens	NO MATCH	96035	Case#Acc|Degree#Pos|Gender#Neut|Number#Sing|Tense#Pres|VerbForm#Part|Voice#Pass
005.SCG*LB1.CP-9++1.N.12.40-5.44-3W1	dicitur	NO MATCH	99301	Mood#Ind|Number#Sing|Person#3|Tense#Pres|VerbForm#Fin|Voice#Pass
005.SCG*LB4.CP-3++7.N.10.5-1.9-7W5	dicit	NO MATCH	99301	Aspect#Imp|Mood#Ind|Number#Sing|Person#3|Tense#Pres|VerbForm#Fin|Voice#Act
005.SCG*LB3.CP-6++1.N.-6.1-1.2-2W5	dicit	NO MATCH	99301	Mood#Ind|Number#Sing|Person#3|Tense#Pres|VerbForm#Fin|Voice#Act
005.SCG*LB1.CP-1++3.N.33.5-3.5-6W3	dicimus	NO MATCH	99301	Mood#Ind|Number#Plur|Person#1|Tense#Pres|VerbForm#Fin|Voice#Act
005.SCG*LB3.CP12++7.N.-6.1-1.3-5W13	dicunt	NO MATCH	99301	Mood#Ind|Number#Plur|Person#3|Tense#Pres|VerbForm#Fin|Voice#Act
005.SCG*LB4.CP-1++4.N.11.32-7.37-2W6	dicentem	NO MATCH	99301	Aspect#Imp|Case#Acc|Degree#Pos|Gender#Masc|Number#Sing|Tense#Pres|VerbForm#Part|Voice#Act
005.SCG*LB3.CP-5++3.N.-5.16-1.18-4W15	dictis	NO MATCH	99301	Aspect#Perf|Case#Abl|Degree#Pos|Gender#Neut|Number#Plur|Tense#Past|VerbForm#Part|Voice#Pass
005.SCG*LB2.CP-1++5.N.-2.14-4.21-6W15	dicatur	NO MATCH	99301	Mood#Sub|Number#Sing|Person#3|Tense#Pres|VerbForm#Fin|Voice#Pass
005.SCG*LB3.CP10++8.N.-2.1-1.9-2W39	ordinatissimus	NO MATCH	115233	Aspect#Perf|Case#Nom|Degree#Sup|Gender#Masc|Number#Sing|Tense#Past|VerbForm#Part|Voice#Pass
005.SCG*LB2.CP-7++8.N.10.12-2.15-9W1	dicit	NO MATCH	99301	Mood#Ind|Number#Sing|Person#3|Tense#Pres|VerbForm#Fin|Voice#Act
005.SCG*LB2.CP-7++1.N.-3.1-1.4-2W3	dici	NO MATCH	99301	Tense#Pres|VerbForm#Inf|Voice#Pass
005.SCG*LB1.CP-5++3.N.-2.1-1.8-1W46	fit	NO MATCH	102758	Mood#Ind|Number#Sing|Person#3|Tense#Pres|VerbForm#Fin|Voice#Pass
005.SCG*LB4.CP-2++2.N.-7.1-1.5-2W9	dicitur	NO MATCH	99301	Aspect#Imp|Mood#Ind|Number#Sing|Person#3|Tense#Pres|VerbForm#Fin|Voice#Pass
005.SCG*LB3.CP-9++9.N.-3.18-2.23-4W33	dicta	NO MATCH	99301	Aspect#Perf|Case#Acc|Degree#Pos|Gender#Neut|Number#Plur|Tense#Past|VerbForm#Part|Voice#Pass
005.SCG*LB4.CP-4++5.N.-8.1-1.4-4W15	peperit	NO MATCH	116051	Aspect#Perf|Mood#Ind|Number#Sing|Person#3|Tense#Past|VerbForm#Fin|Voice#Act
005.SCG*LB1.CP-9++3.N.10.14-1.16-6W19	dici	NO MATCH	99301	Tense#Pres|VerbForm#Inf|Voice#Pass
005.SCG*LB2.CP-7++3.N.36.1-1.9-4W3	dicatur	NO MATCH	99301	Mood#Sub|Number#Sing|Person#3|Tense#Pres|VerbForm#Fin|Voice#Pass
005.SCG*LB2.CP-7++4.N.16.9-2.12-4W27	dicitur	NO MATCH	99301	Mood#Ind|Number#Sing|Person#3|Tense#Pres|VerbForm#Fin|Voice#Pass
005.SCG*LB2.CP-5++5.N.13.11-1.14-6W17	dicitur	NO MATCH	99301	Mood#Ind|Number#Sing|Person#3|Tense#Pres|VerbForm#Fin|Voice#Pass
005.SCG*LB4.CP-2++4.N.-8.27-2.31-8W28	dicentis	NO MATCH	99301	Aspect#Imp|Case#Gen|Degree#Pos|Gender#Masc|Number#Sing|Tense#Pres|VerbForm#Part|Voice#Act
005.SCG*LB4.CP-2++3.N.-2.7-3.10-2W4	dicitur	NO MATCH	99301	Aspect#Imp|Mood#Ind|Number#Sing|Person#3|Tense#Pres|VerbForm#Fin|Voice#Pass
005.SCG*LB3.CP16++3.N.-4.1-1.3-1W6	dicit	NO MATCH	99301	Mood#Ind|Number#Sing|Person#3|Tense#Pres|VerbForm#Fin|Voice#Act
005.SCG*LB3.CP12++4.N.-1.15-4.18-4W11	dictum	NO MATCH	99301	Aspect#Perf|Case#Nom|Degree#Pos|Gender#Neut|Number#Sing|Tense#Past|VerbForm#Part|Voice#Pass
005.SCG*LB4.CP-3++4.N.27.9-1.10-7W11	dicit	NO MATCH	99301	Aspect#Imp|Mood#Ind|Number#Sing|Person#3|Tense#Pres|VerbForm#Fin|Voice#Act
005.SCG*LB2.CP-2++5.N.25.8-1.11-3W14	dicatur	NO MATCH	99301	Mood#Sub|Number#Sing|Person#3|Tense#Pres|VerbForm#Fin|Voice#Pass
005.SCG*LB3.CP-1++7.N.-9.6-6.9-6W22	consequens	NO MATCH	96035	Case#Acc|Degree#Pos|Gender#Neut|Number#Sing|Tense#Pres|VerbForm#Part|Voice#Pass
005.SCG*LB1.CP-2++0.N.32.1-1.3-2W6	praedictis	NO MATCH	118832	Aspect#Perf|Case#Abl|Degree#Pos|Gender#Fem|Number#Plur|Tense#Past|VerbForm#Part|Voice#Pass
005.SCG*LB3.CP-4++8.N.17.6-3.8-7W20	dicitur	NO MATCH	99301	Mood#Ind|Number#Sing|Person#3|Tense#Pres|VerbForm#Fin|Voice#Pass
005.SCG*LB4.CP-5++4.N.-9.25-1.26-1W7	dixit	NO MATCH	99301	Aspect#Perf|Mood#Ind|Number#Sing|Person#3|Tense#Past|VerbForm#Fin|Voice#Act
005.SCG*LB1.CP-4++3.N.-2.15-4.17-7W4	dicit	NO MATCH	99301	Mood#Ind|Number#Sing|Person#3|Tense#Pres|VerbForm#Fin|Voice#Act
005.SCG*LB4.CP-8++1.N.10.9-1.10-8W1	dicunt	NO MATCH	99301	Aspect#Imp|Mood#Ind|Number#Plur|Person#3|Tense#Pres|VerbForm#Fin|Voice#Act
005.SCG*LB2.CP-1++0.N.-1.6-2.16-4W33	dicitur	NO MATCH	99301	Mood#Ind|Number#Sing|Person#3|Tense#Pres|VerbForm#Fin|Voice#Pass
005.SCG*LB4.CP-1++1.N.-4.16-3.18-4W11	fiat	NO MATCH	102758	Aspect#Imp|Mood#Sub|Number#Sing|Person#3|Tense#Pres|VerbForm#Fin|Voice#Pass
005.SCG*LB4.CP-3++4.N.29.12-1.14-2W14	consequens	NO MATCH	96035	Aspect#Imp|Case#Loc|Degree#Pos|Number#Sing|Tense#Pres|VerbForm#Part|Voice#Pass
005.SCG*LB3.CP13++0.N.-6.3-3.5-7W3	praedictorum	NO MATCH	118832	Aspect#Perf|Case#Gen|Degree#Pos|Gender#Neut|Number#Plur|Tense#Past|VerbForm#Part|Voice#Pass
005.SCG*LB1.CP-9++1.N.-8.6-2.8-6W17	dicitur	NO MATCH	99301	Mood#Ind|Number#Sing|Person#3|Tense#Pres|VerbForm#Fin|Voice#Pass
005.SCG*LB4.CP-2++4.N.-6.8-3.9-8W12	dicimus	NO MATCH	99301	Aspect#Imp|Mood#Ind|Number#Plur|Person#1|Tense#Pres|VerbForm#Fin|Voice#Act
005.SCG*LB4.CP-1++1.N.19.21-4.22-8W1	dicitur	NO MATCH	99301	Aspect#Imp|Mood#Ind|Number#Sing|Person#3|Tense#Pres|VerbForm#Fin|Voice#Pass
005.SCG*LB3.CP-8++0.N.16.8-4.11-3W4	dicit	NO MATCH	99301	Mood#Ind|Number#Sing|Person#3|Tense#Pres|VerbForm#Fin|Voice#Act
005.SCG*LB3.CP14++6.N.-7.8-1.11-1W4	dicitur	NO MATCH	99301	Mood#Ind|Number#Sing|Person#3|Tense#Pres|VerbForm#Fin|Voice#Pass
005.SCG*LB4.CP-3++4.N.14.1-2.3-2W12	dictis	NO MATCH	99301	Aspect#Perf|Case#Abl|Degree#Pos|Gender#Neut|Number#Plur|Tense#Past|VerbForm#Part|Voice#Pass
005.SCG*LB3.CP14++6.N.-6.7-9.8-2W6	dicitur	NO MATCH	99301	Mood#Ind|Number#Sing|Person#3|Tense#Pres|VerbForm#Fin|Voice#Pass
005.SCG*LB4.CP-5++5.N.10.20-1.25-2W25	differentius	NO MATCH	99342	Degree#Cmp
005.SCG*LB4.CP--++7.N.-5.12-2.13-1W1	dicitur	NO MATCH	99301	Aspect#Imp|Mood#Ind|Number#Sing|Person#3|Tense#Pres|VerbForm#Fin|Voice#Pass
005.SCG*LB3.CP14++4.N.-3.1-2.6-4W18	fiat	NO MATCH	102758	Mood#Sub|Number#Sing|Person#3|Tense#Pres|VerbForm#Fin|Voice#Pass
005.SCG*LB3.CP15++4.N.16.4-2.8-1W1	dicunt	NO MATCH	99301	Mood#Ind|Number#Plur|Person#3|Tense#Pres|VerbForm#Fin|Voice#Act
005.SCG*LB2.CP-7++6.N.19.1-1.9-2W3	dicatur	NO MATCH	99301	Mood#Sub|Number#Sing|Person#3|Tense#Pres|VerbForm#Fin|Voice#Pass
005.SCG*LB4.CP-5++2.N.-6.34-1.39-1W4	dictum	NO MATCH	99301	Aspect#Perf|Case#Nom|Degree#Pos|Gender#Neut|Number#Sing|Tense#Past|VerbForm#Part|Voice#Pass
005.SCG*LB3.CP14++3.N.-6.1-1.2-1W4	dicitur	NO MATCH	99301	Mood#Ind|Number#Sing|Person#3|Tense#Pres|VerbForm#Fin|Voice#Pass
005.SCG*LB3.CP15++9.N.-1.15-1.18-5W29	dicatur	NO MATCH	99301	Mood#Sub|Number#Sing|Person#3|Tense#Pres|VerbForm#Fin|Voice#Pass
005.SCG*LB4.CP-2++9.N.-6.3-5.7-2W22	dicuntur	NO MATCH	99301	Aspect#Imp|Mood#Ind|Number#Plur|Person#3|Tense#Pres|VerbForm#Fin|Voice#Pass
005.SCG*LB4.CP-5++4.N.-9.22-1.24-5W12	fieret	NO MATCH	102758	Aspect#Imp|Mood#Sub|Number#Sing|Person#3|Tense#Imp|VerbForm#Fin|Voice#Pass
005.SCG*LB3.CP--++5.N.-8.5-1.11-1W9	consequens	NO MATCH	96035	Case#Nom|Degree#Pos|Gender#Neut|Number#Sing|Tense#Pres|VerbForm#Part|Voice#Pass
005.SCG*LB4.CP-4++7.N.-1.1-1.5-5W26	dicitur	NO MATCH	99301	Aspect#Imp|Mood#Ind|Number#Sing|Person#3|Tense#Pres|VerbForm#Fin|Voice#Pass
005.SCG*LB1.CP-1++4.N.-1.1-1.3-3W11	dicimus	NO MATCH	99301	Mood#Ind|Number#Plur|Person#1|Tense#Pres|VerbForm#Fin|Voice#Act
005.SCG*LB4.CP-7++6.N.-5.9-2.9-5W1	dicitur	NO MATCH	99301	Aspect#Imp|Mood#Ind|Number#Sing|Person#3|Tense#Pres|VerbForm#Fin|Voice#Pass
005.SCG*LB3.CP13++1.N.-5.1-2.7-2W24	consequens	NO MATCH	96035	Case#Nom|Degree#Pos|Gender#Neut|Number#Sing|Tense#Pres|VerbForm#Part|Voice#Pass
005.SCG*LB2.CP-4++8.N.-1.1-1.3-1W6	praedictae	NO MATCH	118832	Aspect#Perf|Case#Nom|Degree#Pos|Gender#Fem|Number#Plur|Tense#Past|VerbForm#Part|Voice#Pass
005.SCG*LB3.CP-6++5.N.-2.3-3.5-3W8	dicuntur	NO MATCH	99301	Mood#Ind|Number#Plur|Person#3|Tense#Pres|VerbForm#Fin|Voice#Pass
005.SCG*LB4.CP-3++4.N.-2.51-1.53-1W3	dicatur	NO MATCH	99301	Aspect#Imp|Mood#Sub|Number#Sing|Person#3|Tense#Pres|VerbForm#Fin|Voice#Pass
005.SCG*LB1.CP-4++3.N.-6.6-2.8-4W5	dicatur	NO MATCH	99301	Mood#Sub|Number#Sing|Person#3|Tense#Pres|VerbForm#Fin|Voice#Pass
005.SCG*LB2.CP-8++3.N.25.14-3.18-3W4	fiunt	NO MATCH	102758	Mood#Ind|Number#Plur|Person#3|Tense#Pres|VerbForm#Fin|Voice#Pass
005.SCG*LB3.CP-2++4.N.-8.10-5.14-3W24	remotiora	NO MATCH	122609	Aspect#Perf|Case#Acc|Degree#Cmp|Gender#Neut|Number#Sing|Tense#Past|VerbForm#Part|Voice#Pass
005.SCG*LB3.CP-2++3.N.-8.7-1.8-3W5	dici	NO MATCH	99301	Tense#Pres|VerbForm#Inf|Voice#Pass
005.SCG*LB3.CP-9++7.N.15.14-1.15-1W7	dictis	NO MATCH	99301	Aspect#Perf|Case#Abl|Degree#Pos|Gender#Neut|Number#Plur|Tense#Past|VerbForm#Part|Voice#Pass
005.SCG*LB4.CP-6++2.N.-1.12-2.14-5W6	dixit	NO MATCH	99301	Aspect#Perf|Mood#Ind|Number#Sing|Person#3|Tense#Past|VerbForm#Fin|Voice#Act
005.SCG*LB4.CP-6++9.N.-6.10-5.11-4W3	dicitur	NO MATCH	99301	Aspect#Imp|Mood#Ind|Number#Sing|Person#3|Tense#Pres|VerbForm#Fin|Voice#Pass
005.SCG*LB2.CP-6++2.N.-5.1-2.5-2W4	dicit	NO MATCH	99301	Mood#Ind|Number#Sing|Person#3|Tense#Pres|VerbForm#Fin|Voice#Act
005.SCG*LB3.CP12++5.N.-3.6-2.7-6W12	dicitur	NO MATCH	99301	Mood#Ind|Number#Sing|Person#3|Tense#Pres|VerbForm#Fin|Voice#Pass
005.SCG*LB4.CP-3++4.N.-2.59-4.63-7W34	dici	NO MATCH	99301	Aspect#Imp|Tense#Pres|VerbForm#Inf|Voice#Pass
005.SCG*LB4.CP--++7.N.-3.6-3.8-2W6	dicitur	NO MATCH	99301	Aspect#Imp|Mood#Ind|Number#Sing|Person#3|Tense#Pres|VerbForm#Fin|Voice#Pass
005.SCG*LB3.CP--++1.N.-6.33-3.34-4W5	dicit	NO MATCH	99301	Mood#Ind|Number#Sing|Person#3|Tense#Pres|VerbForm#Fin|Voice#Act
005.SCG*LB4.CP-9++7.N.-3.16-1.23-1W3	dici	NO MATCH	99301	Aspect#Imp|Tense#Pres|VerbForm#Inf|Voice#Pass
005.SCG*LB4.CP--++8.N.-3.8-1.10-4W10	dominantium	NO MATCH	100058	Aspect#Imp|Case#Gen|Degree#Pos|Gender#Masc|Number#Plur|Tense#Pres|VerbForm#Part|Voice#Pass
005.SCG*LB4.CP-1++4.N.-9.18-5.20-7W1	dicitur	NO MATCH	99301	Aspect#Imp|Mood#Ind|Number#Sing|Person#3|Tense#Pres|VerbForm#Fin|Voice#Pass
005.SCG*LB2.CP-7++2.N.-4.2-2.4-4W4	dicatur	NO MATCH	99301	Mood#Sub|Number#Sing|Person#3|Tense#Pres|VerbForm#Fin|Voice#Pass
005.SCG*LB3.CP-5++5.N.-6.1-1.5-5W4	dicitur	NO MATCH	99301	Mood#Ind|Number#Sing|Person#3|Tense#Pres|VerbForm#Fin|Voice#Pass
005.SCG*LB2.CP-1++3.N.--.1-1.2-4W6	dicantur	NO MATCH	99301	Mood#Sub|Number#Plur|Person#3|Tense#Pres|VerbForm#Fin|Voice#Pass
005.SCG*LB4.CP-4++2.N.-3.12-6.14-3W1	convenienter	NO MATCH	96424	Degree#Pos
005.SCG*LB3.CP-9++5.N.10.9-1.9-7W5	dicit	NO MATCH	99301	Mood#Ind|Number#Sing|Person#3|Tense#Pres|VerbForm#Fin|Voice#Act
005.SCG*LB3.CP11++0.N.-5.21-7.25-4W13	praedicto	NO MATCH	118832	Aspect#Perf|Case#Abl|Degree#Pos|Gender#Masc|Number#Sing|Tense#Past|VerbForm#Part|Voice#Pass
005.SCG*LB1.CP-3++2.N.-3.5-4.8-2W4	dicitur	NO MATCH	99301	Mood#Ind|Number#Sing|Person#3|Tense#Pres|VerbForm#Fin|Voice#Pass
005.SCG*LB1.CP-3++3.N.-7.1-1.7-4W3	dicatur	NO MATCH	99301	Mood#Sub|Number#Sing|Person#3|Tense#Pres|VerbForm#Fin|Voice#Pass
005.SCG*LB4.CP--++5.N.-5.1-1.5-3W7	praedicta	NO MATCH	118832	Aspect#Perf|Case#Abl|Degree#Pos|Gender#Fem|Number#Sing|Tense#Past|VerbForm#Part|Voice#Pass
005.SCG*LB3.CP-9++7.N.-3.9-3.11-7W2	convenienter	NO MATCH	96424	Degree#Pos
005.SCG*LB4.CP-5++4.N.-3.34-4.38-3W14	convenientissime	NO MATCH	96424	Degree#Abs
005.SCG*LB4.CP-2++5.N.-4.11-1.15-3W3	dicendum	NO MATCH	99301	Aspect#Perf|Case#Nom|Degree#Pos|Gender#Neut|Number#Sing|VerbForm#Gdv|Voice#Pass
005.SCG*LB3.CP-4++7.N.-6.4-3.9-5W33	dicitur	NO MATCH	99301	Mood#Ind|Number#Sing|Person#3|Tense#Pres|VerbForm#Fin|Voice#Pass
005.SCG*LB4.CP-3++3.N.--.1-1.5-1W16	dicentis	NO MATCH	99301	Aspect#Imp|Case#Gen|Degree#Pos|Gender#Masc|Number#Sing|Tense#Pres|VerbForm#Part|Voice#Act
005.SCG*LB3.CP10++9.N.10.19-1.23-3W15	puta	NO MATCH	120610	
005.SCG*LB3.CP-9++8.N.-6.13-1.18-6W12	subiiciuntur	NO MATCH	126114	Mood#Ind|Number#Plur|Person#3|Tense#Pres|VerbForm#Fin|Voice#Pass
005.SCG*LB3.CP15++0.N.-1.1-1.8-1W41	convenienter	NO MATCH	96424	Degree#Pos
005.SCG*LB2.CP-3++0.N.15.18-1.22-1W5	consequens	NO MATCH	96035	Case#Nom|Degree#Pos|Gender#Masc|Number#Sing|Tense#Pres|VerbForm#Part|Voice#Pass
005.SCG*LB2.CP-5++8.N.-4.12-1.17-4W18	dicendi	NO MATCH	99301	Case#Gen|Degree#Pos|Number#Sing|VerbForm#Ger|Voice#Act
005.SCG*LB2.CP-7++3.N.38.1-1.5-6W5	praedictus	NO MATCH	118832	Aspect#Perf|Case#Nom|Degree#Pos|Gender#Masc|Number#Sing|Tense#Past|VerbForm#Part|Voice#Pass
005.SCG*LB1.CP-3++7.N.-2.1-1.2-5W6	dicitur	NO MATCH	99301	Mood#Ind|Number#Sing|Person#3|Tense#Pres|VerbForm#Fin|Voice#Pass
005.SCG*LB1.CP--++4.N.-3.28-3.31-2W17	inseruit	NO MATCH	108124	Aspect#Perf|Mood#Ind|Number#Sing|Person#3|Tense#Past|VerbForm#Fin|Voice#Act
005.SCG*LB4.CP-2++0.N.-6.7-2.7-5W1	dicitur	NO MATCH	99301	Aspect#Imp|Mood#Ind|Number#Sing|Person#3|Tense#Pres|VerbForm#Fin|Voice#Pass
005.SCG*LB1.CP-7++9.N.-2.2-6.4-6W4	dici	NO MATCH	99301	Tense#Pres|VerbForm#Inf|Voice#Pass
005.SCG*LB4.CP-2++8.N.-6.1-1.4-3W6	dicit	NO MATCH	99301	Aspect#Imp|Mood#Ind|Number#Sing|Person#3|Tense#Pres|VerbForm#Fin|Voice#Act
005.SCG*LB1.CP-6++7.N.-9.9-3.14-7W35	dicetur	NO MATCH	99301	Mood#Ind|Number#Sing|Person#3|Tense#Fut|VerbForm#Fin|Voice#Pass
005.SCG*LB4.CP-4++6.N.-2.9-6.11-7W6	fit	NO MATCH	102758	Aspect#Imp|Mood#Ind|Number#Sing|Person#3|Tense#Pres|VerbForm#Fin|Voice#Pass
005.SCG*LB4.CP-7++4.N.-7.33-7.35-2W6	dictum	NO MATCH	99301	Aspect#Perf|Case#Nom|Degree#Pos|Gender#Neut|Number#Sing|Tense#Past|VerbForm#Part|Voice#Pass
005.SCG*LB2.CP-8++4.N.-7.3-4.5-4W3	dicere	NO MATCH	99301	Tense#Pres|VerbForm#Inf|Voice#Act
005.SCG*LB4.CP--++8.N.-9.67-1.72-1W25	dicit	NO MATCH	99301	Aspect#Imp|Mood#Ind|Number#Sing|Person#3|Tense#Pres|VerbForm#Fin|Voice#Act
005.SCG*LB3.CP--++8.N.10.19-1.28-1W6	dicit	NO MATCH	99301	Mood#Ind|Number#Sing|Person#3|Tense#Pres|VerbForm#Fin|Voice#Act
005.SCG*LB1.CP-6++6.N.-8.12-2.15-5W9	coexistit	NO MATCH	94708	Mood#Ind|Number#Sing|Person#3|Tense#Pres|VerbForm#Fin|Voice#Act
005.SCG*LB3.CP-9++5.N.11.8-4.8-8W5	dicitur	NO MATCH	99301	Mood#Ind|Number#Sing|Person#3|Tense#Pres|VerbForm#Fin|Voice#Pass
005.SCG*LB3.CP14++9.N.-3.11-2.11-7W7	dicit	NO MATCH	99301	Mood#Ind|Number#Sing|Person#3|Tense#Pres|VerbForm#Fin|Voice#Act
005.SCG*LB4.CP-2++9.N.-5.4-4.5-1W1	dicitur	NO MATCH	99301	Aspect#Imp|Mood#Ind|Number#Sing|Person#3|Tense#Pres|VerbForm#Fin|Voice#Pass
005.SCG*LB1.CP-5++7.N.-3.1-2.2-4W2	ratiocinans	NO MATCH	122358	Case#Nom|Degree#Pos|Gender#Masc|Number#Sing|Tense#Pres|VerbForm#Part|Voice#Pass
005.SCG*LB3.CP-4++3.N.-2.23-3.24-6W1	fiunt	NO MATCH	102758	Mood#Ind|Number#Plur|Person#3|Tense#Pres|VerbForm#Fin|Voice#Pass
005.SCG*LB1.CP-4++0.N.-3.8-4.10-4W3	dicetur	NO MATCH	99301	Mood#Ind|Number#Sing|Person#3|Tense#Fut|VerbForm#Fin|Voice#Pass
005.SCG*LB3.CP-8++4.N.10.14-1.18-5W11	dicit	NO MATCH	99301	Mood#Ind|Number#Sing|Person#3|Tense#Pres|VerbForm#Fin|Voice#Act
005.SCG*LB2.CP-7++5.N.10.18-6.21-2W4	fiat	NO MATCH	102758	Mood#Sub|Number#Sing|Person#3|Tense#Pres|VerbForm#Fin|Voice#Pass
005.SCG*LB4.CP-5++2.N.14.4-6.7-5W19	dictum	NO MATCH	99301	Aspect#Perf|Case#Nom|Degree#Pos|Gender#Neut|Number#Sing|Tense#Past|VerbForm#Part|Voice#Pass
005.SCG*LB3.CP12++8.N.-3.10-4.12-3W13	dicit	NO MATCH	99301	Mood#Ind|Number#Sing|Person#3|Tense#Pres|VerbForm#Fin|Voice#Act
005.SCG*LB4.CP-8++4.N.14.4-7.10-6W21	fit	NO MATCH	102758	Aspect#Imp|Mood#Ind|Number#Sing|Person#3|Tense#Pres|VerbForm#Fin|Voice#Pass
005.SCG*LB2.CP-6++9.N.-6.1-1.6-1W19	fiat	NO MATCH	102758	Mood#Sub|Number#Sing|Person#3|Tense#Pres|VerbForm#Fin|Voice#Pass
005.SCG*LB3.CP-8++2.N.-6.9-5.12-4W18	fiat	NO MATCH	102758	Mood#Sub|Number#Sing|Person#3|Tense#Pres|VerbForm#Fin|Voice#Pass
005.SCG*LB3.CP12++5.N.10.4-6.6-3W3	praedictis	NO MATCH	118832	Aspect#Perf|Case#Dat|Degree#Pos|Gender#Fem|Number#Plur|Tense#Past|VerbForm#Part|Voice#Pass
005.SCG*LB4.CP-3++3.N.-6.8-5.12-2W24	diceretur	NO MATCH	99301	Aspect#Imp|Mood#Sub|Number#Sing|Person#3|Tense#Imp|VerbForm#Fin|Voice#Pass
005.SCG*LB1.CP-7++1.N.-4.2-1.3-4W6	dicitur	NO MATCH	99301	Mood#Ind|Number#Sing|Person#3|Tense#Pres|VerbForm#Fin|Voice#Pass
005.SCG*LB1.CP-4++2.N.11.23-1.25-3W9	necesse-esse	NO MATCH	126689	Tense#Pres|VerbForm#Inf|Voice#Act
005.SCG*LB4.CP-7++4.N.-7.23-2.26-2W4	dictum	NO MATCH	99301	Aspect#Perf|Case#Nom|Degree#Pos|Gender#Neut|Number#Sing|Tense#Past|VerbForm#Part|Voice#Pass
005.SCG*LB3.CP-8++4.N.-2.11-4.13-1W6	fit	NO MATCH	102758	Mood#Ind|Number#Sing|Person#3|Tense#Pres|VerbForm#Fin|Voice#Pass
005.SCG*LB3.CP-4++4.N.-3.17-5.24-5W23	dicunt	NO MATCH	99301	Mood#Ind|Number#Plur|Person#3|Tense#Pres|VerbForm#Fin|Voice#Act
005.SCG*LB3.CP-2++0.N.-4.4-1.9-3W27	consequens	NO MATCH	96035	Case#Acc|Degree#Pos|Gender#Neut|Number#Sing|Tense#Pres|VerbForm#Part|Voice#Pass
005.SCG*LB3.CP14++7.N.-4.10-6.12-3W10	dictum	NO MATCH	99301	Aspect#Perf|Case#Acc|Degree#Pos|Gender#Masc|Number#Sing|Tense#Past|VerbForm#Part|Voice#Pass
005.SCG*LB4.CP--++7.N.17.8-5.9-1W1	dicit	NO MATCH	99301	Aspect#Imp|Mood#Ind|Number#Sing|Person#3|Tense#Pres|VerbForm#Fin|Voice#Act
005.SCG*LB4.CP-3++1.N.-6.1-1.6-1W6	dicit	NO MATCH	99301	Aspect#Imp|Mood#Ind|Number#Sing|Person#3|Tense#Pres|VerbForm#Fin|Voice#Act
005.SCG*LB4.CP-3++0.N.-8.8-5.13-1W33	dici	NO MATCH	99301	Aspect#Imp|Tense#Pres|VerbForm#Inf|Voice#Pass
005.SCG*LB3.CP15++4.N.-6.6-1.6-4W2	dicitur	NO MATCH	99301	Mood#Ind|Number#Sing|Person#3|Tense#Pres|VerbForm#Fin|Voice#Pass
005.SCG*LB4.CP--++9.N.-6.18-4.21-3W17	dicitur	NO MATCH	99301	Aspect#Imp|Mood#Ind|Number#Sing|Person#3|Tense#Pres|VerbForm#Fin|Voice#Pass
005.SCG*LB2.CP-8++3.N.-7.1-1.4-1W5	profitentes	NO MATCH	119717	Case#Nom|Degree#Pos|Gender#Masc|Number#Plur|Tense#Pres|VerbForm#Part|Voice#Pass
005.SCG*LB3.CP-7++9.N.-2.1-2.3-3W10	dictum	NO MATCH	99301	Aspect#Perf|Case#Nom|Degree#Pos|Gender#Neut|Number#Sing|Tense#Past|VerbForm#Part|Voice#Pass
005.SCG*LB2.CP-6++0.N.22.5-6.7-4W14	dicit	NO MATCH	99301	Mood#Ind|Number#Sing|Person#3|Tense#Pres|VerbForm#Fin|Voice#Act
005.SCG*LB2.CP-6++0.N.-7.3-1.4-3W5	dicitur	NO MATCH	99301	Mood#Ind|Number#Sing|Person#3|Tense#Pres|VerbForm#Fin|Voice#Pass
005.SCG*LB3.CP-2++0.N.-5.15-5.19-7W6	dicitur	NO MATCH	99301	Mood#Ind|Number#Sing|Person#3|Tense#Pres|VerbForm#Fin|Voice#Pass
005.SCG*LB3.CP-9++8.N.-4.7-7.11-4W14	volitum	NO MATCH	130745	Aspect#Perf|Case#Nom|Degree#Pos|Gender#Neut|Number#Sing|Tense#Past|VerbForm#Part|VerbType#Mod|Voice#Pass
005.SCG*LB2.CP-5++8.N.-7.9-6.18-3W27	sensificato	NO MATCH	124333	Aspect#Perf|Case#Abl|Degree#Pos|Gender#Neut|Number#Sing|Tense#Past|VerbForm#Part|Voice#Pass
005.SCG*LB1.CP-6++1.N.-6.5-5.7-5W3	dicere	NO MATCH	99301	Tense#Pres|VerbForm#Inf|Voice#Act
005.SCG*LB4.CP-4++7.N.-4.3-2.4-3W8	diceretur	NO MATCH	99301	Aspect#Imp|Mood#Sub|Number#Sing|Person#3|Tense#Imp|VerbForm#Fin|Voice#Pass
005.SCG*LB1.CP-1++8.N.-3.6-3.7-4W10	necesse-esse	NO MATCH	126689	Tense#Pres|VerbForm#Inf|Voice#Act
005.SCG*LB2.CP-9++2.N.12.6-1.11-5W31	dicatur	NO MATCH	99301	Mood#Sub|Number#Sing|Person#3|Tense#Pres|VerbForm#Fin|Voice#Pass
005.SCG*LB4.CP--++8.N.12.8-5.9-2W1	dicitur	NO MATCH	99301	Aspect#Imp|Mood#Ind|Number#Sing|Person#3|Tense#Pres|VerbForm#Fin|Voice#Pass
005.SCG*LB3.CP-4++6.N.-2.2-8.4-7W4	fit	NO MATCH	102758	Mood#Ind|Number#Sing|Person#3|Tense#Pres|VerbForm#Fin|Voice#Pass
005.SCG*LB1.CP--++1.N.-7.6-6.13-1W10	dicit	NO MATCH	99301	Mood#Ind|Number#Sing|Person#3|Tense#Pres|VerbForm#Fin|Voice#Act
005.SCG*LB2.CP-7++8.N.-8.46-1.49-2W3	dicit	NO MATCH	99301	Mood#Ind|Number#Sing|Person#3|Tense#Pres|VerbForm#Fin|Voice#Act
005.SCG*LB3.CP-3++0.N.-7.1-2.7-1W3	fit	NO MATCH	102758	Mood#Ind|Number#Sing|Person#3|Tense#Pres|VerbForm#Fin|Voice#Pass
005.SCG*LB4.CP-2++2.N.-2.3-4.6-1W14	dicebat	NO MATCH	99301	Aspect#Imp|Mood#Ind|Number#Sing|Person#3|Tense#Imp|VerbForm#Fin|Voice#Act
005.SCG*LB4.CP-1++7.N.10.7-1.8-2W8	dixit	NO MATCH	99301	Aspect#Perf|Mood#Ind|Number#Sing|Person#3|Tense#Past|VerbForm#Fin|Voice#Act
005.SCG*LB2.CP-2++4.N.-4.3-1.6-6W4	fieri	NO MATCH	102758	Tense#Pres|VerbForm#Inf|Voice#Pass
005.SCG*LB3.CP-6++7.N.-6.7-2.8-3W3	dicere	NO MATCH	99301	Tense#Pres|VerbForm#Inf|Voice#Act
005.SCG*LB4.CP-2++2.N.-5.8-1.10-7W18	puta	NO MATCH	120610	VerbForm#Fin
005.SCG*LB2.CP-5++1.N.-5.6-2.8-6W5	dicetur	NO MATCH	99301	Mood#Ind|Number#Sing|Person#3|Tense#Fut|VerbForm#Fin|Voice#Pass
005.SCG*LB3.CP-1++0.N.13.5-4.7-6W13	dicetur	NO MATCH	99301	Mood#Ind|Number#Sing|Person#3|Tense#Fut|VerbForm#Fin|Voice#Pass
005.SCG*LB2.CP-8++9.N.-6.1-1.2-4W8	dicunt	NO MATCH	99301	Mood#Ind|Number#Plur|Person#3|Tense#Pres|VerbForm#Fin|Voice#Act
005.SCG*LB3.CP-4++2.N.-8.7-5.10-4W18	dictum	NO MATCH	99301	Aspect#Perf|Case#Nom|Degree#Pos|Gender#Neut|Number#Sing|Tense#Past|VerbForm#Part|Voice#Pass
005.SCG*LB3.CP-8++1.N.-6.11-5.15-6W24	egrediens	NO MATCH	100715	Case#Nom|Degree#Pos|Gender#Neut|Number#Sing|Tense#Pres|VerbForm#Part|Voice#Pass
005.SCG*LB3.CP13++5.N.22.3-1.7-1W31	fieri	NO MATCH	102758	Tense#Pres|VerbForm#Inf|Voice#Pass
005.SCG*LB2.CP-6++9.N.-8.6-1.10-3W5	dicatur	NO MATCH	99301	Mood#Sub|Number#Sing|Person#3|Tense#Pres|VerbForm#Fin|Voice#Pass
005.SCG*LB3.CP-1++0.N.-6.1-1.6-8W26	dicitur	NO MATCH	99301	Mood#Ind|Number#Sing|Person#3|Tense#Pres|VerbForm#Fin|Voice#Pass
005.SCG*LB1.CP-8++7.N.-5.1-1.5-4W2	praedicta	NO MATCH	118832	Aspect#Perf|Case#Acc|Degree#Pos|Gender#Neut|Number#Plur|Tense#Past|VerbForm#Part|Voice#Pass
005.SCG*LB2.CP10++0.N.-3.1-2.2-6W11	eminentius	NO MATCH	100978	Case#Loc|Degree#Cmp|Number#Sing
005.SCG*LB4.CP-3++1.N.-4.4-1.5-1W5	fit	NO MATCH	102758	Aspect#Imp|Mood#Ind|Number#Sing|Person#3|Tense#Pres|VerbForm#Fin|Voice#Pass
005.SCG*LB4.CP-2++3.N.11.6-7.8-8W18	dictis	NO MATCH	99301	Aspect#Perf|Case#Abl|Degree#Pos|Gender#Neut|Number#Plur|Tense#Past|VerbForm#Part|Voice#Pass
005.SCG*LB3.CP-9++2.N.-2.43-3.47-2W25	dicitur	NO MATCH	99301	Mood#Ind|Number#Sing|Person#3|Tense#Pres|VerbForm#Fin|Voice#Pass
005.SCG*LB2.CP-5++6.N.-2.5-1.6-2W8	alterata	NO MATCH	88470	Aspect#Perf|Case#Acc|Degree#Pos|Gender#Neut|Number#Plur|Tense#Past|VerbForm#Part|Voice#Pass
005.SCG*LB4.CP-3++0.N.-9.6-5.9-5W3	diceret	NO MATCH	99301	Aspect#Imp|Mood#Sub|Number#Sing|Person#3|Tense#Imp|VerbForm#Fin|Voice#Act
005.SCG*LB2.CP-7++6.N.-9.3-2.10-1W29	dicit	NO MATCH	99301	Mood#Ind|Number#Sing|Person#3|Tense#Pres|VerbForm#Fin|Voice#Act
005.SCG*LB4.CP-8++3.N.16.12-1.12-4W1	dicitur	NO MATCH	99301	Aspect#Imp|Mood#Ind|Number#Sing|Person#3|Tense#Pres|VerbForm#Fin|Voice#Pass
005.SCG*LB2.CP-5++7.N.-3.5-7.8-4W12	consequens	NO MATCH	96035	Case#Acc|Degree#Pos|Gender#Neut|Number#Sing|Tense#Pres|VerbForm#Part|Voice#Pass
005.SCG*LB2.CP-1++2.N.--.1-1.3-2W3	dictae	NO MATCH	99301	Aspect#Perf|Case#Nom|Degree#Pos|Gender#Fem|Number#Plur|Tense#Past|VerbForm#Part|Voice#Pass
005.SCG*LB4.CP-2++9.N.-6.8-1.11-3W12	expresse	NO MATCH	102229	Degree#Pos
005.SCG*LB3.CP-9++5.N.16.15-3.16-2W1	dixistis	NO MATCH	99301	Aspect#Perf|Mood#Ind|Number#Plur|Person#2|Tense#Past|VerbForm#Fin|Voice#Act
005.SCG*LB1.CP-9++1.N.-9.30-1.32-7W8	dici	NO MATCH	99301	Tense#Pres|VerbForm#Inf|Voice#Pass
005.SCG*LB4.CP-2++9.N.-9.1-1.3-4W3	expressius	NO MATCH	102229	Degree#Cmp
005.SCG*LB3.CP14++4.N.11.23-3.24-1W2	dicitur	NO MATCH	99301	Mood#Ind|Number#Sing|Person#3|Tense#Pres|VerbForm#Fin|Voice#Pass
005.SCG*LB4.CP-5++5.N.10.8-3.11-4W1	convenientissime	NO MATCH	96424	Degree#Abs
005.SCG*LB2.CP-9++2.N.-9.23-1.26-4W4	dicimus	NO MATCH	99301	Mood#Ind|Number#Plur|Person#1|Tense#Pres|VerbForm#Fin|Voice#Act
005.SCG*LB4.CP--++8.N.12.1-1.6-3W8	dicit	NO MATCH	99301	Aspect#Imp|Mood#Ind|Number#Sing|Person#3|Tense#Pres|VerbForm#Fin|Voice#Act
005.SCG*LB4.CP-3++1.N.-4.1-2.3-5W14	fieri	NO MATCH	102758	Aspect#Imp|Tense#Pres|VerbForm#Inf|Voice#Pass
005.SCG*LB4.CP-3++3.N.-7.7-1.13-3W8	dicentis	NO MATCH	99301	Aspect#Imp|Case#Gen|Degree#Pos|Gender#Masc|Number#Sing|Tense#Pres|VerbForm#Part|Voice#Act
005.SCG*LB1.CP-4++2.N.-9.9-1.10-3W7	necesse-esse	NO MATCH	126689	Tense#Pres|VerbForm#Inf|Voice#Act
005.SCG*LB2.CP-3++0.N.16.1-1.5-3W2	praedictis	NO MATCH	118832	Aspect#Perf|Case#Abl|Degree#Pos|Gender#Neut|Number#Plur|Tense#Past|VerbForm#Part|Voice#Pass
005.SCG*LB4.CP-1++4.N.14.1-1.4-6W15	fit	NO MATCH	102758	Aspect#Imp|Mood#Ind|Number#Sing|Person#3|Tense#Pres|VerbForm#Fin|Voice#Pass
005.SCG*LB4.CP-9++6.N.-1.9-2.11-2W6	fit	NO MATCH	102758	Aspect#Imp|Mood#Ind|Number#Sing|Person#3|Tense#Pres|VerbForm#Fin|Voice#Pass
005.SCG*LB4.CP--++8.N.-3.31-1.33-6W11	dicitur	NO MATCH	99301	Aspect#Imp|Mood#Ind|Number#Sing|Person#3|Tense#Pres|VerbForm#Fin|Voice#Pass
005.SCG*LB1.CP-2++9.N.-5.1-1.3-4W5	convenientius	NO MATCH	96424	Degree#Cmp
005.SCG*LB3.CP11++2.N.-5.11-2.13-2W1	convenienter	NO MATCH	96424	Degree#Pos
005.SCG*LB3.CP-6++2.N.-4.3-4.6-3W3	praedicta	NO MATCH	118832	Aspect#Perf|Case#Nom|Degree#Pos|Gender#Fem|Number#Sing|Tense#Past|VerbForm#Part|Voice#Pass
005.SCG*LB4.CP--++1.N.12.18-3.19-3W1	signanter	NO MATCH	124766	Degree#Pos
005.SCG*LB1.CP-8++4.N.-3.4-4.8-4W27	essendi	NO MATCH	126689	Case#Gen|Degree#Pos|Number#Sing|VerbForm#Ger|Voice#Act
005.SCG*LB4.CP--++4.N.15.19-1.23-2W12	dicitur	NO MATCH	99301	Aspect#Imp|Mood#Ind|Number#Sing|Person#3|Tense#Pres|VerbForm#Fin|Voice#Pass
005.SCG*LB4.CP-1++2.N.-5.1-1.7-7W21	dictum	NO MATCH	99301	Aspect#Perf|Case#Acc|Degree#Pos|Gender#Neut|Number#Sing|Tense#Past|VerbForm#Part|Voice#Pass
005.SCG*LB4.CP-1++1.N.13.38-1.40-5W7	dixi	NO MATCH	99301	Aspect#Perf|Mood#Ind|Number#Sing|Person#1|Tense#Past|VerbForm#Fin|Voice#Act
005.SCG*LB4.CP-3++0.N.-9.18-6.23-4W1	dicitur	NO MATCH	99301	Aspect#Imp|Mood#Ind|Number#Sing|Person#3|Tense#Pres|VerbForm#Fin|Voice#Pass
005.SCG*LB3.CP-9++4.N.10.68-1.71-1W17	contingenter	NO MATCH	93415	Degree#Pos
005.SCG*LB3.CP-9++4.N.10.68-1.71-1W17	contingenter	NO MATCH	96293	Degree#Pos
005.SCG*LB3.CP-8++9.N.-4.1-2.5-5W5	dicit	NO MATCH	99301	Mood#Ind|Number#Sing|Person#3|Tense#Pres|VerbForm#Fin|Voice#Act
005.SCG*LB4.CP--++1.N.11.5-2.7-2W5	dicitur	NO MATCH	99301	Aspect#Imp|Mood#Ind|Number#Sing|Person#3|Tense#Pres|VerbForm#Fin|Voice#Pass
005.SCG*LB3.CP-8++2.N.-3.21-4.23-2W10	dictis	NO MATCH	99301	Aspect#Perf|Case#Abl|Degree#Pos|Gender#Neut|Number#Plur|Tense#Past|VerbForm#Part|Voice#Pass
005.SCG*LB4.CP-1++7.N.-2.2-6.3-2W1	dicitur	NO MATCH	99301	Aspect#Imp|Mood#Ind|Number#Sing|Person#3|Tense#Pres|VerbForm#Fin|Voice#Pass
005.SCG*LB2.CP-2++1.N.10.9-2.14-2W45	dicit	NO MATCH	99301	Mood#Ind|Number#Sing|Person#3|Tense#Pres|VerbForm#Fin|Voice#Act
005.SCG*LB2.CP-7++2.N.-4.27-7.33-2W33	dicendum	NO MATCH	99301	Case#Nom|Degree#Pos|Gender#Neut|Number#Sing|VerbForm#Gdv|Voice#Pass
005.SCG*LB3.CP-4++1.N.11.1-1.7-2W3	dicatur	NO MATCH	99301	Mood#Sub|Number#Sing|Person#3|Tense#Pres|VerbForm#Fin|Voice#Pass
005.SCG*LB1.CP-1++3.N.19.1-1.3-2W3	praedicta	NO MATCH	118832	Aspect#Perf|Case#Nom|Degree#Pos|Gender#Fem|Number#Sing|Tense#Past|VerbForm#Part|Voice#Pass
005.SCG*LB3.CP10++4.N.11.7-3.11-2W13	fiunt	NO MATCH	102758	Mood#Ind|Number#Plur|Person#3|Tense#Pres|VerbForm#Fin|Voice#Pass
005.SCG*LB3.CP10++1.N.-1.23-3.26-2W9	fiunt	NO MATCH	102758	Mood#Ind|Number#Plur|Person#3|Tense#Pres|VerbForm#Fin|Voice#Pass
005.SCG*LB3.CP-8++0.N.11.16-4.20-3W14	fiunt	NO MATCH	102758	Mood#Ind|Number#Plur|Person#3|Tense#Pres|VerbForm#Fin|Voice#Pass
005.SCG*LB2.CP--++1.N.-6.1-1.3-6W14	actum	NO MATCH	88140	Case#Nom|Degree#Pos|Gender#Neut|Number#Sing|Tense#Pres|VerbForm#Part|Voice#Pass
005.SCG*LB4.CP-1++9.N.-2.4-1.7-3W3	fit	NO MATCH	102758	Aspect#Imp|Mood#Ind|Number#Sing|Person#3|Tense#Pres|VerbForm#Fin|Voice#Pass
005.SCG*LB1.CP-6++6.N.-2.1-1.3-8W5	dictis	NO MATCH	99301	Aspect#Perf|Case#Abl|Degree#Pos|Gender#Neut|Number#Plur|Tense#Past|VerbForm#Part|Voice#Pass
005.SCG*LB3.CP13++6.N.14.1-1.4-1W19	dicta	NO MATCH	99301	Aspect#Perf|Case#Nom|Degree#Pos|Gender#Neut|Number#Plur|Tense#Past|VerbForm#Part|Voice#Pass
005.SCG*LB1.CP-3++2.N.-7.15-6.19-1W5	fiunt	NO MATCH	102758	Mood#Ind|Number#Plur|Person#3|Tense#Pres|VerbForm#Fin|Voice#Pass
005.SCG*LB3.CP-8++0.N.11.14-4.15-6W10	dicitur	NO MATCH	99301	Mood#Ind|Number#Sing|Person#3|Tense#Pres|VerbForm#Fin|Voice#Pass
005.SCG*LB2.CP-3++2.N.-7.14-2.17-1W17	fieri	NO MATCH	102758	Tense#Pres|VerbForm#Inf|Voice#Pass
005.SCG*LB1.CP--++4.N.-1.1-1.6-2W25	convenienter	NO MATCH	96424	Degree#Pos
005.SCG*LB4.CP-2++9.N.-4.9-1.11-2W4	dicat	NO MATCH	99301	Aspect#Imp|Mood#Sub|Number#Sing|Person#3|Tense#Pres|VerbForm#Fin|Voice#Act
005.SCG*LB3.CP-9++0.N.-9.1-1.4-9W6	dicit	NO MATCH	99301	Mood#Ind|Number#Sing|Person#3|Tense#Pres|VerbForm#Fin|Voice#Act
005.SCG*LB1.CP-3++9.N.-4.5-4.7-1W6	dici	NO MATCH	99301	Tense#Pres|VerbForm#Inf|Voice#Pass
005.SCG*LB1.CP-6++6.N.11.4-7.5-4W4	dicitur	NO MATCH	99301	Mood#Ind|Number#Sing|Person#3|Tense#Pres|VerbForm#Fin|Voice#Pass
005.SCG*LB3.CP10++7.N.11.21-5.23-4W13	dicit	NO MATCH	99301	Mood#Ind|Number#Sing|Person#3|Tense#Pres|VerbForm#Fin|Voice#Act
005.SCG*LB1.CP-6++7.N.10.10-3.15-1W11	dicatur	NO MATCH	99301	Mood#Sub|Number#Sing|Person#3|Tense#Pres|VerbForm#Fin|Voice#Pass
005.SCG*LB3.CP-9++7.N.16.4-1.7-6W3	dicuntur	NO MATCH	99301	Mood#Ind|Number#Plur|Person#3|Tense#Pres|VerbForm#Fin|Voice#Pass
005.SCG*LB3.CP-4++1.N.-1.3-1.8-2W1	dictum	NO MATCH	99301	Aspect#Perf|Case#Nom|Degree#Pos|Gender#Neut|Number#Sing|Tense#Past|VerbForm#Part|Voice#Pass
005.SCG*LB3.CP-6++5.N.10.1-1.8-3W46	fieri	NO MATCH	102758	Tense#Pres|VerbForm#Inf|Voice#Pass
005.SCG*LB3.CP16++3.N.-3.1-1.7-3W15	fieri	NO MATCH	102758	Tense#Pres|VerbForm#Inf|Voice#Pass
005.SCG*LB4.CP-3++1.N.-1.7-3.14-5W47	dicitur	NO MATCH	99301	Aspect#Imp|Mood#Ind|Number#Sing|Person#3|Tense#Pres|VerbForm#Fin|Voice#Pass
005.SCG*LB4.CP-3++0.N.-8.16-6.18-2W6	praedictam	NO MATCH	118832	Aspect#Perf|Case#Acc|Degree#Pos|Gender#Fem|Number#Sing|Tense#Past|VerbForm#Part|Voice#Pass
005.SCG*LB3.CP-7++5.N.-3.22-3.24-2W4	dici	NO MATCH	99301	Tense#Pres|VerbForm#Inf|Voice#Pass
005.SCG*LB1.CP-3++0.N.-3.21-2.26-2W8	dicto	NO MATCH	99301	Aspect#Perf|Case#Abl|Degree#Pos|Gender#Neut|Number#Sing|Tense#Past|VerbForm#Part|Voice#Pass
005.SCG*LB2.CP-4++3.N.10.1-1.5-4W17	dixerat	NO MATCH	99301	Aspect#Perf|Mood#Ind|Number#Sing|Person#3|Tense#Pqp|VerbForm#Fin|Voice#Act
005.SCG*LB2.CP-2++5.N.18.2-6.6-3W13	essendo	NO MATCH	126689	Case#Abl|Degree#Pos|Number#Sing|VerbForm#Ger|Voice#Act
005.SCG*LB4.CP-4++1.N.-7.1-1.11-1W52	dicere	NO MATCH	99301	Aspect#Imp|Tense#Pres|VerbForm#Inf|Voice#Act
005.SCG*LB4.CP--++6.N.-9.1-2.2-5W8	dicit	NO MATCH	99301	Aspect#Imp|Mood#Ind|Number#Sing|Person#3|Tense#Pres|VerbForm#Fin|Voice#Act
005.SCG*LB2.CP-7++5.N.16.1-1.6-2W5	praedictus	NO MATCH	118832	Aspect#Perf|Case#Nom|Degree#Pos|Gender#Masc|Number#Sing|Tense#Past|VerbForm#Part|Voice#Pass
005.SCG*LB3.CP14++6.N.-7.4-1.5-6W8	dicitur	NO MATCH	99301	Mood#Ind|Number#Sing|Person#3|Tense#Pres|VerbForm#Fin|Voice#Pass
005.SCG*LB4.CP-2++9.N.-2.8-2.11-1W21	contigerunt	NO MATCH	93415	Aspect#Perf|Mood#Ind|Number#Plur|Person#3|Tense#Past|VerbForm#Fin|Voice#Act
005.SCG*LB4.CP-4++3.N.-2.6-5.8-7W3	dicere	NO MATCH	99301	Aspect#Imp|Tense#Pres|VerbForm#Inf|Voice#Act
005.SCG*LB3.CP14++1.N.-6.13-4.16-3W4	praedicta	NO MATCH	118832	Aspect#Perf|Case#Acc|Degree#Pos|Gender#Neut|Number#Plur|Tense#Past|VerbForm#Part|Voice#Pass
005.SCG*LB4.CP-7++2.N.13.8-1.13-5W34	subiiciat	NO MATCH	126114	Aspect#Imp|Mood#Sub|Number#Sing|Person#3|Tense#Pres|VerbForm#Fin|Voice#Act
005.SCG*LB2.CP-5++9.N.-7.1-1.6-5W13	dicit	NO MATCH	99301	Mood#Ind|Number#Sing|Person#3|Tense#Pres|VerbForm#Fin|Voice#Act
005.SCG*LB4.CP-8++1.N.14.1-1.3-2W12	dicta	NO MATCH	99301	Aspect#Perf|Case#Nom|Degree#Pos|Gender#Neut|Number#Plur|Tense#Past|VerbForm#Part|Voice#Pass
005.SCG*LB4.CP-8++1.N.-7.12-6.15-4W8	puta	NO MATCH	120610	VerbForm#Fin
005.SCG*LB1.CP-2++0.N.18.7-3.9-4W3	dicitur	NO MATCH	99301	Mood#Ind|Number#Sing|Person#3|Tense#Pres|VerbForm#Fin|Voice#Pass
005.SCG*LB3.CP-9++5.N.-7.3-7.4-3W6	dicit	NO MATCH	99301	Mood#Ind|Number#Sing|Person#3|Tense#Pres|VerbForm#Fin|Voice#Act
005.SCG*LB3.CP-4++2.N.-7.34-5.37-2W14	fiat	NO MATCH	102758	Mood#Sub|Number#Sing|Person#3|Tense#Pres|VerbForm#Fin|Voice#Pass
005.SCG*LB4.CP-2++2.N.-1.1-1.5-2W14	fieri	NO MATCH	102758	Aspect#Imp|Tense#Pres|VerbForm#Inf|Voice#Pass
005.SCG*LB2.CP-6++0.N.10.1-1.3-5W5	dici	NO MATCH	99301	Tense#Pres|VerbForm#Inf|Voice#Pass
005.SCG*LB2.CP-7++3.N.38.1-1.5-6W8	dicens	NO MATCH	99301	Case#Nom|Degree#Pos|Gender#Masc|Number#Sing|Tense#Pres|VerbForm#Part|Voice#Act
005.SCG*LB3.CP-9++2.N.-1.1-1.2-6W9	dici	NO MATCH	99301	Tense#Pres|VerbForm#Inf|Voice#Pass
005.SCG*LB2.CP-8++2.N.17.20-2.24-6W4	dicebat	NO MATCH	99301	Aspect#Imp|Mood#Ind|Number#Sing|Person#3|Tense#Imp|VerbForm#Fin|Voice#Act
005.SCG*LB4.CP--++4.N.11.8-5.10-5W9	essendi	NO MATCH	126689	Aspect#Perf|Case#Gen|Degree#Pos|Number#Sing|VerbForm#Ger|Voice#Act
005.SCG*LB4.CP-3++4.N.15.8-2.10-8W3	dicitur	NO MATCH	99301	Aspect#Imp|Mood#Ind|Number#Sing|Person#3|Tense#Pres|VerbForm#Fin|Voice#Pass
005.SCG*LB4.CP-3++1.N.-6.7-7.9-6W7	dicitur	NO MATCH	99301	Aspect#Imp|Mood#Ind|Number#Sing|Person#3|Tense#Pres|VerbForm#Fin|Voice#Pass
005.SCG*LB3.CP-9++4.N.-2.39-1.40-4W4	dicere	NO MATCH	99301	Tense#Pres|VerbForm#Inf|Voice#Act
005.SCG*LB4.CP-3++4.N.-2.56-1.59-3W11	dicitur	NO MATCH	99301	Aspect#Imp|Mood#Ind|Number#Sing|Person#3|Tense#Pres|VerbForm#Fin|Voice#Pass
005.SCG*LB2.CP-2++8.N.16.1-1.3-5W13	dicitur	NO MATCH	99301	Mood#Ind|Number#Sing|Person#3|Tense#Pres|VerbForm#Fin|Voice#Pass
005.SCG*LB3.CP12++9.N.-6.4-4.9-4W9	praedictarum	NO MATCH	118832	Aspect#Perf|Case#Gen|Degree#Pos|Gender#Fem|Number#Plur|Tense#Past|VerbForm#Part|Voice#Pass
005.SCG*LB4.CP-1++7.N.23.4-6.6-6W16	dicens	NO MATCH	99301	Aspect#Imp|Case#Nom|Degree#Pos|Gender#Masc|Number#Sing|Tense#Pres|VerbForm#Part|Voice#Act
005.SCG*LB4.CP--++8.N.-3.1-1.5-5W30	dominantium	NO MATCH	100058	Aspect#Imp|Case#Gen|Degree#Pos|Gender#Masc|Number#Plur|Tense#Pres|VerbForm#Part|Voice#Pass
005.SCG*LB2.CP-6++1.N.-5.1-2.3-3W17	dicens	NO MATCH	99301	Case#Nom|Degree#Pos|Gender#Masc|Number#Sing|Tense#Pres|VerbForm#Part|Voice#Act
005.SCG*LB1.CP-6++1.N.-9.1-1.1-6W4	dicitur	NO MATCH	99301	Mood#Ind|Number#Sing|Person#3|Tense#Pres|VerbForm#Fin|Voice#Pass
005.SCG*LB4.CP-7++4.N.-5.5-3.8-3W13	fit	NO MATCH	102758	Aspect#Imp|Mood#Ind|Number#Sing|Person#3|Tense#Pres|VerbForm#Fin|Voice#Pass
005.SCG*LB3.CP-4++3.N.10.1-1.9-1W6	fit	NO MATCH	102758	Mood#Ind|Number#Sing|Person#3|Tense#Pres|VerbForm#Fin|Voice#Pass
005.SCG*LB2.CP-5++6.N.-6.25-1.25-8W3	fit	NO MATCH	102758	Mood#Ind|Number#Sing|Person#3|Tense#Pres|VerbForm#Fin|Voice#Pass
005.SCG*LB2.CP-8++5.N.-5.4-3.5-5W8	fieri	NO MATCH	102758	Tense#Pres|VerbForm#Inf|Voice#Pass
005.SCG*LB3.CP-4++4.N.-5.21-1.23-5W17	dicit	NO MATCH	99301	Mood#Ind|Number#Sing|Person#3|Tense#Pres|VerbForm#Fin|Voice#Act
005.SCG*LB4.CP-8++9.N.-2.12-2.13-1W3	dicit	NO MATCH	99301	Aspect#Imp|Mood#Ind|Number#Sing|Person#3|Tense#Pres|VerbForm#Fin|Voice#Act
005.SCG*LB1.CP-3++4.N.-1.8-1.13-3W24	subiectum	NO MATCH	126114	Case#Nom|Degree#Pos|Gender#Neut|Number#Sing
005.SCG*LB1.CP-3++3.N.-2.7-3.8-6W10	dicuntur	NO MATCH	99301	Mood#Ind|Number#Plur|Person#3|Tense#Pres|VerbForm#Fin|Voice#Pass
005.SCG*LB2.CP-3++8.N.12.2-3.4-1W9	fieri	NO MATCH	102758	Tense#Pres|VerbForm#Inf|Voice#Pass
005.SCG*LB4.CP-4++1.N.-3.16-5.21-1W30	dicuntur	NO MATCH	99301	Aspect#Imp|Mood#Ind|Number#Plur|Person#3|Tense#Pres|VerbForm#Fin|Voice#Pass
005.SCG*LB4.CP-1++0.N.-6.13-5.16-5W12	dicebat	NO MATCH	99301	Aspect#Imp|Mood#Ind|Number#Sing|Person#3|Tense#Imp|VerbForm#Fin|Voice#Act
005.SCG*LB3.CP-4++8.N.13.3-2.7-8W33	dicitur	NO MATCH	99301	Mood#Ind|Number#Sing|Person#3|Tense#Pres|VerbForm#Fin|Voice#Pass
005.SCG*LB2.CP-8++4.N.-7.7-1.8-6W4	dici	NO MATCH	99301	Tense#Pres|VerbForm#Inf|Voice#Pass
005.SCG*LB4.CP-2++6.N.-8.11-4.14-4W13	dicitur	NO MATCH	99301	Aspect#Imp|Mood#Ind|Number#Sing|Person#3|Tense#Pres|VerbForm#Fin|Voice#Pass
005.SCG*LB2.CP-3++3.N.-6.3-3.4-7W3	consequens	NO MATCH	96035	Case#Acc|Degree#Pos|Gender#Neut|Number#Sing|Tense#Pres|VerbForm#Part|Voice#Pass
005.SCG*LB4.CP-5++2.N.-6.52-1.58-3W38	consequenter	NO MATCH	96035	Degree#Pos
005.SCG*LB3.CP-5++0.N.-4.4-1.6-3W13	puta	NO MATCH	120610	
005.SCG*LB2.CP-7++8.N.-9.8-1.10-7W5	dixerat	NO MATCH	99301	Aspect#Perf|Mood#Ind|Number#Sing|Person#3|Tense#Pqp|VerbForm#Fin|Voice#Act
005.SCG*LB1.CP-4++9.N.-7.2-4.3-5W6	dicitur	NO MATCH	99301	Mood#Ind|Number#Sing|Person#3|Tense#Pres|VerbForm#Fin|Voice#Pass
005.SCG*LB4.CP-6++3.N.-9.14-5.19-6W32	consequens	NO MATCH	96035	Aspect#Imp|Case#Acc|Degree#Pos|Gender#Neut|Number#Sing|Tense#Pres|VerbForm#Part|Voice#Pass
005.SCG*LB2.CP-1++9.N.-5.8-3.12-4W22	calefit	NO MATCH	92350	Mood#Ind|Number#Sing|Person#3|Tense#Pres|VerbForm#Fin|Voice#Pass
005.SCG*LB3.CP15++0.N.-5.6-5.9-4W18	praedictum	NO MATCH	118832	Aspect#Perf|Case#Acc|Degree#Pos|Gender#Masc|Number#Sing|Tense#Past|VerbForm#Part|Voice#Pass
005.SCG*LB3.CP--++5.N.-5.16-1.18-3W8	stricte	NO MATCH	125839	Degree#Pos
005.SCG*LB4.CP-2++6.N.-1.8-4.9-6W11	dicatur	NO MATCH	99301	Aspect#Imp|Mood#Sub|Number#Sing|Person#3|Tense#Pres|VerbForm#Fin|Voice#Pass
005.SCG*LB4.CP-8++1.N.-5.4-5.7-7W6	fieri	NO MATCH	102758	Aspect#Imp|Tense#Pres|VerbForm#Inf|Voice#Pass
005.SCG*LB4.CP-3++4.N.-2.56-1.59-3W15	dici	NO MATCH	99301	Aspect#Imp|Tense#Pres|VerbForm#Inf|Voice#Pass
005.SCG*LB2.CP-5++8.N.-4.12-1.17-4W37	dicitur	NO MATCH	99301	Mood#Ind|Number#Sing|Person#3|Tense#Pres|VerbForm#Fin|Voice#Pass
005.SCG*LB2.CP-7++8.N.-9.27-6.32-2W3	fit	NO MATCH	102758	Mood#Ind|Number#Sing|Person#3|Tense#Pres|VerbForm#Fin|Voice#Pass
005.SCG*LB4.CP-4++3.N.-4.10-5.15-1W25	diceretur	NO MATCH	99301	Aspect#Imp|Mood#Sub|Number#Sing|Person#3|Tense#Imp|VerbForm#Fin|Voice#Pass
005.SCG*LB4.CP-2++5.N.-4.15-4.17-1W14	dictum	NO MATCH	99301	Aspect#Perf|Case#Nom|Degree#Pos|Gender#Neut|Number#Sing|Tense#Past|VerbForm#Part|Voice#Pass
005.SCG*LB2.CP-5++7.N.-3.2-1.4-3W2	praedictum	NO MATCH	118832	Aspect#Perf|Case#Acc|Degree#Pos|Gender#Masc|Number#Sing|Tense#Past|VerbForm#Part|Voice#Pass
005.SCG*LB4.CP-5++2.N.-6.44-1.48-1W21	subiiciantur	NO MATCH	126114	Aspect#Imp|Mood#Sub|Number#Plur|Person#3|Tense#Pres|VerbForm#Fin|Voice#Pass
005.SCG*LB3.CP10++3.N.-2.14-1.16-4W11	puta	NO MATCH	120610	
005.SCG*LB4.CP-5++0.N.-3.28-2.29-6W4	dicere	NO MATCH	99301	Aspect#Imp|Tense#Pres|VerbForm#Inf|Voice#Act
005.SCG*LB3.CP10++9.N.-1.3-4.4-8W1	dicitur	NO MATCH	99301	Mood#Ind|Number#Sing|Person#3|Tense#Pres|VerbForm#Fin|Voice#Pass
005.SCG*LB4.CP-1++6.N.10.4-2.4-6W1	dicit	NO MATCH	99301	Aspect#Imp|Mood#Ind|Number#Sing|Person#3|Tense#Pres|VerbForm#Fin|Voice#Act
005.SCG*LB1.CP-5++3.N.-3.9-2.14-1W34	praedictam	NO MATCH	118832	Aspect#Perf|Case#Acc|Degree#Pos|Gender#Fem|Number#Sing|Tense#Past|VerbForm#Part|Voice#Pass
005.SCG*LB2.CP-4++6.N.-4.1-2.5-7W10	fieret	NO MATCH	102758	Aspect#Imp|Mood#Sub|Number#Sing|Person#3|Tense#Imp|VerbForm#Fin|Voice#Pass
005.SCG*LB3.CP-7++7.N.-5.8-3.10-5W3	fit	NO MATCH	102758	Mood#Ind|Number#Sing|Person#3|Tense#Pres|VerbForm#Fin|Voice#Pass
005.SCG*LB4.CP-7++4.N.-7.17-4.23-1W30	dictis	NO MATCH	99301	Aspect#Perf|Case#Abl|Degree#Pos|Gender#Neut|Number#Plur|Tense#Past|VerbForm#Part|Voice#Pass
005.SCG*LB3.CP-9++2.N.--.1-1.3-4W2	dicitur	NO MATCH	99301	Mood#Ind|Number#Sing|Person#3|Tense#Pres|VerbForm#Fin|Voice#Pass
005.SCG*LB4.CP-5++2.N.-6.24-3.28-2W17	puta	NO MATCH	120610	VerbForm#Fin
005.SCG*LB4.CP-7++2.N.11.9-1.17-6W13	subiiciant	NO MATCH	126114	Aspect#Imp|Mood#Sub|Number#Plur|Person#3|Tense#Pres|VerbForm#Fin|Voice#Act
005.SCG*LB3.CP14++5.N.-4.1-2.3-1W8	perverse	NO MATCH	117457	Degree#Pos
005.SCG*LB3.CP10++4.N.14.1-1.6-2W8	praedictis	NO MATCH	118832	Aspect#Perf|Case#Abl|Degree#Pos|Gender#Neut|Number#Plur|Tense#Past|VerbForm#Part|Voice#Pass
005.SCG*LB2.CP--++3.N.-5.1-2.6-4W23	consequens	NO MATCH	96035	Case#Acc|Degree#Pos|Gender#Neut|Number#Sing|Tense#Pres|VerbForm#Part|Voice#Pass
005.SCG*LB3.CP-4++6.N.-7.12-5.14-5W11	fit	NO MATCH	102758	Mood#Ind|Number#Sing|Person#3|Tense#Pres|VerbForm#Fin|Voice#Pass
005.SCG*LB1.CP-7++9.N.-2.1-2.2-5W2	dicitur	NO MATCH	99301	Mood#Ind|Number#Sing|Person#3|Tense#Pres|VerbForm#Fin|Voice#Pass
005.SCG*LB1.CP-2++5.N.10.1-1.3-5W4	dicendum	NO MATCH	99301	Case#Nom|Degree#Pos|Gender#Neut|Number#Sing|VerbForm#Gdv|Voice#Pass
005.SCG*LB2.CP-8++6.N.-5.11-1.13-1W6	esse	NO MATCH	126689	Case#Acc|Gender#Neut|Number#Sing
005.SCG*LB4.CP-5++5.N.27.19-1.19-5W7	dicit	NO MATCH	99301	Aspect#Imp|Mood#Ind|Number#Sing|Person#3|Tense#Pres|VerbForm#Fin|Voice#Act
005.SCG*LB1.CP-2++6.N.-4.4-3.6-4W6	essendi	NO MATCH	126689	Case#Gen|Degree#Pos|Number#Sing|VerbForm#Ger|Voice#Act
005.SCG*LB4.CP-3++4.N.-2.25-3.28-6W18	dicit	NO MATCH	99301	Aspect#Imp|Mood#Ind|Number#Sing|Person#3|Tense#Pres|VerbForm#Fin|Voice#Act
005.SCG*LB1.CP-1++3.N.30.1-1.5-2W4	dicendum	NO MATCH	99301	Case#Nom|Degree#Pos|Gender#Neut|Number#Sing|VerbForm#Gdv|Voice#Pass
005.SCG*LB4.CP-7++5.N.-4.15-1.18-2W15	dicuntur	NO MATCH	99301	Aspect#Imp|Mood#Ind|Number#Plur|Person#3|Tense#Pres|VerbForm#Fin|Voice#Pass
005.SCG*LB4.CP-9++1.N.10.26-3.28-4W17	dicitur	NO MATCH	99301	Aspect#Imp|Mood#Ind|Number#Sing|Person#3|Tense#Pres|VerbForm#Fin|Voice#Pass
005.SCG*LB2.CP-4++0.N.-4.1-2.3-5W15	fiunt	NO MATCH	102758	Mood#Ind|Number#Plur|Person#3|Tense#Pres|VerbForm#Fin|Voice#Pass
005.SCG*LB2.CP-4++6.N.-1.5-1.10-3W24	fierent	NO MATCH	102758	Aspect#Imp|Mood#Sub|Number#Plur|Person#3|Tense#Imp|VerbForm#Fin|Voice#Pass
005.SCG*LB3.CP-5++1.N.-3.1-1.11-5W10	fiat	NO MATCH	102758	Mood#Sub|Number#Sing|Person#3|Tense#Pres|VerbForm#Fin|Voice#Pass
005.SCG*LB2.CP-6++0.N.-1.4-1.9-2W1	dicit	NO MATCH	99301	Mood#Ind|Number#Sing|Person#3|Tense#Pres|VerbForm#Fin|Voice#Act
005.SCG*LB1.CP-9++1.N.-9.35-1.40-1W4	praedictis	NO MATCH	118832	Aspect#Perf|Case#Abl|Degree#Pos|Gender#Neut|Number#Plur|Tense#Past|VerbForm#Part|Voice#Pass
005.SCG*LB4.CP-1++1.N.18.6-5.7-6W6	dici	NO MATCH	99301	Aspect#Imp|Tense#Pres|VerbForm#Inf|Voice#Pass
005.SCG*LB2.CP--++2.N.-4.8-2.13-4W25	diligenter	NO MATCH	99463	Degree#Pos
005.SCG*LB3.CP12++8.N.-7.7-4.8-6W3	fit	NO MATCH	102758	Mood#Ind|Number#Sing|Person#3|Tense#Pres|VerbForm#Fin|Voice#Pass
005.SCG*LB1.CP-3++7.N.-6.3-3.3-6W4	dicitur	NO MATCH	99301	Mood#Ind|Number#Sing|Person#3|Tense#Pres|VerbForm#Fin|Voice#Pass
005.SCG*LB2.CP-7++0.N.-8.1-1.4-7W26	dicatur	NO MATCH	99301	Mood#Sub|Number#Sing|Person#3|Tense#Pres|VerbForm#Fin|Voice#Pass
005.SCG*LB4.CP-9++1.N.-9.7-1.10-6W12	dicitur	NO MATCH	99301	Aspect#Imp|Mood#Ind|Number#Sing|Person#3|Tense#Pres|VerbForm#Fin|Voice#Pass
005.SCG*LB2.CP-5++5.N.-5.6-5.8-5W5	dictis	NO MATCH	99301	Aspect#Perf|Case#Abl|Degree#Pos|Gender#Neut|Number#Plur|Tense#Past|VerbForm#Part|Voice#Pass
005.SCG*LB4.CP-7++0.N.10.13-1.14-5W4	diceretur	NO MATCH	99301	Aspect#Imp|Mood#Sub|Number#Sing|Person#3|Tense#Imp|VerbForm#Fin|Voice#Pass
005.SCG*LB1.CP--++1.N.-3.1-1.7-1W30	dicitur	NO MATCH	99301	Mood#Ind|Number#Sing|Person#3|Tense#Pres|VerbForm#Fin|Voice#Pass
005.SCG*LB4.CP-5++3.N.18.1-1.7-1W15	dicere	NO MATCH	99301	Aspect#Imp|Tense#Pres|VerbForm#Inf|Voice#Act
005.SCG*LB2.CP-8++4.N.-7.1-1.3-3W9	dictum	NO MATCH	99301	Aspect#Perf|Case#Nom|Degree#Pos|Gender#Neut|Number#Sing|Tense#Past|VerbForm#Part|Voice#Pass
005.SCG*LB2.CP-2++5.N.25.8-1.11-3W11	praedicta	NO MATCH	118832	Aspect#Perf|Case#Acc|Degree#Pos|Gender#Neut|Number#Plur|Tense#Past|VerbForm#Part|Voice#Pass
005.SCG*LB3.CP--++8.N.-8.12-1.16-1W6	dicuntur	NO MATCH	99301	Mood#Ind|Number#Plur|Person#3|Tense#Pres|VerbForm#Fin|Voice#Pass
005.SCG*LB4.CP-2++6.N.-6.13-1.15-1W2	fit	NO MATCH	102758	Aspect#Imp|Mood#Ind|Number#Sing|Person#3|Tense#Pres|VerbForm#Fin|Voice#Pass
005.SCG*LB4.CP-2++2.N.-3.13-3.13-7W5	dicitur	NO MATCH	99301	Aspect#Imp|Mood#Ind|Number#Sing|Person#3|Tense#Pres|VerbForm#Fin|Voice#Pass
005.SCG*LB4.CP-7++9.N.-8.14-1.14-5W1	praedicitur	NO MATCH	118832	Aspect#Imp|Mood#Ind|Number#Sing|Person#3|Tense#Pres|VerbForm#Fin|Voice#Pass
005.SCG*LB1.CP-2++0.N.16.7-5.9-2W9	praedictae	NO MATCH	118832	Aspect#Perf|Case#Gen|Degree#Pos|Gender#Fem|Number#Sing|Tense#Past|VerbForm#Part|Voice#Pass
005.SCG*LB4.CP--++8.N.-6.30-9.34-8W12	consequenti	NO MATCH	96035	Aspect#Imp|Case#Abl|Degree#Pos|Gender#Neut|Number#Sing|Tense#Pres|VerbForm#Part|Voice#Pass
005.SCG*LB4.CP-1++0.N.13.7-1.10-5W21	dicitur	NO MATCH	99301	Aspect#Imp|Mood#Ind|Number#Sing|Person#3|Tense#Pres|VerbForm#Fin|Voice#Pass
005.SCG*LB1.CP-9++1.N.12.24-1.28-6W4	dicitur	NO MATCH	99301	Mood#Ind|Number#Sing|Person#3|Tense#Pres|VerbForm#Fin|Voice#Pass
005.SCG*LB2.CP-1++3.N.-1.1-1.3-5W4	dici	NO MATCH	99301	Tense#Pres|VerbForm#Inf|Voice#Pass
005.SCG*LB4.CP-5++1.N.-2.2-4.3-7W4	dicitur	NO MATCH	99301	Aspect#Imp|Mood#Ind|Number#Sing|Person#3|Tense#Pres|VerbForm#Fin|Voice#Pass
005.SCG*LB3.CP-3++8.N.-3.7-2.8-2W6	dixerunt	NO MATCH	99301	Aspect#Perf|Mood#Ind|Number#Plur|Person#3|Tense#Past|VerbForm#Fin|Voice#Act
005.SCG*LB3.CP-4++3.N.-2.26-6.29-5W4	consequentia	NO MATCH	96035	Case#Acc|Degree#Pos|Gender#Neut|Number#Plur|Tense#Pres|VerbForm#Part|Voice#Pass
005.SCG*LB4.CP-2++1.N.-4.7-3.9-5W3	dicam	NO MATCH	99301	Aspect#Imp|Mood#Ind|Number#Sing|Person#1|Tense#Fut|VerbForm#Fin|Voice#Act
005.SCG*LB2.CP-3++7.N.-2.13-1.19-6W30	dicentes	NO MATCH	99301	Case#Nom|Degree#Pos|Gender#Masc|Number#Plur|Tense#Pres|VerbForm#Part|Voice#Act
005.SCG*LB1.CP-5++0.N.-4.13-4.15-1W7	dixit	NO MATCH	99301	Aspect#Perf|Mood#Ind|Number#Sing|Person#3|Tense#Past|VerbForm#Fin|Voice#Act
005.SCG*LB2.CP-6++8.N.12.7-1.8-2W4	fit	NO MATCH	102758	Mood#Ind|Number#Sing|Person#3|Tense#Pres|VerbForm#Fin|Voice#Pass
005.SCG*LB4.CP-7++7.N.-5.8-6.9-4W7	dicuntur	NO MATCH	99301	Aspect#Imp|Mood#Ind|Number#Plur|Person#3|Tense#Pres|VerbForm#Fin|Voice#Pass
005.SCG*LB3.CP11++9.N.-9.5-5.6-4W9	dicitur	NO MATCH	99301	Mood#Ind|Number#Sing|Person#3|Tense#Pres|VerbForm#Fin|Voice#Pass
005.SCG*LB2.CP-7++3.N.33.1-2.5-5W6	dicere	NO MATCH	99301	Tense#Pres|VerbForm#Inf|Voice#Act
005.SCG*LB3.CP-2++0.N.-5.22-4.23-6W6	dici	NO MATCH	99301	Tense#Pres|VerbForm#Inf|Voice#Pass
005.SCG*LB3.CP-2++2.N.-8.30-1.32-3W3	dicit	NO MATCH	99301	Mood#Ind|Number#Sing|Person#3|Tense#Pres|VerbForm#Fin|Voice#Act
005.SCG*LB4.CP-8++1.N.-9.1-1.2-4W3	dicendum	NO MATCH	99301	Aspect#Perf|Case#Nom|Degree#Pos|Gender#Neut|Number#Sing|VerbForm#Gdv|Voice#Pass
005.SCG*LB4.CP-1++7.N.16.3-6.4-3W1	dicitur	NO MATCH	99301	Aspect#Imp|Mood#Ind|Number#Sing|Person#3|Tense#Pres|VerbForm#Fin|Voice#Pass
005.SCG*LB4.CP-5++5.N.-5.2-3.6-6W26	fit	NO MATCH	102758	Aspect#Imp|Mood#Ind|Number#Sing|Person#3|Tense#Pres|VerbForm#Fin|Voice#Pass
005.SCG*LB4.CP-8++3.N.16.26-1.29-1W5	dicitur	NO MATCH	99301	Aspect#Imp|Mood#Ind|Number#Sing|Person#3|Tense#Pres|VerbForm#Fin|Voice#Pass
005.SCG*LB2.CP-8++2.N.15.1-1.3-7W4	dixit	NO MATCH	99301	Aspect#Perf|Mood#Ind|Number#Sing|Person#3|Tense#Past|VerbForm#Fin|Voice#Act
005.SCG*LB4.CP-8++1.N.-1.1-1.9-6W40	convenienter	NO MATCH	96424	Degree#Pos
005.SCG*LB4.CP-8++4.N.-2.9-2.10-3W5	dicitur	NO MATCH	99301	Aspect#Imp|Mood#Ind|Number#Sing|Person#3|Tense#Pres|VerbForm#Fin|Voice#Pass
005.SCG*LB4.CP-4++1.N.10.3-5.11-6W9	dicit	NO MATCH	99301	Aspect#Imp|Mood#Ind|Number#Sing|Person#3|Tense#Pres|VerbForm#Fin|Voice#Act
005.SCG*LB2.CP-8++5.N.-5.1-2.2-3W4	fit	NO MATCH	102758	Mood#Ind|Number#Sing|Person#3|Tense#Pres|VerbForm#Fin|Voice#Pass
005.SCG*LB4.CP--++6.N.-7.3-3.3-6W1	dicitur	NO MATCH	99301	Aspect#Imp|Mood#Ind|Number#Sing|Person#3|Tense#Pres|VerbForm#Fin|Voice#Pass
005.SCG*LB4.CP-3++4.N.29.10-5.11-6W3	dicitur	NO MATCH	99301	Aspect#Imp|Mood#Ind|Number#Sing|Person#3|Tense#Pres|VerbForm#Fin|Voice#Pass
005.SCG*LB3.CP15++4.N.24.9-1.9-4W1	dicitur	NO MATCH	99301	Mood#Ind|Number#Sing|Person#3|Tense#Pres|VerbForm#Fin|Voice#Pass
005.SCG*LB4.CP-3++8.N.-8.6-1.8-3W6	praedicta	NO MATCH	118832	Aspect#Perf|Case#Nom|Degree#Pos|Gender#Neut|Number#Plur|Tense#Past|VerbForm#Part|Voice#Pass
005.SCG*LB2.CP-4++2.N.12.1-1.4-3W9	dicebant	NO MATCH	99301	Aspect#Imp|Mood#Ind|Number#Plur|Person#3|Tense#Imp|VerbForm#Fin|Voice#Act
005.SCG*LB4.CP--++8.N.-8.22-5.23-3W4	dicit	NO MATCH	99301	Aspect#Imp|Mood#Ind|Number#Sing|Person#3|Tense#Pres|VerbForm#Fin|Voice#Act
005.SCG*LB4.CP-8++5.N.-4.8-2.9-1W4	dicit	NO MATCH	99301	Aspect#Imp|Mood#Ind|Number#Sing|Person#3|Tense#Pres|VerbForm#Fin|Voice#Act
005.SCG*LB3.CP13++5.N.11.24-1.25-7W6	dixisset	NO MATCH	99301	Aspect#Perf|Mood#Sub|Number#Sing|Person#3|Tense#Pqp|VerbForm#Fin|Voice#Act
005.SCG*LB2.CP-1++9.N.-4.4-6.6-3W2	fieri	NO MATCH	102758	Tense#Pres|VerbForm#Inf|Voice#Pass
005.SCG*LB2.CP-7++3.N.26.1-2.5-6W22	fiat	NO MATCH	102758	Mood#Sub|Number#Sing|Person#3|Tense#Pres|VerbForm#Fin|Voice#Pass
005.SCG*LB3.CP-7++5.N.-4.1-2.4-2W18	dictis	NO MATCH	99301	Aspect#Perf|Case#Abl|Degree#Pos|Gender#Neut|Number#Plur|Tense#Past|VerbForm#Part|Voice#Pass
005.SCG*LB3.CP16++1.N.-3.1-1.5-1W9	dicebat	NO MATCH	99301	Aspect#Imp|Mood#Ind|Number#Sing|Person#3|Tense#Imp|VerbForm#Fin|Voice#Act
005.SCG*LB2.CP-7++6.N.15.2-2.7-3W34	fieri	NO MATCH	102758	Tense#Pres|VerbForm#Inf|Voice#Pass
005.SCG*LB4.CP-4++8.N.-2.4-1.6-6W15	dicitur	NO MATCH	99301	Aspect#Imp|Mood#Ind|Number#Sing|Person#3|Tense#Pres|VerbForm#Fin|Voice#Pass
005.SCG*LB3.CP13++8.N.-1.8-6.11-2W15	fiunt	NO MATCH	102758	Mood#Ind|Number#Plur|Person#3|Tense#Pres|VerbForm#Fin|Voice#Pass
005.SCG*LB3.CP11++8.N.-6.3-1.5-3W18	dicitur	NO MATCH	99301	Mood#Ind|Number#Sing|Person#3|Tense#Pres|VerbForm#Fin|Voice#Pass
005.SCG*LB4.CP-8++3.N.15.1-1.2-5W9	bibisse	NO MATCH	130476	Aspect#Perf|Tense#Past|VerbForm#Inf|Voice#Act
005.SCG*LB2.CP-1++5.N.10.1-1.3-6W16	essendi	NO MATCH	126689	Case#Gen|Degree#Pos|Number#Sing|VerbForm#Ger|Voice#Act
005.SCG*LB1.CP-3++2.N.-2.6-8.10-6W16	divisim	NO MATCH	99932	Degree#Pos
005.SCG*LB1.CP-4++3.N.-1.7-2.10-1W6	dici	NO MATCH	99301	Tense#Pres|VerbForm#Inf|Voice#Pass
005.SCG*LB3.CP-2++7.N.-2.7-3.9-5W7	praedictae	NO MATCH	118832	Aspect#Perf|Case#Nom|Degree#Pos|Gender#Fem|Number#Plur|Tense#Past|VerbForm#Part|Voice#Pass
005.SCG*LB4.CP-1++1.N.18.53-1.56-2W9	dictum	NO MATCH	99301	Aspect#Perf|Case#Nom|Degree#Pos|Gender#Neut|Number#Sing|Tense#Past|VerbForm#Part|Voice#Pass
005.SCG*LB4.CP-6++5.N.-6.1-1.7-1W34	fit	NO MATCH	102758	Aspect#Imp|Mood#Ind|Number#Sing|Person#3|Tense#Pres|VerbForm#Fin|Voice#Pass
005.SCG*LB2.CP-4++3.N.-7.10-4.13-3W9	fieri	NO MATCH	102758	Tense#Pres|VerbForm#Inf|Voice#Pass
005.SCG*LB4.CP-8++6.N.-4.1-1.6-6W5	fruens	NO MATCH	103882	Aspect#Imp|Case#Nom|Degree#Pos|Gender#Fem|Number#Sing|Tense#Pres|VerbForm#Part|Voice#Pass
005.SCG*LB1.CP-1++3.N.10.14-6.16-8W4	dicebat	NO MATCH	99301	Aspect#Imp|Mood#Ind|Number#Sing|Person#3|Tense#Imp|VerbForm#Fin|Voice#Act
005.SCG*LB4.CP-3++5.N.-9.1-2.2-5W7	fieri	NO MATCH	102758	Aspect#Imp|Tense#Pres|VerbForm#Inf|Voice#Pass
005.SCG*LB4.CP-2++9.N.-2.3-2.8-1W21	dicens	NO MATCH	99301	Aspect#Imp|Case#Nom|Degree#Pos|Gender#Fem|Number#Sing|Tense#Pres|VerbForm#Part|Voice#Act
005.SCG*LB1.CP-5++1.N.10.2-9.6-2W10	intellectuum	NO MATCH	108367	Aspect#Perf|Case#Gen|Degree#Pos|Gender#Neut|Number#Plur|Tense#Past|VerbForm#Part|Voice#Pass
005.SCG*LB4.CP-3++4.N.-2.53-2.55-9W3	dicatur	NO MATCH	99301	Aspect#Imp|Mood#Sub|Number#Sing|Person#3|Tense#Pres|VerbForm#Fin|Voice#Pass
005.SCG*LB2.CP-6++0.N.-2.12-5.16-5W25	dicit	NO MATCH	99301	Mood#Ind|Number#Sing|Person#3|Tense#Pres|VerbForm#Fin|Voice#Act
005.SCG*LB3.CP-2++6.N.20.5-2.8-1W14	concomitans	NO MATCH	95553	Case#Nom|Degree#Pos|Gender#Fem|Number#Sing|Tense#Pres|VerbForm#Part|Voice#Pass
005.SCG*LB2.CP--++6.N.-1.1-1.4-2W17	essendi	NO MATCH	126689	Case#Gen|Degree#Pos|Number#Sing|VerbForm#Ger|Voice#Act
005.SCG*LB4.CP-8++6.N.-5.1-1.4-1W5	fruens	NO MATCH	103882	Aspect#Imp|Case#Nom|Degree#Pos|Gender#Fem|Number#Sing|Tense#Pres|VerbForm#Part|Voice#Pass
005.SCG*LB4.CP-8++6.N.-6.12-4.15-3W3	dixisset	NO MATCH	99301	Aspect#Perf|Mood#Sub|Number#Sing|Person#3|Tense#Pqp|VerbForm#Fin|Voice#Act
005.SCG*LB1.CP-3++0.N.-1.1-1.4-4W9	dici	NO MATCH	99301	Tense#Pres|VerbForm#Inf|Voice#Pass
005.SCG*LB4.CP-1++3.N.-7.12-8.16-3W21	fiat	NO MATCH	102758	Aspect#Imp|Mood#Sub|Number#Sing|Person#3|Tense#Pres|VerbForm#Fin|Voice#Pass
005.SCG*LB3.CP--++8.N.11.20-4.22-2W4	dicitur	NO MATCH	99301	Mood#Ind|Number#Sing|Person#3|Tense#Pres|VerbForm#Fin|Voice#Pass
005.SCG*LB2.CP-6++0.N.16.5-1.8-1W3	dicit	NO MATCH	99301	Mood#Ind|Number#Sing|Person#3|Tense#Pres|VerbForm#Fin|Voice#Act
005.SCG*LB2.CP-8++3.N.22.6-6.9-3W8	dicitur	NO MATCH	99301	Mood#Ind|Number#Sing|Person#3|Tense#Pres|VerbForm#Fin|Voice#Pass
005.SCG*LB2.CP-1++9.N.-7.1-1.3-2W14	dicens	NO MATCH	99301	Case#Nom|Degree#Pos|Gender#Fem|Number#Sing|Tense#Pres|VerbForm#Part|Voice#Act
005.SCG*LB1.CP-2++2.N.10.5-2.5-4W2	dicam	NO MATCH	99301	Mood#Ind|Number#Sing|Person#1|Tense#Fut|VerbForm#Fin|Voice#Act
005.SCG*LB3.CP15++7.N.-3.3-5.6-1W1	dicitur	NO MATCH	99301	Mood#Ind|Number#Sing|Person#3|Tense#Pres|VerbForm#Fin|Voice#Pass
005.SCG*LB4.CP-9++7.N.-8.1-1.2-2W5	dicitur	NO MATCH	99301	Aspect#Imp|Mood#Ind|Number#Sing|Person#3|Tense#Pres|VerbForm#Fin|Voice#Pass
005.SCG*LB4.CP-5++5.N.-6.27-4.31-1W1	convenientius	NO MATCH	96424	Degree#Cmp
005.SCG*LB4.CP-1++7.N.11.15-7.16-2W5	dicitur	NO MATCH	99301	Aspect#Imp|Mood#Ind|Number#Sing|Person#3|Tense#Pres|VerbForm#Fin|Voice#Pass
005.SCG*LB1.CP-5++3.N.-2.13-4.17-1W13	praedicta	NO MATCH	118832	Aspect#Perf|Case#Nom|Degree#Pos|Gender#Fem|Number#Sing|Tense#Past|VerbForm#Part|Voice#Pass
005.SCG*LB3.CP15++0.N.-3.11-5.15-6W6	praedictum	NO MATCH	118832	Aspect#Perf|Case#Acc|Degree#Pos|Gender#Neut|Number#Sing|Tense#Past|VerbForm#Part|Voice#Pass
005.SCG*LB3.CP-2++9.N.-3.4-5.7-4W19	dicit	NO MATCH	99301	Mood#Ind|Number#Sing|Person#3|Tense#Pres|VerbForm#Fin|Voice#Act
005.SCG*LB1.CP-4++0.N.-2.1-1.2-5W9	dictum	NO MATCH	99301	Aspect#Perf|Case#Nom|Degree#Pos|Gender#Neut|Number#Sing|Tense#Past|VerbForm#Part|Voice#Pass
005.SCG*LB2.CP-3++5.N.-7.10-5.12-1W4	dici	NO MATCH	99301	Tense#Pres|VerbForm#Inf|Voice#Pass
005.SCG*LB1.CP-7++4.N.-1.1-1.3-3W10	volitum	NO MATCH	130745	Aspect#Perf|Case#Nom|Degree#Pos|Gender#Neut|Number#Sing|Tense#Past|VerbForm#Part|VerbType#Mod|Voice#Pass
005.SCG*LB3.CP10++4.N.-8.12-1.15-3W7	abiicitur	NO MATCH	86884	Mood#Ind|Number#Sing|Person#3|Tense#Pres|VerbForm#Fin|Voice#Pass
005.SCG*LB4.CP-3++2.N.-8.1-2.2-5W4	dicitur	NO MATCH	99301	Aspect#Imp|Mood#Ind|Number#Sing|Person#3|Tense#Pres|VerbForm#Fin|Voice#Pass
005.SCG*LB2.CP-4++6.N.-1.5-1.10-3W18	consequens	NO MATCH	96035	Case#Nom|Degree#Pos|Gender#Neut|Number#Sing|Tense#Pres|VerbForm#Part|Voice#Pass
005.SCG*LB4.CP-2++6.N.-6.5-2.7-4W15	dicitur	NO MATCH	99301	Aspect#Imp|Mood#Ind|Number#Sing|Person#3|Tense#Pres|VerbForm#Fin|Voice#Pass
005.SCG*LB4.CP-8++0.N.-5.5-2.9-3W24	occulte	NO MATCH	114609	Degree#Pos
005.SCG*LB3.CP-4++6.N.-6.2-3.7-4W1	dicit	NO MATCH	99301	Mood#Ind|Number#Sing|Person#3|Tense#Pres|VerbForm#Fin|Voice#Act
005.SCG*LB1.CP-8++9.N.12.9-2.11-3W11	dicuntur	NO MATCH	99301	Mood#Ind|Number#Plur|Person#3|Tense#Pres|VerbForm#Fin|Voice#Pass
005.SCG*LB4.CP--++7.N.-4.3-6.7-1W24	dici	NO MATCH	99301	Aspect#Imp|Tense#Pres|VerbForm#Inf|Voice#Pass
005.SCG*LB1.CP-9++2.N.10.8-1.14-4W29	dicuntur	NO MATCH	99301	Mood#Ind|Number#Plur|Person#3|Tense#Pres|VerbForm#Fin|Voice#Pass
005.SCG*LB2.CP-6++0.N.16.9-3.13-6W1	dicit	NO MATCH	99301	Mood#Ind|Number#Sing|Person#3|Tense#Pres|VerbForm#Fin|Voice#Act
005.SCG*LB2.CP-3++6.N.-7.5-3.8-2W4	dicimus	NO MATCH	99301	Mood#Ind|Number#Plur|Person#1|Tense#Pres|VerbForm#Fin|Voice#Act
005.SCG*LB2.CP-3++7.N.-6.5-2.5-7W6	dicitur	NO MATCH	99301	Mood#Ind|Number#Sing|Person#3|Tense#Pres|VerbForm#Fin|Voice#Pass
005.SCG*LB4.CP-6++9.N.-5.1-1.5-1W5	dicunt	NO MATCH	99301	Aspect#Imp|Mood#Ind|Number#Plur|Person#3|Tense#Pres|VerbForm#Fin|Voice#Act
005.SCG*LB4.CP-8++2.N.11.18-2.19-6W9	dicere	NO MATCH	99301	Aspect#Imp|Tense#Pres|VerbForm#Inf|Voice#Act
005.SCG*LB4.CP--++8.N.-5.8-3.11-4W8	dicitur	NO MATCH	99301	Aspect#Imp|Mood#Ind|Number#Sing|Person#3|Tense#Pres|VerbForm#Fin|Voice#Pass
005.SCG*LB2.CP-3++2.N.-9.10-5.11-6W6	dicitur	NO MATCH	99301	Mood#Ind|Number#Sing|Person#3|Tense#Pres|VerbForm#Fin|Voice#Pass
005.SCG*LB4.CP-1++6.N.13.1-1.5-7W34	dicebat	NO MATCH	99301	Aspect#Imp|Mood#Ind|Number#Sing|Person#3|Tense#Imp|VerbForm#Fin|Voice#Act
005.SCG*LB3.CP10++7.N.-6.18-3.22-2W25	dici	NO MATCH	99301	Tense#Pres|VerbForm#Inf|Voice#Pass
005.SCG*LB2.CP-8++3.N.31.1-2.5-1W9	consequens	NO MATCH	96035	Case#Nom|Degree#Pos|Gender#Neut|Number#Sing|Tense#Pres|VerbForm#Part|Voice#Pass
005.SCG*LB3.CP-8++6.N.-8.1-1.6-6W24	dicitur	NO MATCH	99301	Mood#Ind|Number#Sing|Person#3|Tense#Pres|VerbForm#Fin|Voice#Pass
005.SCG*LB3.CP-9++0.N.-9.5-1.11-2W6	dicit	NO MATCH	99301	Mood#Ind|Number#Sing|Person#3|Tense#Pres|VerbForm#Fin|Voice#Act
005.SCG*LB4.CP--++8.N.11.1-1.5-4W4	dicitur	NO MATCH	99301	Aspect#Imp|Mood#Ind|Number#Sing|Person#3|Tense#Pres|VerbForm#Fin|Voice#Pass
005.SCG*LB1.CP-8++3.N.-2.4-6.6-3W4	dicimus	NO MATCH	99301	Mood#Ind|Number#Plur|Person#1|Tense#Pres|VerbForm#Fin|Voice#Act
005.SCG*LB3.CP-7++6.N.-9.1-2.5-1W30	dicunt	NO MATCH	99301	Mood#Ind|Number#Plur|Person#3|Tense#Pres|VerbForm#Fin|Voice#Act
005.SCG*LB4.CP--++9.N.-5.1-1.7-2W10	dicit	NO MATCH	99301	Aspect#Imp|Mood#Ind|Number#Sing|Person#3|Tense#Pres|VerbForm#Fin|Voice#Act
005.SCG*LB1.CP-7++5.N.-6.10-5.14-2W14	volita	NO MATCH	130745	Aspect#Perf|Case#Nom|Degree#Pos|Gender#Neut|Number#Plur|Tense#Past|VerbForm#Part|VerbType#Mod|Voice#Pass
005.SCG*LB2.CP-7++3.N.19.14-6.19-6W34	calefieri	NO MATCH	92350	Tense#Pres|VerbForm#Inf|Voice#Pass
005.SCG*LB4.CP--++1.N.11.9-3.11-3W17	dicit	NO MATCH	99301	Aspect#Imp|Mood#Ind|Number#Sing|Person#3|Tense#Pres|VerbForm#Fin|Voice#Act
005.SCG*LB2.CP-8++8.N.11.11-1.12-6W4	dicit	NO MATCH	99301	Mood#Ind|Number#Sing|Person#3|Tense#Pres|VerbForm#Fin|Voice#Act
005.SCG*LB3.CP10++9.N.-8.22-5.24-3W3	dicitur	NO MATCH	99301	Mood#Ind|Number#Sing|Person#3|Tense#Pres|VerbForm#Fin|Voice#Pass
005.SCG*LB1.CP-7++8.N.-7.1-1.4-1W20	dicens	NO MATCH	99301	Case#Nom|Degree#Pos|Gender#Fem|Number#Sing|Tense#Pres|VerbForm#Part|Voice#Act
005.SCG*LB4.CP-2++1.N.-4.9-6.12-4W15	dicuntur	NO MATCH	99301	Aspect#Imp|Mood#Ind|Number#Plur|Person#3|Tense#Pres|VerbForm#Fin|Voice#Pass
005.SCG*LB3.CP-6++6.N.-8.1-1.2-1W4	dicitur	NO MATCH	99301	Mood#Ind|Number#Sing|Person#3|Tense#Pres|VerbForm#Fin|Voice#Pass
005.SCG*LB1.CP-1++3.N.19.28-6.31-4W19	mediate	NO MATCH	111819	Aspect#Perf|Case#Loc|Degree#Pos|Number#Sing|Tense#Past|VerbForm#Part|Voice#Pass
005.SCG*LB1.CP-5++1.N.-4.4-2.11-5W41	essendo	NO MATCH	126689	Case#Abl|Degree#Pos|Number#Sing|VerbForm#Ger|Voice#Act
005.SCG*LB2.CP-7++6.N.-7.5-2.7-5W12	consequens	NO MATCH	96035	Case#Acc|Degree#Pos|Gender#Neut|Number#Sing|Tense#Pres|VerbForm#Part|Voice#Pass
005.SCG*LB2.CP-3++7.N.-2.1-1.5-1W21	fieri	NO MATCH	102758	Tense#Pres|VerbForm#Inf|Voice#Pass
005.SCG*LB4.CP--++7.N.19.1-1.7-5W43	dicens	NO MATCH	99301	Aspect#Imp|Case#Nom|Degree#Pos|Gender#Masc|Number#Sing|Tense#Pres|VerbForm#Part|Voice#Act
005.SCG*LB1.CP-2++0.N.22.3-3.9-6W36	expresse	NO MATCH	102229	Degree#Pos
005.SCG*LB4.CP-9++1.N.-3.10-2.10-6W3	dicit	NO MATCH	99301	Aspect#Imp|Mood#Ind|Number#Sing|Person#3|Tense#Pres|VerbForm#Fin|Voice#Act
005.SCG*LB2.CP-2++8.N.12.14-5.16-6W9	dicta	NO MATCH	99301	Aspect#Perf|Case#Nom|Degree#Pos|Gender#Fem|Number#Sing|Tense#Past|VerbForm#Part|Voice#Pass
005.SCG*LB3.CP14++9.N.-7.3-4.8-5W24	subsequenter	NO MATCH	126356	Degree#Pos
005.SCG*LB4.CP--++1.N.11.9-3.11-3W16	recte	NO MATCH	122542	Degree#Pos
005.SCG*LB1.CP-4++2.N.-8.1-2.3-5W15	essendi	NO MATCH	126689	Case#Gen|Degree#Pos|Number#Sing|VerbForm#Ger|Voice#Act
005.SCG*LB3.CP10++1.N.-1.1-1.3-5W15	dici	NO MATCH	99301	Tense#Pres|VerbForm#Inf|Voice#Pass
005.SCG*LB4.CP--++6.N.-9.3-6.4-7W7	clarificavi	NO MATCH	94426	Aspect#Perf|Mood#Ind|Number#Sing|Person#1|Tense#Past|VerbForm#Fin|Voice#Act
005.SCG*LB2.CP-4++7.N.-3.13-1.14-6W4	fiat	NO MATCH	102758	Mood#Sub|Number#Sing|Person#3|Tense#Pres|VerbForm#Fin|Voice#Pass
005.SCG*LB2.CP-2++0.N.-4.1-2.8-6W57	educitur	NO MATCH	100588	Mood#Ind|Number#Sing|Person#3|Tense#Pres|VerbForm#Fin|Voice#Pass
005.SCG*LB4.CP-7++2.N.-7.6-1.10-4W5	fit	NO MATCH	102758	Aspect#Imp|Mood#Ind|Number#Sing|Person#3|Tense#Pres|VerbForm#Fin|Voice#Pass
005.SCG*LB2.CP-5++7.N.10.7-6.11-5W14	dicuntur	NO MATCH	99301	Mood#Ind|Number#Plur|Person#3|Tense#Pres|VerbForm#Fin|Voice#Pass
005.SCG*LB3.CP15++5.N.-3.12-2.14-4W4	dicit	NO MATCH	99301	Mood#Ind|Number#Sing|Person#3|Tense#Pres|VerbForm#Fin|Voice#Act
005.SCG*LB4.CP--++7.N.21.19-4.20-1W5	dicitur	NO MATCH	99301	Aspect#Imp|Mood#Ind|Number#Sing|Person#3|Tense#Pres|VerbForm#Fin|Voice#Pass
005.SCG*LB4.CP-4++9.N.11.10-7.12-2W6	dicitur	NO MATCH	99301	Aspect#Imp|Mood#Ind|Number#Sing|Person#3|Tense#Pres|VerbForm#Fin|Voice#Pass
005.SCG*LB3.CP15++4.N.-9.1-1.6-3W26	dicentibus	NO MATCH	99301	Case#Dat|Degree#Pos|Gender#Masc|Number#Plur|Tense#Pres|VerbForm#Part|Voice#Act
005.SCG*LB3.CP10++4.N.-7.8-4.10-6W7	dicitur	NO MATCH	99301	Mood#Ind|Number#Sing|Person#3|Tense#Pres|VerbForm#Fin|Voice#Pass
005.SCG*LB4.CP-9++6.N.-1.16-6.18-3W4	divisim	NO MATCH	99932	Degree#Pos
005.SCG*LB1.CP-4++9.N.-2.4-2.5-5W9	essendi	NO MATCH	126689	Case#Gen|Degree#Pos|Number#Sing|VerbForm#Ger|Voice#Act
005.SCG*LB4.CP-3++5.N.14.7-2.8-4W4	dicta	NO MATCH	99301	Aspect#Perf|Case#Acc|Degree#Pos|Gender#Neut|Number#Plur|Tense#Past|VerbForm#Part|Voice#Pass
005.SCG*LB4.CP-2++4.N.-3.17-2.20-3W13	dici	NO MATCH	99301	Aspect#Imp|Tense#Pres|VerbForm#Inf|Voice#Pass
005.SCG*LB3.CP-4++1.N.11.11-7.14-3W4	sufficienter	NO MATCH	126601	Degree#Pos
005.SCG*LB4.CP-6++3.N.-8.6-5.10-2W11	dicitur	NO MATCH	99301	Aspect#Imp|Mood#Ind|Number#Sing|Person#3|Tense#Pres|VerbForm#Fin|Voice#Pass
005.SCG*LB4.CP-3++2.N.-7.3-5.4-6W4	dicitur	NO MATCH	99301	Aspect#Imp|Mood#Ind|Number#Sing|Person#3|Tense#Pres|VerbForm#Fin|Voice#Pass
005.SCG*LB3.CP10++2.N.-4.12-3.16-5W10	fit	NO MATCH	102758	Mood#Ind|Number#Sing|Person#3|Tense#Pres|VerbForm#Fin|Voice#Pass
005.SCG*LB2.CP-8++9.N.-7.8-6.12-3W17	praedicto	NO MATCH	118832	Aspect#Perf|Case#Abl|Degree#Pos|Gender#Masc|Number#Sing|Tense#Past|VerbForm#Part|Voice#Pass
005.SCG*LB4.CP-1++3.N.-5.27-5.30-4W11	dicitur	NO MATCH	99301	Aspect#Imp|Mood#Ind|Number#Sing|Person#3|Tense#Pres|VerbForm#Fin|Voice#Pass
005.SCG*LB1.CP-3++7.N.-2.5-5.7-7W5	dicimus	NO MATCH	99301	Mood#Ind|Number#Plur|Person#1|Tense#Pres|VerbForm#Fin|Voice#Act
005.SCG*LB1.CP-7++1.N.16.3-3.5-1W4	dicit	NO MATCH	99301	Mood#Ind|Number#Sing|Person#3|Tense#Pres|VerbForm#Fin|Voice#Act
005.SCG*LB3.CP-4++2.N.-7.43-5.45-1W7	fit	NO MATCH	102758	Mood#Ind|Number#Sing|Person#3|Tense#Pres|VerbForm#Fin|Voice#Pass
005.SCG*LB3.CP13++6.N.12.1-1.4-5W22	dictum	NO MATCH	99301	Aspect#Perf|Case#Nom|Degree#Pos|Gender#Neut|Number#Sing|Tense#Past|VerbForm#Part|Voice#Pass
005.SCG*LB3.CP14++7.N.-9.1-1.4-2W8	dixerunt	NO MATCH	99301	Aspect#Perf|Mood#Ind|Number#Plur|Person#3|Tense#Past|VerbForm#Fin|Voice#Act
005.SCG*LB2.CP-4++1.N.12.19-1.19-4W2	dicitur	NO MATCH	99301	Mood#Ind|Number#Sing|Person#3|Tense#Pres|VerbForm#Fin|Voice#Pass
005.SCG*LB3.CP-9++2.N.10.22-5.26-2W14	dici	NO MATCH	99301	Tense#Pres|VerbForm#Inf|Voice#Pass
005.SCG*LB2.CP-3++4.N.-6.1-1.4-1W11	dicunt	NO MATCH	99301	Mood#Ind|Number#Plur|Person#3|Tense#Pres|VerbForm#Fin|Voice#Act
005.SCG*LB4.CP-2++2.N.-2.10-7.14-1W9	speculantes	NO MATCH	125314	Aspect#Imp|Case#Nom|Degree#Pos|Gender#Masc|Number#Plur|Tense#Pres|VerbForm#Part|Voice#Pass
005.SCG*LB1.CP-7++7.N.-3.9-4.11-2W5	volitorum	NO MATCH	130745	Aspect#Perf|Case#Gen|Degree#Pos|Gender#Neut|Number#Plur|Tense#Past|VerbForm#Part|VerbType#Mod|Voice#Pass
005.SCG*LB2.CP-1++6.N.-5.6-2.7-3W5	essendi	NO MATCH	126689	Case#Gen|Degree#Pos|Number#Sing|VerbForm#Ger|Voice#Act
005.SCG*LB1.CP-7++0.N.-2.8-3.11-2W20	remotissima	NO MATCH	122609	Aspect#Perf|Case#Acc|Degree#Sup|Gender#Neut|Number#Plur|Tense#Past|VerbForm#Part|Voice#Pass
005.SCG*LB2.CP-8++2.N.12.6-1.10-3W4	dici	NO MATCH	99301	Tense#Pres|VerbForm#Inf|Voice#Pass
005.SCG*LB1.CP-5++7.N.-9.9-8.11-2W5	fit	NO MATCH	102758	Mood#Ind|Number#Sing|Person#3|Tense#Pres|VerbForm#Fin|Voice#Pass
005.SCG*LB1.CP10++0.N.-4.4-5.7-3W10	fit	NO MATCH	102758	Mood#Ind|Number#Sing|Person#3|Tense#Pres|VerbForm#Fin|Voice#Pass
005.SCG*LB3.CP14++2.N.-3.1-2.4-2W18	dictis	NO MATCH	99301	Aspect#Perf|Case#Abl|Degree#Pos|Gender#Neut|Number#Plur|Tense#Past|VerbForm#Part|Voice#Pass
005.SCG*LB4.CP-1++4.N.-2.1-1.5-5W4	dictis	NO MATCH	99301	Aspect#Perf|Case#Abl|Degree#Pos|Gender#Neut|Number#Plur|Tense#Past|VerbForm#Part|Voice#Pass
005.SCG*LB4.CP--++7.N.-5.8-2.12-1W5	diceretur	NO MATCH	99301	Aspect#Imp|Mood#Sub|Number#Sing|Person#3|Tense#Imp|VerbForm#Fin|Voice#Pass
005.SCG*LB3.CP-8++0.N.-2.24-1.32-1W28	diximus	NO MATCH	99301	Aspect#Perf|Mood#Ind|Number#Plur|Person#1|Tense#Past|VerbForm#Fin|Voice#Act
005.SCG*LB3.CP-9++7.N.17.6-1.8-5W14	dicitur	NO MATCH	99301	Mood#Ind|Number#Sing|Person#3|Tense#Pres|VerbForm#Fin|Voice#Pass
005.SCG*LB3.CP-6++5.N.-9.3-1.3-8W3	dicit	NO MATCH	99301	Mood#Ind|Number#Sing|Person#3|Tense#Pres|VerbForm#Fin|Voice#Act
005.SCG*LB3.CP15++4.N.23.1-1.4-1W10	dicunt	NO MATCH	99301	Mood#Ind|Number#Plur|Person#3|Tense#Pres|VerbForm#Fin|Voice#Act
005.SCG*LB2.CP--++2.N.-3.10-5.10-8W4	dicitur	NO MATCH	99301	Mood#Ind|Number#Sing|Person#3|Tense#Pres|VerbForm#Fin|Voice#Pass
005.SCG*LB1.CP-7++5.N.-3.8-1.12-4W13	dictis	NO MATCH	99301	Aspect#Perf|Case#Abl|Degree#Pos|Gender#Neut|Number#Plur|Tense#Past|VerbForm#Part|Voice#Pass
005.SCG*LB4.CP-4++6.N.-3.7-5.10-2W16	dicitur	NO MATCH	99301	Aspect#Imp|Mood#Ind|Number#Sing|Person#3|Tense#Pres|VerbForm#Fin|Voice#Pass
005.SCG*LB4.CP-8++1.N.10.12-5.13-5W4	dicitur	NO MATCH	99301	Aspect#Imp|Mood#Ind|Number#Sing|Person#3|Tense#Pres|VerbForm#Fin|Voice#Pass
005.SCG*LB3.CP15++4.N.-8.19-5.20-2W4	dicitur	NO MATCH	99301	Mood#Ind|Number#Sing|Person#3|Tense#Pres|VerbForm#Fin|Voice#Pass
005.SCG*LB4.CP-8++2.N.11.25-1.27-1W14	praedictam	NO MATCH	118832	Aspect#Perf|Case#Acc|Degree#Pos|Gender#Fem|Number#Sing|Tense#Past|VerbForm#Part|Voice#Pass
005.SCG*LB3.CP15++3.N.-2.20-1.24-5W22	consequentes	NO MATCH	96035	Case#Acc|Degree#Pos|Gender#Fem|Number#Plur|Tense#Pres|VerbForm#Part|Voice#Pass
005.SCG*LB2.CP-4++1.N.13.7-1.9-5W7	dicit	NO MATCH	99301	Mood#Ind|Number#Sing|Person#3|Tense#Pres|VerbForm#Fin|Voice#Act
005.SCG*LB3.CP-9++7.N.-8.4-1.9-5W21	perfectiores	NO MATCH	116821	Aspect#Perf|Case#Nom|Degree#Cmp|Gender#Fem|Number#Plur|Tense#Past|VerbForm#Part|Voice#Pass
005.SCG*LB2.CP-2++8.N.14.1-1.2-5W8	debitum	NO MATCH	97963	Case#Nom|Degree#Pos|Gender#Neut|Number#Sing|VerbType#Mod
005.SCG*LB2.CP-2++1.N.10.1-2.9-1W24	fiat	NO MATCH	102758	Mood#Sub|Number#Sing|Person#3|Tense#Pres|VerbForm#Fin|Voice#Pass
005.SCG*LB4.CP-2++5.N.-1.5-1.8-5W30	dicitur	NO MATCH	99301	Aspect#Imp|Mood#Ind|Number#Sing|Person#3|Tense#Pres|VerbForm#Fin|Voice#Pass
005.SCG*LB2.CP--++4.N.-1.8-2.10-2W6	praedictae	NO MATCH	118832	Aspect#Perf|Case#Dat|Degree#Pos|Gender#Fem|Number#Sing|Tense#Past|VerbForm#Part|Voice#Pass
005.SCG*LB1.CP-4++2.N.10.8-1.10-1W3	dicatur	NO MATCH	99301	Mood#Sub|Number#Sing|Person#3|Tense#Pres|VerbForm#Fin|Voice#Pass
005.SCG*LB3.CP-9++5.N.19.4-3.4-6W1	dicitur	NO MATCH	99301	Mood#Ind|Number#Sing|Person#3|Tense#Pres|VerbForm#Fin|Voice#Pass
005.SCG*LB4.CP-5++2.N.-2.1-1.5-2W4	dicere	NO MATCH	99301	Aspect#Imp|Tense#Pres|VerbForm#Inf|Voice#Act
005.SCG*LB3.CP10++3.N.-1.4-6.9-3W6	praedictarum	NO MATCH	118832	Aspect#Perf|Case#Gen|Degree#Pos|Gender#Fem|Number#Plur|Tense#Past|VerbForm#Part|Voice#Pass
005.SCG*LB4.CP-4++6.N.-2.2-2.8-2W16	fit	NO MATCH	102758	Aspect#Imp|Mood#Ind|Number#Sing|Person#3|Tense#Pres|VerbForm#Fin|Voice#Pass
005.SCG*LB3.CP-9++5.N.12.5-1.5-6W6	dicitur	NO MATCH	99301	Mood#Ind|Number#Sing|Person#3|Tense#Pres|VerbForm#Fin|Voice#Pass
005.SCG*LB2.CP-3++7.N.-4.17-2.20-2W12	consequens	NO MATCH	96035	Case#Acc|Degree#Pos|Gender#Neut|Number#Sing|Tense#Pres|VerbForm#Part|Voice#Pass
005.SCG*LB3.CP10++5.N.-4.1-1.11-1W19	praedictam	NO MATCH	118832	Aspect#Perf|Case#Acc|Degree#Pos|Gender#Fem|Number#Sing|Tense#Past|VerbForm#Part|Voice#Pass
005.SCG*LB4.CP-3++4.N.15.1-2.4-4W3	dicitur	NO MATCH	99301	Aspect#Imp|Mood#Ind|Number#Sing|Person#3|Tense#Pres|VerbForm#Fin|Voice#Pass
005.SCG*LB2.CP-9++8.N.19.12-1.14-3W7	fit	NO MATCH	102758	Mood#Ind|Number#Sing|Person#3|Tense#Pres|VerbForm#Fin|Voice#Pass
005.SCG*LB4.CP--++2.N.-3.5-3.6-3W2	dixit	NO MATCH	99301	Aspect#Perf|Mood#Ind|Number#Sing|Person#3|Tense#Past|VerbForm#Fin|Voice#Act
005.SCG*LB1.CP-5++5.N.-2.13-4.16-3W17	essendi	NO MATCH	126689	Case#Gen|Degree#Pos|Number#Sing|VerbForm#Ger|Voice#Act
005.SCG*LB4.CP-3++0.N.-5.1-2.3-2W2	dicit	NO MATCH	99301	Aspect#Imp|Mood#Ind|Number#Sing|Person#3|Tense#Pres|VerbForm#Fin|Voice#Act
005.SCG*LB4.CP-1++7.N.21.9-4.10-3W1	dicit	NO MATCH	99301	Aspect#Imp|Mood#Ind|Number#Sing|Person#3|Tense#Pres|VerbForm#Fin|Voice#Act
005.SCG*LB2.CP-8++3.N.21.2-3.3-7W10	dicitur	NO MATCH	99301	Mood#Ind|Number#Sing|Person#3|Tense#Pres|VerbForm#Fin|Voice#Pass
005.SCG*LB3.CP13++5.N.11.26-1.28-3W18	dicens	NO MATCH	99301	Case#Nom|Degree#Pos|Gender#Masc|Number#Sing|Tense#Pres|VerbForm#Part|Voice#Act
005.SCG*LB1.CP-4++4.N.-7.13-1.15-7W22	dictis	NO MATCH	99301	Aspect#Perf|Case#Abl|Degree#Pos|Gender#Neut|Number#Plur|Tense#Past|VerbForm#Part|Voice#Pass
005.SCG*LB1.CP-2++9.N.-5.13-2.14-3W4	dicitur	NO MATCH	99301	Mood#Ind|Number#Sing|Person#3|Tense#Pres|VerbForm#Fin|Voice#Pass
005.SCG*LB4.CP-1++1.N.17.38-1.39-6W7	dixerunt	NO MATCH	99301	Aspect#Perf|Mood#Ind|Number#Plur|Person#3|Tense#Past|VerbForm#Fin|Voice#Act
005.SCG*LB3.CP10++9.N.-7.16-1.19-6W28	dicuntur	NO MATCH	99301	Mood#Ind|Number#Plur|Person#3|Tense#Pres|VerbForm#Fin|Voice#Pass
005.SCG*LB3.CP-2++6.N.19.35-4.42-3W43	dicit	NO MATCH	99301	Mood#Ind|Number#Sing|Person#3|Tense#Pres|VerbForm#Fin|Voice#Act
005.SCG*LB2.CP-4++1.N.-7.9-3.11-5W4	fieri	NO MATCH	102758	Tense#Pres|VerbForm#Inf|Voice#Pass
005.SCG*LB1.CP-4++8.N.-7.7-2.9-1W6	dictis	NO MATCH	99301	Aspect#Perf|Case#Abl|Degree#Pos|Gender#Neut|Number#Plur|Tense#Past|VerbForm#Part|Voice#Pass
005.SCG*LB2.CP-8++4.N.-7.8-7.15-7W48	dixit	NO MATCH	99301	Aspect#Perf|Mood#Ind|Number#Sing|Person#3|Tense#Past|VerbForm#Fin|Voice#Act
005.SCG*LB2.CP-6++0.N.-5.17-3.19-2W13	dictum	NO MATCH	99301	Aspect#Perf|Case#Acc|Degree#Pos|Gender#Masc|Number#Sing|Tense#Past|VerbForm#Part|Voice#Pass
005.SCG*LB4.CP-2++1.N.-1.8-1.12-5W33	dicitur	NO MATCH	99301	Aspect#Imp|Mood#Ind|Number#Sing|Person#3|Tense#Pres|VerbForm#Fin|Voice#Pass
005.SCG*LB3.CP10++6.N.-5.1-2.3-1W3	praedictarum	NO MATCH	118832	Aspect#Perf|Case#Gen|Degree#Pos|Gender#Fem|Number#Plur|Tense#Past|VerbForm#Part|Voice#Pass
005.SCG*LB1.CP-9++2.N.11.9-4.11-1W1	dicuntur	NO MATCH	99301	Mood#Ind|Number#Plur|Person#3|Tense#Pres|VerbForm#Fin|Voice#Pass
005.SCG*LB2.CP-4++5.N.-3.4-3.7-5W13	fieret	NO MATCH	102758	Aspect#Imp|Mood#Sub|Number#Sing|Person#3|Tense#Imp|VerbForm#Fin|Voice#Pass
005.SCG*LB4.CP-8++4.N.-3.7-1.10-4W24	dixit	NO MATCH	99301	Aspect#Perf|Mood#Ind|Number#Sing|Person#3|Tense#Past|VerbForm#Fin|Voice#Act
005.SCG*LB4.CP--++8.N.-1.13-4.16-7W9	consequens	NO MATCH	96035	Aspect#Imp|Case#Acc|Degree#Pos|Gender#Neut|Number#Sing|Tense#Pres|VerbForm#Part|Voice#Pass
005.SCG*LB4.CP--++1.N.-5.4-7.7-3W1	consequens	NO MATCH	96035	Aspect#Imp|Case#Nom|Degree#Pos|Gender#Neut|Number#Sing|Tense#Pres|VerbForm#Part|Voice#Pass
005.SCG*LB1.CP-1++3.N.13.7-1.10-4W4	praedicta	NO MATCH	118832	Aspect#Perf|Case#Nom|Degree#Pos|Gender#Neut|Number#Plur|Tense#Past|VerbForm#Part|Voice#Pass
005.SCG*LB4.CP-4++1.N.-3.22-1.26-5W7	dicitur	NO MATCH	99301	Aspect#Imp|Mood#Ind|Number#Sing|Person#3|Tense#Pres|VerbForm#Fin|Voice#Pass
005.SCG*LB2.CP-5++0.N.-3.7-6.10-1W5	fiunt	NO MATCH	102758	Mood#Ind|Number#Plur|Person#3|Tense#Pres|VerbForm#Fin|Voice#Pass
005.SCG*LB1.CP-5++7.N.-5.4-2.5-3W4	dicitur	NO MATCH	99301	Mood#Ind|Number#Sing|Person#3|Tense#Pres|VerbForm#Fin|Voice#Pass
005.SCG*LB3.CP-4++8.N.13.10-3.16-1W33	dicere	NO MATCH	99301	Tense#Pres|VerbForm#Inf|Voice#Act
005.SCG*LB3.CP13++0.N.-4.4-6.11-7W34	abiiciat	NO MATCH	86884	Mood#Sub|Number#Sing|Person#3|Tense#Pres|VerbForm#Fin|Voice#Act
005.SCG*LB4.CP-7++9.N.12.13-3.14-2W5	confortati	NO MATCH	95815	Aspect#Perf|Case#Nom|Degree#Pos|Gender#Masc|Number#Plur|Tense#Past|VerbForm#Part|Voice#Pass
005.SCG*LB4.CP-1++1.N.11.30-1.34-5W37	dictum	NO MATCH	99301	Aspect#Perf|Case#Nom|Degree#Pos|Gender#Neut|Number#Sing|Tense#Past|VerbForm#Part|Voice#Pass
005.SCG*LB3.CP-8++6.N.14.10-1.11-1W7	dicit	NO MATCH	99301	Mood#Ind|Number#Sing|Person#3|Tense#Pres|VerbForm#Fin|Voice#Act
005.SCG*LB3.CP10++4.N.-1.1-1.7-2W21	fiunt	NO MATCH	102758	Mood#Ind|Number#Plur|Person#3|Tense#Pres|VerbForm#Fin|Voice#Pass
005.SCG*LB2.CP-7++3.N.21.5-5.10-1W19	puta	NO MATCH	120610	
005.SCG*LB4.CP-3++4.N.29.14-3.16-4W10	dicatur	NO MATCH	99301	Aspect#Imp|Mood#Sub|Number#Sing|Person#3|Tense#Pres|VerbForm#Fin|Voice#Pass
005.SCG*LB1.CP-4++2.N.-9.33-1.36-4W11	essendi	NO MATCH	126689	Case#Gen|Degree#Pos|Number#Sing|VerbForm#Ger|Voice#Act
005.SCG*LB4.CP-1++0.N.-9.1-1.4-1W4	dicat	NO MATCH	99301	Aspect#Imp|Mood#Sub|Number#Sing|Person#3|Tense#Pres|VerbForm#Fin|Voice#Act
005.SCG*LB3.CP-5++1.N.-6.11-5.14-4W25	dicitur	NO MATCH	99301	Mood#Ind|Number#Sing|Person#3|Tense#Pres|VerbForm#Fin|Voice#Pass
005.SCG*LB4.CP--++6.N.-9.7-1.8-2W3	dicit	NO MATCH	99301	Aspect#Imp|Mood#Ind|Number#Sing|Person#3|Tense#Pres|VerbForm#Fin|Voice#Act
005.SCG*LB2.CP--++6.N.-7.17-2.17-8W7	essendi	NO MATCH	126689	Case#Gen|Degree#Pos|Number#Sing|VerbForm#Ger|Voice#Act
005.SCG*LB3.CP-2++7.N.-2.1-1.3-7W16	converso	NO MATCH	96446	Case#Abl|Degree#Pos|Gender#Neut|Number#Sing
005.SCG*LB4.CP-3++4.N.12.11-1.12-4W1	dicitur	NO MATCH	99301	Aspect#Imp|Mood#Ind|Number#Sing|Person#3|Tense#Pres|VerbForm#Fin|Voice#Pass
005.SCG*LB2.CP-1++5.N.-2.33-1.35-2W3	dicatur	NO MATCH	99301	Mood#Sub|Number#Sing|Person#3|Tense#Pres|VerbForm#Fin|Voice#Pass
005.SCG*LB2.CP--++1.N.-5.1-1.4-1W3	dictarum	NO MATCH	99301	Aspect#Perf|Case#Gen|Degree#Pos|Gender#Fem|Number#Plur|Tense#Past|VerbForm#Part|Voice#Pass
005.SCG*LB4.CP-1++7.N.-6.4-1.4-4W1	dicitur	NO MATCH	99301	Aspect#Imp|Mood#Ind|Number#Sing|Person#3|Tense#Pres|VerbForm#Fin|Voice#Pass
005.SCG*LB3.CP15++1.N.-6.5-3.9-5W15	dictis	NO MATCH	99301	Aspect#Perf|Case#Abl|Degree#Pos|Gender#Neut|Number#Plur|Tense#Past|VerbForm#Part|Voice#Pass
005.SCG*LB4.CP-9++2.N.-9.6-3.8-5W10	fiunt	NO MATCH	102758	Aspect#Imp|Mood#Ind|Number#Plur|Person#3|Tense#Pres|VerbForm#Fin|Voice#Pass
005.SCG*LB4.CP-3++0.N.-1.2-5.6-2W1	dixit	NO MATCH	99301	Aspect#Perf|Mood#Ind|Number#Sing|Person#3|Tense#Past|VerbForm#Fin|Voice#Act
005.SCG*LB4.CP-2++0.N.-3.10-1.10-4W1	dicitur	NO MATCH	99301	Aspect#Imp|Mood#Ind|Number#Sing|Person#3|Tense#Pres|VerbForm#Fin|Voice#Pass
005.SCG*LB2.CP-7++6.N.15.2-2.7-3W32	dicit	NO MATCH	99301	Mood#Ind|Number#Sing|Person#3|Tense#Pres|VerbForm#Fin|Voice#Act
005.SCG*LB2.CP-4++8.N.-5.11-3.13-1W6	fieri	NO MATCH	102758	Tense#Pres|VerbForm#Inf|Voice#Pass
005.SCG*LB2.CP-7++5.N.15.14-1.16-7W13	fit	NO MATCH	102758	Mood#Ind|Number#Sing|Person#3|Tense#Pres|VerbForm#Fin|Voice#Pass
005.SCG*LB2.CP-9++8.N.-2.15-7.19-3W4	dicit	NO MATCH	99301	Mood#Ind|Number#Sing|Person#3|Tense#Pres|VerbForm#Fin|Voice#Act
005.SCG*LB4.CP-3++4.N.-9.17-6.19-4W15	dicens	NO MATCH	99301	Aspect#Imp|Case#Nom|Degree#Pos|Gender#Masc|Number#Sing|Tense#Pres|VerbForm#Part|Voice#Act
005.SCG*LB2.CP-8++2.N.-6.4-6.4-7W2	dicat	NO MATCH	99301	Mood#Sub|Number#Sing|Person#3|Tense#Pres|VerbForm#Fin|Voice#Act
005.SCG*LB1.CP-5++4.N.-8.1-1.4-5W24	dicit	NO MATCH	99301	Mood#Ind|Number#Sing|Person#3|Tense#Pres|VerbForm#Fin|Voice#Act
005.SCG*LB3.CP13++0.N.-3.1-1.5-1W21	praedicta	NO MATCH	118832	Aspect#Perf|Case#Nom|Degree#Pos|Gender#Neut|Number#Plur|Tense#Past|VerbForm#Part|Voice#Pass
005.SCG*LB3.CP14++8.N.-1.5-7.8-3W4	dicitur	NO MATCH	99301	Mood#Ind|Number#Sing|Person#3|Tense#Pres|VerbForm#Fin|Voice#Pass
005.SCG*LB3.CP-9++3.N.-5.18-1.20-5W3	dicit	NO MATCH	99301	Mood#Ind|Number#Sing|Person#3|Tense#Pres|VerbForm#Fin|Voice#Act
005.SCG*LB3.CP-7++7.N.-4.8-1.10-1W9	fiat	NO MATCH	102758	Mood#Sub|Number#Sing|Person#3|Tense#Pres|VerbForm#Fin|Voice#Pass
005.SCG*LB3.CP-5++2.N.-7.2-5.4-4W14	dicitur	NO MATCH	99301	Mood#Ind|Number#Sing|Person#3|Tense#Pres|VerbForm#Fin|Voice#Pass
005.SCG*LB1.CP-6++7.N.-4.4-1.7-3W11	dictis	NO MATCH	99301	Aspect#Perf|Case#Abl|Degree#Pos|Gender#Neut|Number#Plur|Tense#Past|VerbForm#Part|Voice#Pass
005.SCG*LB4.CP-8++2.N.-3.6-2.8-1W13	praedixerat	NO MATCH	118832	Aspect#Perf|Mood#Ind|Number#Sing|Person#3|Tense#Pqp|VerbForm#Fin|Voice#Act
005.SCG*LB2.CP-5++9.N.10.19-6.20-5W5	praedictus	NO MATCH	118832	Aspect#Perf|Case#Nom|Degree#Pos|Gender#Masc|Number#Sing|Tense#Past|VerbForm#Part|Voice#Pass
005.SCG*LB4.CP-1++3.N.-5.5-4.7-2W1	dicit	NO MATCH	99301	Aspect#Imp|Mood#Ind|Number#Sing|Person#3|Tense#Pres|VerbForm#Fin|Voice#Act
005.SCG*LB4.CP-3++4.N.-2.78-1.80-2W17	dicunt	NO MATCH	99301	Aspect#Imp|Mood#Ind|Number#Plur|Person#3|Tense#Pres|VerbForm#Fin|Voice#Act
005.SCG*LB2.CP-7++3.N.25.1-1.7-2W19	promptiores	NO MATCH	119847	Aspect#Perf|Case#Nom|Degree#Cmp|Gender#Masc|Number#Plur|Tense#Past|VerbForm#Part|Voice#Pass
005.SCG*LB4.CP-1++1.N.17.31-4.33-5W17	dici	NO MATCH	99301	Aspect#Imp|Tense#Pres|VerbForm#Inf|Voice#Pass
005.SCG*LB4.CP-1++9.N.-3.6-2.9-2W5	dictum	NO MATCH	99301	Aspect#Perf|Case#Nom|Degree#Pos|Gender#Neut|Number#Sing|Tense#Past|VerbForm#Part|Voice#Pass
005.SCG*LB2.CP-4++2.N.10.1-1.1-6W4	dicitur	NO MATCH	99301	Mood#Ind|Number#Sing|Person#3|Tense#Pres|VerbForm#Fin|Voice#Pass
005.SCG*LB4.CP-1++6.N.-3.1-2.2-5W1	dicit	NO MATCH	99301	Aspect#Imp|Mood#Ind|Number#Sing|Person#3|Tense#Pres|VerbForm#Fin|Voice#Act
005.SCG*LB4.CP-4++5.N.-7.1-1.4-2W4	praedictae	NO MATCH	118832	Aspect#Perf|Case#Dat|Degree#Pos|Gender#Fem|Number#Sing|Tense#Past|VerbForm#Part|Voice#Pass
005.SCG*LB2.CP-7++1.N.-3.12-1.14-5W17	essendo	NO MATCH	126689	Case#Abl|Degree#Pos|Number#Sing|VerbForm#Ger|Voice#Act
005.SCG*LB4.CP--++7.N.10.6-1.8-2W1	dicit	NO MATCH	99301	Aspect#Imp|Mood#Ind|Number#Sing|Person#3|Tense#Pres|VerbForm#Fin|Voice#Act
005.SCG*LB4.CP-1++1.N.15.17-1.18-5W5	dicit	NO MATCH	99301	Aspect#Imp|Mood#Ind|Number#Sing|Person#3|Tense#Pres|VerbForm#Fin|Voice#Act
005.SCG*LB1.CP-9++9.N.-6.1-1.2-3W4	dicitur	NO MATCH	99301	Mood#Ind|Number#Sing|Person#3|Tense#Pres|VerbForm#Fin|Voice#Pass
005.SCG*LB2.CP-1++1.N.-4.1-2.2-1W5	dicitur	NO MATCH	99301	Mood#Ind|Number#Sing|Person#3|Tense#Pres|VerbForm#Fin|Voice#Pass
005.SCG*LB3.CP13++6.N.-7.6-4.8-5W20	dicitur	NO MATCH	99301	Mood#Ind|Number#Sing|Person#3|Tense#Pres|VerbForm#Fin|Voice#Pass
005.SCG*LB4.CP-2++5.N.-2.2-2.6-3W12	dicitur	NO MATCH	99301	Aspect#Imp|Mood#Ind|Number#Sing|Person#3|Tense#Pres|VerbForm#Fin|Voice#Pass
005.SCG*LB3.CP-2++7.N.-7.4-3.6-3W3	praedictarum	NO MATCH	118832	Aspect#Perf|Case#Gen|Degree#Pos|Gender#Fem|Number#Plur|Tense#Past|VerbForm#Part|Voice#Pass
005.SCG*LB3.CP-5++3.N.-6.15-3.18-3W17	dicitur	NO MATCH	99301	Mood#Ind|Number#Sing|Person#3|Tense#Pres|VerbForm#Fin|Voice#Pass
005.SCG*LB1.CP-9++0.N.-5.6-4.9-4W12	dictis	NO MATCH	99301	Aspect#Perf|Case#Abl|Degree#Pos|Gender#Neut|Number#Plur|Tense#Past|VerbForm#Part|Voice#Pass
005.SCG*LB4.CP-3++5.N.-5.13-5.15-1W6	dicatur	NO MATCH	99301	Aspect#Imp|Mood#Sub|Number#Sing|Person#3|Tense#Pres|VerbForm#Fin|Voice#Pass
005.SCG*LB4.CP-3++6.N.-1.1-1.4-2W12	dicentis	NO MATCH	99301	Aspect#Imp|Case#Gen|Degree#Pos|Gender#Masc|Number#Sing|Tense#Pres|VerbForm#Part|Voice#Act
005.SCG*LB3.CP12++1.N.-5.1-1.1-6W4	dicitur	NO MATCH	99301	Mood#Ind|Number#Sing|Person#3|Tense#Pres|VerbForm#Fin|Voice#Pass
005.SCG*LB1.CP-5++0.N.11.2-3.3-1W1	dicitur	NO MATCH	99301	Mood#Ind|Number#Sing|Person#3|Tense#Pres|VerbForm#Fin|Voice#Pass
005.SCG*LB4.CP--++7.N.15.9-3.13-1W25	dicitur	NO MATCH	99301	Aspect#Imp|Mood#Ind|Number#Sing|Person#3|Tense#Pres|VerbForm#Fin|Voice#Pass
005.SCG*LB4.CP-3++4.N.21.1-2.4-2W2	dicit	NO MATCH	99301	Aspect#Imp|Mood#Ind|Number#Sing|Person#3|Tense#Pres|VerbForm#Fin|Voice#Act
005.SCG*LB3.CP-7++3.N.-4.3-4.6-5W8	dicit	NO MATCH	99301	Mood#Ind|Number#Sing|Person#3|Tense#Pres|VerbForm#Fin|Voice#Act
005.SCG*LB3.CP-6++1.N.-2.10-6.12-2W1	fit	NO MATCH	102758	Mood#Ind|Number#Sing|Person#3|Tense#Pres|VerbForm#Fin|Voice#Pass
005.SCG*LB3.CP-4++8.N.-9.16-5.23-5W23	permanentes	NO MATCH	117055	Case#Nom|Degree#Pos|Gender#Neut|Number#Plur|Tense#Pres|VerbForm#Part|Voice#Act
005.SCG*LB1.CP10++2.N.-4.8-6.10-4W14	dicatur	NO MATCH	99301	Mood#Sub|Number#Sing|Person#3|Tense#Pres|VerbForm#Fin|Voice#Pass
005.SCG*LB4.CP-5++8.N.-1.1-1.6-3W5	dictum	NO MATCH	99301	Aspect#Perf|Case#Nom|Degree#Pos|Gender#Neut|Number#Sing|Tense#Past|VerbForm#Part|Voice#Pass
005.SCG*LB3.CP-2++6.N.15.18-7.20-1W9	concomitans	NO MATCH	95553	Case#Nom|Degree#Pos|Gender#Fem|Number#Sing|Tense#Pres|VerbForm#Part|Voice#Pass
005.SCG*LB2.CP-4++7.N.-5.10-1.12-2W7	dicit	NO MATCH	99301	Mood#Ind|Number#Sing|Person#3|Tense#Pres|VerbForm#Fin|Voice#Act
005.SCG*LB1.CP-8++7.N.-6.5-3.7-2W4	dicitur	NO MATCH	99301	Mood#Ind|Number#Sing|Person#3|Tense#Pres|VerbForm#Fin|Voice#Pass
005.SCG*LB1.CP-3++1.N.-2.22-4.26-4W5	dicitur	NO MATCH	99301	Mood#Ind|Number#Sing|Person#3|Tense#Pres|VerbForm#Fin|Voice#Pass
005.SCG*LB1.CP-8++3.N.-4.6-5.10-1W23	praedicto	NO MATCH	118832	Aspect#Perf|Case#Abl|Degree#Pos|Gender#Masc|Number#Sing|Tense#Past|VerbForm#Part|Voice#Pass
005.SCG*LB2.CP-6++0.N.10.6-5.7-7W3	dicitur	NO MATCH	99301	Mood#Ind|Number#Sing|Person#3|Tense#Pres|VerbForm#Fin|Voice#Pass
005.SCG*LB4.CP-8++4.N.-8.1-1.2-4W10	dicens	NO MATCH	99301	Aspect#Imp|Case#Nom|Degree#Pos|Gender#Masc|Number#Sing|Tense#Pres|VerbForm#Part|Voice#Act
005.SCG*LB2.CP-3++4.N.-5.3-5.4-6W3	fit	NO MATCH	102758	Mood#Ind|Number#Sing|Person#3|Tense#Pres|VerbForm#Fin|Voice#Pass
005.SCG*LB2.CP-1++9.N.-6.6-6.12-4W42	fit	NO MATCH	102758	Mood#Ind|Number#Sing|Person#3|Tense#Pres|VerbForm#Fin|Voice#Pass
005.SCG*LB3.CP15++2.N.-7.1-1.3-10W9	dicebant	NO MATCH	99301	Aspect#Imp|Mood#Ind|Number#Plur|Person#3|Tense#Imp|VerbForm#Fin|Voice#Act
005.SCG*LB4.CP-3++5.N.-4.10-3.12-5W1	dicit	NO MATCH	99301	Aspect#Imp|Mood#Ind|Number#Sing|Person#3|Tense#Pres|VerbForm#Fin|Voice#Act
005.SCG*LB2.CP-9++8.N.10.31-3.33-4W6	dicitur	NO MATCH	99301	Mood#Ind|Number#Sing|Person#3|Tense#Pres|VerbForm#Fin|Voice#Pass
005.SCG*LB4.CP--++4.N.-5.1-1.2-1W1	dicit	NO MATCH	99301	Aspect#Imp|Mood#Ind|Number#Sing|Person#3|Tense#Pres|VerbForm#Fin|Voice#Act
005.SCG*LB1.CP-6++2.N.-5.5-3.8-4W19	dicitur	NO MATCH	99301	Mood#Ind|Number#Sing|Person#3|Tense#Pres|VerbForm#Fin|Voice#Pass
005.SCG*LB4.CP--++3.N.-1.22-1.22-5W3	dicit	NO MATCH	99301	Aspect#Imp|Mood#Ind|Number#Sing|Person#3|Tense#Pres|VerbForm#Fin|Voice#Act
005.SCG*LB2.CP-5++6.N.-7.22-1.24-3W6	fit	NO MATCH	102758	Mood#Ind|Number#Sing|Person#3|Tense#Pres|VerbForm#Fin|Voice#Pass
005.SCG*LB3.CP-9++2.N.12.2-6.5-9W1	dictum	NO MATCH	99301	Aspect#Perf|Case#Nom|Degree#Pos|Gender#Neut|Number#Sing|Tense#Past|VerbForm#Part|Voice#Pass
005.SCG*LB2.CP-8++3.N.20.1-1.5-6W15	dixit	NO MATCH	99301	Aspect#Perf|Mood#Ind|Number#Sing|Person#3|Tense#Past|VerbForm#Fin|Voice#Act
005.SCG*LB4.CP-8++3.N.-3.10-3.13-4W15	dicere	NO MATCH	99301	Aspect#Imp|Tense#Pres|VerbForm#Inf|Voice#Act
005.SCG*LB4.CP--++8.N.-4.1-1.3-2W4	dicit	NO MATCH	99301	Aspect#Imp|Mood#Ind|Number#Sing|Person#3|Tense#Pres|VerbForm#Fin|Voice#Act
005.SCG*LB4.CP-1++2.N.-3.10-2.13-1W19	dicatur	NO MATCH	99301	Aspect#Imp|Mood#Sub|Number#Sing|Person#3|Tense#Pres|VerbForm#Fin|Voice#Pass
005.SCG*LB3.CP--++2.N.-8.9-2.11-1W11	dicitur	NO MATCH	99301	Mood#Ind|Number#Sing|Person#3|Tense#Pres|VerbForm#Fin|Voice#Pass
005.SCG*LB4.CP-2++1.N.-8.5-3.8-1W10	consequens	NO MATCH	96035	Aspect#Imp|Case#Nom|Degree#Pos|Gender#Neut|Number#Sing|Tense#Pres|VerbForm#Part|Voice#Pass
005.SCG*LB4.CP-7++4.N.-2.3-6.7-6W4	dicit	NO MATCH	99301	Aspect#Imp|Mood#Ind|Number#Sing|Person#3|Tense#Pres|VerbForm#Fin|Voice#Act
005.SCG*LB1.CP-2++0.N.16.15-4.17-2W6	fiat	NO MATCH	102758	Mood#Sub|Number#Sing|Person#3|Tense#Pres|VerbForm#Fin|Voice#Pass
005.SCG*LB2.CP-7++1.N.-3.1-1.4-2W15	essendo	NO MATCH	126689	Case#Abl|Degree#Pos|Number#Sing|VerbForm#Ger|Voice#Act
005.SCG*LB3.CP12++4.N.-2.2-2.4-4W15	praedictarum	NO MATCH	118832	Aspect#Perf|Case#Gen|Degree#Pos|Gender#Fem|Number#Plur|Tense#Past|VerbForm#Part|Voice#Pass
005.SCG*LB4.CP-3++4.N.24.3-4.4-4W1	dicit	NO MATCH	99301	Aspect#Imp|Mood#Ind|Number#Sing|Person#3|Tense#Pres|VerbForm#Fin|Voice#Act
005.SCG*LB3.CP-5++9.N.-7.11-3.12-1W1	excelsior	NO MATCH	101840	Aspect#Perf|Case#Nom|Degree#Cmp|Gender#Masc|Number#Sing|Tense#Past|VerbForm#Part|Voice#Pass
005.SCG*LB3.CP-4++8.N.17.6-3.8-7W5	dicit	NO MATCH	99301	Mood#Ind|Number#Sing|Person#3|Tense#Pres|VerbForm#Fin|Voice#Act
005.SCG*LB3.CP-8++0.N.11.1-1.3-2W7	exequente	NO MATCH	102311	Case#Abl|Degree#Pos|Gender#Masc|Number#Sing|Tense#Pres|VerbForm#Part|Voice#Pass
005.SCG*LB4.CP-8++9.N.-5.6-1.6-5W5	dicitur	NO MATCH	99301	Aspect#Imp|Mood#Ind|Number#Sing|Person#3|Tense#Pres|VerbForm#Fin|Voice#Pass
005.SCG*LB3.CP10++6.N.-7.5-1.7-1W6	fiunt	NO MATCH	102758	Mood#Ind|Number#Plur|Person#3|Tense#Pres|VerbForm#Fin|Voice#Pass
005.SCG*LB4.CP-1++1.N.13.33-1.36-4W7	dixerat	NO MATCH	99301	Aspect#Perf|Mood#Ind|Number#Sing|Person#3|Tense#Pqp|VerbForm#Fin|Voice#Act
005.SCG*LB3.CP-6++1.N.-1.1-1.3-3W13	fit	NO MATCH	102758	Mood#Ind|Number#Sing|Person#3|Tense#Pres|VerbForm#Fin|Voice#Pass
005.SCG*LB1.CP-2++2.N.10.6-5.6-8W2	dices	NO MATCH	99301	Mood#Ind|Number#Sing|Person#2|Tense#Fut|VerbForm#Fin|Voice#Act
005.SCG*LB4.CP-1++1.N.18.7-7.8-7W9	dicit	NO MATCH	99301	Aspect#Imp|Mood#Ind|Number#Sing|Person#3|Tense#Pres|VerbForm#Fin|Voice#Act
005.SCG*LB4.CP-1++7.N.-7.8-1.9-2W7	dicit	NO MATCH	99301	Aspect#Imp|Mood#Ind|Number#Sing|Person#3|Tense#Pres|VerbForm#Fin|Voice#Act
005.SCG*LB4.CP-1++2.N.-3.1-1.2-7W7	dici	NO MATCH	99301	Aspect#Imp|Tense#Pres|VerbForm#Inf|Voice#Pass
005.SCG*LB4.CP-1++4.N.11.15-5.17-8W1	dicitur	NO MATCH	99301	Aspect#Imp|Mood#Ind|Number#Sing|Person#3|Tense#Pres|VerbForm#Fin|Voice#Pass
005.SCG*LB3.CP-5++7.N.-1.1-1.6-5W17	dictis	NO MATCH	99301	Aspect#Perf|Case#Abl|Degree#Pos|Gender#Neut|Number#Plur|Tense#Past|VerbForm#Part|Voice#Pass
005.SCG*LB2.CP-3++0.N.14.1-1.3-4W15	consequentem	NO MATCH	96035	Case#Acc|Degree#Pos|Gender#Masc|Number#Sing|Tense#Pres|VerbForm#Part|Voice#Pass
005.SCG*LB2.CP-7++7.N.-2.13-6.17-5W12	dictis	NO MATCH	99301	Aspect#Perf|Case#Abl|Degree#Pos|Gender#Neut|Number#Plur|Tense#Past|VerbForm#Part|Voice#Pass
005.SCG*LB4.CP-5++4.N.-5.16-4.18-4W13	fieret	NO MATCH	102758	Aspect#Imp|Mood#Sub|Number#Sing|Person#3|Tense#Imp|VerbForm#Fin|Voice#Pass
005.SCG*LB1.CP-4++2.N.-9.47-1.49-4W6	essendi	NO MATCH	126689	Case#Gen|Degree#Pos|Number#Sing|VerbForm#Ger|Voice#Act
005.SCG*LB2.CP-4++4.N.-3.1-2.4-4W12	dicere	NO MATCH	99301	Tense#Pres|VerbForm#Inf|Voice#Act
005.SCG*LB3.CP-5++4.N.-1.1-1.2-1W5	praedicta	NO MATCH	118832	Aspect#Perf|Case#Acc|Degree#Pos|Gender#Neut|Number#Plur|Tense#Past|VerbForm#Part|Voice#Pass
005.SCG*LB4.CP-8++2.N.-5.3-6.9-2W16	dictum	NO MATCH	99301	Aspect#Perf|Case#Nom|Degree#Pos|Gender#Neut|Number#Sing|Tense#Past|VerbForm#Part|Voice#Pass
005.SCG*LB3.CP12++3.N.-6.8-1.10-3W17	dicitur	NO MATCH	99301	Mood#Ind|Number#Sing|Person#3|Tense#Pres|VerbForm#Fin|Voice#Pass
005.SCG*LB3.CP-3++9.N.-5.6-2.10-2W3	praedicta	NO MATCH	118832	Aspect#Perf|Case#Nom|Degree#Pos|Gender#Fem|Number#Sing|Tense#Past|VerbForm#Part|Voice#Pass
005.SCG*LB1.CP-2++0.N.25.1-1.3-3W4	dicendum	NO MATCH	99301	Case#Nom|Degree#Pos|Gender#Neut|Number#Sing|VerbForm#Gdv|Voice#Pass
005.SCG*LB4.CP-3++4.N.-2.10-7.15-3W2	dicitur	NO MATCH	99301	Aspect#Imp|Mood#Ind|Number#Sing|Person#3|Tense#Pres|VerbForm#Fin|Voice#Pass
005.SCG*LB4.CP-1++1.N.18.65-1.69-5W23	dicitur	NO MATCH	99301	Aspect#Imp|Mood#Ind|Number#Sing|Person#3|Tense#Pres|VerbForm#Fin|Voice#Pass
005.SCG*LB1.CP-7++4.N.-3.3-3.5-4W5	volitum	NO MATCH	130745	Aspect#Perf|Case#Nom|Degree#Pos|Gender#Neut|Number#Sing|Tense#Past|VerbForm#Part|VerbType#Mod|Voice#Pass
005.SCG*LB3.CP-4++3.N.-2.21-3.23-2W14	dicitur	NO MATCH	99301	Mood#Ind|Number#Sing|Person#3|Tense#Pres|VerbForm#Fin|Voice#Pass
005.SCG*LB4.CP-2++4.N.-8.14-7.16-2W8	fieri	NO MATCH	102758	Aspect#Imp|Tense#Pres|VerbForm#Inf|Voice#Pass
005.SCG*LB4.CP-2++4.N.15.7-3.9-6W20	dictum	NO MATCH	99301	Aspect#Perf|Case#Nom|Degree#Pos|Gender#Neut|Number#Sing|Tense#Past|VerbForm#Part|Voice#Pass
005.SCG*LB1.CP-3++4.N.-1.14-1.20-5W28	dicitur	NO MATCH	99301	Mood#Ind|Number#Sing|Person#3|Tense#Pres|VerbForm#Fin|Voice#Pass
005.SCG*LB4.CP-1++2.N.-2.15-2.16-1W8	dicitur	NO MATCH	99301	Aspect#Imp|Mood#Ind|Number#Sing|Person#3|Tense#Pres|VerbForm#Fin|Voice#Pass
005.SCG*LB4.CP-8++3.N.20.8-2.10-4W2	dicit	NO MATCH	99301	Aspect#Imp|Mood#Ind|Number#Sing|Person#3|Tense#Pres|VerbForm#Fin|Voice#Act
005.SCG*LB4.CP-3++6.N.10.25-1.30-4W30	dictum	NO MATCH	99301	Aspect#Perf|Case#Nom|Degree#Pos|Gender#Neut|Number#Sing|Tense#Past|VerbForm#Part|Voice#Pass
005.SCG*LB4.CP-3++5.N.12.7-3.9-4W5	dicentem	NO MATCH	99301	Aspect#Imp|Case#Acc|Degree#Pos|Gender#Masc|Number#Sing|Tense#Pres|VerbForm#Part|Voice#Act
005.SCG*LB4.CP--++8.N.-4.10-1.13-3W1	dicit	NO MATCH	99301	Aspect#Imp|Mood#Ind|Number#Sing|Person#3|Tense#Pres|VerbForm#Fin|Voice#Act
005.SCG*LB4.CP-3++4.N.14.1-2.3-2W3	dicitur	NO MATCH	99301	Aspect#Imp|Mood#Ind|Number#Sing|Person#3|Tense#Pres|VerbForm#Fin|Voice#Pass
005.SCG*LB3.CP-8++1.N.-5.9-7.10-3W4	dicitur	NO MATCH	99301	Mood#Ind|Number#Sing|Person#3|Tense#Pres|VerbForm#Fin|Voice#Pass
005.SCG*LB4.CP-8++1.N.10.1-1.7-6W32	fiat	NO MATCH	102758	Aspect#Imp|Mood#Sub|Number#Sing|Person#3|Tense#Pres|VerbForm#Fin|Voice#Pass
005.SCG*LB3.CP16++2.N.-6.2-2.2-6W2	dicas	NO MATCH	99301	Mood#Sub|Number#Sing|Person#2|Tense#Pres|VerbForm#Fin|Voice#Act
005.SCG*LB2.CP-8++5.N.-4.5-5.7-5W8	fiat	NO MATCH	102758	Mood#Sub|Number#Sing|Person#3|Tense#Pres|VerbForm#Fin|Voice#Pass
005.SCG*LB4.CP-1++3.N.10.23-4.25-2W3	dicitur	NO MATCH	99301	Aspect#Imp|Mood#Ind|Number#Sing|Person#3|Tense#Pres|VerbForm#Fin|Voice#Pass
005.SCG*LB4.CP-6++3.N.-7.12-5.22-2W63	consequens	NO MATCH	96035	Aspect#Imp|Case#Acc|Degree#Pos|Gender#Neut|Number#Sing|Tense#Pres|VerbForm#Part|Voice#Pass
005.SCG*LB3.CP15++4.N.-9.6-4.11-8W35	dicere	NO MATCH	99301	Tense#Pres|VerbForm#Inf|Voice#Act
005.SCG*LB2.CP-8++3.N.25.30-1.35-2W21	dicere	NO MATCH	99301	Tense#Pres|VerbForm#Inf|Voice#Act
005.SCG*LB4.CP-1++4.N.11.25-1.30-2W6	praedictis	NO MATCH	118832	Aspect#Perf|Case#Abl|Degree#Pos|Gender#Fem|Number#Plur|Tense#Past|VerbForm#Part|Voice#Pass
005.SCG*LB3.CP10++2.N.-9.1-1.2-2W6	dicitur	NO MATCH	99301	Mood#Ind|Number#Sing|Person#3|Tense#Pres|VerbForm#Fin|Voice#Pass
005.SCG*LB1.CP-9++1.N.-4.19-6.22-7W11	intensior	NO MATCH	108382	Aspect#Perf|Case#Nom|Degree#Cmp|Gender#Masc|Number#Sing|Tense#Past|VerbForm#Part|Voice#Pass
005.SCG*LB3.CP-5++5.N.-2.15-6.18-6W9	praedictum	NO MATCH	118832	Aspect#Perf|Case#Acc|Degree#Pos|Gender#Neut|Number#Sing|Tense#Past|VerbForm#Part|Voice#Pass
005.SCG*LB3.CP13++2.N.24.3-4.4-2W3	dicit	NO MATCH	99301	Mood#Ind|Number#Sing|Person#3|Tense#Pres|VerbForm#Fin|Voice#Act
005.SCG*LB4.CP-1++1.N.18.16-4.21-4W32	egrediens	NO MATCH	100715	Aspect#Imp|Case#Nom|Degree#Pos|Gender#Fem|Number#Sing|Tense#Pres|VerbForm#Part|Voice#Pass
005.SCG*LB2.CP-4++2.N.-6.17-3.23-1W40	praedictam	NO MATCH	118832	Aspect#Perf|Case#Acc|Degree#Pos|Gender#Fem|Number#Sing|Tense#Past|VerbForm#Part|Voice#Pass
005.SCG*LB3.CP-5++0.N.-9.8-6.11-2W3	praedictum	NO MATCH	118832	Aspect#Perf|Case#Nom|Degree#Pos|Gender#Neut|Number#Sing|Tense#Past|VerbForm#Part|Voice#Pass
005.SCG*LB2.CP-7++6.N.12.1-1.3-3W13	dicit	NO MATCH	99301	Mood#Ind|Number#Sing|Person#3|Tense#Pres|VerbForm#Fin|Voice#Act
005.SCG*LB2.CP-5++4.N.-5.3-1.8-2W14	essendi	NO MATCH	126689	Case#Gen|Degree#Pos|Number#Sing|VerbForm#Ger|Voice#Act
005.SCG*LB4.CP-7++1.N.-8.17-5.18-4W6	dicit	NO MATCH	99301	Aspect#Imp|Mood#Ind|Number#Sing|Person#3|Tense#Pres|VerbForm#Fin|Voice#Act
005.SCG*LB3.CP15++5.N.-7.1-1.2-1W4	dicitur	NO MATCH	99301	Mood#Ind|Number#Sing|Person#3|Tense#Pres|VerbForm#Fin|Voice#Pass
005.SCG*LB4.CP-2++0.N.-6.4-4.7-1W12	convenienter	NO MATCH	96424	Degree#Pos
005.SCG*LB4.CP--++8.N.-7.48-1.52-7W10	dicitur	NO MATCH	99301	Aspect#Imp|Mood#Ind|Number#Sing|Person#3|Tense#Pres|VerbForm#Fin|Voice#Pass
005.SCG*LB2.CP-8++5.N.14.13-1.16-5W8	dicitur	NO MATCH	99301	Mood#Ind|Number#Sing|Person#3|Tense#Pres|VerbForm#Fin|Voice#Pass
005.SCG*LB4.CP-1++3.N.-7.11-4.12-2W4	dicitur	NO MATCH	99301	Aspect#Imp|Mood#Ind|Number#Sing|Person#3|Tense#Pres|VerbForm#Fin|Voice#Pass
005.SCG*LB4.CP-8++3.N.-8.1-1.10-3W54	dici	NO MATCH	99301	Aspect#Imp|Tense#Pres|VerbForm#Inf|Voice#Pass
005.SCG*LB2.CP-2++8.N.-6.1-1.1-6W6	dicitur	NO MATCH	99301	Mood#Ind|Number#Sing|Person#3|Tense#Pres|VerbForm#Fin|Voice#Pass
005.SCG*LB2.CP-8++9.N.-2.1-1.7-4W9	dicentium	NO MATCH	99301	Case#Gen|Degree#Pos|Gender#Masc|Number#Plur|Tense#Pres|VerbForm#Part|Voice#Act
005.SCG*LB1.CP-2++0.N.27.10-7.13-5W27	essendi	NO MATCH	126689	Case#Gen|Degree#Pos|Number#Sing|VerbForm#Ger|Voice#Act
005.SCG*LB3.CP11++6.N.-6.6-1.8-5W11	dicitur	NO MATCH	99301	Mood#Ind|Number#Sing|Person#3|Tense#Pres|VerbForm#Fin|Voice#Pass
005.SCG*LB4.CP-5++0.N.10.1-1.8-3W3	dicatur	NO MATCH	99301	Aspect#Imp|Mood#Sub|Number#Sing|Person#3|Tense#Pres|VerbForm#Fin|Voice#Pass
005.SCG*LB2.CP-3++0.N.17.22-7.25-7W14	fore	NO MATCH	126689	Tense#Fut|VerbForm#Inf|Voice#Act
005.SCG*LB4.CP-3++0.N.-3.15-4.17-6W20	dicat	NO MATCH	99301	Aspect#Imp|Mood#Sub|Number#Sing|Person#3|Tense#Pres|VerbForm#Fin|Voice#Act
005.SCG*LB1.CP--++2.N.-3.2-6.6-1W17	dicunt	NO MATCH	99301	Mood#Ind|Number#Plur|Person#3|Tense#Pres|VerbForm#Fin|Voice#Act
005.SCG*LB1.CP-2++8.N.-7.3-5.5-7W8	educitur	NO MATCH	100588	Mood#Ind|Number#Sing|Person#3|Tense#Pres|VerbForm#Fin|Voice#Pass
005.SCG*LB4.CP-7++7.N.-6.10-1.10-4W1	dicitur	NO MATCH	99301	Aspect#Imp|Mood#Ind|Number#Sing|Person#3|Tense#Pres|VerbForm#Fin|Voice#Pass
005.SCG*LB4.CP-4++1.N.10.12-1.16-1W10	dicit	NO MATCH	99301	Aspect#Imp|Mood#Ind|Number#Sing|Person#3|Tense#Pres|VerbForm#Fin|Voice#Act
005.SCG*LB3.CP-7++2.N.-5.3-3.6-3W22	consequens	NO MATCH	96035	Case#Acc|Degree#Pos|Gender#Neut|Number#Sing|Tense#Pres|VerbForm#Part|Voice#Pass
005.SCG*LB2.CP-5++8.N.-8.1-2.4-4W7	fieri	NO MATCH	102758	Tense#Pres|VerbForm#Inf|Voice#Pass
005.SCG*LB3.CP-9++9.N.10.19-1.21-5W15	fit	NO MATCH	102758	Mood#Ind|Number#Sing|Person#3|Tense#Pres|VerbForm#Fin|Voice#Pass
005.SCG*LB2.CP-7++9.N.13.8-4.10-4W3	dictis	NO MATCH	99301	Aspect#Perf|Case#Abl|Degree#Pos|Gender#Neut|Number#Plur|Tense#Past|VerbForm#Part|Voice#Pass
005.SCG*LB4.CP--++5.N.-4.1-1.4-5W11	dicti	NO MATCH	99301	Aspect#Perf|Case#Nom|Degree#Pos|Gender#Masc|Number#Plur|Tense#Past|VerbForm#Part|Voice#Pass
005.SCG*LB3.CP10++4.N.-6.6-5.11-1W8	praedictas	NO MATCH	118832	Aspect#Perf|Case#Acc|Degree#Pos|Gender#Fem|Number#Plur|Tense#Past|VerbForm#Part|Voice#Pass
005.SCG*LB3.CP-6++5.N.-3.4-2.7-2W14	essendi	NO MATCH	126689	Case#Gen|Degree#Pos|Number#Sing|VerbForm#Ger|Voice#Act
005.SCG*LB3.CP-9++4.N.14.7-7.9-1W11	fiant	NO MATCH	102758	Mood#Sub|Number#Plur|Person#3|Tense#Pres|VerbForm#Fin|Voice#Pass
005.SCG*LB4.CP-7++4.N.-7.32-1.33-6W6	dicitur	NO MATCH	99301	Aspect#Imp|Mood#Ind|Number#Sing|Person#3|Tense#Pres|VerbForm#Fin|Voice#Pass
005.SCG*LB2.CP-7++3.N.22.1-1.4-3W4	dicunt	NO MATCH	99301	Mood#Ind|Number#Plur|Person#3|Tense#Pres|VerbForm#Fin|Voice#Act
005.SCG*LB3.CP--++5.N.13.16-2.18-3W8	dicuntur	NO MATCH	99301	Mood#Ind|Number#Plur|Person#3|Tense#Pres|VerbForm#Fin|Voice#Pass
005.SCG*LB4.CP-6++3.N.12.14-2.16-1W3	consequens	NO MATCH	96035	Aspect#Imp|Case#Acc|Degree#Pos|Gender#Neut|Number#Sing|Tense#Pres|VerbForm#Part|Voice#Pass
005.SCG*LB4.CP--++7.N.16.9-1.9-4W1	dicitur	NO MATCH	99301	Aspect#Imp|Mood#Ind|Number#Sing|Person#3|Tense#Pres|VerbForm#Fin|Voice#Pass
005.SCG*LB4.CP-3++3.N.-6.12-3.18-5W35	dicitur	NO MATCH	99301	Aspect#Imp|Mood#Ind|Number#Sing|Person#3|Tense#Pres|VerbForm#Fin|Voice#Pass
005.SCG*LB4.CP--++2.N.-5.11-5.12-8W6	parere	NO MATCH	116051	Aspect#Imp|Tense#Pres|VerbForm#Inf|Voice#Act
005.SCG*LB4.CP-2++1.N.-4.27-1.28-3W6	dicitur	NO MATCH	99301	Aspect#Imp|Mood#Ind|Number#Sing|Person#3|Tense#Pres|VerbForm#Fin|Voice#Pass
005.SCG*LB3.CP-8++8.N.-7.1-1.2-1W4	dicitur	NO MATCH	99301	Mood#Ind|Number#Sing|Person#3|Tense#Pres|VerbForm#Fin|Voice#Pass
005.SCG*LB4.CP-6++0.N.-2.1-1.3-3W4	fit	NO MATCH	102758	Aspect#Imp|Mood#Ind|Number#Sing|Person#3|Tense#Pres|VerbForm#Fin|Voice#Pass
005.SCG*LB2.CP-7++6.N.-6.1-2.5-5W22	dicere	NO MATCH	99301	Tense#Pres|VerbForm#Inf|Voice#Act
005.SCG*LB3.CP--++1.N.-4.7-7.9-5W7	essendo	NO MATCH	126689	Case#Abl|Degree#Pos|Number#Sing|VerbForm#Ger|Voice#Act
005.SCG*LB3.CP16++1.N.-2.7-4.13-3W11	fierent	NO MATCH	102758	Aspect#Imp|Mood#Sub|Number#Plur|Person#3|Tense#Imp|VerbForm#Fin|Voice#Pass
005.SCG*LB4.CP--++4.N.-8.1-1.1-5W3	dicit	NO MATCH	99301	Aspect#Imp|Mood#Ind|Number#Sing|Person#3|Tense#Pres|VerbForm#Fin|Voice#Act
005.SCG*LB4.CP-4++9.N.11.13-1.17-2W11	dicens	NO MATCH	99301	Aspect#Imp|Case#Nom|Degree#Pos|Gender#Masc|Number#Sing|Tense#Pres|VerbForm#Part|Voice#Act
005.SCG*LB1.CP-8++3.N.-5.7-1.7-6W4	dici	NO MATCH	99301	Tense#Pres|VerbForm#Inf|Voice#Pass
005.SCG*LB4.CP-9++1.N.-8.9-7.11-3W12	dixit	NO MATCH	99301	Aspect#Perf|Mood#Ind|Number#Sing|Person#3|Tense#Past|VerbForm#Fin|Voice#Act
005.SCG*LB4.CP-1++3.N.-5.30-5.34-3W8	dicitur	NO MATCH	99301	Aspect#Imp|Mood#Ind|Number#Sing|Person#3|Tense#Pres|VerbForm#Fin|Voice#Pass
005.SCG*LB4.CP-4++1.N.-8.1-1.9-2W6	dicta	NO MATCH	99301	Aspect#Perf|Case#Acc|Degree#Pos|Gender#Neut|Number#Plur|Tense#Past|VerbForm#Part|Voice#Pass
005.SCG*LB2.CP-3++4.N.-5.6-3.7-3W4	fit	NO MATCH	102758	Mood#Ind|Number#Sing|Person#3|Tense#Pres|VerbForm#Fin|Voice#Pass
005.SCG*LB3.CP13++2.N.-8.6-3.8-3W12	dictum	NO MATCH	99301	Aspect#Perf|Case#Nom|Degree#Pos|Gender#Neut|Number#Sing|Tense#Past|VerbForm#Part|Voice#Pass
005.SCG*LB4.CP-7++9.N.-6.2-2.5-4W1	dicit	NO MATCH	99301	Aspect#Imp|Mood#Ind|Number#Sing|Person#3|Tense#Pres|VerbForm#Fin|Voice#Act
005.SCG*LB2.CP-6++0.N.-1.14-2.22-5W48	dicunt	NO MATCH	99301	Mood#Ind|Number#Plur|Person#3|Tense#Pres|VerbForm#Fin|Voice#Act
005.SCG*LB3.CP-5++5.N.-2.6-5.8-4W3	praedictum	NO MATCH	118832	Aspect#Perf|Case#Nom|Degree#Pos|Gender#Neut|Number#Sing|Tense#Past|VerbForm#Part|Voice#Pass
005.SCG*LB4.CP--++6.N.12.2-1.3-2W1	dicitur	NO MATCH	99301	Aspect#Imp|Mood#Ind|Number#Sing|Person#3|Tense#Pres|VerbForm#Fin|Voice#Pass
005.SCG*LB2.CP-2++1.N.10.9-2.14-2W5	fit	NO MATCH	102758	Mood#Ind|Number#Sing|Person#3|Tense#Pres|VerbForm#Fin|Voice#Pass
005.SCG*LB4.CP-5++2.N.10.6-2.8-3W11	consequens	NO MATCH	96035	Aspect#Imp|Case#Nom|Degree#Pos|Gender#Masc|Number#Sing|Tense#Pres|VerbForm#Part|Voice#Pass
005.SCG*LB2.CP-3++3.N.-3.4-2.8-1W18	essendum	NO MATCH	126689	Case#Acc|Degree#Pos|Number#Sing|VerbForm#Ger|Voice#Act
005.SCG*LB3.CP-5++3.N.-7.11-1.13-6W20	dicitur	NO MATCH	99301	Mood#Ind|Number#Sing|Person#3|Tense#Pres|VerbForm#Fin|Voice#Pass
005.SCG*LB2.CP-8++0.N.-6.10-3.16-1W27	dicuntur	NO MATCH	99301	Mood#Ind|Number#Plur|Person#3|Tense#Pres|VerbForm#Fin|Voice#Pass
005.SCG*LB3.CP-1++3.N.-3.6-7.7-4W5	dicitur	NO MATCH	99301	Mood#Ind|Number#Sing|Person#3|Tense#Pres|VerbForm#Fin|Voice#Pass
005.SCG*LB1.CP10++2.N.-2.3-2.6-6W10	dicatur	NO MATCH	99301	Mood#Sub|Number#Sing|Person#3|Tense#Pres|VerbForm#Fin|Voice#Pass
005.SCG*LB1.CP-4++3.N.10.9-5.10-1W3	dicimus	NO MATCH	99301	Mood#Ind|Number#Plur|Person#1|Tense#Pres|VerbForm#Fin|Voice#Act
005.SCG*LB3.CP13++5.N.20.18-1.22-7W10	fiat	NO MATCH	102758	Mood#Sub|Number#Sing|Person#3|Tense#Pres|VerbForm#Fin|Voice#Pass
005.SCG*LB4.CP-8++1.N.-1.1-1.9-6W13	dictum	NO MATCH	99301	Aspect#Perf|Case#Nom|Degree#Pos|Gender#Neut|Number#Sing|Tense#Past|VerbForm#Part|Voice#Pass
005.SCG*LB2.CP-9++8.N.-2.4-6.7-1W1	fit	NO MATCH	102758	Mood#Ind|Number#Sing|Person#3|Tense#Pres|VerbForm#Fin|Voice#Pass
005.SCG*LB3.CP12++2.N.-2.8-4.9-5W9	fieri	NO MATCH	102758	Tense#Pres|VerbForm#Inf|Voice#Pass
005.SCG*LB3.CP-9++2.N.-9.4-1.6-3W12	dicitur	NO MATCH	99301	Mood#Ind|Number#Sing|Person#3|Tense#Pres|VerbForm#Fin|Voice#Pass
005.SCG*LB2.CP-1++3.N.-4.1-1.3-6W8	dicuntur	NO MATCH	99301	Mood#Ind|Number#Plur|Person#3|Tense#Pres|VerbForm#Fin|Voice#Pass
005.SCG*LB3.CP-5++3.N.-2.1-1.6-5W13	fiat	NO MATCH	102758	Mood#Sub|Number#Sing|Person#3|Tense#Pres|VerbForm#Fin|Voice#Pass
005.SCG*LB3.CP12++6.N.-6.4-5.7-1W5	dicunt	NO MATCH	99301	Mood#Ind|Number#Plur|Person#3|Tense#Pres|VerbForm#Fin|Voice#Act
005.SCG*LB3.CP13++2.N.24.5-1.7-2W3	dicit	NO MATCH	99301	Mood#Ind|Number#Sing|Person#3|Tense#Pres|VerbForm#Fin|Voice#Act
005.SCG*LB3.CP-5++0.N.-9.12-1.13-2W5	dicit	NO MATCH	99301	Mood#Ind|Number#Sing|Person#3|Tense#Pres|VerbForm#Fin|Voice#Act
005.SCG*LB2.CP-3++7.N.-2.13-1.19-6W47	fieri	NO MATCH	102758	Tense#Pres|VerbForm#Inf|Voice#Pass
005.SCG*LB2.CP-6++5.N.-8.1-1.4-3W5	dictum	NO MATCH	99301	Aspect#Perf|Case#Nom|Degree#Pos|Gender#Neut|Number#Sing|Tense#Past|VerbForm#Part|Voice#Pass
005.SCG*LB4.CP-7++0.N.-8.4-1.4-5W5	dicitur	NO MATCH	99301	Aspect#Imp|Mood#Ind|Number#Sing|Person#3|Tense#Pres|VerbForm#Fin|Voice#Pass
005.SCG*LB4.CP-2++3.N.-4.22-4.23-2W8	dicitur	NO MATCH	99301	Aspect#Imp|Mood#Ind|Number#Sing|Person#3|Tense#Pres|VerbForm#Fin|Voice#Pass
005.SCG*LB1.CP-4++2.N.-8.7-2.9-2W5	necesse-esse	NO MATCH	126689	Tense#Pres|VerbForm#Inf|Voice#Act
005.SCG*LB4.CP-3++4.N.-2.48-1.50-6W5	praedicta	NO MATCH	118832	Aspect#Perf|Case#Acc|Degree#Pos|Gender#Neut|Number#Plur|Tense#Past|VerbForm#Part|Voice#Pass
005.SCG*LB2.CP-8++4.N.-4.36-1.39-3W16	dicta	NO MATCH	99301	Aspect#Perf|Case#Nom|Degree#Pos|Gender#Fem|Number#Sing|Tense#Past|VerbForm#Part|Voice#Pass
005.SCG*LB4.CP-3++4.N.17.7-2.10-1W6	dicit	NO MATCH	99301	Aspect#Imp|Mood#Ind|Number#Sing|Person#3|Tense#Pres|VerbForm#Fin|Voice#Act
005.SCG*LB2.CP-3++7.N.-2.33-1.38-2W6	ingredientes	NO MATCH	107822	Case#Nom|Degree#Pos|Gender#Masc|Number#Plur|Tense#Pres|VerbForm#Part|Voice#Pass
005.SCG*LB4.CP--++7.N.-5.4-2.8-1W17	dicimus	NO MATCH	99301	Aspect#Imp|Mood#Ind|Number#Plur|Person#1|Tense#Pres|VerbForm#Fin|Voice#Act
005.SCG*LB1.CP-1++6.N.-7.5-3.6-7W9	educatur	NO MATCH	100588	Mood#Sub|Number#Sing|Person#3|Tense#Pres|VerbForm#Fin|Voice#Pass
005.SCG*LB3.CP-9++8.N.-4.1-1.4-5W4	praedictum	NO MATCH	118832	Aspect#Perf|Case#Acc|Degree#Pos|Gender#Masc|Number#Sing|Tense#Past|VerbForm#Part|Voice#Pass
005.SCG*LB3.CP12++5.N.--.1-1.2-4W5	fieri	NO MATCH	102758	Tense#Pres|VerbForm#Inf|Voice#Pass
005.SCG*LB1.CP-3++8.N.-4.1-2.3-1W10	dicitur	NO MATCH	99301	Mood#Ind|Number#Sing|Person#3|Tense#Pres|VerbForm#Fin|Voice#Pass
005.SCG*LB4.CP--++4.N.14.13-1.15-1W14	dici	NO MATCH	99301	Aspect#Imp|Tense#Pres|VerbForm#Inf|Voice#Pass
005.SCG*LB3.CP13++9.N.-6.3-7.6-3W9	puta	NO MATCH	120610	
005.SCG*LB4.CP-4++8.N.-3.8-4.11-4W1	dicitur	NO MATCH	99301	Aspect#Imp|Mood#Ind|Number#Sing|Person#3|Tense#Pres|VerbForm#Fin|Voice#Pass
005.SCG*LB1.CP-3++2.N.-3.1-2.5-3W17	essendi	NO MATCH	126689	Case#Gen|Degree#Pos|Number#Sing|VerbForm#Ger|Voice#Act
005.SCG*LB4.CP-7++0.N.-6.12-5.13-3W6	dicit	NO MATCH	99301	Aspect#Imp|Mood#Ind|Number#Sing|Person#3|Tense#Pres|VerbForm#Fin|Voice#Act
005.SCG*LB4.CP-6++4.N.-1.3-5.8-2W1	dictum	NO MATCH	99301	Aspect#Perf|Case#Nom|Degree#Pos|Gender#Neut|Number#Sing|Tense#Past|VerbForm#Part|Voice#Pass
005.SCG*LB3.CP-6++2.N.10.7-5.9-5W15	dictis	NO MATCH	99301	Aspect#Perf|Case#Abl|Degree#Pos|Gender#Neut|Number#Plur|Tense#Past|VerbForm#Part|Voice#Pass
005.SCG*LB2.CP-7++3.N.26.12-3.15-5W16	dicit	NO MATCH	99301	Mood#Ind|Number#Sing|Person#3|Tense#Pres|VerbForm#Fin|Voice#Act
005.SCG*LB4.CP-1++7.N.-3.2-4.2-7W1	dicitur	NO MATCH	99301	Aspect#Imp|Mood#Ind|Number#Sing|Person#3|Tense#Pres|VerbForm#Fin|Voice#Pass
005.SCG*LB1.CP-7++1.N.13.1-1.3-6W14	dicens	NO MATCH	99301	Case#Nom|Degree#Pos|Gender#Masc|Number#Sing|Tense#Pres|VerbForm#Part|Voice#Act
005.SCG*LB1.CP-7++7.N.-5.15-1.16-2W3	volitorum	NO MATCH	130745	Aspect#Perf|Case#Gen|Degree#Pos|Gender#Neut|Number#Plur|Tense#Past|VerbForm#Part|VerbType#Mod|Voice#Pass
005.SCG*LB3.CP-4++1.N.-1.21-5.25-1W19	praedictarum	NO MATCH	118832	Aspect#Perf|Case#Gen|Degree#Pos|Gender#Fem|Number#Plur|Tense#Past|VerbForm#Part|Voice#Pass
005.SCG*LB3.CP-1++8.N.-2.1-1.3-2W14	essendo	NO MATCH	126689	Case#Abl|Degree#Pos|Number#Sing|VerbForm#Ger|Voice#Act
005.SCG*LB2.CP-1++7.N.-5.7-2.9-4W6	fit	NO MATCH	102758	Mood#Ind|Number#Sing|Person#3|Tense#Pres|VerbForm#Fin|Voice#Pass
005.SCG*LB1.CP-2++7.N.-8.4-5.5-2W1	excelsior	NO MATCH	101840	Aspect#Perf|Case#Nom|Degree#Cmp|Gender#Masc|Number#Sing|Tense#Past|VerbForm#Part|Voice#Pass
005.SCG*LB1.CP-2++0.N.41.1-1.6-1W32	praedictis	NO MATCH	118832	Aspect#Perf|Case#Abl|Degree#Pos|Gender#Masc|Number#Plur|Tense#Past|VerbForm#Part|Voice#Pass
005.SCG*LB2.CP-9++2.N.11.5-1.7-4W9	dicit	NO MATCH	99301	Mood#Ind|Number#Sing|Person#3|Tense#Pres|VerbForm#Fin|Voice#Act
005.SCG*LB4.CP-1++1.N.10.13-1.13-6W6	dicitur	NO MATCH	99301	Aspect#Imp|Mood#Ind|Number#Sing|Person#3|Tense#Pres|VerbForm#Fin|Voice#Pass
005.SCG*LB3.CP-8++6.N.-4.5-1.7-3W9	fiunt	NO MATCH	102758	Mood#Ind|Number#Plur|Person#3|Tense#Pres|VerbForm#Fin|Voice#Pass
005.SCG*LB3.CP-9++7.N.10.18-1.20-2W9	consequentem	NO MATCH	96035	Case#Acc|Degree#Pos|Gender#Fem|Number#Sing|Tense#Pres|VerbForm#Part|Voice#Pass
005.SCG*LB4.CP-7++0.N.-4.3-6.4-3W4	dicitur	NO MATCH	99301	Aspect#Imp|Mood#Ind|Number#Sing|Person#3|Tense#Pres|VerbForm#Fin|Voice#Pass
005.SCG*LB4.CP-5++3.N.18.8-1.10-3W15	subiici	NO MATCH	126114	Aspect#Imp|Tense#Pres|VerbForm#Inf|Voice#Pass
005.SCG*LB3.CP-5++6.N.-5.5-1.7-5W15	dicitur	NO MATCH	99301	Mood#Ind|Number#Sing|Person#3|Tense#Pres|VerbForm#Fin|Voice#Pass
005.SCG*LB2.CP-5++1.N.-5.6-2.8-6W15	dicetur	NO MATCH	99301	Mood#Ind|Number#Sing|Person#3|Tense#Fut|VerbForm#Fin|Voice#Pass
005.SCG*LB4.CP-5++2.N.12.6-2.8-5W14	dictum	NO MATCH	99301	Aspect#Perf|Case#Nom|Degree#Pos|Gender#Neut|Number#Sing|Tense#Past|VerbForm#Part|Voice#Pass
005.SCG*LB1.CP-8++9.N.-3.1-2.5-1W8	fit	NO MATCH	102758	Mood#Ind|Number#Sing|Person#3|Tense#Pres|VerbForm#Fin|Voice#Pass
005.SCG*LB4.CP-7++8.N.-2.5-2.9-1W20	puta	NO MATCH	120610	VerbForm#Fin
005.SCG*LB4.CP-3++6.N.-6.9-7.10-4W3	dicit	NO MATCH	99301	Aspect#Imp|Mood#Ind|Number#Sing|Person#3|Tense#Pres|VerbForm#Fin|Voice#Act
005.SCG*LB3.CP-9++7.N.16.4-1.7-6W25	dictum	NO MATCH	99301	Aspect#Perf|Case#Nom|Degree#Pos|Gender#Neut|Number#Sing|Tense#Past|VerbForm#Part|Voice#Pass
005.SCG*LB1.CP-8++2.N.-8.1-1.7-1W7	dicitur	NO MATCH	99301	Mood#Ind|Number#Sing|Person#3|Tense#Pres|VerbForm#Fin|Voice#Pass
005.SCG*LB4.CP--++3.N.-2.3-1.3-4W1	dicitur	NO MATCH	99301	Aspect#Imp|Mood#Ind|Number#Sing|Person#3|Tense#Pres|VerbForm#Fin|Voice#Pass
005.SCG*LB3.CP-3++8.N.-1.5-5.9-2W27	dictum	NO MATCH	99301	Aspect#Perf|Case#Nom|Degree#Pos|Gender#Neut|Number#Sing|Tense#Past|VerbForm#Part|Voice#Pass
005.SCG*LB4.CP-1++7.N.-2.5-3.6-1W1	dicit	NO MATCH	99301	Aspect#Imp|Mood#Ind|Number#Sing|Person#3|Tense#Pres|VerbForm#Fin|Voice#Act
005.SCG*LB3.CP-5++3.N.-4.1-2.4-3W15	fiat	NO MATCH	102758	Mood#Sub|Number#Sing|Person#3|Tense#Pres|VerbForm#Fin|Voice#Pass
005.SCG*LB3.CP10++4.N.-9.7-5.9-7W15	fit	NO MATCH	102758	Mood#Ind|Number#Sing|Person#3|Tense#Pres|VerbForm#Fin|Voice#Pass
005.SCG*LB3.CP13++2.N.26.13-2.15-7W21	dictum	NO MATCH	99301	Aspect#Perf|Case#Nom|Degree#Pos|Gender#Neut|Number#Sing|Tense#Past|VerbForm#Part|Voice#Pass
005.SCG*LB2.CP-3++0.N.14.11-1.14-2W1	differenter	NO MATCH	99342	Degree#Pos
005.SCG*LB4.CP-5++1.N.-3.1-1.6-3W4	dicat	NO MATCH	99301	Aspect#Imp|Mood#Sub|Number#Sing|Person#3|Tense#Pres|VerbForm#Fin|Voice#Act
005.SCG*LB2.CP-8++3.N.-6.22-2.24-2W7	dicit	NO MATCH	99301	Mood#Ind|Number#Sing|Person#3|Tense#Pres|VerbForm#Fin|Voice#Act
005.SCG*LB1.CP-5++7.N.12.3-2.3-5W1	dicitur	NO MATCH	99301	Mood#Ind|Number#Sing|Person#3|Tense#Pres|VerbForm#Fin|Voice#Pass
005.SCG*LB4.CP-1++9.N.-5.11-8.14-5W22	dicta	NO MATCH	99301	Aspect#Perf|Case#Nom|Degree#Pos|Gender#Neut|Number#Plur|Tense#Past|VerbForm#Part|Voice#Pass
005.SCG*LB4.CP-1++7.N.20.1-2.1-4W3	dicit	NO MATCH	99301	Aspect#Imp|Mood#Ind|Number#Sing|Person#3|Tense#Pres|VerbForm#Fin|Voice#Act
005.SCG*LB4.CP-8++1.N.-8.4-5.9-6W22	dici	NO MATCH	99301	Aspect#Imp|Tense#Pres|VerbForm#Inf|Voice#Pass
005.SCG*LB3.CP10++0.N.-4.8-2.12-3W3	dicimus	NO MATCH	99301	Mood#Ind|Number#Plur|Person#1|Tense#Pres|VerbForm#Fin|Voice#Act
005.SCG*LB1.CP-1++7.N.-5.1-2.3-2W3	fit	NO MATCH	102758	Mood#Ind|Number#Sing|Person#3|Tense#Pres|VerbForm#Fin|Voice#Pass
005.SCG*LB1.CP-7++4.N.-5.2-6.4-2W13	volita	NO MATCH	130745	Aspect#Perf|Case#Nom|Degree#Pos|Gender#Neut|Number#Plur|Tense#Past|VerbForm#Part|VerbType#Mod|Voice#Pass
005.SCG*LB3.CP-9++5.N.-5.1-2.5-2W21	dicitur	NO MATCH	99301	Mood#Ind|Number#Sing|Person#3|Tense#Pres|VerbForm#Fin|Voice#Pass
005.SCG*LB4.CP-8++9.N.-4.1-1.4-7W23	abiiciat	NO MATCH	86884	Aspect#Imp|Mood#Sub|Number#Sing|Person#3|Tense#Pres|VerbForm#Fin|Voice#Act
005.SCG*LB3.CP-2++5.N.-9.15-1.19-4W11	fieri	NO MATCH	102758	Tense#Pres|VerbForm#Inf|Voice#Pass
005.SCG*LB3.CP-8++3.N.-1.7-3.7-4W1	dicit	NO MATCH	99301	Mood#Ind|Number#Sing|Person#3|Tense#Pres|VerbForm#Fin|Voice#Act
005.SCG*LB2.CP-6++8.N.-2.12-4.13-4W5	fieri	NO MATCH	102758	Tense#Pres|VerbForm#Inf|Voice#Pass
005.SCG*LB2.CP--++8.N.-6.4-7.5-3W3	agens	NO MATCH	88140	Case#Nom|Degree#Pos|Gender#Neut|Number#Sing
005.SCG*LB1.CP-3++3.N.-6.8-5.11-1W3	diceretur	NO MATCH	99301	Aspect#Imp|Mood#Sub|Number#Sing|Person#3|Tense#Imp|VerbForm#Fin|Voice#Pass
005.SCG*LB4.CP-6++4.N.-2.4-1.6-1W12	directe	NO MATCH	99575	Degree#Pos
005.SCG*LB1.CP-7++9.N.-6.1-1.8-4W8	volitam	NO MATCH	130745	Aspect#Perf|Case#Acc|Degree#Pos|Gender#Fem|Number#Sing|Tense#Past|VerbForm#Part|VerbType#Mod|Voice#Pass
005.SCG*LB2.CP-9++6.N.-2.3-5.8-7W16	consequens	NO MATCH	96035	Case#Acc|Degree#Pos|Gender#Neut|Number#Sing|Tense#Pres|VerbForm#Part|Voice#Pass
005.SCG*LB4.CP-1++9.N.-8.1-1.5-4W29	dicitur	NO MATCH	99301	Aspect#Imp|Mood#Ind|Number#Sing|Person#3|Tense#Pres|VerbForm#Fin|Voice#Pass
005.SCG*LB3.CP-3++9.N.-5.3-3.6-1W5	dicimur	NO MATCH	99301	Mood#Ind|Number#Plur|Person#1|Tense#Pres|VerbForm#Fin|Voice#Pass
005.SCG*LB2.CP-5++6.N.-7.11-1.13-6W5	dicitur	NO MATCH	99301	Mood#Ind|Number#Sing|Person#3|Tense#Pres|VerbForm#Fin|Voice#Pass
005.SCG*LB3.CP-5++7.N.-2.9-4.12-3W18	praedicto	NO MATCH	118832	Aspect#Perf|Case#Abl|Degree#Pos|Gender#Neut|Number#Sing|Tense#Past|VerbForm#Part|Voice#Pass
005.SCG*LB2.CP-8++3.N.-1.1-1.5-6W11	essendi	NO MATCH	126689	Case#Gen|Degree#Pos|Number#Sing|VerbForm#Ger|Voice#Act
005.SCG*LB3.CP15++3.N.-2.15-3.19-3W16	consequens	NO MATCH	96035	Case#Nom|Degree#Pos|Gender#Neut|Number#Sing|Tense#Pres|VerbForm#Part|Voice#Pass
005.SCG*LB1.CP-4++2.N.-9.26-1.32-6W37	essendi	NO MATCH	126689	Case#Gen|Degree#Pos|Number#Sing|VerbForm#Ger|Voice#Act
005.SCG*LB3.CP13++9.N.-5.1-2.5-3W11	intensiorem	NO MATCH	108382	Aspect#Perf|Case#Acc|Degree#Cmp|Gender#Fem|Number#Sing|Tense#Past|VerbForm#Part|Voice#Pass
005.SCG*LB4.CP-2++0.N.-3.11-3.15-1W14	dicitur	NO MATCH	99301	Aspect#Imp|Mood#Ind|Number#Sing|Person#3|Tense#Pres|VerbForm#Fin|Voice#Pass
005.SCG*LB4.CP--++4.N.-2.22-3.23-3W2	dixit	NO MATCH	99301	Aspect#Perf|Mood#Ind|Number#Sing|Person#3|Tense#Past|VerbForm#Fin|Voice#Act
005.SCG*LB3.CP-4++2.N.-4.14-1.18-2W28	dictum	NO MATCH	99301	Aspect#Perf|Case#Nom|Degree#Pos|Gender#Neut|Number#Sing|Tense#Past|VerbForm#Part|Voice#Pass
005.SCG*LB3.CP13++5.N.-5.3-4.9-1W3	fieri	NO MATCH	102758	Tense#Pres|VerbForm#Inf|Voice#Pass
005.SCG*LB2.CP-3++2.N.-6.1-2.4-4W11	faciendo	NO MATCH	102758	Case#Abl|Degree#Pos|Gender#Neut|Number#Sing|VerbForm#Part|Voice#Pass
005.SCG*LB4.CP-2++5.N.-4.11-1.15-3W11	implicite	NO MATCH	106616	Degree#Pos
005.SCG*LB3.CP-3++9.N.-7.26-2.29-1W5	praedicta	NO MATCH	118832	Aspect#Perf|Case#Nom|Degree#Pos|Gender#Fem|Number#Sing|Tense#Past|VerbForm#Part|Voice#Pass
005.SCG*LB3.CP15++3.N.-6.1-1.4-1W4	dicitur	NO MATCH	99301	Mood#Ind|Number#Sing|Person#3|Tense#Pres|VerbForm#Fin|Voice#Pass
005.SCG*LB3.CP14++5.N.-5.4-3.4-6W1	dicitur	NO MATCH	99301	Mood#Ind|Number#Sing|Person#3|Tense#Pres|VerbForm#Fin|Voice#Pass
005.SCG*LB3.CP-8++6.N.-6.1-1.8-2W32	fiat	NO MATCH	102758	Mood#Sub|Number#Sing|Person#3|Tense#Pres|VerbForm#Fin|Voice#Pass
005.SCG*LB4.CP-5++0.N.-4.1-1.2-4W3	expresse	NO MATCH	102229	Degree#Pos
005.SCG*LB2.CP-7++7.N.-2.18-1.21-5W25	determinate	NO MATCH	99024	Degree#Pos
005.SCG*LB2.CP-1++8.N.-4.9-1.11-2W15	dicitur	NO MATCH	99301	Mood#Ind|Number#Sing|Person#3|Tense#Pres|VerbForm#Fin|Voice#Pass
005.SCG*LB3.CP14++4.N.11.13-6.15-3W1	eiice	NO MATCH	100727	Mood#Imp|Number#Sing|Person#2|Tense#Pres|VerbForm#Fin|Voice#Act
005.SCG*LB4.CP-1++7.N.11.13-5.14-3W3	dicebat	NO MATCH	99301	Aspect#Imp|Mood#Ind|Number#Sing|Person#3|Tense#Imp|VerbForm#Fin|Voice#Act
005.SCG*LB3.CP-2++2.N.-7.1-1.7-6W30	fit	NO MATCH	102758	Mood#Ind|Number#Sing|Person#3|Tense#Pres|VerbForm#Fin|Voice#Pass
005.SCG*LB4.CP-2++9.N.-9.7-1.7-3W2	dixit	NO MATCH	99301	Aspect#Perf|Mood#Ind|Number#Sing|Person#3|Tense#Past|VerbForm#Fin|Voice#Act
005.SCG*LB1.CP-3++8.N.-7.2-7.3-4W3	dicitur	NO MATCH	99301	Mood#Ind|Number#Sing|Person#3|Tense#Pres|VerbForm#Fin|Voice#Pass
005.SCG*LB4.CP-6++4.N.-4.3-6.5-2W4	directe	NO MATCH	99575	Degree#Pos
005.SCG*LB2.CP-1++0.N.--.1-1.2-1W5	dicatur	NO MATCH	99301	Mood#Sub|Number#Sing|Person#3|Tense#Pres|VerbForm#Fin|Voice#Pass
005.SCG*LB2.CP-2++8.N.17.1-1.2-2W4	praedicta	NO MATCH	118832	Aspect#Perf|Case#Acc|Degree#Pos|Gender#Neut|Number#Plur|Tense#Past|VerbForm#Part|Voice#Pass
005.SCG*LB2.CP-7++3.N.27.1-2.7-1W38	dicit	NO MATCH	99301	Mood#Ind|Number#Sing|Person#3|Tense#Pres|VerbForm#Fin|Voice#Act
005.SCG*LB2.CP-3++4.N.-2.24-1.25-3W8	fiunt	NO MATCH	102758	Mood#Ind|Number#Plur|Person#3|Tense#Pres|VerbForm#Fin|Voice#Pass
005.SCG*LB3.CP-7++6.N.11.1-1.2-1W4	dicitur	NO MATCH	99301	Mood#Ind|Number#Sing|Person#3|Tense#Pres|VerbForm#Fin|Voice#Pass
005.SCG*LB4.CP--++8.N.-5.39-1.40-7W9	dicit	NO MATCH	99301	Aspect#Imp|Mood#Ind|Number#Sing|Person#3|Tense#Pres|VerbForm#Fin|Voice#Act
005.SCG*LB1.CP-9++1.N.-2.3-1.4-4W11	dictis	NO MATCH	99301	Aspect#Perf|Case#Abl|Degree#Pos|Gender#Neut|Number#Plur|Tense#Past|VerbForm#Part|Voice#Pass
005.SCG*LB2.CP-4++1.N.-4.8-3.10-3W5	essendi	NO MATCH	126689	Case#Gen|Degree#Pos|Number#Sing|VerbForm#Ger|Voice#Act
005.SCG*LB1.CP-7++4.N.-5.2-6.4-2W6	volitus	NO MATCH	130745	Aspect#Perf|Case#Nom|Degree#Pos|Gender#Masc|Number#Sing|Tense#Past|VerbForm#Part|VerbType#Mod|Voice#Pass
005.SCG*LB3.CP-7++6.N.-6.9-4.12-5W5	dicta	NO MATCH	99301	Aspect#Perf|Case#Acc|Degree#Pos|Gender#Neut|Number#Plur|Tense#Past|VerbForm#Part|Voice#Pass
005.SCG*LB3.CP12++0.N.-1.20-1.22-2W9	dicebant	NO MATCH	99301	Aspect#Imp|Mood#Ind|Number#Plur|Person#3|Tense#Imp|VerbForm#Fin|Voice#Act
005.SCG*LB1.CP-3++9.N.-8.2-1.2-5W1	dicitur	NO MATCH	99301	Mood#Ind|Number#Sing|Person#3|Tense#Pres|VerbForm#Fin|Voice#Pass
005.SCG*LB1.CP-6++3.N.-2.2-2.6-2W25	fiat	NO MATCH	102758	Mood#Sub|Number#Sing|Person#3|Tense#Pres|VerbForm#Fin|Voice#Pass
005.SCG*LB4.CP-6++5.N.-7.4-1.8-5W29	dicere	NO MATCH	99301	Aspect#Imp|Tense#Pres|VerbForm#Inf|Voice#Act
005.SCG*LB4.CP-2++3.N.-4.4-5.10-4W1	dictum	NO MATCH	99301	Aspect#Perf|Case#Nom|Degree#Pos|Gender#Neut|Number#Sing|Tense#Past|VerbForm#Part|Voice#Pass
005.SCG*LB3.CP15++4.N.18.9-1.14-2W3	dicit	NO MATCH	99301	Mood#Ind|Number#Sing|Person#3|Tense#Pres|VerbForm#Fin|Voice#Act
005.SCG*LB3.CP-3++1.N.-2.1-2.3-1W3	dicitur	NO MATCH	99301	Mood#Ind|Number#Sing|Person#3|Tense#Pres|VerbForm#Fin|Voice#Pass
005.SCG*LB2.CP-4++5.N.-6.5-6.9-6W24	consequens	NO MATCH	96035	Case#Acc|Degree#Pos|Gender#Neut|Number#Sing|Tense#Pres|VerbForm#Part|Voice#Pass
005.SCG*LB2.CP-4++1.N.-4.6-1.8-2W4	essendi	NO MATCH	126689	Case#Gen|Degree#Pos|Number#Sing|VerbForm#Ger|Voice#Act
005.SCG*LB4.CP-8++3.N.11.13-1.16-6W3	praedictae	NO MATCH	118832	Aspect#Perf|Case#Nom|Degree#Pos|Gender#Fem|Number#Plur|Tense#Past|VerbForm#Part|Voice#Pass
005.SCG*LB2.CP-8++9.N.13.26-2.30-1W7	praedictis	NO MATCH	118832	Aspect#Perf|Case#Abl|Degree#Pos|Gender#Fem|Number#Plur|Tense#Past|VerbForm#Part|Voice#Pass
005.SCG*LB3.CP15++9.N.-1.24-6.29-1W17	dicetur	NO MATCH	99301	Mood#Ind|Number#Sing|Person#3|Tense#Fut|VerbForm#Fin|Voice#Pass
005.SCG*LB4.CP-2++9.N.-3.1-1.5-4W4	dicere	NO MATCH	99301	Aspect#Imp|Tense#Pres|VerbForm#Inf|Voice#Act
005.SCG*LB3.CP-5++9.N.-7.14-1.18-1W4	dicuntur	NO MATCH	99301	Mood#Ind|Number#Plur|Person#3|Tense#Pres|VerbForm#Fin|Voice#Pass
005.SCG*LB2.CP-8++5.N.11.10-1.14-3W18	expresse	NO MATCH	102229	Degree#Pos
005.SCG*LB2.CP-9++8.N.11.17-3.19-5W11	consequens	NO MATCH	96035	Case#Acc|Degree#Pos|Gender#Neut|Number#Sing|Tense#Pres|VerbForm#Part|Voice#Pass
005.SCG*LB1.CP-7++2.N.-2.9-5.12-2W10	dictis	NO MATCH	99301	Aspect#Perf|Case#Abl|Degree#Pos|Gender#Neut|Number#Plur|Tense#Past|VerbForm#Part|Voice#Pass
005.SCG*LB2.CP-6++9.N.-9.15-1.22-4W43	dicebant	NO MATCH	99301	Aspect#Imp|Mood#Ind|Number#Plur|Person#3|Tense#Imp|VerbForm#Fin|Voice#Act
005.SCG*LB3.CP11++3.N.-1.15-5.17-5W10	dictis	NO MATCH	99301	Aspect#Perf|Case#Abl|Degree#Pos|Gender#Neut|Number#Plur|Tense#Past|VerbForm#Part|Voice#Pass
005.SCG*LB4.CP-8++3.N.13.14-3.19-3W30	dicit	NO MATCH	99301	Aspect#Imp|Mood#Ind|Number#Sing|Person#3|Tense#Pres|VerbForm#Fin|Voice#Act
005.SCG*LB2.CP-9++0.N.-3.9-4.12-7W13	puta	NO MATCH	120610	
005.SCG*LB1.CP-3++9.N.-4.4-1.5-3W6	dicatur	NO MATCH	99301	Mood#Sub|Number#Sing|Person#3|Tense#Pres|VerbForm#Fin|Voice#Pass
005.SCG*LB4.CP-1++7.N.10.4-1.4-2W2	dixit	NO MATCH	99301	Aspect#Perf|Mood#Ind|Number#Sing|Person#3|Tense#Past|VerbForm#Fin|Voice#Act
005.SCG*LB4.CP-4++2.N.-3.7-3.12-5W30	dicuntur	NO MATCH	99301	Aspect#Imp|Mood#Ind|Number#Plur|Person#3|Tense#Pres|VerbForm#Fin|Voice#Pass
005.SCG*LB2.CP-8++9.N.-6.1-1.2-4W3	dici	NO MATCH	99301	Tense#Pres|VerbForm#Inf|Voice#Pass
005.SCG*LB4.CP--++2.N.-4.21-1.27-2W28	dicantur	NO MATCH	99301	Aspect#Imp|Mood#Sub|Number#Plur|Person#3|Tense#Pres|VerbForm#Fin|Voice#Pass
005.SCG*LB4.CP-1++2.N.-2.13-2.14-3W4	fit	NO MATCH	102758	Aspect#Imp|Mood#Ind|Number#Sing|Person#3|Tense#Pres|VerbForm#Fin|Voice#Pass
005.SCG*LB1.CP-3++5.N.--.1-1.2-5W4	dicta	NO MATCH	99301	Aspect#Perf|Case#Nom|Degree#Pos|Gender#Neut|Number#Plur|Tense#Past|VerbForm#Part|Voice#Pass
005.SCG*LB4.CP-5++3.N.15.1-1.4-1W4	dicat	NO MATCH	99301	Aspect#Imp|Mood#Sub|Number#Sing|Person#3|Tense#Pres|VerbForm#Fin|Voice#Act
005.SCG*LB1.CP-4++2.N.19.14-6.15-3W5	dixi	NO MATCH	99301	Aspect#Perf|Mood#Ind|Number#Sing|Person#1|Tense#Past|VerbForm#Fin|Voice#Act
005.SCG*LB3.CP-3++2.N.-2.1-2.3-4W11	praedicta	NO MATCH	118832	Aspect#Perf|Case#Acc|Degree#Pos|Gender#Neut|Number#Plur|Tense#Past|VerbForm#Part|Voice#Pass
005.SCG*LB1.CP-8++5.N.-2.1-1.3-1W13	dictum	NO MATCH	99301	Aspect#Perf|Case#Nom|Degree#Pos|Gender#Neut|Number#Sing|Tense#Past|VerbForm#Part|Voice#Pass
005.SCG*LB2.CP-7++3.N.-4.1-2.6-3W14	dicentes	NO MATCH	99301	Case#Nom|Degree#Pos|Gender#Masc|Number#Plur|Tense#Pres|VerbForm#Part|Voice#Act
005.SCG*LB3.CP10++4.N.-2.1-1.2-2W3	expresse	NO MATCH	102229	Degree#Pos
005.SCG*LB4.CP-3++8.N.-5.1-2.3-1W2	dicit	NO MATCH	99301	Aspect#Imp|Mood#Ind|Number#Sing|Person#3|Tense#Pres|VerbForm#Fin|Voice#Act
005.SCG*LB2.CP-3++5.N.-3.22-5.25-4W4	dicere	NO MATCH	99301	Tense#Pres|VerbForm#Inf|Voice#Act
005.SCG*LB1.CP-6++7.N.-9.14-8.17-5W6	praedictae	NO MATCH	118832	Aspect#Perf|Case#Dat|Degree#Pos|Gender#Fem|Number#Sing|Tense#Past|VerbForm#Part|Voice#Pass
005.SCG*LB2.CP-6++3.N.-4.2-5.4-1W4	dominantis	NO MATCH	100058	Case#Gen|Degree#Pos|Gender#Neut|Number#Sing|Tense#Pres|VerbForm#Part|Voice#Pass
005.SCG*LB4.CP--++8.N.-2.34-1.38-2W7	dicit	NO MATCH	99301	Aspect#Imp|Mood#Ind|Number#Sing|Person#3|Tense#Pres|VerbForm#Fin|Voice#Act
005.SCG*LB1.CP-3++3.N.-3.3-5.5-5W13	dictis	NO MATCH	99301	Aspect#Perf|Case#Abl|Degree#Pos|Gender#Neut|Number#Plur|Tense#Past|VerbForm#Part|Voice#Pass
005.SCG*LB4.CP-3++3.N.-6.4-1.8-4W5	dicit	NO MATCH	99301	Aspect#Imp|Mood#Ind|Number#Sing|Person#3|Tense#Pres|VerbForm#Fin|Voice#Act
005.SCG*LB4.CP-2++3.N.-5.16-6.20-5W9	dicitur	NO MATCH	99301	Aspect#Imp|Mood#Ind|Number#Sing|Person#3|Tense#Pres|VerbForm#Fin|Voice#Pass
005.SCG*LB4.CP-9++7.N.-6.1-1.5-3W26	fiet	NO MATCH	102758	Aspect#Imp|Mood#Ind|Number#Sing|Person#3|Tense#Fut|VerbForm#Fin|Voice#Pass
005.SCG*LB3.CP-6++3.N.-2.5-2.9-5W30	dictis	NO MATCH	99301	Aspect#Perf|Case#Abl|Degree#Pos|Gender#Neut|Number#Plur|Tense#Past|VerbForm#Part|Voice#Pass
005.SCG*LB1.CP-2++3.N.-8.2-4.4-5W9	dicit	NO MATCH	99301	Mood#Ind|Number#Sing|Person#3|Tense#Pres|VerbForm#Fin|Voice#Act
005.SCG*LB4.CP--++1.N.-7.1-1.8-1W12	praedictas	NO MATCH	118832	Aspect#Perf|Case#Acc|Degree#Pos|Gender#Fem|Number#Plur|Tense#Past|VerbForm#Part|Voice#Pass
005.SCG*LB3.CP-8++0.N.-2.7-1.10-3W16	dicitur	NO MATCH	99301	Mood#Ind|Number#Sing|Person#3|Tense#Pres|VerbForm#Fin|Voice#Pass
005.SCG*LB3.CP12++4.N.-6.1-2.4-1W2	dictum	NO MATCH	99301	Aspect#Perf|Case#Nom|Degree#Pos|Gender#Neut|Number#Sing|Tense#Past|VerbForm#Part|Voice#Pass
005.SCG*LB2.CP-3++5.N.-8.21-1.23-2W5	expresse	NO MATCH	102229	Degree#Pos
005.SCG*LB2.CP-1++0.N.-2.1-1.6-5W4	praedictis	NO MATCH	118832	Aspect#Perf|Case#Abl|Degree#Pos|Gender#Neut|Number#Plur|Tense#Past|VerbForm#Part|Voice#Pass
005.SCG*LB2.CP-6++0.N.-6.8-2.9-7W7	dicitur	NO MATCH	99301	Mood#Ind|Number#Sing|Person#3|Tense#Pres|VerbForm#Fin|Voice#Pass
005.SCG*LB2.CP-5++4.N.-6.4-1.5-4W11	essendi	NO MATCH	126689	Case#Gen|Degree#Pos|Number#Sing|VerbForm#Ger|Voice#Act
005.SCG*LB3.CP-9++4.N.10.62-5.65-5W22	contingenter	NO MATCH	93415	Case#Loc|Degree#Pos|Number#Sing|Tense#Pres|VerbForm#Part|Voice#Act
005.SCG*LB3.CP-9++4.N.10.62-5.65-5W22	contingenter	NO MATCH	96293	Case#Loc|Degree#Pos|Number#Sing|Tense#Pres|VerbForm#Part|Voice#Act
005.SCG*LB3.CP-7++5.N.-3.5-1.6-2W4	dici	NO MATCH	99301	Tense#Pres|VerbForm#Inf|Voice#Pass
005.SCG*LB2.CP-9++6.N.-8.14-4.17-2W16	dicit	NO MATCH	99301	Mood#Ind|Number#Sing|Person#3|Tense#Pres|VerbForm#Fin|Voice#Act
005.SCG*LB3.CP10++7.N.-6.6-5.10-3W10	dicatur	NO MATCH	99301	Mood#Sub|Number#Sing|Person#3|Tense#Pres|VerbForm#Fin|Voice#Pass
005.SCG*LB3.CP10++0.N.-5.1-2.3-7W19	essendi	NO MATCH	126689	Case#Gen|Degree#Pos|Number#Sing|VerbForm#Ger|Voice#Act
005.SCG*LB2.CP-7++3.N.14.1-1.9-1W3	dicatur	NO MATCH	99301	Mood#Sub|Number#Sing|Person#3|Tense#Pres|VerbForm#Fin|Voice#Pass
005.SCG*LB3.CP15++3.N.-2.35-1.38-3W20	converso	NO MATCH	96446	Case#Abl|Degree#Pos|Gender#Neut|Number#Sing
005.SCG*LB2.CP--++1.N.-4.1-1.2-2W3	dictarum	NO MATCH	99301	Aspect#Perf|Case#Gen|Degree#Pos|Gender#Fem|Number#Plur|Tense#Past|VerbForm#Part|Voice#Pass
005.SCG*LB3.CP12++0.N.19.1-1.7-5W3	dicatur	NO MATCH	99301	Mood#Sub|Number#Sing|Person#3|Tense#Pres|VerbForm#Fin|Voice#Pass
005.SCG*LB3.CP15++9.N.-2.6-2.7-3W1	dicitur	NO MATCH	99301	Mood#Ind|Number#Sing|Person#3|Tense#Pres|VerbForm#Fin|Voice#Pass
005.SCG*LB2.CP-4++1.N.-5.12-4.13-6W4	dicimus	NO MATCH	99301	Mood#Ind|Number#Plur|Person#1|Tense#Pres|VerbForm#Fin|Voice#Act
005.SCG*LB2.CP-5++8.N.-3.9-5.12-2W5	dicimur	NO MATCH	99301	Mood#Ind|Number#Plur|Person#1|Tense#Pres|VerbForm#Fin|Voice#Pass
005.SCG*LB3.CP-1++0.N.13.19-1.22-6W28	exequentis	NO MATCH	102311	Case#Gen|Degree#Pos|Gender#Fem|Number#Sing|Tense#Pres|VerbForm#Part|Voice#Pass
005.SCG*LB1.CP-2++7.N.-9.11-1.14-6W3	dicit	NO MATCH	99301	Mood#Ind|Number#Sing|Person#3|Tense#Pres|VerbForm#Fin|Voice#Act
005.SCG*LB2.CP-4++2.N.12.4-4.5-5W3	dicitur	NO MATCH	99301	Mood#Ind|Number#Sing|Person#3|Tense#Pres|VerbForm#Fin|Voice#Pass
005.SCG*LB1.CP-5++1.N.-4.4-2.11-5W4	praedictae	NO MATCH	118832	Aspect#Perf|Case#Nom|Degree#Pos|Gender#Fem|Number#Plur|Tense#Past|VerbForm#Part|Voice#Pass
005.SCG*LB2.CP-8++3.N.-5.3-1.5-5W1	dicitur	NO MATCH	99301	Mood#Ind|Number#Sing|Person#3|Tense#Pres|VerbForm#Fin|Voice#Pass
005.SCG*LB4.CP-1++7.N.10.7-1.8-2W2	dicitur	NO MATCH	99301	Aspect#Imp|Mood#Ind|Number#Sing|Person#3|Tense#Pres|VerbForm#Fin|Voice#Pass
005.SCG*LB4.CP--++8.N.-3.18-1.18-4W2	dicitur	NO MATCH	99301	Aspect#Imp|Mood#Ind|Number#Sing|Person#3|Tense#Pres|VerbForm#Fin|Voice#Pass
005.SCG*LB2.CP-3++6.N.-4.1-1.2-7W9	consequenter	NO MATCH	96035	Degree#Pos
005.SCG*LB4.CP-6++3.N.12.9-4.14-1W23	fit	NO MATCH	102758	Aspect#Imp|Mood#Ind|Number#Sing|Person#3|Tense#Pres|VerbForm#Fin|Voice#Pass
005.SCG*LB4.CP-1++3.N.-7.17-5.18-6W6	dicens	NO MATCH	99301	Aspect#Imp|Case#Nom|Degree#Pos|Gender#Masc|Number#Sing|Tense#Pres|VerbForm#Part|Voice#Act
005.SCG*LB3.CP-8++0.N.17.16-1.20-2W28	fieri	NO MATCH	102758	Tense#Pres|VerbForm#Inf|Voice#Pass
005.SCG*LB2.CP-5++5.N.14.11-4.12-4W8	dici	NO MATCH	99301	Tense#Pres|VerbForm#Inf|Voice#Pass
005.SCG*LB1.CP-9++8.N.-6.1-1.2-1W5	dicitur	NO MATCH	99301	Mood#Ind|Number#Sing|Person#3|Tense#Pres|VerbForm#Fin|Voice#Pass
005.SCG*LB3.CP-5++3.N.-5.9-1.13-4W22	fit	NO MATCH	102758	Mood#Ind|Number#Sing|Person#3|Tense#Pres|VerbForm#Fin|Voice#Pass
005.SCG*LB4.CP-4++1.N.14.1-1.3-3W1	praedicta	NO MATCH	118832	Aspect#Perf|Case#Nom|Degree#Pos|Gender#Neut|Number#Plur|Tense#Past|VerbForm#Part|Voice#Pass
005.SCG*LB2.CP-6++1.N.-3.9-5.15-1W22	dicit	NO MATCH	99301	Mood#Ind|Number#Sing|Person#3|Tense#Pres|VerbForm#Fin|Voice#Act
005.SCG*LB4.CP-1++6.N.-1.1-1.3-1W12	excelsiorem	NO MATCH	101840	Aspect#Perf|Case#Acc|Degree#Cmp|Gender#Fem|Number#Sing|Tense#Past|VerbForm#Part|Voice#Pass
005.SCG*LB4.CP--++6.N.-4.2-2.9-5W26	dominantium	NO MATCH	100058	Aspect#Imp|Case#Gen|Degree#Pos|Gender#Masc|Number#Plur|Tense#Pres|VerbForm#Part|Voice#Pass
005.SCG*LB2.CP-2++1.N.-3.3-6.5-4W14	essendi	NO MATCH	126689	Case#Gen|Degree#Pos|Number#Sing|VerbForm#Ger|Voice#Act
005.SCG*LB2.CP-5++1.N.-5.1-2.6-1W1	dicere	NO MATCH	99301	Tense#Pres|VerbForm#Inf|Voice#Act
005.SCG*LB3.CP-1++2.N.-1.1-1.3-4W4	praedictis	NO MATCH	118832	Aspect#Perf|Case#Abl|Degree#Pos|Gender#Neut|Number#Plur|Tense#Past|VerbForm#Part|Voice#Pass
005.SCG*LB4.CP-7++1.N.10.1-1.8-3W9	dicitur	NO MATCH	99301	Aspect#Imp|Mood#Ind|Number#Sing|Person#3|Tense#Pres|VerbForm#Fin|Voice#Pass
005.SCG*LB3.CP-8++0.N.18.19-1.20-1W4	fit	NO MATCH	102758	Mood#Ind|Number#Sing|Person#3|Tense#Pres|VerbForm#Fin|Voice#Pass
005.SCG*LB2.CP-7++8.N.-8.46-1.49-2W8	ens	NO MATCH	126689	Case#Nom|Degree#Pos|Gender#Neut|Number#Sing|Tense#Pres|VerbForm#Part|Voice#Act
005.SCG*LB2.CP-3++5.N.-5.6-7.9-5W3	volitum	NO MATCH	130745	Aspect#Perf|Case#Nom|Degree#Pos|Gender#Neut|Number#Sing|Tense#Past|VerbForm#Part|VerbType#Mod|Voice#Pass
005.SCG*LB4.CP-6++6.N.-3.1-1.4-4W7	puta	NO MATCH	120610	VerbForm#Fin
005.SCG*LB4.CP-1++2.N.-1.1-1.6-4W8	dicuntur	NO MATCH	99301	Aspect#Imp|Mood#Ind|Number#Plur|Person#3|Tense#Pres|VerbForm#Fin|Voice#Pass
005.SCG*LB2.CP-3++7.N.-3.6-5.10-4W7	dicitur	NO MATCH	99301	Mood#Ind|Number#Sing|Person#3|Tense#Pres|VerbForm#Fin|Voice#Pass
005.SCG*LB2.CP--++2.N.-2.4-1.6-1W5	fiunt	NO MATCH	102758	Mood#Ind|Number#Plur|Person#3|Tense#Pres|VerbForm#Fin|Voice#Pass
005.SCG*LB2.CP-1++1.N.-1.1-1.7-4W33	dici	NO MATCH	99301	Tense#Pres|VerbForm#Inf|Voice#Pass
005.SCG*LB1.CP-1++3.N.19.22-1.25-3W4	dicat	NO MATCH	99301	Mood#Sub|Number#Sing|Person#3|Tense#Pres|VerbForm#Fin|Voice#Act
005.SCG*LB1.CP-3++4.N.-2.24-7.4-4W11	dicta	NO MATCH	99301	Aspect#Perf|Case#Nom|Degree#Pos|Gender#Neut|Number#Plur|Tense#Past|VerbForm#Part|Voice#Pass
005.SCG*LB3.CP-2++6.N.19.10-2.11-1W4	fieret	NO MATCH	102758	Aspect#Imp|Mood#Sub|Number#Sing|Person#3|Tense#Imp|VerbForm#Fin|Voice#Pass
005.SCG*LB2.CP-7++1.N.-3.14-6.17-7W6	fit	NO MATCH	102758	Mood#Ind|Number#Sing|Person#3|Tense#Pres|VerbForm#Fin|Voice#Pass
005.SCG*LB4.CP-1++2.N.-2.15-2.16-1W5	fit	NO MATCH	102758	Aspect#Imp|Mood#Ind|Number#Sing|Person#3|Tense#Pres|VerbForm#Fin|Voice#Pass
005.SCG*LB4.CP-2++6.N.-8.5-1.7-6W4	dictis	NO MATCH	99301	Aspect#Perf|Case#Abl|Degree#Pos|Gender#Neut|Number#Plur|Tense#Past|VerbForm#Part|Voice#Pass
005.SCG*LB1.CP--++2.N.-1.14-3.17-4W5	dicitur	NO MATCH	99301	Mood#Ind|Number#Sing|Person#3|Tense#Pres|VerbForm#Fin|Voice#Pass
005.SCG*LB3.CP16++3.N.-1.11-1.13-4W14	dicitur	NO MATCH	99301	Mood#Ind|Number#Sing|Person#3|Tense#Pres|VerbForm#Fin|Voice#Pass
005.SCG*LB2.CP-7++8.N.-8.1-1.3-7W20	ens	NO MATCH	126689	Case#Nom|Degree#Pos|Gender#Fem|Number#Sing|Tense#Pres|VerbForm#Part|Voice#Act
005.SCG*LB2.CP-7++8.N.-9.25-1.27-5W15	dixerat	NO MATCH	99301	Aspect#Perf|Mood#Ind|Number#Sing|Person#3|Tense#Pqp|VerbForm#Fin|Voice#Act
005.SCG*LB3.CP12++7.N.-8.1-1.7-5W11	dicit	NO MATCH	99301	Mood#Ind|Number#Sing|Person#3|Tense#Pres|VerbForm#Fin|Voice#Act
005.SCG*LB1.CP-4++2.N.-9.24-2.25-2W5	necesse-esse	NO MATCH	126689	Tense#Pres|VerbForm#Inf|Voice#Act
005.SCG*LB4.CP--++8.N.-4.29-3.31-2W15	consequenter	NO MATCH	96035	Degree#Pos
005.SCG*LB1.CP-3++4.N.-2.24-7.4-4W4	dictis	NO MATCH	99301	Aspect#Perf|Case#Abl|Degree#Pos|Gender#Neut|Number#Plur|Tense#Past|VerbForm#Part|Voice#Pass
005.SCG*LB1.CP-2++0.N.26.1-1.3-8W3	praedicta	NO MATCH	118832	Aspect#Perf|Case#Nom|Degree#Pos|Gender#Fem|Number#Sing|Tense#Past|VerbForm#Part|Voice#Pass
005.SCG*LB4.CP-3++0.N.-7.1-2.3-5W3	dici	NO MATCH	99301	Aspect#Imp|Tense#Pres|VerbForm#Inf|Voice#Pass
005.SCG*LB2.CP--++5.N.--.1-1.1-2W2	dicendorum	NO MATCH	99301	Case#Gen|Degree#Pos|Gender#Neut|Number#Plur|VerbForm#Gdv|Voice#Pass
005.SCG*LB2.CP-3++6.N.-7.17-2.19-7W13	dicitur	NO MATCH	99301	Mood#Ind|Number#Sing|Person#3|Tense#Pres|VerbForm#Fin|Voice#Pass
005.SCG*LB4.CP-7++9.N.-6.5-5.8-1W14	dicentes	NO MATCH	99301	Aspect#Imp|Case#Nom|Degree#Pos|Gender#Masc|Number#Plur|Tense#Pres|VerbForm#Part|Voice#Act
005.SCG*LB4.CP-2++1.N.-9.1-1.3-2W8	dicimur	NO MATCH	99301	Aspect#Imp|Mood#Ind|Number#Plur|Person#1|Tense#Pres|VerbForm#Fin|Voice#Pass
005.SCG*LB3.CP--++5.N.-9.5-2.8-5W23	dictum	NO MATCH	99301	Aspect#Perf|Case#Nom|Degree#Pos|Gender#Neut|Number#Sing|Tense#Past|VerbForm#Part|Voice#Pass
005.SCG*LB4.CP-7++0.N.10.11-4.12-7W8	fieri	NO MATCH	102758	Aspect#Imp|Tense#Pres|VerbForm#Inf|Voice#Pass
005.SCG*LB4.CP-6++4.N.-2.6-2.9-7W21	dicitur	NO MATCH	99301	Aspect#Imp|Mood#Ind|Number#Sing|Person#3|Tense#Pres|VerbForm#Fin|Voice#Pass
005.SCG*LB3.CP13++4.N.-2.11-5.17-2W27	puta	NO MATCH	120610	
005.SCG*LB4.CP-1++6.N.-7.7-7.11-7W15	fiat	NO MATCH	102758	Aspect#Imp|Mood#Sub|Number#Sing|Person#3|Tense#Pres|VerbForm#Fin|Voice#Pass
005.SCG*LB3.CP15++4.N.16.1-1.4-1W9	fiat	NO MATCH	102758	Mood#Sub|Number#Sing|Person#3|Tense#Pres|VerbForm#Fin|Voice#Pass
005.SCG*LB2.CP-6++8.N.-3.3-1.5-1W9	essendi	NO MATCH	126689	Case#Gen|Degree#Pos|Number#Sing|VerbForm#Ger|Voice#Act
005.SCG*LB3.CP-8++6.N.14.7-1.9-1W8	fieri	NO MATCH	102758	Tense#Pres|VerbForm#Inf|Voice#Pass
005.SCG*LB2.CP-6++8.N.-6.20-1.24-2W7	dicitur	NO MATCH	99301	Mood#Ind|Number#Sing|Person#3|Tense#Pres|VerbForm#Fin|Voice#Pass
005.SCG*LB2.CP-3++9.N.-9.4-6.8-2W5	dicere	NO MATCH	99301	Tense#Pres|VerbForm#Inf|Voice#Act
005.SCG*LB3.CP13++5.N.22.30-5.37-5W1	puta	NO MATCH	120610	
005.SCG*LB2.CP-6++2.N.-4.3-1.8-3W17	consequens	NO MATCH	96035	Case#Acc|Degree#Pos|Gender#Neut|Number#Sing|Tense#Pres|VerbForm#Part|Voice#Pass
005.SCG*LB4.CP-3++5.N.-9.5-4.10-1W8	fiat	NO MATCH	102758	Aspect#Imp|Mood#Sub|Number#Sing|Person#3|Tense#Pres|VerbForm#Fin|Voice#Pass
005.SCG*LB3.CP-4++6.N.-6.2-3.7-4W24	praesens	NO MATCH	119265	Case#Acc|Degree#Pos|Gender#Fem|Number#Sing
005.SCG*LB2.CP-6++2.N.-9.13-1.15-3W1	dicit	NO MATCH	99301	Mood#Ind|Number#Sing|Person#3|Tense#Pres|VerbForm#Fin|Voice#Act
005.SCG*LB4.CP-6++3.N.-8.10-3.13-6W19	dicere	NO MATCH	99301	Aspect#Imp|Tense#Pres|VerbForm#Inf|Voice#Act
005.SCG*LB1.CP-2++8.N.-9.7-1.8-2W10	dicit	NO MATCH	99301	Mood#Ind|Number#Sing|Person#3|Tense#Pres|VerbForm#Fin|Voice#Act
005.SCG*LB4.CP-1++1.N.-3.18-2.20-7W7	egrediens	NO MATCH	100715	Aspect#Imp|Case#Nom|Degree#Pos|Gender#Masc|Number#Sing|Tense#Pres|VerbForm#Part|Voice#Pass
005.SCG*LB2.CP-8++0.N.-5.9-7.11-3W10	fit	NO MATCH	102758	Mood#Ind|Number#Sing|Person#3|Tense#Pres|VerbForm#Fin|Voice#Pass
005.SCG*LB4.CP-2++3.N.-2.25-1.27-6W6	dicit	NO MATCH	99301	Aspect#Imp|Mood#Ind|Number#Sing|Person#3|Tense#Pres|VerbForm#Fin|Voice#Act
005.SCG*LB4.CP--++7.N.-7.1-2.2-2W7	dicit	NO MATCH	99301	Aspect#Imp|Mood#Ind|Number#Sing|Person#3|Tense#Pres|VerbForm#Fin|Voice#Act
005.SCG*LB1.CP--++1.N.-3.1-1.7-1W3	praedicti	NO MATCH	118832	Aspect#Perf|Case#Nom|Degree#Pos|Gender#Masc|Number#Plur|Tense#Past|VerbForm#Part|Voice#Pass
005.SCG*LB2.CP-4++3.N.-4.1-2.2-3W7	fit	NO MATCH	102758	Mood#Ind|Number#Sing|Person#3|Tense#Pres|VerbForm#Fin|Voice#Pass
005.SCG*LB3.CP15++4.N.-6.9-1.10-3W7	dixit	NO MATCH	99301	Aspect#Perf|Mood#Ind|Number#Sing|Person#3|Tense#Past|VerbForm#Fin|Voice#Act
005.SCG*LB3.CP-7++2.N.-2.5-4.7-5W7	dicuntur	NO MATCH	99301	Mood#Ind|Number#Plur|Person#3|Tense#Pres|VerbForm#Fin|Voice#Pass
005.SCG*LB2.CP-3++7.N.-2.42-1.44-7W17	fieri	NO MATCH	102758	Tense#Pres|VerbForm#Inf|Voice#Pass
005.SCG*LB2.CP-6++2.N.-6.5-3.7-1W6	dici	NO MATCH	99301	Tense#Pres|VerbForm#Inf|Voice#Pass
005.SCG*LB2.CP-2++4.N.-4.12-2.14-1W11	fiat	NO MATCH	102758	Mood#Sub|Number#Sing|Person#3|Tense#Pres|VerbForm#Fin|Voice#Pass
005.SCG*LB2.CP-8++0.N.-4.8-7.12-2W13	dicere	NO MATCH	99301	Tense#Pres|VerbForm#Inf|Voice#Act
005.SCG*LB3.CP-2++4.N.-2.10-2.13-1W4	dicit	NO MATCH	99301	Mood#Ind|Number#Sing|Person#3|Tense#Pres|VerbForm#Fin|Voice#Act
005.SCG*LB4.CP-5++3.N.-8.5-1.10-2W34	fieri	NO MATCH	102758	Aspect#Imp|Tense#Pres|VerbForm#Inf|Voice#Pass
005.SCG*LB3.CP--++8.N.-8.18-4.20-3W7	dicantur	NO MATCH	99301	Mood#Sub|Number#Plur|Person#3|Tense#Pres|VerbForm#Fin|Voice#Pass
005.SCG*LB2.CP-3++0.N.-3.7-1.8-6W1	dicuntur	NO MATCH	99301	Mood#Ind|Number#Plur|Person#3|Tense#Pres|VerbForm#Fin|Voice#Pass
005.SCG*LB1.CP-7++2.N.-9.15-5.18-5W14	dicam	NO MATCH	99301	Mood#Ind|Number#Sing|Person#1|Tense#Fut|VerbForm#Fin|Voice#Act
005.SCG*LB4.CP-6++6.N.11.1-1.9-1W3	dicendum	NO MATCH	99301	Aspect#Perf|Case#Nom|Degree#Pos|Gender#Neut|Number#Sing|VerbForm#Gdv|Voice#Pass
005.SCG*LB3.CP12++2.N.-2.5-1.7-3W16	dictum	NO MATCH	99301	Aspect#Perf|Case#Nom|Degree#Pos|Gender#Neut|Number#Sing|Tense#Past|VerbForm#Part|Voice#Pass
005.SCG*LB4.CP--++7.N.20.6-1.10-5W18	fit	NO MATCH	102758	Aspect#Imp|Mood#Ind|Number#Sing|Person#3|Tense#Pres|VerbForm#Fin|Voice#Pass
005.SCG*LB3.CP13++4.N.-6.7-5.9-4W8	iudicanda	NO MATCH	109171	Case#Nom|Degree#Pos|Gender#Fem|Number#Plur|VerbForm#Gdv|Voice#Pass
005.SCG*LB4.CP-4++7.N.-2.4-4.6-2W4	dici	NO MATCH	99301	Aspect#Imp|Tense#Pres|VerbForm#Inf|Voice#Pass
005.SCG*LB3.CP-9++3.N.-6.10-1.10-8W3	dicit	NO MATCH	99301	Mood#Ind|Number#Sing|Person#3|Tense#Pres|VerbForm#Fin|Voice#Act
005.SCG*LB3.CP-9++2.N.-7.1-1.10-3W28	dici	NO MATCH	99301	Tense#Pres|VerbForm#Inf|Voice#Pass
005.SCG*LB4.CP-3++6.N.-9.2-2.4-1W14	dicat	NO MATCH	99301	Aspect#Imp|Mood#Sub|Number#Sing|Person#3|Tense#Pres|VerbForm#Fin|Voice#Act
005.SCG*LB4.CP-1++2.N.-2.16-2.17-4W7	sapienter	NO MATCH	123386	Degree#Pos
005.SCG*LB1.CP-2++0.N.22.3-3.9-6W33	essendi	NO MATCH	126689	Case#Gen|Degree#Pos|Number#Sing|VerbForm#Ger|Voice#Act
005.SCG*LB4.CP-2++1.N.-1.12-6.13-4W3	dicit	NO MATCH	99301	Aspect#Imp|Mood#Ind|Number#Sing|Person#3|Tense#Pres|VerbForm#Fin|Voice#Act
005.SCG*LB2.CP-8++9.N.15.20-1.26-1W41	fit	NO MATCH	102758	Mood#Ind|Number#Sing|Person#3|Tense#Pres|VerbForm#Fin|Voice#Pass
005.SCG*LB4.CP-3++0.N.-2.8-5.10-2W4	dicat	NO MATCH	99301	Aspect#Imp|Mood#Sub|Number#Sing|Person#3|Tense#Pres|VerbForm#Fin|Voice#Act
005.SCG*LB2.CP-4++3.N.-6.10-2.13-2W6	fieri	NO MATCH	102758	Tense#Pres|VerbForm#Inf|Voice#Pass
005.SCG*LB3.CP10++7.N.11.6-1.11-3W13	dicens	NO MATCH	99301	Case#Nom|Degree#Pos|Gender#Masc|Number#Sing|Tense#Pres|VerbForm#Part|Voice#Act
005.SCG*LB4.CP-8++0.N.-8.1-2.6-2W20	liberandi	NO MATCH	110392	Aspect#Perf|Case#Nom|Degree#Pos|Number#Plur|VerbForm#Ger|Voice#Act
005.SCG*LB3.CP-7++8.N.-2.11-3.16-4W21	fit	NO MATCH	102758	Mood#Ind|Number#Sing|Person#3|Tense#Pres|VerbForm#Fin|Voice#Pass
005.SCG*LB4.CP-4++2.N.-2.5-4.6-4W8	dicitur	NO MATCH	99301	Aspect#Imp|Mood#Ind|Number#Sing|Person#3|Tense#Pres|VerbForm#Fin|Voice#Pass
005.SCG*LB4.CP-3++4.N.30.5-4.7-7W21	dicebat	NO MATCH	99301	Aspect#Imp|Mood#Ind|Number#Sing|Person#3|Tense#Imp|VerbForm#Fin|Voice#Act
005.SCG*LB3.CP-9++7.N.-2.15-1.18-6W12	sufficienter	NO MATCH	126601	Degree#Pos
005.SCG*LB2.CP-6++8.N.-9.1-1.7-5W22	praedictas	NO MATCH	118832	Aspect#Perf|Case#Acc|Degree#Pos|Gender#Fem|Number#Plur|Tense#Past|VerbForm#Part|Voice#Pass
005.SCG*LB4.CP-1++2.N.-2.16-2.17-4W10	dicitur	NO MATCH	99301	Aspect#Imp|Mood#Ind|Number#Sing|Person#3|Tense#Pres|VerbForm#Fin|Voice#Pass
005.SCG*LB4.CP-7++4.N.-2.18-2.20-1W10	dicens	NO MATCH	99301	Aspect#Imp|Case#Nom|Degree#Pos|Gender#Masc|Number#Sing|Tense#Pres|VerbForm#Part|Voice#Act
005.SCG*LB3.CP-8++5.N.-6.1-2.2-4W4	fiunt	NO MATCH	102758	Mood#Ind|Number#Plur|Person#3|Tense#Pres|VerbForm#Fin|Voice#Pass
005.SCG*LB4.CP-5++9.N.-1.4-1.7-7W11	fit	NO MATCH	102758	Aspect#Imp|Mood#Ind|Number#Sing|Person#3|Tense#Pres|VerbForm#Fin|Voice#Pass
005.SCG*LB3.CP-7++5.N.-3.8-2.11-2W4	dici	NO MATCH	99301	Tense#Pres|VerbForm#Inf|Voice#Pass
005.SCG*LB4.CP-5++0.N.-8.11-2.13-3W16	dicitur	NO MATCH	99301	Aspect#Imp|Mood#Ind|Number#Sing|Person#3|Tense#Pres|VerbForm#Fin|Voice#Pass
005.SCG*LB1.CP-6++8.N.-5.1-2.4-5W24	dictis	NO MATCH	99301	Aspect#Perf|Case#Abl|Degree#Pos|Gender#Neut|Number#Plur|Tense#Past|VerbForm#Part|Voice#Pass
005.SCG*LB3.CP-5++9.N.-6.5-1.9-2W16	dictis	NO MATCH	99301	Aspect#Perf|Case#Abl|Degree#Pos|Gender#Neut|Number#Plur|Tense#Past|VerbForm#Part|Voice#Pass
005.SCG*LB2.CP-9++2.N.-5.3-3.5-5W6	praedictis	NO MATCH	118832	Aspect#Perf|Case#Abl|Degree#Pos|Gender#Fem|Number#Plur|Tense#Past|VerbForm#Part|Voice#Pass
005.SCG*LB2.CP-8++9.N.-7.5-4.8-5W17	dicitur	NO MATCH	99301	Mood#Ind|Number#Sing|Person#3|Tense#Pres|VerbForm#Fin|Voice#Pass
005.SCG*LB2.CP--++6.N.-2.5-6.6-4W4	essendi	NO MATCH	126689	Case#Gen|Degree#Pos|Number#Sing|VerbForm#Ger|Voice#Act
005.SCG*LB2.CP-7++8.N.10.16-1.20-2W23	dixit	NO MATCH	99301	Aspect#Perf|Mood#Ind|Number#Sing|Person#3|Tense#Past|VerbForm#Fin|Voice#Act
005.SCG*LB1.CP-1++2.N.-6.5-6.8-7W21	dicitur	NO MATCH	99301	Mood#Ind|Number#Sing|Person#3|Tense#Pres|VerbForm#Fin|Voice#Pass
005.SCG*LB2.CP-7++8.N.-2.15-1.17-1W3	dixerit	NO MATCH	99301	Aspect#Perf|Mood#Sub|Number#Sing|Person#3|Tense#Past|VerbForm#Fin|Voice#Act
005.SCG*LB4.CP-8++3.N.-4.10-6.15-3W21	dicitur	NO MATCH	99301	Aspect#Imp|Mood#Ind|Number#Sing|Person#3|Tense#Pres|VerbForm#Fin|Voice#Pass
005.SCG*LB2.CP-3++7.N.-5.5-3.7-1W13	fieri	NO MATCH	102758	Tense#Pres|VerbForm#Inf|Voice#Pass
005.SCG*LB3.CP13++5.N.22.14-3.16-3W7	fieri	NO MATCH	102758	Tense#Pres|VerbForm#Inf|Voice#Pass
005.SCG*LB1.CP-2++2.N.-5.2-3.3-5W12	necesse-esse	NO MATCH	126689	Tense#Pres|VerbForm#Inf|Voice#Act
005.SCG*LB2.CP-6++0.N.-8.10-2.13-7W3	dicitur	NO MATCH	99301	Mood#Ind|Number#Sing|Person#3|Tense#Pres|VerbForm#Fin|Voice#Pass
005.SCG*LB4.CP-3++4.N.25.1-2.5-6W29	dicatur	NO MATCH	99301	Aspect#Imp|Mood#Sub|Number#Sing|Person#3|Tense#Pres|VerbForm#Fin|Voice#Pass
005.SCG*LB4.CP-9++1.N.-9.21-7.24-6W19	dici	NO MATCH	99301	Aspect#Imp|Tense#Pres|VerbForm#Inf|Voice#Pass
005.SCG*LB2.CP-8++0.N.-6.22-5.26-3W12	fiant	NO MATCH	102758	Mood#Sub|Number#Plur|Person#3|Tense#Pres|VerbForm#Fin|Voice#Pass
005.SCG*LB2.CP-3++8.N.-2.2-4.4-3W11	fiunt	NO MATCH	102758	Mood#Ind|Number#Plur|Person#3|Tense#Pres|VerbForm#Fin|Voice#Pass
005.SCG*LB3.CP-4++3.N.-7.16-6.18-3W6	praedictam	NO MATCH	118832	Aspect#Perf|Case#Acc|Degree#Pos|Gender#Fem|Number#Sing|Tense#Past|VerbForm#Part|Voice#Pass
005.SCG*LB2.CP-5++9.N.-8.1-1.9-1W28	dicens	NO MATCH	99301	Case#Nom|Degree#Pos|Gender#Masc|Number#Sing|Tense#Pres|VerbForm#Part|Voice#Act
005.SCG*LB4.CP-5++5.N.10.13-1.15-4W22	dicens	NO MATCH	99301	Aspect#Imp|Case#Nom|Degree#Pos|Gender#Masc|Number#Sing|Tense#Pres|VerbForm#Part|Voice#Act
005.SCG*LB3.CP-9++0.N.-7.16-4.17-9W11	fieret	NO MATCH	102758	Aspect#Imp|Mood#Sub|Number#Sing|Person#3|Tense#Imp|VerbForm#Fin|Voice#Pass
005.SCG*LB4.CP-6++3.N.-1.1-1.8-3W7	secretius	NO MATCH	123947	Degree#Cmp
005.SCG*LB4.CP-2++9.N.-7.4-4.5-4W5	dicit	NO MATCH	99301	Aspect#Imp|Mood#Ind|Number#Sing|Person#3|Tense#Pres|VerbForm#Fin|Voice#Act
005.SCG*LB4.CP--++8.N.-6.7-2.9-2W12	dici	NO MATCH	99301	Aspect#Imp|Tense#Pres|VerbForm#Inf|Voice#Pass
005.SCG*LB3.CP-7++9.N.-5.8-4.9-6W5	dicitur	NO MATCH	99301	Mood#Ind|Number#Sing|Person#3|Tense#Pres|VerbForm#Fin|Voice#Pass
005.SCG*LB4.CP-1++1.N.18.32-1.37-5W36	paritur	NO MATCH	116051	Aspect#Imp|Mood#Ind|Number#Sing|Person#3|Tense#Pres|VerbForm#Fin|Voice#Pass
005.SCG*LB2.CP-3++9.N.-5.2-5.5-1W13	dicere	NO MATCH	99301	Tense#Pres|VerbForm#Inf|Voice#Act
005.SCG*LB3.CP-8++0.N.11.20-4.22-6W14	fiunt	NO MATCH	102758	Mood#Ind|Number#Plur|Person#3|Tense#Pres|VerbForm#Fin|Voice#Pass
005.SCG*LB2.CP-5++7.N.-6.21-3.23-2W8	fieri	NO MATCH	102758	Tense#Pres|VerbForm#Inf|Voice#Pass
005.SCG*LB4.CP-5++5.N.-6.20-4.24-5W18	congruentius	NO MATCH	95913	Aspect#Imp|Case#Nom|Degree#Cmp|Gender#Neut|Number#Sing|Tense#Pres|VerbForm#Part|Voice#Act
005.SCG*LB4.CP-5++2.N.-7.6-5.9-6W2	dicuntur	NO MATCH	99301	Aspect#Imp|Mood#Ind|Number#Plur|Person#3|Tense#Pres|VerbForm#Fin|Voice#Pass
005.SCG*LB3.CP--++2.N.-5.5-1.8-5W15	dictum	NO MATCH	99301	Aspect#Perf|Case#Nom|Degree#Pos|Gender#Neut|Number#Sing|Tense#Past|VerbForm#Part|Voice#Pass
005.SCG*LB2.CP-7++0.N.-4.17-4.21-2W10	dicit	NO MATCH	99301	Mood#Ind|Number#Sing|Person#3|Tense#Pres|VerbForm#Fin|Voice#Act
005.SCG*LB4.CP-3++4.N.-3.22-1.27-1W13	praedicta	NO MATCH	118832	Aspect#Perf|Case#Nom|Degree#Pos|Gender#Fem|Number#Sing|Tense#Past|VerbForm#Part|Voice#Pass
005.SCG*LB1.CP--++8.N.-1.12-1.18-6W36	praedicta	NO MATCH	118832	Aspect#Perf|Case#Nom|Degree#Pos|Gender#Fem|Number#Sing|Tense#Past|VerbForm#Part|Voice#Pass
005.SCG*LB2.CP-7++9.N.16.10-2.12-4W9	dicat	NO MATCH	99301	Mood#Sub|Number#Sing|Person#3|Tense#Pres|VerbForm#Fin|Voice#Act
005.SCG*LB2.CP-2++5.N.17.4-2.5-7W7	dicitur	NO MATCH	99301	Mood#Ind|Number#Sing|Person#3|Tense#Pres|VerbForm#Fin|Voice#Pass
005.SCG*LB3.CP16++2.N.-6.1-1.2-1W4	dicitur	NO MATCH	99301	Mood#Ind|Number#Sing|Person#3|Tense#Pres|VerbForm#Fin|Voice#Pass
005.SCG*LB4.CP-3++7.N.-9.5-1.8-2W5	dicitur	NO MATCH	99301	Aspect#Imp|Mood#Ind|Number#Sing|Person#3|Tense#Pres|VerbForm#Fin|Voice#Pass
005.SCG*LB3.CP-4++6.N.-2.1-1.2-7W4	dici	NO MATCH	99301	Tense#Pres|VerbForm#Inf|Voice#Pass
005.SCG*LB3.CP-7++5.N.15.6-3.8-5W8	dicebant	NO MATCH	99301	Aspect#Imp|Mood#Ind|Number#Plur|Person#3|Tense#Imp|VerbForm#Fin|Voice#Act
005.SCG*LB1.CP-3++0.N.-4.1-1.7-6W26	dicimus	NO MATCH	99301	Mood#Ind|Number#Plur|Person#1|Tense#Pres|VerbForm#Fin|Voice#Act
005.SCG*LB4.CP-2++9.N.13.2-6.3-3W5	dicitur	NO MATCH	99301	Aspect#Imp|Mood#Ind|Number#Sing|Person#3|Tense#Pres|VerbForm#Fin|Voice#Pass
005.SCG*LB2.CP-7++8.N.-9.8-1.10-7W11	dixit	NO MATCH	99301	Aspect#Perf|Mood#Ind|Number#Sing|Person#3|Tense#Past|VerbForm#Fin|Voice#Act
005.SCG*LB3.CP--++8.N.12.8-1.10-1W5	dicitur	NO MATCH	99301	Mood#Ind|Number#Sing|Person#3|Tense#Pres|VerbForm#Fin|Voice#Pass
005.SCG*LB1.CP-7++6.N.-2.1-1.5-4W29	fit	NO MATCH	102758	Mood#Ind|Number#Sing|Person#3|Tense#Pres|VerbForm#Fin|Voice#Pass
005.SCG*LB3.CP-2++0.N.-6.8-1.10-3W5	dicitur	NO MATCH	99301	Mood#Ind|Number#Sing|Person#3|Tense#Pres|VerbForm#Fin|Voice#Pass
005.SCG*LB3.CP15++0.N.-2.19-4.23-3W6	dicitur	NO MATCH	99301	Mood#Ind|Number#Sing|Person#3|Tense#Pres|VerbForm#Fin|Voice#Pass
005.SCG*LB3.CP-8++0.N.10.5-2.6-1W3	fit	NO MATCH	102758	Mood#Ind|Number#Sing|Person#3|Tense#Pres|VerbForm#Fin|Voice#Pass
005.SCG*LB2.CP-1++6.N.-2.11-5.15-2W26	essendi	NO MATCH	126689	Case#Gen|Degree#Pos|Number#Sing|VerbForm#Ger|Voice#Act
005.SCG*LB1.CP-6++6.N.-5.6-4.10-2W22	dictis	NO MATCH	99301	Aspect#Perf|Case#Abl|Degree#Pos|Gender#Neut|Number#Plur|Tense#Past|VerbForm#Part|Voice#Pass
005.SCG*LB2.CP-6++0.N.-1.1-1.3-1W6	praedictam	NO MATCH	118832	Aspect#Perf|Case#Acc|Degree#Pos|Gender#Fem|Number#Sing|Tense#Past|VerbForm#Part|Voice#Pass
005.SCG*LB4.CP-7++8.N.-5.11-4.12-8W7	dicitur	NO MATCH	99301	Aspect#Imp|Mood#Ind|Number#Sing|Person#3|Tense#Pres|VerbForm#Fin|Voice#Pass
005.SCG*LB1.CP-6++6.N.10.5-5.7-4W5	dicuntur	NO MATCH	99301	Mood#Ind|Number#Plur|Person#3|Tense#Pres|VerbForm#Fin|Voice#Pass
005.SCG*LB2.CP-6++9.N.-4.4-3.7-3W21	dictum	NO MATCH	99301	Aspect#Perf|Case#Nom|Degree#Pos|Gender#Neut|Number#Sing|Tense#Past|VerbForm#Part|Voice#Pass
005.SCG*LB4.CP-8++3.N.23.7-2.9-7W6	dicitur	NO MATCH	99301	Aspect#Imp|Mood#Ind|Number#Sing|Person#3|Tense#Pres|VerbForm#Fin|Voice#Pass
005.SCG*LB1.CP--++3.N.-7.7-2.7-5W1	dicitur	NO MATCH	99301	Mood#Ind|Number#Sing|Person#3|Tense#Pres|VerbForm#Fin|Voice#Pass
005.SCG*LB3.CP-2++0.N.-4.35-2.37-6W7	dicta	NO MATCH	99301	Aspect#Perf|Case#Nom|Degree#Pos|Gender#Fem|Number#Sing|Tense#Past|VerbForm#Part|Voice#Pass
005.SCG*LB4.CP--++8.N.-9.38-3.40-2W3	dixit	NO MATCH	99301	Aspect#Perf|Mood#Ind|Number#Sing|Person#3|Tense#Past|VerbForm#Fin|Voice#Act
005.SCG*LB4.CP-7++2.N.14.16-1.18-2W3	subiiciendo	NO MATCH	126114	Aspect#Perf|Case#Abl|Degree#Pos|Number#Sing|VerbForm#Ger|Voice#Act
005.SCG*LB4.CP-5++1.N.-4.1-1.5-1W4	dicatur	NO MATCH	99301	Aspect#Imp|Mood#Sub|Number#Sing|Person#3|Tense#Pres|VerbForm#Fin|Voice#Pass
005.SCG*LB3.CP-4++0.N.-4.16-5.19-1W14	dictis	NO MATCH	99301	Aspect#Perf|Case#Abl|Degree#Pos|Gender#Neut|Number#Plur|Tense#Past|VerbForm#Part|Voice#Pass
005.SCG*LB4.CP-6++0.N.-3.1-1.3-6W1	convenienter	NO MATCH	96424	Degree#Pos
005.SCG*LB4.CP-2++0.N.-4.7-5.8-3W4	dicitur	NO MATCH	99301	Aspect#Imp|Mood#Ind|Number#Sing|Person#3|Tense#Pres|VerbForm#Fin|Voice#Pass
005.SCG*LB4.CP-7++4.N.-1.6-6.9-3W4	praedictorum	NO MATCH	118832	Aspect#Perf|Case#Gen|Degree#Pos|Gender#Neut|Number#Plur|Tense#Past|VerbForm#Part|Voice#Pass
005.SCG*LB4.CP-9++7.N.-3.28-1.31-2W15	consequens	NO MATCH	96035	Aspect#Imp|Case#Nom|Degree#Pos|Gender#Neut|Number#Sing|Tense#Pres|VerbForm#Part|Voice#Pass
005.SCG*LB4.CP-5++1.N.-7.1-1.6-1W3	dicatur	NO MATCH	99301	Aspect#Imp|Mood#Sub|Number#Sing|Person#3|Tense#Pres|VerbForm#Fin|Voice#Pass
005.SCG*LB2.CP-8++7.N.-3.17-3.19-8W14	fieri	NO MATCH	102758	Tense#Pres|VerbForm#Inf|Voice#Pass
005.SCG*LB3.CP--++4.N.-6.1-1.3-4W5	dicit	NO MATCH	99301	Mood#Ind|Number#Sing|Person#3|Tense#Pres|VerbForm#Fin|Voice#Act
005.SCG*LB3.CP14++6.N.-8.7-7.9-3W7	dictum	NO MATCH	99301	Aspect#Perf|Case#Nom|Degree#Pos|Gender#Neut|Number#Sing|Tense#Past|VerbForm#Part|Voice#Pass
005.SCG*LB1.CP-3++2.N.-2.11-1.12-7W11	dici	NO MATCH	99301	Tense#Pres|VerbForm#Inf|Voice#Pass
005.SCG*LB4.CP-3++2.N.-7.1-2.3-4W9	dici	NO MATCH	99301	Aspect#Imp|Tense#Pres|VerbForm#Inf|Voice#Pass
005.SCG*LB3.CP14++1.N.-6.16-4.18-2W12	dictum	NO MATCH	99301	Aspect#Perf|Case#Nom|Degree#Pos|Gender#Neut|Number#Sing|Tense#Past|VerbForm#Part|Voice#Pass
005.SCG*LB4.CP-1++6.N.13.6-1.10-6W35	dicens	NO MATCH	99301	Aspect#Imp|Case#Nom|Degree#Pos|Gender#Masc|Number#Sing|Tense#Pres|VerbForm#Part|Voice#Act
005.SCG*LB3.CP-6++2.N.-2.3-5.5-7W3	praedicta	NO MATCH	118832	Aspect#Perf|Case#Nom|Degree#Pos|Gender#Fem|Number#Sing|Tense#Past|VerbForm#Part|Voice#Pass
005.SCG*LB3.CP10++4.N.-3.5-1.6-5W7	fiant	NO MATCH	102758	Mood#Sub|Number#Plur|Person#3|Tense#Pres|VerbForm#Fin|Voice#Pass
005.SCG*LB3.CP-6++5.N.-4.4-3.6-2W9	consequens	NO MATCH	96035	Case#Acc|Degree#Pos|Gender#Neut|Number#Sing|Tense#Pres|VerbForm#Part|Voice#Pass
005.SCG*LB4.CP-3++8.N.-6.2-3.5-5W5	dicimus	NO MATCH	99301	Aspect#Imp|Mood#Ind|Number#Plur|Person#1|Tense#Pres|VerbForm#Fin|Voice#Act
005.SCG*LB4.CP-1++4.N.15.1-1.2-2W6	dicta	NO MATCH	99301	Aspect#Perf|Case#Nom|Degree#Pos|Gender#Neut|Number#Plur|Tense#Past|VerbForm#Part|Voice#Pass
005.SCG*LB4.CP-5++6.N.-2.27-1.31-5W20	fieri	NO MATCH	102758	Aspect#Imp|Tense#Pres|VerbForm#Inf|Voice#Pass
005.SCG*LB4.CP-7++6.N.-8.1-1.3-6W4	dici	NO MATCH	99301	Aspect#Imp|Tense#Pres|VerbForm#Inf|Voice#Pass
005.SCG*LB3.CP12++0.N.23.9-3.10-3W4	dicitur	NO MATCH	99301	Mood#Ind|Number#Sing|Person#3|Tense#Pres|VerbForm#Fin|Voice#Pass
005.SCG*LB4.CP--++1.N.14.10-4.13-4W8	occulte	NO MATCH	114609	Degree#Pos
005.SCG*LB4.CP-2++3.N.-7.10-4.14-3W23	volitum	NO MATCH	130745	Aspect#Perf|Case#Acc|Degree#Pos|Gender#Neut|Number#Sing|Tense#Past|VerbForm#Part|VerbType#Mod|Voice#Pass
005.SCG*LB1.CP-1++1.N.-1.20-2.23-1W3	fit	NO MATCH	102758	Mood#Ind|Number#Sing|Person#3|Tense#Pres|VerbForm#Fin|Voice#Pass
005.SCG*LB4.CP--++4.N.-2.1-1.4-1W17	dici	NO MATCH	99301	Aspect#Imp|Tense#Pres|VerbForm#Inf|Voice#Pass
005.SCG*LB4.CP-4++9.N.12.7-4.10-3W13	dictum	NO MATCH	99301	Aspect#Perf|Case#Nom|Degree#Pos|Gender#Neut|Number#Sing|Tense#Past|VerbForm#Part|Voice#Pass
005.SCG*LB2.CP-8++0.N.10.21-1.23-3W8	dixerunt	NO MATCH	99301	Aspect#Perf|Mood#Ind|Number#Plur|Person#3|Tense#Past|VerbForm#Fin|Voice#Act
005.SCG*LB4.CP--++9.N.-2.5-3.9-1W16	incoeperat	NO MATCH	106965	Aspect#Perf|Mood#Ind|Number#Sing|Person#3|Tense#Pqp|VerbForm#Fin|Voice#Act
005.SCG*LB3.CP13++8.N.-9.1-1.2-7W12	fit	NO MATCH	102758	Mood#Ind|Number#Sing|Person#3|Tense#Pres|VerbForm#Fin|Voice#Pass
005.SCG*LB4.CP-1++3.N.-8.6-4.8-3W3	dicit	NO MATCH	99301	Aspect#Imp|Mood#Ind|Number#Sing|Person#3|Tense#Pres|VerbForm#Fin|Voice#Act
005.SCG*LB4.CP--++6.N.-1.1-1.7-1W40	dixerat	NO MATCH	99301	Aspect#Perf|Mood#Ind|Number#Sing|Person#3|Tense#Pqp|VerbForm#Fin|Voice#Act
005.SCG*LB4.CP-2++6.N.-1.1-1.5-6W5	dicta	NO MATCH	99301	Aspect#Perf|Case#Nom|Degree#Pos|Gender#Neut|Number#Plur|Tense#Past|VerbForm#Part|Voice#Pass
005.SCG*LB2.CP-7++0.N.-6.1-1.5-4W4	dici	NO MATCH	99301	Tense#Pres|VerbForm#Inf|Voice#Pass
005.SCG*LB4.CP-7++9.N.12.13-3.14-2W8	sublimatique	NO MATCH	126190	Aspect#Perf|Case#Nom|Degree#Pos|Gender#Masc|Number#Plur|Tense#Past|VerbForm#Part|Voice#Pass
005.SCG*LB3.CP--++2.N.-4.8-1.10-4W9	fieri	NO MATCH	102758	Tense#Pres|VerbForm#Inf|Voice#Pass
005.SCG*LB3.CP15++1.N.-4.1-2.6-1W7	obiectum	NO MATCH	114227	Case#Nom|Degree#Pos|Gender#Neut|Number#Sing
005.SCG*LB4.CP-3++4.N.16.12-2.15-5W3	dicit	NO MATCH	99301	Aspect#Imp|Mood#Ind|Number#Sing|Person#3|Tense#Pres|VerbForm#Fin|Voice#Act
005.SCG*LB3.CP11++1.N.-1.12-7.15-2W15	dictis	NO MATCH	99301	Aspect#Perf|Case#Abl|Degree#Pos|Gender#Neut|Number#Plur|Tense#Past|VerbForm#Part|Voice#Pass
005.SCG*LB4.CP-3++2.N.11.1-1.6-1W4	dici	NO MATCH	99301	Aspect#Imp|Tense#Pres|VerbForm#Inf|Voice#Pass
005.SCG*LB4.CP-3++4.N.25.13-1.16-1W23	sanctificato	NO MATCH	123318	Aspect#Perf|Case#Abl|Degree#Pos|Gender#Masc|Number#Sing|Tense#Past|VerbForm#Part|Voice#Pass
005.SCG*LB3.CP10++3.N.-9.1-1.4-4W9	dici	NO MATCH	99301	Tense#Pres|VerbForm#Inf|Voice#Pass
005.SCG*LB2.CP-4++3.N.-9.5-4.9-1W16	fiunt	NO MATCH	102758	Mood#Ind|Number#Plur|Person#3|Tense#Pres|VerbForm#Fin|Voice#Pass
005.SCG*LB4.CP-3++7.N.-7.2-3.4-2W3	dicitur	NO MATCH	99301	Aspect#Imp|Mood#Ind|Number#Sing|Person#3|Tense#Pres|VerbForm#Fin|Voice#Pass
005.SCG*LB4.CP-2++3.N.-3.7-1.9-2W15	dictum	NO MATCH	99301	Aspect#Perf|Case#Nom|Degree#Pos|Gender#Neut|Number#Sing|Tense#Past|VerbForm#Part|Voice#Pass
005.SCG*LB4.CP-3++5.N.-8.23-1.24-3W5	fieri	NO MATCH	102758	Aspect#Imp|Tense#Pres|VerbForm#Inf|Voice#Pass
005.SCG*LB4.CP-2++4.N.12.18-6.20-3W5	dicere	NO MATCH	99301	Aspect#Imp|Tense#Pres|VerbForm#Inf|Voice#Act
005.SCG*LB2.CP-8++3.N.-2.2-7.6-4W22	essendi	NO MATCH	126689	Case#Gen|Degree#Pos|Number#Sing|VerbForm#Ger|Voice#Act
005.SCG*LB3.CP-5++0.N.-7.7-1.8-2W1	intensius	NO MATCH	108382	Degree#Cmp
005.SCG*LB3.CP12++8.N.-6.4-2.4-6W3	dicitur	NO MATCH	99301	Mood#Ind|Number#Sing|Person#3|Tense#Pres|VerbForm#Fin|Voice#Pass
005.SCG*LB3.CP-9++4.N.-3.5-6.6-2W2	consequens	NO MATCH	96035	Case#Nom|Degree#Pos|Gender#Neut|Number#Sing|Tense#Pres|VerbForm#Part|Voice#Pass
005.SCG*LB1.CP--++6.N.-3.1-1.10-5W4	praedictae	NO MATCH	118832	Aspect#Perf|Case#Gen|Degree#Pos|Gender#Fem|Number#Sing|Tense#Past|VerbForm#Part|Voice#Pass
005.SCG*LB2.CP-1++2.N.-4.1-2.6-4W3	dicuntur	NO MATCH	99301	Mood#Ind|Number#Plur|Person#3|Tense#Pres|VerbForm#Fin|Voice#Pass
005.SCG*LB1.CP-2++0.N.16.20-4.22-1W8	praedicta	NO MATCH	118832	Aspect#Perf|Case#Abl|Degree#Pos|Gender#Fem|Number#Sing|Tense#Past|VerbForm#Part|Voice#Pass
005.SCG*LB3.CP-5++0.N.-3.3-1.4-3W4	incoeperunt	NO MATCH	106965	Aspect#Perf|Mood#Ind|Number#Plur|Person#3|Tense#Past|VerbForm#Fin|Voice#Act
005.SCG*LB2.CP-4++3.N.-4.2-4.2-9W3	fieri	NO MATCH	102758	Tense#Pres|VerbForm#Inf|Voice#Pass
005.SCG*LB4.CP-1++1.N.-3.24-1.26-2W4	diligenter	NO MATCH	99463	Degree#Pos
005.SCG*LB3.CP-2++7.N.-3.6-2.8-1W6	praedictis	NO MATCH	118832	Aspect#Perf|Case#Abl|Degree#Pos|Gender#Fem|Number#Plur|Tense#Past|VerbForm#Part|Voice#Pass
005.SCG*LB3.CP12++0.N.24.10-1.12-4W3	indicitur	NO MATCH	107327	Mood#Ind|Number#Sing|Person#3|Tense#Pres|VerbForm#Fin|Voice#Pass
005.SCG*LB4.CP-2++6.N.-4.9-1.11-5W21	dictis	NO MATCH	99301	Aspect#Perf|Case#Abl|Degree#Pos|Gender#Neut|Number#Plur|Tense#Past|VerbForm#Part|Voice#Pass
005.SCG*LB4.CP-5++5.N.-9.6-4.9-5W13	praedicta	NO MATCH	118832	Aspect#Perf|Case#Nom|Degree#Pos|Gender#Fem|Number#Sing|Tense#Past|VerbForm#Part|Voice#Pass
005.SCG*LB1.CP-2++6.N.-6.5-6.7-5W11	diceretur	NO MATCH	99301	Aspect#Imp|Mood#Sub|Number#Sing|Person#3|Tense#Imp|VerbForm#Fin|Voice#Pass
005.SCG*LB1.CP-8++5.N.-5.13-3.14-5W8	volitis	NO MATCH	130745	Aspect#Perf|Case#Abl|Degree#Pos|Gender#Fem|Number#Plur|Tense#Past|VerbForm#Part|VerbType#Mod|Voice#Pass
005.SCG*LB1.CP-9++8.N.-2.6-5.10-9W6	dicatur	NO MATCH	99301	Mood#Sub|Number#Sing|Person#3|Tense#Pres|VerbForm#Fin|Voice#Pass
005.SCG*LB4.CP-1++8.N.-6.6-1.8-9W6	dicente	NO MATCH	99301	Aspect#Imp|Case#Abl|Degree#Pos|Gender#Masc|Number#Sing|Tense#Pres|VerbForm#Part|Voice#Act
005.SCG*LB4.CP-6++1.N.-4.8-3.9-6W7	dixit	NO MATCH	99301	Aspect#Perf|Mood#Ind|Number#Sing|Person#3|Tense#Past|VerbForm#Fin|Voice#Act
005.SCG*LB3.CP11++9.N.-8.6-2.7-6W14	dicuntur	NO MATCH	99301	Mood#Ind|Number#Plur|Person#3|Tense#Pres|VerbForm#Fin|Voice#Pass
005.SCG*LB1.CP-2++7.N.-3.1-2.2-5W9	essendi	NO MATCH	126689	Case#Gen|Degree#Pos|Number#Sing|VerbForm#Ger|Voice#Act
005.SCG*LB3.CP-5++0.N.-6.4-5.10-3W12	praedicto	NO MATCH	118832	Aspect#Perf|Case#Abl|Degree#Pos|Gender#Masc|Number#Sing|Tense#Past|VerbForm#Part|Voice#Pass
005.SCG*LB4.CP-7++2.N.11.9-1.17-6W56	fieri	NO MATCH	102758	Aspect#Imp|Tense#Pres|VerbForm#Inf|Voice#Pass
005.SCG*LB1.CP-7++7.N.-5.1-2.7-5W10	fit	NO MATCH	102758	Mood#Ind|Number#Sing|Person#3|Tense#Pres|VerbForm#Fin|Voice#Pass
005.SCG*LB3.CP-2++5.N.-2.5-2.9-6W18	fit	NO MATCH	102758	Mood#Ind|Number#Sing|Person#3|Tense#Pres|VerbForm#Fin|Voice#Pass
005.SCG*LB3.CP--++5.N.13.6-3.11-6W20	proiicit	NO MATCH	119771	Mood#Ind|Number#Sing|Person#3|Tense#Pres|VerbForm#Fin|Voice#Act
005.SCG*LB3.CP12++0.N.23.5-1.9-2W5	praedictas	NO MATCH	118832	Aspect#Perf|Case#Acc|Degree#Pos|Gender#Fem|Number#Plur|Tense#Past|VerbForm#Part|Voice#Pass
005.SCG*LB2.CP-6++0.N.11.14-1.18-3W5	dicitur	NO MATCH	99301	Mood#Ind|Number#Sing|Person#3|Tense#Pres|VerbForm#Fin|Voice#Pass
005.SCG*LB3.CP-7++4.N.-3.4-6.8-1W21	dictis	NO MATCH	99301	Aspect#Perf|Case#Abl|Degree#Pos|Gender#Neut|Number#Plur|Tense#Past|VerbForm#Part|Voice#Pass
005.SCG*LB4.CP-8++5.N.-5.1-1.6-2W31	fiet	NO MATCH	102758	Aspect#Imp|Mood#Ind|Number#Sing|Person#3|Tense#Fut|VerbForm#Fin|Voice#Pass
005.SCG*LB2.CP-8++0.N.16.12-1.17-3W3	dicit	NO MATCH	99301	Mood#Ind|Number#Sing|Person#3|Tense#Pres|VerbForm#Fin|Voice#Act
005.SCG*LB1.CP-4++4.N.-7.13-1.15-7W13	necesse-esse	NO MATCH	126689	Tense#Pres|VerbForm#Inf|Voice#Act
005.SCG*LB4.CP-2++3.N.14.2-4.5-2W16	dicta	NO MATCH	99301	Aspect#Perf|Case#Nom|Degree#Pos|Gender#Neut|Number#Plur|Tense#Past|VerbForm#Part|Voice#Pass
005.SCG*LB3.CP13++2.N.15.1-1.4-2W4	dicat	NO MATCH	99301	Mood#Sub|Number#Sing|Person#3|Tense#Pres|VerbForm#Fin|Voice#Act
005.SCG*LB2.CP-2++8.N.16.39-1.42-2W4	praedictis	NO MATCH	118832	Aspect#Perf|Case#Abl|Degree#Pos|Gender#Fem|Number#Plur|Tense#Past|VerbForm#Part|Voice#Pass
005.SCG*LB1.CP-9++3.N.12.21-3.23-3W3	praedictae	NO MATCH	118832	Aspect#Perf|Case#Nom|Degree#Pos|Gender#Fem|Number#Plur|Tense#Past|VerbForm#Part|Voice#Pass
005.SCG*LB2.CP-5++0.N.-3.10-2.11-6W8	fiunt	NO MATCH	102758	Mood#Ind|Number#Plur|Person#3|Tense#Pres|VerbForm#Fin|Voice#Pass
005.SCG*LB4.CP-3++9.N.-2.15-4.19-2W18	dicere	NO MATCH	99301	Aspect#Imp|Tense#Pres|VerbForm#Inf|Voice#Act
005.SCG*LB4.CP-3++9.N.-1.1-1.8-5W3	dictis	NO MATCH	99301	Aspect#Perf|Case#Abl|Degree#Pos|Gender#Neut|Number#Plur|Tense#Past|VerbForm#Part|Voice#Pass
005.SCG*LB3.CP-9++3.N.-6.13-3.14-3W8	dicit	NO MATCH	99301	Mood#Ind|Number#Sing|Person#3|Tense#Pres|VerbForm#Fin|Voice#Act
005.SCG*LB2.CP-7++8.N.-8.4-1.7-5W15	dixerat	NO MATCH	99301	Aspect#Perf|Mood#Ind|Number#Sing|Person#3|Tense#Pqp|VerbForm#Fin|Voice#Act
005.SCG*LB1.CP-5++0.N.-1.1-1.8-3W27	essendi	NO MATCH	126689	Case#Gen|Degree#Pos|Number#Sing|VerbForm#Ger|Voice#Act
005.SCG*LB2.CP-5++4.N.-3.3-2.4-5W9	dicere	NO MATCH	99301	Tense#Pres|VerbForm#Inf|Voice#Act
005.SCG*LB3.CP--++5.N.-3.1-2.2-6W7	dicit	NO MATCH	99301	Mood#Ind|Number#Sing|Person#3|Tense#Pres|VerbForm#Fin|Voice#Act
005.SCG*LB4.CP-1++6.N.-5.7-4.8-1W4	dicitur	NO MATCH	99301	Aspect#Imp|Mood#Ind|Number#Sing|Person#3|Tense#Pres|VerbForm#Fin|Voice#Pass
005.SCG*LB4.CP-3++5.N.-4.20-5.22-7W4	dici	NO MATCH	99301	Aspect#Imp|Tense#Pres|VerbForm#Inf|Voice#Pass
005.SCG*LB4.CP-1++3.N.-5.22-6.26-2W16	dicit	NO MATCH	99301	Aspect#Imp|Mood#Ind|Number#Sing|Person#3|Tense#Pres|VerbForm#Fin|Voice#Act
005.SCG*LB1.CP-4++0.N.-1.1-1.2-6W4	praedictis	NO MATCH	118832	Aspect#Perf|Case#Abl|Degree#Pos|Gender#Neut|Number#Plur|Tense#Past|VerbForm#Part|Voice#Pass
005.SCG*LB3.CP10++9.N.-8.5-5.9-7W12	consequens	NO MATCH	96035	Case#Nom|Degree#Pos|Gender#Neut|Number#Sing|Tense#Pres|VerbForm#Part|Voice#Pass
005.SCG*LB1.CP-6++6.N.-4.1-2.4-2W20	dictis	NO MATCH	99301	Aspect#Perf|Case#Abl|Degree#Pos|Gender#Neut|Number#Plur|Tense#Past|VerbForm#Part|Voice#Pass
005.SCG*LB3.CP-2++2.N.-6.9-1.10-1W6	divisim	NO MATCH	99932	Aspect#Perf|Case#Loc|Degree#Pos|Number#Sing|Tense#Past|VerbForm#Part|Voice#Pass
005.SCG*LB2.CP-6++8.N.-5.1-1.3-7W3	convenienter	NO MATCH	96424	Degree#Pos
005.SCG*LB3.CP-8++9.N.-3.3-2.4-2W1	dicitur	NO MATCH	99301	Mood#Ind|Number#Sing|Person#3|Tense#Pres|VerbForm#Fin|Voice#Pass
005.SCG*LB2.CP-7++3.N.26.1-2.5-6W2	praedictarum	NO MATCH	118832	Aspect#Perf|Case#Gen|Degree#Pos|Gender#Fem|Number#Plur|Tense#Past|VerbForm#Part|Voice#Pass
005.SCG*LB2.CP-5++6.N.13.9-3.11-2W6	fit	NO MATCH	102758	Mood#Ind|Number#Sing|Person#3|Tense#Pres|VerbForm#Fin|Voice#Pass
005.SCG*LB3.CP-2++0.N.-5.20-1.22-3W6	dici	NO MATCH	99301	Tense#Pres|VerbForm#Inf|Voice#Pass
005.SCG*LB1.CP-2++8.N.-2.13-5.17-2W12	essendi	NO MATCH	126689	Case#Gen|Degree#Pos|Number#Sing|VerbForm#Ger|Voice#Act
005.SCG*LB3.CP12++7.N.-5.1-1.2-2W5	dicit	NO MATCH	99301	Mood#Ind|Number#Sing|Person#3|Tense#Pres|VerbForm#Fin|Voice#Act
005.SCG*LB2.CP-8++9.N.-6.8-6.12-4W21	praedictam	NO MATCH	118832	Aspect#Perf|Case#Acc|Degree#Pos|Gender#Fem|Number#Sing|Tense#Past|VerbForm#Part|Voice#Pass
005.SCG*LB3.CP-9++2.N.-7.7-1.10-3W6	dici	NO MATCH	99301	Tense#Pres|VerbForm#Inf|Voice#Pass
005.SCG*LB2.CP-2++1.N.10.15-8.16-9W11	essendi	NO MATCH	126689	Case#Gen|Degree#Pos|Number#Sing|VerbForm#Ger|Voice#Act
005.SCG*LB3.CP-2++7.N.-2.4-1.7-2W18	concomitantes	NO MATCH	95553	Case#Nom|Degree#Pos|Gender#Masc|Number#Plur|Tense#Pres|VerbForm#Part|Voice#Pass
005.SCG*LB4.CP-4++0.N.12.5-6.6-7W6	dicetur	NO MATCH	99301	Aspect#Imp|Mood#Ind|Number#Sing|Person#3|Tense#Fut|VerbForm#Fin|Voice#Pass
005.SCG*LB4.CP--++8.N.-4.3-3.5-8W11	dici	NO MATCH	99301	Aspect#Imp|Tense#Pres|VerbForm#Inf|Voice#Pass
005.SCG*LB2.CP-8++0.N.-2.12-4.15-2W19	dicit	NO MATCH	99301	Mood#Ind|Number#Sing|Person#3|Tense#Pres|VerbForm#Fin|Voice#Act
005.SCG*LB3.CP-4++1.N.11.1-1.7-2W34	praedictas	NO MATCH	118832	Aspect#Perf|Case#Acc|Degree#Pos|Gender#Fem|Number#Plur|Tense#Past|VerbForm#Part|Voice#Pass
005.SCG*LB1.CP-4++2.N.-9.47-1.49-4W18	essendi	NO MATCH	126689	Case#Gen|Degree#Pos|Number#Sing|VerbForm#Ger|Voice#Act
005.SCG*LB1.CP-6++7.N.-8.1-1.3-3W4	dictis	NO MATCH	99301	Aspect#Perf|Case#Abl|Degree#Pos|Gender#Neut|Number#Plur|Tense#Past|VerbForm#Part|Voice#Pass
005.SCG*LB3.CP-3++8.N.-5.11-1.11-5W1	dixit	NO MATCH	99301	Aspect#Perf|Mood#Ind|Number#Sing|Person#3|Tense#Past|VerbForm#Fin|Voice#Act
005.SCG*LB1.CP--++7.N.-2.6-3.11-1W26	praedictam	NO MATCH	118832	Aspect#Perf|Case#Acc|Degree#Pos|Gender#Fem|Number#Sing|Tense#Past|VerbForm#Part|Voice#Pass
005.SCG*LB3.CP11++8.N.-7.1-1.4-1W7	dicentium	NO MATCH	99301	Case#Gen|Degree#Pos|Gender#Masc|Number#Plur|Tense#Pres|VerbForm#Part|Voice#Act
005.SCG*LB1.CP-3++4.N.-2.26-6.29-2W13	dicitur	NO MATCH	99301	Mood#Ind|Number#Sing|Person#3|Tense#Pres|VerbForm#Fin|Voice#Pass
005.SCG*LB2.CP-7++3.N.33.1-2.5-5W27	dicentium	NO MATCH	99301	Case#Gen|Degree#Pos|Gender#Masc|Number#Plur|Tense#Pres|VerbForm#Part|Voice#Act
005.SCG*LB4.CP-3++8.N.-1.10-1.14-7W17	dicunt	NO MATCH	99301	Aspect#Imp|Mood#Ind|Number#Plur|Person#3|Tense#Pres|VerbForm#Fin|Voice#Act
005.SCG*LB2.CP-9++2.N.12.6-1.11-5W7	dixit	NO MATCH	99301	Aspect#Perf|Mood#Ind|Number#Sing|Person#3|Tense#Past|VerbForm#Fin|Voice#Act
005.SCG*LB2.CP-7++4.N.-2.4-3.7-5W4	fit	NO MATCH	102758	Mood#Ind|Number#Sing|Person#3|Tense#Pres|VerbForm#Fin|Voice#Pass
005.SCG*LB3.CP13++1.N.-8.2-4.8-2W1	dicitur	NO MATCH	99301	Mood#Ind|Number#Sing|Person#3|Tense#Pres|VerbForm#Fin|Voice#Pass
005.SCG*LB3.CP14++6.N.-6.1-1.2-3W5	dicit	NO MATCH	99301	Mood#Ind|Number#Sing|Person#3|Tense#Pres|VerbForm#Fin|Voice#Act
005.SCG*LB3.CP12++0.N.22.1-1.2-8W5	dictis	NO MATCH	99301	Aspect#Perf|Case#Abl|Degree#Pos|Gender#Neut|Number#Plur|Tense#Past|VerbForm#Part|Voice#Pass
005.SCG*LB1.CP-6++0.N.-5.5-2.11-4W3	dicit	NO MATCH	99301	Mood#Ind|Number#Sing|Person#3|Tense#Pres|VerbForm#Fin|Voice#Act
005.SCG*LB2.CP-1++2.N.-3.8-1.10-9W7	dicatur	NO MATCH	99301	Mood#Sub|Number#Sing|Person#3|Tense#Pres|VerbForm#Fin|Voice#Pass
005.SCG*LB1.CP-4++1.N.-6.1-1.2-1W4	dicitur	NO MATCH	99301	Mood#Ind|Number#Sing|Person#3|Tense#Pres|VerbForm#Fin|Voice#Pass
005.SCG*LB2.CP-7++8.N.-7.1-1.5-4W23	dixerunt	NO MATCH	99301	Aspect#Perf|Mood#Ind|Number#Plur|Person#3|Tense#Past|VerbForm#Fin|Voice#Act
005.SCG*LB1.CP-7++7.N.-1.1-1.3-3W6	volitorum	NO MATCH	130745	Aspect#Perf|Case#Gen|Degree#Pos|Gender#Neut|Number#Plur|Tense#Past|VerbForm#Part|VerbType#Mod|Voice#Pass
005.SCG*LB3.CP15++5.N.10.12-5.17-3W5	dicimus	NO MATCH	99301	Mood#Ind|Number#Plur|Person#1|Tense#Pres|VerbForm#Fin|Voice#Act
005.SCG*LB3.CP12++9.N.11.1-1.3-3W6	dicentium	NO MATCH	99301	Case#Gen|Degree#Pos|Gender#Masc|Number#Plur|Tense#Pres|VerbForm#Part|Voice#Act
005.SCG*LB3.CP15++3.N.-6.4-2.4-5W4	dicitur	NO MATCH	99301	Mood#Ind|Number#Sing|Person#3|Tense#Pres|VerbForm#Fin|Voice#Pass
005.SCG*LB1.CP-9++2.N.-1.1-1.3-1W4	dictis	NO MATCH	99301	Aspect#Perf|Case#Abl|Degree#Pos|Gender#Neut|Number#Plur|Tense#Past|VerbForm#Part|Voice#Pass
005.SCG*LB4.CP-2++6.N.-5.16-2.18-2W13	dictis	NO MATCH	99301	Aspect#Perf|Case#Abl|Degree#Pos|Gender#Neut|Number#Plur|Tense#Past|VerbForm#Part|Voice#Pass
005.SCG*LB4.CP--++9.N.-6.24-3.26-8W13	dicatur	NO MATCH	99301	Aspect#Imp|Mood#Sub|Number#Sing|Person#3|Tense#Pres|VerbForm#Fin|Voice#Pass
005.SCG*LB3.CP-8++0.N.-7.6-1.9-2W2	dicit	NO MATCH	99301	Mood#Ind|Number#Sing|Person#3|Tense#Pres|VerbForm#Fin|Voice#Act
005.SCG*LB4.CP-3++8.N.-1.1-1.6-3W6	praedicta	NO MATCH	118832	Aspect#Perf|Case#Acc|Degree#Pos|Gender#Neut|Number#Plur|Tense#Past|VerbForm#Part|Voice#Pass
005.SCG*LB4.CP-2++4.N.-5.7-1.8-4W13	dicit	NO MATCH	99301	Aspect#Imp|Mood#Ind|Number#Sing|Person#3|Tense#Pres|VerbForm#Fin|Voice#Act
005.SCG*LB2.CP-8++0.N.10.29-1.31-5W15	expresse	NO MATCH	102229	Degree#Pos
005.SCG*LB2.CP-4++9.N.12.1-1.4-4W12	dicentes	NO MATCH	99301	Case#Nom|Degree#Pos|Gender#Masc|Number#Plur|Tense#Pres|VerbForm#Part|Voice#Act
005.SCG*LB2.CP-1++1.N.-2.1-2.3-4W6	dici	NO MATCH	99301	Tense#Pres|VerbForm#Inf|Voice#Pass
005.SCG*LB4.CP-8++4.N.16.1-1.3-6W17	dictum	NO MATCH	99301	Aspect#Perf|Case#Nom|Degree#Pos|Gender#Neut|Number#Sing|Tense#Past|VerbForm#Part|Voice#Pass
005.SCG*LB3.CP-9++4.N.12.5-4.6-2W6	contingenter	NO MATCH	93415	Degree#Pos
005.SCG*LB3.CP-9++4.N.12.5-4.6-2W6	contingenter	NO MATCH	96293	Degree#Pos
005.SCG*LB2.CP-6++1.N.-3.15-2.17-5W7	dixerit	NO MATCH	99301	Aspect#Perf|Mood#Sub|Number#Sing|Person#3|Tense#Past|VerbForm#Fin|Voice#Act
005.SCG*LB2.CP-2++2.N.-7.2-5.3-6W1	dicitur	NO MATCH	99301	Mood#Ind|Number#Sing|Person#3|Tense#Pres|VerbForm#Fin|Voice#Pass
005.SCG*LB3.CP13++3.N.-4.13-3.16-1W11	praedictis	NO MATCH	118832	Aspect#Perf|Case#Abl|Degree#Pos|Gender#Neut|Number#Plur|Tense#Past|VerbForm#Part|Voice#Pass
005.SCG*LB3.CP-1++8.N.-2.10-4.15-8W20	dicitur	NO MATCH	99301	Mood#Ind|Number#Sing|Person#3|Tense#Pres|VerbForm#Fin|Voice#Pass
005.SCG*LB2.CP-5++6.N.-5.3-4.8-5W33	alteratum	NO MATCH	88470	Aspect#Perf|Case#Acc|Degree#Pos|Gender#Neut|Number#Sing|Tense#Past|VerbForm#Part|Voice#Pass
005.SCG*LB3.CP-9++9.N.-2.27-3.30-2W6	fiunt	NO MATCH	102758	Mood#Ind|Number#Plur|Person#3|Tense#Pres|VerbForm#Fin|Voice#Pass
005.SCG*LB4.CP-2++9.N.-7.1-1.3-3W4	dicat	NO MATCH	99301	Aspect#Imp|Mood#Sub|Number#Sing|Person#3|Tense#Pres|VerbForm#Fin|Voice#Act
005.SCG*LB2.CP-5++5.N.-1.1-1.2-6W4	aperte	NO MATCH	89397	Degree#Pos
005.SCG*LB1.CP--++6.N.-1.1-1.5-1W28	dicitur	NO MATCH	99301	Mood#Ind|Number#Sing|Person#3|Tense#Pres|VerbForm#Fin|Voice#Pass
005.SCG*LB3.CP-6++5.N.10.8-4.9-6W11	fieri	NO MATCH	102758	Tense#Pres|VerbForm#Inf|Voice#Pass
005.SCG*LB2.CP-5++8.N.-4.1-1.6-1W14	praedictae	NO MATCH	118832	Aspect#Perf|Case#Nom|Degree#Pos|Gender#Fem|Number#Plur|Tense#Past|VerbForm#Part|Voice#Pass
005.SCG*LB4.CP--++9.N.-5.1-1.7-2W32	incoepit	NO MATCH	106965	Aspect#Perf|Mood#Ind|Number#Sing|Person#3|Tense#Past|VerbForm#Fin|Voice#Act
005.SCG*LB2.CP-5++2.N.-4.2-6.6-5W10	essendi	NO MATCH	126689	Case#Gen|Degree#Pos|Number#Sing|VerbForm#Ger|Voice#Act
005.SCG*LB4.CP-3++4.N.-2.68-1.73-5W39	praedicta	NO MATCH	118832	Aspect#Perf|Case#Acc|Degree#Pos|Gender#Neut|Number#Plur|Tense#Past|VerbForm#Part|Voice#Pass
005.SCG*LB4.CP--++8.N.-2.30-2.33-10W19	dicitur	NO MATCH	99301	Aspect#Imp|Mood#Ind|Number#Sing|Person#3|Tense#Pres|VerbForm#Fin|Voice#Pass
005.SCG*LB3.CP10++4.N.12.8-5.11-5W8	praedicentes	NO MATCH	118832	Case#Acc|Degree#Pos|Gender#Fem|Number#Plur|Tense#Pres|VerbForm#Part|Voice#Act
005.SCG*LB3.CP--++8.N.13.1-1.7-3W1	dicitur	NO MATCH	99301	Mood#Ind|Number#Sing|Person#3|Tense#Pres|VerbForm#Fin|Voice#Pass
005.SCG*LB3.CP-7++1.N.-8.6-6.11-7W15	ardentius	NO MATCH	89900	Degree#Cmp
005.SCG*LB4.CP-1++6.N.-2.1-1.2-2W1	dicitur	NO MATCH	99301	Aspect#Imp|Mood#Ind|Number#Sing|Person#3|Tense#Pres|VerbForm#Fin|Voice#Pass
005.SCG*LB3.CP-6++5.N.10.10-1.16-1W6	dicuntur	NO MATCH	99301	Mood#Ind|Number#Plur|Person#3|Tense#Pres|VerbForm#Fin|Voice#Pass
005.SCG*LB3.CP15++4.N.-9.15-3.18-3W6	fiunt	NO MATCH	102758	Mood#Ind|Number#Plur|Person#3|Tense#Pres|VerbForm#Fin|Voice#Pass
005.SCG*LB2.CP-6++4.N.-4.1-2.1-4W2	dicitur	NO MATCH	99301	Mood#Ind|Number#Sing|Person#3|Tense#Pres|VerbForm#Fin|Voice#Pass
005.SCG*LB4.CP-2++4.N.12.21-1.25-8W28	dicatur	NO MATCH	99301	Aspect#Imp|Mood#Sub|Number#Sing|Person#3|Tense#Pres|VerbForm#Fin|Voice#Pass
005.SCG*LB3.CP12++0.N.22.3-1.3-6W4	dicitur	NO MATCH	99301	Mood#Ind|Number#Sing|Person#3|Tense#Pres|VerbForm#Fin|Voice#Pass
005.SCG*LB3.CP16++2.N.-6.5-4.5-7W4	dicitur	NO MATCH	99301	Mood#Ind|Number#Sing|Person#3|Tense#Pres|VerbForm#Fin|Voice#Pass
005.SCG*LB3.CP-7++6.N.-6.17-5.19-4W6	dicuntur	NO MATCH	99301	Mood#Ind|Number#Plur|Person#3|Tense#Pres|VerbForm#Fin|Voice#Pass
005.SCG*LB2.CP-7++8.N.-9.27-6.32-2W15	fit	NO MATCH	102758	Mood#Ind|Number#Sing|Person#3|Tense#Pres|VerbForm#Fin|Voice#Pass
005.SCG*LB4.CP-6++2.N.-1.1-1.3-6W14	dicentes	NO MATCH	99301	Aspect#Imp|Case#Nom|Degree#Pos|Gender#Masc|Number#Plur|Tense#Pres|VerbForm#Part|Voice#Act
005.SCG*LB2.CP-8++3.N.25.44-3.51-6W17	ordinate	NO MATCH	115233	Degree#Pos
005.SCG*LB2.CP-3++1.N.-2.7-8.11-1W13	essendi	NO MATCH	126689	Case#Gen|Degree#Pos|Number#Sing|VerbForm#Ger|Voice#Act
005.SCG*LB4.CP-3++5.N.-8.1-1.3-4W15	fit	NO MATCH	102758	Aspect#Imp|Mood#Ind|Number#Sing|Person#3|Tense#Pres|VerbForm#Fin|Voice#Pass
005.SCG*LB3.CP12++6.N.-1.10-2.11-5W4	dicere	NO MATCH	99301	Tense#Pres|VerbForm#Inf|Voice#Act
005.SCG*LB2.CP-7++3.N.18.1-1.4-2W3	dicatur	NO MATCH	99301	Mood#Sub|Number#Sing|Person#3|Tense#Pres|VerbForm#Fin|Voice#Pass
005.SCG*LB4.CP-1++7.N.21.5-1.6-7W20	dicens	NO MATCH	99301	Aspect#Imp|Case#Nom|Degree#Pos|Gender#Masc|Number#Sing|Tense#Pres|VerbForm#Part|Voice#Act
005.SCG*LB4.CP-5++3.N.20.1-1.8-5W5	dicat	NO MATCH	99301	Aspect#Imp|Mood#Sub|Number#Sing|Person#3|Tense#Pres|VerbForm#Fin|Voice#Act
005.SCG*LB1.CP-1++5.N.-4.1-2.3-4W11	eductus	NO MATCH	100588	Aspect#Perf|Case#Nom|Degree#Pos|Gender#Masc|Number#Sing|Tense#Past|VerbForm#Part|Voice#Pass
005.SCG*LB4.CP-6++7.N.-2.4-4.7-4W1	dictum	NO MATCH	99301	Aspect#Perf|Case#Nom|Degree#Pos|Gender#Neut|Number#Sing|Tense#Past|VerbForm#Part|Voice#Pass
005.SCG*LB4.CP-8++2.N.-4.2-2.3-6W10	dictum	NO MATCH	99301	Aspect#Perf|Case#Nom|Degree#Pos|Gender#Neut|Number#Sing|Tense#Past|VerbForm#Part|Voice#Pass
005.SCG*LB3.CP-6++7.N.-2.1-2.8-3W40	dicitur	NO MATCH	99301	Mood#Ind|Number#Sing|Person#3|Tense#Pres|VerbForm#Fin|Voice#Pass
005.SCG*LB3.CP-9++4.N.11.6-4.8-1W11	contingenter	NO MATCH	93415	Degree#Pos
005.SCG*LB3.CP-9++4.N.11.6-4.8-1W11	contingenter	NO MATCH	96293	Degree#Pos
005.SCG*LB3.CP-9++2.N.-3.20-2.23-6W18	dicitur	NO MATCH	99301	Mood#Ind|Number#Sing|Person#3|Tense#Pres|VerbForm#Fin|Voice#Pass
005.SCG*LB1.CP-6++9.N.14.1-1.3-3W4	praedictis	NO MATCH	118832	Aspect#Perf|Case#Abl|Degree#Pos|Gender#Neut|Number#Plur|Tense#Past|VerbForm#Part|Voice#Pass
005.SCG*LB3.CP-9++5.N.14.17-6.18-4W8	dicit	NO MATCH	99301	Mood#Ind|Number#Sing|Person#3|Tense#Pres|VerbForm#Fin|Voice#Act
005.SCG*LB2.CP-7++3.N.39.4-1.7-3W18	dicit	NO MATCH	99301	Mood#Ind|Number#Sing|Person#3|Tense#Pres|VerbForm#Fin|Voice#Act
005.SCG*LB1.CP-1++5.N.-4.7-5.9-2W14	essendi	NO MATCH	126689	Case#Gen|Degree#Pos|Number#Sing|VerbForm#Ger|Voice#Act
005.SCG*LB3.CP-9++0.N.-7.16-4.17-9W9	dixit	NO MATCH	99301	Aspect#Perf|Mood#Ind|Number#Sing|Person#3|Tense#Past|VerbForm#Fin|Voice#Act
005.SCG*LB2.CP-3++0.N.-7.1-1.6-2W32	dictum	NO MATCH	99301	Aspect#Perf|Case#Nom|Degree#Pos|Gender#Neut|Number#Sing|Tense#Past|VerbForm#Part|Voice#Pass
005.SCG*LB3.CP15++4.N.23.8-1.10-5W9	dicebant	NO MATCH	99301	Aspect#Imp|Mood#Ind|Number#Plur|Person#3|Tense#Imp|VerbForm#Fin|Voice#Act
005.SCG*LB4.CP-8++7.N.-1.1-1.8-3W47	dicit	NO MATCH	99301	Aspect#Imp|Mood#Ind|Number#Sing|Person#3|Tense#Pres|VerbForm#Fin|Voice#Act
005.SCG*LB4.CP-7++1.N.-8.9-1.12-7W18	fit	NO MATCH	102758	Aspect#Imp|Mood#Ind|Number#Sing|Person#3|Tense#Pres|VerbForm#Fin|Voice#Pass
005.SCG*LB3.CP-7++2.N.-6.4-1.7-6W17	consequens	NO MATCH	96035	Case#Nom|Degree#Pos|Gender#Neut|Number#Sing|Tense#Pres|VerbForm#Part|Voice#Pass
005.SCG*LB4.CP-7++7.N.-5.5-3.8-1W19	dicitur	NO MATCH	99301	Aspect#Imp|Mood#Ind|Number#Sing|Person#3|Tense#Pres|VerbForm#Fin|Voice#Pass
005.SCG*LB4.CP-1++2.N.-5.1-1.7-7W15	dicatur	NO MATCH	99301	Aspect#Imp|Mood#Sub|Number#Sing|Person#3|Tense#Pres|VerbForm#Fin|Voice#Pass
005.SCG*LB2.CP-5++5.N.14.12-5.16-2W4	dicuntur	NO MATCH	99301	Mood#Ind|Number#Plur|Person#3|Tense#Pres|VerbForm#Fin|Voice#Pass
005.SCG*LB4.CP-2++1.N.-4.24-5.26-5W4	dicitur	NO MATCH	99301	Aspect#Imp|Mood#Ind|Number#Sing|Person#3|Tense#Pres|VerbForm#Fin|Voice#Pass
005.SCG*LB2.CP-8++9.N.-3.11-3.16-4W4	dicit	NO MATCH	99301	Mood#Ind|Number#Sing|Person#3|Tense#Pres|VerbForm#Fin|Voice#Act
005.SCG*LB2.CP-4++6.N.-5.10-1.13-7W6	essendi	NO MATCH	126689	Case#Gen|Degree#Pos|Number#Sing|VerbForm#Ger|Voice#Act
005.SCG*LB3.CP-6++2.N.13.7-1.9-4W7	dixit	NO MATCH	99301	Aspect#Perf|Mood#Ind|Number#Sing|Person#3|Tense#Past|VerbForm#Fin|Voice#Act
005.SCG*LB1.CP-8++1.N.-7.11-1.12-6W11	volitum	NO MATCH	130745	Aspect#Perf|Case#Nom|Degree#Pos|Gender#Neut|Number#Sing|Tense#Past|VerbForm#Part|VerbType#Mod|Voice#Pass
005.SCG*LB3.CP-2++7.N.10.5-3.11-3W33	consequens	NO MATCH	96035	Case#Acc|Degree#Pos|Gender#Neut|Number#Sing|Tense#Pres|VerbForm#Part|Voice#Pass
005.SCG*LB3.CP-6++7.N.-1.5-4.7-5W5	essendi	NO MATCH	126689	Case#Gen|Degree#Pos|Number#Sing|VerbForm#Ger|Voice#Act
005.SCG*LB3.CP10++2.N.-4.7-7.9-7W10	educat	NO MATCH	100588	Mood#Sub|Number#Sing|Person#3|Tense#Pres|VerbForm#Fin|Voice#Act
005.SCG*LB3.CP13++2.N.12.5-3.5-4W1	dicit	NO MATCH	99301	Mood#Ind|Number#Sing|Person#3|Tense#Pres|VerbForm#Fin|Voice#Act
005.SCG*LB4.CP-1++6.N.-8.5-1.6-1W3	dicit	NO MATCH	99301	Aspect#Imp|Mood#Ind|Number#Sing|Person#3|Tense#Pres|VerbForm#Fin|Voice#Act
005.SCG*LB4.CP-3++5.N.-9.5-4.10-1W16	dici	NO MATCH	99301	Aspect#Imp|Tense#Pres|VerbForm#Inf|Voice#Pass
005.SCG*LB1.CP-6++8.N.-6.7-7.13-4W28	dicimus	NO MATCH	99301	Mood#Ind|Number#Plur|Person#1|Tense#Pres|VerbForm#Fin|Voice#Act
005.SCG*LB4.CP-3++7.N.-4.7-4.9-6W4	dici	NO MATCH	99301	Aspect#Imp|Tense#Pres|VerbForm#Inf|Voice#Pass
005.SCG*LB3.CP10++4.N.-6.4-5.6-4W11	fieri	NO MATCH	102758	Tense#Pres|VerbForm#Inf|Voice#Pass
005.SCG*LB1.CP--++5.N.-5.16-1.19-6W1	dicit	NO MATCH	99301	Mood#Ind|Number#Sing|Person#3|Tense#Pres|VerbForm#Fin|Voice#Act
005.SCG*LB3.CP-2++7.N.11.1-1.4-3W17	dicit	NO MATCH	99301	Mood#Ind|Number#Sing|Person#3|Tense#Pres|VerbForm#Fin|Voice#Act
005.SCG*LB4.CP--++6.N.14.10-1.14-2W9	dicitur	NO MATCH	99301	Aspect#Imp|Mood#Ind|Number#Sing|Person#3|Tense#Pres|VerbForm#Fin|Voice#Pass
005.SCG*LB4.CP-3++4.N.13.1-2.4-4W19	dici	NO MATCH	99301	Aspect#Imp|Tense#Pres|VerbForm#Inf|Voice#Pass
005.SCG*LB4.CP-3++8.N.-8.12-3.19-7W24	dictas	NO MATCH	99301	Aspect#Perf|Case#Acc|Degree#Pos|Gender#Fem|Number#Plur|Tense#Past|VerbForm#Part|Voice#Pass
005.SCG*LB3.CP12++0.N.-8.10-5.14-4W12	dicuntur	NO MATCH	99301	Mood#Ind|Number#Plur|Person#3|Tense#Pres|VerbForm#Fin|Voice#Pass
005.SCG*LB4.CP--++8.N.-6.20-1.22-4W4	dicitur	NO MATCH	99301	Aspect#Imp|Mood#Ind|Number#Sing|Person#3|Tense#Pres|VerbForm#Fin|Voice#Pass
005.SCG*LB1.CP-6++9.N.-5.2-6.8-2W30	exemplata	NO MATCH	101974	Aspect#Perf|Case#Nom|Degree#Pos|Gender#Neut|Number#Plur|Tense#Past|VerbForm#Part|Voice#Pass
005.SCG*LB2.CP-7++6.N.15.7-4.9-2W4	fiunt	NO MATCH	102758	Mood#Ind|Number#Plur|Person#3|Tense#Pres|VerbForm#Fin|Voice#Pass
005.SCG*LB3.CP13++0.N.-5.1-1.5-2W16	convenienter	NO MATCH	96424	Degree#Pos
005.SCG*LB4.CP-6++9.N.-1.6-2.8-6W4	dicitur	NO MATCH	99301	Aspect#Imp|Mood#Ind|Number#Sing|Person#3|Tense#Pres|VerbForm#Fin|Voice#Pass
005.SCG*LB1.CP-3++2.N.-7.11-1.15-5W25	dicitur	NO MATCH	99301	Mood#Ind|Number#Sing|Person#3|Tense#Pres|VerbForm#Fin|Voice#Pass
005.SCG*LB4.CP-5++6.N.-1.8-1.9-1W4	dicuntur	NO MATCH	99301	Aspect#Imp|Mood#Ind|Number#Plur|Person#3|Tense#Pres|VerbForm#Fin|Voice#Pass
005.SCG*LB1.CP-4++2.N.-7.17-2.22-4W33	dictis	NO MATCH	99301	Aspect#Perf|Case#Abl|Degree#Pos|Gender#Neut|Number#Plur|Tense#Past|VerbForm#Part|Voice#Pass
005.SCG*LB4.CP-3++2.N.-4.3-4.5-2W11	praedicta	NO MATCH	118832	Aspect#Perf|Case#Nom|Degree#Pos|Gender#Fem|Number#Sing|Tense#Past|VerbForm#Part|Voice#Pass
005.SCG*LB4.CP-8++3.N.-6.7-1.10-2W19	consequens	NO MATCH	96035	Aspect#Imp|Case#Nom|Degree#Pos|Gender#Fem|Number#Sing|Tense#Pres|VerbForm#Part|Voice#Pass
005.SCG*LB2.CP-5++8.N.-4.10-5.11-7W5	fit	NO MATCH	102758	Mood#Ind|Number#Sing|Person#3|Tense#Pres|VerbForm#Fin|Voice#Pass
005.SCG*LB1.CP-2++8.N.-7.9-4.13-1W17	dictis	NO MATCH	99301	Aspect#Perf|Case#Abl|Degree#Pos|Gender#Neut|Number#Plur|Tense#Past|VerbForm#Part|Voice#Pass
005.SCG*LB3.CP16++1.N.-3.5-2.7-1W7	diligentius	NO MATCH	99463	Degree#Cmp
005.SCG*LB1.CP-1++6.N.-3.9-1.10-5W13	dictis	NO MATCH	99301	Aspect#Perf|Case#Abl|Degree#Pos|Gender#Neut|Number#Plur|Tense#Past|VerbForm#Part|Voice#Pass
005.SCG*LB4.CP-1++1.N.11.8-5.11-1W14	consequens	NO MATCH	96035	Aspect#Imp|Case#Acc|Degree#Pos|Gender#Neut|Number#Sing|Tense#Pres|VerbForm#Part|Voice#Pass
005.SCG*LB3.CP14++6.N.-7.1-1.3-3W12	fieri	NO MATCH	102758	Tense#Pres|VerbForm#Inf|Voice#Pass
005.SCG*LB3.CP-1++1.N.-4.1-2.2-3W3	dicitur	NO MATCH	99301	Mood#Ind|Number#Sing|Person#3|Tense#Pres|VerbForm#Fin|Voice#Pass
005.SCG*LB3.CP15++4.N.-4.1-1.5-1W4	fit	NO MATCH	102758	Mood#Ind|Number#Sing|Person#3|Tense#Pres|VerbForm#Fin|Voice#Pass
005.SCG*LB1.CP-2++0.N.23.10-4.16-4W7	essendi	NO MATCH	126689	Case#Gen|Degree#Pos|Number#Sing|VerbForm#Ger|Voice#Act
005.SCG*LB4.CP-3++4.N.13.8-5.9-6W3	dicit	NO MATCH	99301	Aspect#Imp|Mood#Ind|Number#Sing|Person#3|Tense#Pres|VerbForm#Fin|Voice#Act
005.SCG*LB1.CP-9++6.N.-6.1-1.2-1W5	dicitur	NO MATCH	99301	Mood#Ind|Number#Sing|Person#3|Tense#Pres|VerbForm#Fin|Voice#Pass
005.SCG*LB3.CP-2++3.N.-9.6-4.10-6W29	praedictum	NO MATCH	118832	Aspect#Perf|Case#Nom|Degree#Pos|Gender#Neut|Number#Sing|Tense#Past|VerbForm#Part|Voice#Pass
005.SCG*LB2.CP-5++8.N.-4.28-2.29-6W5	dicuntur	NO MATCH	99301	Mood#Ind|Number#Plur|Person#3|Tense#Pres|VerbForm#Fin|Voice#Pass
005.SCG*LB4.CP-1++2.N.-5.1-1.7-7W40	dictum	NO MATCH	99301	Aspect#Perf|Case#Nom|Degree#Pos|Gender#Neut|Number#Sing|Tense#Past|VerbForm#Part|Voice#Pass
005.SCG*LB3.CP12++7.N.-5.6-3.8-1W9	reiiciendum	NO MATCH	122550	Case#Nom|Degree#Pos|Gender#Neut|Number#Sing|VerbForm#Gdv|Voice#Pass
005.SCG*LB3.CP-2++7.N.-2.4-1.7-2W10	consequentes	NO MATCH	96035	Case#Nom|Degree#Pos|Gender#Fem|Number#Plur|Tense#Pres|VerbForm#Part|Voice#Pass
005.SCG*LB3.CP11++2.N.10.1-1.5-2W5	dicimus	NO MATCH	99301	Mood#Ind|Number#Plur|Person#1|Tense#Pres|VerbForm#Fin|Voice#Act
005.SCG*LB4.CP-3++4.N.-8.5-4.6-2W3	dicit	NO MATCH	99301	Aspect#Imp|Mood#Ind|Number#Sing|Person#3|Tense#Pres|VerbForm#Fin|Voice#Act
005.SCG*LB3.CP-6++0.N.-4.1-2.3-4W12	dictis	NO MATCH	99301	Aspect#Perf|Case#Abl|Degree#Pos|Gender#Neut|Number#Plur|Tense#Past|VerbForm#Part|Voice#Pass
005.SCG*LB4.CP-4++5.N.-3.8-2.12-2W26	dictis	NO MATCH	99301	Aspect#Perf|Case#Abl|Degree#Pos|Gender#Neut|Number#Plur|Tense#Past|VerbForm#Part|Voice#Pass
005.SCG*LB2.CP--++6.N.-2.1-1.4-3W18	dicimus	NO MATCH	99301	Mood#Ind|Number#Plur|Person#1|Tense#Pres|VerbForm#Fin|Voice#Act
005.SCG*LB3.CP12++8.N.-5.1-1.1-6W6	dicitur	NO MATCH	99301	Mood#Ind|Number#Sing|Person#3|Tense#Pres|VerbForm#Fin|Voice#Pass
005.SCG*LB2.CP-8++9.N.-8.1-1.11-1W10	dicitur	NO MATCH	99301	Mood#Ind|Number#Sing|Person#3|Tense#Pres|VerbForm#Fin|Voice#Pass
005.SCG*LB1.CP-5++1.N.-6.6-1.9-2W27	fiat	NO MATCH	102758	Mood#Sub|Number#Sing|Person#3|Tense#Pres|VerbForm#Fin|Voice#Pass
005.SCG*LB3.CP-1++2.N.-4.1-1.6-2W4	dici	NO MATCH	99301	Tense#Pres|VerbForm#Inf|Voice#Pass
005.SCG*LB3.CP-5++6.N.-7.15-4.19-1W22	praedictis	NO MATCH	118832	Aspect#Perf|Case#Abl|Degree#Pos|Gender#Neut|Number#Plur|Tense#Past|VerbForm#Part|Voice#Pass
005.SCG*LB2.CP-9++0.N.13.1-1.7-6W13	dixerunt	NO MATCH	99301	Aspect#Perf|Mood#Ind|Number#Plur|Person#3|Tense#Past|VerbForm#Fin|Voice#Act
005.SCG*LB3.CP-8++0.N.14.8-3.10-5W7	fit	NO MATCH	102758	Mood#Ind|Number#Sing|Person#3|Tense#Pres|VerbForm#Fin|Voice#Pass
005.SCG*LB1.CP-3++2.N.-6.5-5.6-5W5	dicitur	NO MATCH	99301	Mood#Ind|Number#Sing|Person#3|Tense#Pres|VerbForm#Fin|Voice#Pass
005.SCG*LB4.CP-6++6.N.-2.1-1.7-6W18	puta	NO MATCH	120610	VerbForm#Fin
