ITTB_token	token_label	token_qid	matching_form	lila_lemma_id	token_feat
005.SCG*LB3.CP11++9.N.-3.5-3.9-1W13	fieri	NO MATCH	lemma/102758	Tense#Pres|VerbForm#Inf|Voice#Pass
005.SCG*LB3.CP15++5.N.-7.4-2.6-4W19	solidabitque	NO MATCH	lemma/125061	Mood#Ind|Number#Sing|Person#3|Tense#Fut|VerbForm#Fin|Voice#Act
005.SCG*LB2.CP-5++6.N.-7.24-4.25-5W7	fit	NO MATCH	lemma/102758	Mood#Ind|Number#Sing|Person#3|Tense#Pres|VerbForm#Fin|Voice#Pass
005.SCG*LB1.CP-7++5.N.-4.1-2.5-6W12	consequens	NO MATCH	lemma/96035	Case#Acc|Degree#Pos|Gender#Neut|Number#Sing|Tense#Pres|VerbForm#Part|Voice#Pass
005.SCG*LB1.CP-4++3.N.-8.4-1.6-6W8	oportet	NO MATCH	lemma/115098	Tense#Pres|VerbForm#Inf|Voice#Act
005.SCG*LB4.CP-8++4.N.13.1-1.3-7W1	oportet	NO MATCH	lemma/115098	Mood#Ind|Number#Sing|Person#3|Tense#Pres|VerbForm#Fin|Voice#Pass
005.SCG*LB2.CP-6++8.N.-3.14-1.18-2W20	essendi	NO MATCH	lemma/126689	Case#Gen|Degree#Pos|Number#Sing|VerbForm#Ger|Voice#Act
005.SCG*LB2.CP-8++9.N.-3.11-3.16-4W43	abiiciens	NO MATCH	lemma/86884	Case#Nom|Degree#Pos|Gender#Neut|Number#Sing|Tense#Pres|VerbForm#Part|Voice#Act
005.SCG*LB3.CP-9++2.N.-2.26-4.30-1W14	operatur	NO MATCH	lemma/115028	Aspect#Perf|Case#Nom|Degree#Pos|Gender#Masc|Number#Plur|Tense#Past|VerbForm#Part|Voice#Pass
005.SCG*LB4.CP-3++7.N.10.1-2.4-2W3	diligenter	NO MATCH	lemma/99463	Degree#Pos
005.SCG*LB4.CP-5++4.N.10.1-1.5-2W20	fieri	NO MATCH	lemma/102758	Aspect#Imp|Tense#Pres|VerbForm#Inf|Voice#Pass
005.SCG*LB3.CP10++2.N.-6.1-2.5-2W25	operetur	NO MATCH	lemma/115028	Aspect#Perf|Mood#Ind|Number#Sing|Person#3|Tense#Past|VerbForm#Fin|Voice#Act
005.SCG*LB4.CP-5++5.N.18.1-1.3-6W13	mori	NO MATCH	lemma/112796	Mood#Ind|Number#Plur|Person#3|Tense#Pres|VerbForm#Fin|VerbType#Mod|Voice#Act
005.SCG*LB3.CP-9++4.N.-7.1-1.6-3W1	oportet	NO MATCH	lemma/115098	Mood#Ind|Number#Plur|Person#3|Tense#Pres|VerbForm#Fin|VerbType#Mod|Voice#Act
005.SCG*LB3.CP-4++8.N.16.1-1.3-1W7	patiebantur	NO MATCH	lemma/116222	Mood#Ind|Number#Sing|Person#3|Tense#Pres|VerbForm#Fin|Voice#Pass
005.SCG*LB3.CP12++2.N.-6.17-1.22-5W25	oportet	NO MATCH	lemma/115098	Aspect#Perf|Case#Gen|Degree#Pos|Gender#Neut|Number#Plur|Tense#Past|VerbForm#Part|Voice#Pass
005.SCG*LB4.CP-5++5.N.-8.1-1.4-6W1	licet	NO MATCH	lemma/110432	Tense#Pres|VerbForm#Inf|Voice#Act
005.SCG*LB2.CP-3++9.N.-9.9-1.18-2W31	oportebat	NO MATCH	lemma/115098	Aspect#Perf|Case#Nom|Degree#Pos|Gender#Neut|Number#Sing|Tense#Past|VerbForm#Part|Voice#Pass
005.SCG*LB3.CP-6++8.N.-5.11-5.19-1W16	oportet	NO MATCH	lemma/115098	Mood#Sub|Number#Sing|Person#3|Tense#Pres|VerbForm#Fin|Voice#Pass
005.SCG*LB3.CP-9++5.N.16.11-2.14-3W14	consequens	NO MATCH	lemma/96035	Case#Acc|Degree#Pos|Gender#Neut|Number#Sing|Tense#Pres|VerbForm#Part|Voice#Pass
005.SCG*LB2.CP-8++3.N.19.5-4.10-1W15	praeexistentes	NO MATCH	lemma/131401	Mood#Ind|Number#Plur|Person#3|Tense#Pres|VerbForm#Fin|Voice#Act
005.SCG*LB2.CP-8++9.N.-2.15-4.17-5W2	oportet	NO MATCH	lemma/115098	Mood#Sub|Number#Sing|Person#3|Tense#Pres|VerbForm#Fin|Voice#Act
005.SCG*LB4.CP--++6.N.-1.17-3.20-7W23	licet	NO MATCH	lemma/110432	Mood#Ind|Number#Sing|Person#3|Tense#Fut|VerbForm#Fin|Voice#Act
005.SCG*LB4.CP-7++2.N.10.14-3.15-3W4	sufficienter	NO MATCH	lemma/126601	Degree#Pos
005.SCG*LB4.CP-8++1.N.-7.10-1.12-5W20	puta	NO MATCH	lemma/120610	VerbForm#Fin
005.SCG*LB2.CP-5++7.N.-3.4-4.5-6W7	fit	NO MATCH	lemma/102758	Mood#Ind|Number#Sing|Person#3|Tense#Pres|VerbForm#Fin|Voice#Pass
005.SCG*LB2.CP-3++7.N.-2.13-1.19-6W8	oporteret	NO MATCH	lemma/115098	Case#Acc|Degree#Pos|Gender#Neut|Number#Plur|Tense#Pres|VerbForm#Part|Voice#Act
005.SCG*LB1.CP-7++1.N.12.8-3.10-1W2	oportet	NO MATCH	lemma/115098	Mood#Ind|Number#Sing|Person#3|Tense#Pres|VerbForm#Fin|Voice#Act
005.SCG*LB3.CP-8++2.N.-6.12-5.16-2W6	praeexistente	NO MATCH	lemma/131401	Mood#Sub|Number#Sing|Person#3|Tense#Pres|VerbForm#Fin|Voice#Act
005.SCG*LB3.CP12++4.N.-1.9-3.11-2W15	converso	NO MATCH	lemma/96446	Case#Abl|Degree#Pos|Gender#Neut|Number#Sing
005.SCG*LB4.CP--++4.N.13.5-8.10-4W26	licet	NO MATCH	lemma/110432	Mood#Ind|Number#Sing|Person#3|Tense#Pres|VerbForm#Fin|Voice#Act
005.SCG*LB4.CP--++4.N.-2.4-2.6-3W11	fieri	NO MATCH	lemma/102758	Aspect#Imp|Tense#Pres|VerbForm#Inf|Voice#Pass
005.SCG*LB4.CP-3++9.N.-3.1-1.4-1W14	oportet	NO MATCH	lemma/115098	Aspect#Imp|Tense#Pres|VerbForm#Inf|Voice#Pass
005.SCG*LB3.CP-7++1.N.-7.2-3.6-7W14	fiat	NO MATCH	lemma/102758	Mood#Sub|Number#Sing|Person#3|Tense#Pres|VerbForm#Fin|Voice#Pass
005.SCG*LB2.CP-7++3.N.17.5-2.10-2W20	calefieri	NO MATCH	lemma/92350	Tense#Pres|VerbForm#Inf|Voice#Pass
005.SCG*LB4.CP-7++2.N.10.1-1.4-2W20	mortuorum	NO MATCH	lemma/112796	Aspect#Perf|Mood#Ind|Number#Sing|Person#3|Tense#Past|VerbForm#Fin|Voice#Act
005.SCG*LB1.CP-7++5.N.-3.1-2.3-2W9	volitum	NO MATCH	lemma/130745	Aspect#Perf|Case#Nom|Degree#Pos|Gender#Neut|Number#Sing|Tense#Past|VerbForm#Part|VerbType#Mod|Voice#Pass
005.SCG*LB2.CP-9++2.N.-6.21-4.25-1W22	exequentis	NO MATCH	lemma/102311	Case#Gen|Degree#Pos|Gender#Fem|Number#Sing|Tense#Pres|VerbForm#Part|Voice#Pass
005.SCG*LB3.CP-4++4.N.-5.1-1.4-5W20	opinatus	NO MATCH	lemma/115070	Mood#Ind|Number#Sing|Person#3|Tense#Pres|VerbForm#Fin|Voice#Act
005.SCG*LB2.CP-7++7.N.-2.18-1.21-5W12	determinate	NO MATCH	lemma/99024	Degree#Pos
005.SCG*LB3.CP11++2.N.-7.9-1.10-6W13	volita	NO MATCH	lemma/130745	Aspect#Perf|Case#Nom|Degree#Pos|Gender#Neut|Number#Plur|Tense#Past|VerbForm#Part|VerbType#Mod|Voice#Pass
005.SCG*LB2.CP-8++0.N.-8.28-1.30-2W4	oportet	NO MATCH	lemma/115098	Case#Nom|Degree#Pos|Gender#Neut|Number#Sing|Tense#Pres|VerbForm#Part|Voice#Act
005.SCG*LB1.CP-8++4.N.-5.5-1.6-7W3	volita	NO MATCH	lemma/130745	Aspect#Perf|Case#Nom|Degree#Pos|Gender#Neut|Number#Plur|Tense#Past|VerbForm#Part|VerbType#Mod|Voice#Pass
005.SCG*LB2.CP-2++6.N.-6.1-2.3-4W14	artificiatas	NO MATCH	lemma/131268	Aspect#Perf|Case#Nom|Degree#Pos|Gender#Neut|Number#Plur|Tense#Past|VerbForm#Part|VerbType#Mod|Voice#Pass
005.SCG*LB4.CP-6++2.N.-4.26-8.30-1W1	oportebit	NO MATCH	lemma/115098	Mood#Ind|Number#Plur|Person#1|Tense#Pres|VerbForm#Fin|VerbType#Mod|Voice#Act
005.SCG*LB3.CP-2++7.N.10.5-3.11-3W14	fit	NO MATCH	lemma/102758	Mood#Ind|Number#Sing|Person#3|Tense#Pres|VerbForm#Fin|Voice#Pass
005.SCG*LB3.CP12++2.N.-9.1-1.10-1W62	operetur	NO MATCH	lemma/115028	Aspect#Imp|Mood#Sub|Number#Sing|Person#3|Tense#Imp|VerbForm#Fin|Voice#Act
005.SCG*LB1.CP--++9.N.-6.1-1.7-2W9	fiat	NO MATCH	lemma/102758	Mood#Sub|Number#Sing|Person#3|Tense#Pres|VerbForm#Fin|Voice#Pass
005.SCG*LB3.CP-1++7.N.-2.1-1.4-3W17	oportet	NO MATCH	lemma/115098	Mood#Sub|Number#Sing|Person#3|Tense#Pres|VerbForm#Fin|Voice#Act
005.SCG*LB2.CP-8++7.N.-3.8-3.10-8W26	fit	NO MATCH	lemma/102758	Mood#Ind|Number#Sing|Person#3|Tense#Pres|VerbForm#Fin|Voice#Pass
005.SCG*LB2.CP-3++7.N.-2.13-1.19-6W32	consequens	NO MATCH	lemma/96035	Case#Acc|Degree#Pos|Gender#Neut|Number#Sing|Tense#Pres|VerbForm#Part|Voice#Pass
005.SCG*LB3.CP-6++7.N.-1.3-2.5-3W8	essendi	NO MATCH	lemma/126689	Case#Gen|Degree#Pos|Number#Sing|VerbForm#Ger|Voice#Act
005.SCG*LB1.CP-7++4.N.--.1-1.2-4W3	volitum	NO MATCH	lemma/130745	Aspect#Perf|Case#Nom|Degree#Pos|Gender#Neut|Number#Sing|Tense#Past|VerbForm#Part|VerbType#Mod|Voice#Pass
005.SCG*LB2.CP--++3.N.-3.7-5.10-3W17	patitur	NO MATCH	lemma/116222	Mood#Ind|Number#Plur|Person#3|Tense#Pres|VerbForm#Fin|Voice#Act
005.SCG*LB4.CP-1++7.N.-3.5-5.8-1W4	sanctificati	NO MATCH	lemma/123318	Aspect#Perf|Case#Nom|Degree#Pos|Gender#Masc|Number#Plur|Tense#Past|VerbForm#Part|Voice#Pass
005.SCG*LB4.CP-6++2.N.-6.19-1.20-6W8	individuari	NO MATCH	lemma/59198	Aspect#Perf|Mood#Ind|Number#Sing|Person#3|Tense#Past|VerbForm#Fin|Voice#Act
005.SCG*LB2.CP-6++2.N.-2.7-4.9-2W9	consequente	NO MATCH	lemma/96035	Case#Abl|Degree#Pos|Gender#Fem|Number#Sing|Tense#Pres|VerbForm#Part|Voice#Pass
005.SCG*LB3.CP-5++9.N.-6.1-1.4-5W4	diligenter	NO MATCH	lemma/99463	Degree#Pos
005.SCG*LB4.CP-7++0.N.-4.4-4.5-1W3	operantur	NO MATCH	lemma/115028	Case#Gen|Degree#Pos|Gender#Fem|Number#Sing|Tense#Pres|VerbForm#Part|Voice#Act
005.SCG*LB3.CP-2++6.N.10.5-4.8-3W9	oportet	NO MATCH	lemma/115098	Aspect#Imp|Mood#Sub|Number#Sing|Person#3|Tense#Pres|VerbForm#Fin|Voice#Pass
005.SCG*LB2.CP-1++5.N.-4.1-2.3-6W14	proportionati	NO MATCH	lemma/131413	Mood#Ind|Number#Plur|Person#3|Tense#Pres|VerbForm#Fin|Voice#Pass
005.SCG*LB1.CP-1++5.N.-4.7-1.7-4W4	incoepit	NO MATCH	lemma/106965	Aspect#Perf|Mood#Ind|Number#Sing|Person#3|Tense#Past|VerbForm#Fin|Voice#Act
005.SCG*LB1.CP--++3.N.-4.5-6.8-2W1	oportet	NO MATCH	lemma/115098	Aspect#Perf|Case#Acc|Degree#Pos|Gender#Masc|Number#Sing|Tense#Past|VerbForm#Part|Voice#Pass
005.SCG*LB4.CP-3++4.N.28.5-6.10-7W19	mortuos	NO MATCH	lemma/112796	Tense#Pres|VerbForm#Inf|Voice#Act
005.SCG*LB2.CP-2++0.N.-5.6-5.13-2W26	praeexistente	NO MATCH	lemma/131401	Mood#Ind|Number#Plur|Person#3|Tense#Pres|VerbForm#Fin|Voice#Pass
005.SCG*LB4.CP-1++4.N.-9.13-4.17-2W12	oportet	NO MATCH	lemma/115098	Mood#Ind|Number#Sing|Person#3|Tense#Pres|VerbForm#Fin|Voice#Act
005.SCG*LB1.CP-4++4.N.-8.12-4.14-5W3	consequens	NO MATCH	lemma/96035	Case#Acc|Degree#Pos|Gender#Neut|Number#Sing|Tense#Pres|VerbForm#Part|Voice#Pass
005.SCG*LB3.CP15++2.N.-3.10-5.13-4W1	oportet	NO MATCH	lemma/115098	Mood#Ind|Number#Plur|Person#3|Tense#Pres|VerbForm#Fin|Voice#Act
005.SCG*LB2.CP-1++5.N.-2.23-1.26-7W11	essendi	NO MATCH	lemma/126689	Case#Gen|Degree#Pos|Number#Sing|VerbForm#Ger|Voice#Act
005.SCG*LB4.CP-5++5.N.28.8-5.11-2W1	oportet	NO MATCH	lemma/115098	Mood#Sub|Number#Sing|Person#3|Tense#Pres|VerbForm#Fin|Voice#Act
005.SCG*LB3.CP12++5.N.10.17-4.22-1W11	fieri	NO MATCH	lemma/102758	Tense#Pres|VerbForm#Inf|Voice#Pass
005.SCG*LB1.CP-8++2.N.-8.15-3.16-5W3	oportet	NO MATCH	lemma/115098	Mood#Sub|Number#Sing|Person#3|Tense#Pres|VerbForm#Fin|Voice#Pass
005.SCG*LB2.CP-6++9.N.-4.1-1.4-2W3	oportet	NO MATCH	lemma/115098	Mood#Ind|Number#Sing|Person#3|Tense#Pres|VerbForm#Fin|Voice#Act
005.SCG*LB4.CP-2++4.N.-9.8-6.10-6W1	oportet	NO MATCH	lemma/115098	Mood#Sub|Number#Sing|Person#3|Tense#Pres|VerbForm#Fin|Voice#Pass
005.SCG*LB1.CP-1++3.N.33.15-5.16-5W2	oportet	NO MATCH	lemma/115098	Tense#Pres|VerbForm#Inf|Voice#Act
005.SCG*LB3.CP-4++2.N.-4.14-1.18-2W20	fiet	NO MATCH	lemma/102758	Mood#Ind|Number#Sing|Person#3|Tense#Fut|VerbForm#Fin|Voice#Pass
005.SCG*LB4.CP-5++3.N.-3.6-4.9-4W4	fieri	NO MATCH	lemma/102758	Aspect#Imp|Tense#Pres|VerbForm#Inf|Voice#Pass
005.SCG*LB2.CP-5++7.N.-8.8-7.11-5W17	patiuntur	NO MATCH	lemma/116222	Mood#Sub|Number#Sing|Person#3|Tense#Pres|VerbForm#Fin|Voice#Act
005.SCG*LB3.CP-2++4.N.-6.16-1.18-4W18	converso	NO MATCH	lemma/96446	Case#Abl|Degree#Pos|Gender#Neut|Number#Sing
005.SCG*LB3.CP-4++4.N.-3.13-2.17-4W10	oportet	NO MATCH	lemma/115098	Case#Gen|Degree#Pos|Gender#Masc|Number#Sing|Tense#Pres|VerbForm#Part|Voice#Act
005.SCG*LB4.CP-1++0.N.-1.1-1.7-1W3	diligenter	NO MATCH	lemma/99463	Degree#Pos
005.SCG*LB2.CP-7++3.N.17.1-2.5-1W4	operatur	NO MATCH	lemma/115028	Aspect#Perf|Case#Abl|Degree#Pos|Gender#Fem|Number#Sing|Tense#Past|VerbForm#Part|Voice#Pass
005.SCG*LB2.CP-3++4.N.-4.9-3.12-2W10	oportet	NO MATCH	lemma/115098	Case#Acc|Degree#Pos|Number#Sing|VerbForm#Ger|Voice#Act
005.SCG*LB1.CP-5++0.N.-7.5-5.6-5W5	essendi	NO MATCH	lemma/126689	Case#Gen|Degree#Pos|Number#Sing|VerbForm#Ger|Voice#Act
005.SCG*LB2.CP-3++4.N.-2.14-5.15-4W1	oportet	NO MATCH	lemma/115098	Aspect#Perf|Mood#Ind|Number#Plur|Person#3|Tense#Past|VerbForm#Fin|Voice#Act
005.SCG*LB3.CP-2++0.N.-2.1-1.4-4W13	licet	NO MATCH	lemma/110432	Mood#Ind|Number#Sing|Person#3|Tense#Pres|VerbForm#Fin|Voice#Act
005.SCG*LB3.CP-3++7.N.-8.9-1.12-3W12	oporteat	NO MATCH	lemma/115098	Aspect#Perf|Case#Nom|Degree#Pos|Gender#Neut|Number#Sing|Tense#Past|VerbForm#Part|Voice#Pass
005.SCG*LB1.CP-9++1.N.-3.10-4.13-1W12	licet	NO MATCH	lemma/110432	Aspect#Perf|Mood#Ind|Number#Sing|Person#3|Tense#Pqp|VerbForm#Fin|Voice#Act
005.SCG*LB3.CP11++9.N.-5.11-3.14-1W4	convenienter	NO MATCH	lemma/96424	Degree#Pos
005.SCG*LB2.CP-8++0.N.13.49-1.51-5W10	passis	NO MATCH	lemma/116222	Degree#Pos
005.SCG*LB3.CP-1++0.N.14.3-1.6-3W12	praeintelligere	NO MATCH	lemma/131403	Mood#Ind|Number#Sing|Person#3|Tense#Pres|VerbForm#Fin|Voice#Act
005.SCG*LB4.CP-3++4.N.12.16-3.17-8W12	passum	NO MATCH	lemma/116222	Aspect#Perf|Case#Nom|Degree#Pos|Gender#Neut|Number#Sing|Tense#Past|VerbForm#Part|Voice#Pass
005.SCG*LB4.CP-2++0.N.-4.4-5.7-4W13	convenienter	NO MATCH	lemma/96424	Degree#Pos
005.SCG*LB4.CP-2++4.N.11.6-1.8-1W10	oportet	NO MATCH	lemma/115098	Mood#Ind|Number#Sing|Person#3|Tense#Pres|VerbForm#Fin|Voice#Act
005.SCG*LB3.CP-2++6.N.19.13-1.20-3W33	fiunt	NO MATCH	lemma/102758	Mood#Ind|Number#Plur|Person#3|Tense#Pres|VerbForm#Fin|Voice#Pass
005.SCG*LB4.CP-7++4.N.-2.37-5.40-4W21	fieret	NO MATCH	lemma/102758	Aspect#Imp|Mood#Sub|Number#Sing|Person#3|Tense#Imp|VerbForm#Fin|Voice#Pass
005.SCG*LB2.CP--++6.N.-6.9-1.9-6W6	essendi	NO MATCH	lemma/126689	Case#Gen|Degree#Pos|Number#Sing|VerbForm#Ger|Voice#Act
005.SCG*LB2.CP-5++6.N.-7.5-1.5-7W7	patiendo	NO MATCH	lemma/116222	Mood#Ind|Number#Sing|Person#3|Tense#Pres|VerbForm#Fin|VerbType#Mod|Voice#Act
005.SCG*LB4.CP--++4.N.13.1-2.5-7W20	loquebatur	NO MATCH	lemma/110805	Tense#Pres|VerbForm#Inf|Voice#Act
005.SCG*LB3.CP-5++5.N.-6.7-4.12-1W5	opinans	NO MATCH	lemma/115070	Case#Abl|Degree#Pos|Gender#Masc|Number#Sing|Tense#Pres|VerbForm#Part|Voice#Act
005.SCG*LB3.CP-5++4.N.10.1-1.7-1W30	licet	NO MATCH	lemma/110432	Mood#Ind|Number#Plur|Person#3|Tense#Pres|VerbForm#Fin|Voice#Act
005.SCG*LB1.CP-6++8.N.-3.7-4.13-4W6	operetur	NO MATCH	lemma/115028	Tense#Pres|VerbForm#Inf|Voice#Act
005.SCG*LB2.CP-3++7.N.-2.26-7.28-3W3	fieri	NO MATCH	lemma/102758	Tense#Pres|VerbForm#Inf|Voice#Pass
005.SCG*LB1.CP-1++3.N.19.6-1.9-1W5	oportebit	NO MATCH	lemma/115098	Aspect#Perf|Case#Nom|Degree#Pos|Gender#Neut|Number#Sing|Tense#Past|VerbForm#Part|Voice#Pass
005.SCG*LB4.CP-5++3.N.26.1-2.5-3W17	patiantur	NO MATCH	lemma/116222	Mood#Ind|Number#Sing|Person#3|Tense#Pres|VerbForm#Fin|Voice#Act
005.SCG*LB4.CP-6++3.N.-7.4-1.5-5W10	individuatur	NO MATCH	lemma/59198	Mood#Ind|Number#Sing|Person#3|Tense#Pres|VerbForm#Fin|Voice#Pass
005.SCG*LB4.CP-5++2.N.-9.9-3.12-1W12	licet	NO MATCH	lemma/110432	Mood#Ind|Number#Sing|Person#3|Tense#Pres|VerbForm#Fin|Voice#Pass
005.SCG*LB3.CP-8++5.N.-9.1-2.3-1W5	directe	NO MATCH	lemma/99575	Degree#Pos
005.SCG*LB4.CP-1++3.N.10.14-2.16-1W8	praeextitisse	NO MATCH	lemma/131401	Degree#Pos
005.SCG*LB3.CP-2++6.N.19.51-1.54-8W27	converso	NO MATCH	lemma/96446	Case#Abl|Degree#Pos|Gender#Neut|Number#Sing
005.SCG*LB3.CP13++2.N.30.6-5.7-4W7	abiicienda	NO MATCH	lemma/86884	Case#Nom|Degree#Pos|Gender#Fem|Number#Sing|VerbForm#Gdv|Voice#Pass
005.SCG*LB2.CP-3++0.N.-4.4-1.9-4W33	contingenter	NO MATCH	lemma/96293	Degree#Pos
005.SCG*LB2.CP-7++3.N.25.16-2.19-5W1	oportet	NO MATCH	lemma/115098	Mood#Ind|Number#Sing|Person#3|Tense#Pres|VerbForm#Fin|Voice#Act
005.SCG*LB2.CP-3++4.N.-2.21-2.22-5W1	oportet	NO MATCH	lemma/115098	Aspect#Perf|Case#Nom|Degree#Pos|Gender#Neut|Number#Plur|Tense#Past|VerbForm#Part|Voice#Pass
005.SCG*LB3.CP12++8.N.-7.9-1.11-1W17	superaddit	NO MATCH	lemma/131438	Aspect#Perf|Mood#Ind|Number#Sing|Person#3|Tense#Past|VerbForm#Fin|Voice#Act
005.SCG*LB3.CP-2++2.N.-5.25-7.33-2W6	licet	NO MATCH	lemma/110432	Mood#Ind|Number#Plur|Person#3|Tense#Pres|VerbForm#Fin|Voice#Act
005.SCG*LB4.CP-6++5.N.-5.1-1.3-5W16	individuatur	NO MATCH	lemma/59198	Aspect#Imp|Mood#Sub|Number#Sing|Person#3|Tense#Pres|VerbForm#Fin|Voice#Pass
005.SCG*LB3.CP-7++6.N.-4.1-2.6-2W26	fit	NO MATCH	lemma/102758	Mood#Ind|Number#Sing|Person#3|Tense#Pres|VerbForm#Fin|Voice#Pass
005.SCG*LB1.CP-7++0.N.-2.1-1.4-1W11	remotiora	NO MATCH	lemma/122609	Aspect#Perf|Case#Acc|Degree#Cmp|Gender#Neut|Number#Plur|Tense#Past|VerbForm#Part|Voice#Pass
005.SCG*LB2.CP-3++4.N.-3.10-5.13-5W8	fit	NO MATCH	lemma/102758	Mood#Ind|Number#Sing|Person#3|Tense#Pres|VerbForm#Fin|Voice#Pass
005.SCG*LB4.CP--++5.N.11.24-1.25-2W3	expresse	NO MATCH	lemma/102229	Degree#Pos
005.SCG*LB1.CP-2++2.N.-6.13-6.16-2W19	essendi	NO MATCH	lemma/126689	Case#Gen|Degree#Pos|Number#Sing|VerbForm#Ger|Voice#Act
005.SCG*LB4.CP-8++1.N.12.12-6.16-4W25	licet	NO MATCH	lemma/110432	Aspect#Perf|Case#Nom|Degree#Pos|Gender#Fem|Number#Sing|Tense#Past|VerbForm#Part|Voice#Pass
005.SCG*LB2.CP-6++2.N.-9.9-1.10-5W3	sequens	NO MATCH	lemma/124461	Case#Nom|Degree#Pos|Gender#Fem|Number#Sing|Tense#Pres|VerbForm#Part|Voice#Pass
005.SCG*LB3.CP-9++4.N.-9.34-1.38-4W5	operantur	NO MATCH	lemma/115028	Mood#Ind|Number#Sing|Person#3|Tense#Pres|VerbForm#Fin|Voice#Act
005.SCG*LB4.CP-3++5.N.-4.27-6.30-2W3	oportet	NO MATCH	lemma/115098	Mood#Ind|Number#Sing|Person#3|Tense#Pres|VerbForm#Fin|Voice#Act
005.SCG*LB4.CP-9++0.N.-1.1-1.6-4W23	pati	NO MATCH	lemma/116222	Aspect#Perf|Case#Abl|Degree#Pos|Gender#Masc|Number#Plur|Tense#Past|VerbForm#Part|Voice#Pass
005.SCG*LB2.CP-2++6.N.-3.6-4.10-3W19	determinatis	NO MATCH	lemma/99024	Aspect#Perf|Case#Abl|Degree#Pos|Number#Plur|Tense#Past|VerbForm#Part|Voice#Pass
005.SCG*LB3.CP-9++9.N.-5.1-2.5-5W11	praeexcogitatus	NO MATCH	lemma/131398	Tense#Pres|VerbForm#Inf|Voice#Act
005.SCG*LB3.CP-9++5.N.-2.4-3.5-4W7	convenienter	NO MATCH	lemma/96424	Degree#Pos
005.SCG*LB1.CP-2++6.N.11.3-1.10-4W9	specificatur	NO MATCH	lemma/81610	Mood#Ind|Number#Plur|Person#3|Tense#Pres|VerbForm#Fin|Voice#Pass
005.SCG*LB3.CP--++8.N.-8.9-3.11-6W6	sortiuntur	NO MATCH	lemma/125211	Mood#Ind|Number#Plur|Person#3|Tense#Pres|VerbForm#Fin|Voice#Pass
005.SCG*LB3.CP13++2.N.13.12-1.14-4W13	operari	NO MATCH	lemma/115028	Mood#Ind|Number#Sing|Person#3|Tense#Pres|VerbForm#Fin|Voice#Pass
005.SCG*LB2.CP-2++1.N.10.21-6.23-6W8	praeexistente	NO MATCH	lemma/131401	Mood#Sub|Number#Sing|Person#3|Tense#Pres|VerbForm#Fin|Voice#Act
005.SCG*LB4.CP-3++7.N.-3.3-4.7-2W17	licet	NO MATCH	lemma/110432	Mood#Ind|Number#Sing|Person#3|Tense#Pres|VerbForm#Fin|Voice#Act
005.SCG*LB3.CP11++1.N.-1.10-1.12-6W19	operandum	NO MATCH	lemma/115028	Aspect#Perf|Case#Nom|Degree#Pos|Gender#Masc|Number#Sing|Tense#Past|VerbForm#Part|Voice#Pass
005.SCG*LB2.CP-3++7.N.-2.13-1.19-6W15	fieri	NO MATCH	lemma/102758	Tense#Pres|VerbForm#Inf|Voice#Pass
005.SCG*LB4.CP-2++2.N.-3.7-1.13-2W25	consequens	NO MATCH	lemma/96035	Aspect#Imp|Case#Nom|Degree#Pos|Gender#Neut|Number#Sing|Tense#Pres|VerbForm#Part|Voice#Pass
005.SCG*LB2.CP-8++3.N.25.26-3.28-1W4	operantur	NO MATCH	lemma/115028	Case#Acc|Degree#Pos|Number#Sing|VerbForm#Ger|Voice#Act
005.SCG*LB3.CP15++8.N.-7.11-5.14-2W10	patitur	NO MATCH	lemma/116222	Tense#Pres|VerbForm#Inf|Voice#Pass
005.SCG*LB3.CP14++0.N.-3.1-2.4-2W9	oportet	NO MATCH	lemma/115098	Mood#Ind|Number#Sing|Person#3|Tense#Pres|VerbForm#Fin|Voice#Pass
005.SCG*LB1.CP-6++0.N.-5.12-3.14-1W7	loquamur	NO MATCH	lemma/110805	Aspect#Imp|Tense#Pres|VerbForm#Inf|Voice#Pass
005.SCG*LB4.CP-7++6.N.-6.4-6.5-4W1	fiet	NO MATCH	lemma/102758	Aspect#Imp|Mood#Ind|Number#Sing|Person#3|Tense#Fut|VerbForm#Fin|Voice#Pass
005.SCG*LB3.CP10++2.N.-4.16-6.18-1W7	fieri	NO MATCH	lemma/102758	Tense#Pres|VerbForm#Inf|Voice#Pass
005.SCG*LB2.CP-7++3.N.19.8-5.14-5W30	calefieri	NO MATCH	lemma/92350	Tense#Pres|VerbForm#Inf|Voice#Pass
005.SCG*LB2.CP-3++7.N.-5.3-1.5-2W2	fieri	NO MATCH	lemma/102758	Tense#Pres|VerbForm#Inf|Voice#Pass
005.SCG*LB2.CP-7++9.N.-5.8-1.9-1W3	oportet	NO MATCH	lemma/115098	Aspect#Perf|Case#Nom|Degree#Pos|Gender#Fem|Number#Sing|Tense#Past|VerbForm#Part|Voice#Pass
005.SCG*LB4.CP-5++5.N.22.1-1.5-1W6	oportet	NO MATCH	lemma/115098	Case#Nom|Degree#Pos|Gender#Neut|Number#Sing|VerbForm#Gdv|Voice#Pass
005.SCG*LB1.CP-8++2.N.12.1-1.2-5W3	oportet	NO MATCH	lemma/115098	Mood#Ind|Number#Sing|Person#3|Tense#Pres|VerbForm#Fin|Voice#Act
005.SCG*LB3.CP15++4.N.-7.1-1.3-5W11	convenienter	NO MATCH	lemma/96424	Degree#Pos
005.SCG*LB2.CP-4++0.N.-4.3-6.8-1W13	praeexistente	NO MATCH	lemma/131401	Aspect#Imp|Mood#Ind|Number#Plur|Person#3|Tense#Pres|VerbForm#Fin|Voice#Act
005.SCG*LB3.CP-8++6.N.14.10-1.11-1W5	quadripartito	NO MATCH	lemma/121018	Aspect#Perf|Case#Abl|Degree#Pos|Gender#Masc|Number#Sing|Tense#Past|VerbForm#Part|Voice#Pass
005.SCG*LB3.CP10++3.N.-2.5-2.9-5W16	imaginatur	NO MATCH	lemma/106316	Aspect#Perf|Mood#Ind|Number#Sing|Person#3|Tense#Past|VerbForm#Fin|Voice#Act
005.SCG*LB2.CP-7++4.N.13.1-2.4-3W16	licet	NO MATCH	lemma/110432	Aspect#Perf|Case#Nom|Degree#Pos|Gender#Fem|Number#Sing|Tense#Past|VerbForm#Part|Voice#Pass
005.SCG*LB2.CP-9++8.N.13.15-6.19-7W27	oportet	NO MATCH	lemma/115098	Aspect#Imp|Mood#Sub|Number#Plur|Person#3|Tense#Imp|VerbForm#Fin|Voice#Act
005.SCG*LB4.CP-5++3.N.27.6-1.7-3W4	sufficienter	NO MATCH	lemma/126601	Degree#Pos
005.SCG*LB4.CP-3++1.N.-3.4-1.6-1W11	oportet	NO MATCH	lemma/115098	Tense#Pres|VerbForm#Inf|Voice#Act
005.SCG*LB3.CP-9++5.N.-1.1-1.4-3W3	oportet	NO MATCH	lemma/115098	Case#Abl|Degree#Pos|Gender#Neut|Number#Sing|Tense#Pres|VerbForm#Part|Voice#Act
005.SCG*LB2.CP-3++7.N.-5.5-3.7-1W6	fiunt	NO MATCH	lemma/102758	Mood#Ind|Number#Plur|Person#3|Tense#Pres|VerbForm#Fin|Voice#Pass
005.SCG*LB2.CP-6++2.N.-4.3-1.8-3W10	determinate	NO MATCH	lemma/99024	Degree#Pos
005.SCG*LB3.CP10++1.N.-2.2-5.8-1W10	fit	NO MATCH	lemma/102758	Mood#Ind|Number#Sing|Person#3|Tense#Pres|VerbForm#Fin|Voice#Pass
005.SCG*LB2.CP--++4.N.-1.8-2.10-2W5	subiiciuntur	NO MATCH	lemma/126114	Mood#Ind|Number#Plur|Person#3|Tense#Pres|VerbForm#Fin|Voice#Pass
005.SCG*LB1.CP-4++2.N.10.19-1.20-1W3	oportet	NO MATCH	lemma/115098	Mood#Ind|Number#Sing|Person#3|Tense#Pres|VerbForm#Fin|Voice#Act
005.SCG*LB3.CP--++2.N.-6.8-1.12-8W5	praeconcipiente	NO MATCH	lemma/131391	Tense#Pres|VerbForm#Inf|Voice#Act
005.SCG*LB1.CP-6++0.N.-4.5-1.6-3W7	oportet	NO MATCH	lemma/115098	Case#Nom|Degree#Pos|Gender#Masc|Number#Sing|Tense#Pres|VerbForm#Part|Voice#Act
005.SCG*LB4.CP-5++6.N.-2.8-3.10-1W1	oportuit	NO MATCH	lemma/115098	Mood#Ind|Number#Sing|Person#3|Tense#Pres|VerbForm#Fin|Voice#Pass
005.SCG*LB3.CP-8++5.N.15.6-2.10-1W15	puta	NO MATCH	lemma/120610	
005.SCG*LB1.CP-4++3.N.14.7-4.9-4W13	oportet	NO MATCH	lemma/115098	Mood#Ind|Number#Plur|Person#1|Tense#Pres|VerbForm#Fin|Voice#Pass
005.SCG*LB4.CP-1++3.N.10.1-1.3-7W9	praeexistit	NO MATCH	lemma/131401	Case#Gen|Degree#Pos|Number#Sing|VerbForm#Ger|Voice#Act
005.SCG*LB2.CP-9++1.N.-6.1-2.3-3W7	licet	NO MATCH	lemma/110432	Aspect#Imp|Mood#Sub|Number#Sing|Person#3|Tense#Imp|VerbForm#Fin|Voice#Act
005.SCG*LB3.CP-7++8.N.-1.1-1.7-1W25	oportet	NO MATCH	lemma/115098	Aspect#Perf|Case#Acc|Degree#Pos|Gender#Fem|Number#Sing|Tense#Past|VerbForm#Part|Voice#Pass
005.SCG*LB3.CP-6++1.N.-3.1-2.1-5W4	specificantur	NO MATCH	lemma/81610	Mood#Sub|Number#Sing|Person#3|Tense#Pres|VerbForm#Fin|Voice#Act
005.SCG*LB3.CP-2++6.N.19.49-1.50-5W6	decentius	NO MATCH	lemma/98057	Degree#Cmp
005.SCG*LB2.CP-8++0.N.-9.27-1.29-5W13	fieret	NO MATCH	lemma/102758	Aspect#Imp|Mood#Sub|Number#Sing|Person#3|Tense#Imp|VerbForm#Fin|Voice#Pass
005.SCG*LB4.CP--++1.N.12.11-6.12-2W1	recte	NO MATCH	lemma/122542	Degree#Pos
005.SCG*LB4.CP-5++5.N.21.6-1.9-4W16	pati	NO MATCH	lemma/116222	Aspect#Perf|Case#Acc|Degree#Pos|Gender#Fem|Number#Sing|Tense#Past|VerbForm#Part|Voice#Pass
005.SCG*LB3.CP-9++7.N.-2.19-1.23-4W19	unite	NO MATCH	lemma/130685	Degree#Pos
005.SCG*LB4.CP-1++6.N.-3.6-4.7-5W7	famulantis	NO MATCH	lemma/102902	Mood#Sub|Number#Sing|Person#3|Tense#Pres|VerbForm#Fin|Voice#Act
005.SCG*LB4.CP-2++4.N.10.10-5.14-1W10	oportet	NO MATCH	lemma/115098	Aspect#Perf|Case#Abl|Degree#Pos|Gender#Masc|Number#Sing|Tense#Past|VerbForm#Part|Voice#Pass
005.SCG*LB1.CP-1++1.N.-2.20-5.22-1W3	oportebit	NO MATCH	lemma/115098	Mood#Ind|Number#Sing|Person#3|Tense#Pres|VerbForm#Fin|Voice#Act
005.SCG*LB4.CP-6++3.N.-7.10-4.12-4W12	praeexistentem	NO MATCH	lemma/131401	Mood#Ind|Number#Plur|Person#1|Tense#Pres|VerbForm#Fin|Voice#Act
005.SCG*LB2.CP-8++0.N.15.7-3.11-2W2	oportet	NO MATCH	lemma/115098	Mood#Ind|Number#Sing|Person#3|Tense#Pres|VerbForm#Fin|Voice#Act
005.SCG*LB4.CP-7++1.N.-3.1-2.2-3W5	potentius	NO MATCH	lemma/118569	Aspect#Imp|Case#Acc|Degree#Cmp|Gender#Neut|Number#Sing|Tense#Pres|VerbForm#Part|VerbType#Mod|Voice#Act
005.SCG*LB4.CP-1++3.N.-2.5-2.6-3W1	oportet	NO MATCH	lemma/115098	Aspect#Perf|Case#Nom|Degree#Pos|Gender#Neut|Number#Sing|Tense#Past|VerbForm#Part|Voice#Pass
005.SCG*LB4.CP-1++3.N.-5.9-4.10-8W5	oportet	NO MATCH	lemma/115098	Aspect#Perf|Case#Nom|Degree#Pos|Gender#Neut|Number#Sing|Tense#Past|VerbForm#Part|Voice#Pass
005.SCG*LB4.CP-3++7.N.-7.4-3.7-6W20	passus	NO MATCH	lemma/116222	Mood#Ind|Number#Sing|Person#3|Tense#Pres|VerbForm#Fin|Voice#Act
005.SCG*LB1.CP-1++3.N.19.3-3.5-4W3	oportet	NO MATCH	lemma/115098	Mood#Sub|Number#Sing|Person#3|Tense#Pres|VerbForm#Fin|Voice#Pass
005.SCG*LB4.CP--++6.N.11.1-2.2-6W1	expresse	NO MATCH	lemma/102229	Degree#Pos
005.SCG*LB4.CP-7++2.N.-1.3-7.8-1W14	patitur	NO MATCH	lemma/116222	Aspect#Imp|Mood#Ind|Number#Sing|Person#3|Tense#Pres|VerbForm#Fin|Voice#Act
005.SCG*LB3.CP-9++7.N.13.21-7.22-4W4	consequentibus	NO MATCH	lemma/96035	Case#Abl|Degree#Pos|Gender#Neut|Number#Plur|Tense#Pres|VerbForm#Part|Voice#Pass
005.SCG*LB2.CP-8++2.N.19.5-1.6-6W5	exequens	NO MATCH	lemma/102311	Case#Nom|Degree#Pos|Gender#Fem|Number#Sing|Tense#Pres|VerbForm#Part|Voice#Pass
005.SCG*LB4.CP-8++2.N.-4.6-2.7-1W4	mortuis	NO MATCH	lemma/112796	Mood#Ind|Number#Sing|Person#3|Tense#Pres|VerbForm#Fin|Voice#Act
005.SCG*LB4.CP-7++8.N.-1.7-1.10-5W6	oportebat	NO MATCH	lemma/115098	Mood#Sub|Number#Sing|Person#3|Tense#Pres|VerbForm#Fin|Voice#Act
005.SCG*LB2.CP-3++4.N.-3.14-1.17-2W11	oportet	NO MATCH	lemma/115098	Aspect#Imp|Mood#Sub|Number#Sing|Person#3|Tense#Imp|VerbForm#Fin|Voice#Act
005.SCG*LB4.CP-5++5.N.-5.22-2.24-3W7	oportuit	NO MATCH	lemma/115098	Tense#Pres|VerbForm#Inf|Voice#Pass
005.SCG*LB3.CP-8++4.N.-3.1-2.4-3W13	oportet	NO MATCH	lemma/115098	Aspect#Perf|Case#Dat|Degree#Pos|Gender#Masc|Number#Sing|Tense#Past|VerbForm#Part|Voice#Pass
005.SCG*LB1.CP-4++2.N.-9.26-1.32-6W23	essendi	NO MATCH	lemma/126689	Case#Gen|Degree#Pos|Number#Sing|VerbForm#Ger|Voice#Act
005.SCG*LB2.CP-1++7.N.-2.3-2.5-5W6	praeexistit	NO MATCH	lemma/131401	Aspect#Imp|Tense#Pres|VerbForm#Inf|Voice#Act
005.SCG*LB3.CP-9++2.N.-2.5-5.9-2W7	operari	NO MATCH	lemma/115028	Mood#Ind|Number#Plur|Person#3|Tense#Pres|VerbForm#Fin|Voice#Act
005.SCG*LB1.CP-4++2.N.12.1-2.3-7W10	individuata	NO MATCH	lemma/59198	Mood#Ind|Number#Sing|Person#3|Tense#Pres|VerbForm#Fin|Voice#Act
005.SCG*LB2.CP-5++8.N.-1.7-1.10-3W11	oportebit	NO MATCH	lemma/115098	Aspect#Perf|Case#Acc|Degree#Pos|Gender#Fem|Number#Sing|Tense#Past|VerbForm#Part|Voice#Pass
005.SCG*LB2.CP-9++6.N.10.21-1.23-5W18	cointelligi	NO MATCH	lemma/131283	Mood#Ind|Number#Sing|Person#3|Tense#Pres|VerbForm#Fin|VerbType#Mod|Voice#Act
005.SCG*LB3.CP15++4.N.11.15-1.19-2W16	praeexistente	NO MATCH	lemma/131401	Mood#Ind|Number#Sing|Person#3|Tense#Pres|VerbForm#Fin|VerbType#Mod|Voice#Act
005.SCG*LB3.CP10++5.N.-5.1-1.8-4W41	fiunt	NO MATCH	lemma/102758	Mood#Ind|Number#Plur|Person#3|Tense#Pres|VerbForm#Fin|Voice#Pass
005.SCG*LB3.CP-2++4.N.-2.1-1.6-2W22	praeexistunt	NO MATCH	lemma/131401	Mood#Ind|Number#Sing|Person#3|Tense#Pres|VerbForm#Fin|Voice#Pass
005.SCG*LB4.CP-1++7.N.18.2-1.3-2W7	loquitur	NO MATCH	lemma/110805	Mood#Ind|Number#Sing|Person#3|Tense#Pres|VerbForm#Fin|Voice#Act
005.SCG*LB4.CP-7++0.N.-2.3-7.8-2W22	loqui	NO MATCH	lemma/110805	Aspect#Perf|Tense#Past|VerbForm#Inf|Voice#Act
005.SCG*LB3.CP-4++0.N.-6.3-3.6-2W6	fit	NO MATCH	lemma/102758	Mood#Ind|Number#Sing|Person#3|Tense#Pres|VerbForm#Fin|Voice#Pass
005.SCG*LB2.CP-7++5.N.12.10-4.13-1W5	licet	NO MATCH	lemma/110432	Mood#Ind|Number#Sing|Person#3|Tense#Pres|VerbForm#Fin|Voice#Act
005.SCG*LB3.CP12++0.N.10.1-1.4-3W1	licet	NO MATCH	lemma/110432	Aspect#Perf|Mood#Ind|Number#Sing|Person#1|Tense#Past|VerbForm#Fin|Voice#Act
005.SCG*LB2.CP-8++6.N.-2.4-2.6-2W8	operatur	NO MATCH	lemma/115028	Mood#Ind|Number#Plur|Person#3|Tense#Pres|VerbForm#Fin|Voice#Act
005.SCG*LB2.CP-8++9.N.-8.25-6.29-2W10	praeexistentis	NO MATCH	lemma/131401	Mood#Ind|Number#Sing|Person#3|Tense#Pres|VerbForm#Fin|Voice#Pass
005.SCG*LB2.CP-5++7.N.-9.1-2.4-1W1	licet	NO MATCH	lemma/110432	Mood#Ind|Number#Sing|Person#3|Tense#Pres|VerbForm#Fin|Voice#Pass
005.SCG*LB4.CP-9++1.N.-9.15-3.21-6W39	contemplantibus	NO MATCH	lemma/96238	Mood#Sub|Number#Sing|Person#3|Tense#Pres|VerbForm#Fin|Voice#Act
005.SCG*LB1.CP-4++2.N.-9.10-4.13-5W20	essendi	NO MATCH	lemma/126689	Case#Gen|Degree#Pos|Number#Sing|VerbForm#Ger|Voice#Act
005.SCG*LB1.CP-2++4.N.-2.11-4.15-1W21	superaddito	NO MATCH	lemma/131438	Mood#Ind|Number#Plur|Person#3|Tense#Pres|VerbForm#Fin|Voice#Pass
005.SCG*LB2.CP-2++8.N.-7.1-1.4-5W8	nitentium	NO MATCH	lemma/113708	Case#Gen|Degree#Pos|Gender#Masc|Number#Plur|Tense#Pres|VerbForm#Part|Voice#Pass
005.SCG*LB3.CP-7++7.N.-5.11-1.17-1W9	abundantius	NO MATCH	lemma/87053	Degree#Pos
005.SCG*LB4.CP-5++0.N.-6.1-2.5-3W5	loqueretur	NO MATCH	lemma/110805	Mood#Sub|Number#Sing|Person#3|Tense#Pres|VerbForm#Fin|Voice#Act
005.SCG*LB3.CP-9++5.N.21.17-5.21-3W14	moriturus	NO MATCH	lemma/112796	Tense#Pres|VerbForm#Inf|Voice#Act
005.SCG*LB3.CP15++0.N.-3.1-1.3-4W1	oportet	NO MATCH	lemma/115098	Mood#Ind|Number#Plur|Person#3|Tense#Pres|VerbForm#Fin|Voice#Act
005.SCG*LB3.CP-2++6.N.22.16-3.18-4W8	operandum	NO MATCH	lemma/115028	Aspect#Imp|Mood#Ind|Number#Sing|Person#3|Tense#Pres|VerbForm#Fin|Voice#Act
005.SCG*LB2.CP-1++7.N.-5.1-2.5-1W10	fit	NO MATCH	lemma/102758	Mood#Ind|Number#Sing|Person#3|Tense#Pres|VerbForm#Fin|Voice#Pass
005.SCG*LB3.CP-7++9.N.-1.1-1.5-3W16	oportet	NO MATCH	lemma/115098	Mood#Ind|Number#Sing|Person#3|Tense#Pres|VerbForm#Fin|Voice#Act
005.SCG*LB4.CP-8++8.N.-5.1-1.4-3W11	oportet	NO MATCH	lemma/115098	Mood#Ind|Number#Sing|Person#3|Tense#Pres|VerbForm#Fin|Voice#Act
005.SCG*LB3.CP10++2.N.-6.1-2.5-2W13	operetur	NO MATCH	lemma/115028	Mood#Ind|Number#Sing|Person#3|Tense#Pres|VerbForm#Fin|Voice#Act
005.SCG*LB1.CP-9++9.N.-2.3-3.4-5W4	fit	NO MATCH	lemma/102758	Mood#Ind|Number#Sing|Person#3|Tense#Pres|VerbForm#Fin|Voice#Pass
005.SCG*LB2.CP-5++2.N.-1.1-1.6-1W4	opinandum	NO MATCH	lemma/115070	Mood#Ind|Number#Sing|Person#3|Tense#Pres|VerbForm#Fin|Voice#Act
005.SCG*LB4.CP-2++3.N.-9.5-1.5-7W1	iratus	NO MATCH	lemma/108954	Aspect#Perf|Case#Nom|Degree#Pos|Gender#Fem|Number#Sing|Tense#Past|VerbForm#Part|Voice#Pass
005.SCG*LB2.CP-1++5.N.-7.9-5.13-1W26	necesse-esse	NO MATCH	lemma/126689	Tense#Pres|VerbForm#Inf|Voice#Act
005.SCG*LB2.CP-8++3.N.25.13-4.14-2W3	experimur	NO MATCH	lemma/102164	Mood#Sub|Number#Sing|Person#3|Tense#Pres|VerbForm#Fin|Voice#Act
005.SCG*LB2.CP-2++0.N.-2.8-1.9-2W8	fit	NO MATCH	lemma/102758	Mood#Ind|Number#Sing|Person#3|Tense#Pres|VerbForm#Fin|Voice#Pass
005.SCG*LB1.CP-4++2.N.-8.9-3.10-6W9	necesse-esse	NO MATCH	lemma/126689	Tense#Pres|VerbForm#Inf|Voice#Act
005.SCG*LB3.CP-5++9.N.-4.7-1.10-3W1	oportet	NO MATCH	lemma/115098	Aspect#Imp|Mood#Ind|Number#Sing|Person#3|Tense#Pres|VerbForm#Fin|VerbType#Mod|Voice#Act
005.SCG*LB2.CP-4++4.N.-8.1-2.5-1W20	oportuit	NO MATCH	lemma/115098	Aspect#Perf|Case#Nom|Degree#Pos|Gender#Masc|Number#Sing|Tense#Past|VerbForm#Part|Voice#Pass
005.SCG*LB2.CP-3++0.N.11.26-4.29-1W4	oportet	NO MATCH	lemma/115098	Aspect#Imp|Tense#Pres|VerbForm#Inf|Voice#Pass
005.SCG*LB4.CP-5++3.N.27.1-2.4-1W3	sufficienter	NO MATCH	lemma/126601	Degree#Pos
005.SCG*LB4.CP-5++5.N.26.3-3.8-1W8	mortuus	NO MATCH	lemma/112796	Mood#Ind|Number#Sing|Person#3|Tense#Pres|VerbForm#Fin|Voice#Act
005.SCG*LB4.CP-5++3.N.15.8-3.12-4W10	pati	NO MATCH	lemma/116222	Tense#Pres|VerbForm#Inf|Voice#Act
005.SCG*LB2.CP-3++2.N.-8.15-2.18-5W26	incoepisse	NO MATCH	lemma/106965	Aspect#Perf|Tense#Past|VerbForm#Inf|Voice#Act
005.SCG*LB4.CP-7++0.N.-6.7-4.9-2W1	contemplantes	NO MATCH	lemma/96238	Aspect#Imp|Mood#Sub|Number#Sing|Person#3|Tense#Pres|VerbForm#Fin|Voice#Act
005.SCG*LB3.CP-6++2.N.-5.1-2.4-4W23	proiicitur	NO MATCH	lemma/119771	Mood#Ind|Number#Sing|Person#3|Tense#Pres|VerbForm#Fin|Voice#Pass
005.SCG*LB4.CP-2++1.N.-2.31-1.34-5W17	oportet	NO MATCH	lemma/115098	Aspect#Perf|Mood#Ind|Number#Sing|Person#1|Tense#Past|VerbForm#Fin|VerbType#Mod|Voice#Act
005.SCG*LB3.CP-6++4.N.-5.11-4.12-6W1	oportet	NO MATCH	lemma/115098	Mood#Ind|Number#Sing|Person#3|Tense#Pres|VerbForm#Fin|Voice#Act
005.SCG*LB4.CP-7++4.N.-3.6-1.7-5W3	oportet	NO MATCH	lemma/115098	Mood#Ind|Number#Sing|Person#3|Tense#Pres|VerbForm#Fin|Voice#Act
005.SCG*LB3.CP--++5.N.-5.1-1.5-5W7	fiat	NO MATCH	lemma/102758	Mood#Sub|Number#Sing|Person#3|Tense#Pres|VerbForm#Fin|Voice#Pass
005.SCG*LB2.CP-5++8.N.-6.1-2.4-4W14	fiat	NO MATCH	lemma/102758	Mood#Sub|Number#Sing|Person#3|Tense#Pres|VerbForm#Fin|Voice#Pass
005.SCG*LB4.CP-6++3.N.12.14-2.16-1W7	sortitur	NO MATCH	lemma/125211	Aspect#Perf|Mood#Ind|Number#Plur|Person#3|Tense#Past|VerbForm#Fin|Voice#Act
005.SCG*LB3.CP-9++9.N.-4.1-2.6-2W8	oportet	NO MATCH	lemma/115098	Tense#Pres|VerbForm#Inf|Voice#Act
005.SCG*LB3.CP-5++3.N.-3.3-5.4-6W7	fit	NO MATCH	lemma/102758	Mood#Ind|Number#Sing|Person#3|Tense#Pres|VerbForm#Fin|Voice#Pass
005.SCG*LB1.CP-4++2.N.-9.1-2.4-6W19	essendi	NO MATCH	lemma/126689	Case#Gen|Degree#Pos|Number#Sing|VerbForm#Ger|Voice#Act
005.SCG*LB2.CP-3++2.N.-4.3-2.6-1W2	fieret	NO MATCH	lemma/102758	Aspect#Imp|Mood#Sub|Number#Sing|Person#3|Tense#Imp|VerbForm#Fin|Voice#Pass
005.SCG*LB4.CP-8++3.N.-9.1-1.3-4W7	ordinatior	NO MATCH	lemma/115233	Aspect#Perf|Case#Nom|Degree#Cmp|Gender#Fem|Number#Sing|Tense#Past|VerbForm#Part|Voice#Pass
005.SCG*LB4.CP-2++9.N.-1.7-3.11-1W20	passus	NO MATCH	lemma/116222	Mood#Ind|Number#Sing|Person#3|Tense#Pres|VerbForm#Fin|Voice#Act
005.SCG*LB2.CP-3++8.N.-2.2-4.4-3W3	oportet	NO MATCH	lemma/115098	Aspect#Imp|Mood#Sub|Number#Sing|Person#3|Tense#Pres|VerbForm#Fin|Voice#Pass
005.SCG*LB2.CP-8++0.N.13.15-1.20-1W17	reminisci	NO MATCH	lemma/122600	Mood#Ind|Number#Plur|Person#3|Tense#Pres|VerbForm#Fin|Voice#Act
005.SCG*LB2.CP-8++3.N.-1.1-1.5-6W24	essendi	NO MATCH	lemma/126689	Case#Gen|Degree#Pos|Number#Sing|VerbForm#Ger|Voice#Act
005.SCG*LB2.CP-8++8.N.-7.9-1.9-6W3	fit	NO MATCH	lemma/102758	Mood#Ind|Number#Sing|Person#3|Tense#Pres|VerbForm#Fin|Voice#Pass
005.SCG*LB3.CP-8++1.N.-1.6-4.10-2W9	oportet	NO MATCH	lemma/115098	Mood#Ind|Number#Sing|Person#3|Tense#Pres|VerbForm#Fin|Voice#Act
005.SCG*LB4.CP-5++3.N.-4.1-2.4-1W16	oportet	NO MATCH	lemma/115098	Mood#Ind|Number#Sing|Person#3|Tense#Pres|VerbForm#Fin|VerbType#Mod|Voice#Act
005.SCG*LB4.CP-3++4.N.10.4-1.5-5W1	ingrediens	NO MATCH	lemma/107822	Aspect#Imp|Case#Nom|Degree#Pos|Gender#Neut|Number#Sing|Tense#Pres|VerbForm#Part|Voice#Pass
005.SCG*LB1.CP-2++6.N.12.3-1.6-6W18	fiunt	NO MATCH	lemma/102758	Mood#Ind|Number#Plur|Person#3|Tense#Pres|VerbForm#Fin|Voice#Pass
005.SCG*LB1.CP-6++5.N.-3.16-4.18-3W9	individuantia	NO MATCH	lemma/59198	Aspect#Imp|Mood#Ind|Number#Sing|Person#3|Tense#Pres|VerbForm#Fin|Voice#Pass
005.SCG*LB3.CP-2++4.N.-2.1-1.6-2W14	praeexistant	NO MATCH	lemma/131401	Aspect#Perf|Case#Nom|Degree#Pos|Gender#Masc|Number#Plur|Tense#Past|VerbForm#Part|Voice#Pass
005.SCG*LB3.CP-2++6.N.14.4-1.5-5W12	converso	NO MATCH	lemma/96446	Case#Abl|Degree#Pos|Gender#Neut|Number#Sing
005.SCG*LB1.CP--++1.N.-6.1-1.4-1W15	operatur	NO MATCH	lemma/115028	Mood#Ind|Number#Sing|Person#3|Tense#Pres|VerbForm#Fin|Voice#Act
005.SCG*LB4.CP-5++3.N.-9.10-1.11-5W6	sufficienter	NO MATCH	lemma/126601	Degree#Pos
005.SCG*LB3.CP-4++6.N.-1.1-1.4-1W14	diligenter	NO MATCH	lemma/99463	Degree#Pos
005.SCG*LB1.CP-4++4.N.-2.1-1.5-4W18	oportet	NO MATCH	lemma/115098	Tense#Pres|VerbForm#Inf|Voice#Act
005.SCG*LB3.CP-6++7.N.-5.1-2.8-1W10	sequentes	NO MATCH	lemma/124461	Case#Nom|Degree#Pos|Gender#Fem|Number#Plur|Tense#Pres|VerbForm#Part|Voice#Pass
005.SCG*LB2.CP-9++8.N.-4.12-5.15-2W11	eminentius	NO MATCH	lemma/100978	Degree#Cmp
005.SCG*LB4.CP--++8.N.-1.13-4.16-7W14	partitam	NO MATCH	lemma/116113	Degree#Cmp
005.SCG*LB4.CP-6++6.N.-6.1-1.4-1W15	fiat	NO MATCH	lemma/102758	Aspect#Imp|Mood#Sub|Number#Sing|Person#3|Tense#Pres|VerbForm#Fin|Voice#Pass
005.SCG*LB4.CP-4++8.N.-3.16-1.19-1W22	subintellecta	NO MATCH	lemma/145796	Aspect#Imp|Tense#Pres|VerbForm#Inf|VerbType#Mod|Voice#Act
005.SCG*LB3.CP-9++7.N.-3.17-4.19-6W12	perfectior	NO MATCH	lemma/116821	Aspect#Perf|Case#Nom|Degree#Cmp|Gender#Fem|Number#Sing|Tense#Past|VerbForm#Part|Voice#Pass
005.SCG*LB3.CP14++7.N.-3.12-1.13-4W12	proportionata	NO MATCH	lemma/131413	Aspect#Perf|Case#Nom|Degree#Cmp|Gender#Fem|Number#Sing|Tense#Past|VerbForm#Part|Voice#Pass
005.SCG*LB1.CP-6++9.N.-5.8-3.10-3W9	exemplatum	NO MATCH	lemma/101974	Aspect#Perf|Case#Nom|Degree#Pos|Gender#Neut|Number#Sing|Tense#Past|VerbForm#Part|Voice#Pass
005.SCG*LB2.CP-4++6.N.-6.17-3.18-1W1	oportuit	NO MATCH	lemma/115098	Mood#Ind|Number#Sing|Person#3|Tense#Pres|VerbForm#Fin|Voice#Pass
005.SCG*LB2.CP-1++6.N.-4.8-1.10-6W1	oportet	NO MATCH	lemma/115098	Mood#Ind|Number#Sing|Person#3|Tense#Pres|VerbForm#Fin|Voice#Act
005.SCG*LB2.CP-2++8.N.-1.1-1.4-5W11	operatus	NO MATCH	lemma/115028	Mood#Ind|Number#Sing|Person#3|Tense#Pres|VerbForm#Fin|Voice#Act
005.SCG*LB4.CP-5++1.N.-8.1-2.4-4W13	fiunt	NO MATCH	lemma/102758	Aspect#Imp|Mood#Ind|Number#Plur|Person#3|Tense#Pres|VerbForm#Fin|Voice#Pass
005.SCG*LB2.CP-1++6.N.-2.1-1.2-6W9	praeexistit	NO MATCH	lemma/131401	Tense#Pres|VerbForm#Inf|Voice#Act
005.SCG*LB4.CP-8++2.N.-6.16-4.17-5W1	oportet	NO MATCH	lemma/115098	Aspect#Imp|Tense#Pres|VerbForm#Inf|Voice#Pass
005.SCG*LB1.CP-9++6.N.-4.10-2.13-2W16	oportet	NO MATCH	lemma/115098	Mood#Ind|Number#Sing|Person#3|Tense#Pres|VerbForm#Fin|Voice#Act
005.SCG*LB4.CP-5++7.N.-2.5-4.8-2W1	fit	NO MATCH	lemma/102758	Aspect#Imp|Mood#Ind|Number#Sing|Person#3|Tense#Pres|VerbForm#Fin|Voice#Pass
005.SCG*LB3.CP10++6.N.-2.6-7.8-5W1	fiunt	NO MATCH	lemma/102758	Mood#Ind|Number#Plur|Person#3|Tense#Pres|VerbForm#Fin|Voice#Pass
005.SCG*LB1.CP-7++2.N.-9.11-1.12-3W4	coordinatur	NO MATCH	lemma/44069	Mood#Ind|Number#Sing|Person#3|Tense#Pres|VerbForm#Fin|Voice#Act
005.SCG*LB4.CP-9++0.N.-2.1-1.7-3W34	patiuntur	NO MATCH	lemma/116222	Case#Nom|Degree#Pos|Gender#Fem|Number#Sing|Tense#Pres|VerbForm#Part|Voice#Act
005.SCG*LB3.CP13++5.N.13.10-2.12-7W19	licite	NO MATCH	lemma/110432	Mood#Sub|Number#Plur|Person#3|Tense#Pres|VerbForm#Fin|Voice#Act
005.SCG*LB4.CP-4++3.N.-2.20-1.22-5W13	consequens	NO MATCH	lemma/96035	Aspect#Imp|Case#Acc|Degree#Pos|Gender#Neut|Number#Sing|Tense#Pres|VerbForm#Part|Voice#Pass
005.SCG*LB2.CP-7++2.N.-4.2-2.4-4W10	oportet	NO MATCH	lemma/115098	Mood#Ind|Number#Sing|Person#3|Tense#Pres|VerbForm#Fin|Voice#Pass
005.SCG*LB4.CP-9++6.N.-2.1-1.6-2W9	passus	NO MATCH	lemma/116222	Mood#Ind|Number#Plur|Person#3|Tense#Pres|VerbForm#Fin|Voice#Act
005.SCG*LB1.CP-1++3.N.25.3-3.6-4W11	oportet	NO MATCH	lemma/115098	Mood#Ind|Number#Sing|Person#3|Tense#Pres|VerbForm#Fin|Voice#Act
005.SCG*LB3.CP-5++6.N.-7.1-1.3-7W4	diligenter	NO MATCH	lemma/99463	Degree#Pos
005.SCG*LB2.CP-7++4.N.-2.35-1.45-1W1	oportet	NO MATCH	lemma/115098	Mood#Sub|Number#Sing|Person#3|Tense#Pres|VerbForm#Fin|Voice#Act
005.SCG*LB2.CP-1++5.N.-2.14-4.21-6W40	oportet	NO MATCH	lemma/115098	Mood#Ind|Number#Sing|Person#3|Tense#Pres|VerbForm#Fin|Voice#Act
005.SCG*LB2.CP-3++3.N.-3.1-2.4-1W11	essendi	NO MATCH	lemma/126689	Case#Gen|Degree#Pos|Number#Sing|VerbForm#Ger|Voice#Act
005.SCG*LB4.CP-8++2.N.-9.12-2.13-1W6	morituri	NO MATCH	lemma/112796	Aspect#Perf|Case#Nom|Degree#Pos|Gender#Masc|Number#Sing|Tense#Past|VerbForm#Part|Voice#Pass
005.SCG*LB1.CP-1++5.N.-5.5-1.7-7W18	oportet	NO MATCH	lemma/115098	Mood#Ind|Number#Plur|Person#3|Tense#Pres|VerbForm#Fin|Voice#Act
005.SCG*LB2.CP-7++6.N.-6.9-6.11-2W7	fiunt	NO MATCH	lemma/102758	Mood#Ind|Number#Plur|Person#3|Tense#Pres|VerbForm#Fin|Voice#Pass
005.SCG*LB4.CP--++7.N.13.10-3.14-7W35	arbitratus	NO MATCH	lemma/89778	Mood#Ind|Number#Sing|Person#3|Tense#Pres|VerbForm#Fin|Voice#Act
005.SCG*LB4.CP-5++5.N.25.9-6.14-3W28	patientis	NO MATCH	lemma/116222	Mood#Ind|Number#Sing|Person#3|Tense#Pres|VerbForm#Fin|Voice#Act
005.SCG*LB4.CP-7++4.N.-4.6-2.8-3W1	oportuit	NO MATCH	lemma/115098	Tense#Pres|VerbForm#Inf|Voice#Act
005.SCG*LB3.CP10++4.N.10.10-5.12-2W11	operarentur	NO MATCH	lemma/115028	Aspect#Perf|Mood#Ind|Number#Sing|Person#3|Tense#Past|VerbForm#Fin|Voice#Act
005.SCG*LB3.CP12++7.N.-4.15-1.20-4W17	conversatur	NO MATCH	lemma/96442	Aspect#Perf|Mood#Ind|Number#Sing|Person#3|Tense#Past|VerbForm#Fin|Voice#Act
005.SCG*LB2.CP-3++0.N.14.17-3.18-5005.SCG*LB2.CP-3++0.N.14.15-1.17-2W13	fit	NO MATCH	lemma/102758	Mood#Ind|Number#Sing|Person#3|Tense#Pres|VerbForm#Fin|Voice#Pass
005.SCG*LB3.CP--++8.N.-8.12-1.16-1W17	oportet	NO MATCH	lemma/115098	Aspect#Perf|Case#Nom|Degree#Pos|Gender#Neut|Number#Sing|Tense#Past|VerbForm#Part|Voice#Pass
005.SCG*LB3.CP10++3.N.--.1-1.3-6W7	operantur	NO MATCH	lemma/115028	Aspect#Imp|Mood#Ind|Number#Sing|Person#3|Tense#Pres|VerbForm#Fin|Voice#Act
005.SCG*LB3.CP-9++9.N.-9.24-1.31-2W7	fieri	NO MATCH	lemma/102758	Tense#Pres|VerbForm#Inf|Voice#Pass
005.SCG*LB3.CP--++3.N.10.3-2.4-3W1	oportet	NO MATCH	lemma/115098	Mood#Ind|Number#Sing|Person#3|Tense#Pres|VerbForm#Fin|Voice#Act
005.SCG*LB4.CP-2++4.N.-8.72-1.73-7W1	oportet	NO MATCH	lemma/115098	Mood#Ind|Number#Sing|Person#3|Tense#Pres|VerbForm#Fin|Voice#Act
005.SCG*LB3.CP-9++4.N.-2.39-1.40-4W3	oportet	NO MATCH	lemma/115098	Mood#Ind|Number#Plur|Person#3|Tense#Pres|VerbForm#Fin|Voice#Act
005.SCG*LB3.CP-4++9.N.10.15-3.18-3W11	licet	NO MATCH	lemma/110432	Tense#Pres|VerbForm#Inf|Voice#Act
005.SCG*LB3.CP10++4.N.11.7-3.11-2W15	sortiantur	NO MATCH	lemma/125211	Mood#Ind|Number#Sing|Person#3|Tense#Pres|VerbForm#Fin|Voice#Act
005.SCG*LB2.CP-9++7.N.-3.9-4.11-2W1	oportet	NO MATCH	lemma/115098	Mood#Ind|Number#Sing|Person#3|Tense#Pres|VerbForm#Fin|Voice#Act
005.SCG*LB2.CP-8++9.N.13.14-1.17-1W14	consequens	NO MATCH	lemma/96035	Case#Acc|Degree#Pos|Gender#Neut|Number#Sing|Tense#Pres|VerbForm#Part|Voice#Pass
005.SCG*LB3.CP-5++3.N.-2.1-1.6-5W33	fit	NO MATCH	lemma/102758	Mood#Ind|Number#Sing|Person#3|Tense#Pres|VerbForm#Fin|Voice#Pass
005.SCG*LB4.CP-5++5.N.19.1-1.4-1W14	pati	NO MATCH	lemma/116222	Aspect#Perf|Case#Acc|Degree#Pos|Gender#Fem|Number#Plur|Tense#Past|VerbForm#Part|Voice#Pass
005.SCG*LB4.CP-3++4.N.-5.16-3.20-3W13	testatur	NO MATCH	lemma/127996	Mood#Ind|Number#Plur|Person#3|Tense#Pres|VerbForm#Fin|Voice#Act
005.SCG*LB2.CP-8++3.N.27.6-2.11-4W3	ordinate	NO MATCH	lemma/115233	Degree#Pos
005.SCG*LB3.CP-6++7.N.-1.1-1.3-1W12	operentur	NO MATCH	lemma/115028	Degree#Pos
005.SCG*LB4.CP-3++4.N.-3.1-1.4-1W4	diligenter	NO MATCH	lemma/99463	Degree#Pos
005.SCG*LB4.CP--++7.N.14.5-6.6-3W6	oportet	NO MATCH	lemma/115098	Mood#Ind|Number#Sing|Person#3|Tense#Pres|VerbForm#Fin|Voice#Pass
005.SCG*LB1.CP-7++2.N.-3.22-2.23-4W7	oportet	NO MATCH	lemma/115098	Mood#Ind|Number#Sing|Person#3|Tense#Pres|VerbForm#Fin|Voice#Act
005.SCG*LB4.CP--++8.N.-2.9-4.11-5W2	signanter	NO MATCH	lemma/124766	Degree#Pos
005.SCG*LB1.CP-4++2.N.16.9-2.10-5W1	oportet	NO MATCH	lemma/115098	Aspect#Perf|Case#Nom|Degree#Pos|Gender#Fem|Number#Sing|Tense#Past|VerbForm#Part|Voice#Pass
005.SCG*LB4.CP-5++5.N.10.5-5.8-2W14	operando	NO MATCH	lemma/115028	Mood#Ind|Number#Sing|Person#3|Tense#Pres|VerbForm#Fin|Voice#Pass
005.SCG*LB4.CP-2++6.N.-3.1-2.4-5W4	oportet	NO MATCH	lemma/115098	Mood#Ind|Number#Sing|Person#3|Tense#Pres|VerbForm#Fin|Voice#Act
005.SCG*LB4.CP--++8.N.-3.18-5.19-5W7	morietur	NO MATCH	lemma/112796	Mood#Ind|Number#Plur|Person#3|Tense#Pres|VerbForm#Fin|Voice#Act
005.SCG*LB3.CP-4++2.N.-8.1-2.5-2W20	fieri	NO MATCH	lemma/102758	Tense#Pres|VerbForm#Inf|Voice#Pass
005.SCG*LB4.CP-5++5.N.12.1-1.5-5W25	conversaretur	NO MATCH	lemma/96442	Aspect#Perf|Mood#Ind|Number#Sing|Person#3|Tense#Past|VerbForm#Fin|Voice#Act
005.SCG*LB3.CP-4++9.N.-4.1-2.7-4W11	oportet	NO MATCH	lemma/115098	Aspect#Imp|Mood#Ind|Number#Plur|Person#2|Tense#Pres|VerbForm#Fin|VerbType#Mod|Voice#Act
005.SCG*LB4.CP-2++3.N.-3.1-1.5-1W14	loquetur	NO MATCH	lemma/110805	Aspect#Imp|Mood#Ind|Number#Sing|Person#3|Tense#Pres|VerbForm#Fin|Voice#Act
005.SCG*LB4.CP-5++7.N.-1.8-4.9-6W5	passum	NO MATCH	lemma/116222	Case#Acc|Degree#Pos|Number#Sing|VerbForm#Ger|Voice#Act
005.SCG*LB2.CP-4++3.N.-6.8-5.10-1W6	fit	NO MATCH	lemma/102758	Mood#Ind|Number#Sing|Person#3|Tense#Pres|VerbForm#Fin|Voice#Pass
005.SCG*LB4.CP-3++6.N.-8.6-3.7-1W7	fiat	NO MATCH	lemma/102758	Aspect#Imp|Mood#Sub|Number#Sing|Person#3|Tense#Pres|VerbForm#Fin|Voice#Pass
005.SCG*LB3.CP10++4.N.10.14-3.16-1W6	operentur	NO MATCH	lemma/115028	Mood#Ind|Number#Sing|Person#3|Tense#Pres|VerbForm#Fin|Voice#Act
005.SCG*LB1.CP--++6.N.-2.1-1.3-6W15	dignata	NO MATCH	lemma/99404	Aspect#Imp|Mood#Ind|Number#Sing|Person#3|Tense#Imp|VerbForm#Fin|Voice#Pass
005.SCG*LB4.CP-1++3.N.-8.8-4.9-5W5	oporteat	NO MATCH	lemma/115098	Tense#Pres|VerbForm#Inf|Voice#Act
005.SCG*LB2.CP-8++2.N.12.6-1.10-3W11	patitur	NO MATCH	lemma/116222	Tense#Pres|VerbForm#Inf|Voice#Act
005.SCG*LB2.CP-4++7.N.-4.22-1.27-3W8	imaginatae	NO MATCH	lemma/106316	Tense#Pres|VerbForm#Inf|Voice#Act
005.SCG*LB3.CP-1++7.N.-7.2-5.5-5W15	oportet	NO MATCH	lemma/115098	Mood#Ind|Number#Plur|Person#3|Tense#Pres|VerbForm#Fin|Voice#Act
005.SCG*LB1.CP-7++9.N.-7.17-1.21-4W14	consequens	NO MATCH	lemma/96035	Case#Nom|Degree#Pos|Gender#Fem|Number#Sing|Tense#Pres|VerbForm#Part|Voice#Pass
005.SCG*LB2.CP-3++0.N.12.5-6.10-4W12	organizatum	NO MATCH	lemma/68425	Mood#Ind|Number#Sing|Person#3|Tense#Pres|VerbForm#Fin|Voice#Act
005.SCG*LB4.CP-6++5.N.-7.4-1.8-5W33	individuata	NO MATCH	lemma/59198	Mood#Ind|Number#Sing|Person#3|Tense#Pres|VerbForm#Fin|Voice#Act
005.SCG*LB1.CP-4++2.N.10.10-2.11-5W3	oportet	NO MATCH	lemma/115098	Mood#Ind|Number#Sing|Person#3|Tense#Pres|VerbForm#Fin|Voice#Act
005.SCG*LB2.CP-5++9.N.11.1-2.4-4W16	operans	NO MATCH	lemma/115028	Mood#Ind|Number#Sing|Person#3|Tense#Pres|VerbForm#Fin|Voice#Act
005.SCG*LB2.CP-3++7.N.-4.7-6.9-8W19	incoepit	NO MATCH	lemma/106965	Aspect#Perf|Mood#Ind|Number#Sing|Person#3|Tense#Past|VerbForm#Fin|Voice#Act
005.SCG*LB4.CP-3++4.N.-2.59-4.63-7W33	convenienter	NO MATCH	lemma/96424	Degree#Pos
005.SCG*LB2.CP-4++6.N.-7.1-2.4-5W20	deficienter	NO MATCH	lemma/98257	Case#Loc|Degree#Pos|Number#Sing|Tense#Pres|VerbForm#Part|Voice#Act
005.SCG*LB4.CP-5++9.N.-2.5-7.7-4W10	sanctificata	NO MATCH	lemma/123318	Aspect#Perf|Case#Abl|Degree#Pos|Gender#Fem|Number#Sing|Tense#Past|VerbForm#Part|Voice#Pass
005.SCG*LB2.CP-7++3.N.39.17-1.23-2W19	licet	NO MATCH	lemma/110432	Aspect#Imp|Mood#Sub|Number#Sing|Person#3|Tense#Imp|VerbForm#Fin|Voice#Act
005.SCG*LB2.CP--++6.N.-1.1-1.4-2W9	ostendamus	NO MATCH	lemma/115363	Mood#Ind|Number#Plur|Person#1|Tense#Fut|VerbForm#Fin|Voice#Act
005.SCG*LB1.CP-9++3.N.10.19-1.19-4W3	occulte	NO MATCH	lemma/114609	Degree#Pos
005.SCG*LB3.CP-2++7.N.10.3-2.5-2W3	oportet	NO MATCH	lemma/115098	Degree#Pos
005.SCG*LB3.CP13++2.N.23.9-1.12-2W20	imitentur	NO MATCH	lemma/106364	Aspect#Imp|Mood#Ind|Number#Sing|Person#3|Tense#Pres|VerbForm#Fin|Voice#Act
005.SCG*LB3.CP--++2.N.-4.13-1.22-5W29	imaginatur	NO MATCH	lemma/106316	Mood#Ind|Number#Sing|Person#3|Tense#Pres|VerbForm#Fin|Voice#Act
005.SCG*LB1.CP-1++6.N.-6.1-2.3-5W14	pati	NO MATCH	lemma/116222	Mood#Ind|Number#Sing|Person#3|Tense#Pres|VerbForm#Fin|Voice#Act
005.SCG*LB2.CP-8++0.N.10.29-1.31-5W9	expresse	NO MATCH	lemma/102229	Degree#Pos
005.SCG*LB3.CP-9++9.N.-6.1-2.6-1W1	licet	NO MATCH	lemma/110432	Aspect#Imp|Tense#Pres|VerbForm#Inf|Voice#Act
005.SCG*LB4.CP-5++2.N.16.1-1.6-2W6	licet	NO MATCH	lemma/110432	Mood#Ind|Number#Sing|Person#3|Tense#Pres|VerbForm#Fin|Voice#Act
005.SCG*LB1.CP-7++7.N.--.1-1.2-4W2	volitorum	NO MATCH	lemma/130745	Aspect#Perf|Case#Gen|Degree#Pos|Gender#Neut|Number#Plur|Tense#Past|VerbForm#Part|VerbType#Mod|Voice#Pass
005.SCG*LB4.CP-2++9.N.-4.1-1.7-2W2	licet	NO MATCH	lemma/110432	Aspect#Perf|Case#Gen|Degree#Pos|Gender#Neut|Number#Plur|Tense#Past|VerbForm#Part|VerbType#Mod|Voice#Pass
005.SCG*LB4.CP-1++3.N.-5.17-5.20-2W10	sapienter	NO MATCH	lemma/78320	Degree#Pos
005.SCG*LB2.CP-4++2.N.-8.6-3.8-4W6	fiat	NO MATCH	lemma/102758	Mood#Sub|Number#Sing|Person#3|Tense#Pres|VerbForm#Fin|Voice#Pass
005.SCG*LB3.CP-4++3.N.-3.41-1.46-4W8	fit	NO MATCH	lemma/102758	Mood#Ind|Number#Sing|Person#3|Tense#Pres|VerbForm#Fin|Voice#Pass
005.SCG*LB2.CP-2++8.N.-8.1-1.5-1W1	licet	NO MATCH	lemma/110432	Mood#Sub|Number#Sing|Person#3|Tense#Pres|VerbForm#Fin|Voice#Act
005.SCG*LB3.CP-8++2.N.-6.12-5.16-2W17	oportet	NO MATCH	lemma/115098	Mood#Ind|Number#Sing|Person#3|Tense#Pres|VerbForm#Fin|Voice#Act
005.SCG*LB3.CP14++9.N.-6.4-4.10-3W19	oportet	NO MATCH	lemma/115098	Aspect#Imp|Mood#Ind|Number#Sing|Person#3|Tense#Pres|VerbForm#Fin|Voice#Pass
005.SCG*LB2.CP-9++8.N.11.12-4.17-2W14	particulatas	NO MATCH	lemma/69686	Aspect#Imp|Mood#Ind|Number#Sing|Person#3|Tense#Pres|VerbForm#Fin|Voice#Act
005.SCG*LB2.CP-4++6.N.-6.11-5.15-6W25	essendo	NO MATCH	lemma/126689	Case#Abl|Degree#Pos|Number#Sing|VerbForm#Ger|Voice#Act
005.SCG*LB2.CP-1++7.N.-5.7-2.9-4W17	fit	NO MATCH	lemma/102758	Mood#Ind|Number#Sing|Person#3|Tense#Pres|VerbForm#Fin|Voice#Pass
005.SCG*LB1.CP--++3.N.-1.2-4.8-2W1	disciplinati	NO MATCH	lemma/131309	Mood#Sub|Number#Sing|Person#3|Tense#Pres|VerbForm#Fin|Voice#Act
005.SCG*LB3.CP--++7.N.-6.3-5.8-7W8	oportet	NO MATCH	lemma/115098	Tense#Pres|VerbForm#Inf|Voice#Act
005.SCG*LB4.CP-5++3.N.23.2-5.6-1W27	moreretur	NO MATCH	lemma/112796	Mood#Ind|Number#Sing|Person#3|Tense#Pres|VerbForm#Fin|VerbType#Mod|Voice#Act
005.SCG*LB3.CP-1++3.N.-4.5-2.7-4W9	proiiciente	NO MATCH	lemma/119771	Case#Abl|Degree#Pos|Gender#Neut|Number#Sing|Tense#Pres|VerbForm#Part|Voice#Act
005.SCG*LB1.CP-2++2.N.-2.14-6.17-4W11	necesse-esse	NO MATCH	lemma/126689	Tense#Pres|VerbForm#Inf|Voice#Act
005.SCG*LB2.CP-2++8.N.16.15-3.19-2W5	fiunt	NO MATCH	lemma/102758	Mood#Ind|Number#Plur|Person#3|Tense#Pres|VerbForm#Fin|Voice#Pass
005.SCG*LB4.CP-5++4.N.-8.29-2.34-3W15	fieret	NO MATCH	lemma/102758	Aspect#Imp|Mood#Sub|Number#Sing|Person#3|Tense#Imp|VerbForm#Fin|Voice#Pass
005.SCG*LB3.CP13++2.N.-2.12-1.14-2W6	efficienter	NO MATCH	lemma/100627	Degree#Pos
005.SCG*LB1.CP-1++5.N.-6.8-3.10-1W7	oportet	NO MATCH	lemma/115098	Tense#Pres|VerbForm#Inf|Voice#Pass
005.SCG*LB3.CP-9++1.N.-5.22-2.24-1W1	oportet	NO MATCH	lemma/115098	Mood#Ind|Number#Sing|Person#3|Tense#Pres|VerbForm#Fin|Voice#Pass
005.SCG*LB1.CP-7++2.N.-7.4-4.6-4W7	imaginamur	NO MATCH	lemma/106316	Tense#Pres|VerbForm#Inf|Voice#Act
005.SCG*LB3.CP-1++2.N.-4.10-1.12-3W10	oportet	NO MATCH	lemma/115098	Mood#Sub|Number#Plur|Person#3|Tense#Pres|VerbForm#Fin|Voice#Pass
005.SCG*LB2.CP-5++5.N.-7.8-7.11-6W14	oportet	NO MATCH	lemma/115098	Mood#Ind|Number#Sing|Person#3|Tense#Pres|VerbForm#Fin|Voice#Act
005.SCG*LB2.CP-6++0.N.11.1-2.8-3W5	operari	NO MATCH	lemma/115028	Mood#Ind|Number#Sing|Person#3|Tense#Pres|VerbForm#Fin|Voice#Act
005.SCG*LB1.CP-5++9.N.-3.9-1.12-3W13	complexum	NO MATCH	lemma/95338	Mood#Ind|Number#Plur|Person#3|Tense#Pres|VerbForm#Fin|Voice#Pass
005.SCG*LB4.CP-9++3.N.-3.1-2.6-7W25	fiunt	NO MATCH	lemma/102758	Aspect#Imp|Mood#Ind|Number#Plur|Person#3|Tense#Pres|VerbForm#Fin|Voice#Pass
005.SCG*LB3.CP--++2.N.-4.10-5.12-6W12	praeexiguntur	NO MATCH	lemma/131399	Mood#Ind|Number#Plur|Person#3|Tense#Pres|VerbForm#Fin|Voice#Pass
005.SCG*LB4.CP--++7.N.19.1-1.7-5W13	agens	NO MATCH	lemma/88140	Aspect#Perf|Case#Nom|Gender#Neut|Number#Sing
005.SCG*LB2.CP-2++0.N.-3.3-5.10-6W47	fiat	NO MATCH	lemma/102758	Mood#Sub|Number#Sing|Person#3|Tense#Pres|VerbForm#Fin|Voice#Pass
005.SCG*LB3.CP12++4.N.-3.11-4.15-5W31	converso	NO MATCH	lemma/96446	Case#Abl|Degree#Pos|Gender#Neut|Number#Sing
005.SCG*LB3.CP13++2.N.30.2-1.5-6W29	operetur	NO MATCH	lemma/115028	Aspect#Perf|Mood#Ind|Number#Sing|Person#3|Tense#Past|VerbForm#Fin|VerbType#Mod|Voice#Act
005.SCG*LB1.CP-2++2.N.-4.6-6.7-7W7	necesse-esse	NO MATCH	lemma/126689	Tense#Pres|VerbForm#Inf|Voice#Act
005.SCG*LB3.CP15++4.N.17.24-5.27-5W18	sciscitetur	NO MATCH	lemma/123750	Mood#Ind|Number#Sing|Person#3|Tense#Pres|VerbForm#Fin|Voice#Act
005.SCG*LB3.CP15++4.N.-7.3-6.8-6W35	instruendi	NO MATCH	lemma/108284	Case#Nom|Degree#Pos|Number#Plur|VerbForm#Ger|Voice#Act
005.SCG*LB1.CP-7++1.N.13.4-5.6-1W5	cognoscens	NO MATCH	lemma/94738	Case#Acc|Degree#Pos|Gender#Masc|Number#Sing|Tense#Pres|VerbForm#Part|Voice#Act
005.SCG*LB2.CP10++0.N.-5.1-2.5-6W22	oportet	NO MATCH	lemma/115098	Mood#Sub|Number#Sing|Person#3|Tense#Pres|VerbForm#Fin|Voice#Pass
005.SCG*LB4.CP-1++4.N.-9.13-4.17-2W21	licet	NO MATCH	lemma/110432	Mood#Ind|Number#Sing|Person#3|Tense#Pres|VerbForm#Fin|Voice#Pass
005.SCG*LB4.CP--++8.N.-8.21-1.22-4W4	oportuit	NO MATCH	lemma/115098	Mood#Ind|Number#Sing|Person#3|Tense#Pres|VerbForm#Fin|Voice#Pass
005.SCG*LB2.CP-7++4.N.16.9-2.12-4W24	fiat	NO MATCH	lemma/102758	Mood#Sub|Number#Sing|Person#3|Tense#Pres|VerbForm#Fin|Voice#Pass
005.SCG*LB2.CP-7++8.N.10.9-2.12-1W3	loquendo	NO MATCH	lemma/110805	Mood#Ind|Number#Plur|Person#3|Tense#Pres|VerbForm#Fin|Voice#Act
005.SCG*LB4.CP-1++4.N.-5.1-1.4-5W21	recipiens	NO MATCH	lemma/122390	Aspect#Imp|Case#Acc|Degree#Pos|Gender#Masc|Number#Sing|Tense#Pres|VerbForm#Part|Voice#Act
005.SCG*LB2.CP-7++3.N.-6.11-1.14-7W2	oportet	NO MATCH	lemma/115098	Aspect#Imp|Mood#Ind|Number#Sing|Person#3|Tense#Imp|VerbForm#Fin|Voice#Act
005.SCG*LB2.CP-3++0.N.17.14-2.20-7W17	licet	NO MATCH	lemma/110432	Aspect#Imp|Mood#Sub|Number#Sing|Person#3|Tense#Imp|VerbForm#Fin|Voice#Pass
005.SCG*LB2.CP-4++2.N.-9.11-4.13-3W1	oportet	NO MATCH	lemma/115098	Aspect#Imp|Mood#Sub|Number#Sing|Person#3|Tense#Imp|VerbForm#Fin|Voice#Pass
005.SCG*LB2.CP-9++2.N.-6.25-2.28-1W1	oportet	NO MATCH	lemma/115098	Aspect#Imp|Mood#Sub|Number#Sing|Person#3|Tense#Imp|VerbForm#Fin|Voice#Pass
005.SCG*LB3.CP-9++4.N.12.6-3.7-6W6	contingenter	NO MATCH	lemma/96293	Degree#Pos
005.SCG*LB2.CP-3++9.N.-6.10-3.11-8W11	volita	NO MATCH	lemma/130745	Aspect#Perf|Case#Nom|Degree#Pos|Gender#Fem|Number#Sing|Tense#Past|VerbForm#Part|VerbType#Mod|Voice#Pass
005.SCG*LB1.CP-6++7.N.10.5-5.8-4W16	consequentis	NO MATCH	lemma/96035	Case#Gen|Degree#Pos|Gender#Neut|Number#Sing|Tense#Pres|VerbForm#Part|Voice#Pass
005.SCG*LB2.CP-7++3.N.13.9-2.12-5W7	sortitur	NO MATCH	lemma/125211	Aspect#Imp|Mood#Ind|Number#Sing|Person#3|Tense#Pres|VerbForm#Fin|Voice#Act
005.SCG*LB2.CP-7++5.N.10.24-3.27-1W14	individuatis	NO MATCH	lemma/59198	Aspect#Perf|Case#Gen|Degree#Pos|Gender#Fem|Number#Plur|Tense#Past|VerbForm#Part|Voice#Pass
005.SCG*LB1.CP-9++1.N.12.39-4.40-4W3	irati	NO MATCH	lemma/108954	Aspect#Imp|Mood#Ind|Number#Plur|Person#3|Tense#Pres|VerbForm#Fin|Voice#Pass
005.SCG*LB4.CP-5++5.N.-4.6-2.10-1W2	licet	NO MATCH	lemma/110432	Aspect#Imp|Mood#Sub|Number#Sing|Person#3|Tense#Imp|VerbForm#Fin|Voice#Act
005.SCG*LB3.CP-8++4.N.12.1-1.6-2W16	consequens	NO MATCH	lemma/96035	Case#Nom|Degree#Pos|Gender#Neut|Number#Sing|Tense#Pres|VerbForm#Part|Voice#Pass
005.SCG*LB2.CP-7++4.N.-2.35-1.45-1W48	oportet	NO MATCH	lemma/115098	Mood#Ind|Number#Sing|Person#3|Tense#Pres|VerbForm#Fin|Voice#Pass
005.SCG*LB3.CP-2++6.N.10.5-4.8-3W17	consequenter	NO MATCH	lemma/96035	Degree#Pos
005.SCG*LB3.CP12++4.N.-4.2-3.6-6W5	licet	NO MATCH	lemma/110432	Aspect#Imp|Case#Nom|Degree#Pos|Gender#Masc|Number#Plur|Tense#Pres|VerbForm#Part|Voice#Act
005.SCG*LB2.CP-8++7.N.-5.4-6.9-6W16	essendi	NO MATCH	lemma/126689	Case#Gen|Degree#Pos|Number#Sing|VerbForm#Ger|Voice#Act
005.SCG*LB2.CP-5++8.N.-8.25-2.26-5W1	oportet	NO MATCH	lemma/115098	Aspect#Imp|Mood#Sub|Number#Sing|Person#3|Tense#Imp|VerbForm#Fin|Voice#Act
005.SCG*LB4.CP-3++3.N.-5.4-2.5-1W3	admiramur	NO MATCH	lemma/87541	Aspect#Perf|Case#Nom|Degree#Pos|Gender#Neut|Number#Sing|Tense#Past|VerbForm#Part|Voice#Pass
005.SCG*LB1.CP-4++2.N.10.8-1.10-1W6	oportet	NO MATCH	lemma/115098	Aspect#Imp|Tense#Pres|VerbForm#Inf|Voice#Pass
005.SCG*LB2.CP-7++4.N.10.6-2.10-1W16	oportet	NO MATCH	lemma/115098	Tense#Pres|VerbForm#Inf|Voice#Pass
005.SCG*LB3.CP10++4.N.-4.6-1.10-5W12	fiat	NO MATCH	lemma/102758	Mood#Sub|Number#Sing|Person#3|Tense#Pres|VerbForm#Fin|Voice#Pass
005.SCG*LB4.CP-6++5.N.-3.12-2.14-1W9	esse	NO MATCH	lemma/126689	Aspect#Perf|Case#Abl|Gender#Neut|Number#Sing
005.SCG*LB4.CP-1++9.N.-2.1-1.3-5W5	oportet	NO MATCH	lemma/115098	Mood#Sub|Number#Sing|Person#3|Tense#Pres|VerbForm#Fin|Voice#Pass
005.SCG*LB3.CP-9++2.N.-6.9-1.12-4W19	oportet	NO MATCH	lemma/115098	Aspect#Imp|Mood#Ind|Number#Sing|Person#3|Tense#Pres|VerbForm#Fin|Voice#Act
005.SCG*LB3.CP-4++9.N.-9.1-1.5-2W21	eminentior	NO MATCH	lemma/100978	Case#Nom|Degree#Cmp|Gender#Fem|Number#Sing|Tense#Pres|VerbForm#Part|Voice#Act
005.SCG*LB1.CP-2++6.N.-7.3-6.5-3W8	praeexistens	NO MATCH	lemma/131401	Mood#Ind|Number#Sing|Person#3|Tense#Pres|VerbForm#Fin|Voice#Act
005.SCG*LB2.CP-3++8.N.-9.1-1.5-6W15	fit	NO MATCH	lemma/102758	Mood#Ind|Number#Sing|Person#3|Tense#Pres|VerbForm#Fin|Voice#Pass
005.SCG*LB3.CP-6++5.N.10.1-1.8-3W6	loquentium	NO MATCH	lemma/110805	Mood#Ind|Number#Sing|Person#3|Tense#Pres|VerbForm#Fin|Voice#Pass
005.SCG*LB3.CP15++0.N.-5.6-5.9-4W14	convenienter	NO MATCH	lemma/96424	Degree#Pos
005.SCG*LB3.CP-9++8.N.-5.4-4.7-2W15	absolute	NO MATCH	lemma/87018	Degree#Pos
005.SCG*LB3.CP14++4.N.11.13-6.15-3W10	cessabuntque	NO MATCH	lemma/93611	Mood#Ind|Number#Plur|Person#3|Tense#Fut|VerbForm#Fin|Voice#Act
005.SCG*LB3.CP-9++4.N.-7.6-4.8-4W3	oportet	NO MATCH	lemma/115098	Case#Abl|Degree#Pos|Gender#Fem|Number#Sing|Tense#Pres|VerbForm#Part|Voice#Act
005.SCG*LB2.CP-4++3.N.-7.13-4.15-6W6	fiat	NO MATCH	lemma/102758	Mood#Sub|Number#Sing|Person#3|Tense#Pres|VerbForm#Fin|Voice#Pass
005.SCG*LB3.CP10++2.N.-5.10-4.12-5W13	fit	NO MATCH	lemma/102758	Mood#Ind|Number#Sing|Person#3|Tense#Pres|VerbForm#Fin|Voice#Pass
005.SCG*LB4.CP-1++3.N.-3.7-3.9-6W17	consequens	NO MATCH	lemma/96035	Aspect#Imp|Case#Acc|Degree#Pos|Gender#Neut|Number#Sing|Tense#Pres|VerbForm#Part|Voice#Pass
005.SCG*LB2.CP-6++0.N.--.1-1.3-3W4	sortitur	NO MATCH	lemma/125211	Mood#Ind|Number#Sing|Person#3|Tense#Pres|VerbForm#Fin|Voice#Act
005.SCG*LB4.CP-5++3.N.-3.1-2.3-4W8	oportuit	NO MATCH	lemma/115098	Aspect#Perf|Case#Nom|Degree#Pos|Gender#Fem|Number#Sing|Tense#Past|VerbForm#Part|Voice#Pass
005.SCG*LB3.CP14++5.N.-2.9-1.11-1W1	oportet	NO MATCH	lemma/115098	Aspect#Imp|Mood#Sub|Number#Plur|Person#3|Tense#Imp|VerbForm#Fin|Voice#Act
005.SCG*LB3.CP-7++5.N.-1.1-1.4-1W9	fit	NO MATCH	lemma/102758	Mood#Ind|Number#Sing|Person#3|Tense#Pres|VerbForm#Fin|Voice#Pass
005.SCG*LB1.CP-6++5.N.-4.17-1.18-1W1	oportet	NO MATCH	lemma/115098	Mood#Ind|Number#Sing|Person#3|Tense#Pres|VerbForm#Fin|Voice#Pass
005.SCG*LB3.CP-9++4.N.10.42-1.44-5W12	fiat	NO MATCH	lemma/102758	Mood#Sub|Number#Sing|Person#3|Tense#Pres|VerbForm#Fin|Voice#Pass
005.SCG*LB2.CP-2++1.N.-7.7-1.11-1W18	operetur	NO MATCH	lemma/115028	Mood#Sub|Number#Sing|Person#3|Tense#Pres|VerbForm#Fin|Voice#Pass
005.SCG*LB3.CP-2++6.N.-9.10-2.11-2W7	volitum	NO MATCH	lemma/130745	Aspect#Perf|Case#Nom|Degree#Pos|Gender#Neut|Number#Sing|Tense#Past|VerbForm#Part|VerbType#Mod|Voice#Pass
005.SCG*LB3.CP11++1.N.-1.23-1.27-3W18	operandi	NO MATCH	lemma/115028	Aspect#Imp|Mood#Sub|Number#Sing|Person#3|Tense#Imp|VerbForm#Fin|Voice#Pass
005.SCG*LB4.CP-8++2.N.-4.4-1.6-1W8	moreretur	NO MATCH	lemma/112796	Tense#Pres|VerbForm#Inf|Voice#Pass
005.SCG*LB1.CP-1++8.N.-1.4-4.6-5W7	fieri	NO MATCH	lemma/102758	Tense#Pres|VerbForm#Inf|Voice#Pass
005.SCG*LB4.CP-1++6.N.-7.5-5.7-6W15	tradamque	NO MATCH	lemma/128519	Aspect#Imp|Mood#Ind|Number#Sing|Person#1|Tense#Fut|VerbForm#Fin|Voice#Act
005.SCG*LB4.CP-4++5.N.-2.6-3.8-5W5	subito	NO MATCH	lemma/126085	
005.SCG*LB3.CP15++1.N.-6.5-3.9-5W7	oporteat	NO MATCH	lemma/115098	Mood#Ind|Number#Sing|Person#3|Tense#Pres|VerbForm#Fin|Voice#Act
005.SCG*LB1.CP-2++4.N.-2.18-5.19-7W10	necesse-esse	NO MATCH	lemma/126689	Tense#Pres|VerbForm#Inf|Voice#Act
005.SCG*LB1.CP-2++0.N.30.10-5.13-1W7	oportet	NO MATCH	lemma/115098	Mood#Sub|Number#Sing|Person#3|Tense#Pres|VerbForm#Fin|Voice#Act
005.SCG*LB2.CP-2++8.N.-8.23-1.27-1W28	praeexistat	NO MATCH	lemma/131401	Mood#Ind|Number#Sing|Person#3|Tense#Pres|VerbForm#Fin|VerbType#Mod|Voice#Act
005.SCG*LB1.CP--++1.N.-2.10-5.12-3W11	convenienter	NO MATCH	lemma/96424	Degree#Pos
005.SCG*LB2.CP-7++3.N.12.4-8.7-3W20	sortitur	NO MATCH	lemma/125211	Degree#Pos
005.SCG*LB2.CP--++7.N.-5.6-3.8-3W9	convenienter	NO MATCH	lemma/96424	Degree#Pos
005.SCG*LB2.CP-9++8.N.13.33-2.35-2W3	fit	NO MATCH	lemma/102758	Mood#Ind|Number#Sing|Person#3|Tense#Pres|VerbForm#Fin|Voice#Pass
005.SCG*LB4.CP-1++6.N.11.1-2.3-1W8	oportet	NO MATCH	lemma/115098	Mood#Ind|Number#Sing|Person#3|Tense#Pres|VerbForm#Fin|Voice#Act
005.SCG*LB3.CP13++8.N.-7.3-5.5-6W13	remissius	NO MATCH	lemma/122602	Degree#Cmp
005.SCG*LB4.CP-3++8.N.-2.10-3.13-1W6	licet	NO MATCH	lemma/110432	Mood#Ind|Number#Sing|Person#3|Tense#Pres|VerbForm#Fin|Voice#Pass
005.SCG*LB2.CP-1++6.N.12.6-1.7-2W5	praeexistentem	NO MATCH	lemma/131401	Mood#Ind|Number#Sing|Person#3|Tense#Pres|VerbForm#Fin|Voice#Pass
005.SCG*LB3.CP15++4.N.-8.20-3.22-3W3	profecti	NO MATCH	lemma/119713	Mood#Ind|Number#Sing|Person#3|Tense#Pres|VerbForm#Fin|Voice#Act
005.SCG*LB3.CP--++5.N.-3.3-1.9-2W9	operatur	NO MATCH	lemma/115028	Mood#Ind|Number#Sing|Person#3|Tense#Pres|VerbForm#Fin|Voice#Act
005.SCG*LB3.CP13++8.N.-6.1-1.3-5W9	puta	NO MATCH	lemma/120610	
005.SCG*LB4.CP-5++5.N.20.8-1.13-5W12	expedientissimum	NO MATCH	lemma/102147	Aspect#Imp|Case#Nom|Degree#Sup|Gender#Neut|Number#Sing|Tense#Pres|VerbForm#Part|Voice#Act
005.SCG*LB3.CP-5++0.N.-6.4-5.10-3W32	consequens	NO MATCH	lemma/96035	Case#Acc|Degree#Pos|Gender#Neut|Number#Sing|Tense#Pres|VerbForm#Part|Voice#Pass
005.SCG*LB4.CP-3++2.N.-4.3-4.5-2W2	licet	NO MATCH	lemma/110432	Aspect#Perf|Case#Nom|Degree#Pos|Gender#Fem|Number#Sing|Tense#Past|VerbForm#Part|Voice#Pass
005.SCG*LB4.CP-1++1.N.10.1-1.5-3W26	oportet	NO MATCH	lemma/115098	Aspect#Imp|Tense#Pres|VerbForm#Inf|Voice#Act
005.SCG*LB4.CP-2++9.N.-2.8-2.11-1W1	mentitur	NO MATCH	lemma/112072	Aspect#Imp|Mood#Sub|Number#Sing|Person#3|Tense#Imp|VerbForm#Fin|Voice#Act
005.SCG*LB2.CP-3++7.N.-5.3-1.5-2W14	fiunt	NO MATCH	lemma/102758	Mood#Ind|Number#Plur|Person#3|Tense#Pres|VerbForm#Fin|Voice#Pass
005.SCG*LB2.CP-7++5.N.-2.7-2.11-7W19	oportet	NO MATCH	lemma/115098	Mood#Ind|Number#Sing|Person#3|Tense#Pres|VerbForm#Fin|Voice#Act
005.SCG*LB4.CP-5++5.N.23.5-3.9-6W4	licet	NO MATCH	lemma/110432	Aspect#Perf|Case#Nom|Degree#Pos|Gender#Neut|Number#Sing|Tense#Past|VerbForm#Part|Voice#Pass
005.SCG*LB3.CP-1++2.N.-3.10-1.12-1W9	oportet	NO MATCH	lemma/115098	Mood#Sub|Number#Sing|Person#3|Tense#Pres|VerbForm#Fin|VerbType#Mod|Voice#Act
005.SCG*LB3.CP13++5.N.18.1-1.8-6W11	oportet	NO MATCH	lemma/115098	Aspect#Perf|Case#Abl|Degree#Pos|Gender#Fem|Number#Plur|Tense#Past|VerbForm#Part|Voice#Pass
005.SCG*LB1.CP-2++5.N.-8.1-1.4-5W9	fieri	NO MATCH	lemma/102758	Tense#Pres|VerbForm#Inf|Voice#Pass
005.SCG*LB2.CP-8++3.N.25.3-3.9-2W7	experimur	NO MATCH	lemma/102164	Mood#Ind|Number#Sing|Person#3|Tense#Pres|VerbForm#Fin|Voice#Act
005.SCG*LB1.CP--++3.N.-5.2-5.6-3W16	elevatior	NO MATCH	lemma/100819	Aspect#Perf|Case#Nom|Degree#Cmp|Gender#Masc|Number#Sing|Tense#Past|VerbForm#Part|Voice#Pass
005.SCG*LB4.CP-3++4.N.12.16-3.17-8W14	mortuum	NO MATCH	lemma/112796	Tense#Pres|VerbForm#Inf|Voice#Act
005.SCG*LB4.CP-8++1.N.11.9-3.10-7W11	operari	NO MATCH	lemma/115028	Mood#Ind|Number#Sing|Person#3|Tense#Pres|VerbForm#Fin|Voice#Act
005.SCG*LB2.CP-5++8.N.-4.1-1.6-1W16	fore	NO MATCH	lemma/126689	Tense#Fut|VerbForm#Inf|Voice#Act
005.SCG*LB4.CP-4++1.N.-8.1-1.9-2W39	puta	NO MATCH	lemma/120610	VerbForm#Fin
005.SCG*LB3.CP-9++2.N.-5.24-4.26-3W10	praeconsideravit	NO MATCH	lemma/131392	Mood#Ind|Number#Sing|Person#3|Tense#Pres|VerbForm#Fin|Voice#Act
005.SCG*LB3.CP--++2.N.-6.4-5.7-1W3	praeconcipientes	NO MATCH	lemma/131391	Mood#Ind|Number#Sing|Person#3|Tense#Pres|VerbForm#Fin|Voice#Act
005.SCG*LB4.CP-8++1.N.-5.8-1.10-1W17	operatur	NO MATCH	lemma/115028	Tense#Pres|VerbForm#Inf|Voice#Act
005.SCG*LB2.CP-5++5.N.11.16-1.16-5W1	oportet	NO MATCH	lemma/115098	Aspect#Perf|Case#Nom|Degree#Pos|Gender#Neut|Number#Sing|VerbForm#Gdv|Voice#Pass
005.SCG*LB3.CP14++1.N.-9.1-1.5-7W4	oporteat	NO MATCH	lemma/115098	Mood#Ind|Number#Sing|Person#1|Tense#Pres|VerbForm#Fin|Voice#Act
005.SCG*LB3.CP12++8.N.-6.25-6.28-6W15	loqueris	NO MATCH	lemma/110805	Mood#Ind|Number#Sing|Person#1|Tense#Pres|VerbForm#Fin|Voice#Act
005.SCG*LB1.CP-7++0.N.-2.8-3.11-2W14	oportet	NO MATCH	lemma/115098	Aspect#Perf|Case#Nom|Degree#Pos|Gender#Neut|Number#Sing|Tense#Past|VerbForm#Part|Voice#Pass
005.SCG*LB3.CP10++5.N.-4.11-2.14-4W6	sortiri	NO MATCH	lemma/125211	Mood#Ind|Number#Sing|Person#3|Tense#Pres|VerbForm#Fin|Voice#Act
005.SCG*LB1.CP-5++3.N.-4.1-1.7-1W32	licet	NO MATCH	lemma/110432	Mood#Ind|Number#Sing|Person#3|Tense#Pres|VerbForm#Fin|Voice#Pass
005.SCG*LB3.CP-9++2.N.-4.11-2.13-1W9	operatur	NO MATCH	lemma/115028	Aspect#Perf|Tense#Past|VerbForm#Inf|Voice#Act
005.SCG*LB3.CP--++4.N.-3.9-6.10-3W4	correspondentem	NO MATCH	lemma/131296	Aspect#Perf|Tense#Past|VerbForm#Inf|Voice#Act
005.SCG*LB2.CP-1++6.N.11.1-2.3-1W7	oportet	NO MATCH	lemma/115098	Aspect#Perf|Mood#Ind|Number#Sing|Person#3|Tense#Past|VerbForm#Fin|Voice#Act
005.SCG*LB2.CP-3++4.N.-3.10-5.13-5W18	oportet	NO MATCH	lemma/115098	Mood#Ind|Number#Plur|Person#3|Tense#Pres|VerbForm#Fin|Voice#Pass
005.SCG*LB2.CP-7++6.N.16.11-1.16-3W19	patitur	NO MATCH	lemma/116222	Mood#Ind|Number#Sing|Person#3|Tense#Pres|VerbForm#Fin|VerbType#Mod|Voice#Act
005.SCG*LB1.CP-5++1.N.-5.7-2.10-1W6	praeexigitur	NO MATCH	lemma/131399	Tense#Pres|VerbForm#Inf|Voice#Act
005.SCG*LB3.CP14++8.N.-3.10-3.13-1W20	coacte	NO MATCH	lemma/94739	Degree#Pos
005.SCG*LB3.CP-9++7.N.-9.8-4.12-4W17	agentia	NO MATCH	lemma/88140	Case#Acc|Degree#Pos|Gender#Neut|Number#Plur
005.SCG*LB1.CP-7++9.N.-5.5-1.9-9W8	volitum	NO MATCH	lemma/130745	Aspect#Perf|Case#Acc|Degree#Pos|Gender#Neut|Number#Sing|Tense#Past|VerbForm#Part|VerbType#Mod|Voice#Pass
005.SCG*LB1.CP-9++9.N.-5.3-1.5-1W12	patitur	NO MATCH	lemma/116222	Mood#Ind|Number#Sing|Person#3|Tense#Pres|VerbForm#Fin|Voice#Act
005.SCG*LB2.CP-3++7.N.-4.20-3.24-1W7	fiunt	NO MATCH	lemma/102758	Mood#Ind|Number#Plur|Person#3|Tense#Pres|VerbForm#Fin|Voice#Pass
005.SCG*LB3.CP10++9.N.-8.19-1.22-4W21	subiici	NO MATCH	lemma/126114	Tense#Pres|VerbForm#Inf|Voice#Pass
005.SCG*LB1.CP-9++6.N.-4.1-2.2-3W7	essendi	NO MATCH	lemma/126689	Case#Gen|Degree#Pos|Number#Sing|VerbForm#Ger|Voice#Act
005.SCG*LB4.CP-7++9.N.-5.1-1.3-4W4	perverse	NO MATCH	lemma/117457	Degree#Pos
005.SCG*LB3.CP10++3.N.-9.1-1.4-4W4	licet	NO MATCH	lemma/110432	Mood#Ind|Number#Plur|Person#3|Tense#Pres|VerbForm#Fin|Voice#Pass
005.SCG*LB2.CP-3++3.N.-4.10-7.13-1W2	oportet	NO MATCH	lemma/115098	Mood#Ind|Number#Sing|Person#3|Tense#Pres|VerbForm#Fin|Voice#Act
005.SCG*LB3.CP--++8.N.-8.16-2.17-3W4	oportet	NO MATCH	lemma/115098	Aspect#Perf|Case#Nom|Degree#Pos|Gender#Neut|Number#Sing|VerbForm#Gdv|Voice#Pass
005.SCG*LB3.CP--++5.N.13.1-1.4-7W6	licet	NO MATCH	lemma/110432	Mood#Sub|Number#Sing|Person#3|Tense#Pres|VerbForm#Fin|Voice#Pass
005.SCG*LB1.CP-2++6.N.-7.7-1.12-2W30	essendi	NO MATCH	lemma/126689	Case#Gen|Degree#Pos|Number#Sing|VerbForm#Ger|Voice#Act
005.SCG*LB1.CP-2++3.N.-3.7-4.8-6W5	oportet	NO MATCH	lemma/115098	Mood#Ind|Number#Sing|Person#3|Tense#Pres|VerbForm#Fin|Voice#Act
005.SCG*LB3.CP-9++4.N.-8.5-5.8-3W11	largiatur	NO MATCH	lemma/109940	Aspect#Imp|Mood#Ind|Number#Plur|Person#3|Tense#Pres|VerbForm#Fin|Voice#Pass
005.SCG*LB4.CP-1++9.N.-2.4-1.7-3W16	fit	NO MATCH	lemma/102758	Aspect#Imp|Mood#Ind|Number#Sing|Person#3|Tense#Pres|VerbForm#Fin|Voice#Pass
005.SCG*LB1.CP-1++3.N.35.12-6.13-6W1	oportet	NO MATCH	lemma/115098	Mood#Ind|Number#Sing|Person#3|Tense#Pres|VerbForm#Fin|Voice#Act
005.SCG*LB2.CP-7++9.N.13.2-5.5-6W6	loquens	NO MATCH	lemma/110805	Aspect#Perf|Mood#Ind|Number#Sing|Person#3|Tense#Past|VerbForm#Fin|Voice#Act
005.SCG*LB4.CP-1++8.N.-7.18-4.20-2W5	loquimini	NO MATCH	lemma/110805	Aspect#Perf|Case#Abl|Degree#Pos|Gender#Neut|Number#Sing|Tense#Past|VerbForm#Part|Voice#Pass
005.SCG*LB4.CP--++4.N.15.13-4.16-4W6	protestatus	NO MATCH	lemma/120147	Mood#Ind|Number#Plur|Person#3|Tense#Pres|VerbForm#Fin|Voice#Pass
005.SCG*LB3.CP10++6.N.-6.6-3.7-6W9	fiunt	NO MATCH	lemma/102758	Mood#Ind|Number#Plur|Person#3|Tense#Pres|VerbForm#Fin|Voice#Pass
005.SCG*LB3.CP15++0.N.-3.3-5.5-5W8	oportet	NO MATCH	lemma/115098	Mood#Ind|Number#Sing|Person#3|Tense#Pres|VerbForm#Fin|Voice#Act
005.SCG*LB1.CP-6++6.N.13.1-1.4-2W4	entia	NO MATCH	lemma/126689	Case#Acc|Degree#Pos|Gender#Neut|Number#Plur|Tense#Pres|VerbForm#Part|Voice#Act
005.SCG*LB3.CP10++2.N.-5.12-6.18-1W20	oportet	NO MATCH	lemma/115098	Tense#Pres|VerbForm#Inf|Voice#Act
005.SCG*LB3.CP-9++2.N.11.13-3.16-3W6	oportet	NO MATCH	lemma/115098	Aspect#Imp|Tense#Pres|VerbForm#Inf|Voice#Act
005.SCG*LB3.CP-2++3.N.-3.24-5.27-1W9	oportet	NO MATCH	lemma/115098	Tense#Pres|VerbForm#Inf|Voice#Pass
005.SCG*LB1.CP-3++2.N.-6.10-2.11-3W1	oportet	NO MATCH	lemma/115098	Tense#Pres|VerbForm#Inf|Voice#Act
005.SCG*LB2.CP-4++0.N.-4.3-6.8-1W15	fieri	NO MATCH	lemma/102758	Tense#Pres|VerbForm#Inf|Voice#Pass
005.SCG*LB4.CP-2++8.N.-4.1-1.4-3W13	fieret	NO MATCH	lemma/102758	Aspect#Imp|Mood#Sub|Number#Sing|Person#3|Tense#Imp|VerbForm#Fin|Voice#Pass
005.SCG*LB3.CP13++8.N.-4.10-2.12-6W13	subiicit	NO MATCH	lemma/126114	Mood#Ind|Number#Sing|Person#3|Tense#Pres|VerbForm#Fin|Voice#Act
005.SCG*LB4.CP-8++2.N.11.25-1.27-1W16	loquens	NO MATCH	lemma/110805	Mood#Ind|Number#Sing|Person#3|Tense#Pres|VerbForm#Fin|Voice#Act
005.SCG*LB2.CP-7++9.N.-4.6-1.9-6W12	operatur	NO MATCH	lemma/115028	Mood#Ind|Number#Sing|Person#3|Tense#Pres|VerbForm#Fin|Voice#Act
005.SCG*LB2.CP-6++8.N.-5.4-5.8-2W12	elevati	NO MATCH	lemma/100819	Aspect#Perf|Case#Acc|Degree#Pos|Gender#Neut|Number#Sing|Tense#Past|VerbForm#Part|Voice#Pass
005.SCG*LB2.CP-1++6.N.10.4-4.5-5W1	oportet	NO MATCH	lemma/115098	Case#Nom|Degree#Pos|Gender#Fem|Number#Sing|Tense#Pres|VerbForm#Part|Voice#Act
005.SCG*LB1.CP-8++2.N.-9.2-1.15-4W57	volitum	NO MATCH	lemma/130745	Aspect#Perf|Case#Nom|Degree#Pos|Gender#Neut|Number#Sing|Tense#Past|VerbForm#Part|VerbType#Mod|Voice#Pass
005.SCG*LB2.CP-9++2.N.-5.3-3.5-5W1	oportet	NO MATCH	lemma/115098	Mood#Ind|Number#Sing|Person#3|Tense#Pres|VerbForm#Fin|Voice#Act
005.SCG*LB2.CP-4++6.N.-6.11-5.15-6W14	oportuit	NO MATCH	lemma/115098	Mood#Sub|Number#Sing|Person#3|Tense#Pres|VerbForm#Fin|Voice#Act
005.SCG*LB1.CP-2++2.N.-6.18-4.20-5W8	essendi	NO MATCH	lemma/126689	Case#Gen|Degree#Pos|Number#Sing|VerbForm#Ger|Voice#Act
005.SCG*LB3.CP-5++4.N.12.4-1.6-3W13	oportet	NO MATCH	lemma/115098	Aspect#Perf|Case#Nom|Degree#Pos|Gender#Neut|Number#Plur|Tense#Past|VerbForm#Part|Voice#Pass
005.SCG*LB3.CP12++8.N.-2.17-2.18-4W1	oportuit	NO MATCH	lemma/115098	Mood#Ind|Number#Sing|Person#3|Tense#Pres|VerbForm#Fin|Voice#Act
005.SCG*LB3.CP15++2.N.-4.22-3.25-5W1	oportet	NO MATCH	lemma/115098	Mood#Ind|Number#Sing|Person#3|Tense#Pres|VerbForm#Fin|Voice#Act
005.SCG*LB2.CP-6++2.N.-6.1-2.3-7W5	pati	NO MATCH	lemma/116222	Mood#Ind|Number#Sing|Person#3|Tense#Pres|VerbForm#Fin|Voice#Act
005.SCG*LB3.CP13++2.N.21.2-5.6-2W13	expresse	NO MATCH	lemma/102229	Degree#Pos
005.SCG*LB4.CP-8++1.N.-5.4-5.7-7W21	fieri	NO MATCH	lemma/102758	Aspect#Imp|Tense#Pres|VerbForm#Inf|Voice#Pass
005.SCG*LB4.CP-9++0.N.-9.5-6.6-3W4	morietur	NO MATCH	lemma/112796	Mood#Sub|Number#Sing|Person#3|Tense#Pres|VerbForm#Fin|Voice#Act
005.SCG*LB3.CP-1++0.N.14.14-1.16-6W8	praeexistens	NO MATCH	lemma/131401	Aspect#Perf|Case#Acc|Degree#Pos|Gender#Neut|Number#Sing|Tense#Past|VerbForm#Part|Voice#Pass
005.SCG*LB2.CP-1++8.N.-4.4-2.6-4W10	oportet	NO MATCH	lemma/115098	Mood#Ind|Number#Plur|Person#3|Tense#Pres|VerbForm#Fin|Voice#Act
005.SCG*LB4.CP-4++5.N.-7.9-2.13-5W16	licet	NO MATCH	lemma/110432	Mood#Ind|Number#Sing|Person#3|Tense#Pres|VerbForm#Fin|Voice#Pass
005.SCG*LB3.CP11++2.N.-7.3-6.6-5W9	oportet	NO MATCH	lemma/115098	Mood#Ind|Number#Sing|Person#3|Tense#Pres|VerbForm#Fin|Voice#Pass
005.SCG*LB2.CP-9++8.N.14.11-1.12-1W2	oportet	NO MATCH	lemma/115098	Case#Acc|Degree#Pos|Number#Sing|VerbForm#Ger|Voice#Act
005.SCG*LB2.CP-7++0.N.-4.12-3.15-1W21	subsequenter	NO MATCH	lemma/126356	Degree#Pos
005.SCG*LB2.CP-3++8.N.-5.1-2.3-5W4	fiat	NO MATCH	lemma/102758	Mood#Sub|Number#Sing|Person#3|Tense#Pres|VerbForm#Fin|Voice#Pass
005.SCG*LB3.CP15++3.N.-3.4-5.8-2W10	oportet	NO MATCH	lemma/115098	Tense#Pres|VerbForm#Inf|Voice#Act
005.SCG*LB2.CP-7++8.N.-8.4-1.7-5W11	expresse	NO MATCH	lemma/102229	Degree#Pos
005.SCG*LB3.CP14++4.N.-2.6-1.7-7W5	oportet	NO MATCH	lemma/115098	Tense#Pres|VerbForm#Inf|Voice#Act
005.SCG*LB4.CP-4++9.N.-8.2-5.5-5W3	oportet	NO MATCH	lemma/115098	Mood#Ind|Number#Sing|Person#3|Tense#Pres|VerbForm#Fin|Voice#Act
005.SCG*LB4.CP-7++5.N.-2.10-1.17-1W34	oportet	NO MATCH	lemma/115098	Mood#Ind|Number#Sing|Person#3|Tense#Pres|VerbForm#Fin|Voice#Act
005.SCG*LB3.CP-1++2.N.-4.1-1.6-2W11	sequens	NO MATCH	lemma/124461	Case#Nom|Degree#Pos|Gender#Fem|Number#Sing|Tense#Pres|VerbForm#Part|Voice#Pass
005.SCG*LB4.CP-5++5.N.19.13-1.17-1W12	subiiciat	NO MATCH	lemma/126114	Aspect#Imp|Mood#Sub|Number#Sing|Person#3|Tense#Pres|VerbForm#Fin|Voice#Act
005.SCG*LB3.CP13++5.N.18.1-1.8-6W15	sectantur	NO MATCH	lemma/123964	Tense#Pres|VerbForm#Inf|Voice#Act
005.SCG*LB3.CP-2++7.N.-2.13-1.14-6W12	concomitantes	NO MATCH	lemma/95553	Case#Nom|Degree#Pos|Gender#Fem|Number#Plur|Tense#Pres|VerbForm#Part|Voice#Pass
005.SCG*LB3.CP-1++7.N.-5.1-2.8-5W5	oportet	NO MATCH	lemma/115098	Mood#Ind|Number#Sing|Person#3|Tense#Pres|VerbForm#Fin|Voice#Act
005.SCG*LB2.CP-8++0.N.-9.29-6.31-1W10	commensuratas	NO MATCH	lemma/131464	Aspect#Imp|Mood#Sub|Number#Sing|Person#3|Tense#Imp|VerbForm#Fin|Voice#Act
005.SCG*LB3.CP10++2.N.-6.15-1.18-3W22	fieri	NO MATCH	lemma/102758	Tense#Pres|VerbForm#Inf|Voice#Pass
005.SCG*LB3.CP11++9.N.-6.9-3.11-3W6	directe	NO MATCH	lemma/99575	Degree#Pos
005.SCG*LB3.CP11++7.N.-4.4-2.5-4W3	fit	NO MATCH	lemma/102758	Mood#Ind|Number#Sing|Person#3|Tense#Pres|VerbForm#Fin|Voice#Pass
005.SCG*LB4.CP-6++3.N.-9.24-3.25-4W4	converso	NO MATCH	lemma/96446	Aspect#Perf|Case#Abl|Gender#Neut|Number#Sing
005.SCG*LB4.CP-2++7.N.-4.4-5.10-6W28	mortuis	NO MATCH	lemma/112796	Mood#Ind|Number#Sing|Person#3|Tense#Pres|VerbForm#Fin|Voice#Act
005.SCG*LB2.CP-2++4.N.-5.1-2.4-6W18	operantis	NO MATCH	lemma/115028	Aspect#Perf|Case#Nom|Degree#Pos|Gender#Neut|Number#Sing|Tense#Past|VerbForm#Part|Voice#Pass
005.SCG*LB4.CP-5++6.N.-1.1-1.5-1W21	oportet	NO MATCH	lemma/115098	Case#Acc|Degree#Pos|Number#Sing|VerbForm#Ger|Voice#Pass
005.SCG*LB3.CP-6++7.N.-6.7-2.8-3W1	oportet	NO MATCH	lemma/115098	Mood#Ind|Number#Sing|Person#3|Tense#Pres|VerbForm#Fin|Voice#Act
005.SCG*LB3.CP11++7.N.-3.1-2.3-8W5	consequens	NO MATCH	lemma/96035	Case#Nom|Degree#Pos|Gender#Neut|Number#Sing|Tense#Pres|VerbForm#Part|Voice#Pass
005.SCG*LB3.CP-7++1.N.-6.1-2.4-2W25	persequentium	NO MATCH	lemma/117303	Case#Gen|Degree#Pos|Gender#Masc|Number#Plur|Tense#Pres|VerbForm#Part|Voice#Pass
005.SCG*LB3.CP13++5.N.24.1-1.6-3W20	sortiantur	NO MATCH	lemma/125211	Mood#Ind|Number#Sing|Person#3|Tense#Pres|VerbForm#Fin|Voice#Act
005.SCG*LB2.CP-7++5.N.-8.7-6.8-6W9	divisim	NO MATCH	lemma/99932	Degree#Pos
005.SCG*LB3.CP-6++1.N.--.1-1.2-4W6	fit	NO MATCH	lemma/102758	Mood#Ind|Number#Sing|Person#3|Tense#Pres|VerbForm#Fin|Voice#Pass
005.SCG*LB1.CP-5++1.N.-4.4-2.11-5W39	consequens	NO MATCH	lemma/96035	Case#Acc|Degree#Pos|Gender#Neut|Number#Sing|Tense#Pres|VerbForm#Part|Voice#Pass
005.SCG*LB1.CP-3++1.N.-2.22-4.26-4W31	imitamur	NO MATCH	lemma/106364	Mood#Ind|Number#Plur|Person#3|Tense#Pres|VerbForm#Fin|Voice#Act
005.SCG*LB3.CP10++4.N.-5.1-1.4-4W6	imaginatis	NO MATCH	lemma/106316	Aspect#Perf|Case#Nom|Degree#Pos|Gender#Fem|Number#Sing|Tense#Past|VerbForm#Part|Voice#Pass
005.SCG*LB3.CP-3++8.N.-6.8-2.11-4W11	oportet	NO MATCH	lemma/115098	Mood#Ind|Number#Plur|Person#3|Tense#Pres|VerbForm#Fin|Voice#Act
005.SCG*LB2.CP-1++6.N.11.13-5.15-5W18	consequens	NO MATCH	lemma/96035	Case#Acc|Degree#Pos|Gender#Neut|Number#Sing|Tense#Pres|VerbForm#Part|Voice#Pass
005.SCG*LB3.CP-2++3.N.-3.21-2.22-2W1	oportebit	NO MATCH	lemma/115098	Mood#Ind|Number#Sing|Person#3|Tense#Pres|VerbForm#Fin|Voice#Act
005.SCG*LB2.CP-2++1.N.10.20-1.21-5W5	essendi	NO MATCH	lemma/126689	Case#Gen|Degree#Pos|Number#Sing|VerbForm#Ger|Voice#Act
005.SCG*LB3.CP15++6.N.-3.4-2.9-4W27	mortuum	NO MATCH	lemma/112796	Aspect#Perf|Mood#Ind|Number#Sing|Person#3|Tense#Pqp|VerbForm#Fin|Voice#Act
005.SCG*LB2.CP-7++6.N.-7.7-6.9-1W3	fient	NO MATCH	lemma/102758	Mood#Ind|Number#Plur|Person#3|Tense#Fut|VerbForm#Fin|Voice#Pass
005.SCG*LB1.CP-8++2.N.-9.2-1.15-4W16	praeaccipit	NO MATCH	lemma/131389	Mood#Ind|Number#Sing|Person#3|Tense#Pres|VerbForm#Fin|VerbType#Mod|Voice#Act
005.SCG*LB3.CP-9++5.N.-4.10-1.14-3W25	fit	NO MATCH	lemma/102758	Mood#Ind|Number#Sing|Person#3|Tense#Pres|VerbForm#Fin|Voice#Pass
005.SCG*LB1.CP-2++0.N.-5.2-2.3-8W8	recto	NO MATCH	lemma/122542	Case#Abl|Degree#Pos|Gender#Neut|Number#Sing
005.SCG*LB2.CP-4++7.N.-4.8-6.11-3W17	consequentis	NO MATCH	lemma/96035	Case#Gen|Degree#Pos|Gender#Fem|Number#Sing|Tense#Pres|VerbForm#Part|Voice#Pass
005.SCG*LB2.CP-7++0.N.-6.1-1.5-4W14	oportebit	NO MATCH	lemma/115098	Case#Gen|Degree#Pos|Gender#Fem|Number#Sing|Tense#Pres|VerbForm#Part|Voice#Pass
005.SCG*LB4.CP-2++9.N.10.2-4.7-7W21	fieri	NO MATCH	lemma/102758	Aspect#Imp|Tense#Pres|VerbForm#Inf|Voice#Pass
005.SCG*LB3.CP13++6.N.12.11-5.13-5W5	fiat	NO MATCH	lemma/102758	Mood#Sub|Number#Sing|Person#3|Tense#Pres|VerbForm#Fin|Voice#Pass
005.SCG*LB3.CP15++1.N.-6.1-2.3-3W9	prompte	NO MATCH	lemma/119847	Degree#Pos
005.SCG*LB2.CP-5++9.N.12.1-2.2-4W6	oportet	NO MATCH	lemma/115098	Aspect#Imp|Mood#Ind|Number#Sing|Person#3|Tense#Pres|VerbForm#Fin|Voice#Pass
005.SCG*LB4.CP-2++9.N.-8.1-1.2-4W5	expresse	NO MATCH	lemma/102229	Degree#Pos
005.SCG*LB4.CP-3++4.N.17.7-2.10-1W11	oportebit	NO MATCH	lemma/115098	Aspect#Imp|Mood#Ind|Number#Sing|Person#3|Tense#Pres|VerbForm#Fin|Voice#Act
005.SCG*LB1.CP-6++7.N.-6.5-3.10-3W10	oportet	NO MATCH	lemma/115098	Aspect#Imp|Tense#Pres|VerbForm#Inf|Voice#Pass
005.SCG*LB2.CP-2++1.N.10.9-2.14-2W16	fit	NO MATCH	lemma/102758	Mood#Ind|Number#Sing|Person#3|Tense#Pres|VerbForm#Fin|Voice#Pass
005.SCG*LB2.CP-8++3.N.-2.6-5.8-1W4	incoepit	NO MATCH	lemma/106965	Aspect#Perf|Mood#Ind|Number#Sing|Person#3|Tense#Past|VerbForm#Fin|Voice#Act
005.SCG*LB4.CP-4++8.N.-2.10-5.12-1W10	fieri	NO MATCH	lemma/102758	Aspect#Imp|Tense#Pres|VerbForm#Inf|Voice#Pass
005.SCG*LB3.CP13++0.N.-4.4-6.11-7W10	ferventer	NO MATCH	lemma/103165	Degree#Pos
005.SCG*LB2.CP-2++1.N.10.14-3.15-7W4	fit	NO MATCH	lemma/102758	Mood#Ind|Number#Sing|Person#3|Tense#Pres|VerbForm#Fin|Voice#Pass
005.SCG*LB2.CP-1++6.N.14.5-5.7-5W13	fit	NO MATCH	lemma/102758	Mood#Ind|Number#Sing|Person#3|Tense#Pres|VerbForm#Fin|Voice#Pass
005.SCG*LB2.CP-6++0.N.10.3-6.6-4W8	pati	NO MATCH	lemma/116222	Tense#Pres|VerbForm#Inf|Voice#Act
005.SCG*LB2.CP-8++8.N.-9.1-2.10-4W18	licet	NO MATCH	lemma/110432	Mood#Ind|Number#Sing|Person#3|Tense#Pres|VerbForm#Fin|Voice#Act
005.SCG*LB1.CP-9++1.N.-5.6-6.12-2W25	experimur	NO MATCH	lemma/102164	Aspect#Perf|Mood#Ind|Number#Sing|Person#3|Tense#Past|VerbForm#Fin|Voice#Act
005.SCG*LB4.CP-3++4.N.-2.48-1.50-6W7	oportet	NO MATCH	lemma/115098	Tense#Pres|VerbForm#Inf|Voice#Act
005.SCG*LB4.CP-2++4.N.-7.13-2.14-7W1	oportet	NO MATCH	lemma/115098	Mood#Ind|Number#Plur|Person#3|Tense#Pres|VerbForm#Fin|Voice#Act
005.SCG*LB1.CP--++4.N.--.1-1.3-3W9	convenienter	NO MATCH	lemma/96424	Degree#Pos
005.SCG*LB4.CP-1++7.N.-5.9-3.13-6W20	mortuis	NO MATCH	lemma/112796	Degree#Pos
005.SCG*LB4.CP-3++4.N.-4.5-4.6-3W1	locutus	NO MATCH	lemma/110805	Mood#Ind|Number#Sing|Person#3|Tense#Pres|VerbForm#Fin|Voice#Act
005.SCG*LB3.CP14++1.N.-1.10-4.12-6W2	oportet	NO MATCH	lemma/115098	Mood#Ind|Number#Sing|Person#3|Tense#Pres|VerbForm#Fin|Voice#Act
005.SCG*LB2.CP-2++1.N.-5.17-5.19-7W7	essendi	NO MATCH	lemma/126689	Case#Gen|Degree#Pos|Number#Sing|VerbForm#Ger|Voice#Act
005.SCG*LB2.CP-3++5.N.-7.17-2.23-3W40	convenientius	NO MATCH	lemma/96424	Degree#Cmp
005.SCG*LB4.CP-1++3.N.-4.5-4.9-7W18	oportet	NO MATCH	lemma/115098	Tense#Pres|VerbForm#Inf|Voice#Act
005.SCG*LB1.CP-2++6.N.-7.13-1.15-2W10	fiat	NO MATCH	lemma/102758	Mood#Sub|Number#Sing|Person#3|Tense#Pres|VerbForm#Fin|Voice#Pass
005.SCG*LB1.CP-3++3.N.-5.2-3.5-5W15	fieri	NO MATCH	lemma/102758	Tense#Pres|VerbForm#Inf|Voice#Pass
005.SCG*LB4.CP-7++1.N.-8.9-1.12-7W29	consolemini	NO MATCH	lemma/96096	Aspect#Imp|Mood#Ind|Number#Sing|Person#3|Tense#Pres|VerbForm#Fin|Voice#Pass
005.SCG*LB3.CP14++7.N.-5.4-2.6-3W15	praeexistit	NO MATCH	lemma/131401	Mood#Ind|Number#Sing|Person#3|Tense#Pres|VerbForm#Fin|Voice#Pass
005.SCG*LB1.CP-6++3.N.-4.13-2.16-1W3	oportet	NO MATCH	lemma/115098	Case#Nom|Degree#Pos|Gender#Fem|Number#Plur|Tense#Pres|VerbForm#Part|VerbType#Mod|Voice#Act
005.SCG*LB1.CP--++6.N.-5.1-1.6-5W30	contestante	NO MATCH	lemma/96276	Case#Abl|Degree#Pos|Gender#Masc|Number#Sing|Tense#Pres|VerbForm#Part|Voice#Pass
005.SCG*LB2.CP-6++0.N.12.7-6.9-6W9	oportet	NO MATCH	lemma/115098	Tense#Pres|VerbForm#Inf|Voice#Act
005.SCG*LB4.CP-9++0.N.-8.11-5.13-4W3	convenienter	NO MATCH	lemma/96424	Degree#Pos
005.SCG*LB2.CP-7++5.N.-2.27-2.28-6W9	operetur	NO MATCH	lemma/115028	Aspect#Perf|Case#Abl|Degree#Pos|Gender#Neut|Number#Sing|Tense#Past|VerbForm#Part|Voice#Pass
005.SCG*LB1.CP-6++7.N.-7.9-6.11-1W7	contingenter	NO MATCH	lemma/96293	Degree#Pos
005.SCG*LB3.CP-7++9.N.-3.6-1.8-3W16	subalternata	NO MATCH	lemma/82759	Aspect#Imp|Mood#Sub|Number#Sing|Person#3|Tense#Pres|VerbForm#Fin|VerbType#Mod|Voice#Act
005.SCG*LB4.CP-4++4.N.-3.16-1.16-7W2	oportuit	NO MATCH	lemma/115098	Mood#Ind|Number#Sing|Person#3|Tense#Pres|VerbForm#Fin|Voice#Act
005.SCG*LB3.CP15++9.N.-2.17-22-6W34	licet	NO MATCH	lemma/110432	Mood#Ind|Number#Sing|Person#3|Tense#Pres|VerbForm#Fin|Voice#Act
005.SCG*LB3.CP-6++6.N.-4.1-2.8-6W44	fiunt	NO MATCH	lemma/102758	Mood#Ind|Number#Plur|Person#3|Tense#Pres|VerbForm#Fin|Voice#Pass
005.SCG*LB4.CP-8++2.N.-5.16-5.18-1W1	oportet	NO MATCH	lemma/115098	Case#Acc|Degree#Pos|Gender#Fem|Number#Plur|VerbForm#Gdv|Voice#Pass
005.SCG*LB2.CP-8++0.N.-8.8-1.11-5W6	oportet	NO MATCH	lemma/115098	Tense#Pres|VerbForm#Inf|Voice#Act
005.SCG*LB1.CP-4++4.N.-8.7-3.9-2W11	particulatis	NO MATCH	lemma/69686	Aspect#Perf|Case#Nom|Degree#Pos|Gender#Fem|Number#Plur|Tense#Past|VerbForm#Part|Voice#Pass
005.SCG*LB1.CP-4++3.N.13.32-5.34-4W1	oportet	NO MATCH	lemma/115098	Mood#Ind|Number#Sing|Person#3|Tense#Fut|VerbForm#Fin|Voice#Pass
005.SCG*LB4.CP--++1.N.11.35-6.36-6W1	signanter	NO MATCH	lemma/124766	Degree#Pos
005.SCG*LB4.CP-6++3.N.-1.1-1.8-3W1	licet	NO MATCH	lemma/110432	Case#Nom|Degree#Pos|Gender#Neut|Number#Sing|Tense#Pres|VerbForm#Part|Voice#Act
005.SCG*LB2.CP-6++0.N.-6.9-8.12-5W13	oportet	NO MATCH	lemma/115098	Mood#Ind|Number#Sing|Person#3|Tense#Pres|VerbForm#Fin|Voice#Act
005.SCG*LB4.CP-7++6.N.-4.8-5.9-6W3	congruentior	NO MATCH	lemma/95913	Aspect#Imp|Case#Nom|Degree#Cmp|Gender#Masc|Number#Sing|Tense#Pres|VerbForm#Part|Voice#Act
005.SCG*LB4.CP-5++5.N.11.1-1.4-4W1	licet	NO MATCH	lemma/110432	Aspect#Imp|Case#Nom|Degree#Cmp|Gender#Masc|Number#Sing|Tense#Pres|VerbForm#Part|Voice#Act
005.SCG*LB1.CP10++0.N.-3.1-2.4-2W6	volitum	NO MATCH	lemma/130745	Aspect#Perf|Case#Nom|Degree#Pos|Gender#Neut|Number#Sing|Tense#Past|VerbForm#Part|VerbType#Mod|Voice#Pass
005.SCG*LB2.CP-3++8.N.-8.1-1.6-3W11	licet	NO MATCH	lemma/110432	Mood#Ind|Number#Sing|Person#3|Tense#Fut|VerbForm#Fin|Voice#Act
005.SCG*LB3.CP13++2.N.-1.1-1.5-1W20	sectantur	NO MATCH	lemma/123964	Mood#Ind|Number#Sing|Person#3|Tense#Pres|VerbForm#Fin|Voice#Act
005.SCG*LB4.CP-5++2.N.-1.10-4.12-2W1	patitur	NO MATCH	lemma/116222	Mood#Ind|Number#Plur|Person#3|Tense#Pres|VerbForm#Fin|Voice#Act
005.SCG*LB4.CP-1++4.N.-4.4-3.6-4W11	oportet	NO MATCH	lemma/115098	Mood#Ind|Number#Plur|Person#3|Tense#Pres|VerbForm#Fin|Voice#Act
005.SCG*LB4.CP-5++2.N.12.6-2.8-5W9	superadditi	NO MATCH	lemma/131438	Aspect#Perf|Case#Acc|Degree#Pos|Gender#Fem|Number#Sing|Tense#Past|VerbForm#Part|Voice#Pass
005.SCG*LB2.CP-5++5.N.11.10-4.11-6W9	deficienter	NO MATCH	lemma/98257	Case#Loc|Degree#Pos|Number#Sing|Tense#Pres|VerbForm#Part|Voice#Act
005.SCG*LB2.CP-3++0.N.15.36-1.39-2W21	abiiciendae	NO MATCH	lemma/86884	Case#Dat|Degree#Pos|Gender#Fem|Number#Sing|VerbForm#Gdv|Voice#Pass
005.SCG*LB2.CP-6++8.N.11.9-1.11-7W4	imaginari	NO MATCH	lemma/106316	Tense#Pres|VerbForm#Inf|Voice#Act
005.SCG*LB2.CP-2++1.N.-2.5-1.7-3W11	praesupponit	NO MATCH	lemma/131408	Tense#Pres|VerbForm#Inf|Voice#Act
005.SCG*LB3.CP-8++0.N.17.20-3.21-5W5	convenienter	NO MATCH	lemma/96424	Degree#Pos
005.SCG*LB4.CP-9++1.N.-4.1-2.3-3W6	convenienter	NO MATCH	lemma/96424	Degree#Pos
005.SCG*LB1.CP-9++1.N.-5.4-1.6-5W17	fit	NO MATCH	lemma/102758	Mood#Ind|Number#Sing|Person#3|Tense#Pres|VerbForm#Fin|Voice#Pass
005.SCG*LB1.CP-2++2.N.-6.21-1.23-4W9	essendi	NO MATCH	lemma/126689	Case#Gen|Degree#Pos|Number#Sing|VerbForm#Ger|Voice#Act
005.SCG*LB3.CP14++9.N.-2.7-5.9-3W4	operatur	NO MATCH	lemma/115028	Mood#Ind|Number#Sing|Person#3|Tense#Pres|VerbForm#Fin|Voice#Pass
005.SCG*LB4.CP-3++3.N.-6.12-3.18-5W47	locutum	NO MATCH	lemma/110805	Mood#Ind|Number#Sing|Person#3|Tense#Pres|VerbForm#Fin|Voice#Act
005.SCG*LB2.CP-8++3.N.32.3-1.5-4W7	proportionatas	NO MATCH	lemma/131413	Aspect#Imp|Mood#Ind|Number#Sing|Person#3|Tense#Pres|VerbForm#Fin|Voice#Act
005.SCG*LB2.CP-8++0.N.-6.26-4.29-3W14	operantur	NO MATCH	lemma/115028	Aspect#Perf|Case#Abl|Degree#Pos|Gender#Neut|Number#Sing|Tense#Past|VerbForm#Part|Voice#Pass
005.SCG*LB2.CP-5++7.N.-6.6-1.12-7W10	operati	NO MATCH	lemma/115028	Aspect#Perf|Case#Abl|Degree#Pos|Gender#Neut|Number#Sing|Tense#Past|VerbForm#Part|Voice#Pass
005.SCG*LB3.CP-4++7.N.-4.12-6.15-1W18	quaeso	NO MATCH	lemma/121047	Mood#Ind|Number#Sing|Person#1|Tense#Pres|VerbForm#Fin|Voice#Act
005.SCG*LB1.CP-7++4.N.-4.1-2.8-4W44	volitum	NO MATCH	lemma/130745	Aspect#Perf|Case#Nom|Degree#Pos|Gender#Neut|Number#Sing|Tense#Past|VerbForm#Part|VerbType#Mod|Voice#Pass
005.SCG*LB2.CP-2++5.N.19.4-5.5-4W2	oportet	NO MATCH	lemma/115098	Aspect#Imp|Mood#Ind|Number#Plur|Person#3|Tense#Imp|VerbForm#Fin|Voice#Act
005.SCG*LB1.CP-8++2.N.-2.1-1.3-7W7	volitorum	NO MATCH	lemma/130745	Aspect#Perf|Case#Gen|Degree#Pos|Gender#Neut|Number#Plur|Tense#Past|VerbForm#Part|VerbType#Mod|Voice#Pass
005.SCG*LB4.CP-1++1.N.10.5-4.7-7W8	oportet	NO MATCH	lemma/115098	Aspect#Imp|Mood#Ind|Number#Sing|Person#3|Tense#Pres|VerbForm#Fin|Voice#Act
005.SCG*LB4.CP-5++5.N.13.1-1.4-5W2	oportuit	NO MATCH	lemma/115098	Mood#Sub|Number#Sing|Person#3|Tense#Pres|VerbForm#Fin|Voice#Act
005.SCG*LB3.CP11++1.N.-1.31-1.35-3W16	subiiciuntur	NO MATCH	lemma/126114	Mood#Ind|Number#Plur|Person#3|Tense#Pres|VerbForm#Fin|Voice#Pass
005.SCG*LB2.CP-5++5.N.-9.1-2.2-6W10	patitur	NO MATCH	lemma/116222	Mood#Ind|Number#Sing|Person#3|Tense#Pres|VerbForm#Fin|VerbType#Mod|Voice#Act
005.SCG*LB4.CP-2++6.N.-1.1-1.5-6W9	oportet	NO MATCH	lemma/115098	Mood#Ind|Number#Sing|Person#3|Tense#Pres|VerbForm#Fin|Voice#Act
005.SCG*LB2.CP-7++9.N.-5.8-1.9-1W6	proportionatas	NO MATCH	lemma/131413	Aspect#Perf|Case#Acc|Degree#Pos|Gender#Neut|Number#Plur|Tense#Past|VerbForm#Part|Voice#Pass
005.SCG*LB3.CP13++6.N.10.4-1.5-2W3	oportet	NO MATCH	lemma/115098	Aspect#Perf|Case#Nom|Degree#Pos|Gender#Neut|Number#Sing|Tense#Past|VerbForm#Part|Voice#Pass
005.SCG*LB3.CP15++4.N.23.5-1.7-4W16	locutos	NO MATCH	lemma/110805	Mood#Ind|Number#Sing|Person#3|Tense#Pres|VerbForm#Fin|Voice#Act
005.SCG*LB3.CP11++7.N.-3.6-2.8-1W1	oportet	NO MATCH	lemma/115098	Aspect#Imp|Case#Acc|Degree#Pos|Gender#Fem|Number#Plur|Tense#Pres|VerbForm#Part|Voice#Act
005.SCG*LB2.CP-3++0.N.13.1-1.7-1W14	consequentes	NO MATCH	lemma/96035	Case#Acc|Degree#Pos|Gender#Fem|Number#Plur|Tense#Pres|VerbForm#Part|Voice#Pass
005.SCG*LB4.CP-1++0.N.-8.1-2.5-1W20	oportet	NO MATCH	lemma/115098	Tense#Pres|VerbForm#Inf|Voice#Pass
005.SCG*LB3.CP-8++5.N.19.12-2.15-4W14	calefieri	NO MATCH	lemma/92350	Tense#Pres|VerbForm#Inf|Voice#Pass
005.SCG*LB2.CP-6++8.N.-4.5-3.7-3W7	essendi	NO MATCH	lemma/126689	Case#Gen|Degree#Pos|Number#Sing|VerbForm#Ger|Voice#Act
005.SCG*LB3.CP13++5.N.10.6-1.14-4W51	oporteat	NO MATCH	lemma/115098	Aspect#Perf|Case#Acc|Degree#Pos|Gender#Neut|Number#Plur|Tense#Past|VerbForm#Part|Voice#Pass
005.SCG*LB4.CP-7++3.N.-5.8-5.9-5W1	oportet	NO MATCH	lemma/115098	Mood#Ind|Number#Plur|Person#3|Tense#Pres|VerbForm#Fin|Voice#Act
005.SCG*LB3.CP-2++3.N.-7.1-2.5-1W12	oportet	NO MATCH	lemma/115098	Case#Dat|Degree#Pos|Gender#Neut|Number#Sing|Tense#Pres|VerbForm#Part|Voice#Act
005.SCG*LB2.CP-7++9.N.13.12-5.15-3W6	loquatur	NO MATCH	lemma/110805	Mood#Ind|Number#Sing|Person#3|Tense#Pres|VerbForm#Fin|Voice#Act
005.SCG*LB3.CP13++6.N.-9.11-5.14-3W10	oportet	NO MATCH	lemma/115098	Mood#Ind|Number#Plur|Person#3|Tense#Pres|VerbForm#Fin|Voice#Act
005.SCG*LB4.CP-8++6.N.-2.1-1.5-2W6	fruens	NO MATCH	lemma/103882	Aspect#Imp|Case#Nom|Degree#Pos|Gender#Fem|Number#Sing|Tense#Pres|VerbForm#Part|Voice#Pass
005.SCG*LB4.CP-4++3.N.-2.15-1.18-2W15	praeextitisset	NO MATCH	lemma/131401	Tense#Pres|VerbForm#Inf|Voice#Act
005.SCG*LB4.CP--++2.N.-2.14-5.16-1W4	mortuos	NO MATCH	lemma/112796	Aspect#Perf|Case#Nom|Degree#Pos|Gender#Neut|Number#Sing|Tense#Past|VerbForm#Part|Voice#Pass
005.SCG*LB3.CP--++2.N.-7.6-6.10-6W7	fiunt	NO MATCH	lemma/102758	Mood#Ind|Number#Plur|Person#3|Tense#Pres|VerbForm#Fin|Voice#Pass
005.SCG*LB4.CP-5++9.N.-3.2-3.3-6W10	consequentes	NO MATCH	lemma/96035	Aspect#Imp|Case#Acc|Degree#Pos|Gender#Fem|Number#Plur|Tense#Pres|VerbForm#Part|Voice#Pass
005.SCG*LB2.CP-2++8.N.-7.4-6.6-1W7	operatur	NO MATCH	lemma/115028	Aspect#Perf|Case#Nom|Degree#Pos|Gender#Fem|Number#Plur|Tense#Past|VerbForm#Part|Voice#Pass
005.SCG*LB4.CP-5++0.N.-6.5-4.7-3W3	expresse	NO MATCH	lemma/102229	Degree#Pos
005.SCG*LB4.CP-8++4.N.-4.3-4.4-5W1	oportet	NO MATCH	lemma/115098	Mood#Ind|Number#Sing|Person#3|Tense#Pres|VerbForm#Fin|Voice#Act
005.SCG*LB3.CP12++3.N.-4.4-2.6-1W9	subiicitur	NO MATCH	lemma/126114	Mood#Ind|Number#Sing|Person#3|Tense#Pres|VerbForm#Fin|Voice#Pass
005.SCG*LB1.CP-7++2.N.-6.10-2.11-1W1	oportet	NO MATCH	lemma/115098	Aspect#Perf|Mood#Ind|Number#Sing|Person#3|Tense#Past|VerbForm#Fin|Voice#Act
005.SCG*LB4.CP-3++2.N.-2.9-4.17-5W51	fiat	NO MATCH	lemma/102758	Aspect#Imp|Mood#Sub|Number#Sing|Person#3|Tense#Pres|VerbForm#Fin|Voice#Pass
005.SCG*LB3.CP-8++5.N.-9.10-2.13-3W9	puta	NO MATCH	lemma/120610	
005.SCG*LB3.CP-7++4.N.-5.10-1.12-4W12	oportet	NO MATCH	lemma/115098	Aspect#Imp|Mood#Ind|Number#Sing|Person#3|Tense#Pres|VerbForm#Fin|Voice#Act
005.SCG*LB4.CP--++8.N.-1.22-4.26-3W1	licet	NO MATCH	lemma/110432	Mood#Ind|Number#Sing|Person#3|Tense#Pres|VerbForm#Fin|Voice#Act
005.SCG*LB3.CP-2++1.N.-3.3-3.4-6W9	largitur	NO MATCH	lemma/109940	Mood#Ind|Number#Sing|Person#3|Tense#Pres|VerbForm#Fin|Voice#Act
005.SCG*LB4.CP-4++3.N.-2.22-6.24-5W12	praeexistentem	NO MATCH	lemma/131401	Mood#Ind|Number#Sing|Person#3|Tense#Pres|VerbForm#Fin|Voice#Act
005.SCG*LB2.CP-5++9.N.-1.1-1.4-5W7	utentes	NO MATCH	lemma/130923	Case#Nom|Degree#Pos|Gender#Masc|Number#Plur|Tense#Pres|VerbForm#Part|Voice#Pass
005.SCG*LB3.CP15++5.N.-6.1-2.4-3W20	agente	NO MATCH	lemma/88140	Case#Abl|Degree#Pos|Gender#Neut|Number#Sing
005.SCG*LB3.CP11++7.N.-2.1-1.2-7W1	oportet	NO MATCH	lemma/115098	Tense#Pres|VerbForm#Inf|Voice#Act
005.SCG*LB1.CP-2++8.N.-9.8-3.10-6W18	praeaccepit	NO MATCH	lemma/131389	Mood#Ind|Number#Sing|Person#3|Tense#Pres|VerbForm#Fin|Voice#Act
005.SCG*LB1.CP-9++1.N.-4.19-6.22-7W10	fit	NO MATCH	lemma/102758	Mood#Ind|Number#Sing|Person#3|Tense#Pres|VerbForm#Fin|Voice#Pass
005.SCG*LB4.CP-2++9.N.-8.6-4.8-1W6	consequenter	NO MATCH	lemma/96035	Degree#Pos
005.SCG*LB3.CP15++8.N.-7.7-1.8-7W15	pateretur	NO MATCH	lemma/116222	Aspect#Imp|Mood#Ind|Number#Sing|Person#3|Tense#Pres|VerbForm#Fin|Voice#Act
005.SCG*LB2.CP-6++0.N.11.1-2.8-3W10	operetur	NO MATCH	lemma/115028	Aspect#Perf|Case#Nom|Degree#Pos|Gender#Neut|Number#Sing|Tense#Past|VerbForm#Part|Voice#Pass
005.SCG*LB3.CP--++8.N.-8.20-4.23-1W5	sortitur	NO MATCH	lemma/125211	Mood#Ind|Number#Plur|Person#3|Tense#Pres|VerbForm#Fin|Voice#Act
005.SCG*LB3.CP-6++7.N.-1.3-2.5-3W3	operans	NO MATCH	lemma/115028	Aspect#Perf|Case#Nom|Degree#Pos|Gender#Neut|Number#Sing|Tense#Past|VerbForm#Part|Voice#Pass
005.SCG*LB1.CP-2++3.N.-9.1-1.4-4W12	loquentium	NO MATCH	lemma/110805	Mood#Ind|Number#Sing|Person#3|Tense#Pres|VerbForm#Fin|Voice#Act
005.SCG*LB4.CP-5++5.N.13.29-2.32-5W18	moriendo	NO MATCH	lemma/112796	Mood#Ind|Number#Plur|Person#3|Tense#Pres|VerbForm#Fin|Voice#Act
005.SCG*LB3.CP16++1.N.-1.1-1.3-7W1	licet	NO MATCH	lemma/110432	Mood#Sub|Number#Plur|Person#3|Tense#Pres|VerbForm#Fin|Voice#Act
005.SCG*LB1.CP-2++8.N.-7.9-4.13-1W6	fit	NO MATCH	lemma/102758	Mood#Ind|Number#Sing|Person#3|Tense#Pres|VerbForm#Fin|Voice#Pass
005.SCG*LB4.CP-6++9.N.-1.11-8.15-3W25	fieret	NO MATCH	lemma/102758	Aspect#Imp|Mood#Sub|Number#Sing|Person#3|Tense#Imp|VerbForm#Fin|Voice#Pass
005.SCG*LB3.CP13++1.N.-4.9-4.13-2W22	abiiciat	NO MATCH	lemma/86884	Mood#Sub|Number#Sing|Person#3|Tense#Pres|VerbForm#Fin|Voice#Act
005.SCG*LB2.CP-7++6.N.16.16-4.20-2W1	oportet	NO MATCH	lemma/115098	Tense#Pres|VerbForm#Inf|Voice#Act
005.SCG*LB3.CP13++6.N.15.4-3.9-5W22	oportebat	NO MATCH	lemma/115098	Mood#Sub|Number#Sing|Person#3|Tense#Pres|VerbForm#Fin|Voice#Act
005.SCG*LB3.CP11++9.N.-1.1-1.9-1W53	contemplanda	NO MATCH	lemma/96238	Mood#Ind|Number#Plur|Person#3|Tense#Pres|VerbForm#Fin|Voice#Act
005.SCG*LB2.CP-3++0.N.-1.1-1.7-2W1	licet	NO MATCH	lemma/110432	Aspect#Imp|Mood#Ind|Number#Sing|Person#3|Tense#Fut|VerbForm#Fin|Voice#Pass
005.SCG*LB2.CP-6++0.N.12.1-2.2-2W5	operatur	NO MATCH	lemma/115028	Aspect#Imp|Mood#Sub|Number#Sing|Person#3|Tense#Imp|VerbForm#Fin|Voice#Act
005.SCG*LB4.CP-1++0.N.-3.1-2.3-1W6	oportet	NO MATCH	lemma/115098	Mood#Sub|Number#Sing|Person#3|Tense#Pres|VerbForm#Fin|Voice#Act
005.SCG*LB4.CP-1++7.N.17.1-2.2-4W1	expresse	NO MATCH	lemma/102229	Degree#Pos
005.SCG*LB2.CP-7++4.N.16.12-5.13-6W6	operari	NO MATCH	lemma/115028	Aspect#Imp|Mood#Sub|Number#Sing|Person#3|Tense#Imp|VerbForm#Fin|Voice#Act
005.SCG*LB1.CP-1++8.N.-7.1-2.2-3W4	oportet	NO MATCH	lemma/115098	Mood#Ind|Number#Sing|Person#3|Tense#Pres|VerbForm#Fin|Voice#Pass
005.SCG*LB2.CP-8++0.N.-2.5-5.8-2W2	oportet	NO MATCH	lemma/115098	Mood#Sub|Number#Sing|Person#3|Tense#Pres|VerbForm#Fin|Voice#Act
005.SCG*LB4.CP-1++3.N.-6.1-1.5-3W16	oportet	NO MATCH	lemma/115098	Aspect#Imp|Mood#Sub|Number#Sing|Person#3|Tense#Pres|VerbForm#Fin|Voice#Pass
005.SCG*LB4.CP-8++2.N.-3.3-1.6-1W7	morientur	NO MATCH	lemma/112796	Case#Gen|Degree#Pos|Number#Sing|VerbForm#Ger|Voice#Act
005.SCG*LB3.CP-6++4.N.-5.1-2.6-4W35	fierent	NO MATCH	lemma/102758	Aspect#Imp|Mood#Sub|Number#Plur|Person#3|Tense#Imp|VerbForm#Fin|Voice#Pass
005.SCG*LB4.CP-3++0.N.-7.1-2.3-5W10	testatur	NO MATCH	lemma/127996	Mood#Ind|Number#Sing|Person#3|Tense#Pres|VerbForm#Fin|Voice#Act
005.SCG*LB2.CP-3++2.N.-5.14-1.14-5W4	fieret	NO MATCH	lemma/102758	Aspect#Imp|Mood#Sub|Number#Sing|Person#3|Tense#Imp|VerbForm#Fin|Voice#Pass
005.SCG*LB1.CP-4++9.N.-1.1-1.3-5W20	oportet	NO MATCH	lemma/115098	Aspect#Imp|Mood#Sub|Number#Sing|Person#3|Tense#Imp|VerbForm#Fin|Voice#Act
005.SCG*LB3.CP-1++7.N.-7.7-5.10-5W17	consequens	NO MATCH	lemma/96035	Case#Acc|Degree#Pos|Gender#Neut|Number#Sing|Tense#Pres|VerbForm#Part|Voice#Pass
005.SCG*LB4.CP--++6.N.10.11-1.14-1W6	quietae	NO MATCH	lemma/121174	Aspect#Perf|Case#Gen|Degree#Pos|Gender#Fem|Number#Sing|Tense#Past|VerbForm#Part|Voice#Pass
005.SCG*LB4.CP-7++2.N.-7.10-5.13-1W15	ficte	NO MATCH	lemma/103319	Degree#Pos
005.SCG*LB1.CP-3++1.N.-2.30-4.33-1W1	imitatur	NO MATCH	lemma/106364	Aspect#Imp|Mood#Ind|Number#Sing|Person#3|Tense#Fut|VerbForm#Fin|VerbType#Mod|Voice#Act
005.SCG*LB2.CP-1++5.N.-2.35-3.37-5W15	fieri	NO MATCH	lemma/102758	Tense#Pres|VerbForm#Inf|Voice#Pass
005.SCG*LB2.CP-4++9.N.-4.11-6.14-1W16	individuatae	NO MATCH	lemma/59198	Mood#Ind|Number#Plur|Person#3|Tense#Pres|VerbForm#Fin|Voice#Act
005.SCG*LB4.CP-7++8.N.-5.1-1.4-1W14	oportet	NO MATCH	lemma/115098	Aspect#Imp|Mood#Ind|Number#Sing|Person#3|Tense#Pres|VerbForm#Fin|Voice#Act
005.SCG*LB1.CP-2++1.N.-2.7-2.9-2W9	oportet	NO MATCH	lemma/115098	Mood#Sub|Number#Sing|Person#3|Tense#Pres|VerbForm#Fin|Voice#Act
005.SCG*LB2.CP-3++4.N.-2.13-1.14-4W10	fieri	NO MATCH	lemma/102758	Tense#Pres|VerbForm#Inf|Voice#Pass
005.SCG*LB3.CP-9++5.N.15.1-1.3-4W8	fiunt	NO MATCH	lemma/102758	Mood#Ind|Number#Plur|Person#3|Tense#Pres|VerbForm#Fin|Voice#Pass
005.SCG*LB2.CP-8++3.N.27.14-4.15-2W6	reminiscitur	NO MATCH	lemma/122600	Mood#Ind|Number#Plur|Person#1|Tense#Pres|VerbForm#Fin|VerbType#Mod|Voice#Act
005.SCG*LB2.CP-2++1.N.10.15-8.16-9W1	oportet	NO MATCH	lemma/115098	Aspect#Perf|Case#Acc|Degree#Pos|Gender#Fem|Number#Plur|Tense#Past|VerbForm#Part|Voice#Pass
005.SCG*LB2.CP-3++0.N.-9.1-1.3-5W9	essendi	NO MATCH	lemma/126689	Case#Gen|Degree#Pos|Number#Sing|VerbForm#Ger|Voice#Act
005.SCG*LB3.CP14++4.N.-9.14-1.19-5W12	consequens	NO MATCH	lemma/96035	Case#Acc|Degree#Pos|Gender#Neut|Number#Sing|Tense#Pres|VerbForm#Part|Voice#Pass
005.SCG*LB2.CP--++1.N.-4.5-4.11-1W24	oportet	NO MATCH	lemma/115098	Aspect#Imp|Mood#Ind|Number#Sing|Person#3|Tense#Pres|VerbForm#Fin|Voice#Act
005.SCG*LB2.CP-8++0.N.13.20-2.22-3W13	reminisci	NO MATCH	lemma/122600	Mood#Ind|Number#Sing|Person#3|Tense#Pres|VerbForm#Fin|Voice#Act
005.SCG*LB3.CP-8++0.N.-4.3-4.5-1W1	oportet	NO MATCH	lemma/115098	Mood#Ind|Number#Sing|Person#3|Tense#Pres|VerbForm#Fin|VerbType#Mod|Voice#Act
005.SCG*LB2.CP-5++5.N.-5.1-2.2-7W6	oportet	NO MATCH	lemma/115098	Mood#Ind|Number#Sing|Person#3|Tense#Pres|VerbForm#Fin|Voice#Act
005.SCG*LB3.CP-6++7.N.-1.1-1.3-1W10	operantibus	NO MATCH	lemma/115028	Case#Acc|Degree#Pos|Gender#Fem|Number#Plur|VerbForm#Gdv|Voice#Pass
005.SCG*LB3.CP-8++6.N.13.1-1.6-4W21	fiunt	NO MATCH	lemma/102758	Mood#Ind|Number#Plur|Person#3|Tense#Pres|VerbForm#Fin|Voice#Pass
005.SCG*LB2.CP-2++3.N.10.5-2.10-3W17	oportet	NO MATCH	lemma/115098	Mood#Ind|Number#Plur|Person#3|Tense#Fut|VerbForm#Fin|Voice#Pass
005.SCG*LB2.CP-1++6.N.-2.2-7.4-5W15	praeexistente	NO MATCH	lemma/131401	Mood#Ind|Number#Sing|Person#3|Tense#Pres|VerbForm#Fin|Voice#Act
005.SCG*LB4.CP--++6.N.15.1-1.4-4W7	suspicati	NO MATCH	lemma/127134	Mood#Ind|Number#Plur|Person#3|Tense#Pres|VerbForm#Fin|Voice#Act
005.SCG*LB4.CP-8++1.N.13.1-1.4-1W16	vescantur	NO MATCH	lemma/129985	Mood#Ind|Number#Sing|Person#3|Tense#Pres|VerbForm#Fin|Voice#Act
005.SCG*LB3.CP13++9.N.-6.1-2.3-6W9	oportet	NO MATCH	lemma/115098	Aspect#Imp|Mood#Ind|Number#Sing|Person#3|Tense#Pres|VerbForm#Fin|Voice#Pass
005.SCG*LB1.CP-4++2.N.11.12-3.16-6W6	necesse-esse	NO MATCH	lemma/126689	Tense#Pres|VerbForm#Inf|Voice#Act
005.SCG*LB3.CP-7++5.N.10.13-5.16-4W10	oportet	NO MATCH	lemma/115098	Aspect#Perf|Case#Nom|Degree#Pos|Gender#Neut|Number#Sing|Tense#Past|VerbForm#Part|Voice#Pass
005.SCG*LB3.CP-9++7.N.-4.1-1.4-4W10	diversificantur	NO MATCH	lemma/47852	Aspect#Imp|Case#Abl|Degree#Pos|Gender#Fem|Number#Plur|Tense#Pres|VerbForm#Part|Voice#Act
005.SCG*LB4.CP-7++9.N.-4.4-5.8-3W14	mortuis	NO MATCH	lemma/112796	Aspect#Perf|Case#Nom|Degree#Pos|Gender#Neut|Number#Sing|Tense#Past|VerbForm#Part|Voice#Pass
005.SCG*LB2.CP-2++2.N.-3.6-2.8-4W8	essendi	NO MATCH	lemma/126689	Case#Gen|Degree#Pos|Number#Sing|VerbForm#Ger|Voice#Act
005.SCG*LB3.CP-6++8.N.-5.1-2.6-4W25	patiens	NO MATCH	lemma/116222	Mood#Ind|Number#Sing|Person#3|Tense#Pres|VerbForm#Fin|Voice#Pass
005.SCG*LB2.CP-6++0.N.15.8-2.9-6W2	oportet	NO MATCH	lemma/115098	Mood#Ind|Number#Sing|Person#3|Tense#Pres|VerbForm#Fin|Voice#Act
005.SCG*LB2.CP-3++4.N.-2.16-7.18-3W7	oportet	NO MATCH	lemma/115098	Tense#Pres|VerbForm#Inf|Voice#Act
005.SCG*LB2.CP-8++9.N.-9.7-4.15-4W27	oportet	NO MATCH	lemma/115098	Aspect#Imp|Mood#Ind|Number#Sing|Person#3|Tense#Pres|VerbForm#Fin|Voice#Act
005.SCG*LB3.CP12++9.N.-6.4-4.9-4W22	fit	NO MATCH	lemma/102758	Mood#Ind|Number#Sing|Person#3|Tense#Pres|VerbForm#Fin|Voice#Pass
005.SCG*LB3.CP-9++5.N.14.19-7.20-4W5	oportet	NO MATCH	lemma/115098	Aspect#Imp|Case#Nom|Degree#Pos|Gender#Fem|Number#Sing|Tense#Pres|VerbForm#Part|Voice#Act
005.SCG*LB3.CP10++2.N.-6.5-3.9-2W4	fit	NO MATCH	lemma/102758	Mood#Ind|Number#Sing|Person#3|Tense#Pres|VerbForm#Fin|Voice#Pass
005.SCG*LB2.CP-8++3.N.-8.1-1.3-4W11	subnixas	NO MATCH	lemma/131436	Mood#Ind|Number#Sing|Person#3|Tense#Pres|VerbForm#Fin|Voice#Pass
005.SCG*LB1.CP-3++2.N.-3.11-3.13-7W10	esse	NO MATCH	lemma/126689	Case#Nom|Gender#Neut|Number#Sing
005.SCG*LB3.CP-8++3.N.-3.2-6.5-7W9	potentiora	NO MATCH	lemma/118569	Case#Acc|Degree#Cmp|Gender#Neut|Number#Plur|Tense#Pres|VerbForm#Part|VerbType#Mod|Voice#Act
005.SCG*LB3.CP-2++4.N.-8.21-1.22-6W9	fit	NO MATCH	lemma/102758	Mood#Ind|Number#Sing|Person#3|Tense#Pres|VerbForm#Fin|Voice#Pass
005.SCG*LB2.CP-2++1.N.10.1-2.9-1W11	oportet	NO MATCH	lemma/115098	Mood#Ind|Number#Sing|Person#3|Tense#Pres|VerbForm#Fin|Voice#Act
005.SCG*LB2.CP-3++5.N.-2.1-1.4-1W3	oportet	NO MATCH	lemma/115098	Aspect#Perf|Case#Nom|Degree#Pos|Gender#Neut|Number#Plur|Tense#Past|VerbForm#Part|Voice#Pass
005.SCG*LB2.CP-5++5.N.15.1-1.3-4W12	connumeratis	NO MATCH	lemma/95960	Aspect#Perf|Case#Abl|Degree#Pos|Number#Plur|Tense#Past|VerbForm#Part|Voice#Pass
005.SCG*LB2.CP-9++6.N.-4.6-4.8-1W3	oportet	NO MATCH	lemma/115098	Mood#Ind|Number#Sing|Person#3|Tense#Pres|VerbForm#Fin|Voice#Pass
005.SCG*LB3.CP-8++5.N.16.1-2.2-2W7	proportionantur	NO MATCH	lemma/131413	Case#Nom|Degree#Pos|Gender#Fem|Number#Sing|Tense#Pres|VerbForm#Part|VerbType#Mod|Voice#Act
005.SCG*LB4.CP-3++3.N.-4.3-5.5-4W1	oportet	NO MATCH	lemma/115098	Mood#Ind|Number#Sing|Person#3|Tense#Pres|VerbForm#Fin|Voice#Act
005.SCG*LB1.CP-9++5.N.-4.3-1.5-2W5	patitur	NO MATCH	lemma/116222	Mood#Ind|Number#Plur|Person#3|Tense#Pres|VerbForm#Fin|Voice#Pass
005.SCG*LB3.CP-6++5.N.-4.10-2.12-6W15	fiat	NO MATCH	lemma/102758	Mood#Sub|Number#Sing|Person#3|Tense#Pres|VerbForm#Fin|Voice#Pass
005.SCG*LB2.CP--++2.N.-5.6-1.10-2W21	fit	NO MATCH	lemma/102758	Mood#Ind|Number#Sing|Person#3|Tense#Pres|VerbForm#Fin|Voice#Pass
005.SCG*LB1.CP-3++8.N.-4.3-2.5-3W10	praesupponit	NO MATCH	lemma/131408	Aspect#Imp|Mood#Ind|Number#Sing|Person#3|Tense#Pres|VerbForm#Fin|Voice#Act
005.SCG*LB4.CP-8++3.N.16.32-2.33-3W2	mortuorum	NO MATCH	lemma/112796	Tense#Pres|VerbForm#Inf|Voice#Act
005.SCG*LB3.CP10++3.N.-9.11-1.14-5W17	sortiuntur	NO MATCH	lemma/125211	Aspect#Perf|Case#Acc|Degree#Pos|Gender#Neut|Number#Sing|Tense#Past|VerbForm#Part|Voice#Pass
005.SCG*LB2.CP-1++1.N.-1.1-1.7-4W24	principiatum	NO MATCH	lemma/73424	Mood#Ind|Number#Sing|Person#3|Tense#Pres|VerbForm#Fin|Voice#Pass
005.SCG*LB3.CP-4++1.N.-4.7-6.10-1W1	oportet	NO MATCH	lemma/115098	Aspect#Perf|Case#Nom|Degree#Pos|Gender#Masc|Number#Plur|Tense#Past|VerbForm#Part|Voice#Pass
005.SCG*LB2.CP-9++9.N.-2.1-1.5-1W16	oportet	NO MATCH	lemma/115098	Aspect#Imp|Mood#Ind|Number#Sing|Person#3|Tense#Pres|VerbForm#Fin|Voice#Act
005.SCG*LB3.CP14++2.N.-5.9-4.12-5W3	fieret	NO MATCH	lemma/102758	Aspect#Imp|Mood#Sub|Number#Sing|Person#3|Tense#Imp|VerbForm#Fin|Voice#Pass
005.SCG*LB1.CP-5++8.N.-8.1-1.2-5W5	oportet	NO MATCH	lemma/115098	Mood#Ind|Number#Sing|Person#3|Tense#Pres|VerbForm#Fin|Voice#Act
005.SCG*LB2.CP-8++9.N.19.5-2.6-5W5	fit	NO MATCH	lemma/102758	Mood#Ind|Number#Sing|Person#3|Tense#Pres|VerbForm#Fin|Voice#Pass
005.SCG*LB2.CP-8++2.N.13.7-6.10-1W5	fieret	NO MATCH	lemma/102758	Aspect#Imp|Mood#Sub|Number#Sing|Person#3|Tense#Imp|VerbForm#Fin|Voice#Pass
005.SCG*LB4.CP-1++7.N.14.9-3.10-8W5	loquimini	NO MATCH	lemma/110805	Aspect#Imp|Mood#Sub|Number#Sing|Person#3|Tense#Imp|VerbForm#Fin|Voice#Pass
005.SCG*LB3.CP15++0.N.-6.4-3.9-1W17	superaddatur	NO MATCH	lemma/131438	Aspect#Imp|Mood#Sub|Number#Sing|Person#3|Tense#Imp|VerbForm#Fin|VerbType#Mod|Voice#Act
005.SCG*LB2.CP-3++2.N.-4.3-2.6-1W10	oporteret	NO MATCH	lemma/115098	Mood#Ind|Number#Sing|Person#3|Tense#Pres|VerbForm#Fin|Voice#Act
005.SCG*LB2.CP-5++5.N.-3.15-2.18-4W23	fieri	NO MATCH	lemma/102758	Tense#Pres|VerbForm#Inf|Voice#Pass
005.SCG*LB2.CP-7++3.N.13.1-2.6-1W7	oportet	NO MATCH	lemma/115098	Tense#Pres|VerbForm#Inf|Voice#Pass
005.SCG*LB4.CP-8++9.N.-4.11-1.18-2W55	subiiciente	NO MATCH	lemma/126114	Aspect#Imp|Case#Abl|Degree#Pos|Gender#Masc|Number#Sing|Tense#Pres|VerbForm#Part|Voice#Act
005.SCG*LB2.CP-8++4.N.-4.30-4.32-3W9	oportet	NO MATCH	lemma/115098	Aspect#Imp|Mood#Ind|Number#Sing|Person#3|Tense#Pres|VerbForm#Fin|Voice#Act
005.SCG*LB3.CP-4++3.N.-6.1-2.8-2W28	licet	NO MATCH	lemma/110432	Aspect#Perf|Case#Gen|Degree#Pos|Gender#Masc|Number#Sing|Tense#Past|VerbForm#Part|Voice#Pass
005.SCG*LB4.CP-5++3.N.-5.1-2.3-1W10	convenientius	NO MATCH	lemma/96424	Degree#Cmp
005.SCG*LB1.CP-1++5.N.-6.10-2.10-7W3	incoepit	NO MATCH	lemma/106965	Aspect#Perf|Mood#Ind|Number#Sing|Person#3|Tense#Past|VerbForm#Fin|Voice#Act
005.SCG*LB4.CP-1++3.N.10.19-1.23-3W8	praeextiterint	NO MATCH	lemma/131401	Aspect#Imp|Mood#Sub|Number#Sing|Person#3|Tense#Pres|VerbForm#Fin|Voice#Act
005.SCG*LB4.CP-3++6.N.10.11-1.14-1W14	patiendo	NO MATCH	lemma/116222	Mood#Sub|Number#Sing|Person#3|Tense#Pres|VerbForm#Fin|Voice#Act
005.SCG*LB4.CP-3++4.N.12.11-1.12-4W9	operatus	NO MATCH	lemma/115028	Aspect#Imp|Case#Gen|Degree#Pos|Gender#Neut|Number#Sing|Tense#Pres|VerbForm#Part|Voice#Act
005.SCG*LB2.CP-3++4.N.-4.9-3.12-2W17	incoepit	NO MATCH	lemma/106965	Aspect#Perf|Mood#Ind|Number#Sing|Person#3|Tense#Past|VerbForm#Fin|Voice#Act
005.SCG*LB2.CP-8++0.N.13.49-1.51-5W14	fit	NO MATCH	lemma/102758	Mood#Ind|Number#Sing|Person#3|Tense#Pres|VerbForm#Fin|Voice#Pass
005.SCG*LB4.CP-5++4.N.-1.1-1.5-1W4	diligenter	NO MATCH	lemma/99463	Degree#Pos
005.SCG*LB1.CP-6++6.N.-8.15-6.18-3W7	coexistere	NO MATCH	lemma/94708	Tense#Pres|VerbForm#Inf|Voice#Act
005.SCG*LB3.CP-7++6.N.-4.10-1.13-6W18	oportet	NO MATCH	lemma/115098	Tense#Pres|VerbForm#Inf|Voice#Act
005.SCG*LB4.CP-3++2.N.10.5-1.7-3W1	oportet	NO MATCH	lemma/115098	Mood#Ind|Number#Plur|Person#3|Tense#Pres|VerbForm#Fin|Voice#Pass
005.SCG*LB3.CP-8++8.N.-5.8-4.12-2W15	oportet	NO MATCH	lemma/115098	Aspect#Perf|Case#Acc|Degree#Pos|Gender#Fem|Number#Sing|Tense#Past|VerbForm#Part|Voice#Pass
005.SCG*LB2.CP--++4.N.-3.4-1.8-6W17	puta	NO MATCH	lemma/120610	
005.SCG*LB4.CP-1++4.N.14.9-3.11-1W7	oportet	NO MATCH	lemma/115098	Aspect#Perf|Case#Nom|Degree#Pos|Gender#Neut|Number#Sing|Tense#Past|VerbForm#Part|Voice#Pass
005.SCG*LB2.CP-8++9.N.-8.25-6.29-2W15	perfectiorem	NO MATCH	lemma/116821	Aspect#Perf|Case#Acc|Degree#Cmp|Gender#Fem|Number#Sing|Tense#Past|VerbForm#Part|Voice#Pass
005.SCG*LB3.CP10++0.N.-6.8-5.11-3W12	operetur	NO MATCH	lemma/115028	Aspect#Perf|Case#Acc|Degree#Cmp|Gender#Fem|Number#Sing|Tense#Past|VerbForm#Part|Voice#Pass
005.SCG*LB4.CP-8++1.N.11.11-1.12-4W11	operari	NO MATCH	lemma/115028	Mood#Ind|Number#Plur|Person#3|Tense#Pres|VerbForm#Fin|Voice#Act
005.SCG*LB3.CP13++8.N.-9.1-1.2-7W4	fit	NO MATCH	lemma/102758	Mood#Ind|Number#Sing|Person#3|Tense#Pres|VerbForm#Fin|Voice#Pass
005.SCG*LB3.CP--++8.N.-8.18-4.20-3W1	oportet	NO MATCH	lemma/115098	Mood#Ind|Number#Sing|Person#3|Tense#Pres|VerbForm#Fin|Voice#Act
005.SCG*LB3.CP-9++2.N.-5.30-3.31-5W9	praeconsideravit	NO MATCH	lemma/131392	Aspect#Imp|Tense#Pres|VerbForm#Inf|Voice#Pass
005.SCG*LB1.CP--++2.N.-1.4-1.8-4W27	morabitur	NO MATCH	lemma/112802	Aspect#Imp|Tense#Pres|VerbForm#Inf|Voice#Pass
005.SCG*LB2.CP-5++8.N.-8.10-1.12-4W11	puta	NO MATCH	lemma/120610	
005.SCG*LB4.CP-8++2.N.-5.12-3.13-7W4	morituri	NO MATCH	lemma/112796	Case#Nom|Degree#Pos|Gender#Masc|Number#Sing|Tense#Pres|VerbForm#Part|Voice#Act
005.SCG*LB2.CP-8++9.N.-8.1-1.11-1W20	fit	NO MATCH	lemma/102758	Mood#Ind|Number#Sing|Person#3|Tense#Pres|VerbForm#Fin|Voice#Pass
005.SCG*LB2.CP-8++9.N.15.12-3.19-5W12	operato	NO MATCH	lemma/115028	Mood#Sub|Number#Sing|Person#3|Tense#Pres|VerbForm#Fin|Voice#Act
005.SCG*LB3.CP-7++5.N.14.7-3.8-7W1	oportet	NO MATCH	lemma/115098	Mood#Sub|Number#Sing|Person#3|Tense#Pres|VerbForm#Fin|Voice#Act
005.SCG*LB3.CP-6++5.N.-5.13-2.15-2W3	oportet	NO MATCH	lemma/115098	Case#Nom|Degree#Pos|Gender#Neut|Number#Sing|Tense#Pres|VerbForm#Part|Voice#Act
005.SCG*LB1.CP-4++2.N.-4.1-2.3-1W3	fit	NO MATCH	lemma/102758	Mood#Ind|Number#Sing|Person#3|Tense#Pres|VerbForm#Fin|Voice#Pass
005.SCG*LB2.CP-1++5.N.--.1-1.2-1W6	essendi	NO MATCH	lemma/126689	Case#Gen|Degree#Pos|Number#Sing|VerbForm#Ger|Voice#Act
005.SCG*LB2.CP-2++1.N.10.1-2.9-1W49	fit	NO MATCH	lemma/102758	Mood#Ind|Number#Sing|Person#3|Tense#Pres|VerbForm#Fin|Voice#Pass
005.SCG*LB4.CP-3++3.N.-4.6-1.7-4W5	oportet	NO MATCH	lemma/115098	Case#Nom|Degree#Pos|Gender#Neut|Number#Sing|VerbForm#Gdv|Voice#Pass
005.SCG*LB1.CP--++8.N.-1.12-1.18-6W16	notissima	NO MATCH	lemma/113840	Aspect#Perf|Case#Nom|Degree#Sup|Gender#Fem|Number#Sing|Tense#Past|VerbForm#Part|Voice#Pass
005.SCG*LB4.CP-7++4.N.-5.5-3.8-3W11	convenienter	NO MATCH	lemma/96424	Degree#Pos
005.SCG*LB1.CP-7++4.N.-3.5-5.9-3W8	volitum	NO MATCH	lemma/130745	Aspect#Perf|Case#Nom|Degree#Pos|Gender#Neut|Number#Sing|Tense#Past|VerbForm#Part|VerbType#Mod|Voice#Pass
005.SCG*LB3.CP-8++1.N.-3.1-1.3-7W17	potentius	NO MATCH	lemma/118569	Case#Nom|Degree#Cmp|Gender#Neut|Number#Sing|Tense#Pres|VerbForm#Part|VerbType#Mod|Voice#Act
005.SCG*LB3.CP-9++5.N.17.7-3.8-4W6	morieris	NO MATCH	lemma/112796	Mood#Sub|Number#Sing|Person#3|Tense#Pres|VerbForm#Fin|VerbType#Mod|Voice#Act
005.SCG*LB1.CP-7++6.N.-6.1-2.3-3W5	volitum	NO MATCH	lemma/130745	Aspect#Perf|Case#Nom|Degree#Pos|Gender#Neut|Number#Sing|Tense#Past|VerbForm#Part|VerbType#Mod|Voice#Pass
005.SCG*LB2.CP-3++3.N.-8.7-5.10-7W22	verificari	NO MATCH	lemma/84620	Tense#Pres|VerbForm#Inf|Voice#Act
005.SCG*LB3.CP14++0.N.-4.10-5.11-5W1	oportet	NO MATCH	lemma/115098	Aspect#Perf|Mood#Sub|Number#Sing|Person#3|Tense#Pqp|VerbForm#Fin|Voice#Act
005.SCG*LB3.CP13++8.N.-7.6-1.10-3W26	licet	NO MATCH	lemma/110432	Aspect#Perf|Case#Nom|Degree#Pos|Gender#Neut|Number#Sing|Tense#Past|VerbForm#Part|Voice#Pass
005.SCG*LB2.CP-8++0.N.13.49-1.51-5W7	syncopizantibus	NO MATCH	lemma/83781	Aspect#Imp|Mood#Sub|Number#Plur|Person#3|Tense#Imp|VerbForm#Fin|Voice#Act
005.SCG*LB3.CP14++9.N.-6.12-1.16-5W31	subiectum	NO MATCH	lemma/126114	Case#Nom|Degree#Pos|Gender#Neut|Number#Sing
005.SCG*LB4.CP-8++1.N.-7.21-2.24-7W1	oportet	NO MATCH	lemma/115098	Mood#Ind|Number#Sing|Person#3|Tense#Pres|VerbForm#Fin|Voice#Act
005.SCG*LB3.CP15++1.N.-6.5-3.9-5W10	perfectas	NO MATCH	lemma/116821	Case#Acc|Degree#Pos|Gender#Fem|Number#Plur
005.SCG*LB3.CP-9++2.N.-5.17-1.21-6W15	fieri	NO MATCH	lemma/102758	Tense#Pres|VerbForm#Inf|Voice#Pass
005.SCG*LB1.CP-7++4.N.-4.1-2.8-4W2	volitum	NO MATCH	lemma/130745	Aspect#Perf|Case#Nom|Degree#Pos|Gender#Neut|Number#Sing|Tense#Past|VerbForm#Part|VerbType#Mod|Voice#Pass
005.SCG*LB4.CP-2++4.N.-8.11-1.13-3W1	oportet	NO MATCH	lemma/115098	Mood#Ind|Number#Sing|Person#3|Tense#Pres|VerbForm#Fin|Voice#Pass
005.SCG*LB4.CP-3++5.N.-1.1-1.7-1W10	oportet	NO MATCH	lemma/115098	Mood#Ind|Number#Sing|Person#3|Tense#Pres|VerbForm#Fin|Voice#Act
005.SCG*LB4.CP-1++0.N.-4.4-5.9-1W20	fit	NO MATCH	lemma/102758	Aspect#Imp|Mood#Ind|Number#Sing|Person#3|Tense#Pres|VerbForm#Fin|Voice#Pass
005.SCG*LB3.CP13++2.N.14.5-3.9-3W6	oporteret	NO MATCH	lemma/115098	Case#Nom|Degree#Pos|Gender#Masc|Number#Sing|Tense#Pres|VerbForm#Part|Voice#Act
005.SCG*LB4.CP-6++9.N.-3.5-6.6-6W2	epulemur	NO MATCH	lemma/101349	Mood#Ind|Number#Sing|Person#3|Tense#Pres|VerbForm#Fin|Voice#Pass
005.SCG*LB2.CP-1++9.N.-5.23-4.27-4W15	fieri	NO MATCH	lemma/102758	Tense#Pres|VerbForm#Inf|Voice#Pass
005.SCG*LB3.CP-5++1.N.-5.4-5.8-1W14	imaginemur	NO MATCH	lemma/106316	Aspect#Perf|Case#Nom|Degree#Pos|Gender#Neut|Number#Sing|Tense#Past|VerbForm#Part|Voice#Pass
005.SCG*LB3.CP-4++8.N.13.3-2.7-8W22	superinveniunt	NO MATCH	lemma/131441	Mood#Ind|Number#Plur|Person#3|Tense#Pres|VerbForm#Fin|Voice#Act
005.SCG*LB2.CP-3++4.N.-3.10-5.13-5W22	praeexistere	NO MATCH	lemma/131401	Tense#Pres|VerbForm#Inf|Voice#Act
005.SCG*LB2.CP-6++0.N.-2.8-6.12-4W9	oportet	NO MATCH	lemma/115098	Aspect#Perf|Case#Gen|Degree#Pos|Gender#Neut|Number#Plur|Tense#Past|VerbForm#Part|Voice#Pass
005.SCG*LB1.CP-8++9.N.-5.1-2.4-1W8	determinate	NO MATCH	lemma/99024	Degree#Pos
005.SCG*LB4.CP-4++8.N.-3.1-1.5-2W15	fieri	NO MATCH	lemma/102758	Aspect#Imp|Tense#Pres|VerbForm#Inf|Voice#Pass
005.SCG*LB4.CP-8++3.N.15.5-7.10-4W39	mortuis	NO MATCH	lemma/112796	Mood#Ind|Number#Sing|Person#1|Tense#Fut|VerbForm#Fin|Voice#Act
005.SCG*LB2.CP-7++3.N.16.1-2.6-3W25	fiant	NO MATCH	lemma/102758	Mood#Sub|Number#Plur|Person#3|Tense#Pres|VerbForm#Fin|Voice#Pass
005.SCG*LB4.CP-1++7.N.23.12-5.16-2W13	operari	NO MATCH	lemma/115028	Mood#Ind|Number#Sing|Person#3|Tense#Pres|VerbForm#Fin|Voice#Act
005.SCG*LB1.CP-7++1.N.14.9-6.10-4W3	consequens	NO MATCH	lemma/96035	Case#Acc|Degree#Pos|Gender#Neut|Number#Sing|Tense#Pres|VerbForm#Part|Voice#Pass
005.SCG*LB3.CP-4++1.N.10.4-3.9-3W19	oportet	NO MATCH	lemma/115098	Aspect#Perf|Case#Nom|Degree#Pos|Gender#Neut|Number#Plur|Tense#Past|VerbForm#Part|Voice#Pass
005.SCG*LB1.CP-4++4.N.-8.14-6.16-7W16	oportet	NO MATCH	lemma/115098	Aspect#Perf|Case#Abl|Degree#Pos|Gender#Fem|Number#Plur|Tense#Past|VerbForm#Part|Voice#Pass
005.SCG*LB3.CP-6++4.N.-5.1-2.6-4W33	fierent	NO MATCH	lemma/102758	Aspect#Imp|Mood#Sub|Number#Plur|Person#3|Tense#Imp|VerbForm#Fin|Voice#Pass
005.SCG*LB4.CP-8++3.N.-3.4-3.5-1W4	cooperante	NO MATCH	lemma/96509	Aspect#Imp|Case#Abl|Degree#Pos|Gender#Fem|Number#Sing|Tense#Pres|VerbForm#Part|Voice#Pass
005.SCG*LB3.CP14++0.N.-4.17-4.24-2W6	oportet	NO MATCH	lemma/115098	Mood#Ind|Number#Sing|Person#3|Tense#Pres|VerbForm#Fin|Voice#Pass
005.SCG*LB2.CP-3++6.N.-6.10-2.14-1W2	oportebit	NO MATCH	lemma/115098	Aspect#Imp|Tense#Pres|VerbForm#Inf|Voice#Pass
005.SCG*LB1.CP-3++0.N.-3.27-6.30-6W8	convenienter	NO MATCH	lemma/96424	Degree#Pos
005.SCG*LB4.CP-3++4.N.11.3-6.6-2W21	moritur	NO MATCH	lemma/112796	Tense#Pres|VerbForm#Inf|Voice#Act
005.SCG*LB1.CP-2++0.N.21.15-3.16-4W4	oportet	NO MATCH	lemma/115098	Mood#Ind|Number#Sing|Person#3|Tense#Pres|VerbForm#Fin|Voice#Act
005.SCG*LB1.CP-9++1.N.-4.23-1.26-2W14	imitantur	NO MATCH	lemma/106364	Aspect#Perf|Case#Abl|Degree#Pos|Gender#Neut|Number#Sing|Tense#Past|VerbForm#Part|Voice#Pass
005.SCG*LB2.CP-6++2.N.-1.13-1.18-6W36	fit	NO MATCH	lemma/102758	Mood#Ind|Number#Sing|Person#3|Tense#Pres|VerbForm#Fin|Voice#Pass
005.SCG*LB4.CP-3++4.N.14.32-2.33-6W12	passus	NO MATCH	lemma/116222	Mood#Ind|Number#Sing|Person#1|Tense#Pres|VerbForm#Fin|Voice#Act
005.SCG*LB4.CP-2++4.N.-9.27-2.29-6W1	oportet	NO MATCH	lemma/115098	Mood#Ind|Number#Sing|Person#3|Tense#Pres|VerbForm#Fin|Voice#Act
005.SCG*LB4.CP-8++4.N.14.1-2.3-4W4	oportet	NO MATCH	lemma/115098	Mood#Sub|Number#Sing|Person#3|Tense#Pres|VerbForm#Fin|VerbType#Mod|Voice#Act
005.SCG*LB2.CP-4++2.N.-6.1-2.5-7W22	oportet	NO MATCH	lemma/115098	Mood#Ind|Number#Sing|Person#3|Tense#Pres|VerbForm#Fin|Voice#Act
005.SCG*LB3.CP15++5.N.-8.5-3.7-7W12	exhortetur	NO MATCH	lemma/102033	Aspect#Imp|Tense#Pres|VerbForm#Inf|Voice#Pass
005.SCG*LB1.CP--++1.N.-4.10-1.12-5W14	testatur	NO MATCH	lemma/127996	Mood#Ind|Number#Plur|Person#1|Tense#Pres|VerbForm#Fin|VerbType#Mod|Voice#Act
005.SCG*LB2.CP-3++0.N.-1.7-3.11-4W16	absoluta	NO MATCH	lemma/87018	Case#Abl|Degree#Pos|Gender#Fem|Number#Sing
005.SCG*LB4.CP-3++2.N.-9.12-4.15-2W1	oportet	NO MATCH	lemma/115098	Mood#Ind|Number#Sing|Person#3|Tense#Pres|VerbForm#Fin|Voice#Act
005.SCG*LB1.CP--++3.N.-6.7-1.9-5W5	excellentissimae	NO MATCH	lemma/101840	Case#Gen|Degree#Sup|Gender#Fem|Number#Sing|Tense#Pres|VerbForm#Part|Voice#Act
005.SCG*LB4.CP-5++2.N.-2.1-1.5-2W23	consequentes	NO MATCH	lemma/96035	Aspect#Imp|Case#Acc|Degree#Pos|Gender#Masc|Number#Plur|Tense#Pres|VerbForm#Part|Voice#Pass
005.SCG*LB4.CP-3++9.N.-1.14-4.18-8W25	oportet	NO MATCH	lemma/115098	Aspect#Imp|Mood#Sub|Number#Plur|Person#3|Tense#Imp|VerbForm#Fin|Voice#Act
005.SCG*LB4.CP-1++7.N.18.3-3.6-2W17	loquebatur	NO MATCH	lemma/110805	Aspect#Imp|Mood#Ind|Number#Sing|Person#3|Tense#Pres|VerbForm#Fin|Voice#Act
005.SCG*LB1.CP-1++2.N.-8.1-1.4-4W10	oportet	NO MATCH	lemma/115098	Mood#Sub|Number#Plur|Person#3|Tense#Pres|VerbForm#Fin|Voice#Act
005.SCG*LB3.CP-9++7.N.14.1-1.3-1W3	fit	NO MATCH	lemma/102758	Mood#Ind|Number#Sing|Person#3|Tense#Pres|VerbForm#Fin|Voice#Pass
005.SCG*LB4.CP-8++7.N.-1.1-1.8-3W8	consequens	NO MATCH	lemma/96035	Aspect#Imp|Case#Nom|Degree#Pos|Gender#Neut|Number#Sing|Tense#Pres|VerbForm#Part|Voice#Pass
005.SCG*LB3.CP-4++1.N.-2.18-4.21-5W3	consequens	NO MATCH	lemma/96035	Case#Acc|Degree#Pos|Gender#Neut|Number#Sing|Tense#Pres|VerbForm#Part|Voice#Pass
005.SCG*LB3.CP12++2.N.-9.1-1.10-1W3	oportet	NO MATCH	lemma/115098	Tense#Pres|VerbForm#Inf|Voice#Pass
005.SCG*LB4.CP-9++3.N.-5.9-1.11-1W7	fieri	NO MATCH	lemma/102758	Aspect#Imp|Tense#Pres|VerbForm#Inf|Voice#Pass
005.SCG*LB3.CP13++3.N.-1.15-4.17-4W1	oportet	NO MATCH	lemma/115098	Mood#Ind|Number#Sing|Person#3|Tense#Fut|VerbForm#Fin|Voice#Act
005.SCG*LB4.CP-5++7.N.-1.10-1.12-4W10	oportuit	NO MATCH	lemma/115098	Mood#Ind|Number#Sing|Person#3|Tense#Fut|VerbForm#Fin|Voice#Act
005.SCG*LB3.CP-5++5.N.-6.7-4.12-1W24	licet	NO MATCH	lemma/110432	Mood#Ind|Number#Sing|Person#3|Tense#Pres|VerbForm#Fin|Voice#Act
005.SCG*LB4.CP-1++0.N.-7.7-1.9-1W13	individuari	NO MATCH	lemma/59198	Mood#Ind|Number#Sing|Person#3|Tense#Pres|VerbForm#Fin|Voice#Pass
005.SCG*LB3.CP15++5.N.10.12-5.17-3W25	operandum	NO MATCH	lemma/115028	Aspect#Perf|Case#Abl|Degree#Pos|Gender#Fem|Number#Sing|Tense#Past|VerbForm#Part|Voice#Pass
005.SCG*LB2.CP-4++6.N.-2.6-2.8-6W11	oportet	NO MATCH	lemma/115098	Mood#Ind|Number#Sing|Person#3|Tense#Pres|VerbForm#Fin|Voice#Act
005.SCG*LB1.CP-4++2.N.-9.26-1.32-6W11	essendi	NO MATCH	lemma/126689	Case#Gen|Degree#Pos|Number#Sing|VerbForm#Ger|Voice#Act
005.SCG*LB4.CP-5++5.N.11.57-1.63-4W25	oportuit	NO MATCH	lemma/115098	Aspect#Perf|Tense#Past|VerbForm#Inf|Voice#Act
005.SCG*LB2.CP-5++6.N.-7.13-7.15-6W9	fieri	NO MATCH	lemma/102758	Tense#Pres|VerbForm#Inf|Voice#Pass
005.SCG*LB2.CP-8++4.N.-1.1-1.3-5W13	praeextitisse	NO MATCH	lemma/131401	Tense#Pres|VerbForm#Inf|Voice#Act
005.SCG*LB3.CP-7++8.N.-6.5-5.7-4W7	operantur	NO MATCH	lemma/115028	Mood#Sub|Number#Sing|Person#3|Tense#Pres|VerbForm#Fin|Voice#Act
005.SCG*LB2.CP-7++5.N.-2.27-2.28-6W3	consequens	NO MATCH	lemma/96035	Case#Acc|Degree#Pos|Gender#Neut|Number#Sing|Tense#Pres|VerbForm#Part|Voice#Pass
005.SCG*LB4.CP-1++1.N.17.1-1.5-3W25	oportet	NO MATCH	lemma/115098	Aspect#Imp|Mood#Sub|Number#Sing|Person#3|Tense#Pres|VerbForm#Fin|Voice#Pass
005.SCG*LB3.CP12++7.N.-4.9-1.14-5W27	contrariantibus	NO MATCH	lemma/96343	Case#Abl|Degree#Pos|Gender#Masc|Number#Plur|Tense#Pres|VerbForm#Part|Voice#Pass
005.SCG*LB4.CP-4++4.N.-2.7-1.10-2W12	oportuit	NO MATCH	lemma/115098	Mood#Sub|Number#Sing|Person#3|Tense#Pres|VerbForm#Fin|VerbType#Mod|Voice#Act
005.SCG*LB3.CP-1++2.N.-4.21-2.22-5W3	sequens	NO MATCH	lemma/124461	Case#Acc|Degree#Pos|Gender#Neut|Number#Sing|Tense#Pres|VerbForm#Part|Voice#Pass
005.SCG*LB2.CP--++6.N.-3.6-6.10-4W28	essendi	NO MATCH	lemma/126689	Case#Gen|Degree#Pos|Number#Sing|VerbForm#Ger|Voice#Act
005.SCG*LB2.CP-2++3.N.-4.5-7.9-2W15	oportet	NO MATCH	lemma/115098	Mood#Ind|Number#Sing|Person#3|Tense#Pres|VerbForm#Fin|Voice#Act
005.SCG*LB2.CP-3++6.N.-2.1-1.4-3W3	essendi	NO MATCH	lemma/126689	Case#Gen|Degree#Pos|Number#Sing|VerbForm#Ger|Voice#Act
005.SCG*LB2.CP-6++9.N.-6.10-3.13-7W23	essendo	NO MATCH	lemma/126689	Case#Abl|Degree#Pos|Number#Sing|VerbForm#Ger|Voice#Act
005.SCG*LB4.CP-8++2.N.-2.7-3.9-6W6	mortui	NO MATCH	lemma/112796	Mood#Ind|Number#Sing|Person#3|Tense#Pres|VerbForm#Fin|Voice#Act
005.SCG*LB2.CP-5++6.N.-7.18-5.21-5W12	fieri	NO MATCH	lemma/102758	Tense#Pres|VerbForm#Inf|Voice#Pass
005.SCG*LB2.CP-6++0.N.-9.1-2.3-5W13	largitur	NO MATCH	lemma/109940	Mood#Ind|Number#Sing|Person#3|Tense#Pres|VerbForm#Fin|Voice#Act
005.SCG*LB4.CP--++5.N.-1.13-5.17-3W1	puta	NO MATCH	lemma/120610	VerbForm#Fin
005.SCG*LB4.CP-8++1.N.-7.15-5.18-5W9	sequentes	NO MATCH	lemma/124461	Aspect#Imp|Case#Nom|Degree#Pos|Gender#Fem|Number#Plur|Tense#Pres|VerbForm#Part|Voice#Pass
005.SCG*LB2.CP-3++7.N.-2.21-1.26-6W23	fieri	NO MATCH	lemma/102758	Tense#Pres|VerbForm#Inf|Voice#Pass
005.SCG*LB1.CP-9++3.N.-2.1-1.7-3W9	sortiatur	NO MATCH	lemma/125211	Aspect#Imp|Mood#Sub|Number#Sing|Person#3|Tense#Imp|VerbForm#Fin|Voice#Act
005.SCG*LB3.CP15++5.N.-5.6-7.8-3W2	oportet	NO MATCH	lemma/115098	Mood#Ind|Number#Sing|Person#3|Tense#Pres|VerbForm#Fin|Voice#Pass
005.SCG*LB1.CP-6++5.N.-5.3-2.6-5W8	oportet	NO MATCH	lemma/115098	Mood#Ind|Number#Sing|Person#3|Tense#Pres|VerbForm#Fin|VerbType#Mod|Voice#Act
005.SCG*LB3.CP-6++5.N.-2.5-4.11-5W20	operantur	NO MATCH	lemma/115028	Tense#Pres|VerbForm#Inf|Voice#Pass
005.SCG*LB4.CP-5++0.N.-3.21-4.23-3W7	moriuntur	NO MATCH	lemma/112796	Tense#Pres|VerbForm#Inf|Voice#Pass
005.SCG*LB4.CP-2++1.N.-2.7-2.9-4W19	imitatur	NO MATCH	lemma/106364	Mood#Ind|Number#Plur|Person#3|Tense#Pres|VerbForm#Fin|Voice#Act
005.SCG*LB2.CP-7++5.N.-3.5-1.9-3W13	oportet	NO MATCH	lemma/115098	Mood#Sub|Number#Sing|Person#3|Tense#Pres|VerbForm#Fin|Voice#Act
005.SCG*LB2.CP-7++7.N.-2.21-6.23-3W4	fit	NO MATCH	lemma/102758	Mood#Ind|Number#Sing|Person#3|Tense#Pres|VerbForm#Fin|Voice#Pass
005.SCG*LB1.CP-9++3.N.-7.22-3.23-1W4	affluenter	NO MATCH	lemma/88030	Degree#Pos
005.SCG*LB4.CP-1++4.N.-8.6-2.12-1W7	diligenter	NO MATCH	lemma/99463	Degree#Pos
005.SCG*LB3.CP-9++4.N.-3.6-3.8-4W5	consequens	NO MATCH	lemma/96035	Case#Acc|Degree#Pos|Gender#Neut|Number#Sing|Tense#Pres|VerbForm#Part|Voice#Pass
005.SCG*LB2.CP-7++3.N.15.4-3.7-1W19	consequens	NO MATCH	lemma/96035	Case#Nom|Degree#Pos|Gender#Fem|Number#Sing|Tense#Pres|VerbForm#Part|Voice#Pass
005.SCG*LB1.CP-1++3.N.-7.16-2.18-1W2	oportet	NO MATCH	lemma/115098	Aspect#Perf|Case#Acc|Degree#Pos|Gender#Fem|Number#Sing|Tense#Past|VerbForm#Part|Voice#Pass
005.SCG*LB3.CP--++3.N.-7.3-2.7-4W6	licet	NO MATCH	lemma/110432	Aspect#Imp|Mood#Sub|Number#Sing|Person#3|Tense#Imp|VerbForm#Fin|Voice#Act
005.SCG*LB2.CP-3++1.N.-2.41-3.46-2W17	necesse-esse	NO MATCH	lemma/126689	Tense#Pres|VerbForm#Inf|Voice#Act
005.SCG*LB3.CP-9++9.N.-2.25-1.27-2W3	operatur	NO MATCH	lemma/115028	Mood#Ind|Number#Sing|Person#3|Tense#Pres|VerbForm#Fin|Voice#Pass
005.SCG*LB4.CP-5++0.N.-1.4-2.6-2W1	consequens	NO MATCH	lemma/96035	Aspect#Imp|Case#Nom|Degree#Pos|Gender#Neut|Number#Sing|Tense#Pres|VerbForm#Part|Voice#Pass
005.SCG*LB2.CP-2++0.N.-4.1-2.8-6W5	oporteat	NO MATCH	lemma/115098	Aspect#Perf|Case#Abl|Degree#Pos|Gender#Fem|Number#Sing|Tense#Past|VerbForm#Part|Voice#Pass
005.SCG*LB3.CP-8++0.N.18.3-1.6-4W5	constituens	NO MATCH	lemma/96146	Case#Acc|Degree#Pos|Gender#Masc|Number#Sing|Tense#Pres|VerbForm#Part|Voice#Act
005.SCG*LB4.CP-3++5.N.-7.4-6.7-1W16	fit	NO MATCH	lemma/102758	Aspect#Imp|Mood#Ind|Number#Sing|Person#3|Tense#Pres|VerbForm#Fin|Voice#Pass
005.SCG*LB2.CP-9++1.N.-3.1-2.3-1W8	oportet	NO MATCH	lemma/115098	Mood#Ind|Number#Plur|Person#3|Tense#Pres|VerbForm#Fin|Voice#Act
005.SCG*LB2.CP-8++0.N.-4.8-7.12-2W22	mortuorum	NO MATCH	lemma/112796	Mood#Ind|Number#Sing|Person#3|Tense#Pres|VerbForm#Fin|Voice#Pass
005.SCG*LB4.CP-8++0.N.-6.1-2.4-4W8	vesci	NO MATCH	lemma/129985	Mood#Ind|Number#Sing|Person#3|Tense#Pres|VerbForm#Fin|Voice#Pass
005.SCG*LB4.CP-3++4.N.-2.56-1.59-3W31	converso	NO MATCH	lemma/96446	Case#Abl|Gender#Neut|Number#Sing
005.SCG*LB2.CP-9++4.N.-3.3-2.4-4W6	essendi	NO MATCH	lemma/126689	Case#Gen|Degree#Pos|Number#Sing|VerbForm#Ger|Voice#Act
005.SCG*LB3.CP-1++0.N.-2.1-1.5-1W21	oportet	NO MATCH	lemma/115098	Mood#Ind|Number#Plur|Person#3|Tense#Pres|VerbForm#Fin|VerbType#Mod|Voice#Act
005.SCG*LB4.CP-5++5.N.-4.1-1.4-5W4	licet	NO MATCH	lemma/110432	Mood#Sub|Number#Sing|Person#3|Tense#Pres|VerbForm#Fin|Voice#Act
005.SCG*LB3.CP13++6.N.16.1-1.4-4W7	licet	NO MATCH	lemma/110432	Mood#Ind|Number#Plur|Person#3|Tense#Pres|VerbForm#Fin|Voice#Pass
005.SCG*LB3.CP--++5.N.13.1-1.4-7W21	licet	NO MATCH	lemma/110432	Aspect#Imp|Mood#Sub|Number#Sing|Person#3|Tense#Imp|VerbForm#Fin|Voice#Act
005.SCG*LB4.CP-6++7.N.-2.11-4.13-1W11	commensuratur	NO MATCH	lemma/131464	Mood#Ind|Number#Sing|Person#3|Tense#Pres|VerbForm#Fin|Voice#Act
005.SCG*LB3.CP13++5.N.13.15-2.15-7W4	operari	NO MATCH	lemma/115028	Mood#Sub|Number#Sing|Person#3|Tense#Pres|VerbForm#Fin|Voice#Act
005.SCG*LB3.CP11++7.N.-6.4-3.10-2W19	puta	NO MATCH	lemma/120610	
005.SCG*LB3.CP13++8.N.-5.5-4.10-5W25	fornicetur	NO MATCH	lemma/103676	Mood#Ind|Number#Sing|Person#3|Tense#Pres|VerbForm#Fin|Voice#Pass
005.SCG*LB4.CP-7++9.N.-4.12-2.13-4W8	mortuorum	NO MATCH	lemma/112796	Tense#Pres|VerbForm#Inf|Voice#Act
005.SCG*LB2.CP-8++9.N.18.3-1.6-3W15	converso	NO MATCH	lemma/96446	Case#Abl|Degree#Pos|Gender#Neut|Number#Sing
005.SCG*LB2.CP-2++5.N.24.4-4.8-3W23	praesupposita	NO MATCH	lemma/131408	Mood#Ind|Number#Sing|Person#3|Tense#Pres|VerbForm#Fin|Voice#Act
005.SCG*LB3.CP-9++5.N.20.38-6.42-7W8	fiant	NO MATCH	lemma/102758	Mood#Sub|Number#Plur|Person#3|Tense#Pres|VerbForm#Fin|Voice#Pass
005.SCG*LB3.CP15++6.N.-5.3-1.5-5W12	reacquiri	NO MATCH	lemma/131420	Mood#Sub|Number#Plur|Person#3|Tense#Pres|VerbForm#Fin|Voice#Pass
005.SCG*LB3.CP12++0.N.-1.5-1.10-3W5	opinarentur	NO MATCH	lemma/115070	Mood#Sub|Number#Plur|Person#3|Tense#Pres|VerbForm#Fin|Voice#Pass
005.SCG*LB4.CP--++4.N.13.5-8.10-4W28	abundantiori	NO MATCH	lemma/87053	Aspect#Imp|Case#Abl|Degree#Cmp|Gender#Fem|Number#Sing|Tense#Pres|VerbForm#Part|Voice#Act
005.SCG*LB1.CP-8++0.N.-5.6-3.8-1W7	necesse-esse	NO MATCH	lemma/126689	Tense#Pres|VerbForm#Inf|Voice#Act
005.SCG*LB4.CP-2++9.N.-8.8-2.9-4W8	locutus	NO MATCH	lemma/110805	Tense#Pres|VerbForm#Inf|Voice#Pass
005.SCG*LB2.CP-7++9.N.13.8-4.10-4W15	perscrutandum	NO MATCH	lemma/117285	Mood#Ind|Number#Plur|Person#3|Tense#Pres|VerbForm#Fin|Voice#Pass
005.SCG*LB4.CP-9++6.N.-4.8-2.9-4W11	imitantur	NO MATCH	lemma/106364	Mood#Ind|Number#Sing|Person#3|Tense#Pres|VerbForm#Fin|Voice#Act
005.SCG*LB1.CP-1++5.N.-6.11-1.12-6W14	incoepit	NO MATCH	lemma/106965	Aspect#Perf|Mood#Ind|Number#Sing|Person#3|Tense#Past|VerbForm#Fin|Voice#Act
005.SCG*LB1.CP-9++3.N.12.1-1.4-2W3	oportet	NO MATCH	lemma/115098	Mood#Ind|Number#Sing|Person#3|Tense#Pres|VerbForm#Fin|VerbType#Mod|Voice#Act
005.SCG*LB3.CP13++2.N.23.9-1.12-2W25	aemulentur	NO MATCH	lemma/87803	Mood#Ind|Number#Plur|Person#3|Tense#Pres|VerbForm#Fin|Voice#Act
005.SCG*LB1.CP-2++6.N.-3.3-5.9-4W8	oportet	NO MATCH	lemma/115098	Mood#Ind|Number#Sing|Person#3|Tense#Pres|VerbForm#Fin|VerbType#Mod|Voice#Act
005.SCG*LB3.CP--++2.N.-4.8-1.10-4W15	fieri	NO MATCH	lemma/102758	Tense#Pres|VerbForm#Inf|Voice#Pass
005.SCG*LB3.CP13++2.N.26.1-1.4-3W12	loqui	NO MATCH	lemma/110805	Mood#Ind|Number#Sing|Person#3|Tense#Pres|VerbForm#Fin|Voice#Act
005.SCG*LB1.CP-4++2.N.-4.1-2.3-1W11	fieri	NO MATCH	lemma/102758	Tense#Pres|VerbForm#Inf|Voice#Pass
005.SCG*LB4.CP--++5.N.12.15-2.16-4W7	protestatur	NO MATCH	lemma/120147	Mood#Ind|Number#Plur|Person#3|Tense#Pres|VerbForm#Fin|Voice#Act
005.SCG*LB2.CP-6++2.N.11.7-2.8-5W1	oportet	NO MATCH	lemma/115098	Case#Nom|Degree#Pos|Gender#Masc|Number#Sing|Tense#Pres|VerbForm#Part|Voice#Act
005.SCG*LB4.CP-1++2.N.-5.1-1.7-7W4	licet	NO MATCH	lemma/110432	Aspect#Imp|Mood#Ind|Number#Plur|Person#3|Tense#Fut|VerbForm#Fin|Voice#Pass
005.SCG*LB3.CP15++4.N.-7.15-1.19-3W7	oportuit	NO MATCH	lemma/115098	Case#Acc|Degree#Pos|Number#Sing|VerbForm#Ger|Voice#Act
005.SCG*LB3.CP-6++7.N.-7.7-1.10-6W17	operatur	NO MATCH	lemma/115028	Mood#Sub|Number#Plur|Person#3|Tense#Pres|VerbForm#Fin|Voice#Pass
005.SCG*LB3.CP-2++4.N.-6.1-1.5-3W3	fit	NO MATCH	lemma/102758	Mood#Ind|Number#Sing|Person#3|Tense#Pres|VerbForm#Fin|Voice#Pass
005.SCG*LB2.CP-7++5.N.10.16-2.18-5W8	fit	NO MATCH	lemma/102758	Mood#Ind|Number#Sing|Person#3|Tense#Pres|VerbForm#Fin|Voice#Pass
005.SCG*LB3.CP12++0.N.-4.8-7.12-5W27	separatim	NO MATCH	lemma/124369	Degree#Pos
005.SCG*LB4.CP-1++9.N.-6.8-1.8-7W2	oportet	NO MATCH	lemma/115098	Mood#Ind|Number#Sing|Person#3|Tense#Pres|VerbForm#Fin|Voice#Act
005.SCG*LB4.CP-5++5.N.-6.47-1.52-1W18	convenienter	NO MATCH	lemma/96424	Degree#Pos
005.SCG*LB2.CP-4++3.N.-6.10-2.13-2W13	fieri	NO MATCH	lemma/102758	Tense#Pres|VerbForm#Inf|Voice#Pass
005.SCG*LB4.CP-3++5.N.-7.1-1.4-5W1	fit	NO MATCH	lemma/102758	Aspect#Imp|Mood#Ind|Number#Sing|Person#3|Tense#Pres|VerbForm#Fin|Voice#Pass
005.SCG*LB4.CP-8++3.N.-5.7-3.10-1W6	mortuorum	NO MATCH	lemma/112796	Aspect#Imp|Mood#Sub|Number#Sing|Person#3|Tense#Imp|VerbForm#Fin|Voice#Act
005.SCG*LB3.CP10++4.N.-6.1-2.2-5W5	fit	NO MATCH	lemma/102758	Mood#Ind|Number#Sing|Person#3|Tense#Pres|VerbForm#Fin|Voice#Pass
005.SCG*LB2.CP-3++1.N.-2.11-2.14-8W9	necesse-esse	NO MATCH	lemma/126689	Tense#Pres|VerbForm#Inf|Voice#Act
005.SCG*LB4.CP--++8.N.-9.75-3.78-4W5	loquendi	NO MATCH	lemma/110805	Aspect#Perf|Case#Abl|Degree#Pos|Gender#Neut|Number#Plur|Tense#Past|VerbForm#Part|Voice#Pass
005.SCG*LB3.CP13++2.N.15.5-1.9-4W17	puta	NO MATCH	lemma/120610	
005.SCG*LB2.CP-8++5.N.-4.1-2.3-2W5	fit	NO MATCH	lemma/102758	Mood#Ind|Number#Sing|Person#3|Tense#Pres|VerbForm#Fin|Voice#Pass
005.SCG*LB4.CP-2++3.N.-5.11-2.13-3W16	inhabitans	NO MATCH	lemma/107838	Aspect#Imp|Case#Acc|Degree#Pos|Gender#Masc|Number#Sing|Tense#Pres|VerbForm#Part|Voice#Act
005.SCG*LB3.CP-4++3.N.-4.9-2.12-7W22	fieri	NO MATCH	lemma/102758	Tense#Pres|VerbForm#Inf|Voice#Pass
005.SCG*LB4.CP-3++5.N.11.12-2.14-5W14	loquimur	NO MATCH	lemma/110805	Aspect#Perf|Mood#Ind|Number#Sing|Person#3|Tense#Past|VerbForm#Fin|Voice#Act
005.SCG*LB2.CP-3++2.N.-7.5-1.6-3W8	fit	NO MATCH	lemma/102758	Mood#Ind|Number#Sing|Person#3|Tense#Pres|VerbForm#Fin|Voice#Pass
005.SCG*LB3.CP-9++4.N.13.6-2.7-5W10	contingenter	NO MATCH	lemma/96293	Degree#Pos
005.SCG*LB3.CP15++3.N.-1.1-1.3-3W7	oportet	NO MATCH	lemma/115098	Mood#Ind|Number#Sing|Person#3|Tense#Fut|VerbForm#Fin|Voice#Act
005.SCG*LB2.CP-8++2.N.12.16-1.19-2W5	patiuntur	NO MATCH	lemma/116222	Mood#Ind|Number#Sing|Person#3|Tense#Pres|VerbForm#Fin|Voice#Pass
005.SCG*LB3.CP-4++3.N.-2.33-1.36-4W1	oportet	NO MATCH	lemma/115098	Tense#Pres|VerbForm#Inf|Voice#Act
005.SCG*LB4.CP-4++0.N.-7.2-7.4-5W8	individuatur	NO MATCH	lemma/59198	Mood#Ind|Number#Sing|Person#3|Tense#Pres|VerbForm#Fin|Voice#Act
005.SCG*LB2.CP-7++6.N.-9.3-2.10-1W36	fiant	NO MATCH	lemma/102758	Mood#Sub|Number#Plur|Person#3|Tense#Pres|VerbForm#Fin|Voice#Pass
005.SCG*LB3.CP-2++0.N.-6.15-5.25-2W6	licet	NO MATCH	lemma/110432	Aspect#Imp|Mood#Sub|Number#Sing|Person#3|Tense#Pres|VerbForm#Fin|Voice#Act
005.SCG*LB4.CP-1++1.N.11.24-5.29-5W2	oportet	NO MATCH	lemma/115098	Aspect#Imp|Mood#Sub|Number#Sing|Person#3|Tense#Pres|VerbForm#Fin|Voice#Act
005.SCG*LB4.CP-1++1.N.18.32-1.37-5W13	oportet	NO MATCH	lemma/115098	Mood#Ind|Number#Sing|Person#3|Tense#Pres|VerbForm#Fin|Voice#Act
005.SCG*LB3.CP-7++6.N.-7.10-1.17-2W32	oporteret	NO MATCH	lemma/115098	Mood#Ind|Number#Plur|Person#3|Tense#Pres|VerbForm#Fin|Voice#Act
005.SCG*LB4.CP-1++7.N.23.12-5.16-2W7	operari	NO MATCH	lemma/115028	Mood#Ind|Number#Sing|Person#3|Tense#Pres|VerbForm#Fin|Voice#Act
005.SCG*LB4.CP-7++2.N.-6.1-1.8-6W17	operatur	NO MATCH	lemma/115028	Mood#Ind|Number#Sing|Person#3|Tense#Fut|VerbForm#Fin|Voice#Act
005.SCG*LB2.CP-4++3.N.-2.3-5.5-2W9	oportet	NO MATCH	lemma/115098	Mood#Ind|Number#Sing|Person#3|Tense#Pres|VerbForm#Fin|Voice#Pass
005.SCG*LB2.CP-7++5.N.10.21-3.24-2W4	individuantur	NO MATCH	lemma/59198	Aspect#Imp|Mood#Ind|Number#Plur|Person#3|Tense#Pres|VerbForm#Fin|Voice#Act
005.SCG*LB3.CP-9++4.N.-3.8-5.9-5W3	consequens	NO MATCH	lemma/96035	Case#Nom|Degree#Pos|Gender#Neut|Number#Sing|Tense#Pres|VerbForm#Part|Voice#Pass
005.SCG*LB2.CP-3++4.N.-2.24-1.25-3W2	oportet	NO MATCH	lemma/115098	Aspect#Perf|Case#Nom|Degree#Pos|Gender#Neut|Number#Sing|Tense#Past|VerbForm#Part|Voice#Pass
005.SCG*LB4.CP-4++1.N.11.4-5.6-5W7	fieret	NO MATCH	lemma/102758	Aspect#Imp|Mood#Sub|Number#Sing|Person#3|Tense#Imp|VerbForm#Fin|Voice#Pass
005.SCG*LB2.CP-7++3.N.29.6-5.10-7W11	fit	NO MATCH	lemma/102758	Mood#Ind|Number#Sing|Person#3|Tense#Pres|VerbForm#Fin|Voice#Pass
005.SCG*LB3.CP13++2.N.16.5-1.7-3W13	sectantes	NO MATCH	lemma/123964	Mood#Sub|Number#Sing|Person#3|Tense#Pres|VerbForm#Fin|Voice#Act
005.SCG*LB3.CP-5++5.N.-4.5-6.8-3W3	fiat	NO MATCH	lemma/102758	Mood#Sub|Number#Sing|Person#3|Tense#Pres|VerbForm#Fin|Voice#Pass
005.SCG*LB4.CP-1++9.N.12.1-1.5-3W19	convenienter	NO MATCH	lemma/96424	Degree#Pos
005.SCG*LB4.CP-1++1.N.-3.14-1.18-1W11	licet	NO MATCH	lemma/110432	Mood#Ind|Number#Sing|Person#3|Tense#Pres|VerbForm#Fin|Voice#Act
005.SCG*LB3.CP-9++4.N.-7.1-1.6-3W19	fiat	NO MATCH	lemma/102758	Mood#Sub|Number#Sing|Person#3|Tense#Pres|VerbForm#Fin|Voice#Pass
005.SCG*LB3.CP13++6.N.-7.10-4.12-3W5	expresse	NO MATCH	lemma/102229	Degree#Pos
005.SCG*LB2.CP-4++7.N.-4.46-4.48-4W7	operandum	NO MATCH	lemma/115028	Degree#Pos
005.SCG*LB1.CP-1++3.N.-7.6-1.9-6W23	oportet	NO MATCH	lemma/115098	Mood#Ind|Number#Sing|Person#3|Tense#Pres|VerbForm#Fin|Voice#Act
005.SCG*LB4.CP-6++6.N.-7.10-1.11-2W9	fiunt	NO MATCH	lemma/102758	Aspect#Imp|Mood#Ind|Number#Plur|Person#3|Tense#Pres|VerbForm#Fin|Voice#Pass
005.SCG*LB4.CP-9++6.N.-4.1-1.6-2W1	licet	NO MATCH	lemma/110432	Mood#Ind|Number#Sing|Person#3|Tense#Pres|VerbForm#Fin|Voice#Act
005.SCG*LB2.CP-2++3.N.11.4-4.5-3W2	operatur	NO MATCH	lemma/115028	Mood#Ind|Number#Sing|Person#3|Tense#Pres|VerbForm#Fin|Voice#Act
005.SCG*LB4.CP-5++5.N.-6.47-1.52-1W16	praesupponens	NO MATCH	lemma/131408	Mood#Ind|Number#Sing|Person#3|Tense#Pres|VerbForm#Fin|Voice#Act
005.SCG*LB3.CP15++4.N.11.19-3.23-5W4	praeexistentibus	NO MATCH	lemma/131401	Tense#Pres|VerbForm#Inf|Voice#Act
005.SCG*LB4.CP-5++4.N.-2.18-1.20-3W3	convenientissimum	NO MATCH	lemma/96424	Aspect#Imp|Case#Nom|Degree#Sup|Gender#Neut|Number#Sing|Tense#Pres|VerbForm#Part|Voice#Act
005.SCG*LB2.CP-2++0.N.-6.1-2.3-3W9	oportet	NO MATCH	lemma/115098	Mood#Ind|Number#Sing|Person#3|Tense#Fut|VerbForm#Fin|VerbType#Mod|Voice#Act
005.SCG*LB2.CP-8++7.N.-3.14-3.17-2W15	fiunt	NO MATCH	lemma/102758	Mood#Ind|Number#Plur|Person#3|Tense#Pres|VerbForm#Fin|Voice#Pass
005.SCG*LB2.CP-6++8.N.-9.1-1.7-5W33	sortiuntur	NO MATCH	lemma/125211	Aspect#Imp|Tense#Pres|VerbForm#Inf|Voice#Act
005.SCG*LB2.CP-4++0.N.-4.1-2.3-5W14	praeexistente	NO MATCH	lemma/131401	Aspect#Perf|Case#Nom|Degree#Pos|Gender#Neut|Number#Sing|Tense#Past|VerbForm#Part|Voice#Pass
005.SCG*LB4.CP-1++2.N.-1.1-1.6-4W15	consequens	NO MATCH	lemma/96035	Aspect#Imp|Case#Nom|Degree#Pos|Gender#Neut|Number#Sing|Tense#Pres|VerbForm#Part|Voice#Pass
005.SCG*LB4.CP--++5.N.-5.14-1.17-4W26	praeexistenti	NO MATCH	lemma/131401	Mood#Sub|Number#Sing|Person#3|Tense#Pres|VerbForm#Fin|Voice#Act
005.SCG*LB2.CP-1++7.N.-5.9-5.11-3W14	fit	NO MATCH	lemma/102758	Mood#Ind|Number#Sing|Person#3|Tense#Pres|VerbForm#Fin|Voice#Pass
005.SCG*LB2.CP--++2.N.-3.1-1.4-3W14	consequens	NO MATCH	lemma/96035	Case#Acc|Degree#Pos|Gender#Neut|Number#Sing|Tense#Pres|VerbForm#Part|Voice#Pass
005.SCG*LB1.CP-7++7.N.-2.2-1.5-4W3	volita	NO MATCH	lemma/130745	Aspect#Perf|Case#Nom|Degree#Pos|Gender#Neut|Number#Plur|Tense#Past|VerbForm#Part|VerbType#Mod|Voice#Pass
005.SCG*LB4.CP-8++2.N.-5.1-2.3-5W5	moriantur	NO MATCH	lemma/112796	Mood#Ind|Number#Sing|Person#3|Tense#Pres|VerbForm#Fin|Voice#Act
005.SCG*LB2.CP-8++3.N.31.1-2.5-1W4	praeextiterunt	NO MATCH	lemma/131401	Tense#Pres|VerbForm#Inf|Voice#Act
005.SCG*LB2.CP-5++9.N.11.1-2.4-4W22	operato	NO MATCH	lemma/115028	Tense#Pres|VerbForm#Inf|Voice#Act
005.SCG*LB4.CP-3++4.N.-2.74-1.77-6W28	mortuus	NO MATCH	lemma/112796	Case#Gen|Degree#Pos|Gender#Neut|Number#Sing|Tense#Pres|VerbForm#Part|Voice#Act
005.SCG*LB4.CP-3++8.N.-8.8-4.10-4W1	separatim	NO MATCH	lemma/124369	Degree#Pos
005.SCG*LB4.CP-9++1.N.-4.6-4.8-3W6	convenienter	NO MATCH	lemma/96424	Degree#Pos
005.SCG*LB3.CP-9++9.N.--.1-1.3-4W4	operari	NO MATCH	lemma/115028	Mood#Sub|Number#Sing|Person#3|Tense#Pres|VerbForm#Fin|Voice#Pass
005.SCG*LB3.CP-4++2.N.-4.20-4.24-1W4	licet	NO MATCH	lemma/110432	Mood#Ind|Number#Sing|Person#3|Tense#Pres|VerbForm#Fin|Voice#Act
005.SCG*LB3.CP-6++0.N.-1.1-1.9-4W28	oportet	NO MATCH	lemma/115098	Mood#Sub|Number#Sing|Person#3|Tense#Pres|VerbForm#Fin|Voice#Act
005.SCG*LB3.CP10++4.N.-8.1-1.4-1W7	sortitur	NO MATCH	lemma/125211	Tense#Pres|VerbForm#Inf|Voice#Act
005.SCG*LB3.CP-6++3.N.-3.9-2.11-5W6	operando	NO MATCH	lemma/115028	Aspect#Imp|Mood#Ind|Number#Sing|Person#3|Tense#Pres|VerbForm#Fin|Voice#Act
005.SCG*LB3.CP-2++3.N.-4.9-5.12-3W9	oportet	NO MATCH	lemma/115098	Mood#Ind|Number#Sing|Person#3|Tense#Pres|VerbForm#Fin|Voice#Act
005.SCG*LB2.CP-8++9.N.-7.12-4.17-5W4	fit	NO MATCH	lemma/102758	Mood#Ind|Number#Sing|Person#3|Tense#Pres|VerbForm#Fin|Voice#Pass
005.SCG*LB4.CP-1++6.N.12.1-2.4-2W14	oportet	NO MATCH	lemma/115098	Mood#Ind|Number#Sing|Person#3|Tense#Pres|VerbForm#Fin|Voice#Act
005.SCG*LB2.CP-7++3.N.-6.1-1.5-3W24	licet	NO MATCH	lemma/110432	Mood#Ind|Number#Sing|Person#3|Tense#Pres|VerbForm#Fin|Voice#Act
005.SCG*LB1.CP-4++2.N.-9.33-1.36-4W5	oportet	NO MATCH	lemma/115098	Aspect#Perf|Case#Nom|Degree#Pos|Gender#Masc|Number#Sing|Tense#Past|VerbForm#Part|Voice#Pass
005.SCG*LB3.CP13++5.N.17.8-6.14-3W32	fiant	NO MATCH	lemma/102758	Mood#Sub|Number#Plur|Person#3|Tense#Pres|VerbForm#Fin|Voice#Pass
005.SCG*LB2.CP-9++8.N.12.9-5.12-2W8	oportet	NO MATCH	lemma/115098	Aspect#Perf|Case#Nom|Degree#Pos|Gender#Neut|Number#Sing|Tense#Past|VerbForm#Part|Voice#Pass
005.SCG*LB3.CP15++3.N.-2.27-1.30-1W22	praediligatur	NO MATCH	lemma/72990	Aspect#Perf|Case#Abl|Degree#Pos|Gender#Fem|Number#Sing|Tense#Past|VerbForm#Part|Voice#Pass
005.SCG*LB4.CP-7++1.N.-8.16-5.17-4W3	fornicata	NO MATCH	lemma/103676	Mood#Ind|Number#Sing|Person#3|Tense#Pres|VerbForm#Fin|Voice#Act
005.SCG*LB4.CP-1++3.N.-7.1-1.3-5W8	operatur	NO MATCH	lemma/115028	Mood#Ind|Number#Sing|Person#3|Tense#Pres|VerbForm#Fin|Voice#Pass
005.SCG*LB2.CP-2++8.N.15.1-1.4-9W9	licet	NO MATCH	lemma/110432	Mood#Ind|Number#Sing|Person#3|Tense#Fut|VerbForm#Fin|Voice#Pass
005.SCG*LB1.CP-2++8.N.-7.13-2.16-9W15	eminentius	NO MATCH	lemma/100978	Degree#Cmp
005.SCG*LB3.CP15++7.N.-3.6-2.8-7W15	fit	NO MATCH	lemma/102758	Mood#Ind|Number#Sing|Person#3|Tense#Pres|VerbForm#Fin|Voice#Pass
005.SCG*LB1.CP-1++3.N.10.13-1.14-5W4	loquendi	NO MATCH	lemma/110805	Mood#Ind|Number#Sing|Person#3|Tense#Pres|VerbForm#Fin|Voice#Pass
005.SCG*LB3.CP10++4.N.-3.2-5.4-5W11	ratiocinantes	NO MATCH	lemma/122358	Case#Nom|Degree#Pos|Gender#Masc|Number#Plur|Tense#Pres|VerbForm#Part|Voice#Pass
005.SCG*LB4.CP-7++9.N.-3.3-3.5-4W11	operantur	NO MATCH	lemma/115028	Mood#Ind|Number#Sing|Person#3|Tense#Pres|VerbForm#Fin|Voice#Act
005.SCG*LB4.CP-8++2.N.-2.1-1.3-1W3	moriendi	NO MATCH	lemma/112796	Case#Abl|Degree#Pos|Gender#Neut|Number#Plur|Tense#Pres|VerbForm#Part|Voice#Act
005.SCG*LB2.CP-6++0.N.-1.14-2.22-5W23	fiunt	NO MATCH	lemma/102758	Mood#Ind|Number#Plur|Person#3|Tense#Pres|VerbForm#Fin|Voice#Pass
005.SCG*LB2.CP--++6.N.-4.10-1.11-4W12	essendi	NO MATCH	lemma/126689	Case#Gen|Degree#Pos|Number#Sing|VerbForm#Ger|Voice#Act
005.SCG*LB3.CP13++5.N.21.3-1.5-1W8	fieret	NO MATCH	lemma/102758	Aspect#Imp|Mood#Sub|Number#Sing|Person#3|Tense#Imp|VerbForm#Fin|Voice#Pass
005.SCG*LB2.CP10++0.N.-3.3-1.4-6W4	operatur	NO MATCH	lemma/115028	Tense#Pres|VerbForm#Inf|Voice#Pass
005.SCG*LB3.CP-3++0.N.-6.3-5.5-1W1	oportet	NO MATCH	lemma/115098	Tense#Pres|VerbForm#Inf|Voice#Pass
005.SCG*LB2.CP-4++6.N.-5.5-3.9-7W12	essendi	NO MATCH	lemma/126689	Case#Gen|Degree#Pos|Number#Sing|VerbForm#Ger|Voice#Act
005.SCG*LB1.CP-2++1.N.-6.3-4.4-6W10	puta	NO MATCH	lemma/120610	
005.SCG*LB3.CP-6++2.N.-6.7-6.9-6W16	loquamur	NO MATCH	lemma/110805	Tense#Pres|VerbForm#Inf|Voice#Act
005.SCG*LB3.CP10++4.N.-5.15-5.22-2W19	fiat	NO MATCH	lemma/102758	Mood#Sub|Number#Sing|Person#3|Tense#Pres|VerbForm#Fin|Voice#Pass
005.SCG*LB4.CP-7++1.N.-5.7-2.10-7W12	sanctificati	NO MATCH	lemma/123318	Aspect#Perf|Case#Nom|Degree#Pos|Gender#Masc|Number#Plur|Tense#Past|VerbForm#Part|Voice#Pass
005.SCG*LB2.CP-7++7.N.-3.10-3.17-2W38	individuantibus	NO MATCH	lemma/59198	Mood#Ind|Number#Sing|Person#3|Tense#Pres|VerbForm#Fin|Voice#Act
005.SCG*LB4.CP-5++5.N.13.51-6.55-4W23	experiuntur	NO MATCH	lemma/102164	Aspect#Imp|Mood#Ind|Number#Plur|Person#3|Tense#Pres|VerbForm#Fin|Voice#Pass
005.SCG*LB2.CP-7++6.N.18.11-2.14-5W1	oportet	NO MATCH	lemma/115098	Mood#Sub|Number#Sing|Person#3|Tense#Pres|VerbForm#Fin|Voice#Pass
005.SCG*LB1.CP-9++2.N.-8.4-2.6-4W12	sortiuntur	NO MATCH	lemma/125211	Mood#Sub|Number#Sing|Person#3|Tense#Pres|VerbForm#Fin|Voice#Pass
005.SCG*LB1.CP-1++3.N.19.22-1.25-3W6	fiat	NO MATCH	lemma/102758	Mood#Sub|Number#Sing|Person#3|Tense#Pres|VerbForm#Fin|Voice#Pass
005.SCG*LB3.CP15++2.N.-4.7-3.9-4W6	calefit	NO MATCH	lemma/92350	Mood#Ind|Number#Sing|Person#3|Tense#Pres|VerbForm#Fin|Voice#Pass
005.SCG*LB3.CP13++1.N.-5.9-1.10-4W7	abiicere	NO MATCH	lemma/86884	Tense#Pres|VerbForm#Inf|Voice#Act
005.SCG*LB4.CP-4++0.N.12.1-2.4-4W12	oportet	NO MATCH	lemma/115098	Aspect#Perf|Case#Nom|Degree#Pos|Gender#Neut|Number#Sing|Tense#Past|VerbForm#Part|Voice#Pass
005.SCG*LB2.CP-5++3.N.-5.1-2.2-6W6	fit	NO MATCH	lemma/102758	Mood#Ind|Number#Sing|Person#3|Tense#Pres|VerbForm#Fin|Voice#Pass
005.SCG*LB2.CP-1++5.N.-1.1-1.4-5W9	essendi	NO MATCH	lemma/126689	Case#Gen|Degree#Pos|Number#Sing|VerbForm#Ger|Voice#Act
005.SCG*LB3.CP--++2.N.-4.1-2.4-2W8	oportet	NO MATCH	lemma/115098	Aspect#Perf|Mood#Sub|Number#Sing|Person#3|Tense#Past|VerbForm#Fin|Voice#Act
005.SCG*LB2.CP-9++8.N.-2.9-4.10-7W11	fit	NO MATCH	lemma/102758	Mood#Ind|Number#Sing|Person#3|Tense#Pres|VerbForm#Fin|Voice#Pass
005.SCG*LB4.CP-1++1.N.13.21-5.23-3W1	oportet	NO MATCH	lemma/115098	Aspect#Imp|Mood#Ind|Number#Sing|Person#3|Tense#Pres|VerbForm#Fin|Voice#Act
005.SCG*LB2.CP-6++2.N.11.1-2.3-3W10	depurata	NO MATCH	lemma/46792	Aspect#Imp|Mood#Sub|Number#Sing|Person#3|Tense#Pres|VerbForm#Fin|Voice#Act
005.SCG*LB4.CP-5++5.N.29.9-1.14-2W6	licet	NO MATCH	lemma/110432	Mood#Sub|Number#Sing|Person#3|Tense#Pres|VerbForm#Fin|Voice#Act
005.SCG*LB3.CP12++7.N.-1.1-1.3-6W12	fiat	NO MATCH	lemma/102758	Mood#Sub|Number#Sing|Person#3|Tense#Pres|VerbForm#Fin|Voice#Pass
005.SCG*LB2.CP-5++2.N.-5.12-3.14-2W8	oportet	NO MATCH	lemma/115098	Mood#Ind|Number#Plur|Person#3|Tense#Pres|VerbForm#Fin|Voice#Act
005.SCG*LB3.CP-2++5.N.-3.11-4.15-5W15	oportet	NO MATCH	lemma/115098	Aspect#Imp|Case#Dat|Degree#Pos|Gender#Masc|Number#Plur|Tense#Pres|VerbForm#Part|Voice#Act
005.SCG*LB3.CP15++0.N.-4.7-1.10-1W12	consequenter	NO MATCH	lemma/96035	Degree#Pos
005.SCG*LB2.CP-6++8.N.-7.3-6.5-2W12	superexcedit	NO MATCH	lemma/131440	Aspect#Imp|Mood#Sub|Number#Sing|Person#3|Tense#Imp|VerbForm#Fin|Voice#Act
005.SCG*LB4.CP-4++3.N.-2.1-1.5-1W14	oportuisset	NO MATCH	lemma/115098	Mood#Ind|Number#Sing|Person#3|Tense#Pres|VerbForm#Fin|Voice#Act
005.SCG*LB2.CP-3++6.N.-3.1-1.3-3W4	essendi	NO MATCH	lemma/126689	Case#Gen|Degree#Pos|Number#Sing|VerbForm#Ger|Voice#Act
005.SCG*LB2.CP-2++1.N.-2.1-1.4-7W18	oportet	NO MATCH	lemma/115098	Mood#Ind|Number#Sing|Person#3|Tense#Pres|VerbForm#Fin|Voice#Act
005.SCG*LB2.CP-7++3.N.22.6-1.8-6W14	fiunt	NO MATCH	lemma/102758	Mood#Ind|Number#Plur|Person#3|Tense#Pres|VerbForm#Fin|Voice#Pass
005.SCG*LB4.CP-2++6.N.-6.9-3.12-5W22	incoeperat	NO MATCH	lemma/106965	Aspect#Perf|Mood#Ind|Number#Sing|Person#3|Tense#Pqp|VerbForm#Fin|Voice#Act
005.SCG*LB2.CP-5++5.N.11.3-7.7-3W9	oportet	NO MATCH	lemma/115098	Mood#Ind|Number#Sing|Person#3|Tense#Pres|VerbForm#Fin|Voice#Act
005.SCG*LB2.CP-7++8.N.-9.22-1.23-7W12	fit	NO MATCH	lemma/102758	Mood#Ind|Number#Sing|Person#3|Tense#Pres|VerbForm#Fin|Voice#Pass
005.SCG*LB3.CP10++3.N.-6.12-5.13-6W8	loquendo	NO MATCH	lemma/110805	Mood#Ind|Number#Sing|Person#3|Tense#Pres|VerbForm#Fin|Voice#Act
005.SCG*LB3.CP14++0.N.-5.22-1.24-3W1	oportet	NO MATCH	lemma/115098	Mood#Ind|Number#Sing|Person#3|Tense#Pres|VerbForm#Fin|Voice#Act
005.SCG*LB1.CP-2++6.N.11.3-1.10-4W19	fit	NO MATCH	lemma/102758	Mood#Ind|Number#Sing|Person#3|Tense#Pres|VerbForm#Fin|Voice#Pass
005.SCG*LB3.CP15++0.N.-7.4-1.9-4W13	oportet	NO MATCH	lemma/115098	Tense#Pres|VerbForm#Inf|Voice#Act
005.SCG*LB4.CP-5++3.N.11.1-2.4-1W11	conversari	NO MATCH	lemma/96442	Aspect#Perf|Case#Nom|Degree#Pos|Gender#Neut|Number#Sing|Tense#Past|VerbForm#Part|Voice#Pass
005.SCG*LB3.CP-4++5.N.-6.17-2.22-4W22	fieri	NO MATCH	lemma/102758	Tense#Pres|VerbForm#Inf|Voice#Pass
005.SCG*LB3.CP-8++7.N.-2.7-3.9-6W5	fieri	NO MATCH	lemma/102758	Tense#Pres|VerbForm#Inf|Voice#Pass
005.SCG*LB3.CP-9++4.N.10.45-1.48-2W10	fiat	NO MATCH	lemma/102758	Mood#Sub|Number#Sing|Person#3|Tense#Pres|VerbForm#Fin|Voice#Pass
005.SCG*LB4.CP-1++8.N.-7.18-4.20-2W12	loquitur	NO MATCH	lemma/110805	Tense#Pres|VerbForm#Inf|Voice#Act
005.SCG*LB3.CP13++2.N.20.2-4.5-4W7	oportet	NO MATCH	lemma/115098	Case#Acc|Degree#Pos|Gender#Masc|Number#Sing|Tense#Pres|VerbForm#Part|Voice#Act
005.SCG*LB2.CP-5++2.N.-5.9-3.12-2W11	oporteret	NO MATCH	lemma/115098	Aspect#Imp|Case#Acc|Degree#Pos|Gender#Masc|Number#Sing|Tense#Pres|VerbForm#Part|Voice#Act
005.SCG*LB2.CP-7++6.N.11.1-2.5-5W14	consequens	NO MATCH	lemma/96035	Case#Acc|Degree#Pos|Gender#Neut|Number#Sing|Tense#Pres|VerbForm#Part|Voice#Pass
005.SCG*LB3.CP10++8.N.-5.1-2.5-1W16	absolute	NO MATCH	lemma/87018	Degree#Pos
005.SCG*LB4.CP-7++4.N.-2.34-4.37-4W13	operatus	NO MATCH	lemma/115028	Mood#Ind|Number#Sing|Person#3|Tense#Pres|VerbForm#Fin|Voice#Pass
005.SCG*LB2.CP10++1.N.-2.24-1.26-1W6	loquendo	NO MATCH	lemma/110805	Case#Gen|Degree#Pos|Gender#Fem|Number#Sing|VerbForm#Gdv|Voice#Pass
005.SCG*LB2.CP-9++2.N.-9.14-1.19-2W26	licet	NO MATCH	lemma/110432	Mood#Sub|Number#Sing|Person#3|Tense#Pres|VerbForm#Fin|Voice#Act
005.SCG*LB4.CP-8++4.N.14.3-5.4-6W1	oportet	NO MATCH	lemma/115098	Mood#Ind|Number#Sing|Person#3|Tense#Pres|VerbForm#Fin|Voice#Act
005.SCG*LB1.CP-6++0.N.-5.5-2.11-4W44	imitatur	NO MATCH	lemma/106364	Mood#Ind|Number#Sing|Person#3|Tense#Pres|VerbForm#Fin|Voice#Act
005.SCG*LB2.CP-1++9.N.-4.1-2.3-4W9	fieri	NO MATCH	lemma/102758	Tense#Pres|VerbForm#Inf|Voice#Pass
005.SCG*LB3.CP-2++7.N.-8.6-1.8-4W10	oporteret	NO MATCH	lemma/115098	Tense#Pres|VerbForm#Inf|Voice#Pass
005.SCG*LB3.CP-5++5.N.-2.5-1.6-4W1	oportet	NO MATCH	lemma/115098	Aspect#Imp|Mood#Ind|Number#Sing|Person#3|Tense#Fut|VerbForm#Fin|Voice#Act
005.SCG*LB3.CP-1++0.N.13.1-1.3-1W6	praesupponit	NO MATCH	lemma/131408	Aspect#Perf|Case#Acc|Degree#Pos|Gender#Neut|Number#Sing|Tense#Past|VerbForm#Part|Voice#Pass
005.SCG*LB1.CP-4++4.N.-5.9-1.12-4W16	oportet	NO MATCH	lemma/115098	Mood#Ind|Number#Sing|Person#3|Tense#Pres|VerbForm#Fin|Voice#Pass
005.SCG*LB3.CP12++0.N.24.18-2.18-7W2	memento	NO MATCH	lemma/111991	Mood#Imp|Number#Sing|Person#2|Tense#Pres|VerbForm#Fin|Voice#Act
005.SCG*LB1.CP-4++3.N.13.18-4.24-4W12	arbitrentur	NO MATCH	lemma/89778	Mood#Ind|Number#Sing|Person#3|Tense#Pres|VerbForm#Fin|Voice#Act
005.SCG*LB3.CP-4++6.N.-4.12-1.14-6W8	opinati	NO MATCH	lemma/115070	Mood#Ind|Number#Sing|Person#3|Tense#Pres|VerbForm#Fin|Voice#Pass
005.SCG*LB4.CP-9++1.N.-5.8-3.12-5W32	reassumant	NO MATCH	lemma/75355	Mood#Ind|Number#Sing|Person#3|Tense#Pres|VerbForm#Fin|Voice#Act
005.SCG*LB4.CP-5++5.N.27.1-1.7-4W31	fiunt	NO MATCH	lemma/102758	Aspect#Imp|Mood#Ind|Number#Plur|Person#3|Tense#Pres|VerbForm#Fin|Voice#Pass
005.SCG*LB1.CP-6++6.N.-9.1-1.2-6W9	entium	NO MATCH	lemma/126689	Case#Gen|Degree#Pos|Gender#Neut|Number#Plur|Tense#Pres|VerbForm#Part|Voice#Act
005.SCG*LB2.CP-8++3.N.18.12-5.15-1W14	essendi	NO MATCH	lemma/126689	Case#Gen|Degree#Pos|Number#Sing|VerbForm#Ger|Voice#Act
005.SCG*LB2.CP-4++0.N.-5.3-3.5-8W5	fit	NO MATCH	lemma/102758	Mood#Ind|Number#Sing|Person#3|Tense#Pres|VerbForm#Fin|Voice#Pass
005.SCG*LB1.CP-2++2.N.-6.1-2.5-5W26	oportet	NO MATCH	lemma/115098	Mood#Ind|Number#Sing|Person#3|Tense#Pres|VerbForm#Fin|Voice#Pass
005.SCG*LB3.CP13++0.N.-4.2-4.4-5W12	consequens	NO MATCH	lemma/96035	Case#Nom|Degree#Pos|Gender#Neut|Number#Sing|Tense#Pres|VerbForm#Part|Voice#Pass
005.SCG*LB4.CP-5++4.N.-9.10-4.16-3W1	oportuit	NO MATCH	lemma/115098	Aspect#Imp|Mood#Ind|Number#Plur|Person#3|Tense#Pres|VerbForm#Fin|Voice#Pass
005.SCG*LB4.CP-3++4.N.-2.74-1.77-6W1	convenienter	NO MATCH	lemma/96424	Degree#Pos
005.SCG*LB1.CP-2++6.N.13.1-1.6-4W12	loquendi	NO MATCH	lemma/110805	Mood#Ind|Number#Plur|Person#3|Tense#Pres|VerbForm#Fin|Voice#Act
005.SCG*LB1.CP-6++8.N.-1.1-1.3-2W2	oportet	NO MATCH	lemma/115098	Mood#Sub|Number#Sing|Person#3|Tense#Pres|VerbForm#Fin|Voice#Pass
005.SCG*LB4.CP-6++1.N.-3.6-4.8-1W3	oportet	NO MATCH	lemma/115098	Aspect#Perf|Case#Nom|Degree#Pos|Gender#Neut|Number#Sing|Tense#Past|VerbForm#Part|Voice#Pass
005.SCG*LB1.CP-1++1.N.-5.9-4.12-1W2	oportet	NO MATCH	lemma/115098	Mood#Ind|Number#Sing|Person#3|Tense#Pres|VerbForm#Fin|Voice#Act
005.SCG*LB4.CP-7++2.N.13.8-1.13-5W43	subiiciat	NO MATCH	lemma/126114	Aspect#Imp|Mood#Sub|Number#Sing|Person#3|Tense#Pres|VerbForm#Fin|Voice#Act
005.SCG*LB3.CP10++2.N.-3.1-2.5-1W7	operatur	NO MATCH	lemma/115028	Mood#Sub|Number#Sing|Person#3|Tense#Pres|VerbForm#Fin|Voice#Act
005.SCG*LB2.CP-4++4.N.-9.8-4.10-2W3	oportet	NO MATCH	lemma/115098	Case#Abl|Degree#Pos|Gender#Masc|Number#Sing|Tense#Pres|VerbForm#Part|Voice#Act
005.SCG*LB4.CP--++4.N.15.16-5.18-6W6	praenuntiavit	NO MATCH	lemma/131405	Mood#Ind|Number#Sing|Person#3|Tense#Pres|VerbForm#Fin|Voice#Pass
005.SCG*LB3.CP16++0.N.-6.1-1.5-3W3	licet	NO MATCH	lemma/110432	Mood#Ind|Number#Sing|Person#3|Tense#Pres|VerbForm#Fin|Voice#Act
005.SCG*LB3.CP-6++4.N.-5.13-1.14-5W8	oportet	NO MATCH	lemma/115098	Case#Nom|Degree#Pos|Gender#Masc|Number#Sing|Tense#Pres|VerbForm#Part|Voice#Act
005.SCG*LB3.CP15++8.N.-3.6-7.10-2W16	diligenter	NO MATCH	lemma/99463	Degree#Pos
005.SCG*LB3.CP13++1.N.-8.2-4.8-2W38	furer	NO MATCH	lemma/104074	Mood#Ind|Number#Sing|Person#3|Tense#Pres|VerbForm#Fin|VerbType#Mod|Voice#Act
005.SCG*LB4.CP-8++2.N.-2.12-4.14-4W15	patientur	NO MATCH	lemma/116222	Aspect#Imp|Mood#Ind|Number#Sing|Person#3|Tense#Pres|VerbForm#Fin|Voice#Pass
005.SCG*LB3.CP15++9.N.-1.15-1.18-5W28	expresse	NO MATCH	lemma/102229	Degree#Pos
005.SCG*LB4.CP-3++3.N.-2.3-2.5-2W4	sortitur	NO MATCH	lemma/125211	Mood#Ind|Number#Sing|Person#3|Tense#Pres|VerbForm#Fin|Voice#Act
005.SCG*LB2.CP-7++0.N.-2.18-4.22-6W8	expresse	NO MATCH	lemma/102229	Degree#Pos
005.SCG*LB4.CP-7++4.N.-1.6-6.9-3W7	fiat	NO MATCH	lemma/102758	Aspect#Imp|Mood#Sub|Number#Sing|Person#3|Tense#Pres|VerbForm#Fin|Voice#Pass
005.SCG*LB2.CP-1++5.N.-2.14-4.21-6W18	oportet	NO MATCH	lemma/115098	Aspect#Imp|Mood#Ind|Number#Sing|Person#3|Tense#Pres|VerbForm#Fin|Voice#Act
005.SCG*LB1.CP-2++9.N.-5.13-2.14-3W3	convenienter	NO MATCH	lemma/96424	Degree#Pos
005.SCG*LB3.CP-8++5.N.-4.5-1.10-3W22	operari	NO MATCH	lemma/115028	Mood#Ind|Number#Sing|Person#3|Tense#Pres|VerbForm#Fin|Voice#Act
005.SCG*LB3.CP--++5.N.-3.3-1.9-2W15	operantem	NO MATCH	lemma/115028	Aspect#Perf|Case#Nom|Degree#Pos|Gender#Neut|Number#Sing|Tense#Past|VerbForm#Part|Voice#Pass
005.SCG*LB4.CP-1++8.N.-2.4-6.6-4W4	operatur	NO MATCH	lemma/115028	Mood#Ind|Number#Plur|Person#3|Tense#Pres|VerbForm#Fin|Voice#Act
005.SCG*LB3.CP-8++5.N.-9.6-3.7-5W4	sufficienter	NO MATCH	lemma/126601	Degree#Pos
005.SCG*LB1.CP-2++6.N.-3.3-5.9-4W13	specificetur	NO MATCH	lemma/81610	Mood#Sub|Number#Plur|Person#3|Tense#Pres|VerbForm#Fin|Voice#Act
005.SCG*LB4.CP-9++3.N.-5.9-1.11-1W14	fieri	NO MATCH	lemma/102758	Aspect#Imp|Tense#Pres|VerbForm#Inf|Voice#Pass
005.SCG*LB4.CP-9++6.N.-3.1-1.2-5W1	oportet	NO MATCH	lemma/115098	Mood#Ind|Number#Sing|Person#3|Tense#Pres|VerbForm#Fin|Voice#Act
005.SCG*LB2.CP-4++4.N.-6.5-9.8-3W15	fit	NO MATCH	lemma/102758	Mood#Ind|Number#Sing|Person#3|Tense#Pres|VerbForm#Fin|Voice#Pass
005.SCG*LB3.CP12++2.N.-8.18-5.22-2W28	potentior	NO MATCH	lemma/118569	Case#Nom|Degree#Cmp|Gender#Fem|Number#Sing|Tense#Pres|VerbForm#Part|VerbType#Mod|Voice#Act
005.SCG*LB3.CP15++8.N.-7.9-1.11-4W9	patienti	NO MATCH	lemma/116222	Aspect#Perf|Case#Acc|Degree#Pos|Gender#Fem|Number#Plur|Tense#Past|VerbForm#Part|Voice#Pass
005.SCG*LB3.CP-9++9.N.-4.1-2.6-2W22	operari	NO MATCH	lemma/115028	Aspect#Imp|Mood#Ind|Number#Plur|Person#3|Tense#Pres|VerbForm#Fin|VerbType#Mod|Voice#Act
005.SCG*LB2.CP-4++7.N.-3.13-1.14-6W1	oportet	NO MATCH	lemma/115098	Aspect#Imp|Mood#Ind|Number#Sing|Person#3|Tense#Pres|VerbForm#Fin|Voice#Pass
005.SCG*LB3.CP-7++7.N.-1.3-4.4-3W3	fit	NO MATCH	lemma/102758	Mood#Ind|Number#Sing|Person#3|Tense#Pres|VerbForm#Fin|Voice#Pass
005.SCG*LB3.CP-1++8.N.-2.10-4.15-8W16	essendo	NO MATCH	lemma/126689	Case#Abl|Degree#Pos|Number#Sing|VerbForm#Ger|Voice#Act
005.SCG*LB1.CP-2++2.N.-5.3-6.4-4W6	necesse-esse	NO MATCH	lemma/126689	Tense#Pres|VerbForm#Inf|Voice#Act
005.SCG*LB4.CP-3++8.N.-1.19-5.25-7W34	passus	NO MATCH	lemma/116222	Mood#Ind|Number#Plur|Person#3|Tense#Pres|VerbForm#Fin|Voice#Act
005.SCG*LB3.CP15++4.N.13.1-1.6-4W14	licet	NO MATCH	lemma/110432	Aspect#Imp|Mood#Ind|Number#Plur|Person#3|Tense#Imp|VerbForm#Fin|Voice#Act
005.SCG*LB4.CP-5++2.N.-9.1-1.6-2W2	licet	NO MATCH	lemma/110432	Tense#Pres|VerbForm#Inf|Voice#Act
005.SCG*LB3.CP-8++6.N.14.5-1.6-8W15	fit	NO MATCH	lemma/102758	Mood#Ind|Number#Sing|Person#3|Tense#Pres|VerbForm#Fin|Voice#Pass
005.SCG*LB3.CP13++0.N.-1.1-1.4-3W19	intense	NO MATCH	lemma/108382	Aspect#Perf|Case#Abl|Degree#Pos|Gender#Masc|Number#Sing|Tense#Past|VerbForm#Part|Voice#Pass
005.SCG*LB4.CP-2++5.N.-2.6-4.9-6W1	licet	NO MATCH	lemma/110432	Mood#Ind|Number#Plur|Person#3|Tense#Pres|VerbForm#Fin|Voice#Act
005.SCG*LB2.CP-1++3.N.-2.4-5.6-3W9	oportebit	NO MATCH	lemma/115098	Aspect#Imp|Mood#Ind|Number#Sing|Person#3|Tense#Pres|VerbForm#Fin|Voice#Pass
005.SCG*LB2.CP-9++2.N.-5.18-1.21-4W14	consequens	NO MATCH	lemma/96035	Case#Nom|Degree#Pos|Gender#Neut|Number#Sing|Tense#Pres|VerbForm#Part|Voice#Pass
005.SCG*LB1.CP-4++2.N.11.5-3.7-3W5	necesse-esse	NO MATCH	lemma/126689	Tense#Pres|VerbForm#Inf|Voice#Act
005.SCG*LB2.CP-3++7.N.-2.8-4.12-2W19	fiat	NO MATCH	lemma/102758	Mood#Sub|Number#Sing|Person#3|Tense#Pres|VerbForm#Fin|Voice#Pass
005.SCG*LB2.CP10++0.N.-4.4-2.7-1W16	individuantibus	NO MATCH	lemma/59198	Aspect#Perf|Mood#Ind|Number#Sing|Person#3|Tense#Pqp|VerbForm#Fin|Voice#Act
005.SCG*LB4.CP-1++7.N.11.16-3.19-1W14	locuti	NO MATCH	lemma/110805	Mood#Ind|Number#Sing|Person#3|Tense#Pres|VerbForm#Fin|Voice#Act
005.SCG*LB3.CP15++4.N.17.8-1.14-1W2	licet	NO MATCH	lemma/110432	Mood#Ind|Number#Sing|Person#3|Tense#Pres|VerbForm#Fin|Voice#Act
005.SCG*LB3.CP10++4.N.-7.6-2.8-3W4	fieri	NO MATCH	lemma/102758	Tense#Pres|VerbForm#Inf|Voice#Pass
005.SCG*LB3.CP12++2.N.-8.9-3.10-8W11	expertis	NO MATCH	lemma/102164	Aspect#Perf|Case#Nom|Degree#Pos|Gender#Fem|Number#Sing|Tense#Past|VerbForm#Part|Voice#Pass
005.SCG*LB2.CP-4++4.N.-9.8-4.10-2W7	condivisarum	NO MATCH	lemma/131288	Mood#Ind|Number#Plur|Person#3|Tense#Pres|VerbForm#Fin|Voice#Act
005.SCG*LB2.CP-5++7.N.-6.6-1.12-7W40	oportet	NO MATCH	lemma/115098	Mood#Ind|Number#Sing|Person#3|Tense#Pres|VerbForm#Fin|Voice#Act
005.SCG*LB3.CP-4++1.N.-5.1-1.3-1W3	diligenter	NO MATCH	lemma/99463	Degree#Pos
005.SCG*LB2.CP-3++5.N.-4.1-1.5-3W19	oportet	NO MATCH	lemma/115098	Mood#Ind|Number#Plur|Person#3|Tense#Pres|VerbForm#Fin|VerbType#Mod|Voice#Act
005.SCG*LB2.CP-7++3.N.31.3-5.4-7W8	fixe	NO MATCH	lemma/103280	Degree#Pos
005.SCG*LB2.CP-2++1.N.10.1-2.9-1W7	fiat	NO MATCH	lemma/102758	Mood#Sub|Number#Sing|Person#3|Tense#Pres|VerbForm#Fin|Voice#Pass
005.SCG*LB3.CP-2++4.N.-8.1-1.5-6W32	operatur	NO MATCH	lemma/115028	Case#Gen|Degree#Pos|Number#Sing|VerbForm#Ger|Voice#Act
005.SCG*LB2.CP-2++5.N.16.4-1.5-1W7	oportet	NO MATCH	lemma/115098	Mood#Ind|Number#Sing|Person#3|Tense#Pres|VerbForm#Fin|Voice#Act
005.SCG*LB4.CP-1++9.N.-1.5-2.8-1W1	oportet	NO MATCH	lemma/115098	Tense#Pres|VerbForm#Inf|Voice#Act
005.SCG*LB2.CP-4++6.N.-5.1-2.3-6W11	praeexistit	NO MATCH	lemma/131401	Tense#Pres|VerbForm#Inf|Voice#Act
005.SCG*LB3.CP-7++8.N.-4.8-5.10-5W1	oportet	NO MATCH	lemma/115098	Case#Abl|Degree#Pos|Gender#Fem|Number#Sing|Tense#Pres|VerbForm#Part|Voice#Act
005.SCG*LB3.CP-9++4.N.-9.43-1.47-1W13	patientis	NO MATCH	lemma/116222	Aspect#Perf|Case#Gen|Degree#Pos|Gender#Neut|Number#Sing|Tense#Past|VerbForm#Part|Voice#Pass
005.SCG*LB3.CP--++2.N.-9.1-1.5-4W23	fiunt	NO MATCH	lemma/102758	Mood#Ind|Number#Plur|Person#3|Tense#Pres|VerbForm#Fin|Voice#Pass
005.SCG*LB3.CP-6++4.N.-5.1-2.6-4W12	licet	NO MATCH	lemma/110432	Mood#Ind|Number#Sing|Person#3|Tense#Pres|VerbForm#Fin|Voice#Act
005.SCG*LB2.CP-7++7.N.-2.34-5.39-2W21	individuantibus	NO MATCH	lemma/59198	Aspect#Perf|Case#Nom|Degree#Pos|Gender#Neut|Number#Sing|Tense#Past|VerbForm#Part|Voice#Pass
005.SCG*LB3.CP-3++1.N.-2.7-6.9-2W10	esse	NO MATCH	lemma/126689	Case#Acc|Gender#Neut|Number#Sing
005.SCG*LB2.CP-4++3.N.-4.1-2.2-3W3	fit	NO MATCH	lemma/102758	Mood#Ind|Number#Sing|Person#3|Tense#Pres|VerbForm#Fin|Voice#Pass
005.SCG*LB4.CP-5++2.N.-6.59-1.63-2W7	consequens	NO MATCH	lemma/96035	Aspect#Imp|Case#Nom|Degree#Pos|Gender#Masc|Number#Sing|Tense#Pres|VerbForm#Part|Voice#Pass
005.SCG*LB4.CP--++6.N.-4.10-1.13-1W12	dominantium	NO MATCH	lemma/100058	Aspect#Imp|Case#Gen|Degree#Pos|Gender#Masc|Number#Plur|Tense#Pres|VerbForm#Part|Voice#Pass
005.SCG*LB2.CP-8++9.N.-6.2-5.8-5W31	organizatum	NO MATCH	lemma/68425	Aspect#Imp|Case#Nom|Degree#Pos|Gender#Masc|Number#Sing|Tense#Pres|VerbForm#Part|Voice#Act
005.SCG*LB4.CP--++1.N.11.19-1.22-3W23	signanter	NO MATCH	lemma/124766	Degree#Pos
005.SCG*LB3.CP12++2.N.11.5-6.7-4W13	patiaris	NO MATCH	lemma/116222	Aspect#Perf|Case#Nom|Degree#Pos|Gender#Fem|Number#Sing|Tense#Past|VerbForm#Part|Voice#Pass
005.SCG*LB4.CP-3++2.N.-2.9-4.17-5W41	miratus	NO MATCH	lemma/112442	Aspect#Perf|Case#Nom|Degree#Pos|Gender#Fem|Number#Sing|Tense#Past|VerbForm#Part|Voice#Pass
005.SCG*LB3.CP12++0.N.-5.7-6.11-2W19	puta	NO MATCH	lemma/120610	
005.SCG*LB3.CP13++9.N.17.18-3.23-4W10	fit	NO MATCH	lemma/102758	Mood#Ind|Number#Sing|Person#3|Tense#Pres|VerbForm#Fin|Voice#Pass
005.SCG*LB1.CP-7++0.N.-8.12-2.14-3W12	cognitio	NO MATCH	lemma/94738	Aspect#Perf|Case#Abl|Degree#Pos|Gender#Neut|Number#Sing|Tense#Past|VerbForm#Part|Voice#Pass
005.SCG*LB4.CP-7++2.N.10.1-1.4-2W1	oportet	NO MATCH	lemma/115098	Tense#Pres|VerbForm#Inf|Voice#Pass
005.SCG*LB2.CP-6++0.N.-8.6-1.8-1W16	pati	NO MATCH	lemma/116222	Mood#Ind|Number#Plur|Person#1|Tense#Pres|VerbForm#Fin|Voice#Act
005.SCG*LB4.CP-1++4.N.12.6-2.8-5W5	essendi	NO MATCH	lemma/126689	Aspect#Perf|Case#Gen|Degree#Pos|Number#Sing|VerbForm#Ger|Voice#Act
005.SCG*LB1.CP-2++6.N.-7.3-6.5-3W5	oportet	NO MATCH	lemma/115098	Mood#Ind|Number#Plur|Person#3|Tense#Pres|VerbForm#Fin|Voice#Act
005.SCG*LB2.CP-8++3.N.31.10-1.14-7W6	praeextitisse	NO MATCH	lemma/131401	Aspect#Imp|Mood#Sub|Number#Sing|Person#3|Tense#Pres|VerbForm#Fin|Voice#Pass
005.SCG*LB1.CP-8++9.N.-5.4-2.6-7W17	oportet	NO MATCH	lemma/115098	Mood#Ind|Number#Sing|Person#3|Tense#Pres|VerbForm#Fin|Voice#Pass
005.SCG*LB2.CP-2++3.N.-8.4-5.6-6W10	licet	NO MATCH	lemma/110432	Mood#Ind|Number#Sing|Person#3|Tense#Pres|VerbForm#Fin|VerbType#Mod|Voice#Act
005.SCG*LB4.CP-8++1.N.10.1-1.7-6W46	consequens	NO MATCH	lemma/96035	Aspect#Imp|Case#Nom|Degree#Pos|Gender#Fem|Number#Sing|Tense#Pres|VerbForm#Part|Voice#Pass
005.SCG*LB3.CP12++0.N.21.1-2.5-5W21	sortiantur	NO MATCH	lemma/125211	Aspect#Perf|Mood#Ind|Number#Sing|Person#2|Tense#Past|VerbForm#Fin|Voice#Act
005.SCG*LB2.CP-7++9.N.16.15-1.17-1W10	protestantur	NO MATCH	lemma/120147	Tense#Pres|VerbForm#Inf|Voice#Act
005.SCG*LB4.CP--++2.N.-5.23-6.27-8W21	oporteat	NO MATCH	lemma/115098	Mood#Ind|Number#Sing|Person#3|Tense#Pres|VerbForm#Fin|Voice#Act
005.SCG*LB3.CP--++8.N.-8.23-2.25-3W3	sortitur	NO MATCH	lemma/125211	Aspect#Perf|Case#Gen|Degree#Pos|Gender#Fem|Number#Sing|Tense#Past|VerbForm#Part|Voice#Pass
005.SCG*LB3.CP16++1.N.-1.4-1.6-6W9	operari	NO MATCH	lemma/115028	Aspect#Perf|Case#Nom|Degree#Pos|Gender#Neut|Number#Sing|Tense#Past|VerbForm#Part|Voice#Pass
005.SCG*LB1.CP-5++9.N.-2.6-4.12-7W32	oportet	NO MATCH	lemma/115098	Mood#Sub|Number#Sing|Person#3|Tense#Pres|VerbForm#Fin|Voice#Act
005.SCG*LB2.CP-8++9.N.24.19-1.22-1W10	fieret	NO MATCH	lemma/102758	Aspect#Imp|Mood#Sub|Number#Sing|Person#3|Tense#Imp|VerbForm#Fin|Voice#Pass
005.SCG*LB2.CP-7++7.N.-3.7-8.10-2W15	patiuntur	NO MATCH	lemma/116222	Mood#Ind|Number#Sing|Person#3|Tense#Pres|VerbForm#Fin|Voice#Act
005.SCG*LB3.CP10++5.N.10.7-1.11-4W16	appropriatum	NO MATCH	lemma/89645	Aspect#Perf|Case#Nom|Degree#Pos|Gender#Neut|Number#Sing|Tense#Past|VerbForm#Part|Voice#Pass
005.SCG*LB2.CP-4++3.N.-6.15-6.19-6W21	fiunt	NO MATCH	lemma/102758	Mood#Ind|Number#Plur|Person#3|Tense#Pres|VerbForm#Fin|Voice#Pass
005.SCG*LB4.CP-5++9.N.-2.5-7.7-4W3	convenienter	NO MATCH	lemma/96424	Degree#Pos
005.SCG*LB1.CP-4++2.N.11.23-1.25-3W7	necesse-esse	NO MATCH	lemma/126689	Tense#Pres|VerbForm#Inf|Voice#Act
005.SCG*LB3.CP13++0.N.-3.5-2.9-5W1	convenienter	NO MATCH	lemma/96424	Degree#Pos
005.SCG*LB2.CP-1++5.N.-2.27-1.29-2W10	essendi	NO MATCH	lemma/126689	Case#Gen|Degree#Pos|Number#Sing|VerbForm#Ger|Voice#Act
005.SCG*LB2.CP-5++7.N.14.7-4.9-5W14	fit	NO MATCH	lemma/102758	Mood#Ind|Number#Sing|Person#3|Tense#Pres|VerbForm#Fin|Voice#Pass
005.SCG*LB3.CP11++2.N.-1.13-2.16-2W2	oportet	NO MATCH	lemma/115098	Mood#Ind|Number#Sing|Person#3|Tense#Pres|VerbForm#Fin|Voice#Pass
005.SCG*LB4.CP-7++4.N.-5.1-1.5-2W12	operandum	NO MATCH	lemma/115028	Tense#Pres|VerbForm#Inf|Voice#Act
005.SCG*LB3.CP-9++7.N.12.4-1.9-4W37	operatum	NO MATCH	lemma/115028	Mood#Ind|Number#Sing|Person#3|Tense#Pres|VerbForm#Fin|Voice#Act
005.SCG*LB4.CP-7++6.N.-7.4-1.4-3W2	sufficienter	NO MATCH	lemma/126601	Degree#Pos
005.SCG*LB3.CP10++2.N.-5.37-4.39-2W9	fieri	NO MATCH	lemma/102758	Tense#Pres|VerbForm#Inf|Voice#Pass
005.SCG*LB3.CP-7++7.N.-1.16-3.18-3W1	oportet	NO MATCH	lemma/115098	Aspect#Imp|Mood#Ind|Number#Sing|Person#1|Tense#Pres|VerbForm#Fin|Voice#Act
005.SCG*LB1.CP-2++6.N.11.28-1.31-1W21	individuatur	NO MATCH	lemma/59198	Aspect#Perf|Case#Acc|Degree#Pos|Gender#Fem|Number#Sing|Tense#Past|VerbForm#Part|Voice#Pass
005.SCG*LB3.CP14++9.N.-6.4-4.10-3W14	miserentis	NO MATCH	lemma/112456	Mood#Sub|Number#Plur|Person#3|Tense#Pres|VerbForm#Fin|VerbType#Mod|Voice#Act
005.SCG*LB2.CP-6++8.N.-9.1-1.7-5W9	licet	NO MATCH	lemma/110432	Mood#Sub|Number#Sing|Person#3|Tense#Pres|VerbForm#Fin|Voice#Act
005.SCG*LB2.CP-2++1.N.-4.18-6.19-5W4	praeexistente	NO MATCH	lemma/131401	Aspect#Perf|Mood#Ind|Number#Sing|Person#3|Tense#Past|VerbForm#Fin|Voice#Act
005.SCG*LB3.CP-9++4.N.10.45-1.48-2W15	puta	NO MATCH	lemma/120610	
005.SCG*LB1.CP-4++4.N.-5.2-5.4-5W6	fiunt	NO MATCH	lemma/102758	Mood#Ind|Number#Plur|Person#3|Tense#Pres|VerbForm#Fin|Voice#Pass
005.SCG*LB1.CP-7++9.N.-1.6-3.8-6W9	volitum	NO MATCH	lemma/130745	Aspect#Perf|Case#Acc|Degree#Pos|Gender#Neut|Number#Sing|Tense#Past|VerbForm#Part|VerbType#Mod|Voice#Pass
005.SCG*LB2.CP-6++6.N.-2.3-4.8-4W8	operantur	NO MATCH	lemma/115028	Mood#Sub|Number#Sing|Person#3|Tense#Pres|VerbForm#Fin|Voice#Pass
005.SCG*LB1.CP-2++0.N.27.9-6.10-6W7	quietum	NO MATCH	lemma/121174	Aspect#Perf|Case#Nom|Degree#Pos|Gender#Neut|Number#Sing|Tense#Past|VerbForm#Part|Voice#Pass
005.SCG*LB4.CP-1++6.N.-5.8-2.11-2W28	fit	NO MATCH	lemma/102758	Aspect#Imp|Mood#Ind|Number#Sing|Person#3|Tense#Pres|VerbForm#Fin|Voice#Pass
005.SCG*LB3.CP10++1.N.-1.4-1.5-2W1	admiramur	NO MATCH	lemma/87541	Mood#Ind|Number#Sing|Person#1|Tense#Pres|VerbForm#Fin|Voice#Act
005.SCG*LB2.CP-3++0.N.14.34-6.36-5W9	fit	NO MATCH	lemma/102758	Mood#Ind|Number#Sing|Person#3|Tense#Pres|VerbForm#Fin|Voice#Pass
005.SCG*LB3.CP-4++3.N.-4.1-1.3-2W7	sufficienter	NO MATCH	lemma/126601	Degree#Pos
005.SCG*LB3.CP-6++7.N.-7.1-1.3-2W11	operatus	NO MATCH	lemma/115028	Mood#Ind|Number#Sing|Person#3|Tense#Pres|VerbForm#Fin|Voice#Act
005.SCG*LB2.CP-3++8.N.10.2-4.6-4W23	fieri	NO MATCH	lemma/102758	Tense#Pres|VerbForm#Inf|Voice#Pass
005.SCG*LB3.CP14++2.N.-1.1-1.7-4W26	oportet	NO MATCH	lemma/115098	Aspect#Perf|Case#Nom|Degree#Pos|Gender#Neut|Number#Plur|Tense#Past|VerbForm#Part|Voice#Pass
005.SCG*LB2.CP-7++5.N.-1.1-1.4-3W12	oportet	NO MATCH	lemma/115098	Case#Acc|Degree#Pos|Gender#Neut|Number#Sing|Tense#Pres|VerbForm#Part|Voice#Act
005.SCG*LB1.CP-6++5.N.-5.3-2.6-5W15	essendi	NO MATCH	lemma/126689	Case#Gen|Degree#Pos|Number#Sing|VerbForm#Ger|Voice#Act
005.SCG*LB4.CP-3++6.N.-6.8-1.9-6W12	imitandum	NO MATCH	lemma/106364	Case#Gen|Degree#Pos|Number#Sing|VerbForm#Ger|Voice#Act
005.SCG*LB3.CP11++3.N.-2.8-1.13-4W24	oporteret	NO MATCH	lemma/115098	Mood#Ind|Number#Sing|Person#3|Tense#Pres|VerbForm#Fin|Voice#Act
005.SCG*LB3.CP12++3.N.-8.14-5.17-4W13	commansuros	NO MATCH	lemma/95066	Case#Acc|Degree#Pos|Gender#Masc|Number#Plur|Tense#Fut|VerbForm#Part|Voice#Act
005.SCG*LB4.CP-5++5.N.-3.6-1.8-1W13	patitur	NO MATCH	lemma/116222	Case#Acc|Degree#Pos|Gender#Masc|Number#Plur|Tense#Fut|VerbForm#Part|Voice#Act
005.SCG*LB2.CP-3++3.N.-8.11-1.15-3W11	oportet	NO MATCH	lemma/115098	Case#Acc|Degree#Pos|Gender#Masc|Number#Plur|Tense#Fut|VerbForm#Part|Voice#Act
005.SCG*LB4.CP-5++3.N.24.1-2.4-2W7	oportuit	NO MATCH	lemma/115098	Mood#Ind|Number#Sing|Person#3|Tense#Pres|VerbForm#Fin|Voice#Act
005.SCG*LB2.CP-7++3.N.36.29-2.33-5W22	exemplato	NO MATCH	lemma/101974	Aspect#Perf|Case#Abl|Degree#Pos|Gender#Neut|Number#Sing|Tense#Past|VerbForm#Part|Voice#Pass
005.SCG*LB1.CP-2++0.N.23.10-4.16-4W4	oportet	NO MATCH	lemma/115098	Aspect#Perf|Case#Abl|Degree#Pos|Gender#Neut|Number#Sing|Tense#Past|VerbForm#Part|Voice#Pass
005.SCG*LB2.CP-3++0.N.11.9-1.13-2W23	consequens	NO MATCH	lemma/96035	Case#Acc|Degree#Pos|Gender#Neut|Number#Sing|Tense#Pres|VerbForm#Part|Voice#Pass
005.SCG*LB2.CP-7++9.N.16.12-5.14-8W2	revertatur	NO MATCH	lemma/122808	Mood#Ind|Number#Sing|Person#3|Tense#Pres|VerbForm#Fin|Voice#Act
005.SCG*LB4.CP--++8.N.-2.1-1.6-4W7	loquens	NO MATCH	lemma/110805	Mood#Sub|Number#Sing|Person#3|Tense#Pres|VerbForm#Fin|Voice#Act
005.SCG*LB2.CP-5++5.N.13.15-1.16-3W8	essendi	NO MATCH	lemma/126689	Case#Gen|Degree#Pos|Number#Sing|VerbForm#Ger|Voice#Act
005.SCG*LB3.CP13++3.N.-2.12-3.15-1W4	sectantibus	NO MATCH	lemma/123964	Mood#Ind|Number#Sing|Person#3|Tense#Pres|VerbForm#Fin|Voice#Act
005.SCG*LB2.CP-2++8.N.-9.5-3.6-5W10	consequens	NO MATCH	lemma/96035	Case#Nom|Degree#Pos|Gender#Neut|Number#Sing|Tense#Pres|VerbForm#Part|Voice#Pass
005.SCG*LB4.CP--++4.N.14.19-3.21-4W5	fieri	NO MATCH	lemma/102758	Aspect#Imp|Tense#Pres|VerbForm#Inf|Voice#Pass
005.SCG*LB3.CP11++7.N.-3.6-2.8-1W13	fiat	NO MATCH	lemma/102758	Mood#Sub|Number#Sing|Person#3|Tense#Pres|VerbForm#Fin|Voice#Pass
005.SCG*LB3.CP16++3.N.-3.7-4.14-2W17	fiunt	NO MATCH	lemma/102758	Mood#Ind|Number#Plur|Person#3|Tense#Pres|VerbForm#Fin|Voice#Pass
005.SCG*LB2.CP-8++9.N.13.1-1.6-2W6	oportere	NO MATCH	lemma/115098	Aspect#Imp|Mood#Sub|Number#Sing|Person#3|Tense#Pres|VerbForm#Fin|Voice#Act
005.SCG*LB2.CP-3++7.N.-5.3-1.5-2W18	fieri	NO MATCH	lemma/102758	Tense#Pres|VerbForm#Inf|Voice#Pass
005.SCG*LB4.CP-3++4.N.28.5-6.10-7W39	passus	NO MATCH	lemma/116222	Tense#Pres|VerbForm#Inf|Voice#Pass
005.SCG*LB2.CP-4++7.N.-4.8-6.11-3W13	operatur	NO MATCH	lemma/115028	Mood#Ind|Number#Sing|Person#3|Tense#Pres|VerbForm#Fin|Voice#Act
005.SCG*LB2.CP-7++3.N.15.1-2.4-2W5	operetur	NO MATCH	lemma/115028	Tense#Pres|VerbForm#Inf|Voice#Pass
005.SCG*LB4.CP-5++0.N.-3.13-3.15-3W1	oportet	NO MATCH	lemma/115098	Tense#Pres|VerbForm#Inf|Voice#Act
005.SCG*LB3.CP-6++8.N.-4.4-2.8-1W1	oportet	NO MATCH	lemma/115098	Mood#Ind|Number#Sing|Person#3|Tense#Pres|VerbForm#Fin|Voice#Pass
005.SCG*LB3.CP-7++6.N.-7.18-4.20-1W11	oporteret	NO MATCH	lemma/115098	Case#Nom|Degree#Pos|Gender#Fem|Number#Plur|Tense#Pres|VerbForm#Part|Voice#Act
005.SCG*LB2.CP-7++3.N.33.5-6.6-5W1	oportet	NO MATCH	lemma/115098	Mood#Ind|Number#Sing|Person#3|Tense#Pres|VerbForm#Fin|Voice#Pass
005.SCG*LB4.CP--++7.N.25.1-1.8-5W54	licet	NO MATCH	lemma/110432	Mood#Ind|Number#Sing|Person#3|Tense#Pres|VerbForm#Fin|Voice#Act
005.SCG*LB1.CP-1++5.N.-6.8-3.10-1W5	incoepit	NO MATCH	lemma/106965	Aspect#Perf|Mood#Ind|Number#Sing|Person#3|Tense#Past|VerbForm#Fin|Voice#Act
005.SCG*LB3.CP-8++0.N.-3.1-1.10-2W30	sanctificatae	NO MATCH	lemma/123318	Aspect#Perf|Case#Nom|Degree#Pos|Gender#Fem|Number#Plur|Tense#Past|VerbForm#Part|Voice#Pass
005.SCG*LB1.CP-2++4.N.-2.11-4.15-1W8	superadditum	NO MATCH	lemma/131438	Aspect#Perf|Case#Nom|Degree#Pos|Gender#Masc|Number#Sing|Tense#Past|VerbForm#Part|Voice#Pass
005.SCG*LB2.CP-8++5.N.-4.1-2.3-2W14	fit	NO MATCH	lemma/102758	Mood#Ind|Number#Sing|Person#3|Tense#Pres|VerbForm#Fin|Voice#Pass
005.SCG*LB3.CP14++6.N.-7.1-1.3-3W11	licite	NO MATCH	lemma/110432	Aspect#Perf|Tense#Past|VerbForm#Inf|Voice#Act
005.SCG*LB3.CP10++2.N.-4.12-3.16-5W23	mortuus	NO MATCH	lemma/112796	Mood#Ind|Number#Sing|Person#3|Tense#Pres|VerbForm#Fin|Voice#Act
005.SCG*LB2.CP-1++9.N.-6.1-2.4-3W12	convenienter	NO MATCH	lemma/96424	Degree#Pos
005.SCG*LB1.CP-7++9.N.-7.17-1.21-4W1	licet	NO MATCH	lemma/110432	Degree#Pos
005.SCG*LB3.CP15++5.N.-4.12-3.13-7W1	oportet	NO MATCH	lemma/115098	Mood#Ind|Number#Plur|Person#3|Tense#Pres|VerbForm#Fin|Voice#Act
005.SCG*LB2.CP-3++0.N.11.6-1.8-6W19	essendi	NO MATCH	lemma/126689	Case#Gen|Degree#Pos|Number#Sing|VerbForm#Ger|Voice#Act
005.SCG*LB4.CP-3++4.N.-2.74-1.77-6W26	passus	NO MATCH	lemma/116222	Mood#Ind|Number#Sing|Person#3|Tense#Pres|VerbForm#Fin|Voice#Act
005.SCG*LB4.CP-5++1.N.11.8-3.10-1W3	oportet	NO MATCH	lemma/115098	Mood#Ind|Number#Sing|Person#3|Tense#Pres|VerbForm#Fin|Voice#Pass
005.SCG*LB4.CP-2++7.N.-3.2-4.6-3W5	loquatur	NO MATCH	lemma/110805	Case#Acc|Degree#Pos|Gender#Fem|Number#Sing|Tense#Pres|VerbForm#Part|Voice#Act
005.SCG*LB3.CP14++2.N.-3.4-3.7-2W1	oportet	NO MATCH	lemma/115098	Aspect#Perf|Case#Nom|Degree#Pos|Gender#Fem|Number#Plur|Tense#Past|VerbForm#Part|Voice#Pass
005.SCG*LB3.CP10++9.N.-3.6-3.8-2W2	oportet	NO MATCH	lemma/115098	Aspect#Perf|Case#Nom|Degree#Pos|Gender#Masc|Number#Sing|Tense#Past|VerbForm#Part|Voice#Pass
005.SCG*LB4.CP-8++7.N.-3.4-5.6-6W6	fiet	NO MATCH	lemma/102758	Aspect#Imp|Mood#Ind|Number#Sing|Person#3|Tense#Fut|VerbForm#Fin|Voice#Pass
005.SCG*LB1.CP-4++4.N.-3.5-5.9-6W1	oportet	NO MATCH	lemma/115098	Aspect#Imp|Mood#Ind|Number#Sing|Person#3|Tense#Pres|VerbForm#Fin|Voice#Act
005.SCG*LB4.CP-1++4.N.12.24-2.29-2W23	superaddit	NO MATCH	lemma/131438	Mood#Ind|Number#Sing|Person#3|Tense#Pres|VerbForm#Fin|Voice#Act
005.SCG*LB4.CP-6++6.N.11.1-1.9-1W39	pati	NO MATCH	lemma/116222	Mood#Ind|Number#Sing|Person#3|Tense#Pres|VerbForm#Fin|Voice#Act
005.SCG*LB4.CP-3++4.N.29.14-3.16-4W2	oportet	NO MATCH	lemma/115098	Mood#Ind|Number#Plur|Person#3|Tense#Pres|VerbForm#Fin|Voice#Act
005.SCG*LB1.CP-7++9.N.-2.1-2.2-5W4	volita	NO MATCH	lemma/130745	Aspect#Perf|Case#Acc|Degree#Pos|Gender#Neut|Number#Plur|Tense#Past|VerbForm#Part|VerbType#Mod|Voice#Pass
005.SCG*LB2.CP-7++9.N.13.2-5.5-6W11	praeexistunt	NO MATCH	lemma/131401	Mood#Sub|Number#Sing|Person#3|Tense#Pres|VerbForm#Fin|Voice#Act
005.SCG*LB3.CP-8++9.N.-8.3-4.6-5W20	oportet	NO MATCH	lemma/115098	Mood#Ind|Number#Sing|Person#3|Tense#Pres|VerbForm#Fin|Voice#Act
005.SCG*LB3.CP13++5.N.-9.5-2.9-3W19	oportet	NO MATCH	lemma/115098	Mood#Ind|Number#Sing|Person#3|Tense#Pres|VerbForm#Fin|Voice#Pass
005.SCG*LB4.CP-9++1.N.-7.1-1.2-5W4	suffragatur	NO MATCH	lemma/126631	Mood#Ind|Number#Sing|Person#3|Tense#Pres|VerbForm#Fin|Voice#Pass
005.SCG*LB2.CP-8++9.N.15.12-3.19-5W42	operetur	NO MATCH	lemma/115028	Mood#Ind|Number#Sing|Person#3|Tense#Pres|VerbForm#Fin|Voice#Act
005.SCG*LB3.CP-8++5.N.-6.6-5.8-1W2	oporteret	NO MATCH	lemma/115098	Tense#Pres|VerbForm#Inf|Voice#Pass
005.SCG*LB3.CP10++4.N.-6.6-5.11-1W4	fieri	NO MATCH	lemma/102758	Tense#Pres|VerbForm#Inf|Voice#Pass
005.SCG*LB3.CP10++2.N.-5.25-6.31-4W12	fieri	NO MATCH	lemma/102758	Tense#Pres|VerbForm#Inf|Voice#Pass
005.SCG*LB4.CP-3++4.N.-6.5-6.7-6W15	fieret	NO MATCH	lemma/102758	Aspect#Imp|Mood#Sub|Number#Sing|Person#3|Tense#Imp|VerbForm#Fin|Voice#Pass
005.SCG*LB1.CP-5++3.N.-1.1-1.4-1W9	diligenter	NO MATCH	lemma/99463	Degree#Pos
005.SCG*LB2.CP-3++0.N.15.18-1.22-1W7	passum	NO MATCH	lemma/116222	Aspect#Imp|Mood#Ind|Number#Sing|Person#3|Tense#Pres|VerbForm#Fin|Voice#Act
005.SCG*LB2.CP-8++3.N.12.20-8.21-5W6	operatur	NO MATCH	lemma/115028	Aspect#Imp|Mood#Ind|Number#Sing|Person#3|Tense#Pres|VerbForm#Fin|Voice#Pass
005.SCG*LB4.CP-5++5.N.10.37-2.38-3W4	subito	NO MATCH	lemma/126085	
005.SCG*LB1.CP-5++5.N.-2.13-4.16-3W5	essendi	NO MATCH	lemma/126689	Case#Gen|Degree#Pos|Number#Sing|VerbForm#Ger|Voice#Act
005.SCG*LB3.CP-7++2.N.-2.1-1.5-3W10	operatur	NO MATCH	lemma/115028	Mood#Ind|Number#Sing|Person#3|Tense#Pres|VerbForm#Fin|Voice#Act
005.SCG*LB4.CP-8++3.N.23.10-1.18-6W17	revertetur	NO MATCH	lemma/122808	Mood#Ind|Number#Plur|Person#1|Tense#Pres|VerbForm#Fin|Voice#Act
005.SCG*LB2.CP-7++9.N.-7.5-3.7-4W13	consequens	NO MATCH	lemma/96035	Case#Acc|Degree#Pos|Gender#Neut|Number#Sing|Tense#Pres|VerbForm#Part|Voice#Pass
005.SCG*LB3.CP15++5.N.-7.4-2.6-4W14	passos	NO MATCH	lemma/116222	Mood#Ind|Number#Sing|Person#3|Tense#Pres|VerbForm#Fin|Voice#Act
005.SCG*LB2.CP-5++6.N.-5.8-6.13-5W10	oporteat	NO MATCH	lemma/115098	Mood#Ind|Number#Sing|Person#3|Tense#Fut|VerbForm#Fin|Voice#Act
005.SCG*LB1.CP-6++4.N.-1.1-1.5-5W15	diligenter	NO MATCH	lemma/99463	Degree#Pos
005.SCG*LB1.CP-6++7.N.-8.12-2.16-1W2	consequens	NO MATCH	lemma/96035	Case#Acc|Degree#Pos|Gender#Neut|Number#Sing|Tense#Pres|VerbForm#Part|Voice#Pass
005.SCG*LB2.CP-5++7.N.-4.1-1.6-7W41	utens	NO MATCH	lemma/130923	Case#Nom|Degree#Pos|Gender#Masc|Number#Sing|Tense#Pres|VerbForm#Part|Voice#Pass
005.SCG*LB3.CP15++1.N.-4.10-5.13-3W14	irascitur	NO MATCH	lemma/108954	Mood#Ind|Number#Sing|Person#3|Tense#Pres|VerbForm#Fin|Voice#Act
005.SCG*LB4.CP-3++5.N.-8.13-1.15-1W13	fieri	NO MATCH	lemma/102758	Aspect#Imp|Tense#Pres|VerbForm#Inf|Voice#Pass
005.SCG*LB3.CP11++7.N.-3.6-2.8-1W7	fit	NO MATCH	lemma/102758	Mood#Ind|Number#Sing|Person#3|Tense#Pres|VerbForm#Fin|Voice#Pass
005.SCG*LB2.CP-4++9.N.-4.10-2.11-5W9	individuata	NO MATCH	lemma/59198	Aspect#Imp|Case#Abl|Degree#Pos|Gender#Masc|Number#Plur|Tense#Pres|VerbForm#Part|Voice#Act
005.SCG*LB2.CP-8++0.N.-4.7-3.8-6W9	mortui	NO MATCH	lemma/112796	Mood#Ind|Number#Sing|Person#3|Tense#Pres|VerbForm#Fin|Voice#Act
005.SCG*LB1.CP-7++5.N.-5.2-5.4-5W4	praeexistunt	NO MATCH	lemma/131401	Aspect#Imp|Mood#Sub|Number#Plur|Person#1|Tense#Pres|VerbForm#Fin|Voice#Act
005.SCG*LB4.CP--++5.N.-4.1-1.4-5W16	passum	NO MATCH	lemma/116222	Aspect#Imp|Mood#Sub|Number#Sing|Person#3|Tense#Imp|VerbForm#Fin|Voice#Pass
005.SCG*LB3.CP10++5.N.-9.4-5.8-1W18	operantis	NO MATCH	lemma/115028	Mood#Ind|Number#Plur|Person#3|Tense#Pres|VerbForm#Fin|VerbType#Mod|Voice#Act
005.SCG*LB1.CP-1++1.N.-1.20-2.23-1W9	notissima	NO MATCH	lemma/113840	Aspect#Perf|Case#Nom|Degree#Sup|Gender#Neut|Number#Plur|Tense#Past|VerbForm#Part|Voice#Pass
005.SCG*LB4.CP-6++6.N.-9.7-3.9-4W12	reconvertitur	NO MATCH	lemma/75569	Mood#Ind|Number#Sing|Person#3|Tense#Pres|VerbForm#Fin|Voice#Act
005.SCG*LB1.CP-1++1.N.-3.1-1.3-6W3	oportet	NO MATCH	lemma/115098	Aspect#Perf|Case#Nom|Degree#Pos|Gender#Neut|Number#Sing|Tense#Past|VerbForm#Part|Voice#Pass
005.SCG*LB2.CP-7++3.N.39.23-3.30-3W13	oportet	NO MATCH	lemma/115098	Mood#Ind|Number#Sing|Person#3|Tense#Pres|VerbForm#Fin|Voice#Act
005.SCG*LB4.CP-4++6.N.-3.2-2.4-7W21	operatur	NO MATCH	lemma/115028	Mood#Ind|Number#Plur|Person#3|Tense#Pres|VerbForm#Fin|Voice#Act
005.SCG*LB4.CP-4++3.N.-2.1-1.5-1W3	praeexisteret	NO MATCH	lemma/131401	Mood#Ind|Number#Sing|Person#3|Tense#Pres|VerbForm#Fin|Voice#Pass
005.SCG*LB3.CP15++1.N.-4.1-2.6-1W12	oportet	NO MATCH	lemma/115098	Mood#Ind|Number#Sing|Person#3|Tense#Pres|VerbForm#Fin|Voice#Act
005.SCG*LB3.CP-4++4.N.-3.8-1.11-5W21	fiunt	NO MATCH	lemma/102758	Mood#Ind|Number#Plur|Person#3|Tense#Pres|VerbForm#Fin|Voice#Pass
005.SCG*LB3.CP-5++3.N.-2.10-6.14-3W7	fiat	NO MATCH	lemma/102758	Mood#Sub|Number#Sing|Person#3|Tense#Pres|VerbForm#Fin|Voice#Pass
005.SCG*LB2.CP-6++8.N.-6.13-1.19-5W14	complexionatum	NO MATCH	lemma/131287	Aspect#Imp|Mood#Sub|Number#Sing|Person#3|Tense#Pres|VerbForm#Fin|Voice#Pass
005.SCG*LB4.CP-8++1.N.10.34-3.36-6W13	individuantia	NO MATCH	lemma/59198	Mood#Ind|Number#Sing|Person#3|Tense#Pres|VerbForm#Fin|Voice#Act
005.SCG*LB3.CP-4++3.N.-2.25-1.26-5W4	fiunt	NO MATCH	lemma/102758	Mood#Ind|Number#Plur|Person#3|Tense#Pres|VerbForm#Fin|Voice#Pass
005.SCG*LB1.CP-5++0.N.-5.10-7.13-5W12	oportet	NO MATCH	lemma/115098	Mood#Sub|Number#Sing|Person#3|Tense#Pres|VerbForm#Fin|Voice#Act
005.SCG*LB2.CP-8++8.N.-4.5-1.7-4W9	consequens	NO MATCH	lemma/96035	Case#Acc|Degree#Pos|Gender#Neut|Number#Sing|Tense#Pres|VerbForm#Part|Voice#Pass
005.SCG*LB4.CP-1++6.N.-3.4-2.6-3W15	famuletur	NO MATCH	lemma/102902	Mood#Ind|Number#Plur|Person#3|Tense#Pres|VerbForm#Fin|Voice#Act
005.SCG*LB4.CP-2++1.N.-4.28-4.28-8W2	locutus	NO MATCH	lemma/110805	Mood#Ind|Number#Sing|Person#3|Tense#Pres|VerbForm#Fin|Voice#Act
005.SCG*LB4.CP-2++1.N.-6.9-5.10-4W5	operetur	NO MATCH	lemma/115028	Mood#Ind|Number#Sing|Person#3|Tense#Pres|VerbForm#Fin|Voice#Act
005.SCG*LB3.CP-4++9.N.-9.1-1.5-2W15	oportet	NO MATCH	lemma/115098	Aspect#Perf|Case#Abl|Degree#Pos|Gender#Neut|Number#Plur|Tense#Past|VerbForm#Part|Voice#Pass
005.SCG*LB3.CP-1++5.N.-3.1-2.4-5W7	oportet	NO MATCH	lemma/115098	Mood#Ind|Number#Plur|Person#1|Tense#Pres|VerbForm#Fin|Voice#Pass
005.SCG*LB1.CP-4++6.N.-5.14-6.19-1W14	essetque	NO MATCH	lemma/126689	Aspect#Imp|Mood#Sub|Number#Sing|Person#3|Tense#Imp|VerbForm#Fin|Voice#Act
005.SCG*LB1.CP-2++3.N.-9.1-1.4-4W21	superadditas	NO MATCH	lemma/131438	Aspect#Perf|Case#Nom|Degree#Pos|Gender#Neut|Number#Sing|Tense#Past|VerbForm#Part|Voice#Pass
005.SCG*LB2.CP-5++3.N.-4.3-4.4-4W6	fit	NO MATCH	lemma/102758	Mood#Ind|Number#Sing|Person#3|Tense#Pres|VerbForm#Fin|Voice#Pass
005.SCG*LB4.CP-5++4.N.-1.6-7.9-1W2	fit	NO MATCH	lemma/102758	Aspect#Imp|Mood#Ind|Number#Sing|Person#3|Tense#Pres|VerbForm#Fin|Voice#Pass
005.SCG*LB2.CP10++0.N.-2.1-1.8-6W8	oporteat	NO MATCH	lemma/115098	Mood#Sub|Number#Sing|Person#3|Tense#Pres|VerbForm#Fin|Voice#Pass
005.SCG*LB4.CP-1++6.N.11.9-3.10-6W9	consequens	NO MATCH	lemma/96035	Aspect#Imp|Case#Acc|Degree#Pos|Gender#Neut|Number#Sing|Tense#Pres|VerbForm#Part|Voice#Pass
005.SCG*LB2.CP-8++0.N.-3.19-3.20-3W3	sortiuntur	NO MATCH	lemma/125211	Aspect#Imp|Mood#Ind|Number#Sing|Person#3|Tense#Pres|VerbForm#Fin|VerbType#Mod|Voice#Act
005.SCG*LB3.CP15++2.N.-4.9-5.11-3W11	fit	NO MATCH	lemma/102758	Mood#Ind|Number#Sing|Person#3|Tense#Pres|VerbForm#Fin|Voice#Pass
005.SCG*LB2.CP-6++0.N.-5.11-6.14-3W16	irascimur	NO MATCH	lemma/108954	Aspect#Perf|Case#Nom|Degree#Pos|Gender#Neut|Number#Sing|Tense#Past|VerbForm#Part|Voice#Pass
005.SCG*LB3.CP15++9.N.-2.1-1.6-1W9	licet	NO MATCH	lemma/110432	Aspect#Perf|Case#Nom|Degree#Pos|Gender#Neut|Number#Sing|Tense#Past|VerbForm#Part|Voice#Pass
005.SCG*LB4.CP--++7.N.17.1-2.4-6W19	fieri	NO MATCH	lemma/102758	Aspect#Imp|Tense#Pres|VerbForm#Inf|Voice#Pass
005.SCG*LB4.CP--++8.N.-3.14-1.14-5W5	dominantium	NO MATCH	lemma/100058	Aspect#Imp|Case#Gen|Degree#Pos|Gender#Masc|Number#Plur|Tense#Pres|VerbForm#Part|Voice#Pass
005.SCG*LB2.CP-7++0.N.--.1-1.3-4W5	oportet	NO MATCH	lemma/115098	Mood#Ind|Number#Sing|Person#3|Tense#Pres|VerbForm#Fin|VerbType#Mod|Voice#Act
005.SCG*LB3.CP16++0.N.-3.1-1.4-1W4	operantur	NO MATCH	lemma/115028	Aspect#Imp|Mood#Ind|Number#Sing|Person#3|Tense#Pres|VerbForm#Fin|VerbType#Mod|Voice#Pass
005.SCG*LB2.CP-8++0.N.-8.1-1.5-1W12	proportionata	NO MATCH	lemma/131413	Mood#Ind|Number#Plur|Person#3|Tense#Pres|VerbForm#Fin|Voice#Act
005.SCG*LB1.CP--++3.N.-8.1-1.4-5W18	abiiciendum	NO MATCH	lemma/86884	Case#Nom|Degree#Pos|Gender#Neut|Number#Sing|VerbForm#Gdv|Voice#Pass
005.SCG*LB3.CP16++1.N.-1.4-1.6-6W17	mortuum	NO MATCH	lemma/112796	Mood#Ind|Number#Sing|Person#3|Tense#Pres|VerbForm#Fin|Voice#Pass
005.SCG*LB4.CP-3++3.N.-4.3-5.5-4W4	proportionatam	NO MATCH	lemma/131413	Mood#Ind|Number#Plur|Person#3|Tense#Pres|VerbForm#Fin|Voice#Act
005.SCG*LB3.CP-9++0.N.-4.1-2.4-2W9	oportet	NO MATCH	lemma/115098	Tense#Pres|VerbForm#Inf|Voice#Act
005.SCG*LB2.CP-3++4.N.-2.22-6.23-8W9	oportet	NO MATCH	lemma/115098	Mood#Ind|Number#Sing|Person#3|Tense#Pres|VerbForm#Fin|Voice#Pass
005.SCG*LB3.CP13++0.N.-2.10-1.14-3W21	abiiciat	NO MATCH	lemma/86884	Mood#Sub|Number#Sing|Person#3|Tense#Pres|VerbForm#Fin|Voice#Act
005.SCG*LB1.CP-4++2.N.-9.41-4.43-8W3	specificans	NO MATCH	lemma/81610	Tense#Pres|VerbForm#Inf|Voice#Act
005.SCG*LB3.CP-9++4.N.-3.10-1.11-2W7	oportet	NO MATCH	lemma/115098	Mood#Ind|Number#Sing|Person#3|Tense#Pres|VerbForm#Fin|Voice#Act
005.SCG*LB1.CP-4++4.N.-3.11-6.13-2W1	oportet	NO MATCH	lemma/115098	Mood#Ind|Number#Sing|Person#3|Tense#Pres|VerbForm#Fin|Voice#Act
005.SCG*LB2.CP-8++6.N.-3.24-2.28-1W6	fiat	NO MATCH	lemma/102758	Mood#Sub|Number#Sing|Person#3|Tense#Pres|VerbForm#Fin|Voice#Pass
005.SCG*LB1.CP-1++5.N.-5.10-2.11-3W2	oportet	NO MATCH	lemma/115098	Aspect#Imp|Mood#Ind|Number#Sing|Person#3|Tense#Pres|VerbForm#Fin|Voice#Act
005.SCG*LB1.CP-6++1.N.-7.8-1.11-5W2	oportet	NO MATCH	lemma/115098	Aspect#Perf|Case#Nom|Degree#Pos|Gender#Neut|Number#Plur|Tense#Past|VerbForm#Part|Voice#Pass
005.SCG*LB1.CP-1++1.N.-1.18-3.20-1W10	oporteret	NO MATCH	lemma/115098	Mood#Ind|Number#Sing|Person#3|Tense#Pres|VerbForm#Fin|VerbType#Mod|Voice#Act
005.SCG*LB4.CP-5++5.N.-6.1-1.5-2W22	congruentius	NO MATCH	lemma/95913	Degree#Cmp
005.SCG*LB3.CP-8++6.N.-8.16-6.19-8W20	fieri	NO MATCH	lemma/102758	Tense#Pres|VerbForm#Inf|Voice#Pass
005.SCG*LB2.CP-9++9.N.-4.8-4.10-6W13	operatur	NO MATCH	lemma/115028	Mood#Ind|Number#Sing|Person#3|Tense#Pres|VerbForm#Fin|Voice#Act
005.SCG*LB3.CP11++1.N.-1.23-1.27-3W14	subiiciuntur	NO MATCH	lemma/126114	Mood#Ind|Number#Plur|Person#3|Tense#Pres|VerbForm#Fin|Voice#Pass
005.SCG*LB3.CP-8++6.N.12.6-1.9-5W2	licet	NO MATCH	lemma/110432	Aspect#Imp|Mood#Sub|Number#Sing|Person#3|Tense#Imp|VerbForm#Fin|Voice#Act
005.SCG*LB4.CP-3++8.N.-9.11-4.19-1W8	oportere	NO MATCH	lemma/115098	Mood#Ind|Number#Plur|Person#3|Tense#Pres|VerbForm#Fin|Voice#Act
005.SCG*LB3.CP-2++5.N.-1.8-3.10-2W2	oportet	NO MATCH	lemma/115098	Case#Nom|Degree#Pos|Gender#Neut|Number#Sing|Tense#Pres|VerbForm#Part|Voice#Act
005.SCG*LB1.CP-7++9.N.-9.1-1.4-1W8	volitum	NO MATCH	lemma/130745	Aspect#Perf|Case#Acc|Degree#Pos|Gender#Neut|Number#Sing|Tense#Past|VerbForm#Part|VerbType#Mod|Voice#Pass
005.SCG*LB2.CP-6++0.N.-6.14-1.15-5W1	oportet	NO MATCH	lemma/115098	Tense#Pres|VerbForm#Inf|Voice#Act
005.SCG*LB3.CP14++2.N.-4.4-5.7-1W15	perfectiorem	NO MATCH	lemma/116821	Aspect#Perf|Case#Acc|Degree#Cmp|Gender#Fem|Number#Sing|Tense#Past|VerbForm#Part|Voice#Pass
005.SCG*LB2.CP--++1.N.-4.5-4.11-1W6	operantis	NO MATCH	lemma/115028	Mood#Sub|Number#Plur|Person#3|Tense#Pres|VerbForm#Fin|Voice#Act
005.SCG*LB3.CP10++5.N.-8.10-6.13-1W15	fit	NO MATCH	lemma/102758	Mood#Ind|Number#Sing|Person#3|Tense#Pres|VerbForm#Fin|Voice#Pass
005.SCG*LB4.CP-5++5.N.21.1-1.5-6W7	oportuit	NO MATCH	lemma/115098	Mood#Sub|Number#Sing|Person#3|Tense#Pres|VerbForm#Fin|Voice#Pass
005.SCG*LB2.CP-9++5.N.-3.9-2.10-6W7	fit	NO MATCH	lemma/102758	Mood#Ind|Number#Sing|Person#3|Tense#Pres|VerbForm#Fin|Voice#Pass
005.SCG*LB3.CP-2++2.N.-2.11-1.15-3W9	operantur	NO MATCH	lemma/115028	Mood#Sub|Number#Sing|Person#3|Tense#Pres|VerbForm#Fin|Voice#Act
005.SCG*LB4.CP-2++9.N.10.9-3.11-5W18	testamur	NO MATCH	lemma/127996	Aspect#Perf|Case#Abl|Degree#Pos|Gender#Masc|Number#Sing|Tense#Past|VerbForm#Part|Voice#Pass
005.SCG*LB3.CP10++7.N.11.6-1.11-3W15	opinari	NO MATCH	lemma/115070	Mood#Ind|Number#Sing|Person#3|Tense#Pres|VerbForm#Fin|Voice#Act
005.SCG*LB2.CP-4++3.N.-2.3-5.5-2W7	praeexistenti	NO MATCH	lemma/131401	Mood#Ind|Number#Sing|Person#3|Tense#Pres|VerbForm#Fin|Voice#Act
005.SCG*LB2.CP-4++3.N.-4.9-3.10-3W5	fieri	NO MATCH	lemma/102758	Tense#Pres|VerbForm#Inf|Voice#Pass
005.SCG*LB3.CP-2++6.N.-8.1-1.4-4W10	oportet	NO MATCH	lemma/115098	Aspect#Perf|Tense#Past|VerbForm#Inf|Voice#Act
005.SCG*LB1.CP-6++1.N.-9.2-8.3-6W8	mentiatur	NO MATCH	lemma/112072	Case#Acc|Degree#Pos|Gender#Fem|Number#Plur|Tense#Pres|VerbForm#Part|Voice#Act
005.SCG*LB3.CP-6++7.N.-7.3-3.6-1W18	operatur	NO MATCH	lemma/115028	Mood#Ind|Number#Sing|Person#3|Tense#Pres|VerbForm#Fin|Voice#Pass
005.SCG*LB2.CP-5++7.N.15.1-2.5-6W6	operari	NO MATCH	lemma/115028	Mood#Ind|Number#Sing|Person#3|Tense#Pres|VerbForm#Fin|Voice#Act
005.SCG*LB3.CP-5++7.N.-3.16-6.19-5W7	fit	NO MATCH	lemma/102758	Mood#Ind|Number#Sing|Person#3|Tense#Pres|VerbForm#Fin|Voice#Pass
005.SCG*LB4.CP-5++5.N.27.8-1.9-7W3	congruenter	NO MATCH	lemma/95913	Degree#Pos
005.SCG*LB4.CP-5++5.N.20.1-1.3-4W2	licet	NO MATCH	lemma/110432	Mood#Ind|Number#Sing|Person#3|Tense#Pres|VerbForm#Fin|Voice#Act
005.SCG*LB3.CP-6++2.N.-8.11-4.16-4W8	patimur	NO MATCH	lemma/116222	Mood#Ind|Number#Sing|Person#3|Tense#Pres|VerbForm#Fin|Voice#Pass
005.SCG*LB4.CP-8++2.N.-5.10-1.12-2W12	morituri	NO MATCH	lemma/112796	Mood#Ind|Number#Plur|Person#1|Tense#Pres|VerbForm#Fin|Voice#Act
005.SCG*LB3.CP-1++8.N.-1.2-5.3-4W5	fiet	NO MATCH	lemma/102758	Mood#Ind|Number#Sing|Person#3|Tense#Fut|VerbForm#Fin|Voice#Pass
005.SCG*LB2.CP-4++6.N.-4.9-2.11-7W1	oportuit	NO MATCH	lemma/115098	Tense#Pres|VerbForm#Inf|Voice#Act
005.SCG*LB1.CP-7++8.N.-1.1-1.6-8W7	oportet	NO MATCH	lemma/115098	Mood#Ind|Number#Sing|Person#3|Tense#Pres|VerbForm#Fin|Voice#Act
005.SCG*LB2.CP-8++0.N.11.17-2.18-4W3	licet	NO MATCH	lemma/110432	Mood#Ind|Number#Sing|Person#3|Tense#Pres|VerbForm#Fin|Voice#Act
005.SCG*LB1.CP-2++6.N.-3.18-1.20-2W10	oporteret	NO MATCH	lemma/115098	Mood#Ind|Number#Sing|Person#3|Tense#Pres|VerbForm#Fin|Voice#Act
005.SCG*LB4.CP-7++8.N.-2.20-1.22-1W8	oportet	NO MATCH	lemma/115098	Mood#Ind|Number#Sing|Person#3|Tense#Pres|VerbForm#Fin|Voice#Act
005.SCG*LB1.CP-5++7.N.-9.5-4.9-7W30	fit	NO MATCH	lemma/102758	Mood#Ind|Number#Sing|Person#3|Tense#Pres|VerbForm#Fin|Voice#Pass
005.SCG*LB4.CP-5++5.N.13.29-2.32-5W1	oportuit	NO MATCH	lemma/115098	Mood#Ind|Number#Sing|Person#3|Tense#Pres|VerbForm#Fin|Voice#Pass
005.SCG*LB3.CP10++7.N.-1.1-1.3-5W16	operantur	NO MATCH	lemma/115028	Mood#Ind|Number#Sing|Person#3|Tense#Pres|VerbForm#Fin|Voice#Act
005.SCG*LB2.CP-1++7.N.-4.4-2.8-1W29	praesuppositum	NO MATCH	lemma/131408	Aspect#Imp|Mood#Ind|Number#Sing|Person#3|Tense#Pres|VerbForm#Fin|Voice#Act
005.SCG*LB4.CP-2++9.N.-2.8-2.11-1W10	mortuum	NO MATCH	lemma/112796	Aspect#Imp|Mood#Ind|Number#Sing|Person#3|Tense#Pres|VerbForm#Fin|Voice#Act
005.SCG*LB4.CP-2++3.N.-8.1-1.4-5W10	tradamque	NO MATCH	lemma/128519	Aspect#Imp|Mood#Ind|Number#Sing|Person#1|Tense#Fut|VerbForm#Fin|Voice#Act
005.SCG*LB4.CP-1++7.N.14.1-2.2-4W6	oportet	NO MATCH	lemma/115098	Mood#Ind|Number#Sing|Person#3|Tense#Pres|VerbForm#Fin|Voice#Act
005.SCG*LB3.CP-9++9.N.-6.6-2.8-5W8	exemplatum	NO MATCH	lemma/101974	Aspect#Perf|Case#Acc|Degree#Pos|Gender#Neut|Number#Sing|Tense#Past|VerbForm#Part|Voice#Pass
005.SCG*LB2.CP-4++5.N.-2.12-3.18-5W34	composite	NO MATCH	lemma/95367	Degree#Pos
005.SCG*LB1.CP-4++2.N.-8.1-2.3-5W7	necesse-esse	NO MATCH	lemma/126689	Tense#Pres|VerbForm#Inf|Voice#Act
005.SCG*LB4.CP-2++1.N.-4.22-5.24-4W6	loquimini	NO MATCH	lemma/110805	Mood#Ind|Number#Sing|Person#3|Tense#Pres|VerbForm#Fin|Voice#Act
005.SCG*LB2.CP-3++5.N.-7.17-2.23-3W31	fit	NO MATCH	lemma/102758	Mood#Ind|Number#Sing|Person#3|Tense#Pres|VerbForm#Fin|Voice#Pass
005.SCG*LB4.CP-3++1.N.-6.1-1.6-1W32	conversaretur	NO MATCH	lemma/96442	Mood#Sub|Number#Plur|Person#3|Tense#Pres|VerbForm#Fin|Voice#Act
005.SCG*LB4.CP-2++1.N.-6.14-5.15-7W6	operandum	NO MATCH	lemma/115028	Mood#Sub|Number#Sing|Person#3|Tense#Pres|VerbForm#Fin|Voice#Act
005.SCG*LB2.CP-2++8.N.-2.3-3.5-1W6	praesupponitur	NO MATCH	lemma/131408	Aspect#Imp|Mood#Ind|Number#Sing|Person#3|Tense#Pres|VerbForm#Fin|Voice#Act
005.SCG*LB4.CP-7++2.N.13.13-6.16-1W11	subiicit	NO MATCH	lemma/126114	Aspect#Imp|Mood#Ind|Number#Sing|Person#3|Tense#Pres|VerbForm#Fin|Voice#Act
005.SCG*LB1.CP-2++4.N.-4.9-3.13-1W4	superadditur	NO MATCH	lemma/131438	Mood#Ind|Number#Sing|Person#3|Tense#Fut|VerbForm#Fin|Voice#Act
005.SCG*LB2.CP-3++2.N.-6.16-5.21-6W17	oportet	NO MATCH	lemma/115098	Aspect#Perf|Case#Nom|Degree#Pos|Gender#Fem|Number#Sing|Tense#Past|VerbForm#Part|Voice#Pass
005.SCG*LB3.CP-6++4.N.11.3-3.7-9W2	oportet	NO MATCH	lemma/115098	Case#Nom|Degree#Pos|Gender#Neut|Number#Sing|Tense#Pres|VerbForm#Part|Voice#Act
005.SCG*LB3.CP-4++7.N.-4.5-1.11-5W40	operamur	NO MATCH	lemma/115028	Mood#Ind|Number#Sing|Person#3|Tense#Pres|VerbForm#Fin|Voice#Pass
005.SCG*LB4.CP-8++3.N.17.10-3.12-6W13	consequens	NO MATCH	lemma/96035	Aspect#Imp|Case#Acc|Degree#Pos|Gender#Neut|Number#Sing|Tense#Pres|VerbForm#Part|Voice#Pass
005.SCG*LB1.CP-2++6.N.-3.9-5.13-1W11	fieri	NO MATCH	lemma/102758	Tense#Pres|VerbForm#Inf|Voice#Pass
005.SCG*LB1.CP-5++1.N.12.2-6.8-5W12	operandum	NO MATCH	lemma/115028	Mood#Ind|Number#Sing|Person#3|Tense#Pres|VerbForm#Fin|Voice#Act
005.SCG*LB2.CP-1++6.N.-4.8-1.10-6W20	essendi	NO MATCH	lemma/126689	Case#Gen|Degree#Pos|Number#Sing|VerbForm#Ger|Voice#Act
005.SCG*LB3.CP14++4.N.-9.14-1.19-5W3	convenienter	NO MATCH	lemma/96424	Degree#Pos
005.SCG*LB3.CP10++5.N.10.7-1.11-4W27	operantis	NO MATCH	lemma/115028	Mood#Ind|Number#Sing|Person#3|Tense#Pres|VerbForm#Fin|Voice#Pass
005.SCG*LB3.CP-1++0.N.13.11-7.13-6W4	exequentis	NO MATCH	lemma/102311	Case#Gen|Degree#Pos|Gender#Fem|Number#Sing|Tense#Pres|VerbForm#Part|Voice#Pass
005.SCG*LB2.CP-7++6.N.-8.1-1.5-3W18	fiunt	NO MATCH	lemma/102758	Mood#Ind|Number#Plur|Person#3|Tense#Pres|VerbForm#Fin|Voice#Pass
005.SCG*LB1.CP-4++3.N.13.35-1.37-4W7	praeexistit	NO MATCH	lemma/131401	Mood#Ind|Number#Sing|Person#3|Tense#Pres|VerbForm#Fin|Voice#Act
005.SCG*LB2.CP-3++3.N.-7.11-7.13-5W3	oportebit	NO MATCH	lemma/115098	Mood#Ind|Number#Sing|Person#3|Tense#Pres|VerbForm#Fin|Voice#Act
005.SCG*LB3.CP-6++5.N.-3.1-2.2-5W1	oportet	NO MATCH	lemma/115098	Aspect#Perf|Case#Nom|Degree#Pos|Gender#Neut|Number#Sing|Tense#Past|VerbForm#Part|Voice#Pass
005.SCG*LB3.CP15++5.N.10.7-5.12-4W23	licet	NO MATCH	lemma/110432	Mood#Ind|Number#Sing|Person#3|Tense#Pres|VerbForm#Fin|Voice#Pass
005.SCG*LB1.CP-7++1.N.-7.10-6.11-5W5	consequens	NO MATCH	lemma/96035	Case#Acc|Degree#Pos|Gender#Neut|Number#Sing|Tense#Pres|VerbForm#Part|Voice#Pass
005.SCG*LB3.CP14++7.N.-4.4-2.7-2W10	fit	NO MATCH	lemma/102758	Mood#Ind|Number#Sing|Person#3|Tense#Pres|VerbForm#Fin|Voice#Pass
005.SCG*LB2.CP-6++5.N.-1.3-2.5-1W3	licet	NO MATCH	lemma/110432	Aspect#Imp|Mood#Sub|Number#Sing|Person#3|Tense#Imp|VerbForm#Fin|Voice#Act
005.SCG*LB2.CP-1++5.N.-6.9-3.13-1W29	necesse-esse	NO MATCH	lemma/126689	Tense#Pres|VerbForm#Inf|Voice#Act
005.SCG*LB4.CP-2++4.N.11.23-1.25-1W9	liceat	NO MATCH	lemma/110432	Aspect#Perf|Case#Nom|Degree#Pos|Gender#Neut|Number#Plur|Tense#Past|VerbForm#Part|Voice#Pass
005.SCG*LB3.CP-9++4.N.-9.11-1.17-5W27	complecti	NO MATCH	lemma/95338	Aspect#Perf|Case#Acc|Degree#Pos|Gender#Masc|Number#Sing|Tense#Past|VerbForm#Part|Voice#Pass
005.SCG*LB4.CP-2++3.N.14.2-4.5-2W20	oportet	NO MATCH	lemma/115098	Aspect#Imp|Mood#Sub|Number#Sing|Person#3|Tense#Pres|VerbForm#Fin|Voice#Pass
005.SCG*LB2.CP-4++3.N.-2.3-5.5-2W12	fieri	NO MATCH	lemma/102758	Tense#Pres|VerbForm#Inf|Voice#Pass
005.SCG*LB4.CP-1++9.N.-3.21-5.26-1W34	irascimur	NO MATCH	lemma/108954	Mood#Ind|Number#Sing|Person#3|Tense#Pres|VerbForm#Fin|Voice#Act
005.SCG*LB2.CP-7++3.N.27.1-2.7-1W9	oportet	NO MATCH	lemma/115098	Tense#Pres|VerbForm#Inf|Voice#Act
005.SCG*LB1.CP-4++3.N.13.37-5.42-1W21	praesupponit	NO MATCH	lemma/131408	Aspect#Imp|Mood#Ind|Number#Sing|Person#3|Tense#Pres|VerbForm#Fin|Voice#Pass
005.SCG*LB4.CP-3++4.N.14.32-2.33-6W14	mortuus	NO MATCH	lemma/112796	Tense#Pres|VerbForm#Inf|Voice#Act
005.SCG*LB1.CP-5++7.N.-5.1-2.2-4W5	oportet	NO MATCH	lemma/115098	Aspect#Perf|Case#Nom|Degree#Pos|Gender#Fem|Number#Plur|Tense#Past|VerbForm#Part|Voice#Pass
005.SCG*LB4.CP-1++2.N.-2.1-1.5-3W12	oportet	NO MATCH	lemma/115098	Mood#Sub|Number#Sing|Person#3|Tense#Pres|VerbForm#Fin|Voice#Act
005.SCG*LB3.CP-6++7.N.-6.3-1.5-1W11	operatum	NO MATCH	lemma/115028	Mood#Ind|Number#Sing|Person#3|Tense#Pres|VerbForm#Fin|Voice#Act
005.SCG*LB4.CP--++8.N.-6.37-3.40-6W18	licet	NO MATCH	lemma/110432	Tense#Pres|VerbForm#Inf|Voice#Pass
005.SCG*LB2.CP-3++4.N.-4.7-3.9-2W11	ens	NO MATCH	lemma/126689	Case#Acc|Degree#Pos|Gender#Neut|Number#Sing|Tense#Pres|VerbForm#Part|Voice#Act
005.SCG*LB4.CP--++7.N.24.20-1.21-5W7	excellentissima	NO MATCH	lemma/101840	Aspect#Imp|Case#Abl|Degree#Sup|Gender#Fem|Number#Sing|Tense#Pres|VerbForm#Part|Voice#Act
005.SCG*LB3.CP-6++6.N.-6.7-5.11-2W8	particulantes	NO MATCH	lemma/69686	Mood#Imp|Number#Sing|Person#2|Tense#Pres|VerbForm#Fin|Voice#Act
005.SCG*LB4.CP--++8.N.-3.31-1.33-6W13	oporteat	NO MATCH	lemma/115098	Tense#Pres|VerbForm#Inf|Voice#Act
005.SCG*LB3.CP14++8.N.-4.2-4.3-4W1	obiectum	NO MATCH	lemma/114227	Case#Nom|Degree#Pos|Gender#Neut|Number#Sing
005.SCG*LB2.CP-7++9.N.14.1-1.5-5W23	consequens	NO MATCH	lemma/96035	Case#Acc|Degree#Pos|Gender#Neut|Number#Sing|Tense#Pres|VerbForm#Part|Voice#Pass
005.SCG*LB3.CP10++2.N.-4.12-3.16-5W1	fiunt	NO MATCH	lemma/102758	Mood#Ind|Number#Plur|Person#3|Tense#Pres|VerbForm#Fin|Voice#Pass
005.SCG*LB4.CP-8++4.N.-2.20-1.22-5W15	consequens	NO MATCH	lemma/96035	Aspect#Imp|Case#Loc|Degree#Pos|Number#Sing|Tense#Pres|VerbForm#Part|Voice#Pass
005.SCG*LB3.CP15++4.N.-8.20-3.22-3W8	cooperante	NO MATCH	lemma/96509	Case#Abl|Degree#Pos|Gender#Masc|Number#Sing|Tense#Pres|VerbForm#Part|Voice#Pass
005.SCG*LB3.CP-5++4.N.-7.1-2.2-4W1	oportet	NO MATCH	lemma/115098	Tense#Pres|VerbForm#Inf|Voice#Act
005.SCG*LB3.CP12++0.N.24.10-1.12-4W10	pronuntiet	NO MATCH	lemma/73709	Aspect#Imp|Mood#Sub|Number#Sing|Person#3|Tense#Imp|VerbForm#Fin|Voice#Act
005.SCG*LB2.CP-2++1.N.-7.17-4.21-4W1	oportebit	NO MATCH	lemma/115098	Tense#Pres|VerbForm#Inf|Voice#Pass
005.SCG*LB3.CP-8++5.N.-7.1-2.3-4W8	diversificantur	NO MATCH	lemma/47852	Tense#Pres|VerbForm#Inf|Voice#Pass
005.SCG*LB2.CP-8++8.N.-7.6-1.8-6W4	fiat	NO MATCH	lemma/102758	Mood#Sub|Number#Sing|Person#3|Tense#Pres|VerbForm#Fin|Voice#Pass
005.SCG*LB4.CP-5++9.N.-4.1-1.4-2W14	consequentem	NO MATCH	lemma/96035	Aspect#Imp|Case#Acc|Degree#Pos|Gender#Fem|Number#Sing|Tense#Pres|VerbForm#Part|Voice#Pass
005.SCG*LB4.CP-6++1.N.-3.4-1.6-3W1	generans	NO MATCH	lemma/104453	Aspect#Imp|Case#Acc|Degree#Pos|Gender#Masc|Number#Sing|Tense#Pres|VerbForm#Part|Voice#Act
005.SCG*LB4.CP-4++9.N.-5.2-1.4-3W5	oportet	NO MATCH	lemma/115098	Mood#Ind|Number#Sing|Person#3|Tense#Pres|VerbForm#Fin|Voice#Act
005.SCG*LB3.CP-7++6.N.10.5-4.8-1W9	operando	NO MATCH	lemma/115028	Mood#Sub|Number#Sing|Person#3|Tense#Pres|VerbForm#Fin|Voice#Act
005.SCG*LB3.CP-1++6.N.-1.5-6.7-5W1	oportet	NO MATCH	lemma/115098	Mood#Ind|Number#Sing|Person#3|Tense#Pres|VerbForm#Fin|Voice#Act
005.SCG*LB2.CP-9++1.N.-8.1-2.4-1W5	proportionatam	NO MATCH	lemma/131413	Aspect#Imp|Mood#Ind|Number#Sing|Person#3|Tense#Pres|VerbForm#Fin|Voice#Act
005.SCG*LB3.CP-7++6.N.-6.6-4.9-3W12	fieret	NO MATCH	lemma/102758	Aspect#Imp|Mood#Sub|Number#Sing|Person#3|Tense#Imp|VerbForm#Fin|Voice#Pass
005.SCG*LB4.CP-5++4.N.-8.37-2.40-2W16	mortuis	NO MATCH	lemma/112796	Tense#Pres|VerbForm#Inf|Voice#Act
005.SCG*LB4.CP-1++1.N.18.16-4.21-4W2	oportet	NO MATCH	lemma/115098	Case#Nom|Degree#Pos|Gender#Fem|Number#Sing|VerbForm#Gdv|Voice#Pass
005.SCG*LB2.CP-8++2.N.10.8-5.10-2W12	mori	NO MATCH	lemma/112796	Mood#Ind|Number#Sing|Person#3|Tense#Pres|VerbForm#Fin|Voice#Act
005.SCG*LB1.CP-3++2.N.-7.6-4.10-1W11	oporteret	NO MATCH	lemma/115098	Mood#Ind|Number#Sing|Person#3|Tense#Pres|VerbForm#Fin|Voice#Act
005.SCG*LB4.CP-4++1.N.10.3-5.11-6W50	praeexistens	NO MATCH	lemma/131401	Mood#Ind|Number#Sing|Person#3|Tense#Pres|VerbForm#Fin|Voice#Act
005.SCG*LB2.CP-9++2.N.-6.5-1.11-4W7	proportionatum	NO MATCH	lemma/131413	Aspect#Perf|Case#Nom|Degree#Pos|Gender#Fem|Number#Sing|Tense#Past|VerbForm#Part|Voice#Pass
005.SCG*LB1.CP-1++3.N.22.23-3.25-5W6	oportet	NO MATCH	lemma/115098	Aspect#Perf|Case#Nom|Degree#Pos|Gender#Fem|Number#Sing|Tense#Past|VerbForm#Part|Voice#Pass
005.SCG*LB2.CP-8++2.N.13.14-2.15-1W4	fit	NO MATCH	lemma/102758	Mood#Ind|Number#Sing|Person#3|Tense#Pres|VerbForm#Fin|Voice#Pass
005.SCG*LB3.CP14++9.N.-4.1-2.3-2W2	proportionatur	NO MATCH	lemma/131413	Case#Nom|Degree#Pos|Gender#Neut|Number#Sing|Tense#Pres|VerbForm#Part|Voice#Act
005.SCG*LB3.CP-2++0.N.-7.14-4.17-2W13	licet	NO MATCH	lemma/110432	Mood#Ind|Number#Plur|Person#3|Tense#Pres|VerbForm#Fin|Voice#Act
005.SCG*LB2.CP-8++9.N.-3.11-3.16-4W21	abiiciunt	NO MATCH	lemma/86884	Mood#Ind|Number#Plur|Person#3|Tense#Pres|VerbForm#Fin|Voice#Act
005.SCG*LB4.CP-2++7.N.-4.2-6.4-4W10	mortuus	NO MATCH	lemma/112796	Mood#Ind|Number#Plur|Person#3|Tense#Pres|VerbForm#Fin|Voice#Pass
005.SCG*LB2.CP-7++5.N.-8.20-2.24-5W4	licet	NO MATCH	lemma/110432	Case#Nom|Degree#Pos|Gender#Masc|Number#Plur|Tense#Pres|VerbForm#Part|Voice#Act
005.SCG*LB3.CP-2++2.N.-2.4-6.6-6W6	operantis	NO MATCH	lemma/115028	Aspect#Perf|Mood#Ind|Number#Plur|Person#3|Tense#Past|VerbForm#Fin|Voice#Act
005.SCG*LB3.CP-6++2.N.10.10-1.13-2W11	oportet	NO MATCH	lemma/115098	Aspect#Imp|Mood#Ind|Number#Sing|Person#3|Tense#Pres|VerbForm#Fin|Voice#Act
005.SCG*LB3.CP11++2.N.-3.1-2.6-2W21	oportet	NO MATCH	lemma/115098	Case#Abl|Degree#Pos|Number#Sing|VerbForm#Ger|Voice#Act
005.SCG*LB1.CP-4++5.N.-3.7-2.8-4W1	oportet	NO MATCH	lemma/115098	Mood#Ind|Number#Sing|Person#3|Tense#Pres|VerbForm#Fin|Voice#Act
005.SCG*LB1.CP-2++0.N.27.1-1.5-5W31	essendi	NO MATCH	lemma/126689	Case#Gen|Degree#Pos|Number#Sing|VerbForm#Ger|Voice#Act
005.SCG*LB4.CP-9++5.N.-6.6-1.9-4W18	volito	NO MATCH	lemma/130745	Aspect#Perf|Case#Abl|Degree#Pos|Gender#Neut|Number#Sing|Tense#Past|VerbForm#Part|VerbType#Mod|Voice#Pass
005.SCG*LB2.CP-7++5.N.13.1-1.7-2W1	licet	NO MATCH	lemma/110432	Aspect#Imp|Case#Abl|Degree#Pos|Gender#Fem|Number#Plur|Tense#Pres|VerbForm#Part|Voice#Act
005.SCG*LB4.CP-3++4.N.26.12-2.17-1W2	oportet	NO MATCH	lemma/115098	Tense#Pres|VerbForm#Inf|Voice#Act
005.SCG*LB1.CP-4++2.N.-9.20-5.22-5W12	necesse-esse	NO MATCH	lemma/126689	Tense#Pres|VerbForm#Inf|Voice#Act
005.SCG*LB2.CP-5++6.N.11.2-7.5-1W9	oportet	NO MATCH	lemma/115098	Aspect#Imp|Case#Abl|Degree#Pos|Gender#Fem|Number#Sing|Tense#Pres|VerbForm#Part|Voice#Act
005.SCG*LB2.CP-7++8.N.12.7-2.14-2W31	utens	NO MATCH	lemma/130923	Case#Nom|Degree#Pos|Gender#Neut|Number#Sing|Tense#Pres|VerbForm#Part|Voice#Pass
005.SCG*LB1.CP-8++2.N.11.1-1.4-7W13	oportet	NO MATCH	lemma/115098	Tense#Pres|VerbForm#Inf|Voice#Act
005.SCG*LB1.CP-4++4.N.-8.7-3.9-2W1	oportet	NO MATCH	lemma/115098	Tense#Pres|VerbForm#Inf|Voice#Act
005.SCG*LB3.CP-6++4.N.-5.6-5.11-3W9	operentur	NO MATCH	lemma/115028	Aspect#Imp|Mood#Ind|Number#Sing|Person#3|Tense#Imp|VerbForm#Fin|Voice#Pass
005.SCG*LB3.CP-9++0.N.-9.5-1.11-2W4	sequens	NO MATCH	lemma/124461	Case#Nom|Degree#Pos|Gender#Masc|Number#Sing|Tense#Pres|VerbForm#Part|Voice#Pass
005.SCG*LB1.CP-5++0.N.-4.3-1.4-4W1	oportet	NO MATCH	lemma/115098	Mood#Ind|Number#Sing|Person#3|Tense#Pres|VerbForm#Fin|Voice#Pass
005.SCG*LB2.CP-6++3.N.-1.9-4.11-6W11	irascuntur	NO MATCH	lemma/108954	Case#Gen|Degree#Pos|Number#Sing|VerbForm#Ger|Voice#Act
005.SCG*LB1.CP-2++7.N.-5.4-4.6-4W10	essendi	NO MATCH	lemma/126689	Case#Gen|Degree#Pos|Number#Sing|VerbForm#Ger|Voice#Act
005.SCG*LB3.CP15++4.N.14.33-3.39-4W9	directe	NO MATCH	lemma/99575	Degree#Pos
005.SCG*LB1.CP-4++2.N.13.3-2.4-7W1	oportet	NO MATCH	lemma/115098	Mood#Sub|Number#Sing|Person#3|Tense#Pres|VerbForm#Fin|Voice#Act
005.SCG*LB4.CP-3++3.N.-3.10-4.14-6W13	oportet	NO MATCH	lemma/115098	Mood#Ind|Number#Sing|Person#3|Tense#Pres|VerbForm#Fin|Voice#Act
005.SCG*LB1.CP-6++3.N.-7.6-2.8-2W5	patitur	NO MATCH	lemma/116222	Aspect#Perf|Case#Abl|Degree#Pos|Gender#Fem|Number#Plur|Tense#Past|VerbForm#Part|Voice#Pass
005.SCG*LB4.CP-7++9.N.-8.5-7.8-6W12	fieri	NO MATCH	lemma/102758	Aspect#Imp|Tense#Pres|VerbForm#Inf|Voice#Pass
005.SCG*LB4.CP-1++7.N.11.6-7.7-5W3	loquatur	NO MATCH	lemma/110805	Mood#Ind|Number#Sing|Person#3|Tense#Pres|VerbForm#Fin|Voice#Pass
005.SCG*LB4.CP-5++5.N.25.1-1.4-5W14	mori	NO MATCH	lemma/112796	Tense#Pres|VerbForm#Inf|Voice#Act
005.SCG*LB2.CP-8++3.N.13.6-3.8-3W7	fit	NO MATCH	lemma/102758	Mood#Ind|Number#Sing|Person#3|Tense#Pres|VerbForm#Fin|Voice#Pass
005.SCG*LB1.CP-9++8.N.-2.6-5.10-9W22	oportet	NO MATCH	lemma/115098	Mood#Ind|Number#Sing|Person#3|Tense#Pres|VerbForm#Fin|Voice#Act
005.SCG*LB3.CP15++1.N.-6.1-2.3-3W7	constanter	NO MATCH	lemma/96151	Degree#Pos
005.SCG*LB3.CP-7++1.N.-5.1-2.4-2W5	operetur	NO MATCH	lemma/115028	Mood#Ind|Number#Sing|Person#3|Tense#Pres|VerbForm#Fin|Voice#Act
005.SCG*LB1.CP-5++0.N.-7.7-1.11-6W28	oportet	NO MATCH	lemma/115098	Mood#Ind|Number#Sing|Person#3|Tense#Pres|VerbForm#Fin|Voice#Act
005.SCG*LB2.CP-6++2.N.10.5-1.11-1W12	oportet	NO MATCH	lemma/115098	Aspect#Perf|Case#Acc|Degree#Pos|Gender#Fem|Number#Plur|Tense#Past|VerbForm#Part|Voice#Pass
005.SCG*LB3.CP13++4.N.-2.1-1.5-7W25	oporteat	NO MATCH	lemma/115098	Mood#Ind|Number#Sing|Person#3|Tense#Pres|VerbForm#Fin|Voice#Act
005.SCG*LB4.CP-4++2.N.-1.7-3.9-6W1	oportuit	NO MATCH	lemma/115098	Aspect#Imp|Mood#Sub|Number#Sing|Person#3|Tense#Imp|VerbForm#Fin|Voice#Act
005.SCG*LB2.CP--++2.N.-3.4-4.5-6W6	eminentior	NO MATCH	lemma/100978	Case#Nom|Degree#Cmp|Gender#Fem|Number#Sing|Tense#Pres|VerbForm#Part|Voice#Act
005.SCG*LB1.CP-2++6.N.-6.1-2.2-10W4	loquendo	NO MATCH	lemma/110805	Case#Nom|Degree#Cmp|Gender#Fem|Number#Sing|Tense#Pres|VerbForm#Part|Voice#Act
005.SCG*LB4.CP-5++8.N.-6.5-3.9-5W9	fit	NO MATCH	lemma/102758	Aspect#Imp|Mood#Ind|Number#Sing|Person#3|Tense#Pres|VerbForm#Fin|Voice#Pass
005.SCG*LB3.CP--++1.N.-6.15-1.19-2W11	sequentia	NO MATCH	lemma/124461	Case#Nom|Degree#Pos|Gender#Neut|Number#Plur|Tense#Pres|VerbForm#Part|Voice#Pass
005.SCG*LB2.CP-8++8.N.-4.9-5.11-2W5	fit	NO MATCH	lemma/102758	Mood#Ind|Number#Sing|Person#3|Tense#Pres|VerbForm#Fin|Voice#Pass
005.SCG*LB2.CP-3++5.N.-1.1-1.2-6W1	oportet	NO MATCH	lemma/115098	Aspect#Imp|Mood#Ind|Number#Sing|Person#3|Tense#Pres|VerbForm#Fin|Voice#Pass
005.SCG*LB2.CP-8++3.N.25.41-3.44-2W17	patiatur	NO MATCH	lemma/116222	Mood#Ind|Number#Sing|Person#3|Tense#Pres|VerbForm#Fin|Voice#Act
005.SCG*LB4.CP-4++3.N.-2.1-1.5-1W7	praeexistere	NO MATCH	lemma/131401	Mood#Ind|Number#Sing|Person#3|Tense#Pres|VerbForm#Fin|Voice#Act
005.SCG*LB3.CP13++6.N.17.1-1.5-6W34	deiici	NO MATCH	lemma/98373	Tense#Pres|VerbForm#Inf|Voice#Pass
005.SCG*LB3.CP-9++9.N.-2.4-3.7-5W21	agente	NO MATCH	lemma/88140	Case#Acc|Degree#Pos|Gender#Neut|Number#Sing|Tense#Pres|VerbForm#Part|Voice#Act
005.SCG*LB3.CP-9++8.N.-1.11-6.15-5W2	oportet	NO MATCH	lemma/115098	Aspect#Imp|Mood#Ind|Number#Sing|Person#3|Tense#Pres|VerbForm#Fin|Voice#Pass
005.SCG*LB2.CP-7++3.N.26.8-3.12-2W6	fiunt	NO MATCH	lemma/102758	Mood#Ind|Number#Plur|Person#3|Tense#Pres|VerbForm#Fin|Voice#Pass
005.SCG*LB2.CP-3++4.N.-4.4-6.5-7W10	incoepisset	NO MATCH	lemma/106965	Aspect#Perf|Mood#Sub|Number#Sing|Person#3|Tense#Pqp|VerbForm#Fin|Voice#Act
005.SCG*LB3.CP-9++7.N.-7.4-1.6-2W3	proportionata	NO MATCH	lemma/131413	Aspect#Perf|Case#Abl|Degree#Pos|Gender#Neut|Number#Plur|Tense#Past|VerbForm#Part|Voice#Pass
005.SCG*LB1.CP-2++0.N.12.6-3.9-3W1	oportebit	NO MATCH	lemma/115098	Tense#Pres|VerbForm#Inf|Voice#Act
005.SCG*LB4.CP-5++8.N.-4.7-1.11-3W10	fit	NO MATCH	lemma/102758	Aspect#Imp|Mood#Ind|Number#Sing|Person#3|Tense#Pres|VerbForm#Fin|Voice#Pass
005.SCG*LB2.CP-9++1.N.-8.1-2.4-1W3	oportet	NO MATCH	lemma/115098	Case#Nom|Degree#Pos|Gender#Masc|Number#Sing|Tense#Pres|VerbForm#Part|Voice#Act
005.SCG*LB2.CP-3++4.N.-3.7-2.8-3W1	oportet	NO MATCH	lemma/115098	Mood#Sub|Number#Sing|Person#3|Tense#Pres|VerbForm#Fin|Voice#Act
005.SCG*LB4.CP--++4.N.11.11-1.19-5W2	licet	NO MATCH	lemma/110432	Mood#Ind|Number#Sing|Person#3|Tense#Pres|VerbForm#Fin|Voice#Act
005.SCG*LB4.CP-1++7.N.14.6-1.7-3W8	loquitur	NO MATCH	lemma/110805	Mood#Ind|Number#Sing|Person#3|Tense#Pres|VerbForm#Fin|Voice#Pass
005.SCG*LB2.CP-3++5.N.-8.21-1.23-2W36	consequens	NO MATCH	lemma/96035	Case#Acc|Degree#Pos|Gender#Neut|Number#Sing|Tense#Pres|VerbForm#Part|Voice#Pass
005.SCG*LB4.CP-1++7.N.22.1-2.2-7W8	oportet	NO MATCH	lemma/115098	Tense#Pres|VerbForm#Inf|Voice#Act
005.SCG*LB3.CP--++5.N.-8.1-1.4-5W15	oportet	NO MATCH	lemma/115098	Mood#Ind|Number#Plur|Person#1|Tense#Pres|VerbForm#Fin|Voice#Act
005.SCG*LB1.CP-4++2.N.12.3-8.4-6W4	oportet	NO MATCH	lemma/115098	Aspect#Imp|Tense#Pres|VerbForm#Inf|Voice#Pass
005.SCG*LB3.CP--++5.N.11.13-2.16-5W22	proiiciens	NO MATCH	lemma/119771	Case#Nom|Degree#Pos|Gender#Masc|Number#Sing|Tense#Pres|VerbForm#Part|Voice#Act
005.SCG*LB1.CP--++8.N.-3.1-1.3-6W16	loquens	NO MATCH	lemma/110805	Tense#Pres|VerbForm#Inf|Voice#Act
005.SCG*LB1.CP-5++4.N.-4.12-5.15-4W6	complectitur	NO MATCH	lemma/95338	Mood#Ind|Number#Sing|Person#3|Tense#Pres|VerbForm#Fin|Voice#Pass
005.SCG*LB4.CP-5++6.N.-4.1-1.5-2W24	passi	NO MATCH	lemma/116222	Tense#Pres|VerbForm#Inf|Voice#Act
005.SCG*LB3.CP-2++6.N.19.35-4.42-3W16	congruentius	NO MATCH	lemma/95913	Degree#Cmp
005.SCG*LB4.CP-4++9.N.-7.10-7.14-1W3	oportet	NO MATCH	lemma/115098	Aspect#Perf|Case#Acc|Degree#Pos|Gender#Neut|Number#Plur|Tense#Past|VerbForm#Part|Voice#Pass
005.SCG*LB1.CP-9++2.N.-1.10-5.12-1W1	oportet	NO MATCH	lemma/115098	Aspect#Imp|Mood#Sub|Number#Sing|Person#3|Tense#Pres|VerbForm#Fin|Voice#Pass
005.SCG*LB1.CP-5++1.N.-2.8-4.11-3W3	superaddita	NO MATCH	lemma/131438	Aspect#Imp|Case#Abl|Degree#Pos|Gender#Neut|Number#Sing|Tense#Pres|VerbForm#Part|Voice#Act
005.SCG*LB3.CP-9++0.N.-1.1-1.3-3W5	oportet	NO MATCH	lemma/115098	Tense#Pres|VerbForm#Inf|Voice#Act
005.SCG*LB4.CP-5++6.N.-2.11-1.12-4W8	proportionata	NO MATCH	lemma/131413	Mood#Ind|Number#Sing|Person#3|Tense#Pres|VerbForm#Fin|Voice#Act
005.SCG*LB2.CP-7++7.N.-5.13-3.16-2W7	oporteret	NO MATCH	lemma/115098	Mood#Ind|Number#Sing|Person#3|Tense#Pres|VerbForm#Fin|Voice#Pass
005.SCG*LB3.CP11++0.N.-2.6-2.8-3W11	intense	NO MATCH	lemma/108382	Degree#Pos
005.SCG*LB4.CP-1++4.N.-8.18-4.23-6W25	puta	NO MATCH	lemma/120610	VerbForm#Fin
005.SCG*LB3.CP-5++2.N.-3.1-2.2-6W5	fit	NO MATCH	lemma/102758	Mood#Ind|Number#Sing|Person#3|Tense#Pres|VerbForm#Fin|Voice#Pass
005.SCG*LB3.CP12++0.N.21.1-2.5-5W9	fiant	NO MATCH	lemma/102758	Mood#Sub|Number#Plur|Person#3|Tense#Pres|VerbForm#Fin|Voice#Pass
005.SCG*LB3.CP-5++9.N.-1.12-5.14-2W8	supradicta	NO MATCH	lemma/131443	Mood#Ind|Number#Sing|Person#3|Tense#Pres|VerbForm#Fin|Voice#Act
005.SCG*LB3.CP10++4.N.-5.15-5.22-2W8	colloquentes	NO MATCH	lemma/94877	Case#Nom|Degree#Pos|Gender#Masc|Number#Plur|Tense#Pres|VerbForm#Part|Voice#Pass
005.SCG*LB3.CP--++2.N.-7.6-6.10-6W16	loquitur	NO MATCH	lemma/110805	Mood#Sub|Number#Sing|Person#3|Tense#Pres|VerbForm#Fin|Voice#Pass
005.SCG*LB3.CP-8++0.N.16.11-4.16-1W27	oportet	NO MATCH	lemma/115098	Aspect#Perf|Case#Nom|Degree#Pos|Gender#Masc|Number#Plur|Tense#Past|VerbForm#Part|Voice#Pass
005.SCG*LB1.CP-8++1.N.-4.11-2.14-1W18	essendi	NO MATCH	lemma/126689	Case#Gen|Degree#Pos|Number#Sing|VerbForm#Ger|Voice#Act
005.SCG*LB4.CP--++9.N.-3.1-1.5-2W11	loquens	NO MATCH	lemma/110805	Mood#Sub|Number#Sing|Person#3|Tense#Pres|VerbForm#Fin|Voice#Pass
005.SCG*LB3.CP14++6.N.--.1-1.2-1W3	licet	NO MATCH	lemma/110432	Tense#Pres|VerbForm#Inf|Voice#Act
005.SCG*LB1.CP-2++0.N.33.5-1.8-5W28	remotius	NO MATCH	lemma/122609	Aspect#Perf|Case#Nom|Degree#Cmp|Gender#Neut|Number#Sing|Tense#Past|VerbForm#Part|Voice#Pass
005.SCG*LB2.CP-4++6.N.--.1-1.3-1W2	oportuit	NO MATCH	lemma/115098	Mood#Ind|Number#Plur|Person#3|Tense#Pres|VerbForm#Fin|Voice#Act
005.SCG*LB3.CP-7++5.N.-5.9-6.13-2W7	operatur	NO MATCH	lemma/115028	Mood#Ind|Number#Sing|Person#3|Tense#Pres|VerbForm#Fin|Voice#Act
005.SCG*LB2.CP-8++3.N.29.7-2.11-1W3	oportet	NO MATCH	lemma/115098	Mood#Ind|Number#Sing|Person#3|Tense#Pres|VerbForm#Fin|Voice#Act
005.SCG*LB3.CP-7++2.N.-8.1-2.3-1W5	debite	NO MATCH	lemma/97963	Degree#Pos
005.SCG*LB2.CP-1++5.N.-5.9-4.10-5W5	essendi	NO MATCH	lemma/126689	Case#Gen|Degree#Pos|Number#Sing|VerbForm#Ger|Voice#Act
005.SCG*LB4.CP-3++4.N.-9.22-1.24-2W1	oportet	NO MATCH	lemma/115098	Case#Gen|Degree#Pos|Gender#Neut|Number#Sing|Tense#Pres|VerbForm#Part|Voice#Act
005.SCG*LB3.CP-8++5.N.-7.8-1.9-6W7	oporteret	NO MATCH	lemma/115098	Aspect#Perf|Case#Nom|Degree#Pos|Gender#Neut|Number#Sing|Tense#Past|VerbForm#Part|Voice#Pass
005.SCG*LB3.CP-5++3.N.-5.26-1.28-1W4	fiat	NO MATCH	lemma/102758	Mood#Sub|Number#Sing|Person#3|Tense#Pres|VerbForm#Fin|Voice#Pass
005.SCG*LB3.CP-6++3.N.-4.3-5.7-1W17	fiunt	NO MATCH	lemma/102758	Mood#Ind|Number#Plur|Person#3|Tense#Pres|VerbForm#Fin|Voice#Pass
005.SCG*LB3.CP--++2.N.-4.6-1.7-7W3	praeexigit	NO MATCH	lemma/131399	Mood#Ind|Number#Sing|Person#3|Tense#Fut|VerbForm#Fin|Voice#Act
005.SCG*LB2.CP-4++7.N.-3.17-2.18-1W7	operandum	NO MATCH	lemma/115028	Mood#Ind|Number#Sing|Person#3|Tense#Pres|VerbForm#Fin|Voice#Act
005.SCG*LB4.CP-7++9.N.-2.3-2.4-6W1	mori	NO MATCH	lemma/112796	Aspect#Perf|Case#Abl|Degree#Pos|Gender#Masc|Number#Sing|Tense#Past|VerbForm#Part|Voice#Pass
005.SCG*LB3.CP14++2.N.-3.7-3.8-4W3	fieret	NO MATCH	lemma/102758	Aspect#Imp|Mood#Sub|Number#Sing|Person#3|Tense#Imp|VerbForm#Fin|Voice#Pass
005.SCG*LB4.CP-4++2.N.-2.3-1.4-3W5	sortitur	NO MATCH	lemma/125211	Mood#Ind|Number#Sing|Person#3|Tense#Pres|VerbForm#Fin|Voice#Act
005.SCG*LB2.CP-7++5.N.-8.29-1.35-4W41	individuatur	NO MATCH	lemma/59198	Mood#Ind|Number#Sing|Person#3|Tense#Pres|VerbForm#Fin|Voice#Act
005.SCG*LB2.CP-3++7.N.-2.13-1.19-6W9	fieri	NO MATCH	lemma/102758	Tense#Pres|VerbForm#Inf|Voice#Pass
005.SCG*LB4.CP-5++5.N.-2.1-1.3-1W9	fieri	NO MATCH	lemma/102758	Aspect#Imp|Tense#Pres|VerbForm#Inf|Voice#Pass
005.SCG*LB1.CP-4++9.N.-3.1-2.3-5W7	praeexistit	NO MATCH	lemma/131401	Mood#Ind|Number#Plur|Person#3|Tense#Pres|VerbForm#Fin|Voice#Pass
005.SCG*LB3.CP13++2.N.27.1-1.9-2W25	oportere	NO MATCH	lemma/115098	Aspect#Imp|Mood#Ind|Number#Sing|Person#3|Tense#Pres|VerbForm#Fin|Voice#Act
005.SCG*LB3.CP-1++1.N.-4.7-5.8-4W1	oportet	NO MATCH	lemma/115098	Aspect#Imp|Mood#Ind|Number#Sing|Person#3|Tense#Pres|VerbForm#Fin|Voice#Act
005.SCG*LB1.CP--++4.N.-3.19-1.21-1W14	oportet	NO MATCH	lemma/115098	Mood#Sub|Number#Plur|Person#1|Tense#Pres|VerbForm#Fin|Voice#Act
005.SCG*LB3.CP-4++7.N.-3.1-1.10-4W11	oportet	NO MATCH	lemma/115098	Aspect#Perf|Case#Abl|Degree#Pos|Gender#Neut|Number#Plur|Tense#Past|VerbForm#Part|Voice#Pass
005.SCG*LB4.CP-5++5.N.12.1-1.5-5W2	licet	NO MATCH	lemma/110432	Aspect#Imp|Tense#Pres|VerbForm#Inf|Voice#Act
005.SCG*LB3.CP-7++6.N.-4.18-2.21-4W1	oportet	NO MATCH	lemma/115098	Tense#Pres|VerbForm#Inf|Voice#Pass
005.SCG*LB4.CP-2++4.N.-8.14-7.16-2W1	oportet	NO MATCH	lemma/115098	Mood#Ind|Number#Sing|Person#3|Tense#Pres|VerbForm#Fin|Voice#Act
005.SCG*LB4.CP-2++1.N.-2.23-1.29-1W37	operatum	NO MATCH	lemma/115028	Tense#Pres|VerbForm#Inf|Voice#Act
005.SCG*LB2.CP-9++8.N.-4.15-3.18-3W4	oportet	NO MATCH	lemma/115098	Mood#Ind|Number#Sing|Person#3|Tense#Pres|VerbForm#Fin|Voice#Act
005.SCG*LB1.CP-6++5.N.-3.12-7.16-3W18	individuatae	NO MATCH	lemma/59198	Mood#Ind|Number#Sing|Person#3|Tense#Pres|VerbForm#Fin|Voice#Act
005.SCG*LB4.CP-3++4.N.22.10-3.12-4W22	fieret	NO MATCH	lemma/102758	Aspect#Imp|Mood#Sub|Number#Sing|Person#3|Tense#Imp|VerbForm#Fin|Voice#Pass
005.SCG*LB2.CP-5++7.N.-6.13-1.17-6W30	irasci	NO MATCH	lemma/108954	Case#Acc|Degree#Pos|Gender#Masc|Number#Sing|Tense#Fut|VerbForm#Part|Voice#Act
005.SCG*LB3.CP10++4.N.-1.1-1.7-2W14	fiunt	NO MATCH	lemma/102758	Mood#Ind|Number#Plur|Person#3|Tense#Pres|VerbForm#Fin|Voice#Pass
005.SCG*LB3.CP-8++6.N.-9.4-5.7-3W8	oportet	NO MATCH	lemma/115098	Case#Gen|Degree#Pos|Gender#Masc|Number#Sing|Tense#Pres|VerbForm#Part|Voice#Act
005.SCG*LB4.CP-7++2.N.10.1-1.4-2W5	fit	NO MATCH	lemma/102758	Aspect#Imp|Mood#Ind|Number#Sing|Person#3|Tense#Pres|VerbForm#Fin|Voice#Pass
005.SCG*LB3.CP-6++5.N.-6.1-2.3-4W11	praesupponit	NO MATCH	lemma/131408	Aspect#Imp|Mood#Ind|Number#Sing|Person#3|Tense#Pres|VerbForm#Fin|Voice#Pass
005.SCG*LB4.CP-4++6.N.-5.6-2.7-1W1	convenienter	NO MATCH	lemma/96424	Degree#Pos
005.SCG*LB2.CP-2++1.N.-4.10-1.11-5W4	essendi	NO MATCH	lemma/126689	Case#Gen|Degree#Pos|Number#Sing|VerbForm#Ger|Voice#Act
005.SCG*LB4.CP--++8.N.-6.30-9.34-8W16	licet	NO MATCH	lemma/110432	Tense#Pres|VerbForm#Inf|Voice#Act
005.SCG*LB3.CP15++4.N.-8.20-3.22-3W13	sequentibus	NO MATCH	lemma/124461	Case#Abl|Degree#Pos|Gender#Neut|Number#Plur|Tense#Pres|VerbForm#Part|Voice#Pass
005.SCG*LB4.CP-3++6.N.-7.11-5.16-5W26	operatur	NO MATCH	lemma/115028	Mood#Ind|Number#Sing|Person#3|Tense#Pres|VerbForm#Fin|VerbType#Mod|Voice#Act
005.SCG*LB3.CP-2++6.N.19.1-1.4-1W3	oportet	NO MATCH	lemma/115098	Aspect#Imp|Mood#Ind|Number#Plur|Person#1|Tense#Pres|VerbForm#Fin|VerbType#Mod|Voice#Act
005.SCG*LB3.CP-9++9.N.-7.3-5.5-5W5	proportionata	NO MATCH	lemma/131413	Mood#Ind|Number#Sing|Person#3|Tense#Pres|VerbForm#Fin|Voice#Act
005.SCG*LB4.CP--++1.N.12.16-4.18-2W8	loquar	NO MATCH	lemma/110805	Aspect#Imp|Mood#Ind|Number#Sing|Person#3|Tense#Pres|VerbForm#Fin|Voice#Act
005.SCG*LB2.CP-7++5.N.-2.7-2.11-7W22	individuatus	NO MATCH	lemma/59198	Mood#Ind|Number#Sing|Person#3|Tense#Pres|VerbForm#Fin|Voice#Act
005.SCG*LB4.CP-7++4.N.-7.6-5.12-1W18	oportet	NO MATCH	lemma/115098	Mood#Ind|Number#Sing|Person#3|Tense#Pres|VerbForm#Fin|Voice#Act
005.SCG*LB3.CP13++5.N.-1.1-1.4-2W9	oportet	NO MATCH	lemma/115098	Case#Nom|Degree#Pos|Gender#Fem|Number#Sing|Tense#Pres|VerbForm#Part|VerbType#Mod|Voice#Act
005.SCG*LB4.CP-3++4.N.22.15-3.19-2W1	oportet	NO MATCH	lemma/115098	Mood#Sub|Number#Sing|Person#3|Tense#Pres|VerbForm#Fin|Voice#Act
005.SCG*LB2.CP-1++7.N.-4.1-2.3-3W6	oportet	NO MATCH	lemma/115098	Aspect#Imp|Mood#Ind|Number#Sing|Person#3|Tense#Pres|VerbForm#Fin|Voice#Act
005.SCG*LB4.CP-4++4.N.-4.5-2.7-3W3	fit	NO MATCH	lemma/102758	Aspect#Imp|Mood#Ind|Number#Sing|Person#3|Tense#Pres|VerbForm#Fin|Voice#Pass
005.SCG*LB4.CP--++7.N.11.6-4.7-2W7	loquens	NO MATCH	lemma/110805	Mood#Ind|Number#Sing|Person#3|Tense#Pres|VerbForm#Fin|Voice#Act
005.SCG*LB4.CP--++6.N.-1.36-6.41-3W19	oportebat	NO MATCH	lemma/115098	Mood#Sub|Number#Sing|Person#3|Tense#Pres|VerbForm#Fin|Voice#Act
005.SCG*LB4.CP-4++3.N.-5.9-4.12-6W5	oportuisset	NO MATCH	lemma/115098	Mood#Sub|Number#Sing|Person#3|Tense#Pres|VerbForm#Fin|Voice#Act
005.SCG*LB2.CP-3++3.N.-4.1-2.5-3W8	oportet	NO MATCH	lemma/115098	Tense#Pres|VerbForm#Inf|Voice#Act
005.SCG*LB3.CP10++2.N.-7.12-6.14-5W4	fiunt	NO MATCH	lemma/102758	Mood#Ind|Number#Plur|Person#3|Tense#Pres|VerbForm#Fin|Voice#Pass
005.SCG*LB4.CP-1++7.N.19.7-3.10-1W10	loquitur	NO MATCH	lemma/110805	Mood#Ind|Number#Sing|Person#3|Tense#Pres|VerbForm#Fin|Voice#Act
005.SCG*LB4.CP-1++7.N.23.6-7.8-4W9	operatur	NO MATCH	lemma/115028	Tense#Pres|VerbForm#Inf|Voice#Act
005.SCG*LB1.CP10++2.N.-9.7-1.9-6W4	excellentissimam	NO MATCH	lemma/101840	Case#Acc|Degree#Sup|Gender#Fem|Number#Sing|Tense#Pres|VerbForm#Part|Voice#Act
005.SCG*LB1.CP-7++6.N.-4.14-7.16-8W4	semotim	NO MATCH	lemma/124293	Degree#Pos
005.SCG*LB3.CP10++9.N.-9.9-8.14-4W28	sequentis	NO MATCH	lemma/124461	Case#Gen|Degree#Pos|Gender#Masc|Number#Sing|Tense#Pres|VerbForm#Part|Voice#Pass
005.SCG*LB3.CP-2++8.N.-4.4-2.6-1W1	oportet	NO MATCH	lemma/115098	Mood#Ind|Number#Plur|Person#1|Tense#Pres|VerbForm#Fin|Voice#Act
005.SCG*LB1.CP-5++3.N.-4.1-1.7-1W25	oportet	NO MATCH	lemma/115098	Mood#Ind|Number#Sing|Person#3|Tense#Pres|VerbForm#Fin|Voice#Act
005.SCG*LB3.CP-2++5.N.11.8-5.10-2W6	arbitramur	NO MATCH	lemma/89778	Tense#Pres|VerbForm#Inf|Voice#Act
005.SCG*LB2.CP-4++3.N.-5.7-5.9-3W8	oportet	NO MATCH	lemma/115098	Tense#Pres|VerbForm#Inf|Voice#Act
005.SCG*LB4.CP-3++4.N.22.43-3.47-2W4	praeexisteret	NO MATCH	lemma/131401	Tense#Pres|VerbForm#Inf|Voice#Act
005.SCG*LB2.CP-3++5.N.-6.9-6.17-3W29	oporteat	NO MATCH	lemma/115098	Mood#Sub|Number#Sing|Person#3|Tense#Pres|VerbForm#Fin|Voice#Act
005.SCG*LB2.CP--++7.N.-2.3-2.4-1W7	essendi	NO MATCH	lemma/126689	Case#Gen|Degree#Pos|Number#Sing|VerbForm#Ger|Voice#Act
005.SCG*LB4.CP-2++3.N.-6.14-1.15-8W4	fit	NO MATCH	lemma/102758	Aspect#Imp|Mood#Ind|Number#Sing|Person#3|Tense#Pres|VerbForm#Fin|Voice#Pass
005.SCG*LB3.CP--++2.N.-4.13-1.22-5W11	oportet	NO MATCH	lemma/115098	Tense#Pres|VerbForm#Inf|Voice#Act
005.SCG*LB4.CP-8++3.N.17.23-2.25-3W16	mori	NO MATCH	lemma/112796	Aspect#Imp|Case#Nom|Degree#Pos|Gender#Masc|Number#Sing|Tense#Pres|VerbForm#Part|Voice#Act
005.SCG*LB2.CP-9++1.N.-2.20-4.22-3W8	oportet	NO MATCH	lemma/115098	Mood#Ind|Number#Sing|Person#3|Tense#Pres|VerbForm#Fin|Voice#Pass
005.SCG*LB2.CP-2++0.N.-2.8-1.9-2W3	fit	NO MATCH	lemma/102758	Mood#Ind|Number#Sing|Person#3|Tense#Pres|VerbForm#Fin|Voice#Pass
005.SCG*LB1.CP10++0.N.-5.4-3.6-3W1	oportet	NO MATCH	lemma/115098	Mood#Ind|Number#Sing|Person#3|Tense#Pres|VerbForm#Fin|Voice#Act
005.SCG*LB3.CP-8++6.N.11.7-1.10-4W5	licet	NO MATCH	lemma/110432	Aspect#Imp|Mood#Sub|Number#Sing|Person#3|Tense#Imp|VerbForm#Fin|Voice#Pass
005.SCG*LB2.CP-8++9.N.11.1-1.6-3W15	oportet	NO MATCH	lemma/115098	Aspect#Imp|Mood#Sub|Number#Sing|Person#3|Tense#Imp|VerbForm#Fin|Voice#Act
005.SCG*LB2.CP-2++3.N.-7.2-8.4-8W9	oportet	NO MATCH	lemma/115098	Mood#Ind|Number#Sing|Person#3|Tense#Pres|VerbForm#Fin|Voice#Act
005.SCG*LB3.CP14++1.N.-9.9-4.15-1W29	licet	NO MATCH	lemma/110432	Aspect#Perf|Case#Acc|Degree#Pos|Number#Sing|VerbForm#Ger|Voice#Act
005.SCG*LB3.CP10++4.N.10.7-2.10-4W18	oportet	NO MATCH	lemma/115098	Aspect#Perf|Tense#Past|VerbForm#Inf|Voice#Act
005.SCG*LB4.CP-2++3.N.-3.7-1.9-2W2	oportet	NO MATCH	lemma/115098	Aspect#Imp|Mood#Ind|Number#Sing|Person#3|Tense#Pres|VerbForm#Fin|Voice#Act
005.SCG*LB3.CP15++4.N.17.1-1.7-4W17	fiunt	NO MATCH	lemma/102758	Mood#Ind|Number#Plur|Person#3|Tense#Pres|VerbForm#Fin|Voice#Pass
005.SCG*LB3.CP15++3.N.-2.7-1.9-7W1	oportet	NO MATCH	lemma/115098	Aspect#Perf|Case#Nom|Degree#Pos|Gender#Neut|Number#Sing|Tense#Past|VerbForm#Part|Voice#Pass
005.SCG*LB2.CP-3++8.N.14.11-1.13-6W17	revertuntur	NO MATCH	lemma/122808	Mood#Ind|Number#Sing|Person#3|Tense#Pres|VerbForm#Fin|Voice#Act
005.SCG*LB2.CP-9++8.N.16.1-2.3-4W5	operatur	NO MATCH	lemma/115028	Mood#Ind|Number#Sing|Person#3|Tense#Pres|VerbForm#Fin|Voice#Act
005.SCG*LB1.CP-4++2.N.-9.10-4.13-5W8	essendi	NO MATCH	lemma/126689	Case#Gen|Degree#Pos|Number#Sing|VerbForm#Ger|Voice#Act
005.SCG*LB3.CP13++3.N.-4.1-1.6-6W31	licitum	NO MATCH	lemma/110432	Mood#Ind|Number#Plur|Person#3|Tense#Pres|VerbForm#Fin|Voice#Act
005.SCG*LB4.CP-3++4.N.29.6-1.8-1W19	mortuis	NO MATCH	lemma/112796	Mood#Ind|Number#Sing|Person#3|Tense#Fut|VerbForm#Fin|Voice#Pass
005.SCG*LB3.CP15++0.N.-2.8-1.9-2W7	operatur	NO MATCH	lemma/115028	Aspect#Perf|Case#Nom|Degree#Pos|Gender#Neut|Number#Plur|Tense#Past|VerbForm#Part|Voice#Pass
005.SCG*LB4.CP-1++0.N.10.14-5.16-4W12	praeintelligatur	NO MATCH	lemma/131403	Aspect#Imp|Mood#Sub|Number#Sing|Person#3|Tense#Pres|VerbForm#Fin|Voice#Act
005.SCG*LB1.CP-6++4.N.-1.1-1.5-5W14	oportet	NO MATCH	lemma/115098	Mood#Sub|Number#Sing|Person#3|Tense#Pres|VerbForm#Fin|Voice#Act
005.SCG*LB1.CP-6++2.N.-5.13-3.18-2W11	oportet	NO MATCH	lemma/115098	Mood#Ind|Number#Sing|Person#3|Tense#Pres|VerbForm#Fin|Voice#Pass
005.SCG*LB3.CP-6++1.N.-5.14-1.16-5W5	fit	NO MATCH	lemma/102758	Mood#Ind|Number#Sing|Person#3|Tense#Pres|VerbForm#Fin|Voice#Pass
005.SCG*LB2.CP-1++3.N.-2.1-1.4-4W11	oporteret	NO MATCH	lemma/115098	Mood#Ind|Number#Sing|Person#3|Tense#Pres|VerbForm#Fin|Voice#Act
005.SCG*LB3.CP14++1.N.-9.9-4.15-1W24	absolute	NO MATCH	lemma/87018	Degree#Pos
005.SCG*LB3.CP-5++8.N.-8.1-1.7-2W15	licet	NO MATCH	lemma/110432	Aspect#Imp|Mood#Ind|Number#Sing|Person#3|Tense#Pres|VerbForm#Fin|Voice#Pass
005.SCG*LB3.CP10++0.N.-6.4-2.5-3W7	artificiatum	NO MATCH	lemma/131268	Mood#Ind|Number#Sing|Person#3|Tense#Pres|VerbForm#Fin|Voice#Act
005.SCG*LB4.CP-5++1.N.-9.1-2.5-4W13	oportet	NO MATCH	lemma/115098	Aspect#Imp|Mood#Ind|Number#Sing|Person#3|Tense#Pres|VerbForm#Fin|Voice#Act
005.SCG*LB2.CP-3++0.N.17.11-1.14-1W2	oportet	NO MATCH	lemma/115098	Mood#Ind|Number#Plur|Person#3|Tense#Pres|VerbForm#Fin|Voice#Pass
005.SCG*LB2.CP-4++0.N.-5.3-3.5-8W9	fit	NO MATCH	lemma/102758	Mood#Ind|Number#Sing|Person#3|Tense#Pres|VerbForm#Fin|Voice#Pass
005.SCG*LB1.CP-2++8.N.-7.13-2.16-9W1	oportet	NO MATCH	lemma/115098	Aspect#Perf|Case#Nom|Degree#Pos|Gender#Neut|Number#Sing|Tense#Past|VerbForm#Part|Voice#Pass
005.SCG*LB2.CP-9++0.N.-2.19-3.22-3W1	oportet	NO MATCH	lemma/115098	Aspect#Imp|Tense#Pres|VerbForm#Inf|Voice#Pass
005.SCG*LB4.CP-6++8.N.-2.4-2.5-5W4	locutus	NO MATCH	lemma/110805	Tense#Pres|VerbForm#Inf|Voice#Act
005.SCG*LB4.CP-7++7.N.-6.3-1.4-1W10	rimatur	NO MATCH	lemma/122840	Aspect#Perf|Case#Nom|Degree#Pos|Gender#Masc|Number#Sing|Tense#Past|VerbForm#Part|Voice#Pass
005.SCG*LB4.CP-4++1.N.10.3-5.11-6W43	fiat	NO MATCH	lemma/102758	Aspect#Imp|Mood#Sub|Number#Sing|Person#3|Tense#Pres|VerbForm#Fin|Voice#Pass
005.SCG*LB4.CP-3++4.N.19.1-2.2-3W4	fit	NO MATCH	lemma/102758	Aspect#Imp|Mood#Ind|Number#Sing|Person#3|Tense#Pres|VerbForm#Fin|Voice#Pass
005.SCG*LB2.CP-1++9.N.-4.10-5.12-3W11	praeexistentem	NO MATCH	lemma/131401	Aspect#Perf|Case#Dat|Degree#Pos|Gender#Fem|Number#Sing|Tense#Past|VerbForm#Part|Voice#Pass
005.SCG*LB3.CP-5++2.N.-4.1-2.6-5W16	oportet	NO MATCH	lemma/115098	Mood#Sub|Number#Plur|Person#3|Tense#Pres|VerbForm#Fin|Voice#Act
005.SCG*LB4.CP-2++3.N.-8.26-1.30-4W12	abundantius	NO MATCH	lemma/87053	Degree#Cmp
005.SCG*LB3.CP14++7.N.-6.18-5.22-1W1	oportet	NO MATCH	lemma/115098	Aspect#Imp|Mood#Ind|Number#Plur|Person#3|Tense#Pres|VerbForm#Fin|Voice#Act
005.SCG*LB4.CP--++3.N.-1.17-4.18-5W9	consequentibus	NO MATCH	lemma/96035	Aspect#Imp|Case#Abl|Degree#Pos|Gender#Neut|Number#Plur|Tense#Pres|VerbForm#Part|Voice#Pass
005.SCG*LB1.CP-3++2.N.-3.8-3.11-2W18	essendi	NO MATCH	lemma/126689	Case#Gen|Degree#Pos|Number#Sing|VerbForm#Ger|Voice#Act
005.SCG*LB1.CP-4++2.N.11.8-6.10-2W11	necesse-esse	NO MATCH	lemma/126689	Tense#Pres|VerbForm#Inf|Voice#Act
005.SCG*LB2.CP-4++5.N.-3.1-2.4-2W14	fiunt	NO MATCH	lemma/102758	Mood#Ind|Number#Plur|Person#3|Tense#Pres|VerbForm#Fin|Voice#Pass
005.SCG*LB3.CP-6++7.N.-4.14-2.17-5W11	operandum	NO MATCH	lemma/115028	Mood#Ind|Number#Sing|Person#3|Tense#Pres|VerbForm#Fin|Voice#Act
005.SCG*LB2.CP-9++1.N.-8.18-3.27-1W6	oportet	NO MATCH	lemma/115098	Tense#Pres|VerbForm#Inf|Voice#Act
005.SCG*LB3.CP15++1.N.-6.5-3.9-5W11	fieri	NO MATCH	lemma/102758	Tense#Pres|VerbForm#Inf|Voice#Pass
005.SCG*LB2.CP-2++1.N.10.14-3.15-7W13	fiet	NO MATCH	lemma/102758	Mood#Ind|Number#Sing|Person#3|Tense#Fut|VerbForm#Fin|Voice#Pass
005.SCG*LB2.CP-3++5.N.-5.6-7.9-5W15	incoepit	NO MATCH	lemma/106965	Aspect#Perf|Mood#Ind|Number#Sing|Person#3|Tense#Past|VerbForm#Fin|Voice#Act
005.SCG*LB3.CP-9++7.N.-3.26-4.27-4W7	speculanti	NO MATCH	lemma/125314	Case#Dat|Degree#Pos|Gender#Masc|Number#Sing|Tense#Pres|VerbForm#Part|Voice#Pass
005.SCG*LB2.CP-5++9.N.14.7-5.12-4W8	fiunt	NO MATCH	lemma/102758	Mood#Ind|Number#Plur|Person#3|Tense#Pres|VerbForm#Fin|Voice#Pass
005.SCG*LB4.CP-7++9.N.-2.5-1.7-4W6	mori	NO MATCH	lemma/112796	Mood#Sub|Number#Sing|Person#3|Tense#Pres|VerbForm#Fin|Voice#Act
005.SCG*LB1.CP-4++2.N.-9.53-3.54-5W5	necesse-esse	NO MATCH	lemma/126689	Tense#Pres|VerbForm#Inf|Voice#Act
005.SCG*LB3.CP13++5.N.17.8-6.14-3W17	fiunt	NO MATCH	lemma/102758	Mood#Ind|Number#Plur|Person#3|Tense#Pres|VerbForm#Fin|Voice#Pass
005.SCG*LB3.CP13++2.N.-4.3-6.5-4W7	sectantur	NO MATCH	lemma/123964	Aspect#Imp|Mood#Ind|Number#Plur|Person#3|Tense#Pres|VerbForm#Fin|Voice#Pass
005.SCG*LB1.CP-8++0.N.-2.4-5.6-6W4	volito	NO MATCH	lemma/130745	Aspect#Perf|Case#Abl|Degree#Pos|Gender#Neut|Number#Sing|Tense#Past|VerbForm#Part|VerbType#Mod|Voice#Pass
005.SCG*LB2.CP-8++8.N.-7.9-7.10-6W4	fieri	NO MATCH	lemma/102758	Tense#Pres|VerbForm#Inf|Voice#Pass
005.SCG*LB4.CP-5++2.N.14.4-6.7-5W7	superadditum	NO MATCH	lemma/131438	Case#Nom|Degree#Pos|Gender#Fem|Number#Plur|Tense#Pres|VerbForm#Part|Voice#Act
005.SCG*LB2.CP-1++0.N.-1.23-1.24-6W6	loquendo	NO MATCH	lemma/110805	Case#Nom|Degree#Pos|Gender#Masc|Number#Sing|Tense#Pres|VerbForm#Part|Voice#Act
005.SCG*LB3.CP10++2.N.-6.15-1.18-3W5	fiunt	NO MATCH	lemma/102758	Mood#Ind|Number#Plur|Person#3|Tense#Pres|VerbForm#Fin|Voice#Pass
005.SCG*LB4.CP-5++5.N.19.21-5.25-1W21	pati	NO MATCH	lemma/116222	Mood#Ind|Number#Plur|Person#3|Tense#Pres|VerbForm#Fin|Voice#Pass
005.SCG*LB3.CP-5++7.N.-2.4-3.6-6W3	fit	NO MATCH	lemma/102758	Mood#Ind|Number#Sing|Person#3|Tense#Pres|VerbForm#Fin|Voice#Pass
005.SCG*LB1.CP-6++8.N.-7.3-1.3-5W1	scrutans	NO MATCH	lemma/123886	Case#Abl|Degree#Pos|Number#Sing|VerbForm#Ger|Voice#Act
005.SCG*LB2.CP-3++7.N.-4.4-3.7-5W10	essendi	NO MATCH	lemma/126689	Case#Gen|Degree#Pos|Number#Sing|VerbForm#Ger|Voice#Act
005.SCG*LB3.CP-1++8.N.-5.3-3.8-7W24	largiatur	NO MATCH	lemma/109940	Aspect#Imp|Mood#Ind|Number#Plur|Person#3|Tense#Fut|VerbForm#Fin|Voice#Act
005.SCG*LB2.CP-4++1.N.-2.1-1.4-3W16	oportet	NO MATCH	lemma/115098	Mood#Ind|Number#Sing|Person#3|Tense#Pres|VerbForm#Fin|Voice#Act
005.SCG*LB1.CP10++0.N.-4.25-1.27-1W16	operetur	NO MATCH	lemma/115028	Aspect#Perf|Mood#Ind|Number#Plur|Person#3|Tense#Past|VerbForm#Fin|Voice#Act
005.SCG*LB2.CP-7++5.N.15.32-2.40-1W26	fit	NO MATCH	lemma/102758	Mood#Ind|Number#Sing|Person#3|Tense#Pres|VerbForm#Fin|Voice#Pass
005.SCG*LB3.CP10++6.N.-2.9-1.9-6W2	utentes	NO MATCH	lemma/130923	Case#Nom|Degree#Pos|Gender#Masc|Number#Plur|Tense#Pres|VerbForm#Part|Voice#Pass
005.SCG*LB4.CP-5++5.N.19.32-2.35-5W23	abiectissimam	NO MATCH	lemma/86884	Aspect#Perf|Case#Acc|Degree#Sup|Gender#Fem|Number#Sing|Tense#Past|VerbForm#Part|Voice#Pass
005.SCG*LB3.CP-2++6.N.10.10-3.13-4W2	oportet	NO MATCH	lemma/115098	Case#Nom|Degree#Pos|Gender#Neut|Number#Sing|VerbForm#Gdv|Voice#Pass
005.SCG*LB2.CP-8++9.N.19.6-6.8-5W1	licet	NO MATCH	lemma/110432	Mood#Sub|Number#Sing|Person#3|Tense#Pres|VerbForm#Fin|Voice#Act
005.SCG*LB1.CP-7++1.N.12.10-2.11-5W3	consequens	NO MATCH	lemma/96035	Case#Acc|Degree#Pos|Gender#Neut|Number#Sing|Tense#Pres|VerbForm#Part|Voice#Pass
005.SCG*LB1.CP-9++1.N.12.21-5.23-1W6	patiens	NO MATCH	lemma/116222	Mood#Ind|Number#Sing|Person#3|Tense#Pres|VerbForm#Fin|Voice#Act
005.SCG*LB4.CP-3++4.N.19.10-1.11-3W1	oportet	NO MATCH	lemma/115098	Mood#Ind|Number#Sing|Person#3|Tense#Pres|VerbForm#Fin|Voice#Act
005.SCG*LB2.CP-3++6.N.-5.8-1.10-1W11	sequentibus	NO MATCH	lemma/124461	Case#Abl|Degree#Pos|Gender#Neut|Number#Plur|Tense#Pres|VerbForm#Part|Voice#Pass
005.SCG*LB2.CP-1++5.N.-2.35-3.37-5W14	oportet	NO MATCH	lemma/115098	Aspect#Imp|Mood#Ind|Number#Sing|Person#3|Tense#Pres|VerbForm#Fin|VerbType#Mod|Voice#Act
005.SCG*LB2.CP-1++2.N.-3.8-1.10-9W3	licet	NO MATCH	lemma/110432	Aspect#Perf|Mood#Ind|Number#Plur|Person#3|Tense#Past|VerbForm#Fin|Voice#Act
005.SCG*LB4.CP--++7.N.20.21-4.22-8W1	oportet	NO MATCH	lemma/115098	Mood#Sub|Number#Sing|Person#3|Tense#Pres|VerbForm#Fin|VerbType#Mod|Voice#Act
005.SCG*LB2.CP--++6.N.-5.6-3.8-2W16	essendi	NO MATCH	lemma/126689	Case#Gen|Degree#Pos|Number#Sing|VerbForm#Ger|Voice#Act
005.SCG*LB3.CP10++4.N.-6.11-2.12-4W6	fieri	NO MATCH	lemma/102758	Tense#Pres|VerbForm#Inf|Voice#Pass
005.SCG*LB3.CP10++2.N.-7.9-4.12-5W1	oportet	NO MATCH	lemma/115098	Mood#Ind|Number#Sing|Person#3|Tense#Pres|VerbForm#Fin|Voice#Act
005.SCG*LB4.CP-1++2.N.-2.14-4.15-1W3	fit	NO MATCH	lemma/102758	Aspect#Imp|Mood#Ind|Number#Sing|Person#3|Tense#Pres|VerbForm#Fin|Voice#Pass
005.SCG*LB2.CP-6++8.N.-7.9-2.11-4W15	superexcedit	NO MATCH	lemma/131440	Aspect#Imp|Mood#Ind|Number#Sing|Person#3|Tense#Imp|VerbForm#Fin|Voice#Act
005.SCG*LB1.CP-7++2.N.-2.2-5.5-4W19	volitum	NO MATCH	lemma/130745	Aspect#Perf|Case#Nom|Degree#Pos|Gender#Neut|Number#Sing|Tense#Past|VerbForm#Part|VerbType#Mod|Voice#Pass
005.SCG*LB1.CP-2++6.N.10.18-1.23-3W7	apertius	NO MATCH	lemma/89397	Degree#Cmp
005.SCG*LB3.CP-8++5.N.-7.6-5.7-5W5	consequens	NO MATCH	lemma/96035	Case#Nom|Degree#Pos|Gender#Fem|Number#Sing|Tense#Pres|VerbForm#Part|Voice#Pass
005.SCG*LB1.CP--++2.N.-3.2-6.6-1W11	dicta	NO MATCH	lemma/99302	Case#Nom|Degree#Pos|Gender#Neut|Number#Plur
005.SCG*LB3.CP12++7.N.-4.21-1.27-2W16	puta	NO MATCH	lemma/120610	
005.SCG*LB4.CP-2++6.N.-2.5-5.9-1W6	oportet	NO MATCH	lemma/115098	Mood#Ind|Number#Sing|Person#3|Tense#Pres|VerbForm#Fin|Voice#Act
005.SCG*LB3.CP-2++4.N.-8.1-1.5-6W12	eminentius	NO MATCH	lemma/100978	Case#Nom|Degree#Cmp|Gender#Neut|Number#Sing|Tense#Pres|VerbForm#Part|Voice#Act
005.SCG*LB1.CP-4++3.N.13.11-7.13-7W13	oportet	NO MATCH	lemma/115098	Mood#Sub|Number#Plur|Person#3|Tense#Pres|VerbForm#Fin|Voice#Act
005.SCG*LB3.CP15++4.N.13.6-5.12-5W4	fiat	NO MATCH	lemma/102758	Mood#Sub|Number#Sing|Person#3|Tense#Pres|VerbForm#Fin|Voice#Pass
005.SCG*LB4.CP-5++3.N.26.1-2.5-3W7	sufficienter	NO MATCH	lemma/126601	Degree#Pos
005.SCG*LB3.CP10++1.N.-1.10-1.11-4W4	miratur	NO MATCH	lemma/112442	Tense#Pres|VerbForm#Inf|Voice#Pass
005.SCG*LB3.CP13++5.N.-3.5-5.8-2W14	sectantes	NO MATCH	lemma/123964	Case#Abl|Degree#Pos|Gender#Neut|Number#Plur|Tense#Pres|VerbForm#Part|Voice#Act
005.SCG*LB2.CP-8++3.N.31.10-1.14-7W18	oportebit	NO MATCH	lemma/115098	Aspect#Imp|Mood#Ind|Number#Plur|Person#3|Tense#Pres|VerbForm#Fin|Voice#Act
005.SCG*LB3.CP--++4.N.-5.14-6.16-4W6	operatur	NO MATCH	lemma/115028	Aspect#Imp|Mood#Sub|Number#Sing|Person#3|Tense#Pres|VerbForm#Fin|Voice#Act
005.SCG*LB3.CP-9++5.N.17.16-2.19-2W11	locutus	NO MATCH	lemma/110805	Mood#Ind|Number#Sing|Person#3|Tense#Pres|VerbForm#Fin|Voice#Act
005.SCG*LB2.CP-6++2.N.-1.7-4.12-4W25	consequentem	NO MATCH	lemma/96035	Case#Acc|Degree#Pos|Gender#Fem|Number#Sing|Tense#Pres|VerbForm#Part|Voice#Pass
005.SCG*LB2.CP-7++6.N.11.6-1.13-2W28	fit	NO MATCH	lemma/102758	Mood#Ind|Number#Sing|Person#3|Tense#Pres|VerbForm#Fin|Voice#Pass
005.SCG*LB4.CP-1++4.N.-6.4-5.8-7W16	oportet	NO MATCH	lemma/115098	Mood#Sub|Number#Sing|Person#3|Tense#Pres|VerbForm#Fin|Voice#Pass
005.SCG*LB2.CP-3++4.N.-5.1-2.2-3W6	fit	NO MATCH	lemma/102758	Mood#Ind|Number#Sing|Person#3|Tense#Pres|VerbForm#Fin|Voice#Pass
005.SCG*LB2.CP-7++5.N.-2.1-1.4-2W16	individuetur	NO MATCH	lemma/59198	Tense#Pres|VerbForm#Inf|Voice#Act
005.SCG*LB3.CP-4++2.N.-7.32-1.34-4W8	oportet	NO MATCH	lemma/115098	Aspect#Perf|Case#Abl|Degree#Pos|Gender#Neut|Number#Plur|Tense#Past|VerbForm#Part|Voice#Pass
005.SCG*LB2.CP-8++3.N.31.31-1.32-1W6	praeextiterunt	NO MATCH	lemma/131401	Mood#Ind|Number#Plur|Person#3|Tense#Pres|VerbForm#Fin|Voice#Act
005.SCG*LB3.CP11++3.N.-3.4-1.8-2W10	oportet	NO MATCH	lemma/115098	Case#Nom|Degree#Pos|Gender#Fem|Number#Sing|VerbForm#Gdv|Voice#Pass
005.SCG*LB3.CP-2++3.N.-3.22-3.24-4W11	oportebit	NO MATCH	lemma/115098	Mood#Ind|Number#Sing|Person#3|Tense#Pres|VerbForm#Fin|VerbType#Mod|Voice#Act
005.SCG*LB4.CP-3++4.N.26.21-4.22-3W2	consequenter	NO MATCH	lemma/96035	Degree#Pos
005.SCG*LB4.CP-1++7.N.18.3-3.6-2W23	loquebantur	NO MATCH	lemma/110805	Mood#Ind|Number#Plur|Person#3|Tense#Pres|VerbForm#Fin|Voice#Act
005.SCG*LB3.CP15++5.N.-3.10-5.12-1W13	operandum	NO MATCH	lemma/115028	Mood#Ind|Number#Sing|Person#3|Tense#Pres|VerbForm#Fin|Voice#Act
005.SCG*LB3.CP-8++2.N.-6.33-2.34-6W1	oportet	NO MATCH	lemma/115098	Mood#Ind|Number#Sing|Person#3|Tense#Pres|VerbForm#Fin|Voice#Act
005.SCG*LB1.CP--++1.N.-2.23-2.25-1W5	principantes	NO MATCH	lemma/73421	Mood#Ind|Number#Sing|Person#3|Tense#Pres|VerbForm#Fin|Voice#Pass
005.SCG*LB3.CP-1++7.N.-9.6-6.9-6W3	fit	NO MATCH	lemma/102758	Mood#Ind|Number#Sing|Person#3|Tense#Pres|VerbForm#Fin|Voice#Pass
005.SCG*LB1.CP-4++2.N.-5.19-2.20-2W2	oportet	NO MATCH	lemma/115098	Mood#Ind|Number#Plur|Person#3|Tense#Pres|VerbForm#Fin|VerbType#Mod|Voice#Act
005.SCG*LB4.CP--++8.N.-5.52-5.54-3W5	patitur	NO MATCH	lemma/116222	Aspect#Imp|Mood#Ind|Number#Sing|Person#3|Tense#Pres|VerbForm#Fin|Voice#Pass
005.SCG*LB3.CP11++2.N.-3.9-5.12-4W10	puta	NO MATCH	lemma/120610	
005.SCG*LB4.CP-5++5.N.11.63-5.68-3W26	desiderantius	NO MATCH	lemma/98900	Degree#Cmp
005.SCG*LB2.CP-3++5.N.-8.1-1.4-4W13	convenientius	NO MATCH	lemma/96424	Degree#Cmp
005.SCG*LB2.CP-7++5.N.-4.8-6.10-3W1	oportet	NO MATCH	lemma/115098	Mood#Ind|Number#Sing|Person#3|Tense#Pres|VerbForm#Fin|Voice#Act
005.SCG*LB4.CP-3++4.N.25.16-2.18-1W1	oportebit	NO MATCH	lemma/115098	Mood#Ind|Number#Sing|Person#3|Tense#Pres|VerbForm#Fin|Voice#Pass
005.SCG*LB2.CP-3++4.N.-4.7-3.9-2W1	oportet	NO MATCH	lemma/115098	Aspect#Perf|Case#Nom|Degree#Pos|Gender#Neut|Number#Sing|Tense#Past|VerbForm#Part|Voice#Pass
005.SCG*LB1.CP-7++9.N.-5.10-1.12-5W5	loquentes	NO MATCH	lemma/110805	Aspect#Imp|Mood#Ind|Number#Sing|Person#3|Tense#Imp|VerbForm#Fin|VerbType#Mod|Voice#Act
005.SCG*LB4.CP-8++0.N.-5.1-2.4-1W11	oportet	NO MATCH	lemma/115098	Mood#Ind|Number#Sing|Person#3|Tense#Pres|VerbForm#Fin|Voice#Act
005.SCG*LB1.CP-9++1.N.12.12-3.13-6W9	iratus	NO MATCH	lemma/108954	Mood#Ind|Number#Sing|Person#3|Tense#Pres|VerbForm#Fin|VerbType#Mod|Voice#Act
005.SCG*LB3.CP13++4.N.-8.3-1.4-6W5	loquitur	NO MATCH	lemma/110805	Mood#Ind|Number#Sing|Person#3|Tense#Pres|VerbForm#Fin|Voice#Act
005.SCG*LB4.CP-6++4.N.-4.9-1.13-4W16	oporteat	NO MATCH	lemma/115098	Aspect#Perf|Mood#Ind|Number#Sing|Person#3|Tense#Past|VerbForm#Fin|Voice#Act
005.SCG*LB3.CP-5++6.N.-5.22-5.25-1W15	oportet	NO MATCH	lemma/115098	Mood#Ind|Number#Sing|Person#3|Tense#Pres|VerbForm#Fin|VerbType#Mod|Voice#Act
005.SCG*LB3.CP--++2.N.-6.8-1.12-8W21	praeexistit	NO MATCH	lemma/131401	Mood#Ind|Number#Sing|Person#3|Tense#Pres|VerbForm#Fin|Voice#Act
005.SCG*LB3.CP-9++8.N.-4.12-1.14-8W8	fieri	NO MATCH	lemma/102758	Tense#Pres|VerbForm#Inf|Voice#Pass
005.SCG*LB2.CP-2++1.N.-4.14-3.17-4W10	praesupponit	NO MATCH	lemma/131408	Aspect#Imp|Case#Nom|Degree#Pos|Gender#Masc|Number#Sing|Tense#Pres|VerbForm#Part|Voice#Act
005.SCG*LB2.CP-3++3.N.-6.1-2.3-2W6	oportet	NO MATCH	lemma/115098	Mood#Sub|Number#Plur|Person#3|Tense#Pres|VerbForm#Fin|Voice#Act
005.SCG*LB4.CP-1++4.N.-9.20-8.24-5W1	licet	NO MATCH	lemma/110432	Aspect#Imp|Tense#Pres|VerbForm#Inf|Voice#Act
005.SCG*LB2.CP-9++8.N.10.3-2.9-1W10	fiat	NO MATCH	lemma/102758	Mood#Sub|Number#Sing|Person#3|Tense#Pres|VerbForm#Fin|Voice#Pass
005.SCG*LB3.CP12++0.N.-8.3-1.5-2W10	operandi	NO MATCH	lemma/115028	Mood#Ind|Number#Sing|Person#3|Tense#Pres|VerbForm#Fin|Voice#Act
005.SCG*LB1.CP-5++4.N.-6.9-7.14-1W20	imitetur	NO MATCH	lemma/106364	Aspect#Imp|Mood#Ind|Number#Plur|Person#1|Tense#Pres|VerbForm#Fin|Voice#Act
005.SCG*LB3.CP15++4.N.15.1-1.3-5W13	fit	NO MATCH	lemma/102758	Mood#Ind|Number#Sing|Person#3|Tense#Pres|VerbForm#Fin|Voice#Pass
005.SCG*LB2.CP-3++2.N.-6.4-5.12-2W37	fiat	NO MATCH	lemma/102758	Mood#Sub|Number#Sing|Person#3|Tense#Pres|VerbForm#Fin|Voice#Pass
005.SCG*LB2.CP-2++1.N.-4.11-6.14-2W12	essendi	NO MATCH	lemma/126689	Case#Gen|Degree#Pos|Number#Sing|VerbForm#Ger|Voice#Act
005.SCG*LB3.CP-2++0.N.-5.10-5.13-7W2	licet	NO MATCH	lemma/110432	Tense#Pres|VerbForm#Inf|VerbType#Mod|Voice#Act
005.SCG*LB1.CP-6++7.N.10.15-2.18-3W14	contingentia	NO MATCH	lemma/96293	Case#Acc|Degree#Pos|Gender#Neut|Number#Sing|Tense#Pres|VerbForm#Part|Voice#Act
005.SCG*LB3.CP10++4.N.-4.11-1.13-2W6	fiunt	NO MATCH	lemma/102758	Mood#Ind|Number#Plur|Person#3|Tense#Pres|VerbForm#Fin|Voice#Pass
005.SCG*LB2.CP-4++7.N.-4.41-1.46-3W38	operatur	NO MATCH	lemma/115028	Aspect#Imp|Mood#Sub|Number#Sing|Person#3|Tense#Imp|VerbForm#Fin|Voice#Act
005.SCG*LB2.CP-7++7.N.-3.10-3.17-2W43	fiunt	NO MATCH	lemma/102758	Mood#Ind|Number#Plur|Person#3|Tense#Pres|VerbForm#Fin|Voice#Pass
005.SCG*LB3.CP13++5.N.-6.5-3.9-5W24	oporteat	NO MATCH	lemma/115098	Mood#Ind|Number#Sing|Person#3|Tense#Pres|VerbForm#Fin|Voice#Act
005.SCG*LB3.CP15++4.N.-8.10-2.16-2W20	operarentur	NO MATCH	lemma/115028	Mood#Ind|Number#Sing|Person#3|Tense#Pres|VerbForm#Fin|Voice#Act
005.SCG*LB2.CP-6++2.N.-2.9-3.12-6W6	oportet	NO MATCH	lemma/115098	Aspect#Imp|Mood#Ind|Number#Sing|Person#3|Tense#Pres|VerbForm#Fin|Voice#Pass
005.SCG*LB2.CP-4++4.N.-3.1-2.4-4W11	oportet	NO MATCH	lemma/115098	Aspect#Imp|Tense#Pres|VerbForm#Inf|Voice#Act
005.SCG*LB4.CP-9++1.N.-6.27-4.29-3W1	oportet	NO MATCH	lemma/115098	Case#Nom|Degree#Pos|Gender#Fem|Number#Plur|Tense#Pres|VerbForm#Part|Voice#Act
005.SCG*LB1.CP-1++6.N.-3.4-6.7-3W10	oportet	NO MATCH	lemma/115098	Mood#Ind|Number#Sing|Person#3|Tense#Pres|VerbForm#Fin|Voice#Act
005.SCG*LB3.CP-8++4.N.14.1-1.4-5W6	licet	NO MATCH	lemma/110432	Mood#Sub|Number#Sing|Person#3|Tense#Pres|VerbForm#Fin|Voice#Act
005.SCG*LB4.CP-6++3.N.-7.12-5.22-2W48	praesupponit	NO MATCH	lemma/131408	Mood#Ind|Number#Sing|Person#3|Tense#Pres|VerbForm#Fin|Voice#Act
005.SCG*LB4.CP-9++6.N.-1.9-2.11-2W11	divisim	NO MATCH	lemma/99932	Degree#Pos
005.SCG*LB3.CP12++7.N.-7.17-4.20-5W19	fieri	NO MATCH	lemma/102758	Tense#Pres|VerbForm#Inf|Voice#Pass
005.SCG*LB1.CP-2++8.N.-1.1-1.4-6W1	licet	NO MATCH	lemma/110432	Mood#Ind|Number#Sing|Person#3|Tense#Pres|VerbForm#Fin|Voice#Act
005.SCG*LB4.CP-2++6.N.-4.1-1.5-3W1	licet	NO MATCH	lemma/110432	Mood#Ind|Number#Sing|Person#3|Tense#Pres|VerbForm#Fin|VerbType#Mod|Voice#Act
005.SCG*LB4.CP-3++0.N.-8.8-5.13-1W28	consequens	NO MATCH	lemma/96035	Aspect#Imp|Case#Acc|Degree#Pos|Gender#Neut|Number#Sing|Tense#Pres|VerbForm#Part|Voice#Pass
005.SCG*LB1.CP-4++4.N.-8.12-4.14-5W4	oportet	NO MATCH	lemma/115098	Aspect#Perf|Mood#Ind|Number#Sing|Person#1|Tense#Past|VerbForm#Fin|Voice#Act
005.SCG*LB4.CP-5++5.N.10.3-2.5-4W5	convenientius	NO MATCH	lemma/96424	Degree#Cmp
005.SCG*LB3.CP15++0.N.-8.5-1.8-1W1	decenter	NO MATCH	lemma/98057	Degree#Pos
005.SCG*LB2.CP-6++0.N.-5.38-3.41-2W1	oportet	NO MATCH	lemma/115098	Aspect#Imp|Mood#Sub|Number#Sing|Person#3|Tense#Pres|VerbForm#Fin|Voice#Act
005.SCG*LB1.CP-2++6.N.-8.1-1.4-9W11	excelsum	NO MATCH	lemma/101840	Aspect#Perf|Case#Acc|Degree#Pos|Gender#Masc|Number#Sing|Tense#Past|VerbForm#Part|Voice#Pass
005.SCG*LB4.CP-5++5.N.28.17-2.20-2W19	operatur	NO MATCH	lemma/115028	Aspect#Imp|Mood#Ind|Number#Sing|Person#3|Tense#Pres|VerbForm#Fin|Voice#Act
005.SCG*LB3.CP13++2.N.22.4-3.6-5W3	sufficienter	NO MATCH	lemma/126601	Degree#Pos
005.SCG*LB4.CP-8++3.N.22.1-1.3-3W4	fit	NO MATCH	lemma/102758	Aspect#Imp|Mood#Ind|Number#Sing|Person#3|Tense#Pres|VerbForm#Fin|Voice#Pass
005.SCG*LB2.CP-7++5.N.-8.11-5.15-1W16	licet	NO MATCH	lemma/110432	Mood#Ind|Number#Plur|Person#3|Tense#Pres|VerbForm#Fin|Voice#Act
005.SCG*LB1.CP-4++4.N.-2.21-3.24-4W11	particulati	NO MATCH	lemma/69686	Tense#Pres|VerbForm#Inf|Voice#Act
005.SCG*LB3.CP-9++7.N.-3.9-3.11-7W11	loquens	NO MATCH	lemma/110805	Mood#Ind|Number#Plur|Person#3|Tense#Pres|VerbForm#Fin|Voice#Act
005.SCG*LB3.CP-4++9.N.-1.1-1.5-1W1	oportet	NO MATCH	lemma/115098	Mood#Ind|Number#Sing|Person#3|Tense#Pres|VerbForm#Fin|Voice#Act
005.SCG*LB1.CP-7++4.N.-5.2-6.4-2W12	fiunt	NO MATCH	lemma/102758	Mood#Ind|Number#Plur|Person#3|Tense#Pres|VerbForm#Fin|Voice#Pass
005.SCG*LB3.CP-8++8.N.-6.1-2.3-6W10	oportet	NO MATCH	lemma/115098	Mood#Ind|Number#Sing|Person#3|Tense#Pres|VerbForm#Fin|Voice#Act
005.SCG*LB2.CP-8++7.N.-5.1-2.4-5W17	essendi	NO MATCH	lemma/126689	Case#Gen|Degree#Pos|Number#Sing|VerbForm#Ger|Voice#Act
005.SCG*LB3.CP-6++7.N.-1.8-1.9-1W4	operatur	NO MATCH	lemma/115028	Aspect#Perf|Case#Acc|Degree#Pos|Gender#Neut|Number#Sing|Tense#Past|VerbForm#Part|Voice#Pass
005.SCG*LB3.CP-9++5.N.21.25-4.27-4W7	irasci	NO MATCH	lemma/108954	Aspect#Imp|Mood#Ind|Number#Plur|Person#3|Tense#Pres|VerbForm#Fin|Voice#Act
005.SCG*LB3.CP-9++9.N.-4.6-3.8-1W13	consequentes	NO MATCH	lemma/96035	Case#Acc|Degree#Pos|Gender#Masc|Number#Plur|Tense#Pres|VerbForm#Part|Voice#Pass
005.SCG*LB2.CP-5++9.N.15.1-2.3-4W13	correspondens	NO MATCH	lemma/131296	Mood#Sub|Number#Sing|Person#3|Tense#Pres|VerbForm#Fin|Voice#Pass
005.SCG*LB3.CP15++2.N.-2.5-7.8-3W1	oportet	NO MATCH	lemma/115098	Aspect#Imp|Mood#Ind|Number#Sing|Person#3|Tense#Pres|VerbForm#Fin|Voice#Pass
005.SCG*LB2.CP-8++7.N.-2.10-2.14-2W16	praeexistit	NO MATCH	lemma/131401	Aspect#Imp|Mood#Sub|Number#Sing|Person#3|Tense#Pres|VerbForm#Fin|Voice#Pass
005.SCG*LB4.CP-1++7.N.-5.9-3.13-6W9	mortuis	NO MATCH	lemma/112796	Aspect#Perf|Case#Gen|Degree#Pos|Gender#Fem|Number#Sing|Tense#Past|VerbForm#Part|VerbType#Mod|Voice#Pass
005.SCG*LB2.CP-9++8.N.11.28-1.31-3W17	contractiori	NO MATCH	lemma/96338	Aspect#Perf|Case#Abl|Degree#Cmp|Gender#Masc|Number#Sing|Tense#Past|VerbForm#Part|Voice#Pass
005.SCG*LB2.CP-3++1.N.-6.1-2.6-7W39	necesse-esse	NO MATCH	lemma/126689	Tense#Pres|VerbForm#Inf|Voice#Act
005.SCG*LB3.CP-7++6.N.-7.22-1.23-6W4	interpretari	NO MATCH	lemma/108602	Aspect#Perf|Mood#Sub|Number#Sing|Person#3|Tense#Past|VerbForm#Fin|Voice#Act
005.SCG*LB1.CP-1++5.N.-6.10-2.10-7W7	incoepit	NO MATCH	lemma/106965	Aspect#Perf|Mood#Ind|Number#Sing|Person#3|Tense#Past|VerbForm#Fin|Voice#Act
005.SCG*LB2.CP-5++5.N.-9.3-1.3-7W7	pati	NO MATCH	lemma/116222	Mood#Ind|Number#Sing|Person#3|Tense#Pres|VerbForm#Fin|Voice#Act
005.SCG*LB2.CP-2++1.N.-8.11-1.13-1W10	praesupponit	NO MATCH	lemma/131408	Mood#Sub|Number#Plur|Person#3|Tense#Pres|VerbForm#Fin|Voice#Act
005.SCG*LB2.CP-5++6.N.-4.1-1.4-5W20	fieri	NO MATCH	lemma/102758	Tense#Pres|VerbForm#Inf|Voice#Pass
005.SCG*LB4.CP-1++6.N.-7.3-1.4-2W4	sancto	NO MATCH	lemma/123312	Aspect#Perf|Case#Dat|Gender#Masc|Number#Sing
005.SCG*LB2.CP-8++0.N.-6.5-1.10-2W5	operantur	NO MATCH	lemma/115028	Mood#Ind|Number#Sing|Person#3|Tense#Pres|VerbForm#Fin|Voice#Pass
005.SCG*LB2.CP-9++7.N.-6.1-2.3-6W8	operatur	NO MATCH	lemma/115028	Mood#Ind|Number#Sing|Person#3|Tense#Pres|VerbForm#Fin|Voice#Pass
005.SCG*LB3.CP-9++4.N.-1.2-3.6-5W16	oportet	NO MATCH	lemma/115098	Mood#Ind|Number#Sing|Person#3|Tense#Pres|VerbForm#Fin|Voice#Act
005.SCG*LB4.CP-5++3.N.-1.7-4.11-6W9	nitentes	NO MATCH	lemma/113708	Aspect#Imp|Case#Nom|Degree#Pos|Gender#Masc|Number#Plur|Tense#Pres|VerbForm#Part|Voice#Pass
005.SCG*LB2.CP-3++1.N.-2.15-1.18-5W10	oportet	NO MATCH	lemma/115098	Aspect#Imp|Tense#Pres|VerbForm#Inf|Voice#Act
005.SCG*LB4.CP-5++7.N.-2.10-3.14-3W4	congruenter	NO MATCH	lemma/95913	Degree#Pos
005.SCG*LB1.CP--++1.N.-5.3-1.5-5W19	essendi	NO MATCH	lemma/126689	Case#Gen|Degree#Pos|Number#Sing|VerbForm#Ger|Voice#Act
005.SCG*LB1.CP-5++9.N.-1.1-1.7-1W7	licet	NO MATCH	lemma/110432	Aspect#Perf|Case#Nom|Degree#Pos|Gender#Neut|Number#Plur|Tense#Past|VerbForm#Part|Voice#Pass
005.SCG*LB3.CP-8++2.N.-6.30-5.33-1W8	fit	NO MATCH	lemma/102758	Mood#Ind|Number#Sing|Person#3|Tense#Pres|VerbForm#Fin|Voice#Pass
005.SCG*LB4.CP-3++4.N.31.1-1.4-5W4	diligenter	NO MATCH	lemma/99463	Degree#Pos
005.SCG*LB2.CP-7++4.N.13.1-2.4-3W12	operari	NO MATCH	lemma/115028	Mood#Ind|Number#Sing|Person#3|Tense#Pres|VerbForm#Fin|Voice#Act
005.SCG*LB2.CP-8++9.N.-6.14-7.20-7W10	fieri	NO MATCH	lemma/102758	Tense#Pres|VerbForm#Inf|Voice#Pass
005.SCG*LB1.CP-5++7.N.-7.3-7.5-5W10	oportet	NO MATCH	lemma/115098	Mood#Ind|Number#Sing|Person#3|Tense#Pres|VerbForm#Fin|Voice#Act
005.SCG*LB3.CP-4++3.N.-9.1-2.5-4W25	fit	NO MATCH	lemma/102758	Mood#Ind|Number#Sing|Person#3|Tense#Pres|VerbForm#Fin|Voice#Pass
005.SCG*LB4.CP-4++1.N.--.1-1.2-3W2	oporteat	NO MATCH	lemma/115098	Mood#Sub|Number#Sing|Person#3|Tense#Pres|VerbForm#Fin|Voice#Act
005.SCG*LB4.CP-7++4.N.-5.1-1.5-2W21	convenienter	NO MATCH	lemma/96424	Degree#Pos
005.SCG*LB4.CP-5++5.N.11.57-1.63-4W21	reverentius	NO MATCH	lemma/122804	Degree#Cmp
005.SCG*LB3.CP13++5.N.20.23-1.24-2W10	sectantur	NO MATCH	lemma/123964	Tense#Pres|VerbForm#Inf|Voice#Pass
005.SCG*LB2.CP-1++6.N.10.14-1.16-4W8	proportionata	NO MATCH	lemma/131413	Mood#Ind|Number#Sing|Person#3|Tense#Pres|VerbForm#Fin|Voice#Act
005.SCG*LB4.CP-5++4.N.-6.4-2.8-1W18	fieret	NO MATCH	lemma/102758	Aspect#Imp|Mood#Sub|Number#Sing|Person#3|Tense#Imp|VerbForm#Fin|Voice#Pass
005.SCG*LB3.CP10++6.N.-2.6-1.6-6W3	fit	NO MATCH	lemma/102758	Mood#Ind|Number#Sing|Person#3|Tense#Pres|VerbForm#Fin|Voice#Pass
005.SCG*LB4.CP-3++1.N.-6.7-7.9-6W17	conversatus	NO MATCH	lemma/96442	Aspect#Imp|Mood#Ind|Number#Sing|Person#3|Tense#Pres|VerbForm#Fin|Voice#Act
005.SCG*LB4.CP-1++3.N.-5.17-5.20-2W17	sapienter	NO MATCH	lemma/78320	Degree#Pos
005.SCG*LB4.CP-1++3.N.-7.3-6.5-7W8	fit	NO MATCH	lemma/102758	Aspect#Imp|Mood#Ind|Number#Sing|Person#3|Tense#Pres|VerbForm#Fin|Voice#Pass
005.SCG*LB3.CP15++4.N.-8.18-3.19-4W4	mortuos	NO MATCH	lemma/112796	Mood#Ind|Number#Plur|Person#3|Tense#Pres|VerbForm#Fin|Voice#Act
005.SCG*LB4.CP-2++3.N.-9.6-1.7-1W4	iratus	NO MATCH	lemma/108954	Mood#Ind|Number#Sing|Person#3|Tense#Pres|VerbForm#Fin|VerbType#Mod|Voice#Act
005.SCG*LB2.CP-1++6.N.-3.10-5.12-3W8	essendi	NO MATCH	lemma/126689	Case#Gen|Degree#Pos|Number#Sing|VerbForm#Ger|Voice#Act
005.SCG*LB1.CP-6++5.N.-9.13-1.18-3W11	fit	NO MATCH	lemma/102758	Mood#Ind|Number#Sing|Person#3|Tense#Pres|VerbForm#Fin|Voice#Pass
005.SCG*LB4.CP-5++5.N.21.15-4.18-3W22	patiendo	NO MATCH	lemma/116222	Mood#Ind|Number#Sing|Person#3|Tense#Pres|VerbForm#Fin|Voice#Pass
005.SCG*LB3.CP-1++2.N.-5.11-7.19-7W3	fit	NO MATCH	lemma/102758	Mood#Ind|Number#Sing|Person#3|Tense#Pres|VerbForm#Fin|Voice#Pass
005.SCG*LB3.CP15++4.N.10.1-1.5-7W33	operari	NO MATCH	lemma/115028	Mood#Ind|Number#Sing|Person#3|Tense#Pres|VerbForm#Fin|Voice#Act
005.SCG*LB3.CP-9++4.N.-4.1-2.2-7W8	puta	NO MATCH	lemma/120610	
005.SCG*LB4.CP-2++3.N.-3.23-5.26-2W3	oportet	NO MATCH	lemma/115098	Aspect#Perf|Mood#Ind|Number#Sing|Person#3|Tense#Past|VerbForm#Fin|Voice#Act
005.SCG*LB2.CP-1++5.N.-6.15-7.17-4W13	essendi	NO MATCH	lemma/126689	Case#Gen|Degree#Pos|Number#Sing|VerbForm#Ger|Voice#Act
005.SCG*LB2.CP-1++6.N.-5.3-6.6-1W7	fit	NO MATCH	lemma/102758	Mood#Ind|Number#Sing|Person#3|Tense#Pres|VerbForm#Fin|Voice#Pass
005.SCG*LB3.CP-9++7.N.-2.4-1.7-4W12	fiunt	NO MATCH	lemma/102758	Mood#Ind|Number#Plur|Person#3|Tense#Pres|VerbForm#Fin|Voice#Pass
005.SCG*LB2.CP-9++5.N.-1.1-1.3-1W6	diversificatur	NO MATCH	lemma/47852	Mood#Sub|Number#Sing|Person#3|Tense#Pres|VerbForm#Fin|Voice#Pass
005.SCG*LB3.CP13++8.N.-5.5-4.10-5W23	furatur	NO MATCH	lemma/104074	Aspect#Imp|Mood#Sub|Number#Sing|Person#3|Tense#Imp|VerbForm#Fin|Voice#Act
005.SCG*LB4.CP--++9.N.-6.21-4.24-2W4	loquendi	NO MATCH	lemma/110805	Aspect#Perf|Case#Nom|Degree#Pos|Gender#Masc|Number#Sing|Tense#Past|VerbForm#Part|Voice#Pass
005.SCG*LB3.CP-6++4.N.-5.14-6.17-5W1	oportet	NO MATCH	lemma/115098	Aspect#Imp|Tense#Pres|VerbForm#Inf|Voice#Pass
005.SCG*LB2.CP-1++5.N.-4.13-3.15-1W1	oportet	NO MATCH	lemma/115098	Aspect#Imp|Tense#Pres|VerbForm#Inf|Voice#Pass
005.SCG*LB3.CP-4++4.N.-4.1-2.8-2W39	periti	NO MATCH	lemma/131472	Mood#Ind|Number#Plur|Person#3|Tense#Pres|VerbForm#Fin|Voice#Act
005.SCG*LB2.CP-1++7.N.-1.1-1.4-5W27	loquendo	NO MATCH	lemma/110805	Tense#Pres|VerbForm#Inf|Voice#Pass
005.SCG*LB4.CP-7++9.N.-9.1-1.2-3W1	expresse	NO MATCH	lemma/102229	Degree#Pos
005.SCG*LB2.CP-3++8.N.10.6-5.7-6W7	fiat	NO MATCH	lemma/102758	Mood#Sub|Number#Sing|Person#3|Tense#Pres|VerbForm#Fin|Voice#Pass
005.SCG*LB2.CP-8++3.N.18.12-5.15-1W16	convenientior	NO MATCH	lemma/96424	Case#Nom|Degree#Cmp|Gender#Masc|Number#Sing|Tense#Pres|VerbForm#Part|Voice#Act
005.SCG*LB3.CP15++5.N.-4.1-2.4-1W1	licet	NO MATCH	lemma/110432	Mood#Ind|Number#Sing|Person#3|Tense#Pres|VerbForm#Fin|Voice#Act
005.SCG*LB3.CP10++5.N.-6.5-1.8-2W23	colloquentis	NO MATCH	lemma/94877	Case#Gen|Degree#Pos|Gender#Masc|Number#Sing|Tense#Pres|VerbForm#Part|Voice#Pass
005.SCG*LB1.CP-2++4.N.-3.1-2.3-5W6	superaddito	NO MATCH	lemma/131438	Mood#Ind|Number#Sing|Person#3|Tense#Pres|VerbForm#Fin|Voice#Pass
005.SCG*LB1.CP-7++1.N.11.4-2.8-3W27	fit	NO MATCH	lemma/102758	Mood#Ind|Number#Sing|Person#3|Tense#Pres|VerbForm#Fin|Voice#Pass
005.SCG*LB3.CP-6++2.N.10.1-2.4-1W11	oportet	NO MATCH	lemma/115098	Mood#Ind|Number#Sing|Person#3|Tense#Pres|VerbForm#Fin|Voice#Pass
005.SCG*LB2.CP-5++2.N.-4.6-6.8-3W4	oportet	NO MATCH	lemma/115098	Mood#Ind|Number#Plur|Person#3|Tense#Pres|VerbForm#Fin|Voice#Act
005.SCG*LB4.CP-6++6.N.-3.1-1.4-4W9	fiunt	NO MATCH	lemma/102758	Aspect#Imp|Mood#Ind|Number#Plur|Person#3|Tense#Pres|VerbForm#Fin|Voice#Pass
005.SCG*LB4.CP-5++5.N.18.6-3.7-5W8	operatus	NO MATCH	lemma/115028	Mood#Sub|Number#Sing|Person#3|Tense#Pres|VerbForm#Fin|Voice#Pass
005.SCG*LB1.CP-6++5.N.-9.18-4.23-3W11	individuata	NO MATCH	lemma/59198	Case#Acc|Degree#Pos|Gender#Masc|Number#Plur|VerbForm#Gdv|Voice#Pass
005.SCG*LB3.CP10++7.N.-3.1-2.2-7W6	oportet	NO MATCH	lemma/115098	Aspect#Perf|Mood#Sub|Number#Sing|Person#3|Tense#Pqp|VerbForm#Fin|VerbType#Mod|Voice#Act
005.SCG*LB4.CP--++8.N.-6.30-9.34-8W25	operetur	NO MATCH	lemma/115028	Aspect#Perf|Case#Nom|Degree#Pos|Gender#Neut|Number#Sing|Tense#Past|VerbForm#Part|Voice#Pass
005.SCG*LB4.CP-2++3.N.-3.23-5.26-2W12	loquens	NO MATCH	lemma/110805	Mood#Sub|Number#Sing|Person#3|Tense#Pres|VerbForm#Fin|Voice#Act
005.SCG*LB4.CP-8++1.N.-4.1-1.3-3W14	moriendo	NO MATCH	lemma/112796	Mood#Ind|Number#Sing|Person#3|Tense#Pres|VerbForm#Fin|Voice#Act
005.SCG*LB2.CP-7++4.N.-2.46-1.49-3W13	utentibus	NO MATCH	lemma/130923	Case#Abl|Degree#Pos|Gender#Fem|Number#Plur|Tense#Pres|VerbForm#Part|Voice#Pass
005.SCG*LB3.CP-7++0.N.-3.5-2.11-2W28	sufficienter	NO MATCH	lemma/126601	Degree#Pos
005.SCG*LB2.CP-8++9.N.-4.1-1.5-1W29	fiunt	NO MATCH	lemma/102758	Mood#Ind|Number#Plur|Person#3|Tense#Pres|VerbForm#Fin|Voice#Pass
005.SCG*LB2.CP-1++6.N.-2.15-3.18-1W15	operetur	NO MATCH	lemma/115028	Mood#Ind|Number#Sing|Person#3|Tense#Pres|VerbForm#Fin|VerbType#Mod|Voice#Act
005.SCG*LB3.CP14++7.N.-3.9-2.11-7W1	oportet	NO MATCH	lemma/115098	Mood#Ind|Number#Sing|Person#3|Tense#Pres|VerbForm#Fin|Voice#Act
005.SCG*LB2.CP-3++0.N.11.22-1.24-1W12	subiicitur	NO MATCH	lemma/126114	Mood#Ind|Number#Sing|Person#3|Tense#Pres|VerbForm#Fin|Voice#Pass
005.SCG*LB2.CP-1++5.N.-2.23-1.26-7W14	oportet	NO MATCH	lemma/115098	Mood#Ind|Number#Sing|Person#3|Tense#Pres|VerbForm#Fin|Voice#Act
005.SCG*LB2.CP-3++3.N.-8.16-4.17-5W2	oportet	NO MATCH	lemma/115098	Tense#Pres|VerbForm#Inf|Voice#Act
005.SCG*LB4.CP-1++4.N.-5.1-1.4-5W15	oportet	NO MATCH	lemma/115098	Tense#Pres|VerbForm#Inf|Voice#Pass
005.SCG*LB2.CP-8++8.N.10.1-2.3-4W9	oportet	NO MATCH	lemma/115098	Tense#Pres|VerbForm#Inf|Voice#Act
005.SCG*LB3.CP15++8.N.-1.25-6.28-1W2	oportet	NO MATCH	lemma/115098	Case#Acc|Degree#Pos|Gender#Neut|Number#Plur|VerbForm#Gdv|Voice#Pass
005.SCG*LB4.CP-2++0.N.-1.1-1.4-1W1	oportet	NO MATCH	lemma/115098	Mood#Ind|Number#Plur|Person#3|Tense#Pres|VerbForm#Fin|Voice#Pass
005.SCG*LB1.CP--++6.N.-6.11-1.13-3W17	operari	NO MATCH	lemma/115028	Aspect#Imp|Mood#Ind|Number#Plur|Person#3|Tense#Pres|VerbForm#Fin|VerbType#Mod|Voice#Act
005.SCG*LB3.CP-7++4.N.-5.19-7.21-5W1	oportet	NO MATCH	lemma/115098	Tense#Pres|VerbForm#Inf|Voice#Act
005.SCG*LB2.CP-9++1.N.-8.14-5.18-2W15	fiunt	NO MATCH	lemma/102758	Mood#Ind|Number#Plur|Person#3|Tense#Pres|VerbForm#Fin|Voice#Pass
005.SCG*LB2.CP-9++0.N.-2.11-4.14-4W20	temperatissimum	NO MATCH	lemma/127773	Aspect#Perf|Case#Acc|Degree#Sup|Gender#Neut|Number#Sing|Tense#Past|VerbForm#Part|Voice#Pass
005.SCG*LB3.CP12++0.N.-1.23-1.28-3W26	mortuorum	NO MATCH	lemma/112796	Mood#Sub|Number#Sing|Person#3|Tense#Pres|VerbForm#Fin|Voice#Act
005.SCG*LB4.CP-1++3.N.-5.5-4.7-2W7	locutus	NO MATCH	lemma/110805	Aspect#Imp|Case#Acc|Degree#Pos|Gender#Masc|Number#Plur|Tense#Pres|VerbForm#Part|Voice#Act
005.SCG*LB1.CP-2++0.N.13.24-3.25-3W4	metietur	NO MATCH	lemma/112232	Mood#Sub|Number#Sing|Person#3|Tense#Pres|VerbForm#Fin|Voice#Pass
005.SCG*LB2.CP-8++3.N.34.13-1.16-5W19	oportet	NO MATCH	lemma/115098	Mood#Ind|Number#Sing|Person#3|Tense#Pres|VerbForm#Fin|Voice#Act
005.SCG*LB3.CP10++0.N.-6.1-2.4-1W7	artificiata	NO MATCH	lemma/131268	Case#Nom|Degree#Pos|Gender#Neut|Number#Sing|Tense#Pres|VerbForm#Part|Voice#Act
005.SCG*LB2.CP-4++3.N.-6.19-7.23-7W21	oportet	NO MATCH	lemma/115098	Mood#Ind|Number#Plur|Person#3|Tense#Pres|VerbForm#Fin|Voice#Act
005.SCG*LB4.CP-1++8.N.-4.10-2.11-3W1	oportet	NO MATCH	lemma/115098	Mood#Ind|Number#Sing|Person#3|Tense#Pres|VerbForm#Fin|Voice#Act
005.SCG*LB1.CP-1++1.N.-4.2-2.6-4W22	notissimum	NO MATCH	lemma/113840	Aspect#Perf|Case#Nom|Degree#Sup|Gender#Neut|Number#Sing|Tense#Past|VerbForm#Part|Voice#Pass
005.SCG*LB4.CP-7++8.N.-2.11-2.12-4W2	oportet	NO MATCH	lemma/115098	Mood#Sub|Number#Sing|Person#3|Tense#Pres|VerbForm#Fin|Voice#Act
005.SCG*LB2.CP-8++0.N.-4.8-7.12-2W4	mortuorum	NO MATCH	lemma/112796	Aspect#Imp|Mood#Ind|Number#Plur|Person#3|Tense#Pres|VerbForm#Fin|Voice#Act
005.SCG*LB4.CP-5++5.N.16.27-1.30-6W28	mortuum	NO MATCH	lemma/112796	Mood#Sub|Number#Plur|Person#3|Tense#Pres|VerbForm#Fin|Voice#Act
005.SCG*LB2.CP-1++6.N.-8.1-2.5-3W12	proportionatam	NO MATCH	lemma/131413	Aspect#Imp|Mood#Sub|Number#Sing|Person#3|Tense#Pres|VerbForm#Fin|Voice#Act
005.SCG*LB1.CP-6++5.N.-3.18-4.21-5W9	oportet	NO MATCH	lemma/115098	Aspect#Perf|Case#Nom|Degree#Pos|Gender#Fem|Number#Sing|Tense#Past|VerbForm#Part|Voice#Pass
005.SCG*LB1.CP-2++9.N.-2.12-5.17-4W2	oportet	NO MATCH	lemma/115098	Mood#Ind|Number#Sing|Person#3|Tense#Pres|VerbForm#Fin|VerbType#Mod|Voice#Act
005.SCG*LB3.CP-5++6.N.-5.34-1.39-1W37	loquendo	NO MATCH	lemma/110805	Tense#Pres|VerbForm#Inf|Voice#Act
005.SCG*LB3.CP-6++7.N.-1.8-1.9-1W3	operans	NO MATCH	lemma/115028	Mood#Ind|Number#Sing|Person#3|Tense#Pres|VerbForm#Fin|Voice#Act
005.SCG*LB2.CP-6++0.N.-1.28-5.31-2W12	sortitur	NO MATCH	lemma/125211	Aspect#Perf|Tense#Past|VerbForm#Inf|Voice#Act
005.SCG*LB3.CP-2++4.N.-2.13-2.17-5W5	verificatur	NO MATCH	lemma/84620	Mood#Sub|Number#Plur|Person#3|Tense#Pres|VerbForm#Fin|Voice#Act
005.SCG*LB4.CP-7++9.N.-4.4-5.8-3W23	mortuorum	NO MATCH	lemma/112796	Aspect#Imp|Mood#Ind|Number#Sing|Person#3|Tense#Pres|VerbForm#Fin|Voice#Pass
005.SCG*LB2.CP-5++7.N.10.1-2.2-4W3	sortitur	NO MATCH	lemma/125211	Aspect#Perf|Case#Nom|Degree#Pos|Gender#Neut|Number#Sing|Tense#Past|VerbForm#Part|Voice#Pass
005.SCG*LB4.CP-1++7.N.19.13-1.14-1W4	scrutans	NO MATCH	lemma/123886	Aspect#Perf|Case#Nom|Degree#Pos|Gender#Fem|Number#Plur|Tense#Past|VerbForm#Part|Voice#Pass
005.SCG*LB4.CP-9++1.N.-2.6-3.9-4W10	fit	NO MATCH	lemma/102758	Aspect#Imp|Mood#Ind|Number#Sing|Person#3|Tense#Pres|VerbForm#Fin|Voice#Pass
005.SCG*LB1.CP-7++8.N.-6.1-2.2-3W8	volitum	NO MATCH	lemma/130745	Aspect#Perf|Case#Nom|Degree#Pos|Gender#Neut|Number#Sing|Tense#Past|VerbForm#Part|VerbType#Mod|Voice#Pass
005.SCG*LB1.CP-2++1.N.-4.13-3.18-1W18	licet	NO MATCH	lemma/110432	Mood#Ind|Number#Plur|Person#3|Tense#Pres|VerbForm#Fin|Voice#Act
005.SCG*LB3.CP-3++1.N.-5.1-2.2-6W8	oportet	NO MATCH	lemma/115098	Mood#Sub|Number#Sing|Person#3|Tense#Pres|VerbForm#Fin|Voice#Act
005.SCG*LB4.CP-3++8.N.-7.1-2.2-3W4	oportet	NO MATCH	lemma/115098	Aspect#Perf|Case#Nom|Degree#Pos|Gender#Neut|Number#Plur|Tense#Past|VerbForm#Part|Voice#Pass
005.SCG*LB4.CP-7++2.N.-5.2-6.6-2W4	debite	NO MATCH	lemma/97963	Degree#Pos
005.SCG*LB2.CP-7++5.N.-6.14-2.17-5W9	consequens	NO MATCH	lemma/96035	Case#Acc|Degree#Pos|Gender#Neut|Number#Sing|Tense#Pres|VerbForm#Part|Voice#Pass
005.SCG*LB3.CP-4++8.N.11.10-3.12-6W1	oportet	NO MATCH	lemma/115098	Tense#Pres|VerbForm#Inf|Voice#Act
005.SCG*LB2.CP-8++0.N.-9.31-2.33-5W14	consequens	NO MATCH	lemma/96035	Case#Acc|Degree#Pos|Gender#Neut|Number#Sing|Tense#Pres|VerbForm#Part|Voice#Pass
005.SCG*LB2.CP-5++9.N.-3.13-7.17-3W19	oportet	NO MATCH	lemma/115098	Mood#Ind|Number#Sing|Person#3|Tense#Pres|VerbForm#Fin|Voice#Act
005.SCG*LB4.CP-8++3.N.17.23-2.25-3W9	mori	NO MATCH	lemma/112796	Mood#Ind|Number#Sing|Person#3|Tense#Pres|VerbForm#Fin|Voice#Act
005.SCG*LB2.CP-2++1.N.10.1-2.9-1W15	fieri	NO MATCH	lemma/102758	Tense#Pres|VerbForm#Inf|Voice#Pass
005.SCG*LB1.CP-4++2.N.-8.4-1.5-6W1	oportet	NO MATCH	lemma/115098	Mood#Ind|Number#Sing|Person#1|Tense#Fut|VerbForm#Fin|Voice#Act
005.SCG*LB3.CP13++1.N.-4.6-3.9-3W12	abiiciunt	NO MATCH	lemma/86884	Mood#Ind|Number#Plur|Person#3|Tense#Pres|VerbForm#Fin|Voice#Act
005.SCG*LB4.CP-5++2.N.-6.34-1.39-1W20	subiicerentur	NO MATCH	lemma/126114	Aspect#Imp|Mood#Sub|Number#Plur|Person#3|Tense#Imp|VerbForm#Fin|Voice#Pass
005.SCG*LB3.CP-9++5.N.19.7-3.7-7W1	locutus	NO MATCH	lemma/110805	Aspect#Imp|Mood#Ind|Number#Sing|Person#3|Tense#Pres|VerbForm#Fin|Voice#Pass
005.SCG*LB4.CP-9++0.N.--.1-1.2-4W4	patiantur	NO MATCH	lemma/116222	Aspect#Perf|Mood#Ind|Number#Plur|Person#3|Tense#Past|VerbForm#Fin|VerbType#Mod|Voice#Act
005.SCG*LB3.CP-6++5.N.-4.17-2.18-6W1	oportet	NO MATCH	lemma/115098	Mood#Ind|Number#Sing|Person#3|Tense#Pres|VerbForm#Fin|Voice#Act
005.SCG*LB2.CP-7++2.N.-4.19-1.22-2W5	loquendo	NO MATCH	lemma/110805	Aspect#Imp|Case#Nom|Degree#Pos|Gender#Masc|Number#Plur|Tense#Pres|VerbForm#Part|Voice#Act
005.SCG*LB3.CP13++5.N.12.7-3.11-1W6	operando	NO MATCH	lemma/115028	Mood#Sub|Number#Plur|Person#3|Tense#Pres|VerbForm#Fin|Voice#Pass
005.SCG*LB2.CP-8++9.N.-6.8-6.12-4W23	fieri	NO MATCH	lemma/102758	Tense#Pres|VerbForm#Inf|Voice#Pass
005.SCG*LB1.CP-9++1.N.-4.11-6.13-6W16	intensior	NO MATCH	lemma/108382	Aspect#Perf|Case#Nom|Degree#Cmp|Gender#Masc|Number#Sing|Tense#Past|VerbForm#Part|Voice#Pass
005.SCG*LB3.CP-4++8.N.11.13-1.13-8W5	fieri	NO MATCH	lemma/102758	Tense#Pres|VerbForm#Inf|Voice#Pass
005.SCG*LB1.CP-1++3.N.-7.5-5.5-7W3	calumniatur	NO MATCH	lemma/92442	Mood#Ind|Number#Sing|Person#3|Tense#Pres|VerbForm#Fin|Voice#Act
005.SCG*LB1.CP-1++6.N.-7.7-1.9-4W13	oportet	NO MATCH	lemma/115098	Aspect#Imp|Mood#Ind|Number#Sing|Person#3|Tense#Imp|VerbForm#Fin|Voice#Act
005.SCG*LB3.CP-8++0.N.18.11-1.12-1W5	loquens	NO MATCH	lemma/110805	Mood#Ind|Number#Sing|Person#3|Tense#Pres|VerbForm#Fin|Voice#Act
005.SCG*LB1.CP-4++3.N.16.15-1.21-4W20	oportet	NO MATCH	lemma/115098	Mood#Ind|Number#Sing|Person#3|Tense#Fut|VerbForm#Fin|Voice#Act
005.SCG*LB3.CP14++9.N.-1.5-1.6-7W10	oportet	NO MATCH	lemma/115098	Mood#Ind|Number#Sing|Person#3|Tense#Pres|VerbForm#Fin|Voice#Act
005.SCG*LB1.CP-5++5.N.-2.10-5.13-3W13	intellecta	NO MATCH	lemma/108367	Aspect#Perf|Case#Nom|Degree#Pos|Gender#Fem|Number#Plur|Tense#Past|VerbForm#Part|Voice#Pass
005.SCG*LB3.CP-2++4.N.-7.17-1.19-2W8	principiatorum	NO MATCH	lemma/73424	Mood#Ind|Number#Plur|Person#3|Tense#Pres|VerbForm#Fin|Voice#Act
005.SCG*LB2.CP--++1.N.-5.1-1.4-1W8	operantis	NO MATCH	lemma/115028	Aspect#Perf|Case#Dat|Degree#Pos|Gender#Fem|Number#Sing|Tense#Past|VerbForm#Part|Voice#Pass
005.SCG*LB2.CP-8++9.N.-6.14-7.20-7W28	suspicantur	NO MATCH	lemma/127134	Aspect#Imp|Mood#Ind|Number#Plur|Person#3|Tense#Fut|VerbForm#Fin|Voice#Pass
005.SCG*LB3.CP12++7.N.-4.1-2.2-7W12	converso	NO MATCH	lemma/96446	Case#Abl|Degree#Pos|Gender#Neut|Number#Sing
005.SCG*LB4.CP-5++7.N.-1.8-4.9-6W9	operatum	NO MATCH	lemma/115028	Aspect#Imp|Mood#Ind|Number#Sing|Person#3|Tense#Pres|VerbForm#Fin|Voice#Act
005.SCG*LB4.CP-3++5.N.-8.25-1.26-4W6	fieret	NO MATCH	lemma/102758	Aspect#Imp|Mood#Sub|Number#Sing|Person#3|Tense#Imp|VerbForm#Fin|Voice#Pass
005.SCG*LB4.CP-5++5.N.26.8-2.13-3W37	subiiciat	NO MATCH	lemma/126114	Aspect#Imp|Mood#Sub|Number#Sing|Person#3|Tense#Pres|VerbForm#Fin|Voice#Act
005.SCG*LB3.CP15++4.N.20.1-1.3-6W18	interpretata	NO MATCH	lemma/108602	Aspect#Perf|Mood#Ind|Number#Sing|Person#3|Tense#Past|VerbForm#Fin|Voice#Act
005.SCG*LB4.CP-7++4.N.-1.5-4.6-5W6	proportionata	NO MATCH	lemma/131413	Aspect#Imp|Mood#Sub|Number#Sing|Person#3|Tense#Pres|VerbForm#Fin|Voice#Act
005.SCG*LB2.CP-8++2.N.12.6-1.10-3W7	pati	NO MATCH	lemma/116222	Mood#Ind|Number#Sing|Person#3|Tense#Pres|VerbForm#Fin|Voice#Act
005.SCG*LB4.CP-4++6.N.-2.12-1.13-7W1	convenienter	NO MATCH	lemma/96424	Degree#Pos
005.SCG*LB4.CP-1++3.N.-9.15-1.16-1W5	loquitur	NO MATCH	lemma/110805	Aspect#Imp|Mood#Ind|Number#Sing|Person#3|Tense#Pres|VerbForm#Fin|Voice#Pass
005.SCG*LB1.CP-2++0.N.36.3-3.4-7W16	oportet	NO MATCH	lemma/115098	Mood#Ind|Number#Plur|Person#3|Tense#Pres|VerbForm#Fin|Voice#Act
005.SCG*LB3.CP13++5.N.22.26-6.27-7W7	fungitur	NO MATCH	lemma/104022	Mood#Ind|Number#Sing|Person#3|Tense#Pres|VerbForm#Fin|VerbType#Mod|Voice#Act
005.SCG*LB4.CP-8++3.N.11.25-1.27-2W1	oportet	NO MATCH	lemma/115098	Aspect#Imp|Tense#Pres|VerbForm#Inf|Voice#Pass
005.SCG*LB3.CP14++2.N.-1.10-4.14-4W7	differenter	NO MATCH	lemma/99342	Degree#Pos
005.SCG*LB3.CP-8++6.N.-8.21-5.25-7W14	moriturum	NO MATCH	lemma/112796	Mood#Ind|Number#Sing|Person#3|Tense#Pres|VerbForm#Fin|Voice#Act
005.SCG*LB3.CP-1++0.N.13.1-1.3-1W4	exequentis	NO MATCH	lemma/102311	Case#Gen|Degree#Pos|Gender#Fem|Number#Sing|Tense#Pres|VerbForm#Part|Voice#Pass
005.SCG*LB2.CP--++2.N.-3.4-4.5-6W1	oportet	NO MATCH	lemma/115098	Mood#Ind|Number#Sing|Person#3|Tense#Pres|VerbForm#Fin|Voice#Act
005.SCG*LB4.CP--++8.N.-6.34-9.37-2W22	operatur	NO MATCH	lemma/115028	Mood#Ind|Number#Sing|Person#3|Tense#Pres|VerbForm#Fin|Voice#Pass
005.SCG*LB3.CP-6++5.N.-8.6-1.8-7W5	oportet	NO MATCH	lemma/115098	Aspect#Perf|Case#Nom|Degree#Pos|Gender#Neut|Number#Sing|Tense#Past|VerbForm#Part|Voice#Pass
005.SCG*LB4.CP-1++8.N.-7.21-2.21-8W4	loquentes	NO MATCH	lemma/110805	Aspect#Perf|Case#Nom|Degree#Pos|Gender#Neut|Number#Plur|Tense#Past|VerbForm#Part|Voice#Pass
005.SCG*LB1.CP-2++2.N.-6.8-2.10-1W13	oportet	NO MATCH	lemma/115098	Mood#Ind|Number#Sing|Person#3|Tense#Pres|VerbForm#Fin|Voice#Act
005.SCG*LB2.CP-8++3.N.33.1-2.2-4W3	oportet	NO MATCH	lemma/115098	Aspect#Perf|Case#Nom|Degree#Pos|Gender#Neut|Number#Sing|Tense#Past|VerbForm#Part|Voice#Pass
005.SCG*LB1.CP-7++3.N.-4.5-1.6-3W1	oportet	NO MATCH	lemma/115098	Tense#Pres|VerbForm#Inf|VerbType#Mod|Voice#Act
005.SCG*LB3.CP-1++0.N.11.8-3.9-6W3	oportet	NO MATCH	lemma/115098	Mood#Ind|Number#Sing|Person#3|Tense#Pres|VerbForm#Fin|Voice#Act
005.SCG*LB1.CP-2++2.N.-6.27-2.28-6W4	loquimur	NO MATCH	lemma/110805	Aspect#Imp|Mood#Ind|Number#Sing|Person#3|Tense#Pres|VerbForm#Fin|Voice#Act
005.SCG*LB3.CP-5++0.N.-2.10-1.11-5W3	arbitramur	NO MATCH	lemma/89778	Aspect#Perf|Case#Nom|Degree#Pos|Gender#Neut|Number#Sing|Tense#Past|VerbForm#Part|Voice#Pass
005.SCG*LB3.CP-6++2.N.-2.6-1.7-7W10	fit	NO MATCH	lemma/102758	Mood#Ind|Number#Sing|Person#3|Tense#Pres|VerbForm#Fin|Voice#Pass
005.SCG*LB3.CP11++8.N.-2.10-4.12-1W1	oportet	NO MATCH	lemma/115098	Mood#Ind|Number#Plur|Person#3|Tense#Pres|VerbForm#Fin|Voice#Pass
005.SCG*LB2.CP-6++0.N.-9.1-2.3-5W2	consequens	NO MATCH	lemma/96035	Case#Nom|Degree#Pos|Gender#Fem|Number#Sing|Tense#Pres|VerbForm#Part|Voice#Pass
005.SCG*LB2.CP-8++0.N.-8.8-1.11-5W22	fit	NO MATCH	lemma/102758	Mood#Ind|Number#Sing|Person#3|Tense#Pres|VerbForm#Fin|Voice#Pass
005.SCG*LB1.CP-8++7.N.-4.1-1.2-5W5	oportet	NO MATCH	lemma/115098	Mood#Ind|Number#Sing|Person#3|Tense#Fut|VerbForm#Fin|Voice#Act
005.SCG*LB3.CP14++4.N.-9.12-3.13-4W4	convenientior	NO MATCH	lemma/96424	Case#Nom|Degree#Cmp|Gender#Masc|Number#Sing|Tense#Pres|VerbForm#Part|Voice#Act
005.SCG*LB4.CP-7++9.N.-8.3-2.5-6W16	mortui	NO MATCH	lemma/112796	Aspect#Imp|Mood#Ind|Number#Sing|Person#3|Tense#Pres|VerbForm#Fin|Voice#Act
005.SCG*LB4.CP-6++5.N.-3.9-5.12-1W13	largitur	NO MATCH	lemma/109940	Aspect#Imp|Mood#Ind|Number#Sing|Person#3|Tense#Pres|VerbForm#Fin|Voice#Act
005.SCG*LB4.CP-7++3.N.-5.13-2.18-1W31	fit	NO MATCH	lemma/102758	Aspect#Imp|Mood#Ind|Number#Sing|Person#3|Tense#Pres|VerbForm#Fin|Voice#Pass
005.SCG*LB3.CP13++9.N.16.5-3.6-6W3	oportet	NO MATCH	lemma/115098	Mood#Ind|Number#Sing|Person#3|Tense#Pres|VerbForm#Fin|Voice#Act
005.SCG*LB1.CP-6++5.N.-4.7-2.10-3W15	oportet	NO MATCH	lemma/115098	Mood#Sub|Number#Sing|Person#3|Tense#Pres|VerbForm#Fin|Voice#Pass
005.SCG*LB4.CP-6++3.N.-7.1-1.2-5W4	oportet	NO MATCH	lemma/115098	Aspect#Imp|Mood#Ind|Number#Plur|Person#3|Tense#Pres|VerbForm#Fin|Voice#Pass
005.SCG*LB1.CP-5++7.N.11.5-3.8-7W6	fieri	NO MATCH	lemma/102758	Tense#Pres|VerbForm#Inf|Voice#Pass
005.SCG*LB1.CP-9++5.N.-2.1-1.2-4W9	operatur	NO MATCH	lemma/115028	Mood#Ind|Number#Sing|Person#3|Tense#Pres|VerbForm#Fin|Voice#Act
005.SCG*LB1.CP-2++0.N.34.4-5.7-1W8	oportet	NO MATCH	lemma/115098	Tense#Pres|VerbForm#Inf|Voice#Pass
005.SCG*LB1.CP-1++8.N.-7.3-4.5-2W2	oportet	NO MATCH	lemma/115098	Aspect#Imp|Mood#Ind|Number#Sing|Person#3|Tense#Pres|VerbForm#Fin|Voice#Act
005.SCG*LB3.CP-5++0.N.-9.12-1.13-2W3	convenienter	NO MATCH	lemma/96424	Degree#Pos
005.SCG*LB2.CP-2++3.N.-6.12-1.13-1W4	oportet	NO MATCH	lemma/115098	Mood#Ind|Number#Sing|Person#3|Tense#Pres|VerbForm#Fin|Voice#Act
005.SCG*LB4.CP--++8.N.-5.64-5.66-4W11	fieri	NO MATCH	lemma/102758	Aspect#Imp|Tense#Pres|VerbForm#Inf|Voice#Pass
005.SCG*LB2.CP-8++3.N.-9.3-2.5-3W4	licet	NO MATCH	lemma/110432	Mood#Sub|Number#Plur|Person#3|Tense#Pres|VerbForm#Fin|Voice#Act
005.SCG*LB2.CP-9++8.N.-8.1-1.9-2W28	oportet	NO MATCH	lemma/115098	Aspect#Imp|Case#Nom|Degree#Pos|Gender#Masc|Number#Sing|Tense#Pres|VerbForm#Part|Voice#Act
005.SCG*LB1.CP-1++8.N.-1.3-1.4-3W5	oportet	NO MATCH	lemma/115098	Tense#Pres|VerbForm#Inf|Voice#Act
005.SCG*LB3.CP-7++6.N.-1.9-1.11-4W1	consequenter	NO MATCH	lemma/96035	Case#Loc|Degree#Pos|Number#Sing|Tense#Pres|VerbForm#Part|Voice#Pass
005.SCG*LB3.CP15++1.N.-1.1-1.4-3W5	fit	NO MATCH	lemma/102758	Mood#Ind|Number#Sing|Person#3|Tense#Pres|VerbForm#Fin|Voice#Pass
005.SCG*LB1.CP-8++3.N.-5.7-7.12-6W22	volitum	NO MATCH	lemma/130745	Aspect#Perf|Case#Acc|Degree#Pos|Gender#Neut|Number#Sing|Tense#Past|VerbForm#Part|VerbType#Mod|Voice#Pass
005.SCG*LB3.CP-7++6.N.-7.23-7.25-5W11	fiat	NO MATCH	lemma/102758	Mood#Sub|Number#Sing|Person#3|Tense#Pres|VerbForm#Fin|Voice#Pass
005.SCG*LB3.CP-7++0.N.-5.34-2.35-3W5	licet	NO MATCH	lemma/110432	Mood#Ind|Number#Sing|Person#3|Tense#Pres|VerbForm#Fin|Voice#Act
005.SCG*LB3.CP-1++3.N.-4.5-2.7-4W13	calefit	NO MATCH	lemma/92350	Mood#Ind|Number#Sing|Person#3|Tense#Pres|VerbForm#Fin|Voice#Pass
005.SCG*LB3.CP15++8.N.-7.11-5.14-2W21	pateretur	NO MATCH	lemma/116222	Aspect#Imp|Mood#Sub|Number#Sing|Person#3|Tense#Imp|VerbForm#Fin|Voice#Pass
005.SCG*LB3.CP-9++7.N.-6.3-4.8-3W11	perfectiores	NO MATCH	lemma/116821	Aspect#Perf|Case#Nom|Degree#Cmp|Gender#Fem|Number#Plur|Tense#Past|VerbForm#Part|Voice#Pass
005.SCG*LB4.CP-6++3.N.-7.4-1.5-5W6	praesupponit	NO MATCH	lemma/131408	Aspect#Imp|Mood#Ind|Number#Sing|Person#3|Tense#Pres|VerbForm#Fin|Voice#Pass
005.SCG*LB2.CP-8++9.N.-6.8-6.12-4W14	sufficienter	NO MATCH	lemma/126601	Degree#Pos
005.SCG*LB3.CP-4++9.N.-9.8-6.12-5W16	expressius	NO MATCH	lemma/102229	Degree#Cmp
005.SCG*LB1.CP-4++9.N.-7.3-6.5-2W10	excelso	NO MATCH	lemma/101840	Aspect#Perf|Case#Abl|Degree#Pos|Gender#Neut|Number#Sing|Tense#Past|VerbForm#Part|Voice#Pass
005.SCG*LB2.CP-3++9.N.-1.4-1.5-7W4	oportet	NO MATCH	lemma/115098	Tense#Pres|VerbForm#Inf|Voice#Act
005.SCG*LB2.CP-8++0.N.-4.8-7.12-2W12	oportet	NO MATCH	lemma/115098	Aspect#Imp|Mood#Ind|Number#Plur|Person#3|Tense#Pres|VerbForm#Fin|Voice#Act
005.SCG*LB4.CP-6++9.N.-6.30-4.32-6W3	fit	NO MATCH	lemma/102758	Aspect#Imp|Mood#Ind|Number#Sing|Person#3|Tense#Pres|VerbForm#Fin|Voice#Pass
005.SCG*LB1.CP-6++5.N.-3.21-6.24-7W24	essendi	NO MATCH	lemma/126689	Case#Gen|Degree#Pos|Number#Sing|VerbForm#Ger|Voice#Act
005.SCG*LB3.CP-8++4.N.-9.7-6.10-4W12	sequens	NO MATCH	lemma/124461	Case#Nom|Degree#Pos|Gender#Fem|Number#Sing|Tense#Pres|VerbForm#Part|Voice#Pass
005.SCG*LB3.CP-1++0.N.14.3-1.6-3W11	oportet	NO MATCH	lemma/115098	Aspect#Imp|Tense#Pres|VerbForm#Inf|Voice#Act
005.SCG*LB4.CP-9++1.N.-3.8-6.10-1W2	morabitur	NO MATCH	lemma/112802	Aspect#Imp|Tense#Pres|VerbForm#Inf|Voice#Act
005.SCG*LB4.CP-1++0.N.-5.1-2.3-5W9	oportet	NO MATCH	lemma/115098	Mood#Ind|Number#Sing|Person#3|Tense#Pres|VerbForm#Fin|Voice#Act
005.SCG*LB2.CP10++0.N.-2.1-1.8-6W30	individuantur	NO MATCH	lemma/59198	Mood#Ind|Number#Sing|Person#3|Tense#Pres|VerbForm#Fin|Voice#Act
005.SCG*LB2.CP-3++2.N.-5.8-3.10-2W7	fiat	NO MATCH	lemma/102758	Mood#Sub|Number#Sing|Person#3|Tense#Pres|VerbForm#Fin|Voice#Pass
005.SCG*LB2.CP-3++0.N.15.36-1.39-2W17	licet	NO MATCH	lemma/110432	Aspect#Imp|Mood#Ind|Number#Sing|Person#3|Tense#Pres|VerbForm#Fin|Voice#Pass
005.SCG*LB3.CP13++9.N.15.1-1.6-1W4	diligenter	NO MATCH	lemma/99463	Degree#Pos
005.SCG*LB2.CP-4++0.N.-5.6-1.8-4W11	oportet	NO MATCH	lemma/115098	Mood#Ind|Number#Plur|Person#3|Tense#Pres|VerbForm#Fin|Voice#Pass
005.SCG*LB4.CP-1++7.N.14.9-3.10-8W13	loquitur	NO MATCH	lemma/110805	Mood#Ind|Number#Sing|Person#3|Tense#Pres|VerbForm#Fin|Voice#Act
005.SCG*LB3.CP-2++1.N.-7.9-1.11-2W16	fieri	NO MATCH	lemma/102758	Tense#Pres|VerbForm#Inf|Voice#Pass
005.SCG*LB3.CP--++8.N.-2.1-1.2-3W8	sortitur	NO MATCH	lemma/125211	Mood#Ind|Number#Sing|Person#3|Tense#Pres|VerbForm#Fin|Voice#Act
005.SCG*LB2.CP--++2.N.-2.14-1.17-3W15	confortata	NO MATCH	lemma/95815	Aspect#Perf|Case#Nom|Degree#Pos|Gender#Fem|Number#Sing|Tense#Past|VerbForm#Part|Voice#Pass
005.SCG*LB4.CP-3++9.N.-1.1-1.8-5W14	oportet	NO MATCH	lemma/115098	Mood#Ind|Number#Sing|Person#3|Tense#Pres|VerbForm#Fin|VerbType#Mod|Voice#Act
005.SCG*LB3.CP14++0.N.-6.6-6.11-1W16	recte	NO MATCH	lemma/122542	Degree#Pos
005.SCG*LB4.CP-1++6.N.-1.1-1.3-1W1	opinati	NO MATCH	lemma/115070	Aspect#Perf|Case#Nom|Degree#Pos|Gender#Masc|Number#Plur|Tense#Past|VerbForm#Part|Voice#Pass
005.SCG*LB2.CP-8++3.N.33.7-5.9-2W1	oportet	NO MATCH	lemma/115098	Aspect#Perf|Case#Nom|Degree#Pos|Gender#Masc|Number#Plur|Tense#Past|VerbForm#Part|Voice#Pass
005.SCG*LB1.CP-9++9.N.-4.1-2.3-2W4	operans	NO MATCH	lemma/115028	Mood#Ind|Number#Sing|Person#2|Tense#Fut|VerbForm#Fin|Voice#Act
005.SCG*LB1.CP-2++5.N.-8.1-1.4-5W23	fit	NO MATCH	lemma/102758	Mood#Ind|Number#Sing|Person#3|Tense#Pres|VerbForm#Fin|Voice#Pass
005.SCG*LB3.CP-8++7.N.-4.1-2.7-6W5	oporteat	NO MATCH	lemma/115098	Mood#Ind|Number#Sing|Person#3|Tense#Pres|VerbForm#Fin|Voice#Act
005.SCG*LB3.CP--++3.N.-2.3-6.5-4W6	determinate	NO MATCH	lemma/99024	Degree#Pos
005.SCG*LB3.CP-6++8.N.-3.14-3.16-1W12	oportet	NO MATCH	lemma/115098	Mood#Ind|Number#Sing|Person#3|Tense#Pres|VerbForm#Fin|Voice#Act
005.SCG*LB4.CP-1++7.N.19.14-2.16-4W15	loquitur	NO MATCH	lemma/110805	Mood#Ind|Number#Sing|Person#3|Tense#Pres|VerbForm#Fin|Voice#Pass
005.SCG*LB3.CP-2++8.N.-5.3-3.4-3W4	fieri	NO MATCH	lemma/102758	Tense#Pres|VerbForm#Inf|Voice#Pass
005.SCG*LB1.CP-3++4.N.-1.21-1.24-5W16	oporteret	NO MATCH	lemma/115098	Aspect#Perf|Case#Nom|Degree#Pos|Gender#Neut|Number#Sing|Tense#Past|VerbForm#Part|VerbType#Mod|Voice#Pass
005.SCG*LB4.CP-9++6.N.-1.9-2.11-2W13	moriuntur	NO MATCH	lemma/112796	Case#Nom|Degree#Pos|Gender#Neut|Number#Sing|Tense#Pres|VerbForm#Part|Voice#Act
005.SCG*LB1.CP-5++3.N.-4.7-2.12-3W35	operatur	NO MATCH	lemma/115028	Aspect#Imp|Mood#Ind|Number#Sing|Person#3|Tense#Pres|VerbForm#Fin|Voice#Act
005.SCG*LB3.CP-7++6.N.-7.18-4.20-1W4	oporteret	NO MATCH	lemma/115098	Case#Acc|Degree#Pos|Number#Sing|VerbForm#Ger|Voice#Act
005.SCG*LB4.CP-3++4.N.16.12-2.15-5W18	oportet	NO MATCH	lemma/115098	Aspect#Perf|Mood#Ind|Number#Sing|Person#3|Tense#Past|VerbForm#Fin|Voice#Act
005.SCG*LB4.CP-2++1.N.-4.18-1.20-4W13	convenienter	NO MATCH	lemma/96424	Degree#Pos
005.SCG*LB4.CP-5++3.N.15.8-3.12-4W30	convenienter	NO MATCH	lemma/96424	Degree#Pos
005.SCG*LB2.CP-7++6.N.20.1-2.5-2W21	operandum	NO MATCH	lemma/115028	Mood#Sub|Number#Plur|Person#3|Tense#Pres|VerbForm#Fin|Voice#Act
005.SCG*LB2.CP-7++0.N.-2.18-4.22-6W17	oportet	NO MATCH	lemma/115098	Mood#Ind|Number#Plur|Person#3|Tense#Pres|VerbForm#Fin|Voice#Act
005.SCG*LB4.CP-3++4.N.14.21-4.24-2W3	loquatur	NO MATCH	lemma/110805	Case#Acc|Degree#Pos|Number#Sing|VerbForm#Ger|Voice#Act
005.SCG*LB2.CP-8++3.N.-1.1-1.5-6W31	essendi	NO MATCH	lemma/126689	Case#Gen|Degree#Pos|Number#Sing|VerbForm#Ger|Voice#Act
005.SCG*LB2.CP-7++5.N.-2.16-1.18-2W4	individuetur	NO MATCH	lemma/59198	Mood#Sub|Number#Plur|Person#3|Tense#Pres|VerbForm#Fin|Voice#Pass
005.SCG*LB1.CP-8++1.N.-3.4-6.9-6W34	licet	NO MATCH	lemma/110432	Mood#Ind|Number#Sing|Person#3|Tense#Pres|VerbForm#Fin|Voice#Pass
005.SCG*LB2.CP-4++4.N.15.8-7.10-2W7	praesupponit	NO MATCH	lemma/131408	Mood#Ind|Number#Sing|Person#3|Tense#Pres|VerbForm#Fin|Voice#Act
005.SCG*LB2.CP-4++6.N.-4.14-1.15-3W1	oportuit	NO MATCH	lemma/115098	Mood#Ind|Number#Sing|Person#3|Tense#Pres|VerbForm#Fin|Voice#Act
005.SCG*LB2.CP-8++7.N.-3.14-3.17-2W7	fieri	NO MATCH	lemma/102758	Tense#Pres|VerbForm#Inf|Voice#Pass
005.SCG*LB4.CP-1++0.N.11.13-3.14-3W7	oportet	NO MATCH	lemma/115098	Aspect#Imp|Case#Abl|Degree#Pos|Gender#Neut|Number#Plur|Tense#Pres|VerbForm#Part|Voice#Act
005.SCG*LB2.CP-7++5.N.-8.4-4.7-5W15	oportet	NO MATCH	lemma/115098	Mood#Ind|Number#Sing|Person#3|Tense#Pres|VerbForm#Fin|Voice#Act
005.SCG*LB4.CP-5++5.N.16.27-1.30-6W26	passum	NO MATCH	lemma/116222	Aspect#Perf|Case#Nom|Degree#Pos|Gender#Masc|Number#Sing|Tense#Past|VerbForm#Part|Voice#Pass
005.SCG*LB1.CP-6++8.N.-6.1-2.5-3W23	puta	NO MATCH	lemma/120610	
005.SCG*LB4.CP-2++3.N.-2.20-1.22-3W17	expressius	NO MATCH	lemma/102229	Degree#Cmp
005.SCG*LB3.CP12++2.N.-6.1-1.4-2W3	oportet	NO MATCH	lemma/115098	Aspect#Imp|Mood#Ind|Number#Sing|Person#3|Tense#Imp|VerbForm#Fin|Voice#Act
005.SCG*LB4.CP-9++6.N.-1.11-3.13-2W6	fiet	NO MATCH	lemma/102758	Aspect#Imp|Mood#Ind|Number#Sing|Person#3|Tense#Fut|VerbForm#Fin|Voice#Pass
005.SCG*LB3.CP13++6.N.-7.9-1.10-3W12	loquens	NO MATCH	lemma/110805	Aspect#Imp|Tense#Pres|VerbForm#Inf|Voice#Act
005.SCG*LB2.CP-9++1.N.-9.7-2.8-2W4	oportet	NO MATCH	lemma/115098	Aspect#Imp|Mood#Sub|Number#Sing|Person#3|Tense#Imp|VerbForm#Fin|Voice#Act
005.SCG*LB1.CP-3++7.N.-5.15-4.17-5W9	essendi	NO MATCH	lemma/126689	Case#Gen|Degree#Pos|Number#Sing|VerbForm#Ger|Voice#Act
005.SCG*LB2.CP-8++9.N.15.4-5.6-2W8	oportet	NO MATCH	lemma/115098	Case#Gen|Degree#Pos|Gender#Masc|Number#Sing|Tense#Pres|VerbForm#Part|Voice#Act
005.SCG*LB2.CP-3++8.N.-3.4-3.5-4W3	consequens	NO MATCH	lemma/96035	Case#Acc|Degree#Pos|Gender#Neut|Number#Sing|Tense#Pres|VerbForm#Part|Voice#Pass
005.SCG*LB2.CP-5++7.N.-3.2-1.4-3W6	fit	NO MATCH	lemma/102758	Mood#Ind|Number#Sing|Person#3|Tense#Pres|VerbForm#Fin|Voice#Pass
005.SCG*LB2.CP-7++9.N.16.7-5.8-6W2	moritur	NO MATCH	lemma/112796	Aspect#Imp|Tense#Pres|VerbForm#Inf|Voice#Act
005.SCG*LB3.CP-4++3.N.-4.9-2.12-7W3	oportebit	NO MATCH	lemma/115098	Case#Dat|Degree#Pos|Gender#Masc|Number#Sing|Tense#Pres|VerbForm#Part|Voice#Act
005.SCG*LB3.CP-7++6.N.-8.4-5.7-6W13	oportet	NO MATCH	lemma/115098	Case#Dat|Degree#Pos|Gender#Masc|Number#Sing|Tense#Pres|VerbForm#Part|Voice#Act
005.SCG*LB4.CP-4++4.N.-6.3-4.7-3W17	organizatum	NO MATCH	lemma/68425	Case#Dat|Degree#Pos|Gender#Masc|Number#Sing|Tense#Pres|VerbForm#Part|Voice#Act
005.SCG*LB2.CP-3++4.N.-2.16-7.18-3W13	fieri	NO MATCH	lemma/102758	Tense#Pres|VerbForm#Inf|Voice#Pass
005.SCG*LB2.CP-1++5.N.-2.29-3.31-6W12	essendi	NO MATCH	lemma/126689	Case#Gen|Degree#Pos|Number#Sing|VerbForm#Ger|Voice#Act
005.SCG*LB1.CP-2++2.N.-4.10-4.11-5W8	necesse-esse	NO MATCH	lemma/126689	Tense#Pres|VerbForm#Inf|Voice#Act
005.SCG*LB3.CP15++4.N.23.8-1.10-5W18	loquebantur	NO MATCH	lemma/110805	Aspect#Perf|Case#Nom|Degree#Pos|Gender#Neut|Number#Sing|Tense#Past|VerbForm#Part|Voice#Pass
005.SCG*LB3.CP15++4.N.21.1-1.8-3W8	fiunt	NO MATCH	lemma/102758	Mood#Ind|Number#Plur|Person#3|Tense#Pres|VerbForm#Fin|Voice#Pass
005.SCG*LB2.CP-5++7.N.-5.9-1.11-6W9	utentem	NO MATCH	lemma/130923	Case#Acc|Degree#Pos|Gender#Fem|Number#Sing|Tense#Pres|VerbForm#Part|Voice#Pass
005.SCG*LB4.CP--++8.N.-4.39-6.44-5W28	subiicere	NO MATCH	lemma/126114	Aspect#Imp|Tense#Pres|VerbForm#Inf|Voice#Act
005.SCG*LB3.CP-2++5.N.-9.9-1.10-1W10	operari	NO MATCH	lemma/115028	Tense#Pres|VerbForm#Inf|Voice#Act
005.SCG*LB3.CP13++6.N.-1.1-1.4-1W17	locuti	NO MATCH	lemma/110805	Mood#Ind|Number#Sing|Person#3|Tense#Pres|VerbForm#Fin|Voice#Act
005.SCG*LB3.CP-5++7.N.-2.7-1.9-3W6	fit	NO MATCH	lemma/102758	Mood#Ind|Number#Sing|Person#3|Tense#Pres|VerbForm#Fin|Voice#Pass
005.SCG*LB1.CP-6++5.N.-8.7-2.9-1W12	consequens	NO MATCH	lemma/96035	Case#Acc|Degree#Pos|Gender#Neut|Number#Sing|Tense#Pres|VerbForm#Part|Voice#Pass
005.SCG*LB1.CP-1++8.N.-3.1-2.4-3W13	licet	NO MATCH	lemma/110432	Mood#Ind|Number#Sing|Person#3|Tense#Pres|VerbForm#Fin|Voice#Act
005.SCG*LB1.CP--++4.N.-4.11-1.15-8W28	fit	NO MATCH	lemma/102758	Mood#Ind|Number#Sing|Person#3|Tense#Pres|VerbForm#Fin|Voice#Pass
005.SCG*LB2.CP-8++9.N.11.6-4.11-3W23	consequens	NO MATCH	lemma/96035	Case#Acc|Degree#Pos|Gender#Neut|Number#Sing|Tense#Pres|VerbForm#Part|Voice#Pass
005.SCG*LB1.CP-4++4.N.-5.7-2.8-7W6	fiunt	NO MATCH	lemma/102758	Mood#Ind|Number#Plur|Person#3|Tense#Pres|VerbForm#Fin|Voice#Pass
005.SCG*LB4.CP-5++5.N.-8.11-2.13-4W8	diligentius	NO MATCH	lemma/99463	Degree#Cmp
005.SCG*LB3.CP15++8.N.-2.3-4.5-6W1	oportet	NO MATCH	lemma/115098	Aspect#Perf|Case#Nom|Degree#Pos|Gender#Fem|Number#Sing|Tense#Past|VerbForm#Part|Voice#Pass
005.SCG*LB2.CP-5++7.N.-6.21-3.23-2W1	oportet	NO MATCH	lemma/115098	Aspect#Perf|Case#Nom|Degree#Pos|Gender#Neut|Number#Sing|Tense#Past|VerbForm#Part|Voice#Pass
005.SCG*LB3.CP13++4.N.-2.11-5.17-2W25	fieri	NO MATCH	lemma/102758	Tense#Pres|VerbForm#Inf|Voice#Pass
005.SCG*LB4.CP-4++1.N.-3.22-1.26-5W18	convenienter	NO MATCH	lemma/96424	Degree#Pos
005.SCG*LB4.CP-5++2.N.-6.48-2.51-2W12	consequens	NO MATCH	lemma/96035	Aspect#Imp|Case#Nom|Degree#Pos|Gender#Masc|Number#Sing|Tense#Pres|VerbForm#Part|Voice#Pass
005.SCG*LB1.CP-1++3.N.13.7-1.10-4W15	oportet	NO MATCH	lemma/115098	Mood#Ind|Number#Sing|Person#3|Tense#Pres|VerbForm#Fin|Voice#Act
005.SCG*LB3.CP-7++8.N.-2.11-3.16-4W12	fit	NO MATCH	lemma/102758	Mood#Ind|Number#Sing|Person#3|Tense#Pres|VerbForm#Fin|Voice#Pass
005.SCG*LB4.CP-7++7.N.-5.1-2.3-2W10	patiens	NO MATCH	lemma/116222	Mood#Sub|Number#Sing|Person#3|Tense#Pres|VerbForm#Fin|VerbType#Mod|Voice#Act
005.SCG*LB4.CP-9++0.N.-8.1-1.8-4W6	licet	NO MATCH	lemma/110432	Mood#Ind|Number#Sing|Person#3|Tense#Pres|VerbForm#Fin|Voice#Act
005.SCG*LB1.CP--++5.N.--.1-1.3-2W8	convenienter	NO MATCH	lemma/96424	Degree#Pos
005.SCG*LB4.CP--++8.N.-4.23-5.25-1W9	mortuorum	NO MATCH	lemma/112796	Mood#Sub|Number#Sing|Person#3|Tense#Pres|VerbForm#Fin|Voice#Pass
005.SCG*LB4.CP-5++5.N.28.1-1.5-3W3	sufficienter	NO MATCH	lemma/126601	Degree#Pos
005.SCG*LB4.CP-5++5.N.17.1-1.6-2W6	licet	NO MATCH	lemma/110432	Mood#Ind|Number#Sing|Person#3|Tense#Pres|VerbForm#Fin|Voice#Pass
005.SCG*LB3.CP-8++0.N.11.1-1.3-2W5	operante	NO MATCH	lemma/115028	Aspect#Perf|Case#Nom|Degree#Pos|Gender#Neut|Number#Plur|Tense#Past|VerbForm#Part|Voice#Pass
005.SCG*LB4.CP--++7.N.10.1-2.4-2W1	licet	NO MATCH	lemma/110432	Tense#Pres|VerbForm#Inf|Voice#Act
005.SCG*LB3.CP13++2.N.27.1-1.9-2W7	sectantibus	NO MATCH	lemma/123964	Tense#Pres|VerbForm#Inf|Voice#Act
005.SCG*LB3.CP12++0.N.15.5-1.7-5W1	oportebit	NO MATCH	lemma/115098	Tense#Pres|VerbForm#Inf|Voice#Act
005.SCG*LB3.CP-2++4.N.-8.14-4.20-4W19	oportet	NO MATCH	lemma/115098	Case#Nom|Degree#Pos|Gender#Masc|Number#Plur|Tense#Pres|VerbForm#Part|Voice#Act
005.SCG*LB3.CP-2++6.N.19.49-1.50-5W4	attentius	NO MATCH	lemma/90532	Degree#Cmp
005.SCG*LB3.CP15++4.N.25.11-1.14-3W22	praenuntiare	NO MATCH	lemma/131405	Degree#Cmp
005.SCG*LB4.CP-2++3.N.-8.14-5.18-5W9	oportuerit	NO MATCH	lemma/115098	Mood#Ind|Number#Sing|Person#3|Tense#Pres|VerbForm#Fin|Voice#Act
005.SCG*LB3.CP-7++0.N.-7.1-1.8-3W24	fiat	NO MATCH	lemma/102758	Mood#Sub|Number#Sing|Person#3|Tense#Pres|VerbForm#Fin|Voice#Pass
005.SCG*LB1.CP-8++9.N.-9.11-5.14-4W18	fieri	NO MATCH	lemma/102758	Tense#Pres|VerbForm#Inf|Voice#Pass
005.SCG*LB3.CP-9++4.N.10.55-2.59-1W26	contingenter	NO MATCH	lemma/96293	Degree#Pos
005.SCG*LB1.CP-4++2.N.19.10-1.13-2W4	loquendi	NO MATCH	lemma/110805	Degree#Pos
005.SCG*LB3.CP13++6.N.10.8-3.12-1W3	licet	NO MATCH	lemma/110432	Aspect#Imp|Mood#Sub|Number#Sing|Person#3|Tense#Imp|VerbForm#Fin|Voice#Act
005.SCG*LB3.CP-2++3.N.-5.1-2.4-8W13	oportet	NO MATCH	lemma/115098	Tense#Pres|VerbForm#Inf|Voice#Act
005.SCG*LB1.CP-4++4.N.-7.1-2.4-2W4	determinate	NO MATCH	lemma/99024	Degree#Pos
005.SCG*LB3.CP-8++9.N.-6.4-4.7-1W1	oportet	NO MATCH	lemma/115098	Mood#Ind|Number#Plur|Person#3|Tense#Pres|VerbForm#Fin|VerbType#Mod|Voice#Act
005.SCG*LB1.CP-8++5.N.-4.17-1.18-1W5	contingenter	NO MATCH	lemma/96293	Degree#Pos
005.SCG*LB2.CP-6++3.N.-3.7-5.9-1W5	sortiretur	NO MATCH	lemma/125211	Mood#Ind|Number#Sing|Person#3|Tense#Pres|VerbForm#Fin|Voice#Act
005.SCG*LB3.CP13++0.N.-3.9-6.14-6W3	expresse	NO MATCH	lemma/102229	Degree#Pos
005.SCG*LB3.CP10++2.N.-5.25-6.31-4W28	fiant	NO MATCH	lemma/102758	Mood#Sub|Number#Plur|Person#3|Tense#Pres|VerbForm#Fin|Voice#Pass
005.SCG*LB3.CP12++2.N.-3.7-1.7-6W3	fit	NO MATCH	lemma/102758	Mood#Ind|Number#Sing|Person#3|Tense#Pres|VerbForm#Fin|Voice#Pass
005.SCG*LB1.CP-4++9.N.-7.3-6.5-2W3	excelso	NO MATCH	lemma/101840	Aspect#Perf|Case#Abl|Degree#Pos|Gender#Neut|Number#Sing|Tense#Past|VerbForm#Part|Voice#Pass
005.SCG*LB3.CP10++2.N.-2.5-2.6-3W8	operari	NO MATCH	lemma/115028	Aspect#Imp|Mood#Ind|Number#Sing|Person#3|Tense#Pres|VerbForm#Fin|VerbType#Mod|Voice#Act
005.SCG*LB2.CP-9++3.N.-4.10-4.12-2W3	oportet	NO MATCH	lemma/115098	Mood#Ind|Number#Plur|Person#3|Tense#Pres|VerbForm#Fin|Voice#Act
005.SCG*LB4.CP-2++3.N.-6.7-3.11-2W4	tacite	NO MATCH	lemma/127555	Degree#Pos
005.SCG*LB4.CP-5++5.N.13.23-3.26-3W3	consequens	NO MATCH	lemma/96035	Aspect#Imp|Case#Nom|Degree#Pos|Gender#Fem|Number#Sing|Tense#Pres|VerbForm#Part|Voice#Pass
005.SCG*LB1.CP-5++1.N.10.2-9.6-2W11	praeexigitur	NO MATCH	lemma/131399	Aspect#Imp|Mood#Ind|Number#Sing|Person#3|Tense#Pres|VerbForm#Fin|Voice#Act
005.SCG*LB4.CP-2++0.N.-6.2-1.4-3W14	operandum	NO MATCH	lemma/115028	Mood#Sub|Number#Sing|Person#3|Tense#Pres|VerbForm#Fin|Voice#Pass
005.SCG*LB3.CP-1++3.N.-1.1-1.4-3W19	oportet	NO MATCH	lemma/115098	Mood#Ind|Number#Sing|Person#3|Tense#Pres|VerbForm#Fin|Voice#Act
005.SCG*LB1.CP-5++5.N.-4.9-1.10-4W3	oportet	NO MATCH	lemma/115098	Aspect#Perf|Case#Acc|Degree#Pos|Gender#Fem|Number#Sing|VerbForm#Gdv|Voice#Pass
005.SCG*LB3.CP12++2.N.-8.22-3.25-5W1	oportet	NO MATCH	lemma/115098	Aspect#Imp|Mood#Ind|Number#Sing|Person#3|Tense#Pres|VerbForm#Fin|Voice#Pass
005.SCG*LB4.CP-3++5.N.-6.1-1.7-1W39	fieri	NO MATCH	lemma/102758	Aspect#Imp|Tense#Pres|VerbForm#Inf|Voice#Pass
005.SCG*LB4.CP-7++9.N.-2.7-5.10-4W18	mortuis	NO MATCH	lemma/112796	Mood#Ind|Number#Sing|Person#3|Tense#Pres|VerbForm#Fin|Voice#Act
005.SCG*LB1.CP-2++0.N.20.6-1.8-4W13	loquentem	NO MATCH	lemma/110805	Aspect#Imp|Mood#Ind|Number#Sing|Person#3|Tense#Fut|VerbForm#Fin|Voice#Act
005.SCG*LB4.CP-3++4.N.17.17-6.18-6W6	loquitur	NO MATCH	lemma/110805	Mood#Ind|Number#Sing|Person#3|Tense#Pres|VerbForm#Fin|Voice#Act
005.SCG*LB4.CP-2++3.N.10.1-1.3-6W5	loquendi	NO MATCH	lemma/110805	Aspect#Perf|Mood#Ind|Number#Sing|Person#3|Tense#Past|VerbForm#Fin|Voice#Act
005.SCG*LB3.CP13++5.N.22.3-1.7-1W3	pati	NO MATCH	lemma/116222	Mood#Ind|Number#Plur|Person#3|Tense#Pres|VerbForm#Fin|Voice#Act
005.SCG*LB1.CP-1++3.N.19.22-1.25-3W20	oporteat	NO MATCH	lemma/115098	Case#Abl|Degree#Pos|Number#Sing|VerbForm#Ger|Voice#Act
005.SCG*LB4.CP-3++4.N.22.43-3.47-2W9	fieri	NO MATCH	lemma/102758	Aspect#Imp|Tense#Pres|VerbForm#Inf|Voice#Pass
005.SCG*LB3.CP13++9.N.-9.2-2.3-2W1	sceleratiora	NO MATCH	lemma/123660	Aspect#Perf|Case#Acc|Degree#Cmp|Gender#Neut|Number#Plur|Tense#Past|VerbForm#Part|Voice#Pass
005.SCG*LB3.CP-3++8.N.-3.1-1.2-3W4	oportet	NO MATCH	lemma/115098	Mood#Ind|Number#Sing|Person#3|Tense#Pres|VerbForm#Fin|Voice#Act
005.SCG*LB3.CP14++7.N.-5.3-1.4-1W4	sortitur	NO MATCH	lemma/125211	Aspect#Imp|Mood#Ind|Number#Sing|Person#3|Tense#Pres|VerbForm#Fin|Voice#Act
005.SCG*LB2.CP-7++0.N.-2.13-5.15-7W1	oportet	NO MATCH	lemma/115098	Aspect#Imp|Case#Gen|Degree#Pos|Gender#Masc|Number#Sing|Tense#Pres|VerbForm#Part|Voice#Act
005.SCG*LB1.CP-1++3.N.-6.9-1.11-2W9	oportet	NO MATCH	lemma/115098	Aspect#Imp|Mood#Ind|Number#Sing|Person#3|Tense#Pres|VerbForm#Fin|Voice#Act
005.SCG*LB4.CP--++6.N.-9.5-1.6-6W15	mortuis	NO MATCH	lemma/112796	Mood#Sub|Number#Sing|Person#3|Tense#Pres|VerbForm#Fin|Voice#Act
005.SCG*LB1.CP-1++7.N.-7.22-1.25-1W22	habentes	NO MATCH	lemma/105044	Case#Nom|Degree#Pos|Gender#Neut|Number#Plur|Tense#Pres|VerbForm#Part|Voice#Act
005.SCG*LB2.CP-8++9.N.-8.1-1.11-1W43	operatur	NO MATCH	lemma/115028	Tense#Pres|VerbForm#Inf|Voice#Act
005.SCG*LB4.CP-4++1.N.12.13-3.15-4W5	operatur	NO MATCH	lemma/115028	Aspect#Imp|Mood#Ind|Number#Sing|Person#3|Tense#Pres|VerbForm#Fin|Voice#Act
005.SCG*LB1.CP-4++2.N.11.10-3.11-5W3	consequens	NO MATCH	lemma/96035	Case#Acc|Degree#Pos|Gender#Neut|Number#Sing|Tense#Pres|VerbForm#Part|Voice#Pass
005.SCG*LB3.CP--++2.N.-5.1-2.4-6W24	sequentium	NO MATCH	lemma/124461	Case#Gen|Degree#Pos|Gender#Neut|Number#Plur|Tense#Pres|VerbForm#Part|Voice#Pass
005.SCG*LB4.CP-3++2.N.11.6-2.10-2W18	oportet	NO MATCH	lemma/115098	Mood#Sub|Number#Sing|Person#3|Tense#Pres|VerbForm#Fin|Voice#Act
005.SCG*LB2.CP-7++3.N.14.1-1.9-1W8	sortitur	NO MATCH	lemma/125211	Aspect#Imp|Tense#Pres|VerbForm#Inf|Voice#Act
005.SCG*LB2.CP-6++0.N.-3.14-6.18-3W17	superaddit	NO MATCH	lemma/131438	Aspect#Imp|Mood#Ind|Number#Sing|Person#3|Tense#Pres|VerbForm#Fin|Voice#Act
005.SCG*LB1.CP-1++3.N.30.5-3.8-2W8	incoepit	NO MATCH	lemma/106965	Aspect#Perf|Mood#Ind|Number#Sing|Person#3|Tense#Past|VerbForm#Fin|Voice#Act
005.SCG*LB2.CP-8++4.N.-4.1-1.5-1W15	oportet	NO MATCH	lemma/115098	Aspect#Imp|Tense#Pres|VerbForm#Inf|Voice#Act
005.SCG*LB1.CP-4++2.N.16.6-1.8-2W9	oportet	NO MATCH	lemma/115098	Mood#Ind|Number#Sing|Person#3|Tense#Pres|VerbForm#Fin|Voice#Pass
005.SCG*LB4.CP-8++4.N.-4.9-2.11-1W3	oportet	NO MATCH	lemma/115098	Mood#Ind|Number#Sing|Person#3|Tense#Pres|VerbForm#Fin|Voice#Act
005.SCG*LB3.CP14++4.N.10.12-2.13-5W4	proportionantur	NO MATCH	lemma/131413	Mood#Sub|Number#Sing|Person#3|Tense#Pres|VerbForm#Fin|Voice#Act
005.SCG*LB2.CP-7++7.N.-5.19-4.23-2W24	fiunt	NO MATCH	lemma/102758	Mood#Ind|Number#Plur|Person#3|Tense#Pres|VerbForm#Fin|Voice#Pass
005.SCG*LB4.CP-2++5.N.-4.15-4.17-1W7	oportet	NO MATCH	lemma/115098	Mood#Ind|Number#Sing|Person#3|Tense#Pres|VerbForm#Fin|Voice#Act
005.SCG*LB4.CP-7++4.N.-2.37-5.40-4W11	pateretur	NO MATCH	lemma/116222	Aspect#Imp|Tense#Pres|VerbForm#Inf|Voice#Act
005.SCG*LB3.CP-9++8.N.-1.3-1.4-7W13	complectitur	NO MATCH	lemma/95338	Aspect#Perf|Case#Nom|Degree#Pos|Gender#Fem|Number#Sing|Tense#Past|VerbForm#Part|Voice#Pass
005.SCG*LB3.CP-7++8.N.-3.12-6.15-2W10	oportet	NO MATCH	lemma/115098	Case#Nom|Degree#Pos|Gender#Masc|Number#Plur|Tense#Pres|VerbForm#Part|Voice#Act
005.SCG*LB4.CP-2++1.N.-2.23-1.29-1W33	oportet	NO MATCH	lemma/115098	Mood#Ind|Number#Sing|Person#3|Tense#Pres|VerbForm#Fin|Voice#Act
005.SCG*LB2.CP-5++6.N.-9.7-1.8-6W6	fieri	NO MATCH	lemma/102758	Tense#Pres|VerbForm#Inf|Voice#Pass
005.SCG*LB2.CP-4++6.N.-4.1-2.5-7W24	fierent	NO MATCH	lemma/102758	Aspect#Imp|Mood#Sub|Number#Plur|Person#3|Tense#Imp|VerbForm#Fin|Voice#Pass
005.SCG*LB4.CP-3++9.N.-2.2-6.6-1W18	mortuum	NO MATCH	lemma/112796	Mood#Ind|Number#Plur|Person#3|Tense#Pres|VerbForm#Fin|Voice#Act
005.SCG*LB4.CP--++7.N.20.6-1.10-5W6	operatum	NO MATCH	lemma/115028	Mood#Ind|Number#Sing|Person#3|Tense#Pres|VerbForm#Fin|Voice#Act
005.SCG*LB3.CP-8++0.N.11.3-3.8-1W3	fit	NO MATCH	lemma/102758	Mood#Ind|Number#Sing|Person#3|Tense#Pres|VerbForm#Fin|Voice#Pass
005.SCG*LB3.CP-5++3.N.-5.26-1.28-1W1	oportet	NO MATCH	lemma/115098	Mood#Ind|Number#Sing|Person#3|Tense#Pres|VerbForm#Fin|Voice#Pass
005.SCG*LB2.CP--++3.N.-3.7-5.10-3W9	patitur	NO MATCH	lemma/116222	Tense#Pres|VerbForm#Inf|Voice#Pass
005.SCG*LB2.CP-7++5.N.10.7-2.11-5W1	oportet	NO MATCH	lemma/115098	Mood#Ind|Number#Sing|Person#3|Tense#Pres|VerbForm#Fin|Voice#Act
005.SCG*LB2.CP-3++5.N.-3.6-2.11-7W33	oportet	NO MATCH	lemma/115098	Case#Gen|Degree#Pos|Gender#Fem|Number#Sing|Tense#Pres|VerbForm#Part|VerbType#Mod|Voice#Act
005.SCG*LB4.CP-1++3.N.10.19-1.23-3W1	oportet	NO MATCH	lemma/115098	Mood#Ind|Number#Sing|Person#3|Tense#Pres|VerbForm#Fin|Voice#Act
005.SCG*LB2.CP-7++5.N.10.13-1.16-1W9	fiant	NO MATCH	lemma/102758	Mood#Sub|Number#Plur|Person#3|Tense#Pres|VerbForm#Fin|Voice#Pass
005.SCG*LB1.CP-7++4.N.-4.12-3.13-3W7	essendi	NO MATCH	lemma/126689	Case#Gen|Degree#Pos|Number#Sing|VerbForm#Ger|Voice#Act
005.SCG*LB1.CP-7++7.N.-3.6-4.9-3W15	unite	NO MATCH	lemma/130685	Aspect#Perf|Case#Loc|Degree#Pos|Number#Sing|Tense#Past|VerbForm#Part|Voice#Pass
005.SCG*LB2.CP-5++9.N.-3.13-7.17-3W16	fiat	NO MATCH	lemma/102758	Mood#Sub|Number#Sing|Person#3|Tense#Pres|VerbForm#Fin|Voice#Pass
005.SCG*LB2.CP-6++1.N.-6.3-4.4-6W5	opinatur	NO MATCH	lemma/115070	Aspect#Imp|Mood#Ind|Number#Plur|Person#3|Tense#Pres|VerbForm#Fin|Voice#Act
005.SCG*LB4.CP-2++3.N.11.10-3.13-6W11	loquendi	NO MATCH	lemma/110805	Mood#Ind|Number#Plur|Person#3|Tense#Pres|VerbForm#Fin|Voice#Pass
005.SCG*LB2.CP-7++5.N.-8.20-2.24-5W26	individuantia	NO MATCH	lemma/59198	Mood#Ind|Number#Sing|Person#3|Tense#Pres|VerbForm#Fin|Voice#Act
005.SCG*LB2.CP-9++8.N.11.12-4.17-2W21	oportet	NO MATCH	lemma/115098	Mood#Ind|Number#Sing|Person#3|Tense#Pres|VerbForm#Fin|Voice#Act
005.SCG*LB3.CP12++4.N.-6.1-2.4-1W8	oportet	NO MATCH	lemma/115098	Mood#Ind|Number#Sing|Person#3|Tense#Pres|VerbForm#Fin|Voice#Act
005.SCG*LB3.CP-2++3.N.-5.21-5.23-2W1	oportet	NO MATCH	lemma/115098	Case#Abl|Degree#Pos|Gender#Neut|Number#Sing|Tense#Pres|VerbForm#Part|Voice#Act
005.SCG*LB4.CP-8++2.N.-7.8-4.9-5W6	praeexistenti	NO MATCH	lemma/131401	Aspect#Imp|Mood#Ind|Number#Sing|Person#3|Tense#Pres|VerbForm#Fin|Voice#Act
005.SCG*LB2.CP-8++3.N.25.58-1.60-6W18	fiat	NO MATCH	lemma/102758	Mood#Sub|Number#Sing|Person#3|Tense#Pres|VerbForm#Fin|Voice#Pass
005.SCG*LB3.CP12++9.N.-4.6-4.8-3W1	oportet	NO MATCH	lemma/115098	Aspect#Imp|Mood#Sub|Number#Sing|Person#3|Tense#Imp|VerbForm#Fin|Voice#Pass
005.SCG*LB4.CP-2++5.N.-2.2-2.6-3W17	oportet	NO MATCH	lemma/115098	Mood#Ind|Number#Sing|Person#3|Tense#Pres|VerbForm#Fin|Voice#Act
005.SCG*LB3.CP--++2.N.-4.13-1.22-5W27	imaginetur	NO MATCH	lemma/106316	Case#Gen|Degree#Pos|Number#Sing|VerbForm#Ger|Voice#Act
005.SCG*LB3.CP10++9.N.-7.5-2.9-2W1	licet	NO MATCH	lemma/110432	Aspect#Perf|Mood#Sub|Number#Sing|Person#3|Tense#Pqp|VerbForm#Fin|Voice#Act
005.SCG*LB3.CP-9++7.N.-9.5-1.8-3W12	oportet	NO MATCH	lemma/115098	Aspect#Perf|Case#Nom|Degree#Pos|Gender#Fem|Number#Sing|Tense#Past|VerbForm#Part|Voice#Pass
005.SCG*LB3.CP10++8.N.-1.4-5.6-2W1	oportet	NO MATCH	lemma/115098	Mood#Ind|Number#Plur|Person#3|Tense#Pres|VerbForm#Fin|Voice#Act
005.SCG*LB4.CP-2++1.N.-6.1-1.5-1W17	oportet	NO MATCH	lemma/115098	Mood#Ind|Number#Sing|Person#3|Tense#Pres|VerbForm#Fin|Voice#Act
005.SCG*LB3.CP-4++0.N.-4.8-4.10-4W9	oportet	NO MATCH	lemma/115098	Case#Gen|Degree#Pos|Gender#Masc|Number#Sing|Tense#Pres|VerbForm#Part|Voice#Act
005.SCG*LB4.CP-5++5.N.14.8-6.12-6W2	oportuit	NO MATCH	lemma/115098	Aspect#Perf|Case#Nom|Degree#Pos|Gender#Fem|Number#Sing|Tense#Past|VerbForm#Part|Voice#Pass
005.SCG*LB1.CP--++6.N.-7.26-2.29-6W6	morantes	NO MATCH	lemma/112802	Mood#Ind|Number#Sing|Person#3|Tense#Pres|VerbForm#Fin|Voice#Act
005.SCG*LB3.CP-6++5.N.-5.6-3.9-6W25	fieri	NO MATCH	lemma/102758	Tense#Pres|VerbForm#Inf|Voice#Pass
005.SCG*LB3.CP12++7.N.-1.3-7.6-1W1	fit	NO MATCH	lemma/102758	Mood#Ind|Number#Sing|Person#3|Tense#Pres|VerbForm#Fin|Voice#Pass
005.SCG*LB3.CP-9++7.N.-8.4-1.9-5W15	oportet	NO MATCH	lemma/115098	Mood#Ind|Number#Sing|Person#3|Tense#Pres|VerbForm#Fin|VerbType#Mod|Voice#Act
005.SCG*LB3.CP12++5.N.-3.1-2.6-1W22	oportuit	NO MATCH	lemma/115098	Aspect#Imp|Case#Abl|Degree#Pos|Gender#Masc|Number#Sing|Tense#Pres|VerbForm#Part|Voice#Act
005.SCG*LB3.CP12++7.N.-8.1-1.7-5W29	utentes	NO MATCH	lemma/130923	Case#Acc|Degree#Pos|Gender#Masc|Number#Plur|Tense#Pres|VerbForm#Part|Voice#Pass
005.SCG*LB2.CP-1++9.N.-5.1-2.2-4W6	oportet	NO MATCH	lemma/115098	Mood#Ind|Number#Sing|Person#3|Tense#Pres|VerbForm#Fin|Voice#Pass
005.SCG*LB4.CP--++5.N.11.10-4.12-2W5	loquendi	NO MATCH	lemma/110805	Mood#Ind|Number#Sing|Person#3|Tense#Pres|VerbForm#Fin|Voice#Pass
005.SCG*LB3.CP-7++4.N.-5.24-2.26-7W15	fiant	NO MATCH	lemma/102758	Mood#Sub|Number#Plur|Person#3|Tense#Pres|VerbForm#Fin|Voice#Pass
005.SCG*LB4.CP-5++3.N.16.5-4.7-2W13	subiiceretur	NO MATCH	lemma/126114	Aspect#Imp|Mood#Sub|Number#Sing|Person#3|Tense#Imp|VerbForm#Fin|Voice#Pass
005.SCG*LB3.CP14++0.N.-3.11-2.16-3W8	recte	NO MATCH	lemma/122542	Degree#Pos
005.SCG*LB2.CP10++0.N.-3.3-1.4-6W10	operatur	NO MATCH	lemma/115028	Mood#Ind|Number#Plur|Person#3|Tense#Pres|VerbForm#Fin|Voice#Pass
005.SCG*LB2.CP-7++3.N.13.1-2.6-1W4	sortitur	NO MATCH	lemma/125211	Tense#Pres|VerbForm#Inf|Voice#Act
005.SCG*LB3.CP10++9.N.-4.10-6.13-2W19	moriatur	NO MATCH	lemma/112796	Mood#Ind|Number#Sing|Person#3|Tense#Pres|VerbForm#Fin|Voice#Act
005.SCG*LB4.CP-9++0.N.-9.16-4.21-4W17	fieri	NO MATCH	lemma/102758	Aspect#Imp|Tense#Pres|VerbForm#Inf|Voice#Pass
005.SCG*LB4.CP--++8.N.-1.13-4.16-7W7	oporteret	NO MATCH	lemma/115098	Tense#Pres|VerbForm#Inf|Voice#Act
005.SCG*LB4.CP-2++3.N.-3.1-1.5-1W21	loquetur	NO MATCH	lemma/110805	Mood#Ind|Number#Sing|Person#3|Tense#Pres|VerbForm#Fin|Voice#Act
005.SCG*LB4.CP-5++0.N.-8.6-5.8-5W2	oportet	NO MATCH	lemma/115098	Aspect#Perf|Case#Gen|Degree#Pos|Gender#Masc|Number#Sing|Tense#Past|VerbForm#Part|Voice#Pass
005.SCG*LB3.CP-3++6.N.-3.4-5.5-4W6	fiunt	NO MATCH	lemma/102758	Mood#Ind|Number#Plur|Person#3|Tense#Pres|VerbForm#Fin|Voice#Pass
005.SCG*LB3.CP12++7.N.-7.8-2.14-4W1	consequens	NO MATCH	lemma/96035	Case#Nom|Degree#Pos|Gender#Neut|Number#Sing|Tense#Pres|VerbForm#Part|Voice#Pass
005.SCG*LB4.CP-5++5.N.19.21-5.25-1W9	puta	NO MATCH	lemma/120610	VerbForm#Fin
005.SCG*LB3.CP10++3.N.-3.14-1.15-2W6	faciens	NO MATCH	lemma/102758	Case#Acc|Degree#Pos|Gender#Masc|Number#Sing|Tense#Pres|VerbForm#Part|Voice#Act
005.SCG*LB3.CP-2++5.N.10.16-3.18-4W11	consequens	NO MATCH	lemma/96035	Case#Acc|Degree#Pos|Gender#Neut|Number#Sing|Tense#Pres|VerbForm#Part|Voice#Pass
005.SCG*LB3.CP-9++4.N.-8.1-1.5-4W19	oportet	NO MATCH	lemma/115098	Mood#Ind|Number#Sing|Person#3|Tense#Pres|VerbForm#Fin|Voice#Pass
005.SCG*LB4.CP-8++3.N.21.6-2.7-1W3	mortuis	NO MATCH	lemma/112796	Aspect#Perf|Case#Acc|Degree#Pos|Gender#Fem|Number#Plur|Tense#Past|VerbForm#Part|Voice#Pass
005.SCG*LB4.CP-3++4.N.15.1-2.4-4W16	licet	NO MATCH	lemma/110432	Aspect#Perf|Case#Abl|Degree#Pos|Gender#Neut|Number#Sing|Tense#Past|VerbForm#Part|Voice#Pass
005.SCG*LB4.CP--++6.N.-1.36-6.41-3W6	stetit	NO MATCH	lemma/124944	Aspect#Perf|Mood#Ind|Number#Sing|Person#3|Tense#Past|VerbForm#Fin|Voice#Act
005.SCG*LB1.CP-6++9.N.-4.1-2.5-2W17	oportet	NO MATCH	lemma/115098	Aspect#Perf|Mood#Ind|Number#Sing|Person#3|Tense#Past|VerbForm#Fin|Voice#Act
005.SCG*LB4.CP-4++1.N.-2.1-1.11-1W3	licet	NO MATCH	lemma/110432	Mood#Ind|Number#Sing|Person#3|Tense#Pres|VerbForm#Fin|VerbType#Mod|Voice#Act
005.SCG*LB3.CP-5++5.N.-1.1-1.5-3W19	oportet	NO MATCH	lemma/115098	Aspect#Perf|Case#Abl|Degree#Pos|Gender#Fem|Number#Plur|Tense#Past|VerbForm#Part|Voice#Pass
005.SCG*LB3.CP12++5.N.-4.6-3.11-2W7	liceret	NO MATCH	lemma/110432	Case#Nom|Degree#Pos|Gender#Masc|Number#Sing|Tense#Pres|VerbForm#Part|Voice#Act
005.SCG*LB1.CP-6++7.N.11.4-5.6-1W6	fiant	NO MATCH	lemma/102758	Mood#Sub|Number#Plur|Person#3|Tense#Pres|VerbForm#Fin|Voice#Pass
005.SCG*LB3.CP11++8.N.-4.23-4.27-4W15	oportet	NO MATCH	lemma/115098	Mood#Ind|Number#Sing|Person#3|Tense#Pres|VerbForm#Fin|Voice#Act
005.SCG*LB4.CP-9++2.N.-6.5-3.5-6W3	operantur	NO MATCH	lemma/115028	Mood#Ind|Number#Sing|Person#3|Tense#Pres|VerbForm#Fin|Voice#Pass
005.SCG*LB3.CP13++4.N.-7.23-2.27-1W14	operatur	NO MATCH	lemma/115028	Aspect#Imp|Mood#Ind|Number#Sing|Person#3|Tense#Pres|VerbForm#Fin|VerbType#Mod|Voice#Act
005.SCG*LB3.CP15++4.N.-1.1-1.6-5W31	oportet	NO MATCH	lemma/115098	Aspect#Imp|Mood#Ind|Number#Sing|Person#3|Tense#Imp|VerbForm#Fin|Voice#Pass
005.SCG*LB3.CP-6++7.N.-6.3-1.5-1W1	oportet	NO MATCH	lemma/115098	Mood#Sub|Number#Sing|Person#3|Tense#Pres|VerbForm#Fin|Voice#Pass
005.SCG*LB2.CP-9++1.N.-9.12-3.14-6W1	oportet	NO MATCH	lemma/115098	Aspect#Perf|Case#Nom|Degree#Pos|Gender#Masc|Number#Sing|Tense#Past|VerbForm#Part|Voice#Pass
005.SCG*LB4.CP-4++8.N.-2.1-1.1-5W4	fieri	NO MATCH	lemma/102758	Aspect#Imp|Tense#Pres|VerbForm#Inf|Voice#Pass
005.SCG*LB2.CP-8++7.N.-3.8-3.10-8W17	fit	NO MATCH	lemma/102758	Mood#Ind|Number#Sing|Person#3|Tense#Pres|VerbForm#Fin|Voice#Pass
005.SCG*LB2.CP-2++3.N.-7.11-1.12-7W1	oportet	NO MATCH	lemma/115098	Aspect#Imp|Mood#Ind|Number#Sing|Person#3|Tense#Pres|VerbForm#Fin|Voice#Act
005.SCG*LB2.CP-9++0.N.-2.6-4.9-1W2	oporteret	NO MATCH	lemma/115098	Aspect#Perf|Case#Dat|Degree#Pos|Gender#Neut|Number#Plur|Tense#Past|VerbForm#Part|Voice#Pass
005.SCG*LB3.CP-6++8.N.-2.1-1.3-1W5	oportet	NO MATCH	lemma/115098	Aspect#Imp|Mood#Ind|Number#Sing|Person#3|Tense#Imp|VerbForm#Fin|Voice#Act
005.SCG*LB2.CP-2++4.N.-4.12-2.14-1W3	oportet	NO MATCH	lemma/115098	Aspect#Imp|Mood#Ind|Number#Sing|Person#3|Tense#Pres|VerbForm#Fin|Voice#Act
005.SCG*LB4.CP--++5.N.11.19-1.21-5W10	loquitur	NO MATCH	lemma/110805	Tense#Pres|VerbForm#Inf|Voice#Act
005.SCG*LB4.CP-2++0.N.-5.1-1.3-2W10	convenienter	NO MATCH	lemma/96424	Degree#Pos
005.SCG*LB1.CP-2++6.N.11.3-1.10-4W11	individuatur	NO MATCH	lemma/59198	Mood#Ind|Number#Sing|Person#3|Tense#Pres|VerbForm#Fin|Voice#Act
005.SCG*LB2.CP-9++1.N.-8.1-2.4-1W16	operantis	NO MATCH	lemma/115028	Mood#Sub|Number#Sing|Person#3|Tense#Pres|VerbForm#Fin|Voice#Pass
005.SCG*LB1.CP-9++3.N.10.22-6.23-4W5	fiat	NO MATCH	lemma/102758	Mood#Sub|Number#Sing|Person#3|Tense#Pres|VerbForm#Fin|Voice#Pass
005.SCG*LB3.CP-2++2.N.-4.11-1.15-3W23	licet	NO MATCH	lemma/110432	Mood#Ind|Number#Sing|Person#3|Tense#Pres|VerbForm#Fin|VerbType#Mod|Voice#Act
005.SCG*LB3.CP--++5.N.10.3-2.8-5W36	patitur	NO MATCH	lemma/116222	Mood#Ind|Number#Plur|Person#3|Tense#Pres|VerbForm#Fin|Voice#Act
005.SCG*LB4.CP-2++2.N.-2.1-1.3-3W13	conversari	NO MATCH	lemma/96442	Mood#Ind|Number#Sing|Person#3|Tense#Pres|VerbForm#Fin|Voice#Act
005.SCG*LB3.CP10++2.N.-3.10-1.13-3W6	fiat	NO MATCH	lemma/102758	Mood#Sub|Number#Sing|Person#3|Tense#Pres|VerbForm#Fin|Voice#Pass
005.SCG*LB3.CP-5++7.N.-5.3-1.4-5W7	loquens	NO MATCH	lemma/110805	Aspect#Imp|Mood#Ind|Number#Plur|Person#3|Tense#Fut|VerbForm#Fin|Voice#Pass
005.SCG*LB3.CP14++0.N.-5.11-3.12-6W3	convenientissime	NO MATCH	lemma/96424	Degree#Abs
005.SCG*LB4.CP-5++5.N.10.42-7.47-5W28	attestante	NO MATCH	lemma/90544	Aspect#Imp|Case#Abl|Degree#Pos|Gender#Masc|Number#Sing|Tense#Pres|VerbForm#Part|Voice#Pass
005.SCG*LB1.CP--++5.N.-5.2-6.7-1W16	oportere	NO MATCH	lemma/115098	Mood#Ind|Number#Sing|Person#3|Tense#Pres|VerbForm#Fin|Voice#Pass
005.SCG*LB4.CP-6++6.N.-9.5-1.7-2W15	reconvertatur	NO MATCH	lemma/75569	Mood#Ind|Number#Plur|Person#3|Tense#Pres|VerbForm#Fin|Voice#Act
005.SCG*LB1.CP-9++1.N.-1.1-1.3-1W3	oportet	NO MATCH	lemma/115098	Aspect#Perf|Case#Nom|Degree#Pos|Gender#Masc|Number#Sing|Tense#Past|VerbForm#Part|Voice#Pass
005.SCG*LB3.CP-5++8.N.-4.1-2.4-6W11	oportet	NO MATCH	lemma/115098	Mood#Ind|Number#Sing|Person#3|Tense#Pres|VerbForm#Fin|VerbType#Mod|Voice#Act
005.SCG*LB4.CP-3++5.N.-7.1-1.4-5W26	fit	NO MATCH	lemma/102758	Aspect#Imp|Mood#Ind|Number#Sing|Person#3|Tense#Pres|VerbForm#Fin|Voice#Pass
005.SCG*LB4.CP-4++8.N.-2.10-5.12-1W5	fit	NO MATCH	lemma/102758	Aspect#Imp|Mood#Ind|Number#Sing|Person#3|Tense#Pres|VerbForm#Fin|Voice#Pass
005.SCG*LB3.CP-9++2.N.-2.14-4.17-6W4	licet	NO MATCH	lemma/110432	Aspect#Imp|Mood#Ind|Number#Plur|Person#2|Tense#Pres|VerbForm#Fin|Voice#Pass
005.SCG*LB4.CP-8++5.N.-3.11-3.13-1W1	oportet	NO MATCH	lemma/115098	Aspect#Imp|Mood#Sub|Number#Plur|Person#3|Tense#Imp|VerbForm#Fin|Voice#Pass
005.SCG*LB3.CP10++4.N.-5.15-5.22-2W37	fiat	NO MATCH	lemma/102758	Mood#Sub|Number#Sing|Person#3|Tense#Pres|VerbForm#Fin|Voice#Pass
005.SCG*LB3.CP12++3.N.-8.18-1.21-6W24	fit	NO MATCH	lemma/102758	Mood#Ind|Number#Sing|Person#3|Tense#Pres|VerbForm#Fin|Voice#Pass
005.SCG*LB3.CP-7++8.N.-5.3-4.7-4W29	operatur	NO MATCH	lemma/115028	Mood#Ind|Number#Sing|Person#3|Tense#Pres|VerbForm#Fin|Voice#Act
005.SCG*LB2.CP-4++7.N.-4.41-1.46-3W9	operatur	NO MATCH	lemma/115028	Mood#Ind|Number#Sing|Person#3|Tense#Pres|VerbForm#Fin|Voice#Act
005.SCG*LB3.CP-9++7.N.12.14-1.15-3W6	oportet	NO MATCH	lemma/115098	Mood#Ind|Number#Plur|Person#3|Tense#Pres|VerbForm#Fin|Voice#Act
005.SCG*LB2.CP-5++5.N.12.10-5.13-2W15	consequens	NO MATCH	lemma/96035	Case#Acc|Degree#Pos|Gender#Neut|Number#Sing|Tense#Pres|VerbForm#Part|Voice#Pass
005.SCG*LB2.CP-4++3.N.-2.3-5.5-2W4	fit	NO MATCH	lemma/102758	Mood#Ind|Number#Sing|Person#3|Tense#Pres|VerbForm#Fin|Voice#Pass
005.SCG*LB2.CP-8++3.N.32.3-1.5-4W3	oportet	NO MATCH	lemma/115098	Mood#Ind|Number#Sing|Person#3|Tense#Pres|VerbForm#Fin|Voice#Pass
005.SCG*LB3.CP-7++5.N.16.4-2.6-4W8	licet	NO MATCH	lemma/110432	Mood#Ind|Number#Sing|Person#3|Tense#Fut|VerbForm#Fin|Voice#Pass
005.SCG*LB4.CP-3++4.N.10.2-2.2-4W1	ingrediens	NO MATCH	lemma/107822	Aspect#Imp|Case#Nom|Degree#Pos|Gender#Masc|Number#Sing|Tense#Pres|VerbForm#Part|Voice#Pass
005.SCG*LB2.CP-5++8.N.-7.1-2.6-7W20	utens	NO MATCH	lemma/130923	Case#Nom|Degree#Pos|Gender#Fem|Number#Sing|Tense#Pres|VerbForm#Part|Voice#Pass
005.SCG*LB1.CP-7++9.N.-5.2-3.4-7W15	volitum	NO MATCH	lemma/130745	Aspect#Perf|Case#Acc|Degree#Pos|Gender#Neut|Number#Sing|Tense#Past|VerbForm#Part|VerbType#Mod|Voice#Pass
005.SCG*LB3.CP-2++6.N.19.32-1.35-3W27	converso	NO MATCH	lemma/96446	Case#Abl|Degree#Pos|Gender#Neut|Number#Sing
005.SCG*LB4.CP-1++1.N.19.9-2.10-6W9	patienti	NO MATCH	lemma/116222	Mood#Ind|Number#Sing|Person#3|Tense#Pres|VerbForm#Fin|Voice#Act
005.SCG*LB4.CP--++8.N.-5.33-1.35-5W10	veneratur	NO MATCH	lemma/129780	Tense#Pres|VerbForm#Inf|Voice#Act
005.SCG*LB3.CP10++0.N.-6.5-4.8-4W11	operetur	NO MATCH	lemma/115028	Tense#Pres|VerbForm#Inf|Voice#Act
005.SCG*LB2.CP-7++3.N.32.1-2.6-2W9	oportet	NO MATCH	lemma/115098	Mood#Ind|Number#Sing|Person#3|Tense#Pres|VerbForm#Fin|Voice#Act
005.SCG*LB4.CP-1++8.N.-1.1-1.9-3W37	puta	NO MATCH	lemma/120610	VerbForm#Fin
005.SCG*LB2.CP-5++7.N.14.3-3.5-2W4	fit	NO MATCH	lemma/102758	Mood#Ind|Number#Sing|Person#3|Tense#Pres|VerbForm#Fin|Voice#Pass
005.SCG*LB3.CP15++4.N.19.10-2.11-4W9	interpretarentur	NO MATCH	lemma/108602	Mood#Ind|Number#Sing|Person#3|Tense#Fut|VerbForm#Fin|Voice#Act
005.SCG*LB1.CP-7++1.N.11.18-1.20-2W1	licet	NO MATCH	lemma/110432	Aspect#Imp|Mood#Ind|Number#Sing|Person#3|Tense#Pres|VerbForm#Fin|Voice#Act
005.SCG*LB4.CP-1++1.N.14.27-5.31-1W1	oportet	NO MATCH	lemma/115098	Mood#Ind|Number#Sing|Person#3|Tense#Pres|VerbForm#Fin|Voice#Act
005.SCG*LB2.CP-8++8.N.13.7-4.9-3W13	fiunt	NO MATCH	lemma/102758	Mood#Ind|Number#Plur|Person#3|Tense#Pres|VerbForm#Fin|Voice#Pass
005.SCG*LB4.CP-1++4.N.13.1-1.5-2W7	licet	NO MATCH	lemma/110432	Aspect#Perf|Case#Gen|Degree#Pos|Gender#Fem|Number#Plur|Tense#Past|VerbForm#Part|Voice#Pass
005.SCG*LB1.CP-7++6.N.-3.3-5.6-5W18	fiunt	NO MATCH	lemma/102758	Mood#Ind|Number#Plur|Person#3|Tense#Pres|VerbForm#Fin|Voice#Pass
005.SCG*LB3.CP-2++6.N.19.35-4.42-3W27	converso	NO MATCH	lemma/96446	Case#Abl|Degree#Pos|Gender#Neut|Number#Sing
005.SCG*LB2.CP-8++3.N.12.30-3.34-1W29	consequens	NO MATCH	lemma/96035	Case#Nom|Degree#Pos|Gender#Neut|Number#Sing|Tense#Pres|VerbForm#Part|Voice#Pass
005.SCG*LB3.CP--++4.N.-4.27-3.28-5W3	oportet	NO MATCH	lemma/115098	Mood#Ind|Number#Sing|Person#3|Tense#Pres|VerbForm#Fin|Voice#Act
005.SCG*LB1.CP-2++8.N.-9.11-1.14-1W7	convenienter	NO MATCH	lemma/96424	Degree#Pos
005.SCG*LB1.CP-1++3.N.-5.3-3.5-1W6	oportet	NO MATCH	lemma/115098	Degree#Pos
005.SCG*LB3.CP13++9.N.-5.1-2.5-3W20	oportet	NO MATCH	lemma/115098	Aspect#Imp|Mood#Ind|Number#Sing|Person#3|Tense#Pres|VerbForm#Fin|Voice#Act
005.SCG*LB2.CP-8++9.N.22.12-4.14-5W5	fit	NO MATCH	lemma/102758	Mood#Ind|Number#Sing|Person#3|Tense#Pres|VerbForm#Fin|Voice#Pass
005.SCG*LB1.CP-7++5.N.-6.6-2.8-7W8	volitus	NO MATCH	lemma/130745	Aspect#Perf|Case#Nom|Degree#Pos|Gender#Masc|Number#Sing|Tense#Past|VerbForm#Part|VerbType#Mod|Voice#Pass
005.SCG*LB3.CP11++7.N.-2.5-2.6-5W1	oportet	NO MATCH	lemma/115098	Aspect#Perf|Case#Acc|Degree#Pos|Gender#Neut|Number#Sing|Tense#Past|VerbForm#Part|Voice#Pass
005.SCG*LB3.CP13++2.N.-9.8-2.13-6W23	operantes	NO MATCH	lemma/115028	Mood#Ind|Number#Sing|Person#3|Tense#Pres|VerbForm#Fin|Voice#Act
005.SCG*LB4.CP-5++4.N.10.1-1.5-2W23	expedientissimum	NO MATCH	lemma/102147	Aspect#Imp|Case#Acc|Degree#Sup|Gender#Neut|Number#Sing|Tense#Pres|VerbForm#Part|Voice#Act
005.SCG*LB1.CP-9++0.N.-3.1-2.2-6W10	volito	NO MATCH	lemma/130745	Aspect#Perf|Case#Abl|Degree#Pos|Gender#Neut|Number#Sing|Tense#Past|VerbForm#Part|VerbType#Mod|Voice#Pass
005.SCG*LB1.CP-4++3.N.13.27-3.31-1W31	essendi	NO MATCH	lemma/126689	Case#Gen|Degree#Pos|Number#Sing|VerbForm#Ger|Voice#Act
005.SCG*LB4.CP--++8.N.-1.8-1.13-3W26	oportet	NO MATCH	lemma/115098	Aspect#Imp|Tense#Pres|VerbForm#Inf|Voice#Act
005.SCG*LB1.CP-2++8.N.-2.11-1.13-4W9	essendi	NO MATCH	lemma/126689	Case#Gen|Degree#Pos|Number#Sing|VerbForm#Ger|Voice#Act
005.SCG*LB2.CP-6++2.N.-9.6-5.8-6W1	oportet	NO MATCH	lemma/115098	Mood#Ind|Number#Sing|Person#3|Tense#Pres|VerbForm#Fin|Voice#Act
005.SCG*LB3.CP14++8.N.-4.11-1.12-1W1	coacte	NO MATCH	lemma/94739	Degree#Pos
005.SCG*LB3.CP15++4.N.-9.1-1.6-3W31	experiri	NO MATCH	lemma/102164	Mood#Ind|Number#Sing|Person#3|Tense#Pres|VerbForm#Fin|Voice#Pass
005.SCG*LB3.CP14++2.N.-4.7-2.9-5W10	oportet	NO MATCH	lemma/115098	Tense#Pres|VerbForm#Inf|Voice#Act
005.SCG*LB2.CP10++0.N.-5.10-4.13-1W1	oportet	NO MATCH	lemma/115098	Tense#Pres|VerbForm#Inf|Voice#Act
005.SCG*LB3.CP--++7.N.-3.3-7.6-1W10	oportet	NO MATCH	lemma/115098	Aspect#Perf|Case#Nom|Degree#Pos|Gender#Neut|Number#Sing|Tense#Past|VerbForm#Part|Voice#Pass
005.SCG*LB2.CP-6++6.N.-2.3-4.8-4W11	opposita	NO MATCH	lemma/115124	Aspect#Perf|Case#Acc|Degree#Pos|Gender#Neut|Number#Sing|Tense#Past|VerbForm#Part|Voice#Pass
005.SCG*LB4.CP-3++5.N.-7.1-1.4-5W19	fit	NO MATCH	lemma/102758	Aspect#Imp|Mood#Ind|Number#Sing|Person#3|Tense#Pres|VerbForm#Fin|Voice#Pass
005.SCG*LB2.CP-8++3.N.31.5-2.6-3W3	aperte	NO MATCH	lemma/89397	Degree#Pos
005.SCG*LB1.CP-6++6.N.-9.2-7.4-3W5	entia	NO MATCH	lemma/126689	Case#Nom|Degree#Pos|Gender#Neut|Number#Plur|Tense#Pres|VerbForm#Part|Voice#Act
005.SCG*LB3.CP-2++4.N.-3.1-1.10-5W60	consequens	NO MATCH	lemma/96035	Case#Acc|Degree#Pos|Gender#Neut|Number#Sing|Tense#Pres|VerbForm#Part|Voice#Pass
005.SCG*LB1.CP-7++7.N.-4.7-3.9-6W4	volitorum	NO MATCH	lemma/130745	Aspect#Perf|Case#Gen|Degree#Pos|Gender#Neut|Number#Plur|Tense#Past|VerbForm#Part|VerbType#Mod|Voice#Pass
005.SCG*LB4.CP-1++2.N.-4.8-3.11-4W1	convenienter	NO MATCH	lemma/96424	Degree#Pos
005.SCG*LB1.CP-2++0.N.23.10-4.16-4W14	licet	NO MATCH	lemma/110432	Mood#Ind|Number#Sing|Person#3|Tense#Pres|VerbForm#Fin|Voice#Act
005.SCG*LB2.CP-5++9.N.-2.1-1.5-1W17	loquens	NO MATCH	lemma/110805	Mood#Ind|Number#Plur|Person#3|Tense#Pres|VerbForm#Fin|Voice#Act
005.SCG*LB4.CP-1++8.N.-7.1-1.4-4W6	calumniari	NO MATCH	lemma/92442	Case#Acc|Degree#Pos|Number#Sing|VerbForm#Ger|Voice#Act
005.SCG*LB1.CP-7++4.N.-5.1-2.2-5W4	volitum	NO MATCH	lemma/130745	Aspect#Perf|Case#Nom|Degree#Pos|Gender#Neut|Number#Sing|Tense#Past|VerbForm#Part|VerbType#Mod|Voice#Pass
005.SCG*LB3.CP-8++5.N.-4.5-1.10-3W30	operantur	NO MATCH	lemma/115028	Mood#Ind|Number#Plur|Person#3|Tense#Pres|VerbForm#Fin|Voice#Act
005.SCG*LB3.CP13++5.N.22.11-2.12-3W9	operatur	NO MATCH	lemma/115028	Mood#Ind|Number#Sing|Person#3|Tense#Pres|VerbForm#Fin|Voice#Act
005.SCG*LB2.CP-7++2.N.-2.1-1.2-4W1	oportet	NO MATCH	lemma/115098	Mood#Ind|Number#Sing|Person#3|Tense#Pres|VerbForm#Fin|Voice#Act
005.SCG*LB4.CP-3++4.N.-7.8-6.10-5W8	loquens	NO MATCH	lemma/110805	Mood#Ind|Number#Sing|Person#3|Tense#Pres|VerbForm#Fin|Voice#Pass
005.SCG*LB1.CP-3++9.N.-2.1-1.5-1W19	licet	NO MATCH	lemma/110432	Mood#Ind|Number#Plur|Person#3|Tense#Pres|VerbForm#Fin|Voice#Act
005.SCG*LB3.CP15++4.N.14.42-1.45-2W13	licet	NO MATCH	lemma/110432	Mood#Ind|Number#Sing|Person#3|Tense#Pres|VerbForm#Fin|Voice#Act
005.SCG*LB1.CP-4++2.N.-8.6-1.7-1W3	oportet	NO MATCH	lemma/115098	Mood#Ind|Number#Sing|Person#3|Tense#Pres|VerbForm#Fin|Voice#Act
005.SCG*LB4.CP-5++5.N.13.9-2.12-3W1	oportuit	NO MATCH	lemma/115098	Case#Abl|Degree#Pos|Number#Sing|VerbForm#Ger|Voice#Act
005.SCG*LB3.CP-6++7.N.--.1-1.2-2W5	operandi	NO MATCH	lemma/115028	Mood#Sub|Number#Plur|Person#3|Tense#Pres|VerbForm#Fin|Voice#Act
005.SCG*LB3.CP-6++7.N.-6.1-2.2-5W2	operans	NO MATCH	lemma/115028	Aspect#Imp|Tense#Pres|VerbForm#Inf|Voice#Act
005.SCG*LB1.CP-9++1.N.-9.4-3.6-4W15	oportet	NO MATCH	lemma/115098	Tense#Pres|VerbForm#Inf|Voice#Pass
005.SCG*LB2.CP-5++8.N.-8.19-3.22-1W17	oportet	NO MATCH	lemma/115098	Aspect#Perf|Case#Gen|Degree#Pos|Gender#Fem|Number#Sing|Tense#Past|VerbForm#Part|Voice#Pass
005.SCG*LB1.CP-4++4.N.-3.1-2.4-2W6	fiat	NO MATCH	lemma/102758	Mood#Sub|Number#Sing|Person#3|Tense#Pres|VerbForm#Fin|Voice#Pass
005.SCG*LB2.CP--++2.N.-2.1-1.3-4W12	admirari	NO MATCH	lemma/87541	Tense#Pres|VerbForm#Inf|Voice#Pass
005.SCG*LB1.CP-9++9.N.-4.5-5.8-2W8	oportet	NO MATCH	lemma/115098	Tense#Pres|VerbForm#Inf|Voice#Act
005.SCG*LB2.CP-9++5.N.-1.1-1.3-1W1	oportet	NO MATCH	lemma/115098	Mood#Ind|Number#Plur|Person#1|Tense#Pres|VerbForm#Fin|Voice#Act
005.SCG*LB4.CP-6++3.N.11.1-1.3-5W10	oportet	NO MATCH	lemma/115098	Case#Nom|Degree#Pos|Gender#Masc|Number#Sing|Tense#Pres|VerbForm#Part|Voice#Act
005.SCG*LB4.CP--++8.N.-9.26-1.28-1W1	oportet	NO MATCH	lemma/115098	Aspect#Imp|Mood#Sub|Number#Sing|Person#3|Tense#Imp|VerbForm#Fin|Voice#Act
005.SCG*LB4.CP-5++4.N.-2.24-1.25-1W8	abundantius	NO MATCH	lemma/87053	Degree#Pos
005.SCG*LB3.CP-5++6.N.-5.27-3.29-7W7	volita	NO MATCH	lemma/130745	Aspect#Perf|Case#Acc|Degree#Pos|Gender#Neut|Number#Plur|Tense#Past|VerbForm#Part|VerbType#Mod|Voice#Pass
005.SCG*LB2.CP-6++0.N.14.8-1.10-2W1	oportet	NO MATCH	lemma/115098	Mood#Ind|Number#Sing|Person#3|Tense#Pres|VerbForm#Fin|Voice#Act
005.SCG*LB4.CP-5++7.N.-1.1-1.5-7W23	oportet	NO MATCH	lemma/115098	Mood#Ind|Number#Sing|Person#3|Tense#Pres|VerbForm#Fin|Voice#Act
005.SCG*LB3.CP12++3.N.-5.13-4.15-8W10	oportet	NO MATCH	lemma/115098	Mood#Sub|Number#Sing|Person#3|Tense#Pres|VerbForm#Fin|Voice#Pass
005.SCG*LB3.CP12++8.N.-1.10-2.12-5W1	oportet	NO MATCH	lemma/115098	Mood#Sub|Number#Sing|Person#3|Tense#Pres|VerbForm#Fin|Voice#Pass
005.SCG*LB4.CP-4++8.N.-2.15-2.19-2W11	licet	NO MATCH	lemma/110432	Mood#Sub|Number#Plur|Person#3|Tense#Pres|VerbForm#Fin|Voice#Act
005.SCG*LB4.CP-9++2.N.-8.11-4.12-6W7	fieri	NO MATCH	lemma/102758	Aspect#Imp|Tense#Pres|VerbForm#Inf|Voice#Pass
005.SCG*LB3.CP-7++7.N.-1.6-6.7-5W3	fit	NO MATCH	lemma/102758	Mood#Ind|Number#Sing|Person#3|Tense#Pres|VerbForm#Fin|Voice#Pass
005.SCG*LB1.CP-4++2.N.11.12-3.16-6W13	necesse-esse	NO MATCH	lemma/126689	Tense#Pres|VerbForm#Inf|Voice#Act
005.SCG*LB3.CP15++4.N.14.33-3.39-4W2	licet	NO MATCH	lemma/110432	Mood#Sub|Number#Sing|Person#3|Tense#Pres|VerbForm#Fin|Voice#Pass
005.SCG*LB3.CP-9++4.N.-9.27-4.31-2W1	oportet	NO MATCH	lemma/115098	Mood#Sub|Number#Plur|Person#3|Tense#Pres|VerbForm#Fin|Voice#Act
005.SCG*LB2.CP-9++0.N.11.1-2.5-5W14	oportet	NO MATCH	lemma/115098	Mood#Sub|Number#Plur|Person#3|Tense#Pres|VerbForm#Fin|Voice#Act
005.SCG*LB4.CP-3++7.N.-1.5-5.8-5W11	experitur	NO MATCH	lemma/102164	Mood#Sub|Number#Sing|Person#3|Tense#Pres|VerbForm#Fin|Voice#Pass
005.SCG*LB4.CP-3++5.N.13.4-6.8-5W11	oportebit	NO MATCH	lemma/115098	Aspect#Perf|Case#Gen|Degree#Pos|Gender#Fem|Number#Sing|Tense#Past|VerbForm#Part|Voice#Pass
005.SCG*LB1.CP-7++8.N.-2.1-1.2-4W9	volitam	NO MATCH	lemma/130745	Aspect#Perf|Case#Acc|Degree#Pos|Gender#Fem|Number#Sing|Tense#Past|VerbForm#Part|VerbType#Mod|Voice#Pass
005.SCG*LB2.CP-5++7.N.-8.7-1.8-6W6	patitur	NO MATCH	lemma/116222	Aspect#Perf|Case#Abl|Degree#Pos|Gender#Masc|Number#Sing|Tense#Past|VerbForm#Part|Voice#Pass
005.SCG*LB3.CP10++7.N.11.19-1.21-4W15	aperte	NO MATCH	lemma/89397	Degree#Pos
005.SCG*LB4.CP-3++4.N.-2.64-1.66-2W12	passus	NO MATCH	lemma/116222	Mood#Ind|Number#Sing|Person#3|Tense#Pres|VerbForm#Fin|Voice#Act
005.SCG*LB3.CP10++4.N.11.3-5.7-2W6	operetur	NO MATCH	lemma/115028	Case#Acc|Degree#Pos|Gender#Fem|Number#Sing|Tense#Pres|VerbForm#Part|Voice#Act
005.SCG*LB3.CP15++4.N.-8.10-2.16-2W28	operando	NO MATCH	lemma/115028	Aspect#Imp|Mood#Ind|Number#Sing|Person#3|Tense#Pres|VerbForm#Fin|Voice#Pass
005.SCG*LB2.CP-4++2.N.-5.1-2.6-1W12	oportet	NO MATCH	lemma/115098	Aspect#Perf|Case#Nom|Degree#Pos|Gender#Neut|Number#Sing|Tense#Past|VerbForm#Part|Voice#Pass
005.SCG*LB2.CP-4++7.N.-4.15-5.18-3W18	essendi	NO MATCH	lemma/126689	Case#Gen|Degree#Pos|Number#Sing|VerbForm#Ger|Voice#Act
005.SCG*LB2.CP-8++2.N.10.6-1.7-4W4	moritur	NO MATCH	lemma/112796	Mood#Sub|Number#Sing|Person#3|Tense#Pres|VerbForm#Fin|VerbType#Mod|Voice#Act
005.SCG*LB3.CP10++3.N.-8.6-5.10-3W9	correspondens	NO MATCH	lemma/131296	Mood#Ind|Number#Sing|Person#3|Tense#Pres|VerbForm#Fin|Voice#Act
005.SCG*LB4.CP-6++5.N.-7.4-1.8-5W27	oportet	NO MATCH	lemma/115098	Mood#Ind|Number#Sing|Person#3|Tense#Pres|VerbForm#Fin|Voice#Act
005.SCG*LB2.CP-5++9.N.-8.9-2.10-7W10	fit	NO MATCH	lemma/102758	Mood#Ind|Number#Sing|Person#3|Tense#Pres|VerbForm#Fin|Voice#Pass
005.SCG*LB2.CP-8++7.N.-7.2-3.9-7W8	loquens	NO MATCH	lemma/110805	Mood#Ind|Number#Sing|Person#3|Tense#Pres|VerbForm#Fin|Voice#Act
005.SCG*LB2.CP-4++2.N.-3.9-1.12-1W1	oportet	NO MATCH	lemma/115098	Mood#Ind|Number#Sing|Person#3|Tense#Pres|VerbForm#Fin|Voice#Act
005.SCG*LB3.CP13++8.N.-2.11-5.12-6W5	intense	NO MATCH	lemma/108382	Degree#Pos
005.SCG*LB2.CP-6++0.N.-8.3-2.5-8W16	pati	NO MATCH	lemma/116222	Aspect#Imp|Mood#Ind|Number#Sing|Person#3|Tense#Imp|VerbForm#Fin|Voice#Act
005.SCG*LB3.CP-4++6.N.-5.6-5.9-6W20	consequens	NO MATCH	lemma/96035	Case#Acc|Degree#Pos|Gender#Neut|Number#Sing|Tense#Pres|VerbForm#Part|Voice#Pass
005.SCG*LB1.CP--++6.N.-6.5-6.10-5W14	operandum	NO MATCH	lemma/115028	Case#Acc|Degree#Pos|Gender#Neut|Number#Sing|Tense#Pres|VerbForm#Part|Voice#Pass
005.SCG*LB1.CP-2++0.N.21.3-2.5-6W20	essendi	NO MATCH	lemma/126689	Case#Gen|Degree#Pos|Number#Sing|VerbForm#Ger|Voice#Act
005.SCG*LB2.CP-4++4.N.12.1-2.7-3W13	oportebit	NO MATCH	lemma/115098	Mood#Ind|Number#Sing|Person#3|Tense#Pres|VerbForm#Fin|Voice#Act
005.SCG*LB2.CP-2++0.N.-5.6-5.13-2W6	praeexistens	NO MATCH	lemma/131401	Aspect#Imp|Mood#Ind|Number#Sing|Person#3|Tense#Pres|VerbForm#Fin|VerbType#Mod|Voice#Act
005.SCG*LB2.CP-7++6.N.20.11-5.16-5W22	patitur	NO MATCH	lemma/116222	Mood#Ind|Number#Plur|Person#3|Tense#Pres|VerbForm#Fin|Voice#Pass
005.SCG*LB1.CP-9++7.N.-3.20-2.21-8W11	operatur	NO MATCH	lemma/115028	Aspect#Imp|Mood#Ind|Number#Plur|Person#3|Tense#Pres|VerbForm#Fin|Voice#Act
005.SCG*LB3.CP15++0.N.-2.19-4.23-3W4	convenienter	NO MATCH	lemma/96424	Degree#Pos
005.SCG*LB1.CP-2++8.N.-7.9-4.13-1W28	sequentibus	NO MATCH	lemma/124461	Case#Abl|Degree#Pos|Gender#Neut|Number#Plur|Tense#Pres|VerbForm#Part|Voice#Pass
005.SCG*LB3.CP-2++6.N.10.13-5.15-4W2	oportet	NO MATCH	lemma/115098	Mood#Ind|Number#Sing|Person#3|Tense#Pres|VerbForm#Fin|Voice#Act
005.SCG*LB4.CP-5++6.N.-2.1-1.2-5W4	oportuit	NO MATCH	lemma/115098	Mood#Ind|Number#Sing|Person#3|Tense#Pres|VerbForm#Fin|Voice#Act
005.SCG*LB4.CP-8++1.N.-2.1-1.6-3W27	proportionaretur	NO MATCH	lemma/131413	Aspect#Perf|Tense#Past|VerbForm#Inf|Voice#Act
005.SCG*LB1.CP-9++9.N.-5.8-2.10-1W4	incoepit	NO MATCH	lemma/106965	Aspect#Perf|Mood#Ind|Number#Sing|Person#3|Tense#Past|VerbForm#Fin|Voice#Act
005.SCG*LB3.CP13++8.N.-8.13-3.16-9W26	remisse	NO MATCH	lemma/122602	Degree#Pos
005.SCG*LB3.CP-9++2.N.-8.33-3.34-6W1	puta	NO MATCH	lemma/120610	
005.SCG*LB3.CP-6++5.N.-5.1-2.3-1W1	licet	NO MATCH	lemma/110432	Mood#Sub|Number#Sing|Person#3|Tense#Pres|VerbForm#Fin|Voice#Pass
005.SCG*LB3.CP-9++7.N.-7.4-1.6-2W4	oportet	NO MATCH	lemma/115098	Tense#Pres|VerbForm#Inf|Voice#Act
005.SCG*LB3.CP-4++2.N.-1.1-1.9-4W18	consequens	NO MATCH	lemma/96035	Case#Nom|Degree#Pos|Gender#Fem|Number#Sing|Tense#Pres|VerbForm#Part|Voice#Pass
005.SCG*LB3.CP-8++7.N.-5.7-1.9-9W3	fit	NO MATCH	lemma/102758	Mood#Ind|Number#Sing|Person#3|Tense#Pres|VerbForm#Fin|Voice#Pass
005.SCG*LB4.CP-5++4.N.-5.1-2.5-3W10	oportuit	NO MATCH	lemma/115098	Mood#Ind|Number#Sing|Person#3|Tense#Pres|VerbForm#Fin|Voice#Act
005.SCG*LB2.CP-4++8.N.-2.1-1.3-4W17	operandis	NO MATCH	lemma/115028	Aspect#Perf|Case#Nom|Degree#Pos|Gender#Masc|Number#Plur|Tense#Past|VerbForm#Part|Voice#Pass
005.SCG*LB3.CP11++0.N.-5.7-5.11-1W20	sufficienter	NO MATCH	lemma/126601	Degree#Pos
005.SCG*LB4.CP-7++1.N.-4.4-4.6-5W15	reverti	NO MATCH	lemma/122808	Mood#Ind|Number#Sing|Person#3|Tense#Pres|VerbForm#Fin|Voice#Act
005.SCG*LB3.CP10++1.N.-3.10-1.12-6W12	fit	NO MATCH	lemma/102758	Mood#Ind|Number#Sing|Person#3|Tense#Pres|VerbForm#Fin|Voice#Pass
005.SCG*LB2.CP-4++2.N.-5.10-3.14-1W11	oportet	NO MATCH	lemma/115098	Mood#Ind|Number#Sing|Person#3|Tense#Pres|VerbForm#Fin|Voice#Act
005.SCG*LB1.CP-4++3.N.-5.5-3.8-5W1	puta	NO MATCH	lemma/120610	
005.SCG*LB2.CP-7++6.N.17.3-7.8-3W29	operantur	NO MATCH	lemma/115028	Mood#Ind|Number#Sing|Person#3|Tense#Pres|VerbForm#Fin|Voice#Pass
005.SCG*LB3.CP12++7.N.-4.15-1.20-4W22	accuratius	NO MATCH	lemma/87165	Degree#Cmp
005.SCG*LB3.CP15++4.N.-6.10-4.11-3W4	data	NO MATCH	lemma/99970	Aspect#Perf|Case#Nom|Degree#Pos|Gender#Fem|Number#Plur|Tense#Past|VerbForm#Part|Voice#Pass
005.SCG*LB3.CP13++5.N.-1.1-1.4-2W15	sectantur	NO MATCH	lemma/123964	Mood#Ind|Number#Sing|Person#3|Tense#Pres|VerbForm#Fin|Voice#Act
005.SCG*LB4.CP-4++6.N.-1.1-1.7-5W35	convenienter	NO MATCH	lemma/96424	Degree#Pos
005.SCG*LB2.CP-7++6.N.-4.12-1.17-3W24	fiunt	NO MATCH	lemma/102758	Mood#Ind|Number#Plur|Person#3|Tense#Pres|VerbForm#Fin|Voice#Pass
005.SCG*LB4.CP-4++3.N.-2.1-1.5-1W21	praeexistentis	NO MATCH	lemma/131401	Mood#Ind|Number#Sing|Person#3|Tense#Pres|VerbForm#Fin|Voice#Act
005.SCG*LB3.CP11++7.N.-3.4-1.6-1W15	praedisposuit	NO MATCH	lemma/131395	Aspect#Perf|Case#Gen|Degree#Pos|Gender#Fem|Number#Sing|Tense#Past|VerbForm#Part|Voice#Pass
005.SCG*LB3.CP11++9.N.-1.1-1.9-1W30	fieret	NO MATCH	lemma/102758	Aspect#Imp|Mood#Sub|Number#Sing|Person#3|Tense#Imp|VerbForm#Fin|Voice#Pass
005.SCG*LB2.CP-3++1.N.-2.1-1.4-7W15	oportet	NO MATCH	lemma/115098	Case#Nom|Degree#Pos|Gender#Masc|Number#Sing|Tense#Pres|VerbForm#Part|VerbType#Mod|Voice#Act
005.SCG*LB3.CP15++4.N.12.7-3.12-4W25	praenuntiavit	NO MATCH	lemma/131405	Mood#Ind|Number#Sing|Person#3|Tense#Pres|VerbForm#Fin|Voice#Act
005.SCG*LB2.CP-4++7.N.-5.1-2.2-4W4	proportionatum	NO MATCH	lemma/131413	Case#Nom|Degree#Pos|Gender#Masc|Number#Sing|Tense#Pres|VerbForm#Part|Voice#Act
005.SCG*LB4.CP-4++1.N.-7.11-2.14-5W26	imitantes	NO MATCH	lemma/106364	Mood#Ind|Number#Sing|Person#3|Tense#Pres|VerbForm#Fin|Voice#Act
005.SCG*LB4.CP-7++2.N.13.1-1.7-7W25	licet	NO MATCH	lemma/110432	Mood#Ind|Number#Sing|Person#3|Tense#Pres|VerbForm#Fin|Voice#Act
005.SCG*LB1.CP-8++5.N.-6.4-7.5-5W1	consequens	NO MATCH	lemma/96035	Case#Acc|Degree#Pos|Gender#Neut|Number#Sing|Tense#Pres|VerbForm#Part|Voice#Pass
005.SCG*LB1.CP-2++0.N.26.7-2.7-5W2	oportet	NO MATCH	lemma/115098	Case#Acc|Degree#Pos|Gender#Neut|Number#Sing|Tense#Pres|VerbForm#Part|Voice#Pass
005.SCG*LB1.CP-2++0.N.-4.1-2.2-5W6	oportet	NO MATCH	lemma/115098	Aspect#Perf|Mood#Ind|Number#Sing|Person#3|Tense#Fut|VerbForm#Fin|Voice#Act
005.SCG*LB2.CP-1++9.N.-5.30-5.31-5W9	praeexistente	NO MATCH	lemma/131401	Aspect#Perf|Mood#Ind|Number#Sing|Person#3|Tense#Past|VerbForm#Fin|VerbType#Mod|Voice#Act
005.SCG*LB3.CP-8++9.N.-3.4-3.5-4W4	operatus	NO MATCH	lemma/115028	Case#Nom|Degree#Pos|Gender#Fem|Number#Sing|Tense#Pres|VerbForm#Part|Voice#Act
005.SCG*LB3.CP13++0.N.-2.3-4.5-2W13	conversetur	NO MATCH	lemma/96442	Aspect#Imp|Case#Nom|Degree#Pos|Gender#Neut|Number#Sing|Tense#Pres|VerbForm#Part|Voice#Act
005.SCG*LB3.CP11++4.N.-3.1-2.4-2W11	operandi	NO MATCH	lemma/115028	Mood#Sub|Number#Plur|Person#3|Tense#Pres|VerbForm#Fin|Voice#Act
005.SCG*LB3.CP15++4.N.19.10-2.11-4W3	oportuit	NO MATCH	lemma/115098	Aspect#Imp|Mood#Ind|Number#Sing|Person#3|Tense#Pres|VerbForm#Fin|Voice#Act
005.SCG*LB4.CP-3++4.N.27.1-2.3-3W7	loquens	NO MATCH	lemma/110805	Mood#Ind|Number#Sing|Person#3|Tense#Pres|VerbForm#Fin|Voice#Act
005.SCG*LB2.CP-7++5.N.15.41-1.47-3W7	operaretur	NO MATCH	lemma/115028	Mood#Ind|Number#Sing|Person#3|Tense#Pres|VerbForm#Fin|Voice#Act
005.SCG*LB3.CP-9++4.N.-8.5-5.8-3W4	largitus	NO MATCH	lemma/109940	Mood#Ind|Number#Sing|Person#3|Tense#Pres|VerbForm#Fin|Voice#Act
005.SCG*LB2.CP-3++6.N.-4.7-6.9-5W12	essendo	NO MATCH	lemma/126689	Case#Abl|Degree#Pos|Number#Sing|VerbForm#Ger|Voice#Act
005.SCG*LB4.CP-3++4.N.10.9-2.10-5W1	oportet	NO MATCH	lemma/115098	Mood#Ind|Number#Sing|Person#3|Tense#Pres|VerbForm#Fin|Voice#Act
005.SCG*LB3.CP14++3.N.-1.13-1.20-3W45	patiatur	NO MATCH	lemma/116222	Tense#Pres|VerbForm#Inf|Voice#Act
005.SCG*LB2.CP-4++5.N.-2.20-5.23-5W1	oportuit	NO MATCH	lemma/115098	Mood#Ind|Number#Sing|Person#3|Tense#Pres|VerbForm#Fin|Voice#Act
005.SCG*LB4.CP-3++6.N.-9.5-3.9-2W30	passus	NO MATCH	lemma/116222	Tense#Pres|VerbForm#Inf|Voice#Act
005.SCG*LB1.CP-1++4.N.--.1-1.2-4W5	oportet	NO MATCH	lemma/115098	Mood#Sub|Number#Plur|Person#3|Tense#Pres|VerbForm#Fin|Voice#Pass
005.SCG*LB3.CP--++1.N.-5.16-2.23-1W11	pati	NO MATCH	lemma/116222	Case#Nom|Degree#Pos|Gender#Fem|Number#Plur|Tense#Pres|VerbForm#Part|Voice#Act
005.SCG*LB3.CP--++5.N.14.2-4.5-6W12	consequens	NO MATCH	lemma/96035	Case#Acc|Degree#Pos|Gender#Neut|Number#Sing|Tense#Pres|VerbForm#Part|Voice#Pass
005.SCG*LB3.CP-7++7.N.-1.10-5.12-2W9	proportionatam	NO MATCH	lemma/131413	Case#Acc|Degree#Pos|Gender#Neut|Number#Plur|VerbForm#Gdv|Voice#Pass
005.SCG*LB1.CP-8++2.N.-5.1-2.7-7W22	oportet	NO MATCH	lemma/115098	Tense#Pres|VerbForm#Inf|Voice#Act
005.SCG*LB4.CP-2++4.N.10.17-1.18-5W5	convenienter	NO MATCH	lemma/96424	Degree#Pos
005.SCG*LB3.CP11++2.N.13.4-5.13-1W2	fit	NO MATCH	lemma/102758	Mood#Ind|Number#Sing|Person#3|Tense#Pres|VerbForm#Fin|Voice#Pass
005.SCG*LB3.CP--++2.N.-9.5-5.7-3W4	opinari	NO MATCH	lemma/115070	Mood#Ind|Number#Sing|Person#3|Tense#Pres|VerbForm#Fin|Voice#Act
005.SCG*LB3.CP-2++2.N.-2.3-1.4-5W12	calefieri	NO MATCH	lemma/92350	Tense#Pres|VerbForm#Inf|Voice#Pass
005.SCG*LB3.CP15++0.N.-6.3-1.4-2W3	operatur	NO MATCH	lemma/115028	Aspect#Imp|Mood#Sub|Number#Sing|Person#3|Tense#Imp|VerbForm#Fin|Voice#Pass
005.SCG*LB1.CP-4++3.N.13.35-1.37-4W9	praeintelligitur	NO MATCH	lemma/131403	Tense#Pres|VerbForm#Inf|Voice#Act
005.SCG*LB3.CP10++2.N.-3.1-2.5-1W16	licet	NO MATCH	lemma/110432	Aspect#Imp|Tense#Pres|VerbForm#Inf|Voice#Pass
005.SCG*LB2.CP-7++8.N.-2.8-1.10-5W20	fiunt	NO MATCH	lemma/102758	Mood#Ind|Number#Plur|Person#3|Tense#Pres|VerbForm#Fin|Voice#Pass
005.SCG*LB3.CP12++0.N.14.3-1.5-3W14	perfectiorem	NO MATCH	lemma/116821	Aspect#Perf|Case#Acc|Degree#Cmp|Gender#Fem|Number#Sing|Tense#Past|VerbForm#Part|Voice#Pass
005.SCG*LB4.CP-8++3.N.-6.7-1.10-2W16	moriendi	NO MATCH	lemma/112796	Case#Nom|Degree#Pos|Gender#Neut|Number#Plur|VerbForm#Gdv|Voice#Pass
005.SCG*LB3.CP10++2.N.-6.15-1.18-3W17	fieri	NO MATCH	lemma/102758	Tense#Pres|VerbForm#Inf|Voice#Pass
005.SCG*LB1.CP--++5.N.-2.3-1.13-2W23	sequentibus	NO MATCH	lemma/124461	Case#Abl|Degree#Pos|Gender#Neut|Number#Plur|Tense#Pres|VerbForm#Part|Voice#Pass
005.SCG*LB1.CP-1++0.N.-6.1-2.2-5W5	oportet	NO MATCH	lemma/115098	Aspect#Imp|Mood#Ind|Number#Sing|Person#3|Tense#Pres|VerbForm#Fin|Voice#Act
005.SCG*LB2.CP-2++1.N.-4.17-5.18-5W4	fit	NO MATCH	lemma/102758	Mood#Ind|Number#Sing|Person#3|Tense#Pres|VerbForm#Fin|Voice#Pass
005.SCG*LB4.CP-3++3.N.-5.11-5.15-3W1	oportet	NO MATCH	lemma/115098	Mood#Ind|Number#Plur|Person#3|Tense#Pres|VerbForm#Fin|Voice#Act
005.SCG*LB1.CP-7++1.N.-5.12-5.14-4W3	consequens	NO MATCH	lemma/96035	Case#Acc|Degree#Pos|Gender#Neut|Number#Sing|Tense#Pres|VerbForm#Part|Voice#Pass
005.SCG*LB2.CP-1++6.N.11.15-6.17-1W5	praesupponitur	NO MATCH	lemma/131408	Tense#Pres|VerbForm#Inf|Voice#Act
005.SCG*LB4.CP-5++5.N.13.29-2.32-5W16	patiendo	NO MATCH	lemma/116222	Mood#Ind|Number#Sing|Person#3|Tense#Pres|VerbForm#Fin|Voice#Pass
005.SCG*LB4.CP-4++9.N.-6.8-1.9-4W3	oportet	NO MATCH	lemma/115098	Mood#Ind|Number#Sing|Person#3|Tense#Pres|VerbForm#Fin|Voice#Pass
005.SCG*LB1.CP10++0.N.-6.1-2.3-5W17	quietatum	NO MATCH	lemma/121178	Aspect#Perf|Case#Nom|Degree#Pos|Gender#Neut|Number#Sing|Tense#Past|VerbForm#Part|Voice#Pass
005.SCG*LB4.CP-7++3.N.-2.38-3.41-2W3	oportet	NO MATCH	lemma/115098	Tense#Pres|VerbForm#Inf|Voice#Act
005.SCG*LB1.CP-9++1.N.-4.1-2.7-2W25	consequens	NO MATCH	lemma/96035	Case#Nom|Degree#Pos|Gender#Neut|Number#Sing|Tense#Pres|VerbForm#Part|Voice#Pass
005.SCG*LB2.CP-6++9.N.-2.2-3.5-1W16	fit	NO MATCH	lemma/102758	Mood#Ind|Number#Sing|Person#3|Tense#Pres|VerbForm#Fin|Voice#Pass
005.SCG*LB1.CP10++2.N.-4.8-6.10-4W3	oportet	NO MATCH	lemma/115098	Mood#Ind|Number#Sing|Person#3|Tense#Pres|VerbForm#Fin|Voice#Act
005.SCG*LB4.CP--++5.N.-1.1-1.7-5W6	recte	NO MATCH	lemma/122542	Degree#Pos
005.SCG*LB4.CP-6++1.N.-3.4-1.6-3W4	oportet	NO MATCH	lemma/115098	Tense#Pres|VerbForm#Inf|Voice#Act
005.SCG*LB4.CP-2++9.N.14.3-7.6-5W20	testatur	NO MATCH	lemma/127996	Case#Acc|Degree#Pos|Gender#Neut|Number#Sing|Tense#Pres|VerbForm#Part|Voice#Act
005.SCG*LB2.CP-9++8.N.-2.12-5.15-6W14	fit	NO MATCH	lemma/102758	Mood#Ind|Number#Sing|Person#3|Tense#Pres|VerbForm#Fin|Voice#Pass
005.SCG*LB2.CP-3++5.N.-4.21-3.22-1W6	oportet	NO MATCH	lemma/115098	Mood#Ind|Number#Sing|Person#3|Tense#Pres|VerbForm#Fin|Voice#Pass
005.SCG*LB4.CP-1++6.N.12.9-6.12-5W1	oportet	NO MATCH	lemma/115098	Mood#Ind|Number#Sing|Person#3|Tense#Pres|VerbForm#Fin|Voice#Pass
005.SCG*LB3.CP--++5.N.10.9-1.10-2W9	comitatur	NO MATCH	lemma/95051	Aspect#Imp|Mood#Ind|Number#Sing|Person#3|Tense#Fut|VerbForm#Fin|Voice#Act
005.SCG*LB2.CP-7++4.N.-7.10-2.11-2W6	reminisci	NO MATCH	lemma/122600	Aspect#Imp|Mood#Ind|Number#Sing|Person#3|Tense#Fut|VerbForm#Fin|Voice#Act
005.SCG*LB1.CP-2++0.N.-8.4-1.7-2W5	oportet	NO MATCH	lemma/115098	Tense#Pres|VerbForm#Inf|Voice#Act
005.SCG*LB3.CP13++5.N.13.1-1.7-3W1	licet	NO MATCH	lemma/110432	Mood#Sub|Number#Sing|Person#3|Tense#Pres|VerbForm#Fin|Voice#Act
005.SCG*LB3.CP-4++2.N.-9.2-3.6-5W11	oportet	NO MATCH	lemma/115098	Tense#Pres|VerbForm#Inf|Voice#Act
005.SCG*LB1.CP-2++4.N.-5.8-2.12-2W13	oportet	NO MATCH	lemma/115098	Mood#Ind|Number#Sing|Person#3|Tense#Pres|VerbForm#Fin|Voice#Act
005.SCG*LB2.CP-8++9.N.15.12-3.19-5W41	licet	NO MATCH	lemma/110432	Mood#Ind|Number#Plur|Person#3|Tense#Pres|VerbForm#Fin|Voice#Act
005.SCG*LB1.CP-6++9.N.12.4-1.6-4W6	operatur	NO MATCH	lemma/115028	Aspect#Perf|Case#Acc|Degree#Pos|Number#Sing|VerbForm#Ger|Voice#Act
005.SCG*LB2.CP-2++7.N.-2.1-1.2-3W5	proportionatam	NO MATCH	lemma/131413	Aspect#Perf|Case#Acc|Degree#Pos|Number#Sing|VerbForm#Ger|Voice#Act
005.SCG*LB3.CP10++2.N.-5.25-6.31-4W7	fiunt	NO MATCH	lemma/102758	Mood#Ind|Number#Plur|Person#3|Tense#Pres|VerbForm#Fin|Voice#Pass
005.SCG*LB4.CP-5++6.N.-4.8-1.12-1W9	operantur	NO MATCH	lemma/115028	Mood#Ind|Number#Plur|Person#3|Tense#Pres|VerbForm#Fin|Voice#Act
005.SCG*LB3.CP12++9.N.-3.1-2.4-1W5	sortiuntur	NO MATCH	lemma/125211	Mood#Ind|Number#Sing|Person#3|Tense#Pres|VerbForm#Fin|Voice#Act
005.SCG*LB2.CP-7++6.N.-6.1-2.5-5W21	oportet	NO MATCH	lemma/115098	Mood#Ind|Number#Plur|Person#3|Tense#Pres|VerbForm#Fin|Voice#Act
005.SCG*LB3.CP-8++5.N.11.3-1.9-8W23	sufficienter	NO MATCH	lemma/126601	Degree#Pos
005.SCG*LB3.CP13++6.N.10.7-1.8-2W3	oportet	NO MATCH	lemma/115098	Mood#Ind|Number#Sing|Person#3|Tense#Pres|VerbForm#Fin|Voice#Act
005.SCG*LB4.CP-1++0.N.13.13-5.15-4W10	licet	NO MATCH	lemma/110432	Aspect#Imp|Tense#Pres|VerbForm#Inf|Voice#Act
005.SCG*LB2.CP-4++1.N.10.10-3.12-8W3	oportet	NO MATCH	lemma/115098	Aspect#Imp|Mood#Ind|Number#Sing|Person#3|Tense#Pres|VerbForm#Fin|Voice#Pass
005.SCG*LB2.CP-2++2.N.-6.32-6.34-5W12	praeexistente	NO MATCH	lemma/131401	Aspect#Imp|Mood#Sub|Number#Sing|Person#3|Tense#Imp|VerbForm#Fin|Voice#Pass
005.SCG*LB1.CP-2++4.N.-1.1-1.5-2W14	superaddi	NO MATCH	lemma/131438	Mood#Ind|Number#Sing|Person#3|Tense#Pres|VerbForm#Fin|Voice#Act
005.SCG*LB3.CP-4++7.N.-2.1-1.4-4W15	contemplanda	NO MATCH	lemma/96238	Mood#Ind|Number#Sing|Person#3|Tense#Pres|VerbForm#Fin|Voice#Act
005.SCG*LB2.CP-7++3.N.27.7-2.9-1W11	oportet	NO MATCH	lemma/115098	Mood#Ind|Number#Sing|Person#3|Tense#Pres|VerbForm#Fin|Voice#Act
005.SCG*LB3.CP-8++4.N.14.4-6.10-1W1	licet	NO MATCH	lemma/110432	Mood#Ind|Number#Plur|Person#3|Tense#Pres|VerbForm#Fin|Voice#Act
005.SCG*LB1.CP-4++2.N.-8.1-2.3-5W9	oportet	NO MATCH	lemma/115098	Mood#Sub|Number#Sing|Person#3|Tense#Pres|VerbForm#Fin|Voice#Act
005.SCG*LB4.CP-6++3.N.-3.1-1.2-7W6	fiat	NO MATCH	lemma/102758	Aspect#Imp|Mood#Sub|Number#Sing|Person#3|Tense#Pres|VerbForm#Fin|Voice#Pass
005.SCG*LB3.CP-5++4.N.11.13-3.17-5W3	oportet	NO MATCH	lemma/115098	Mood#Ind|Number#Sing|Person#3|Tense#Pres|VerbForm#Fin|Voice#Act
005.SCG*LB4.CP-4++3.N.-3.5-2.6-6W9	praeexistentem	NO MATCH	lemma/131401	Aspect#Perf|Case#Nom|Degree#Pos|Gender#Neut|Number#Sing|Tense#Past|VerbForm#Part|Voice#Pass
005.SCG*LB3.CP-2++2.N.-4.15-4.19-1W25	fieri	NO MATCH	lemma/102758	Tense#Pres|VerbForm#Inf|Voice#Pass
005.SCG*LB3.CP-8++4.N.14.1-1.4-5W9	directe	NO MATCH	lemma/99575	Degree#Pos
005.SCG*LB4.CP-1++1.N.11.1-1.6-4W25	oportet	NO MATCH	lemma/115098	Aspect#Perf|Mood#Ind|Number#Sing|Person#3|Tense#Past|VerbForm#Fin|Voice#Act
005.SCG*LB3.CP14++1.N.-9.6-1.9-3W8	fit	NO MATCH	lemma/102758	Mood#Ind|Number#Sing|Person#3|Tense#Pres|VerbForm#Fin|Voice#Pass
005.SCG*LB4.CP-3++4.N.15.11-1.13-3W3	oportet	NO MATCH	lemma/115098	Mood#Sub|Number#Sing|Person#3|Tense#Pres|VerbForm#Fin|Voice#Pass
005.SCG*LB2.CP-3++5.N.-3.1-1.4-1W3	oportet	NO MATCH	lemma/115098	Mood#Ind|Number#Sing|Person#3|Tense#Pres|VerbForm#Fin|Voice#Act
005.SCG*LB2.CP-5++6.N.-2.5-1.6-2W5	oportet	NO MATCH	lemma/115098	Mood#Ind|Number#Sing|Person#3|Tense#Pres|VerbForm#Fin|Voice#Act
005.SCG*LB4.CP-7++2.N.-2.13-1.14-6W12	fiat	NO MATCH	lemma/102758	Aspect#Imp|Mood#Sub|Number#Sing|Person#3|Tense#Pres|VerbForm#Fin|Voice#Pass
005.SCG*LB4.CP-7++0.N.-5.4-3.7-1W14	fit	NO MATCH	lemma/102758	Aspect#Imp|Mood#Ind|Number#Sing|Person#3|Tense#Pres|VerbForm#Fin|Voice#Pass
005.SCG*LB4.CP-2++2.N.-1.1-1.5-2W17	oportet	NO MATCH	lemma/115098	Aspect#Imp|Mood#Ind|Number#Plur|Person#3|Tense#Fut|VerbForm#Fin|Voice#Pass
005.SCG*LB4.CP-1++4.N.12.8-6.17-2W9	superadditae	NO MATCH	lemma/131438	Mood#Ind|Number#Sing|Person#3|Tense#Pres|VerbForm#Fin|Voice#Act
005.SCG*LB2.CP-5++8.N.-8.4-5.6-3W7	fit	NO MATCH	lemma/102758	Mood#Ind|Number#Sing|Person#3|Tense#Pres|VerbForm#Fin|Voice#Pass
005.SCG*LB2.CP-7++3.N.19.8-5.14-5W16	calefieri	NO MATCH	lemma/92350	Tense#Pres|VerbForm#Inf|Voice#Pass
005.SCG*LB2.CP-9++8.N.-9.6-6.11-2W5	fiat	NO MATCH	lemma/102758	Mood#Sub|Number#Sing|Person#3|Tense#Pres|VerbForm#Fin|Voice#Pass
005.SCG*LB3.CP-2++3.N.-9.21-4.28-3W26	licet	NO MATCH	lemma/110432	Mood#Ind|Number#Sing|Person#3|Tense#Pres|VerbForm#Fin|Voice#Act
005.SCG*LB3.CP-1++8.N.-5.1-2.3-2W1	oportet	NO MATCH	lemma/115098	Aspect#Imp|Mood#Ind|Number#Sing|Person#3|Tense#Pres|VerbForm#Fin|Voice#Act
005.SCG*LB2.CP-4++6.N.-5.5-3.9-7W23	essendi	NO MATCH	lemma/126689	Case#Gen|Degree#Pos|Number#Sing|VerbForm#Ger|Voice#Act
005.SCG*LB3.CP-4++3.N.10.15-3.19-2W11	oportebit	NO MATCH	lemma/115098	Mood#Ind|Number#Sing|Person#3|Tense#Fut|VerbForm#Fin|Voice#Pass
005.SCG*LB4.CP-8++9.N.-2.1-1.2-4W8	proportionata	NO MATCH	lemma/131413	Mood#Ind|Number#Sing|Person#3|Tense#Pres|VerbForm#Fin|Voice#Act
005.SCG*LB3.CP13++2.N.-9.1-1.5-1W17	sectantur	NO MATCH	lemma/123964	Mood#Ind|Number#Sing|Person#3|Tense#Pres|VerbForm#Fin|Voice#Act
005.SCG*LB2.CP-5++6.N.13.7-1.9-2W9	oportet	NO MATCH	lemma/115098	Mood#Ind|Number#Sing|Person#3|Tense#Pres|VerbForm#Fin|Voice#Act
005.SCG*LB4.CP-1++7.N.14.11-1.14-1W12	consequens	NO MATCH	lemma/96035	Aspect#Imp|Case#Acc|Degree#Pos|Gender#Neut|Number#Sing|Tense#Pres|VerbForm#Part|Voice#Pass
005.SCG*LB2.CP-2++8.N.15.11-2.14-3W5	fieri	NO MATCH	lemma/102758	Tense#Pres|VerbForm#Inf|Voice#Pass
005.SCG*LB3.CP11++9.N.-4.5-4.9-1W3	fiunt	NO MATCH	lemma/102758	Mood#Ind|Number#Plur|Person#3|Tense#Pres|VerbForm#Fin|Voice#Pass
005.SCG*LB3.CP12++0.N.-3.5-3.11-1W9	sortiri	NO MATCH	lemma/125211	Aspect#Perf|Case#Nom|Degree#Pos|Gender#Masc|Number#Plur|Tense#Past|VerbForm#Part|Voice#Pass
005.SCG*LB3.CP-9++5.N.-4.3-3.4-7W11	calefiunt	NO MATCH	lemma/92350	Mood#Ind|Number#Plur|Person#3|Tense#Pres|VerbForm#Fin|Voice#Pass
005.SCG*LB3.CP-1++6.N.-4.1-2.5-2W18	licet	NO MATCH	lemma/110432	Mood#Ind|Number#Sing|Person#3|Tense#Pres|VerbForm#Fin|Voice#Act
005.SCG*LB4.CP-8++3.N.11.13-1.16-6W15	oporteat	NO MATCH	lemma/115098	Mood#Ind|Number#Sing|Person#3|Tense#Pres|VerbForm#Fin|Voice#Act
005.SCG*LB3.CP--++2.N.-5.5-1.8-5W22	oportet	NO MATCH	lemma/115098	Tense#Pres|VerbForm#Inf|Voice#Act
005.SCG*LB1.CP--++3.N.-5.36-1.43-1W43	suspicatur	NO MATCH	lemma/127134	Aspect#Imp|Mood#Ind|Number#Sing|Person#3|Tense#Pres|VerbForm#Fin|Voice#Pass
005.SCG*LB1.CP-1++6.N.-7.5-3.6-7W2	oportet	NO MATCH	lemma/115098	Aspect#Imp|Mood#Ind|Number#Sing|Person#3|Tense#Pres|VerbForm#Fin|Voice#Act
005.SCG*LB3.CP15++8.N.-3.6-7.10-2W20	negligenter	NO MATCH	lemma/113552	Degree#Pos
005.SCG*LB2.CP-5++5.N.-7.13-2.15-5W4	oportet	NO MATCH	lemma/115098	Mood#Ind|Number#Sing|Person#3|Tense#Pres|VerbForm#Fin|Voice#Act
005.SCG*LB3.CP12++8.N.-8.1-1.3-5W18	operari	NO MATCH	lemma/115028	Aspect#Imp|Mood#Ind|Number#Sing|Person#3|Tense#Pres|VerbForm#Fin|Voice#Pass
005.SCG*LB4.CP-4++3.N.-2.20-1.22-5W9	praeextitisset	NO MATCH	lemma/131401	Aspect#Imp|Mood#Ind|Number#Sing|Person#3|Tense#Fut|VerbForm#Fin|Voice#Act
005.SCG*LB3.CP-4++9.N.-9.5-7.8-5W5	expressior	NO MATCH	lemma/102229	Aspect#Perf|Case#Nom|Degree#Cmp|Gender#Masc|Number#Sing|Tense#Past|VerbForm#Part|Voice#Pass
005.SCG*LB3.CP-4++8.N.-1.15-1.17-2W1	oportet	NO MATCH	lemma/115098	Aspect#Perf|Case#Nom|Degree#Cmp|Gender#Masc|Number#Sing|Tense#Past|VerbForm#Part|Voice#Pass
005.SCG*LB2.CP-4++4.N.14.3-1.5-6W9	loquendi	NO MATCH	lemma/110805	Aspect#Perf|Case#Nom|Degree#Pos|Gender#Fem|Number#Plur|Tense#Past|VerbForm#Part|Voice#Pass
005.SCG*LB2.CP-7++6.N.-6.11-3.13-4W2	oportet	NO MATCH	lemma/115098	Mood#Ind|Number#Sing|Person#3|Tense#Pres|VerbForm#Fin|Voice#Pass
005.SCG*LB4.CP-1++4.N.12.8-6.17-2W22	superadditum	NO MATCH	lemma/131438	Mood#Ind|Number#Sing|Person#3|Tense#Pres|VerbForm#Fin|Voice#Pass
005.SCG*LB3.CP-4++6.N.-4.1-2.4-5W3	fit	NO MATCH	lemma/102758	Mood#Ind|Number#Sing|Person#3|Tense#Pres|VerbForm#Fin|Voice#Pass
005.SCG*LB2.CP-3++4.N.-5.2-4.2-9W4	fit	NO MATCH	lemma/102758	Mood#Ind|Number#Sing|Person#3|Tense#Pres|VerbForm#Fin|Voice#Pass
005.SCG*LB4.CP-9++0.N.-4.1-1.3-2W1	patiuntur	NO MATCH	lemma/116222	Aspect#Perf|Mood#Ind|Number#Sing|Person#3|Tense#Past|VerbForm#Fin|Voice#Act
005.SCG*LB4.CP-4++0.N.-8.3-5.6-3W6	individuatum	NO MATCH	lemma/59198	Case#Gen|Degree#Pos|Gender#Masc|Number#Plur|Tense#Pres|VerbForm#Part|Voice#Act
005.SCG*LB2.CP-7++9.N.13.7-2.8-3W8	praeexistere	NO MATCH	lemma/131401	Mood#Ind|Number#Sing|Person#3|Tense#Pres|VerbForm#Fin|Voice#Act
005.SCG*LB4.CP--++8.N.-6.37-3.40-6W27	operatur	NO MATCH	lemma/115028	Aspect#Imp|Case#Nom|Degree#Pos|Gender#Fem|Number#Sing|Tense#Pres|VerbForm#Part|Voice#Act
005.SCG*LB2.CP-4++6.N.-7.1-2.4-5W9	imitatur	NO MATCH	lemma/106364	Mood#Ind|Number#Sing|Person#3|Tense#Pres|VerbForm#Fin|Voice#Act
005.SCG*LB3.CP-8++5.N.-5.1-2.3-6W4	fiunt	NO MATCH	lemma/102758	Mood#Ind|Number#Plur|Person#3|Tense#Pres|VerbForm#Fin|Voice#Pass
005.SCG*LB2.CP-5++9.N.-3.12-4.13-6W3	oporteret	NO MATCH	lemma/115098	Mood#Ind|Number#Sing|Person#3|Tense#Pres|VerbForm#Fin|Voice#Act
005.SCG*LB2.CP-2++5.N.23.3-3.4-8W11	volitum	NO MATCH	lemma/130745	Aspect#Perf|Case#Nom|Degree#Pos|Gender#Neut|Number#Sing|Tense#Past|VerbForm#Part|VerbType#Mod|Voice#Pass
005.SCG*LB2.CP-7++8.N.-3.3-5.5-7W1	expresse	NO MATCH	lemma/102229	Degree#Pos
005.SCG*LB3.CP-4++9.N.12.4-4.8-4W4	fit	NO MATCH	lemma/102758	Mood#Ind|Number#Sing|Person#3|Tense#Pres|VerbForm#Fin|Voice#Pass
005.SCG*LB2.CP-9++8.N.19.1-1.5-2W4	oportet	NO MATCH	lemma/115098	Aspect#Imp|Mood#Ind|Number#Plur|Person#3|Tense#Pres|VerbForm#Fin|Voice#Act
005.SCG*LB3.CP14++8.N.-4.8-4.9-7W4	operatur	NO MATCH	lemma/115028	Mood#Sub|Number#Plur|Person#1|Tense#Pres|VerbForm#Fin|Voice#Act
005.SCG*LB4.CP-7++4.N.-7.17-4.23-1W1	oportet	NO MATCH	lemma/115098	Mood#Ind|Number#Plur|Person#1|Tense#Pres|VerbForm#Fin|Voice#Act
005.SCG*LB4.CP-1++8.N.-5.1-2.3-4W7	loquitur	NO MATCH	lemma/110805	Aspect#Perf|Mood#Ind|Number#Sing|Person#3|Tense#Past|VerbForm#Fin|VerbType#Mod|Voice#Act
005.SCG*LB4.CP-3++5.N.11.1-2.5-4W13	consequens	NO MATCH	lemma/96035	Aspect#Imp|Case#Acc|Degree#Pos|Gender#Neut|Number#Sing|Tense#Pres|VerbForm#Part|Voice#Pass
005.SCG*LB1.CP-5++6.N.-6.6-2.12-4W14	fiat	NO MATCH	lemma/102758	Mood#Sub|Number#Sing|Person#3|Tense#Pres|VerbForm#Fin|Voice#Pass
005.SCG*LB2.CP-6++1.N.-5.1-2.3-3W7	loqui	NO MATCH	lemma/110805	Aspect#Imp|Mood#Sub|Number#Sing|Person#3|Tense#Pres|VerbForm#Fin|Voice#Act
005.SCG*LB4.CP-7++4.N.-1.6-6.9-3W1	oportet	NO MATCH	lemma/115098	Mood#Ind|Number#Sing|Person#3|Tense#Pres|VerbForm#Fin|Voice#Act
005.SCG*LB4.CP--++8.N.-4.36-2.36-7W3	mortuus	NO MATCH	lemma/112796	Mood#Ind|Number#Sing|Person#3|Tense#Pres|VerbForm#Fin|Voice#Pass
005.SCG*LB3.CP-8++1.N.-4.1-1.7-6W43	exequens	NO MATCH	lemma/102311	Case#Nom|Degree#Pos|Gender#Fem|Number#Sing|Tense#Pres|VerbForm#Part|Voice#Pass
005.SCG*LB4.CP-2++9.N.11.1-1.3-1W13	mortuus	NO MATCH	lemma/112796	Case#Nom|Degree#Pos|Gender#Fem|Number#Sing|Tense#Pres|VerbForm#Part|Voice#Pass
005.SCG*LB4.CP-8++4.N.13.3-8.6-5W6	oportet	NO MATCH	lemma/115098	Aspect#Imp|Mood#Ind|Number#Sing|Person#3|Tense#Imp|VerbForm#Fin|Voice#Act
005.SCG*LB1.CP-1++3.N.30.5-3.8-2W13	oportet	NO MATCH	lemma/115098	Mood#Ind|Number#Sing|Person#3|Tense#Pres|VerbForm#Fin|Voice#Act
005.SCG*LB2.CP-3++0.N.15.18-1.22-1W26	proiicitur	NO MATCH	lemma/119771	Mood#Ind|Number#Sing|Person#3|Tense#Pres|VerbForm#Fin|Voice#Pass
005.SCG*LB1.CP-7++9.N.-1.1-1.4-1W9	volitum	NO MATCH	lemma/130745	Aspect#Perf|Case#Acc|Degree#Pos|Gender#Neut|Number#Sing|Tense#Past|VerbForm#Part|VerbType#Mod|Voice#Pass
005.SCG*LB3.CP-2++6.N.10.15-5.17-2W3	volitum	NO MATCH	lemma/130745	Aspect#Perf|Case#Nom|Degree#Pos|Gender#Neut|Number#Sing|Tense#Past|VerbForm#Part|VerbType#Mod|Voice#Pass
005.SCG*LB4.CP-3++8.N.-1.19-5.25-7W49	passus	NO MATCH	lemma/116222	Aspect#Imp|Case#Nom|Degree#Pos|Gender#Masc|Number#Sing|Tense#Pres|VerbForm#Part|Voice#Act
005.SCG*LB3.CP-5++3.N.-4.1-2.4-3W12	oportet	NO MATCH	lemma/115098	Mood#Ind|Number#Sing|Person#3|Tense#Pres|VerbForm#Fin|Voice#Act
005.SCG*LB1.CP-4++3.N.14.3-2.5-2W8	oportet	NO MATCH	lemma/115098	Aspect#Imp|Mood#Sub|Number#Plur|Person#3|Tense#Imp|VerbForm#Fin|Voice#Act
005.SCG*LB4.CP--++1.N.15.1-1.4-3W20	converso	NO MATCH	lemma/96446	Aspect#Perf|Case#Abl|Gender#Neut|Number#Sing
005.SCG*LB4.CP-5++0.N.-3.7-6.10-6W10	mortuus	NO MATCH	lemma/112796	Case#Nom|Degree#Pos|Gender#Masc|Number#Plur|Tense#Pres|VerbForm#Part|Voice#Act
005.SCG*LB4.CP-2++1.N.-4.18-1.20-4W19	loquitur	NO MATCH	lemma/110805	Aspect#Imp|Case#Abl|Degree#Pos|Gender#Masc|Number#Plur|Tense#Pres|VerbForm#Part|Voice#Act
005.SCG*LB3.CP-9++7.N.-2.23-5.25-4W16	sortiuntur	NO MATCH	lemma/125211	Mood#Ind|Number#Sing|Person#3|Tense#Pres|VerbForm#Fin|Voice#Act
005.SCG*LB4.CP-4++1.N.14.8-3.14-2W36	eminentius	NO MATCH	lemma/100978	Degree#Cmp
005.SCG*LB1.CP-6++5.N.-5.3-2.6-5W19	essendi	NO MATCH	lemma/126689	Case#Gen|Degree#Pos|Number#Sing|VerbForm#Ger|Voice#Act
005.SCG*LB3.CP-4++2.N.11.6-1.10-1W11	oportet	NO MATCH	lemma/115098	Mood#Ind|Number#Sing|Person#3|Tense#Pres|VerbForm#Fin|Voice#Act
005.SCG*LB2.CP-1++6.N.-9.10-4.13-1W11	essendi	NO MATCH	lemma/126689	Case#Gen|Degree#Pos|Number#Sing|VerbForm#Ger|Voice#Act
005.SCG*LB1.CP-7++1.N.15.1-1.5-7W23	oportet	NO MATCH	lemma/115098	Aspect#Imp|Mood#Ind|Number#Sing|Person#3|Tense#Imp|VerbForm#Fin|Voice#Act
005.SCG*LB1.CP-1++7.N.-7.12-1.13-5W9	oportet	NO MATCH	lemma/115098	Mood#Ind|Number#Plur|Person#3|Tense#Pres|VerbForm#Fin|Voice#Pass
005.SCG*LB3.CP-9++2.N.12.1-1.2-5W1	oportet	NO MATCH	lemma/115098	Aspect#Imp|Case#Nom|Degree#Pos|Gender#Neut|Number#Sing|Tense#Pres|VerbForm#Part|Voice#Act
005.SCG*LB3.CP-1++7.N.-4.4-6.7-5W12	oportet	NO MATCH	lemma/115098	Mood#Ind|Number#Sing|Person#3|Tense#Pres|VerbForm#Fin|Voice#Act
005.SCG*LB4.CP--++8.N.-4.29-3.31-2W10	oportet	NO MATCH	lemma/115098	Mood#Ind|Number#Sing|Person#3|Tense#Pres|VerbForm#Fin|Voice#Act
005.SCG*LB3.CP10++7.N.-3.10-7.12-3W1	oportet	NO MATCH	lemma/115098	Mood#Ind|Number#Sing|Person#3|Tense#Pres|VerbForm#Fin|Voice#Act
005.SCG*LB4.CP-7++4.N.-2.40-5.43-2W1	oportet	NO MATCH	lemma/115098	Aspect#Perf|Mood#Ind|Number#Sing|Person#3|Tense#Past|VerbForm#Fin|Voice#Act
005.SCG*LB2.CP-8++3.N.25.41-3.44-2W1	oportet	NO MATCH	lemma/115098	Aspect#Imp|Mood#Ind|Number#Sing|Person#3|Tense#Pres|VerbForm#Fin|Voice#Act
005.SCG*LB1.CP-5++5.N.-4.2-6.5-4W10	imaginamur	NO MATCH	lemma/106316	Mood#Sub|Number#Sing|Person#3|Tense#Pres|VerbForm#Fin|Voice#Act
005.SCG*LB4.CP--++4.N.-3.1-1.8-4W6	opinantes	NO MATCH	lemma/115070	Aspect#Perf|Case#Nom|Degree#Pos|Gender#Neut|Number#Sing|Tense#Past|VerbForm#Part|Voice#Pass
005.SCG*LB4.CP-3++4.N.-9.22-1.24-2W8	loquentis	NO MATCH	lemma/110805	Aspect#Imp|Mood#Sub|Number#Plur|Person#3|Tense#Imp|VerbForm#Fin|Voice#Act
005.SCG*LB2.CP-4++7.N.-4.8-6.11-3W18	operans	NO MATCH	lemma/115028	Aspect#Imp|Mood#Sub|Number#Plur|Person#3|Tense#Imp|VerbForm#Fin|Voice#Act
005.SCG*LB4.CP-5++4.N.-4.24-1.30-2W18	oportuit	NO MATCH	lemma/115098	Aspect#Perf|Case#Nom|Degree#Pos|Gender#Neut|Number#Sing|Tense#Past|VerbForm#Part|Voice#Pass
005.SCG*LB3.CP-8++0.N.14.10-6.13-4W19	oportet	NO MATCH	lemma/115098	Tense#Pres|VerbForm#Inf|Voice#Act
005.SCG*LB4.CP-5++5.N.10.8-3.11-4W13	fiunt	NO MATCH	lemma/102758	Aspect#Imp|Mood#Ind|Number#Plur|Person#3|Tense#Pres|VerbForm#Fin|Voice#Pass
005.SCG*LB4.CP--++7.N.-1.1-1.5-1W16	diligenter	NO MATCH	lemma/99463	Degree#Pos
005.SCG*LB2.CP-2++4.N.-2.5-2.10-3W31	operatur	NO MATCH	lemma/115028	Degree#Pos
005.SCG*LB3.CP13++2.N.14.9-4.13-5W3	consequens	NO MATCH	lemma/96035	Case#Acc|Degree#Pos|Gender#Neut|Number#Sing|Tense#Pres|VerbForm#Part|Voice#Pass
005.SCG*LB2.CP-2++1.N.10.1-2.9-1W62	fit	NO MATCH	lemma/102758	Mood#Ind|Number#Sing|Person#3|Tense#Pres|VerbForm#Fin|Voice#Pass
005.SCG*LB3.CP-1++8.N.-2.3-3.6-3W22	essendo	NO MATCH	lemma/126689	Case#Abl|Degree#Pos|Number#Sing|VerbForm#Ger|Voice#Act
005.SCG*LB2.CP-3++2.N.-6.12-3.16-4W31	exequentis	NO MATCH	lemma/102311	Case#Gen|Degree#Pos|Gender#Fem|Number#Sing|Tense#Pres|VerbForm#Part|Voice#Pass
005.SCG*LB2.CP-6++8.N.10.1-1.12-3W12	operata	NO MATCH	lemma/115028	Aspect#Imp|Mood#Ind|Number#Sing|Person#3|Tense#Pres|VerbForm#Fin|Voice#Act
005.SCG*LB2.CP-9++4.N.-5.7-5.11-2W21	oportet	NO MATCH	lemma/115098	Aspect#Imp|Tense#Pres|VerbForm#Inf|Voice#Pass
005.SCG*LB4.CP-9++1.N.-8.7-1.7-8W1	mortuus	NO MATCH	lemma/112796	Mood#Ind|Number#Sing|Person#3|Tense#Pres|VerbForm#Fin|VerbType#Mod|Voice#Act
005.SCG*LB3.CP-4++6.N.-7.3-6.5-4W9	fit	NO MATCH	lemma/102758	Mood#Ind|Number#Sing|Person#3|Tense#Pres|VerbForm#Fin|Voice#Pass
005.SCG*LB2.CP-6++0.N.-6.8-2.9-7W4	pati	NO MATCH	lemma/116222	Mood#Ind|Number#Sing|Person#3|Tense#Pres|VerbForm#Fin|Voice#Act
005.SCG*LB2.CP-3++2.N.-5.8-3.10-2W1	oportebit	NO MATCH	lemma/115098	Case#Nom|Degree#Pos|Gender#Masc|Number#Sing|Tense#Fut|VerbForm#Part|Voice#Act
005.SCG*LB2.CP-9++5.N.-4.7-1.10-7W16	oportebit	NO MATCH	lemma/115098	Mood#Ind|Number#Sing|Person#3|Tense#Pres|VerbForm#Fin|Voice#Pass
005.SCG*LB4.CP-6++3.N.-7.10-4.12-4W4	fieri	NO MATCH	lemma/102758	Aspect#Imp|Tense#Pres|VerbForm#Inf|Voice#Pass
005.SCG*LB2.CP-5++2.N.-2.17-1.19-3W3	diversificari	NO MATCH	lemma/47852	Case#Nom|Degree#Pos|Gender#Masc|Number#Plur|Tense#Pres|VerbForm#Part|Voice#Act
005.SCG*LB4.CP-1++1.N.-5.22-1.26-6W25	oportet	NO MATCH	lemma/115098	Aspect#Imp|Mood#Ind|Number#Sing|Person#3|Tense#Pres|VerbForm#Fin|VerbType#Mod|Voice#Act
005.SCG*LB3.CP-5++2.N.-4.6-6.8-1W10	patiendi	NO MATCH	lemma/116222	Mood#Ind|Number#Sing|Person#3|Tense#Pres|VerbForm#Fin|Voice#Act
005.SCG*LB2.CP-8++3.N.29.1-2.4-4W10	oportet	NO MATCH	lemma/115098	Mood#Sub|Number#Sing|Person#3|Tense#Pres|VerbForm#Fin|Voice#Pass
005.SCG*LB2.CP-2++1.N.-7.1-2.6-5W27	operatur	NO MATCH	lemma/115028	Mood#Ind|Number#Sing|Person#3|Tense#Pres|VerbForm#Fin|Voice#Act
005.SCG*LB1.CP-9++2.N.-2.2-7.5-5W11	superadditum	NO MATCH	lemma/131438	Mood#Ind|Number#Sing|Person#3|Tense#Pres|VerbForm#Fin|Voice#Act
005.SCG*LB4.CP-4++8.N.-2.2-1.3-7W3	fieri	NO MATCH	lemma/102758	Aspect#Imp|Tense#Pres|VerbForm#Inf|Voice#Pass
005.SCG*LB3.CP-8++0.N.17.16-1.20-2W25	oportet	NO MATCH	lemma/115098	Case#Gen|Degree#Pos|Number#Sing|VerbForm#Ger|Voice#Act
005.SCG*LB1.CP-5++5.N.-4.9-1.10-4W9	oportet	NO MATCH	lemma/115098	Aspect#Perf|Tense#Past|VerbForm#Inf|Voice#Act
005.SCG*LB4.CP-2++1.N.-4.22-5.24-4W13	loquitur	NO MATCH	lemma/110805	Tense#Pres|VerbForm#Inf|Voice#Act
005.SCG*LB3.CP13++2.N.-9.8-2.13-6W43	imitandum	NO MATCH	lemma/106364	Mood#Ind|Number#Sing|Person#3|Tense#Pres|VerbForm#Fin|Voice#Act
005.SCG*LB4.CP-2++9.N.-5.8-2.10-8W15	loquar	NO MATCH	lemma/110805	Aspect#Imp|Mood#Ind|Number#Sing|Person#3|Tense#Pres|VerbForm#Fin|Voice#Act
005.SCG*LB3.CP15++3.N.-5.3-2.5-6W11	oportet	NO MATCH	lemma/115098	Aspect#Imp|Case#Nom|Degree#Pos|Gender#Neut|Number#Sing|Tense#Pres|VerbForm#Part|Voice#Act
005.SCG*LB4.CP-5++4.N.-4.24-1.30-2W20	fieri	NO MATCH	lemma/102758	Aspect#Imp|Tense#Pres|VerbForm#Inf|Voice#Pass
005.SCG*LB3.CP-6++5.N.-4.26-6.30-1W1	oportet	NO MATCH	lemma/115098	Mood#Ind|Number#Sing|Person#3|Tense#Pres|VerbForm#Fin|Voice#Pass
005.SCG*LB1.CP-1++9.N.-3.5-1.8-2W21	necesse-esse	NO MATCH	lemma/126689	Tense#Pres|VerbForm#Inf|Voice#Act
005.SCG*LB2.CP-8++9.N.-6.8-6.12-4W18	organizato	NO MATCH	lemma/68425	Tense#Pres|VerbForm#Inf|Voice#Act
005.SCG*LB3.CP14++3.N.-5.1-2.5-7W27	fore	NO MATCH	lemma/126689	Tense#Fut|VerbForm#Inf|Voice#Act
005.SCG*LB2.CP-3++0.N.-6.8-3.12-1W14	remotissima	NO MATCH	lemma/122609	Aspect#Perf|Case#Nom|Degree#Sup|Gender#Neut|Number#Plur|Tense#Past|VerbForm#Part|Voice#Pass
005.SCG*LB3.CP-7++7.N.-6.4-3.7-5W8	exequentes	NO MATCH	lemma/102311	Case#Nom|Degree#Pos|Gender#Fem|Number#Plur|Tense#Pres|VerbForm#Part|Voice#Pass
005.SCG*LB1.CP-1++1.N.-5.7-1.9-3W4	oportet	NO MATCH	lemma/115098	Aspect#Perf|Mood#Ind|Number#Sing|Person#3|Tense#Past|VerbForm#Fin|Voice#Act
005.SCG*LB4.CP-8++1.N.10.24-4.24-5W1	differenter	NO MATCH	lemma/99342	Aspect#Imp|Case#Loc|Degree#Pos|Number#Sing|Tense#Pres|VerbForm#Part|Voice#Act
005.SCG*LB2.CP-1++5.N.-4.4-1.12-2W2	oportet	NO MATCH	lemma/115098	Mood#Sub|Number#Sing|Person#3|Tense#Pres|VerbForm#Fin|Voice#Act
005.SCG*LB1.CP-4++2.N.-9.56-1.58-1W10	necesse-esse	NO MATCH	lemma/126689	Tense#Pres|VerbForm#Inf|Voice#Act
005.SCG*LB2.CP-7++9.N.-8.1-2.2-3W4	permanentius	NO MATCH	lemma/117055	Case#Nom|Degree#Cmp|Gender#Neut|Number#Sing|Tense#Pres|VerbForm#Part|Voice#Act
005.SCG*LB4.CP--++5.N.-1.13-5.17-3W15	mortuum	NO MATCH	lemma/112796	Aspect#Imp|Mood#Ind|Number#Sing|Person#3|Tense#Pres|VerbForm#Fin|Voice#Pass
005.SCG*LB3.CP13++0.N.-4.20-2.22-3W10	arbitratus	NO MATCH	lemma/89778	Aspect#Imp|Mood#Ind|Number#Sing|Person#3|Tense#Pres|VerbForm#Fin|Voice#Pass
005.SCG*LB2.CP-6++8.N.-7.8-1.9-1W3	operatur	NO MATCH	lemma/115028	Mood#Ind|Number#Sing|Person#3|Tense#Pres|VerbForm#Fin|Voice#Act
005.SCG*LB2.CP-7++3.N.30.1-2.3-4W9	oportet	NO MATCH	lemma/115098	Aspect#Perf|Case#Acc|Degree#Pos|Gender#Fem|Number#Sing|Tense#Past|VerbForm#Part|Voice#Pass
005.SCG*LB2.CP-7++9.N.14.1-1.5-5W9	licet	NO MATCH	lemma/110432	Mood#Ind|Number#Plur|Person#3|Tense#Pres|VerbForm#Fin|Voice#Act
005.SCG*LB4.CP-2++1.N.-2.9-5.14-2W18	oportet	NO MATCH	lemma/115098	Aspect#Perf|Case#Nom|Degree#Pos|Gender#Neut|Number#Sing|Tense#Past|VerbForm#Part|Voice#Pass
005.SCG*LB1.CP-4++2.N.-9.14-1.14-6W3	essendi	NO MATCH	lemma/126689	Case#Gen|Degree#Pos|Number#Sing|VerbForm#Ger|Voice#Act
005.SCG*LB2.CP-4++4.N.-9.12-7.15-5W13	oportet	NO MATCH	lemma/115098	Mood#Sub|Number#Sing|Person#3|Tense#Pres|VerbForm#Fin|Voice#Pass
005.SCG*LB1.CP-6++0.N.-5.1-2.5-1W1	licet	NO MATCH	lemma/110432	Mood#Ind|Number#Sing|Person#3|Tense#Pres|VerbForm#Fin|Voice#Act
005.SCG*LB4.CP--++4.N.11.1-1.5-2W1	diligenter	NO MATCH	lemma/99463	Degree#Pos
005.SCG*LB4.CP-5++3.N.-3.1-2.3-4W6	fieri	NO MATCH	lemma/102758	Aspect#Imp|Tense#Pres|VerbForm#Inf|Voice#Pass
005.SCG*LB2.CP-6++0.N.-2.20-2.25-4W14	oportet	NO MATCH	lemma/115098	Mood#Ind|Number#Plur|Person#3|Tense#Pres|VerbForm#Fin|Voice#Act
005.SCG*LB2.CP-2++3.N.-6.5-5.7-3W6	oportet	NO MATCH	lemma/115098	Tense#Pres|VerbForm#Inf|Voice#Act
005.SCG*LB2.CP-1++5.N.-6.15-7.17-4W1	oportet	NO MATCH	lemma/115098	Aspect#Imp|Mood#Ind|Number#Sing|Person#3|Tense#Pres|VerbForm#Fin|Voice#Act
005.SCG*LB3.CP13++8.N.-9.1-1.2-7W8	fit	NO MATCH	lemma/102758	Mood#Ind|Number#Sing|Person#3|Tense#Pres|VerbForm#Fin|Voice#Pass
005.SCG*LB2.CP-1++2.N.-2.14-3.16-2W7	necesse-esse	NO MATCH	lemma/126689	Tense#Pres|VerbForm#Inf|Voice#Act
005.SCG*LB1.CP-6++5.N.-3.5-1.9-8W10	individuata	NO MATCH	lemma/59198	Mood#Sub|Number#Sing|Person#3|Tense#Pres|VerbForm#Fin|Voice#Act
005.SCG*LB1.CP-5++7.N.-7.7-3.8-6W1	oportet	NO MATCH	lemma/115098	Tense#Pres|VerbForm#Inf|Voice#Act
005.SCG*LB1.CP-1++3.N.10.10-5.12-6W12	opinari	NO MATCH	lemma/115070	Mood#Ind|Number#Sing|Person#3|Tense#Pres|VerbForm#Fin|VerbType#Mod|Voice#Act
005.SCG*LB3.CP13++5.N.12.1-1.4-6W10	oportet	NO MATCH	lemma/115098	Mood#Ind|Number#Sing|Person#3|Tense#Pres|VerbForm#Fin|VerbType#Mod|Voice#Act
005.SCG*LB4.CP-2++3.N.-6.4-7.7-2W9	fit	NO MATCH	lemma/102758	Aspect#Imp|Mood#Ind|Number#Sing|Person#3|Tense#Pres|VerbForm#Fin|Voice#Pass
005.SCG*LB3.CP10++4.N.-3.2-5.4-5W4	colloquentes	NO MATCH	lemma/94877	Case#Nom|Degree#Pos|Gender#Masc|Number#Plur|Tense#Pres|VerbForm#Part|Voice#Pass
005.SCG*LB4.CP-7++1.N.-8.17-5.18-4W2	revertere	NO MATCH	lemma/122808	Aspect#Imp|Tense#Pres|VerbForm#Inf|Voice#Act
005.SCG*LB4.CP-5++4.N.-4.8-1.9-2W3	fit	NO MATCH	lemma/102758	Aspect#Imp|Mood#Ind|Number#Sing|Person#3|Tense#Pres|VerbForm#Fin|Voice#Pass
005.SCG*LB2.CP-8++3.N.31.6-4.9-5W8	oportet	NO MATCH	lemma/115098	Aspect#Imp|Mood#Ind|Number#Sing|Person#3|Tense#Imp|VerbForm#Fin|VerbType#Mod|Voice#Act
005.SCG*LB3.CP-9++3.N.-6.4-1.9-4W41	subiicientes	NO MATCH	lemma/126114	Case#Nom|Degree#Pos|Gender#Masc|Number#Plur|Tense#Pres|VerbForm#Part|Voice#Act
005.SCG*LB3.CP14++7.N.-4.4-2.7-2W26	fit	NO MATCH	lemma/102758	Mood#Ind|Number#Sing|Person#3|Tense#Pres|VerbForm#Fin|Voice#Pass
005.SCG*LB2.CP-1++7.N.-3.9-1.11-3W12	praesupponatur	NO MATCH	lemma/131408	Mood#Ind|Number#Plur|Person#3|Tense#Pres|VerbForm#Fin|Voice#Act
005.SCG*LB3.CP-2++0.N.-6.8-1.10-3W11	operans	NO MATCH	lemma/115028	Aspect#Imp|Mood#Sub|Number#Sing|Person#3|Tense#Imp|VerbForm#Fin|Voice#Pass
005.SCG*LB2.CP-3++9.N.-6.10-3.11-8W1	oportet	NO MATCH	lemma/115098	Mood#Ind|Number#Sing|Person#3|Tense#Pres|VerbForm#Fin|Voice#Act
005.SCG*LB2.CP-3++5.N.-6.9-6.17-3W14	praeexistente	NO MATCH	lemma/131401	Mood#Ind|Number#Sing|Person#3|Tense#Pres|VerbForm#Fin|Voice#Act
005.SCG*LB3.CP15++4.N.11.3-1.4-6W12	praeexistunt	NO MATCH	lemma/131401	Aspect#Perf|Case#Nom|Degree#Pos|Gender#Neut|Number#Sing|Tense#Past|VerbForm#Part|Voice#Pass
005.SCG*LB3.CP15++4.N.15.12-5.17-5W37	fieri	NO MATCH	lemma/102758	Tense#Pres|VerbForm#Inf|Voice#Pass
005.SCG*LB3.CP-8++1.N.-6.29-7.33-1W3	consilians	NO MATCH	lemma/96058	Case#Nom|Degree#Pos|Gender#Masc|Number#Sing|Tense#Pres|VerbForm#Part|Voice#Pass
005.SCG*LB2.CP-3++4.N.-5.3-5.4-6W5	oportet	NO MATCH	lemma/115098	Mood#Ind|Number#Sing|Person#3|Tense#Pres|VerbForm#Fin|VerbType#Mod|Voice#Act
005.SCG*LB2.CP-8++2.N.17.5-4.9-2W13	oportet	NO MATCH	lemma/115098	Aspect#Perf|Case#Nom|Degree#Pos|Gender#Masc|Number#Sing|Tense#Past|VerbForm#Part|Voice#Pass
005.SCG*LB3.CP15++4.N.-9.15-3.18-3W16	pronuntians	NO MATCH	lemma/73709	Mood#Ind|Number#Sing|Person#3|Tense#Pres|VerbForm#Fin|Voice#Act
005.SCG*LB4.CP-3++4.N.-5.11-3.13-4W15	licet	NO MATCH	lemma/110432	Mood#Ind|Number#Sing|Person#3|Tense#Pres|VerbForm#Fin|Voice#Act
005.SCG*LB1.CP-2++6.N.-4.6-5.9-8W27	necesse-esse	NO MATCH	lemma/126689	Tense#Pres|VerbForm#Inf|Voice#Act
005.SCG*LB3.CP13++8.N.-7.3-5.5-6W5	eminentior	NO MATCH	lemma/100978	Case#Nom|Degree#Cmp|Gender#Masc|Number#Sing|Tense#Pres|VerbForm#Part|Voice#Act
005.SCG*LB3.CP15++4.N.12.7-3.12-4W12	morieris	NO MATCH	lemma/112796	Aspect#Perf|Tense#Past|VerbForm#Inf|Voice#Act
005.SCG*LB4.CP-5++5.N.10.8-3.11-4W23	mortui	NO MATCH	lemma/112796	Aspect#Imp|Mood#Sub|Number#Sing|Person#3|Tense#Imp|VerbForm#Fin|Voice#Act
005.SCG*LB3.CP13++5.N.16.10-2.11-9W7	fit	NO MATCH	lemma/102758	Mood#Ind|Number#Sing|Person#3|Tense#Pres|VerbForm#Fin|Voice#Pass
005.SCG*LB4.CP-1++0.N.-7.5-2.6-6W9	individuatur	NO MATCH	lemma/59198	Mood#Ind|Number#Plur|Person#3|Tense#Pres|VerbForm#Fin|Voice#Act
005.SCG*LB4.CP-9++0.N.-7.1-2.4-5W12	oportet	NO MATCH	lemma/115098	Mood#Ind|Number#Sing|Person#3|Tense#Pres|VerbForm#Fin|Voice#Act
005.SCG*LB1.CP-5++1.N.-7.1-2.2-2W2	oportet	NO MATCH	lemma/115098	Mood#Sub|Number#Plur|Person#1|Tense#Pres|VerbForm#Fin|VerbType#Mod|Voice#Act
005.SCG*LB3.CP-3++4.N.-4.1-2.5-1W12	oportet	NO MATCH	lemma/115098	Mood#Ind|Number#Sing|Person#3|Tense#Pres|VerbForm#Fin|Voice#Pass
005.SCG*LB4.CP-7++8.N.-1.7-1.10-5W17	fieri	NO MATCH	lemma/102758	Aspect#Imp|Tense#Pres|VerbForm#Inf|Voice#Pass
005.SCG*LB2.CP-4++8.N.-6.15-1.20-1W19	proportionata	NO MATCH	lemma/131413	Aspect#Imp|Mood#Ind|Number#Sing|Person#3|Tense#Pres|VerbForm#Fin|Voice#Pass
005.SCG*LB4.CP-1++3.N.10.7-6.10-3W1	oportet	NO MATCH	lemma/115098	Aspect#Imp|Mood#Ind|Number#Sing|Person#3|Tense#Pres|VerbForm#Fin|Voice#Pass
005.SCG*LB2.CP-7++5.N.10.16-2.18-5W14	individuata	NO MATCH	lemma/59198	Mood#Ind|Number#Sing|Person#3|Tense#Pres|VerbForm#Fin|Voice#Act
005.SCG*LB3.CP-6++4.N.-2.12-4.18-2W16	oportet	NO MATCH	lemma/115098	Mood#Sub|Number#Sing|Person#3|Tense#Pres|VerbForm#Fin|Voice#Act
005.SCG*LB3.CP-9++4.N.-4.11-4.14-5W3	oportet	NO MATCH	lemma/115098	Mood#Ind|Number#Sing|Person#3|Tense#Fut|VerbForm#Fin|Voice#Act
005.SCG*LB2.CP-1++6.N.11.5-1.12-6W40	oportet	NO MATCH	lemma/115098	Mood#Ind|Number#Sing|Person#3|Tense#Pres|VerbForm#Fin|VerbType#Mod|Voice#Act
005.SCG*LB2.CP-8++3.N.22.5-7.6-5W6	fieret	NO MATCH	lemma/102758	Aspect#Imp|Mood#Sub|Number#Sing|Person#3|Tense#Imp|VerbForm#Fin|Voice#Pass
005.SCG*LB4.CP-1++0.N.15.1-1.4-2W14	metiri	NO MATCH	lemma/112232	Mood#Ind|Number#Sing|Person#3|Tense#Pres|VerbForm#Fin|Voice#Pass
005.SCG*LB4.CP-6++4.N.-3.10-5.13-6W22	converso	NO MATCH	lemma/96446	Case#Abl|Gender#Neut|Number#Sing
005.SCG*LB3.CP15++8.N.-6.5-4.12-1W12	patitur	NO MATCH	lemma/116222	Mood#Ind|Number#Sing|Person#3|Tense#Pres|VerbForm#Fin|Voice#Act
005.SCG*LB2.CP-1++9.N.-6.12-5.17-2W5	praeexigitur	NO MATCH	lemma/131399	Aspect#Perf|Case#Nom|Degree#Pos|Gender#Fem|Number#Sing|Tense#Past|VerbForm#Part|Voice#Pass
005.SCG*LB3.CP15++4.N.15.6-6.12-4W36	praenuntiant	NO MATCH	lemma/131405	Aspect#Perf|Case#Nom|Degree#Pos|Gender#Neut|Number#Sing|Tense#Past|VerbForm#Part|Voice#Pass
005.SCG*LB2.CP-2++5.N.24.17-1.19-1W4	divise	NO MATCH	lemma/99932	Degree#Pos
005.SCG*LB4.CP-5++0.N.-3.1-1.4-3W20	praecepitque	NO MATCH	lemma/118735	Aspect#Perf|Mood#Ind|Number#Sing|Person#3|Tense#Past|VerbForm#Fin|Voice#Act
005.SCG*LB2.CP-8++0.N.15.1-1.7-2W1	reminisci	NO MATCH	lemma/122600	Mood#Ind|Number#Sing|Person#3|Tense#Pres|VerbForm#Fin|Voice#Pass
005.SCG*LB1.CP-7++6.N.-2.5-5.10-4W16	voliti	NO MATCH	lemma/130745	Aspect#Perf|Case#Gen|Degree#Pos|Gender#Neut|Number#Sing|Tense#Past|VerbForm#Part|VerbType#Mod|Voice#Pass
005.SCG*LB3.CP15++2.N.-4.1-2.7-2W34	fiant	NO MATCH	lemma/102758	Mood#Sub|Number#Plur|Person#3|Tense#Pres|VerbForm#Fin|Voice#Pass
005.SCG*LB3.CP-2++3.N.-4.16-1.17-4W1	oportet	NO MATCH	lemma/115098	Aspect#Imp|Tense#Pres|VerbForm#Inf|Voice#Pass
005.SCG*LB2.CP-2++1.N.-8.8-2.10-5W16	specificatur	NO MATCH	lemma/81610	Aspect#Imp|Mood#Sub|Number#Sing|Person#3|Tense#Pres|VerbForm#Fin|Voice#Pass
005.SCG*LB2.CP-8++3.N.17.9-5.12-1W10	fieri	NO MATCH	lemma/102758	Tense#Pres|VerbForm#Inf|Voice#Pass
005.SCG*LB2.CP-7++5.N.-9.1-1.3-2W3	oportet	NO MATCH	lemma/115098	Tense#Pres|VerbForm#Inf|Voice#Pass
005.SCG*LB1.CP-1++9.N.-4.3-2.4-6W11	passo	NO MATCH	lemma/116222	Mood#Ind|Number#Plur|Person#3|Tense#Pres|VerbForm#Fin|Voice#Act
005.SCG*LB3.CP-9++9.N.-2.4-3.7-5W16	operetur	NO MATCH	lemma/115028	Aspect#Imp|Mood#Sub|Number#Sing|Person#3|Tense#Imp|VerbForm#Fin|Voice#Pass
005.SCG*LB2.CP-8++0.N.15.1-1.7-2W31	reminisci	NO MATCH	lemma/122600	Tense#Pres|VerbForm#Inf|Voice#Pass
005.SCG*LB3.CP14++8.N.-3.1-2.6-2W21	operatur	NO MATCH	lemma/115028	Mood#Ind|Number#Plur|Person#3|Tense#Pres|VerbForm#Fin|Voice#Act
005.SCG*LB3.CP-4++2.N.-5.5-1.6-5W5	fieri	NO MATCH	lemma/102758	Tense#Pres|VerbForm#Inf|Voice#Pass
005.SCG*LB4.CP-5++3.N.24.1-2.4-2W6	mori	NO MATCH	lemma/112796	Mood#Ind|Number#Sing|Person#3|Tense#Pres|VerbForm#Fin|Voice#Pass
005.SCG*LB3.CP12++3.N.-8.18-1.21-6W9	oporteret	NO MATCH	lemma/115098	Aspect#Perf|Case#Dat|Degree#Pos|Gender#Neut|Number#Plur|Tense#Past|VerbForm#Part|Voice#Pass
005.SCG*LB1.CP-6++6.N.-8.5-1.9-1W18	coexistit	NO MATCH	lemma/94708	Mood#Ind|Number#Sing|Person#3|Tense#Pres|VerbForm#Fin|Voice#Act
005.SCG*LB4.CP-2++3.N.-3.14-6.18-6W10	loquatur	NO MATCH	lemma/110805	Aspect#Perf|Case#Nom|Degree#Pos|Gender#Neut|Number#Sing|Tense#Past|VerbForm#Part|Voice#Pass
005.SCG*LB2.CP-6++2.N.10.5-1.11-1W8	fiat	NO MATCH	lemma/102758	Mood#Sub|Number#Sing|Person#3|Tense#Pres|VerbForm#Fin|Voice#Pass
005.SCG*LB3.CP14++1.N.-7.6-2.9-1W2	consequenter	NO MATCH	lemma/96035	Degree#Pos
005.SCG*LB2.CP-4++7.N.-4.4-3.6-1W10	consequentis	NO MATCH	lemma/96035	Case#Gen|Degree#Pos|Gender#Fem|Number#Sing|Tense#Pres|VerbForm#Part|Voice#Pass
005.SCG*LB4.CP-8++3.N.15.5-7.10-4W15	fieri	NO MATCH	lemma/102758	Aspect#Imp|Tense#Pres|VerbForm#Inf|Voice#Pass
005.SCG*LB3.CP--++2.N.-2.3-6.7-6W3	adipiscens	NO MATCH	lemma/87476	Case#Nom|Degree#Pos|Gender#Neut|Number#Sing|Tense#Pres|VerbForm#Part|Voice#Pass
005.SCG*LB3.CP14++0.N.-7.3-2.9-3W1	convenientissime	NO MATCH	lemma/96424	Degree#Abs
005.SCG*LB3.CP13++6.N.-9.5-2.7-5W11	oportet	NO MATCH	lemma/115098	Mood#Ind|Number#Plur|Person#2|Tense#Pres|VerbForm#Fin|Voice#Act
005.SCG*LB1.CP-8++9.N.-4.1-2.6-2W5	patiens	NO MATCH	lemma/116222	Tense#Pres|VerbForm#Inf|Voice#Act
005.SCG*LB3.CP--++1.N.-4.1-1.5-2W20	largitur	NO MATCH	lemma/109940	Tense#Pres|VerbForm#Inf|Voice#Act
005.SCG*LB3.CP-8++4.N.14.28-1.29-4W9	operantur	NO MATCH	lemma/115028	Mood#Sub|Number#Sing|Person#3|Tense#Pres|VerbForm#Fin|Voice#Act
005.SCG*LB1.CP-4++3.N.10.7-3.9-4W10	oportet	NO MATCH	lemma/115098	Aspect#Imp|Mood#Sub|Number#Sing|Person#3|Tense#Imp|VerbForm#Fin|Voice#Act
005.SCG*LB3.CP-9++9.N.-9.14-1.19-1W4	licet	NO MATCH	lemma/110432	Mood#Sub|Number#Sing|Person#3|Tense#Pres|VerbForm#Fin|Voice#Act
005.SCG*LB3.CP-5++2.N.-4.8-2.12-1W11	oportet	NO MATCH	lemma/115098	Mood#Ind|Number#Sing|Person#3|Tense#Pres|VerbForm#Fin|VerbType#Mod|Voice#Act
005.SCG*LB2.CP-8++3.N.25.30-1.35-2W20	oportet	NO MATCH	lemma/115098	Mood#Ind|Number#Plur|Person#3|Tense#Pres|VerbForm#Fin|Voice#Act
005.SCG*LB2.CP-5++9.N.-3.1-1.5-3W25	oportet	NO MATCH	lemma/115098	Aspect#Perf|Mood#Ind|Number#Sing|Person#3|Tense#Past|VerbForm#Fin|Voice#Act
005.SCG*LB3.CP--++5.N.-2.3-7.6-5W3	fieri	NO MATCH	lemma/102758	Tense#Pres|VerbForm#Inf|Voice#Pass
005.SCG*LB1.CP-2++4.N.-4.7-5.9-2W2	oportet	NO MATCH	lemma/115098	Tense#Pres|VerbForm#Inf|Voice#Act
005.SCG*LB2.CP-8++2.N.-9.3-2.5-3W8	separatim	NO MATCH	lemma/124369	Degree#Pos
005.SCG*LB4.CP-3++2.N.11.12-4.13-3W1	oportet	NO MATCH	lemma/115098	Degree#Pos
005.SCG*LB2.CP-2++1.N.-2.5-1.7-3W16	praesupponunt	NO MATCH	lemma/131408	Mood#Ind|Number#Sing|Person#3|Tense#Pres|VerbForm#Fin|Voice#Act
005.SCG*LB3.CP14++3.N.-6.2-2.3-1W7	operamini	NO MATCH	lemma/115028	Mood#Ind|Number#Sing|Person#3|Tense#Pres|VerbForm#Fin|Voice#Act
005.SCG*LB2.CP-2++1.N.10.1-2.9-1W4	fit	NO MATCH	lemma/102758	Mood#Ind|Number#Sing|Person#3|Tense#Pres|VerbForm#Fin|Voice#Pass
005.SCG*LB3.CP11++2.N.10.5-3.9-1W18	sortiuntur	NO MATCH	lemma/125211	Mood#Ind|Number#Sing|Person#3|Tense#Pres|VerbForm#Fin|Voice#Pass
005.SCG*LB4.CP--++6.N.-6.1-2.2-1W4	patitur	NO MATCH	lemma/116222	Tense#Pres|VerbForm#Inf|Voice#Act
005.SCG*LB2.CP-9++7.N.-3.1-2.6-2W18	licet	NO MATCH	lemma/110432	Mood#Sub|Number#Sing|Person#3|Tense#Pres|VerbForm#Fin|Voice#Act
005.SCG*LB1.CP-2++8.N.-6.4-2.6-2W13	oportet	NO MATCH	lemma/115098	Mood#Sub|Number#Plur|Person#3|Tense#Pres|VerbForm#Fin|Voice#Pass
005.SCG*LB3.CP15++4.N.14.7-3.12-2W13	praenuntiando	NO MATCH	lemma/131405	Aspect#Perf|Case#Abl|Degree#Pos|Gender#Fem|Number#Plur|Tense#Past|VerbForm#Part|Voice#Pass
005.SCG*LB3.CP10++0.N.-2.14-1.16-5W5	fit	NO MATCH	lemma/102758	Mood#Ind|Number#Sing|Person#3|Tense#Pres|VerbForm#Fin|Voice#Pass
005.SCG*LB3.CP-4++9.N.10.11-3.15-2W18	consequens	NO MATCH	lemma/96035	Case#Acc|Degree#Pos|Gender#Neut|Number#Sing|Tense#Pres|VerbForm#Part|Voice#Pass
005.SCG*LB2.CP-8++3.N.-7.10-1.14-1W18	sequentes	NO MATCH	lemma/124461	Case#Nom|Degree#Pos|Gender#Masc|Number#Plur|Tense#Pres|VerbForm#Part|Voice#Pass
005.SCG*LB3.CP10++4.N.-2.10-3.12-7W16	fieri	NO MATCH	lemma/102758	Tense#Pres|VerbForm#Inf|Voice#Pass
005.SCG*LB3.CP12++5.N.-2.1-1.7-1W22	convenienter	NO MATCH	lemma/96424	Degree#Pos
005.SCG*LB2.CP--++9.N.-4.1-2.3-1W13	ens	NO MATCH	lemma/126689	Case#Nom|Degree#Pos|Gender#Neut|Number#Sing|Tense#Pres|VerbForm#Part|Voice#Act
005.SCG*LB2.CP-3++0.N.15.13-1.17-2W24	passum	NO MATCH	lemma/116222	Mood#Ind|Number#Sing|Person#3|Tense#Pres|VerbForm#Fin|Voice#Act
005.SCG*LB2.CP-9++9.N.-3.6-3.10-6W10	oportet	NO MATCH	lemma/115098	Mood#Ind|Number#Sing|Person#3|Tense#Fut|VerbForm#Fin|Voice#Act
005.SCG*LB2.CP-1++9.N.-7.1-1.3-2W12	pronunciat	NO MATCH	lemma/73709	Mood#Ind|Number#Sing|Person#3|Tense#Pres|VerbForm#Fin|Voice#Act
005.SCG*LB1.CP-9++7.N.-4.1-2.3-2W5	essendi	NO MATCH	lemma/126689	Case#Gen|Degree#Pos|Number#Sing|VerbForm#Ger|Voice#Act
005.SCG*LB4.CP-5++9.N.-2.1-1.5-6W24	fit	NO MATCH	lemma/102758	Aspect#Imp|Mood#Ind|Number#Sing|Person#3|Tense#Pres|VerbForm#Fin|Voice#Pass
005.SCG*LB4.CP-8++3.N.-3.10-3.13-4W14	oportebit	NO MATCH	lemma/115098	Aspect#Perf|Mood#Ind|Number#Plur|Person#1|Tense#Past|VerbForm#Fin|Voice#Act
005.SCG*LB3.CP-6++3.N.-3.39-1.42-2W23	fiunt	NO MATCH	lemma/102758	Mood#Ind|Number#Plur|Person#3|Tense#Pres|VerbForm#Fin|Voice#Pass
005.SCG*LB4.CP-4++0.N.-3.4-5.7-2W6	fiat	NO MATCH	lemma/102758	Aspect#Imp|Mood#Sub|Number#Sing|Person#3|Tense#Pres|VerbForm#Fin|Voice#Pass
005.SCG*LB1.CP-5++4.N.-4.6-6.9-7W11	disiunctim	NO MATCH	lemma/99695	Degree#Pos
005.SCG*LB3.CP-2++6.N.19.32-1.35-3W14	licet	NO MATCH	lemma/110432	Aspect#Imp|Mood#Ind|Number#Plur|Person#3|Tense#Pres|VerbForm#Fin|Voice#Act
005.SCG*LB4.CP-5++0.N.-3.7-6.10-6W13	oportet	NO MATCH	lemma/115098	Mood#Sub|Number#Sing|Person#3|Tense#Pres|VerbForm#Fin|Voice#Act
005.SCG*LB2.CP-2++0.N.-3.12-2.13-6W3	fit	NO MATCH	lemma/102758	Mood#Ind|Number#Sing|Person#3|Tense#Pres|VerbForm#Fin|Voice#Pass
005.SCG*LB3.CP-9++4.N.-3.6-3.8-4W1	oportet	NO MATCH	lemma/115098	Mood#Ind|Number#Sing|Person#3|Tense#Pres|VerbForm#Fin|Voice#Pass
005.SCG*LB3.CP10++2.N.-5.31-5.34-3W6	fieri	NO MATCH	lemma/102758	Tense#Pres|VerbForm#Inf|Voice#Pass
005.SCG*LB1.CP-8++9.N.-3.1-2.5-1W10	puta	NO MATCH	lemma/120610	
005.SCG*LB2.CP-8++8.N.-4.7-5.9-4W1	oportet	NO MATCH	lemma/115098	Mood#Ind|Number#Plur|Person#3|Tense#Pres|VerbForm#Fin|Voice#Act
005.SCG*LB2.CP-2++8.N.15.8-1.11-1W5	conditionatum	NO MATCH	lemma/43331	Aspect#Imp|Mood#Sub|Number#Plur|Person#3|Tense#Imp|VerbForm#Fin|Voice#Pass
005.SCG*LB1.CP-1++3.N.32.1-1.4-1W17	oportet	NO MATCH	lemma/115098	Aspect#Perf|Mood#Ind|Number#Sing|Person#3|Tense#Past|VerbForm#Fin|Voice#Act
005.SCG*LB1.CP-6++6.N.-3.4-4.6-2W11	artificiata	NO MATCH	lemma/131268	Aspect#Perf|Mood#Ind|Number#Sing|Person#3|Tense#Past|VerbForm#Fin|Voice#Act
005.SCG*LB2.CP-2++1.N.-6.6-1.8-3W2	oportet	NO MATCH	lemma/115098	Aspect#Perf|Case#Nom|Degree#Pos|Gender#Neut|Number#Sing|Tense#Past|VerbForm#Part|Voice#Pass
005.SCG*LB2.CP-2++1.N.-8.8-2.10-5W18	individuatur	NO MATCH	lemma/59198	Mood#Ind|Number#Sing|Person#3|Tense#Pres|VerbForm#Fin|Voice#Act
005.SCG*LB3.CP14++0.N.-3.4-3.8-2W9	sortiuntur	NO MATCH	lemma/125211	Aspect#Imp|Mood#Ind|Number#Plur|Person#3|Tense#Pres|VerbForm#Fin|Voice#Act
005.SCG*LB4.CP-1++0.N.10.10-7.14-4W22	operari	NO MATCH	lemma/115028	Aspect#Imp|Mood#Ind|Number#Plur|Person#3|Tense#Pres|VerbForm#Fin|Voice#Act
005.SCG*LB4.CP-7++2.N.15.4-5.8-1W16	mentiuntur	NO MATCH	lemma/112072	Aspect#Imp|Mood#Ind|Number#Sing|Person#3|Tense#Pres|VerbForm#Fin|Voice#Act
005.SCG*LB3.CP--++2.N.10.1-1.4-5W12	fieri	NO MATCH	lemma/102758	Tense#Pres|VerbForm#Inf|Voice#Pass
005.SCG*LB4.CP--++8.N.-8.16-1.18-3W12	mortuus	NO MATCH	lemma/112796	Mood#Ind|Number#Sing|Person#3|Tense#Pres|VerbForm#Fin|Voice#Pass
005.SCG*LB4.CP-7++9.N.10.15-1.16-3W6	oportet	NO MATCH	lemma/115098	Mood#Ind|Number#Sing|Person#3|Tense#Pres|VerbForm#Fin|Voice#Pass
005.SCG*LB3.CP10++9.N.-9.28-2.32-1W3	fieri	NO MATCH	lemma/102758	Tense#Pres|VerbForm#Inf|Voice#Pass
005.SCG*LB3.CP15++4.N.16.10-1.13-1W8	fit	NO MATCH	lemma/102758	Mood#Ind|Number#Sing|Person#3|Tense#Pres|VerbForm#Fin|Voice#Pass
005.SCG*LB4.CP-3++4.N.-3.17-1.21-1W28	diversificant	NO MATCH	lemma/47852	Mood#Sub|Number#Sing|Person#3|Tense#Pres|VerbForm#Fin|Voice#Act
005.SCG*LB4.CP-9++0.N.-3.1-1.6-6W6	patiantur	NO MATCH	lemma/116222	Mood#Sub|Number#Sing|Person#3|Tense#Pres|VerbForm#Fin|Voice#Act
005.SCG*LB4.CP-2++1.N.-4.9-6.12-4W10	convenienter	NO MATCH	lemma/96424	Degree#Pos
005.SCG*LB1.CP10++0.N.-4.11-1.14-3W9	actum	NO MATCH	lemma/88140	Case#Nom|Degree#Pos|Gender#Neut|Number#Sing|Tense#Pres|VerbForm#Part|Voice#Pass
005.SCG*LB1.CP-6++7.N.-7.7-5.9-5W10	contingenter	NO MATCH	lemma/96293	Degree#Pos
005.SCG*LB1.CP-4++7.N.-2.7-1.9-2W4	fit	NO MATCH	lemma/102758	Mood#Ind|Number#Sing|Person#3|Tense#Pres|VerbForm#Fin|Voice#Pass
005.SCG*LB4.CP-5++5.N.11.1-1.4-4W14	oportuit	NO MATCH	lemma/115098	Mood#Ind|Number#Sing|Person#3|Tense#Pres|VerbForm#Fin|Voice#Pass
005.SCG*LB1.CP-4++2.N.11.21-7.22-5W8	necesse-esse	NO MATCH	lemma/126689	Tense#Pres|VerbForm#Inf|Voice#Act
005.SCG*LB1.CP-2++1.N.-4.5-4.9-1W23	individuatur	NO MATCH	lemma/59198	Tense#Pres|VerbForm#Inf|Voice#Act
005.SCG*LB1.CP-4++8.N.-3.5-4.9-1W13	oportet	NO MATCH	lemma/115098	Mood#Ind|Number#Sing|Person#3|Tense#Pres|VerbForm#Fin|VerbType#Mod|Voice#Act
005.SCG*LB2.CP-3++2.N.-6.16-5.21-6W15	fiat	NO MATCH	lemma/102758	Mood#Sub|Number#Sing|Person#3|Tense#Pres|VerbForm#Fin|Voice#Pass
005.SCG*LB3.CP14++3.N.-4.4-5.6-2W10	convenienter	NO MATCH	lemma/96424	Degree#Pos
005.SCG*LB1.CP-8++3.N.-3.5-4.8-1W15	volitum	NO MATCH	lemma/130745	Aspect#Perf|Case#Acc|Degree#Pos|Gender#Neut|Number#Sing|Tense#Past|VerbForm#Part|VerbType#Mod|Voice#Pass
005.SCG*LB2.CP-8++9.N.-9.15-5.17-1W9	consequentes	NO MATCH	lemma/96035	Case#Nom|Degree#Pos|Gender#Fem|Number#Plur|Tense#Pres|VerbForm#Part|Voice#Pass
005.SCG*LB1.CP-2++8.N.-9.22-1.26-2W11	fiendo	NO MATCH	lemma/102758	Case#Abl|Degree#Pos|Number#Sing|VerbForm#Ger|Voice#Pass
005.SCG*LB4.CP-5++0.N.-5.3-5.6-1W13	imitantur	NO MATCH	lemma/106364	Aspect#Imp|Mood#Ind|Number#Plur|Person#3|Tense#Pres|VerbForm#Fin|Voice#Pass
005.SCG*LB4.CP-5++5.N.11.63-5.68-3W22	praenuntiatus	NO MATCH	lemma/131405	Mood#Ind|Number#Sing|Person#3|Tense#Pres|VerbForm#Fin|Voice#Act
005.SCG*LB4.CP-1++1.N.14.9-2.13-4W23	exemplatum	NO MATCH	lemma/101974	Aspect#Perf|Case#Acc|Degree#Pos|Gender#Neut|Number#Sing|Tense#Past|VerbForm#Part|Voice#Pass
005.SCG*LB4.CP-6++3.N.-8.1-1.6-4W24	fiat	NO MATCH	lemma/102758	Aspect#Imp|Mood#Sub|Number#Sing|Person#3|Tense#Pres|VerbForm#Fin|Voice#Pass
005.SCG*LB2.CP-7++8.N.11.9-4.10-8W5	fit	NO MATCH	lemma/102758	Mood#Ind|Number#Sing|Person#3|Tense#Pres|VerbForm#Fin|Voice#Pass
005.SCG*LB2.CP-6++8.N.-9.1-1.7-5W15	operata	NO MATCH	lemma/115028	Aspect#Perf|Case#Nom|Degree#Pos|Gender#Neut|Number#Sing|Tense#Past|VerbForm#Part|Voice#Pass
005.SCG*LB3.CP-9++9.N.-2.12-4.15-5W21	proportionatum	NO MATCH	lemma/131413	Mood#Ind|Number#Sing|Person#3|Tense#Pres|VerbForm#Fin|Voice#Act
005.SCG*LB2.CP-4++7.N.-4.4-3.6-1W1	oportet	NO MATCH	lemma/115098	Mood#Sub|Number#Sing|Person#3|Tense#Pres|VerbForm#Fin|VerbType#Mod|Voice#Act
005.SCG*LB4.CP-1++7.N.19.4-3.7-2W6	fiunt	NO MATCH	lemma/102758	Aspect#Imp|Mood#Ind|Number#Plur|Person#3|Tense#Pres|VerbForm#Fin|Voice#Pass
005.SCG*LB3.CP-2++3.N.-7.7-1.10-1W20	orientem	NO MATCH	lemma/115264	Case#Acc|Degree#Pos|Gender#Masc|Number#Sing|Tense#Pres|VerbForm#Part|Voice#Pass
005.SCG*LB1.CP-9++2.N.-1.1-1.3-1W1	consequens	NO MATCH	lemma/96035	Case#Nom|Degree#Pos|Gender#Neut|Number#Sing|Tense#Pres|VerbForm#Part|Voice#Pass
005.SCG*LB2.CP-6++0.N.-2.25-5.29-1W17	sortiatur	NO MATCH	lemma/125211	Tense#Pres|VerbForm#Inf|Voice#Pass
005.SCG*LB3.CP10++5.N.-4.1-1.11-1W15	sortiuntur	NO MATCH	lemma/125211	Case#Abl|Degree#Pos|Number#Sing|VerbForm#Ger|Voice#Act
005.SCG*LB3.CP-6++2.N.10.10-1.13-2W14	fiat	NO MATCH	lemma/102758	Mood#Sub|Number#Sing|Person#3|Tense#Pres|VerbForm#Fin|Voice#Pass
005.SCG*LB2.CP-5++5.N.-8.2-2.3-5W2	oportet	NO MATCH	lemma/115098	Mood#Ind|Number#Sing|Person#3|Tense#Pres|VerbForm#Fin|Voice#Act
005.SCG*LB3.CP13++2.N.-7.8-1.11-3W17	oportet	NO MATCH	lemma/115098	Mood#Ind|Number#Sing|Person#3|Tense#Pres|VerbForm#Fin|Voice#Pass
005.SCG*LB4.CP--++4.N.13.1-2.5-7W28	loqui	NO MATCH	lemma/110805	Mood#Ind|Number#Sing|Person#3|Tense#Pres|VerbForm#Fin|Voice#Pass
005.SCG*LB4.CP-8++3.N.20.8-2.10-4W16	incoepit	NO MATCH	lemma/106965	Aspect#Perf|Mood#Ind|Number#Sing|Person#3|Tense#Past|VerbForm#Fin|Voice#Act
005.SCG*LB3.CP14++1.N.-9.9-4.15-1W32	volitum	NO MATCH	lemma/130745	Aspect#Perf|Case#Nom|Degree#Pos|Gender#Neut|Number#Sing|Tense#Past|VerbForm#Part|VerbType#Mod|Voice#Pass
005.SCG*LB4.CP-7++9.N.-4.8-4.12-1W4	mortuorum	NO MATCH	lemma/112796	Mood#Ind|Number#Sing|Person#3|Tense#Pres|VerbForm#Fin|Voice#Act
005.SCG*LB4.CP-7++5.N.-2.1-1.7-5W22	oportet	NO MATCH	lemma/115098	Mood#Sub|Number#Sing|Person#3|Tense#Pres|VerbForm#Fin|Voice#Act
005.SCG*LB3.CP-1++0.N.-7.9-4.11-1W12	patiatur	NO MATCH	lemma/116222	Mood#Sub|Number#Sing|Person#3|Tense#Pres|VerbForm#Fin|Voice#Act
005.SCG*LB4.CP-5++4.N.-7.2-6.4-2W1	oportet	NO MATCH	lemma/115098	Tense#Pres|VerbForm#Inf|Voice#Pass
005.SCG*LB3.CP-2++6.N.10.1-2.5-3W12	oportet	NO MATCH	lemma/115098	Mood#Ind|Number#Plur|Person#3|Tense#Pres|VerbForm#Fin|Voice#Act
005.SCG*LB3.CP-4++3.N.10.15-3.19-2W17	fiat	NO MATCH	lemma/102758	Mood#Sub|Number#Sing|Person#3|Tense#Pres|VerbForm#Fin|Voice#Pass
005.SCG*LB3.CP13++2.N.23.9-1.12-2W1	oportet	NO MATCH	lemma/115098	Mood#Sub|Number#Sing|Person#3|Tense#Pres|VerbForm#Fin|Voice#Pass
005.SCG*LB2.CP-1++9.N.-7.6-1.7-3W2	oportet	NO MATCH	lemma/115098	Aspect#Imp|Mood#Sub|Number#Plur|Person#3|Tense#Pres|VerbForm#Fin|Voice#Pass
005.SCG*LB2.CP-5++4.N.-2.1-1.4-6W22	opinabantur	NO MATCH	lemma/115070	Aspect#Perf|Case#Acc|Degree#Pos|Gender#Neut|Number#Sing|Tense#Past|VerbForm#Part|Voice#Pass
005.SCG*LB4.CP-3++4.N.25.26-2.28-6W1	licet	NO MATCH	lemma/110432	Aspect#Perf|Case#Nom|Degree#Pos|Gender#Neut|Number#Plur|Tense#Past|VerbForm#Part|Voice#Pass
005.SCG*LB4.CP-5++5.N.27.1-1.7-4W21	consequentes	NO MATCH	lemma/96035	Aspect#Imp|Case#Nom|Degree#Pos|Gender#Fem|Number#Plur|Tense#Pres|VerbForm#Part|Voice#Pass
005.SCG*LB1.CP-4++2.N.10.5-2.7-4W13	loquentium	NO MATCH	lemma/110805	Aspect#Imp|Mood#Sub|Number#Plur|Person#3|Tense#Imp|VerbForm#Fin|Voice#Act
005.SCG*LB3.CP14++6.N.-8.4-3.5-1W3	patieris	NO MATCH	lemma/116222	Aspect#Imp|Case#Nom|Degree#Pos|Gender#Fem|Number#Sing|Tense#Pres|VerbForm#Part|Voice#Act
005.SCG*LB2.CP--++1.N.--.1-1.2-1W2	sequentium	NO MATCH	lemma/124461	Case#Gen|Degree#Pos|Gender#Neut|Number#Plur|Tense#Pres|VerbForm#Part|Voice#Pass
005.SCG*LB2.CP-2++1.N.-4.18-6.19-5W5	fit	NO MATCH	lemma/102758	Mood#Ind|Number#Sing|Person#3|Tense#Pres|VerbForm#Fin|Voice#Pass
005.SCG*LB1.CP-4++2.N.-7.13-2.17-1W13	oportet	NO MATCH	lemma/115098	Case#Nom|Degree#Pos|Gender#Masc|Number#Sing|Tense#Pres|VerbForm#Part|Voice#Act
005.SCG*LB2.CP-7++2.N.-3.11-6.13-1W3	mortui	NO MATCH	lemma/112796	Mood#Ind|Number#Sing|Person#3|Tense#Pres|VerbForm#Fin|VerbType#Mod|Voice#Act
005.SCG*LB4.CP-8++9.N.-3.12-1.15-3W14	patientur	NO MATCH	lemma/116222	Case#Abl|Degree#Pos|Number#Sing|VerbForm#Ger|Voice#Act
005.SCG*LB1.CP-1++0.N.-6.7-4.8-8W1	oportet	NO MATCH	lemma/115098	Mood#Sub|Number#Sing|Person#3|Tense#Pres|VerbForm#Fin|Voice#Pass
005.SCG*LB4.CP-5++5.N.16.31-1.32-6W10	moriente	NO MATCH	lemma/112796	Case#Acc|Degree#Pos|Gender#Neut|Number#Plur|VerbForm#Gdv|Voice#Pass
005.SCG*LB2.CP-7++5.N.-2.21-1.23-1W1	oportet	NO MATCH	lemma/115098	Aspect#Perf|Mood#Ind|Number#Sing|Person#3|Tense#Past|VerbForm#Fin|Voice#Act
005.SCG*LB2.CP-8++3.N.16.7-7.11-3W11	patitur	NO MATCH	lemma/116222	Mood#Ind|Number#Plur|Person#1|Tense#Pres|VerbForm#Fin|Voice#Act
005.SCG*LB3.CP-6++6.N.-3.13-2.17-6W17	oportet	NO MATCH	lemma/115098	Mood#Ind|Number#Plur|Person#3|Tense#Pres|VerbForm#Fin|Voice#Act
005.SCG*LB2.CP-3++9.N.-9.1-1.4-5W18	fiebant	NO MATCH	lemma/102758	Aspect#Imp|Mood#Ind|Number#Plur|Person#3|Tense#Imp|VerbForm#Fin|Voice#Pass
005.SCG*LB3.CP-1++5.N.-2.1-1.4-3W4	oportet	NO MATCH	lemma/115098	Aspect#Perf|Case#Nom|Degree#Pos|Gender#Fem|Number#Sing|Tense#Past|VerbForm#Part|Voice#Pass
005.SCG*LB4.CP-1++2.N.-3.10-2.13-1W9	sapienter	NO MATCH	lemma/78320	Degree#Pos
005.SCG*LB2.CP-9++2.N.-6.5-1.11-4W19	proportionatum	NO MATCH	lemma/131413	Degree#Pos
005.SCG*LB3.CP14++9.N.-6.4-4.10-3W40	operanti	NO MATCH	lemma/115028	Case#Acc|Degree#Pos|Number#Sing|VerbForm#Ger|Voice#Act
005.SCG*LB3.CP15++3.N.-2.10-1.12-4W11	fit	NO MATCH	lemma/102758	Mood#Ind|Number#Sing|Person#3|Tense#Pres|VerbForm#Fin|Voice#Pass
005.SCG*LB4.CP-1++0.N.-8.8-1.9-7W1	oportet	NO MATCH	lemma/115098	Mood#Ind|Number#Sing|Person#3|Tense#Pres|VerbForm#Fin|Voice#Act
005.SCG*LB4.CP-1++1.N.14.9-2.13-4W19	artificiatum	NO MATCH	lemma/131268	Aspect#Perf|Case#Nom|Degree#Pos|Gender#Fem|Number#Sing|Tense#Past|VerbForm#Part|Voice#Pass
005.SCG*LB3.CP-8++0.N.10.1-1.2-6W6	oportet	NO MATCH	lemma/115098	Mood#Ind|Number#Plur|Person#3|Tense#Pres|VerbForm#Fin|Voice#Act
005.SCG*LB2.CP-1++6.N.11.13-5.15-5W2	oportet	NO MATCH	lemma/115098	Aspect#Perf|Case#Acc|Degree#Pos|Gender#Neut|Number#Sing|Tense#Past|VerbForm#Part|Voice#Pass
005.SCG*LB2.CP-2++8.N.16.13-1.15-2W9	operatur	NO MATCH	lemma/115028	Case#Acc|Degree#Pos|Number#Sing|VerbForm#Ger|Voice#Act
005.SCG*LB1.CP-6++5.N.-5.7-1.9-3W2	oportet	NO MATCH	lemma/115098	Mood#Ind|Number#Sing|Person#3|Tense#Pres|VerbForm#Fin|Voice#Act
005.SCG*LB3.CP13++0.N.-4.13-4.15-4W9	mercandam	NO MATCH	lemma/112102	Mood#Ind|Number#Plur|Person#3|Tense#Pres|VerbForm#Fin|Voice#Act
005.SCG*LB3.CP-7++0.N.-5.15-3.18-1W1	oportet	NO MATCH	lemma/115098	Aspect#Perf|Case#Acc|Degree#Pos|Number#Sing|VerbForm#Ger|Voice#Act
005.SCG*LB3.CP15++6.N.-3.9-5.13-4W8	subiecto	NO MATCH	lemma/126114	Case#Abl|Degree#Pos|Gender#Neut|Number#Sing
005.SCG*LB3.CP15++4.N.-1.11-6.17-8W27	oportuit	NO MATCH	lemma/115098	Tense#Pres|VerbForm#Inf|Voice#Act
005.SCG*LB3.CP15++4.N.14.42-1.45-2W18	praenuntiando	NO MATCH	lemma/131405	Tense#Pres|VerbForm#Inf|Voice#Act
005.SCG*LB2.CP-8++2.N.18.5-4.8-1W15	fiunt	NO MATCH	lemma/102758	Mood#Ind|Number#Plur|Person#3|Tense#Pres|VerbForm#Fin|Voice#Pass
005.SCG*LB3.CP-5++9.N.-6.13-1.17-4W24	fiebant	NO MATCH	lemma/102758	Aspect#Imp|Mood#Ind|Number#Plur|Person#3|Tense#Imp|VerbForm#Fin|Voice#Pass
005.SCG*LB3.CP14++6.N.-8.18-3.20-2W11	fieri	NO MATCH	lemma/102758	Tense#Pres|VerbForm#Inf|Voice#Pass
005.SCG*LB3.CP15++1.N.-3.1-2.3-3W7	oportet	NO MATCH	lemma/115098	Mood#Ind|Number#Plur|Person#3|Tense#Pres|VerbForm#Fin|Voice#Act
005.SCG*LB3.CP-8++5.N.-6.1-2.2-4W8	recte	NO MATCH	lemma/122542	Degree#Pos
005.SCG*LB2.CP-9++6.N.-9.10-7.14-1W18	operatur	NO MATCH	lemma/115028	Aspect#Perf|Case#Acc|Degree#Pos|Gender#Fem|Number#Plur|Tense#Past|VerbForm#Part|Voice#Pass
005.SCG*LB2.CP--++1.N.-2.5-5.7-4W12	sortitur	NO MATCH	lemma/125211	Mood#Ind|Number#Plur|Person#3|Tense#Pres|VerbForm#Fin|Voice#Act
005.SCG*LB2.CP-9++0.N.-4.17-6.19-2W3	oportet	NO MATCH	lemma/115098	Mood#Ind|Number#Plur|Person#3|Tense#Pres|VerbForm#Fin|Voice#Act
005.SCG*LB4.CP--++7.N.-8.6-3.7-4W1	oportet	NO MATCH	lemma/115098	Aspect#Perf|Case#Nom|Degree#Pos|Gender#Fem|Number#Sing|Tense#Past|VerbForm#Part|Voice#Pass
005.SCG*LB3.CP-2++6.N.15.17-3.18-6W10	concomitans	NO MATCH	lemma/95553	Case#Nom|Degree#Pos|Gender#Masc|Number#Sing|Tense#Pres|VerbForm#Part|Voice#Pass
005.SCG*LB3.CP12++2.N.-4.8-3.11-4W27	sortiatur	NO MATCH	lemma/125211	Aspect#Perf|Case#Nom|Degree#Pos|Gender#Fem|Number#Sing|Tense#Past|VerbForm#Part|Voice#Pass
005.SCG*LB2.CP-3++8.N.-9.7-1.9-4W21	orientis	NO MATCH	lemma/115264	Case#Gen|Degree#Pos|Gender#Masc|Number#Sing|Tense#Pres|VerbForm#Part|Voice#Pass
005.SCG*LB2.CP-6++9.N.-5.9-2.14-4W10	oportet	NO MATCH	lemma/115098	Mood#Ind|Number#Sing|Person#3|Tense#Pres|VerbForm#Fin|Voice#Act
005.SCG*LB3.CP-9++5.N.20.26-1.28-5W4	complectentem	NO MATCH	lemma/95338	Mood#Ind|Number#Sing|Person#3|Tense#Pres|VerbForm#Fin|Voice#Act
005.SCG*LB2.CP-1++5.N.-2.23-1.26-7W26	essendi	NO MATCH	lemma/126689	Case#Gen|Degree#Pos|Number#Sing|VerbForm#Ger|Voice#Act
005.SCG*LB4.CP-8++2.N.-9.9-7.12-1W17	moriantur	NO MATCH	lemma/112796	Mood#Ind|Number#Sing|Person#3|Tense#Fut|VerbForm#Fin|Voice#Pass
005.SCG*LB2.CP-5++7.N.14.5-3.6-5W5	fit	NO MATCH	lemma/102758	Mood#Ind|Number#Sing|Person#3|Tense#Pres|VerbForm#Fin|Voice#Pass
005.SCG*LB3.CP13++8.N.-8.8-6.13-2W11	intensius	NO MATCH	lemma/108382	Degree#Cmp
005.SCG*LB2.CP-1++6.N.-2.5-1.10-2W37	praesupponit	NO MATCH	lemma/131408	Mood#Ind|Number#Sing|Person#3|Tense#Pres|VerbForm#Fin|Voice#Act
005.SCG*LB1.CP-4++2.N.11.19-5.21-6W4	necesse-esse	NO MATCH	lemma/126689	Tense#Pres|VerbForm#Inf|Voice#Act
005.SCG*LB3.CP15++4.N.-7.15-1.19-3W24	loquerentur	NO MATCH	lemma/110805	Tense#Pres|VerbForm#Inf|Voice#Act
005.SCG*LB2.CP-8++2.N.13.5-3.7-5W4	oportet	NO MATCH	lemma/115098	Mood#Ind|Number#Sing|Person#3|Tense#Pres|VerbForm#Fin|Voice#Act
005.SCG*LB2.CP-3++5.N.-6.9-6.17-3W51	sequenti	NO MATCH	lemma/124461	Case#Abl|Degree#Pos|Gender#Neut|Number#Sing|Tense#Pres|VerbForm#Part|Voice#Pass
005.SCG*LB4.CP-6++1.N.-4.1-1.6-5W23	separatim	NO MATCH	lemma/124369	Degree#Pos
005.SCG*LB1.CP-6++6.N.-7.8-4.15-1W44	coexistit	NO MATCH	lemma/94708	Mood#Ind|Number#Sing|Person#3|Tense#Pres|VerbForm#Fin|Voice#Act
005.SCG*LB3.CP13++6.N.12.4-6.9-2W27	metitur	NO MATCH	lemma/112232	Case#Nom|Degree#Pos|Gender#Neut|Number#Sing|Tense#Pres|VerbForm#Part|Voice#Act
005.SCG*LB4.CP-9++1.N.10.16-1.17-2W2	expressius	NO MATCH	lemma/102229	Degree#Cmp
005.SCG*LB3.CP15++1.N.-6.1-2.3-3W10	operetur	NO MATCH	lemma/115028	Aspect#Imp|Mood#Sub|Number#Sing|Person#3|Tense#Imp|VerbForm#Fin|Voice#Act
005.SCG*LB1.CP-7++9.N.-7.6-5.8-3W7	consequens	NO MATCH	lemma/96035	Case#Nom|Degree#Pos|Gender#Fem|Number#Sing|Tense#Pres|VerbForm#Part|Voice#Pass
005.SCG*LB3.CP15++6.N.-3.1-2.4-1W7	subiecto	NO MATCH	lemma/126114	Case#Abl|Degree#Pos|Gender#Neut|Number#Sing
005.SCG*LB2.CP-1++5.N.-8.5-2.7-7W6	essendi	NO MATCH	lemma/126689	Case#Gen|Degree#Pos|Number#Sing|VerbForm#Ger|Voice#Act
005.SCG*LB2.CP-6++0.N.-2.16-6.20-1W2	oportet	NO MATCH	lemma/115098	Aspect#Imp|Tense#Pres|VerbForm#Inf|Voice#Act
005.SCG*LB3.CP-9++4.N.15.1-1.8-2W29	operetur	NO MATCH	lemma/115028	Aspect#Imp|Mood#Ind|Number#Sing|Person#3|Tense#Pres|VerbForm#Fin|Voice#Pass
005.SCG*LB2.CP-2++0.N.-6.3-4.6-1W16	fiunt	NO MATCH	lemma/102758	Mood#Ind|Number#Plur|Person#3|Tense#Pres|VerbForm#Fin|Voice#Pass
005.SCG*LB3.CP-9++5.N.20.22-1.25-4W26	secuturus	NO MATCH	lemma/124461	Case#Nom|Degree#Pos|Gender#Masc|Number#Sing|Tense#Fut|VerbForm#Part|Voice#Pass
005.SCG*LB2.CP-8++3.N.31.40-2.41-4W1	oportet	NO MATCH	lemma/115098	Mood#Sub|Number#Sing|Person#3|Tense#Pres|VerbForm#Fin|Voice#Act
005.SCG*LB3.CP11++3.N.-3.12-1.14-5W1	oportet	NO MATCH	lemma/115098	Mood#Sub|Number#Sing|Person#3|Tense#Pres|VerbForm#Fin|Voice#Act
005.SCG*LB2.CP-4++1.N.-6.7-6.9-6W8	oportet	NO MATCH	lemma/115098	Aspect#Imp|Mood#Sub|Number#Plur|Person#3|Tense#Pres|VerbForm#Fin|Voice#Pass
005.SCG*LB3.CP13++5.N.25.1-1.3-3W13	sectantur	NO MATCH	lemma/123964	Case#Gen|Degree#Pos|Number#Sing|VerbForm#Ger|Voice#Act
005.SCG*LB2.CP-7++5.N.10.13-1.16-1W16	oportet	NO MATCH	lemma/115098	Aspect#Imp|Mood#Ind|Number#Plur|Person#1|Tense#Pres|VerbForm#Fin|Voice#Act
005.SCG*LB2.CP-2++1.N.-4.11-6.14-2W7	essendi	NO MATCH	lemma/126689	Case#Gen|Degree#Pos|Number#Sing|VerbForm#Ger|Voice#Act
005.SCG*LB2.CP-7++6.N.-9.3-2.10-1W5	fit	NO MATCH	lemma/102758	Mood#Ind|Number#Sing|Person#3|Tense#Pres|VerbForm#Fin|Voice#Pass
005.SCG*LB2.CP-3++9.N.-4.7-7.12-4W1	oportet	NO MATCH	lemma/115098	Aspect#Perf|Case#Nom|Degree#Pos|Gender#Masc|Number#Sing|Tense#Past|VerbForm#Part|Voice#Pass
005.SCG*LB3.CP15++8.N.-3.1-2.3-1W13	diligentius	NO MATCH	lemma/99463	Degree#Cmp
005.SCG*LB4.CP-5++0.N.-9.10-4.13-3W1	oportet	NO MATCH	lemma/115098	Mood#Ind|Number#Plur|Person#3|Tense#Pres|VerbForm#Fin|Voice#Act
005.SCG*LB3.CP-9++5.N.-2.6-1.12-5W31	consequens	NO MATCH	lemma/96035	Case#Nom|Degree#Pos|Gender#Neut|Number#Sing|Tense#Pres|VerbForm#Part|Voice#Pass
005.SCG*LB1.CP-2++0.N.23.1-1.4-2W14	oportet	NO MATCH	lemma/115098	Mood#Ind|Number#Plur|Person#3|Tense#Pres|VerbForm#Fin|Voice#Act
005.SCG*LB4.CP-4++1.N.12.22-1.27-1W10	operetur	NO MATCH	lemma/115028	Mood#Ind|Number#Plur|Person#3|Tense#Pres|VerbForm#Fin|Voice#Pass
005.SCG*LB4.CP-9++7.N.-7.6-2.8-2W1	oportebit	NO MATCH	lemma/115098	Tense#Pres|VerbForm#Inf|Voice#Act
005.SCG*LB2.CP-5++9.N.15.15-5.16-3W3	consequens	NO MATCH	lemma/96035	Case#Acc|Degree#Pos|Gender#Neut|Number#Sing|Tense#Pres|VerbForm#Part|Voice#Pass
005.SCG*LB2.CP-3++8.N.-6.1-2.4-3W17	oportet	NO MATCH	lemma/115098	Mood#Ind|Number#Sing|Person#3|Tense#Pres|VerbForm#Fin|Voice#Act
005.SCG*LB3.CP12++7.N.-4.15-1.20-4W19	puta	NO MATCH	lemma/120610	
005.SCG*LB2.CP-5++9.N.16.8-2.10-5W1	fit	NO MATCH	lemma/102758	Mood#Ind|Number#Sing|Person#3|Tense#Pres|VerbForm#Fin|Voice#Pass
005.SCG*LB4.CP-8++6.N.-1.16-4.19-2W13	subiicietur	NO MATCH	lemma/126114	Aspect#Imp|Mood#Ind|Number#Sing|Person#3|Tense#Fut|VerbForm#Fin|Voice#Pass
005.SCG*LB2.CP10++0.N.-4.20-1.23-1W10	licet	NO MATCH	lemma/110432	Aspect#Imp|Mood#Ind|Number#Sing|Person#3|Tense#Pres|VerbForm#Fin|Voice#Pass
005.SCG*LB3.CP-9++5.N.21.25-4.27-4W12	irascentis	NO MATCH	lemma/108954	Mood#Ind|Number#Sing|Person#3|Tense#Pres|VerbForm#Fin|Voice#Act
005.SCG*LB3.CP-6++3.N.-3.18-1.20-1W13	fiunt	NO MATCH	lemma/102758	Mood#Ind|Number#Plur|Person#3|Tense#Pres|VerbForm#Fin|Voice#Pass
005.SCG*LB2.CP-1++5.N.-6.6-1.9-2W10	oportet	NO MATCH	lemma/115098	Aspect#Imp|Case#Nom|Degree#Pos|Gender#Masc|Number#Sing|Tense#Pres|VerbForm#Part|Voice#Act
005.SCG*LB3.CP13++4.N.-6.9-5.12-5W6	abiicienda	NO MATCH	lemma/86884	Case#Nom|Degree#Pos|Gender#Fem|Number#Sing|VerbForm#Gdv|Voice#Pass
005.SCG*LB2.CP-9++2.N.-3.10-1.17-3W43	operantur	NO MATCH	lemma/115028	Aspect#Imp|Tense#Pres|VerbForm#Inf|Voice#Act
005.SCG*LB4.CP-2++6.N.-2.22-1.23-4W3	oportet	NO MATCH	lemma/115098	Case#Abl|Degree#Pos|Gender#Neut|Number#Plur|Tense#Pres|VerbForm#Part|Voice#Act
005.SCG*LB2.CP-7++8.N.-8.37-5.39-3W7	patiens	NO MATCH	lemma/116222	Case#Abl|Degree#Pos|Gender#Neut|Number#Plur|Tense#Pres|VerbForm#Part|Voice#Act
005.SCG*LB2.CP-9++7.N.-6.1-2.3-6W4	operatur	NO MATCH	lemma/115028	Mood#Sub|Number#Sing|Person#3|Tense#Pres|VerbForm#Fin|Voice#Act
005.SCG*LB1.CP-2++6.N.-5.1-2.7-1W39	specificantibus	NO MATCH	lemma/81610	Aspect#Imp|Tense#Pres|VerbForm#Inf|Voice#Pass
005.SCG*LB2.CP-9++8.N.14.1-1.6-4W17	oportet	NO MATCH	lemma/115098	Aspect#Perf|Case#Nom|Degree#Pos|Gender#Fem|Number#Sing|Tense#Past|VerbForm#Part|Voice#Pass
005.SCG*LB3.CP10++2.N.-3.13-4.15-6W3	fit	NO MATCH	lemma/102758	Mood#Ind|Number#Sing|Person#3|Tense#Pres|VerbForm#Fin|Voice#Pass
005.SCG*LB2.CP-4++4.N.-4.2-7.5-2W9	praesupponit	NO MATCH	lemma/131408	Case#Abl|Degree#Pos|Gender#Masc|Number#Sing|Tense#Pres|VerbForm#Part|Voice#Act
005.SCG*LB2.CP-4++5.N.-3.1-2.4-2W3	fiunt	NO MATCH	lemma/102758	Mood#Ind|Number#Plur|Person#3|Tense#Pres|VerbForm#Fin|Voice#Pass
005.SCG*LB4.CP-6++3.N.-7.6-1.8-5W16	fiat	NO MATCH	lemma/102758	Aspect#Imp|Mood#Sub|Number#Sing|Person#3|Tense#Pres|VerbForm#Fin|Voice#Pass
005.SCG*LB1.CP-9++0.N.-3.3-1.5-6W10	volitum	NO MATCH	lemma/130745	Aspect#Perf|Case#Nom|Degree#Pos|Gender#Neut|Number#Sing|Tense#Past|VerbForm#Part|VerbType#Mod|Voice#Pass
005.SCG*LB2.CP-2++8.N.15.1-1.4-9W27	fieri	NO MATCH	lemma/102758	Tense#Pres|VerbForm#Inf|Voice#Pass
005.SCG*LB4.CP-3++4.N.29.2-5.5-8W8	loquens	NO MATCH	lemma/110805	Mood#Ind|Number#Sing|Person#3|Tense#Pres|VerbForm#Fin|VerbType#Mod|Voice#Act
005.SCG*LB4.CP-2++2.N.-2.6-7.9-3W10	consequens	NO MATCH	lemma/96035	Aspect#Imp|Case#Nom|Degree#Pos|Gender#Neut|Number#Sing|Tense#Pres|VerbForm#Part|Voice#Pass
005.SCG*LB2.CP-7++4.N.-5.1-1.4-5W3	diligenter	NO MATCH	lemma/99463	Degree#Pos
005.SCG*LB3.CP14++4.N.-1.1-1.2-6W1	oportet	NO MATCH	lemma/115098	Mood#Ind|Number#Sing|Person#3|Tense#Pres|VerbForm#Fin|Voice#Act
005.SCG*LB3.CP-6++4.N.-1.1-1.3-3W8	sufficienter	NO MATCH	lemma/126601	Degree#Pos
005.SCG*LB4.CP-1++9.N.-2.1-1.3-5W11	oportet	NO MATCH	lemma/115098	Mood#Sub|Number#Sing|Person#3|Tense#Pres|VerbForm#Fin|Voice#Act
005.SCG*LB4.CP-7++0.N.-8.6-4.6-6W3	expressius	NO MATCH	lemma/102229	Aspect#Perf|Case#Loc|Degree#Pos|Number#Sing|Tense#Past|VerbForm#Part|Voice#Pass
005.SCG*LB1.CP-5++5.N.-2.13-4.16-3W10	licet	NO MATCH	lemma/110432	Mood#Sub|Number#Sing|Person#3|Tense#Pres|VerbForm#Fin|Voice#Act
005.SCG*LB1.CP-9++3.N.12.31-1.36-1W29	complectitur	NO MATCH	lemma/95338	Tense#Pres|VerbForm#Inf|Voice#Act
005.SCG*LB2.CP-6++8.N.-9.1-1.7-5W26	operantur	NO MATCH	lemma/115028	Aspect#Perf|Mood#Ind|Number#Sing|Person#3|Tense#Past|VerbForm#Fin|Voice#Act
005.SCG*LB3.CP12++0.N.-1.23-1.28-3W38	opinabantur	NO MATCH	lemma/115070	Mood#Ind|Number#Sing|Person#3|Tense#Pres|VerbForm#Fin|VerbType#Mod|Voice#Act
005.SCG*LB3.CP14++5.N.-3.9-2.12-1W21	experiatur	NO MATCH	lemma/102164	Mood#Ind|Number#Sing|Person#3|Tense#Fut|VerbForm#Fin|Voice#Pass
005.SCG*LB3.CP-2++0.N.-2.1-1.4-4W18	imitetur	NO MATCH	lemma/106364	Mood#Ind|Number#Sing|Person#3|Tense#Pres|VerbForm#Fin|Voice#Act
005.SCG*LB3.CP--++1.N.-4.5-3.7-6W19	sortiatur	NO MATCH	lemma/125211	Tense#Pres|VerbForm#Inf|Voice#Act
005.SCG*LB3.CP14++0.N.-5.11-3.12-6W4	fit	NO MATCH	lemma/102758	Mood#Ind|Number#Sing|Person#3|Tense#Pres|VerbForm#Fin|Voice#Pass
005.SCG*LB4.CP--++5.N.-1.13-5.17-3W13	passum	NO MATCH	lemma/116222	Tense#Pres|VerbForm#Inf|Voice#Pass
005.SCG*LB4.CP-5++0.N.-6.7-4.8-5W1	imitantur	NO MATCH	lemma/106364	Mood#Sub|Number#Sing|Person#3|Tense#Pres|VerbForm#Fin|Voice#Act
005.SCG*LB3.CP--++1.N.-3.7-1.10-5W12	oportet	NO MATCH	lemma/115098	Case#Nom|Degree#Pos|Gender#Neut|Number#Sing|Tense#Pres|VerbForm#Part|Voice#Act
005.SCG*LB3.CP-2++5.N.-3.9-2.11-3W10	operata	NO MATCH	lemma/115028	Mood#Ind|Number#Sing|Person#3|Tense#Pres|VerbForm#Fin|Voice#Act
005.SCG*LB2.CP-2++8.N.-1.1-1.4-5W5	oportet	NO MATCH	lemma/115098	Aspect#Perf|Case#Nom|Degree#Pos|Gender#Masc|Number#Sing|Tense#Past|VerbForm#Part|Voice#Pass
005.SCG*LB2.CP-7++7.N.-5.23-3.24-4W2	oportuit	NO MATCH	lemma/115098	Aspect#Perf|Mood#Sub|Number#Sing|Person#3|Tense#Pqp|VerbForm#Fin|Voice#Act
005.SCG*LB3.CP-5++3.N.-3.6-2.11-2W7	fiat	NO MATCH	lemma/102758	Mood#Sub|Number#Sing|Person#3|Tense#Pres|VerbForm#Fin|Voice#Pass
005.SCG*LB4.CP-2++1.N.-4.21-6.22-1W2	loquitur	NO MATCH	lemma/110805	Mood#Ind|Number#Sing|Person#3|Tense#Fut|VerbForm#Fin|Voice#Act
005.SCG*LB1.CP-7++1.N.-6.11-3.12-1W3	consequens	NO MATCH	lemma/96035	Case#Acc|Degree#Pos|Gender#Neut|Number#Sing|Tense#Pres|VerbForm#Part|Voice#Pass
005.SCG*LB4.CP-3++7.N.11.5-3.7-3W7	oportet	NO MATCH	lemma/115098	Aspect#Perf|Case#Nom|Degree#Pos|Gender#Masc|Number#Sing|Tense#Past|VerbForm#Part|Voice#Pass
005.SCG*LB2.CP-8++3.N.25.58-1.60-6W19	convenientior	NO MATCH	lemma/96424	Case#Nom|Degree#Cmp|Gender#Fem|Number#Sing|Tense#Pres|VerbForm#Part|Voice#Act
005.SCG*LB3.CP10++0.N.-4.12-4.14-6W7	fit	NO MATCH	lemma/102758	Mood#Ind|Number#Sing|Person#3|Tense#Pres|VerbForm#Fin|Voice#Pass
005.SCG*LB3.CP10++6.N.-6.4-2.4-7W3	fit	NO MATCH	lemma/102758	Mood#Ind|Number#Sing|Person#3|Tense#Pres|VerbForm#Fin|Voice#Pass
005.SCG*LB2.CP-5++6.N.-5.15-5.16-9W11	patiuntur	NO MATCH	lemma/116222	Tense#Pres|VerbForm#Inf|Voice#Act
005.SCG*LB2.CP-3++5.N.-8.1-1.4-4W25	convenientius	NO MATCH	lemma/96424	Degree#Cmp
005.SCG*LB3.CP-5++6.N.-7.13-4.15-3W12	fieri	NO MATCH	lemma/102758	Tense#Pres|VerbForm#Inf|Voice#Pass
005.SCG*LB2.CP-8++2.N.-4.12-1.14-2W16	consequens	NO MATCH	lemma/96035	Case#Nom|Degree#Pos|Gender#Masc|Number#Sing|Tense#Pres|VerbForm#Part|Voice#Pass
005.SCG*LB2.CP-9++1.N.-8.5-3.7-3W1	oportet	NO MATCH	lemma/115098	Case#Acc|Degree#Pos|Gender#Neut|Number#Sing|VerbForm#Gdv|Voice#Pass
005.SCG*LB4.CP--++2.N.-2.1-1.4-1W17	contestans	NO MATCH	lemma/96276	Aspect#Imp|Case#Nom|Degree#Pos|Gender#Masc|Number#Sing|Tense#Pres|VerbForm#Part|Voice#Pass
005.SCG*LB3.CP-6++5.N.-5.18-3.20-2W5	fieri	NO MATCH	lemma/102758	Tense#Pres|VerbForm#Inf|Voice#Pass
005.SCG*LB2.CP-7++6.N.15.12-3.14-2W2	oportet	NO MATCH	lemma/115098	Mood#Ind|Number#Sing|Person#3|Tense#Pres|VerbForm#Fin|VerbType#Mod|Voice#Act
005.SCG*LB4.CP--++8.N.-6.30-9.34-8W34	operatur	NO MATCH	lemma/115028	Mood#Sub|Number#Sing|Person#3|Tense#Pres|VerbForm#Fin|Voice#Act
005.SCG*LB1.CP-4++3.N.10.7-3.9-4W1	oportet	NO MATCH	lemma/115098	Tense#Pres|VerbForm#Inf|Voice#Act
005.SCG*LB2.CP-4++3.N.-4.2-10.4-3W6	fieri	NO MATCH	lemma/102758	Tense#Pres|VerbForm#Inf|Voice#Pass
005.SCG*LB3.CP10++4.N.13.4-3.4-7W5	loquentur	NO MATCH	lemma/110805	Mood#Sub|Number#Sing|Person#3|Tense#Pres|VerbForm#Fin|Voice#Act
005.SCG*LB3.CP10++6.N.-1.1-1.3-3W15	fiunt	NO MATCH	lemma/102758	Mood#Ind|Number#Plur|Person#3|Tense#Pres|VerbForm#Fin|Voice#Pass
005.SCG*LB3.CP--++2.N.-9.16-1.21-1W4	fiunt	NO MATCH	lemma/102758	Mood#Ind|Number#Plur|Person#3|Tense#Pres|VerbForm#Fin|Voice#Pass
005.SCG*LB4.CP-1++1.N.19.18-3.21-3W6	distinctim	NO MATCH	lemma/99865	Degree#Pos
005.SCG*LB3.CP13++9.N.14.1-1.3-2W5	suffragari	NO MATCH	lemma/126631	Mood#Ind|Number#Plur|Person#3|Tense#Pres|VerbForm#Fin|Voice#Pass
005.SCG*LB2.CP-3++1.N.-2.6-1.7-7W8	oportet	NO MATCH	lemma/115098	Mood#Ind|Number#Sing|Person#3|Tense#Pres|VerbForm#Fin|Voice#Act
005.SCG*LB2.CP-8++7.N.-5.9-7.13-1W12	essendi	NO MATCH	lemma/126689	Case#Gen|Degree#Pos|Number#Sing|VerbForm#Ger|Voice#Act
005.SCG*LB3.CP-9++7.N.-3.27-5.29-4W6	diligenter	NO MATCH	lemma/99463	Degree#Pos
005.SCG*LB2.CP-8++2.N.17.25-1.25-7W5	separatim	NO MATCH	lemma/124369	Degree#Pos
005.SCG*LB3.CP15++0.N.-4.7-1.10-1W10	oportet	NO MATCH	lemma/115098	Aspect#Imp|Case#Nom|Degree#Pos|Gender#Masc|Number#Sing|Tense#Pres|VerbForm#Part|Voice#Act
005.SCG*LB3.CP--++1.N.-2.11-1.12-3W2	consequens	NO MATCH	lemma/96035	Case#Nom|Degree#Pos|Gender#Neut|Number#Sing|Tense#Pres|VerbForm#Part|Voice#Pass
005.SCG*LB4.CP-9++7.N.-4.12-4.15-4W6	licet	NO MATCH	lemma/110432	Aspect#Perf|Tense#Past|VerbForm#Inf|Voice#Act
005.SCG*LB2.CP-3++3.N.-3.4-2.8-1W8	essendi	NO MATCH	lemma/126689	Case#Gen|Degree#Pos|Number#Sing|VerbForm#Ger|Voice#Act
005.SCG*LB2.CP-6++0.N.11.1-2.8-3W23	operando	NO MATCH	lemma/115028	Mood#Ind|Number#Plur|Person#3|Tense#Pres|VerbForm#Fin|Voice#Act
005.SCG*LB2.CP-7++6.N.-2.1-1.3-4W9	oportet	NO MATCH	lemma/115098	Mood#Ind|Number#Plur|Person#3|Tense#Pres|VerbForm#Fin|Voice#Act
005.SCG*LB4.CP-1++3.N.11.1-1.5-3W3	operans	NO MATCH	lemma/115028	Aspect#Imp|Tense#Pres|VerbForm#Inf|Voice#Act
005.SCG*LB2.CP-6++0.N.13.5-5.8-4W14	utens	NO MATCH	lemma/130923	Case#Nom|Degree#Pos|Gender#Fem|Number#Sing|Tense#Pres|VerbForm#Part|Voice#Pass
005.SCG*LB1.CP-4++9.N.-2.5-6.7-6W8	oportet	NO MATCH	lemma/115098	Aspect#Perf|Case#Acc|Degree#Pos|Gender#Masc|Number#Sing|Tense#Past|VerbForm#Part|Voice#Pass
005.SCG*LB4.CP-7++0.N.-1.1-1.4-1W16	fiunt	NO MATCH	lemma/102758	Aspect#Imp|Mood#Ind|Number#Plur|Person#3|Tense#Pres|VerbForm#Fin|Voice#Pass
005.SCG*LB1.CP-5++9.N.-4.13-1.17-1W20	complexorum	NO MATCH	lemma/95338	Mood#Ind|Number#Sing|Person#3|Tense#Pres|VerbForm#Fin|Voice#Act
005.SCG*LB3.CP-6++8.N.-3.11-5.14-2W11	oporteret	NO MATCH	lemma/115098	Mood#Ind|Number#Sing|Person#3|Tense#Pres|VerbForm#Fin|Voice#Pass
005.SCG*LB3.CP-4++3.N.-2.17-2.21-2W15	fiunt	NO MATCH	lemma/102758	Mood#Ind|Number#Plur|Person#3|Tense#Pres|VerbForm#Fin|Voice#Pass
005.SCG*LB2.CP-5++8.N.-8.15-4.17-6W4	oportet	NO MATCH	lemma/115098	Aspect#Imp|Case#Nom|Degree#Pos|Gender#Neut|Number#Sing|Tense#Pres|VerbForm#Part|Voice#Act
005.SCG*LB1.CP-2++0.N.43.4-6.6-1W8	oportet	NO MATCH	lemma/115098	Aspect#Perf|Case#Nom|Degree#Pos|Gender#Neut|Number#Sing|Tense#Past|VerbForm#Part|Voice#Pass
005.SCG*LB4.CP-4++8.N.-2.2-1.3-7W11	fieri	NO MATCH	lemma/102758	Aspect#Imp|Tense#Pres|VerbForm#Inf|Voice#Pass
005.SCG*LB4.CP-3++4.N.17.16-3.17-5W9	loquitur	NO MATCH	lemma/110805	Case#Nom|Degree#Pos|Gender#Masc|Number#Sing|Tense#Pres|VerbForm#Part|Voice#Act
005.SCG*LB1.CP-2++5.N.-4.4-2.7-3W1	oportet	NO MATCH	lemma/115098	Case#Nom|Degree#Pos|Gender#Masc|Number#Sing|Tense#Pres|VerbForm#Part|Voice#Act
005.SCG*LB3.CP-6++4.N.-9.18-4.20-5W13	volitum	NO MATCH	lemma/130745	Aspect#Perf|Case#Nom|Degree#Pos|Gender#Neut|Number#Sing|Tense#Past|VerbForm#Part|VerbType#Mod|Voice#Pass
005.SCG*LB3.CP10++0.N.-5.4-1.7-2W11	oportet	NO MATCH	lemma/115098	Aspect#Imp|Mood#Ind|Number#Sing|Person#3|Tense#Pres|VerbForm#Fin|VerbType#Mod|Voice#Act
005.SCG*LB2.CP-2++1.N.-7.7-1.11-1W15	oportet	NO MATCH	lemma/115098	Aspect#Imp|Mood#Ind|Number#Sing|Person#3|Tense#Pres|VerbForm#Fin|Voice#Pass
005.SCG*LB2.CP-3++0.N.15.1-1.12-5W50	fiat	NO MATCH	lemma/102758	Mood#Sub|Number#Sing|Person#3|Tense#Pres|VerbForm#Fin|Voice#Pass
005.SCG*LB1.CP-9++2.N.-1.3-2.7-6W1	oportet	NO MATCH	lemma/115098	Aspect#Imp|Mood#Sub|Number#Sing|Person#3|Tense#Imp|VerbForm#Fin|Voice#Act
005.SCG*LB4.CP-5++0.N.-3.6-5.7-5W10	morieris	NO MATCH	lemma/112796	Mood#Ind|Number#Sing|Person#3|Tense#Pres|VerbForm#Fin|Voice#Act
005.SCG*LB3.CP-2++4.N.-4.7-4.13-2W27	sortiuntur	NO MATCH	lemma/125211	Mood#Ind|Number#Sing|Person#3|Tense#Pres|VerbForm#Fin|Voice#Pass
005.SCG*LB3.CP13++5.N.13.13-1.14-1W7	operari	NO MATCH	lemma/115028	Mood#Ind|Number#Sing|Person#3|Tense#Pres|VerbForm#Fin|Voice#Act
005.SCG*LB3.CP-7++4.N.-5.2-4.4-7W2	oportet	NO MATCH	lemma/115098	Aspect#Imp|Mood#Sub|Number#Sing|Person#3|Tense#Imp|VerbForm#Fin|Voice#Act
005.SCG*LB4.CP--++1.N.15.5-6.9-2W1	oportet	NO MATCH	lemma/115098	Mood#Ind|Number#Sing|Person#3|Tense#Pres|VerbForm#Fin|Voice#Act
005.SCG*LB2.CP-1++5.N.-1.1-1.4-5W12	oportet	NO MATCH	lemma/115098	Aspect#Perf|Case#Nom|Degree#Pos|Gender#Fem|Number#Sing|Tense#Past|VerbForm#Part|Voice#Pass
005.SCG*LB3.CP-2++1.N.-2.3-1.4-2W7	fit	NO MATCH	lemma/102758	Mood#Ind|Number#Sing|Person#3|Tense#Pres|VerbForm#Fin|Voice#Pass
005.SCG*LB2.CP-9++8.N.-4.3-4.7-6W6	oportet	NO MATCH	lemma/115098	Mood#Ind|Number#Sing|Person#3|Tense#Pres|VerbForm#Fin|Voice#Pass
005.SCG*LB3.CP-6++0.N.-4.9-1.11-1W1	oportet	NO MATCH	lemma/115098	Aspect#Imp|Mood#Ind|Number#Plur|Person#2|Tense#Pres|VerbForm#Fin|Voice#Act
005.SCG*LB3.CP13++4.N.-2.18-1.23-1W28	oportet	NO MATCH	lemma/115098	Aspect#Perf|Case#Acc|Degree#Pos|Gender#Fem|Number#Sing|Tense#Past|VerbForm#Part|Voice#Pass
005.SCG*LB3.CP15++9.N.-2.13-4.17-5W20	fieri	NO MATCH	lemma/102758	Tense#Pres|VerbForm#Inf|Voice#Pass
005.SCG*LB1.CP-4++2.N.11.5-3.7-3W8	essendi	NO MATCH	lemma/126689	Case#Gen|Degree#Pos|Number#Sing|VerbForm#Ger|Voice#Act
005.SCG*LB3.CP13++2.N.-7.4-5.7-7W16	oportet	NO MATCH	lemma/115098	Mood#Ind|Number#Sing|Person#3|Tense#Pres|VerbForm#Fin|Voice#Act
005.SCG*LB3.CP-3++7.N.-7.11-2.13-1W5	recte	NO MATCH	lemma/122542	Degree#Pos
005.SCG*LB3.CP-9++5.N.11.1-2.3-3W7	decenter	NO MATCH	lemma/98057	Degree#Pos
005.SCG*LB2.CP-7++3.N.22.9-1.12-1W6	fit	NO MATCH	lemma/102758	Mood#Ind|Number#Sing|Person#3|Tense#Pres|VerbForm#Fin|Voice#Pass
005.SCG*LB2.CP-3++5.N.-8.12-4.18-2W20	oporteat	NO MATCH	lemma/115098	Aspect#Imp|Mood#Sub|Number#Sing|Person#3|Tense#Pres|VerbForm#Fin|Voice#Pass
005.SCG*LB4.CP-6++3.N.12.9-4.14-1W15	sortiebatur	NO MATCH	lemma/125211	Mood#Ind|Number#Sing|Person#3|Tense#Pres|VerbForm#Fin|Voice#Act
005.SCG*LB1.CP-1++0.N.-4.1-2.3-5W3	oportet	NO MATCH	lemma/115098	Mood#Ind|Number#Sing|Person#3|Tense#Pres|VerbForm#Fin|Voice#Act
005.SCG*LB3.CP10++9.N.-8.22-5.24-3W2	convenienter	NO MATCH	lemma/96424	Degree#Pos
005.SCG*LB2.CP-7++5.N.15.16-8.18-6W6	fit	NO MATCH	lemma/102758	Mood#Ind|Number#Sing|Person#3|Tense#Pres|VerbForm#Fin|Voice#Pass
005.SCG*LB1.CP-5++0.N.-2.5-1.7-2W16	mediate	NO MATCH	lemma/111819	Degree#Pos
005.SCG*LB1.CP-2++1.N.-2.1-1.3-2W13	oportet	NO MATCH	lemma/115098	Mood#Ind|Number#Sing|Person#3|Tense#Pres|VerbForm#Fin|Voice#Act
005.SCG*LB3.CP-3++3.N.-3.1-2.4-4W13	oporteret	NO MATCH	lemma/115098	Case#Acc|Degree#Pos|Gender#Masc|Number#Sing|Tense#Pres|VerbForm#Part|Voice#Act
005.SCG*LB1.CP-1++8.N.-5.4-3.6-2W10	oportet	NO MATCH	lemma/115098	Mood#Ind|Number#Sing|Person#3|Tense#Pres|VerbForm#Fin|Voice#Act
005.SCG*LB4.CP-3++2.N.-8.1-2.2-5W3	expresse	NO MATCH	lemma/102229	Degree#Pos
005.SCG*LB3.CP15++9.N.-1.21-1.24-5W24	patiantur	NO MATCH	lemma/116222	Aspect#Imp|Mood#Ind|Number#Sing|Person#3|Tense#Pres|VerbForm#Fin|VerbType#Mod|Voice#Act
005.SCG*LB3.CP-4++0.N.-6.8-4.10-3W1	fit	NO MATCH	lemma/102758	Mood#Ind|Number#Sing|Person#3|Tense#Pres|VerbForm#Fin|Voice#Pass
005.SCG*LB3.CP-4++8.N.-6.4-5.6-2W5	moriatur	NO MATCH	lemma/112796	Mood#Sub|Number#Sing|Person#3|Tense#Pres|VerbForm#Fin|Voice#Act
005.SCG*LB2.CP-8++7.N.-3.20-1.20-6W6	fiat	NO MATCH	lemma/102758	Mood#Sub|Number#Sing|Person#3|Tense#Pres|VerbForm#Fin|Voice#Pass
005.SCG*LB4.CP-1++6.N.-3.1-2.2-5W10	loquens	NO MATCH	lemma/110805	Mood#Sub|Number#Sing|Person#3|Tense#Pres|VerbForm#Fin|Voice#Pass
005.SCG*LB2.CP-5++6.N.13.1-2.3-2W7	oportet	NO MATCH	lemma/115098	Case#Acc|Degree#Pos|Number#Sing|VerbForm#Ger|Voice#Act
005.SCG*LB2.CP-9++9.N.-4.8-4.10-6W6	fiunt	NO MATCH	lemma/102758	Mood#Ind|Number#Plur|Person#3|Tense#Pres|VerbForm#Fin|Voice#Pass
005.SCG*LB4.CP-5++5.N.-6.1-1.5-2W10	excellentior	NO MATCH	lemma/101840	Aspect#Imp|Case#Nom|Degree#Cmp|Gender#Fem|Number#Sing|Tense#Pres|VerbForm#Part|Voice#Act
005.SCG*LB1.CP-6++3.N.-4.1-1.3-2W15	contingenter	NO MATCH	lemma/96293	Case#Loc|Degree#Pos|Number#Sing|Tense#Pres|VerbForm#Part|Voice#Act
005.SCG*LB2.CP-2++1.N.-4.14-3.17-4W16	praeexistere	NO MATCH	lemma/131401	Mood#Sub|Number#Sing|Person#3|Tense#Pres|VerbForm#Fin|Voice#Act
005.SCG*LB2.CP-5++5.N.-9.6-1.6-5W2	pati	NO MATCH	lemma/116222	Mood#Ind|Number#Sing|Person#3|Tense#Pres|VerbForm#Fin|Voice#Pass
005.SCG*LB3.CP15++0.N.-3.7-4.11-4W16	oportet	NO MATCH	lemma/115098	Aspect#Perf|Case#Acc|Degree#Pos|Gender#Neut|Number#Plur|Tense#Past|VerbForm#Part|Voice#Pass
005.SCG*LB4.CP--++8.N.-5.72-3.74-1W14	fieret	NO MATCH	lemma/102758	Aspect#Imp|Mood#Sub|Number#Sing|Person#3|Tense#Imp|VerbForm#Fin|Voice#Pass
005.SCG*LB4.CP--++7.N.20.6-1.10-5W30	oportet	NO MATCH	lemma/115098	Mood#Ind|Number#Sing|Person#3|Tense#Pres|VerbForm#Fin|Voice#Pass
005.SCG*LB4.CP-6++5.N.-4.5-1.7-2W9	operando	NO MATCH	lemma/115028	Aspect#Perf|Case#Abl|Degree#Pos|Gender#Fem|Number#Sing|Tense#Past|VerbForm#Part|Voice#Pass
005.SCG*LB3.CP-8++0.N.-9.1-1.4-4W20	oportet	NO MATCH	lemma/115098	Aspect#Perf|Mood#Ind|Number#Sing|Person#3|Tense#Fut|VerbForm#Fin|Voice#Act
005.SCG*LB1.CP-7++4.N.-5.6-3.7-3W5	volitum	NO MATCH	lemma/130745	Aspect#Perf|Case#Nom|Degree#Pos|Gender#Neut|Number#Sing|Tense#Past|VerbForm#Part|VerbType#Mod|Voice#Pass
005.SCG*LB4.CP-7++9.N.-9.1-1.2-3W5	praenuntiatur	NO MATCH	lemma/131405	Aspect#Imp|Case#Nom|Degree#Pos|Gender#Masc|Number#Sing|Tense#Pres|VerbForm#Part|Voice#Act
005.SCG*LB4.CP-5++3.N.20.1-1.8-5W36	mortuus	NO MATCH	lemma/112796	Mood#Ind|Number#Sing|Person#3|Tense#Pres|VerbForm#Fin|Voice#Act
005.SCG*LB1.CP-2++1.N.-6.6-5.7-6W1	oportet	NO MATCH	lemma/115098	Aspect#Imp|Mood#Sub|Number#Sing|Person#3|Tense#Pres|VerbForm#Fin|Voice#Pass
005.SCG*LB3.CP12++2.N.-3.1-1.3-8W10	fiat	NO MATCH	lemma/102758	Mood#Sub|Number#Sing|Person#3|Tense#Pres|VerbForm#Fin|Voice#Pass
005.SCG*LB4.CP-6++6.N.11.9-2.12-5W14	putrefieri	NO MATCH	lemma/120615	Aspect#Imp|Tense#Pres|VerbForm#Inf|Voice#Pass
005.SCG*LB4.CP-8++3.N.17.10-3.12-6W3	oportuit	NO MATCH	lemma/115098	Aspect#Imp|Mood#Ind|Number#Plur|Person#3|Tense#Imp|VerbForm#Fin|VerbType#Mod|Voice#Act
005.SCG*LB2.CP-7++6.N.10.1-2.4-2W17	consequens	NO MATCH	lemma/96035	Case#Acc|Degree#Pos|Gender#Neut|Number#Sing|Tense#Pres|VerbForm#Part|Voice#Pass
005.SCG*LB3.CP12++9.N.-4.1-2.3-5W6	oportet	NO MATCH	lemma/115098	Mood#Ind|Number#Sing|Person#3|Tense#Pres|VerbForm#Fin|Voice#Pass
005.SCG*LB3.CP15++1.N.-2.5-1.6-5W12	reametur	NO MATCH	lemma/122453	Mood#Sub|Number#Sing|Person#3|Tense#Pres|VerbForm#Fin|Voice#Pass
005.SCG*LB4.CP-8++8.N.-4.10-3.12-3W15	sequentibus	NO MATCH	lemma/124461	Aspect#Imp|Case#Abl|Degree#Pos|Gender#Neut|Number#Plur|Tense#Pres|VerbForm#Part|Voice#Pass
005.SCG*LB3.CP13++5.N.22.19-3.22-2W9	sectandam	NO MATCH	lemma/123964	Mood#Ind|Number#Sing|Person#3|Tense#Pres|VerbForm#Fin|Voice#Act
005.SCG*LB2.CP-9++2.N.10.5-4.7-5W11	fieri	NO MATCH	lemma/102758	Tense#Pres|VerbForm#Inf|Voice#Pass
005.SCG*LB1.CP-9++0.N.-6.4-2.7-5W20	volito	NO MATCH	lemma/130745	Aspect#Perf|Case#Abl|Degree#Pos|Gender#Neut|Number#Sing|Tense#Past|VerbForm#Part|VerbType#Mod|Voice#Pass
005.SCG*LB2.CP-9++2.N.-7.5-1.7-2W2	oportet	NO MATCH	lemma/115098	Mood#Sub|Number#Sing|Person#3|Tense#Pres|VerbForm#Fin|Voice#Act
005.SCG*LB4.CP-5++4.N.-8.24-3.27-3W12	oportet	NO MATCH	lemma/115098	Mood#Ind|Number#Sing|Person#3|Tense#Pres|VerbForm#Fin|Voice#Pass
005.SCG*LB2.CP-5++9.N.12.1-2.2-4W4	operatur	NO MATCH	lemma/115028	Mood#Sub|Number#Sing|Person#3|Tense#Pres|VerbForm#Fin|Voice#Act
005.SCG*LB3.CP15++2.N.-2.11-3.12-3W1	oportet	NO MATCH	lemma/115098	Mood#Ind|Number#Plur|Person#3|Tense#Pres|VerbForm#Fin|Voice#Act
005.SCG*LB3.CP-9++8.N.-6.24-3.25-4W7	fieret	NO MATCH	lemma/102758	Aspect#Imp|Mood#Sub|Number#Sing|Person#3|Tense#Imp|VerbForm#Fin|Voice#Pass
005.SCG*LB1.CP-1++5.N.-2.1-1.2-7W14	patitur	NO MATCH	lemma/116222	Mood#Ind|Number#Sing|Person#3|Tense#Pres|VerbForm#Fin|Voice#Act
005.SCG*LB1.CP-1++3.N.30.8-3.9-7W6	fit	NO MATCH	lemma/102758	Mood#Ind|Number#Sing|Person#3|Tense#Pres|VerbForm#Fin|Voice#Pass
005.SCG*LB3.CP10++1.N.-4.1-1.7-3W12	fieri	NO MATCH	lemma/102758	Tense#Pres|VerbForm#Inf|Voice#Pass
005.SCG*LB4.CP-3++4.N.29.10-5.11-6W7	mortuis	NO MATCH	lemma/112796	Tense#Pres|VerbForm#Inf|Voice#Act
005.SCG*LB1.CP--++1.N.-4.5-1.6-2W1	oportet	NO MATCH	lemma/115098	Mood#Ind|Number#Sing|Person#3|Tense#Fut|VerbForm#Fin|Voice#Act
005.SCG*LB2.CP-8++4.N.-3.6-4.9-4W15	oportebit	NO MATCH	lemma/115098	Mood#Ind|Number#Sing|Person#3|Tense#Pres|VerbForm#Fin|Voice#Act
005.SCG*LB1.CP-4++2.N.11.12-3.16-6W15	oportet	NO MATCH	lemma/115098	Mood#Sub|Number#Sing|Person#3|Tense#Pres|VerbForm#Fin|Voice#Act
005.SCG*LB4.CP-9++7.N.-4.10-2.12-3W6	licet	NO MATCH	lemma/110432	Mood#Ind|Number#Sing|Person#3|Tense#Pres|VerbForm#Fin|Voice#Pass
005.SCG*LB3.CP14++4.N.-3.14-4.16-5W13	oportet	NO MATCH	lemma/115098	Aspect#Imp|Mood#Ind|Number#Sing|Person#3|Tense#Pres|VerbForm#Fin|Voice#Act
005.SCG*LB3.CP-7++6.N.-7.23-7.25-5W9	oportet	NO MATCH	lemma/115098	Aspect#Perf|Case#Nom|Degree#Pos|Gender#Masc|Number#Sing|Tense#Past|VerbForm#Part|Voice#Pass
005.SCG*LB4.CP-4++3.N.-1.1-1.5-2W21	praeexistere	NO MATCH	lemma/131401	Aspect#Perf|Case#Gen|Degree#Pos|Gender#Neut|Number#Sing|Tense#Past|VerbForm#Part|Voice#Pass
005.SCG*LB2.CP-7++5.N.-2.23-2.25-5W12	individuantia	NO MATCH	lemma/59198	Mood#Ind|Number#Sing|Person#3|Tense#Pres|VerbForm#Fin|Voice#Act
005.SCG*LB3.CP-2++3.N.-9.3-5.6-3W1	patitur	NO MATCH	lemma/116222	Mood#Ind|Number#Sing|Person#3|Tense#Pres|VerbForm#Fin|Voice#Act
005.SCG*LB3.CP11++8.N.-2.1-1.5-2W20	oportet	NO MATCH	lemma/115098	Mood#Ind|Number#Sing|Person#3|Tense#Pres|VerbForm#Fin|Voice#Pass
005.SCG*LB2.CP-2++0.N.-2.1-1.3-6W13	patiens	NO MATCH	lemma/116222	Mood#Ind|Number#Sing|Person#3|Tense#Pres|VerbForm#Fin|Voice#Act
005.SCG*LB3.CP-4++6.N.10.1-1.5-4W3	oportet	NO MATCH	lemma/115098	Aspect#Imp|Mood#Ind|Number#Sing|Person#3|Tense#Pres|VerbForm#Fin|Voice#Pass
005.SCG*LB4.CP-2++4.N.-8.56-3.59-5W20	praesupponunt	NO MATCH	lemma/131408	Aspect#Perf|Case#Abl|Degree#Pos|Gender#Neut|Number#Sing|Tense#Past|VerbForm#Part|Voice#Pass
005.SCG*LB1.CP-1++0.N.-2.9-8.10-7W9	oporteat	NO MATCH	lemma/115098	Aspect#Perf|Mood#Ind|Number#Sing|Person#3|Tense#Past|VerbForm#Fin|Voice#Act
005.SCG*LB3.CP-9++2.N.-7.7-1.10-3W1	licet	NO MATCH	lemma/110432	Case#Abl|Degree#Pos|Number#Sing|VerbForm#Ger|Voice#Act
005.SCG*LB2.CP-3++5.N.-4.15-2.18-3W3	oportet	NO MATCH	lemma/115098	Case#Acc|Degree#Pos|Number#Sing|VerbForm#Ger|Voice#Act
005.SCG*LB1.CP-8++7.N.-5.1-1.5-4W19	oporteat	NO MATCH	lemma/115098	Mood#Ind|Number#Plur|Person#3|Tense#Pres|VerbForm#Fin|Voice#Act
005.SCG*LB3.CP10++3.N.-2.10-1.13-6W17	iratis	NO MATCH	lemma/108954	Mood#Ind|Number#Plur|Person#3|Tense#Pres|VerbForm#Fin|Voice#Act
005.SCG*LB2.CP-2++0.N.-2.1-1.3-6W10	oporteat	NO MATCH	lemma/115098	Mood#Ind|Number#Sing|Person#3|Tense#Pres|VerbForm#Fin|Voice#Pass
005.SCG*LB2.CP-9++8.N.-4.18-4.23-2W25	eminentiori	NO MATCH	lemma/100978	Case#Abl|Degree#Cmp|Gender#Masc|Number#Sing|Tense#Pres|VerbForm#Part|Voice#Act
005.SCG*LB1.CP-4++2.N.19.1-1.2-4W8	confitentes	NO MATCH	lemma/95769	Case#Nom|Degree#Pos|Gender#Masc|Number#Plur|Tense#Pres|VerbForm#Part|Voice#Pass
005.SCG*LB3.CP--++7.N.-8.7-3.8-3W5	proportionata	NO MATCH	lemma/131413	Aspect#Imp|Mood#Sub|Number#Plur|Person#1|Tense#Pres|VerbForm#Fin|Voice#Act
005.SCG*LB2.CP-5++6.N.-6.29-1.32-7W7	fit	NO MATCH	lemma/102758	Mood#Ind|Number#Sing|Person#3|Tense#Pres|VerbForm#Fin|Voice#Pass
005.SCG*LB1.CP-4++9.N.-6.1-1.3-1W4	expresse	NO MATCH	lemma/102229	Degree#Pos
005.SCG*LB2.CP-7++8.N.-9.22-1.23-7W2	expresse	NO MATCH	lemma/102229	Degree#Pos
005.SCG*LB2.CP-3++0.N.15.1-1.12-5W82	liquefit	NO MATCH	lemma/110620	Mood#Ind|Number#Sing|Person#3|Tense#Pres|VerbForm#Fin|Voice#Pass
005.SCG*LB3.CP-9++5.N.10.10-1.10-7W2	oportet	NO MATCH	lemma/115098	Aspect#Perf|Case#Acc|Degree#Pos|Gender#Fem|Number#Plur|Tense#Past|VerbForm#Part|Voice#Pass
005.SCG*LB4.CP-9++1.N.-6.29-4.32-1W4	fit	NO MATCH	lemma/102758	Aspect#Imp|Mood#Ind|Number#Sing|Person#3|Tense#Pres|VerbForm#Fin|Voice#Pass
005.SCG*LB3.CP-2++2.N.-4.19-2.24-1W37	fieri	NO MATCH	lemma/102758	Tense#Pres|VerbForm#Inf|Voice#Pass
005.SCG*LB2.CP-3++7.N.-4.1-1.4-2W7	oportet	NO MATCH	lemma/115098	Mood#Ind|Number#Sing|Person#3|Tense#Pres|VerbForm#Fin|Voice#Act
005.SCG*LB2.CP-9++8.N.-2.4-6.7-1W11	fit	NO MATCH	lemma/102758	Mood#Ind|Number#Sing|Person#3|Tense#Pres|VerbForm#Fin|Voice#Pass
005.SCG*LB3.CP13++5.N.17.1-1.5-4W10	fit	NO MATCH	lemma/102758	Mood#Ind|Number#Sing|Person#3|Tense#Pres|VerbForm#Fin|Voice#Pass
005.SCG*LB1.CP-7++1.N.-6.1-2.5-2W22	oportet	NO MATCH	lemma/115098	Mood#Ind|Number#Sing|Person#3|Tense#Pres|VerbForm#Fin|Voice#Act
005.SCG*LB2.CP-4++7.N.-5.10-1.12-2W19	fieri	NO MATCH	lemma/102758	Tense#Pres|VerbForm#Inf|Voice#Pass
005.SCG*LB2.CP-2++5.N.24.12-1.15-2W23	composite	NO MATCH	lemma/95367	Degree#Pos
005.SCG*LB3.CP12++8.N.-2.15-3.15-5W3	calefiet	NO MATCH	lemma/92350	Mood#Ind|Number#Sing|Person#3|Tense#Fut|VerbForm#Fin|Voice#Pass
005.SCG*LB4.CP--++1.N.11.28-1.33-5W30	venerentur	NO MATCH	lemma/129780	Tense#Pres|VerbForm#Inf|Voice#Pass
005.SCG*LB4.CP-2++4.N.10.1-2.5-5W12	oportet	NO MATCH	lemma/115098	Mood#Ind|Number#Sing|Person#3|Tense#Pres|VerbForm#Fin|Voice#Act
005.SCG*LB4.CP-1++7.N.12.8-1.8-3W2	loquitur	NO MATCH	lemma/110805	Aspect#Perf|Case#Nom|Degree#Pos|Gender#Neut|Number#Plur|Tense#Past|VerbForm#Part|Voice#Pass
005.SCG*LB3.CP-9++1.N.-4.13-1.15-1W1	oportet	NO MATCH	lemma/115098	Mood#Ind|Number#Sing|Person#3|Tense#Pres|VerbForm#Fin|Voice#Act
005.SCG*LB4.CP-8++3.N.17.20-4.23-1W9	mori	NO MATCH	lemma/112796	Mood#Ind|Number#Sing|Person#3|Tense#Pres|VerbForm#Fin|Voice#Act
005.SCG*LB4.CP--++8.N.-4.3-3.5-8W8	oportet	NO MATCH	lemma/115098	Tense#Pres|VerbForm#Inf|Voice#Pass
005.SCG*LB2.CP-4++6.N.-7.1-2.4-5W3	decenter	NO MATCH	lemma/98057	Degree#Pos
005.SCG*LB4.CP-1++8.N.-2.1-1.3-4W6	operantur	NO MATCH	lemma/115028	Mood#Ind|Number#Sing|Person#3|Tense#Pres|VerbForm#Fin|Voice#Pass
005.SCG*LB3.CP-8++4.N.14.1-1.4-5W21	operantur	NO MATCH	lemma/115028	Aspect#Perf|Case#Dat|Degree#Pos|Gender#Fem|Number#Plur|Tense#Past|VerbForm#Part|Voice#Pass
005.SCG*LB3.CP-5++3.N.-4.23-1.25-2W16	superaddi	NO MATCH	lemma/131438	Aspect#Perf|Case#Dat|Degree#Pos|Gender#Fem|Number#Plur|Tense#Past|VerbForm#Part|Voice#Pass
005.SCG*LB1.CP-4++2.N.-9.1-2.4-6W12	essendi	NO MATCH	lemma/126689	Case#Gen|Degree#Pos|Number#Sing|VerbForm#Ger|Voice#Act
005.SCG*LB4.CP--++4.N.-2.20-4.21-3W9	excelsi	NO MATCH	lemma/101840	Aspect#Perf|Case#Nom|Degree#Pos|Gender#Masc|Number#Plur|Tense#Past|VerbForm#Part|Voice#Pass
005.SCG*LB4.CP-6++2.N.-2.6-5.9-4W4	locutus	NO MATCH	lemma/110805	Mood#Ind|Number#Sing|Person#3|Tense#Pres|VerbForm#Fin|Voice#Act
005.SCG*LB3.CP-7++7.N.--.1-1.2-5W5	fit	NO MATCH	lemma/102758	Mood#Ind|Number#Sing|Person#3|Tense#Pres|VerbForm#Fin|Voice#Pass
005.SCG*LB4.CP--++5.N.12.8-3.9-7W1	oportet	NO MATCH	lemma/115098	Mood#Ind|Number#Sing|Person#3|Tense#Pres|VerbForm#Fin|Voice#Act
005.SCG*LB3.CP-4++2.N.-8.1-2.5-2W5	fiet	NO MATCH	lemma/102758	Mood#Ind|Number#Sing|Person#3|Tense#Fut|VerbForm#Fin|Voice#Pass
005.SCG*LB3.CP-9++4.N.-3.1-2.2-6W7	oportet	NO MATCH	lemma/115098	Mood#Ind|Number#Sing|Person#3|Tense#Pres|VerbForm#Fin|Voice#Pass
005.SCG*LB3.CP15++6.N.-3.1-2.4-1W14	subiectum	NO MATCH	lemma/126114	Case#Acc|Degree#Pos|Gender#Neut|Number#Sing
005.SCG*LB2.CP-9++1.N.-4.6-2.10-6W1	oportet	NO MATCH	lemma/115098	Case#Abl|Degree#Pos|Gender#Fem|Number#Plur|Tense#Pres|VerbForm#Part|Voice#Act
005.SCG*LB4.CP-3++3.N.-7.5-1.6-5W10	praeexistunt	NO MATCH	lemma/131401	Mood#Ind|Number#Plur|Person#3|Tense#Pres|VerbForm#Fin|Voice#Pass
005.SCG*LB3.CP15++8.N.-7.9-1.11-4W22	patiendi	NO MATCH	lemma/116222	Mood#Ind|Number#Plur|Person#3|Tense#Pres|VerbForm#Fin|Voice#Pass
005.SCG*LB4.CP-3++4.N.26.1-2.6-4W1	licet	NO MATCH	lemma/110432	Mood#Ind|Number#Sing|Person#3|Tense#Pres|VerbForm#Fin|Voice#Pass
005.SCG*LB2.CP-7++3.N.11.1-2.4-6W5	sortitur	NO MATCH	lemma/125211	Mood#Ind|Number#Sing|Person#3|Tense#Fut|VerbForm#Fin|Voice#Act
005.SCG*LB3.CP14++3.N.-1.13-1.20-3W6	oportet	NO MATCH	lemma/115098	Aspect#Imp|Mood#Ind|Number#Sing|Person#1|Tense#Fut|VerbForm#Fin|Voice#Act
005.SCG*LB2.CP--++2.N.-5.11-4.13-1W9	speculantes	NO MATCH	lemma/125314	Case#Nom|Degree#Pos|Gender#Masc|Number#Plur|Tense#Pres|VerbForm#Part|Voice#Pass
005.SCG*LB4.CP-1++1.N.-3.18-2.20-7W8	fit	NO MATCH	lemma/102758	Aspect#Imp|Mood#Ind|Number#Sing|Person#3|Tense#Pres|VerbForm#Fin|Voice#Pass
005.SCG*LB2.CP-8++4.N.-2.1-1.5-8W14	oportet	NO MATCH	lemma/115098	Mood#Imp|Number#Sing|Person#2|Tense#Pres|VerbForm#Fin|Voice#Act
005.SCG*LB1.CP-2++0.N.21.11-5.12-3W3	oportet	NO MATCH	lemma/115098	Mood#Ind|Number#Sing|Person#3|Tense#Pres|VerbForm#Fin|Voice#Act
005.SCG*LB1.CP-9++9.N.-5.8-2.10-1W15	patitur	NO MATCH	lemma/116222	Case#Nom|Degree#Pos|Gender#Masc|Number#Sing|Tense#Pres|VerbForm#Part|Voice#Act
005.SCG*LB4.CP-9++2.N.-2.4-1.6-4W1	oportet	NO MATCH	lemma/115098	Aspect#Perf|Case#Abl|Degree#Pos|Gender#Neut|Number#Sing|Tense#Past|VerbForm#Part|Voice#Pass
005.SCG*LB2.CP-7++5.N.15.21-1.22-5W6	fieri	NO MATCH	lemma/102758	Tense#Pres|VerbForm#Inf|Voice#Pass
005.SCG*LB4.CP-4++9.N.10.6-5.9-2W22	sortitur	NO MATCH	lemma/125211	Mood#Ind|Number#Sing|Person#3|Tense#Pres|VerbForm#Fin|Voice#Act
005.SCG*LB2.CP-7++6.N.18.9-3.11-1W13	experiremur	NO MATCH	lemma/102164	Aspect#Perf|Case#Nom|Degree#Pos|Gender#Fem|Number#Plur|Tense#Past|VerbForm#Part|Voice#Pass
005.SCG*LB3.CP-7++9.N.-4.6-2.8-5W3	oportet	NO MATCH	lemma/115098	Aspect#Perf|Case#Nom|Degree#Pos|Gender#Neut|Number#Sing|Tense#Past|VerbForm#Part|Voice#Pass
005.SCG*LB3.CP-4++2.N.-5.11-2.15-3W21	fiat	NO MATCH	lemma/102758	Mood#Sub|Number#Sing|Person#3|Tense#Pres|VerbForm#Fin|Voice#Pass
005.SCG*LB4.CP-6++6.N.11.1-1.9-1W33	consequens	NO MATCH	lemma/96035	Aspect#Imp|Case#Acc|Degree#Pos|Gender#Neut|Number#Sing|Tense#Pres|VerbForm#Part|Voice#Pass
005.SCG*LB4.CP-1++1.N.-9.11-2.12-7W1	oportet	NO MATCH	lemma/115098	Aspect#Imp|Case#Acc|Degree#Pos|Gender#Neut|Number#Sing|Tense#Pres|VerbForm#Part|Voice#Pass
005.SCG*LB2.CP-5++6.N.-9.1-1.2-6W9	fieri	NO MATCH	lemma/102758	Tense#Pres|VerbForm#Inf|Voice#Pass
005.SCG*LB3.CP--++5.N.10.3-2.8-5W23	consequens	NO MATCH	lemma/96035	Case#Nom|Degree#Pos|Gender#Neut|Number#Sing|Tense#Pres|VerbForm#Part|Voice#Pass
005.SCG*LB2.CP-5++5.N.13.30-3.35-6W11	essendi	NO MATCH	lemma/126689	Case#Gen|Degree#Pos|Number#Sing|VerbForm#Ger|Voice#Act
005.SCG*LB3.CP-6++7.N.-2.10-4.13-3W10	oportet	NO MATCH	lemma/115098	Case#Abl|Degree#Pos|Gender#Neut|Number#Sing|Tense#Pres|VerbForm#Part|Voice#Act
005.SCG*LB4.CP-1++7.N.-9.6-3.9-3W14	scrutatur	NO MATCH	lemma/123886	Case#Abl|Degree#Pos|Gender#Neut|Number#Sing|Tense#Pres|VerbForm#Part|Voice#Act
005.SCG*LB3.CP10++4.N.-7.10-7.12-4W9	fiat	NO MATCH	lemma/102758	Mood#Sub|Number#Sing|Person#3|Tense#Pres|VerbForm#Fin|Voice#Pass
005.SCG*LB2.CP-6++8.N.12.8-3.13-3W2	oportet	NO MATCH	lemma/115098	Mood#Ind|Number#Plur|Person#1|Tense#Pres|VerbForm#Fin|Voice#Act
005.SCG*LB3.CP-9++7.N.-9.8-4.12-4W13	oportet	NO MATCH	lemma/115098	Aspect#Imp|Mood#Sub|Number#Sing|Person#3|Tense#Pres|VerbForm#Fin|Voice#Pass
005.SCG*LB4.CP-8++6.N.-3.9-6.13-2W3	experimur	NO MATCH	lemma/102164	Mood#Ind|Number#Sing|Person#3|Tense#Pres|VerbForm#Fin|Voice#Act
005.SCG*LB3.CP-8++2.N.-6.12-5.16-2W14	fiat	NO MATCH	lemma/102758	Mood#Sub|Number#Sing|Person#3|Tense#Pres|VerbForm#Fin|Voice#Pass
005.SCG*LB3.CP14++3.N.-1.13-1.20-3W11	consequens	NO MATCH	lemma/96035	Case#Nom|Degree#Pos|Gender#Neut|Number#Sing|Tense#Pres|VerbForm#Part|Voice#Pass
005.SCG*LB1.CP--++4.N.-4.9-1.10-3W6	praeexiguntur	NO MATCH	lemma/131399	Mood#Ind|Number#Plur|Person#3|Tense#Pres|VerbForm#Fin|Voice#Pass
005.SCG*LB4.CP-1++6.N.-3.4-2.6-3W9	loquatur	NO MATCH	lemma/110805	Tense#Pres|VerbForm#Inf|Voice#Act
005.SCG*LB3.CP--++7.N.-6.3-5.8-7W37	licet	NO MATCH	lemma/110432	Case#Gen|Degree#Pos|Gender#Masc|Number#Sing|Tense#Pres|VerbForm#Part|Voice#Act
005.SCG*LB4.CP-2++7.N.-1.10-2.12-5W16	fieret	NO MATCH	lemma/102758	Aspect#Imp|Mood#Sub|Number#Sing|Person#3|Tense#Imp|VerbForm#Fin|Voice#Pass
005.SCG*LB3.CP-7++6.N.-7.30-1.34-1W22	fit	NO MATCH	lemma/102758	Mood#Ind|Number#Sing|Person#3|Tense#Pres|VerbForm#Fin|Voice#Pass
005.SCG*LB4.CP-2++3.N.12.17-1.19-3W5	licet	NO MATCH	lemma/110432	Aspect#Imp|Mood#Ind|Number#Sing|Person#3|Tense#Pres|VerbForm#Fin|Voice#Pass
005.SCG*LB2.CP-9++7.N.-3.1-2.6-2W31	licet	NO MATCH	lemma/110432	Mood#Ind|Number#Plur|Person#3|Tense#Pres|VerbForm#Fin|Voice#Pass
005.SCG*LB3.CP-7++2.N.-7.7-4.12-7W18	operatur	NO MATCH	lemma/115028	Aspect#Perf|Case#Nom|Degree#Pos|Gender#Masc|Number#Sing|Tense#Past|VerbForm#Part|Voice#Pass
005.SCG*LB3.CP12++0.N.-5.5-1.6-4W12	operatur	NO MATCH	lemma/115028	Mood#Ind|Number#Sing|Person#3|Tense#Pres|VerbForm#Fin|Voice#Act
005.SCG*LB2.CP-3++4.N.-5.2-10.3-4W3	fieret	NO MATCH	lemma/102758	Aspect#Imp|Mood#Sub|Number#Sing|Person#3|Tense#Imp|VerbForm#Fin|Voice#Pass
005.SCG*LB2.CP-4++0.N.-3.3-4.6-5W14	fit	NO MATCH	lemma/102758	Mood#Ind|Number#Sing|Person#3|Tense#Pres|VerbForm#Fin|Voice#Pass
005.SCG*LB2.CP--++6.N.--.1-1.2-3W8	essendi	NO MATCH	lemma/126689	Case#Gen|Degree#Pos|Number#Sing|VerbForm#Ger|Voice#Act
005.SCG*LB2.CP-1++7.N.-5.11-4.14-4W20	oporteret	NO MATCH	lemma/115098	Tense#Pres|VerbForm#Inf|Voice#Act
005.SCG*LB1.CP-8++8.N.-4.7-4.8-6W7	fit	NO MATCH	lemma/102758	Mood#Ind|Number#Sing|Person#3|Tense#Pres|VerbForm#Fin|Voice#Pass
005.SCG*LB2.CP-2++1.N.-9.20-1.22-2W5	praesupponit	NO MATCH	lemma/131408	Mood#Ind|Number#Sing|Person#3|Tense#Pres|VerbForm#Fin|VerbType#Mod|Voice#Act
005.SCG*LB3.CP-6++5.N.-5.15-3.18-2W16	fieri	NO MATCH	lemma/102758	Tense#Pres|VerbForm#Inf|Voice#Pass
005.SCG*LB3.CP14++1.N.-4.13-2.15-2W10	supradicto	NO MATCH	lemma/131443	Tense#Pres|VerbForm#Inf|Voice#Act
005.SCG*LB3.CP-5++3.N.-4.11-3.13-1W1	oportet	NO MATCH	lemma/115098	Aspect#Perf|Mood#Ind|Number#Sing|Person#3|Tense#Past|VerbForm#Fin|VerbType#Mod|Voice#Act
005.SCG*LB1.CP-9++3.N.-4.4-3.5-4W4	fiendae	NO MATCH	lemma/102758	Case#Gen|Degree#Pos|Gender#Fem|Number#Sing|VerbForm#Gdv|Voice#Pass
005.SCG*LB3.CP--++5.N.-3.1-2.2-6W6	expresse	NO MATCH	lemma/102229	Degree#Pos
005.SCG*LB3.CP14++9.N.-5.6-1.7-6W1	oportet	NO MATCH	lemma/115098	Mood#Ind|Number#Plur|Person#3|Tense#Pres|VerbForm#Fin|Voice#Act
005.SCG*LB2.CP-8++0.N.-8.11-6.13-6W3	oportet	NO MATCH	lemma/115098	Mood#Ind|Number#Sing|Person#3|Tense#Pres|VerbForm#Fin|Voice#Act
005.SCG*LB4.CP-2++3.N.-3.26-3.28-3W14	complectitur	NO MATCH	lemma/95338	Mood#Ind|Number#Sing|Person#3|Tense#Pres|VerbForm#Fin|Voice#Act
005.SCG*LB3.CP15++0.N.-6.1-2.2-5W1	oportet	NO MATCH	lemma/115098	Aspect#Perf|Case#Nom|Degree#Pos|Gender#Masc|Number#Sing|Tense#Past|VerbForm#Part|VerbType#Mod|Voice#Pass
005.SCG*LB3.CP10++1.N.-3.6-3.9-6W26	operatur	NO MATCH	lemma/115028	Aspect#Imp|Mood#Sub|Number#Sing|Person#3|Tense#Imp|VerbForm#Fin|Voice#Pass
005.SCG*LB3.CP-8++0.N.17.7-5.11-4W19	principantur	NO MATCH	lemma/73421	Aspect#Imp|Mood#Sub|Number#Sing|Person#3|Tense#Pres|VerbForm#Fin|Voice#Act
005.SCG*LB2.CP-9++5.N.-4.22-1.28-6W18	sortiuntur	NO MATCH	lemma/125211	Mood#Sub|Number#Sing|Person#3|Tense#Pres|VerbForm#Fin|Voice#Pass
005.SCG*LB2.CP-4++6.N.-3.5-2.9-3W1	oportuit	NO MATCH	lemma/115098	Aspect#Perf|Case#Gen|Degree#Pos|Gender#Fem|Number#Sing|Tense#Past|VerbForm#Part|Voice#Pass
005.SCG*LB4.CP-9++0.N.-2.1-1.7-3W12	pati	NO MATCH	lemma/116222	Aspect#Perf|Case#Nom|Degree#Pos|Gender#Neut|Number#Sing|Tense#Past|VerbForm#Part|Voice#Pass
005.SCG*LB2.CP-5++6.N.11.1-2.2-6W9	oportet	NO MATCH	lemma/115098	Tense#Pres|VerbForm#Inf|Voice#Pass
005.SCG*LB3.CP-8++6.N.-4.1-2.4-8W6	fieri	NO MATCH	lemma/102758	Tense#Pres|VerbForm#Inf|Voice#Pass
005.SCG*LB3.CP-2++4.N.-2.13-2.17-5W20	licet	NO MATCH	lemma/110432	Mood#Ind|Number#Sing|Person#3|Tense#Pres|VerbForm#Fin|Voice#Act
005.SCG*LB3.CP-1++7.N.10.2-2.3-2W4	operatus	NO MATCH	lemma/115028	Case#Nom|Degree#Pos|Gender#Neut|Number#Sing|Tense#Pres|VerbForm#Part|Voice#Act
005.SCG*LB1.CP-7++9.N.-6.1-1.8-4W38	volitum	NO MATCH	lemma/130745	Aspect#Perf|Case#Acc|Degree#Pos|Gender#Neut|Number#Sing|Tense#Past|VerbForm#Part|VerbType#Mod|Voice#Pass
005.SCG*LB3.CP-8++2.N.-6.12-5.16-2W23	alterato	NO MATCH	lemma/88470	Aspect#Perf|Case#Dat|Degree#Pos|Gender#Neut|Number#Sing|Tense#Past|VerbForm#Part|Voice#Pass
005.SCG*LB1.CP10++0.N.-4.3-1.4-4W13	operante	NO MATCH	lemma/115028	Aspect#Perf|Case#Gen|Degree#Pos|Gender#Masc|Number#Sing|Tense#Past|VerbForm#Part|Voice#Pass
005.SCG*LB2.CP-6++0.N.-8.8-2.10-1W6	pati	NO MATCH	lemma/116222	Aspect#Perf|Case#Gen|Degree#Pos|Gender#Masc|Number#Sing|Tense#Past|VerbForm#Part|Voice#Pass
005.SCG*LB2.CP-1++9.N.-4.10-5.12-3W4	fieri	NO MATCH	lemma/102758	Tense#Pres|VerbForm#Inf|Voice#Pass
005.SCG*LB3.CP-2++6.N.10.13-5.15-4W5	volitum	NO MATCH	lemma/130745	Aspect#Perf|Case#Nom|Degree#Pos|Gender#Neut|Number#Sing|Tense#Past|VerbForm#Part|VerbType#Mod|Voice#Pass
005.SCG*LB4.CP-9++2.N.-7.1-2.5-6W13	fiat	NO MATCH	lemma/102758	Aspect#Imp|Mood#Sub|Number#Sing|Person#3|Tense#Pres|VerbForm#Fin|Voice#Pass
005.SCG*LB3.CP-9++9.N.10.2-4.6-4W25	operatur	NO MATCH	lemma/115028	Aspect#Perf|Case#Abl|Degree#Pos|Gender#Fem|Number#Sing|Tense#Past|VerbForm#Part|Voice#Pass
005.SCG*LB4.CP-2++7.N.-2.6-3.10-4W9	arbitratus	NO MATCH	lemma/89778	Aspect#Perf|Case#Gen|Degree#Pos|Gender#Neut|Number#Sing|Tense#Past|VerbForm#Part|Voice#Pass
005.SCG*LB3.CP-9++1.N.-4.7-4.8-4W8	testantur	NO MATCH	lemma/127996	Mood#Ind|Number#Sing|Person#3|Tense#Pres|VerbForm#Fin|Voice#Act
005.SCG*LB4.CP-2++4.N.11.23-1.25-1W10	loqui	NO MATCH	lemma/110805	Mood#Ind|Number#Sing|Person#3|Tense#Pres|VerbForm#Fin|Voice#Act
005.SCG*LB2.CP-5++5.N.-3.5-2.7-2W4	fieri	NO MATCH	lemma/102758	Tense#Pres|VerbForm#Inf|Voice#Pass
005.SCG*LB3.CP15++8.N.-7.7-1.8-7W8	patitur	NO MATCH	lemma/116222	Tense#Pres|VerbForm#Inf|Voice#Pass
005.SCG*LB4.CP-6++2.N.-5.2-2.4-1W3	semotim	NO MATCH	lemma/124293	Degree#Pos
005.SCG*LB4.CP-4++1.N.-7.11-2.14-5W17	puta	NO MATCH	lemma/120610	VerbForm#Fin
005.SCG*LB1.CP-2++3.N.-3.14-1.14-8W3	patietur	NO MATCH	lemma/116222	Tense#Pres|VerbForm#Inf|Voice#Act
005.SCG*LB1.CP-1++5.N.-5.10-2.11-3W7	necesse-esse	NO MATCH	lemma/126689	Tense#Pres|VerbForm#Inf|Voice#Act
005.SCG*LB3.CP11++7.N.-4.4-2.5-4W2	convenientissime	NO MATCH	lemma/96424	Degree#Abs
005.SCG*LB4.CP-7++3.N.-1.9-5.14-1W19	patienter	NO MATCH	lemma/116222	Aspect#Perf|Case#Abl|Degree#Pos|Gender#Fem|Number#Sing|Tense#Past|VerbForm#Part|Voice#Pass
005.SCG*LB3.CP-4++3.N.-8.6-3.11-5W3	oportet	NO MATCH	lemma/115098	Mood#Sub|Number#Sing|Person#3|Tense#Pres|VerbForm#Fin|Voice#Act
005.SCG*LB1.CP-3++0.N.-2.1-1.7-4W14	eminentiorem	NO MATCH	lemma/100978	Case#Acc|Degree#Cmp|Gender#Masc|Number#Sing|Tense#Pres|VerbForm#Part|Voice#Act
005.SCG*LB2.CP-7++3.N.12.2-6.4-2W8	oportet	NO MATCH	lemma/115098	Aspect#Imp|Mood#Ind|Number#Sing|Person#3|Tense#Pres|VerbForm#Fin|Voice#Act
005.SCG*LB4.CP-1++4.N.-1.1-1.6-1W14	fit	NO MATCH	lemma/102758	Aspect#Imp|Mood#Ind|Number#Sing|Person#3|Tense#Pres|VerbForm#Fin|Voice#Pass
005.SCG*LB3.CP-5++8.N.-1.11-1.13-4W9	perfectus	NO MATCH	lemma/116821	Degree#Cmp
005.SCG*LB3.CP12++8.N.-6.5-4.8-5W1	oportuit	NO MATCH	lemma/115098	Degree#Cmp
005.SCG*LB4.CP-8++1.N.-7.12-6.15-4W20	puta	NO MATCH	lemma/120610	VerbForm#Fin
005.SCG*LB2.CP-6++5.N.-4.6-6.10-5W8	oportebit	NO MATCH	lemma/115098	Mood#Ind|Number#Sing|Person#3|Tense#Pres|VerbForm#Fin|Voice#Pass
005.SCG*LB1.CP-4++4.N.-7.9-5.12-7W15	oportet	NO MATCH	lemma/115098	Aspect#Perf|Case#Acc|Degree#Pos|Gender#Neut|Number#Plur|Tense#Past|VerbForm#Part|Voice#Pass
005.SCG*LB3.CP-9++2.N.-5.21-7.24-3W10	fieri	NO MATCH	lemma/102758	Tense#Pres|VerbForm#Inf|Voice#Pass
005.SCG*LB4.CP-2++3.N.-3.14-6.18-6W24	loquitur	NO MATCH	lemma/110805	Case#Gen|Degree#Pos|Gender#Masc|Number#Sing|Tense#Pres|VerbForm#Part|Voice#Act
005.SCG*LB1.CP-9++1.N.12.14-1.16-2W5	iratus	NO MATCH	lemma/108954	Tense#Pres|VerbForm#Inf|Voice#Act
005.SCG*LB1.CP-9++3.N.-3.4-3.5-6W9	carens	NO MATCH	lemma/92848	Case#Nom|Degree#Pos|Number#Sing|Tense#Pres|VerbForm#Part|Voice#Act
005.SCG*LB4.CP-1++2.N.-2.10-4.13-1W4	loquendi	NO MATCH	lemma/110805	Aspect#Imp|Mood#Ind|Number#Plur|Person#3|Tense#Pres|VerbForm#Fin|Voice#Act
005.SCG*LB2.CP-4++1.N.13.3-1.3-6W4	incoepit	NO MATCH	lemma/106965	Aspect#Perf|Mood#Ind|Number#Sing|Person#3|Tense#Past|VerbForm#Fin|Voice#Act
005.SCG*LB3.CP-7++6.N.-4.6-3.9-7W1	oportet	NO MATCH	lemma/115098	Tense#Pres|VerbForm#Inf|Voice#Act
005.SCG*LB2.CP-3++0.N.15.1-1.12-5W13	moto	NO MATCH	lemma/112848	Case#Abl|Degree#Pos|Gender#Masc|Number#Sing
005.SCG*LB3.CP-4++7.N.-2.6-5.9-7W2	oportet	NO MATCH	lemma/115098	Mood#Sub|Number#Sing|Person#3|Tense#Pres|VerbForm#Fin|Voice#Act
005.SCG*LB2.CP-8++0.N.-8.8-1.11-5W10	proportionata	NO MATCH	lemma/131413	Tense#Pres|VerbForm#Inf|Voice#Pass
005.SCG*LB3.CP-9++5.N.10.5-6.8-6W19	sortiatur	NO MATCH	lemma/125211	Aspect#Imp|Mood#Ind|Number#Plur|Person#3|Tense#Pres|VerbForm#Fin|Voice#Act
005.SCG*LB3.CP15++8.N.-5.15-5.17-2W12	patientis	NO MATCH	lemma/116222	Mood#Ind|Number#Sing|Person#3|Tense#Pres|VerbForm#Fin|VerbType#Mod|Voice#Act
005.SCG*LB4.CP-5++5.N.27.1-1.7-4W9	sufficienter	NO MATCH	lemma/126601	Degree#Pos
005.SCG*LB1.CP-2++5.N.10.14-1.16-7W1	oportet	NO MATCH	lemma/115098	Mood#Ind|Number#Sing|Person#1|Tense#Pres|VerbForm#Fin|Voice#Act
005.SCG*LB3.CP10++3.N.-9.8-1.10-1W14	operantur	NO MATCH	lemma/115028	Mood#Ind|Number#Sing|Person#3|Tense#Pres|VerbForm#Fin|Voice#Pass
005.SCG*LB4.CP-3++4.N.28.5-6.10-7W41	mortuus	NO MATCH	lemma/112796	Aspect#Perf|Case#Nom|Degree#Pos|Gender#Masc|Number#Sing|Tense#Past|VerbForm#Part|Voice#Pass
005.SCG*LB3.CP13++4.N.-2.24-1.27-7W9	fit	NO MATCH	lemma/102758	Mood#Ind|Number#Sing|Person#3|Tense#Pres|VerbForm#Fin|Voice#Pass
005.SCG*LB2.CP-3++0.N.15.13-1.17-2W12	passo	NO MATCH	lemma/116222	Aspect#Imp|Tense#Pres|VerbForm#Inf|Voice#Act
005.SCG*LB3.CP-6++6.N.-3.1-2.5-6W18	fit	NO MATCH	lemma/102758	Mood#Ind|Number#Sing|Person#3|Tense#Pres|VerbForm#Fin|Voice#Pass
005.SCG*LB2.CP-3++1.N.-2.11-2.14-8W23	consequens	NO MATCH	lemma/96035	Case#Acc|Degree#Pos|Gender#Neut|Number#Sing|Tense#Pres|VerbForm#Part|Voice#Pass
005.SCG*LB3.CP10++4.N.-8.12-1.15-3W13	fit	NO MATCH	lemma/102758	Mood#Ind|Number#Sing|Person#3|Tense#Pres|VerbForm#Fin|Voice#Pass
005.SCG*LB3.CP-1++7.N.-5.14-4.15-4W1	oportet	NO MATCH	lemma/115098	Mood#Sub|Number#Sing|Person#3|Tense#Pres|VerbForm#Fin|Voice#Act
005.SCG*LB3.CP15++4.N.-7.19-4.21-5W9	loqui	NO MATCH	lemma/110805	Aspect#Imp|Mood#Ind|Number#Sing|Person#3|Tense#Pres|VerbForm#Fin|VerbType#Mod|Voice#Act
005.SCG*LB4.CP-5++5.N.11.16-1.18-2W8	experiretur	NO MATCH	lemma/102164	Mood#Ind|Number#Sing|Person#3|Tense#Pres|VerbForm#Fin|Voice#Act
005.SCG*LB4.CP-3++6.N.10.11-1.14-1W8	operatus	NO MATCH	lemma/115028	Aspect#Perf|Case#Nom|Degree#Pos|Gender#Fem|Number#Plur|Tense#Past|VerbForm#Part|Voice#Pass
005.SCG*LB3.CP12++0.N.-9.3-1.6-1W17	licet	NO MATCH	lemma/110432	Aspect#Perf|Mood#Ind|Number#Plur|Person#3|Tense#Fut|VerbForm#Fin|Voice#Act
005.SCG*LB1.CP-7++4.N.-6.5-7.8-2W5	proportionatur	NO MATCH	lemma/131413	Case#Acc|Degree#Pos|Gender#Fem|Number#Sing|Tense#Pres|VerbForm#Part|Voice#Act
005.SCG*LB1.CP-5++9.N.-3.16-6.25-2W3	licet	NO MATCH	lemma/110432	Tense#Pres|VerbForm#Inf|Voice#Act
005.SCG*LB2.CP-7++9.N.16.7-5.8-6W8	moriuntur	NO MATCH	lemma/112796	Mood#Sub|Number#Sing|Person#3|Tense#Pres|VerbForm#Fin|Voice#Act
005.SCG*LB4.CP-5++5.N.26.3-3.8-1W20	patientis	NO MATCH	lemma/116222	Mood#Ind|Number#Sing|Person#3|Tense#Pres|VerbForm#Fin|Voice#Act
005.SCG*LB3.CP11++6.N.-2.12-1.14-1W15	differenter	NO MATCH	lemma/99342	Case#Loc|Degree#Pos|Number#Sing|Tense#Pres|VerbForm#Part|Voice#Act
005.SCG*LB4.CP-6++9.N.-6.6-5.10-4W24	subsequentes	NO MATCH	lemma/126356	Aspect#Imp|Case#Acc|Degree#Pos|Gender#Masc|Number#Plur|Tense#Pres|VerbForm#Part|Voice#Pass
005.SCG*LB3.CP13++2.N.-9.14-1.16-3W17	operari	NO MATCH	lemma/115028	Mood#Ind|Number#Sing|Person#3|Tense#Pres|VerbForm#Fin|Voice#Act
005.SCG*LB2.CP-7++3.N.12.2-6.4-2W6	sortitur	NO MATCH	lemma/125211	Case#Nom|Degree#Pos|Gender#Neut|Number#Sing|Tense#Pres|VerbForm#Part|Voice#Act
005.SCG*LB2.CP-4++8.N.-1.1-1.3-1W12	operando	NO MATCH	lemma/115028	Case#Abl|Degree#Pos|Gender#Neut|Number#Plur|Tense#Pres|VerbForm#Part|Voice#Act
005.SCG*LB1.CP-4++2.N.-9.36-5.39-2W9	essendi	NO MATCH	lemma/126689	Case#Gen|Degree#Pos|Number#Sing|VerbForm#Ger|Voice#Act
005.SCG*LB3.CP-6++5.N.-8.8-8.13-8W14	oportet	NO MATCH	lemma/115098	Mood#Ind|Number#Sing|Person#3|Tense#Pres|VerbForm#Fin|Voice#Pass
005.SCG*LB2.CP-9++2.N.-3.10-1.17-3W31	operantur	NO MATCH	lemma/115028	Mood#Ind|Number#Sing|Person#3|Tense#Pres|VerbForm#Fin|Voice#Pass
005.SCG*LB2.CP-9++6.N.-3.7-1.9-2W5	obiectum	NO MATCH	lemma/114227	Case#Nom|Degree#Pos|Gender#Neut|Number#Sing
005.SCG*LB3.CP-3++0.N.-5.1-2.3-3W10	oportet	NO MATCH	lemma/115098	Mood#Ind|Number#Sing|Person#3|Tense#Pres|VerbForm#Fin|Voice#Act
005.SCG*LB4.CP-7++8.N.-2.1-1.5-1W23	proportionatus	NO MATCH	lemma/131413	Mood#Ind|Number#Plur|Person#1|Tense#Pres|VerbForm#Fin|Voice#Act
005.SCG*LB2.CP-3++7.N.-2.1-1.5-1W9	fieri	NO MATCH	lemma/102758	Tense#Pres|VerbForm#Inf|Voice#Pass
005.SCG*LB3.CP-8++5.N.19.1-1.7-3W6	licet	NO MATCH	lemma/110432	Mood#Sub|Number#Sing|Person#3|Tense#Pres|VerbForm#Fin|Voice#Pass
005.SCG*LB2.CP-3++7.N.-2.38-3.40-4W12	fieri	NO MATCH	lemma/102758	Tense#Pres|VerbForm#Inf|Voice#Pass
005.SCG*LB4.CP-3++6.N.-7.7-1.8-1W5	consequens	NO MATCH	lemma/96035	Aspect#Imp|Case#Nom|Degree#Pos|Gender#Masc|Number#Sing|Tense#Pres|VerbForm#Part|Voice#Pass
005.SCG*LB4.CP-3++4.N.15.8-2.10-8W1	convenienter	NO MATCH	lemma/96424	Degree#Pos
005.SCG*LB2.CP-6++2.N.-8.1-2.5-1W10	oportet	NO MATCH	lemma/115098	Aspect#Imp|Case#Nom|Degree#Pos|Gender#Masc|Number#Plur|Tense#Pres|VerbForm#Part|Voice#Act
005.SCG*LB2.CP-1++9.N.-4.6-4.10-4W10	loquimur	NO MATCH	lemma/110805	Mood#Ind|Number#Sing|Person#3|Tense#Pres|VerbForm#Fin|Voice#Act
005.SCG*LB1.CP-9++0.N.-1.1-1.5-2W7	licet	NO MATCH	lemma/110432	Mood#Sub|Number#Sing|Person#3|Tense#Pres|VerbForm#Fin|Voice#Pass
005.SCG*LB3.CP13++2.N.14.5-3.9-3W5	sectantes	NO MATCH	lemma/123964	Mood#Ind|Number#Sing|Person#3|Tense#Pres|VerbForm#Fin|Voice#Act
005.SCG*LB3.CP10++4.N.-8.16-5.18-3W8	sortiantur	NO MATCH	lemma/125211	Mood#Sub|Number#Plur|Person#3|Tense#Pres|VerbForm#Fin|Voice#Act
005.SCG*LB2.CP-7++4.N.-2.7-6.11-8W23	fit	NO MATCH	lemma/102758	Mood#Ind|Number#Sing|Person#3|Tense#Pres|VerbForm#Fin|Voice#Pass
005.SCG*LB2.CP10++0.N.-2.8-7.15-5W32	individuantium	NO MATCH	lemma/59198	Case#Abl|Degree#Pos|Gender#Fem|Number#Sing|Tense#Pres|VerbForm#Part|Voice#Act
005.SCG*LB3.CP-1++2.N.-5.5-2.6-5W1	oportet	NO MATCH	lemma/115098	Mood#Ind|Number#Plur|Person#1|Tense#Pres|VerbForm#Fin|Voice#Act
005.SCG*LB2.CP-5++5.N.13.30-3.35-6W4	oportet	NO MATCH	lemma/115098	Aspect#Imp|Mood#Ind|Number#Sing|Person#3|Tense#Pres|VerbForm#Fin|Voice#Pass
005.SCG*LB4.CP-5++4.N.-9.18-4.21-1W4	licet	NO MATCH	lemma/110432	Aspect#Imp|Tense#Pres|VerbForm#Inf|Voice#Pass
005.SCG*LB4.CP-7++9.N.10.1-1.4-2W9	suffragatur	NO MATCH	lemma/126631	Tense#Pres|VerbForm#Inf|VerbType#Mod|Voice#Act
005.SCG*LB3.CP-4++3.N.-9.6-3.8-4W1	fit	NO MATCH	lemma/102758	Mood#Ind|Number#Sing|Person#3|Tense#Pres|VerbForm#Fin|Voice#Pass
005.SCG*LB3.CP-8++0.N.-1.1-1.6-4W18	oportet	NO MATCH	lemma/115098	Mood#Ind|Number#Sing|Person#3|Tense#Pres|VerbForm#Fin|VerbType#Mod|Voice#Act
005.SCG*LB1.CP-2++0.N.12.13-2.17-4W10	oportebit	NO MATCH	lemma/115098	Mood#Ind|Number#Sing|Person#3|Tense#Pres|VerbForm#Fin|Voice#Act
005.SCG*LB4.CP-3++4.N.12.5-2.9-4W31	passus	NO MATCH	lemma/116222	Aspect#Perf|Case#Gen|Degree#Pos|Gender#Fem|Number#Plur|Tense#Past|VerbForm#Part|Voice#Pass
005.SCG*LB3.CP12++0.N.12.7-1.10-2W16	oportet	NO MATCH	lemma/115098	Mood#Ind|Number#Sing|Person#3|Tense#Pres|VerbForm#Fin|Voice#Act
005.SCG*LB4.CP-5++3.N.14.1-2.5-6W6	passus	NO MATCH	lemma/116222	Case#Gen|Degree#Pos|Gender#Neut|Number#Sing|Tense#Pres|VerbForm#Part|Voice#Act
005.SCG*LB3.CP-5++3.N.-4.5-1.9-2W15	oportet	NO MATCH	lemma/115098	Mood#Ind|Number#Plur|Person#3|Tense#Pres|VerbForm#Fin|Voice#Act
005.SCG*LB4.CP-5++2.N.15.8-1.10-8W2	licet	NO MATCH	lemma/110432	Aspect#Perf|Mood#Ind|Number#Sing|Person#3|Tense#Past|VerbForm#Fin|Voice#Act
005.SCG*LB4.CP-1++2.N.-3.1-1.2-7W6	oportet	NO MATCH	lemma/115098	Aspect#Imp|Mood#Ind|Number#Sing|Person#3|Tense#Fut|VerbForm#Fin|Voice#Act
005.SCG*LB4.CP-8++5.N.-4.9-2.10-5W1	oportet	NO MATCH	lemma/115098	Aspect#Imp|Tense#Pres|VerbForm#Inf|Voice#Act
005.SCG*LB1.CP-9++6.N.-7.23-8.25-3W4	operantur	NO MATCH	lemma/115028	Aspect#Imp|Tense#Pres|VerbForm#Inf|Voice#Act
005.SCG*LB3.CP-1++1.N.-5.4-7.8-1W1	oportet	NO MATCH	lemma/115098	Mood#Ind|Number#Sing|Person#3|Tense#Pres|VerbForm#Fin|Voice#Act
005.SCG*LB3.CP-8++4.N.-8.6-3.8-5W13	sortitur	NO MATCH	lemma/125211	Aspect#Imp|Case#Nom|Degree#Pos|Gender#Fem|Number#Sing|Tense#Pres|VerbForm#Part|Voice#Act
005.SCG*LB2.CP-4++6.N.-4.1-2.5-7W12	oportuit	NO MATCH	lemma/115098	Mood#Ind|Number#Sing|Person#3|Tense#Pres|VerbForm#Fin|Voice#Act
005.SCG*LB1.CP-3++1.N.-2.26-5.30-3W17	essendi	NO MATCH	lemma/126689	Case#Gen|Degree#Pos|Number#Sing|VerbForm#Ger|Voice#Act
005.SCG*LB2.CP-8++2.N.12.4-1.5-7W5	fit	NO MATCH	lemma/102758	Mood#Ind|Number#Sing|Person#3|Tense#Pres|VerbForm#Fin|Voice#Pass
005.SCG*LB2.CP-6++0.N.-5.29-2.36-2W25	operantes	NO MATCH	lemma/115028	Mood#Ind|Number#Plur|Person#3|Tense#Pres|VerbForm#Fin|Voice#Pass
005.SCG*LB2.CP-7++3.N.10.1-2.3-4W2	sortitur	NO MATCH	lemma/125211	Mood#Ind|Number#Sing|Person#3|Tense#Pres|VerbForm#Fin|Voice#Act
005.SCG*LB4.CP-1++7.N.18.2-1.3-2W2	loquitur	NO MATCH	lemma/110805	Aspect#Perf|Case#Acc|Degree#Pos|Gender#Fem|Number#Sing|Tense#Past|VerbForm#Part|Voice#Pass
005.SCG*LB4.CP-7++4.N.-2.33-2.34-3W5	oportet	NO MATCH	lemma/115098	Mood#Ind|Number#Sing|Person#3|Tense#Pres|VerbForm#Fin|Voice#Act
005.SCG*LB2.CP-2++2.N.-6.16-1.20-7W35	fit	NO MATCH	lemma/102758	Mood#Ind|Number#Sing|Person#3|Tense#Pres|VerbForm#Fin|Voice#Pass
005.SCG*LB2.CP-6++0.N.-8.8-2.10-1W11	pati	NO MATCH	lemma/116222	Tense#Pres|VerbForm#Inf|Voice#Act
005.SCG*LB1.CP-7++6.N.-4.1-2.5-1W15	semotim	NO MATCH	lemma/124293	Degree#Pos
005.SCG*LB4.CP--++8.N.-8.19-2.20-3W2	passo	NO MATCH	lemma/116222	Mood#Ind|Number#Sing|Person#3|Tense#Pres|VerbForm#Fin|Voice#Act
005.SCG*LB4.CP-1++1.N.-9.4-2.5-5W8	oportet	NO MATCH	lemma/115098	Mood#Sub|Number#Sing|Person#3|Tense#Pres|VerbForm#Fin|Voice#Pass
005.SCG*LB2.CP-4++5.N.-3.1-2.4-2W17	oportet	NO MATCH	lemma/115098	Mood#Ind|Number#Sing|Person#3|Tense#Pres|VerbForm#Fin|VerbType#Mod|Voice#Act
005.SCG*LB1.CP--++5.N.-2.3-1.13-2W26	oportuit	NO MATCH	lemma/115098	Aspect#Perf|Case#Acc|Degree#Pos|Gender#Neut|Number#Plur|Tense#Past|VerbForm#Part|Voice#Pass
005.SCG*LB4.CP-3++4.N.15.8-2.10-8W16	licet	NO MATCH	lemma/110432	Mood#Ind|Number#Sing|Person#3|Tense#Pres|VerbForm#Fin|VerbType#Mod|Voice#Act
005.SCG*LB2.CP-1++6.N.10.9-4.11-8W8	proportionata	NO MATCH	lemma/131413	Mood#Ind|Number#Sing|Person#3|Tense#Pres|VerbForm#Fin|Voice#Act
005.SCG*LB3.CP-2++0.N.-7.1-1.6-5W8	licet	NO MATCH	lemma/110432	Mood#Sub|Number#Sing|Person#3|Tense#Pres|VerbForm#Fin|Voice#Act
005.SCG*LB2.CP-1++5.N.-2.27-1.29-2W1	oportet	NO MATCH	lemma/115098	Aspect#Imp|Mood#Ind|Number#Sing|Person#3|Tense#Pres|VerbForm#Fin|Voice#Pass
005.SCG*LB2.CP-3++3.N.-8.1-2.3-3W11	oportet	NO MATCH	lemma/115098	Aspect#Perf|Case#Abl|Degree#Pos|Gender#Fem|Number#Plur|Tense#Past|VerbForm#Part|Voice#Pass
005.SCG*LB3.CP14++8.N.-3.7-3.8-4W4	operatus	NO MATCH	lemma/115028	Mood#Ind|Number#Sing|Person#3|Tense#Pres|VerbForm#Fin|VerbType#Mod|Voice#Act
005.SCG*LB3.CP-2++2.N.-7.1-1.7-6W33	oportet	NO MATCH	lemma/115098	Mood#Ind|Number#Sing|Person#3|Tense#Pres|VerbForm#Fin|Voice#Act
005.SCG*LB3.CP-2++6.N.21.3-2.8-4W14	consequentem	NO MATCH	lemma/96035	Case#Acc|Degree#Pos|Gender#Fem|Number#Sing|Tense#Pres|VerbForm#Part|Voice#Pass
005.SCG*LB3.CP-7++6.N.-3.9-4.11-5W1	oportet	NO MATCH	lemma/115098	Mood#Ind|Number#Sing|Person#3|Tense#Pres|VerbForm#Fin|Voice#Act
005.SCG*LB2.CP-3++8.N.10.2-4.6-4W8	fieri	NO MATCH	lemma/102758	Tense#Pres|VerbForm#Inf|Voice#Pass
005.SCG*LB2.CP--++1.N.-2.5-5.7-4W7	operari	NO MATCH	lemma/115028	Tense#Pres|VerbForm#Inf|Voice#Pass
005.SCG*LB4.CP--++8.N.-4.10-1.13-3W15	arbitratus	NO MATCH	lemma/89778	Case#Nom|Degree#Pos|Gender#Neut|Number#Sing|VerbForm#Gdv|Voice#Pass
005.SCG*LB3.CP-7++1.N.12.14-2.19-2W12	oportet	NO MATCH	lemma/115098	Case#Abl|Degree#Pos|Number#Sing|VerbForm#Ger|Voice#Act
005.SCG*LB2.CP-8++9.N.16.2-1.5-5W15	operatur	NO MATCH	lemma/115028	Mood#Sub|Number#Sing|Person#3|Tense#Pres|VerbForm#Fin|Voice#Act
005.SCG*LB2.CP-3++6.N.-2.7-3.10-5W1	licet	NO MATCH	lemma/110432	Mood#Ind|Number#Sing|Person#3|Tense#Pres|VerbForm#Fin|Voice#Pass
005.SCG*LB4.CP-8++3.N.23.7-2.9-7W9	contemplante	NO MATCH	lemma/96238	Mood#Sub|Number#Sing|Person#3|Tense#Pres|VerbForm#Fin|Voice#Act
005.SCG*LB3.CP15++4.N.-8.18-3.19-4W11	eiicite	NO MATCH	lemma/100727	Mood#Imp|Number#Plur|Person#2|Tense#Pres|VerbForm#Fin|Voice#Act
005.SCG*LB4.CP-8++2.N.-8.13-1.15-3W13	consequens	NO MATCH	lemma/96035	Aspect#Imp|Case#Acc|Degree#Pos|Gender#Neut|Number#Sing|Tense#Pres|VerbForm#Part|Voice#Pass
005.SCG*LB4.CP-4++6.N.-3.7-5.10-2W11	convenienter	NO MATCH	lemma/96424	Degree#Pos
005.SCG*LB4.CP-2++5.N.-1.5-1.8-5W10	loquens	NO MATCH	lemma/110805	Mood#Ind|Number#Sing|Person#3|Tense#Pres|VerbForm#Fin|Voice#Act
005.SCG*LB1.CP-5++4.N.-2.15-6.18-1W1	oportet	NO MATCH	lemma/115098	Aspect#Perf|Case#Nom|Degree#Pos|Gender#Neut|Number#Plur|Tense#Past|VerbForm#Part|Voice#Pass
005.SCG*LB2.CP-3++0.N.-1.1-1.7-2W15	operando	NO MATCH	lemma/115028	Mood#Ind|Number#Sing|Person#3|Tense#Pres|VerbForm#Fin|Voice#Act
005.SCG*LB2.CP-3++6.N.-7.1-1.5-2W13	incoepit	NO MATCH	lemma/106965	Aspect#Perf|Mood#Ind|Number#Sing|Person#3|Tense#Past|VerbForm#Fin|Voice#Act
005.SCG*LB4.CP-2++2.N.-5.11-1.14-1W13	pati	NO MATCH	lemma/116222	Mood#Ind|Number#Sing|Person#3|Tense#Pres|VerbForm#Fin|Voice#Act
005.SCG*LB4.CP-5++5.N.11.57-1.63-4W11	oportet	NO MATCH	lemma/115098	Mood#Ind|Number#Plur|Person#1|Tense#Pres|VerbForm#Fin|Voice#Act
005.SCG*LB4.CP--++5.N.12.12-7.14-1W1	oportet	NO MATCH	lemma/115098	Aspect#Perf|Case#Nom|Degree#Pos|Gender#Masc|Number#Plur|Tense#Past|VerbForm#Part|Voice#Pass
005.SCG*LB3.CP10++7.N.11.13-2.14-2W10	opitulari	NO MATCH	lemma/115087	Mood#Ind|Number#Sing|Person#3|Tense#Pres|VerbForm#Fin|Voice#Act
005.SCG*LB2.CP-4++3.N.-7.13-4.15-6W3	oportet	NO MATCH	lemma/115098	Mood#Ind|Number#Sing|Person#3|Tense#Pres|VerbForm#Fin|Voice#Pass
005.SCG*LB4.CP-1++6.N.-3.6-4.7-5W1	loqui	NO MATCH	lemma/110805	Mood#Sub|Number#Sing|Person#3|Tense#Pres|VerbForm#Fin|Voice#Act
005.SCG*LB4.CP-3++9.N.-2.2-6.6-1W14	passum	NO MATCH	lemma/116222	Mood#Ind|Number#Sing|Person#3|Tense#Pres|VerbForm#Fin|Voice#Act
005.SCG*LB3.CP-5++8.N.-4.11-5.14-3W1	oportet	NO MATCH	lemma/115098	Mood#Ind|Number#Sing|Person#3|Tense#Pres|VerbForm#Fin|Voice#Act
005.SCG*LB3.CP-7++1.N.-6.7-5.10-4W13	oporteret	NO MATCH	lemma/115098	Mood#Ind|Number#Sing|Person#3|Tense#Pres|VerbForm#Fin|Voice#Act
005.SCG*LB2.CP-1++7.N.-5.5-2.7-1W2	oportet	NO MATCH	lemma/115098	Aspect#Perf|Case#Nom|Degree#Pos|Gender#Neut|Number#Sing|Tense#Past|VerbForm#Part|Voice#Pass
005.SCG*LB3.CP13++2.N.20.5-5.10-3W3	oportet	NO MATCH	lemma/115098	Aspect#Perf|Case#Nom|Degree#Pos|Gender#Neut|Number#Sing|Tense#Past|VerbForm#Part|Voice#Pass
005.SCG*LB4.CP-1++3.N.-4.10-1.13-6W12	oportet	NO MATCH	lemma/115098	Aspect#Imp|Mood#Ind|Number#Sing|Person#3|Tense#Pres|VerbForm#Fin|Voice#Act
005.SCG*LB3.CP-7++8.N.-4.5-5.8-4W18	operantis	NO MATCH	lemma/115028	Mood#Ind|Number#Sing|Person#3|Tense#Pres|VerbForm#Fin|Voice#Act
005.SCG*LB2.CP-5++5.N.-2.6-6.8-4W5	fit	NO MATCH	lemma/102758	Mood#Ind|Number#Sing|Person#3|Tense#Pres|VerbForm#Fin|Voice#Pass
005.SCG*LB3.CP15++0.N.-5.6-5.9-4W2	oportet	NO MATCH	lemma/115098	Mood#Ind|Number#Sing|Person#3|Tense#Pres|VerbForm#Fin|VerbType#Mod|Voice#Act
005.SCG*LB3.CP13++5.N.22.16-4.19-2W1	puta	NO MATCH	lemma/120610	
005.SCG*LB2.CP-7++5.N.-3.1-2.4-9W13	oporteret	NO MATCH	lemma/115098	Mood#Sub|Number#Sing|Person#3|Tense#Pres|VerbForm#Fin|Voice#Act
005.SCG*LB4.CP-5++5.N.25.1-1.4-5W15	oportuit	NO MATCH	lemma/115098	Mood#Sub|Number#Sing|Person#3|Tense#Pres|VerbForm#Fin|Voice#Act
005.SCG*LB3.CP-9++5.N.16.11-2.14-3W19	fiat	NO MATCH	lemma/102758	Mood#Sub|Number#Sing|Person#3|Tense#Pres|VerbForm#Fin|Voice#Pass
005.SCG*LB3.CP12++8.N.-7.20-5.22-4W3	fit	NO MATCH	lemma/102758	Mood#Ind|Number#Sing|Person#3|Tense#Pres|VerbForm#Fin|Voice#Pass
005.SCG*LB2.CP--++3.N.-4.4-2.10-4W49	operari	NO MATCH	lemma/115028	Aspect#Imp|Tense#Pres|VerbForm#Inf|Voice#Pass
005.SCG*LB3.CP12++8.N.-4.8-6.11-4W1	oportuit	NO MATCH	lemma/115098	Mood#Sub|Number#Plur|Person#3|Tense#Pres|VerbForm#Fin|Voice#Pass
005.SCG*LB2.CP-8++9.N.13.17-2.19-1W2	oportet	NO MATCH	lemma/115098	Aspect#Perf|Mood#Ind|Number#Sing|Person#3|Tense#Past|VerbForm#Fin|Voice#Act
005.SCG*LB4.CP-2++4.N.10.18-6.21-8W9	oportet	NO MATCH	lemma/115098	Mood#Sub|Number#Plur|Person#3|Tense#Pres|VerbForm#Fin|Voice#Act
005.SCG*LB3.CP-8++4.N.11.1-1.4-4W3	sequentes	NO MATCH	lemma/124461	Case#Nom|Degree#Pos|Gender#Masc|Number#Plur|Tense#Pres|VerbForm#Part|Voice#Pass
005.SCG*LB4.CP-1++9.N.-2.11-2.13-1W7	operatur	NO MATCH	lemma/115028	Aspect#Imp|Mood#Sub|Number#Plur|Person#3|Tense#Imp|VerbForm#Fin|Voice#Pass
005.SCG*LB2.CP-2++4.N.-3.2-1.5-5W2	oportet	NO MATCH	lemma/115098	Aspect#Perf|Case#Acc|Degree#Pos|Gender#Neut|Number#Plur|Tense#Past|VerbForm#Part|Voice#Pass
005.SCG*LB4.CP-3++4.N.12.5-2.9-4W34	mortuus	NO MATCH	lemma/112796	Mood#Ind|Number#Plur|Person#3|Tense#Pres|VerbForm#Fin|Voice#Pass
005.SCG*LB1.CP-1++3.N.12.1-5.4-2W10	oportet	NO MATCH	lemma/115098	Mood#Ind|Number#Sing|Person#3|Tense#Pres|VerbForm#Fin|Voice#Act
005.SCG*LB4.CP--++7.N.-3.1-1.6-2W6	excellentioris	NO MATCH	lemma/101840	Aspect#Imp|Case#Gen|Degree#Cmp|Gender#Fem|Number#Sing|Tense#Pres|VerbForm#Part|Voice#Act
005.SCG*LB3.CP-1++0.N.-3.5-7.7-3W1	oportet	NO MATCH	lemma/115098	Mood#Ind|Number#Sing|Person#3|Tense#Pres|VerbForm#Fin|Voice#Act
005.SCG*LB2.CP-7++5.N.-8.1-1.4-3W3	oportet	NO MATCH	lemma/115098	Tense#Pres|VerbForm#Inf|Voice#Act
005.SCG*LB2.CP-7++5.N.15.32-2.40-1W25	praeexistenti	NO MATCH	lemma/131401	Mood#Ind|Number#Plur|Person#3|Tense#Pres|VerbForm#Fin|Voice#Act
005.SCG*LB2.CP-7++6.N.20.5-3.8-4W7	operandum	NO MATCH	lemma/115028	Mood#Ind|Number#Sing|Person#3|Tense#Pres|VerbForm#Fin|VerbType#Mod|Voice#Act
005.SCG*LB4.CP--++4.N.15.11-7.13-3W12	passus	NO MATCH	lemma/116222	Case#Nom|Degree#Pos|Gender#Fem|Number#Plur|Tense#Pres|VerbForm#Part|Voice#Act
005.SCG*LB4.CP-2++1.N.--.1-1.4-5W19	largitur	NO MATCH	lemma/109940	Aspect#Perf|Case#Acc|Degree#Pos|Gender#Fem|Number#Sing|Tense#Past|VerbForm#Part|Voice#Pass
005.SCG*LB4.CP-8++2.N.-8.10-7.12-6W9	mortui	NO MATCH	lemma/112796	Aspect#Perf|Case#Acc|Degree#Pos|Gender#Fem|Number#Sing|Tense#Past|VerbForm#Part|Voice#Pass
005.SCG*LB3.CP-9++5.N.17.14-1.16-1W2	loquar	NO MATCH	lemma/110805	Aspect#Perf|Case#Acc|Degree#Pos|Gender#Neut|Number#Plur|Tense#Past|VerbForm#Part|Voice#Pass
005.SCG*LB3.CP12++3.N.-7.9-6.14-1W4	oportet	NO MATCH	lemma/115098	Aspect#Perf|Case#Acc|Degree#Pos|Gender#Neut|Number#Sing|Tense#Past|VerbForm#Part|Voice#Pass
005.SCG*LB3.CP15++4.N.13.6-5.12-5W20	fit	NO MATCH	lemma/102758	Mood#Ind|Number#Sing|Person#3|Tense#Pres|VerbForm#Fin|Voice#Pass
005.SCG*LB1.CP--++7.N.-3.3-3.4-4W3	ficte	NO MATCH	lemma/103319	Degree#Pos
005.SCG*LB1.CP-8++6.N.-6.6-1.13-4W5	licet	NO MATCH	lemma/110432	Tense#Pres|VerbForm#Inf|Voice#Act
005.SCG*LB4.CP-2++4.N.14.15-6.16-5W3	oportet	NO MATCH	lemma/115098	Mood#Ind|Number#Sing|Person#3|Tense#Pres|VerbForm#Fin|Voice#Pass
005.SCG*LB4.CP-1++4.N.-9.9-1.12-2W1	oportet	NO MATCH	lemma/115098	Aspect#Imp|Mood#Sub|Number#Sing|Person#3|Tense#Pres|VerbForm#Fin|Voice#Act
005.SCG*LB3.CP-9++7.N.15.5-2.7-1W4	loquentium	NO MATCH	lemma/110805	Aspect#Imp|Mood#Sub|Number#Sing|Person#3|Tense#Imp|VerbForm#Fin|Voice#Pass
005.SCG*LB3.CP15++2.N.-4.11-4.16-1W10	oportet	NO MATCH	lemma/115098	Case#Abl|Degree#Pos|Gender#Fem|Number#Sing|Tense#Pres|VerbForm#Part|Voice#Act
005.SCG*LB2.CP-2++1.N.10.1-2.9-1W46	fiat	NO MATCH	lemma/102758	Mood#Sub|Number#Sing|Person#3|Tense#Pres|VerbForm#Fin|Voice#Pass
005.SCG*LB1.CP--++5.N.-2.3-1.13-2W7	experiri	NO MATCH	lemma/102164	Aspect#Imp|Mood#Sub|Number#Plur|Person#3|Tense#Pres|VerbForm#Fin|Voice#Act
005.SCG*LB3.CP-8++0.N.-2.24-1.32-1W18	oportet	NO MATCH	lemma/115098	Mood#Sub|Number#Sing|Person#3|Tense#Pres|VerbForm#Fin|Voice#Act
005.SCG*LB4.CP-3++4.N.-2.64-1.66-2W14	mortuus	NO MATCH	lemma/112796	Mood#Ind|Number#Sing|Person#3|Tense#Pres|VerbForm#Fin|Voice#Act
005.SCG*LB1.CP-2++1.N.-4.13-3.18-1W9	individuantur	NO MATCH	lemma/59198	Mood#Ind|Number#Sing|Person#3|Tense#Pres|VerbForm#Fin|Voice#Act
005.SCG*LB4.CP-6++2.N.-4.15-2.17-5W6	praeexistens	NO MATCH	lemma/131401	Aspect#Imp|Mood#Sub|Number#Plur|Person#3|Tense#Pres|VerbForm#Fin|VerbType#Mod|Voice#Act
005.SCG*LB2.CP-3++3.N.-6.5-1.5-5W3	oportet	NO MATCH	lemma/115098	Mood#Sub|Number#Sing|Person#3|Tense#Pres|VerbForm#Fin|Voice#Pass
005.SCG*LB1.CP-6++7.N.-9.17-6.21-3W12	coexistit	NO MATCH	lemma/94708	Mood#Ind|Number#Sing|Person#3|Tense#Pres|VerbForm#Fin|Voice#Act
005.SCG*LB4.CP-7++2.N.11.4-2.8-5W10	operatur	NO MATCH	lemma/115028	Mood#Ind|Number#Sing|Person#3|Tense#Pres|VerbForm#Fin|Voice#Pass
005.SCG*LB1.CP-1++0.N.-4.1-2.3-5W5	notissimas	NO MATCH	lemma/113840	Aspect#Perf|Case#Acc|Degree#Sup|Gender#Fem|Number#Plur|Tense#Past|VerbForm#Part|Voice#Pass
005.SCG*LB3.CP-5++4.N.-8.10-2.11-1W6	abiicienda	NO MATCH	lemma/86884	Case#Nom|Degree#Pos|Gender#Fem|Number#Sing|VerbForm#Gdv|Voice#Pass
005.SCG*LB4.CP-4++9.N.14.1-1.4-4W17	praeextitit	NO MATCH	lemma/131401	Aspect#Perf|Case#Acc|Degree#Pos|Gender#Fem|Number#Plur|Tense#Past|VerbForm#Part|Voice#Pass
005.SCG*LB4.CP-5++5.N.11.5-1.8-1W8	oportebat	NO MATCH	lemma/115098	Tense#Pres|VerbForm#Inf|Voice#Act
005.SCG*LB2.CP-3++3.N.-4.13-2.15-1W1	oportet	NO MATCH	lemma/115098	Case#Nom|Degree#Pos|Gender#Fem|Number#Sing|Tense#Pres|VerbForm#Part|Voice#Act
005.SCG*LB3.CP-8++9.N.-8.6-6.10-3W22	oportet	NO MATCH	lemma/115098	Case#Gen|Degree#Pos|Gender#Masc|Number#Sing|Tense#Pres|VerbForm#Part|Voice#Act
005.SCG*LB3.CP14++0.N.-7.3-2.9-3W27	operantes	NO MATCH	lemma/115028	Aspect#Perf|Case#Nom|Degree#Pos|Gender#Fem|Number#Sing|Tense#Past|VerbForm#Part|Voice#Pass
005.SCG*LB2.CP-3++4.N.-3.1-2.3-3W12	oportet	NO MATCH	lemma/115098	Tense#Pres|VerbForm#Inf|Voice#Act
005.SCG*LB3.CP13++4.N.-7.14-1.18-6W6	metitur	NO MATCH	lemma/112232	Aspect#Perf|Case#Nom|Degree#Pos|Gender#Fem|Number#Plur|Tense#Past|VerbForm#Part|Voice#Pass
005.SCG*LB4.CP-2++4.N.-2.26-5.28-8W6	fieri	NO MATCH	lemma/102758	Aspect#Imp|Tense#Pres|VerbForm#Inf|Voice#Pass
005.SCG*LB2.CP-3++3.N.-7.14-1.14-5W1	oportet	NO MATCH	lemma/115098	Tense#Pres|VerbForm#Inf|Voice#Pass
005.SCG*LB4.CP-1++2.N.-5.1-1.7-7W22	oportet	NO MATCH	lemma/115098	Mood#Ind|Number#Sing|Person#3|Tense#Pres|VerbForm#Fin|Voice#Act
005.SCG*LB2.CP-7++5.N.-9.9-5.12-3W6	fieri	NO MATCH	lemma/102758	Tense#Pres|VerbForm#Inf|Voice#Pass
005.SCG*LB4.CP-5++0.N.-3.13-3.15-3W9	moriendi	NO MATCH	lemma/112796	Tense#Pres|VerbForm#Inf|Voice#Pass
005.SCG*LB4.CP-5++5.N.-4.4-6.6-1W6	convenienter	NO MATCH	lemma/96424	Degree#Pos
005.SCG*LB2.CP-6++0.N.-4.18-2.19-3W5	sortitur	NO MATCH	lemma/125211	Aspect#Perf|Case#Abl|Degree#Pos|Gender#Fem|Number#Sing|Tense#Past|VerbForm#Part|Voice#Pass
005.SCG*LB2.CP-3++0.N.11.16-7.20-2W12	essendi	NO MATCH	lemma/126689	Case#Gen|Degree#Pos|Number#Sing|VerbForm#Ger|Voice#Act
005.SCG*LB2.CP-6++2.N.10.5-1.11-1W23	fit	NO MATCH	lemma/102758	Mood#Ind|Number#Sing|Person#3|Tense#Pres|VerbForm#Fin|Voice#Pass
005.SCG*LB1.CP-2++7.N.-6.8-3.10-5W1	oportet	NO MATCH	lemma/115098	Aspect#Imp|Mood#Ind|Number#Plur|Person#3|Tense#Imp|VerbForm#Fin|Voice#Act
005.SCG*LB1.CP-8++7.N.-3.1-1.2-5W5	volitorum	NO MATCH	lemma/130745	Aspect#Perf|Case#Gen|Degree#Pos|Gender#Neut|Number#Plur|Tense#Past|VerbForm#Part|VerbType#Mod|Voice#Pass
005.SCG*LB3.CP-2++5.N.10.1-2.5-4W7	oportet	NO MATCH	lemma/115098	Mood#Ind|Number#Plur|Person#3|Tense#Pres|VerbForm#Fin|Voice#Act
005.SCG*LB2.CP--++7.N.-1.1-1.3-2W13	convenienter	NO MATCH	lemma/96424	Degree#Pos
005.SCG*LB3.CP10++4.N.-7.8-4.10-6W1	fieri	NO MATCH	lemma/102758	Tense#Pres|VerbForm#Inf|Voice#Pass
005.SCG*LB2.CP-8++6.N.-2.11-5.13-5W6	fit	NO MATCH	lemma/102758	Mood#Ind|Number#Sing|Person#3|Tense#Pres|VerbForm#Fin|Voice#Pass
005.SCG*LB4.CP-4++8.N.-2.7-1.10-4W12	fieri	NO MATCH	lemma/102758	Aspect#Imp|Tense#Pres|VerbForm#Inf|Voice#Pass
005.SCG*LB3.CP-8++5.N.-4.5-1.10-3W11	oportet	NO MATCH	lemma/115098	Aspect#Imp|Tense#Pres|VerbForm#Inf|Voice#Act
005.SCG*LB4.CP--++5.N.-8.1-1.6-3W31	sanctificavit	NO MATCH	lemma/123318	Aspect#Perf|Mood#Ind|Number#Sing|Person#3|Tense#Past|VerbForm#Fin|Voice#Act
005.SCG*LB4.CP-1++4.N.12.19-3.24-1W7	praeexigit	NO MATCH	lemma/131399	Mood#Ind|Number#Sing|Person#3|Tense#Pres|VerbForm#Fin|Voice#Act
005.SCG*LB4.CP-1++9.N.-7.15-6.18-2W2	oportet	NO MATCH	lemma/115098	Aspect#Imp|Mood#Imp|Number#Sing|Person#2|Tense#Pres|VerbForm#Fin|Voice#Act
005.SCG*LB1.CP-4++4.N.-2.28-4.29-5W3	oportet	NO MATCH	lemma/115098	Mood#Sub|Number#Sing|Person#3|Tense#Pres|VerbForm#Fin|Voice#Act
005.SCG*LB2.CP-3++0.N.11.16-7.20-2W8	essendi	NO MATCH	lemma/126689	Case#Gen|Degree#Pos|Number#Sing|VerbForm#Ger|Voice#Act
005.SCG*LB2.CP-7++6.N.13.1-1.6-1W11	fiant	NO MATCH	lemma/102758	Mood#Sub|Number#Plur|Person#3|Tense#Pres|VerbForm#Fin|Voice#Pass
005.SCG*LB4.CP-4++2.N.-2.6-5.8-1W1	convenientissime	NO MATCH	lemma/96424	Degree#Abs
005.SCG*LB3.CP-2++6.N.19.13-1.20-3W49	convenientior	NO MATCH	lemma/96424	Case#Nom|Degree#Cmp|Gender#Masc|Number#Sing|Tense#Pres|VerbForm#Part|Voice#Act
005.SCG*LB3.CP--++1.N.-2.1-1.7-3W29	largitur	NO MATCH	lemma/109940	Tense#Pres|VerbForm#Inf|Voice#Act
005.SCG*LB4.CP--++2.N.-3.1-1.2-4W5	licet	NO MATCH	lemma/110432	Tense#Pres|VerbForm#Inf|Voice#Act
005.SCG*LB4.CP-3++6.N.-7.8-2.10-6W16	loquitur	NO MATCH	lemma/110805	Aspect#Perf|Case#Abl|Degree#Pos|Gender#Neut|Number#Sing|Tense#Past|VerbForm#Part|Voice#Pass
005.SCG*LB4.CP-1++3.N.-9.17-5.18-3W3	operatur	NO MATCH	lemma/115028	Mood#Ind|Number#Sing|Person#3|Tense#Pres|VerbForm#Fin|Voice#Act
005.SCG*LB3.CP-1++3.N.-2.6-4.7-4W1	oportet	NO MATCH	lemma/115098	Mood#Ind|Number#Sing|Person#3|Tense#Pres|VerbForm#Fin|Voice#Act
005.SCG*LB2.CP-8++2.N.17.11-3.16-1W10	licet	NO MATCH	lemma/110432	Mood#Ind|Number#Sing|Person#3|Tense#Pres|VerbForm#Fin|Voice#Act
005.SCG*LB1.CP-2++0.N.-8.12-5.14-4W6	oportet	NO MATCH	lemma/115098	Mood#Ind|Number#Sing|Person#3|Tense#Pres|VerbForm#Fin|Voice#Act
005.SCG*LB1.CP--++3.N.-4.25-1.28-5W21	oportet	NO MATCH	lemma/115098	Aspect#Perf|Case#Nom|Degree#Pos|Gender#Neut|Number#Sing|Tense#Past|VerbForm#Part|Voice#Pass
005.SCG*LB3.CP-6++5.N.-4.6-3.7-5W11	loquendo	NO MATCH	lemma/110805	Mood#Ind|Number#Plur|Person#3|Tense#Pres|VerbForm#Fin|Voice#Act
005.SCG*LB2.CP-1++6.N.-3.3-2.6-1W1	operari	NO MATCH	lemma/115028	Mood#Ind|Number#Sing|Person#3|Tense#Pres|VerbForm#Fin|Voice#Pass
005.SCG*LB4.CP-1++3.N.-7.16-4.16-7W4	fiat	NO MATCH	lemma/102758	Aspect#Imp|Mood#Sub|Number#Sing|Person#3|Tense#Pres|VerbForm#Fin|Voice#Pass
005.SCG*LB4.CP-3++6.N.-3.9-3.10-3W1	oportet	NO MATCH	lemma/115098	Mood#Ind|Number#Sing|Person#3|Tense#Pres|VerbForm#Fin|VerbType#Mod|Voice#Act
005.SCG*LB2.CP-3++6.N.-2.11-1.13-1W14	essendi	NO MATCH	lemma/126689	Case#Gen|Degree#Pos|Number#Sing|VerbForm#Ger|Voice#Act
005.SCG*LB3.CP-4++3.N.-3.25-1.29-5W1	oportet	NO MATCH	lemma/115098	Aspect#Perf|Case#Gen|Degree#Pos|Gender#Neut|Number#Plur|Tense#Past|VerbForm#Part|Voice#Pass
005.SCG*LB3.CP-6++7.N.-3.9-5.16-2W12	incoeperunt	NO MATCH	lemma/106965	Aspect#Perf|Mood#Ind|Number#Plur|Person#3|Tense#Past|VerbForm#Fin|Voice#Act
005.SCG*LB3.CP--++8.N.-6.1-2.3-4W8	oportet	NO MATCH	lemma/115098	Mood#Sub|Number#Sing|Person#3|Tense#Pres|VerbForm#Fin|Voice#Pass
005.SCG*LB2.CP-3++7.N.-3.6-5.10-4W6	fieri	NO MATCH	lemma/102758	Tense#Pres|VerbForm#Inf|Voice#Pass
005.SCG*LB1.CP--++1.N.-4.7-1.8-2W1	oportet	NO MATCH	lemma/115098	Mood#Ind|Number#Sing|Person#3|Tense#Pres|VerbForm#Fin|Voice#Act
005.SCG*LB3.CP10++2.N.-7.9-4.12-5W12	fiat	NO MATCH	lemma/102758	Mood#Sub|Number#Sing|Person#3|Tense#Pres|VerbForm#Fin|Voice#Pass
005.SCG*LB4.CP--++2.N.-5.14-7.19-6W14	revertentium	NO MATCH	lemma/122808	Mood#Ind|Number#Sing|Person#3|Tense#Pres|VerbForm#Fin|VerbType#Mod|Voice#Act
005.SCG*LB4.CP--++7.N.19.9-2.10-5W6	operatur	NO MATCH	lemma/115028	Mood#Ind|Number#Sing|Person#3|Tense#Fut|VerbForm#Fin|Voice#Act
005.SCG*LB2.CP-3++4.N.-4.6-1.7-2W10	ens	NO MATCH	lemma/126689	Case#Nom|Degree#Pos|Gender#Neut|Number#Sing|Tense#Pres|VerbForm#Part|Voice#Act
005.SCG*LB2.CP-7++3.N.37.3-1.7-4W11	oportet	NO MATCH	lemma/115098	Mood#Sub|Number#Sing|Person#3|Tense#Pres|VerbForm#Fin|Voice#Pass
005.SCG*LB1.CP-4++4.N.-8.12-4.14-5W18	operantes	NO MATCH	lemma/115028	Aspect#Perf|Case#Acc|Degree#Pos|Gender#Masc|Number#Plur|Tense#Past|VerbForm#Part|Voice#Pass
005.SCG*LB1.CP-4++2.N.-9.50-6.53-2W7	necesse-esse	NO MATCH	lemma/126689	Tense#Pres|VerbForm#Inf|Voice#Act
005.SCG*LB2.CP-8++3.N.25.52-1.54-1W11	reminisci	NO MATCH	lemma/122600	Aspect#Perf|Mood#Ind|Number#Sing|Person#3|Tense#Past|VerbForm#Fin|Voice#Act
005.SCG*LB1.CP-2++0.N.26.7-6.8-6W3	oportet	NO MATCH	lemma/115098	Mood#Ind|Number#Sing|Person#3|Tense#Pres|VerbForm#Fin|Voice#Pass
005.SCG*LB1.CP-2++6.N.-5.1-2.7-1W37	individuantibus	NO MATCH	lemma/59198	Mood#Sub|Number#Sing|Person#3|Tense#Pres|VerbForm#Fin|Voice#Act
005.SCG*LB1.CP-2++8.N.-5.4-1.4-6W4	oportet	NO MATCH	lemma/115098	Mood#Ind|Number#Plur|Person#1|Tense#Pres|VerbForm#Fin|VerbType#Mod|Voice#Act
005.SCG*LB3.CP-9++7.N.-7.6-3.8-3W2	fit	NO MATCH	lemma/102758	Mood#Ind|Number#Sing|Person#3|Tense#Pres|VerbForm#Fin|Voice#Pass
005.SCG*LB2.CP-5++8.N.-8.10-1.12-4W1	oportet	NO MATCH	lemma/115098	Aspect#Imp|Tense#Pres|VerbForm#Inf|Voice#Pass
005.SCG*LB3.CP-1++0.N.11.10-1.12-4W3	diligenter	NO MATCH	lemma/99463	Degree#Pos
005.SCG*LB4.CP-3++5.N.-8.6-1.8-9W19	pati	NO MATCH	lemma/116222	Aspect#Perf|Case#Nom|Degree#Pos|Gender#Fem|Number#Plur|Tense#Past|VerbForm#Part|Voice#Pass
005.SCG*LB2.CP-5++7.N.-9.4-2.5-3W8	pati	NO MATCH	lemma/116222	Aspect#Imp|Case#Acc|Degree#Pos|Gender#Fem|Number#Plur|Tense#Pres|VerbForm#Part|Voice#Act
005.SCG*LB3.CP-4++1.N.-4.3-3.7-5W9	puta	NO MATCH	lemma/120610	
005.SCG*LB2.CP-5++8.N.-8.22-2.24-3W9	oportet	NO MATCH	lemma/115098	Mood#Ind|Number#Sing|Person#3|Tense#Pres|VerbForm#Fin|Voice#Act
005.SCG*LB4.CP-5++5.N.19.6-2.9-5W28	subiiciat	NO MATCH	lemma/126114	Aspect#Imp|Mood#Sub|Number#Sing|Person#3|Tense#Pres|VerbForm#Fin|Voice#Act
005.SCG*LB1.CP-2++6.N.11.13-1.15-1W1	licet	NO MATCH	lemma/110432	Aspect#Perf|Case#Nom|Degree#Pos|Gender#Neut|Number#Sing|Tense#Past|VerbForm#Part|Voice#Pass
005.SCG*LB1.CP--++4.N.-5.16-1.18-3W3	oportuit	NO MATCH	lemma/115098	Mood#Ind|Number#Sing|Person#3|Tense#Pres|VerbForm#Fin|Voice#Pass
005.SCG*LB3.CP-5++3.N.-4.23-1.25-2W12	oportet	NO MATCH	lemma/115098	Mood#Ind|Number#Sing|Person#3|Tense#Pres|VerbForm#Fin|Voice#Act
005.SCG*LB2.CP-7++6.N.-6.1-2.5-5W9	oportet	NO MATCH	lemma/115098	Aspect#Perf|Mood#Ind|Number#Sing|Person#3|Tense#Past|VerbForm#Fin|VerbType#Mod|Voice#Act
005.SCG*LB3.CP-9++5.N.14.7-2.13-6W26	mirandum	NO MATCH	lemma/112442	Tense#Pres|VerbForm#Inf|Voice#Act
005.SCG*LB4.CP-3++5.N.-4.8-4.10-2W1	oportet	NO MATCH	lemma/115098	Aspect#Imp|Mood#Sub|Number#Sing|Person#3|Tense#Imp|VerbForm#Fin|Voice#Act
005.SCG*LB4.CP-1++1.N.-8.8-1.10-5W1	oportet	NO MATCH	lemma/115098	Aspect#Perf|Case#Nom|Degree#Pos|Gender#Neut|Number#Plur|Tense#Past|VerbForm#Part|Voice#Pass
005.SCG*LB4.CP-5++5.N.20.8-1.13-5W3	licet	NO MATCH	lemma/110432	Mood#Ind|Number#Sing|Person#3|Tense#Pres|VerbForm#Fin|Voice#Act
005.SCG*LB1.CP-1++5.N.-6.8-3.10-1W12	incoeperit	NO MATCH	lemma/106965	Aspect#Perf|Mood#Sub|Number#Sing|Person#3|Tense#Past|VerbForm#Fin|Voice#Act
005.SCG*LB2.CP-2++3.N.-5.9-5.12-1W1	oportet	NO MATCH	lemma/115098	Tense#Pres|VerbForm#Inf|Voice#Act
005.SCG*LB3.CP-6++4.N.-7.7-4.9-5W3	consequens	NO MATCH	lemma/96035	Case#Acc|Degree#Pos|Gender#Neut|Number#Sing|Tense#Pres|VerbForm#Part|Voice#Pass
005.SCG*LB3.CP-4++2.N.-7.5-2.7-1W12	fit	NO MATCH	lemma/102758	Mood#Ind|Number#Sing|Person#3|Tense#Pres|VerbForm#Fin|Voice#Pass
005.SCG*LB2.CP-3++7.N.-2.21-1.26-6W12	fieri	NO MATCH	lemma/102758	Tense#Pres|VerbForm#Inf|Voice#Pass
005.SCG*LB3.CP14++0.N.-5.19-2.21-4W13	pati	NO MATCH	lemma/116222	Mood#Ind|Number#Sing|Person#3|Tense#Pres|VerbForm#Fin|Voice#Act
005.SCG*LB3.CP-4++9.N.10.6-4.11-2W27	licet	NO MATCH	lemma/110432	Mood#Ind|Number#Sing|Person#3|Tense#Pres|VerbForm#Fin|Voice#Act
005.SCG*LB2.CP-8++0.N.10.38-1.40-5W8	pati	NO MATCH	lemma/116222	Tense#Pres|VerbForm#Inf|Voice#Pass
005.SCG*LB2.CP-6++8.N.12.16-1.21-2W14	operantur	NO MATCH	lemma/115028	Tense#Pres|VerbForm#Inf|Voice#Pass
005.SCG*LB3.CP-8++7.N.-4.1-2.7-6W2	movens	NO MATCH	lemma/112848	Case#Acc|Degree#Pos|Gender#Masc|Number#Sing|Tense#Pres|VerbForm#Part|Voice#Act
005.SCG*LB2.CP-7++3.N.-2.3-2.5-5W17	fit	NO MATCH	lemma/102758	Mood#Ind|Number#Sing|Person#3|Tense#Pres|VerbForm#Fin|Voice#Pass
005.SCG*LB2.CP-1++5.N.-4.16-3.17-6W1	oportet	NO MATCH	lemma/115098	Aspect#Perf|Case#Acc|Degree#Pos|Gender#Masc|Number#Sing|Tense#Past|VerbForm#Part|Voice#Pass
005.SCG*LB3.CP13++5.N.12.7-3.11-1W25	oportet	NO MATCH	lemma/115098	Aspect#Imp|Mood#Ind|Number#Plur|Person#3|Tense#Pres|VerbForm#Fin|Voice#Act
005.SCG*LB3.CP10++2.N.-7.15-1.15-6W4	operantur	NO MATCH	lemma/115028	Case#Nom|Degree#Pos|Gender#Masc|Number#Sing|Tense#Pres|VerbForm#Part|Voice#Act
005.SCG*LB4.CP-5++4.N.-4.22-3.23-8W1	oportuit	NO MATCH	lemma/115098	Mood#Ind|Number#Sing|Person#3|Tense#Pres|VerbForm#Fin|Voice#Act
005.SCG*LB1.CP-4++7.N.-2.9-3.12-6W20	estque	NO MATCH	lemma/126689	Mood#Ind|Number#Sing|Person#3|Tense#Pres|VerbForm#Fin|Voice#Act
005.SCG*LB2.CP-8++3.N.31.10-1.14-7W3	oportebit	NO MATCH	lemma/115098	Tense#Pres|VerbForm#Inf|Voice#Act
005.SCG*LB2.CP-1++8.N.-1.1-1.7-6W35	oportet	NO MATCH	lemma/115098	Mood#Ind|Number#Plur|Person#3|Tense#Pres|VerbForm#Fin|Voice#Act
005.SCG*LB2.CP-8++9.N.-8.33-1.35-3W16	appropriatum	NO MATCH	lemma/89645	Aspect#Perf|Case#Acc|Degree#Pos|Gender#Neut|Number#Sing|Tense#Past|VerbForm#Part|Voice#Pass
005.SCG*LB2.CP-7++3.N.13.6-2.9-1W19	praeexistentia	NO MATCH	lemma/131401	Tense#Pres|VerbForm#Inf|Voice#Act
005.SCG*LB3.CP15++4.N.-1.10-1.11-5W1	oportet	NO MATCH	lemma/115098	Aspect#Perf|Mood#Ind|Number#Sing|Person#3|Tense#Past|VerbForm#Fin|Voice#Act
005.SCG*LB3.CP-9++5.N.16.8-2.11-1W13	arbitrabantur	NO MATCH	lemma/89778	Case#Acc|Degree#Pos|Number#Sing|VerbForm#Ger|Voice#Act
005.SCG*LB3.CP15++0.N.-4.10-2.14-3W17	oportet	NO MATCH	lemma/115098	Aspect#Perf|Case#Acc|Degree#Pos|Gender#Neut|Number#Sing|Tense#Past|VerbForm#Part|Voice#Pass
005.SCG*LB3.CP14++2.N.-5.7-1.9-3W1	oportet	NO MATCH	lemma/115098	Mood#Ind|Number#Sing|Person#3|Tense#Pres|VerbForm#Fin|VerbType#Mod|Voice#Act
005.SCG*LB4.CP-5++5.N.11.8-2.10-2W5	convenienter	NO MATCH	lemma/96424	Degree#Pos
005.SCG*LB3.CP14++2.N.-3.8-5.9-7W1	oportet	NO MATCH	lemma/115098	Tense#Pres|VerbForm#Inf|Voice#Act
005.SCG*LB2.CP-1++2.N.-2.12-7.14-2W1	oporteret	NO MATCH	lemma/115098	Mood#Ind|Number#Plur|Person#3|Tense#Pres|VerbForm#Fin|VerbType#Mod|Voice#Act
005.SCG*LB4.CP-4++9.N.-2.5-1.8-1W4	consequens	NO MATCH	lemma/96035	Aspect#Imp|Case#Nom|Degree#Pos|Gender#Neut|Number#Sing|Tense#Pres|VerbForm#Part|Voice#Pass
005.SCG*LB1.CP-6++7.N.-9.17-6.21-3W10	loquimur	NO MATCH	lemma/110805	Tense#Pres|VerbForm#Inf|Voice#Act
005.SCG*LB1.CP--++1.N.-7.1-1.3-3W1	convenienter	NO MATCH	lemma/96424	Degree#Pos
005.SCG*LB4.CP-1++3.N.-5.34-4.37-1W3	oportet	NO MATCH	lemma/115098	Mood#Ind|Number#Sing|Person#3|Tense#Pres|VerbForm#Fin|Voice#Act
005.SCG*LB3.CP-9++5.N.20.1-1.6-2W4	diligenter	NO MATCH	lemma/99463	Degree#Pos
005.SCG*LB1.CP-4++4.N.-2.33-3.36-1W1	oportet	NO MATCH	lemma/115098	Aspect#Perf|Case#Gen|Degree#Pos|Gender#Fem|Number#Sing|Tense#Past|VerbForm#Part|Voice#Pass
005.SCG*LB1.CP-2++7.N.-6.8-3.10-5W12	largiatur	NO MATCH	lemma/109940	Case#Abl|Degree#Pos|Number#Sing|VerbForm#Ger|Voice#Act
005.SCG*LB1.CP--++4.N.-3.12-3.17-4W1	oportet	NO MATCH	lemma/115098	Mood#Sub|Number#Sing|Person#3|Tense#Pres|VerbForm#Fin|Voice#Pass
005.SCG*LB3.CP--++2.N.-9.16-1.21-1W33	fit	NO MATCH	lemma/102758	Mood#Ind|Number#Sing|Person#3|Tense#Pres|VerbForm#Fin|Voice#Pass
005.SCG*LB4.CP-9++1.N.-3.1-2.2-3W8	demerendi	NO MATCH	lemma/98534	Case#Gen|Degree#Pos|Gender#Masc|Number#Sing|Tense#Pres|VerbForm#Part|VerbType#Mod|Voice#Act
005.SCG*LB3.CP15++2.N.-4.1-2.7-2W15	oportet	NO MATCH	lemma/115098	Case#Nom|Degree#Pos|Gender#Masc|Number#Sing|Tense#Pres|VerbForm#Part|Voice#Act
005.SCG*LB4.CP-6++3.N.-7.6-1.8-5W9	fiat	NO MATCH	lemma/102758	Aspect#Imp|Mood#Sub|Number#Sing|Person#3|Tense#Pres|VerbForm#Fin|Voice#Pass
005.SCG*LB3.CP11++6.N.-4.5-5.7-2W12	operetur	NO MATCH	lemma/115028	Aspect#Perf|Case#Nom|Degree#Pos|Gender#Neut|Number#Sing|Tense#Past|VerbForm#Part|Voice#Pass
005.SCG*LB2.CP-8++3.N.-6.22-2.24-2W5	loquens	NO MATCH	lemma/110805	Aspect#Perf|Case#Nom|Degree#Pos|Gender#Neut|Number#Sing|Tense#Past|VerbForm#Part|Voice#Pass
005.SCG*LB3.CP-2++4.N.-5.5-6.8-1W7	ordinate	NO MATCH	lemma/115233	Degree#Pos
005.SCG*LB4.CP-2++1.N.-7.1-1.5-4W27	convenienter	NO MATCH	lemma/96424	Degree#Pos
005.SCG*LB4.CP-9++0.N.-1.1-1.6-4W26	patientur	NO MATCH	lemma/116222	Aspect#Perf|Mood#Ind|Number#Sing|Person#3|Tense#Past|VerbForm#Fin|Voice#Act
005.SCG*LB2.CP-8++0.N.-9.18-4.20-10W5	commensurata	NO MATCH	lemma/131464	Mood#Ind|Number#Sing|Person#3|Tense#Pres|VerbForm#Fin|Voice#Act
005.SCG*LB1.CP-1++6.N.-7.10-4.12-5W2	oportet	NO MATCH	lemma/115098	Mood#Ind|Number#Plur|Person#3|Tense#Pres|VerbForm#Fin|Voice#Act
005.SCG*LB4.CP-4++1.N.12.11-2.13-2W11	operatur	NO MATCH	lemma/115028	Tense#Pres|VerbForm#Inf|Voice#Act
005.SCG*LB1.CP--++3.N.-4.8-3.12-2W11	puta	NO MATCH	lemma/120610	
005.SCG*LB3.CP-1++7.N.-5.1-2.8-5W39	oportet	NO MATCH	lemma/115098	Case#Abl|Degree#Pos|Gender#Masc|Number#Sing|Tense#Pres|VerbForm#Part|Voice#Act
005.SCG*LB1.CP-1++3.N.26.1-1.4-7W28	alterato	NO MATCH	lemma/88470	Aspect#Perf|Case#Abl|Degree#Pos|Gender#Masc|Number#Sing|Tense#Past|VerbForm#Part|Voice#Pass
005.SCG*LB2.CP-3++8.N.15.13-8.16-1W3	convenientissimum	NO MATCH	lemma/96424	Case#Nom|Degree#Sup|Gender#Neut|Number#Sing|Tense#Pres|VerbForm#Part|Voice#Act
005.SCG*LB4.CP-2++4.N.-9.11-1.15-1W18	oportet	NO MATCH	lemma/115098	Mood#Ind|Number#Sing|Person#3|Tense#Pres|VerbForm#Fin|Voice#Act
005.SCG*LB2.CP-6++8.N.-7.9-2.11-4W5	superexcedit	NO MATCH	lemma/131440	Mood#Ind|Number#Sing|Person#3|Tense#Pres|VerbForm#Fin|Voice#Act
005.SCG*LB2.CP-4++8.N.-3.15-5.17-1W1	oportet	NO MATCH	lemma/115098	Mood#Ind|Number#Sing|Person#3|Tense#Pres|VerbForm#Fin|Voice#Act
005.SCG*LB3.CP15++4.N.14.1-1.7-2W8	molientes	NO MATCH	lemma/112590	Aspect#Imp|Mood#Ind|Number#Sing|Person#3|Tense#Pres|VerbForm#Fin|Voice#Pass
005.SCG*LB4.CP-8++3.N.-9.17-1.18-4W11	ordinatissima	NO MATCH	lemma/115233	Aspect#Perf|Case#Nom|Degree#Sup|Gender#Fem|Number#Sing|Tense#Past|VerbForm#Part|Voice#Pass
005.SCG*LB1.CP-7++9.N.-1.4-2.6-2W3	oportet	NO MATCH	lemma/115098	Mood#Ind|Number#Sing|Person#3|Tense#Pres|VerbForm#Fin|Voice#Act
005.SCG*LB1.CP-4++4.N.-2.30-1.33-2W14	fit	NO MATCH	lemma/102758	Mood#Ind|Number#Sing|Person#3|Tense#Pres|VerbForm#Fin|Voice#Pass
005.SCG*LB4.CP-6++6.N.-3.5-1.12-3W34	puta	NO MATCH	lemma/120610	VerbForm#Fin
005.SCG*LB2.CP-3++2.N.-3.6-5.13-5W28	expergiscitur	NO MATCH	lemma/102159	Aspect#Imp|Mood#Ind|Number#Plur|Person#3|Tense#Pres|VerbForm#Fin|Voice#Pass
005.SCG*LB1.CP-4++6.N.-3.1-2.3-5W4	fit	NO MATCH	lemma/102758	Mood#Ind|Number#Sing|Person#3|Tense#Pres|VerbForm#Fin|Voice#Pass
005.SCG*LB1.CP-7++2.N.-4.3-1.4-7W6	oportet	NO MATCH	lemma/115098	Aspect#Imp|Case#Nom|Degree#Pos|Gender#Masc|Number#Sing|Tense#Pres|VerbForm#Part|Voice#Act
005.SCG*LB3.CP13++2.N.11.1-2.4-5W12	expeditius	NO MATCH	lemma/102147	Aspect#Perf|Case#Nom|Degree#Cmp|Gender#Neut|Number#Sing|Tense#Past|VerbForm#Part|Voice#Pass
005.SCG*LB1.CP-7++2.N.-9.1-2.6-1W20	proportionatus	NO MATCH	lemma/131413	Aspect#Imp|Mood#Ind|Number#Sing|Person#3|Tense#Pres|VerbForm#Fin|Voice#Pass
005.SCG*LB4.CP-4++5.N.-5.5-1.12-5W24	sortiantur	NO MATCH	lemma/125211	Tense#Pres|VerbForm#Inf|Voice#Pass
005.SCG*LB3.CP-8++9.N.-2.6-2.8-5W10	puta	NO MATCH	lemma/120610	
005.SCG*LB1.CP-7++4.N.-6.8-3.9-6W7	proportionatur	NO MATCH	lemma/131413	Mood#Sub|Number#Sing|Person#3|Tense#Pres|VerbForm#Fin|Voice#Act
005.SCG*LB4.CP-1++4.N.-5.8-6.13-1W11	praeintelligatur	NO MATCH	lemma/131403	Mood#Sub|Number#Sing|Person#3|Tense#Pres|VerbForm#Fin|Voice#Act
005.SCG*LB4.CP-3++8.N.-6.5-6.7-6W3	expresse	NO MATCH	lemma/102229	Degree#Pos
005.SCG*LB3.CP13++6.N.-9.24-4.26-4W13	puta	NO MATCH	lemma/120610	
005.SCG*LB3.CP-1++3.N.-4.10-4.12-3W2	oportet	NO MATCH	lemma/115098	Mood#Ind|Number#Sing|Person#3|Tense#Pres|VerbForm#Fin|Voice#Act
005.SCG*LB3.CP-9++7.N.-3.12-1.15-4W7	diversificari	NO MATCH	lemma/47852	Mood#Ind|Number#Sing|Person#3|Tense#Pres|VerbForm#Fin|Voice#Act
005.SCG*LB2.CP-5++6.N.-6.23-7.24-6W6	patitur	NO MATCH	lemma/116222	Aspect#Perf|Case#Nom|Degree#Pos|Gender#Neut|Number#Sing|Tense#Past|VerbForm#Part|Voice#Pass
005.SCG*LB2.CP-8++2.N.14.7-1.8-2W4	fit	NO MATCH	lemma/102758	Mood#Ind|Number#Sing|Person#3|Tense#Pres|VerbForm#Fin|Voice#Pass
005.SCG*LB4.CP-9++1.N.-7.2-6.4-7W7	patietur	NO MATCH	lemma/116222	Mood#Ind|Number#Sing|Person#3|Tense#Pres|VerbForm#Fin|Voice#Act
005.SCG*LB2.CP--++3.N.-3.4-3.7-4W7	patitur	NO MATCH	lemma/116222	Mood#Ind|Number#Sing|Person#3|Tense#Pres|VerbForm#Fin|Voice#Act
005.SCG*LB1.CP-9++6.N.-4.4-7.6-7W13	mediate	NO MATCH	lemma/111819	Degree#Pos
005.SCG*LB2.CP-3++0.N.11.22-1.24-1W3	fit	NO MATCH	lemma/102758	Mood#Ind|Number#Sing|Person#3|Tense#Pres|VerbForm#Fin|Voice#Pass
005.SCG*LB2.CP-8++3.N.18.12-5.15-1W9	oportet	NO MATCH	lemma/115098	Tense#Pres|VerbForm#Inf|Voice#Act
005.SCG*LB4.CP-4++6.N.-3.5-1.7-4W13	oportet	NO MATCH	lemma/115098	Aspect#Imp|Mood#Ind|Number#Sing|Person#3|Tense#Pres|VerbForm#Fin|Voice#Act
005.SCG*LB3.CP13++3.N.-1.6-3.7-8W1	oportet	NO MATCH	lemma/115098	Case#Nom|Degree#Pos|Gender#Masc|Number#Sing|Tense#Pres|VerbForm#Part|Voice#Act
005.SCG*LB4.CP-8++2.N.-4.6-2.7-1W7	moritur	NO MATCH	lemma/112796	Aspect#Perf|Case#Gen|Degree#Pos|Gender#Fem|Number#Sing|Tense#Past|VerbForm#Part|Voice#Pass
005.SCG*LB2.CP-7++8.N.-7.6-1.11-4W19	oportet	NO MATCH	lemma/115098	Mood#Ind|Number#Sing|Person#3|Tense#Pres|VerbForm#Fin|Voice#Act
005.SCG*LB2.CP-1++5.N.-4.1-2.3-6W4	oportet	NO MATCH	lemma/115098	Mood#Ind|Number#Sing|Person#3|Tense#Pres|VerbForm#Fin|Voice#Act
005.SCG*LB1.CP-5++3.N.-2.1-1.8-1W35	oportet	NO MATCH	lemma/115098	Aspect#Imp|Mood#Ind|Number#Plur|Person#1|Tense#Pres|VerbForm#Fin|Voice#Act
005.SCG*LB4.CP-8++6.N.-3.4-1.6-2W9	consequens	NO MATCH	lemma/96035	Aspect#Imp|Case#Nom|Degree#Pos|Gender#Neut|Number#Sing|Tense#Pres|VerbForm#Part|Voice#Pass
005.SCG*LB4.CP-2++1.N.-5.15-6.17-3W3	convenienter	NO MATCH	lemma/96424	Degree#Pos
005.SCG*LB4.CP-4++9.N.11.13-1.17-2W23	consequens	NO MATCH	lemma/96035	Aspect#Imp|Case#Acc|Degree#Pos|Gender#Neut|Number#Sing|Tense#Pres|VerbForm#Part|Voice#Pass
005.SCG*LB4.CP-2++3.N.11.23-1.26-7W28	convenienter	NO MATCH	lemma/96424	Degree#Pos
005.SCG*LB3.CP-7++1.N.-2.13-1.17-2W24	licet	NO MATCH	lemma/110432	Aspect#Perf|Case#Nom|Degree#Pos|Gender#Neut|Number#Sing|Tense#Past|VerbForm#Part|Voice#Pass
005.SCG*LB3.CP-8++5.N.-6.1-2.2-4W9	fiunt	NO MATCH	lemma/102758	Mood#Ind|Number#Plur|Person#3|Tense#Pres|VerbForm#Fin|Voice#Pass
005.SCG*LB3.CP-1++1.N.-4.4-6.6-2W6	loquendo	NO MATCH	lemma/110805	Mood#Ind|Number#Plur|Person#3|Tense#Pres|VerbForm#Fin|Voice#Pass
005.SCG*LB2.CP-7++3.N.30.15-5.17-4W6	fiunt	NO MATCH	lemma/102758	Mood#Ind|Number#Plur|Person#3|Tense#Pres|VerbForm#Fin|Voice#Pass
005.SCG*LB3.CP-5++4.N.10.1-1.7-1W25	sortitur	NO MATCH	lemma/125211	Aspect#Imp|Mood#Sub|Number#Sing|Person#3|Tense#Pres|VerbForm#Fin|Voice#Pass
005.SCG*LB1.CP-6++7.N.-3.6-3.12-1W44	licet	NO MATCH	lemma/110432	Case#Nom|Degree#Pos|Gender#Neut|Number#Sing|Tense#Pres|VerbForm#Part|Voice#Act
005.SCG*LB2.CP-7++5.N.11.5-10.9-5W4	individuantur	NO MATCH	lemma/59198	Mood#Ind|Number#Sing|Person#3|Tense#Pres|VerbForm#Fin|Voice#Act
005.SCG*LB3.CP--++4.N.-4.28-6.32-3W26	fit	NO MATCH	lemma/102758	Mood#Ind|Number#Sing|Person#3|Tense#Pres|VerbForm#Fin|Voice#Pass
005.SCG*LB3.CP-4++2.N.-3.1-1.8-3W41	fiet	NO MATCH	lemma/102758	Mood#Ind|Number#Sing|Person#3|Tense#Fut|VerbForm#Fin|Voice#Pass
005.SCG*LB3.CP-8++0.N.17.6-1.7-4W3	diligenter	NO MATCH	lemma/99463	Degree#Pos
005.SCG*LB3.CP-3++9.N.-7.18-4.22-4W18	licet	NO MATCH	lemma/110432	Mood#Ind|Number#Sing|Person#3|Tense#Pres|VerbForm#Fin|Voice#Act
005.SCG*LB3.CP-8++5.N.11.3-1.9-8W50	operanda	NO MATCH	lemma/115028	Mood#Ind|Number#Sing|Person#3|Tense#Pres|VerbForm#Fin|Voice#Act
005.SCG*LB4.CP-3++4.N.14.27-3.32-1W34	mortuus	NO MATCH	lemma/112796	Mood#Ind|Number#Sing|Person#3|Tense#Pres|VerbForm#Fin|Voice#Pass
005.SCG*LB4.CP-2++3.N.-3.14-6.18-6W32	operatur	NO MATCH	lemma/115028	Mood#Ind|Number#Sing|Person#3|Tense#Pres|VerbForm#Fin|Voice#Act
005.SCG*LB4.CP-1++1.N.13.7-8.14-4W1	oportet	NO MATCH	lemma/115098	Mood#Ind|Number#Sing|Person#3|Tense#Pres|VerbForm#Fin|Voice#Act
005.SCG*LB4.CP-9++2.N.-4.15-1.16-4W10	consequens	NO MATCH	lemma/96035	Degree#Pos
005.SCG*LB4.CP-5++3.N.25.7-1.12-3W31	mortuus	NO MATCH	lemma/112796	Tense#Pres|VerbForm#Inf|Voice#Act
005.SCG*LB3.CP10++0.N.-2.1-1.5-6W17	oportet	NO MATCH	lemma/115098	Mood#Ind|Number#Plur|Person#3|Tense#Pres|VerbForm#Fin|Voice#Act
005.SCG*LB2.CP-7++2.N.-3.7-4.10-2W16	sortitur	NO MATCH	lemma/125211	Tense#Pres|VerbForm#Inf|Voice#Act
005.SCG*LB3.CP15++4.N.25.14-4.18-2W12	fiunt	NO MATCH	lemma/102758	Mood#Ind|Number#Plur|Person#3|Tense#Pres|VerbForm#Fin|Voice#Pass
005.SCG*LB3.CP10++1.N.-1.1-1.3-5W12	fiunt	NO MATCH	lemma/102758	Mood#Ind|Number#Plur|Person#3|Tense#Pres|VerbForm#Fin|Voice#Pass
005.SCG*LB4.CP-1++7.N.11.4-1.6-2W17	loquar	NO MATCH	lemma/110805	Aspect#Imp|Tense#Pres|VerbForm#Inf|Voice#Pass
005.SCG*LB3.CP-3++9.N.-4.7-4.11-2W19	sequentes	NO MATCH	lemma/124461	Case#Nom|Degree#Pos|Gender#Masc|Number#Plur|Tense#Pres|VerbForm#Part|Voice#Pass
005.SCG*LB4.CP-3++5.N.-8.1-1.3-4W6	fit	NO MATCH	lemma/102758	Aspect#Imp|Mood#Ind|Number#Sing|Person#3|Tense#Pres|VerbForm#Fin|Voice#Pass
005.SCG*LB2.CP-7++9.N.-4.1-1.5-4W24	convenienter	NO MATCH	lemma/96424	Degree#Pos
005.SCG*LB3.CP15++4.N.16.1-1.4-1W2	licet	NO MATCH	lemma/110432	Mood#Sub|Number#Plur|Person#3|Tense#Pres|VerbForm#Fin|Voice#Act
005.SCG*LB2.CP-9++6.N.-3.1-2.2-3W3	oportet	NO MATCH	lemma/115098	Aspect#Perf|Case#Dat|Degree#Pos|Gender#Neut|Number#Sing|Tense#Past|VerbForm#Part|Voice#Pass
005.SCG*LB3.CP15++4.N.15.6-6.12-4W1	praenuntiant	NO MATCH	lemma/131405	Case#Nom|Degree#Pos|Gender#Fem|Number#Sing|Tense#Pres|VerbForm#Part|Voice#Act
005.SCG*LB4.CP-2++1.N.-2.18-4.22-3W9	licet	NO MATCH	lemma/110432	Aspect#Imp|Mood#Sub|Number#Plur|Person#3|Tense#Pres|VerbForm#Fin|Voice#Act
005.SCG*LB4.CP-9++2.N.-4.10-1.12-3W1	puta	NO MATCH	lemma/120610	VerbForm#Fin
005.SCG*LB1.CP-9++9.N.-4.1-2.3-2W7	licet	NO MATCH	lemma/110432	Mood#Ind|Number#Sing|Person#3|Tense#Pres|VerbForm#Fin|Voice#Act
005.SCG*LB2.CP-3++6.N.-5.1-1.4-5W16	praesupponit	NO MATCH	lemma/131408	Aspect#Perf|Mood#Ind|Number#Sing|Person#3|Tense#Past|VerbForm#Fin|Voice#Act
005.SCG*LB4.CP--++8.N.-8.16-1.18-3W10	passus	NO MATCH	lemma/116222	Mood#Ind|Number#Sing|Person#3|Tense#Pres|VerbForm#Fin|Voice#Act
005.SCG*LB4.CP-3++8.N.-8.1-2.4-2W9	oportet	NO MATCH	lemma/115098	Mood#Ind|Number#Sing|Person#3|Tense#Pres|VerbForm#Fin|Voice#Act
005.SCG*LB1.CP-9++2.N.-1.1-1.3-1W11	oportet	NO MATCH	lemma/115098	Aspect#Imp|Tense#Pres|VerbForm#Inf|Voice#Pass
005.SCG*LB4.CP--++4.N.-1.1-1.5-2W10	metiri	NO MATCH	lemma/112232	Aspect#Imp|Tense#Pres|VerbForm#Inf|Voice#Pass
005.SCG*LB3.CP-7++4.N.-6.8-1.10-1W1	oportet	NO MATCH	lemma/115098	Tense#Pres|VerbForm#Inf|Voice#Act
005.SCG*LB2.CP-9++0.N.-8.12-4.15-4W11	oporteat	NO MATCH	lemma/115098	Aspect#Perf|Case#Abl|Degree#Pos|Gender#Fem|Number#Sing|Tense#Past|VerbForm#Part|Voice#Pass
005.SCG*LB1.CP-4++3.N.16.15-1.21-4W6	sequentium	NO MATCH	lemma/124461	Case#Gen|Degree#Pos|Gender#Masc|Number#Plur|Tense#Pres|VerbForm#Part|Voice#Pass
005.SCG*LB4.CP-9++0.N.-3.1-1.6-6W19	patientur	NO MATCH	lemma/116222	Case#Gen|Degree#Pos|Gender#Masc|Number#Plur|Tense#Pres|VerbForm#Part|Voice#Pass
005.SCG*LB2.CP-9++0.N.-3.1-1.4-2W7	puta	NO MATCH	lemma/120610	
005.SCG*LB3.CP10++9.N.-3.8-3.11-6W21	consequens	NO MATCH	lemma/96035	Case#Acc|Degree#Pos|Gender#Neut|Number#Sing|Tense#Pres|VerbForm#Part|Voice#Pass
005.SCG*LB3.CP11++3.N.-7.1-1.4-1W5	licet	NO MATCH	lemma/110432	Mood#Ind|Number#Sing|Person#3|Tense#Pres|VerbForm#Fin|Voice#Act
005.SCG*LB3.CP15++0.N.-3.19-4.21-5W17	operatur	NO MATCH	lemma/115028	Mood#Ind|Number#Sing|Person#3|Tense#Pres|VerbForm#Fin|Voice#Act
005.SCG*LB2.CP-3++7.N.-2.13-1.19-6W33	fieri	NO MATCH	lemma/102758	Tense#Pres|VerbForm#Inf|Voice#Pass
005.SCG*LB2.CP-5++7.N.-4.1-1.6-7W23	utens	NO MATCH	lemma/130923	Case#Nom|Degree#Pos|Gender#Fem|Number#Sing|Tense#Pres|VerbForm#Part|Voice#Pass
005.SCG*LB3.CP-8++0.N.-1.13-7.16-5W5	particulatas	NO MATCH	lemma/69686	Mood#Sub|Number#Plur|Person#3|Tense#Pres|VerbForm#Fin|Voice#Pass
005.SCG*LB2.CP-9++0.N.-4.20-1.25-1W26	oportebit	NO MATCH	lemma/115098	Aspect#Imp|Tense#Pres|VerbForm#Inf|Voice#Pass
005.SCG*LB3.CP12++0.N.10.20-6.22-5W1	licet	NO MATCH	lemma/110432	Aspect#Perf|Mood#Ind|Number#Sing|Person#3|Tense#Past|VerbForm#Fin|Voice#Act
005.SCG*LB3.CP-8++4.N.-1.9-2.11-1W10	directe	NO MATCH	lemma/99575	Degree#Pos
005.SCG*LB2.CP-8++0.N.13.10-5.14-6W3	consequenter	NO MATCH	lemma/96035	Degree#Pos
005.SCG*LB4.CP-3++8.N.-7.6-3.8-3W11	consequens	NO MATCH	lemma/96035	Aspect#Imp|Case#Acc|Degree#Pos|Gender#Neut|Number#Sing|Tense#Pres|VerbForm#Part|Voice#Pass
005.SCG*LB3.CP-9++4.N.14.3-1.7-6W15	essendi	NO MATCH	lemma/126689	Case#Gen|Degree#Pos|Number#Sing|VerbForm#Ger|Voice#Act
005.SCG*LB2.CP-9++8.N.-2.10-8.12-4W5	fit	NO MATCH	lemma/102758	Mood#Ind|Number#Sing|Person#3|Tense#Pres|VerbForm#Fin|Voice#Pass
005.SCG*LB1.CP-9++1.N.-4.17-5.19-5W17	fit	NO MATCH	lemma/102758	Mood#Ind|Number#Sing|Person#3|Tense#Pres|VerbForm#Fin|Voice#Pass
005.SCG*LB3.CP10++1.N.-4.1-1.7-3W20	operantibus	NO MATCH	lemma/115028	Aspect#Perf|Mood#Ind|Number#Sing|Person#1|Tense#Past|VerbForm#Fin|Voice#Act
005.SCG*LB1.CP-1++3.N.20.1-1.3-1W4	oportet	NO MATCH	lemma/115098	Mood#Ind|Number#Sing|Person#3|Tense#Pres|VerbForm#Fin|Voice#Act
005.SCG*LB2.CP-4++1.N.10.4-1.5-3W1	oportet	NO MATCH	lemma/115098	Case#Gen|Degree#Pos|Gender#Masc|Number#Sing|Tense#Pres|VerbForm#Part|Voice#Act
005.SCG*LB3.CP-9++7.N.17.12-3.16-3W16	convenienter	NO MATCH	lemma/96424	Degree#Pos
005.SCG*LB2.CP-1++1.N.-2.7-1.8-1W4	converso	NO MATCH	lemma/96446	Case#Abl|Degree#Pos|Gender#Neut|Number#Sing
005.SCG*LB3.CP-9++1.N.-3.2-3.5-4W2	oportet	NO MATCH	lemma/115098	Tense#Pres|VerbForm#Inf|Voice#Act
005.SCG*LB2.CP-8++8.N.-7.4-4.5-8W5	fit	NO MATCH	lemma/102758	Mood#Ind|Number#Sing|Person#3|Tense#Pres|VerbForm#Fin|Voice#Pass
005.SCG*LB1.CP-6++5.N.-9.11-2.12-6W4	fit	NO MATCH	lemma/102758	Mood#Ind|Number#Sing|Person#3|Tense#Pres|VerbForm#Fin|Voice#Pass
005.SCG*LB2.CP-1++7.N.-5.1-2.5-1W1	oportet	NO MATCH	lemma/115098	Aspect#Perf|Case#Abl|Degree#Pos|Gender#Neut|Number#Plur|Tense#Past|VerbForm#Part|Voice#Pass
005.SCG*LB3.CP-7++1.N.-2.1-1.4-1W7	operatur	NO MATCH	lemma/115028	Aspect#Perf|Case#Abl|Degree#Pos|Gender#Neut|Number#Plur|Tense#Past|VerbForm#Part|Voice#Pass
005.SCG*LB4.CP-1++7.N.11.7-6.9-3W6	locutum	NO MATCH	lemma/110805	Aspect#Perf|Case#Abl|Degree#Pos|Gender#Neut|Number#Sing|Tense#Past|VerbForm#Part|Voice#Pass
005.SCG*LB3.CP-1++3.N.-3.9-6.10-6W1	oportet	NO MATCH	lemma/115098	Aspect#Imp|Mood#Sub|Number#Sing|Person#3|Tense#Imp|VerbForm#Fin|VerbType#Mod|Voice#Pass
005.SCG*LB4.CP-3++4.N.25.22-1.24-1W14	arbitratus	NO MATCH	lemma/89778	Mood#Ind|Number#Sing|Person#3|Tense#Pres|VerbForm#Fin|Voice#Act
005.SCG*LB1.CP-2++8.N.-9.15-7.21-8W5	fit	NO MATCH	lemma/102758	Mood#Ind|Number#Sing|Person#3|Tense#Pres|VerbForm#Fin|Voice#Pass
005.SCG*LB3.CP11++9.N.-8.4-1.6-1W2	convenienter	NO MATCH	lemma/96424	Degree#Pos
005.SCG*LB4.CP-5++6.N.-3.4-3.6-8W7	opinantur	NO MATCH	lemma/115070	Aspect#Perf|Mood#Ind|Number#Sing|Person#3|Tense#Past|VerbForm#Fin|Voice#Act
005.SCG*LB2.CP-1++6.N.-1.1-1.3-3W13	praeexistente	NO MATCH	lemma/131401	Mood#Ind|Number#Sing|Person#3|Tense#Pres|VerbForm#Fin|Voice#Act
005.SCG*LB4.CP-4++9.N.13.1-1.4-2W11	subiiciatur	NO MATCH	lemma/126114	Aspect#Imp|Mood#Sub|Number#Sing|Person#3|Tense#Pres|VerbForm#Fin|Voice#Pass
005.SCG*LB4.CP-4++3.N.-2.20-1.22-5W3	oportuisset	NO MATCH	lemma/115098	Mood#Sub|Number#Sing|Person#3|Tense#Pres|VerbForm#Fin|Voice#Act
005.SCG*LB1.CP-4++4.N.-2.9-5.11-4W8	oportet	NO MATCH	lemma/115098	Mood#Ind|Number#Plur|Person#3|Tense#Pres|VerbForm#Fin|Voice#Pass
005.SCG*LB2.CP-9++2.N.-8.3-3.5-6W10	completius	NO MATCH	lemma/95341	Aspect#Perf|Case#Acc|Degree#Cmp|Gender#Neut|Number#Sing|Tense#Past|VerbForm#Part|Voice#Pass
005.SCG*LB2.CP-9++8.N.-8.1-1.9-2W29	superaddere	NO MATCH	lemma/131438	Aspect#Perf|Case#Nom|Degree#Pos|Gender#Fem|Number#Plur|Tense#Past|VerbForm#Part|Voice#Pass
005.SCG*LB2.CP-7++5.N.-8.29-1.35-4W12	individuantibus	NO MATCH	lemma/59198	Mood#Sub|Number#Sing|Person#3|Tense#Pres|VerbForm#Fin|Voice#Pass
005.SCG*LB2.CP-7++5.N.-6.1-1.7-2W20	fiat	NO MATCH	lemma/102758	Mood#Sub|Number#Sing|Person#3|Tense#Pres|VerbForm#Fin|Voice#Pass
005.SCG*LB2.CP-3++4.N.-2.15-5.16-6W7	oportet	NO MATCH	lemma/115098	Mood#Ind|Number#Sing|Person#3|Tense#Pres|VerbForm#Fin|Voice#Act
005.SCG*LB4.CP--++5.N.10.3-2.4-3W10	loquitur	NO MATCH	lemma/110805	Tense#Pres|VerbForm#Inf|Voice#Act
005.SCG*LB2.CP-4++8.N.-5.6-1.9-5W14	oportet	NO MATCH	lemma/115098	Mood#Ind|Number#Sing|Person#3|Tense#Pres|VerbForm#Fin|Voice#Act
005.SCG*LB2.CP-3++7.N.-2.28-4.30-5W3	fit	NO MATCH	lemma/102758	Mood#Ind|Number#Sing|Person#3|Tense#Pres|VerbForm#Fin|Voice#Pass
005.SCG*LB3.CP10++4.N.10.7-2.10-4W9	sortiuntur	NO MATCH	lemma/125211	Mood#Ind|Number#Sing|Person#3|Tense#Pres|VerbForm#Fin|Voice#Act
005.SCG*LB4.CP-8++3.N.19.14-3.16-4W3	locuta	NO MATCH	lemma/110805	Mood#Ind|Number#Sing|Person#3|Tense#Pres|VerbForm#Fin|Voice#Act
005.SCG*LB4.CP-3++4.N.-6.10-3.12-5W8	loquentis	NO MATCH	lemma/110805	Mood#Sub|Number#Sing|Person#3|Tense#Pres|VerbForm#Fin|Voice#Pass
005.SCG*LB2.CP-8++9.N.11.1-1.6-3W30	consequens	NO MATCH	lemma/96035	Case#Acc|Degree#Pos|Gender#Neut|Number#Sing|Tense#Pres|VerbForm#Part|Voice#Pass
005.SCG*LB1.CP-2++5.N.-6.5-3.10-3W26	oportet	NO MATCH	lemma/115098	Case#Abl|Degree#Pos|Number#Sing|VerbForm#Ger|VerbType#Mod|Voice#Act
005.SCG*LB3.CP13++9.N.12.7-5.11-4W23	licet	NO MATCH	lemma/110432	Mood#Ind|Number#Sing|Person#1|Tense#Fut|VerbForm#Fin|Voice#Act
005.SCG*LB3.CP14++8.N.-3.1-2.6-2W29	operatur	NO MATCH	lemma/115028	Mood#Ind|Number#Sing|Person#1|Tense#Fut|VerbForm#Fin|Voice#Act
005.SCG*LB2.CP-7++9.N.-2.5-2.6-3W1	oportet	NO MATCH	lemma/115098	Mood#Ind|Number#Sing|Person#1|Tense#Fut|VerbForm#Fin|Voice#Act
005.SCG*LB3.CP14++9.N.-6.4-4.10-3W25	operandum	NO MATCH	lemma/115028	Aspect#Perf|Case#Nom|Degree#Pos|Gender#Masc|Number#Sing|Tense#Past|VerbForm#Part|Voice#Pass
005.SCG*LB2.CP-4++8.N.-6.15-1.20-1W17	oporteat	NO MATCH	lemma/115098	Tense#Pres|VerbForm#Inf|Voice#Pass
005.SCG*LB1.CP-4++3.N.13.37-5.42-1W10	praesupposita	NO MATCH	lemma/131408	Aspect#Imp|Mood#Ind|Number#Sing|Person#3|Tense#Pres|VerbForm#Fin|Voice#Act
005.SCG*LB3.CP--++4.N.-3.6-1.8-2W17	patitur	NO MATCH	lemma/116222	Mood#Sub|Number#Sing|Person#3|Tense#Pres|VerbForm#Fin|Voice#Pass
005.SCG*LB3.CP12++3.N.-7.6-2.9-5W18	oportet	NO MATCH	lemma/115098	Aspect#Imp|Mood#Ind|Number#Sing|Person#3|Tense#Pres|VerbForm#Fin|Voice#Pass
005.SCG*LB1.CP-1++4.N.-1.1-1.3-3W13	oportet	NO MATCH	lemma/115098	Aspect#Imp|Mood#Ind|Number#Sing|Person#3|Tense#Pres|VerbForm#Fin|Voice#Pass
005.SCG*LB3.CP-5++2.N.-2.7-3.8-5W1	operari	NO MATCH	lemma/115028	Tense#Pres|VerbForm#Inf|Voice#Act
005.SCG*LB3.CP10++8.N.-2.1-1.9-2W39	ordinatissimus	NO MATCH	lemma/115233	Aspect#Perf|Case#Nom|Degree#Sup|Gender#Masc|Number#Sing|Tense#Past|VerbForm#Part|Voice#Pass
005.SCG*LB1.CP-5++3.N.-2.1-1.8-1W46	fit	NO MATCH	lemma/102758	Mood#Ind|Number#Sing|Person#3|Tense#Pres|VerbForm#Fin|Voice#Pass
005.SCG*LB3.CP-2++0.N.-7.6-6.9-6W3	licet	NO MATCH	lemma/110432	Mood#Ind|Number#Sing|Person#3|Tense#Pres|VerbForm#Fin|Voice#Pass
005.SCG*LB3.CP-8++9.N.-7.1-2.3-5W12	operatur	NO MATCH	lemma/115028	Tense#Pres|VerbForm#Inf|VerbType#Mod|Voice#Act
005.SCG*LB4.CP--++8.N.-8.8-5.12-4W2	oportebat	NO MATCH	lemma/115098	Mood#Ind|Number#Plur|Person#3|Tense#Pres|VerbForm#Fin|Voice#Act
005.SCG*LB2.CP-5++3.N.-3.1-2.2-4W7	oportet	NO MATCH	lemma/115098	Mood#Sub|Number#Sing|Person#3|Tense#Pres|VerbForm#Fin|Voice#Act
005.SCG*LB3.CP15++0.N.-2.6-1.7-7W15	operetur	NO MATCH	lemma/115028	Mood#Ind|Number#Sing|Person#3|Tense#Pres|VerbForm#Fin|Voice#Act
005.SCG*LB3.CP-4++2.N.-6.3-5.5-5W9	loquendo	NO MATCH	lemma/110805	Case#Dat|Degree#Pos|Gender#Fem|Number#Sing|VerbForm#Gdv|Voice#Pass
005.SCG*LB3.CP11++1.N.-1.27-4.30-2W3	operatur	NO MATCH	lemma/115028	Mood#Ind|Number#Sing|Person#3|Tense#Pres|VerbForm#Fin|Voice#Pass
005.SCG*LB1.CP-3++3.N.-7.1-1.7-4W36	oportebit	NO MATCH	lemma/115098	Mood#Ind|Number#Plur|Person#3|Tense#Pres|VerbForm#Fin|Voice#Pass
005.SCG*LB1.CP-7++2.N.-2.2-5.5-4W10	oportet	NO MATCH	lemma/115098	Mood#Ind|Number#Plur|Person#3|Tense#Pres|VerbForm#Fin|Voice#Act
005.SCG*LB2.CP-1++6.N.-3.8-2.10-4W11	operetur	NO MATCH	lemma/115028	Aspect#Imp|Mood#Ind|Number#Sing|Person#3|Tense#Pres|VerbForm#Fin|Voice#Act
005.SCG*LB2.CP-8++0.N.-3.2-4.4-5W11	oportet	NO MATCH	lemma/115098	Mood#Ind|Number#Sing|Person#3|Tense#Pres|VerbForm#Fin|Voice#Act
005.SCG*LB3.CP-1++2.N.-2.1-1.2-5W3	oportet	NO MATCH	lemma/115098	Mood#Ind|Number#Sing|Person#3|Tense#Pres|VerbForm#Fin|VerbType#Mod|Voice#Act
005.SCG*LB2.CP-3++0.N.-4.1-2.3-8W12	oportet	NO MATCH	lemma/115098	Mood#Ind|Number#Sing|Person#3|Tense#Pres|VerbForm#Fin|VerbType#Mod|Voice#Act
005.SCG*LB3.CP-1++2.N.-7.19-2.22-1W10	comitatur	NO MATCH	lemma/95051	Aspect#Perf|Case#Nom|Degree#Pos|Gender#Fem|Number#Sing|Tense#Past|VerbForm#Part|Voice#Pass
005.SCG*LB4.CP-8++3.N.-6.17-2.21-3W25	moriuntur	NO MATCH	lemma/112796	Tense#Pres|VerbForm#Inf|Voice#Pass
005.SCG*LB4.CP-5++5.N.20.4-1.7-6W24	operatur	NO MATCH	lemma/115028	Mood#Ind|Number#Sing|Person#3|Tense#Pres|VerbForm#Fin|Voice#Pass
005.SCG*LB1.CP-4++5.N.-5.2-1.4-6W10	oportet	NO MATCH	lemma/115098	Mood#Ind|Number#Sing|Person#3|Tense#Pres|VerbForm#Fin|Voice#Pass
005.SCG*LB4.CP-3++4.N.13.1-2.4-4W1	licet	NO MATCH	lemma/110432	Aspect#Perf|Case#Nom|Degree#Pos|Gender#Neut|Number#Sing|Tense#Past|VerbForm#Part|Voice#Pass
005.SCG*LB3.CP-1++7.N.-9.6-6.9-6W22	consequens	NO MATCH	lemma/96035	Case#Acc|Degree#Pos|Gender#Neut|Number#Sing|Tense#Pres|VerbForm#Part|Voice#Pass
005.SCG*LB4.CP-2++4.N.-3.5-4.7-2W1	oportet	NO MATCH	lemma/115098	Mood#Ind|Number#Sing|Person#3|Tense#Pres|VerbForm#Fin|Voice#Act
005.SCG*LB1.CP-3++1.N.-4.2-4.7-3W15	oportet	NO MATCH	lemma/115098	Aspect#Perf|Case#Nom|Degree#Pos|Gender#Neut|Number#Sing|Tense#Past|VerbForm#Part|Voice#Pass
005.SCG*LB4.CP-1++1.N.-4.16-3.18-4W11	fiat	NO MATCH	lemma/102758	Aspect#Imp|Mood#Sub|Number#Sing|Person#3|Tense#Pres|VerbForm#Fin|Voice#Pass
005.SCG*LB4.CP-3++4.N.29.12-1.14-2W14	consequens	NO MATCH	lemma/96035	Aspect#Imp|Case#Loc|Degree#Pos|Number#Sing|Tense#Pres|VerbForm#Part|Voice#Pass
005.SCG*LB3.CP-1++0.N.-5.12-1.13-5W8	oportet	NO MATCH	lemma/115098	Aspect#Perf|Case#Nom|Degree#Pos|Gender#Neut|Number#Plur|VerbForm#Gdv|Voice#Pass
005.SCG*LB2.CP-9++5.N.-2.1-1.3-1W3	oportet	NO MATCH	lemma/115098	Mood#Ind|Number#Sing|Person#3|Tense#Pres|VerbForm#Fin|Voice#Pass
005.SCG*LB1.CP-1++1.N.-2.1-1.3-7W2	oportet	NO MATCH	lemma/115098	Mood#Ind|Number#Plur|Person#1|Tense#Pres|VerbForm#Fin|Voice#Act
005.SCG*LB3.CP-9++9.N.-7.6-1.11-6W6	imaginatur	NO MATCH	lemma/106316	Mood#Ind|Number#Sing|Person#3|Tense#Pres|VerbForm#Fin|Voice#Pass
005.SCG*LB3.CP15++4.N.12.12-5.17-3W1	praenuntiavit	NO MATCH	lemma/131405	Aspect#Imp|Mood#Ind|Number#Plur|Person#3|Tense#Pres|VerbForm#Fin|Voice#Act
005.SCG*LB3.CP-9++8.N.-6.19-6.21-4W8	mentiatur	NO MATCH	lemma/112072	Tense#Pres|VerbForm#Inf|Voice#Act
005.SCG*LB4.CP-5++5.N.10.20-1.25-2W25	differentius	NO MATCH	lemma/99342	Degree#Cmp
005.SCG*LB3.CP14++4.N.-3.1-2.6-4W18	fiat	NO MATCH	lemma/102758	Mood#Sub|Number#Sing|Person#3|Tense#Pres|VerbForm#Fin|Voice#Pass
005.SCG*LB3.CP-9++4.N.-9.1-1.7-2W8	oporteat	NO MATCH	lemma/115098	Mood#Sub|Number#Sing|Person#3|Tense#Pres|VerbForm#Fin|Voice#Pass
005.SCG*LB3.CP-8++4.N.-4.4-9.7-5W1	oportet	NO MATCH	lemma/115098	Mood#Ind|Number#Sing|Person#3|Tense#Pres|VerbForm#Fin|Voice#Act
005.SCG*LB4.CP-5++5.N.-7.4-1.9-4W23	oporteat	NO MATCH	lemma/115098	Aspect#Imp|Tense#Pres|VerbForm#Inf|Voice#Act
005.SCG*LB3.CP10++2.N.-4.7-7.9-7W7	operatur	NO MATCH	lemma/115028	Mood#Ind|Number#Sing|Person#3|Tense#Pres|VerbForm#Fin|Voice#Act
005.SCG*LB4.CP-5++4.N.-9.22-1.24-5W12	fieret	NO MATCH	lemma/102758	Aspect#Imp|Mood#Sub|Number#Sing|Person#3|Tense#Imp|VerbForm#Fin|Voice#Pass
005.SCG*LB1.CP-5++5.N.-6.1-2.7-1W19	oportebit	NO MATCH	lemma/115098	Aspect#Perf|Case#Acc|Degree#Pos|Gender#Neut|Number#Sing|Tense#Past|VerbForm#Part|Voice#Pass
005.SCG*LB3.CP--++5.N.-8.5-1.11-1W9	consequens	NO MATCH	lemma/96035	Case#Nom|Degree#Pos|Gender#Neut|Number#Sing|Tense#Pres|VerbForm#Part|Voice#Pass
005.SCG*LB2.CP-3++0.N.-6.8-3.12-1W18	oportet	NO MATCH	lemma/115098	Aspect#Imp|Tense#Pres|VerbForm#Inf|Voice#Act
005.SCG*LB3.CP13++1.N.-5.1-2.7-2W24	consequens	NO MATCH	lemma/96035	Case#Nom|Degree#Pos|Gender#Neut|Number#Sing|Tense#Pres|VerbForm#Part|Voice#Pass
005.SCG*LB2.CP-8++3.N.25.14-3.18-3W4	fiunt	NO MATCH	lemma/102758	Mood#Ind|Number#Plur|Person#3|Tense#Pres|VerbForm#Fin|Voice#Pass
005.SCG*LB3.CP-2++4.N.-8.10-5.14-3W24	remotiora	NO MATCH	lemma/122609	Aspect#Perf|Case#Acc|Degree#Cmp|Gender#Neut|Number#Sing|Tense#Past|VerbForm#Part|Voice#Pass
005.SCG*LB1.CP-1++3.N.28.12-6.14-4W1	oportet	NO MATCH	lemma/115098	Mood#Ind|Number#Plur|Person#3|Tense#Pres|VerbForm#Fin|Voice#Act
005.SCG*LB3.CP-8++4.N.-7.2-1.5-2W19	individuata	NO MATCH	lemma/59198	Aspect#Imp|Case#Nom|Degree#Pos|Gender#Masc|Number#Sing|Tense#Fut|VerbForm#Part|Voice#Act
005.SCG*LB2.CP-6++9.N.-8.6-1.10-3W1	verificantur	NO MATCH	lemma/84620	Aspect#Perf|Mood#Sub|Number#Sing|Person#3|Tense#Past|VerbForm#Fin|Voice#Act
005.SCG*LB3.CP15++0.N.-5.6-5.9-4W5	superaddatur	NO MATCH	lemma/131438	Mood#Ind|Number#Plur|Person#3|Tense#Pres|VerbForm#Fin|Voice#Act
005.SCG*LB3.CP-9++7.N.-7.8-4.11-7W9	oportet	NO MATCH	lemma/115098	Mood#Ind|Number#Sing|Person#3|Tense#Pres|VerbForm#Fin|Voice#Act
005.SCG*LB4.CP--++5.N.11.17-5.18-8W3	miserebor	NO MATCH	lemma/112456	Mood#Ind|Number#Sing|Person#3|Tense#Pres|VerbForm#Fin|Voice#Pass
005.SCG*LB4.CP-6++2.N.-4.18-1.19-5W6	praeextitisse	NO MATCH	lemma/131401	Mood#Ind|Number#Sing|Person#3|Tense#Pres|VerbForm#Fin|Voice#Act
005.SCG*LB4.CP--++8.N.-3.8-1.10-4W10	dominantium	NO MATCH	lemma/100058	Aspect#Imp|Case#Gen|Degree#Pos|Gender#Masc|Number#Plur|Tense#Pres|VerbForm#Part|Voice#Pass
005.SCG*LB4.CP-3++5.N.-5.1-2.3-1W10	nascentium	NO MATCH	lemma/113387	Aspect#Imp|Case#Gen|Degree#Pos|Gender#Masc|Number#Plur|Tense#Pres|VerbForm#Part|Voice#Pass
005.SCG*LB4.CP-4++2.N.-3.12-6.14-3W1	convenienter	NO MATCH	lemma/96424	Degree#Pos
005.SCG*LB3.CP13++5.N.11.24-1.25-7W15	operari	NO MATCH	lemma/115028	Mood#Ind|Number#Sing|Person#3|Tense#Pres|VerbForm#Fin|Voice#Act
005.SCG*LB2.CP-2++0.N.-3.3-5.10-6W41	patiente	NO MATCH	lemma/116222	Mood#Ind|Number#Sing|Person#3|Tense#Pres|VerbForm#Fin|Voice#Act
005.SCG*LB3.CP-9++7.N.-3.9-3.11-7W2	convenienter	NO MATCH	lemma/96424	Degree#Pos
005.SCG*LB4.CP-9++1.N.-9.15-3.21-6W11	locutus	NO MATCH	lemma/110805	Degree#Pos
005.SCG*LB4.CP-3++4.N.11.10-1.12-1W13	passus	NO MATCH	lemma/116222	Mood#Ind|Number#Sing|Person#3|Tense#Pres|VerbForm#Fin|Voice#Act
005.SCG*LB4.CP-5++4.N.-3.34-4.38-3W14	convenientissime	NO MATCH	lemma/96424	Degree#Abs
005.SCG*LB4.CP--++1.N.-5.7-4.10-4W1	oportet	NO MATCH	lemma/115098	Mood#Sub|Number#Sing|Person#3|Tense#Pres|VerbForm#Fin|Voice#Act
005.SCG*LB4.CP-3++4.N.25.6-1.8-6W6	loquendi	NO MATCH	lemma/110805	Aspect#Perf|Case#Acc|Degree#Pos|Gender#Neut|Number#Sing|Tense#Past|VerbForm#Part|Voice#Pass
005.SCG*LB2.CP-2++8.N.-8.23-1.27-1W16	praeexistens	NO MATCH	lemma/131401	Mood#Sub|Number#Sing|Person#3|Tense#Pres|VerbForm#Fin|Voice#Act
005.SCG*LB3.CP10++9.N.10.19-1.23-3W15	puta	NO MATCH	lemma/120610	
005.SCG*LB3.CP-9++8.N.-6.13-1.18-6W12	subiiciuntur	NO MATCH	lemma/126114	Mood#Ind|Number#Plur|Person#3|Tense#Pres|VerbForm#Fin|Voice#Pass
005.SCG*LB3.CP15++0.N.-1.1-1.8-1W41	convenienter	NO MATCH	lemma/96424	Degree#Pos
005.SCG*LB2.CP-3++0.N.15.18-1.22-1W5	consequens	NO MATCH	lemma/96035	Case#Nom|Degree#Pos|Gender#Masc|Number#Sing|Tense#Pres|VerbForm#Part|Voice#Pass
005.SCG*LB4.CP-5++2.N.15.3-1.7-5W8	correspondeant	NO MATCH	lemma/131296	Tense#Pres|VerbForm#Inf|Voice#Act
005.SCG*LB3.CP13++9.N.12.1-1.3-5W1	licet	NO MATCH	lemma/110432	Mood#Ind|Number#Sing|Person#3|Tense#Pres|VerbForm#Fin|Voice#Act
005.SCG*LB4.CP-5++3.N.24.1-2.4-2W14	oportuisset	NO MATCH	lemma/115098	Mood#Ind|Number#Sing|Person#3|Tense#Pres|VerbForm#Fin|Voice#Act
005.SCG*LB3.CP-8++4.N.14.34-3.36-1W6	verificari	NO MATCH	lemma/84620	Aspect#Imp|Mood#Ind|Number#Plur|Person#1|Tense#Pres|VerbForm#Fin|Voice#Act
005.SCG*LB4.CP-1++0.N.13.1-2.5-1W10	oportet	NO MATCH	lemma/115098	Mood#Ind|Number#Sing|Person#3|Tense#Pres|VerbForm#Fin|Voice#Act
005.SCG*LB4.CP--++6.N.-3.1-1.2-3W10	loquens	NO MATCH	lemma/110805	Aspect#Perf|Case#Abl|Degree#Pos|Gender#Fem|Number#Sing|Tense#Past|VerbForm#Part|Voice#Pass
005.SCG*LB4.CP-1++9.N.-2.13-2.16-1W3	oportet	NO MATCH	lemma/115098	Mood#Ind|Number#Sing|Person#3|Tense#Pres|VerbForm#Fin|Voice#Act
005.SCG*LB2.CP-6++0.N.21.4-4.6-1W2	oportet	NO MATCH	lemma/115098	Tense#Pres|VerbForm#Inf|Voice#Act
005.SCG*LB4.CP-4++6.N.-2.9-6.11-7W6	fit	NO MATCH	lemma/102758	Aspect#Imp|Mood#Ind|Number#Sing|Person#3|Tense#Pres|VerbForm#Fin|Voice#Pass
005.SCG*LB3.CP-1++0.N.14.14-1.16-6W1	oportet	NO MATCH	lemma/115098	Mood#Sub|Number#Sing|Person#3|Tense#Pres|VerbForm#Fin|Voice#Act
005.SCG*LB1.CP-2++0.N.11.10-2.12-2W2	oportet	NO MATCH	lemma/115098	Mood#Ind|Number#Plur|Person#3|Tense#Pres|VerbForm#Fin|Voice#Act
005.SCG*LB1.CP-2++1.N.-2.9-3.10-1W3	oportet	NO MATCH	lemma/115098	Mood#Ind|Number#Plur|Person#3|Tense#Pres|VerbForm#Fin|Voice#Act
005.SCG*LB1.CP-6++6.N.-8.12-2.15-5W9	coexistit	NO MATCH	lemma/94708	Mood#Ind|Number#Sing|Person#3|Tense#Pres|VerbForm#Fin|Voice#Act
005.SCG*LB2.CP-2++3.N.-7.7-6.9-4W1	oportet	NO MATCH	lemma/115098	Aspect#Imp|Mood#Ind|Number#Plur|Person#3|Tense#Fut|VerbForm#Fin|Voice#Act
005.SCG*LB4.CP-9++5.N.-6.6-1.9-4W13	licet	NO MATCH	lemma/110432	Case#Abl|Degree#Pos|Number#Sing|VerbForm#Ger|Voice#Act
005.SCG*LB1.CP-5++7.N.-3.1-2.2-4W2	ratiocinans	NO MATCH	lemma/122358	Case#Nom|Degree#Pos|Gender#Masc|Number#Sing|Tense#Pres|VerbForm#Part|Voice#Pass
005.SCG*LB3.CP-4++3.N.-2.23-3.24-6W1	fiunt	NO MATCH	lemma/102758	Mood#Ind|Number#Plur|Person#3|Tense#Pres|VerbForm#Fin|Voice#Pass
005.SCG*LB2.CP-7++5.N.10.18-6.21-2W4	fiat	NO MATCH	lemma/102758	Mood#Sub|Number#Sing|Person#3|Tense#Pres|VerbForm#Fin|Voice#Pass
005.SCG*LB1.CP-2++1.N.-4.19-5.22-3W12	individuata	NO MATCH	lemma/59198	Mood#Sub|Number#Sing|Person#3|Tense#Pres|VerbForm#Fin|Voice#Pass
005.SCG*LB4.CP-6++3.N.-6.13-1.15-1W11	perscrutandum	NO MATCH	lemma/117285	Tense#Pres|VerbForm#Inf|Voice#Pass
005.SCG*LB3.CP10++1.N.-1.5-3.9-6W30	mirantur	NO MATCH	lemma/112442	Mood#Sub|Number#Sing|Person#3|Tense#Pres|VerbForm#Fin|Voice#Pass
005.SCG*LB3.CP-4++8.N.11.16-2.17-2W1	oportet	NO MATCH	lemma/115098	Aspect#Imp|Case#Nom|Degree#Pos|Gender#Fem|Number#Plur|Tense#Pres|VerbForm#Part|Voice#Act
005.SCG*LB1.CP-5++7.N.-3.3-1.6-2W3	oporteret	NO MATCH	lemma/115098	Aspect#Perf|Case#Acc|Degree#Pos|Gender#Fem|Number#Sing|Tense#Past|VerbForm#Part|Voice#Pass
005.SCG*LB4.CP-8++4.N.14.4-7.10-6W21	fit	NO MATCH	lemma/102758	Aspect#Imp|Mood#Ind|Number#Sing|Person#3|Tense#Pres|VerbForm#Fin|Voice#Pass
005.SCG*LB2.CP-6++9.N.-6.1-1.6-1W19	fiat	NO MATCH	lemma/102758	Mood#Sub|Number#Sing|Person#3|Tense#Pres|VerbForm#Fin|Voice#Pass
005.SCG*LB3.CP-8++2.N.-6.9-5.12-4W18	fiat	NO MATCH	lemma/102758	Mood#Sub|Number#Sing|Person#3|Tense#Pres|VerbForm#Fin|Voice#Pass
005.SCG*LB1.CP-4++2.N.11.23-1.25-3W9	necesse-esse	NO MATCH	lemma/126689	Tense#Pres|VerbForm#Inf|Voice#Act
005.SCG*LB3.CP-4++3.N.-5.6-6.9-2W3	oportebit	NO MATCH	lemma/115098	Mood#Ind|Number#Sing|Person#3|Tense#Pres|VerbForm#Fin|Voice#Act
005.SCG*LB2.CP-5++6.N.-6.29-1.32-7W11	oportet	NO MATCH	lemma/115098	Mood#Ind|Number#Sing|Person#3|Tense#Pres|VerbForm#Fin|VerbType#Mod|Voice#Act
005.SCG*LB4.CP-1++3.N.10.7-6.10-3W11	praeextiterint	NO MATCH	lemma/131401	Aspect#Perf|Case#Nom|Degree#Pos|Gender#Neut|Number#Sing|Tense#Past|VerbForm#Part|Voice#Pass
005.SCG*LB3.CP-8++4.N.-2.11-4.13-1W6	fit	NO MATCH	lemma/102758	Mood#Ind|Number#Sing|Person#3|Tense#Pres|VerbForm#Fin|Voice#Pass
005.SCG*LB2.CP-4++2.N.-3.4-1.5-1W1	oportet	NO MATCH	lemma/115098	Mood#Ind|Number#Sing|Person#3|Tense#Pres|VerbForm#Fin|Voice#Act
005.SCG*LB3.CP-2++0.N.-4.4-1.9-3W27	consequens	NO MATCH	lemma/96035	Case#Acc|Degree#Pos|Gender#Neut|Number#Sing|Tense#Pres|VerbForm#Part|Voice#Pass
005.SCG*LB4.CP-1++7.N.18.10-1.11-6W6	loquitur	NO MATCH	lemma/110805	Mood#Ind|Number#Plur|Person#3|Tense#Pres|VerbForm#Fin|Voice#Act
005.SCG*LB1.CP-7++8.N.-3.4-4.7-2W15	sortitur	NO MATCH	lemma/125211	Aspect#Perf|Mood#Ind|Number#Plur|Person#3|Tense#Past|VerbForm#Fin|Voice#Act
005.SCG*LB3.CP-5++1.N.-2.5-4.9-4W2	oportet	NO MATCH	lemma/115098	Aspect#Imp|Tense#Pres|VerbForm#Inf|Voice#Pass
005.SCG*LB2.CP--++3.N.-4.1-1.4-1W11	operanti	NO MATCH	lemma/115028	Aspect#Imp|Mood#Ind|Number#Sing|Person#3|Tense#Pres|VerbForm#Fin|Voice#Pass
005.SCG*LB2.CP-8++3.N.-7.1-1.4-1W5	profitentes	NO MATCH	lemma/119717	Case#Nom|Degree#Pos|Gender#Masc|Number#Plur|Tense#Pres|VerbForm#Part|Voice#Pass
005.SCG*LB4.CP-5++0.N.-7.6-2.7-2W1	oportet	NO MATCH	lemma/115098	Aspect#Imp|Mood#Ind|Number#Sing|Person#3|Tense#Pres|VerbForm#Fin|Voice#Pass
005.SCG*LB3.CP-9++8.N.-4.7-7.11-4W14	volitum	NO MATCH	lemma/130745	Aspect#Perf|Case#Nom|Degree#Pos|Gender#Neut|Number#Sing|Tense#Past|VerbForm#Part|VerbType#Mod|Voice#Pass
005.SCG*LB3.CP13++2.N.26.5-1.10-3W32	oportet	NO MATCH	lemma/115098	Aspect#Perf|Case#Abl|Degree#Pos|Gender#Neut|Number#Plur|Tense#Past|VerbForm#Part|Voice#Pass
005.SCG*LB2.CP-5++8.N.-7.9-6.18-3W27	sensificato	NO MATCH	lemma/124333	Aspect#Perf|Case#Abl|Degree#Pos|Gender#Neut|Number#Sing|Tense#Past|VerbForm#Part|Voice#Pass
005.SCG*LB3.CP13++9.N.11.5-6.7-4W12	oportet	NO MATCH	lemma/115098	Aspect#Imp|Mood#Ind|Number#Plur|Person#3|Tense#Pres|VerbForm#Fin|Voice#Act
005.SCG*LB2.CP-7++4.N.-2.35-1.45-1W23	oportet	NO MATCH	lemma/115098	Aspect#Imp|Mood#Ind|Number#Plur|Person#3|Tense#Pres|VerbForm#Fin|Voice#Act
005.SCG*LB2.CP-5++6.N.-7.15-7.16-6W1	oportet	NO MATCH	lemma/115098	Mood#Sub|Number#Sing|Person#3|Tense#Pres|VerbForm#Fin|Voice#Act
005.SCG*LB1.CP-1++8.N.-3.6-3.7-4W10	necesse-esse	NO MATCH	lemma/126689	Tense#Pres|VerbForm#Inf|Voice#Act
005.SCG*LB4.CP-4++4.N.-4.9-3.11-1W6	oportuit	NO MATCH	lemma/115098	Mood#Sub|Number#Sing|Person#3|Tense#Pres|VerbForm#Fin|Voice#Pass
005.SCG*LB3.CP-4++6.N.-2.2-8.4-7W4	fit	NO MATCH	lemma/102758	Mood#Ind|Number#Sing|Person#3|Tense#Pres|VerbForm#Fin|Voice#Pass
005.SCG*LB3.CP-3++0.N.-7.1-2.7-1W3	fit	NO MATCH	lemma/102758	Mood#Ind|Number#Sing|Person#3|Tense#Pres|VerbForm#Fin|Voice#Pass
005.SCG*LB2.CP-1++6.N.11.5-1.12-6W30	licet	NO MATCH	lemma/110432	Mood#Ind|Number#Sing|Person#3|Tense#Pres|VerbForm#Fin|Voice#Pass
005.SCG*LB4.CP-2++6.N.-2.9-2.10-1W2	oportet	NO MATCH	lemma/115098	Case#Acc|Degree#Pos|Gender#Neut|Number#Sing|Tense#Pres|VerbForm#Part|Voice#Act
005.SCG*LB2.CP-2++4.N.-4.3-1.6-6W4	fieri	NO MATCH	lemma/102758	Tense#Pres|VerbForm#Inf|Voice#Pass
005.SCG*LB4.CP-2++2.N.-5.8-1.10-7W18	puta	NO MATCH	lemma/120610	VerbForm#Fin
005.SCG*LB4.CP-1++0.N.13.15-5.17-2W9	licet	NO MATCH	lemma/110432	Mood#Ind|Number#Plur|Person#3|Tense#Pres|VerbForm#Fin|Voice#Act
005.SCG*LB3.CP-8++2.N.-5.1-2.2-4W1	oportet	NO MATCH	lemma/115098	Mood#Ind|Number#Sing|Person#3|Tense#Pres|VerbForm#Fin|VerbType#Mod|Voice#Act
005.SCG*LB1.CP-1++3.N.-5.6-1.6-6W1	oportet	NO MATCH	lemma/115098	Mood#Ind|Number#Sing|Person#3|Tense#Pres|VerbForm#Fin|VerbType#Mod|Voice#Act
005.SCG*LB3.CP-8++1.N.-6.11-5.15-6W24	egrediens	NO MATCH	lemma/100715	Case#Nom|Degree#Pos|Gender#Neut|Number#Sing|Tense#Pres|VerbForm#Part|Voice#Pass
005.SCG*LB3.CP13++5.N.22.3-1.7-1W31	fieri	NO MATCH	lemma/102758	Tense#Pres|VerbForm#Inf|Voice#Pass
005.SCG*LB3.CP-2++0.N.--.1-1.2-2W3	imitentur	NO MATCH	lemma/106364	Mood#Ind|Number#Plur|Person#3|Tense#Fut|VerbForm#Fin|Voice#Act
005.SCG*LB3.CP-8++8.N.-7.4-1.5-4W4	operatur	NO MATCH	lemma/115028	Aspect#Imp|Mood#Ind|Number#Plur|Person#3|Tense#Pres|VerbForm#Fin|Voice#Act
005.SCG*LB2.CP10++0.N.-3.1-2.2-6W11	eminentius	NO MATCH	lemma/100978	Case#Loc|Degree#Cmp|Number#Sing
005.SCG*LB4.CP-3++1.N.-4.4-1.5-1W5	fit	NO MATCH	lemma/102758	Aspect#Imp|Mood#Ind|Number#Sing|Person#3|Tense#Pres|VerbForm#Fin|Voice#Pass
005.SCG*LB2.CP-5++6.N.-2.5-1.6-2W8	alterata	NO MATCH	lemma/88470	Aspect#Perf|Case#Acc|Degree#Pos|Gender#Neut|Number#Plur|Tense#Past|VerbForm#Part|Voice#Pass
005.SCG*LB4.CP--++8.N.-7.14-6.17-5W10	patiendi	NO MATCH	lemma/116222	Aspect#Imp|Tense#Pres|VerbForm#Inf|Voice#Pass
005.SCG*LB2.CP-5++7.N.-3.5-7.8-4W12	consequens	NO MATCH	lemma/96035	Case#Acc|Degree#Pos|Gender#Neut|Number#Sing|Tense#Pres|VerbForm#Part|Voice#Pass
005.SCG*LB4.CP-4++1.N.12.4-5.7-2W6	operari	NO MATCH	lemma/115028	Mood#Ind|Number#Sing|Person#3|Tense#Pres|VerbForm#Fin|Voice#Act
005.SCG*LB4.CP-2++9.N.-6.8-1.11-3W12	expresse	NO MATCH	lemma/102229	Degree#Pos
005.SCG*LB3.CP--++2.N.-9.21-2.22-5W8	licet	NO MATCH	lemma/110432	Tense#Pres|VerbForm#Inf|Voice#Pass
005.SCG*LB4.CP-2++9.N.-9.1-1.3-4W3	expressius	NO MATCH	lemma/102229	Degree#Cmp
005.SCG*LB1.CP--++2.N.-2.6-4.10-2W27	loquatur	NO MATCH	lemma/110805	Mood#Ind|Number#Sing|Person#3|Tense#Pres|VerbForm#Fin|Voice#Pass
005.SCG*LB2.CP-7++3.N.29.6-5.10-7W14	operatur	NO MATCH	lemma/115028	Mood#Ind|Number#Sing|Person#3|Tense#Pres|VerbForm#Fin|Voice#Pass
005.SCG*LB4.CP-5++5.N.10.8-3.11-4W1	convenientissime	NO MATCH	lemma/96424	Degree#Abs
005.SCG*LB4.CP-3++1.N.-4.1-2.3-5W14	fieri	NO MATCH	lemma/102758	Aspect#Imp|Tense#Pres|VerbForm#Inf|Voice#Pass
005.SCG*LB1.CP-4++2.N.-9.9-1.10-3W7	necesse-esse	NO MATCH	lemma/126689	Tense#Pres|VerbForm#Inf|Voice#Act
005.SCG*LB4.CP-1++4.N.14.1-1.4-6W15	fit	NO MATCH	lemma/102758	Aspect#Imp|Mood#Ind|Number#Sing|Person#3|Tense#Pres|VerbForm#Fin|Voice#Pass
005.SCG*LB4.CP-9++6.N.-1.9-2.11-2W6	fit	NO MATCH	lemma/102758	Aspect#Imp|Mood#Ind|Number#Sing|Person#3|Tense#Pres|VerbForm#Fin|Voice#Pass
005.SCG*LB3.CP-8++4.N.-2.4-3.6-2W11	passum	NO MATCH	lemma/116222	Aspect#Perf|Case#Nom|Degree#Pos|Gender#Masc|Number#Plur|Tense#Past|VerbForm#Part|Voice#Pass
005.SCG*LB1.CP-2++9.N.-5.1-1.3-4W5	convenientius	NO MATCH	lemma/96424	Degree#Cmp
005.SCG*LB3.CP11++2.N.-5.11-2.13-2W1	convenienter	NO MATCH	lemma/96424	Degree#Pos
005.SCG*LB3.CP12++5.N.-4.6-3.11-2W15	commorandi	NO MATCH	lemma/95197	Aspect#Imp|Mood#Sub|Number#Sing|Person#3|Tense#Imp|VerbForm#Fin|Voice#Act
005.SCG*LB4.CP--++1.N.12.18-3.19-3W1	signanter	NO MATCH	lemma/124766	Degree#Pos
005.SCG*LB1.CP-8++4.N.-3.4-4.8-4W27	essendi	NO MATCH	lemma/126689	Case#Gen|Degree#Pos|Number#Sing|VerbForm#Ger|Voice#Act
005.SCG*LB1.CP-7++1.N.13.8-5.11-6W2	oportet	NO MATCH	lemma/115098	Case#Gen|Degree#Pos|Gender#Masc|Number#Plur|Tense#Pres|VerbForm#Part|Voice#Act
005.SCG*LB4.CP-2++4.N.12.6-3.9-5W4	oportebit	NO MATCH	lemma/115098	Mood#Ind|Number#Sing|Person#3|Tense#Pres|VerbForm#Fin|Voice#Act
005.SCG*LB4.CP--++7.N.-8.7-5.9-1W9	oportet	NO MATCH	lemma/115098	Tense#Pres|VerbForm#Inf|Voice#Act
005.SCG*LB4.CP-4++3.N.-4.15-2.17-2W1	oportuit	NO MATCH	lemma/115098	Tense#Pres|VerbForm#Inf|Voice#Act
005.SCG*LB4.CP-4++3.N.-3.15-2.16-2W7	praeexistentem	NO MATCH	lemma/131401	Aspect#Perf|Mood#Sub|Number#Plur|Person#3|Tense#Past|VerbForm#Fin|Voice#Act
005.SCG*LB4.CP-3++5.N.-6.1-1.7-1W27	oportet	NO MATCH	lemma/115098	Tense#Pres|VerbForm#Inf|Voice#Act
005.SCG*LB3.CP-9++4.N.10.68-1.71-1W17	contingenter	NO MATCH	lemma/96293	Degree#Pos
005.SCG*LB2.CP-9++2.N.-6.11-5.17-3W1	oportet	NO MATCH	lemma/115098	Mood#Ind|Number#Plur|Person#3|Tense#Pres|VerbForm#Fin|Voice#Act
005.SCG*LB4.CP-7++4.N.-2.31-5.33-1W5	proportionatum	NO MATCH	lemma/131413	Mood#Ind|Number#Plur|Person#3|Tense#Pres|VerbForm#Fin|Voice#Act
005.SCG*LB4.CP-8++3.N.14.1-1.3-1W7	suffragari	NO MATCH	lemma/126631	Mood#Ind|Number#Sing|Person#3|Tense#Pres|VerbForm#Fin|Voice#Act
005.SCG*LB3.CP10++4.N.11.7-3.11-2W13	fiunt	NO MATCH	lemma/102758	Mood#Ind|Number#Plur|Person#3|Tense#Pres|VerbForm#Fin|Voice#Pass
005.SCG*LB3.CP10++1.N.-1.23-3.26-2W9	fiunt	NO MATCH	lemma/102758	Mood#Ind|Number#Plur|Person#3|Tense#Pres|VerbForm#Fin|Voice#Pass
005.SCG*LB3.CP-8++0.N.11.16-4.20-3W14	fiunt	NO MATCH	lemma/102758	Mood#Ind|Number#Plur|Person#3|Tense#Pres|VerbForm#Fin|Voice#Pass
005.SCG*LB4.CP-1++1.N.-9.1-1.1-5W5	oportet	NO MATCH	lemma/115098	Mood#Ind|Number#Plur|Person#3|Tense#Pres|VerbForm#Fin|Voice#Act
005.SCG*LB2.CP--++1.N.-6.1-1.3-6W14	actum	NO MATCH	lemma/88140	Case#Nom|Degree#Pos|Gender#Neut|Number#Sing|Tense#Pres|VerbForm#Part|Voice#Pass
005.SCG*LB4.CP-1++9.N.-2.4-1.7-3W3	fit	NO MATCH	lemma/102758	Aspect#Imp|Mood#Ind|Number#Sing|Person#3|Tense#Pres|VerbForm#Fin|Voice#Pass
005.SCG*LB1.CP-3++2.N.-7.15-6.19-1W5	fiunt	NO MATCH	lemma/102758	Mood#Ind|Number#Plur|Person#3|Tense#Pres|VerbForm#Fin|Voice#Pass
005.SCG*LB2.CP-3++2.N.-7.14-2.17-1W17	fieri	NO MATCH	lemma/102758	Tense#Pres|VerbForm#Inf|Voice#Pass
005.SCG*LB1.CP--++1.N.-2.16-1.20-1W5	principatur	NO MATCH	lemma/73421	Aspect#Imp|Mood#Ind|Number#Sing|Person#3|Tense#Pres|VerbForm#Fin|Voice#Act
005.SCG*LB1.CP--++4.N.-1.1-1.6-2W25	convenienter	NO MATCH	lemma/96424	Degree#Pos
005.SCG*LB4.CP-7++9.N.-2.1-1.3-1W10	mori	NO MATCH	lemma/112796	Aspect#Imp|Mood#Sub|Number#Sing|Person#3|Tense#Imp|VerbForm#Fin|Voice#Pass
005.SCG*LB3.CP-7++7.N.-1.18-4.21-6W12	operetur	NO MATCH	lemma/115028	Mood#Ind|Number#Sing|Person#3|Tense#Pres|VerbForm#Fin|Voice#Pass
005.SCG*LB4.CP-1++7.N.-5.5-4.7-2W4	mortuos	NO MATCH	lemma/112796	Mood#Ind|Number#Sing|Person#3|Tense#Pres|VerbForm#Fin|Voice#Act
005.SCG*LB4.CP-9++1.N.-4.4-7.6-3W7	demeriti	NO MATCH	lemma/98534	Mood#Ind|Number#Sing|Person#1|Tense#Pres|VerbForm#Fin|Voice#Act
005.SCG*LB4.CP-6++0.N.-2.8-1.13-2W20	conversantur	NO MATCH	lemma/96442	Case#Gen|Degree#Pos|Gender#Masc|Number#Plur|Tense#Pres|VerbForm#Part|Voice#Act
005.SCG*LB4.CP-1++3.N.-6.12-2.13-7W1	oportet	NO MATCH	lemma/115098	Case#Gen|Degree#Pos|Gender#Masc|Number#Plur|Tense#Pres|VerbForm#Part|Voice#Act
005.SCG*LB4.CP-1++7.N.17.3-5.4-7W8	mentiri	NO MATCH	lemma/112072	Mood#Ind|Number#Sing|Person#3|Tense#Pres|VerbForm#Fin|Voice#Act
005.SCG*LB1.CP-4++2.N.11.23-1.25-3W1	oportet	NO MATCH	lemma/115098	Mood#Ind|Number#Sing|Person#3|Tense#Pres|VerbForm#Fin|Voice#Act
005.SCG*LB3.CP-6++5.N.10.1-1.8-3W46	fieri	NO MATCH	lemma/102758	Tense#Pres|VerbForm#Inf|Voice#Pass
005.SCG*LB3.CP16++3.N.-3.1-1.7-3W15	fieri	NO MATCH	lemma/102758	Tense#Pres|VerbForm#Inf|Voice#Pass
005.SCG*LB4.CP-1++7.N.-3.10-5.11-4W1	oportet	NO MATCH	lemma/115098	Mood#Ind|Number#Sing|Person#3|Tense#Pres|VerbForm#Fin|Voice#Act
005.SCG*LB2.CP-3++4.N.-4.7-3.9-2W8	praeexistere	NO MATCH	lemma/131401	Mood#Sub|Number#Plur|Person#3|Tense#Pres|VerbForm#Fin|Voice#Act
005.SCG*LB2.CP-2++5.N.18.2-6.6-3W13	essendo	NO MATCH	lemma/126689	Case#Abl|Degree#Pos|Number#Sing|VerbForm#Ger|Voice#Act
005.SCG*LB3.CP13++5.N.19.1-1.5-3W1	licet	NO MATCH	lemma/110432	Mood#Sub|Number#Sing|Person#3|Tense#Pres|VerbForm#Fin|Voice#Act
005.SCG*LB1.CP-9++8.N.-5.1-2.3-2W10	oportet	NO MATCH	lemma/115098	Aspect#Perf|Case#Abl|Degree#Pos|Gender#Masc|Number#Sing|Tense#Past|VerbForm#Part|Voice#Pass
005.SCG*LB4.CP-7++2.N.13.8-1.13-5W34	subiiciat	NO MATCH	lemma/126114	Aspect#Imp|Mood#Sub|Number#Sing|Person#3|Tense#Pres|VerbForm#Fin|Voice#Act
005.SCG*LB4.CP-4++1.N.14.8-3.14-2W2	licet	NO MATCH	lemma/110432	Mood#Ind|Number#Sing|Person#3|Tense#Pres|VerbForm#Fin|Voice#Act
005.SCG*LB3.CP-2++0.N.-5.10-5.13-7W12	oportet	NO MATCH	lemma/115098	Aspect#Imp|Mood#Ind|Number#Sing|Person#3|Tense#Pres|VerbForm#Fin|Voice#Act
005.SCG*LB4.CP-1++9.N.-5.4-3.5-2W1	oportet	NO MATCH	lemma/115098	Aspect#Perf|Case#Acc|Degree#Pos|Gender#Masc|Number#Sing|Tense#Past|VerbForm#Part|Voice#Pass
005.SCG*LB4.CP-8++1.N.-7.12-6.15-4W8	puta	NO MATCH	lemma/120610	VerbForm#Fin
005.SCG*LB3.CP-4++2.N.-7.34-5.37-2W14	fiat	NO MATCH	lemma/102758	Mood#Sub|Number#Sing|Person#3|Tense#Pres|VerbForm#Fin|Voice#Pass
005.SCG*LB3.CP-5++5.N.-2.5-1.6-4W7	commensuretur	NO MATCH	lemma/131464	Mood#Ind|Number#Sing|Person#3|Tense#Pres|VerbForm#Fin|Voice#Act
005.SCG*LB4.CP-2++2.N.-1.1-1.5-2W14	fieri	NO MATCH	lemma/102758	Aspect#Imp|Tense#Pres|VerbForm#Inf|Voice#Pass
005.SCG*LB2.CP-2++0.N.-3.3-5.10-6W37	oportet	NO MATCH	lemma/115098	Mood#Ind|Number#Sing|Person#3|Tense#Pres|VerbForm#Fin|Voice#Pass
005.SCG*LB3.CP-2++6.N.19.11-2.12-7W6	oportet	NO MATCH	lemma/115098	Case#Acc|Degree#Pos|Gender#Fem|Number#Sing|Tense#Pres|VerbForm#Part|Voice#Act
005.SCG*LB4.CP-6++6.N.-5.1-1.7-6W1	mirandum	NO MATCH	lemma/112442	Aspect#Imp|Mood#Sub|Number#Plur|Person#3|Tense#Imp|VerbForm#Fin|Voice#Act
005.SCG*LB3.CP10++1.N.-1.5-3.9-6W26	mirantur	NO MATCH	lemma/112442	Aspect#Imp|Mood#Ind|Number#Plur|Person#2|Tense#Pres|VerbForm#Fin|Voice#Act
005.SCG*LB1.CP-4++3.N.13.31-2.32-4W5	praesupposita	NO MATCH	lemma/131408	Tense#Pres|VerbForm#Inf|Voice#Act
005.SCG*LB3.CP12++9.N.-5.1-2.3-4W6	oportet	NO MATCH	lemma/115098	Aspect#Perf|Mood#Ind|Number#Sing|Person#1|Tense#Past|VerbForm#Fin|Voice#Act
005.SCG*LB4.CP--++4.N.11.8-5.10-5W9	essendi	NO MATCH	lemma/126689	Aspect#Perf|Case#Gen|Degree#Pos|Number#Sing|VerbForm#Ger|Voice#Act
005.SCG*LB1.CP-8++6.N.-6.14-1.17-5W15	licet	NO MATCH	lemma/110432	Aspect#Imp|Tense#Pres|VerbForm#Inf|Voice#Act
005.SCG*LB2.CP-6++0.N.10.8-1.10-2W8	pati	NO MATCH	lemma/116222	Case#Nom|Degree#Pos|Gender#Fem|Number#Sing|VerbForm#Gdv|Voice#Pass
005.SCG*LB4.CP--++8.N.-3.1-1.5-5W30	dominantium	NO MATCH	lemma/100058	Aspect#Imp|Case#Gen|Degree#Pos|Gender#Masc|Number#Plur|Tense#Pres|VerbForm#Part|Voice#Pass
005.SCG*LB4.CP-7++4.N.-5.5-3.8-3W13	fit	NO MATCH	lemma/102758	Aspect#Imp|Mood#Ind|Number#Sing|Person#3|Tense#Pres|VerbForm#Fin|Voice#Pass
005.SCG*LB3.CP-4++3.N.10.1-1.9-1W6	fit	NO MATCH	lemma/102758	Mood#Ind|Number#Sing|Person#3|Tense#Pres|VerbForm#Fin|Voice#Pass
005.SCG*LB2.CP-5++6.N.-6.25-1.25-8W3	fit	NO MATCH	lemma/102758	Mood#Ind|Number#Sing|Person#3|Tense#Pres|VerbForm#Fin|Voice#Pass
005.SCG*LB4.CP-1++0.N.-4.2-4.4-4W10	oportet	NO MATCH	lemma/115098	Mood#Ind|Number#Sing|Person#3|Tense#Pres|VerbForm#Fin|Voice#Act
005.SCG*LB2.CP-8++5.N.-5.4-3.5-5W8	fieri	NO MATCH	lemma/102758	Tense#Pres|VerbForm#Inf|Voice#Pass
005.SCG*LB3.CP-8++4.N.-2.8-2.11-3W15	loquendo	NO MATCH	lemma/110805	Tense#Pres|VerbForm#Inf|Voice#Pass
005.SCG*LB4.CP-8++9.N.-2.1-1.2-4W1	oportet	NO MATCH	lemma/115098	Aspect#Perf|Mood#Ind|Number#Sing|Person#3|Tense#Past|VerbForm#Fin|Voice#Act
005.SCG*LB1.CP-3++4.N.-1.8-1.13-3W24	subiectum	NO MATCH	lemma/126114	Case#Nom|Degree#Pos|Gender#Neut|Number#Sing
005.SCG*LB2.CP-8++2.N.17.20-2.24-6W15	operatur	NO MATCH	lemma/115028	Mood#Ind|Number#Sing|Person#3|Tense#Pres|VerbForm#Fin|Voice#Act
005.SCG*LB2.CP-3++8.N.12.2-3.4-1W9	fieri	NO MATCH	lemma/102758	Tense#Pres|VerbForm#Inf|Voice#Pass
005.SCG*LB3.CP10++1.N.-1.11-5.13-1W7	admirari	NO MATCH	lemma/87541	Mood#Ind|Number#Sing|Person#3|Tense#Pres|VerbForm#Fin|Voice#Pass
005.SCG*LB2.CP-8++6.N.-2.4-2.6-2W12	operetur	NO MATCH	lemma/115028	Aspect#Imp|Mood#Ind|Number#Plur|Person#3|Tense#Pres|VerbForm#Fin|Voice#Pass
005.SCG*LB2.CP-3++3.N.-6.3-3.4-7W3	consequens	NO MATCH	lemma/96035	Case#Acc|Degree#Pos|Gender#Neut|Number#Sing|Tense#Pres|VerbForm#Part|Voice#Pass
005.SCG*LB4.CP-5++2.N.-6.52-1.58-3W38	consequenter	NO MATCH	lemma/96035	Degree#Pos
005.SCG*LB3.CP-5++0.N.-4.4-1.6-3W13	puta	NO MATCH	lemma/120610	
005.SCG*LB2.CP-3++3.N.-5.6-1.7-3W1	oportet	NO MATCH	lemma/115098	Mood#Ind|Number#Sing|Person#3|Tense#Pres|VerbForm#Fin|Voice#Act
005.SCG*LB2.CP-4++3.N.-6.13-3.15-5W2	oportet	NO MATCH	lemma/115098	Mood#Ind|Number#Plur|Person#3|Tense#Pres|VerbForm#Fin|Voice#Act
005.SCG*LB3.CP15++4.N.17.28-5.30-2W11	mortuis	NO MATCH	lemma/112796	Tense#Pres|VerbForm#Inf|Voice#Pass
005.SCG*LB4.CP-6++3.N.-9.14-5.19-6W32	consequens	NO MATCH	lemma/96035	Aspect#Imp|Case#Acc|Degree#Pos|Gender#Neut|Number#Sing|Tense#Pres|VerbForm#Part|Voice#Pass
005.SCG*LB2.CP-1++9.N.-5.8-3.12-4W22	calefit	NO MATCH	lemma/92350	Mood#Ind|Number#Sing|Person#3|Tense#Pres|VerbForm#Fin|Voice#Pass
005.SCG*LB3.CP--++5.N.-5.16-1.18-3W8	stricte	NO MATCH	lemma/125839	Degree#Pos
005.SCG*LB4.CP-8++1.N.-5.4-5.7-7W6	fieri	NO MATCH	lemma/102758	Aspect#Imp|Tense#Pres|VerbForm#Inf|Voice#Pass
005.SCG*LB2.CP-7++8.N.-9.27-6.32-2W3	fit	NO MATCH	lemma/102758	Mood#Ind|Number#Sing|Person#3|Tense#Pres|VerbForm#Fin|Voice#Pass
005.SCG*LB3.CP16++3.N.-3.7-4.14-2W29	licet	NO MATCH	lemma/110432	Mood#Ind|Number#Sing|Person#3|Tense#Pres|VerbForm#Fin|Voice#Pass
005.SCG*LB4.CP-5++2.N.-6.44-1.48-1W21	subiiciantur	NO MATCH	lemma/126114	Aspect#Imp|Mood#Sub|Number#Plur|Person#3|Tense#Pres|VerbForm#Fin|Voice#Pass
005.SCG*LB4.CP-6++3.N.-1.1-1.8-3W11	operetur	NO MATCH	lemma/115028	Mood#Ind|Number#Plur|Person#3|Tense#Pres|VerbForm#Fin|Voice#Act
005.SCG*LB1.CP-2++0.N.-8.10-3.12-4W11	oportet	NO MATCH	lemma/115098	Tense#Pres|VerbForm#Inf|Voice#Act
005.SCG*LB1.CP-9++0.N.-2.23-1.26-3W24	operatur	NO MATCH	lemma/115028	Aspect#Perf|Case#Acc|Degree#Pos|Gender#Masc|Number#Sing|Tense#Past|VerbForm#Part|Voice#Pass
005.SCG*LB3.CP10++3.N.-2.14-1.16-4W11	puta	NO MATCH	lemma/120610	
005.SCG*LB2.CP-8++2.N.-2.7-1.9-8W22	operantes	NO MATCH	lemma/115028	Aspect#Perf|Case#Acc|Degree#Pos|Gender#Masc|Number#Sing|Tense#Past|VerbForm#Part|Voice#Pass
005.SCG*LB2.CP-9++2.N.-3.10-1.17-3W48	operantibus	NO MATCH	lemma/115028	Mood#Ind|Number#Sing|Person#2|Tense#Pres|VerbForm#Fin|Voice#Act
005.SCG*LB4.CP-5++5.N.28.17-2.20-2W3	oportet	NO MATCH	lemma/115098	Mood#Sub|Number#Sing|Person#3|Tense#Pres|VerbForm#Fin|Voice#Act
005.SCG*LB2.CP-4++6.N.-4.1-2.5-7W10	fieret	NO MATCH	lemma/102758	Aspect#Imp|Mood#Sub|Number#Sing|Person#3|Tense#Imp|VerbForm#Fin|Voice#Pass
005.SCG*LB4.CP--++8.N.-2.15-6.19-3W3	oportet	NO MATCH	lemma/115098	Mood#Ind|Number#Sing|Person#3|Tense#Pres|VerbForm#Fin|Voice#Act
005.SCG*LB3.CP-7++7.N.-5.8-3.10-5W3	fit	NO MATCH	lemma/102758	Mood#Ind|Number#Sing|Person#3|Tense#Pres|VerbForm#Fin|Voice#Pass
005.SCG*LB2.CP-9++1.N.-9.2-5.7-1W14	oportet	NO MATCH	lemma/115098	Mood#Sub|Number#Sing|Person#3|Tense#Pres|VerbForm#Fin|Voice#Act
005.SCG*LB4.CP-5++2.N.-6.24-3.28-2W17	puta	NO MATCH	lemma/120610	VerbForm#Fin
005.SCG*LB2.CP-3++8.N.13.3-1.7-2W19	oporteret	NO MATCH	lemma/115098	Mood#Ind|Number#Plur|Person#3|Tense#Pres|VerbForm#Fin|Voice#Act
005.SCG*LB1.CP--++6.N.-2.9-3.11-4W7	mortuorum	NO MATCH	lemma/112796	Mood#Ind|Number#Sing|Person#3|Tense#Pres|VerbForm#Fin|Voice#Pass
005.SCG*LB4.CP-7++2.N.11.9-1.17-6W13	subiiciant	NO MATCH	lemma/126114	Aspect#Imp|Mood#Sub|Number#Plur|Person#3|Tense#Pres|VerbForm#Fin|Voice#Act
005.SCG*LB4.CP-2++3.N.-7.20-1.24-4W17	oportet	NO MATCH	lemma/115098	Case#Acc|Degree#Pos|Gender#Masc|Number#Sing|Tense#Pres|VerbForm#Part|Voice#Act
005.SCG*LB3.CP14++5.N.-4.1-2.3-1W8	perverse	NO MATCH	lemma/117457	Degree#Pos
005.SCG*LB2.CP--++3.N.-5.1-2.6-4W23	consequens	NO MATCH	lemma/96035	Case#Acc|Degree#Pos|Gender#Neut|Number#Sing|Tense#Pres|VerbForm#Part|Voice#Pass
005.SCG*LB2.CP-8++0.N.-8.1-1.5-1W7	oportet	NO MATCH	lemma/115098	Mood#Sub|Number#Sing|Person#3|Tense#Pres|VerbForm#Fin|Voice#Act
005.SCG*LB3.CP-4++6.N.-7.12-5.14-5W11	fit	NO MATCH	lemma/102758	Mood#Ind|Number#Sing|Person#3|Tense#Pres|VerbForm#Fin|Voice#Pass
005.SCG*LB4.CP-7++3.N.-5.1-1.5-2W2	licet	NO MATCH	lemma/110432	Aspect#Perf|Mood#Ind|Number#Sing|Person#3|Tense#Past|VerbForm#Fin|Voice#Act
005.SCG*LB4.CP-5++4.N.-4.9-3.13-5W10	oportet	NO MATCH	lemma/115098	Mood#Ind|Number#Sing|Person#3|Tense#Pres|VerbForm#Fin|Voice#Pass
005.SCG*LB2.CP-8++6.N.-5.11-1.13-1W6	esse	NO MATCH	lemma/126689	Case#Acc|Gender#Neut|Number#Sing
005.SCG*LB1.CP-2++6.N.-4.4-3.6-4W6	essendi	NO MATCH	lemma/126689	Case#Gen|Degree#Pos|Number#Sing|VerbForm#Ger|Voice#Act
005.SCG*LB2.CP--++2.N.-3.6-6.10-4W15	mirati	NO MATCH	lemma/112442	Case#Gen|Degree#Pos|Number#Sing|VerbForm#Ger|Voice#Act
005.SCG*LB2.CP-2++3.N.-5.12-2.14-5W16	operatur	NO MATCH	lemma/115028	Mood#Ind|Number#Sing|Person#3|Tense#Pres|VerbForm#Fin|Voice#Act
005.SCG*LB2.CP-4++0.N.-4.1-2.3-5W15	fiunt	NO MATCH	lemma/102758	Mood#Ind|Number#Plur|Person#3|Tense#Pres|VerbForm#Fin|Voice#Pass
005.SCG*LB2.CP-4++6.N.-1.5-1.10-3W24	fierent	NO MATCH	lemma/102758	Aspect#Imp|Mood#Sub|Number#Plur|Person#3|Tense#Imp|VerbForm#Fin|Voice#Pass
005.SCG*LB3.CP-5++1.N.-3.1-1.11-5W10	fiat	NO MATCH	lemma/102758	Mood#Sub|Number#Sing|Person#3|Tense#Pres|VerbForm#Fin|Voice#Pass
005.SCG*LB2.CP-7++3.N.36.10-1.12-3W10	operatur	NO MATCH	lemma/115028	Mood#Ind|Number#Sing|Person#3|Tense#Pres|VerbForm#Fin|Voice#Act
005.SCG*LB3.CP-4++3.N.-2.9-4.10-4W3	experimur	NO MATCH	lemma/102164	Aspect#Perf|Case#Abl|Degree#Pos|Gender#Neut|Number#Plur|Tense#Past|VerbForm#Part|Voice#Pass
005.SCG*LB2.CP--++2.N.-4.8-2.13-4W25	diligenter	NO MATCH	lemma/99463	Degree#Pos
005.SCG*LB3.CP12++8.N.-7.7-4.8-6W3	fit	NO MATCH	lemma/102758	Mood#Ind|Number#Sing|Person#3|Tense#Pres|VerbForm#Fin|Voice#Pass
005.SCG*LB2.CP-2++1.N.10.21-6.23-6W12	oportet	NO MATCH	lemma/115098	Mood#Ind|Number#Plur|Person#3|Tense#Pres|VerbForm#Fin|Voice#Pass
005.SCG*LB2.CP-3++0.N.17.22-7.25-7W9	conditionata	NO MATCH	lemma/43331	Mood#Ind|Number#Sing|Person#3|Tense#Pres|VerbForm#Fin|Voice#Act
005.SCG*LB2.CP-9++1.N.-8.18-3.27-1W14	oportet	NO MATCH	lemma/115098	Tense#Pres|VerbForm#Inf|Voice#Act
005.SCG*LB3.CP-8++8.N.-5.1-2.3-4W18	passo	NO MATCH	lemma/116222	Aspect#Imp|Mood#Ind|Number#Sing|Person#3|Tense#Pres|VerbForm#Fin|Voice#Act
005.SCG*LB3.CP11++2.N.-2.3-7.5-3W9	operandum	NO MATCH	lemma/115028	Aspect#Imp|Mood#Ind|Number#Sing|Person#3|Tense#Pres|VerbForm#Fin|Voice#Pass
005.SCG*LB3.CP-6++0.N.-1.1-1.9-4W56	contempletur	NO MATCH	lemma/96238	Tense#Pres|VerbForm#Inf|Voice#Pass
005.SCG*LB4.CP-2++6.N.-6.13-1.15-1W2	fit	NO MATCH	lemma/102758	Aspect#Imp|Mood#Ind|Number#Sing|Person#3|Tense#Pres|VerbForm#Fin|Voice#Pass
005.SCG*LB3.CP13++5.N.22.30-5.37-5W42	parificat	NO MATCH	lemma/69572	Case#Acc|Degree#Pos|Gender#Fem|Number#Sing|VerbForm#Gdv|Voice#Pass
005.SCG*LB4.CP-5++6.N.-4.5-3.7-6W20	operandum	NO MATCH	lemma/115028	Case#Acc|Degree#Pos|Gender#Fem|Number#Sing|VerbForm#Gdv|Voice#Pass
005.SCG*LB2.CP-5++8.N.10.8-1.10-3W1	oportet	NO MATCH	lemma/115098	Case#Dat|Degree#Pos|Gender#Masc|Number#Sing|Tense#Pres|VerbForm#Part|Voice#Act
005.SCG*LB4.CP-1++7.N.11.1-2.2-7W8	locutus	NO MATCH	lemma/110805	Aspect#Perf|Case#Nom|Degree#Pos|Gender#Neut|Number#Plur|Tense#Past|VerbForm#Part|Voice#Pass
005.SCG*LB1.CP-4++2.N.-3.3-2.4-5W7	oportet	NO MATCH	lemma/115098	Case#Abl|Degree#Pos|Gender#Neut|Number#Plur|Tense#Pres|VerbForm#Part|Voice#Act
005.SCG*LB3.CP-6++4.N.-6.10-1.11-3W1	oportet	NO MATCH	lemma/115098	Tense#Pres|VerbForm#Inf|Voice#Act
005.SCG*LB4.CP--++8.N.-6.30-9.34-8W12	consequenti	NO MATCH	lemma/96035	Aspect#Imp|Case#Abl|Degree#Pos|Gender#Neut|Number#Sing|Tense#Pres|VerbForm#Part|Voice#Pass
005.SCG*LB2.CP-9++1.N.-9.19-2.21-1W1	oportet	NO MATCH	lemma/115098	Aspect#Imp|Case#Nom|Degree#Pos|Gender#Fem|Number#Sing|Tense#Pres|VerbForm#Part|Voice#Act
005.SCG*LB3.CP-2++4.N.-7.8-4.12-4W18	operetur	NO MATCH	lemma/115028	Mood#Ind|Number#Plur|Person#3|Tense#Pres|VerbForm#Fin|Voice#Pass
005.SCG*LB3.CP-1++8.N.-4.1-2.7-4W17	oportet	NO MATCH	lemma/115098	Mood#Ind|Number#Sing|Person#3|Tense#Pres|VerbForm#Fin|Voice#Act
005.SCG*LB3.CP-9++2.N.12.6-1.10-6W19	praeconsiderat	NO MATCH	lemma/131392	Mood#Ind|Number#Sing|Person#3|Tense#Pres|VerbForm#Fin|Voice#Act
005.SCG*LB3.CP-6++7.N.-5.1-2.8-1W36	operantur	NO MATCH	lemma/115028	Mood#Ind|Number#Sing|Person#3|Tense#Pres|VerbForm#Fin|Voice#Act
005.SCG*LB3.CP-4++3.N.-2.26-6.29-5W4	consequentia	NO MATCH	lemma/96035	Case#Acc|Degree#Pos|Gender#Neut|Number#Plur|Tense#Pres|VerbForm#Part|Voice#Pass
005.SCG*LB3.CP-5++6.N.-5.30-1.33-5W23	operantem	NO MATCH	lemma/115028	Aspect#Imp|Mood#Ind|Number#Sing|Person#1|Tense#Fut|VerbForm#Fin|Voice#Act
005.SCG*LB3.CP-8++0.N.17.12-1.13-2W4	principari	NO MATCH	lemma/73421	Aspect#Imp|Case#Abl|Degree#Pos|Gender#Fem|Number#Sing|Tense#Pres|VerbForm#Part|Voice#Act
005.SCG*LB2.CP-6++8.N.12.7-1.8-2W4	fit	NO MATCH	lemma/102758	Mood#Ind|Number#Sing|Person#3|Tense#Pres|VerbForm#Fin|Voice#Pass
005.SCG*LB4.CP-1++1.N.-5.15-1.21-1W12	licet	NO MATCH	lemma/110432	Mood#Ind|Number#Sing|Person#3|Tense#Pres|VerbForm#Fin|VerbType#Mod|Voice#Act
005.SCG*LB3.CP-4++1.N.-3.22-3.24-1W9	oportet	NO MATCH	lemma/115098	Aspect#Imp|Mood#Ind|Number#Sing|Person#3|Tense#Pres|VerbForm#Fin|Voice#Act
005.SCG*LB4.CP-5++5.N.-5.2-3.6-6W26	fit	NO MATCH	lemma/102758	Aspect#Imp|Mood#Ind|Number#Sing|Person#3|Tense#Pres|VerbForm#Fin|Voice#Pass
005.SCG*LB2.CP-4++5.N.-4.14-3.16-6W1	oportuit	NO MATCH	lemma/115098	Mood#Ind|Number#Sing|Person#3|Tense#Pres|VerbForm#Fin|Voice#Act
005.SCG*LB4.CP-8++1.N.-1.1-1.9-6W40	convenienter	NO MATCH	lemma/96424	Degree#Pos
005.SCG*LB2.CP-7++3.N.-2.5-6.6-4W5	proportionata	NO MATCH	lemma/131413	Aspect#Imp|Mood#Ind|Number#Sing|Person#3|Tense#Pres|VerbForm#Fin|Voice#Pass
005.SCG*LB2.CP-8++5.N.-5.1-2.2-3W4	fit	NO MATCH	lemma/102758	Mood#Ind|Number#Sing|Person#3|Tense#Pres|VerbForm#Fin|Voice#Pass
005.SCG*LB3.CP-4++9.N.11.12-3.17-3W1	licet	NO MATCH	lemma/110432	Aspect#Imp|Mood#Ind|Number#Sing|Person#3|Tense#Pres|VerbForm#Fin|Voice#Pass
005.SCG*LB3.CP15++6.N.-6.13-3.15-4W15	operatur	NO MATCH	lemma/115028	Mood#Sub|Number#Sing|Person#3|Tense#Pres|VerbForm#Fin|Voice#Pass
005.SCG*LB3.CP-2++4.N.-2.1-1.6-2W1	oportet	NO MATCH	lemma/115098	Aspect#Imp|Mood#Ind|Number#Sing|Person#3|Tense#Pres|VerbForm#Fin|Voice#Act
005.SCG*LB3.CP-7++6.N.-7.5-2.8-4W12	oportet	NO MATCH	lemma/115098	Aspect#Perf|Mood#Sub|Number#Sing|Person#3|Tense#Pqp|VerbForm#Fin|Voice#Act
005.SCG*LB1.CP-1++0.N.-7.1-1.3-6W7	opinantur	NO MATCH	lemma/115070	Aspect#Perf|Mood#Ind|Number#Sing|Person#1|Tense#Past|VerbForm#Fin|Voice#Act
005.SCG*LB2.CP-1++9.N.-4.4-6.6-3W2	fieri	NO MATCH	lemma/102758	Tense#Pres|VerbForm#Inf|Voice#Pass
005.SCG*LB2.CP-7++3.N.26.1-2.5-6W22	fiat	NO MATCH	lemma/102758	Mood#Sub|Number#Sing|Person#3|Tense#Pres|VerbForm#Fin|Voice#Pass
005.SCG*LB2.CP-7++6.N.15.2-2.7-3W34	fieri	NO MATCH	lemma/102758	Tense#Pres|VerbForm#Inf|Voice#Pass
005.SCG*LB3.CP13++8.N.-1.8-6.11-2W15	fiunt	NO MATCH	lemma/102758	Mood#Ind|Number#Plur|Person#3|Tense#Pres|VerbForm#Fin|Voice#Pass
005.SCG*LB1.CP-2++4.N.-3.6-5.8-5W13	superadditum	NO MATCH	lemma/131438	Aspect#Perf|Case#Nom|Degree#Pos|Gender#Neut|Number#Sing|Tense#Past|VerbForm#Part|Voice#Pass
005.SCG*LB2.CP-2++0.N.-3.3-5.10-6W4	passum	NO MATCH	lemma/116222	Aspect#Perf|Case#Nom|Degree#Pos|Gender#Neut|Number#Sing|Tense#Past|VerbForm#Part|Voice#Pass
005.SCG*LB2.CP-1++5.N.10.1-1.3-6W16	essendi	NO MATCH	lemma/126689	Case#Gen|Degree#Pos|Number#Sing|VerbForm#Ger|Voice#Act
005.SCG*LB4.CP-7++2.N.-6.17-3.20-5W20	patienti	NO MATCH	lemma/116222	Case#Gen|Degree#Pos|Number#Sing|VerbForm#Ger|Voice#Act
005.SCG*LB1.CP-3++2.N.-2.6-8.10-6W16	divisim	NO MATCH	lemma/99932	Degree#Pos
005.SCG*LB3.CP-9++0.N.-9.5-1.11-2W22	praedeterminat	NO MATCH	lemma/131393	Mood#Ind|Number#Sing|Person#3|Tense#Pres|VerbForm#Fin|Voice#Act
005.SCG*LB4.CP-5++7.N.-1.13-1.16-2W10	oportet	NO MATCH	lemma/115098	Aspect#Imp|Case#Gen|Degree#Pos|Gender#Masc|Number#Plur|Tense#Pres|VerbForm#Part|Voice#Act
005.SCG*LB2.CP-9++8.N.-4.3-4.7-6W17	oportet	NO MATCH	lemma/115098	Case#Nom|Degree#Pos|Gender#Masc|Number#Sing|Tense#Pres|VerbForm#Part|Voice#Act
005.SCG*LB3.CP-7++8.N.-6.2-7.5-4W5	operantur	NO MATCH	lemma/115028	Tense#Pres|VerbForm#Inf|Voice#Act
005.SCG*LB2.CP-4++7.N.-4.27-4.32-5W3	licet	NO MATCH	lemma/110432	Tense#Pres|VerbForm#Inf|Voice#Act
005.SCG*LB4.CP-6++5.N.-6.1-1.7-1W34	fit	NO MATCH	lemma/102758	Aspect#Imp|Mood#Ind|Number#Sing|Person#3|Tense#Pres|VerbForm#Fin|Voice#Pass
005.SCG*LB2.CP-4++3.N.-7.10-4.13-3W9	fieri	NO MATCH	lemma/102758	Tense#Pres|VerbForm#Inf|Voice#Pass
005.SCG*LB2.CP--++7.N.-3.3-5.5-4W10	patitur	NO MATCH	lemma/116222	Aspect#Perf|Case#Gen|Degree#Pos|Gender#Fem|Number#Plur|Tense#Past|VerbForm#Part|Voice#Pass
005.SCG*LB4.CP-8++6.N.-4.1-1.6-6W5	fruens	NO MATCH	lemma/103882	Aspect#Imp|Case#Nom|Degree#Pos|Gender#Fem|Number#Sing|Tense#Pres|VerbForm#Part|Voice#Pass
005.SCG*LB4.CP-3++5.N.-9.1-2.2-5W7	fieri	NO MATCH	lemma/102758	Aspect#Imp|Tense#Pres|VerbForm#Inf|Voice#Pass
005.SCG*LB3.CP15++3.N.-2.24-6.26-9W2	oportet	NO MATCH	lemma/115098	Case#Acc|Degree#Pos|Gender#Neut|Number#Sing|Tense#Pres|VerbForm#Part|Voice#Act
005.SCG*LB1.CP-5++1.N.10.2-9.6-2W10	intellectuum	NO MATCH	lemma/108367	Aspect#Perf|Case#Gen|Degree#Pos|Gender#Neut|Number#Plur|Tense#Past|VerbForm#Part|Voice#Pass
005.SCG*LB2.CP-1++6.N.11.5-1.12-6W11	licet	NO MATCH	lemma/110432	Mood#Ind|Number#Sing|Person#3|Tense#Pres|VerbForm#Fin|Voice#Pass
005.SCG*LB3.CP-2++6.N.20.5-2.8-1W14	concomitans	NO MATCH	lemma/95553	Case#Nom|Degree#Pos|Gender#Fem|Number#Sing|Tense#Pres|VerbForm#Part|Voice#Pass
005.SCG*LB2.CP--++6.N.-1.1-1.4-2W17	essendi	NO MATCH	lemma/126689	Case#Gen|Degree#Pos|Number#Sing|VerbForm#Ger|Voice#Act
005.SCG*LB4.CP-8++6.N.-5.1-1.4-1W5	fruens	NO MATCH	lemma/103882	Aspect#Imp|Case#Nom|Degree#Pos|Gender#Fem|Number#Sing|Tense#Pres|VerbForm#Part|Voice#Pass
005.SCG*LB3.CP13++8.N.-8.6-1.8-5W3	oportet	NO MATCH	lemma/115098	Aspect#Perf|Case#Acc|Degree#Pos|Gender#Fem|Number#Sing|Tense#Past|VerbForm#Part|Voice#Pass
005.SCG*LB4.CP-1++3.N.-7.12-8.16-3W21	fiat	NO MATCH	lemma/102758	Aspect#Imp|Mood#Sub|Number#Sing|Person#3|Tense#Pres|VerbForm#Fin|Voice#Pass
005.SCG*LB3.CP-9++2.N.-2.26-4.30-1W9	operetur	NO MATCH	lemma/115028	Aspect#Imp|Tense#Pres|VerbForm#Inf|Voice#Act
005.SCG*LB2.CP-8++0.N.-9.29-6.31-1W6	oportet	NO MATCH	lemma/115098	Tense#Pres|VerbForm#Inf|Voice#Pass
005.SCG*LB3.CP14++0.N.-5.7-5.11-2W14	oportet	NO MATCH	lemma/115098	Aspect#Imp|Mood#Ind|Number#Sing|Person#3|Tense#Pres|VerbForm#Fin|Voice#Act
005.SCG*LB4.CP-8++2.N.-1.1-1.3-4W16	morituri	NO MATCH	lemma/112796	Mood#Ind|Number#Sing|Person#3|Tense#Pres|VerbForm#Fin|Voice#Act
005.SCG*LB4.CP-5++5.N.-6.27-4.31-1W1	convenientius	NO MATCH	lemma/96424	Degree#Cmp
005.SCG*LB3.CP-1++3.N.-2.1-1.3-1W10	oportet	NO MATCH	lemma/115098	Mood#Ind|Number#Sing|Person#3|Tense#Pres|VerbForm#Fin|Voice#Act
005.SCG*LB4.CP-5++6.N.-2.15-2.20-1W26	operaretur	NO MATCH	lemma/115028	Aspect#Perf|Case#Dat|Degree#Pos|Gender#Masc|Number#Plur|Tense#Past|VerbForm#Part|Voice#Pass
005.SCG*LB3.CP15++4.N.19.11-5.13-4W5	oportet	NO MATCH	lemma/115098	Aspect#Imp|Mood#Ind|Number#Sing|Person#3|Tense#Pres|VerbForm#Fin|Voice#Act
005.SCG*LB2.CP-5++5.N.-9.4-1.5-7W6	pati	NO MATCH	lemma/116222	Aspect#Imp|Mood#Ind|Number#Sing|Person#3|Tense#Pres|VerbForm#Fin|Voice#Pass
005.SCG*LB4.CP-1++4.N.14.13-5.16-4W1	oportet	NO MATCH	lemma/115098	Aspect#Perf|Mood#Sub|Number#Sing|Person#3|Tense#Past|VerbForm#Fin|Voice#Act
005.SCG*LB1.CP-7++4.N.-1.1-1.3-3W10	volitum	NO MATCH	lemma/130745	Aspect#Perf|Case#Nom|Degree#Pos|Gender#Neut|Number#Sing|Tense#Past|VerbForm#Part|VerbType#Mod|Voice#Pass
005.SCG*LB2.CP-5++7.N.-8.8-7.11-5W4	patitur	NO MATCH	lemma/116222	Mood#Ind|Number#Sing|Person#3|Tense#Pres|VerbForm#Fin|Voice#Act
005.SCG*LB3.CP10++4.N.-8.12-1.15-3W7	abiicitur	NO MATCH	lemma/86884	Mood#Ind|Number#Sing|Person#3|Tense#Pres|VerbForm#Fin|Voice#Pass
005.SCG*LB3.CP-4++1.N.-5.3-2.7-1W11	oportet	NO MATCH	lemma/115098	Mood#Ind|Number#Sing|Person#3|Tense#Pres|VerbForm#Fin|Voice#Pass
005.SCG*LB3.CP-9++7.N.-4.11-2.12-4W1	oportet	NO MATCH	lemma/115098	Mood#Sub|Number#Sing|Person#3|Tense#Pres|VerbForm#Fin|Voice#Act
005.SCG*LB4.CP-2++4.N.-4.9-4.12-5W12	oportet	NO MATCH	lemma/115098	Aspect#Imp|Mood#Ind|Number#Sing|Person#3|Tense#Pres|VerbForm#Fin|Voice#Act
005.SCG*LB2.CP-4++6.N.-1.5-1.10-3W18	consequens	NO MATCH	lemma/96035	Case#Nom|Degree#Pos|Gender#Neut|Number#Sing|Tense#Pres|VerbForm#Part|Voice#Pass
005.SCG*LB3.CP-6++6.N.-3.6-1.11-3W19	operantur	NO MATCH	lemma/115028	Case#Nom|Degree#Pos|Gender#Neut|Number#Sing|Tense#Pres|VerbForm#Part|Voice#Pass
005.SCG*LB4.CP-8++0.N.-5.5-2.9-3W24	occulte	NO MATCH	lemma/114609	Degree#Pos
005.SCG*LB3.CP-4++6.N.-9.10-4.13-1W7	oportet	NO MATCH	lemma/115098	Aspect#Perf|Case#Nom|Degree#Pos|Gender#Masc|Number#Plur|Tense#Past|VerbForm#Part|Voice#Pass
005.SCG*LB4.CP-1++9.N.-2.16-2.19-3W23	operatur	NO MATCH	lemma/115028	Mood#Ind|Number#Sing|Person#3|Tense#Pres|VerbForm#Fin|Voice#Act
005.SCG*LB4.CP-4++5.N.-7.33-6.38-4W1	licet	NO MATCH	lemma/110432	Mood#Ind|Number#Sing|Person#3|Tense#Pres|VerbForm#Fin|Voice#Pass
005.SCG*LB3.CP14++9.N.-4.3-3.6-2W13	proportionatus	NO MATCH	lemma/131413	Case#Gen|Degree#Pos|Gender#Fem|Number#Sing|Tense#Pres|VerbForm#Part|Voice#Act
005.SCG*LB1.CP-1++4.N.-3.1-1.6-2W27	oportet	NO MATCH	lemma/115098	Aspect#Imp|Mood#Sub|Number#Sing|Person#3|Tense#Imp|VerbForm#Fin|Voice#Act
005.SCG*LB3.CP-6++8.N.-5.1-2.6-4W26	oportet	NO MATCH	lemma/115098	Aspect#Imp|Mood#Sub|Number#Sing|Person#3|Tense#Imp|VerbForm#Fin|Voice#Act
005.SCG*LB2.CP-7++7.N.-5.25-2.27-1W12	proportionata	NO MATCH	lemma/131413	Tense#Pres|VerbForm#Inf|VerbType#Mod|Voice#Act
005.SCG*LB2.CP-8++3.N.31.1-2.5-1W9	consequens	NO MATCH	lemma/96035	Case#Nom|Degree#Pos|Gender#Neut|Number#Sing|Tense#Pres|VerbForm#Part|Voice#Pass
005.SCG*LB4.CP-1++0.N.-1.7-2.14-2W36	patitur	NO MATCH	lemma/116222	Tense#Pres|VerbForm#Inf|Voice#Act
005.SCG*LB4.CP-8++2.N.-5.14-1.16-1W4	morituri	NO MATCH	lemma/112796	Aspect#Imp|Mood#Sub|Number#Sing|Person#3|Tense#Pres|VerbForm#Fin|Voice#Pass
005.SCG*LB3.CP13++2.N.-7.4-5.7-7W8	oportet	NO MATCH	lemma/115098	Aspect#Imp|Mood#Ind|Number#Sing|Person#3|Tense#Pres|VerbForm#Fin|Voice#Act
005.SCG*LB3.CP11++1.N.-1.4-3.7-2W1	oportet	NO MATCH	lemma/115098	Aspect#Imp|Mood#Ind|Number#Sing|Person#3|Tense#Pres|VerbForm#Fin|Voice#Pass
005.SCG*LB1.CP-7++5.N.-6.10-5.14-2W14	volita	NO MATCH	lemma/130745	Aspect#Perf|Case#Nom|Degree#Pos|Gender#Neut|Number#Plur|Tense#Past|VerbForm#Part|VerbType#Mod|Voice#Pass
005.SCG*LB2.CP-7++3.N.19.14-6.19-6W34	calefieri	NO MATCH	lemma/92350	Tense#Pres|VerbForm#Inf|Voice#Pass
005.SCG*LB4.CP-5++5.N.-9.11-1.14-6W2	oportuit	NO MATCH	lemma/115098	Mood#Ind|Number#Sing|Person#3|Tense#Pres|VerbForm#Fin|Voice#Act
005.SCG*LB3.CP--++2.N.-4.30-5.32-1W1	oportet	NO MATCH	lemma/115098	Mood#Ind|Number#Sing|Person#3|Tense#Pres|VerbForm#Fin|Voice#Act
005.SCG*LB4.CP-4++8.N.-3.1-1.5-2W1	licet	NO MATCH	lemma/110432	Tense#Pres|VerbForm#Inf|Voice#Act
005.SCG*LB2.CP-8++4.N.-5.3-3.7-1W21	praeexistentium	NO MATCH	lemma/131401	Tense#Pres|VerbForm#Inf|Voice#Act
005.SCG*LB3.CP-4++8.N.12.6-9.7-6W1	oportet	NO MATCH	lemma/115098	Tense#Pres|VerbForm#Inf|Voice#Act
005.SCG*LB1.CP-1++3.N.19.28-6.31-4W19	mediate	NO MATCH	lemma/111819	Aspect#Perf|Case#Loc|Degree#Pos|Number#Sing|Tense#Past|VerbForm#Part|Voice#Pass
005.SCG*LB1.CP-5++1.N.-4.4-2.11-5W41	essendo	NO MATCH	lemma/126689	Case#Abl|Degree#Pos|Number#Sing|VerbForm#Ger|Voice#Act
005.SCG*LB4.CP-1++7.N.18.7-6.9-8W8	loquar	NO MATCH	lemma/110805	Aspect#Imp|Mood#Sub|Number#Sing|Person#3|Tense#Imp|VerbForm#Fin|Voice#Act
005.SCG*LB2.CP-7++6.N.-7.5-2.7-5W12	consequens	NO MATCH	lemma/96035	Case#Acc|Degree#Pos|Gender#Neut|Number#Sing|Tense#Pres|VerbForm#Part|Voice#Pass
005.SCG*LB2.CP-3++7.N.-2.1-1.5-1W21	fieri	NO MATCH	lemma/102758	Tense#Pres|VerbForm#Inf|Voice#Pass
005.SCG*LB2.CP-8++9.N.11.16-1.19-1W12	licet	NO MATCH	lemma/110432	Aspect#Perf|Mood#Ind|Number#Sing|Person#3|Tense#Fut|VerbForm#Fin|Voice#Act
005.SCG*LB1.CP-2++0.N.22.3-3.9-6W36	expresse	NO MATCH	lemma/102229	Degree#Pos
005.SCG*LB3.CP14++9.N.-7.3-4.8-5W24	subsequenter	NO MATCH	lemma/126356	Degree#Pos
005.SCG*LB1.CP-1++3.N.-5.11-1.12-2W1	oportet	NO MATCH	lemma/115098	Tense#Pres|VerbForm#Inf|Voice#Pass
005.SCG*LB4.CP--++1.N.11.9-3.11-3W16	recte	NO MATCH	lemma/122542	Degree#Pos
005.SCG*LB3.CP-8++0.N.-1.13-7.16-5W14	oportet	NO MATCH	lemma/115098	Mood#Sub|Number#Sing|Person#3|Tense#Pres|VerbForm#Fin|Voice#Act
005.SCG*LB4.CP-1++0.N.-7.9-2.10-7W10	individuetur	NO MATCH	lemma/59198	Case#Abl|Degree#Pos|Gender#Fem|Number#Sing|Tense#Pres|VerbForm#Part|Voice#Act
005.SCG*LB1.CP-4++2.N.-8.1-2.3-5W15	essendi	NO MATCH	lemma/126689	Case#Gen|Degree#Pos|Number#Sing|VerbForm#Ger|Voice#Act
005.SCG*LB2.CP-5++8.N.-7.9-6.18-3W23	utens	NO MATCH	lemma/130923	Case#Nom|Degree#Pos|Gender#Fem|Number#Sing|Tense#Pres|VerbForm#Part|Voice#Pass
005.SCG*LB4.CP--++6.N.-9.3-6.4-7W7	clarificavi	NO MATCH	lemma/94426	Aspect#Perf|Mood#Ind|Number#Sing|Person#1|Tense#Past|VerbForm#Fin|Voice#Act
005.SCG*LB2.CP-4++7.N.-3.13-1.14-6W4	fiat	NO MATCH	lemma/102758	Mood#Sub|Number#Sing|Person#3|Tense#Pres|VerbForm#Fin|Voice#Pass
005.SCG*LB4.CP-7++2.N.-7.6-1.10-4W5	fit	NO MATCH	lemma/102758	Aspect#Imp|Mood#Ind|Number#Sing|Person#3|Tense#Pres|VerbForm#Fin|Voice#Pass
005.SCG*LB2.CP-2++3.N.10.12-7.14-6W2	oportet	NO MATCH	lemma/115098	Aspect#Imp|Mood#Ind|Number#Plur|Person#3|Tense#Pres|VerbForm#Fin|Voice#Act
005.SCG*LB4.CP-9++6.N.-1.16-6.18-3W4	divisim	NO MATCH	lemma/99932	Degree#Pos
005.SCG*LB1.CP-4++9.N.-2.4-2.5-5W9	essendi	NO MATCH	lemma/126689	Case#Gen|Degree#Pos|Number#Sing|VerbForm#Ger|Voice#Act
005.SCG*LB3.CP-4++1.N.11.11-7.14-3W4	sufficienter	NO MATCH	lemma/126601	Degree#Pos
005.SCG*LB3.CP12++3.N.-7.18-4.22-5W25	oportuit	NO MATCH	lemma/115098	Mood#Ind|Number#Plur|Person#3|Tense#Fut|VerbForm#Fin|Voice#Act
005.SCG*LB3.CP10++2.N.-4.12-3.16-5W10	fit	NO MATCH	lemma/102758	Mood#Ind|Number#Sing|Person#3|Tense#Pres|VerbForm#Fin|Voice#Pass
005.SCG*LB3.CP15++4.N.-8.10-2.16-2W1	oportuit	NO MATCH	lemma/115098	Tense#Pres|VerbForm#Inf|Voice#Act
005.SCG*LB3.CP-6++4.N.-5.1-2.6-4W8	operantur	NO MATCH	lemma/115028	Mood#Ind|Number#Sing|Person#3|Tense#Pres|VerbForm#Fin|Voice#Act
005.SCG*LB1.CP-1++3.N.28.6-1.9-2W10	oportet	NO MATCH	lemma/115098	Mood#Ind|Number#Plur|Person#1|Tense#Pres|VerbForm#Fin|Voice#Act
005.SCG*LB3.CP-4++2.N.-7.43-5.45-1W7	fit	NO MATCH	lemma/102758	Mood#Ind|Number#Sing|Person#3|Tense#Pres|VerbForm#Fin|Voice#Pass
005.SCG*LB4.CP-1++7.N.23.9-5.11-3W3	operatur	NO MATCH	lemma/115028	Mood#Ind|Number#Sing|Person#3|Tense#Pres|VerbForm#Fin|Voice#Pass
005.SCG*LB4.CP-2++4.N.-9.2-1.4-7W1	oportet	NO MATCH	lemma/115098	Aspect#Perf|Mood#Ind|Number#Plur|Person#3|Tense#Past|VerbForm#Fin|Voice#Act
005.SCG*LB4.CP-2++2.N.-2.10-7.14-1W9	speculantes	NO MATCH	lemma/125314	Aspect#Imp|Case#Nom|Degree#Pos|Gender#Masc|Number#Plur|Tense#Pres|VerbForm#Part|Voice#Pass
005.SCG*LB1.CP-7++7.N.-3.9-4.11-2W5	volitorum	NO MATCH	lemma/130745	Aspect#Perf|Case#Gen|Degree#Pos|Gender#Neut|Number#Plur|Tense#Past|VerbForm#Part|VerbType#Mod|Voice#Pass
005.SCG*LB2.CP-1++6.N.-5.6-2.7-3W5	essendi	NO MATCH	lemma/126689	Case#Gen|Degree#Pos|Number#Sing|VerbForm#Ger|Voice#Act
005.SCG*LB1.CP-7++0.N.-2.8-3.11-2W20	remotissima	NO MATCH	lemma/122609	Aspect#Perf|Case#Acc|Degree#Sup|Gender#Neut|Number#Plur|Tense#Past|VerbForm#Part|Voice#Pass
005.SCG*LB1.CP-5++7.N.-9.9-8.11-2W5	fit	NO MATCH	lemma/102758	Mood#Ind|Number#Sing|Person#3|Tense#Pres|VerbForm#Fin|Voice#Pass
005.SCG*LB1.CP10++0.N.-4.4-5.7-3W10	fit	NO MATCH	lemma/102758	Mood#Ind|Number#Sing|Person#3|Tense#Pres|VerbForm#Fin|Voice#Pass
005.SCG*LB3.CP10++0.N.-1.1-1.4-3W6	licet	NO MATCH	lemma/110432	Mood#Ind|Number#Plur|Person#3|Tense#Pres|VerbForm#Fin|Voice#Act
005.SCG*LB1.CP--++2.N.-3.6-2.10-6W26	conversati	NO MATCH	lemma/96442	Aspect#Imp|Mood#Ind|Number#Sing|Person#3|Tense#Pres|VerbForm#Fin|Voice#Pass
005.SCG*LB2.CP-1++6.N.11.5-1.12-6W38	loquendo	NO MATCH	lemma/110805	Aspect#Perf|Tense#Past|VerbForm#Inf|Voice#Act
005.SCG*LB3.CP13++1.N.-1.5-1.8-2W17	loquuntur	NO MATCH	lemma/110805	Aspect#Imp|Case#Nom|Degree#Pos|Gender#Neut|Number#Sing|Tense#Pres|VerbForm#Part|Voice#Act
005.SCG*LB4.CP-2++3.N.-9.7-2.7-7W6	irati	NO MATCH	lemma/108954	Aspect#Perf|Mood#Ind|Number#Plur|Person#3|Tense#Past|VerbForm#Fin|Voice#Act
005.SCG*LB3.CP-9++4.N.-8.5-5.8-3W7	oportet	NO MATCH	lemma/115098	Aspect#Imp|Tense#Pres|VerbForm#Inf|Voice#Act
005.SCG*LB3.CP10++7.N.-6.6-5.10-3W1	oportet	NO MATCH	lemma/115098	Mood#Ind|Number#Sing|Person#3|Tense#Pres|VerbForm#Fin|Voice#Pass
005.SCG*LB3.CP-9++2.N.-9.1-1.3-2W8	largitur	NO MATCH	lemma/109940	Mood#Ind|Number#Sing|Person#3|Tense#Pres|VerbForm#Fin|Voice#Pass
005.SCG*LB2.CP-7++5.N.-9.6-2.8-1W2	oportet	NO MATCH	lemma/115098	Mood#Ind|Number#Sing|Person#3|Tense#Pres|VerbForm#Fin|Voice#Act
005.SCG*LB1.CP-4++2.N.-9.26-1.32-6W38	specificatur	NO MATCH	lemma/81610	Mood#Ind|Number#Sing|Person#3|Tense#Pres|VerbForm#Fin|Voice#Act
005.SCG*LB3.CP15++4.N.17.22-1.24-4W6	imitari	NO MATCH	lemma/106364	Aspect#Perf|Case#Abl|Degree#Pos|Gender#Neut|Number#Sing|Tense#Past|VerbForm#Part|Voice#Pass
005.SCG*LB3.CP11++1.N.-1.27-4.30-2W19	complexionatis	NO MATCH	lemma/131287	Mood#Ind|Number#Sing|Person#3|Tense#Pres|VerbForm#Fin|Voice#Act
005.SCG*LB3.CP15++3.N.-2.20-1.24-5W22	consequentes	NO MATCH	lemma/96035	Case#Acc|Degree#Pos|Gender#Fem|Number#Plur|Tense#Pres|VerbForm#Part|Voice#Pass
005.SCG*LB2.CP-9++5.N.-3.3-6.9-1W26	oportet	NO MATCH	lemma/115098	Mood#Ind|Number#Plur|Person#3|Tense#Pres|VerbForm#Fin|Voice#Act
005.SCG*LB2.CP-5++5.N.-8.6-7.10-4W1	oportet	NO MATCH	lemma/115098	Aspect#Imp|Mood#Ind|Number#Plur|Person#3|Tense#Pres|VerbForm#Fin|Voice#Pass
005.SCG*LB3.CP-9++7.N.-8.4-1.9-5W21	perfectiores	NO MATCH	lemma/116821	Aspect#Perf|Case#Nom|Degree#Cmp|Gender#Fem|Number#Plur|Tense#Past|VerbForm#Part|Voice#Pass
005.SCG*LB2.CP-2++8.N.14.1-1.2-5W8	debitum	NO MATCH	lemma/97963	Case#Nom|Degree#Pos|Gender#Neut|Number#Sing|VerbType#Mod
005.SCG*LB2.CP-2++1.N.10.1-2.9-1W24	fiat	NO MATCH	lemma/102758	Mood#Sub|Number#Sing|Person#3|Tense#Pres|VerbForm#Fin|Voice#Pass
005.SCG*LB1.CP-4++0.N.-4.1-2.5-7W18	oportet	NO MATCH	lemma/115098	Aspect#Imp|Mood#Ind|Number#Sing|Person#3|Tense#Imp|VerbForm#Fin|Voice#Act
005.SCG*LB4.CP-7++0.N.-5.1-2.4-2W12	operatur	NO MATCH	lemma/115028	Mood#Ind|Number#Sing|Person#3|Tense#Pres|VerbForm#Fin|Voice#Act
005.SCG*LB4.CP-4++6.N.-2.2-2.8-2W16	fit	NO MATCH	lemma/102758	Aspect#Imp|Mood#Ind|Number#Sing|Person#3|Tense#Pres|VerbForm#Fin|Voice#Pass
005.SCG*LB2.CP-3++7.N.-4.17-2.20-2W12	consequens	NO MATCH	lemma/96035	Case#Acc|Degree#Pos|Gender#Neut|Number#Sing|Tense#Pres|VerbForm#Part|Voice#Pass
005.SCG*LB2.CP-9++8.N.19.12-1.14-3W7	fit	NO MATCH	lemma/102758	Mood#Ind|Number#Sing|Person#3|Tense#Pres|VerbForm#Fin|Voice#Pass
005.SCG*LB1.CP-5++5.N.-2.13-4.16-3W17	essendi	NO MATCH	lemma/126689	Case#Gen|Degree#Pos|Number#Sing|VerbForm#Ger|Voice#Act
005.SCG*LB4.CP-5++5.N.21.1-1.5-6W10	pati	NO MATCH	lemma/116222	Aspect#Imp|Mood#Ind|Number#Sing|Person#3|Tense#Pres|VerbForm#Fin|Voice#Pass
005.SCG*LB4.CP-5++5.N.16.27-1.30-6W4	patiente	NO MATCH	lemma/116222	Mood#Ind|Number#Plur|Person#3|Tense#Pres|VerbForm#Fin|Voice#Act
005.SCG*LB3.CP--++1.N.-5.24-1.26-4W9	pati	NO MATCH	lemma/116222	Mood#Sub|Number#Sing|Person#3|Tense#Pres|VerbForm#Fin|Voice#Act
005.SCG*LB2.CP-7++8.N.12.7-2.14-2W19	loquebatur	NO MATCH	lemma/110805	Aspect#Perf|Case#Nom|Degree#Pos|Gender#Neut|Number#Sing|Tense#Past|VerbForm#Part|Voice#Pass
005.SCG*LB2.CP-4++1.N.-7.9-3.11-5W4	fieri	NO MATCH	lemma/102758	Tense#Pres|VerbForm#Inf|Voice#Pass
005.SCG*LB3.CP-8++7.N.-4.1-2.7-6W15	oportet	NO MATCH	lemma/115098	Mood#Sub|Number#Sing|Person#3|Tense#Pres|VerbForm#Fin|Voice#Act
005.SCG*LB2.CP-2++5.N.10.1-2.8-4W31	oportet	NO MATCH	lemma/115098	Aspect#Imp|Mood#Ind|Number#Plur|Person#3|Tense#Pres|VerbForm#Fin|Voice#Pass
005.SCG*LB2.CP-7++6.N.-3.9-5.10-4W5	proportionatus	NO MATCH	lemma/131413	Mood#Sub|Number#Plur|Person#3|Tense#Pres|VerbForm#Fin|Voice#Act
005.SCG*LB1.CP-2++1.N.-5.1-2.4-1W23	sortiatur	NO MATCH	lemma/125211	Aspect#Perf|Case#Nom|Degree#Pos|Gender#Neut|Number#Sing|Tense#Past|VerbForm#Part|Voice#Pass
005.SCG*LB2.CP-7++3.N.19.1-2.5-4W26	pati	NO MATCH	lemma/116222	Mood#Ind|Number#Sing|Person#3|Tense#Pres|VerbForm#Fin|Voice#Act
005.SCG*LB1.CP-5++1.N.-7.2-3.6-5W22	oportet	NO MATCH	lemma/115098	Aspect#Imp|Mood#Ind|Number#Plur|Person#3|Tense#Pres|VerbForm#Fin|Voice#Act
005.SCG*LB2.CP-4++5.N.-3.4-3.7-5W13	fieret	NO MATCH	lemma/102758	Aspect#Imp|Mood#Sub|Number#Sing|Person#3|Tense#Imp|VerbForm#Fin|Voice#Pass
005.SCG*LB4.CP-9++1.N.-6.5-4.8-4W13	depurata	NO MATCH	lemma/46792	Mood#Ind|Number#Sing|Person#3|Tense#Pres|VerbForm#Fin|Voice#Act
005.SCG*LB4.CP--++8.N.-1.13-4.16-7W9	consequens	NO MATCH	lemma/96035	Aspect#Imp|Case#Acc|Degree#Pos|Gender#Neut|Number#Sing|Tense#Pres|VerbForm#Part|Voice#Pass
005.SCG*LB4.CP--++1.N.-5.4-7.7-3W1	consequens	NO MATCH	lemma/96035	Aspect#Imp|Case#Nom|Degree#Pos|Gender#Neut|Number#Sing|Tense#Pres|VerbForm#Part|Voice#Pass
005.SCG*LB4.CP-4++5.N.-2.8-6.11-2W12	organizatum	NO MATCH	lemma/68425	Aspect#Imp|Case#Nom|Degree#Pos|Gender#Neut|Number#Sing|Tense#Pres|VerbForm#Part|Voice#Pass
005.SCG*LB2.CP-3++3.N.-7.1-2.2-1W1	oportet	NO MATCH	lemma/115098	Tense#Pres|VerbForm#Inf|Voice#Pass
005.SCG*LB3.CP-6++5.N.-6.1-2.3-4W4	praesupponit	NO MATCH	lemma/131408	Aspect#Imp|Mood#Ind|Number#Sing|Person#3|Tense#Pres|VerbForm#Fin|Voice#Act
005.SCG*LB2.CP-7++3.N.10.5-5.8-5W10	sortitur	NO MATCH	lemma/125211	Aspect#Imp|Mood#Ind|Number#Plur|Person#3|Tense#Fut|VerbForm#Fin|Voice#Act
005.SCG*LB2.CP-7++3.N.32.13-1.14-5W1	oportet	NO MATCH	lemma/115098	Mood#Ind|Number#Sing|Person#3|Tense#Fut|VerbForm#Fin|Voice#Act
005.SCG*LB2.CP-8++4.N.-7.8-7.15-7W39	loquebatur	NO MATCH	lemma/110805	Aspect#Perf|Case#Nom|Degree#Pos|Gender#Fem|Number#Plur|Tense#Past|VerbForm#Part|Voice#Pass
005.SCG*LB2.CP-5++0.N.-3.7-6.10-1W5	fiunt	NO MATCH	lemma/102758	Mood#Ind|Number#Plur|Person#3|Tense#Pres|VerbForm#Fin|Voice#Pass
005.SCG*LB3.CP12++2.N.-9.1-1.10-1W64	operandum	NO MATCH	lemma/115028	Aspect#Imp|Mood#Ind|Number#Sing|Person#3|Tense#Pres|VerbForm#Fin|Voice#Act
005.SCG*LB3.CP10++4.N.-4.6-1.10-5W6	imaginatae	NO MATCH	lemma/106316	Mood#Ind|Number#Sing|Person#3|Tense#Pres|VerbForm#Fin|Voice#Act
005.SCG*LB3.CP13++0.N.-4.4-6.11-7W34	abiiciat	NO MATCH	lemma/86884	Mood#Sub|Number#Sing|Person#3|Tense#Pres|VerbForm#Fin|Voice#Act
005.SCG*LB4.CP-7++9.N.12.13-3.14-2W5	confortati	NO MATCH	lemma/95815	Aspect#Perf|Case#Nom|Degree#Pos|Gender#Masc|Number#Plur|Tense#Past|VerbForm#Part|Voice#Pass
005.SCG*LB3.CP-2++4.N.-6.1-1.5-3W12	operari	NO MATCH	lemma/115028	Aspect#Perf|Case#Nom|Degree#Pos|Gender#Neut|Number#Sing|Tense#Past|VerbForm#Part|Voice#Pass
005.SCG*LB3.CP13++5.N.-2.5-1.11-3W23	commorari	NO MATCH	lemma/95197	Mood#Ind|Number#Plur|Person#3|Tense#Pres|VerbForm#Fin|Voice#Act
005.SCG*LB1.CP-9++9.N.-4.3-3.5-4W13	licet	NO MATCH	lemma/110432	Mood#Ind|Number#Sing|Person#3|Tense#Pres|VerbForm#Fin|Voice#Act
005.SCG*LB2.CP-6++0.N.21.1-1.4-3W13	oportebit	NO MATCH	lemma/115098	Aspect#Imp|Mood#Ind|Number#Sing|Person#3|Tense#Pres|VerbForm#Fin|Voice#Pass
005.SCG*LB3.CP10++4.N.-1.1-1.7-2W21	fiunt	NO MATCH	lemma/102758	Mood#Ind|Number#Plur|Person#3|Tense#Pres|VerbForm#Fin|Voice#Pass
005.SCG*LB2.CP-7++3.N.21.5-5.10-1W19	puta	NO MATCH	lemma/120610	
005.SCG*LB1.CP-4++2.N.-9.33-1.36-4W11	essendi	NO MATCH	lemma/126689	Case#Gen|Degree#Pos|Number#Sing|VerbForm#Ger|Voice#Act
005.SCG*LB1.CP-7++4.N.-4.1-2.8-4W21	arbitramur	NO MATCH	lemma/89778	Mood#Ind|Number#Plur|Person#3|Tense#Pres|VerbForm#Fin|Voice#Act
005.SCG*LB4.CP-4++1.N.10.3-5.11-6W32	praeexistens	NO MATCH	lemma/131401	Aspect#Imp|Mood#Ind|Number#Sing|Person#3|Tense#Pres|VerbForm#Fin|Voice#Pass
005.SCG*LB2.CP--++6.N.-7.17-2.17-8W7	essendi	NO MATCH	lemma/126689	Case#Gen|Degree#Pos|Number#Sing|VerbForm#Ger|Voice#Act
005.SCG*LB1.CP-1++3.N.25.10-6.14-1W4	oportet	NO MATCH	lemma/115098	Aspect#Perf|Mood#Ind|Number#Sing|Person#3|Tense#Past|VerbForm#Fin|Voice#Act
005.SCG*LB3.CP-2++7.N.-2.1-1.3-7W16	converso	NO MATCH	lemma/96446	Case#Abl|Degree#Pos|Gender#Neut|Number#Sing
005.SCG*LB3.CP12++8.N.-5.3-4.4-5W2	locutus	NO MATCH	lemma/110805	Aspect#Imp|Mood#Ind|Number#Plur|Person#3|Tense#Fut|VerbForm#Fin|Voice#Act
005.SCG*LB2.CP-4++2.N.-9.6-4.8-7W4	oportet	NO MATCH	lemma/115098	Aspect#Imp|Tense#Pres|VerbForm#Inf|Voice#Pass
005.SCG*LB4.CP-8++4.N.14.4-7.10-6W17	oporteat	NO MATCH	lemma/115098	Case#Abl|Degree#Pos|Gender#Neut|Number#Sing|Tense#Pres|VerbForm#Part|Voice#Act
005.SCG*LB2.CP-3++6.N.-3.1-1.3-3W13	praesupponit	NO MATCH	lemma/131408	Tense#Pres|VerbForm#Inf|Voice#Act
005.SCG*LB4.CP-2++1.N.-4.24-5.26-5W13	locuti	NO MATCH	lemma/110805	Mood#Sub|Number#Sing|Person#3|Tense#Pres|VerbForm#Fin|Voice#Pass
005.SCG*LB4.CP--++8.N.-2.11-6.15-5W21	protestabatur	NO MATCH	lemma/120147	Aspect#Perf|Case#Gen|Degree#Pos|Gender#Fem|Number#Plur|Tense#Past|VerbForm#Part|Voice#Pass
005.SCG*LB1.CP-2++7.N.-9.8-3.10-4W5	opinabantur	NO MATCH	lemma/115070	Tense#Pres|VerbForm#Inf|Voice#Act
005.SCG*LB3.CP-6++7.N.-7.7-1.10-6W20	operante	NO MATCH	lemma/115028	Mood#Ind|Number#Sing|Person#3|Tense#Pres|VerbForm#Fin|VerbType#Mod|Voice#Act
005.SCG*LB4.CP-9++2.N.-9.6-3.8-5W10	fiunt	NO MATCH	lemma/102758	Aspect#Imp|Mood#Ind|Number#Plur|Person#3|Tense#Pres|VerbForm#Fin|Voice#Pass
005.SCG*LB2.CP-9++0.N.-6.1-2.6-3W20	oporteret	NO MATCH	lemma/115098	Tense#Pres|VerbForm#Inf|Voice#Pass
005.SCG*LB1.CP-5++4.N.-4.3-2.5-1W15	patitur	NO MATCH	lemma/116222	Aspect#Perf|Mood#Ind|Number#Sing|Person#3|Tense#Past|VerbForm#Fin|Voice#Act
005.SCG*LB3.CP-4++1.N.-6.1-2.6-3W26	licet	NO MATCH	lemma/110432	Mood#Ind|Number#Sing|Person#3|Tense#Pres|VerbForm#Fin|Voice#Act
005.SCG*LB2.CP-4++8.N.-5.11-3.13-1W6	fieri	NO MATCH	lemma/102758	Tense#Pres|VerbForm#Inf|Voice#Pass
005.SCG*LB4.CP-3++4.N.27.5-8.8-7W10	loquens	NO MATCH	lemma/110805	Tense#Pres|VerbForm#Inf|Voice#Act
005.SCG*LB2.CP-7++5.N.15.14-1.16-7W13	fit	NO MATCH	lemma/102758	Mood#Ind|Number#Sing|Person#3|Tense#Pres|VerbForm#Fin|Voice#Pass
005.SCG*LB4.CP--++7.N.20.23-1.25-4W8	oportet	NO MATCH	lemma/115098	Mood#Ind|Number#Sing|Person#3|Tense#Pres|VerbForm#Fin|VerbType#Mod|Voice#Act
005.SCG*LB3.CP-4++1.N.-1.8-3.11-3W17	oporteat	NO MATCH	lemma/115098	Aspect#Imp|Case#Nom|Degree#Pos|Gender#Masc|Number#Sing|Tense#Pres|VerbForm#Part|Voice#Act
005.SCG*LB2.CP--++1.N.-3.3-1.5-3W11	operantis	NO MATCH	lemma/115028	Mood#Sub|Number#Sing|Person#3|Tense#Pres|VerbForm#Fin|Voice#Act
005.SCG*LB3.CP-9++7.N.-2.8-1.14-4W22	oportuit	NO MATCH	lemma/115098	Mood#Ind|Number#Sing|Person#3|Tense#Fut|VerbForm#Fin|Voice#Act
005.SCG*LB4.CP-7++6.N.-2.1-1.5-1W22	oportet	NO MATCH	lemma/115098	Mood#Ind|Number#Sing|Person#3|Tense#Pres|VerbForm#Fin|Voice#Act
005.SCG*LB4.CP-8++2.N.-3.11-2.13-2W13	morientur	NO MATCH	lemma/112796	Mood#Ind|Number#Sing|Person#3|Tense#Pres|VerbForm#Fin|Voice#Pass
005.SCG*LB3.CP15++4.N.-2.1-1.4-1W8	oportet	NO MATCH	lemma/115098	Mood#Ind|Number#Sing|Person#3|Tense#Pres|VerbForm#Fin|Voice#Pass
005.SCG*LB2.CP-2++2.N.-2.1-1.4-4W13	oportet	NO MATCH	lemma/115098	Mood#Ind|Number#Sing|Person#3|Tense#Pres|VerbForm#Fin|Voice#Act
005.SCG*LB3.CP-7++7.N.-4.8-1.10-1W9	fiat	NO MATCH	lemma/102758	Mood#Sub|Number#Sing|Person#3|Tense#Pres|VerbForm#Fin|Voice#Pass
005.SCG*LB3.CP13++6.N.-9.18-2.20-5W3	oportet	NO MATCH	lemma/115098	Aspect#Imp|Mood#Sub|Number#Sing|Person#3|Tense#Imp|VerbForm#Fin|Voice#Act
005.SCG*LB2.CP-5++5.N.-8.3-6.4-5W2	oportet	NO MATCH	lemma/115098	Tense#Pres|VerbForm#Inf|Voice#Pass
005.SCG*LB2.CP-7++3.N.25.1-1.7-2W19	promptiores	NO MATCH	lemma/119847	Aspect#Perf|Case#Nom|Degree#Cmp|Gender#Masc|Number#Plur|Tense#Past|VerbForm#Part|Voice#Pass
005.SCG*LB2.CP-8++2.N.10.1-1.5-7W26	oportet	NO MATCH	lemma/115098	Mood#Ind|Number#Sing|Person#3|Tense#Fut|VerbForm#Fin|Voice#Act
005.SCG*LB4.CP-1++7.N.23.12-5.16-2W24	operari	NO MATCH	lemma/115028	Aspect#Imp|Mood#Sub|Number#Plur|Person#3|Tense#Pres|VerbForm#Fin|Voice#Act
005.SCG*LB3.CP11++0.N.-5.1-1.4-4W3	oportet	NO MATCH	lemma/115098	Mood#Ind|Number#Sing|Person#3|Tense#Pres|VerbForm#Fin|Voice#Act
005.SCG*LB2.CP-4++8.N.-4.7-2.10-2W9	oportet	NO MATCH	lemma/115098	Mood#Ind|Number#Sing|Person#3|Tense#Pres|VerbForm#Fin|Voice#Act
005.SCG*LB4.CP-4++3.N.-1.1-1.5-2W17	oportuit	NO MATCH	lemma/115098	Mood#Ind|Number#Sing|Person#3|Tense#Pres|VerbForm#Fin|Voice#Act
005.SCG*LB4.CP-5++5.N.11.23-1.26-3W3	oportuit	NO MATCH	lemma/115098	Mood#Ind|Number#Sing|Person#3|Tense#Pres|VerbForm#Fin|Voice#Pass
005.SCG*LB2.CP-7++1.N.-3.12-1.14-5W17	essendo	NO MATCH	lemma/126689	Case#Abl|Degree#Pos|Number#Sing|VerbForm#Ger|Voice#Act
005.SCG*LB3.CP12++0.N.-1.5-1.10-3W4	licet	NO MATCH	lemma/110432	Tense#Pres|VerbForm#Inf|Voice#Act
005.SCG*LB3.CP-9++2.N.-2.5-5.9-2W4	operantem	NO MATCH	lemma/115028	Mood#Ind|Number#Sing|Person#3|Tense#Pres|VerbForm#Fin|Voice#Act
005.SCG*LB1.CP10++0.N.-4.11-1.14-3W15	operati	NO MATCH	lemma/115028	Mood#Ind|Number#Sing|Person#3|Tense#Pres|VerbForm#Fin|Voice#Pass
005.SCG*LB3.CP-7++6.N.-9.8-1.15-1W6	operatur	NO MATCH	lemma/115028	Aspect#Imp|Mood#Sub|Number#Plur|Person#3|Tense#Pres|VerbForm#Fin|Voice#Pass
005.SCG*LB4.CP-8++2.N.-4.7-2.8-2W8	moriantur	NO MATCH	lemma/112796	Aspect#Perf|Case#Gen|Degree#Pos|Gender#Fem|Number#Sing|Tense#Past|VerbForm#Part|Voice#Pass
005.SCG*LB4.CP-1++7.N.-7.1-2.3-2W10	scrutatur	NO MATCH	lemma/123886	Case#Gen|Degree#Pos|Number#Sing|VerbForm#Ger|Voice#Act
005.SCG*LB3.CP10++0.N.-4.8-2.12-3W20	licet	NO MATCH	lemma/110432	Aspect#Perf|Mood#Ind|Number#Sing|Person#3|Tense#Past|VerbForm#Fin|Voice#Act
005.SCG*LB3.CP-2++7.N.11.10-1.13-4W22	fabulantur	NO MATCH	lemma/102737	Tense#Pres|VerbForm#Inf|Voice#Act
005.SCG*LB1.CP-4++2.N.13.1-2.3-1W6	oportet	NO MATCH	lemma/115098	Mood#Ind|Number#Sing|Person#3|Tense#Pres|VerbForm#Fin|Voice#Act
005.SCG*LB3.CP-6++1.N.-2.10-6.12-2W1	fit	NO MATCH	lemma/102758	Mood#Ind|Number#Sing|Person#3|Tense#Pres|VerbForm#Fin|Voice#Pass
005.SCG*LB3.CP-4++8.N.-9.16-5.23-5W23	permanentes	NO MATCH	lemma/117055	Case#Nom|Degree#Pos|Gender#Neut|Number#Plur|Tense#Pres|VerbForm#Part|Voice#Act
005.SCG*LB2.CP-6++9.N.-6.10-3.13-7W17	operando	NO MATCH	lemma/115028	Mood#Ind|Number#Sing|Person#3|Tense#Pres|VerbForm#Fin|Voice#Pass
005.SCG*LB3.CP-2++6.N.15.18-7.20-1W9	concomitans	NO MATCH	lemma/95553	Case#Nom|Degree#Pos|Gender#Fem|Number#Sing|Tense#Pres|VerbForm#Part|Voice#Pass
005.SCG*LB3.CP-7++5.N.13.1-2.4-6W15	oportet	NO MATCH	lemma/115098	Mood#Ind|Number#Plur|Person#3|Tense#Pres|VerbForm#Fin|Voice#Act
005.SCG*LB2.CP-3++4.N.-5.3-5.4-6W3	fit	NO MATCH	lemma/102758	Mood#Ind|Number#Sing|Person#3|Tense#Pres|VerbForm#Fin|Voice#Pass
005.SCG*LB3.CP15++1.N.-3.6-1.8-2W5	oportet	NO MATCH	lemma/115098	Aspect#Imp|Mood#Sub|Number#Sing|Person#3|Tense#Pres|VerbForm#Fin|VerbType#Mod|Voice#Act
005.SCG*LB2.CP-1++9.N.-6.6-6.12-4W42	fit	NO MATCH	lemma/102758	Mood#Ind|Number#Sing|Person#3|Tense#Pres|VerbForm#Fin|Voice#Pass
005.SCG*LB2.CP-2++1.N.-7.7-1.11-1W7	operatur	NO MATCH	lemma/115028	Mood#Ind|Number#Sing|Person#3|Tense#Pres|VerbForm#Fin|Voice#Act
005.SCG*LB3.CP-2++2.N.-7.10-3.14-2W2	oportet	NO MATCH	lemma/115098	Aspect#Perf|Case#Nom|Degree#Pos|Gender#Masc|Number#Sing|Tense#Past|VerbForm#Part|Voice#Pass
005.SCG*LB4.CP--++7.N.-4.3-6.7-1W13	licet	NO MATCH	lemma/110432	Mood#Ind|Number#Plur|Person#3|Tense#Pres|VerbForm#Fin|Voice#Act
005.SCG*LB4.CP-9++2.N.-3.9-7.12-4W1	oportet	NO MATCH	lemma/115098	Aspect#Perf|Case#Nom|Degree#Pos|Gender#Neut|Number#Sing|Tense#Past|VerbForm#Part|Voice#Pass
005.SCG*LB4.CP-7++7.N.-7.1-1.3-6W19	imitanda	NO MATCH	lemma/106364	Aspect#Imp|Tense#Pres|VerbForm#Inf|Voice#Pass
005.SCG*LB2.CP-5++6.N.-7.22-1.24-3W6	fit	NO MATCH	lemma/102758	Mood#Ind|Number#Sing|Person#3|Tense#Pres|VerbForm#Fin|Voice#Pass
005.SCG*LB1.CP-7++2.N.-3.8-5.11-5W1	oportet	NO MATCH	lemma/115098	Aspect#Perf|Mood#Ind|Number#Sing|Person#3|Tense#Past|VerbForm#Fin|Voice#Act
005.SCG*LB2.CP-8++5.N.14.1-1.5-1W17	patiatur	NO MATCH	lemma/116222	Mood#Ind|Number#Plur|Person#3|Tense#Pres|VerbForm#Fin|Voice#Pass
005.SCG*LB2.CP-7++5.N.-6.14-2.17-5W3	individuantur	NO MATCH	lemma/59198	Mood#Ind|Number#Plur|Person#3|Tense#Pres|VerbForm#Fin|Voice#Pass
005.SCG*LB2.CP-2++7.N.-2.1-1.2-3W7	oportet	NO MATCH	lemma/115098	Aspect#Imp|Mood#Ind|Number#Sing|Person#3|Tense#Pres|VerbForm#Fin|Voice#Act
005.SCG*LB4.CP-2++1.N.-8.5-3.8-1W10	consequens	NO MATCH	lemma/96035	Aspect#Imp|Case#Nom|Degree#Pos|Gender#Neut|Number#Sing|Tense#Pres|VerbForm#Part|Voice#Pass
005.SCG*LB1.CP-2++0.N.16.15-4.17-2W6	fiat	NO MATCH	lemma/102758	Mood#Sub|Number#Sing|Person#3|Tense#Pres|VerbForm#Fin|Voice#Pass
005.SCG*LB2.CP-7++1.N.-3.1-1.4-2W15	essendo	NO MATCH	lemma/126689	Case#Abl|Degree#Pos|Number#Sing|VerbForm#Ger|Voice#Act
005.SCG*LB2.CP-2++5.N.-9.1-1.3-6W8	irasci	NO MATCH	lemma/108954	Mood#Ind|Number#Sing|Person#3|Tense#Pres|VerbForm#Fin|Voice#Pass
005.SCG*LB1.CP-6++8.N.-3.7-4.13-4W18	oportet	NO MATCH	lemma/115098	Mood#Ind|Number#Sing|Person#3|Tense#Pres|VerbForm#Fin|Voice#Act
005.SCG*LB3.CP-5++9.N.-7.11-3.12-1W1	excelsior	NO MATCH	lemma/101840	Aspect#Perf|Case#Nom|Degree#Cmp|Gender#Masc|Number#Sing|Tense#Past|VerbForm#Part|Voice#Pass
005.SCG*LB3.CP-9++7.N.-8.4-1.9-5W8	patiatur	NO MATCH	lemma/116222	Mood#Ind|Number#Sing|Person#3|Tense#Pres|VerbForm#Fin|VerbType#Mod|Voice#Act
005.SCG*LB3.CP-8++0.N.11.1-1.3-2W7	exequente	NO MATCH	lemma/102311	Case#Abl|Degree#Pos|Gender#Masc|Number#Sing|Tense#Pres|VerbForm#Part|Voice#Pass
005.SCG*LB4.CP-1++3.N.-9.17-5.18-3W7	operor	NO MATCH	lemma/115028	Mood#Ind|Number#Sing|Person#3|Tense#Pres|VerbForm#Fin|Voice#Act
005.SCG*LB4.CP-1++7.N.18.3-3.6-2W7	loquitur	NO MATCH	lemma/110805	Mood#Ind|Number#Plur|Person#3|Tense#Pres|VerbForm#Fin|Voice#Act
005.SCG*LB3.CP10++6.N.-7.5-1.7-1W6	fiunt	NO MATCH	lemma/102758	Mood#Ind|Number#Plur|Person#3|Tense#Pres|VerbForm#Fin|Voice#Pass
005.SCG*LB3.CP-6++1.N.-1.1-1.3-3W13	fit	NO MATCH	lemma/102758	Mood#Ind|Number#Sing|Person#3|Tense#Pres|VerbForm#Fin|Voice#Pass
005.SCG*LB4.CP-1++7.N.17.5-4.6-2W3	mentitus	NO MATCH	lemma/112072	Mood#Ind|Number#Sing|Person#3|Tense#Pres|VerbForm#Fin|Voice#Act
005.SCG*LB4.CP-1++6.N.-3.2-6.4-1W2	loquetur	NO MATCH	lemma/110805	Tense#Pres|VerbForm#Inf|Voice#Act
005.SCG*LB3.CP-5++3.N.-5.18-5.20-4W1	oportet	NO MATCH	lemma/115098	Aspect#Imp|Mood#Sub|Number#Sing|Person#3|Tense#Pres|VerbForm#Fin|Voice#Act
005.SCG*LB2.CP-8++9.N.-9.7-4.15-4W1	licet	NO MATCH	lemma/110432	Mood#Ind|Number#Sing|Person#3|Tense#Pres|VerbForm#Fin|Voice#Act
005.SCG*LB2.CP-7++6.N.18.1-2.3-2W2	operatur	NO MATCH	lemma/115028	Aspect#Imp|Case#Acc|Degree#Pos|Gender#Masc|Number#Plur|Tense#Pres|VerbForm#Part|Voice#Act
005.SCG*LB3.CP-8++7.N.-1.7-1.13-6W2	oportet	NO MATCH	lemma/115098	Aspect#Imp|Mood#Ind|Number#Sing|Person#3|Tense#Pres|VerbForm#Fin|Voice#Pass
005.SCG*LB2.CP-3++0.N.14.1-1.3-4W15	consequentem	NO MATCH	lemma/96035	Case#Acc|Degree#Pos|Gender#Masc|Number#Sing|Tense#Pres|VerbForm#Part|Voice#Pass
005.SCG*LB4.CP-5++4.N.-5.16-4.18-4W13	fieret	NO MATCH	lemma/102758	Aspect#Imp|Mood#Sub|Number#Sing|Person#3|Tense#Imp|VerbForm#Fin|Voice#Pass
005.SCG*LB1.CP-4++2.N.-9.47-1.49-4W6	essendi	NO MATCH	lemma/126689	Case#Gen|Degree#Pos|Number#Sing|VerbForm#Ger|Voice#Act
005.SCG*LB2.CP-4++2.N.-8.6-3.8-4W11	oportet	NO MATCH	lemma/115098	Mood#Ind|Number#Sing|Person#3|Tense#Pres|VerbForm#Fin|Voice#Act
005.SCG*LB4.CP-3++6.N.-7.11-5.16-5W14	operantia	NO MATCH	lemma/115028	Tense#Pres|VerbForm#Inf|Voice#Pass
005.SCG*LB4.CP-1++9.N.-4.5-3.8-5W12	proportionato	NO MATCH	lemma/131413	Aspect#Perf|Case#Abl|Degree#Pos|Gender#Neut|Number#Sing|Tense#Past|VerbForm#Part|Voice#Pass
005.SCG*LB3.CP-7++6.N.-7.28-2.29-5W1	oportet	NO MATCH	lemma/115098	Mood#Ind|Number#Sing|Person#3|Tense#Pres|VerbForm#Fin|Voice#Act
005.SCG*LB3.CP--++7.N.-6.3-5.8-7W23	licet	NO MATCH	lemma/110432	Tense#Pres|VerbForm#Inf|Voice#Act
005.SCG*LB4.CP--++7.N.20.4-1.5-9W8	operatur	NO MATCH	lemma/115028	Mood#Ind|Number#Sing|Person#3|Tense#Pres|VerbForm#Fin|Voice#Act
005.SCG*LB2.CP-7++9.N.11.1-2.3-5W8	oportet	NO MATCH	lemma/115098	Aspect#Imp|Mood#Sub|Number#Sing|Person#3|Tense#Pres|VerbForm#Fin|Voice#Pass
005.SCG*LB4.CP--++4.N.-9.4-3.7-3W13	passus	NO MATCH	lemma/116222	Aspect#Imp|Mood#Sub|Number#Sing|Person#3|Tense#Pres|VerbForm#Fin|Voice#Act
005.SCG*LB1.CP-7++4.N.-3.3-3.5-4W5	volitum	NO MATCH	lemma/130745	Aspect#Perf|Case#Nom|Degree#Pos|Gender#Neut|Number#Sing|Tense#Past|VerbForm#Part|VerbType#Mod|Voice#Pass
005.SCG*LB2.CP-3++7.N.-2.21-1.26-6W21	oportet	NO MATCH	lemma/115098	Aspect#Perf|Case#Nom|Degree#Pos|Gender#Neut|Number#Sing|VerbForm#Gdv|Voice#Pass
005.SCG*LB3.CP10++6.N.-9.1-2.5-3W32	patiatur	NO MATCH	lemma/116222	Aspect#Imp|Mood#Sub|Number#Sing|Person#3|Tense#Pres|VerbForm#Fin|Voice#Act
005.SCG*LB4.CP-2++4.N.-8.14-7.16-2W8	fieri	NO MATCH	lemma/102758	Aspect#Imp|Tense#Pres|VerbForm#Inf|Voice#Pass
005.SCG*LB2.CP-5++9.N.12.11-2.13-4W1	oportet	NO MATCH	lemma/115098	Mood#Ind|Number#Plur|Person#3|Tense#Pres|VerbForm#Fin|Voice#Act
005.SCG*LB3.CP14++9.N.-2.12-6.15-7W7	operandum	NO MATCH	lemma/115028	Mood#Ind|Number#Sing|Person#3|Tense#Pres|VerbForm#Fin|Voice#Act
005.SCG*LB4.CP-8++3.N.-3.8-3.10-2W8	oportebit	NO MATCH	lemma/115098	Case#Abl|Degree#Pos|Gender#Neut|Number#Sing|Tense#Pres|VerbForm#Part|Voice#Act
005.SCG*LB1.CP-2++5.N.-6.3-2.5-2W6	oporteret	NO MATCH	lemma/115098	Mood#Ind|Number#Sing|Person#3|Tense#Pres|VerbForm#Fin|Voice#Act
005.SCG*LB1.CP-5++4.N.-7.1-1.7-8W18	oportet	NO MATCH	lemma/115098	Aspect#Imp|Mood#Ind|Number#Plur|Person#3|Tense#Imp|VerbForm#Fin|Voice#Act
005.SCG*LB3.CP15++4.N.25.18-3.21-5W16	oportet	NO MATCH	lemma/115098	Aspect#Imp|Mood#Ind|Number#Plur|Person#3|Tense#Imp|VerbForm#Fin|Voice#Act
005.SCG*LB1.CP-4++4.N.-2.15-4.20-2W20	oportet	NO MATCH	lemma/115098	Case#Acc|Degree#Pos|Gender#Fem|Number#Plur|Tense#Pres|VerbForm#Part|Voice#Act
005.SCG*LB3.CP13++4.N.-8.3-1.4-6W11	furandi	NO MATCH	lemma/104074	Mood#Ind|Number#Sing|Person#3|Tense#Pres|VerbForm#Fin|Voice#Act
005.SCG*LB2.CP10++0.N.-2.16-1.23-4W26	individuantium	NO MATCH	lemma/59198	Mood#Ind|Number#Plur|Person#3|Tense#Pres|VerbForm#Fin|Voice#Pass
005.SCG*LB3.CP15++5.N.-4.4-2.8-5W4	licet	NO MATCH	lemma/110432	Tense#Pres|VerbForm#Inf|Voice#Act
005.SCG*LB2.CP-8++3.N.25.41-3.44-2W15	praehabitae	NO MATCH	lemma/131402	Tense#Pres|VerbForm#Inf|Voice#Act
005.SCG*LB3.CP12++4.N.-4.2-3.6-6W17	liceret	NO MATCH	lemma/110432	Mood#Ind|Number#Sing|Person#3|Tense#Pres|VerbForm#Fin|Voice#Act
005.SCG*LB3.CP14++1.N.-9.9-4.15-1W8	oportet	NO MATCH	lemma/115098	Aspect#Imp|Mood#Sub|Number#Sing|Person#3|Tense#Pres|VerbForm#Fin|Voice#Pass
005.SCG*LB4.CP-4++3.N.-6.4-4.7-6W11	oportet	NO MATCH	lemma/115098	Mood#Ind|Number#Sing|Person#3|Tense#Pres|VerbForm#Fin|Voice#Pass
005.SCG*LB3.CP10++1.N.-2.9-1.13-5W8	operatur	NO MATCH	lemma/115028	Mood#Ind|Number#Sing|Person#3|Tense#Pres|VerbForm#Fin|Voice#Act
005.SCG*LB2.CP-7++6.N.-2.1-1.3-4W7	proportionata	NO MATCH	lemma/131413	Aspect#Imp|Tense#Pres|VerbForm#Inf|Voice#Act
005.SCG*LB2.CP-6++6.N.-1.1-1.4-1W14	opinabantur	NO MATCH	lemma/115070	Mood#Ind|Number#Sing|Person#3|Tense#Pres|VerbForm#Fin|Voice#Act
005.SCG*LB2.CP-3++6.N.-8.1-1.5-3W5	oportet	NO MATCH	lemma/115098	Case#Acc|Degree#Pos|Number#Sing|VerbForm#Ger|Voice#Act
005.SCG*LB4.CP-8++1.N.10.1-1.7-6W32	fiat	NO MATCH	lemma/102758	Aspect#Imp|Mood#Sub|Number#Sing|Person#3|Tense#Pres|VerbForm#Fin|Voice#Pass
005.SCG*LB2.CP-8++5.N.-4.5-5.7-5W8	fiat	NO MATCH	lemma/102758	Mood#Sub|Number#Sing|Person#3|Tense#Pres|VerbForm#Fin|Voice#Pass
005.SCG*LB4.CP-3++6.N.-2.4-5.7-1W2	oportet	NO MATCH	lemma/115098	Aspect#Imp|Mood#Ind|Number#Sing|Person#3|Tense#Pres|VerbForm#Fin|Voice#Pass
005.SCG*LB4.CP-6++3.N.-7.12-5.22-2W63	consequens	NO MATCH	lemma/96035	Aspect#Imp|Case#Acc|Degree#Pos|Gender#Neut|Number#Sing|Tense#Pres|VerbForm#Part|Voice#Pass
005.SCG*LB4.CP-1++4.N.12.8-6.17-2W17	oportet	NO MATCH	lemma/115098	Mood#Ind|Number#Plur|Person#3|Tense#Pres|VerbForm#Fin|Voice#Act
005.SCG*LB3.CP-1++2.N.-4.12-4.16-1W18	licet	NO MATCH	lemma/110432	Mood#Ind|Number#Sing|Person#3|Tense#Pres|VerbForm#Fin|Voice#Act
005.SCG*LB4.CP-2++1.N.-2.23-1.29-1W35	operans	NO MATCH	lemma/115028	Mood#Ind|Number#Sing|Person#3|Tense#Pres|VerbForm#Fin|Voice#Act
005.SCG*LB3.CP12++2.N.-8.7-2.9-2W14	oportet	NO MATCH	lemma/115098	Mood#Ind|Number#Sing|Person#3|Tense#Pres|VerbForm#Fin|Voice#Act
005.SCG*LB4.CP-8++3.N.-6.14-1.17-1W20	moriendi	NO MATCH	lemma/112796	Mood#Ind|Number#Sing|Person#3|Tense#Pres|VerbForm#Fin|Voice#Act
005.SCG*LB1.CP-9++1.N.-4.19-6.22-7W11	intensior	NO MATCH	lemma/108382	Aspect#Perf|Case#Nom|Degree#Cmp|Gender#Masc|Number#Sing|Tense#Past|VerbForm#Part|Voice#Pass
005.SCG*LB4.CP-1++1.N.18.16-4.21-4W32	egrediens	NO MATCH	lemma/100715	Aspect#Imp|Case#Nom|Degree#Pos|Gender#Fem|Number#Sing|Tense#Pres|VerbForm#Part|Voice#Pass
005.SCG*LB4.CP-5++9.N.-1.12-2.15-3W1	oportuit	NO MATCH	lemma/115098	Aspect#Imp|Tense#Pres|VerbForm#Inf|Voice#Act
005.SCG*LB2.CP-5++4.N.-5.3-1.8-2W14	essendi	NO MATCH	lemma/126689	Case#Gen|Degree#Pos|Number#Sing|VerbForm#Ger|Voice#Act
005.SCG*LB2.CP-4++3.N.-5.3-4.7-4W25	praesupponitur	NO MATCH	lemma/131408	Aspect#Perf|Case#Nom|Degree#Pos|Gender#Fem|Number#Plur|Tense#Past|VerbForm#Part|Voice#Pass
005.SCG*LB1.CP-9++6.N.-4.7-1.9-4W12	oportet	NO MATCH	lemma/115098	Mood#Ind|Number#Sing|Person#1|Tense#Pres|VerbForm#Fin|Voice#Act
005.SCG*LB4.CP-3++2.N.11.1-1.6-1W22	loquuntur	NO MATCH	lemma/110805	Aspect#Perf|Case#Nom|Degree#Pos|Gender#Neut|Number#Sing|Tense#Past|VerbForm#Part|Voice#Pass
005.SCG*LB1.CP-6++6.N.12.4-8.7-2W11	praeexistunt	NO MATCH	lemma/131401	Tense#Pres|VerbForm#Inf|Voice#Act
005.SCG*LB4.CP-2++0.N.-6.4-4.7-1W12	convenienter	NO MATCH	lemma/96424	Degree#Pos
005.SCG*LB1.CP-7++1.N.-6.10-4.11-2W2	oportet	NO MATCH	lemma/115098	Mood#Ind|Number#Sing|Person#3|Tense#Pres|VerbForm#Fin|Voice#Act
005.SCG*LB1.CP-1++2.N.-4.1-2.3-5W12	oportet	NO MATCH	lemma/115098	Aspect#Imp|Tense#Pres|VerbForm#Inf|Voice#Pass
005.SCG*LB3.CP-1++8.N.-3.5-7.8-2W17	praeexistens	NO MATCH	lemma/131401	Aspect#Imp|Case#Nom|Degree#Pos|Gender#Fem|Number#Sing|Tense#Pres|VerbForm#Part|Voice#Act
005.SCG*LB3.CP10++5.N.10.11-5.16-1W7	utentes	NO MATCH	lemma/130923	Case#Nom|Degree#Pos|Gender#Fem|Number#Plur|Tense#Pres|VerbForm#Part|Voice#Pass
005.SCG*LB4.CP-3++6.N.-7.19-4.22-3W16	licet	NO MATCH	lemma/110432	Case#Gen|Degree#Pos|Gender#Masc|Number#Plur|Tense#Pres|VerbForm#Part|Voice#Act
005.SCG*LB3.CP13++9.N.17.18-3.23-4W12	mortua	NO MATCH	lemma/112796	Aspect#Imp|Mood#Ind|Number#Plur|Person#3|Tense#Pres|VerbForm#Fin|Voice#Act
005.SCG*LB1.CP-2++0.N.27.10-7.13-5W27	essendi	NO MATCH	lemma/126689	Case#Gen|Degree#Pos|Number#Sing|VerbForm#Ger|Voice#Act
005.SCG*LB3.CP-9++7.N.-5.1-1.5-2W18	diversificari	NO MATCH	lemma/47852	Mood#Ind|Number#Sing|Person#3|Tense#Pres|VerbForm#Fin|Voice#Pass
005.SCG*LB3.CP-1++0.N.10.5-2.7-1W6	imitatur	NO MATCH	lemma/106364	Case#Abl|Degree#Pos|Number#Sing|VerbForm#Ger|Voice#Act
005.SCG*LB3.CP-4++2.N.-7.16-1.18-6W12	oportet	NO MATCH	lemma/115098	Aspect#Perf|Mood#Ind|Number#Sing|Person#3|Tense#Fut|VerbForm#Fin|Voice#Act
005.SCG*LB2.CP-3++0.N.17.22-7.25-7W14	fore	NO MATCH	lemma/126689	Tense#Fut|VerbForm#Inf|Voice#Act
005.SCG*LB4.CP-4++4.N.-5.7-1.8-2W7	organizatum	NO MATCH	lemma/68425	Mood#Sub|Number#Sing|Person#3|Tense#Pres|VerbForm#Fin|VerbType#Mod|Voice#Act
005.SCG*LB3.CP-7++2.N.-5.3-3.6-3W22	consequens	NO MATCH	lemma/96035	Case#Acc|Degree#Pos|Gender#Neut|Number#Sing|Tense#Pres|VerbForm#Part|Voice#Pass
005.SCG*LB4.CP-5++0.N.-3.11-1.13-2W12	moriendi	NO MATCH	lemma/112796	Mood#Ind|Number#Sing|Person#3|Tense#Pres|VerbForm#Fin|Voice#Act
005.SCG*LB2.CP-5++8.N.-8.1-2.4-4W7	fieri	NO MATCH	lemma/102758	Tense#Pres|VerbForm#Inf|Voice#Pass
005.SCG*LB3.CP-9++9.N.10.19-1.21-5W15	fit	NO MATCH	lemma/102758	Mood#Ind|Number#Sing|Person#3|Tense#Pres|VerbForm#Fin|Voice#Pass
005.SCG*LB3.CP-6++5.N.-3.4-2.7-2W14	essendi	NO MATCH	lemma/126689	Case#Gen|Degree#Pos|Number#Sing|VerbForm#Ger|Voice#Act
005.SCG*LB3.CP-8++6.N.12.12-2.14-4W3	oportet	NO MATCH	lemma/115098	Tense#Pres|VerbForm#Inf|Voice#Act
005.SCG*LB3.CP-9++4.N.14.7-7.9-1W11	fiant	NO MATCH	lemma/102758	Mood#Sub|Number#Plur|Person#3|Tense#Pres|VerbForm#Fin|Voice#Pass
005.SCG*LB4.CP-2++1.N.-2.23-1.29-1W27	operari	NO MATCH	lemma/115028	Mood#Ind|Number#Plur|Person#3|Tense#Pres|VerbForm#Fin|Voice#Act
005.SCG*LB3.CP-7++4.N.-5.4-8.7-1W1	oportet	NO MATCH	lemma/115098	Aspect#Imp|Mood#Ind|Number#Plur|Person#1|Tense#Pres|VerbForm#Fin|VerbType#Mod|Voice#Act
005.SCG*LB4.CP--++1.N.15.5-6.9-2W15	processum	NO MATCH	lemma/119582	Aspect#Perf|Case#Acc|Degree#Pos|Gender#Neut|Number#Plur|Tense#Past|VerbForm#Part|Voice#Pass
005.SCG*LB4.CP-6++3.N.12.14-2.16-1W3	consequens	NO MATCH	lemma/96035	Aspect#Imp|Case#Acc|Degree#Pos|Gender#Neut|Number#Sing|Tense#Pres|VerbForm#Part|Voice#Pass
005.SCG*LB3.CP-8++7.N.-2.2-3.5-5W14	oportet	NO MATCH	lemma/115098	Tense#Pres|VerbForm#Inf|Voice#Act
005.SCG*LB3.CP10++0.N.-1.1-1.4-3W14	operetur	NO MATCH	lemma/115028	Mood#Ind|Number#Sing|Person#3|Tense#Pres|VerbForm#Fin|VerbType#Mod|Voice#Act
005.SCG*LB4.CP-8++7.N.-1.1-1.8-3W5	proportionari	NO MATCH	lemma/131413	Mood#Ind|Number#Sing|Person#3|Tense#Fut|VerbForm#Fin|Voice#Act
005.SCG*LB4.CP-6++0.N.-2.1-1.3-3W4	fit	NO MATCH	lemma/102758	Aspect#Imp|Mood#Ind|Number#Sing|Person#3|Tense#Pres|VerbForm#Fin|Voice#Pass
005.SCG*LB3.CP--++1.N.-4.7-7.9-5W7	essendo	NO MATCH	lemma/126689	Case#Abl|Degree#Pos|Number#Sing|VerbForm#Ger|Voice#Act
005.SCG*LB2.CP-6++0.N.-6.1-2.4-5W18	pati	NO MATCH	lemma/116222	Mood#Ind|Number#Plur|Person#3|Tense#Pres|VerbForm#Fin|Voice#Act
005.SCG*LB3.CP16++1.N.-2.7-4.13-3W11	fierent	NO MATCH	lemma/102758	Aspect#Imp|Mood#Sub|Number#Plur|Person#3|Tense#Imp|VerbForm#Fin|Voice#Pass
005.SCG*LB3.CP-6++2.N.-8.11-4.16-4W18	utentes	NO MATCH	lemma/130923	Case#Nom|Degree#Pos|Gender#Fem|Number#Plur|Tense#Pres|VerbForm#Part|Voice#Pass
005.SCG*LB2.CP-3++4.N.-5.6-3.7-3W4	fit	NO MATCH	lemma/102758	Mood#Ind|Number#Sing|Person#3|Tense#Pres|VerbForm#Fin|Voice#Pass
005.SCG*LB3.CP-8++7.N.-2.2-3.5-5W16	proportionatum	NO MATCH	lemma/131413	Mood#Ind|Number#Plur|Person#1|Tense#Pres|VerbForm#Fin|Voice#Pass
005.SCG*LB3.CP-8++5.N.20.22-3.27-2W7	sortitur	NO MATCH	lemma/125211	Mood#Ind|Number#Sing|Person#3|Tense#Pres|VerbForm#Fin|Voice#Act
005.SCG*LB2.CP-2++1.N.10.9-2.14-2W5	fit	NO MATCH	lemma/102758	Mood#Ind|Number#Sing|Person#3|Tense#Pres|VerbForm#Fin|Voice#Pass
005.SCG*LB2.CP-5++7.N.-8.13-1.15-4W19	patitur	NO MATCH	lemma/116222	Aspect#Perf|Case#Nom|Degree#Pos|Gender#Neut|Number#Sing|Tense#Past|VerbForm#Part|Voice#Pass
005.SCG*LB2.CP-7++3.N.19.5-5.8-4W1	pati	NO MATCH	lemma/116222	Aspect#Perf|Mood#Ind|Number#Sing|Person#1|Tense#Past|VerbForm#Fin|Voice#Act
005.SCG*LB3.CP15++0.N.-4.4-5.6-6W14	praeexistens	NO MATCH	lemma/131401	Aspect#Perf|Mood#Ind|Number#Sing|Person#1|Tense#Past|VerbForm#Fin|Voice#Act
005.SCG*LB4.CP-5++2.N.10.6-2.8-3W11	consequens	NO MATCH	lemma/96035	Aspect#Imp|Case#Nom|Degree#Pos|Gender#Masc|Number#Sing|Tense#Pres|VerbForm#Part|Voice#Pass
005.SCG*LB3.CP15++8.N.-1.30-1.32-4W1	oportet	NO MATCH	lemma/115098	Aspect#Imp|Mood#Ind|Number#Sing|Person#1|Tense#Pres|VerbForm#Fin|Voice#Act
005.SCG*LB4.CP-7++2.N.-2.21-2.23-4W1	oportet	NO MATCH	lemma/115098	Mood#Ind|Number#Plur|Person#3|Tense#Pres|VerbForm#Fin|Voice#Act
005.SCG*LB2.CP-4++6.N.-7.7-1.8-4W8	licet	NO MATCH	lemma/110432	Mood#Ind|Number#Sing|Person#3|Tense#Pres|VerbForm#Fin|Voice#Pass
005.SCG*LB2.CP-3++3.N.-3.4-2.8-1W18	essendum	NO MATCH	lemma/126689	Case#Acc|Degree#Pos|Number#Sing|VerbForm#Ger|Voice#Act
005.SCG*LB3.CP10++2.N.-2.1-1.3-2W14	operari	NO MATCH	lemma/115028	Mood#Ind|Number#Plur|Person#3|Tense#Pres|VerbForm#Fin|Voice#Act
005.SCG*LB3.CP-2++3.N.-5.5-1.8-6W1	licet	NO MATCH	lemma/110432	Aspect#Perf|Case#Acc|Degree#Pos|Gender#Neut|Number#Plur|Tense#Past|VerbForm#Part|Voice#Pass
005.SCG*LB4.CP-1++7.N.11.10-1.11-5W1	oportet	NO MATCH	lemma/115098	Aspect#Perf|Case#Acc|Degree#Pos|Gender#Fem|Number#Plur|Tense#Past|VerbForm#Part|Voice#Pass
005.SCG*LB1.CP--++5.N.-4.3-3.7-9W18	metiri	NO MATCH	lemma/112232	Mood#Ind|Number#Sing|Person#3|Tense#Pres|VerbForm#Fin|VerbType#Mod|Voice#Act
005.SCG*LB3.CP13++5.N.20.18-1.22-7W10	fiat	NO MATCH	lemma/102758	Mood#Sub|Number#Sing|Person#3|Tense#Pres|VerbForm#Fin|Voice#Pass
005.SCG*LB3.CP-8++6.N.11.6-1.6-7W4	oportet	NO MATCH	lemma/115098	Mood#Sub|Number#Sing|Person#3|Tense#Pres|VerbForm#Fin|Voice#Pass
005.SCG*LB2.CP-9++8.N.-2.4-6.7-1W1	fit	NO MATCH	lemma/102758	Mood#Ind|Number#Sing|Person#3|Tense#Pres|VerbForm#Fin|Voice#Pass
005.SCG*LB3.CP12++2.N.-2.8-4.9-5W9	fieri	NO MATCH	lemma/102758	Tense#Pres|VerbForm#Inf|Voice#Pass
005.SCG*LB4.CP-8++1.N.-5.14-7.18-2W14	operatur	NO MATCH	lemma/115028	Aspect#Imp|Mood#Ind|Number#Sing|Person#3|Tense#Pres|VerbForm#Fin|Voice#Act
005.SCG*LB3.CP-5++3.N.-2.1-1.6-5W13	fiat	NO MATCH	lemma/102758	Mood#Sub|Number#Sing|Person#3|Tense#Pres|VerbForm#Fin|Voice#Pass
005.SCG*LB3.CP-5++0.N.-4.4-1.6-3W16	eclipsatur	NO MATCH	lemma/48631	Mood#Ind|Number#Sing|Person#3|Tense#Pres|VerbForm#Fin|Voice#Act
005.SCG*LB2.CP-8++9.N.13.19-2.26-1W17	oportet	NO MATCH	lemma/115098	Mood#Ind|Number#Sing|Person#3|Tense#Pres|VerbForm#Fin|Voice#Pass
005.SCG*LB1.CP-2++1.N.-4.1-2.5-3W27	individuatae	NO MATCH	lemma/59198	Aspect#Perf|Mood#Ind|Number#Sing|Person#3|Tense#Past|VerbForm#Fin|Voice#Act
005.SCG*LB2.CP-3++7.N.-2.13-1.19-6W47	fieri	NO MATCH	lemma/102758	Tense#Pres|VerbForm#Inf|Voice#Pass
005.SCG*LB4.CP-2++7.N.-4.4-5.10-6W8	mortuos	NO MATCH	lemma/112796	Aspect#Perf|Mood#Ind|Number#Sing|Person#3|Tense#Past|VerbForm#Fin|Voice#Act
005.SCG*LB3.CP-7++7.N.-1.14-2.16-2W13	operandum	NO MATCH	lemma/115028	Case#Nom|Degree#Pos|Gender#Fem|Number#Plur|Tense#Pres|VerbForm#Part|Voice#Act
005.SCG*LB1.CP-4++2.N.-8.7-2.9-2W5	necesse-esse	NO MATCH	lemma/126689	Tense#Pres|VerbForm#Inf|Voice#Act
005.SCG*LB3.CP13++2.N.-5.2-6.5-5W8	oportet	NO MATCH	lemma/115098	Aspect#Imp|Case#Gen|Degree#Pos|Gender#Neut|Number#Plur|Tense#Pres|VerbForm#Part|Voice#Act
005.SCG*LB2.CP-3++7.N.-2.33-1.38-2W6	ingredientes	NO MATCH	lemma/107822	Case#Nom|Degree#Pos|Gender#Masc|Number#Plur|Tense#Pres|VerbForm#Part|Voice#Pass
005.SCG*LB1.CP-7++5.N.-4.1-2.5-6W26	oportet	NO MATCH	lemma/115098	Case#Acc|Degree#Pos|Gender#Neut|Number#Sing|Tense#Pres|VerbForm#Part|Voice#Act
005.SCG*LB4.CP-7++9.N.-7.8-1.9-5W1	oportet	NO MATCH	lemma/115098	Aspect#Perf|Case#Nom|Degree#Pos|Gender#Neut|Number#Sing|Tense#Past|VerbForm#Part|Voice#Pass
005.SCG*LB2.CP-2++1.N.-5.12-3.15-1W5	oportet	NO MATCH	lemma/115098	Tense#Pres|VerbForm#Inf|Voice#Act
005.SCG*LB3.CP-8++6.N.-5.7-1.9-2W18	operari	NO MATCH	lemma/115028	Tense#Pres|VerbForm#Inf|Voice#Act
005.SCG*LB3.CP12++5.N.--.1-1.2-4W5	fieri	NO MATCH	lemma/102758	Tense#Pres|VerbForm#Inf|Voice#Pass
005.SCG*LB1.CP-8++3.N.-1.1-1.4-2W8	licet	NO MATCH	lemma/110432	Mood#Sub|Number#Sing|Person#3|Tense#Pres|VerbForm#Fin|Voice#Act
005.SCG*LB3.CP-9++7.N.-4.10-1.11-1W1	oportet	NO MATCH	lemma/115098	Mood#Ind|Number#Sing|Person#3|Tense#Pres|VerbForm#Fin|Voice#Pass
005.SCG*LB1.CP-4++5.N.-2.4-3.6-1W4	patitur	NO MATCH	lemma/116222	Mood#Ind|Number#Sing|Person#3|Tense#Pres|VerbForm#Fin|Voice#Act
005.SCG*LB3.CP15++4.N.14.17-3.19-4W4	praenuntiando	NO MATCH	lemma/131405	Aspect#Perf|Mood#Ind|Number#Sing|Person#3|Tense#Past|VerbForm#Fin|Voice#Act
005.SCG*LB3.CP13++9.N.-6.3-7.6-3W9	puta	NO MATCH	lemma/120610	
005.SCG*LB1.CP-3++2.N.-3.1-2.5-3W17	essendi	NO MATCH	lemma/126689	Case#Gen|Degree#Pos|Number#Sing|VerbForm#Ger|Voice#Act
005.SCG*LB4.CP-3++9.N.-3.1-1.4-1W7	licet	NO MATCH	lemma/110432	Tense#Pres|VerbForm#Inf|Voice#Act
005.SCG*LB3.CP-2++2.N.-5.11-1.16-5W26	oporteat	NO MATCH	lemma/115098	Tense#Pres|VerbForm#Inf|Voice#Act
005.SCG*LB3.CP-2++9.N.-7.1-2.3-2W8	oportet	NO MATCH	lemma/115098	Case#Acc|Degree#Pos|Gender#Fem|Number#Sing|VerbForm#Gdv|Voice#Pass
005.SCG*LB3.CP-6++2.N.-6.1-2.7-1W21	moritur	NO MATCH	lemma/112796	Aspect#Imp|Tense#Pres|VerbForm#Inf|Voice#Pass
005.SCG*LB4.CP-8++9.N.-4.26-2.31-2W23	licet	NO MATCH	lemma/110432	Mood#Ind|Number#Sing|Person#3|Tense#Pres|VerbForm#Fin|Voice#Act
005.SCG*LB1.CP-7++7.N.-5.15-1.16-2W3	volitorum	NO MATCH	lemma/130745	Aspect#Perf|Case#Gen|Degree#Pos|Gender#Neut|Number#Plur|Tense#Past|VerbForm#Part|VerbType#Mod|Voice#Pass
005.SCG*LB2.CP-7++3.N.19.5-5.8-4W5	diversificatur	NO MATCH	lemma/47852	Mood#Ind|Number#Sing|Person#3|Tense#Pres|VerbForm#Fin|Voice#Act
005.SCG*LB2.CP-3++8.N.10.2-4.6-4W12	oportet	NO MATCH	lemma/115098	Mood#Ind|Number#Sing|Person#3|Tense#Pres|VerbForm#Fin|Voice#Act
005.SCG*LB4.CP-1++1.N.-1.1-1.4-4W7	oportet	NO MATCH	lemma/115098	Aspect#Perf|Case#Nom|Degree#Pos|Gender#Neut|Number#Sing|Tense#Past|VerbForm#Part|Voice#Pass
005.SCG*LB3.CP-9++9.N.-9.1-1.7-3W28	operetur	NO MATCH	lemma/115028	Mood#Ind|Number#Sing|Person#3|Tense#Pres|VerbForm#Fin|Voice#Act
005.SCG*LB3.CP-1++8.N.-2.1-1.3-2W14	essendo	NO MATCH	lemma/126689	Case#Abl|Degree#Pos|Number#Sing|VerbForm#Ger|Voice#Act
005.SCG*LB1.CP-7++1.N.13.4-5.6-1W1	oportet	NO MATCH	lemma/115098	Aspect#Imp|Mood#Ind|Number#Plur|Person#3|Tense#Pres|VerbForm#Fin|Voice#Act
005.SCG*LB2.CP-1++7.N.-5.7-2.9-4W6	fit	NO MATCH	lemma/102758	Mood#Ind|Number#Sing|Person#3|Tense#Pres|VerbForm#Fin|Voice#Pass
005.SCG*LB3.CP12++2.N.-4.8-3.11-4W12	oportet	NO MATCH	lemma/115098	Mood#Ind|Number#Sing|Person#3|Tense#Pres|VerbForm#Fin|Voice#Act
005.SCG*LB1.CP-2++7.N.-8.4-5.5-2W1	excelsior	NO MATCH	lemma/101840	Aspect#Perf|Case#Nom|Degree#Cmp|Gender#Masc|Number#Sing|Tense#Past|VerbForm#Part|Voice#Pass
005.SCG*LB3.CP-8++6.N.-4.5-1.7-3W9	fiunt	NO MATCH	lemma/102758	Mood#Ind|Number#Plur|Person#3|Tense#Pres|VerbForm#Fin|Voice#Pass
005.SCG*LB3.CP12++2.N.-5.3-7.4-8W8	oportet	NO MATCH	lemma/115098	Tense#Pres|VerbForm#Inf|Voice#Pass
005.SCG*LB3.CP-9++7.N.10.18-1.20-2W9	consequentem	NO MATCH	lemma/96035	Case#Acc|Degree#Pos|Gender#Fem|Number#Sing|Tense#Pres|VerbForm#Part|Voice#Pass
005.SCG*LB4.CP--++4.N.--.1-1.2-6W2	opinatus	NO MATCH	lemma/115070	Aspect#Imp|Mood#Ind|Number#Sing|Person#3|Tense#Imp|VerbForm#Fin|Voice#Pass
005.SCG*LB4.CP-5++3.N.18.8-1.10-3W15	subiici	NO MATCH	lemma/126114	Aspect#Imp|Tense#Pres|VerbForm#Inf|Voice#Pass
005.SCG*LB2.CP-3++2.N.-8.3-5.7-3W1	oportet	NO MATCH	lemma/115098	Mood#Sub|Number#Sing|Person#3|Tense#Pres|VerbForm#Fin|Voice#Act
005.SCG*LB1.CP-8++9.N.-3.1-2.5-1W8	fit	NO MATCH	lemma/102758	Mood#Ind|Number#Sing|Person#3|Tense#Pres|VerbForm#Fin|Voice#Pass
005.SCG*LB2.CP-1++3.N.-3.18-8.22-3W11	cointelligit	NO MATCH	lemma/131283	Mood#Ind|Number#Sing|Person#3|Tense#Pres|VerbForm#Fin|Voice#Pass
005.SCG*LB4.CP-7++8.N.-2.5-2.9-1W20	puta	NO MATCH	lemma/120610	VerbForm#Fin
005.SCG*LB4.CP-5++4.N.-4.32-4.36-4W1	oportuit	NO MATCH	lemma/115098	Mood#Ind|Number#Plur|Person#3|Tense#Pres|VerbForm#Fin|Voice#Act
005.SCG*LB2.CP-4++3.N.-7.4-5.10-3W28	oporteat	NO MATCH	lemma/115098	Aspect#Perf|Case#Nom|Degree#Pos|Gender#Neut|Number#Plur|VerbForm#Gdv|Voice#Pass
005.SCG*LB4.CP-8++1.N.-8.4-5.9-6W33	moriente	NO MATCH	lemma/112796	Aspect#Perf|Case#Nom|Degree#Pos|Gender#Neut|Number#Plur|VerbForm#Gdv|Voice#Pass
005.SCG*LB4.CP--++4.N.12.5-3.10-2W15	arbitratus	NO MATCH	lemma/89778	Aspect#Imp|Mood#Ind|Number#Sing|Person#3|Tense#Pres|VerbForm#Fin|Voice#Act
005.SCG*LB3.CP-5++3.N.-4.1-2.4-3W15	fiat	NO MATCH	lemma/102758	Mood#Sub|Number#Sing|Person#3|Tense#Pres|VerbForm#Fin|Voice#Pass
005.SCG*LB3.CP10++4.N.-9.7-5.9-7W15	fit	NO MATCH	lemma/102758	Mood#Ind|Number#Sing|Person#3|Tense#Pres|VerbForm#Fin|Voice#Pass
005.SCG*LB2.CP-3++0.N.14.11-1.14-2W1	differenter	NO MATCH	lemma/99342	Degree#Pos
005.SCG*LB2.CP-4++2.N.-7.7-3.9-3W1	oportet	NO MATCH	lemma/115098	Aspect#Perf|Case#Acc|Degree#Pos|Gender#Fem|Number#Sing|Tense#Past|VerbForm#Part|Voice#Pass
005.SCG*LB3.CP--++3.N.-2.3-6.5-4W9	oportet	NO MATCH	lemma/115098	Aspect#Imp|Tense#Pres|VerbForm#Inf|Voice#Act
005.SCG*LB4.CP-1++0.N.10.14-5.16-4W10	oportet	NO MATCH	lemma/115098	Mood#Ind|Number#Sing|Person#3|Tense#Pres|VerbForm#Fin|Voice#Act
005.SCG*LB2.CP-9++9.N.-3.1-2.6-2W14	oportet	NO MATCH	lemma/115098	Mood#Ind|Number#Sing|Person#3|Tense#Pres|VerbForm#Fin|Voice#Act
005.SCG*LB4.CP-3++4.N.11.3-6.6-2W10	moriatur	NO MATCH	lemma/112796	Mood#Ind|Number#Sing|Person#3|Tense#Pres|VerbForm#Fin|Voice#Act
005.SCG*LB1.CP-1++7.N.-5.1-2.3-2W3	fit	NO MATCH	lemma/102758	Mood#Ind|Number#Sing|Person#3|Tense#Pres|VerbForm#Fin|Voice#Pass
005.SCG*LB1.CP-4++4.N.-2.27-2.28-3W1	oportet	NO MATCH	lemma/115098	Tense#Pres|VerbForm#Inf|Voice#Act
005.SCG*LB1.CP-7++4.N.-5.2-6.4-2W13	volita	NO MATCH	lemma/130745	Aspect#Perf|Case#Nom|Degree#Pos|Gender#Neut|Number#Plur|Tense#Past|VerbForm#Part|VerbType#Mod|Voice#Pass
005.SCG*LB3.CP13++5.N.24.1-1.6-3W4	licet	NO MATCH	lemma/110432	Mood#Ind|Number#Sing|Person#3|Tense#Pres|VerbForm#Fin|Voice#Act
005.SCG*LB4.CP-8++9.N.-4.1-1.4-7W23	abiiciat	NO MATCH	lemma/86884	Aspect#Imp|Mood#Sub|Number#Sing|Person#3|Tense#Pres|VerbForm#Fin|Voice#Act
005.SCG*LB3.CP-4++6.N.-1.13-1.15-2W3	oportet	NO MATCH	lemma/115098	Mood#Sub|Number#Sing|Person#3|Tense#Pres|VerbForm#Fin|Voice#Act
005.SCG*LB3.CP14++7.N.-5.3-1.4-1W7	operante	NO MATCH	lemma/115028	Mood#Sub|Number#Sing|Person#3|Tense#Pres|VerbForm#Fin|Voice#Act
005.SCG*LB3.CP-8++0.N.-6.3-2.4-3W7	interpretatur	NO MATCH	lemma/108602	Mood#Ind|Number#Plur|Person#3|Tense#Pres|VerbForm#Fin|Voice#Act
005.SCG*LB3.CP-2++5.N.-9.15-1.19-4W11	fieri	NO MATCH	lemma/102758	Tense#Pres|VerbForm#Inf|Voice#Pass
005.SCG*LB2.CP-6++8.N.-2.12-4.13-4W5	fieri	NO MATCH	lemma/102758	Tense#Pres|VerbForm#Inf|Voice#Pass
005.SCG*LB2.CP-1++6.N.-2.5-1.10-2W5	praeexistit	NO MATCH	lemma/131401	Mood#Ind|Number#Sing|Person#3|Tense#Pres|VerbForm#Fin|Voice#Act
005.SCG*LB1.CP-1++3.N.32.6-1.10-1W3	oporteat	NO MATCH	lemma/115098	Tense#Pres|VerbForm#Inf|Voice#Pass
005.SCG*LB2.CP--++8.N.-6.4-7.5-3W3	agens	NO MATCH	lemma/88140	Case#Nom|Degree#Pos|Gender#Neut|Number#Sing
005.SCG*LB4.CP-6++4.N.-2.4-1.6-1W12	directe	NO MATCH	lemma/99575	Degree#Pos
005.SCG*LB1.CP-3++8.N.-4.9-4.12-7W1	oportet	NO MATCH	lemma/115098	Mood#Ind|Number#Sing|Person#3|Tense#Pres|VerbForm#Fin|Voice#Act
005.SCG*LB2.CP-6++4.N.-4.3-4.11-2W8	oporteret	NO MATCH	lemma/115098	Mood#Sub|Number#Sing|Person#3|Tense#Pres|VerbForm#Fin|Voice#Act
005.SCG*LB2.CP-5++9.N.16.1-2.3-6W9	largitur	NO MATCH	lemma/109940	Mood#Sub|Number#Sing|Person#3|Tense#Pres|VerbForm#Fin|Voice#Act
005.SCG*LB1.CP-7++4.N.-6.1-2.3-1W9	proportionatur	NO MATCH	lemma/131413	Mood#Ind|Number#Plur|Person#3|Tense#Pres|VerbForm#Fin|Voice#Act
005.SCG*LB1.CP-7++9.N.-6.1-1.8-4W8	volitam	NO MATCH	lemma/130745	Aspect#Perf|Case#Acc|Degree#Pos|Gender#Fem|Number#Sing|Tense#Past|VerbForm#Part|VerbType#Mod|Voice#Pass
005.SCG*LB2.CP-9++6.N.-2.3-5.8-7W16	consequens	NO MATCH	lemma/96035	Case#Acc|Degree#Pos|Gender#Neut|Number#Sing|Tense#Pres|VerbForm#Part|Voice#Pass
005.SCG*LB4.CP-1++0.N.10.6-4.9-1W11	oportet	NO MATCH	lemma/115098	Mood#Ind|Number#Sing|Person#3|Tense#Pres|VerbForm#Fin|Voice#Act
005.SCG*LB2.CP-8++3.N.33.1-2.2-4W7	proportionatam	NO MATCH	lemma/131413	Mood#Ind|Number#Sing|Person#3|Tense#Pres|VerbForm#Fin|VerbType#Mod|Voice#Act
005.SCG*LB2.CP-8++3.N.-1.1-1.5-6W11	essendi	NO MATCH	lemma/126689	Case#Gen|Degree#Pos|Number#Sing|VerbForm#Ger|Voice#Act
005.SCG*LB3.CP15++3.N.-2.15-3.19-3W16	consequens	NO MATCH	lemma/96035	Case#Nom|Degree#Pos|Gender#Neut|Number#Sing|Tense#Pres|VerbForm#Part|Voice#Pass
005.SCG*LB1.CP-4++2.N.-9.26-1.32-6W37	essendi	NO MATCH	lemma/126689	Case#Gen|Degree#Pos|Number#Sing|VerbForm#Ger|Voice#Act
005.SCG*LB3.CP15++1.N.-2.6-6.9-5W21	oportet	NO MATCH	lemma/115098	Mood#Sub|Number#Sing|Person#3|Tense#Pres|VerbForm#Fin|Voice#Act
005.SCG*LB3.CP13++9.N.-5.1-2.5-3W11	intensiorem	NO MATCH	lemma/108382	Aspect#Perf|Case#Acc|Degree#Cmp|Gender#Fem|Number#Sing|Tense#Past|VerbForm#Part|Voice#Pass
005.SCG*LB1.CP-2++3.N.-3.20-6.25-2W2	oportet	NO MATCH	lemma/115098	Mood#Ind|Number#Sing|Person#3|Tense#Pres|VerbForm#Fin|Voice#Act
005.SCG*LB3.CP-8++9.N.-8.10-4.11-7W4	oportet	NO MATCH	lemma/115098	Aspect#Perf|Case#Nom|Degree#Pos|Gender#Neut|Number#Sing|Tense#Past|VerbForm#Part|Voice#Pass
005.SCG*LB3.CP13++5.N.-5.3-4.9-1W3	fieri	NO MATCH	lemma/102758	Tense#Pres|VerbForm#Inf|Voice#Pass
005.SCG*LB4.CP-2++7.N.-2.4-8.6-2W14	loquens	NO MATCH	lemma/110805	Mood#Sub|Number#Sing|Person#3|Tense#Pres|VerbForm#Fin|Voice#Act
005.SCG*LB1.CP-1++5.N.-5.16-4.18-3W2	oportet	NO MATCH	lemma/115098	Mood#Sub|Number#Sing|Person#3|Tense#Pres|VerbForm#Fin|Voice#Act
005.SCG*LB2.CP-3++2.N.-6.1-2.4-4W11	faciendo	NO MATCH	lemma/102758	Case#Abl|Degree#Pos|Gender#Neut|Number#Sing|VerbForm#Part|Voice#Pass
005.SCG*LB4.CP-2++5.N.-4.11-1.15-3W11	implicite	NO MATCH	lemma/106616	Degree#Pos
005.SCG*LB4.CP-2++9.N.10.2-4.7-7W42	mortuis	NO MATCH	lemma/112796	Aspect#Perf|Case#Dat|Degree#Pos|Gender#Neut|Number#Plur|Tense#Past|VerbForm#Part|Voice#Pass
005.SCG*LB3.CP--++2.N.-2.25-5.28-4W1	oportet	NO MATCH	lemma/115098	Aspect#Perf|Mood#Sub|Number#Sing|Person#3|Tense#Pqp|VerbForm#Fin|Voice#Act
005.SCG*LB3.CP-8++6.N.-6.1-1.8-2W32	fiat	NO MATCH	lemma/102758	Mood#Sub|Number#Sing|Person#3|Tense#Pres|VerbForm#Fin|Voice#Pass
005.SCG*LB2.CP-5++5.N.-9.6-6.9-3W8	oportet	NO MATCH	lemma/115098	Mood#Ind|Number#Sing|Person#3|Tense#Pres|VerbForm#Fin|Voice#Act
005.SCG*LB4.CP-5++0.N.-4.1-1.2-4W3	expresse	NO MATCH	lemma/102229	Degree#Pos
005.SCG*LB3.CP-9++2.N.10.22-5.26-2W18	loquendo	NO MATCH	lemma/110805	Mood#Sub|Number#Sing|Person#3|Tense#Pres|VerbForm#Fin|Voice#Pass
005.SCG*LB2.CP-7++7.N.-2.18-1.21-5W25	determinate	NO MATCH	lemma/99024	Degree#Pos
005.SCG*LB3.CP15++0.N.-6.4-3.9-1W1	oportet	NO MATCH	lemma/115098	Mood#Ind|Number#Plur|Person#3|Tense#Pres|VerbForm#Fin|Voice#Act
005.SCG*LB2.CP--++1.N.-3.3-1.5-3W6	operante	NO MATCH	lemma/115028	Aspect#Perf|Case#Nom|Degree#Pos|Gender#Neut|Number#Sing|Tense#Past|VerbForm#Part|Voice#Pass
005.SCG*LB3.CP14++4.N.11.13-6.15-3W1	eiice	NO MATCH	lemma/100727	Mood#Imp|Number#Sing|Person#2|Tense#Pres|VerbForm#Fin|Voice#Act
005.SCG*LB3.CP-2++2.N.-7.1-1.7-6W30	fit	NO MATCH	lemma/102758	Mood#Ind|Number#Sing|Person#3|Tense#Pres|VerbForm#Fin|Voice#Pass
005.SCG*LB4.CP-1++3.N.11.12-2.14-4W1	oportet	NO MATCH	lemma/115098	Mood#Ind|Number#Sing|Person#3|Tense#Pres|VerbForm#Fin|Voice#Act
005.SCG*LB4.CP-1++7.N.14.4-1.5-7W6	loquatur	NO MATCH	lemma/110805	Mood#Ind|Number#Plur|Person#3|Tense#Pres|VerbForm#Fin|Voice#Act
005.SCG*LB1.CP-1++3.N.19.28-6.31-4W15	licet	NO MATCH	lemma/110432	Case#Acc|Degree#Pos|Gender#Masc|Number#Sing|Tense#Pres|VerbForm#Part|Voice#Act
005.SCG*LB4.CP-4++7.N.-2.1-1.4-3W18	operatus	NO MATCH	lemma/115028	Tense#Pres|VerbForm#Inf|Voice#Pass
005.SCG*LB2.CP-3++3.N.-7.2-2.4-1W10	oportet	NO MATCH	lemma/115098	Case#Nom|Degree#Pos|Gender#Masc|Number#Sing|VerbForm#Gdv|Voice#Pass
005.SCG*LB4.CP-6++4.N.-4.3-6.5-2W4	directe	NO MATCH	lemma/99575	Degree#Pos
005.SCG*LB3.CP-6++7.N.--.1-1.2-2W7	operantibus	NO MATCH	lemma/115028	Aspect#Perf|Case#Nom|Degree#Pos|Gender#Fem|Number#Sing|Tense#Past|VerbForm#Part|Voice#Pass
005.SCG*LB2.CP-6++2.N.-9.13-1.15-3W16	opinatur	NO MATCH	lemma/115070	Mood#Ind|Number#Sing|Person#3|Tense#Pres|VerbForm#Fin|Voice#Pass
005.SCG*LB3.CP14++8.N.-6.1-2.2-4W10	proportionata	NO MATCH	lemma/131413	Aspect#Imp|Tense#Pres|VerbForm#Inf|Voice#Pass
005.SCG*LB4.CP-4++3.N.--.1-1.4-1W8	praeextitit	NO MATCH	lemma/131401	Mood#Ind|Number#Sing|Person#3|Tense#Pres|VerbForm#Fin|Voice#Pass
005.SCG*LB2.CP-2++5.N.-8.1-2.2-1W5	pati	NO MATCH	lemma/116222	Aspect#Imp|Mood#Sub|Number#Sing|Person#3|Tense#Imp|VerbForm#Fin|Voice#Act
005.SCG*LB2.CP-5++8.N.-9.1-2.5-4W16	oportet	NO MATCH	lemma/115098	Mood#Ind|Number#Sing|Person#3|Tense#Pres|VerbForm#Fin|Voice#Act
005.SCG*LB4.CP-1++4.N.10.14-6.18-2W22	licet	NO MATCH	lemma/110432	Mood#Ind|Number#Sing|Person#3|Tense#Pres|VerbForm#Fin|Voice#Act
005.SCG*LB3.CP11++1.N.-1.35-4.38-1W1	oportet	NO MATCH	lemma/115098	Mood#Ind|Number#Sing|Person#3|Tense#Pres|VerbForm#Fin|Voice#Act
005.SCG*LB2.CP-3++4.N.-2.24-1.25-3W8	fiunt	NO MATCH	lemma/102758	Mood#Ind|Number#Plur|Person#3|Tense#Pres|VerbForm#Fin|Voice#Pass
005.SCG*LB3.CP14++4.N.-9.11-3.12-2W1	oportet	NO MATCH	lemma/115098	Mood#Ind|Number#Sing|Person#3|Tense#Pres|VerbForm#Fin|Voice#Act
005.SCG*LB2.CP-4++1.N.-4.8-3.10-3W5	essendi	NO MATCH	lemma/126689	Case#Gen|Degree#Pos|Number#Sing|VerbForm#Ger|Voice#Act
005.SCG*LB1.CP-7++4.N.-5.2-6.4-2W6	volitus	NO MATCH	lemma/130745	Aspect#Perf|Case#Nom|Degree#Pos|Gender#Masc|Number#Sing|Tense#Past|VerbForm#Part|VerbType#Mod|Voice#Pass
005.SCG*LB3.CP15++0.N.-2.9-3.12-2W16	operante	NO MATCH	lemma/115028	Mood#Ind|Number#Sing|Person#3|Tense#Pres|VerbForm#Fin|Voice#Act
005.SCG*LB4.CP--++2.N.-2.22-2.24-6W15	locutus	NO MATCH	lemma/110805	Mood#Ind|Number#Sing|Person#3|Tense#Pres|VerbForm#Fin|Voice#Act
005.SCG*LB1.CP-6++3.N.-2.2-2.6-2W25	fiat	NO MATCH	lemma/102758	Mood#Sub|Number#Sing|Person#3|Tense#Pres|VerbForm#Fin|Voice#Pass
005.SCG*LB2.CP-1++6.N.12.5-4.5-6W3	praeexistit	NO MATCH	lemma/131401	Mood#Ind|Number#Plur|Person#3|Tense#Pres|VerbForm#Fin|VerbType#Mod|Voice#Act
005.SCG*LB4.CP-8++4.N.-2.11-1.15-6W32	loquens	NO MATCH	lemma/110805	Mood#Ind|Number#Sing|Person#3|Tense#Pres|VerbForm#Fin|Voice#Act
005.SCG*LB4.CP-1++6.N.-3.2-6.4-1W10	loquetur	NO MATCH	lemma/110805	Aspect#Imp|Mood#Ind|Number#Sing|Person#3|Tense#Pres|VerbForm#Fin|Voice#Pass
005.SCG*LB2.CP-4++5.N.-6.5-6.9-6W24	consequens	NO MATCH	lemma/96035	Case#Acc|Degree#Pos|Gender#Neut|Number#Sing|Tense#Pres|VerbForm#Part|Voice#Pass
005.SCG*LB2.CP-4++1.N.-4.6-1.8-2W4	essendi	NO MATCH	lemma/126689	Case#Gen|Degree#Pos|Number#Sing|VerbForm#Ger|Voice#Act
005.SCG*LB4.CP-5++3.N.25.1-1.6-2W15	pati	NO MATCH	lemma/116222	Mood#Sub|Number#Sing|Person#3|Tense#Pres|VerbForm#Fin|Voice#Act
005.SCG*LB2.CP-7++6.N.-9.3-2.10-1W11	oportet	NO MATCH	lemma/115098	Aspect#Perf|Case#Acc|Degree#Pos|Gender#Neut|Number#Sing|Tense#Past|VerbForm#Part|Voice#Pass
005.SCG*LB4.CP-8++4.N.-2.17-1.19-7W3	suffragari	NO MATCH	lemma/126631	Case#Gen|Degree#Pos|Number#Sing|VerbForm#Ger|Voice#Act
005.SCG*LB2.CP-8++5.N.11.10-1.14-3W18	expresse	NO MATCH	lemma/102229	Degree#Pos
005.SCG*LB2.CP-7++5.N.-2.19-1.20-7W4	individuata	NO MATCH	lemma/59198	Aspect#Imp|Mood#Ind|Number#Sing|Person#3|Tense#Pres|VerbForm#Fin|Voice#Pass
005.SCG*LB1.CP-9++6.N.-7.23-8.25-3W10	loquuntur	NO MATCH	lemma/110805	Aspect#Imp|Mood#Ind|Number#Sing|Person#3|Tense#Pres|VerbForm#Fin|Voice#Pass
005.SCG*LB2.CP-9++8.N.11.17-3.19-5W11	consequens	NO MATCH	lemma/96035	Case#Acc|Degree#Pos|Gender#Neut|Number#Sing|Tense#Pres|VerbForm#Part|Voice#Pass
005.SCG*LB4.CP-8++3.N.-6.28-1.31-5W11	morientur	NO MATCH	lemma/112796	Aspect#Perf|Case#Nom|Degree#Pos|Gender#Neut|Number#Sing|Tense#Past|VerbForm#Part|Voice#Pass
005.SCG*LB2.CP-9++6.N.-8.14-4.17-2W20	oportere	NO MATCH	lemma/115098	Mood#Ind|Number#Sing|Person#3|Tense#Pres|VerbForm#Fin|Voice#Act
005.SCG*LB3.CP-1++0.N.-3.2-3.3-3W4	oportet	NO MATCH	lemma/115098	Aspect#Imp|Mood#Ind|Number#Sing|Person#3|Tense#Pres|VerbForm#Fin|Voice#Act
005.SCG*LB2.CP-9++0.N.-3.9-4.12-7W13	puta	NO MATCH	lemma/120610	
005.SCG*LB1.CP-2++3.N.-3.15-1.15-4W4	praedeterminata	NO MATCH	lemma/131393	Aspect#Perf|Mood#Ind|Number#Sing|Person#3|Tense#Past|VerbForm#Fin|Voice#Act
005.SCG*LB4.CP-7++2.N.-6.1-1.8-6W12	patientis	NO MATCH	lemma/116222	Mood#Ind|Number#Sing|Person#3|Tense#Pres|VerbForm#Fin|Voice#Act
005.SCG*LB2.CP-3++2.N.-7.14-2.17-1W15	oporteat	NO MATCH	lemma/115098	Aspect#Perf|Case#Acc|Degree#Pos|Gender#Neut|Number#Plur|Tense#Past|VerbForm#Part|Voice#Pass
005.SCG*LB4.CP-8++1.N.10.40-4.42-3W9	individuantia	NO MATCH	lemma/59198	Mood#Ind|Number#Sing|Person#3|Tense#Pres|VerbForm#Fin|Voice#Act
005.SCG*LB4.CP-1++2.N.-2.13-2.14-3W4	fit	NO MATCH	lemma/102758	Aspect#Imp|Mood#Ind|Number#Sing|Person#3|Tense#Pres|VerbForm#Fin|Voice#Pass
005.SCG*LB3.CP-7++6.N.-9.6-1.7-5W12	operari	NO MATCH	lemma/115028	Aspect#Perf|Mood#Ind|Number#Sing|Person#1|Tense#Past|VerbForm#Fin|Voice#Act
005.SCG*LB3.CP10++4.N.-2.1-1.2-2W3	expresse	NO MATCH	lemma/102229	Degree#Pos
005.SCG*LB4.CP-1++8.N.-7.12-2.13-2W4	scrutatur	NO MATCH	lemma/123886	Mood#Ind|Number#Sing|Person#3|Tense#Fut|VerbForm#Fin|Voice#Act
005.SCG*LB2.CP-3++7.N.-4.20-3.24-1W9	oportet	NO MATCH	lemma/115098	Aspect#Imp|Mood#Ind|Number#Sing|Person#3|Tense#Pres|VerbForm#Fin|Voice#Act
005.SCG*LB1.CP10++0.N.-8.1-1.2-4W6	protestatur	NO MATCH	lemma/120147	Aspect#Imp|Mood#Sub|Number#Sing|Person#3|Tense#Pres|VerbForm#Fin|Voice#Act
005.SCG*LB3.CP15++4.N.14.12-3.17-2W2	licet	NO MATCH	lemma/110432	Mood#Ind|Number#Sing|Person#3|Tense#Pres|VerbForm#Fin|Voice#Pass
005.SCG*LB2.CP-6++3.N.-4.2-5.4-1W4	dominantis	NO MATCH	lemma/100058	Case#Gen|Degree#Pos|Gender#Neut|Number#Sing|Tense#Pres|VerbForm#Part|Voice#Pass
005.SCG*LB4.CP-9++7.N.-6.1-1.5-3W26	fiet	NO MATCH	lemma/102758	Aspect#Imp|Mood#Ind|Number#Sing|Person#3|Tense#Fut|VerbForm#Fin|Voice#Pass
005.SCG*LB3.CP-5++9.N.-1.1-1.8-1W32	oportet	NO MATCH	lemma/115098	Mood#Ind|Number#Sing|Person#3|Tense#Pres|VerbForm#Fin|Voice#Pass
005.SCG*LB2.CP-3++5.N.-8.21-1.23-2W5	expresse	NO MATCH	lemma/102229	Degree#Pos
005.SCG*LB2.CP-9++2.N.-9.26-5.28-2W7	oportet	NO MATCH	lemma/115098	Aspect#Imp|Mood#Ind|Number#Sing|Person#3|Tense#Pres|VerbForm#Fin|Voice#Act
005.SCG*LB3.CP12++2.N.-4.1-1.2-2W1	oportet	NO MATCH	lemma/115098	Mood#Ind|Number#Plur|Person#3|Tense#Pres|VerbForm#Fin|VerbType#Mod|Voice#Act
005.SCG*LB2.CP-5++4.N.-6.4-1.5-4W11	essendi	NO MATCH	lemma/126689	Case#Gen|Degree#Pos|Number#Sing|VerbForm#Ger|Voice#Act
005.SCG*LB4.CP-2++3.N.-4.16-2.17-7W2	licet	NO MATCH	lemma/110432	Mood#Ind|Number#Sing|Person#3|Tense#Pres|VerbForm#Fin|Voice#Act
005.SCG*LB3.CP14++0.N.-3.11-2.16-3W1	oportet	NO MATCH	lemma/115098	Aspect#Imp|Mood#Ind|Number#Sing|Person#3|Tense#Imp|VerbForm#Fin|Voice#Act
005.SCG*LB3.CP-9++4.N.10.62-5.65-5W22	contingenter	NO MATCH	lemma/96293	Case#Loc|Degree#Pos|Number#Sing|Tense#Pres|VerbForm#Part|Voice#Act
005.SCG*LB4.CP-9++1.N.-9.15-3.21-6W34	operatur	NO MATCH	lemma/115028	Aspect#Perf|Tense#Past|VerbForm#Inf|Voice#Act
005.SCG*LB3.CP10++0.N.-5.1-2.3-7W19	essendi	NO MATCH	lemma/126689	Case#Gen|Degree#Pos|Number#Sing|VerbForm#Ger|Voice#Act
005.SCG*LB1.CP-1++3.N.30.8-3.9-7W11	oportet	NO MATCH	lemma/115098	Mood#Ind|Number#Sing|Person#3|Tense#Pres|VerbForm#Fin|VerbType#Mod|Voice#Act
005.SCG*LB4.CP-1++4.N.-9.20-8.24-5W25	licet	NO MATCH	lemma/110432	Aspect#Imp|Mood#Ind|Number#Sing|Person#3|Tense#Pres|VerbForm#Fin|VerbType#Mod|Voice#Act
005.SCG*LB3.CP15++3.N.-2.35-1.38-3W20	converso	NO MATCH	lemma/96446	Case#Abl|Degree#Pos|Gender#Neut|Number#Sing
005.SCG*LB2.CP-1++6.N.10.1-2.4-3W12	oportet	NO MATCH	lemma/115098	Aspect#Perf|Case#Abl|Degree#Pos|Gender#Fem|Number#Sing|Tense#Past|VerbForm#Part|Voice#Pass
005.SCG*LB4.CP-8++9.N.-2.13-2.13-4W1	mortui	NO MATCH	lemma/112796	Tense#Pres|VerbForm#Inf|Voice#Act
005.SCG*LB2.CP-3++3.N.-7.4-6.8-8W27	oportet	NO MATCH	lemma/115098	Mood#Ind|Number#Sing|Person#3|Tense#Pres|VerbForm#Fin|Voice#Pass
005.SCG*LB1.CP-6++9.N.-5.8-3.10-3W11	imitari	NO MATCH	lemma/106364	Aspect#Perf|Case#Dat|Degree#Pos|Gender#Neut|Number#Sing|Tense#Past|VerbForm#Part|Voice#Pass
005.SCG*LB3.CP12++2.N.-8.35-2.36-1W4	oportet	NO MATCH	lemma/115098	Mood#Ind|Number#Sing|Person#3|Tense#Pres|VerbForm#Fin|VerbType#Mod|Voice#Act
005.SCG*LB2.CP-1++5.N.-6.1-2.5-6W25	oportet	NO MATCH	lemma/115098	Aspect#Perf|Case#Abl|Degree#Pos|Gender#Fem|Number#Plur|Tense#Past|VerbForm#Part|Voice#Pass
005.SCG*LB3.CP-1++0.N.13.19-1.22-6W28	exequentis	NO MATCH	lemma/102311	Case#Gen|Degree#Pos|Gender#Fem|Number#Sing|Tense#Pres|VerbForm#Part|Voice#Pass
005.SCG*LB2.CP-3++6.N.-4.1-1.2-7W9	consequenter	NO MATCH	lemma/96035	Degree#Pos
005.SCG*LB4.CP-6++3.N.12.9-4.14-1W23	fit	NO MATCH	lemma/102758	Aspect#Imp|Mood#Ind|Number#Sing|Person#3|Tense#Pres|VerbForm#Fin|Voice#Pass
005.SCG*LB4.CP-1++0.N.15.5-1.8-5W13	oportet	NO MATCH	lemma/115098	Tense#Pres|VerbForm#Inf|Voice#Act
005.SCG*LB3.CP-8++0.N.17.16-1.20-2W28	fieri	NO MATCH	lemma/102758	Tense#Pres|VerbForm#Inf|Voice#Pass
005.SCG*LB2.CP-6++0.N.26.5-4.9-6W14	oportet	NO MATCH	lemma/115098	Case#Nom|Degree#Pos|Gender#Neut|Number#Plur|Tense#Pres|VerbForm#Part|Voice#Act
005.SCG*LB3.CP-3++7.N.-7.11-2.13-1W13	contemplantibus	NO MATCH	lemma/96238	Aspect#Imp|Mood#Ind|Number#Sing|Person#3|Tense#Pres|VerbForm#Fin|Voice#Pass
005.SCG*LB3.CP13++8.N.-7.15-5.18-1W17	ferventior	NO MATCH	lemma/103165	Case#Nom|Degree#Cmp|Gender#Masc|Number#Sing|Tense#Pres|VerbForm#Part|Voice#Act
005.SCG*LB1.CP-7++0.N.-5.12-2.16-2W22	praehabet	NO MATCH	lemma/131402	Aspect#Imp|Tense#Pres|VerbForm#Inf|Voice#Act
005.SCG*LB3.CP-5++3.N.-1.1-1.3-4W1	oportet	NO MATCH	lemma/115098	Mood#Ind|Number#Sing|Person#3|Tense#Pres|VerbForm#Fin|Voice#Act
005.SCG*LB4.CP-1++7.N.-2.7-3.10-2W2	licet	NO MATCH	lemma/110432	Aspect#Imp|Mood#Ind|Number#Sing|Person#3|Tense#Fut|VerbForm#Fin|VerbType#Mod|Voice#Act
005.SCG*LB3.CP-5++3.N.-5.9-1.13-4W22	fit	NO MATCH	lemma/102758	Mood#Ind|Number#Sing|Person#3|Tense#Pres|VerbForm#Fin|Voice#Pass
005.SCG*LB3.CP-5++0.N.-5.2-4.4-4W13	molitur	NO MATCH	lemma/112590	Mood#Ind|Number#Sing|Person#3|Tense#Pres|VerbForm#Fin|Voice#Act
005.SCG*LB4.CP-1++6.N.-1.1-1.3-1W12	excelsiorem	NO MATCH	lemma/101840	Aspect#Perf|Case#Acc|Degree#Cmp|Gender#Fem|Number#Sing|Tense#Past|VerbForm#Part|Voice#Pass
005.SCG*LB4.CP--++6.N.-4.2-2.9-5W26	dominantium	NO MATCH	lemma/100058	Aspect#Imp|Case#Gen|Degree#Pos|Gender#Masc|Number#Plur|Tense#Pres|VerbForm#Part|Voice#Pass
005.SCG*LB2.CP-2++1.N.-3.3-6.5-4W14	essendi	NO MATCH	lemma/126689	Case#Gen|Degree#Pos|Number#Sing|VerbForm#Ger|Voice#Act
005.SCG*LB3.CP11++1.N.-1.31-1.35-3W3	oportet	NO MATCH	lemma/115098	Mood#Ind|Number#Plur|Person#3|Tense#Pres|VerbForm#Fin|Voice#Pass
005.SCG*LB4.CP-1++9.N.-2.20-6.22-1W1	oportet	NO MATCH	lemma/115098	Mood#Ind|Number#Plur|Person#3|Tense#Pres|VerbForm#Fin|Voice#Pass
005.SCG*LB3.CP-8++0.N.18.19-1.20-1W4	fit	NO MATCH	lemma/102758	Mood#Ind|Number#Sing|Person#3|Tense#Pres|VerbForm#Fin|Voice#Pass
005.SCG*LB4.CP-7++9.N.-2.10-5.12-2W11	mortuorum	NO MATCH	lemma/112796	Mood#Ind|Number#Sing|Person#3|Tense#Pres|VerbForm#Fin|Voice#Act
005.SCG*LB3.CP-7++5.N.-5.13-3.14-6W3	oportet	NO MATCH	lemma/115098	Mood#Ind|Number#Sing|Person#3|Tense#Pres|VerbForm#Fin|Voice#Act
005.SCG*LB2.CP-7++8.N.-8.46-1.49-2W8	ens	NO MATCH	lemma/126689	Case#Nom|Degree#Pos|Gender#Neut|Number#Sing|Tense#Pres|VerbForm#Part|Voice#Act
005.SCG*LB2.CP-3++5.N.-5.6-7.9-5W3	volitum	NO MATCH	lemma/130745	Aspect#Perf|Case#Nom|Degree#Pos|Gender#Neut|Number#Sing|Tense#Past|VerbForm#Part|VerbType#Mod|Voice#Pass
005.SCG*LB4.CP-6++6.N.-3.1-1.4-4W7	puta	NO MATCH	lemma/120610	VerbForm#Fin
005.SCG*LB3.CP--++2.N.-8.3-4.5-5W13	operatur	NO MATCH	lemma/115028	Aspect#Perf|Case#Nom|Degree#Pos|Gender#Masc|Number#Sing|Tense#Past|VerbForm#Part|Voice#Pass
005.SCG*LB4.CP-5++5.N.19.27-6.30-3W17	pati	NO MATCH	lemma/116222	Mood#Ind|Number#Sing|Person#3|Tense#Pres|VerbForm#Fin|Voice#Act
005.SCG*LB2.CP--++2.N.-2.4-1.6-1W5	fiunt	NO MATCH	lemma/102758	Mood#Ind|Number#Plur|Person#3|Tense#Pres|VerbForm#Fin|Voice#Pass
005.SCG*LB2.CP-2++1.N.-9.5-4.10-2W14	oportet	NO MATCH	lemma/115098	Mood#Ind|Number#Sing|Person#3|Tense#Pres|VerbForm#Fin|Voice#Act
005.SCG*LB3.CP12++0.N.-8.3-1.5-2W17	operandi	NO MATCH	lemma/115028	Case#Abl|Degree#Pos|Gender#Fem|Number#Sing|Tense#Pres|VerbForm#Part|Voice#Act
005.SCG*LB2.CP-5++9.N.17.1-2.4-6W4	sortitur	NO MATCH	lemma/125211	Mood#Ind|Number#Sing|Person#3|Tense#Pres|VerbForm#Fin|Voice#Act
005.SCG*LB3.CP15++0.N.-3.5-6.7-3W10	sortiatur	NO MATCH	lemma/125211	Mood#Ind|Number#Sing|Person#3|Tense#Pres|VerbForm#Fin|Voice#Pass
005.SCG*LB3.CP-2++6.N.19.10-2.11-1W4	fieret	NO MATCH	lemma/102758	Aspect#Imp|Mood#Sub|Number#Sing|Person#3|Tense#Imp|VerbForm#Fin|Voice#Pass
005.SCG*LB2.CP-5++9.N.-4.7-2.8-4W4	individuantur	NO MATCH	lemma/59198	Aspect#Imp|Tense#Pres|VerbForm#Inf|Voice#Pass
005.SCG*LB2.CP-7++1.N.-3.14-6.17-7W6	fit	NO MATCH	lemma/102758	Mood#Ind|Number#Sing|Person#3|Tense#Pres|VerbForm#Fin|Voice#Pass
005.SCG*LB4.CP-1++2.N.-2.15-2.16-1W5	fit	NO MATCH	lemma/102758	Aspect#Imp|Mood#Ind|Number#Sing|Person#3|Tense#Pres|VerbForm#Fin|Voice#Pass
005.SCG*LB2.CP-7++8.N.-8.1-1.3-7W20	ens	NO MATCH	lemma/126689	Case#Nom|Degree#Pos|Gender#Fem|Number#Sing|Tense#Pres|VerbForm#Part|Voice#Act
005.SCG*LB2.CP-4++4.N.10.13-5.18-5W19	oportuit	NO MATCH	lemma/115098	Mood#Ind|Number#Sing|Person#3|Tense#Pres|VerbForm#Fin|Voice#Act
005.SCG*LB1.CP-4++2.N.-9.24-2.25-2W5	necesse-esse	NO MATCH	lemma/126689	Tense#Pres|VerbForm#Inf|Voice#Act
005.SCG*LB3.CP-2++6.N.-8.4-5.7-2W14	licet	NO MATCH	lemma/110432	Tense#Pres|VerbForm#Inf|Voice#Act
005.SCG*LB4.CP--++8.N.-4.29-3.31-2W15	consequenter	NO MATCH	lemma/96035	Degree#Pos
005.SCG*LB1.CP-4++7.N.-8.2-1.3-7W12	scrutatur	NO MATCH	lemma/123886	Aspect#Imp|Mood#Ind|Number#Plur|Person#1|Tense#Pres|VerbForm#Fin|Voice#Pass
005.SCG*LB4.CP-7++0.N.10.11-4.12-7W8	fieri	NO MATCH	lemma/102758	Aspect#Imp|Tense#Pres|VerbForm#Inf|Voice#Pass
005.SCG*LB2.CP-9++0.N.-2.11-4.14-4W18	oportet	NO MATCH	lemma/115098	Aspect#Imp|Mood#Ind|Number#Sing|Person#3|Tense#Pres|VerbForm#Fin|Voice#Act
005.SCG*LB2.CP-1++6.N.10.9-4.11-8W10	oportet	NO MATCH	lemma/115098	Mood#Ind|Number#Sing|Person#3|Tense#Pres|VerbForm#Fin|Voice#Act
005.SCG*LB3.CP13++4.N.-2.11-5.17-2W27	puta	NO MATCH	lemma/120610	
005.SCG*LB4.CP-1++6.N.-7.7-7.11-7W15	fiat	NO MATCH	lemma/102758	Aspect#Imp|Mood#Sub|Number#Sing|Person#3|Tense#Pres|VerbForm#Fin|Voice#Pass
005.SCG*LB3.CP15++4.N.16.1-1.4-1W9	fiat	NO MATCH	lemma/102758	Mood#Sub|Number#Sing|Person#3|Tense#Pres|VerbForm#Fin|Voice#Pass
005.SCG*LB2.CP-6++8.N.-3.3-1.5-1W9	essendi	NO MATCH	lemma/126689	Case#Gen|Degree#Pos|Number#Sing|VerbForm#Ger|Voice#Act
005.SCG*LB1.CP-2++2.N.-2.11-4.14-5W6	oportet	NO MATCH	lemma/115098	Mood#Ind|Number#Sing|Person#3|Tense#Pres|VerbForm#Fin|Voice#Pass
005.SCG*LB3.CP-8++6.N.14.7-1.9-1W8	fieri	NO MATCH	lemma/102758	Tense#Pres|VerbForm#Inf|Voice#Pass
005.SCG*LB2.CP-3++0.N.14.30-1.34-5W17	oporteat	NO MATCH	lemma/115098	Case#Abl|Degree#Pos|Gender#Masc|Number#Sing|Tense#Pres|VerbForm#Part|Voice#Act
005.SCG*LB3.CP-9++9.N.-5.12-5.14-2W13	operari	NO MATCH	lemma/115028	Aspect#Perf|Case#Acc|Degree#Pos|Gender#Neut|Number#Sing|Tense#Past|VerbForm#Part|Voice#Pass
005.SCG*LB2.CP-3++4.N.-5.6-3.7-3W9	praeexistens	NO MATCH	lemma/131401	Mood#Ind|Number#Plur|Person#3|Tense#Pres|VerbForm#Fin|Voice#Pass
005.SCG*LB4.CP-4++1.N.12.17-5.21-6W29	operari	NO MATCH	lemma/115028	Mood#Ind|Number#Plur|Person#3|Tense#Pres|VerbForm#Fin|Voice#Act
005.SCG*LB4.CP-1++3.N.-7.12-8.16-3W16	loquendi	NO MATCH	lemma/110805	Aspect#Imp|Mood#Sub|Number#Plur|Person#3|Tense#Imp|VerbForm#Fin|Voice#Pass
005.SCG*LB3.CP13++5.N.22.30-5.37-5W1	puta	NO MATCH	lemma/120610	
005.SCG*LB2.CP-8++2.N.-2.7-1.9-8W12	operantur	NO MATCH	lemma/115028	Case#Abl|Degree#Pos|Number#Sing|VerbForm#Ger|Voice#Act
005.SCG*LB2.CP-6++2.N.-4.3-1.8-3W17	consequens	NO MATCH	lemma/96035	Case#Acc|Degree#Pos|Gender#Neut|Number#Sing|Tense#Pres|VerbForm#Part|Voice#Pass
005.SCG*LB4.CP-3++5.N.-9.5-4.10-1W8	fiat	NO MATCH	lemma/102758	Aspect#Imp|Mood#Sub|Number#Sing|Person#3|Tense#Pres|VerbForm#Fin|Voice#Pass
005.SCG*LB1.CP10++2.N.-8.1-2.4-2W11	complectitur	NO MATCH	lemma/95338	Mood#Ind|Number#Sing|Person#3|Tense#Pres|VerbForm#Fin|Voice#Act
005.SCG*LB3.CP-4++6.N.-6.2-3.7-4W24	praesens	NO MATCH	lemma/119265	Case#Acc|Degree#Pos|Gender#Fem|Number#Sing
005.SCG*LB4.CP-3++5.N.-9.5-4.10-1W21	loquimur	NO MATCH	lemma/110805	Mood#Ind|Number#Sing|Person#3|Tense#Pres|VerbForm#Fin|Voice#Act
005.SCG*LB3.CP-8++8.N.-3.1-2.3-4W9	pati	NO MATCH	lemma/116222	Mood#Ind|Number#Sing|Person#3|Tense#Pres|VerbForm#Fin|Voice#Pass
005.SCG*LB4.CP-1++1.N.-3.18-2.20-7W7	egrediens	NO MATCH	lemma/100715	Aspect#Imp|Case#Nom|Degree#Pos|Gender#Masc|Number#Sing|Tense#Pres|VerbForm#Part|Voice#Pass
005.SCG*LB2.CP-8++0.N.-5.9-7.11-3W10	fit	NO MATCH	lemma/102758	Mood#Ind|Number#Sing|Person#3|Tense#Pres|VerbForm#Fin|Voice#Pass
005.SCG*LB2.CP-1++6.N.14.9-3.12-4W21	praesupponere	NO MATCH	lemma/131408	Aspect#Imp|Mood#Sub|Number#Plur|Person#3|Tense#Pres|VerbForm#Fin|Voice#Pass
005.SCG*LB3.CP15++4.N.15.1-1.3-5W6	praenuntiant	NO MATCH	lemma/131405	Mood#Ind|Number#Sing|Person#3|Tense#Pres|VerbForm#Fin|Voice#Act
005.SCG*LB2.CP-4++3.N.-4.1-2.2-3W7	fit	NO MATCH	lemma/102758	Mood#Ind|Number#Sing|Person#3|Tense#Pres|VerbForm#Fin|Voice#Pass
005.SCG*LB3.CP10++9.N.-4.10-6.13-2W16	oportet	NO MATCH	lemma/115098	Mood#Ind|Number#Sing|Person#3|Tense#Pres|VerbForm#Fin|Voice#Act
005.SCG*LB2.CP-3++7.N.-2.42-1.44-7W17	fieri	NO MATCH	lemma/102758	Tense#Pres|VerbForm#Inf|Voice#Pass
005.SCG*LB2.CP-2++4.N.-4.12-2.14-1W11	fiat	NO MATCH	lemma/102758	Mood#Sub|Number#Sing|Person#3|Tense#Pres|VerbForm#Fin|Voice#Pass
005.SCG*LB1.CP-1++7.N.-7.10-5.11-7W1	oportet	NO MATCH	lemma/115098	Aspect#Imp|Mood#Sub|Number#Plur|Person#3|Tense#Imp|VerbForm#Fin|Voice#Act
005.SCG*LB2.CP-4++1.N.14.6-1.12-4W19	opinatus	NO MATCH	lemma/115070	Aspect#Imp|Mood#Sub|Number#Plur|Person#3|Tense#Imp|VerbForm#Fin|Voice#Act
005.SCG*LB3.CP--++5.N.-3.3-1.9-2W40	operantes	NO MATCH	lemma/115028	Mood#Sub|Number#Sing|Person#3|Tense#Pres|VerbForm#Fin|Voice#Act
005.SCG*LB4.CP-8++3.N.-6.7-1.10-2W4	oportebit	NO MATCH	lemma/115098	Mood#Ind|Number#Sing|Person#3|Tense#Pres|VerbForm#Fin|Voice#Act
005.SCG*LB4.CP-5++3.N.-8.5-1.10-2W34	fieri	NO MATCH	lemma/102758	Aspect#Imp|Tense#Pres|VerbForm#Inf|Voice#Pass
005.SCG*LB3.CP-1++2.N.-3.4-6.6-3W9	oportet	NO MATCH	lemma/115098	Mood#Ind|Number#Sing|Person#3|Tense#Pres|VerbForm#Fin|VerbType#Mod|Voice#Act
005.SCG*LB3.CP-2++9.N.-6.1-2.2-5W3	oportet	NO MATCH	lemma/115098	Mood#Ind|Number#Sing|Person#3|Tense#Pres|VerbForm#Fin|Voice#Act
005.SCG*LB2.CP-8++9.N.-4.13-6.15-2W4	sequentes	NO MATCH	lemma/124461	Case#Nom|Degree#Pos|Gender#Fem|Number#Plur|Tense#Pres|VerbForm#Part|Voice#Pass
005.SCG*LB1.CP-5++0.N.-9.8-3.10-2W12	imitantur	NO MATCH	lemma/106364	Tense#Pres|VerbForm#Inf|Voice#Act
005.SCG*LB4.CP--++7.N.20.6-1.10-5W18	fit	NO MATCH	lemma/102758	Aspect#Imp|Mood#Ind|Number#Sing|Person#3|Tense#Pres|VerbForm#Fin|Voice#Pass
005.SCG*LB3.CP13++4.N.-6.7-5.9-4W8	iudicanda	NO MATCH	lemma/109171	Case#Nom|Degree#Pos|Gender#Fem|Number#Plur|VerbForm#Gdv|Voice#Pass
005.SCG*LB3.CP-4++3.N.-3.9-1.14-2W28	oportet	NO MATCH	lemma/115098	Mood#Ind|Number#Sing|Person#3|Tense#Pres|VerbForm#Fin|Voice#Act
005.SCG*LB4.CP-1++2.N.-2.16-2.17-4W7	sapienter	NO MATCH	lemma/78320	Degree#Pos
005.SCG*LB1.CP-2++0.N.22.3-3.9-6W33	essendi	NO MATCH	lemma/126689	Case#Gen|Degree#Pos|Number#Sing|VerbForm#Ger|Voice#Act
005.SCG*LB2.CP--++6.N.-3.6-6.10-4W21	oportet	NO MATCH	lemma/115098	Aspect#Imp|Mood#Ind|Number#Sing|Person#3|Tense#Pres|VerbForm#Fin|Voice#Act
005.SCG*LB2.CP-8++9.N.15.20-1.26-1W41	fit	NO MATCH	lemma/102758	Mood#Ind|Number#Sing|Person#3|Tense#Pres|VerbForm#Fin|Voice#Pass
005.SCG*LB2.CP-4++3.N.-6.10-2.13-2W6	fieri	NO MATCH	lemma/102758	Tense#Pres|VerbForm#Inf|Voice#Pass
005.SCG*LB2.CP-7++1.N.-1.1-1.7-6W13	oportet	NO MATCH	lemma/115098	Mood#Sub|Number#Sing|Person#3|Tense#Pres|VerbForm#Fin|Voice#Pass
005.SCG*LB4.CP-8++0.N.-8.1-2.6-2W20	liberandi	NO MATCH	lemma/110392	Aspect#Perf|Case#Nom|Degree#Pos|Number#Plur|VerbForm#Ger|Voice#Act
005.SCG*LB3.CP-7++8.N.-2.11-3.16-4W21	fit	NO MATCH	lemma/102758	Mood#Ind|Number#Sing|Person#3|Tense#Pres|VerbForm#Fin|Voice#Pass
005.SCG*LB1.CP-9++3.N.12.27-2.30-5W6	particulata	NO MATCH	lemma/69686	Mood#Ind|Number#Sing|Person#3|Tense#Pres|VerbForm#Fin|Voice#Pass
005.SCG*LB3.CP-9++7.N.-2.15-1.18-6W12	sufficienter	NO MATCH	lemma/126601	Degree#Pos
005.SCG*LB3.CP10++4.N.-5.15-5.22-2W1	oportet	NO MATCH	lemma/115098	Mood#Sub|Number#Sing|Person#3|Tense#Pres|VerbForm#Fin|Voice#Act
005.SCG*LB3.CP-8++5.N.-6.1-2.2-4W4	fiunt	NO MATCH	lemma/102758	Mood#Ind|Number#Plur|Person#3|Tense#Pres|VerbForm#Fin|Voice#Pass
005.SCG*LB4.CP-1++7.N.19.4-3.7-2W18	pronuntians	NO MATCH	lemma/73709	Mood#Ind|Number#Sing|Person#3|Tense#Pres|VerbForm#Fin|Voice#Act
005.SCG*LB3.CP-8++6.N.-6.9-2.11-5W11	licet	NO MATCH	lemma/110432	Aspect#Perf|Case#Nom|Degree#Pos|Gender#Fem|Number#Plur|Tense#Past|VerbForm#Part|Voice#Pass
005.SCG*LB4.CP-5++9.N.-1.4-1.7-7W11	fit	NO MATCH	lemma/102758	Aspect#Imp|Mood#Ind|Number#Sing|Person#3|Tense#Pres|VerbForm#Fin|Voice#Pass
005.SCG*LB2.CP-2++1.N.-9.1-2.4-1W10	oportet	NO MATCH	lemma/115098	Mood#Ind|Number#Sing|Person#3|Tense#Pres|VerbForm#Fin|Voice#Act
005.SCG*LB3.CP14++6.N.-1.1-1.7-3W8	parvipendunt	NO MATCH	lemma/131384	Mood#Ind|Number#Plur|Person#3|Tense#Pres|VerbForm#Fin|Voice#Pass
005.SCG*LB3.CP13++2.N.17.1-1.8-1W12	sectantes	NO MATCH	lemma/123964	Mood#Ind|Number#Plur|Person#3|Tense#Pres|VerbForm#Fin|Voice#Act
005.SCG*LB3.CP15++0.N.-7.4-1.9-4W36	operentur	NO MATCH	lemma/115028	Aspect#Perf|Mood#Ind|Number#Sing|Person#3|Tense#Past|VerbForm#Fin|VerbType#Mod|Voice#Act
005.SCG*LB4.CP-2++1.N.-5.21-1.22-6W3	operatur	NO MATCH	lemma/115028	Tense#Pres|VerbForm#Inf|Voice#Act
005.SCG*LB2.CP--++6.N.-2.5-6.6-4W4	essendi	NO MATCH	lemma/126689	Case#Gen|Degree#Pos|Number#Sing|VerbForm#Ger|Voice#Act
005.SCG*LB2.CP-3++7.N.-5.5-3.7-1W13	fieri	NO MATCH	lemma/102758	Tense#Pres|VerbForm#Inf|Voice#Pass
005.SCG*LB3.CP13++5.N.22.14-3.16-3W7	fieri	NO MATCH	lemma/102758	Tense#Pres|VerbForm#Inf|Voice#Pass
005.SCG*LB1.CP-2++2.N.-5.2-3.3-5W12	necesse-esse	NO MATCH	lemma/126689	Tense#Pres|VerbForm#Inf|Voice#Act
005.SCG*LB2.CP-8++0.N.-6.22-5.26-3W12	fiant	NO MATCH	lemma/102758	Mood#Sub|Number#Plur|Person#3|Tense#Pres|VerbForm#Fin|Voice#Pass
005.SCG*LB4.CP--++8.N.12.1-1.6-3W35	oportet	NO MATCH	lemma/115098	Tense#Pres|VerbForm#Inf|Voice#Act
005.SCG*LB2.CP-3++8.N.-2.2-4.4-3W11	fiunt	NO MATCH	lemma/102758	Mood#Ind|Number#Plur|Person#3|Tense#Pres|VerbForm#Fin|Voice#Pass
005.SCG*LB3.CP-7++6.N.-6.13-1.16-1W15	operatur	NO MATCH	lemma/115028	Aspect#Perf|Case#Acc|Degree#Pos|Gender#Fem|Number#Sing|Tense#Past|VerbForm#Part|Voice#Pass
005.SCG*LB3.CP-9++0.N.-7.16-4.17-9W11	fieret	NO MATCH	lemma/102758	Aspect#Imp|Mood#Sub|Number#Sing|Person#3|Tense#Imp|VerbForm#Fin|Voice#Pass
005.SCG*LB1.CP-9++6.N.-7.25-4.26-4W5	abominatur	NO MATCH	lemma/86957	Mood#Sub|Number#Sing|Person#3|Tense#Pres|VerbForm#Fin|Voice#Act
005.SCG*LB4.CP-6++3.N.-1.1-1.8-3W7	secretius	NO MATCH	lemma/123947	Degree#Cmp
005.SCG*LB3.CP14++8.N.-3.1-2.6-2W16	operatur	NO MATCH	lemma/115028	Mood#Sub|Number#Sing|Person#3|Tense#Pres|VerbForm#Fin|Voice#Act
005.SCG*LB3.CP-8++0.N.11.20-4.22-6W14	fiunt	NO MATCH	lemma/102758	Mood#Ind|Number#Plur|Person#3|Tense#Pres|VerbForm#Fin|Voice#Pass
005.SCG*LB1.CP-3++3.N.-5.5-6.7-2W6	loquentibus	NO MATCH	lemma/110805	Aspect#Imp|Mood#Ind|Number#Sing|Person#3|Tense#Pres|VerbForm#Fin|VerbType#Mod|Voice#Act
005.SCG*LB2.CP-2++0.N.-6.8-4.10-5W8	praeexistens	NO MATCH	lemma/131401	Tense#Pres|VerbForm#Inf|Voice#Act
005.SCG*LB2.CP-5++7.N.-6.21-3.23-2W8	fieri	NO MATCH	lemma/102758	Tense#Pres|VerbForm#Inf|Voice#Pass
005.SCG*LB4.CP-5++5.N.-6.20-4.24-5W18	congruentius	NO MATCH	lemma/95913	Aspect#Imp|Case#Nom|Degree#Cmp|Gender#Neut|Number#Sing|Tense#Pres|VerbForm#Part|Voice#Act
005.SCG*LB3.CP-8++2.N.-6.9-5.12-4W6	praeexistente	NO MATCH	lemma/131401	Tense#Pres|VerbForm#Inf|Voice#Act
005.SCG*LB3.CP-9++5.N.20.6-3.10-1W16	oportet	NO MATCH	lemma/115098	Tense#Pres|VerbForm#Inf|Voice#Act
005.SCG*LB2.CP-5++2.N.-2.24-1.26-3W1	oportet	NO MATCH	lemma/115098	Aspect#Imp|Mood#Ind|Number#Sing|Person#3|Tense#Pres|VerbForm#Fin|Voice#Act
005.SCG*LB4.CP-2++2.N.-5.8-1.10-7W16	passo	NO MATCH	lemma/116222	Aspect#Imp|Mood#Ind|Number#Plur|Person#1|Tense#Fut|VerbForm#Fin|Voice#Act
005.SCG*LB1.CP10++1.N.-4.6-1.10-4W16	oportet	NO MATCH	lemma/115098	Aspect#Imp|Mood#Sub|Number#Sing|Person#3|Tense#Imp|VerbForm#Fin|Voice#Pass
005.SCG*LB3.CP13++6.N.10.8-3.12-1W20	oportet	NO MATCH	lemma/115098	Mood#Ind|Number#Sing|Person#3|Tense#Pres|VerbForm#Fin|Voice#Act
005.SCG*LB3.CP-8++1.N.-1.10-3.12-3W2	oportuit	NO MATCH	lemma/115098	Mood#Ind|Number#Plur|Person#3|Tense#Pres|VerbForm#Fin|Voice#Act
005.SCG*LB1.CP-7++6.N.-2.1-1.5-4W29	fit	NO MATCH	lemma/102758	Mood#Ind|Number#Sing|Person#3|Tense#Pres|VerbForm#Fin|Voice#Pass
005.SCG*LB4.CP-7++4.N.-2.31-5.33-1W1	oportet	NO MATCH	lemma/115098	Mood#Ind|Number#Sing|Person#3|Tense#Pres|VerbForm#Fin|Voice#Pass
005.SCG*LB3.CP-8++0.N.10.5-2.6-1W3	fit	NO MATCH	lemma/102758	Mood#Ind|Number#Sing|Person#3|Tense#Pres|VerbForm#Fin|Voice#Pass
005.SCG*LB2.CP-1++6.N.-2.11-5.15-2W26	essendi	NO MATCH	lemma/126689	Case#Gen|Degree#Pos|Number#Sing|VerbForm#Ger|Voice#Act
005.SCG*LB2.CP-5++0.N.-3.12-1.13-3W4	oportet	NO MATCH	lemma/115098	Aspect#Imp|Mood#Ind|Number#Plur|Person#3|Tense#Pres|VerbForm#Fin|Voice#Act
005.SCG*LB2.CP-4++6.N.-5.25-3.28-5W1	oportet	NO MATCH	lemma/115098	Mood#Ind|Number#Sing|Person#3|Tense#Pres|VerbForm#Fin|Voice#Act
005.SCG*LB3.CP-8++9.N.-8.3-4.6-5W12	oportet	NO MATCH	lemma/115098	Aspect#Perf|Case#Nom|Degree#Pos|Gender#Fem|Number#Sing|Tense#Past|VerbForm#Part|Voice#Pass
005.SCG*LB4.CP-7++2.N.14.16-1.18-2W3	subiiciendo	NO MATCH	lemma/126114	Aspect#Perf|Case#Abl|Degree#Pos|Number#Sing|VerbForm#Ger|Voice#Act
005.SCG*LB4.CP-6++0.N.-3.1-1.3-6W1	convenienter	NO MATCH	lemma/96424	Degree#Pos
005.SCG*LB3.CP11++9.N.-7.1-1.3-8W20	evagetur	NO MATCH	lemma/101569	Mood#Ind|Number#Sing|Person#3|Tense#Pres|VerbForm#Fin|Voice#Act
005.SCG*LB2.CP-2++8.N.15.19-2.21-7W7	oportuit	NO MATCH	lemma/115098	Aspect#Imp|Mood#Ind|Number#Sing|Person#3|Tense#Pres|VerbForm#Fin|Voice#Pass
005.SCG*LB4.CP-9++7.N.-3.28-1.31-2W15	consequens	NO MATCH	lemma/96035	Aspect#Imp|Case#Nom|Degree#Pos|Gender#Neut|Number#Sing|Tense#Pres|VerbForm#Part|Voice#Pass
005.SCG*LB3.CP-5++6.N.-5.13-1.22-4W47	oportet	NO MATCH	lemma/115098	Mood#Sub|Number#Sing|Person#3|Tense#Pres|VerbForm#Fin|Voice#Act
005.SCG*LB1.CP-2++3.N.-3.3-7.5-6W9	oportet	NO MATCH	lemma/115098	Case#Dat|Degree#Pos|Gender#Neut|Number#Sing|Tense#Pres|VerbForm#Part|Voice#Act
005.SCG*LB2.CP-8++7.N.-3.17-3.19-8W14	fieri	NO MATCH	lemma/102758	Tense#Pres|VerbForm#Inf|Voice#Pass
005.SCG*LB1.CP-7++9.N.-7.1-1.6-4W11	oportet	NO MATCH	lemma/115098	Aspect#Perf|Mood#Ind|Number#Sing|Person#3|Tense#Past|VerbForm#Fin|Voice#Act
005.SCG*LB1.CP-4++8.N.-2.3-2.4-3W8	proportionatur	NO MATCH	lemma/131413	Mood#Ind|Number#Sing|Person#3|Tense#Pres|VerbForm#Fin|Voice#Act
005.SCG*LB3.CP10++4.N.-3.5-1.6-5W7	fiant	NO MATCH	lemma/102758	Mood#Sub|Number#Plur|Person#3|Tense#Pres|VerbForm#Fin|Voice#Pass
005.SCG*LB3.CP-6++5.N.-4.4-3.6-2W9	consequens	NO MATCH	lemma/96035	Case#Acc|Degree#Pos|Gender#Neut|Number#Sing|Tense#Pres|VerbForm#Part|Voice#Pass
005.SCG*LB4.CP-5++6.N.-2.27-1.31-5W20	fieri	NO MATCH	lemma/102758	Aspect#Imp|Tense#Pres|VerbForm#Inf|Voice#Pass
005.SCG*LB4.CP-5++0.N.-3.7-6.10-6W20	morieris	NO MATCH	lemma/112796	Mood#Ind|Number#Sing|Person#3|Tense#Pres|VerbForm#Fin|Voice#Act
005.SCG*LB2.CP-4++7.N.-5.1-2.2-4W2	oportet	NO MATCH	lemma/115098	Mood#Ind|Number#Sing|Person#3|Tense#Pres|VerbForm#Fin|Voice#Act
005.SCG*LB3.CP-6++4.N.-7.5-5.7-3W1	oportet	NO MATCH	lemma/115098	Mood#Ind|Number#Sing|Person#3|Tense#Pres|VerbForm#Fin|Voice#Act
005.SCG*LB3.CP-4++9.N.12.4-4.8-4W18	licet	NO MATCH	lemma/110432	Mood#Sub|Number#Sing|Person#3|Tense#Pres|VerbForm#Fin|VerbType#Mod|Voice#Act
005.SCG*LB3.CP14++6.N.-8.9-4.10-7W8	irascitur	NO MATCH	lemma/108954	Mood#Ind|Number#Sing|Person#3|Tense#Pres|VerbForm#Fin|Voice#Act
005.SCG*LB4.CP--++1.N.14.10-4.13-4W8	occulte	NO MATCH	lemma/114609	Degree#Pos
005.SCG*LB4.CP-2++3.N.-7.10-4.14-3W23	volitum	NO MATCH	lemma/130745	Aspect#Perf|Case#Acc|Degree#Pos|Gender#Neut|Number#Sing|Tense#Past|VerbForm#Part|VerbType#Mod|Voice#Pass
005.SCG*LB2.CP-5++5.N.-2.5-5.6-5W5	oportet	NO MATCH	lemma/115098	Aspect#Perf|Mood#Ind|Number#Sing|Person#3|Tense#Past|VerbForm#Fin|Voice#Act
005.SCG*LB4.CP-5++0.N.10.19-3.21-7W13	oportet	NO MATCH	lemma/115098	Aspect#Perf|Mood#Ind|Number#Sing|Person#3|Tense#Past|VerbForm#Fin|Voice#Act
005.SCG*LB1.CP-1++1.N.-1.20-2.23-1W3	fit	NO MATCH	lemma/102758	Mood#Ind|Number#Sing|Person#3|Tense#Pres|VerbForm#Fin|Voice#Pass
005.SCG*LB3.CP-6++6.N.-4.11-2.12-4W11	patientis	NO MATCH	lemma/116222	Aspect#Perf|Case#Abl|Degree#Pos|Gender#Neut|Number#Sing|Tense#Past|VerbForm#Part|Voice#Pass
005.SCG*LB4.CP-3++4.N.-4.1-2.3-1W4	loquendi	NO MATCH	lemma/110805	Aspect#Perf|Case#Abl|Degree#Pos|Gender#Neut|Number#Sing|Tense#Past|VerbForm#Part|Voice#Pass
005.SCG*LB3.CP-6++8.N.-4.8-2.11-6W16	oportet	NO MATCH	lemma/115098	Mood#Ind|Number#Sing|Person#3|Tense#Pres|VerbForm#Fin|Voice#Act
005.SCG*LB3.CP-9++5.N.20.33-1.38-5W20	arbitrarentur	NO MATCH	lemma/89778	Aspect#Perf|Case#Abl|Degree#Pos|Gender#Fem|Number#Sing|Tense#Past|VerbForm#Part|Voice#Pass
005.SCG*LB4.CP--++9.N.-2.5-3.9-1W16	incoeperat	NO MATCH	lemma/106965	Aspect#Perf|Mood#Ind|Number#Sing|Person#3|Tense#Pqp|VerbForm#Fin|Voice#Act
005.SCG*LB3.CP13++8.N.-9.1-1.2-7W12	fit	NO MATCH	lemma/102758	Mood#Ind|Number#Sing|Person#3|Tense#Pres|VerbForm#Fin|Voice#Pass
005.SCG*LB4.CP-8++3.N.10.7-1.8-3W3	oportet	NO MATCH	lemma/115098	Mood#Ind|Number#Sing|Person#3|Tense#Pres|VerbForm#Fin|Voice#Pass
005.SCG*LB4.CP-7++9.N.12.13-3.14-2W8	sublimatique	NO MATCH	lemma/126190	Aspect#Perf|Case#Nom|Degree#Pos|Gender#Masc|Number#Plur|Tense#Past|VerbForm#Part|Voice#Pass
005.SCG*LB3.CP--++2.N.-4.8-1.10-4W9	fieri	NO MATCH	lemma/102758	Tense#Pres|VerbForm#Inf|Voice#Pass
005.SCG*LB4.CP--++2.N.-5.14-7.19-6W2	licet	NO MATCH	lemma/110432	Mood#Ind|Number#Sing|Person#3|Tense#Fut|VerbForm#Fin|Voice#Act
005.SCG*LB2.CP-2++1.N.-6.9-3.9-5W3	praesupponit	NO MATCH	lemma/131408	Mood#Ind|Number#Sing|Person#3|Tense#Pres|VerbForm#Fin|Voice#Act
005.SCG*LB3.CP15++1.N.-4.1-2.6-1W7	obiectum	NO MATCH	lemma/114227	Case#Nom|Degree#Pos|Gender#Neut|Number#Sing
005.SCG*LB2.CP-7++8.N.-8.9-2.13-2W18	pati	NO MATCH	lemma/116222	Case#Nom|Degree#Pos|Gender#Neut|Number#Sing
005.SCG*LB4.CP-3++4.N.25.13-1.16-1W23	sanctificato	NO MATCH	lemma/123318	Aspect#Perf|Case#Abl|Degree#Pos|Gender#Masc|Number#Sing|Tense#Past|VerbForm#Part|Voice#Pass
005.SCG*LB2.CP-4++3.N.-9.5-4.9-1W16	fiunt	NO MATCH	lemma/102758	Mood#Ind|Number#Plur|Person#3|Tense#Pres|VerbForm#Fin|Voice#Pass
005.SCG*LB1.CP-4++2.N.17.7-1.8-3W10	oportet	NO MATCH	lemma/115098	Aspect#Perf|Case#Nom|Degree#Pos|Gender#Masc|Number#Sing|Tense#Past|VerbForm#Part|Voice#Pass
005.SCG*LB3.CP-8++4.N.-3.6-3.8-4W1	oportet	NO MATCH	lemma/115098	Aspect#Perf|Case#Nom|Degree#Pos|Gender#Masc|Number#Sing|Tense#Past|VerbForm#Part|Voice#Pass
005.SCG*LB1.CP--++3.N.-6.1-1.3-1W12	experimur	NO MATCH	lemma/102164	Case#Nom|Degree#Pos|Gender#Masc|Number#Sing|Tense#Pres|VerbForm#Part|Voice#Act
005.SCG*LB4.CP-3++5.N.-8.23-1.24-3W5	fieri	NO MATCH	lemma/102758	Aspect#Imp|Tense#Pres|VerbForm#Inf|Voice#Pass
005.SCG*LB3.CP15++5.N.-6.6-6.9-1W1	oportet	NO MATCH	lemma/115098	Mood#Ind|Number#Sing|Person#3|Tense#Pres|VerbForm#Fin|Voice#Act
005.SCG*LB2.CP-8++3.N.-2.2-7.6-4W22	essendi	NO MATCH	lemma/126689	Case#Gen|Degree#Pos|Number#Sing|VerbForm#Ger|Voice#Act
005.SCG*LB3.CP-5++0.N.-7.7-1.8-2W1	intensius	NO MATCH	lemma/108382	Degree#Cmp
005.SCG*LB3.CP13++4.N.-4.1-1.4-2W1	oportet	NO MATCH	lemma/115098	Mood#Sub|Number#Sing|Person#3|Tense#Pres|VerbForm#Fin|Voice#Act
005.SCG*LB1.CP-5++6.N.-6.1-2.4-2W18	superadditas	NO MATCH	lemma/131438	Aspect#Perf|Mood#Ind|Number#Sing|Person#2|Tense#Past|VerbForm#Fin|Voice#Act
005.SCG*LB2.CP-4++7.N.-3.8-5.11-6W12	operandum	NO MATCH	lemma/115028	Aspect#Perf|Mood#Ind|Number#Sing|Person#1|Tense#Past|VerbForm#Fin|Voice#Act
005.SCG*LB2.CP-3++0.N.12.5-6.10-4W10	complexionatum	NO MATCH	lemma/131287	Aspect#Imp|Mood#Sub|Number#Sing|Person#3|Tense#Imp|VerbForm#Fin|VerbType#Mod|Voice#Act
005.SCG*LB4.CP-4++9.N.-4.9-2.11-5W9	licet	NO MATCH	lemma/110432	Tense#Pres|VerbForm#Inf|Voice#Act
005.SCG*LB2.CP-7++5.N.10.1-1.5-1W4	oportet	NO MATCH	lemma/115098	Mood#Ind|Number#Sing|Person#3|Tense#Pres|VerbForm#Fin|Voice#Act
005.SCG*LB3.CP-9++4.N.-3.5-6.6-2W2	consequens	NO MATCH	lemma/96035	Case#Nom|Degree#Pos|Gender#Neut|Number#Sing|Tense#Pres|VerbForm#Part|Voice#Pass
005.SCG*LB4.CP-4++3.N.-2.6-5.8-7W15	praeextitisset	NO MATCH	lemma/131401	Aspect#Perf|Case#Gen|Degree#Pos|Gender#Fem|Number#Sing|Tense#Past|VerbForm#Part|Voice#Pass
005.SCG*LB3.CP-5++0.N.-3.3-1.4-3W4	incoeperunt	NO MATCH	lemma/106965	Aspect#Perf|Mood#Ind|Number#Plur|Person#3|Tense#Past|VerbForm#Fin|Voice#Act
005.SCG*LB2.CP-4++3.N.-4.2-4.2-9W3	fieri	NO MATCH	lemma/102758	Tense#Pres|VerbForm#Inf|Voice#Pass
005.SCG*LB4.CP-2++4.N.-8.8-7.10-7W6	licet	NO MATCH	lemma/110432	Case#Nom|Degree#Pos|Gender#Masc|Number#Sing|Tense#Pres|VerbForm#Part|Voice#Act
005.SCG*LB4.CP-1++1.N.-3.24-1.26-2W4	diligenter	NO MATCH	lemma/99463	Degree#Pos
005.SCG*LB3.CP-2++6.N.19.28-4.30-5W1	licet	NO MATCH	lemma/110432	Aspect#Perf|Case#Acc|Degree#Pos|Gender#Fem|Number#Plur|Tense#Past|VerbForm#Part|Voice#Pass
005.SCG*LB1.CP-8++5.N.-5.13-3.14-5W8	volitis	NO MATCH	lemma/130745	Aspect#Perf|Case#Abl|Degree#Pos|Gender#Fem|Number#Plur|Tense#Past|VerbForm#Part|VerbType#Mod|Voice#Pass
005.SCG*LB1.CP-2++7.N.-3.1-2.2-5W9	essendi	NO MATCH	lemma/126689	Case#Gen|Degree#Pos|Number#Sing|VerbForm#Ger|Voice#Act
005.SCG*LB3.CP10++2.N.-6.1-2.5-2W7	operetur	NO MATCH	lemma/115028	Aspect#Imp|Mood#Sub|Number#Sing|Person#3|Tense#Imp|VerbForm#Fin|Voice#Act
005.SCG*LB3.CP13++9.N.17.10-5.12-2W3	mortuum	NO MATCH	lemma/112796	Aspect#Imp|Case#Nom|Degree#Pos|Gender#Masc|Number#Sing|Tense#Pres|VerbForm#Part|Voice#Act
005.SCG*LB3.CP14++3.N.-2.16-7.21-1W27	patiatur	NO MATCH	lemma/116222	Aspect#Perf|Case#Nom|Degree#Pos|Gender#Masc|Number#Sing|Tense#Past|VerbForm#Part|Voice#Pass
005.SCG*LB4.CP-7++2.N.11.9-1.17-6W56	fieri	NO MATCH	lemma/102758	Aspect#Imp|Tense#Pres|VerbForm#Inf|Voice#Pass
005.SCG*LB1.CP-7++7.N.-5.1-2.7-5W10	fit	NO MATCH	lemma/102758	Mood#Ind|Number#Sing|Person#3|Tense#Pres|VerbForm#Fin|Voice#Pass
005.SCG*LB3.CP-5++3.N.-2.6-6.8-5W13	proportionata	NO MATCH	lemma/131413	Mood#Ind|Number#Sing|Person#3|Tense#Pres|VerbForm#Fin|Voice#Act
005.SCG*LB3.CP-2++5.N.-2.5-2.9-6W18	fit	NO MATCH	lemma/102758	Mood#Ind|Number#Sing|Person#3|Tense#Pres|VerbForm#Fin|Voice#Pass
005.SCG*LB3.CP--++5.N.13.6-3.11-6W20	proiicit	NO MATCH	lemma/119771	Mood#Ind|Number#Sing|Person#3|Tense#Pres|VerbForm#Fin|Voice#Act
005.SCG*LB4.CP-2++9.N.-3.8-5.11-3W8	loquendi	NO MATCH	lemma/110805	Aspect#Perf|Case#Nom|Degree#Pos|Gender#Fem|Number#Sing|Tense#Past|VerbForm#Part|Voice#Pass
005.SCG*LB3.CP15++4.N.15.17-6.19-3W9	praenuntiando	NO MATCH	lemma/131405	Aspect#Perf|Mood#Ind|Number#Sing|Person#3|Tense#Past|VerbForm#Fin|Voice#Act
005.SCG*LB4.CP-2++3.N.13.4-5.9-4W36	oportet	NO MATCH	lemma/115098	Tense#Pres|VerbForm#Inf|Voice#Act
005.SCG*LB4.CP-8++5.N.-5.1-1.6-2W31	fiet	NO MATCH	lemma/102758	Aspect#Imp|Mood#Ind|Number#Sing|Person#3|Tense#Fut|VerbForm#Fin|Voice#Pass
005.SCG*LB3.CP-4++3.N.10.19-3.22-1W8	oportebit	NO MATCH	lemma/115098	Mood#Ind|Number#Sing|Person#3|Tense#Pres|VerbForm#Fin|Voice#Act
005.SCG*LB2.CP-7++8.N.-5.5-1.7-3W8	separatim	NO MATCH	lemma/124369	Degree#Pos
005.SCG*LB4.CP-8++2.N.-8.13-1.15-3W18	moriantur	NO MATCH	lemma/112796	Mood#Ind|Number#Sing|Person#3|Tense#Pres|VerbForm#Fin|Voice#Pass
005.SCG*LB3.CP10++5.N.-5.1-1.8-4W12	operatur	NO MATCH	lemma/115028	Tense#Pres|VerbForm#Inf|Voice#Act
005.SCG*LB1.CP-4++4.N.-7.13-1.15-7W13	necesse-esse	NO MATCH	lemma/126689	Tense#Pres|VerbForm#Inf|Voice#Act
005.SCG*LB4.CP-5++5.N.19.13-1.17-1W30	arbitratur	NO MATCH	lemma/89778	Mood#Ind|Number#Sing|Person#3|Tense#Pres|VerbForm#Fin|Voice#Act
005.SCG*LB1.CP-7++3.N.-4.1-2.4-1W9	oportet	NO MATCH	lemma/115098	Tense#Pres|VerbForm#Inf|Voice#Act
005.SCG*LB1.CP-1++3.N.13.3-3.4-1W4	oportet	NO MATCH	lemma/115098	Mood#Ind|Number#Sing|Person#3|Tense#Pres|VerbForm#Fin|VerbType#Mod|Voice#Act
005.SCG*LB2.CP-2++1.N.-5.9-4.12-2W3	oportet	NO MATCH	lemma/115098	Mood#Ind|Number#Sing|Person#3|Tense#Pres|VerbForm#Fin|VerbType#Mod|Voice#Act
005.SCG*LB2.CP-5++0.N.-3.10-2.11-6W8	fiunt	NO MATCH	lemma/102758	Mood#Ind|Number#Plur|Person#3|Tense#Pres|VerbForm#Fin|Voice#Pass
005.SCG*LB3.CP15++4.N.14.25-2.33-2W23	praenuntiare	NO MATCH	lemma/131405	Tense#Pres|VerbForm#Inf|Voice#Act
005.SCG*LB3.CP15++4.N.11.15-1.19-2W5	praeexistentes	NO MATCH	lemma/131401	Case#Abl|Degree#Pos|Number#Sing|VerbForm#Ger|Voice#Act
005.SCG*LB3.CP--++5.N.-9.5-2.8-5W11	licet	NO MATCH	lemma/110432	Mood#Ind|Number#Sing|Person#3|Tense#Fut|VerbForm#Fin|Voice#Act
005.SCG*LB1.CP-5++0.N.-1.1-1.8-3W27	essendi	NO MATCH	lemma/126689	Case#Gen|Degree#Pos|Number#Sing|VerbForm#Ger|Voice#Act
005.SCG*LB3.CP-8++2.N.-7.17-8.19-3W1	oportet	NO MATCH	lemma/115098	Mood#Ind|Number#Sing|Person#3|Tense#Pres|VerbForm#Fin|Voice#Act
005.SCG*LB4.CP-3++6.N.-5.1-2.3-3W9	oportet	NO MATCH	lemma/115098	Mood#Ind|Number#Sing|Person#3|Tense#Pres|VerbForm#Fin|Voice#Act
005.SCG*LB4.CP--++5.N.-1.13-5.17-3W28	loquuntur	NO MATCH	lemma/110805	Tense#Pres|VerbForm#Inf|Voice#Act
005.SCG*LB4.CP-6++9.N.-4.9-1.13-6W5	licitum	NO MATCH	lemma/110432	Aspect#Imp|Tense#Pres|VerbForm#Inf|Voice#Pass
005.SCG*LB2.CP-8++0.N.16.18-1.21-5W7	utens	NO MATCH	lemma/130923	Case#Nom|Degree#Pos|Gender#Fem|Number#Sing|Tense#Pres|VerbForm#Part|Voice#Pass
005.SCG*LB3.CP10++9.N.-8.5-5.9-7W12	consequens	NO MATCH	lemma/96035	Case#Nom|Degree#Pos|Gender#Neut|Number#Sing|Tense#Pres|VerbForm#Part|Voice#Pass
005.SCG*LB3.CP-2++2.N.-6.9-1.10-1W6	divisim	NO MATCH	lemma/99932	Aspect#Perf|Case#Loc|Degree#Pos|Number#Sing|Tense#Past|VerbForm#Part|Voice#Pass
005.SCG*LB2.CP-6++8.N.-5.1-1.3-7W3	convenienter	NO MATCH	lemma/96424	Degree#Pos
005.SCG*LB3.CP10++5.N.-5.11-2.13-2W7	sortiri	NO MATCH	lemma/125211	Case#Acc|Degree#Pos|Gender#Masc|Number#Sing|Tense#Pres|VerbForm#Part|Voice#Act
005.SCG*LB4.CP--++2.N.-2.22-2.24-6W7	loquens	NO MATCH	lemma/110805	Mood#Ind|Number#Sing|Person#3|Tense#Pres|VerbForm#Fin|Voice#Act
005.SCG*LB2.CP-3++5.N.-6.27-1.32-6W30	oportet	NO MATCH	lemma/115098	Aspect#Perf|Case#Gen|Degree#Pos|Gender#Fem|Number#Plur|Tense#Past|VerbForm#Part|Voice#Pass
005.SCG*LB4.CP-1++7.N.10.8-3.9-5W4	locutus	NO MATCH	lemma/110805	Mood#Ind|Number#Sing|Person#3|Tense#Pres|VerbForm#Fin|Voice#Act
005.SCG*LB2.CP-5++6.N.13.9-3.11-2W6	fit	NO MATCH	lemma/102758	Mood#Ind|Number#Sing|Person#3|Tense#Pres|VerbForm#Fin|Voice#Pass
005.SCG*LB1.CP-2++1.N.-4.9-2.11-5W12	individuantur	NO MATCH	lemma/59198	Mood#Sub|Number#Plur|Person#3|Tense#Pres|VerbForm#Fin|Voice#Act
005.SCG*LB1.CP-2++8.N.-2.13-5.17-2W12	essendi	NO MATCH	lemma/126689	Case#Gen|Degree#Pos|Number#Sing|VerbForm#Ger|Voice#Act
005.SCG*LB4.CP-2++3.N.12.1-1.4-5W21	oportet	NO MATCH	lemma/115098	Aspect#Perf|Case#Acc|Degree#Pos|Gender#Neut|Number#Sing|Tense#Past|VerbForm#Part|Voice#Pass
005.SCG*LB2.CP-4++1.N.-5.9-3.12-3W17	oportebit	NO MATCH	lemma/115098	Aspect#Imp|Mood#Ind|Number#Sing|Person#3|Tense#Pres|VerbForm#Fin|Voice#Act
005.SCG*LB2.CP-2++1.N.10.15-8.16-9W11	essendi	NO MATCH	lemma/126689	Case#Gen|Degree#Pos|Number#Sing|VerbForm#Ger|Voice#Act
005.SCG*LB3.CP-2++7.N.-2.4-1.7-2W18	concomitantes	NO MATCH	lemma/95553	Case#Nom|Degree#Pos|Gender#Masc|Number#Plur|Tense#Pres|VerbForm#Part|Voice#Pass
005.SCG*LB4.CP--++1.N.14.21-3.23-2W8	praedeterminatus	NO MATCH	lemma/131393	Mood#Ind|Number#Sing|Person#3|Tense#Pres|VerbForm#Fin|Voice#Act
005.SCG*LB4.CP-8++3.N.-4.4-2.9-2W25	oportebit	NO MATCH	lemma/115098	Aspect#Imp|Mood#Ind|Number#Sing|Person#3|Tense#Pres|VerbForm#Fin|Voice#Act
005.SCG*LB3.CP-7++4.N.-4.3-4.6-6W6	oportet	NO MATCH	lemma/115098	Case#Nom|Degree#Pos|Gender#Neut|Number#Sing|Tense#Pres|VerbForm#Part|Voice#Act
005.SCG*LB4.CP-5++6.N.-2.11-1.12-4W4	oportet	NO MATCH	lemma/115098	Mood#Ind|Number#Sing|Person#3|Tense#Pres|VerbForm#Fin|Voice#Pass
005.SCG*LB2.CP-1++2.N.-2.5-3.9-6W21	oporteret	NO MATCH	lemma/115098	Mood#Ind|Number#Sing|Person#3|Tense#Pres|VerbForm#Fin|Voice#Act
005.SCG*LB1.CP-4++2.N.-9.47-1.49-4W18	essendi	NO MATCH	lemma/126689	Case#Gen|Degree#Pos|Number#Sing|VerbForm#Ger|Voice#Act
005.SCG*LB2.CP-7++5.N.15.41-1.47-3W32	operando	NO MATCH	lemma/115028	Aspect#Perf|Case#Acc|Degree#Pos|Gender#Fem|Number#Sing|Tense#Past|VerbForm#Part|Voice#Pass
005.SCG*LB4.CP-4++1.N.10.3-5.11-6W28	oporteret	NO MATCH	lemma/115098	Aspect#Perf|Case#Nom|Degree#Pos|Gender#Neut|Number#Sing|VerbForm#Gdv|Voice#Pass
005.SCG*LB2.CP-7++4.N.-2.4-3.7-5W4	fit	NO MATCH	lemma/102758	Mood#Ind|Number#Sing|Person#3|Tense#Pres|VerbForm#Fin|Voice#Pass
005.SCG*LB3.CP-6++3.N.-7.1-1.4-7W16	contemplantium	NO MATCH	lemma/96238	Mood#Ind|Number#Sing|Person#3|Tense#Pres|VerbForm#Fin|Voice#Pass
005.SCG*LB3.CP12++2.N.-6.30-4.34-4W26	fornicantes	NO MATCH	lemma/103676	Mood#Ind|Number#Sing|Person#3|Tense#Pres|VerbForm#Fin|Voice#Act
005.SCG*LB2.CP-7++5.N.15.21-1.22-5W13	imitatur	NO MATCH	lemma/106364	Aspect#Perf|Case#Nom|Degree#Pos|Gender#Neut|Number#Sing|Tense#Past|VerbForm#Part|VerbType#Mod|Voice#Pass
005.SCG*LB1.CP-6++8.N.-8.5-4.7-6W14	operari	NO MATCH	lemma/115028	Aspect#Perf|Case#Nom|Degree#Pos|Gender#Neut|Number#Sing|Tense#Past|VerbForm#Part|VerbType#Mod|Voice#Pass
005.SCG*LB4.CP-1++0.N.11.1-2.3-9W1	oportet	NO MATCH	lemma/115098	Mood#Ind|Number#Sing|Person#3|Tense#Pres|VerbForm#Fin|Voice#Act
005.SCG*LB4.CP-4++5.N.-5.1-1.4-1W13	licet	NO MATCH	lemma/110432	Mood#Ind|Number#Sing|Person#3|Tense#Pres|VerbForm#Fin|Voice#Act
005.SCG*LB4.CP-2++9.N.-2.3-2.8-1W19	mentitur	NO MATCH	lemma/112072	Aspect#Perf|Case#Abl|Degree#Pos|Gender#Neut|Number#Plur|Tense#Past|VerbForm#Part|Voice#Pass
005.SCG*LB3.CP13++6.N.13.5-1.7-1W5	patitur	NO MATCH	lemma/116222	Case#Gen|Degree#Pos|Number#Sing|VerbForm#Ger|Voice#Act
005.SCG*LB1.CP-7++7.N.-1.1-1.3-3W6	volitorum	NO MATCH	lemma/130745	Aspect#Perf|Case#Gen|Degree#Pos|Gender#Neut|Number#Plur|Tense#Past|VerbForm#Part|VerbType#Mod|Voice#Pass
005.SCG*LB1.CP-9++0.N.-2.14-3.15-4W7	sortiuntur	NO MATCH	lemma/125211	Mood#Ind|Number#Sing|Person#3|Tense#Pres|VerbForm#Fin|Voice#Pass
005.SCG*LB3.CP15++4.N.12.7-3.12-4W3	praenuntiavit	NO MATCH	lemma/131405	Mood#Ind|Number#Sing|Person#3|Tense#Pres|VerbForm#Fin|Voice#Act
005.SCG*LB2.CP10++0.N.-4.17-1.19-6W19	individuantia	NO MATCH	lemma/59198	Case#Gen|Degree#Pos|Gender#Neut|Number#Sing|Tense#Pres|VerbForm#Part|Voice#Act
005.SCG*LB3.CP-1++1.N.-2.3-5.4-7W1	oportet	NO MATCH	lemma/115098	Mood#Sub|Number#Sing|Person#3|Tense#Pres|VerbForm#Fin|VerbType#Mod|Voice#Act
005.SCG*LB3.CP-9++5.N.20.10-2.12-3W16	complectatur	NO MATCH	lemma/95338	Mood#Ind|Number#Sing|Person#3|Tense#Pres|VerbForm#Fin|Voice#Act
005.SCG*LB2.CP-8++0.N.10.29-1.31-5W15	expresse	NO MATCH	lemma/102229	Degree#Pos
005.SCG*LB2.CP-1++8.N.-1.1-1.7-6W19	oportet	NO MATCH	lemma/115098	Mood#Ind|Number#Sing|Person#3|Tense#Pres|VerbForm#Fin|Voice#Act
005.SCG*LB2.CP-6++8.N.-7.1-1.3-5W12	oportet	NO MATCH	lemma/115098	Mood#Ind|Number#Sing|Person#3|Tense#Pres|VerbForm#Fin|Voice#Act
005.SCG*LB3.CP-9++4.N.12.5-4.6-2W6	contingenter	NO MATCH	lemma/96293	Degree#Pos
005.SCG*LB3.CP-6++7.N.-5.1-2.8-1W7	oportet	NO MATCH	lemma/115098	Mood#Ind|Number#Sing|Person#3|Tense#Pres|VerbForm#Fin|Voice#Pass
005.SCG*LB2.CP-5++6.N.-5.3-4.8-5W33	alteratum	NO MATCH	lemma/88470	Aspect#Perf|Case#Acc|Degree#Pos|Gender#Neut|Number#Sing|Tense#Past|VerbForm#Part|Voice#Pass
005.SCG*LB3.CP-9++9.N.-2.27-3.30-2W6	fiunt	NO MATCH	lemma/102758	Mood#Ind|Number#Plur|Person#3|Tense#Pres|VerbForm#Fin|Voice#Pass
005.SCG*LB2.CP-5++5.N.-1.1-1.2-6W4	aperte	NO MATCH	lemma/89397	Degree#Pos
005.SCG*LB4.CP-5++1.N.11.2-3.4-4W12	oportet	NO MATCH	lemma/115098	Aspect#Imp|Mood#Sub|Number#Sing|Person#3|Tense#Imp|VerbForm#Fin|Voice#Pass
005.SCG*LB3.CP-6++5.N.10.8-4.9-6W11	fieri	NO MATCH	lemma/102758	Tense#Pres|VerbForm#Inf|Voice#Pass
005.SCG*LB4.CP--++9.N.-5.1-1.7-2W32	incoepit	NO MATCH	lemma/106965	Aspect#Perf|Mood#Ind|Number#Sing|Person#3|Tense#Past|VerbForm#Fin|Voice#Act
005.SCG*LB2.CP-5++2.N.-4.2-6.6-5W10	essendi	NO MATCH	lemma/126689	Case#Gen|Degree#Pos|Number#Sing|VerbForm#Ger|Voice#Act
005.SCG*LB4.CP-5++5.N.12.13-1.17-2W14	conversatus	NO MATCH	lemma/96442	Mood#Ind|Number#Sing|Person#3|Tense#Pres|VerbForm#Fin|Voice#Act
005.SCG*LB3.CP10++7.N.-5.4-3.7-4W13	oportet	NO MATCH	lemma/115098	Mood#Ind|Number#Sing|Person#3|Tense#Pres|VerbForm#Fin|VerbType#Mod|Voice#Act
005.SCG*LB3.CP12++7.N.-4.3-1.4-2W6	deordinatur	NO MATCH	lemma/131300	Mood#Ind|Number#Sing|Person#3|Tense#Pres|VerbForm#Fin|Voice#Act
005.SCG*LB3.CP-7++1.N.-8.6-6.11-7W15	ardentius	NO MATCH	lemma/89900	Degree#Cmp
005.SCG*LB2.CP-4++7.N.-3.13-1.14-6W13	operandum	NO MATCH	lemma/115028	Mood#Sub|Number#Sing|Person#3|Tense#Pres|VerbForm#Fin|Voice#Pass
005.SCG*LB3.CP15++4.N.-9.15-3.18-3W6	fiunt	NO MATCH	lemma/102758	Mood#Ind|Number#Plur|Person#3|Tense#Pres|VerbForm#Fin|Voice#Pass
005.SCG*LB3.CP-5++2.N.-2.7-3.8-5W9	operantis	NO MATCH	lemma/115028	Aspect#Perf|Case#Acc|Degree#Pos|Gender#Fem|Number#Plur|Tense#Past|VerbForm#Part|Voice#Pass
005.SCG*LB2.CP-3++0.N.15.13-1.17-2W1	oportet	NO MATCH	lemma/115098	Mood#Ind|Number#Sing|Person#3|Tense#Pres|VerbForm#Fin|Voice#Act
005.SCG*LB4.CP-7++6.N.-7.15-1.18-3W12	oportuit	NO MATCH	lemma/115098	Aspect#Imp|Mood#Ind|Number#Sing|Person#3|Tense#Pres|VerbForm#Fin|Voice#Act
005.SCG*LB2.CP-7++9.N.15.6-6.9-2W4	moritur	NO MATCH	lemma/112796	Mood#Ind|Number#Sing|Person#3|Tense#Pres|VerbForm#Fin|Voice#Pass
005.SCG*LB2.CP-7++8.N.-9.27-6.32-2W15	fit	NO MATCH	lemma/102758	Mood#Ind|Number#Sing|Person#3|Tense#Pres|VerbForm#Fin|Voice#Pass
005.SCG*LB3.CP-9++5.N.19.5-1.6-5W8	mentiatur	NO MATCH	lemma/112072	Aspect#Perf|Case#Nom|Degree#Pos|Gender#Fem|Number#Sing|Tense#Past|VerbForm#Part|Voice#Pass
005.SCG*LB2.CP-8++3.N.25.44-3.51-6W17	ordinate	NO MATCH	lemma/115233	Degree#Pos
005.SCG*LB4.CP-9++7.N.-2.3-1.5-4W12	oportet	NO MATCH	lemma/115098	Degree#Pos
005.SCG*LB2.CP-3++1.N.-2.7-8.11-1W13	essendi	NO MATCH	lemma/126689	Case#Gen|Degree#Pos|Number#Sing|VerbForm#Ger|Voice#Act
005.SCG*LB4.CP-3++5.N.-8.1-1.3-4W15	fit	NO MATCH	lemma/102758	Aspect#Imp|Mood#Ind|Number#Sing|Person#3|Tense#Pres|VerbForm#Fin|Voice#Pass
005.SCG*LB4.CP-7++0.N.-2.3-7.8-2W28	loqui	NO MATCH	lemma/110805	Mood#Ind|Number#Sing|Person#3|Tense#Pres|VerbForm#Fin|Voice#Act
005.SCG*LB4.CP-3++4.N.14.24-3.27-2W9	oportet	NO MATCH	lemma/115098	Tense#Pres|VerbForm#Inf|Voice#Act
005.SCG*LB3.CP-9++4.N.11.6-4.8-1W11	contingenter	NO MATCH	lemma/96293	Degree#Pos
005.SCG*LB4.CP-5++6.N.-4.5-3.7-6W4	operatur	NO MATCH	lemma/115028	Case#Nom|Degree#Pos|Gender#Masc|Number#Sing|Tense#Pres|VerbForm#Part|Voice#Act
005.SCG*LB3.CP--++8.N.-6.6-3.7-4W1	oportet	NO MATCH	lemma/115098	Mood#Ind|Number#Sing|Person#3|Tense#Pres|VerbForm#Fin|Voice#Act
005.SCG*LB1.CP-1++5.N.-4.7-5.9-2W14	essendi	NO MATCH	lemma/126689	Case#Gen|Degree#Pos|Number#Sing|VerbForm#Ger|Voice#Act
005.SCG*LB2.CP-8++8.N.13.12-1.13-4W1	oportet	NO MATCH	lemma/115098	Aspect#Imp|Mood#Sub|Number#Plur|Person#3|Tense#Imp|VerbForm#Fin|Voice#Act
005.SCG*LB4.CP-8++6.N.-4.12-3.14-3W9	pati	NO MATCH	lemma/116222	Mood#Ind|Number#Sing|Person#3|Tense#Pres|VerbForm#Fin|Voice#Act
005.SCG*LB3.CP-5++0.N.-5.4-5.6-4W9	molitur	NO MATCH	lemma/112590	Mood#Ind|Number#Plur|Person#3|Tense#Pres|VerbForm#Fin|Voice#Act
005.SCG*LB2.CP-6++8.N.11.9-1.11-7W11	licet	NO MATCH	lemma/110432	Mood#Ind|Number#Sing|Person#3|Tense#Pres|VerbForm#Fin|Voice#Act
005.SCG*LB4.CP-7++1.N.-8.9-1.12-7W18	fit	NO MATCH	lemma/102758	Aspect#Imp|Mood#Ind|Number#Sing|Person#3|Tense#Pres|VerbForm#Fin|Voice#Pass
005.SCG*LB3.CP-7++2.N.-6.4-1.7-6W17	consequens	NO MATCH	lemma/96035	Case#Nom|Degree#Pos|Gender#Neut|Number#Sing|Tense#Pres|VerbForm#Part|Voice#Pass
005.SCG*LB3.CP-8++4.N.-4.4-9.7-5W16	passum	NO MATCH	lemma/116222	Tense#Pres|VerbForm#Inf|Voice#Act
005.SCG*LB1.CP-1++3.N.34.4-6.8-7W24	oportet	NO MATCH	lemma/115098	Aspect#Perf|Case#Abl|Degree#Pos|Gender#Fem|Number#Plur|Tense#Past|VerbForm#Part|Voice#Pass
005.SCG*LB2.CP-4++6.N.-5.10-1.13-7W6	essendi	NO MATCH	lemma/126689	Case#Gen|Degree#Pos|Number#Sing|VerbForm#Ger|Voice#Act
005.SCG*LB4.CP-8++4.N.16.1-1.3-6W1	oportet	NO MATCH	lemma/115098	Case#Acc|Degree#Pos|Gender#Neut|Number#Sing|Tense#Pres|VerbForm#Part|Voice#Act
005.SCG*LB1.CP-8++1.N.-7.11-1.12-6W11	volitum	NO MATCH	lemma/130745	Aspect#Perf|Case#Nom|Degree#Pos|Gender#Neut|Number#Sing|Tense#Past|VerbForm#Part|VerbType#Mod|Voice#Pass
005.SCG*LB1.CP-1++7.N.-6.1-1.6-2W30	oporteret	NO MATCH	lemma/115098	Case#Abl|Degree#Pos|Number#Sing|VerbForm#Ger|Voice#Act
005.SCG*LB4.CP-8++6.N.-3.1-1.3-4W14	experietur	NO MATCH	lemma/102164	Tense#Pres|VerbForm#Inf|Voice#Pass
005.SCG*LB2.CP-8++9.N.16.2-1.5-5W24	sortitur	NO MATCH	lemma/125211	Tense#Pres|VerbForm#Inf|Voice#Pass
005.SCG*LB1.CP-7++3.N.-3.3-1.5-2W14	passum	NO MATCH	lemma/116222	Mood#Sub|Number#Sing|Person#3|Tense#Pres|VerbForm#Fin|Voice#Act
005.SCG*LB3.CP-2++7.N.10.5-3.11-3W33	consequens	NO MATCH	lemma/96035	Case#Acc|Degree#Pos|Gender#Neut|Number#Sing|Tense#Pres|VerbForm#Part|Voice#Pass
005.SCG*LB3.CP-6++7.N.-1.5-4.7-5W5	essendi	NO MATCH	lemma/126689	Case#Gen|Degree#Pos|Number#Sing|VerbForm#Ger|Voice#Act
005.SCG*LB1.CP10++0.N.-4.11-1.14-3W18	operantis	NO MATCH	lemma/115028	Mood#Ind|Number#Sing|Person#3|Tense#Pres|VerbForm#Fin|Voice#Act
005.SCG*LB1.CP-8++5.N.-6.4-7.5-5W4	oportet	NO MATCH	lemma/115098	Mood#Ind|Number#Sing|Person#3|Tense#Pres|VerbForm#Fin|Voice#Act
005.SCG*LB4.CP-3++3.N.-5.10-1.11-4W11	miratus	NO MATCH	lemma/112442	Aspect#Imp|Mood#Ind|Number#Sing|Person#3|Tense#Pres|VerbForm#Fin|Voice#Act
005.SCG*LB3.CP15++4.N.25.14-4.18-2W22	oportet	NO MATCH	lemma/115098	Mood#Ind|Number#Sing|Person#3|Tense#Pres|VerbForm#Fin|Voice#Act
005.SCG*LB4.CP-3++2.N.-6.3-3.5-5W12	mortui	NO MATCH	lemma/112796	Mood#Sub|Number#Sing|Person#3|Tense#Pres|VerbForm#Fin|Voice#Act
005.SCG*LB3.CP10++4.N.-6.4-5.6-4W11	fieri	NO MATCH	lemma/102758	Tense#Pres|VerbForm#Inf|Voice#Pass
005.SCG*LB4.CP-6++6.N.11.1-1.9-1W45	pati	NO MATCH	lemma/116222	Case#Gen|Degree#Pos|Gender#Masc|Number#Plur|Tense#Pres|VerbForm#Part|Voice#Act
005.SCG*LB3.CP10++7.N.-3.8-5.10-6W8	oportet	NO MATCH	lemma/115098	Aspect#Imp|Case#Gen|Degree#Pos|Gender#Masc|Number#Sing|Tense#Pres|VerbForm#Part|Voice#Act
005.SCG*LB4.CP-5++8.N.-3.3-2.5-2W1	oportet	NO MATCH	lemma/115098	Aspect#Imp|Mood#Sub|Number#Sing|Person#3|Tense#Imp|VerbForm#Fin|Voice#Pass
005.SCG*LB2.CP-7++5.N.14.9-3.11-5W3	oportet	NO MATCH	lemma/115098	Aspect#Perf|Mood#Ind|Number#Sing|Person#3|Tense#Pqp|VerbForm#Fin|Voice#Act
005.SCG*LB3.CP-1++0.N.-7.3-4.9-3W9	patitur	NO MATCH	lemma/116222	Mood#Ind|Number#Sing|Person#3|Tense#Pres|VerbForm#Fin|Voice#Act
005.SCG*LB1.CP-6++9.N.-5.2-6.8-2W30	exemplata	NO MATCH	lemma/101974	Aspect#Perf|Case#Nom|Degree#Pos|Gender#Neut|Number#Plur|Tense#Past|VerbForm#Part|Voice#Pass
005.SCG*LB2.CP-7++6.N.15.7-4.9-2W4	fiunt	NO MATCH	lemma/102758	Mood#Ind|Number#Plur|Person#3|Tense#Pres|VerbForm#Fin|Voice#Pass
005.SCG*LB4.CP-1++1.N.15.6-3.12-1W15	oportet	NO MATCH	lemma/115098	Aspect#Imp|Tense#Pres|VerbForm#Inf|Voice#Pass
005.SCG*LB3.CP13++0.N.-5.1-1.5-2W16	convenienter	NO MATCH	lemma/96424	Degree#Pos
005.SCG*LB4.CP-4++4.N.-5.10-2.14-1W22	organizatum	NO MATCH	lemma/68425	Aspect#Imp|Mood#Ind|Number#Sing|Person#1|Tense#Fut|VerbForm#Fin|Voice#Act
005.SCG*LB2.CP-4++6.N.-3.12-4.14-3W1	oportuit	NO MATCH	lemma/115098	Case#Nom|Degree#Pos|Gender#Fem|Number#Sing|Tense#Pres|VerbForm#Part|Voice#Act
005.SCG*LB4.CP-8++3.N.-6.7-1.10-2W19	consequens	NO MATCH	lemma/96035	Aspect#Imp|Case#Nom|Degree#Pos|Gender#Fem|Number#Sing|Tense#Pres|VerbForm#Part|Voice#Pass
005.SCG*LB4.CP-7++4.N.-6.1-1.7-5W26	oportet	NO MATCH	lemma/115098	Mood#Ind|Number#Plur|Person#3|Tense#Pres|VerbForm#Fin|Voice#Act
005.SCG*LB2.CP-8++0.N.-6.37-5.40-2W10	reminiscimur	NO MATCH	lemma/122600	Aspect#Perf|Case#Nom|Degree#Pos|Gender#Neut|Number#Sing|Tense#Past|VerbForm#Part|Voice#Pass
005.SCG*LB4.CP-7++2.N.11.9-1.17-6W53	oporteat	NO MATCH	lemma/115098	Aspect#Perf|Case#Nom|Degree#Pos|Gender#Masc|Number#Sing|Tense#Past|VerbForm#Part|Voice#Pass
005.SCG*LB2.CP-5++8.N.-4.10-5.11-7W5	fit	NO MATCH	lemma/102758	Mood#Ind|Number#Sing|Person#3|Tense#Pres|VerbForm#Fin|Voice#Pass
005.SCG*LB2.CP-4++2.N.-8.8-5.12-4W2	oportet	NO MATCH	lemma/115098	Aspect#Imp|Tense#Pres|VerbForm#Inf|Voice#Pass
005.SCG*LB3.CP16++1.N.-3.5-2.7-1W7	diligentius	NO MATCH	lemma/99463	Degree#Cmp
005.SCG*LB4.CP-5++3.N.-3.6-4.9-4W11	oportuit	NO MATCH	lemma/115098	Mood#Ind|Number#Sing|Person#3|Tense#Pres|VerbForm#Fin|Voice#Act
005.SCG*LB4.CP-1++0.N.10.2-4.6-3W5	oportet	NO MATCH	lemma/115098	Aspect#Perf|Case#Nom|Degree#Pos|Gender#Masc|Number#Sing|Tense#Past|VerbForm#Part|Voice#Pass
005.SCG*LB4.CP-3++4.N.11.10-1.12-1W17	mortuus	NO MATCH	lemma/112796	Mood#Ind|Number#Plur|Person#3|Tense#Pres|VerbForm#Fin|Voice#Act
005.SCG*LB4.CP-1++1.N.11.8-5.11-1W14	consequens	NO MATCH	lemma/96035	Aspect#Imp|Case#Acc|Degree#Pos|Gender#Neut|Number#Sing|Tense#Pres|VerbForm#Part|Voice#Pass
005.SCG*LB2.CP-6++0.N.12.2-3.4-1W1	oportet	NO MATCH	lemma/115098	Mood#Ind|Number#Sing|Person#3|Tense#Pres|VerbForm#Fin|Voice#Act
005.SCG*LB3.CP14++6.N.-7.1-1.3-3W12	fieri	NO MATCH	lemma/102758	Tense#Pres|VerbForm#Inf|Voice#Pass
005.SCG*LB3.CP15++4.N.-4.1-1.5-1W4	fit	NO MATCH	lemma/102758	Mood#Ind|Number#Sing|Person#3|Tense#Pres|VerbForm#Fin|Voice#Pass
005.SCG*LB1.CP-2++0.N.23.10-4.16-4W7	essendi	NO MATCH	lemma/126689	Case#Gen|Degree#Pos|Number#Sing|VerbForm#Ger|Voice#Act
005.SCG*LB3.CP12++7.N.-5.6-3.8-1W9	reiiciendum	NO MATCH	lemma/122550	Case#Nom|Degree#Pos|Gender#Neut|Number#Sing|VerbForm#Gdv|Voice#Pass
005.SCG*LB3.CP-9++4.N.-8.1-1.5-4W26	complectatur	NO MATCH	lemma/95338	Case#Nom|Degree#Pos|Gender#Masc|Number#Sing|Tense#Pres|VerbForm#Part|Voice#Act
005.SCG*LB3.CP-2++7.N.-2.4-1.7-2W10	consequentes	NO MATCH	lemma/96035	Case#Nom|Degree#Pos|Gender#Fem|Number#Plur|Tense#Pres|VerbForm#Part|Voice#Pass
005.SCG*LB4.CP-7++2.N.-9.1-1.5-2W11	oportet	NO MATCH	lemma/115098	Mood#Ind|Number#Sing|Person#3|Tense#Pres|VerbForm#Fin|Voice#Pass
005.SCG*LB3.CP12++8.N.-4.1-2.3-4W7	oportet	NO MATCH	lemma/115098	Tense#Pres|VerbForm#Inf|Voice#Act
005.SCG*LB1.CP-3++6.N.-2.14-3.21-2W45	oportet	NO MATCH	lemma/115098	Aspect#Perf|Case#Acc|Degree#Pos|Gender#Neut|Number#Sing|Tense#Past|VerbForm#Part|Voice#Pass
005.SCG*LB2.CP-6++5.N.-2.4-6.6-1W2	oportet	NO MATCH	lemma/115098	Mood#Ind|Number#Plur|Person#3|Tense#Pres|VerbForm#Fin|Voice#Pass
005.SCG*LB1.CP-5++1.N.-6.6-1.9-2W27	fiat	NO MATCH	lemma/102758	Mood#Sub|Number#Sing|Person#3|Tense#Pres|VerbForm#Fin|Voice#Pass
005.SCG*LB3.CP-8++0.N.14.8-3.10-5W7	fit	NO MATCH	lemma/102758	Mood#Ind|Number#Sing|Person#3|Tense#Pres|VerbForm#Fin|Voice#Pass
005.SCG*LB2.CP-9++8.N.16.1-2.3-4W4	operans	NO MATCH	lemma/115028	Mood#Ind|Number#Sing|Person#3|Tense#Pres|VerbForm#Fin|Voice#Pass
005.SCG*LB4.CP-6++6.N.-2.1-1.7-6W18	puta	NO MATCH	lemma/120610	VerbForm#Fin
