lexeme_id	label
a0010	abaestumo
a0015	abalieno
a0018	abambulo
a0021	abarceo
a0022	abarguo
a0027	abbo
a0030	abbreuio
a0034	abdico
a0035	abdico
a0038	abdo
a0040	abduco
a0042	abemo
a0043	abeo
a0044	abequito
a0046	aberro
a0047	abgrego
a0048	abhibeo
a0050	abhorreo
a0050_sc	abhorresco
a0052	abhortor
a0053	abicio
a0061	abigeo
a0063	abigo
a0066	abito
a0067	abiudico
a0068	abiugo
a0069	abiungo
a0072	abiurgo
a0073	abiuro
a0075	ablacto
a0077	ablaqueo
a0083	ablego
a0085	ableuo
a0086	abligurrio
a0089	ablingo
a0090	abloco
a0091	abludo
a0097	abnato
a0101	abnego
a0104	abnocto
a0105	ablauo
a0110	abnumero
a0111	abnuo
a0113	abnuto
a0114	abolefacio
a0116	aboleo
a0122	abomino
a0125	aborior
a0127	abortio
a0130	aborto
a0133	abrado
a0136	abrelego
a0139	abrenuntio
a0140	abripio
a0141	abrodo
a0143	abrogo
a0144	abolefio
a0145	abrumpo
a0147	abscedo
a0149	abscido
a0150	abscindo
a0155	abscondo
a0162	absento
a0164	absigno
a0165	absilio
a0169	absisto
a0172	absoleo
a0178	absoluo
a0179	absono
a0181	absorbeo
a0187	abstergeo
a0188	absterreo
a0191	abstineo
a0192	absto
a0193	abstollo
a0195	abstraho
a0196	abstrudo
a0199	abstulo
a0200	absum
a0202	absumo
a0209	abtorqueo
a0212	abundo
a0217	abutor
a0236	accino
a0237	accantito
a0238	accanto
a0240	accedo
a0243	accelero
a0245	accendo
a0247	accenseo
a0257	acceptito
a0258	accepto
a0266	accessito
a0268	accido
a0269	accido
a0272	accingo
a0274	accio
a0275	accipio
a0278	accipitro
a0281	accito
a0283	acclamo
a0284	acclaro
a0288	acclino
a0291	accognosco
a0294	accolo
a0298	accommodo
a0300	accorporo
a0301	accredo
a0303	accresco
a0311	accubo
a0313	accudo
a0314	accumbo
a0317	accumulo
a0320	accuro
a0321	accurro
a0328	accusito
a0329	accuso
a0331	acedior
a0333	aceo
a0333_sc	acesco
a0342	acerbo
a0352	aceruo
a0354	aceto
a0358	aceto
a0358_sc	acetasco
a0400	acontizo
a0406	acquiesco
a0407	acquiro
a0445	actito
a0463	acumino
a0464	acuo
a0471	adolesco
a0483	adaequo
a0485	adaero
a0486	adaestuo
a0487	adaggero
a0491	adagnosco
a0492	adalligo
a0498	adambulo
a0500	adamo
a0501	adamplio
a0502	adaperio
a0505	adapto
a0506	adaquo
a0508	adaresco
a0509	adaucto
a0511	adaudio
a0512	adaugeo
a0513	adaugesco
a0516	adbibo
a0517	adbito
a0518	adblandior
a0519	adblatero
a0521	addecet
a0522	addecimo
a0525	addenseo
a0526	addenso
a0527	addico
a0530	addisco
a0535	addo
a0536	addoceo
a0537	addormio
a0537_sc	addormisco
a0541	addubito
a0542	adduco
a0545	addulco
a0546	adedo
a0553	adeo
a0556	adequito
a0557	aderro
a0559	adesco
a0560	adesurio
a0561	adhaereo
a0564	adhalo
a0565	adhibeo
a0567	adhinnio
a0573	adhortor
a0574	adhospito
a0577	adiaceo
a0585	adigo
a0586	adicio
a0588	adimo
a0589	adimpleo
a0592	adincresco
a0593	adindo
a0594	adinflo
a0595	adingero
a0596	adingredior
a0597	adinquiro
a0598	adinspecto
a0599	adinsurgo
a0600	adinuenio
a0603	adinuestigo
a0607	adipiscor
a0614	adito
a0615	adiubilo
a0617	adiudico
a0618	adiugo
a0623	adiungo
a0628	adiuro
a0630	adiuto
a0639	adiuuo
a0640	admanet
a0641	admartyrizo
a0643	admaturo
a0645	admentior
a0646	admeo
a0647	admetior
a0648	admigro
a0653	adminiculo
a0662	administro
a0668	admiro
a0669	admisceo
a0676	admitto
a0679	admoderor
a0680	admodulo
a0682	admoenio
a0683	admolior
a0684	admoneo
a0690	admordeo
a0692	admoueo
a0693	admugio
a0694	admulceo
a0695	admunio
a0697	admurmuro
a0698	admutilo
a0699	adnarro
a0700	adnato
a0701	adnauigo
a0703	adnecto
a0704	adnego
a0707	adnicto
a0708	adnitor
a0709	adno
a0710	adnodo
a0716	adnoto
a0717	adnubilo
a0718	adnumero
a0719	adnuntio
a0721	adnuo
a0722	adnuto
a0723	adnutrio
a0724	adobruo
a0727	adolesco
a0729	adoperio
a0730	adoperor
a0732	adopinor
a0733	adopperior
a0740	adopto
a0748	adordino
a0751	adorio
a0752	adorno
a0753	adoro
a0754	adosculor
a0757	adrado
a0758	adremigo
a0759	adrumo
a0760	adruo
a0761	adsum
a0764	aduecto
a0766	adueho
a0768	aduelo
a0770	aduenero
a0772	aduenio
a0774	aduento
a0777	aduerbero
a0780	aduergo
a0781	aduerro
a0792	aduerso
a0793	aduersor
a0796	aduerto
a0797	aduesperascit
a0799	aduigilo
a0800	aduiuo
a0807	adulescentior
a0809	adulescenturio
a0810	adulo
a0811	adunco
a0820	adultero
a0822	adumbro
a0829	aduoco
a0831	aduolito
a0832	aduolo
a0833	aduoluo
a0835	adurgeo
a0836	aduro
a0841	adzelor
a0852	aedifico
a0860	aeditumor
a0862	aedituo
a0880	aegreo
a0880_sc	aegresco
a0890	aegroto
a0900	aemulo
a0940	aequilibro
a0951	aequipero
a0961	aequo
a0985	aero
a0994	aerugino
a1003	aerusco
a1014	aesculor
a1025	aestimo
a1028	aestiuo
a1034	aestuo
a1042	aeterno
a1054	aeuifico
a1064	affabricor
a1076	affecto
a1079	affero
a1080	affestino
a1081	afficio
a1084	affigo
a1085	affiguro
a1087	affingo
a1093	affirmo
a1098	afflecto
a1099	affleo
a1101	afflicto
a1104	affligo
a1105	afflo
a1108	affluo
a1111	affodio
a1112	affor
a1113	afformido
a1114	affrango
a1115	affremo
a1116	affrico
a1117	affrio
a1118	affulgeo
a1119	affundo
a1120	affurcillo
a1122	afluo
a1139	aggarrio
a1140	aggaudeo
a1141	aggemo
a1142	aggenero
a1144	aggeniculor
a1149	aggero
a1150	aggero
a1152	agglomero
a1154	agglutino
a1156	aggrauesco
a1157	aggrauo
a1158	aggredio
a1164	agguberno
a1169	agino
a1176	agito
a1183	agnascor
a1188	affio
a1204	agnosco
a1208	ago
a1216	agonizo
a1236	agricolor
a1250	aio
a1267	alapo
a1282	albesco
a1285	albicasco
a1290	albico
a1299	albo
a1333	alesco
a1337	algeo
a1337_sc	algesco
a1359	alienigero
a1362	alieno
a1378	alleuo
a1379	alito
a1384	allabor
a1385	allaboro
a1386	allacrimo
a1387	allacto
a1388	allambo
a1390	allatro
a1392	allaudo
a1393	allauo
a1398	allecto
a1403	allego
a1404	allego
a1408	allegorizo
a1414	alleuio
a1415	alleuo
a1416	allicefacio
a1417	allicio
a1418	allido
a1424	alligo
a1425	allinio
a1426	allino
a1428	alliuesco
a1434	alloquor
a1436	allubesco
a1437	alluceo
a1439	alluctor
a1440	alludio
a1441	alludo
a1442	alluo
a1457	alo
a1461	alogior
a1474	alsito
a1476	allicefio
a1486	alterco
a1493	alterno
a1495	altero
a1499	altesco
a1508	altifico
a1527	alto
a1533	anteeo
a1537	alucinor
a1552	alumnor
a1570	amando
a1571	amaneo
a1576	amaresco
a1578	amarico
a1579	amarifico
a1585	amarizo
a1586	amaro
a1590	amasco
a1600	amaturio
a1612	ambedo
a1622	ambigo
a1626	ambio
a1650	ambulo
a1653	amburo
a1679	amicio
a1682	amico
a1684	amictor
a1688	amigro
a1692	amito
a1694	ammento
a1705	amo
a1709	amoeno
a1712	amolior
a1723	amitto
a1724	amoueo
a1752	abolesco
a1762	amplecto
a1766	amplexo
a1772	amplifico
a1774	amplio
a1777	amplo
a1781	amptruo
a1786	ampullor
a1792	amputo
a1812	amylo
a1874	aboriscor
a1875	adoleo
a1878	adhaeresco
a1895	anathematizo
a1896	anathemo
a1899	apiscor
a1919	ancillo
a1925	anclo
a1944	animaduerto
a1951	andruo
a1957	aneo
a1957_sc	anesco
a1971	angario
a1983	ango
a2002	angulo
a2009	angusto
a2015	anhelo
a2026	anilito
a2041	animo
a2059	annihilo
a2062	adnomino
a2065	annono
a2071	annullo
a2090	anquiro
a2112	anteambulo
a2117	antecapio
a2118	antecedo
a2124	antecurro
a2128	antefero
a2134	antegredior
a2135	antehabeo
a2141	anteloquor
a2150	antemitto
a2157	apparesco
a2164	antepolleo
a2165	antepono
a2176	antesto
a2177	antestor
a2180	anteuenio
a2183	anteuerto
a2184	anteuio
a2185	anteuolo
a2225	anticipo
a2252	antiquo
a2261	antispecto
a2270	ardesco
a2278	antonesco
a2285	ascio
a2299	anxior
a2302	abstergo
a2303	anxo
a2317	apello
a2322	aperio
a2327	aperto
a2364	apinor
a2365	apo
a2384	apocho
a2395	apoculo
a2404	apolactizo
a2412	apologo
a2417	apophlegmatizo
a2418	assisto
a2428	aporior
a2439	apostato
a2442	appingo
a2453	apotheco
a2460	apozymo
a2468	appareo
a2469	appario
a2473	apparo
a2474	appasco
a2476	appectoro
a2480	appellito
a2481	appello
a2482	appello
a2485	appendeo
a2488	appendo
a2491	appertineo
a2494	appetisso
a2498	appeto
a2500	appiciscor
a2501	appingo
a2504	applaudo
a2508	applico
a2510	apploro
a2512	applumbo
a2513	appono
a2516	apporto
a2517	apposco
a2520	appostulo
a2522	apprecor
a2523	apprehendo
a2526	apprenso
a2527	appretio
a2528	apprimo
a2535	approbo
a2538	appromitto
a2539	approno
a2540	appropero
a2542	appropinquo
a2543	appropio
a2545	approprio
a2546	approximo
a2547	appugno
a2548	appungo
a2553	aprico
a2575	apto
a2622	aquor
a2658	arbitro
a2662	arboresco
a2669	arbusto
a2683	arceo
a2688	arcesso
a2724	architecto
a2727	architectonor
a2763	arcuo
a2767	ardeo
a2773	arduuo
a2777	arefio
a2778	areo
a2778_sc	aresco
a2806	argumentor
a2809	arguo
a2816	arguto
a2834	arieto
a2888	armo
a2895	aro
a2901	aromatizo
a2912	arrepo
a2918	arrideo
a2919	arrigo
a2920	arrigo
a2921	arripio
a2924	arrodo
a2928	arrogo
a2929	arroro
a2956	articulo
a2967	artio
a2971	arto
a2978	artro
a2980	artuo
a3003	aruocito
a3016	ascalpo
a3021	ascendo
a3027	ascio
a3028	ascisco
a3034	ascribo
a3068	aspecto
a3070	aspello
a3075	aspergo
a3083	aspernor
a3084	aspero
a3091	aspicio
a3096	aspiro
a3101	asporto
a3107	aspuo
a3110	assaluto
a3116	assector
a3123	assello
a3124	assenesco
a3134	assentio
a3135	assentor
a3137	assequor
a3140	assero
a3141	assero
a3145	asseruio
a3147	asseruo
a3154	asseuero
a3155	assibilo
a3156	assiccesco
a3157	assicco
a3159	assideo
a3160	assido
a3162	assiduo
a3168	assignifico
a3169	assigno
a3170	assilentio
a3171	assilio
a3175	assimulo
a3177	assipio
a3183	asso
a3184	associo
a3186	assoleo
a3187	assolido
a3188	assolo
a3190	assono
a3191	assubrigo
a3192	assudesco
a3193	assuefacio
a3194	assuesco
a3196	assugo
a3201	assulto
a3203	assummo
a3204	assumo
a3209	assuo
a3210	assurgo
a3212	assuscipio
a3213	assuspiro
a3229	asterno
a3237	astipulo
a3238	astituo
a3239	asto
a3247	astrangulo
a3249	astrepo
a3253	astrido
a3255	astrifico
a3259	astringo
a3276	astruo
a3280	astupeo
a3329	attamino
a3334	attegro
a3337	attempero
a3338	attempto
a3339	attendo
a3344	attenuo
a3345	attermino
a3346	attero
a3351	attestor
a3352	attexo
a3355	atticisso
a3358	attillo
a3361	attineo
a3362	attingo
a3363	attinguo
a3365	attitulo
a3366	attolero
a3368	attollo
a3369	attondeo
a3370	attono
a3372	attorqueo
a3373	attorreo
a3376	attraho
a3378	attrecto
a3379	attremo
a3380	attrepido
a3381	attribuo
a3385	attropo
a3386	attueor
a3388	attumulo
a3389	attundo
a3400	attingo
a3406	auctifico
a3412	auctionor
a3413	auctito
a3416	aucto
a3423	auctoro
a3432	aucupo
a3437	audeo
a3440	audio
a3443	audito
a3448	aueo
a3450	aueho
a3451	auello
a3455	aueno
a3456	auerro
a3457	auerrunco
a3463	auersor
a3465	aueo
a3468	auerto
a3469	aufero
a3470	aufugio
a3471	augeo
a3472	augifico
a3478	augmento
a3490	auguro
a3491	augusto
a3497	auido
a3525	auoco
a3527	auolo
a3540	auresco
a3566	aurigo
a3574	auro
a3577	auroro
a3577_sc	auroresco
a3580	aurugino
a3588	ausculto
a3593	auspico
a3624	autumnasco
a3627	autumno
a3630	autumo
a3642	auxilio
a3657	axo
a3715	arefacio
a3716	assuefio
a6471	augesco
a7005	angustio
a7061	anno
a7118	antecello
a7990	aruio
a8068	affaueo
a8138	agero
a8662	amento
a9041	albeo
a9053	antedico
a9091	abluo
a9270	accieo
a9271	satago
a9311	accubito
a9959	accano
a9961	adhorreo
a9962	aduno
a9967	aggrego
b0022	baccho
b0029	baco
b0037	badizo
b0046	baiulo
b0057	balbo
b0058	balbutio
b0061	balito
b0074	ballo
b0086	balo
b0094	balteo
b0112	baptizo
b0119	barbarizo
b0126	barbesco
b0128	barbio
b0132	barbo
b0146	barrio
b0168	basio
b0179	bataclo
b0191	battuo
b0193	baubo
b0203	beatifico
b0209	bebo
b0231	bellifico
b0234	belligero
b0241	bello
b0276	benignor
b0278	beo
b0290	betizo
b0311	bibo
b0367	bilbo
b0402	bipertio
b0436	bito
b0440	bitumino
b0449	blactero
b0462	blandio
b0473	blasphemo
b0477	blatero
b0479	blatio
b0513	bombico
b0514	bombilo
b0515	bombio
b0519	bombizo
b0539	boo
b0550	borrio
b0575	bouinor
b0598	bractor
b0629	breuio
b0653	brutesco
b0662	bubino
b0669	bubulcito
b0672	bubulo
b0696	bucino
b0726	bulimo
b0730	bullesco
b0731	bullio
b0733	bullo
b0765	busto
b0775	butio
b0793	benefico
b9075	balneo
b9256	benedico
b9257	benefacio
b9258	benefio
b9270	beneplaceo
b9515	bombito
c0005	caballico
c0012	cacabo
c0017	cacaturio
c0029	cachinno
c0035	cacillo
c0036	caco
c0048	caculor
c0051	cacumino
c0055	cadesco
c0061	cado
c0078	caeco
c0079	caeculto
c0081	caecutio
c0083	caedo
c0104	caelo
c0108	collucesco
c0122	caerimonior
c0142	caespito
c0151	caio
c0155	calabrico
c0193	calceo
c0200	calcitro
c0203	calco
c0209	calculo
c0214	calefacio
c0215	calefio
c0218	calefacto
c0222	caleo
c0227	calico
c0230	calido
c0237	caligino
c0240	caligo
c0250	calleo
c0271	calo
c0272	calo
c0283	coalo
c0289	calueo
c0289_sc	caluesco
c0296	calumnio
c0298	caluo
c0299	caluo
c0310	camaro
c0311	cambio
c0324	camino
c0335	campestror
c0344	campso
c0372	cancello
c0376	cancero
c0376_sc	cancerasco
c0381	candefacio
c0382	candefio
c0386	cando
c0388	candico
c0392	candido
c0395	candifico
c0400	caneo
c0400_sc	canisco
c0405	canifico
c0428	cano
c0432	canonizo
c0462	cantilo
c0464	cantito
c0466	canto
c0470	canturio
c0481	capello
c0484	caperro
c0485	capesso
c0492	capillasco
c0500	capio
c0505	capistro
c0545	caprifico
c0552	caprio
c0573	captito
c0580	captiuo
c0582	capto
c0589	capulo
c0601	carbonesco
c0604	carbunculo
c0612	carcero
c0627	carino
c0637	careo
c0646	carino
c0660	carmino
c0675	carnifico
c0680	caro
c0698	carpo
c0705	carrico
c0747	cassesco
c0757	casito
c0758	casso
c0770	castifico
c0776	castigo
c0796	castro
c0816	collibescit
c0836	cataplasmo
c0864	catechizo
c0877	cateno
c0898	catillo
c0905	cato
c0910	catomidio
c0917	cauefio
c0921	catulio
c0943	caudifico
c0948	cauefacio
c0949	caueo
c0954	cauerno
c0966	cauillo
c0980	cauo
c0987	cauponor
c0993	caurio
c1007	causidicor
c1009	causificor
c1012	causo
c1017	cauterio
c1019	cauterizo
c1031	cedo
c1048	celebresco
c1049	celebro
c1059	celero
c1078	celo
c1101	calesco
c1102	cenaturio
c1107	cenito
c1108	ceno
c1119	censeo
c1133	contingo
c1135	centesimo
c1163	centuplico
c1169	centurio
c1235	cerifico
c1244	cerno
c1245	candesco
c1246	cernulo
c1248	cernuo
c1250	cero
c1269	certifico
c1270	certioro
c1271	certisco
c1271_sc	certisco
c1274	certo
c1303	cesso
c1320	ceueo
c1390	caraxo
c1395	charmido
c1411	casmo
c1430	caresco
c1511	chrismo
c1512	christianizo
c1535	cohaeresco
c1574	cibo
c1579	cicatrico
c1599	cicuro
c1604	cieo
c1613	cillo
c1625	cimusso
c1645	cineresco
c1651	cingo
c1677	circino
c1682	circito
c1686	circo
c1693	circulo
c1697	circumaggero
c1698	circumago
c1699	circumambulo
c1700	circumamicio
c1701	circumamplector
c1702	circumaperio
c1703	circumaro
c1704	circumaspicio
c1705	circumassisto
c1707	circumaufero
c1708	circumcalco
c1712	circumcido
c1714	circumcingo
c1719	circumcirco
c1724	circumclamo
c1725	circumcludo
c1727	circumcolo
c1729	circumcumulo
c1730	circumcurro
c1732	circumcurso
c1734	circumdo
c1735	circumdoleo
c1736	circumdolo
c1737	circumduco
c1741	circumeo
c1742	circumequito
c1743	circumerro
c1744	circumfarcio
c1745	circumfero
c1746	circumfigo
c1747	circumfingo
c1748	circumfirmo
c1749	circumflagro
c1750	circumflecto
c1753	circumflo
c1754	circumfluo
c1756	circumfodio
c1758	circumforo
c1762	circumfremo
c1763	circumfrico
c1764	circumfulcio
c1765	circumfulgeo
c1768	circumgelo
c1769	circumgemo
c1771	circumgesto
c1772	circumglobo
c1773	circumgredior
c1774	circumgyro
c1777	circumiaceo
c1778	circumicio
c1781	circuminicio
c1782	circuminsidior
c1785	circumlabor
c1786	circumlambo
c1787	circumlaqueo
c1792	circumlatro
c1794	circumlauo
c1795	circumlego
c1797	circumligo
c1798	circumlino
c1802	circumloquor
c1803	circumluceo
c1804	circumluo
c1805	circumlustro
c1808	circummeo
c1809	circummetio
c1810	circummingo
c1811	circummitto
c1812	circummoueo
c1813	circummugio
c1814	circummulceo
c1815	circummunio
c1819	circumnauigo
c1820	circumno
c1821	circumnecto
c1822	circumnoto
c1823	circumobruo
c1826	circumpauio
c1828	circumpendeo
c1831	circumplaudo
c1832	circumplecto
c1833	circumplico
c1834	circumplumbo
c1835	circumpono
c1838	circumpulso
c1839	circumpurgo
c1840	circumputo
c1842	circumrado
c1844	circumrefero
c1845	circumretio
c1846	circumrodo
c1847	circumroro
c1848	circumroto
c1849	circumrumpo
c1850	circumsaepio
c1851	circumsaeuio
c1853	circumscalpo
c1854	circumscaripho
c1855	circumscindo
c1856	circumscribo
c1859	circumseco
c1861	circumsedeo
c1862	circumseparo
c1863	circumsero
c1865	circumsigno
c1866	circumsilio
c1867	circumsisto
c1869	circumsoluo
c1870	circumsono
c1875	circumspecto
c1877	circumspergo
c1878	circumspicio
c1879	circumspiro
c1880	circumspumo
c1881	circumstagno
c1883	circumstipo
c1888	circumstrepo
c1890	circumstringo
c1891	circumstruo
c1892	circumstupeo
c1893	circumsudo
c1894	circumsurgo
c1896	circumtego
c1897	circumtendo
c1898	circumteneo
c1899	circumtergeo
c1900	circumtermino
c1901	circumtero
c1903	circumtinnio
c1904	circumtollo
c1905	circumtono
c1907	circumtorqueo
c1908	circumtraho
c1909	circumtueor
c1910	circumtundo
c1911	circumuado
c1912	circumuagor
c1914	circumuallo
c1916	circumuectitor
c1917	circumuecto
c1918	circumuehor
c1920	circumuelo
c1921	circumuenio
c1925	circumuerro
c1927	circumuersor
c1928	circumuerto
c1929	circumuestio
c1930	circumuincio
c1931	circumuiso
c1933	circumungo
c1934	circumuolito
c1935	circumuolo
c1936	circumuoluo
c1938	circumuolutor
c1986	citharizo
c1991	cito
c2018	clamito
c2019	clamo
c2027	clango
c2030	clareo
c2030_sc	claresco
c2031	clarico
c2033	clarifico
c2037	clarigito
c2038	clarigo
c2044	claro
c2054	clatro
c2058	claudo
c2060	claudico
c2072	clauo
c2089	clepo
c2092	clepto
c2097	commiseresco
c2115	clingo
c2117	clino
c2121	clipeo
c2137	cloaco
c2139	clocito
c2140	clodor
c2143	clucio
c2145	cluo
c2160	clysterio
c2162	clysterizo
c2176	coaceruo
c2177	coacesco
c2185	coacto
c2189	coaddo
c2191	coadiuuo
c2192	coadolesco
c2193	coadoro
c2196	coaduno
c2198	coaedifico
c2199	coaegroto
c2201	coaequo
c2202	coaestimo
c2206	coaeto
c2209	coaggero
c2210	coagito
c2212	coagmento
c2217	coagulo
c2219	coalesco
c2222	coambulo
c2224	coangusto
c2228	coapto
c2229	coarguo
c2232	coarmo
c2234	coarticulo
c2235	coarto
c2238	coaudio
c2240	coaxo
c2241	coaxo
c2262	cocionor
c2268	coemo
c2280	coeo
c2281	coepio
c2285	coepto
c2286	coepulor
c2287	coerceo
c2290	coerro
c2293	coexercito
c2294	coexsisto
c2304	cogito
c2320	cognomino
c2322	cognosco
c2323	cogo
c2326	cohabito
c2327	cohaereo
c2330	cohibeo
c2333	cohonesto
c2334	cohorresco
c2341	cohorto
c2343	concupio
c2344	cohumido
c2346	coimbibo
c2349	coinquino
c2350	coinquo
c2353	colaphizo
c2361	collabefacio
c2365	collabasco
c2366	collabefacto
c2367	collabefio
c2368	collabello
c2369	collabor
c2370	collaboro
c2371	collacero
c2373	collacrimo
c2376	congemisco
c2377	collaetor
c2381	collatero
c2386	collatro
c2390	collaudo
c2391	collaxo
c2403	conscio
c2411	colleuo
c2413	collibro
c2414	collibet
c2418	collicio
c2421	collido
c2425	colligo
c2426	colligo
c2429	collimito
c2430	collimo
c2431	collinio
c2432	collino
c2434	colliquefacio
c2435	colliquefio
c2436	colliquesco
c2441	colloco
c2442	collocupleto
c2446	colloquor
c2447	colluceo
c2448	colluco
c2451	colluctor
c2453	colludo
c2455	collugeo
c2457	collumino
c2458	colluo
c2465	collustro
c2467	collutulento
c2479	colo
c2480	colo
c2507	coloro
c2511	consuesco
c2527	columbor
c2556	combaiulo
c2560	combibo
c2563	combino
c2565	combullio
c2566	comburo
c2569	comedo
c2584	comissor
c2592	comitio
c2595	comito
c2598	commacero
c2600	commaculo
c2601	commadeo
c2603	commalaxo
c2604	commalleo
c2605	commando
c2607	commanduco
c2608	commaneo
c2609	cupisco
c2614	commarceo
c2614_sc	commarcesco
c2615	commargino
c2618	commasculo
c2619	commastico
c2622	commaturesco
c2627	commeditor
c2628	commingo
c2629	commeleto
c2631	commemini
c2637	commemoro
c2645	commendo
c2655	commentior
c2656	commento
c2658	commeo
c2660	commercior
c2662	commercor
c2663	commereo
c2664	commetior
c2665	commeto
c2668	commigro
c2671	commilito
c2677	comminisco
c2678	comminor
c2679	comminuo
c2682	commisceo
c2686	commisereor
c2689	commisero
c2694	commitigo
c2695	committo
c2704	commodo
c2710	commolio
c2711	commolo
c2712	commonefacio
c2713	commonefio
c2714	commoneo
c2719	commonstro
c2722	commordeo
c2723	commorior
c2724	commoro
c2725	commorsico
c2731	commoto
c2733	commoueo
c2734	commugeo
c2735	commulceo
c2736	commulco
c2737	commultiplico
c2739	commundo
c2745	communico
c2746	communio
c2753	commurmuro
c2756	commuto
c2757	como
c2758	como
c2765	compaciscor
c2776	compagino
c2778	compalpo
c2785	compareo
c2786	comparo
c2789	compartior
c2790	comparturio
c2791	compasco
c2797	compatior
c2802	compauesco
c2803	compauio
c2805	compecco
c2806	compedio
c2810	compello
c2811	compello
c2813	compendio
c2816	compendo
c2819	compenso
c2820	comperco
c2824	comperendino
c2826	compereo
c2827	comperio
c2832	compesco
c2836	competo
c2839	compilo
c2840	compingo
c2841	compingo
c2842	compinguesco
c2847	complaceo
c2848	complaco
c2851	complano
c2853	complanto
c2854	complecto
c2856	compleo
c2865	complexor
c2868	complico
c2869	complodo
c2871	comploro
c2872	compluo
c2880	compondero
c2881	compono
c2885	comporto
c2894	comprecor
c2895	comprehendo
c2899	comprehenso
c2902	compresso
c2904	comprimo
c2909	comprobo
c2912	compromitto
c2918	compugno
c2922	compulso
c2925	compungo
c2927	compurgo
c2931	computesco
c2932	computo
c2933	computresco
c2943	concaco
c2944	concado
c2946	concalefacio
c2947	concalefio
c2949	concaleo
c2949_sc	concalesco
c2951	concallesco
c2952	concalo
c2954	concamero
c2955	concandefacio
c2956	concapio
c2960	concarno
c2961	concastigo
c2963	concateno
c2966	concauo
c2968	concedo
c2969	concelebro
c2972	concelo
c2977	concenturio
c2983	concepto
c2986	concerno
c2987	concerpo
c2992	concerto
c2996	concesso
c3010	concido
c3011	concido
c3013	concieo
c3020	concilio
c3023	concingo
c3030	concinno
c3032	concino
c3033	concipilo
c3034	concipio
c3042	concito
c3046	conclamito
c3047	conclamo
c3051	concludo
c3059	concomitor
c3060	concoquo
c3066	concordo
c3070	concorporo
c3072	concrasso
c3073	concrebresco
c3074	concredo
c3077	concremo
c3078	concreo
c3080	concrepito
c3081	concrepo
c3082	concresco
c3084	concriminor
c3085	concrispo
c3087	concrucifigo
c3088	concrucio
c3099	concubo
c3101	conculco
c3103	concumbo
c3105	concupisco
c3112	concuro
c3113	concurro
c3118	concursito
c3119	concurso
c3120	concuruo
c3124	concustodio
c3125	concutio
c3128	condecet
c3130	condeclino
c3132	condecoro
c3136	condelector
c3137	condeliquesco
c3141	condemno
c3143	condenso
c3146	condepso
c3147	condescendo
c3154	condico
c3162	condio
c3165	condisco
c3174	condo
c3175	condocefacio
c3176	condoceo
c3178	condoleo
c3178_sc	condolesco
c3179	condomo
c3182	condono
c3183	condormio
c3183_sc	condormisco
c3186	conduco
c3193	condulco
c3196	conduplico
c3198	conduro
c3201	conecto
c3204	confabricor
c3207	confabulor
c3213	confarreo
c3220	confercio
c3221	confermento
c3222	confero
c3223	conferrumino
c3226	conferuefacio
c3227	conferueo
c3227_sc	conferuesco
c3234	conficio
c3235	confio
c3237	conficto
c3241	confido
c3242	configo
c3244	configuro
c3246	confindo
c3247	confingo
c3256	confirmo
c3258	confisco
c3260	confiteor
c3263	conflabello
c3264	conflaccesco
c3267	conflagro
c3268	conflammo
c3273	confuto
c3278	conflicto
c3281	confligo
c3282	conflo
c3283	confloreo
c3284	confluctuo
c3286	confluo
c3289	confodio
c3291	confoedero
c3293	confoedo
c3296	conforio
c3301	conformo
c3303	confornico
c3305	conforto
c3306	confoueo
c3307	confracesco
c3312	confremo
c3313	confrequento
c3316	confrico
c3317	confrigo
c3318	confringo
c3319	confrio
c3320	confrixo
c3323	confugio
c3325	confuit
c3326	confulcio
c3327	confulgeo
c3328	confundo
c3329	confunero
c3337	confuto
c3338	confutuo
c3339	congarrio
c3340	congaudeo
c3341	congelasco
c3343	congelo
c3345	congemino
c3346	congemo
c3348	congenero
c3351	congenuclo
c3355	congermanesco
c3359	congermino
c3360	congero
c3366	congesto
c3370	conglacio
c3371	conglisco
c3374	conglobo
c3376	conglomero
c3377	conglorifico
c3379	conglutino
c3383	congraeco
c3385	congratulor
c3386	congredior
c3393	congrego
c3400	congruo
c3402	congyro
c3403	coniaceo
c3404	conicio
c3411	coniecto
c3418	connitor
c3419	coniucundor
c3420	conniueo
c3428	coniugo
c3435	coniungo
c3440	coniuro
c3442	connascor
c3444	connumero
c3446	conor
c3448	conquadro
c3449	conquadruplo
c3451	conquasso
c3452	conqueror
c3454	conquiesco
c3455	conquinisco
c3456	conquiro
c3460	consaepio
c3461	consaepto
c3463	consaluto
c3464	consanesco
c3467	consano
c3468	consarcino
c3469	consarcio
c3470	consario
c3471	consaucio
c3472	conscelero
c3473	conscendo
c3475	conscindo
c3476	conscisco
c3479	conscreor
c3480	conscribillo
c3481	conscribo
c3484	conseco
c3489	consecro
c3496	consector
c3499	consedeo
c3500	consedo
c3506	consenesco
c3510	consentio
c3512	consepelio
c3514	consequor
c3515	consermonor
c3516	consero
c3517	consero
c3526	conseruo
c3528	commeto
c3532	considero
c3536	consilior
c3540	consimilo
c3541	consipio
c3543	consisto
c3549	capulo
c3555	consocio
c3568	consolido
c3569	consolo
c3570	consoluo
c3571	consomnio
c3573	consono
c3575	consopio
c3581	conspatior
c3583	conspergo
c3588	conspicio
c3590	conspico
c3593	conspiro
c3595	conspisso
c3596	consplendesco
c3597	conspolio
c3599	conspondeo
c3601	conspuo
c3602	conspurco
c3603	consputo
c3604	constabilio
c3605	constagno
c3610	consterno
c3611	consterno
c3615	constipo
c3616	constituo
c3620	consto
c3622	constrepo
c3625	constricto
c3626	constringo
c3628	construo
c3629	constupesco
c3632	constupro
c3633	consuadeo
c3635	consuauio
c3637	consubsido
c3641	consudesco
c3642	consudo
c3643	consuefacio
c3644	consueo
c3652	consulo
c3656	consulto
c3658	consumo
c3662	consuo
c3664	consurgo
c3666	consusurro
c3670	contabefacio
c3671	contabesco
c3673	contabulo
c3683	contamino
c3686	contechnor
c3687	contego
c3688	contemero
c3690	contemno
c3692	contempero
c3701	contemplo
c3705	contemporo
c3712	contendo
c3713	contenebrasco
c3715	contenebresco
c3716	contenebro
c3720	contento
c3721	conterebro
c3722	contermino
c3725	conterno
c3726	contero
c3728	conterreo
c3729	conterrito
c3731	contessero
c3734	contestificor
c3735	contestor
c3736	contexo
c3740	conticeo
c3740_sc	conticisco
c3746	contigno
c3748	contiguo
c3750	contineo
c3751	contingo
c3752	continor
c3757	continuo
c3765	contionor
c3770	contollo
c3772	contonat
c3774	contorqueo
c3775	contorreo
c3787	contradico
c3792	contrado
c3794	contraho
c3795	contrapono
c3799	contrarior
c3802	contrascribo
c3804	contrasisto
c3805	contrauenio
c3811	contrecto
c3813	contremo
c3813_sc	contremesco
c3817	contribulo
c3818	contribuo
c3820	contrico
c3821	contrio
c3823	contristo
c3829	controuersor
c3831	contrucido
c3832	contrudo
c3833	contrunco
c3836	contuo
c3840	contumelio
c3842	contumesco
c3843	contumulo
c3844	contundo
c3847	conturbo
c3849	conturmo
c3853	contutor
c3854	conuador
c3855	conualesco
c3858	conuallo
c3859	conuario
c3860	conuaso
c3864	conuecto
c3867	conuegeto
c3868	conueho
c3869	conuello
c3870	conuelo
c3872	conuenio
c3878	conuento
c3879	conuenusto
c3880	conuerbero
c3881	conuergo
c3883	conuerro
c3889	conuerso
c3892	conuerto
c3894	conuescor
c3895	conuestio
c3899	conuexo
c3901	conuibro
c3905	conuicior
c3909	conuinco
c3911	conuiolo
c3913	conuiresco
c3914	conuiscero
c3915	conuiso
c3921	conuiuifico
c3924	conuiuo
c3926	conuiuo
c3931	conuoco
c3932	conuolo
c3933	conuolutor
c3934	conuoluo
c3937	conuomo
c3938	conuoro
c3939	conuoueo
c3941	conuulnero
c3951	cooperio
c3952	cooperor
c3955	coopto
c3956	coorior
c3962	copior
c3978	copulo
c3986	coquino
c3990	coquito
c3991	coquo
c3997	coracino
c4015	corcinor
c4039	cornesco
c4044	cornicor
c4078	corono
c4082	corporasco
c4086	corporo
c4093	corrado
c4097	correcumbo
c4100	corregno
c4101	correpo
c4104	correpto
c4107	corresuscito
c4109	corrideo
c4111	corrigo
c4112	corripio
c4116	corriuo
c4117	corrixor
c4120	corroboro
c4122	corrodo
c4124	corrogo
c4125	corrotundo
c4128	corrugo
c4130	corrumpo
c4131	corruo
c4141	corruspor
c4162	corusco
c4190	cossigero
c4220	coutor
c4226	coxigo
c4238	crapulor
c4247	crassesco
c4249	crassifico
c4254	crasso
c4268	cratio
c4279	crebresco
c4287	credito
c4290	credo
c4297	cremento
c4301	cremito
c4304	cremo
c4307	creo
c4322	crepito
c4324	crepo
c4331	cresco
c4344	cribello
c4347	cribro
c4354	crimino
c4359	crinio
c4367	criso
c4369	crispico
c4370	crispio
c4373	crispo
c4390	croccio
c4396	crocito
c4397	croco
c4412	carmino
c4414	crotalisso
c4418	crotolo
c4430	crucifigo
c4433	crucio
c4439	crudelesco
c4442	crudesco
c4445	crudito
c4449	cruento
c4453	crumino
c4465	crusto
c4491	cubito
c4494	cubo
c4496	cuccubio
c4504	cuculo
c4521	cucurrio
c4524	cudo
c4559	culmino
c4561	culo
c4565	culpito
c4566	culpo
c4568	cultello
c4594	cummino
c4604	cumulo
c4622	cuncto
c4626	cuneo
c4639	cunio
c4656	cupio
c4657	cogito
c4659	cognomino
c4673	curago
c4699	commendo
c4704	curito
c4706	curo
c4712	curro
c4720	cursito
c4721	curso
c4726	curto
c4733	curuesco
c4736	curuo
c4743	cuso
c4747	cuspido
c4755	custodio
c4769	cyathisso
c4798	cymbalisso
c4812	comparo
c4816	compilo
c4820	complexo
c4835	conspiro
c4857	concandefio
c4858	condocefio
c4859	conferuefio
c4860	contabefio
c4864	croco
c6143	condenseo
c6524	consido
c6528	consigno
c6529	consilesco
c6643	consuefio
c6657	consummo
c7058	claudo
c7146	cloeo
c7250	coctito
c7604	commalliolo
c7677	commino
c7886	compotio
c7887	compoto
c7890	compraecido
c8040	circumfundo
c8796	circumleuo
c9704	callisco
d0035	damnifico
d0038	damno
d0051	dapino
d0066	dato
d0073	deacino
d0075	deacuo
d0076	deago
d0080	dealbo
d0084	deambulo
d0085	deamo
d0086	deardeo
d0087	deargento
d0088	dearmo
d0089	deartuo
d0090	deascio
d0093	deauro
d0095	debaccho
d0096	debattuo
d0100	debello
d0101	debeo
d0102	debibo
d0106	debilito
d0110	deblatero
d0111	debrachiolo
d0112	debrio
d0114	debucino
d0115	decachinno
d0118	decacumino
d0120	decalautico
d0124	decaluo
d0128	decano
d0130	decanto
d0132	decapito
d0135	decarno
d0141	decaulesco
d0142	decedo
d0143	decello
d0154	decemplico
d0171	decepto
d0177	decerno
d0178	decerpo
d0182	decerto
d0186	decet
d0188	decido
d0189	decido
d0199	decimo
d0201	decineresco
d0202	decipio
d0204	decircino
d0206	decito
d0211	declamito
d0212	declamo
d0216	declaro
d0220	declino
d0224	decludo
d0228	decollo
d0229	decolo
d0232	decoloro
d0235	deconcilio
d0236	decondo
d0238	decoquo
d0243	decorio
d0245	decoro
d0247	decortico
d0252	decremo
d0254	decresco
d0259	decrimino
d0260	decubo
d0261	deculco
d0264	decumbo
d0265	decunctor
d0267	decuplo
d0274	decurio
d0279	decurro
d0283	decurto
d0293	decusso
d0295	decutio
d0296	dedamno
d0297	dedecet
d0303	dedecoro
d0311	dedico
d0313	dedigno
d0314	dedisco
d0318	dedo
d0319	dedoceo
d0320	dedoleo
d0322	dedolo
d0323	deduco
d0330	deerro
d0333	defaeco
d0334	defaenero
d0341	defatigo
d0342	defetigo
d0347	defendo
d0356	defensito
d0358	defenso
d0362	defero
d0363	deferuefacio
d0365	deferuesco
d0366	defetiscor
d0367	deficio
d0368	defigo
d0369	defiguro
d0370	defindo
d0371	defingo
d0372	definio
d0377	defio
d0378	defiteor
d0380	deflagro
d0381	deflammo
d0382	deflecto
d0383	defleo
d0386	deflo
d0387	deflocco
d0390	defloreo
d0391	defloro
d0392	defluo
d0396	defodio
d0403	deformo
d0404	defrango
d0408	defraudo
d0409	defremo
d0413	defrico
d0414	defrigesco
d0415	defringo
d0416	defrugo
d0418	defruor
d0419	defrusto
d0420	defrustror
d0422	defruto
d0425	defugio
d0426	defugo
d0427	defulguro
d0430	defundo
d0431	defungor
d0432	defuro
d0434	defusto
d0436	degemo
d0438	degenero
d0439	degenio
d0440	degero
d0441	deglabro
d0442	deglubo
d0443	deglutino
d0444	degluttio
d0445	dego
d0447	degrado
d0448	degrandinat
d0449	degrassor
d0450	degrauo
d0451	degredior
d0453	degrumo
d0454	degrunnio
d0456	degulo
d0457	deguno
d0460	degusto
d0461	dehabeo
d0462	dehaurio
d0464	dehisco
d0468	dehonesto
d0470	dehonoro
d0475	dehortor
d0476	dehospitor
d0478	deicio
d0481	deiecto
d0484	deiero
d0486	deifico
d0491	deintegro
d0497	deiudico
d0499	deiugo
d0500	deiungo
d0502	deiuuo
d0503	delabor
d0504	delaboro
d0505	delacero
d0508	delacrimo
d0509	delambo
d0510	delamentor
d0511	delanio
d0512	delapido
d0514	delasso
d0518	delecto
d0523	delego
d0526	delenio
d0529	deleo
d0536	deleuo
d0543	delibero
d0544	delibo
d0546	delibro
d0547	delibuo
d0553	delicio
d0556	delicior
d0558	delico
d0563	deligo
d0564	deligo
d0566	delimito
d0567	delimo
d0569	delineo
d0570	delingo
d0571	delino
d0573	delinquo
d0574	deliquesco
d0577	deliquo
d0582	deliro
d0584	delitigo
d0585	delitisco
d0589	deloquor
d0596	delucto
d0597	deludifico
d0598	deludo
d0600	delumbo
d0601	deluo
d0604	delustro
d0605	deluto
d0606	demadesco
d0609	demando
d0611	demano
d0615	dematrico
d0620	dementio
d0621	demento
d0622	demeo
d0623	demereo
d0624	demergo
d0626	demerso
d0628	demeto
d0630	demigro
d0632	deminoro
d0633	deminuo
d0636	demiror
d0639	demitigo
d0640	demitto
d0641	demo
d0644	demolio
d0653	demonstro
d0655	demordeo
d0656	demorior
d0657	demoror
d0658	demorsico
d0660	demoueo
d0661	demugio
d0662	demulceo
d0663	demulco
d0665	demuneror
d0666	demurmuro
d0667	demusso
d0671	demutilo
d0672	demuto
d0673	demuttio
d0677	denarro
d0678	denascor
d0679	denaso
d0680	denato
d0681	denauigo
d0690	denego
d0694	denigro
d0699	denomino
d0701	denormo
d0704	denoto
d0708	denseo
d0710	densito
d0711	denso
d0727	dentio
d0731	denubo
d0734	denudo
d0736	denumero
d0737	denundinat
d0741	denuntio
d0743	denuo
d0744	deocco
d0745	deonero
d0746	deoperio
d0747	deoppilo
d0748	deopto
d0751	deorbito
d0755	deosculor
d0758	depalmo
d0759	depalo
d0760	depango
d0762	depasco
d0765	depeciscor
d0767	depecto
d0769	depectoro
d0771	depeculo
d0772	depello
d0773	depello
d0774	dependeo
d0775	dependo
d0778	deperco
d0780	deperdo
d0782	depereo
d0785	depeto
d0789	depilo
d0790	depingo
d0792	deplaco
d0793	deplango
d0796	deplano
d0797	deplanto
d0798	deplector
d0799	depleo
d0800	dissiungo
d0802	deplico
d0807	deploro
d0810	depluo
d0811	depoculo
d0812	depolio
d0815	depompo
d0816	depondero
d0817	deponefacio
d0818	depono
d0820	deponto
d0824	depopulo
d0828	deporto
d0829	deposco
d0836	depostulo
d0837	depoto
d0840	depraedo
d0842	depraesento
d0846	deprauo
d0855	depreco
d0856	deprehendo
d0861	depretio
d0862	deprimo
d0863	deproelior
d0864	depromo
d0865	depropero
d0867	depropinquat
d0869	depropitio
d0871	depso
d0874	depudesco
d0875	depudico
d0878	depugno
d0880	depulso
d0882	depalo
d0884	depungo
d0888	depurgo
d0890	deputo
d0891	depuuo
d0892	dequeror
d0893	derado
d0897	derelinquo
d0898	derepo
d0900	derideo
d0902	derigeo
d0902_sc	derigesco
d0903	deripio
d0912	deriuo
d0913	derodo
d0918	derogo
d0919	deruncino
d0920	deruncio
d0921	deruo
d0923	desacrifico
d0924	desacro
d0925	desaeuio
d0926	desalto
d0927	desalutat
d0929	desanno
d0930	descendo
d0933	descindo
d0934	descisco
d0936	descobino
d0937	describo
d0942	descrobo
d0943	desculpo
d0945	deseco
d0948	desenesco
d0950	desero
d0951	desero
d0952	deserpo
d0957	deseruio
d0962	desicco
d0963	desideo
d0968	desidero
d0973	desido
d0976	designo
d0977	desilio
d0978	desino
d0980	desipio
d0981	desisto
d0983	desiuo
d0988	desolo
d0989	desoluo
d0992	desorbeo
d0996	despecto
d0999	despeculo
d1002	desperno
d1003	despero
d1007	despicio
d1008	desplendesco
d1011	despolio
d1012	despondeo
d1015	desponso
d1017	despumo
d1018	despuo
d1020	desquamo
d1021	desterno
d1022	desterto
d1023	destico
d1025	destillo
d1026	destimulo
d1030	destino
d1032	destituo
d1035	destomachor
d1036	destrangulo
d1038	destringo
d1043	destruo
d1044	desuadeo
d1047	desubulo
d1050	desudo
d1050_sc	desudasco
d1051	desuefacio
d1052	desuefio
d1053	desuesco
d1055	desugo
d1056	desulco
d1057	desulto
d1061	desum
d1062	desumo
d1063	desuo
d1065	desurgo
d1068	detabesco
d1071	detego
d1072	detemporo
d1073	detendo
d1077	detento
d1079	detepesco
d1080	detergo
d1083	deterioro
d1088	determino
d1089	detero
d1091	deterreo
d1097	detestor
d1098	detexo
d1099	deticesco
d1100	detineo
d1101	detondeo
d1102	detono
d1104	detonso
d1105	detorno
d1106	detoro
d1107	detorqueo
d1108	detorreo
d1111	detraho
d1115	detrecto
d1116	detribuo
d1119	detriumpho
d1120	detrudo
d1122	detrunco
d1126	detumesco
d1127	detundo
d1128	deturbo
d1129	deturpo
d1130	deuagor
d1133	deuasto
d1134	deuecto
d1135	deueho
d1136	deuello
d1137	deuelo
d1138	deueneror
d1139	deuenio
d1140	deuenusto
d1141	deuerbero
d1143	deuergo
d1144	deuerro
d1145	deuersito
d1147	deuersor
d1153	deuerto
d1154	deuescor
d1155	deuestio
d1160	deuigeo
d1160_sc	deuigesco
d1161	deuincio
d1162	deuinco
d1164	deuindico
d1165	deuio
d1168	deuirgino
d1170	deuito
d1172	deungo
d1174	deuoco
d1175	deuolo
d1176	deuoluo
d1177	deuomo
d1183	deuoro
d1189	deuoto
d1190	deuoueo
d1191	deuro
d1197	deutor
d1325	dibalo
d1328	dibucino
d1349	dico
d1350	dico
d1358	dictaturio
d1363	dictito
d1365	dicto
d1368	dicturio
d1371	didintrio
d1372	dido
d1374	diduco
d1383	diffamo
d1384	diffatigo
d1386	differo
d1388	diffibulo
d1392	diffido
d1393	diffindo
d1394	diffingo
d1397	diffirmo
d1399	diffiteor
d1400	difflagito
d1402	diffleo
d1403	difflo
d1404	diffluo
d1405	diffluuio
d1408	diffringo
d1409	diffugio
d1411	diffulguro
d1412	diffulmino
d1413	diffundito
d1414	diffundo
d1418	diffutuo
d1423	digero
d1436	digladior
d1442	digno
d1443	dignoro
d1445	digredior
d1451	diiudico
d1463	dispendo
d1464	densesco
d1471	domino
d1554	diiugo
d1556	dilabor
d1558	dilacero
d1559	dilamino
d1560	dilancino
d1561	dilanio
d1564	dilapido
d1566	dilargior
d1572	dilato
d1575	dilaudo
d1579	dilido
d1581	diligo
d1582	diliquesco
d1585	dilorico
d1587	diluceo
d1587_sc	dilucesco
d1588	dilucido
d1590	diluculat
d1593	diluo
d1596	diluuio
d1601	dimadesco
d1602	dimano
d1606	dimetior
d1607	dimeto
d1610	dimico
d1613	dimidio
d1615	diminuo
d1620	dimitto
d1621	dimoueo
d1623	dinosco
d1624	dinoto
d1626	dinumero
d1644	diphthongo
d1661	dirado
d1663	dirapio
d1676	diribeo
d1680	dirigo
d1681	dirimo
d1682	diripio
d1684	dirumpo
d1685	diruo
d1690	disamo
d1692	discapedino
d1693	discarico
d1694	discaueo
d1695	discedo
d1700	discepto
d1703	discerno
d1704	discerpo
d1708	discerto
d1712	discido
d1713	discindo
d1714	discingo
d1721	discito
d1722	discludo
d1724	disco
d1731	disconduco
d1732	disconuenio
d1733	discooperio
d1735	discoquo
d1741	discordo
d1744	discorio
d1747	discredo
d1749	discrepito
d1750	discrepo
d1751	discresco
d1757	discribo
d1764	discrimino
d1766	discrucio
d1768	disculcio
d1769	discumbo
d1771	discupio
d1772	discurro
d1777	discurso
d1782	discutio
d1791	disglutino
d1792	disgrego
d1794	dishiasco
d1795	disicio
d1796	disiecto
d1800	disiungo
d1805	dispalesco
d1806	dispalo
d1807	dispando
d1808	dispango
d1810	disparasco
d1812	dispareo
d1815	disparo
d1817	dispateo
d1818	dispeciscor
d1821	dispello
d1831	dispenso
d1832	dispercutio
d1833	disperdo
d1834	dispereo
d1835	dispergo
d1836	disperno
d1839	dispertio
d1841	dispesco
d1842	dispicio
d1843	displano
d1844	displiceo
d1845	displico
d1846	displodo
d1850	dispono
d1854	dispudet
d1855	dispuluero
d1858	dispungo
d1865	disputo
d1866	disquiro
d1868	disraro
d1870	dissaepio
d1872	dissauio
d1873	disseco
d1876	dissemino
d1879	dissentio
d1881	disseparo
d1883	dissereno
d1884	dissero
d1885	dissero
d1886	dissero
d1887	disserpo
d1893	disserto
d1895	dissideo
d1898	dissido
d1899	dissigillo
d1902	dissigno
d1903	dissilio
d1910	dissimulo
d1915	dissipo
d1920	dissocio
d1922	dissoluo
d1926	dissono
d1931	dissuadeo
d1937	dissulto
d1938	dissuo
d1939	distabesco
d1940	distaedet
d1945	distempero
d1946	distendo
d1951	distermino
d1953	disterno
d1954	distero
d1955	distexo
d1957	distimulo
d1961	distinguo
d1963	distineo
d1964	disto
d1965	distorqueo
d1971	distraho
d1973	distribuo
d1981	distringo
d1982	distrigulo
d1983	distrunco
d1985	disturbo
d1988	disulco
d1992	ditesco
d1997	ditifico
d2000	dito
d2005	diuagor
d2007	diuarico
d2008	diuaro
d2009	diuasto
d2010	diuello
d2011	diuendo
d2012	diuentilo
d2022	diuerto
d2024	diuexo
d2029	diuido
d2039	diuino
d2046	diuito
d2048	diuoluo
d2053	diurno
d2063	diuulgo
d2066	do
d2067	doceo
d2079	doctito
d2088	documento
d2102	dogmatizo
d2113	doleo
d2122	dolito
d2124	dolo
d2151	dominor
d2153	domio
d2156	domito
d2161	domo
d2178	donifico
d2179	dono
d2184	dormio
d2184_sc	dormisco
d2188	dormito
d2200	doto
d2205	drachumisso
d2224	drenso
d2228	drindro
d2238	dropaco
d2262	dubito
d2264	dubo
d2279	duco
d2285	ductito
d2286	ducto
d2298	dulcesco
d2302	dulcifico
d2314	dulco
d2319	dumesco
d2376	duplico
d2378	duplo
d2389	dureo
d2389_sc	duresco
d2400	duro
d2427	deferuefio
d2428	deponefio
d2431	deluo
d7012	diuerbero
d7013	diuergo
d7315	dulcoro
d8008	despicor
d8009	despico
d8515	delato
d9262	deculto
d9295	decutio
d9322	dedomo
d9462	dehibeo
d9508	delatro
d9510	delauo
d9646	demollio
d9761	departio
d9772	depelliculor
d9874	depudet
d9875	defloresco
d9892	deferuo
e0006	ebibo
e0008	ebito
e0009	eblandior
e0016	ebrio
e0023	ebullio
e0075	edecimo
e0076	edento
e0081	edico
e0084	edicto
e0085	edisco
e0086	edissero
e0090	edisserto
e0094	edo
e0095	edo
e0097	edoceo
e0098	edolo
e0099	edomito
e0100	edomo
e0101	edormio
e0101_sc	edormisco
e0105	educo
e0106	educo
e0109	edulco
e0111	eduresco
e0112	eduro
e0118	effascino
e0121	effecundo
e0123	effemino
e0124	effero
e0125	effercio
e0127	effero
e0130	efferuo
e0130_sc	efferuesco
e0132	effeto
e0139	efficio
e0140	effio
e0142	effico
e0145	effigio
e0147	effindo
e0148	effingo
e0152	efflagito
e0154	effleo
e0156	efflicto
e0157	effligo
e0158	efflo
e0159	effloreo
e0159_sc	effloresco
e0160	effluo
e0160_sc	effluesco
e0165	effodio
e0166	effoedo
e0167	effor
e0168	efforo
e0175	effreno
e0176	effrico
e0177	effringo
e0178	effrondesco
e0180	effrutico
e0182	effugio
e0185	effugo
e0186	effulgo
e0188	effulguro
e0191	effumigo
e0192	effumo
e0193	effundo
e0195	effuso
e0200	effutio
e0201	effutuo
e0202	egelido
e0204	egelo
e0207	egeo
e0209	egermino
e0210	egero
e0216	egigno
e0221	egredior
e0225	egurgito
e0231	eiaculo
e0232	eicio
e0237	eiulo
e0242	eiuro
e0244	elabor
e0246	elaboro
e0249	elactesco
e0254	elambo
e0256	elanguesco
e0258	elapido
e0259	elaqueo
e0260	elargior
e0266	elato
e0267	elatro
e0268	elaudo
e0269	elauo
e0276	electo
e0292	elego
e0299	elentesco
e0316	eleuo
e0318	elibero
e0319	elicio
e0320	elido
e0321	eligo
e0324	elimino
e0325	elimo
e0326	elimpido
e0327	elingo
e0330	elinguo
e0331	elino
e0333	eliquesco
e0334	eliquo
e0338	elixo
e0345	elleboro
e0350	eloco
e0355	elogio
e0357	elonginquo
e0358	elongo
e0360	eloquor
e0363	eluceo
e0363_sc	elucesco
e0364	elucido
e0366	elucifico
e0368	eluctor
e0369	elucubro
e0371	eludificor
e0372	eludo
e0373	elugeo
e0376	eluo
e0378	elusco
e0380	elutrio
e0383	eluxurior
e0387	emacero
e0388	emacesco
e0389	emacio
e0391	emacresco
e0392	emaculo
e0394	emadesco
e0398	emancipo
e0399	emanco
e0400	emaneo
e0401	emano
e0404	emarcesco
e0406	emargino
e0408	emasculo
e0409	ematuresco
e0433	emeditor
e0434	emedullo
e0442	emendico
e0443	emendo
e0445	ementior
e0447	emeo
e0448	emercor
e0449	emereo
e0450	emergo
e0453	emetior
e0454	emeto
e0457	emico
e0459	emigro
e0461	emineo
e0463	eminiscor
e0465	eminor
e0469	emiror
e0475	emitesco
e0476	emitigo
e0477	emitto
e0479	emo
e0480	emoderor
e0481	emodulor
e0483	emolior
e0484	emollesco
e0485	emollio
e0486	emolo
e0489	emoneo
e0490	emorior
e0494	emoueo
e0506	emplastro
e0521	emptito
e0525	empturio
e0528	emugio
e0529	emulceo
e0531	emulgeo
e0535	emundo
e0536	emungo
e0537	emunio
e0538	emusco
e0541	emuto
e0553	enarro
e0554	enascor
e0557	enato
e0558	enauigo
e0560	encaenio
e0587	eneco
e0595	eniteo
e0595_sc	enitesco
e0596	enitor
e0609	eno
e0613	enodo
e0617	enotesco
e0619	enoto
e0640	enubilo
e0641	enubo
e0643	enucleo
e0644	enudo
e0646	enumero
e0647	enundino
e0651	enuntio
e0653	enutrio
e0655	eo
e0660	exardesco
e0661	exolesco
e0663	experiscor
e0664	elimo
e0666	euito
e0668	extento
e0681	epasco
e0717	epicurizo
e0790	epitomo
e0809	epoto
e0817	epulo
e0829	equio
e0838	equito
e0841	equor
e0846	eradico
e0847	erado
e0851	ercisco
e0854	eremigo
e0859	erepo
e0861	erepto
e0884	erigo
e0892	eripio
e0899	eriuo
e0902	erodo
e0907	erogito
e0908	erogo
e0925	erro
e0929	erubeo
e0929_sc	erubesco
e0932	eructo
e0933	eructuo
e0934	erudero
e0936	erudio
e0943	erugo
e0944	erugo
e0946	erumpo
e0948	eruncino
e0949	erunco
e0950	eruo
e0971	escendo
e0978	esco
e0982	esito
e0983	esolido
e0993	esurio
e1019	euacuo
e1020	euado
e1023	euagino
e1024	euago
e1025	eualesco
e1027	euallo
e1028	euallo
e1029	euanesco
e1035	euangelizo
e1036	euanno
e1039	euaporo
e1041	euasto
e1053	euecto
e1054	eueho
e1055	euelo
e1056	euello
e1057	euenio
e1058	euentilo
e1059	euenusto
e1060	euerbero
e1063	euergo
e1067	euerro
e1069	euerso
e1072	euerto
e1073	euestigo
e1084	euibro
e1088	euideor
e1089	euigesco
e1091	euigilo
e1092	euigoro
e1093	euilesco
e1094	euincio
e1095	euinco
e1097	euiresco
e1098	euiro
e1099	euiscero
e1102	euito
e1110	eunuchizo
e1111	eunucho
e1117	euoco
e1119	euolito
e1120	euolo
e1123	euoluo
e1124	euomo
e1163	euulgo
e1168	exabundo
e1169	exabutor
e1172	exacerbesco
e1174	exaceruo
e1175	exacesco
e1176	exacisclo
e1181	exacuo
e1186	exaedifico
e1188	exaequo
e1191	exaestuo
e1194	exaggero
e1197	exagito
e1200	exalapo
e1201	exalbesco
e1203	exalbo
e1207	exalto
e1210	exambio
e1211	exambulo
e1217	examino
e1218	examplexor
e1219	examurgo
e1221	exancillor
e1223	exanclo
e1229	exanimo
e1231	exaperio
e1232	exapto
e1234	exaquesco
e1237	exardeo
e1239	exhareno
e1240	exareo
e1240_sc	exaresco
e1242	exarmo
e1243	exaro
e1247	exasceo
e1250	exaspero
e1254	exauctoro
e1256	exaudio
e1259	exaugeo
e1261	exauguro
e1263	exauspico
e1264	exballisto
e1266	exbromo
e1269	excaeco
e1270	excalceo
e1273	excaldo
e1274	excalesco
e1275	excalefacio
e1278	excandefacio
e1279	excandesco
e1280	excanto
e1281	excarnifico
e1282	excastro
e1284	excatarisso
e1286	excauo
e1287	excedo
e1288	excello
e1295	excepto
e1299	excerebro
e1300	excerno
e1301	excerpo
e1307	excido
e1308	excido
e1309	excieo
e1311	excipio
e1322	excito
e1326	exclamito
e1327	exclamo
e1328	exclaro
e1329	excludo
e1333	excodico
e1346	excogito
e1348	excolo
e1349	excolo
e1350	excomedo
e1352	exconcinno
e1354	excondo
e1355	excommunico
e1360	excoquo
e1361	excordo
e1362	excorio
e1365	excortico
e1366	excratio
e1368	excremo
e1369	excrepo
e1370	excresco
e1371	excribello
e1375	excrucio
e1384	excubo
e1385	excudo
e1387	exculco
e1389	excuneo
e1391	excurio
e1392	excurro
e1396	excurso
e1406	excuso
e1410	excutio
e1411	exdorsuo
e1416	exedo
e1427	exemplo
e1432	exentero
e1433	exeo
e1434	exerco
e1443	exercito
e1447	exerro
e1448	exerugo
e1450	exsum
e1452	exfibulo
e1453	exfolio
e1455	exfundo
e1457	exhalo
e1458	exhaurio
e1460	exhausto
e1462	exherbo
e1465	exheredito
e1466	exheredo
e1468	exhibeo
e1473	exhilaro
e1475	exhonoro
e1476	exhorreo
e1476_sc	exhorresco
e1483	exhorto
e1484	exhumoro
e1486	exignesco
e1487	exigo
e1497	eximo
e1498	exinanio
e1502	exinfulo
e1506	existimo
e1512	exiuro
e1514	exmucco
e1516	exobruo
e1517	exobsecro
e1521	exoculo
e1526	exoleo
e1531	exonero
e1533	exopinisso
e1535	exopto
e1547	exorcizo
e1549	exordior
e1551	exorior
e1553	exorno
e1556	exoro
e1560	exosculor
e1561	exosso
e1566	expalleo
e1566_sc	expallesco
e1569	expallio
e1570	expalmo
e1571	expalpo
e1572	expando
e1573	expauefio
e1577	expatesco
e1579	expatro
e1581	expauefacio
e1582	expaueo
e1582_sc	expauesco
e1584	expectoro
e1588	expedio
e1591	expeiuro
e1592	expello
e1593	expendo
e1594	expenso
e1595	experdo
e1596	expergefacio
e1597	expergefio
e1598	expergifico
e1600	expergisco
e1601	expergo
e1604	experio
e1609	expetesso
e1612	expeto
e1620	expilo
e1621	expingo
e1622	expinso
e1623	expio
e1624	expiscor
e1630	explano
e1631	explanto
e1633	expleo
e1641	explico
e1642	explodo
e1647	exploro
e1649	expolio
e1652	expompo
e1653	expono
e1654	exporrigo
e1656	exporto
e1657	exposco
e1664	expostulo
e1668	exprimo
e1675	exprobro
e1676	expromitto
e1677	expromo
e1678	exprompto
e1679	expropero
e1680	expropitio
e1688	expugno
e1691	expulso
e1694	expumico
e1698	expungo
e1700	expurgo
e1701	exputesco
e1702	exputo
e1703	exquiro
e1708	exsacrifico
e1709	exsaeuio
e1712	exsanio
e1713	exsarcio
e1714	exsatio
e1717	exsaturo
e1718	exscalpo
e1719	exscindo
e1724	exscreo
e1725	exscribo
e1726	exsculpo
e1729	exseco
e1736	exsecro
e1745	exsequior
e1746	exsiccesco
e1747	exsequor
e1748	exsero
e1749	exserto
e1750	exsibilo
e1752	exilior
e1753	exsicco
e1754	exsigno
e1755	exsilio
e1756	exsimulo
e1757	exsinuo
e1759	exsoluo
e1762	exsono
e1763	exsorbeo
e1764	exsordesco
e1766	exspatio
e1771	exspecto
e1772	exspergo
e1774	exspiro
e1775	exsplendesco
e1778	exspolio
e1780	exspumo
e1781	exspuo
e1782	exsquamo
e1784	exsterno
e1785	exstillo
e1787	exstimulo
e1791	exstinguo
e1794	exstirpo
e1795	exsisto
e1799	exstruo
e1801	exsuco
e1804	exsudo
e1805	exsufflo
e1806	exsugo
e1812	exsulto
e1814	exsumptuo
e1819	exsupero
e1820	exsuppuro
e1821	exsurdo
e1822	exsurgo
e1825	exsuscito
e1827	extabesco
e1834	extendo
e1840	extento
e1843	extenuo
e1845	exterebro
e1846	extergo
e1852	extermino
e1855	extero
e1857	exterreo
e1859	extexo
e1861	extimesco
e1862	extimo
e1864	extollo
e1865	extorno
e1866	extorpeo
e1866_sc	extorpesco
e1867	extorqueo
e1868	extorreo
e1873	extracludo
e1875	extraho
e1879	extraneo
e1885	extrico
e1888	extro
e1890	extrudo
e1892	extubero
e1894	extumeo
e1894_sc	extumesco
e1896	extundo
e1897	exturbo
e1898	exturpo
e1899	extussio
e1901	exubero
e1903	exuibrisso
e1909	exulcero
e1910	exulo
e1911	exululo
e1913	exundo
e1914	exunguo
e1916	exungulo
e1917	exuo
e1918	exurgeo
e1919	exuro
e1932	excandefio
e1937	electo
e1939	elibero
e1940	exarefio
e1943	expilo
e1944	exsolesco
e1950	eneruesco
e1951	enexo
e8172	exacerbo
e8275	excalefio
e8302	exstillesco
e8392	excuro
e8545	exorbito
e8830	extempero
e9124	efferasco
e9178	effrigo
e9236	eiulito
e9237	eiecto
e9238	eiuncesco
e9409	ematuro
e9585	eneruo
e9808	excandeo
f0021	fabrico
f0026	fabrio
f0032	fabulo
f0037	facesso
f0040	facetior
f0041	faceto
f0048	facio
f0057	factito
f0058	facto
f0086	faenero
f0116	falcito
f0127	fallo
f0144	falso
f0149	famelico
f0154	famesco
f0161	famigero
f0164	familiaresco
f0180	famulo
f0186	fano
f0192	farcino
f0193	farcio
f0203	farior
f0231	fascino
f0234	fascio
f0240	fastidio
f0246	fastigo
f0251	fateor
f0260	fatigo
f0264	fatisco
f0266	fator
f0270	fatuor
f0271	faueo
f0274	fatuor
f0279	fauillesco
f0303	febresco
f0305	febricito
f0311	febrio
f0318	fecundo
f0323	felicito
f0326	felio
f0337	fellito
f0339	fello
f0348	femino
f0353	fenestro
f0358	ferasco
f0370	ferio
f0372	ferior
f0373	ferito
f0377	fermentesco
f0378	fermento
f0382	fero
f0384	ferocio
f0406	ferrumino
f0413	feruefacio
f0414	feruo
f0433	festino
f0439	feruefio
f0442	festuco
f0448	fetifico
f0450	feto
f0463	fibulo
f0498	fidicino
f0502	fido
f0506	fiducio
f0512	figo
f0516	figulo
f0524	figuro
f0546	findo
f0547	fingibili
f0548	fingo
f0549	finio
f0556	fintinnio
f0557	fio
f0563	firmo
f0569	fisco
f0572	fissiculo
f0584	fistulesco
f0585	fistulo
f0590	flabello
f0596	flacceo
f0596_sc	flaccesco
f0601	flagello
f0608	flagito
f0613	flagro
f0638	flammigero
f0639	flammigo
f0644	flammo
f0651	flato
f0655	flaueo
f0655_sc	flauesco
f0660	flecto
f0662	fleo
f0673	flexo
f0678	fligo
f0679	flo
f0685	floreo
f0716	fluctuo
f0719	fluento
f0721	fluido
f0723	fluito
f0730	fluo
f0730_sc	fluesco
f0743	fluuio
f0751	focilo
f0752	foculo
f0756	fodico
f0758	fodio
f0759	foedero
f0762	foedo
f0765	foetido
f0766	foeteo
f0781	folleo
f0782	follico
f0793	fomento
f0802	for
f0820	forfico
f0828	forio
f0844	formico
f0851	formido
f0857	formo
f0859	formoso
f0876	fornico
f0879	foro
f0884	fortesco
f0887	fortifico
f0898	fortuno
f0906	fosso
f0913	foueo
f0915	fraceo
f0915_sc	fracesco
f0917	fracesso
f0923	fragesco
f0931	fragro
f0933	frango
f0935	fraterculo
f0944	fratro
f0952	fraudo
f0959	fraxo
f0962	fremo
f0965	frendo
f0967	freno
f0976	frequento
f0977	frequentito
f0988	frico
f0992	frigefacio
f0993	frigefacto
f0994	frigeo
f0994_sc	frigesco
f0995	frigero
f1002	frigo
f1006	frigoro
f1010	friguttio
f1012	frio
f1015	fritinnio
f1018	frixo
f1024	frondeo
f1024_sc	frondesco
f1034	fructifico
f1039	frugesco
f1056	frumentor
f1057	frumo
f1059	fruniscor
f1060	fruor
f1071	frustro
f1079	fruticesco
f1080	frutico
f1086	fuco
f1096	fugio
f1100	fugito
f1103	fugo
f1106	fulcio
f1109	fulgo
f1109_sc	fulgesco
f1118	fulgurio
f1125	fulguro
f1127	fullonico
f1135	fulmino
f1146	fumesco
f1150	fumifico
f1154	fumigo
f1155	fumo
f1173	fundito
f1176	fundo
f1177	fundo
f1184	fungo
f1187	funero
f1188	funesto
f1203	furcillo
f1221	furio
f1222	furio
f1228	furo
f1230	furo
f1245	fusco
f1255	fustigo
f1260	futio
f1262	futo
f1265	futuo
f1270	fabrefacio
f1271	fabrefio
f1302	frigo
f9010	fabellor
f9045	facillo
f9225	foetesco
f9227	fideicommitto
f9228	fideiubeo
f9229	fidepromitto
f9316	febuo
f9317	fecundito
f9540	filo
f9644	flammesco
f9706	futo
f9795	fomito
f9910	floresco
f9911	feruesco
f9937	fraterno
f9993	frigidefacto
g0016	galaticor
g0034	galeo
g0062	gallulasco
g0076	ganio
g0077	gannio
g0081	gargarizo
g0090	garrio
g0093	garrulo
g0102	gaudeo
g0120	gelasco
g0128	gelo
g0140	gemino
g0144	gemisco
g0149	gemmasco
g0150	gemmesco
g0153	gemmo
g0156	gemo
g0168	generasco
g0174	genero
g0190	geniculo
g0202	geno
g0234	germinasco
g0237	germino
g0238	gero
g0268	gesticulor
g0271	gestio
g0272	gestito
g0274	gesto
g0288	gigno
g0308	gingrio
g0316	glabresco
g0318	glabro
g0321	glaciesco
g0322	glacio
g0351	glattio
g0352	glattito
g0357	glaucio
g0376	gliccio
g0380	glisco
g0385	globo
g0390	glocido
g0391	glocio
g0397	glomero
g0406	glorifico
g0409	glorior
g0420	glottoro
g0421	glubeo
g0422	glubo
g0435	glutino
g0438	gluttio
g0439	gluttio
g0449	gnarigo
g0450	gnario
g0476	graccito
g0482	gracilesco
g0485	gracillo
g0498	gradior
g0501	graecisso
g0503	graecor
g0522	granasco
g0529	grandesco
g0534	grandino
g0537	grandio
g0560	grassor
g0566	gratifico
g0571	grator
g0578	gratulor
g0589	grauesco
g0592	grauido
g0601	grauo
g0607	grego
g0615	grillo
g0630	grundio
g0631	gruo
g0643	guberno
g0666	gusto
g0690	gypso
g0695	gyro
h0004	habeo
h0015	habito
h0017	habituor
h0018	habiturio
h0029	haeresco
h0044	haereo
h0053	haesito
h0066	halito
h0074	halo
h0097	hamo
h0118	hariolor
h0127	harpago
h0147	haurio
h0158	hebeo
h0158_sc	hebesco
h0163	hebeto
h0203	helluor
h0274	herbeo
h0274_sc	herbesco
h0276	herbido
h0283	herbo
h0290	heredifico
h0295	heredito
h0351	hiasco
h0358	hiberno
h0365	hiemo
h0380	hieto
h0381	hilaresco
h0385	hilaro
h0397	hinnio
h0402	hio
h0404	hippaco
h0410	hippito
h0449	hirquitallio
h0451	hirrio
h0460	hisco
h0475	hiulco
h0485	holero
h0537	honesto
h0544	honorifico
h0548	honoro
h0565	hordior
h0569	horior
h0580	horoscopo
h0586	horreo
h0586_sc	horresco
h0596	horrifico
h0599	horripilo
h0614	horto
h0626	hospito
h0638	hostio
h0648	humano
h0653	humilifico
h0654	humilio
h0657	humilito
h0659	humilo
h0660	humo
h0723	hymnifico
h0724	hymnio
h0726	hymnizo
h0727	hymnodico
h0952	haudscio
h9162	hebetesco
i0002	iaceo
i0003	iacio
i0012	iactito
i0013	iacto
i0021	iaculo
i0057	ico
i0097	iduo
i0113	ieiuno
i0117	iento
i0121	ignauesco
i0123	ignauo
i0125	ignesco
i0141	ignio
i0153	ignobilito
i0155	ignominio
i0160	ignoro
i0162	ignosco
i0176	illabor
i0177	illaboro
i0182	illacrimo
i0186	illaedo
i0192	illaqueo
i0193	illargio
i0195	illatebro
i0201	illatro
i0207	illecebro
i0211	illecto
i0213	illego
i0215	illentesco
i0226	illiceor
i0229	illicio
i0232	illicito
i0235	illido
i0238	illigo
i0242	illimo
i0245	illino
i0247	illiquor
i0256	illubrico
i0258	illuceo
i0258_sc	illucesco
i0259	illuctor
i0261	illuculasco
i0262	illudio
i0264	illudo
i0268	illumino
i0281	illustro
i0293	imagino
i0298	imbarbesco
i0300	imbecillor
i0306	imbibo
i0307	imbito
i0309	imbracteo
i0315	imbrico
i0320	imbrifico
i0324	imbubino
i0325	imbulbito
i0326	imbuo
i0336	imito
i0339	immaculo
i0340	immadesco
i0342	immaneo
i0347	immarceo
i0349	immasso
i0357	immeio
i0368	immeo
i0370	immergo
i0376	immigro
i0377	immineo
i0378	imminuo
i0380	immisceo
i0388	immitto
i0403	immolo
i0404	immordeo
i0405	immorior
i0406	immoror
i0410	immoueo
i0411	immugio
i0412	immulgeo
i0417	immunio
i0421	immurmuro
i0428	immutesco
i0430	immuto
i0436	impallesco
i0439	impancro
i0448	impasco
i0459	impedico
i0461	impedio
i0463	impedo
i0464	impello
i0465	impendeo
i0469	impendo
i0475	impenso
i0484	imperco
i0495	imperito
i0499	impermisceo
i0503	impero
i0514	impertio
i0522	impesco
i0527	impeto
i0532	impetrio
i0533	impetro
i0539	impico
i0547	impingo
i0549	impinguesco
i0551	impinguo
i0552	impio
i0558	implago
i0560	implano
i0564	implecto
i0566	impleo
i0572	implicisco
i0573	implicito
i0574	implico
i0577	imploro
i0578	implumbo
i0580	impluo
i0591	impono
i0593	imporco
i0599	importo
i0614	impraegno
i0626	imprecor
i0629	impresso
i0632	imprimo
i0638	improbito
i0639	improbo
i0652	impropero
i0677	impugno
i0679	impulso
i0691	impuro
i0697	imputo
i0698	imputresco
i0706	inabscondo
i0715	inaccresco
i0718	inacesco
i0726	inaedifico
i0731	inaequo
i0734	inaestuo
i0739	inalbeo
i0739_sc	inalbesco
i0740	inalbo
i0741	inalgesco
i0743	inalligo
i0745	inaltero
i0746	inalto
i0748	inamaresco
i0749	inamarico
i0753	inambulo
i0756	inanesco
i0766	inanio
i0775	inaquo
i0778	inardesco
i0779	inareo
i0779_sc	inaresco
i0780	inargento
i0783	inaro
i0789	inassero
i0798	inaudio
i0801	inauguro
i0805	inauro
i0816	incalesco
i0817	incalfacio
i0818	incallesco
i0820	incallo
i0821	incalo
i0822	incandesco
i0823	incandido
i0824	incaneo
i0824_sc	incanesco
i0828	incanto
i0831	incapistro
i0836	incarno
i0844	incauillor
i0845	incauo
i0848	incedo
i0853	incendefacio
i0858	incendo
i0859	inceno
i0871	incepto
i0874	incerno
i0875	incero
i0877	incerto
i0882	incesso
i0885	incesto
i0889	incaraxo
i0895	incibo
i0897	incido
i0898	incido
i0901	incilo
i0903	incinero
i0904	incingo
i0906	incino
i0907	incipio
i0908	incipisso
i0923	incito
i0929	inclamito
i0930	inclamo
i0931	inclaresco
i0935	inclaudico
i0944	inclino
i0945	includo
i0955	incogito
i0957	incognosco
i0960	incoho
i0965	incolo
i0974	incomitio
i0984	incommodo
i1008	inconcilio
i1079	incoprio
i1080	incoquo
i1088	incorporo
i1098	incoxo
i1099	incrasso
i1101	increbresco
i1102	increbro
i1109	incremento
i1116	increpito
i1117	increpo
i1118	incresco
i1119	increto
i1120	incribro
i1126	incrusto
i1130	incubito
i1131	incubo
i1134	incudo
i1137	inculco
i1141	inculpo
i1143	incumbo
i1148	influesco
i1156	incurro
i1161	incursito
i1162	incurso
i1166	incuruesco
i1169	incuruo
i1176	incuso
i1179	incutio
i1185	indago
i1190	indeceo
i1197	indecoro
i1228	indepto
i1252	indico
i1253	indico
i1264	indigeo
i1270	inhaeresco
i1272	indigito
i1280	indigno
i1286	indilucesco
i1290	indipisco
i1295	indisco
i1325	indo
i1336	indolesco
i1342	indormio
i1343	indormisco
i1346	indrutico
i1351	indubito
i1352	induco
i1361	indulco
i1362	indulgeo
i1366	induo
i1367	indeceo
i1368	induresco
i1369	induro
i1372	indusio
i1383	inebrio
i1408	inemorior
i1421	ineo
i1423	ineptio
i1428	inequito
i1431	inermo
i1433	inerro
i1439	inesco
i1503	infaeco
i1509	infamo
i1517	infanto
i1522	infatuo
i1527	infecto
i1534	infelico
i1538	infenso
i1541	infercio
i1544	infermento
i1548	infero
i1552	inferuefacio
i1553	inferueo
i1553_sc	inferuesco
i1557	infesto
i1559	infibulo
i1562	inficio
i1563	inficisco
i1567	infigo
i1572	infimo
i1574	infindo
i1575	infingo
i1584	infirmo
i1586	infio
i1587	infiteor
i1595	infitior
i1596	inflabello
i1598	inflagro
i1602	inflammo
i1607	inflecto
i1613	infligo
i1614	inflo
i1615	infloresco
i1617	influo
i1620	infodio
i1628	informo
i1629	inforo
i1640	infremo
i1642	infrendo
i1644	infreno
i1648	infrico
i1649	infricolo
i1650	infrigesco
i1651	infrigido
i1652	infringo
i1653	infrio
i1662	infuco
i1667	infulcio
i1668	infulgeo
i1670	infumo
i1671	infundo
i1672	infusco
i1676	ingemesco
i1678	ingemino
i1679	ingemmesco
i1680	ingemo
i1681	ingenero
i1683	ingeniculo
i1692	ingero
i1695	ingigno
i1696	inglomero
i1699	inglutio
i1702	ingrandesco
i1708	ingrauesco
i1709	ingrauido
i1711	ingrauo
i1712	ingredior
i1714	ingruo
i1719	ingurgito
i1721	ingusto
i1727	inhabito
i1728	inhaereo
i1729	inhalo
i1730	inheredito
i1732	inhibeo
i1734	inhieto
i1735	inhio
i1736	inhisco
i1739	inhonesto
i1746	inhonoro
i1747	inhorreo
i1747_sc	inhorresco
i1748	inhortor
i1757	inhumo
i1759	inicio
i1763	iniecto
i1764	inigo
i1766	inimico
i1781	iniquo
i1788	initio
i1790	inito
i1797	iniungo
i1800	iniurio
i1803	iniuro
i1808	iniuuenesco
i1812	innascor
i1813	innato
i1815	innauigo
i1816	innecto
i1818	innidifico
i1819	innigro
i1820	innitor
i1821	inno
i1826	innodo
i1830	innotesco
i1833	innoto
i1835	innouo
i1839	innubilo
i1842	innubo
i1851	innuo
i1854	innutrio
i1856	inoblector
i1859	inoboedio
i1872	inocco
i1875	inoculo
i1876	inodio
i1877	inodoro
i1882	inolesco
i1885	inopaco
i1886	inoperor
i1908	inorno
i1909	inoro
i1914	inquam
i1919	inquieto
i1926	inquino
i1927	inquiesco
i1928	inquiro
i1933	insaepio
i1935	insaeuio
i1941	insanio
i1944	insaporo
i1945	insarcio
i1955	inscalpo
i1956	inscendo
i1959	inscindo
i1965	inscribo
i1970	inscrutor
i1973	inseco
i1974	inseco
i1977	insecto
i1986	insemino
i1987	insenesco
i1998	insequor
i2001	insero
i2002	insero
i2003	inserpo
i2007	inserto
i2008	inseruio
i2009	inseruo
i2011	insibilo
i2016	insideo
i2020	insidio
i2022	insido
i2026	insignio
i2030	insilio
i2031	insimulo
i2039	insinuo
i2042	insipio
i2043	insisto
i2054	insolesco
i2058	insolo
i2069	insono
i2075	insordesco
i2076	insordido
i2084	inspecto
i2090	inspergo
i2093	inspicio
i2095	inspico
i2100	inspiro
i2101	inspisso
i2103	inspumo
i2104	inspuo
i2105	inspurco
i2106	insputo
i2107	instabilio
i2115	instauro
i2116	instercoro
i2117	insterno
i2122	instigo
i2124	instillo
i2126	instimulo
i2128	instinguo
i2129	instipo
i2130	instipulor
i2136	instituo
i2140	insto
i2143	instrepito
i2144	instrepo
i2145	instrido
i2146	instringo
i2151	instruo
i2163	insubulo
i2166	insuco
i2167	insudo
i2168	insuefacio
i2169	insuesco
i2174	insufflo
i2181	insulco
i2190	insulto
i2191	insum
i2193	insumo
i2195	insuo
i2200	insurgo
i2206	insusurro
i2207	intabesco
i2211	intamino
i2212	intardo
i2215	intego
i2216	integrasco
i2220	integro
i2231	intellego
i2233	intemero
i2245	intendo
i2246	intenebrico
i2247	intenebro
i2252	intento
i2253	intepeo
i2253_sc	intepesco
i2256	interaestuo
i2257	interalbico
i2264	interaresco
i2266	interbibo
i2267	interbito
i2268	interblandior
i2272	intercalco
i2273	intercalo
i2274	intercapedino
i2278	intercedo
i2283	intercido
i2284	intercido
i2286	intercino
i2287	intercipio
i2290	interclamo
i2292	intercludo
i2294	intercurro
i2295	intercurso
i2300	interdico
i2307	interdo
i2317	intereo
i2318	interequito
i2319	intererro
i2329	interficio
i2331	interfio
i2332	interflo
i2333	interfluo
i2335	interfodio
i2336	interfor
i2337	interfrigesco
i2338	interfringo
i2339	interfugio
i2340	interfulgeo
i2341	interfundo
i2342	interfuro
i2344	intergarrio
i2346	intergero
i2348	interhio
i2349	interiaceo
i2353	intericio
i2357	interimo
i2360	interiungo
i2362	interlabor
i2363	interlateo
i2364	interlatro
i2366	interlego
i2367	interlido
i2368	interligo
i2370	interlino
i2373	interloquor
i2375	interluceo
i2376	interluco
i2377	interludo
i2380	interluo
i2382	intermaneo
i2383	intermano
i2386	intermeo
i2388	intermico
i2391	interminor
i2393	intermisceo
i2395	intermitto
i2397	intermorior
i2398	intermoueo
i2401	intermuto
i2402	internascor
i2404	internato
i2410	interneco
i2411	internecto
i2412	internidifico
i2413	internigro
i2414	interniteo
i2417	internosco
i2419	internuntio
i2422	intero
i2426	interpateo
i2427	interpedio
i2431	interpello
i2433	interplico
i2440	interpolo
i2441	interpono
i2452	interpreto
i2453	interprimo
i2455	interpungo
i2456	interpurgo
i2457	interputo
i2458	interquiesco
i2459	interrado
i2465	interrigo
i2476	interrogo
i2477	interrumpo
i2480	intersaepio
i2484	interscateo
i2485	interscindo
i2486	interscribo
i2487	interseco
i2489	intersemino
i2490	intersero
i2491	intersero
i2493	intersisto
i2494	intersono
i2496	interspergo
i2498	interspiro
i2499	intersterno
i2502	interstinguo
i2506	intersto
i2507	interstrepo
i2508	interstringo
i2509	interstruo
i2510	intersum
i2511	intertalio
i2512	intertexo
i2514	intertraho
i2518	interturbo
i2523	interuaco
i2524	interuado
i2525	interuallo
i2526	interueho
i2527	interuello
i2529	interuenio
i2534	interuersor
i2536	interuerto
i2538	interuibro
i2539	interuigilo
i2540	interuireo
i2541	interuiso
i2544	interuolito
i2545	interuolo
i2546	interuomo
i2552	intexo
i2557	intimo
i2560	intinguo
i2562	intitulo
i2565	intolero
i2566	intollo
i2567	intondeo
i2568	intono
i2569	intorqueo
i2577	intraho
i2585	intremo
i2589	intribuo
i2591	intrico
i2594	intrio
i2596	intro
i2597	introcedo
i2606	introgredior
i2609	introporto
i2610	introrepo
i2612	introrumpo
i2614	introspicio
i2615	introtrudo
i2620	intuo
i2622	intumesco
i2624	intundo
i2627	inturgesco
i2630	inuado
i2631	inualeo
i2637	inubero
i2638	inudo
i2644	inueho
i2649	inuenio
i2659	inuergo
i2662	inuerso
i2665	inuerto
i2666	inuesperasco
i2671	inuestigo
i2672	inuestio
i2674	inueterasco
i2678	inuetero
i2683	inuideo
i2687	inuigilo
i2688	inuilesco
i2689	inuilito
i2693	inuio
i2696	inuiolo
i2698	inuiscero
i2701	inuisito
i2702	inuiso
i2713	inuito
i2718	inulcero
i2719	inulciscor
i2723	inumbro
i2724	inumigo
i2725	inunco
i2728	inundo
i2729	inunguo
i2733	inuoco
i2734	inuolito
i2735	inuolo
i2741	inuoluo
i2743	inuoluto
i2746	inurgeo
i2747	inurino
i2748	inuro
i2754	inuulgo
i2763	ioco
i2770	ioculo
i2788	iror
i2788_sc	irasco
i2797	irrito
i2802	irradio
i2803	irrado
i2808	irraucesco
i2841	irrepo
i2847	irrepto
i2858	irretio
i2868	irrido
i2873	irrigo
i2887	irrito
i2889	irroborasco
i2891	irrogo
i2893	irroro
i2894	irroto
i2895	irrubesco
i2896	irrubio
i2897	irructo
i2898	irrufo
i2900	irrugio
i2901	irrugo
i2905	irrumo
i2906	irrumpo
i2907	irruo
i2909	irrutilo
i2966	itero
i2971	itineror
i2973	itito
i2974	ito
i2980	iubeo
i2983	iubilo
i2988	iucundo
i2999	iudico
i3013	iugilo
i3015	iugo
i3016	iugo
i3023	iugulo
i3026	iugumento
i3044	iungo
i3057	iurgio
i3060	iurgo
i3067	iuro
i3086	iusto
i3096	iuuenculesco
i3097	iuueneo
i3097_sc	iuuenesco
i3104	iuuenor
i3107	iuuento
i3110	iuuo
i3116	incalfio
i3117	incendefio
i3118	inferuefio
i3119	insuefio
i3121	imbrico
i3139	inaurio
i3178	inhamo
i6081	iustifico
i7042	insipio
i7889	irroboro
i8955	insculpo
i9021	igneo
i9340	immadido
i9462	impedito
i9546	impilo
i9920	introcurro
i9921	introdo
i9922	introduco
i9923	introfero
i9924	introeo
i9925	intromitto
i9926	introspecto
i9927	introuoco
i9929	intremesco
i9930	inualesco
l0007	labefacio
l0009	labefacto
l0010	labefio
l0021	labito
l0024	labasco
l0025	labor
l0030	laboro
l0044	labo
l0054	lacero
l0061	lacesso
l0062	lachanizo
l0068	lacio
l0074	lacrimo
l0080	lacteo
l0080_sc	lactesco
l0090	lactito
l0091	lacto
l0100	lacullo
l0103	lacuno
l0111	laedo
l0115	labesco
l0122	laetifico
l0124	laetisco
l0128	laeto
l0146	labiscor
l0151	lallo
l0154	lambero
l0156	lambito
l0157	lambo
l0166	lamento
l0182	lampo
l0191	lanceo
l0196	lancino
l0203	languefio
l0205	languefacio
l0206	langueo
l0228	lanio
l0233	laqueo
l0260	lapidesco
l0262	lapido
l0265	lapillisco
l0269	lapio
l0280	lapso
l0284	laqueo
l0289	largifico
l0294	largio
l0313	laruo
l0320	lasciuio
l0323	lasciuo
l0331	lassesco
l0333	lasso
l0342	latesco
l0352	latero
l0356	latibulo
l0361	latifico
l0365	latinizo
l0366	latino
l0373	latito
l0383	latro
l0388	latrocino
l0402	latito
l0411	laudo
l0415	lauito
l0416	lauo
l0446	laxo
l0461	lectito
l0463	lecto
l0470	lecturio
l0493	legito
l0495	lego
l0496	lego
l0502	lacto
l0513	lenifico
l0516	lenio
l0521	leno
l0525	lenocinor
l0529	lenteo
l0529_sc	lentesco
l0541	lento
l0550	leo
l0593	leto
l0637	leuigino
l0638	leuigo
l0646	leuo
l0684	libero
l0691	libeo
l0693	libidinor
l0697	libo
l0711	libro
l0715	liceo
l0722	licinio
l0727	licitor
l0731	lido
l0748	lignor
l0753	ligo
l0756	ligurrio
l0788	limito
l0792	limo
l0799	limpido
l0818	lineo
l0820	lambisco
l0821	lingo
l0835	linio
l0841	lino
l0845	linquo
l0849	lauasco
l0855	limo
l0863	lio
l0867	lippio
l0878	liquefacio
l0880	liquefio
l0881	liqueo
l0881_sc	liquesco
l0887	liquo
l0888	liquor
l0894	liro
l0916	litigo
l0917	lito
l0927	luo
l0937	lituro
l0940	liueo
l0940_sc	liuesco
l0942	liuido
l0964	locito
l0965	loco
l0974	locupleto
l0976	lio
l0995	luto
l1007	longaeuito
l1017	longinquo
l1019	longio
l1021	longisco
l1028	longo
l1041	loquitor
l1042	loquo
l1051	lorico
l1065	lubrico
l1075	luceo
l1085	lucido
l1094	lucino
l1106	lucrifico
l1111	lucro
l1122	luctifico
l1125	luctito
l1126	lucto
l1131	lucubro
l1147	ludicror
l1153	ludifico
l1157	ludo
l1161	lugo
l1178	lumino
l1183	luno
l1185	luo
l1198	lupio
l1199	lupor
l1203	lurco
l1205	lureo
l1219	lusito
l1232	lustro
l1240	lutesco
l1243	lutito
l1244	luto
l1247	lutulento
l1252	luxo
l1255	luxurio
l1280	lympho
l1297	latesco
l1298	lateo
l8007	longaeuo
l8252	luxor
l9893	leuigo
l9894	leuo
l9915	lucrifacio
l9916	lucrifio
l9917	languesco
l9918	lucesco
l9921	lustror
m0012	maceresco
m0017	macero
m0018	maceo
m0018_sc	macisco
m0030	machinor
m0035	maciesco
m0038	macino
m0039	macio
m0042	macresco
m0053	macto
m0058	maculo
m0060	madefacio
m0061	madefio
m0062	madefacto
m0064	madeo
m0064_sc	madesco
m0065	madido
m0077	maereo
m0080	moestifico
m0083	maesto
m0105	magistro
m0122	magnifico
m0150	malacisso
m0158	malaxo
m0168	malefio
m0170	maleficio
m0187	maligno
m0206	malo
m0213	maltho
m0230	mammo
m0252	mancipo
m0260	mando
m0261	mando
m0269	manduco
m0273	maneo
m0279	mangonico
m0283	manico
m0291	manifesto
m0305	mano
m0309	mansito
m0313	mansuefacio
m0314	mansuefio
m0317	mansuesco
m0319	mansueto
m0330	manticulor
m0333	mantiscinor
m0334	manto
m0358	manuor
m0371	marceo
m0371_sc	marcesco
m0387	margino
m0396	marito
m0404	marmoro
m0419	masculesco
m0428	masso
m0434	mastico
m0441	masturbor
m0450	maturefio
m0456	materio
m0466	matresco
m0490	maturefacio
m0491	maturesco
m0493	maturo
m0493_sc	maturasco
m0525	medeor
m0547	medico
m0555	medio
m0572	meditor
m0578	medullo
m0588	mingo
m0627	melioro
m0651	mellifico
m0687	membror
m0693	memini
m0706	memoro
m0721	mendico
m0743	menstruo
m0754	mensuro
m0760	mentio
m0768	meo
m0784	miseresco
m0787	merco
m0791	merendo
m0792	mereo
m0797	meretricor
m0802	mergito
m0803	mergo
m0812	meridio
m0817	merito
m0825	mersito
m0826	merso
m0827	merto
m0893	metio
m0894	meto
m0897	meto
m0917	metuo
m0954	miccio
m0957	mico
m0963	mictito
m0966	micturio
m0973	migro
m0990	milito
m1024	mineo
m1032	minio
m1033	miniscor
m1042	ministro
m1046	minito
m1048	mino
m1051	minoro
m1054	mintrio
m1056	minuisco
m1057	minuo
m1058	minurrio
m1071	minuto
m1087	mirifico
m1092	miro
m1097	misceo
m1097_sc	misco
m1105	misereo
m1113	misero
m1119	missiculo
m1122	missito
m1127	mitesco
m1129	mitifico
m1135	mitigo
m1136	mitio
m1143	mitto
m1158	mobilito
m1167	modero
m1177	modifico
m1188	modulo
m1196	moechisso
m1198	moechor
m1212	molendo
m1215	molesto
m1223	molio
m1227	molleo
m1227_sc	mollesco
m1232	mollifico
m1236	mollio
m1245	molo
m1289	monefacio
m1292	moneo
m1299	monito
m1354	monstro
m1384	morbesco
m1385	morbido
m1389	morbifico
m1395	mordeo
m1400	mordico
m1407	morigero
m1411	morio
m1416	moro
m1423	morsico
m1433	mortifico
m1439	morturio
m1451	motito
m1453	moto
m1456	moueo
m1459	muceo
m1459_sc	mucesco
m1475	mugilo
m1476	muginor
m1477	mugio
m1485	mulceo
m1587	mulco
m1593	mulgeo
m1600	muliero
m1608	mullo
m1671	multiplico
m1683	multito
m1693	multo
m1707	mundifico
m1713	mundo
m1723	munero
m1724	mungo
m1732	munico
m1739	munifico
m1743	munio
m1747	munito
m1778	murmurillo
m1781	murmuro
m1782	muro
m1813	musco
m1823	musico
m1827	musinor
m1834	mussito
m1836	musso
m1853	mutesco
m1857	mutilo
m1862	mutito
m1864	muto
m1866	muttio
m1873	mutuitor
m1876	mutuo
m9603	magnifacio
m9604	malefacio
m9605	multifacio
m9606	maledico
m9607	manumitto
m9608	magnifio
m9609	multifio
n0009	nablizo
n0012	nancio
n0013	nanciscor
n0039	narro
n0044	nasco
n0064	natinor
n0069	nato
n0081	nauculor
n0087	naufrago
n0102	nauigo
n0108	nauo
n0112	nausco
n0117	nauseo
n0148	necesso
n0151	neco
n0160	necto
n0180	negito
n0184	neglego
n0185	nego
n0193	negotior
n0198	negumo
n0211	neo
n0226	nepotor
n0233	nequeo
n0249	nescio
n0269	nexo
n0275	nictio
n0276	nicto
n0281	nidifico
n0286	nidulor
n0293	nigrefio
n0294	nigreo
n0294_sc	nigresco
n0295	nigrico
n0298	nigrifico
n0301	nigro
n0313	ningo
n0322	nitor
n0325	niteo
n0329	nitido
n0335	niueo
n0335_sc	niuesco
n0338	niuit
n0442	nixor
n0443	nixurio
n0444	no
n0447	nobilito
n0448	noceo
n0453	noctesco
n0478	nodo
n0489	nolo
n0504	nominito
n0505	nomino
n0529	normo
n0533	noscito
n0534	nosco
n0543	notesco
n0548	notifico
n0552	noto
n0567	nouello
n0579	nouercor
n0586	nouo
n0602	nubilo
n0606	nubo
n0616	nucleo
n0627	nudo
n0641	nugor
n0647	nullifico
n0658	numero
n0676	nuncupo
n0684	nundino
n0689	nuntio
n0699	nupto
n0701	nupturio
n0710	nuto
n0712	nutrico
n0717	nutrifico
n0720	nutrio
n0750	nenior
n0756	nefacio
n9320	nitefio
n9322	nitefacio
n9701	nuptuio
n9823	nitesco
n9911	nigrefacio
o0003	obacerbo
o0004	obacero
o0005	obaemulor
o0008	obagito
o0010	obambulo
o0011	obardeo
o0011_sc	obardesco
o0012	obaresco
o0013	obarmo
o0014	obaro
o0017	obatresco
o0019	obaudio
o0022	obbibo
o0023	obbrutesco
o0025	obdo
o0026	obdormio
o0027	obdormito
o0028	obduco
o0030	obducto
o0031	obdulcesco
o0032	obdulco
o0034	obdurefacio
o0035	obduresco
o0038	obelo
o0040	obeo
o0041	obequito
o0042	oberro
o0045	obeso
o0047	obhaereo
o0048	obherbesco
o0049	obhorresco
o0050	obhumo
o0051	obiaceo
o0052	obicio
o0058	obiecto
o0061	obirascor
o0068	obiurgo
o0069	obiuro
o0070	oblanguesco
o0072	oblaqueo
o0080	oblatro
o0087	oblecto
o0090	oblenio
o0091	oblido
o0094	obligo
o0095	obligurio
o0096	oblimo
o0097	oblingo
o0098	oblinio
o0099	oblino
o0102	obliquo
o0104	oblitesco
o0107	oblittero
o0112	obliuiscor
o0114	obloco
o0120	obloquor
o0121	obluceo
o0123	obluctor
o0125	obludio
o0126	obludo
o0130	obmento
o0132	obmisceo
o0133	obmolior
o0134	obmordeo
o0135	obmoueo
o0137	obmurmuro
o0138	obmussito
o0139	obmusso
o0140	obmutesco
o0142	obnecto
o0143	obnitor
o0146	obnoxio
o0151	obnubilo
o0152	obnubo
o0154	obnuntio
o0156	oboedio
o0159	oboleo
o0162	oborior
o0163	obradio
o0165	obrelinquo
o0167	obrepo
o0171	obrepto
o0172	obretio
o0174	obrigeo
o0174_sc	obrigesco
o0177	obrodo
o0179	obrogo
o0180	obrubesco
o0181	obructo
o0182	obruo
o0187	obsaepio
o0189	obsaluto
o0190	obsatullo
o0191	obsaturo
o0192	obscaeuo
o0194	obdormisco
o0197	obscurefacio
o0202	obscuro
o0205	obsecro
o0209	obsecundo
o0218	obsequor
o0221	obsero
o0222	obsero
o0228	obseruito
o0229	obseruo
o0234	obsibilo
o0236	obsideo
o0241	obsidio
o0243	obsido
o0246	obsigno
o0247	obsipo
o0248	obsisto
o0249	obsolefacio
o0250	obsolesco
o0252	obsono
o0255	obsonito
o0257	obsono
o0258	obsopio
o0259	obsorbeo
o0262	obsterno
o0264	obstetrico
o0267	obstineo
o0268	obstino
o0269	obstupeo
o0269_sc	obstipesco
o0271	obsto
o0273	obstrangulo
o0276	obstrepito
o0277	obstrepo
o0280	obstrigillo
o0282	obstringo
o0285	obstruo
o0287	obstupefacio
o0289	obstupro
o0290	obsufflo
o0291	obsum
o0291_sc	obsum
o0292	obsuo
o0293	obsurdesco
o0294	obtaedescit
o0295	obtego
o0297	obtempero
o0298	obtendo
o0299	obtenebresco
o0300	obtenebro
o0302	obtero
o0304	obtestor
o0305	obtexo
o0307	obticeo
o0307_sc	obticesco
o0309	obtineo
o0310	obtingo
o0311	obtinnio
o0312	obtorpesco
o0313	obtorqueo
o0315	obtraho
o0318	obtrecto
o0320	obtrudo
o0322	obtrunco
o0323	obtueor
o0324	obtundo
o0329	obturbo
o0330	obturgesco
o0331	obturo
o0336	obuagio
o0337	obuagulo
o0338	obuallo
o0341	obuaro
o0342	obuelo
o0344	obuenio
o0347	obuerbero
o0350	obuerso
o0351	obunco
o0352	obuerto
o0353	obuigilo
o0355	obuolito
o0356	obuoluo
o0359	obuolutor
o0364	occaeco
o0365	occaedo
o0368	occallesco
o0376	occedo
o0379	occento
o0380	occepto
o0386	occido
o0387	occido
o0390	occillo
o0391	occino
o0392	occipio
o0396	occisito
o0398	occlamito
o0399	occlaresco
o0401	occludo
o0403	occo
o0404	occresco
o0405	occubo
o0406	occulco
o0407	occulo
o0411	occulto
o0412	occumbo
o0417	occupo
o0419	occuro
o0420	occurro
o0426	occursito
o0427	occurso
o0437	ocquinisco
o0441	obhaeresco
o0444	obsoleo
o0450	oblaqueo
o0468	octiplico
o0488	odoror
o0500	oculo
o0506	odefacio
o0508	odio
o0526	odoro
o0562	offendo
o0570	offenso
o0573	offero
o0581	officio
o0586	offigo
o0588	offirmo
o0589	offlecto
o0590	offoco
o0591	offreno
o0592	offringo
o0595	offulcio
o0596	offulgeo
o0597	offundo
o0599	offusco
o0602	oggannio
o0603	oggero
o0637	olo
o0643	olesco
o0645	oleto
o0648	olfacio
o0650	olfacto
o0657	olimo
o0670	oliuo
o0696	omino
o0699	omitto
o0700	ommento
o0744	onco
o0747	onero
o0769	onusto
o0777	opaco
o0790	operculo
o0792	operio
o0793	opero
o0798	operto
o0821	opimo
o0831	opino
o0837	oppugno
o0843	opitulo
o0853	oporteo
o0854	oppallesco
o0855	oppando
o0856	oppango
o0857	oppecto
o0858	oppedo
o0859	opperior
o0860	oppessulo
o0861	oppeto
o0862	oppilo
o0863	oppico
o0871	oppignero
o0874	oppilo
o0875	oppleo
o0876	opploro
o0877	oppono
o0884	opprimo
o0889	opprobro
o0894	oppugno
o0895	opputo
o0896	oppuuio
o0909	opto
o0913	opulento
o0915	opulesco
o0944	orbifico
o0951	orbo
o0977	ordino
o0978	ordio
o1006	orior
o1025	orno
o1027	oro
o1070	oscillo
o1075	oscito
o1079	osculor
o1095	ostendo
o1108	ostento
o1145	otior
o1156	ouico
o1167	ouo
o1201	osculo
o9036	obduro
o9249	obsolefio
o9251	obsoleto
o9287	obstupefio
o9344	obuio
o9350	obumbro
o9648	olfio
o9742	occano
p0009	pabulor
p0019	pacifico
p0021	pacisco
p0022	paco
p0023	paco
p0028	pactuor
p0035	paedagogo
p0041	paedico
p0052	paeniteo
p0072	pagino
p0084	palaestro
p0108	palitor
p0114	palleo
p0114_sc	pallesco
p0118	pallio
p0123	pallo
p0133	palmesco
p0141	palmo
p0147	palo
p0148	palo
p0158	palpebro
p0160	palpito
p0161	palpo
p0188	pampino
p0213	pandiculor
p0214	pando
p0215	pando
p0217	pandurizo
p0223	pango
p0276	pappo
p0279	papulo
p0351	parasitor
p0361	paratragoedo
p0367	parco
p0390	parento
p0391	pareo
p0410	pario
p0411	pario
p0413	parito
p0419	paro
p0442	paruifio
p0459	participo
p0468	partio
p0472	partito
p0477	parturio
p0481	paruifacio
p0496	pascito
p0497	pasco
p0513	passito
p0517	passo
p0523	pastillico
p0529	pastino
p0540	patagino
p0543	patefacio
p0544	patefio
p0549	pateo
p0566	patio
p0586	patrisso
p0589	patro
p0592	patrocinor
p0600	pauefio
p0606	pauefacio
p0607	paueo
p0607_sc	pauesco
p0610	pauido
p0614	pauimento
p0616	pauio
p0619	pauito
p0632	pauperesco
p0635	paupero
p0639	paupulo
p0644	pauso
p0659	pecco
p0668	pectino
p0670	pecto
p0688	peculio
p0692	peculor
p0724	pedo
p0725	pedo
p0727	peduculo
p0736	peiero
p0738	peioro
p0757	pellicio
p0762	pelliculo
p0769	pello
p0785	pendeo
p0787	pendo
p0796	penetro
p0805	pennesco
p0809	pennor
p0814	pensiculo
p0819	pensito
p0821	penso
p0871	peracesco
p0873	peracuo
p0876	peraedifico
p0879	peraequo
p0880	peraestimo
p0881	peragito
p0882	perago
p0885	peragro
p0889	perambulo
p0891	peramo
p0898	perardeo
p0900	peraresco
p0904	perarmo
p0905	peraro
p0913	peraudio
p0914	perbacchor
p0915	perbasio
p0921	perbibo
p0922	perbito
p0927	percaedo
p0928	percalefacio
p0929	percalefio
p0930	percalesco
p0932	percallesco
p0933	percandefacio
p0934	percandefio
p0939	percelebro
p0941	percello
p0942	percenseo
p0948	percido
p0949	percieo
p0951	percipio
p0955	percito
p0957	perclaresco
p0958	percludo
p0962	percognosco
p0966	percolo
p0967	percolo
p0968	percolopo
p0972	perconor
p0976	perconto
p0978	percooperio
p0980	percoquo
p0983	percrebresco
p0984	percrepo
p0985	percribro
p0986	percrucio
p0988	percudo
p0990	percumbo
p0992	percupio
p0994	percuro
p0995	percurro
p0998	percurso
p1003	percutio
p1008	perdeleo
p1011	perdepso
p1012	perdescribo
p1013	perdesino
p1016	perdico
p1020	perdisco
p1022	perdissipo
p1028	perdiuido
p1032	perdo
p1033	perdoceo
p1035	perdoleo
p1036	perdolo
p1037	perdominor
p1039	perdomo
p1040	perdormisco
p1041	perduco
p1043	perducto
p1050	perduro
p1052	peredo
p1053	perefflo
p1054	pereffluo
p1062	peregrinor
p1065	perelixo
p1078	perennito
p1079	perenno
p1081	pereo
p1082	perequito
p1083	pererro
p1086	perexeo
p1092	perexsicco
p1093	perfabrico
p1106	perfero
p1107	perferuefio
p1108	perferueo
p1111	perficio
p1118	perfigo
p1119	perfingo
p1127	perflo
p1128	perfloreo
p1129	perfluctuo
p1130	perfluo
p1132	perfodio
p1138	performo
p1139	perforo
p1143	perfoueo
p1144	perfremo
p1146	perfrequento
p1147	perfreto
p1149	perfrico
p1152	perfrigefacio
p1153	perfrigero
p1154	perfrigesco
p1156	perfringo
p1157	perfrio
p1161	perfruor
p1163	perfugio
p1165	perfulcio
p1166	perfulguro
p1169	perfundo
p1170	perfungor
p1171	perfuro
p1174	pergnosco
p1176	pergaudeo
p1177	perglisco
p1179	pernosco
p1180	pergo
p1182	pergraecor
p1183	pergrandesco
p1190	perhaurio
p1191	perhibeo
p1192	perhiemo
p1196	perhorreo
p1196_sc	perhorresco
p1200	periacio
p1210	periclitor
p1213	periculor
p1228	perimo
p1230	perimpleo
p1237	perindigeo
p1253	perinungo
p1293	perlabor
p1295	perlateo
p1300	perlauo
p1303	perlego
p1306	perlibet
p1308	perlibro
p1310	perlimo
p1311	perlinio
p1312	perlino
p1315	perlito
p1319	perluceo
p1324	perlumino
p1325	perluo
p1327	perlustro
p1330	permacero
p1331	permadefacio
p1332	permadesco
p1337	permanasco
p1338	permaneo
p1339	permano
p1341	permarceo
p1343	permaturesco
p1344	permaturo
p1352	permingo
p1354	permensuro
p1355	permeo
p1356	permereo
p1357	permetior
p1362	permisceo
p1367	permitto
p1374	permolo
p1375	permonstro
p1376	permorior
p1378	permoueo
p1379	permulceo
p1382	permundo
p1384	permunio
p1388	permuto
p1391	pernauigo
p1394	perneco
p1395	pernego
p1396	perneo
p1406	perniteo
p1411	pernocto
p1413	pernotesco
p1417	pernumero
p1420	perobligo
p1422	peroccido
p1423	perodi
p1427	peroleo
p1436	perorno
p1437	peroro
p1438	perosculor
p1439	perpaco
p1446	perpasco
p1447	perpateo
p1450	perpauefacio
p1454	perpedio
p1455	perpello
p1460	perpendo
p1463	perpenso
p1472	perpetior
p1477	perpetro
p1483	perpetuo
p1487	perplaceo
p1493	perplexor
p1496	perpluo
p1500	perpolio
p1502	perpopulor
p1504	perpotior
p1505	perpoto
p1506	perprandeo
p1508	perprimo
p1512	perprurisco
p1513	perpudescit
p1516	perpurgo
p1520	perputo
p1521	perputresco
p1524	perquiesco
p1525	perquiro
p1529	perrepo
p1530	perrepto
p1533	perrodo
p1535	perrogito
p1536	perrogo
p1537	perrumpo
p1539	persaeuio
p1543	persaluto
p1545	persano
p1549	perscindo
p1550	perscisco
p1552	perscribo
p1554	perscriptito
p1559	perscruto
p1562	perseco
p1563	persector
p1567	persedeo
p1571	persentio
p1571_sc	persentisco
p1575	persequor
p1576	persero
p1577	perserpo
p1578	perseruo
p1581	perseuero
p1586	persido
p1587	persigno
p1591	persisto
p1595	persolido
p1596	persoluo
p1605	persono
p1607	persorbeo
p1609	perspecto
p1612	perspeculor
p1613	perspergo
p1618	perspicio
p1621	perspiro
p1623	persterno
p1624	perstimulo
p1625	perstillo
p1626	perstipo
p1627	persto
p1628	perstrepo
p1630	perstrido
p1631	perstringo
p1632	perstruo
p1634	persuadeo
p1642	persubhorresco
p1644	persulco
p1646	persulto
p1648	pertabesco
p1649	pertaedeo
p1650	pertango
p1651	pertego
p1653	pertempto
p1654	pertendo
p1657	perterebro
p1658	pertergeo
p1660	pertero
p1661	perterrefacio
p1662	perterreo
p1664	perterrito
p1665	pertexo
p1671	pertimeo
p1671_sc	pertimesco
p1674	pertineo
p1675	pertingo
p1676	pertolero
p1677	pertono
p1678	pertorqueo
p1680	pertracto
p1681	pertraho
p1683	pertranseo
p1685	pertremisco
p1687	pertribuo
p1691	pertundo
p1695	perturbo
p1697	peruado
p1700	peruago
p1703	perualeo
p1705	peruaporo
p1709	peruasto
p1712	perueho
p1713	peruello
p1714	peruenio
p1715	peruenor
p1719	peruereor
p1720	peruerro
p1724	peruerso
p1726	peruerto
p1730	peruestigo
p1737	peruideo
p1738	peruigeo
p1743	peruigilo
p1745	peruinco
p1746	peruireo
p1748	peruiso
p1750	peruiuo
p1753	perunguo
p1754	peruolito
p1755	peruolo
p1756	peruolo
p1757	peruoluo
p1758	peruoluto
p1760	perurgeo
p1761	peruro
p1764	peruulgo
p1770	pessimo
p1799	petesso
p1808	petiturio
p1809	peto
p1814	petrasco
p1851	phalero
p1915	philosophor
p1928	phlebotomo
p1967	phrenitizo
p1977	plecto
p1979	phthisisco
p1979_sc	phthisisco
p2013	piaculo
p2025	pico
p2038	piget
p2043	perdolesco
p2046	pignero
p2049	pigreo
p2049_sc	pigresco
p2052	pigritor
p2053	pigro
p2068	pilo
p2070	pilpito
p2081	pincerno
p2084	pingo
p2087	pinguefacio
p2088	pinguefio
p2089	pilo
p2092	pinguifico
p2094	pinguesco
p2111	pinsito
p2113	pinso
p2115	pio
p2126	pipilo
p2128	pipio
p2130	pipito
p2132	pipo
p2137	pertaedesco
p2157	piscor
p2159	placesco
p2168	praescisco
p2172	pisto
p2218	placeo
p2221	placido
p2226	placito
p2227	placo
p2238	plagio
p2241	plago
p2251	planesco
p2255	plango
p2263	plano
p2272	planto
p2278	plasmo
p2279	plasso
p2300	plaudo
p2303	plausito
p2306	pudesco
p2320	plecto
p2333	pleo
p2348	plico
p2352	plipio
p2361	ploro
p2363	plostror
p2374	plumbo
p2377	plumesco
p2381	plumo
p2384	pluo
p2429	podismo
p2441	poeto
p2455	polio
p2463	polleo
p2466	polliceo
p2469	pollicitor
p2473	pollingo
p2474	pollino
p2476	polluceo
p2479	polluo
p2539	pompo
p2555	pondero
p2562	pono
p2584	popinor
p2600	populito
p2602	populo
p2615	porceo
p2635	porricio
p2638	porrigo
p2642	porrixo
p2653	portendo
p2671	porto
p2681	posco
p2695	possideo
p2696	possido
p2697	possum
p2705	posteo
p2710	postero
p2714	postfero
p2717	posthabeo
p2719	posthiemat
p2731	postpono
p2733	postputo
p2741	postscribo
p2744	postuenio
p2751	postulo
p2753	postumo
p2765	potento
p2774	potio
p2775	potiono
p2776	potior
p2778	potisso
p2779	potito
p2782	poto
p2790	praeacuo
p2792	praeambulo
p2794	praeapto
p2795	praeaudio
p2796	praebeo
p2798	praebibo
p2805	praecano
p2810	praecanto
p2815	praecaueo
p2817	praecedo
p2819	praecelero
p2820	praecello
p2825	praecenturio
p2829	praecepto
p2832	praecerpo
p2838	praecido
p2841	praecingo
p2842	praecino
p2843	praecipio
p2847	praecipito
p2850	praecircumscribo
p2857	praeclamo
p2860	praecludo
p2861	praecluo
p2866	praecoepi
p2868	praecogito
p2871	praecognosco
p2872	praecolo
p2873	praecommodo
p2874	praecommoueo
p2877	praecondio
p2880	praecono
p2881	praeconsumo
p2883	praecontrecto
p2884	praecoquo
p2886	praecorrumpo
p2889	praecrepo
p2890	praeculco
p2892	praecuro
p2893	praecurro
p2898	praecustodio
p2899	praecutio
p2903	praedamno
p2910	praedelasso
p2912	praedemo
p2916	praedestino
p2928	praedico
p2929	praedico
p2936	praedisco
p2940	praediuido
p2942	praediuino
p2947	praedoceo
p2948	praedomo
p2951	praedo
p2952	praedormio
p2954	praeduco
p2957	praeduro
p2959	praeeligo
p2960	praemineo
p2961	praeemo
p2962	praeeo
p2967	praefascino
p2977	praefero
p2983	praefestino
p2985	praeficio
p2987	praefigo
p2989	praefiguro
p2990	praefinio
p2994	praefloreo
p2995	praefloro
p2996	praefluo
p3000	praefoco
p3001	praefodio
p3002	praefomento
p3003	praefor
p3005	praeformido
p3006	praeformo
p3008	praefoueo
p3009	praefrico
p3011	praefringo
p3012	praefugio
p3013	praefulcio
p3014	praefulgo
p3016	praefulguro
p3017	praefundo
p3019	praefuro
p3020	praegaudeo
p3022	praegelo
p3023	praegermino
p3024	praegero
p3025	praegestio
p3029	praegno
p3031	praegrado
p3036	praegrauo
p3037	praegredior
p3039	praeguberno
p3041	praegusto
p3042	praegypso
p3043	praehibeo
p3044	praehonoro
p3045	praeiaceo
p3046	praeiacio
p3048	praeiacto
p3049	praeinfundo
p3052	praeiudico
p3053	praeiuuo
p3055	praelabor
p3056	praelambo
p3062	praelauo
p3068	praelego
p3069	praelego
p3070	praeleuo
p3073	praelibo
p3077	praeligo
p3078	praelino
p3080	praeloco
p3082	praelongo
p3084	praeloquor
p3086	praeluceo
p3088	praeludo
p3089	praelumbo
p3094	praemacero
p3095	praemaledico
p3096	praemando
p3097	praemando
p3102	praemeditor
p3105	praemercor
p3106	praemergo
p3108	praemeto
p3109	praemetor
p3110	praemetuo
p3113	praemico
p3114	praemigro
p3116	praeministro
p3117	praeminor
p3118	praemio
p3124	praemitto
p3126	praemoderor
p3127	praemodulor
p3130	praemolior
p3131	praemollio
p3133	praemoneo
p3140	praemonstro
p3141	praemordeo
p3143	praemorior
p3144	praemoueo
p3145	praemulceo
p3147	praemoenio
p3149	praenarro
p3150	praenascor
p3151	praenato
p3153	praenauigo
p3156	praeniteo
p3160	praenomino
p3161	praenosco
p3164	praenoto
p3166	praenubo
p3172	praenuntio
p3174	praeobturo
p3175	praeoccido
p3176	praeoccido
p3178	praeoccupo
p3180	praeolo
p3182	praeopto
p3183	praeordino
p3184	praeostendo
p3185	praepalpo
p3186	praepando
p3191	praeparo
p3193	praepatior
p3195	praepedio
p3196	praependeo
p3198	praepeto
p3202	praepolleo
p3204	praepondero
p3205	praepono
p3206	praeporto
p3211	praepostero
p3215	praepoto
p3219	praepurgo
p3222	praeputio
p3225	praequeror
p3226	praeradio
p3231	praerigesco
p3234	praeripio
p3236	praerodo
p3241	praerogo
p3242	praerumpo
p3247	praesaepio
p3249	praesagio
p3252	praesago
p3255	praesanesco
p3256	praesano
p3258	praescateo
p3259	praescio
p3262	praescribo
p3266	praescripto
p3267	praeseco
p3270	praesemino
p3276	praesentio
p3277	praesento
p3280	praesero
p3282	praeseruio
p3283	praeseruo
p3287	praesicco
p3292	praesideo
p3293	praesidero
p3296	praesidior
p3300	praesignifico
p3302	praesigno
p3303	praesipio
p3304	praesolido
p3306	praesono
p3307	praespargo
p3308	praespeculor
p3309	praespero
p3310	praespicio
p3314	praesterno
p3320	praestigio
p3323	praestino
p3325	praestituo
p3327	praesto
p3329	praestolo
p3330	praestrangulo
p3332	praestringo
p3335	praestruo
p3336	praestupesco
p3338	praesudo
p3343	praesulto
p3345	praesum
p3347	praesumo
p3354	praesuo
p3355	praesurgo
p3356	praesuspecto
p3357	praetango
p3358	praetardo
p3360	praetego
p3361	praetempto
p3362	praetendo
p3365	praetepesco
p3367	praeterago
p3368	praeterbito
p3369	praetercurro
p3370	praeterduco
p3372	praetereo
p3373	praeterequito
p3375	praeterfero
p3376	praetergredior
p3377	praeterfugio
p3378	praeterinquiro
p3380	praeterlabor
p3381	praeterlambo
p3382	praeterluo
p3383	praetermeo
p3385	praetermitto
p3386	praetermonstro
p3387	praeternauigo
p3388	praetero
p3390	praetersum
p3392	praeterueho
p3393	praeteruerto
p3394	praeteruolo
p3395	praetestor
p3396	praetexo
p3398	praetimeo
p3400	praetingo
p3401	praetitulo
p3402	praetondeo
p3408	praetorqueo
p3410	praetracto
p3411	praetraho
p3412	praetremo
p3413	praetrepido
p3415	praetrunco
p3418	praeuado
p3419	praeualeo
p3419_sc	praeualesco
p3421	praeuallo
p3427	praeueho
p3428	praeuello
p3429	praeuelo
p3431	praeuenio
p3435	praeuarico
p3436	praeuerto
p3438	praeuexo
p3441	praeuideo
p3443	praeuigilo
p3444	praeuincio
p3445	praeuio
p3449	praeuitio
p3452	praeumbro
p3453	praeuolo
p3454	praeungo
p3456	praeuro
p3461	prandeo
p3465	pransito
p3496	preco
p3497	praendo
p3499	prehenso
p3502	premo
p3506	prensito
p3513	presso
p3569	principo
p3575	prisco
p3590	priuo
p3618	probibo
p3620	probito
p3623	probo
p3634	procalo
p3639	procedo
p3641	procello
p3652	procido
p3654	procieo
p3656	procingo
p3657	procito
p3659	proclamo
p3662	proclino
p3665	procludo
p3666	proco
p3673	procrastino
p3678	procreo
p3679	procresco
p3681	procubo
p3683	procudo
p3687	proculco
p3691	proculo
p3692	procumbo
p3699	procuro
p3700	procurro
p3704	procurso
p3705	procuruo
p3708	prodeambulo
p3709	prodeo
p3712	prodico
p3721	prodigo
p3729	prodo
p3731	prodoceo
p3732	prodormio
p3734	produco
p3738	producto
p3747	proelio
p3752	profano
p3756	profero
p3763	proficio
p3764	proficisco
p3767	profiteor
p3771	profligo
p3772	profligo
p3773	proflo
p3774	profluo
p3777	profor
p3779	profringo
p3780	profugio
p3783	profundo
p3787	progemmo
p3790	progenero
p3794	progermino
p3795	progero
p3796	progesto
p3797	progigno
p3800	prognascor
p3804	progredior
p3810	prohibeo
p3815	proiacto
p3816	proicio
p3819	proiecto
p3822	prolabor
p3827	prolato
p3828	prolecto
p3834	proleuo
p3835	prolibo
p3836	proliqueo
p3837	prolicio
p3840	proliquo
p3843	prolixo
p3850	prolongo
p3852	proloquor
p3856	proludo
p3857	prolugeo
p3858	proluo
p3867	promano
p3870	promeneruo
p3873	promereo
p3874	promergo
p3877	promico
p3878	promineo
p3879	promino
p3882	promisceo
p3888	promitto
p3890	promo
p3891	promoneo
p3895	promoueo
p3898	prompto
p3901	promulceo
p3905	promulgo
p3913	pronasco
p3914	pronato
p3915	pronecto
p3918	prono
p3924	pronomino
p3926	pronubo
p3931	pronuntio
p3937	prooemior
p3943	propagino
p3945	propago
p3949	propalo
p3951	propando
p3953	propatior
p3959	propello
p3962	propendeo
p3969	propero
p3973	propetro
p3983	prophetizo
p3984	propheto
p3985	propilo
p3989	propino
p3991	propinquo
p3993	propio
p4000	propitio
p4006	propolluo
p4008	propono
p4015	proporto
p4023	proprio
p4039	propugno
p4042	propulso
p4043	propungo
p4044	propurgo
p4050	proquirito
p4052	prorepo
p4056	proripio
p4057	prorito
p4061	prorogo
p4066	prorumpo
p4067	proruo
p4078	proscindo
p4080	proscribo
p4083	proscripturio
p4084	proseco
p4085	prosecro
p4095	prosemino
p4096	prosentio
p4098	prosequor
p4099	prosero
p4100	prosero
p4103	proserpo
p4106	prosideo
p4107	prosilio
p4108	prosisto
p4121	prospecto
p4123	prospeculor
p4126	prospero
p4129	prospicio
p4132	prospiro
p4135	prosterno
p4139	prostituo
p4142	prosto
p4146	prostro
p4149	prosubigo
p4150	prosum
p4152	prosuppo
p4160	protego
p4162	protelo
p4164	protendo
p4166	protento
p4167	protermino
p4168	protero
p4169	proterreo
p4171	proteruio
p4175	protesto
p4183	protollo
p4186	protono
p4190	protosedeo
p4196	protraho
p4200	protrudo
p4201	protubero
p4203	proturbo
p4208	proueho
p4209	prouendo
p4210	prouenio
p4214	prouideo
p4221	prouiso
p4223	prouiuo
p4232	prouoco
p4233	prouolo
p4234	prouoluo
p4235	prouomo
p4238	prouolgo
p4244	proximo
p4259	prurio
p4267	psallo
p4270	psalmizo
p4325	psilothro
p4330	palo
p4365	pubero
p4369	pubesco
p4376	publico
p4379	pudefacio
p4380	pudeo
p4391	puellasco
p4393	puellitor
p4397	puerasco
p4405	puero
p4406	pudefio
p4418	pugillo
p4432	pugno
p4437	pulcresco
p4458	pullo
p4461	pullulo
p4461_sc	pullulasco
p4477	pulpito
p4479	pulpo
p4486	pulso
p4494	pulto
p4500	puluero
p4502	puluesco
p4514	pumico
p4528	pungo
p4531	punio
p4534	pilo
p4543	purefacio
p4552	purgito
p4553	purgo
p4556	purifico
p4563	puro
p4566	purpurasco
p4572	purpuro
p4590	pustulesco
p4591	pustulo
p4604	putefacio
p4605	puteo
p4613	puto
p4618	putrefacio
p4619	putrefio
p4621	putreo
p4621_sc	putresco
p4666	pythagorisso
p4673	pytisso
p4688	profano
p4694	puro
p4697	paro
p4698	praetento
p5000	peredo
p6376	praeterfluo
p6421	praeuaporo
p6434	praeuerno
p6435	praeuerro
p6691	proculio
p7113	pinso
p7128	pipiio
p8357	permilito
p8413	pernoto
p9933	persero
p9941	perferuefacio
p9942	perterrefio
p9947	patesco
p9948	putesco
q0067	quadripartio
q0078	quadro
q0087	quadruplico
q0090	quadruplo
q0095	quaerito
q0096	quaero
q0099	quaeso
q0155	quasso
q0156	quatefacio
q0164	quatio
q0178	queo
q0183	querelo
q0189	queritor
q0191	queror
q0206	quiesco
q0209	quieto
q0219	quincuplico
q0281	quinquiplico
q0282	quinquo
q0293	quirito
q0294	quirito
q9103	quaestiono
r0085	radio
r0230	resto
r0247	resido
r0279	raucesco
r0284	refugisco
r0352	rescisco
r0374	retorresco
r0388	reuiuo
r0446	retento
r0960	rigoro
r0961	rabo
r0962	racco
r0963	racemo
r0964	radicesco
r0965	radico
r0966	rado
r0967	ranceo
r0967_sc	rancesco
r0969	rancido
r0970	rapio
r0971	rapso
r0972	raptito
r0973	rapto
r0974	rarefacio
r0975	rarefio
r0976	raresco
r0977	rasito
r0978	ratiocinor
r0979	raucio
r0980	reaccendo
r0981	reaedifico
r0982	reago
r0983	rebaptizo
r0984	rebello
r0985	rebito
r0986	reboo
r0987	rebullio
r0988	recalcitro
r0989	recalco
r0990	recalfacio
r0991	recaleo
r0991_sc	recalesco
r0992	recanto
r0993	recano
r0994	recino
r0995	recapitulo
r0996	recaueo
r0997	recedo
r0999	recello
r1000	recentor
r1001	recenseo
r1002	recepto
r1003	recharmido
r1004	recido
r1005	recido
r1006	recipero
r1007	recieo
r1008	recingo
r1009	recipio
r1010	reciproco
r1011	recito
r1012	reclamito
r1013	reclamo
r1014	reclango
r1015	reclino
r1016	recludo
r1017	recluso
r1018	recogito
r1019	recognosco
r1020	recogo
r1021	recolligo
r1022	recolligo
r1023	recolloco
r1024	recolo
r1025	recolo
r1026	recommentor
r1027	recomminiscor
r1028	recommoneo
r1029	recompenso
r1030	recompingo
r1031	recompono
r1032	reconcilio
r1033	reconcinno
r1034	reconcludo
r1035	recondo
r1036	reconduco
r1037	reconflo
r1038	recongero
r1040	reconsigno
r1041	reconualesco
r1042	reconuinco
r1043	recoquo
r1044	rauco
r1045	rauio
r1046	recandesco
r1047	recordo
r1048	recorporo
r1049	recorrigo
r1050	recrastino
r1051	recremo
r1052	recreo
r1053	recrepo
r1054	recresco
r1055	recrucifigo
r1056	recrudesco
r1057	recubo
r1058	recumbo
r1059	recuro
r1060	recurro
r1061	recurso
r1062	recuruo
r1063	recuso
r1064	recutio
r1067	redadopto
r1068	redambulo
r1069	redamno
r1070	redamo
r1071	redamptruo
r1072	redanimo
r1073	redardesco
r1074	redarguo
r1075	reddo
r1076	redemptito
r1077	redarmo
r1078	redauspico
r1079	redempto
r1080	redeo
r1081	redhalo
r1082	redhibeo
r1083	redhostio
r1084	redico
r1085	redigo
r1086	redimio
r1087	redimo
r1088	redintegro
r1089	redinuenio
r1090	redipiscor
r1091	redisco
r1092	redoleo
r1093	redono
r1094	redoperio
r1095	redopto
r1096	redordior
r1097	redormio
r1098	reduco
r1099	reducto
r1100	redulcero
r1101	redundo
r1102	reduresco
r1103	reduplico
r1104	reexinanio
r1105	reexpecto
r1106	refabrico
r1107	refello
r1109	refercio
r1110	referio
r1111	refero
r1112	refert
r1113	referueo
r1113_sc	referuesco
r1115	refestino
r1116	refibulo
r1117	reficio
r1118	refigo
r1119	refiguro
r1120	refingo
r1121	refirmo
r1122	reflagito
r1123	reflammo
r1124	reflecto
r1125	reflo
r1126	refloreo
r1126_sc	refloresco
r1127	refluctuo
r1128	refluo
r1129	refocilo
r1130	refodio
r1131	reformido
r1132	reformo
r1133	refoueo
r1134	refrago
r1135	refreno
r1136	refrico
r1137	refrigero
r1138	refrigesco
r1139	refringo
r1140	refrondesco
r1141	refugio
r1143	refugo
r1144	refulgeo
r1145	refundo
r1146	refuto
r1147	regelo
r1148	regemo
r1149	regenero
r1150	regermino
r1151	regero
r1152	regigno
r1153	reglisco
r1154	reglutino
r1155	regno
r1156	rego
r1157	regrado
r1158	regredior
r1159	regulo
r1160	regusto
r1161	regyro
r1162	reicio
r1163	reiecto
r1164	reinuito
r1165	reitero
r1166	relabor
r1167	relaedo
r1168	relanguesco
r1169	relauo
r1170	relaxo
r1171	relego
r1172	relego
r1173	relentesco
r1175	releuo
r1176	relido
r1177	reliceor
r1178	religo
r1179	religo
r1180	relino
r1181	relinquo
r1183	reliquo
r1184	reloco
r1185	reluceo
r1185_sc	relucesco
r1186	relucto
r1187	reludo
r1188	relumino
r1189	reluo
r1192	remacresco
r1193	remaledico
r1194	remancipo
r1195	remando
r1196	remando
r1197	remaneo
r1198	remano
r1199	remastico
r1200	remedio
r1201	rememoror
r1202	remensuro
r1203	remeo
r1204	remergo
r1205	remetior
r1206	remigo
r1207	remigro
r1208	reminisco
r1210	remitto
r1211	remolior
r1212	remollio
r1213	remoneo
r1214	remorbesco
r1215	remordeo
r1216	remoror
r1217	remoueo
r1218	remugio
r1219	remulceo
r1230	remulco
r1231	remundo
r1232	remunero
r1233	remurmuro
r1235	renarro
r1236	renascor
r1237	renato
r1238	renauigo
r1239	renecto
r1240	reneo
r1241	renideo
r1241_sc	renidesco
r1242	reniteo
r1243	renitor
r1244	reno
r1245	renodo
r1246	renormo
r1247	renosco
r1248	renouello
r1249	renouo
r1250	renubo
r1251	renudo
r1252	renumero
r1253	renuntio
r1254	renuo
r1255	renuto
r1256	renutrio
r1257	reo
r1258	reorno
r1259	repando
r1260	repango
r1261	reperco
r1262	reparo
r1263	repasco
r1264	repastino
r1265	repatesco
r1266	repatrio
r1267	repauso
r1268	repecto
r1269	repedo
r1270	repello
r1271	rependo
r1272	repenso
r1273	repercutio
r1274	reperio
r1275	repeto
r1276	repignero
r1277	repigro
r1278	repingo
r1279	replanto
r1280	replaudo
r1281	repleo
r1282	replico
r1283	reploro
r1284	replumbo
r1285	repluo
r1286	repo
r1287	repolio
r1288	repondero
r1289	repono
r1290	reporrigo
r1291	reporto
r1292	reposco
r1293	repraesento
r1294	repraesto
r1295	reprehendo
r1296	reprehenso
r1297	reprimo
r1298	reprobo
r1299	repromitto
r1300	repropitio
r1301	repto
r1302	repubesco
r1303	repudio
r1304	repuerasco
r1305	repugno
r1306	repullesco
r1307	repullulo
r1308	repulso
r1309	repungo
r1310	repurgo
r1311	reputesco
r1312	reputo
r1313	requiesco
r1314	requirito
r1315	requiro
r1316	resaeuio
r1317	resaluto
r1318	resaluo
r1319	resanesco
r1320	resano
r1321	resarcio
r1323	rescindo
r1324	rescio
r1325	rescribo
r1326	resculpo
r1327	reseco
r1328	resecro
r1329	resedo
r1330	resemino
r1331	resequor
r1332	resero
r1333	resero
r1334	reseruo
r1335	resibilo
r1336	resicco
r1337	resideo
r1338	resigno
r1339	resilio
r1340	resipio
r1341	resipisco
r1342	resisto
r1343	resoluo
r1344	resono
r1345	resopio
r1346	resorbeo
r1347	resordeo
r1348	respergo
r1349	respecto
r1350	respicio
r1351	respiro
r1352	resplendeo
r1352_sc	resplendesco
r1353	respondeo
r1354	responsito
r1355	responso
r1356	respuo
r1357	restagno
r1358	restauro
r1359	resterto
r1360	restibilio
r1361	restillo
r1362	restinguo
r1363	restipulor
r1364	restito
r1365	restituo
r1366	restringo
r1367	restruo
r1368	resudo
r1369	resulco
r1370	resulto
r1371	resumo
r1372	resuo
r1373	resupino
r1374	resurgo
r1375	resuscito
r1376	retalio
r1377	retango
r1378	retardo
r1379	retaxo
r1380	retego
r1381	reteiaclor
r1382	retempero
r1383	retempto
r1384	retendo
r1385	retergeo
r1386	retero
r1387	retexo
r1388	reticeo
r1389	retineo
r1390	retinnio
r1391	reto
r1392	retollo
r1393	retondeo
r1394	retono
r1395	retorpesco
r1396	retorqueo
r1397	retorreo
r1398	retracto
r1399	retrado
r1400	retraho
r1401	retranseo
r1402	retransmitto
r1403	retribuo
r1405	retrituro
r1415	retrudo
r1416	retundo
r1417	returo
r1418	reualesco
r1419	reuecto
r1420	reueho
r1421	reuello
r1422	reuelo
r1426	reuendo
r1427	reueneo
r1428	reuenio
r1429	reuerbero
r1430	reuereor
r1431	reuergo
r1432	reuerro
r1433	reuerso
r1434	reuerto
r1435	reuestio
r1436	reuibro
r1437	reuideo
r1438	reuigesco
r1439	reuilesco
r1440	reuincio
r1441	reuinco
r1442	reuireo
r1442_sc	reuiresco
r1443	reuisito
r1444	reuiso
r1445	reuiuesco
r1446	reunguo
r1447	reuoco
r1448	reuolo
r1449	reuoluo
r1450	reuomo
r1451	rhetorico
r1452	rhetorisso
r1453	rheumatizo
r1454	ricto
r1455	rideo
r1456	rigefacio
r1457	rigeo
r1457_sc	rigesco
r1458	rigido
r1459	rigo
r1461	rimo
r1462	ringor
r1463	risito
r1464	rito
r1465	riuo
r1466	rixo
r1467	robigino
r1468	roborasco
r1469	roboro
r1470	rodo
r1471	rogito
r1472	rogo
r1473	ronco
r1474	roro
r1475	rostro
r1476	roto
r1477	rotundo
r1478	rubefacio
r1479	rubeo
r1479_sc	rubesco
r1480	rubico
r1481	rubrico
r1482	ructo
r1484	rudo
r1485	rufesco
r1486	rufo
r1487	rugo
r1488	rugio
r1489	rumifero
r1490	rumifico
r1491	rumigero
r1492	rumigo
r1493	rumino
r1494	rumito
r1495	rumo
r1496	rumpo
r1497	runcino
r1498	runco
r1499	ruo
r1500	ruro
r1501	ruspo
r1502	russesco
r1503	rusticor
r1504	rutilesco
r1505	rutilo
r1506	retento
r7053	reticesco
r8002	retroago
r8003	retrocedo
r8004	retrodo
r8005	retroduco
r8006	retroflecto
r8007	retrogradior
r8008	retroeo
r8009	retrolego
r8010	retrouerto
r8061	recursito
r8138	refrigo
r8212	remollesco
r9144	receno
r9367	rememini
r9375	remisceo
r9611	retrogrador
r9990	recalfio
s0009	sabbatizo
s0018	saburro
s0023	saccello
s0031	sacco
s0064	sacrifico
s0071	sacro
s0083	saepio
s0095	saeuio
s0117	sagino
s0118	sagio
s0124	sagitto
s0169	salio
s0173	salito
s0179	saliuo
s0182	salio
s0183	sallo
s0200	salso
s0212	saltito
s0213	salto
s0225	salueo
s0229	saluifico
s0232	saluo
s0245	saluto
s0257	samio
s0267	sancio
s0268	sanctesco
s0273	sanctifico
s0303	sanesco
s0312	sanguino
s0327	sannor
s0328	sano
s0339	sapio
s0345	saporo
s0352	saprophago
s0368	sarcio
s0376	sarcophago
s0381	sarculo
s0387	sardo
s0391	sario
s0403	sarpo
s0409	scisco
s0412	satagito
s0424	satio
s0432	satisdo
s0433	satisfacio
s0434	satisfit
s0438	sato
s0444	satullo
s0454	saturo
s0464	saucio
s0469	sauio
s0486	splendesco
s0501	scabio
s0505	scabo
s0508	scabreo
s0529	scalpello
s0531	scalpo
s0537	scalpurrio
s0550	scandalizio
s0553	scando
s0573	scarifio
s0575	scaripho
s0578	scarizo
s0582	scato
s0586	scaturrio
s0594	scelero
s0647	scindo
s0651	scintillo
s0654	scio
s0665	scirpo
s0672	sciscito
s0680	scitor
s0687	sclingo
s0707	scopo
s0708	scopo
s0741	scortor
s0746	scotomo
s0753	screo
s0758	scribo
s0765	scriptito
s0766	scripto
s0773	scripturio
s0801	scruto
s0805	sculpo
s0816	scurror
s0831	scutulo
s0849	sebo
s0856	secedo
s0858	secerno
s0862	secludo
s0864	seco
s0875	secto
s0880	secubito
s0881	secubo
s0887	secundo
s0912	sedeo
s0920	seditionor
s0922	sedo
s0923	seduco
s0942	segnesco
s0948	segredior
s0952	segrego
s0958	seiugo
s0961	seiungo
s0972	seligo
s0998	semento
s1024	semicingo
s1060	semigro
s1095	semino
s1151	semisso
s1163	semito
s1176	semiustulo
s1186	semoueo
s1207	seneo
s1207_sc	senesco
s1223	sensifico
s1241	sentino
s1243	sentio
s1259	separo
s1261	sepelio
s1268	sepono
s1332	sepulto
s1345	sequestro
s1348	sequo
s1357	sereno
s1359	seresco
s1374	seriuo
s1379	sermocino
s1381	sermono
s1384	sero
s1385	sero
s1386	sero
s1395	serpo
s1409	serro
s1419	seruio
s1428	seruo
s1430	sto
s1492	sessito
s1501	sentisco
s1504	seuehor
s1511	seuoco
s1551	sibilo
s1565	siccesco
s1569	sicco
s1574	sicilicissito
s1575	sicelisso
s1579	sicilio
s1598	sidero
s1604	sigillo
s1623	significo
s1624	signio
s1627	signo
s1638	sileo
s1638_sc	silesco
s1657	siliquor
s1663	siluesco
s1695	simo
s1703	simplico
s1705	simplo
s1722	simulo
s1729	sinapizo
s1731	sincero
s1741	singillo
s1748	singultio
s1749	singulto
s1756	sino
s1762	sinuo
s1791	sisto
s1804	sitio
s1835	sobrio
s1838	soccito
s1852	socio
s1890	soleo
s1897	solidesco
s1900	solido
s1914	solito
s1922	sollemnizo
s1927	sollicito
s1932	solo
s1937	solor
s1946	soluo
s1961	somnio
s1973	sonito
s1975	sono
s1991	sopio
s1996	soporo
s1999	sorbo
s2001	sorbillo
s2008	sordeo
s2008_sc	sordesco
s2011	sordido
s2027	sororio
s2036	sortio
s2046	sospito
s2061	spando
s2064	spargo
s2087	spatio
s2104	specio
s2118	specto
s2132	speculor
s2146	sperno
s2147	spero
s2156	stupesco
s2181	spico
s2183	spiculo
s2187	spinesco
s2215	spiro
s2219	spissesco
s2223	spisso
s2229	splendeo
s2230	splendico
s2231	splendido
s2233	splendifico
s2252	spolio
s2254	spolor
s2260	spondeo
s2270	spongizo
s2276	sponso
s2286	sportulor
s2292	spumesco
s2298	spumo
s2300	spuo
s2306	spurco
s2313	sputo
s2314	squaleo
s2314_sc	squalesco
s2339	stabilio
s2342	stabilito
s2346	stabulo
s2362	stagno
s2403	statumino
s2405	statuo
s2424	stello
s2439	stercoro
s2447	sterilesco
s2452	sterno
s2454	sternuo
s2457	sternuto
s2460	sterto
s2468	stigmo
s2478	stillo
s2479	stilo
s2479_sc	stilasco
s2486	stimulo
s2488	stinguo
s2497	stipendior
s2502	stipo
s2508	stipulo
s2512	stirpesco
s2536	stomachor
s2556	stramentor
s2564	strangulo
s2583	strenuo
s2585	strepito
s2586	strepo
s2589	strettillo
s2599	strido
s2607	strigo
s2612	stringo
s2614	strio
s2616	stritto
s2646	struo
s2656	studeo
s2666	stupefacio
s2667	stupefio
s2668	stupeo
s2669	stupido
s2679	stupro
s2695	suadeo
s2707	suauifico
s2721	subaccuso
s2729	subadmoueo
s2737	subalbico
s2746	subaperio
s2751	subaresco
s2754	subaro
s2755	subarro
s2758	subassentior
s2759	subasso
s2761	subaudio
s2763	subaugeo
s2764	subauro
s2765	subausculto
s2767	subbaiulo
s2770	subbibo
s2771	subblandior
s2774	subbullio
s2781	subcauo
s2783	subceno
s2791	subcoquo
s2799	subcultro
s2801	subcuneo
s2805	subdealbo
s2807	subdefendo
s2808	subdeficio
s2815	subdiffido
s2820	subdistinguo
s2824	subdito
s2825	subdiuido
s2828	subdo
s2829	subdoceo
s2834	subdomo
s2835	subdubito
s2836	subduco
s2843	subedo
s2844	subeo
s2847	suberigo
s2851	suberro
s2852	subexcuso
s2853	subexhibeo
s2854	subexplico
s2860	subhaereo
s2863	subhasto
s2866	subhorresco
s2870	subiaceo
s2872	subicio
s2877	subiecto
s2881	subigito
s2882	subigo
s2885	subincrepito
s2888	subindo
s2889	subinduco
s2890	subinfero
s2891	subinflo
s2892	subiniungo
s2894	subinstillo
s2896	subintellego
s2897	subintro
s2898	subintroduco
s2901	subinuideo
s2903	subinuito
s2904	subirascor
s2909	subito
s2914	subiugo
s2920	subiungo
s2921	sublabor
s2922	sublabro
s2923	sublacrimo
s2925	sublaqueo
s2926	sublateo
s2928	sublauo
s2930	sublecto
s2931	sublego
s2934	subleuo
s2937	sublido
s2941	subligo
s2947	sublimo
s2949	sublino
s2952	subluceo
s2954	subluco
s2955	sublugeo
s2957	subluo
s2963	submano
s2965	submeio
s2968	submergo
s2970	submerso
s2976	subministro
s2979	submitto
s2981	submoneo
s2984	submoueo
s2985	submugio
s2989	subintroeo
s2992	submuto
s2993	subnascor
s2994	subnato
s2995	subnauigo
s2996	subnecto
s2997	subnego
s2998	subneruo
s3005	subnoto
s3008	subo
s3014	suboffendo
s3015	subolo
s3017	subolfacio
s3019	suborior
s3022	suborno
s3023	subostendo
s3025	subpaenitet
s3028	subpalpor
s3030	subparasitor
s3031	subpateo
s3041	subradio
s3042	subrado
s3046	subrectito
s3051	subrelinquo
s3052	subremaneo
s3053	subremigo
s3055	subrepo
s3059	subrideo
s3061	surgo
s3064	subringor
s3065	subripio
s3067	subrodo
s3069	subrogo
s3074	subrubeo
s3078	subrumo
s3081	subruo
s3083	subrutilo
s3087	subsalto
s3092	subsanno
s3094	subscalpo
s3095	subscindo
s3097	subscribo
s3102	subseco
s3109	subsentio
s3110	subsequor
s3113	subsero
s3114	subsero
s3115	subseruio
s3117	subsicco
s3121	subsidior
s3123	subsido
s3127	subsigno
s3128	subsilio
s3132	subsipio
s3133	subsisto
s3138	subsoluo
s3139	subsono
s3140	subsortior
s3142	subspargo
s3148	substerno
s3150	substituo
s3154	substomachor
s3156	substrepo
s3157	substrido
s3158	substringo
s3160	substruo
s3161	subsudo
s3162	subsulto
s3163	subsum
s3164	subsuo
s3169	subtego
s3173	subtendo
s3174	subteneo
s3178	subterago
s3180	subtercurro
s3182	subterduco
s3183	subterfluo
s3184	subterfugio
s3185	subterfundo
s3186	subterhabeo
s3187	subteriaceo
s3188	subteriacio
s3190	subterlabor
s3191	subterlino
s3192	subterluo
s3194	subtermeo
s3195	subtermoueo
s3196	subternato
s3198	subtero
s3199	subterpendeo
s3203	subtersterno
s3205	subteruaco
s3206	subteruolo
s3207	subteruoluo
s3208	subtexo
s3211	subtilio
s3214	subtimeo
s3215	subtinnio
s3216	subtitubo
s3217	subtorqueo
s3219	subtraho
s3226	subtundo
s3228	subtussio
s3233	subuecto
s3235	subueho
s3236	subuello
s3237	subuerto
s3238	subuenio
s3248	subunguo
s3249	subuolo
s3251	subuoluo
s3256	suburgeo
s3257	suburo
s3259	succanto
s3260	succedo
s3261	succendo
s3266	succenturio
s3270	succerno
s3276	succido
s3277	succido
s3283	succingo
s3285	succano
s3289	succlamo
s3290	succlino
s3291	succollo
s3293	succrepo
s3294	succresco
s3297	succubo
s3300	succumbo
s3302	succurro
s3306	succusso
s3308	succutio
s3310	sucido
s3324	sudasco
s3330	sudo
s3338	suesco
s3341	suffarcino
s3345	suffero
s3346	sufferuefacio
s3347	sufferueo
s3351	sufficio
s3352	suffigo
s3354	suffimento
s3356	suffio
s3362	sufflamino
s3363	sufflammo
s3366	sufflo
s3369	suffoco
s3370	suffodio
s3381	suffrago
s3384	suffrico
s3385	suffringo
s3386	suffuco
s3387	suffugio
s3389	suffulcio
s3390	suffulgeo
s3393	suffumigo
s3394	suffumo
s3395	suffundo
s3396	suffundo
s3397	suffuror
s3402	suggero
s3405	suggillo
s3406	sugglutio
s3407	suggredior
s3412	suggrunnio
s3414	sugo
s3425	sulco
s3427	sullaturio
s3436	sum
s3436_sc	sum
s3447	summo
s3452	sumo
s3454	sumptito
s3459	suo
s3465	superabluo
s3466	superabundo
s3467	superaccommodo
s3468	superaceruo
s3469	superaccipio
s3472	superadhibeo
s3473	superadicio
s3474	superadnecto
s3475	superadorno
s3478	superaedifico
s3479	superaggero
s3480	superalligo
s3481	superambulo
s3483	superappareo
s3485	superappono
s3486	superaspergo
s3487	superasto
s3491	superattraho
s3494	superbibo
s3497	superbio
s3501	supercado
s3503	supercalco
s3504	supercedo
s3505	supercerto
s3508	supercino
s3510	supercorrigo
s3512	supercresco
s3513	supercubo
s3514	supercurro
s3515	supercustodio
s3516	superdeligo
s3517	superdestillo
s3518	superdico
s3520	superdo
s3521	superduco
s3523	superedo
s3524	superefficio
s3525	supereffluo
s3526	superegredior
s3527	supereleuo
s3528	superemico
s3529	superemineo
s3530	superemorior
s3531	superenato
s3532	supereo
s3534	supererogo
s3535	supereuolo
s3537	superexalto
s3539	superexcurro
s3540	superexeo
s3542	superexigo
s3543	superexsulto
s3544	superextendo
s3545	superextollo
s3546	superfero
s3547	superfeto
s3551	superficio
s3552	superfigo
s3553	superfio
s3555	superfloresco
s3557	superfluo
s3559	superfoedo
s3561	superforo
s3562	superfrutico
s3563	superfugio
s3564	superfulgeo
s3565	superfundo
s3567	supergaudeo
s3568	supergero
s3569	superglorifico
s3571	supergradio
s3573	superhabeo
s3575	superiaceo
s3576	superiacio
s3577	superiacto
s3579	superinligo
s3580	superillino
s3581	superimmineo
s3582	superimpendo
s3583	superimpono
s3584	superincendo
s3585	superincerno
s3586	superincido
s3587	superincido
s3588	superincresco
s3589	superincubo
s3590	superincumbo
s3594	superinduco
s3598	superinduo
s3599	superinfundo
s3600	superingero
s3601	superingredior
s3602	superinicio
s3603	superinspicio
s3604	superinsterno
s3605	superinstrepo
s3606	superinstruo
s3607	superinsulto
s3609	superintego
s3610	superintellego
s3611	superintendo
s3613	superintero
s3614	superinundo
s3615	superinunguo
s3616	superinueho
s3619	superlabor
s3620	superlacrimo
s3624	superligo
s3626	superlinio
s3627	superlino
s3629	superlucror
s3630	supermando
s3631	supermeo
s3632	supermetior
s3633	supermisceo
s3634	supermitto
s3636	supermolior
s3638	supermunio
s3640	supernasco
s3642	supernato
s3643	supernauigo
s3646	superno
s3647	supernomino
s3650	supero
s3652	superobruo
s3653	superoccido
s3654	superoccupo
s3656	superordino
s3660	superpendeo
s3661	superpingo
s3662	superplaudo
s3664	superpono
s3671	superquatio
s3673	superrado
s3674	superrideo
s3675	superruo
s3676	supersapio
s3677	superscando
s3678	superscribo
s3680	supersedeo
s3682	supersemino
s3683	supersero
s3685	supersido
s3686	supersilio
s3687	supersisto
s3688	supersorbeo
s3689	superspargo
s3690	superspero
s3691	superspicio
s3692	superstagno
s3693	superstatumino
s3694	supersterno
s3696	superstillo
s3699	superstito
s3700	supersto
s3701	superstringo
s3702	superstruo
s3704	supersum
s3704_sc	supersum
s3705	supersumo
s3706	supertego
s3708	supertendo
s3711	supertexo
s3712	supertollo
s3713	supertraho
s3716	superuaco
s3719	superuado
s3721	superuagor
s3722	superualeo
s3722_sc	superualesco
s3723	superuector
s3724	superueho
s3725	superuenio
s3727	superuestio
s3728	superuinco
s3729	superuiuo
s3731	superundo
s3732	superungo
s3733	superuolito
s3734	superuolo
s3735	superuoluo
s3736	superurgeo
s3740	supino
s3742	supo
s3744	supparo
s3748	suppedito
s3749	suppedo
s3751	supperturbor
s3754	suppetior
s3756	supperior
s3757	suppeto
s3758	suppilo
s3760	suppingo
s3761	suppingo
s3764	supplanto
s3766	suppleo
s3773	supplico
s3775	supplodo
s3777	suppo
s3778	suppono
s3780	supporto
s3789	supprimo
s3791	suppudet
s3794	suppuro
s3799	supputo
s3802	suprafundo
s3803	supragrauo
s3808	suprascando
s3810	suprasedeo
s3811	suprauiuo
s3819	surculo
s3823	surdesco
s3827	surdo
s3831	surio
s3836	suscenseo
s3841	suscepto
s3844	suscipio
s3848	suscito
s3853	suspecto
s3857	suspendo
s3862	suspicio
s3866	suspico
s3871	suspiro
s3877	sustento
s3878	sustineo
s3879	sustollo
s3884	susurro
s3906	sycophantor
s3920	syllogizo
s3953	syncopyzo
s3954	syncopo
s4021	submurmuro
s4028	seresco
s4031	stagno
s4038	supparo
s4040	superargumentor
s6133	substo
s6230	subuento
s6234	subuereor
s6237	subuelo
s6346	sufferuefio
s7731	subaemulor
s7998	subneruio
s8575	sicilicisso
s9575	scarifico
s9912	sido
s9994	subolesco
t0003	tabefacio
t0007	tabeo
t0007_sc	tabesco
t0017	tabifico
t0023	tablisso
t0033	tabulo
t0035	taceo
t0043	taedeo
t0045	taedio
t0056	taetro
t0068	talio
t0069	talipedo
t0090	tamino
t0096	tango
t0117	tardeo
t0117_sc	tardesco
t0129	tardo
t0156	taurobolior
t0174	taxo
t0200	tego
t0228	temero
t0231	temno
t0241	tempero
t0263	tempto
t0273	tendo
t0278	tenebresco
t0279	tenebrico
t0284	tenebro
t0289	teneo
t0291	teneresco
t0315	tenuesco
t0319	tepido
t0336	terebro
t0343	tergo
t0348	tergiuersor
t0349	tergoro
t0360	termino
t0371	tero
t0378	terreo
t0388	terrifico
t0395	territo
t0410	tertio
t0418	tessello
t0441	testiculo
t0445	testifico
t0450	testo
t0487	tetraplo
t0503	tetrinnio
t0504	tetrissito
t0513	texo
t0585	thermopoto
t0592	thesaurizo
t0605	tiaso
t0646	thymiamatizo
t0675	tibicino
t0695	timefacio
t0696	timeo
t0696_sc	timesco
t0710	tineo
t0712	tingo
t0716	tinnio
t0717	tinnipo
t0718	tinnito
t0726	tintinno
t0743	titillo
t0747	titio
t0751	titubo
t0752	titulo
t0753	tonesco
t0777	tolero
t0780	tollo
t0785	tolutor
t0795	tondeo
t0796	tono
t0797	tongeo
t0803	tonitruo
t0804	tremesco
t0811	tonsito
t0835	torculo
t0849	torno
t0854	torpefacio
t0855	torpeo
t0855_sc	torpesco
t0858	torporo
t0860	torqueo
t0862	torrefacio
t0863	torreo
t0865	torrido
t0872	tortiono
t0884	tosto
t0919	tracto
t0926	trado
t0927	traduco
t0933	turgesco
t0956	traho
t0957	traicio
t0967	tranquillo
t0970	transabeo
t0973	transadigo
t0978	transbeo
t0979	transbito
t0980	transcendo
t0982	transcido
t0983	transcolo
t0985	transcribo
t0988	transcurro
t0993	transeo
t0994	transero
t0995	transfero
t0997	transfigo
t1001	transfiguro
t1002	transfingo
t1005	transfluo
t1007	transfluuio
t1009	transfodio
t1013	transformo
t1014	transforo
t1017	transfreto
t1019	transfugio
t1021	transfumo
t1023	transfundo
t1024	transfungor
t1026	transgero
t1027	transglutio
t1028	transgredior
t1032	transigo
t1033	transilio
t1037	transito
t1040	transiugo
t1041	transiungo
t1042	translabor
t1047	translego
t1049	transloquor
t1050	transluceo
t1055	transmeo
t1057	transmigro
t1058	transmineo
t1061	transmitto
t1063	transmoueo
t1067	transmuto
t1068	transnato
t1069	transnauigo
t1070	transno
t1072	transnomino
t1073	transnubo
t1074	transnumero
t1078	transpello
t1080	transpicio
t1081	transplanto
t1082	transpono
t1084	transporto
t1087	transpungo
t1093	transtineo
t1095	transuado
t1096	transuarico
t1099	transueho
t1101	transuendo
t1102	transuenio
t1104	transuerbero
t1108	transuerso
t1109	transuerto
t1110	transuio
t1112	transulto
t1113	transumo
t1116	transuo
t1117	transuolito
t1118	transuolo
t1119	transuoluo
t1121	transuoro
t1143	tremefacio
t1144	tremefio
t1148	tremo
t1153	trepido
t1156	trepo
t1176	tribulo
t1184	tribuo
t1223	trico
t1268	trigemino
t1312	trinnio
t1337	tripertio
t1349	triplico
t1351	triplo
t1354	tripodo
t1361	tripudio
t1379	trissito
t1380	trisso
t1390	tristor
t1406	trittilo
t1409	trituro
t1420	triumpho
t1452	trucido
t1453	trucilo
t1459	trudo
t1463	trullisso
t1464	trunco
t1468	truo
t1470	truso
t1473	trutino
t1496	taedescit
t1497	terresco
t1498	torresco
t1688	tuberasco
t1690	tubero
t1694	tubicino
t1696	tubo
t1705	tuburcinor
t1710	tudiculo
t1711	tudito
t1712	tueo
t1720	tulo
t1723	tumefacio
t1724	tumefio
t1725	tumeo
t1725_sc	tumesco
t1732	tumulo
t1738	tumultuo
t1743	tundo
t1747	tunico
t1761	turbido
t1770	turbo
t1775	turbulento
t1783	turgeo
t1792	turifico
t1810	turpo
t1820	turundo
t1829	tussio
t1843	tuto
t1860	tympanizo
t8313	tepefacto
t9036	taciturio
t9309	tenuo
t9312	tepefacio
t9313	tepefio
t9314	tepeo
t9314_sc	tepesco
t9726	tintinnio
t9873	torto
t9978	transbibo
u0010	uacillo
u0013	uaco
u0014	uacuefacio
u0017	uacuo
u0021	uado
u0024	uado
u0029	uador
u0035	uagio
u0037	uagito
u0038	uago
u0047	ualedico
u0048	ualefacio
u0050	ualeo
u0056	ualido
u0062	ualleo
u0064	uallo
u0073	uanesco
u0083	uanno
u0086	uano
u0096	uaporo
u0102	uapulo
u0112	uarico
u0117	uariego
u0119	uario
u0122	uaro
u0144	uastesco
u0148	uastito
u0150	uasto
u0160	uaticino
u0174	udo
u0192	uectito
u0193	uecto
u0198	uegeo
u0203	uegeto
u0210	uehementesco
u0217	ueho
u0233	uelifico
u0238	uelito
u0244	uellico
u0246	uello
u0248	uelo
u0271	uendito
u0274	uendo
u0280	ueneno
u0284	ueneo
u0293	uenero
u0300	uenio
u0302	uenor
u0309	uentilo
u0312	uentito
u0313	uento
u0324	uentrigo
u0334	uenusto
u0360	uerberito
u0361	uerbero
u0365	uerbigero
u0368	uerbosor
u0369	uereor
u0372	uergo
u0383	uermesco
u0385	uermiculo
u0392	uermino
u0406	uerno
u0410	uero
u0412	uertigino
u0417	uerro
u0422	uerrunco
u0433	uersifico
u0438	uerso
u0454	uertiginor
u0459	uerto
u0465	ueruago
u0473	uesanio
u0475	uescitor
u0476	uesco
u0482	uesico
u0489	uesperasco
u0510	uestigo
u0512	uestio
u0526	ueterasco
u0530	ueteresco
u0537	uetero
u0539	ueto
u0545	uetustesco
u0557	uexo
u0602	uicinor
u0612	uictimo
u0613	uictito
u0626	uideo
u0631	uiduo
u0635	uieo
u0636	uigeo
u0636_sc	uigesco
u0644	uigilo
u0652	uigoro
u0653	uilesco
u0655	uilico
u0658	uilifico
u0661	uilito
u0685	uincio
u0688	uinco
u0691	uinculo
u0698	uindemio
u0707	uindico
u0725	ualesco
u0730	uio
u0744	uiolo
u0751	uiresco
u0757	uireo
u0757_sc	uiresco
u0772	uirginor
u0782	uiridesco
u0784	uiridico
u0787	uirido
u0807	uisco
u0823	uisio
u0826	uisito
u0827	uiso
u0831	uissio
u0862	uitilitigo
u0865	uitio
u0872	uito
u0888	uitulor
u0894	uitupero
u0904	uiuido
u0909	uiuifico
u0913	uiuo
u0919	ulcero
u0921	ulcisco
u0942	ultimo
u0961	ululo
u0977	umbresco
u0979	umbro
u0982	umecto
u0984	umefacio
u0985	umeo
u0985_sc	umesco
u0991	umido
u0995	umifico
u0997	umigo
u1006	uiuesco
u1013	uncino
u1017	unco
u1019	unctito
u1068	undo
u1073	unisco
u1079	unguento
u1086	unguito
u1091	unguo
u1111	unio
u1131	uno
u1148	uocifero
u1149	uocifico
u1151	uocito
u1152	uoco
u1165	uolito
u1167	uolo
u1168	uolo
u1188	uoluo
u1202	uoluto
u1211	uomito
u1214	uomo
u1222	uoro
u1227	uoueo
u1252	urgueo
u1257	urino
u1266	uro
u1276	uruo
u1285	usitor
u1297	ustuio
u1299	ustulo
u1302	usucapio
u1305	usufacio
u1310	usurecipio
u1317	usurpo
u1333	uto
u1353	uuesco
u1363	uulgo
u1370	uulnero
u1377	uulpinor
u1380	uulso
u1393	uxorculo
u7247	urco
u9015	uacefio
u9158	ubero
u9161	uberto
u9162	uberto
u9332	uenumdo
u9366	uerecundor
u9490	uesperor
u9545	uetusto
u9573	uibrisso
u9574	uibro
u9635	uiesco
u9720	uinito
z0009	zelo
z0026	zinzilo
z0027	zinzilulo
z0028	zinzio
